2026-06-05 04:30:23,577 INFO: RepoExploreBench: 93 targets across 9 repos
======================================================================
RepoExploreBench v2.0
  Targets: 93 files across 9 repos
  Strategies: ['cov_qvalue_calib']
  Seeds: [42]
  Exec budget: 24 per run
  Map mode: exemplars
  Total runs: 93
======================================================================
  Connectivity: OK

  Fetching source code...
    click.core: 114085 chars
    click.types: 36390 chars
    click.termui: 28323 chars
    click.utils: 20295 chars
    click.shell_completion: 18459 chars
    click.decorators: 18718 chars
    click.parser: 19066 chars
    click.testing: 16083 chars
    click.formatting: 9705 chars
    click.exceptions: 9272 chars
    requests.utils: 33447 chars
    requests.models: 35222 chars
    requests.sessions: 30372 chars
    requests.cookies: 18559 chars
    requests.adapters: 19552 chars
    requests.auth: 10186 chars
    flask.app: 59200 chars
    flask.cli: 33820 chars
    flask.helpers: 22991 chars
    flask.ctx: 14840 chars
    flask.sessions: 14168 chars
    flask.config: 12855 chars
    flask.json.tag: 8870 chars
    flask.testing: 10016 chars
    flask.templating: 7537 chars
    flask.json.provider: 7639 chars
    rich.console: 99096 chars
    rich.progress: 59691 chars
    rich.text: 47302 chars
    rich.table: 39643 chars
    rich.pretty: 35811 chars
    rich.syntax: 35364 chars
    rich.markdown: 26159 chars
    rich.style: 27072 chars
    rich.traceback: 29466 chars
    rich.segment: 24209 chars
    rich.color: 18220 chars
    rich.layout: 13939 chars
    jinja2.compiler: 72198 chars
    jinja2.filters: 53861 chars
    jinja2.environment: 61252 chars
    jinja2.nodes: 34549 chars
    jinja2.runtime: 33405 chars
    jinja2.parser: 39735 chars
    jinja2.ext: 31843 chars
    jinja2.lexer: 29725 chars
    jinja2.utils: 23932 chars
    jinja2.loaders: 23084 chars
    jinja2.sandbox: 14583 chars
    jinja2.bccache: 14060 chars
    httpx._client: 67489 chars
    httpx._models: 42302 chars
    httpx._urls: 21747 chars
    httpx._main: 15634 chars
    httpx._urlparse: 17719 chars
    httpx._api: 12927 chars
    httpx._utils: 13857 chars
    httpx._transports.default: 13289 chars
    httpx._config: 12203 chars
    httpx._auth: 11829 chars
    pydantic.types: 89470 chars
    pydantic.json_schema: 102806 chars
    pydantic.main: 65891 chars
    pydantic.fields: 45929 chars
    pydantic.config: 29138 chars
    pydantic.networks: 21214 chars
    pydantic.functional_validators: 23599 chars
    pydantic.color: 21492 chars
    pydantic.type_adapter: 18033 chars
    pydantic.functional_serializers: 14619 chars
    werkzeug.http: 43362 chars
    werkzeug.serving: 39331 chars
    werkzeug.datastructures.structures: 31760 chars
    werkzeug.routing.map: 36349 chars
    werkzeug.routing.rules: 31894 chars
    werkzeug.exceptions: 26061 chars
    werkzeug.wrappers.response: 32586 chars
    werkzeug.sansio.response: 27646 chars
    werkzeug.utils: 24653 chars
    werkzeug.wrappers.request: 24619 chars
    werkzeug.local: 22002 chars
    werkzeug.wsgi: 20893 chars
    starlette.routing: 35752 chars
    starlette.testclient: 29843 chars
    starlette.datastructures: 23348 chars
    starlette.responses: 12650 chars
    starlette.requests: 11196 chars
    starlette.formparsers: 10433 chars
    starlette.applications: 10922 chars
    starlette.middleware.errors: 7937 chars
    starlette.staticfiles: 8723 chars
    starlette.templating: 8984 chars
    starlette.middleware.base: 8794 chars
  Fetched 93/93 modules

Running 93 targets with 8 workers...
2026-06-05 04:32:01,018 INFO: Plan 3: ḡ=12, γE[v]=4.0, Q=16.0
2026-06-05 04:32:01,020 INFO: Plan 6: ḡ=12, γE[v]=2.5, Q=14.5
2026-06-05 04:32:01,021 INFO: Plan 0: ḡ=12, γE[v]=2.0, Q=14.0
2026-06-05 04:32:01,048 INFO: Plan 5: ḡ=12, γE[v]=7.5, Q=19.5
2026-06-05 04:32:01,049 INFO: Plan 4: ḡ=12, γE[v]=5.0, Q=17.0
2026-06-05 04:32:01,050 INFO: Plan 2: ḡ=12, γE[v]=5.0, Q=17.0
2026-06-05 04:32:01,052 INFO: Plan 1: ḡ=12, γE[v]=7.5, Q=19.5
2026-06-05 04:32:01,053 INFO: Plan 7: ḡ=12, γE[v]=7.5, Q=19.5
2026-06-05 04:32:01,698 INFO: Plan 7: ḡ=12, γE[v]=2.5, Q=14.5
2026-06-05 04:32:01,699 INFO: Plan 5: ḡ=12, γE[v]=2.5, Q=14.5
2026-06-05 04:32:01,700 INFO: Plan 2: ḡ=12, γE[v]=2.5, Q=14.5
2026-06-05 04:32:01,754 INFO: Plan 1: ḡ=12, γE[v]=7.5, Q=19.5
2026-06-05 04:32:01,755 INFO: Plan 6: ḡ=12, γE[v]=7.5, Q=19.5
2026-06-05 04:32:01,756 INFO: Plan 4: ḡ=12, γE[v]=7.5, Q=19.5
2026-06-05 04:32:01,758 INFO: Plan 3: ḡ=12, γE[v]=7.5, Q=19.5
2026-06-05 04:32:01,759 INFO: Plan 0: ḡ=12, γE[v]=7.5, Q=19.5
2026-06-05 04:32:01,807 INFO: Plan 1: ḡ=0, γE[v]=0.0, Q=0.0
2026-06-05 04:32:01,808 INFO: Plan 0: ḡ=2, γE[v]=0.0, Q=2.0
2026-06-05 04:32:01,834 INFO: Plan 5: ḡ=0, γE[v]=0.0, Q=0.0
2026-06-05 04:32:01,835 INFO: Plan 4: ḡ=0, γE[v]=0.0, Q=0.0
2026-06-05 04:32:01,836 INFO: Plan 2: ḡ=1, γE[v]=0.0, Q=1.0
2026-06-05 04:32:01,837 INFO: Plan 3: ḡ=1, γE[v]=0.0, Q=1.0
2026-06-05 04:32:01,838 INFO: Plan 6: ḡ=1, γE[v]=0.0, Q=1.0
2026-06-05 04:32:01,860 INFO: Plan 7: ḡ=2, γE[v]=0.0, Q=2.0
2026-06-05 04:32:03,459 INFO: Plan 0: ḡ=12, γE[v]=7.5, Q=19.5
2026-06-05 04:32:03,460 INFO: Plan 3: ḡ=12, γE[v]=5.0, Q=17.0
2026-06-05 04:32:03,462 INFO: Plan 2: ḡ=12, γE[v]=7.5, Q=19.5
2026-06-05 04:32:03,463 INFO: Plan 1: ḡ=12, γE[v]=7.5, Q=19.5
2026-06-05 04:32:03,483 INFO: Plan 6: ḡ=12, γE[v]=7.5, Q=19.5
2026-06-05 04:32:03,484 INFO: Plan 5: ḡ=12, γE[v]=7.5, Q=19.5
2026-06-05 04:32:03,485 INFO: Plan 4: ḡ=12, γE[v]=7.5, Q=19.5
2026-06-05 04:32:03,486 INFO: Plan 7: ḡ=12, γE[v]=7.5, Q=19.5
2026-06-05 04:32:05,327 INFO: Plan 0: ḡ=4, γE[v]=1.0, Q=5.0
2026-06-05 04:32:05,328 INFO: Plan 3: ḡ=2, γE[v]=0.0, Q=2.0
2026-06-05 04:32:05,329 INFO: Plan 2: ḡ=4, γE[v]=1.0, Q=5.0
2026-06-05 04:32:05,349 INFO: Plan 7: ḡ=4, γE[v]=1.0, Q=5.0
2026-06-05 04:32:05,350 INFO: Plan 6: ḡ=4, γE[v]=0.0, Q=4.0
2026-06-05 04:32:05,351 INFO: Plan 4: ḡ=2, γE[v]=0.0, Q=2.0
2026-06-05 04:32:05,352 INFO: Plan 1: ḡ=12, γE[v]=2.5, Q=14.5
2026-06-05 04:32:05,353 INFO: Plan 5: ḡ=4, γE[v]=1.0, Q=5.0
2026-06-05 04:32:05,803 INFO: Plan 4: ḡ=4, γE[v]=1.0, Q=5.0
2026-06-05 04:32:05,804 INFO: Plan 2: ḡ=4, γE[v]=1.0, Q=5.0
2026-06-05 04:32:05,805 INFO: Plan 0: ḡ=2, γE[v]=0.0, Q=2.0
2026-06-05 04:32:05,822 INFO: Plan 3: ḡ=10, γE[v]=2.5, Q=12.5
2026-06-05 04:32:05,823 INFO: Plan 6: ḡ=2, γE[v]=0.0, Q=2.0
2026-06-05 04:32:05,825 INFO: Plan 7: ḡ=2, γE[v]=0.0, Q=2.0
2026-06-05 04:32:05,826 INFO: Plan 1: ḡ=2, γE[v]=0.0, Q=2.0
2026-06-05 04:32:05,828 INFO: Plan 5: ḡ=2, γE[v]=0.0, Q=2.0
2026-06-05 04:32:07,647 INFO: Plan 0: ḡ=12, γE[v]=2.5, Q=14.5
2026-06-05 04:32:07,648 INFO: Plan 3: ḡ=10, γE[v]=2.5, Q=12.5
2026-06-05 04:32:07,649 INFO: Plan 4: ḡ=12, γE[v]=2.5, Q=14.5
2026-06-05 04:32:07,685 INFO: Plan 6: ḡ=10, γE[v]=2.5, Q=12.5
2026-06-05 04:32:07,686 INFO: Plan 5: ḡ=12, γE[v]=2.5, Q=14.5
2026-06-05 04:32:07,687 INFO: Plan 1: ḡ=12, γE[v]=2.5, Q=14.5
2026-06-05 04:32:07,688 INFO: Plan 7: ḡ=12, γE[v]=2.5, Q=14.5
2026-06-05 04:32:07,689 INFO: Plan 2: ḡ=12, γE[v]=0.0, Q=12.0
2026-06-05 04:32:08,037 INFO: Plan 1: ḡ=10, γE[v]=0.0, Q=10.0
2026-06-05 04:32:08,037 INFO: Plan 4: ḡ=1, γE[v]=0.0, Q=1.0
2026-06-05 04:32:08,072 INFO: Plan 2: ḡ=10, γE[v]=7.5, Q=17.5
2026-06-05 04:32:08,073 INFO: Plan 0: ḡ=10, γE[v]=7.5, Q=17.5
2026-06-05 04:32:08,091 INFO: Plan 5: ḡ=10, γE[v]=7.5, Q=17.5
2026-06-05 04:32:08,093 INFO: Plan 6: ḡ=10, γE[v]=7.5, Q=17.5
2026-06-05 04:32:08,094 INFO: Plan 7: ḡ=10, γE[v]=7.5, Q=17.5
2026-06-05 04:32:08,095 INFO: Plan 3: ḡ=12, γE[v]=5.0, Q=17.0
2026-06-05 04:33:38,036 INFO: Plan 0: ḡ=14, γE[v]=2.5, Q=16.5
2026-06-05 04:33:38,065 INFO: Plan 5: ḡ=14, γE[v]=0.0, Q=14.0
2026-06-05 04:33:38,066 INFO: Plan 3: ḡ=12, γE[v]=1.0, Q=13.0
2026-06-05 04:33:38,067 INFO: Plan 1: ḡ=12, γE[v]=2.5, Q=14.5
2026-06-05 04:33:38,068 INFO: Plan 4: ḡ=14, γE[v]=0.0, Q=14.0
2026-06-05 04:33:38,068 INFO: Plan 7: ḡ=14, γE[v]=0.0, Q=14.0
2026-06-05 04:33:38,091 INFO: Plan 6: ḡ=12, γE[v]=5.0, Q=17.0
2026-06-05 04:33:38,092 INFO: Plan 2: ḡ=12, γE[v]=7.5, Q=19.5
2026-06-05 04:33:38,515 INFO: Plan 0: ḡ=9, γE[v]=0.0, Q=9.0
2026-06-05 04:33:38,516 INFO: Plan 1: ḡ=9, γE[v]=0.0, Q=9.0
2026-06-05 04:33:38,543 INFO: Plan 7: ḡ=9, γE[v]=0.0, Q=9.0
2026-06-05 04:33:38,544 INFO: Plan 4: ḡ=9, γE[v]=0.0, Q=9.0
2026-06-05 04:33:38,545 INFO: Plan 3: ḡ=9, γE[v]=0.0, Q=9.0
2026-06-05 04:33:38,546 INFO: Plan 2: ḡ=9, γE[v]=0.0, Q=9.0
2026-06-05 04:33:38,547 INFO: Plan 6: ḡ=9, γE[v]=0.0, Q=9.0
2026-06-05 04:33:38,548 INFO: Plan 5: ḡ=9, γE[v]=0.0, Q=9.0
2026-06-05 04:33:40,416 INFO: Plan 0: ḡ=28, γE[v]=6.0, Q=34.0
2026-06-05 04:33:40,417 INFO: Plan 1: ḡ=28, γE[v]=6.0, Q=34.0
2026-06-05 04:33:40,444 INFO: Plan 2: ḡ=12, γE[v]=7.5, Q=19.5
2026-06-05 04:33:40,445 INFO: Plan 7: ḡ=28, γE[v]=5.0, Q=33.0
2026-06-05 04:33:40,446 INFO: Plan 3: ḡ=28, γE[v]=6.0, Q=34.0
2026-06-05 04:33:40,447 INFO: Plan 4: ḡ=28, γE[v]=5.0, Q=33.0
2026-06-05 04:33:40,447 INFO: Plan 6: ḡ=12, γE[v]=15.0, Q=27.0
2026-06-05 04:33:40,448 INFO: Plan 5: ḡ=28, γE[v]=6.0, Q=34.0
2026-06-05 04:33:44,830 INFO: Plan 1: ḡ=5, γE[v]=5.0, Q=10.0
2026-06-05 04:33:44,831 INFO: Plan 0: ḡ=12, γE[v]=2.5, Q=14.5
2026-06-05 04:33:44,832 INFO: Plan 2: ḡ=12, γE[v]=2.5, Q=14.5
2026-06-05 04:33:44,854 INFO: Plan 4: ḡ=12, γE[v]=2.5, Q=14.5
2026-06-05 04:33:44,855 INFO: Plan 3: ḡ=14, γE[v]=0.0, Q=14.0
2026-06-05 04:33:44,857 INFO: Plan 5: ḡ=12, γE[v]=2.5, Q=14.5
2026-06-05 04:33:44,877 INFO: Plan 6: ḡ=10, γE[v]=7.5, Q=17.5
2026-06-05 04:33:44,878 INFO: Plan 7: ḡ=12, γE[v]=7.5, Q=19.5
2026-06-05 04:33:46,803 INFO: Plan 0: ḡ=10, γE[v]=2.5, Q=12.5
2026-06-05 04:33:46,827 INFO: Plan 1: ḡ=12, γE[v]=0.0, Q=12.0
2026-06-05 04:33:46,828 INFO: Plan 2: ḡ=12, γE[v]=2.5, Q=14.5
2026-06-05 04:33:46,830 INFO: Plan 7: ḡ=12, γE[v]=0.0, Q=12.0
2026-06-05 04:33:46,831 INFO: Plan 3: ḡ=10, γE[v]=2.5, Q=12.5
2026-06-05 04:33:46,832 INFO: Plan 6: ḡ=12, γE[v]=2.5, Q=14.5
2026-06-05 04:33:46,832 INFO: Plan 4: ḡ=12, γE[v]=0.0, Q=12.0
2026-06-05 04:33:46,833 INFO: Plan 5: ḡ=12, γE[v]=0.0, Q=12.0
2026-06-05 04:33:50,116 INFO: Plan 0: ḡ=12, γE[v]=7.5, Q=19.5
2026-06-05 04:33:50,117 INFO: Plan 2: ḡ=12, γE[v]=7.5, Q=19.5
2026-06-05 04:33:50,118 INFO: Plan 1: ḡ=10, γE[v]=7.5, Q=17.5
2026-06-05 04:33:50,206 INFO: Plan 3: ḡ=10, γE[v]=7.5, Q=17.5
2026-06-05 04:33:50,207 INFO: Plan 4: ḡ=12, γE[v]=7.5, Q=19.5
2026-06-05 04:33:50,208 INFO: Plan 6: ḡ=10, γE[v]=7.5, Q=17.5
2026-06-05 04:33:50,209 INFO: Plan 5: ḡ=12, γE[v]=7.5, Q=19.5
2026-06-05 04:33:50,210 INFO: Plan 7: ḡ=12, γE[v]=7.5, Q=19.5
2026-06-05 04:33:50,429 INFO: Plan 1: ḡ=4, γE[v]=0.0, Q=4.0
2026-06-05 04:33:50,430 INFO: Plan 0: ḡ=4, γE[v]=0.0, Q=4.0
2026-06-05 04:33:50,448 INFO: Plan 5: ḡ=4, γE[v]=0.0, Q=4.0
2026-06-05 04:33:50,449 INFO: Plan 4: ḡ=4, γE[v]=0.0, Q=4.0
2026-06-05 04:33:50,450 INFO: Plan 3: ḡ=4, γE[v]=0.0, Q=4.0
2026-06-05 04:33:50,451 INFO: Plan 2: ḡ=4, γE[v]=0.0, Q=4.0
2026-06-05 04:33:50,452 INFO: Plan 6: ḡ=4, γE[v]=0.0, Q=4.0
2026-06-05 04:33:50,480 INFO: Plan 7: ḡ=12, γE[v]=34.5, Q=46.5
2026-06-05 04:34:38,684 INFO: Plan 0: ḡ=12, γE[v]=7.5, Q=19.5
2026-06-05 04:34:38,685 INFO: Plan 1: ḡ=12, γE[v]=7.5, Q=19.5
2026-06-05 04:34:38,712 INFO: Plan 4: ḡ=12, γE[v]=7.5, Q=19.5
2026-06-05 04:34:38,713 INFO: Plan 6: ḡ=12, γE[v]=7.5, Q=19.5
2026-06-05 04:34:38,714 INFO: Plan 5: ḡ=12, γE[v]=7.5, Q=19.5
2026-06-05 04:34:38,715 INFO: Plan 7: ḡ=12, γE[v]=7.5, Q=19.5
2026-06-05 04:34:38,716 INFO: Plan 2: ḡ=12, γE[v]=7.5, Q=19.5
2026-06-05 04:34:38,717 INFO: Plan 3: ḡ=12, γE[v]=7.5, Q=19.5
2026-06-05 04:35:13,814 INFO: Plan 0: ḡ=27, γE[v]=5.0, Q=32.0
2026-06-05 04:35:13,842 INFO: Plan 6: ḡ=10, γE[v]=7.5, Q=17.5
2026-06-05 04:35:13,843 INFO: Plan 5: ḡ=12, γE[v]=7.5, Q=19.5
2026-06-05 04:35:13,844 INFO: Plan 2: ḡ=10, γE[v]=7.5, Q=17.5
2026-06-05 04:35:13,845 INFO: Plan 3: ḡ=25, γE[v]=7.5, Q=32.5
2026-06-05 04:35:13,846 INFO: Plan 1: ḡ=10, γE[v]=7.5, Q=17.5
2026-06-05 04:35:13,847 INFO: Plan 7: ḡ=12, γE[v]=7.5, Q=19.5
2026-06-05 04:35:13,847 INFO: Plan 4: ḡ=12, γE[v]=7.5, Q=19.5
2026-06-05 04:35:13,869 INFO: Plan 4: ḡ=12, γE[v]=4.0, Q=16.0
2026-06-05 04:35:13,870 INFO: Plan 6: ḡ=12, γE[v]=4.0, Q=16.0
2026-06-05 04:35:13,870 INFO: Plan 3: ḡ=14, γE[v]=0.0, Q=14.0
2026-06-05 04:35:13,872 INFO: Plan 1: ḡ=12, γE[v]=2.5, Q=14.5
2026-06-05 04:35:13,873 INFO: Plan 2: ḡ=12, γE[v]=2.5, Q=14.5
2026-06-05 04:35:13,894 INFO: Plan 0: ḡ=12, γE[v]=7.5, Q=19.5
2026-06-05 04:35:13,895 INFO: Plan 7: ḡ=12, γE[v]=5.0, Q=17.0
2026-06-05 04:35:13,896 INFO: Plan 5: ḡ=12, γE[v]=5.0, Q=17.0
2026-06-05 04:35:15,950 INFO: Plan 1: ḡ=9, γE[v]=0.0, Q=9.0
2026-06-05 04:35:15,952 INFO: Plan 0: ḡ=9, γE[v]=0.0, Q=9.0
2026-06-05 04:35:15,972 INFO: Plan 7: ḡ=9, γE[v]=0.0, Q=9.0
2026-06-05 04:35:15,973 INFO: Plan 4: ḡ=9, γE[v]=0.0, Q=9.0
2026-06-05 04:35:15,974 INFO: Plan 3: ḡ=9, γE[v]=0.0, Q=9.0
2026-06-05 04:35:15,974 INFO: Plan 6: ḡ=9, γE[v]=0.0, Q=9.0
2026-06-05 04:35:15,975 INFO: Plan 5: ḡ=9, γE[v]=0.0, Q=9.0
2026-06-05 04:35:15,976 INFO: Plan 2: ḡ=9, γE[v]=0.0, Q=9.0
2026-06-05 04:35:24,214 INFO: Plan 4: ḡ=12, γE[v]=4.0, Q=16.0
2026-06-05 04:35:24,215 INFO: Plan 7: ḡ=19, γE[v]=0.0, Q=19.0
2026-06-05 04:35:24,216 INFO: Plan 5: ḡ=12, γE[v]=4.0, Q=16.0
2026-06-05 04:35:24,217 INFO: Plan 2: ḡ=12, γE[v]=4.0, Q=16.0
2026-06-05 04:35:24,218 INFO: Plan 1: ḡ=12, γE[v]=4.0, Q=16.0
2026-06-05 04:35:24,218 INFO: Plan 0: ḡ=19, γE[v]=0.0, Q=19.0
2026-06-05 04:35:24,237 INFO: Plan 6: ḡ=15, γE[v]=5.0, Q=20.0
2026-06-05 04:35:24,238 INFO: Plan 3: ḡ=15, γE[v]=5.0, Q=20.0
2026-06-05 04:35:26,740 INFO: Plan 2: ḡ=6, γE[v]=0.0, Q=6.0
2026-06-05 04:35:26,764 INFO: Plan 0: ḡ=4, γE[v]=0.0, Q=4.0
2026-06-05 04:35:26,765 INFO: Plan 1: ḡ=10, γE[v]=2.5, Q=12.5
2026-06-05 04:35:26,787 INFO: Plan 6: ḡ=12, γE[v]=0.0, Q=12.0
2026-06-05 04:35:26,788 INFO: Plan 3: ḡ=12, γE[v]=0.0, Q=12.0
2026-06-05 04:35:26,789 INFO: Plan 5: ḡ=10, γE[v]=2.5, Q=12.5
2026-06-05 04:35:26,789 INFO: Plan 7: ḡ=12, γE[v]=2.5, Q=14.5
2026-06-05 04:35:26,790 INFO: Plan 4: ḡ=12, γE[v]=2.5, Q=14.5
2026-06-05 04:35:30,570 INFO: Plan 1: ḡ=12, γE[v]=0.0, Q=12.0
2026-06-05 04:35:30,592 INFO: Plan 0: ḡ=12, γE[v]=7.5, Q=19.5
2026-06-05 04:35:30,593 INFO: Plan 2: ḡ=12, γE[v]=7.5, Q=19.5
2026-06-05 04:35:30,613 INFO: Plan 3: ḡ=12, γE[v]=7.5, Q=19.5
2026-06-05 04:35:30,615 INFO: Plan 7: ḡ=12, γE[v]=7.5, Q=19.5
2026-06-05 04:35:30,616 INFO: Plan 4: ḡ=10, γE[v]=7.5, Q=17.5
2026-06-05 04:35:30,617 INFO: Plan 5: ḡ=12, γE[v]=7.5, Q=19.5
2026-06-05 04:35:30,618 INFO: Plan 6: ḡ=12, γE[v]=7.5, Q=19.5
2026-06-05 04:35:35,040 INFO: Plan 0: ḡ=12, γE[v]=34.5, Q=46.5
2026-06-05 04:35:35,080 INFO: Plan 2: ḡ=12, γE[v]=34.5, Q=46.5
2026-06-05 04:35:35,081 INFO: Plan 4: ḡ=12, γE[v]=34.5, Q=46.5
2026-06-05 04:35:35,082 INFO: Plan 5: ḡ=12, γE[v]=15.0, Q=27.0
2026-06-05 04:35:35,082 INFO: Plan 7: ḡ=12, γE[v]=7.5, Q=19.5
2026-06-05 04:35:35,083 INFO: Plan 6: ḡ=12, γE[v]=34.5, Q=46.5
2026-06-05 04:35:35,084 INFO: Plan 3: ḡ=12, γE[v]=15.0, Q=27.0
2026-06-05 04:35:35,085 INFO: Plan 1: ḡ=12, γE[v]=34.5, Q=46.5
2026-06-05 04:36:12,468 INFO: Plan 0: ḡ=12, γE[v]=2.5, Q=14.5
2026-06-05 04:36:12,505 INFO: Plan 2: ḡ=12, γE[v]=5.0, Q=17.0
2026-06-05 04:36:12,525 INFO: Plan 3: ḡ=12, γE[v]=5.0, Q=17.0
2026-06-05 04:36:12,526 INFO: Plan 7: ḡ=12, γE[v]=7.5, Q=19.5
2026-06-05 04:36:12,527 INFO: Plan 5: ḡ=12, γE[v]=7.5, Q=19.5
2026-06-05 04:36:12,529 INFO: Plan 4: ḡ=12, γE[v]=7.5, Q=19.5
2026-06-05 04:36:12,530 INFO: Plan 1: ḡ=12, γE[v]=7.5, Q=19.5
2026-06-05 04:36:12,530 INFO: Plan 6: ḡ=12, γE[v]=7.5, Q=19.5
2026-06-05 04:36:44,517 INFO: Plan 6: ḡ=15, γE[v]=10.0, Q=25.0
2026-06-05 04:36:44,518 INFO: Plan 4: ḡ=25, γE[v]=5.0, Q=30.0
2026-06-05 04:36:44,519 INFO: Plan 5: ḡ=25, γE[v]=5.0, Q=30.0
2026-06-05 04:36:44,520 INFO: Plan 3: ḡ=25, γE[v]=5.0, Q=30.0
2026-06-05 04:36:44,520 INFO: Plan 1: ḡ=10, γE[v]=7.5, Q=17.5
2026-06-05 04:36:44,521 INFO: Plan 2: ḡ=25, γE[v]=5.0, Q=30.0
2026-06-05 04:36:44,522 INFO: Plan 0: ḡ=25, γE[v]=5.0, Q=30.0
2026-06-05 04:36:44,523 INFO: Plan 7: ḡ=25, γE[v]=5.0, Q=30.0
2026-06-05 04:36:45,979 INFO: Plan 4: ḡ=9, γE[v]=0.0, Q=9.0
2026-06-05 04:36:45,980 INFO: Plan 1: ḡ=9, γE[v]=0.0, Q=9.0
2026-06-05 04:36:45,981 INFO: Plan 2: ḡ=9, γE[v]=0.0, Q=9.0
2026-06-05 04:36:45,982 INFO: Plan 3: ḡ=9, γE[v]=0.0, Q=9.0
2026-06-05 04:36:45,983 INFO: Plan 0: ḡ=9, γE[v]=0.0, Q=9.0
2026-06-05 04:36:46,001 INFO: Plan 5: ḡ=9, γE[v]=0.0, Q=9.0
2026-06-05 04:36:46,002 INFO: Plan 6: ḡ=9, γE[v]=0.0, Q=9.0
2026-06-05 04:36:46,003 INFO: Plan 7: ḡ=9, γE[v]=0.0, Q=9.0
2026-06-05 04:36:46,844 INFO: Plan 2: ḡ=12, γE[v]=1.0, Q=13.0
2026-06-05 04:36:46,868 INFO: Plan 0: ḡ=12, γE[v]=7.5, Q=19.5
2026-06-05 04:36:46,869 INFO: Plan 6: ḡ=12, γE[v]=2.5, Q=14.5
2026-06-05 04:36:46,869 INFO: Plan 3: ḡ=14, γE[v]=0.0, Q=14.0
2026-06-05 04:36:46,870 INFO: Plan 1: ḡ=12, γE[v]=7.5, Q=19.5
2026-06-05 04:36:46,889 INFO: Plan 5: ḡ=12, γE[v]=7.5, Q=19.5
2026-06-05 04:36:46,890 INFO: Plan 4: ḡ=12, γE[v]=7.5, Q=19.5
2026-06-05 04:36:46,891 INFO: Plan 7: ḡ=12, γE[v]=7.5, Q=19.5
2026-06-05 04:37:00,766 INFO: Plan 2: ḡ=12, γE[v]=4.0, Q=16.0
2026-06-05 04:37:00,767 INFO: Plan 0: ḡ=19, γE[v]=0.0, Q=19.0
2026-06-05 04:37:00,768 INFO: Plan 1: ḡ=12, γE[v]=4.0, Q=16.0
2026-06-05 04:37:00,788 INFO: Plan 7: ḡ=12, γE[v]=4.0, Q=16.0
2026-06-05 04:37:00,789 INFO: Plan 5: ḡ=12, γE[v]=4.0, Q=16.0
2026-06-05 04:37:00,789 INFO: Plan 3: ḡ=12, γE[v]=4.0, Q=16.0
2026-06-05 04:37:00,809 INFO: Plan 4: ḡ=19, γE[v]=5.0, Q=24.0
2026-06-05 04:37:00,810 INFO: Plan 6: ḡ=19, γE[v]=5.0, Q=24.0
2026-06-05 04:37:01,128 INFO: Plan 1: ḡ=12, γE[v]=2.5, Q=14.5
2026-06-05 04:37:01,129 INFO: Plan 0: ḡ=10, γE[v]=2.5, Q=12.5
2026-06-05 04:37:01,152 INFO: Plan 2: ḡ=12, γE[v]=2.5, Q=14.5
2026-06-05 04:37:01,153 INFO: Plan 5: ḡ=12, γE[v]=0.0, Q=12.0
2026-06-05 04:37:01,153 INFO: Plan 4: ḡ=10, γE[v]=2.5, Q=12.5
2026-06-05 04:37:01,154 INFO: Plan 3: ḡ=12, γE[v]=0.0, Q=12.0
2026-06-05 04:37:01,155 INFO: Plan 7: ḡ=12, γE[v]=2.5, Q=14.5
2026-06-05 04:37:01,156 INFO: Plan 6: ḡ=12, γE[v]=2.5, Q=14.5
2026-06-05 04:37:06,088 INFO: Plan 4: ḡ=4, γE[v]=0.0, Q=4.0
2026-06-05 04:37:06,089 INFO: Plan 6: ḡ=1, γE[v]=0.0, Q=1.0
2026-06-05 04:37:06,090 INFO: Plan 3: ḡ=1, γE[v]=5.0, Q=6.0
2026-06-05 04:37:06,108 INFO: Plan 0: ḡ=4, γE[v]=5.0, Q=9.0
2026-06-05 04:37:06,109 INFO: Plan 2: ḡ=12, γE[v]=7.5, Q=19.5
2026-06-05 04:37:06,110 INFO: Plan 1: ḡ=10, γE[v]=7.5, Q=17.5
2026-06-05 04:37:06,111 INFO: Plan 5: ḡ=1, γE[v]=5.0, Q=6.0
2026-06-05 04:37:06,127 INFO: Plan 7: ḡ=10, γE[v]=15.0, Q=25.0
2026-06-05 04:37:15,727 INFO: Plan 1: ḡ=12, γE[v]=15.0, Q=27.0
2026-06-05 04:37:15,746 INFO: Plan 0: ḡ=12, γE[v]=15.0, Q=27.0
2026-06-05 04:37:15,766 INFO: Plan 4: ḡ=12, γE[v]=34.5, Q=46.5
2026-06-05 04:37:15,767 INFO: Plan 7: ḡ=12, γE[v]=34.5, Q=46.5
2026-06-05 04:37:15,768 INFO: Plan 2: ḡ=12, γE[v]=34.5, Q=46.5
2026-06-05 04:37:15,769 INFO: Plan 5: ḡ=12, γE[v]=34.5, Q=46.5
2026-06-05 04:37:15,770 INFO: Plan 6: ḡ=12, γE[v]=34.5, Q=46.5
2026-06-05 04:37:15,770 INFO: Plan 3: ḡ=12, γE[v]=34.5, Q=46.5
2026-06-05 04:37:46,141 INFO: Plan 0: ḡ=12, γE[v]=7.5, Q=19.5
2026-06-05 04:37:46,181 INFO: Plan 4: ḡ=12, γE[v]=7.5, Q=19.5
2026-06-05 04:37:46,182 INFO: Plan 5: ḡ=12, γE[v]=7.5, Q=19.5
2026-06-05 04:37:46,183 INFO: Plan 1: ḡ=12, γE[v]=7.5, Q=19.5
2026-06-05 04:37:46,184 INFO: Plan 2: ḡ=12, γE[v]=7.5, Q=19.5
2026-06-05 04:37:46,185 INFO: Plan 6: ḡ=12, γE[v]=7.5, Q=19.5
2026-06-05 04:37:46,186 INFO: Plan 7: ḡ=12, γE[v]=7.5, Q=19.5
2026-06-05 04:37:46,187 INFO: Plan 3: ḡ=12, γE[v]=7.5, Q=19.5
2026-06-05 04:38:12,645 INFO: Plan 1: ḡ=12, γE[v]=7.5, Q=19.5
2026-06-05 04:38:12,646 INFO: Plan 0: ḡ=10, γE[v]=7.5, Q=17.5
2026-06-05 04:38:12,669 INFO: Plan 5: ḡ=25, γE[v]=5.0, Q=30.0
2026-06-05 04:38:12,670 INFO: Plan 2: ḡ=10, γE[v]=7.5, Q=17.5
2026-06-05 04:38:12,671 INFO: Plan 6: ḡ=12, γE[v]=7.5, Q=19.5
2026-06-05 04:38:12,671 INFO: Plan 7: ḡ=12, γE[v]=7.5, Q=19.5
2026-06-05 04:38:12,672 INFO: Plan 3: ḡ=10, γE[v]=7.5, Q=17.5
2026-06-05 04:38:12,673 INFO: Plan 4: ḡ=12, γE[v]=7.5, Q=19.5
2026-06-05 04:38:15,892 INFO: Plan 0: ḡ=0, γE[v]=0.0, Q=0.0
2026-06-05 04:38:15,911 INFO: Plan 1: ḡ=2, γE[v]=0.0, Q=2.0
2026-06-05 04:38:15,934 INFO: Plan 6: ḡ=9, γE[v]=0.0, Q=9.0
2026-06-05 04:38:15,937 INFO: Plan 7: ḡ=9, γE[v]=0.0, Q=9.0
2026-06-05 04:38:15,938 INFO: Plan 5: ḡ=9, γE[v]=0.0, Q=9.0
2026-06-05 04:38:15,939 INFO: Plan 2: ḡ=9, γE[v]=0.0, Q=9.0
2026-06-05 04:38:15,939 INFO: Plan 4: ḡ=9, γE[v]=0.0, Q=9.0
2026-06-05 04:38:15,940 INFO: Plan 3: ḡ=9, γE[v]=0.0, Q=9.0
2026-06-05 04:38:16,828 INFO: Plan 1: ḡ=12, γE[v]=2.5, Q=14.5
2026-06-05 04:38:16,874 INFO: Plan 5: ḡ=14, γE[v]=0.0, Q=14.0
2026-06-05 04:38:16,875 INFO: Plan 7: ḡ=12, γE[v]=4.0, Q=16.0
2026-06-05 04:38:16,876 INFO: Plan 3: ḡ=14, γE[v]=0.0, Q=14.0
2026-06-05 04:38:16,876 INFO: Plan 0: ḡ=14, γE[v]=0.0, Q=14.0
2026-06-05 04:38:16,877 INFO: Plan 2: ḡ=12, γE[v]=4.0, Q=16.0
2026-06-05 04:38:16,877 INFO: Plan 4: ḡ=14, γE[v]=0.0, Q=14.0
2026-06-05 04:38:16,891 INFO: Plan 6: ḡ=12, γE[v]=7.5, Q=19.5
2026-06-05 04:38:31,834 INFO: Plan 0: ḡ=19, γE[v]=0.0, Q=19.0
2026-06-05 04:38:31,856 INFO: Plan 6: ḡ=10, γE[v]=2.5, Q=12.5
2026-06-05 04:38:31,858 INFO: Plan 2: ḡ=19, γE[v]=5.0, Q=24.0
2026-06-05 04:38:31,859 INFO: Plan 3: ḡ=19, γE[v]=0.0, Q=19.0
2026-06-05 04:38:31,860 INFO: Plan 4: ḡ=12, γE[v]=4.0, Q=16.0
2026-06-05 04:38:31,861 INFO: Plan 1: ḡ=19, γE[v]=5.0, Q=24.0
2026-06-05 04:38:31,878 INFO: Plan 5: ḡ=19, γE[v]=5.0, Q=24.0
2026-06-05 04:38:31,879 INFO: Plan 7: ḡ=19, γE[v]=5.0, Q=24.0
2026-06-05 04:38:34,755 INFO: Plan 0: ḡ=10, γE[v]=2.5, Q=12.5
2026-06-05 04:38:34,757 INFO: Plan 6: ḡ=6, γE[v]=0.0, Q=6.0
2026-06-05 04:38:34,758 INFO: Plan 1: ḡ=10, γE[v]=2.5, Q=12.5
2026-06-05 04:38:34,759 INFO: Plan 3: ḡ=6, γE[v]=1.0, Q=7.0
2026-06-05 04:38:34,760 INFO: Plan 4: ḡ=12, γE[v]=0.0, Q=12.0
2026-06-05 04:38:34,774 INFO: Plan 7: ḡ=10, γE[v]=2.5, Q=12.5
2026-06-05 04:38:34,776 INFO: Plan 5: ḡ=12, γE[v]=2.5, Q=14.5
2026-06-05 04:38:34,777 INFO: Plan 2: ḡ=10, γE[v]=2.5, Q=12.5
2026-06-05 04:38:42,913 INFO: Plan 0: ḡ=10, γE[v]=7.5, Q=17.5
2026-06-05 04:38:42,935 INFO: Plan 3: ḡ=1, γE[v]=5.0, Q=6.0
2026-06-05 04:38:42,936 INFO: Plan 5: ḡ=1, γE[v]=5.0, Q=6.0
2026-06-05 04:38:42,956 INFO: Plan 7: ḡ=10, γE[v]=10.0, Q=20.0
2026-06-05 04:38:42,956 INFO: Plan 1: ḡ=10, γE[v]=10.0, Q=20.0
2026-06-05 04:38:42,957 INFO: Plan 6: ḡ=10, γE[v]=7.5, Q=17.5
2026-06-05 04:38:42,958 INFO: Plan 2: ḡ=12, γE[v]=7.5, Q=19.5
2026-06-05 04:38:42,959 INFO: Plan 4: ḡ=12, γE[v]=7.5, Q=19.5
2026-06-05 04:38:55,432 INFO: Plan 1: ḡ=4, γE[v]=0.0, Q=4.0
2026-06-05 04:38:55,469 INFO: Plan 3: ḡ=4, γE[v]=0.0, Q=4.0
2026-06-05 04:38:55,470 INFO: Plan 4: ḡ=4, γE[v]=0.0, Q=4.0
2026-06-05 04:38:55,471 INFO: Plan 0: ḡ=12, γE[v]=34.5, Q=46.5
2026-06-05 04:38:55,472 INFO: Plan 6: ḡ=4, γE[v]=0.0, Q=4.0
2026-06-05 04:38:55,504 INFO: Plan 7: ḡ=12, γE[v]=34.5, Q=46.5
2026-06-05 04:38:55,505 INFO: Plan 2: ḡ=12, γE[v]=15.0, Q=27.0
2026-06-05 04:38:55,506 INFO: Plan 5: ḡ=12, γE[v]=34.5, Q=46.5
2026-06-05 04:39:21,350 INFO: Plan 1: ḡ=12, γE[v]=7.5, Q=19.5
2026-06-05 04:39:21,369 INFO: Plan 6: ḡ=12, γE[v]=2.5, Q=14.5
2026-06-05 04:39:21,370 INFO: Plan 0: ḡ=12, γE[v]=7.5, Q=19.5
2026-06-05 04:39:21,371 INFO: Plan 7: ḡ=12, γE[v]=4.0, Q=16.0
2026-06-05 04:39:21,387 INFO: Plan 5: ḡ=12, γE[v]=7.5, Q=19.5
2026-06-05 04:39:21,388 INFO: Plan 3: ḡ=12, γE[v]=7.5, Q=19.5
2026-06-05 04:39:21,389 INFO: Plan 2: ḡ=12, γE[v]=7.5, Q=19.5
2026-06-05 04:39:21,390 INFO: Plan 4: ḡ=12, γE[v]=7.5, Q=19.5
2026-06-05 04:39:41,295 INFO: Plan 1: ḡ=1, γE[v]=0.0, Q=1.0
2026-06-05 04:39:41,338 INFO: Plan 0: ḡ=25, γE[v]=5.0, Q=30.0
2026-06-05 04:39:41,361 INFO: Plan 5: ḡ=25, γE[v]=5.0, Q=30.0
2026-06-05 04:39:41,362 INFO: Plan 2: ḡ=25, γE[v]=7.5, Q=32.5
2026-06-05 04:39:41,363 INFO: Plan 4: ḡ=25, γE[v]=5.0, Q=30.0
2026-06-05 04:39:41,363 INFO: Plan 3: ḡ=25, γE[v]=5.0, Q=30.0
2026-06-05 04:39:41,364 INFO: Plan 6: ḡ=12, γE[v]=7.5, Q=19.5
2026-06-05 04:39:41,365 INFO: Plan 7: ḡ=25, γE[v]=5.0, Q=30.0
2026-06-05 04:39:42,043 INFO: Plan 0: ḡ=9, γE[v]=0.0, Q=9.0
2026-06-05 04:39:42,065 INFO: Plan 5: ḡ=9, γE[v]=0.0, Q=9.0
2026-06-05 04:39:42,066 INFO: Plan 3: ḡ=9, γE[v]=0.0, Q=9.0
2026-06-05 04:39:42,067 INFO: Plan 1: ḡ=9, γE[v]=0.0, Q=9.0
2026-06-05 04:39:42,068 INFO: Plan 2: ḡ=9, γE[v]=0.0, Q=9.0
2026-06-05 04:39:42,069 INFO: Plan 4: ḡ=2, γE[v]=0.0, Q=2.0
2026-06-05 04:39:42,084 INFO: Plan 7: ḡ=9, γE[v]=0.0, Q=9.0
2026-06-05 04:39:42,085 INFO: Plan 6: ḡ=2, γE[v]=0.0, Q=2.0
2026-06-05 04:39:46,896 INFO: Plan 0: ḡ=12, γE[v]=7.5, Q=19.5
2026-06-05 04:39:46,909 INFO: Plan 5: ḡ=12, γE[v]=2.5, Q=14.5
2026-06-05 04:39:46,911 INFO: Plan 4: ḡ=12, γE[v]=2.5, Q=14.5
2026-06-05 04:39:46,912 INFO: Plan 3: ḡ=14, γE[v]=0.0, Q=14.0
2026-06-05 04:39:46,913 INFO: Plan 2: ḡ=12, γE[v]=2.5, Q=14.5
2026-06-05 04:39:46,914 INFO: Plan 1: ḡ=12, γE[v]=4.0, Q=16.0
2026-06-05 04:39:46,926 INFO: Plan 7: ḡ=12, γE[v]=7.5, Q=19.5
2026-06-05 04:39:46,927 INFO: Plan 6: ḡ=12, γE[v]=7.5, Q=19.5
2026-06-05 04:40:01,845 INFO: Plan 2: ḡ=12, γE[v]=2.5, Q=14.5
2026-06-05 04:40:01,847 INFO: Plan 7: ḡ=12, γE[v]=2.5, Q=14.5
2026-06-05 04:40:01,847 INFO: Plan 3: ḡ=12, γE[v]=2.5, Q=14.5
2026-06-05 04:40:01,849 INFO: Plan 5: ḡ=12, γE[v]=4.0, Q=16.0
2026-06-05 04:40:01,850 INFO: Plan 0: ḡ=12, γE[v]=2.5, Q=14.5
2026-06-05 04:40:01,851 INFO: Plan 1: ḡ=12, γE[v]=2.5, Q=14.5
2026-06-05 04:40:01,866 INFO: Plan 4: ḡ=19, γE[v]=5.0, Q=24.0
2026-06-05 04:40:01,867 INFO: Plan 6: ḡ=15, γE[v]=5.0, Q=20.0
2026-06-05 04:40:09,431 INFO: Plan 2: ḡ=6, γE[v]=1.0, Q=7.0
2026-06-05 04:40:09,432 INFO: Plan 4: ḡ=1, γE[v]=0.0, Q=1.0
2026-06-05 04:40:09,452 INFO: Plan 3: ḡ=12, γE[v]=2.5, Q=14.5
2026-06-05 04:40:09,453 INFO: Plan 1: ḡ=12, γE[v]=2.5, Q=14.5
2026-06-05 04:40:09,453 INFO: Plan 5: ḡ=12, γE[v]=2.5, Q=14.5
2026-06-05 04:40:09,454 INFO: Plan 0: ḡ=12, γE[v]=2.5, Q=14.5
2026-06-05 04:40:09,471 INFO: Plan 7: ḡ=10, γE[v]=2.5, Q=12.5
2026-06-05 04:40:09,471 INFO: Plan 6: ḡ=12, γE[v]=2.5, Q=14.5
2026-06-05 04:40:16,046 INFO: Plan 1: ḡ=12, γE[v]=0.0, Q=12.0
2026-06-05 04:40:16,064 INFO: Plan 4: ḡ=4, γE[v]=0.0, Q=4.0
2026-06-05 04:40:16,065 INFO: Plan 7: ḡ=0, γE[v]=0.0, Q=0.0
2026-06-05 04:40:16,082 INFO: Plan 2: ḡ=12, γE[v]=2.5, Q=14.5
2026-06-05 04:40:16,100 INFO: Plan 6: ḡ=10, γE[v]=7.5, Q=17.5
2026-06-05 04:40:16,101 INFO: Plan 0: ḡ=12, γE[v]=7.5, Q=19.5
2026-06-05 04:40:16,102 INFO: Plan 5: ḡ=12, γE[v]=7.5, Q=19.5
2026-06-05 04:40:16,103 INFO: Plan 3: ḡ=12, γE[v]=5.0, Q=17.0
2026-06-05 04:40:36,191 INFO: Plan 1: ḡ=12, γE[v]=34.5, Q=46.5
2026-06-05 04:40:36,231 INFO: Plan 7: ḡ=12, γE[v]=15.0, Q=27.0
2026-06-05 04:40:36,232 INFO: Plan 4: ḡ=12, γE[v]=5.0, Q=17.0
2026-06-05 04:40:36,233 INFO: Plan 5: ḡ=12, γE[v]=34.5, Q=46.5
2026-06-05 04:40:36,234 INFO: Plan 6: ḡ=12, γE[v]=34.5, Q=46.5
2026-06-05 04:40:36,235 INFO: Plan 0: ḡ=12, γE[v]=34.5, Q=46.5
2026-06-05 04:40:36,235 INFO: Plan 3: ḡ=12, γE[v]=34.5, Q=46.5
2026-06-05 04:40:36,236 INFO: Plan 2: ḡ=12, γE[v]=34.5, Q=46.5
2026-06-05 04:40:55,387 INFO: Plan 0: ḡ=12, γE[v]=7.5, Q=19.5
2026-06-05 04:40:55,405 INFO: Plan 3: ḡ=12, γE[v]=7.5, Q=19.5
2026-06-05 04:40:55,426 INFO: Plan 2: ḡ=12, γE[v]=7.5, Q=19.5
2026-06-05 04:40:55,427 INFO: Plan 5: ḡ=12, γE[v]=7.5, Q=19.5
2026-06-05 04:40:55,429 INFO: Plan 7: ḡ=12, γE[v]=7.5, Q=19.5
2026-06-05 04:40:55,430 INFO: Plan 6: ḡ=12, γE[v]=5.0, Q=17.0
2026-06-05 04:40:55,431 INFO: Plan 1: ḡ=12, γE[v]=7.5, Q=19.5
2026-06-05 04:40:55,431 INFO: Plan 4: ḡ=12, γE[v]=7.5, Q=19.5
2026-06-05 04:41:10,270 INFO: Plan 1: ḡ=9, γE[v]=0.0, Q=9.0
2026-06-05 04:41:10,271 INFO: Plan 2: ḡ=9, γE[v]=0.0, Q=9.0
2026-06-05 04:41:10,292 INFO: Plan 7: ḡ=9, γE[v]=0.0, Q=9.0
2026-06-05 04:41:10,293 INFO: Plan 0: ḡ=9, γE[v]=0.0, Q=9.0
2026-06-05 04:41:10,294 INFO: Plan 4: ḡ=9, γE[v]=0.0, Q=9.0
2026-06-05 04:41:10,295 INFO: Plan 6: ḡ=9, γE[v]=0.0, Q=9.0
2026-06-05 04:41:10,296 INFO: Plan 5: ḡ=9, γE[v]=0.0, Q=9.0
2026-06-05 04:41:10,297 INFO: Plan 3: ḡ=9, γE[v]=0.0, Q=9.0
2026-06-05 04:41:10,979 INFO: Plan 1: ḡ=12, γE[v]=7.5, Q=19.5
2026-06-05 04:41:10,980 INFO: Plan 5: ḡ=12, γE[v]=7.5, Q=19.5
2026-06-05 04:41:10,981 INFO: Plan 2: ḡ=12, γE[v]=7.5, Q=19.5
2026-06-05 04:41:10,982 INFO: Plan 0: ḡ=12, γE[v]=7.5, Q=19.5
2026-06-05 04:41:10,999 INFO: Plan 3: ḡ=12, γE[v]=7.5, Q=19.5
2026-06-05 04:41:11,000 INFO: Plan 4: ḡ=15, γE[v]=5.0, Q=20.0
2026-06-05 04:41:11,001 INFO: Plan 7: ḡ=12, γE[v]=7.5, Q=19.5
2026-06-05 04:41:11,002 INFO: Plan 6: ḡ=10, γE[v]=7.5, Q=17.5
2026-06-05 04:41:16,028 INFO: Plan 0: ḡ=12, γE[v]=1.0, Q=13.0
2026-06-05 04:41:16,068 INFO: Plan 4: ḡ=12, γE[v]=1.0, Q=13.0
2026-06-05 04:41:16,069 INFO: Plan 1: ḡ=12, γE[v]=2.5, Q=14.5
2026-06-05 04:41:16,070 INFO: Plan 3: ḡ=12, γE[v]=1.0, Q=13.0
2026-06-05 04:41:16,071 INFO: Plan 2: ḡ=12, γE[v]=1.0, Q=13.0
2026-06-05 04:41:16,072 INFO: Plan 5: ḡ=12, γE[v]=1.0, Q=13.0
2026-06-05 04:41:16,073 INFO: Plan 7: ḡ=10, γE[v]=2.0, Q=12.0
2026-06-05 04:41:16,083 INFO: Plan 6: ḡ=12, γE[v]=7.5, Q=19.5
2026-06-05 04:41:33,032 INFO: Plan 1: ḡ=12, γE[v]=2.5, Q=14.5
2026-06-05 04:41:33,053 INFO: Plan 2: ḡ=12, γE[v]=2.5, Q=14.5
2026-06-05 04:41:33,076 INFO: Plan 5: ḡ=12, γE[v]=4.0, Q=16.0
2026-06-05 04:41:33,077 INFO: Plan 0: ḡ=15, γE[v]=5.0, Q=20.0
2026-06-05 04:41:33,077 INFO: Plan 3: ḡ=12, γE[v]=7.5, Q=19.5
2026-06-05 04:41:33,078 INFO: Plan 6: ḡ=12, γE[v]=4.0, Q=16.0
2026-06-05 04:41:33,079 INFO: Plan 7: ḡ=12, γE[v]=4.0, Q=16.0
2026-06-05 04:41:33,094 INFO: Plan 4: ḡ=10, γE[v]=7.5, Q=17.5
2026-06-05 04:41:44,298 INFO: Plan 0: ḡ=12, γE[v]=2.5, Q=14.5
2026-06-05 04:41:44,299 INFO: Plan 2: ḡ=12, γE[v]=2.5, Q=14.5
2026-06-05 04:41:44,299 INFO: Plan 1: ḡ=10, γE[v]=2.5, Q=12.5
2026-06-05 04:41:44,340 INFO: Plan 6: ḡ=12, γE[v]=2.5, Q=14.5
2026-06-05 04:41:44,341 INFO: Plan 5: ḡ=12, γE[v]=2.5, Q=14.5
2026-06-05 04:41:44,342 INFO: Plan 7: ḡ=12, γE[v]=2.5, Q=14.5
2026-06-05 04:41:44,343 INFO: Plan 3: ḡ=10, γE[v]=7.5, Q=17.5
2026-06-05 04:41:44,358 INFO: Plan 4: ḡ=10, γE[v]=5.0, Q=15.0
2026-06-05 04:41:55,235 INFO: Plan 1: ḡ=12, γE[v]=0.0, Q=12.0
2026-06-05 04:41:55,255 INFO: Plan 4: ḡ=4, γE[v]=0.0, Q=4.0
2026-06-05 04:41:55,256 INFO: Plan 3: ḡ=4, γE[v]=0.0, Q=4.0
2026-06-05 04:41:55,257 INFO: Plan 2: ḡ=4, γE[v]=0.0, Q=4.0
2026-06-05 04:41:55,257 INFO: Plan 0: ḡ=10, γE[v]=7.5, Q=17.5
2026-06-05 04:41:55,289 INFO: Plan 7: ḡ=10, γE[v]=7.5, Q=17.5
2026-06-05 04:41:55,290 INFO: Plan 5: ḡ=12, γE[v]=7.5, Q=19.5
2026-06-05 04:41:55,290 INFO: Plan 6: ḡ=12, γE[v]=5.0, Q=17.0
2026-06-05 04:42:18,683 INFO: Plan 0: ḡ=12, γE[v]=7.5, Q=19.5
2026-06-05 04:42:18,701 INFO: Plan 6: ḡ=4, γE[v]=5.0, Q=9.0
2026-06-05 04:42:18,720 INFO: Plan 2: ḡ=12, γE[v]=34.5, Q=46.5
2026-06-05 04:42:18,721 INFO: Plan 1: ḡ=12, γE[v]=5.0, Q=17.0
2026-06-05 04:42:18,722 INFO: Plan 4: ḡ=12, γE[v]=15.0, Q=27.0
2026-06-05 04:42:18,724 INFO: Plan 3: ḡ=12, γE[v]=34.5, Q=46.5
2026-06-05 04:42:18,724 INFO: Plan 7: ḡ=12, γE[v]=34.5, Q=46.5
2026-06-05 04:42:18,725 INFO: Plan 5: ḡ=12, γE[v]=10.0, Q=22.0
2026-06-05 04:42:34,039 INFO: Plan 0: ḡ=13, γE[v]=5.0, Q=18.0
2026-06-05 04:42:34,059 INFO: Plan 1: ḡ=12, γE[v]=7.5, Q=19.5
2026-06-05 04:42:34,080 INFO: Plan 6: ḡ=12, γE[v]=7.5, Q=19.5
2026-06-05 04:42:34,081 INFO: Plan 2: ḡ=12, γE[v]=7.5, Q=19.5
2026-06-05 04:42:34,101 INFO: Plan 7: ḡ=12, γE[v]=7.5, Q=19.5
2026-06-05 04:42:34,102 INFO: Plan 4: ḡ=12, γE[v]=7.5, Q=19.5
2026-06-05 04:42:34,103 INFO: Plan 3: ḡ=12, γE[v]=7.5, Q=19.5
2026-06-05 04:42:34,104 INFO: Plan 5: ḡ=12, γE[v]=7.5, Q=19.5
2026-06-05 04:42:46,290 INFO: Plan 3: ḡ=9, γE[v]=0.0, Q=9.0
2026-06-05 04:42:46,292 INFO: Plan 2: ḡ=9, γE[v]=0.0, Q=9.0
2026-06-05 04:42:46,293 INFO: Plan 7: ḡ=9, γE[v]=0.0, Q=9.0
2026-06-05 04:42:46,294 INFO: Plan 0: ḡ=9, γE[v]=0.0, Q=9.0
2026-06-05 04:42:46,295 INFO: Plan 4: ḡ=9, γE[v]=0.0, Q=9.0
2026-06-05 04:42:46,295 INFO: Plan 1: ḡ=9, γE[v]=0.0, Q=9.0
2026-06-05 04:42:46,296 INFO: Plan 6: ḡ=2, γE[v]=0.0, Q=2.0
2026-06-05 04:42:46,297 INFO: Plan 5: ḡ=9, γE[v]=0.0, Q=9.0
2026-06-05 04:42:46,835 INFO: Plan 0: ḡ=25, γE[v]=7.5, Q=32.5
2026-06-05 04:42:46,836 INFO: Plan 1: ḡ=10, γE[v]=7.5, Q=17.5
2026-06-05 04:42:46,858 INFO: Plan 2: ḡ=25, γE[v]=5.0, Q=30.0
2026-06-05 04:42:46,859 INFO: Plan 7: ḡ=25, γE[v]=5.0, Q=30.0
2026-06-05 04:42:46,860 INFO: Plan 4: ḡ=25, γE[v]=5.0, Q=30.0
2026-06-05 04:42:46,860 INFO: Plan 6: ḡ=10, γE[v]=7.5, Q=17.5
2026-06-05 04:42:46,861 INFO: Plan 5: ḡ=25, γE[v]=5.0, Q=30.0
2026-06-05 04:42:46,862 INFO: Plan 3: ḡ=25, γE[v]=5.0, Q=30.0
2026-06-05 04:42:50,678 INFO: Plan 2: ḡ=12, γE[v]=5.0, Q=17.0
2026-06-05 04:42:50,719 INFO: Plan 4: ḡ=12, γE[v]=5.0, Q=17.0
2026-06-05 04:42:50,720 INFO: Plan 0: ḡ=12, γE[v]=7.5, Q=19.5
2026-06-05 04:42:50,721 INFO: Plan 6: ḡ=12, γE[v]=7.5, Q=19.5
2026-06-05 04:42:50,722 INFO: Plan 1: ḡ=12, γE[v]=7.5, Q=19.5
2026-06-05 04:42:50,722 INFO: Plan 7: ḡ=12, γE[v]=5.0, Q=17.0
2026-06-05 04:42:50,723 INFO: Plan 5: ḡ=12, γE[v]=5.0, Q=17.0
2026-06-05 04:42:50,723 INFO: Plan 3: ḡ=12, γE[v]=7.5, Q=19.5
2026-06-05 04:43:04,210 INFO: Plan 0: ḡ=12, γE[v]=2.5, Q=14.5
2026-06-05 04:43:04,251 INFO: Plan 1: ḡ=14, γE[v]=2.5, Q=16.5
2026-06-05 04:43:04,252 INFO: Plan 3: ḡ=12, γE[v]=4.0, Q=16.0
2026-06-05 04:43:04,253 INFO: Plan 2: ḡ=12, γE[v]=4.0, Q=16.0
2026-06-05 04:43:04,292 INFO: Plan 6: ḡ=12, γE[v]=4.0, Q=16.0
2026-06-05 04:43:04,292 INFO: Plan 5: ḡ=12, γE[v]=4.0, Q=16.0
2026-06-05 04:43:04,293 INFO: Plan 4: ḡ=10, γE[v]=2.5, Q=12.5
2026-06-05 04:43:04,310 INFO: Plan 7: ḡ=15, γE[v]=2.5, Q=17.5
2026-06-05 04:43:18,066 INFO: Plan 2: ḡ=12, γE[v]=2.5, Q=14.5
2026-06-05 04:43:18,067 INFO: Plan 0: ḡ=12, γE[v]=2.5, Q=14.5
2026-06-05 04:43:18,068 INFO: Plan 1: ḡ=12, γE[v]=2.5, Q=14.5
2026-06-05 04:43:18,069 INFO: Plan 3: ḡ=12, γE[v]=2.5, Q=14.5
2026-06-05 04:43:18,086 INFO: Plan 6: ḡ=12, γE[v]=2.5, Q=14.5
2026-06-05 04:43:18,087 INFO: Plan 4: ḡ=12, γE[v]=2.5, Q=14.5
2026-06-05 04:43:18,088 INFO: Plan 7: ḡ=12, γE[v]=2.5, Q=14.5
2026-06-05 04:43:18,105 INFO: Plan 5: ḡ=10, γE[v]=5.0, Q=15.0
2026-06-05 04:43:31,627 INFO: Plan 0: ḡ=10, γE[v]=10.0, Q=20.0
2026-06-05 04:43:31,628 INFO: Plan 1: ḡ=12, γE[v]=2.5, Q=14.5
2026-06-05 04:43:31,629 INFO: Plan 4: ḡ=4, γE[v]=0.0, Q=4.0
2026-06-05 04:43:31,630 INFO: Plan 2: ḡ=0, γE[v]=0.0, Q=0.0
2026-06-05 04:43:31,662 INFO: Plan 6: ḡ=12, γE[v]=7.5, Q=19.5
2026-06-05 04:43:31,663 INFO: Plan 5: ḡ=10, γE[v]=10.0, Q=20.0
2026-06-05 04:43:31,664 INFO: Plan 7: ḡ=10, γE[v]=10.0, Q=20.0
2026-06-05 04:43:31,665 INFO: Plan 3: ḡ=10, γE[v]=7.5, Q=17.5
2026-06-05 04:44:00,774 INFO: Plan 0: ḡ=12, γE[v]=10.0, Q=22.0
2026-06-05 04:44:00,775 INFO: Plan 1: ḡ=12, γE[v]=34.5, Q=46.5
2026-06-05 04:44:00,797 INFO: Plan 6: ḡ=12, γE[v]=34.5, Q=46.5
2026-06-05 04:44:00,798 INFO: Plan 5: ḡ=12, γE[v]=34.5, Q=46.5
2026-06-05 04:44:00,800 INFO: Plan 3: ḡ=12, γE[v]=34.5, Q=46.5
2026-06-05 04:44:00,800 INFO: Plan 7: ḡ=12, γE[v]=34.5, Q=46.5
2026-06-05 04:44:00,800 INFO: Plan 2: ḡ=12, γE[v]=10.0, Q=22.0
2026-06-05 04:44:00,801 INFO: Plan 4: ḡ=12, γE[v]=34.5, Q=46.5
  [1/93] click.testing seed=42: {'cov_qvalue_calib': 36}
  [2/93] click.types seed=42: {'cov_qvalue_calib': 10}
  [3/93] click.utils seed=42: {'cov_qvalue_calib': 21}
2026-06-05 04:44:10,986 INFO: Plan 6: ḡ=12, γE[v]=4.0, Q=16.0
2026-06-05 04:44:10,987 INFO: Plan 1: ḡ=12, γE[v]=7.5, Q=19.5
2026-06-05 04:44:10,987 INFO: Plan 0: ḡ=12, γE[v]=7.5, Q=19.5
2026-06-05 04:44:11,010 INFO: Plan 5: ḡ=12, γE[v]=7.5, Q=19.5
2026-06-05 04:44:11,011 INFO: Plan 3: ḡ=12, γE[v]=7.5, Q=19.5
2026-06-05 04:44:11,012 INFO: Plan 4: ḡ=12, γE[v]=7.5, Q=19.5
2026-06-05 04:44:11,013 INFO: Plan 2: ḡ=12, γE[v]=7.5, Q=19.5
2026-06-05 04:44:11,014 INFO: Plan 7: ḡ=12, γE[v]=7.5, Q=19.5
2026-06-05 04:44:19,793 INFO: Plan 0: ḡ=12, γE[v]=4.0, Q=16.0
2026-06-05 04:44:19,794 INFO: Plan 2: ḡ=12, γE[v]=4.0, Q=16.0
2026-06-05 04:44:19,816 INFO: Plan 1: ḡ=12, γE[v]=5.0, Q=17.0
2026-06-05 04:44:19,817 INFO: Plan 6: ḡ=12, γE[v]=4.0, Q=16.0
2026-06-05 04:44:19,818 INFO: Plan 3: ḡ=12, γE[v]=4.0, Q=16.0
2026-06-05 04:44:19,819 INFO: Plan 4: ḡ=12, γE[v]=4.0, Q=16.0
2026-06-05 04:44:19,837 INFO: Plan 5: ḡ=12, γE[v]=5.0, Q=17.0
2026-06-05 04:44:19,839 INFO: Plan 7: ḡ=12, γE[v]=5.0, Q=17.0
  [4/93] click.parser seed=42: {'cov_qvalue_calib': 22}
2026-06-05 04:44:21,156 INFO: Plan 5: ḡ=12, γE[v]=4.0, Q=16.0
2026-06-05 04:44:21,157 INFO: Plan 2: ḡ=12, γE[v]=4.0, Q=16.0
2026-06-05 04:44:21,158 INFO: Plan 0: ḡ=12, γE[v]=7.5, Q=19.5
2026-06-05 04:44:21,159 INFO: Plan 1: ḡ=12, γE[v]=4.0, Q=16.0
2026-06-05 04:44:21,160 INFO: Plan 3: ḡ=12, γE[v]=2.5, Q=14.5
2026-06-05 04:44:21,177 INFO: Plan 7: ḡ=12, γE[v]=4.0, Q=16.0
2026-06-05 04:44:21,178 INFO: Plan 4: ḡ=12, γE[v]=7.5, Q=19.5
2026-06-05 04:44:21,178 INFO: Plan 6: ḡ=12, γE[v]=4.0, Q=16.0
2026-06-05 04:44:25,162 INFO: Plan 0: ḡ=0, γE[v]=0.0, Q=0.0
2026-06-05 04:44:25,163 INFO: Plan 1: ḡ=2, γE[v]=0.0, Q=2.0
2026-06-05 04:44:25,182 INFO: Plan 2: ḡ=0, γE[v]=0.0, Q=0.0
2026-06-05 04:44:25,203 INFO: Plan 6: ḡ=1, γE[v]=0.0, Q=1.0
2026-06-05 04:44:25,204 INFO: Plan 5: ḡ=1, γE[v]=0.0, Q=1.0
2026-06-05 04:44:25,205 INFO: Plan 3: ḡ=1, γE[v]=0.0, Q=1.0
2026-06-05 04:44:25,206 INFO: Plan 4: ḡ=2, γE[v]=0.0, Q=2.0
2026-06-05 04:44:25,207 INFO: Plan 7: ḡ=1, γE[v]=0.0, Q=1.0
2026-06-05 04:44:32,154 INFO: Plan 0: ḡ=0, γE[v]=0.0, Q=0.0
2026-06-05 04:44:32,192 INFO: Plan 6: ḡ=0, γE[v]=0.0, Q=0.0
2026-06-05 04:44:32,193 INFO: Plan 3: ḡ=0, γE[v]=0.0, Q=0.0
2026-06-05 04:44:32,194 INFO: Plan 4: ḡ=0, γE[v]=0.0, Q=0.0
2026-06-05 04:44:32,195 INFO: Plan 7: ḡ=0, γE[v]=0.0, Q=0.0
2026-06-05 04:44:32,196 INFO: Plan 2: ḡ=0, γE[v]=0.0, Q=0.0
2026-06-05 04:44:32,196 INFO: Plan 1: ḡ=0, γE[v]=0.0, Q=0.0
2026-06-05 04:44:32,197 INFO: Plan 5: ḡ=0, γE[v]=0.0, Q=0.0
  [5/93] click.decorators seed=42: {'cov_qvalue_calib': 23}
2026-06-05 04:44:46,068 INFO: Plan 0: ḡ=3, γE[v]=0.0, Q=3.0
2026-06-05 04:44:46,086 INFO: Plan 2: ḡ=4, γE[v]=0.0, Q=4.0
2026-06-05 04:44:46,106 INFO: Plan 6: ḡ=4, γE[v]=0.0, Q=4.0
2026-06-05 04:44:46,107 INFO: Plan 5: ḡ=4, γE[v]=0.0, Q=4.0
2026-06-05 04:44:46,108 INFO: Plan 4: ḡ=4, γE[v]=0.0, Q=4.0
2026-06-05 04:44:46,108 INFO: Plan 1: ḡ=3, γE[v]=0.0, Q=3.0
2026-06-05 04:44:46,109 INFO: Plan 3: ḡ=3, γE[v]=0.0, Q=3.0
2026-06-05 04:44:46,110 INFO: Plan 7: ḡ=4, γE[v]=0.0, Q=4.0
  [6/93] click.shell_completion seed=42: {'cov_qvalue_calib': 10}
2026-06-05 04:45:03,280 INFO: Plan 0: ḡ=10, γE[v]=0.0, Q=10.0
2026-06-05 04:45:03,301 INFO: Plan 1: ḡ=1, γE[v]=0.0, Q=1.0
2026-06-05 04:45:03,301 INFO: Plan 2: ḡ=6, γE[v]=0.0, Q=6.0
2026-06-05 04:45:03,302 INFO: Plan 3: ḡ=4, γE[v]=0.0, Q=4.0
2026-06-05 04:45:03,303 INFO: Plan 7: ḡ=4, γE[v]=0.0, Q=4.0
2026-06-05 04:45:03,317 INFO: Plan 6: ḡ=10, γE[v]=0.0, Q=10.0
2026-06-05 04:45:03,318 INFO: Plan 5: ḡ=10, γE[v]=0.0, Q=10.0
2026-06-05 04:45:03,319 INFO: Plan 4: ḡ=10, γE[v]=0.0, Q=10.0
  [7/93] click.core seed=42: {'cov_qvalue_calib': 88}
  [8/93] click.termui seed=42: {'cov_qvalue_calib': 16}
2026-06-05 04:45:38,255 INFO: Plan 2: ḡ=10, γE[v]=7.5, Q=17.5
2026-06-05 04:45:38,256 INFO: Plan 0: ḡ=12, γE[v]=7.5, Q=19.5
2026-06-05 04:45:38,257 INFO: Plan 3: ḡ=10, γE[v]=7.5, Q=17.5
2026-06-05 04:45:38,258 INFO: Plan 6: ḡ=1, γE[v]=0.0, Q=1.0
2026-06-05 04:45:38,259 INFO: Plan 1: ḡ=12, γE[v]=7.5, Q=19.5
2026-06-05 04:45:38,260 INFO: Plan 5: ḡ=12, γE[v]=7.5, Q=19.5
2026-06-05 04:45:38,261 INFO: Plan 4: ḡ=10, γE[v]=7.5, Q=17.5
2026-06-05 04:45:38,266 INFO: Plan 7: ḡ=10, γE[v]=7.5, Q=17.5
2026-06-05 04:45:40,197 INFO: Plan 0: ḡ=1, γE[v]=0.0, Q=1.0
2026-06-05 04:45:40,224 INFO: Plan 5: ḡ=1, γE[v]=0.0, Q=1.0
2026-06-05 04:45:40,225 INFO: Plan 6: ḡ=1, γE[v]=0.0, Q=1.0
2026-06-05 04:45:40,225 INFO: Plan 1: ḡ=1, γE[v]=0.0, Q=1.0
2026-06-05 04:45:40,226 INFO: Plan 4: ḡ=1, γE[v]=0.0, Q=1.0
2026-06-05 04:45:40,226 INFO: Plan 7: ḡ=1, γE[v]=0.0, Q=1.0
2026-06-05 04:45:40,227 INFO: Plan 3: ḡ=1, γE[v]=0.0, Q=1.0
2026-06-05 04:45:40,227 INFO: Plan 2: ḡ=1, γE[v]=0.0, Q=1.0
2026-06-05 04:45:49,918 INFO: Plan 0: ḡ=14, γE[v]=0.0, Q=14.0
2026-06-05 04:45:49,938 INFO: Plan 1: ḡ=14, γE[v]=0.0, Q=14.0
2026-06-05 04:45:49,939 INFO: Plan 2: ḡ=27, γE[v]=0.0, Q=27.0
2026-06-05 04:45:49,940 INFO: Plan 3: ḡ=14, γE[v]=0.0, Q=14.0
2026-06-05 04:45:49,957 INFO: Plan 6: ḡ=14, γE[v]=0.0, Q=14.0
2026-06-05 04:45:49,958 INFO: Plan 5: ḡ=14, γE[v]=0.0, Q=14.0
2026-06-05 04:45:49,959 INFO: Plan 7: ḡ=14, γE[v]=0.0, Q=14.0
2026-06-05 04:45:49,974 INFO: Plan 4: ḡ=27, γE[v]=5.0, Q=32.0
2026-06-05 04:45:50,855 INFO: Plan 0: ḡ=13, γE[v]=0.0, Q=13.0
2026-06-05 04:45:50,894 INFO: Plan 7: ḡ=10, γE[v]=2.5, Q=12.5
2026-06-05 04:45:50,895 INFO: Plan 5: ḡ=13, γE[v]=0.0, Q=13.0
2026-06-05 04:45:50,895 INFO: Plan 3: ḡ=13, γE[v]=0.0, Q=13.0
2026-06-05 04:45:50,896 INFO: Plan 6: ḡ=12, γE[v]=4.0, Q=16.0
2026-06-05 04:45:50,911 INFO: Plan 2: ḡ=13, γE[v]=5.0, Q=18.0
2026-06-05 04:45:50,912 INFO: Plan 4: ḡ=12, γE[v]=5.0, Q=17.0
2026-06-05 04:45:50,913 INFO: Plan 1: ḡ=12, γE[v]=7.5, Q=19.5
2026-06-05 04:46:10,332 INFO: Plan 0: ḡ=5, γE[v]=0.0, Q=5.0
2026-06-05 04:46:10,333 INFO: Plan 1: ḡ=5, γE[v]=0.0, Q=5.0
2026-06-05 04:46:10,354 INFO: Plan 5: ḡ=5, γE[v]=0.0, Q=5.0
2026-06-05 04:46:10,355 INFO: Plan 6: ḡ=5, γE[v]=0.0, Q=5.0
2026-06-05 04:46:10,355 INFO: Plan 3: ḡ=5, γE[v]=0.0, Q=5.0
2026-06-05 04:46:10,356 INFO: Plan 7: ḡ=2, γE[v]=1.5, Q=3.5
2026-06-05 04:46:10,357 INFO: Plan 4: ḡ=0, γE[v]=0.0, Q=0.0
2026-06-05 04:46:10,358 INFO: Plan 2: ḡ=2, γE[v]=0.0, Q=2.0
2026-06-05 04:46:17,548 INFO: Plan 0: ḡ=0, γE[v]=0.0, Q=0.0
2026-06-05 04:46:17,549 INFO: Plan 1: ḡ=0, γE[v]=0.0, Q=0.0
2026-06-05 04:46:17,550 INFO: Plan 3: ḡ=0, γE[v]=0.0, Q=0.0
2026-06-05 04:46:17,551 INFO: Plan 2: ḡ=0, γE[v]=0.0, Q=0.0
2026-06-05 04:46:17,567 INFO: Plan 7: ḡ=0, γE[v]=0.0, Q=0.0
2026-06-05 04:46:17,568 INFO: Plan 4: ḡ=0, γE[v]=0.0, Q=0.0
2026-06-05 04:46:17,569 INFO: Plan 5: ḡ=0, γE[v]=0.0, Q=0.0
2026-06-05 04:46:17,570 INFO: Plan 6: ḡ=0, γE[v]=0.0, Q=0.0
2026-06-05 04:46:28,993 INFO: Plan 3: ḡ=6, γE[v]=0.0, Q=6.0
2026-06-05 04:46:28,994 INFO: Plan 5: ḡ=6, γE[v]=0.0, Q=6.0
2026-06-05 04:46:28,995 INFO: Plan 6: ḡ=6, γE[v]=0.0, Q=6.0
2026-06-05 04:46:29,014 INFO: Plan 1: ḡ=10, γE[v]=1.0, Q=11.0
2026-06-05 04:46:29,015 INFO: Plan 7: ḡ=6, γE[v]=0.0, Q=6.0
2026-06-05 04:46:29,016 INFO: Plan 0: ḡ=10, γE[v]=1.0, Q=11.0
2026-06-05 04:46:29,017 INFO: Plan 2: ḡ=10, γE[v]=1.0, Q=11.0
2026-06-05 04:46:29,017 INFO: Plan 4: ḡ=10, γE[v]=1.0, Q=11.0
2026-06-05 04:46:41,525 INFO: Plan 0: ḡ=1, γE[v]=0.0, Q=1.0
2026-06-05 04:46:41,564 INFO: Plan 1: ḡ=1, γE[v]=0.0, Q=1.0
2026-06-05 04:46:41,565 INFO: Plan 3: ḡ=1, γE[v]=0.0, Q=1.0
2026-06-05 04:46:41,566 INFO: Plan 6: ḡ=0, γE[v]=0.0, Q=0.0
2026-06-05 04:46:41,566 INFO: Plan 4: ḡ=1, γE[v]=0.0, Q=1.0
2026-06-05 04:46:41,581 INFO: Plan 2: ḡ=10, γE[v]=0.0, Q=10.0
2026-06-05 04:46:41,582 INFO: Plan 7: ḡ=12, γE[v]=0.0, Q=12.0
2026-06-05 04:46:41,582 INFO: Plan 5: ḡ=12, γE[v]=0.0, Q=12.0
2026-06-05 04:47:21,535 INFO: Plan 2: ḡ=14, γE[v]=0.0, Q=14.0
2026-06-05 04:47:21,536 INFO: Plan 7: ḡ=27, γE[v]=0.0, Q=27.0
2026-06-05 04:47:21,537 INFO: Plan 0: ḡ=14, γE[v]=13.5, Q=27.5
2026-06-05 04:47:21,538 INFO: Plan 4: ḡ=14, γE[v]=0.0, Q=14.0
2026-06-05 04:47:21,538 INFO: Plan 6: ḡ=27, γE[v]=0.0, Q=27.0
2026-06-05 04:47:21,539 INFO: Plan 1: ḡ=14, γE[v]=0.0, Q=14.0
2026-06-05 04:47:21,540 INFO: Plan 3: ḡ=14, γE[v]=0.0, Q=14.0
2026-06-05 04:47:21,555 INFO: Plan 5: ḡ=14, γE[v]=6.5, Q=20.5
2026-06-05 04:47:22,200 INFO: Plan 0: ḡ=13, γE[v]=0.0, Q=13.0
2026-06-05 04:47:22,247 INFO: Plan 5: ḡ=13, γE[v]=5.0, Q=18.0
2026-06-05 04:47:22,248 INFO: Plan 2: ḡ=13, γE[v]=5.0, Q=18.0
2026-06-05 04:47:22,250 INFO: Plan 6: ḡ=12, γE[v]=7.5, Q=19.5
2026-06-05 04:47:22,250 INFO: Plan 4: ḡ=13, γE[v]=5.0, Q=18.0
2026-06-05 04:47:22,251 INFO: Plan 7: ḡ=13, γE[v]=5.0, Q=18.0
2026-06-05 04:47:22,251 INFO: Plan 1: ḡ=13, γE[v]=5.0, Q=18.0
2026-06-05 04:47:22,252 INFO: Plan 3: ḡ=13, γE[v]=5.0, Q=18.0
2026-06-05 04:47:23,209 INFO: Plan 0: ḡ=45, γE[v]=2.5, Q=47.5
2026-06-05 04:47:23,210 INFO: Plan 2: ḡ=47, γE[v]=0.0, Q=47.0
2026-06-05 04:47:23,211 INFO: Plan 3: ḡ=47, γE[v]=0.0, Q=47.0
2026-06-05 04:47:23,231 INFO: Plan 5: ḡ=47, γE[v]=0.0, Q=47.0
2026-06-05 04:47:23,232 INFO: Plan 1: ḡ=12, γE[v]=17.5, Q=29.5
2026-06-05 04:47:23,233 INFO: Plan 4: ḡ=47, γE[v]=0.0, Q=47.0
2026-06-05 04:47:23,234 INFO: Plan 7: ḡ=8, γE[v]=20.5, Q=28.5
2026-06-05 04:47:23,235 INFO: Plan 6: ḡ=47, γE[v]=0.0, Q=47.0
2026-06-05 04:47:28,090 INFO: Plan 0: ḡ=51, γE[v]=0.0, Q=51.0
2026-06-05 04:47:28,128 INFO: Plan 7: ḡ=51, γE[v]=0.0, Q=51.0
2026-06-05 04:47:28,129 INFO: Plan 5: ḡ=51, γE[v]=0.0, Q=51.0
2026-06-05 04:47:28,129 INFO: Plan 4: ḡ=51, γE[v]=0.0, Q=51.0
2026-06-05 04:47:28,146 INFO: Plan 6: ḡ=12, γE[v]=17.5, Q=29.5
2026-06-05 04:47:28,147 INFO: Plan 2: ḡ=10, γE[v]=15.0, Q=25.0
2026-06-05 04:47:28,148 INFO: Plan 1: ḡ=10, γE[v]=7.5, Q=17.5
2026-06-05 04:47:28,149 INFO: Plan 3: ḡ=10, γE[v]=20.0, Q=30.0
2026-06-05 04:47:57,316 INFO: Plan 1: ḡ=2, γE[v]=0.0, Q=2.0
2026-06-05 04:47:57,317 INFO: Plan 0: ḡ=2, γE[v]=0.0, Q=2.0
2026-06-05 04:47:57,318 INFO: Plan 2: ḡ=0, γE[v]=0.0, Q=0.0
2026-06-05 04:47:57,338 INFO: Plan 3: ḡ=2, γE[v]=0.0, Q=2.0
2026-06-05 04:47:57,339 INFO: Plan 7: ḡ=3, γE[v]=0.0, Q=3.0
2026-06-05 04:47:57,340 INFO: Plan 5: ḡ=2, γE[v]=0.0, Q=2.0
2026-06-05 04:47:57,341 INFO: Plan 4: ḡ=2, γE[v]=0.0, Q=2.0
2026-06-05 04:47:57,342 INFO: Plan 6: ḡ=2, γE[v]=0.5, Q=2.5
2026-06-05 04:47:59,979 INFO: Plan 1: ḡ=0, γE[v]=0.0, Q=0.0
2026-06-05 04:47:59,980 INFO: Plan 0: ḡ=0, γE[v]=0.0, Q=0.0
2026-06-05 04:47:59,997 INFO: Plan 2: ḡ=0, γE[v]=0.0, Q=0.0
2026-06-05 04:48:00,017 INFO: Plan 3: ḡ=0, γE[v]=0.0, Q=0.0
2026-06-05 04:48:00,018 INFO: Plan 7: ḡ=0, γE[v]=0.0, Q=0.0
2026-06-05 04:48:00,019 INFO: Plan 4: ḡ=0, γE[v]=0.0, Q=0.0
2026-06-05 04:48:00,019 INFO: Plan 6: ḡ=0, γE[v]=0.0, Q=0.0
2026-06-05 04:48:00,020 INFO: Plan 5: ḡ=0, γE[v]=0.0, Q=0.0
2026-06-05 04:48:11,542 INFO: Plan 0: ḡ=4, γE[v]=0.0, Q=4.0
2026-06-05 04:48:11,564 INFO: Plan 3: ḡ=4, γE[v]=0.0, Q=4.0
2026-06-05 04:48:11,565 INFO: Plan 5: ḡ=4, γE[v]=0.0, Q=4.0
2026-06-05 04:48:11,566 INFO: Plan 1: ḡ=12, γE[v]=1.0, Q=13.0
2026-06-05 04:48:11,567 INFO: Plan 6: ḡ=4, γE[v]=0.0, Q=4.0
2026-06-05 04:48:11,568 INFO: Plan 7: ḡ=3, γE[v]=0.0, Q=3.0
2026-06-05 04:48:11,583 INFO: Plan 2: ḡ=12, γE[v]=2.0, Q=14.0
2026-06-05 04:48:11,584 INFO: Plan 4: ḡ=10, γE[v]=2.5, Q=12.5
2026-06-05 04:48:20,264 INFO: Plan 1: ḡ=10, γE[v]=0.0, Q=10.0
2026-06-05 04:48:20,284 INFO: Plan 0: ḡ=10, γE[v]=0.0, Q=10.0
2026-06-05 04:48:20,286 INFO: Plan 2: ḡ=7, γE[v]=0.0, Q=7.0
2026-06-05 04:48:20,287 INFO: Plan 7: ḡ=1, γE[v]=0.0, Q=1.0
2026-06-05 04:48:20,303 INFO: Plan 4: ḡ=10, γE[v]=0.0, Q=10.0
2026-06-05 04:48:20,304 INFO: Plan 3: ḡ=10, γE[v]=0.0, Q=10.0
2026-06-05 04:48:20,305 INFO: Plan 6: ḡ=10, γE[v]=0.0, Q=10.0
2026-06-05 04:48:20,305 INFO: Plan 5: ḡ=10, γE[v]=0.0, Q=10.0
2026-06-05 04:48:47,345 INFO: Plan 7: ḡ=6, γE[v]=0.0, Q=6.0
2026-06-05 04:48:47,345 INFO: Plan 1: ḡ=10, γE[v]=0.0, Q=10.0
2026-06-05 04:48:47,366 INFO: Plan 0: ḡ=13, γE[v]=5.0, Q=18.0
2026-06-05 04:48:47,366 INFO: Plan 4: ḡ=13, γE[v]=0.0, Q=13.0
2026-06-05 04:48:47,367 INFO: Plan 3: ḡ=10, γE[v]=0.0, Q=10.0
2026-06-05 04:48:47,383 INFO: Plan 2: ḡ=13, γE[v]=5.0, Q=18.0
2026-06-05 04:48:47,384 INFO: Plan 5: ḡ=10, γE[v]=7.5, Q=17.5
2026-06-05 04:48:47,385 INFO: Plan 6: ḡ=13, γE[v]=5.0, Q=18.0
2026-06-05 04:48:47,714 INFO: Plan 0: ḡ=27, γE[v]=0.0, Q=27.0
2026-06-05 04:48:47,734 INFO: Plan 5: ḡ=27, γE[v]=0.0, Q=27.0
2026-06-05 04:48:47,734 INFO: Plan 2: ḡ=27, γE[v]=0.0, Q=27.0
2026-06-05 04:48:47,735 INFO: Plan 4: ḡ=27, γE[v]=0.0, Q=27.0
2026-06-05 04:48:47,752 INFO: Plan 6: ḡ=27, γE[v]=7.5, Q=34.5
2026-06-05 04:48:47,753 INFO: Plan 7: ḡ=27, γE[v]=7.5, Q=34.5
2026-06-05 04:48:47,754 INFO: Plan 1: ḡ=27, γE[v]=7.5, Q=34.5
2026-06-05 04:48:47,754 INFO: Plan 3: ḡ=27, γE[v]=5.0, Q=32.0
2026-06-05 04:49:00,606 INFO: Plan 0: ḡ=47, γE[v]=0.0, Q=47.0
2026-06-05 04:49:00,644 INFO: Plan 7: ḡ=47, γE[v]=0.0, Q=47.0
2026-06-05 04:49:00,645 INFO: Plan 3: ḡ=8, γE[v]=21.0, Q=29.0
2026-06-05 04:49:00,646 INFO: Plan 1: ḡ=47, γE[v]=0.0, Q=47.0
2026-06-05 04:49:00,647 INFO: Plan 2: ḡ=47, γE[v]=0.0, Q=47.0
2026-06-05 04:49:00,648 INFO: Plan 6: ḡ=4, γE[v]=22.5, Q=26.5
2026-06-05 04:49:00,649 INFO: Plan 5: ḡ=6, γE[v]=22.5, Q=28.5
2026-06-05 04:49:00,649 INFO: Plan 4: ḡ=6, γE[v]=17.0, Q=23.0
2026-06-05 04:49:42,198 INFO: Plan 4: ḡ=0, γE[v]=0.0, Q=0.0
2026-06-05 04:49:42,199 INFO: Plan 0: ḡ=0, γE[v]=0.0, Q=0.0
2026-06-05 04:49:42,200 INFO: Plan 1: ḡ=0, γE[v]=0.0, Q=0.0
2026-06-05 04:49:42,201 INFO: Plan 3: ḡ=0, γE[v]=0.0, Q=0.0
2026-06-05 04:49:42,240 INFO: Plan 6: ḡ=0, γE[v]=0.0, Q=0.0
2026-06-05 04:49:42,241 INFO: Plan 7: ḡ=0, γE[v]=0.0, Q=0.0
2026-06-05 04:49:42,242 INFO: Plan 5: ḡ=0, γE[v]=0.0, Q=0.0
2026-06-05 04:49:42,243 INFO: Plan 2: ḡ=0, γE[v]=0.0, Q=0.0
2026-06-05 04:49:43,746 INFO: Plan 4: ḡ=2, γE[v]=0.0, Q=2.0
2026-06-05 04:49:43,748 INFO: Plan 1: ḡ=4, γE[v]=0.0, Q=4.0
2026-06-05 04:49:43,749 INFO: Plan 3: ḡ=2, γE[v]=1.0, Q=3.0
2026-06-05 04:49:43,750 INFO: Plan 6: ḡ=4, γE[v]=0.0, Q=4.0
2026-06-05 04:49:43,751 INFO: Plan 0: ḡ=2, γE[v]=1.0, Q=3.0
2026-06-05 04:49:43,752 INFO: Plan 5: ḡ=2, γE[v]=0.0, Q=2.0
2026-06-05 04:49:43,754 INFO: Plan 2: ḡ=2, γE[v]=1.0, Q=3.0
2026-06-05 04:49:43,754 INFO: Plan 7: ḡ=4, γE[v]=1.0, Q=5.0
2026-06-05 04:49:50,719 INFO: Plan 0: ḡ=4, γE[v]=0.0, Q=4.0
2026-06-05 04:49:50,720 INFO: Plan 3: ḡ=4, γE[v]=0.0, Q=4.0
2026-06-05 04:49:50,721 INFO: Plan 2: ḡ=6, γE[v]=0.0, Q=6.0
2026-06-05 04:49:50,728 INFO: Plan 1: ḡ=4, γE[v]=0.0, Q=4.0
2026-06-05 04:49:50,739 INFO: Plan 6: ḡ=3, γE[v]=0.0, Q=3.0
2026-06-05 04:49:50,740 INFO: Plan 4: ḡ=7, γE[v]=0.0, Q=7.0
2026-06-05 04:49:50,741 INFO: Plan 5: ḡ=3, γE[v]=0.0, Q=3.0
2026-06-05 04:49:50,757 INFO: Plan 7: ḡ=10, γE[v]=0.0, Q=10.0
2026-06-05 04:50:02,043 INFO: Plan 1: ḡ=0, γE[v]=0.0, Q=0.0
2026-06-05 04:50:02,064 INFO: Plan 0: ḡ=12, γE[v]=0.0, Q=12.0
2026-06-05 04:50:02,065 INFO: Plan 4: ḡ=1, γE[v]=0.0, Q=1.0
2026-06-05 04:50:02,085 INFO: Plan 3: ḡ=12, γE[v]=0.0, Q=12.0
2026-06-05 04:50:02,086 INFO: Plan 6: ḡ=0, γE[v]=0.0, Q=0.0
2026-06-05 04:50:02,087 INFO: Plan 5: ḡ=12, γE[v]=1.0, Q=13.0
2026-06-05 04:50:02,088 INFO: Plan 2: ḡ=10, γE[v]=0.0, Q=10.0
2026-06-05 04:50:02,103 INFO: Plan 7: ḡ=12, γE[v]=0.0, Q=12.0
2026-06-05 04:50:08,055 INFO: Plan 0: ḡ=51, γE[v]=0.0, Q=51.0
2026-06-05 04:50:08,055 INFO: Plan 3: ḡ=51, γE[v]=0.0, Q=51.0
2026-06-05 04:50:08,079 INFO: Plan 4: ḡ=51, γE[v]=5.0, Q=56.0
2026-06-05 04:50:08,080 INFO: Plan 5: ḡ=51, γE[v]=5.0, Q=56.0
2026-06-05 04:50:08,081 INFO: Plan 2: ḡ=52, γE[v]=5.0, Q=57.0
2026-06-05 04:50:08,081 INFO: Plan 1: ḡ=51, γE[v]=5.0, Q=56.0
2026-06-05 04:50:08,124 INFO: Plan 7: ḡ=51, γE[v]=5.0, Q=56.0
2026-06-05 04:50:08,125 INFO: Plan 6: ḡ=51, γE[v]=5.0, Q=56.0
2026-06-05 04:50:15,026 INFO: Plan 1: ḡ=14, γE[v]=0.0, Q=14.0
2026-06-05 04:50:15,047 INFO: Plan 4: ḡ=14, γE[v]=0.0, Q=14.0
2026-06-05 04:50:15,048 INFO: Plan 0: ḡ=28, γE[v]=5.0, Q=33.0
2026-06-05 04:50:15,049 INFO: Plan 3: ḡ=14, γE[v]=0.0, Q=14.0
2026-06-05 04:50:15,050 INFO: Plan 5: ḡ=28, γE[v]=0.0, Q=28.0
2026-06-05 04:50:15,051 INFO: Plan 7: ḡ=14, γE[v]=0.0, Q=14.0
2026-06-05 04:50:15,067 INFO: Plan 2: ḡ=14, γE[v]=6.5, Q=20.5
2026-06-05 04:50:15,068 INFO: Plan 6: ḡ=27, γE[v]=5.0, Q=32.0
2026-06-05 04:50:19,187 INFO: Plan 0: ḡ=13, γE[v]=0.0, Q=13.0
2026-06-05 04:50:19,206 INFO: Plan 1: ḡ=13, γE[v]=0.0, Q=13.0
2026-06-05 04:50:19,207 INFO: Plan 2: ḡ=13, γE[v]=0.0, Q=13.0
2026-06-05 04:50:19,224 INFO: Plan 6: ḡ=10, γE[v]=0.0, Q=10.0
2026-06-05 04:50:19,225 INFO: Plan 3: ḡ=10, γE[v]=2.5, Q=12.5
2026-06-05 04:50:19,226 INFO: Plan 4: ḡ=10, γE[v]=2.5, Q=12.5
2026-06-05 04:50:19,227 INFO: Plan 7: ḡ=10, γE[v]=0.0, Q=10.0
2026-06-05 04:50:19,240 INFO: Plan 5: ḡ=13, γE[v]=5.0, Q=18.0
2026-06-05 04:50:35,243 INFO: Plan 2: ḡ=41, γE[v]=5.0, Q=46.0
2026-06-05 04:50:35,263 INFO: Plan 6: ḡ=47, γE[v]=0.0, Q=47.0
2026-06-05 04:50:35,264 INFO: Plan 7: ḡ=47, γE[v]=0.0, Q=47.0
2026-06-05 04:50:35,265 INFO: Plan 4: ḡ=47, γE[v]=0.0, Q=47.0
2026-06-05 04:50:35,266 INFO: Plan 1: ḡ=47, γE[v]=0.0, Q=47.0
2026-06-05 04:50:35,266 INFO: Plan 0: ḡ=45, γE[v]=2.5, Q=47.5
2026-06-05 04:50:35,267 INFO: Plan 5: ḡ=47, γE[v]=0.0, Q=47.0
2026-06-05 04:50:35,268 INFO: Plan 3: ḡ=47, γE[v]=0.0, Q=47.0
2026-06-05 04:51:19,722 INFO: Plan 5: ḡ=0, γE[v]=0.0, Q=0.0
2026-06-05 04:51:19,723 INFO: Plan 0: ḡ=0, γE[v]=0.0, Q=0.0
2026-06-05 04:51:19,724 INFO: Plan 2: ḡ=0, γE[v]=0.0, Q=0.0
2026-06-05 04:51:19,725 INFO: Plan 1: ḡ=0, γE[v]=0.0, Q=0.0
2026-06-05 04:51:19,742 INFO: Plan 6: ḡ=0, γE[v]=0.0, Q=0.0
2026-06-05 04:51:19,743 INFO: Plan 3: ḡ=0, γE[v]=0.0, Q=0.0
2026-06-05 04:51:19,744 INFO: Plan 7: ḡ=0, γE[v]=0.0, Q=0.0
2026-06-05 04:51:19,745 INFO: Plan 4: ḡ=0, γE[v]=0.0, Q=0.0
2026-06-05 04:51:31,785 INFO: Plan 0: ḡ=2, γE[v]=0.0, Q=2.0
2026-06-05 04:51:31,811 INFO: Plan 4: ḡ=2, γE[v]=0.0, Q=2.0
2026-06-05 04:51:31,813 INFO: Plan 6: ḡ=2, γE[v]=0.0, Q=2.0
2026-06-05 04:51:31,814 INFO: Plan 2: ḡ=3, γE[v]=1.0, Q=4.0
2026-06-05 04:51:31,815 INFO: Plan 1: ḡ=2, γE[v]=1.0, Q=3.0
2026-06-05 04:51:31,816 INFO: Plan 3: ḡ=0, γE[v]=0.0, Q=0.0
2026-06-05 04:51:31,817 INFO: Plan 5: ḡ=2, γE[v]=0.5, Q=2.5
2026-06-05 04:51:31,818 INFO: Plan 7: ḡ=2, γE[v]=1.0, Q=3.0
2026-06-05 04:51:33,474 INFO: Plan 0: ḡ=4, γE[v]=0.0, Q=4.0
2026-06-05 04:51:33,501 INFO: Plan 2: ḡ=3, γE[v]=0.5, Q=3.5
2026-06-05 04:51:33,502 INFO: Plan 6: ḡ=4, γE[v]=0.0, Q=4.0
2026-06-05 04:51:33,503 INFO: Plan 3: ḡ=4, γE[v]=1.0, Q=5.0
2026-06-05 04:51:33,504 INFO: Plan 1: ḡ=4, γE[v]=1.0, Q=5.0
2026-06-05 04:51:33,505 INFO: Plan 4: ḡ=3, γE[v]=0.5, Q=3.5
2026-06-05 04:51:33,506 INFO: Plan 7: ḡ=4, γE[v]=1.0, Q=5.0
2026-06-05 04:51:33,523 INFO: Plan 5: ḡ=12, γE[v]=1.0, Q=13.0
2026-06-05 04:51:42,578 INFO: Plan 2: ḡ=1, γE[v]=0.0, Q=1.0
2026-06-05 04:51:42,579 INFO: Plan 3: ḡ=1, γE[v]=0.0, Q=1.0
2026-06-05 04:51:42,579 INFO: Plan 1: ḡ=1, γE[v]=0.0, Q=1.0
2026-06-05 04:51:42,600 INFO: Plan 6: ḡ=7, γE[v]=0.0, Q=7.0
2026-06-05 04:51:42,601 INFO: Plan 0: ḡ=12, γE[v]=0.0, Q=12.0
2026-06-05 04:51:42,603 INFO: Plan 4: ḡ=10, γE[v]=0.0, Q=10.0
2026-06-05 04:51:42,622 INFO: Plan 5: ḡ=10, γE[v]=0.0, Q=10.0
2026-06-05 04:51:42,623 INFO: Plan 7: ḡ=10, γE[v]=0.0, Q=10.0
2026-06-05 04:51:43,615 INFO: Plan 3: ḡ=14, γE[v]=0.0, Q=14.0
2026-06-05 04:51:43,616 INFO: Plan 1: ḡ=14, γE[v]=0.0, Q=14.0
2026-06-05 04:51:43,617 INFO: Plan 0: ḡ=14, γE[v]=0.0, Q=14.0
2026-06-05 04:51:43,636 INFO: Plan 7: ḡ=27, γE[v]=2.5, Q=29.5
2026-06-05 04:51:43,637 INFO: Plan 2: ḡ=27, γE[v]=0.0, Q=27.0
2026-06-05 04:51:43,639 INFO: Plan 5: ḡ=27, γE[v]=0.0, Q=27.0
2026-06-05 04:51:43,640 INFO: Plan 6: ḡ=14, γE[v]=0.0, Q=14.0
2026-06-05 04:51:43,655 INFO: Plan 4: ḡ=14, γE[v]=6.5, Q=20.5
2026-06-05 04:51:46,813 INFO: Plan 0: ḡ=13, γE[v]=2.5, Q=15.5
2026-06-05 04:51:46,873 INFO: Plan 7: ḡ=13, γE[v]=5.0, Q=18.0
2026-06-05 04:51:46,874 INFO: Plan 3: ḡ=13, γE[v]=5.0, Q=18.0
2026-06-05 04:51:46,876 INFO: Plan 1: ḡ=13, γE[v]=5.0, Q=18.0
2026-06-05 04:51:46,878 INFO: Plan 2: ḡ=13, γE[v]=5.0, Q=18.0
2026-06-05 04:51:46,879 INFO: Plan 5: ḡ=17, γE[v]=6.0, Q=23.0
2026-06-05 04:51:46,879 INFO: Plan 4: ḡ=10, γE[v]=7.5, Q=17.5
2026-06-05 04:51:46,880 INFO: Plan 6: ḡ=13, γE[v]=5.0, Q=18.0
2026-06-05 04:51:47,744 INFO: Plan 2: ḡ=51, γE[v]=0.0, Q=51.0
2026-06-05 04:51:47,762 INFO: Plan 0: ḡ=51, γE[v]=0.0, Q=51.0
2026-06-05 04:51:47,783 INFO: Plan 4: ḡ=51, γE[v]=0.0, Q=51.0
2026-06-05 04:51:47,784 INFO: Plan 6: ḡ=51, γE[v]=0.0, Q=51.0
2026-06-05 04:51:47,785 INFO: Plan 5: ḡ=51, γE[v]=0.0, Q=51.0
2026-06-05 04:51:47,785 INFO: Plan 7: ḡ=51, γE[v]=0.0, Q=51.0
2026-06-05 04:51:47,786 INFO: Plan 3: ḡ=51, γE[v]=0.0, Q=51.0
2026-06-05 04:51:47,787 INFO: Plan 1: ḡ=51, γE[v]=0.0, Q=51.0
2026-06-05 04:52:06,986 INFO: Plan 0: ḡ=10, γE[v]=20.0, Q=30.0
2026-06-05 04:52:07,007 INFO: Plan 2: ḡ=8, γE[v]=21.0, Q=29.0
2026-06-05 04:52:07,008 INFO: Plan 4: ḡ=47, γE[v]=0.0, Q=47.0
2026-06-05 04:52:07,011 INFO: Plan 5: ḡ=7, γE[v]=20.5, Q=27.5
2026-06-05 04:52:07,011 INFO: Plan 7: ḡ=8, γE[v]=21.0, Q=29.0
2026-06-05 04:52:07,012 INFO: Plan 3: ḡ=47, γE[v]=0.0, Q=47.0
2026-06-05 04:52:07,012 INFO: Plan 1: ḡ=8, γE[v]=21.0, Q=29.0
2026-06-05 04:52:07,022 INFO: Plan 6: ḡ=10, γE[v]=20.0, Q=30.0
2026-06-05 04:52:56,111 INFO: Plan 1: ḡ=0, γE[v]=0.0, Q=0.0
2026-06-05 04:52:56,112 INFO: Plan 0: ḡ=0, γE[v]=0.0, Q=0.0
2026-06-05 04:52:56,129 INFO: Plan 2: ḡ=0, γE[v]=0.0, Q=0.0
2026-06-05 04:52:56,150 INFO: Plan 6: ḡ=0, γE[v]=0.0, Q=0.0
2026-06-05 04:52:56,151 INFO: Plan 5: ḡ=0, γE[v]=0.0, Q=0.0
2026-06-05 04:52:56,152 INFO: Plan 7: ḡ=0, γE[v]=0.0, Q=0.0
2026-06-05 04:52:56,153 INFO: Plan 4: ḡ=0, γE[v]=0.0, Q=0.0
2026-06-05 04:52:56,154 INFO: Plan 3: ḡ=0, γE[v]=0.0, Q=0.0
2026-06-05 04:53:12,848 INFO: Plan 1: ḡ=4, γE[v]=0.0, Q=4.0
2026-06-05 04:53:12,888 INFO: Plan 5: ḡ=4, γE[v]=0.5, Q=4.5
2026-06-05 04:53:12,889 INFO: Plan 0: ḡ=4, γE[v]=0.5, Q=4.5
2026-06-05 04:53:12,890 INFO: Plan 4: ḡ=3, γE[v]=1.0, Q=4.0
2026-06-05 04:53:12,891 INFO: Plan 7: ḡ=3, γE[v]=0.0, Q=3.0
2026-06-05 04:53:12,891 INFO: Plan 3: ḡ=4, γE[v]=0.0, Q=4.0
2026-06-05 04:53:12,892 INFO: Plan 2: ḡ=6, γE[v]=0.0, Q=6.0
2026-06-05 04:53:12,892 INFO: Plan 6: ḡ=3, γE[v]=1.0, Q=4.0
2026-06-05 04:53:18,117 INFO: Plan 1: ḡ=14, γE[v]=0.0, Q=14.0
2026-06-05 04:53:18,145 INFO: Plan 3: ḡ=14, γE[v]=0.0, Q=14.0
2026-06-05 04:53:18,146 INFO: Plan 2: ḡ=28, γE[v]=6.0, Q=34.0
2026-06-05 04:53:18,147 INFO: Plan 0: ḡ=27, γE[v]=5.0, Q=32.0
2026-06-05 04:53:18,148 INFO: Plan 6: ḡ=14, γE[v]=0.0, Q=14.0
2026-06-05 04:53:18,149 INFO: Plan 5: ḡ=15, γE[v]=0.0, Q=15.0
2026-06-05 04:53:18,170 INFO: Plan 7: ḡ=27, γE[v]=5.0, Q=32.0
2026-06-05 04:53:18,171 INFO: Plan 4: ḡ=27, γE[v]=5.0, Q=32.0
2026-06-05 04:53:21,222 INFO: Plan 0: ḡ=4, γE[v]=1.0, Q=5.0
2026-06-05 04:53:21,224 INFO: Plan 1: ḡ=2, γE[v]=0.0, Q=2.0
2026-06-05 04:53:21,225 INFO: Plan 4: ḡ=2, γE[v]=0.0, Q=2.0
2026-06-05 04:53:21,225 INFO: Plan 2: ḡ=4, γE[v]=1.0, Q=5.0
2026-06-05 04:53:21,246 INFO: Plan 3: ḡ=2, γE[v]=1.0, Q=3.0
2026-06-05 04:53:21,247 INFO: Plan 7: ḡ=2, γE[v]=0.5, Q=2.5
2026-06-05 04:53:21,248 INFO: Plan 6: ḡ=2, γE[v]=1.0, Q=3.0
2026-06-05 04:53:21,249 INFO: Plan 5: ḡ=2, γE[v]=0.0, Q=2.0
2026-06-05 04:53:22,716 INFO: Plan 0: ḡ=10, γE[v]=0.0, Q=10.0
2026-06-05 04:53:22,741 INFO: Plan 4: ḡ=10, γE[v]=0.0, Q=10.0
2026-06-05 04:53:22,742 INFO: Plan 2: ḡ=10, γE[v]=0.0, Q=10.0
2026-06-05 04:53:22,743 INFO: Plan 5: ḡ=13, γE[v]=0.0, Q=13.0
2026-06-05 04:53:22,744 INFO: Plan 3: ḡ=12, γE[v]=2.5, Q=14.5
2026-06-05 04:53:22,745 INFO: Plan 7: ḡ=10, γE[v]=2.5, Q=12.5
2026-06-05 04:53:22,746 INFO: Plan 1: ḡ=6, γE[v]=6.0, Q=12.0
2026-06-05 04:53:22,766 INFO: Plan 6: ḡ=13, γE[v]=5.0, Q=18.0
2026-06-05 04:53:26,968 INFO: Plan 0: ḡ=7, γE[v]=0.0, Q=7.0
2026-06-05 04:53:26,988 INFO: Plan 1: ḡ=12, γE[v]=0.0, Q=12.0
2026-06-05 04:53:27,009 INFO: Plan 7: ḡ=7, γE[v]=0.0, Q=7.0
2026-06-05 04:53:27,010 INFO: Plan 3: ḡ=1, γE[v]=0.0, Q=1.0
2026-06-05 04:53:27,011 INFO: Plan 6: ḡ=1, γE[v]=0.0, Q=1.0
2026-06-05 04:53:27,028 INFO: Plan 4: ḡ=10, γE[v]=0.0, Q=10.0
2026-06-05 04:53:27,029 INFO: Plan 5: ḡ=10, γE[v]=0.0, Q=10.0
2026-06-05 04:53:27,030 INFO: Plan 2: ḡ=10, γE[v]=0.0, Q=10.0
2026-06-05 04:53:30,876 INFO: Plan 0: ḡ=51, γE[v]=0.0, Q=51.0
2026-06-05 04:53:30,894 INFO: Plan 1: ḡ=0, γE[v]=0.0, Q=0.0
2026-06-05 04:53:30,914 INFO: Plan 6: ḡ=51, γE[v]=0.0, Q=51.0
2026-06-05 04:53:30,916 INFO: Plan 2: ḡ=51, γE[v]=0.0, Q=51.0
2026-06-05 04:53:30,916 INFO: Plan 7: ḡ=51, γE[v]=0.0, Q=51.0
2026-06-05 04:53:30,917 INFO: Plan 5: ḡ=51, γE[v]=0.0, Q=51.0
2026-06-05 04:53:30,917 INFO: Plan 3: ḡ=51, γE[v]=0.0, Q=51.0
2026-06-05 04:53:30,930 INFO: Plan 4: ḡ=10, γE[v]=20.0, Q=30.0
2026-06-05 04:53:41,445 INFO: Plan 0: ḡ=47, γE[v]=0.0, Q=47.0
2026-06-05 04:53:41,483 INFO: Plan 7: ḡ=47, γE[v]=0.0, Q=47.0
2026-06-05 04:53:41,484 INFO: Plan 1: ḡ=2, γE[v]=22.5, Q=24.5
2026-06-05 04:53:41,485 INFO: Plan 5: ḡ=47, γE[v]=0.0, Q=47.0
2026-06-05 04:53:41,486 INFO: Plan 3: ḡ=47, γE[v]=0.0, Q=47.0
2026-06-05 04:53:41,487 INFO: Plan 6: ḡ=47, γE[v]=0.0, Q=47.0
2026-06-05 04:53:41,488 INFO: Plan 4: ḡ=47, γE[v]=0.0, Q=47.0
2026-06-05 04:53:41,489 INFO: Plan 2: ḡ=47, γE[v]=0.0, Q=47.0
2026-06-05 04:54:34,971 INFO: Plan 0: ḡ=0, γE[v]=0.0, Q=0.0
2026-06-05 04:54:35,014 INFO: Plan 2: ḡ=0, γE[v]=0.0, Q=0.0
2026-06-05 04:54:35,015 INFO: Plan 5: ḡ=0, γE[v]=0.0, Q=0.0
2026-06-05 04:54:35,016 INFO: Plan 7: ḡ=0, γE[v]=0.0, Q=0.0
2026-06-05 04:54:35,017 INFO: Plan 4: ḡ=0, γE[v]=0.0, Q=0.0
2026-06-05 04:54:35,017 INFO: Plan 3: ḡ=0, γE[v]=0.0, Q=0.0
2026-06-05 04:54:35,018 INFO: Plan 6: ḡ=0, γE[v]=0.0, Q=0.0
2026-06-05 04:54:35,019 INFO: Plan 1: ḡ=0, γE[v]=0.0, Q=0.0
2026-06-05 04:54:46,178 INFO: Plan 3: ḡ=14, γE[v]=0.0, Q=14.0
2026-06-05 04:54:46,180 INFO: Plan 2: ḡ=27, γE[v]=0.0, Q=27.0
2026-06-05 04:54:46,181 INFO: Plan 4: ḡ=14, γE[v]=0.0, Q=14.0
2026-06-05 04:54:46,181 INFO: Plan 0: ḡ=14, γE[v]=0.0, Q=14.0
2026-06-05 04:54:46,200 INFO: Plan 6: ḡ=14, γE[v]=0.0, Q=14.0
2026-06-05 04:54:46,201 INFO: Plan 7: ḡ=14, γE[v]=0.0, Q=14.0
2026-06-05 04:54:46,202 INFO: Plan 1: ḡ=18, γE[v]=6.0, Q=24.0
2026-06-05 04:54:46,203 INFO: Plan 5: ḡ=28, γE[v]=0.0, Q=28.0
2026-06-05 04:54:53,330 INFO: Plan 0: ḡ=13, γE[v]=0.0, Q=13.0
2026-06-05 04:54:53,358 INFO: Plan 2: ḡ=13, γE[v]=0.0, Q=13.0
2026-06-05 04:54:53,359 INFO: Plan 3: ḡ=13, γE[v]=0.0, Q=13.0
2026-06-05 04:54:53,360 INFO: Plan 4: ḡ=13, γE[v]=0.0, Q=13.0
2026-06-05 04:54:53,372 INFO: Plan 5: ḡ=13, γE[v]=2.5, Q=15.5
2026-06-05 04:54:53,373 INFO: Plan 6: ḡ=13, γE[v]=2.5, Q=15.5
2026-06-05 04:54:53,374 INFO: Plan 7: ḡ=13, γE[v]=0.0, Q=13.0
2026-06-05 04:54:53,375 INFO: Plan 1: ḡ=10, γE[v]=7.5, Q=17.5
2026-06-05 04:54:55,935 INFO: Plan 0: ḡ=3, γE[v]=0.0, Q=3.0
2026-06-05 04:54:55,977 INFO: Plan 5: ḡ=4, γE[v]=0.0, Q=4.0
2026-06-05 04:54:55,978 INFO: Plan 3: ḡ=6, γE[v]=0.0, Q=6.0
2026-06-05 04:54:55,978 INFO: Plan 1: ḡ=3, γE[v]=0.0, Q=3.0
2026-06-05 04:54:55,979 INFO: Plan 6: ḡ=7, γE[v]=0.0, Q=7.0
2026-06-05 04:54:55,979 INFO: Plan 7: ḡ=4, γE[v]=0.0, Q=4.0
2026-06-05 04:54:55,980 INFO: Plan 2: ḡ=4, γE[v]=0.0, Q=4.0
2026-06-05 04:54:55,980 INFO: Plan 4: ḡ=4, γE[v]=0.0, Q=4.0
2026-06-05 04:55:14,907 INFO: Plan 0: ḡ=7, γE[v]=0.0, Q=7.0
2026-06-05 04:55:14,928 INFO: Plan 6: ḡ=1, γE[v]=0.0, Q=1.0
2026-06-05 04:55:14,929 INFO: Plan 4: ḡ=1, γE[v]=0.0, Q=1.0
2026-06-05 04:55:14,949 INFO: Plan 3: ḡ=10, γE[v]=0.0, Q=10.0
2026-06-05 04:55:14,950 INFO: Plan 7: ḡ=10, γE[v]=0.0, Q=10.0
2026-06-05 04:55:14,952 INFO: Plan 5: ḡ=10, γE[v]=0.0, Q=10.0
2026-06-05 04:55:14,952 INFO: Plan 2: ḡ=10, γE[v]=0.0, Q=10.0
2026-06-05 04:55:14,953 INFO: Plan 1: ḡ=10, γE[v]=0.0, Q=10.0
2026-06-05 04:55:15,724 INFO: Plan 1: ḡ=51, γE[v]=0.0, Q=51.0
2026-06-05 04:55:15,725 INFO: Plan 0: ḡ=51, γE[v]=0.0, Q=51.0
2026-06-05 04:55:15,725 INFO: Plan 6: ḡ=0, γE[v]=0.0, Q=0.0
2026-06-05 04:55:15,743 INFO: Plan 7: ḡ=51, γE[v]=0.0, Q=51.0
2026-06-05 04:55:15,744 INFO: Plan 3: ḡ=51, γE[v]=0.0, Q=51.0
2026-06-05 04:55:15,745 INFO: Plan 2: ḡ=51, γE[v]=0.0, Q=51.0
2026-06-05 04:55:15,747 INFO: Plan 5: ḡ=51, γE[v]=0.0, Q=51.0
2026-06-05 04:55:15,760 INFO: Plan 4: ḡ=51, γE[v]=5.0, Q=56.0
2026-06-05 04:55:17,103 INFO: Plan 1: ḡ=2, γE[v]=1.0, Q=3.0
2026-06-05 04:55:17,103 INFO: Plan 2: ḡ=2, γE[v]=0.5, Q=2.5
2026-06-05 04:55:17,104 INFO: Plan 3: ḡ=2, γE[v]=0.5, Q=2.5
2026-06-05 04:55:17,105 INFO: Plan 0: ḡ=2, γE[v]=0.5, Q=2.5
2026-06-05 04:55:17,121 INFO: Plan 7: ḡ=4, γE[v]=1.0, Q=5.0
2026-06-05 04:55:17,122 INFO: Plan 4: ḡ=4, γE[v]=0.0, Q=4.0
2026-06-05 04:55:17,123 INFO: Plan 5: ḡ=2, γE[v]=0.5, Q=2.5
2026-06-05 04:55:17,124 INFO: Plan 6: ḡ=2, γE[v]=0.0, Q=2.0
2026-06-05 04:55:17,556 INFO: Plan 1: ḡ=47, γE[v]=0.0, Q=47.0
2026-06-05 04:55:17,596 INFO: Plan 5: ḡ=47, γE[v]=0.0, Q=47.0
2026-06-05 04:55:17,597 INFO: Plan 3: ḡ=47, γE[v]=0.0, Q=47.0
2026-06-05 04:55:17,598 INFO: Plan 2: ḡ=47, γE[v]=0.0, Q=47.0
2026-06-05 04:55:17,599 INFO: Plan 4: ḡ=47, γE[v]=0.0, Q=47.0
2026-06-05 04:55:17,599 INFO: Plan 6: ḡ=47, γE[v]=0.0, Q=47.0
2026-06-05 04:55:17,600 INFO: Plan 7: ḡ=47, γE[v]=0.0, Q=47.0
2026-06-05 04:55:17,600 INFO: Plan 0: ḡ=47, γE[v]=0.0, Q=47.0
  [9/93] click.formatting seed=42: {'cov_qvalue_calib': 29}
  [10/93] click.exceptions seed=42: {'cov_qvalue_calib': 13}
2026-06-05 04:56:13,478 INFO: Plan 1: ḡ=0, γE[v]=0.0, Q=0.0
2026-06-05 04:56:13,502 INFO: Plan 2: ḡ=0, γE[v]=0.0, Q=0.0
2026-06-05 04:56:13,504 INFO: Plan 7: ḡ=0, γE[v]=0.0, Q=0.0
2026-06-05 04:56:13,504 INFO: Plan 3: ḡ=0, γE[v]=0.0, Q=0.0
2026-06-05 04:56:13,505 INFO: Plan 4: ḡ=0, γE[v]=0.0, Q=0.0
2026-06-05 04:56:13,506 INFO: Plan 6: ḡ=0, γE[v]=0.0, Q=0.0
2026-06-05 04:56:13,519 INFO: Plan 0: ḡ=12, γE[v]=17.5, Q=29.5
2026-06-05 04:56:13,539 INFO: Plan 5: ḡ=12, γE[v]=15.0, Q=27.0
2026-06-05 04:56:15,144 INFO: Plan 2: ḡ=0, γE[v]=0.0, Q=0.0
2026-06-05 04:56:15,146 INFO: Plan 1: ḡ=0, γE[v]=0.0, Q=0.0
2026-06-05 04:56:15,147 INFO: Plan 0: ḡ=0, γE[v]=0.0, Q=0.0
2026-06-05 04:56:15,163 INFO: Plan 5: ḡ=0, γE[v]=0.0, Q=0.0
2026-06-05 04:56:15,166 INFO: Plan 4: ḡ=0, γE[v]=0.0, Q=0.0
2026-06-05 04:56:15,168 INFO: Plan 3: ḡ=0, γE[v]=0.0, Q=0.0
2026-06-05 04:56:15,170 INFO: Plan 6: ḡ=0, γE[v]=0.0, Q=0.0
2026-06-05 04:56:15,172 INFO: Plan 7: ḡ=0, γE[v]=0.0, Q=0.0
2026-06-05 04:56:24,847 INFO: Plan 2: ḡ=8, γE[v]=6.0, Q=14.0
2026-06-05 04:56:24,848 INFO: Plan 0: ḡ=12, γE[v]=4.0, Q=16.0
2026-06-05 04:56:24,849 INFO: Plan 1: ḡ=10, γE[v]=2.5, Q=12.5
2026-06-05 04:56:24,962 INFO: Plan 3: ḡ=12, γE[v]=7.5, Q=19.5
2026-06-05 04:56:25,092 INFO: Plan 6: ḡ=12, γE[v]=2.5, Q=14.5
2026-06-05 04:56:25,093 INFO: Plan 4: ḡ=12, γE[v]=4.0, Q=16.0
2026-06-05 04:56:25,110 INFO: Plan 7: ḡ=12, γE[v]=7.5, Q=19.5
2026-06-05 04:56:25,130 INFO: Plan 5: ḡ=12, γE[v]=4.0, Q=16.0
2026-06-05 04:56:32,023 INFO: Plan 1: ḡ=3, γE[v]=1.0, Q=4.0
2026-06-05 04:56:32,061 INFO: Plan 2: ḡ=4, γE[v]=0.0, Q=4.0
2026-06-05 04:56:32,062 INFO: Plan 6: ḡ=4, γE[v]=0.0, Q=4.0
2026-06-05 04:56:32,063 INFO: Plan 7: ḡ=4, γE[v]=1.0, Q=5.0
2026-06-05 04:56:32,064 INFO: Plan 0: ḡ=6, γE[v]=0.0, Q=6.0
2026-06-05 04:56:32,064 INFO: Plan 5: ḡ=3, γE[v]=0.5, Q=3.5
2026-06-05 04:56:32,077 INFO: Plan 3: ḡ=10, γE[v]=2.5, Q=12.5
2026-06-05 04:56:32,078 INFO: Plan 4: ḡ=10, γE[v]=1.0, Q=11.0
2026-06-05 04:56:54,708 INFO: Plan 6: ḡ=51, γE[v]=0.0, Q=51.0
2026-06-05 04:56:54,709 INFO: Plan 5: ḡ=51, γE[v]=0.0, Q=51.0
2026-06-05 04:56:54,710 INFO: Plan 1: ḡ=51, γE[v]=0.0, Q=51.0
2026-06-05 04:56:54,711 INFO: Plan 7: ḡ=51, γE[v]=0.0, Q=51.0
2026-06-05 04:56:54,712 INFO: Plan 0: ḡ=51, γE[v]=0.0, Q=51.0
2026-06-05 04:56:54,713 INFO: Plan 3: ḡ=51, γE[v]=0.0, Q=51.0
2026-06-05 04:56:54,713 INFO: Plan 4: ḡ=51, γE[v]=0.0, Q=51.0
2026-06-05 04:56:54,715 INFO: Plan 2: ḡ=51, γE[v]=0.0, Q=51.0
2026-06-05 04:56:58,770 INFO: Plan 0: ḡ=47, γE[v]=0.0, Q=47.0
2026-06-05 04:56:58,771 INFO: Plan 1: ḡ=47, γE[v]=0.0, Q=47.0
2026-06-05 04:56:58,793 INFO: Plan 6: ḡ=47, γE[v]=0.0, Q=47.0
2026-06-05 04:56:58,795 INFO: Plan 3: ḡ=47, γE[v]=0.0, Q=47.0
2026-06-05 04:56:58,796 INFO: Plan 7: ḡ=47, γE[v]=0.0, Q=47.0
2026-06-05 04:56:58,798 INFO: Plan 5: ḡ=47, γE[v]=0.0, Q=47.0
2026-06-05 04:56:58,799 INFO: Plan 4: ḡ=47, γE[v]=0.0, Q=47.0
2026-06-05 04:56:58,801 INFO: Plan 2: ḡ=47, γE[v]=0.0, Q=47.0
2026-06-05 04:56:59,931 INFO: Plan 3: ḡ=1, γE[v]=0.0, Q=1.0
2026-06-05 04:56:59,932 INFO: Plan 5: ḡ=7, γE[v]=0.0, Q=7.0
2026-06-05 04:56:59,933 INFO: Plan 6: ḡ=1, γE[v]=0.0, Q=1.0
2026-06-05 04:56:59,953 INFO: Plan 1: ḡ=10, γE[v]=0.0, Q=10.0
2026-06-05 04:56:59,955 INFO: Plan 4: ḡ=10, γE[v]=0.0, Q=10.0
2026-06-05 04:56:59,956 INFO: Plan 2: ḡ=10, γE[v]=0.0, Q=10.0
2026-06-05 04:56:59,957 INFO: Plan 7: ḡ=7, γE[v]=0.0, Q=7.0
2026-06-05 04:56:59,957 INFO: Plan 0: ḡ=12, γE[v]=0.0, Q=12.0
2026-06-05 04:57:07,582 INFO: Plan 1: ḡ=2, γE[v]=0.0, Q=2.0
2026-06-05 04:57:07,583 INFO: Plan 0: ḡ=1, γE[v]=1.0, Q=2.0
2026-06-05 04:57:07,619 INFO: Plan 7: ḡ=0, γE[v]=0.0, Q=0.0
2026-06-05 04:57:07,620 INFO: Plan 5: ḡ=3, γE[v]=1.0, Q=4.0
2026-06-05 04:57:07,621 INFO: Plan 6: ḡ=2, γE[v]=0.0, Q=2.0
2026-06-05 04:57:07,622 INFO: Plan 2: ḡ=3, γE[v]=0.0, Q=3.0
2026-06-05 04:57:07,622 INFO: Plan 3: ḡ=4, γE[v]=1.0, Q=5.0
2026-06-05 04:57:07,623 INFO: Plan 4: ḡ=2, γE[v]=1.0, Q=3.0
  [11/93] requests.models seed=42: {'cov_qvalue_calib': 28}
2026-06-05 04:57:53,964 INFO: Plan 3: ḡ=8, γE[v]=0.0, Q=8.0
2026-06-05 04:57:53,965 INFO: Plan 6: ḡ=6, γE[v]=1.0, Q=7.0
2026-06-05 04:57:53,965 INFO: Plan 5: ḡ=6, γE[v]=0.0, Q=6.0
2026-06-05 04:57:53,985 INFO: Plan 4: ḡ=10, γE[v]=2.5, Q=12.5
2026-06-05 04:57:53,986 INFO: Plan 1: ḡ=10, γE[v]=7.5, Q=17.5
2026-06-05 04:57:53,986 INFO: Plan 2: ḡ=10, γE[v]=7.5, Q=17.5
2026-06-05 04:57:53,987 INFO: Plan 7: ḡ=10, γE[v]=1.0, Q=11.0
2026-06-05 04:57:53,988 INFO: Plan 0: ḡ=10, γE[v]=7.5, Q=17.5
2026-06-05 04:57:57,208 INFO: Plan 1: ḡ=5, γE[v]=7.5, Q=12.5
2026-06-05 04:57:57,255 INFO: Plan 4: ḡ=5, γE[v]=5.0, Q=10.0
2026-06-05 04:57:57,256 INFO: Plan 0: ḡ=12, γE[v]=17.5, Q=29.5
2026-06-05 04:57:57,276 INFO: Plan 7: ḡ=12, γE[v]=17.5, Q=29.5
2026-06-05 04:57:57,277 INFO: Plan 2: ḡ=15, γE[v]=15.0, Q=30.0
2026-06-05 04:57:57,278 INFO: Plan 6: ḡ=12, γE[v]=17.5, Q=29.5
2026-06-05 04:57:57,279 INFO: Plan 3: ḡ=12, γE[v]=10.0, Q=22.0
2026-06-05 04:57:57,280 INFO: Plan 5: ḡ=12, γE[v]=15.0, Q=27.0
  [12/93] requests.sessions seed=42: {'cov_qvalue_calib': 13}
2026-06-05 04:58:08,318 INFO: Plan 2: ḡ=8, γE[v]=0.5, Q=8.5
2026-06-05 04:58:08,319 INFO: Plan 1: ḡ=9, γE[v]=0.0, Q=9.0
2026-06-05 04:58:08,320 INFO: Plan 3: ḡ=9, γE[v]=0.0, Q=9.0
2026-06-05 04:58:08,338 INFO: Plan 7: ḡ=9, γE[v]=0.0, Q=9.0
2026-06-05 04:58:08,339 INFO: Plan 0: ḡ=12, γE[v]=1.0, Q=13.0
2026-06-05 04:58:08,340 INFO: Plan 4: ḡ=9, γE[v]=0.0, Q=9.0
2026-06-05 04:58:08,341 INFO: Plan 6: ḡ=9, γE[v]=0.0, Q=9.0
2026-06-05 04:58:08,357 INFO: Plan 5: ḡ=12, γE[v]=2.0, Q=14.0
2026-06-05 04:58:14,003 INFO: Plan 1: ḡ=10, γE[v]=0.0, Q=10.0
2026-06-05 04:58:14,020 INFO: Plan 5: ḡ=6, γE[v]=0.0, Q=6.0
2026-06-05 04:58:14,021 INFO: Plan 0: ḡ=10, γE[v]=0.0, Q=10.0
2026-06-05 04:58:14,022 INFO: Plan 6: ḡ=8, γE[v]=0.0, Q=8.0
2026-06-05 04:58:14,038 INFO: Plan 3: ḡ=10, γE[v]=0.0, Q=10.0
2026-06-05 04:58:14,039 INFO: Plan 2: ḡ=10, γE[v]=0.0, Q=10.0
2026-06-05 04:58:14,039 INFO: Plan 4: ḡ=10, γE[v]=0.0, Q=10.0
2026-06-05 04:58:14,055 INFO: Plan 7: ḡ=10, γE[v]=0.0, Q=10.0
  [13/93] requests.auth seed=42: {'cov_qvalue_calib': 49}
  [14/93] requests.cookies seed=42: {'cov_qvalue_calib': 8}
2026-06-05 04:58:33,715 INFO: Plan 4: ḡ=51, γE[v]=0.0, Q=51.0
2026-06-05 04:58:33,716 INFO: Plan 0: ḡ=51, γE[v]=0.0, Q=51.0
2026-06-05 04:58:33,717 INFO: Plan 3: ḡ=51, γE[v]=0.0, Q=51.0
2026-06-05 04:58:33,717 INFO: Plan 6: ḡ=51, γE[v]=0.0, Q=51.0
2026-06-05 04:58:33,718 INFO: Plan 5: ḡ=51, γE[v]=0.0, Q=51.0
2026-06-05 04:58:33,720 INFO: Plan 7: ḡ=51, γE[v]=0.0, Q=51.0
2026-06-05 04:58:33,721 INFO: Plan 1: ḡ=51, γE[v]=0.0, Q=51.0
2026-06-05 04:58:33,721 INFO: Plan 2: ḡ=51, γE[v]=0.0, Q=51.0
  [15/93] requests.utils seed=42: {'cov_qvalue_calib': 6}
2026-06-05 04:58:41,984 INFO: Plan 1: ḡ=2, γE[v]=0.0, Q=2.0
2026-06-05 04:58:41,985 INFO: Plan 2: ḡ=2, γE[v]=0.0, Q=2.0
2026-06-05 04:58:41,985 INFO: Plan 0: ḡ=2, γE[v]=0.0, Q=2.0
2026-06-05 04:58:41,986 INFO: Plan 6: ḡ=2, γE[v]=0.0, Q=2.0
2026-06-05 04:58:41,988 INFO: Plan 3: ḡ=2, γE[v]=0.0, Q=2.0
2026-06-05 04:58:41,989 INFO: Plan 4: ḡ=2, γE[v]=0.0, Q=2.0
2026-06-05 04:58:41,990 INFO: Plan 5: ḡ=2, γE[v]=0.0, Q=2.0
2026-06-05 04:58:42,001 INFO: Plan 7: ḡ=2, γE[v]=0.0, Q=2.0
2026-06-05 04:58:42,952 INFO: Plan 6: ḡ=1, γE[v]=0.0, Q=1.0
2026-06-05 04:58:42,953 INFO: Plan 2: ḡ=4, γE[v]=0.0, Q=4.0
2026-06-05 04:58:42,972 INFO: Plan 5: ḡ=1, γE[v]=7.5, Q=8.5
2026-06-05 04:58:42,996 INFO: Plan 3: ḡ=10, γE[v]=7.5, Q=17.5
2026-06-05 04:58:42,997 INFO: Plan 4: ḡ=12, γE[v]=7.5, Q=19.5
2026-06-05 04:58:42,997 INFO: Plan 1: ḡ=10, γE[v]=7.5, Q=17.5
2026-06-05 04:58:42,998 INFO: Plan 0: ḡ=10, γE[v]=7.5, Q=17.5
2026-06-05 04:58:42,998 INFO: Plan 7: ḡ=10, γE[v]=7.5, Q=17.5
2026-06-05 04:58:56,786 INFO: Plan 1: ḡ=1, γE[v]=0.0, Q=1.0
2026-06-05 04:58:56,825 INFO: Plan 0: ḡ=1, γE[v]=0.0, Q=1.0
2026-06-05 04:58:56,826 INFO: Plan 3: ḡ=12, γE[v]=4.0, Q=16.0
2026-06-05 04:58:56,827 INFO: Plan 5: ḡ=0, γE[v]=0.0, Q=0.0
2026-06-05 04:58:56,829 INFO: Plan 2: ḡ=0, γE[v]=0.0, Q=0.0
2026-06-05 04:58:56,830 INFO: Plan 7: ḡ=0, γE[v]=0.0, Q=0.0
2026-06-05 04:58:56,830 INFO: Plan 6: ḡ=1, γE[v]=0.0, Q=1.0
2026-06-05 04:58:56,839 INFO: Plan 4: ḡ=12, γE[v]=4.0, Q=16.0
2026-06-05 04:59:35,922 INFO: Plan 6: ḡ=8, γE[v]=0.0, Q=8.0
2026-06-05 04:59:35,923 INFO: Plan 0: ḡ=8, γE[v]=0.0, Q=8.0
2026-06-05 04:59:35,924 INFO: Plan 7: ḡ=8, γE[v]=0.0, Q=8.0
2026-06-05 04:59:35,925 INFO: Plan 1: ḡ=8, γE[v]=0.0, Q=8.0
2026-06-05 04:59:35,926 INFO: Plan 2: ḡ=8, γE[v]=0.0, Q=8.0
2026-06-05 04:59:35,942 INFO: Plan 5: ḡ=8, γE[v]=0.0, Q=8.0
2026-06-05 04:59:35,943 INFO: Plan 3: ḡ=8, γE[v]=0.0, Q=8.0
2026-06-05 04:59:35,943 INFO: Plan 4: ḡ=8, γE[v]=0.0, Q=8.0
2026-06-05 04:59:42,527 INFO: Plan 0: ḡ=12, γE[v]=7.5, Q=19.5
2026-06-05 04:59:42,549 INFO: Plan 1: ḡ=5, γE[v]=7.5, Q=12.5
2026-06-05 04:59:42,572 INFO: Plan 2: ḡ=12, γE[v]=17.5, Q=29.5
2026-06-05 04:59:42,595 INFO: Plan 4: ḡ=12, γE[v]=17.5, Q=29.5
2026-06-05 04:59:42,596 INFO: Plan 3: ḡ=12, γE[v]=17.5, Q=29.5
2026-06-05 04:59:42,618 INFO: Plan 6: ḡ=12, γE[v]=7.5, Q=19.5
2026-06-05 04:59:42,619 INFO: Plan 5: ḡ=34, γE[v]=7.5, Q=41.5
2026-06-05 04:59:42,620 INFO: Plan 7: ḡ=12, γE[v]=10.0, Q=22.0
2026-06-05 04:59:54,662 INFO: Plan 0: ḡ=6, γE[v]=0.0, Q=6.0
2026-06-05 04:59:54,663 INFO: Plan 1: ḡ=2, γE[v]=0.0, Q=2.0
2026-06-05 04:59:54,682 INFO: Plan 7: ḡ=4, γE[v]=0.0, Q=4.0
2026-06-05 04:59:54,683 INFO: Plan 5: ḡ=0, γE[v]=0.0, Q=0.0
2026-06-05 04:59:54,683 INFO: Plan 6: ḡ=6, γE[v]=0.0, Q=6.0
2026-06-05 04:59:54,685 INFO: Plan 4: ḡ=6, γE[v]=0.0, Q=6.0
2026-06-05 04:59:54,686 INFO: Plan 2: ḡ=6, γE[v]=0.0, Q=6.0
2026-06-05 04:59:54,686 INFO: Plan 3: ḡ=6, γE[v]=0.0, Q=6.0
2026-06-05 04:59:55,630 INFO: Plan 0: ḡ=12, γE[v]=2.5, Q=14.5
2026-06-05 04:59:55,676 INFO: Plan 7: ḡ=12, γE[v]=2.5, Q=14.5
2026-06-05 04:59:55,677 INFO: Plan 3: ḡ=12, γE[v]=2.5, Q=14.5
2026-06-05 04:59:55,678 INFO: Plan 4: ḡ=12, γE[v]=2.5, Q=14.5
2026-06-05 04:59:55,680 INFO: Plan 1: ḡ=12, γE[v]=7.5, Q=19.5
2026-06-05 04:59:55,687 INFO: Plan 6: ḡ=12, γE[v]=7.5, Q=19.5
2026-06-05 04:59:55,688 INFO: Plan 5: ḡ=12, γE[v]=7.5, Q=19.5
2026-06-05 04:59:55,689 INFO: Plan 2: ḡ=12, γE[v]=7.5, Q=19.5
  [16/93] requests.adapters seed=42: {'cov_qvalue_calib': 53}
2026-06-05 05:00:15,387 INFO: Plan 5: ḡ=1, γE[v]=0.0, Q=1.0
2026-06-05 05:00:15,388 INFO: Plan 2: ḡ=1, γE[v]=0.0, Q=1.0
2026-06-05 05:00:15,389 INFO: Plan 6: ḡ=1, γE[v]=0.0, Q=1.0
2026-06-05 05:00:15,390 INFO: Plan 4: ḡ=1, γE[v]=0.0, Q=1.0
2026-06-05 05:00:15,390 INFO: Plan 0: ḡ=1, γE[v]=0.0, Q=1.0
2026-06-05 05:00:15,391 INFO: Plan 3: ḡ=1, γE[v]=0.0, Q=1.0
2026-06-05 05:00:15,392 INFO: Plan 1: ḡ=1, γE[v]=0.0, Q=1.0
2026-06-05 05:00:15,405 INFO: Plan 7: ḡ=1, γE[v]=0.0, Q=1.0
2026-06-05 05:00:21,119 INFO: Plan 0: ḡ=12, γE[v]=17.5, Q=29.5
2026-06-05 05:00:21,121 INFO: Plan 1: ḡ=10, γE[v]=15.0, Q=25.0
2026-06-05 05:00:21,166 INFO: Plan 5: ḡ=15, γE[v]=17.5, Q=32.5
2026-06-05 05:00:21,167 INFO: Plan 2: ḡ=10, γE[v]=15.0, Q=25.0
2026-06-05 05:00:21,168 INFO: Plan 7: ḡ=12, γE[v]=15.0, Q=27.0
2026-06-05 05:00:21,170 INFO: Plan 4: ḡ=12, γE[v]=15.0, Q=27.0
2026-06-05 05:00:21,171 INFO: Plan 6: ḡ=10, γE[v]=10.0, Q=20.0
2026-06-05 05:00:21,171 INFO: Plan 3: ḡ=10, γE[v]=15.0, Q=25.0
2026-06-05 05:00:23,984 INFO: Plan 0: ḡ=4, γE[v]=0.0, Q=4.0
2026-06-05 05:00:24,026 INFO: Plan 5: ḡ=4, γE[v]=0.0, Q=4.0
2026-06-05 05:00:24,027 INFO: Plan 6: ḡ=4, γE[v]=0.0, Q=4.0
2026-06-05 05:00:24,028 INFO: Plan 2: ḡ=4, γE[v]=0.0, Q=4.0
2026-06-05 05:00:24,028 INFO: Plan 3: ḡ=4, γE[v]=0.0, Q=4.0
2026-06-05 05:00:24,029 INFO: Plan 4: ḡ=4, γE[v]=0.0, Q=4.0
2026-06-05 05:00:24,029 INFO: Plan 1: ḡ=4, γE[v]=0.0, Q=4.0
2026-06-05 05:00:24,030 INFO: Plan 7: ḡ=4, γE[v]=0.0, Q=4.0
2026-06-05 05:00:44,194 INFO: Plan 0: ḡ=16, γE[v]=0.0, Q=16.0
2026-06-05 05:00:44,232 INFO: Plan 3: ḡ=12, γE[v]=0.0, Q=12.0
2026-06-05 05:00:44,233 INFO: Plan 7: ḡ=16, γE[v]=0.0, Q=16.0
2026-06-05 05:00:44,234 INFO: Plan 5: ḡ=16, γE[v]=0.0, Q=16.0
2026-06-05 05:00:44,235 INFO: Plan 2: ḡ=16, γE[v]=0.0, Q=16.0
2026-06-05 05:00:44,235 INFO: Plan 1: ḡ=16, γE[v]=0.0, Q=16.0
2026-06-05 05:00:44,248 INFO: Plan 4: ḡ=16, γE[v]=5.0, Q=21.0
2026-06-05 05:00:44,249 INFO: Plan 6: ḡ=12, γE[v]=5.0, Q=17.0
2026-06-05 05:01:16,650 INFO: Plan 0: ḡ=9, γE[v]=0.0, Q=9.0
2026-06-05 05:01:16,681 INFO: Plan 7: ḡ=9, γE[v]=0.0, Q=9.0
2026-06-05 05:01:16,682 INFO: Plan 5: ḡ=9, γE[v]=0.0, Q=9.0
2026-06-05 05:01:16,683 INFO: Plan 2: ḡ=9, γE[v]=0.0, Q=9.0
2026-06-05 05:01:16,684 INFO: Plan 3: ḡ=9, γE[v]=0.0, Q=9.0
2026-06-05 05:01:16,684 INFO: Plan 1: ḡ=9, γE[v]=0.0, Q=9.0
2026-06-05 05:01:16,717 INFO: Plan 4: ḡ=10, γE[v]=7.5, Q=17.5
2026-06-05 05:01:16,736 INFO: Plan 6: ḡ=12, γE[v]=0.0, Q=12.0
2026-06-05 05:01:31,241 INFO: Plan 0: ḡ=12, γE[v]=15.0, Q=27.0
2026-06-05 05:01:31,266 INFO: Plan 5: ḡ=12, γE[v]=17.5, Q=29.5
2026-06-05 05:01:31,267 INFO: Plan 2: ḡ=12, γE[v]=17.5, Q=29.5
2026-06-05 05:01:31,268 INFO: Plan 7: ḡ=12, γE[v]=17.5, Q=29.5
2026-06-05 05:01:31,268 INFO: Plan 1: ḡ=12, γE[v]=7.5, Q=19.5
2026-06-05 05:01:31,269 INFO: Plan 4: ḡ=12, γE[v]=7.5, Q=19.5
2026-06-05 05:01:31,270 INFO: Plan 3: ḡ=12, γE[v]=7.5, Q=19.5
2026-06-05 05:01:31,271 INFO: Plan 6: ḡ=12, γE[v]=7.5, Q=19.5
2026-06-05 05:01:37,846 INFO: Plan 2: ḡ=12, γE[v]=7.5, Q=19.5
2026-06-05 05:01:37,868 INFO: Plan 7: ḡ=12, γE[v]=2.0, Q=14.0
2026-06-05 05:01:37,869 INFO: Plan 3: ḡ=12, γE[v]=1.0, Q=13.0
2026-06-05 05:01:37,869 INFO: Plan 1: ḡ=12, γE[v]=2.5, Q=14.5
2026-06-05 05:01:37,870 INFO: Plan 6: ḡ=12, γE[v]=2.0, Q=14.0
2026-06-05 05:01:37,871 INFO: Plan 0: ḡ=12, γE[v]=2.5, Q=14.5
2026-06-05 05:01:37,888 INFO: Plan 5: ḡ=12, γE[v]=7.5, Q=19.5
2026-06-05 05:01:37,889 INFO: Plan 4: ḡ=4, γE[v]=0.0, Q=4.0
2026-06-05 05:01:37,890 INFO: Plan 1: ḡ=6, γE[v]=0.0, Q=6.0
2026-06-05 05:01:37,891 INFO: Plan 0: ḡ=4, γE[v]=0.0, Q=4.0
2026-06-05 05:01:37,892 INFO: Plan 4: ḡ=12, γE[v]=7.5, Q=19.5
2026-06-05 05:01:37,907 INFO: Plan 2: ḡ=57, γE[v]=0.0, Q=57.0
2026-06-05 05:01:37,908 INFO: Plan 7: ḡ=57, γE[v]=0.0, Q=57.0
2026-06-05 05:01:37,909 INFO: Plan 3: ḡ=57, γE[v]=0.0, Q=57.0
2026-06-05 05:01:37,911 INFO: Plan 5: ḡ=57, γE[v]=0.0, Q=57.0
2026-06-05 05:01:37,911 INFO: Plan 6: ḡ=57, γE[v]=0.0, Q=57.0
2026-06-05 05:02:01,394 INFO: Plan 5: ḡ=1, γE[v]=0.0, Q=1.0
2026-06-05 05:02:01,395 INFO: Plan 0: ḡ=2, γE[v]=0.0, Q=2.0
2026-06-05 05:02:01,395 INFO: Plan 3: ḡ=1, γE[v]=0.0, Q=1.0
2026-06-05 05:02:01,396 INFO: Plan 4: ḡ=2, γE[v]=0.0, Q=2.0
2026-06-05 05:02:01,414 INFO: Plan 1: ḡ=2, γE[v]=5.0, Q=7.0
2026-06-05 05:02:01,415 INFO: Plan 7: ḡ=1, γE[v]=0.0, Q=1.0
2026-06-05 05:02:01,416 INFO: Plan 2: ḡ=2, γE[v]=5.0, Q=7.0
2026-06-05 05:02:01,417 INFO: Plan 6: ḡ=2, γE[v]=0.0, Q=2.0
2026-06-05 05:02:03,600 INFO: Plan 2: ḡ=12, γE[v]=15.0, Q=27.0
2026-06-05 05:02:03,601 INFO: Plan 3: ḡ=10, γE[v]=15.0, Q=25.0
2026-06-05 05:02:03,601 INFO: Plan 0: ḡ=12, γE[v]=15.0, Q=27.0
2026-06-05 05:02:03,602 INFO: Plan 1: ḡ=10, γE[v]=20.0, Q=30.0
2026-06-05 05:02:03,603 INFO: Plan 4: ḡ=12, γE[v]=7.5, Q=19.5
2026-06-05 05:02:03,617 INFO: Plan 6: ḡ=12, γE[v]=17.5, Q=29.5
2026-06-05 05:02:03,618 INFO: Plan 5: ḡ=10, γE[v]=7.5, Q=17.5
2026-06-05 05:02:03,619 INFO: Plan 7: ḡ=10, γE[v]=15.0, Q=25.0
2026-06-05 05:02:04,392 INFO: Plan 0: ḡ=2, γE[v]=0.0, Q=2.0
2026-06-05 05:02:04,430 INFO: Plan 2: ḡ=2, γE[v]=0.0, Q=2.0
2026-06-05 05:02:04,431 INFO: Plan 3: ḡ=2, γE[v]=0.0, Q=2.0
2026-06-05 05:02:04,432 INFO: Plan 5: ḡ=2, γE[v]=0.0, Q=2.0
2026-06-05 05:02:04,433 INFO: Plan 1: ḡ=2, γE[v]=0.0, Q=2.0
2026-06-05 05:02:04,434 INFO: Plan 7: ḡ=2, γE[v]=0.0, Q=2.0
2026-06-05 05:02:04,435 INFO: Plan 6: ḡ=2, γE[v]=0.0, Q=2.0
2026-06-05 05:02:04,436 INFO: Plan 4: ḡ=2, γE[v]=0.0, Q=2.0
2026-06-05 05:02:27,083 INFO: Plan 0: ḡ=16, γE[v]=0.0, Q=16.0
2026-06-05 05:02:27,118 INFO: Plan 3: ḡ=16, γE[v]=0.0, Q=16.0
2026-06-05 05:02:27,138 INFO: Plan 7: ḡ=18, γE[v]=6.0, Q=24.0
2026-06-05 05:02:27,140 INFO: Plan 4: ḡ=18, γE[v]=6.0, Q=24.0
2026-06-05 05:02:27,141 INFO: Plan 6: ḡ=15, γE[v]=10.0, Q=25.0
2026-06-05 05:02:27,142 INFO: Plan 5: ḡ=25, γE[v]=5.0, Q=30.0
2026-06-05 05:02:27,143 INFO: Plan 1: ḡ=18, γE[v]=6.0, Q=24.0
2026-06-05 05:02:27,144 INFO: Plan 2: ḡ=35, γE[v]=5.0, Q=40.0
2026-06-05 05:02:55,024 INFO: Plan 0: ḡ=6, γE[v]=0.0, Q=6.0
2026-06-05 05:02:55,025 INFO: Plan 1: ḡ=8, γE[v]=0.0, Q=8.0
2026-06-05 05:02:55,042 INFO: Plan 2: ḡ=8, γE[v]=0.0, Q=8.0
2026-06-05 05:02:55,061 INFO: Plan 4: ḡ=8, γE[v]=0.0, Q=8.0
2026-06-05 05:02:55,062 INFO: Plan 5: ḡ=8, γE[v]=0.0, Q=8.0
2026-06-05 05:02:55,063 INFO: Plan 3: ḡ=8, γE[v]=0.0, Q=8.0
2026-06-05 05:02:55,064 INFO: Plan 7: ḡ=8, γE[v]=0.0, Q=8.0
2026-06-05 05:02:55,077 INFO: Plan 6: ḡ=10, γE[v]=0.0, Q=10.0
2026-06-05 05:03:15,168 INFO: Plan 1: ḡ=12, γE[v]=9.0, Q=21.0
2026-06-05 05:03:15,169 INFO: Plan 0: ḡ=12, γE[v]=10.0, Q=22.0
2026-06-05 05:03:15,192 INFO: Plan 5: ḡ=35, γE[v]=7.5, Q=42.5
2026-06-05 05:03:15,193 INFO: Plan 2: ḡ=22, γE[v]=9.0, Q=31.0
2026-06-05 05:03:15,193 INFO: Plan 7: ḡ=25, γE[v]=7.5, Q=32.5
2026-06-05 05:03:15,194 INFO: Plan 6: ḡ=12, γE[v]=9.0, Q=21.0
2026-06-05 05:03:15,195 INFO: Plan 3: ḡ=12, γE[v]=10.0, Q=22.0
2026-06-05 05:03:15,196 INFO: Plan 4: ḡ=12, γE[v]=15.0, Q=27.0
2026-06-05 05:03:18,074 INFO: Plan 4: ḡ=6, γE[v]=0.0, Q=6.0
2026-06-05 05:03:18,075 INFO: Plan 2: ḡ=57, γE[v]=0.0, Q=57.0
2026-06-05 05:03:18,076 INFO: Plan 0: ḡ=57, γE[v]=0.0, Q=57.0
2026-06-05 05:03:18,095 INFO: Plan 5: ḡ=57, γE[v]=0.0, Q=57.0
2026-06-05 05:03:18,097 INFO: Plan 7: ḡ=57, γE[v]=0.0, Q=57.0
2026-06-05 05:03:18,098 INFO: Plan 3: ḡ=57, γE[v]=0.0, Q=57.0
2026-06-05 05:03:18,099 INFO: Plan 6: ḡ=12, γE[v]=0.0, Q=12.0
2026-06-05 05:03:18,100 INFO: Plan 1: ḡ=57, γE[v]=0.0, Q=57.0
2026-06-05 05:03:21,742 INFO: Plan 0: ḡ=12, γE[v]=7.5, Q=19.5
2026-06-05 05:03:21,761 INFO: Plan 1: ḡ=12, γE[v]=7.5, Q=19.5
2026-06-05 05:03:21,762 INFO: Plan 2: ḡ=12, γE[v]=7.5, Q=19.5
2026-06-05 05:03:21,763 INFO: Plan 3: ḡ=12, γE[v]=4.0, Q=16.0
2026-06-05 05:03:21,764 INFO: Plan 7: ḡ=12, γE[v]=2.5, Q=14.5
2026-06-05 05:03:21,778 INFO: Plan 6: ḡ=12, γE[v]=7.5, Q=19.5
2026-06-05 05:03:21,779 INFO: Plan 5: ḡ=12, γE[v]=7.5, Q=19.5
2026-06-05 05:03:21,780 INFO: Plan 4: ḡ=12, γE[v]=7.5, Q=19.5
2026-06-05 05:03:45,794 INFO: Plan 3: ḡ=12, γE[v]=7.5, Q=19.5
2026-06-05 05:03:45,795 INFO: Plan 0: ḡ=28, γE[v]=5.0, Q=33.0
2026-06-05 05:03:45,820 INFO: Plan 0: ḡ=2, γE[v]=0.0, Q=2.0
2026-06-05 05:03:45,821 INFO: Plan 3: ḡ=2, γE[v]=0.0, Q=2.0
2026-06-05 05:03:45,821 INFO: Plan 4: ḡ=2, γE[v]=0.0, Q=2.0
2026-06-05 05:03:45,822 INFO: Plan 2: ḡ=2, γE[v]=0.0, Q=2.0
2026-06-05 05:03:45,823 INFO: Plan 1: ḡ=2, γE[v]=0.0, Q=2.0
2026-06-05 05:03:45,824 INFO: Plan 5: ḡ=28, γE[v]=11.0, Q=39.0
2026-06-05 05:03:45,825 INFO: Plan 7: ḡ=2, γE[v]=0.0, Q=2.0
2026-06-05 05:03:45,826 INFO: Plan 7: ḡ=28, γE[v]=5.0, Q=33.0
2026-06-05 05:03:45,828 INFO: Plan 5: ḡ=2, γE[v]=0.0, Q=2.0
2026-06-05 05:03:45,830 INFO: Plan 6: ḡ=29, γE[v]=10.5, Q=39.5
2026-06-05 05:03:45,831 INFO: Plan 2: ḡ=28, γE[v]=7.5, Q=35.5
2026-06-05 05:03:45,831 INFO: Plan 1: ḡ=12, γE[v]=17.5, Q=29.5
2026-06-05 05:03:45,832 INFO: Plan 6: ḡ=2, γE[v]=0.0, Q=2.0
2026-06-05 05:03:45,833 INFO: Plan 4: ḡ=12, γE[v]=7.5, Q=19.5
2026-06-05 05:03:46,410 INFO: Plan 0: ḡ=1, γE[v]=0.0, Q=1.0
2026-06-05 05:03:46,427 INFO: Plan 1: ḡ=1, γE[v]=0.0, Q=1.0
2026-06-05 05:03:46,446 INFO: Plan 6: ḡ=1, γE[v]=0.0, Q=1.0
2026-06-05 05:03:46,447 INFO: Plan 2: ḡ=1, γE[v]=0.0, Q=1.0
2026-06-05 05:03:46,448 INFO: Plan 7: ḡ=1, γE[v]=0.0, Q=1.0
2026-06-05 05:03:46,463 INFO: Plan 3: ḡ=1, γE[v]=5.0, Q=6.0
2026-06-05 05:03:46,463 INFO: Plan 4: ḡ=2, γE[v]=5.0, Q=7.0
2026-06-05 05:03:46,478 INFO: Plan 5: ḡ=12, γE[v]=7.5, Q=19.5
2026-06-05 05:04:13,970 INFO: Plan 1: ḡ=16, γE[v]=0.0, Q=16.0
2026-06-05 05:04:14,008 INFO: Plan 7: ḡ=16, γE[v]=0.0, Q=16.0
2026-06-05 05:04:14,009 INFO: Plan 4: ḡ=16, γE[v]=0.0, Q=16.0
2026-06-05 05:04:14,010 INFO: Plan 3: ḡ=16, γE[v]=0.0, Q=16.0
2026-06-05 05:04:14,011 INFO: Plan 2: ḡ=18, γE[v]=5.0, Q=23.0
2026-06-05 05:04:14,012 INFO: Plan 6: ḡ=12, γE[v]=0.0, Q=12.0
2026-06-05 05:04:14,013 INFO: Plan 0: ḡ=16, γE[v]=0.0, Q=16.0
2026-06-05 05:04:14,024 INFO: Plan 5: ḡ=18, γE[v]=6.0, Q=24.0
2026-06-05 05:04:33,659 INFO: Plan 1: ḡ=8, γE[v]=0.0, Q=8.0
2026-06-05 05:04:33,698 INFO: Plan 2: ḡ=8, γE[v]=0.0, Q=8.0
2026-06-05 05:04:33,699 INFO: Plan 6: ḡ=8, γE[v]=0.0, Q=8.0
2026-06-05 05:04:33,700 INFO: Plan 3: ḡ=6, γE[v]=0.0, Q=6.0
2026-06-05 05:04:33,701 INFO: Plan 7: ḡ=8, γE[v]=0.0, Q=8.0
2026-06-05 05:04:33,701 INFO: Plan 0: ḡ=8, γE[v]=0.0, Q=8.0
2026-06-05 05:04:33,702 INFO: Plan 4: ḡ=8, γE[v]=0.0, Q=8.0
2026-06-05 05:04:33,714 INFO: Plan 5: ḡ=8, γE[v]=6.0, Q=14.0
2026-06-05 05:04:58,577 INFO: Plan 1: ḡ=4, γE[v]=0.0, Q=4.0
2026-06-05 05:04:58,578 INFO: Plan 6: ḡ=4, γE[v]=0.0, Q=4.0
2026-06-05 05:04:58,578 INFO: Plan 4: ḡ=4, γE[v]=0.0, Q=4.0
2026-06-05 05:04:58,579 INFO: Plan 7: ḡ=4, γE[v]=0.0, Q=4.0
2026-06-05 05:04:58,601 INFO: Plan 5: ḡ=57, γE[v]=0.0, Q=57.0
2026-06-05 05:04:58,602 INFO: Plan 2: ḡ=57, γE[v]=0.0, Q=57.0
2026-06-05 05:04:58,602 INFO: Plan 3: ḡ=57, γE[v]=0.0, Q=57.0
2026-06-05 05:04:58,603 INFO: Plan 0: ḡ=57, γE[v]=0.0, Q=57.0
2026-06-05 05:05:03,868 INFO: Plan 1: ḡ=18, γE[v]=6.0, Q=24.0
2026-06-05 05:05:03,869 INFO: Plan 0: ḡ=12, γE[v]=9.0, Q=21.0
2026-06-05 05:05:03,886 INFO: Plan 2: ḡ=12, γE[v]=10.0, Q=22.0
2026-06-05 05:05:03,887 INFO: Plan 5: ḡ=12, γE[v]=10.0, Q=22.0
2026-06-05 05:05:03,889 INFO: Plan 6: ḡ=12, γE[v]=7.5, Q=19.5
2026-06-05 05:05:03,890 INFO: Plan 7: ḡ=12, γE[v]=14.0, Q=26.0
2026-06-05 05:05:03,891 INFO: Plan 3: ḡ=25, γE[v]=15.0, Q=40.0
2026-06-05 05:05:03,891 INFO: Plan 4: ḡ=12, γE[v]=9.0, Q=21.0
2026-06-05 05:05:09,323 INFO: Plan 2: ḡ=12, γE[v]=7.5, Q=19.5
2026-06-05 05:05:09,344 INFO: Plan 4: ḡ=12, γE[v]=2.0, Q=14.0
2026-06-05 05:05:09,345 INFO: Plan 0: ḡ=12, γE[v]=2.5, Q=14.5
2026-06-05 05:05:09,346 INFO: Plan 6: ḡ=12, γE[v]=2.5, Q=14.5
2026-06-05 05:05:09,347 INFO: Plan 3: ḡ=12, γE[v]=2.0, Q=14.0
2026-06-05 05:05:09,360 INFO: Plan 7: ḡ=12, γE[v]=7.5, Q=19.5
2026-06-05 05:05:09,361 INFO: Plan 1: ḡ=12, γE[v]=7.5, Q=19.5
2026-06-05 05:05:09,362 INFO: Plan 5: ḡ=12, γE[v]=7.5, Q=19.5
2026-06-05 05:05:27,413 INFO: Plan 0: ḡ=2, γE[v]=0.0, Q=2.0
2026-06-05 05:05:27,436 INFO: Plan 1: ḡ=2, γE[v]=0.0, Q=2.0
2026-06-05 05:05:27,437 INFO: Plan 2: ḡ=2, γE[v]=0.0, Q=2.0
2026-06-05 05:05:27,439 INFO: Plan 3: ḡ=2, γE[v]=0.0, Q=2.0
2026-06-05 05:05:27,458 INFO: Plan 6: ḡ=2, γE[v]=0.0, Q=2.0
2026-06-05 05:05:27,459 INFO: Plan 7: ḡ=2, γE[v]=0.0, Q=2.0
2026-06-05 05:05:27,461 INFO: Plan 5: ḡ=2, γE[v]=0.0, Q=2.0
2026-06-05 05:05:27,462 INFO: Plan 4: ḡ=2, γE[v]=0.0, Q=2.0
2026-06-05 05:05:28,035 INFO: Plan 1: ḡ=12, γE[v]=7.5, Q=19.5
2026-06-05 05:05:28,036 INFO: Plan 2: ḡ=12, γE[v]=7.5, Q=19.5
2026-06-05 05:05:28,037 INFO: Plan 0: ḡ=12, γE[v]=19.0, Q=31.0
2026-06-05 05:05:28,052 INFO: Plan 4: ḡ=29, γE[v]=10.5, Q=39.5
2026-06-05 05:05:28,053 INFO: Plan 3: ḡ=28, γE[v]=6.0, Q=34.0
2026-06-05 05:05:28,054 INFO: Plan 7: ḡ=29, γE[v]=10.5, Q=39.5
2026-06-05 05:05:28,055 INFO: Plan 5: ḡ=12, γE[v]=7.5, Q=19.5
2026-06-05 05:05:28,056 INFO: Plan 6: ḡ=12, γE[v]=7.5, Q=19.5
2026-06-05 05:05:31,433 INFO: Plan 1: ḡ=1, γE[v]=0.0, Q=1.0
2026-06-05 05:05:31,452 INFO: Plan 0: ḡ=1, γE[v]=0.0, Q=1.0
2026-06-05 05:05:31,471 INFO: Plan 4: ḡ=1, γE[v]=2.5, Q=3.5
2026-06-05 05:05:31,472 INFO: Plan 7: ḡ=1, γE[v]=0.0, Q=1.0
2026-06-05 05:05:31,473 INFO: Plan 2: ḡ=1, γE[v]=1.0, Q=2.0
2026-06-05 05:05:31,474 INFO: Plan 5: ḡ=1, γE[v]=0.0, Q=1.0
2026-06-05 05:05:31,475 INFO: Plan 3: ḡ=1, γE[v]=0.0, Q=1.0
2026-06-05 05:05:31,488 INFO: Plan 6: ḡ=2, γE[v]=5.0, Q=7.0
2026-06-05 05:05:58,969 INFO: Plan 0: ḡ=16, γE[v]=0.0, Q=16.0
2026-06-05 05:05:58,987 INFO: Plan 1: ḡ=18, γE[v]=6.0, Q=24.0
2026-06-05 05:05:59,007 INFO: Plan 2: ḡ=16, γE[v]=0.0, Q=16.0
2026-06-05 05:05:59,008 INFO: Plan 3: ḡ=16, γE[v]=0.0, Q=16.0
2026-06-05 05:05:59,009 INFO: Plan 4: ḡ=16, γE[v]=0.0, Q=16.0
2026-06-05 05:05:59,010 INFO: Plan 5: ḡ=16, γE[v]=0.0, Q=16.0
2026-06-05 05:05:59,024 INFO: Plan 6: ḡ=25, γE[v]=5.0, Q=30.0
2026-06-05 05:05:59,024 INFO: Plan 7: ḡ=18, γE[v]=6.0, Q=24.0
2026-06-05 05:06:14,286 INFO: Plan 0: ḡ=8, γE[v]=1.0, Q=9.0
2026-06-05 05:06:14,304 INFO: Plan 1: ḡ=8, γE[v]=0.0, Q=8.0
2026-06-05 05:06:14,325 INFO: Plan 6: ḡ=8, γE[v]=0.0, Q=8.0
2026-06-05 05:06:14,326 INFO: Plan 7: ḡ=8, γE[v]=0.0, Q=8.0
2026-06-05 05:06:14,327 INFO: Plan 4: ḡ=8, γE[v]=0.0, Q=8.0
2026-06-05 05:06:14,328 INFO: Plan 3: ḡ=8, γE[v]=0.0, Q=8.0
2026-06-05 05:06:14,329 INFO: Plan 2: ḡ=8, γE[v]=0.0, Q=8.0
2026-06-05 05:06:14,330 INFO: Plan 5: ḡ=8, γE[v]=0.0, Q=8.0
2026-06-05 05:06:36,205 INFO: Plan 0: ḡ=57, γE[v]=0.0, Q=57.0
2026-06-05 05:06:36,224 INFO: Plan 4: ḡ=6, γE[v]=0.0, Q=6.0
2026-06-05 05:06:36,225 INFO: Plan 1: ḡ=6, γE[v]=0.0, Q=6.0
2026-06-05 05:06:36,226 INFO: Plan 6: ḡ=8, γE[v]=0.0, Q=8.0
2026-06-05 05:06:36,242 INFO: Plan 3: ḡ=57, γE[v]=0.0, Q=57.0
2026-06-05 05:06:36,243 INFO: Plan 2: ḡ=57, γE[v]=0.0, Q=57.0
2026-06-05 05:06:36,244 INFO: Plan 7: ḡ=57, γE[v]=0.0, Q=57.0
2026-06-05 05:06:36,245 INFO: Plan 5: ḡ=57, γE[v]=0.0, Q=57.0
2026-06-05 05:06:51,440 INFO: Plan 0: ḡ=46, γE[v]=7.5, Q=53.5
2026-06-05 05:06:51,460 INFO: Plan 1: ḡ=12, γE[v]=9.0, Q=21.0
2026-06-05 05:06:51,482 INFO: Plan 2: ḡ=12, γE[v]=10.0, Q=22.0
2026-06-05 05:06:51,483 INFO: Plan 6: ḡ=12, γE[v]=12.5, Q=24.5
2026-06-05 05:06:51,484 INFO: Plan 3: ḡ=12, γE[v]=17.5, Q=29.5
2026-06-05 05:06:51,485 INFO: Plan 4: ḡ=12, γE[v]=9.0, Q=21.0
2026-06-05 05:06:51,485 INFO: Plan 5: ḡ=35, γE[v]=7.5, Q=42.5
2026-06-05 05:06:51,501 INFO: Plan 7: ḡ=12, γE[v]=9.0, Q=21.0
2026-06-05 05:06:57,406 INFO: Plan 4: ḡ=12, γE[v]=2.5, Q=14.5
2026-06-05 05:06:57,408 INFO: Plan 1: ḡ=12, γE[v]=2.5, Q=14.5
2026-06-05 05:06:57,409 INFO: Plan 6: ḡ=12, γE[v]=1.0, Q=13.0
2026-06-05 05:06:57,410 INFO: Plan 0: ḡ=12, γE[v]=2.5, Q=14.5
2026-06-05 05:06:57,411 INFO: Plan 3: ḡ=12, γE[v]=2.0, Q=14.0
2026-06-05 05:06:57,412 INFO: Plan 5: ḡ=12, γE[v]=2.5, Q=14.5
2026-06-05 05:06:57,449 INFO: Plan 2: ḡ=12, γE[v]=2.0, Q=14.0
2026-06-05 05:06:57,450 INFO: Plan 7: ḡ=12, γE[v]=2.5, Q=14.5
2026-06-05 05:07:07,403 INFO: Plan 0: ḡ=2, γE[v]=0.0, Q=2.0
2026-06-05 05:07:07,404 INFO: Plan 3: ḡ=2, γE[v]=0.0, Q=2.0
2026-06-05 05:07:07,405 INFO: Plan 5: ḡ=2, γE[v]=0.0, Q=2.0
2026-06-05 05:07:07,405 INFO: Plan 1: ḡ=4, γE[v]=0.0, Q=4.0
2026-06-05 05:07:07,406 INFO: Plan 6: ḡ=4, γE[v]=0.0, Q=4.0
2026-06-05 05:07:07,407 INFO: Plan 7: ḡ=2, γE[v]=0.0, Q=2.0
2026-06-05 05:07:07,408 INFO: Plan 2: ḡ=2, γE[v]=0.0, Q=2.0
2026-06-05 05:07:07,409 INFO: Plan 4: ḡ=2, γE[v]=0.0, Q=2.0
2026-06-05 05:07:08,716 INFO: Plan 0: ḡ=28, γE[v]=0.0, Q=28.0
2026-06-05 05:07:08,737 INFO: Plan 1: ḡ=12, γE[v]=7.5, Q=19.5
2026-06-05 05:07:08,759 INFO: Plan 6: ḡ=12, γE[v]=7.5, Q=19.5
2026-06-05 05:07:08,760 INFO: Plan 2: ḡ=12, γE[v]=7.5, Q=19.5
2026-06-05 05:07:08,762 INFO: Plan 5: ḡ=28, γE[v]=10.0, Q=38.0
2026-06-05 05:07:08,763 INFO: Plan 4: ḡ=12, γE[v]=7.5, Q=19.5
2026-06-05 05:07:08,763 INFO: Plan 7: ḡ=12, γE[v]=15.0, Q=27.0
2026-06-05 05:07:08,764 INFO: Plan 3: ḡ=12, γE[v]=7.5, Q=19.5
2026-06-05 05:07:13,568 INFO: Plan 0: ḡ=2, γE[v]=5.0, Q=7.0
2026-06-05 05:07:13,569 INFO: Plan 1: ḡ=1, γE[v]=0.0, Q=1.0
2026-06-05 05:07:13,587 INFO: Plan 6: ḡ=1, γE[v]=0.0, Q=1.0
2026-06-05 05:07:13,588 INFO: Plan 3: ḡ=1, γE[v]=0.0, Q=1.0
2026-06-05 05:07:13,588 INFO: Plan 2: ḡ=1, γE[v]=0.0, Q=1.0
2026-06-05 05:07:13,589 INFO: Plan 5: ḡ=1, γE[v]=0.0, Q=1.0
2026-06-05 05:07:13,590 INFO: Plan 7: ḡ=1, γE[v]=0.0, Q=1.0
2026-06-05 05:07:13,591 INFO: Plan 4: ḡ=1, γE[v]=1.0, Q=2.0
2026-06-05 05:07:39,758 INFO: Plan 0: ḡ=16, γE[v]=0.0, Q=16.0
2026-06-05 05:07:39,794 INFO: Plan 2: ḡ=16, γE[v]=0.0, Q=16.0
2026-06-05 05:07:39,813 INFO: Plan 4: ḡ=18, γE[v]=6.0, Q=24.0
2026-06-05 05:07:39,814 INFO: Plan 5: ḡ=16, γE[v]=5.0, Q=21.0
2026-06-05 05:07:39,815 INFO: Plan 3: ḡ=25, γE[v]=5.0, Q=30.0
2026-06-05 05:07:39,815 INFO: Plan 1: ḡ=25, γE[v]=5.0, Q=30.0
2026-06-05 05:07:39,830 INFO: Plan 7: ḡ=16, γE[v]=0.0, Q=16.0
2026-06-05 05:07:39,849 INFO: Plan 6: ḡ=12, γE[v]=5.0, Q=17.0
2026-06-05 05:07:59,075 INFO: Plan 0: ḡ=8, γE[v]=0.0, Q=8.0
2026-06-05 05:07:59,113 INFO: Plan 5: ḡ=8, γE[v]=0.0, Q=8.0
2026-06-05 05:07:59,114 INFO: Plan 3: ḡ=8, γE[v]=0.0, Q=8.0
2026-06-05 05:07:59,115 INFO: Plan 1: ḡ=8, γE[v]=0.0, Q=8.0
2026-06-05 05:07:59,116 INFO: Plan 2: ḡ=8, γE[v]=0.0, Q=8.0
2026-06-05 05:07:59,129 INFO: Plan 4: ḡ=10, γE[v]=1.0, Q=11.0
2026-06-05 05:07:59,133 INFO: Plan 6: ḡ=10, γE[v]=0.0, Q=10.0
2026-06-05 05:07:59,145 INFO: Plan 7: ḡ=10, γE[v]=7.5, Q=17.5
2026-06-05 05:08:15,632 INFO: Plan 0: ḡ=57, γE[v]=0.0, Q=57.0
2026-06-05 05:08:15,649 INFO: Plan 1: ḡ=10, γE[v]=0.0, Q=10.0
2026-06-05 05:08:15,670 INFO: Plan 2: ḡ=57, γE[v]=0.0, Q=57.0
2026-06-05 05:08:15,671 INFO: Plan 7: ḡ=57, γE[v]=0.0, Q=57.0
2026-06-05 05:08:15,672 INFO: Plan 3: ḡ=57, γE[v]=0.0, Q=57.0
2026-06-05 05:08:15,673 INFO: Plan 6: ḡ=12, γE[v]=0.0, Q=12.0
2026-06-05 05:08:15,673 INFO: Plan 5: ḡ=57, γE[v]=0.0, Q=57.0
2026-06-05 05:08:15,674 INFO: Plan 4: ḡ=10, γE[v]=0.0, Q=10.0
2026-06-05 05:08:36,742 INFO: Plan 5: ḡ=12, γE[v]=9.0, Q=21.0
2026-06-05 05:08:36,743 INFO: Plan 2: ḡ=12, γE[v]=9.0, Q=21.0
2026-06-05 05:08:36,744 INFO: Plan 4: ḡ=12, γE[v]=7.5, Q=19.5
2026-06-05 05:08:36,745 INFO: Plan 3: ḡ=12, γE[v]=10.0, Q=22.0
2026-06-05 05:08:36,745 INFO: Plan 1: ḡ=12, γE[v]=7.5, Q=19.5
2026-06-05 05:08:36,746 INFO: Plan 0: ḡ=12, γE[v]=9.0, Q=21.0
2026-06-05 05:08:36,780 INFO: Plan 6: ḡ=12, γE[v]=9.0, Q=21.0
2026-06-05 05:08:36,781 INFO: Plan 7: ḡ=12, γE[v]=9.0, Q=21.0
2026-06-05 05:08:46,127 INFO: Plan 4: ḡ=6, γE[v]=1.5, Q=7.5
2026-06-05 05:08:46,155 INFO: Plan 0: ḡ=12, γE[v]=2.5, Q=14.5
2026-06-05 05:08:46,156 INFO: Plan 6: ḡ=12, γE[v]=2.0, Q=14.0
2026-06-05 05:08:46,157 INFO: Plan 3: ḡ=12, γE[v]=2.5, Q=14.5
2026-06-05 05:08:46,180 INFO: Plan 5: ḡ=12, γE[v]=7.5, Q=19.5
2026-06-05 05:08:46,181 INFO: Plan 2: ḡ=12, γE[v]=7.5, Q=19.5
2026-06-05 05:08:46,182 INFO: Plan 1: ḡ=12, γE[v]=7.5, Q=19.5
2026-06-05 05:08:46,182 INFO: Plan 7: ḡ=12, γE[v]=7.5, Q=19.5
2026-06-05 05:08:50,895 INFO: Plan 0: ḡ=2, γE[v]=0.0, Q=2.0
2026-06-05 05:08:50,919 INFO: Plan 1: ḡ=2, γE[v]=0.0, Q=2.0
2026-06-05 05:08:50,921 INFO: Plan 3: ḡ=2, γE[v]=0.0, Q=2.0
2026-06-05 05:08:50,922 INFO: Plan 7: ḡ=2, γE[v]=0.0, Q=2.0
2026-06-05 05:08:50,923 INFO: Plan 5: ḡ=2, γE[v]=0.0, Q=2.0
2026-06-05 05:08:50,925 INFO: Plan 2: ḡ=2, γE[v]=0.0, Q=2.0
2026-06-05 05:08:50,927 INFO: Plan 4: ḡ=2, γE[v]=0.0, Q=2.0
2026-06-05 05:08:50,928 INFO: Plan 6: ḡ=4, γE[v]=0.0, Q=4.0
2026-06-05 05:08:52,567 INFO: Plan 0: ḡ=29, γE[v]=0.0, Q=29.0
2026-06-05 05:08:52,606 INFO: Plan 3: ḡ=28, γE[v]=11.0, Q=39.0
2026-06-05 05:08:52,607 INFO: Plan 1: ḡ=12, γE[v]=17.5, Q=29.5
2026-06-05 05:08:52,608 INFO: Plan 2: ḡ=12, γE[v]=7.5, Q=19.5
2026-06-05 05:08:52,625 INFO: Plan 6: ḡ=10, γE[v]=10.0, Q=20.0
2026-06-05 05:08:52,626 INFO: Plan 5: ḡ=28, γE[v]=11.0, Q=39.0
2026-06-05 05:08:52,627 INFO: Plan 7: ḡ=10, γE[v]=7.5, Q=17.5
2026-06-05 05:08:52,628 INFO: Plan 4: ḡ=28, γE[v]=11.0, Q=39.0
2026-06-05 05:08:54,366 INFO: Plan 0: ḡ=1, γE[v]=0.0, Q=1.0
2026-06-05 05:08:54,405 INFO: Plan 3: ḡ=1, γE[v]=1.0, Q=2.0
2026-06-05 05:08:54,406 INFO: Plan 2: ḡ=1, γE[v]=0.0, Q=1.0
2026-06-05 05:08:54,406 INFO: Plan 1: ḡ=1, γE[v]=0.0, Q=1.0
2026-06-05 05:08:54,407 INFO: Plan 7: ḡ=2, γE[v]=0.5, Q=2.5
2026-06-05 05:08:54,408 INFO: Plan 5: ḡ=1, γE[v]=0.0, Q=1.0
2026-06-05 05:08:54,421 INFO: Plan 6: ḡ=1, γE[v]=5.0, Q=6.0
2026-06-05 05:08:54,421 INFO: Plan 4: ḡ=2, γE[v]=5.0, Q=7.0
2026-06-05 05:09:21,292 INFO: Plan 0: ḡ=20, γE[v]=7.5, Q=27.5
2026-06-05 05:09:21,309 INFO: Plan 2: ḡ=16, γE[v]=0.0, Q=16.0
2026-06-05 05:09:21,329 INFO: Plan 3: ḡ=25, γE[v]=7.5, Q=32.5
2026-06-05 05:09:21,330 INFO: Plan 7: ḡ=16, γE[v]=0.0, Q=16.0
2026-06-05 05:09:21,331 INFO: Plan 5: ḡ=35, γE[v]=5.0, Q=40.0
2026-06-05 05:09:21,332 INFO: Plan 1: ḡ=20, γE[v]=7.5, Q=27.5
2026-06-05 05:09:21,333 INFO: Plan 4: ḡ=25, γE[v]=5.0, Q=30.0
2026-06-05 05:09:21,334 INFO: Plan 6: ḡ=12, γE[v]=2.5, Q=14.5
2026-06-05 05:09:39,119 INFO: Plan 0: ḡ=8, γE[v]=0.0, Q=8.0
2026-06-05 05:09:39,159 INFO: Plan 6: ḡ=8, γE[v]=0.0, Q=8.0
2026-06-05 05:09:39,160 INFO: Plan 1: ḡ=6, γE[v]=0.0, Q=6.0
2026-06-05 05:09:39,162 INFO: Plan 4: ḡ=8, γE[v]=0.0, Q=8.0
2026-06-05 05:09:39,165 INFO: Plan 5: ḡ=8, γE[v]=0.0, Q=8.0
2026-06-05 05:09:39,168 INFO: Plan 2: ḡ=8, γE[v]=0.0, Q=8.0
2026-06-05 05:09:39,169 INFO: Plan 3: ḡ=8, γE[v]=0.0, Q=8.0
2026-06-05 05:09:39,170 INFO: Plan 7: ḡ=6, γE[v]=1.0, Q=7.0
2026-06-05 05:09:56,122 INFO: Plan 0: ḡ=4, γE[v]=0.0, Q=4.0
2026-06-05 05:09:56,161 INFO: Plan 1: ḡ=10, γE[v]=0.0, Q=10.0
2026-06-05 05:09:56,162 INFO: Plan 5: ḡ=6, γE[v]=0.0, Q=6.0
2026-06-05 05:09:56,163 INFO: Plan 4: ḡ=6, γE[v]=0.0, Q=6.0
2026-06-05 05:09:56,165 INFO: Plan 6: ḡ=8, γE[v]=0.0, Q=8.0
2026-06-05 05:09:56,188 INFO: Plan 3: ḡ=12, γE[v]=0.0, Q=12.0
2026-06-05 05:09:56,189 INFO: Plan 7: ḡ=57, γE[v]=0.0, Q=57.0
2026-06-05 05:09:56,190 INFO: Plan 2: ḡ=57, γE[v]=0.0, Q=57.0
  [17/93] flask.app seed=42: {'cov_qvalue_calib': 68}
  [18/93] flask.cli seed=42: {'cov_qvalue_calib': 75}
2026-06-05 05:10:21,269 INFO: Plan 3: ḡ=10, γE[v]=2.5, Q=12.5
2026-06-05 05:10:21,270 INFO: Plan 1: ḡ=12, γE[v]=4.0, Q=16.0
2026-06-05 05:10:21,271 INFO: Plan 2: ḡ=12, γE[v]=2.5, Q=14.5
2026-06-05 05:10:21,272 INFO: Plan 0: ḡ=10, γE[v]=2.5, Q=12.5
2026-06-05 05:10:21,311 INFO: Plan 7: ḡ=12, γE[v]=2.5, Q=14.5
2026-06-05 05:10:21,312 INFO: Plan 4: ḡ=12, γE[v]=4.0, Q=16.0
2026-06-05 05:10:21,332 INFO: Plan 5: ḡ=12, γE[v]=7.5, Q=19.5
2026-06-05 05:10:21,333 INFO: Plan 6: ḡ=12, γE[v]=7.5, Q=19.5
2026-06-05 05:10:33,624 INFO: Plan 0: ḡ=2, γE[v]=0.0, Q=2.0
2026-06-05 05:10:33,649 INFO: Plan 7: ḡ=2, γE[v]=0.0, Q=2.0
2026-06-05 05:10:33,650 INFO: Plan 5: ḡ=2, γE[v]=0.0, Q=2.0
2026-06-05 05:10:33,651 INFO: Plan 1: ḡ=2, γE[v]=0.0, Q=2.0
2026-06-05 05:10:33,652 INFO: Plan 2: ḡ=2, γE[v]=0.0, Q=2.0
2026-06-05 05:10:33,653 INFO: Plan 6: ḡ=2, γE[v]=0.0, Q=2.0
2026-06-05 05:10:33,654 INFO: Plan 3: ḡ=2, γE[v]=0.0, Q=2.0
2026-06-05 05:10:33,654 INFO: Plan 4: ḡ=2, γE[v]=0.0, Q=2.0
2026-06-05 05:10:35,721 INFO: Plan 1: ḡ=5, γE[v]=10.0, Q=15.0
2026-06-05 05:10:35,742 INFO: Plan 2: ḡ=28, γE[v]=11.0, Q=39.0
2026-06-05 05:10:35,743 INFO: Plan 0: ḡ=28, γE[v]=11.0, Q=39.0
2026-06-05 05:10:35,769 INFO: Plan 5: ḡ=28, γE[v]=11.0, Q=39.0
2026-06-05 05:10:35,769 INFO: Plan 6: ḡ=28, γE[v]=11.0, Q=39.0
2026-06-05 05:10:35,770 INFO: Plan 4: ḡ=12, γE[v]=7.5, Q=19.5
2026-06-05 05:10:35,771 INFO: Plan 3: ḡ=28, γE[v]=11.0, Q=39.0
2026-06-05 05:10:35,773 INFO: Plan 7: ḡ=28, γE[v]=11.0, Q=39.0
2026-06-05 05:10:36,231 INFO: Plan 2: ḡ=1, γE[v]=0.0, Q=1.0
2026-06-05 05:10:36,232 INFO: Plan 1: ḡ=3, γE[v]=0.0, Q=3.0
2026-06-05 05:10:36,233 INFO: Plan 3: ḡ=4, γE[v]=0.0, Q=4.0
2026-06-05 05:10:36,234 INFO: Plan 0: ḡ=1, γE[v]=0.0, Q=1.0
2026-06-05 05:10:36,252 INFO: Plan 4: ḡ=2, γE[v]=0.0, Q=2.0
2026-06-05 05:10:36,253 INFO: Plan 6: ḡ=2, γE[v]=0.0, Q=2.0
2026-06-05 05:10:36,254 INFO: Plan 5: ḡ=2, γE[v]=0.0, Q=2.0
2026-06-05 05:10:36,254 INFO: Plan 7: ḡ=2, γE[v]=0.0, Q=2.0
2026-06-05 05:10:38,859 INFO: Plan 1: ḡ=2, γE[v]=5.0, Q=7.0
2026-06-05 05:10:38,878 INFO: Plan 2: ḡ=1, γE[v]=0.0, Q=1.0
2026-06-05 05:10:38,879 INFO: Plan 7: ḡ=2, γE[v]=0.0, Q=2.0
2026-06-05 05:10:38,880 INFO: Plan 6: ḡ=1, γE[v]=0.0, Q=1.0
2026-06-05 05:10:38,881 INFO: Plan 3: ḡ=1, γE[v]=0.0, Q=1.0
2026-06-05 05:10:38,882 INFO: Plan 4: ḡ=1, γE[v]=0.0, Q=1.0
2026-06-05 05:10:38,883 INFO: Plan 0: ḡ=1, γE[v]=0.0, Q=1.0
2026-06-05 05:10:38,884 INFO: Plan 5: ḡ=1, γE[v]=0.0, Q=1.0
2026-06-05 05:11:04,416 INFO: Plan 0: ḡ=16, γE[v]=0.0, Q=16.0
2026-06-05 05:11:04,500 INFO: Plan 2: ḡ=16, γE[v]=0.0, Q=16.0
2026-06-05 05:11:04,501 INFO: Plan 5: ḡ=16, γE[v]=0.0, Q=16.0
2026-06-05 05:11:04,502 INFO: Plan 3: ḡ=16, γE[v]=0.0, Q=16.0
2026-06-05 05:11:04,516 INFO: Plan 1: ḡ=25, γE[v]=5.0, Q=30.0
2026-06-05 05:11:04,534 INFO: Plan 4: ḡ=16, γE[v]=0.0, Q=16.0
2026-06-05 05:11:04,568 INFO: Plan 7: ḡ=16, γE[v]=0.0, Q=16.0
2026-06-05 05:11:04,585 INFO: Plan 6: ḡ=25, γE[v]=5.0, Q=30.0
  [19/93] flask.helpers seed=42: {'cov_qvalue_calib': 9}
2026-06-05 05:11:21,282 INFO: Plan 0: ḡ=20, γE[v]=15.0, Q=35.0
2026-06-05 05:11:21,321 INFO: Plan 3: ḡ=12, γE[v]=10.0, Q=22.0
2026-06-05 05:11:21,322 INFO: Plan 5: ḡ=12, γE[v]=10.0, Q=22.0
2026-06-05 05:11:21,323 INFO: Plan 6: ḡ=12, γE[v]=9.0, Q=21.0
2026-06-05 05:11:21,324 INFO: Plan 4: ḡ=25, γE[v]=15.0, Q=40.0
2026-06-05 05:11:21,325 INFO: Plan 2: ḡ=12, γE[v]=10.0, Q=22.0
2026-06-05 05:11:21,325 INFO: Plan 1: ḡ=12, γE[v]=9.0, Q=21.0
2026-06-05 05:11:21,326 INFO: Plan 7: ḡ=20, γE[v]=15.0, Q=35.0
  [20/93] flask.ctx seed=42: {'cov_qvalue_calib': 59}
2026-06-05 05:11:39,568 INFO: Plan 0: ḡ=1, γE[v]=0.0, Q=1.0
2026-06-05 05:11:39,586 INFO: Plan 1: ḡ=2, γE[v]=0.0, Q=2.0
2026-06-05 05:11:39,607 INFO: Plan 5: ḡ=2, γE[v]=0.0, Q=2.0
2026-06-05 05:11:39,608 INFO: Plan 6: ḡ=2, γE[v]=0.0, Q=2.0
2026-06-05 05:11:39,609 INFO: Plan 2: ḡ=1, γE[v]=0.0, Q=1.0
2026-06-05 05:11:39,610 INFO: Plan 3: ḡ=0, γE[v]=0.0, Q=0.0
2026-06-05 05:11:39,612 INFO: Plan 4: ḡ=1, γE[v]=0.0, Q=1.0
2026-06-05 05:11:39,613 INFO: Plan 7: ḡ=0, γE[v]=0.0, Q=0.0
2026-06-05 05:12:01,021 INFO: Plan 0: ḡ=13, γE[v]=0.0, Q=13.0
2026-06-05 05:12:01,041 INFO: Plan 1: ḡ=13, γE[v]=0.0, Q=13.0
2026-06-05 05:12:01,062 INFO: Plan 2: ḡ=13, γE[v]=0.0, Q=13.0
2026-06-05 05:12:01,064 INFO: Plan 6: ḡ=13, γE[v]=0.0, Q=13.0
2026-06-05 05:12:01,064 INFO: Plan 7: ḡ=13, γE[v]=0.0, Q=13.0
2026-06-05 05:12:01,065 INFO: Plan 4: ḡ=13, γE[v]=0.0, Q=13.0
2026-06-05 05:12:01,065 INFO: Plan 5: ḡ=13, γE[v]=0.0, Q=13.0
2026-06-05 05:12:01,066 INFO: Plan 3: ḡ=13, γE[v]=0.0, Q=13.0
  [21/93] flask.sessions seed=42: {'cov_qvalue_calib': 4}
  [22/93] flask.config seed=42: {'cov_qvalue_calib': 29}
2026-06-05 05:12:19,625 INFO: Plan 7: ḡ=6, γE[v]=0.0, Q=6.0
2026-06-05 05:12:19,626 INFO: Plan 2: ḡ=6, γE[v]=0.0, Q=6.0
2026-06-05 05:12:19,627 INFO: Plan 5: ḡ=6, γE[v]=0.0, Q=6.0
2026-06-05 05:12:19,627 INFO: Plan 0: ḡ=8, γE[v]=0.0, Q=8.0
2026-06-05 05:12:19,628 INFO: Plan 4: ḡ=6, γE[v]=0.0, Q=6.0
2026-06-05 05:12:19,628 INFO: Plan 1: ḡ=6, γE[v]=0.0, Q=6.0
2026-06-05 05:12:19,646 INFO: Plan 3: ḡ=10, γE[v]=0.0, Q=10.0
2026-06-05 05:12:19,647 INFO: Plan 6: ḡ=10, γE[v]=0.0, Q=10.0
2026-06-05 05:12:21,577 INFO: Plan 4: ḡ=4, γE[v]=0.0, Q=4.0
2026-06-05 05:12:21,600 INFO: Plan 0: ḡ=10, γE[v]=13.0, Q=23.0
2026-06-05 05:12:21,601 INFO: Plan 6: ḡ=6, γE[v]=15.0, Q=21.0
2026-06-05 05:12:21,623 INFO: Plan 1: ḡ=10, γE[v]=13.0, Q=23.0
2026-06-05 05:12:21,624 INFO: Plan 2: ḡ=10, γE[v]=13.0, Q=23.0
2026-06-05 05:12:21,625 INFO: Plan 5: ḡ=10, γE[v]=13.0, Q=23.0
2026-06-05 05:12:21,626 INFO: Plan 3: ḡ=10, γE[v]=13.0, Q=23.0
2026-06-05 05:12:21,627 INFO: Plan 7: ḡ=12, γE[v]=12.0, Q=24.0
2026-06-05 05:12:25,847 INFO: Plan 1: ḡ=10, γE[v]=2.5, Q=12.5
2026-06-05 05:12:25,848 INFO: Plan 6: ḡ=0, γE[v]=0.0, Q=0.0
2026-06-05 05:12:25,848 INFO: Plan 0: ḡ=10, γE[v]=2.5, Q=12.5
2026-06-05 05:12:25,886 INFO: Plan 2: ḡ=10, γE[v]=7.5, Q=17.5
2026-06-05 05:12:25,887 INFO: Plan 5: ḡ=10, γE[v]=7.5, Q=17.5
2026-06-05 05:12:25,888 INFO: Plan 3: ḡ=10, γE[v]=7.5, Q=17.5
2026-06-05 05:12:25,905 INFO: Plan 7: ḡ=10, γE[v]=7.5, Q=17.5
2026-06-05 05:12:25,906 INFO: Plan 4: ḡ=12, γE[v]=9.0, Q=21.0
2026-06-05 05:12:28,140 INFO: Plan 0: ḡ=1, γE[v]=0.0, Q=1.0
2026-06-05 05:12:28,180 INFO: Plan 2: ḡ=1, γE[v]=1.0, Q=2.0
2026-06-05 05:12:28,181 INFO: Plan 5: ḡ=1, γE[v]=0.0, Q=1.0
2026-06-05 05:12:28,182 INFO: Plan 3: ḡ=1, γE[v]=0.0, Q=1.0
2026-06-05 05:12:28,184 INFO: Plan 4: ḡ=1, γE[v]=0.0, Q=1.0
2026-06-05 05:12:28,185 INFO: Plan 1: ḡ=1, γE[v]=0.0, Q=1.0
2026-06-05 05:12:28,185 INFO: Plan 6: ḡ=1, γE[v]=0.0, Q=1.0
2026-06-05 05:12:28,193 INFO: Plan 7: ḡ=2, γE[v]=5.0, Q=7.0
  [23/93] flask.json.tag seed=42: {'cov_qvalue_calib': 21}
2026-06-05 05:12:45,232 INFO: Plan 0: ḡ=10, γE[v]=2.5, Q=12.5
2026-06-05 05:12:45,233 INFO: Plan 1: ḡ=2, γE[v]=0.0, Q=2.0
2026-06-05 05:12:45,248 INFO: Plan 2: ḡ=2, γE[v]=0.0, Q=2.0
2026-06-05 05:12:45,249 INFO: Plan 4: ḡ=6, γE[v]=1.0, Q=7.0
2026-06-05 05:12:45,250 INFO: Plan 3: ḡ=4, γE[v]=0.0, Q=4.0
2026-06-05 05:12:45,251 INFO: Plan 5: ḡ=4, γE[v]=0.0, Q=4.0
2026-06-05 05:12:45,252 INFO: Plan 6: ḡ=2, γE[v]=0.0, Q=2.0
2026-06-05 05:12:45,281 INFO: Plan 7: ḡ=12, γE[v]=7.5, Q=19.5
2026-06-05 05:13:01,057 INFO: Plan 0: ḡ=35, γE[v]=10.0, Q=45.0
2026-06-05 05:13:01,096 INFO: Plan 1: ḡ=25, γE[v]=7.5, Q=32.5
2026-06-05 05:13:01,098 INFO: Plan 7: ḡ=35, γE[v]=10.0, Q=45.0
2026-06-05 05:13:01,099 INFO: Plan 5: ḡ=35, γE[v]=10.0, Q=45.0
2026-06-05 05:13:01,099 INFO: Plan 6: ḡ=35, γE[v]=7.5, Q=42.5
2026-06-05 05:13:01,100 INFO: Plan 2: ḡ=25, γE[v]=7.5, Q=32.5
2026-06-05 05:13:01,100 INFO: Plan 3: ḡ=35, γE[v]=10.0, Q=45.0
2026-06-05 05:13:01,111 INFO: Plan 4: ḡ=165, γE[v]=15.0, Q=180.0
2026-06-05 05:13:25,166 INFO: Plan 6: ḡ=1, γE[v]=0.0, Q=1.0
2026-06-05 05:13:25,167 INFO: Plan 0: ḡ=12, γE[v]=17.5, Q=29.5
2026-06-05 05:13:25,206 INFO: Plan 4: ḡ=12, γE[v]=15.0, Q=27.0
2026-06-05 05:13:25,206 INFO: Plan 2: ḡ=12, γE[v]=17.5, Q=29.5
2026-06-05 05:13:25,207 INFO: Plan 7: ḡ=12, γE[v]=15.0, Q=27.0
2026-06-05 05:13:25,208 INFO: Plan 3: ḡ=10, γE[v]=20.0, Q=30.0
2026-06-05 05:13:25,208 INFO: Plan 5: ḡ=10, γE[v]=20.0, Q=30.0
2026-06-05 05:13:25,209 INFO: Plan 1: ḡ=12, γE[v]=19.0, Q=31.0
2026-06-05 05:13:40,778 INFO: Plan 1: ḡ=6, γE[v]=1.0, Q=7.0
2026-06-05 05:13:40,815 INFO: Plan 5: ḡ=6, γE[v]=0.0, Q=6.0
2026-06-05 05:13:40,816 INFO: Plan 2: ḡ=6, γE[v]=1.0, Q=7.0
2026-06-05 05:13:40,817 INFO: Plan 3: ḡ=6, γE[v]=0.0, Q=6.0
2026-06-05 05:13:40,817 INFO: Plan 0: ḡ=6, γE[v]=0.0, Q=6.0
2026-06-05 05:13:40,818 INFO: Plan 4: ḡ=6, γE[v]=1.0, Q=7.0
2026-06-05 05:13:40,830 INFO: Plan 6: ḡ=10, γE[v]=2.5, Q=12.5
2026-06-05 05:13:40,847 INFO: Plan 7: ḡ=6, γE[v]=1.0, Q=7.0
  [24/93] flask.testing seed=42: {'cov_qvalue_calib': 9}
2026-06-05 05:13:56,495 INFO: Plan 2: ḡ=1, γE[v]=0.0, Q=1.0
2026-06-05 05:13:56,522 INFO: Plan 0: ḡ=12, γE[v]=2.5, Q=14.5
2026-06-05 05:13:56,523 INFO: Plan 4: ḡ=10, γE[v]=2.5, Q=12.5
2026-06-05 05:13:56,524 INFO: Plan 6: ḡ=2, γE[v]=1.0, Q=3.0
2026-06-05 05:13:56,524 INFO: Plan 7: ḡ=1, γE[v]=0.0, Q=1.0
2026-06-05 05:13:56,525 INFO: Plan 5: ḡ=12, γE[v]=2.5, Q=14.5
2026-06-05 05:13:56,545 INFO: Plan 1: ḡ=10, γE[v]=7.5, Q=17.5
2026-06-05 05:13:56,546 INFO: Plan 3: ḡ=10, γE[v]=5.0, Q=15.0
2026-06-05 05:14:04,657 INFO: Plan 0: ḡ=40, γE[v]=5.0, Q=45.0
2026-06-05 05:14:04,683 INFO: Plan 2: ḡ=40, γE[v]=5.0, Q=45.0
2026-06-05 05:14:04,684 INFO: Plan 1: ḡ=40, γE[v]=5.0, Q=45.0
2026-06-05 05:14:04,685 INFO: Plan 4: ḡ=40, γE[v]=5.0, Q=45.0
2026-06-05 05:14:04,685 INFO: Plan 5: ḡ=40, γE[v]=5.0, Q=45.0
2026-06-05 05:14:04,686 INFO: Plan 6: ḡ=30, γE[v]=10.0, Q=40.0
2026-06-05 05:14:04,686 INFO: Plan 3: ḡ=40, γE[v]=5.0, Q=45.0
2026-06-05 05:14:04,687 INFO: Plan 7: ḡ=12, γE[v]=17.5, Q=29.5
2026-06-05 05:14:06,164 INFO: Plan 0: ḡ=4, γE[v]=0.0, Q=4.0
2026-06-05 05:14:06,165 INFO: Plan 1: ḡ=2, γE[v]=0.0, Q=2.0
2026-06-05 05:14:06,166 INFO: Plan 2: ḡ=4, γE[v]=0.0, Q=4.0
2026-06-05 05:14:06,167 INFO: Plan 5: ḡ=3, γE[v]=0.0, Q=3.0
2026-06-05 05:14:06,168 INFO: Plan 3: ḡ=5, γE[v]=0.0, Q=5.0
2026-06-05 05:14:06,186 INFO: Plan 4: ḡ=2, γE[v]=0.0, Q=2.0
2026-06-05 05:14:06,230 INFO: Plan 6: ḡ=5, γE[v]=0.0, Q=5.0
2026-06-05 05:14:06,231 INFO: Plan 7: ḡ=4, γE[v]=0.0, Q=4.0
2026-06-05 05:14:11,513 INFO: Plan 1: ḡ=12, γE[v]=4.0, Q=16.0
2026-06-05 05:14:11,514 INFO: Plan 0: ḡ=12, γE[v]=4.0, Q=16.0
2026-06-05 05:14:11,534 INFO: Plan 2: ḡ=12, γE[v]=4.0, Q=16.0
2026-06-05 05:14:11,535 INFO: Plan 6: ḡ=12, γE[v]=4.0, Q=16.0
2026-06-05 05:14:11,536 INFO: Plan 5: ḡ=12, γE[v]=4.0, Q=16.0
2026-06-05 05:14:11,554 INFO: Plan 4: ḡ=12, γE[v]=7.5, Q=19.5
2026-06-05 05:14:11,555 INFO: Plan 3: ḡ=12, γE[v]=9.0, Q=21.0
2026-06-05 05:14:11,556 INFO: Plan 7: ḡ=12, γE[v]=7.5, Q=19.5
2026-06-05 05:14:22,867 INFO: Plan 1: ḡ=12, γE[v]=15.0, Q=27.0
2026-06-05 05:14:22,907 INFO: Plan 2: ḡ=12, γE[v]=17.5, Q=29.5
2026-06-05 05:14:22,908 INFO: Plan 5: ḡ=40, γE[v]=10.0, Q=50.0
2026-06-05 05:14:22,909 INFO: Plan 6: ḡ=12, γE[v]=7.5, Q=19.5
2026-06-05 05:14:22,910 INFO: Plan 3: ḡ=12, γE[v]=17.5, Q=29.5
2026-06-05 05:14:22,911 INFO: Plan 4: ḡ=12, γE[v]=17.5, Q=29.5
2026-06-05 05:14:22,912 INFO: Plan 7: ḡ=12, γE[v]=20.0, Q=32.0
2026-06-05 05:14:22,912 INFO: Plan 0: ḡ=15, γE[v]=15.0, Q=30.0
2026-06-05 05:14:44,376 INFO: Plan 0: ḡ=45, γE[v]=15.0, Q=60.0
2026-06-05 05:14:44,416 INFO: Plan 5: ḡ=35, γE[v]=20.0, Q=55.0
2026-06-05 05:14:44,417 INFO: Plan 3: ḡ=35, γE[v]=10.0, Q=45.0
2026-06-05 05:14:44,418 INFO: Plan 7: ḡ=35, γE[v]=20.0, Q=55.0
2026-06-05 05:14:44,420 INFO: Plan 6: ḡ=25, γE[v]=15.0, Q=40.0
2026-06-05 05:14:44,420 INFO: Plan 1: ḡ=35, γE[v]=10.0, Q=45.0
2026-06-05 05:14:44,421 INFO: Plan 2: ḡ=35, γE[v]=10.0, Q=45.0
2026-06-05 05:14:44,430 INFO: Plan 4: ḡ=35, γE[v]=10.0, Q=45.0
2026-06-05 05:15:07,369 INFO: Plan 0: ḡ=2, γE[v]=1.0, Q=3.0
2026-06-05 05:15:07,389 INFO: Plan 1: ḡ=2, γE[v]=0.0, Q=2.0
2026-06-05 05:15:07,389 INFO: Plan 2: ḡ=1, γE[v]=1.0, Q=2.0
2026-06-05 05:15:07,407 INFO: Plan 7: ḡ=2, γE[v]=2.5, Q=4.5
2026-06-05 05:15:07,408 INFO: Plan 5: ḡ=2, γE[v]=0.5, Q=2.5
2026-06-05 05:15:07,409 INFO: Plan 4: ḡ=2, γE[v]=0.0, Q=2.0
2026-06-05 05:15:07,425 INFO: Plan 6: ḡ=2, γE[v]=5.0, Q=7.0
2026-06-05 05:15:07,426 INFO: Plan 3: ḡ=2, γE[v]=5.0, Q=7.0
2026-06-05 05:15:20,509 INFO: Plan 0: ḡ=4, γE[v]=1.0, Q=5.0
2026-06-05 05:15:20,510 INFO: Plan 1: ḡ=4, γE[v]=0.0, Q=4.0
2026-06-05 05:15:20,532 INFO: Plan 6: ḡ=4, γE[v]=1.0, Q=5.0
2026-06-05 05:15:20,533 INFO: Plan 2: ḡ=4, γE[v]=0.0, Q=4.0
2026-06-05 05:15:20,534 INFO: Plan 5: ḡ=4, γE[v]=1.0, Q=5.0
2026-06-05 05:15:20,535 INFO: Plan 4: ḡ=4, γE[v]=0.0, Q=4.0
2026-06-05 05:15:20,551 INFO: Plan 3: ḡ=10, γE[v]=2.5, Q=12.5
2026-06-05 05:15:20,570 INFO: Plan 7: ḡ=4, γE[v]=1.0, Q=5.0
2026-06-05 05:15:29,663 INFO: Plan 0: ḡ=1, γE[v]=0.0, Q=1.0
2026-06-05 05:15:29,702 INFO: Plan 6: ḡ=0, γE[v]=0.0, Q=0.0
2026-06-05 05:15:29,703 INFO: Plan 3: ḡ=0, γE[v]=0.0, Q=0.0
2026-06-05 05:15:29,704 INFO: Plan 4: ḡ=1, γE[v]=0.0, Q=1.0
2026-06-05 05:15:29,721 INFO: Plan 5: ḡ=12, γE[v]=2.5, Q=14.5
2026-06-05 05:15:29,722 INFO: Plan 7: ḡ=12, γE[v]=2.5, Q=14.5
2026-06-05 05:15:29,737 INFO: Plan 2: ḡ=12, γE[v]=7.5, Q=19.5
2026-06-05 05:15:29,738 INFO: Plan 1: ḡ=12, γE[v]=5.0, Q=17.0
2026-06-05 05:15:44,215 INFO: Plan 1: ḡ=20, γE[v]=15.0, Q=35.0
2026-06-05 05:15:44,216 INFO: Plan 0: ḡ=15, γE[v]=17.5, Q=32.5
2026-06-05 05:15:44,265 INFO: Plan 7: ḡ=40, γE[v]=5.0, Q=45.0
2026-06-05 05:15:44,266 INFO: Plan 4: ḡ=14, γE[v]=18.0, Q=32.0
2026-06-05 05:15:44,267 INFO: Plan 6: ḡ=12, γE[v]=17.5, Q=29.5
2026-06-05 05:15:44,268 INFO: Plan 2: ḡ=40, γE[v]=5.0, Q=45.0
2026-06-05 05:15:44,268 INFO: Plan 3: ḡ=20, γE[v]=15.0, Q=35.0
2026-06-05 05:15:44,269 INFO: Plan 5: ḡ=40, γE[v]=5.0, Q=45.0
2026-06-05 05:15:50,164 INFO: Plan 3: ḡ=4, γE[v]=0.0, Q=4.0
2026-06-05 05:15:50,166 INFO: Plan 2: ḡ=4, γE[v]=0.0, Q=4.0
2026-06-05 05:15:50,166 INFO: Plan 1: ḡ=5, γE[v]=0.0, Q=5.0
2026-06-05 05:15:50,167 INFO: Plan 0: ḡ=5, γE[v]=0.0, Q=5.0
2026-06-05 05:15:50,184 INFO: Plan 6: ḡ=5, γE[v]=0.0, Q=5.0
2026-06-05 05:15:50,185 INFO: Plan 5: ḡ=4, γE[v]=0.0, Q=4.0
2026-06-05 05:15:50,186 INFO: Plan 4: ḡ=5, γE[v]=0.0, Q=5.0
2026-06-05 05:15:50,187 INFO: Plan 7: ḡ=4, γE[v]=0.0, Q=4.0
2026-06-05 05:15:52,804 INFO: Plan 1: ḡ=18, γE[v]=5.0, Q=23.0
2026-06-05 05:15:52,805 INFO: Plan 2: ḡ=18, γE[v]=5.0, Q=23.0
2026-06-05 05:15:52,826 INFO: Plan 4: ḡ=18, γE[v]=5.0, Q=23.0
2026-06-05 05:15:52,827 INFO: Plan 0: ḡ=18, γE[v]=5.0, Q=23.0
2026-06-05 05:15:52,828 INFO: Plan 5: ḡ=18, γE[v]=5.0, Q=23.0
2026-06-05 05:15:52,829 INFO: Plan 7: ḡ=18, γE[v]=5.0, Q=23.0
2026-06-05 05:15:52,830 INFO: Plan 6: ḡ=12, γE[v]=7.5, Q=19.5
2026-06-05 05:15:52,831 INFO: Plan 3: ḡ=18, γE[v]=5.0, Q=23.0
2026-06-05 05:15:57,656 INFO: Plan 1: ḡ=12, γE[v]=15.0, Q=27.0
2026-06-05 05:15:57,657 INFO: Plan 0: ḡ=12, γE[v]=17.5, Q=29.5
2026-06-05 05:15:57,695 INFO: Plan 2: ḡ=12, γE[v]=15.0, Q=27.0
2026-06-05 05:15:57,696 INFO: Plan 3: ḡ=12, γE[v]=15.0, Q=27.0
2026-06-05 05:15:57,696 INFO: Plan 7: ḡ=12, γE[v]=17.5, Q=29.5
2026-06-05 05:15:57,697 INFO: Plan 6: ḡ=12, γE[v]=7.5, Q=19.5
2026-06-05 05:15:57,697 INFO: Plan 5: ḡ=12, γE[v]=17.5, Q=29.5
2026-06-05 05:15:57,698 INFO: Plan 4: ḡ=12, γE[v]=17.5, Q=29.5
2026-06-05 05:16:30,594 INFO: Plan 0: ḡ=35, γE[v]=7.5, Q=42.5
2026-06-05 05:16:30,635 INFO: Plan 5: ḡ=59, γE[v]=10.0, Q=69.0
2026-06-05 05:16:30,636 INFO: Plan 2: ḡ=45, γE[v]=7.5, Q=52.5
2026-06-05 05:16:30,637 INFO: Plan 7: ḡ=42, γE[v]=7.5, Q=49.5
2026-06-05 05:16:30,637 INFO: Plan 1: ḡ=35, γE[v]=7.5, Q=42.5
2026-06-05 05:16:30,638 INFO: Plan 6: ḡ=12, γE[v]=7.5, Q=19.5
2026-06-05 05:16:30,638 INFO: Plan 4: ḡ=45, γE[v]=7.5, Q=52.5
2026-06-05 05:16:30,639 INFO: Plan 3: ḡ=35, γE[v]=7.5, Q=42.5
2026-06-05 05:16:44,072 INFO: Plan 0: ḡ=2, γE[v]=1.0, Q=3.0
2026-06-05 05:16:44,110 INFO: Plan 4: ḡ=2, γE[v]=0.0, Q=2.0
2026-06-05 05:16:44,110 INFO: Plan 6: ḡ=1, γE[v]=1.0, Q=2.0
2026-06-05 05:16:44,111 INFO: Plan 3: ḡ=1, γE[v]=0.0, Q=1.0
2026-06-05 05:16:44,112 INFO: Plan 7: ḡ=2, γE[v]=0.5, Q=2.5
2026-06-05 05:16:44,127 INFO: Plan 5: ḡ=2, γE[v]=5.0, Q=7.0
2026-06-05 05:16:44,128 INFO: Plan 2: ḡ=2, γE[v]=5.0, Q=7.0
2026-06-05 05:16:44,128 INFO: Plan 1: ḡ=2, γE[v]=5.0, Q=7.0
2026-06-05 05:17:02,552 INFO: Plan 4: ḡ=6, γE[v]=1.0, Q=7.0
2026-06-05 05:17:02,553 INFO: Plan 0: ḡ=6, γE[v]=0.0, Q=6.0
2026-06-05 05:17:02,554 INFO: Plan 2: ḡ=6, γE[v]=0.0, Q=6.0
2026-06-05 05:17:02,572 INFO: Plan 6: ḡ=4, γE[v]=0.0, Q=4.0
2026-06-05 05:17:02,573 INFO: Plan 5: ḡ=6, γE[v]=0.0, Q=6.0
2026-06-05 05:17:02,574 INFO: Plan 3: ḡ=6, γE[v]=1.0, Q=7.0
2026-06-05 05:17:02,591 INFO: Plan 7: ḡ=10, γE[v]=2.5, Q=12.5
2026-06-05 05:17:02,592 INFO: Plan 1: ḡ=10, γE[v]=7.5, Q=17.5
2026-06-05 05:17:09,156 INFO: Plan 1: ḡ=1, γE[v]=0.0, Q=1.0
2026-06-05 05:17:09,157 INFO: Plan 3: ḡ=1, γE[v]=0.0, Q=1.0
2026-06-05 05:17:09,177 INFO: Plan 6: ḡ=10, γE[v]=2.5, Q=12.5
2026-06-05 05:17:09,178 INFO: Plan 7: ḡ=10, γE[v]=2.5, Q=12.5
2026-06-05 05:17:09,179 INFO: Plan 2: ḡ=12, γE[v]=2.5, Q=14.5
2026-06-05 05:17:09,180 INFO: Plan 0: ḡ=12, γE[v]=5.0, Q=17.0
2026-06-05 05:17:09,180 INFO: Plan 4: ḡ=10, γE[v]=0.0, Q=10.0
2026-06-05 05:17:09,195 INFO: Plan 5: ḡ=10, γE[v]=7.5, Q=17.5
2026-06-05 05:17:21,676 INFO: Plan 1: ḡ=12, γE[v]=17.5, Q=29.5
2026-06-05 05:17:21,677 INFO: Plan 2: ḡ=15, γE[v]=17.5, Q=32.5
2026-06-05 05:17:21,678 INFO: Plan 0: ḡ=40, γE[v]=5.0, Q=45.0
2026-06-05 05:17:21,679 INFO: Plan 3: ḡ=40, γE[v]=15.0, Q=55.0
2026-06-05 05:17:21,698 INFO: Plan 6: ḡ=10, γE[v]=15.0, Q=25.0
2026-06-05 05:17:21,699 INFO: Plan 4: ḡ=40, γE[v]=15.0, Q=55.0
2026-06-05 05:17:21,700 INFO: Plan 5: ḡ=40, γE[v]=5.0, Q=45.0
2026-06-05 05:17:21,701 INFO: Plan 7: ḡ=40, γE[v]=5.0, Q=45.0
2026-06-05 05:17:32,815 INFO: Plan 2: ḡ=12, γE[v]=5.0, Q=17.0
2026-06-05 05:17:32,816 INFO: Plan 0: ḡ=12, γE[v]=5.0, Q=17.0
2026-06-05 05:17:32,816 INFO: Plan 1: ḡ=12, γE[v]=20.0, Q=32.0
2026-06-05 05:17:32,835 INFO: Plan 7: ḡ=12, γE[v]=7.5, Q=19.5
2026-06-05 05:17:32,836 INFO: Plan 5: ḡ=12, γE[v]=7.5, Q=19.5
2026-06-05 05:17:32,837 INFO: Plan 3: ḡ=12, γE[v]=7.5, Q=19.5
2026-06-05 05:17:32,838 INFO: Plan 6: ḡ=12, γE[v]=15.0, Q=27.0
2026-06-05 05:17:32,839 INFO: Plan 4: ḡ=12, γE[v]=7.5, Q=19.5
2026-06-05 05:17:35,543 INFO: Plan 3: ḡ=5, γE[v]=0.0, Q=5.0
2026-06-05 05:17:35,544 INFO: Plan 0: ḡ=4, γE[v]=0.0, Q=4.0
2026-06-05 05:17:35,544 INFO: Plan 5: ḡ=4, γE[v]=0.0, Q=4.0
2026-06-05 05:17:35,545 INFO: Plan 1: ḡ=4, γE[v]=0.0, Q=4.0
2026-06-05 05:17:35,561 INFO: Plan 4: ḡ=5, γE[v]=0.0, Q=5.0
2026-06-05 05:17:35,562 INFO: Plan 6: ḡ=5, γE[v]=0.0, Q=5.0
2026-06-05 05:17:35,562 INFO: Plan 7: ḡ=4, γE[v]=0.0, Q=4.0
2026-06-05 05:17:35,563 INFO: Plan 2: ḡ=5, γE[v]=0.0, Q=5.0
2026-06-05 05:17:36,744 INFO: Plan 1: ḡ=12, γE[v]=7.5, Q=19.5
2026-06-05 05:17:36,745 INFO: Plan 0: ḡ=35, γE[v]=5.0, Q=40.0
2026-06-05 05:17:36,746 INFO: Plan 2: ḡ=40, γE[v]=5.0, Q=45.0
2026-06-05 05:17:36,780 INFO: Plan 6: ḡ=12, γE[v]=15.0, Q=27.0
2026-06-05 05:17:36,781 INFO: Plan 3: ḡ=25, γE[v]=7.5, Q=32.5
2026-06-05 05:17:36,782 INFO: Plan 4: ḡ=30, γE[v]=7.5, Q=37.5
2026-06-05 05:17:36,783 INFO: Plan 7: ḡ=30, γE[v]=7.5, Q=37.5
2026-06-05 05:17:36,784 INFO: Plan 5: ḡ=20, γE[v]=7.5, Q=27.5
2026-06-05 05:18:11,933 INFO: Plan 0: ḡ=42, γE[v]=7.5, Q=49.5
2026-06-05 05:18:11,934 INFO: Plan 1: ḡ=45, γE[v]=10.0, Q=55.0
2026-06-05 05:18:11,956 INFO: Plan 7: ḡ=45, γE[v]=7.5, Q=52.5
2026-06-05 05:18:11,957 INFO: Plan 2: ḡ=45, γE[v]=7.5, Q=52.5
2026-06-05 05:18:11,958 INFO: Plan 4: ḡ=42, γE[v]=12.5, Q=54.5
2026-06-05 05:18:11,959 INFO: Plan 6: ḡ=45, γE[v]=10.0, Q=55.0
2026-06-05 05:18:11,960 INFO: Plan 5: ḡ=59, γE[v]=10.0, Q=69.0
2026-06-05 05:18:11,961 INFO: Plan 3: ḡ=42, γE[v]=7.5, Q=49.5
2026-06-05 05:18:21,931 INFO: Plan 0: ḡ=2, γE[v]=5.0, Q=7.0
2026-06-05 05:18:21,951 INFO: Plan 4: ḡ=2, γE[v]=0.5, Q=2.5
2026-06-05 05:18:21,952 INFO: Plan 1: ḡ=2, γE[v]=1.0, Q=3.0
2026-06-05 05:18:21,954 INFO: Plan 5: ḡ=2, γE[v]=2.5, Q=4.5
2026-06-05 05:18:21,955 INFO: Plan 2: ḡ=2, γE[v]=1.0, Q=3.0
2026-06-05 05:18:21,955 INFO: Plan 6: ḡ=2, γE[v]=1.0, Q=3.0
2026-06-05 05:18:21,956 INFO: Plan 3: ḡ=2, γE[v]=1.0, Q=3.0
2026-06-05 05:18:21,966 INFO: Plan 7: ḡ=2, γE[v]=5.0, Q=7.0
2026-06-05 05:18:43,503 INFO: Plan 2: ḡ=6, γE[v]=1.0, Q=7.0
2026-06-05 05:18:43,504 INFO: Plan 1: ḡ=6, γE[v]=1.0, Q=7.0
2026-06-05 05:18:43,505 INFO: Plan 0: ḡ=6, γE[v]=0.0, Q=6.0
2026-06-05 05:18:43,525 INFO: Plan 4: ḡ=10, γE[v]=2.5, Q=12.5
2026-06-05 05:18:43,525 INFO: Plan 3: ḡ=10, γE[v]=2.5, Q=12.5
2026-06-05 05:18:43,546 INFO: Plan 5: ḡ=6, γE[v]=1.0, Q=7.0
2026-06-05 05:18:43,547 INFO: Plan 7: ḡ=6, γE[v]=1.0, Q=7.0
2026-06-05 05:18:43,587 INFO: Plan 6: ḡ=12, γE[v]=7.5, Q=19.5
2026-06-05 05:18:48,451 INFO: Plan 4: ḡ=12, γE[v]=2.5, Q=14.5
2026-06-05 05:18:48,452 INFO: Plan 0: ḡ=12, γE[v]=2.5, Q=14.5
2026-06-05 05:18:48,453 INFO: Plan 1: ḡ=10, γE[v]=2.5, Q=12.5
2026-06-05 05:18:48,472 INFO: Plan 3: ḡ=10, γE[v]=7.5, Q=17.5
2026-06-05 05:18:48,472 INFO: Plan 7: ḡ=10, γE[v]=2.5, Q=12.5
2026-06-05 05:18:48,473 INFO: Plan 2: ḡ=10, γE[v]=7.5, Q=17.5
2026-06-05 05:18:48,491 INFO: Plan 6: ḡ=12, γE[v]=7.5, Q=19.5
2026-06-05 05:18:48,492 INFO: Plan 5: ḡ=12, γE[v]=7.5, Q=19.5
2026-06-05 05:18:57,287 INFO: Plan 0: ḡ=19, γE[v]=15.5, Q=34.5
2026-06-05 05:18:57,288 INFO: Plan 2: ḡ=25, γE[v]=7.5, Q=32.5
2026-06-05 05:18:57,289 INFO: Plan 1: ḡ=35, γE[v]=7.5, Q=42.5
2026-06-05 05:18:57,290 INFO: Plan 3: ḡ=25, γE[v]=10.0, Q=35.0
2026-06-05 05:18:57,307 INFO: Plan 5: ḡ=20, γE[v]=15.0, Q=35.0
2026-06-05 05:18:57,308 INFO: Plan 4: ḡ=19, γE[v]=15.5, Q=34.5
2026-06-05 05:18:57,309 INFO: Plan 6: ḡ=20, γE[v]=15.0, Q=35.0
2026-06-05 05:18:57,325 INFO: Plan 7: ḡ=25, γE[v]=10.0, Q=35.0
2026-06-05 05:19:05,143 INFO: Plan 0: ḡ=12, γE[v]=15.0, Q=27.0
2026-06-05 05:19:05,144 INFO: Plan 1: ḡ=12, γE[v]=15.0, Q=27.0
2026-06-05 05:19:05,165 INFO: Plan 6: ḡ=12, γE[v]=15.0, Q=27.0
2026-06-05 05:19:05,166 INFO: Plan 2: ḡ=12, γE[v]=7.5, Q=19.5
2026-06-05 05:19:05,167 INFO: Plan 7: ḡ=12, γE[v]=15.0, Q=27.0
2026-06-05 05:19:05,168 INFO: Plan 5: ḡ=12, γE[v]=15.0, Q=27.0
2026-06-05 05:19:05,168 INFO: Plan 4: ḡ=18, γE[v]=22.0, Q=40.0
2026-06-05 05:19:05,169 INFO: Plan 3: ḡ=12, γE[v]=5.0, Q=17.0
2026-06-05 05:19:18,093 INFO: Plan 4: ḡ=25, γE[v]=7.5, Q=32.5
2026-06-05 05:19:18,095 INFO: Plan 0: ḡ=12, γE[v]=7.5, Q=19.5
2026-06-05 05:19:18,096 INFO: Plan 1: ḡ=20, γE[v]=15.0, Q=35.0
2026-06-05 05:19:18,113 INFO: Plan 2: ḡ=25, γE[v]=7.5, Q=32.5
2026-06-05 05:19:18,114 INFO: Plan 5: ḡ=25, γE[v]=7.5, Q=32.5
2026-06-05 05:19:18,114 INFO: Plan 6: ḡ=12, γE[v]=15.0, Q=27.0
2026-06-05 05:19:18,130 INFO: Plan 3: ḡ=35, γE[v]=7.5, Q=42.5
2026-06-05 05:19:18,131 INFO: Plan 7: ḡ=30, γE[v]=10.0, Q=40.0
2026-06-05 05:19:20,463 INFO: Plan 0: ḡ=5, γE[v]=0.0, Q=5.0
2026-06-05 05:19:20,504 INFO: Plan 7: ḡ=4, γE[v]=0.0, Q=4.0
2026-06-05 05:19:20,505 INFO: Plan 6: ḡ=3, γE[v]=0.0, Q=3.0
2026-06-05 05:19:20,506 INFO: Plan 4: ḡ=5, γE[v]=0.0, Q=5.0
2026-06-05 05:19:20,507 INFO: Plan 2: ḡ=3, γE[v]=0.0, Q=3.0
2026-06-05 05:19:20,507 INFO: Plan 3: ḡ=5, γE[v]=0.0, Q=5.0
2026-06-05 05:19:20,508 INFO: Plan 5: ḡ=4, γE[v]=0.0, Q=4.0
2026-06-05 05:19:20,508 INFO: Plan 1: ḡ=3, γE[v]=0.0, Q=3.0
2026-06-05 05:19:58,897 INFO: Plan 0: ḡ=45, γE[v]=7.5, Q=52.5
2026-06-05 05:19:58,917 INFO: Plan 1: ḡ=12, γE[v]=7.5, Q=19.5
2026-06-05 05:19:58,940 INFO: Plan 2: ḡ=35, γE[v]=7.5, Q=42.5
2026-06-05 05:19:58,941 INFO: Plan 3: ḡ=35, γE[v]=7.5, Q=42.5
2026-06-05 05:19:58,941 INFO: Plan 6: ḡ=12, γE[v]=7.5, Q=19.5
2026-06-05 05:19:58,942 INFO: Plan 4: ḡ=42, γE[v]=7.5, Q=49.5
2026-06-05 05:19:58,943 INFO: Plan 7: ḡ=45, γE[v]=7.5, Q=52.5
2026-06-05 05:19:58,944 INFO: Plan 5: ḡ=59, γE[v]=10.0, Q=69.0
2026-06-05 05:20:04,575 INFO: Plan 0: ḡ=1, γE[v]=0.0, Q=1.0
2026-06-05 05:20:04,614 INFO: Plan 1: ḡ=1, γE[v]=0.0, Q=1.0
2026-06-05 05:20:04,615 INFO: Plan 3: ḡ=2, γE[v]=1.0, Q=3.0
2026-06-05 05:20:04,616 INFO: Plan 7: ḡ=2, γE[v]=1.0, Q=3.0
2026-06-05 05:20:04,617 INFO: Plan 2: ḡ=2, γE[v]=1.0, Q=3.0
2026-06-05 05:20:04,618 INFO: Plan 5: ḡ=2, γE[v]=1.0, Q=3.0
2026-06-05 05:20:04,619 INFO: Plan 4: ḡ=1, γE[v]=0.0, Q=1.0
2026-06-05 05:20:04,636 INFO: Plan 6: ḡ=2, γE[v]=5.0, Q=7.0
2026-06-05 05:20:24,838 INFO: Plan 2: ḡ=6, γE[v]=1.0, Q=7.0
2026-06-05 05:20:24,898 INFO: Plan 1: ḡ=12, γE[v]=2.5, Q=14.5
2026-06-05 05:20:24,899 INFO: Plan 3: ḡ=12, γE[v]=2.5, Q=14.5
2026-06-05 05:20:24,900 INFO: Plan 4: ḡ=10, γE[v]=2.5, Q=12.5
2026-06-05 05:20:24,900 INFO: Plan 0: ḡ=10, γE[v]=2.5, Q=12.5
2026-06-05 05:20:25,134 INFO: Plan 5: ḡ=10, γE[v]=2.5, Q=12.5
2026-06-05 05:20:25,136 INFO: Plan 6: ḡ=10, γE[v]=2.5, Q=12.5
2026-06-05 05:20:25,183 INFO: Plan 0: ḡ=12, γE[v]=2.5, Q=14.5
2026-06-05 05:20:25,184 INFO: Plan 7: ḡ=10, γE[v]=2.5, Q=12.5
2026-06-05 05:20:25,205 INFO: Plan 6: ḡ=0, γE[v]=0.0, Q=0.0
2026-06-05 05:20:25,206 INFO: Plan 4: ḡ=1, γE[v]=0.0, Q=1.0
2026-06-05 05:20:25,230 INFO: Plan 1: ḡ=12, γE[v]=7.5, Q=19.5
2026-06-05 05:20:25,231 INFO: Plan 7: ḡ=10, γE[v]=2.5, Q=12.5
2026-06-05 05:20:25,232 INFO: Plan 2: ḡ=10, γE[v]=2.5, Q=12.5
2026-06-05 05:20:25,233 INFO: Plan 3: ḡ=10, γE[v]=2.5, Q=12.5
2026-06-05 05:20:25,250 INFO: Plan 5: ḡ=12, γE[v]=7.5, Q=19.5
2026-06-05 05:20:36,852 INFO: Plan 2: ḡ=10, γE[v]=20.0, Q=30.0
2026-06-05 05:20:36,853 INFO: Plan 0: ḡ=14, γE[v]=18.0, Q=32.0
2026-06-05 05:20:36,854 INFO: Plan 1: ḡ=12, γE[v]=15.0, Q=27.0
2026-06-05 05:20:36,873 INFO: Plan 4: ḡ=30, γE[v]=10.0, Q=40.0
2026-06-05 05:20:36,874 INFO: Plan 5: ḡ=40, γE[v]=5.0, Q=45.0
2026-06-05 05:20:36,875 INFO: Plan 6: ḡ=12, γE[v]=17.5, Q=29.5
2026-06-05 05:20:36,876 INFO: Plan 3: ḡ=12, γE[v]=17.5, Q=29.5
2026-06-05 05:20:36,877 INFO: Plan 7: ḡ=40, γE[v]=5.0, Q=45.0
2026-06-05 05:20:38,959 INFO: Plan 2: ḡ=12, γE[v]=15.0, Q=27.0
2026-06-05 05:20:38,981 INFO: Plan 3: ḡ=12, γE[v]=2.5, Q=14.5
2026-06-05 05:20:38,983 INFO: Plan 0: ḡ=12, γE[v]=5.0, Q=17.0
2026-06-05 05:20:38,997 INFO: Plan 4: ḡ=12, γE[v]=7.5, Q=19.5
2026-06-05 05:20:38,999 INFO: Plan 1: ḡ=12, γE[v]=15.0, Q=27.0
2026-06-05 05:20:39,000 INFO: Plan 6: ḡ=12, γE[v]=5.0, Q=17.0
2026-06-05 05:20:39,001 INFO: Plan 5: ḡ=40, γE[v]=10.0, Q=50.0
2026-06-05 05:20:39,002 INFO: Plan 7: ḡ=12, γE[v]=20.0, Q=32.0
2026-06-05 05:20:57,931 INFO: Plan 1: ḡ=25, γE[v]=7.5, Q=32.5
2026-06-05 05:20:57,932 INFO: Plan 2: ḡ=40, γE[v]=5.0, Q=45.0
2026-06-05 05:20:57,933 INFO: Plan 4: ḡ=25, γE[v]=7.5, Q=32.5
2026-06-05 05:20:57,934 INFO: Plan 3: ḡ=25, γE[v]=7.5, Q=32.5
2026-06-05 05:20:57,935 INFO: Plan 0: ḡ=30, γE[v]=7.5, Q=37.5
2026-06-05 05:20:57,971 INFO: Plan 5: ḡ=30, γE[v]=7.5, Q=37.5
2026-06-05 05:20:57,972 INFO: Plan 6: ḡ=25, γE[v]=7.5, Q=32.5
2026-06-05 05:20:57,973 INFO: Plan 7: ḡ=35, γE[v]=7.5, Q=42.5
2026-06-05 05:21:05,941 INFO: Plan 1: ḡ=4, γE[v]=0.0, Q=4.0
2026-06-05 05:21:05,960 INFO: Plan 2: ḡ=5, γE[v]=0.0, Q=5.0
2026-06-05 05:21:05,979 INFO: Plan 0: ḡ=4, γE[v]=0.0, Q=4.0
2026-06-05 05:21:05,980 INFO: Plan 7: ḡ=4, γE[v]=0.0, Q=4.0
2026-06-05 05:21:05,981 INFO: Plan 6: ḡ=5, γE[v]=0.0, Q=5.0
2026-06-05 05:21:05,982 INFO: Plan 5: ḡ=5, γE[v]=0.0, Q=5.0
2026-06-05 05:21:05,983 INFO: Plan 3: ḡ=5, γE[v]=0.0, Q=5.0
2026-06-05 05:21:05,983 INFO: Plan 4: ḡ=5, γE[v]=0.0, Q=5.0
2026-06-05 05:21:44,246 INFO: Plan 1: ḡ=12, γE[v]=7.5, Q=19.5
2026-06-05 05:21:44,247 INFO: Plan 0: ḡ=35, γE[v]=10.0, Q=45.0
2026-06-05 05:21:44,267 INFO: Plan 7: ḡ=45, γE[v]=7.5, Q=52.5
2026-06-05 05:21:44,268 INFO: Plan 3: ḡ=35, γE[v]=7.5, Q=42.5
2026-06-05 05:21:44,268 INFO: Plan 4: ḡ=35, γE[v]=7.5, Q=42.5
2026-06-05 05:21:44,269 INFO: Plan 5: ḡ=42, γE[v]=7.5, Q=49.5
2026-06-05 05:21:44,270 INFO: Plan 2: ḡ=42, γE[v]=7.5, Q=49.5
2026-06-05 05:21:44,271 INFO: Plan 6: ḡ=35, γE[v]=7.5, Q=42.5
2026-06-05 05:21:50,458 INFO: Plan 1: ḡ=2, γE[v]=1.0, Q=3.0
2026-06-05 05:21:50,476 INFO: Plan 0: ḡ=2, γE[v]=0.0, Q=2.0
2026-06-05 05:21:50,495 INFO: Plan 3: ḡ=2, γE[v]=0.0, Q=2.0
2026-06-05 05:21:50,496 INFO: Plan 7: ḡ=2, γE[v]=0.5, Q=2.5
2026-06-05 05:21:50,497 INFO: Plan 6: ḡ=1, γE[v]=1.0, Q=2.0
2026-06-05 05:21:50,498 INFO: Plan 4: ḡ=2, γE[v]=1.0, Q=3.0
2026-06-05 05:21:50,498 INFO: Plan 5: ḡ=2, γE[v]=0.5, Q=2.5
2026-06-05 05:21:50,512 INFO: Plan 2: ḡ=2, γE[v]=5.0, Q=7.0
2026-06-05 05:22:08,384 INFO: Plan 0: ḡ=10, γE[v]=2.5, Q=12.5
2026-06-05 05:22:08,385 INFO: Plan 3: ḡ=4, γE[v]=0.0, Q=4.0
2026-06-05 05:22:08,408 INFO: Plan 2: ḡ=10, γE[v]=2.5, Q=12.5
2026-06-05 05:22:08,409 INFO: Plan 5: ḡ=12, γE[v]=2.5, Q=14.5
2026-06-05 05:22:08,409 INFO: Plan 7: ḡ=12, γE[v]=2.5, Q=14.5
2026-06-05 05:22:08,410 INFO: Plan 4: ḡ=12, γE[v]=2.5, Q=14.5
2026-06-05 05:22:08,411 INFO: Plan 6: ḡ=12, γE[v]=2.5, Q=14.5
2026-06-05 05:22:08,412 INFO: Plan 1: ḡ=12, γE[v]=2.5, Q=14.5
2026-06-05 05:22:09,125 INFO: Plan 1: ḡ=1, γE[v]=0.0, Q=1.0
2026-06-05 05:22:09,148 INFO: Plan 3: ḡ=12, γE[v]=2.5, Q=14.5
2026-06-05 05:22:09,149 INFO: Plan 2: ḡ=12, γE[v]=2.5, Q=14.5
2026-06-05 05:22:09,171 INFO: Plan 7: ḡ=10, γE[v]=2.5, Q=12.5
2026-06-05 05:22:09,173 INFO: Plan 4: ḡ=10, γE[v]=2.5, Q=12.5
2026-06-05 05:22:09,174 INFO: Plan 0: ḡ=12, γE[v]=5.0, Q=17.0
2026-06-05 05:22:09,175 INFO: Plan 6: ḡ=12, γE[v]=2.5, Q=14.5
2026-06-05 05:22:09,192 INFO: Plan 5: ḡ=12, γE[v]=5.0, Q=17.0
2026-06-05 05:22:14,177 INFO: Plan 0: ḡ=12, γE[v]=7.5, Q=19.5
2026-06-05 05:22:14,198 INFO: Plan 2: ḡ=12, γE[v]=10.0, Q=22.0
2026-06-05 05:22:14,200 INFO: Plan 4: ḡ=12, γE[v]=5.0, Q=17.0
2026-06-05 05:22:14,201 INFO: Plan 1: ḡ=12, γE[v]=7.5, Q=19.5
2026-06-05 05:22:14,201 INFO: Plan 5: ḡ=12, γE[v]=5.0, Q=17.0
2026-06-05 05:22:14,202 INFO: Plan 3: ḡ=12, γE[v]=7.5, Q=19.5
2026-06-05 05:22:14,214 INFO: Plan 7: ḡ=12, γE[v]=7.5, Q=19.5
2026-06-05 05:22:14,214 INFO: Plan 6: ḡ=12, γE[v]=15.0, Q=27.0
2026-06-05 05:22:14,780 INFO: Plan 0: ḡ=15, γE[v]=17.5, Q=32.5
2026-06-05 05:22:14,798 INFO: Plan 1: ḡ=15, γE[v]=15.0, Q=30.0
2026-06-05 05:22:14,818 INFO: Plan 2: ḡ=40, γE[v]=10.0, Q=50.0
2026-06-05 05:22:14,819 INFO: Plan 5: ḡ=40, γE[v]=15.0, Q=55.0
2026-06-05 05:22:14,820 INFO: Plan 6: ḡ=35, γE[v]=7.5, Q=42.5
2026-06-05 05:22:14,821 INFO: Plan 7: ḡ=12, γE[v]=17.5, Q=29.5
2026-06-05 05:22:14,822 INFO: Plan 3: ḡ=35, γE[v]=7.5, Q=42.5
2026-06-05 05:22:14,823 INFO: Plan 4: ḡ=40, γE[v]=10.0, Q=50.0
2026-06-05 05:22:30,172 INFO: Plan 0: ḡ=12, γE[v]=7.5, Q=19.5
2026-06-05 05:22:30,211 INFO: Plan 2: ḡ=12, γE[v]=7.5, Q=19.5
2026-06-05 05:22:30,212 INFO: Plan 7: ḡ=12, γE[v]=7.5, Q=19.5
2026-06-05 05:22:30,213 INFO: Plan 6: ḡ=12, γE[v]=15.0, Q=27.0
2026-06-05 05:22:30,214 INFO: Plan 1: ḡ=12, γE[v]=7.5, Q=19.5
2026-06-05 05:22:30,215 INFO: Plan 4: ḡ=12, γE[v]=10.0, Q=22.0
2026-06-05 05:22:30,216 INFO: Plan 3: ḡ=12, γE[v]=7.5, Q=19.5
2026-06-05 05:22:30,216 INFO: Plan 5: ḡ=12, γE[v]=7.5, Q=19.5
2026-06-05 05:22:45,341 INFO: Plan 0: ḡ=6, γE[v]=0.0, Q=6.0
2026-06-05 05:22:45,380 INFO: Plan 1: ḡ=3, γE[v]=0.0, Q=3.0
2026-06-05 05:22:45,380 INFO: Plan 3: ḡ=2, γE[v]=0.0, Q=2.0
2026-06-05 05:22:45,381 INFO: Plan 6: ḡ=1, γE[v]=0.0, Q=1.0
2026-06-05 05:22:45,382 INFO: Plan 2: ḡ=5, γE[v]=0.0, Q=5.0
2026-06-05 05:22:45,383 INFO: Plan 5: ḡ=4, γE[v]=0.0, Q=4.0
2026-06-05 05:22:45,384 INFO: Plan 7: ḡ=2, γE[v]=0.0, Q=2.0
2026-06-05 05:22:45,384 INFO: Plan 4: ḡ=1, γE[v]=0.0, Q=1.0
2026-06-05 05:23:23,720 INFO: Plan 2: ḡ=42, γE[v]=7.5, Q=49.5
2026-06-05 05:23:23,721 INFO: Plan 0: ḡ=42, γE[v]=7.5, Q=49.5
2026-06-05 05:23:23,722 INFO: Plan 5: ḡ=35, γE[v]=7.5, Q=42.5
2026-06-05 05:23:23,723 INFO: Plan 4: ḡ=45, γE[v]=7.5, Q=52.5
2026-06-05 05:23:23,724 INFO: Plan 3: ḡ=35, γE[v]=7.5, Q=42.5
2026-06-05 05:23:23,725 INFO: Plan 1: ḡ=35, γE[v]=7.5, Q=42.5
2026-06-05 05:23:23,737 INFO: Plan 6: ḡ=22, γE[v]=9.0, Q=31.0
2026-06-05 05:23:23,738 INFO: Plan 7: ḡ=35, γE[v]=7.5, Q=42.5
2026-06-05 05:23:26,178 INFO: Plan 1: ḡ=2, γE[v]=1.0, Q=3.0
2026-06-05 05:23:26,195 INFO: Plan 0: ḡ=2, γE[v]=1.0, Q=3.0
2026-06-05 05:23:26,215 INFO: Plan 2: ḡ=2, γE[v]=1.0, Q=3.0
2026-06-05 05:23:26,216 INFO: Plan 3: ḡ=2, γE[v]=0.5, Q=2.5
2026-06-05 05:23:26,216 INFO: Plan 5: ḡ=2, γE[v]=1.0, Q=3.0
2026-06-05 05:23:26,217 INFO: Plan 4: ḡ=1, γE[v]=1.0, Q=2.0
2026-06-05 05:23:26,218 INFO: Plan 7: ḡ=1, γE[v]=0.0, Q=1.0
2026-06-05 05:23:26,231 INFO: Plan 6: ḡ=2, γE[v]=5.0, Q=7.0
  [25/93] flask.templating seed=42: {'cov_qvalue_calib': 49}
2026-06-05 05:23:46,612 INFO: Plan 5: ḡ=12, γE[v]=2.5, Q=14.5
2026-06-05 05:23:46,613 INFO: Plan 0: ḡ=12, γE[v]=2.5, Q=14.5
2026-06-05 05:23:46,614 INFO: Plan 2: ḡ=12, γE[v]=2.5, Q=14.5
2026-06-05 05:23:46,615 INFO: Plan 1: ḡ=12, γE[v]=0.0, Q=12.0
2026-06-05 05:23:46,616 INFO: Plan 4: ḡ=12, γE[v]=2.5, Q=14.5
2026-06-05 05:23:46,617 INFO: Plan 7: ḡ=10, γE[v]=0.0, Q=10.0
2026-06-05 05:23:46,635 INFO: Plan 3: ḡ=12, γE[v]=7.5, Q=19.5
2026-06-05 05:23:46,636 INFO: Plan 6: ḡ=12, γE[v]=5.0, Q=17.0
2026-06-05 05:23:51,107 INFO: Plan 0: ḡ=12, γE[v]=20.0, Q=32.0
2026-06-05 05:23:51,109 INFO: Plan 2: ḡ=12, γE[v]=5.0, Q=17.0
2026-06-05 05:23:51,110 INFO: Plan 1: ḡ=12, γE[v]=15.0, Q=27.0
2026-06-05 05:23:51,129 INFO: Plan 5: ḡ=12, γE[v]=5.0, Q=17.0
2026-06-05 05:23:51,130 INFO: Plan 4: ḡ=12, γE[v]=7.5, Q=19.5
2026-06-05 05:23:51,131 INFO: Plan 3: ḡ=12, γE[v]=7.5, Q=19.5
2026-06-05 05:23:51,132 INFO: Plan 7: ḡ=12, γE[v]=5.0, Q=17.0
2026-06-05 05:23:51,135 INFO: Plan 6: ḡ=12, γE[v]=7.5, Q=19.5
2026-06-05 05:23:51,470 INFO: Plan 0: ḡ=0, γE[v]=0.0, Q=0.0
2026-06-05 05:23:51,491 INFO: Plan 3: ḡ=2, γE[v]=0.0, Q=2.0
2026-06-05 05:23:51,492 INFO: Plan 1: ḡ=0, γE[v]=0.0, Q=0.0
2026-06-05 05:23:51,511 INFO: Plan 5: ḡ=0, γE[v]=0.0, Q=0.0
2026-06-05 05:23:51,512 INFO: Plan 4: ḡ=0, γE[v]=0.0, Q=0.0
2026-06-05 05:23:51,514 INFO: Plan 2: ḡ=0, γE[v]=0.0, Q=0.0
2026-06-05 05:23:51,516 INFO: Plan 6: ḡ=0, γE[v]=0.0, Q=0.0
2026-06-05 05:23:51,516 INFO: Plan 7: ḡ=2, γE[v]=0.0, Q=2.0
2026-06-05 05:23:53,849 INFO: Plan 0: ḡ=40, γE[v]=5.0, Q=45.0
2026-06-05 05:23:53,887 INFO: Plan 3: ḡ=15, γE[v]=17.5, Q=32.5
2026-06-05 05:23:53,888 INFO: Plan 4: ḡ=20, γE[v]=15.0, Q=35.0
2026-06-05 05:23:53,889 INFO: Plan 2: ḡ=40, γE[v]=5.0, Q=45.0
2026-06-05 05:23:53,890 INFO: Plan 1: ḡ=30, γE[v]=10.0, Q=40.0
2026-06-05 05:23:53,891 INFO: Plan 5: ḡ=40, γE[v]=10.0, Q=50.0
2026-06-05 05:23:53,891 INFO: Plan 7: ḡ=35, γE[v]=7.5, Q=42.5
2026-06-05 05:23:53,892 INFO: Plan 6: ḡ=35, γE[v]=7.5, Q=42.5
2026-06-05 05:24:05,363 INFO: Plan 0: ḡ=12, γE[v]=12.5, Q=24.5
2026-06-05 05:24:05,402 INFO: Plan 1: ḡ=20, γE[v]=15.0, Q=35.0
2026-06-05 05:24:05,403 INFO: Plan 3: ḡ=20, γE[v]=15.0, Q=35.0
2026-06-05 05:24:05,404 INFO: Plan 5: ḡ=25, γE[v]=7.5, Q=32.5
2026-06-05 05:24:05,406 INFO: Plan 7: ḡ=20, γE[v]=15.0, Q=35.0
2026-06-05 05:24:05,406 INFO: Plan 6: ḡ=20, γE[v]=7.5, Q=27.5
2026-06-05 05:24:05,407 INFO: Plan 4: ḡ=12, γE[v]=17.5, Q=29.5
2026-06-05 05:24:05,407 INFO: Plan 2: ḡ=30, γE[v]=7.5, Q=37.5
  [26/93] flask.json.provider seed=42: {'cov_qvalue_calib': 41}
2026-06-05 05:24:27,423 INFO: Plan 0: ḡ=12, γE[v]=7.5, Q=19.5
2026-06-05 05:24:27,424 INFO: Plan 4: ḡ=6, γE[v]=1.0, Q=7.0
2026-06-05 05:24:27,425 INFO: Plan 6: ḡ=3, γE[v]=0.0, Q=3.0
2026-06-05 05:24:27,459 INFO: Plan 3: ḡ=12, γE[v]=7.5, Q=19.5
2026-06-05 05:24:27,460 INFO: Plan 1: ḡ=10, γE[v]=7.5, Q=17.5
2026-06-05 05:24:27,461 INFO: Plan 2: ḡ=12, γE[v]=7.5, Q=19.5
2026-06-05 05:24:27,462 INFO: Plan 5: ḡ=12, γE[v]=7.5, Q=19.5
2026-06-05 05:24:27,475 INFO: Plan 7: ḡ=4, γE[v]=5.0, Q=9.0
  [27/93] rich.console seed=42: {'cov_qvalue_calib': 215}
  [28/93] rich.progress seed=42: {'cov_qvalue_calib': 54}
  [29/93] rich.text seed=42: {'cov_qvalue_calib': 30}
2026-06-05 05:25:09,860 INFO: Plan 4: ḡ=12, γE[v]=7.5, Q=19.5
2026-06-05 05:25:09,861 INFO: Plan 2: ḡ=12, γE[v]=7.5, Q=19.5
2026-06-05 05:25:09,862 INFO: Plan 1: ḡ=12, γE[v]=7.5, Q=19.5
2026-06-05 05:25:09,883 INFO: Plan 7: ḡ=12, γE[v]=7.5, Q=19.5
2026-06-05 05:25:09,884 INFO: Plan 6: ḡ=12, γE[v]=9.0, Q=21.0
2026-06-05 05:25:09,885 INFO: Plan 0: ḡ=12, γE[v]=17.5, Q=29.5
2026-06-05 05:25:09,886 INFO: Plan 3: ḡ=12, γE[v]=7.5, Q=19.5
2026-06-05 05:25:09,887 INFO: Plan 5: ḡ=12, γE[v]=7.5, Q=19.5
2026-06-05 05:25:10,190 INFO: Plan 0: ḡ=1, γE[v]=0.0, Q=1.0
2026-06-05 05:25:10,191 INFO: Plan 1: ḡ=1, γE[v]=0.0, Q=1.0
2026-06-05 05:25:10,210 INFO: Plan 7: ḡ=1, γE[v]=0.0, Q=1.0
2026-06-05 05:25:10,211 INFO: Plan 6: ḡ=1, γE[v]=0.0, Q=1.0
2026-06-05 05:25:10,212 INFO: Plan 5: ḡ=1, γE[v]=0.0, Q=1.0
2026-06-05 05:25:10,213 INFO: Plan 2: ḡ=1, γE[v]=0.0, Q=1.0
2026-06-05 05:25:10,229 INFO: Plan 4: ḡ=10, γE[v]=2.5, Q=12.5
2026-06-05 05:25:10,230 INFO: Plan 3: ḡ=10, γE[v]=2.5, Q=12.5
  [30/93] rich.pretty seed=42: {'cov_qvalue_calib': 88}
  [31/93] rich.table seed=42: {'cov_qvalue_calib': 159}
2026-06-05 05:25:23,727 INFO: Plan 0: ḡ=2, γE[v]=0.0, Q=2.0
2026-06-05 05:25:23,753 INFO: Plan 1: ḡ=4, γE[v]=0.0, Q=4.0
2026-06-05 05:25:23,754 INFO: Plan 2: ḡ=4, γE[v]=0.0, Q=4.0
2026-06-05 05:25:23,778 INFO: Plan 5: ḡ=2, γE[v]=0.0, Q=2.0
2026-06-05 05:25:23,779 INFO: Plan 6: ḡ=4, γE[v]=0.0, Q=4.0
2026-06-05 05:25:23,802 INFO: Plan 4: ḡ=10, γE[v]=0.0, Q=10.0
2026-06-05 05:25:23,803 INFO: Plan 3: ḡ=4, γE[v]=0.0, Q=4.0
2026-06-05 05:25:23,825 INFO: Plan 7: ḡ=10, γE[v]=0.0, Q=10.0
2026-06-05 05:25:30,323 INFO: Plan 0: ḡ=1, γE[v]=0.0, Q=1.0
2026-06-05 05:25:30,346 INFO: Plan 1: ḡ=0, γE[v]=0.0, Q=0.0
2026-06-05 05:25:30,347 INFO: Plan 3: ḡ=2, γE[v]=0.0, Q=2.0
2026-06-05 05:25:30,371 INFO: Plan 2: ḡ=0, γE[v]=0.0, Q=0.0
2026-06-05 05:25:30,372 INFO: Plan 4: ḡ=0, γE[v]=0.0, Q=0.0
2026-06-05 05:25:30,373 INFO: Plan 7: ḡ=0, γE[v]=0.0, Q=0.0
2026-06-05 05:25:30,373 INFO: Plan 6: ḡ=0, γE[v]=0.0, Q=0.0
2026-06-05 05:25:30,374 INFO: Plan 5: ḡ=1, γE[v]=0.0, Q=1.0
2026-06-05 05:25:36,772 INFO: Plan 1: ḡ=10, γE[v]=2.5, Q=12.5
2026-06-05 05:25:36,773 INFO: Plan 2: ḡ=18, γE[v]=0.0, Q=18.0
2026-06-05 05:25:36,794 INFO: Plan 0: ḡ=18, γE[v]=5.0, Q=23.0
2026-06-05 05:25:36,795 INFO: Plan 3: ḡ=18, γE[v]=5.0, Q=23.0
2026-06-05 05:25:36,837 INFO: Plan 4: ḡ=12, γE[v]=5.0, Q=17.0
2026-06-05 05:25:36,859 INFO: Plan 6: ḡ=18, γE[v]=0.0, Q=18.0
2026-06-05 05:25:36,882 INFO: Plan 7: ḡ=18, γE[v]=5.0, Q=23.0
2026-06-05 05:25:36,882 INFO: Plan 5: ḡ=12, γE[v]=7.5, Q=19.5
2026-06-05 05:25:42,732 INFO: Plan 0: ḡ=2, γE[v]=0.0, Q=2.0
2026-06-05 05:25:42,733 INFO: Plan 1: ḡ=1, γE[v]=0.0, Q=1.0
2026-06-05 05:25:42,754 INFO: Plan 7: ḡ=2, γE[v]=0.0, Q=2.0
2026-06-05 05:25:42,756 INFO: Plan 5: ḡ=2, γE[v]=0.0, Q=2.0
2026-06-05 05:25:42,757 INFO: Plan 4: ḡ=2, γE[v]=0.5, Q=2.5
2026-06-05 05:25:42,757 INFO: Plan 2: ḡ=2, γE[v]=0.0, Q=2.0
2026-06-05 05:25:42,758 INFO: Plan 6: ḡ=4, γE[v]=1.0, Q=5.0
2026-06-05 05:25:42,789 INFO: Plan 3: ḡ=12, γE[v]=5.0, Q=17.0
2026-06-05 05:25:45,727 INFO: Plan 2: ḡ=30, γE[v]=10.0, Q=40.0
2026-06-05 05:25:45,771 INFO: Plan 4: ḡ=30, γE[v]=10.0, Q=40.0
2026-06-05 05:25:45,772 INFO: Plan 3: ḡ=12, γE[v]=17.5, Q=29.5
2026-06-05 05:25:45,773 INFO: Plan 5: ḡ=30, γE[v]=7.5, Q=37.5
2026-06-05 05:25:45,775 INFO: Plan 6: ḡ=12, γE[v]=10.0, Q=22.0
2026-06-05 05:25:45,777 INFO: Plan 1: ḡ=12, γE[v]=12.5, Q=24.5
2026-06-05 05:25:45,777 INFO: Plan 0: ḡ=25, γE[v]=7.5, Q=32.5
2026-06-05 05:25:45,778 INFO: Plan 7: ḡ=25, γE[v]=7.5, Q=32.5
2026-06-05 05:25:59,916 INFO: Plan 0: ḡ=12, γE[v]=7.5, Q=19.5
2026-06-05 05:25:59,934 INFO: Plan 1: ḡ=10, γE[v]=10.0, Q=20.0
2026-06-05 05:25:59,956 INFO: Plan 2: ḡ=12, γE[v]=7.5, Q=19.5
2026-06-05 05:25:59,957 INFO: Plan 4: ḡ=10, γE[v]=15.0, Q=25.0
2026-06-05 05:25:59,958 INFO: Plan 6: ḡ=12, γE[v]=7.5, Q=19.5
2026-06-05 05:25:59,958 INFO: Plan 5: ḡ=12, γE[v]=15.0, Q=27.0
2026-06-05 05:25:59,959 INFO: Plan 7: ḡ=10, γE[v]=15.0, Q=25.0
2026-06-05 05:25:59,959 INFO: Plan 3: ḡ=12, γE[v]=15.0, Q=27.0
2026-06-05 05:26:39,003 INFO: Plan 6: ḡ=0, γE[v]=0.0, Q=0.0
2026-06-05 05:26:39,005 INFO: Plan 1: ḡ=10, γE[v]=0.0, Q=10.0
2026-06-05 05:26:39,006 INFO: Plan 0: ḡ=10, γE[v]=2.5, Q=12.5
2026-06-05 05:26:39,023 INFO: Plan 2: ḡ=12, γE[v]=2.5, Q=14.5
2026-06-05 05:26:39,024 INFO: Plan 4: ḡ=10, γE[v]=0.0, Q=10.0
2026-06-05 05:26:39,024 INFO: Plan 7: ḡ=10, γE[v]=2.5, Q=12.5
2026-06-05 05:26:39,026 INFO: Plan 5: ḡ=60, γE[v]=0.0, Q=60.0
2026-06-05 05:26:39,026 INFO: Plan 3: ḡ=60, γE[v]=0.0, Q=60.0
2026-06-05 05:26:50,396 INFO: Plan 0: ḡ=0, γE[v]=0.0, Q=0.0
2026-06-05 05:26:50,418 INFO: Plan 2: ḡ=0, γE[v]=0.0, Q=0.0
2026-06-05 05:26:50,419 INFO: Plan 1: ḡ=10, γE[v]=0.0, Q=10.0
2026-06-05 05:26:50,441 INFO: Plan 5: ḡ=12, γE[v]=0.0, Q=12.0
2026-06-05 05:26:50,442 INFO: Plan 3: ḡ=12, γE[v]=0.0, Q=12.0
2026-06-05 05:26:50,443 INFO: Plan 7: ḡ=10, γE[v]=0.0, Q=10.0
2026-06-05 05:26:50,444 INFO: Plan 4: ḡ=10, γE[v]=0.0, Q=10.0
2026-06-05 05:26:50,444 INFO: Plan 6: ḡ=10, γE[v]=0.0, Q=10.0
2026-06-05 05:26:50,866 INFO: Plan 1: ḡ=45, γE[v]=5.0, Q=50.0
2026-06-05 05:26:50,867 INFO: Plan 0: ḡ=12, γE[v]=7.5, Q=19.5
2026-06-05 05:26:50,887 INFO: Plan 6: ḡ=12, γE[v]=7.5, Q=19.5
2026-06-05 05:26:50,888 INFO: Plan 3: ḡ=12, γE[v]=7.5, Q=19.5
2026-06-05 05:26:50,889 INFO: Plan 5: ḡ=45, γE[v]=5.0, Q=50.0
2026-06-05 05:26:50,890 INFO: Plan 4: ḡ=12, γE[v]=7.5, Q=19.5
2026-06-05 05:26:50,891 INFO: Plan 2: ḡ=12, γE[v]=7.5, Q=19.5
2026-06-05 05:26:50,892 INFO: Plan 7: ḡ=12, γE[v]=7.5, Q=19.5
2026-06-05 05:27:00,565 INFO: Plan 1: ḡ=2, γE[v]=0.0, Q=2.0
2026-06-05 05:27:00,566 INFO: Plan 0: ḡ=5, γE[v]=5.0, Q=10.0
2026-06-05 05:27:00,584 INFO: Plan 4: ḡ=2, γE[v]=2.5, Q=4.5
2026-06-05 05:27:00,585 INFO: Plan 3: ḡ=0, γE[v]=0.0, Q=0.0
2026-06-05 05:27:00,586 INFO: Plan 5: ḡ=0, γE[v]=0.0, Q=0.0
2026-06-05 05:27:00,587 INFO: Plan 2: ḡ=0, γE[v]=0.0, Q=0.0
2026-06-05 05:27:00,589 INFO: Plan 6: ḡ=2, γE[v]=0.0, Q=2.0
2026-06-05 05:27:00,600 INFO: Plan 7: ḡ=2, γE[v]=5.0, Q=7.0
  [32/93] rich.syntax seed=42: {'cov_qvalue_calib': 57}
2026-06-05 05:27:19,847 INFO: Plan 6: ḡ=18, γE[v]=0.0, Q=18.0
2026-06-05 05:27:19,848 INFO: Plan 0: ḡ=18, γE[v]=5.0, Q=23.0
2026-06-05 05:27:19,849 INFO: Plan 4: ḡ=18, γE[v]=0.0, Q=18.0
2026-06-05 05:27:19,850 INFO: Plan 5: ḡ=12, γE[v]=2.5, Q=14.5
2026-06-05 05:27:19,870 INFO: Plan 7: ḡ=12, γE[v]=5.0, Q=17.0
2026-06-05 05:27:19,871 INFO: Plan 2: ḡ=18, γE[v]=5.0, Q=23.0
2026-06-05 05:27:19,872 INFO: Plan 1: ḡ=12, γE[v]=7.5, Q=19.5
2026-06-05 05:27:19,873 INFO: Plan 3: ḡ=12, γE[v]=5.0, Q=17.0
2026-06-05 05:27:32,941 INFO: Plan 0: ḡ=2, γE[v]=5.0, Q=7.0
2026-06-05 05:27:32,942 INFO: Plan 6: ḡ=2, γE[v]=0.0, Q=2.0
2026-06-05 05:27:32,943 INFO: Plan 5: ḡ=2, γE[v]=0.0, Q=2.0
2026-06-05 05:27:32,944 INFO: Plan 7: ḡ=0, γE[v]=0.0, Q=0.0
2026-06-05 05:27:32,946 INFO: Plan 2: ḡ=2, γE[v]=5.0, Q=7.0
2026-06-05 05:27:32,947 INFO: Plan 1: ḡ=2, γE[v]=5.0, Q=7.0
2026-06-05 05:27:32,948 INFO: Plan 4: ḡ=2, γE[v]=0.0, Q=2.0
2026-06-05 05:27:32,961 INFO: Plan 3: ḡ=2, γE[v]=5.0, Q=7.0
2026-06-05 05:27:33,570 INFO: Plan 1: ḡ=12, γE[v]=7.5, Q=19.5
2026-06-05 05:27:33,571 INFO: Plan 0: ḡ=12, γE[v]=17.5, Q=29.5
2026-06-05 05:27:33,590 INFO: Plan 3: ḡ=12, γE[v]=7.5, Q=19.5
2026-06-05 05:27:33,591 INFO: Plan 4: ḡ=12, γE[v]=7.5, Q=19.5
2026-06-05 05:27:33,592 INFO: Plan 5: ḡ=15, γE[v]=17.5, Q=32.5
2026-06-05 05:27:33,610 INFO: Plan 2: ḡ=12, γE[v]=17.5, Q=29.5
2026-06-05 05:27:33,611 INFO: Plan 7: ḡ=15, γE[v]=17.5, Q=32.5
2026-06-05 05:27:33,612 INFO: Plan 6: ḡ=12, γE[v]=7.5, Q=19.5
2026-06-05 05:27:36,166 INFO: Plan 2: ḡ=12, γE[v]=7.5, Q=19.5
2026-06-05 05:27:36,205 INFO: Plan 1: ḡ=12, γE[v]=7.5, Q=19.5
2026-06-05 05:27:36,206 INFO: Plan 6: ḡ=12, γE[v]=7.5, Q=19.5
2026-06-05 05:27:36,208 INFO: Plan 3: ḡ=12, γE[v]=7.5, Q=19.5
2026-06-05 05:27:36,208 INFO: Plan 4: ḡ=12, γE[v]=7.5, Q=19.5
2026-06-05 05:27:36,209 INFO: Plan 0: ḡ=12, γE[v]=15.0, Q=27.0
2026-06-05 05:27:36,210 INFO: Plan 5: ḡ=12, γE[v]=7.5, Q=19.5
2026-06-05 05:27:36,211 INFO: Plan 7: ḡ=12, γE[v]=7.5, Q=19.5
2026-06-05 05:28:13,086 INFO: Plan 0: ḡ=56, γE[v]=0.0, Q=56.0
2026-06-05 05:28:13,129 INFO: Plan 3: ḡ=12, γE[v]=0.0, Q=12.0
2026-06-05 05:28:13,130 INFO: Plan 5: ḡ=60, γE[v]=0.0, Q=60.0
2026-06-05 05:28:13,131 INFO: Plan 2: ḡ=10, γE[v]=0.0, Q=10.0
2026-06-05 05:28:13,132 INFO: Plan 6: ḡ=10, γE[v]=2.5, Q=12.5
2026-06-05 05:28:13,148 INFO: Plan 4: ḡ=10, γE[v]=5.0, Q=15.0
2026-06-05 05:28:13,149 INFO: Plan 7: ḡ=10, γE[v]=20.0, Q=30.0
2026-06-05 05:28:13,150 INFO: Plan 1: ḡ=10, γE[v]=7.5, Q=17.5
2026-06-05 05:28:21,278 INFO: Plan 2: ḡ=10, γE[v]=0.0, Q=10.0
2026-06-05 05:28:21,279 INFO: Plan 0: ḡ=10, γE[v]=0.0, Q=10.0
2026-06-05 05:28:21,301 INFO: Plan 6: ḡ=10, γE[v]=0.0, Q=10.0
2026-06-05 05:28:21,302 INFO: Plan 3: ḡ=10, γE[v]=0.0, Q=10.0
2026-06-05 05:28:21,303 INFO: Plan 5: ḡ=10, γE[v]=0.0, Q=10.0
2026-06-05 05:28:21,304 INFO: Plan 4: ḡ=12, γE[v]=0.0, Q=12.0
2026-06-05 05:28:21,304 INFO: Plan 7: ḡ=10, γE[v]=0.0, Q=10.0
2026-06-05 05:28:21,305 INFO: Plan 1: ḡ=10, γE[v]=5.0, Q=15.0
2026-06-05 05:28:28,875 INFO: Plan 2: ḡ=45, γE[v]=5.0, Q=50.0
2026-06-05 05:28:28,876 INFO: Plan 0: ḡ=67, γE[v]=5.0, Q=72.0
2026-06-05 05:28:28,877 INFO: Plan 1: ḡ=12, γE[v]=7.5, Q=19.5
2026-06-05 05:28:28,896 INFO: Plan 6: ḡ=12, γE[v]=7.5, Q=19.5
2026-06-05 05:28:28,897 INFO: Plan 5: ḡ=40, γE[v]=5.0, Q=45.0
2026-06-05 05:28:28,898 INFO: Plan 4: ḡ=12, γE[v]=7.5, Q=19.5
2026-06-05 05:28:28,898 INFO: Plan 3: ḡ=12, γE[v]=7.5, Q=19.5
2026-06-05 05:28:28,914 INFO: Plan 7: ḡ=45, γE[v]=7.5, Q=52.5
2026-06-05 05:28:39,014 INFO: Plan 0: ḡ=2, γE[v]=0.0, Q=2.0
2026-06-05 05:28:39,035 INFO: Plan 1: ḡ=0, γE[v]=0.0, Q=0.0
2026-06-05 05:28:39,055 INFO: Plan 7: ḡ=2, γE[v]=0.0, Q=2.0
2026-06-05 05:28:39,056 INFO: Plan 6: ḡ=1, γE[v]=0.0, Q=1.0
2026-06-05 05:28:39,057 INFO: Plan 4: ḡ=2, γE[v]=0.0, Q=2.0
2026-06-05 05:28:39,058 INFO: Plan 3: ḡ=2, γE[v]=0.0, Q=2.0
2026-06-05 05:28:39,070 INFO: Plan 5: ḡ=5, γE[v]=5.0, Q=10.0
2026-06-05 05:28:39,086 INFO: Plan 2: ḡ=10, γE[v]=5.0, Q=15.0
2026-06-05 05:28:55,208 INFO: Plan 0: ḡ=12, γE[v]=5.0, Q=17.0
2026-06-05 05:28:55,247 INFO: Plan 2: ḡ=12, γE[v]=5.0, Q=17.0
2026-06-05 05:28:55,248 INFO: Plan 4: ḡ=18, γE[v]=5.0, Q=23.0
2026-06-05 05:28:55,248 INFO: Plan 3: ḡ=12, γE[v]=7.5, Q=19.5
2026-06-05 05:28:55,249 INFO: Plan 1: ḡ=12, γE[v]=5.0, Q=17.0
2026-06-05 05:28:55,250 INFO: Plan 7: ḡ=12, γE[v]=5.0, Q=17.0
2026-06-05 05:28:55,251 INFO: Plan 6: ḡ=12, γE[v]=7.5, Q=19.5
2026-06-05 05:28:55,251 INFO: Plan 5: ḡ=12, γE[v]=5.0, Q=17.0
2026-06-05 05:29:15,516 INFO: Plan 4: ḡ=0, γE[v]=0.0, Q=0.0
2026-06-05 05:29:15,538 INFO: Plan 0: ḡ=10, γE[v]=5.0, Q=15.0
2026-06-05 05:29:15,560 INFO: Plan 3: ḡ=10, γE[v]=10.0, Q=20.0
2026-06-05 05:29:15,561 INFO: Plan 6: ḡ=10, γE[v]=15.0, Q=25.0
2026-06-05 05:29:15,562 INFO: Plan 1: ḡ=10, γE[v]=50.0, Q=60.0
2026-06-05 05:29:15,581 INFO: Plan 7: ḡ=10, γE[v]=50.0, Q=60.0
2026-06-05 05:29:15,582 INFO: Plan 2: ḡ=10, γE[v]=50.0, Q=60.0
2026-06-05 05:29:15,582 INFO: Plan 5: ḡ=10, γE[v]=50.0, Q=60.0
2026-06-05 05:29:17,131 INFO: Plan 3: ḡ=12, γE[v]=7.5, Q=19.5
2026-06-05 05:29:17,133 INFO: Plan 0: ḡ=10, γE[v]=7.5, Q=17.5
2026-06-05 05:29:17,133 INFO: Plan 2: ḡ=12, γE[v]=17.5, Q=29.5
2026-06-05 05:29:17,134 INFO: Plan 1: ḡ=12, γE[v]=7.5, Q=19.5
2026-06-05 05:29:17,149 INFO: Plan 4: ḡ=10, γE[v]=15.0, Q=25.0
2026-06-05 05:29:17,150 INFO: Plan 6: ḡ=12, γE[v]=7.5, Q=19.5
2026-06-05 05:29:17,151 INFO: Plan 7: ḡ=12, γE[v]=7.5, Q=19.5
2026-06-05 05:29:17,152 INFO: Plan 5: ḡ=12, γE[v]=7.5, Q=19.5
2026-06-05 05:29:28,023 INFO: Plan 0: ḡ=12, γE[v]=7.5, Q=19.5
2026-06-05 05:29:28,056 INFO: Plan 1: ḡ=12, γE[v]=7.5, Q=19.5
2026-06-05 05:29:28,350 INFO: Plan 3: ḡ=10, γE[v]=15.0, Q=25.0
2026-06-05 05:29:28,397 INFO: Plan 6: ḡ=10, γE[v]=7.5, Q=17.5
2026-06-05 05:29:28,398 INFO: Plan 5: ḡ=12, γE[v]=17.5, Q=29.5
2026-06-05 05:29:28,399 INFO: Plan 2: ḡ=12, γE[v]=7.5, Q=19.5
2026-06-05 05:29:28,400 INFO: Plan 4: ḡ=12, γE[v]=7.5, Q=19.5
2026-06-05 05:29:28,413 INFO: Plan 7: ḡ=12, γE[v]=7.5, Q=19.5
2026-06-05 05:29:47,607 INFO: Plan 0: ḡ=12, γE[v]=0.0, Q=12.0
2026-06-05 05:29:47,702 INFO: Plan 2: ḡ=60, γE[v]=0.0, Q=60.0
2026-06-05 05:29:47,743 INFO: Plan 3: ḡ=56, γE[v]=0.0, Q=56.0
2026-06-05 05:29:47,744 INFO: Plan 6: ḡ=60, γE[v]=0.0, Q=60.0
2026-06-05 05:29:47,745 INFO: Plan 5: ḡ=10, γE[v]=0.0, Q=10.0
2026-06-05 05:29:47,762 INFO: Plan 1: ḡ=0, γE[v]=0.0, Q=0.0
2026-06-05 05:29:47,763 INFO: Plan 4: ḡ=10, γE[v]=20.0, Q=30.0
2026-06-05 05:29:47,782 INFO: Plan 7: ḡ=60, γE[v]=0.0, Q=60.0
2026-06-05 05:29:58,811 INFO: Plan 1: ḡ=10, γE[v]=0.0, Q=10.0
2026-06-05 05:29:58,829 INFO: Plan 0: ḡ=10, γE[v]=0.0, Q=10.0
2026-06-05 05:29:58,830 INFO: Plan 2: ḡ=12, γE[v]=0.0, Q=12.0
2026-06-05 05:29:58,847 INFO: Plan 5: ḡ=10, γE[v]=0.0, Q=10.0
2026-06-05 05:29:58,848 INFO: Plan 3: ḡ=12, γE[v]=0.0, Q=12.0
2026-06-05 05:29:58,849 INFO: Plan 4: ḡ=12, γE[v]=0.0, Q=12.0
2026-06-05 05:29:58,865 INFO: Plan 6: ḡ=10, γE[v]=0.0, Q=10.0
2026-06-05 05:29:58,866 INFO: Plan 7: ḡ=12, γE[v]=0.0, Q=12.0
2026-06-05 05:30:19,000 INFO: Plan 4: ḡ=2, γE[v]=0.0, Q=2.0
2026-06-05 05:30:19,001 INFO: Plan 0: ḡ=0, γE[v]=0.0, Q=0.0
2026-06-05 05:30:19,002 INFO: Plan 7: ḡ=0, γE[v]=0.0, Q=0.0
2026-06-05 05:30:19,003 INFO: Plan 5: ḡ=2, γE[v]=0.0, Q=2.0
2026-06-05 05:30:19,003 INFO: Plan 3: ḡ=0, γE[v]=0.0, Q=0.0
2026-06-05 05:30:19,004 INFO: Plan 6: ḡ=0, γE[v]=0.0, Q=0.0
2026-06-05 05:30:19,034 INFO: Plan 2: ḡ=10, γE[v]=5.0, Q=15.0
2026-06-05 05:30:19,034 INFO: Plan 1: ḡ=10, γE[v]=7.5, Q=17.5
2026-06-05 05:30:19,685 INFO: Plan 0: ḡ=12, γE[v]=7.5, Q=19.5
2026-06-05 05:30:19,725 INFO: Plan 5: ḡ=12, γE[v]=7.5, Q=19.5
2026-06-05 05:30:19,726 INFO: Plan 2: ḡ=25, γE[v]=7.5, Q=32.5
2026-06-05 05:30:19,726 INFO: Plan 1: ḡ=12, γE[v]=7.5, Q=19.5
2026-06-05 05:30:19,727 INFO: Plan 7: ḡ=12, γE[v]=7.5, Q=19.5
2026-06-05 05:30:19,728 INFO: Plan 3: ḡ=12, γE[v]=7.5, Q=19.5
2026-06-05 05:30:19,729 INFO: Plan 4: ḡ=12, γE[v]=7.5, Q=19.5
2026-06-05 05:30:19,730 INFO: Plan 6: ḡ=12, γE[v]=7.5, Q=19.5
2026-06-05 05:30:35,602 INFO: Plan 0: ḡ=18, γE[v]=0.0, Q=18.0
2026-06-05 05:30:35,620 INFO: Plan 7: ḡ=0, γE[v]=0.0, Q=0.0
2026-06-05 05:30:35,621 INFO: Plan 1: ḡ=18, γE[v]=0.0, Q=18.0
2026-06-05 05:30:35,659 INFO: Plan 5: ḡ=18, γE[v]=5.0, Q=23.0
2026-06-05 05:30:35,661 INFO: Plan 6: ḡ=18, γE[v]=5.0, Q=23.0
2026-06-05 05:30:35,662 INFO: Plan 4: ḡ=18, γE[v]=5.0, Q=23.0
2026-06-05 05:30:35,663 INFO: Plan 2: ḡ=18, γE[v]=5.0, Q=23.0
2026-06-05 05:30:35,663 INFO: Plan 3: ḡ=18, γE[v]=5.0, Q=23.0
2026-06-05 05:30:57,029 INFO: Plan 1: ḡ=12, γE[v]=10.0, Q=22.0
2026-06-05 05:30:57,030 INFO: Plan 0: ḡ=12, γE[v]=7.5, Q=19.5
2026-06-05 05:30:57,049 INFO: Plan 3: ḡ=12, γE[v]=7.5, Q=19.5
2026-06-05 05:30:57,050 INFO: Plan 4: ḡ=10, γE[v]=7.5, Q=17.5
2026-06-05 05:30:57,051 INFO: Plan 2: ḡ=12, γE[v]=15.0, Q=27.0
2026-06-05 05:30:57,051 INFO: Plan 5: ḡ=12, γE[v]=7.5, Q=19.5
2026-06-05 05:30:57,066 INFO: Plan 6: ḡ=12, γE[v]=15.0, Q=27.0
2026-06-05 05:30:57,067 INFO: Plan 7: ḡ=12, γE[v]=7.5, Q=19.5
2026-06-05 05:30:57,986 INFO: Plan 1: ḡ=2, γE[v]=5.0, Q=7.0
2026-06-05 05:30:57,987 INFO: Plan 0: ḡ=12, γE[v]=50.0, Q=62.0
2026-06-05 05:30:57,987 INFO: Plan 7: ḡ=2, γE[v]=5.0, Q=7.0
2026-06-05 05:30:57,988 INFO: Plan 2: ḡ=2, γE[v]=5.0, Q=7.0
2026-06-05 05:30:58,002 INFO: Plan 5: ḡ=12, γE[v]=17.5, Q=29.5
2026-06-05 05:30:58,003 INFO: Plan 3: ḡ=12, γE[v]=15.0, Q=27.0
2026-06-05 05:30:58,004 INFO: Plan 4: ḡ=12, γE[v]=5.0, Q=17.0
2026-06-05 05:30:58,018 INFO: Plan 6: ḡ=12, γE[v]=50.0, Q=62.0
2026-06-05 05:31:22,045 INFO: Plan 0: ḡ=60, γE[v]=0.0, Q=60.0
2026-06-05 05:31:22,067 INFO: Plan 1: ḡ=60, γE[v]=0.0, Q=60.0
2026-06-05 05:31:22,068 INFO: Plan 3: ḡ=56, γE[v]=2.0, Q=58.0
2026-06-05 05:31:22,089 INFO: Plan 7: ḡ=60, γE[v]=0.0, Q=60.0
2026-06-05 05:31:22,090 INFO: Plan 6: ḡ=60, γE[v]=0.0, Q=60.0
2026-06-05 05:31:22,091 INFO: Plan 2: ḡ=60, γE[v]=0.0, Q=60.0
2026-06-05 05:31:22,092 INFO: Plan 4: ḡ=60, γE[v]=0.0, Q=60.0
2026-06-05 05:31:22,093 INFO: Plan 5: ḡ=60, γE[v]=0.0, Q=60.0
2026-06-05 05:31:22,572 INFO: Plan 0: ḡ=12, γE[v]=7.5, Q=19.5
2026-06-05 05:31:22,573 INFO: Plan 3: ḡ=15, γE[v]=5.0, Q=20.0
2026-06-05 05:31:22,574 INFO: Plan 1: ḡ=10, γE[v]=2.5, Q=12.5
2026-06-05 05:31:22,575 INFO: Plan 5: ḡ=12, γE[v]=2.5, Q=14.5
2026-06-05 05:31:22,576 INFO: Plan 2: ḡ=10, γE[v]=5.0, Q=15.0
2026-06-05 05:31:22,592 INFO: Plan 7: ḡ=12, γE[v]=7.5, Q=19.5
2026-06-05 05:31:22,593 INFO: Plan 6: ḡ=12, γE[v]=7.5, Q=19.5
2026-06-05 05:31:22,594 INFO: Plan 4: ḡ=12, γE[v]=7.5, Q=19.5
2026-06-05 05:31:31,123 INFO: Plan 0: ḡ=10, γE[v]=0.0, Q=10.0
2026-06-05 05:31:31,141 INFO: Plan 1: ḡ=10, γE[v]=0.0, Q=10.0
2026-06-05 05:31:31,163 INFO: Plan 7: ḡ=10, γE[v]=0.0, Q=10.0
2026-06-05 05:31:31,165 INFO: Plan 4: ḡ=12, γE[v]=0.0, Q=12.0
2026-06-05 05:31:31,165 INFO: Plan 6: ḡ=10, γE[v]=0.0, Q=10.0
2026-06-05 05:31:31,166 INFO: Plan 2: ḡ=12, γE[v]=0.0, Q=12.0
2026-06-05 05:31:31,166 INFO: Plan 3: ḡ=12, γE[v]=0.0, Q=12.0
2026-06-05 05:31:31,167 INFO: Plan 5: ḡ=10, γE[v]=0.0, Q=10.0
2026-06-05 05:31:59,991 INFO: Plan 0: ḡ=0, γE[v]=0.0, Q=0.0
2026-06-05 05:32:00,029 INFO: Plan 7: ḡ=2, γE[v]=2.5, Q=4.5
2026-06-05 05:32:00,030 INFO: Plan 2: ḡ=2, γE[v]=0.0, Q=2.0
2026-06-05 05:32:00,030 INFO: Plan 1: ḡ=0, γE[v]=0.0, Q=0.0
2026-06-05 05:32:00,031 INFO: Plan 5: ḡ=2, γE[v]=2.5, Q=4.5
2026-06-05 05:32:00,062 INFO: Plan 4: ḡ=10, γE[v]=5.0, Q=15.0
2026-06-05 05:32:00,062 INFO: Plan 3: ḡ=10, γE[v]=5.0, Q=15.0
2026-06-05 05:32:00,063 INFO: Plan 6: ḡ=10, γE[v]=7.5, Q=17.5
2026-06-05 05:32:14,090 INFO: Plan 1: ḡ=12, γE[v]=7.5, Q=19.5
2026-06-05 05:32:14,091 INFO: Plan 0: ḡ=45, γE[v]=5.0, Q=50.0
2026-06-05 05:32:14,112 INFO: Plan 5: ḡ=45, γE[v]=5.0, Q=50.0
2026-06-05 05:32:14,113 INFO: Plan 3: ḡ=12, γE[v]=7.5, Q=19.5
2026-06-05 05:32:14,113 INFO: Plan 4: ḡ=12, γE[v]=7.5, Q=19.5
2026-06-05 05:32:14,114 INFO: Plan 7: ḡ=12, γE[v]=7.5, Q=19.5
2026-06-05 05:32:14,115 INFO: Plan 6: ḡ=12, γE[v]=7.5, Q=19.5
2026-06-05 05:32:14,116 INFO: Plan 2: ḡ=12, γE[v]=17.5, Q=29.5
2026-06-05 05:32:22,508 INFO: Plan 0: ḡ=12, γE[v]=5.0, Q=17.0
2026-06-05 05:32:22,525 INFO: Plan 4: ḡ=18, γE[v]=0.0, Q=18.0
2026-06-05 05:32:22,547 INFO: Plan 7: ḡ=12, γE[v]=7.5, Q=19.5
2026-06-05 05:32:22,548 INFO: Plan 2: ḡ=12, γE[v]=7.5, Q=19.5
2026-06-05 05:32:22,549 INFO: Plan 6: ḡ=12, γE[v]=5.0, Q=17.0
2026-06-05 05:32:22,549 INFO: Plan 5: ḡ=12, γE[v]=7.5, Q=19.5
2026-06-05 05:32:22,550 INFO: Plan 1: ḡ=12, γE[v]=5.0, Q=17.0
2026-06-05 05:32:22,550 INFO: Plan 3: ḡ=12, γE[v]=5.0, Q=17.0
2026-06-05 05:32:45,596 INFO: Plan 0: ḡ=10, γE[v]=7.5, Q=17.5
2026-06-05 05:32:45,619 INFO: Plan 5: ḡ=12, γE[v]=7.5, Q=19.5
2026-06-05 05:32:45,620 INFO: Plan 3: ḡ=10, γE[v]=7.5, Q=17.5
2026-06-05 05:32:45,621 INFO: Plan 6: ḡ=10, γE[v]=7.5, Q=17.5
2026-06-05 05:32:45,622 INFO: Plan 2: ḡ=12, γE[v]=7.5, Q=19.5
2026-06-05 05:32:45,623 INFO: Plan 7: ḡ=12, γE[v]=7.5, Q=19.5
2026-06-05 05:32:45,624 INFO: Plan 4: ḡ=12, γE[v]=7.5, Q=19.5
2026-06-05 05:32:45,624 INFO: Plan 1: ḡ=12, γE[v]=7.5, Q=19.5
2026-06-05 05:32:50,578 INFO: Plan 0: ḡ=9, γE[v]=5.0, Q=14.0
2026-06-05 05:32:50,613 INFO: Plan 3: ḡ=9, γE[v]=7.5, Q=16.5
2026-06-05 05:32:50,635 INFO: Plan 4: ḡ=10, γE[v]=7.5, Q=17.5
2026-06-05 05:32:50,636 INFO: Plan 5: ḡ=12, γE[v]=7.5, Q=19.5
2026-06-05 05:32:50,636 INFO: Plan 7: ḡ=12, γE[v]=15.0, Q=27.0
2026-06-05 05:32:50,637 INFO: Plan 1: ḡ=12, γE[v]=15.0, Q=27.0
2026-06-05 05:32:50,638 INFO: Plan 2: ḡ=12, γE[v]=7.5, Q=19.5
2026-06-05 05:32:50,650 INFO: Plan 6: ḡ=10, γE[v]=50.0, Q=60.0
2026-06-05 05:33:19,316 INFO: Plan 0: ḡ=60, γE[v]=0.0, Q=60.0
2026-06-05 05:33:19,363 INFO: Plan 6: ḡ=10, γE[v]=0.0, Q=10.0
2026-06-05 05:33:19,364 INFO: Plan 3: ḡ=10, γE[v]=0.0, Q=10.0
2026-06-05 05:33:19,365 INFO: Plan 5: ḡ=60, γE[v]=0.0, Q=60.0
2026-06-05 05:33:19,367 INFO: Plan 4: ḡ=60, γE[v]=0.0, Q=60.0
2026-06-05 05:33:19,367 INFO: Plan 7: ḡ=60, γE[v]=0.0, Q=60.0
2026-06-05 05:33:19,368 INFO: Plan 1: ḡ=10, γE[v]=2.5, Q=12.5
2026-06-05 05:33:19,369 INFO: Plan 2: ḡ=60, γE[v]=0.0, Q=60.0
2026-06-05 05:33:28,447 INFO: Plan 1: ḡ=10, γE[v]=0.0, Q=10.0
2026-06-05 05:33:28,448 INFO: Plan 0: ḡ=0, γE[v]=0.0, Q=0.0
2026-06-05 05:33:28,449 INFO: Plan 4: ḡ=0, γE[v]=0.0, Q=0.0
2026-06-05 05:33:28,466 INFO: Plan 2: ḡ=10, γE[v]=0.0, Q=10.0
2026-06-05 05:33:28,467 INFO: Plan 6: ḡ=10, γE[v]=0.0, Q=10.0
2026-06-05 05:33:28,468 INFO: Plan 5: ḡ=10, γE[v]=0.0, Q=10.0
2026-06-05 05:33:28,468 INFO: Plan 3: ḡ=12, γE[v]=0.0, Q=12.0
2026-06-05 05:33:28,502 INFO: Plan 7: ḡ=10, γE[v]=0.0, Q=10.0
2026-06-05 05:33:31,658 INFO: Plan 0: ḡ=12, γE[v]=17.5, Q=29.5
2026-06-05 05:33:31,696 INFO: Plan 5: ḡ=12, γE[v]=17.5, Q=29.5
2026-06-05 05:33:31,699 INFO: Plan 4: ḡ=12, γE[v]=7.5, Q=19.5
2026-06-05 05:33:31,701 INFO: Plan 1: ḡ=15, γE[v]=5.0, Q=20.0
2026-06-05 05:33:31,701 INFO: Plan 6: ḡ=12, γE[v]=7.5, Q=19.5
2026-06-05 05:33:31,702 INFO: Plan 2: ḡ=12, γE[v]=7.5, Q=19.5
2026-06-05 05:33:31,703 INFO: Plan 7: ḡ=10, γE[v]=15.0, Q=25.0
2026-06-05 05:33:31,703 INFO: Plan 3: ḡ=10, γE[v]=20.0, Q=30.0
2026-06-05 05:34:00,729 INFO: Plan 1: ḡ=0, γE[v]=0.0, Q=0.0
2026-06-05 05:34:00,767 INFO: Plan 2: ḡ=0, γE[v]=0.0, Q=0.0
2026-06-05 05:34:00,768 INFO: Plan 5: ḡ=2, γE[v]=0.0, Q=2.0
2026-06-05 05:34:00,769 INFO: Plan 3: ḡ=1, γE[v]=0.0, Q=1.0
2026-06-05 05:34:00,770 INFO: Plan 7: ḡ=0, γE[v]=0.0, Q=0.0
2026-06-05 05:34:00,771 INFO: Plan 6: ḡ=0, γE[v]=0.0, Q=0.0
2026-06-05 05:34:00,783 INFO: Plan 4: ḡ=2, γE[v]=5.0, Q=7.0
2026-06-05 05:34:00,784 INFO: Plan 0: ḡ=10, γE[v]=5.0, Q=15.0
2026-06-05 05:34:22,328 INFO: Plan 1: ḡ=35, γE[v]=7.5, Q=42.5
2026-06-05 05:34:22,349 INFO: Plan 4: ḡ=12, γE[v]=7.5, Q=19.5
2026-06-05 05:34:22,351 INFO: Plan 6: ḡ=12, γE[v]=7.5, Q=19.5
2026-06-05 05:34:22,353 INFO: Plan 5: ḡ=45, γE[v]=7.5, Q=52.5
2026-06-05 05:34:22,353 INFO: Plan 0: ḡ=12, γE[v]=7.5, Q=19.5
2026-06-05 05:34:22,354 INFO: Plan 3: ḡ=12, γE[v]=7.5, Q=19.5
2026-06-05 05:34:22,355 INFO: Plan 7: ḡ=12, γE[v]=7.5, Q=19.5
2026-06-05 05:34:22,355 INFO: Plan 2: ḡ=42, γE[v]=7.5, Q=49.5
2026-06-05 05:34:31,610 INFO: Plan 4: ḡ=12, γE[v]=2.5, Q=14.5
2026-06-05 05:34:31,629 INFO: Plan 2: ḡ=18, γE[v]=0.0, Q=18.0
2026-06-05 05:34:31,630 INFO: Plan 0: ḡ=10, γE[v]=7.5, Q=17.5
2026-06-05 05:34:31,647 INFO: Plan 6: ḡ=10, γE[v]=2.5, Q=12.5
2026-06-05 05:34:31,648 INFO: Plan 5: ḡ=18, γE[v]=0.0, Q=18.0
2026-06-05 05:34:31,664 INFO: Plan 7: ḡ=12, γE[v]=7.5, Q=19.5
2026-06-05 05:34:31,666 INFO: Plan 1: ḡ=10, γE[v]=7.5, Q=17.5
2026-06-05 05:34:31,667 INFO: Plan 3: ḡ=10, γE[v]=7.5, Q=17.5
2026-06-05 05:34:53,377 INFO: Plan 1: ḡ=12, γE[v]=7.5, Q=19.5
2026-06-05 05:34:53,378 INFO: Plan 2: ḡ=2, γE[v]=5.0, Q=7.0
2026-06-05 05:34:53,397 INFO: Plan 0: ḡ=10, γE[v]=15.0, Q=25.0
2026-06-05 05:34:53,398 INFO: Plan 3: ḡ=12, γE[v]=7.5, Q=19.5
2026-06-05 05:34:53,418 INFO: Plan 4: ḡ=12, γE[v]=7.5, Q=19.5
2026-06-05 05:34:53,419 INFO: Plan 7: ḡ=12, γE[v]=15.0, Q=27.0
2026-06-05 05:34:53,420 INFO: Plan 6: ḡ=12, γE[v]=7.5, Q=19.5
2026-06-05 05:34:53,421 INFO: Plan 5: ḡ=10, γE[v]=15.0, Q=25.0
2026-06-05 05:35:00,634 INFO: Plan 0: ḡ=10, γE[v]=7.5, Q=17.5
2026-06-05 05:35:00,634 INFO: Plan 3: ḡ=2, γE[v]=5.0, Q=7.0
2026-06-05 05:35:00,657 INFO: Plan 1: ḡ=12, γE[v]=15.0, Q=27.0
2026-06-05 05:35:00,658 INFO: Plan 5: ḡ=12, γE[v]=15.0, Q=27.0
2026-06-05 05:35:00,659 INFO: Plan 2: ḡ=12, γE[v]=15.0, Q=27.0
2026-06-05 05:35:00,660 INFO: Plan 7: ḡ=12, γE[v]=15.0, Q=27.0
2026-06-05 05:35:00,661 INFO: Plan 4: ḡ=12, γE[v]=17.5, Q=29.5
2026-06-05 05:35:00,662 INFO: Plan 6: ḡ=12, γE[v]=7.5, Q=19.5
2026-06-05 05:35:11,471 INFO: Plan 0: ḡ=60, γE[v]=0.0, Q=60.0
2026-06-05 05:35:11,472 INFO: Plan 1: ḡ=10, γE[v]=2.5, Q=12.5
2026-06-05 05:35:11,493 INFO: Plan 6: ḡ=10, γE[v]=0.0, Q=10.0
2026-06-05 05:35:11,494 INFO: Plan 4: ḡ=10, γE[v]=0.0, Q=10.0
2026-06-05 05:35:11,495 INFO: Plan 2: ḡ=10, γE[v]=0.0, Q=10.0
2026-06-05 05:35:11,495 INFO: Plan 3: ḡ=10, γE[v]=2.5, Q=12.5
2026-06-05 05:35:11,496 INFO: Plan 5: ḡ=60, γE[v]=0.0, Q=60.0
2026-06-05 05:35:11,511 INFO: Plan 7: ḡ=60, γE[v]=0.0, Q=60.0
2026-06-05 05:35:19,531 INFO: Plan 0: ḡ=12, γE[v]=0.0, Q=12.0
2026-06-05 05:35:19,549 INFO: Plan 4: ḡ=1, γE[v]=0.0, Q=1.0
2026-06-05 05:35:19,570 INFO: Plan 3: ḡ=10, γE[v]=0.0, Q=10.0
2026-06-05 05:35:19,572 INFO: Plan 6: ḡ=10, γE[v]=0.0, Q=10.0
2026-06-05 05:35:19,573 INFO: Plan 2: ḡ=12, γE[v]=0.0, Q=12.0
2026-06-05 05:35:19,574 INFO: Plan 1: ḡ=10, γE[v]=0.0, Q=10.0
2026-06-05 05:35:19,575 INFO: Plan 7: ḡ=12, γE[v]=0.0, Q=12.0
2026-06-05 05:35:19,575 INFO: Plan 5: ḡ=10, γE[v]=0.0, Q=10.0
2026-06-05 05:35:32,937 INFO: Plan 1: ḡ=12, γE[v]=7.5, Q=19.5
2026-06-05 05:35:32,938 INFO: Plan 0: ḡ=12, γE[v]=7.5, Q=19.5
2026-06-05 05:35:32,939 INFO: Plan 2: ḡ=12, γE[v]=5.0, Q=17.0
2026-06-05 05:35:32,974 INFO: Plan 3: ḡ=12, γE[v]=17.5, Q=29.5
2026-06-05 05:35:32,976 INFO: Plan 4: ḡ=12, γE[v]=15.0, Q=27.0
2026-06-05 05:35:32,977 INFO: Plan 5: ḡ=12, γE[v]=15.0, Q=27.0
2026-06-05 05:35:32,978 INFO: Plan 7: ḡ=12, γE[v]=15.0, Q=27.0
2026-06-05 05:35:32,978 INFO: Plan 6: ḡ=12, γE[v]=7.5, Q=19.5
2026-06-05 05:35:47,513 INFO: Plan 4: ḡ=3, γE[v]=0.0, Q=3.0
2026-06-05 05:35:47,513 INFO: Plan 0: ḡ=10, γE[v]=7.5, Q=17.5
2026-06-05 05:35:47,514 INFO: Plan 2: ḡ=2, γE[v]=0.0, Q=2.0
2026-06-05 05:35:47,515 INFO: Plan 5: ḡ=2, γE[v]=0.0, Q=2.0
2026-06-05 05:35:47,547 INFO: Plan 3: ḡ=10, γE[v]=5.0, Q=15.0
2026-06-05 05:35:47,549 INFO: Plan 6: ḡ=10, γE[v]=7.5, Q=17.5
2026-06-05 05:35:47,550 INFO: Plan 7: ḡ=10, γE[v]=10.0, Q=20.0
2026-06-05 05:35:47,550 INFO: Plan 1: ḡ=10, γE[v]=5.0, Q=15.0
2026-06-05 05:36:09,582 INFO: Plan 1: ḡ=12, γE[v]=7.5, Q=19.5
2026-06-05 05:36:09,583 INFO: Plan 0: ḡ=45, γE[v]=7.5, Q=52.5
2026-06-05 05:36:09,603 INFO: Plan 3: ḡ=12, γE[v]=7.5, Q=19.5
2026-06-05 05:36:09,604 INFO: Plan 2: ḡ=35, γE[v]=7.5, Q=42.5
2026-06-05 05:36:09,605 INFO: Plan 4: ḡ=12, γE[v]=7.5, Q=19.5
2026-06-05 05:36:09,606 INFO: Plan 6: ḡ=12, γE[v]=7.5, Q=19.5
2026-06-05 05:36:09,606 INFO: Plan 5: ḡ=42, γE[v]=7.5, Q=49.5
2026-06-05 05:36:09,607 INFO: Plan 7: ḡ=12, γE[v]=7.5, Q=19.5
2026-06-05 05:36:12,882 INFO: Plan 0: ḡ=18, γE[v]=0.0, Q=18.0
2026-06-05 05:36:12,925 INFO: Plan 1: ḡ=12, γE[v]=5.0, Q=17.0
2026-06-05 05:36:12,926 INFO: Plan 4: ḡ=18, γE[v]=5.0, Q=23.0
2026-06-05 05:36:12,927 INFO: Plan 6: ḡ=12, γE[v]=7.5, Q=19.5
2026-06-05 05:36:12,928 INFO: Plan 5: ḡ=12, γE[v]=7.5, Q=19.5
2026-06-05 05:36:12,929 INFO: Plan 2: ḡ=12, γE[v]=5.0, Q=17.0
2026-06-05 05:36:12,929 INFO: Plan 3: ḡ=18, γE[v]=5.0, Q=23.0
2026-06-05 05:36:12,961 INFO: Plan 7: ḡ=12, γE[v]=7.5, Q=19.5
2026-06-05 05:36:24,494 INFO: Plan 0: ḡ=12, γE[v]=17.5, Q=29.5
2026-06-05 05:36:24,532 INFO: Plan 6: ḡ=12, γE[v]=7.5, Q=19.5
2026-06-05 05:36:24,533 INFO: Plan 7: ḡ=15, γE[v]=10.0, Q=25.0
2026-06-05 05:36:24,534 INFO: Plan 1: ḡ=12, γE[v]=10.0, Q=22.0
2026-06-05 05:36:24,536 INFO: Plan 5: ḡ=12, γE[v]=17.5, Q=29.5
2026-06-05 05:36:24,537 INFO: Plan 2: ḡ=12, γE[v]=7.5, Q=19.5
2026-06-05 05:36:24,538 INFO: Plan 4: ḡ=25, γE[v]=7.5, Q=32.5
2026-06-05 05:36:24,538 INFO: Plan 3: ḡ=12, γE[v]=7.5, Q=19.5
2026-06-05 05:36:36,630 INFO: Plan 0: ḡ=2, γE[v]=57.0, Q=59.0
2026-06-05 05:36:36,631 INFO: Plan 2: ḡ=12, γE[v]=20.0, Q=32.0
2026-06-05 05:36:36,654 INFO: Plan 4: ḡ=2, γE[v]=55.0, Q=57.0
2026-06-05 05:36:36,655 INFO: Plan 3: ḡ=2, γE[v]=57.0, Q=59.0
2026-06-05 05:36:36,656 INFO: Plan 5: ḡ=12, γE[v]=20.0, Q=32.0
2026-06-05 05:36:36,657 INFO: Plan 7: ḡ=2, γE[v]=57.0, Q=59.0
2026-06-05 05:36:36,658 INFO: Plan 1: ḡ=10, γE[v]=50.0, Q=60.0
2026-06-05 05:36:36,675 INFO: Plan 6: ḡ=10, γE[v]=50.0, Q=60.0
2026-06-05 05:36:43,754 INFO: Plan 2: ḡ=60, γE[v]=0.0, Q=60.0
2026-06-05 05:36:43,777 INFO: Plan 1: ḡ=10, γE[v]=0.0, Q=10.0
2026-06-05 05:36:43,778 INFO: Plan 4: ḡ=10, γE[v]=0.0, Q=10.0
2026-06-05 05:36:43,779 INFO: Plan 3: ḡ=56, γE[v]=2.0, Q=58.0
2026-06-05 05:36:43,780 INFO: Plan 6: ḡ=10, γE[v]=0.0, Q=10.0
2026-06-05 05:36:43,781 INFO: Plan 5: ḡ=60, γE[v]=0.0, Q=60.0
2026-06-05 05:36:43,782 INFO: Plan 0: ḡ=60, γE[v]=0.0, Q=60.0
2026-06-05 05:36:43,794 INFO: Plan 7: ḡ=10, γE[v]=20.0, Q=30.0
2026-06-05 05:36:48,148 INFO: Plan 0: ḡ=10, γE[v]=0.0, Q=10.0
2026-06-05 05:36:48,187 INFO: Plan 7: ḡ=10, γE[v]=0.0, Q=10.0
2026-06-05 05:36:48,188 INFO: Plan 1: ḡ=10, γE[v]=0.0, Q=10.0
2026-06-05 05:36:48,189 INFO: Plan 6: ḡ=10, γE[v]=0.0, Q=10.0
2026-06-05 05:36:48,191 INFO: Plan 2: ḡ=10, γE[v]=0.0, Q=10.0
2026-06-05 05:36:48,191 INFO: Plan 5: ḡ=10, γE[v]=0.0, Q=10.0
2026-06-05 05:36:48,192 INFO: Plan 4: ḡ=10, γE[v]=0.0, Q=10.0
2026-06-05 05:36:48,192 INFO: Plan 3: ḡ=10, γE[v]=0.0, Q=10.0
2026-06-05 05:37:13,736 INFO: Plan 1: ḡ=15, γE[v]=15.0, Q=30.0
2026-06-05 05:37:13,737 INFO: Plan 2: ḡ=12, γE[v]=17.5, Q=29.5
2026-06-05 05:37:13,738 INFO: Plan 0: ḡ=35, γE[v]=7.5, Q=42.5
2026-06-05 05:37:13,756 INFO: Plan 3: ḡ=12, γE[v]=7.5, Q=19.5
2026-06-05 05:37:13,758 INFO: Plan 4: ḡ=12, γE[v]=7.5, Q=19.5
2026-06-05 05:37:13,759 INFO: Plan 6: ḡ=12, γE[v]=17.5, Q=29.5
2026-06-05 05:37:13,760 INFO: Plan 5: ḡ=12, γE[v]=17.5, Q=29.5
2026-06-05 05:37:13,761 INFO: Plan 7: ḡ=12, γE[v]=7.5, Q=19.5
2026-06-05 05:37:18,977 INFO: Plan 1: ḡ=0, γE[v]=0.0, Q=0.0
2026-06-05 05:37:18,995 INFO: Plan 0: ḡ=2, γE[v]=5.0, Q=7.0
2026-06-05 05:37:19,014 INFO: Plan 7: ḡ=0, γE[v]=0.0, Q=0.0
2026-06-05 05:37:19,015 INFO: Plan 5: ḡ=2, γE[v]=0.0, Q=2.0
2026-06-05 05:37:19,017 INFO: Plan 6: ḡ=1, γE[v]=0.0, Q=1.0
2026-06-05 05:37:19,017 INFO: Plan 2: ḡ=0, γE[v]=0.0, Q=0.0
2026-06-05 05:37:19,018 INFO: Plan 3: ḡ=0, γE[v]=0.0, Q=0.0
2026-06-05 05:37:19,031 INFO: Plan 4: ḡ=4, γE[v]=5.0, Q=9.0
  [33/93] rich.markdown seed=42: {'cov_qvalue_calib': 18}
  [34/93] rich.style seed=42: {'cov_qvalue_calib': 66}
2026-06-05 05:37:54,584 INFO: Plan 0: ḡ=45, γE[v]=7.5, Q=52.5
2026-06-05 05:37:54,585 INFO: Plan 1: ḡ=12, γE[v]=7.5, Q=19.5
2026-06-05 05:37:54,608 INFO: Plan 5: ḡ=45, γE[v]=5.0, Q=50.0
2026-06-05 05:37:54,610 INFO: Plan 7: ḡ=45, γE[v]=7.5, Q=52.5
2026-06-05 05:37:54,611 INFO: Plan 2: ḡ=45, γE[v]=7.5, Q=52.5
2026-06-05 05:37:54,611 INFO: Plan 3: ḡ=12, γE[v]=7.5, Q=19.5
2026-06-05 05:37:54,612 INFO: Plan 4: ḡ=12, γE[v]=7.5, Q=19.5
2026-06-05 05:37:54,612 INFO: Plan 6: ḡ=35, γE[v]=7.5, Q=42.5
2026-06-05 05:37:56,413 INFO: Plan 0: ḡ=0, γE[v]=0.0, Q=0.0
2026-06-05 05:37:56,414 INFO: Plan 3: ḡ=0, γE[v]=0.0, Q=0.0
2026-06-05 05:37:56,414 INFO: Plan 2: ḡ=0, γE[v]=0.0, Q=0.0
2026-06-05 05:37:56,430 INFO: Plan 6: ḡ=0, γE[v]=0.0, Q=0.0
2026-06-05 05:37:56,431 INFO: Plan 1: ḡ=0, γE[v]=0.0, Q=0.0
2026-06-05 05:37:56,432 INFO: Plan 5: ḡ=0, γE[v]=0.0, Q=0.0
2026-06-05 05:37:56,433 INFO: Plan 4: ḡ=0, γE[v]=0.0, Q=0.0
2026-06-05 05:37:56,466 INFO: Plan 7: ḡ=12, γE[v]=9.0, Q=21.0
2026-06-05 05:37:58,847 INFO: Plan 1: ḡ=10, γE[v]=2.5, Q=12.5
2026-06-05 05:37:58,866 INFO: Plan 0: ḡ=12, γE[v]=2.5, Q=14.5
2026-06-05 05:37:58,867 INFO: Plan 3: ḡ=1, γE[v]=0.0, Q=1.0
2026-06-05 05:37:58,868 INFO: Plan 5: ḡ=0, γE[v]=0.0, Q=0.0
2026-06-05 05:37:58,869 INFO: Plan 2: ḡ=1, γE[v]=0.0, Q=1.0
2026-06-05 05:37:58,870 INFO: Plan 7: ḡ=1, γE[v]=0.0, Q=1.0
2026-06-05 05:37:58,883 INFO: Plan 4: ḡ=10, γE[v]=2.5, Q=12.5
2026-06-05 05:37:58,884 INFO: Plan 6: ḡ=10, γE[v]=2.5, Q=12.5
  [35/93] rich.segment seed=42: {'cov_qvalue_calib': 60}
  [36/93] rich.color seed=42: {'cov_qvalue_calib': 26}
2026-06-05 05:38:10,068 INFO: Plan 0: ḡ=10, γE[v]=20.0, Q=30.0
2026-06-05 05:38:10,069 INFO: Plan 2: ḡ=12, γE[v]=20.0, Q=32.0
2026-06-05 05:38:10,070 INFO: Plan 4: ḡ=12, γE[v]=15.0, Q=27.0
2026-06-05 05:38:10,071 INFO: Plan 3: ḡ=10, γE[v]=20.0, Q=30.0
2026-06-05 05:38:10,072 INFO: Plan 1: ḡ=10, γE[v]=20.0, Q=30.0
2026-06-05 05:38:10,110 INFO: Plan 6: ḡ=12, γE[v]=15.0, Q=27.0
2026-06-05 05:38:10,111 INFO: Plan 5: ḡ=10, γE[v]=50.0, Q=60.0
2026-06-05 05:38:10,112 INFO: Plan 7: ḡ=12, γE[v]=20.0, Q=32.0
2026-06-05 05:38:13,395 INFO: Plan 0: ḡ=1, γE[v]=0.0, Q=1.0
2026-06-05 05:38:13,417 INFO: Plan 5: ḡ=1, γE[v]=0.0, Q=1.0
2026-06-05 05:38:13,418 INFO: Plan 3: ḡ=1, γE[v]=0.0, Q=1.0
2026-06-05 05:38:13,419 INFO: Plan 2: ḡ=1, γE[v]=0.0, Q=1.0
2026-06-05 05:38:13,420 INFO: Plan 4: ḡ=1, γE[v]=0.0, Q=1.0
2026-06-05 05:38:13,421 INFO: Plan 7: ḡ=1, γE[v]=0.0, Q=1.0
2026-06-05 05:38:13,422 INFO: Plan 1: ḡ=1, γE[v]=0.0, Q=1.0
2026-06-05 05:38:13,422 INFO: Plan 6: ḡ=1, γE[v]=0.0, Q=1.0
2026-06-05 05:38:19,924 INFO: Plan 1: ḡ=1, γE[v]=0.0, Q=1.0
2026-06-05 05:38:19,962 INFO: Plan 0: ḡ=1, γE[v]=0.0, Q=1.0
2026-06-05 05:38:19,963 INFO: Plan 3: ḡ=1, γE[v]=0.0, Q=1.0
2026-06-05 05:38:19,964 INFO: Plan 2: ḡ=1, γE[v]=0.0, Q=1.0
2026-06-05 05:38:19,965 INFO: Plan 5: ḡ=1, γE[v]=0.0, Q=1.0
2026-06-05 05:38:19,979 INFO: Plan 7: ḡ=1, γE[v]=20.0, Q=21.0
2026-06-05 05:38:19,979 INFO: Plan 6: ḡ=1, γE[v]=22.5, Q=23.5
2026-06-05 05:38:19,980 INFO: Plan 4: ḡ=2, γE[v]=5.0, Q=7.0
  [37/93] rich.layout seed=42: {'cov_qvalue_calib': 17}
2026-06-05 05:38:50,046 INFO: Plan 2: ḡ=0, γE[v]=0.0, Q=0.0
2026-06-05 05:38:50,069 INFO: Plan 3: ḡ=0, γE[v]=0.0, Q=0.0
2026-06-05 05:38:50,072 INFO: Plan 1: ḡ=0, γE[v]=0.0, Q=0.0
2026-06-05 05:38:50,072 INFO: Plan 4: ḡ=0, γE[v]=0.0, Q=0.0
2026-06-05 05:38:50,073 INFO: Plan 5: ḡ=0, γE[v]=0.0, Q=0.0
2026-06-05 05:38:50,073 INFO: Plan 0: ḡ=0, γE[v]=0.0, Q=0.0
2026-06-05 05:38:50,074 INFO: Plan 7: ḡ=0, γE[v]=0.0, Q=0.0
2026-06-05 05:38:50,074 INFO: Plan 6: ḡ=0, γE[v]=0.0, Q=0.0
2026-06-05 05:38:58,448 INFO: Plan 2: ḡ=15, γE[v]=5.0, Q=20.0
2026-06-05 05:38:58,486 INFO: Plan 5: ḡ=12, γE[v]=17.5, Q=29.5
2026-06-05 05:38:58,487 INFO: Plan 3: ḡ=15, γE[v]=15.0, Q=30.0
2026-06-05 05:38:58,488 INFO: Plan 4: ḡ=15, γE[v]=15.0, Q=30.0
2026-06-05 05:38:58,489 INFO: Plan 6: ḡ=12, γE[v]=7.5, Q=19.5
2026-06-05 05:38:58,489 INFO: Plan 7: ḡ=12, γE[v]=15.0, Q=27.0
2026-06-05 05:38:58,491 INFO: Plan 1: ḡ=12, γE[v]=7.5, Q=19.5
2026-06-05 05:38:58,491 INFO: Plan 0: ḡ=35, γE[v]=7.5, Q=42.5
  [38/93] rich.traceback seed=42: {'cov_qvalue_calib': 67}
2026-06-05 05:39:37,246 INFO: Plan 0: ḡ=49, γE[v]=5.0, Q=54.0
2026-06-05 05:39:37,247 INFO: Plan 2: ḡ=49, γE[v]=7.5, Q=56.5
2026-06-05 05:39:37,248 INFO: Plan 3: ḡ=49, γE[v]=5.0, Q=54.0
2026-06-05 05:39:37,249 INFO: Plan 1: ḡ=49, γE[v]=7.5, Q=56.5
2026-06-05 05:39:37,271 INFO: Plan 6: ḡ=49, γE[v]=5.0, Q=54.0
2026-06-05 05:39:37,272 INFO: Plan 7: ḡ=49, γE[v]=5.0, Q=54.0
2026-06-05 05:39:37,272 INFO: Plan 5: ḡ=49, γE[v]=5.0, Q=54.0
2026-06-05 05:39:37,273 INFO: Plan 4: ḡ=49, γE[v]=5.0, Q=54.0
2026-06-05 05:39:39,132 INFO: Plan 0: ḡ=0, γE[v]=0.0, Q=0.0
2026-06-05 05:39:39,133 INFO: Plan 3: ḡ=0, γE[v]=0.0, Q=0.0
2026-06-05 05:39:39,134 INFO: Plan 1: ḡ=0, γE[v]=0.0, Q=0.0
2026-06-05 05:39:39,156 INFO: Plan 5: ḡ=0, γE[v]=0.0, Q=0.0
2026-06-05 05:39:39,157 INFO: Plan 7: ḡ=0, γE[v]=0.0, Q=0.0
2026-06-05 05:39:39,158 INFO: Plan 4: ḡ=0, γE[v]=0.0, Q=0.0
2026-06-05 05:39:39,177 INFO: Plan 2: ḡ=12, γE[v]=7.5, Q=19.5
2026-06-05 05:39:39,199 INFO: Plan 6: ḡ=12, γE[v]=7.5, Q=19.5
2026-06-05 05:39:40,647 INFO: Plan 0: ḡ=11, γE[v]=0.0, Q=11.0
2026-06-05 05:39:40,648 INFO: Plan 1: ḡ=12, γE[v]=2.5, Q=14.5
2026-06-05 05:39:40,671 INFO: Plan 6: ḡ=11, γE[v]=0.0, Q=11.0
2026-06-05 05:39:40,672 INFO: Plan 7: ḡ=11, γE[v]=0.0, Q=11.0
2026-06-05 05:39:40,673 INFO: Plan 5: ḡ=11, γE[v]=2.5, Q=13.5
2026-06-05 05:39:40,674 INFO: Plan 2: ḡ=11, γE[v]=0.0, Q=11.0
2026-06-05 05:39:40,675 INFO: Plan 4: ḡ=12, γE[v]=2.5, Q=14.5
2026-06-05 05:39:40,691 INFO: Plan 3: ḡ=11, γE[v]=7.5, Q=18.5
2026-06-05 05:39:44,573 INFO: Plan 4: ḡ=10, γE[v]=7.5, Q=17.5
2026-06-05 05:39:44,574 INFO: Plan 0: ḡ=10, γE[v]=20.0, Q=30.0
2026-06-05 05:39:44,575 INFO: Plan 3: ḡ=2, γE[v]=57.0, Q=59.0
2026-06-05 05:39:44,576 INFO: Plan 1: ḡ=2, γE[v]=57.0, Q=59.0
2026-06-05 05:39:44,577 INFO: Plan 2: ḡ=2, γE[v]=57.0, Q=59.0
2026-06-05 05:39:44,578 INFO: Plan 5: ḡ=2, γE[v]=57.0, Q=59.0
2026-06-05 05:39:44,590 INFO: Plan 7: ḡ=10, γE[v]=20.0, Q=30.0
2026-06-05 05:39:44,591 INFO: Plan 6: ḡ=2, γE[v]=55.0, Q=57.0
2026-06-05 05:39:50,977 INFO: Plan 0: ḡ=0, γE[v]=0.0, Q=0.0
2026-06-05 05:39:50,999 INFO: Plan 3: ḡ=1, γE[v]=0.0, Q=1.0
2026-06-05 05:39:51,001 INFO: Plan 5: ḡ=0, γE[v]=0.0, Q=0.0
2026-06-05 05:39:51,002 INFO: Plan 6: ḡ=1, γE[v]=0.0, Q=1.0
2026-06-05 05:39:51,003 INFO: Plan 7: ḡ=2, γE[v]=0.0, Q=2.0
2026-06-05 05:39:51,018 INFO: Plan 4: ḡ=10, γE[v]=2.5, Q=12.5
2026-06-05 05:39:51,039 INFO: Plan 1: ḡ=10, γE[v]=7.5, Q=17.5
2026-06-05 05:39:51,040 INFO: Plan 2: ḡ=10, γE[v]=7.5, Q=17.5
2026-06-05 05:39:58,519 INFO: Plan 0: ḡ=2, γE[v]=20.0, Q=22.0
2026-06-05 05:39:58,520 INFO: Plan 1: ḡ=0, γE[v]=0.0, Q=0.0
2026-06-05 05:39:58,555 INFO: Plan 6: ḡ=1, γE[v]=5.0, Q=6.0
2026-06-05 05:39:58,576 INFO: Plan 7: ḡ=10, γE[v]=15.0, Q=25.0
2026-06-05 05:39:58,577 INFO: Plan 3: ḡ=10, γE[v]=20.0, Q=30.0
2026-06-05 05:39:58,578 INFO: Plan 5: ḡ=10, γE[v]=20.0, Q=30.0
2026-06-05 05:39:58,578 INFO: Plan 4: ḡ=12, γE[v]=17.5, Q=29.5
2026-06-05 05:39:58,579 INFO: Plan 2: ḡ=10, γE[v]=20.0, Q=30.0
2026-06-05 05:40:17,880 INFO: Plan 2: ḡ=4, γE[v]=0.0, Q=4.0
2026-06-05 05:40:17,898 INFO: Plan 0: ḡ=0, γE[v]=0.0, Q=0.0
2026-06-05 05:40:17,918 INFO: Plan 5: ḡ=4, γE[v]=0.0, Q=4.0
2026-06-05 05:40:17,919 INFO: Plan 3: ḡ=4, γE[v]=0.0, Q=4.0
2026-06-05 05:40:17,920 INFO: Plan 1: ḡ=4, γE[v]=0.0, Q=4.0
2026-06-05 05:40:17,920 INFO: Plan 7: ḡ=4, γE[v]=0.0, Q=4.0
2026-06-05 05:40:17,921 INFO: Plan 6: ḡ=4, γE[v]=0.0, Q=4.0
2026-06-05 05:40:17,922 INFO: Plan 4: ḡ=0, γE[v]=0.0, Q=0.0
  [39/93] jinja2.compiler seed=42: {'cov_qvalue_calib': 109}
2026-06-05 05:40:34,545 INFO: Plan 1: ḡ=0, γE[v]=0.0, Q=0.0
2026-06-05 05:40:34,564 INFO: Plan 0: ḡ=0, γE[v]=0.0, Q=0.0
2026-06-05 05:40:34,583 INFO: Plan 3: ḡ=1, γE[v]=0.0, Q=1.0
2026-06-05 05:40:34,585 INFO: Plan 6: ḡ=6, γE[v]=0.0, Q=6.0
2026-06-05 05:40:34,586 INFO: Plan 2: ḡ=1, γE[v]=0.0, Q=1.0
2026-06-05 05:40:34,587 INFO: Plan 7: ḡ=0, γE[v]=0.0, Q=0.0
2026-06-05 05:40:34,588 INFO: Plan 5: ḡ=0, γE[v]=0.0, Q=0.0
2026-06-05 05:40:34,588 INFO: Plan 4: ḡ=0, γE[v]=0.0, Q=0.0
  [40/93] jinja2.filters seed=42: {'cov_qvalue_calib': 138}
2026-06-05 05:41:18,944 INFO: Plan 6: ḡ=12, γE[v]=7.5, Q=19.5
2026-06-05 05:41:18,945 INFO: Plan 3: ḡ=12, γE[v]=15.0, Q=27.0
2026-06-05 05:41:18,946 INFO: Plan 2: ḡ=12, γE[v]=17.5, Q=29.5
2026-06-05 05:41:18,947 INFO: Plan 4: ḡ=12, γE[v]=15.0, Q=27.0
2026-06-05 05:41:18,948 INFO: Plan 5: ḡ=12, γE[v]=15.0, Q=27.0
2026-06-05 05:41:18,949 INFO: Plan 1: ḡ=12, γE[v]=7.5, Q=19.5
2026-06-05 05:41:18,950 INFO: Plan 0: ḡ=12, γE[v]=15.0, Q=27.0
2026-06-05 05:41:18,951 INFO: Plan 7: ḡ=12, γE[v]=17.5, Q=29.5
2026-06-05 05:41:20,218 INFO: Plan 0: ḡ=49, γE[v]=7.5, Q=56.5
2026-06-05 05:41:20,219 INFO: Plan 5: ḡ=49, γE[v]=6.0, Q=55.0
2026-06-05 05:41:20,220 INFO: Plan 7: ḡ=49, γE[v]=6.0, Q=55.0
2026-06-05 05:41:20,221 INFO: Plan 4: ḡ=49, γE[v]=6.0, Q=55.0
2026-06-05 05:41:20,221 INFO: Plan 1: ḡ=49, γE[v]=6.0, Q=55.0
2026-06-05 05:41:20,222 INFO: Plan 3: ḡ=49, γE[v]=6.0, Q=55.0
2026-06-05 05:41:20,223 INFO: Plan 6: ḡ=49, γE[v]=7.5, Q=56.5
2026-06-05 05:41:20,224 INFO: Plan 2: ḡ=49, γE[v]=6.0, Q=55.0
2026-06-05 05:41:25,759 INFO: Plan 1: ḡ=5, γE[v]=5.0, Q=10.0
2026-06-05 05:41:25,760 INFO: Plan 0: ḡ=12, γE[v]=5.0, Q=17.0
2026-06-05 05:41:25,761 INFO: Plan 3: ḡ=5, γE[v]=0.0, Q=5.0
2026-06-05 05:41:25,762 INFO: Plan 2: ḡ=5, γE[v]=5.0, Q=10.0
2026-06-05 05:41:25,782 INFO: Plan 6: ḡ=12, γE[v]=2.5, Q=14.5
2026-06-05 05:41:25,783 INFO: Plan 4: ḡ=12, γE[v]=2.5, Q=14.5
2026-06-05 05:41:25,804 INFO: Plan 5: ḡ=12, γE[v]=7.5, Q=19.5
2026-06-05 05:41:25,805 INFO: Plan 7: ḡ=10, γE[v]=7.5, Q=17.5
2026-06-05 05:41:26,218 INFO: Plan 4: ḡ=6, γE[v]=0.0, Q=6.0
2026-06-05 05:41:26,240 INFO: Plan 1: ḡ=12, γE[v]=2.5, Q=14.5
2026-06-05 05:41:26,241 INFO: Plan 0: ḡ=12, γE[v]=2.5, Q=14.5
2026-06-05 05:41:26,264 INFO: Plan 6: ḡ=12, γE[v]=0.0, Q=12.0
2026-06-05 05:41:26,265 INFO: Plan 5: ḡ=12, γE[v]=2.5, Q=14.5
2026-06-05 05:41:26,266 INFO: Plan 2: ḡ=12, γE[v]=7.5, Q=19.5
2026-06-05 05:41:26,267 INFO: Plan 3: ḡ=10, γE[v]=2.5, Q=12.5
2026-06-05 05:41:26,284 INFO: Plan 7: ḡ=12, γE[v]=7.5, Q=19.5
2026-06-05 05:41:31,364 INFO: Plan 1: ḡ=1, γE[v]=0.0, Q=1.0
2026-06-05 05:41:31,384 INFO: Plan 0: ḡ=10, γE[v]=2.5, Q=12.5
2026-06-05 05:41:31,385 INFO: Plan 3: ḡ=3, γE[v]=0.0, Q=3.0
2026-06-05 05:41:31,406 INFO: Plan 6: ḡ=2, γE[v]=0.0, Q=2.0
2026-06-05 05:41:31,407 INFO: Plan 7: ḡ=2, γE[v]=0.0, Q=2.0
2026-06-05 05:41:31,407 INFO: Plan 5: ḡ=1, γE[v]=0.0, Q=1.0
2026-06-05 05:41:31,408 INFO: Plan 2: ḡ=1, γE[v]=0.0, Q=1.0
2026-06-05 05:41:31,409 INFO: Plan 4: ḡ=3, γE[v]=0.0, Q=3.0
2026-06-05 05:41:35,865 INFO: Plan 0: ḡ=12, γE[v]=15.0, Q=27.0
2026-06-05 05:41:35,909 INFO: Plan 1: ḡ=12, γE[v]=7.5, Q=19.5
2026-06-05 05:41:35,910 INFO: Plan 2: ḡ=10, γE[v]=20.0, Q=30.0
2026-06-05 05:41:35,911 INFO: Plan 5: ḡ=12, γE[v]=20.0, Q=32.0
2026-06-05 05:41:35,912 INFO: Plan 3: ḡ=10, γE[v]=20.0, Q=30.0
2026-06-05 05:41:35,913 INFO: Plan 7: ḡ=12, γE[v]=17.5, Q=29.5
2026-06-05 05:41:35,914 INFO: Plan 6: ḡ=10, γE[v]=20.0, Q=30.0
2026-06-05 05:41:35,915 INFO: Plan 4: ḡ=10, γE[v]=20.0, Q=30.0
2026-06-05 05:41:48,247 INFO: Plan 3: ḡ=0, γE[v]=0.0, Q=0.0
2026-06-05 05:41:48,248 INFO: Plan 0: ḡ=0, γE[v]=0.0, Q=0.0
2026-06-05 05:41:48,249 INFO: Plan 1: ḡ=0, γE[v]=0.0, Q=0.0
2026-06-05 05:41:48,265 INFO: Plan 5: ḡ=0, γE[v]=0.0, Q=0.0
2026-06-05 05:41:48,284 INFO: Plan 6: ḡ=0, γE[v]=0.0, Q=0.0
2026-06-05 05:41:48,285 INFO: Plan 4: ḡ=0, γE[v]=0.0, Q=0.0
2026-06-05 05:41:48,286 INFO: Plan 2: ḡ=0, γE[v]=0.0, Q=0.0
2026-06-05 05:41:48,286 INFO: Plan 7: ḡ=0, γE[v]=0.0, Q=0.0
2026-06-05 05:42:05,557 INFO: Plan 1: ḡ=10, γE[v]=0.0, Q=10.0
2026-06-05 05:42:05,558 INFO: Plan 0: ḡ=10, γE[v]=0.0, Q=10.0
2026-06-05 05:42:05,594 INFO: Plan 3: ḡ=10, γE[v]=0.0, Q=10.0
2026-06-05 05:42:05,595 INFO: Plan 4: ḡ=10, γE[v]=0.0, Q=10.0
2026-06-05 05:42:05,596 INFO: Plan 5: ḡ=10, γE[v]=0.0, Q=10.0
2026-06-05 05:42:05,597 INFO: Plan 7: ḡ=10, γE[v]=0.0, Q=10.0
2026-06-05 05:42:05,598 INFO: Plan 6: ḡ=10, γE[v]=0.0, Q=10.0
2026-06-05 05:42:05,599 INFO: Plan 2: ḡ=10, γE[v]=0.0, Q=10.0
2026-06-05 05:43:01,697 INFO: Plan 3: ḡ=49, γE[v]=5.0, Q=54.0
2026-06-05 05:43:01,698 INFO: Plan 7: ḡ=49, γE[v]=7.5, Q=56.5
2026-06-05 05:43:01,699 INFO: Plan 4: ḡ=49, γE[v]=6.5, Q=55.5
2026-06-05 05:43:01,700 INFO: Plan 6: ḡ=49, γE[v]=6.5, Q=55.5
2026-06-05 05:43:01,701 INFO: Plan 2: ḡ=49, γE[v]=7.5, Q=56.5
2026-06-05 05:43:01,702 INFO: Plan 5: ḡ=49, γE[v]=7.5, Q=56.5
2026-06-05 05:43:01,703 INFO: Plan 1: ḡ=49, γE[v]=7.5, Q=56.5
2026-06-05 05:43:01,704 INFO: Plan 0: ḡ=49, γE[v]=7.5, Q=56.5
2026-06-05 05:43:02,745 INFO: Plan 0: ḡ=24, γE[v]=0.0, Q=24.0
2026-06-05 05:43:02,746 INFO: Plan 1: ḡ=24, γE[v]=0.0, Q=24.0
2026-06-05 05:43:02,773 INFO: Plan 3: ḡ=24, γE[v]=0.0, Q=24.0
2026-06-05 05:43:02,774 INFO: Plan 5: ḡ=24, γE[v]=0.0, Q=24.0
2026-06-05 05:43:02,774 INFO: Plan 4: ḡ=24, γE[v]=0.0, Q=24.0
2026-06-05 05:43:02,775 INFO: Plan 2: ḡ=12, γE[v]=2.5, Q=14.5
2026-06-05 05:43:02,776 INFO: Plan 7: ḡ=24, γE[v]=0.0, Q=24.0
2026-06-05 05:43:02,795 INFO: Plan 6: ḡ=12, γE[v]=5.0, Q=17.0
2026-06-05 05:43:03,890 INFO: Plan 6: ḡ=9, γE[v]=0.0, Q=9.0
2026-06-05 05:43:03,891 INFO: Plan 0: ḡ=9, γE[v]=0.0, Q=9.0
2026-06-05 05:43:03,917 INFO: Plan 4: ḡ=9, γE[v]=20.0, Q=29.0
2026-06-05 05:43:03,918 INFO: Plan 1: ḡ=9, γE[v]=15.0, Q=24.0
2026-06-05 05:43:03,919 INFO: Plan 3: ḡ=9, γE[v]=20.0, Q=29.0
2026-06-05 05:43:03,920 INFO: Plan 2: ḡ=9, γE[v]=20.0, Q=29.0
2026-06-05 05:43:03,920 INFO: Plan 5: ḡ=9, γE[v]=20.0, Q=29.0
2026-06-05 05:43:03,921 INFO: Plan 7: ḡ=9, γE[v]=20.0, Q=29.0
2026-06-05 05:43:10,458 INFO: Plan 5: ḡ=5, γE[v]=1.0, Q=6.0
2026-06-05 05:43:10,482 INFO: Plan 7: ḡ=10, γE[v]=2.5, Q=12.5
2026-06-05 05:43:10,483 INFO: Plan 2: ḡ=5, γE[v]=5.0, Q=10.0
2026-06-05 05:43:10,484 INFO: Plan 1: ḡ=10, γE[v]=2.5, Q=12.5
2026-06-05 05:43:10,485 INFO: Plan 6: ḡ=10, γE[v]=2.5, Q=12.5
2026-06-05 05:43:10,486 INFO: Plan 0: ḡ=10, γE[v]=2.5, Q=12.5
2026-06-05 05:43:10,487 INFO: Plan 3: ḡ=10, γE[v]=2.5, Q=12.5
2026-06-05 05:43:10,503 INFO: Plan 4: ḡ=12, γE[v]=7.5, Q=19.5
2026-06-05 05:43:11,817 INFO: Plan 0: ḡ=1, γE[v]=0.0, Q=1.0
2026-06-05 05:43:11,844 INFO: Plan 7: ḡ=3, γE[v]=1.0, Q=4.0
2026-06-05 05:43:11,846 INFO: Plan 4: ḡ=1, γE[v]=0.0, Q=1.0
2026-06-05 05:43:11,847 INFO: Plan 6: ḡ=1, γE[v]=0.0, Q=1.0
2026-06-05 05:43:11,847 INFO: Plan 3: ḡ=3, γE[v]=0.0, Q=3.0
2026-06-05 05:43:11,848 INFO: Plan 2: ḡ=3, γE[v]=0.0, Q=3.0
2026-06-05 05:43:11,849 INFO: Plan 1: ḡ=3, γE[v]=0.0, Q=3.0
2026-06-05 05:43:11,849 INFO: Plan 5: ḡ=3, γE[v]=1.0, Q=4.0
2026-06-05 05:43:16,889 INFO: Plan 4: ḡ=10, γE[v]=20.0, Q=30.0
2026-06-05 05:43:16,889 INFO: Plan 6: ḡ=10, γE[v]=20.0, Q=30.0
2026-06-05 05:43:16,890 INFO: Plan 3: ḡ=10, γE[v]=7.5, Q=17.5
2026-06-05 05:43:16,891 INFO: Plan 1: ḡ=12, γE[v]=15.0, Q=27.0
2026-06-05 05:43:16,891 INFO: Plan 7: ḡ=10, γE[v]=20.0, Q=30.0
2026-06-05 05:43:16,892 INFO: Plan 0: ḡ=10, γE[v]=20.0, Q=30.0
2026-06-05 05:43:16,892 INFO: Plan 5: ḡ=12, γE[v]=15.0, Q=27.0
2026-06-05 05:43:16,892 INFO: Plan 2: ḡ=10, γE[v]=20.0, Q=30.0
2026-06-05 05:43:19,766 INFO: Plan 1: ḡ=0, γE[v]=0.0, Q=0.0
2026-06-05 05:43:19,766 INFO: Plan 3: ḡ=0, γE[v]=0.0, Q=0.0
2026-06-05 05:43:19,767 INFO: Plan 2: ḡ=0, γE[v]=0.0, Q=0.0
2026-06-05 05:43:19,768 INFO: Plan 0: ḡ=0, γE[v]=0.0, Q=0.0
2026-06-05 05:43:19,786 INFO: Plan 5: ḡ=0, γE[v]=0.0, Q=0.0
2026-06-05 05:43:19,787 INFO: Plan 6: ḡ=0, γE[v]=0.0, Q=0.0
2026-06-05 05:43:19,788 INFO: Plan 4: ḡ=0, γE[v]=0.0, Q=0.0
2026-06-05 05:43:19,789 INFO: Plan 7: ḡ=0, γE[v]=0.0, Q=0.0
2026-06-05 05:43:28,018 INFO: Plan 0: ḡ=1, γE[v]=0.0, Q=1.0
2026-06-05 05:43:28,062 INFO: Plan 2: ḡ=1, γE[v]=0.0, Q=1.0
2026-06-05 05:43:28,063 INFO: Plan 7: ḡ=1, γE[v]=0.0, Q=1.0
2026-06-05 05:43:28,063 INFO: Plan 3: ḡ=1, γE[v]=0.0, Q=1.0
2026-06-05 05:43:28,064 INFO: Plan 4: ḡ=1, γE[v]=0.0, Q=1.0
2026-06-05 05:43:28,065 INFO: Plan 5: ḡ=1, γE[v]=0.0, Q=1.0
2026-06-05 05:43:28,066 INFO: Plan 1: ḡ=1, γE[v]=0.0, Q=1.0
2026-06-05 05:43:28,067 INFO: Plan 6: ḡ=1, γE[v]=0.0, Q=1.0
2026-06-05 05:44:34,678 INFO: Plan 0: ḡ=24, γE[v]=0.0, Q=24.0
2026-06-05 05:44:34,701 INFO: Plan 5: ḡ=24, γE[v]=0.0, Q=24.0
2026-06-05 05:44:34,702 INFO: Plan 2: ḡ=24, γE[v]=0.0, Q=24.0
2026-06-05 05:44:34,703 INFO: Plan 1: ḡ=24, γE[v]=0.0, Q=24.0
2026-06-05 05:44:34,725 INFO: Plan 3: ḡ=12, γE[v]=5.0, Q=17.0
2026-06-05 05:44:34,726 INFO: Plan 7: ḡ=12, γE[v]=5.0, Q=17.0
2026-06-05 05:44:34,726 INFO: Plan 4: ḡ=12, γE[v]=5.0, Q=17.0
2026-06-05 05:44:34,727 INFO: Plan 6: ḡ=12, γE[v]=5.0, Q=17.0
2026-06-05 05:44:43,859 INFO: Plan 3: ḡ=49, γE[v]=7.5, Q=56.5
2026-06-05 05:44:43,860 INFO: Plan 1: ḡ=49, γE[v]=7.5, Q=56.5
2026-06-05 05:44:43,860 INFO: Plan 0: ḡ=49, γE[v]=6.5, Q=55.5
2026-06-05 05:44:43,861 INFO: Plan 2: ḡ=49, γE[v]=7.5, Q=56.5
2026-06-05 05:44:43,862 INFO: Plan 4: ḡ=49, γE[v]=6.5, Q=55.5
2026-06-05 05:44:43,885 INFO: Plan 6: ḡ=12, γE[v]=17.5, Q=29.5
2026-06-05 05:44:43,886 INFO: Plan 5: ḡ=49, γE[v]=7.5, Q=56.5
2026-06-05 05:44:43,886 INFO: Plan 7: ḡ=49, γE[v]=7.5, Q=56.5
2026-06-05 05:44:44,671 INFO: Plan 7: ḡ=9, γE[v]=0.0, Q=9.0
2026-06-05 05:44:44,699 INFO: Plan 2: ḡ=9, γE[v]=5.0, Q=14.0
2026-06-05 05:44:44,700 INFO: Plan 5: ḡ=9, γE[v]=20.0, Q=29.0
2026-06-05 05:44:44,726 INFO: Plan 4: ḡ=12, γE[v]=15.0, Q=27.0
2026-06-05 05:44:44,727 INFO: Plan 0: ḡ=12, γE[v]=15.0, Q=27.0
2026-06-05 05:44:44,728 INFO: Plan 6: ḡ=12, γE[v]=20.0, Q=32.0
2026-06-05 05:44:44,729 INFO: Plan 1: ḡ=12, γE[v]=7.5, Q=19.5
2026-06-05 05:44:44,730 INFO: Plan 3: ḡ=12, γE[v]=15.0, Q=27.0
2026-06-05 05:44:52,710 INFO: Plan 5: ḡ=1, γE[v]=0.0, Q=1.0
2026-06-05 05:44:52,711 INFO: Plan 0: ḡ=1, γE[v]=0.0, Q=1.0
2026-06-05 05:44:52,713 INFO: Plan 7: ḡ=1, γE[v]=0.0, Q=1.0
2026-06-05 05:44:52,714 INFO: Plan 2: ḡ=3, γE[v]=0.0, Q=3.0
2026-06-05 05:44:52,714 INFO: Plan 4: ḡ=1, γE[v]=0.0, Q=1.0
2026-06-05 05:44:52,715 INFO: Plan 1: ḡ=1, γE[v]=0.0, Q=1.0
2026-06-05 05:44:52,715 INFO: Plan 6: ḡ=1, γE[v]=0.0, Q=1.0
2026-06-05 05:44:52,716 INFO: Plan 3: ḡ=1, γE[v]=0.0, Q=1.0
2026-06-05 05:44:53,418 INFO: Plan 0: ḡ=12, γE[v]=2.5, Q=14.5
2026-06-05 05:44:53,444 INFO: Plan 6: ḡ=4, γE[v]=1.0, Q=5.0
2026-06-05 05:44:53,445 INFO: Plan 1: ḡ=10, γE[v]=0.0, Q=10.0
2026-06-05 05:44:53,446 INFO: Plan 3: ḡ=12, γE[v]=2.5, Q=14.5
2026-06-05 05:44:53,447 INFO: Plan 7: ḡ=10, γE[v]=2.5, Q=12.5
2026-06-05 05:44:53,448 INFO: Plan 2: ḡ=12, γE[v]=2.5, Q=14.5
2026-06-05 05:44:53,466 INFO: Plan 4: ḡ=10, γE[v]=7.5, Q=17.5
2026-06-05 05:44:53,467 INFO: Plan 5: ḡ=12, γE[v]=7.5, Q=19.5
2026-06-05 05:44:56,988 INFO: Plan 3: ḡ=0, γE[v]=0.0, Q=0.0
2026-06-05 05:44:56,989 INFO: Plan 1: ḡ=0, γE[v]=0.0, Q=0.0
2026-06-05 05:44:56,990 INFO: Plan 0: ḡ=0, γE[v]=0.0, Q=0.0
2026-06-05 05:44:57,008 INFO: Plan 7: ḡ=0, γE[v]=0.0, Q=0.0
2026-06-05 05:44:57,030 INFO: Plan 2: ḡ=5, γE[v]=20.0, Q=25.0
2026-06-05 05:44:57,031 INFO: Plan 5: ḡ=2, γE[v]=7.5, Q=9.5
2026-06-05 05:44:57,032 INFO: Plan 4: ḡ=5, γE[v]=15.0, Q=20.0
2026-06-05 05:44:57,034 INFO: Plan 6: ḡ=2, γE[v]=5.0, Q=7.0
2026-06-05 05:44:59,560 INFO: Plan 0: ḡ=0, γE[v]=0.0, Q=0.0
2026-06-05 05:44:59,582 INFO: Plan 3: ḡ=0, γE[v]=0.0, Q=0.0
2026-06-05 05:44:59,583 INFO: Plan 1: ḡ=0, γE[v]=0.0, Q=0.0
2026-06-05 05:44:59,584 INFO: Plan 2: ḡ=0, γE[v]=0.0, Q=0.0
2026-06-05 05:44:59,585 INFO: Plan 5: ḡ=0, γE[v]=0.0, Q=0.0
2026-06-05 05:44:59,586 INFO: Plan 4: ḡ=0, γE[v]=0.0, Q=0.0
2026-06-05 05:44:59,602 INFO: Plan 7: ḡ=0, γE[v]=0.0, Q=0.0
2026-06-05 05:44:59,603 INFO: Plan 6: ḡ=0, γE[v]=0.0, Q=0.0
2026-06-05 05:45:02,908 INFO: Plan 1: ḡ=0, γE[v]=0.0, Q=0.0
2026-06-05 05:45:02,949 INFO: Plan 5: ḡ=3, γE[v]=0.0, Q=3.0
2026-06-05 05:45:02,952 INFO: Plan 7: ḡ=3, γE[v]=0.0, Q=3.0
2026-06-05 05:45:02,952 INFO: Plan 0: ḡ=3, γE[v]=0.0, Q=3.0
2026-06-05 05:45:02,953 INFO: Plan 6: ḡ=3, γE[v]=0.0, Q=3.0
2026-06-05 05:45:02,954 INFO: Plan 4: ḡ=3, γE[v]=0.0, Q=3.0
2026-06-05 05:45:02,954 INFO: Plan 3: ḡ=3, γE[v]=0.0, Q=3.0
2026-06-05 05:45:02,962 INFO: Plan 2: ḡ=12, γE[v]=0.0, Q=12.0
2026-06-05 05:46:02,816 INFO: Plan 0: ḡ=24, γE[v]=0.0, Q=24.0
2026-06-05 05:46:02,853 INFO: Plan 4: ḡ=24, γE[v]=0.0, Q=24.0
2026-06-05 05:46:02,854 INFO: Plan 1: ḡ=24, γE[v]=0.0, Q=24.0
2026-06-05 05:46:02,872 INFO: Plan 5: ḡ=12, γE[v]=5.0, Q=17.0
2026-06-05 05:46:02,873 INFO: Plan 6: ḡ=12, γE[v]=5.0, Q=17.0
2026-06-05 05:46:02,873 INFO: Plan 7: ḡ=12, γE[v]=5.0, Q=17.0
2026-06-05 05:46:02,874 INFO: Plan 2: ḡ=24, γE[v]=5.0, Q=29.0
2026-06-05 05:46:02,875 INFO: Plan 3: ḡ=12, γE[v]=5.0, Q=17.0
2026-06-05 05:46:22,565 INFO: Plan 0: ḡ=49, γE[v]=7.5, Q=56.5
2026-06-05 05:46:22,593 INFO: Plan 3: ḡ=49, γE[v]=7.5, Q=56.5
2026-06-05 05:46:22,594 INFO: Plan 1: ḡ=49, γE[v]=7.5, Q=56.5
2026-06-05 05:46:22,595 INFO: Plan 2: ḡ=49, γE[v]=7.5, Q=56.5
2026-06-05 05:46:22,596 INFO: Plan 5: ḡ=49, γE[v]=6.5, Q=55.5
2026-06-05 05:46:22,597 INFO: Plan 4: ḡ=49, γE[v]=5.0, Q=54.0
2026-06-05 05:46:22,616 INFO: Plan 6: ḡ=49, γE[v]=7.5, Q=56.5
2026-06-05 05:46:22,617 INFO: Plan 7: ḡ=49, γE[v]=7.5, Q=56.5
2026-06-05 05:46:24,358 INFO: Plan 0: ḡ=12, γE[v]=15.0, Q=27.0
2026-06-05 05:46:24,385 INFO: Plan 7: ḡ=12, γE[v]=20.0, Q=32.0
2026-06-05 05:46:24,386 INFO: Plan 4: ḡ=12, γE[v]=15.0, Q=27.0
2026-06-05 05:46:24,387 INFO: Plan 5: ḡ=12, γE[v]=15.0, Q=27.0
2026-06-05 05:46:24,389 INFO: Plan 2: ḡ=12, γE[v]=17.5, Q=29.5
2026-06-05 05:46:24,389 INFO: Plan 6: ḡ=12, γE[v]=15.0, Q=27.0
2026-06-05 05:46:24,390 INFO: Plan 3: ḡ=12, γE[v]=15.0, Q=27.0
2026-06-05 05:46:24,391 INFO: Plan 1: ḡ=12, γE[v]=15.0, Q=27.0
2026-06-05 05:46:32,954 INFO: Plan 0: ḡ=3, γE[v]=0.0, Q=3.0
2026-06-05 05:46:32,955 INFO: Plan 3: ḡ=1, γE[v]=0.0, Q=1.0
2026-06-05 05:46:32,956 INFO: Plan 7: ḡ=3, γE[v]=0.0, Q=3.0
2026-06-05 05:46:32,957 INFO: Plan 5: ḡ=1, γE[v]=0.0, Q=1.0
2026-06-05 05:46:32,958 INFO: Plan 4: ḡ=3, γE[v]=0.0, Q=3.0
2026-06-05 05:46:32,980 INFO: Plan 1: ḡ=3, γE[v]=5.0, Q=8.0
2026-06-05 05:46:32,981 INFO: Plan 6: ḡ=10, γE[v]=2.5, Q=12.5
2026-06-05 05:46:33,005 INFO: Plan 2: ḡ=12, γE[v]=5.0, Q=17.0
2026-06-05 05:46:36,261 INFO: Plan 2: ḡ=0, γE[v]=0.0, Q=0.0
2026-06-05 05:46:36,262 INFO: Plan 0: ḡ=0, γE[v]=0.0, Q=0.0
2026-06-05 05:46:36,286 INFO: Plan 4: ḡ=0, γE[v]=0.0, Q=0.0
2026-06-05 05:46:36,287 INFO: Plan 7: ḡ=3, γE[v]=0.0, Q=3.0
2026-06-05 05:46:36,288 INFO: Plan 3: ḡ=0, γE[v]=0.0, Q=0.0
2026-06-05 05:46:36,289 INFO: Plan 6: ḡ=0, γE[v]=0.0, Q=0.0
2026-06-05 05:46:36,290 INFO: Plan 5: ḡ=0, γE[v]=0.0, Q=0.0
2026-06-05 05:46:36,306 INFO: Plan 1: ḡ=10, γE[v]=5.0, Q=15.0
2026-06-05 05:46:37,677 INFO: Plan 6: ḡ=5, γE[v]=0.0, Q=5.0
2026-06-05 05:46:37,678 INFO: Plan 1: ḡ=10, γE[v]=2.5, Q=12.5
2026-06-05 05:46:37,680 INFO: Plan 3: ḡ=12, γE[v]=2.5, Q=14.5
2026-06-05 05:46:37,682 INFO: Plan 0: ḡ=12, γE[v]=2.5, Q=14.5
2026-06-05 05:46:37,683 INFO: Plan 4: ḡ=5, γE[v]=5.0, Q=10.0
2026-06-05 05:46:37,696 INFO: Plan 5: ḡ=10, γE[v]=2.5, Q=12.5
2026-06-05 05:46:37,698 INFO: Plan 2: ḡ=12, γE[v]=7.5, Q=19.5
2026-06-05 05:46:37,716 INFO: Plan 7: ḡ=12, γE[v]=7.5, Q=19.5
2026-06-05 05:46:40,404 INFO: Plan 2: ḡ=0, γE[v]=0.0, Q=0.0
2026-06-05 05:46:40,406 INFO: Plan 1: ḡ=0, γE[v]=0.0, Q=0.0
2026-06-05 05:46:40,406 INFO: Plan 0: ḡ=0, γE[v]=0.0, Q=0.0
2026-06-05 05:46:40,425 INFO: Plan 4: ḡ=0, γE[v]=0.0, Q=0.0
2026-06-05 05:46:40,427 INFO: Plan 3: ḡ=0, γE[v]=0.0, Q=0.0
2026-06-05 05:46:40,428 INFO: Plan 7: ḡ=0, γE[v]=0.0, Q=0.0
2026-06-05 05:46:40,429 INFO: Plan 6: ḡ=0, γE[v]=0.0, Q=0.0
2026-06-05 05:46:40,430 INFO: Plan 5: ḡ=0, γE[v]=0.0, Q=0.0
2026-06-05 05:46:40,806 INFO: Plan 1: ḡ=0, γE[v]=0.0, Q=0.0
2026-06-05 05:46:40,843 INFO: Plan 6: ḡ=0, γE[v]=0.0, Q=0.0
2026-06-05 05:46:40,864 INFO: Plan 7: ḡ=2, γE[v]=22.5, Q=24.5
2026-06-05 05:46:40,865 INFO: Plan 0: ḡ=1, γE[v]=5.0, Q=6.0
2026-06-05 05:46:40,866 INFO: Plan 5: ḡ=2, γE[v]=20.0, Q=22.0
2026-06-05 05:46:40,866 INFO: Plan 2: ḡ=2, γE[v]=7.5, Q=9.5
2026-06-05 05:46:40,867 INFO: Plan 3: ḡ=2, γE[v]=22.5, Q=24.5
2026-06-05 05:46:40,868 INFO: Plan 4: ḡ=2, γE[v]=7.5, Q=9.5
2026-06-05 05:47:29,653 INFO: Plan 1: ḡ=12, γE[v]=6.0, Q=18.0
2026-06-05 05:47:29,673 INFO: Plan 2: ḡ=24, γE[v]=0.0, Q=24.0
2026-06-05 05:47:29,674 INFO: Plan 5: ḡ=24, γE[v]=0.0, Q=24.0
2026-06-05 05:47:29,675 INFO: Plan 4: ḡ=24, γE[v]=0.0, Q=24.0
2026-06-05 05:47:29,676 INFO: Plan 0: ḡ=24, γE[v]=0.0, Q=24.0
2026-06-05 05:47:29,691 INFO: Plan 7: ḡ=12, γE[v]=5.0, Q=17.0
2026-06-05 05:47:29,692 INFO: Plan 3: ḡ=12, γE[v]=5.0, Q=17.0
2026-06-05 05:47:29,693 INFO: Plan 6: ḡ=12, γE[v]=6.0, Q=18.0
2026-06-05 05:47:54,779 INFO: Plan 0: ḡ=9, γE[v]=20.0, Q=29.0
2026-06-05 05:47:54,799 INFO: Plan 4: ḡ=9, γE[v]=0.0, Q=9.0
2026-06-05 05:47:54,820 INFO: Plan 5: ḡ=9, γE[v]=20.0, Q=29.0
2026-06-05 05:47:54,821 INFO: Plan 3: ḡ=9, γE[v]=20.0, Q=29.0
2026-06-05 05:47:54,822 INFO: Plan 2: ḡ=9, γE[v]=20.0, Q=29.0
2026-06-05 05:47:54,841 INFO: Plan 7: ḡ=12, γE[v]=15.0, Q=27.0
2026-06-05 05:47:54,842 INFO: Plan 1: ḡ=12, γE[v]=15.0, Q=27.0
2026-06-05 05:47:54,842 INFO: Plan 6: ḡ=12, γE[v]=15.0, Q=27.0
2026-06-05 05:47:57,375 INFO: Plan 0: ḡ=49, γE[v]=5.0, Q=54.0
2026-06-05 05:47:57,376 INFO: Plan 5: ḡ=49, γE[v]=5.0, Q=54.0
2026-06-05 05:47:57,377 INFO: Plan 3: ḡ=49, γE[v]=5.0, Q=54.0
2026-06-05 05:47:57,378 INFO: Plan 1: ḡ=49, γE[v]=5.0, Q=54.0
2026-06-05 05:47:57,414 INFO: Plan 6: ḡ=49, γE[v]=5.0, Q=54.0
2026-06-05 05:47:57,416 INFO: Plan 7: ḡ=49, γE[v]=5.0, Q=54.0
2026-06-05 05:47:57,417 INFO: Plan 4: ḡ=49, γE[v]=7.5, Q=56.5
2026-06-05 05:47:57,417 INFO: Plan 2: ḡ=49, γE[v]=5.0, Q=54.0
2026-06-05 05:48:08,017 INFO: Plan 4: ḡ=3, γE[v]=0.0, Q=3.0
2026-06-05 05:48:08,018 INFO: Plan 1: ḡ=3, γE[v]=0.0, Q=3.0
2026-06-05 05:48:08,019 INFO: Plan 3: ḡ=3, γE[v]=0.0, Q=3.0
2026-06-05 05:48:08,020 INFO: Plan 2: ḡ=3, γE[v]=0.0, Q=3.0
2026-06-05 05:48:08,021 INFO: Plan 5: ḡ=3, γE[v]=0.0, Q=3.0
2026-06-05 05:48:08,022 INFO: Plan 0: ḡ=0, γE[v]=0.0, Q=0.0
2026-06-05 05:48:08,023 INFO: Plan 6: ḡ=3, γE[v]=0.0, Q=3.0
2026-06-05 05:48:08,024 INFO: Plan 7: ḡ=0, γE[v]=0.0, Q=0.0
2026-06-05 05:48:10,834 INFO: Plan 0: ḡ=1, γE[v]=0.0, Q=1.0
2026-06-05 05:48:10,858 INFO: Plan 2: ḡ=2, γE[v]=0.0, Q=2.0
2026-06-05 05:48:10,859 INFO: Plan 3: ḡ=3, γE[v]=0.0, Q=3.0
2026-06-05 05:48:10,884 INFO: Plan 6: ḡ=1, γE[v]=0.0, Q=1.0
2026-06-05 05:48:10,885 INFO: Plan 7: ḡ=1, γE[v]=0.0, Q=1.0
2026-06-05 05:48:10,885 INFO: Plan 1: ḡ=1, γE[v]=0.0, Q=1.0
2026-06-05 05:48:10,886 INFO: Plan 4: ḡ=1, γE[v]=0.0, Q=1.0
2026-06-05 05:48:10,887 INFO: Plan 5: ḡ=3, γE[v]=0.0, Q=3.0
2026-06-05 05:48:20,480 INFO: Plan 0: ḡ=2, γE[v]=22.5, Q=24.5
2026-06-05 05:48:20,481 INFO: Plan 6: ḡ=0, γE[v]=0.0, Q=0.0
2026-06-05 05:48:20,482 INFO: Plan 1: ḡ=1, γE[v]=20.0, Q=21.0
2026-06-05 05:48:20,499 INFO: Plan 3: ḡ=2, γE[v]=7.5, Q=9.5
2026-06-05 05:48:20,500 INFO: Plan 5: ḡ=1, γE[v]=5.0, Q=6.0
2026-06-05 05:48:20,501 INFO: Plan 2: ḡ=2, γE[v]=20.0, Q=22.0
2026-06-05 05:48:20,502 INFO: Plan 4: ḡ=2, γE[v]=7.5, Q=9.5
2026-06-05 05:48:20,503 INFO: Plan 7: ḡ=1, γE[v]=20.0, Q=21.0
2026-06-05 05:48:21,701 INFO: Plan 1: ḡ=0, γE[v]=0.0, Q=0.0
2026-06-05 05:48:21,702 INFO: Plan 0: ḡ=0, γE[v]=0.0, Q=0.0
2026-06-05 05:48:21,722 INFO: Plan 3: ḡ=0, γE[v]=0.0, Q=0.0
2026-06-05 05:48:21,723 INFO: Plan 6: ḡ=0, γE[v]=0.0, Q=0.0
2026-06-05 05:48:21,724 INFO: Plan 4: ḡ=0, γE[v]=0.0, Q=0.0
2026-06-05 05:48:21,725 INFO: Plan 5: ḡ=0, γE[v]=0.0, Q=0.0
2026-06-05 05:48:21,726 INFO: Plan 7: ḡ=0, γE[v]=0.0, Q=0.0
2026-06-05 05:48:21,727 INFO: Plan 2: ḡ=0, γE[v]=0.0, Q=0.0
2026-06-05 05:48:23,490 INFO: Plan 2: ḡ=12, γE[v]=2.5, Q=14.5
2026-06-05 05:48:23,509 INFO: Plan 0: ḡ=5, γE[v]=0.0, Q=5.0
2026-06-05 05:48:23,529 INFO: Plan 3: ḡ=12, γE[v]=2.5, Q=14.5
2026-06-05 05:48:23,530 INFO: Plan 1: ḡ=10, γE[v]=2.5, Q=12.5
2026-06-05 05:48:23,535 INFO: Plan 6: ḡ=12, γE[v]=2.5, Q=14.5
2026-06-05 05:48:23,537 INFO: Plan 7: ḡ=10, γE[v]=2.5, Q=12.5
2026-06-05 05:48:23,538 INFO: Plan 4: ḡ=10, γE[v]=2.5, Q=12.5
2026-06-05 05:48:23,544 INFO: Plan 5: ḡ=12, γE[v]=5.0, Q=17.0
2026-06-05 05:49:01,584 INFO: Plan 0: ḡ=12, γE[v]=5.0, Q=17.0
2026-06-05 05:49:01,603 INFO: Plan 1: ḡ=12, γE[v]=5.0, Q=17.0
2026-06-05 05:49:01,604 INFO: Plan 6: ḡ=24, γE[v]=0.0, Q=24.0
2026-06-05 05:49:01,605 INFO: Plan 7: ḡ=24, γE[v]=0.0, Q=24.0
2026-06-05 05:49:01,620 INFO: Plan 5: ḡ=12, γE[v]=5.0, Q=17.0
2026-06-05 05:49:01,621 INFO: Plan 2: ḡ=24, γE[v]=5.0, Q=29.0
2026-06-05 05:49:01,622 INFO: Plan 3: ḡ=24, γE[v]=5.0, Q=29.0
2026-06-05 05:49:01,623 INFO: Plan 4: ḡ=12, γE[v]=6.0, Q=18.0
2026-06-05 05:49:31,956 INFO: Plan 1: ḡ=9, γE[v]=0.0, Q=9.0
2026-06-05 05:49:31,977 INFO: Plan 2: ḡ=9, γE[v]=20.0, Q=29.0
2026-06-05 05:49:31,978 INFO: Plan 3: ḡ=9, γE[v]=7.5, Q=16.5
2026-06-05 05:49:31,979 INFO: Plan 4: ḡ=9, γE[v]=7.5, Q=16.5
2026-06-05 05:49:31,981 INFO: Plan 7: ḡ=9, γE[v]=20.0, Q=29.0
2026-06-05 05:49:31,998 INFO: Plan 6: ḡ=17, γE[v]=15.0, Q=32.0
2026-06-05 05:49:31,999 INFO: Plan 0: ḡ=17, γE[v]=16.5, Q=33.5
2026-06-05 05:49:32,000 INFO: Plan 5: ḡ=17, γE[v]=16.5, Q=33.5
2026-06-05 05:49:33,881 INFO: Plan 4: ḡ=9, γE[v]=7.5, Q=16.5
2026-06-05 05:49:33,882 INFO: Plan 1: ḡ=12, γE[v]=15.0, Q=27.0
2026-06-05 05:49:33,882 INFO: Plan 7: ḡ=9, γE[v]=20.0, Q=29.0
2026-06-05 05:49:33,883 INFO: Plan 0: ḡ=12, γE[v]=17.5, Q=29.5
2026-06-05 05:49:33,902 INFO: Plan 2: ḡ=12, γE[v]=17.5, Q=29.5
2026-06-05 05:49:33,902 INFO: Plan 6: ḡ=12, γE[v]=15.0, Q=27.0
2026-06-05 05:49:33,903 INFO: Plan 5: ḡ=12, γE[v]=15.0, Q=27.0
2026-06-05 05:49:33,904 INFO: Plan 3: ḡ=12, γE[v]=17.5, Q=29.5
2026-06-05 05:49:39,707 INFO: Plan 0: ḡ=0, γE[v]=0.0, Q=0.0
2026-06-05 05:49:39,708 INFO: Plan 1: ḡ=0, γE[v]=0.0, Q=0.0
2026-06-05 05:49:39,709 INFO: Plan 4: ḡ=0, γE[v]=0.0, Q=0.0
2026-06-05 05:49:39,728 INFO: Plan 6: ḡ=0, γE[v]=0.0, Q=0.0
2026-06-05 05:49:39,730 INFO: Plan 5: ḡ=3, γE[v]=0.0, Q=3.0
2026-06-05 05:49:39,731 INFO: Plan 3: ḡ=12, γE[v]=0.0, Q=12.0
2026-06-05 05:49:39,731 INFO: Plan 2: ḡ=12, γE[v]=0.0, Q=12.0
2026-06-05 05:49:39,732 INFO: Plan 7: ḡ=0, γE[v]=0.0, Q=0.0
2026-06-05 05:49:48,922 INFO: Plan 0: ḡ=1, γE[v]=0.0, Q=1.0
2026-06-05 05:49:48,923 INFO: Plan 1: ḡ=1, γE[v]=0.0, Q=1.0
2026-06-05 05:49:48,924 INFO: Plan 2: ḡ=3, γE[v]=0.0, Q=3.0
2026-06-05 05:49:48,945 INFO: Plan 3: ḡ=1, γE[v]=0.0, Q=1.0
2026-06-05 05:49:48,946 INFO: Plan 5: ḡ=1, γE[v]=0.0, Q=1.0
2026-06-05 05:49:48,947 INFO: Plan 6: ḡ=0, γE[v]=0.0, Q=0.0
2026-06-05 05:49:48,948 INFO: Plan 7: ḡ=1, γE[v]=0.0, Q=1.0
2026-06-05 05:49:48,949 INFO: Plan 4: ḡ=2, γE[v]=0.0, Q=2.0
2026-06-05 05:49:59,529 INFO: Plan 1: ḡ=0, γE[v]=0.0, Q=0.0
2026-06-05 05:49:59,530 INFO: Plan 0: ḡ=0, γE[v]=0.0, Q=0.0
2026-06-05 05:49:59,531 INFO: Plan 2: ḡ=0, γE[v]=0.0, Q=0.0
2026-06-05 05:49:59,554 INFO: Plan 6: ḡ=0, γE[v]=0.0, Q=0.0
2026-06-05 05:49:59,555 INFO: Plan 5: ḡ=0, γE[v]=0.0, Q=0.0
2026-06-05 05:49:59,556 INFO: Plan 4: ḡ=0, γE[v]=0.0, Q=0.0
2026-06-05 05:49:59,557 INFO: Plan 7: ḡ=0, γE[v]=0.0, Q=0.0
2026-06-05 05:49:59,560 INFO: Plan 3: ḡ=0, γE[v]=0.0, Q=0.0
2026-06-05 05:50:01,277 INFO: Plan 0: ḡ=0, γE[v]=0.0, Q=0.0
2026-06-05 05:50:01,301 INFO: Plan 6: ḡ=0, γE[v]=0.0, Q=0.0
2026-06-05 05:50:01,303 INFO: Plan 4: ḡ=0, γE[v]=0.0, Q=0.0
2026-06-05 05:50:01,303 INFO: Plan 3: ḡ=0, γE[v]=0.0, Q=0.0
2026-06-05 05:50:01,304 INFO: Plan 2: ḡ=0, γE[v]=0.0, Q=0.0
2026-06-05 05:50:01,304 INFO: Plan 7: ḡ=0, γE[v]=0.0, Q=0.0
2026-06-05 05:50:01,318 INFO: Plan 1: ḡ=1, γE[v]=5.0, Q=6.0
2026-06-05 05:50:01,319 INFO: Plan 5: ḡ=2, γE[v]=22.5, Q=24.5
2026-06-05 05:50:05,658 INFO: Plan 0: ḡ=5, γE[v]=5.0, Q=10.0
2026-06-05 05:50:05,677 INFO: Plan 1: ḡ=10, γE[v]=2.5, Q=12.5
2026-06-05 05:50:05,678 INFO: Plan 2: ḡ=2, γE[v]=0.0, Q=2.0
2026-06-05 05:50:05,696 INFO: Plan 6: ḡ=10, γE[v]=2.5, Q=12.5
2026-06-05 05:50:05,697 INFO: Plan 5: ḡ=2, γE[v]=5.0, Q=7.0
2026-06-05 05:50:05,698 INFO: Plan 7: ḡ=10, γE[v]=2.5, Q=12.5
2026-06-05 05:50:05,699 INFO: Plan 4: ḡ=10, γE[v]=2.5, Q=12.5
2026-06-05 05:50:05,712 INFO: Plan 3: ḡ=12, γE[v]=5.0, Q=17.0
2026-06-05 05:50:30,977 INFO: Plan 0: ḡ=12, γE[v]=5.0, Q=17.0
2026-06-05 05:50:30,997 INFO: Plan 2: ḡ=24, γE[v]=0.0, Q=24.0
2026-06-05 05:50:30,998 INFO: Plan 7: ḡ=12, γE[v]=2.5, Q=14.5
2026-06-05 05:50:30,999 INFO: Plan 6: ḡ=24, γE[v]=0.0, Q=24.0
2026-06-05 05:50:31,000 INFO: Plan 1: ḡ=12, γE[v]=5.0, Q=17.0
2026-06-05 05:50:31,013 INFO: Plan 5: ḡ=12, γE[v]=5.0, Q=17.0
2026-06-05 05:50:31,015 INFO: Plan 3: ḡ=12, γE[v]=7.5, Q=19.5
2026-06-05 05:50:31,015 INFO: Plan 4: ḡ=12, γE[v]=5.0, Q=17.0
  [41/93] jinja2.environment seed=42: {'cov_qvalue_calib': 66}
  [42/93] jinja2.runtime seed=42: {'cov_qvalue_calib': 66}
2026-06-05 05:51:11,441 INFO: Plan 0: ḡ=18, γE[v]=15.0, Q=33.0
2026-06-05 05:51:11,442 INFO: Plan 1: ḡ=17, γE[v]=15.0, Q=32.0
2026-06-05 05:51:11,464 INFO: Plan 2: ḡ=18, γE[v]=15.0, Q=33.0
2026-06-05 05:51:11,465 INFO: Plan 5: ḡ=17, γE[v]=16.5, Q=33.5
2026-06-05 05:51:11,466 INFO: Plan 4: ḡ=17, γE[v]=16.5, Q=33.5
2026-06-05 05:51:11,467 INFO: Plan 3: ḡ=17, γE[v]=16.5, Q=33.5
2026-06-05 05:51:11,487 INFO: Plan 7: ḡ=17, γE[v]=16.5, Q=33.5
2026-06-05 05:51:11,487 INFO: Plan 6: ḡ=17, γE[v]=15.0, Q=32.0
2026-06-05 05:51:13,714 INFO: Plan 0: ḡ=3, γE[v]=0.0, Q=3.0
2026-06-05 05:51:13,739 INFO: Plan 5: ḡ=3, γE[v]=0.0, Q=3.0
2026-06-05 05:51:13,740 INFO: Plan 6: ḡ=0, γE[v]=0.0, Q=0.0
2026-06-05 05:51:13,741 INFO: Plan 1: ḡ=10, γE[v]=2.5, Q=12.5
2026-06-05 05:51:13,742 INFO: Plan 7: ḡ=3, γE[v]=0.0, Q=3.0
2026-06-05 05:51:13,743 INFO: Plan 3: ḡ=3, γE[v]=0.0, Q=3.0
2026-06-05 05:51:13,744 INFO: Plan 4: ḡ=3, γE[v]=0.0, Q=3.0
2026-06-05 05:51:13,746 INFO: Plan 2: ḡ=6, γE[v]=0.0, Q=6.0
2026-06-05 05:51:19,395 INFO: Plan 0: ḡ=0, γE[v]=0.0, Q=0.0
2026-06-05 05:51:19,396 INFO: Plan 1: ḡ=0, γE[v]=0.0, Q=0.0
2026-06-05 05:51:19,397 INFO: Plan 2: ḡ=0, γE[v]=0.0, Q=0.0
2026-06-05 05:51:19,414 INFO: Plan 6: ḡ=0, γE[v]=0.0, Q=0.0
2026-06-05 05:51:19,415 INFO: Plan 5: ḡ=0, γE[v]=0.0, Q=0.0
2026-06-05 05:51:19,415 INFO: Plan 7: ḡ=0, γE[v]=0.0, Q=0.0
2026-06-05 05:51:19,453 INFO: Plan 4: ḡ=12, γE[v]=7.5, Q=19.5
2026-06-05 05:51:19,454 INFO: Plan 3: ḡ=12, γE[v]=7.5, Q=19.5
2026-06-05 05:51:24,626 INFO: Plan 0: ḡ=2, γE[v]=0.0, Q=2.0
2026-06-05 05:51:24,663 INFO: Plan 4: ḡ=1, γE[v]=0.0, Q=1.0
2026-06-05 05:51:24,664 INFO: Plan 7: ḡ=1, γE[v]=0.0, Q=1.0
2026-06-05 05:51:24,665 INFO: Plan 2: ḡ=1, γE[v]=0.0, Q=1.0
2026-06-05 05:51:24,680 INFO: Plan 1: ḡ=10, γE[v]=7.5, Q=17.5
2026-06-05 05:51:24,682 INFO: Plan 5: ḡ=2, γE[v]=5.0, Q=7.0
2026-06-05 05:51:24,682 INFO: Plan 6: ḡ=10, γE[v]=2.5, Q=12.5
2026-06-05 05:51:24,696 INFO: Plan 3: ḡ=12, γE[v]=5.0, Q=17.0
  [43/93] jinja2.ext seed=42: {'cov_qvalue_calib': 4}
  [44/93] jinja2.parser seed=42: {'cov_qvalue_calib': 13}
  [45/93] jinja2.nodes seed=42: {'cov_qvalue_calib': 11}
2026-06-05 05:51:39,273 INFO: Plan 6: ḡ=3, γE[v]=7.5, Q=10.5
2026-06-05 05:51:39,274 INFO: Plan 0: ḡ=4, γE[v]=6.0, Q=10.0
2026-06-05 05:51:39,274 INFO: Plan 4: ḡ=5, γE[v]=7.5, Q=12.5
2026-06-05 05:51:39,275 INFO: Plan 2: ḡ=4, γE[v]=6.0, Q=10.0
2026-06-05 05:51:39,276 INFO: Plan 7: ḡ=4, γE[v]=6.0, Q=10.0
2026-06-05 05:51:39,277 INFO: Plan 3: ḡ=3, γE[v]=5.0, Q=8.0
2026-06-05 05:51:39,277 INFO: Plan 1: ḡ=4, γE[v]=6.0, Q=10.0
2026-06-05 05:51:39,292 INFO: Plan 5: ḡ=12, γE[v]=7.5, Q=19.5
2026-06-05 05:51:40,997 INFO: Plan 1: ḡ=0, γE[v]=0.0, Q=0.0
2026-06-05 05:51:40,998 INFO: Plan 2: ḡ=0, γE[v]=0.0, Q=0.0
2026-06-05 05:51:41,018 INFO: Plan 4: ḡ=0, γE[v]=0.0, Q=0.0
2026-06-05 05:51:41,019 INFO: Plan 6: ḡ=0, γE[v]=0.0, Q=0.0
2026-06-05 05:51:41,020 INFO: Plan 7: ḡ=0, γE[v]=0.0, Q=0.0
2026-06-05 05:51:41,038 INFO: Plan 0: ḡ=10, γE[v]=15.0, Q=25.0
2026-06-05 05:51:41,058 INFO: Plan 5: ḡ=10, γE[v]=15.0, Q=25.0
2026-06-05 05:51:41,059 INFO: Plan 3: ḡ=10, γE[v]=7.5, Q=17.5
2026-06-05 05:51:48,453 INFO: Plan 5: ḡ=0, γE[v]=0.0, Q=0.0
2026-06-05 05:51:48,454 INFO: Plan 2: ḡ=10, γE[v]=15.0, Q=25.0
2026-06-05 05:51:48,493 INFO: Plan 6: ḡ=10, γE[v]=15.0, Q=25.0
2026-06-05 05:51:48,494 INFO: Plan 4: ḡ=12, γE[v]=7.5, Q=19.5
2026-06-05 05:51:48,495 INFO: Plan 0: ḡ=12, γE[v]=7.5, Q=19.5
2026-06-05 05:51:48,497 INFO: Plan 3: ḡ=12, γE[v]=7.5, Q=19.5
2026-06-05 05:51:48,498 INFO: Plan 1: ḡ=10, γE[v]=7.5, Q=17.5
2026-06-05 05:51:48,498 INFO: Plan 7: ḡ=12, γE[v]=7.5, Q=19.5
2026-06-05 05:52:02,370 INFO: Plan 0: ḡ=12, γE[v]=5.0, Q=17.0
2026-06-05 05:52:02,389 INFO: Plan 5: ḡ=24, γE[v]=0.0, Q=24.0
2026-06-05 05:52:02,390 INFO: Plan 1: ḡ=12, γE[v]=5.0, Q=17.0
2026-06-05 05:52:02,410 INFO: Plan 6: ḡ=12, γE[v]=5.0, Q=17.0
2026-06-05 05:52:02,410 INFO: Plan 2: ḡ=12, γE[v]=5.0, Q=17.0
2026-06-05 05:52:02,412 INFO: Plan 3: ḡ=24, γE[v]=0.0, Q=24.0
2026-06-05 05:52:02,413 INFO: Plan 7: ḡ=24, γE[v]=5.0, Q=29.0
2026-06-05 05:52:02,414 INFO: Plan 4: ḡ=12, γE[v]=5.0, Q=17.0
  [46/93] jinja2.lexer seed=42: {'cov_qvalue_calib': 42}
  [47/93] jinja2.utils seed=42: {'cov_qvalue_calib': 11}
2026-06-05 05:52:47,604 INFO: Plan 0: ḡ=1, γE[v]=0.0, Q=1.0
2026-06-05 05:52:47,631 INFO: Plan 2: ḡ=1, γE[v]=0.0, Q=1.0
2026-06-05 05:52:47,632 INFO: Plan 5: ḡ=1, γE[v]=0.0, Q=1.0
2026-06-05 05:52:47,633 INFO: Plan 3: ḡ=1, γE[v]=0.0, Q=1.0
2026-06-05 05:52:47,634 INFO: Plan 1: ḡ=1, γE[v]=0.0, Q=1.0
2026-06-05 05:52:47,635 INFO: Plan 7: ḡ=1, γE[v]=0.0, Q=1.0
2026-06-05 05:52:47,636 INFO: Plan 6: ḡ=1, γE[v]=0.0, Q=1.0
2026-06-05 05:52:47,637 INFO: Plan 4: ḡ=1, γE[v]=0.0, Q=1.0
2026-06-05 05:52:51,717 INFO: Plan 3: ḡ=10, γE[v]=15.0, Q=25.0
2026-06-05 05:52:51,718 INFO: Plan 0: ḡ=12, γE[v]=7.5, Q=19.5
2026-06-05 05:52:51,719 INFO: Plan 1: ḡ=10, γE[v]=15.0, Q=25.0
2026-06-05 05:52:51,721 INFO: Plan 2: ḡ=10, γE[v]=20.0, Q=30.0
2026-06-05 05:52:51,741 INFO: Plan 4: ḡ=12, γE[v]=9.0, Q=21.0
2026-06-05 05:52:51,742 INFO: Plan 6: ḡ=12, γE[v]=7.5, Q=19.5
2026-06-05 05:52:51,742 INFO: Plan 7: ḡ=10, γE[v]=15.0, Q=25.0
2026-06-05 05:52:51,743 INFO: Plan 5: ḡ=10, γE[v]=20.0, Q=30.0
2026-06-05 05:52:57,362 INFO: Plan 3: ḡ=40, γE[v]=5.0, Q=45.0
2026-06-05 05:52:57,363 INFO: Plan 1: ḡ=35, γE[v]=7.5, Q=42.5
2026-06-05 05:52:57,383 INFO: Plan 2: ḡ=40, γE[v]=5.0, Q=45.0
2026-06-05 05:52:57,385 INFO: Plan 0: ḡ=56, γE[v]=5.0, Q=61.0
2026-06-05 05:52:57,386 INFO: Plan 4: ḡ=40, γE[v]=5.0, Q=45.0
2026-06-05 05:52:57,386 INFO: Plan 5: ḡ=35, γE[v]=7.5, Q=42.5
2026-06-05 05:52:57,401 INFO: Plan 6: ḡ=35, γE[v]=7.5, Q=42.5
2026-06-05 05:52:57,402 INFO: Plan 7: ḡ=35, γE[v]=7.5, Q=42.5
2026-06-05 05:52:58,559 INFO: Plan 0: ḡ=5, γE[v]=0.0, Q=5.0
2026-06-05 05:52:58,595 INFO: Plan 4: ḡ=5, γE[v]=0.0, Q=5.0
2026-06-05 05:52:58,615 INFO: Plan 6: ḡ=10, γE[v]=2.5, Q=12.5
2026-06-05 05:52:58,616 INFO: Plan 5: ḡ=12, γE[v]=2.5, Q=14.5
2026-06-05 05:52:58,617 INFO: Plan 3: ḡ=12, γE[v]=2.5, Q=14.5
2026-06-05 05:52:58,618 INFO: Plan 7: ḡ=5, γE[v]=5.0, Q=10.0
2026-06-05 05:52:58,619 INFO: Plan 2: ḡ=12, γE[v]=2.5, Q=14.5
2026-06-05 05:52:58,619 INFO: Plan 1: ḡ=10, γE[v]=2.5, Q=12.5
  [48/93] jinja2.loaders seed=42: {'cov_qvalue_calib': 24}
2026-06-05 05:53:20,473 INFO: Plan 0: ḡ=45, γE[v]=17.5, Q=62.5
2026-06-05 05:53:20,498 INFO: Plan 1: ḡ=45, γE[v]=7.5, Q=52.5
2026-06-05 05:53:20,499 INFO: Plan 7: ḡ=45, γE[v]=17.5, Q=62.5
2026-06-05 05:53:20,499 INFO: Plan 2: ḡ=45, γE[v]=10.0, Q=55.0
2026-06-05 05:53:20,500 INFO: Plan 6: ḡ=45, γE[v]=7.5, Q=52.5
2026-06-05 05:53:20,501 INFO: Plan 4: ḡ=12, γE[v]=20.0, Q=32.0
2026-06-05 05:53:20,502 INFO: Plan 5: ḡ=45, γE[v]=15.0, Q=60.0
2026-06-05 05:53:20,503 INFO: Plan 3: ḡ=45, γE[v]=17.5, Q=62.5
2026-06-05 05:53:33,583 INFO: Plan 1: ḡ=0, γE[v]=0.0, Q=0.0
2026-06-05 05:53:33,584 INFO: Plan 2: ḡ=1, γE[v]=0.0, Q=1.0
2026-06-05 05:53:33,585 INFO: Plan 0: ḡ=1, γE[v]=0.0, Q=1.0
2026-06-05 05:53:33,623 INFO: Plan 5: ḡ=10, γE[v]=10.0, Q=20.0
2026-06-05 05:53:33,624 INFO: Plan 3: ḡ=12, γE[v]=7.5, Q=19.5
2026-06-05 05:53:33,643 INFO: Plan 7: ḡ=1, γE[v]=24.5, Q=25.5
2026-06-05 05:53:33,644 INFO: Plan 6: ḡ=1, γE[v]=5.0, Q=6.0
2026-06-05 05:53:33,663 INFO: Plan 4: ḡ=12, γE[v]=7.5, Q=19.5
2026-06-05 05:53:37,361 INFO: Plan 0: ḡ=12, γE[v]=7.5, Q=19.5
2026-06-05 05:53:37,380 INFO: Plan 2: ḡ=12, γE[v]=4.0, Q=16.0
2026-06-05 05:53:37,400 INFO: Plan 6: ḡ=12, γE[v]=7.5, Q=19.5
2026-06-05 05:53:37,401 INFO: Plan 5: ḡ=12, γE[v]=7.5, Q=19.5
2026-06-05 05:53:37,402 INFO: Plan 3: ḡ=12, γE[v]=7.5, Q=19.5
2026-06-05 05:53:37,403 INFO: Plan 1: ḡ=12, γE[v]=7.5, Q=19.5
2026-06-05 05:53:37,404 INFO: Plan 7: ḡ=12, γE[v]=7.5, Q=19.5
2026-06-05 05:53:37,405 INFO: Plan 4: ḡ=12, γE[v]=7.5, Q=19.5
2026-06-05 05:54:26,171 INFO: Plan 5: ḡ=69, γE[v]=5.0, Q=74.0
2026-06-05 05:54:26,172 INFO: Plan 6: ḡ=35, γE[v]=7.5, Q=42.5
2026-06-05 05:54:26,173 INFO: Plan 4: ḡ=35, γE[v]=7.5, Q=42.5
2026-06-05 05:54:26,174 INFO: Plan 1: ḡ=25, γE[v]=7.5, Q=32.5
2026-06-05 05:54:26,175 INFO: Plan 3: ḡ=45, γE[v]=5.0, Q=50.0
2026-06-05 05:54:26,175 INFO: Plan 2: ḡ=35, γE[v]=7.5, Q=42.5
2026-06-05 05:54:26,177 INFO: Plan 7: ḡ=45, γE[v]=7.5, Q=52.5
2026-06-05 05:54:26,178 INFO: Plan 0: ḡ=45, γE[v]=5.0, Q=50.0
2026-06-05 05:54:26,281 INFO: Plan 0: ḡ=15, γE[v]=15.0, Q=30.0
2026-06-05 05:54:26,307 INFO: Plan 3: ḡ=15, γE[v]=15.0, Q=30.0
2026-06-05 05:54:26,309 INFO: Plan 2: ḡ=25, γE[v]=7.5, Q=32.5
2026-06-05 05:54:26,311 INFO: Plan 6: ḡ=15, γE[v]=10.0, Q=25.0
2026-06-05 05:54:26,312 INFO: Plan 5: ḡ=10, γE[v]=20.0, Q=30.0
2026-06-05 05:54:26,313 INFO: Plan 1: ḡ=10, γE[v]=7.5, Q=17.5
2026-06-05 05:54:26,314 INFO: Plan 4: ḡ=25, γE[v]=15.0, Q=40.0
2026-06-05 05:54:26,315 INFO: Plan 7: ḡ=15, γE[v]=10.0, Q=25.0
2026-06-05 05:54:26,919 INFO: Plan 3: ḡ=2, γE[v]=0.0, Q=2.0
2026-06-05 05:54:26,920 INFO: Plan 1: ḡ=5, γE[v]=1.0, Q=6.0
2026-06-05 05:54:26,921 INFO: Plan 6: ḡ=5, γE[v]=0.0, Q=5.0
2026-06-05 05:54:26,922 INFO: Plan 4: ḡ=5, γE[v]=0.0, Q=5.0
2026-06-05 05:54:26,923 INFO: Plan 7: ḡ=2, γE[v]=0.0, Q=2.0
2026-06-05 05:54:26,924 INFO: Plan 2: ḡ=5, γE[v]=5.0, Q=10.0
2026-06-05 05:54:26,940 INFO: Plan 5: ḡ=5, γE[v]=5.0, Q=10.0
2026-06-05 05:54:26,941 INFO: Plan 0: ḡ=5, γE[v]=7.5, Q=12.5
2026-06-05 05:54:33,672 INFO: Plan 5: ḡ=0, γE[v]=0.0, Q=0.0
2026-06-05 05:54:33,673 INFO: Plan 7: ḡ=0, γE[v]=0.0, Q=0.0
2026-06-05 05:54:33,692 INFO: Plan 0: ḡ=40, γE[v]=5.0, Q=45.0
2026-06-05 05:54:33,693 INFO: Plan 3: ḡ=40, γE[v]=5.0, Q=45.0
2026-06-05 05:54:33,694 INFO: Plan 2: ḡ=40, γE[v]=5.0, Q=45.0
2026-06-05 05:54:33,695 INFO: Plan 1: ḡ=40, γE[v]=5.0, Q=45.0
2026-06-05 05:54:33,712 INFO: Plan 4: ḡ=40, γE[v]=5.0, Q=45.0
2026-06-05 05:54:33,713 INFO: Plan 6: ḡ=10, γE[v]=15.0, Q=25.0
2026-06-05 05:54:34,989 INFO: Plan 0: ḡ=10, γE[v]=15.0, Q=25.0
2026-06-05 05:54:34,990 INFO: Plan 6: ḡ=0, γE[v]=0.0, Q=0.0
2026-06-05 05:54:34,992 INFO: Plan 4: ḡ=0, γE[v]=0.0, Q=0.0
2026-06-05 05:54:35,007 INFO: Plan 1: ḡ=10, γE[v]=10.0, Q=20.0
2026-06-05 05:54:35,026 INFO: Plan 3: ḡ=10, γE[v]=15.0, Q=25.0
2026-06-05 05:54:35,027 INFO: Plan 2: ḡ=12, γE[v]=7.5, Q=19.5
2026-06-05 05:54:35,029 INFO: Plan 7: ḡ=10, γE[v]=10.0, Q=20.0
2026-06-05 05:54:35,029 INFO: Plan 5: ḡ=10, γE[v]=15.0, Q=25.0
2026-06-05 05:54:54,708 INFO: Plan 0: ḡ=45, γE[v]=10.0, Q=55.0
2026-06-05 05:54:54,747 INFO: Plan 3: ḡ=45, γE[v]=10.0, Q=55.0
2026-06-05 05:54:54,748 INFO: Plan 4: ḡ=45, γE[v]=10.0, Q=55.0
2026-06-05 05:54:54,751 INFO: Plan 2: ḡ=63, γE[v]=9.0, Q=72.0
2026-06-05 05:54:54,751 INFO: Plan 5: ḡ=45, γE[v]=10.0, Q=55.0
2026-06-05 05:54:54,752 INFO: Plan 6: ḡ=63, γE[v]=9.0, Q=72.0
2026-06-05 05:54:54,752 INFO: Plan 7: ḡ=45, γE[v]=15.0, Q=60.0
2026-06-05 05:54:54,753 INFO: Plan 1: ḡ=45, γE[v]=10.0, Q=55.0
2026-06-05 05:55:20,801 INFO: Plan 1: ḡ=10, γE[v]=7.5, Q=17.5
2026-06-05 05:55:20,821 INFO: Plan 7: ḡ=41, γE[v]=4.5, Q=45.5
2026-06-05 05:55:20,822 INFO: Plan 0: ḡ=41, γE[v]=5.0, Q=46.0
2026-06-05 05:55:20,823 INFO: Plan 5: ḡ=41, γE[v]=4.5, Q=45.5
2026-06-05 05:55:20,840 INFO: Plan 2: ḡ=37, γE[v]=5.0, Q=42.0
2026-06-05 05:55:20,841 INFO: Plan 3: ḡ=41, γE[v]=5.0, Q=46.0
2026-06-05 05:55:20,841 INFO: Plan 4: ḡ=10, γE[v]=7.5, Q=17.5
2026-06-05 05:55:20,842 INFO: Plan 6: ḡ=12, γE[v]=7.5, Q=19.5
2026-06-05 05:55:54,158 INFO: Plan 1: ḡ=5, γE[v]=1.0, Q=6.0
2026-06-05 05:55:54,181 INFO: Plan 5: ḡ=5, γE[v]=0.0, Q=5.0
2026-06-05 05:55:54,182 INFO: Plan 6: ḡ=5, γE[v]=0.0, Q=5.0
2026-06-05 05:55:54,184 INFO: Plan 4: ḡ=5, γE[v]=0.0, Q=5.0
2026-06-05 05:55:54,184 INFO: Plan 0: ḡ=5, γE[v]=0.0, Q=5.0
2026-06-05 05:55:54,185 INFO: Plan 2: ḡ=5, γE[v]=0.0, Q=5.0
2026-06-05 05:55:54,186 INFO: Plan 7: ḡ=5, γE[v]=0.0, Q=5.0
2026-06-05 05:55:54,198 INFO: Plan 3: ḡ=5, γE[v]=5.0, Q=10.0
2026-06-05 05:55:54,763 INFO: Plan 1: ḡ=12, γE[v]=7.5, Q=19.5
2026-06-05 05:55:54,764 INFO: Plan 3: ḡ=12, γE[v]=7.5, Q=19.5
2026-06-05 05:55:54,765 INFO: Plan 0: ḡ=12, γE[v]=7.5, Q=19.5
2026-06-05 05:55:54,766 INFO: Plan 6: ḡ=5, γE[v]=7.5, Q=12.5
2026-06-05 05:55:54,767 INFO: Plan 7: ḡ=12, γE[v]=2.5, Q=14.5
2026-06-05 05:55:54,773 INFO: Plan 5: ḡ=12, γE[v]=7.5, Q=19.5
2026-06-05 05:55:54,774 INFO: Plan 4: ḡ=12, γE[v]=7.5, Q=19.5
2026-06-05 05:55:54,775 INFO: Plan 2: ḡ=10, γE[v]=10.0, Q=20.0
2026-06-05 05:55:57,797 INFO: Plan 1: ḡ=17, γE[v]=2.5, Q=19.5
2026-06-05 05:55:57,815 INFO: Plan 0: ḡ=17, γE[v]=5.0, Q=22.0
2026-06-05 05:55:57,833 INFO: Plan 2: ḡ=13, γE[v]=2.5, Q=15.5
2026-06-05 05:55:57,852 INFO: Plan 5: ḡ=17, γE[v]=5.0, Q=22.0
2026-06-05 05:55:57,853 INFO: Plan 6: ḡ=17, γE[v]=6.0, Q=23.0
2026-06-05 05:55:57,854 INFO: Plan 4: ḡ=13, γE[v]=5.0, Q=18.0
2026-06-05 05:55:57,855 INFO: Plan 3: ḡ=17, γE[v]=5.0, Q=22.0
2026-06-05 05:55:57,856 INFO: Plan 7: ḡ=13, γE[v]=5.0, Q=18.0
2026-06-05 05:56:14,679 INFO: Plan 0: ḡ=10, γE[v]=15.0, Q=25.0
2026-06-05 05:56:14,680 INFO: Plan 1: ḡ=10, γE[v]=10.0, Q=20.0
2026-06-05 05:56:14,701 INFO: Plan 5: ḡ=12, γE[v]=15.0, Q=27.0
2026-06-05 05:56:14,702 INFO: Plan 3: ḡ=10, γE[v]=15.0, Q=25.0
2026-06-05 05:56:14,703 INFO: Plan 2: ḡ=10, γE[v]=10.0, Q=20.0
2026-06-05 05:56:14,705 INFO: Plan 6: ḡ=10, γE[v]=15.0, Q=25.0
2026-06-05 05:56:14,705 INFO: Plan 7: ḡ=10, γE[v]=10.0, Q=20.0
2026-06-05 05:56:14,705 INFO: Plan 4: ḡ=12, γE[v]=7.5, Q=19.5
2026-06-05 05:56:20,557 INFO: Plan 2: ḡ=57, γE[v]=0.0, Q=57.0
2026-06-05 05:56:20,558 INFO: Plan 0: ḡ=57, γE[v]=0.0, Q=57.0
2026-06-05 05:56:20,578 INFO: Plan 5: ḡ=57, γE[v]=0.0, Q=57.0
2026-06-05 05:56:20,579 INFO: Plan 7: ḡ=57, γE[v]=0.0, Q=57.0
2026-06-05 05:56:20,580 INFO: Plan 1: ḡ=40, γE[v]=5.0, Q=45.0
2026-06-05 05:56:20,580 INFO: Plan 3: ḡ=57, γE[v]=5.0, Q=62.0
2026-06-05 05:56:20,600 INFO: Plan 6: ḡ=45, γE[v]=5.0, Q=50.0
2026-06-05 05:56:20,602 INFO: Plan 4: ḡ=40, γE[v]=5.0, Q=45.0
2026-06-05 05:56:30,016 INFO: Plan 6: ḡ=6, γE[v]=0.0, Q=6.0
2026-06-05 05:56:30,017 INFO: Plan 0: ḡ=63, γE[v]=11.0, Q=74.0
2026-06-05 05:56:30,035 INFO: Plan 5: ḡ=85, γE[v]=0.0, Q=85.0
2026-06-05 05:56:30,036 INFO: Plan 7: ḡ=6, γE[v]=39.5, Q=45.5
2026-06-05 05:56:30,053 INFO: Plan 4: ḡ=12, γE[v]=35.0, Q=47.0
2026-06-05 05:56:30,053 INFO: Plan 2: ḡ=25, γE[v]=15.0, Q=40.0
2026-06-05 05:56:30,054 INFO: Plan 3: ḡ=12, γE[v]=25.0, Q=37.0
2026-06-05 05:56:30,055 INFO: Plan 1: ḡ=12, γE[v]=30.0, Q=42.0
2026-06-05 05:56:59,804 INFO: Plan 0: ḡ=0, γE[v]=0.0, Q=0.0
2026-06-05 05:56:59,845 INFO: Plan 3: ḡ=10, γE[v]=7.5, Q=17.5
2026-06-05 05:56:59,846 INFO: Plan 1: ḡ=10, γE[v]=10.0, Q=20.0
2026-06-05 05:56:59,847 INFO: Plan 2: ḡ=10, γE[v]=7.5, Q=17.5
2026-06-05 05:56:59,865 INFO: Plan 5: ḡ=10, γE[v]=7.5, Q=17.5
2026-06-05 05:56:59,866 INFO: Plan 7: ḡ=10, γE[v]=7.5, Q=17.5
2026-06-05 05:56:59,867 INFO: Plan 4: ḡ=10, γE[v]=7.5, Q=17.5
2026-06-05 05:56:59,869 INFO: Plan 6: ḡ=10, γE[v]=7.5, Q=17.5
2026-06-05 05:57:05,150 INFO: Plan 5: ḡ=0, γE[v]=0.0, Q=0.0
2026-06-05 05:57:05,171 INFO: Plan 0: ḡ=15, γE[v]=15.0, Q=30.0
2026-06-05 05:57:05,171 INFO: Plan 1: ḡ=10, γE[v]=7.5, Q=17.5
2026-06-05 05:57:05,192 INFO: Plan 6: ḡ=12, γE[v]=7.5, Q=19.5
2026-06-05 05:57:05,193 INFO: Plan 2: ḡ=15, γE[v]=10.0, Q=25.0
2026-06-05 05:57:05,194 INFO: Plan 4: ḡ=15, γE[v]=10.0, Q=25.0
2026-06-05 05:57:05,194 INFO: Plan 7: ḡ=15, γE[v]=10.0, Q=25.0
2026-06-05 05:57:05,195 INFO: Plan 3: ḡ=12, γE[v]=7.5, Q=19.5
2026-06-05 05:57:13,903 INFO: Plan 0: ḡ=5, γE[v]=0.0, Q=5.0
2026-06-05 05:57:13,946 INFO: Plan 6: ḡ=2, γE[v]=0.0, Q=2.0
2026-06-05 05:57:13,947 INFO: Plan 7: ḡ=5, γE[v]=0.0, Q=5.0
2026-06-05 05:57:13,952 INFO: Plan 4: ḡ=5, γE[v]=0.0, Q=5.0
2026-06-05 05:57:13,965 INFO: Plan 5: ḡ=5, γE[v]=5.0, Q=10.0
2026-06-05 05:57:13,966 INFO: Plan 3: ḡ=12, γE[v]=2.5, Q=14.5
2026-06-05 05:57:13,985 INFO: Plan 2: ḡ=10, γE[v]=7.5, Q=17.5
2026-06-05 05:57:13,986 INFO: Plan 1: ḡ=12, γE[v]=5.0, Q=17.0
2026-06-05 05:57:21,658 INFO: Plan 0: ḡ=17, γE[v]=2.5, Q=19.5
2026-06-05 05:57:21,716 INFO: Plan 4: ḡ=13, γE[v]=5.0, Q=18.0
2026-06-05 05:57:21,717 INFO: Plan 2: ḡ=17, γE[v]=5.0, Q=22.0
2026-06-05 05:57:21,718 INFO: Plan 5: ḡ=17, γE[v]=5.0, Q=22.0
2026-06-05 05:57:21,719 INFO: Plan 1: ḡ=17, γE[v]=5.0, Q=22.0
2026-06-05 05:57:21,720 INFO: Plan 3: ḡ=17, γE[v]=5.0, Q=22.0
2026-06-05 05:57:21,731 INFO: Plan 7: ḡ=17, γE[v]=5.0, Q=22.0
2026-06-05 05:57:21,732 INFO: Plan 6: ḡ=17, γE[v]=5.0, Q=22.0
2026-06-05 05:57:52,377 INFO: Plan 0: ḡ=10, γE[v]=15.0, Q=25.0
2026-06-05 05:57:52,414 INFO: Plan 6: ḡ=10, γE[v]=15.0, Q=25.0
2026-06-05 05:57:52,415 INFO: Plan 2: ḡ=10, γE[v]=15.0, Q=25.0
2026-06-05 05:57:52,416 INFO: Plan 3: ḡ=12, γE[v]=7.5, Q=19.5
2026-06-05 05:57:52,417 INFO: Plan 4: ḡ=10, γE[v]=10.0, Q=20.0
2026-06-05 05:57:52,417 INFO: Plan 7: ḡ=10, γE[v]=15.0, Q=25.0
2026-06-05 05:57:52,418 INFO: Plan 5: ḡ=10, γE[v]=15.0, Q=25.0
2026-06-05 05:57:52,419 INFO: Plan 1: ḡ=10, γE[v]=10.0, Q=20.0
2026-06-05 05:58:06,496 INFO: Plan 0: ḡ=45, γE[v]=17.5, Q=62.5
2026-06-05 05:58:06,518 INFO: Plan 2: ḡ=25, γE[v]=19.0, Q=44.0
2026-06-05 05:58:06,519 INFO: Plan 1: ḡ=40, γE[v]=15.0, Q=55.0
2026-06-05 05:58:06,520 INFO: Plan 3: ḡ=63, γE[v]=11.5, Q=74.5
2026-06-05 05:58:06,539 INFO: Plan 6: ḡ=40, γE[v]=20.0, Q=60.0
2026-06-05 05:58:06,540 INFO: Plan 5: ḡ=45, γE[v]=17.5, Q=62.5
2026-06-05 05:58:06,541 INFO: Plan 4: ḡ=25, γE[v]=15.0, Q=40.0
2026-06-05 05:58:06,542 INFO: Plan 7: ḡ=45, γE[v]=17.5, Q=62.5
2026-06-05 05:58:13,893 INFO: Plan 5: ḡ=57, γE[v]=0.0, Q=57.0
2026-06-05 05:58:13,894 INFO: Plan 2: ḡ=57, γE[v]=0.0, Q=57.0
2026-06-05 05:58:13,915 INFO: Plan 4: ḡ=57, γE[v]=10.0, Q=67.0
2026-06-05 05:58:13,916 INFO: Plan 0: ḡ=57, γE[v]=5.0, Q=62.0
2026-06-05 05:58:13,916 INFO: Plan 7: ḡ=57, γE[v]=0.0, Q=57.0
2026-06-05 05:58:13,917 INFO: Plan 3: ḡ=40, γE[v]=5.0, Q=45.0
2026-06-05 05:58:13,917 INFO: Plan 1: ḡ=40, γE[v]=5.0, Q=45.0
2026-06-05 05:58:13,931 INFO: Plan 6: ḡ=40, γE[v]=5.0, Q=45.0
2026-06-05 05:58:22,102 INFO: Plan 1: ḡ=2, γE[v]=5.0, Q=7.0
2026-06-05 05:58:22,121 INFO: Plan 5: ḡ=0, γE[v]=0.0, Q=0.0
2026-06-05 05:58:22,122 INFO: Plan 0: ḡ=12, γE[v]=7.5, Q=19.5
2026-06-05 05:58:22,123 INFO: Plan 3: ḡ=0, γE[v]=0.0, Q=0.0
2026-06-05 05:58:22,124 INFO: Plan 2: ḡ=0, γE[v]=0.0, Q=0.0
2026-06-05 05:58:22,139 INFO: Plan 4: ḡ=12, γE[v]=7.5, Q=19.5
2026-06-05 05:58:22,139 INFO: Plan 6: ḡ=5, γE[v]=5.0, Q=10.0
2026-06-05 05:58:22,155 INFO: Plan 7: ḡ=12, γE[v]=7.5, Q=19.5
2026-06-05 05:58:42,837 INFO: Plan 0: ḡ=5, γE[v]=0.0, Q=5.0
2026-06-05 05:58:42,838 INFO: Plan 2: ḡ=5, γE[v]=0.0, Q=5.0
2026-06-05 05:58:42,839 INFO: Plan 1: ḡ=5, γE[v]=0.0, Q=5.0
2026-06-05 05:58:42,839 INFO: Plan 3: ḡ=5, γE[v]=0.0, Q=5.0
2026-06-05 05:58:42,858 INFO: Plan 4: ḡ=5, γE[v]=0.0, Q=5.0
2026-06-05 05:58:42,880 INFO: Plan 6: ḡ=12, γE[v]=2.5, Q=14.5
2026-06-05 05:58:42,880 INFO: Plan 5: ḡ=5, γE[v]=5.0, Q=10.0
2026-06-05 05:58:42,899 INFO: Plan 7: ḡ=10, γE[v]=7.5, Q=17.5
2026-06-05 05:58:45,820 INFO: Plan 2: ḡ=0, γE[v]=0.0, Q=0.0
2026-06-05 05:58:45,861 INFO: Plan 0: ḡ=10, γE[v]=7.5, Q=17.5
2026-06-05 05:58:45,863 INFO: Plan 1: ḡ=10, γE[v]=7.5, Q=17.5
2026-06-05 05:58:45,883 INFO: Plan 3: ḡ=10, γE[v]=7.5, Q=17.5
2026-06-05 05:58:45,884 INFO: Plan 4: ḡ=10, γE[v]=7.5, Q=17.5
2026-06-05 05:58:45,885 INFO: Plan 5: ḡ=10, γE[v]=7.5, Q=17.5
2026-06-05 05:58:45,886 INFO: Plan 7: ḡ=12, γE[v]=7.5, Q=19.5
2026-06-05 05:58:45,887 INFO: Plan 6: ḡ=12, γE[v]=7.5, Q=19.5
2026-06-05 05:58:50,730 INFO: Plan 0: ḡ=15, γE[v]=5.0, Q=20.0
2026-06-05 05:58:50,748 INFO: Plan 1: ḡ=13, γE[v]=5.0, Q=18.0
2026-06-05 05:58:50,769 INFO: Plan 4: ḡ=15, γE[v]=5.0, Q=20.0
2026-06-05 05:58:50,769 INFO: Plan 5: ḡ=15, γE[v]=5.0, Q=20.0
2026-06-05 05:58:50,770 INFO: Plan 6: ḡ=15, γE[v]=5.0, Q=20.0
2026-06-05 05:58:50,771 INFO: Plan 7: ḡ=15, γE[v]=5.0, Q=20.0
2026-06-05 05:58:50,772 INFO: Plan 3: ḡ=15, γE[v]=5.0, Q=20.0
2026-06-05 05:58:50,773 INFO: Plan 2: ḡ=15, γE[v]=5.0, Q=20.0
2026-06-05 05:59:32,901 INFO: Plan 0: ḡ=10, γE[v]=15.0, Q=25.0
2026-06-05 05:59:32,925 INFO: Plan 2: ḡ=12, γE[v]=7.5, Q=19.5
2026-06-05 05:59:32,928 INFO: Plan 4: ḡ=12, γE[v]=7.5, Q=19.5
2026-06-05 05:59:32,929 INFO: Plan 3: ḡ=15, γE[v]=10.0, Q=25.0
2026-06-05 05:59:32,930 INFO: Plan 7: ḡ=10, γE[v]=10.0, Q=20.0
2026-06-05 05:59:32,930 INFO: Plan 5: ḡ=15, γE[v]=10.0, Q=25.0
2026-06-05 05:59:32,931 INFO: Plan 1: ḡ=12, γE[v]=7.5, Q=19.5
2026-06-05 05:59:32,931 INFO: Plan 6: ḡ=10, γE[v]=7.5, Q=17.5
2026-06-05 05:59:36,743 INFO: Plan 4: ḡ=10, γE[v]=15.0, Q=25.0
2026-06-05 05:59:36,744 INFO: Plan 0: ḡ=12, γE[v]=15.0, Q=27.0
2026-06-05 05:59:36,745 INFO: Plan 2: ḡ=10, γE[v]=15.0, Q=25.0
2026-06-05 05:59:36,746 INFO: Plan 1: ḡ=10, γE[v]=15.0, Q=25.0
2026-06-05 05:59:36,763 INFO: Plan 6: ḡ=10, γE[v]=15.0, Q=25.0
2026-06-05 05:59:36,764 INFO: Plan 3: ḡ=10, γE[v]=7.5, Q=17.5
2026-06-05 05:59:36,764 INFO: Plan 7: ḡ=10, γE[v]=10.0, Q=20.0
2026-06-05 05:59:36,765 INFO: Plan 5: ḡ=10, γE[v]=10.0, Q=20.0
2026-06-05 05:59:42,424 INFO: Plan 0: ḡ=45, γE[v]=15.0, Q=60.0
2026-06-05 05:59:42,466 INFO: Plan 5: ḡ=63, γE[v]=11.5, Q=74.5
2026-06-05 05:59:42,467 INFO: Plan 2: ḡ=45, γE[v]=17.5, Q=62.5
2026-06-05 05:59:42,467 INFO: Plan 3: ḡ=45, γE[v]=17.5, Q=62.5
2026-06-05 05:59:42,468 INFO: Plan 6: ḡ=45, γE[v]=10.0, Q=55.0
2026-06-05 05:59:42,468 INFO: Plan 7: ḡ=45, γE[v]=17.5, Q=62.5
2026-06-05 05:59:42,469 INFO: Plan 4: ḡ=45, γE[v]=15.0, Q=60.0
2026-06-05 05:59:42,469 INFO: Plan 1: ḡ=45, γE[v]=17.5, Q=62.5
2026-06-05 06:00:09,131 INFO: Plan 1: ḡ=35, γE[v]=7.5, Q=42.5
2026-06-05 06:00:09,132 INFO: Plan 0: ḡ=45, γE[v]=5.0, Q=50.0
2026-06-05 06:00:09,175 INFO: Plan 3: ḡ=35, γE[v]=7.5, Q=42.5
2026-06-05 06:00:09,176 INFO: Plan 7: ḡ=40, γE[v]=5.0, Q=45.0
2026-06-05 06:00:09,177 INFO: Plan 2: ḡ=35, γE[v]=7.5, Q=42.5
2026-06-05 06:00:09,178 INFO: Plan 5: ḡ=40, γE[v]=7.5, Q=47.5
2026-06-05 06:00:09,179 INFO: Plan 6: ḡ=35, γE[v]=7.5, Q=42.5
2026-06-05 06:00:09,180 INFO: Plan 4: ḡ=35, γE[v]=7.5, Q=42.5
2026-06-05 06:00:10,354 INFO: Plan 3: ḡ=5, γE[v]=0.0, Q=5.0
2026-06-05 06:00:10,356 INFO: Plan 4: ḡ=5, γE[v]=1.0, Q=6.0
2026-06-05 06:00:10,357 INFO: Plan 0: ḡ=5, γE[v]=0.0, Q=5.0
2026-06-05 06:00:10,357 INFO: Plan 6: ḡ=5, γE[v]=0.0, Q=5.0
2026-06-05 06:00:10,374 INFO: Plan 2: ḡ=12, γE[v]=2.5, Q=14.5
2026-06-05 06:00:10,375 INFO: Plan 1: ḡ=12, γE[v]=2.5, Q=14.5
2026-06-05 06:00:10,394 INFO: Plan 5: ḡ=10, γE[v]=7.5, Q=17.5
2026-06-05 06:00:10,395 INFO: Plan 7: ḡ=10, γE[v]=7.5, Q=17.5
2026-06-05 06:00:21,730 INFO: Plan 3: ḡ=15, γE[v]=0.0, Q=15.0
2026-06-05 06:00:21,731 INFO: Plan 1: ḡ=15, γE[v]=5.0, Q=20.0
2026-06-05 06:00:21,753 INFO: Plan 0: ḡ=15, γE[v]=5.0, Q=20.0
2026-06-05 06:00:21,754 INFO: Plan 2: ḡ=15, γE[v]=5.0, Q=20.0
2026-06-05 06:00:21,775 INFO: Plan 6: ḡ=15, γE[v]=2.5, Q=17.5
2026-06-05 06:00:21,798 INFO: Plan 4: ḡ=15, γE[v]=5.0, Q=20.0
2026-06-05 06:00:21,799 INFO: Plan 7: ḡ=15, γE[v]=5.0, Q=20.0
2026-06-05 06:00:21,800 INFO: Plan 5: ḡ=15, γE[v]=5.0, Q=20.0
2026-06-05 06:00:32,083 INFO: Plan 4: ḡ=0, γE[v]=0.0, Q=0.0
2026-06-05 06:00:32,104 INFO: Plan 3: ḡ=5, γE[v]=7.5, Q=12.5
2026-06-05 06:00:32,126 INFO: Plan 0: ḡ=12, γE[v]=7.5, Q=19.5
2026-06-05 06:00:32,127 INFO: Plan 1: ḡ=12, γE[v]=7.5, Q=19.5
2026-06-05 06:00:32,127 INFO: Plan 6: ḡ=5, γE[v]=5.0, Q=10.0
2026-06-05 06:00:32,128 INFO: Plan 2: ḡ=12, γE[v]=7.5, Q=19.5
2026-06-05 06:00:32,144 INFO: Plan 5: ḡ=10, γE[v]=7.5, Q=17.5
2026-06-05 06:00:32,163 INFO: Plan 7: ḡ=10, γE[v]=7.5, Q=17.5
2026-06-05 06:00:35,406 INFO: Plan 1: ḡ=0, γE[v]=0.0, Q=0.0
2026-06-05 06:00:35,443 INFO: Plan 0: ḡ=2, γE[v]=5.0, Q=7.0
2026-06-05 06:00:35,462 INFO: Plan 3: ḡ=12, γE[v]=2.5, Q=14.5
2026-06-05 06:00:35,463 INFO: Plan 6: ḡ=5, γE[v]=7.5, Q=12.5
2026-06-05 06:00:35,463 INFO: Plan 4: ḡ=5, γE[v]=7.5, Q=12.5
2026-06-05 06:00:35,481 INFO: Plan 7: ḡ=12, γE[v]=7.5, Q=19.5
2026-06-05 06:00:35,482 INFO: Plan 2: ḡ=12, γE[v]=7.5, Q=19.5
2026-06-05 06:00:35,483 INFO: Plan 5: ḡ=12, γE[v]=7.5, Q=19.5
2026-06-05 06:01:16,805 INFO: Plan 0: ḡ=12, γE[v]=15.0, Q=27.0
2026-06-05 06:01:16,830 INFO: Plan 4: ḡ=10, γE[v]=10.0, Q=20.0
2026-06-05 06:01:16,830 INFO: Plan 6: ḡ=12, γE[v]=15.0, Q=27.0
2026-06-05 06:01:16,831 INFO: Plan 3: ḡ=10, γE[v]=5.0, Q=15.0
2026-06-05 06:01:16,832 INFO: Plan 1: ḡ=12, γE[v]=15.0, Q=27.0
2026-06-05 06:01:16,853 INFO: Plan 5: ḡ=12, γE[v]=15.0, Q=27.0
2026-06-05 06:01:16,854 INFO: Plan 2: ḡ=12, γE[v]=15.0, Q=27.0
2026-06-05 06:01:16,855 INFO: Plan 7: ḡ=12, γE[v]=15.0, Q=27.0
2026-06-05 06:01:25,057 INFO: Plan 5: ḡ=45, γE[v]=17.5, Q=62.5
2026-06-05 06:01:25,059 INFO: Plan 1: ḡ=35, γE[v]=22.5, Q=57.5
2026-06-05 06:01:25,060 INFO: Plan 2: ḡ=63, γE[v]=12.5, Q=75.5
2026-06-05 06:01:25,060 INFO: Plan 0: ḡ=35, γE[v]=22.5, Q=57.5
2026-06-05 06:01:25,061 INFO: Plan 4: ḡ=63, γE[v]=12.5, Q=75.5
2026-06-05 06:01:25,061 INFO: Plan 3: ḡ=45, γE[v]=17.5, Q=62.5
2026-06-05 06:01:25,062 INFO: Plan 7: ḡ=45, γE[v]=17.5, Q=62.5
2026-06-05 06:01:25,062 INFO: Plan 6: ḡ=45, γE[v]=10.0, Q=55.0
2026-06-05 06:01:28,527 INFO: Plan 0: ḡ=0, γE[v]=0.0, Q=0.0
2026-06-05 06:01:28,570 INFO: Plan 1: ḡ=12, γE[v]=15.0, Q=27.0
2026-06-05 06:01:28,592 INFO: Plan 2: ḡ=12, γE[v]=10.0, Q=22.0
2026-06-05 06:01:28,594 INFO: Plan 7: ḡ=12, γE[v]=7.5, Q=19.5
2026-06-05 06:01:28,595 INFO: Plan 3: ḡ=12, γE[v]=7.5, Q=19.5
2026-06-05 06:01:28,595 INFO: Plan 6: ḡ=12, γE[v]=7.5, Q=19.5
2026-06-05 06:01:28,596 INFO: Plan 4: ḡ=25, γE[v]=7.5, Q=32.5
2026-06-05 06:01:28,596 INFO: Plan 5: ḡ=10, γE[v]=7.5, Q=17.5
2026-06-05 06:01:35,770 INFO: Plan 0: ḡ=5, γE[v]=0.0, Q=5.0
2026-06-05 06:01:35,792 INFO: Plan 3: ḡ=1, γE[v]=0.0, Q=1.0
2026-06-05 06:01:35,793 INFO: Plan 4: ḡ=5, γE[v]=0.0, Q=5.0
2026-06-05 06:01:35,793 INFO: Plan 2: ḡ=5, γE[v]=0.0, Q=5.0
2026-06-05 06:01:35,794 INFO: Plan 1: ḡ=5, γE[v]=5.0, Q=10.0
2026-06-05 06:01:35,811 INFO: Plan 5: ḡ=12, γE[v]=0.0, Q=12.0
2026-06-05 06:01:35,830 INFO: Plan 6: ḡ=12, γE[v]=2.5, Q=14.5
2026-06-05 06:01:35,832 INFO: Plan 7: ḡ=5, γE[v]=5.0, Q=10.0
2026-06-05 06:01:44,488 INFO: Plan 0: ḡ=17, γE[v]=5.0, Q=22.0
2026-06-05 06:01:44,507 INFO: Plan 1: ḡ=17, γE[v]=5.0, Q=22.0
2026-06-05 06:01:44,508 INFO: Plan 4: ḡ=17, γE[v]=2.5, Q=19.5
2026-06-05 06:01:44,509 INFO: Plan 6: ḡ=17, γE[v]=2.5, Q=19.5
2026-06-05 06:01:44,525 INFO: Plan 5: ḡ=17, γE[v]=5.0, Q=22.0
2026-06-05 06:01:44,526 INFO: Plan 3: ḡ=17, γE[v]=5.0, Q=22.0
2026-06-05 06:01:44,527 INFO: Plan 2: ḡ=17, γE[v]=5.0, Q=22.0
2026-06-05 06:01:44,527 INFO: Plan 7: ḡ=17, γE[v]=5.0, Q=22.0
2026-06-05 06:02:13,245 INFO: Plan 1: ḡ=2, γE[v]=2.5, Q=4.5
2026-06-05 06:02:13,265 INFO: Plan 4: ḡ=0, γE[v]=0.0, Q=0.0
2026-06-05 06:02:13,286 INFO: Plan 2: ḡ=12, γE[v]=4.0, Q=16.0
2026-06-05 06:02:13,287 INFO: Plan 0: ḡ=10, γE[v]=7.5, Q=17.5
2026-06-05 06:02:13,307 INFO: Plan 5: ḡ=12, γE[v]=7.5, Q=19.5
2026-06-05 06:02:13,308 INFO: Plan 7: ḡ=12, γE[v]=7.5, Q=19.5
2026-06-05 06:02:13,310 INFO: Plan 6: ḡ=10, γE[v]=7.5, Q=17.5
2026-06-05 06:02:13,311 INFO: Plan 3: ḡ=12, γE[v]=7.5, Q=19.5
2026-06-05 06:02:26,273 INFO: Plan 0: ḡ=45, γE[v]=7.5, Q=52.5
2026-06-05 06:02:26,311 INFO: Plan 3: ḡ=35, γE[v]=7.5, Q=42.5
2026-06-05 06:02:26,312 INFO: Plan 2: ḡ=45, γE[v]=7.5, Q=52.5
2026-06-05 06:02:26,313 INFO: Plan 5: ḡ=35, γE[v]=7.5, Q=42.5
2026-06-05 06:02:26,314 INFO: Plan 1: ḡ=35, γE[v]=7.5, Q=42.5
2026-06-05 06:02:26,315 INFO: Plan 4: ḡ=30, γE[v]=10.0, Q=40.0
2026-06-05 06:02:26,315 INFO: Plan 6: ḡ=35, γE[v]=7.5, Q=42.5
2026-06-05 06:02:26,327 INFO: Plan 7: ḡ=45, γE[v]=7.5, Q=52.5
  [49/93] jinja2.bccache seed=42: {'cov_qvalue_calib': 5}
  [50/93] jinja2.sandbox seed=42: {'cov_qvalue_calib': 82}
2026-06-05 06:02:56,111 INFO: Plan 1: ḡ=0, γE[v]=0.0, Q=0.0
2026-06-05 06:02:56,138 INFO: Plan 0: ḡ=12, γE[v]=7.5, Q=19.5
2026-06-05 06:02:56,169 INFO: Plan 4: ḡ=12, γE[v]=15.0, Q=27.0
2026-06-05 06:02:56,170 INFO: Plan 2: ḡ=12, γE[v]=10.0, Q=22.0
2026-06-05 06:02:56,170 INFO: Plan 5: ḡ=12, γE[v]=15.0, Q=27.0
2026-06-05 06:02:56,171 INFO: Plan 3: ḡ=10, γE[v]=15.0, Q=25.0
2026-06-05 06:02:56,192 INFO: Plan 6: ḡ=10, γE[v]=15.0, Q=25.0
2026-06-05 06:02:56,193 INFO: Plan 7: ḡ=12, γE[v]=15.0, Q=27.0
2026-06-05 06:02:59,329 INFO: Plan 1: ḡ=45, γE[v]=21.5, Q=66.5
2026-06-05 06:02:59,330 INFO: Plan 2: ḡ=45, γE[v]=17.5, Q=62.5
2026-06-05 06:02:59,331 INFO: Plan 0: ḡ=45, γE[v]=17.5, Q=62.5
2026-06-05 06:02:59,354 INFO: Plan 5: ḡ=45, γE[v]=21.5, Q=66.5
2026-06-05 06:02:59,356 INFO: Plan 7: ḡ=45, γE[v]=7.5, Q=52.5
2026-06-05 06:02:59,357 INFO: Plan 3: ḡ=40, γE[v]=20.0, Q=60.0
2026-06-05 06:02:59,357 INFO: Plan 4: ḡ=63, γE[v]=12.5, Q=75.5
2026-06-05 06:02:59,359 INFO: Plan 6: ḡ=45, γE[v]=17.5, Q=62.5
2026-06-05 06:03:05,380 INFO: Plan 1: ḡ=12, γE[v]=0.0, Q=12.0
2026-06-05 06:03:05,381 INFO: Plan 0: ḡ=12, γE[v]=0.0, Q=12.0
2026-06-05 06:03:05,404 INFO: Plan 5: ḡ=12, γE[v]=0.0, Q=12.0
2026-06-05 06:03:05,404 INFO: Plan 6: ḡ=12, γE[v]=0.0, Q=12.0
2026-06-05 06:03:05,405 INFO: Plan 3: ḡ=12, γE[v]=0.0, Q=12.0
2026-06-05 06:03:05,406 INFO: Plan 7: ḡ=12, γE[v]=0.0, Q=12.0
2026-06-05 06:03:05,407 INFO: Plan 2: ḡ=12, γE[v]=0.0, Q=12.0
2026-06-05 06:03:05,408 INFO: Plan 4: ḡ=12, γE[v]=0.0, Q=12.0
2026-06-05 06:03:07,067 INFO: Plan 1: ḡ=2, γE[v]=0.0, Q=2.0
2026-06-05 06:03:07,089 INFO: Plan 7: ḡ=2, γE[v]=0.0, Q=2.0
2026-06-05 06:03:07,090 INFO: Plan 4: ḡ=2, γE[v]=0.0, Q=2.0
2026-06-05 06:03:07,091 INFO: Plan 6: ḡ=2, γE[v]=0.0, Q=2.0
2026-06-05 06:03:07,092 INFO: Plan 2: ḡ=12, γE[v]=2.5, Q=14.5
2026-06-05 06:03:07,093 INFO: Plan 0: ḡ=2, γE[v]=5.0, Q=7.0
2026-06-05 06:03:07,094 INFO: Plan 3: ḡ=2, γE[v]=0.0, Q=2.0
2026-06-05 06:03:07,107 INFO: Plan 5: ḡ=2, γE[v]=5.0, Q=7.0
2026-06-05 06:03:08,302 INFO: Plan 1: ḡ=0, γE[v]=0.0, Q=0.0
2026-06-05 06:03:08,303 INFO: Plan 0: ḡ=12, γE[v]=7.5, Q=19.5
2026-06-05 06:03:08,304 INFO: Plan 6: ḡ=0, γE[v]=0.0, Q=0.0
2026-06-05 06:03:08,319 INFO: Plan 7: ḡ=12, γE[v]=2.5, Q=14.5
2026-06-05 06:03:08,338 INFO: Plan 4: ḡ=12, γE[v]=7.5, Q=19.5
2026-06-05 06:03:08,339 INFO: Plan 5: ḡ=12, γE[v]=7.5, Q=19.5
2026-06-05 06:03:08,340 INFO: Plan 2: ḡ=12, γE[v]=7.5, Q=19.5
2026-06-05 06:03:08,341 INFO: Plan 3: ḡ=12, γE[v]=7.5, Q=19.5
2026-06-05 06:03:38,957 INFO: Plan 0: ḡ=0, γE[v]=0.0, Q=0.0
2026-06-05 06:03:39,019 INFO: Plan 2: ḡ=15, γE[v]=10.0, Q=25.0
2026-06-05 06:03:39,020 INFO: Plan 1: ḡ=15, γE[v]=10.0, Q=25.0
2026-06-05 06:03:39,062 INFO: Plan 4: ḡ=15, γE[v]=10.0, Q=25.0
2026-06-05 06:03:39,062 INFO: Plan 3: ḡ=15, γE[v]=5.0, Q=20.0
2026-06-05 06:03:39,063 INFO: Plan 6: ḡ=12, γE[v]=7.5, Q=19.5
2026-06-05 06:03:39,063 INFO: Plan 5: ḡ=15, γE[v]=15.0, Q=30.0
2026-06-05 06:03:39,064 INFO: Plan 7: ḡ=15, γE[v]=10.0, Q=25.0
2026-06-05 06:03:54,521 INFO: Plan 0: ḡ=10, γE[v]=7.5, Q=17.5
2026-06-05 06:03:54,535 INFO: Plan 1: ḡ=5, γE[v]=5.0, Q=10.0
2026-06-05 06:03:54,536 INFO: Plan 6: ḡ=5, γE[v]=5.0, Q=10.0
2026-06-05 06:03:54,555 INFO: Plan 2: ḡ=12, γE[v]=7.5, Q=19.5
2026-06-05 06:03:54,556 INFO: Plan 7: ḡ=12, γE[v]=7.5, Q=19.5
2026-06-05 06:03:54,557 INFO: Plan 3: ḡ=10, γE[v]=7.5, Q=17.5
2026-06-05 06:03:54,558 INFO: Plan 4: ḡ=10, γE[v]=7.5, Q=17.5
2026-06-05 06:03:54,559 INFO: Plan 5: ḡ=10, γE[v]=7.5, Q=17.5
  [51/93] httpx._models seed=42: {'cov_qvalue_calib': 109}
2026-06-05 06:04:37,185 INFO: Plan 0: ḡ=35, γE[v]=7.5, Q=42.5
2026-06-05 06:04:37,216 INFO: Plan 5: ḡ=35, γE[v]=7.5, Q=42.5
2026-06-05 06:04:37,217 INFO: Plan 2: ḡ=35, γE[v]=7.5, Q=42.5
2026-06-05 06:04:37,218 INFO: Plan 4: ḡ=35, γE[v]=7.5, Q=42.5
2026-06-05 06:04:37,219 INFO: Plan 7: ḡ=35, γE[v]=7.5, Q=42.5
2026-06-05 06:04:37,220 INFO: Plan 6: ḡ=35, γE[v]=7.5, Q=42.5
2026-06-05 06:04:37,221 INFO: Plan 3: ḡ=35, γE[v]=7.5, Q=42.5
2026-06-05 06:04:37,221 INFO: Plan 1: ḡ=35, γE[v]=7.5, Q=42.5
2026-06-05 06:04:39,513 INFO: Plan 6: ḡ=0, γE[v]=0.0, Q=0.0
2026-06-05 06:04:39,538 INFO: Plan 2: ḡ=4, γE[v]=5.0, Q=9.0
2026-06-05 06:04:39,539 INFO: Plan 0: ḡ=12, γE[v]=10.0, Q=22.0
2026-06-05 06:04:39,562 INFO: Plan 5: ḡ=12, γE[v]=15.0, Q=27.0
2026-06-05 06:04:39,563 INFO: Plan 7: ḡ=10, γE[v]=10.0, Q=20.0
2026-06-05 06:04:39,564 INFO: Plan 1: ḡ=10, γE[v]=10.0, Q=20.0
2026-06-05 06:04:39,565 INFO: Plan 4: ḡ=10, γE[v]=15.0, Q=25.0
2026-06-05 06:04:39,566 INFO: Plan 3: ḡ=12, γE[v]=10.0, Q=22.0
2026-06-05 06:04:43,771 INFO: Plan 1: ḡ=4, γE[v]=5.0, Q=9.0
2026-06-05 06:04:43,772 INFO: Plan 6: ḡ=4, γE[v]=0.0, Q=4.0
2026-06-05 06:04:43,773 INFO: Plan 2: ḡ=4, γE[v]=6.0, Q=10.0
2026-06-05 06:04:43,795 INFO: Plan 5: ḡ=4, γE[v]=6.0, Q=10.0
2026-06-05 06:04:43,797 INFO: Plan 3: ḡ=4, γE[v]=5.0, Q=9.0
2026-06-05 06:04:43,798 INFO: Plan 0: ḡ=12, γE[v]=5.0, Q=17.0
2026-06-05 06:04:43,802 INFO: Plan 4: ḡ=4, γE[v]=6.0, Q=10.0
2026-06-05 06:04:43,805 INFO: Plan 7: ḡ=12, γE[v]=4.0, Q=16.0
2026-06-05 06:04:48,317 INFO: Plan 5: ḡ=7, γE[v]=0.0, Q=7.0
2026-06-05 06:04:48,318 INFO: Plan 2: ḡ=12, γE[v]=0.0, Q=12.0
2026-06-05 06:04:48,337 INFO: Plan 1: ḡ=12, γE[v]=5.0, Q=17.0
2026-06-05 06:04:48,337 INFO: Plan 0: ḡ=12, γE[v]=7.5, Q=19.5
2026-06-05 06:04:48,357 INFO: Plan 4: ḡ=12, γE[v]=5.0, Q=17.0
2026-06-05 06:04:48,359 INFO: Plan 3: ḡ=12, γE[v]=7.5, Q=19.5
2026-06-05 06:04:48,359 INFO: Plan 6: ḡ=12, γE[v]=7.5, Q=19.5
2026-06-05 06:04:48,360 INFO: Plan 7: ḡ=12, γE[v]=5.0, Q=17.0
2026-06-05 06:04:49,086 INFO: Plan 2: ḡ=1, γE[v]=5.0, Q=6.0
2026-06-05 06:04:49,086 INFO: Plan 4: ḡ=0, γE[v]=0.0, Q=0.0
2026-06-05 06:04:49,088 INFO: Plan 7: ḡ=0, γE[v]=0.0, Q=0.0
2026-06-05 06:04:49,088 INFO: Plan 0: ḡ=10, γE[v]=10.0, Q=20.0
2026-06-05 06:04:49,103 INFO: Plan 1: ḡ=10, γE[v]=5.0, Q=15.0
2026-06-05 06:04:49,122 INFO: Plan 5: ḡ=10, γE[v]=5.0, Q=15.0
2026-06-05 06:04:49,123 INFO: Plan 3: ḡ=10, γE[v]=10.0, Q=20.0
2026-06-05 06:04:49,124 INFO: Plan 6: ḡ=10, γE[v]=7.5, Q=17.5
2026-06-05 06:05:14,604 INFO: Plan 3: ḡ=0, γE[v]=0.0, Q=0.0
2026-06-05 06:05:14,642 INFO: Plan 6: ḡ=0, γE[v]=0.0, Q=0.0
2026-06-05 06:05:14,642 INFO: Plan 5: ḡ=12, γE[v]=15.0, Q=27.0
2026-06-05 06:05:14,643 INFO: Plan 1: ḡ=0, γE[v]=0.0, Q=0.0
2026-06-05 06:05:14,659 INFO: Plan 4: ḡ=12, γE[v]=2.5, Q=14.5
2026-06-05 06:05:14,660 INFO: Plan 0: ḡ=12, γE[v]=7.5, Q=19.5
2026-06-05 06:05:14,661 INFO: Plan 7: ḡ=5, γE[v]=7.5, Q=12.5
2026-06-05 06:05:14,676 INFO: Plan 2: ḡ=12, γE[v]=7.5, Q=19.5
  [52/93] httpx._urls seed=42: {'cov_qvalue_calib': 42}
2026-06-05 06:05:35,339 INFO: Plan 0: ḡ=1, γE[v]=0.0, Q=1.0
2026-06-05 06:05:35,358 INFO: Plan 5: ḡ=2, γE[v]=1.0, Q=3.0
2026-06-05 06:05:35,359 INFO: Plan 1: ḡ=1, γE[v]=0.0, Q=1.0
2026-06-05 06:05:35,360 INFO: Plan 4: ḡ=2, γE[v]=0.0, Q=2.0
2026-06-05 06:05:35,361 INFO: Plan 6: ḡ=1, γE[v]=0.0, Q=1.0
2026-06-05 06:05:35,375 INFO: Plan 2: ḡ=2, γE[v]=5.0, Q=7.0
2026-06-05 06:05:35,376 INFO: Plan 3: ḡ=2, γE[v]=5.0, Q=7.0
2026-06-05 06:05:35,391 INFO: Plan 7: ḡ=1, γE[v]=0.0, Q=1.0
2026-06-05 06:05:59,187 INFO: Plan 0: ḡ=15, γE[v]=15.0, Q=30.0
2026-06-05 06:05:59,227 INFO: Plan 3: ḡ=15, γE[v]=10.0, Q=25.0
2026-06-05 06:05:59,228 INFO: Plan 7: ḡ=25, γE[v]=7.5, Q=32.5
2026-06-05 06:05:59,229 INFO: Plan 2: ḡ=15, γE[v]=10.0, Q=25.0
2026-06-05 06:05:59,230 INFO: Plan 6: ḡ=12, γE[v]=7.5, Q=19.5
2026-06-05 06:05:59,230 INFO: Plan 4: ḡ=15, γE[v]=10.0, Q=25.0
2026-06-05 06:05:59,231 INFO: Plan 1: ḡ=10, γE[v]=7.5, Q=17.5
2026-06-05 06:05:59,241 INFO: Plan 5: ḡ=110, γE[v]=10.0, Q=120.0
  [53/93] httpx._urlparse seed=42: {'cov_qvalue_calib': 4}
2026-06-05 06:06:24,535 INFO: Plan 1: ḡ=0, γE[v]=0.0, Q=0.0
2026-06-05 06:06:24,583 INFO: Plan 2: ḡ=12, γE[v]=15.0, Q=27.0
2026-06-05 06:06:24,584 INFO: Plan 0: ḡ=20, γE[v]=15.0, Q=35.0
2026-06-05 06:06:24,610 INFO: Plan 6: ḡ=12, γE[v]=7.5, Q=19.5
2026-06-05 06:06:24,611 INFO: Plan 7: ḡ=12, γE[v]=7.5, Q=19.5
2026-06-05 06:06:24,611 INFO: Plan 5: ḡ=12, γE[v]=7.5, Q=19.5
2026-06-05 06:06:24,612 INFO: Plan 4: ḡ=12, γE[v]=10.0, Q=22.0
2026-06-05 06:06:24,612 INFO: Plan 3: ḡ=12, γE[v]=17.5, Q=29.5
2026-06-05 06:06:27,583 INFO: Plan 2: ḡ=12, γE[v]=7.5, Q=19.5
2026-06-05 06:06:27,584 INFO: Plan 5: ḡ=17, γE[v]=0.0, Q=17.0
2026-06-05 06:06:27,585 INFO: Plan 0: ḡ=17, γE[v]=5.0, Q=22.0
2026-06-05 06:06:27,586 INFO: Plan 6: ḡ=12, γE[v]=4.0, Q=16.0
2026-06-05 06:06:27,586 INFO: Plan 3: ḡ=12, γE[v]=7.5, Q=19.5
2026-06-05 06:06:27,587 INFO: Plan 1: ḡ=12, γE[v]=7.5, Q=19.5
2026-06-05 06:06:27,588 INFO: Plan 4: ḡ=12, γE[v]=4.0, Q=16.0
2026-06-05 06:06:27,603 INFO: Plan 7: ḡ=17, γE[v]=16.5, Q=33.5
2026-06-05 06:06:29,991 INFO: Plan 0: ḡ=12, γE[v]=7.5, Q=19.5
2026-06-05 06:06:29,991 INFO: Plan 1: ḡ=12, γE[v]=7.5, Q=19.5
2026-06-05 06:06:29,992 INFO: Plan 2: ḡ=12, γE[v]=5.0, Q=17.0
2026-06-05 06:06:30,010 INFO: Plan 6: ḡ=12, γE[v]=5.0, Q=17.0
2026-06-05 06:06:30,011 INFO: Plan 4: ḡ=12, γE[v]=5.0, Q=17.0
2026-06-05 06:06:30,012 INFO: Plan 3: ḡ=12, γE[v]=5.0, Q=17.0
2026-06-05 06:06:30,013 INFO: Plan 5: ḡ=12, γE[v]=5.0, Q=17.0
2026-06-05 06:06:30,029 INFO: Plan 7: ḡ=12, γE[v]=7.5, Q=19.5
2026-06-05 06:06:32,752 INFO: Plan 1: ḡ=10, γE[v]=5.0, Q=15.0
2026-06-05 06:06:32,770 INFO: Plan 5: ḡ=1, γE[v]=5.0, Q=6.0
2026-06-05 06:06:32,771 INFO: Plan 7: ḡ=2, γE[v]=5.0, Q=7.0
2026-06-05 06:06:32,788 INFO: Plan 6: ḡ=10, γE[v]=7.5, Q=17.5
2026-06-05 06:06:32,790 INFO: Plan 2: ḡ=10, γE[v]=10.0, Q=20.0
2026-06-05 06:06:32,791 INFO: Plan 3: ḡ=10, γE[v]=7.5, Q=17.5
2026-06-05 06:06:32,792 INFO: Plan 0: ḡ=10, γE[v]=7.5, Q=17.5
2026-06-05 06:06:32,792 INFO: Plan 4: ḡ=10, γE[v]=10.0, Q=20.0
2026-06-05 06:07:09,290 INFO: Plan 0: ḡ=12, γE[v]=18.5, Q=30.5
2026-06-05 06:07:09,290 INFO: Plan 1: ḡ=1, γE[v]=0.0, Q=1.0
2026-06-05 06:07:09,307 INFO: Plan 2: ḡ=1, γE[v]=24.0, Q=25.0
2026-06-05 06:07:09,327 INFO: Plan 7: ḡ=12, γE[v]=18.5, Q=30.5
2026-06-05 06:07:09,328 INFO: Plan 3: ḡ=12, γE[v]=18.5, Q=30.5
2026-06-05 06:07:09,329 INFO: Plan 4: ḡ=12, γE[v]=18.5, Q=30.5
2026-06-05 06:07:09,330 INFO: Plan 6: ḡ=10, γE[v]=15.0, Q=25.0
2026-06-05 06:07:09,331 INFO: Plan 5: ḡ=12, γE[v]=17.5, Q=29.5
2026-06-05 06:07:29,075 INFO: Plan 0: ḡ=45, γE[v]=7.5, Q=52.5
2026-06-05 06:07:29,100 INFO: Plan 1: ḡ=12, γE[v]=7.5, Q=19.5
2026-06-05 06:07:29,101 INFO: Plan 3: ḡ=25, γE[v]=7.5, Q=32.5
2026-06-05 06:07:29,101 INFO: Plan 4: ḡ=35, γE[v]=7.5, Q=42.5
2026-06-05 06:07:29,102 INFO: Plan 2: ḡ=40, γE[v]=7.5, Q=47.5
2026-06-05 06:07:29,103 INFO: Plan 6: ḡ=30, γE[v]=7.5, Q=37.5
2026-06-05 06:07:29,103 INFO: Plan 5: ḡ=45, γE[v]=7.5, Q=52.5
2026-06-05 06:07:29,104 INFO: Plan 7: ḡ=45, γE[v]=7.5, Q=52.5
2026-06-05 06:07:37,917 INFO: Plan 0: ḡ=12, γE[v]=7.5, Q=19.5
2026-06-05 06:07:37,937 INFO: Plan 1: ḡ=5, γE[v]=7.5, Q=12.5
2026-06-05 06:07:37,956 INFO: Plan 2: ḡ=12, γE[v]=7.5, Q=19.5
2026-06-05 06:07:37,957 INFO: Plan 4: ḡ=12, γE[v]=7.5, Q=19.5
2026-06-05 06:07:37,958 INFO: Plan 6: ḡ=12, γE[v]=7.5, Q=19.5
2026-06-05 06:07:37,959 INFO: Plan 3: ḡ=12, γE[v]=10.0, Q=22.0
2026-06-05 06:07:37,959 INFO: Plan 5: ḡ=12, γE[v]=7.5, Q=19.5
2026-06-05 06:07:37,961 INFO: Plan 7: ḡ=10, γE[v]=7.5, Q=17.5
2026-06-05 06:07:56,054 INFO: Plan 0: ḡ=15, γE[v]=15.0, Q=30.0
2026-06-05 06:07:56,108 INFO: Plan 1: ḡ=35, γE[v]=10.0, Q=45.0
2026-06-05 06:07:56,109 INFO: Plan 6: ḡ=20, γE[v]=15.0, Q=35.0
2026-06-05 06:07:56,110 INFO: Plan 4: ḡ=15, γE[v]=15.0, Q=30.0
2026-06-05 06:07:56,111 INFO: Plan 2: ḡ=12, γE[v]=7.5, Q=19.5
2026-06-05 06:07:56,111 INFO: Plan 3: ḡ=35, γE[v]=7.5, Q=42.5
2026-06-05 06:07:56,112 INFO: Plan 5: ḡ=10, γE[v]=15.0, Q=25.0
2026-06-05 06:07:56,113 INFO: Plan 7: ḡ=12, γE[v]=10.0, Q=22.0
2026-06-05 06:08:04,781 INFO: Plan 0: ḡ=12, γE[v]=5.0, Q=17.0
2026-06-05 06:08:04,782 INFO: Plan 7: ḡ=18, γE[v]=0.0, Q=18.0
2026-06-05 06:08:04,783 INFO: Plan 3: ḡ=12, γE[v]=4.0, Q=16.0
2026-06-05 06:08:04,783 INFO: Plan 1: ḡ=12, γE[v]=5.0, Q=17.0
2026-06-05 06:08:04,802 INFO: Plan 4: ḡ=12, γE[v]=5.0, Q=17.0
2026-06-05 06:08:04,803 INFO: Plan 6: ḡ=12, γE[v]=7.5, Q=19.5
2026-06-05 06:08:04,804 INFO: Plan 5: ḡ=12, γE[v]=5.0, Q=17.0
2026-06-05 06:08:04,804 INFO: Plan 2: ḡ=12, γE[v]=5.0, Q=17.0
2026-06-05 06:08:06,626 INFO: Plan 3: ḡ=18, γE[v]=6.0, Q=24.0
2026-06-05 06:08:06,648 INFO: Plan 0: ḡ=18, γE[v]=6.0, Q=24.0
2026-06-05 06:08:06,649 INFO: Plan 1: ḡ=10, γE[v]=7.5, Q=17.5
2026-06-05 06:08:06,650 INFO: Plan 5: ḡ=18, γE[v]=0.0, Q=18.0
2026-06-05 06:08:06,651 INFO: Plan 4: ḡ=17, γE[v]=0.0, Q=17.0
2026-06-05 06:08:06,668 INFO: Plan 6: ḡ=12, γE[v]=7.5, Q=19.5
2026-06-05 06:08:06,669 INFO: Plan 7: ḡ=18, γE[v]=6.0, Q=24.0
2026-06-05 06:08:06,671 INFO: Plan 2: ḡ=18, γE[v]=6.0, Q=24.0
2026-06-05 06:08:09,330 INFO: Plan 4: ḡ=4, γE[v]=5.0, Q=9.0
2026-06-05 06:08:09,330 INFO: Plan 0: ḡ=10, γE[v]=10.0, Q=20.0
2026-06-05 06:08:09,351 INFO: Plan 2: ḡ=10, γE[v]=10.0, Q=20.0
2026-06-05 06:08:09,352 INFO: Plan 5: ḡ=1, γE[v]=5.0, Q=6.0
2026-06-05 06:08:09,352 INFO: Plan 3: ḡ=10, γE[v]=10.0, Q=20.0
2026-06-05 06:08:09,353 INFO: Plan 1: ḡ=4, γE[v]=5.0, Q=9.0
2026-06-05 06:08:09,369 INFO: Plan 7: ḡ=10, γE[v]=15.0, Q=25.0
2026-06-05 06:08:09,370 INFO: Plan 6: ḡ=10, γE[v]=10.0, Q=20.0
2026-06-05 06:08:24,389 INFO: Plan 0: ḡ=0, γE[v]=0.0, Q=0.0
2026-06-05 06:08:24,425 INFO: Plan 5: ḡ=0, γE[v]=0.0, Q=0.0
2026-06-05 06:08:24,464 INFO: Plan 4: ḡ=15, γE[v]=10.0, Q=25.0
2026-06-05 06:08:24,464 INFO: Plan 3: ḡ=25, γE[v]=7.5, Q=32.5
2026-06-05 06:08:24,465 INFO: Plan 7: ḡ=15, γE[v]=10.0, Q=25.0
2026-06-05 06:08:24,466 INFO: Plan 6: ḡ=12, γE[v]=7.5, Q=19.5
2026-06-05 06:08:24,467 INFO: Plan 1: ḡ=15, γE[v]=10.0, Q=25.0
2026-06-05 06:08:24,467 INFO: Plan 2: ḡ=15, γE[v]=10.0, Q=25.0
2026-06-05 06:08:46,167 INFO: Plan 0: ḡ=12, γE[v]=18.5, Q=30.5
2026-06-05 06:08:46,168 INFO: Plan 1: ḡ=12, γE[v]=18.5, Q=30.5
2026-06-05 06:08:46,185 INFO: Plan 3: ḡ=12, γE[v]=18.5, Q=30.5
2026-06-05 06:08:46,185 INFO: Plan 2: ḡ=12, γE[v]=19.0, Q=31.0
2026-06-05 06:08:46,203 INFO: Plan 6: ḡ=12, γE[v]=18.5, Q=30.5
2026-06-05 06:08:46,204 INFO: Plan 7: ḡ=12, γE[v]=18.5, Q=30.5
2026-06-05 06:08:46,205 INFO: Plan 5: ḡ=12, γE[v]=18.5, Q=30.5
2026-06-05 06:08:46,205 INFO: Plan 4: ḡ=12, γE[v]=19.0, Q=31.0
2026-06-05 06:09:29,576 INFO: Plan 4: ḡ=0, γE[v]=0.0, Q=0.0
2026-06-05 06:09:29,577 INFO: Plan 6: ḡ=0, γE[v]=0.0, Q=0.0
2026-06-05 06:09:29,597 INFO: Plan 0: ḡ=30, γE[v]=10.0, Q=40.0
2026-06-05 06:09:29,598 INFO: Plan 2: ḡ=15, γE[v]=15.0, Q=30.0
2026-06-05 06:09:29,619 INFO: Plan 1: ḡ=15, γE[v]=15.0, Q=30.0
2026-06-05 06:09:29,620 INFO: Plan 5: ḡ=15, γE[v]=10.0, Q=25.0
2026-06-05 06:09:29,621 INFO: Plan 3: ḡ=25, γE[v]=7.5, Q=32.5
2026-06-05 06:09:29,622 INFO: Plan 7: ḡ=35, γE[v]=7.5, Q=42.5
2026-06-05 06:09:39,813 INFO: Plan 2: ḡ=12, γE[v]=4.0, Q=16.0
2026-06-05 06:09:39,850 INFO: Plan 6: ḡ=12, γE[v]=7.5, Q=19.5
2026-06-05 06:09:39,852 INFO: Plan 3: ḡ=12, γE[v]=5.0, Q=17.0
2026-06-05 06:09:39,852 INFO: Plan 5: ḡ=12, γE[v]=7.5, Q=19.5
2026-06-05 06:09:39,853 INFO: Plan 0: ḡ=12, γE[v]=7.5, Q=19.5
2026-06-05 06:09:39,854 INFO: Plan 7: ḡ=12, γE[v]=7.5, Q=19.5
2026-06-05 06:09:39,854 INFO: Plan 4: ḡ=12, γE[v]=5.0, Q=17.0
2026-06-05 06:09:39,855 INFO: Plan 1: ḡ=12, γE[v]=5.0, Q=17.0
2026-06-05 06:09:48,435 INFO: Plan 0: ḡ=17, γE[v]=0.0, Q=17.0
2026-06-05 06:09:48,455 INFO: Plan 1: ḡ=1, γE[v]=7.5, Q=8.5
2026-06-05 06:09:48,478 INFO: Plan 3: ḡ=12, γE[v]=5.0, Q=17.0
2026-06-05 06:09:48,479 INFO: Plan 7: ḡ=17, γE[v]=16.5, Q=33.5
2026-06-05 06:09:48,480 INFO: Plan 2: ḡ=17, γE[v]=5.0, Q=22.0
2026-06-05 06:09:48,481 INFO: Plan 5: ḡ=17, γE[v]=16.5, Q=33.5
2026-06-05 06:09:48,482 INFO: Plan 6: ḡ=10, γE[v]=7.5, Q=17.5
2026-06-05 06:09:48,482 INFO: Plan 4: ḡ=18, γE[v]=6.0, Q=24.0
2026-06-05 06:09:49,215 INFO: Plan 5: ḡ=1, γE[v]=5.0, Q=6.0
2026-06-05 06:09:49,216 INFO: Plan 0: ḡ=10, γE[v]=10.0, Q=20.0
2026-06-05 06:09:49,217 INFO: Plan 7: ḡ=2, γE[v]=5.0, Q=7.0
2026-06-05 06:09:49,219 INFO: Plan 3: ḡ=2, γE[v]=5.0, Q=7.0
2026-06-05 06:09:49,219 INFO: Plan 4: ḡ=1, γE[v]=5.0, Q=6.0
2026-06-05 06:09:49,220 INFO: Plan 1: ḡ=10, γE[v]=10.0, Q=20.0
2026-06-05 06:09:49,233 INFO: Plan 6: ḡ=10, γE[v]=10.0, Q=20.0
2026-06-05 06:09:49,234 INFO: Plan 2: ḡ=10, γE[v]=10.0, Q=20.0
2026-06-05 06:09:50,730 INFO: Plan 1: ḡ=0, γE[v]=0.0, Q=0.0
2026-06-05 06:09:50,749 INFO: Plan 0: ḡ=12, γE[v]=7.5, Q=19.5
2026-06-05 06:09:50,769 INFO: Plan 6: ḡ=2, γE[v]=5.0, Q=7.0
2026-06-05 06:09:50,770 INFO: Plan 7: ḡ=12, γE[v]=4.0, Q=16.0
2026-06-05 06:09:50,771 INFO: Plan 4: ḡ=3, γE[v]=5.0, Q=8.0
2026-06-05 06:09:50,771 INFO: Plan 2: ḡ=12, γE[v]=7.5, Q=19.5
2026-06-05 06:09:50,785 INFO: Plan 3: ḡ=12, γE[v]=7.5, Q=19.5
2026-06-05 06:09:50,786 INFO: Plan 5: ḡ=12, γE[v]=7.5, Q=19.5
  [54/93] httpx._client seed=42: {'cov_qvalue_calib': 137}
2026-06-05 06:10:14,765 INFO: Plan 2: ḡ=0, γE[v]=0.0, Q=0.0
2026-06-05 06:10:14,785 INFO: Plan 5: ḡ=0, γE[v]=0.0, Q=0.0
2026-06-05 06:10:14,786 INFO: Plan 1: ḡ=12, γE[v]=4.0, Q=16.0
2026-06-05 06:10:14,804 INFO: Plan 0: ḡ=10, γE[v]=7.5, Q=17.5
2026-06-05 06:10:14,825 INFO: Plan 3: ḡ=12, γE[v]=9.0, Q=21.0
2026-06-05 06:10:14,826 INFO: Plan 4: ḡ=12, γE[v]=7.5, Q=19.5
2026-06-05 06:10:14,827 INFO: Plan 7: ḡ=10, γE[v]=10.0, Q=20.0
2026-06-05 06:10:14,827 INFO: Plan 6: ḡ=10, γE[v]=7.5, Q=17.5
  [55/93] httpx._main seed=42: {'cov_qvalue_calib': 81}
2026-06-05 06:10:29,389 INFO: Plan 2: ḡ=1, γE[v]=24.0, Q=25.0
2026-06-05 06:10:29,390 INFO: Plan 3: ḡ=1, γE[v]=0.0, Q=1.0
2026-06-05 06:10:29,409 INFO: Plan 7: ḡ=1, γE[v]=24.0, Q=25.0
2026-06-05 06:10:29,410 INFO: Plan 1: ḡ=12, γE[v]=19.0, Q=31.0
2026-06-05 06:10:29,430 INFO: Plan 0: ḡ=12, γE[v]=19.0, Q=31.0
2026-06-05 06:10:29,431 INFO: Plan 4: ḡ=12, γE[v]=19.0, Q=31.0
2026-06-05 06:10:29,432 INFO: Plan 6: ḡ=12, γE[v]=19.0, Q=31.0
2026-06-05 06:10:29,433 INFO: Plan 5: ḡ=12, γE[v]=18.5, Q=30.5
2026-06-05 06:10:37,096 INFO: Plan 1: ḡ=2, γE[v]=2.5, Q=4.5
2026-06-05 06:10:37,150 INFO: Plan 0: ḡ=12, γE[v]=17.5, Q=29.5
2026-06-05 06:10:37,151 INFO: Plan 3: ḡ=12, γE[v]=10.0, Q=22.0
2026-06-05 06:10:37,169 INFO: Plan 2: ḡ=12, γE[v]=9.0, Q=21.0
2026-06-05 06:10:37,171 INFO: Plan 4: ḡ=12, γE[v]=9.0, Q=21.0
2026-06-05 06:10:37,172 INFO: Plan 5: ḡ=12, γE[v]=7.5, Q=19.5
2026-06-05 06:10:37,173 INFO: Plan 7: ḡ=12, γE[v]=17.5, Q=29.5
2026-06-05 06:10:37,173 INFO: Plan 6: ḡ=12, γE[v]=7.5, Q=19.5
2026-06-05 06:11:02,520 INFO: Plan 0: ḡ=112, γE[v]=15.0, Q=127.0
2026-06-05 06:11:02,540 INFO: Plan 2: ḡ=35, γE[v]=7.5, Q=42.5
2026-06-05 06:11:02,541 INFO: Plan 4: ḡ=25, γE[v]=7.5, Q=32.5
2026-06-05 06:11:02,541 INFO: Plan 1: ḡ=15, γE[v]=10.0, Q=25.0
2026-06-05 06:11:02,558 INFO: Plan 3: ḡ=112, γE[v]=15.0, Q=127.0
2026-06-05 06:11:02,559 INFO: Plan 7: ḡ=112, γE[v]=15.0, Q=127.0
2026-06-05 06:11:02,560 INFO: Plan 5: ḡ=110, γE[v]=10.0, Q=120.0
2026-06-05 06:11:02,561 INFO: Plan 6: ḡ=112, γE[v]=15.0, Q=127.0
2026-06-05 06:11:19,486 INFO: Plan 0: ḡ=12, γE[v]=5.0, Q=17.0
2026-06-05 06:11:19,528 INFO: Plan 1: ḡ=12, γE[v]=2.5, Q=14.5
2026-06-05 06:11:19,568 INFO: Plan 2: ḡ=12, γE[v]=4.0, Q=16.0
2026-06-05 06:11:19,569 INFO: Plan 3: ḡ=12, γE[v]=2.5, Q=14.5
2026-06-05 06:11:19,588 INFO: Plan 5: ḡ=12, γE[v]=5.0, Q=17.0
2026-06-05 06:11:19,590 INFO: Plan 6: ḡ=10, γE[v]=7.5, Q=17.5
2026-06-05 06:11:19,591 INFO: Plan 4: ḡ=12, γE[v]=5.0, Q=17.0
2026-06-05 06:11:19,591 INFO: Plan 7: ḡ=12, γE[v]=7.5, Q=19.5
2026-06-05 06:11:34,736 INFO: Plan 0: ḡ=1, γE[v]=5.0, Q=6.0
2026-06-05 06:11:34,772 INFO: Plan 7: ḡ=1, γE[v]=5.0, Q=6.0
2026-06-05 06:11:34,773 INFO: Plan 5: ḡ=2, γE[v]=5.0, Q=7.0
2026-06-05 06:11:34,791 INFO: Plan 4: ḡ=10, γE[v]=15.0, Q=25.0
2026-06-05 06:11:34,793 INFO: Plan 2: ḡ=10, γE[v]=7.5, Q=17.5
2026-06-05 06:11:34,794 INFO: Plan 1: ḡ=10, γE[v]=10.0, Q=20.0
2026-06-05 06:11:34,795 INFO: Plan 3: ḡ=10, γE[v]=7.5, Q=17.5
2026-06-05 06:11:34,795 INFO: Plan 6: ḡ=10, γE[v]=10.0, Q=20.0
2026-06-05 06:11:36,029 INFO: Plan 0: ḡ=18, γE[v]=6.0, Q=24.0
2026-06-05 06:11:36,048 INFO: Plan 7: ḡ=17, γE[v]=0.0, Q=17.0
2026-06-05 06:11:36,049 INFO: Plan 3: ḡ=17, γE[v]=0.0, Q=17.0
2026-06-05 06:11:36,067 INFO: Plan 5: ḡ=17, γE[v]=16.5, Q=33.5
2026-06-05 06:11:36,068 INFO: Plan 2: ḡ=17, γE[v]=16.5, Q=33.5
2026-06-05 06:11:36,070 INFO: Plan 1: ḡ=12, γE[v]=7.5, Q=19.5
2026-06-05 06:11:36,070 INFO: Plan 4: ḡ=17, γE[v]=16.5, Q=33.5
2026-06-05 06:11:36,071 INFO: Plan 6: ḡ=12, γE[v]=7.5, Q=19.5
2026-06-05 06:11:56,327 INFO: Plan 0: ḡ=35, γE[v]=7.5, Q=42.5
2026-06-05 06:11:56,367 INFO: Plan 4: ḡ=12, γE[v]=7.5, Q=19.5
2026-06-05 06:11:56,368 INFO: Plan 3: ḡ=15, γE[v]=10.0, Q=25.0
2026-06-05 06:11:56,369 INFO: Plan 2: ḡ=25, γE[v]=15.0, Q=40.0
2026-06-05 06:11:56,370 INFO: Plan 7: ḡ=12, γE[v]=7.5, Q=19.5
2026-06-05 06:11:56,371 INFO: Plan 6: ḡ=12, γE[v]=7.5, Q=19.5
2026-06-05 06:11:56,372 INFO: Plan 5: ḡ=25, γE[v]=7.5, Q=32.5
2026-06-05 06:11:56,373 INFO: Plan 1: ḡ=12, γE[v]=7.5, Q=19.5
  [56/93] httpx._api seed=42: {'cov_qvalue_calib': 6}
2026-06-05 06:12:14,554 INFO: Plan 0: ḡ=0, γE[v]=0.0, Q=0.0
2026-06-05 06:12:14,592 INFO: Plan 2: ḡ=15, γE[v]=10.0, Q=25.0
2026-06-05 06:12:14,593 INFO: Plan 1: ḡ=10, γE[v]=10.0, Q=20.0
2026-06-05 06:12:14,594 INFO: Plan 4: ḡ=12, γE[v]=7.5, Q=19.5
2026-06-05 06:12:14,613 INFO: Plan 6: ḡ=10, γE[v]=7.5, Q=17.5
2026-06-05 06:12:14,614 INFO: Plan 5: ḡ=10, γE[v]=10.0, Q=20.0
2026-06-05 06:12:14,615 INFO: Plan 7: ḡ=25, γE[v]=7.5, Q=32.5
2026-06-05 06:12:14,616 INFO: Plan 3: ḡ=12, γE[v]=7.5, Q=19.5
2026-06-05 06:12:15,169 INFO: Plan 0: ḡ=0, γE[v]=0.0, Q=0.0
2026-06-05 06:12:15,192 INFO: Plan 5: ḡ=0, γE[v]=0.0, Q=0.0
2026-06-05 06:12:15,192 INFO: Plan 1: ḡ=0, γE[v]=0.0, Q=0.0
2026-06-05 06:12:15,193 INFO: Plan 6: ḡ=0, γE[v]=0.0, Q=0.0
2026-06-05 06:12:15,193 INFO: Plan 2: ḡ=0, γE[v]=0.0, Q=0.0
2026-06-05 06:12:15,228 INFO: Plan 7: ḡ=10, γE[v]=7.5, Q=17.5
2026-06-05 06:12:15,229 INFO: Plan 4: ḡ=12, γE[v]=7.5, Q=19.5
2026-06-05 06:12:15,230 INFO: Plan 3: ḡ=12, γE[v]=7.5, Q=19.5
2026-06-05 06:12:16,348 INFO: Plan 0: ḡ=12, γE[v]=18.5, Q=30.5
2026-06-05 06:12:16,388 INFO: Plan 4: ḡ=12, γE[v]=18.5, Q=30.5
2026-06-05 06:12:16,390 INFO: Plan 7: ḡ=12, γE[v]=19.0, Q=31.0
2026-06-05 06:12:16,391 INFO: Plan 3: ḡ=12, γE[v]=19.0, Q=31.0
2026-06-05 06:12:16,392 INFO: Plan 1: ḡ=12, γE[v]=19.0, Q=31.0
2026-06-05 06:12:16,393 INFO: Plan 2: ḡ=12, γE[v]=18.5, Q=30.5
2026-06-05 06:12:16,394 INFO: Plan 6: ḡ=12, γE[v]=19.0, Q=31.0
2026-06-05 06:12:16,395 INFO: Plan 5: ḡ=12, γE[v]=19.0, Q=31.0
2026-06-05 06:12:40,245 INFO: Plan 1: ḡ=25, γE[v]=15.0, Q=40.0
2026-06-05 06:12:40,262 INFO: Plan 0: ḡ=15, γE[v]=15.0, Q=30.0
2026-06-05 06:12:40,280 INFO: Plan 2: ḡ=15, γE[v]=15.0, Q=30.0
2026-06-05 06:12:40,281 INFO: Plan 3: ḡ=25, γE[v]=7.5, Q=32.5
2026-06-05 06:12:40,551 INFO: Plan 4: ḡ=25, γE[v]=7.5, Q=32.5
2026-06-05 06:12:40,587 INFO: Plan 6: ḡ=20, γE[v]=15.0, Q=35.0
2026-06-05 06:12:40,589 INFO: Plan 7: ḡ=20, γE[v]=15.0, Q=35.0
2026-06-05 06:12:40,589 INFO: Plan 5: ḡ=15, γE[v]=15.0, Q=30.0
2026-06-05 06:12:59,976 INFO: Plan 0: ḡ=12, γE[v]=7.5, Q=19.5
2026-06-05 06:13:00,014 INFO: Plan 1: ḡ=12, γE[v]=5.0, Q=17.0
2026-06-05 06:13:00,015 INFO: Plan 6: ḡ=12, γE[v]=7.5, Q=19.5
2026-06-05 06:13:00,016 INFO: Plan 4: ḡ=12, γE[v]=7.5, Q=19.5
2026-06-05 06:13:00,017 INFO: Plan 7: ḡ=12, γE[v]=5.0, Q=17.0
2026-06-05 06:13:00,018 INFO: Plan 2: ḡ=12, γE[v]=7.5, Q=19.5
2026-06-05 06:13:00,018 INFO: Plan 3: ḡ=12, γE[v]=7.5, Q=19.5
2026-06-05 06:13:00,019 INFO: Plan 5: ḡ=12, γE[v]=5.0, Q=17.0
2026-06-05 06:13:21,813 INFO: Plan 2: ḡ=2, γE[v]=5.0, Q=7.0
2026-06-05 06:13:21,814 INFO: Plan 0: ḡ=2, γE[v]=5.0, Q=7.0
2026-06-05 06:13:21,814 INFO: Plan 1: ḡ=1, γE[v]=5.0, Q=6.0
2026-06-05 06:13:21,815 INFO: Plan 4: ḡ=1, γE[v]=0.0, Q=1.0
2026-06-05 06:13:21,816 INFO: Plan 6: ḡ=1, γE[v]=0.0, Q=1.0
2026-06-05 06:13:21,817 INFO: Plan 3: ḡ=1, γE[v]=0.0, Q=1.0
2026-06-05 06:13:21,818 INFO: Plan 7: ḡ=1, γE[v]=0.0, Q=1.0
2026-06-05 06:13:21,830 INFO: Plan 5: ḡ=1, γE[v]=5.0, Q=6.0
2026-06-05 06:13:23,910 INFO: Plan 0: ḡ=18, γE[v]=6.0, Q=24.0
2026-06-05 06:13:23,929 INFO: Plan 2: ḡ=17, γE[v]=0.0, Q=17.0
2026-06-05 06:13:23,930 INFO: Plan 3: ḡ=17, γE[v]=0.0, Q=17.0
2026-06-05 06:13:23,950 INFO: Plan 5: ḡ=17, γE[v]=16.5, Q=33.5
2026-06-05 06:13:23,951 INFO: Plan 1: ḡ=12, γE[v]=7.5, Q=19.5
2026-06-05 06:13:23,952 INFO: Plan 7: ḡ=12, γE[v]=7.5, Q=19.5
2026-06-05 06:13:23,953 INFO: Plan 4: ḡ=10, γE[v]=7.5, Q=17.5
2026-06-05 06:13:23,953 INFO: Plan 6: ḡ=12, γE[v]=7.5, Q=19.5
2026-06-05 06:13:40,198 INFO: Plan 7: ḡ=0, γE[v]=0.0, Q=0.0
2026-06-05 06:13:40,221 INFO: Plan 1: ḡ=25, γE[v]=7.5, Q=32.5
2026-06-05 06:13:40,222 INFO: Plan 0: ḡ=12, γE[v]=10.0, Q=22.0
2026-06-05 06:13:40,242 INFO: Plan 2: ḡ=12, γE[v]=7.5, Q=19.5
2026-06-05 06:13:40,244 INFO: Plan 5: ḡ=25, γE[v]=15.0, Q=40.0
2026-06-05 06:13:40,245 INFO: Plan 6: ḡ=12, γE[v]=7.5, Q=19.5
2026-06-05 06:13:40,245 INFO: Plan 4: ḡ=12, γE[v]=7.5, Q=19.5
2026-06-05 06:13:40,246 INFO: Plan 3: ḡ=12, γE[v]=7.5, Q=19.5
2026-06-05 06:13:49,451 INFO: Plan 0: ḡ=42, γE[v]=4.0, Q=46.0
2026-06-05 06:13:49,452 INFO: Plan 1: ḡ=42, γE[v]=4.0, Q=46.0
2026-06-05 06:13:49,473 INFO: Plan 3: ḡ=42, γE[v]=4.0, Q=46.0
2026-06-05 06:13:49,474 INFO: Plan 6: ḡ=42, γE[v]=4.0, Q=46.0
2026-06-05 06:13:49,475 INFO: Plan 4: ḡ=42, γE[v]=4.0, Q=46.0
2026-06-05 06:13:49,476 INFO: Plan 7: ḡ=42, γE[v]=4.0, Q=46.0
2026-06-05 06:13:49,477 INFO: Plan 2: ḡ=42, γE[v]=4.0, Q=46.0
2026-06-05 06:13:49,491 INFO: Plan 5: ḡ=42, γE[v]=5.0, Q=47.0
2026-06-05 06:13:56,494 INFO: Plan 0: ḡ=12, γE[v]=10.0, Q=22.0
2026-06-05 06:13:56,517 INFO: Plan 2: ḡ=12, γE[v]=7.5, Q=19.5
2026-06-05 06:13:56,518 INFO: Plan 5: ḡ=15, γE[v]=10.0, Q=25.0
2026-06-05 06:13:56,519 INFO: Plan 1: ḡ=12, γE[v]=7.5, Q=19.5
2026-06-05 06:13:56,519 INFO: Plan 3: ḡ=12, γE[v]=7.5, Q=19.5
2026-06-05 06:13:56,520 INFO: Plan 4: ḡ=15, γE[v]=5.0, Q=20.0
2026-06-05 06:13:56,521 INFO: Plan 6: ḡ=12, γE[v]=7.5, Q=19.5
2026-06-05 06:13:56,522 INFO: Plan 7: ḡ=15, γE[v]=10.0, Q=25.0
2026-06-05 06:14:05,895 INFO: Plan 2: ḡ=1, γE[v]=0.0, Q=1.0
2026-06-05 06:14:05,896 INFO: Plan 1: ḡ=12, γE[v]=19.0, Q=31.0
2026-06-05 06:14:05,897 INFO: Plan 4: ḡ=1, γE[v]=0.0, Q=1.0
2026-06-05 06:14:05,911 INFO: Plan 3: ḡ=1, γE[v]=24.0, Q=25.0
2026-06-05 06:14:05,931 INFO: Plan 0: ḡ=12, γE[v]=17.5, Q=29.5
2026-06-05 06:14:05,932 INFO: Plan 5: ḡ=12, γE[v]=19.0, Q=31.0
2026-06-05 06:14:05,933 INFO: Plan 6: ḡ=12, γE[v]=19.0, Q=31.0
2026-06-05 06:14:05,963 INFO: Plan 7: ḡ=10, γE[v]=15.0, Q=25.0
2026-06-05 06:14:23,573 INFO: Plan 0: ḡ=35, γE[v]=20.0, Q=55.0
2026-06-05 06:14:23,612 INFO: Plan 4: ḡ=20, γE[v]=15.0, Q=35.0
2026-06-05 06:14:23,613 INFO: Plan 7: ḡ=25, γE[v]=7.5, Q=32.5
2026-06-05 06:14:23,614 INFO: Plan 3: ḡ=15, γE[v]=15.0, Q=30.0
2026-06-05 06:14:23,615 INFO: Plan 1: ḡ=15, γE[v]=15.0, Q=30.0
2026-06-05 06:14:23,616 INFO: Plan 6: ḡ=15, γE[v]=15.0, Q=30.0
2026-06-05 06:14:23,617 INFO: Plan 5: ḡ=15, γE[v]=15.0, Q=30.0
2026-06-05 06:14:23,627 INFO: Plan 2: ḡ=112, γE[v]=10.0, Q=122.0
2026-06-05 06:14:47,634 INFO: Plan 0: ḡ=12, γE[v]=5.0, Q=17.0
2026-06-05 06:14:47,654 INFO: Plan 1: ḡ=12, γE[v]=2.5, Q=14.5
2026-06-05 06:14:47,655 INFO: Plan 2: ḡ=12, γE[v]=4.0, Q=16.0
2026-06-05 06:14:47,656 INFO: Plan 7: ḡ=12, γE[v]=2.5, Q=14.5
2026-06-05 06:14:47,657 INFO: Plan 6: ḡ=12, γE[v]=2.5, Q=14.5
2026-06-05 06:14:47,657 INFO: Plan 4: ḡ=12, γE[v]=2.5, Q=14.5
2026-06-05 06:14:47,670 INFO: Plan 3: ḡ=12, γE[v]=7.5, Q=19.5
2026-06-05 06:14:47,671 INFO: Plan 5: ḡ=12, γE[v]=5.0, Q=17.0
2026-06-05 06:15:15,879 INFO: Plan 4: ḡ=2, γE[v]=0.0, Q=2.0
2026-06-05 06:15:15,881 INFO: Plan 6: ḡ=1, γE[v]=0.0, Q=1.0
2026-06-05 06:15:15,882 INFO: Plan 2: ḡ=1, γE[v]=0.0, Q=1.0
2026-06-05 06:15:15,889 INFO: Plan 5: ḡ=0, γE[v]=0.0, Q=0.0
2026-06-05 06:15:15,902 INFO: Plan 0: ḡ=1, γE[v]=7.5, Q=8.5
2026-06-05 06:15:15,903 INFO: Plan 3: ḡ=1, γE[v]=5.0, Q=6.0
2026-06-05 06:15:15,904 INFO: Plan 7: ḡ=2, γE[v]=5.0, Q=7.0
2026-06-05 06:15:15,905 INFO: Plan 1: ḡ=10, γE[v]=7.5, Q=17.5
2026-06-05 06:15:17,093 INFO: Plan 0: ḡ=17, γE[v]=5.0, Q=22.0
2026-06-05 06:15:17,094 INFO: Plan 1: ḡ=12, γE[v]=4.0, Q=16.0
2026-06-05 06:15:17,115 INFO: Plan 7: ḡ=17, γE[v]=0.0, Q=17.0
2026-06-05 06:15:17,139 INFO: Plan 4: ḡ=17, γE[v]=16.5, Q=33.5
2026-06-05 06:15:17,140 INFO: Plan 5: ḡ=18, γE[v]=6.0, Q=24.0
2026-06-05 06:15:17,141 INFO: Plan 3: ḡ=18, γE[v]=6.0, Q=24.0
2026-06-05 06:15:17,142 INFO: Plan 2: ḡ=17, γE[v]=16.5, Q=33.5
2026-06-05 06:15:17,143 INFO: Plan 6: ḡ=10, γE[v]=7.5, Q=17.5
2026-06-05 06:15:28,895 INFO: Plan 0: ḡ=35, γE[v]=7.5, Q=42.5
2026-06-05 06:15:28,896 INFO: Plan 1: ḡ=25, γE[v]=7.5, Q=32.5
2026-06-05 06:15:28,918 INFO: Plan 5: ḡ=45, γE[v]=7.5, Q=52.5
2026-06-05 06:15:28,919 INFO: Plan 3: ḡ=12, γE[v]=15.0, Q=27.0
2026-06-05 06:15:28,919 INFO: Plan 6: ḡ=12, γE[v]=7.5, Q=19.5
2026-06-05 06:15:28,921 INFO: Plan 4: ḡ=12, γE[v]=15.0, Q=27.0
2026-06-05 06:15:28,922 INFO: Plan 7: ḡ=35, γE[v]=7.5, Q=42.5
2026-06-05 06:15:28,922 INFO: Plan 2: ḡ=35, γE[v]=7.5, Q=42.5
2026-06-05 06:15:29,839 INFO: Plan 0: ḡ=25, γE[v]=15.0, Q=40.0
2026-06-05 06:15:29,840 INFO: Plan 1: ḡ=12, γE[v]=7.5, Q=19.5
2026-06-05 06:15:29,841 INFO: Plan 2: ḡ=25, γE[v]=15.0, Q=40.0
2026-06-05 06:15:29,860 INFO: Plan 5: ḡ=10, γE[v]=7.5, Q=17.5
2026-06-05 06:15:29,861 INFO: Plan 6: ḡ=12, γE[v]=7.5, Q=19.5
2026-06-05 06:15:29,862 INFO: Plan 3: ḡ=25, γE[v]=7.5, Q=32.5
2026-06-05 06:15:29,863 INFO: Plan 7: ḡ=12, γE[v]=10.0, Q=22.0
2026-06-05 06:15:29,864 INFO: Plan 4: ḡ=25, γE[v]=7.5, Q=32.5
2026-06-05 06:15:35,727 INFO: Plan 0: ḡ=12, γE[v]=7.5, Q=19.5
2026-06-05 06:15:35,765 INFO: Plan 4: ḡ=12, γE[v]=7.5, Q=19.5
2026-06-05 06:15:35,766 INFO: Plan 6: ḡ=12, γE[v]=7.5, Q=19.5
2026-06-05 06:15:35,768 INFO: Plan 1: ḡ=12, γE[v]=7.5, Q=19.5
2026-06-05 06:15:35,769 INFO: Plan 2: ḡ=15, γE[v]=5.0, Q=20.0
2026-06-05 06:15:35,770 INFO: Plan 3: ḡ=15, γE[v]=10.0, Q=25.0
2026-06-05 06:15:35,771 INFO: Plan 5: ḡ=12, γE[v]=7.5, Q=19.5
2026-06-05 06:15:35,771 INFO: Plan 7: ḡ=12, γE[v]=7.5, Q=19.5
2026-06-05 06:15:59,414 INFO: Plan 1: ḡ=1, γE[v]=24.0, Q=25.0
2026-06-05 06:15:59,435 INFO: Plan 0: ḡ=12, γE[v]=19.0, Q=31.0
2026-06-05 06:15:59,436 INFO: Plan 2: ḡ=12, γE[v]=19.0, Q=31.0
2026-06-05 06:15:59,455 INFO: Plan 3: ḡ=12, γE[v]=18.5, Q=30.5
2026-06-05 06:15:59,456 INFO: Plan 4: ḡ=12, γE[v]=19.0, Q=31.0
2026-06-05 06:15:59,457 INFO: Plan 5: ḡ=12, γE[v]=19.0, Q=31.0
2026-06-05 06:15:59,458 INFO: Plan 6: ḡ=12, γE[v]=19.0, Q=31.0
2026-06-05 06:15:59,459 INFO: Plan 7: ḡ=12, γE[v]=19.0, Q=31.0
2026-06-05 06:16:03,353 INFO: Plan 0: ḡ=35, γE[v]=7.5, Q=42.5
2026-06-05 06:16:03,372 INFO: Plan 1: ḡ=35, γE[v]=10.0, Q=45.0
2026-06-05 06:16:03,391 INFO: Plan 4: ḡ=10, γE[v]=7.5, Q=17.5
2026-06-05 06:16:03,392 INFO: Plan 5: ḡ=45, γE[v]=10.0, Q=55.0
2026-06-05 06:16:03,393 INFO: Plan 6: ḡ=35, γE[v]=10.0, Q=45.0
2026-06-05 06:16:03,409 INFO: Plan 3: ḡ=113, γE[v]=15.0, Q=128.0
2026-06-05 06:16:03,410 INFO: Plan 7: ḡ=113, γE[v]=10.0, Q=123.0
2026-06-05 06:16:03,411 INFO: Plan 2: ḡ=113, γE[v]=15.0, Q=128.0
  [57/93] httpx._utils seed=42: {'cov_qvalue_calib': 26}
2026-06-05 06:16:32,515 INFO: Plan 0: ḡ=0, γE[v]=0.0, Q=0.0
2026-06-05 06:16:32,533 INFO: Plan 1: ḡ=0, γE[v]=0.0, Q=0.0
2026-06-05 06:16:32,556 INFO: Plan 4: ḡ=0, γE[v]=0.0, Q=0.0
2026-06-05 06:16:32,557 INFO: Plan 3: ḡ=0, γE[v]=0.0, Q=0.0
2026-06-05 06:16:32,558 INFO: Plan 6: ḡ=0, γE[v]=0.0, Q=0.0
2026-06-05 06:16:32,559 INFO: Plan 2: ḡ=0, γE[v]=0.0, Q=0.0
2026-06-05 06:16:32,560 INFO: Plan 5: ḡ=0, γE[v]=0.0, Q=0.0
2026-06-05 06:16:32,561 INFO: Plan 7: ḡ=0, γE[v]=0.0, Q=0.0
  [58/93] httpx._transports.default seed=42: {'cov_qvalue_calib': 6}
2026-06-05 06:17:05,609 INFO: Plan 2: ḡ=1, γE[v]=0.0, Q=1.0
2026-06-05 06:17:05,610 INFO: Plan 0: ḡ=1, γE[v]=0.0, Q=1.0
2026-06-05 06:17:05,632 INFO: Plan 7: ḡ=1, γE[v]=5.0, Q=6.0
2026-06-05 06:17:05,633 INFO: Plan 3: ḡ=1, γE[v]=5.0, Q=6.0
2026-06-05 06:17:05,656 INFO: Plan 6: ḡ=12, γE[v]=17.5, Q=29.5
2026-06-05 06:17:05,657 INFO: Plan 5: ḡ=10, γE[v]=15.0, Q=25.0
2026-06-05 06:17:05,658 INFO: Plan 4: ḡ=12, γE[v]=17.5, Q=29.5
2026-06-05 06:17:05,659 INFO: Plan 1: ḡ=10, γE[v]=15.0, Q=25.0
2026-06-05 06:17:07,004 INFO: Plan 0: ḡ=19, γE[v]=0.0, Q=19.0
2026-06-05 06:17:07,029 INFO: Plan 7: ḡ=19, γE[v]=5.0, Q=24.0
2026-06-05 06:17:07,030 INFO: Plan 2: ḡ=10, γE[v]=7.5, Q=17.5
2026-06-05 06:17:07,031 INFO: Plan 3: ḡ=19, γE[v]=5.0, Q=24.0
2026-06-05 06:17:07,033 INFO: Plan 1: ḡ=12, γE[v]=7.5, Q=19.5
2026-06-05 06:17:07,034 INFO: Plan 5: ḡ=19, γE[v]=5.0, Q=24.0
2026-06-05 06:17:07,034 INFO: Plan 4: ḡ=12, γE[v]=7.5, Q=19.5
2026-06-05 06:17:07,035 INFO: Plan 6: ḡ=18, γE[v]=6.0, Q=24.0
2026-06-05 06:17:09,416 INFO: Plan 1: ḡ=35, γE[v]=7.5, Q=42.5
2026-06-05 06:17:09,417 INFO: Plan 2: ḡ=45, γE[v]=7.5, Q=52.5
2026-06-05 06:17:09,418 INFO: Plan 0: ḡ=35, γE[v]=7.5, Q=42.5
2026-06-05 06:17:09,441 INFO: Plan 4: ḡ=35, γE[v]=7.5, Q=42.5
2026-06-05 06:17:09,442 INFO: Plan 6: ḡ=35, γE[v]=7.5, Q=42.5
2026-06-05 06:17:09,443 INFO: Plan 7: ḡ=45, γE[v]=5.0, Q=50.0
2026-06-05 06:17:09,444 INFO: Plan 5: ḡ=45, γE[v]=7.5, Q=52.5
2026-06-05 06:17:09,445 INFO: Plan 3: ḡ=35, γE[v]=7.5, Q=42.5
2026-06-05 06:17:15,767 INFO: Plan 0: ḡ=25, γE[v]=15.0, Q=40.0
2026-06-05 06:17:15,790 INFO: Plan 5: ḡ=25, γE[v]=15.0, Q=40.0
2026-06-05 06:17:15,792 INFO: Plan 1: ḡ=12, γE[v]=7.5, Q=19.5
2026-06-05 06:17:15,792 INFO: Plan 3: ḡ=12, γE[v]=7.5, Q=19.5
2026-06-05 06:17:15,793 INFO: Plan 4: ḡ=12, γE[v]=7.5, Q=19.5
2026-06-05 06:17:15,793 INFO: Plan 2: ḡ=25, γE[v]=15.0, Q=40.0
2026-06-05 06:17:15,807 INFO: Plan 6: ḡ=12, γE[v]=7.5, Q=19.5
2026-06-05 06:17:15,808 INFO: Plan 7: ḡ=25, γE[v]=7.5, Q=32.5
2026-06-05 06:17:17,028 INFO: Plan 0: ḡ=15, γE[v]=15.0, Q=30.0
2026-06-05 06:17:17,068 INFO: Plan 7: ḡ=15, γE[v]=10.0, Q=25.0
2026-06-05 06:17:17,070 INFO: Plan 2: ḡ=12, γE[v]=7.5, Q=19.5
2026-06-05 06:17:17,072 INFO: Plan 6: ḡ=12, γE[v]=7.5, Q=19.5
2026-06-05 06:17:17,072 INFO: Plan 5: ḡ=15, γE[v]=10.0, Q=25.0
2026-06-05 06:17:17,073 INFO: Plan 1: ḡ=12, γE[v]=7.5, Q=19.5
2026-06-05 06:17:17,074 INFO: Plan 4: ḡ=25, γE[v]=7.5, Q=32.5
2026-06-05 06:17:17,074 INFO: Plan 3: ḡ=12, γE[v]=7.5, Q=19.5
2026-06-05 06:17:42,136 INFO: Plan 0: ḡ=12, γE[v]=19.0, Q=31.0
2026-06-05 06:17:42,137 INFO: Plan 1: ḡ=12, γE[v]=19.0, Q=31.0
2026-06-05 06:17:42,155 INFO: Plan 2: ḡ=12, γE[v]=19.0, Q=31.0
2026-06-05 06:17:42,156 INFO: Plan 3: ḡ=12, γE[v]=19.0, Q=31.0
2026-06-05 06:17:42,174 INFO: Plan 7: ḡ=12, γE[v]=19.0, Q=31.0
2026-06-05 06:17:42,175 INFO: Plan 5: ḡ=12, γE[v]=19.0, Q=31.0
2026-06-05 06:17:42,176 INFO: Plan 6: ḡ=10, γE[v]=15.0, Q=25.0
2026-06-05 06:17:42,176 INFO: Plan 4: ḡ=10, γE[v]=20.0, Q=30.0
2026-06-05 06:17:43,843 INFO: Plan 3: ḡ=35, γE[v]=7.5, Q=42.5
2026-06-05 06:17:43,844 INFO: Plan 2: ḡ=15, γE[v]=10.0, Q=25.0
2026-06-05 06:17:43,845 INFO: Plan 4: ḡ=25, γE[v]=7.5, Q=32.5
2026-06-05 06:17:43,846 INFO: Plan 0: ḡ=15, γE[v]=15.0, Q=30.0
2026-06-05 06:17:43,862 INFO: Plan 5: ḡ=35, γE[v]=7.5, Q=42.5
2026-06-05 06:17:43,863 INFO: Plan 1: ḡ=112, γE[v]=15.0, Q=127.0
2026-06-05 06:17:43,883 INFO: Plan 6: ḡ=112, γE[v]=15.0, Q=127.0
2026-06-05 06:17:43,884 INFO: Plan 7: ḡ=10, γE[v]=15.0, Q=25.0
2026-06-05 06:17:56,261 INFO: Plan 0: ḡ=0, γE[v]=0.0, Q=0.0
2026-06-05 06:17:56,262 INFO: Plan 1: ḡ=0, γE[v]=0.0, Q=0.0
2026-06-05 06:17:56,278 INFO: Plan 2: ḡ=0, γE[v]=0.0, Q=0.0
2026-06-05 06:17:56,308 INFO: Plan 5: ḡ=0, γE[v]=0.0, Q=0.0
2026-06-05 06:17:56,309 INFO: Plan 4: ḡ=0, γE[v]=0.0, Q=0.0
2026-06-05 06:17:56,310 INFO: Plan 6: ḡ=0, γE[v]=0.0, Q=0.0
2026-06-05 06:17:56,311 INFO: Plan 3: ḡ=0, γE[v]=0.0, Q=0.0
2026-06-05 06:17:56,312 INFO: Plan 7: ḡ=0, γE[v]=0.0, Q=0.0
  [59/93] httpx._config seed=42: {'cov_qvalue_calib': 23}
2026-06-05 06:18:37,768 INFO: Plan 1: ḡ=34, γE[v]=7.5, Q=41.5
2026-06-05 06:18:37,769 INFO: Plan 3: ḡ=34, γE[v]=5.0, Q=39.0
2026-06-05 06:18:37,770 INFO: Plan 5: ḡ=40, γE[v]=5.0, Q=45.0
2026-06-05 06:18:37,771 INFO: Plan 0: ḡ=34, γE[v]=5.0, Q=39.0
2026-06-05 06:18:37,771 INFO: Plan 2: ḡ=34, γE[v]=7.5, Q=41.5
2026-06-05 06:18:37,772 INFO: Plan 4: ḡ=34, γE[v]=7.5, Q=41.5
2026-06-05 06:18:37,773 INFO: Plan 6: ḡ=34, γE[v]=7.5, Q=41.5
2026-06-05 06:18:37,787 INFO: Plan 7: ḡ=34, γE[v]=8.0, Q=42.0
2026-06-05 06:18:49,400 INFO: Plan 3: ḡ=35, γE[v]=7.5, Q=42.5
2026-06-05 06:18:49,401 INFO: Plan 2: ḡ=45, γE[v]=7.5, Q=52.5
2026-06-05 06:18:49,402 INFO: Plan 1: ḡ=35, γE[v]=7.5, Q=42.5
2026-06-05 06:18:49,403 INFO: Plan 0: ḡ=12, γE[v]=10.0, Q=22.0
2026-06-05 06:18:49,404 INFO: Plan 4: ḡ=32, γE[v]=9.0, Q=41.0
2026-06-05 06:18:49,424 INFO: Plan 6: ḡ=32, γE[v]=9.0, Q=41.0
2026-06-05 06:18:49,424 INFO: Plan 5: ḡ=25, γE[v]=15.0, Q=40.0
2026-06-05 06:18:49,425 INFO: Plan 7: ḡ=45, γE[v]=7.5, Q=52.5
2026-06-05 06:18:52,695 INFO: Plan 0: ḡ=12, γE[v]=2.5, Q=14.5
2026-06-05 06:18:52,696 INFO: Plan 1: ḡ=12, γE[v]=4.0, Q=16.0
2026-06-05 06:18:52,721 INFO: Plan 3: ḡ=12, γE[v]=4.0, Q=16.0
2026-06-05 06:18:52,721 INFO: Plan 5: ḡ=10, γE[v]=2.5, Q=12.5
2026-06-05 06:18:52,722 INFO: Plan 2: ḡ=12, γE[v]=4.0, Q=16.0
2026-06-05 06:18:52,723 INFO: Plan 7: ḡ=12, γE[v]=4.0, Q=16.0
2026-06-05 06:18:52,723 INFO: Plan 4: ḡ=12, γE[v]=2.5, Q=14.5
2026-06-05 06:18:52,724 INFO: Plan 6: ḡ=12, γE[v]=4.0, Q=16.0
2026-06-05 06:18:58,176 INFO: Plan 2: ḡ=25, γE[v]=15.0, Q=40.0
2026-06-05 06:18:58,177 INFO: Plan 1: ḡ=12, γE[v]=7.5, Q=19.5
2026-06-05 06:18:58,178 INFO: Plan 0: ḡ=25, γE[v]=15.0, Q=40.0
2026-06-05 06:18:58,202 INFO: Plan 3: ḡ=12, γE[v]=7.5, Q=19.5
2026-06-05 06:18:58,203 INFO: Plan 5: ḡ=40, γE[v]=15.0, Q=55.0
2026-06-05 06:18:58,204 INFO: Plan 7: ḡ=12, γE[v]=7.5, Q=19.5
2026-06-05 06:18:58,205 INFO: Plan 4: ḡ=12, γE[v]=7.5, Q=19.5
2026-06-05 06:18:58,206 INFO: Plan 6: ḡ=12, γE[v]=7.5, Q=19.5
2026-06-05 06:18:58,923 INFO: Plan 1: ḡ=12, γE[v]=7.5, Q=19.5
2026-06-05 06:18:58,924 INFO: Plan 0: ḡ=35, γE[v]=10.0, Q=45.0
2026-06-05 06:18:58,941 INFO: Plan 2: ḡ=15, γE[v]=5.0, Q=20.0
2026-06-05 06:18:58,961 INFO: Plan 3: ḡ=25, γE[v]=7.5, Q=32.5
2026-06-05 06:18:58,962 INFO: Plan 4: ḡ=35, γE[v]=7.5, Q=42.5
2026-06-05 06:18:58,964 INFO: Plan 6: ḡ=12, γE[v]=7.5, Q=19.5
2026-06-05 06:18:58,965 INFO: Plan 5: ḡ=25, γE[v]=15.0, Q=40.0
2026-06-05 06:18:58,967 INFO: Plan 7: ḡ=12, γE[v]=7.5, Q=19.5
  [60/93] pydantic.types seed=42: {'cov_qvalue_calib': 135}
  [61/93] httpx._auth seed=42: {'cov_qvalue_calib': 55}
2026-06-05 06:19:23,395 INFO: Plan 0: ḡ=0, γE[v]=0.0, Q=0.0
2026-06-05 06:19:23,421 INFO: Plan 5: ḡ=0, γE[v]=0.0, Q=0.0
2026-06-05 06:19:23,423 INFO: Plan 4: ḡ=0, γE[v]=0.0, Q=0.0
2026-06-05 06:19:23,424 INFO: Plan 2: ḡ=0, γE[v]=0.0, Q=0.0
2026-06-05 06:19:23,424 INFO: Plan 6: ḡ=0, γE[v]=0.0, Q=0.0
2026-06-05 06:19:23,425 INFO: Plan 7: ḡ=0, γE[v]=0.0, Q=0.0
2026-06-05 06:19:23,425 INFO: Plan 1: ḡ=0, γE[v]=0.0, Q=0.0
2026-06-05 06:19:23,426 INFO: Plan 3: ḡ=0, γE[v]=0.0, Q=0.0
2026-06-05 06:19:24,049 INFO: Plan 1: ḡ=1, γE[v]=0.0, Q=1.0
2026-06-05 06:19:24,051 INFO: Plan 0: ḡ=1, γE[v]=0.0, Q=1.0
2026-06-05 06:19:24,070 INFO: Plan 4: ḡ=1, γE[v]=0.0, Q=1.0
2026-06-05 06:19:24,071 INFO: Plan 2: ḡ=1, γE[v]=0.0, Q=1.0
2026-06-05 06:19:24,072 INFO: Plan 6: ḡ=1, γE[v]=0.0, Q=1.0
2026-06-05 06:19:24,073 INFO: Plan 7: ḡ=1, γE[v]=0.0, Q=1.0
2026-06-05 06:19:24,108 INFO: Plan 3: ḡ=10, γE[v]=20.0, Q=30.0
2026-06-05 06:19:24,109 INFO: Plan 5: ḡ=10, γE[v]=20.0, Q=30.0
2026-06-05 06:19:29,133 INFO: Plan 0: ḡ=12, γE[v]=7.5, Q=19.5
2026-06-05 06:19:29,171 INFO: Plan 2: ḡ=12, γE[v]=7.5, Q=19.5
2026-06-05 06:19:29,172 INFO: Plan 5: ḡ=12, γE[v]=7.5, Q=19.5
2026-06-05 06:19:29,173 INFO: Plan 4: ḡ=12, γE[v]=7.5, Q=19.5
2026-06-05 06:19:29,174 INFO: Plan 3: ḡ=12, γE[v]=10.0, Q=22.0
2026-06-05 06:19:29,175 INFO: Plan 1: ḡ=12, γE[v]=9.0, Q=21.0
2026-06-05 06:19:29,176 INFO: Plan 6: ḡ=12, γE[v]=7.5, Q=19.5
2026-06-05 06:19:29,176 INFO: Plan 7: ḡ=12, γE[v]=7.5, Q=19.5
2026-06-05 06:20:10,986 INFO: Plan 0: ḡ=34, γE[v]=5.0, Q=39.0
2026-06-05 06:20:11,004 INFO: Plan 1: ḡ=34, γE[v]=5.0, Q=39.0
2026-06-05 06:20:11,026 INFO: Plan 5: ḡ=34, γE[v]=7.5, Q=41.5
2026-06-05 06:20:11,026 INFO: Plan 2: ḡ=34, γE[v]=8.0, Q=42.0
2026-06-05 06:20:11,028 INFO: Plan 4: ḡ=34, γE[v]=7.5, Q=41.5
2026-06-05 06:20:11,029 INFO: Plan 7: ḡ=34, γE[v]=8.0, Q=42.0
2026-06-05 06:20:11,030 INFO: Plan 6: ḡ=34, γE[v]=8.0, Q=42.0
2026-06-05 06:20:11,031 INFO: Plan 3: ḡ=34, γE[v]=5.0, Q=39.0
2026-06-05 06:20:31,357 INFO: Plan 3: ḡ=35, γE[v]=7.5, Q=42.5
2026-06-05 06:20:31,358 INFO: Plan 2: ḡ=45, γE[v]=7.5, Q=52.5
2026-06-05 06:20:31,358 INFO: Plan 0: ḡ=35, γE[v]=7.5, Q=42.5
2026-06-05 06:20:31,359 INFO: Plan 4: ḡ=32, γE[v]=9.0, Q=41.0
2026-06-05 06:20:31,361 INFO: Plan 1: ḡ=35, γE[v]=7.5, Q=42.5
2026-06-05 06:20:31,396 INFO: Plan 5: ḡ=45, γE[v]=7.5, Q=52.5
2026-06-05 06:20:31,397 INFO: Plan 7: ḡ=45, γE[v]=7.5, Q=52.5
2026-06-05 06:20:31,397 INFO: Plan 6: ḡ=12, γE[v]=10.0, Q=22.0
2026-06-05 06:20:36,667 INFO: Plan 0: ḡ=35, γE[v]=0.0, Q=35.0
2026-06-05 06:20:36,668 INFO: Plan 3: ḡ=35, γE[v]=2.5, Q=37.5
2026-06-05 06:20:36,692 INFO: Plan 4: ḡ=35, γE[v]=5.0, Q=40.0
2026-06-05 06:20:36,693 INFO: Plan 6: ḡ=35, γE[v]=0.0, Q=35.0
2026-06-05 06:20:36,694 INFO: Plan 7: ḡ=35, γE[v]=2.5, Q=37.5
2026-06-05 06:20:36,694 INFO: Plan 5: ḡ=35, γE[v]=0.0, Q=35.0
2026-06-05 06:20:36,695 INFO: Plan 2: ḡ=35, γE[v]=2.5, Q=37.5
2026-06-05 06:20:36,713 INFO: Plan 1: ḡ=35, γE[v]=5.0, Q=40.0
2026-06-05 06:20:47,068 INFO: Plan 2: ḡ=12, γE[v]=7.5, Q=19.5
2026-06-05 06:20:47,069 INFO: Plan 0: ḡ=12, γE[v]=7.5, Q=19.5
2026-06-05 06:20:47,069 INFO: Plan 1: ḡ=12, γE[v]=7.5, Q=19.5
2026-06-05 06:20:47,092 INFO: Plan 5: ḡ=25, γE[v]=15.0, Q=40.0
2026-06-05 06:20:47,092 INFO: Plan 6: ḡ=20, γE[v]=7.5, Q=27.5
2026-06-05 06:20:47,093 INFO: Plan 4: ḡ=35, γE[v]=10.0, Q=45.0
2026-06-05 06:20:47,094 INFO: Plan 7: ḡ=35, γE[v]=10.0, Q=45.0
2026-06-05 06:20:47,094 INFO: Plan 3: ḡ=12, γE[v]=7.5, Q=19.5
2026-06-05 06:20:48,325 INFO: Plan 5: ḡ=0, γE[v]=0.0, Q=0.0
2026-06-05 06:20:48,346 INFO: Plan 1: ḡ=10, γE[v]=7.5, Q=17.5
2026-06-05 06:20:48,347 INFO: Plan 0: ḡ=12, γE[v]=7.5, Q=19.5
2026-06-05 06:20:48,367 INFO: Plan 4: ḡ=35, γE[v]=10.0, Q=45.0
2026-06-05 06:20:48,368 INFO: Plan 2: ḡ=12, γE[v]=7.5, Q=19.5
2026-06-05 06:20:48,369 INFO: Plan 7: ḡ=15, γE[v]=5.0, Q=20.0
2026-06-05 06:20:48,370 INFO: Plan 3: ḡ=35, γE[v]=7.5, Q=42.5
2026-06-05 06:20:48,371 INFO: Plan 6: ḡ=12, γE[v]=7.5, Q=19.5
2026-06-05 06:20:56,663 INFO: Plan 0: ḡ=0, γE[v]=0.0, Q=0.0
2026-06-05 06:20:56,711 INFO: Plan 6: ḡ=0, γE[v]=0.0, Q=0.0
2026-06-05 06:20:56,712 INFO: Plan 2: ḡ=0, γE[v]=0.0, Q=0.0
2026-06-05 06:20:56,713 INFO: Plan 4: ḡ=0, γE[v]=0.0, Q=0.0
2026-06-05 06:20:56,713 INFO: Plan 7: ḡ=0, γE[v]=0.0, Q=0.0
2026-06-05 06:20:56,714 INFO: Plan 3: ḡ=0, γE[v]=0.0, Q=0.0
2026-06-05 06:20:56,715 INFO: Plan 1: ḡ=0, γE[v]=0.0, Q=0.0
2026-06-05 06:20:56,716 INFO: Plan 5: ḡ=0, γE[v]=0.0, Q=0.0
2026-06-05 06:21:05,369 INFO: Plan 1: ḡ=17, γE[v]=0.0, Q=17.0
2026-06-05 06:21:05,389 INFO: Plan 0: ḡ=40, γE[v]=5.0, Q=45.0
2026-06-05 06:21:05,414 INFO: Plan 5: ḡ=17, γE[v]=15.0, Q=32.0
2026-06-05 06:21:05,415 INFO: Plan 4: ḡ=10, γE[v]=15.0, Q=25.0
2026-06-05 06:21:05,416 INFO: Plan 2: ḡ=17, γE[v]=20.0, Q=37.0
2026-06-05 06:21:05,416 INFO: Plan 6: ḡ=10, γE[v]=15.0, Q=25.0
2026-06-05 06:21:05,417 INFO: Plan 3: ḡ=10, γE[v]=15.0, Q=25.0
2026-06-05 06:21:05,432 INFO: Plan 7: ḡ=17, γE[v]=50.0, Q=67.0
2026-06-05 06:21:11,246 INFO: Plan 1: ḡ=12, γE[v]=7.5, Q=19.5
2026-06-05 06:21:11,284 INFO: Plan 6: ḡ=12, γE[v]=7.5, Q=19.5
2026-06-05 06:21:11,285 INFO: Plan 4: ḡ=12, γE[v]=7.5, Q=19.5
2026-06-05 06:21:11,286 INFO: Plan 0: ḡ=17, γE[v]=16.5, Q=33.5
2026-06-05 06:21:11,287 INFO: Plan 7: ḡ=12, γE[v]=7.5, Q=19.5
2026-06-05 06:21:11,287 INFO: Plan 3: ḡ=17, γE[v]=5.0, Q=22.0
2026-06-05 06:21:11,288 INFO: Plan 2: ḡ=17, γE[v]=16.5, Q=33.5
2026-06-05 06:21:11,289 INFO: Plan 5: ḡ=17, γE[v]=16.5, Q=33.5
2026-06-05 06:21:46,105 INFO: Plan 0: ḡ=34, γE[v]=5.0, Q=39.0
2026-06-05 06:21:46,123 INFO: Plan 3: ḡ=34, γE[v]=8.0, Q=42.0
2026-06-05 06:21:46,145 INFO: Plan 6: ḡ=34, γE[v]=5.0, Q=39.0
2026-06-05 06:21:46,146 INFO: Plan 2: ḡ=34, γE[v]=5.0, Q=39.0
2026-06-05 06:21:46,147 INFO: Plan 7: ḡ=34, γE[v]=5.0, Q=39.0
2026-06-05 06:21:46,148 INFO: Plan 5: ḡ=34, γE[v]=5.0, Q=39.0
2026-06-05 06:21:46,149 INFO: Plan 4: ḡ=34, γE[v]=5.0, Q=39.0
2026-06-05 06:21:46,149 INFO: Plan 1: ḡ=34, γE[v]=5.0, Q=39.0
2026-06-05 06:22:11,221 INFO: Plan 0: ḡ=35, γE[v]=7.5, Q=42.5
2026-06-05 06:22:11,222 INFO: Plan 3: ḡ=35, γE[v]=7.5, Q=42.5
2026-06-05 06:22:11,222 INFO: Plan 2: ḡ=35, γE[v]=7.5, Q=42.5
2026-06-05 06:22:11,223 INFO: Plan 1: ḡ=12, γE[v]=10.0, Q=22.0
2026-06-05 06:22:11,241 INFO: Plan 4: ḡ=32, γE[v]=9.0, Q=41.0
2026-06-05 06:22:11,242 INFO: Plan 5: ḡ=45, γE[v]=5.0, Q=50.0
2026-06-05 06:22:11,243 INFO: Plan 6: ḡ=35, γE[v]=7.5, Q=42.5
2026-06-05 06:22:11,244 INFO: Plan 7: ḡ=35, γE[v]=10.0, Q=45.0
2026-06-05 06:22:16,694 INFO: Plan 1: ḡ=35, γE[v]=0.0, Q=35.0
2026-06-05 06:22:16,695 INFO: Plan 0: ḡ=35, γE[v]=0.0, Q=35.0
2026-06-05 06:22:16,696 INFO: Plan 5: ḡ=35, γE[v]=0.0, Q=35.0
2026-06-05 06:22:16,697 INFO: Plan 2: ḡ=35, γE[v]=0.0, Q=35.0
2026-06-05 06:22:16,713 INFO: Plan 4: ḡ=35, γE[v]=0.0, Q=35.0
2026-06-05 06:22:16,714 INFO: Plan 7: ḡ=35, γE[v]=0.0, Q=35.0
2026-06-05 06:22:16,715 INFO: Plan 3: ḡ=35, γE[v]=0.0, Q=35.0
2026-06-05 06:22:16,716 INFO: Plan 6: ḡ=35, γE[v]=0.0, Q=35.0
2026-06-05 06:22:31,008 INFO: Plan 0: ḡ=0, γE[v]=0.0, Q=0.0
2026-06-05 06:22:31,035 INFO: Plan 6: ḡ=0, γE[v]=0.0, Q=0.0
2026-06-05 06:22:31,036 INFO: Plan 1: ḡ=0, γE[v]=0.0, Q=0.0
2026-06-05 06:22:31,036 INFO: Plan 4: ḡ=0, γE[v]=0.0, Q=0.0
2026-06-05 06:22:31,037 INFO: Plan 2: ḡ=0, γE[v]=0.0, Q=0.0
2026-06-05 06:22:31,038 INFO: Plan 5: ḡ=0, γE[v]=0.0, Q=0.0
2026-06-05 06:22:31,039 INFO: Plan 3: ḡ=0, γE[v]=0.0, Q=0.0
2026-06-05 06:22:31,040 INFO: Plan 7: ḡ=0, γE[v]=0.0, Q=0.0
2026-06-05 06:22:35,238 INFO: Plan 2: ḡ=25, γE[v]=15.0, Q=40.0
2026-06-05 06:22:35,239 INFO: Plan 1: ḡ=12, γE[v]=7.5, Q=19.5
2026-06-05 06:22:35,240 INFO: Plan 0: ḡ=12, γE[v]=7.5, Q=19.5
2026-06-05 06:22:35,240 INFO: Plan 3: ḡ=25, γE[v]=7.5, Q=32.5
2026-06-05 06:22:35,267 INFO: Plan 5: ḡ=12, γE[v]=15.0, Q=27.0
2026-06-05 06:22:35,273 INFO: Plan 7: ḡ=35, γE[v]=7.5, Q=42.5
2026-06-05 06:22:35,274 INFO: Plan 4: ḡ=12, γE[v]=7.5, Q=19.5
2026-06-05 06:22:35,278 INFO: Plan 6: ḡ=12, γE[v]=7.5, Q=19.5
2026-06-05 06:22:38,138 INFO: Plan 4: ḡ=35, γE[v]=10.0, Q=45.0
2026-06-05 06:22:38,139 INFO: Plan 2: ḡ=35, γE[v]=10.0, Q=45.0
2026-06-05 06:22:38,140 INFO: Plan 3: ḡ=12, γE[v]=7.5, Q=19.5
2026-06-05 06:22:38,140 INFO: Plan 1: ḡ=12, γE[v]=10.0, Q=22.0
2026-06-05 06:22:38,161 INFO: Plan 6: ḡ=12, γE[v]=7.5, Q=19.5
2026-06-05 06:22:38,162 INFO: Plan 7: ḡ=12, γE[v]=7.5, Q=19.5
2026-06-05 06:22:38,162 INFO: Plan 0: ḡ=35, γE[v]=10.0, Q=45.0
2026-06-05 06:22:38,163 INFO: Plan 5: ḡ=25, γE[v]=7.5, Q=32.5
2026-06-05 06:22:45,861 INFO: Plan 0: ḡ=0, γE[v]=0.0, Q=0.0
2026-06-05 06:22:45,882 INFO: Plan 6: ḡ=0, γE[v]=0.0, Q=0.0
2026-06-05 06:22:45,883 INFO: Plan 4: ḡ=0, γE[v]=0.0, Q=0.0
2026-06-05 06:22:45,884 INFO: Plan 5: ḡ=0, γE[v]=0.0, Q=0.0
2026-06-05 06:22:45,902 INFO: Plan 2: ḡ=12, γE[v]=15.0, Q=27.0
2026-06-05 06:22:45,903 INFO: Plan 1: ḡ=17, γE[v]=15.0, Q=32.0
2026-06-05 06:22:45,923 INFO: Plan 7: ḡ=10, γE[v]=15.0, Q=25.0
2026-06-05 06:22:45,924 INFO: Plan 3: ḡ=15, γE[v]=10.0, Q=25.0
2026-06-05 06:22:50,726 INFO: Plan 3: ḡ=17, γE[v]=5.0, Q=22.0
2026-06-05 06:22:50,745 INFO: Plan 0: ḡ=17, γE[v]=16.5, Q=33.5
2026-06-05 06:22:50,765 INFO: Plan 7: ḡ=17, γE[v]=16.5, Q=33.5
2026-06-05 06:22:50,767 INFO: Plan 2: ḡ=17, γE[v]=16.5, Q=33.5
2026-06-05 06:22:50,768 INFO: Plan 1: ḡ=17, γE[v]=5.0, Q=22.0
2026-06-05 06:22:50,769 INFO: Plan 5: ḡ=17, γE[v]=16.5, Q=33.5
2026-06-05 06:22:50,770 INFO: Plan 6: ḡ=17, γE[v]=5.0, Q=22.0
2026-06-05 06:22:50,771 INFO: Plan 4: ḡ=12, γE[v]=7.5, Q=19.5
2026-06-05 06:23:17,551 INFO: Plan 1: ḡ=12, γE[v]=11.0, Q=23.0
2026-06-05 06:23:17,570 INFO: Plan 0: ḡ=34, γE[v]=5.0, Q=39.0
2026-06-05 06:23:17,591 INFO: Plan 2: ḡ=34, γE[v]=8.0, Q=42.0
2026-06-05 06:23:17,592 INFO: Plan 5: ḡ=34, γE[v]=8.0, Q=42.0
2026-06-05 06:23:17,593 INFO: Plan 4: ḡ=34, γE[v]=8.0, Q=42.0
2026-06-05 06:23:17,594 INFO: Plan 7: ḡ=34, γE[v]=5.0, Q=39.0
2026-06-05 06:23:17,595 INFO: Plan 6: ḡ=34, γE[v]=5.0, Q=39.0
2026-06-05 06:23:17,595 INFO: Plan 3: ḡ=34, γE[v]=5.0, Q=39.0
2026-06-05 06:23:44,774 INFO: Plan 0: ḡ=45, γE[v]=5.0, Q=50.0
2026-06-05 06:23:44,797 INFO: Plan 1: ḡ=35, γE[v]=7.5, Q=42.5
2026-06-05 06:23:44,798 INFO: Plan 3: ḡ=45, γE[v]=7.5, Q=52.5
2026-06-05 06:23:44,799 INFO: Plan 2: ḡ=35, γE[v]=7.5, Q=42.5
2026-06-05 06:23:44,819 INFO: Plan 6: ḡ=35, γE[v]=7.5, Q=42.5
2026-06-05 06:23:44,820 INFO: Plan 4: ḡ=32, γE[v]=9.0, Q=41.0
2026-06-05 06:23:44,821 INFO: Plan 7: ḡ=35, γE[v]=7.5, Q=42.5
2026-06-05 06:23:44,822 INFO: Plan 5: ḡ=45, γE[v]=7.5, Q=52.5
2026-06-05 06:23:51,672 INFO: Plan 2: ḡ=35, γE[v]=0.0, Q=35.0
2026-06-05 06:23:51,673 INFO: Plan 1: ḡ=35, γE[v]=0.0, Q=35.0
2026-06-05 06:23:51,693 INFO: Plan 3: ḡ=35, γE[v]=0.0, Q=35.0
2026-06-05 06:23:51,694 INFO: Plan 6: ḡ=35, γE[v]=0.0, Q=35.0
2026-06-05 06:23:51,695 INFO: Plan 0: ḡ=35, γE[v]=0.0, Q=35.0
2026-06-05 06:23:51,696 INFO: Plan 4: ḡ=35, γE[v]=0.0, Q=35.0
2026-06-05 06:23:51,697 INFO: Plan 5: ḡ=35, γE[v]=0.0, Q=35.0
2026-06-05 06:23:51,712 INFO: Plan 7: ḡ=35, γE[v]=5.0, Q=40.0
2026-06-05 06:23:56,098 INFO: Plan 0: ḡ=0, γE[v]=0.0, Q=0.0
2026-06-05 06:23:56,117 INFO: Plan 1: ḡ=0, γE[v]=0.0, Q=0.0
2026-06-05 06:23:56,119 INFO: Plan 2: ḡ=0, γE[v]=0.0, Q=0.0
2026-06-05 06:23:56,137 INFO: Plan 5: ḡ=0, γE[v]=0.0, Q=0.0
2026-06-05 06:23:56,138 INFO: Plan 7: ḡ=0, γE[v]=0.0, Q=0.0
2026-06-05 06:23:56,140 INFO: Plan 4: ḡ=0, γE[v]=0.0, Q=0.0
2026-06-05 06:23:56,141 INFO: Plan 3: ḡ=0, γE[v]=0.0, Q=0.0
2026-06-05 06:23:56,141 INFO: Plan 6: ḡ=0, γE[v]=0.0, Q=0.0
  [62/93] pydantic.main seed=42: {'cov_qvalue_calib': 168}
  [63/93] pydantic.json_schema seed=42: {'cov_qvalue_calib': 248}
2026-06-05 06:24:19,647 INFO: Plan 2: ḡ=10, γE[v]=2.5, Q=12.5
2026-06-05 06:24:19,648 INFO: Plan 7: ḡ=10, γE[v]=2.5, Q=12.5
2026-06-05 06:24:19,650 INFO: Plan 0: ḡ=12, γE[v]=2.5, Q=14.5
2026-06-05 06:24:19,651 INFO: Plan 3: ḡ=12, γE[v]=2.5, Q=14.5
2026-06-05 06:24:19,652 INFO: Plan 6: ḡ=10, γE[v]=2.5, Q=12.5
2026-06-05 06:24:19,653 INFO: Plan 4: ḡ=12, γE[v]=2.5, Q=14.5
2026-06-05 06:24:19,654 INFO: Plan 5: ḡ=10, γE[v]=2.5, Q=12.5
2026-06-05 06:24:19,654 INFO: Plan 1: ḡ=10, γE[v]=2.5, Q=12.5
2026-06-05 06:24:23,210 INFO: Plan 3: ḡ=0, γE[v]=0.0, Q=0.0
2026-06-05 06:24:23,211 INFO: Plan 0: ḡ=17, γE[v]=0.0, Q=17.0
2026-06-05 06:24:23,212 INFO: Plan 6: ḡ=0, γE[v]=0.0, Q=0.0
2026-06-05 06:24:23,213 INFO: Plan 4: ḡ=0, γE[v]=0.0, Q=0.0
2026-06-05 06:24:23,231 INFO: Plan 1: ḡ=12, γE[v]=17.5, Q=29.5
2026-06-05 06:24:23,254 INFO: Plan 5: ḡ=17, γE[v]=15.0, Q=32.0
2026-06-05 06:24:23,255 INFO: Plan 7: ḡ=17, γE[v]=15.0, Q=32.0
2026-06-05 06:24:23,256 INFO: Plan 2: ḡ=17, γE[v]=15.0, Q=32.0
2026-06-05 06:24:27,150 INFO: Plan 0: ḡ=0, γE[v]=0.0, Q=0.0
2026-06-05 06:24:27,172 INFO: Plan 5: ḡ=0, γE[v]=0.0, Q=0.0
2026-06-05 06:24:27,173 INFO: Plan 2: ḡ=0, γE[v]=0.0, Q=0.0
2026-06-05 06:24:27,174 INFO: Plan 1: ḡ=0, γE[v]=0.0, Q=0.0
2026-06-05 06:24:27,175 INFO: Plan 4: ḡ=0, γE[v]=0.0, Q=0.0
2026-06-05 06:24:27,176 INFO: Plan 7: ḡ=0, γE[v]=0.0, Q=0.0
2026-06-05 06:24:27,177 INFO: Plan 3: ḡ=0, γE[v]=0.0, Q=0.0
2026-06-05 06:24:27,178 INFO: Plan 6: ḡ=0, γE[v]=0.0, Q=0.0
2026-06-05 06:24:29,281 INFO: Plan 0: ḡ=12, γE[v]=7.5, Q=19.5
2026-06-05 06:24:29,320 INFO: Plan 2: ḡ=17, γE[v]=5.0, Q=22.0
2026-06-05 06:24:29,321 INFO: Plan 3: ḡ=17, γE[v]=5.0, Q=22.0
2026-06-05 06:24:29,322 INFO: Plan 5: ḡ=17, γE[v]=16.5, Q=33.5
2026-06-05 06:24:29,324 INFO: Plan 1: ḡ=17, γE[v]=5.0, Q=22.0
2026-06-05 06:24:29,325 INFO: Plan 6: ḡ=12, γE[v]=7.5, Q=19.5
2026-06-05 06:24:29,326 INFO: Plan 4: ḡ=12, γE[v]=7.5, Q=19.5
2026-06-05 06:24:29,327 INFO: Plan 7: ḡ=12, γE[v]=7.5, Q=19.5
2026-06-05 06:24:49,308 INFO: Plan 0: ḡ=34, γE[v]=8.0, Q=42.0
2026-06-05 06:24:49,326 INFO: Plan 1: ḡ=34, γE[v]=5.0, Q=39.0
2026-06-05 06:24:49,345 INFO: Plan 6: ḡ=34, γE[v]=5.0, Q=39.0
2026-06-05 06:24:49,346 INFO: Plan 5: ḡ=34, γE[v]=8.0, Q=42.0
2026-06-05 06:24:49,347 INFO: Plan 3: ḡ=34, γE[v]=5.0, Q=39.0
2026-06-05 06:24:49,348 INFO: Plan 7: ḡ=12, γE[v]=11.0, Q=23.0
2026-06-05 06:24:49,348 INFO: Plan 2: ḡ=34, γE[v]=8.0, Q=42.0
2026-06-05 06:24:49,349 INFO: Plan 4: ḡ=34, γE[v]=5.0, Q=39.0
  [64/93] pydantic.fields seed=42: {'cov_qvalue_calib': 101}
2026-06-05 06:25:23,338 INFO: Plan 5: ḡ=0, γE[v]=0.0, Q=0.0
2026-06-05 06:25:23,339 INFO: Plan 6: ḡ=0, γE[v]=0.0, Q=0.0
2026-06-05 06:25:23,340 INFO: Plan 4: ḡ=0, γE[v]=0.0, Q=0.0
2026-06-05 06:25:23,341 INFO: Plan 7: ḡ=0, γE[v]=0.0, Q=0.0
2026-06-05 06:25:23,342 INFO: Plan 1: ḡ=0, γE[v]=0.0, Q=0.0
2026-06-05 06:25:23,343 INFO: Plan 0: ḡ=0, γE[v]=0.0, Q=0.0
2026-06-05 06:25:23,343 INFO: Plan 3: ḡ=0, γE[v]=0.0, Q=0.0
2026-06-05 06:25:23,344 INFO: Plan 2: ḡ=0, γE[v]=0.0, Q=0.0
2026-06-05 06:25:29,487 INFO: Plan 0: ḡ=0, γE[v]=0.0, Q=0.0
2026-06-05 06:25:29,510 INFO: Plan 5: ḡ=0, γE[v]=0.0, Q=0.0
2026-06-05 06:25:29,511 INFO: Plan 6: ḡ=0, γE[v]=0.0, Q=0.0
2026-06-05 06:25:29,512 INFO: Plan 4: ḡ=0, γE[v]=0.0, Q=0.0
2026-06-05 06:25:29,513 INFO: Plan 1: ḡ=0, γE[v]=0.0, Q=0.0
2026-06-05 06:25:29,515 INFO: Plan 2: ḡ=0, γE[v]=0.0, Q=0.0
2026-06-05 06:25:29,515 INFO: Plan 3: ḡ=0, γE[v]=0.0, Q=0.0
2026-06-05 06:25:29,527 INFO: Plan 7: ḡ=0, γE[v]=0.0, Q=0.0
2026-06-05 06:25:32,158 INFO: Plan 0: ḡ=35, γE[v]=2.5, Q=37.5
2026-06-05 06:25:32,197 INFO: Plan 5: ḡ=35, γE[v]=0.0, Q=35.0
2026-06-05 06:25:32,199 INFO: Plan 6: ḡ=35, γE[v]=0.0, Q=35.0
2026-06-05 06:25:32,200 INFO: Plan 4: ḡ=35, γE[v]=0.0, Q=35.0
2026-06-05 06:25:32,201 INFO: Plan 1: ḡ=35, γE[v]=0.0, Q=35.0
2026-06-05 06:25:32,201 INFO: Plan 7: ḡ=35, γE[v]=0.0, Q=35.0
2026-06-05 06:25:32,201 INFO: Plan 3: ḡ=35, γE[v]=2.5, Q=37.5
2026-06-05 06:25:32,211 INFO: Plan 2: ḡ=35, γE[v]=7.5, Q=42.5
2026-06-05 06:26:08,734 INFO: Plan 0: ḡ=17, γE[v]=20.0, Q=37.0
2026-06-05 06:26:08,735 INFO: Plan 2: ḡ=12, γE[v]=15.0, Q=27.0
2026-06-05 06:26:08,737 INFO: Plan 3: ḡ=12, γE[v]=15.0, Q=27.0
2026-06-05 06:26:08,740 INFO: Plan 1: ḡ=10, γE[v]=15.0, Q=25.0
2026-06-05 06:26:08,755 INFO: Plan 6: ḡ=12, γE[v]=15.0, Q=27.0
2026-06-05 06:26:08,756 INFO: Plan 7: ḡ=15, γE[v]=15.0, Q=30.0
2026-06-05 06:26:08,757 INFO: Plan 5: ḡ=17, γE[v]=15.0, Q=32.0
2026-06-05 06:26:09,180 INFO: Plan 2: ḡ=22, γE[v]=0.0, Q=22.0
2026-06-05 06:26:09,207 INFO: Plan 0: ḡ=12, γE[v]=5.0, Q=17.0
2026-06-05 06:26:09,208 INFO: Plan 1: ḡ=12, γE[v]=5.0, Q=17.0
2026-06-05 06:26:09,209 INFO: Plan 4: ḡ=12, γE[v]=5.0, Q=17.0
2026-06-05 06:26:09,210 INFO: Plan 3: ḡ=12, γE[v]=5.0, Q=17.0
2026-06-05 06:26:09,229 INFO: Plan 5: ḡ=12, γE[v]=5.0, Q=17.0
2026-06-05 06:26:09,230 INFO: Plan 6: ḡ=12, γE[v]=5.0, Q=17.0
2026-06-05 06:26:09,231 INFO: Plan 7: ḡ=12, γE[v]=5.0, Q=17.0
2026-06-05 06:26:12,102 INFO: Plan 0: ḡ=0, γE[v]=0.0, Q=0.0
2026-06-05 06:26:12,125 INFO: Plan 1: ḡ=0, γE[v]=0.0, Q=0.0
2026-06-05 06:26:12,147 INFO: Plan 7: ḡ=0, γE[v]=0.0, Q=0.0
2026-06-05 06:26:12,148 INFO: Plan 6: ḡ=0, γE[v]=0.0, Q=0.0
2026-06-05 06:26:12,169 INFO: Plan 2: ḡ=18, γE[v]=0.0, Q=18.0
2026-06-05 06:26:12,194 INFO: Plan 3: ḡ=12, γE[v]=10.0, Q=22.0
2026-06-05 06:26:12,195 INFO: Plan 5: ḡ=12, γE[v]=5.0, Q=17.0
2026-06-05 06:26:12,196 INFO: Plan 4: ḡ=12, γE[v]=7.5, Q=19.5
2026-06-05 06:26:13,896 INFO: Plan 0: ḡ=17, γE[v]=5.0, Q=22.0
2026-06-05 06:26:13,897 INFO: Plan 1: ḡ=12, γE[v]=7.5, Q=19.5
2026-06-05 06:26:13,899 INFO: Plan 2: ḡ=12, γE[v]=7.5, Q=19.5
2026-06-05 06:26:13,918 INFO: Plan 4: ḡ=17, γE[v]=5.0, Q=22.0
2026-06-05 06:26:13,918 INFO: Plan 3: ḡ=17, γE[v]=5.0, Q=22.0
2026-06-05 06:26:13,919 INFO: Plan 6: ḡ=12, γE[v]=7.5, Q=19.5
2026-06-05 06:26:13,920 INFO: Plan 7: ḡ=12, γE[v]=7.5, Q=19.5
2026-06-05 06:26:13,921 INFO: Plan 5: ḡ=17, γE[v]=16.5, Q=33.5
2026-06-05 06:26:14,611 INFO: Plan 4: ḡ=1, γE[v]=1.0, Q=2.0
2026-06-05 06:26:25,941 INFO: Plan 0: ḡ=34, γE[v]=5.0, Q=39.0
2026-06-05 06:26:25,979 INFO: Plan 5: ḡ=34, γE[v]=5.0, Q=39.0
2026-06-05 06:26:25,980 INFO: Plan 3: ḡ=40, γE[v]=5.0, Q=45.0
2026-06-05 06:26:25,981 INFO: Plan 4: ḡ=34, γE[v]=5.0, Q=39.0
2026-06-05 06:26:25,982 INFO: Plan 6: ḡ=34, γE[v]=5.0, Q=39.0
2026-06-05 06:26:25,983 INFO: Plan 7: ḡ=40, γE[v]=5.0, Q=45.0
2026-06-05 06:26:25,984 INFO: Plan 1: ḡ=12, γE[v]=11.0, Q=23.0
2026-06-05 06:26:25,984 INFO: Plan 2: ḡ=12, γE[v]=11.0, Q=23.0
2026-06-05 06:26:55,262 INFO: Plan 0: ḡ=0, γE[v]=0.0, Q=0.0
2026-06-05 06:26:55,263 INFO: Plan 1: ḡ=0, γE[v]=0.0, Q=0.0
2026-06-05 06:26:55,284 INFO: Plan 2: ḡ=0, γE[v]=0.0, Q=0.0
2026-06-05 06:26:55,307 INFO: Plan 4: ḡ=0, γE[v]=0.0, Q=0.0
2026-06-05 06:26:55,308 INFO: Plan 3: ḡ=0, γE[v]=0.0, Q=0.0
2026-06-05 06:26:55,309 INFO: Plan 5: ḡ=0, γE[v]=0.0, Q=0.0
2026-06-05 06:26:55,330 INFO: Plan 7: ḡ=0, γE[v]=0.0, Q=0.0
2026-06-05 06:26:55,331 INFO: Plan 6: ḡ=0, γE[v]=0.0, Q=0.0
2026-06-05 06:27:02,036 INFO: Plan 0: ḡ=0, γE[v]=0.0, Q=0.0
2026-06-05 06:27:02,058 INFO: Plan 7: ḡ=0, γE[v]=0.0, Q=0.0
2026-06-05 06:27:02,059 INFO: Plan 5: ḡ=0, γE[v]=0.0, Q=0.0
2026-06-05 06:27:02,060 INFO: Plan 4: ḡ=8, γE[v]=5.0, Q=13.0
2026-06-05 06:27:02,077 INFO: Plan 1: ḡ=12, γE[v]=7.5, Q=19.5
2026-06-05 06:27:02,078 INFO: Plan 2: ḡ=12, γE[v]=7.5, Q=19.5
2026-06-05 06:27:02,097 INFO: Plan 6: ḡ=12, γE[v]=7.5, Q=19.5
2026-06-05 06:27:02,098 INFO: Plan 3: ḡ=12, γE[v]=7.5, Q=19.5
2026-06-05 06:27:08,355 INFO: Plan 0: ḡ=35, γE[v]=5.0, Q=40.0
2026-06-05 06:27:08,375 INFO: Plan 2: ḡ=35, γE[v]=0.0, Q=35.0
2026-06-05 06:27:08,376 INFO: Plan 4: ḡ=35, γE[v]=0.0, Q=35.0
2026-06-05 06:27:08,377 INFO: Plan 5: ḡ=35, γE[v]=0.0, Q=35.0
2026-06-05 06:27:08,378 INFO: Plan 1: ḡ=35, γE[v]=0.0, Q=35.0
2026-06-05 06:27:08,379 INFO: Plan 3: ḡ=35, γE[v]=0.0, Q=35.0
2026-06-05 06:27:08,380 INFO: Plan 6: ḡ=35, γE[v]=0.0, Q=35.0
2026-06-05 06:27:08,392 INFO: Plan 7: ḡ=35, γE[v]=7.5, Q=42.5
2026-06-05 06:27:52,999 INFO: Plan 1: ḡ=0, γE[v]=0.0, Q=0.0
2026-06-05 06:27:53,000 INFO: Plan 2: ḡ=0, γE[v]=0.0, Q=0.0
2026-06-05 06:27:53,000 INFO: Plan 0: ḡ=0, γE[v]=0.0, Q=0.0
2026-06-05 06:27:53,028 INFO: Plan 4: ḡ=18, γE[v]=0.0, Q=18.0
2026-06-05 06:27:53,029 INFO: Plan 7: ḡ=0, γE[v]=0.0, Q=0.0
2026-06-05 06:27:53,032 INFO: Plan 5: ḡ=12, γE[v]=2.5, Q=14.5
2026-06-05 06:27:53,101 INFO: Plan 3: ḡ=12, γE[v]=5.0, Q=17.0
2026-06-05 06:27:53,281 INFO: Plan 6: ḡ=12, γE[v]=7.5, Q=19.5
2026-06-05 06:27:53,366 INFO: Plan 0: ḡ=22, γE[v]=0.0, Q=22.0
2026-06-05 06:27:53,390 INFO: Plan 7: ḡ=22, γE[v]=0.0, Q=22.0
2026-06-05 06:27:53,391 INFO: Plan 1: ḡ=12, γE[v]=5.0, Q=17.0
2026-06-05 06:27:53,392 INFO: Plan 5: ḡ=22, γE[v]=0.0, Q=22.0
2026-06-05 06:27:53,414 INFO: Plan 4: ḡ=12, γE[v]=5.0, Q=17.0
2026-06-05 06:27:53,415 INFO: Plan 3: ḡ=12, γE[v]=5.0, Q=17.0
2026-06-05 06:27:53,416 INFO: Plan 2: ḡ=12, γE[v]=5.0, Q=17.0
2026-06-05 06:27:53,417 INFO: Plan 6: ḡ=12, γE[v]=5.0, Q=17.0
2026-06-05 06:27:55,370 INFO: Plan 4: ḡ=12, γE[v]=7.5, Q=19.5
2026-06-05 06:27:55,391 INFO: Plan 6: ḡ=12, γE[v]=7.5, Q=19.5
2026-06-05 06:27:55,392 INFO: Plan 7: ḡ=17, γE[v]=16.5, Q=33.5
2026-06-05 06:27:55,393 INFO: Plan 1: ḡ=12, γE[v]=7.5, Q=19.5
2026-06-05 06:27:55,394 INFO: Plan 3: ḡ=17, γE[v]=5.0, Q=22.0
2026-06-05 06:27:55,395 INFO: Plan 2: ḡ=17, γE[v]=5.0, Q=22.0
2026-06-05 06:27:55,396 INFO: Plan 0: ḡ=17, γE[v]=16.5, Q=33.5
2026-06-05 06:27:55,396 INFO: Plan 5: ḡ=17, γE[v]=16.5, Q=33.5
2026-06-05 06:27:55,432 INFO: Plan 3: ḡ=0, γE[v]=0.0, Q=0.0
2026-06-05 06:27:55,453 INFO: Plan 4: ḡ=17, γE[v]=0.0, Q=17.0
2026-06-05 06:27:55,474 INFO: Plan 1: ḡ=10, γE[v]=15.0, Q=25.0
2026-06-05 06:27:55,476 INFO: Plan 2: ḡ=12, γE[v]=17.5, Q=29.5
2026-06-05 06:27:55,477 INFO: Plan 0: ḡ=17, γE[v]=15.0, Q=32.0
2026-06-05 06:27:55,494 INFO: Plan 5: ḡ=17, γE[v]=15.0, Q=32.0
2026-06-05 06:27:55,497 INFO: Plan 6: ḡ=17, γE[v]=15.0, Q=32.0
2026-06-05 06:27:55,497 INFO: Plan 7: ḡ=10, γE[v]=15.0, Q=25.0
2026-06-05 06:28:05,113 INFO: Plan 1: ḡ=34, γE[v]=8.0, Q=42.0
2026-06-05 06:28:05,131 INFO: Plan 2: ḡ=34, γE[v]=0.0, Q=34.0
2026-06-05 06:28:05,152 INFO: Plan 7: ḡ=34, γE[v]=5.0, Q=39.0
2026-06-05 06:28:05,153 INFO: Plan 0: ḡ=34, γE[v]=7.5, Q=41.5
2026-06-05 06:28:05,153 INFO: Plan 5: ḡ=34, γE[v]=5.0, Q=39.0
2026-06-05 06:28:05,154 INFO: Plan 4: ḡ=34, γE[v]=5.0, Q=39.0
2026-06-05 06:28:05,154 INFO: Plan 3: ḡ=34, γE[v]=8.0, Q=42.0
2026-06-05 06:28:05,155 INFO: Plan 6: ḡ=34, γE[v]=8.0, Q=42.0
  [65/93] pydantic.config seed=42: {'cov_qvalue_calib': 1}
2026-06-05 06:28:19,299 INFO: Plan 0: ḡ=12, γE[v]=2.5, Q=14.5
2026-06-05 06:28:19,338 INFO: Plan 7: ḡ=10, γE[v]=2.5, Q=12.5
2026-06-05 06:28:19,339 INFO: Plan 4: ḡ=12, γE[v]=2.5, Q=14.5
2026-06-05 06:28:19,340 INFO: Plan 2: ḡ=12, γE[v]=2.0, Q=14.0
2026-06-05 06:28:19,340 INFO: Plan 6: ḡ=12, γE[v]=2.5, Q=14.5
2026-06-05 06:28:19,341 INFO: Plan 1: ḡ=12, γE[v]=2.0, Q=14.0
2026-06-05 06:28:19,342 INFO: Plan 5: ḡ=12, γE[v]=2.5, Q=14.5
2026-06-05 06:28:19,352 INFO: Plan 3: ḡ=12, γE[v]=5.0, Q=17.0
2026-06-05 06:28:40,575 INFO: Plan 3: ḡ=0, γE[v]=0.0, Q=0.0
2026-06-05 06:28:40,596 INFO: Plan 5: ḡ=0, γE[v]=0.0, Q=0.0
2026-06-05 06:28:40,597 INFO: Plan 0: ḡ=12, γE[v]=7.5, Q=19.5
2026-06-05 06:28:40,598 INFO: Plan 7: ḡ=0, γE[v]=0.0, Q=0.0
2026-06-05 06:28:40,598 INFO: Plan 4: ḡ=0, γE[v]=0.0, Q=0.0
2026-06-05 06:28:40,615 INFO: Plan 1: ḡ=12, γE[v]=7.5, Q=19.5
2026-06-05 06:28:40,616 INFO: Plan 2: ḡ=12, γE[v]=7.5, Q=19.5
2026-06-05 06:28:40,635 INFO: Plan 6: ḡ=12, γE[v]=5.0, Q=17.0
2026-06-05 06:28:48,649 INFO: Plan 1: ḡ=35, γE[v]=0.0, Q=35.0
2026-06-05 06:28:48,650 INFO: Plan 2: ḡ=35, γE[v]=0.0, Q=35.0
2026-06-05 06:28:48,686 INFO: Plan 0: ḡ=35, γE[v]=0.0, Q=35.0
2026-06-05 06:28:48,687 INFO: Plan 7: ḡ=35, γE[v]=0.0, Q=35.0
2026-06-05 06:28:48,688 INFO: Plan 6: ḡ=35, γE[v]=0.0, Q=35.0
2026-06-05 06:28:48,689 INFO: Plan 5: ḡ=35, γE[v]=0.0, Q=35.0
2026-06-05 06:28:48,690 INFO: Plan 4: ḡ=35, γE[v]=0.0, Q=35.0
2026-06-05 06:28:48,702 INFO: Plan 3: ḡ=35, γE[v]=5.0, Q=40.0
  [66/93] pydantic.networks seed=42: {'cov_qvalue_calib': 34}
2026-06-05 06:29:37,767 INFO: Plan 1: ḡ=0, γE[v]=0.0, Q=0.0
2026-06-05 06:29:37,801 INFO: Plan 0: ḡ=18, γE[v]=0.0, Q=18.0
2026-06-05 06:29:37,802 INFO: Plan 5: ḡ=12, γE[v]=0.0, Q=12.0
2026-06-05 06:29:37,803 INFO: Plan 6: ḡ=0, γE[v]=0.0, Q=0.0
2026-06-05 06:29:37,811 INFO: Plan 3: ḡ=18, γE[v]=0.0, Q=18.0
2026-06-05 06:29:37,814 INFO: Plan 2: ḡ=12, γE[v]=0.0, Q=12.0
2026-06-05 06:29:37,819 INFO: Plan 4: ḡ=0, γE[v]=0.0, Q=0.0
2026-06-05 06:29:37,821 INFO: Plan 7: ḡ=12, γE[v]=0.0, Q=12.0
2026-06-05 06:29:41,755 INFO: Plan 0: ḡ=22, γE[v]=0.0, Q=22.0
2026-06-05 06:29:41,780 INFO: Plan 1: ḡ=22, γE[v]=0.0, Q=22.0
2026-06-05 06:29:41,781 INFO: Plan 3: ḡ=22, γE[v]=0.0, Q=22.0
2026-06-05 06:29:41,804 INFO: Plan 7: ḡ=22, γE[v]=5.0, Q=27.0
2026-06-05 06:29:41,805 INFO: Plan 4: ḡ=12, γE[v]=5.0, Q=17.0
2026-06-05 06:29:41,806 INFO: Plan 5: ḡ=12, γE[v]=5.0, Q=17.0
2026-06-05 06:29:41,807 INFO: Plan 6: ḡ=12, γE[v]=5.0, Q=17.0
2026-06-05 06:29:41,808 INFO: Plan 2: ḡ=12, γE[v]=5.0, Q=17.0
2026-06-05 06:29:44,580 INFO: Plan 0: ḡ=18, γE[v]=16.0, Q=34.0
2026-06-05 06:29:44,580 INFO: Plan 3: ḡ=18, γE[v]=16.0, Q=34.0
2026-06-05 06:29:44,582 INFO: Plan 1: ḡ=12, γE[v]=7.5, Q=19.5
2026-06-05 06:29:44,583 INFO: Plan 2: ḡ=12, γE[v]=10.0, Q=22.0
2026-06-05 06:29:44,583 INFO: Plan 4: ḡ=12, γE[v]=7.5, Q=19.5
2026-06-05 06:29:44,601 INFO: Plan 5: ḡ=18, γE[v]=6.0, Q=24.0
2026-06-05 06:29:44,603 INFO: Plan 6: ḡ=12, γE[v]=7.5, Q=19.5
2026-06-05 06:29:44,603 INFO: Plan 7: ḡ=12, γE[v]=7.5, Q=19.5
2026-06-05 06:29:45,897 INFO: Plan 3: ḡ=0, γE[v]=0.0, Q=0.0
2026-06-05 06:29:45,898 INFO: Plan 1: ḡ=17, γE[v]=0.0, Q=17.0
2026-06-05 06:29:45,920 INFO: Plan 6: ḡ=1, γE[v]=7.5, Q=8.5
2026-06-05 06:29:45,921 INFO: Plan 5: ḡ=17, γE[v]=0.0, Q=17.0
2026-06-05 06:29:45,922 INFO: Plan 0: ḡ=40, γE[v]=5.0, Q=45.0
2026-06-05 06:29:45,941 INFO: Plan 4: ḡ=12, γE[v]=7.5, Q=19.5
2026-06-05 06:29:45,943 INFO: Plan 2: ḡ=17, γE[v]=15.0, Q=32.0
2026-06-05 06:29:45,944 INFO: Plan 7: ḡ=10, γE[v]=15.0, Q=25.0
2026-06-05 06:29:48,261 INFO: Plan 0: ḡ=12, γE[v]=17.5, Q=29.5
2026-06-05 06:29:48,269 INFO: Plan 1: ḡ=12, γE[v]=9.0, Q=21.0
2026-06-05 06:29:48,285 INFO: Plan 4: ḡ=12, γE[v]=9.0, Q=21.0
2026-06-05 06:29:48,287 INFO: Plan 6: ḡ=12, γE[v]=7.5, Q=19.5
2026-06-05 06:29:48,288 INFO: Plan 2: ḡ=12, γE[v]=17.5, Q=29.5
2026-06-05 06:29:48,288 INFO: Plan 3: ḡ=12, γE[v]=9.0, Q=21.0
2026-06-05 06:29:48,289 INFO: Plan 5: ḡ=12, γE[v]=17.5, Q=29.5
2026-06-05 06:29:48,290 INFO: Plan 7: ḡ=12, γE[v]=7.5, Q=19.5
2026-06-05 06:29:58,223 INFO: Plan 0: ḡ=11, γE[v]=0.0, Q=11.0
2026-06-05 06:29:58,263 INFO: Plan 4: ḡ=11, γE[v]=0.0, Q=11.0
2026-06-05 06:29:58,265 INFO: Plan 7: ḡ=11, γE[v]=0.0, Q=11.0
2026-06-05 06:29:58,266 INFO: Plan 3: ḡ=10, γE[v]=0.0, Q=10.0
2026-06-05 06:29:58,266 INFO: Plan 1: ḡ=11, γE[v]=0.0, Q=11.0
2026-06-05 06:29:58,267 INFO: Plan 5: ḡ=11, γE[v]=0.0, Q=11.0
2026-06-05 06:29:58,267 INFO: Plan 2: ḡ=11, γE[v]=0.0, Q=11.0
2026-06-05 06:29:58,268 INFO: Plan 6: ḡ=11, γE[v]=0.0, Q=11.0
2026-06-05 06:30:11,098 INFO: Plan 0: ḡ=0, γE[v]=0.0, Q=0.0
2026-06-05 06:30:11,117 INFO: Plan 1: ḡ=3, γE[v]=0.0, Q=3.0
2026-06-05 06:30:11,136 INFO: Plan 5: ḡ=0, γE[v]=0.0, Q=0.0
2026-06-05 06:30:11,137 INFO: Plan 2: ḡ=0, γE[v]=0.0, Q=0.0
2026-06-05 06:30:11,138 INFO: Plan 4: ḡ=0, γE[v]=0.0, Q=0.0
2026-06-05 06:30:11,139 INFO: Plan 7: ḡ=0, γE[v]=0.0, Q=0.0
2026-06-05 06:30:11,140 INFO: Plan 6: ḡ=0, γE[v]=0.0, Q=0.0
2026-06-05 06:30:11,169 INFO: Plan 3: ḡ=12, γE[v]=7.5, Q=19.5
2026-06-05 06:30:26,342 INFO: Plan 0: ḡ=35, γE[v]=0.0, Q=35.0
2026-06-05 06:30:26,343 INFO: Plan 1: ḡ=35, γE[v]=0.0, Q=35.0
2026-06-05 06:30:26,381 INFO: Plan 7: ḡ=35, γE[v]=0.0, Q=35.0
2026-06-05 06:30:26,382 INFO: Plan 3: ḡ=35, γE[v]=0.0, Q=35.0
2026-06-05 06:30:26,383 INFO: Plan 4: ḡ=35, γE[v]=0.0, Q=35.0
2026-06-05 06:30:26,383 INFO: Plan 5: ḡ=35, γE[v]=0.0, Q=35.0
2026-06-05 06:30:26,384 INFO: Plan 6: ḡ=35, γE[v]=0.0, Q=35.0
2026-06-05 06:30:26,396 INFO: Plan 2: ḡ=35, γE[v]=7.5, Q=42.5
2026-06-05 06:31:21,181 INFO: Plan 0: ḡ=0, γE[v]=0.0, Q=0.0
2026-06-05 06:31:21,236 INFO: Plan 1: ḡ=12, γE[v]=2.5, Q=14.5
2026-06-05 06:31:21,237 INFO: Plan 4: ḡ=18, γE[v]=0.0, Q=18.0
2026-06-05 06:31:21,238 INFO: Plan 3: ḡ=18, γE[v]=0.0, Q=18.0
2026-06-05 06:31:21,262 INFO: Plan 2: ḡ=12, γE[v]=7.5, Q=19.5
2026-06-05 06:31:21,263 INFO: Plan 5: ḡ=12, γE[v]=5.0, Q=17.0
2026-06-05 06:31:21,265 INFO: Plan 7: ḡ=0, γE[v]=0.0, Q=0.0
2026-06-05 06:31:21,288 INFO: Plan 6: ḡ=12, γE[v]=7.5, Q=19.5
2026-06-05 06:31:25,228 INFO: Plan 6: ḡ=12, γE[v]=12.5, Q=24.5
2026-06-05 06:31:25,229 INFO: Plan 7: ḡ=25, γE[v]=7.5, Q=32.5
2026-06-05 06:31:25,230 INFO: Plan 2: ḡ=35, γE[v]=7.5, Q=42.5
2026-06-05 06:31:25,231 INFO: Plan 5: ḡ=25, γE[v]=7.5, Q=32.5
2026-06-05 06:31:25,232 INFO: Plan 0: ḡ=25, γE[v]=7.5, Q=32.5
2026-06-05 06:31:25,232 INFO: Plan 4: ḡ=25, γE[v]=7.5, Q=32.5
2026-06-05 06:31:25,234 INFO: Plan 3: ḡ=25, γE[v]=7.5, Q=32.5
2026-06-05 06:31:25,235 INFO: Plan 1: ḡ=25, γE[v]=7.5, Q=32.5
2026-06-05 06:31:28,446 INFO: Plan 3: ḡ=18, γE[v]=6.0, Q=24.0
2026-06-05 06:31:28,447 INFO: Plan 2: ḡ=12, γE[v]=7.5, Q=19.5
2026-06-05 06:31:28,447 INFO: Plan 0: ḡ=18, γE[v]=16.0, Q=34.0
2026-06-05 06:31:28,448 INFO: Plan 1: ḡ=12, γE[v]=7.5, Q=19.5
2026-06-05 06:31:28,449 INFO: Plan 4: ḡ=12, γE[v]=7.5, Q=19.5
2026-06-05 06:31:28,466 INFO: Plan 7: ḡ=12, γE[v]=7.5, Q=19.5
2026-06-05 06:31:28,467 INFO: Plan 5: ḡ=18, γE[v]=6.0, Q=24.0
2026-06-05 06:31:28,468 INFO: Plan 6: ḡ=12, γE[v]=7.5, Q=19.5
2026-06-05 06:31:30,288 INFO: Plan 6: ḡ=22, γE[v]=0.0, Q=22.0
2026-06-05 06:31:30,289 INFO: Plan 0: ḡ=22, γE[v]=0.0, Q=22.0
2026-06-05 06:31:30,311 INFO: Plan 3: ḡ=12, γE[v]=5.0, Q=17.0
2026-06-05 06:31:30,313 INFO: Plan 7: ḡ=12, γE[v]=5.0, Q=17.0
2026-06-05 06:31:30,315 INFO: Plan 2: ḡ=12, γE[v]=5.0, Q=17.0
2026-06-05 06:31:30,316 INFO: Plan 5: ḡ=12, γE[v]=5.0, Q=17.0
2026-06-05 06:31:30,316 INFO: Plan 1: ḡ=12, γE[v]=5.0, Q=17.0
2026-06-05 06:31:30,317 INFO: Plan 4: ḡ=12, γE[v]=5.0, Q=17.0
2026-06-05 06:31:33,783 INFO: Plan 0: ḡ=45, γE[v]=5.0, Q=50.0
2026-06-05 06:31:33,808 INFO: Plan 1: ḡ=12, γE[v]=7.5, Q=19.5
2026-06-05 06:31:33,809 INFO: Plan 7: ḡ=45, γE[v]=5.0, Q=50.0
2026-06-05 06:31:33,810 INFO: Plan 4: ḡ=12, γE[v]=7.5, Q=19.5
2026-06-05 06:31:33,811 INFO: Plan 2: ḡ=22, γE[v]=9.0, Q=31.0
2026-06-05 06:31:33,812 INFO: Plan 6: ḡ=35, γE[v]=7.5, Q=42.5
2026-06-05 06:31:33,813 INFO: Plan 5: ḡ=45, γE[v]=5.0, Q=50.0
2026-06-05 06:31:33,814 INFO: Plan 3: ḡ=22, γE[v]=9.0, Q=31.0
2026-06-05 06:31:39,042 INFO: Plan 1: ḡ=1, γE[v]=4.5, Q=5.5
2026-06-05 06:31:39,064 INFO: Plan 2: ḡ=12, γE[v]=0.0, Q=12.0
2026-06-05 06:31:39,066 INFO: Plan 5: ḡ=1, γE[v]=4.5, Q=5.5
2026-06-05 06:31:39,067 INFO: Plan 3: ḡ=4, γE[v]=0.0, Q=4.0
2026-06-05 06:31:39,067 INFO: Plan 0: ḡ=11, γE[v]=0.0, Q=11.0
2026-06-05 06:31:39,092 INFO: Plan 7: ḡ=12, γE[v]=0.0, Q=12.0
2026-06-05 06:31:39,093 INFO: Plan 6: ḡ=12, γE[v]=0.0, Q=12.0
2026-06-05 06:31:39,094 INFO: Plan 4: ḡ=11, γE[v]=0.0, Q=11.0
2026-06-05 06:31:45,467 INFO: Plan 0: ḡ=0, γE[v]=0.0, Q=0.0
2026-06-05 06:31:45,503 INFO: Plan 4: ḡ=0, γE[v]=0.0, Q=0.0
2026-06-05 06:31:45,504 INFO: Plan 5: ḡ=0, γE[v]=0.0, Q=0.0
2026-06-05 06:31:45,505 INFO: Plan 1: ḡ=2, γE[v]=2.5, Q=4.5
2026-06-05 06:31:45,520 INFO: Plan 6: ḡ=5, γE[v]=5.0, Q=10.0
2026-06-05 06:31:45,521 INFO: Plan 7: ḡ=12, γE[v]=2.5, Q=14.5
2026-06-05 06:31:45,538 INFO: Plan 2: ḡ=12, γE[v]=7.5, Q=19.5
2026-06-05 06:31:45,539 INFO: Plan 3: ḡ=0, γE[v]=0.0, Q=0.0
  [67/93] pydantic.functional_validators seed=42: {'cov_qvalue_calib': 36}
2026-06-05 06:32:06,341 INFO: Plan 0: ḡ=0, γE[v]=0.0, Q=0.0
2026-06-05 06:32:06,360 INFO: Plan 1: ḡ=0, γE[v]=0.0, Q=0.0
2026-06-05 06:32:06,361 INFO: Plan 2: ḡ=0, γE[v]=0.0, Q=0.0
2026-06-05 06:32:06,378 INFO: Plan 6: ḡ=0, γE[v]=0.0, Q=0.0
2026-06-05 06:32:06,416 INFO: Plan 4: ḡ=12, γE[v]=7.5, Q=19.5
2026-06-05 06:32:06,417 INFO: Plan 5: ḡ=12, γE[v]=10.0, Q=22.0
2026-06-05 06:32:06,417 INFO: Plan 3: ḡ=12, γE[v]=7.5, Q=19.5
2026-06-05 06:32:06,418 INFO: Plan 7: ḡ=12, γE[v]=7.5, Q=19.5
  [68/93] pydantic.color seed=42: {'cov_qvalue_calib': 75}
  [69/93] pydantic.type_adapter seed=42: {'cov_qvalue_calib': 18}
2026-06-05 06:32:55,569 INFO: Plan 2: ḡ=1, γE[v]=0.0, Q=1.0
2026-06-05 06:32:55,570 INFO: Plan 3: ḡ=1, γE[v]=0.0, Q=1.0
2026-06-05 06:32:55,571 INFO: Plan 5: ḡ=1, γE[v]=0.0, Q=1.0
2026-06-05 06:32:55,572 INFO: Plan 7: ḡ=1, γE[v]=0.0, Q=1.0
2026-06-05 06:32:55,573 INFO: Plan 0: ḡ=1, γE[v]=5.0, Q=6.0
2026-06-05 06:32:55,590 INFO: Plan 1: ḡ=10, γE[v]=10.0, Q=20.0
2026-06-05 06:32:55,612 INFO: Plan 4: ḡ=10, γE[v]=7.5, Q=17.5
2026-06-05 06:32:55,613 INFO: Plan 6: ḡ=10, γE[v]=10.0, Q=20.0
2026-06-05 06:33:07,759 INFO: Plan 4: ḡ=0, γE[v]=0.0, Q=0.0
2026-06-05 06:33:07,760 INFO: Plan 2: ḡ=18, γE[v]=0.0, Q=18.0
2026-06-05 06:33:07,787 INFO: Plan 0: ḡ=18, γE[v]=0.0, Q=18.0
2026-06-05 06:33:07,788 INFO: Plan 7: ḡ=12, γE[v]=0.0, Q=12.0
2026-06-05 06:33:07,789 INFO: Plan 3: ḡ=12, γE[v]=0.0, Q=12.0
2026-06-05 06:33:07,790 INFO: Plan 5: ḡ=18, γE[v]=0.0, Q=18.0
2026-06-05 06:33:07,812 INFO: Plan 1: ḡ=12, γE[v]=5.0, Q=17.0
2026-06-05 06:33:07,813 INFO: Plan 6: ḡ=12, γE[v]=5.0, Q=17.0
2026-06-05 06:33:12,594 INFO: Plan 2: ḡ=12, γE[v]=7.5, Q=19.5
2026-06-05 06:33:12,595 INFO: Plan 3: ḡ=12, γE[v]=15.0, Q=27.0
2026-06-05 06:33:12,596 INFO: Plan 5: ḡ=12, γE[v]=7.5, Q=19.5
2026-06-05 06:33:12,597 INFO: Plan 7: ḡ=12, γE[v]=7.5, Q=19.5
2026-06-05 06:33:12,598 INFO: Plan 4: ḡ=12, γE[v]=7.5, Q=19.5
2026-06-05 06:33:12,599 INFO: Plan 0: ḡ=12, γE[v]=17.5, Q=29.5
2026-06-05 06:33:12,600 INFO: Plan 6: ḡ=12, γE[v]=17.5, Q=29.5
2026-06-05 06:33:12,601 INFO: Plan 1: ḡ=12, γE[v]=7.5, Q=19.5
2026-06-05 06:33:17,921 INFO: Plan 4: ḡ=22, γE[v]=0.0, Q=22.0
2026-06-05 06:33:17,944 INFO: Plan 0: ḡ=12, γE[v]=5.0, Q=17.0
2026-06-05 06:33:17,945 INFO: Plan 3: ḡ=12, γE[v]=5.0, Q=17.0
2026-06-05 06:33:17,946 INFO: Plan 2: ḡ=12, γE[v]=5.0, Q=17.0
2026-06-05 06:33:17,947 INFO: Plan 1: ḡ=12, γE[v]=5.0, Q=17.0
2026-06-05 06:33:17,987 INFO: Plan 7: ḡ=12, γE[v]=5.0, Q=17.0
2026-06-05 06:33:17,988 INFO: Plan 5: ḡ=12, γE[v]=5.0, Q=17.0
2026-06-05 06:33:17,989 INFO: Plan 6: ḡ=12, γE[v]=5.0, Q=17.0
2026-06-05 06:33:18,592 INFO: Plan 0: ḡ=25, γE[v]=10.0, Q=35.0
2026-06-05 06:33:18,613 INFO: Plan 2: ḡ=25, γE[v]=15.0, Q=40.0
2026-06-05 06:33:18,638 INFO: Plan 5: ḡ=35, γE[v]=7.5, Q=42.5
2026-06-05 06:33:18,639 INFO: Plan 3: ḡ=12, γE[v]=10.0, Q=22.0
2026-06-05 06:33:18,641 INFO: Plan 7: ḡ=25, γE[v]=15.0, Q=40.0
2026-06-05 06:33:18,642 INFO: Plan 6: ḡ=25, γE[v]=7.5, Q=32.5
2026-06-05 06:33:18,643 INFO: Plan 1: ḡ=25, γE[v]=7.5, Q=32.5
2026-06-05 06:33:18,643 INFO: Plan 4: ḡ=25, γE[v]=7.5, Q=32.5
2026-06-05 06:33:19,882 INFO: Plan 1: ḡ=10, γE[v]=0.0, Q=10.0
2026-06-05 06:33:19,883 INFO: Plan 3: ḡ=5, γE[v]=2.5, Q=7.5
2026-06-05 06:33:19,884 INFO: Plan 0: ḡ=10, γE[v]=0.0, Q=10.0
2026-06-05 06:33:19,902 INFO: Plan 5: ḡ=11, γE[v]=0.0, Q=11.0
2026-06-05 06:33:19,903 INFO: Plan 6: ḡ=10, γE[v]=0.0, Q=10.0
2026-06-05 06:33:19,904 INFO: Plan 7: ḡ=10, γE[v]=0.0, Q=10.0
2026-06-05 06:33:19,905 INFO: Plan 2: ḡ=11, γE[v]=0.0, Q=11.0
2026-06-05 06:33:19,906 INFO: Plan 4: ḡ=10, γE[v]=0.0, Q=10.0
2026-06-05 06:33:24,046 INFO: Plan 0: ḡ=0, γE[v]=0.0, Q=0.0
2026-06-05 06:33:24,084 INFO: Plan 4: ḡ=0, γE[v]=0.0, Q=0.0
2026-06-05 06:33:24,086 INFO: Plan 6: ḡ=0, γE[v]=0.0, Q=0.0
2026-06-05 06:33:24,087 INFO: Plan 7: ḡ=0, γE[v]=0.0, Q=0.0
2026-06-05 06:33:24,087 INFO: Plan 5: ḡ=0, γE[v]=0.0, Q=0.0
2026-06-05 06:33:24,117 INFO: Plan 2: ḡ=12, γE[v]=7.5, Q=19.5
2026-06-05 06:33:24,119 INFO: Plan 3: ḡ=12, γE[v]=17.5, Q=29.5
2026-06-05 06:33:24,119 INFO: Plan 1: ḡ=12, γE[v]=7.5, Q=19.5
2026-06-05 06:33:41,632 INFO: Plan 0: ḡ=10, γE[v]=15.0, Q=25.0
2026-06-05 06:33:41,650 INFO: Plan 1: ḡ=12, γE[v]=15.0, Q=27.0
2026-06-05 06:33:41,670 INFO: Plan 3: ḡ=12, γE[v]=7.5, Q=19.5
2026-06-05 06:33:41,671 INFO: Plan 4: ḡ=12, γE[v]=7.5, Q=19.5
2026-06-05 06:33:41,672 INFO: Plan 2: ḡ=12, γE[v]=10.0, Q=22.0
2026-06-05 06:33:41,673 INFO: Plan 5: ḡ=16, γE[v]=10.0, Q=26.0
2026-06-05 06:33:41,674 INFO: Plan 6: ḡ=16, γE[v]=5.0, Q=21.0
2026-06-05 06:33:41,702 INFO: Plan 7: ḡ=16, γE[v]=5.0, Q=21.0
2026-06-05 06:34:21,142 INFO: Plan 1: ḡ=12, γE[v]=7.5, Q=19.5
2026-06-05 06:34:21,143 INFO: Plan 0: ḡ=17, γE[v]=5.0, Q=22.0
2026-06-05 06:34:21,176 INFO: Plan 7: ḡ=17, γE[v]=16.5, Q=33.5
2026-06-05 06:34:21,176 INFO: Plan 5: ḡ=17, γE[v]=5.0, Q=22.0
2026-06-05 06:34:21,178 INFO: Plan 3: ḡ=17, γE[v]=5.0, Q=22.0
2026-06-05 06:34:21,179 INFO: Plan 2: ḡ=17, γE[v]=16.5, Q=33.5
2026-06-05 06:34:21,180 INFO: Plan 4: ḡ=17, γE[v]=16.5, Q=33.5
2026-06-05 06:34:21,181 INFO: Plan 6: ḡ=17, γE[v]=16.5, Q=33.5
2026-06-05 06:34:46,712 INFO: Plan 3: ḡ=0, γE[v]=0.0, Q=0.0
2026-06-05 06:34:46,866 INFO: Plan 5: ḡ=0, γE[v]=0.0, Q=0.0
2026-06-05 06:34:46,867 INFO: Plan 0: ḡ=18, γE[v]=0.0, Q=18.0
2026-06-05 06:34:46,884 INFO: Plan 6: ḡ=18, γE[v]=0.0, Q=18.0
2026-06-05 06:34:46,885 INFO: Plan 2: ḡ=12, γE[v]=7.5, Q=19.5
2026-06-05 06:34:46,886 INFO: Plan 1: ḡ=12, γE[v]=5.0, Q=17.0
2026-06-05 06:34:46,886 INFO: Plan 7: ḡ=18, γE[v]=0.0, Q=18.0
2026-06-05 06:34:46,909 INFO: Plan 4: ḡ=12, γE[v]=5.0, Q=17.0
2026-06-05 06:34:50,214 INFO: Plan 0: ḡ=43, γE[v]=5.0, Q=48.0
2026-06-05 06:34:50,242 INFO: Plan 2: ḡ=45, γE[v]=5.0, Q=50.0
2026-06-05 06:34:50,243 INFO: Plan 1: ḡ=12, γE[v]=15.0, Q=27.0
2026-06-05 06:34:50,244 INFO: Plan 3: ḡ=15, γE[v]=15.0, Q=30.0
2026-06-05 06:34:50,245 INFO: Plan 7: ḡ=42, γE[v]=5.0, Q=47.0
2026-06-05 06:34:50,246 INFO: Plan 6: ḡ=10, γE[v]=7.5, Q=17.5
2026-06-05 06:34:50,247 INFO: Plan 5: ḡ=10, γE[v]=15.0, Q=25.0
2026-06-05 06:34:50,247 INFO: Plan 4: ḡ=12, γE[v]=7.5, Q=19.5
2026-06-05 06:34:59,927 INFO: Plan 0: ḡ=22, γE[v]=15.0, Q=37.0
2026-06-05 06:34:59,929 INFO: Plan 1: ḡ=22, γE[v]=9.0, Q=31.0
2026-06-05 06:34:59,950 INFO: Plan 4: ḡ=12, γE[v]=10.0, Q=22.0
2026-06-05 06:34:59,951 INFO: Plan 6: ḡ=25, γE[v]=7.5, Q=32.5
2026-06-05 06:34:59,952 INFO: Plan 7: ḡ=35, γE[v]=7.5, Q=42.5
2026-06-05 06:34:59,953 INFO: Plan 3: ḡ=22, γE[v]=9.0, Q=31.0
2026-06-05 06:34:59,954 INFO: Plan 2: ḡ=22, γE[v]=15.0, Q=37.0
2026-06-05 06:34:59,955 INFO: Plan 5: ḡ=22, γE[v]=15.0, Q=37.0
2026-06-05 06:35:03,680 INFO: Plan 0: ḡ=11, γE[v]=0.0, Q=11.0
2026-06-05 06:35:03,705 INFO: Plan 5: ḡ=11, γE[v]=0.0, Q=11.0
2026-06-05 06:35:03,706 INFO: Plan 3: ḡ=11, γE[v]=0.0, Q=11.0
2026-06-05 06:35:03,707 INFO: Plan 4: ḡ=10, γE[v]=0.0, Q=10.0
2026-06-05 06:35:03,707 INFO: Plan 1: ḡ=12, γE[v]=0.0, Q=12.0
2026-06-05 06:35:03,708 INFO: Plan 7: ḡ=10, γE[v]=0.0, Q=10.0
2026-06-05 06:35:03,709 INFO: Plan 6: ḡ=12, γE[v]=0.0, Q=12.0
2026-06-05 06:35:03,710 INFO: Plan 2: ḡ=10, γE[v]=0.0, Q=10.0
2026-06-05 06:35:05,652 INFO: Plan 6: ḡ=0, γE[v]=0.0, Q=0.0
2026-06-05 06:35:05,652 INFO: Plan 0: ḡ=0, γE[v]=0.0, Q=0.0
2026-06-05 06:35:05,653 INFO: Plan 5: ḡ=0, γE[v]=0.0, Q=0.0
2026-06-05 06:35:05,654 INFO: Plan 2: ḡ=0, γE[v]=0.0, Q=0.0
2026-06-05 06:35:05,673 INFO: Plan 3: ḡ=2, γE[v]=20.0, Q=22.0
2026-06-05 06:35:05,674 INFO: Plan 1: ḡ=12, γE[v]=7.5, Q=19.5
2026-06-05 06:35:05,693 INFO: Plan 7: ḡ=12, γE[v]=7.5, Q=19.5
2026-06-05 06:35:05,694 INFO: Plan 4: ḡ=12, γE[v]=15.0, Q=27.0
2026-06-05 06:35:08,851 INFO: Plan 3: ḡ=22, γE[v]=0.0, Q=22.0
2026-06-05 06:35:08,851 INFO: Plan 0: ḡ=22, γE[v]=0.0, Q=22.0
2026-06-05 06:35:08,870 INFO: Plan 1: ḡ=0, γE[v]=0.0, Q=0.0
2026-06-05 06:35:08,891 INFO: Plan 5: ḡ=22, γE[v]=0.0, Q=22.0
2026-06-05 06:35:08,914 INFO: Plan 6: ḡ=12, γE[v]=5.0, Q=17.0
2026-06-05 06:35:08,915 INFO: Plan 7: ḡ=12, γE[v]=5.0, Q=17.0
2026-06-05 06:35:08,916 INFO: Plan 4: ḡ=12, γE[v]=5.0, Q=17.0
2026-06-05 06:35:08,917 INFO: Plan 2: ḡ=12, γE[v]=5.0, Q=17.0
2026-06-05 06:35:15,674 INFO: Plan 0: ḡ=22, γE[v]=7.5, Q=29.5
2026-06-05 06:35:15,692 INFO: Plan 1: ḡ=16, γE[v]=5.0, Q=21.0
2026-06-05 06:35:15,714 INFO: Plan 7: ḡ=16, γE[v]=5.0, Q=21.0
2026-06-05 06:35:15,715 INFO: Plan 3: ḡ=25, γE[v]=7.5, Q=32.5
2026-06-05 06:35:15,715 INFO: Plan 5: ḡ=16, γE[v]=15.0, Q=31.0
2026-06-05 06:35:15,716 INFO: Plan 6: ḡ=16, γE[v]=10.0, Q=26.0
2026-06-05 06:35:15,716 INFO: Plan 2: ḡ=16, γE[v]=15.0, Q=31.0
2026-06-05 06:35:15,717 INFO: Plan 4: ḡ=16, γE[v]=15.0, Q=31.0
2026-06-05 06:35:45,143 INFO: Plan 0: ḡ=17, γE[v]=5.0, Q=22.0
2026-06-05 06:35:45,184 INFO: Plan 6: ḡ=17, γE[v]=5.0, Q=22.0
2026-06-05 06:35:45,185 INFO: Plan 2: ḡ=17, γE[v]=16.5, Q=33.5
2026-06-05 06:35:45,185 INFO: Plan 5: ḡ=17, γE[v]=16.5, Q=33.5
2026-06-05 06:35:45,186 INFO: Plan 7: ḡ=17, γE[v]=15.0, Q=32.0
2026-06-05 06:35:45,186 INFO: Plan 3: ḡ=17, γE[v]=16.5, Q=33.5
2026-06-05 06:35:45,187 INFO: Plan 4: ḡ=17, γE[v]=5.0, Q=22.0
2026-06-05 06:35:45,188 INFO: Plan 1: ḡ=17, γE[v]=16.5, Q=33.5
2026-06-05 06:36:22,323 INFO: Plan 1: ḡ=0, γE[v]=0.0, Q=0.0
2026-06-05 06:36:22,342 INFO: Plan 6: ḡ=0, γE[v]=0.0, Q=0.0
2026-06-05 06:36:22,343 INFO: Plan 7: ḡ=0, γE[v]=0.0, Q=0.0
2026-06-05 06:36:22,362 INFO: Plan 2: ḡ=12, γE[v]=5.0, Q=17.0
2026-06-05 06:36:22,363 INFO: Plan 3: ḡ=18, γE[v]=0.0, Q=18.0
2026-06-05 06:36:22,382 INFO: Plan 5: ḡ=12, γE[v]=15.0, Q=27.0
2026-06-05 06:36:22,383 INFO: Plan 4: ḡ=12, γE[v]=7.5, Q=19.5
2026-06-05 06:36:22,384 INFO: Plan 0: ḡ=12, γE[v]=5.0, Q=17.0
2026-06-05 06:36:25,172 INFO: Plan 0: ḡ=12, γE[v]=17.5, Q=29.5
2026-06-05 06:36:25,173 INFO: Plan 2: ḡ=12, γE[v]=12.5, Q=24.5
2026-06-05 06:36:25,174 INFO: Plan 1: ḡ=12, γE[v]=15.0, Q=27.0
2026-06-05 06:36:25,193 INFO: Plan 6: ḡ=12, γE[v]=17.5, Q=29.5
2026-06-05 06:36:25,194 INFO: Plan 7: ḡ=12, γE[v]=10.0, Q=22.0
2026-06-05 06:36:25,194 INFO: Plan 3: ḡ=12, γE[v]=15.0, Q=27.0
2026-06-05 06:36:25,196 INFO: Plan 4: ḡ=12, γE[v]=10.0, Q=22.0
2026-06-05 06:36:25,197 INFO: Plan 5: ḡ=42, γE[v]=5.0, Q=47.0
2026-06-05 06:36:39,549 INFO: Plan 0: ḡ=11, γE[v]=0.0, Q=11.0
2026-06-05 06:36:39,575 INFO: Plan 4: ḡ=11, γE[v]=0.0, Q=11.0
2026-06-05 06:36:39,576 INFO: Plan 6: ḡ=10, γE[v]=0.0, Q=10.0
2026-06-05 06:36:39,577 INFO: Plan 5: ḡ=11, γE[v]=0.0, Q=11.0
2026-06-05 06:36:39,578 INFO: Plan 3: ḡ=10, γE[v]=0.0, Q=10.0
2026-06-05 06:36:39,579 INFO: Plan 2: ḡ=12, γE[v]=0.0, Q=12.0
2026-06-05 06:36:39,579 INFO: Plan 1: ḡ=10, γE[v]=0.0, Q=10.0
2026-06-05 06:36:39,580 INFO: Plan 7: ḡ=11, γE[v]=0.0, Q=11.0
2026-06-05 06:36:42,688 INFO: Plan 0: ḡ=25, γE[v]=15.0, Q=40.0
2026-06-05 06:36:42,689 INFO: Plan 3: ḡ=25, γE[v]=7.5, Q=32.5
2026-06-05 06:36:42,690 INFO: Plan 2: ḡ=25, γE[v]=15.0, Q=40.0
2026-06-05 06:36:42,691 INFO: Plan 6: ḡ=35, γE[v]=10.0, Q=45.0
2026-06-05 06:36:42,692 INFO: Plan 4: ḡ=12, γE[v]=15.0, Q=27.0
2026-06-05 06:36:42,693 INFO: Plan 5: ḡ=25, γE[v]=15.0, Q=40.0
2026-06-05 06:36:42,694 INFO: Plan 7: ḡ=20, γE[v]=15.0, Q=35.0
2026-06-05 06:36:42,694 INFO: Plan 1: ḡ=25, γE[v]=15.0, Q=40.0
2026-06-05 06:36:50,272 INFO: Plan 0: ḡ=0, γE[v]=0.0, Q=0.0
2026-06-05 06:36:50,274 INFO: Plan 1: ḡ=1, γE[v]=0.0, Q=1.0
2026-06-05 06:36:50,295 INFO: Plan 6: ḡ=0, γE[v]=0.0, Q=0.0
2026-06-05 06:36:50,341 INFO: Plan 4: ḡ=12, γE[v]=7.5, Q=19.5
2026-06-05 06:36:50,343 INFO: Plan 5: ḡ=12, γE[v]=7.5, Q=19.5
2026-06-05 06:36:50,344 INFO: Plan 2: ḡ=12, γE[v]=7.5, Q=19.5
2026-06-05 06:36:50,345 INFO: Plan 3: ḡ=12, γE[v]=15.0, Q=27.0
2026-06-05 06:36:50,346 INFO: Plan 7: ḡ=12, γE[v]=7.5, Q=19.5
2026-06-05 06:36:54,248 INFO: Plan 1: ḡ=16, γE[v]=17.0, Q=33.0
2026-06-05 06:36:54,249 INFO: Plan 5: ḡ=16, γE[v]=0.0, Q=16.0
2026-06-05 06:36:54,250 INFO: Plan 0: ḡ=16, γE[v]=5.0, Q=21.0
2026-06-05 06:36:54,269 INFO: Plan 6: ḡ=16, γE[v]=15.0, Q=31.0
2026-06-05 06:36:54,270 INFO: Plan 2: ḡ=16, γE[v]=15.0, Q=31.0
2026-06-05 06:36:54,272 INFO: Plan 7: ḡ=16, γE[v]=17.0, Q=33.0
2026-06-05 06:36:54,273 INFO: Plan 3: ḡ=18, γE[v]=16.0, Q=34.0
2026-06-05 06:36:54,274 INFO: Plan 4: ḡ=18, γE[v]=6.0, Q=24.0
2026-06-05 06:36:56,424 INFO: Plan 0: ḡ=22, γE[v]=0.0, Q=22.0
2026-06-05 06:36:56,460 INFO: Plan 3: ḡ=22, γE[v]=0.0, Q=22.0
2026-06-05 06:36:56,461 INFO: Plan 2: ḡ=22, γE[v]=0.0, Q=22.0
2026-06-05 06:36:56,479 INFO: Plan 6: ḡ=12, γE[v]=5.0, Q=17.0
2026-06-05 06:36:56,481 INFO: Plan 7: ḡ=12, γE[v]=5.0, Q=17.0
2026-06-05 06:36:56,482 INFO: Plan 4: ḡ=12, γE[v]=5.0, Q=17.0
2026-06-05 06:36:56,483 INFO: Plan 5: ḡ=12, γE[v]=5.0, Q=17.0
2026-06-05 06:36:56,483 INFO: Plan 1: ḡ=12, γE[v]=5.0, Q=17.0
2026-06-05 06:37:18,783 INFO: Plan 0: ḡ=17, γE[v]=16.5, Q=33.5
2026-06-05 06:37:18,801 INFO: Plan 1: ḡ=17, γE[v]=0.0, Q=17.0
2026-06-05 06:37:18,821 INFO: Plan 3: ḡ=17, γE[v]=16.5, Q=33.5
2026-06-05 06:37:18,821 INFO: Plan 2: ḡ=17, γE[v]=16.5, Q=33.5
2026-06-05 06:37:18,823 INFO: Plan 4: ḡ=17, γE[v]=5.0, Q=22.0
2026-06-05 06:37:18,824 INFO: Plan 5: ḡ=17, γE[v]=16.5, Q=33.5
2026-06-05 06:37:18,854 INFO: Plan 6: ḡ=17, γE[v]=16.5, Q=33.5
2026-06-05 06:37:18,855 INFO: Plan 7: ḡ=17, γE[v]=16.5, Q=33.5
  [70/93] werkzeug.http seed=42: {'cov_qvalue_calib': 18}
2026-06-05 06:37:58,270 INFO: Plan 0: ḡ=10, γE[v]=20.0, Q=30.0
2026-06-05 06:37:58,271 INFO: Plan 1: ḡ=12, γE[v]=17.5, Q=29.5
2026-06-05 06:37:58,294 INFO: Plan 7: ḡ=10, γE[v]=15.0, Q=25.0
2026-06-05 06:37:58,294 INFO: Plan 5: ḡ=12, γE[v]=17.5, Q=29.5
2026-06-05 06:37:58,295 INFO: Plan 2: ḡ=12, γE[v]=10.0, Q=22.0
2026-06-05 06:37:58,295 INFO: Plan 3: ḡ=10, γE[v]=20.0, Q=30.0
2026-06-05 06:37:58,296 INFO: Plan 4: ḡ=10, γE[v]=7.5, Q=17.5
2026-06-05 06:37:58,297 INFO: Plan 6: ḡ=10, γE[v]=20.0, Q=30.0
2026-06-05 06:38:05,139 INFO: Plan 0: ḡ=0, γE[v]=0.0, Q=0.0
2026-06-05 06:38:05,139 INFO: Plan 1: ḡ=2, γE[v]=0.5, Q=2.5
2026-06-05 06:38:05,232 INFO: Plan 3: ḡ=0, γE[v]=0.0, Q=0.0
2026-06-05 06:38:05,233 INFO: Plan 2: ḡ=0, γE[v]=0.0, Q=0.0
2026-06-05 06:38:05,277 INFO: Plan 4: ḡ=0, γE[v]=0.0, Q=0.0
2026-06-05 06:38:05,278 INFO: Plan 5: ḡ=0, γE[v]=0.0, Q=0.0
2026-06-05 06:38:05,299 INFO: Plan 7: ḡ=1, γE[v]=0.0, Q=1.0
2026-06-05 06:38:05,300 INFO: Plan 6: ḡ=1, γE[v]=0.0, Q=1.0
2026-06-05 06:38:15,855 INFO: Plan 1: ḡ=4, γE[v]=0.0, Q=4.0
2026-06-05 06:38:15,875 INFO: Plan 2: ḡ=10, γE[v]=0.0, Q=10.0
2026-06-05 06:38:15,876 INFO: Plan 0: ḡ=11, γE[v]=0.0, Q=11.0
2026-06-05 06:38:15,897 INFO: Plan 4: ḡ=12, γE[v]=0.0, Q=12.0
2026-06-05 06:38:15,898 INFO: Plan 7: ḡ=10, γE[v]=0.0, Q=10.0
2026-06-05 06:38:15,899 INFO: Plan 5: ḡ=11, γE[v]=0.0, Q=11.0
2026-06-05 06:38:15,900 INFO: Plan 3: ḡ=11, γE[v]=0.0, Q=11.0
2026-06-05 06:38:15,901 INFO: Plan 6: ḡ=10, γE[v]=0.0, Q=10.0
  [71/93] werkzeug.serving seed=42: {'cov_qvalue_calib': 9}
2026-06-05 06:38:19,598 INFO: Plan 1: ḡ=20, γE[v]=15.0, Q=35.0
2026-06-05 06:38:19,599 INFO: Plan 2: ḡ=35, γE[v]=7.5, Q=42.5
2026-06-05 06:38:19,599 INFO: Plan 0: ḡ=35, γE[v]=7.5, Q=42.5
2026-06-05 06:38:19,600 INFO: Plan 3: ḡ=25, γE[v]=7.5, Q=32.5
2026-06-05 06:38:19,601 INFO: Plan 4: ḡ=12, γE[v]=10.0, Q=22.0
2026-06-05 06:38:19,664 INFO: Plan 5: ḡ=20, γE[v]=15.0, Q=35.0
2026-06-05 06:38:19,902 INFO: Plan 6: ḡ=25, γE[v]=7.5, Q=32.5
2026-06-05 06:38:19,950 INFO: Plan 7: ḡ=35, γE[v]=7.5, Q=42.5
  [72/93] pydantic.functional_serializers seed=42: {'cov_qvalue_calib': 22}
2026-06-05 06:38:32,446 INFO: Plan 1: ḡ=22, γE[v]=14.0, Q=36.0
2026-06-05 06:38:32,447 INFO: Plan 0: ḡ=16, γE[v]=17.0, Q=33.0
2026-06-05 06:38:32,469 INFO: Plan 4: ḡ=18, γE[v]=6.0, Q=24.0
2026-06-05 06:38:32,471 INFO: Plan 5: ḡ=20, γE[v]=15.0, Q=35.0
2026-06-05 06:38:32,472 INFO: Plan 6: ḡ=12, γE[v]=10.0, Q=22.0
2026-06-05 06:38:32,472 INFO: Plan 3: ḡ=16, γE[v]=15.0, Q=31.0
2026-06-05 06:38:32,473 INFO: Plan 7: ḡ=22, γE[v]=9.0, Q=31.0
2026-06-05 06:38:32,473 INFO: Plan 2: ḡ=22, γE[v]=9.0, Q=31.0
2026-06-05 06:38:32,929 INFO: Plan 4: ḡ=0, γE[v]=0.0, Q=0.0
2026-06-05 06:38:32,930 INFO: Plan 0: ḡ=12, γE[v]=4.0, Q=16.0
2026-06-05 06:38:32,951 INFO: Plan 5: ḡ=12, γE[v]=1.0, Q=13.0
2026-06-05 06:38:32,952 INFO: Plan 1: ḡ=12, γE[v]=1.0, Q=13.0
2026-06-05 06:38:32,953 INFO: Plan 2: ḡ=12, γE[v]=4.0, Q=16.0
2026-06-05 06:38:32,954 INFO: Plan 3: ḡ=12, γE[v]=1.0, Q=13.0
2026-06-05 06:38:32,968 INFO: Plan 7: ḡ=0, γE[v]=0.0, Q=0.0
2026-06-05 06:38:32,988 INFO: Plan 6: ḡ=12, γE[v]=4.0, Q=16.0
2026-06-05 06:38:41,885 INFO: Plan 1: ḡ=12, γE[v]=17.5, Q=29.5
2026-06-05 06:38:41,886 INFO: Plan 2: ḡ=12, γE[v]=17.5, Q=29.5
2026-06-05 06:38:41,886 INFO: Plan 3: ḡ=10, γE[v]=20.0, Q=30.0
2026-06-05 06:38:41,887 INFO: Plan 0: ḡ=10, γE[v]=15.0, Q=25.0
2026-06-05 06:38:41,904 INFO: Plan 5: ḡ=12, γE[v]=17.5, Q=29.5
2026-06-05 06:38:41,905 INFO: Plan 4: ḡ=12, γE[v]=17.5, Q=29.5
2026-06-05 06:38:41,924 INFO: Plan 7: ḡ=12, γE[v]=17.5, Q=29.5
2026-06-05 06:38:41,925 INFO: Plan 6: ḡ=12, γE[v]=17.5, Q=29.5
2026-06-05 06:38:48,543 INFO: Plan 0: ḡ=17, γE[v]=5.0, Q=22.0
2026-06-05 06:38:48,579 INFO: Plan 1: ḡ=17, γE[v]=16.5, Q=33.5
2026-06-05 06:38:48,580 INFO: Plan 4: ḡ=17, γE[v]=16.5, Q=33.5
2026-06-05 06:38:48,581 INFO: Plan 5: ḡ=17, γE[v]=16.5, Q=33.5
2026-06-05 06:38:48,583 INFO: Plan 3: ḡ=17, γE[v]=16.5, Q=33.5
2026-06-05 06:38:48,584 INFO: Plan 6: ḡ=17, γE[v]=5.0, Q=22.0
2026-06-05 06:38:48,584 INFO: Plan 7: ḡ=17, γE[v]=5.0, Q=22.0
2026-06-05 06:38:48,585 INFO: Plan 2: ḡ=17, γE[v]=16.5, Q=33.5
2026-06-05 06:39:32,193 INFO: Plan 1: ḡ=12, γE[v]=17.5, Q=29.5
2026-06-05 06:39:32,194 INFO: Plan 0: ḡ=12, γE[v]=17.5, Q=29.5
2026-06-05 06:39:32,215 INFO: Plan 2: ḡ=12, γE[v]=17.5, Q=29.5
2026-06-05 06:39:32,216 INFO: Plan 5: ḡ=12, γE[v]=17.5, Q=29.5
2026-06-05 06:39:32,217 INFO: Plan 7: ḡ=12, γE[v]=17.5, Q=29.5
2026-06-05 06:39:32,218 INFO: Plan 4: ḡ=12, γE[v]=17.5, Q=29.5
2026-06-05 06:39:32,218 INFO: Plan 3: ḡ=12, γE[v]=17.5, Q=29.5
2026-06-05 06:39:32,219 INFO: Plan 6: ḡ=12, γE[v]=17.5, Q=29.5
2026-06-05 06:39:47,367 INFO: Plan 6: ḡ=0, γE[v]=0.0, Q=0.0
2026-06-05 06:39:47,368 INFO: Plan 7: ḡ=0, γE[v]=0.0, Q=0.0
2026-06-05 06:39:47,369 INFO: Plan 1: ḡ=0, γE[v]=0.0, Q=0.0
2026-06-05 06:39:47,370 INFO: Plan 3: ḡ=0, γE[v]=0.0, Q=0.0
2026-06-05 06:39:47,389 INFO: Plan 4: ḡ=4, γE[v]=5.0, Q=9.0
2026-06-05 06:39:47,390 INFO: Plan 2: ḡ=3, γE[v]=6.0, Q=9.0
2026-06-05 06:39:47,412 INFO: Plan 0: ḡ=10, γE[v]=7.5, Q=17.5
2026-06-05 06:39:47,413 INFO: Plan 5: ḡ=10, γE[v]=15.0, Q=25.0
2026-06-05 06:39:55,622 INFO: Plan 1: ḡ=1, γE[v]=0.0, Q=1.0
2026-06-05 06:39:55,643 INFO: Plan 6: ḡ=3, γE[v]=0.0, Q=3.0
2026-06-05 06:39:55,644 INFO: Plan 5: ḡ=4, γE[v]=0.0, Q=4.0
2026-06-05 06:39:55,644 INFO: Plan 0: ḡ=12, γE[v]=2.5, Q=14.5
2026-06-05 06:39:55,663 INFO: Plan 2: ḡ=11, γE[v]=0.0, Q=11.0
2026-06-05 06:39:55,664 INFO: Plan 7: ḡ=12, γE[v]=0.0, Q=12.0
2026-06-05 06:39:55,665 INFO: Plan 3: ḡ=12, γE[v]=0.0, Q=12.0
2026-06-05 06:39:55,666 INFO: Plan 4: ḡ=10, γE[v]=0.0, Q=10.0
2026-06-05 06:40:02,237 INFO: Plan 0: ḡ=20, γE[v]=15.0, Q=35.0
2026-06-05 06:40:02,260 INFO: Plan 1: ḡ=12, γE[v]=17.5, Q=29.5
2026-06-05 06:40:02,260 INFO: Plan 3: ḡ=12, γE[v]=15.0, Q=27.0
2026-06-05 06:40:02,261 INFO: Plan 2: ḡ=20, γE[v]=15.0, Q=35.0
2026-06-05 06:40:02,262 INFO: Plan 4: ḡ=12, γE[v]=10.0, Q=22.0
2026-06-05 06:40:02,263 INFO: Plan 5: ḡ=20, γE[v]=15.0, Q=35.0
2026-06-05 06:40:02,264 INFO: Plan 6: ḡ=20, γE[v]=15.0, Q=35.0
2026-06-05 06:40:02,279 INFO: Plan 7: ḡ=20, γE[v]=15.0, Q=35.0
2026-06-05 06:40:13,347 INFO: Plan 1: ḡ=12, γE[v]=2.5, Q=14.5
2026-06-05 06:40:13,348 INFO: Plan 4: ḡ=12, γE[v]=2.5, Q=14.5
2026-06-05 06:40:13,349 INFO: Plan 5: ḡ=13, γE[v]=0.0, Q=13.0
2026-06-05 06:40:13,350 INFO: Plan 2: ḡ=13, γE[v]=0.0, Q=13.0
2026-06-05 06:40:13,351 INFO: Plan 6: ḡ=12, γE[v]=2.5, Q=14.5
2026-06-05 06:40:13,352 INFO: Plan 7: ḡ=13, γE[v]=0.0, Q=13.0
2026-06-05 06:40:13,352 INFO: Plan 3: ḡ=12, γE[v]=0.0, Q=12.0
2026-06-05 06:40:13,353 INFO: Plan 0: ḡ=12, γE[v]=2.5, Q=14.5
2026-06-05 06:40:15,905 INFO: Plan 0: ḡ=16, γE[v]=15.0, Q=31.0
2026-06-05 06:40:15,929 INFO: Plan 1: ḡ=16, γE[v]=10.0, Q=26.0
2026-06-05 06:40:15,930 INFO: Plan 3: ḡ=16, γE[v]=5.0, Q=21.0
2026-06-05 06:40:15,931 INFO: Plan 7: ḡ=16, γE[v]=17.0, Q=33.0
2026-06-05 06:40:15,931 INFO: Plan 2: ḡ=22, γE[v]=9.0, Q=31.0
2026-06-05 06:40:15,933 INFO: Plan 5: ḡ=16, γE[v]=15.0, Q=31.0
2026-06-05 06:40:15,934 INFO: Plan 6: ḡ=16, γE[v]=15.0, Q=31.0
2026-06-05 06:40:15,949 INFO: Plan 4: ḡ=22, γE[v]=9.0, Q=31.0
2026-06-05 06:40:25,770 INFO: Plan 5: ḡ=17, γE[v]=16.5, Q=33.5
2026-06-05 06:40:25,771 INFO: Plan 0: ḡ=17, γE[v]=16.5, Q=33.5
2026-06-05 06:40:25,772 INFO: Plan 1: ḡ=17, γE[v]=16.5, Q=33.5
2026-06-05 06:40:25,773 INFO: Plan 2: ḡ=17, γE[v]=16.5, Q=33.5
2026-06-05 06:40:25,775 INFO: Plan 7: ḡ=17, γE[v]=16.5, Q=33.5
2026-06-05 06:40:25,775 INFO: Plan 3: ḡ=17, γE[v]=5.0, Q=22.0
2026-06-05 06:40:25,776 INFO: Plan 4: ḡ=17, γE[v]=16.5, Q=33.5
2026-06-05 06:40:25,787 INFO: Plan 6: ḡ=17, γE[v]=16.5, Q=33.5
2026-06-05 06:40:28,592 INFO: Plan 1: ḡ=5, γE[v]=15.0, Q=20.0
2026-06-05 06:40:28,629 INFO: Plan 3: ḡ=42, γE[v]=4.0, Q=46.0
2026-06-05 06:40:28,630 INFO: Plan 5: ḡ=42, γE[v]=4.0, Q=46.0
2026-06-05 06:40:28,648 INFO: Plan 0: ḡ=12, γE[v]=12.0, Q=24.0
2026-06-05 06:40:28,649 INFO: Plan 2: ḡ=12, γE[v]=12.0, Q=24.0
2026-06-05 06:40:28,651 INFO: Plan 4: ḡ=12, γE[v]=12.0, Q=24.0
2026-06-05 06:40:28,651 INFO: Plan 7: ḡ=41, γE[v]=5.0, Q=46.0
2026-06-05 06:40:28,652 INFO: Plan 6: ḡ=12, γE[v]=12.0, Q=24.0
2026-06-05 06:41:05,255 INFO: Plan 0: ḡ=12, γE[v]=17.5, Q=29.5
2026-06-05 06:41:05,293 INFO: Plan 3: ḡ=12, γE[v]=17.5, Q=29.5
2026-06-05 06:41:05,294 INFO: Plan 7: ḡ=12, γE[v]=15.0, Q=27.0
2026-06-05 06:41:05,295 INFO: Plan 2: ḡ=12, γE[v]=17.5, Q=29.5
2026-06-05 06:41:05,296 INFO: Plan 4: ḡ=10, γE[v]=20.0, Q=30.0
2026-06-05 06:41:05,297 INFO: Plan 5: ḡ=12, γE[v]=17.5, Q=29.5
2026-06-05 06:41:05,298 INFO: Plan 1: ḡ=12, γE[v]=17.5, Q=29.5
2026-06-05 06:41:05,298 INFO: Plan 6: ḡ=12, γE[v]=17.5, Q=29.5
  [73/93] werkzeug.datastructures.structures seed=42: {'cov_qvalue_calib': 22}
2026-06-05 06:41:23,629 INFO: Plan 0: ḡ=12, γE[v]=17.5, Q=29.5
2026-06-05 06:41:23,630 INFO: Plan 3: ḡ=10, γE[v]=20.0, Q=30.0
2026-06-05 06:41:23,631 INFO: Plan 1: ḡ=12, γE[v]=17.5, Q=29.5
2026-06-05 06:41:23,632 INFO: Plan 4: ḡ=4, γE[v]=6.0, Q=10.0
2026-06-05 06:41:23,654 INFO: Plan 2: ḡ=12, γE[v]=17.5, Q=29.5
2026-06-05 06:41:23,654 INFO: Plan 5: ḡ=12, γE[v]=17.5, Q=29.5
2026-06-05 06:41:23,655 INFO: Plan 6: ḡ=10, γE[v]=20.0, Q=30.0
2026-06-05 06:41:23,656 INFO: Plan 7: ḡ=12, γE[v]=17.5, Q=29.5
2026-06-05 06:41:30,607 INFO: Plan 0: ḡ=1, γE[v]=0.0, Q=1.0
2026-06-05 06:41:30,608 INFO: Plan 3: ḡ=1, γE[v]=0.0, Q=1.0
2026-06-05 06:41:30,609 INFO: Plan 1: ḡ=0, γE[v]=0.0, Q=0.0
2026-06-05 06:41:30,610 INFO: Plan 2: ḡ=1, γE[v]=0.0, Q=1.0
2026-06-05 06:41:30,626 INFO: Plan 5: ḡ=1, γE[v]=0.0, Q=1.0
2026-06-05 06:41:30,627 INFO: Plan 4: ḡ=1, γE[v]=7.5, Q=8.5
2026-06-05 06:41:30,645 INFO: Plan 7: ḡ=0, γE[v]=0.0, Q=0.0
2026-06-05 06:41:30,646 INFO: Plan 6: ḡ=1, γE[v]=0.0, Q=1.0
2026-06-05 06:41:41,092 INFO: Plan 0: ḡ=19, γE[v]=15.0, Q=34.0
2026-06-05 06:41:41,116 INFO: Plan 1: ḡ=20, γE[v]=15.0, Q=35.0
2026-06-05 06:41:41,117 INFO: Plan 2: ḡ=20, γE[v]=15.0, Q=35.0
2026-06-05 06:41:41,118 INFO: Plan 3: ḡ=19, γE[v]=15.5, Q=34.5
2026-06-05 06:41:41,119 INFO: Plan 4: ḡ=12, γE[v]=17.5, Q=29.5
2026-06-05 06:41:41,138 INFO: Plan 5: ḡ=20, γE[v]=15.0, Q=35.0
2026-06-05 06:41:41,139 INFO: Plan 6: ḡ=20, γE[v]=15.0, Q=35.0
2026-06-05 06:41:41,160 INFO: Plan 7: ḡ=19, γE[v]=15.0, Q=34.0
2026-06-05 06:41:49,948 INFO: Plan 5: ḡ=12, γE[v]=2.5, Q=14.5
2026-06-05 06:41:49,949 INFO: Plan 7: ḡ=13, γE[v]=0.0, Q=13.0
2026-06-05 06:41:49,950 INFO: Plan 3: ḡ=12, γE[v]=4.0, Q=16.0
2026-06-05 06:41:49,951 INFO: Plan 0: ḡ=13, γE[v]=0.0, Q=13.0
2026-06-05 06:41:49,951 INFO: Plan 4: ḡ=12, γE[v]=2.5, Q=14.5
2026-06-05 06:41:49,952 INFO: Plan 6: ḡ=14, γE[v]=0.0, Q=14.0
2026-06-05 06:41:49,953 INFO: Plan 2: ḡ=14, γE[v]=0.0, Q=14.0
2026-06-05 06:41:49,954 INFO: Plan 1: ḡ=13, γE[v]=0.0, Q=13.0
2026-06-05 06:41:52,543 INFO: Plan 1: ḡ=18, γE[v]=16.0, Q=34.0
2026-06-05 06:41:52,544 INFO: Plan 2: ḡ=10, γE[v]=15.0, Q=25.0
2026-06-05 06:41:52,545 INFO: Plan 0: ḡ=10, γE[v]=15.0, Q=25.0
2026-06-05 06:41:52,567 INFO: Plan 3: ḡ=16, γE[v]=5.0, Q=21.0
2026-06-05 06:41:52,568 INFO: Plan 4: ḡ=20, γE[v]=15.0, Q=35.0
2026-06-05 06:41:52,568 INFO: Plan 6: ḡ=18, γE[v]=16.0, Q=34.0
2026-06-05 06:41:52,569 INFO: Plan 7: ḡ=10, γE[v]=15.0, Q=25.0
2026-06-05 06:41:52,570 INFO: Plan 5: ḡ=10, γE[v]=15.0, Q=25.0
2026-06-05 06:42:02,880 INFO: Plan 0: ḡ=17, γE[v]=16.5, Q=33.5
2026-06-05 06:42:02,903 INFO: Plan 2: ḡ=17, γE[v]=16.5, Q=33.5
2026-06-05 06:42:02,904 INFO: Plan 1: ḡ=17, γE[v]=5.0, Q=22.0
2026-06-05 06:42:02,934 INFO: Plan 4: ḡ=17, γE[v]=5.0, Q=22.0
2026-06-05 06:42:02,937 INFO: Plan 6: ḡ=17, γE[v]=16.5, Q=33.5
2026-06-05 06:42:02,937 INFO: Plan 5: ḡ=17, γE[v]=16.5, Q=33.5
2026-06-05 06:42:02,938 INFO: Plan 3: ḡ=17, γE[v]=16.5, Q=33.5
2026-06-05 06:42:02,938 INFO: Plan 7: ḡ=17, γE[v]=16.5, Q=33.5
2026-06-05 06:42:07,647 INFO: Plan 0: ḡ=5, γE[v]=7.5, Q=12.5
2026-06-05 06:42:07,666 INFO: Plan 1: ḡ=5, γE[v]=15.0, Q=20.0
2026-06-05 06:42:07,686 INFO: Plan 2: ḡ=5, γE[v]=15.0, Q=20.0
2026-06-05 06:42:07,687 INFO: Plan 6: ḡ=5, γE[v]=7.5, Q=12.5
2026-06-05 06:42:07,688 INFO: Plan 3: ḡ=5, γE[v]=7.5, Q=12.5
2026-06-05 06:42:07,689 INFO: Plan 7: ḡ=5, γE[v]=7.5, Q=12.5
2026-06-05 06:42:07,690 INFO: Plan 5: ḡ=5, γE[v]=7.5, Q=12.5
2026-06-05 06:42:07,691 INFO: Plan 4: ḡ=5, γE[v]=7.5, Q=12.5
2026-06-05 06:42:43,815 INFO: Plan 0: ḡ=12, γE[v]=17.5, Q=29.5
2026-06-05 06:42:43,835 INFO: Plan 1: ḡ=12, γE[v]=17.5, Q=29.5
2026-06-05 06:42:43,853 INFO: Plan 7: ḡ=12, γE[v]=15.0, Q=27.0
2026-06-05 06:42:43,854 INFO: Plan 2: ḡ=12, γE[v]=15.0, Q=27.0
2026-06-05 06:42:43,855 INFO: Plan 5: ḡ=12, γE[v]=15.0, Q=27.0
2026-06-05 06:42:43,856 INFO: Plan 6: ḡ=10, γE[v]=20.0, Q=30.0
2026-06-05 06:42:43,856 INFO: Plan 4: ḡ=12, γE[v]=15.0, Q=27.0
2026-06-05 06:42:43,857 INFO: Plan 3: ḡ=12, γE[v]=15.0, Q=27.0
2026-06-05 06:43:02,873 INFO: Plan 7: ḡ=0, γE[v]=0.0, Q=0.0
2026-06-05 06:43:02,873 INFO: Plan 2: ḡ=1, γE[v]=0.0, Q=1.0
2026-06-05 06:43:02,874 INFO: Plan 6: ḡ=0, γE[v]=0.0, Q=0.0
2026-06-05 06:43:02,891 INFO: Plan 0: ḡ=12, γE[v]=17.5, Q=29.5
2026-06-05 06:43:02,914 INFO: Plan 1: ḡ=10, γE[v]=7.5, Q=17.5
2026-06-05 06:43:02,915 INFO: Plan 3: ḡ=12, γE[v]=17.5, Q=29.5
2026-06-05 06:43:02,916 INFO: Plan 5: ḡ=12, γE[v]=15.0, Q=27.0
2026-06-05 06:43:02,916 INFO: Plan 4: ḡ=12, γE[v]=17.5, Q=29.5
2026-06-05 06:43:06,656 INFO: Plan 0: ḡ=1, γE[v]=14.5, Q=15.5
2026-06-05 06:43:06,693 INFO: Plan 1: ḡ=0, γE[v]=15.0, Q=15.0
2026-06-05 06:43:06,698 INFO: Plan 7: ḡ=0, γE[v]=15.0, Q=15.0
2026-06-05 06:43:06,699 INFO: Plan 5: ḡ=0, γE[v]=15.0, Q=15.0
2026-06-05 06:43:06,700 INFO: Plan 6: ḡ=0, γE[v]=15.0, Q=15.0
2026-06-05 06:43:06,704 INFO: Plan 2: ḡ=1, γE[v]=10.0, Q=11.0
2026-06-05 06:43:06,710 INFO: Plan 3: ḡ=12, γE[v]=12.5, Q=24.5
2026-06-05 06:43:06,711 INFO: Plan 4: ḡ=12, γE[v]=10.0, Q=22.0
  [74/93] werkzeug.routing.map seed=42: {'cov_qvalue_calib': 55}
2026-06-05 06:43:20,588 INFO: Plan 4: ḡ=1, γE[v]=0.0, Q=1.0
2026-06-05 06:43:20,609 INFO: Plan 0: ḡ=12, γE[v]=4.0, Q=16.0
2026-06-05 06:43:20,610 INFO: Plan 1: ḡ=10, γE[v]=2.5, Q=12.5
2026-06-05 06:43:20,611 INFO: Plan 2: ḡ=10, γE[v]=2.5, Q=12.5
2026-06-05 06:43:20,612 INFO: Plan 3: ḡ=12, γE[v]=2.5, Q=14.5
2026-06-05 06:43:20,629 INFO: Plan 6: ḡ=12, γE[v]=2.5, Q=14.5
2026-06-05 06:43:20,630 INFO: Plan 5: ḡ=12, γE[v]=2.5, Q=14.5
2026-06-05 06:43:20,648 INFO: Plan 7: ḡ=12, γE[v]=7.5, Q=19.5
2026-06-05 06:43:30,386 INFO: Plan 0: ḡ=13, γE[v]=0.0, Q=13.0
2026-06-05 06:43:30,411 INFO: Plan 4: ḡ=12, γE[v]=4.0, Q=16.0
2026-06-05 06:43:30,412 INFO: Plan 3: ḡ=13, γE[v]=0.0, Q=13.0
2026-06-05 06:43:30,412 INFO: Plan 1: ḡ=13, γE[v]=0.0, Q=13.0
2026-06-05 06:43:30,413 INFO: Plan 7: ḡ=13, γE[v]=0.0, Q=13.0
2026-06-05 06:43:30,414 INFO: Plan 6: ḡ=13, γE[v]=0.0, Q=13.0
2026-06-05 06:43:30,415 INFO: Plan 5: ḡ=13, γE[v]=0.0, Q=13.0
2026-06-05 06:43:30,416 INFO: Plan 2: ḡ=13, γE[v]=0.0, Q=13.0
2026-06-05 06:43:39,807 INFO: Plan 1: ḡ=12, γE[v]=17.5, Q=29.5
2026-06-05 06:43:39,808 INFO: Plan 3: ḡ=12, γE[v]=15.0, Q=27.0
2026-06-05 06:43:39,809 INFO: Plan 5: ḡ=10, γE[v]=15.0, Q=25.0
2026-06-05 06:43:39,811 INFO: Plan 2: ḡ=18, γE[v]=6.0, Q=24.0
2026-06-05 06:43:39,811 INFO: Plan 7: ḡ=12, γE[v]=17.5, Q=29.5
2026-06-05 06:43:39,812 INFO: Plan 6: ḡ=18, γE[v]=16.0, Q=34.0
2026-06-05 06:43:39,812 INFO: Plan 4: ḡ=12, γE[v]=7.5, Q=19.5
2026-06-05 06:43:39,813 INFO: Plan 0: ḡ=12, γE[v]=19.0, Q=31.0
2026-06-05 06:43:40,939 INFO: Plan 4: ḡ=17, γE[v]=0.0, Q=17.0
2026-06-05 06:43:40,940 INFO: Plan 2: ḡ=17, γE[v]=16.5, Q=33.5
2026-06-05 06:43:40,941 INFO: Plan 1: ḡ=17, γE[v]=5.0, Q=22.0
2026-06-05 06:43:40,942 INFO: Plan 0: ḡ=17, γE[v]=5.0, Q=22.0
2026-06-05 06:43:40,961 INFO: Plan 5: ḡ=17, γE[v]=16.5, Q=33.5
2026-06-05 06:43:40,963 INFO: Plan 7: ḡ=17, γE[v]=16.5, Q=33.5
2026-06-05 06:43:40,964 INFO: Plan 6: ḡ=17, γE[v]=5.0, Q=22.0
2026-06-05 06:43:40,965 INFO: Plan 3: ḡ=17, γE[v]=5.0, Q=22.0
2026-06-05 06:43:47,094 INFO: Plan 0: ḡ=5, γE[v]=7.5, Q=12.5
2026-06-05 06:43:47,131 INFO: Plan 4: ḡ=5, γE[v]=7.5, Q=12.5
2026-06-05 06:43:47,132 INFO: Plan 2: ḡ=5, γE[v]=7.5, Q=12.5
2026-06-05 06:43:47,133 INFO: Plan 6: ḡ=9, γE[v]=7.5, Q=16.5
2026-06-05 06:43:47,133 INFO: Plan 5: ḡ=9, γE[v]=7.5, Q=16.5
2026-06-05 06:43:47,150 INFO: Plan 7: ḡ=12, γE[v]=7.5, Q=19.5
2026-06-05 06:43:47,150 INFO: Plan 1: ḡ=12, γE[v]=15.0, Q=27.0
2026-06-05 06:43:47,151 INFO: Plan 3: ḡ=12, γE[v]=15.0, Q=27.0
2026-06-05 06:44:17,678 INFO: Plan 0: ḡ=11, γE[v]=15.0, Q=26.0
2026-06-05 06:44:17,696 INFO: Plan 4: ḡ=5, γE[v]=7.5, Q=12.5
2026-06-05 06:44:17,716 INFO: Plan 6: ḡ=10, γE[v]=15.0, Q=25.0
2026-06-05 06:44:17,717 INFO: Plan 2: ḡ=11, γE[v]=20.0, Q=31.0
2026-06-05 06:44:17,718 INFO: Plan 1: ḡ=11, γE[v]=7.5, Q=18.5
2026-06-05 06:44:17,719 INFO: Plan 5: ḡ=11, γE[v]=15.0, Q=26.0
2026-06-05 06:44:17,720 INFO: Plan 7: ḡ=11, γE[v]=20.0, Q=31.0
2026-06-05 06:44:17,720 INFO: Plan 3: ḡ=10, γE[v]=20.0, Q=30.0
2026-06-05 06:44:40,511 INFO: Plan 6: ḡ=0, γE[v]=0.0, Q=0.0
2026-06-05 06:44:40,512 INFO: Plan 2: ḡ=0, γE[v]=0.0, Q=0.0
2026-06-05 06:44:40,532 INFO: Plan 4: ḡ=4, γE[v]=6.0, Q=10.0
2026-06-05 06:44:40,533 INFO: Plan 1: ḡ=10, γE[v]=20.0, Q=30.0
2026-06-05 06:44:40,534 INFO: Plan 0: ḡ=11, γE[v]=15.0, Q=26.0
2026-06-05 06:44:40,552 INFO: Plan 5: ḡ=12, γE[v]=17.5, Q=29.5
2026-06-05 06:44:40,552 INFO: Plan 3: ḡ=10, γE[v]=7.5, Q=17.5
2026-06-05 06:44:40,553 INFO: Plan 7: ḡ=12, γE[v]=17.5, Q=29.5
2026-06-05 06:44:41,833 INFO: Plan 0: ḡ=21, γE[v]=0.0, Q=21.0
2026-06-05 06:44:41,916 INFO: Plan 3: ḡ=0, γE[v]=0.0, Q=0.0
2026-06-05 06:44:41,930 INFO: Plan 2: ḡ=1, γE[v]=10.0, Q=11.0
2026-06-05 06:44:41,931 INFO: Plan 5: ḡ=1, γE[v]=15.0, Q=16.0
2026-06-05 06:44:41,933 INFO: Plan 6: ḡ=21, γE[v]=0.0, Q=21.0
2026-06-05 06:44:41,933 INFO: Plan 1: ḡ=21, γE[v]=14.5, Q=35.5
2026-06-05 06:44:41,934 INFO: Plan 4: ḡ=1, γE[v]=10.0, Q=11.0
2026-06-05 06:44:42,014 INFO: Plan 7: ḡ=12, γE[v]=10.0, Q=22.0
2026-06-05 06:44:57,008 INFO: Plan 1: ḡ=12, γE[v]=4.0, Q=16.0
2026-06-05 06:44:57,009 INFO: Plan 6: ḡ=0, γE[v]=0.0, Q=0.0
2026-06-05 06:44:57,029 INFO: Plan 3: ḡ=12, γE[v]=4.0, Q=16.0
2026-06-05 06:44:57,030 INFO: Plan 2: ḡ=10, γE[v]=2.5, Q=12.5
2026-06-05 06:44:57,031 INFO: Plan 5: ḡ=12, γE[v]=4.0, Q=16.0
2026-06-05 06:44:57,032 INFO: Plan 0: ḡ=10, γE[v]=7.5, Q=17.5
2026-06-05 06:44:57,033 INFO: Plan 4: ḡ=12, γE[v]=4.0, Q=16.0
2026-06-05 06:44:57,048 INFO: Plan 7: ḡ=10, γE[v]=7.5, Q=17.5
2026-06-05 06:45:03,973 INFO: Plan 0: ḡ=12, γE[v]=1.0, Q=13.0
2026-06-05 06:45:03,992 INFO: Plan 1: ḡ=12, γE[v]=2.5, Q=14.5
2026-06-05 06:45:04,014 INFO: Plan 3: ḡ=12, γE[v]=2.5, Q=14.5
2026-06-05 06:45:04,015 INFO: Plan 6: ḡ=12, γE[v]=2.5, Q=14.5
2026-06-05 06:45:04,016 INFO: Plan 4: ḡ=5, γE[v]=5.0, Q=10.0
2026-06-05 06:45:04,016 INFO: Plan 7: ḡ=12, γE[v]=2.5, Q=14.5
2026-06-05 06:45:04,017 INFO: Plan 5: ḡ=12, γE[v]=2.5, Q=14.5
2026-06-05 06:45:04,017 INFO: Plan 2: ḡ=12, γE[v]=4.0, Q=16.0
  [75/93] werkzeug.exceptions seed=42: {'cov_qvalue_calib': 20}
  [76/93] werkzeug.routing.rules seed=42: {'cov_qvalue_calib': 16}
2026-06-05 06:45:20,921 INFO: Plan 0: ḡ=4, γE[v]=1.0, Q=5.0
2026-06-05 06:45:20,922 INFO: Plan 1: ḡ=4, γE[v]=1.0, Q=5.0
2026-06-05 06:45:20,945 INFO: Plan 3: ḡ=4, γE[v]=1.0, Q=5.0
2026-06-05 06:45:20,945 INFO: Plan 2: ḡ=4, γE[v]=5.0, Q=9.0
2026-06-05 06:45:20,946 INFO: Plan 5: ḡ=4, γE[v]=1.0, Q=5.0
2026-06-05 06:45:20,947 INFO: Plan 4: ḡ=4, γE[v]=1.0, Q=5.0
2026-06-05 06:45:20,963 INFO: Plan 7: ḡ=4, γE[v]=5.0, Q=9.0
2026-06-05 06:45:20,964 INFO: Plan 6: ḡ=12, γE[v]=2.5, Q=14.5
2026-06-05 06:45:21,350 INFO: Plan 6: ḡ=4, γE[v]=0.0, Q=4.0
2026-06-05 06:45:21,371 INFO: Plan 5: ḡ=5, γE[v]=5.0, Q=10.0
2026-06-05 06:45:21,372 INFO: Plan 4: ḡ=12, γE[v]=2.5, Q=14.5
2026-06-05 06:45:21,373 INFO: Plan 0: ḡ=5, γE[v]=7.5, Q=12.5
2026-06-05 06:45:21,374 INFO: Plan 7: ḡ=5, γE[v]=7.5, Q=12.5
2026-06-05 06:45:21,391 INFO: Plan 2: ḡ=10, γE[v]=7.5, Q=17.5
2026-06-05 06:45:21,392 INFO: Plan 3: ḡ=10, γE[v]=7.5, Q=17.5
2026-06-05 06:45:21,393 INFO: Plan 1: ḡ=10, γE[v]=7.5, Q=17.5
2026-06-05 06:45:27,471 INFO: Plan 1: ḡ=12, γE[v]=15.0, Q=27.0
2026-06-05 06:45:27,489 INFO: Plan 5: ḡ=5, γE[v]=7.5, Q=12.5
2026-06-05 06:45:27,490 INFO: Plan 3: ḡ=4, γE[v]=5.0, Q=9.0
2026-06-05 06:45:27,491 INFO: Plan 4: ḡ=4, γE[v]=7.5, Q=11.5
2026-06-05 06:45:27,507 INFO: Plan 2: ḡ=12, γE[v]=15.0, Q=27.0
2026-06-05 06:45:27,508 INFO: Plan 6: ḡ=12, γE[v]=7.5, Q=19.5
2026-06-05 06:45:27,509 INFO: Plan 7: ḡ=12, γE[v]=15.0, Q=27.0
2026-06-05 06:45:27,510 INFO: Plan 0: ḡ=12, γE[v]=15.0, Q=27.0
  [77/93] werkzeug.wrappers.response seed=42: {'cov_qvalue_calib': 55}
2026-06-05 06:45:55,154 INFO: Plan 0: ḡ=12, γE[v]=7.5, Q=19.5
2026-06-05 06:45:55,175 INFO: Plan 2: ḡ=12, γE[v]=2.0, Q=14.0
2026-06-05 06:45:55,177 INFO: Plan 5: ḡ=12, γE[v]=4.0, Q=16.0
2026-06-05 06:45:55,177 INFO: Plan 1: ḡ=12, γE[v]=2.0, Q=14.0
2026-06-05 06:45:55,178 INFO: Plan 6: ḡ=12, γE[v]=1.0, Q=13.0
2026-06-05 06:45:55,178 INFO: Plan 4: ḡ=12, γE[v]=4.0, Q=16.0
2026-06-05 06:45:55,191 INFO: Plan 7: ḡ=12, γE[v]=7.5, Q=19.5
2026-06-05 06:45:55,192 INFO: Plan 3: ḡ=12, γE[v]=9.0, Q=21.0
2026-06-05 06:46:16,666 INFO: Plan 2: ḡ=0, γE[v]=0.0, Q=0.0
2026-06-05 06:46:16,689 INFO: Plan 0: ḡ=1, γE[v]=10.0, Q=11.0
2026-06-05 06:46:16,690 INFO: Plan 1: ḡ=1, γE[v]=10.0, Q=11.0
2026-06-05 06:46:16,691 INFO: Plan 3: ḡ=1, γE[v]=10.0, Q=11.0
2026-06-05 06:46:16,734 INFO: Plan 4: ḡ=1, γE[v]=10.0, Q=11.0
2026-06-05 06:46:16,735 INFO: Plan 7: ḡ=1, γE[v]=10.0, Q=11.0
2026-06-05 06:46:16,736 INFO: Plan 5: ḡ=1, γE[v]=10.0, Q=11.0
2026-06-05 06:46:16,736 INFO: Plan 6: ḡ=1, γE[v]=10.0, Q=11.0
2026-06-05 06:46:21,536 INFO: Plan 6: ḡ=0, γE[v]=0.0, Q=0.0
2026-06-05 06:46:21,537 INFO: Plan 7: ḡ=0, γE[v]=0.0, Q=0.0
2026-06-05 06:46:21,556 INFO: Plan 0: ḡ=12, γE[v]=15.0, Q=27.0
2026-06-05 06:46:21,578 INFO: Plan 2: ḡ=12, γE[v]=17.5, Q=29.5
2026-06-05 06:46:21,579 INFO: Plan 1: ḡ=12, γE[v]=15.0, Q=27.0
2026-06-05 06:46:21,580 INFO: Plan 3: ḡ=10, γE[v]=15.0, Q=25.0
2026-06-05 06:46:21,581 INFO: Plan 5: ḡ=12, γE[v]=17.5, Q=29.5
2026-06-05 06:46:21,582 INFO: Plan 4: ḡ=12, γE[v]=15.0, Q=27.0
2026-06-05 06:46:28,026 INFO: Plan 4: ḡ=12, γE[v]=2.5, Q=14.5
2026-06-05 06:46:28,027 INFO: Plan 3: ḡ=12, γE[v]=2.5, Q=14.5
2026-06-05 06:46:28,028 INFO: Plan 1: ḡ=12, γE[v]=2.5, Q=14.5
2026-06-05 06:46:28,029 INFO: Plan 0: ḡ=12, γE[v]=5.0, Q=17.0
2026-06-05 06:46:28,029 INFO: Plan 2: ḡ=12, γE[v]=2.5, Q=14.5
2026-06-05 06:46:28,045 INFO: Plan 6: ḡ=12, γE[v]=2.5, Q=14.5
2026-06-05 06:46:28,045 INFO: Plan 7: ḡ=12, γE[v]=2.5, Q=14.5
2026-06-05 06:46:28,046 INFO: Plan 5: ḡ=12, γE[v]=2.5, Q=14.5
2026-06-05 06:46:39,101 INFO: Plan 0: ḡ=12, γE[v]=2.5, Q=14.5
2026-06-05 06:46:39,139 INFO: Plan 3: ḡ=12, γE[v]=4.0, Q=16.0
2026-06-05 06:46:39,140 INFO: Plan 1: ḡ=12, γE[v]=4.0, Q=16.0
2026-06-05 06:46:39,141 INFO: Plan 4: ḡ=12, γE[v]=4.0, Q=16.0
2026-06-05 06:46:39,143 INFO: Plan 6: ḡ=12, γE[v]=2.5, Q=14.5
2026-06-05 06:46:39,144 INFO: Plan 2: ḡ=12, γE[v]=2.5, Q=14.5
2026-06-05 06:46:39,144 INFO: Plan 7: ḡ=12, γE[v]=1.0, Q=13.0
2026-06-05 06:46:39,145 INFO: Plan 5: ḡ=12, γE[v]=1.0, Q=13.0
2026-06-05 06:46:59,673 INFO: Plan 0: ḡ=5, γE[v]=0.0, Q=5.0
2026-06-05 06:46:59,674 INFO: Plan 2: ḡ=5, γE[v]=0.0, Q=5.0
2026-06-05 06:46:59,695 INFO: Plan 1: ḡ=5, γE[v]=0.0, Q=5.0
2026-06-05 06:46:59,696 INFO: Plan 5: ḡ=5, γE[v]=0.0, Q=5.0
2026-06-05 06:46:59,697 INFO: Plan 3: ḡ=5, γE[v]=0.0, Q=5.0
2026-06-05 06:46:59,697 INFO: Plan 7: ḡ=5, γE[v]=0.0, Q=5.0
2026-06-05 06:46:59,698 INFO: Plan 4: ḡ=5, γE[v]=0.0, Q=5.0
2026-06-05 06:46:59,715 INFO: Plan 6: ḡ=5, γE[v]=5.0, Q=10.0
2026-06-05 06:47:02,568 INFO: Plan 0: ḡ=12, γE[v]=15.0, Q=27.0
2026-06-05 06:47:02,569 INFO: Plan 1: ḡ=12, γE[v]=7.5, Q=19.5
2026-06-05 06:47:02,570 INFO: Plan 2: ḡ=12, γE[v]=7.5, Q=19.5
2026-06-05 06:47:02,587 INFO: Plan 3: ḡ=12, γE[v]=15.0, Q=27.0
2026-06-05 06:47:02,588 INFO: Plan 6: ḡ=12, γE[v]=7.5, Q=19.5
2026-06-05 06:47:02,589 INFO: Plan 5: ḡ=12, γE[v]=15.0, Q=27.0
2026-06-05 06:47:02,590 INFO: Plan 7: ḡ=12, γE[v]=7.5, Q=19.5
2026-06-05 06:47:02,591 INFO: Plan 4: ḡ=12, γE[v]=7.5, Q=19.5
2026-06-05 06:47:04,304 INFO: Plan 2: ḡ=12, γE[v]=17.5, Q=29.5
2026-06-05 06:47:04,304 INFO: Plan 0: ḡ=12, γE[v]=17.5, Q=29.5
2026-06-05 06:47:04,321 INFO: Plan 1: ḡ=12, γE[v]=15.0, Q=27.0
2026-06-05 06:47:04,340 INFO: Plan 3: ḡ=10, γE[v]=20.0, Q=30.0
2026-06-05 06:47:04,341 INFO: Plan 5: ḡ=12, γE[v]=17.5, Q=29.5
2026-06-05 06:47:04,342 INFO: Plan 7: ḡ=12, γE[v]=17.5, Q=29.5
2026-06-05 06:47:04,343 INFO: Plan 4: ḡ=10, γE[v]=15.0, Q=25.0
2026-06-05 06:47:04,344 INFO: Plan 6: ḡ=12, γE[v]=17.5, Q=29.5
2026-06-05 06:47:34,129 INFO: Plan 0: ḡ=43, γE[v]=4.0, Q=47.0
2026-06-05 06:47:34,169 INFO: Plan 2: ḡ=12, γE[v]=2.5, Q=14.5
2026-06-05 06:47:34,171 INFO: Plan 1: ḡ=12, γE[v]=7.5, Q=19.5
2026-06-05 06:47:34,171 INFO: Plan 4: ḡ=12, γE[v]=0.0, Q=12.0
2026-06-05 06:47:34,172 INFO: Plan 7: ḡ=12, γE[v]=0.0, Q=12.0
2026-06-05 06:47:34,172 INFO: Plan 3: ḡ=12, γE[v]=0.0, Q=12.0
2026-06-05 06:47:34,172 INFO: Plan 5: ḡ=12, γE[v]=0.0, Q=12.0
2026-06-05 06:47:34,185 INFO: Plan 6: ḡ=12, γE[v]=7.5, Q=19.5
2026-06-05 06:47:50,711 INFO: Plan 1: ḡ=1, γE[v]=0.0, Q=1.0
2026-06-05 06:47:50,712 INFO: Plan 0: ḡ=1, γE[v]=0.0, Q=1.0
2026-06-05 06:47:50,732 INFO: Plan 4: ḡ=2, γE[v]=7.5, Q=9.5
2026-06-05 06:47:50,734 INFO: Plan 5: ḡ=1, γE[v]=0.0, Q=1.0
2026-06-05 06:47:50,735 INFO: Plan 2: ḡ=1, γE[v]=5.0, Q=6.0
2026-06-05 06:47:50,736 INFO: Plan 7: ḡ=1, γE[v]=0.0, Q=1.0
2026-06-05 06:47:50,736 INFO: Plan 6: ḡ=1, γE[v]=0.0, Q=1.0
2026-06-05 06:47:50,750 INFO: Plan 3: ḡ=1, γE[v]=5.0, Q=6.0
2026-06-05 06:48:02,247 INFO: Plan 3: ḡ=0, γE[v]=0.0, Q=0.0
2026-06-05 06:48:02,269 INFO: Plan 1: ḡ=12, γE[v]=17.5, Q=29.5
2026-06-05 06:48:02,270 INFO: Plan 2: ḡ=12, γE[v]=17.5, Q=29.5
2026-06-05 06:48:02,271 INFO: Plan 0: ḡ=14, γE[v]=15.0, Q=29.0
2026-06-05 06:48:02,291 INFO: Plan 6: ḡ=12, γE[v]=7.5, Q=19.5
2026-06-05 06:48:02,292 INFO: Plan 7: ḡ=12, γE[v]=17.5, Q=29.5
2026-06-05 06:48:02,293 INFO: Plan 5: ḡ=12, γE[v]=17.5, Q=29.5
2026-06-05 06:48:02,295 INFO: Plan 4: ḡ=12, γE[v]=17.5, Q=29.5
2026-06-05 06:48:05,404 INFO: Plan 4: ḡ=8, γE[v]=2.0, Q=10.0
2026-06-05 06:48:05,405 INFO: Plan 3: ḡ=4, γE[v]=1.0, Q=5.0
2026-06-05 06:48:05,405 INFO: Plan 0: ḡ=12, γE[v]=2.5, Q=14.5
2026-06-05 06:48:05,406 INFO: Plan 5: ḡ=4, γE[v]=1.0, Q=5.0
2026-06-05 06:48:05,407 INFO: Plan 6: ḡ=4, γE[v]=1.0, Q=5.0
2026-06-05 06:48:05,423 INFO: Plan 1: ḡ=12, γE[v]=4.0, Q=16.0
2026-06-05 06:48:05,423 INFO: Plan 2: ḡ=12, γE[v]=0.0, Q=12.0
2026-06-05 06:48:05,442 INFO: Plan 7: ḡ=12, γE[v]=5.0, Q=17.0
2026-06-05 06:48:14,743 INFO: Plan 0: ḡ=12, γE[v]=4.0, Q=16.0
2026-06-05 06:48:14,781 INFO: Plan 5: ḡ=12, γE[v]=4.0, Q=16.0
2026-06-05 06:48:14,782 INFO: Plan 1: ḡ=12, γE[v]=4.0, Q=16.0
2026-06-05 06:48:14,783 INFO: Plan 7: ḡ=12, γE[v]=2.5, Q=14.5
2026-06-05 06:48:14,784 INFO: Plan 3: ḡ=12, γE[v]=2.5, Q=14.5
2026-06-05 06:48:14,785 INFO: Plan 2: ḡ=12, γE[v]=2.5, Q=14.5
2026-06-05 06:48:14,785 INFO: Plan 4: ḡ=12, γE[v]=4.0, Q=16.0
2026-06-05 06:48:14,786 INFO: Plan 6: ḡ=12, γE[v]=4.0, Q=16.0
2026-06-05 06:48:41,814 INFO: Plan 0: ḡ=4, γE[v]=0.0, Q=4.0
2026-06-05 06:48:41,836 INFO: Plan 4: ḡ=4, γE[v]=0.0, Q=4.0
2026-06-05 06:48:41,837 INFO: Plan 1: ḡ=4, γE[v]=0.0, Q=4.0
2026-06-05 06:48:41,838 INFO: Plan 3: ḡ=4, γE[v]=0.0, Q=4.0
2026-06-05 06:48:41,858 INFO: Plan 7: ḡ=4, γE[v]=0.0, Q=4.0
2026-06-05 06:48:41,859 INFO: Plan 5: ḡ=4, γE[v]=0.0, Q=4.0
2026-06-05 06:48:41,859 INFO: Plan 2: ḡ=4, γE[v]=0.0, Q=4.0
2026-06-05 06:48:41,860 INFO: Plan 6: ḡ=4, γE[v]=0.0, Q=4.0
2026-06-05 06:48:43,858 INFO: Plan 4: ḡ=5, γE[v]=15.0, Q=20.0
2026-06-05 06:48:43,859 INFO: Plan 1: ḡ=12, γE[v]=15.0, Q=27.0
2026-06-05 06:48:43,860 INFO: Plan 0: ḡ=10, γE[v]=20.0, Q=30.0
2026-06-05 06:48:43,879 INFO: Plan 7: ḡ=12, γE[v]=17.5, Q=29.5
2026-06-05 06:48:43,880 INFO: Plan 6: ḡ=12, γE[v]=17.5, Q=29.5
2026-06-05 06:48:43,880 INFO: Plan 5: ḡ=12, γE[v]=17.5, Q=29.5
2026-06-05 06:48:43,881 INFO: Plan 2: ḡ=12, γE[v]=10.0, Q=22.0
2026-06-05 06:48:43,882 INFO: Plan 3: ḡ=12, γE[v]=15.0, Q=27.0
2026-06-05 06:48:49,032 INFO: Plan 1: ḡ=12, γE[v]=5.0, Q=17.0
2026-06-05 06:48:49,048 INFO: Plan 0: ḡ=10, γE[v]=7.5, Q=17.5
2026-06-05 06:48:49,072 INFO: Plan 4: ḡ=12, γE[v]=7.5, Q=19.5
2026-06-05 06:48:49,073 INFO: Plan 3: ḡ=12, γE[v]=15.0, Q=27.0
2026-06-05 06:48:49,074 INFO: Plan 6: ḡ=12, γE[v]=15.0, Q=27.0
2026-06-05 06:48:49,074 INFO: Plan 7: ḡ=12, γE[v]=7.5, Q=19.5
2026-06-05 06:48:49,076 INFO: Plan 2: ḡ=25, γE[v]=15.0, Q=40.0
2026-06-05 06:48:49,077 INFO: Plan 5: ḡ=12, γE[v]=7.5, Q=19.5
2026-06-05 06:49:02,934 INFO: Plan 0: ḡ=12, γE[v]=0.0, Q=12.0
2026-06-05 06:49:02,969 INFO: Plan 5: ḡ=12, γE[v]=2.5, Q=14.5
2026-06-05 06:49:02,970 INFO: Plan 6: ḡ=12, γE[v]=4.0, Q=16.0
2026-06-05 06:49:02,971 INFO: Plan 7: ḡ=12, γE[v]=2.5, Q=14.5
2026-06-05 06:49:02,972 INFO: Plan 1: ḡ=12, γE[v]=7.5, Q=19.5
2026-06-05 06:49:02,997 INFO: Plan 2: ḡ=12, γE[v]=7.5, Q=19.5
2026-06-05 06:49:02,998 INFO: Plan 3: ḡ=12, γE[v]=7.5, Q=19.5
2026-06-05 06:49:02,999 INFO: Plan 4: ḡ=12, γE[v]=7.5, Q=19.5
2026-06-05 06:49:16,923 INFO: Plan 0: ḡ=1, γE[v]=0.0, Q=1.0
2026-06-05 06:49:16,961 INFO: Plan 3: ḡ=0, γE[v]=0.0, Q=0.0
2026-06-05 06:49:16,962 INFO: Plan 6: ḡ=1, γE[v]=0.0, Q=1.0
2026-06-05 06:49:16,963 INFO: Plan 7: ḡ=2, γE[v]=0.0, Q=2.0
2026-06-05 06:49:16,964 INFO: Plan 1: ḡ=1, γE[v]=0.0, Q=1.0
2026-06-05 06:49:16,978 INFO: Plan 5: ḡ=1, γE[v]=5.0, Q=6.0
2026-06-05 06:49:16,979 INFO: Plan 2: ḡ=1, γE[v]=7.5, Q=8.5
2026-06-05 06:49:16,981 INFO: Plan 4: ḡ=1, γE[v]=5.0, Q=6.0
2026-06-05 06:49:39,929 INFO: Plan 3: ḡ=6, γE[v]=1.0, Q=7.0
2026-06-05 06:49:39,951 INFO: Plan 0: ḡ=12, γE[v]=0.0, Q=12.0
2026-06-05 06:49:39,952 INFO: Plan 1: ḡ=5, γE[v]=5.0, Q=10.0
2026-06-05 06:49:39,953 INFO: Plan 4: ḡ=4, γE[v]=1.0, Q=5.0
2026-06-05 06:49:39,972 INFO: Plan 6: ḡ=12, γE[v]=4.0, Q=16.0
2026-06-05 06:49:39,973 INFO: Plan 2: ḡ=12, γE[v]=2.5, Q=14.5
2026-06-05 06:49:39,974 INFO: Plan 7: ḡ=12, γE[v]=2.5, Q=14.5
2026-06-05 06:49:39,975 INFO: Plan 5: ḡ=12, γE[v]=2.5, Q=14.5
2026-06-05 06:49:40,831 INFO: Plan 2: ḡ=8, γE[v]=6.0, Q=14.0
2026-06-05 06:49:40,832 INFO: Plan 3: ḡ=0, γE[v]=0.0, Q=0.0
2026-06-05 06:49:40,853 INFO: Plan 4: ḡ=12, γE[v]=17.5, Q=29.5
2026-06-05 06:49:40,854 INFO: Plan 7: ḡ=4, γE[v]=6.0, Q=10.0
2026-06-05 06:49:40,855 INFO: Plan 0: ḡ=11, γE[v]=15.0, Q=26.0
2026-06-05 06:49:40,856 INFO: Plan 1: ḡ=12, γE[v]=17.5, Q=29.5
2026-06-05 06:49:40,871 INFO: Plan 5: ḡ=11, γE[v]=20.0, Q=31.0
2026-06-05 06:49:40,872 INFO: Plan 6: ḡ=12, γE[v]=17.5, Q=29.5
2026-06-05 06:49:49,110 INFO: Plan 0: ḡ=12, γE[v]=2.5, Q=14.5
2026-06-05 06:49:49,129 INFO: Plan 1: ḡ=12, γE[v]=1.0, Q=13.0
2026-06-05 06:49:49,149 INFO: Plan 3: ḡ=12, γE[v]=2.5, Q=14.5
2026-06-05 06:49:49,150 INFO: Plan 5: ḡ=12, γE[v]=1.0, Q=13.0
2026-06-05 06:49:49,151 INFO: Plan 2: ḡ=12, γE[v]=2.5, Q=14.5
2026-06-05 06:49:49,151 INFO: Plan 4: ḡ=12, γE[v]=2.5, Q=14.5
2026-06-05 06:49:49,164 INFO: Plan 7: ḡ=12, γE[v]=2.5, Q=14.5
2026-06-05 06:49:49,165 INFO: Plan 6: ḡ=12, γE[v]=4.0, Q=16.0
2026-06-05 06:50:17,051 INFO: Plan 6: ḡ=12, γE[v]=7.5, Q=19.5
2026-06-05 06:50:17,052 INFO: Plan 7: ḡ=12, γE[v]=7.5, Q=19.5
2026-06-05 06:50:17,053 INFO: Plan 3: ḡ=12, γE[v]=15.0, Q=27.0
2026-06-05 06:50:17,054 INFO: Plan 4: ḡ=12, γE[v]=15.0, Q=27.0
2026-06-05 06:50:17,056 INFO: Plan 2: ḡ=12, γE[v]=7.5, Q=19.5
2026-06-05 06:50:17,057 INFO: Plan 5: ḡ=12, γE[v]=15.0, Q=27.0
2026-06-05 06:50:17,057 INFO: Plan 0: ḡ=12, γE[v]=7.5, Q=19.5
2026-06-05 06:50:17,058 INFO: Plan 1: ḡ=12, γE[v]=7.5, Q=19.5
2026-06-05 06:50:17,818 INFO: Plan 1: ḡ=4, γE[v]=7.5, Q=11.5
2026-06-05 06:50:17,836 INFO: Plan 0: ḡ=4, γE[v]=0.0, Q=4.0
2026-06-05 06:50:17,837 INFO: Plan 2: ḡ=4, γE[v]=0.0, Q=4.0
2026-06-05 06:50:17,838 INFO: Plan 3: ḡ=4, γE[v]=0.0, Q=4.0
2026-06-05 06:50:17,855 INFO: Plan 4: ḡ=4, γE[v]=5.0, Q=9.0
2026-06-05 06:50:17,856 INFO: Plan 5: ḡ=4, γE[v]=7.5, Q=11.5
2026-06-05 06:50:17,858 INFO: Plan 7: ḡ=4, γE[v]=5.0, Q=9.0
2026-06-05 06:50:17,858 INFO: Plan 6: ḡ=4, γE[v]=5.0, Q=9.0
2026-06-05 06:50:34,760 INFO: Plan 0: ḡ=48, γE[v]=0.0, Q=48.0
2026-06-05 06:50:34,939 INFO: Plan 1: ḡ=12, γE[v]=9.0, Q=21.0
2026-06-05 06:50:35,001 INFO: Plan 2: ḡ=11, γE[v]=6.0, Q=17.0
2026-06-05 06:50:35,001 INFO: Plan 3: ḡ=11, γE[v]=7.5, Q=18.5
2026-06-05 06:50:35,020 INFO: Plan 7: ḡ=11, γE[v]=0.0, Q=11.0
2026-06-05 06:50:35,041 INFO: Plan 5: ḡ=12, γE[v]=7.5, Q=19.5
2026-06-05 06:50:35,042 INFO: Plan 4: ḡ=11, γE[v]=6.0, Q=17.0
2026-06-05 06:50:35,043 INFO: Plan 6: ḡ=12, γE[v]=7.5, Q=19.5
2026-06-05 06:50:42,810 INFO: Plan 1: ḡ=1, γE[v]=0.0, Q=1.0
2026-06-05 06:50:42,829 INFO: Plan 0: ḡ=1, γE[v]=0.0, Q=1.0
2026-06-05 06:50:42,849 INFO: Plan 3: ḡ=1, γE[v]=0.0, Q=1.0
2026-06-05 06:50:42,850 INFO: Plan 2: ḡ=0, γE[v]=0.0, Q=0.0
2026-06-05 06:50:42,851 INFO: Plan 4: ḡ=1, γE[v]=0.0, Q=1.0
2026-06-05 06:50:42,852 INFO: Plan 6: ḡ=1, γE[v]=0.0, Q=1.0
2026-06-05 06:50:42,853 INFO: Plan 5: ḡ=1, γE[v]=0.0, Q=1.0
2026-06-05 06:50:42,853 INFO: Plan 7: ḡ=1, γE[v]=0.0, Q=1.0
  [78/93] werkzeug.sansio.response seed=42: {'cov_qvalue_calib': 70}
  [79/93] werkzeug.utils seed=42: {'cov_qvalue_calib': 16}
2026-06-05 06:51:16,647 INFO: Plan 0: ḡ=4, γE[v]=1.0, Q=5.0
2026-06-05 06:51:16,669 INFO: Plan 2: ḡ=12, γE[v]=0.0, Q=12.0
2026-06-05 06:51:16,670 INFO: Plan 1: ḡ=12, γE[v]=4.0, Q=16.0
2026-06-05 06:51:16,692 INFO: Plan 5: ḡ=12, γE[v]=2.5, Q=14.5
2026-06-05 06:51:16,693 INFO: Plan 7: ḡ=12, γE[v]=2.5, Q=14.5
2026-06-05 06:51:16,694 INFO: Plan 3: ḡ=12, γE[v]=2.5, Q=14.5
2026-06-05 06:51:16,695 INFO: Plan 4: ḡ=12, γE[v]=4.0, Q=16.0
2026-06-05 06:51:16,710 INFO: Plan 6: ḡ=10, γE[v]=7.5, Q=17.5
2026-06-05 06:51:20,972 INFO: Plan 0: ḡ=6, γE[v]=0.0, Q=6.0
2026-06-05 06:51:20,996 INFO: Plan 1: ḡ=6, γE[v]=6.0, Q=12.0
2026-06-05 06:51:20,997 INFO: Plan 3: ḡ=6, γE[v]=6.0, Q=12.0
2026-06-05 06:51:20,998 INFO: Plan 2: ḡ=6, γE[v]=6.0, Q=12.0
2026-06-05 06:51:20,998 INFO: Plan 4: ḡ=6, γE[v]=6.0, Q=12.0
2026-06-05 06:51:21,016 INFO: Plan 5: ḡ=11, γE[v]=7.5, Q=18.5
2026-06-05 06:51:21,039 INFO: Plan 7: ḡ=6, γE[v]=6.0, Q=12.0
2026-06-05 06:51:21,040 INFO: Plan 6: ḡ=6, γE[v]=6.0, Q=12.0
2026-06-05 06:51:22,901 INFO: Plan 5: ḡ=12, γE[v]=2.5, Q=14.5
2026-06-05 06:51:22,924 INFO: Plan 1: ḡ=12, γE[v]=7.5, Q=19.5
2026-06-05 06:51:22,925 INFO: Plan 2: ḡ=12, γE[v]=17.5, Q=29.5
2026-06-05 06:51:22,926 INFO: Plan 4: ḡ=12, γE[v]=7.5, Q=19.5
2026-06-05 06:51:22,926 INFO: Plan 0: ḡ=12, γE[v]=7.5, Q=19.5
2026-06-05 06:51:22,942 INFO: Plan 6: ḡ=12, γE[v]=7.5, Q=19.5
2026-06-05 06:51:22,943 INFO: Plan 7: ḡ=12, γE[v]=7.5, Q=19.5
2026-06-05 06:51:22,944 INFO: Plan 3: ḡ=12, γE[v]=7.5, Q=19.5
2026-06-05 06:51:31,211 INFO: Plan 0: ḡ=8, γE[v]=6.0, Q=14.0
2026-06-05 06:51:31,268 INFO: Plan 5: ḡ=12, γE[v]=7.5, Q=19.5
2026-06-05 06:51:31,270 INFO: Plan 7: ḡ=12, γE[v]=17.5, Q=29.5
2026-06-05 06:51:31,271 INFO: Plan 3: ḡ=12, γE[v]=7.5, Q=19.5
2026-06-05 06:51:31,272 INFO: Plan 6: ḡ=12, γE[v]=15.0, Q=27.0
2026-06-05 06:51:31,273 INFO: Plan 4: ḡ=12, γE[v]=7.5, Q=19.5
2026-06-05 06:51:31,273 INFO: Plan 1: ḡ=12, γE[v]=7.5, Q=19.5
2026-06-05 06:51:31,274 INFO: Plan 2: ḡ=12, γE[v]=15.0, Q=27.0
  [80/93] werkzeug.wrappers.request seed=42: {'cov_qvalue_calib': 52}
2026-06-05 06:51:58,984 INFO: Plan 0: ḡ=4, γE[v]=0.0, Q=4.0
2026-06-05 06:51:59,007 INFO: Plan 3: ḡ=4, γE[v]=0.0, Q=4.0
2026-06-05 06:51:59,008 INFO: Plan 1: ḡ=4, γE[v]=0.0, Q=4.0
2026-06-05 06:51:59,008 INFO: Plan 2: ḡ=4, γE[v]=0.0, Q=4.0
2026-06-05 06:51:59,010 INFO: Plan 4: ḡ=4, γE[v]=0.0, Q=4.0
2026-06-05 06:51:59,047 INFO: Plan 7: ḡ=4, γE[v]=0.0, Q=4.0
2026-06-05 06:51:59,067 INFO: Plan 5: ḡ=4, γE[v]=5.0, Q=9.0
2026-06-05 06:51:59,068 INFO: Plan 6: ḡ=4, γE[v]=5.0, Q=9.0
2026-06-05 06:52:01,779 INFO: Plan 0: ḡ=12, γE[v]=7.5, Q=19.5
2026-06-05 06:52:01,780 INFO: Plan 1: ḡ=12, γE[v]=7.5, Q=19.5
2026-06-05 06:52:01,781 INFO: Plan 2: ḡ=12, γE[v]=7.5, Q=19.5
2026-06-05 06:52:01,800 INFO: Plan 6: ḡ=12, γE[v]=5.0, Q=17.0
2026-06-05 06:52:01,801 INFO: Plan 7: ḡ=12, γE[v]=7.5, Q=19.5
2026-06-05 06:52:01,802 INFO: Plan 5: ḡ=12, γE[v]=7.5, Q=19.5
2026-06-05 06:52:01,802 INFO: Plan 4: ḡ=10, γE[v]=7.5, Q=17.5
2026-06-05 06:52:01,803 INFO: Plan 3: ḡ=12, γE[v]=7.5, Q=19.5
2026-06-05 06:52:11,579 INFO: Plan 0: ḡ=12, γE[v]=7.5, Q=19.5
2026-06-05 06:52:11,580 INFO: Plan 1: ḡ=12, γE[v]=7.5, Q=19.5
2026-06-05 06:52:11,580 INFO: Plan 2: ḡ=12, γE[v]=7.5, Q=19.5
2026-06-05 06:52:11,607 INFO: Plan 7: ḡ=12, γE[v]=7.5, Q=19.5
2026-06-05 06:52:11,608 INFO: Plan 4: ḡ=12, γE[v]=7.5, Q=19.5
2026-06-05 06:52:11,608 INFO: Plan 5: ḡ=12, γE[v]=7.5, Q=19.5
2026-06-05 06:52:11,609 INFO: Plan 6: ḡ=12, γE[v]=7.5, Q=19.5
2026-06-05 06:52:11,610 INFO: Plan 3: ḡ=12, γE[v]=7.5, Q=19.5
2026-06-05 06:52:17,056 INFO: Plan 1: ḡ=0, γE[v]=0.0, Q=0.0
2026-06-05 06:52:17,092 INFO: Plan 4: ḡ=1, γE[v]=0.0, Q=1.0
2026-06-05 06:52:17,093 INFO: Plan 0: ḡ=1, γE[v]=0.0, Q=1.0
2026-06-05 06:52:17,094 INFO: Plan 3: ḡ=1, γE[v]=0.0, Q=1.0
2026-06-05 06:52:17,095 INFO: Plan 2: ḡ=1, γE[v]=0.0, Q=1.0
2026-06-05 06:52:17,125 INFO: Plan 5: ḡ=1, γE[v]=0.0, Q=1.0
2026-06-05 06:52:17,127 INFO: Plan 7: ḡ=1, γE[v]=0.0, Q=1.0
2026-06-05 06:52:17,128 INFO: Plan 6: ḡ=1, γE[v]=0.0, Q=1.0
2026-06-05 06:52:53,325 INFO: Plan 0: ḡ=12, γE[v]=2.5, Q=14.5
2026-06-05 06:52:53,347 INFO: Plan 3: ḡ=12, γE[v]=2.5, Q=14.5
2026-06-05 06:52:53,349 INFO: Plan 2: ḡ=12, γE[v]=2.5, Q=14.5
2026-06-05 06:52:53,350 INFO: Plan 5: ḡ=12, γE[v]=2.5, Q=14.5
2026-06-05 06:52:53,351 INFO: Plan 1: ḡ=12, γE[v]=2.5, Q=14.5
2026-06-05 06:52:53,352 INFO: Plan 4: ḡ=12, γE[v]=2.5, Q=14.5
2026-06-05 06:52:53,352 INFO: Plan 6: ḡ=5, γE[v]=5.0, Q=10.0
2026-06-05 06:52:53,364 INFO: Plan 7: ḡ=12, γE[v]=7.5, Q=19.5
2026-06-05 06:52:56,549 INFO: Plan 0: ḡ=0, γE[v]=0.0, Q=0.0
2026-06-05 06:52:56,569 INFO: Plan 3: ḡ=2, γE[v]=0.0, Q=2.0
2026-06-05 06:52:56,571 INFO: Plan 2: ḡ=1, γE[v]=0.0, Q=1.0
2026-06-05 06:52:56,588 INFO: Plan 5: ḡ=4, γE[v]=5.0, Q=9.0
2026-06-05 06:52:56,589 INFO: Plan 7: ḡ=4, γE[v]=0.0, Q=4.0
2026-06-05 06:52:56,609 INFO: Plan 4: ḡ=10, γE[v]=10.0, Q=20.0
2026-06-05 06:52:56,610 INFO: Plan 1: ḡ=35, γE[v]=5.0, Q=40.0
2026-06-05 06:52:56,610 INFO: Plan 6: ḡ=35, γE[v]=0.0, Q=35.0
2026-06-05 06:52:58,481 INFO: Plan 5: ḡ=0, γE[v]=0.0, Q=0.0
2026-06-05 06:52:58,482 INFO: Plan 0: ḡ=2, γE[v]=7.5, Q=9.5
2026-06-05 06:52:58,502 INFO: Plan 7: ḡ=4, γE[v]=6.0, Q=10.0
2026-06-05 06:52:58,503 INFO: Plan 3: ḡ=2, γE[v]=7.5, Q=9.5
2026-06-05 06:52:58,504 INFO: Plan 6: ḡ=1, γE[v]=7.5, Q=8.5
2026-06-05 06:52:58,505 INFO: Plan 1: ḡ=12, γE[v]=7.5, Q=19.5
2026-06-05 06:52:58,522 INFO: Plan 4: ḡ=12, γE[v]=7.5, Q=19.5
2026-06-05 06:52:58,523 INFO: Plan 2: ḡ=12, γE[v]=7.5, Q=19.5
2026-06-05 06:53:09,170 INFO: Plan 0: ḡ=12, γE[v]=7.5, Q=19.5
2026-06-05 06:53:09,208 INFO: Plan 2: ḡ=25, γE[v]=15.0, Q=40.0
2026-06-05 06:53:09,211 INFO: Plan 6: ḡ=12, γE[v]=15.0, Q=27.0
2026-06-05 06:53:09,211 INFO: Plan 5: ḡ=12, γE[v]=17.5, Q=29.5
2026-06-05 06:53:09,212 INFO: Plan 3: ḡ=25, γE[v]=15.0, Q=40.0
2026-06-05 06:53:09,213 INFO: Plan 4: ḡ=12, γE[v]=10.0, Q=22.0
2026-06-05 06:53:09,213 INFO: Plan 1: ḡ=25, γE[v]=7.5, Q=32.5
2026-06-05 06:53:09,213 INFO: Plan 7: ḡ=25, γE[v]=5.0, Q=30.0
2026-06-05 06:53:32,077 INFO: Plan 1: ḡ=2, γE[v]=5.0, Q=7.0
2026-06-05 06:53:32,078 INFO: Plan 4: ḡ=2, γE[v]=5.0, Q=7.0
2026-06-05 06:53:32,079 INFO: Plan 2: ḡ=2, γE[v]=5.0, Q=7.0
2026-06-05 06:53:32,080 INFO: Plan 0: ḡ=2, γE[v]=5.0, Q=7.0
2026-06-05 06:53:32,097 INFO: Plan 3: ḡ=10, γE[v]=7.5, Q=17.5
2026-06-05 06:53:32,097 INFO: Plan 6: ḡ=2, γE[v]=5.0, Q=7.0
2026-06-05 06:53:32,098 INFO: Plan 5: ḡ=2, γE[v]=5.0, Q=7.0
2026-06-05 06:53:32,115 INFO: Plan 7: ḡ=2, γE[v]=5.0, Q=7.0
2026-06-05 06:53:37,461 INFO: Plan 1: ḡ=4, γE[v]=0.0, Q=4.0
2026-06-05 06:53:37,462 INFO: Plan 2: ḡ=4, γE[v]=0.0, Q=4.0
2026-06-05 06:53:37,463 INFO: Plan 4: ḡ=4, γE[v]=0.0, Q=4.0
2026-06-05 06:53:37,464 INFO: Plan 3: ḡ=4, γE[v]=0.0, Q=4.0
2026-06-05 06:53:37,480 INFO: Plan 0: ḡ=4, γE[v]=5.0, Q=9.0
2026-06-05 06:53:37,481 INFO: Plan 5: ḡ=4, γE[v]=20.0, Q=24.0
2026-06-05 06:53:37,482 INFO: Plan 6: ḡ=4, γE[v]=0.0, Q=4.0
2026-06-05 06:53:37,518 INFO: Plan 7: ḡ=4, γE[v]=20.0, Q=24.0
  [81/93] werkzeug.local seed=42: {'cov_qvalue_calib': 32}
2026-06-05 06:53:48,571 INFO: Plan 0: ḡ=42, γE[v]=4.0, Q=46.0
2026-06-05 06:53:48,594 INFO: Plan 7: ḡ=42, γE[v]=4.0, Q=46.0
2026-06-05 06:53:48,595 INFO: Plan 5: ḡ=11, γE[v]=0.0, Q=11.0
2026-06-05 06:53:48,596 INFO: Plan 1: ḡ=12, γE[v]=7.5, Q=19.5
2026-06-05 06:53:48,597 INFO: Plan 2: ḡ=12, γE[v]=2.5, Q=14.5
2026-06-05 06:53:48,597 INFO: Plan 3: ḡ=12, γE[v]=4.0, Q=16.0
2026-06-05 06:53:48,612 INFO: Plan 4: ḡ=12, γE[v]=7.5, Q=19.5
2026-06-05 06:53:48,613 INFO: Plan 6: ḡ=12, γE[v]=7.5, Q=19.5
2026-06-05 06:53:54,596 INFO: Plan 0: ḡ=0, γE[v]=0.0, Q=0.0
2026-06-05 06:53:54,616 INFO: Plan 1: ḡ=0, γE[v]=0.0, Q=0.0
2026-06-05 06:53:54,633 INFO: Plan 4: ḡ=0, γE[v]=0.0, Q=0.0
2026-06-05 06:53:54,634 INFO: Plan 7: ḡ=0, γE[v]=0.0, Q=0.0
2026-06-05 06:53:54,656 INFO: Plan 3: ḡ=1, γE[v]=5.0, Q=6.0
2026-06-05 06:53:54,667 INFO: Plan 6: ḡ=10, γE[v]=7.5, Q=17.5
2026-06-05 06:53:54,668 INFO: Plan 2: ḡ=12, γE[v]=7.5, Q=19.5
2026-06-05 06:53:54,669 INFO: Plan 5: ḡ=12, γE[v]=7.5, Q=19.5
2026-06-05 06:54:26,266 INFO: Plan 2: ḡ=35, γE[v]=0.0, Q=35.0
2026-06-05 06:54:26,267 INFO: Plan 0: ḡ=35, γE[v]=0.0, Q=35.0
2026-06-05 06:54:26,288 INFO: Plan 1: ḡ=35, γE[v]=5.0, Q=40.0
2026-06-05 06:54:26,289 INFO: Plan 5: ḡ=35, γE[v]=0.0, Q=35.0
2026-06-05 06:54:26,311 INFO: Plan 3: ḡ=35, γE[v]=5.0, Q=40.0
2026-06-05 06:54:26,312 INFO: Plan 7: ḡ=35, γE[v]=5.0, Q=40.0
2026-06-05 06:54:26,313 INFO: Plan 6: ḡ=35, γE[v]=5.0, Q=40.0
2026-06-05 06:54:26,314 INFO: Plan 4: ḡ=35, γE[v]=5.0, Q=40.0
2026-06-05 06:54:31,142 INFO: Plan 0: ḡ=12, γE[v]=7.5, Q=19.5
2026-06-05 06:54:31,143 INFO: Plan 1: ḡ=12, γE[v]=7.5, Q=19.5
2026-06-05 06:54:31,165 INFO: Plan 7: ḡ=12, γE[v]=7.5, Q=19.5
2026-06-05 06:54:31,167 INFO: Plan 2: ḡ=12, γE[v]=7.5, Q=19.5
2026-06-05 06:54:31,169 INFO: Plan 3: ḡ=12, γE[v]=7.5, Q=19.5
2026-06-05 06:54:31,169 INFO: Plan 5: ḡ=12, γE[v]=7.5, Q=19.5
2026-06-05 06:54:31,170 INFO: Plan 6: ḡ=12, γE[v]=7.5, Q=19.5
2026-06-05 06:54:31,171 INFO: Plan 4: ḡ=12, γE[v]=7.5, Q=19.5
2026-06-05 06:54:34,729 INFO: Plan 1: ḡ=10, γE[v]=2.5, Q=12.5
2026-06-05 06:54:34,747 INFO: Plan 3: ḡ=4, γE[v]=1.0, Q=5.0
2026-06-05 06:54:34,748 INFO: Plan 4: ḡ=6, γE[v]=1.0, Q=7.0
2026-06-05 06:54:34,749 INFO: Plan 0: ḡ=12, γE[v]=2.5, Q=14.5
2026-06-05 06:54:34,766 INFO: Plan 2: ḡ=12, γE[v]=0.0, Q=12.0
2026-06-05 06:54:34,767 INFO: Plan 6: ḡ=8, γE[v]=6.0, Q=14.0
2026-06-05 06:54:34,767 INFO: Plan 5: ḡ=12, γE[v]=2.5, Q=14.5
2026-06-05 06:54:34,768 INFO: Plan 7: ḡ=12, γE[v]=2.5, Q=14.5
2026-06-05 06:55:03,809 INFO: Plan 1: ḡ=2, γE[v]=5.0, Q=7.0
2026-06-05 06:55:03,810 INFO: Plan 3: ḡ=1, γE[v]=1.0, Q=2.0
2026-06-05 06:55:03,811 INFO: Plan 0: ḡ=2, γE[v]=5.0, Q=7.0
2026-06-05 06:55:03,829 INFO: Plan 2: ḡ=2, γE[v]=5.0, Q=7.0
2026-06-05 06:55:03,830 INFO: Plan 7: ḡ=0, γE[v]=0.0, Q=0.0
2026-06-05 06:55:03,831 INFO: Plan 4: ḡ=10, γE[v]=7.5, Q=17.5
2026-06-05 06:55:03,848 INFO: Plan 5: ḡ=10, γE[v]=7.5, Q=17.5
2026-06-05 06:55:03,868 INFO: Plan 6: ḡ=10, γE[v]=7.5, Q=17.5
2026-06-05 06:55:12,201 INFO: Plan 3: ḡ=4, γE[v]=0.0, Q=4.0
2026-06-05 06:55:12,202 INFO: Plan 1: ḡ=4, γE[v]=0.0, Q=4.0
2026-06-05 06:55:12,202 INFO: Plan 0: ḡ=1, γE[v]=0.0, Q=1.0
2026-06-05 06:55:12,221 INFO: Plan 4: ḡ=4, γE[v]=0.0, Q=4.0
2026-06-05 06:55:12,222 INFO: Plan 2: ḡ=4, γE[v]=5.0, Q=9.0
2026-06-05 06:55:12,223 INFO: Plan 6: ḡ=4, γE[v]=0.0, Q=4.0
2026-06-05 06:55:12,241 INFO: Plan 5: ḡ=4, γE[v]=5.0, Q=9.0
2026-06-05 06:55:12,241 INFO: Plan 7: ḡ=4, γE[v]=5.0, Q=9.0
2026-06-05 06:55:23,915 INFO: Plan 3: ḡ=8, γE[v]=0.0, Q=8.0
2026-06-05 06:55:23,915 INFO: Plan 1: ḡ=6, γE[v]=6.0, Q=12.0
2026-06-05 06:55:23,934 INFO: Plan 0: ḡ=12, γE[v]=5.0, Q=17.0
2026-06-05 06:55:23,957 INFO: Plan 7: ḡ=12, γE[v]=7.5, Q=19.5
2026-06-05 06:55:23,959 INFO: Plan 2: ḡ=12, γE[v]=7.5, Q=19.5
2026-06-05 06:55:23,960 INFO: Plan 6: ḡ=12, γE[v]=7.5, Q=19.5
2026-06-05 06:55:23,960 INFO: Plan 4: ḡ=12, γE[v]=5.0, Q=17.0
2026-06-05 06:55:23,961 INFO: Plan 5: ḡ=12, γE[v]=7.5, Q=19.5
2026-06-05 06:55:26,931 INFO: Plan 0: ḡ=2, γE[v]=5.0, Q=7.0
2026-06-05 06:55:26,951 INFO: Plan 3: ḡ=0, γE[v]=0.0, Q=0.0
2026-06-05 06:55:26,952 INFO: Plan 1: ḡ=0, γE[v]=0.0, Q=0.0
2026-06-05 06:55:26,953 INFO: Plan 4: ḡ=0, γE[v]=0.0, Q=0.0
2026-06-05 06:55:26,954 INFO: Plan 7: ḡ=0, γE[v]=0.0, Q=0.0
2026-06-05 06:55:26,968 INFO: Plan 5: ḡ=2, γE[v]=5.0, Q=7.0
2026-06-05 06:55:26,969 INFO: Plan 2: ḡ=2, γE[v]=5.0, Q=7.0
2026-06-05 06:55:26,984 INFO: Plan 6: ḡ=10, γE[v]=10.0, Q=20.0
2026-06-05 06:55:44,884 INFO: Plan 6: ḡ=6, γE[v]=20.0, Q=26.0
2026-06-05 06:55:44,885 INFO: Plan 1: ḡ=12, γE[v]=17.5, Q=29.5
2026-06-05 06:55:44,886 INFO: Plan 0: ḡ=10, γE[v]=15.0, Q=25.0
2026-06-05 06:55:44,887 INFO: Plan 5: ḡ=6, γE[v]=20.0, Q=26.0
2026-06-05 06:55:44,904 INFO: Plan 3: ḡ=12, γE[v]=17.5, Q=29.5
2026-06-05 06:55:44,905 INFO: Plan 4: ḡ=12, γE[v]=15.0, Q=27.0
2026-06-05 06:55:44,906 INFO: Plan 7: ḡ=12, γE[v]=15.0, Q=27.0
2026-06-05 06:55:44,907 INFO: Plan 2: ḡ=12, γE[v]=17.5, Q=29.5
2026-06-05 06:55:51,824 INFO: Plan 3: ḡ=5, γE[v]=0.0, Q=5.0
2026-06-05 06:55:51,825 INFO: Plan 4: ḡ=2, γE[v]=2.5, Q=4.5
2026-06-05 06:55:51,826 INFO: Plan 0: ḡ=2, γE[v]=0.0, Q=2.0
2026-06-05 06:55:51,834 INFO: Plan 2: ḡ=2, γE[v]=5.0, Q=7.0
2026-06-05 06:55:51,855 INFO: Plan 6: ḡ=2, γE[v]=0.0, Q=2.0
2026-06-05 06:55:51,856 INFO: Plan 7: ḡ=5, γE[v]=0.0, Q=5.0
2026-06-05 06:55:51,857 INFO: Plan 1: ḡ=35, γE[v]=5.0, Q=40.0
2026-06-05 06:55:51,893 INFO: Plan 5: ḡ=10, γE[v]=7.5, Q=17.5
  [82/93] werkzeug.wsgi seed=42: {'cov_qvalue_calib': 13}
2026-06-05 06:56:04,612 INFO: Plan 0: ḡ=12, γE[v]=7.5, Q=19.5
2026-06-05 06:56:04,613 INFO: Plan 1: ḡ=12, γE[v]=7.5, Q=19.5
2026-06-05 06:56:04,633 INFO: Plan 4: ḡ=12, γE[v]=7.5, Q=19.5
2026-06-05 06:56:04,634 INFO: Plan 3: ḡ=12, γE[v]=7.5, Q=19.5
2026-06-05 06:56:04,635 INFO: Plan 7: ḡ=12, γE[v]=7.5, Q=19.5
2026-06-05 06:56:04,636 INFO: Plan 6: ḡ=12, γE[v]=7.5, Q=19.5
2026-06-05 06:56:04,637 INFO: Plan 2: ḡ=12, γE[v]=7.5, Q=19.5
2026-06-05 06:56:04,637 INFO: Plan 5: ḡ=12, γE[v]=7.5, Q=19.5
2026-06-05 06:56:11,476 INFO: Plan 0: ḡ=12, γE[v]=4.0, Q=16.0
2026-06-05 06:56:11,513 INFO: Plan 3: ḡ=12, γE[v]=4.0, Q=16.0
2026-06-05 06:56:11,514 INFO: Plan 6: ḡ=12, γE[v]=4.0, Q=16.0
2026-06-05 06:56:11,515 INFO: Plan 5: ḡ=12, γE[v]=2.5, Q=14.5
2026-06-05 06:56:11,516 INFO: Plan 4: ḡ=12, γE[v]=4.0, Q=16.0
2026-06-05 06:56:11,517 INFO: Plan 7: ḡ=12, γE[v]=4.0, Q=16.0
2026-06-05 06:56:11,518 INFO: Plan 2: ḡ=12, γE[v]=2.5, Q=14.5
2026-06-05 06:56:11,519 INFO: Plan 1: ḡ=12, γE[v]=4.0, Q=16.0
2026-06-05 06:56:35,101 INFO: Plan 6: ḡ=1, γE[v]=0.0, Q=1.0
2026-06-05 06:56:35,102 INFO: Plan 3: ḡ=4, γE[v]=6.0, Q=10.0
2026-06-05 06:56:35,103 INFO: Plan 1: ḡ=1, γE[v]=5.0, Q=6.0
2026-06-05 06:56:35,121 INFO: Plan 4: ḡ=2, γE[v]=5.0, Q=7.0
2026-06-05 06:56:35,122 INFO: Plan 2: ḡ=10, γE[v]=7.5, Q=17.5
2026-06-05 06:56:35,122 INFO: Plan 0: ḡ=10, γE[v]=7.5, Q=17.5
2026-06-05 06:56:35,141 INFO: Plan 7: ḡ=10, γE[v]=7.5, Q=17.5
2026-06-05 06:56:35,141 INFO: Plan 5: ḡ=10, γE[v]=7.5, Q=17.5
2026-06-05 06:56:43,616 INFO: Plan 1: ḡ=4, γE[v]=0.0, Q=4.0
2026-06-05 06:56:43,633 INFO: Plan 0: ḡ=4, γE[v]=0.0, Q=4.0
2026-06-05 06:56:43,651 INFO: Plan 4: ḡ=4, γE[v]=0.0, Q=4.0
2026-06-05 06:56:43,652 INFO: Plan 5: ḡ=4, γE[v]=0.0, Q=4.0
2026-06-05 06:56:43,669 INFO: Plan 6: ḡ=4, γE[v]=20.0, Q=24.0
2026-06-05 06:56:43,670 INFO: Plan 2: ḡ=4, γE[v]=7.5, Q=11.5
2026-06-05 06:56:43,671 INFO: Plan 3: ḡ=4, γE[v]=5.0, Q=9.0
2026-06-05 06:56:43,672 INFO: Plan 7: ḡ=4, γE[v]=5.0, Q=9.0
2026-06-05 06:56:59,548 INFO: Plan 6: ḡ=12, γE[v]=2.5, Q=14.5
2026-06-05 06:56:59,549 INFO: Plan 0: ḡ=12, γE[v]=2.5, Q=14.5
2026-06-05 06:56:59,550 INFO: Plan 1: ḡ=12, γE[v]=5.0, Q=17.0
2026-06-05 06:56:59,551 INFO: Plan 3: ḡ=12, γE[v]=2.5, Q=14.5
2026-06-05 06:56:59,552 INFO: Plan 2: ḡ=8, γE[v]=0.0, Q=8.0
2026-06-05 06:56:59,552 INFO: Plan 7: ḡ=12, γE[v]=0.0, Q=12.0
2026-06-05 06:56:59,565 INFO: Plan 4: ḡ=12, γE[v]=7.5, Q=19.5
2026-06-05 06:56:59,566 INFO: Plan 5: ḡ=12, γE[v]=7.5, Q=19.5
2026-06-05 06:57:04,188 INFO: Plan 0: ḡ=2, γE[v]=0.0, Q=2.0
2026-06-05 06:57:04,224 INFO: Plan 1: ḡ=2, γE[v]=5.0, Q=7.0
2026-06-05 06:57:04,244 INFO: Plan 7: ḡ=2, γE[v]=5.0, Q=7.0
2026-06-05 06:57:04,245 INFO: Plan 4: ḡ=2, γE[v]=5.0, Q=7.0
2026-06-05 06:57:04,246 INFO: Plan 6: ḡ=2, γE[v]=5.0, Q=7.0
2026-06-05 06:57:04,246 INFO: Plan 3: ḡ=2, γE[v]=5.0, Q=7.0
2026-06-05 06:57:04,248 INFO: Plan 2: ḡ=2, γE[v]=5.0, Q=7.0
2026-06-05 06:57:04,248 INFO: Plan 5: ḡ=2, γE[v]=5.0, Q=7.0
2026-06-05 06:57:19,347 INFO: Plan 0: ḡ=2, γE[v]=5.0, Q=7.0
2026-06-05 06:57:19,367 INFO: Plan 7: ḡ=0, γE[v]=0.0, Q=0.0
2026-06-05 06:57:19,368 INFO: Plan 1: ḡ=35, γE[v]=5.0, Q=40.0
2026-06-05 06:57:19,387 INFO: Plan 3: ḡ=35, γE[v]=0.0, Q=35.0
2026-06-05 06:57:19,408 INFO: Plan 6: ḡ=35, γE[v]=5.0, Q=40.0
2026-06-05 06:57:19,409 INFO: Plan 2: ḡ=35, γE[v]=5.0, Q=40.0
2026-06-05 06:57:19,410 INFO: Plan 5: ḡ=10, γE[v]=20.0, Q=30.0
2026-06-05 06:57:19,410 INFO: Plan 4: ḡ=35, γE[v]=5.0, Q=40.0
2026-06-05 06:57:29,179 INFO: Plan 5: ḡ=12, γE[v]=7.5, Q=19.5
2026-06-05 06:57:29,180 INFO: Plan 3: ḡ=12, γE[v]=15.0, Q=27.0
2026-06-05 06:57:29,181 INFO: Plan 4: ḡ=12, γE[v]=17.5, Q=29.5
2026-06-05 06:57:29,181 INFO: Plan 2: ḡ=12, γE[v]=15.0, Q=27.0
2026-06-05 06:57:29,182 INFO: Plan 0: ḡ=12, γE[v]=7.5, Q=19.5
2026-06-05 06:57:29,183 INFO: Plan 1: ḡ=12, γE[v]=15.0, Q=27.0
2026-06-05 06:57:29,196 INFO: Plan 7: ḡ=12, γE[v]=17.5, Q=29.5
2026-06-05 06:57:29,197 INFO: Plan 6: ḡ=12, γE[v]=7.5, Q=19.5
2026-06-05 06:57:35,387 INFO: Plan 0: ḡ=12, γE[v]=15.0, Q=27.0
2026-06-05 06:57:35,388 INFO: Plan 1: ḡ=12, γE[v]=7.5, Q=19.5
2026-06-05 06:57:35,428 INFO: Plan 2: ḡ=12, γE[v]=7.5, Q=19.5
2026-06-05 06:57:35,430 INFO: Plan 4: ḡ=12, γE[v]=7.5, Q=19.5
2026-06-05 06:57:35,448 INFO: Plan 6: ḡ=12, γE[v]=7.5, Q=19.5
2026-06-05 06:57:35,449 INFO: Plan 3: ḡ=12, γE[v]=7.5, Q=19.5
2026-06-05 06:57:35,450 INFO: Plan 7: ḡ=12, γE[v]=7.5, Q=19.5
2026-06-05 06:57:35,451 INFO: Plan 5: ḡ=12, γE[v]=7.5, Q=19.5
2026-06-05 06:57:51,844 INFO: Plan 0: ḡ=0, γE[v]=0.0, Q=0.0
2026-06-05 06:57:51,854 INFO: Plan 1: ḡ=12, γE[v]=4.0, Q=16.0
2026-06-05 06:57:51,914 INFO: Plan 2: ḡ=12, γE[v]=7.5, Q=19.5
2026-06-05 06:57:51,935 INFO: Plan 3: ḡ=12, γE[v]=2.5, Q=14.5
2026-06-05 06:57:51,955 INFO: Plan 6: ḡ=12, γE[v]=7.5, Q=19.5
2026-06-05 06:57:51,956 INFO: Plan 5: ḡ=10, γE[v]=10.0, Q=20.0
2026-06-05 06:57:51,957 INFO: Plan 7: ḡ=12, γE[v]=7.5, Q=19.5
2026-06-05 06:57:51,958 INFO: Plan 4: ḡ=12, γE[v]=7.5, Q=19.5
  [83/93] starlette.routing seed=42: {'cov_qvalue_calib': 6}
2026-06-05 06:58:05,894 INFO: Plan 2: ḡ=0, γE[v]=0.0, Q=0.0
2026-06-05 06:58:05,915 INFO: Plan 1: ḡ=2, γE[v]=5.0, Q=7.0
2026-06-05 06:58:05,916 INFO: Plan 0: ḡ=2, γE[v]=7.5, Q=9.5
2026-06-05 06:58:05,956 INFO: Plan 5: ḡ=2, γE[v]=5.0, Q=7.0
2026-06-05 06:58:05,957 INFO: Plan 3: ḡ=2, γE[v]=5.0, Q=7.0
2026-06-05 06:58:05,957 INFO: Plan 7: ḡ=2, γE[v]=5.0, Q=7.0
2026-06-05 06:58:05,976 INFO: Plan 6: ḡ=10, γE[v]=7.5, Q=17.5
2026-06-05 06:58:05,977 INFO: Plan 4: ḡ=10, γE[v]=7.5, Q=17.5
2026-06-05 06:58:17,095 INFO: Plan 0: ḡ=5, γE[v]=7.5, Q=12.5
2026-06-05 06:58:17,135 INFO: Plan 1: ḡ=12, γE[v]=7.5, Q=19.5
2026-06-05 06:58:17,136 INFO: Plan 6: ḡ=4, γE[v]=6.0, Q=10.0
2026-06-05 06:58:17,150 INFO: Plan 2: ḡ=12, γE[v]=17.5, Q=29.5
2026-06-05 06:58:17,151 INFO: Plan 3: ḡ=10, γE[v]=7.5, Q=17.5
2026-06-05 06:58:17,152 INFO: Plan 5: ḡ=12, γE[v]=7.5, Q=19.5
2026-06-05 06:58:17,153 INFO: Plan 7: ḡ=12, γE[v]=17.5, Q=29.5
2026-06-05 06:58:17,154 INFO: Plan 4: ḡ=10, γE[v]=15.0, Q=25.0
  [84/93] starlette.datastructures seed=42: {'cov_qvalue_calib': 50}
2026-06-05 06:58:34,585 INFO: Plan 0: ḡ=10, γE[v]=7.5, Q=17.5
2026-06-05 06:58:34,586 INFO: Plan 2: ḡ=0, γE[v]=0.0, Q=0.0
2026-06-05 06:58:34,704 INFO: Plan 7: ḡ=12, γE[v]=12.5, Q=24.5
2026-06-05 06:58:34,705 INFO: Plan 3: ḡ=10, γE[v]=10.0, Q=20.0
2026-06-05 06:58:34,706 INFO: Plan 1: ḡ=12, γE[v]=10.0, Q=22.0
2026-06-05 06:58:34,707 INFO: Plan 5: ḡ=10, γE[v]=10.0, Q=20.0
2026-06-05 06:58:34,708 INFO: Plan 4: ḡ=10, γE[v]=15.0, Q=25.0
2026-06-05 06:58:34,709 INFO: Plan 6: ḡ=10, γE[v]=15.0, Q=25.0
2026-06-05 06:58:37,615 INFO: Plan 1: ḡ=1, γE[v]=0.0, Q=1.0
2026-06-05 06:58:37,637 INFO: Plan 4: ḡ=12, γE[v]=4.0, Q=16.0
2026-06-05 06:58:37,638 INFO: Plan 0: ḡ=12, γE[v]=2.5, Q=14.5
2026-06-05 06:58:37,639 INFO: Plan 2: ḡ=12, γE[v]=1.0, Q=13.0
2026-06-05 06:58:37,640 INFO: Plan 5: ḡ=1, γE[v]=0.0, Q=1.0
2026-06-05 06:58:37,655 INFO: Plan 6: ḡ=12, γE[v]=2.5, Q=14.5
2026-06-05 06:58:37,675 INFO: Plan 7: ḡ=10, γE[v]=7.5, Q=17.5
2026-06-05 06:58:37,675 INFO: Plan 3: ḡ=12, γE[v]=5.0, Q=17.0
2026-06-05 06:58:45,824 INFO: Plan 0: ḡ=35, γE[v]=0.0, Q=35.0
2026-06-05 06:58:45,864 INFO: Plan 3: ḡ=35, γE[v]=0.0, Q=35.0
2026-06-05 06:58:45,864 INFO: Plan 2: ḡ=35, γE[v]=5.0, Q=40.0
2026-06-05 06:58:45,865 INFO: Plan 4: ḡ=35, γE[v]=0.0, Q=35.0
2026-06-05 06:58:45,865 INFO: Plan 5: ḡ=35, γE[v]=0.0, Q=35.0
2026-06-05 06:58:45,866 INFO: Plan 1: ḡ=35, γE[v]=5.0, Q=40.0
2026-06-05 06:58:45,878 INFO: Plan 7: ḡ=35, γE[v]=5.0, Q=40.0
2026-06-05 06:58:45,879 INFO: Plan 6: ḡ=35, γE[v]=5.0, Q=40.0
2026-06-05 06:59:07,152 INFO: Plan 1: ḡ=12, γE[v]=7.5, Q=19.5
2026-06-05 06:59:07,171 INFO: Plan 0: ḡ=12, γE[v]=7.5, Q=19.5
2026-06-05 06:59:07,172 INFO: Plan 4: ḡ=5, γE[v]=6.0, Q=11.0
2026-06-05 06:59:07,191 INFO: Plan 2: ḡ=12, γE[v]=7.5, Q=19.5
2026-06-05 06:59:07,193 INFO: Plan 6: ḡ=12, γE[v]=7.5, Q=19.5
2026-06-05 06:59:07,193 INFO: Plan 7: ḡ=12, γE[v]=7.5, Q=19.5
2026-06-05 06:59:07,194 INFO: Plan 5: ḡ=12, γE[v]=7.5, Q=19.5
2026-06-05 06:59:07,194 INFO: Plan 3: ḡ=12, γE[v]=7.5, Q=19.5
2026-06-05 06:59:25,692 INFO: Plan 0: ḡ=0, γE[v]=0.0, Q=0.0
2026-06-05 06:59:25,733 INFO: Plan 2: ḡ=35, γE[v]=5.0, Q=40.0
2026-06-05 06:59:25,734 INFO: Plan 1: ḡ=30, γE[v]=5.0, Q=35.0
2026-06-05 06:59:25,735 INFO: Plan 3: ḡ=45, γE[v]=2.5, Q=47.5
2026-06-05 06:59:25,753 INFO: Plan 5: ḡ=30, γE[v]=5.0, Q=35.0
2026-06-05 06:59:25,754 INFO: Plan 4: ḡ=35, γE[v]=5.0, Q=40.0
2026-06-05 06:59:25,755 INFO: Plan 6: ḡ=35, γE[v]=5.0, Q=40.0
2026-06-05 06:59:25,772 INFO: Plan 7: ḡ=28, γE[v]=6.0, Q=34.0
2026-06-05 06:59:36,870 INFO: Plan 0: ḡ=2, γE[v]=5.0, Q=7.0
2026-06-05 06:59:36,871 INFO: Plan 4: ḡ=0, γE[v]=0.0, Q=0.0
2026-06-05 06:59:36,872 INFO: Plan 1: ḡ=2, γE[v]=5.0, Q=7.0
2026-06-05 06:59:36,891 INFO: Plan 3: ḡ=2, γE[v]=5.0, Q=7.0
2026-06-05 06:59:36,892 INFO: Plan 7: ḡ=2, γE[v]=5.0, Q=7.0
2026-06-05 06:59:36,893 INFO: Plan 2: ḡ=2, γE[v]=5.0, Q=7.0
2026-06-05 06:59:36,910 INFO: Plan 6: ḡ=10, γE[v]=7.5, Q=17.5
2026-06-05 06:59:36,911 INFO: Plan 5: ḡ=10, γE[v]=7.5, Q=17.5
2026-06-05 06:59:44,544 INFO: Plan 0: ḡ=10, γE[v]=7.5, Q=17.5
2026-06-05 06:59:44,563 INFO: Plan 5: ḡ=7, γE[v]=7.5, Q=14.5
2026-06-05 06:59:44,564 INFO: Plan 3: ḡ=6, γE[v]=6.0, Q=12.0
2026-06-05 06:59:44,582 INFO: Plan 6: ḡ=12, γE[v]=7.5, Q=19.5
2026-06-05 06:59:44,583 INFO: Plan 4: ḡ=10, γE[v]=15.0, Q=25.0
2026-06-05 06:59:44,584 INFO: Plan 7: ḡ=12, γE[v]=17.5, Q=29.5
2026-06-05 06:59:44,584 INFO: Plan 1: ḡ=10, γE[v]=10.0, Q=20.0
2026-06-05 06:59:44,585 INFO: Plan 2: ḡ=12, γE[v]=15.0, Q=27.0
2026-06-05 07:00:10,219 INFO: Plan 2: ḡ=0, γE[v]=0.0, Q=0.0
2026-06-05 07:00:10,221 INFO: Plan 7: ḡ=0, γE[v]=0.0, Q=0.0
2026-06-05 07:00:10,266 INFO: Plan 1: ḡ=10, γE[v]=10.0, Q=20.0
2026-06-05 07:00:10,267 INFO: Plan 5: ḡ=12, γE[v]=7.5, Q=19.5
2026-06-05 07:00:10,268 INFO: Plan 3: ḡ=10, γE[v]=15.0, Q=25.0
2026-06-05 07:00:10,269 INFO: Plan 0: ḡ=10, γE[v]=7.5, Q=17.5
2026-06-05 07:00:10,270 INFO: Plan 4: ḡ=10, γE[v]=10.0, Q=20.0
2026-06-05 07:00:10,271 INFO: Plan 6: ḡ=12, γE[v]=10.0, Q=22.0
2026-06-05 07:00:14,989 INFO: Plan 3: ḡ=35, γE[v]=0.0, Q=35.0
2026-06-05 07:00:14,990 INFO: Plan 2: ḡ=35, γE[v]=0.0, Q=35.0
2026-06-05 07:00:15,009 INFO: Plan 1: ḡ=35, γE[v]=5.0, Q=40.0
2026-06-05 07:00:15,010 INFO: Plan 0: ḡ=10, γE[v]=7.5, Q=17.5
2026-06-05 07:00:15,011 INFO: Plan 5: ḡ=5, γE[v]=5.0, Q=10.0
2026-06-05 07:00:15,028 INFO: Plan 6: ḡ=35, γE[v]=5.0, Q=40.0
2026-06-05 07:00:15,030 INFO: Plan 4: ḡ=35, γE[v]=5.0, Q=40.0
2026-06-05 07:00:15,030 INFO: Plan 7: ḡ=35, γE[v]=5.0, Q=40.0
2026-06-05 07:00:18,602 INFO: Plan 2: ḡ=13, γE[v]=0.0, Q=13.0
2026-06-05 07:00:18,620 INFO: Plan 1: ḡ=12, γE[v]=2.5, Q=14.5
2026-06-05 07:00:18,640 INFO: Plan 0: ḡ=12, γE[v]=0.0, Q=12.0
2026-06-05 07:00:18,641 INFO: Plan 4: ḡ=12, γE[v]=2.5, Q=14.5
2026-06-05 07:00:18,641 INFO: Plan 7: ḡ=12, γE[v]=0.0, Q=12.0
2026-06-05 07:00:18,642 INFO: Plan 5: ḡ=12, γE[v]=2.5, Q=14.5
2026-06-05 07:00:18,643 INFO: Plan 6: ḡ=12, γE[v]=0.0, Q=12.0
2026-06-05 07:00:18,656 INFO: Plan 3: ḡ=12, γE[v]=5.0, Q=17.0
2026-06-05 07:00:35,804 INFO: Plan 1: ḡ=12, γE[v]=7.5, Q=19.5
2026-06-05 07:00:35,843 INFO: Plan 3: ḡ=12, γE[v]=7.5, Q=19.5
2026-06-05 07:00:35,844 INFO: Plan 7: ḡ=12, γE[v]=7.5, Q=19.5
2026-06-05 07:00:35,845 INFO: Plan 6: ḡ=12, γE[v]=7.5, Q=19.5
2026-06-05 07:00:35,845 INFO: Plan 5: ḡ=12, γE[v]=17.5, Q=29.5
2026-06-05 07:00:35,846 INFO: Plan 2: ḡ=12, γE[v]=17.5, Q=29.5
2026-06-05 07:00:35,847 INFO: Plan 0: ḡ=12, γE[v]=17.5, Q=29.5
2026-06-05 07:00:35,848 INFO: Plan 4: ḡ=12, γE[v]=7.5, Q=19.5
2026-06-05 07:01:02,951 INFO: Plan 1: ḡ=35, γE[v]=5.0, Q=40.0
2026-06-05 07:01:02,952 INFO: Plan 3: ḡ=12, γE[v]=7.5, Q=19.5
2026-06-05 07:01:02,953 INFO: Plan 0: ḡ=12, γE[v]=7.5, Q=19.5
2026-06-05 07:01:02,975 INFO: Plan 4: ḡ=12, γE[v]=7.5, Q=19.5
2026-06-05 07:01:03,001 INFO: Plan 6: ḡ=12, γE[v]=7.5, Q=19.5
2026-06-05 07:01:03,002 INFO: Plan 2: ḡ=12, γE[v]=7.5, Q=19.5
2026-06-05 07:01:03,003 INFO: Plan 5: ḡ=12, γE[v]=7.5, Q=19.5
2026-06-05 07:01:03,004 INFO: Plan 7: ḡ=12, γE[v]=7.5, Q=19.5
2026-06-05 07:01:06,121 INFO: Plan 3: ḡ=8, γE[v]=6.0, Q=14.0
2026-06-05 07:01:06,123 INFO: Plan 0: ḡ=12, γE[v]=15.0, Q=27.0
2026-06-05 07:01:06,124 INFO: Plan 1: ḡ=12, γE[v]=7.5, Q=19.5
2026-06-05 07:01:06,124 INFO: Plan 2: ḡ=25, γE[v]=15.0, Q=40.0
2026-06-05 07:01:06,142 INFO: Plan 6: ḡ=12, γE[v]=7.5, Q=19.5
2026-06-05 07:01:06,143 INFO: Plan 5: ḡ=12, γE[v]=7.5, Q=19.5
2026-06-05 07:01:06,144 INFO: Plan 4: ḡ=12, γE[v]=17.5, Q=29.5
2026-06-05 07:01:06,145 INFO: Plan 7: ḡ=12, γE[v]=15.0, Q=27.0
2026-06-05 07:01:10,003 INFO: Plan 0: ḡ=2, γE[v]=5.0, Q=7.0
2026-06-05 07:01:10,004 INFO: Plan 5: ḡ=2, γE[v]=0.0, Q=2.0
2026-06-05 07:01:10,024 INFO: Plan 3: ḡ=2, γE[v]=5.0, Q=7.0
2026-06-05 07:01:10,025 INFO: Plan 1: ḡ=10, γE[v]=7.5, Q=17.5
2026-06-05 07:01:10,026 INFO: Plan 2: ḡ=10, γE[v]=7.5, Q=17.5
2026-06-05 07:01:10,044 INFO: Plan 7: ḡ=12, γE[v]=7.5, Q=19.5
2026-06-05 07:01:10,044 INFO: Plan 6: ḡ=10, γE[v]=7.5, Q=17.5
2026-06-05 07:01:10,045 INFO: Plan 4: ḡ=10, γE[v]=7.5, Q=17.5
2026-06-05 07:01:14,673 INFO: Plan 0: ḡ=7, γE[v]=7.5, Q=14.5
2026-06-05 07:01:14,711 INFO: Plan 2: ḡ=7, γE[v]=7.5, Q=14.5
2026-06-05 07:01:14,712 INFO: Plan 7: ḡ=8, γE[v]=6.0, Q=14.0
2026-06-05 07:01:14,713 INFO: Plan 6: ḡ=5, γE[v]=7.5, Q=12.5
2026-06-05 07:01:14,728 INFO: Plan 3: ḡ=10, γE[v]=15.0, Q=25.0
2026-06-05 07:01:14,729 INFO: Plan 1: ḡ=11, γE[v]=17.5, Q=28.5
2026-06-05 07:01:14,730 INFO: Plan 5: ḡ=10, γE[v]=15.0, Q=25.0
2026-06-05 07:01:14,731 INFO: Plan 4: ḡ=10, γE[v]=7.5, Q=17.5
2026-06-05 07:01:45,589 INFO: Plan 2: ḡ=0, γE[v]=0.0, Q=0.0
2026-06-05 07:01:45,610 INFO: Plan 5: ḡ=0, γE[v]=0.0, Q=0.0
2026-06-05 07:01:45,611 INFO: Plan 3: ḡ=0, γE[v]=0.0, Q=0.0
2026-06-05 07:01:45,612 INFO: Plan 7: ḡ=0, γE[v]=0.0, Q=0.0
2026-06-05 07:01:45,613 INFO: Plan 4: ḡ=0, γE[v]=0.0, Q=0.0
2026-06-05 07:01:45,614 INFO: Plan 1: ḡ=0, γE[v]=0.0, Q=0.0
2026-06-05 07:01:45,709 INFO: Plan 0: ḡ=10, γE[v]=15.0, Q=25.0
2026-06-05 07:01:45,855 INFO: Plan 6: ḡ=10, γE[v]=7.5, Q=17.5
2026-06-05 07:01:45,934 INFO: Plan 3: ḡ=35, γE[v]=0.0, Q=35.0
2026-06-05 07:01:45,958 INFO: Plan 2: ḡ=35, γE[v]=0.0, Q=35.0
2026-06-05 07:01:45,959 INFO: Plan 4: ḡ=35, γE[v]=5.0, Q=40.0
2026-06-05 07:01:45,959 INFO: Plan 6: ḡ=35, γE[v]=0.0, Q=35.0
2026-06-05 07:01:45,960 INFO: Plan 0: ḡ=35, γE[v]=5.0, Q=40.0
2026-06-05 07:01:45,976 INFO: Plan 5: ḡ=35, γE[v]=5.0, Q=40.0
2026-06-05 07:01:45,977 INFO: Plan 7: ḡ=35, γE[v]=5.0, Q=40.0
2026-06-05 07:01:45,978 INFO: Plan 1: ḡ=35, γE[v]=5.0, Q=40.0
2026-06-05 07:01:54,781 INFO: Plan 1: ḡ=6, γE[v]=0.0, Q=6.0
2026-06-05 07:01:54,782 INFO: Plan 0: ḡ=6, γE[v]=0.0, Q=6.0
2026-06-05 07:01:54,820 INFO: Plan 3: ḡ=6, γE[v]=0.0, Q=6.0
2026-06-05 07:01:54,821 INFO: Plan 2: ḡ=6, γE[v]=5.0, Q=11.0
2026-06-05 07:01:54,822 INFO: Plan 7: ḡ=6, γE[v]=0.0, Q=6.0
2026-06-05 07:01:54,822 INFO: Plan 6: ḡ=6, γE[v]=0.0, Q=6.0
2026-06-05 07:01:54,823 INFO: Plan 4: ḡ=6, γE[v]=1.0, Q=7.0
2026-06-05 07:01:54,851 INFO: Plan 5: ḡ=10, γE[v]=7.5, Q=17.5
2026-06-05 07:02:09,309 INFO: Plan 1: ḡ=12, γE[v]=17.5, Q=29.5
2026-06-05 07:02:09,327 INFO: Plan 2: ḡ=4, γE[v]=6.0, Q=10.0
2026-06-05 07:02:09,347 INFO: Plan 5: ḡ=12, γE[v]=7.5, Q=19.5
2026-06-05 07:02:09,348 INFO: Plan 0: ḡ=12, γE[v]=7.5, Q=19.5
2026-06-05 07:02:09,348 INFO: Plan 6: ḡ=12, γE[v]=7.5, Q=19.5
2026-06-05 07:02:09,349 INFO: Plan 7: ḡ=12, γE[v]=7.5, Q=19.5
2026-06-05 07:02:09,350 INFO: Plan 3: ḡ=12, γE[v]=7.5, Q=19.5
2026-06-05 07:02:09,351 INFO: Plan 4: ḡ=12, γE[v]=7.5, Q=19.5
  [85/93] starlette.testclient seed=42: {'cov_qvalue_calib': 26}
2026-06-05 07:02:41,657 INFO: Plan 1: ḡ=1, γE[v]=5.0, Q=6.0
2026-06-05 07:02:41,658 INFO: Plan 6: ḡ=2, γE[v]=0.0, Q=2.0
2026-06-05 07:02:41,659 INFO: Plan 2: ḡ=2, γE[v]=5.0, Q=7.0
2026-06-05 07:02:41,660 INFO: Plan 0: ḡ=2, γE[v]=7.5, Q=9.5
2026-06-05 07:02:41,678 INFO: Plan 7: ḡ=2, γE[v]=5.0, Q=7.0
2026-06-05 07:02:41,701 INFO: Plan 5: ḡ=10, γE[v]=7.5, Q=17.5
2026-06-05 07:02:41,702 INFO: Plan 3: ḡ=12, γE[v]=7.5, Q=19.5
2026-06-05 07:02:41,703 INFO: Plan 4: ḡ=10, γE[v]=7.5, Q=17.5
2026-06-05 07:02:46,524 INFO: Plan 1: ḡ=5, γE[v]=7.5, Q=12.5
2026-06-05 07:02:46,543 INFO: Plan 0: ḡ=10, γE[v]=15.0, Q=25.0
2026-06-05 07:02:46,564 INFO: Plan 5: ḡ=7, γE[v]=7.5, Q=14.5
2026-06-05 07:02:46,566 INFO: Plan 4: ḡ=12, γE[v]=7.5, Q=19.5
2026-06-05 07:02:46,567 INFO: Plan 3: ḡ=12, γE[v]=17.5, Q=29.5
2026-06-05 07:02:46,567 INFO: Plan 2: ḡ=12, γE[v]=7.5, Q=19.5
2026-06-05 07:02:46,583 INFO: Plan 6: ḡ=10, γE[v]=7.5, Q=17.5
2026-06-05 07:02:46,584 INFO: Plan 7: ḡ=10, γE[v]=20.0, Q=30.0
2026-06-05 07:02:47,841 INFO: Plan 0: ḡ=2, γE[v]=0.0, Q=2.0
2026-06-05 07:02:47,878 INFO: Plan 6: ḡ=2, γE[v]=0.0, Q=2.0
2026-06-05 07:02:47,879 INFO: Plan 7: ḡ=2, γE[v]=0.0, Q=2.0
2026-06-05 07:02:47,880 INFO: Plan 4: ḡ=2, γE[v]=0.5, Q=2.5
2026-06-05 07:02:47,881 INFO: Plan 3: ḡ=2, γE[v]=0.5, Q=2.5
2026-06-05 07:02:47,895 INFO: Plan 5: ḡ=2, γE[v]=5.0, Q=7.0
2026-06-05 07:02:47,896 INFO: Plan 2: ḡ=2, γE[v]=5.0, Q=7.0
2026-06-05 07:02:47,897 INFO: Plan 1: ḡ=12, γE[v]=4.0, Q=16.0
  [86/93] starlette.requests seed=42: {'cov_qvalue_calib': 35}
2026-06-05 07:03:21,650 INFO: Plan 1: ḡ=0, γE[v]=0.0, Q=0.0
2026-06-05 07:03:21,673 INFO: Plan 5: ḡ=0, γE[v]=0.0, Q=0.0
2026-06-05 07:03:21,699 INFO: Plan 2: ḡ=10, γE[v]=15.0, Q=25.0
2026-06-05 07:03:21,700 INFO: Plan 0: ḡ=12, γE[v]=7.5, Q=19.5
2026-06-05 07:03:21,701 INFO: Plan 3: ḡ=10, γE[v]=15.0, Q=25.0
2026-06-05 07:03:21,701 INFO: Plan 4: ḡ=12, γE[v]=10.0, Q=22.0
2026-06-05 07:03:21,702 INFO: Plan 6: ḡ=10, γE[v]=10.0, Q=20.0
2026-06-05 07:03:21,717 INFO: Plan 7: ḡ=10, γE[v]=7.5, Q=17.5
  [87/93] starlette.responses seed=42: {'cov_qvalue_calib': 25}
2026-06-05 07:03:35,125 INFO: Plan 4: ḡ=6, γE[v]=0.0, Q=6.0
2026-06-05 07:03:35,126 INFO: Plan 0: ḡ=6, γE[v]=0.0, Q=6.0
2026-06-05 07:03:35,127 INFO: Plan 1: ḡ=6, γE[v]=0.0, Q=6.0
2026-06-05 07:03:35,127 INFO: Plan 6: ḡ=6, γE[v]=0.0, Q=6.0
2026-06-05 07:03:35,128 INFO: Plan 5: ḡ=6, γE[v]=0.0, Q=6.0
2026-06-05 07:03:35,144 INFO: Plan 3: ḡ=12, γE[v]=4.0, Q=16.0
2026-06-05 07:03:35,164 INFO: Plan 7: ḡ=12, γE[v]=7.5, Q=19.5
2026-06-05 07:03:35,165 INFO: Plan 2: ḡ=12, γE[v]=7.5, Q=19.5
2026-06-05 07:03:38,606 INFO: Plan 0: ḡ=12, γE[v]=7.5, Q=19.5
2026-06-05 07:03:38,607 INFO: Plan 6: ḡ=0, γE[v]=0.0, Q=0.0
2026-06-05 07:03:38,622 INFO: Plan 7: ḡ=12, γE[v]=4.0, Q=16.0
2026-06-05 07:03:38,644 INFO: Plan 4: ḡ=12, γE[v]=7.5, Q=19.5
2026-06-05 07:03:38,644 INFO: Plan 5: ḡ=22, γE[v]=5.0, Q=27.0
2026-06-05 07:03:38,645 INFO: Plan 2: ḡ=25, γE[v]=5.0, Q=30.0
2026-06-05 07:03:38,645 INFO: Plan 3: ḡ=12, γE[v]=7.5, Q=19.5
2026-06-05 07:03:38,646 INFO: Plan 1: ḡ=12, γE[v]=7.5, Q=19.5
  [88/93] starlette.formparsers seed=42: {'cov_qvalue_calib': 2}
2026-06-05 07:04:15,515 INFO: Plan 0: ḡ=5, γE[v]=17.5, Q=22.5
2026-06-05 07:04:15,516 INFO: Plan 1: ḡ=5, γE[v]=7.5, Q=12.5
2026-06-05 07:04:15,535 INFO: Plan 5: ḡ=5, γE[v]=15.0, Q=20.0
2026-06-05 07:04:15,536 INFO: Plan 3: ḡ=7, γE[v]=7.5, Q=14.5
2026-06-05 07:04:15,557 INFO: Plan 6: ḡ=12, γE[v]=17.5, Q=29.5
2026-06-05 07:04:15,558 INFO: Plan 4: ḡ=12, γE[v]=7.5, Q=19.5
2026-06-05 07:04:15,559 INFO: Plan 7: ḡ=10, γE[v]=10.0, Q=20.0
2026-06-05 07:04:15,560 INFO: Plan 2: ḡ=12, γE[v]=17.5, Q=29.5
2026-06-05 07:04:21,391 INFO: Plan 0: ḡ=2, γE[v]=5.0, Q=7.0
2026-06-05 07:04:21,410 INFO: Plan 3: ḡ=2, γE[v]=0.0, Q=2.0
2026-06-05 07:04:21,411 INFO: Plan 4: ḡ=2, γE[v]=0.0, Q=2.0
2026-06-05 07:04:21,412 INFO: Plan 5: ḡ=2, γE[v]=0.0, Q=2.0
2026-06-05 07:04:21,413 INFO: Plan 6: ḡ=2, γE[v]=0.0, Q=2.0
2026-06-05 07:04:21,414 INFO: Plan 1: ḡ=2, γE[v]=0.0, Q=2.0
2026-06-05 07:04:21,414 INFO: Plan 2: ḡ=2, γE[v]=0.0, Q=2.0
2026-06-05 07:04:21,426 INFO: Plan 7: ḡ=2, γE[v]=5.0, Q=7.0
2026-06-05 07:04:47,025 INFO: Plan 0: ḡ=4, γE[v]=5.0, Q=9.0
2026-06-05 07:04:47,044 INFO: Plan 1: ḡ=4, γE[v]=0.0, Q=4.0
2026-06-05 07:04:47,044 INFO: Plan 7: ḡ=0, γE[v]=0.0, Q=0.0
2026-06-05 07:04:47,063 INFO: Plan 2: ḡ=4, γE[v]=6.0, Q=10.0
2026-06-05 07:04:47,064 INFO: Plan 4: ḡ=4, γE[v]=6.0, Q=10.0
2026-06-05 07:04:47,065 INFO: Plan 5: ḡ=4, γE[v]=5.0, Q=9.0
2026-06-05 07:04:47,065 INFO: Plan 3: ḡ=4, γE[v]=6.0, Q=10.0
2026-06-05 07:04:47,066 INFO: Plan 6: ḡ=4, γE[v]=5.0, Q=9.0
2026-06-05 07:05:02,612 INFO: Plan 2: ḡ=12, γE[v]=5.0, Q=17.0
2026-06-05 07:05:02,613 INFO: Plan 1: ḡ=12, γE[v]=4.0, Q=16.0
2026-06-05 07:05:02,614 INFO: Plan 3: ḡ=12, γE[v]=2.5, Q=14.5
2026-06-05 07:05:02,615 INFO: Plan 4: ḡ=12, γE[v]=4.0, Q=16.0
2026-06-05 07:05:02,615 INFO: Plan 6: ḡ=12, γE[v]=2.5, Q=14.5
2026-06-05 07:05:02,624 INFO: Plan 7: ḡ=12, γE[v]=2.5, Q=14.5
2026-06-05 07:05:02,625 INFO: Plan 0: ḡ=12, γE[v]=7.5, Q=19.5
2026-06-05 07:05:02,629 INFO: Plan 5: ḡ=12, γE[v]=7.5, Q=19.5
2026-06-05 07:05:07,251 INFO: Plan 1: ḡ=0, γE[v]=0.0, Q=0.0
2026-06-05 07:05:07,289 INFO: Plan 6: ḡ=0, γE[v]=0.0, Q=0.0
2026-06-05 07:05:07,290 INFO: Plan 2: ḡ=0, γE[v]=0.0, Q=0.0
2026-06-05 07:05:07,307 INFO: Plan 4: ḡ=12, γE[v]=2.5, Q=14.5
2026-06-05 07:05:07,308 INFO: Plan 7: ḡ=12, γE[v]=4.0, Q=16.0
2026-06-05 07:05:07,325 INFO: Plan 0: ḡ=12, γE[v]=7.5, Q=19.5
2026-06-05 07:05:07,326 INFO: Plan 5: ḡ=12, γE[v]=7.5, Q=19.5
2026-06-05 07:05:07,327 INFO: Plan 3: ḡ=12, γE[v]=7.5, Q=19.5
2026-06-05 07:05:34,661 INFO: Plan 0: ḡ=5, γE[v]=7.5, Q=12.5
2026-06-05 07:05:34,682 INFO: Plan 1: ḡ=12, γE[v]=7.5, Q=19.5
2026-06-05 07:05:34,682 INFO: Plan 3: ḡ=5, γE[v]=7.5, Q=12.5
2026-06-05 07:05:34,703 INFO: Plan 7: ḡ=12, γE[v]=7.5, Q=19.5
2026-06-05 07:05:34,704 INFO: Plan 5: ḡ=10, γE[v]=15.0, Q=25.0
2026-06-05 07:05:34,704 INFO: Plan 4: ḡ=12, γE[v]=7.5, Q=19.5
2026-06-05 07:05:34,705 INFO: Plan 2: ḡ=12, γE[v]=15.0, Q=27.0
2026-06-05 07:05:34,706 INFO: Plan 6: ḡ=12, γE[v]=7.5, Q=19.5
2026-06-05 07:05:43,100 INFO: Plan 0: ḡ=2, γE[v]=0.0, Q=2.0
2026-06-05 07:05:43,139 INFO: Plan 2: ḡ=2, γE[v]=0.0, Q=2.0
2026-06-05 07:05:43,140 INFO: Plan 1: ḡ=2, γE[v]=5.0, Q=7.0
2026-06-05 07:05:43,140 INFO: Plan 3: ḡ=2, γE[v]=0.0, Q=2.0
2026-06-05 07:05:43,141 INFO: Plan 4: ḡ=2, γE[v]=0.0, Q=2.0
2026-06-05 07:05:43,141 INFO: Plan 7: ḡ=2, γE[v]=0.0, Q=2.0
2026-06-05 07:05:43,154 INFO: Plan 6: ḡ=2, γE[v]=5.0, Q=7.0
2026-06-05 07:05:43,155 INFO: Plan 5: ḡ=2, γE[v]=5.0, Q=7.0
  [89/93] starlette.applications seed=42: {'cov_qvalue_calib': 6}
2026-06-05 07:06:27,598 INFO: Plan 0: ḡ=10, γE[v]=2.5, Q=12.5
2026-06-05 07:06:27,619 INFO: Plan 3: ḡ=12, γE[v]=2.5, Q=14.5
2026-06-05 07:06:27,620 INFO: Plan 7: ḡ=12, γE[v]=2.5, Q=14.5
2026-06-05 07:06:27,621 INFO: Plan 5: ḡ=12, γE[v]=2.5, Q=14.5
2026-06-05 07:06:27,640 INFO: Plan 6: ḡ=12, γE[v]=7.5, Q=19.5
2026-06-05 07:06:27,641 INFO: Plan 4: ḡ=12, γE[v]=7.5, Q=19.5
2026-06-05 07:06:27,642 INFO: Plan 1: ḡ=12, γE[v]=7.5, Q=19.5
2026-06-05 07:06:27,643 INFO: Plan 2: ḡ=12, γE[v]=7.5, Q=19.5
2026-06-05 07:06:35,048 INFO: Plan 1: ḡ=12, γE[v]=7.5, Q=19.5
2026-06-05 07:06:35,049 INFO: Plan 3: ḡ=0, γE[v]=0.0, Q=0.0
2026-06-05 07:06:35,050 INFO: Plan 0: ḡ=12, γE[v]=4.0, Q=16.0
2026-06-05 07:06:35,051 INFO: Plan 5: ḡ=0, γE[v]=0.0, Q=0.0
2026-06-05 07:06:35,054 INFO: Plan 4: ḡ=12, γE[v]=2.5, Q=14.5
2026-06-05 07:06:35,055 INFO: Plan 2: ḡ=12, γE[v]=2.5, Q=14.5
2026-06-05 07:06:35,071 INFO: Plan 6: ḡ=12, γE[v]=7.5, Q=19.5
2026-06-05 07:06:35,072 INFO: Plan 7: ḡ=12, γE[v]=7.5, Q=19.5
2026-06-05 07:06:53,335 INFO: Plan 3: ḡ=5, γE[v]=7.5, Q=12.5
2026-06-05 07:06:53,336 INFO: Plan 1: ḡ=5, γE[v]=7.5, Q=12.5
2026-06-05 07:06:53,355 INFO: Plan 0: ḡ=10, γE[v]=15.0, Q=25.0
2026-06-05 07:06:53,356 INFO: Plan 4: ḡ=12, γE[v]=7.5, Q=19.5
2026-06-05 07:06:53,357 INFO: Plan 5: ḡ=12, γE[v]=7.5, Q=19.5
2026-06-05 07:06:53,395 INFO: Plan 2: ḡ=12, γE[v]=7.5, Q=19.5
2026-06-05 07:06:53,396 INFO: Plan 7: ḡ=12, γE[v]=7.5, Q=19.5
2026-06-05 07:06:53,396 INFO: Plan 6: ḡ=12, γE[v]=7.5, Q=19.5
2026-06-05 07:06:59,913 INFO: Plan 0: ḡ=2, γE[v]=5.0, Q=7.0
2026-06-05 07:06:59,933 INFO: Plan 6: ḡ=2, γE[v]=0.0, Q=2.0
2026-06-05 07:06:59,934 INFO: Plan 7: ḡ=2, γE[v]=0.0, Q=2.0
2026-06-05 07:06:59,935 INFO: Plan 3: ḡ=2, γE[v]=0.0, Q=2.0
2026-06-05 07:06:59,935 INFO: Plan 2: ḡ=2, γE[v]=0.0, Q=2.0
2026-06-05 07:06:59,936 INFO: Plan 5: ḡ=2, γE[v]=0.0, Q=2.0
2026-06-05 07:06:59,937 INFO: Plan 1: ḡ=2, γE[v]=0.0, Q=2.0
2026-06-05 07:06:59,948 INFO: Plan 4: ḡ=2, γE[v]=5.0, Q=7.0
2026-06-05 07:07:47,070 INFO: Plan 2: ḡ=6, γE[v]=1.0, Q=7.0
2026-06-05 07:07:47,071 INFO: Plan 0: ḡ=12, γE[v]=7.5, Q=19.5
2026-06-05 07:07:47,088 INFO: Plan 6: ḡ=12, γE[v]=2.5, Q=14.5
2026-06-05 07:07:47,089 INFO: Plan 5: ḡ=12, γE[v]=2.5, Q=14.5
2026-06-05 07:07:47,106 INFO: Plan 4: ḡ=12, γE[v]=7.5, Q=19.5
2026-06-05 07:07:47,106 INFO: Plan 1: ḡ=12, γE[v]=7.5, Q=19.5
2026-06-05 07:07:47,107 INFO: Plan 3: ḡ=12, γE[v]=5.0, Q=17.0
2026-06-05 07:07:47,122 INFO: Plan 7: ḡ=10, γE[v]=7.5, Q=17.5
2026-06-05 07:08:07,547 INFO: Plan 4: ḡ=5, γE[v]=7.5, Q=12.5
2026-06-05 07:08:07,548 INFO: Plan 0: ḡ=10, γE[v]=7.5, Q=17.5
2026-06-05 07:08:07,569 INFO: Plan 7: ḡ=12, γE[v]=17.5, Q=29.5
2026-06-05 07:08:07,570 INFO: Plan 6: ḡ=10, γE[v]=10.0, Q=20.0
2026-06-05 07:08:07,571 INFO: Plan 1: ḡ=10, γE[v]=20.0, Q=30.0
2026-06-05 07:08:07,571 INFO: Plan 2: ḡ=10, γE[v]=10.0, Q=20.0
2026-06-05 07:08:07,572 INFO: Plan 3: ḡ=12, γE[v]=17.5, Q=29.5
2026-06-05 07:08:07,573 INFO: Plan 5: ḡ=12, γE[v]=7.5, Q=19.5
2026-06-05 07:08:18,354 INFO: Plan 0: ḡ=2, γE[v]=0.0, Q=2.0
2026-06-05 07:08:18,392 INFO: Plan 4: ḡ=2, γE[v]=0.0, Q=2.0
2026-06-05 07:08:18,394 INFO: Plan 3: ḡ=2, γE[v]=0.0, Q=2.0
2026-06-05 07:08:18,395 INFO: Plan 7: ḡ=2, γE[v]=0.0, Q=2.0
2026-06-05 07:08:18,395 INFO: Plan 5: ḡ=2, γE[v]=0.0, Q=2.0
2026-06-05 07:08:18,396 INFO: Plan 1: ḡ=2, γE[v]=0.0, Q=2.0
2026-06-05 07:08:18,396 INFO: Plan 2: ḡ=2, γE[v]=0.0, Q=2.0
2026-06-05 07:08:18,407 INFO: Plan 6: ḡ=2, γE[v]=5.0, Q=7.0
2026-06-05 07:08:55,783 INFO: Plan 2: ḡ=0, γE[v]=0.0, Q=0.0
2026-06-05 07:08:55,804 INFO: Plan 1: ḡ=12, γE[v]=4.0, Q=16.0
2026-06-05 07:08:55,825 INFO: Plan 7: ḡ=35, γE[v]=5.0, Q=40.0
2026-06-05 07:08:55,826 INFO: Plan 0: ḡ=25, γE[v]=5.0, Q=30.0
2026-06-05 07:08:55,826 INFO: Plan 4: ḡ=12, γE[v]=4.0, Q=16.0
2026-06-05 07:08:55,845 INFO: Plan 6: ḡ=12, γE[v]=7.5, Q=19.5
2026-06-05 07:08:55,846 INFO: Plan 5: ḡ=10, γE[v]=7.5, Q=17.5
2026-06-05 07:08:55,847 INFO: Plan 3: ḡ=12, γE[v]=7.5, Q=19.5
2026-06-05 07:09:03,290 INFO: Plan 6: ḡ=5, γE[v]=1.0, Q=6.0
2026-06-05 07:09:03,291 INFO: Plan 1: ḡ=12, γE[v]=7.5, Q=19.5
2026-06-05 07:09:03,309 INFO: Plan 3: ḡ=10, γE[v]=7.5, Q=17.5
2026-06-05 07:09:03,310 INFO: Plan 2: ḡ=5, γE[v]=5.0, Q=10.0
2026-06-05 07:09:03,327 INFO: Plan 5: ḡ=10, γE[v]=7.5, Q=17.5
2026-06-05 07:09:03,328 INFO: Plan 7: ḡ=12, γE[v]=7.5, Q=19.5
2026-06-05 07:09:03,329 INFO: Plan 0: ḡ=12, γE[v]=7.5, Q=19.5
2026-06-05 07:09:03,330 INFO: Plan 4: ḡ=12, γE[v]=7.5, Q=19.5
  [90/93] starlette.staticfiles seed=42: {'cov_qvalue_calib': 11}
2026-06-05 07:09:35,497 INFO: Plan 0: ḡ=2, γE[v]=5.0, Q=7.0
2026-06-05 07:09:35,497 INFO: Plan 1: ḡ=2, γE[v]=0.0, Q=2.0
2026-06-05 07:09:35,514 INFO: Plan 6: ḡ=2, γE[v]=0.0, Q=2.0
2026-06-05 07:09:35,515 INFO: Plan 3: ḡ=2, γE[v]=0.0, Q=2.0
2026-06-05 07:09:35,516 INFO: Plan 4: ḡ=2, γE[v]=0.0, Q=2.0
2026-06-05 07:09:35,532 INFO: Plan 2: ḡ=2, γE[v]=5.0, Q=7.0
2026-06-05 07:09:35,533 INFO: Plan 7: ḡ=2, γE[v]=5.0, Q=7.0
2026-06-05 07:09:35,533 INFO: Plan 5: ḡ=2, γE[v]=5.0, Q=7.0
  [91/93] starlette.middleware.errors seed=42: {'cov_qvalue_calib': 34}
  [92/93] starlette.templating seed=42: {'cov_qvalue_calib': 19}
2026-06-05 07:10:42,349 INFO: Plan 2: ḡ=2, γE[v]=0.0, Q=2.0
2026-06-05 07:10:42,368 INFO: Plan 0: ḡ=2, γE[v]=0.0, Q=2.0
2026-06-05 07:10:42,387 INFO: Plan 3: ḡ=2, γE[v]=0.0, Q=2.0
2026-06-05 07:10:42,388 INFO: Plan 4: ḡ=2, γE[v]=0.0, Q=2.0
2026-06-05 07:10:42,389 INFO: Plan 5: ḡ=2, γE[v]=0.0, Q=2.0
2026-06-05 07:10:42,390 INFO: Plan 6: ḡ=2, γE[v]=0.0, Q=2.0
2026-06-05 07:10:42,390 INFO: Plan 1: ḡ=2, γE[v]=0.0, Q=2.0
2026-06-05 07:10:42,403 INFO: Plan 7: ḡ=2, γE[v]=5.0, Q=7.0
2026-06-05 07:11:45,305 INFO: Plan 0: ḡ=2, γE[v]=0.0, Q=2.0
2026-06-05 07:11:45,323 INFO: Plan 1: ḡ=2, γE[v]=0.0, Q=2.0
2026-06-05 07:11:45,342 INFO: Plan 4: ḡ=2, γE[v]=0.0, Q=2.0
2026-06-05 07:11:45,343 INFO: Plan 7: ḡ=2, γE[v]=0.0, Q=2.0
2026-06-05 07:11:45,344 INFO: Plan 3: ḡ=2, γE[v]=0.0, Q=2.0
2026-06-05 07:11:45,344 INFO: Plan 6: ḡ=2, γE[v]=0.0, Q=2.0
2026-06-05 07:11:45,358 INFO: Plan 5: ḡ=2, γE[v]=5.0, Q=7.0
2026-06-05 07:11:45,359 INFO: Plan 2: ḡ=2, γE[v]=5.0, Q=7.0
  [93/93] starlette.middleware.base seed=42: {'cov_qvalue_calib': 34}

======================================================================
RESULTS
======================================================================

Module                              seed  cov_qvalue_
-----------------------------------------------------
click.testing                         42           36
click.types                           42           10
click.utils                           42           21
click.parser                          42           22
click.decorators                      42           23
click.shell_completion                42           10
click.core                            42           88
click.termui                          42           16
click.formatting                      42           29
click.exceptions                      42           13
requests.models                       42           28
requests.sessions                     42           13
requests.auth                         42           49
requests.cookies                      42            8
requests.utils                        42            6
requests.adapters                     42           53
flask.app                             42           68
flask.cli                             42           75
flask.helpers                         42            9
flask.ctx                             42           59
flask.sessions                        42            4
flask.config                          42           29
flask.json.tag                        42           21
flask.testing                         42            9
flask.templating                      42           49
flask.json.provider                   42           41
rich.console                          42          215
rich.progress                         42           54
rich.text                             42           30
rich.pretty                           42           88
rich.table                            42          159
rich.syntax                           42           57
rich.markdown                         42           18
rich.style                            42           66
rich.segment                          42           60
rich.color                            42           26
rich.layout                           42           17
rich.traceback                        42           67
jinja2.compiler                       42          109
jinja2.filters                        42          138
jinja2.environment                    42           66
jinja2.runtime                        42           66
jinja2.ext                            42            4
jinja2.parser                         42           13
jinja2.nodes                          42           11
jinja2.lexer                          42           42
jinja2.utils                          42           11
jinja2.loaders                        42           24
jinja2.bccache                        42            5
jinja2.sandbox                        42           82
httpx._models                         42          109
httpx._urls                           42           42
httpx._urlparse                       42            4
httpx._client                         42          137
httpx._main                           42           81
httpx._api                            42            6
httpx._utils                          42           26
httpx._transports.default             42            6
httpx._config                         42           23
pydantic.types                        42          135
httpx._auth                           42           55
pydantic.main                         42          168
pydantic.json_schema                  42          248
pydantic.fields                       42          101
pydantic.config                       42            1
pydantic.networks                     42           34
pydantic.functional_validators        42           36
pydantic.color                        42           75
pydantic.type_adapter                 42           18
werkzeug.http                         42           18
werkzeug.serving                      42            9
pydantic.functional_serializers       42           22
werkzeug.datastructures.structures    42           22
werkzeug.routing.map                  42           55
werkzeug.exceptions                   42           20
werkzeug.routing.rules                42           16
werkzeug.wrappers.response            42           55
werkzeug.sansio.response              42           70
werkzeug.utils                        42           16
werkzeug.wrappers.request             42           52
werkzeug.local                        42           32
werkzeug.wsgi                         42           13
starlette.routing                     42            6
starlette.datastructures              42           50
starlette.testclient                  42           26
starlette.requests                    42           35
starlette.responses                   42           25
starlette.formparsers                 42            2
starlette.applications                42            6
starlette.staticfiles                 42           11
starlette.middleware.errors           42           34
starlette.templating                  42           19
starlette.middleware.base             42           34

======================================================================
STATISTICS
======================================================================

Per-strategy means (n=93):
  cov_qvalue_calib     branches=  44.8 ± 4.8  lines=139.0  pass_rate=78%

Per-repo means:

  click (10 runs):
    cov_qvalue_calib     mean=26.8

  flask (10 runs):
    cov_qvalue_calib     mean=36.4

  httpx (10 runs):
    cov_qvalue_calib     mean=48.9

  jinja2 (12 runs):
    cov_qvalue_calib     mean=47.6

  pydantic (10 runs):
    cov_qvalue_calib     mean=83.8

  requests (6 runs):
    cov_qvalue_calib     mean=26.2

  rich (12 runs):
    cov_qvalue_calib     mean=71.4

  starlette (11 runs):
    cov_qvalue_calib     mean=22.5

  werkzeug (12 runs):
    cov_qvalue_calib     mean=31.5

Cost: $0.0000 | Time: 9655s (160.9m)
Saved to /share/edc/home/aamayuelasfernandez/qcurious-tester/results/repo_explore_bench/exp7_exemplars_gemma.json
