2026-05-29 12:04:08,368 INFO: RepoExploreBench: 93 targets across 9 repos
======================================================================
RepoExploreBench v2.0
  Targets: 93 files across 9 repos
  Strategies: ['cov_bayes']
  Seeds: [42]
  Exec budget: 24 per run
  Total runs: 93
======================================================================
  Connectivity: OK

  Fetching source code...
    click.core: 114085 chars
    click.types: 36390 chars
    click.termui: 28323 chars
    click.utils: 20295 chars
    click.shell_completion: 18459 chars
    click.decorators: 18718 chars
    click.parser: 19066 chars
    click.testing: 16083 chars
    click.formatting: 9705 chars
    click.exceptions: 9272 chars
    requests.utils: 33447 chars
    requests.models: 35222 chars
    requests.sessions: 30372 chars
    requests.cookies: 18559 chars
    requests.adapters: 19552 chars
    requests.auth: 10186 chars
    flask.app: 59200 chars
    flask.cli: 33820 chars
    flask.helpers: 22991 chars
    flask.ctx: 14840 chars
    flask.sessions: 14168 chars
    flask.config: 12855 chars
    flask.json.tag: 8870 chars
    flask.testing: 10016 chars
    flask.templating: 7537 chars
    flask.json.provider: 7639 chars
    rich.console: 99096 chars
    rich.progress: 59691 chars
    rich.text: 47302 chars
    rich.table: 39643 chars
    rich.pretty: 35811 chars
    rich.syntax: 35364 chars
    rich.markdown: 26159 chars
    rich.style: 27072 chars
    rich.traceback: 29466 chars
    rich.segment: 24209 chars
    rich.color: 18220 chars
    rich.layout: 13939 chars
    jinja2.compiler: 72198 chars
    jinja2.filters: 53861 chars
    jinja2.environment: 61252 chars
    jinja2.nodes: 34549 chars
    jinja2.runtime: 33405 chars
    jinja2.parser: 39735 chars
    jinja2.ext: 31843 chars
    jinja2.lexer: 29725 chars
    jinja2.utils: 23932 chars
    jinja2.loaders: 23084 chars
    jinja2.sandbox: 14583 chars
    jinja2.bccache: 14060 chars
    httpx._client: 67489 chars
    httpx._models: 42302 chars
    httpx._urls: 21747 chars
    httpx._main: 15634 chars
    httpx._urlparse: 17719 chars
    httpx._api: 12927 chars
    httpx._utils: 13857 chars
    httpx._transports.default: 13289 chars
    httpx._config: 12203 chars
    httpx._auth: 11829 chars
    pydantic.types: 89470 chars
    pydantic.json_schema: 102806 chars
    pydantic.main: 65891 chars
    pydantic.fields: 45929 chars
    pydantic.config: 29138 chars
    pydantic.networks: 21214 chars
    pydantic.functional_validators: 23599 chars
    pydantic.color: 21492 chars
    pydantic.type_adapter: 18033 chars
    pydantic.functional_serializers: 14619 chars
    werkzeug.http: 43362 chars
    werkzeug.serving: 39331 chars
    werkzeug.datastructures.structures: 31760 chars
    werkzeug.routing.map: 36349 chars
    werkzeug.routing.rules: 31894 chars
    werkzeug.exceptions: 26061 chars
    werkzeug.wrappers.response: 32586 chars
    werkzeug.sansio.response: 27646 chars
    werkzeug.utils: 24653 chars
    werkzeug.wrappers.request: 24619 chars
    werkzeug.local: 22002 chars
    werkzeug.wsgi: 20893 chars
    starlette.routing: 35752 chars
    starlette.testclient: 29843 chars
    starlette.datastructures: 23348 chars
    starlette.responses: 12650 chars
    starlette.requests: 11196 chars
    starlette.formparsers: 10433 chars
    starlette.applications: 10922 chars
    starlette.middleware.errors: 7937 chars
    starlette.staticfiles: 8723 chars
    starlette.templating: 8984 chars
    starlette.middleware.base: 8794 chars
  Fetched 93/93 modules

Running 93 targets with 16 workers...
2026-05-29 12:05:38,472 INFO: CovBayes plan score=1.91 (predicts 4 uncovered fns)
2026-05-29 12:05:39,439 INFO: CovBayes plan score=1.68 (predicts 3 uncovered fns)
2026-05-29 12:05:40,130 INFO: CovBayes plan score=1.19 (predicts 2 uncovered fns)
2026-05-29 12:05:42,034 INFO: CovBayes plan score=1.69 (predicts 3 uncovered fns)
2026-05-29 12:05:42,248 INFO: CovBayes plan score=1.13 (predicts 1 uncovered fns)
2026-05-29 12:05:42,518 INFO: CovBayes plan score=2.70 (predicts 5 uncovered fns)
2026-05-29 12:05:42,622 INFO: CovBayes plan score=1.21 (predicts 2 uncovered fns)
2026-05-29 12:05:42,623 INFO: CovBayes plan score=3.16 (predicts 5 uncovered fns)
2026-05-29 12:05:42,642 INFO: CovBayes plan score=1.13 (predicts 1 uncovered fns)
2026-05-29 12:05:42,989 INFO: CovBayes plan score=0.73 (predicts 1 uncovered fns)
2026-05-29 12:05:43,011 INFO: CovBayes plan score=2.39 (predicts 4 uncovered fns)
2026-05-29 12:05:43,055 INFO: CovBayes plan score=1.13 (predicts 1 uncovered fns)
2026-05-29 12:05:43,544 INFO: CovBayes plan score=0.79 (predicts 1 uncovered fns)
2026-05-29 12:05:43,545 INFO: CovBayes plan score=1.31 (predicts 8 uncovered fns)
2026-05-29 12:05:43,852 INFO: CovBayes plan score=0.79 (predicts 1 uncovered fns)
2026-05-29 12:05:43,892 INFO: CovBayes plan score=1.90 (predicts 3 uncovered fns)
2026-05-29 12:05:44,163 INFO: CovBayes plan score=1.69 (predicts 3 uncovered fns)
2026-05-29 12:05:44,287 INFO: CovBayes plan score=0.79 (predicts 1 uncovered fns)
2026-05-29 12:05:44,494 INFO: CovBayes plan score=3.16 (predicts 5 uncovered fns)
2026-05-29 12:05:44,534 INFO: CovBayes plan score=2.38 (predicts 3 uncovered fns)
2026-05-29 12:05:44,667 INFO: CovBayes plan score=3.67 (predicts 7 uncovered fns)
2026-05-29 12:05:44,689 INFO: CovBayes plan score=1.71 (predicts 3 uncovered fns)
2026-05-29 12:05:44,974 INFO: CovBayes plan score=1.69 (predicts 3 uncovered fns)
2026-05-29 12:05:45,056 INFO: CovBayes plan score=0.91 (predicts 1 uncovered fns)
2026-05-29 12:05:45,188 INFO: CovBayes plan score=2.39 (predicts 4 uncovered fns)
2026-05-29 12:05:45,310 INFO: CovBayes plan score=0.91 (predicts 1 uncovered fns)
2026-05-29 12:05:45,510 INFO: CovBayes plan score=1.88 (predicts 3 uncovered fns)
2026-05-29 12:05:45,550 INFO: CovBayes plan score=0.91 (predicts 1 uncovered fns)
2026-05-29 12:05:45,630 INFO: CovBayes plan score=1.69 (predicts 3 uncovered fns)
2026-05-29 12:05:45,669 INFO: CovBayes plan score=3.29 (predicts 6 uncovered fns)
2026-05-29 12:05:45,687 INFO: CovBayes plan score=2.20 (predicts 4 uncovered fns)
2026-05-29 12:05:46,154 INFO: CovBayes plan score=3.16 (predicts 5 uncovered fns)
2026-05-29 12:05:46,361 INFO: CovBayes plan score=1.71 (predicts 3 uncovered fns)
2026-05-29 12:05:46,380 INFO: CovBayes plan score=2.97 (predicts 2 uncovered fns)
2026-05-29 12:05:46,486 INFO: CovBayes plan score=3.67 (predicts 7 uncovered fns)
2026-05-29 12:05:46,667 INFO: CovBayes plan score=2.32 (predicts 4 uncovered fns)
2026-05-29 12:05:46,920 INFO: CovBayes plan score=2.97 (predicts 2 uncovered fns)
2026-05-29 12:05:47,568 INFO: CovBayes plan score=2.97 (predicts 2 uncovered fns)
2026-05-29 12:05:47,979 INFO: CovBayes plan score=2.33 (predicts 4 uncovered fns)
2026-05-29 12:05:48,346 INFO: CovBayes plan score=3.77 (predicts 7 uncovered fns)
2026-05-29 12:05:48,678 INFO: CovBayes plan score=1.84 (predicts 3 uncovered fns)
2026-05-29 12:05:49,084 INFO: CovBayes plan score=1.77 (predicts 3 uncovered fns)
2026-05-29 12:05:49,515 INFO: CovBayes plan score=2.33 (predicts 4 uncovered fns)
2026-05-29 12:05:49,678 INFO: CovBayes plan score=1.77 (predicts 3 uncovered fns)
2026-05-29 12:05:50,255 INFO: CovBayes plan score=1.77 (predicts 3 uncovered fns)
2026-05-29 12:05:50,665 INFO: CovBayes plan score=0.60 (predicts 0 uncovered fns)
2026-05-29 12:05:52,910 INFO: CovBayes plan score=0.60 (predicts 0 uncovered fns)
2026-05-29 12:05:53,726 INFO: CovBayes plan score=0.60 (predicts 0 uncovered fns)
2026-05-29 12:05:57,856 INFO: CovBayes plan score=1.12 (predicts 2 uncovered fns)
2026-05-29 12:06:02,672 INFO: CovBayes plan score=0.15 (predicts 0 uncovered fns)
2026-05-29 12:06:03,762 INFO: CovBayes plan score=1.60 (predicts 3 uncovered fns)
2026-05-29 12:06:08,877 INFO: CovBayes plan score=0.63 (predicts 0 uncovered fns)
2026-05-29 12:06:11,102 INFO: CovBayes plan score=4.30 (predicts 7 uncovered fns)
2026-05-29 12:06:11,131 INFO: CovBayes plan score=0.39 (predicts 0 uncovered fns)
2026-05-29 12:06:11,886 INFO: CovBayes plan score=4.62 (predicts 8 uncovered fns)
2026-05-29 12:06:12,350 INFO: CovBayes plan score=4.30 (predicts 7 uncovered fns)
2026-05-29 12:06:12,594 INFO: CovBayes plan score=0.63 (predicts 0 uncovered fns)
2026-05-29 12:06:13,172 INFO: CovBayes plan score=0.39 (predicts 0 uncovered fns)
2026-05-29 12:06:13,197 INFO: CovBayes plan score=0.00 (predicts 6 uncovered fns)
2026-05-29 12:06:13,434 INFO: CovBayes plan score=0.20 (predicts 0 uncovered fns)
2026-05-29 12:06:13,460 INFO: CovBayes plan score=0.29 (predicts 0 uncovered fns)
2026-05-29 12:06:13,675 INFO: CovBayes plan score=0.39 (predicts 0 uncovered fns)
2026-05-29 12:06:13,775 INFO: CovBayes plan score=0.20 (predicts 0 uncovered fns)
2026-05-29 12:06:13,825 INFO: CovBayes plan score=0.29 (predicts 0 uncovered fns)
2026-05-29 12:06:14,112 INFO: CovBayes plan score=0.20 (predicts 0 uncovered fns)
2026-05-29 12:06:14,186 INFO: CovBayes plan score=0.29 (predicts 0 uncovered fns)
2026-05-29 12:06:15,818 INFO: CovBayes plan score=0.63 (predicts 0 uncovered fns)
2026-05-29 12:06:16,068 INFO: CovBayes plan score=1.01 (predicts 2 uncovered fns)
2026-05-29 12:06:16,342 INFO: CovBayes plan score=0.41 (predicts 0 uncovered fns)
2026-05-29 12:06:16,668 INFO: CovBayes plan score=0.41 (predicts 0 uncovered fns)
2026-05-29 12:06:16,691 INFO: CovBayes plan score=0.84 (predicts 2 uncovered fns)
2026-05-29 12:06:17,011 INFO: CovBayes plan score=0.41 (predicts 0 uncovered fns)
2026-05-29 12:06:17,143 INFO: CovBayes plan score=0.20 (predicts 0 uncovered fns)
2026-05-29 12:06:17,316 INFO: CovBayes plan score=1.01 (predicts 2 uncovered fns)
2026-05-29 12:06:17,402 INFO: CovBayes plan score=0.20 (predicts 0 uncovered fns)
2026-05-29 12:06:17,537 INFO: CovBayes plan score=0.50 (predicts 1 uncovered fns)
2026-05-29 12:06:17,650 INFO: CovBayes plan score=0.20 (predicts 0 uncovered fns)
2026-05-29 12:06:18,251 INFO: CovBayes plan score=1.08 (predicts 1 uncovered fns)
2026-05-29 12:06:18,442 INFO: CovBayes plan score=1.16 (predicts 3 uncovered fns)
2026-05-29 12:06:19,292 INFO: CovBayes plan score=1.08 (predicts 1 uncovered fns)
2026-05-29 12:06:19,706 INFO: CovBayes plan score=1.18 (predicts 2 uncovered fns)
2026-05-29 12:06:20,083 INFO: CovBayes plan score=0.09 (predicts 0 uncovered fns)
2026-05-29 12:06:20,574 INFO: CovBayes plan score=1.18 (predicts 2 uncovered fns)
2026-05-29 12:06:20,833 INFO: CovBayes plan score=0.18 (predicts 0 uncovered fns)
2026-05-29 12:06:21,108 INFO: CovBayes plan score=0.50 (predicts 1 uncovered fns)
2026-05-29 12:06:21,210 INFO: CovBayes plan score=1.92 (predicts 0 uncovered fns)
2026-05-29 12:06:21,897 INFO: CovBayes plan score=1.92 (predicts 0 uncovered fns)
2026-05-29 12:06:22,602 INFO: CovBayes plan score=1.92 (predicts 0 uncovered fns)
2026-05-29 12:06:22,974 INFO: CovBayes plan score=0.60 (predicts 0 uncovered fns)
2026-05-29 12:06:23,070 INFO: CovBayes plan score=1.27 (predicts 3 uncovered fns)
2026-05-29 12:06:23,091 INFO: CovBayes plan score=0.09 (predicts 0 uncovered fns)
2026-05-29 12:06:23,315 INFO: CovBayes plan score=0.60 (predicts 0 uncovered fns)
2026-05-29 12:06:23,786 INFO: CovBayes plan score=1.27 (predicts 3 uncovered fns)
2026-05-29 12:06:24,565 INFO: CovBayes plan score=1.27 (predicts 3 uncovered fns)
2026-05-29 12:06:24,873 INFO: CovBayes plan score=1.47 (predicts 2 uncovered fns)
2026-05-29 12:06:25,928 INFO: CovBayes plan score=0.78 (predicts 2 uncovered fns)
2026-05-29 12:06:26,791 INFO: CovBayes plan score=0.60 (predicts 0 uncovered fns)
2026-05-29 12:06:27,668 INFO: CovBayes plan score=0.14 (predicts 0 uncovered fns)
2026-05-29 12:06:32,031 INFO: CovBayes plan score=3.12 (predicts 7 uncovered fns)
2026-05-29 12:06:32,636 INFO: CovBayes plan score=3.12 (predicts 7 uncovered fns)
2026-05-29 12:06:33,308 INFO: CovBayes plan score=3.12 (predicts 7 uncovered fns)
2026-05-29 12:06:34,703 INFO: CovBayes plan score=0.14 (predicts 0 uncovered fns)
2026-05-29 12:06:34,917 INFO: CovBayes plan score=0.39 (predicts 0 uncovered fns)
2026-05-29 12:06:37,002 INFO: CovBayes plan score=0.39 (predicts 0 uncovered fns)
2026-05-29 12:06:39,122 INFO: CovBayes plan score=0.39 (predicts 0 uncovered fns)
2026-05-29 12:06:40,826 INFO: CovBayes plan score=0.20 (predicts 0 uncovered fns)
2026-05-29 12:06:40,940 INFO: CovBayes plan score=0.29 (predicts 0 uncovered fns)
2026-05-29 12:06:41,295 INFO: CovBayes plan score=0.29 (predicts 0 uncovered fns)
2026-05-29 12:06:41,729 INFO: CovBayes plan score=0.29 (predicts 0 uncovered fns)
2026-05-29 12:06:41,777 INFO: CovBayes plan score=0.20 (predicts 0 uncovered fns)
2026-05-29 12:06:42,102 INFO: CovBayes plan score=0.20 (predicts 0 uncovered fns)
2026-05-29 12:06:43,108 INFO: CovBayes plan score=0.63 (predicts 0 uncovered fns)
2026-05-29 12:06:44,679 INFO: CovBayes plan score=0.20 (predicts 0 uncovered fns)
2026-05-29 12:06:44,935 INFO: CovBayes plan score=0.20 (predicts 0 uncovered fns)
2026-05-29 12:06:46,073 INFO: CovBayes plan score=0.20 (predicts 0 uncovered fns)
2026-05-29 12:06:46,535 INFO: CovBayes plan score=0.41 (predicts 0 uncovered fns)
2026-05-29 12:06:46,836 INFO: CovBayes plan score=0.41 (predicts 0 uncovered fns)
2026-05-29 12:06:47,091 INFO: CovBayes plan score=0.63 (predicts 0 uncovered fns)
2026-05-29 12:06:47,141 INFO: CovBayes plan score=0.41 (predicts 0 uncovered fns)
2026-05-29 12:06:47,480 INFO: CovBayes plan score=1.11 (predicts 1 uncovered fns)
2026-05-29 12:06:47,976 INFO: CovBayes plan score=0.59 (predicts 1 uncovered fns)
2026-05-29 12:06:48,438 INFO: CovBayes plan score=0.35 (predicts 0 uncovered fns)
2026-05-29 12:06:48,488 INFO: CovBayes plan score=0.17 (predicts 0 uncovered fns)
2026-05-29 12:06:48,582 INFO: CovBayes plan score=0.66 (predicts 3 uncovered fns)
2026-05-29 12:06:49,065 INFO: CovBayes plan score=0.59 (predicts 1 uncovered fns)
2026-05-29 12:06:49,537 INFO: CovBayes plan score=1.65 (predicts 3 uncovered fns)
2026-05-29 12:06:51,574 INFO: CovBayes plan score=0.17 (predicts 0 uncovered fns)
2026-05-29 12:06:51,576 INFO: CovBayes plan score=2.54 (predicts 7 uncovered fns)
2026-05-29 12:06:51,992 INFO: CovBayes plan score=2.54 (predicts 7 uncovered fns)
2026-05-29 12:06:52,132 INFO: CovBayes plan score=0.80 (predicts 5 uncovered fns)
2026-05-29 12:06:52,382 INFO: CovBayes plan score=2.54 (predicts 7 uncovered fns)
2026-05-29 12:06:53,155 INFO: CovBayes plan score=1.92 (predicts 0 uncovered fns)
2026-05-29 12:06:53,816 INFO: CovBayes plan score=1.92 (predicts 0 uncovered fns)
2026-05-29 12:06:54,002 INFO: CovBayes plan score=0.27 (predicts 0 uncovered fns)
2026-05-29 12:06:54,048 INFO: CovBayes plan score=0.17 (predicts 0 uncovered fns)
2026-05-29 12:06:54,538 INFO: CovBayes plan score=1.92 (predicts 0 uncovered fns)
2026-05-29 12:06:54,811 INFO: CovBayes plan score=0.27 (predicts 0 uncovered fns)
2026-05-29 12:06:54,857 INFO: CovBayes plan score=0.00 (predicts 6 uncovered fns)
2026-05-29 12:06:55,673 INFO: CovBayes plan score=0.27 (predicts 0 uncovered fns)
2026-05-29 12:06:57,348 INFO: CovBayes plan score=0.09 (predicts 0 uncovered fns)
2026-05-29 12:06:57,372 INFO: CovBayes plan score=0.59 (predicts 0 uncovered fns)
2026-05-29 12:06:57,435 INFO: CovBayes plan score=0.60 (predicts 0 uncovered fns)
2026-05-29 12:06:57,711 INFO: CovBayes plan score=0.09 (predicts 0 uncovered fns)
2026-05-29 12:07:00,800 INFO: CovBayes plan score=0.13 (predicts 0 uncovered fns)
2026-05-29 12:07:00,801 INFO: CovBayes plan score=0.39 (predicts 0 uncovered fns)
2026-05-29 12:07:01,046 INFO: CovBayes plan score=0.60 (predicts 0 uncovered fns)
2026-05-29 12:07:01,404 INFO: CovBayes plan score=0.60 (predicts 0 uncovered fns)
2026-05-29 12:07:01,702 INFO: CovBayes plan score=0.39 (predicts 0 uncovered fns)
2026-05-29 12:07:01,751 INFO: CovBayes plan score=0.94 (predicts 3 uncovered fns)
2026-05-29 12:07:02,138 INFO: CovBayes plan score=0.39 (predicts 0 uncovered fns)
2026-05-29 12:07:02,682 INFO: CovBayes plan score=0.94 (predicts 3 uncovered fns)
2026-05-29 12:07:05,053 INFO: CovBayes plan score=0.59 (predicts 0 uncovered fns)
2026-05-29 12:07:06,713 INFO: CovBayes plan score=0.20 (predicts 0 uncovered fns)
2026-05-29 12:07:07,475 INFO: CovBayes plan score=0.20 (predicts 0 uncovered fns)
2026-05-29 12:07:08,325 INFO: CovBayes plan score=0.20 (predicts 0 uncovered fns)
2026-05-29 12:07:08,754 INFO: CovBayes plan score=0.29 (predicts 0 uncovered fns)
2026-05-29 12:07:09,103 INFO: CovBayes plan score=0.29 (predicts 0 uncovered fns)
2026-05-29 12:07:09,459 INFO: CovBayes plan score=0.29 (predicts 0 uncovered fns)
2026-05-29 12:07:12,490 INFO: CovBayes plan score=0.59 (predicts 0 uncovered fns)
2026-05-29 12:07:14,220 INFO: CovBayes plan score=0.86 (predicts 2 uncovered fns)
2026-05-29 12:07:14,830 INFO: CovBayes plan score=2.43 (predicts 8 uncovered fns)
2026-05-29 12:07:14,985 INFO: CovBayes plan score=0.41 (predicts 0 uncovered fns)
2026-05-29 12:07:15,144 INFO: CovBayes plan score=0.20 (predicts 0 uncovered fns)
2026-05-29 12:07:15,145 INFO: CovBayes plan score=1.15 (predicts 2 uncovered fns)
2026-05-29 12:07:15,340 INFO: CovBayes plan score=0.41 (predicts 0 uncovered fns)
2026-05-29 12:07:15,341 INFO: CovBayes plan score=2.19 (predicts 7 uncovered fns)
2026-05-29 12:07:15,543 INFO: CovBayes plan score=0.20 (predicts 0 uncovered fns)
2026-05-29 12:07:15,775 INFO: CovBayes plan score=0.41 (predicts 0 uncovered fns)
2026-05-29 12:07:15,800 INFO: CovBayes plan score=0.20 (predicts 0 uncovered fns)
2026-05-29 12:07:15,900 INFO: CovBayes plan score=2.19 (predicts 7 uncovered fns)
2026-05-29 12:07:16,518 INFO: CovBayes plan score=0.88 (predicts 1 uncovered fns)
2026-05-29 12:07:19,515 INFO: CovBayes plan score=1.13 (predicts 5 uncovered fns)
2026-05-29 12:07:19,516 INFO: CovBayes plan score=0.67 (predicts 1 uncovered fns)
2026-05-29 12:07:19,803 INFO: CovBayes plan score=0.63 (predicts 0 uncovered fns)
2026-05-29 12:07:20,340 INFO: CovBayes plan score=0.17 (predicts 0 uncovered fns)
2026-05-29 12:07:20,701 INFO: CovBayes plan score=0.82 (predicts 3 uncovered fns)
2026-05-29 12:07:21,599 INFO: CovBayes plan score=1.15 (predicts 3 uncovered fns)
2026-05-29 12:07:23,119 INFO: CovBayes plan score=0.39 (predicts 0 uncovered fns)
2026-05-29 12:07:23,164 INFO: CovBayes plan score=0.63 (predicts 0 uncovered fns)
2026-05-29 12:07:23,389 INFO: CovBayes plan score=0.27 (predicts 0 uncovered fns)
2026-05-29 12:07:23,856 INFO: CovBayes plan score=0.39 (predicts 0 uncovered fns)
2026-05-29 12:07:23,881 INFO: CovBayes plan score=0.09 (predicts 0 uncovered fns)
2026-05-29 12:07:24,257 INFO: CovBayes plan score=0.27 (predicts 0 uncovered fns)
2026-05-29 12:07:24,477 INFO: CovBayes plan score=1.92 (predicts 0 uncovered fns)
2026-05-29 12:07:24,653 INFO: CovBayes plan score=0.17 (predicts 0 uncovered fns)
2026-05-29 12:07:25,092 INFO: CovBayes plan score=0.27 (predicts 0 uncovered fns)
2026-05-29 12:07:25,164 INFO: CovBayes plan score=1.92 (predicts 0 uncovered fns)
2026-05-29 12:07:25,292 INFO: CovBayes plan score=0.39 (predicts 0 uncovered fns)
2026-05-29 12:07:25,732 INFO: CovBayes plan score=0.00 (predicts 6 uncovered fns)
2026-05-29 12:07:25,817 INFO: CovBayes plan score=1.92 (predicts 0 uncovered fns)
2026-05-29 12:07:27,189 INFO: CovBayes plan score=0.17 (predicts 0 uncovered fns)
2026-05-29 12:07:27,745 INFO: CovBayes plan score=0.76 (predicts 3 uncovered fns)
2026-05-29 12:07:28,072 INFO: CovBayes plan score=0.32 (predicts 1 uncovered fns)
2026-05-29 12:07:28,634 INFO: CovBayes plan score=0.09 (predicts 0 uncovered fns)
2026-05-29 12:07:29,034 INFO: CovBayes plan score=0.76 (predicts 3 uncovered fns)
2026-05-29 12:07:29,706 INFO: CovBayes plan score=0.20 (predicts 0 uncovered fns)
2026-05-29 12:07:29,992 INFO: CovBayes plan score=0.20 (predicts 0 uncovered fns)
2026-05-29 12:07:30,293 INFO: CovBayes plan score=0.20 (predicts 0 uncovered fns)
2026-05-29 12:07:32,715 INFO: CovBayes plan score=0.60 (predicts 0 uncovered fns)
2026-05-29 12:07:35,077 INFO: CovBayes plan score=0.29 (predicts 0 uncovered fns)
2026-05-29 12:07:35,568 INFO: CovBayes plan score=0.29 (predicts 0 uncovered fns)
2026-05-29 12:07:35,569 INFO: CovBayes plan score=1.95 (predicts 7 uncovered fns)
2026-05-29 12:07:35,937 INFO: CovBayes plan score=0.29 (predicts 0 uncovered fns)
2026-05-29 12:07:36,119 INFO: CovBayes plan score=1.95 (predicts 7 uncovered fns)
2026-05-29 12:07:36,570 INFO: CovBayes plan score=1.95 (predicts 7 uncovered fns)
2026-05-29 12:07:37,074 INFO: CovBayes plan score=0.60 (predicts 0 uncovered fns)
2026-05-29 12:07:37,624 INFO: CovBayes plan score=0.60 (predicts 0 uncovered fns)
2026-05-29 12:07:39,833 INFO: CovBayes plan score=0.59 (predicts 0 uncovered fns)
2026-05-29 12:07:41,398 INFO: CovBayes plan score=0.59 (predicts 0 uncovered fns)
2026-05-29 12:07:43,070 INFO: CovBayes plan score=0.00 (predicts 13 uncovered fns)
2026-05-29 12:07:43,124 INFO: CovBayes plan score=0.59 (predicts 0 uncovered fns)
2026-05-29 12:07:43,345 INFO: CovBayes plan score=0.20 (predicts 0 uncovered fns)
2026-05-29 12:07:43,730 INFO: CovBayes plan score=0.41 (predicts 0 uncovered fns)
2026-05-29 12:07:44,062 INFO: CovBayes plan score=0.41 (predicts 0 uncovered fns)
2026-05-29 12:07:44,390 INFO: CovBayes plan score=0.41 (predicts 0 uncovered fns)
2026-05-29 12:07:44,553 INFO: CovBayes plan score=0.20 (predicts 0 uncovered fns)
2026-05-29 12:07:47,129 INFO: CovBayes plan score=0.39 (predicts 0 uncovered fns)
2026-05-29 12:07:47,831 INFO: CovBayes plan score=0.15 (predicts 2 uncovered fns)
2026-05-29 12:07:48,756 INFO: CovBayes plan score=0.15 (predicts 2 uncovered fns)
2026-05-29 12:07:48,955 INFO: CovBayes plan score=0.39 (predicts 0 uncovered fns)
2026-05-29 12:07:49,361 INFO: CovBayes plan score=0.39 (predicts 0 uncovered fns)
2026-05-29 12:07:49,428 INFO: CovBayes plan score=0.41 (predicts 2 uncovered fns)
2026-05-29 12:07:51,713 INFO: CovBayes plan score=0.64 (predicts 3 uncovered fns)
2026-05-29 12:07:54,427 INFO: CovBayes plan score=1.92 (predicts 0 uncovered fns)
2026-05-29 12:07:54,452 INFO: CovBayes plan score=0.62 (predicts 0 uncovered fns)
2026-05-29 12:07:54,655 INFO: CovBayes plan score=0.27 (predicts 0 uncovered fns)
2026-05-29 12:07:54,793 INFO: CovBayes plan score=0.12 (predicts 0 uncovered fns)
2026-05-29 12:07:55,037 INFO: CovBayes plan score=0.17 (predicts 0 uncovered fns)
2026-05-29 12:07:55,226 INFO: CovBayes plan score=1.92 (predicts 0 uncovered fns)
2026-05-29 12:07:55,368 INFO: CovBayes plan score=0.09 (predicts 0 uncovered fns)
2026-05-29 12:07:55,574 INFO: CovBayes plan score=0.48 (predicts 2 uncovered fns)
2026-05-29 12:07:55,622 INFO: CovBayes plan score=0.27 (predicts 0 uncovered fns)
2026-05-29 12:07:55,878 INFO: CovBayes plan score=1.79 (predicts 7 uncovered fns)
2026-05-29 12:07:56,163 INFO: CovBayes plan score=1.92 (predicts 0 uncovered fns)
2026-05-29 12:07:56,335 INFO: CovBayes plan score=0.20 (predicts 0 uncovered fns)
2026-05-29 12:07:56,382 INFO: CovBayes plan score=1.79 (predicts 7 uncovered fns)
2026-05-29 12:07:56,650 INFO: CovBayes plan score=0.27 (predicts 0 uncovered fns)
2026-05-29 12:07:56,835 INFO: CovBayes plan score=1.79 (predicts 7 uncovered fns)
2026-05-29 12:07:57,101 INFO: CovBayes plan score=0.20 (predicts 0 uncovered fns)
2026-05-29 12:07:57,444 INFO: CovBayes plan score=0.00 (predicts 6 uncovered fns)
2026-05-29 12:07:57,930 INFO: CovBayes plan score=0.33 (predicts 0 uncovered fns)
2026-05-29 12:07:58,102 INFO: CovBayes plan score=0.17 (predicts 0 uncovered fns)
2026-05-29 12:07:59,205 INFO: CovBayes plan score=0.00 (predicts 6 uncovered fns)
2026-05-29 12:07:59,462 INFO: CovBayes plan score=0.20 (predicts 0 uncovered fns)
2026-05-29 12:08:00,056 INFO: CovBayes plan score=0.62 (predicts 0 uncovered fns)
2026-05-29 12:08:00,691 INFO: CovBayes plan score=0.17 (predicts 0 uncovered fns)
2026-05-29 12:08:02,322 INFO: CovBayes plan score=0.62 (predicts 0 uncovered fns)
2026-05-29 12:08:02,580 INFO: CovBayes plan score=0.29 (predicts 0 uncovered fns)
2026-05-29 12:08:02,957 INFO: CovBayes plan score=3.58 (predicts 9 uncovered fns)
2026-05-29 12:08:02,957 INFO: CovBayes plan score=0.29 (predicts 0 uncovered fns)
2026-05-29 12:08:03,304 INFO: CovBayes plan score=0.29 (predicts 0 uncovered fns)
2026-05-29 12:08:07,611 INFO: CovBayes plan score=0.20 (predicts 0 uncovered fns)
2026-05-29 12:08:07,967 INFO: CovBayes plan score=0.20 (predicts 0 uncovered fns)
2026-05-29 12:08:08,615 INFO: CovBayes plan score=0.20 (predicts 0 uncovered fns)
2026-05-29 12:08:08,668 INFO: CovBayes plan score=0.41 (predicts 0 uncovered fns)
2026-05-29 12:08:08,967 INFO: CovBayes plan score=0.41 (predicts 0 uncovered fns)
2026-05-29 12:08:09,279 INFO: CovBayes plan score=0.41 (predicts 0 uncovered fns)
2026-05-29 12:08:10,057 INFO: CovBayes plan score=0.60 (predicts 0 uncovered fns)
2026-05-29 12:08:10,498 INFO: CovBayes plan score=0.60 (predicts 0 uncovered fns)
2026-05-29 12:08:11,883 INFO: CovBayes plan score=0.39 (predicts 0 uncovered fns)
2026-05-29 12:08:12,736 INFO: CovBayes plan score=0.59 (predicts 0 uncovered fns)
2026-05-29 12:08:13,146 INFO: CovBayes plan score=0.33 (predicts 0 uncovered fns)
2026-05-29 12:08:13,297 INFO: CovBayes plan score=0.39 (predicts 0 uncovered fns)
2026-05-29 12:08:13,655 INFO: CovBayes plan score=0.18 (predicts 1 uncovered fns)
2026-05-29 12:08:14,752 INFO: CovBayes plan score=0.39 (predicts 0 uncovered fns)
2026-05-29 12:08:15,100 INFO: CovBayes plan score=0.60 (predicts 0 uncovered fns)
2026-05-29 12:08:17,172 INFO: CovBayes plan score=0.00 (predicts 12 uncovered fns)
2026-05-29 12:08:17,609 INFO: CovBayes plan score=1.07 (predicts 2 uncovered fns)
2026-05-29 12:08:17,892 INFO: CovBayes plan score=0.18 (predicts 1 uncovered fns)
2026-05-29 12:08:21,953 INFO: CovBayes plan score=0.27 (predicts 0 uncovered fns)
2026-05-29 12:08:22,144 INFO: CovBayes plan score=1.85 (predicts 8 uncovered fns)
2026-05-29 12:08:22,889 INFO: CovBayes plan score=0.27 (predicts 0 uncovered fns)
2026-05-29 12:08:22,939 INFO: CovBayes plan score=0.42 (predicts 2 uncovered fns)
2026-05-29 12:08:23,112 INFO: CovBayes plan score=0.59 (predicts 0 uncovered fns)
2026-05-29 12:08:23,761 INFO: CovBayes plan score=0.27 (predicts 0 uncovered fns)
2026-05-29 12:08:23,837 INFO: CovBayes plan score=1.92 (predicts 0 uncovered fns)
2026-05-29 12:08:24,308 INFO: CovBayes plan score=0.20 (predicts 0 uncovered fns)
2026-05-29 12:08:24,618 INFO: CovBayes plan score=0.20 (predicts 0 uncovered fns)
2026-05-29 12:08:24,668 INFO: CovBayes plan score=1.92 (predicts 0 uncovered fns)
2026-05-29 12:08:24,726 INFO: CovBayes plan score=0.12 (predicts 0 uncovered fns)
2026-05-29 12:08:24,970 INFO: CovBayes plan score=0.20 (predicts 0 uncovered fns)
2026-05-29 12:08:25,397 INFO: CovBayes plan score=1.92 (predicts 0 uncovered fns)
2026-05-29 12:08:25,643 INFO: CovBayes plan score=0.56 (predicts 3 uncovered fns)
2026-05-29 12:08:25,839 INFO: CovBayes plan score=1.66 (predicts 7 uncovered fns)
2026-05-29 12:08:26,541 INFO: CovBayes plan score=1.85 (predicts 8 uncovered fns)
2026-05-29 12:08:28,193 INFO: CovBayes plan score=0.87 (predicts 1 uncovered fns)
2026-05-29 12:08:28,216 INFO: CovBayes plan score=0.29 (predicts 0 uncovered fns)
2026-05-29 12:08:28,547 INFO: CovBayes plan score=0.17 (predicts 0 uncovered fns)
2026-05-29 12:08:28,569 INFO: CovBayes plan score=0.29 (predicts 0 uncovered fns)
2026-05-29 12:08:28,910 INFO: CovBayes plan score=0.29 (predicts 0 uncovered fns)
2026-05-29 12:08:28,977 INFO: CovBayes plan score=1.20 (predicts 2 uncovered fns)
2026-05-29 12:08:29,920 INFO: CovBayes plan score=0.00 (predicts 6 uncovered fns)
2026-05-29 12:08:30,208 INFO: CovBayes plan score=0.09 (predicts 0 uncovered fns)
2026-05-29 12:08:31,461 INFO: CovBayes plan score=0.17 (predicts 0 uncovered fns)
2026-05-29 12:08:31,861 INFO: CovBayes plan score=0.00 (predicts 6 uncovered fns)
2026-05-29 12:08:33,674 INFO: CovBayes plan score=0.62 (predicts 0 uncovered fns)
2026-05-29 12:08:33,998 INFO: CovBayes plan score=0.20 (predicts 0 uncovered fns)
2026-05-29 12:08:34,041 INFO: CovBayes plan score=0.17 (predicts 0 uncovered fns)
2026-05-29 12:08:34,203 INFO: CovBayes plan score=0.41 (predicts 0 uncovered fns)
2026-05-29 12:08:34,227 INFO: CovBayes plan score=0.20 (predicts 0 uncovered fns)
2026-05-29 12:08:34,490 INFO: CovBayes plan score=0.20 (predicts 0 uncovered fns)
2026-05-29 12:08:34,512 INFO: CovBayes plan score=0.41 (predicts 0 uncovered fns)
2026-05-29 12:08:34,783 INFO: CovBayes plan score=0.41 (predicts 0 uncovered fns)
2026-05-29 12:08:35,002 INFO: CovBayes plan score=0.39 (predicts 0 uncovered fns)
  [1/93] click.types seed=42: {'cov_bayes': 11}
2026-05-29 12:08:36,061 INFO: CovBayes plan score=0.39 (predicts 0 uncovered fns)
2026-05-29 12:08:37,283 INFO: CovBayes plan score=0.32 (predicts 1 uncovered fns)
2026-05-29 12:08:37,284 INFO: CovBayes plan score=0.39 (predicts 0 uncovered fns)
2026-05-29 12:08:40,141 INFO: CovBayes plan score=0.28 (predicts 0 uncovered fns)
2026-05-29 12:08:40,307 INFO: CovBayes plan score=0.00 (predicts 12 uncovered fns)
  [2/93] click.utils seed=42: {'cov_bayes': 19}
2026-05-29 12:08:44,128 INFO: CovBayes plan score=0.00 (predicts 12 uncovered fns)
2026-05-29 12:08:44,322 INFO: CovBayes plan score=0.60 (predicts 0 uncovered fns)
2026-05-29 12:08:44,940 INFO: CovBayes plan score=0.60 (predicts 0 uncovered fns)
2026-05-29 12:08:46,402 INFO: CovBayes plan score=0.28 (predicts 0 uncovered fns)
2026-05-29 12:08:47,304 INFO: CovBayes plan score=1.01 (predicts 1 uncovered fns)
2026-05-29 12:08:47,657 INFO: CovBayes plan score=1.01 (predicts 1 uncovered fns)
2026-05-29 12:08:48,027 INFO: CovBayes plan score=1.01 (predicts 1 uncovered fns)
2026-05-29 12:08:48,331 INFO: CovBayes plan score=0.12 (predicts 0 uncovered fns)
2026-05-29 12:08:48,711 INFO: CovBayes plan score=0.12 (predicts 0 uncovered fns)
2026-05-29 12:08:48,915 INFO: CovBayes plan score=0.60 (predicts 0 uncovered fns)
2026-05-29 12:08:50,905 INFO: CovBayes plan score=0.27 (predicts 0 uncovered fns)
2026-05-29 12:08:51,813 INFO: CovBayes plan score=0.27 (predicts 0 uncovered fns)
2026-05-29 12:08:52,093 INFO: CovBayes plan score=0.20 (predicts 0 uncovered fns)
2026-05-29 12:08:52,655 INFO: CovBayes plan score=0.27 (predicts 0 uncovered fns)
2026-05-29 12:08:52,855 INFO: CovBayes plan score=0.20 (predicts 0 uncovered fns)
2026-05-29 12:08:53,059 INFO: CovBayes plan score=0.12 (predicts 0 uncovered fns)
2026-05-29 12:08:53,611 INFO: CovBayes plan score=0.20 (predicts 0 uncovered fns)
2026-05-29 12:08:55,762 INFO: CovBayes plan score=0.59 (predicts 0 uncovered fns)
2026-05-29 12:08:56,048 INFO: CovBayes plan score=0.29 (predicts 0 uncovered fns)
2026-05-29 12:08:56,353 INFO: CovBayes plan score=0.59 (predicts 0 uncovered fns)
2026-05-29 12:08:56,481 INFO: CovBayes plan score=0.29 (predicts 0 uncovered fns)
2026-05-29 12:08:56,759 INFO: CovBayes plan score=1.92 (predicts 0 uncovered fns)
2026-05-29 12:08:56,808 INFO: CovBayes plan score=0.29 (predicts 0 uncovered fns)
2026-05-29 12:08:57,228 INFO: CovBayes plan score=0.28 (predicts 0 uncovered fns)
2026-05-29 12:08:57,422 INFO: CovBayes plan score=1.92 (predicts 0 uncovered fns)
2026-05-29 12:08:58,064 INFO: CovBayes plan score=1.92 (predicts 0 uncovered fns)
2026-05-29 12:08:58,682 INFO: CovBayes plan score=0.81 (predicts 1 uncovered fns)
2026-05-29 12:08:59,087 INFO: CovBayes plan score=0.81 (predicts 1 uncovered fns)
  [3/93] click.formatting seed=42: {'cov_bayes': 29}
  [4/93] requests.auth seed=42: {'cov_bayes': 49}
2026-05-29 12:09:01,431 INFO: CovBayes plan score=0.17 (predicts 0 uncovered fns)
2026-05-29 12:09:01,715 INFO: CovBayes plan score=0.20 (predicts 0 uncovered fns)
2026-05-29 12:09:01,957 INFO: CovBayes plan score=0.20 (predicts 0 uncovered fns)
2026-05-29 12:09:02,206 INFO: CovBayes plan score=0.20 (predicts 0 uncovered fns)
2026-05-29 12:09:02,612 INFO: CovBayes plan score=1.07 (predicts 1 uncovered fns)
2026-05-29 12:09:02,752 INFO: CovBayes plan score=0.62 (predicts 0 uncovered fns)
2026-05-29 12:09:03,217 INFO: CovBayes plan score=0.00 (predicts 6 uncovered fns)
  [5/93] click.parser seed=42: {'cov_bayes': 21}
2026-05-29 12:09:03,425 INFO: CovBayes plan score=0.41 (predicts 0 uncovered fns)
2026-05-29 12:09:03,976 INFO: CovBayes plan score=0.41 (predicts 0 uncovered fns)
2026-05-29 12:09:04,025 INFO: CovBayes plan score=0.95 (predicts 1 uncovered fns)
2026-05-29 12:09:04,304 INFO: CovBayes plan score=0.41 (predicts 0 uncovered fns)
2026-05-29 12:09:04,398 INFO: CovBayes plan score=0.95 (predicts 1 uncovered fns)
2026-05-29 12:09:04,621 INFO: CovBayes plan score=0.17 (predicts 0 uncovered fns)
2026-05-29 12:09:04,766 INFO: CovBayes plan score=0.95 (predicts 1 uncovered fns)
2026-05-29 12:09:06,631 INFO: CovBayes plan score=0.15 (predicts 0 uncovered fns)
2026-05-29 12:09:07,194 INFO: CovBayes plan score=0.09 (predicts 0 uncovered fns)
2026-05-29 12:09:07,195 INFO: CovBayes plan score=0.17 (predicts 0 uncovered fns)
2026-05-29 12:09:07,217 INFO: CovBayes plan score=0.51 (predicts 0 uncovered fns)
2026-05-29 12:09:08,502 INFO: CovBayes plan score=0.15 (predicts 0 uncovered fns)
2026-05-29 12:09:08,882 INFO: CovBayes plan score=0.00 (predicts 6 uncovered fns)
2026-05-29 12:09:09,911 INFO: CovBayes plan score=0.15 (predicts 0 uncovered fns)
2026-05-29 12:09:10,423 INFO: CovBayes plan score=0.51 (predicts 0 uncovered fns)
  [6/93] requests.sessions seed=42: {'cov_bayes': 13}
2026-05-29 12:09:11,750 INFO: CovBayes plan score=0.51 (predicts 0 uncovered fns)
2026-05-29 12:09:14,481 INFO: CovBayes plan score=0.60 (predicts 0 uncovered fns)
2026-05-29 12:09:14,956 INFO: CovBayes plan score=0.60 (predicts 0 uncovered fns)
2026-05-29 12:09:16,085 INFO: CovBayes plan score=2.33 (predicts 4 uncovered fns)
  [7/93] click.testing seed=42: {'cov_bayes': 37}
2026-05-29 12:09:16,846 INFO: CovBayes plan score=1.68 (predicts 3 uncovered fns)
2026-05-29 12:09:17,945 INFO: CovBayes plan score=2.82 (predicts 5 uncovered fns)
2026-05-29 12:09:17,971 INFO: CovBayes plan score=1.68 (predicts 3 uncovered fns)
2026-05-29 12:09:17,996 INFO: CovBayes plan score=0.60 (predicts 0 uncovered fns)
2026-05-29 12:09:18,692 INFO: CovBayes plan score=2.27 (predicts 3 uncovered fns)
2026-05-29 12:09:18,958 INFO: CovBayes plan score=1.18 (predicts 3 uncovered fns)
2026-05-29 12:09:19,518 INFO: CovBayes plan score=2.33 (predicts 4 uncovered fns)
2026-05-29 12:09:19,982 INFO: CovBayes plan score=0.27 (predicts 0 uncovered fns)
2026-05-29 12:09:20,362 INFO: CovBayes plan score=1.74 (predicts 5 uncovered fns)
2026-05-29 12:09:20,818 INFO: CovBayes plan score=0.27 (predicts 0 uncovered fns)
2026-05-29 12:09:21,005 INFO: CovBayes plan score=1.78 (predicts 2 uncovered fns)
2026-05-29 12:09:21,610 INFO: CovBayes plan score=0.27 (predicts 0 uncovered fns)
2026-05-29 12:09:25,770 INFO: CovBayes plan score=1.92 (predicts 0 uncovered fns)
2026-05-29 12:09:26,134 INFO: CovBayes plan score=1.92 (predicts 0 uncovered fns)
2026-05-29 12:09:26,730 INFO: CovBayes plan score=0.28 (predicts 0 uncovered fns)
2026-05-29 12:09:26,831 INFO: CovBayes plan score=1.92 (predicts 0 uncovered fns)
2026-05-29 12:09:28,610 INFO: CovBayes plan score=1.63 (predicts 3 uncovered fns)
  [8/93] click.decorators seed=42: {'cov_bayes': 23}
2026-05-29 12:09:28,926 INFO: CovBayes plan score=0.39 (predicts 0 uncovered fns)
2026-05-29 12:09:29,281 INFO: CovBayes plan score=0.39 (predicts 0 uncovered fns)
2026-05-29 12:09:29,631 INFO: CovBayes plan score=1.63 (predicts 3 uncovered fns)
2026-05-29 12:09:29,685 INFO: CovBayes plan score=0.39 (predicts 0 uncovered fns)
2026-05-29 12:09:30,067 INFO: CovBayes plan score=0.62 (predicts 0 uncovered fns)
2026-05-29 12:09:30,714 INFO: CovBayes plan score=2.12 (predicts 4 uncovered fns)
2026-05-29 12:09:30,935 INFO: CovBayes plan score=0.82 (predicts 1 uncovered fns)
2026-05-29 12:09:32,355 INFO: CovBayes plan score=0.28 (predicts 0 uncovered fns)
2026-05-29 12:09:33,625 INFO: CovBayes plan score=0.17 (predicts 0 uncovered fns)
  [9/93] click.core seed=42: {'cov_bayes': 69}
2026-05-29 12:09:34,813 INFO: CovBayes plan score=0.62 (predicts 0 uncovered fns)
2026-05-29 12:09:35,526 INFO: CovBayes plan score=0.17 (predicts 0 uncovered fns)
2026-05-29 12:09:36,354 INFO: CovBayes plan score=0.00 (predicts 6 uncovered fns)
2026-05-29 12:09:36,664 INFO: CovBayes plan score=0.28 (predicts 0 uncovered fns)
2026-05-29 12:09:37,168 INFO: CovBayes plan score=0.98 (predicts 1 uncovered fns)
2026-05-29 12:09:37,824 INFO: CovBayes plan score=1.46 (predicts 2 uncovered fns)
2026-05-29 12:09:37,954 INFO: CovBayes plan score=0.62 (predicts 0 uncovered fns)
2026-05-29 12:09:38,004 INFO: CovBayes plan score=0.17 (predicts 0 uncovered fns)
2026-05-29 12:09:39,279 INFO: CovBayes plan score=1.28 (predicts 2 uncovered fns)
2026-05-29 12:09:39,665 INFO: CovBayes plan score=0.32 (predicts 0 uncovered fns)
2026-05-29 12:09:40,137 INFO: CovBayes plan score=0.50 (predicts 0 uncovered fns)
2026-05-29 12:09:40,297 INFO: CovBayes plan score=1.77 (predicts 3 uncovered fns)
2026-05-29 12:09:41,198 INFO: CovBayes plan score=0.12 (predicts 32 uncovered fns)
2026-05-29 12:09:42,317 INFO: CovBayes plan score=0.67 (predicts 1 uncovered fns)
2026-05-29 12:09:42,361 INFO: CovBayes plan score=0.09 (predicts 0 uncovered fns)
2026-05-29 12:09:42,640 INFO: CovBayes plan score=0.67 (predicts 1 uncovered fns)
2026-05-29 12:09:42,918 INFO: CovBayes plan score=0.67 (predicts 1 uncovered fns)
2026-05-29 12:09:42,983 INFO: CovBayes plan score=0.58 (predicts 0 uncovered fns)
2026-05-29 12:09:43,295 INFO: CovBayes plan score=0.51 (predicts 0 uncovered fns)
2026-05-29 12:09:44,058 INFO: CovBayes plan score=0.00 (predicts 6 uncovered fns)
2026-05-29 12:09:44,425 INFO: CovBayes plan score=0.74 (predicts 2 uncovered fns)
2026-05-29 12:09:45,207 INFO: CovBayes plan score=0.17 (predicts 0 uncovered fns)
  [10/93] click.exceptions seed=42: {'cov_bayes': 13}
2026-05-29 12:09:46,134 INFO: CovBayes plan score=0.17 (predicts 0 uncovered fns)
  [11/93] requests.models seed=42: {'cov_bayes': 28}
2026-05-29 12:09:47,013 INFO: CovBayes plan score=0.60 (predicts 0 uncovered fns)
2026-05-29 12:09:47,156 INFO: CovBayes plan score=0.17 (predicts 0 uncovered fns)
2026-05-29 12:09:47,335 INFO: CovBayes plan score=0.60 (predicts 0 uncovered fns)
2026-05-29 12:09:47,658 INFO: CovBayes plan score=0.60 (predicts 0 uncovered fns)
2026-05-29 12:09:51,001 INFO: CovBayes plan score=0.33 (predicts 10 uncovered fns)
2026-05-29 12:09:51,516 INFO: CovBayes plan score=0.79 (predicts 2 uncovered fns)
2026-05-29 12:09:52,715 INFO: CovBayes plan score=0.39 (predicts 0 uncovered fns)
  [12/93] requests.adapters seed=42: {'cov_bayes': 62}
2026-05-29 12:09:52,878 INFO: CovBayes plan score=0.45 (predicts 2 uncovered fns)
2026-05-29 12:09:53,200 INFO: CovBayes plan score=0.50 (predicts 18 uncovered fns)
2026-05-29 12:09:53,249 INFO: CovBayes plan score=0.39 (predicts 0 uncovered fns)
2026-05-29 12:09:53,431 INFO: CovBayes plan score=0.51 (predicts 0 uncovered fns)
2026-05-29 12:09:53,655 INFO: CovBayes plan score=0.39 (predicts 0 uncovered fns)
2026-05-29 12:09:55,122 INFO: CovBayes plan score=0.51 (predicts 0 uncovered fns)
  [13/93] requests.utils seed=42: {'cov_bayes': 5}
2026-05-29 12:09:58,185 INFO: CovBayes plan score=2.64 (predicts 5 uncovered fns)
2026-05-29 12:09:59,235 INFO: CovBayes plan score=0.59 (predicts 2 uncovered fns)
2026-05-29 12:09:59,555 INFO: CovBayes plan score=2.15 (predicts 4 uncovered fns)
2026-05-29 12:10:00,169 INFO: CovBayes plan score=1.18 (predicts 2 uncovered fns)
2026-05-29 12:10:04,434 INFO: CovBayes plan score=2.56 (predicts 2 uncovered fns)
2026-05-29 12:10:04,682 INFO: CovBayes plan score=1.62 (predicts 3 uncovered fns)
2026-05-29 12:10:05,543 INFO: CovBayes plan score=1.62 (predicts 3 uncovered fns)
2026-05-29 12:10:06,434 INFO: CovBayes plan score=0.53 (predicts 1 uncovered fns)
2026-05-29 12:10:06,544 INFO: CovBayes plan score=1.62 (predicts 3 uncovered fns)
  [14/93] click.termui seed=42: {'cov_bayes': 22}
2026-05-29 12:10:06,747 INFO: CovBayes plan score=0.28 (predicts 0 uncovered fns)
2026-05-29 12:10:06,892 INFO: CovBayes plan score=5.95 (predicts 8 uncovered fns)
2026-05-29 12:10:08,805 INFO: CovBayes plan score=4.50 (predicts 6 uncovered fns)
2026-05-29 12:10:09,617 INFO: CovBayes plan score=1.14 (predicts 2 uncovered fns)
2026-05-29 12:10:09,947 INFO: CovBayes plan score=1.14 (predicts 2 uncovered fns)
2026-05-29 12:10:10,228 INFO: CovBayes plan score=0.58 (predicts 0 uncovered fns)
2026-05-29 12:10:10,354 INFO: CovBayes plan score=1.14 (predicts 2 uncovered fns)
2026-05-29 12:10:10,898 INFO: CovBayes plan score=0.17 (predicts 0 uncovered fns)
2026-05-29 12:10:11,777 INFO: CovBayes plan score=0.17 (predicts 0 uncovered fns)
2026-05-29 12:10:12,413 INFO: CovBayes plan score=0.86 (predicts 2 uncovered fns)
2026-05-29 12:10:12,671 INFO: CovBayes plan score=0.17 (predicts 0 uncovered fns)
2026-05-29 12:10:12,924 INFO: CovBayes plan score=0.62 (predicts 2 uncovered fns)
2026-05-29 12:10:13,415 INFO: CovBayes plan score=0.62 (predicts 2 uncovered fns)
2026-05-29 12:10:13,880 INFO: CovBayes plan score=0.28 (predicts 0 uncovered fns)
2026-05-29 12:10:16,196 INFO: CovBayes plan score=0.51 (predicts 0 uncovered fns)
2026-05-29 12:10:16,313 INFO: CovBayes plan score=2.73 (predicts 6 uncovered fns)
2026-05-29 12:10:16,623 INFO: CovBayes plan score=2.86 (predicts 4 uncovered fns)
2026-05-29 12:10:16,868 INFO: CovBayes plan score=0.39 (predicts 0 uncovered fns)
2026-05-29 12:10:17,191 INFO: CovBayes plan score=0.39 (predicts 0 uncovered fns)
2026-05-29 12:10:17,382 INFO: CovBayes plan score=2.37 (predicts 3 uncovered fns)
2026-05-29 12:10:17,636 INFO: CovBayes plan score=0.39 (predicts 0 uncovered fns)
2026-05-29 12:10:18,236 INFO: CovBayes plan score=1.42 (predicts 0 uncovered fns)
2026-05-29 12:10:18,323 INFO: CovBayes plan score=0.58 (predicts 0 uncovered fns)
2026-05-29 12:10:18,420 INFO: CovBayes plan score=2.86 (predicts 4 uncovered fns)
2026-05-29 12:10:19,359 INFO: CovBayes plan score=0.40 (predicts 20 uncovered fns)
2026-05-29 12:10:20,077 INFO: CovBayes plan score=0.29 (predicts 0 uncovered fns)
2026-05-29 12:10:20,122 INFO: CovBayes plan score=0.51 (predicts 0 uncovered fns)
  [15/93] click.shell_completion seed=42: {'cov_bayes': 10}
2026-05-29 12:10:21,579 INFO: CovBayes plan score=0.94 (predicts 2 uncovered fns)
2026-05-29 12:10:21,871 INFO: CovBayes plan score=0.51 (predicts 0 uncovered fns)
2026-05-29 12:10:22,305 INFO: CovBayes plan score=1.42 (predicts 0 uncovered fns)
2026-05-29 12:10:22,582 INFO: CovBayes plan score=0.27 (predicts 1 uncovered fns)
2026-05-29 12:10:23,519 INFO: CovBayes plan score=0.83 (predicts 1 uncovered fns)
2026-05-29 12:10:23,825 INFO: CovBayes plan score=0.83 (predicts 1 uncovered fns)
2026-05-29 12:10:24,134 INFO: CovBayes plan score=0.83 (predicts 1 uncovered fns)
2026-05-29 12:10:24,638 INFO: CovBayes plan score=0.24 (predicts 1 uncovered fns)
2026-05-29 12:10:24,763 INFO: CovBayes plan score=0.20 (predicts 28 uncovered fns)
2026-05-29 12:10:27,242 INFO: CovBayes plan score=1.42 (predicts 0 uncovered fns)
2026-05-29 12:10:27,315 INFO: CovBayes plan score=0.58 (predicts 0 uncovered fns)
2026-05-29 12:10:28,715 INFO: CovBayes plan score=0.00 (predicts 7 uncovered fns)
2026-05-29 12:10:30,337 INFO: CovBayes plan score=0.25 (predicts 0 uncovered fns)
2026-05-29 12:10:30,728 INFO: CovBayes plan score=0.00 (predicts 7 uncovered fns)
2026-05-29 12:10:31,160 INFO: CovBayes plan score=0.10 (predicts 0 uncovered fns)
2026-05-29 12:10:31,450 INFO: CovBayes plan score=0.89 (predicts 2 uncovered fns)
2026-05-29 12:10:32,272 INFO: CovBayes plan score=0.74 (predicts 2 uncovered fns)
2026-05-29 12:10:32,932 INFO: CovBayes plan score=0.80 (predicts 2 uncovered fns)
2026-05-29 12:10:33,251 INFO: CovBayes plan score=0.80 (predicts 2 uncovered fns)
2026-05-29 12:10:33,585 INFO: CovBayes plan score=4.50 (predicts 7 uncovered fns)
2026-05-29 12:10:33,645 INFO: CovBayes plan score=0.80 (predicts 2 uncovered fns)
2026-05-29 12:10:33,890 INFO: CovBayes plan score=0.36 (predicts 1 uncovered fns)
2026-05-29 12:10:34,203 INFO: CovBayes plan score=0.36 (predicts 1 uncovered fns)
2026-05-29 12:10:34,248 INFO: CovBayes plan score=0.33 (predicts 7 uncovered fns)
2026-05-29 12:10:34,434 INFO: CovBayes plan score=5.31 (predicts 9 uncovered fns)
2026-05-29 12:10:34,552 INFO: CovBayes plan score=0.36 (predicts 1 uncovered fns)
  [16/93] requests.cookies seed=42: {'cov_bayes': 8}
2026-05-29 12:10:35,084 INFO: CovBayes plan score=0.74 (predicts 2 uncovered fns)
2026-05-29 12:10:37,552 INFO: CovBayes plan score=0.00 (predicts 11 uncovered fns)
2026-05-29 12:10:38,487 INFO: CovBayes plan score=0.17 (predicts 0 uncovered fns)
2026-05-29 12:10:38,971 INFO: CovBayes plan score=0.51 (predicts 0 uncovered fns)
2026-05-29 12:10:39,017 INFO: CovBayes plan score=8.05 (predicts 15 uncovered fns)
2026-05-29 12:10:39,259 INFO: CovBayes plan score=0.51 (predicts 0 uncovered fns)
2026-05-29 12:10:39,640 INFO: CovBayes plan score=0.17 (predicts 0 uncovered fns)
2026-05-29 12:10:40,452 INFO: CovBayes plan score=2.32 (predicts 4 uncovered fns)
2026-05-29 12:10:41,861 INFO: CovBayes plan score=2.32 (predicts 4 uncovered fns)
2026-05-29 12:10:43,000 INFO: CovBayes plan score=0.51 (predicts 0 uncovered fns)
2026-05-29 12:10:43,304 INFO: CovBayes plan score=1.81 (predicts 2 uncovered fns)
2026-05-29 12:10:43,491 INFO: CovBayes plan score=2.32 (predicts 4 uncovered fns)
2026-05-29 12:10:43,616 INFO: CovBayes plan score=1.32 (predicts 1 uncovered fns)
2026-05-29 12:10:44,036 INFO: CovBayes plan score=0.39 (predicts 0 uncovered fns)
2026-05-29 12:10:44,470 INFO: CovBayes plan score=1.81 (predicts 2 uncovered fns)
2026-05-29 12:10:45,506 INFO: CovBayes plan score=1.25 (predicts 3 uncovered fns)
2026-05-29 12:10:48,102 INFO: CovBayes plan score=0.24 (predicts 10 uncovered fns)
2026-05-29 12:10:48,470 INFO: CovBayes plan score=0.39 (predicts 0 uncovered fns)
2026-05-29 12:10:48,822 INFO: CovBayes plan score=0.66 (predicts 1 uncovered fns)
2026-05-29 12:10:49,133 INFO: CovBayes plan score=0.66 (predicts 1 uncovered fns)
2026-05-29 12:10:49,462 INFO: CovBayes plan score=0.66 (predicts 1 uncovered fns)
2026-05-29 12:10:51,040 INFO: CovBayes plan score=0.50 (predicts 20 uncovered fns)
2026-05-29 12:10:52,674 INFO: CovBayes plan score=0.29 (predicts 0 uncovered fns)
2026-05-29 12:10:53,946 INFO: CovBayes plan score=0.10 (predicts 1 uncovered fns)
2026-05-29 12:10:54,235 INFO: CovBayes plan score=0.24 (predicts 1 uncovered fns)
2026-05-29 12:10:54,260 INFO: CovBayes plan score=0.10 (predicts 1 uncovered fns)
2026-05-29 12:10:56,840 INFO: CovBayes plan score=1.36 (predicts 0 uncovered fns)
2026-05-29 12:10:57,359 INFO: CovBayes plan score=0.10 (predicts 1 uncovered fns)
2026-05-29 12:10:57,962 INFO: CovBayes plan score=9.14 (predicts 18 uncovered fns)
2026-05-29 12:10:59,077 INFO: CovBayes plan score=2.34 (predicts 4 uncovered fns)
2026-05-29 12:10:59,205 INFO: CovBayes plan score=0.64 (predicts 2 uncovered fns)
2026-05-29 12:10:59,527 INFO: CovBayes plan score=0.64 (predicts 2 uncovered fns)
2026-05-29 12:10:59,926 INFO: CovBayes plan score=0.64 (predicts 2 uncovered fns)
2026-05-29 12:11:01,080 INFO: CovBayes plan score=0.51 (predicts 0 uncovered fns)
2026-05-29 12:11:01,314 INFO: CovBayes plan score=0.51 (predicts 0 uncovered fns)
2026-05-29 12:11:01,837 INFO: CovBayes plan score=0.25 (predicts 0 uncovered fns)
2026-05-29 12:11:02,245 INFO: CovBayes plan score=0.00 (predicts 7 uncovered fns)
2026-05-29 12:11:02,553 INFO: CovBayes plan score=0.17 (predicts 0 uncovered fns)
2026-05-29 12:11:02,882 INFO: CovBayes plan score=1.36 (predicts 0 uncovered fns)
2026-05-29 12:11:02,988 INFO: CovBayes plan score=0.51 (predicts 0 uncovered fns)
2026-05-29 12:11:03,476 INFO: CovBayes plan score=0.17 (predicts 0 uncovered fns)
2026-05-29 12:11:03,573 INFO: CovBayes plan score=0.41 (predicts 0 uncovered fns)
2026-05-29 12:11:03,640 INFO: CovBayes plan score=0.10 (predicts 0 uncovered fns)
2026-05-29 12:11:03,747 INFO: CovBayes plan score=0.24 (predicts 1 uncovered fns)
2026-05-29 12:11:05,652 INFO: CovBayes plan score=0.17 (predicts 0 uncovered fns)
2026-05-29 12:11:06,927 INFO: CovBayes plan score=1.36 (predicts 0 uncovered fns)
2026-05-29 12:11:07,094 INFO: CovBayes plan score=0.21 (predicts 0 uncovered fns)
2026-05-29 12:11:07,412 INFO: CovBayes plan score=4.11 (predicts 10 uncovered fns)
2026-05-29 12:11:07,708 INFO: CovBayes plan score=2.82 (predicts 6 uncovered fns)
2026-05-29 12:11:07,757 INFO: CovBayes plan score=0.10 (predicts 0 uncovered fns)
2026-05-29 12:11:08,984 INFO: CovBayes plan score=4.20 (predicts 10 uncovered fns)
2026-05-29 12:11:09,841 INFO: CovBayes plan score=0.65 (predicts 1 uncovered fns)
2026-05-29 12:11:10,241 INFO: CovBayes plan score=1.48 (predicts 2 uncovered fns)
2026-05-29 12:11:10,701 INFO: CovBayes plan score=0.58 (predicts 1 uncovered fns)
2026-05-29 12:11:10,959 INFO: CovBayes plan score=0.58 (predicts 1 uncovered fns)
2026-05-29 12:11:11,063 INFO: CovBayes plan score=1.48 (predicts 2 uncovered fns)
2026-05-29 12:11:11,084 INFO: CovBayes plan score=0.07 (predicts 0 uncovered fns)
2026-05-29 12:11:11,271 INFO: CovBayes plan score=0.65 (predicts 1 uncovered fns)
2026-05-29 12:11:11,294 INFO: CovBayes plan score=0.58 (predicts 1 uncovered fns)
2026-05-29 12:11:11,717 INFO: CovBayes plan score=1.64 (predicts 2 uncovered fns)
2026-05-29 12:11:11,949 INFO: CovBayes plan score=0.21 (predicts 0 uncovered fns)
2026-05-29 12:11:12,437 INFO: CovBayes plan score=0.39 (predicts 0 uncovered fns)
2026-05-29 12:11:12,707 INFO: CovBayes plan score=0.65 (predicts 1 uncovered fns)
2026-05-29 12:11:12,751 INFO: CovBayes plan score=0.39 (predicts 0 uncovered fns)
2026-05-29 12:11:13,071 INFO: CovBayes plan score=0.39 (predicts 0 uncovered fns)
2026-05-29 12:11:15,180 INFO: CovBayes plan score=0.10 (predicts 1 uncovered fns)
2026-05-29 12:11:15,469 INFO: CovBayes plan score=0.27 (predicts 1 uncovered fns)
2026-05-29 12:11:15,770 INFO: CovBayes plan score=0.10 (predicts 1 uncovered fns)
2026-05-29 12:11:16,372 INFO: CovBayes plan score=0.07 (predicts 0 uncovered fns)
2026-05-29 12:11:17,642 INFO: CovBayes plan score=0.00 (predicts 5 uncovered fns)
2026-05-29 12:11:17,763 INFO: CovBayes plan score=0.21 (predicts 0 uncovered fns)
2026-05-29 12:11:18,406 INFO: CovBayes plan score=0.67 (predicts 2 uncovered fns)
2026-05-29 12:11:19,077 INFO: CovBayes plan score=0.28 (predicts 0 uncovered fns)
2026-05-29 12:11:21,712 INFO: CovBayes plan score=0.54 (predicts 2 uncovered fns)
2026-05-29 12:11:22,061 INFO: CovBayes plan score=0.54 (predicts 2 uncovered fns)
2026-05-29 12:11:22,398 INFO: CovBayes plan score=0.54 (predicts 2 uncovered fns)
2026-05-29 12:11:22,982 INFO: CovBayes plan score=0.24 (predicts 3 uncovered fns)
2026-05-29 12:11:27,949 INFO: CovBayes plan score=0.51 (predicts 0 uncovered fns)
2026-05-29 12:11:29,432 INFO: CovBayes plan score=0.51 (predicts 0 uncovered fns)
2026-05-29 12:11:29,708 INFO: CovBayes plan score=0.51 (predicts 0 uncovered fns)
2026-05-29 12:11:32,209 INFO: CovBayes plan score=0.25 (predicts 0 uncovered fns)
2026-05-29 12:11:32,876 INFO: CovBayes plan score=0.17 (predicts 0 uncovered fns)
2026-05-29 12:11:33,322 INFO: CovBayes plan score=2.42 (predicts 6 uncovered fns)
2026-05-29 12:11:33,890 INFO: CovBayes plan score=0.17 (predicts 0 uncovered fns)
2026-05-29 12:11:34,217 INFO: CovBayes plan score=0.53 (predicts 1 uncovered fns)
2026-05-29 12:11:34,384 INFO: CovBayes plan score=1.71 (predicts 3 uncovered fns)
2026-05-29 12:11:34,542 INFO: CovBayes plan score=0.53 (predicts 1 uncovered fns)
2026-05-29 12:11:34,854 INFO: CovBayes plan score=0.53 (predicts 1 uncovered fns)
2026-05-29 12:11:34,891 INFO: CovBayes plan score=0.17 (predicts 0 uncovered fns)
2026-05-29 12:11:35,370 INFO: CovBayes plan score=1.71 (predicts 3 uncovered fns)
2026-05-29 12:11:35,625 INFO: CovBayes plan score=2.42 (predicts 6 uncovered fns)
2026-05-29 12:11:36,229 INFO: CovBayes plan score=0.25 (predicts 1 uncovered fns)
2026-05-29 12:11:36,481 INFO: CovBayes plan score=1.71 (predicts 3 uncovered fns)
2026-05-29 12:11:36,626 INFO: CovBayes plan score=0.25 (predicts 1 uncovered fns)
2026-05-29 12:11:36,741 INFO: CovBayes plan score=0.25 (predicts 0 uncovered fns)
2026-05-29 12:11:36,963 INFO: CovBayes plan score=0.25 (predicts 1 uncovered fns)
2026-05-29 12:11:37,424 INFO: CovBayes plan score=1.36 (predicts 0 uncovered fns)
2026-05-29 12:11:37,867 INFO: CovBayes plan score=2.42 (predicts 6 uncovered fns)
2026-05-29 12:11:39,082 INFO: CovBayes plan score=0.27 (predicts 1 uncovered fns)
2026-05-29 12:11:39,289 INFO: CovBayes plan score=0.00 (predicts 7 uncovered fns)
2026-05-29 12:11:39,673 INFO: CovBayes plan score=0.10 (predicts 0 uncovered fns)
2026-05-29 12:11:40,622 INFO: CovBayes plan score=0.10 (predicts 0 uncovered fns)
2026-05-29 12:11:40,643 INFO: CovBayes plan score=0.39 (predicts 0 uncovered fns)
2026-05-29 12:11:40,986 INFO: CovBayes plan score=0.39 (predicts 0 uncovered fns)
2026-05-29 12:11:41,287 INFO: CovBayes plan score=3.72 (predicts 12 uncovered fns)
2026-05-29 12:11:41,650 INFO: CovBayes plan score=0.32 (predicts 0 uncovered fns)
2026-05-29 12:11:42,365 INFO: CovBayes plan score=1.36 (predicts 0 uncovered fns)
2026-05-29 12:11:42,651 INFO: CovBayes plan score=0.32 (predicts 0 uncovered fns)
2026-05-29 12:11:43,236 INFO: CovBayes plan score=2.93 (predicts 9 uncovered fns)
2026-05-29 12:11:43,344 INFO: CovBayes plan score=0.60 (predicts 2 uncovered fns)
2026-05-29 12:11:43,717 INFO: CovBayes plan score=0.32 (predicts 0 uncovered fns)
2026-05-29 12:11:44,549 INFO: CovBayes plan score=0.60 (predicts 2 uncovered fns)
2026-05-29 12:11:45,628 INFO: CovBayes plan score=0.28 (predicts 0 uncovered fns)
2026-05-29 12:11:45,629 INFO: CovBayes plan score=0.47 (predicts 2 uncovered fns)
2026-05-29 12:11:45,960 INFO: CovBayes plan score=0.47 (predicts 2 uncovered fns)
2026-05-29 12:11:46,268 INFO: CovBayes plan score=0.47 (predicts 2 uncovered fns)
2026-05-29 12:11:46,452 INFO: CovBayes plan score=1.36 (predicts 0 uncovered fns)
2026-05-29 12:11:46,812 INFO: CovBayes plan score=4.68 (predicts 14 uncovered fns)
2026-05-29 12:11:47,097 INFO: CovBayes plan score=0.00 (predicts 5 uncovered fns)
2026-05-29 12:11:48,343 INFO: CovBayes plan score=0.00 (predicts 5 uncovered fns)
2026-05-29 12:11:49,201 INFO: CovBayes plan score=0.00 (predicts 26 uncovered fns)
2026-05-29 12:11:50,499 INFO: CovBayes plan score=0.51 (predicts 0 uncovered fns)
2026-05-29 12:11:51,874 INFO: CovBayes plan score=0.07 (predicts 0 uncovered fns)
2026-05-29 12:11:53,692 INFO: CovBayes plan score=0.51 (predicts 0 uncovered fns)
2026-05-29 12:11:54,812 INFO: CovBayes plan score=0.51 (predicts 0 uncovered fns)
2026-05-29 12:11:56,507 INFO: CovBayes plan score=0.11 (predicts 0 uncovered fns)
2026-05-29 12:11:56,650 INFO: CovBayes plan score=0.00 (predicts 11 uncovered fns)
2026-05-29 12:11:56,898 INFO: CovBayes plan score=0.23 (predicts 1 uncovered fns)
2026-05-29 12:11:57,099 INFO: CovBayes plan score=0.50 (predicts 1 uncovered fns)
2026-05-29 12:11:57,255 INFO: CovBayes plan score=0.10 (predicts 1 uncovered fns)
2026-05-29 12:11:57,406 INFO: CovBayes plan score=0.50 (predicts 1 uncovered fns)
2026-05-29 12:11:57,800 INFO: CovBayes plan score=0.50 (predicts 1 uncovered fns)
2026-05-29 12:12:00,417 INFO: CovBayes plan score=0.00 (predicts 11 uncovered fns)
  [17/93] flask.app seed=42: {'cov_bayes': 2}
2026-05-29 12:12:03,330 INFO: CovBayes plan score=1.49 (predicts 3 uncovered fns)
2026-05-29 12:12:04,100 INFO: CovBayes plan score=1.49 (predicts 3 uncovered fns)
2026-05-29 12:12:04,387 INFO: CovBayes plan score=0.24 (predicts 1 uncovered fns)
  [18/93] flask.config seed=42: {'cov_bayes': 29}
2026-05-29 12:12:04,873 INFO: CovBayes plan score=0.17 (predicts 0 uncovered fns)
2026-05-29 12:12:05,683 INFO: CovBayes plan score=1.25 (predicts 2 uncovered fns)
2026-05-29 12:12:06,193 INFO: CovBayes plan score=0.17 (predicts 0 uncovered fns)
2026-05-29 12:12:06,384 INFO: CovBayes plan score=0.24 (predicts 1 uncovered fns)
2026-05-29 12:12:07,127 INFO: CovBayes plan score=0.17 (predicts 0 uncovered fns)
2026-05-29 12:12:07,153 INFO: CovBayes plan score=1.50 (predicts 6 uncovered fns)
2026-05-29 12:12:07,771 INFO: CovBayes plan score=0.42 (predicts 2 uncovered fns)
2026-05-29 12:12:08,107 INFO: CovBayes plan score=0.42 (predicts 2 uncovered fns)
2026-05-29 12:12:08,123 INFO: CovBayes plan score=0.17 (predicts 0 uncovered fns)
2026-05-29 12:12:08,389 INFO: CovBayes plan score=0.24 (predicts 1 uncovered fns)
2026-05-29 12:12:08,461 INFO: CovBayes plan score=0.42 (predicts 2 uncovered fns)
2026-05-29 12:12:09,301 INFO: CovBayes plan score=1.45 (predicts 6 uncovered fns)
2026-05-29 12:12:11,011 INFO: CovBayes plan score=0.10 (predicts 0 uncovered fns)
2026-05-29 12:12:11,430 INFO: CovBayes plan score=0.39 (predicts 0 uncovered fns)
2026-05-29 12:12:11,865 INFO: CovBayes plan score=0.39 (predicts 0 uncovered fns)
2026-05-29 12:12:11,914 INFO: CovBayes plan score=0.10 (predicts 0 uncovered fns)
2026-05-29 12:12:12,342 INFO: CovBayes plan score=0.39 (predicts 0 uncovered fns)
2026-05-29 12:12:12,805 INFO: CovBayes plan score=0.00 (predicts 20 uncovered fns)
2026-05-29 12:12:13,173 INFO: CovBayes plan score=0.27 (predicts 0 uncovered fns)
2026-05-29 12:12:13,413 INFO: CovBayes plan score=0.10 (predicts 0 uncovered fns)
2026-05-29 12:12:14,067 INFO: CovBayes plan score=2.00 (predicts 13 uncovered fns)
2026-05-29 12:12:14,138 INFO: CovBayes plan score=0.27 (predicts 0 uncovered fns)
2026-05-29 12:12:14,248 INFO: CovBayes plan score=2.47 (predicts 8 uncovered fns)
2026-05-29 12:12:14,592 INFO: CovBayes plan score=0.32 (predicts 0 uncovered fns)
2026-05-29 12:12:15,501 INFO: CovBayes plan score=0.32 (predicts 0 uncovered fns)
2026-05-29 12:12:16,480 INFO: CovBayes plan score=0.32 (predicts 0 uncovered fns)
2026-05-29 12:12:19,233 INFO: CovBayes plan score=1.36 (predicts 0 uncovered fns)
  [19/93] flask.cli seed=42: {'cov_bayes': 77}
2026-05-29 12:12:20,428 INFO: CovBayes plan score=1.98 (predicts 6 uncovered fns)
2026-05-29 12:12:21,440 INFO: CovBayes plan score=0.47 (predicts 1 uncovered fns)
2026-05-29 12:12:21,560 INFO: CovBayes plan score=3.03 (predicts 5 uncovered fns)
2026-05-29 12:12:21,754 INFO: CovBayes plan score=0.47 (predicts 1 uncovered fns)
2026-05-29 12:12:22,101 INFO: CovBayes plan score=0.47 (predicts 1 uncovered fns)
2026-05-29 12:12:22,172 INFO: CovBayes plan score=1.57 (predicts 2 uncovered fns)
2026-05-29 12:12:22,765 INFO: CovBayes plan score=1.61 (predicts 6 uncovered fns)
2026-05-29 12:12:23,652 INFO: CovBayes plan score=3.03 (predicts 5 uncovered fns)
2026-05-29 12:12:23,751 INFO: CovBayes plan score=0.07 (predicts 0 uncovered fns)
2026-05-29 12:12:23,859 INFO: CovBayes plan score=2.31 (predicts 3 uncovered fns)
2026-05-29 12:12:24,093 INFO: CovBayes plan score=3.84 (predicts 13 uncovered fns)
2026-05-29 12:12:24,094 INFO: CovBayes plan score=1.36 (predicts 0 uncovered fns)
2026-05-29 12:12:25,834 INFO: CovBayes plan score=3.77 (predicts 6 uncovered fns)
2026-05-29 12:12:29,558 INFO: CovBayes plan score=1.36 (predicts 0 uncovered fns)
2026-05-29 12:12:29,708 INFO: CovBayes plan score=0.07 (predicts 0 uncovered fns)
2026-05-29 12:12:30,319 INFO: CovBayes plan score=0.39 (predicts 2 uncovered fns)
2026-05-29 12:12:30,647 INFO: CovBayes plan score=0.39 (predicts 2 uncovered fns)
2026-05-29 12:12:30,981 INFO: CovBayes plan score=1.17 (predicts 2 uncovered fns)
2026-05-29 12:12:31,005 INFO: CovBayes plan score=0.39 (predicts 2 uncovered fns)
2026-05-29 12:12:31,501 INFO: CovBayes plan score=1.01 (predicts 1 uncovered fns)
2026-05-29 12:12:32,179 INFO: CovBayes plan score=0.26 (predicts 1 uncovered fns)
2026-05-29 12:12:32,387 INFO: CovBayes plan score=1.49 (predicts 2 uncovered fns)
2026-05-29 12:12:33,857 INFO: CovBayes plan score=0.00 (predicts 11 uncovered fns)
2026-05-29 12:12:34,114 INFO: CovBayes plan score=0.24 (predicts 1 uncovered fns)
2026-05-29 12:12:36,072 INFO: CovBayes plan score=1.13 (predicts 6 uncovered fns)
2026-05-29 12:12:36,385 INFO: CovBayes plan score=0.24 (predicts 1 uncovered fns)
2026-05-29 12:12:36,914 INFO: CovBayes plan score=0.55 (predicts 2 uncovered fns)
2026-05-29 12:12:37,431 INFO: CovBayes plan score=0.00 (predicts 11 uncovered fns)
2026-05-29 12:12:37,694 INFO: CovBayes plan score=0.55 (predicts 2 uncovered fns)
  [20/93] flask.testing seed=42: {'cov_bayes': 9}
2026-05-29 12:12:38,140 INFO: CovBayes plan score=0.17 (predicts 0 uncovered fns)
2026-05-29 12:12:38,589 INFO: CovBayes plan score=1.41 (predicts 6 uncovered fns)
2026-05-29 12:12:40,068 INFO: CovBayes plan score=3.52 (predicts 7 uncovered fns)
2026-05-29 12:12:40,415 INFO: CovBayes plan score=0.17 (predicts 0 uncovered fns)
2026-05-29 12:12:40,822 INFO: CovBayes plan score=0.07 (predicts 0 uncovered fns)
2026-05-29 12:12:41,812 INFO: CovBayes plan score=0.17 (predicts 0 uncovered fns)
2026-05-29 12:12:41,836 INFO: CovBayes plan score=3.03 (predicts 6 uncovered fns)
2026-05-29 12:12:42,613 INFO: CovBayes plan score=0.00 (predicts 7 uncovered fns)
2026-05-29 12:12:43,051 INFO: CovBayes plan score=0.10 (predicts 0 uncovered fns)
2026-05-29 12:12:43,075 INFO: CovBayes plan score=2.68 (predicts 12 uncovered fns)
2026-05-29 12:12:43,205 INFO: CovBayes plan score=0.00 (predicts 20 uncovered fns)
2026-05-29 12:12:43,566 INFO: CovBayes plan score=3.03 (predicts 6 uncovered fns)
2026-05-29 12:12:43,914 INFO: CovBayes plan score=0.00 (predicts 11 uncovered fns)
2026-05-29 12:12:44,271 INFO: CovBayes plan score=0.32 (predicts 0 uncovered fns)
2026-05-29 12:12:44,459 INFO: CovBayes plan score=0.10 (predicts 0 uncovered fns)
2026-05-29 12:12:44,642 INFO: CovBayes plan score=0.32 (predicts 0 uncovered fns)
2026-05-29 12:12:45,567 INFO: CovBayes plan score=0.32 (predicts 0 uncovered fns)
2026-05-29 12:12:46,371 INFO: CovBayes plan score=0.46 (predicts 1 uncovered fns)
2026-05-29 12:12:46,652 INFO: CovBayes plan score=0.46 (predicts 1 uncovered fns)
2026-05-29 12:12:46,923 INFO: CovBayes plan score=0.46 (predicts 1 uncovered fns)
2026-05-29 12:12:48,104 INFO: CovBayes plan score=2.11 (predicts 4 uncovered fns)
2026-05-29 12:12:48,126 INFO: CovBayes plan score=1.93 (predicts 3 uncovered fns)
2026-05-29 12:12:48,791 INFO: CovBayes plan score=1.93 (predicts 3 uncovered fns)
2026-05-29 12:12:49,472 INFO: CovBayes plan score=1.43 (predicts 5 uncovered fns)
  [21/93] flask.helpers seed=42: {'cov_bayes': 9}
2026-05-29 12:12:50,594 INFO: CovBayes plan score=1.78 (predicts 3 uncovered fns)
  [22/93] flask.ctx seed=42: {'cov_bayes': 59}
2026-05-29 12:12:52,649 INFO: CovBayes plan score=0.48 (predicts 0 uncovered fns)
2026-05-29 12:12:54,038 INFO: CovBayes plan score=1.93 (predicts 7 uncovered fns)
2026-05-29 12:12:54,937 INFO: CovBayes plan score=2.28 (predicts 8 uncovered fns)
2026-05-29 12:12:56,008 INFO: CovBayes plan score=1.36 (predicts 3 uncovered fns)
2026-05-29 12:12:56,598 INFO: CovBayes plan score=1.37 (predicts 2 uncovered fns)
2026-05-29 12:12:57,466 INFO: CovBayes plan score=2.56 (predicts 9 uncovered fns)
2026-05-29 12:12:57,516 INFO: CovBayes plan score=1.86 (predicts 3 uncovered fns)
2026-05-29 12:12:58,500 INFO: CovBayes plan score=1.13 (predicts 2 uncovered fns)
2026-05-29 12:12:58,661 INFO: CovBayes plan score=1.36 (predicts 0 uncovered fns)
2026-05-29 12:12:58,710 INFO: CovBayes plan score=0.24 (predicts 1 uncovered fns)
2026-05-29 12:12:59,333 INFO: CovBayes plan score=1.32 (predicts 3 uncovered fns)
2026-05-29 12:13:00,738 INFO: CovBayes plan score=0.24 (predicts 1 uncovered fns)
2026-05-29 12:13:01,332 INFO: CovBayes plan score=1.65 (predicts 4 uncovered fns)
2026-05-29 12:13:02,731 INFO: CovBayes plan score=0.24 (predicts 1 uncovered fns)
2026-05-29 12:13:09,118 INFO: CovBayes plan score=1.36 (predicts 0 uncovered fns)
  [23/93] flask.sessions seed=42: {'cov_bayes': 4}
2026-05-29 12:13:10,435 INFO: CovBayes plan score=0.00 (predicts 5 uncovered fns)
2026-05-29 12:13:11,401 INFO: CovBayes plan score=1.84 (predicts 3 uncovered fns)
2026-05-29 12:13:11,662 INFO: CovBayes plan score=1.24 (predicts 2 uncovered fns)
2026-05-29 12:13:11,945 INFO: CovBayes plan score=0.00 (predicts 5 uncovered fns)
2026-05-29 12:13:12,903 INFO: CovBayes plan score=0.00 (predicts 1 uncovered fns)
2026-05-29 12:13:13,033 INFO: CovBayes plan score=0.44 (predicts 1 uncovered fns)
2026-05-29 12:13:13,334 INFO: CovBayes plan score=0.44 (predicts 1 uncovered fns)
2026-05-29 12:13:13,336 INFO: CovBayes plan score=1.36 (predicts 0 uncovered fns)
2026-05-29 12:13:13,358 INFO: CovBayes plan score=0.50 (predicts 1 uncovered fns)
2026-05-29 12:13:13,441 INFO: CovBayes plan score=0.00 (predicts 5 uncovered fns)
2026-05-29 12:13:13,545 INFO: CovBayes plan score=1.38 (predicts 7 uncovered fns)
2026-05-29 12:13:13,701 INFO: CovBayes plan score=0.44 (predicts 1 uncovered fns)
2026-05-29 12:13:13,855 INFO: CovBayes plan score=0.01 (predicts 0 uncovered fns)
2026-05-29 12:13:14,223 INFO: CovBayes plan score=1.22 (predicts 3 uncovered fns)
2026-05-29 12:13:15,062 INFO: CovBayes plan score=1.72 (predicts 3 uncovered fns)
2026-05-29 12:13:16,221 INFO: CovBayes plan score=5.24 (predicts 11 uncovered fns)
2026-05-29 12:13:16,371 INFO: CovBayes plan score=0.32 (predicts 0 uncovered fns)
2026-05-29 12:13:17,155 INFO: CovBayes plan score=0.10 (predicts 0 uncovered fns)
2026-05-29 12:13:17,295 INFO: CovBayes plan score=0.32 (predicts 0 uncovered fns)
2026-05-29 12:13:17,484 INFO: CovBayes plan score=1.85 (predicts 4 uncovered fns)
2026-05-29 12:13:17,612 INFO: CovBayes plan score=0.10 (predicts 0 uncovered fns)
2026-05-29 12:13:17,795 INFO: CovBayes plan score=0.33 (predicts 12 uncovered fns)
2026-05-29 12:13:18,070 INFO: CovBayes plan score=0.00 (predicts 11 uncovered fns)
2026-05-29 12:13:18,347 INFO: CovBayes plan score=0.32 (predicts 0 uncovered fns)
2026-05-29 12:13:18,628 INFO: CovBayes plan score=0.00 (predicts 26 uncovered fns)
2026-05-29 12:13:19,013 INFO: CovBayes plan score=5.24 (predicts 11 uncovered fns)
2026-05-29 12:13:19,199 INFO: CovBayes plan score=1.36 (predicts 2 uncovered fns)
2026-05-29 12:13:19,342 INFO: CovBayes plan score=0.00 (predicts 7 uncovered fns)
2026-05-29 12:13:20,937 INFO: CovBayes plan score=0.00 (predicts 11 uncovered fns)
2026-05-29 12:13:21,525 INFO: CovBayes plan score=0.45 (predicts 0 uncovered fns)
2026-05-29 12:13:21,539 INFO: CovBayes plan score=0.90 (predicts 12 uncovered fns)
  [24/93] rich.table seed=42: {'cov_bayes': 27}
2026-05-29 12:13:23,130 INFO: CovBayes plan score=0.17 (predicts 0 uncovered fns)
2026-05-29 12:13:24,605 INFO: CovBayes plan score=2.47 (predicts 10 uncovered fns)
2026-05-29 12:13:25,133 INFO: CovBayes plan score=1.86 (predicts 7 uncovered fns)
2026-05-29 12:13:25,775 INFO: CovBayes plan score=0.45 (predicts 0 uncovered fns)
2026-05-29 12:13:26,463 INFO: CovBayes plan score=0.35 (predicts 0 uncovered fns)
2026-05-29 12:13:28,611 INFO: CovBayes plan score=2.61 (predicts 11 uncovered fns)
2026-05-29 12:13:31,825 INFO: CovBayes plan score=0.35 (predicts 0 uncovered fns)
2026-05-29 12:13:33,867 INFO: CovBayes plan score=0.47 (predicts 2 uncovered fns)
2026-05-29 12:13:36,083 INFO: CovBayes plan score=0.35 (predicts 0 uncovered fns)
2026-05-29 12:13:36,446 INFO: CovBayes plan score=0.24 (predicts 39 uncovered fns)
2026-05-29 12:13:37,230 INFO: CovBayes plan score=1.24 (predicts 3 uncovered fns)
2026-05-29 12:13:37,543 INFO: CovBayes plan score=0.94 (predicts 1 uncovered fns)
2026-05-29 12:13:38,708 INFO: CovBayes plan score=0.01 (predicts 0 uncovered fns)
2026-05-29 12:13:38,886 INFO: CovBayes plan score=1.66 (predicts 0 uncovered fns)
2026-05-29 12:13:39,173 INFO: CovBayes plan score=0.00 (predicts 1 uncovered fns)
2026-05-29 12:13:39,602 INFO: CovBayes plan score=0.00 (predicts 1 uncovered fns)
2026-05-29 12:13:41,590 INFO: CovBayes plan score=1.66 (predicts 0 uncovered fns)
2026-05-29 12:13:42,027 INFO: CovBayes plan score=0.00 (predicts 15 uncovered fns)
2026-05-29 12:13:43,245 INFO: CovBayes plan score=0.00 (predicts 5 uncovered fns)
2026-05-29 12:13:43,817 INFO: CovBayes plan score=3.41 (predicts 9 uncovered fns)
2026-05-29 12:13:43,865 INFO: CovBayes plan score=0.70 (predicts 2 uncovered fns)
2026-05-29 12:13:43,945 INFO: CovBayes plan score=1.62 (predicts 1 uncovered fns)
2026-05-29 12:13:44,345 INFO: CovBayes plan score=1.62 (predicts 1 uncovered fns)
  [25/93] rich.text seed=42: {'cov_bayes': 30}
2026-05-29 12:13:45,306 INFO: CovBayes plan score=2.60 (predicts 3 uncovered fns)
2026-05-29 12:13:45,331 INFO: CovBayes plan score=1.27 (predicts 4 uncovered fns)
2026-05-29 12:13:45,509 INFO: CovBayes plan score=1.66 (predicts 0 uncovered fns)
2026-05-29 12:13:46,517 INFO: CovBayes plan score=0.00 (predicts 15 uncovered fns)
2026-05-29 12:13:46,929 INFO: CovBayes plan score=3.84 (predicts 11 uncovered fns)
2026-05-29 12:13:47,825 INFO: CovBayes plan score=1.40 (predicts 1 uncovered fns)
2026-05-29 12:13:48,490 INFO: CovBayes plan score=0.36 (predicts 0 uncovered fns)
2026-05-29 12:13:49,818 INFO: CovBayes plan score=0.00 (predicts 7 uncovered fns)
2026-05-29 12:13:50,234 INFO: CovBayes plan score=0.10 (predicts 0 uncovered fns)
2026-05-29 12:13:50,562 INFO: CovBayes plan score=0.00 (predicts 15 uncovered fns)
2026-05-29 12:13:50,730 INFO: CovBayes plan score=0.05 (predicts 0 uncovered fns)
2026-05-29 12:13:51,324 INFO: CovBayes plan score=1.51 (predicts 6 uncovered fns)
2026-05-29 12:13:51,577 INFO: CovBayes plan score=0.10 (predicts 0 uncovered fns)
2026-05-29 12:13:51,578 INFO: CovBayes plan score=0.65 (predicts 12 uncovered fns)
2026-05-29 12:13:51,585 INFO: CovBayes plan score=0.32 (predicts 0 uncovered fns)
2026-05-29 12:13:51,936 INFO: CovBayes plan score=1.36 (predicts 0 uncovered fns)
2026-05-29 12:13:52,640 INFO: CovBayes plan score=0.32 (predicts 0 uncovered fns)
2026-05-29 12:13:53,246 INFO: CovBayes plan score=1.51 (predicts 6 uncovered fns)
2026-05-29 12:13:53,548 INFO: CovBayes plan score=0.81 (predicts 5 uncovered fns)
2026-05-29 12:13:53,775 INFO: CovBayes plan score=0.32 (predicts 0 uncovered fns)
2026-05-29 12:13:54,954 INFO: CovBayes plan score=0.36 (predicts 0 uncovered fns)
2026-05-29 12:13:55,556 INFO: CovBayes plan score=0.35 (predicts 0 uncovered fns)
2026-05-29 12:13:55,819 INFO: CovBayes plan score=1.36 (predicts 0 uncovered fns)
2026-05-29 12:13:55,889 INFO: CovBayes plan score=0.35 (predicts 0 uncovered fns)
2026-05-29 12:13:56,128 INFO: CovBayes plan score=0.00 (predicts 11 uncovered fns)
2026-05-29 12:13:57,828 INFO: CovBayes plan score=0.80 (predicts 12 uncovered fns)
  [26/93] flask.templating seed=42: {'cov_bayes': 49}
2026-05-29 12:13:59,492 INFO: CovBayes plan score=1.51 (predicts 6 uncovered fns)
2026-05-29 12:13:59,540 INFO: CovBayes plan score=0.00 (predicts 11 uncovered fns)
2026-05-29 12:14:00,506 INFO: CovBayes plan score=0.33 (predicts 2 uncovered fns)
2026-05-29 12:14:00,726 INFO: CovBayes plan score=0.35 (predicts 0 uncovered fns)
2026-05-29 12:14:00,820 INFO: CovBayes plan score=1.52 (predicts 1 uncovered fns)
2026-05-29 12:14:02,958 INFO: CovBayes plan score=0.00 (predicts 11 uncovered fns)
2026-05-29 12:14:03,004 INFO: CovBayes plan score=0.00 (predicts 1 uncovered fns)
2026-05-29 12:14:03,441 INFO: CovBayes plan score=0.01 (predicts 0 uncovered fns)
2026-05-29 12:14:03,841 INFO: CovBayes plan score=0.33 (predicts 1 uncovered fns)
2026-05-29 12:14:05,949 INFO: CovBayes plan score=1.04 (predicts 0 uncovered fns)
2026-05-29 12:14:06,075 INFO: CovBayes plan score=0.92 (predicts 1 uncovered fns)
2026-05-29 12:14:06,283 INFO: CovBayes plan score=1.52 (predicts 1 uncovered fns)
  [27/93] rich.console seed=42: {'cov_bayes': 178}
2026-05-29 12:14:08,734 INFO: CovBayes plan score=1.41 (predicts 4 uncovered fns)
2026-05-29 12:14:09,971 INFO: CovBayes plan score=0.44 (predicts 0 uncovered fns)
2026-05-29 12:14:10,379 INFO: CovBayes plan score=2.41 (predicts 11 uncovered fns)
2026-05-29 12:14:11,162 INFO: CovBayes plan score=0.15 (predicts 0 uncovered fns)
2026-05-29 12:14:11,644 INFO: CovBayes plan score=2.75 (predicts 9 uncovered fns)
2026-05-29 12:14:12,131 INFO: CovBayes plan score=1.10 (predicts 0 uncovered fns)
2026-05-29 12:14:15,856 INFO: CovBayes plan score=1.10 (predicts 0 uncovered fns)
2026-05-29 12:14:16,520 INFO: CovBayes plan score=1.10 (predicts 0 uncovered fns)
2026-05-29 12:14:16,667 INFO: CovBayes plan score=1.66 (predicts 2 uncovered fns)
2026-05-29 12:14:17,231 INFO: CovBayes plan score=1.66 (predicts 2 uncovered fns)
2026-05-29 12:14:17,542 INFO: CovBayes plan score=1.17 (predicts 1 uncovered fns)
2026-05-29 12:14:17,827 INFO: CovBayes plan score=0.00 (predicts 15 uncovered fns)
2026-05-29 12:14:19,231 INFO: CovBayes plan score=0.44 (predicts 0 uncovered fns)
2026-05-29 12:14:19,731 INFO: CovBayes plan score=0.00 (predicts 5 uncovered fns)
2026-05-29 12:14:21,097 INFO: CovBayes plan score=0.00 (predicts 5 uncovered fns)
2026-05-29 12:14:22,292 INFO: CovBayes plan score=0.32 (predicts 0 uncovered fns)
2026-05-29 12:14:23,377 INFO: CovBayes plan score=0.32 (predicts 0 uncovered fns)
2026-05-29 12:14:24,034 INFO: CovBayes plan score=1.62 (predicts 0 uncovered fns)
2026-05-29 12:14:24,079 INFO: CovBayes plan score=0.00 (predicts 15 uncovered fns)
2026-05-29 12:14:24,465 INFO: CovBayes plan score=0.32 (predicts 0 uncovered fns)
2026-05-29 12:14:25,340 INFO: CovBayes plan score=1.11 (predicts 0 uncovered fns)
2026-05-29 12:14:25,962 INFO: CovBayes plan score=2.08 (predicts 2 uncovered fns)
2026-05-29 12:14:26,813 INFO: CovBayes plan score=0.04 (predicts 0 uncovered fns)
2026-05-29 12:14:27,417 INFO: CovBayes plan score=1.36 (predicts 0 uncovered fns)
2026-05-29 12:14:27,577 INFO: CovBayes plan score=0.00 (predicts 1 uncovered fns)
2026-05-29 12:14:27,996 INFO: CovBayes plan score=0.01 (predicts 0 uncovered fns)
2026-05-29 12:14:28,165 INFO: CovBayes plan score=1.11 (predicts 0 uncovered fns)
2026-05-29 12:14:28,298 INFO: CovBayes plan score=0.35 (predicts 0 uncovered fns)
2026-05-29 12:14:29,253 INFO: CovBayes plan score=1.98 (predicts 4 uncovered fns)
2026-05-29 12:14:30,033 INFO: CovBayes plan score=0.99 (predicts 12 uncovered fns)
  [28/93] rich.pretty seed=42: {'cov_bayes': 9}
2026-05-29 12:14:30,895 INFO: CovBayes plan score=2.90 (predicts 4 uncovered fns)
2026-05-29 12:14:30,916 INFO: CovBayes plan score=0.35 (predicts 0 uncovered fns)
2026-05-29 12:14:30,916 INFO: CovBayes plan score=0.01 (predicts 0 uncovered fns)
2026-05-29 12:14:31,971 INFO: CovBayes plan score=2.71 (predicts 11 uncovered fns)
2026-05-29 12:14:32,172 INFO: CovBayes plan score=1.62 (predicts 0 uncovered fns)
2026-05-29 12:14:32,819 INFO: CovBayes plan score=0.35 (predicts 0 uncovered fns)
2026-05-29 12:14:33,427 INFO: CovBayes plan score=2.71 (predicts 11 uncovered fns)
  [29/93] flask.json.provider seed=42: {'cov_bayes': 46}
2026-05-29 12:14:34,331 INFO: CovBayes plan score=0.00 (predicts 11 uncovered fns)
2026-05-29 12:14:34,500 INFO: CovBayes plan score=0.62 (predicts 12 uncovered fns)
2026-05-29 12:14:34,948 INFO: CovBayes plan score=1.35 (predicts 4 uncovered fns)
2026-05-29 12:14:35,286 INFO: CovBayes plan score=1.36 (predicts 0 uncovered fns)
2026-05-29 12:14:35,727 INFO: CovBayes plan score=0.96 (predicts 0 uncovered fns)
2026-05-29 12:14:36,057 INFO: CovBayes plan score=0.35 (predicts 0 uncovered fns)
2026-05-29 12:14:37,774 INFO: CovBayes plan score=0.00 (predicts 11 uncovered fns)
2026-05-29 12:14:38,293 INFO: CovBayes plan score=1.62 (predicts 0 uncovered fns)
2026-05-29 12:14:38,943 INFO: CovBayes plan score=0.97 (predicts 12 uncovered fns)
2026-05-29 12:14:39,113 INFO: CovBayes plan score=9.69 (predicts 16 uncovered fns)
2026-05-29 12:14:39,374 INFO: CovBayes plan score=1.36 (predicts 0 uncovered fns)
2026-05-29 12:14:40,137 INFO: CovBayes plan score=0.35 (predicts 0 uncovered fns)
2026-05-29 12:14:41,144 INFO: CovBayes plan score=0.00 (predicts 11 uncovered fns)
2026-05-29 12:14:41,968 INFO: CovBayes plan score=1.10 (predicts 0 uncovered fns)
2026-05-29 12:14:42,245 INFO: CovBayes plan score=0.63 (predicts 0 uncovered fns)
2026-05-29 12:14:42,596 INFO: CovBayes plan score=1.10 (predicts 0 uncovered fns)
2026-05-29 12:14:45,333 INFO: CovBayes plan score=1.10 (predicts 0 uncovered fns)
2026-05-29 12:14:47,117 INFO: CovBayes plan score=0.63 (predicts 0 uncovered fns)
2026-05-29 12:14:47,394 INFO: CovBayes plan score=0.63 (predicts 0 uncovered fns)
2026-05-29 12:14:48,153 INFO: CovBayes plan score=0.00 (predicts 15 uncovered fns)
  [30/93] flask.json.tag seed=42: {'cov_bayes': 19}
2026-05-29 12:14:49,192 INFO: CovBayes plan score=0.43 (predicts 0 uncovered fns)
2026-05-29 12:14:50,179 INFO: CovBayes plan score=1.28 (predicts 1 uncovered fns)
2026-05-29 12:14:50,506 INFO: CovBayes plan score=1.28 (predicts 1 uncovered fns)
2026-05-29 12:14:50,715 INFO: CovBayes plan score=1.05 (predicts 0 uncovered fns)
2026-05-29 12:14:50,774 INFO: CovBayes plan score=0.15 (predicts 0 uncovered fns)
2026-05-29 12:14:50,849 INFO: CovBayes plan score=1.28 (predicts 1 uncovered fns)
2026-05-29 12:14:51,230 INFO: CovBayes plan score=1.05 (predicts 0 uncovered fns)
2026-05-29 12:14:53,260 INFO: CovBayes plan score=0.95 (predicts 2 uncovered fns)
2026-05-29 12:14:53,590 INFO: CovBayes plan score=0.97 (predicts 1 uncovered fns)
2026-05-29 12:14:53,792 INFO: CovBayes plan score=0.00 (predicts 1 uncovered fns)
2026-05-29 12:14:53,921 INFO: CovBayes plan score=0.97 (predicts 1 uncovered fns)
2026-05-29 12:14:54,212 INFO: CovBayes plan score=0.00 (predicts 1 uncovered fns)
2026-05-29 12:14:54,365 INFO: CovBayes plan score=1.05 (predicts 0 uncovered fns)
2026-05-29 12:14:55,140 INFO: CovBayes plan score=1.31 (predicts 3 uncovered fns)
2026-05-29 12:14:55,297 INFO: CovBayes plan score=0.00 (predicts 15 uncovered fns)
2026-05-29 12:14:56,842 INFO: CovBayes plan score=0.01 (predicts 0 uncovered fns)
2026-05-29 12:14:58,516 INFO: CovBayes plan score=0.43 (predicts 0 uncovered fns)
2026-05-29 12:14:59,946 INFO: CovBayes plan score=5.36 (predicts 15 uncovered fns)
2026-05-29 12:15:00,897 INFO: CovBayes plan score=0.33 (predicts 0 uncovered fns)
2026-05-29 12:15:01,281 INFO: CovBayes plan score=0.65 (predicts 1 uncovered fns)
2026-05-29 12:15:02,116 INFO: CovBayes plan score=5.49 (predicts 17 uncovered fns)
2026-05-29 12:15:03,861 INFO: CovBayes plan score=4.57 (predicts 11 uncovered fns)
2026-05-29 12:15:06,671 INFO: CovBayes plan score=1.10 (predicts 0 uncovered fns)
2026-05-29 12:15:08,683 INFO: CovBayes plan score=0.00 (predicts 23 uncovered fns)
2026-05-29 12:15:09,058 INFO: CovBayes plan score=2.77 (predicts 8 uncovered fns)
2026-05-29 12:15:10,044 INFO: CovBayes plan score=1.08 (predicts 8 uncovered fns)
2026-05-29 12:15:10,478 INFO: CovBayes plan score=2.15 (predicts 5 uncovered fns)
2026-05-29 12:15:10,609 INFO: CovBayes plan score=1.10 (predicts 0 uncovered fns)
2026-05-29 12:15:11,669 INFO: CovBayes plan score=0.35 (predicts 0 uncovered fns)
2026-05-29 12:15:12,379 INFO: CovBayes plan score=3.32 (predicts 7 uncovered fns)
2026-05-29 12:15:12,452 INFO: CovBayes plan score=1.36 (predicts 0 uncovered fns)
2026-05-29 12:15:13,368 INFO: CovBayes plan score=1.10 (predicts 0 uncovered fns)
2026-05-29 12:15:13,559 INFO: CovBayes plan score=0.48 (predicts 0 uncovered fns)
2026-05-29 12:15:13,876 INFO: CovBayes plan score=0.97 (predicts 1 uncovered fns)
2026-05-29 12:15:14,736 INFO: CovBayes plan score=0.48 (predicts 12 uncovered fns)
2026-05-29 12:15:14,882 INFO: CovBayes plan score=0.63 (predicts 0 uncovered fns)
2026-05-29 12:15:14,883 INFO: CovBayes plan score=0.35 (predicts 0 uncovered fns)
2026-05-29 12:15:15,930 INFO: CovBayes plan score=0.48 (predicts 0 uncovered fns)
2026-05-29 12:15:16,682 INFO: CovBayes plan score=0.62 (predicts 5 uncovered fns)
2026-05-29 12:15:17,270 INFO: CovBayes plan score=0.15 (predicts 0 uncovered fns)
2026-05-29 12:15:17,709 INFO: CovBayes plan score=0.77 (predicts 0 uncovered fns)
2026-05-29 12:15:18,187 INFO: CovBayes plan score=1.05 (predicts 0 uncovered fns)
2026-05-29 12:15:18,623 INFO: CovBayes plan score=1.05 (predicts 0 uncovered fns)
2026-05-29 12:15:18,833 INFO: CovBayes plan score=0.35 (predicts 0 uncovered fns)
2026-05-29 12:15:19,154 INFO: CovBayes plan score=0.01 (predicts 0 uncovered fns)
2026-05-29 12:15:19,524 INFO: CovBayes plan score=1.05 (predicts 0 uncovered fns)
2026-05-29 12:15:19,570 INFO: CovBayes plan score=0.01 (predicts 0 uncovered fns)
2026-05-29 12:15:20,036 INFO: CovBayes plan score=0.00 (predicts 1 uncovered fns)
2026-05-29 12:15:20,286 INFO: CovBayes plan score=1.89 (predicts 4 uncovered fns)
2026-05-29 12:15:20,835 INFO: CovBayes plan score=1.62 (predicts 0 uncovered fns)
2026-05-29 12:15:20,953 INFO: CovBayes plan score=0.63 (predicts 0 uncovered fns)
2026-05-29 12:15:21,472 INFO: CovBayes plan score=0.00 (predicts 15 uncovered fns)
2026-05-29 12:15:21,677 INFO: CovBayes plan score=0.77 (predicts 0 uncovered fns)
2026-05-29 12:15:21,701 INFO: CovBayes plan score=1.17 (predicts 2 uncovered fns)
2026-05-29 12:15:22,180 INFO: CovBayes plan score=1.90 (predicts 3 uncovered fns)
2026-05-29 12:15:22,496 INFO: CovBayes plan score=1.36 (predicts 0 uncovered fns)
2026-05-29 12:15:23,593 INFO: CovBayes plan score=0.15 (predicts 0 uncovered fns)
2026-05-29 12:15:24,147 INFO: CovBayes plan score=0.77 (predicts 0 uncovered fns)
  [31/93] rich.syntax seed=42: {'cov_bayes': 58}
2026-05-29 12:15:25,866 INFO: CovBayes plan score=0.42 (predicts 0 uncovered fns)
2026-05-29 12:15:26,400 INFO: CovBayes plan score=0.63 (predicts 0 uncovered fns)
2026-05-29 12:15:27,144 INFO: CovBayes plan score=1.62 (predicts 0 uncovered fns)
2026-05-29 12:15:29,368 INFO: CovBayes plan score=4.27 (predicts 17 uncovered fns)
2026-05-29 12:15:30,720 INFO: CovBayes plan score=1.75 (predicts 10 uncovered fns)
2026-05-29 12:15:31,664 INFO: CovBayes plan score=1.05 (predicts 2 uncovered fns)
2026-05-29 12:15:31,714 INFO: CovBayes plan score=1.03 (predicts 3 uncovered fns)
2026-05-29 12:15:31,820 INFO: CovBayes plan score=1.36 (predicts 0 uncovered fns)
2026-05-29 12:15:32,421 INFO: CovBayes plan score=0.90 (predicts 2 uncovered fns)
2026-05-29 12:15:32,774 INFO: CovBayes plan score=1.62 (predicts 0 uncovered fns)
2026-05-29 12:15:36,203 INFO: CovBayes plan score=3.13 (predicts 5 uncovered fns)
2026-05-29 12:15:36,575 INFO: CovBayes plan score=0.32 (predicts 0 uncovered fns)
2026-05-29 12:15:36,729 INFO: CovBayes plan score=1.10 (predicts 0 uncovered fns)
2026-05-29 12:15:37,060 INFO: CovBayes plan score=1.10 (predicts 0 uncovered fns)
2026-05-29 12:15:37,109 INFO: CovBayes plan score=2.16 (predicts 3 uncovered fns)
2026-05-29 12:15:37,494 INFO: CovBayes plan score=1.34 (predicts 4 uncovered fns)
2026-05-29 12:15:38,336 INFO: CovBayes plan score=1.55 (predicts 3 uncovered fns)
2026-05-29 12:15:38,512 INFO: CovBayes plan score=3.13 (predicts 5 uncovered fns)
  [32/93] rich.markdown seed=42: {'cov_bayes': 18}
  [33/93] rich.progress seed=42: {'cov_bayes': 54}
2026-05-29 12:15:39,832 INFO: CovBayes plan score=1.13 (predicts 2 uncovered fns)
2026-05-29 12:15:40,182 INFO: CovBayes plan score=1.85 (predicts 5 uncovered fns)
2026-05-29 12:15:40,639 INFO: CovBayes plan score=1.10 (predicts 0 uncovered fns)
2026-05-29 12:15:40,987 INFO: CovBayes plan score=0.35 (predicts 0 uncovered fns)
2026-05-29 12:15:43,168 INFO: CovBayes plan score=3.94 (predicts 8 uncovered fns)
2026-05-29 12:15:44,388 INFO: CovBayes plan score=1.05 (predicts 0 uncovered fns)
2026-05-29 12:15:45,712 INFO: CovBayes plan score=0.00 (predicts 1 uncovered fns)
2026-05-29 12:15:45,955 INFO: CovBayes plan score=5.16 (predicts 10 uncovered fns)
2026-05-29 12:15:46,150 INFO: CovBayes plan score=0.00 (predicts 1 uncovered fns)
2026-05-29 12:15:46,640 INFO: CovBayes plan score=0.00 (predicts 1 uncovered fns)
2026-05-29 12:15:46,736 INFO: CovBayes plan score=0.35 (predicts 0 uncovered fns)
2026-05-29 12:15:47,050 INFO: CovBayes plan score=0.32 (predicts 0 uncovered fns)
2026-05-29 12:15:47,279 INFO: CovBayes plan score=1.05 (predicts 0 uncovered fns)
2026-05-29 12:15:47,894 INFO: CovBayes plan score=0.00 (predicts 15 uncovered fns)
2026-05-29 12:15:48,004 INFO: CovBayes plan score=1.05 (predicts 0 uncovered fns)
2026-05-29 12:15:50,014 INFO: CovBayes plan score=0.15 (predicts 0 uncovered fns)
2026-05-29 12:15:51,114 INFO: CovBayes plan score=1.87 (predicts 3 uncovered fns)
2026-05-29 12:15:51,115 INFO: CovBayes plan score=1.40 (predicts 3 uncovered fns)
2026-05-29 12:15:51,284 INFO: CovBayes plan score=9.53 (predicts 19 uncovered fns)
2026-05-29 12:15:51,478 INFO: CovBayes plan score=0.91 (predicts 1 uncovered fns)
2026-05-29 12:15:51,516 INFO: CovBayes plan score=0.63 (predicts 0 uncovered fns)
2026-05-29 12:15:52,009 INFO: CovBayes plan score=1.40 (predicts 3 uncovered fns)
2026-05-29 12:15:52,235 INFO: CovBayes plan score=0.35 (predicts 0 uncovered fns)
2026-05-29 12:15:52,343 INFO: CovBayes plan score=0.77 (predicts 0 uncovered fns)
2026-05-29 12:15:52,753 INFO: CovBayes plan score=1.14 (predicts 2 uncovered fns)
2026-05-29 12:15:52,776 INFO: CovBayes plan score=0.89 (predicts 2 uncovered fns)
  [34/93] rich.traceback seed=42: {'cov_bayes': 69}
2026-05-29 12:15:54,249 INFO: CovBayes plan score=0.00 (predicts 15 uncovered fns)
2026-05-29 12:15:54,345 INFO: CovBayes plan score=0.77 (predicts 0 uncovered fns)
2026-05-29 12:15:56,954 INFO: CovBayes plan score=0.63 (predicts 0 uncovered fns)
2026-05-29 12:15:58,396 INFO: CovBayes plan score=0.77 (predicts 0 uncovered fns)
2026-05-29 12:16:00,421 INFO: CovBayes plan score=1.24 (predicts 2 uncovered fns)
2026-05-29 12:16:02,558 INFO: CovBayes plan score=0.63 (predicts 0 uncovered fns)
2026-05-29 12:16:02,687 INFO: CovBayes plan score=1.10 (predicts 0 uncovered fns)
2026-05-29 12:16:03,172 INFO: CovBayes plan score=0.74 (predicts 2 uncovered fns)
2026-05-29 12:16:03,533 INFO: CovBayes plan score=0.76 (predicts 1 uncovered fns)
2026-05-29 12:16:05,283 INFO: CovBayes plan score=0.60 (predicts 0 uncovered fns)
2026-05-29 12:16:06,629 INFO: CovBayes plan score=0.41 (predicts 0 uncovered fns)
2026-05-29 12:16:06,680 INFO: CovBayes plan score=0.60 (predicts 0 uncovered fns)
2026-05-29 12:16:07,377 INFO: CovBayes plan score=1.28 (predicts 3 uncovered fns)
2026-05-29 12:16:07,984 INFO: CovBayes plan score=1.04 (predicts 2 uncovered fns)
2026-05-29 12:16:08,986 INFO: CovBayes plan score=1.10 (predicts 0 uncovered fns)
2026-05-29 12:16:09,723 INFO: CovBayes plan score=1.10 (predicts 0 uncovered fns)
2026-05-29 12:16:09,751 INFO: CovBayes plan score=0.85 (predicts 2 uncovered fns)
2026-05-29 12:16:10,078 INFO: CovBayes plan score=2.89 (predicts 7 uncovered fns)
2026-05-29 12:16:10,156 INFO: CovBayes plan score=0.60 (predicts 0 uncovered fns)
2026-05-29 12:16:11,307 INFO: CovBayes plan score=1.30 (predicts 2 uncovered fns)
2026-05-29 12:16:11,925 INFO: CovBayes plan score=1.30 (predicts 2 uncovered fns)
2026-05-29 12:16:12,498 INFO: CovBayes plan score=1.30 (predicts 2 uncovered fns)
2026-05-29 12:16:12,692 INFO: CovBayes plan score=1.62 (predicts 0 uncovered fns)
2026-05-29 12:16:12,908 INFO: CovBayes plan score=1.05 (predicts 0 uncovered fns)
2026-05-29 12:16:13,390 INFO: CovBayes plan score=1.05 (predicts 0 uncovered fns)
2026-05-29 12:16:14,481 INFO: CovBayes plan score=0.41 (predicts 0 uncovered fns)
2026-05-29 12:16:16,075 INFO: CovBayes plan score=0.40 (predicts 0 uncovered fns)
2026-05-29 12:16:16,338 INFO: CovBayes plan score=1.16 (predicts 3 uncovered fns)
2026-05-29 12:16:16,435 INFO: CovBayes plan score=0.72 (predicts 1 uncovered fns)
2026-05-29 12:16:16,478 INFO: CovBayes plan score=0.32 (predicts 0 uncovered fns)
2026-05-29 12:16:16,604 INFO: CovBayes plan score=1.05 (predicts 0 uncovered fns)
2026-05-29 12:16:16,878 INFO: CovBayes plan score=0.15 (predicts 0 uncovered fns)
2026-05-29 12:16:16,885 INFO: CovBayes plan score=1.16 (predicts 3 uncovered fns)
2026-05-29 12:16:17,413 INFO: CovBayes plan score=1.04 (predicts 2 uncovered fns)
2026-05-29 12:16:17,458 INFO: CovBayes plan score=0.79 (predicts 2 uncovered fns)
2026-05-29 12:16:17,504 INFO: CovBayes plan score=1.16 (predicts 3 uncovered fns)
2026-05-29 12:16:17,992 INFO: CovBayes plan score=0.51 (predicts 1 uncovered fns)
2026-05-29 12:16:20,291 INFO: CovBayes plan score=1.62 (predicts 0 uncovered fns)
2026-05-29 12:16:21,147 INFO: CovBayes plan score=0.00 (predicts 15 uncovered fns)
2026-05-29 12:16:24,318 INFO: CovBayes plan score=0.35 (predicts 0 uncovered fns)
2026-05-29 12:16:24,460 INFO: CovBayes plan score=0.77 (predicts 0 uncovered fns)
2026-05-29 12:16:25,106 INFO: CovBayes plan score=0.00 (predicts 15 uncovered fns)
2026-05-29 12:16:26,111 INFO: CovBayes plan score=1.62 (predicts 0 uncovered fns)
2026-05-29 12:16:26,411 INFO: CovBayes plan score=0.38 (predicts 0 uncovered fns)
2026-05-29 12:16:27,439 INFO: CovBayes plan score=0.77 (predicts 0 uncovered fns)
2026-05-29 12:16:28,488 INFO: CovBayes plan score=0.38 (predicts 0 uncovered fns)
2026-05-29 12:16:29,067 INFO: CovBayes plan score=0.63 (predicts 0 uncovered fns)
2026-05-29 12:16:29,116 INFO: CovBayes plan score=0.35 (predicts 0 uncovered fns)
2026-05-29 12:16:31,538 INFO: CovBayes plan score=0.24 (predicts 0 uncovered fns)
2026-05-29 12:16:31,724 INFO: CovBayes plan score=0.61 (predicts 2 uncovered fns)
2026-05-29 12:16:32,104 INFO: CovBayes plan score=0.77 (predicts 0 uncovered fns)
2026-05-29 12:16:32,206 INFO: CovBayes plan score=0.60 (predicts 0 uncovered fns)
2026-05-29 12:16:34,431 INFO: CovBayes plan score=0.35 (predicts 0 uncovered fns)
2026-05-29 12:16:34,711 INFO: CovBayes plan score=0.63 (predicts 0 uncovered fns)
2026-05-29 12:16:34,959 INFO: CovBayes plan score=0.83 (predicts 2 uncovered fns)
2026-05-29 12:16:35,973 INFO: CovBayes plan score=1.32 (predicts 5 uncovered fns)
2026-05-29 12:16:36,124 INFO: CovBayes plan score=0.24 (predicts 0 uncovered fns)
2026-05-29 12:16:36,817 INFO: CovBayes plan score=0.60 (predicts 0 uncovered fns)
2026-05-29 12:16:39,504 INFO: CovBayes plan score=0.24 (predicts 0 uncovered fns)
2026-05-29 12:16:39,867 INFO: CovBayes plan score=0.63 (predicts 0 uncovered fns)
2026-05-29 12:16:40,236 INFO: CovBayes plan score=1.10 (predicts 0 uncovered fns)
2026-05-29 12:16:40,259 INFO: CovBayes plan score=0.60 (predicts 0 uncovered fns)
2026-05-29 12:16:40,362 INFO: CovBayes plan score=0.63 (predicts 1 uncovered fns)
2026-05-29 12:16:40,805 INFO: CovBayes plan score=0.51 (predicts 0 uncovered fns)
2026-05-29 12:16:41,322 INFO: CovBayes plan score=1.11 (predicts 2 uncovered fns)
2026-05-29 12:16:41,623 INFO: CovBayes plan score=1.01 (predicts 3 uncovered fns)
2026-05-29 12:16:41,646 INFO: CovBayes plan score=0.63 (predicts 1 uncovered fns)
2026-05-29 12:16:42,176 INFO: CovBayes plan score=1.01 (predicts 3 uncovered fns)
2026-05-29 12:16:42,305 INFO: CovBayes plan score=1.05 (predicts 0 uncovered fns)
2026-05-29 12:16:42,469 INFO: CovBayes plan score=0.62 (predicts 1 uncovered fns)
2026-05-29 12:16:44,091 INFO: CovBayes plan score=1.10 (predicts 0 uncovered fns)
2026-05-29 12:16:44,374 INFO: CovBayes plan score=1.10 (predicts 0 uncovered fns)
2026-05-29 12:16:44,794 INFO: CovBayes plan score=0.41 (predicts 0 uncovered fns)
2026-05-29 12:16:45,600 INFO: CovBayes plan score=1.05 (predicts 0 uncovered fns)
2026-05-29 12:16:45,622 INFO: CovBayes plan score=0.00 (predicts 19 uncovered fns)
2026-05-29 12:16:46,139 INFO: CovBayes plan score=1.05 (predicts 0 uncovered fns)
2026-05-29 12:16:47,114 INFO: CovBayes plan score=1.74 (predicts 3 uncovered fns)
2026-05-29 12:16:47,437 INFO: CovBayes plan score=1.74 (predicts 3 uncovered fns)
2026-05-29 12:16:47,855 INFO: CovBayes plan score=0.41 (predicts 0 uncovered fns)
2026-05-29 12:16:48,666 INFO: CovBayes plan score=0.36 (predicts 2 uncovered fns)
2026-05-29 12:16:48,982 INFO: CovBayes plan score=0.76 (predicts 2 uncovered fns)
2026-05-29 12:16:49,744 INFO: CovBayes plan score=0.00 (predicts 15 uncovered fns)
  [35/93] rich.style seed=42: {'cov_bayes': 76}
2026-05-29 12:16:56,215 INFO: CovBayes plan score=0.00 (predicts 15 uncovered fns)
2026-05-29 12:16:58,657 INFO: CovBayes plan score=0.77 (predicts 0 uncovered fns)
2026-05-29 12:17:00,131 INFO: CovBayes plan score=0.31 (predicts 0 uncovered fns)
2026-05-29 12:17:02,474 INFO: CovBayes plan score=0.57 (predicts 1 uncovered fns)
2026-05-29 12:17:02,779 INFO: CovBayes plan score=0.00 (predicts 15 uncovered fns)
2026-05-29 12:17:02,902 INFO: CovBayes plan score=0.60 (predicts 0 uncovered fns)
2026-05-29 12:17:03,408 INFO: CovBayes plan score=0.63 (predicts 2 uncovered fns)
2026-05-29 12:17:03,514 INFO: CovBayes plan score=0.35 (predicts 0 uncovered fns)
2026-05-29 12:17:03,768 INFO: CovBayes plan score=0.60 (predicts 0 uncovered fns)
2026-05-29 12:17:03,794 INFO: CovBayes plan score=0.38 (predicts 0 uncovered fns)
2026-05-29 12:17:04,141 INFO: CovBayes plan score=0.21 (predicts 0 uncovered fns)
2026-05-29 12:17:04,590 INFO: CovBayes plan score=0.60 (predicts 0 uncovered fns)
2026-05-29 12:17:05,357 INFO: CovBayes plan score=0.77 (predicts 0 uncovered fns)
2026-05-29 12:17:06,893 INFO: CovBayes plan score=1.64 (predicts 5 uncovered fns)
2026-05-29 12:17:07,291 INFO: CovBayes plan score=0.31 (predicts 0 uncovered fns)
2026-05-29 12:17:07,759 INFO: CovBayes plan score=1.62 (predicts 0 uncovered fns)
2026-05-29 12:17:07,894 INFO: CovBayes plan score=0.35 (predicts 0 uncovered fns)
2026-05-29 12:17:08,029 INFO: CovBayes plan score=1.07 (predicts 2 uncovered fns)
2026-05-29 12:17:08,278 INFO: CovBayes plan score=0.58 (predicts 1 uncovered fns)
2026-05-29 12:17:08,400 INFO: CovBayes plan score=3.52 (predicts 17 uncovered fns)
2026-05-29 12:17:08,760 INFO: CovBayes plan score=0.91 (predicts 3 uncovered fns)
  [36/93] rich.color seed=42: {'cov_bayes': 26}
2026-05-29 12:17:09,408 INFO: CovBayes plan score=0.24 (predicts 0 uncovered fns)
2026-05-29 12:17:09,432 INFO: CovBayes plan score=0.63 (predicts 0 uncovered fns)
2026-05-29 12:17:10,720 INFO: CovBayes plan score=0.21 (predicts 0 uncovered fns)
2026-05-29 12:17:11,126 INFO: CovBayes plan score=0.77 (predicts 0 uncovered fns)
2026-05-29 12:17:11,192 INFO: CovBayes plan score=1.15 (predicts 0 uncovered fns)
2026-05-29 12:17:11,793 INFO: CovBayes plan score=1.05 (predicts 0 uncovered fns)
2026-05-29 12:17:11,813 INFO: CovBayes plan score=0.35 (predicts 0 uncovered fns)
2026-05-29 12:17:11,889 INFO: CovBayes plan score=1.10 (predicts 0 uncovered fns)
2026-05-29 12:17:12,158 INFO: CovBayes plan score=1.10 (predicts 0 uncovered fns)
2026-05-29 12:17:12,275 INFO: CovBayes plan score=1.05 (predicts 0 uncovered fns)
2026-05-29 12:17:12,543 INFO: CovBayes plan score=0.24 (predicts 0 uncovered fns)
2026-05-29 12:17:12,703 INFO: CovBayes plan score=1.10 (predicts 0 uncovered fns)
2026-05-29 12:17:12,725 INFO: CovBayes plan score=1.05 (predicts 0 uncovered fns)
2026-05-29 12:17:12,829 INFO: CovBayes plan score=0.50 (predicts 0 uncovered fns)
2026-05-29 12:17:13,055 INFO: CovBayes plan score=1.15 (predicts 0 uncovered fns)
2026-05-29 12:17:13,334 INFO: CovBayes plan score=1.62 (predicts 0 uncovered fns)
2026-05-29 12:17:13,694 INFO: CovBayes plan score=1.19 (predicts 4 uncovered fns)
2026-05-29 12:17:13,776 INFO: CovBayes plan score=2.61 (predicts 3 uncovered fns)
2026-05-29 12:17:14,515 INFO: CovBayes plan score=0.63 (predicts 0 uncovered fns)
2026-05-29 12:17:15,788 INFO: CovBayes plan score=0.27 (predicts 0 uncovered fns)
2026-05-29 12:17:16,103 INFO: CovBayes plan score=1.24 (predicts 3 uncovered fns)
2026-05-29 12:17:16,427 INFO: CovBayes plan score=1.24 (predicts 3 uncovered fns)
2026-05-29 12:17:18,494 INFO: CovBayes plan score=0.24 (predicts 0 uncovered fns)
2026-05-29 12:17:20,308 INFO: CovBayes plan score=0.63 (predicts 0 uncovered fns)
2026-05-29 12:17:20,431 INFO: CovBayes plan score=1.62 (predicts 0 uncovered fns)
  [37/93] rich.segment seed=42: {'cov_bayes': 60}
2026-05-29 12:17:21,105 INFO: CovBayes plan score=2.30 (predicts 2 uncovered fns)
  [38/93] jinja2.filters seed=42: {'cov_bayes': 127}
2026-05-29 12:17:21,593 INFO: CovBayes plan score=1.82 (predicts 1 uncovered fns)
2026-05-29 12:17:21,636 INFO: CovBayes plan score=0.78 (predicts 2 uncovered fns)
2026-05-29 12:17:21,893 INFO: CovBayes plan score=1.82 (predicts 1 uncovered fns)
2026-05-29 12:17:25,298 INFO: CovBayes plan score=0.37 (predicts 0 uncovered fns)
2026-05-29 12:17:25,778 INFO: CovBayes plan score=0.60 (predicts 0 uncovered fns)
2026-05-29 12:17:27,169 INFO: CovBayes plan score=0.60 (predicts 0 uncovered fns)
2026-05-29 12:17:27,915 INFO: CovBayes plan score=0.47 (predicts 1 uncovered fns)
2026-05-29 12:17:28,072 INFO: CovBayes plan score=0.60 (predicts 0 uncovered fns)
2026-05-29 12:17:29,548 INFO: CovBayes plan score=0.38 (predicts 1 uncovered fns)
2026-05-29 12:17:30,942 INFO: CovBayes plan score=0.70 (predicts 4 uncovered fns)
2026-05-29 12:17:33,869 INFO: CovBayes plan score=0.88 (predicts 3 uncovered fns)
2026-05-29 12:17:34,522 INFO: CovBayes plan score=0.88 (predicts 3 uncovered fns)
2026-05-29 12:17:35,100 INFO: CovBayes plan score=0.88 (predicts 3 uncovered fns)
2026-05-29 12:17:36,266 INFO: CovBayes plan score=0.31 (predicts 0 uncovered fns)
2026-05-29 12:17:36,986 INFO: CovBayes plan score=0.70 (predicts 1 uncovered fns)
2026-05-29 12:17:37,318 INFO: CovBayes plan score=0.70 (predicts 1 uncovered fns)
2026-05-29 12:17:37,634 INFO: CovBayes plan score=0.70 (predicts 1 uncovered fns)
2026-05-29 12:17:39,548 INFO: CovBayes plan score=1.05 (predicts 0 uncovered fns)
2026-05-29 12:17:40,822 INFO: CovBayes plan score=0.77 (predicts 0 uncovered fns)
  [39/93] rich.layout seed=42: {'cov_bayes': 17}
2026-05-29 12:17:42,807 INFO: CovBayes plan score=4.15 (predicts 7 uncovered fns)
2026-05-29 12:17:43,546 INFO: CovBayes plan score=1.05 (predicts 0 uncovered fns)
2026-05-29 12:17:43,571 INFO: CovBayes plan score=0.77 (predicts 0 uncovered fns)
2026-05-29 12:17:43,617 INFO: CovBayes plan score=2.20 (predicts 3 uncovered fns)
2026-05-29 12:17:44,642 INFO: CovBayes plan score=1.05 (predicts 0 uncovered fns)
2026-05-29 12:17:45,219 INFO: CovBayes plan score=3.66 (predicts 6 uncovered fns)
2026-05-29 12:17:47,377 INFO: CovBayes plan score=3.64 (predicts 5 uncovered fns)
2026-05-29 12:17:47,668 INFO: CovBayes plan score=0.77 (predicts 0 uncovered fns)
2026-05-29 12:17:47,879 INFO: CovBayes plan score=4.13 (predicts 6 uncovered fns)
2026-05-29 12:17:48,361 INFO: CovBayes plan score=1.54 (predicts 12 uncovered fns)
2026-05-29 12:17:48,361 INFO: CovBayes plan score=0.48 (predicts 0 uncovered fns)
2026-05-29 12:17:48,506 INFO: CovBayes plan score=4.12 (predicts 6 uncovered fns)
2026-05-29 12:17:50,529 INFO: CovBayes plan score=0.63 (predicts 0 uncovered fns)
  [40/93] jinja2.runtime seed=42: {'cov_bayes': 66}
2026-05-29 12:17:51,487 INFO: CovBayes plan score=0.00 (predicts 19 uncovered fns)
2026-05-29 12:17:51,818 INFO: CovBayes plan score=0.99 (predicts 3 uncovered fns)
2026-05-29 12:17:52,747 INFO: CovBayes plan score=1.68 (predicts 5 uncovered fns)
2026-05-29 12:17:54,188 INFO: CovBayes plan score=0.60 (predicts 0 uncovered fns)
2026-05-29 12:17:54,359 INFO: CovBayes plan score=0.70 (predicts 2 uncovered fns)
2026-05-29 12:17:54,555 INFO: CovBayes plan score=0.24 (predicts 0 uncovered fns)
2026-05-29 12:17:54,731 INFO: CovBayes plan score=0.37 (predicts 0 uncovered fns)
2026-05-29 12:17:55,281 INFO: CovBayes plan score=13.13 (predicts 24 uncovered fns)
2026-05-29 12:17:55,420 INFO: CovBayes plan score=0.51 (predicts 1 uncovered fns)
2026-05-29 12:17:56,192 INFO: CovBayes plan score=0.48 (predicts 0 uncovered fns)
2026-05-29 12:17:56,516 INFO: CovBayes plan score=0.63 (predicts 0 uncovered fns)
2026-05-29 12:17:57,421 INFO: CovBayes plan score=0.81 (predicts 3 uncovered fns)
2026-05-29 12:17:57,933 INFO: CovBayes plan score=0.81 (predicts 3 uncovered fns)
2026-05-29 12:17:58,215 INFO: CovBayes plan score=0.60 (predicts 0 uncovered fns)
2026-05-29 12:17:58,466 INFO: CovBayes plan score=0.81 (predicts 3 uncovered fns)
2026-05-29 12:17:58,538 INFO: CovBayes plan score=0.24 (predicts 0 uncovered fns)
2026-05-29 12:17:58,916 INFO: CovBayes plan score=0.16 (predicts 0 uncovered fns)
2026-05-29 12:18:01,179 INFO: CovBayes plan score=0.60 (predicts 0 uncovered fns)
2026-05-29 12:18:01,932 INFO: CovBayes plan score=11.19 (predicts 21 uncovered fns)
2026-05-29 12:18:02,110 INFO: CovBayes plan score=1.62 (predicts 0 uncovered fns)
2026-05-29 12:18:02,404 INFO: CovBayes plan score=0.21 (predicts 0 uncovered fns)
2026-05-29 12:18:02,535 INFO: CovBayes plan score=0.48 (predicts 0 uncovered fns)
2026-05-29 12:18:02,844 INFO: CovBayes plan score=0.24 (predicts 0 uncovered fns)
2026-05-29 12:18:03,367 INFO: CovBayes plan score=2.05 (predicts 17 uncovered fns)
2026-05-29 12:18:04,125 INFO: CovBayes plan score=0.21 (predicts 0 uncovered fns)
2026-05-29 12:18:04,339 INFO: CovBayes plan score=0.63 (predicts 0 uncovered fns)
  [41/93] jinja2.ext seed=42: {'cov_bayes': 4}
2026-05-29 12:18:05,758 INFO: CovBayes plan score=0.21 (predicts 0 uncovered fns)
2026-05-29 12:18:06,928 INFO: CovBayes plan score=4.21 (predicts 9 uncovered fns)
2026-05-29 12:18:07,346 INFO: CovBayes plan score=1.62 (predicts 0 uncovered fns)
2026-05-29 12:18:07,821 INFO: CovBayes plan score=11.68 (predicts 20 uncovered fns)
2026-05-29 12:18:09,706 INFO: CovBayes plan score=0.62 (predicts 1 uncovered fns)
2026-05-29 12:18:09,943 INFO: CovBayes plan score=0.62 (predicts 1 uncovered fns)
2026-05-29 12:18:10,175 INFO: CovBayes plan score=0.62 (predicts 1 uncovered fns)
2026-05-29 12:18:10,647 INFO: CovBayes plan score=0.20 (predicts 0 uncovered fns)
2026-05-29 12:18:11,066 INFO: CovBayes plan score=0.20 (predicts 0 uncovered fns)
  [42/93] jinja2.environment seed=42: {'cov_bayes': 76}
2026-05-29 12:18:12,225 INFO: CovBayes plan score=1.54 (predicts 2 uncovered fns)
2026-05-29 12:18:12,545 INFO: CovBayes plan score=2.79 (predicts 5 uncovered fns)
2026-05-29 12:18:13,060 INFO: CovBayes plan score=1.29 (predicts 2 uncovered fns)
2026-05-29 12:18:13,061 INFO: CovBayes plan score=3.28 (predicts 6 uncovered fns)
2026-05-29 12:18:13,609 INFO: CovBayes plan score=3.28 (predicts 6 uncovered fns)
2026-05-29 12:18:13,654 INFO: CovBayes plan score=0.83 (predicts 3 uncovered fns)
2026-05-29 12:18:13,987 INFO: CovBayes plan score=0.83 (predicts 3 uncovered fns)
2026-05-29 12:18:14,319 INFO: CovBayes plan score=0.83 (predicts 3 uncovered fns)
2026-05-29 12:18:15,685 INFO: CovBayes plan score=1.77 (predicts 3 uncovered fns)
2026-05-29 12:18:15,969 INFO: CovBayes plan score=1.62 (predicts 0 uncovered fns)
2026-05-29 12:18:16,308 INFO: CovBayes plan score=0.77 (predicts 0 uncovered fns)
2026-05-29 12:18:17,333 INFO: CovBayes plan score=0.49 (predicts 1 uncovered fns)
2026-05-29 12:18:17,654 INFO: CovBayes plan score=0.37 (predicts 0 uncovered fns)
2026-05-29 12:18:18,087 INFO: CovBayes plan score=0.37 (predicts 0 uncovered fns)
2026-05-29 12:18:19,879 INFO: CovBayes plan score=0.77 (predicts 0 uncovered fns)
2026-05-29 12:18:23,406 INFO: CovBayes plan score=0.77 (predicts 0 uncovered fns)
2026-05-29 12:18:23,458 INFO: CovBayes plan score=1.89 (predicts 6 uncovered fns)
2026-05-29 12:18:25,743 INFO: CovBayes plan score=3.39 (predicts 6 uncovered fns)
2026-05-29 12:18:27,002 INFO: CovBayes plan score=0.60 (predicts 0 uncovered fns)
2026-05-29 12:18:27,897 INFO: CovBayes plan score=3.39 (predicts 6 uncovered fns)
2026-05-29 12:18:28,183 INFO: CovBayes plan score=0.74 (predicts 1 uncovered fns)
2026-05-29 12:18:28,593 INFO: CovBayes plan score=0.74 (predicts 1 uncovered fns)
2026-05-29 12:18:29,003 INFO: CovBayes plan score=0.74 (predicts 1 uncovered fns)
2026-05-29 12:18:32,826 INFO: CovBayes plan score=0.60 (predicts 0 uncovered fns)
2026-05-29 12:18:34,028 INFO: CovBayes plan score=0.63 (predicts 0 uncovered fns)
2026-05-29 12:18:34,240 INFO: CovBayes plan score=0.60 (predicts 0 uncovered fns)
2026-05-29 12:18:36,490 INFO: CovBayes plan score=2.37 (predicts 5 uncovered fns)
2026-05-29 12:18:36,814 INFO: CovBayes plan score=2.37 (predicts 5 uncovered fns)
2026-05-29 12:18:37,143 INFO: CovBayes plan score=2.37 (predicts 5 uncovered fns)
2026-05-29 12:18:37,384 INFO: CovBayes plan score=0.15 (predicts 0 uncovered fns)
2026-05-29 12:18:37,786 INFO: CovBayes plan score=0.63 (predicts 0 uncovered fns)
2026-05-29 12:18:41,444 INFO: CovBayes plan score=0.61 (predicts 1 uncovered fns)
2026-05-29 12:18:41,631 INFO: CovBayes plan score=0.73 (predicts 3 uncovered fns)
2026-05-29 12:18:41,933 INFO: CovBayes plan score=4.26 (predicts 10 uncovered fns)
2026-05-29 12:18:42,043 INFO: CovBayes plan score=0.73 (predicts 3 uncovered fns)
2026-05-29 12:18:42,392 INFO: CovBayes plan score=0.12 (predicts 0 uncovered fns)
2026-05-29 12:18:42,393 INFO: CovBayes plan score=0.73 (predicts 3 uncovered fns)
2026-05-29 12:18:42,596 INFO: CovBayes plan score=6.12 (predicts 9 uncovered fns)
2026-05-29 12:18:42,960 INFO: CovBayes plan score=0.63 (predicts 0 uncovered fns)
2026-05-29 12:18:43,422 INFO: CovBayes plan score=0.93 (predicts 2 uncovered fns)
2026-05-29 12:18:43,831 INFO: CovBayes plan score=0.28 (predicts 6 uncovered fns)
2026-05-29 12:18:43,856 INFO: CovBayes plan score=0.88 (predicts 3 uncovered fns)
2026-05-29 12:18:44,483 INFO: CovBayes plan score=3.28 (predicts 6 uncovered fns)
2026-05-29 12:18:44,530 INFO: CovBayes plan score=0.04 (predicts 0 uncovered fns)
2026-05-29 12:18:44,588 INFO: CovBayes plan score=2.81 (predicts 4 uncovered fns)
2026-05-29 12:18:44,909 INFO: CovBayes plan score=0.48 (predicts 1 uncovered fns)
2026-05-29 12:18:44,957 INFO: CovBayes plan score=0.12 (predicts 0 uncovered fns)
2026-05-29 12:18:45,028 INFO: CovBayes plan score=0.15 (predicts 0 uncovered fns)
2026-05-29 12:18:45,322 INFO: CovBayes plan score=0.21 (predicts 0 uncovered fns)
2026-05-29 12:18:45,588 INFO: CovBayes plan score=0.88 (predicts 3 uncovered fns)
2026-05-29 12:18:45,978 INFO: CovBayes plan score=0.15 (predicts 0 uncovered fns)
2026-05-29 12:18:46,300 INFO: CovBayes plan score=0.85 (predicts 1 uncovered fns)
2026-05-29 12:18:46,585 INFO: CovBayes plan score=0.21 (predicts 0 uncovered fns)
2026-05-29 12:18:47,010 INFO: CovBayes plan score=0.85 (predicts 1 uncovered fns)
2026-05-29 12:18:47,599 INFO: CovBayes plan score=0.12 (predicts 0 uncovered fns)
2026-05-29 12:18:48,171 INFO: CovBayes plan score=2.47 (predicts 5 uncovered fns)
2026-05-29 12:18:49,792 INFO: CovBayes plan score=0.77 (predicts 0 uncovered fns)
  [43/93] jinja2.nodes seed=42: {'cov_bayes': 11}
2026-05-29 12:18:51,521 INFO: CovBayes plan score=1.00 (predicts 7 uncovered fns)
  [44/93] jinja2.loaders seed=42: {'cov_bayes': 25}
2026-05-29 12:18:55,030 INFO: CovBayes plan score=0.77 (predicts 0 uncovered fns)
2026-05-29 12:18:55,150 INFO: CovBayes plan score=0.12 (predicts 0 uncovered fns)
2026-05-29 12:18:58,610 INFO: CovBayes plan score=0.60 (predicts 0 uncovered fns)
2026-05-29 12:18:59,045 INFO: CovBayes plan score=0.77 (predicts 0 uncovered fns)
2026-05-29 12:18:59,458 INFO: CovBayes plan score=0.60 (predicts 0 uncovered fns)
2026-05-29 12:18:59,572 INFO: CovBayes plan score=0.00 (predicts 16 uncovered fns)
2026-05-29 12:19:00,154 INFO: CovBayes plan score=1.62 (predicts 0 uncovered fns)
2026-05-29 12:19:01,026 INFO: CovBayes plan score=2.12 (predicts 5 uncovered fns)
2026-05-29 12:19:01,182 INFO: CovBayes plan score=0.24 (predicts 0 uncovered fns)
2026-05-29 12:19:01,350 INFO: CovBayes plan score=2.12 (predicts 5 uncovered fns)
2026-05-29 12:19:01,709 INFO: CovBayes plan score=0.24 (predicts 0 uncovered fns)
2026-05-29 12:19:01,811 INFO: CovBayes plan score=2.12 (predicts 5 uncovered fns)
2026-05-29 12:19:01,962 INFO: CovBayes plan score=0.39 (predicts 0 uncovered fns)
2026-05-29 12:19:02,881 INFO: CovBayes plan score=0.39 (predicts 0 uncovered fns)
2026-05-29 12:19:02,924 INFO: CovBayes plan score=0.60 (predicts 0 uncovered fns)
2026-05-29 12:19:03,830 INFO: CovBayes plan score=0.39 (predicts 0 uncovered fns)
2026-05-29 12:19:04,939 INFO: CovBayes plan score=2.68 (predicts 5 uncovered fns)
  [45/93] jinja2.parser seed=42: {'cov_bayes': 13}
2026-05-29 12:19:07,111 INFO: CovBayes plan score=1.62 (predicts 0 uncovered fns)
2026-05-29 12:19:07,676 INFO: CovBayes plan score=3.65 (predicts 7 uncovered fns)
2026-05-29 12:19:09,509 INFO: CovBayes plan score=2.68 (predicts 5 uncovered fns)
  [46/93] jinja2.utils seed=42: {'cov_bayes': 11}
2026-05-29 12:19:12,028 INFO: CovBayes plan score=0.66 (predicts 3 uncovered fns)
2026-05-29 12:19:12,505 INFO: CovBayes plan score=0.66 (predicts 3 uncovered fns)
2026-05-29 12:19:13,091 INFO: CovBayes plan score=1.62 (predicts 0 uncovered fns)
2026-05-29 12:19:14,035 INFO: CovBayes plan score=0.76 (predicts 1 uncovered fns)
2026-05-29 12:19:14,434 INFO: CovBayes plan score=0.76 (predicts 1 uncovered fns)
2026-05-29 12:19:15,110 INFO: CovBayes plan score=1.24 (predicts 2 uncovered fns)
2026-05-29 12:19:16,646 INFO: CovBayes plan score=0.14 (predicts 0 uncovered fns)
2026-05-29 12:19:16,902 INFO: CovBayes plan score=0.16 (predicts 0 uncovered fns)
2026-05-29 12:19:18,031 INFO: CovBayes plan score=0.44 (predicts 1 uncovered fns)
2026-05-29 12:19:18,642 INFO: CovBayes plan score=0.16 (predicts 0 uncovered fns)
2026-05-29 12:19:18,802 INFO: CovBayes plan score=0.64 (predicts 3 uncovered fns)
2026-05-29 12:19:19,603 INFO: CovBayes plan score=0.93 (predicts 2 uncovered fns)
2026-05-29 12:19:20,081 INFO: CovBayes plan score=0.43 (predicts 19 uncovered fns)
2026-05-29 12:19:20,107 INFO: CovBayes plan score=0.14 (predicts 0 uncovered fns)
2026-05-29 12:19:20,242 INFO: CovBayes plan score=0.11 (predicts 0 uncovered fns)
2026-05-29 12:19:20,550 INFO: CovBayes plan score=0.44 (predicts 1 uncovered fns)
2026-05-29 12:19:20,577 INFO: CovBayes plan score=0.16 (predicts 0 uncovered fns)
2026-05-29 12:19:20,633 INFO: CovBayes plan score=0.74 (predicts 1 uncovered fns)
2026-05-29 12:19:20,953 INFO: CovBayes plan score=0.74 (predicts 1 uncovered fns)
2026-05-29 12:19:21,272 INFO: CovBayes plan score=0.74 (predicts 1 uncovered fns)
2026-05-29 12:19:22,445 INFO: CovBayes plan score=0.04 (predicts 0 uncovered fns)
2026-05-29 12:19:22,806 INFO: CovBayes plan score=1.95 (predicts 5 uncovered fns)
2026-05-29 12:19:23,197 INFO: CovBayes plan score=1.95 (predicts 5 uncovered fns)
2026-05-29 12:19:23,244 INFO: CovBayes plan score=0.04 (predicts 0 uncovered fns)
2026-05-29 12:19:23,492 INFO: CovBayes plan score=1.95 (predicts 5 uncovered fns)
2026-05-29 12:19:23,703 INFO: CovBayes plan score=0.36 (predicts 0 uncovered fns)
2026-05-29 12:19:25,370 INFO: CovBayes plan score=0.14 (predicts 0 uncovered fns)
2026-05-29 12:19:30,104 INFO: CovBayes plan score=0.24 (predicts 0 uncovered fns)
2026-05-29 12:19:30,267 INFO: CovBayes plan score=0.39 (predicts 0 uncovered fns)
2026-05-29 12:19:31,335 INFO: CovBayes plan score=0.24 (predicts 0 uncovered fns)
2026-05-29 12:19:31,859 INFO: CovBayes plan score=0.39 (predicts 0 uncovered fns)
2026-05-29 12:19:32,747 INFO: CovBayes plan score=0.24 (predicts 0 uncovered fns)
2026-05-29 12:19:33,267 INFO: CovBayes plan score=1.05 (predicts 0 uncovered fns)
2026-05-29 12:19:33,526 INFO: CovBayes plan score=0.39 (predicts 0 uncovered fns)
2026-05-29 12:19:33,826 INFO: CovBayes plan score=0.91 (predicts 2 uncovered fns)
2026-05-29 12:19:34,205 INFO: CovBayes plan score=0.11 (predicts 0 uncovered fns)
2026-05-29 12:19:34,445 INFO: CovBayes plan score=0.12 (predicts 0 uncovered fns)
2026-05-29 12:19:36,283 INFO: CovBayes plan score=0.11 (predicts 0 uncovered fns)
2026-05-29 12:19:37,880 INFO: CovBayes plan score=0.00 (predicts 8 uncovered fns)
2026-05-29 12:19:38,839 INFO: CovBayes plan score=8.36 (predicts 15 uncovered fns)
2026-05-29 12:19:39,694 INFO: CovBayes plan score=1.01 (predicts 6 uncovered fns)
2026-05-29 12:19:39,963 INFO: CovBayes plan score=0.00 (predicts 8 uncovered fns)
2026-05-29 12:19:42,966 INFO: CovBayes plan score=1.09 (predicts 1 uncovered fns)
2026-05-29 12:19:45,608 INFO: CovBayes plan score=2.67 (predicts 5 uncovered fns)
2026-05-29 12:19:46,592 INFO: CovBayes plan score=0.11 (predicts 0 uncovered fns)
2026-05-29 12:19:49,670 INFO: CovBayes plan score=1.59 (predicts 0 uncovered fns)
2026-05-29 12:19:50,472 INFO: CovBayes plan score=0.16 (predicts 0 uncovered fns)
2026-05-29 12:19:50,789 INFO: CovBayes plan score=0.48 (predicts 1 uncovered fns)
2026-05-29 12:19:50,896 INFO: CovBayes plan score=0.69 (predicts 1 uncovered fns)
2026-05-29 12:19:51,233 INFO: CovBayes plan score=0.69 (predicts 1 uncovered fns)
2026-05-29 12:19:51,344 INFO: CovBayes plan score=0.00 (predicts 16 uncovered fns)
2026-05-29 12:19:51,366 INFO: CovBayes plan score=1.83 (predicts 5 uncovered fns)
2026-05-29 12:19:51,390 INFO: CovBayes plan score=0.11 (predicts 0 uncovered fns)
2026-05-29 12:19:51,631 INFO: CovBayes plan score=0.69 (predicts 1 uncovered fns)
2026-05-29 12:19:51,731 INFO: CovBayes plan score=1.83 (predicts 5 uncovered fns)
2026-05-29 12:19:51,804 INFO: CovBayes plan score=0.24 (predicts 0 uncovered fns)
2026-05-29 12:19:52,081 INFO: CovBayes plan score=1.83 (predicts 5 uncovered fns)
2026-05-29 12:19:52,525 INFO: CovBayes plan score=1.62 (predicts 0 uncovered fns)
2026-05-29 12:19:52,628 INFO: CovBayes plan score=0.16 (predicts 0 uncovered fns)
2026-05-29 12:19:52,788 INFO: CovBayes plan score=0.46 (predicts 3 uncovered fns)
2026-05-29 12:19:53,098 INFO: CovBayes plan score=0.00 (predicts 8 uncovered fns)
2026-05-29 12:19:53,338 INFO: CovBayes plan score=0.36 (predicts 1 uncovered fns)
2026-05-29 12:19:54,503 INFO: CovBayes plan score=0.00 (predicts 19 uncovered fns)
2026-05-29 12:19:54,836 INFO: CovBayes plan score=0.61 (predicts 3 uncovered fns)
2026-05-29 12:19:54,984 INFO: CovBayes plan score=1.10 (predicts 2 uncovered fns)
2026-05-29 12:19:55,204 INFO: CovBayes plan score=0.61 (predicts 3 uncovered fns)
2026-05-29 12:19:58,928 INFO: CovBayes plan score=0.24 (predicts 0 uncovered fns)
2026-05-29 12:19:59,171 INFO: CovBayes plan score=1.62 (predicts 0 uncovered fns)
2026-05-29 12:19:59,286 INFO: CovBayes plan score=0.24 (predicts 0 uncovered fns)
2026-05-29 12:19:59,481 INFO: CovBayes plan score=0.03 (predicts 0 uncovered fns)
2026-05-29 12:19:59,961 INFO: CovBayes plan score=8.94 (predicts 17 uncovered fns)
2026-05-29 12:20:00,551 INFO: CovBayes plan score=0.00 (predicts 4 uncovered fns)
2026-05-29 12:20:00,979 INFO: CovBayes plan score=0.39 (predicts 0 uncovered fns)
2026-05-29 12:20:01,437 INFO: CovBayes plan score=0.14 (predicts 0 uncovered fns)
  [47/93] jinja2.bccache seed=42: {'cov_bayes': 5}
2026-05-29 12:20:03,509 INFO: CovBayes plan score=0.39 (predicts 0 uncovered fns)
2026-05-29 12:20:04,061 INFO: CovBayes plan score=0.12 (predicts 0 uncovered fns)
2026-05-29 12:20:04,305 INFO: CovBayes plan score=0.00 (predicts 16 uncovered fns)
2026-05-29 12:20:05,549 INFO: CovBayes plan score=1.62 (predicts 0 uncovered fns)
2026-05-29 12:20:07,046 INFO: CovBayes plan score=0.38 (predicts 1 uncovered fns)
2026-05-29 12:20:07,200 INFO: CovBayes plan score=0.14 (predicts 0 uncovered fns)
2026-05-29 12:20:07,451 INFO: CovBayes plan score=0.00 (predicts 8 uncovered fns)
2026-05-29 12:20:09,050 INFO: CovBayes plan score=1.08 (predicts 3 uncovered fns)
2026-05-29 12:20:09,629 INFO: CovBayes plan score=0.80 (predicts 2 uncovered fns)
2026-05-29 12:20:10,977 INFO: CovBayes plan score=0.00 (predicts 8 uncovered fns)
  [48/93] jinja2.compiler seed=42: {'cov_bayes': 29}
2026-05-29 12:20:13,875 INFO: CovBayes plan score=0.39 (predicts 0 uncovered fns)
2026-05-29 12:20:14,549 INFO: CovBayes plan score=9.59 (predicts 18 uncovered fns)
2026-05-29 12:20:16,723 INFO: CovBayes plan score=3.87 (predicts 6 uncovered fns)
2026-05-29 12:20:20,125 INFO: CovBayes plan score=1.74 (predicts 5 uncovered fns)
2026-05-29 12:20:20,459 INFO: CovBayes plan score=1.74 (predicts 5 uncovered fns)
2026-05-29 12:20:20,793 INFO: CovBayes plan score=1.74 (predicts 5 uncovered fns)
2026-05-29 12:20:21,865 INFO: CovBayes plan score=0.11 (predicts 0 uncovered fns)
2026-05-29 12:20:22,335 INFO: CovBayes plan score=0.66 (predicts 1 uncovered fns)
2026-05-29 12:20:22,361 INFO: CovBayes plan score=3.67 (predicts 4 uncovered fns)
2026-05-29 12:20:22,689 INFO: CovBayes plan score=0.66 (predicts 1 uncovered fns)
2026-05-29 12:20:23,023 INFO: CovBayes plan score=0.66 (predicts 1 uncovered fns)
2026-05-29 12:20:25,628 INFO: CovBayes plan score=1.38 (predicts 2 uncovered fns)
2026-05-29 12:20:25,964 INFO: CovBayes plan score=0.31 (predicts 1 uncovered fns)
2026-05-29 12:20:26,955 INFO: CovBayes plan score=0.96 (predicts 0 uncovered fns)
2026-05-29 12:20:27,413 INFO: CovBayes plan score=4.29 (predicts 6 uncovered fns)
2026-05-29 12:20:27,483 INFO: CovBayes plan score=0.00 (predicts 8 uncovered fns)
  [49/93] httpx._models seed=42: {'cov_bayes': 82}
2026-05-29 12:20:28,550 INFO: CovBayes plan score=0.96 (predicts 3 uncovered fns)
2026-05-29 12:20:28,988 INFO: CovBayes plan score=0.33 (predicts 4 uncovered fns)
2026-05-29 12:20:29,160 INFO: CovBayes plan score=0.72 (predicts 2 uncovered fns)
2026-05-29 12:20:29,590 INFO: CovBayes plan score=0.00 (predicts 16 uncovered fns)
2026-05-29 12:20:29,852 INFO: CovBayes plan score=0.45 (predicts 3 uncovered fns)
2026-05-29 12:20:30,024 INFO: CovBayes plan score=1.21 (predicts 3 uncovered fns)
2026-05-29 12:20:30,361 INFO: CovBayes plan score=0.11 (predicts 0 uncovered fns)
2026-05-29 12:20:30,429 INFO: CovBayes plan score=0.35 (predicts 2 uncovered fns)
2026-05-29 12:20:31,316 INFO: CovBayes plan score=1.62 (predicts 12 uncovered fns)
2026-05-29 12:20:31,717 INFO: CovBayes plan score=0.24 (predicts 0 uncovered fns)
2026-05-29 12:20:32,932 INFO: CovBayes plan score=0.22 (predicts 0 uncovered fns)
2026-05-29 12:20:33,907 INFO: CovBayes plan score=0.77 (predicts 2 uncovered fns)
2026-05-29 12:20:34,037 INFO: CovBayes plan score=0.83 (predicts 1 uncovered fns)
2026-05-29 12:20:34,613 INFO: CovBayes plan score=1.31 (predicts 2 uncovered fns)
2026-05-29 12:20:35,028 INFO: CovBayes plan score=0.83 (predicts 1 uncovered fns)
2026-05-29 12:20:35,867 INFO: CovBayes plan score=0.12 (predicts 0 uncovered fns)
2026-05-29 12:20:36,255 INFO: CovBayes plan score=0.00 (predicts 16 uncovered fns)
2026-05-29 12:20:36,418 INFO: CovBayes plan score=0.11 (predicts 0 uncovered fns)
2026-05-29 12:20:36,532 INFO: CovBayes plan score=0.95 (predicts 0 uncovered fns)
2026-05-29 12:20:37,145 INFO: CovBayes plan score=0.12 (predicts 0 uncovered fns)
2026-05-29 12:20:37,266 INFO: CovBayes plan score=0.74 (predicts 2 uncovered fns)
2026-05-29 12:20:38,127 INFO: CovBayes plan score=0.00 (predicts 16 uncovered fns)
2026-05-29 12:20:38,128 INFO: CovBayes plan score=0.12 (predicts 0 uncovered fns)
2026-05-29 12:20:38,142 INFO: CovBayes plan score=0.24 (predicts 0 uncovered fns)
2026-05-29 12:20:38,260 INFO: CovBayes plan score=0.35 (predicts 0 uncovered fns)
2026-05-29 12:20:38,843 INFO: CovBayes plan score=0.39 (predicts 0 uncovered fns)
2026-05-29 12:20:39,391 INFO: CovBayes plan score=0.12 (predicts 0 uncovered fns)
2026-05-29 12:20:39,457 INFO: CovBayes plan score=0.35 (predicts 0 uncovered fns)
2026-05-29 12:20:39,613 INFO: CovBayes plan score=0.12 (predicts 0 uncovered fns)
2026-05-29 12:20:40,246 INFO: CovBayes plan score=0.39 (predicts 0 uncovered fns)
2026-05-29 12:20:41,624 INFO: CovBayes plan score=0.95 (predicts 0 uncovered fns)
2026-05-29 12:20:42,065 INFO: CovBayes plan score=0.39 (predicts 0 uncovered fns)
  [50/93] jinja2.lexer seed=42: {'cov_bayes': 89}
  [51/93] jinja2.sandbox seed=42: {'cov_bayes': 75}
2026-05-29 12:20:51,338 INFO: CovBayes plan score=0.95 (predicts 0 uncovered fns)
2026-05-29 12:20:52,939 INFO: CovBayes plan score=0.71 (predicts 8 uncovered fns)
2026-05-29 12:20:53,272 INFO: CovBayes plan score=0.64 (predicts 1 uncovered fns)
2026-05-29 12:20:53,607 INFO: CovBayes plan score=0.64 (predicts 1 uncovered fns)
2026-05-29 12:20:54,418 INFO: CovBayes plan score=1.59 (predicts 2 uncovered fns)
2026-05-29 12:20:55,263 INFO: CovBayes plan score=2.44 (predicts 5 uncovered fns)
2026-05-29 12:20:55,950 INFO: CovBayes plan score=2.16 (predicts 4 uncovered fns)
2026-05-29 12:20:56,612 INFO: CovBayes plan score=0.29 (predicts 1 uncovered fns)
2026-05-29 12:20:56,807 INFO: CovBayes plan score=1.59 (predicts 2 uncovered fns)
2026-05-29 12:20:56,994 INFO: CovBayes plan score=0.29 (predicts 1 uncovered fns)
2026-05-29 12:20:57,025 INFO: CovBayes plan score=1.06 (predicts 7 uncovered fns)
2026-05-29 12:20:58,192 INFO: CovBayes plan score=0.25 (predicts 4 uncovered fns)
2026-05-29 12:21:00,362 INFO: CovBayes plan score=1.44 (predicts 10 uncovered fns)
2026-05-29 12:21:00,651 INFO: CovBayes plan score=0.67 (predicts 8 uncovered fns)
2026-05-29 12:21:01,906 INFO: CovBayes plan score=0.82 (predicts 1 uncovered fns)
2026-05-29 12:21:02,258 INFO: CovBayes plan score=0.82 (predicts 1 uncovered fns)
2026-05-29 12:21:02,311 INFO: CovBayes plan score=0.37 (predicts 3 uncovered fns)
2026-05-29 12:21:02,405 INFO: CovBayes plan score=0.67 (predicts 8 uncovered fns)
2026-05-29 12:21:02,670 INFO: CovBayes plan score=0.82 (predicts 1 uncovered fns)
2026-05-29 12:21:03,249 INFO: CovBayes plan score=0.44 (predicts 3 uncovered fns)
2026-05-29 12:21:04,024 INFO: CovBayes plan score=0.03 (predicts 0 uncovered fns)
2026-05-29 12:21:04,860 INFO: CovBayes plan score=0.11 (predicts 0 uncovered fns)
2026-05-29 12:21:07,266 INFO: CovBayes plan score=0.24 (predicts 0 uncovered fns)
2026-05-29 12:21:07,512 INFO: CovBayes plan score=1.24 (predicts 2 uncovered fns)
2026-05-29 12:21:07,638 INFO: CovBayes plan score=0.76 (predicts 1 uncovered fns)
2026-05-29 12:21:08,233 INFO: CovBayes plan score=0.76 (predicts 1 uncovered fns)
2026-05-29 12:21:08,256 INFO: CovBayes plan score=0.39 (predicts 0 uncovered fns)
2026-05-29 12:21:08,665 INFO: CovBayes plan score=1.62 (predicts 3 uncovered fns)
2026-05-29 12:21:08,794 INFO: CovBayes plan score=0.76 (predicts 1 uncovered fns)
2026-05-29 12:21:08,816 INFO: CovBayes plan score=0.12 (predicts 0 uncovered fns)
2026-05-29 12:21:09,148 INFO: CovBayes plan score=0.76 (predicts 1 uncovered fns)
2026-05-29 12:21:09,465 INFO: CovBayes plan score=0.24 (predicts 0 uncovered fns)
2026-05-29 12:21:09,466 INFO: CovBayes plan score=0.39 (predicts 0 uncovered fns)
2026-05-29 12:21:10,917 INFO: CovBayes plan score=0.24 (predicts 0 uncovered fns)
2026-05-29 12:21:12,121 INFO: CovBayes plan score=0.00 (predicts 8 uncovered fns)
2026-05-29 12:21:12,789 INFO: CovBayes plan score=2.21 (predicts 6 uncovered fns)
2026-05-29 12:21:13,670 INFO: CovBayes plan score=0.00 (predicts 16 uncovered fns)
2026-05-29 12:21:13,712 INFO: CovBayes plan score=0.39 (predicts 0 uncovered fns)
2026-05-29 12:21:13,786 INFO: CovBayes plan score=0.67 (predicts 2 uncovered fns)
2026-05-29 12:21:15,412 INFO: CovBayes plan score=0.00 (predicts 8 uncovered fns)
2026-05-29 12:21:15,803 INFO: CovBayes plan score=0.51 (predicts 1 uncovered fns)
2026-05-29 12:21:19,106 INFO: CovBayes plan score=0.00 (predicts 16 uncovered fns)
2026-05-29 12:21:19,466 INFO: CovBayes plan score=1.51 (predicts 4 uncovered fns)
2026-05-29 12:21:22,112 INFO: CovBayes plan score=0.59 (predicts 1 uncovered fns)
2026-05-29 12:21:22,490 INFO: CovBayes plan score=0.59 (predicts 1 uncovered fns)
2026-05-29 12:21:22,823 INFO: CovBayes plan score=0.59 (predicts 1 uncovered fns)
2026-05-29 12:21:23,928 INFO: CovBayes plan score=1.17 (predicts 3 uncovered fns)
2026-05-29 12:21:24,799 INFO: CovBayes plan score=0.88 (predicts 2 uncovered fns)
2026-05-29 12:21:25,919 INFO: CovBayes plan score=1.40 (predicts 3 uncovered fns)
2026-05-29 12:21:26,390 INFO: CovBayes plan score=0.24 (predicts 1 uncovered fns)
2026-05-29 12:21:28,808 INFO: CovBayes plan score=0.89 (predicts 0 uncovered fns)
  [52/93] httpx._urls seed=42: {'cov_bayes': 42}
2026-05-29 12:21:31,284 INFO: CovBayes plan score=0.46 (predicts 7 uncovered fns)
2026-05-29 12:21:32,316 INFO: CovBayes plan score=0.48 (predicts 3 uncovered fns)
2026-05-29 12:21:33,568 INFO: CovBayes plan score=0.00 (predicts 4 uncovered fns)
2026-05-29 12:21:34,582 INFO: CovBayes plan score=4.62 (predicts 12 uncovered fns)
2026-05-29 12:21:34,968 INFO: CovBayes plan score=0.00 (predicts 4 uncovered fns)
2026-05-29 12:21:36,095 INFO: CovBayes plan score=0.00 (predicts 4 uncovered fns)
2026-05-29 12:21:36,937 INFO: CovBayes plan score=0.34 (predicts 3 uncovered fns)
2026-05-29 12:21:38,311 INFO: CovBayes plan score=0.89 (predicts 0 uncovered fns)
2026-05-29 12:21:38,870 INFO: CovBayes plan score=0.00 (predicts 16 uncovered fns)
2026-05-29 12:21:39,017 INFO: CovBayes plan score=0.00 (predicts 8 uncovered fns)
2026-05-29 12:21:39,261 INFO: CovBayes plan score=0.07 (predicts 0 uncovered fns)
2026-05-29 12:21:40,729 INFO: CovBayes plan score=0.00 (predicts 8 uncovered fns)
2026-05-29 12:21:40,937 INFO: CovBayes plan score=6.54 (predicts 17 uncovered fns)
2026-05-29 12:21:41,364 INFO: CovBayes plan score=0.56 (predicts 0 uncovered fns)
2026-05-29 12:21:42,013 INFO: CovBayes plan score=1.05 (predicts 1 uncovered fns)
2026-05-29 12:21:42,026 INFO: CovBayes plan score=1.29 (predicts 3 uncovered fns)
2026-05-29 12:21:42,810 INFO: CovBayes plan score=0.12 (predicts 0 uncovered fns)
2026-05-29 12:21:43,047 INFO: CovBayes plan score=1.16 (predicts 3 uncovered fns)
2026-05-29 12:21:43,437 INFO: CovBayes plan score=0.00 (predicts 16 uncovered fns)
2026-05-29 12:21:44,319 INFO: CovBayes plan score=1.58 (predicts 4 uncovered fns)
2026-05-29 12:21:44,474 INFO: CovBayes plan score=0.26 (predicts 0 uncovered fns)
2026-05-29 12:21:44,615 INFO: CovBayes plan score=0.61 (predicts 2 uncovered fns)
  [53/93] httpx._main seed=42: {'cov_bayes': 82}
2026-05-29 12:21:45,512 INFO: CovBayes plan score=6.12 (predicts 12 uncovered fns)
2026-05-29 12:21:46,132 INFO: CovBayes plan score=0.00 (predicts 8 uncovered fns)
2026-05-29 12:21:46,507 INFO: CovBayes plan score=0.89 (predicts 0 uncovered fns)
2026-05-29 12:21:46,575 INFO: CovBayes plan score=0.26 (predicts 0 uncovered fns)
2026-05-29 12:21:46,761 INFO: CovBayes plan score=0.61 (predicts 2 uncovered fns)
2026-05-29 12:21:47,685 INFO: CovBayes plan score=0.39 (predicts 0 uncovered fns)
2026-05-29 12:21:47,983 INFO: CovBayes plan score=0.00 (predicts 16 uncovered fns)
2026-05-29 12:21:49,356 INFO: CovBayes plan score=0.00 (predicts 8 uncovered fns)
2026-05-29 12:21:50,102 INFO: CovBayes plan score=1.34 (predicts 2 uncovered fns)
2026-05-29 12:21:50,228 INFO: CovBayes plan score=0.26 (predicts 0 uncovered fns)
2026-05-29 12:21:50,587 INFO: CovBayes plan score=1.34 (predicts 2 uncovered fns)
2026-05-29 12:21:51,126 INFO: CovBayes plan score=1.34 (predicts 2 uncovered fns)
2026-05-29 12:21:51,371 INFO: CovBayes plan score=0.39 (predicts 0 uncovered fns)
2026-05-29 12:21:51,777 INFO: CovBayes plan score=7.05 (predicts 20 uncovered fns)
2026-05-29 12:21:52,544 INFO: CovBayes plan score=0.00 (predicts 16 uncovered fns)
2026-05-29 12:21:53,640 INFO: CovBayes plan score=0.39 (predicts 0 uncovered fns)
2026-05-29 12:21:54,397 INFO: CovBayes plan score=0.87 (predicts 3 uncovered fns)
2026-05-29 12:21:57,605 INFO: CovBayes plan score=0.00 (predicts 16 uncovered fns)
2026-05-29 12:21:57,954 INFO: CovBayes plan score=1.17 (predicts 4 uncovered fns)
2026-05-29 12:22:01,175 INFO: CovBayes plan score=0.19 (predicts 1 uncovered fns)
  [54/93] httpx._client seed=42: {'cov_bayes': 126}
2026-05-29 12:22:02,028 INFO: CovBayes plan score=0.68 (predicts 12 uncovered fns)
2026-05-29 12:22:02,352 INFO: CovBayes plan score=0.17 (predicts 3 uncovered fns)
2026-05-29 12:22:02,772 INFO: CovBayes plan score=0.19 (predicts 1 uncovered fns)
2026-05-29 12:22:04,089 INFO: CovBayes plan score=3.61 (predicts 5 uncovered fns)
2026-05-29 12:22:05,037 INFO: CovBayes plan score=2.64 (predicts 3 uncovered fns)
2026-05-29 12:22:06,363 INFO: CovBayes plan score=3.12 (predicts 4 uncovered fns)
2026-05-29 12:22:06,745 INFO: CovBayes plan score=0.90 (predicts 4 uncovered fns)
2026-05-29 12:22:08,823 INFO: CovBayes plan score=0.07 (predicts 0 uncovered fns)
2026-05-29 12:22:10,400 INFO: CovBayes plan score=0.48 (predicts 8 uncovered fns)
  [55/93] httpx._urlparse seed=42: {'cov_bayes': 66}
2026-05-29 12:22:12,410 INFO: CovBayes plan score=0.07 (predicts 0 uncovered fns)
2026-05-29 12:22:13,761 INFO: CovBayes plan score=1.11 (predicts 4 uncovered fns)
2026-05-29 12:22:14,630 INFO: CovBayes plan score=0.64 (predicts 2 uncovered fns)
2026-05-29 12:22:15,001 INFO: CovBayes plan score=0.69 (predicts 1 uncovered fns)
2026-05-29 12:22:15,104 INFO: CovBayes plan score=0.16 (predicts 0 uncovered fns)
2026-05-29 12:22:17,299 INFO: CovBayes plan score=0.16 (predicts 0 uncovered fns)
2026-05-29 12:22:17,753 INFO: CovBayes plan score=0.00 (predicts 10 uncovered fns)
2026-05-29 12:22:18,865 INFO: CovBayes plan score=0.16 (predicts 0 uncovered fns)
2026-05-29 12:22:18,939 INFO: CovBayes plan score=0.12 (predicts 0 uncovered fns)
2026-05-29 12:22:19,169 INFO: CovBayes plan score=0.52 (predicts 0 uncovered fns)
2026-05-29 12:22:19,612 INFO: CovBayes plan score=0.52 (predicts 0 uncovered fns)
  [56/93] httpx._api seed=42: {'cov_bayes': 6}
2026-05-29 12:22:20,617 INFO: CovBayes plan score=0.26 (predicts 0 uncovered fns)
2026-05-29 12:22:22,099 INFO: CovBayes plan score=0.00 (predicts 8 uncovered fns)
2026-05-29 12:22:22,124 INFO: CovBayes plan score=0.62 (predicts 1 uncovered fns)
2026-05-29 12:22:22,627 INFO: CovBayes plan score=0.44 (predicts 1 uncovered fns)
2026-05-29 12:22:22,675 INFO: CovBayes plan score=0.62 (predicts 1 uncovered fns)
2026-05-29 12:22:23,222 INFO: CovBayes plan score=0.62 (predicts 1 uncovered fns)
2026-05-29 12:22:23,444 INFO: CovBayes plan score=0.35 (predicts 0 uncovered fns)
2026-05-29 12:22:23,625 INFO: CovBayes plan score=0.12 (predicts 0 uncovered fns)
2026-05-29 12:22:24,033 INFO: CovBayes plan score=0.88 (predicts 0 uncovered fns)
2026-05-29 12:22:24,575 INFO: CovBayes plan score=0.26 (predicts 0 uncovered fns)
2026-05-29 12:22:24,761 INFO: CovBayes plan score=0.39 (predicts 0 uncovered fns)
2026-05-29 12:22:25,732 INFO: CovBayes plan score=0.35 (predicts 11 uncovered fns)
2026-05-29 12:22:26,313 INFO: CovBayes plan score=0.00 (predicts 10 uncovered fns)
  [57/93] httpx._transports.default seed=42: {'cov_bayes': 5}
2026-05-29 12:22:26,689 INFO: CovBayes plan score=0.39 (predicts 0 uncovered fns)
2026-05-29 12:22:27,901 INFO: CovBayes plan score=0.35 (predicts 0 uncovered fns)
2026-05-29 12:22:28,319 INFO: CovBayes plan score=0.88 (predicts 0 uncovered fns)
2026-05-29 12:22:29,841 INFO: CovBayes plan score=0.39 (predicts 0 uncovered fns)
2026-05-29 12:22:30,043 INFO: CovBayes plan score=0.26 (predicts 0 uncovered fns)
2026-05-29 12:22:30,442 INFO: CovBayes plan score=0.00 (predicts 16 uncovered fns)
2026-05-29 12:22:32,813 INFO: CovBayes plan score=0.50 (predicts 6 uncovered fns)
2026-05-29 12:22:32,911 INFO: CovBayes plan score=0.35 (predicts 0 uncovered fns)
2026-05-29 12:22:33,043 INFO: CovBayes plan score=0.56 (predicts 0 uncovered fns)
2026-05-29 12:22:34,305 INFO: CovBayes plan score=1.05 (predicts 3 uncovered fns)
2026-05-29 12:22:34,527 INFO: CovBayes plan score=0.00 (predicts 6 uncovered fns)
2026-05-29 12:22:34,682 INFO: CovBayes plan score=0.56 (predicts 0 uncovered fns)
2026-05-29 12:22:34,860 INFO: CovBayes plan score=0.58 (predicts 1 uncovered fns)
2026-05-29 12:22:35,099 INFO: CovBayes plan score=0.20 (predicts 0 uncovered fns)
2026-05-29 12:22:35,438 INFO: CovBayes plan score=0.98 (predicts 4 uncovered fns)
2026-05-29 12:22:35,508 INFO: CovBayes plan score=0.88 (predicts 0 uncovered fns)
2026-05-29 12:22:36,400 INFO: CovBayes plan score=0.56 (predicts 0 uncovered fns)
2026-05-29 12:22:37,115 INFO: CovBayes plan score=0.94 (predicts 2 uncovered fns)
2026-05-29 12:22:38,326 INFO: CovBayes plan score=1.20 (predicts 4 uncovered fns)
  [58/93] httpx._utils seed=42: {'cov_bayes': 26}
2026-05-29 12:22:39,446 INFO: CovBayes plan score=2.53 (predicts 2 uncovered fns)
2026-05-29 12:22:39,777 INFO: CovBayes plan score=2.04 (predicts 1 uncovered fns)
2026-05-29 12:22:40,257 INFO: CovBayes plan score=1.96 (predicts 3 uncovered fns)
2026-05-29 12:22:40,412 INFO: CovBayes plan score=2.53 (predicts 2 uncovered fns)
2026-05-29 12:22:41,298 INFO: CovBayes plan score=1.96 (predicts 3 uncovered fns)
2026-05-29 12:22:42,888 INFO: CovBayes plan score=2.45 (predicts 4 uncovered fns)
2026-05-29 12:22:49,368 INFO: CovBayes plan score=0.17 (predicts 0 uncovered fns)
2026-05-29 12:22:50,517 INFO: CovBayes plan score=0.12 (predicts 0 uncovered fns)
2026-05-29 12:22:52,209 INFO: CovBayes plan score=0.00 (predicts 3 uncovered fns)
2026-05-29 12:22:52,810 INFO: CovBayes plan score=0.12 (predicts 0 uncovered fns)
2026-05-29 12:22:53,339 INFO: CovBayes plan score=0.00 (predicts 3 uncovered fns)
2026-05-29 12:22:54,400 INFO: CovBayes plan score=0.00 (predicts 3 uncovered fns)
2026-05-29 12:22:54,481 INFO: CovBayes plan score=1.22 (predicts 6 uncovered fns)
2026-05-29 12:22:56,176 INFO: CovBayes plan score=1.92 (predicts 6 uncovered fns)
2026-05-29 12:22:56,541 INFO: CovBayes plan score=0.17 (predicts 0 uncovered fns)
2026-05-29 12:22:56,594 INFO: CovBayes plan score=0.00 (predicts 8 uncovered fns)
2026-05-29 12:22:58,378 INFO: CovBayes plan score=0.26 (predicts 0 uncovered fns)
2026-05-29 12:22:58,959 INFO: CovBayes plan score=3.26 (predicts 4 uncovered fns)
2026-05-29 12:23:00,513 INFO: CovBayes plan score=0.18 (predicts 3 uncovered fns)
2026-05-29 12:23:01,587 INFO: CovBayes plan score=0.17 (predicts 0 uncovered fns)
2026-05-29 12:23:01,846 INFO: CovBayes plan score=0.26 (predicts 0 uncovered fns)
2026-05-29 12:23:02,206 INFO: CovBayes plan score=1.04 (predicts 2 uncovered fns)
2026-05-29 12:23:03,407 INFO: CovBayes plan score=0.00 (predicts 5 uncovered fns)
  [59/93] httpx._config seed=42: {'cov_bayes': 25}
2026-05-29 12:23:04,338 INFO: CovBayes plan score=1.42 (predicts 10 uncovered fns)
2026-05-29 12:23:04,791 INFO: CovBayes plan score=0.53 (predicts 19 uncovered fns)
2026-05-29 12:23:04,852 INFO: CovBayes plan score=0.00 (predicts 5 uncovered fns)
2026-05-29 12:23:04,914 INFO: CovBayes plan score=0.52 (predicts 0 uncovered fns)
2026-05-29 12:23:05,231 INFO: CovBayes plan score=0.56 (predicts 0 uncovered fns)
2026-05-29 12:23:05,337 INFO: CovBayes plan score=1.31 (predicts 2 uncovered fns)
2026-05-29 12:23:05,494 INFO: CovBayes plan score=0.26 (predicts 0 uncovered fns)
2026-05-29 12:23:06,890 INFO: CovBayes plan score=0.56 (predicts 0 uncovered fns)
2026-05-29 12:23:07,891 INFO: CovBayes plan score=0.84 (predicts 4 uncovered fns)
2026-05-29 12:23:08,074 INFO: CovBayes plan score=0.00 (predicts 10 uncovered fns)
2026-05-29 12:23:08,621 INFO: CovBayes plan score=0.56 (predicts 0 uncovered fns)
2026-05-29 12:23:09,391 INFO: CovBayes plan score=0.78 (predicts 1 uncovered fns)
2026-05-29 12:23:09,758 INFO: CovBayes plan score=0.78 (predicts 1 uncovered fns)
2026-05-29 12:23:10,135 INFO: CovBayes plan score=0.78 (predicts 1 uncovered fns)
2026-05-29 12:23:11,298 INFO: CovBayes plan score=1.08 (predicts 3 uncovered fns)
2026-05-29 12:23:12,225 INFO: CovBayes plan score=1.02 (predicts 3 uncovered fns)
2026-05-29 12:23:12,462 INFO: CovBayes plan score=1.51 (predicts 0 uncovered fns)
2026-05-29 12:23:13,391 INFO: CovBayes plan score=0.20 (predicts 0 uncovered fns)
2026-05-29 12:23:13,728 INFO: CovBayes plan score=0.84 (predicts 4 uncovered fns)
2026-05-29 12:23:14,299 INFO: CovBayes plan score=0.84 (predicts 0 uncovered fns)
2026-05-29 12:23:14,498 INFO: CovBayes plan score=0.30 (predicts 3 uncovered fns)
2026-05-29 12:23:15,479 INFO: CovBayes plan score=0.88 (predicts 2 uncovered fns)
2026-05-29 12:23:17,220 INFO: CovBayes plan score=1.51 (predicts 0 uncovered fns)
2026-05-29 12:23:17,592 INFO: CovBayes plan score=0.35 (predicts 0 uncovered fns)
2026-05-29 12:23:19,593 INFO: CovBayes plan score=1.48 (predicts 2 uncovered fns)
2026-05-29 12:23:20,109 INFO: CovBayes plan score=4.71 (predicts 9 uncovered fns)
2026-05-29 12:23:20,135 INFO: CovBayes plan score=1.48 (predicts 2 uncovered fns)
2026-05-29 12:23:20,654 INFO: CovBayes plan score=1.48 (predicts 2 uncovered fns)
2026-05-29 12:23:22,072 INFO: CovBayes plan score=0.00 (predicts 3 uncovered fns)
2026-05-29 12:23:22,123 INFO: CovBayes plan score=1.51 (predicts 0 uncovered fns)
2026-05-29 12:23:23,174 INFO: CovBayes plan score=0.00 (predicts 3 uncovered fns)
2026-05-29 12:23:23,534 INFO: CovBayes plan score=0.84 (predicts 0 uncovered fns)
2026-05-29 12:23:24,201 INFO: CovBayes plan score=0.00 (predicts 3 uncovered fns)
2026-05-29 12:23:33,642 INFO: CovBayes plan score=0.17 (predicts 5 uncovered fns)
2026-05-29 12:23:34,621 INFO: CovBayes plan score=0.41 (predicts 1 uncovered fns)
2026-05-29 12:23:34,828 INFO: CovBayes plan score=0.84 (predicts 0 uncovered fns)
2026-05-29 12:23:35,028 INFO: CovBayes plan score=0.00 (predicts 5 uncovered fns)
2026-05-29 12:23:35,877 INFO: CovBayes plan score=0.26 (predicts 0 uncovered fns)
2026-05-29 12:23:36,305 INFO: CovBayes plan score=0.00 (predicts 5 uncovered fns)
2026-05-29 12:23:36,847 INFO: CovBayes plan score=2.96 (predicts 10 uncovered fns)
2026-05-29 12:23:38,997 INFO: CovBayes plan score=0.56 (predicts 0 uncovered fns)
2026-05-29 12:23:39,074 INFO: CovBayes plan score=0.45 (predicts 1 uncovered fns)
2026-05-29 12:23:39,516 INFO: CovBayes plan score=0.70 (predicts 1 uncovered fns)
2026-05-29 12:23:40,334 INFO: CovBayes plan score=0.41 (predicts 1 uncovered fns)
2026-05-29 12:23:40,775 INFO: CovBayes plan score=0.56 (predicts 0 uncovered fns)
2026-05-29 12:23:40,931 INFO: CovBayes plan score=0.21 (predicts 0 uncovered fns)
2026-05-29 12:23:41,745 INFO: CovBayes plan score=0.26 (predicts 0 uncovered fns)
2026-05-29 12:23:42,692 INFO: CovBayes plan score=0.56 (predicts 0 uncovered fns)
2026-05-29 12:23:42,865 INFO: CovBayes plan score=0.46 (predicts 0 uncovered fns)
2026-05-29 12:23:43,063 INFO: CovBayes plan score=0.46 (predicts 0 uncovered fns)
2026-05-29 12:23:43,994 INFO: CovBayes plan score=0.75 (predicts 4 uncovered fns)
2026-05-29 12:23:44,915 INFO: CovBayes plan score=0.26 (predicts 0 uncovered fns)
2026-05-29 12:23:46,097 INFO: CovBayes plan score=1.48 (predicts 0 uncovered fns)
2026-05-29 12:23:46,142 INFO: CovBayes plan score=0.00 (predicts 10 uncovered fns)
2026-05-29 12:23:46,494 INFO: CovBayes plan score=1.19 (predicts 4 uncovered fns)
2026-05-29 12:23:47,131 INFO: CovBayes plan score=0.41 (predicts 10 uncovered fns)
2026-05-29 12:23:47,175 INFO: CovBayes plan score=1.60 (predicts 4 uncovered fns)
2026-05-29 12:23:47,441 INFO: CovBayes plan score=2.99 (predicts 7 uncovered fns)
2026-05-29 12:23:48,244 INFO: CovBayes plan score=0.47 (predicts 0 uncovered fns)
2026-05-29 12:23:48,341 INFO: CovBayes plan score=1.48 (predicts 0 uncovered fns)
2026-05-29 12:23:48,786 INFO: CovBayes plan score=0.00 (predicts 16 uncovered fns)
2026-05-29 12:23:48,991 INFO: CovBayes plan score=2.42 (predicts 5 uncovered fns)
2026-05-29 12:23:49,118 INFO: CovBayes plan score=0.75 (predicts 4 uncovered fns)
2026-05-29 12:23:50,445 INFO: CovBayes plan score=1.43 (predicts 2 uncovered fns)
2026-05-29 12:23:50,871 INFO: CovBayes plan score=3.04 (predicts 7 uncovered fns)
2026-05-29 12:23:51,134 INFO: CovBayes plan score=0.47 (predicts 0 uncovered fns)
2026-05-29 12:23:51,362 INFO: CovBayes plan score=0.47 (predicts 0 uncovered fns)
2026-05-29 12:23:52,178 INFO: CovBayes plan score=1.48 (predicts 0 uncovered fns)
2026-05-29 12:23:52,871 INFO: CovBayes plan score=0.00 (predicts 3 uncovered fns)
2026-05-29 12:23:53,445 INFO: CovBayes plan score=0.46 (predicts 0 uncovered fns)
2026-05-29 12:23:53,765 INFO: CovBayes plan score=0.00 (predicts 3 uncovered fns)
2026-05-29 12:23:54,236 INFO: CovBayes plan score=0.00 (predicts 10 uncovered fns)
2026-05-29 12:23:54,429 INFO: CovBayes plan score=0.83 (predicts 3 uncovered fns)
2026-05-29 12:23:54,650 INFO: CovBayes plan score=0.00 (predicts 3 uncovered fns)
2026-05-29 12:23:55,555 INFO: CovBayes plan score=0.66 (predicts 3 uncovered fns)
  [60/93] httpx._auth seed=42: {'cov_bayes': 53}
  [61/93] pydantic.config seed=42: {'cov_bayes': 1}
2026-05-29 12:24:00,218 INFO: CovBayes plan score=0.04 (predicts 0 uncovered fns)
2026-05-29 12:24:00,279 INFO: CovBayes plan score=0.43 (predicts 3 uncovered fns)
2026-05-29 12:24:01,531 INFO: CovBayes plan score=0.00 (predicts 5 uncovered fns)
2026-05-29 12:24:02,972 INFO: CovBayes plan score=0.00 (predicts 5 uncovered fns)
2026-05-29 12:24:03,404 INFO: CovBayes plan score=3.91 (predicts 9 uncovered fns)
2026-05-29 12:24:07,182 INFO: CovBayes plan score=0.56 (predicts 0 uncovered fns)
2026-05-29 12:24:09,087 INFO: CovBayes plan score=0.56 (predicts 0 uncovered fns)
2026-05-29 12:24:10,842 INFO: CovBayes plan score=0.86 (predicts 1 uncovered fns)
2026-05-29 12:24:11,957 INFO: CovBayes plan score=0.56 (predicts 0 uncovered fns)
2026-05-29 12:24:12,011 INFO: CovBayes plan score=2.55 (predicts 4 uncovered fns)
2026-05-29 12:24:12,670 INFO: CovBayes plan score=1.34 (predicts 2 uncovered fns)
2026-05-29 12:24:13,563 INFO: CovBayes plan score=0.26 (predicts 0 uncovered fns)
2026-05-29 12:24:13,997 INFO: CovBayes plan score=0.82 (predicts 0 uncovered fns)
2026-05-29 12:24:15,797 INFO: CovBayes plan score=0.45 (predicts 1 uncovered fns)
2026-05-29 12:24:16,227 INFO: CovBayes plan score=0.65 (predicts 1 uncovered fns)
2026-05-29 12:24:16,360 INFO: CovBayes plan score=1.35 (predicts 4 uncovered fns)
2026-05-29 12:24:16,668 INFO: CovBayes plan score=0.65 (predicts 1 uncovered fns)
2026-05-29 12:24:16,716 INFO: CovBayes plan score=0.26 (predicts 0 uncovered fns)
2026-05-29 12:24:17,393 INFO: CovBayes plan score=1.06 (predicts 3 uncovered fns)
2026-05-29 12:24:17,660 INFO: CovBayes plan score=3.06 (predicts 3 uncovered fns)
2026-05-29 12:24:18,758 INFO: CovBayes plan score=2.57 (predicts 4 uncovered fns)
2026-05-29 12:24:19,521 INFO: CovBayes plan score=0.26 (predicts 0 uncovered fns)
2026-05-29 12:24:19,851 INFO: CovBayes plan score=2.57 (predicts 4 uncovered fns)
2026-05-29 12:24:20,355 INFO: CovBayes plan score=2.33 (predicts 10 uncovered fns)
2026-05-29 12:24:20,403 INFO: CovBayes plan score=0.10 (predicts 0 uncovered fns)
2026-05-29 12:24:21,003 INFO: CovBayes plan score=0.68 (predicts 2 uncovered fns)
2026-05-29 12:24:21,228 INFO: CovBayes plan score=0.36 (predicts 2 uncovered fns)
2026-05-29 12:24:21,973 INFO: CovBayes plan score=0.94 (predicts 3 uncovered fns)
2026-05-29 12:24:22,702 INFO: CovBayes plan score=0.68 (predicts 2 uncovered fns)
2026-05-29 12:24:23,563 INFO: CovBayes plan score=0.47 (predicts 0 uncovered fns)
2026-05-29 12:24:23,896 INFO: CovBayes plan score=1.48 (predicts 0 uncovered fns)
2026-05-29 12:24:24,549 INFO: CovBayes plan score=0.82 (predicts 0 uncovered fns)
2026-05-29 12:24:24,706 INFO: CovBayes plan score=1.97 (predicts 1 uncovered fns)
2026-05-29 12:24:24,983 INFO: CovBayes plan score=0.00 (predicts 10 uncovered fns)
2026-05-29 12:24:25,034 INFO: CovBayes plan score=1.97 (predicts 1 uncovered fns)
2026-05-29 12:24:27,038 INFO: CovBayes plan score=0.52 (predicts 20 uncovered fns)
2026-05-29 12:24:27,143 INFO: CovBayes plan score=0.10 (predicts 0 uncovered fns)
2026-05-29 12:24:27,881 INFO: CovBayes plan score=0.00 (predicts 3 uncovered fns)
2026-05-29 12:24:28,548 INFO: CovBayes plan score=0.00 (predicts 10 uncovered fns)
2026-05-29 12:24:28,888 INFO: CovBayes plan score=0.00 (predicts 3 uncovered fns)
2026-05-29 12:24:28,933 INFO: CovBayes plan score=0.47 (predicts 0 uncovered fns)
2026-05-29 12:24:29,530 INFO: CovBayes plan score=0.12 (predicts 5 uncovered fns)
2026-05-29 12:24:29,858 INFO: CovBayes plan score=0.00 (predicts 3 uncovered fns)
2026-05-29 12:24:30,018 INFO: CovBayes plan score=0.54 (predicts 3 uncovered fns)
2026-05-29 12:24:30,795 INFO: CovBayes plan score=0.00 (predicts 5 uncovered fns)
2026-05-29 12:24:31,246 INFO: CovBayes plan score=0.38 (predicts 3 uncovered fns)
2026-05-29 12:24:31,902 INFO: CovBayes plan score=0.47 (predicts 0 uncovered fns)
2026-05-29 12:24:31,924 INFO: CovBayes plan score=0.38 (predicts 3 uncovered fns)
2026-05-29 12:24:34,278 INFO: CovBayes plan score=0.45 (predicts 0 uncovered fns)
2026-05-29 12:24:34,869 INFO: CovBayes plan score=0.04 (predicts 0 uncovered fns)
2026-05-29 12:24:35,383 INFO: CovBayes plan score=3.53 (predicts 7 uncovered fns)
2026-05-29 12:24:35,875 INFO: CovBayes plan score=0.56 (predicts 0 uncovered fns)
2026-05-29 12:24:36,473 INFO: CovBayes plan score=4.33 (predicts 9 uncovered fns)
2026-05-29 12:24:37,287 INFO: CovBayes plan score=0.56 (predicts 0 uncovered fns)
2026-05-29 12:24:37,567 INFO: CovBayes plan score=0.38 (predicts 3 uncovered fns)
2026-05-29 12:24:37,615 INFO: CovBayes plan score=4.23 (predicts 9 uncovered fns)
2026-05-29 12:24:37,688 INFO: CovBayes plan score=0.85 (predicts 4 uncovered fns)
2026-05-29 12:24:40,887 INFO: CovBayes plan score=0.56 (predicts 0 uncovered fns)
2026-05-29 12:24:43,228 INFO: CovBayes plan score=0.62 (predicts 1 uncovered fns)
2026-05-29 12:24:43,625 INFO: CovBayes plan score=0.62 (predicts 1 uncovered fns)
2026-05-29 12:24:44,027 INFO: CovBayes plan score=0.62 (predicts 1 uncovered fns)
  [62/93] pydantic.types seed=42: {'cov_bayes': 136}
  [63/93] pydantic.main seed=42: {'cov_bayes': 166}
2026-05-29 12:24:47,086 INFO: CovBayes plan score=0.93 (predicts 4 uncovered fns)
2026-05-29 12:24:47,902 INFO: CovBayes plan score=0.26 (predicts 0 uncovered fns)
2026-05-29 12:24:48,103 INFO: CovBayes plan score=0.79 (predicts 3 uncovered fns)
2026-05-29 12:24:48,428 INFO: CovBayes plan score=1.49 (predicts 6 uncovered fns)
2026-05-29 12:24:48,898 INFO: CovBayes plan score=1.48 (predicts 0 uncovered fns)
2026-05-29 12:24:49,090 INFO: CovBayes plan score=0.71 (predicts 3 uncovered fns)
2026-05-29 12:24:49,493 INFO: CovBayes plan score=0.79 (predicts 3 uncovered fns)
2026-05-29 12:24:50,814 INFO: CovBayes plan score=0.93 (predicts 3 uncovered fns)
2026-05-29 12:24:50,975 INFO: CovBayes plan score=0.26 (predicts 0 uncovered fns)
2026-05-29 12:24:52,377 INFO: CovBayes plan score=0.44 (predicts 0 uncovered fns)
2026-05-29 12:24:53,510 INFO: CovBayes plan score=1.44 (predicts 3 uncovered fns)
2026-05-29 12:24:53,538 INFO: CovBayes plan score=1.48 (predicts 0 uncovered fns)
2026-05-29 12:24:53,751 INFO: CovBayes plan score=0.26 (predicts 0 uncovered fns)
2026-05-29 12:24:55,628 INFO: CovBayes plan score=0.23 (predicts 1 uncovered fns)
2026-05-29 12:24:55,761 INFO: CovBayes plan score=1.48 (predicts 0 uncovered fns)
2026-05-29 12:24:57,566 INFO: CovBayes plan score=0.10 (predicts 0 uncovered fns)
2026-05-29 12:24:58,022 INFO: CovBayes plan score=0.24 (predicts 1 uncovered fns)
2026-05-29 12:24:58,826 INFO: CovBayes plan score=0.47 (predicts 0 uncovered fns)
2026-05-29 12:25:00,903 INFO: CovBayes plan score=1.15 (predicts 2 uncovered fns)
2026-05-29 12:25:00,951 INFO: CovBayes plan score=0.46 (predicts 2 uncovered fns)
2026-05-29 12:25:01,959 INFO: CovBayes plan score=5.26 (predicts 15 uncovered fns)
2026-05-29 12:25:02,449 INFO: CovBayes plan score=0.47 (predicts 0 uncovered fns)
2026-05-29 12:25:02,783 INFO: CovBayes plan score=0.00 (predicts 3 uncovered fns)
2026-05-29 12:25:03,055 INFO: CovBayes plan score=0.47 (predicts 0 uncovered fns)
2026-05-29 12:25:03,309 INFO: CovBayes plan score=1.69 (predicts 3 uncovered fns)
2026-05-29 12:25:03,844 INFO: CovBayes plan score=0.00 (predicts 3 uncovered fns)
2026-05-29 12:25:03,977 INFO: CovBayes plan score=0.00 (predicts 3 uncovered fns)
2026-05-29 12:25:04,303 INFO: CovBayes plan score=1.69 (predicts 3 uncovered fns)
2026-05-29 12:25:04,432 INFO: CovBayes plan score=0.68 (predicts 2 uncovered fns)
2026-05-29 12:25:04,826 INFO: CovBayes plan score=0.00 (predicts 3 uncovered fns)
2026-05-29 12:25:04,874 INFO: CovBayes plan score=0.00 (predicts 3 uncovered fns)
  [64/93] pydantic.fields seed=42: {'cov_bayes': 99}
2026-05-29 12:25:05,386 INFO: CovBayes plan score=1.69 (predicts 3 uncovered fns)
2026-05-29 12:25:05,529 INFO: CovBayes plan score=1.42 (predicts 2 uncovered fns)
2026-05-29 12:25:05,782 INFO: CovBayes plan score=0.00 (predicts 3 uncovered fns)
2026-05-29 12:25:06,072 INFO: CovBayes plan score=1.42 (predicts 2 uncovered fns)
2026-05-29 12:25:06,390 INFO: CovBayes plan score=0.94 (predicts 1 uncovered fns)
2026-05-29 12:25:08,970 INFO: CovBayes plan score=0.56 (predicts 0 uncovered fns)
2026-05-29 12:25:10,523 INFO: CovBayes plan score=0.56 (predicts 0 uncovered fns)
2026-05-29 12:25:11,830 INFO: CovBayes plan score=0.18 (predicts 0 uncovered fns)
2026-05-29 12:25:11,877 INFO: CovBayes plan score=0.05 (predicts 10 uncovered fns)
2026-05-29 12:25:12,157 INFO: CovBayes plan score=0.56 (predicts 0 uncovered fns)
2026-05-29 12:25:12,457 INFO: CovBayes plan score=3.01 (predicts 9 uncovered fns)
2026-05-29 12:25:15,207 INFO: CovBayes plan score=0.45 (predicts 0 uncovered fns)
2026-05-29 12:25:15,761 INFO: CovBayes plan score=0.00 (predicts 10 uncovered fns)
2026-05-29 12:25:17,278 INFO: CovBayes plan score=0.46 (predicts 3 uncovered fns)
2026-05-29 12:25:17,937 INFO: CovBayes plan score=0.86 (predicts 4 uncovered fns)
2026-05-29 12:25:18,716 INFO: CovBayes plan score=0.45 (predicts 0 uncovered fns)
2026-05-29 12:25:19,036 INFO: CovBayes plan score=0.61 (predicts 3 uncovered fns)
2026-05-29 12:25:19,891 INFO: CovBayes plan score=0.26 (predicts 0 uncovered fns)
2026-05-29 12:25:19,892 INFO: CovBayes plan score=0.45 (predicts 0 uncovered fns)
2026-05-29 12:25:21,241 INFO: CovBayes plan score=1.19 (predicts 7 uncovered fns)
2026-05-29 12:25:22,897 INFO: CovBayes plan score=1.48 (predicts 0 uncovered fns)
2026-05-29 12:25:23,137 INFO: CovBayes plan score=0.42 (predicts 9 uncovered fns)
2026-05-29 12:25:23,346 INFO: CovBayes plan score=0.77 (predicts 0 uncovered fns)
2026-05-29 12:25:23,785 INFO: CovBayes plan score=0.26 (predicts 0 uncovered fns)
2026-05-29 12:25:24,013 INFO: CovBayes plan score=0.44 (predicts 2 uncovered fns)
2026-05-29 12:25:26,016 INFO: CovBayes plan score=1.48 (predicts 0 uncovered fns)
2026-05-29 12:25:26,269 INFO: CovBayes plan score=0.26 (predicts 0 uncovered fns)
2026-05-29 12:25:26,361 INFO: CovBayes plan score=1.80 (predicts 1 uncovered fns)
2026-05-29 12:25:27,686 INFO: CovBayes plan score=0.00 (predicts 9 uncovered fns)
2026-05-29 12:25:28,929 INFO: CovBayes plan score=7.18 (predicts 12 uncovered fns)
2026-05-29 12:25:28,978 INFO: CovBayes plan score=0.47 (predicts 0 uncovered fns)
2026-05-29 12:25:30,707 INFO: CovBayes plan score=3.30 (predicts 6 uncovered fns)
2026-05-29 12:25:31,597 INFO: CovBayes plan score=0.42 (predicts 0 uncovered fns)
2026-05-29 12:25:32,142 INFO: CovBayes plan score=0.53 (predicts 2 uncovered fns)
2026-05-29 12:25:32,404 INFO: CovBayes plan score=0.18 (predicts 1 uncovered fns)
2026-05-29 12:25:32,768 INFO: CovBayes plan score=0.62 (predicts 2 uncovered fns)
2026-05-29 12:25:32,946 INFO: CovBayes plan score=4.71 (predicts 8 uncovered fns)
2026-05-29 12:25:32,992 INFO: CovBayes plan score=1.34 (predicts 1 uncovered fns)
2026-05-29 12:25:33,096 INFO: CovBayes plan score=0.00 (predicts 3 uncovered fns)
2026-05-29 12:25:33,256 INFO: CovBayes plan score=0.00 (predicts 3 uncovered fns)
2026-05-29 12:25:33,356 INFO: CovBayes plan score=0.53 (predicts 2 uncovered fns)
2026-05-29 12:25:33,673 INFO: CovBayes plan score=0.38 (predicts 1 uncovered fns)
  [65/93] pydantic.functional_validators seed=42: {'cov_bayes': 36}
2026-05-29 12:25:34,317 INFO: CovBayes plan score=0.00 (predicts 3 uncovered fns)
2026-05-29 12:25:34,337 INFO: CovBayes plan score=0.00 (predicts 3 uncovered fns)
2026-05-29 12:25:34,338 INFO: CovBayes plan score=0.68 (predicts 1 uncovered fns)
2026-05-29 12:25:34,485 INFO: CovBayes plan score=0.47 (predicts 0 uncovered fns)
2026-05-29 12:25:34,733 INFO: CovBayes plan score=0.68 (predicts 1 uncovered fns)
2026-05-29 12:25:35,335 INFO: CovBayes plan score=0.00 (predicts 3 uncovered fns)
2026-05-29 12:25:35,840 INFO: CovBayes plan score=0.38 (predicts 0 uncovered fns)
2026-05-29 12:25:36,205 INFO: CovBayes plan score=1.34 (predicts 1 uncovered fns)
2026-05-29 12:25:38,800 INFO: CovBayes plan score=0.56 (predicts 0 uncovered fns)
2026-05-29 12:25:38,975 INFO: CovBayes plan score=0.42 (predicts 0 uncovered fns)
2026-05-29 12:25:38,976 INFO: CovBayes plan score=0.47 (predicts 0 uncovered fns)
2026-05-29 12:25:40,048 INFO: CovBayes plan score=1.51 (predicts 3 uncovered fns)
2026-05-29 12:25:40,576 INFO: CovBayes plan score=0.56 (predicts 0 uncovered fns)
  [66/93] pydantic.type_adapter seed=42: {'cov_bayes': 17}
2026-05-29 12:25:42,726 INFO: CovBayes plan score=0.56 (predicts 0 uncovered fns)
2026-05-29 12:25:44,024 INFO: CovBayes plan score=2.36 (predicts 4 uncovered fns)
2026-05-29 12:25:44,866 INFO: CovBayes plan score=1.87 (predicts 3 uncovered fns)
2026-05-29 12:25:45,171 INFO: CovBayes plan score=0.07 (predicts 0 uncovered fns)
2026-05-29 12:25:45,876 INFO: CovBayes plan score=1.91 (predicts 4 uncovered fns)
2026-05-29 12:25:49,369 INFO: CovBayes plan score=0.45 (predicts 0 uncovered fns)
2026-05-29 12:25:49,917 INFO: CovBayes plan score=0.27 (predicts 1 uncovered fns)
2026-05-29 12:25:51,550 INFO: CovBayes plan score=0.40 (predicts 3 uncovered fns)
2026-05-29 12:25:54,121 INFO: CovBayes plan score=0.52 (predicts 3 uncovered fns)
2026-05-29 12:25:56,924 INFO: CovBayes plan score=1.48 (predicts 0 uncovered fns)
  [67/93] pydantic.networks seed=42: {'cov_bayes': 34}
2026-05-29 12:25:58,754 INFO: CovBayes plan score=0.46 (predicts 2 uncovered fns)
2026-05-29 12:25:59,739 INFO: CovBayes plan score=0.45 (predicts 0 uncovered fns)
2026-05-29 12:26:00,276 INFO: CovBayes plan score=1.98 (predicts 3 uncovered fns)
2026-05-29 12:26:00,513 INFO: CovBayes plan score=0.46 (predicts 2 uncovered fns)
2026-05-29 12:26:00,981 INFO: CovBayes plan score=1.48 (predicts 0 uncovered fns)
2026-05-29 12:26:01,140 INFO: CovBayes plan score=1.98 (predicts 3 uncovered fns)
2026-05-29 12:26:01,426 INFO: CovBayes plan score=0.70 (predicts 0 uncovered fns)
2026-05-29 12:26:01,954 INFO: CovBayes plan score=1.98 (predicts 3 uncovered fns)
2026-05-29 12:26:02,028 INFO: CovBayes plan score=0.00 (predicts 10 uncovered fns)
2026-05-29 12:26:02,918 INFO: CovBayes plan score=0.53 (predicts 3 uncovered fns)
2026-05-29 12:26:03,101 INFO: CovBayes plan score=0.70 (predicts 0 uncovered fns)
2026-05-29 12:26:04,292 INFO: CovBayes plan score=0.00 (predicts 9 uncovered fns)
2026-05-29 12:26:04,395 INFO: CovBayes plan score=1.48 (predicts 0 uncovered fns)
2026-05-29 12:26:04,744 INFO: CovBayes plan score=0.46 (predicts 2 uncovered fns)
2026-05-29 12:26:04,839 INFO: CovBayes plan score=1.27 (predicts 3 uncovered fns)
2026-05-29 12:26:05,304 INFO: CovBayes plan score=0.46 (predicts 2 uncovered fns)
2026-05-29 12:26:05,513 INFO: CovBayes plan score=1.00 (predicts 3 uncovered fns)
2026-05-29 12:26:06,242 INFO: CovBayes plan score=1.28 (predicts 3 uncovered fns)
2026-05-29 12:26:06,534 INFO: CovBayes plan score=1.41 (predicts 3 uncovered fns)
2026-05-29 12:26:06,646 INFO: CovBayes plan score=0.18 (predicts 0 uncovered fns)
2026-05-29 12:26:06,917 INFO: CovBayes plan score=1.04 (predicts 1 uncovered fns)
2026-05-29 12:26:07,780 INFO: CovBayes plan score=0.00 (predicts 9 uncovered fns)
2026-05-29 12:26:07,841 INFO: CovBayes plan score=0.00 (predicts 3 uncovered fns)
2026-05-29 12:26:07,881 INFO: CovBayes plan score=0.47 (predicts 0 uncovered fns)
2026-05-29 12:26:08,313 INFO: CovBayes plan score=0.47 (predicts 0 uncovered fns)
2026-05-29 12:26:08,691 INFO: CovBayes plan score=0.56 (predicts 0 uncovered fns)
2026-05-29 12:26:08,707 INFO: CovBayes plan score=0.45 (predicts 0 uncovered fns)
2026-05-29 12:26:08,823 INFO: CovBayes plan score=0.00 (predicts 3 uncovered fns)
2026-05-29 12:26:09,656 INFO: CovBayes plan score=0.00 (predicts 3 uncovered fns)
2026-05-29 12:26:09,919 INFO: CovBayes plan score=0.41 (predicts 0 uncovered fns)
2026-05-29 12:26:10,242 INFO: CovBayes plan score=0.00 (predicts 12 uncovered fns)
2026-05-29 12:26:10,323 INFO: CovBayes plan score=0.56 (predicts 0 uncovered fns)
2026-05-29 12:26:10,756 INFO: CovBayes plan score=1.24 (predicts 3 uncovered fns)
2026-05-29 12:26:11,080 INFO: CovBayes plan score=0.36 (predicts 0 uncovered fns)
2026-05-29 12:26:11,345 INFO: CovBayes plan score=1.57 (predicts 3 uncovered fns)
2026-05-29 12:26:11,381 INFO: CovBayes plan score=0.85 (predicts 1 uncovered fns)
2026-05-29 12:26:11,790 INFO: CovBayes plan score=0.85 (predicts 1 uncovered fns)
2026-05-29 12:26:11,856 INFO: CovBayes plan score=0.70 (predicts 0 uncovered fns)
2026-05-29 12:26:11,898 INFO: CovBayes plan score=1.57 (predicts 3 uncovered fns)
2026-05-29 12:26:12,312 INFO: CovBayes plan score=0.18 (predicts 0 uncovered fns)
2026-05-29 12:26:13,268 INFO: CovBayes plan score=0.47 (predicts 0 uncovered fns)
2026-05-29 12:26:15,624 INFO: CovBayes plan score=2.54 (predicts 7 uncovered fns)
2026-05-29 12:26:15,729 INFO: CovBayes plan score=1.41 (predicts 1 uncovered fns)
2026-05-29 12:26:16,326 INFO: CovBayes plan score=1.90 (predicts 2 uncovered fns)
  [68/93] pydantic.color seed=42: {'cov_bayes': 85}
2026-05-29 12:26:16,624 INFO: CovBayes plan score=1.41 (predicts 1 uncovered fns)
  [69/93] pydantic.functional_serializers seed=42: {'cov_bayes': 22}
  [70/93] werkzeug.http seed=42: {'cov_bayes': 20}
  [71/93] pydantic.json_schema seed=42: {'cov_bayes': 269}
2026-05-29 12:26:25,069 INFO: CovBayes plan score=0.32 (predicts 2 uncovered fns)
2026-05-29 12:26:25,784 INFO: CovBayes plan score=0.32 (predicts 2 uncovered fns)
2026-05-29 12:26:26,439 INFO: CovBayes plan score=0.47 (predicts 2 uncovered fns)
2026-05-29 12:26:26,684 INFO: CovBayes plan score=0.43 (predicts 3 uncovered fns)
2026-05-29 12:26:27,726 INFO: CovBayes plan score=0.47 (predicts 0 uncovered fns)
2026-05-29 12:26:30,653 INFO: CovBayes plan score=1.48 (predicts 0 uncovered fns)
2026-05-29 12:26:32,243 INFO: CovBayes plan score=0.47 (predicts 0 uncovered fns)
2026-05-29 12:26:35,808 INFO: CovBayes plan score=1.48 (predicts 0 uncovered fns)
2026-05-29 12:26:36,546 INFO: CovBayes plan score=0.37 (predicts 2 uncovered fns)
2026-05-29 12:26:36,966 INFO: CovBayes plan score=0.47 (predicts 0 uncovered fns)
2026-05-29 12:26:37,041 INFO: CovBayes plan score=1.03 (predicts 4 uncovered fns)
2026-05-29 12:26:37,607 INFO: CovBayes plan score=1.23 (predicts 2 uncovered fns)
2026-05-29 12:26:38,055 INFO: CovBayes plan score=0.75 (predicts 5 uncovered fns)
2026-05-29 12:26:38,654 INFO: CovBayes plan score=3.01 (predicts 5 uncovered fns)
2026-05-29 12:26:39,491 INFO: CovBayes plan score=1.48 (predicts 0 uncovered fns)
2026-05-29 12:26:39,700 INFO: CovBayes plan score=1.23 (predicts 4 uncovered fns)
2026-05-29 12:26:39,829 INFO: CovBayes plan score=1.71 (predicts 3 uncovered fns)
2026-05-29 12:26:39,830 INFO: CovBayes plan score=0.45 (predicts 0 uncovered fns)
2026-05-29 12:26:39,999 INFO: CovBayes plan score=2.53 (predicts 4 uncovered fns)
2026-05-29 12:26:40,247 INFO: CovBayes plan score=0.50 (predicts 2 uncovered fns)
2026-05-29 12:26:40,618 INFO: CovBayes plan score=1.71 (predicts 3 uncovered fns)
2026-05-29 12:26:40,764 INFO: CovBayes plan score=0.71 (predicts 2 uncovered fns)
2026-05-29 12:26:40,853 INFO: CovBayes plan score=1.39 (predicts 0 uncovered fns)
2026-05-29 12:26:41,156 INFO: CovBayes plan score=0.45 (predicts 0 uncovered fns)
2026-05-29 12:26:41,436 INFO: CovBayes plan score=1.71 (predicts 3 uncovered fns)
2026-05-29 12:26:41,584 INFO: CovBayes plan score=8.71 (predicts 17 uncovered fns)
2026-05-29 12:26:42,156 INFO: CovBayes plan score=1.28 (predicts 3 uncovered fns)
2026-05-29 12:26:42,295 INFO: CovBayes plan score=1.92 (predicts 3 uncovered fns)
2026-05-29 12:26:42,957 INFO: CovBayes plan score=1.39 (predicts 0 uncovered fns)
2026-05-29 12:26:42,959 INFO: CovBayes plan score=1.92 (predicts 3 uncovered fns)
2026-05-29 12:26:43,998 INFO: CovBayes plan score=0.45 (predicts 0 uncovered fns)
2026-05-29 12:26:44,224 INFO: CovBayes plan score=0.18 (predicts 0 uncovered fns)
2026-05-29 12:26:44,378 INFO: CovBayes plan score=0.26 (predicts 0 uncovered fns)
2026-05-29 12:26:44,585 INFO: CovBayes plan score=0.47 (predicts 0 uncovered fns)
2026-05-29 12:26:45,282 INFO: CovBayes plan score=0.38 (predicts 0 uncovered fns)
2026-05-29 12:26:46,188 INFO: CovBayes plan score=0.38 (predicts 2 uncovered fns)
2026-05-29 12:26:46,299 INFO: CovBayes plan score=1.39 (predicts 0 uncovered fns)
  [72/93] werkzeug.datastructures.structures seed=42: {'cov_bayes': 23}
2026-05-29 12:26:47,775 INFO: CovBayes plan score=0.18 (predicts 0 uncovered fns)
2026-05-29 12:26:47,819 INFO: CovBayes plan score=0.47 (predicts 0 uncovered fns)
2026-05-29 12:26:48,124 INFO: CovBayes plan score=0.89 (predicts 0 uncovered fns)
2026-05-29 12:26:48,406 INFO: CovBayes plan score=0.00 (predicts 16 uncovered fns)
2026-05-29 12:26:48,734 INFO: CovBayes plan score=0.68 (predicts 1 uncovered fns)
2026-05-29 12:26:48,948 INFO: CovBayes plan score=0.89 (predicts 0 uncovered fns)
2026-05-29 12:26:49,623 INFO: CovBayes plan score=0.89 (predicts 0 uncovered fns)
2026-05-29 12:26:50,108 INFO: CovBayes plan score=1.23 (predicts 2 uncovered fns)
2026-05-29 12:26:50,523 INFO: CovBayes plan score=0.38 (predicts 0 uncovered fns)
  [73/93] werkzeug.serving seed=42: {'cov_bayes': 23}
2026-05-29 12:26:52,408 INFO: CovBayes plan score=0.47 (predicts 0 uncovered fns)
2026-05-29 12:26:52,889 INFO: CovBayes plan score=0.18 (predicts 0 uncovered fns)
2026-05-29 12:26:54,461 INFO: CovBayes plan score=0.17 (predicts 0 uncovered fns)
2026-05-29 12:26:54,806 INFO: CovBayes plan score=2.11 (predicts 6 uncovered fns)
2026-05-29 12:26:57,496 INFO: CovBayes plan score=0.00 (predicts 16 uncovered fns)
2026-05-29 12:26:59,428 INFO: CovBayes plan score=0.47 (predicts 0 uncovered fns)
2026-05-29 12:27:02,083 INFO: CovBayes plan score=2.30 (predicts 4 uncovered fns)
2026-05-29 12:27:02,986 INFO: CovBayes plan score=0.47 (predicts 0 uncovered fns)
2026-05-29 12:27:03,515 INFO: CovBayes plan score=2.30 (predicts 4 uncovered fns)
2026-05-29 12:27:03,703 INFO: CovBayes plan score=0.35 (predicts 3 uncovered fns)
2026-05-29 12:27:04,551 INFO: CovBayes plan score=2.30 (predicts 4 uncovered fns)
2026-05-29 12:27:04,575 INFO: CovBayes plan score=0.33 (predicts 0 uncovered fns)
2026-05-29 12:27:05,283 INFO: CovBayes plan score=0.82 (predicts 1 uncovered fns)
2026-05-29 12:27:05,884 INFO: CovBayes plan score=0.82 (predicts 1 uncovered fns)
2026-05-29 12:27:06,136 INFO: CovBayes plan score=0.47 (predicts 0 uncovered fns)
2026-05-29 12:27:08,689 INFO: CovBayes plan score=2.13 (predicts 4 uncovered fns)
2026-05-29 12:27:08,990 INFO: CovBayes plan score=2.13 (predicts 4 uncovered fns)
2026-05-29 12:27:09,290 INFO: CovBayes plan score=2.13 (predicts 4 uncovered fns)
2026-05-29 12:27:09,347 INFO: CovBayes plan score=3.20 (predicts 6 uncovered fns)
2026-05-29 12:27:10,192 INFO: CovBayes plan score=1.01 (predicts 4 uncovered fns)
2026-05-29 12:27:10,708 INFO: CovBayes plan score=0.74 (predicts 1 uncovered fns)
2026-05-29 12:27:10,965 INFO: CovBayes plan score=0.72 (predicts 3 uncovered fns)
2026-05-29 12:27:10,982 INFO: CovBayes plan score=0.12 (predicts 10 uncovered fns)
2026-05-29 12:27:11,004 INFO: CovBayes plan score=0.74 (predicts 1 uncovered fns)
2026-05-29 12:27:11,448 INFO: CovBayes plan score=3.20 (predicts 6 uncovered fns)
2026-05-29 12:27:12,092 INFO: CovBayes plan score=0.96 (predicts 4 uncovered fns)
2026-05-29 12:27:12,163 INFO: CovBayes plan score=0.59 (predicts 4 uncovered fns)
2026-05-29 12:27:12,685 INFO: CovBayes plan score=2.18 (predicts 5 uncovered fns)
2026-05-29 12:27:13,998 INFO: CovBayes plan score=1.30 (predicts 0 uncovered fns)
2026-05-29 12:27:14,282 INFO: CovBayes plan score=3.18 (predicts 7 uncovered fns)
2026-05-29 12:27:15,805 INFO: CovBayes plan score=0.89 (predicts 0 uncovered fns)
2026-05-29 12:27:16,084 INFO: CovBayes plan score=0.36 (predicts 2 uncovered fns)
2026-05-29 12:27:16,287 INFO: CovBayes plan score=1.30 (predicts 0 uncovered fns)
2026-05-29 12:27:16,654 INFO: CovBayes plan score=0.36 (predicts 2 uncovered fns)
2026-05-29 12:27:16,798 INFO: CovBayes plan score=4.28 (predicts 7 uncovered fns)
2026-05-29 12:27:17,081 INFO: CovBayes plan score=0.37 (predicts 0 uncovered fns)
2026-05-29 12:27:17,234 INFO: CovBayes plan score=0.36 (predicts 2 uncovered fns)
2026-05-29 12:27:17,577 INFO: CovBayes plan score=0.37 (predicts 0 uncovered fns)
2026-05-29 12:27:17,688 INFO: CovBayes plan score=4.28 (predicts 7 uncovered fns)
2026-05-29 12:27:18,634 INFO: CovBayes plan score=1.30 (predicts 0 uncovered fns)
  [74/93] werkzeug.routing.map seed=42: {'cov_bayes': 67}
2026-05-29 12:27:20,337 INFO: CovBayes plan score=0.18 (predicts 0 uncovered fns)
2026-05-29 12:27:22,677 INFO: CovBayes plan score=0.18 (predicts 0 uncovered fns)
2026-05-29 12:27:22,956 INFO: CovBayes plan score=0.25 (predicts 0 uncovered fns)
2026-05-29 12:27:23,255 INFO: CovBayes plan score=0.47 (predicts 0 uncovered fns)
  [75/93] werkzeug.exceptions seed=42: {'cov_bayes': 21}
2026-05-29 12:27:26,102 INFO: CovBayes plan score=0.37 (predicts 0 uncovered fns)
2026-05-29 12:27:26,129 INFO: CovBayes plan score=0.18 (predicts 0 uncovered fns)
2026-05-29 12:27:27,232 INFO: CovBayes plan score=0.65 (predicts 1 uncovered fns)
2026-05-29 12:27:27,807 INFO: CovBayes plan score=0.65 (predicts 1 uncovered fns)
2026-05-29 12:27:27,984 INFO: CovBayes plan score=0.47 (predicts 0 uncovered fns)
2026-05-29 12:27:29,104 INFO: CovBayes plan score=1.47 (predicts 4 uncovered fns)
2026-05-29 12:27:29,152 INFO: CovBayes plan score=0.65 (predicts 1 uncovered fns)
2026-05-29 12:27:29,404 INFO: CovBayes plan score=1.47 (predicts 4 uncovered fns)
2026-05-29 12:27:29,700 INFO: CovBayes plan score=1.47 (predicts 4 uncovered fns)
2026-05-29 12:27:31,107 INFO: CovBayes plan score=1.46 (predicts 4 uncovered fns)
2026-05-29 12:27:31,848 INFO: CovBayes plan score=0.75 (predicts 1 uncovered fns)
2026-05-29 12:27:32,024 INFO: CovBayes plan score=0.60 (predicts 1 uncovered fns)
2026-05-29 12:27:32,587 INFO: CovBayes plan score=0.83 (predicts 2 uncovered fns)
2026-05-29 12:27:33,222 INFO: CovBayes plan score=1.71 (predicts 4 uncovered fns)
2026-05-29 12:27:33,323 INFO: CovBayes plan score=0.47 (predicts 0 uncovered fns)
2026-05-29 12:27:33,821 INFO: CovBayes plan score=0.25 (predicts 0 uncovered fns)
2026-05-29 12:27:35,592 INFO: CovBayes plan score=0.47 (predicts 0 uncovered fns)
2026-05-29 12:27:39,310 INFO: CovBayes plan score=1.60 (predicts 3 uncovered fns)
2026-05-29 12:27:40,072 INFO: CovBayes plan score=0.47 (predicts 0 uncovered fns)
  [76/93] werkzeug.routing.rules seed=42: {'cov_bayes': 16}
2026-05-29 12:27:42,106 INFO: CovBayes plan score=0.25 (predicts 0 uncovered fns)
2026-05-29 12:27:42,289 INFO: CovBayes plan score=0.42 (predicts 2 uncovered fns)
2026-05-29 12:27:42,467 INFO: CovBayes plan score=2.70 (predicts 5 uncovered fns)
2026-05-29 12:27:42,704 INFO: CovBayes plan score=0.21 (predicts 0 uncovered fns)
2026-05-29 12:27:42,746 INFO: CovBayes plan score=1.00 (predicts 10 uncovered fns)
2026-05-29 12:27:42,878 INFO: CovBayes plan score=0.37 (predicts 2 uncovered fns)
2026-05-29 12:27:43,407 INFO: CovBayes plan score=0.39 (predicts 2 uncovered fns)
2026-05-29 12:27:43,706 INFO: CovBayes plan score=1.60 (predicts 3 uncovered fns)
2026-05-29 12:27:45,238 INFO: CovBayes plan score=0.47 (predicts 0 uncovered fns)
2026-05-29 12:27:46,828 INFO: CovBayes plan score=5.67 (predicts 9 uncovered fns)
2026-05-29 12:27:47,159 INFO: CovBayes plan score=4.00 (predicts 8 uncovered fns)
2026-05-29 12:27:48,328 INFO: CovBayes plan score=1.02 (predicts 3 uncovered fns)
2026-05-29 12:27:49,080 INFO: CovBayes plan score=0.57 (predicts 1 uncovered fns)
2026-05-29 12:27:49,507 INFO: CovBayes plan score=1.30 (predicts 0 uncovered fns)
2026-05-29 12:27:49,705 INFO: CovBayes plan score=3.75 (predicts 8 uncovered fns)
2026-05-29 12:27:49,859 INFO: CovBayes plan score=0.57 (predicts 1 uncovered fns)
2026-05-29 12:27:50,165 INFO: CovBayes plan score=1.83 (predicts 17 uncovered fns)
2026-05-29 12:27:50,166 INFO: CovBayes plan score=0.57 (predicts 1 uncovered fns)
2026-05-29 12:27:51,197 INFO: CovBayes plan score=0.85 (predicts 0 uncovered fns)
2026-05-29 12:27:51,608 INFO: CovBayes plan score=0.85 (predicts 0 uncovered fns)
2026-05-29 12:27:52,058 INFO: CovBayes plan score=1.78 (predicts 5 uncovered fns)
2026-05-29 12:27:52,414 INFO: CovBayes plan score=1.30 (predicts 0 uncovered fns)
2026-05-29 12:27:52,415 INFO: CovBayes plan score=4.00 (predicts 8 uncovered fns)
2026-05-29 12:27:52,605 INFO: CovBayes plan score=0.74 (predicts 3 uncovered fns)
2026-05-29 12:27:53,043 INFO: CovBayes plan score=0.21 (predicts 0 uncovered fns)
2026-05-29 12:27:53,637 INFO: CovBayes plan score=0.37 (predicts 0 uncovered fns)
2026-05-29 12:27:54,117 INFO: CovBayes plan score=2.50 (predicts 6 uncovered fns)
2026-05-29 12:27:54,445 INFO: CovBayes plan score=0.77 (predicts 2 uncovered fns)
2026-05-29 12:27:54,576 INFO: CovBayes plan score=1.13 (predicts 4 uncovered fns)
2026-05-29 12:27:54,933 INFO: CovBayes plan score=0.00 (predicts 12 uncovered fns)
2026-05-29 12:27:55,099 INFO: CovBayes plan score=1.62 (predicts 5 uncovered fns)
2026-05-29 12:27:55,401 INFO: CovBayes plan score=1.13 (predicts 4 uncovered fns)
2026-05-29 12:27:56,480 INFO: CovBayes plan score=0.18 (predicts 0 uncovered fns)
2026-05-29 12:27:58,239 INFO: CovBayes plan score=0.18 (predicts 0 uncovered fns)
2026-05-29 12:27:58,486 INFO: CovBayes plan score=0.85 (predicts 0 uncovered fns)
2026-05-29 12:27:58,508 INFO: CovBayes plan score=1.21 (predicts 3 uncovered fns)
2026-05-29 12:27:59,279 INFO: CovBayes plan score=1.21 (predicts 3 uncovered fns)
2026-05-29 12:28:00,049 INFO: CovBayes plan score=1.21 (predicts 3 uncovered fns)
2026-05-29 12:28:02,531 INFO: CovBayes plan score=3.08 (predicts 4 uncovered fns)
2026-05-29 12:28:03,232 INFO: CovBayes plan score=1.13 (predicts 2 uncovered fns)
2026-05-29 12:28:03,891 INFO: CovBayes plan score=1.13 (predicts 2 uncovered fns)
2026-05-29 12:28:08,127 INFO: CovBayes plan score=0.00 (predicts 7 uncovered fns)
2026-05-29 12:28:10,576 INFO: CovBayes plan score=0.00 (predicts 7 uncovered fns)
2026-05-29 12:28:11,746 INFO: CovBayes plan score=0.79 (predicts 4 uncovered fns)
2026-05-29 12:28:12,319 INFO: CovBayes plan score=0.33 (predicts 2 uncovered fns)
2026-05-29 12:28:12,923 INFO: CovBayes plan score=0.30 (predicts 2 uncovered fns)
2026-05-29 12:28:13,059 INFO: CovBayes plan score=0.00 (predicts 7 uncovered fns)
2026-05-29 12:28:13,756 INFO: CovBayes plan score=1.22 (predicts 3 uncovered fns)
2026-05-29 12:28:13,888 INFO: CovBayes plan score=0.52 (predicts 1 uncovered fns)
2026-05-29 12:28:14,097 INFO: CovBayes plan score=0.90 (predicts 2 uncovered fns)
2026-05-29 12:28:14,477 INFO: CovBayes plan score=0.52 (predicts 1 uncovered fns)
2026-05-29 12:28:15,037 INFO: CovBayes plan score=0.52 (predicts 1 uncovered fns)
2026-05-29 12:28:16,112 INFO: CovBayes plan score=0.52 (predicts 1 uncovered fns)
2026-05-29 12:28:17,517 INFO: CovBayes plan score=0.47 (predicts 0 uncovered fns)
2026-05-29 12:28:19,682 INFO: CovBayes plan score=0.28 (predicts 0 uncovered fns)
2026-05-29 12:28:20,363 INFO: CovBayes plan score=0.90 (predicts 2 uncovered fns)
2026-05-29 12:28:22,281 INFO: CovBayes plan score=4.17 (predicts 9 uncovered fns)
2026-05-29 12:28:22,328 INFO: CovBayes plan score=0.93 (predicts 4 uncovered fns)
2026-05-29 12:28:22,656 INFO: CovBayes plan score=0.93 (predicts 4 uncovered fns)
2026-05-29 12:28:22,899 INFO: CovBayes plan score=3.74 (predicts 9 uncovered fns)
2026-05-29 12:28:22,946 INFO: CovBayes plan score=0.93 (predicts 4 uncovered fns)
2026-05-29 12:28:23,237 INFO: CovBayes plan score=0.47 (predicts 0 uncovered fns)
2026-05-29 12:28:24,440 INFO: CovBayes plan score=0.28 (predicts 0 uncovered fns)
2026-05-29 12:28:24,685 INFO: CovBayes plan score=1.67 (predicts 5 uncovered fns)
2026-05-29 12:28:25,054 INFO: CovBayes plan score=1.67 (predicts 5 uncovered fns)
2026-05-29 12:28:25,271 INFO: CovBayes plan score=1.18 (predicts 2 uncovered fns)
2026-05-29 12:28:25,830 INFO: CovBayes plan score=3.11 (predicts 7 uncovered fns)
2026-05-29 12:28:26,067 INFO: CovBayes plan score=1.26 (predicts 0 uncovered fns)
2026-05-29 12:28:26,294 INFO: CovBayes plan score=1.67 (predicts 5 uncovered fns)
2026-05-29 12:28:26,787 INFO: CovBayes plan score=3.11 (predicts 7 uncovered fns)
2026-05-29 12:28:27,336 INFO: CovBayes plan score=0.20 (predicts 0 uncovered fns)
2026-05-29 12:28:27,589 INFO: CovBayes plan score=1.67 (predicts 5 uncovered fns)
2026-05-29 12:28:27,634 INFO: CovBayes plan score=1.26 (predicts 0 uncovered fns)
2026-05-29 12:28:27,657 INFO: CovBayes plan score=3.11 (predicts 7 uncovered fns)
2026-05-29 12:28:27,658 INFO: CovBayes plan score=0.47 (predicts 0 uncovered fns)
2026-05-29 12:28:27,723 INFO: CovBayes plan score=0.00 (predicts 12 uncovered fns)
2026-05-29 12:28:28,830 INFO: CovBayes plan score=1.83 (predicts 2 uncovered fns)
2026-05-29 12:28:29,057 INFO: CovBayes plan score=0.37 (predicts 0 uncovered fns)
2026-05-29 12:28:29,590 INFO: CovBayes plan score=0.00 (predicts 2 uncovered fns)
2026-05-29 12:28:29,614 INFO: CovBayes plan score=0.37 (predicts 0 uncovered fns)
2026-05-29 12:28:30,261 INFO: CovBayes plan score=1.83 (predicts 2 uncovered fns)
2026-05-29 12:28:30,613 INFO: CovBayes plan score=0.18 (predicts 0 uncovered fns)
2026-05-29 12:28:30,862 INFO: CovBayes plan score=0.00 (predicts 17 uncovered fns)
2026-05-29 12:28:31,656 INFO: CovBayes plan score=0.20 (predicts 0 uncovered fns)
2026-05-29 12:28:33,316 INFO: CovBayes plan score=0.18 (predicts 0 uncovered fns)
2026-05-29 12:28:36,421 INFO: CovBayes plan score=0.48 (predicts 1 uncovered fns)
  [77/93] werkzeug.wrappers.response seed=42: {'cov_bayes': 59}
2026-05-29 12:28:37,536 INFO: CovBayes plan score=0.00 (predicts 7 uncovered fns)
2026-05-29 12:28:37,919 INFO: CovBayes plan score=0.48 (predicts 1 uncovered fns)
2026-05-29 12:28:39,136 INFO: CovBayes plan score=0.20 (predicts 0 uncovered fns)
2026-05-29 12:28:40,024 INFO: CovBayes plan score=0.00 (predicts 7 uncovered fns)
2026-05-29 12:28:40,571 INFO: CovBayes plan score=0.27 (predicts 2 uncovered fns)
2026-05-29 12:28:41,121 INFO: CovBayes plan score=0.27 (predicts 2 uncovered fns)
2026-05-29 12:28:41,749 INFO: CovBayes plan score=0.33 (predicts 2 uncovered fns)
2026-05-29 12:28:41,776 INFO: CovBayes plan score=4.52 (predicts 13 uncovered fns)
2026-05-29 12:28:42,381 INFO: CovBayes plan score=0.00 (predicts 7 uncovered fns)
2026-05-29 12:28:43,921 INFO: CovBayes plan score=0.24 (predicts 0 uncovered fns)
2026-05-29 12:28:48,852 INFO: CovBayes plan score=0.89 (predicts 2 uncovered fns)
2026-05-29 12:28:51,297 INFO: CovBayes plan score=0.80 (predicts 4 uncovered fns)
2026-05-29 12:28:51,628 INFO: CovBayes plan score=0.80 (predicts 4 uncovered fns)
2026-05-29 12:28:52,510 INFO: CovBayes plan score=1.12 (predicts 5 uncovered fns)
2026-05-29 12:28:56,635 INFO: CovBayes plan score=0.47 (predicts 0 uncovered fns)
2026-05-29 12:28:56,836 INFO: CovBayes plan score=0.85 (predicts 2 uncovered fns)
2026-05-29 12:28:57,228 INFO: CovBayes plan score=0.83 (predicts 0 uncovered fns)
2026-05-29 12:28:57,619 INFO: CovBayes plan score=0.85 (predicts 2 uncovered fns)
2026-05-29 12:28:57,774 INFO: CovBayes plan score=0.24 (predicts 0 uncovered fns)
2026-05-29 12:28:57,939 INFO: CovBayes plan score=1.07 (predicts 2 uncovered fns)
2026-05-29 12:28:58,409 INFO: CovBayes plan score=0.68 (predicts 2 uncovered fns)
2026-05-29 12:28:58,673 INFO: CovBayes plan score=1.07 (predicts 2 uncovered fns)
2026-05-29 12:28:58,933 INFO: CovBayes plan score=0.83 (predicts 0 uncovered fns)
2026-05-29 12:28:59,335 INFO: CovBayes plan score=1.07 (predicts 2 uncovered fns)
2026-05-29 12:28:59,829 INFO: CovBayes plan score=1.24 (predicts 0 uncovered fns)
2026-05-29 12:29:00,116 INFO: CovBayes plan score=3.42 (predicts 9 uncovered fns)
2026-05-29 12:29:00,903 INFO: CovBayes plan score=0.03 (predicts 0 uncovered fns)
2026-05-29 12:29:01,283 INFO: CovBayes plan score=0.47 (predicts 0 uncovered fns)
2026-05-29 12:29:01,608 INFO: CovBayes plan score=0.18 (predicts 0 uncovered fns)
2026-05-29 12:29:01,830 INFO: CovBayes plan score=0.47 (predicts 0 uncovered fns)
2026-05-29 12:29:01,965 INFO: CovBayes plan score=1.00 (predicts 4 uncovered fns)
2026-05-29 12:29:01,966 INFO: CovBayes plan score=1.24 (predicts 0 uncovered fns)
2026-05-29 12:29:02,531 INFO: CovBayes plan score=0.83 (predicts 0 uncovered fns)
2026-05-29 12:29:03,332 INFO: CovBayes plan score=0.18 (predicts 0 uncovered fns)
2026-05-29 12:29:03,485 INFO: CovBayes plan score=1.41 (predicts 6 uncovered fns)
2026-05-29 12:29:05,006 INFO: CovBayes plan score=1.04 (predicts 5 uncovered fns)
2026-05-29 12:29:05,107 INFO: CovBayes plan score=0.18 (predicts 0 uncovered fns)
2026-05-29 12:29:05,545 INFO: CovBayes plan score=0.27 (predicts 0 uncovered fns)
2026-05-29 12:29:06,487 INFO: CovBayes plan score=0.64 (predicts 4 uncovered fns)
2026-05-29 12:29:06,667 INFO: CovBayes plan score=0.00 (predicts 7 uncovered fns)
2026-05-29 12:29:07,035 INFO: CovBayes plan score=0.30 (predicts 2 uncovered fns)
2026-05-29 12:29:07,312 INFO: CovBayes plan score=1.00 (predicts 4 uncovered fns)
2026-05-29 12:29:07,898 INFO: CovBayes plan score=1.01 (predicts 2 uncovered fns)
2026-05-29 12:29:08,011 INFO: CovBayes plan score=0.62 (predicts 4 uncovered fns)
2026-05-29 12:29:08,654 INFO: CovBayes plan score=0.00 (predicts 7 uncovered fns)
2026-05-29 12:29:08,738 INFO: CovBayes plan score=3.42 (predicts 13 uncovered fns)
2026-05-29 12:29:09,229 INFO: CovBayes plan score=0.43 (predicts 1 uncovered fns)
2026-05-29 12:29:09,794 INFO: CovBayes plan score=0.43 (predicts 1 uncovered fns)
2026-05-29 12:29:10,132 INFO: CovBayes plan score=0.00 (predicts 16 uncovered fns)
2026-05-29 12:29:10,745 INFO: CovBayes plan score=0.00 (predicts 7 uncovered fns)
2026-05-29 12:29:12,892 INFO: CovBayes plan score=1.28 (predicts 4 uncovered fns)
  [78/93] werkzeug.utils seed=42: {'cov_bayes': 16}
2026-05-29 12:29:14,758 INFO: CovBayes plan score=0.00 (predicts 16 uncovered fns)
  [79/93] werkzeug.wrappers.request seed=42: {'cov_bayes': 59}
2026-05-29 12:29:16,428 INFO: CovBayes plan score=0.18 (predicts 0 uncovered fns)
2026-05-29 12:29:17,230 INFO: CovBayes plan score=0.70 (predicts 4 uncovered fns)
2026-05-29 12:29:17,610 INFO: CovBayes plan score=0.70 (predicts 4 uncovered fns)
2026-05-29 12:29:17,917 INFO: CovBayes plan score=0.70 (predicts 4 uncovered fns)
2026-05-29 12:29:20,895 INFO: CovBayes plan score=1.39 (predicts 3 uncovered fns)
2026-05-29 12:29:23,819 INFO: CovBayes plan score=1.06 (predicts 3 uncovered fns)
2026-05-29 12:29:24,889 INFO: CovBayes plan score=0.57 (predicts 2 uncovered fns)
2026-05-29 12:29:25,663 INFO: CovBayes plan score=0.47 (predicts 0 uncovered fns)
2026-05-29 12:29:25,690 INFO: CovBayes plan score=0.00 (predicts 2 uncovered fns)
2026-05-29 12:29:26,208 INFO: CovBayes plan score=0.47 (predicts 0 uncovered fns)
2026-05-29 12:29:26,486 INFO: CovBayes plan score=0.00 (predicts 2 uncovered fns)
2026-05-29 12:29:26,607 INFO: CovBayes plan score=0.72 (predicts 2 uncovered fns)
2026-05-29 12:29:26,759 INFO: CovBayes plan score=0.00 (predicts 5 uncovered fns)
2026-05-29 12:29:27,195 INFO: CovBayes plan score=1.20 (predicts 3 uncovered fns)
2026-05-29 12:29:28,331 INFO: CovBayes plan score=0.00 (predicts 5 uncovered fns)
2026-05-29 12:29:28,878 INFO: CovBayes plan score=0.47 (predicts 0 uncovered fns)
2026-05-29 12:29:29,096 INFO: CovBayes plan score=2.53 (predicts 7 uncovered fns)
2026-05-29 12:29:29,838 INFO: CovBayes plan score=0.00 (predicts 5 uncovered fns)
2026-05-29 12:29:29,999 INFO: CovBayes plan score=2.53 (predicts 7 uncovered fns)
2026-05-29 12:29:30,007 INFO: CovBayes plan score=0.48 (predicts 0 uncovered fns)
2026-05-29 12:29:30,378 INFO: CovBayes plan score=2.53 (predicts 7 uncovered fns)
2026-05-29 12:29:31,214 INFO: CovBayes plan score=1.06 (predicts 3 uncovered fns)
2026-05-29 12:29:33,179 INFO: CovBayes plan score=1.21 (predicts 0 uncovered fns)
2026-05-29 12:29:34,714 INFO: CovBayes plan score=0.24 (predicts 0 uncovered fns)
2026-05-29 12:29:35,268 INFO: CovBayes plan score=0.00 (predicts 7 uncovered fns)
2026-05-29 12:29:35,306 INFO: CovBayes plan score=1.21 (predicts 0 uncovered fns)
2026-05-29 12:29:35,524 INFO: CovBayes plan score=0.39 (predicts 1 uncovered fns)
2026-05-29 12:29:37,266 INFO: CovBayes plan score=1.36 (predicts 6 uncovered fns)
2026-05-29 12:29:37,535 INFO: CovBayes plan score=0.00 (predicts 7 uncovered fns)
2026-05-29 12:29:38,143 INFO: CovBayes plan score=0.27 (predicts 0 uncovered fns)
2026-05-29 12:29:38,239 INFO: CovBayes plan score=0.80 (predicts 4 uncovered fns)
2026-05-29 12:29:39,622 INFO: CovBayes plan score=0.80 (predicts 4 uncovered fns)
2026-05-29 12:29:39,709 INFO: CovBayes plan score=1.21 (predicts 0 uncovered fns)
2026-05-29 12:29:39,793 INFO: CovBayes plan score=0.00 (predicts 7 uncovered fns)
2026-05-29 12:29:40,616 INFO: CovBayes plan score=0.80 (predicts 4 uncovered fns)
2026-05-29 12:29:41,538 INFO: CovBayes plan score=0.00 (predicts 17 uncovered fns)
2026-05-29 12:29:42,180 INFO: CovBayes plan score=0.63 (predicts 4 uncovered fns)
2026-05-29 12:29:42,480 INFO: CovBayes plan score=0.63 (predicts 4 uncovered fns)
2026-05-29 12:29:42,761 INFO: CovBayes plan score=0.63 (predicts 4 uncovered fns)
2026-05-29 12:29:43,294 INFO: CovBayes plan score=1.16 (predicts 5 uncovered fns)
2026-05-29 12:29:44,861 INFO: CovBayes plan score=1.08 (predicts 5 uncovered fns)
  [80/93] starlette.requests seed=42: {'cov_bayes': 35}
2026-05-29 12:29:47,679 INFO: CovBayes plan score=0.27 (predicts 0 uncovered fns)
  [81/93] starlette.responses seed=42: {'cov_bayes': 24}
2026-05-29 12:29:50,282 INFO: CovBayes plan score=0.27 (predicts 1 uncovered fns)
2026-05-29 12:29:52,684 INFO: CovBayes plan score=0.16 (predicts 0 uncovered fns)
2026-05-29 12:29:52,843 INFO: CovBayes plan score=0.27 (predicts 0 uncovered fns)
2026-05-29 12:29:53,152 INFO: CovBayes plan score=0.00 (predicts 2 uncovered fns)
2026-05-29 12:29:53,854 INFO: CovBayes plan score=0.35 (predicts 2 uncovered fns)
2026-05-29 12:29:54,526 INFO: CovBayes plan score=0.44 (predicts 2 uncovered fns)
2026-05-29 12:29:54,548 INFO: CovBayes plan score=0.00 (predicts 5 uncovered fns)
2026-05-29 12:29:55,360 INFO: CovBayes plan score=0.82 (predicts 0 uncovered fns)
2026-05-29 12:29:55,962 INFO: CovBayes plan score=0.82 (predicts 0 uncovered fns)
2026-05-29 12:29:56,372 INFO: CovBayes plan score=0.16 (predicts 0 uncovered fns)
2026-05-29 12:29:56,542 INFO: CovBayes plan score=0.82 (predicts 0 uncovered fns)
2026-05-29 12:29:56,980 INFO: CovBayes plan score=0.97 (predicts 3 uncovered fns)
2026-05-29 12:29:57,078 INFO: CovBayes plan score=0.05 (predicts 0 uncovered fns)
2026-05-29 12:29:57,946 INFO: CovBayes plan score=0.47 (predicts 0 uncovered fns)
2026-05-29 12:29:58,107 INFO: CovBayes plan score=0.97 (predicts 3 uncovered fns)
2026-05-29 12:29:58,444 INFO: CovBayes plan score=0.00 (predicts 5 uncovered fns)
2026-05-29 12:29:59,159 INFO: CovBayes plan score=0.97 (predicts 3 uncovered fns)
  [82/93] werkzeug.sansio.response seed=42: {'cov_bayes': 70}
2026-05-29 12:29:59,534 INFO: CovBayes plan score=0.16 (predicts 0 uncovered fns)
2026-05-29 12:30:01,921 INFO: CovBayes plan score=0.20 (predicts 0 uncovered fns)
2026-05-29 12:30:02,170 INFO: CovBayes plan score=0.47 (predicts 0 uncovered fns)
2026-05-29 12:30:03,540 INFO: CovBayes plan score=0.00 (predicts 7 uncovered fns)
  [83/93] starlette.routing seed=42: {'cov_bayes': 6}
2026-05-29 12:30:04,881 INFO: CovBayes plan score=1.21 (predicts 0 uncovered fns)
2026-05-29 12:30:05,141 INFO: CovBayes plan score=2.96 (predicts 9 uncovered fns)
2026-05-29 12:30:05,402 INFO: CovBayes plan score=0.47 (predicts 0 uncovered fns)
2026-05-29 12:30:05,471 INFO: CovBayes plan score=0.00 (predicts 7 uncovered fns)
2026-05-29 12:30:06,470 INFO: CovBayes plan score=1.07 (predicts 4 uncovered fns)
2026-05-29 12:30:07,082 INFO: CovBayes plan score=0.50 (predicts 3 uncovered fns)
2026-05-29 12:30:07,469 INFO: CovBayes plan score=0.00 (predicts 7 uncovered fns)
2026-05-29 12:30:07,492 INFO: CovBayes plan score=1.21 (predicts 0 uncovered fns)
2026-05-29 12:30:07,833 INFO: CovBayes plan score=0.50 (predicts 3 uncovered fns)
2026-05-29 12:30:08,494 INFO: CovBayes plan score=0.50 (predicts 3 uncovered fns)
2026-05-29 12:30:10,873 INFO: CovBayes plan score=0.59 (predicts 2 uncovered fns)
2026-05-29 12:30:12,225 INFO: CovBayes plan score=1.22 (predicts 6 uncovered fns)
  [84/93] werkzeug.wsgi seed=42: {'cov_bayes': 13}
2026-05-29 12:30:16,031 INFO: CovBayes plan score=0.18 (predicts 0 uncovered fns)
  [85/93] werkzeug.local seed=42: {'cov_bayes': 30}
2026-05-29 12:30:17,594 INFO: CovBayes plan score=1.11 (predicts 5 uncovered fns)
2026-05-29 12:30:20,149 INFO: CovBayes plan score=0.89 (predicts 3 uncovered fns)
2026-05-29 12:30:20,909 INFO: CovBayes plan score=0.89 (predicts 3 uncovered fns)
2026-05-29 12:30:21,688 INFO: CovBayes plan score=0.89 (predicts 3 uncovered fns)
2026-05-29 12:30:22,776 INFO: CovBayes plan score=0.00 (predicts 5 uncovered fns)
2026-05-29 12:30:24,024 INFO: CovBayes plan score=0.00 (predicts 5 uncovered fns)
2026-05-29 12:30:25,377 INFO: CovBayes plan score=0.00 (predicts 5 uncovered fns)
2026-05-29 12:30:27,099 INFO: CovBayes plan score=0.16 (predicts 0 uncovered fns)
2026-05-29 12:30:30,782 INFO: CovBayes plan score=1.03 (predicts 3 uncovered fns)
2026-05-29 12:30:31,699 INFO: CovBayes plan score=1.20 (predicts 0 uncovered fns)
2026-05-29 12:30:32,124 INFO: CovBayes plan score=0.00 (predicts 7 uncovered fns)
2026-05-29 12:30:33,802 INFO: CovBayes plan score=0.16 (predicts 0 uncovered fns)
2026-05-29 12:30:33,847 INFO: CovBayes plan score=1.20 (predicts 0 uncovered fns)
2026-05-29 12:30:33,960 INFO: CovBayes plan score=0.00 (predicts 7 uncovered fns)
2026-05-29 12:30:35,768 INFO: CovBayes plan score=0.00 (predicts 7 uncovered fns)
2026-05-29 12:30:36,044 INFO: CovBayes plan score=1.20 (predicts 0 uncovered fns)
2026-05-29 12:30:36,140 INFO: CovBayes plan score=0.43 (predicts 3 uncovered fns)
2026-05-29 12:30:36,760 INFO: CovBayes plan score=0.43 (predicts 3 uncovered fns)
2026-05-29 12:30:37,373 INFO: CovBayes plan score=0.43 (predicts 3 uncovered fns)
2026-05-29 12:30:39,786 INFO: CovBayes plan score=1.00 (predicts 5 uncovered fns)
  [86/93] starlette.datastructures seed=42: {'cov_bayes': 51}
2026-05-29 12:30:42,866 INFO: CovBayes plan score=0.24 (predicts 6 uncovered fns)
2026-05-29 12:30:45,978 INFO: CovBayes plan score=0.00 (predicts 5 uncovered fns)
2026-05-29 12:30:47,166 INFO: CovBayes plan score=0.00 (predicts 5 uncovered fns)
2026-05-29 12:30:47,303 INFO: CovBayes plan score=0.00 (predicts 16 uncovered fns)
2026-05-29 12:30:48,349 INFO: CovBayes plan score=0.00 (predicts 5 uncovered fns)
2026-05-29 12:30:57,624 INFO: CovBayes plan score=0.16 (predicts 0 uncovered fns)
2026-05-29 12:30:59,291 INFO: CovBayes plan score=0.00 (predicts 7 uncovered fns)
2026-05-29 12:31:01,080 INFO: CovBayes plan score=0.00 (predicts 7 uncovered fns)
2026-05-29 12:31:01,196 INFO: CovBayes plan score=0.38 (predicts 3 uncovered fns)
2026-05-29 12:31:01,836 INFO: CovBayes plan score=0.38 (predicts 3 uncovered fns)
2026-05-29 12:31:02,468 INFO: CovBayes plan score=0.38 (predicts 3 uncovered fns)
2026-05-29 12:31:02,804 INFO: CovBayes plan score=0.16 (predicts 0 uncovered fns)
2026-05-29 12:31:02,844 INFO: CovBayes plan score=0.00 (predicts 7 uncovered fns)
2026-05-29 12:31:05,912 INFO: CovBayes plan score=0.16 (predicts 0 uncovered fns)
2026-05-29 12:31:07,653 INFO: CovBayes plan score=0.49 (predicts 1 uncovered fns)
  [87/93] starlette.staticfiles seed=42: {'cov_bayes': 11}
2026-05-29 12:31:09,463 INFO: CovBayes plan score=0.00 (predicts 5 uncovered fns)
2026-05-29 12:31:10,593 INFO: CovBayes plan score=0.00 (predicts 5 uncovered fns)
2026-05-29 12:31:11,665 INFO: CovBayes plan score=0.00 (predicts 16 uncovered fns)
2026-05-29 12:31:11,683 INFO: CovBayes plan score=0.00 (predicts 5 uncovered fns)
  [88/93] starlette.templating seed=42: {'cov_bayes': 24}
2026-05-29 12:31:13,004 INFO: CovBayes plan score=0.60 (predicts 5 uncovered fns)
  [89/93] starlette.formparsers seed=42: {'cov_bayes': 2}
2026-05-29 12:31:26,527 INFO: CovBayes plan score=0.33 (predicts 3 uncovered fns)
2026-05-29 12:31:27,177 INFO: CovBayes plan score=0.33 (predicts 3 uncovered fns)
2026-05-29 12:31:27,767 INFO: CovBayes plan score=0.33 (predicts 3 uncovered fns)
2026-05-29 12:31:29,290 INFO: CovBayes plan score=0.16 (predicts 0 uncovered fns)
2026-05-29 12:31:33,000 INFO: CovBayes plan score=0.00 (predicts 5 uncovered fns)
  [90/93] starlette.middleware.errors seed=42: {'cov_bayes': 9}
2026-05-29 12:31:34,084 INFO: CovBayes plan score=0.00 (predicts 5 uncovered fns)
2026-05-29 12:31:34,174 INFO: CovBayes plan score=0.31 (predicts 2 uncovered fns)
2026-05-29 12:31:35,183 INFO: CovBayes plan score=0.00 (predicts 5 uncovered fns)
2026-05-29 12:31:39,040 INFO: CovBayes plan score=0.84 (predicts 3 uncovered fns)
2026-05-29 12:31:39,892 INFO: CovBayes plan score=0.84 (predicts 3 uncovered fns)
2026-05-29 12:31:40,009 INFO: CovBayes plan score=0.16 (predicts 0 uncovered fns)
2026-05-29 12:31:40,537 INFO: CovBayes plan score=0.84 (predicts 3 uncovered fns)
  [91/93] starlette.applications seed=42: {'cov_bayes': 8}
2026-05-29 12:31:54,029 INFO: CovBayes plan score=0.00 (predicts 5 uncovered fns)
2026-05-29 12:31:55,004 INFO: CovBayes plan score=0.00 (predicts 5 uncovered fns)
2026-05-29 12:31:55,977 INFO: CovBayes plan score=0.00 (predicts 5 uncovered fns)
  [92/93] starlette.middleware.base seed=42: {'cov_bayes': 35}
  [93/93] starlette.testclient seed=42: {'cov_bayes': 3}

======================================================================
RESULTS
======================================================================

Module                              seed    cov_bayes
-----------------------------------------------------
click.types                           42           11
click.utils                           42           19
click.formatting                      42           29
requests.auth                         42           49
click.parser                          42           21
requests.sessions                     42           13
click.testing                         42           37
click.decorators                      42           23
click.core                            42           69
click.exceptions                      42           13
requests.models                       42           28
requests.adapters                     42           62
requests.utils                        42            5
click.termui                          42           22
click.shell_completion                42           10
requests.cookies                      42            8
flask.app                             42            2
flask.config                          42           29
flask.cli                             42           77
flask.testing                         42            9
flask.helpers                         42            9
flask.ctx                             42           59
flask.sessions                        42            4
rich.table                            42           27
rich.text                             42           30
flask.templating                      42           49
rich.console                          42          178
rich.pretty                           42            9
flask.json.provider                   42           46
flask.json.tag                        42           19
rich.syntax                           42           58
rich.markdown                         42           18
rich.progress                         42           54
rich.traceback                        42           69
rich.style                            42           76
rich.color                            42           26
rich.segment                          42           60
jinja2.filters                        42          127
rich.layout                           42           17
jinja2.runtime                        42           66
jinja2.ext                            42            4
jinja2.environment                    42           76
jinja2.nodes                          42           11
jinja2.loaders                        42           25
jinja2.parser                         42           13
jinja2.utils                          42           11
jinja2.bccache                        42            5
jinja2.compiler                       42           29
httpx._models                         42           82
jinja2.lexer                          42           89
jinja2.sandbox                        42           75
httpx._urls                           42           42
httpx._main                           42           82
httpx._client                         42          126
httpx._urlparse                       42           66
httpx._api                            42            6
httpx._transports.default             42            5
httpx._utils                          42           26
httpx._config                         42           25
httpx._auth                           42           53
pydantic.config                       42            1
pydantic.types                        42          136
pydantic.main                         42          166
pydantic.fields                       42           99
pydantic.functional_validators        42           36
pydantic.type_adapter                 42           17
pydantic.networks                     42           34
pydantic.color                        42           85
pydantic.functional_serializers       42           22
werkzeug.http                         42           20
pydantic.json_schema                  42          269
werkzeug.datastructures.structures    42           23
werkzeug.serving                      42           23
werkzeug.routing.map                  42           67
werkzeug.exceptions                   42           21
werkzeug.routing.rules                42           16
werkzeug.wrappers.response            42           59
werkzeug.utils                        42           16
werkzeug.wrappers.request             42           59
starlette.requests                    42           35
starlette.responses                   42           24
werkzeug.sansio.response              42           70
starlette.routing                     42            6
werkzeug.wsgi                         42           13
werkzeug.local                        42           30
starlette.datastructures              42           51
starlette.staticfiles                 42           11
starlette.templating                  42           24
starlette.formparsers                 42            2
starlette.middleware.errors           42            9
starlette.applications                42            8
starlette.middleware.base             42           35
starlette.testclient                  42            3

======================================================================
STATISTICS
======================================================================

Per-strategy means (n=93):
  cov_bayes            branches=  41.7 ± 4.5  lines=133.1  pass_rate=79%

Per-repo means:

  click (10 runs):
    cov_bayes            mean=25.4

  flask (10 runs):
    cov_bayes            mean=30.3

  httpx (10 runs):
    cov_bayes            mean=51.3

  jinja2 (12 runs):
    cov_bayes            mean=44.2

  pydantic (10 runs):
    cov_bayes            mean=86.5

  requests (6 runs):
    cov_bayes            mean=27.5

  rich (12 runs):
    cov_bayes            mean=51.8

  starlette (11 runs):
    cov_bayes            mean=18.9

  werkzeug (12 runs):
    cov_bayes            mean=34.8

Cost: $0.0000 | Time: 1642s (27.4m)
Saved to /share/edc/home/aamayuelasfernandez/qcurious-tester/results/repo_explore_bench/exp9_covbayes_gemma.json
