2026-06-01 18:49:28,457 INFO: RepoExploreBench: 93 targets across 9 repos
======================================================================
RepoExploreBench v2.0
  Targets: 93 files across 9 repos
  Strategies: ['divhints_random', 'divhints_oracle', 'cov_bayes']
  Seeds: [42]
  Exec budget: 24 per run
  Total runs: 279
======================================================================
  Connectivity: OK

  Fetching source code...
    click.core: 114085 chars
    click.types: 36390 chars
    click.termui: 28323 chars
    click.utils: 20295 chars
    click.shell_completion: 18459 chars
    click.decorators: 18718 chars
    click.parser: 19066 chars
    click.testing: 16083 chars
    click.formatting: 9705 chars
    click.exceptions: 9272 chars
    requests.utils: 33447 chars
    requests.models: 35222 chars
    requests.sessions: 30372 chars
    requests.cookies: 18559 chars
    requests.adapters: 19552 chars
    requests.auth: 10186 chars
    flask.app: 59200 chars
    flask.cli: 33820 chars
    flask.helpers: 22991 chars
    flask.ctx: 14840 chars
    flask.sessions: 14168 chars
    flask.config: 12855 chars
    flask.json.tag: 8870 chars
    flask.testing: 10016 chars
    flask.templating: 7537 chars
    flask.json.provider: 7639 chars
    rich.console: 99096 chars
    rich.progress: 59691 chars
    rich.text: 47302 chars
    rich.table: 39643 chars
    rich.pretty: 35811 chars
    rich.syntax: 35364 chars
    rich.markdown: 26159 chars
    rich.style: 27072 chars
    rich.traceback: 29466 chars
    rich.segment: 24209 chars
    rich.color: 18220 chars
    rich.layout: 13939 chars
    jinja2.compiler: 72198 chars
    jinja2.filters: 53861 chars
    jinja2.environment: 61252 chars
    jinja2.nodes: 34549 chars
    jinja2.runtime: 33405 chars
    jinja2.parser: 39735 chars
    jinja2.ext: 31843 chars
    jinja2.lexer: 29725 chars
    jinja2.utils: 23932 chars
    jinja2.loaders: 23084 chars
    jinja2.sandbox: 14583 chars
    jinja2.bccache: 14060 chars
    httpx._client: 67489 chars
    httpx._models: 42302 chars
    httpx._urls: 21747 chars
    httpx._main: 15634 chars
    httpx._urlparse: 17719 chars
    httpx._api: 12927 chars
    httpx._utils: 13857 chars
    httpx._transports.default: 13289 chars
    httpx._config: 12203 chars
    httpx._auth: 11829 chars
    pydantic.types: 89470 chars
    pydantic.json_schema: 102806 chars
    pydantic.main: 65891 chars
    pydantic.fields: 45929 chars
    pydantic.config: 29138 chars
    pydantic.networks: 21214 chars
    pydantic.functional_validators: 23599 chars
    pydantic.color: 21492 chars
    pydantic.type_adapter: 18033 chars
    pydantic.functional_serializers: 14619 chars
    werkzeug.http: 43362 chars
    werkzeug.serving: 39331 chars
    werkzeug.datastructures.structures: 31760 chars
    werkzeug.routing.map: 36349 chars
    werkzeug.routing.rules: 31894 chars
    werkzeug.exceptions: 26061 chars
    werkzeug.wrappers.response: 32586 chars
    werkzeug.sansio.response: 27646 chars
    werkzeug.utils: 24653 chars
    werkzeug.wrappers.request: 24619 chars
    werkzeug.local: 22002 chars
    werkzeug.wsgi: 20893 chars
    starlette.routing: 35752 chars
    starlette.testclient: 29843 chars
    starlette.datastructures: 23348 chars
    starlette.responses: 12650 chars
    starlette.requests: 11196 chars
    starlette.formparsers: 10433 chars
    starlette.applications: 10922 chars
    starlette.middleware.errors: 7937 chars
    starlette.staticfiles: 8723 chars
    starlette.templating: 8984 chars
    starlette.middleware.base: 8794 chars
  Fetched 93/93 modules

Running 93 targets with 8 workers...
2026-06-01 19:11:16,756 INFO: CovBayes plan score=2.80 (predicts 5 uncovered fns)
2026-06-01 19:11:17,867 INFO: CovBayes plan score=2.80 (predicts 5 uncovered fns)
2026-06-01 19:11:19,170 INFO: CovBayes plan score=2.80 (predicts 5 uncovered fns)
2026-06-01 19:11:20,423 INFO: CovBayes plan score=2.80 (predicts 5 uncovered fns)
2026-06-01 19:11:22,589 INFO: CovBayes plan score=4.25 (predicts 8 uncovered fns)
2026-06-01 19:11:25,250 INFO: CovBayes plan score=4.74 (predicts 9 uncovered fns)
2026-06-01 19:11:26,678 INFO: CovBayes plan score=2.80 (predicts 5 uncovered fns)
2026-06-01 19:11:28,355 INFO: CovBayes plan score=3.29 (predicts 6 uncovered fns)
2026-06-01 19:11:38,013 INFO: CovBayes plan score=2.39 (predicts 4 uncovered fns)
2026-06-01 19:11:38,507 INFO: CovBayes plan score=1.41 (predicts 1 uncovered fns)
2026-06-01 19:11:38,849 INFO: CovBayes plan score=2.39 (predicts 4 uncovered fns)
2026-06-01 19:11:38,934 INFO: CovBayes plan score=1.90 (predicts 2 uncovered fns)
2026-06-01 19:11:39,816 INFO: CovBayes plan score=2.39 (predicts 4 uncovered fns)
2026-06-01 19:11:40,685 INFO: CovBayes plan score=2.39 (predicts 4 uncovered fns)
2026-06-01 19:11:41,051 INFO: CovBayes plan score=1.81 (predicts 8 uncovered fns)
2026-06-01 19:11:41,577 INFO: CovBayes plan score=2.39 (predicts 4 uncovered fns)
2026-06-01 19:11:41,802 INFO: CovBayes plan score=2.38 (predicts 3 uncovered fns)
2026-06-01 19:11:42,147 INFO: CovBayes plan score=1.41 (predicts 1 uncovered fns)
2026-06-01 19:11:42,497 INFO: CovBayes plan score=2.39 (predicts 4 uncovered fns)
2026-06-01 19:11:42,703 INFO: CovBayes plan score=1.90 (predicts 2 uncovered fns)
2026-06-01 19:11:43,167 INFO: CovBayes plan score=1.90 (predicts 2 uncovered fns)
2026-06-01 19:11:43,422 INFO: CovBayes plan score=2.39 (predicts 4 uncovered fns)
2026-06-01 19:11:43,921 INFO: CovBayes plan score=1.88 (predicts 3 uncovered fns)
2026-06-01 19:11:44,288 INFO: CovBayes plan score=2.39 (predicts 4 uncovered fns)
2026-06-01 19:11:52,770 INFO: CovBayes plan score=1.35 (predicts 3 uncovered fns)
2026-06-01 19:11:53,856 INFO: CovBayes plan score=1.18 (predicts 2 uncovered fns)
2026-06-01 19:11:55,230 INFO: CovBayes plan score=1.51 (predicts 3 uncovered fns)
2026-06-01 19:11:56,590 INFO: CovBayes plan score=1.83 (predicts 4 uncovered fns)
2026-06-01 19:11:58,128 INFO: CovBayes plan score=1.51 (predicts 3 uncovered fns)
2026-06-01 19:11:59,267 INFO: CovBayes plan score=0.50 (predicts 4 uncovered fns)
2026-06-01 19:11:59,997 INFO: CovBayes plan score=0.70 (predicts 1 uncovered fns)
2026-06-01 19:12:01,287 INFO: CovBayes plan score=1.51 (predicts 3 uncovered fns)
2026-06-01 19:12:07,402 INFO: CovBayes plan score=0.79 (predicts 1 uncovered fns)
2026-06-01 19:12:07,707 INFO: CovBayes plan score=0.79 (predicts 1 uncovered fns)
2026-06-01 19:12:08,010 INFO: CovBayes plan score=0.79 (predicts 1 uncovered fns)
2026-06-01 19:12:08,313 INFO: CovBayes plan score=0.79 (predicts 1 uncovered fns)
2026-06-01 19:12:08,614 INFO: CovBayes plan score=0.79 (predicts 1 uncovered fns)
2026-06-01 19:12:08,913 INFO: CovBayes plan score=0.79 (predicts 1 uncovered fns)
2026-06-01 19:12:09,199 INFO: CovBayes plan score=0.79 (predicts 1 uncovered fns)
2026-06-01 19:12:09,478 INFO: CovBayes plan score=0.79 (predicts 1 uncovered fns)
2026-06-01 19:12:10,435 INFO: CovBayes plan score=0.39 (predicts 0 uncovered fns)
2026-06-01 19:12:10,906 INFO: CovBayes plan score=0.39 (predicts 0 uncovered fns)
2026-06-01 19:12:11,900 INFO: CovBayes plan score=0.39 (predicts 0 uncovered fns)
2026-06-01 19:12:12,262 INFO: CovBayes plan score=0.39 (predicts 0 uncovered fns)
2026-06-01 19:12:12,621 INFO: CovBayes plan score=0.39 (predicts 0 uncovered fns)
2026-06-01 19:12:12,977 INFO: CovBayes plan score=0.39 (predicts 0 uncovered fns)
2026-06-01 19:12:13,322 INFO: CovBayes plan score=0.39 (predicts 0 uncovered fns)
2026-06-01 19:12:13,660 INFO: CovBayes plan score=0.39 (predicts 0 uncovered fns)
2026-06-01 19:12:14,968 INFO: CovBayes plan score=4.29 (predicts 7 uncovered fns)
2026-06-01 19:12:17,060 INFO: CovBayes plan score=0.90 (predicts 0 uncovered fns)
2026-06-01 19:12:17,400 INFO: CovBayes plan score=4.29 (predicts 7 uncovered fns)
2026-06-01 19:12:21,011 INFO: CovBayes plan score=0.90 (predicts 0 uncovered fns)
2026-06-01 19:12:21,370 INFO: CovBayes plan score=4.29 (predicts 7 uncovered fns)
2026-06-01 19:12:21,922 INFO: CovBayes plan score=1.70 (predicts 2 uncovered fns)
2026-06-01 19:12:22,446 INFO: CovBayes plan score=1.70 (predicts 2 uncovered fns)
2026-06-01 19:12:22,791 INFO: CovBayes plan score=4.29 (predicts 7 uncovered fns)
2026-06-01 19:12:25,834 INFO: CovBayes plan score=1.13 (predicts 4 uncovered fns)
2026-06-01 19:12:28,738 INFO: CovBayes plan score=0.50 (predicts 2 uncovered fns)
2026-06-01 19:12:31,711 INFO: CovBayes plan score=0.17 (predicts 2 uncovered fns)
2026-06-01 19:12:32,384 INFO: CovBayes plan score=0.42 (predicts 2 uncovered fns)
2026-06-01 19:12:32,964 INFO: CovBayes plan score=0.75 (predicts 2 uncovered fns)
2026-06-01 19:12:33,562 INFO: CovBayes plan score=0.75 (predicts 2 uncovered fns)
2026-06-01 19:12:33,654 INFO: CovBayes plan score=0.29 (predicts 0 uncovered fns)
2026-06-01 19:12:33,930 INFO: CovBayes plan score=0.29 (predicts 0 uncovered fns)
2026-06-01 19:12:34,169 INFO: CovBayes plan score=0.75 (predicts 2 uncovered fns)
2026-06-01 19:12:34,208 INFO: CovBayes plan score=0.29 (predicts 0 uncovered fns)
2026-06-01 19:12:34,515 INFO: CovBayes plan score=0.29 (predicts 0 uncovered fns)
2026-06-01 19:12:34,793 INFO: CovBayes plan score=0.29 (predicts 0 uncovered fns)
2026-06-01 19:12:35,073 INFO: CovBayes plan score=0.29 (predicts 0 uncovered fns)
2026-06-01 19:12:35,349 INFO: CovBayes plan score=0.29 (predicts 0 uncovered fns)
2026-06-01 19:12:35,621 INFO: CovBayes plan score=0.29 (predicts 0 uncovered fns)
2026-06-01 19:12:36,476 INFO: CovBayes plan score=0.39 (predicts 0 uncovered fns)
2026-06-01 19:12:37,114 INFO: CovBayes plan score=0.50 (predicts 2 uncovered fns)
2026-06-01 19:12:37,346 INFO: CovBayes plan score=0.39 (predicts 0 uncovered fns)
2026-06-01 19:12:39,115 INFO: CovBayes plan score=0.39 (predicts 0 uncovered fns)
2026-06-01 19:12:39,978 INFO: CovBayes plan score=0.39 (predicts 0 uncovered fns)
2026-06-01 19:12:40,805 INFO: CovBayes plan score=0.39 (predicts 0 uncovered fns)
2026-06-01 19:12:41,620 INFO: CovBayes plan score=0.39 (predicts 0 uncovered fns)
2026-06-01 19:12:42,409 INFO: CovBayes plan score=0.39 (predicts 0 uncovered fns)
2026-06-01 19:12:44,148 INFO: CovBayes plan score=0.39 (predicts 0 uncovered fns)
2026-06-01 19:12:45,330 INFO: CovBayes plan score=1.12 (predicts 5 uncovered fns)
2026-06-01 19:12:45,780 INFO: CovBayes plan score=3.12 (predicts 7 uncovered fns)
2026-06-01 19:12:46,105 INFO: CovBayes plan score=3.12 (predicts 7 uncovered fns)
2026-06-01 19:12:46,431 INFO: CovBayes plan score=3.12 (predicts 7 uncovered fns)
2026-06-01 19:12:46,962 INFO: CovBayes plan score=3.45 (predicts 8 uncovered fns)
2026-06-01 19:12:47,289 INFO: CovBayes plan score=3.12 (predicts 7 uncovered fns)
2026-06-01 19:12:47,621 INFO: CovBayes plan score=3.12 (predicts 7 uncovered fns)
2026-06-01 19:12:48,089 INFO: CovBayes plan score=3.12 (predicts 7 uncovered fns)
2026-06-01 19:13:03,298 INFO: CovBayes plan score=0.36 (predicts 2 uncovered fns)
2026-06-01 19:13:04,384 INFO: CovBayes plan score=0.15 (predicts 2 uncovered fns)
2026-06-01 19:13:05,081 INFO: CovBayes plan score=0.61 (predicts 2 uncovered fns)
2026-06-01 19:13:05,489 INFO: CovBayes plan score=0.29 (predicts 0 uncovered fns)
2026-06-01 19:13:05,843 INFO: CovBayes plan score=0.61 (predicts 2 uncovered fns)
2026-06-01 19:13:05,846 INFO: CovBayes plan score=0.29 (predicts 0 uncovered fns)
2026-06-01 19:13:06,212 INFO: CovBayes plan score=0.29 (predicts 0 uncovered fns)
2026-06-01 19:13:06,548 INFO: CovBayes plan score=0.29 (predicts 0 uncovered fns)
2026-06-01 19:13:06,883 INFO: CovBayes plan score=0.29 (predicts 0 uncovered fns)
2026-06-01 19:13:06,886 INFO: CovBayes plan score=0.15 (predicts 2 uncovered fns)
2026-06-01 19:13:07,238 INFO: CovBayes plan score=0.29 (predicts 0 uncovered fns)
2026-06-01 19:13:07,567 INFO: CovBayes plan score=0.29 (predicts 0 uncovered fns)
2026-06-01 19:13:07,592 INFO: CovBayes plan score=0.61 (predicts 2 uncovered fns)
2026-06-01 19:13:07,934 INFO: CovBayes plan score=0.29 (predicts 0 uncovered fns)
2026-06-01 19:13:10,281 INFO: CovBayes plan score=0.17 (predicts 0 uncovered fns)
2026-06-01 19:13:10,930 INFO: CovBayes plan score=0.61 (predicts 2 uncovered fns)
2026-06-01 19:13:12,004 INFO: CovBayes plan score=1.77 (predicts 3 uncovered fns)
2026-06-01 19:13:12,748 INFO: CovBayes plan score=1.77 (predicts 3 uncovered fns)
2026-06-01 19:13:13,486 INFO: CovBayes plan score=1.77 (predicts 3 uncovered fns)
2026-06-01 19:13:14,107 INFO: CovBayes plan score=2.54 (predicts 7 uncovered fns)
2026-06-01 19:13:14,268 INFO: CovBayes plan score=1.77 (predicts 3 uncovered fns)
2026-06-01 19:13:14,508 INFO: CovBayes plan score=2.54 (predicts 7 uncovered fns)
2026-06-01 19:13:14,912 INFO: CovBayes plan score=2.54 (predicts 7 uncovered fns)
2026-06-01 19:13:15,052 INFO: CovBayes plan score=1.77 (predicts 3 uncovered fns)
2026-06-01 19:13:15,312 INFO: CovBayes plan score=2.54 (predicts 7 uncovered fns)
2026-06-01 19:13:15,692 INFO: CovBayes plan score=2.54 (predicts 7 uncovered fns)
2026-06-01 19:13:15,797 INFO: CovBayes plan score=1.77 (predicts 3 uncovered fns)
2026-06-01 19:13:16,079 INFO: CovBayes plan score=2.54 (predicts 7 uncovered fns)
2026-06-01 19:13:16,588 INFO: CovBayes plan score=2.54 (predicts 7 uncovered fns)
2026-06-01 19:13:16,692 INFO: CovBayes plan score=0.77 (predicts 3 uncovered fns)
2026-06-01 19:13:17,021 INFO: CovBayes plan score=2.54 (predicts 7 uncovered fns)
2026-06-01 19:13:17,449 INFO: CovBayes plan score=1.77 (predicts 3 uncovered fns)
2026-06-01 19:13:17,898 INFO: CovBayes plan score=0.39 (predicts 0 uncovered fns)
2026-06-01 19:13:19,947 INFO: CovBayes plan score=0.39 (predicts 0 uncovered fns)
2026-06-01 19:13:20,353 INFO: CovBayes plan score=0.39 (predicts 0 uncovered fns)
2026-06-01 19:13:20,765 INFO: CovBayes plan score=0.39 (predicts 0 uncovered fns)
2026-06-01 19:13:21,629 INFO: CovBayes plan score=0.39 (predicts 0 uncovered fns)
2026-06-01 19:13:22,804 INFO: CovBayes plan score=0.39 (predicts 0 uncovered fns)
2026-06-01 19:13:23,665 INFO: CovBayes plan score=0.39 (predicts 0 uncovered fns)
2026-06-01 19:13:25,394 INFO: CovBayes plan score=0.39 (predicts 0 uncovered fns)
2026-06-01 19:13:28,384 INFO: CovBayes plan score=1.84 (predicts 3 uncovered fns)
2026-06-01 19:13:28,709 INFO: CovBayes plan score=0.88 (predicts 1 uncovered fns)
2026-06-01 19:13:29,301 INFO: CovBayes plan score=1.36 (predicts 2 uncovered fns)
2026-06-01 19:13:30,158 INFO: CovBayes plan score=1.84 (predicts 3 uncovered fns)
2026-06-01 19:13:30,802 INFO: CovBayes plan score=1.36 (predicts 2 uncovered fns)
2026-06-01 19:13:31,108 INFO: CovBayes plan score=2.97 (predicts 2 uncovered fns)
2026-06-01 19:13:31,776 INFO: CovBayes plan score=2.97 (predicts 2 uncovered fns)
2026-06-01 19:13:31,928 INFO: CovBayes plan score=2.33 (predicts 4 uncovered fns)
2026-06-01 19:13:32,449 INFO: CovBayes plan score=2.97 (predicts 2 uncovered fns)
2026-06-01 19:13:33,068 INFO: CovBayes plan score=2.97 (predicts 2 uncovered fns)
2026-06-01 19:13:34,368 INFO: CovBayes plan score=0.80 (predicts 4 uncovered fns)
2026-06-01 19:13:35,782 INFO: CovBayes plan score=0.29 (predicts 0 uncovered fns)
2026-06-01 19:13:36,061 INFO: CovBayes plan score=0.80 (predicts 4 uncovered fns)
2026-06-01 19:13:36,107 INFO: CovBayes plan score=0.29 (predicts 0 uncovered fns)
2026-06-01 19:13:36,462 INFO: CovBayes plan score=0.29 (predicts 0 uncovered fns)
2026-06-01 19:13:36,784 INFO: CovBayes plan score=0.29 (predicts 0 uncovered fns)
2026-06-01 19:13:37,107 INFO: CovBayes plan score=0.29 (predicts 0 uncovered fns)
2026-06-01 19:13:37,429 INFO: CovBayes plan score=1.00 (predicts 4 uncovered fns)
2026-06-01 19:13:37,430 INFO: CovBayes plan score=0.29 (predicts 0 uncovered fns)
2026-06-01 19:13:37,769 INFO: CovBayes plan score=0.29 (predicts 0 uncovered fns)
2026-06-01 19:13:38,081 INFO: CovBayes plan score=0.29 (predicts 0 uncovered fns)
2026-06-01 19:13:38,334 INFO: CovBayes plan score=3.34 (predicts 7 uncovered fns)
2026-06-01 19:13:38,451 INFO: CovBayes plan score=0.80 (predicts 4 uncovered fns)
2026-06-01 19:13:38,865 INFO: CovBayes plan score=1.36 (predicts 2 uncovered fns)
2026-06-01 19:13:39,293 INFO: CovBayes plan score=1.99 (predicts 0 uncovered fns)
2026-06-01 19:13:39,904 INFO: CovBayes plan score=2.97 (predicts 2 uncovered fns)
2026-06-01 19:13:40,506 INFO: CovBayes plan score=2.97 (predicts 2 uncovered fns)
2026-06-01 19:13:41,117 INFO: CovBayes plan score=2.97 (predicts 2 uncovered fns)
2026-06-01 19:13:41,690 INFO: CovBayes plan score=0.10 (predicts 13 uncovered fns)
2026-06-01 19:13:43,021 INFO: CovBayes plan score=0.80 (predicts 4 uncovered fns)
2026-06-01 19:13:43,582 INFO: CovBayes plan score=1.84 (predicts 3 uncovered fns)
2026-06-01 19:13:43,891 INFO: CovBayes plan score=0.15 (predicts 2 uncovered fns)
2026-06-01 19:13:44,243 INFO: CovBayes plan score=2.43 (predicts 8 uncovered fns)
2026-06-01 19:13:44,642 INFO: CovBayes plan score=2.19 (predicts 7 uncovered fns)
2026-06-01 19:13:45,268 INFO: CovBayes plan score=2.43 (predicts 8 uncovered fns)
2026-06-01 19:13:45,651 INFO: CovBayes plan score=2.19 (predicts 7 uncovered fns)
2026-06-01 19:13:46,019 INFO: CovBayes plan score=2.19 (predicts 7 uncovered fns)
2026-06-01 19:13:46,366 INFO: CovBayes plan score=2.19 (predicts 7 uncovered fns)
2026-06-01 19:13:46,711 INFO: CovBayes plan score=2.19 (predicts 7 uncovered fns)
2026-06-01 19:13:46,882 INFO: CovBayes plan score=0.15 (predicts 2 uncovered fns)
2026-06-01 19:13:47,244 INFO: CovBayes plan score=0.39 (predicts 0 uncovered fns)
2026-06-01 19:13:47,617 INFO: CovBayes plan score=0.39 (predicts 0 uncovered fns)
2026-06-01 19:13:48,173 INFO: CovBayes plan score=0.39 (predicts 0 uncovered fns)
2026-06-01 19:13:48,761 INFO: CovBayes plan score=0.39 (predicts 0 uncovered fns)
2026-06-01 19:13:49,435 INFO: CovBayes plan score=0.39 (predicts 0 uncovered fns)
2026-06-01 19:13:49,539 INFO: CovBayes plan score=1.27 (predicts 3 uncovered fns)
2026-06-01 19:13:50,065 INFO: CovBayes plan score=0.39 (predicts 0 uncovered fns)
2026-06-01 19:13:50,334 INFO: CovBayes plan score=1.27 (predicts 3 uncovered fns)
2026-06-01 19:13:50,696 INFO: CovBayes plan score=0.39 (predicts 0 uncovered fns)
2026-06-01 19:13:51,131 INFO: CovBayes plan score=1.27 (predicts 3 uncovered fns)
2026-06-01 19:13:51,329 INFO: CovBayes plan score=0.39 (predicts 0 uncovered fns)
2026-06-01 19:13:52,097 INFO: CovBayes plan score=1.27 (predicts 3 uncovered fns)
2026-06-01 19:13:52,936 INFO: CovBayes plan score=1.27 (predicts 3 uncovered fns)
2026-06-01 19:13:53,762 INFO: CovBayes plan score=1.27 (predicts 3 uncovered fns)
2026-06-01 19:13:54,589 INFO: CovBayes plan score=1.27 (predicts 3 uncovered fns)
2026-06-01 19:13:55,433 INFO: CovBayes plan score=1.27 (predicts 3 uncovered fns)
2026-06-01 19:14:03,122 INFO: CovBayes plan score=2.20 (predicts 4 uncovered fns)
2026-06-01 19:14:04,270 INFO: CovBayes plan score=2.20 (predicts 4 uncovered fns)
2026-06-01 19:14:05,239 INFO: CovBayes plan score=1.71 (predicts 3 uncovered fns)
2026-06-01 19:14:06,086 INFO: CovBayes plan score=1.71 (predicts 3 uncovered fns)
2026-06-01 19:14:07,239 INFO: CovBayes plan score=1.69 (predicts 4 uncovered fns)
2026-06-01 19:14:08,366 INFO: CovBayes plan score=0.29 (predicts 0 uncovered fns)
2026-06-01 19:14:08,423 INFO: CovBayes plan score=1.69 (predicts 4 uncovered fns)
2026-06-01 19:14:08,767 INFO: CovBayes plan score=0.29 (predicts 0 uncovered fns)
2026-06-01 19:14:09,135 INFO: CovBayes plan score=0.29 (predicts 0 uncovered fns)
2026-06-01 19:14:09,363 INFO: CovBayes plan score=1.71 (predicts 3 uncovered fns)
2026-06-01 19:14:09,531 INFO: CovBayes plan score=0.29 (predicts 0 uncovered fns)
2026-06-01 19:14:09,890 INFO: CovBayes plan score=0.29 (predicts 0 uncovered fns)
2026-06-01 19:14:10,248 INFO: CovBayes plan score=0.29 (predicts 0 uncovered fns)
2026-06-01 19:14:10,579 INFO: CovBayes plan score=2.20 (predicts 4 uncovered fns)
2026-06-01 19:14:10,605 INFO: CovBayes plan score=0.29 (predicts 0 uncovered fns)
2026-06-01 19:14:10,960 INFO: CovBayes plan score=0.29 (predicts 0 uncovered fns)
2026-06-01 19:14:11,489 INFO: CovBayes plan score=1.95 (predicts 7 uncovered fns)
2026-06-01 19:14:13,583 INFO: CovBayes plan score=0.29 (predicts 2 uncovered fns)
2026-06-01 19:14:14,416 INFO: CovBayes plan score=0.82 (predicts 0 uncovered fns)
2026-06-01 19:14:14,783 INFO: CovBayes plan score=1.95 (predicts 7 uncovered fns)
2026-06-01 19:14:15,156 INFO: CovBayes plan score=1.95 (predicts 7 uncovered fns)
2026-06-01 19:14:15,512 INFO: CovBayes plan score=1.95 (predicts 7 uncovered fns)
2026-06-01 19:14:15,874 INFO: CovBayes plan score=1.95 (predicts 7 uncovered fns)
2026-06-01 19:14:16,293 INFO: CovBayes plan score=1.95 (predicts 7 uncovered fns)
2026-06-01 19:14:16,641 INFO: CovBayes plan score=1.95 (predicts 7 uncovered fns)
2026-06-01 19:14:16,729 INFO: CovBayes plan score=1.89 (predicts 0 uncovered fns)
2026-06-01 19:14:16,809 INFO: CovBayes plan score=0.15 (predicts 2 uncovered fns)
2026-06-01 19:14:17,570 INFO: CovBayes plan score=1.97 (predicts 4 uncovered fns)
2026-06-01 19:14:17,821 INFO: CovBayes plan score=0.68 (predicts 1 uncovered fns)
2026-06-01 19:14:18,403 INFO: CovBayes plan score=1.16 (predicts 2 uncovered fns)
2026-06-01 19:14:19,064 INFO: CovBayes plan score=1.00 (predicts 2 uncovered fns)
2026-06-01 19:14:19,111 INFO: CovBayes plan score=0.15 (predicts 2 uncovered fns)
2026-06-01 19:14:19,875 INFO: CovBayes plan score=1.65 (predicts 3 uncovered fns)
2026-06-01 19:14:20,086 INFO: CovBayes plan score=0.32 (predicts 2 uncovered fns)
2026-06-01 19:14:20,464 INFO: CovBayes plan score=1.16 (predicts 2 uncovered fns)
2026-06-01 19:14:20,780 INFO: CovBayes plan score=0.46 (predicts 2 uncovered fns)
2026-06-01 19:14:21,411 INFO: CovBayes plan score=0.46 (predicts 2 uncovered fns)
2026-06-01 19:14:21,682 INFO: CovBayes plan score=0.39 (predicts 0 uncovered fns)
2026-06-01 19:14:21,903 INFO: CovBayes plan score=1.89 (predicts 0 uncovered fns)
2026-06-01 19:14:22,309 INFO: CovBayes plan score=0.39 (predicts 0 uncovered fns)
2026-06-01 19:14:22,574 INFO: CovBayes plan score=1.89 (predicts 0 uncovered fns)
2026-06-01 19:14:22,929 INFO: CovBayes plan score=1.89 (predicts 0 uncovered fns)
2026-06-01 19:14:23,562 INFO: CovBayes plan score=1.89 (predicts 0 uncovered fns)
2026-06-01 19:14:23,687 INFO: CovBayes plan score=0.15 (predicts 2 uncovered fns)
2026-06-01 19:14:23,966 INFO: CovBayes plan score=0.39 (predicts 0 uncovered fns)
2026-06-01 19:14:24,257 INFO: CovBayes plan score=1.89 (predicts 0 uncovered fns)
2026-06-01 19:14:24,317 INFO: CovBayes plan score=0.46 (predicts 2 uncovered fns)
2026-06-01 19:14:24,470 INFO: CovBayes plan score=0.39 (predicts 0 uncovered fns)
2026-06-01 19:14:24,838 INFO: CovBayes plan score=1.89 (predicts 0 uncovered fns)
2026-06-01 19:14:25,213 INFO: CovBayes plan score=1.89 (predicts 0 uncovered fns)
2026-06-01 19:14:25,406 INFO: CovBayes plan score=0.39 (predicts 0 uncovered fns)
2026-06-01 19:14:25,947 INFO: CovBayes plan score=1.00 (predicts 2 uncovered fns)
2026-06-01 19:14:26,791 INFO: CovBayes plan score=0.39 (predicts 0 uncovered fns)
2026-06-01 19:14:27,061 INFO: CovBayes plan score=1.97 (predicts 4 uncovered fns)
2026-06-01 19:14:27,181 INFO: CovBayes plan score=0.39 (predicts 0 uncovered fns)
2026-06-01 19:14:27,452 INFO: CovBayes plan score=1.02 (predicts 3 uncovered fns)
2026-06-01 19:14:27,600 INFO: CovBayes plan score=0.39 (predicts 0 uncovered fns)
2026-06-01 19:14:28,223 INFO: CovBayes plan score=1.02 (predicts 3 uncovered fns)
2026-06-01 19:14:28,976 INFO: CovBayes plan score=1.02 (predicts 3 uncovered fns)
2026-06-01 19:14:29,724 INFO: CovBayes plan score=1.02 (predicts 3 uncovered fns)
2026-06-01 19:14:30,475 INFO: CovBayes plan score=1.02 (predicts 3 uncovered fns)
2026-06-01 19:14:31,232 INFO: CovBayes plan score=1.02 (predicts 3 uncovered fns)
2026-06-01 19:14:31,979 INFO: CovBayes plan score=1.02 (predicts 3 uncovered fns)
2026-06-01 19:14:32,712 INFO: CovBayes plan score=1.02 (predicts 3 uncovered fns)
2026-06-01 19:14:36,244 INFO: CovBayes plan score=0.20 (predicts 0 uncovered fns)
2026-06-01 19:14:36,477 INFO: CovBayes plan score=0.20 (predicts 0 uncovered fns)
2026-06-01 19:14:36,709 INFO: CovBayes plan score=0.20 (predicts 0 uncovered fns)
2026-06-01 19:14:36,977 INFO: CovBayes plan score=0.20 (predicts 0 uncovered fns)
2026-06-01 19:14:37,358 INFO: CovBayes plan score=0.29 (predicts 0 uncovered fns)
2026-06-01 19:14:37,393 INFO: CovBayes plan score=0.20 (predicts 0 uncovered fns)
2026-06-01 19:14:37,852 INFO: CovBayes plan score=0.29 (predicts 0 uncovered fns)
2026-06-01 19:14:38,206 INFO: CovBayes plan score=0.29 (predicts 0 uncovered fns)
2026-06-01 19:14:38,401 INFO: CovBayes plan score=0.20 (predicts 0 uncovered fns)
2026-06-01 19:14:38,577 INFO: CovBayes plan score=0.29 (predicts 0 uncovered fns)
2026-06-01 19:14:38,693 INFO: CovBayes plan score=0.20 (predicts 0 uncovered fns)
2026-06-01 19:14:38,963 INFO: CovBayes plan score=0.20 (predicts 0 uncovered fns)
2026-06-01 19:14:38,965 INFO: CovBayes plan score=0.29 (predicts 0 uncovered fns)
2026-06-01 19:14:39,315 INFO: CovBayes plan score=0.29 (predicts 0 uncovered fns)
2026-06-01 19:14:39,670 INFO: CovBayes plan score=0.29 (predicts 0 uncovered fns)
2026-06-01 19:14:40,061 INFO: CovBayes plan score=0.29 (predicts 0 uncovered fns)
2026-06-01 19:14:40,663 INFO: CovBayes plan score=1.98 (predicts 8 uncovered fns)
2026-06-01 19:14:43,931 INFO: CovBayes plan score=1.79 (predicts 7 uncovered fns)
2026-06-01 19:14:44,401 INFO: CovBayes plan score=1.79 (predicts 7 uncovered fns)
2026-06-01 19:14:44,873 INFO: CovBayes plan score=1.79 (predicts 7 uncovered fns)
2026-06-01 19:14:45,346 INFO: CovBayes plan score=1.79 (predicts 7 uncovered fns)
2026-06-01 19:14:45,708 INFO: CovBayes plan score=1.01 (predicts 1 uncovered fns)
2026-06-01 19:14:46,173 INFO: CovBayes plan score=1.79 (predicts 7 uncovered fns)
2026-06-01 19:14:46,635 INFO: CovBayes plan score=1.79 (predicts 7 uncovered fns)
2026-06-01 19:14:53,639 INFO: CovBayes plan score=0.64 (predicts 3 uncovered fns)
2026-06-01 19:14:54,743 INFO: CovBayes plan score=0.15 (predicts 1 uncovered fns)
2026-06-01 19:14:57,830 INFO: CovBayes plan score=0.39 (predicts 0 uncovered fns)
2026-06-01 19:14:58,509 INFO: CovBayes plan score=0.39 (predicts 0 uncovered fns)
2026-06-01 19:14:59,217 INFO: CovBayes plan score=0.39 (predicts 0 uncovered fns)
2026-06-01 19:14:59,518 INFO: CovBayes plan score=1.89 (predicts 0 uncovered fns)
2026-06-01 19:14:59,817 INFO: CovBayes plan score=0.39 (predicts 0 uncovered fns)
2026-06-01 19:15:00,868 INFO: CovBayes plan score=0.00 (predicts 12 uncovered fns)
2026-06-01 19:15:01,951 INFO: CovBayes plan score=0.39 (predicts 0 uncovered fns)
2026-06-01 19:15:02,157 INFO: CovBayes plan score=0.87 (predicts 3 uncovered fns)
2026-06-01 19:15:02,815 INFO: CovBayes plan score=0.39 (predicts 0 uncovered fns)
2026-06-01 19:15:02,966 INFO: CovBayes plan score=0.87 (predicts 3 uncovered fns)
2026-06-01 19:15:03,461 INFO: CovBayes plan score=0.39 (predicts 0 uncovered fns)
2026-06-01 19:15:03,785 INFO: CovBayes plan score=0.87 (predicts 3 uncovered fns)
2026-06-01 19:15:04,109 INFO: CovBayes plan score=0.15 (predicts 1 uncovered fns)
2026-06-01 19:15:04,331 INFO: CovBayes plan score=0.39 (predicts 0 uncovered fns)
2026-06-01 19:15:04,557 INFO: CovBayes plan score=0.87 (predicts 3 uncovered fns)
2026-06-01 19:15:04,720 INFO: CovBayes plan score=0.15 (predicts 1 uncovered fns)
2026-06-01 19:15:05,214 INFO: CovBayes plan score=1.89 (predicts 0 uncovered fns)
2026-06-01 19:15:05,339 INFO: CovBayes plan score=0.16 (predicts 1 uncovered fns)
2026-06-01 19:15:05,362 INFO: CovBayes plan score=0.87 (predicts 3 uncovered fns)
2026-06-01 19:15:05,870 INFO: CovBayes plan score=1.89 (predicts 0 uncovered fns)
2026-06-01 19:15:06,008 INFO: CovBayes plan score=0.20 (predicts 0 uncovered fns)
2026-06-01 19:15:06,165 INFO: CovBayes plan score=0.87 (predicts 3 uncovered fns)
2026-06-01 19:15:06,247 INFO: CovBayes plan score=0.20 (predicts 0 uncovered fns)
2026-06-01 19:15:06,465 INFO: CovBayes plan score=0.20 (predicts 0 uncovered fns)
2026-06-01 19:15:06,878 INFO: CovBayes plan score=0.87 (predicts 3 uncovered fns)
2026-06-01 19:15:06,881 INFO: CovBayes plan score=0.20 (predicts 0 uncovered fns)
2026-06-01 19:15:07,100 INFO: CovBayes plan score=0.20 (predicts 0 uncovered fns)
2026-06-01 19:15:07,307 INFO: CovBayes plan score=0.20 (predicts 0 uncovered fns)
2026-06-01 19:15:07,483 INFO: CovBayes plan score=0.15 (predicts 1 uncovered fns)
2026-06-01 19:15:07,503 INFO: CovBayes plan score=0.20 (predicts 0 uncovered fns)
2026-06-01 19:15:07,641 INFO: CovBayes plan score=0.87 (predicts 3 uncovered fns)
2026-06-01 19:15:07,735 INFO: CovBayes plan score=0.20 (predicts 0 uncovered fns)
2026-06-01 19:15:08,079 INFO: CovBayes plan score=1.66 (predicts 7 uncovered fns)
2026-06-01 19:15:08,228 INFO: CovBayes plan score=1.89 (predicts 0 uncovered fns)
2026-06-01 19:15:08,412 INFO: CovBayes plan score=1.66 (predicts 7 uncovered fns)
2026-06-01 19:15:08,727 INFO: CovBayes plan score=1.66 (predicts 7 uncovered fns)
2026-06-01 19:15:08,747 INFO: CovBayes plan score=1.89 (predicts 0 uncovered fns)
2026-06-01 19:15:09,277 INFO: CovBayes plan score=1.89 (predicts 0 uncovered fns)
2026-06-01 19:15:09,861 INFO: CovBayes plan score=0.29 (predicts 0 uncovered fns)
2026-06-01 19:15:10,111 INFO: CovBayes plan score=0.29 (predicts 0 uncovered fns)
2026-06-01 19:15:10,253 INFO: CovBayes plan score=1.89 (predicts 0 uncovered fns)
2026-06-01 19:15:10,289 INFO: CovBayes plan score=1.15 (predicts 6 uncovered fns)
2026-06-01 19:15:10,413 INFO: CovBayes plan score=0.29 (predicts 0 uncovered fns)
2026-06-01 19:15:10,647 INFO: CovBayes plan score=1.30 (predicts 1 uncovered fns)
2026-06-01 19:15:10,666 INFO: CovBayes plan score=0.29 (predicts 0 uncovered fns)
2026-06-01 19:15:10,877 INFO: CovBayes plan score=1.89 (predicts 0 uncovered fns)
2026-06-01 19:15:10,947 INFO: CovBayes plan score=0.29 (predicts 0 uncovered fns)
2026-06-01 19:15:10,983 INFO: CovBayes plan score=0.16 (predicts 1 uncovered fns)
2026-06-01 19:15:11,191 INFO: CovBayes plan score=0.29 (predicts 0 uncovered fns)
2026-06-01 19:15:11,208 INFO: CovBayes plan score=1.82 (predicts 8 uncovered fns)
2026-06-01 19:15:11,457 INFO: CovBayes plan score=0.29 (predicts 0 uncovered fns)
2026-06-01 19:15:11,572 INFO: CovBayes plan score=1.66 (predicts 7 uncovered fns)
2026-06-01 19:15:11,590 INFO: CovBayes plan score=1.46 (predicts 4 uncovered fns)
2026-06-01 19:15:11,764 INFO: CovBayes plan score=0.29 (predicts 0 uncovered fns)
2026-06-01 19:15:11,900 INFO: CovBayes plan score=1.66 (predicts 7 uncovered fns)
2026-06-01 19:15:16,457 INFO: CovBayes plan score=0.22 (predicts 0 uncovered fns)
2026-06-01 19:15:21,601 INFO: CovBayes plan score=0.22 (predicts 0 uncovered fns)
2026-06-01 19:15:22,114 INFO: CovBayes plan score=0.54 (predicts 1 uncovered fns)
2026-06-01 19:15:22,631 INFO: CovBayes plan score=0.54 (predicts 1 uncovered fns)
  [1/93] click.types seed=42: {'divhints_random': 10, 'divhints_oracle': 11, 'cov_bayes': 11}
2026-06-01 19:15:31,162 INFO: CovBayes plan score=0.39 (predicts 0 uncovered fns)
2026-06-01 19:15:31,419 INFO: CovBayes plan score=0.54 (predicts 1 uncovered fns)
2026-06-01 19:15:32,152 INFO: CovBayes plan score=0.39 (predicts 0 uncovered fns)
2026-06-01 19:15:33,395 INFO: CovBayes plan score=0.39 (predicts 0 uncovered fns)
2026-06-01 19:15:33,988 INFO: CovBayes plan score=0.39 (predicts 0 uncovered fns)
2026-06-01 19:15:35,218 INFO: CovBayes plan score=0.39 (predicts 0 uncovered fns)
2026-06-01 19:15:36,365 INFO: CovBayes plan score=0.22 (predicts 0 uncovered fns)
2026-06-01 19:15:36,718 INFO: CovBayes plan score=0.39 (predicts 0 uncovered fns)
2026-06-01 19:15:37,631 INFO: CovBayes plan score=0.39 (predicts 0 uncovered fns)
2026-06-01 19:15:38,315 INFO: CovBayes plan score=0.77 (predicts 3 uncovered fns)
2026-06-01 19:15:38,846 INFO: CovBayes plan score=0.20 (predicts 0 uncovered fns)
2026-06-01 19:15:38,995 INFO: CovBayes plan score=0.39 (predicts 0 uncovered fns)
2026-06-01 19:15:39,090 INFO: CovBayes plan score=0.77 (predicts 3 uncovered fns)
2026-06-01 19:15:39,091 INFO: CovBayes plan score=0.20 (predicts 0 uncovered fns)
2026-06-01 19:15:39,810 INFO: CovBayes plan score=0.20 (predicts 0 uncovered fns)
2026-06-01 19:15:39,854 INFO: CovBayes plan score=0.77 (predicts 3 uncovered fns)
2026-06-01 19:15:40,065 INFO: CovBayes plan score=0.20 (predicts 0 uncovered fns)
2026-06-01 19:15:40,563 INFO: CovBayes plan score=0.20 (predicts 0 uncovered fns)
2026-06-01 19:15:40,693 INFO: CovBayes plan score=0.77 (predicts 3 uncovered fns)
2026-06-01 19:15:41,046 INFO: CovBayes plan score=0.20 (predicts 0 uncovered fns)
2026-06-01 19:15:41,394 INFO: CovBayes plan score=0.77 (predicts 3 uncovered fns)
2026-06-01 19:15:42,031 INFO: CovBayes plan score=0.77 (predicts 3 uncovered fns)
2026-06-01 19:15:42,634 INFO: CovBayes plan score=0.77 (predicts 3 uncovered fns)
2026-06-01 19:15:42,708 INFO: CovBayes plan score=0.20 (predicts 0 uncovered fns)
2026-06-01 19:15:42,906 INFO: CovBayes plan score=0.20 (predicts 0 uncovered fns)
2026-06-01 19:15:43,163 INFO: CovBayes plan score=0.00 (predicts 12 uncovered fns)
2026-06-01 19:15:43,288 INFO: CovBayes plan score=0.77 (predicts 3 uncovered fns)
2026-06-01 19:15:43,341 INFO: CovBayes plan score=0.22 (predicts 0 uncovered fns)
2026-06-01 19:15:43,900 INFO: CovBayes plan score=0.29 (predicts 0 uncovered fns)
2026-06-01 19:15:43,901 INFO: CovBayes plan score=0.54 (predicts 3 uncovered fns)
2026-06-01 19:15:44,180 INFO: CovBayes plan score=0.29 (predicts 0 uncovered fns)
2026-06-01 19:15:44,421 INFO: CovBayes plan score=0.29 (predicts 0 uncovered fns)
2026-06-01 19:15:44,695 INFO: CovBayes plan score=0.29 (predicts 0 uncovered fns)
2026-06-01 19:15:44,934 INFO: CovBayes plan score=0.29 (predicts 0 uncovered fns)
2026-06-01 19:15:45,177 INFO: CovBayes plan score=0.29 (predicts 0 uncovered fns)
2026-06-01 19:15:45,436 INFO: CovBayes plan score=0.29 (predicts 0 uncovered fns)
2026-06-01 19:15:45,679 INFO: CovBayes plan score=0.29 (predicts 0 uncovered fns)
  [2/93] click.utils seed=42: {'divhints_random': 17, 'divhints_oracle': 21, 'cov_bayes': 19}
2026-06-01 19:15:47,688 INFO: CovBayes plan score=0.00 (predicts 12 uncovered fns)
2026-06-01 19:15:48,183 INFO: CovBayes plan score=1.89 (predicts 0 uncovered fns)
2026-06-01 19:15:49,353 INFO: CovBayes plan score=0.15 (predicts 1 uncovered fns)
2026-06-01 19:15:50,831 INFO: CovBayes plan score=1.89 (predicts 0 uncovered fns)
2026-06-01 19:15:51,428 INFO: CovBayes plan score=1.89 (predicts 0 uncovered fns)
2026-06-01 19:15:52,244 INFO: CovBayes plan score=0.15 (predicts 1 uncovered fns)
2026-06-01 19:15:52,674 INFO: CovBayes plan score=1.89 (predicts 0 uncovered fns)
2026-06-01 19:15:53,613 INFO: CovBayes plan score=1.89 (predicts 0 uncovered fns)
2026-06-01 19:15:54,345 INFO: CovBayes plan score=1.89 (predicts 0 uncovered fns)
  [3/93] click.parser seed=42: {'divhints_random': 20, 'divhints_oracle': 22, 'cov_bayes': 21}
2026-06-01 19:15:54,761 INFO: CovBayes plan score=1.89 (predicts 0 uncovered fns)
2026-06-01 19:15:55,666 INFO: CovBayes plan score=1.89 (predicts 0 uncovered fns)
2026-06-01 19:15:56,155 INFO: CovBayes plan score=0.00 (predicts 12 uncovered fns)
2026-06-01 19:15:56,841 INFO: CovBayes plan score=0.15 (predicts 1 uncovered fns)
2026-06-01 19:16:00,384 INFO: CovBayes plan score=0.00 (predicts 12 uncovered fns)
  [4/93] click.testing seed=42: {'divhints_random': 37, 'divhints_oracle': 37, 'cov_bayes': 37}
2026-06-01 19:16:12,814 INFO: CovBayes plan score=0.20 (predicts 0 uncovered fns)
2026-06-01 19:16:13,086 INFO: CovBayes plan score=0.20 (predicts 0 uncovered fns)
2026-06-01 19:16:14,143 INFO: CovBayes plan score=0.20 (predicts 0 uncovered fns)
2026-06-01 19:16:14,436 INFO: CovBayes plan score=0.20 (predicts 0 uncovered fns)
2026-06-01 19:16:14,688 INFO: CovBayes plan score=0.20 (predicts 0 uncovered fns)
2026-06-01 19:16:16,038 INFO: CovBayes plan score=0.70 (predicts 3 uncovered fns)
2026-06-01 19:16:16,807 INFO: CovBayes plan score=0.70 (predicts 3 uncovered fns)
2026-06-01 19:16:17,469 INFO: CovBayes plan score=0.00 (predicts 13 uncovered fns)
2026-06-01 19:16:17,737 INFO: CovBayes plan score=0.20 (predicts 0 uncovered fns)
2026-06-01 19:16:17,790 INFO: CovBayes plan score=0.70 (predicts 3 uncovered fns)
2026-06-01 19:16:18,662 INFO: CovBayes plan score=0.70 (predicts 3 uncovered fns)
2026-06-01 19:16:18,874 INFO: CovBayes plan score=0.20 (predicts 0 uncovered fns)
2026-06-01 19:16:19,480 INFO: CovBayes plan score=0.70 (predicts 3 uncovered fns)
2026-06-01 19:16:20,284 INFO: CovBayes plan score=0.70 (predicts 3 uncovered fns)
2026-06-01 19:16:21,067 INFO: CovBayes plan score=0.70 (predicts 3 uncovered fns)
2026-06-01 19:16:21,835 INFO: CovBayes plan score=0.70 (predicts 3 uncovered fns)
2026-06-01 19:16:22,924 INFO: CovBayes plan score=0.20 (predicts 0 uncovered fns)
2026-06-01 19:16:26,236 INFO: CovBayes plan score=1.89 (predicts 0 uncovered fns)
2026-06-01 19:16:26,834 INFO: CovBayes plan score=1.89 (predicts 0 uncovered fns)
2026-06-01 19:16:27,593 INFO: CovBayes plan score=1.89 (predicts 0 uncovered fns)
2026-06-01 19:16:28,239 INFO: CovBayes plan score=1.89 (predicts 0 uncovered fns)
2026-06-01 19:16:28,886 INFO: CovBayes plan score=1.89 (predicts 0 uncovered fns)
2026-06-01 19:16:29,252 INFO: CovBayes plan score=1.89 (predicts 0 uncovered fns)
2026-06-01 19:16:30,189 INFO: CovBayes plan score=0.20 (predicts 0 uncovered fns)
2026-06-01 19:16:32,836 INFO: CovBayes plan score=1.89 (predicts 0 uncovered fns)
2026-06-01 19:16:33,671 INFO: CovBayes plan score=1.89 (predicts 0 uncovered fns)
2026-06-01 19:16:34,627 INFO: CovBayes plan score=0.20 (predicts 0 uncovered fns)
2026-06-01 19:16:44,979 INFO: CovBayes plan score=0.20 (predicts 0 uncovered fns)
2026-06-01 19:16:45,557 INFO: CovBayes plan score=0.20 (predicts 0 uncovered fns)
2026-06-01 19:16:45,830 INFO: CovBayes plan score=0.20 (predicts 0 uncovered fns)
2026-06-01 19:16:46,102 INFO: CovBayes plan score=0.20 (predicts 0 uncovered fns)
2026-06-01 19:16:46,911 INFO: CovBayes plan score=0.20 (predicts 0 uncovered fns)
2026-06-01 19:16:48,013 INFO: CovBayes plan score=0.20 (predicts 0 uncovered fns)
2026-06-01 19:16:48,794 INFO: CovBayes plan score=0.20 (predicts 0 uncovered fns)
2026-06-01 19:16:51,083 INFO: CovBayes plan score=0.65 (predicts 3 uncovered fns)
2026-06-01 19:16:51,340 INFO: CovBayes plan score=0.00 (predicts 13 uncovered fns)
2026-06-01 19:16:51,843 INFO: CovBayes plan score=0.65 (predicts 3 uncovered fns)
2026-06-01 19:16:52,041 INFO: CovBayes plan score=0.20 (predicts 0 uncovered fns)
2026-06-01 19:16:52,552 INFO: CovBayes plan score=0.65 (predicts 3 uncovered fns)
2026-06-01 19:16:53,440 INFO: CovBayes plan score=0.65 (predicts 3 uncovered fns)
2026-06-01 19:16:54,196 INFO: CovBayes plan score=0.65 (predicts 3 uncovered fns)
2026-06-01 19:16:54,792 INFO: CovBayes plan score=4.56 (predicts 10 uncovered fns)
2026-06-01 19:16:54,957 INFO: CovBayes plan score=0.65 (predicts 3 uncovered fns)
2026-06-01 19:16:55,309 INFO: CovBayes plan score=0.46 (predicts 1 uncovered fns)
2026-06-01 19:16:55,699 INFO: CovBayes plan score=0.65 (predicts 3 uncovered fns)
2026-06-01 19:16:56,406 INFO: CovBayes plan score=0.65 (predicts 3 uncovered fns)
2026-06-01 19:17:00,764 INFO: CovBayes plan score=1.89 (predicts 0 uncovered fns)
2026-06-01 19:17:01,393 INFO: CovBayes plan score=1.89 (predicts 0 uncovered fns)
2026-06-01 19:17:02,051 INFO: CovBayes plan score=1.89 (predicts 0 uncovered fns)
2026-06-01 19:17:02,223 INFO: CovBayes plan score=2.05 (predicts 6 uncovered fns)
2026-06-01 19:17:02,443 INFO: CovBayes plan score=1.89 (predicts 0 uncovered fns)
2026-06-01 19:17:03,095 INFO: CovBayes plan score=1.89 (predicts 0 uncovered fns)
2026-06-01 19:17:03,942 INFO: CovBayes plan score=1.89 (predicts 0 uncovered fns)
2026-06-01 19:17:04,335 INFO: CovBayes plan score=1.89 (predicts 0 uncovered fns)
2026-06-01 19:17:05,080 INFO: CovBayes plan score=1.89 (predicts 0 uncovered fns)
2026-06-01 19:17:12,587 INFO: CovBayes plan score=4.04 (predicts 13 uncovered fns)
2026-06-01 19:17:18,913 INFO: CovBayes plan score=0.20 (predicts 0 uncovered fns)
2026-06-01 19:17:19,629 INFO: CovBayes plan score=0.20 (predicts 0 uncovered fns)
2026-06-01 19:17:20,573 INFO: CovBayes plan score=0.20 (predicts 0 uncovered fns)
2026-06-01 19:17:21,552 INFO: CovBayes plan score=0.20 (predicts 0 uncovered fns)
2026-06-01 19:17:21,871 INFO: CovBayes plan score=0.20 (predicts 0 uncovered fns)
2026-06-01 19:17:22,419 INFO: CovBayes plan score=0.20 (predicts 0 uncovered fns)
2026-06-01 19:17:24,605 INFO: CovBayes plan score=0.20 (predicts 0 uncovered fns)
2026-06-01 19:17:25,596 INFO: CovBayes plan score=0.20 (predicts 0 uncovered fns)
2026-06-01 19:17:28,215 INFO: CovBayes plan score=0.60 (predicts 3 uncovered fns)
2026-06-01 19:17:29,049 INFO: CovBayes plan score=0.60 (predicts 3 uncovered fns)
2026-06-01 19:17:29,873 INFO: CovBayes plan score=0.60 (predicts 3 uncovered fns)
2026-06-01 19:17:30,678 INFO: CovBayes plan score=0.60 (predicts 3 uncovered fns)
2026-06-01 19:17:31,469 INFO: CovBayes plan score=0.60 (predicts 3 uncovered fns)
2026-06-01 19:17:32,542 INFO: CovBayes plan score=0.60 (predicts 3 uncovered fns)
2026-06-01 19:17:33,452 INFO: CovBayes plan score=0.60 (predicts 3 uncovered fns)
2026-06-01 19:17:33,878 INFO: CovBayes plan score=1.89 (predicts 0 uncovered fns)
2026-06-01 19:17:34,338 INFO: CovBayes plan score=0.60 (predicts 3 uncovered fns)
2026-06-01 19:17:34,728 INFO: CovBayes plan score=1.89 (predicts 0 uncovered fns)
2026-06-01 19:17:35,146 INFO: CovBayes plan score=1.89 (predicts 0 uncovered fns)
2026-06-01 19:17:35,901 INFO: CovBayes plan score=1.89 (predicts 0 uncovered fns)
2026-06-01 19:17:36,652 INFO: CovBayes plan score=1.89 (predicts 0 uncovered fns)
2026-06-01 19:17:37,409 INFO: CovBayes plan score=1.89 (predicts 0 uncovered fns)
  [5/93] click.decorators seed=42: {'divhints_random': 23, 'divhints_oracle': 27, 'cov_bayes': 23}
2026-06-01 19:17:43,422 INFO: CovBayes plan score=1.89 (predicts 0 uncovered fns)
2026-06-01 19:17:48,031 INFO: CovBayes plan score=1.89 (predicts 0 uncovered fns)
2026-06-01 19:17:52,053 INFO: CovBayes plan score=0.15 (predicts 0 uncovered fns)
2026-06-01 19:17:53,607 INFO: CovBayes plan score=0.20 (predicts 0 uncovered fns)
2026-06-01 19:17:56,649 INFO: CovBayes plan score=0.20 (predicts 0 uncovered fns)
2026-06-01 19:17:56,899 INFO: CovBayes plan score=0.20 (predicts 0 uncovered fns)
2026-06-01 19:17:57,923 INFO: CovBayes plan score=0.20 (predicts 0 uncovered fns)
2026-06-01 19:17:58,201 INFO: CovBayes plan score=0.20 (predicts 0 uncovered fns)
2026-06-01 19:17:58,478 INFO: CovBayes plan score=0.20 (predicts 0 uncovered fns)
2026-06-01 19:17:58,756 INFO: CovBayes plan score=0.20 (predicts 0 uncovered fns)
2026-06-01 19:17:59,881 INFO: CovBayes plan score=0.20 (predicts 0 uncovered fns)
2026-06-01 19:18:02,921 INFO: CovBayes plan score=0.15 (predicts 0 uncovered fns)
  [6/93] click.termui seed=42: {'divhints_random': 19, 'divhints_oracle': 17, 'cov_bayes': 15}
2026-06-01 19:18:08,545 INFO: CovBayes plan score=0.15 (predicts 0 uncovered fns)
2026-06-01 19:18:17,450 INFO: CovBayes plan score=1.89 (predicts 0 uncovered fns)
2026-06-01 19:18:18,050 INFO: CovBayes plan score=1.89 (predicts 0 uncovered fns)
2026-06-01 19:18:18,387 INFO: CovBayes plan score=1.89 (predicts 0 uncovered fns)
2026-06-01 19:18:18,789 INFO: CovBayes plan score=0.15 (predicts 0 uncovered fns)
2026-06-01 19:18:19,014 INFO: CovBayes plan score=1.89 (predicts 0 uncovered fns)
2026-06-01 19:18:19,494 INFO: CovBayes plan score=1.89 (predicts 0 uncovered fns)
2026-06-01 19:18:21,091 INFO: CovBayes plan score=1.89 (predicts 0 uncovered fns)
2026-06-01 19:18:21,716 INFO: CovBayes plan score=1.89 (predicts 0 uncovered fns)
2026-06-01 19:18:22,331 INFO: CovBayes plan score=1.89 (predicts 0 uncovered fns)
2026-06-01 19:18:26,480 INFO: CovBayes plan score=0.39 (predicts 1 uncovered fns)
  [7/93] click.core seed=42: {'divhints_random': 59, 'divhints_oracle': 89, 'cov_bayes': 88}
2026-06-01 19:18:37,145 INFO: CovBayes plan score=2.97 (predicts 12 uncovered fns)
2026-06-01 19:18:45,985 INFO: CovBayes plan score=3.75 (predicts 14 uncovered fns)
2026-06-01 19:18:52,250 INFO: CovBayes plan score=0.15 (predicts 0 uncovered fns)
2026-06-01 19:19:32,575 INFO: CovBayes plan score=1.50 (predicts 8 uncovered fns)
2026-06-01 19:19:39,762 INFO: CovBayes plan score=0.20 (predicts 1 uncovered fns)
2026-06-01 19:19:50,132 INFO: CovBayes plan score=0.11 (predicts 0 uncovered fns)
2026-06-01 19:19:56,993 INFO: CovBayes plan score=1.42 (predicts 7 uncovered fns)
2026-06-01 19:19:57,190 INFO: CovBayes plan score=0.11 (predicts 0 uncovered fns)
2026-06-01 19:20:05,916 INFO: CovBayes plan score=0.11 (predicts 0 uncovered fns)
2026-06-01 19:20:10,810 INFO: CovBayes plan score=0.11 (predicts 0 uncovered fns)
2026-06-01 19:20:11,122 INFO: CovBayes plan score=0.11 (predicts 0 uncovered fns)
2026-06-01 19:20:49,968 INFO: CovBayes plan score=0.10 (predicts 0 uncovered fns)
2026-06-01 19:20:50,436 INFO: CovBayes plan score=0.10 (predicts 0 uncovered fns)
2026-06-01 19:20:50,906 INFO: CovBayes plan score=0.10 (predicts 0 uncovered fns)
2026-06-01 19:20:51,158 INFO: CovBayes plan score=0.10 (predicts 0 uncovered fns)
2026-06-01 19:20:51,411 INFO: CovBayes plan score=0.10 (predicts 0 uncovered fns)
2026-06-01 19:21:00,222 INFO: CovBayes plan score=0.10 (predicts 0 uncovered fns)
2026-06-01 19:21:00,490 INFO: CovBayes plan score=0.10 (predicts 0 uncovered fns)
2026-06-01 19:21:09,690 INFO: CovBayes plan score=1.84 (predicts 13 uncovered fns)
2026-06-01 19:21:47,687 INFO: CovBayes plan score=0.72 (predicts 5 uncovered fns)
2026-06-01 19:21:51,130 INFO: CovBayes plan score=0.08 (predicts 0 uncovered fns)
2026-06-01 19:21:51,401 INFO: CovBayes plan score=0.08 (predicts 0 uncovered fns)
2026-06-01 19:21:55,388 INFO: CovBayes plan score=0.08 (predicts 0 uncovered fns)
2026-06-01 19:21:55,660 INFO: CovBayes plan score=0.08 (predicts 0 uncovered fns)
2026-06-01 19:22:04,179 INFO: CovBayes plan score=0.20 (predicts 1 uncovered fns)
2026-06-01 19:22:07,390 INFO: CovBayes plan score=0.08 (predicts 0 uncovered fns)
2026-06-01 19:22:07,620 INFO: CovBayes plan score=0.08 (predicts 0 uncovered fns)
  [8/93] click.shell_completion seed=42: {'divhints_random': 10, 'divhints_oracle': 10, 'cov_bayes': 12}
2026-06-01 19:34:39,921 INFO: CovBayes plan score=1.69 (predicts 3 uncovered fns)
2026-06-01 19:34:40,553 INFO: CovBayes plan score=1.69 (predicts 3 uncovered fns)
2026-06-01 19:34:41,124 INFO: CovBayes plan score=1.69 (predicts 3 uncovered fns)
2026-06-01 19:34:41,712 INFO: CovBayes plan score=1.69 (predicts 3 uncovered fns)
2026-06-01 19:34:42,297 INFO: CovBayes plan score=1.69 (predicts 3 uncovered fns)
2026-06-01 19:34:42,871 INFO: CovBayes plan score=1.69 (predicts 3 uncovered fns)
2026-06-01 19:34:43,459 INFO: CovBayes plan score=1.69 (predicts 3 uncovered fns)
2026-06-01 19:34:44,036 INFO: CovBayes plan score=1.69 (predicts 3 uncovered fns)
2026-06-01 19:34:53,189 INFO: CovBayes plan score=3.67 (predicts 7 uncovered fns)
2026-06-01 19:34:54,455 INFO: CovBayes plan score=3.18 (predicts 6 uncovered fns)
2026-06-01 19:34:56,052 INFO: CovBayes plan score=3.67 (predicts 7 uncovered fns)
2026-06-01 19:34:57,624 INFO: CovBayes plan score=3.67 (predicts 7 uncovered fns)
2026-06-01 19:34:59,162 INFO: CovBayes plan score=3.67 (predicts 7 uncovered fns)
2026-06-01 19:35:00,235 INFO: CovBayes plan score=1.69 (predicts 5 uncovered fns)
2026-06-01 19:35:01,083 INFO: CovBayes plan score=1.72 (predicts 3 uncovered fns)
2026-06-01 19:35:02,543 INFO: CovBayes plan score=3.18 (predicts 6 uncovered fns)
2026-06-01 19:35:10,177 INFO: CovBayes plan score=0.20 (predicts 0 uncovered fns)
2026-06-01 19:35:10,774 INFO: CovBayes plan score=0.20 (predicts 0 uncovered fns)
2026-06-01 19:35:11,371 INFO: CovBayes plan score=0.20 (predicts 0 uncovered fns)
2026-06-01 19:35:11,617 INFO: CovBayes plan score=0.20 (predicts 0 uncovered fns)
2026-06-01 19:35:12,194 INFO: CovBayes plan score=0.20 (predicts 0 uncovered fns)
2026-06-01 19:35:12,753 INFO: CovBayes plan score=0.20 (predicts 0 uncovered fns)
2026-06-01 19:35:12,986 INFO: CovBayes plan score=0.20 (predicts 0 uncovered fns)
2026-06-01 19:35:13,717 INFO: CovBayes plan score=0.20 (predicts 0 uncovered fns)
2026-06-01 19:35:27,791 INFO: CovBayes plan score=0.50 (predicts 1 uncovered fns)
2026-06-01 19:35:28,059 INFO: CovBayes plan score=0.50 (predicts 1 uncovered fns)
2026-06-01 19:35:28,331 INFO: CovBayes plan score=0.50 (predicts 1 uncovered fns)
2026-06-01 19:35:28,593 INFO: CovBayes plan score=0.50 (predicts 1 uncovered fns)
2026-06-01 19:35:28,842 INFO: CovBayes plan score=0.50 (predicts 1 uncovered fns)
2026-06-01 19:35:29,105 INFO: CovBayes plan score=0.50 (predicts 1 uncovered fns)
2026-06-01 19:35:33,061 INFO: CovBayes plan score=0.18 (predicts 0 uncovered fns)
2026-06-01 19:35:33,319 INFO: CovBayes plan score=0.50 (predicts 1 uncovered fns)
2026-06-01 19:35:36,503 INFO: CovBayes plan score=0.20 (predicts 0 uncovered fns)
2026-06-01 19:35:36,998 INFO: CovBayes plan score=0.20 (predicts 0 uncovered fns)
2026-06-01 19:35:37,187 INFO: CovBayes plan score=0.20 (predicts 0 uncovered fns)
2026-06-01 19:35:39,176 INFO: CovBayes plan score=0.20 (predicts 0 uncovered fns)
2026-06-01 19:35:39,764 INFO: CovBayes plan score=0.20 (predicts 0 uncovered fns)
2026-06-01 19:35:40,353 INFO: CovBayes plan score=0.20 (predicts 0 uncovered fns)
2026-06-01 19:35:40,594 INFO: CovBayes plan score=0.20 (predicts 0 uncovered fns)
2026-06-01 19:35:41,180 INFO: CovBayes plan score=0.20 (predicts 0 uncovered fns)
2026-06-01 19:35:59,603 INFO: CovBayes plan score=0.42 (predicts 1 uncovered fns)
2026-06-01 19:35:59,893 INFO: CovBayes plan score=0.42 (predicts 1 uncovered fns)
2026-06-01 19:36:00,183 INFO: CovBayes plan score=0.42 (predicts 1 uncovered fns)
2026-06-01 19:36:00,454 INFO: CovBayes plan score=0.42 (predicts 1 uncovered fns)
2026-06-01 19:36:00,743 INFO: CovBayes plan score=0.42 (predicts 1 uncovered fns)
2026-06-01 19:36:01,031 INFO: CovBayes plan score=0.42 (predicts 1 uncovered fns)
2026-06-01 19:36:01,321 INFO: CovBayes plan score=0.42 (predicts 1 uncovered fns)
2026-06-01 19:36:01,610 INFO: CovBayes plan score=0.42 (predicts 1 uncovered fns)
2026-06-01 19:36:06,108 INFO: CovBayes plan score=0.20 (predicts 0 uncovered fns)
2026-06-01 19:36:06,705 INFO: CovBayes plan score=0.20 (predicts 0 uncovered fns)
2026-06-01 19:36:07,297 INFO: CovBayes plan score=0.20 (predicts 0 uncovered fns)
2026-06-01 19:36:07,542 INFO: CovBayes plan score=0.20 (predicts 0 uncovered fns)
2026-06-01 19:36:08,115 INFO: CovBayes plan score=0.20 (predicts 0 uncovered fns)
2026-06-01 19:36:08,684 INFO: CovBayes plan score=0.20 (predicts 0 uncovered fns)
2026-06-01 19:36:08,919 INFO: CovBayes plan score=0.20 (predicts 0 uncovered fns)
2026-06-01 19:36:09,494 INFO: CovBayes plan score=0.20 (predicts 0 uncovered fns)
2026-06-01 19:36:26,411 INFO: CovBayes plan score=0.37 (predicts 1 uncovered fns)
2026-06-01 19:36:26,700 INFO: CovBayes plan score=0.37 (predicts 1 uncovered fns)
2026-06-01 19:36:28,558 INFO: CovBayes plan score=0.17 (predicts 1 uncovered fns)
2026-06-01 19:36:28,836 INFO: CovBayes plan score=0.37 (predicts 1 uncovered fns)
2026-06-01 19:36:29,128 INFO: CovBayes plan score=0.37 (predicts 1 uncovered fns)
2026-06-01 19:36:29,418 INFO: CovBayes plan score=0.37 (predicts 1 uncovered fns)
2026-06-01 19:36:29,709 INFO: CovBayes plan score=0.37 (predicts 1 uncovered fns)
2026-06-01 19:36:29,997 INFO: CovBayes plan score=0.37 (predicts 1 uncovered fns)
2026-06-01 19:36:35,342 INFO: CovBayes plan score=0.20 (predicts 0 uncovered fns)
2026-06-01 19:36:35,876 INFO: CovBayes plan score=0.20 (predicts 0 uncovered fns)
2026-06-01 19:36:36,097 INFO: CovBayes plan score=0.20 (predicts 0 uncovered fns)
2026-06-01 19:36:36,320 INFO: CovBayes plan score=0.20 (predicts 0 uncovered fns)
2026-06-01 19:36:37,226 INFO: CovBayes plan score=1.13 (predicts 1 uncovered fns)
2026-06-01 19:36:37,499 INFO: CovBayes plan score=1.13 (predicts 1 uncovered fns)
2026-06-01 19:36:37,774 INFO: CovBayes plan score=1.13 (predicts 1 uncovered fns)
2026-06-01 19:36:38,047 INFO: CovBayes plan score=1.13 (predicts 1 uncovered fns)
2026-06-01 19:36:38,320 INFO: CovBayes plan score=1.13 (predicts 1 uncovered fns)
2026-06-01 19:36:38,337 INFO: CovBayes plan score=0.20 (predicts 0 uncovered fns)
2026-06-01 19:36:38,576 INFO: CovBayes plan score=0.20 (predicts 0 uncovered fns)
2026-06-01 19:36:38,661 INFO: CovBayes plan score=1.13 (predicts 1 uncovered fns)
2026-06-01 19:36:38,934 INFO: CovBayes plan score=1.13 (predicts 1 uncovered fns)
2026-06-01 19:36:39,140 INFO: CovBayes plan score=0.20 (predicts 0 uncovered fns)
2026-06-01 19:36:39,240 INFO: CovBayes plan score=1.13 (predicts 1 uncovered fns)
2026-06-01 19:36:39,354 INFO: CovBayes plan score=0.20 (predicts 0 uncovered fns)
2026-06-01 19:36:52,454 INFO: CovBayes plan score=0.33 (predicts 1 uncovered fns)
2026-06-01 19:36:52,759 INFO: CovBayes plan score=0.33 (predicts 1 uncovered fns)
2026-06-01 19:36:53,065 INFO: CovBayes plan score=0.33 (predicts 1 uncovered fns)
2026-06-01 19:36:56,573 INFO: CovBayes plan score=0.17 (predicts 1 uncovered fns)
2026-06-01 19:36:57,048 INFO: CovBayes plan score=0.33 (predicts 1 uncovered fns)
2026-06-01 19:36:57,367 INFO: CovBayes plan score=0.33 (predicts 1 uncovered fns)
2026-06-01 19:36:57,687 INFO: CovBayes plan score=0.33 (predicts 1 uncovered fns)
2026-06-01 19:36:58,005 INFO: CovBayes plan score=0.33 (predicts 1 uncovered fns)
2026-06-01 19:37:03,592 INFO: CovBayes plan score=0.20 (predicts 0 uncovered fns)
2026-06-01 19:37:04,187 INFO: CovBayes plan score=0.20 (predicts 0 uncovered fns)
2026-06-01 19:37:04,432 INFO: CovBayes plan score=0.20 (predicts 0 uncovered fns)
2026-06-01 19:37:04,678 INFO: CovBayes plan score=0.20 (predicts 0 uncovered fns)
2026-06-01 19:37:06,225 INFO: CovBayes plan score=0.63 (predicts 0 uncovered fns)
2026-06-01 19:37:07,005 INFO: CovBayes plan score=0.20 (predicts 0 uncovered fns)
2026-06-01 19:37:07,278 INFO: CovBayes plan score=0.20 (predicts 0 uncovered fns)
2026-06-01 19:37:07,548 INFO: CovBayes plan score=0.20 (predicts 0 uncovered fns)
2026-06-01 19:37:07,818 INFO: CovBayes plan score=0.20 (predicts 0 uncovered fns)
2026-06-01 19:37:09,244 INFO: CovBayes plan score=0.63 (predicts 0 uncovered fns)
2026-06-01 19:37:14,090 INFO: CovBayes plan score=0.63 (predicts 0 uncovered fns)
2026-06-01 19:37:16,638 INFO: CovBayes plan score=0.60 (predicts 0 uncovered fns)
2026-06-01 19:37:16,660 INFO: CovBayes plan score=0.63 (predicts 0 uncovered fns)
2026-06-01 19:37:16,958 INFO: CovBayes plan score=0.60 (predicts 0 uncovered fns)
2026-06-01 19:37:21,394 INFO: CovBayes plan score=0.63 (predicts 0 uncovered fns)
2026-06-01 19:37:21,715 INFO: CovBayes plan score=0.60 (predicts 0 uncovered fns)
2026-06-01 19:37:22,548 INFO: CovBayes plan score=0.31 (predicts 1 uncovered fns)
2026-06-01 19:37:24,630 INFO: CovBayes plan score=0.17 (predicts 0 uncovered fns)
2026-06-01 19:37:24,652 INFO: CovBayes plan score=0.63 (predicts 0 uncovered fns)
2026-06-01 19:37:24,940 INFO: CovBayes plan score=0.31 (predicts 1 uncovered fns)
2026-06-01 19:37:25,188 INFO: CovBayes plan score=0.60 (predicts 0 uncovered fns)
2026-06-01 19:37:25,232 INFO: CovBayes plan score=0.31 (predicts 1 uncovered fns)
2026-06-01 19:37:25,559 INFO: CovBayes plan score=0.31 (predicts 1 uncovered fns)
2026-06-01 19:37:25,873 INFO: CovBayes plan score=0.31 (predicts 1 uncovered fns)
2026-06-01 19:37:26,170 INFO: CovBayes plan score=0.31 (predicts 1 uncovered fns)
2026-06-01 19:37:26,452 INFO: CovBayes plan score=0.31 (predicts 1 uncovered fns)
2026-06-01 19:37:28,046 INFO: CovBayes plan score=0.63 (predicts 0 uncovered fns)
2026-06-01 19:37:28,235 INFO: CovBayes plan score=0.60 (predicts 0 uncovered fns)
2026-06-01 19:37:30,047 INFO: CovBayes plan score=0.60 (predicts 0 uncovered fns)
2026-06-01 19:37:31,820 INFO: CovBayes plan score=0.60 (predicts 0 uncovered fns)
2026-06-01 19:37:32,667 INFO: CovBayes plan score=0.63 (predicts 0 uncovered fns)
2026-06-01 19:37:32,705 INFO: CovBayes plan score=0.20 (predicts 0 uncovered fns)
2026-06-01 19:37:33,989 INFO: CovBayes plan score=0.20 (predicts 0 uncovered fns)
2026-06-01 19:37:34,213 INFO: CovBayes plan score=0.20 (predicts 0 uncovered fns)
2026-06-01 19:37:34,419 INFO: CovBayes plan score=0.60 (predicts 0 uncovered fns)
2026-06-01 19:37:34,436 INFO: CovBayes plan score=0.20 (predicts 0 uncovered fns)
2026-06-01 19:37:34,644 INFO: CovBayes plan score=0.20 (predicts 0 uncovered fns)
2026-06-01 19:37:34,863 INFO: CovBayes plan score=0.20 (predicts 0 uncovered fns)
2026-06-01 19:37:35,083 INFO: CovBayes plan score=0.20 (predicts 0 uncovered fns)
2026-06-01 19:37:35,303 INFO: CovBayes plan score=0.20 (predicts 0 uncovered fns)
2026-06-01 19:37:48,386 INFO: CovBayes plan score=0.29 (predicts 1 uncovered fns)
2026-06-01 19:37:48,698 INFO: CovBayes plan score=0.29 (predicts 1 uncovered fns)
2026-06-01 19:37:49,009 INFO: CovBayes plan score=0.29 (predicts 1 uncovered fns)
2026-06-01 19:37:59,679 INFO: CovBayes plan score=0.29 (predicts 1 uncovered fns)
2026-06-01 19:38:00,005 INFO: CovBayes plan score=0.29 (predicts 1 uncovered fns)
2026-06-01 19:38:00,328 INFO: CovBayes plan score=0.29 (predicts 1 uncovered fns)
2026-06-01 19:38:00,651 INFO: CovBayes plan score=0.29 (predicts 1 uncovered fns)
2026-06-01 19:38:00,973 INFO: CovBayes plan score=0.23 (predicts 1 uncovered fns)
2026-06-01 19:38:06,479 INFO: CovBayes plan score=0.60 (predicts 0 uncovered fns)
2026-06-01 19:38:06,747 INFO: CovBayes plan score=0.60 (predicts 0 uncovered fns)
2026-06-01 19:38:07,029 INFO: CovBayes plan score=0.60 (predicts 0 uncovered fns)
2026-06-01 19:38:07,433 INFO: CovBayes plan score=0.20 (predicts 0 uncovered fns)
2026-06-01 19:38:07,468 INFO: CovBayes plan score=0.63 (predicts 0 uncovered fns)
2026-06-01 19:38:07,797 INFO: CovBayes plan score=0.91 (predicts 1 uncovered fns)
2026-06-01 19:38:08,020 INFO: CovBayes plan score=0.91 (predicts 1 uncovered fns)
2026-06-01 19:38:08,095 INFO: CovBayes plan score=0.20 (predicts 0 uncovered fns)
2026-06-01 19:38:08,253 INFO: CovBayes plan score=0.91 (predicts 1 uncovered fns)
2026-06-01 19:38:08,480 INFO: CovBayes plan score=0.91 (predicts 1 uncovered fns)
2026-06-01 19:38:08,686 INFO: CovBayes plan score=0.20 (predicts 0 uncovered fns)
2026-06-01 19:38:08,703 INFO: CovBayes plan score=0.91 (predicts 1 uncovered fns)
2026-06-01 19:38:08,962 INFO: CovBayes plan score=0.60 (predicts 0 uncovered fns)
2026-06-01 19:38:08,962 INFO: CovBayes plan score=0.91 (predicts 1 uncovered fns)
2026-06-01 19:38:09,224 INFO: CovBayes plan score=0.91 (predicts 1 uncovered fns)
2026-06-01 19:38:09,344 INFO: CovBayes plan score=0.20 (predicts 0 uncovered fns)
2026-06-01 19:38:09,480 INFO: CovBayes plan score=0.91 (predicts 1 uncovered fns)
2026-06-01 19:38:09,877 INFO: CovBayes plan score=0.20 (predicts 0 uncovered fns)
2026-06-01 19:38:10,380 INFO: CovBayes plan score=0.63 (predicts 0 uncovered fns)
2026-06-01 19:38:10,398 INFO: CovBayes plan score=0.20 (predicts 0 uncovered fns)
2026-06-01 19:38:10,952 INFO: CovBayes plan score=0.20 (predicts 0 uncovered fns)
2026-06-01 19:38:11,124 INFO: CovBayes plan score=0.60 (predicts 0 uncovered fns)
2026-06-01 19:38:11,520 INFO: CovBayes plan score=0.20 (predicts 0 uncovered fns)
2026-06-01 19:38:12,935 INFO: CovBayes plan score=0.60 (predicts 0 uncovered fns)
2026-06-01 19:38:13,142 INFO: CovBayes plan score=0.63 (predicts 0 uncovered fns)
2026-06-01 19:38:15,137 INFO: CovBayes plan score=0.63 (predicts 0 uncovered fns)
2026-06-01 19:38:15,407 INFO: CovBayes plan score=0.60 (predicts 0 uncovered fns)
2026-06-01 19:38:17,308 INFO: CovBayes plan score=0.60 (predicts 0 uncovered fns)
2026-06-01 19:38:18,478 INFO: CovBayes plan score=0.63 (predicts 0 uncovered fns)
2026-06-01 19:38:20,697 INFO: CovBayes plan score=0.63 (predicts 0 uncovered fns)
2026-06-01 19:38:21,143 INFO: CovBayes plan score=1.11 (predicts 1 uncovered fns)
  [9/93] click.formatting seed=42: {'divhints_random': 29, 'divhints_oracle': 31, 'cov_bayes': 29}
2026-06-01 19:38:24,298 INFO: CovBayes plan score=0.63 (predicts 0 uncovered fns)
2026-06-01 19:38:25,921 INFO: CovBayes plan score=0.28 (predicts 1 uncovered fns)
2026-06-01 19:38:26,207 INFO: CovBayes plan score=0.28 (predicts 1 uncovered fns)
2026-06-01 19:38:26,496 INFO: CovBayes plan score=0.28 (predicts 1 uncovered fns)
2026-06-01 19:38:26,771 INFO: CovBayes plan score=0.28 (predicts 1 uncovered fns)
2026-06-01 19:38:27,059 INFO: CovBayes plan score=0.28 (predicts 1 uncovered fns)
2026-06-01 19:38:27,350 INFO: CovBayes plan score=0.28 (predicts 1 uncovered fns)
2026-06-01 19:38:27,640 INFO: CovBayes plan score=0.28 (predicts 1 uncovered fns)
2026-06-01 19:38:28,067 INFO: CovBayes plan score=0.28 (predicts 1 uncovered fns)
2026-06-01 19:38:37,122 INFO: CovBayes plan score=0.41 (predicts 0 uncovered fns)
2026-06-01 19:38:37,413 INFO: CovBayes plan score=0.41 (predicts 0 uncovered fns)
2026-06-01 19:38:37,702 INFO: CovBayes plan score=0.41 (predicts 0 uncovered fns)
  [10/93] click.exceptions seed=42: {'divhints_random': 13, 'divhints_oracle': 15, 'cov_bayes': 13}
2026-06-01 19:38:37,997 INFO: CovBayes plan score=0.41 (predicts 0 uncovered fns)
2026-06-01 19:38:38,459 INFO: CovBayes plan score=0.41 (predicts 0 uncovered fns)
2026-06-01 19:38:38,775 INFO: CovBayes plan score=0.41 (predicts 0 uncovered fns)
2026-06-01 19:38:39,092 INFO: CovBayes plan score=0.41 (predicts 0 uncovered fns)
2026-06-01 19:38:39,410 INFO: CovBayes plan score=0.41 (predicts 0 uncovered fns)
2026-06-01 19:38:50,944 INFO: CovBayes plan score=3.65 (predicts 6 uncovered fns)
2026-06-01 19:38:51,527 INFO: CovBayes plan score=0.60 (predicts 0 uncovered fns)
2026-06-01 19:38:51,901 INFO: CovBayes plan score=0.60 (predicts 0 uncovered fns)
2026-06-01 19:38:52,269 INFO: CovBayes plan score=2.68 (predicts 4 uncovered fns)
2026-06-01 19:38:54,616 INFO: CovBayes plan score=4.13 (predicts 7 uncovered fns)
2026-06-01 19:38:55,360 INFO: CovBayes plan score=0.60 (predicts 0 uncovered fns)
2026-06-01 19:38:55,682 INFO: CovBayes plan score=0.60 (predicts 0 uncovered fns)
2026-06-01 19:38:56,245 INFO: CovBayes plan score=3.16 (predicts 5 uncovered fns)
2026-06-01 19:38:56,387 INFO: CovBayes plan score=0.63 (predicts 0 uncovered fns)
2026-06-01 19:38:57,769 INFO: CovBayes plan score=3.16 (predicts 5 uncovered fns)
2026-06-01 19:38:58,896 INFO: CovBayes plan score=0.63 (predicts 0 uncovered fns)
2026-06-01 19:38:59,194 INFO: CovBayes plan score=0.60 (predicts 0 uncovered fns)
2026-06-01 19:38:59,290 INFO: CovBayes plan score=3.16 (predicts 5 uncovered fns)
2026-06-01 19:39:00,418 INFO: CovBayes plan score=2.68 (predicts 4 uncovered fns)
2026-06-01 19:39:02,084 INFO: CovBayes plan score=0.63 (predicts 0 uncovered fns)
2026-06-01 19:39:02,123 INFO: CovBayes plan score=0.41 (predicts 0 uncovered fns)
2026-06-01 19:39:02,389 INFO: CovBayes plan score=0.41 (predicts 0 uncovered fns)
2026-06-01 19:39:02,504 INFO: CovBayes plan score=0.60 (predicts 0 uncovered fns)
2026-06-01 19:39:02,654 INFO: CovBayes plan score=0.41 (predicts 0 uncovered fns)
2026-06-01 19:39:02,822 INFO: CovBayes plan score=0.60 (predicts 0 uncovered fns)
2026-06-01 19:39:02,920 INFO: CovBayes plan score=0.41 (predicts 0 uncovered fns)
2026-06-01 19:39:03,165 INFO: CovBayes plan score=0.41 (predicts 0 uncovered fns)
2026-06-01 19:39:03,410 INFO: CovBayes plan score=0.41 (predicts 0 uncovered fns)
2026-06-01 19:39:03,554 INFO: CovBayes plan score=0.99 (predicts 1 uncovered fns)
2026-06-01 19:39:03,647 INFO: CovBayes plan score=0.41 (predicts 0 uncovered fns)
2026-06-01 19:39:03,882 INFO: CovBayes plan score=0.41 (predicts 0 uncovered fns)
2026-06-01 19:39:03,973 INFO: CovBayes plan score=1.07 (predicts 1 uncovered fns)
2026-06-01 19:39:07,677 INFO: CovBayes plan score=0.63 (predicts 2 uncovered fns)
2026-06-01 19:39:08,141 INFO: CovBayes plan score=0.71 (predicts 2 uncovered fns)
2026-06-01 19:39:08,811 INFO: CovBayes plan score=1.21 (predicts 2 uncovered fns)
2026-06-01 19:39:09,435 INFO: CovBayes plan score=1.21 (predicts 2 uncovered fns)
2026-06-01 19:39:09,986 INFO: CovBayes plan score=1.21 (predicts 2 uncovered fns)
2026-06-01 19:39:10,520 INFO: CovBayes plan score=1.21 (predicts 2 uncovered fns)
2026-06-01 19:39:11,071 INFO: CovBayes plan score=1.21 (predicts 2 uncovered fns)
2026-06-01 19:39:11,608 INFO: CovBayes plan score=1.21 (predicts 2 uncovered fns)
2026-06-01 19:39:12,158 INFO: CovBayes plan score=1.21 (predicts 2 uncovered fns)
2026-06-01 19:39:13,506 INFO: CovBayes plan score=0.63 (predicts 0 uncovered fns)
2026-06-01 19:39:16,849 INFO: CovBayes plan score=0.63 (predicts 0 uncovered fns)
2026-06-01 19:39:22,911 INFO: CovBayes plan score=0.63 (predicts 0 uncovered fns)
2026-06-01 19:39:26,655 INFO: CovBayes plan score=0.63 (predicts 0 uncovered fns)
2026-06-01 19:39:32,649 INFO: CovBayes plan score=0.41 (predicts 0 uncovered fns)
2026-06-01 19:39:32,916 INFO: CovBayes plan score=0.41 (predicts 0 uncovered fns)
2026-06-01 19:39:33,218 INFO: CovBayes plan score=0.41 (predicts 0 uncovered fns)
2026-06-01 19:39:33,482 INFO: CovBayes plan score=0.41 (predicts 0 uncovered fns)
2026-06-01 19:39:33,757 INFO: CovBayes plan score=0.41 (predicts 0 uncovered fns)
2026-06-01 19:39:34,022 INFO: CovBayes plan score=0.41 (predicts 0 uncovered fns)
2026-06-01 19:39:34,294 INFO: CovBayes plan score=0.41 (predicts 0 uncovered fns)
2026-06-01 19:39:34,565 INFO: CovBayes plan score=0.41 (predicts 0 uncovered fns)
2026-06-01 19:39:34,836 INFO: CovBayes plan score=0.60 (predicts 0 uncovered fns)
2026-06-01 19:39:35,510 INFO: CovBayes plan score=1.08 (predicts 1 uncovered fns)
2026-06-01 19:39:35,978 INFO: CovBayes plan score=0.60 (predicts 0 uncovered fns)
2026-06-01 19:39:39,033 INFO: CovBayes plan score=0.60 (predicts 0 uncovered fns)
2026-06-01 19:39:39,934 INFO: CovBayes plan score=0.60 (predicts 0 uncovered fns)
2026-06-01 19:39:42,203 INFO: CovBayes plan score=1.08 (predicts 1 uncovered fns)
2026-06-01 19:39:42,571 INFO: CovBayes plan score=0.60 (predicts 0 uncovered fns)
2026-06-01 19:39:43,017 INFO: CovBayes plan score=0.60 (predicts 0 uncovered fns)
2026-06-01 19:39:44,029 INFO: CovBayes plan score=0.70 (predicts 1 uncovered fns)
2026-06-01 19:39:44,344 INFO: CovBayes plan score=0.70 (predicts 1 uncovered fns)
2026-06-01 19:39:44,648 INFO: CovBayes plan score=0.70 (predicts 1 uncovered fns)
2026-06-01 19:39:44,951 INFO: CovBayes plan score=0.70 (predicts 1 uncovered fns)
2026-06-01 19:39:45,255 INFO: CovBayes plan score=0.70 (predicts 1 uncovered fns)
2026-06-01 19:39:45,561 INFO: CovBayes plan score=0.70 (predicts 1 uncovered fns)
2026-06-01 19:39:45,865 INFO: CovBayes plan score=0.70 (predicts 1 uncovered fns)
2026-06-01 19:39:46,426 INFO: CovBayes plan score=0.70 (predicts 1 uncovered fns)
2026-06-01 19:39:46,620 INFO: CovBayes plan score=0.60 (predicts 0 uncovered fns)
2026-06-01 19:39:50,108 INFO: CovBayes plan score=0.60 (predicts 0 uncovered fns)
2026-06-01 19:39:51,937 INFO: CovBayes plan score=0.60 (predicts 0 uncovered fns)
2026-06-01 19:39:53,175 INFO: CovBayes plan score=0.62 (predicts 0 uncovered fns)
2026-06-01 19:39:54,618 INFO: CovBayes plan score=0.60 (predicts 0 uncovered fns)
2026-06-01 19:39:54,938 INFO: CovBayes plan score=0.60 (predicts 0 uncovered fns)
2026-06-01 19:39:55,005 INFO: CovBayes plan score=0.60 (predicts 0 uncovered fns)
2026-06-01 19:39:55,389 INFO: CovBayes plan score=0.60 (predicts 0 uncovered fns)
2026-06-01 19:39:58,385 INFO: CovBayes plan score=0.62 (predicts 0 uncovered fns)
2026-06-01 19:40:00,469 INFO: CovBayes plan score=0.60 (predicts 0 uncovered fns)
2026-06-01 19:40:00,849 INFO: CovBayes plan score=0.41 (predicts 0 uncovered fns)
2026-06-01 19:40:01,119 INFO: CovBayes plan score=0.41 (predicts 0 uncovered fns)
2026-06-01 19:40:01,378 INFO: CovBayes plan score=0.41 (predicts 0 uncovered fns)
2026-06-01 19:40:01,631 INFO: CovBayes plan score=0.62 (predicts 0 uncovered fns)
2026-06-01 19:40:01,652 INFO: CovBayes plan score=0.41 (predicts 0 uncovered fns)
2026-06-01 19:40:01,939 INFO: CovBayes plan score=0.41 (predicts 0 uncovered fns)
2026-06-01 19:40:02,200 INFO: CovBayes plan score=0.41 (predicts 0 uncovered fns)
2026-06-01 19:40:02,443 INFO: CovBayes plan score=0.41 (predicts 0 uncovered fns)
2026-06-01 19:40:02,683 INFO: CovBayes plan score=0.41 (predicts 0 uncovered fns)
2026-06-01 19:40:06,676 INFO: CovBayes plan score=0.62 (predicts 0 uncovered fns)
2026-06-01 19:40:10,027 INFO: CovBayes plan score=0.62 (predicts 0 uncovered fns)
2026-06-01 19:40:13,030 INFO: CovBayes plan score=0.62 (predicts 0 uncovered fns)
2026-06-01 19:40:16,988 INFO: CovBayes plan score=0.62 (predicts 0 uncovered fns)
2026-06-01 19:40:17,424 INFO: CovBayes plan score=0.10 (predicts 7 uncovered fns)
2026-06-01 19:40:20,567 INFO: CovBayes plan score=0.62 (predicts 0 uncovered fns)
2026-06-01 19:40:23,926 INFO: CovBayes plan score=0.10 (predicts 0 uncovered fns)
2026-06-01 19:40:28,200 INFO: CovBayes plan score=0.60 (predicts 0 uncovered fns)
2026-06-01 19:40:28,520 INFO: CovBayes plan score=0.60 (predicts 0 uncovered fns)
2026-06-01 19:40:29,299 INFO: CovBayes plan score=1.26 (predicts 3 uncovered fns)
2026-06-01 19:40:29,822 INFO: CovBayes plan score=0.60 (predicts 0 uncovered fns)
2026-06-01 19:40:32,286 INFO: CovBayes plan score=0.60 (predicts 0 uncovered fns)
2026-06-01 19:40:32,423 INFO: CovBayes plan score=0.60 (predicts 0 uncovered fns)
2026-06-01 19:40:32,534 INFO: CovBayes plan score=1.86 (predicts 3 uncovered fns)
2026-06-01 19:40:32,743 INFO: CovBayes plan score=0.60 (predicts 0 uncovered fns)
2026-06-01 19:40:32,783 INFO: CovBayes plan score=0.41 (predicts 0 uncovered fns)
2026-06-01 19:40:32,899 INFO: CovBayes plan score=0.10 (predicts 0 uncovered fns)
2026-06-01 19:40:33,058 INFO: CovBayes plan score=0.41 (predicts 0 uncovered fns)
2026-06-01 19:40:33,059 INFO: CovBayes plan score=1.40 (predicts 2 uncovered fns)
2026-06-01 19:40:33,465 INFO: CovBayes plan score=0.41 (predicts 0 uncovered fns)
2026-06-01 19:40:33,736 INFO: CovBayes plan score=0.41 (predicts 0 uncovered fns)
2026-06-01 19:40:34,018 INFO: CovBayes plan score=0.41 (predicts 0 uncovered fns)
2026-06-01 19:40:34,303 INFO: CovBayes plan score=0.41 (predicts 0 uncovered fns)
2026-06-01 19:40:34,576 INFO: CovBayes plan score=0.41 (predicts 0 uncovered fns)
2026-06-01 19:40:34,599 INFO: CovBayes plan score=0.60 (predicts 0 uncovered fns)
2026-06-01 19:40:36,193 INFO: CovBayes plan score=0.60 (predicts 0 uncovered fns)
2026-06-01 19:40:36,236 INFO: CovBayes plan score=0.60 (predicts 0 uncovered fns)
2026-06-01 19:40:36,538 INFO: CovBayes plan score=0.60 (predicts 0 uncovered fns)
2026-06-01 19:40:36,855 INFO: CovBayes plan score=0.60 (predicts 0 uncovered fns)
2026-06-01 19:40:38,562 INFO: CovBayes plan score=0.10 (predicts 0 uncovered fns)
2026-06-01 19:40:39,559 INFO: CovBayes plan score=1.01 (predicts 3 uncovered fns)
2026-06-01 19:40:41,512 INFO: CovBayes plan score=0.10 (predicts 0 uncovered fns)
2026-06-01 19:40:42,451 INFO: CovBayes plan score=1.21 (predicts 3 uncovered fns)
2026-06-01 19:40:42,541 INFO: CovBayes plan score=0.60 (predicts 0 uncovered fns)
2026-06-01 19:40:48,181 INFO: CovBayes plan score=0.62 (predicts 0 uncovered fns)
2026-06-01 19:40:48,741 INFO: CovBayes plan score=0.60 (predicts 0 uncovered fns)
2026-06-01 19:40:52,460 INFO: CovBayes plan score=0.62 (predicts 0 uncovered fns)
2026-06-01 19:40:52,890 INFO: CovBayes plan score=0.81 (predicts 1 uncovered fns)
2026-06-01 19:40:56,579 INFO: CovBayes plan score=0.60 (predicts 0 uncovered fns)
2026-06-01 19:41:00,978 INFO: CovBayes plan score=0.36 (predicts 0 uncovered fns)
2026-06-01 19:41:01,272 INFO: CovBayes plan score=0.36 (predicts 0 uncovered fns)
2026-06-01 19:41:01,520 INFO: CovBayes plan score=0.62 (predicts 0 uncovered fns)
2026-06-01 19:41:01,568 INFO: CovBayes plan score=0.36 (predicts 0 uncovered fns)
2026-06-01 19:41:01,915 INFO: CovBayes plan score=0.36 (predicts 0 uncovered fns)
2026-06-01 19:41:01,960 INFO: CovBayes plan score=0.86 (predicts 1 uncovered fns)
2026-06-01 19:41:02,218 INFO: CovBayes plan score=0.36 (predicts 0 uncovered fns)
2026-06-01 19:41:02,514 INFO: CovBayes plan score=0.36 (predicts 0 uncovered fns)
2026-06-01 19:41:02,568 INFO: CovBayes plan score=1.68 (predicts 3 uncovered fns)
2026-06-01 19:41:02,835 INFO: CovBayes plan score=0.36 (predicts 0 uncovered fns)
2026-06-01 19:41:02,879 INFO: CovBayes plan score=0.60 (predicts 0 uncovered fns)
2026-06-01 19:41:03,114 INFO: CovBayes plan score=0.36 (predicts 0 uncovered fns)
2026-06-01 19:41:03,447 INFO: CovBayes plan score=1.68 (predicts 3 uncovered fns)
2026-06-01 19:41:04,268 INFO: CovBayes plan score=1.68 (predicts 3 uncovered fns)
2026-06-01 19:41:05,432 INFO: CovBayes plan score=2.17 (predicts 4 uncovered fns)
2026-06-01 19:41:05,813 INFO: CovBayes plan score=0.62 (predicts 0 uncovered fns)
2026-06-01 19:41:06,034 INFO: CovBayes plan score=1.19 (predicts 2 uncovered fns)
2026-06-01 19:41:06,845 INFO: CovBayes plan score=1.68 (predicts 3 uncovered fns)
2026-06-01 19:41:07,663 INFO: CovBayes plan score=1.68 (predicts 3 uncovered fns)
2026-06-01 19:41:08,008 INFO: CovBayes plan score=0.60 (predicts 0 uncovered fns)
2026-06-01 19:41:08,285 INFO: CovBayes plan score=1.19 (predicts 2 uncovered fns)
2026-06-01 19:41:08,329 INFO: CovBayes plan score=0.60 (predicts 0 uncovered fns)
2026-06-01 19:41:08,648 INFO: CovBayes plan score=0.60 (predicts 0 uncovered fns)
2026-06-01 19:41:08,965 INFO: CovBayes plan score=0.60 (predicts 0 uncovered fns)
2026-06-01 19:41:09,926 INFO: CovBayes plan score=0.62 (predicts 0 uncovered fns)
2026-06-01 19:41:11,798 INFO: CovBayes plan score=0.00 (predicts 7 uncovered fns)
2026-06-01 19:41:11,969 INFO: CovBayes plan score=0.60 (predicts 0 uncovered fns)
2026-06-01 19:41:13,726 INFO: CovBayes plan score=0.62 (predicts 0 uncovered fns)
2026-06-01 19:41:13,869 INFO: CovBayes plan score=0.09 (predicts 0 uncovered fns)
2026-06-01 19:41:14,074 INFO: CovBayes plan score=0.60 (predicts 0 uncovered fns)
2026-06-01 19:41:14,389 INFO: CovBayes plan score=0.60 (predicts 0 uncovered fns)
2026-06-01 19:41:17,606 INFO: CovBayes plan score=0.60 (predicts 0 uncovered fns)
2026-06-01 19:41:19,980 INFO: CovBayes plan score=0.09 (predicts 0 uncovered fns)
2026-06-01 19:41:20,277 INFO: CovBayes plan score=0.09 (predicts 0 uncovered fns)
2026-06-01 19:41:21,046 INFO: CovBayes plan score=0.09 (predicts 0 uncovered fns)
2026-06-01 19:41:24,274 INFO: CovBayes plan score=0.09 (predicts 0 uncovered fns)
2026-06-01 19:41:24,589 INFO: CovBayes plan score=0.09 (predicts 0 uncovered fns)
2026-06-01 19:41:26,590 INFO: CovBayes plan score=0.00 (predicts 7 uncovered fns)
2026-06-01 19:41:29,567 INFO: CovBayes plan score=0.59 (predicts 0 uncovered fns)
2026-06-01 19:41:30,874 INFO: CovBayes plan score=0.36 (predicts 0 uncovered fns)
2026-06-01 19:41:31,202 INFO: CovBayes plan score=0.36 (predicts 0 uncovered fns)
2026-06-01 19:41:31,526 INFO: CovBayes plan score=0.36 (predicts 0 uncovered fns)
2026-06-01 19:41:31,852 INFO: CovBayes plan score=0.36 (predicts 0 uncovered fns)
2026-06-01 19:41:32,178 INFO: CovBayes plan score=0.36 (predicts 0 uncovered fns)
2026-06-01 19:41:32,498 INFO: CovBayes plan score=0.36 (predicts 0 uncovered fns)
2026-06-01 19:41:32,824 INFO: CovBayes plan score=0.36 (predicts 0 uncovered fns)
2026-06-01 19:41:33,871 INFO: CovBayes plan score=0.36 (predicts 0 uncovered fns)
2026-06-01 19:41:34,519 INFO: CovBayes plan score=0.65 (predicts 1 uncovered fns)
2026-06-01 19:41:35,186 INFO: CovBayes plan score=0.97 (predicts 2 uncovered fns)
2026-06-01 19:41:36,492 INFO: CovBayes plan score=0.59 (predicts 0 uncovered fns)
2026-06-01 19:41:38,070 INFO: CovBayes plan score=0.59 (predicts 0 uncovered fns)
2026-06-01 19:41:40,763 INFO: CovBayes plan score=1.44 (predicts 4 uncovered fns)
  [11/93] requests.sessions seed=42: {'divhints_random': 13, 'divhints_oracle': 13, 'cov_bayes': 19}
2026-06-01 19:41:44,193 INFO: CovBayes plan score=0.62 (predicts 0 uncovered fns)
2026-06-01 19:41:44,218 INFO: CovBayes plan score=0.33 (predicts 11 uncovered fns)
2026-06-01 19:41:44,841 INFO: CovBayes plan score=0.97 (predicts 2 uncovered fns)
2026-06-01 19:41:45,718 INFO: CovBayes plan score=1.45 (predicts 3 uncovered fns)
2026-06-01 19:41:46,061 INFO: CovBayes plan score=0.65 (predicts 1 uncovered fns)
2026-06-01 19:41:46,527 INFO: CovBayes plan score=0.59 (predicts 0 uncovered fns)
2026-06-01 19:41:47,286 INFO: CovBayes plan score=0.83 (predicts 1 uncovered fns)
2026-06-01 19:41:47,490 INFO: CovBayes plan score=0.62 (predicts 0 uncovered fns)
2026-06-01 19:41:48,310 INFO: CovBayes plan score=0.59 (predicts 0 uncovered fns)
2026-06-01 19:41:49,530 INFO: CovBayes plan score=0.33 (predicts 11 uncovered fns)
2026-06-01 19:41:50,623 INFO: CovBayes plan score=0.62 (predicts 0 uncovered fns)
2026-06-01 19:41:52,332 INFO: CovBayes plan score=0.59 (predicts 0 uncovered fns)
2026-06-01 19:41:53,470 INFO: CovBayes plan score=0.62 (predicts 0 uncovered fns)
2026-06-01 19:41:54,210 INFO: CovBayes plan score=0.60 (predicts 0 uncovered fns)
2026-06-01 19:41:54,539 INFO: CovBayes plan score=0.60 (predicts 0 uncovered fns)
2026-06-01 19:41:54,861 INFO: CovBayes plan score=0.60 (predicts 0 uncovered fns)
2026-06-01 19:41:55,179 INFO: CovBayes plan score=0.60 (predicts 0 uncovered fns)
2026-06-01 19:41:55,937 INFO: CovBayes plan score=0.62 (predicts 0 uncovered fns)
2026-06-01 19:41:56,534 INFO: CovBayes plan score=0.60 (predicts 0 uncovered fns)
2026-06-01 19:41:57,792 INFO: CovBayes plan score=0.59 (predicts 0 uncovered fns)
2026-06-01 19:41:58,922 INFO: CovBayes plan score=0.09 (predicts 0 uncovered fns)
2026-06-01 19:41:59,178 INFO: CovBayes plan score=0.09 (predicts 0 uncovered fns)
2026-06-01 19:41:59,353 INFO: CovBayes plan score=0.62 (predicts 0 uncovered fns)
2026-06-01 19:41:59,570 INFO: CovBayes plan score=0.60 (predicts 0 uncovered fns)
2026-06-01 19:41:59,846 INFO: CovBayes plan score=0.60 (predicts 0 uncovered fns)
2026-06-01 19:42:00,278 INFO: CovBayes plan score=0.60 (predicts 0 uncovered fns)
2026-06-01 19:42:02,114 INFO: CovBayes plan score=0.62 (predicts 0 uncovered fns)
2026-06-01 19:42:03,116 INFO: CovBayes plan score=0.09 (predicts 0 uncovered fns)
2026-06-01 19:42:03,395 INFO: CovBayes plan score=0.09 (predicts 0 uncovered fns)
2026-06-01 19:42:05,164 INFO: CovBayes plan score=0.00 (predicts 7 uncovered fns)
2026-06-01 19:42:05,427 INFO: CovBayes plan score=0.09 (predicts 0 uncovered fns)
2026-06-01 19:42:05,585 INFO: CovBayes plan score=0.62 (predicts 0 uncovered fns)
2026-06-01 19:42:05,687 INFO: CovBayes plan score=0.09 (predicts 0 uncovered fns)
2026-06-01 19:42:07,396 INFO: CovBayes plan score=0.09 (predicts 0 uncovered fns)
2026-06-01 19:42:14,716 INFO: CovBayes plan score=0.47 (predicts 1 uncovered fns)
2026-06-01 19:42:15,559 INFO: CovBayes plan score=1.20 (predicts 3 uncovered fns)
2026-06-01 19:42:16,153 INFO: CovBayes plan score=0.71 (predicts 2 uncovered fns)
2026-06-01 19:42:16,880 INFO: CovBayes plan score=0.79 (predicts 2 uncovered fns)
2026-06-01 19:42:20,854 INFO: CovBayes plan score=0.25 (predicts 11 uncovered fns)
2026-06-01 19:42:21,856 INFO: CovBayes plan score=1.20 (predicts 3 uncovered fns)
2026-06-01 19:42:22,861 INFO: CovBayes plan score=0.91 (predicts 3 uncovered fns)
2026-06-01 19:42:23,861 INFO: CovBayes plan score=1.04 (predicts 3 uncovered fns)
2026-06-01 19:42:30,236 INFO: CovBayes plan score=0.59 (predicts 0 uncovered fns)
2026-06-01 19:42:31,201 INFO: CovBayes plan score=0.59 (predicts 0 uncovered fns)
2026-06-01 19:42:31,597 INFO: CovBayes plan score=0.59 (predicts 0 uncovered fns)
2026-06-01 19:42:32,730 INFO: CovBayes plan score=0.59 (predicts 0 uncovered fns)
2026-06-01 19:42:35,747 INFO: CovBayes plan score=0.62 (predicts 0 uncovered fns)
2026-06-01 19:42:36,125 INFO: CovBayes plan score=0.81 (predicts 1 uncovered fns)
2026-06-01 19:42:36,972 INFO: CovBayes plan score=0.60 (predicts 0 uncovered fns)
2026-06-01 19:42:37,303 INFO: CovBayes plan score=0.60 (predicts 0 uncovered fns)
2026-06-01 19:42:37,632 INFO: CovBayes plan score=0.60 (predicts 0 uncovered fns)
2026-06-01 19:42:37,803 INFO: CovBayes plan score=0.59 (predicts 0 uncovered fns)
2026-06-01 19:42:38,732 INFO: CovBayes plan score=0.59 (predicts 0 uncovered fns)
2026-06-01 19:42:38,828 INFO: CovBayes plan score=0.09 (predicts 0 uncovered fns)
2026-06-01 19:42:39,220 INFO: CovBayes plan score=0.62 (predicts 0 uncovered fns)
2026-06-01 19:42:40,686 INFO: CovBayes plan score=0.00 (predicts 7 uncovered fns)
2026-06-01 19:42:41,767 INFO: CovBayes plan score=0.60 (predicts 0 uncovered fns)
2026-06-01 19:42:42,079 INFO: CovBayes plan score=0.60 (predicts 0 uncovered fns)
2026-06-01 19:42:42,414 INFO: CovBayes plan score=0.62 (predicts 0 uncovered fns)
2026-06-01 19:42:42,415 INFO: CovBayes plan score=0.60 (predicts 0 uncovered fns)
2026-06-01 19:42:42,762 INFO: CovBayes plan score=0.60 (predicts 0 uncovered fns)
2026-06-01 19:42:43,067 INFO: CovBayes plan score=0.60 (predicts 0 uncovered fns)
2026-06-01 19:42:44,547 INFO: CovBayes plan score=0.59 (predicts 0 uncovered fns)
2026-06-01 19:42:45,412 INFO: CovBayes plan score=0.59 (predicts 0 uncovered fns)
2026-06-01 19:42:45,413 INFO: CovBayes plan score=0.62 (predicts 0 uncovered fns)
2026-06-01 19:42:45,822 INFO: CovBayes plan score=0.09 (predicts 0 uncovered fns)
2026-06-01 19:42:47,499 INFO: CovBayes plan score=0.00 (predicts 7 uncovered fns)
2026-06-01 19:42:49,126 INFO: CovBayes plan score=0.62 (predicts 0 uncovered fns)
2026-06-01 19:42:49,409 INFO: CovBayes plan score=0.09 (predicts 0 uncovered fns)
2026-06-01 19:42:49,944 INFO: CovBayes plan score=0.70 (predicts 2 uncovered fns)
2026-06-01 19:42:50,201 INFO: CovBayes plan score=1.00 (predicts 3 uncovered fns)
2026-06-01 19:42:50,444 INFO: CovBayes plan score=0.58 (predicts 2 uncovered fns)
2026-06-01 19:42:50,923 INFO: CovBayes plan score=0.58 (predicts 2 uncovered fns)
2026-06-01 19:42:51,197 INFO: CovBayes plan score=0.38 (predicts 1 uncovered fns)
2026-06-01 19:42:51,765 INFO: CovBayes plan score=0.62 (predicts 0 uncovered fns)
  [12/93] requests.utils seed=42: {'divhints_random': 6, 'divhints_oracle': 6, 'cov_bayes': 8}
2026-06-01 19:42:54,139 INFO: CovBayes plan score=0.20 (predicts 11 uncovered fns)
2026-06-01 19:42:54,431 INFO: CovBayes plan score=0.62 (predicts 0 uncovered fns)
2026-06-01 19:42:54,453 INFO: CovBayes plan score=0.38 (predicts 1 uncovered fns)
2026-06-01 19:42:55,247 INFO: CovBayes plan score=0.90 (predicts 3 uncovered fns)
2026-06-01 19:42:55,951 INFO: CovBayes plan score=0.96 (predicts 3 uncovered fns)
2026-06-01 19:42:56,054 INFO: CovBayes plan score=0.90 (predicts 3 uncovered fns)
2026-06-01 19:42:59,183 INFO: CovBayes plan score=0.09 (predicts 0 uncovered fns)
  [13/93] requests.models seed=42: {'divhints_random': 28, 'divhints_oracle': 28, 'cov_bayes': 28}
2026-06-01 19:43:15,436 INFO: CovBayes plan score=0.59 (predicts 0 uncovered fns)
2026-06-01 19:43:15,900 INFO: CovBayes plan score=0.59 (predicts 0 uncovered fns)
2026-06-01 19:43:16,872 INFO: CovBayes plan score=0.78 (predicts 1 uncovered fns)
2026-06-01 19:43:22,284 INFO: CovBayes plan score=0.57 (predicts 2 uncovered fns)
2026-06-01 19:43:22,624 INFO: CovBayes plan score=0.33 (predicts 1 uncovered fns)
2026-06-01 19:43:23,266 INFO: CovBayes plan score=0.59 (predicts 0 uncovered fns)
2026-06-01 19:43:23,983 INFO: CovBayes plan score=0.59 (predicts 0 uncovered fns)
2026-06-01 19:43:25,222 INFO: CovBayes plan score=0.59 (predicts 0 uncovered fns)
2026-06-01 19:43:26,340 INFO: CovBayes plan score=0.20 (predicts 11 uncovered fns)
2026-06-01 19:43:27,082 INFO: CovBayes plan score=0.73 (predicts 3 uncovered fns)
2026-06-01 19:43:29,127 INFO: CovBayes plan score=0.00 (predicts 7 uncovered fns)
2026-06-01 19:43:29,886 INFO: CovBayes plan score=0.17 (predicts 11 uncovered fns)
2026-06-01 19:43:30,371 INFO: CovBayes plan score=0.57 (predicts 2 uncovered fns)
2026-06-01 19:43:30,771 INFO: CovBayes plan score=0.00 (predicts 7 uncovered fns)
2026-06-01 19:43:31,064 INFO: CovBayes plan score=0.81 (predicts 3 uncovered fns)
2026-06-01 19:43:31,528 INFO: CovBayes plan score=0.65 (predicts 2 uncovered fns)
2026-06-01 19:43:31,684 INFO: CovBayes plan score=0.59 (predicts 0 uncovered fns)
2026-06-01 19:43:34,886 INFO: CovBayes plan score=0.59 (predicts 0 uncovered fns)
2026-06-01 19:43:35,404 INFO: CovBayes plan score=0.08 (predicts 0 uncovered fns)
2026-06-01 19:43:40,382 INFO: CovBayes plan score=0.56 (predicts 2 uncovered fns)
2026-06-01 19:43:40,986 INFO: CovBayes plan score=0.39 (predicts 2 uncovered fns)
2026-06-01 19:43:42,718 INFO: CovBayes plan score=0.00 (predicts 7 uncovered fns)
2026-06-01 19:43:46,102 INFO: CovBayes plan score=0.08 (predicts 0 uncovered fns)
2026-06-01 19:43:50,187 INFO: CovBayes plan score=0.08 (predicts 0 uncovered fns)
2026-06-01 19:44:02,541 INFO: CovBayes plan score=0.14 (predicts 11 uncovered fns)
2026-06-01 19:44:03,070 INFO: CovBayes plan score=0.43 (predicts 2 uncovered fns)
2026-06-01 19:44:05,246 INFO: CovBayes plan score=0.59 (predicts 0 uncovered fns)
2026-06-01 19:44:06,362 INFO: CovBayes plan score=0.14 (predicts 11 uncovered fns)
2026-06-01 19:44:06,722 INFO: CovBayes plan score=0.29 (predicts 1 uncovered fns)
2026-06-01 19:44:07,333 INFO: CovBayes plan score=0.43 (predicts 2 uncovered fns)
2026-06-01 19:44:08,172 INFO: CovBayes plan score=0.43 (predicts 2 uncovered fns)
2026-06-01 19:44:09,123 INFO: CovBayes plan score=0.67 (predicts 3 uncovered fns)
2026-06-01 19:44:09,782 INFO: CovBayes plan score=0.43 (predicts 2 uncovered fns)
2026-06-01 19:44:11,595 INFO: CovBayes plan score=0.59 (predicts 0 uncovered fns)
2026-06-01 19:44:12,619 INFO: CovBayes plan score=0.59 (predicts 0 uncovered fns)
2026-06-01 19:44:13,046 INFO: CovBayes plan score=0.59 (predicts 0 uncovered fns)
2026-06-01 19:44:16,802 INFO: CovBayes plan score=0.88 (predicts 1 uncovered fns)
2026-06-01 19:44:17,855 INFO: CovBayes plan score=0.59 (predicts 0 uncovered fns)
2026-06-01 19:44:20,732 INFO: CovBayes plan score=0.00 (predicts 6 uncovered fns)
2026-06-01 19:44:21,057 INFO: CovBayes plan score=0.59 (predicts 0 uncovered fns)
2026-06-01 19:44:22,359 INFO: CovBayes plan score=0.16 (predicts 6 uncovered fns)
2026-06-01 19:44:23,869 INFO: CovBayes plan score=0.00 (predicts 6 uncovered fns)
2026-06-01 19:44:25,370 INFO: CovBayes plan score=0.00 (predicts 6 uncovered fns)
2026-06-01 19:44:26,159 INFO: CovBayes plan score=0.59 (predicts 0 uncovered fns)
2026-06-01 19:44:27,064 INFO: CovBayes plan score=0.00 (predicts 6 uncovered fns)
2026-06-01 19:44:28,688 INFO: CovBayes plan score=0.00 (predicts 6 uncovered fns)
2026-06-01 19:44:30,813 INFO: CovBayes plan score=0.07 (predicts 0 uncovered fns)
2026-06-01 19:44:32,236 INFO: CovBayes plan score=0.00 (predicts 6 uncovered fns)
2026-06-01 19:44:34,631 INFO: CovBayes plan score=0.27 (predicts 1 uncovered fns)
2026-06-01 19:44:35,185 INFO: CovBayes plan score=0.39 (predicts 2 uncovered fns)
2026-06-01 19:44:36,107 INFO: CovBayes plan score=0.63 (predicts 3 uncovered fns)
2026-06-01 19:44:36,701 INFO: CovBayes plan score=0.46 (predicts 2 uncovered fns)
2026-06-01 19:44:37,549 INFO: CovBayes plan score=0.58 (predicts 3 uncovered fns)
2026-06-01 19:44:38,370 INFO: CovBayes plan score=0.58 (predicts 3 uncovered fns)
2026-06-01 19:44:38,937 INFO: CovBayes plan score=0.46 (predicts 2 uncovered fns)
2026-06-01 19:44:39,232 INFO: CovBayes plan score=0.27 (predicts 1 uncovered fns)
  [14/93] requests.adapters seed=42: {'divhints_random': 53, 'divhints_oracle': 88, 'cov_bayes': 77}
2026-06-01 19:44:53,855 INFO: CovBayes plan score=0.58 (predicts 0 uncovered fns)
2026-06-01 19:44:58,997 INFO: CovBayes plan score=0.58 (predicts 0 uncovered fns)
2026-06-01 19:45:00,091 INFO: CovBayes plan score=0.58 (predicts 0 uncovered fns)
2026-06-01 19:45:05,138 INFO: CovBayes plan score=1.07 (predicts 1 uncovered fns)
2026-06-01 19:45:05,505 INFO: CovBayes plan score=0.55 (predicts 3 uncovered fns)
2026-06-01 19:45:06,077 INFO: CovBayes plan score=0.35 (predicts 2 uncovered fns)
2026-06-01 19:45:06,632 INFO: CovBayes plan score=0.35 (predicts 2 uncovered fns)
2026-06-01 19:45:07,156 INFO: CovBayes plan score=0.44 (predicts 2 uncovered fns)
2026-06-01 19:45:07,671 INFO: CovBayes plan score=0.35 (predicts 2 uncovered fns)
2026-06-01 19:45:07,967 INFO: CovBayes plan score=0.25 (predicts 1 uncovered fns)
2026-06-01 19:45:12,184 INFO: CovBayes plan score=0.00 (predicts 11 uncovered fns)
2026-06-01 19:45:12,498 INFO: CovBayes plan score=0.25 (predicts 1 uncovered fns)
2026-06-01 19:45:14,133 INFO: CovBayes plan score=1.06 (predicts 3 uncovered fns)
2026-06-01 19:45:15,356 INFO: CovBayes plan score=1.07 (predicts 1 uncovered fns)
2026-06-01 19:45:19,365 INFO: CovBayes plan score=0.58 (predicts 0 uncovered fns)
2026-06-01 19:45:20,428 INFO: CovBayes plan score=0.58 (predicts 0 uncovered fns)
  [15/93] requests.auth seed=42: {'divhints_random': 49, 'divhints_oracle': 50, 'cov_bayes': 49}
  [16/93] requests.cookies seed=42: {'divhints_random': 8, 'divhints_oracle': 8, 'cov_bayes': 8}
2026-06-01 19:57:13,226 INFO: CovBayes plan score=1.98 (predicts 3 uncovered fns)
2026-06-01 19:57:13,444 INFO: CovBayes plan score=1.01 (predicts 1 uncovered fns)
2026-06-01 19:57:13,649 INFO: CovBayes plan score=1.01 (predicts 1 uncovered fns)
2026-06-01 19:57:13,856 INFO: CovBayes plan score=1.01 (predicts 1 uncovered fns)
2026-06-01 19:57:14,211 INFO: CovBayes plan score=1.49 (predicts 2 uncovered fns)
2026-06-01 19:57:14,749 INFO: CovBayes plan score=1.98 (predicts 3 uncovered fns)
2026-06-01 19:57:14,955 INFO: CovBayes plan score=1.01 (predicts 1 uncovered fns)
2026-06-01 19:57:15,162 INFO: CovBayes plan score=1.01 (predicts 1 uncovered fns)
2026-06-01 19:57:39,415 INFO: CovBayes plan score=1.15 (predicts 2 uncovered fns)
2026-06-01 19:57:41,115 INFO: CovBayes plan score=0.50 (predicts 0 uncovered fns)
2026-06-01 19:57:41,645 INFO: CovBayes plan score=1.59 (predicts 3 uncovered fns)
2026-06-01 19:57:42,015 INFO: CovBayes plan score=1.31 (predicts 2 uncovered fns)
2026-06-01 19:57:42,401 INFO: CovBayes plan score=1.31 (predicts 2 uncovered fns)
2026-06-01 19:57:44,518 INFO: CovBayes plan score=3.90 (predicts 9 uncovered fns)
2026-06-01 19:57:44,760 INFO: CovBayes plan score=0.82 (predicts 1 uncovered fns)
2026-06-01 19:57:44,990 INFO: CovBayes plan score=0.82 (predicts 1 uncovered fns)
2026-06-01 19:58:08,944 INFO: CovBayes plan score=3.08 (predicts 10 uncovered fns)
2026-06-01 19:58:09,176 INFO: CovBayes plan score=0.70 (predicts 1 uncovered fns)
2026-06-01 19:58:10,572 INFO: CovBayes plan score=0.46 (predicts 0 uncovered fns)
2026-06-01 19:58:11,019 INFO: CovBayes plan score=1.19 (predicts 2 uncovered fns)
2026-06-01 19:58:11,249 INFO: CovBayes plan score=0.70 (predicts 1 uncovered fns)
2026-06-01 19:58:12,823 INFO: CovBayes plan score=2.24 (predicts 7 uncovered fns)
2026-06-01 19:58:14,944 INFO: CovBayes plan score=0.66 (predicts 4 uncovered fns)
2026-06-01 19:58:16,355 INFO: CovBayes plan score=1.97 (predicts 7 uncovered fns)
2026-06-01 19:58:43,063 INFO: CovBayes plan score=1.99 (predicts 9 uncovered fns)
2026-06-01 19:58:43,185 INFO: CovBayes plan score=0.43 (predicts 0 uncovered fns)
2026-06-01 19:58:43,460 INFO: CovBayes plan score=0.63 (predicts 1 uncovered fns)
2026-06-01 19:58:44,886 INFO: CovBayes plan score=0.43 (predicts 0 uncovered fns)
2026-06-01 19:58:45,163 INFO: CovBayes plan score=0.63 (predicts 1 uncovered fns)
2026-06-01 19:58:48,348 INFO: CovBayes plan score=4.89 (predicts 13 uncovered fns)
2026-06-01 19:58:49,774 INFO: CovBayes plan score=0.43 (predicts 0 uncovered fns)
2026-06-01 19:58:51,010 INFO: CovBayes plan score=0.43 (predicts 0 uncovered fns)
2026-06-01 19:58:52,270 INFO: CovBayes plan score=1.43 (predicts 2 uncovered fns)
2026-06-01 19:58:52,539 INFO: CovBayes plan score=0.95 (predicts 1 uncovered fns)
2026-06-01 19:58:52,800 INFO: CovBayes plan score=0.95 (predicts 1 uncovered fns)
2026-06-01 19:58:53,058 INFO: CovBayes plan score=0.95 (predicts 1 uncovered fns)
2026-06-01 19:58:53,557 INFO: CovBayes plan score=1.43 (predicts 2 uncovered fns)
2026-06-01 19:58:53,793 INFO: CovBayes plan score=0.95 (predicts 1 uncovered fns)
2026-06-01 19:58:54,256 INFO: CovBayes plan score=1.43 (predicts 2 uncovered fns)
2026-06-01 19:58:54,501 INFO: CovBayes plan score=0.95 (predicts 1 uncovered fns)
2026-06-01 19:59:15,909 INFO: CovBayes plan score=0.88 (predicts 2 uncovered fns)
2026-06-01 19:59:16,140 INFO: CovBayes plan score=0.56 (predicts 1 uncovered fns)
2026-06-01 19:59:16,372 INFO: CovBayes plan score=0.56 (predicts 1 uncovered fns)
2026-06-01 19:59:16,604 INFO: CovBayes plan score=0.56 (predicts 1 uncovered fns)
2026-06-01 19:59:20,494 INFO: CovBayes plan score=0.80 (predicts 2 uncovered fns)
2026-06-01 19:59:20,887 INFO: CovBayes plan score=0.39 (predicts 0 uncovered fns)
2026-06-01 19:59:20,970 INFO: CovBayes plan score=0.81 (predicts 2 uncovered fns)
2026-06-01 19:59:21,140 INFO: CovBayes plan score=0.39 (predicts 0 uncovered fns)
2026-06-01 19:59:21,157 INFO: CovBayes plan score=0.39 (predicts 0 uncovered fns)
2026-06-01 19:59:21,428 INFO: CovBayes plan score=0.39 (predicts 0 uncovered fns)
2026-06-01 19:59:21,629 INFO: CovBayes plan score=0.80 (predicts 2 uncovered fns)
2026-06-01 19:59:21,678 INFO: CovBayes plan score=0.39 (predicts 0 uncovered fns)
2026-06-01 19:59:21,913 INFO: CovBayes plan score=0.39 (predicts 0 uncovered fns)
2026-06-01 19:59:22,147 INFO: CovBayes plan score=0.39 (predicts 0 uncovered fns)
2026-06-01 19:59:22,369 INFO: CovBayes plan score=0.39 (predicts 0 uncovered fns)
2026-06-01 19:59:22,590 INFO: CovBayes plan score=0.39 (predicts 0 uncovered fns)
2026-06-01 19:59:45,999 INFO: CovBayes plan score=0.77 (predicts 2 uncovered fns)
2026-06-01 19:59:47,270 INFO: CovBayes plan score=0.39 (predicts 0 uncovered fns)
2026-06-01 19:59:47,506 INFO: CovBayes plan score=0.53 (predicts 1 uncovered fns)
2026-06-01 19:59:48,698 INFO: CovBayes plan score=0.39 (predicts 0 uncovered fns)
2026-06-01 19:59:50,183 INFO: CovBayes plan score=0.39 (predicts 0 uncovered fns)
2026-06-01 19:59:52,607 INFO: CovBayes plan score=2.08 (predicts 10 uncovered fns)
2026-06-01 19:59:53,906 INFO: CovBayes plan score=0.39 (predicts 0 uncovered fns)
2026-06-01 19:59:55,162 INFO: CovBayes plan score=0.39 (predicts 0 uncovered fns)
2026-06-01 19:59:57,073 INFO: CovBayes plan score=0.17 (predicts 15 uncovered fns)
2026-06-01 19:59:57,349 INFO: CovBayes plan score=0.39 (predicts 0 uncovered fns)
2026-06-01 19:59:57,618 INFO: CovBayes plan score=0.39 (predicts 0 uncovered fns)
2026-06-01 19:59:57,890 INFO: CovBayes plan score=0.39 (predicts 0 uncovered fns)
2026-06-01 19:59:58,160 INFO: CovBayes plan score=0.39 (predicts 0 uncovered fns)
2026-06-01 20:00:01,831 INFO: CovBayes plan score=0.17 (predicts 15 uncovered fns)
2026-06-01 20:00:02,067 INFO: CovBayes plan score=0.39 (predicts 0 uncovered fns)
2026-06-01 20:00:02,297 INFO: CovBayes plan score=0.39 (predicts 0 uncovered fns)
2026-06-01 20:00:16,921 INFO: CovBayes plan score=0.50 (predicts 1 uncovered fns)
2026-06-01 20:00:17,132 INFO: CovBayes plan score=0.38 (predicts 0 uncovered fns)
2026-06-01 20:00:18,076 INFO: CovBayes plan score=0.38 (predicts 0 uncovered fns)
2026-06-01 20:00:18,342 INFO: CovBayes plan score=0.50 (predicts 1 uncovered fns)
2026-06-01 20:00:18,594 INFO: CovBayes plan score=0.50 (predicts 1 uncovered fns)
2026-06-01 20:00:19,760 INFO: CovBayes plan score=0.73 (predicts 3 uncovered fns)
2026-06-01 20:00:19,984 INFO: CovBayes plan score=0.38 (predicts 0 uncovered fns)
2026-06-01 20:00:23,307 INFO: CovBayes plan score=0.50 (predicts 1 uncovered fns)
2026-06-01 20:00:30,175 INFO: CovBayes plan score=0.39 (predicts 0 uncovered fns)
2026-06-01 20:00:30,443 INFO: CovBayes plan score=0.39 (predicts 0 uncovered fns)
2026-06-01 20:00:30,722 INFO: CovBayes plan score=0.39 (predicts 0 uncovered fns)
2026-06-01 20:00:31,001 INFO: CovBayes plan score=0.39 (predicts 0 uncovered fns)
2026-06-01 20:00:31,281 INFO: CovBayes plan score=0.39 (predicts 0 uncovered fns)
2026-06-01 20:00:31,561 INFO: CovBayes plan score=0.39 (predicts 0 uncovered fns)
2026-06-01 20:00:31,841 INFO: CovBayes plan score=0.39 (predicts 0 uncovered fns)
2026-06-01 20:00:32,121 INFO: CovBayes plan score=0.39 (predicts 0 uncovered fns)
2026-06-01 20:00:49,316 INFO: CovBayes plan score=0.92 (predicts 3 uncovered fns)
2026-06-01 20:00:50,388 INFO: CovBayes plan score=0.37 (predicts 0 uncovered fns)
2026-06-01 20:00:53,098 INFO: CovBayes plan score=0.37 (predicts 0 uncovered fns)
2026-06-01 20:00:53,632 INFO: CovBayes plan score=0.68 (predicts 2 uncovered fns)
2026-06-01 20:00:53,896 INFO: CovBayes plan score=0.48 (predicts 1 uncovered fns)
2026-06-01 20:00:54,170 INFO: CovBayes plan score=0.48 (predicts 1 uncovered fns)
2026-06-01 20:00:54,445 INFO: CovBayes plan score=0.48 (predicts 1 uncovered fns)
2026-06-01 20:00:54,704 INFO: CovBayes plan score=0.48 (predicts 1 uncovered fns)
2026-06-01 20:01:04,450 INFO: CovBayes plan score=0.17 (predicts 15 uncovered fns)
2026-06-01 20:01:04,682 INFO: CovBayes plan score=0.39 (predicts 0 uncovered fns)
2026-06-01 20:01:04,917 INFO: CovBayes plan score=0.39 (predicts 0 uncovered fns)
2026-06-01 20:01:05,151 INFO: CovBayes plan score=0.39 (predicts 0 uncovered fns)
2026-06-01 20:01:05,374 INFO: CovBayes plan score=0.39 (predicts 0 uncovered fns)
2026-06-01 20:01:05,608 INFO: CovBayes plan score=0.39 (predicts 0 uncovered fns)
  [17/93] flask.app seed=42: {'divhints_random': 2, 'divhints_oracle': 100, 'cov_bayes': 100}
2026-06-01 20:01:06,020 INFO: CovBayes plan score=0.39 (predicts 0 uncovered fns)
2026-06-01 20:01:06,300 INFO: CovBayes plan score=0.39 (predicts 0 uncovered fns)
2026-06-01 20:01:34,992 INFO: CovBayes plan score=0.39 (predicts 0 uncovered fns)
2026-06-01 20:01:35,274 INFO: CovBayes plan score=0.39 (predicts 0 uncovered fns)
2026-06-01 20:01:35,555 INFO: CovBayes plan score=0.39 (predicts 0 uncovered fns)
2026-06-01 20:01:35,994 INFO: CovBayes plan score=0.39 (predicts 0 uncovered fns)
2026-06-01 20:01:36,304 INFO: CovBayes plan score=0.39 (predicts 0 uncovered fns)
2026-06-01 20:01:36,615 INFO: CovBayes plan score=0.39 (predicts 0 uncovered fns)
2026-06-01 20:01:36,914 INFO: CovBayes plan score=0.39 (predicts 0 uncovered fns)
2026-06-01 20:01:37,213 INFO: CovBayes plan score=0.39 (predicts 0 uncovered fns)
2026-06-01 20:02:05,283 INFO: CovBayes plan score=0.39 (predicts 0 uncovered fns)
2026-06-01 20:02:05,567 INFO: CovBayes plan score=0.39 (predicts 0 uncovered fns)
2026-06-01 20:02:05,870 INFO: CovBayes plan score=0.39 (predicts 0 uncovered fns)
2026-06-01 20:02:06,174 INFO: CovBayes plan score=0.39 (predicts 0 uncovered fns)
2026-06-01 20:02:06,461 INFO: CovBayes plan score=0.39 (predicts 0 uncovered fns)
2026-06-01 20:02:06,763 INFO: CovBayes plan score=0.39 (predicts 0 uncovered fns)
2026-06-01 20:02:07,061 INFO: CovBayes plan score=0.39 (predicts 0 uncovered fns)
2026-06-01 20:02:07,340 INFO: CovBayes plan score=0.39 (predicts 0 uncovered fns)
2026-06-01 20:02:10,436 INFO: CovBayes plan score=1.68 (predicts 3 uncovered fns)
2026-06-01 20:02:11,148 INFO: CovBayes plan score=1.68 (predicts 3 uncovered fns)
2026-06-01 20:02:11,862 INFO: CovBayes plan score=1.68 (predicts 3 uncovered fns)
2026-06-01 20:02:12,363 INFO: CovBayes plan score=1.19 (predicts 2 uncovered fns)
2026-06-01 20:02:13,080 INFO: CovBayes plan score=1.68 (predicts 3 uncovered fns)
2026-06-01 20:02:13,793 INFO: CovBayes plan score=1.18 (predicts 3 uncovered fns)
2026-06-01 20:02:14,472 INFO: CovBayes plan score=1.68 (predicts 3 uncovered fns)
2026-06-01 20:02:15,141 INFO: CovBayes plan score=1.68 (predicts 3 uncovered fns)
2026-06-01 20:02:35,817 INFO: CovBayes plan score=0.39 (predicts 0 uncovered fns)
2026-06-01 20:02:36,186 INFO: CovBayes plan score=0.39 (predicts 0 uncovered fns)
2026-06-01 20:02:36,564 INFO: CovBayes plan score=0.39 (predicts 0 uncovered fns)
2026-06-01 20:02:36,942 INFO: CovBayes plan score=0.39 (predicts 0 uncovered fns)
2026-06-01 20:02:37,320 INFO: CovBayes plan score=0.39 (predicts 0 uncovered fns)
2026-06-01 20:02:37,700 INFO: CovBayes plan score=0.39 (predicts 0 uncovered fns)
2026-06-01 20:02:38,074 INFO: CovBayes plan score=0.39 (predicts 0 uncovered fns)
2026-06-01 20:02:38,435 INFO: CovBayes plan score=0.39 (predicts 0 uncovered fns)
2026-06-01 20:02:48,996 INFO: CovBayes plan score=0.17 (predicts 0 uncovered fns)
2026-06-01 20:02:49,715 INFO: CovBayes plan score=0.17 (predicts 0 uncovered fns)
2026-06-01 20:02:50,263 INFO: CovBayes plan score=0.17 (predicts 0 uncovered fns)
2026-06-01 20:02:50,786 INFO: CovBayes plan score=2.33 (predicts 4 uncovered fns)
  [18/93] flask.cli seed=42: {'divhints_random': 77, 'divhints_oracle': 78, 'cov_bayes': 75}
2026-06-01 20:02:51,399 INFO: CovBayes plan score=0.17 (predicts 0 uncovered fns)
2026-06-01 20:02:51,956 INFO: CovBayes plan score=0.17 (predicts 0 uncovered fns)
2026-06-01 20:02:52,401 INFO: CovBayes plan score=2.32 (predicts 5 uncovered fns)
2026-06-01 20:02:52,546 INFO: CovBayes plan score=0.17 (predicts 0 uncovered fns)
2026-06-01 20:02:53,507 INFO: CovBayes plan score=0.17 (predicts 0 uncovered fns)
2026-06-01 20:02:54,109 INFO: CovBayes plan score=2.82 (predicts 5 uncovered fns)
2026-06-01 20:02:55,195 INFO: CovBayes plan score=0.17 (predicts 0 uncovered fns)
2026-06-01 20:02:55,620 INFO: CovBayes plan score=2.82 (predicts 5 uncovered fns)
2026-06-01 20:02:57,070 INFO: CovBayes plan score=2.82 (predicts 5 uncovered fns)
2026-06-01 20:02:58,238 INFO: CovBayes plan score=2.33 (predicts 4 uncovered fns)
2026-06-01 20:02:59,880 INFO: CovBayes plan score=2.82 (predicts 5 uncovered fns)
2026-06-01 20:03:01,142 INFO: CovBayes plan score=2.33 (predicts 4 uncovered fns)
2026-06-01 20:03:08,928 INFO: CovBayes plan score=1.74 (predicts 5 uncovered fns)
2026-06-01 20:03:09,887 INFO: CovBayes plan score=2.76 (predicts 4 uncovered fns)
2026-06-01 20:03:10,385 INFO: CovBayes plan score=1.78 (predicts 2 uncovered fns)
2026-06-01 20:03:11,783 INFO: CovBayes plan score=1.74 (predicts 5 uncovered fns)
2026-06-01 20:03:12,569 INFO: CovBayes plan score=2.27 (predicts 3 uncovered fns)
2026-06-01 20:03:13,842 INFO: CovBayes plan score=1.74 (predicts 5 uncovered fns)
2026-06-01 20:03:14,616 INFO: CovBayes plan score=2.27 (predicts 3 uncovered fns)
2026-06-01 20:03:15,373 INFO: CovBayes plan score=2.27 (predicts 3 uncovered fns)
2026-06-01 20:03:22,323 INFO: CovBayes plan score=0.17 (predicts 0 uncovered fns)
2026-06-01 20:03:23,165 INFO: CovBayes plan score=0.17 (predicts 0 uncovered fns)
2026-06-01 20:03:23,893 INFO: CovBayes plan score=0.17 (predicts 0 uncovered fns)
2026-06-01 20:03:24,419 INFO: CovBayes plan score=0.17 (predicts 0 uncovered fns)
2026-06-01 20:03:25,034 INFO: CovBayes plan score=1.77 (predicts 3 uncovered fns)
2026-06-01 20:03:25,340 INFO: CovBayes plan score=0.32 (predicts 0 uncovered fns)
2026-06-01 20:03:25,341 INFO: CovBayes plan score=0.17 (predicts 0 uncovered fns)
2026-06-01 20:03:26,070 INFO: CovBayes plan score=1.77 (predicts 3 uncovered fns)
2026-06-01 20:03:26,298 INFO: CovBayes plan score=0.17 (predicts 0 uncovered fns)
2026-06-01 20:03:26,687 INFO: CovBayes plan score=1.77 (predicts 3 uncovered fns)
2026-06-01 20:03:26,876 INFO: CovBayes plan score=0.17 (predicts 0 uncovered fns)
2026-06-01 20:03:27,059 INFO: CovBayes plan score=0.80 (predicts 1 uncovered fns)
2026-06-01 20:03:27,707 INFO: CovBayes plan score=0.17 (predicts 0 uncovered fns)
2026-06-01 20:03:35,031 INFO: CovBayes plan score=0.76 (predicts 4 uncovered fns)
2026-06-01 20:03:36,297 INFO: CovBayes plan score=0.76 (predicts 4 uncovered fns)
2026-06-01 20:03:36,669 INFO: CovBayes plan score=0.80 (predicts 1 uncovered fns)
2026-06-01 20:03:47,253 INFO: CovBayes plan score=0.24 (predicts 1 uncovered fns)
2026-06-01 20:03:49,450 INFO: CovBayes plan score=0.24 (predicts 1 uncovered fns)
2026-06-01 20:03:55,363 INFO: CovBayes plan score=0.24 (predicts 1 uncovered fns)
2026-06-01 20:03:56,348 INFO: CovBayes plan score=0.17 (predicts 0 uncovered fns)
2026-06-01 20:03:57,174 INFO: CovBayes plan score=0.17 (predicts 0 uncovered fns)
2026-06-01 20:03:57,276 INFO: CovBayes plan score=0.29 (predicts 1 uncovered fns)
2026-06-01 20:03:58,023 INFO: CovBayes plan score=0.17 (predicts 0 uncovered fns)
2026-06-01 20:03:58,583 INFO: CovBayes plan score=0.17 (predicts 0 uncovered fns)
2026-06-01 20:03:59,145 INFO: CovBayes plan score=0.24 (predicts 1 uncovered fns)
2026-06-01 20:03:59,559 INFO: CovBayes plan score=0.17 (predicts 0 uncovered fns)
2026-06-01 20:04:00,605 INFO: CovBayes plan score=0.17 (predicts 0 uncovered fns)
2026-06-01 20:04:01,272 INFO: CovBayes plan score=0.24 (predicts 1 uncovered fns)
2026-06-01 20:04:01,435 INFO: CovBayes plan score=0.17 (predicts 0 uncovered fns)
2026-06-01 20:04:02,019 INFO: CovBayes plan score=0.17 (predicts 0 uncovered fns)
2026-06-01 20:04:02,415 INFO: CovBayes plan score=0.94 (predicts 2 uncovered fns)
2026-06-01 20:04:03,287 INFO: CovBayes plan score=0.94 (predicts 2 uncovered fns)
2026-06-01 20:04:06,407 INFO: CovBayes plan score=0.29 (predicts 0 uncovered fns)
2026-06-01 20:04:06,971 INFO: CovBayes plan score=0.29 (predicts 0 uncovered fns)
2026-06-01 20:04:07,282 INFO: CovBayes plan score=0.94 (predicts 2 uncovered fns)
2026-06-01 20:04:08,057 INFO: CovBayes plan score=0.94 (predicts 2 uncovered fns)
2026-06-01 20:04:08,371 INFO: CovBayes plan score=0.26 (predicts 0 uncovered fns)
2026-06-01 20:04:08,633 INFO: CovBayes plan score=0.29 (predicts 1 uncovered fns)
2026-06-01 20:04:09,294 INFO: CovBayes plan score=0.94 (predicts 2 uncovered fns)
2026-06-01 20:04:09,999 INFO: CovBayes plan score=0.94 (predicts 2 uncovered fns)
2026-06-01 20:04:29,057 INFO: CovBayes plan score=0.17 (predicts 0 uncovered fns)
2026-06-01 20:04:30,029 INFO: CovBayes plan score=0.17 (predicts 0 uncovered fns)
2026-06-01 20:04:30,409 INFO: CovBayes plan score=0.17 (predicts 0 uncovered fns)
2026-06-01 20:04:31,083 INFO: CovBayes plan score=0.17 (predicts 0 uncovered fns)
2026-06-01 20:04:31,758 INFO: CovBayes plan score=0.17 (predicts 0 uncovered fns)
2026-06-01 20:04:35,816 INFO: CovBayes plan score=0.00 (predicts 11 uncovered fns)
2026-06-01 20:04:36,714 INFO: CovBayes plan score=0.17 (predicts 0 uncovered fns)
2026-06-01 20:04:40,522 INFO: CovBayes plan score=0.17 (predicts 0 uncovered fns)
2026-06-01 20:04:40,702 INFO: CovBayes plan score=0.00 (predicts 20 uncovered fns)
2026-06-01 20:04:40,725 INFO: CovBayes plan score=0.24 (predicts 1 uncovered fns)
2026-06-01 20:04:41,079 INFO: CovBayes plan score=0.77 (predicts 2 uncovered fns)
2026-06-01 20:04:42,524 INFO: CovBayes plan score=0.24 (predicts 1 uncovered fns)
2026-06-01 20:04:44,925 INFO: CovBayes plan score=0.27 (predicts 1 uncovered fns)
2026-06-01 20:04:45,422 INFO: CovBayes plan score=0.00 (predicts 20 uncovered fns)
2026-06-01 20:04:45,727 INFO: CovBayes plan score=0.77 (predicts 2 uncovered fns)
2026-06-01 20:04:46,033 INFO: CovBayes plan score=0.77 (predicts 2 uncovered fns)
2026-06-01 20:04:46,317 INFO: CovBayes plan score=0.24 (predicts 1 uncovered fns)
2026-06-01 20:04:46,590 INFO: CovBayes plan score=0.27 (predicts 1 uncovered fns)
2026-06-01 20:04:47,262 INFO: CovBayes plan score=0.74 (predicts 3 uncovered fns)
2026-06-01 20:04:47,581 INFO: CovBayes plan score=0.77 (predicts 1 uncovered fns)
2026-06-01 20:04:49,232 INFO: CovBayes plan score=0.27 (predicts 1 uncovered fns)
2026-06-01 20:04:50,842 INFO: CovBayes plan score=0.27 (predicts 1 uncovered fns)
2026-06-01 20:04:51,583 INFO: CovBayes plan score=0.24 (predicts 3 uncovered fns)
2026-06-01 20:04:51,689 INFO: CovBayes plan score=2.12 (predicts 4 uncovered fns)
2026-06-01 20:04:52,411 INFO: CovBayes plan score=1.63 (predicts 3 uncovered fns)
2026-06-01 20:04:53,676 INFO: CovBayes plan score=1.13 (predicts 3 uncovered fns)
2026-06-01 20:04:56,924 INFO: CovBayes plan score=2.00 (predicts 12 uncovered fns)
2026-06-01 20:04:57,696 INFO: CovBayes plan score=1.13 (predicts 3 uncovered fns)
2026-06-01 20:04:58,464 INFO: CovBayes plan score=1.63 (predicts 3 uncovered fns)
2026-06-01 20:04:59,221 INFO: CovBayes plan score=1.63 (predicts 3 uncovered fns)
2026-06-01 20:04:59,456 INFO: CovBayes plan score=0.27 (predicts 1 uncovered fns)
2026-06-01 20:04:59,984 INFO: CovBayes plan score=1.63 (predicts 3 uncovered fns)
2026-06-01 20:05:08,185 INFO: CovBayes plan score=0.17 (predicts 0 uncovered fns)
2026-06-01 20:05:09,054 INFO: CovBayes plan score=0.17 (predicts 0 uncovered fns)
2026-06-01 20:05:10,596 INFO: CovBayes plan score=0.17 (predicts 0 uncovered fns)
2026-06-01 20:05:11,168 INFO: CovBayes plan score=0.17 (predicts 0 uncovered fns)
2026-06-01 20:05:11,972 INFO: CovBayes plan score=0.17 (predicts 0 uncovered fns)
2026-06-01 20:05:12,768 INFO: CovBayes plan score=0.17 (predicts 0 uncovered fns)
2026-06-01 20:05:13,559 INFO: CovBayes plan score=0.17 (predicts 0 uncovered fns)
2026-06-01 20:05:14,357 INFO: CovBayes plan score=0.17 (predicts 0 uncovered fns)
2026-06-01 20:05:17,376 INFO: CovBayes plan score=0.67 (predicts 2 uncovered fns)
2026-06-01 20:05:18,607 INFO: CovBayes plan score=0.67 (predicts 2 uncovered fns)
2026-06-01 20:05:18,959 INFO: CovBayes plan score=0.67 (predicts 2 uncovered fns)
2026-06-01 20:05:19,873 INFO: CovBayes plan score=0.67 (predicts 2 uncovered fns)
2026-06-01 20:05:21,061 INFO: CovBayes plan score=0.67 (predicts 2 uncovered fns)
2026-06-01 20:05:21,975 INFO: CovBayes plan score=0.28 (predicts 0 uncovered fns)
2026-06-01 20:05:22,851 INFO: CovBayes plan score=0.67 (predicts 2 uncovered fns)
2026-06-01 20:05:23,856 INFO: CovBayes plan score=0.67 (predicts 2 uncovered fns)
2026-06-01 20:05:26,325 INFO: CovBayes plan score=0.94 (predicts 2 uncovered fns)
2026-06-01 20:05:26,597 INFO: CovBayes plan score=0.45 (predicts 1 uncovered fns)
2026-06-01 20:05:26,869 INFO: CovBayes plan score=0.45 (predicts 1 uncovered fns)
2026-06-01 20:05:27,307 INFO: CovBayes plan score=0.24 (predicts 1 uncovered fns)
2026-06-01 20:05:29,049 INFO: CovBayes plan score=0.67 (predicts 1 uncovered fns)
2026-06-01 20:05:29,237 INFO: CovBayes plan score=0.33 (predicts 9 uncovered fns)
2026-06-01 20:05:29,372 INFO: CovBayes plan score=0.67 (predicts 1 uncovered fns)
2026-06-01 20:05:29,521 INFO: CovBayes plan score=0.45 (predicts 1 uncovered fns)
2026-06-01 20:05:29,669 INFO: CovBayes plan score=0.67 (predicts 1 uncovered fns)
2026-06-01 20:05:29,963 INFO: CovBayes plan score=0.67 (predicts 1 uncovered fns)
2026-06-01 20:05:30,245 INFO: CovBayes plan score=0.67 (predicts 1 uncovered fns)
2026-06-01 20:05:30,348 INFO: CovBayes plan score=1.42 (predicts 3 uncovered fns)
2026-06-01 20:05:30,541 INFO: CovBayes plan score=0.67 (predicts 1 uncovered fns)
2026-06-01 20:05:30,625 INFO: CovBayes plan score=0.45 (predicts 1 uncovered fns)
2026-06-01 20:05:30,851 INFO: CovBayes plan score=0.67 (predicts 1 uncovered fns)
2026-06-01 20:05:30,895 INFO: CovBayes plan score=0.45 (predicts 1 uncovered fns)
2026-06-01 20:05:31,132 INFO: CovBayes plan score=0.25 (predicts 0 uncovered fns)
2026-06-01 20:05:31,135 INFO: CovBayes plan score=0.67 (predicts 1 uncovered fns)
2026-06-01 20:05:32,706 INFO: CovBayes plan score=0.24 (predicts 1 uncovered fns)
2026-06-01 20:05:34,567 INFO: CovBayes plan score=0.24 (predicts 1 uncovered fns)
2026-06-01 20:05:36,588 INFO: CovBayes plan score=0.24 (predicts 1 uncovered fns)
2026-06-01 20:05:40,272 INFO: CovBayes plan score=0.27 (predicts 1 uncovered fns)
2026-06-01 20:05:42,231 INFO: CovBayes plan score=0.24 (predicts 1 uncovered fns)
2026-06-01 20:05:44,263 INFO: CovBayes plan score=0.17 (predicts 0 uncovered fns)
2026-06-01 20:05:45,126 INFO: CovBayes plan score=0.17 (predicts 0 uncovered fns)
2026-06-01 20:05:45,606 INFO: CovBayes plan score=0.24 (predicts 1 uncovered fns)
2026-06-01 20:05:45,994 INFO: CovBayes plan score=0.17 (predicts 0 uncovered fns)
2026-06-01 20:05:46,824 INFO: CovBayes plan score=0.17 (predicts 0 uncovered fns)
2026-06-01 20:05:47,389 INFO: CovBayes plan score=0.17 (predicts 0 uncovered fns)
2026-06-01 20:05:48,198 INFO: CovBayes plan score=0.17 (predicts 0 uncovered fns)
2026-06-01 20:05:49,029 INFO: CovBayes plan score=0.17 (predicts 0 uncovered fns)
2026-06-01 20:05:51,288 INFO: CovBayes plan score=0.60 (predicts 2 uncovered fns)
2026-06-01 20:05:51,657 INFO: CovBayes plan score=0.60 (predicts 2 uncovered fns)
2026-06-01 20:05:51,996 INFO: CovBayes plan score=0.17 (predicts 0 uncovered fns)
2026-06-01 20:05:55,188 INFO: CovBayes plan score=0.43 (predicts 1 uncovered fns)
2026-06-01 20:05:55,488 INFO: CovBayes plan score=0.43 (predicts 1 uncovered fns)
2026-06-01 20:05:55,725 INFO: CovBayes plan score=0.28 (predicts 0 uncovered fns)
2026-06-01 20:05:56,045 INFO: CovBayes plan score=0.60 (predicts 2 uncovered fns)
2026-06-01 20:05:57,034 INFO: CovBayes plan score=0.60 (predicts 2 uncovered fns)
2026-06-01 20:05:57,748 INFO: CovBayes plan score=0.05 (predicts 8 uncovered fns)
2026-06-01 20:05:57,931 INFO: CovBayes plan score=0.60 (predicts 2 uncovered fns)
2026-06-01 20:05:58,310 INFO: CovBayes plan score=0.60 (predicts 2 uncovered fns)
2026-06-01 20:05:58,593 INFO: CovBayes plan score=0.60 (predicts 2 uncovered fns)
2026-06-01 20:05:58,778 INFO: CovBayes plan score=1.14 (predicts 2 uncovered fns)
2026-06-01 20:05:59,073 INFO: CovBayes plan score=1.14 (predicts 2 uncovered fns)
2026-06-01 20:05:59,356 INFO: CovBayes plan score=1.14 (predicts 2 uncovered fns)
2026-06-01 20:05:59,650 INFO: CovBayes plan score=1.14 (predicts 2 uncovered fns)
2026-06-01 20:05:59,945 INFO: CovBayes plan score=1.14 (predicts 2 uncovered fns)
2026-06-01 20:06:00,227 INFO: CovBayes plan score=1.14 (predicts 2 uncovered fns)
2026-06-01 20:06:00,507 INFO: CovBayes plan score=1.14 (predicts 2 uncovered fns)
2026-06-01 20:06:00,625 INFO: CovBayes plan score=0.00 (predicts 8 uncovered fns)
2026-06-01 20:06:00,830 INFO: CovBayes plan score=1.14 (predicts 2 uncovered fns)
2026-06-01 20:06:00,940 INFO: CovBayes plan score=0.43 (predicts 1 uncovered fns)
2026-06-01 20:06:02,990 INFO: CovBayes plan score=0.28 (predicts 0 uncovered fns)
2026-06-01 20:06:04,130 INFO: CovBayes plan score=0.00 (predicts 8 uncovered fns)
2026-06-01 20:06:04,457 INFO: CovBayes plan score=0.37 (predicts 1 uncovered fns)
2026-06-01 20:06:15,814 INFO: CovBayes plan score=0.24 (predicts 1 uncovered fns)
2026-06-01 20:06:19,601 INFO: CovBayes plan score=0.25 (predicts 0 uncovered fns)
2026-06-01 20:06:21,694 INFO: CovBayes plan score=0.26 (predicts 1 uncovered fns)
2026-06-01 20:06:23,122 INFO: CovBayes plan score=0.17 (predicts 0 uncovered fns)
2026-06-01 20:06:24,538 INFO: CovBayes plan score=0.26 (predicts 1 uncovered fns)
2026-06-01 20:06:25,451 INFO: CovBayes plan score=0.17 (predicts 0 uncovered fns)
2026-06-01 20:06:26,375 INFO: CovBayes plan score=0.17 (predicts 0 uncovered fns)
2026-06-01 20:06:26,771 INFO: CovBayes plan score=0.24 (predicts 1 uncovered fns)
2026-06-01 20:06:26,821 INFO: CovBayes plan score=0.80 (predicts 2 uncovered fns)
2026-06-01 20:06:27,183 INFO: CovBayes plan score=0.80 (predicts 2 uncovered fns)
2026-06-01 20:06:27,374 INFO: CovBayes plan score=0.17 (predicts 0 uncovered fns)
2026-06-01 20:06:27,533 INFO: CovBayes plan score=0.80 (predicts 2 uncovered fns)
2026-06-01 20:06:27,863 INFO: CovBayes plan score=0.80 (predicts 2 uncovered fns)
2026-06-01 20:06:28,174 INFO: CovBayes plan score=0.80 (predicts 2 uncovered fns)
2026-06-01 20:06:28,337 INFO: CovBayes plan score=0.17 (predicts 0 uncovered fns)
2026-06-01 20:06:28,501 INFO: CovBayes plan score=0.80 (predicts 2 uncovered fns)
2026-06-01 20:06:28,802 INFO: CovBayes plan score=0.80 (predicts 2 uncovered fns)
2026-06-01 20:06:29,103 INFO: CovBayes plan score=0.80 (predicts 2 uncovered fns)
2026-06-01 20:06:29,176 INFO: CovBayes plan score=0.24 (predicts 1 uncovered fns)
2026-06-01 20:06:29,223 INFO: CovBayes plan score=0.17 (predicts 0 uncovered fns)
2026-06-01 20:06:30,080 INFO: CovBayes plan score=0.17 (predicts 0 uncovered fns)
2026-06-01 20:06:30,942 INFO: CovBayes plan score=0.17 (predicts 0 uncovered fns)
2026-06-01 20:06:31,009 INFO: CovBayes plan score=0.56 (predicts 2 uncovered fns)
2026-06-01 20:06:31,110 INFO: CovBayes plan score=0.26 (predicts 1 uncovered fns)
2026-06-01 20:06:32,229 INFO: CovBayes plan score=0.56 (predicts 2 uncovered fns)
2026-06-01 20:06:32,415 INFO: CovBayes plan score=0.58 (predicts 2 uncovered fns)
2026-06-01 20:06:32,752 INFO: CovBayes plan score=0.35 (predicts 1 uncovered fns)
2026-06-01 20:06:34,176 INFO: CovBayes plan score=0.23 (predicts 3 uncovered fns)
2026-06-01 20:06:34,757 INFO: CovBayes plan score=0.00 (predicts 8 uncovered fns)
2026-06-01 20:06:35,067 INFO: CovBayes plan score=0.30 (predicts 1 uncovered fns)
2026-06-01 20:06:35,288 INFO: CovBayes plan score=0.56 (predicts 2 uncovered fns)
2026-06-01 20:06:35,560 INFO: CovBayes plan score=0.67 (predicts 2 uncovered fns)
2026-06-01 20:06:35,948 INFO: CovBayes plan score=0.25 (predicts 0 uncovered fns)
2026-06-01 20:06:36,023 INFO: CovBayes plan score=0.38 (predicts 2 uncovered fns)
2026-06-01 20:06:36,316 INFO: CovBayes plan score=0.59 (predicts 1 uncovered fns)
2026-06-01 20:06:36,589 INFO: CovBayes plan score=0.56 (predicts 2 uncovered fns)
2026-06-01 20:06:37,522 INFO: CovBayes plan score=0.56 (predicts 2 uncovered fns)
2026-06-01 20:06:38,059 INFO: CovBayes plan score=0.00 (predicts 8 uncovered fns)
2026-06-01 20:06:38,706 INFO: CovBayes plan score=0.56 (predicts 2 uncovered fns)
2026-06-01 20:06:39,174 INFO: CovBayes plan score=1.95 (predicts 3 uncovered fns)
2026-06-01 20:06:39,380 INFO: CovBayes plan score=1.53 (predicts 4 uncovered fns)
2026-06-01 20:06:39,646 INFO: CovBayes plan score=1.46 (predicts 2 uncovered fns)
2026-06-01 20:06:40,338 INFO: CovBayes plan score=1.46 (predicts 2 uncovered fns)
2026-06-01 20:06:40,625 INFO: CovBayes plan score=0.98 (predicts 1 uncovered fns)
2026-06-01 20:06:41,128 INFO: CovBayes plan score=1.46 (predicts 2 uncovered fns)
  [19/93] flask.helpers seed=42: {'divhints_random': 9, 'divhints_oracle': 10, 'cov_bayes': 9}
2026-06-01 20:06:42,065 INFO: CovBayes plan score=1.95 (predicts 3 uncovered fns)
2026-06-01 20:06:42,608 INFO: CovBayes plan score=1.46 (predicts 2 uncovered fns)
2026-06-01 20:06:43,953 INFO: CovBayes plan score=0.92 (predicts 5 uncovered fns)
2026-06-01 20:06:55,879 INFO: CovBayes plan score=0.64 (predicts 2 uncovered fns)
2026-06-01 20:06:56,293 INFO: CovBayes plan score=0.64 (predicts 2 uncovered fns)
2026-06-01 20:06:56,691 INFO: CovBayes plan score=0.64 (predicts 2 uncovered fns)
2026-06-01 20:06:57,075 INFO: CovBayes plan score=0.64 (predicts 2 uncovered fns)
2026-06-01 20:06:57,443 INFO: CovBayes plan score=0.64 (predicts 2 uncovered fns)
2026-06-01 20:06:57,809 INFO: CovBayes plan score=0.64 (predicts 2 uncovered fns)
2026-06-01 20:06:58,174 INFO: CovBayes plan score=0.64 (predicts 2 uncovered fns)
2026-06-01 20:06:58,539 INFO: CovBayes plan score=0.64 (predicts 2 uncovered fns)
2026-06-01 20:07:07,408 INFO: CovBayes plan score=0.54 (predicts 2 uncovered fns)
2026-06-01 20:07:08,225 INFO: CovBayes plan score=0.51 (predicts 2 uncovered fns)
2026-06-01 20:07:08,593 INFO: CovBayes plan score=0.91 (predicts 2 uncovered fns)
2026-06-01 20:07:09,531 INFO: CovBayes plan score=0.51 (predicts 2 uncovered fns)
2026-06-01 20:07:09,824 INFO: CovBayes plan score=0.00 (predicts 8 uncovered fns)
2026-06-01 20:07:10,217 INFO: CovBayes plan score=0.27 (predicts 0 uncovered fns)
2026-06-01 20:07:11,153 INFO: CovBayes plan score=0.51 (predicts 2 uncovered fns)
2026-06-01 20:07:12,115 INFO: CovBayes plan score=0.00 (predicts 8 uncovered fns)
2026-06-01 20:07:14,274 INFO: CovBayes plan score=0.00 (predicts 8 uncovered fns)
2026-06-01 20:07:14,484 INFO: CovBayes plan score=0.25 (predicts 0 uncovered fns)
2026-06-01 20:07:14,919 INFO: CovBayes plan score=0.27 (predicts 0 uncovered fns)
2026-06-01 20:07:15,288 INFO: CovBayes plan score=0.27 (predicts 0 uncovered fns)
2026-06-01 20:07:16,107 INFO: CovBayes plan score=0.91 (predicts 1 uncovered fns)
2026-06-01 20:07:16,247 INFO: CovBayes plan score=0.26 (predicts 1 uncovered fns)
2026-06-01 20:07:16,561 INFO: CovBayes plan score=0.26 (predicts 1 uncovered fns)
2026-06-01 20:07:16,583 INFO: CovBayes plan score=0.00 (predicts 8 uncovered fns)
2026-06-01 20:07:18,200 INFO: CovBayes plan score=0.24 (predicts 1 uncovered fns)
2026-06-01 20:07:18,502 INFO: CovBayes plan score=0.26 (predicts 1 uncovered fns)
2026-06-01 20:07:18,579 INFO: CovBayes plan score=0.44 (predicts 2 uncovered fns)
2026-06-01 20:07:18,674 INFO: CovBayes plan score=0.00 (predicts 8 uncovered fns)
2026-06-01 20:07:20,139 INFO: CovBayes plan score=0.22 (predicts 3 uncovered fns)
2026-06-01 20:07:20,609 INFO: CovBayes plan score=0.00 (predicts 8 uncovered fns)
2026-06-01 20:07:20,782 INFO: CovBayes plan score=0.54 (predicts 2 uncovered fns)
2026-06-01 20:07:21,050 INFO: CovBayes plan score=0.54 (predicts 2 uncovered fns)
2026-06-01 20:07:21,306 INFO: CovBayes plan score=0.54 (predicts 2 uncovered fns)
2026-06-01 20:07:21,562 INFO: CovBayes plan score=0.54 (predicts 2 uncovered fns)
2026-06-01 20:07:22,049 INFO: CovBayes plan score=0.54 (predicts 2 uncovered fns)
2026-06-01 20:07:22,292 INFO: CovBayes plan score=0.54 (predicts 2 uncovered fns)
2026-06-01 20:07:22,537 INFO: CovBayes plan score=0.54 (predicts 2 uncovered fns)
2026-06-01 20:07:22,556 INFO: CovBayes plan score=0.00 (predicts 8 uncovered fns)
2026-06-01 20:07:22,778 INFO: CovBayes plan score=0.54 (predicts 2 uncovered fns)
2026-06-01 20:07:24,224 INFO: CovBayes plan score=0.25 (predicts 0 uncovered fns)
2026-06-01 20:07:24,805 INFO: CovBayes plan score=0.00 (predicts 28 uncovered fns)
2026-06-01 20:07:26,760 INFO: CovBayes plan score=0.36 (predicts 1 uncovered fns)
2026-06-01 20:07:30,222 INFO: CovBayes plan score=0.00 (predicts 28 uncovered fns)
2026-06-01 20:07:31,526 INFO: CovBayes plan score=0.26 (predicts 1 uncovered fns)
  [20/93] flask.ctx seed=42: {'divhints_random': 59, 'divhints_oracle': 60, 'cov_bayes': 59}
2026-06-01 20:07:37,353 INFO: CovBayes plan score=0.00 (predicts 28 uncovered fns)
2026-06-01 20:07:45,917 INFO: CovBayes plan score=0.00 (predicts 28 uncovered fns)
2026-06-01 20:07:46,584 INFO: CovBayes plan score=4.78 (predicts 9 uncovered fns)
2026-06-01 20:07:48,010 INFO: CovBayes plan score=0.45 (predicts 2 uncovered fns)
2026-06-01 20:07:48,380 INFO: CovBayes plan score=0.26 (predicts 1 uncovered fns)
2026-06-01 20:07:50,600 INFO: CovBayes plan score=0.47 (predicts 2 uncovered fns)
2026-06-01 20:07:50,696 INFO: CovBayes plan score=0.00 (predicts 8 uncovered fns)
2026-06-01 20:07:50,915 INFO: CovBayes plan score=0.47 (predicts 2 uncovered fns)
2026-06-01 20:07:51,212 INFO: CovBayes plan score=0.47 (predicts 2 uncovered fns)
2026-06-01 20:07:51,255 INFO: CovBayes plan score=0.45 (predicts 2 uncovered fns)
2026-06-01 20:07:51,523 INFO: CovBayes plan score=0.47 (predicts 2 uncovered fns)
2026-06-01 20:07:51,804 INFO: CovBayes plan score=0.47 (predicts 2 uncovered fns)
2026-06-01 20:07:52,066 INFO: CovBayes plan score=0.47 (predicts 2 uncovered fns)
2026-06-01 20:07:54,177 INFO: CovBayes plan score=0.00 (predicts 8 uncovered fns)
2026-06-01 20:07:54,646 INFO: CovBayes plan score=0.45 (predicts 2 uncovered fns)
2026-06-01 20:07:55,387 INFO: CovBayes plan score=0.15 (predicts 0 uncovered fns)
2026-06-01 20:07:55,652 INFO: CovBayes plan score=0.47 (predicts 2 uncovered fns)
2026-06-01 20:07:55,828 INFO: CovBayes plan score=0.00 (predicts 28 uncovered fns)
2026-06-01 20:07:56,475 INFO: CovBayes plan score=0.00 (predicts 8 uncovered fns)
2026-06-01 20:07:58,145 INFO: CovBayes plan score=0.00 (predicts 8 uncovered fns)
2026-06-01 20:08:00,097 INFO: CovBayes plan score=0.24 (predicts 0 uncovered fns)
2026-06-01 20:08:01,449 INFO: CovBayes plan score=0.24 (predicts 1 uncovered fns)
2026-06-01 20:08:02,735 INFO: CovBayes plan score=0.24 (predicts 1 uncovered fns)
2026-06-01 20:08:03,756 INFO: CovBayes plan score=0.24 (predicts 1 uncovered fns)
2026-06-01 20:08:05,869 INFO: CovBayes plan score=0.24 (predicts 1 uncovered fns)
2026-06-01 20:08:07,403 INFO: CovBayes plan score=0.24 (predicts 1 uncovered fns)
2026-06-01 20:08:12,084 INFO: CovBayes plan score=0.28 (predicts 1 uncovered fns)
2026-06-01 20:08:14,521 INFO: CovBayes plan score=0.24 (predicts 1 uncovered fns)
2026-06-01 20:08:23,946 INFO: CovBayes plan score=0.42 (predicts 2 uncovered fns)
2026-06-01 20:08:24,187 INFO: CovBayes plan score=0.42 (predicts 2 uncovered fns)
2026-06-01 20:08:24,422 INFO: CovBayes plan score=0.42 (predicts 2 uncovered fns)
2026-06-01 20:08:24,673 INFO: CovBayes plan score=0.42 (predicts 2 uncovered fns)
2026-06-01 20:08:25,047 INFO: CovBayes plan score=0.42 (predicts 2 uncovered fns)
2026-06-01 20:08:25,328 INFO: CovBayes plan score=0.42 (predicts 2 uncovered fns)
2026-06-01 20:08:25,590 INFO: CovBayes plan score=0.42 (predicts 2 uncovered fns)
2026-06-01 20:08:25,849 INFO: CovBayes plan score=0.42 (predicts 2 uncovered fns)
2026-06-01 20:08:27,008 INFO: CovBayes plan score=0.17 (predicts 8 uncovered fns)
2026-06-01 20:08:28,902 INFO: CovBayes plan score=0.00 (predicts 8 uncovered fns)
2026-06-01 20:08:29,147 INFO: CovBayes plan score=0.26 (predicts 1 uncovered fns)
2026-06-01 20:08:30,983 INFO: CovBayes plan score=0.00 (predicts 8 uncovered fns)
2026-06-01 20:08:32,975 INFO: CovBayes plan score=0.00 (predicts 8 uncovered fns)
2026-06-01 20:08:34,688 INFO: CovBayes plan score=0.37 (predicts 0 uncovered fns)
2026-06-01 20:08:34,980 INFO: CovBayes plan score=0.85 (predicts 1 uncovered fns)
2026-06-01 20:08:35,140 INFO: CovBayes plan score=0.00 (predicts 8 uncovered fns)
2026-06-01 20:08:35,565 INFO: CovBayes plan score=0.42 (predicts 1 uncovered fns)
2026-06-01 20:08:35,722 INFO: CovBayes plan score=6.83 (predicts 16 uncovered fns)
2026-06-01 20:08:36,046 INFO: CovBayes plan score=0.85 (predicts 1 uncovered fns)
2026-06-01 20:08:38,358 INFO: CovBayes plan score=0.00 (predicts 8 uncovered fns)
2026-06-01 20:08:42,598 INFO: CovBayes plan score=0.37 (predicts 0 uncovered fns)
2026-06-01 20:08:43,476 INFO: CovBayes plan score=6.83 (predicts 16 uncovered fns)
2026-06-01 20:08:44,876 INFO: CovBayes plan score=0.27 (predicts 1 uncovered fns)
2026-06-01 20:08:46,117 INFO: CovBayes plan score=0.35 (predicts 1 uncovered fns)
2026-06-01 20:08:46,945 INFO: CovBayes plan score=0.25 (predicts 1 uncovered fns)
2026-06-01 20:08:48,893 INFO: CovBayes plan score=0.24 (predicts 1 uncovered fns)
2026-06-01 20:08:54,208 INFO: CovBayes plan score=0.75 (predicts 1 uncovered fns)
2026-06-01 20:08:54,933 INFO: CovBayes plan score=0.39 (predicts 2 uncovered fns)
2026-06-01 20:08:55,233 INFO: CovBayes plan score=0.39 (predicts 2 uncovered fns)
2026-06-01 20:08:55,521 INFO: CovBayes plan score=0.39 (predicts 2 uncovered fns)
2026-06-01 20:08:55,807 INFO: CovBayes plan score=0.39 (predicts 2 uncovered fns)
2026-06-01 20:08:56,027 INFO: CovBayes plan score=0.25 (predicts 1 uncovered fns)
2026-06-01 20:08:56,123 INFO: CovBayes plan score=0.39 (predicts 2 uncovered fns)
2026-06-01 20:08:56,402 INFO: CovBayes plan score=0.39 (predicts 2 uncovered fns)
2026-06-01 20:08:56,678 INFO: CovBayes plan score=0.39 (predicts 2 uncovered fns)
2026-06-01 20:08:56,948 INFO: CovBayes plan score=0.39 (predicts 2 uncovered fns)
2026-06-01 20:09:00,449 INFO: CovBayes plan score=0.23 (predicts 1 uncovered fns)
2026-06-01 20:09:00,868 INFO: CovBayes plan score=0.72 (predicts 2 uncovered fns)
2026-06-01 20:09:02,668 INFO: CovBayes plan score=0.24 (predicts 0 uncovered fns)
2026-06-01 20:09:02,843 INFO: CovBayes plan score=0.00 (predicts 8 uncovered fns)
2026-06-01 20:09:05,094 INFO: CovBayes plan score=0.00 (predicts 8 uncovered fns)
2026-06-01 20:09:05,934 INFO: CovBayes plan score=0.24 (predicts 0 uncovered fns)
  [21/93] flask.testing seed=42: {'divhints_random': 9, 'divhints_oracle': 9, 'cov_bayes': 8}
2026-06-01 20:09:07,604 INFO: CovBayes plan score=0.02 (predicts 8 uncovered fns)
2026-06-01 20:09:10,086 INFO: CovBayes plan score=0.08 (predicts 8 uncovered fns)
2026-06-01 20:09:10,460 INFO: CovBayes plan score=0.28 (predicts 1 uncovered fns)
2026-06-01 20:09:12,889 INFO: CovBayes plan score=0.27 (predicts 1 uncovered fns)
2026-06-01 20:09:12,943 INFO: CovBayes plan score=0.00 (predicts 8 uncovered fns)
2026-06-01 20:09:14,757 INFO: CovBayes plan score=0.24 (predicts 1 uncovered fns)
  [22/93] flask.config seed=42: {'divhints_random': 31, 'divhints_oracle': 36, 'cov_bayes': 31}
2026-06-01 20:09:25,190 INFO: CovBayes plan score=0.29 (predicts 1 uncovered fns)
2026-06-01 20:09:25,457 INFO: CovBayes plan score=0.79 (predicts 1 uncovered fns)
  [23/93] flask.sessions seed=42: {'divhints_random': 4, 'divhints_oracle': 4, 'cov_bayes': 4}
2026-06-01 20:09:29,123 INFO: CovBayes plan score=0.31 (predicts 0 uncovered fns)
2026-06-01 20:09:29,412 INFO: CovBayes plan score=0.79 (predicts 1 uncovered fns)
2026-06-01 20:09:31,293 INFO: CovBayes plan score=0.29 (predicts 1 uncovered fns)
2026-06-01 20:09:41,776 INFO: CovBayes plan score=0.00 (predicts 27 uncovered fns)
2026-06-01 20:09:43,933 INFO: CovBayes plan score=0.29 (predicts 1 uncovered fns)
2026-06-01 20:09:44,261 INFO: CovBayes plan score=0.79 (predicts 1 uncovered fns)
2026-06-01 20:10:16,311 INFO: CovBayes plan score=0.29 (predicts 1 uncovered fns)
2026-06-01 20:10:17,153 INFO: CovBayes plan score=7.74 (predicts 22 uncovered fns)
2026-06-01 20:10:17,972 INFO: CovBayes plan score=7.74 (predicts 22 uncovered fns)
2026-06-01 20:10:23,875 INFO: CovBayes plan score=0.00 (predicts 27 uncovered fns)
2026-06-01 20:10:24,330 INFO: CovBayes plan score=4.83 (predicts 16 uncovered fns)
2026-06-01 20:10:25,792 INFO: CovBayes plan score=0.29 (predicts 1 uncovered fns)
2026-06-01 20:10:26,391 INFO: CovBayes plan score=7.74 (predicts 22 uncovered fns)
2026-06-01 20:10:29,416 INFO: CovBayes plan score=0.30 (predicts 0 uncovered fns)
2026-06-01 20:11:03,825 INFO: CovBayes plan score=0.24 (predicts 0 uncovered fns)
2026-06-01 20:11:09,469 INFO: CovBayes plan score=0.24 (predicts 0 uncovered fns)
2026-06-01 20:11:13,731 INFO: CovBayes plan score=1.79 (predicts 8 uncovered fns)
2026-06-01 20:11:17,980 INFO: CovBayes plan score=0.24 (predicts 0 uncovered fns)
2026-06-01 20:11:20,610 INFO: CovBayes plan score=0.24 (predicts 0 uncovered fns)
2026-06-01 20:11:22,652 INFO: CovBayes plan score=0.23 (predicts 1 uncovered fns)
2026-06-01 20:11:23,972 INFO: CovBayes plan score=0.23 (predicts 1 uncovered fns)
2026-06-01 20:11:28,523 INFO: CovBayes plan score=0.39 (predicts 1 uncovered fns)
2026-06-01 20:11:55,846 INFO: CovBayes plan score=3.46 (predicts 16 uncovered fns)
2026-06-01 20:11:56,064 INFO: CovBayes plan score=0.55 (predicts 1 uncovered fns)
2026-06-01 20:11:58,492 INFO: CovBayes plan score=0.22 (predicts 1 uncovered fns)
2026-06-01 20:11:59,078 INFO: CovBayes plan score=3.46 (predicts 14 uncovered fns)
2026-06-01 20:11:59,443 INFO: CovBayes plan score=0.55 (predicts 1 uncovered fns)
2026-06-01 20:12:08,937 INFO: CovBayes plan score=0.00 (predicts 27 uncovered fns)
2026-06-01 20:12:11,710 INFO: CovBayes plan score=0.22 (predicts 1 uncovered fns)
2026-06-01 20:12:11,974 INFO: CovBayes plan score=0.55 (predicts 1 uncovered fns)
2026-06-01 20:12:51,916 INFO: CovBayes plan score=0.21 (predicts 0 uncovered fns)
2026-06-01 20:12:54,600 INFO: CovBayes plan score=0.21 (predicts 0 uncovered fns)
2026-06-01 20:12:54,826 INFO: CovBayes plan score=0.53 (predicts 1 uncovered fns)
2026-06-01 20:12:55,044 INFO: CovBayes plan score=0.47 (predicts 1 uncovered fns)
2026-06-01 20:12:56,461 INFO: CovBayes plan score=0.21 (predicts 0 uncovered fns)
2026-06-01 20:13:01,343 INFO: CovBayes plan score=1.32 (predicts 8 uncovered fns)
2026-06-01 20:13:05,846 INFO: CovBayes plan score=0.21 (predicts 0 uncovered fns)
2026-06-01 20:13:14,241 INFO: CovBayes plan score=0.21 (predicts 0 uncovered fns)
  [24/93] flask.json.tag seed=42: {'divhints_random': 6, 'divhints_oracle': 25, 'cov_bayes': 6}
2026-06-01 20:21:53,169 INFO: CovBayes plan score=1.00 (predicts 14 uncovered fns)
2026-06-01 20:21:54,377 INFO: CovBayes plan score=2.64 (predicts 5 uncovered fns)
2026-06-01 20:21:55,022 INFO: CovBayes plan score=1.66 (predicts 3 uncovered fns)
2026-06-01 20:21:55,911 INFO: CovBayes plan score=2.15 (predicts 4 uncovered fns)
2026-06-01 20:21:57,079 INFO: CovBayes plan score=2.64 (predicts 5 uncovered fns)
2026-06-01 20:21:58,018 INFO: CovBayes plan score=2.15 (predicts 4 uncovered fns)
2026-06-01 20:21:59,174 INFO: CovBayes plan score=2.64 (predicts 5 uncovered fns)
2026-06-01 20:22:00,331 INFO: CovBayes plan score=2.64 (predicts 5 uncovered fns)
2026-06-01 20:22:31,803 INFO: CovBayes plan score=0.12 (predicts 0 uncovered fns)
2026-06-01 20:22:32,142 INFO: CovBayes plan score=0.12 (predicts 0 uncovered fns)
2026-06-01 20:22:33,653 INFO: CovBayes plan score=0.00 (predicts 8 uncovered fns)
2026-06-01 20:22:34,975 INFO: CovBayes plan score=0.12 (predicts 0 uncovered fns)
2026-06-01 20:22:35,306 INFO: CovBayes plan score=0.12 (predicts 0 uncovered fns)
2026-06-01 20:22:35,665 INFO: CovBayes plan score=0.12 (predicts 0 uncovered fns)
2026-06-01 20:22:35,997 INFO: CovBayes plan score=0.12 (predicts 0 uncovered fns)
2026-06-01 20:22:40,512 INFO: CovBayes plan score=0.00 (predicts 8 uncovered fns)
2026-06-01 20:23:11,031 INFO: CovBayes plan score=0.10 (predicts 0 uncovered fns)
2026-06-01 20:23:12,481 INFO: CovBayes plan score=0.00 (predicts 7 uncovered fns)
2026-06-01 20:23:14,028 INFO: CovBayes plan score=0.00 (predicts 7 uncovered fns)
2026-06-01 20:23:14,421 INFO: CovBayes plan score=0.10 (predicts 0 uncovered fns)
2026-06-01 20:23:15,595 INFO: CovBayes plan score=0.10 (predicts 0 uncovered fns)
2026-06-01 20:23:15,972 INFO: CovBayes plan score=0.10 (predicts 0 uncovered fns)
2026-06-01 20:23:17,580 INFO: CovBayes plan score=0.00 (predicts 7 uncovered fns)
2026-06-01 20:23:17,975 INFO: CovBayes plan score=0.10 (predicts 0 uncovered fns)
2026-06-01 20:23:22,052 INFO: CovBayes plan score=1.13 (predicts 2 uncovered fns)
2026-06-01 20:23:22,901 INFO: CovBayes plan score=1.60 (predicts 4 uncovered fns)
2026-06-01 20:23:23,554 INFO: CovBayes plan score=1.62 (predicts 3 uncovered fns)
2026-06-01 20:23:24,012 INFO: CovBayes plan score=1.13 (predicts 2 uncovered fns)
2026-06-01 20:23:24,814 INFO: CovBayes plan score=2.11 (predicts 4 uncovered fns)
2026-06-01 20:23:25,248 INFO: CovBayes plan score=1.13 (predicts 2 uncovered fns)
2026-06-01 20:23:25,848 INFO: CovBayes plan score=1.62 (predicts 3 uncovered fns)
2026-06-01 20:23:26,457 INFO: CovBayes plan score=1.62 (predicts 3 uncovered fns)
2026-06-01 20:23:51,434 INFO: CovBayes plan score=0.00 (predicts 7 uncovered fns)
2026-06-01 20:23:53,203 INFO: CovBayes plan score=0.00 (predicts 7 uncovered fns)
2026-06-01 20:23:54,376 INFO: CovBayes plan score=0.10 (predicts 0 uncovered fns)
2026-06-01 20:23:55,934 INFO: CovBayes plan score=0.00 (predicts 7 uncovered fns)
2026-06-01 20:23:56,054 INFO: CovBayes plan score=0.00 (predicts 5 uncovered fns)
2026-06-01 20:23:56,325 INFO: CovBayes plan score=0.56 (predicts 1 uncovered fns)
2026-06-01 20:23:56,327 INFO: CovBayes plan score=0.10 (predicts 0 uncovered fns)
2026-06-01 20:23:57,158 INFO: CovBayes plan score=0.10 (predicts 0 uncovered fns)
2026-06-01 20:23:57,492 INFO: CovBayes plan score=0.10 (predicts 0 uncovered fns)
2026-06-01 20:23:58,929 INFO: CovBayes plan score=0.00 (predicts 7 uncovered fns)
2026-06-01 20:24:00,549 INFO: CovBayes plan score=0.07 (predicts 0 uncovered fns)
2026-06-01 20:24:03,120 INFO: CovBayes plan score=0.07 (predicts 0 uncovered fns)
2026-06-01 20:24:06,753 INFO: CovBayes plan score=0.07 (predicts 0 uncovered fns)
2026-06-01 20:24:07,629 INFO: CovBayes plan score=0.00 (predicts 5 uncovered fns)
2026-06-01 20:24:10,483 INFO: CovBayes plan score=0.07 (predicts 0 uncovered fns)
2026-06-01 20:24:14,711 INFO: CovBayes plan score=0.07 (predicts 0 uncovered fns)
2026-06-01 20:24:30,720 INFO: CovBayes plan score=0.10 (predicts 0 uncovered fns)
2026-06-01 20:24:31,336 INFO: CovBayes plan score=0.10 (predicts 0 uncovered fns)
2026-06-01 20:24:32,773 INFO: CovBayes plan score=0.00 (predicts 7 uncovered fns)
2026-06-01 20:24:33,100 INFO: CovBayes plan score=0.10 (predicts 0 uncovered fns)
2026-06-01 20:24:33,448 INFO: CovBayes plan score=0.10 (predicts 0 uncovered fns)
2026-06-01 20:24:34,878 INFO: CovBayes plan score=0.00 (predicts 7 uncovered fns)
2026-06-01 20:24:35,727 INFO: CovBayes plan score=0.10 (predicts 0 uncovered fns)
2026-06-01 20:24:36,907 INFO: CovBayes plan score=0.10 (predicts 0 uncovered fns)
2026-06-01 20:24:44,303 INFO: CovBayes plan score=0.07 (predicts 0 uncovered fns)
2026-06-01 20:24:47,035 INFO: CovBayes plan score=0.07 (predicts 0 uncovered fns)
2026-06-01 20:24:51,667 INFO: CovBayes plan score=0.07 (predicts 0 uncovered fns)
2026-06-01 20:24:55,401 INFO: CovBayes plan score=0.07 (predicts 0 uncovered fns)
2026-06-01 20:24:57,299 INFO: CovBayes plan score=0.07 (predicts 0 uncovered fns)
2026-06-01 20:25:03,237 INFO: CovBayes plan score=0.10 (predicts 1 uncovered fns)
2026-06-01 20:25:04,178 INFO: CovBayes plan score=0.00 (predicts 5 uncovered fns)
2026-06-01 20:25:05,719 INFO: CovBayes plan score=0.00 (predicts 7 uncovered fns)
2026-06-01 20:25:06,408 INFO: CovBayes plan score=0.10 (predicts 0 uncovered fns)
2026-06-01 20:25:06,713 INFO: CovBayes plan score=0.10 (predicts 0 uncovered fns)
2026-06-01 20:25:07,255 INFO: CovBayes plan score=0.07 (predicts 0 uncovered fns)
2026-06-01 20:25:07,960 INFO: CovBayes plan score=0.00 (predicts 7 uncovered fns)
2026-06-01 20:25:09,164 INFO: CovBayes plan score=0.00 (predicts 7 uncovered fns)
2026-06-01 20:25:09,827 INFO: CovBayes plan score=0.10 (predicts 0 uncovered fns)
2026-06-01 20:25:11,032 INFO: CovBayes plan score=0.00 (predicts 7 uncovered fns)
2026-06-01 20:25:11,664 INFO: CovBayes plan score=0.10 (predicts 0 uncovered fns)
2026-06-01 20:25:38,190 INFO: CovBayes plan score=0.07 (predicts 0 uncovered fns)
2026-06-01 20:25:39,161 INFO: CovBayes plan score=0.00 (predicts 5 uncovered fns)
2026-06-01 20:25:40,102 INFO: CovBayes plan score=0.00 (predicts 5 uncovered fns)
2026-06-01 20:25:41,546 INFO: CovBayes plan score=0.00 (predicts 7 uncovered fns)
2026-06-01 20:25:41,835 INFO: CovBayes plan score=0.10 (predicts 0 uncovered fns)
2026-06-01 20:25:42,153 INFO: CovBayes plan score=0.10 (predicts 0 uncovered fns)
2026-06-01 20:25:42,844 INFO: CovBayes plan score=0.07 (predicts 0 uncovered fns)
2026-06-01 20:25:43,633 INFO: CovBayes plan score=0.00 (predicts 7 uncovered fns)
2026-06-01 20:25:43,982 INFO: CovBayes plan score=0.10 (predicts 0 uncovered fns)
2026-06-01 20:25:44,036 INFO: CovBayes plan score=0.00 (predicts 5 uncovered fns)
2026-06-01 20:25:44,927 INFO: CovBayes plan score=0.10 (predicts 0 uncovered fns)
2026-06-01 20:25:45,291 INFO: CovBayes plan score=0.10 (predicts 0 uncovered fns)
2026-06-01 20:25:45,478 INFO: CovBayes plan score=0.00 (predicts 5 uncovered fns)
2026-06-01 20:25:45,670 INFO: CovBayes plan score=0.10 (predicts 0 uncovered fns)
2026-06-01 20:25:46,646 INFO: CovBayes plan score=0.00 (predicts 5 uncovered fns)
2026-06-01 20:25:53,037 INFO: CovBayes plan score=0.00 (predicts 5 uncovered fns)
2026-06-01 20:26:13,419 INFO: CovBayes plan score=0.00 (predicts 7 uncovered fns)
2026-06-01 20:26:13,741 INFO: CovBayes plan score=0.10 (predicts 0 uncovered fns)
2026-06-01 20:26:14,717 INFO: CovBayes plan score=0.10 (predicts 0 uncovered fns)
2026-06-01 20:26:15,025 INFO: CovBayes plan score=0.10 (predicts 0 uncovered fns)
2026-06-01 20:26:16,307 INFO: CovBayes plan score=0.00 (predicts 7 uncovered fns)
2026-06-01 20:26:17,589 INFO: CovBayes plan score=0.00 (predicts 7 uncovered fns)
2026-06-01 20:26:17,890 INFO: CovBayes plan score=0.10 (predicts 0 uncovered fns)
2026-06-01 20:26:18,179 INFO: CovBayes plan score=0.00 (predicts 5 uncovered fns)
2026-06-01 20:26:19,098 INFO: CovBayes plan score=0.00 (predicts 5 uncovered fns)
2026-06-01 20:26:19,190 INFO: CovBayes plan score=0.00 (predicts 7 uncovered fns)
2026-06-01 20:26:24,466 INFO: CovBayes plan score=0.07 (predicts 0 uncovered fns)
2026-06-01 20:26:27,500 INFO: CovBayes plan score=0.07 (predicts 0 uncovered fns)
2026-06-01 20:26:30,543 INFO: CovBayes plan score=0.07 (predicts 0 uncovered fns)
2026-06-01 20:26:31,420 INFO: CovBayes plan score=0.00 (predicts 5 uncovered fns)
  [25/93] flask.templating seed=42: {'divhints_random': 49, 'divhints_oracle': 50, 'cov_bayes': 47}
2026-06-01 20:26:32,504 INFO: CovBayes plan score=0.00 (predicts 5 uncovered fns)
2026-06-01 20:26:33,532 INFO: CovBayes plan score=0.00 (predicts 5 uncovered fns)
2026-06-01 20:26:57,911 INFO: CovBayes plan score=0.00 (predicts 5 uncovered fns)
2026-06-01 20:26:58,116 INFO: CovBayes plan score=0.39 (predicts 1 uncovered fns)
2026-06-01 20:27:01,362 INFO: CovBayes plan score=0.07 (predicts 0 uncovered fns)
2026-06-01 20:27:06,291 INFO: CovBayes plan score=0.07 (predicts 0 uncovered fns)
2026-06-01 20:27:12,001 INFO: CovBayes plan score=0.07 (predicts 0 uncovered fns)
2026-06-01 20:27:13,029 INFO: CovBayes plan score=0.00 (predicts 5 uncovered fns)
2026-06-01 20:27:13,983 INFO: CovBayes plan score=0.00 (predicts 5 uncovered fns)
2026-06-01 20:27:17,124 INFO: CovBayes plan score=0.07 (predicts 0 uncovered fns)
2026-06-01 20:27:45,536 INFO: CovBayes plan score=0.00 (predicts 5 uncovered fns)
2026-06-01 20:27:48,170 INFO: CovBayes plan score=0.06 (predicts 0 uncovered fns)
2026-06-01 20:27:54,513 INFO: CovBayes plan score=0.00 (predicts 5 uncovered fns)
2026-06-01 20:28:02,550 INFO: CovBayes plan score=0.29 (predicts 1 uncovered fns)
2026-06-01 20:28:05,280 INFO: CovBayes plan score=0.06 (predicts 0 uncovered fns)
2026-06-01 20:28:06,683 INFO: CovBayes plan score=0.00 (predicts 5 uncovered fns)
2026-06-01 20:28:10,861 INFO: CovBayes plan score=2.56 (predicts 2 uncovered fns)
2026-06-01 20:28:11,302 INFO: CovBayes plan score=2.56 (predicts 2 uncovered fns)
2026-06-01 20:28:13,635 INFO: CovBayes plan score=0.06 (predicts 0 uncovered fns)
2026-06-01 20:28:19,123 INFO: CovBayes plan score=1.96 (predicts 39 uncovered fns)
2026-06-01 20:28:20,134 INFO: CovBayes plan score=0.06 (predicts 0 uncovered fns)
2026-06-01 20:28:26,876 INFO: CovBayes plan score=2.46 (predicts 39 uncovered fns)
2026-06-01 20:28:34,169 INFO: CovBayes plan score=2.46 (predicts 39 uncovered fns)
2026-06-01 20:28:36,968 INFO: CovBayes plan score=7.35 (predicts 13 uncovered fns)
2026-06-01 20:28:37,417 INFO: CovBayes plan score=2.56 (predicts 2 uncovered fns)
2026-06-01 20:28:38,690 INFO: CovBayes plan score=1.59 (predicts 0 uncovered fns)
2026-06-01 20:28:48,117 INFO: CovBayes plan score=0.00 (predicts 5 uncovered fns)
2026-06-01 20:28:52,595 INFO: CovBayes plan score=0.06 (predicts 0 uncovered fns)
2026-06-01 20:28:56,788 INFO: CovBayes plan score=1.42 (predicts 0 uncovered fns)
2026-06-01 20:28:57,670 INFO: CovBayes plan score=0.06 (predicts 0 uncovered fns)
2026-06-01 20:28:58,857 INFO: CovBayes plan score=0.00 (predicts 5 uncovered fns)
2026-06-01 20:29:00,438 INFO: CovBayes plan score=1.42 (predicts 0 uncovered fns)
2026-06-01 20:29:03,715 INFO: CovBayes plan score=0.06 (predicts 0 uncovered fns)
2026-06-01 20:29:04,955 INFO: CovBayes plan score=0.00 (predicts 5 uncovered fns)
2026-06-01 20:29:06,195 INFO: CovBayes plan score=0.00 (predicts 5 uncovered fns)
2026-06-01 20:29:07,258 INFO: CovBayes plan score=1.42 (predicts 0 uncovered fns)
2026-06-01 20:29:07,816 INFO: CovBayes plan score=5.74 (predicts 10 uncovered fns)
2026-06-01 20:29:09,218 INFO: CovBayes plan score=5.22 (predicts 9 uncovered fns)
2026-06-01 20:29:10,812 INFO: CovBayes plan score=0.82 (predicts 2 uncovered fns)
2026-06-01 20:29:10,982 INFO: CovBayes plan score=1.42 (predicts 0 uncovered fns)
2026-06-01 20:29:11,094 INFO: CovBayes plan score=0.83 (predicts 1 uncovered fns)
2026-06-01 20:29:11,332 INFO: CovBayes plan score=0.83 (predicts 1 uncovered fns)
2026-06-01 20:29:11,569 INFO: CovBayes plan score=0.83 (predicts 1 uncovered fns)
2026-06-01 20:29:11,570 INFO: CovBayes plan score=0.06 (predicts 0 uncovered fns)
2026-06-01 20:29:11,818 INFO: CovBayes plan score=0.83 (predicts 1 uncovered fns)
2026-06-01 20:29:12,067 INFO: CovBayes plan score=0.83 (predicts 1 uncovered fns)
2026-06-01 20:29:12,303 INFO: CovBayes plan score=0.83 (predicts 1 uncovered fns)
2026-06-01 20:29:12,551 INFO: CovBayes plan score=0.83 (predicts 1 uncovered fns)
2026-06-01 20:29:13,568 INFO: CovBayes plan score=6.70 (predicts 14 uncovered fns)
2026-06-01 20:29:14,636 INFO: CovBayes plan score=1.42 (predicts 0 uncovered fns)
2026-06-01 20:29:15,599 INFO: CovBayes plan score=4.93 (predicts 8 uncovered fns)
2026-06-01 20:29:17,174 INFO: CovBayes plan score=6.55 (predicts 12 uncovered fns)
2026-06-01 20:29:17,432 INFO: CovBayes plan score=1.42 (predicts 0 uncovered fns)
2026-06-01 20:29:19,289 INFO: CovBayes plan score=5.60 (predicts 10 uncovered fns)
2026-06-01 20:29:19,986 INFO: CovBayes plan score=5.26 (predicts 9 uncovered fns)
2026-06-01 20:29:20,143 INFO: CovBayes plan score=1.42 (predicts 0 uncovered fns)
2026-06-01 20:29:20,379 INFO: CovBayes plan score=4.77 (predicts 8 uncovered fns)
  [26/93] flask.json.provider seed=42: {'divhints_random': 46, 'divhints_oracle': 46, 'cov_bayes': 46}
2026-06-01 20:29:23,394 INFO: CovBayes plan score=1.42 (predicts 0 uncovered fns)
2026-06-01 20:29:40,580 INFO: CovBayes plan score=0.66 (predicts 1 uncovered fns)
2026-06-01 20:29:40,866 INFO: CovBayes plan score=0.66 (predicts 1 uncovered fns)
2026-06-01 20:29:41,147 INFO: CovBayes plan score=0.66 (predicts 1 uncovered fns)
2026-06-01 20:29:41,433 INFO: CovBayes plan score=0.66 (predicts 1 uncovered fns)
2026-06-01 20:29:41,716 INFO: CovBayes plan score=0.66 (predicts 1 uncovered fns)
2026-06-01 20:29:41,999 INFO: CovBayes plan score=0.66 (predicts 1 uncovered fns)
2026-06-01 20:29:42,282 INFO: CovBayes plan score=0.66 (predicts 1 uncovered fns)
2026-06-01 20:29:42,553 INFO: CovBayes plan score=0.66 (predicts 1 uncovered fns)
2026-06-01 20:29:52,800 INFO: CovBayes plan score=8.02 (predicts 19 uncovered fns)
2026-06-01 20:29:54,925 INFO: CovBayes plan score=3.04 (predicts 7 uncovered fns)
2026-06-01 20:29:56,430 INFO: CovBayes plan score=1.36 (predicts 0 uncovered fns)
2026-06-01 20:30:01,171 INFO: CovBayes plan score=1.36 (predicts 0 uncovered fns)
2026-06-01 20:30:03,137 INFO: CovBayes plan score=5.84 (predicts 14 uncovered fns)
2026-06-01 20:30:04,286 INFO: CovBayes plan score=2.86 (predicts 4 uncovered fns)
2026-06-01 20:30:05,124 INFO: CovBayes plan score=2.37 (predicts 3 uncovered fns)
2026-06-01 20:30:05,544 INFO: CovBayes plan score=1.36 (predicts 0 uncovered fns)
2026-06-01 20:30:05,991 INFO: CovBayes plan score=2.37 (predicts 3 uncovered fns)
2026-06-01 20:30:06,386 INFO: CovBayes plan score=3.76 (predicts 9 uncovered fns)
2026-06-01 20:30:06,722 INFO: CovBayes plan score=2.85 (predicts 6 uncovered fns)
2026-06-01 20:30:07,138 INFO: CovBayes plan score=2.86 (predicts 4 uncovered fns)
2026-06-01 20:30:08,255 INFO: CovBayes plan score=2.86 (predicts 4 uncovered fns)
2026-06-01 20:30:09,306 INFO: CovBayes plan score=2.86 (predicts 4 uncovered fns)
2026-06-01 20:30:10,344 INFO: CovBayes plan score=2.86 (predicts 4 uncovered fns)
2026-06-01 20:30:10,558 INFO: CovBayes plan score=5.00 (predicts 13 uncovered fns)
2026-06-01 20:30:11,000 INFO: CovBayes plan score=1.36 (predicts 0 uncovered fns)
2026-06-01 20:30:11,411 INFO: CovBayes plan score=2.86 (predicts 4 uncovered fns)
2026-06-01 20:30:12,234 INFO: CovBayes plan score=0.58 (predicts 1 uncovered fns)
2026-06-01 20:30:12,512 INFO: CovBayes plan score=0.58 (predicts 1 uncovered fns)
2026-06-01 20:30:12,776 INFO: CovBayes plan score=0.58 (predicts 1 uncovered fns)
2026-06-01 20:30:13,048 INFO: CovBayes plan score=0.58 (predicts 1 uncovered fns)
2026-06-01 20:30:13,253 INFO: CovBayes plan score=2.85 (predicts 6 uncovered fns)
2026-06-01 20:30:13,347 INFO: CovBayes plan score=0.58 (predicts 1 uncovered fns)
2026-06-01 20:30:13,595 INFO: CovBayes plan score=0.58 (predicts 1 uncovered fns)
2026-06-01 20:30:13,851 INFO: CovBayes plan score=0.58 (predicts 1 uncovered fns)
2026-06-01 20:30:14,088 INFO: CovBayes plan score=0.58 (predicts 1 uncovered fns)
2026-06-01 20:30:14,403 INFO: CovBayes plan score=1.36 (predicts 0 uncovered fns)
2026-06-01 20:30:16,415 INFO: CovBayes plan score=2.32 (predicts 4 uncovered fns)
2026-06-01 20:30:16,587 INFO: CovBayes plan score=1.36 (predicts 0 uncovered fns)
2026-06-01 20:30:17,411 INFO: CovBayes plan score=2.32 (predicts 4 uncovered fns)
2026-06-01 20:30:18,034 INFO: CovBayes plan score=3.92 (predicts 10 uncovered fns)
2026-06-01 20:30:18,372 INFO: CovBayes plan score=2.32 (predicts 4 uncovered fns)
2026-06-01 20:30:19,317 INFO: CovBayes plan score=2.32 (predicts 4 uncovered fns)
2026-06-01 20:30:19,944 INFO: CovBayes plan score=1.36 (predicts 0 uncovered fns)
2026-06-01 20:30:20,286 INFO: CovBayes plan score=2.32 (predicts 4 uncovered fns)
2026-06-01 20:30:21,233 INFO: CovBayes plan score=2.32 (predicts 4 uncovered fns)
2026-06-01 20:30:22,413 INFO: CovBayes plan score=2.32 (predicts 4 uncovered fns)
2026-06-01 20:30:23,763 INFO: CovBayes plan score=2.32 (predicts 4 uncovered fns)
2026-06-01 20:30:24,089 INFO: CovBayes plan score=1.36 (predicts 0 uncovered fns)
2026-06-01 20:30:40,654 INFO: CovBayes plan score=0.53 (predicts 1 uncovered fns)
2026-06-01 20:30:40,958 INFO: CovBayes plan score=0.53 (predicts 1 uncovered fns)
2026-06-01 20:30:41,261 INFO: CovBayes plan score=0.53 (predicts 1 uncovered fns)
2026-06-01 20:30:41,557 INFO: CovBayes plan score=0.53 (predicts 1 uncovered fns)
2026-06-01 20:30:41,913 INFO: CovBayes plan score=0.53 (predicts 1 uncovered fns)
2026-06-01 20:30:42,113 INFO: CovBayes plan score=1.32 (predicts 1 uncovered fns)
2026-06-01 20:30:42,248 INFO: CovBayes plan score=0.53 (predicts 1 uncovered fns)
2026-06-01 20:30:42,449 INFO: CovBayes plan score=1.32 (predicts 1 uncovered fns)
2026-06-01 20:30:42,582 INFO: CovBayes plan score=0.53 (predicts 1 uncovered fns)
2026-06-01 20:30:42,878 INFO: CovBayes plan score=0.53 (predicts 1 uncovered fns)
2026-06-01 20:30:42,997 INFO: CovBayes plan score=1.81 (predicts 2 uncovered fns)
2026-06-01 20:30:43,510 INFO: CovBayes plan score=1.32 (predicts 1 uncovered fns)
2026-06-01 20:30:43,811 INFO: CovBayes plan score=1.32 (predicts 1 uncovered fns)
2026-06-01 20:30:44,542 INFO: CovBayes plan score=1.81 (predicts 2 uncovered fns)
2026-06-01 20:30:45,467 INFO: CovBayes plan score=2.29 (predicts 3 uncovered fns)
2026-06-01 20:30:46,212 INFO: CovBayes plan score=1.81 (predicts 2 uncovered fns)
2026-06-01 20:30:50,941 INFO: CovBayes plan score=3.25 (predicts 10 uncovered fns)
2026-06-01 20:30:52,812 INFO: CovBayes plan score=3.01 (predicts 9 uncovered fns)
2026-06-01 20:30:56,117 INFO: CovBayes plan score=4.06 (predicts 13 uncovered fns)
2026-06-01 20:30:56,386 INFO: CovBayes plan score=2.30 (predicts 6 uncovered fns)
2026-06-01 20:30:56,743 INFO: CovBayes plan score=0.32 (predicts 0 uncovered fns)
2026-06-01 20:30:57,220 INFO: CovBayes plan score=1.36 (predicts 0 uncovered fns)
2026-06-01 20:30:57,318 INFO: CovBayes plan score=2.59 (predicts 8 uncovered fns)
2026-06-01 20:30:57,896 INFO: CovBayes plan score=0.32 (predicts 0 uncovered fns)
2026-06-01 20:30:58,867 INFO: CovBayes plan score=0.32 (predicts 0 uncovered fns)
2026-06-01 20:31:00,339 INFO: CovBayes plan score=3.25 (predicts 10 uncovered fns)
2026-06-01 20:31:00,900 INFO: CovBayes plan score=2.49 (predicts 7 uncovered fns)
2026-06-01 20:31:01,560 INFO: CovBayes plan score=1.36 (predicts 0 uncovered fns)
2026-06-01 20:31:02,659 INFO: CovBayes plan score=2.30 (predicts 6 uncovered fns)
2026-06-01 20:31:02,850 INFO: CovBayes plan score=0.32 (predicts 0 uncovered fns)
2026-06-01 20:31:03,821 INFO: CovBayes plan score=0.32 (predicts 0 uncovered fns)
2026-06-01 20:31:04,793 INFO: CovBayes plan score=0.32 (predicts 0 uncovered fns)
2026-06-01 20:31:05,641 INFO: CovBayes plan score=1.36 (predicts 0 uncovered fns)
2026-06-01 20:31:05,774 INFO: CovBayes plan score=0.32 (predicts 0 uncovered fns)
2026-06-01 20:31:06,706 INFO: CovBayes plan score=0.32 (predicts 0 uncovered fns)
2026-06-01 20:31:10,045 INFO: CovBayes plan score=1.36 (predicts 0 uncovered fns)
2026-06-01 20:31:10,558 INFO: CovBayes plan score=0.50 (predicts 1 uncovered fns)
2026-06-01 20:31:10,791 INFO: CovBayes plan score=0.50 (predicts 1 uncovered fns)
2026-06-01 20:31:11,023 INFO: CovBayes plan score=0.50 (predicts 1 uncovered fns)
2026-06-01 20:31:11,254 INFO: CovBayes plan score=0.50 (predicts 1 uncovered fns)
2026-06-01 20:31:11,473 INFO: CovBayes plan score=0.50 (predicts 1 uncovered fns)
2026-06-01 20:31:11,706 INFO: CovBayes plan score=0.50 (predicts 1 uncovered fns)
2026-06-01 20:31:12,110 INFO: CovBayes plan score=0.50 (predicts 1 uncovered fns)
2026-06-01 20:31:12,941 INFO: CovBayes plan score=0.48 (predicts 2 uncovered fns)
2026-06-01 20:31:16,472 INFO: CovBayes plan score=1.36 (predicts 0 uncovered fns)
2026-06-01 20:31:16,642 INFO: CovBayes plan score=1.47 (predicts 2 uncovered fns)
2026-06-01 20:31:17,119 INFO: CovBayes plan score=1.47 (predicts 2 uncovered fns)
2026-06-01 20:31:17,786 INFO: CovBayes plan score=1.47 (predicts 2 uncovered fns)
2026-06-01 20:31:18,458 INFO: CovBayes plan score=1.47 (predicts 2 uncovered fns)
2026-06-01 20:31:18,930 INFO: CovBayes plan score=1.47 (predicts 2 uncovered fns)
2026-06-01 20:31:20,263 INFO: CovBayes plan score=1.47 (predicts 2 uncovered fns)
2026-06-01 20:31:20,545 INFO: CovBayes plan score=1.36 (predicts 0 uncovered fns)
2026-06-01 20:31:20,759 INFO: CovBayes plan score=1.47 (predicts 2 uncovered fns)
2026-06-01 20:31:21,434 INFO: CovBayes plan score=1.47 (predicts 2 uncovered fns)
2026-06-01 20:31:24,466 INFO: CovBayes plan score=1.36 (predicts 0 uncovered fns)
2026-06-01 20:31:29,362 INFO: CovBayes plan score=1.36 (predicts 0 uncovered fns)
2026-06-01 20:31:31,084 INFO: CovBayes plan score=3.83 (predicts 14 uncovered fns)
2026-06-01 20:31:31,350 INFO: CovBayes plan score=1.99 (predicts 6 uncovered fns)
2026-06-01 20:31:33,748 INFO: CovBayes plan score=2.50 (predicts 9 uncovered fns)
2026-06-01 20:31:34,835 INFO: CovBayes plan score=0.32 (predicts 0 uncovered fns)
2026-06-01 20:31:35,607 INFO: CovBayes plan score=2.26 (predicts 8 uncovered fns)
2026-06-01 20:31:35,766 INFO: CovBayes plan score=0.32 (predicts 0 uncovered fns)
2026-06-01 20:31:36,661 INFO: CovBayes plan score=0.32 (predicts 0 uncovered fns)
2026-06-01 20:31:37,291 INFO: CovBayes plan score=0.32 (predicts 0 uncovered fns)
2026-06-01 20:31:37,407 INFO: CovBayes plan score=0.47 (predicts 1 uncovered fns)
2026-06-01 20:31:37,646 INFO: CovBayes plan score=2.87 (predicts 10 uncovered fns)
2026-06-01 20:31:37,669 INFO: CovBayes plan score=0.47 (predicts 1 uncovered fns)
2026-06-01 20:31:37,952 INFO: CovBayes plan score=0.47 (predicts 1 uncovered fns)
2026-06-01 20:31:38,198 INFO: CovBayes plan score=0.47 (predicts 1 uncovered fns)
2026-06-01 20:31:38,456 INFO: CovBayes plan score=0.47 (predicts 1 uncovered fns)
2026-06-01 20:31:38,710 INFO: CovBayes plan score=0.47 (predicts 1 uncovered fns)
2026-06-01 20:31:38,961 INFO: CovBayes plan score=0.47 (predicts 1 uncovered fns)
2026-06-01 20:31:39,215 INFO: CovBayes plan score=0.47 (predicts 1 uncovered fns)
2026-06-01 20:31:40,351 INFO: CovBayes plan score=2.47 (predicts 9 uncovered fns)
2026-06-01 20:31:40,683 INFO: CovBayes plan score=0.32 (predicts 0 uncovered fns)
2026-06-01 20:31:40,887 INFO: CovBayes plan score=2.15 (predicts 7 uncovered fns)
2026-06-01 20:31:41,597 INFO: CovBayes plan score=0.32 (predicts 0 uncovered fns)
2026-06-01 20:31:42,477 INFO: CovBayes plan score=0.32 (predicts 0 uncovered fns)
2026-06-01 20:31:43,052 INFO: CovBayes plan score=4.14 (predicts 13 uncovered fns)
2026-06-01 20:31:43,348 INFO: CovBayes plan score=0.32 (predicts 0 uncovered fns)
2026-06-01 20:31:46,575 INFO: CovBayes plan score=2.27 (predicts 4 uncovered fns)
2026-06-01 20:31:47,346 INFO: CovBayes plan score=1.79 (predicts 3 uncovered fns)
2026-06-01 20:31:48,122 INFO: CovBayes plan score=1.79 (predicts 3 uncovered fns)
2026-06-01 20:31:48,719 INFO: CovBayes plan score=1.55 (predicts 2 uncovered fns)
2026-06-01 20:31:51,516 INFO: CovBayes plan score=0.82 (predicts 0 uncovered fns)
2026-06-01 20:31:52,421 INFO: CovBayes plan score=1.79 (predicts 3 uncovered fns)
2026-06-01 20:31:53,101 INFO: CovBayes plan score=1.55 (predicts 2 uncovered fns)
2026-06-01 20:31:53,796 INFO: CovBayes plan score=1.55 (predicts 2 uncovered fns)
2026-06-01 20:31:58,457 INFO: CovBayes plan score=1.36 (predicts 0 uncovered fns)
2026-06-01 20:32:03,046 INFO: CovBayes plan score=1.36 (predicts 0 uncovered fns)
2026-06-01 20:32:09,430 INFO: CovBayes plan score=1.36 (predicts 0 uncovered fns)
2026-06-01 20:32:10,822 INFO: CovBayes plan score=0.46 (predicts 1 uncovered fns)
2026-06-01 20:32:11,122 INFO: CovBayes plan score=0.46 (predicts 1 uncovered fns)
2026-06-01 20:32:11,419 INFO: CovBayes plan score=0.46 (predicts 1 uncovered fns)
2026-06-01 20:32:11,716 INFO: CovBayes plan score=0.46 (predicts 1 uncovered fns)
2026-06-01 20:32:12,005 INFO: CovBayes plan score=0.46 (predicts 1 uncovered fns)
2026-06-01 20:32:12,287 INFO: CovBayes plan score=0.46 (predicts 1 uncovered fns)
2026-06-01 20:32:13,955 INFO: CovBayes plan score=1.36 (predicts 0 uncovered fns)
2026-06-01 20:32:17,009 INFO: CovBayes plan score=0.00 (predicts 21 uncovered fns)
2026-06-01 20:32:17,029 INFO: CovBayes plan score=0.32 (predicts 0 uncovered fns)
2026-06-01 20:32:17,253 INFO: CovBayes plan score=0.46 (predicts 1 uncovered fns)
2026-06-01 20:32:17,473 INFO: CovBayes plan score=3.22 (predicts 13 uncovered fns)
2026-06-01 20:32:17,593 INFO: CovBayes plan score=0.32 (predicts 0 uncovered fns)
2026-06-01 20:32:17,799 INFO: CovBayes plan score=1.36 (predicts 0 uncovered fns)
2026-06-01 20:32:17,905 INFO: CovBayes plan score=0.32 (predicts 0 uncovered fns)
2026-06-01 20:32:18,196 INFO: CovBayes plan score=0.32 (predicts 0 uncovered fns)
2026-06-01 20:32:18,490 INFO: CovBayes plan score=0.32 (predicts 0 uncovered fns)
2026-06-01 20:32:18,616 INFO: CovBayes plan score=1.74 (predicts 6 uncovered fns)
2026-06-01 20:32:18,800 INFO: CovBayes plan score=0.32 (predicts 0 uncovered fns)
2026-06-01 20:32:19,092 INFO: CovBayes plan score=0.32 (predicts 0 uncovered fns)
2026-06-01 20:32:19,392 INFO: CovBayes plan score=0.32 (predicts 0 uncovered fns)
2026-06-01 20:32:20,760 INFO: CovBayes plan score=1.20 (predicts 2 uncovered fns)
2026-06-01 20:32:21,191 INFO: CovBayes plan score=1.20 (predicts 2 uncovered fns)
2026-06-01 20:32:21,387 INFO: CovBayes plan score=3.41 (predicts 13 uncovered fns)
2026-06-01 20:32:21,652 INFO: CovBayes plan score=1.20 (predicts 2 uncovered fns)
2026-06-01 20:32:21,925 INFO: CovBayes plan score=1.36 (predicts 0 uncovered fns)
2026-06-01 20:32:22,112 INFO: CovBayes plan score=1.32 (predicts 2 uncovered fns)
2026-06-01 20:32:22,543 INFO: CovBayes plan score=1.00 (predicts 1 uncovered fns)
2026-06-01 20:32:22,971 INFO: CovBayes plan score=1.20 (predicts 2 uncovered fns)
2026-06-01 20:32:23,577 INFO: CovBayes plan score=1.20 (predicts 2 uncovered fns)
2026-06-01 20:32:23,599 INFO: CovBayes plan score=1.74 (predicts 6 uncovered fns)
2026-06-01 20:32:24,106 INFO: CovBayes plan score=1.90 (predicts 7 uncovered fns)
2026-06-01 20:32:24,235 INFO: CovBayes plan score=1.20 (predicts 2 uncovered fns)
2026-06-01 20:32:25,687 INFO: CovBayes plan score=1.36 (predicts 0 uncovered fns)
2026-06-01 20:32:28,738 INFO: CovBayes plan score=1.36 (predicts 0 uncovered fns)
2026-06-01 20:32:32,865 INFO: CovBayes plan score=1.25 (predicts 42 uncovered fns)
2026-06-01 20:32:34,300 INFO: CovBayes plan score=1.88 (predicts 7 uncovered fns)
2026-06-01 20:32:36,917 INFO: CovBayes plan score=3.27 (predicts 13 uncovered fns)
2026-06-01 20:32:42,808 INFO: CovBayes plan score=0.44 (predicts 1 uncovered fns)
2026-06-01 20:32:43,100 INFO: CovBayes plan score=0.44 (predicts 1 uncovered fns)
2026-06-01 20:32:43,394 INFO: CovBayes plan score=0.44 (predicts 1 uncovered fns)
2026-06-01 20:32:43,684 INFO: CovBayes plan score=0.44 (predicts 1 uncovered fns)
2026-06-01 20:32:43,979 INFO: CovBayes plan score=0.44 (predicts 1 uncovered fns)
2026-06-01 20:32:44,274 INFO: CovBayes plan score=0.44 (predicts 1 uncovered fns)
2026-06-01 20:32:44,570 INFO: CovBayes plan score=0.44 (predicts 1 uncovered fns)
2026-06-01 20:32:44,986 INFO: CovBayes plan score=0.44 (predicts 1 uncovered fns)
2026-06-01 20:32:49,775 INFO: CovBayes plan score=1.16 (predicts 2 uncovered fns)
2026-06-01 20:32:50,522 INFO: CovBayes plan score=1.48 (predicts 3 uncovered fns)
2026-06-01 20:32:51,266 INFO: CovBayes plan score=1.16 (predicts 2 uncovered fns)
2026-06-01 20:32:52,203 INFO: CovBayes plan score=1.40 (predicts 3 uncovered fns)
2026-06-01 20:32:52,371 INFO: CovBayes plan score=0.32 (predicts 0 uncovered fns)
2026-06-01 20:32:52,909 INFO: CovBayes plan score=1.16 (predicts 2 uncovered fns)
2026-06-01 20:32:53,301 INFO: CovBayes plan score=0.32 (predicts 0 uncovered fns)
2026-06-01 20:32:53,618 INFO: CovBayes plan score=1.16 (predicts 2 uncovered fns)
2026-06-01 20:32:54,225 INFO: CovBayes plan score=0.32 (predicts 0 uncovered fns)
2026-06-01 20:32:54,327 INFO: CovBayes plan score=1.16 (predicts 2 uncovered fns)
2026-06-01 20:32:55,011 INFO: CovBayes plan score=1.16 (predicts 2 uncovered fns)
2026-06-01 20:32:55,177 INFO: CovBayes plan score=0.32 (predicts 0 uncovered fns)
2026-06-01 20:32:55,547 INFO: CovBayes plan score=0.32 (predicts 0 uncovered fns)
  [27/93] rich.table seed=42: {'divhints_random': 27, 'divhints_oracle': 27, 'cov_bayes': 27}
2026-06-01 20:32:56,672 INFO: CovBayes plan score=0.32 (predicts 0 uncovered fns)
2026-06-01 20:32:57,663 INFO: CovBayes plan score=0.32 (predicts 0 uncovered fns)
2026-06-01 20:32:58,627 INFO: CovBayes plan score=0.32 (predicts 0 uncovered fns)
2026-06-01 20:33:02,182 INFO: CovBayes plan score=1.36 (predicts 0 uncovered fns)
2026-06-01 20:33:05,682 INFO: CovBayes plan score=1.75 (predicts 7 uncovered fns)
2026-06-01 20:33:06,216 INFO: CovBayes plan score=1.36 (predicts 0 uncovered fns)
2026-06-01 20:33:10,344 INFO: CovBayes plan score=1.36 (predicts 0 uncovered fns)
2026-06-01 20:33:11,973 INFO: CovBayes plan score=2.29 (predicts 10 uncovered fns)
2026-06-01 20:33:14,244 INFO: CovBayes plan score=2.21 (predicts 9 uncovered fns)
2026-06-01 20:33:15,271 INFO: CovBayes plan score=1.36 (predicts 0 uncovered fns)
2026-06-01 20:33:15,392 INFO: CovBayes plan score=2.15 (predicts 9 uncovered fns)
2026-06-01 20:33:17,423 INFO: CovBayes plan score=3.28 (predicts 12 uncovered fns)
2026-06-01 20:33:19,292 INFO: CovBayes plan score=1.89 (predicts 8 uncovered fns)
2026-06-01 20:33:20,027 INFO: CovBayes plan score=1.89 (predicts 8 uncovered fns)
2026-06-01 20:33:20,533 INFO: CovBayes plan score=1.36 (predicts 0 uncovered fns)
2026-06-01 20:33:21,875 INFO: CovBayes plan score=1.83 (predicts 8 uncovered fns)
2026-06-01 20:33:23,439 INFO: CovBayes plan score=1.34 (predicts 3 uncovered fns)
2026-06-01 20:33:24,258 INFO: CovBayes plan score=1.36 (predicts 0 uncovered fns)
2026-06-01 20:33:25,567 INFO: CovBayes plan score=0.80 (predicts 0 uncovered fns)
2026-06-01 20:33:26,195 INFO: CovBayes plan score=1.10 (predicts 2 uncovered fns)
2026-06-01 20:33:26,810 INFO: CovBayes plan score=1.34 (predicts 3 uncovered fns)
2026-06-01 20:33:27,457 INFO: CovBayes plan score=1.34 (predicts 3 uncovered fns)
2026-06-01 20:33:28,084 INFO: CovBayes plan score=0.32 (predicts 0 uncovered fns)
2026-06-01 20:33:28,234 INFO: CovBayes plan score=1.36 (predicts 0 uncovered fns)
2026-06-01 20:33:28,274 INFO: CovBayes plan score=1.34 (predicts 3 uncovered fns)
2026-06-01 20:33:28,941 INFO: CovBayes plan score=0.32 (predicts 0 uncovered fns)
2026-06-01 20:33:29,150 INFO: CovBayes plan score=1.10 (predicts 2 uncovered fns)
2026-06-01 20:33:29,758 INFO: CovBayes plan score=1.10 (predicts 2 uncovered fns)
2026-06-01 20:33:29,778 INFO: CovBayes plan score=0.32 (predicts 0 uncovered fns)
2026-06-01 20:33:30,576 INFO: CovBayes plan score=0.32 (predicts 0 uncovered fns)
2026-06-01 20:33:31,374 INFO: CovBayes plan score=0.32 (predicts 0 uncovered fns)
2026-06-01 20:33:31,936 INFO: CovBayes plan score=1.36 (predicts 0 uncovered fns)
2026-06-01 20:33:32,170 INFO: CovBayes plan score=0.32 (predicts 0 uncovered fns)
2026-06-01 20:33:33,097 INFO: CovBayes plan score=0.32 (predicts 0 uncovered fns)
2026-06-01 20:33:33,977 INFO: CovBayes plan score=0.32 (predicts 0 uncovered fns)
2026-06-01 20:33:53,642 INFO: CovBayes plan score=2.09 (predicts 10 uncovered fns)
2026-06-01 20:33:55,818 INFO: CovBayes plan score=1.46 (predicts 6 uncovered fns)
2026-06-01 20:33:59,514 INFO: CovBayes plan score=2.90 (predicts 14 uncovered fns)
2026-06-01 20:34:01,999 INFO: CovBayes plan score=2.19 (predicts 9 uncovered fns)
2026-06-01 20:34:04,199 INFO: CovBayes plan score=1.06 (predicts 2 uncovered fns)
2026-06-01 20:34:04,199 INFO: CovBayes plan score=1.80 (predicts 8 uncovered fns)
2026-06-01 20:34:04,671 INFO: CovBayes plan score=0.94 (predicts 1 uncovered fns)
2026-06-01 20:34:05,098 INFO: CovBayes plan score=0.94 (predicts 1 uncovered fns)
2026-06-01 20:34:05,599 INFO: CovBayes plan score=9.13 (predicts 18 uncovered fns)
2026-06-01 20:34:06,078 INFO: CovBayes plan score=1.86 (predicts 8 uncovered fns)
2026-06-01 20:34:06,096 INFO: CovBayes plan score=1.36 (predicts 0 uncovered fns)
2026-06-01 20:34:08,342 INFO: CovBayes plan score=0.80 (predicts 0 uncovered fns)
2026-06-01 20:34:08,578 INFO: CovBayes plan score=0.94 (predicts 1 uncovered fns)
2026-06-01 20:34:08,705 INFO: CovBayes plan score=2.09 (predicts 10 uncovered fns)
2026-06-01 20:34:08,846 INFO: CovBayes plan score=0.94 (predicts 1 uncovered fns)
2026-06-01 20:34:09,248 INFO: CovBayes plan score=0.94 (predicts 1 uncovered fns)
2026-06-01 20:34:09,648 INFO: CovBayes plan score=1.95 (predicts 9 uncovered fns)
2026-06-01 20:34:09,699 INFO: CovBayes plan score=0.32 (predicts 0 uncovered fns)
2026-06-01 20:34:09,979 INFO: CovBayes plan score=8.65 (predicts 17 uncovered fns)
2026-06-01 20:34:09,997 INFO: CovBayes plan score=1.25 (predicts 3 uncovered fns)
2026-06-01 20:34:10,066 INFO: CovBayes plan score=1.36 (predicts 0 uncovered fns)
2026-06-01 20:34:10,477 INFO: CovBayes plan score=0.32 (predicts 0 uncovered fns)
2026-06-01 20:34:12,960 INFO: CovBayes plan score=6.71 (predicts 13 uncovered fns)
2026-06-01 20:34:13,084 INFO: CovBayes plan score=1.36 (predicts 0 uncovered fns)
2026-06-01 20:34:15,667 INFO: CovBayes plan score=5.15 (predicts 10 uncovered fns)
2026-06-01 20:34:16,043 INFO: CovBayes plan score=1.36 (predicts 0 uncovered fns)
2026-06-01 20:34:17,467 INFO: CovBayes plan score=0.32 (predicts 0 uncovered fns)
2026-06-01 20:34:18,173 INFO: CovBayes plan score=4.77 (predicts 9 uncovered fns)
2026-06-01 20:34:18,303 INFO: CovBayes plan score=0.32 (predicts 0 uncovered fns)
2026-06-01 20:34:19,107 INFO: CovBayes plan score=0.32 (predicts 0 uncovered fns)
2026-06-01 20:34:19,872 INFO: CovBayes plan score=1.36 (predicts 0 uncovered fns)
2026-06-01 20:34:19,913 INFO: CovBayes plan score=0.32 (predicts 0 uncovered fns)
  [28/93] rich.text seed=42: {'divhints_random': 30, 'divhints_oracle': 30, 'cov_bayes': 29}
2026-06-01 20:34:20,955 INFO: CovBayes plan score=0.32 (predicts 0 uncovered fns)
  [29/93] rich.console seed=42: {'divhints_random': 202, 'divhints_oracle': 262, 'cov_bayes': 202}
2026-06-01 20:34:22,046 INFO: CovBayes plan score=0.32 (predicts 0 uncovered fns)
2026-06-01 20:34:22,766 INFO: CovBayes plan score=7.68 (predicts 15 uncovered fns)
2026-06-01 20:34:24,316 INFO: CovBayes plan score=1.36 (predicts 0 uncovered fns)
2026-06-01 20:34:28,446 INFO: CovBayes plan score=1.36 (predicts 0 uncovered fns)
2026-06-01 20:34:30,813 INFO: CovBayes plan score=6.90 (predicts 27 uncovered fns)
2026-06-01 20:34:32,673 INFO: CovBayes plan score=1.36 (predicts 0 uncovered fns)
2026-06-01 20:34:35,246 INFO: CovBayes plan score=8.16 (predicts 16 uncovered fns)
2026-06-01 20:34:52,287 INFO: CovBayes plan score=0.10 (predicts 0 uncovered fns)
2026-06-01 20:34:53,396 INFO: CovBayes plan score=0.10 (predicts 0 uncovered fns)
2026-06-01 20:34:54,175 INFO: CovBayes plan score=0.10 (predicts 0 uncovered fns)
2026-06-01 20:34:56,451 INFO: CovBayes plan score=0.00 (predicts 7 uncovered fns)
2026-06-01 20:34:57,544 INFO: CovBayes plan score=0.10 (predicts 0 uncovered fns)
2026-06-01 20:35:00,123 INFO: CovBayes plan score=0.10 (predicts 0 uncovered fns)
2026-06-01 20:35:01,146 INFO: CovBayes plan score=0.10 (predicts 0 uncovered fns)
2026-06-01 20:35:05,769 INFO: CovBayes plan score=1.36 (predicts 0 uncovered fns)
2026-06-01 20:35:07,363 INFO: CovBayes plan score=2.44 (predicts 6 uncovered fns)
2026-06-01 20:35:09,031 INFO: CovBayes plan score=2.44 (predicts 6 uncovered fns)
2026-06-01 20:35:09,479 INFO: CovBayes plan score=1.36 (predicts 0 uncovered fns)
2026-06-01 20:35:09,590 INFO: CovBayes plan score=0.10 (predicts 0 uncovered fns)
2026-06-01 20:35:12,901 INFO: CovBayes plan score=0.67 (predicts 14 uncovered fns)
2026-06-01 20:35:13,505 INFO: CovBayes plan score=1.36 (predicts 0 uncovered fns)
2026-06-01 20:35:17,369 INFO: CovBayes plan score=3.33 (predicts 14 uncovered fns)
2026-06-01 20:35:17,651 INFO: CovBayes plan score=1.36 (predicts 0 uncovered fns)
2026-06-01 20:35:19,607 INFO: CovBayes plan score=2.76 (predicts 7 uncovered fns)
  [30/93] rich.pretty seed=42: {'divhints_random': 9, 'divhints_oracle': 9, 'cov_bayes': 75}
2026-06-01 20:35:21,725 INFO: CovBayes plan score=1.36 (predicts 0 uncovered fns)
2026-06-01 20:35:22,235 INFO: CovBayes plan score=2.44 (predicts 6 uncovered fns)
2026-06-01 20:35:26,148 INFO: CovBayes plan score=1.36 (predicts 0 uncovered fns)
2026-06-01 20:35:26,785 INFO: CovBayes plan score=3.86 (predicts 12 uncovered fns)
2026-06-01 20:35:31,646 INFO: CovBayes plan score=2.35 (predicts 13 uncovered fns)
2026-06-01 20:35:32,255 INFO: CovBayes plan score=1.36 (predicts 0 uncovered fns)
2026-06-01 20:35:36,639 INFO: CovBayes plan score=1.36 (predicts 0 uncovered fns)
2026-06-01 20:35:59,152 INFO: CovBayes plan score=2.45 (predicts 10 uncovered fns)
2026-06-01 20:36:01,072 INFO: CovBayes plan score=1.91 (predicts 6 uncovered fns)
2026-06-01 20:36:04,217 INFO: CovBayes plan score=2.90 (predicts 11 uncovered fns)
2026-06-01 20:36:06,165 INFO: CovBayes plan score=1.36 (predicts 0 uncovered fns)
2026-06-01 20:36:08,242 INFO: CovBayes plan score=2.08 (predicts 14 uncovered fns)
2026-06-01 20:36:10,062 INFO: CovBayes plan score=1.36 (predicts 0 uncovered fns)
2026-06-01 20:36:12,098 INFO: CovBayes plan score=1.75 (predicts 14 uncovered fns)
2026-06-01 20:36:13,898 INFO: CovBayes plan score=1.36 (predicts 0 uncovered fns)
2026-06-01 20:36:16,553 INFO: CovBayes plan score=2.08 (predicts 14 uncovered fns)
2026-06-01 20:36:17,866 INFO: CovBayes plan score=1.36 (predicts 0 uncovered fns)
2026-06-01 20:36:21,022 INFO: CovBayes plan score=1.50 (predicts 14 uncovered fns)
2026-06-01 20:36:21,917 INFO: CovBayes plan score=1.36 (predicts 0 uncovered fns)
2026-06-01 20:36:25,657 INFO: CovBayes plan score=1.36 (predicts 0 uncovered fns)
2026-06-01 20:36:25,660 INFO: CovBayes plan score=2.08 (predicts 14 uncovered fns)
2026-06-01 20:36:33,968 INFO: CovBayes plan score=1.36 (predicts 0 uncovered fns)
2026-06-01 20:36:37,907 INFO: CovBayes plan score=1.36 (predicts 0 uncovered fns)
  [31/93] rich.progress seed=42: {'divhints_random': 54, 'divhints_oracle': 145, 'cov_bayes': 54}
2026-06-01 20:36:57,427 INFO: CovBayes plan score=1.20 (predicts 14 uncovered fns)
2026-06-01 20:36:59,032 INFO: CovBayes plan score=1.21 (predicts 5 uncovered fns)
2026-06-01 20:37:03,476 INFO: CovBayes plan score=1.45 (predicts 14 uncovered fns)
2026-06-01 20:37:12,755 INFO: CovBayes plan score=0.11 (predicts 0 uncovered fns)
2026-06-01 20:37:17,171 INFO: CovBayes plan score=1.20 (predicts 14 uncovered fns)
2026-06-01 20:37:21,493 INFO: CovBayes plan score=1.00 (predicts 14 uncovered fns)
2026-06-01 20:37:26,027 INFO: CovBayes plan score=1.40 (predicts 14 uncovered fns)
2026-06-01 20:37:30,488 INFO: CovBayes plan score=1.42 (predicts 13 uncovered fns)
2026-06-01 20:37:57,136 INFO: CovBayes plan score=1.33 (predicts 7 uncovered fns)
2026-06-01 20:37:59,062 INFO: CovBayes plan score=1.09 (predicts 6 uncovered fns)
2026-06-01 20:38:03,673 INFO: CovBayes plan score=1.37 (predicts 14 uncovered fns)
2026-06-01 20:38:06,036 INFO: CovBayes plan score=1.22 (predicts 7 uncovered fns)
2026-06-01 20:38:09,500 INFO: CovBayes plan score=1.95 (predicts 10 uncovered fns)
2026-06-01 20:38:14,330 INFO: CovBayes plan score=1.00 (predicts 14 uncovered fns)
2026-06-01 20:38:16,222 INFO: CovBayes plan score=1.17 (predicts 6 uncovered fns)
2026-06-01 20:38:18,070 INFO: CovBayes plan score=1.17 (predicts 6 uncovered fns)
2026-06-01 20:38:46,864 INFO: CovBayes plan score=0.60 (predicts 13 uncovered fns)
2026-06-01 20:38:50,218 INFO: CovBayes plan score=0.89 (predicts 12 uncovered fns)
2026-06-01 20:38:53,499 INFO: CovBayes plan score=1.02 (predicts 13 uncovered fns)
2026-06-01 20:38:55,352 INFO: CovBayes plan score=1.25 (predicts 8 uncovered fns)
2026-06-01 20:38:58,382 INFO: CovBayes plan score=0.88 (predicts 13 uncovered fns)
2026-06-01 20:39:02,103 INFO: CovBayes plan score=1.02 (predicts 13 uncovered fns)
2026-06-01 20:39:04,597 INFO: CovBayes plan score=1.00 (predicts 7 uncovered fns)
2026-06-01 20:39:08,611 INFO: CovBayes plan score=0.88 (predicts 13 uncovered fns)
2026-06-01 20:39:39,360 INFO: CovBayes plan score=0.67 (predicts 13 uncovered fns)
2026-06-01 20:39:40,931 INFO: CovBayes plan score=0.85 (predicts 6 uncovered fns)
2026-06-01 20:39:44,071 INFO: CovBayes plan score=1.83 (predicts 12 uncovered fns)
2026-06-01 20:39:45,507 INFO: CovBayes plan score=0.85 (predicts 6 uncovered fns)
2026-06-01 20:39:48,671 INFO: CovBayes plan score=0.67 (predicts 13 uncovered fns)
2026-06-01 20:39:50,494 INFO: CovBayes plan score=0.85 (predicts 6 uncovered fns)
2026-06-01 20:39:52,143 INFO: CovBayes plan score=0.70 (predicts 6 uncovered fns)
2026-06-01 20:39:55,758 INFO: CovBayes plan score=0.79 (predicts 13 uncovered fns)
2026-06-01 20:40:30,428 INFO: CovBayes plan score=1.26 (predicts 10 uncovered fns)
2026-06-01 20:40:34,214 INFO: CovBayes plan score=0.70 (predicts 13 uncovered fns)
2026-06-01 20:40:37,767 INFO: CovBayes plan score=1.24 (predicts 13 uncovered fns)
2026-06-01 20:40:41,300 INFO: CovBayes plan score=0.81 (predicts 13 uncovered fns)
2026-06-01 20:40:45,085 INFO: CovBayes plan score=0.59 (predicts 13 uncovered fns)
2026-06-01 20:40:48,653 INFO: CovBayes plan score=0.59 (predicts 13 uncovered fns)
2026-06-01 20:40:51,213 INFO: CovBayes plan score=1.15 (predicts 9 uncovered fns)
2026-06-01 20:40:54,631 INFO: CovBayes plan score=0.81 (predicts 13 uncovered fns)
  [32/93] rich.syntax seed=42: {'divhints_random': 56, 'divhints_oracle': 66, 'cov_bayes': 53}
2026-06-01 20:45:51,318 INFO: CovBayes plan score=10.04 (predicts 21 uncovered fns)
2026-06-01 20:45:52,545 INFO: CovBayes plan score=3.28 (predicts 5 uncovered fns)
2026-06-01 20:45:54,008 INFO: CovBayes plan score=3.77 (predicts 6 uncovered fns)
2026-06-01 20:45:55,046 INFO: CovBayes plan score=2.80 (predicts 4 uncovered fns)
2026-06-01 20:45:57,888 INFO: CovBayes plan score=2.78 (predicts 5 uncovered fns)
2026-06-01 20:45:59,606 INFO: CovBayes plan score=1.76 (predicts 6 uncovered fns)
2026-06-01 20:46:00,919 INFO: CovBayes plan score=3.28 (predicts 5 uncovered fns)
2026-06-01 20:46:02,407 INFO: CovBayes plan score=2.77 (predicts 6 uncovered fns)
2026-06-01 20:46:28,818 INFO: CovBayes plan score=4.42 (predicts 11 uncovered fns)
2026-06-01 20:46:29,377 INFO: CovBayes plan score=1.38 (predicts 2 uncovered fns)
2026-06-01 20:46:30,592 INFO: CovBayes plan score=4.42 (predicts 11 uncovered fns)
2026-06-01 20:46:31,815 INFO: CovBayes plan score=2.35 (predicts 5 uncovered fns)
2026-06-01 20:46:33,021 INFO: CovBayes plan score=5.42 (predicts 11 uncovered fns)
2026-06-01 20:46:33,749 INFO: CovBayes plan score=4.77 (predicts 9 uncovered fns)
2026-06-01 20:46:34,497 INFO: CovBayes plan score=1.70 (predicts 3 uncovered fns)
2026-06-01 20:46:35,207 INFO: CovBayes plan score=4.77 (predicts 9 uncovered fns)
2026-06-01 20:47:00,098 INFO: CovBayes plan score=3.67 (predicts 10 uncovered fns)
2026-06-01 20:47:01,473 INFO: CovBayes plan score=7.06 (predicts 17 uncovered fns)
2026-06-01 20:47:02,536 INFO: CovBayes plan score=3.67 (predicts 10 uncovered fns)
2026-06-01 20:47:03,164 INFO: CovBayes plan score=3.56 (predicts 8 uncovered fns)
2026-06-01 20:47:04,233 INFO: CovBayes plan score=3.28 (predicts 10 uncovered fns)
2026-06-01 20:47:05,610 INFO: CovBayes plan score=3.52 (predicts 10 uncovered fns)
2026-06-01 20:47:06,497 INFO: CovBayes plan score=0.73 (predicts 3 uncovered fns)
2026-06-01 20:47:07,949 INFO: CovBayes plan score=6.56 (predicts 17 uncovered fns)
2026-06-01 20:47:30,203 INFO: CovBayes plan score=5.16 (predicts 17 uncovered fns)
2026-06-01 20:47:31,238 INFO: CovBayes plan score=5.16 (predicts 17 uncovered fns)
2026-06-01 20:47:32,042 INFO: CovBayes plan score=2.90 (predicts 10 uncovered fns)
2026-06-01 20:47:32,845 INFO: CovBayes plan score=2.30 (predicts 10 uncovered fns)
2026-06-01 20:47:33,648 INFO: CovBayes plan score=2.30 (predicts 10 uncovered fns)
2026-06-01 20:47:34,683 INFO: CovBayes plan score=5.16 (predicts 17 uncovered fns)
2026-06-01 20:47:35,318 INFO: CovBayes plan score=0.90 (predicts 3 uncovered fns)
2026-06-01 20:47:36,353 INFO: CovBayes plan score=5.16 (predicts 17 uncovered fns)
2026-06-01 20:47:59,645 INFO: CovBayes plan score=3.97 (predicts 16 uncovered fns)
2026-06-01 20:48:00,711 INFO: CovBayes plan score=2.43 (predicts 10 uncovered fns)
2026-06-01 20:48:01,776 INFO: CovBayes plan score=2.43 (predicts 10 uncovered fns)
2026-06-01 20:48:03,149 INFO: CovBayes plan score=4.13 (predicts 17 uncovered fns)
2026-06-01 20:48:04,228 INFO: CovBayes plan score=1.93 (predicts 10 uncovered fns)
2026-06-01 20:48:05,310 INFO: CovBayes plan score=2.10 (predicts 10 uncovered fns)
2026-06-01 20:48:06,634 INFO: CovBayes plan score=4.13 (predicts 17 uncovered fns)
2026-06-01 20:48:07,949 INFO: CovBayes plan score=4.13 (predicts 17 uncovered fns)
2026-06-01 20:48:32,302 INFO: CovBayes plan score=3.19 (predicts 17 uncovered fns)
2026-06-01 20:48:33,388 INFO: CovBayes plan score=1.69 (predicts 10 uncovered fns)
2026-06-01 20:48:34,445 INFO: CovBayes plan score=1.69 (predicts 10 uncovered fns)
2026-06-01 20:48:35,508 INFO: CovBayes plan score=2.12 (predicts 10 uncovered fns)
2026-06-01 20:48:36,355 INFO: CovBayes plan score=0.60 (predicts 3 uncovered fns)
2026-06-01 20:48:37,408 INFO: CovBayes plan score=1.83 (predicts 10 uncovered fns)
2026-06-01 20:48:38,410 INFO: CovBayes plan score=1.69 (predicts 10 uncovered fns)
2026-06-01 20:48:39,402 INFO: CovBayes plan score=1.90 (predicts 10 uncovered fns)
2026-06-01 20:48:47,987 INFO: CovBayes plan score=2.54 (predicts 4 uncovered fns)
2026-06-01 20:48:48,651 INFO: CovBayes plan score=2.54 (predicts 4 uncovered fns)
2026-06-01 20:48:49,201 INFO: CovBayes plan score=2.05 (predicts 3 uncovered fns)
2026-06-01 20:48:51,122 INFO: CovBayes plan score=3.03 (predicts 5 uncovered fns)
2026-06-01 20:48:51,833 INFO: CovBayes plan score=2.54 (predicts 4 uncovered fns)
2026-06-01 20:48:52,720 INFO: CovBayes plan score=2.54 (predicts 4 uncovered fns)
2026-06-01 20:48:53,724 INFO: CovBayes plan score=3.03 (predicts 5 uncovered fns)
2026-06-01 20:48:54,350 INFO: CovBayes plan score=2.05 (predicts 3 uncovered fns)
2026-06-01 20:49:03,733 INFO: CovBayes plan score=3.02 (predicts 17 uncovered fns)
2026-06-01 20:49:04,677 INFO: CovBayes plan score=1.51 (predicts 10 uncovered fns)
2026-06-01 20:49:05,430 INFO: CovBayes plan score=2.78 (predicts 15 uncovered fns)
2026-06-01 20:49:06,162 INFO: CovBayes plan score=2.66 (predicts 14 uncovered fns)
2026-06-01 20:49:07,231 INFO: CovBayes plan score=1.51 (predicts 10 uncovered fns)
2026-06-01 20:49:09,117 INFO: CovBayes plan score=3.02 (predicts 17 uncovered fns)
2026-06-01 20:49:10,997 INFO: CovBayes plan score=2.90 (predicts 17 uncovered fns)
2026-06-01 20:49:12,228 INFO: CovBayes plan score=1.51 (predicts 10 uncovered fns)
2026-06-01 20:49:24,896 INFO: CovBayes plan score=0.98 (predicts 1 uncovered fns)
2026-06-01 20:49:28,282 INFO: CovBayes plan score=0.98 (predicts 1 uncovered fns)
2026-06-01 20:49:28,877 INFO: CovBayes plan score=0.95 (predicts 3 uncovered fns)
2026-06-01 20:49:31,268 INFO: CovBayes plan score=1.78 (predicts 3 uncovered fns)
2026-06-01 20:49:31,514 INFO: CovBayes plan score=0.98 (predicts 1 uncovered fns)
2026-06-01 20:49:32,109 INFO: CovBayes plan score=1.78 (predicts 3 uncovered fns)
2026-06-01 20:49:32,348 INFO: CovBayes plan score=0.98 (predicts 1 uncovered fns)
2026-06-01 20:49:36,015 INFO: CovBayes plan score=2.58 (predicts 16 uncovered fns)
2026-06-01 20:49:36,425 INFO: CovBayes plan score=0.49 (predicts 0 uncovered fns)
2026-06-01 20:49:37,070 INFO: CovBayes plan score=2.35 (predicts 17 uncovered fns)
2026-06-01 20:49:38,105 INFO: CovBayes plan score=2.47 (predicts 17 uncovered fns)
2026-06-01 20:49:41,353 INFO: CovBayes plan score=1.21 (predicts 10 uncovered fns)
2026-06-01 20:49:41,992 INFO: CovBayes plan score=0.70 (predicts 3 uncovered fns)
2026-06-01 20:49:42,826 INFO: CovBayes plan score=2.58 (predicts 16 uncovered fns)
2026-06-01 20:49:43,632 INFO: CovBayes plan score=1.38 (predicts 10 uncovered fns)
2026-06-01 20:49:44,501 INFO: CovBayes plan score=1.84 (predicts 10 uncovered fns)
  [33/93] rich.markdown seed=42: {'divhints_random': 18, 'divhints_oracle': 18, 'cov_bayes': 18}
2026-06-01 20:50:05,034 INFO: CovBayes plan score=0.79 (predicts 1 uncovered fns)
2026-06-01 20:50:10,418 INFO: CovBayes plan score=1.28 (predicts 2 uncovered fns)
2026-06-01 20:50:10,661 INFO: CovBayes plan score=0.79 (predicts 1 uncovered fns)
2026-06-01 20:50:12,311 INFO: CovBayes plan score=1.21 (predicts 2 uncovered fns)
2026-06-01 20:50:17,397 INFO: CovBayes plan score=0.47 (predicts 0 uncovered fns)
2026-06-01 20:50:21,150 INFO: CovBayes plan score=0.47 (predicts 0 uncovered fns)
2026-06-01 20:50:25,029 INFO: CovBayes plan score=0.47 (predicts 0 uncovered fns)
2026-06-01 20:50:25,900 INFO: CovBayes plan score=2.25 (predicts 4 uncovered fns)
2026-06-01 20:50:37,660 INFO: Retrying request to /chat/completions in 0.407306 seconds
2026-06-01 20:50:55,098 INFO: CovBayes plan score=0.43 (predicts 0 uncovered fns)
2026-06-01 20:50:58,553 INFO: CovBayes plan score=0.68 (predicts 1 uncovered fns)
2026-06-01 20:51:01,517 INFO: CovBayes plan score=0.43 (predicts 0 uncovered fns)
2026-06-01 20:51:04,790 INFO: CovBayes plan score=0.43 (predicts 0 uncovered fns)
2026-06-01 20:51:05,146 INFO: CovBayes plan score=1.08 (predicts 2 uncovered fns)
2026-06-01 20:51:06,284 INFO: CovBayes plan score=0.43 (predicts 0 uncovered fns)
2026-06-01 20:51:11,738 INFO: CovBayes plan score=0.43 (predicts 0 uncovered fns)
2026-06-01 20:51:14,596 INFO: CovBayes plan score=0.43 (predicts 0 uncovered fns)
2026-06-01 20:51:38,552 INFO: CovBayes plan score=0.67 (predicts 1 uncovered fns)
2026-06-01 20:51:41,622 INFO: CovBayes plan score=0.43 (predicts 0 uncovered fns)
2026-06-01 20:51:44,965 INFO: CovBayes plan score=0.43 (predicts 0 uncovered fns)
2026-06-01 20:51:45,557 INFO: CovBayes plan score=1.44 (predicts 3 uncovered fns)
2026-06-01 20:51:46,186 INFO: CovBayes plan score=1.64 (predicts 3 uncovered fns)
2026-06-01 20:51:48,905 INFO: CovBayes plan score=0.43 (predicts 0 uncovered fns)
2026-06-01 20:51:52,754 INFO: CovBayes plan score=0.43 (predicts 0 uncovered fns)
2026-06-01 20:51:56,560 INFO: CovBayes plan score=0.43 (predicts 0 uncovered fns)
2026-06-01 20:52:31,811 INFO: CovBayes plan score=0.42 (predicts 0 uncovered fns)
2026-06-01 20:52:35,589 INFO: CovBayes plan score=0.42 (predicts 0 uncovered fns)
2026-06-01 20:52:37,976 INFO: CovBayes plan score=0.42 (predicts 0 uncovered fns)
2026-06-01 20:52:39,834 INFO: CovBayes plan score=0.42 (predicts 0 uncovered fns)
2026-06-01 20:52:43,606 INFO: CovBayes plan score=0.42 (predicts 0 uncovered fns)
2026-06-01 20:52:46,747 INFO: CovBayes plan score=0.61 (predicts 1 uncovered fns)
2026-06-01 20:52:47,166 INFO: CovBayes plan score=0.85 (predicts 2 uncovered fns)
2026-06-01 20:52:51,901 INFO: CovBayes plan score=0.42 (predicts 0 uncovered fns)
2026-06-01 20:53:29,510 INFO: CovBayes plan score=3.03 (predicts 6 uncovered fns)
2026-06-01 20:53:30,698 INFO: CovBayes plan score=3.03 (predicts 6 uncovered fns)
2026-06-01 20:53:30,875 INFO: CovBayes plan score=0.61 (predicts 1 uncovered fns)
2026-06-01 20:53:31,712 INFO: CovBayes plan score=1.04 (predicts 2 uncovered fns)
2026-06-01 20:53:32,454 INFO: CovBayes plan score=3.52 (predicts 7 uncovered fns)
2026-06-01 20:53:33,776 INFO: CovBayes plan score=3.03 (predicts 6 uncovered fns)
2026-06-01 20:53:33,979 INFO: CovBayes plan score=0.61 (predicts 1 uncovered fns)
2026-06-01 20:53:35,017 INFO: CovBayes plan score=0.41 (predicts 0 uncovered fns)
2026-06-01 20:53:35,343 INFO: CovBayes plan score=3.03 (predicts 6 uncovered fns)
2026-06-01 20:53:36,865 INFO: CovBayes plan score=3.52 (predicts 7 uncovered fns)
2026-06-01 20:53:38,059 INFO: CovBayes plan score=0.41 (predicts 0 uncovered fns)
2026-06-01 20:53:40,874 INFO: CovBayes plan score=0.41 (predicts 0 uncovered fns)
2026-06-01 20:53:41,544 INFO: CovBayes plan score=0.76 (predicts 2 uncovered fns)
2026-06-01 20:53:41,779 INFO: CovBayes plan score=0.61 (predicts 1 uncovered fns)
2026-06-01 20:53:42,346 INFO: CovBayes plan score=1.63 (predicts 3 uncovered fns)
2026-06-01 20:53:46,239 INFO: CovBayes plan score=0.61 (predicts 1 uncovered fns)
2026-06-01 20:53:58,139 INFO: CovBayes plan score=1.24 (predicts 2 uncovered fns)
2026-06-01 20:53:58,629 INFO: CovBayes plan score=1.24 (predicts 2 uncovered fns)
2026-06-01 20:53:59,109 INFO: CovBayes plan score=1.24 (predicts 2 uncovered fns)
2026-06-01 20:53:59,797 INFO: CovBayes plan score=1.72 (predicts 3 uncovered fns)
2026-06-01 20:54:00,834 INFO: CovBayes plan score=1.22 (predicts 3 uncovered fns)
2026-06-01 20:54:01,316 INFO: CovBayes plan score=1.24 (predicts 2 uncovered fns)
2026-06-01 20:54:01,999 INFO: CovBayes plan score=1.72 (predicts 3 uncovered fns)
2026-06-01 20:54:02,466 INFO: CovBayes plan score=1.24 (predicts 2 uncovered fns)
2026-06-01 20:54:03,101 INFO: CovBayes plan score=0.50 (predicts 1 uncovered fns)
2026-06-01 20:54:03,444 INFO: CovBayes plan score=0.50 (predicts 1 uncovered fns)
2026-06-01 20:54:03,553 INFO: CovBayes plan score=0.01 (predicts 0 uncovered fns)
2026-06-01 20:54:03,896 INFO: CovBayes plan score=0.00 (predicts 1 uncovered fns)
2026-06-01 20:54:06,511 INFO: CovBayes plan score=0.01 (predicts 0 uncovered fns)
2026-06-01 20:54:06,842 INFO: CovBayes plan score=0.00 (predicts 1 uncovered fns)
2026-06-01 20:54:07,173 INFO: CovBayes plan score=0.00 (predicts 1 uncovered fns)
2026-06-01 20:54:07,275 INFO: CovBayes plan score=0.01 (predicts 0 uncovered fns)
2026-06-01 20:54:10,140 INFO: CovBayes plan score=0.40 (predicts 0 uncovered fns)
2026-06-01 20:54:10,489 INFO: CovBayes plan score=0.76 (predicts 2 uncovered fns)
2026-06-01 20:54:12,914 INFO: CovBayes plan score=0.40 (predicts 0 uncovered fns)
2026-06-01 20:54:16,290 INFO: CovBayes plan score=0.40 (predicts 0 uncovered fns)
2026-06-01 20:54:21,263 INFO: CovBayes plan score=0.40 (predicts 0 uncovered fns)
2026-06-01 20:54:24,517 INFO: CovBayes plan score=0.40 (predicts 0 uncovered fns)
2026-06-01 20:54:29,303 INFO: CovBayes plan score=0.60 (predicts 1 uncovered fns)
2026-06-01 20:54:32,351 INFO: CovBayes plan score=0.40 (predicts 0 uncovered fns)
2026-06-01 20:54:32,882 INFO: CovBayes plan score=2.35 (predicts 4 uncovered fns)
2026-06-01 20:54:33,662 INFO: CovBayes plan score=1.86 (predicts 3 uncovered fns)
2026-06-01 20:54:34,372 INFO: CovBayes plan score=1.86 (predicts 3 uncovered fns)
2026-06-01 20:54:34,989 INFO: CovBayes plan score=0.23 (predicts 0 uncovered fns)
2026-06-01 20:54:35,100 INFO: CovBayes plan score=1.86 (predicts 3 uncovered fns)
2026-06-01 20:54:35,798 INFO: CovBayes plan score=1.86 (predicts 3 uncovered fns)
2026-06-01 20:54:36,665 INFO: CovBayes plan score=0.01 (predicts 0 uncovered fns)
2026-06-01 20:54:36,763 INFO: CovBayes plan score=2.35 (predicts 4 uncovered fns)
2026-06-01 20:54:36,766 INFO: CovBayes plan score=0.01 (predicts 0 uncovered fns)
2026-06-01 20:54:37,136 INFO: CovBayes plan score=0.00 (predicts 1 uncovered fns)
2026-06-01 20:54:37,473 INFO: CovBayes plan score=0.00 (predicts 1 uncovered fns)
2026-06-01 20:54:37,493 INFO: CovBayes plan score=1.86 (predicts 3 uncovered fns)
2026-06-01 20:54:37,851 INFO: CovBayes plan score=0.33 (predicts 1 uncovered fns)
2026-06-01 20:54:38,198 INFO: CovBayes plan score=0.00 (predicts 1 uncovered fns)
2026-06-01 20:54:38,237 INFO: CovBayes plan score=1.86 (predicts 3 uncovered fns)
2026-06-01 20:54:38,571 INFO: CovBayes plan score=0.00 (predicts 15 uncovered fns)
2026-06-01 20:54:40,165 INFO: CovBayes plan score=0.01 (predicts 0 uncovered fns)
2026-06-01 20:54:40,499 INFO: CovBayes plan score=0.01 (predicts 0 uncovered fns)
2026-06-01 20:54:41,594 INFO: CovBayes plan score=0.00 (predicts 15 uncovered fns)
2026-06-01 20:54:43,071 INFO: CovBayes plan score=0.23 (predicts 0 uncovered fns)
  [34/93] rich.style seed=42: {'divhints_random': 81, 'divhints_oracle': 95, 'cov_bayes': 79}
2026-06-01 20:54:46,322 INFO: CovBayes plan score=0.00 (predicts 15 uncovered fns)
2026-06-01 20:54:47,985 INFO: CovBayes plan score=0.23 (predicts 0 uncovered fns)
2026-06-01 20:54:52,869 INFO: CovBayes plan score=0.00 (predicts 15 uncovered fns)
2026-06-01 20:54:57,902 INFO: CovBayes plan score=0.00 (predicts 15 uncovered fns)
2026-06-01 20:55:03,688 INFO: CovBayes plan score=0.36 (predicts 0 uncovered fns)
2026-06-01 20:55:08,550 INFO: CovBayes plan score=0.00 (predicts 1 uncovered fns)
2026-06-01 20:55:08,796 INFO: CovBayes plan score=0.36 (predicts 0 uncovered fns)
2026-06-01 20:55:12,251 INFO: CovBayes plan score=0.01 (predicts 0 uncovered fns)
2026-06-01 20:55:12,704 INFO: CovBayes plan score=0.00 (predicts 1 uncovered fns)
2026-06-01 20:55:14,918 INFO: CovBayes plan score=1.65 (predicts 3 uncovered fns)
2026-06-01 20:55:15,327 INFO: CovBayes plan score=0.01 (predicts 0 uncovered fns)
2026-06-01 20:55:15,460 INFO: CovBayes plan score=0.01 (predicts 0 uncovered fns)
2026-06-01 20:55:15,880 INFO: CovBayes plan score=0.00 (predicts 1 uncovered fns)
2026-06-01 20:55:16,305 INFO: CovBayes plan score=0.00 (predicts 1 uncovered fns)
2026-06-01 20:55:16,923 INFO: CovBayes plan score=0.00 (predicts 1 uncovered fns)
2026-06-01 20:55:19,238 INFO: CovBayes plan score=0.36 (predicts 0 uncovered fns)
2026-06-01 20:55:23,021 INFO: CovBayes plan score=0.85 (predicts 3 uncovered fns)
2026-06-01 20:55:23,475 INFO: CovBayes plan score=1.36 (predicts 2 uncovered fns)
2026-06-01 20:55:23,853 INFO: CovBayes plan score=0.23 (predicts 0 uncovered fns)
2026-06-01 20:55:24,346 INFO: CovBayes plan score=0.85 (predicts 3 uncovered fns)
2026-06-01 20:55:25,151 INFO: CovBayes plan score=0.36 (predicts 0 uncovered fns)
2026-06-01 20:55:25,539 INFO: CovBayes plan score=0.23 (predicts 0 uncovered fns)
2026-06-01 20:55:27,146 INFO: CovBayes plan score=0.85 (predicts 3 uncovered fns)
2026-06-01 20:55:27,378 INFO: CovBayes plan score=0.23 (predicts 0 uncovered fns)
2026-06-01 20:55:28,069 INFO: CovBayes plan score=1.84 (predicts 3 uncovered fns)
2026-06-01 20:55:29,304 INFO: CovBayes plan score=0.23 (predicts 0 uncovered fns)
2026-06-01 20:55:29,554 INFO: CovBayes plan score=0.36 (predicts 0 uncovered fns)
2026-06-01 20:55:32,767 INFO: CovBayes plan score=0.00 (predicts 15 uncovered fns)
2026-06-01 20:55:34,034 INFO: CovBayes plan score=0.00 (predicts 26 uncovered fns)
2026-06-01 20:55:34,545 INFO: CovBayes plan score=0.36 (predicts 0 uncovered fns)
2026-06-01 20:55:37,569 INFO: CovBayes plan score=0.00 (predicts 15 uncovered fns)
2026-06-01 20:55:38,404 INFO: CovBayes plan score=0.36 (predicts 0 uncovered fns)
2026-06-01 20:55:38,547 INFO: CovBayes plan score=0.23 (predicts 0 uncovered fns)
2026-06-01 20:55:40,100 INFO: CovBayes plan score=0.23 (predicts 0 uncovered fns)
2026-06-01 20:55:40,278 INFO: CovBayes plan score=0.00 (predicts 26 uncovered fns)
2026-06-01 20:55:41,062 INFO: CovBayes plan score=1.84 (predicts 3 uncovered fns)
2026-06-01 20:55:44,672 INFO: CovBayes plan score=0.01 (predicts 0 uncovered fns)
2026-06-01 20:55:44,978 INFO: CovBayes plan score=0.00 (predicts 1 uncovered fns)
2026-06-01 20:55:46,996 INFO: CovBayes plan score=0.01 (predicts 0 uncovered fns)
2026-06-01 20:55:47,267 INFO: CovBayes plan score=0.00 (predicts 1 uncovered fns)
2026-06-01 20:55:47,537 INFO: CovBayes plan score=0.25 (predicts 1 uncovered fns)
2026-06-01 20:55:47,823 INFO: CovBayes plan score=0.00 (predicts 1 uncovered fns)
2026-06-01 20:55:48,111 INFO: CovBayes plan score=0.01 (predicts 0 uncovered fns)
2026-06-01 20:55:48,561 INFO: CovBayes plan score=0.01 (predicts 0 uncovered fns)
2026-06-01 20:56:06,867 INFO: CovBayes plan score=0.23 (predicts 0 uncovered fns)
2026-06-01 20:56:07,924 INFO: CovBayes plan score=0.59 (predicts 1 uncovered fns)
2026-06-01 20:56:08,597 INFO: CovBayes plan score=0.23 (predicts 0 uncovered fns)
2026-06-01 20:56:09,423 INFO: CovBayes plan score=1.00 (predicts 4 uncovered fns)
2026-06-01 20:56:10,213 INFO: CovBayes plan score=1.51 (predicts 3 uncovered fns)
2026-06-01 20:56:12,113 INFO: CovBayes plan score=0.00 (predicts 15 uncovered fns)
2026-06-01 20:56:12,114 INFO: CovBayes plan score=0.34 (predicts 0 uncovered fns)
2026-06-01 20:56:14,436 INFO: CovBayes plan score=0.00 (predicts 1 uncovered fns)
2026-06-01 20:56:14,748 INFO: CovBayes plan score=0.02 (predicts 1 uncovered fns)
2026-06-01 20:56:15,058 INFO: CovBayes plan score=0.00 (predicts 1 uncovered fns)
2026-06-01 20:56:15,247 INFO: CovBayes plan score=0.00 (predicts 15 uncovered fns)
2026-06-01 20:56:15,421 INFO: CovBayes plan score=0.01 (predicts 0 uncovered fns)
2026-06-01 20:56:15,737 INFO: CovBayes plan score=0.01 (predicts 0 uncovered fns)
2026-06-01 20:56:15,738 INFO: CovBayes plan score=0.00 (predicts 26 uncovered fns)
2026-06-01 20:56:15,992 INFO: CovBayes plan score=0.34 (predicts 0 uncovered fns)
2026-06-01 20:56:16,253 INFO: CovBayes plan score=1.02 (predicts 2 uncovered fns)
2026-06-01 20:56:17,474 INFO: CovBayes plan score=0.01 (predicts 0 uncovered fns)
2026-06-01 20:56:18,273 INFO: CovBayes plan score=0.00 (predicts 15 uncovered fns)
2026-06-01 20:56:19,375 INFO: CovBayes plan score=0.01 (predicts 0 uncovered fns)
2026-06-01 20:56:19,675 INFO: CovBayes plan score=0.00 (predicts 1 uncovered fns)
2026-06-01 20:56:19,676 INFO: CovBayes plan score=0.23 (predicts 0 uncovered fns)
2026-06-01 20:56:19,776 INFO: CovBayes plan score=0.34 (predicts 0 uncovered fns)
2026-06-01 20:56:21,277 INFO: CovBayes plan score=0.00 (predicts 26 uncovered fns)
2026-06-01 20:56:22,798 INFO: CovBayes plan score=0.00 (predicts 15 uncovered fns)
2026-06-01 20:56:23,542 INFO: CovBayes plan score=0.34 (predicts 0 uncovered fns)
2026-06-01 20:56:26,463 INFO: CovBayes plan score=0.00 (predicts 15 uncovered fns)
2026-06-01 20:56:27,399 INFO: CovBayes plan score=0.00 (predicts 26 uncovered fns)
2026-06-01 20:56:27,758 INFO: CovBayes plan score=0.34 (predicts 0 uncovered fns)
2026-06-01 20:56:27,920 INFO: CovBayes plan score=1.18 (predicts 2 uncovered fns)
2026-06-01 20:56:28,804 INFO: CovBayes plan score=1.34 (predicts 3 uncovered fns)
2026-06-01 20:56:30,741 INFO: CovBayes plan score=0.34 (predicts 0 uncovered fns)
2026-06-01 20:56:35,865 INFO: CovBayes plan score=0.34 (predicts 0 uncovered fns)
2026-06-01 20:56:50,172 INFO: CovBayes plan score=0.00 (predicts 0 uncovered fns)
2026-06-01 20:56:50,659 INFO: CovBayes plan score=0.00 (predicts 0 uncovered fns)
2026-06-01 20:56:51,123 INFO: CovBayes plan score=0.00 (predicts 1 uncovered fns)
2026-06-01 20:56:54,267 INFO: CovBayes plan score=0.00 (predicts 0 uncovered fns)
2026-06-01 20:56:54,721 INFO: CovBayes plan score=0.00 (predicts 1 uncovered fns)
2026-06-01 20:56:55,177 INFO: CovBayes plan score=0.13 (predicts 1 uncovered fns)
2026-06-01 20:56:55,629 INFO: CovBayes plan score=0.17 (predicts 1 uncovered fns)
2026-06-01 20:56:56,106 INFO: CovBayes plan score=0.00 (predicts 0 uncovered fns)
2026-06-01 20:56:56,134 INFO: CovBayes plan score=0.00 (predicts 15 uncovered fns)
2026-06-01 20:56:58,680 INFO: CovBayes plan score=0.23 (predicts 0 uncovered fns)
2026-06-01 20:57:00,646 INFO: CovBayes plan score=0.23 (predicts 0 uncovered fns)
2026-06-01 20:57:03,986 INFO: CovBayes plan score=0.00 (predicts 15 uncovered fns)
2026-06-01 20:57:06,415 INFO: CovBayes plan score=0.34 (predicts 0 uncovered fns)
2026-06-01 20:57:06,916 INFO: CovBayes plan score=0.35 (predicts 0 uncovered fns)
2026-06-01 20:57:07,241 INFO: CovBayes plan score=0.00 (predicts 15 uncovered fns)
2026-06-01 20:57:07,417 INFO: CovBayes plan score=0.67 (predicts 1 uncovered fns)
2026-06-01 20:57:08,946 INFO: CovBayes plan score=0.23 (predicts 0 uncovered fns)
2026-06-01 20:57:11,288 INFO: CovBayes plan score=0.34 (predicts 0 uncovered fns)
2026-06-01 20:57:12,571 INFO: CovBayes plan score=0.00 (predicts 15 uncovered fns)
2026-06-01 20:57:13,000 INFO: CovBayes plan score=0.41 (predicts 2 uncovered fns)
2026-06-01 20:57:14,375 INFO: CovBayes plan score=0.34 (predicts 0 uncovered fns)
2026-06-01 20:57:16,578 INFO: CovBayes plan score=0.00 (predicts 15 uncovered fns)
2026-06-01 20:57:19,318 INFO: CovBayes plan score=0.34 (predicts 0 uncovered fns)
2026-06-01 20:57:19,421 INFO: CovBayes plan score=0.35 (predicts 0 uncovered fns)
2026-06-01 20:57:21,360 INFO: CovBayes plan score=0.34 (predicts 0 uncovered fns)
2026-06-01 20:57:22,275 INFO: CovBayes plan score=0.00 (predicts 0 uncovered fns)
2026-06-01 20:57:22,643 INFO: CovBayes plan score=0.00 (predicts 0 uncovered fns)
2026-06-01 20:57:22,994 INFO: CovBayes plan score=0.00 (predicts 1 uncovered fns)
2026-06-01 20:57:23,103 INFO: CovBayes plan score=0.00 (predicts 0 uncovered fns)
2026-06-01 20:57:24,817 INFO: CovBayes plan score=0.34 (predicts 0 uncovered fns)
2026-06-01 20:57:25,047 INFO: CovBayes plan score=0.33 (predicts 2 uncovered fns)
2026-06-01 20:57:25,752 INFO: CovBayes plan score=0.00 (predicts 0 uncovered fns)
2026-06-01 20:57:26,103 INFO: CovBayes plan score=0.00 (predicts 0 uncovered fns)
2026-06-01 20:57:26,586 INFO: CovBayes plan score=0.00 (predicts 1 uncovered fns)
2026-06-01 20:57:26,941 INFO: CovBayes plan score=0.00 (predicts 1 uncovered fns)
2026-06-01 20:57:28,602 INFO: CovBayes plan score=0.34 (predicts 0 uncovered fns)
2026-06-01 20:57:30,259 INFO: CovBayes plan score=0.35 (predicts 0 uncovered fns)
2026-06-01 20:57:31,900 INFO: CovBayes plan score=0.34 (predicts 0 uncovered fns)
2026-06-01 20:57:36,389 INFO: CovBayes plan score=0.35 (predicts 0 uncovered fns)
  [35/93] rich.traceback seed=42: {'divhints_random': 68, 'divhints_oracle': 73, 'cov_bayes': 75}
2026-06-01 20:57:41,534 INFO: CovBayes plan score=0.35 (predicts 0 uncovered fns)
2026-06-01 20:57:44,501 INFO: CovBayes plan score=0.00 (predicts 15 uncovered fns)
2026-06-01 20:57:48,329 INFO: CovBayes plan score=0.00 (predicts 15 uncovered fns)
2026-06-01 20:57:50,191 INFO: CovBayes plan score=0.23 (predicts 0 uncovered fns)
2026-06-01 20:57:52,050 INFO: CovBayes plan score=0.23 (predicts 0 uncovered fns)
2026-06-01 20:57:55,374 INFO: CovBayes plan score=0.00 (predicts 15 uncovered fns)
2026-06-01 20:57:58,666 INFO: CovBayes plan score=0.00 (predicts 15 uncovered fns)
2026-06-01 20:57:59,641 INFO: CovBayes plan score=0.23 (predicts 0 uncovered fns)
2026-06-01 20:58:00,570 INFO: CovBayes plan score=0.34 (predicts 0 uncovered fns)
2026-06-01 20:58:03,429 INFO: CovBayes plan score=0.00 (predicts 15 uncovered fns)
2026-06-01 20:58:04,087 INFO: CovBayes plan score=0.34 (predicts 0 uncovered fns)
2026-06-01 20:58:06,999 INFO: CovBayes plan score=0.34 (predicts 0 uncovered fns)
2026-06-01 20:58:11,021 INFO: CovBayes plan score=0.34 (predicts 0 uncovered fns)
2026-06-01 20:58:12,119 INFO: CovBayes plan score=0.34 (predicts 0 uncovered fns)
2026-06-01 20:58:14,332 INFO: CovBayes plan score=0.34 (predicts 0 uncovered fns)
2026-06-01 20:58:15,918 INFO: CovBayes plan score=0.34 (predicts 0 uncovered fns)
2026-06-01 20:58:17,316 INFO: CovBayes plan score=0.34 (predicts 0 uncovered fns)
2026-06-01 20:58:19,107 INFO: CovBayes plan score=0.34 (predicts 0 uncovered fns)
2026-06-01 20:58:20,465 INFO: CovBayes plan score=0.34 (predicts 0 uncovered fns)
2026-06-01 20:58:22,548 INFO: CovBayes plan score=0.34 (predicts 0 uncovered fns)
2026-06-01 20:58:25,020 INFO: CovBayes plan score=0.34 (predicts 0 uncovered fns)
2026-06-01 20:58:28,435 INFO: CovBayes plan score=0.40 (predicts 2 uncovered fns)
2026-06-01 20:58:31,809 INFO: CovBayes plan score=0.00 (predicts 15 uncovered fns)
2026-06-01 20:58:33,666 INFO: CovBayes plan score=0.32 (predicts 2 uncovered fns)
2026-06-01 20:58:35,410 INFO: CovBayes plan score=0.00 (predicts 15 uncovered fns)
2026-06-01 20:58:37,672 INFO: CovBayes plan score=0.34 (predicts 0 uncovered fns)
2026-06-01 20:58:38,576 INFO: CovBayes plan score=1.63 (predicts 3 uncovered fns)
2026-06-01 20:58:40,534 INFO: CovBayes plan score=0.00 (predicts 15 uncovered fns)
2026-06-01 20:58:44,316 INFO: CovBayes plan score=0.00 (predicts 15 uncovered fns)
2026-06-01 20:58:47,961 INFO: CovBayes plan score=0.00 (predicts 15 uncovered fns)
2026-06-01 20:58:49,602 INFO: CovBayes plan score=1.66 (predicts 0 uncovered fns)
2026-06-01 20:58:49,904 INFO: CovBayes plan score=0.23 (predicts 0 uncovered fns)
2026-06-01 20:58:51,538 INFO: CovBayes plan score=0.23 (predicts 0 uncovered fns)
2026-06-01 20:58:53,946 INFO: CovBayes plan score=0.34 (predicts 0 uncovered fns)
2026-06-01 20:58:54,313 INFO: CovBayes plan score=1.66 (predicts 0 uncovered fns)
2026-06-01 20:58:55,389 INFO: CovBayes plan score=0.00 (predicts 15 uncovered fns)
2026-06-01 20:58:57,022 INFO: CovBayes plan score=0.34 (predicts 0 uncovered fns)
2026-06-01 20:58:59,272 INFO: CovBayes plan score=0.34 (predicts 0 uncovered fns)
2026-06-01 20:58:59,677 INFO: CovBayes plan score=1.66 (predicts 0 uncovered fns)
2026-06-01 20:59:03,816 INFO: CovBayes plan score=0.34 (predicts 0 uncovered fns)
2026-06-01 20:59:06,647 INFO: CovBayes plan score=2.15 (predicts 1 uncovered fns)
2026-06-01 20:59:07,027 INFO: CovBayes plan score=1.86 (predicts 4 uncovered fns)
2026-06-01 20:59:08,642 INFO: CovBayes plan score=0.34 (predicts 0 uncovered fns)
2026-06-01 20:59:11,934 INFO: CovBayes plan score=0.34 (predicts 0 uncovered fns)
2026-06-01 20:59:13,912 INFO: CovBayes plan score=1.66 (predicts 0 uncovered fns)
2026-06-01 20:59:14,064 INFO: CovBayes plan score=0.28 (predicts 4 uncovered fns)
2026-06-01 20:59:14,862 INFO: CovBayes plan score=0.34 (predicts 0 uncovered fns)
2026-06-01 20:59:17,924 INFO: CovBayes plan score=0.34 (predicts 0 uncovered fns)
2026-06-01 20:59:18,096 INFO: CovBayes plan score=0.23 (predicts 0 uncovered fns)
2026-06-01 20:59:18,135 INFO: CovBayes plan score=0.33 (predicts 0 uncovered fns)
2026-06-01 20:59:19,068 INFO: CovBayes plan score=0.23 (predicts 0 uncovered fns)
2026-06-01 20:59:19,108 INFO: CovBayes plan score=1.66 (predicts 0 uncovered fns)
2026-06-01 20:59:21,636 INFO: CovBayes plan score=0.33 (predicts 0 uncovered fns)
2026-06-01 20:59:23,504 INFO: CovBayes plan score=1.66 (predicts 0 uncovered fns)
2026-06-01 20:59:23,996 INFO: CovBayes plan score=0.00 (predicts 15 uncovered fns)
2026-06-01 20:59:25,614 INFO: CovBayes plan score=0.23 (predicts 0 uncovered fns)
2026-06-01 20:59:26,930 INFO: CovBayes plan score=1.66 (predicts 0 uncovered fns)
2026-06-01 20:59:27,229 INFO: CovBayes plan score=0.23 (predicts 0 uncovered fns)
2026-06-01 20:59:28,693 INFO: CovBayes plan score=0.23 (predicts 0 uncovered fns)
2026-06-01 20:59:29,547 INFO: CovBayes plan score=0.33 (predicts 0 uncovered fns)
2026-06-01 20:59:30,098 INFO: CovBayes plan score=1.30 (predicts 2 uncovered fns)
2026-06-01 20:59:30,431 INFO: CovBayes plan score=0.23 (predicts 0 uncovered fns)
2026-06-01 20:59:33,686 INFO: CovBayes plan score=0.00 (predicts 15 uncovered fns)
2026-06-01 20:59:37,185 INFO: CovBayes plan score=0.33 (predicts 0 uncovered fns)
2026-06-01 20:59:42,267 INFO: CovBayes plan score=0.33 (predicts 0 uncovered fns)
  [36/93] rich.color seed=42: {'divhints_random': 26, 'divhints_oracle': 26, 'cov_bayes': 26}
2026-06-01 20:59:49,535 INFO: CovBayes plan score=0.34 (predicts 0 uncovered fns)
2026-06-01 20:59:52,678 INFO: CovBayes plan score=0.34 (predicts 0 uncovered fns)
2026-06-01 20:59:57,360 INFO: CovBayes plan score=0.34 (predicts 0 uncovered fns)
2026-06-01 20:59:57,713 INFO: CovBayes plan score=0.34 (predicts 0 uncovered fns)
2026-06-01 21:00:02,683 INFO: CovBayes plan score=0.34 (predicts 0 uncovered fns)
2026-06-01 21:00:03,139 INFO: CovBayes plan score=1.94 (predicts 1 uncovered fns)
2026-06-01 21:00:05,934 INFO: CovBayes plan score=0.34 (predicts 0 uncovered fns)
2026-06-01 21:00:08,030 INFO: CovBayes plan score=8.48 (predicts 15 uncovered fns)
2026-06-01 21:00:09,863 INFO: CovBayes plan score=0.34 (predicts 0 uncovered fns)
2026-06-01 21:00:11,923 INFO: CovBayes plan score=1.94 (predicts 1 uncovered fns)
2026-06-01 21:00:12,428 INFO: CovBayes plan score=0.31 (predicts 0 uncovered fns)
2026-06-01 21:00:14,353 INFO: CovBayes plan score=0.34 (predicts 0 uncovered fns)
2026-06-01 21:00:15,114 INFO: CovBayes plan score=0.49 (predicts 2 uncovered fns)
2026-06-01 21:00:18,178 INFO: CovBayes plan score=8.24 (predicts 14 uncovered fns)
2026-06-01 21:00:19,365 INFO: CovBayes plan score=0.58 (predicts 2 uncovered fns)
2026-06-01 21:00:21,975 INFO: CovBayes plan score=1.94 (predicts 1 uncovered fns)
2026-06-01 21:00:24,890 INFO: CovBayes plan score=0.33 (predicts 23 uncovered fns)
2026-06-01 21:00:28,553 INFO: CovBayes plan score=0.31 (predicts 0 uncovered fns)
2026-06-01 21:00:28,869 INFO: CovBayes plan score=0.64 (predicts 1 uncovered fns)
2026-06-01 21:00:30,553 INFO: CovBayes plan score=1.61 (predicts 0 uncovered fns)
2026-06-01 21:00:33,959 INFO: CovBayes plan score=0.31 (predicts 0 uncovered fns)
2026-06-01 21:00:36,571 INFO: CovBayes plan score=0.31 (predicts 0 uncovered fns)
2026-06-01 21:00:36,632 INFO: CovBayes plan score=1.94 (predicts 1 uncovered fns)
2026-06-01 21:00:43,865 INFO: CovBayes plan score=3.24 (predicts 4 uncovered fns)
2026-06-01 21:00:47,261 INFO: CovBayes plan score=0.34 (predicts 0 uncovered fns)
2026-06-01 21:00:50,988 INFO: CovBayes plan score=1.62 (predicts 1 uncovered fns)
2026-06-01 21:00:51,757 INFO: CovBayes plan score=2.60 (predicts 3 uncovered fns)
2026-06-01 21:00:52,007 INFO: CovBayes plan score=0.34 (predicts 0 uncovered fns)
2026-06-01 21:00:52,123 INFO: CovBayes plan score=1.62 (predicts 1 uncovered fns)
2026-06-01 21:00:53,083 INFO: CovBayes plan score=2.60 (predicts 3 uncovered fns)
2026-06-01 21:00:53,446 INFO: CovBayes plan score=1.62 (predicts 1 uncovered fns)
2026-06-01 21:00:54,458 INFO: CovBayes plan score=2.60 (predicts 3 uncovered fns)
2026-06-01 21:00:54,863 INFO: CovBayes plan score=1.62 (predicts 1 uncovered fns)
2026-06-01 21:00:55,767 INFO: CovBayes plan score=2.60 (predicts 3 uncovered fns)
2026-06-01 21:00:57,779 INFO: CovBayes plan score=0.34 (predicts 0 uncovered fns)
2026-06-01 21:01:02,357 INFO: CovBayes plan score=0.34 (predicts 0 uncovered fns)
2026-06-01 21:01:07,695 INFO: CovBayes plan score=0.34 (predicts 0 uncovered fns)
2026-06-01 21:01:08,001 INFO: CovBayes plan score=0.30 (predicts 2 uncovered fns)
2026-06-01 21:01:12,036 INFO: CovBayes plan score=0.31 (predicts 0 uncovered fns)
2026-06-01 21:01:14,333 INFO: CovBayes plan score=0.34 (predicts 0 uncovered fns)
2026-06-01 21:01:17,734 INFO: CovBayes plan score=0.31 (predicts 0 uncovered fns)
2026-06-01 21:01:18,497 INFO: CovBayes plan score=0.34 (predicts 0 uncovered fns)
2026-06-01 21:01:18,833 INFO: CovBayes plan score=0.31 (predicts 0 uncovered fns)
2026-06-01 21:01:19,881 INFO: CovBayes plan score=1.14 (predicts 0 uncovered fns)
2026-06-01 21:01:19,979 INFO: CovBayes plan score=1.10 (predicts 0 uncovered fns)
2026-06-01 21:01:20,430 INFO: CovBayes plan score=1.10 (predicts 0 uncovered fns)
2026-06-01 21:01:20,864 INFO: CovBayes plan score=1.10 (predicts 0 uncovered fns)
2026-06-01 21:01:21,297 INFO: CovBayes plan score=1.10 (predicts 0 uncovered fns)
2026-06-01 21:01:21,732 INFO: CovBayes plan score=1.10 (predicts 0 uncovered fns)
2026-06-01 21:01:22,164 INFO: CovBayes plan score=1.10 (predicts 0 uncovered fns)
2026-06-01 21:01:22,271 INFO: CovBayes plan score=0.34 (predicts 0 uncovered fns)
2026-06-01 21:01:22,592 INFO: CovBayes plan score=1.10 (predicts 0 uncovered fns)
2026-06-01 21:01:22,669 INFO: CovBayes plan score=0.30 (predicts 2 uncovered fns)
2026-06-01 21:01:23,034 INFO: CovBayes plan score=1.10 (predicts 0 uncovered fns)
2026-06-01 21:01:25,058 INFO: CovBayes plan score=1.14 (predicts 0 uncovered fns)
2026-06-01 21:01:26,295 INFO: CovBayes plan score=0.30 (predicts 2 uncovered fns)
2026-06-01 21:01:29,306 INFO: CovBayes plan score=1.88 (predicts 3 uncovered fns)
2026-06-01 21:01:31,166 INFO: CovBayes plan score=0.31 (predicts 0 uncovered fns)
  [37/93] rich.segment seed=42: {'divhints_random': 60, 'divhints_oracle': 60, 'cov_bayes': 60}
2026-06-01 21:01:34,094 INFO: CovBayes plan score=1.14 (predicts 0 uncovered fns)
2026-06-01 21:01:36,075 INFO: CovBayes plan score=0.31 (predicts 0 uncovered fns)
2026-06-01 21:01:41,250 INFO: CovBayes plan score=1.14 (predicts 0 uncovered fns)
2026-06-01 21:01:45,518 INFO: CovBayes plan score=1.14 (predicts 0 uncovered fns)
2026-06-01 21:01:48,418 INFO: CovBayes plan score=1.10 (predicts 0 uncovered fns)
2026-06-01 21:01:51,005 INFO: CovBayes plan score=1.10 (predicts 0 uncovered fns)
2026-06-01 21:01:51,165 INFO: CovBayes plan score=1.62 (predicts 1 uncovered fns)
2026-06-01 21:01:51,522 INFO: CovBayes plan score=1.10 (predicts 0 uncovered fns)
2026-06-01 21:01:52,002 INFO: CovBayes plan score=1.10 (predicts 0 uncovered fns)
2026-06-01 21:01:52,492 INFO: CovBayes plan score=1.10 (predicts 0 uncovered fns)
2026-06-01 21:01:52,982 INFO: CovBayes plan score=1.10 (predicts 0 uncovered fns)
2026-06-01 21:01:55,499 INFO: CovBayes plan score=1.10 (predicts 0 uncovered fns)
2026-06-01 21:01:55,955 INFO: CovBayes plan score=1.10 (predicts 0 uncovered fns)
2026-06-01 21:01:59,764 INFO: CovBayes plan score=1.14 (predicts 0 uncovered fns)
2026-06-01 21:02:05,809 INFO: CovBayes plan score=0.31 (predicts 0 uncovered fns)
2026-06-01 21:02:09,031 INFO: CovBayes plan score=0.31 (predicts 0 uncovered fns)
2026-06-01 21:02:09,708 INFO: CovBayes plan score=0.75 (predicts 2 uncovered fns)
2026-06-01 21:02:13,255 INFO: CovBayes plan score=0.31 (predicts 0 uncovered fns)
2026-06-01 21:02:21,705 INFO: CovBayes plan score=1.10 (predicts 0 uncovered fns)
2026-06-01 21:02:22,071 INFO: CovBayes plan score=0.31 (predicts 0 uncovered fns)
2026-06-01 21:02:22,168 INFO: CovBayes plan score=1.10 (predicts 0 uncovered fns)
2026-06-01 21:02:22,384 INFO: CovBayes plan score=0.55 (predicts 1 uncovered fns)
2026-06-01 21:02:22,632 INFO: CovBayes plan score=1.10 (predicts 0 uncovered fns)
2026-06-01 21:02:23,066 INFO: CovBayes plan score=1.10 (predicts 0 uncovered fns)
2026-06-01 21:02:23,514 INFO: CovBayes plan score=1.10 (predicts 0 uncovered fns)
2026-06-01 21:02:23,958 INFO: CovBayes plan score=1.10 (predicts 0 uncovered fns)
2026-06-01 21:02:24,393 INFO: CovBayes plan score=1.10 (predicts 0 uncovered fns)
2026-06-01 21:02:24,819 INFO: CovBayes plan score=1.10 (predicts 0 uncovered fns)
2026-06-01 21:02:28,441 INFO: CovBayes plan score=0.31 (predicts 0 uncovered fns)
2026-06-01 21:02:31,537 INFO: CovBayes plan score=1.13 (predicts 0 uncovered fns)
2026-06-01 21:02:33,168 INFO: CovBayes plan score=0.31 (predicts 0 uncovered fns)
2026-06-01 21:02:40,558 INFO: CovBayes plan score=1.13 (predicts 0 uncovered fns)
  [38/93] rich.layout seed=42: {'divhints_random': 17, 'divhints_oracle': 17, 'cov_bayes': 17}
2026-06-01 21:02:49,248 INFO: CovBayes plan score=1.10 (predicts 0 uncovered fns)
2026-06-01 21:02:49,330 INFO: CovBayes plan score=1.13 (predicts 0 uncovered fns)
2026-06-01 21:02:49,696 INFO: CovBayes plan score=1.10 (predicts 0 uncovered fns)
2026-06-01 21:02:50,675 INFO: CovBayes plan score=1.10 (predicts 0 uncovered fns)
2026-06-01 21:02:51,256 INFO: CovBayes plan score=1.10 (predicts 0 uncovered fns)
2026-06-01 21:02:51,839 INFO: CovBayes plan score=1.10 (predicts 0 uncovered fns)
2026-06-01 21:02:52,156 INFO: CovBayes plan score=1.10 (predicts 0 uncovered fns)
2026-06-01 21:02:52,739 INFO: CovBayes plan score=1.10 (predicts 0 uncovered fns)
2026-06-01 21:02:53,322 INFO: CovBayes plan score=1.10 (predicts 0 uncovered fns)
2026-06-01 21:02:56,899 INFO: CovBayes plan score=1.13 (predicts 0 uncovered fns)
2026-06-01 21:03:05,816 INFO: CovBayes plan score=1.13 (predicts 0 uncovered fns)
2026-06-01 21:03:11,737 INFO: CovBayes plan score=1.13 (predicts 0 uncovered fns)
2026-06-01 21:03:18,662 INFO: CovBayes plan score=1.10 (predicts 0 uncovered fns)
2026-06-01 21:03:19,938 INFO: CovBayes plan score=1.13 (predicts 0 uncovered fns)
2026-06-01 21:03:21,569 INFO: CovBayes plan score=1.10 (predicts 0 uncovered fns)
2026-06-01 21:03:21,862 INFO: CovBayes plan score=1.10 (predicts 0 uncovered fns)
2026-06-01 21:03:22,392 INFO: CovBayes plan score=1.10 (predicts 0 uncovered fns)
2026-06-01 21:03:22,925 INFO: CovBayes plan score=1.10 (predicts 0 uncovered fns)
2026-06-01 21:03:23,456 INFO: CovBayes plan score=1.10 (predicts 0 uncovered fns)
2026-06-01 21:03:23,970 INFO: CovBayes plan score=1.10 (predicts 0 uncovered fns)
2026-06-01 21:03:24,505 INFO: CovBayes plan score=1.10 (predicts 0 uncovered fns)
2026-06-01 21:03:26,570 INFO: CovBayes plan score=1.13 (predicts 0 uncovered fns)
2026-06-01 21:03:57,191 INFO: CovBayes plan score=1.10 (predicts 0 uncovered fns)
2026-06-01 21:03:57,682 INFO: CovBayes plan score=1.10 (predicts 0 uncovered fns)
2026-06-01 21:03:58,162 INFO: CovBayes plan score=1.10 (predicts 0 uncovered fns)
2026-06-01 21:03:58,653 INFO: CovBayes plan score=1.10 (predicts 0 uncovered fns)
2026-06-01 21:03:59,132 INFO: CovBayes plan score=1.10 (predicts 0 uncovered fns)
2026-06-01 21:03:59,415 INFO: CovBayes plan score=1.10 (predicts 0 uncovered fns)
2026-06-01 21:03:59,886 INFO: CovBayes plan score=1.10 (predicts 0 uncovered fns)
2026-06-01 21:04:00,357 INFO: CovBayes plan score=1.10 (predicts 0 uncovered fns)
2026-06-01 21:04:04,331 INFO: CovBayes plan score=1.13 (predicts 0 uncovered fns)
2026-06-01 21:04:11,012 INFO: CovBayes plan score=1.13 (predicts 0 uncovered fns)
2026-06-01 21:04:15,762 INFO: CovBayes plan score=1.13 (predicts 0 uncovered fns)
2026-06-01 21:04:23,646 INFO: CovBayes plan score=1.13 (predicts 0 uncovered fns)
2026-06-01 21:04:28,060 INFO: CovBayes plan score=1.13 (predicts 0 uncovered fns)
2026-06-01 21:04:29,462 INFO: CovBayes plan score=1.10 (predicts 0 uncovered fns)
2026-06-01 21:04:29,712 INFO: CovBayes plan score=1.10 (predicts 0 uncovered fns)
2026-06-01 21:04:30,158 INFO: CovBayes plan score=1.10 (predicts 0 uncovered fns)
2026-06-01 21:04:30,592 INFO: CovBayes plan score=1.10 (predicts 0 uncovered fns)
2026-06-01 21:04:31,027 INFO: CovBayes plan score=1.10 (predicts 0 uncovered fns)
2026-06-01 21:04:31,463 INFO: CovBayes plan score=1.10 (predicts 0 uncovered fns)
2026-06-01 21:04:31,899 INFO: CovBayes plan score=1.10 (predicts 0 uncovered fns)
2026-06-01 21:04:32,346 INFO: CovBayes plan score=1.10 (predicts 0 uncovered fns)
2026-06-01 21:04:33,366 INFO: CovBayes plan score=1.13 (predicts 0 uncovered fns)
2026-06-01 21:04:37,425 INFO: CovBayes plan score=1.13 (predicts 0 uncovered fns)
2026-06-01 21:04:44,653 INFO: CovBayes plan score=1.13 (predicts 0 uncovered fns)
  [39/93] jinja2.filters seed=42: {'divhints_random': 129, 'divhints_oracle': 139, 'cov_bayes': 127}
2026-06-01 21:05:21,651 INFO: CovBayes plan score=1.13 (predicts 0 uncovered fns)
2026-06-01 21:05:26,712 INFO: CovBayes plan score=1.13 (predicts 0 uncovered fns)
2026-06-01 21:05:34,002 INFO: CovBayes plan score=1.13 (predicts 0 uncovered fns)
2026-06-01 21:05:39,418 INFO: CovBayes plan score=1.13 (predicts 0 uncovered fns)
2026-06-01 21:05:44,853 INFO: CovBayes plan score=1.13 (predicts 0 uncovered fns)
2026-06-01 21:05:51,166 INFO: CovBayes plan score=1.13 (predicts 0 uncovered fns)
2026-06-01 21:05:56,066 INFO: CovBayes plan score=1.13 (predicts 0 uncovered fns)
2026-06-01 21:06:02,900 INFO: CovBayes plan score=1.13 (predicts 0 uncovered fns)
2026-06-01 21:06:39,195 INFO: CovBayes plan score=1.13 (predicts 0 uncovered fns)
2026-06-01 21:06:44,240 INFO: CovBayes plan score=1.13 (predicts 0 uncovered fns)
2026-06-01 21:06:49,826 INFO: CovBayes plan score=1.13 (predicts 0 uncovered fns)
2026-06-01 21:06:58,623 INFO: CovBayes plan score=1.13 (predicts 0 uncovered fns)
2026-06-01 21:07:04,216 INFO: CovBayes plan score=1.13 (predicts 0 uncovered fns)
2026-06-01 21:07:11,648 INFO: CovBayes plan score=1.13 (predicts 0 uncovered fns)
2026-06-01 21:07:18,871 INFO: CovBayes plan score=1.13 (predicts 0 uncovered fns)
2026-06-01 21:07:24,317 INFO: CovBayes plan score=1.13 (predicts 0 uncovered fns)
2026-06-01 21:07:59,489 INFO: CovBayes plan score=1.06 (predicts 0 uncovered fns)
2026-06-01 21:08:03,683 INFO: CovBayes plan score=1.06 (predicts 0 uncovered fns)
2026-06-01 21:08:08,526 INFO: CovBayes plan score=1.06 (predicts 0 uncovered fns)
2026-06-01 21:08:12,875 INFO: CovBayes plan score=1.06 (predicts 0 uncovered fns)
2026-06-01 21:08:18,166 INFO: CovBayes plan score=2.59 (predicts 7 uncovered fns)
2026-06-01 21:08:22,064 INFO: CovBayes plan score=1.06 (predicts 0 uncovered fns)
2026-06-01 21:08:27,617 INFO: CovBayes plan score=1.06 (predicts 0 uncovered fns)
2026-06-01 21:08:31,285 INFO: CovBayes plan score=4.05 (predicts 9 uncovered fns)
  [40/93] jinja2.compiler seed=42: {'divhints_random': 143, 'divhints_oracle': 37, 'cov_bayes': 112}
2026-06-01 21:09:13,759 INFO: CovBayes plan score=1.52 (predicts 1 uncovered fns)
2026-06-01 21:09:14,000 INFO: CovBayes plan score=1.52 (predicts 1 uncovered fns)
2026-06-01 21:09:17,134 INFO: CovBayes plan score=8.62 (predicts 16 uncovered fns)
2026-06-01 21:09:17,729 INFO: CovBayes plan score=2.97 (predicts 4 uncovered fns)
2026-06-01 21:09:19,471 INFO: CovBayes plan score=5.88 (predicts 10 uncovered fns)
2026-06-01 21:09:22,026 INFO: CovBayes plan score=1.04 (predicts 0 uncovered fns)
2026-06-01 21:09:24,606 INFO: CovBayes plan score=1.04 (predicts 0 uncovered fns)
2026-06-01 21:09:24,836 INFO: CovBayes plan score=1.52 (predicts 1 uncovered fns)
2026-06-01 21:09:52,027 INFO: CovBayes plan score=2.46 (predicts 5 uncovered fns)
2026-06-01 21:09:52,809 INFO: CovBayes plan score=1.95 (predicts 4 uncovered fns)
2026-06-01 21:09:53,031 INFO: CovBayes plan score=1.16 (predicts 1 uncovered fns)
2026-06-01 21:09:53,569 INFO: CovBayes plan score=1.06 (predicts 1 uncovered fns)
2026-06-01 21:09:54,559 INFO: CovBayes plan score=2.91 (predicts 7 uncovered fns)
2026-06-01 21:09:55,635 INFO: CovBayes plan score=2.62 (predicts 5 uncovered fns)
2026-06-01 21:09:56,539 INFO: CovBayes plan score=2.06 (predicts 4 uncovered fns)
2026-06-01 21:09:58,100 INFO: CovBayes plan score=3.55 (predicts 8 uncovered fns)
2026-06-01 21:10:23,905 INFO: CovBayes plan score=1.44 (predicts 4 uncovered fns)
2026-06-01 21:10:24,425 INFO: CovBayes plan score=1.24 (predicts 3 uncovered fns)
2026-06-01 21:10:25,059 INFO: CovBayes plan score=2.41 (predicts 6 uncovered fns)
2026-06-01 21:10:29,792 INFO: CovBayes plan score=0.63 (predicts 0 uncovered fns)
2026-06-01 21:10:33,057 INFO: CovBayes plan score=0.63 (predicts 0 uncovered fns)
2026-06-01 21:10:33,870 INFO: CovBayes plan score=2.42 (predicts 5 uncovered fns)
2026-06-01 21:10:34,777 INFO: CovBayes plan score=0.63 (predicts 0 uncovered fns)
2026-06-01 21:10:39,026 INFO: CovBayes plan score=0.63 (predicts 0 uncovered fns)
2026-06-01 21:11:09,386 INFO: CovBayes plan score=1.72 (predicts 5 uncovered fns)
2026-06-01 21:11:10,082 INFO: CovBayes plan score=1.58 (predicts 3 uncovered fns)
2026-06-01 21:11:16,025 INFO: CovBayes plan score=1.51 (predicts 3 uncovered fns)
2026-06-01 21:11:17,259 INFO: CovBayes plan score=2.50 (predicts 8 uncovered fns)
2026-06-01 21:11:18,308 INFO: CovBayes plan score=1.65 (predicts 5 uncovered fns)
2026-06-01 21:11:20,150 INFO: CovBayes plan score=3.61 (predicts 10 uncovered fns)
2026-06-01 21:11:25,994 INFO: CovBayes plan score=0.61 (predicts 0 uncovered fns)
2026-06-01 21:11:27,145 INFO: CovBayes plan score=2.45 (predicts 7 uncovered fns)
2026-06-01 21:11:57,445 INFO: CovBayes plan score=2.68 (predicts 10 uncovered fns)
2026-06-01 21:11:58,086 INFO: CovBayes plan score=0.73 (predicts 2 uncovered fns)
2026-06-01 21:11:58,873 INFO: CovBayes plan score=1.09 (predicts 4 uncovered fns)
2026-06-01 21:12:01,684 INFO: CovBayes plan score=0.57 (predicts 0 uncovered fns)
2026-06-01 21:12:02,782 INFO: CovBayes plan score=1.51 (predicts 6 uncovered fns)
2026-06-01 21:12:07,183 INFO: CovBayes plan score=0.57 (predicts 0 uncovered fns)
2026-06-01 21:12:07,702 INFO: CovBayes plan score=0.83 (predicts 2 uncovered fns)
2026-06-01 21:12:08,519 INFO: CovBayes plan score=1.43 (predicts 5 uncovered fns)
2026-06-01 21:12:35,542 INFO: CovBayes plan score=1.26 (predicts 5 uncovered fns)
2026-06-01 21:12:39,012 INFO: CovBayes plan score=1.29 (predicts 3 uncovered fns)
2026-06-01 21:12:39,417 INFO: CovBayes plan score=0.74 (predicts 2 uncovered fns)
2026-06-01 21:12:44,208 INFO: CovBayes plan score=0.52 (predicts 0 uncovered fns)
2026-06-01 21:12:45,034 INFO: CovBayes plan score=1.32 (predicts 4 uncovered fns)
2026-06-01 21:12:45,830 INFO: CovBayes plan score=1.37 (predicts 4 uncovered fns)
2026-06-01 21:12:46,191 INFO: CovBayes plan score=0.74 (predicts 2 uncovered fns)
2026-06-01 21:12:50,211 INFO: CovBayes plan score=0.52 (predicts 0 uncovered fns)
2026-06-01 21:13:17,911 INFO: CovBayes plan score=1.06 (predicts 4 uncovered fns)
2026-06-01 21:13:18,732 INFO: CovBayes plan score=0.50 (predicts 0 uncovered fns)
2026-06-01 21:13:19,481 INFO: CovBayes plan score=1.00 (predicts 4 uncovered fns)
2026-06-01 21:13:20,223 INFO: CovBayes plan score=0.93 (predicts 4 uncovered fns)
2026-06-01 21:13:24,006 INFO: CovBayes plan score=0.50 (predicts 0 uncovered fns)
2026-06-01 21:13:24,343 INFO: CovBayes plan score=0.71 (predicts 2 uncovered fns)
2026-06-01 21:13:24,730 INFO: CovBayes plan score=0.89 (predicts 2 uncovered fns)
2026-06-01 21:13:25,605 INFO: CovBayes plan score=1.23 (predicts 5 uncovered fns)
2026-06-01 21:13:57,597 INFO: CovBayes plan score=3.05 (predicts 10 uncovered fns)
2026-06-01 21:13:58,400 INFO: CovBayes plan score=0.88 (predicts 4 uncovered fns)
2026-06-01 21:13:59,865 INFO: CovBayes plan score=1.64 (predicts 7 uncovered fns)
2026-06-01 21:14:00,718 INFO: CovBayes plan score=1.50 (predicts 5 uncovered fns)
2026-06-01 21:14:01,050 INFO: CovBayes plan score=1.17 (predicts 1 uncovered fns)
2026-06-01 21:14:01,456 INFO: CovBayes plan score=1.07 (predicts 2 uncovered fns)
2026-06-01 21:14:01,629 INFO: CovBayes plan score=1.66 (predicts 2 uncovered fns)
2026-06-01 21:14:02,255 INFO: CovBayes plan score=2.14 (predicts 3 uncovered fns)
2026-06-01 21:14:02,695 INFO: CovBayes plan score=1.66 (predicts 2 uncovered fns)
2026-06-01 21:14:03,006 INFO: CovBayes plan score=1.83 (predicts 8 uncovered fns)
2026-06-01 21:14:03,142 INFO: CovBayes plan score=1.66 (predicts 2 uncovered fns)
2026-06-01 21:14:03,585 INFO: CovBayes plan score=1.66 (predicts 2 uncovered fns)
2026-06-01 21:14:03,836 INFO: CovBayes plan score=1.07 (predicts 3 uncovered fns)
2026-06-01 21:14:04,031 INFO: CovBayes plan score=1.66 (predicts 2 uncovered fns)
2026-06-01 21:14:04,653 INFO: CovBayes plan score=2.14 (predicts 3 uncovered fns)
2026-06-01 21:14:04,835 INFO: CovBayes plan score=1.63 (predicts 5 uncovered fns)
  [41/93] jinja2.environment seed=42: {'divhints_random': 49, 'divhints_oracle': 83, 'cov_bayes': 75}
2026-06-01 21:14:37,146 INFO: CovBayes plan score=0.63 (predicts 0 uncovered fns)
2026-06-01 21:14:41,165 INFO: CovBayes plan score=0.63 (predicts 0 uncovered fns)
2026-06-01 21:14:47,161 INFO: CovBayes plan score=0.63 (predicts 0 uncovered fns)
2026-06-01 21:14:53,157 INFO: CovBayes plan score=0.63 (predicts 0 uncovered fns)
2026-06-01 21:14:56,645 INFO: CovBayes plan score=0.63 (predicts 0 uncovered fns)
2026-06-01 21:15:00,458 INFO: CovBayes plan score=0.63 (predicts 0 uncovered fns)
2026-06-01 21:15:05,322 INFO: CovBayes plan score=0.63 (predicts 0 uncovered fns)
2026-06-01 21:15:09,533 INFO: CovBayes plan score=0.63 (predicts 0 uncovered fns)
2026-06-01 21:15:37,617 INFO: CovBayes plan score=0.63 (predicts 0 uncovered fns)
2026-06-01 21:15:41,208 INFO: CovBayes plan score=0.63 (predicts 0 uncovered fns)
2026-06-01 21:15:41,451 INFO: CovBayes plan score=0.63 (predicts 0 uncovered fns)
2026-06-01 21:15:45,398 INFO: CovBayes plan score=0.63 (predicts 0 uncovered fns)
2026-06-01 21:15:50,078 INFO: CovBayes plan score=0.63 (predicts 0 uncovered fns)
2026-06-01 21:15:55,798 INFO: CovBayes plan score=0.63 (predicts 0 uncovered fns)
2026-06-01 21:16:02,575 INFO: CovBayes plan score=0.63 (predicts 0 uncovered fns)
2026-06-01 21:16:06,637 INFO: CovBayes plan score=0.63 (predicts 0 uncovered fns)
2026-06-01 21:16:35,568 INFO: CovBayes plan score=0.63 (predicts 0 uncovered fns)
2026-06-01 21:16:39,563 INFO: CovBayes plan score=0.63 (predicts 0 uncovered fns)
2026-06-01 21:16:41,071 INFO: CovBayes plan score=1.11 (predicts 0 uncovered fns)
2026-06-01 21:16:41,637 INFO: CovBayes plan score=2.57 (predicts 3 uncovered fns)
2026-06-01 21:16:43,737 INFO: CovBayes plan score=0.63 (predicts 0 uncovered fns)
2026-06-01 21:16:44,322 INFO: CovBayes plan score=1.11 (predicts 0 uncovered fns)
2026-06-01 21:16:44,696 INFO: CovBayes plan score=2.08 (predicts 2 uncovered fns)
2026-06-01 21:16:45,083 INFO: CovBayes plan score=2.08 (predicts 2 uncovered fns)
2026-06-01 21:16:47,151 INFO: CovBayes plan score=2.08 (predicts 2 uncovered fns)
2026-06-01 21:16:47,538 INFO: CovBayes plan score=2.08 (predicts 2 uncovered fns)
2026-06-01 21:16:47,926 INFO: CovBayes plan score=2.08 (predicts 2 uncovered fns)
2026-06-01 21:16:47,946 INFO: CovBayes plan score=0.63 (predicts 0 uncovered fns)
2026-06-01 21:16:52,065 INFO: CovBayes plan score=0.63 (predicts 0 uncovered fns)
2026-06-01 21:16:52,445 INFO: CovBayes plan score=1.60 (predicts 2 uncovered fns)
2026-06-01 21:16:52,660 INFO: CovBayes plan score=0.63 (predicts 0 uncovered fns)
2026-06-01 21:16:55,820 INFO: CovBayes plan score=0.63 (predicts 0 uncovered fns)
2026-06-01 21:17:16,693 INFO: CovBayes plan score=1.05 (predicts 0 uncovered fns)
2026-06-01 21:17:16,996 INFO: CovBayes plan score=1.05 (predicts 0 uncovered fns)
2026-06-01 21:17:18,110 INFO: CovBayes plan score=1.05 (predicts 0 uncovered fns)
2026-06-01 21:17:18,539 INFO: CovBayes plan score=1.05 (predicts 0 uncovered fns)
2026-06-01 21:17:19,123 INFO: CovBayes plan score=1.05 (predicts 0 uncovered fns)
2026-06-01 21:17:20,140 INFO: CovBayes plan score=1.05 (predicts 0 uncovered fns)
2026-06-01 21:17:20,869 INFO: CovBayes plan score=1.05 (predicts 0 uncovered fns)
2026-06-01 21:17:21,746 INFO: CovBayes plan score=1.05 (predicts 0 uncovered fns)
2026-06-01 21:17:24,755 INFO: CovBayes plan score=0.62 (predicts 0 uncovered fns)
2026-06-01 21:17:29,108 INFO: CovBayes plan score=0.62 (predicts 0 uncovered fns)
2026-06-01 21:17:29,301 INFO: CovBayes plan score=0.62 (predicts 0 uncovered fns)
2026-06-01 21:17:29,505 INFO: CovBayes plan score=0.62 (predicts 0 uncovered fns)
2026-06-01 21:17:29,698 INFO: CovBayes plan score=0.62 (predicts 0 uncovered fns)
2026-06-01 21:17:29,902 INFO: CovBayes plan score=0.62 (predicts 0 uncovered fns)
2026-06-01 21:17:33,474 INFO: CovBayes plan score=0.62 (predicts 0 uncovered fns)
2026-06-01 21:17:33,705 INFO: CovBayes plan score=0.62 (predicts 0 uncovered fns)
2026-06-01 21:17:50,906 INFO: CovBayes plan score=1.05 (predicts 0 uncovered fns)
2026-06-01 21:17:51,765 INFO: CovBayes plan score=1.05 (predicts 0 uncovered fns)
2026-06-01 21:17:54,220 INFO: CovBayes plan score=1.05 (predicts 0 uncovered fns)
2026-06-01 21:17:57,821 INFO: CovBayes plan score=1.05 (predicts 0 uncovered fns)
2026-06-01 21:17:58,294 INFO: CovBayes plan score=1.05 (predicts 0 uncovered fns)
2026-06-01 21:18:02,539 INFO: CovBayes plan score=1.05 (predicts 0 uncovered fns)
2026-06-01 21:18:03,626 INFO: CovBayes plan score=1.05 (predicts 0 uncovered fns)
2026-06-01 21:18:04,705 INFO: CovBayes plan score=1.05 (predicts 0 uncovered fns)
2026-06-01 21:18:07,395 INFO: CovBayes plan score=0.62 (predicts 0 uncovered fns)
2026-06-01 21:18:11,210 INFO: CovBayes plan score=0.62 (predicts 0 uncovered fns)
2026-06-01 21:18:16,773 INFO: CovBayes plan score=0.62 (predicts 0 uncovered fns)
2026-06-01 21:18:17,003 INFO: CovBayes plan score=0.62 (predicts 0 uncovered fns)
2026-06-01 21:18:21,120 INFO: CovBayes plan score=0.62 (predicts 0 uncovered fns)
2026-06-01 21:18:25,854 INFO: CovBayes plan score=0.62 (predicts 0 uncovered fns)
2026-06-01 21:18:26,074 INFO: CovBayes plan score=0.62 (predicts 0 uncovered fns)
2026-06-01 21:18:27,169 INFO: CovBayes plan score=1.05 (predicts 0 uncovered fns)
2026-06-01 21:18:27,508 INFO: CovBayes plan score=1.05 (predicts 0 uncovered fns)
2026-06-01 21:18:28,166 INFO: CovBayes plan score=1.05 (predicts 0 uncovered fns)
2026-06-01 21:18:30,330 INFO: CovBayes plan score=1.05 (predicts 0 uncovered fns)
2026-06-01 21:18:31,734 INFO: CovBayes plan score=0.62 (predicts 0 uncovered fns)
2026-06-01 21:18:33,154 INFO: CovBayes plan score=1.05 (predicts 0 uncovered fns)
2026-06-01 21:18:34,368 INFO: CovBayes plan score=1.05 (predicts 0 uncovered fns)
2026-06-01 21:18:34,677 INFO: CovBayes plan score=1.05 (predicts 0 uncovered fns)
2026-06-01 21:18:37,225 INFO: CovBayes plan score=1.05 (predicts 0 uncovered fns)
2026-06-01 21:19:02,961 INFO: CovBayes plan score=1.05 (predicts 0 uncovered fns)
2026-06-01 21:19:03,383 INFO: CovBayes plan score=1.05 (predicts 0 uncovered fns)
2026-06-01 21:19:03,696 INFO: CovBayes plan score=0.62 (predicts 0 uncovered fns)
2026-06-01 21:19:04,039 INFO: CovBayes plan score=1.05 (predicts 0 uncovered fns)
2026-06-01 21:19:07,709 INFO: CovBayes plan score=0.62 (predicts 0 uncovered fns)
2026-06-01 21:19:08,797 INFO: CovBayes plan score=1.05 (predicts 0 uncovered fns)
2026-06-01 21:19:10,978 INFO: CovBayes plan score=1.05 (predicts 0 uncovered fns)
2026-06-01 21:19:12,176 INFO: CovBayes plan score=0.62 (predicts 0 uncovered fns)
2026-06-01 21:19:14,121 INFO: CovBayes plan score=1.05 (predicts 0 uncovered fns)
2026-06-01 21:19:14,356 INFO: CovBayes plan score=1.05 (predicts 0 uncovered fns)
2026-06-01 21:19:14,857 INFO: CovBayes plan score=1.05 (predicts 0 uncovered fns)
2026-06-01 21:19:15,823 INFO: CovBayes plan score=0.62 (predicts 0 uncovered fns)
2026-06-01 21:19:19,693 INFO: CovBayes plan score=0.62 (predicts 0 uncovered fns)
2026-06-01 21:19:23,047 INFO: CovBayes plan score=0.62 (predicts 0 uncovered fns)
2026-06-01 21:19:26,803 INFO: CovBayes plan score=0.62 (predicts 0 uncovered fns)
2026-06-01 21:19:30,057 INFO: CovBayes plan score=0.62 (predicts 0 uncovered fns)
2026-06-01 21:19:41,658 INFO: CovBayes plan score=1.05 (predicts 0 uncovered fns)
2026-06-01 21:19:43,794 INFO: CovBayes plan score=1.05 (predicts 0 uncovered fns)
2026-06-01 21:19:46,581 INFO: CovBayes plan score=1.05 (predicts 0 uncovered fns)
2026-06-01 21:19:46,959 INFO: CovBayes plan score=1.05 (predicts 0 uncovered fns)
2026-06-01 21:19:49,006 INFO: CovBayes plan score=1.05 (predicts 0 uncovered fns)
2026-06-01 21:19:52,202 INFO: CovBayes plan score=1.05 (predicts 0 uncovered fns)
2026-06-01 21:19:52,649 INFO: CovBayes plan score=1.05 (predicts 0 uncovered fns)
2026-06-01 21:19:54,592 INFO: CovBayes plan score=1.05 (predicts 0 uncovered fns)
2026-06-01 21:19:59,053 INFO: CovBayes plan score=0.62 (predicts 0 uncovered fns)
2026-06-01 21:20:03,186 INFO: CovBayes plan score=1.76 (predicts 2 uncovered fns)
2026-06-01 21:20:03,457 INFO: CovBayes plan score=1.28 (predicts 1 uncovered fns)
2026-06-01 21:20:03,729 INFO: CovBayes plan score=1.28 (predicts 1 uncovered fns)
2026-06-01 21:20:04,111 INFO: CovBayes plan score=0.62 (predicts 0 uncovered fns)
2026-06-01 21:20:05,630 INFO: CovBayes plan score=4.67 (predicts 8 uncovered fns)
2026-06-01 21:20:05,886 INFO: CovBayes plan score=1.28 (predicts 1 uncovered fns)
2026-06-01 21:20:06,156 INFO: CovBayes plan score=1.28 (predicts 1 uncovered fns)
2026-06-01 21:20:06,554 INFO: CovBayes plan score=1.28 (predicts 1 uncovered fns)
2026-06-01 21:20:06,849 INFO: CovBayes plan score=1.28 (predicts 1 uncovered fns)
2026-06-01 21:20:11,470 INFO: CovBayes plan score=0.62 (predicts 0 uncovered fns)
2026-06-01 21:20:14,352 INFO: CovBayes plan score=0.62 (predicts 0 uncovered fns)
2026-06-01 21:20:18,174 INFO: CovBayes plan score=0.62 (predicts 0 uncovered fns)
2026-06-01 21:20:20,181 INFO: CovBayes plan score=1.05 (predicts 0 uncovered fns)
2026-06-01 21:20:20,756 INFO: CovBayes plan score=0.62 (predicts 0 uncovered fns)
2026-06-01 21:20:22,625 INFO: CovBayes plan score=1.05 (predicts 0 uncovered fns)
2026-06-01 21:20:24,418 INFO: CovBayes plan score=1.05 (predicts 0 uncovered fns)
2026-06-01 21:20:24,805 INFO: CovBayes plan score=1.05 (predicts 0 uncovered fns)
2026-06-01 21:20:25,061 INFO: CovBayes plan score=0.62 (predicts 0 uncovered fns)
2026-06-01 21:20:27,035 INFO: CovBayes plan score=1.05 (predicts 0 uncovered fns)
2026-06-01 21:20:27,182 INFO: CovBayes plan score=0.62 (predicts 0 uncovered fns)
2026-06-01 21:20:29,259 INFO: CovBayes plan score=1.05 (predicts 0 uncovered fns)
2026-06-01 21:20:31,875 INFO: CovBayes plan score=1.05 (predicts 0 uncovered fns)
2026-06-01 21:20:34,583 INFO: CovBayes plan score=1.05 (predicts 0 uncovered fns)
2026-06-01 21:20:35,955 INFO: CovBayes plan score=0.74 (predicts 0 uncovered fns)
  [42/93] jinja2.nodes seed=42: {'divhints_random': 10, 'divhints_oracle': 11, 'cov_bayes': 11}
2026-06-01 21:20:42,035 INFO: CovBayes plan score=0.74 (predicts 0 uncovered fns)
2026-06-01 21:20:47,539 INFO: CovBayes plan score=0.74 (predicts 0 uncovered fns)
2026-06-01 21:20:53,273 INFO: CovBayes plan score=0.74 (predicts 0 uncovered fns)
2026-06-01 21:20:57,088 INFO: CovBayes plan score=0.74 (predicts 0 uncovered fns)
2026-06-01 21:21:01,656 INFO: CovBayes plan score=0.74 (predicts 0 uncovered fns)
2026-06-01 21:21:01,695 INFO: CovBayes plan score=1.05 (predicts 0 uncovered fns)
2026-06-01 21:21:04,424 INFO: CovBayes plan score=1.05 (predicts 0 uncovered fns)
2026-06-01 21:21:06,994 INFO: CovBayes plan score=1.05 (predicts 0 uncovered fns)
2026-06-01 21:21:07,454 INFO: CovBayes plan score=1.05 (predicts 0 uncovered fns)
2026-06-01 21:21:07,799 INFO: CovBayes plan score=2.51 (predicts 5 uncovered fns)
2026-06-01 21:21:08,162 INFO: CovBayes plan score=1.05 (predicts 0 uncovered fns)
2026-06-01 21:21:08,410 INFO: CovBayes plan score=1.05 (predicts 0 uncovered fns)
2026-06-01 21:21:08,872 INFO: CovBayes plan score=1.05 (predicts 0 uncovered fns)
2026-06-01 21:21:09,333 INFO: CovBayes plan score=1.05 (predicts 0 uncovered fns)
2026-06-01 21:21:13,218 INFO: CovBayes plan score=0.74 (predicts 0 uncovered fns)
2026-06-01 21:21:15,270 INFO: CovBayes plan score=0.97 (predicts 1 uncovered fns)
2026-06-01 21:21:16,227 INFO: CovBayes plan score=0.95 (predicts 2 uncovered fns)
2026-06-01 21:21:16,519 INFO: CovBayes plan score=0.97 (predicts 1 uncovered fns)
2026-06-01 21:21:16,805 INFO: CovBayes plan score=0.97 (predicts 1 uncovered fns)
2026-06-01 21:21:17,091 INFO: CovBayes plan score=0.97 (predicts 1 uncovered fns)
2026-06-01 21:21:17,379 INFO: CovBayes plan score=0.97 (predicts 1 uncovered fns)
2026-06-01 21:21:17,665 INFO: CovBayes plan score=0.97 (predicts 1 uncovered fns)
2026-06-01 21:21:17,934 INFO: CovBayes plan score=0.97 (predicts 1 uncovered fns)
  [43/93] jinja2.runtime seed=42: {'divhints_random': 67, 'divhints_oracle': 67, 'cov_bayes': 66}
2026-06-01 21:21:41,076 INFO: CovBayes plan score=0.44 (predicts 0 uncovered fns)
2026-06-01 21:21:45,598 INFO: CovBayes plan score=1.17 (predicts 2 uncovered fns)
2026-06-01 21:21:46,503 INFO: CovBayes plan score=0.44 (predicts 0 uncovered fns)
2026-06-01 21:21:47,049 INFO: CovBayes plan score=0.86 (predicts 6 uncovered fns)
2026-06-01 21:21:47,305 INFO: CovBayes plan score=0.94 (predicts 1 uncovered fns)
2026-06-01 21:21:47,564 INFO: CovBayes plan score=0.94 (predicts 1 uncovered fns)
2026-06-01 21:21:49,319 INFO: CovBayes plan score=1.07 (predicts 2 uncovered fns)
2026-06-01 21:21:49,753 INFO: CovBayes plan score=1.42 (predicts 2 uncovered fns)
2026-06-01 21:21:50,000 INFO: CovBayes plan score=0.94 (predicts 1 uncovered fns)
2026-06-01 21:21:50,244 INFO: CovBayes plan score=0.94 (predicts 1 uncovered fns)
2026-06-01 21:21:50,285 INFO: CovBayes plan score=0.82 (predicts 1 uncovered fns)
2026-06-01 21:21:55,217 INFO: CovBayes plan score=0.44 (predicts 0 uncovered fns)
2026-06-01 21:21:59,980 INFO: CovBayes plan score=0.44 (predicts 0 uncovered fns)
2026-06-01 21:22:05,979 INFO: CovBayes plan score=0.44 (predicts 0 uncovered fns)
2026-06-01 21:22:11,044 INFO: CovBayes plan score=0.44 (predicts 0 uncovered fns)
2026-06-01 21:22:16,007 INFO: CovBayes plan score=0.44 (predicts 0 uncovered fns)
2026-06-01 21:22:19,813 INFO: CovBayes plan score=1.70 (predicts 3 uncovered fns)
2026-06-01 21:22:20,225 INFO: CovBayes plan score=1.06 (predicts 2 uncovered fns)
2026-06-01 21:22:20,636 INFO: CovBayes plan score=1.06 (predicts 2 uncovered fns)
2026-06-01 21:22:21,039 INFO: CovBayes plan score=1.70 (predicts 3 uncovered fns)
2026-06-01 21:22:21,445 INFO: CovBayes plan score=1.70 (predicts 3 uncovered fns)
2026-06-01 21:22:21,851 INFO: CovBayes plan score=1.70 (predicts 3 uncovered fns)
2026-06-01 21:22:24,947 INFO: CovBayes plan score=0.99 (predicts 2 uncovered fns)
2026-06-01 21:22:25,348 INFO: CovBayes plan score=1.22 (predicts 2 uncovered fns)
2026-06-01 21:22:46,757 INFO: CovBayes plan score=0.43 (predicts 0 uncovered fns)
2026-06-01 21:22:51,801 INFO: CovBayes plan score=1.29 (predicts 3 uncovered fns)
2026-06-01 21:22:52,174 INFO: CovBayes plan score=1.29 (predicts 3 uncovered fns)
2026-06-01 21:22:52,544 INFO: CovBayes plan score=0.80 (predicts 2 uncovered fns)
2026-06-01 21:22:52,912 INFO: CovBayes plan score=1.29 (predicts 3 uncovered fns)
2026-06-01 21:22:53,122 INFO: CovBayes plan score=0.64 (predicts 1 uncovered fns)
2026-06-01 21:22:53,435 INFO: CovBayes plan score=0.43 (predicts 0 uncovered fns)
2026-06-01 21:22:53,694 INFO: CovBayes plan score=1.28 (predicts 3 uncovered fns)
2026-06-01 21:22:54,048 INFO: CovBayes plan score=0.96 (predicts 2 uncovered fns)
2026-06-01 21:22:54,402 INFO: CovBayes plan score=1.29 (predicts 3 uncovered fns)
2026-06-01 21:22:57,822 INFO: CovBayes plan score=0.43 (predicts 0 uncovered fns)
2026-06-01 21:23:02,562 INFO: CovBayes plan score=0.43 (predicts 0 uncovered fns)
2026-06-01 21:23:07,884 INFO: CovBayes plan score=0.43 (predicts 0 uncovered fns)
2026-06-01 21:23:10,941 INFO: CovBayes plan score=0.43 (predicts 0 uncovered fns)
2026-06-01 21:23:16,965 INFO: CovBayes plan score=3.13 (predicts 5 uncovered fns)
2026-06-01 21:23:18,036 INFO: CovBayes plan score=2.65 (predicts 4 uncovered fns)
2026-06-01 21:23:19,376 INFO: CovBayes plan score=3.13 (predicts 5 uncovered fns)
2026-06-01 21:23:20,579 INFO: CovBayes plan score=0.59 (predicts 1 uncovered fns)
2026-06-01 21:23:20,622 INFO: CovBayes plan score=3.13 (predicts 5 uncovered fns)
2026-06-01 21:23:21,696 INFO: CovBayes plan score=0.97 (predicts 1 uncovered fns)
2026-06-01 21:23:21,832 INFO: CovBayes plan score=3.13 (predicts 5 uncovered fns)
2026-06-01 21:23:22,181 INFO: CovBayes plan score=1.35 (predicts 2 uncovered fns)
2026-06-01 21:23:22,893 INFO: CovBayes plan score=3.13 (predicts 5 uncovered fns)
2026-06-01 21:23:23,148 INFO: CovBayes plan score=0.48 (predicts 0 uncovered fns)
2026-06-01 21:23:23,886 INFO: CovBayes plan score=3.13 (predicts 5 uncovered fns)
2026-06-01 21:23:24,407 INFO: CovBayes plan score=0.58 (predicts 1 uncovered fns)
2026-06-01 21:23:24,876 INFO: CovBayes plan score=3.13 (predicts 5 uncovered fns)
2026-06-01 21:23:24,928 INFO: CovBayes plan score=0.82 (predicts 2 uncovered fns)
2026-06-01 21:23:25,086 INFO: CovBayes plan score=0.48 (predicts 0 uncovered fns)
2026-06-01 21:23:25,448 INFO: CovBayes plan score=0.43 (predicts 0 uncovered fns)
2026-06-01 21:23:26,748 INFO: CovBayes plan score=0.95 (predicts 2 uncovered fns)
2026-06-01 21:23:28,219 INFO: CovBayes plan score=0.48 (predicts 0 uncovered fns)
2026-06-01 21:23:28,845 INFO: CovBayes plan score=0.55 (predicts 3 uncovered fns)
2026-06-01 21:23:29,998 INFO: CovBayes plan score=0.48 (predicts 0 uncovered fns)
2026-06-01 21:23:30,557 INFO: CovBayes plan score=1.58 (predicts 3 uncovered fns)
2026-06-01 21:23:36,130 INFO: CovBayes plan score=0.91 (predicts 6 uncovered fns)
2026-06-01 21:23:36,360 INFO: CovBayes plan score=0.58 (predicts 1 uncovered fns)
2026-06-01 21:23:36,590 INFO: CovBayes plan score=0.58 (predicts 1 uncovered fns)
2026-06-01 21:23:36,817 INFO: CovBayes plan score=0.58 (predicts 1 uncovered fns)
2026-06-01 21:23:40,801 INFO: CovBayes plan score=0.57 (predicts 2 uncovered fns)
2026-06-01 21:23:50,535 INFO: CovBayes plan score=0.60 (predicts 0 uncovered fns)
2026-06-01 21:23:55,148 INFO: CovBayes plan score=0.60 (predicts 0 uncovered fns)
2026-06-01 21:23:58,216 INFO: CovBayes plan score=0.60 (predicts 0 uncovered fns)
2026-06-01 21:24:00,442 INFO: CovBayes plan score=0.60 (predicts 0 uncovered fns)
2026-06-01 21:24:01,081 INFO: CovBayes plan score=0.43 (predicts 0 uncovered fns)
2026-06-01 21:24:01,845 INFO: CovBayes plan score=0.60 (predicts 0 uncovered fns)
2026-06-01 21:24:04,453 INFO: CovBayes plan score=0.60 (predicts 0 uncovered fns)
2026-06-01 21:24:05,698 INFO: CovBayes plan score=0.47 (predicts 0 uncovered fns)
2026-06-01 21:24:05,702 INFO: CovBayes plan score=0.71 (predicts 2 uncovered fns)
2026-06-01 21:24:06,219 INFO: CovBayes plan score=0.76 (predicts 2 uncovered fns)
2026-06-01 21:24:06,324 INFO: CovBayes plan score=0.60 (predicts 0 uncovered fns)
2026-06-01 21:24:06,628 INFO: CovBayes plan score=0.43 (predicts 0 uncovered fns)
2026-06-01 21:24:06,710 INFO: CovBayes plan score=0.76 (predicts 2 uncovered fns)
2026-06-01 21:24:07,164 INFO: CovBayes plan score=0.76 (predicts 2 uncovered fns)
2026-06-01 21:24:07,509 INFO: CovBayes plan score=0.60 (predicts 0 uncovered fns)
2026-06-01 21:24:08,525 INFO: CovBayes plan score=0.47 (predicts 0 uncovered fns)
2026-06-01 21:24:10,223 INFO: CovBayes plan score=0.47 (predicts 0 uncovered fns)
2026-06-01 21:24:11,750 INFO: CovBayes plan score=0.51 (predicts 2 uncovered fns)
2026-06-01 21:24:11,921 INFO: CovBayes plan score=0.43 (predicts 0 uncovered fns)
2026-06-01 21:24:12,225 INFO: CovBayes plan score=0.72 (predicts 2 uncovered fns)
2026-06-01 21:24:12,479 INFO: CovBayes plan score=0.52 (predicts 1 uncovered fns)
2026-06-01 21:24:12,734 INFO: CovBayes plan score=0.52 (predicts 1 uncovered fns)
2026-06-01 21:24:13,453 INFO: CovBayes plan score=0.47 (predicts 0 uncovered fns)
2026-06-01 21:24:14,944 INFO: CovBayes plan score=0.47 (predicts 0 uncovered fns)
2026-06-01 21:24:16,489 INFO: CovBayes plan score=0.43 (predicts 0 uncovered fns)
2026-06-01 21:24:20,101 INFO: CovBayes plan score=0.47 (predicts 0 uncovered fns)
2026-06-01 21:24:21,667 INFO: CovBayes plan score=0.47 (predicts 0 uncovered fns)
2026-06-01 21:24:23,728 INFO: CovBayes plan score=0.47 (predicts 0 uncovered fns)
2026-06-01 21:24:25,186 INFO: CovBayes plan score=0.43 (predicts 0 uncovered fns)
2026-06-01 21:24:31,261 INFO: CovBayes plan score=0.60 (predicts 0 uncovered fns)
2026-06-01 21:24:31,818 INFO: CovBayes plan score=0.43 (predicts 0 uncovered fns)
2026-06-01 21:24:32,429 INFO: CovBayes plan score=0.60 (predicts 0 uncovered fns)
2026-06-01 21:24:36,586 INFO: CovBayes plan score=0.60 (predicts 0 uncovered fns)
2026-06-01 21:24:36,837 INFO: CovBayes plan score=0.43 (predicts 0 uncovered fns)
2026-06-01 21:24:39,403 INFO: CovBayes plan score=0.50 (predicts 1 uncovered fns)
2026-06-01 21:24:41,562 INFO: CovBayes plan score=0.60 (predicts 0 uncovered fns)
2026-06-01 21:24:41,968 INFO: CovBayes plan score=0.43 (predicts 0 uncovered fns)
2026-06-01 21:24:42,273 INFO: CovBayes plan score=0.60 (predicts 0 uncovered fns)
2026-06-01 21:24:43,990 INFO: CovBayes plan score=0.49 (predicts 2 uncovered fns)
2026-06-01 21:24:44,246 INFO: CovBayes plan score=0.50 (predicts 1 uncovered fns)
2026-06-01 21:24:44,507 INFO: CovBayes plan score=0.50 (predicts 1 uncovered fns)
2026-06-01 21:24:44,779 INFO: CovBayes plan score=0.50 (predicts 1 uncovered fns)
2026-06-01 21:24:45,239 INFO: CovBayes plan score=0.69 (predicts 2 uncovered fns)
2026-06-01 21:24:45,710 INFO: CovBayes plan score=0.70 (predicts 2 uncovered fns)
2026-06-01 21:24:46,170 INFO: CovBayes plan score=0.69 (predicts 2 uncovered fns)
2026-06-01 21:24:46,257 INFO: CovBayes plan score=0.60 (predicts 0 uncovered fns)
2026-06-01 21:24:49,776 INFO: CovBayes plan score=0.60 (predicts 0 uncovered fns)
2026-06-01 21:24:52,735 INFO: CovBayes plan score=0.60 (predicts 0 uncovered fns)
2026-06-01 21:24:53,936 INFO: CovBayes plan score=0.78 (predicts 2 uncovered fns)
2026-06-01 21:24:54,203 INFO: CovBayes plan score=0.79 (predicts 1 uncovered fns)
2026-06-01 21:24:55,874 INFO: CovBayes plan score=1.20 (predicts 3 uncovered fns)
2026-06-01 21:24:57,285 INFO: CovBayes plan score=1.75 (predicts 4 uncovered fns)
2026-06-01 21:24:59,400 INFO: CovBayes plan score=0.47 (predicts 0 uncovered fns)
2026-06-01 21:24:59,694 INFO: CovBayes plan score=0.79 (predicts 1 uncovered fns)
2026-06-01 21:25:01,448 INFO: CovBayes plan score=0.47 (predicts 0 uncovered fns)
2026-06-01 21:25:01,747 INFO: CovBayes plan score=0.79 (predicts 1 uncovered fns)
2026-06-01 21:25:08,821 INFO: CovBayes plan score=0.43 (predicts 0 uncovered fns)
2026-06-01 21:25:11,135 INFO: CovBayes plan score=0.67 (predicts 2 uncovered fns)
2026-06-01 21:25:11,588 INFO: CovBayes plan score=0.67 (predicts 2 uncovered fns)
2026-06-01 21:25:12,041 INFO: CovBayes plan score=0.67 (predicts 2 uncovered fns)
2026-06-01 21:25:12,284 INFO: CovBayes plan score=0.47 (predicts 1 uncovered fns)
2026-06-01 21:25:12,842 INFO: CovBayes plan score=0.67 (predicts 2 uncovered fns)
2026-06-01 21:25:13,123 INFO: CovBayes plan score=0.47 (predicts 1 uncovered fns)
2026-06-01 21:25:13,583 INFO: CovBayes plan score=0.67 (predicts 2 uncovered fns)
2026-06-01 21:25:13,845 INFO: CovBayes plan score=0.47 (predicts 1 uncovered fns)
2026-06-01 21:25:14,260 INFO: CovBayes plan score=0.43 (predicts 0 uncovered fns)
2026-06-01 21:25:18,473 INFO: CovBayes plan score=0.60 (predicts 0 uncovered fns)
2026-06-01 21:25:18,699 INFO: CovBayes plan score=0.43 (predicts 0 uncovered fns)
2026-06-01 21:25:19,612 INFO: CovBayes plan score=0.60 (predicts 0 uncovered fns)
2026-06-01 21:25:20,295 INFO: CovBayes plan score=0.60 (predicts 0 uncovered fns)
  [44/93] jinja2.ext seed=42: {'divhints_random': 4, 'divhints_oracle': 4, 'cov_bayes': 4}
2026-06-01 21:25:24,815 INFO: CovBayes plan score=0.60 (predicts 0 uncovered fns)
2026-06-01 21:25:25,728 INFO: CovBayes plan score=0.43 (predicts 0 uncovered fns)
2026-06-01 21:25:27,450 INFO: CovBayes plan score=0.60 (predicts 0 uncovered fns)
2026-06-01 21:25:29,690 INFO: CovBayes plan score=0.60 (predicts 0 uncovered fns)
2026-06-01 21:25:32,104 INFO: CovBayes plan score=0.43 (predicts 0 uncovered fns)
2026-06-01 21:25:33,548 INFO: CovBayes plan score=0.60 (predicts 0 uncovered fns)
2026-06-01 21:25:35,166 INFO: CovBayes plan score=0.43 (predicts 0 uncovered fns)
2026-06-01 21:25:37,059 INFO: CovBayes plan score=0.43 (predicts 0 uncovered fns)
2026-06-01 21:25:37,259 INFO: CovBayes plan score=0.43 (predicts 0 uncovered fns)
2026-06-01 21:25:37,891 INFO: CovBayes plan score=0.60 (predicts 0 uncovered fns)
2026-06-01 21:25:39,818 INFO: CovBayes plan score=0.43 (predicts 0 uncovered fns)
2026-06-01 21:25:40,837 INFO: CovBayes plan score=0.43 (predicts 0 uncovered fns)
2026-06-01 21:25:41,434 INFO: CovBayes plan score=0.43 (predicts 0 uncovered fns)
2026-06-01 21:25:44,249 INFO: CovBayes plan score=0.43 (predicts 0 uncovered fns)
2026-06-01 21:25:46,169 INFO: CovBayes plan score=0.43 (predicts 0 uncovered fns)
2026-06-01 21:25:46,448 INFO: CovBayes plan score=0.43 (predicts 0 uncovered fns)
2026-06-01 21:25:48,362 INFO: CovBayes plan score=0.43 (predicts 0 uncovered fns)
2026-06-01 21:25:52,343 INFO: CovBayes plan score=1.88 (predicts 3 uncovered fns)
2026-06-01 21:26:00,427 INFO: CovBayes plan score=0.60 (predicts 0 uncovered fns)
2026-06-01 21:26:03,528 INFO: CovBayes plan score=0.60 (predicts 0 uncovered fns)
2026-06-01 21:26:06,068 INFO: CovBayes plan score=0.60 (predicts 0 uncovered fns)
2026-06-01 21:26:08,983 INFO: CovBayes plan score=0.60 (predicts 0 uncovered fns)
2026-06-01 21:26:12,883 INFO: CovBayes plan score=0.60 (predicts 0 uncovered fns)
2026-06-01 21:26:15,189 INFO: CovBayes plan score=0.43 (predicts 0 uncovered fns)
2026-06-01 21:26:15,382 INFO: CovBayes plan score=0.60 (predicts 0 uncovered fns)
2026-06-01 21:26:18,574 INFO: CovBayes plan score=0.60 (predicts 0 uncovered fns)
2026-06-01 21:26:19,631 INFO: CovBayes plan score=0.43 (predicts 0 uncovered fns)
2026-06-01 21:26:22,295 INFO: CovBayes plan score=0.43 (predicts 0 uncovered fns)
2026-06-01 21:26:22,571 INFO: CovBayes plan score=0.60 (predicts 0 uncovered fns)
2026-06-01 21:26:27,558 INFO: CovBayes plan score=3.63 (predicts 10 uncovered fns)
2026-06-01 21:26:29,696 INFO: CovBayes plan score=0.45 (predicts 1 uncovered fns)
2026-06-01 21:26:31,796 INFO: CovBayes plan score=0.42 (predicts 0 uncovered fns)
2026-06-01 21:26:33,499 INFO: CovBayes plan score=0.43 (predicts 0 uncovered fns)
2026-06-01 21:26:37,101 INFO: CovBayes plan score=0.43 (predicts 0 uncovered fns)
2026-06-01 21:26:37,413 INFO: CovBayes plan score=0.42 (predicts 0 uncovered fns)
2026-06-01 21:26:39,391 INFO: CovBayes plan score=0.43 (predicts 0 uncovered fns)
2026-06-01 21:26:41,449 INFO: CovBayes plan score=2.09 (predicts 5 uncovered fns)
2026-06-01 21:26:43,273 INFO: CovBayes plan score=0.43 (predicts 0 uncovered fns)
2026-06-01 21:26:45,690 INFO: CovBayes plan score=0.42 (predicts 0 uncovered fns)
2026-06-01 21:26:48,056 INFO: CovBayes plan score=0.60 (predicts 0 uncovered fns)
2026-06-01 21:26:50,031 INFO: CovBayes plan score=3.52 (predicts 9 uncovered fns)
2026-06-01 21:26:52,269 INFO: CovBayes plan score=0.60 (predicts 0 uncovered fns)
2026-06-01 21:26:53,168 INFO: CovBayes plan score=0.60 (predicts 0 uncovered fns)
2026-06-01 21:26:53,726 INFO: CovBayes plan score=0.60 (predicts 0 uncovered fns)
2026-06-01 21:26:54,506 INFO: CovBayes plan score=2.19 (predicts 7 uncovered fns)
2026-06-01 21:26:56,764 INFO: CovBayes plan score=0.60 (predicts 0 uncovered fns)
2026-06-01 21:26:57,790 INFO: CovBayes plan score=0.60 (predicts 0 uncovered fns)
2026-06-01 21:26:58,647 INFO: CovBayes plan score=3.54 (predicts 9 uncovered fns)
2026-06-01 21:26:58,821 INFO: CovBayes plan score=0.60 (predicts 0 uncovered fns)
2026-06-01 21:26:59,823 INFO: CovBayes plan score=0.60 (predicts 0 uncovered fns)
2026-06-01 21:27:10,317 INFO: CovBayes plan score=0.43 (predicts 0 uncovered fns)
2026-06-01 21:27:15,067 INFO: CovBayes plan score=0.43 (predicts 0 uncovered fns)
2026-06-01 21:27:17,791 INFO: CovBayes plan score=0.43 (predicts 0 uncovered fns)
2026-06-01 21:27:23,925 INFO: CovBayes plan score=0.43 (predicts 0 uncovered fns)
2026-06-01 21:27:27,584 INFO: CovBayes plan score=0.60 (predicts 0 uncovered fns)
2026-06-01 21:27:30,282 INFO: CovBayes plan score=0.60 (predicts 0 uncovered fns)
2026-06-01 21:27:31,297 INFO: CovBayes plan score=0.43 (predicts 0 uncovered fns)
2026-06-01 21:27:31,564 INFO: CovBayes plan score=0.60 (predicts 0 uncovered fns)
2026-06-01 21:27:32,392 INFO: CovBayes plan score=0.60 (predicts 0 uncovered fns)
2026-06-01 21:27:34,702 INFO: CovBayes plan score=0.43 (predicts 0 uncovered fns)
2026-06-01 21:27:35,989 INFO: CovBayes plan score=0.60 (predicts 0 uncovered fns)
2026-06-01 21:27:38,323 INFO: CovBayes plan score=0.38 (predicts 0 uncovered fns)
2026-06-01 21:27:40,091 INFO: CovBayes plan score=0.38 (predicts 0 uncovered fns)
2026-06-01 21:27:40,218 INFO: CovBayes plan score=0.43 (predicts 0 uncovered fns)
2026-06-01 21:27:40,617 INFO: CovBayes plan score=1.39 (predicts 2 uncovered fns)
2026-06-01 21:27:40,804 INFO: CovBayes plan score=0.60 (predicts 0 uncovered fns)
2026-06-01 21:27:41,463 INFO: CovBayes plan score=1.87 (predicts 3 uncovered fns)
2026-06-01 21:27:42,048 INFO: CovBayes plan score=1.39 (predicts 2 uncovered fns)
2026-06-01 21:27:42,187 INFO: CovBayes plan score=0.38 (predicts 0 uncovered fns)
2026-06-01 21:27:42,403 INFO: CovBayes plan score=0.91 (predicts 1 uncovered fns)
2026-06-01 21:27:42,522 INFO: CovBayes plan score=0.43 (predicts 0 uncovered fns)
2026-06-01 21:27:42,978 INFO: CovBayes plan score=1.39 (predicts 2 uncovered fns)
2026-06-01 21:27:43,755 INFO: CovBayes plan score=1.87 (predicts 3 uncovered fns)
2026-06-01 21:27:44,056 INFO: CovBayes plan score=0.91 (predicts 1 uncovered fns)
2026-06-01 21:27:44,189 INFO: CovBayes plan score=0.38 (predicts 0 uncovered fns)
2026-06-01 21:27:44,625 INFO: CovBayes plan score=1.39 (predicts 2 uncovered fns)
2026-06-01 21:27:46,289 INFO: CovBayes plan score=0.60 (predicts 0 uncovered fns)
2026-06-01 21:27:46,289 INFO: CovBayes plan score=0.38 (predicts 0 uncovered fns)
2026-06-01 21:27:47,326 INFO: CovBayes plan score=0.60 (predicts 0 uncovered fns)
2026-06-01 21:27:48,135 INFO: CovBayes plan score=0.38 (predicts 0 uncovered fns)
2026-06-01 21:27:49,589 INFO: CovBayes plan score=0.38 (predicts 0 uncovered fns)
2026-06-01 21:27:51,184 INFO: CovBayes plan score=0.38 (predicts 0 uncovered fns)
  [45/93] jinja2.parser seed=42: {'divhints_random': 13, 'divhints_oracle': 13, 'cov_bayes': 69}
2026-06-01 21:28:15,775 INFO: CovBayes plan score=0.60 (predicts 0 uncovered fns)
2026-06-01 21:28:15,941 INFO: CovBayes plan score=1.04 (predicts 2 uncovered fns)
2026-06-01 21:28:16,280 INFO: CovBayes plan score=0.72 (predicts 1 uncovered fns)
2026-06-01 21:28:16,854 INFO: CovBayes plan score=0.72 (predicts 1 uncovered fns)
2026-06-01 21:28:17,189 INFO: CovBayes plan score=0.72 (predicts 1 uncovered fns)
2026-06-01 21:28:17,524 INFO: CovBayes plan score=0.72 (predicts 1 uncovered fns)
2026-06-01 21:28:20,076 INFO: CovBayes plan score=0.60 (predicts 0 uncovered fns)
2026-06-01 21:28:21,076 INFO: CovBayes plan score=0.60 (predicts 0 uncovered fns)
2026-06-01 21:28:22,032 INFO: CovBayes plan score=0.60 (predicts 0 uncovered fns)
2026-06-01 21:28:23,553 INFO: CovBayes plan score=0.00 (predicts 27 uncovered fns)
2026-06-01 21:28:24,005 INFO: CovBayes plan score=0.72 (predicts 1 uncovered fns)
2026-06-01 21:28:24,436 INFO: CovBayes plan score=0.72 (predicts 1 uncovered fns)
2026-06-01 21:28:27,988 INFO: CovBayes plan score=0.60 (predicts 0 uncovered fns)
2026-06-01 21:28:30,749 INFO: CovBayes plan score=0.25 (predicts 0 uncovered fns)
2026-06-01 21:28:32,594 INFO: CovBayes plan score=0.60 (predicts 0 uncovered fns)
2026-06-01 21:28:36,642 INFO: CovBayes plan score=0.60 (predicts 0 uncovered fns)
2026-06-01 21:28:39,429 INFO: CovBayes plan score=4.09 (predicts 12 uncovered fns)
2026-06-01 21:28:39,543 INFO: CovBayes plan score=0.60 (predicts 0 uncovered fns)
2026-06-01 21:28:39,685 INFO: CovBayes plan score=0.45 (predicts 1 uncovered fns)
2026-06-01 21:28:45,486 INFO: CovBayes plan score=0.25 (predicts 0 uncovered fns)
2026-06-01 21:28:48,820 INFO: CovBayes plan score=3.55 (predicts 17 uncovered fns)
2026-06-01 21:28:49,581 INFO: CovBayes plan score=1.26 (predicts 4 uncovered fns)
  [46/93] jinja2.utils seed=42: {'divhints_random': 11, 'divhints_oracle': 11, 'cov_bayes': 11}
2026-06-01 21:28:53,133 INFO: CovBayes plan score=0.25 (predicts 0 uncovered fns)
2026-06-01 21:28:53,376 INFO: CovBayes plan score=0.63 (predicts 1 uncovered fns)
2026-06-01 21:28:54,116 INFO: CovBayes plan score=0.63 (predicts 1 uncovered fns)
2026-06-01 21:28:54,850 INFO: CovBayes plan score=0.39 (predicts 0 uncovered fns)
2026-06-01 21:28:55,185 INFO: CovBayes plan score=0.39 (predicts 0 uncovered fns)
2026-06-01 21:28:55,522 INFO: CovBayes plan score=0.39 (predicts 0 uncovered fns)
2026-06-01 21:28:56,118 INFO: CovBayes plan score=0.88 (predicts 2 uncovered fns)
2026-06-01 21:28:56,742 INFO: CovBayes plan score=0.63 (predicts 1 uncovered fns)
2026-06-01 21:28:57,105 INFO: CovBayes plan score=0.63 (predicts 1 uncovered fns)
2026-06-01 21:29:02,976 INFO: CovBayes plan score=0.25 (predicts 0 uncovered fns)
2026-06-01 21:29:21,532 INFO: CovBayes plan score=0.39 (predicts 0 uncovered fns)
2026-06-01 21:29:21,864 INFO: CovBayes plan score=0.58 (predicts 1 uncovered fns)
2026-06-01 21:29:22,425 INFO: CovBayes plan score=0.58 (predicts 1 uncovered fns)
2026-06-01 21:29:24,305 INFO: CovBayes plan score=0.39 (predicts 0 uncovered fns)
2026-06-01 21:29:24,780 INFO: CovBayes plan score=0.39 (predicts 0 uncovered fns)
2026-06-01 21:29:25,472 INFO: CovBayes plan score=0.58 (predicts 1 uncovered fns)
2026-06-01 21:29:25,847 INFO: CovBayes plan score=0.39 (predicts 0 uncovered fns)
2026-06-01 21:29:26,252 INFO: CovBayes plan score=0.58 (predicts 1 uncovered fns)
2026-06-01 21:29:44,643 INFO: CovBayes plan score=0.20 (predicts 0 uncovered fns)
2026-06-01 21:29:48,287 INFO: CovBayes plan score=0.74 (predicts 2 uncovered fns)
2026-06-01 21:29:48,559 INFO: CovBayes plan score=0.40 (predicts 1 uncovered fns)
2026-06-01 21:29:49,172 INFO: CovBayes plan score=0.74 (predicts 2 uncovered fns)
2026-06-01 21:29:49,412 INFO: CovBayes plan score=0.39 (predicts 0 uncovered fns)
2026-06-01 21:29:49,682 INFO: CovBayes plan score=0.55 (predicts 1 uncovered fns)
2026-06-01 21:29:49,938 INFO: CovBayes plan score=0.55 (predicts 1 uncovered fns)
2026-06-01 21:29:50,540 INFO: CovBayes plan score=0.38 (predicts 1 uncovered fns)
2026-06-01 21:29:50,912 INFO: CovBayes plan score=0.20 (predicts 0 uncovered fns)
2026-06-01 21:29:51,082 INFO: CovBayes plan score=0.55 (predicts 1 uncovered fns)
2026-06-01 21:29:56,653 INFO: CovBayes plan score=0.20 (predicts 0 uncovered fns)
2026-06-01 21:30:06,943 INFO: CovBayes plan score=0.20 (predicts 0 uncovered fns)
2026-06-01 21:30:14,825 INFO: CovBayes plan score=0.20 (predicts 0 uncovered fns)
2026-06-01 21:30:16,379 INFO: CovBayes plan score=0.52 (predicts 1 uncovered fns)
2026-06-01 21:30:16,838 INFO: CovBayes plan score=0.52 (predicts 1 uncovered fns)
2026-06-01 21:30:17,122 INFO: CovBayes plan score=0.38 (predicts 0 uncovered fns)
2026-06-01 21:30:17,387 INFO: CovBayes plan score=0.52 (predicts 1 uncovered fns)
2026-06-01 21:30:17,662 INFO: CovBayes plan score=0.52 (predicts 1 uncovered fns)
2026-06-01 21:30:18,087 INFO: CovBayes plan score=0.68 (predicts 2 uncovered fns)
2026-06-01 21:30:18,356 INFO: CovBayes plan score=0.52 (predicts 1 uncovered fns)
2026-06-01 21:30:18,799 INFO: CovBayes plan score=0.52 (predicts 1 uncovered fns)
2026-06-01 21:30:19,477 INFO: CovBayes plan score=1.24 (predicts 5 uncovered fns)
2026-06-01 21:30:20,297 INFO: CovBayes plan score=0.20 (predicts 0 uncovered fns)
2026-06-01 21:30:27,188 INFO: CovBayes plan score=0.20 (predicts 0 uncovered fns)
  [47/93] jinja2.lexer seed=42: {'divhints_random': 34, 'divhints_oracle': 111, 'cov_bayes': 41}
2026-06-01 21:30:43,085 INFO: CovBayes plan score=0.64 (predicts 2 uncovered fns)
2026-06-01 21:30:43,436 INFO: CovBayes plan score=0.38 (predicts 0 uncovered fns)
2026-06-01 21:30:44,080 INFO: CovBayes plan score=0.50 (predicts 1 uncovered fns)
2026-06-01 21:30:44,714 INFO: CovBayes plan score=0.50 (predicts 1 uncovered fns)
2026-06-01 21:30:45,055 INFO: CovBayes plan score=0.38 (predicts 0 uncovered fns)
2026-06-01 21:30:45,686 INFO: CovBayes plan score=0.50 (predicts 1 uncovered fns)
2026-06-01 21:30:46,315 INFO: CovBayes plan score=0.50 (predicts 1 uncovered fns)
2026-06-01 21:30:49,139 INFO: CovBayes plan score=0.38 (predicts 1 uncovered fns)
2026-06-01 21:31:17,748 INFO: CovBayes plan score=0.61 (predicts 2 uncovered fns)
2026-06-01 21:31:18,115 INFO: CovBayes plan score=0.49 (predicts 1 uncovered fns)
2026-06-01 21:31:18,734 INFO: CovBayes plan score=0.49 (predicts 1 uncovered fns)
2026-06-01 21:31:25,478 INFO: CovBayes plan score=0.00 (predicts 27 uncovered fns)
2026-06-01 21:31:25,922 INFO: CovBayes plan score=0.49 (predicts 1 uncovered fns)
2026-06-01 21:31:26,511 INFO: CovBayes plan score=0.49 (predicts 1 uncovered fns)
2026-06-01 21:31:27,079 INFO: CovBayes plan score=0.49 (predicts 1 uncovered fns)
2026-06-01 21:31:27,413 INFO: CovBayes plan score=0.49 (predicts 1 uncovered fns)
  [48/93] jinja2.loaders seed=42: {'divhints_random': 25, 'divhints_oracle': 26, 'cov_bayes': 24}
2026-06-01 21:33:22,182 INFO: CovBayes plan score=0.76 (predicts 1 uncovered fns)
2026-06-01 21:33:22,463 INFO: CovBayes plan score=0.76 (predicts 1 uncovered fns)
2026-06-01 21:33:22,748 INFO: CovBayes plan score=0.76 (predicts 1 uncovered fns)
2026-06-01 21:33:23,197 INFO: CovBayes plan score=1.24 (predicts 2 uncovered fns)
2026-06-01 21:33:24,193 INFO: CovBayes plan score=2.21 (predicts 4 uncovered fns)
2026-06-01 21:33:24,650 INFO: CovBayes plan score=1.24 (predicts 2 uncovered fns)
2026-06-01 21:33:24,932 INFO: CovBayes plan score=0.76 (predicts 1 uncovered fns)
2026-06-01 21:33:25,216 INFO: CovBayes plan score=0.76 (predicts 1 uncovered fns)
2026-06-01 21:33:58,692 INFO: CovBayes plan score=0.15 (predicts 0 uncovered fns)
2026-06-01 21:33:59,853 INFO: CovBayes plan score=2.18 (predicts 5 uncovered fns)
2026-06-01 21:34:00,372 INFO: CovBayes plan score=0.15 (predicts 0 uncovered fns)
2026-06-01 21:34:02,541 INFO: CovBayes plan score=0.15 (predicts 0 uncovered fns)
2026-06-01 21:34:02,788 INFO: CovBayes plan score=0.64 (predicts 1 uncovered fns)
2026-06-01 21:34:07,512 INFO: CovBayes plan score=0.15 (predicts 0 uncovered fns)
2026-06-01 21:34:08,007 INFO: CovBayes plan score=0.15 (predicts 0 uncovered fns)
2026-06-01 21:34:09,015 INFO: CovBayes plan score=0.15 (predicts 0 uncovered fns)
2026-06-01 21:34:39,749 INFO: CovBayes plan score=0.11 (predicts 0 uncovered fns)
2026-06-01 21:34:40,180 INFO: CovBayes plan score=0.11 (predicts 0 uncovered fns)
2026-06-01 21:34:43,386 INFO: CovBayes plan score=0.11 (predicts 0 uncovered fns)
2026-06-01 21:34:43,857 INFO: CovBayes plan score=0.11 (predicts 0 uncovered fns)
2026-06-01 21:34:45,674 INFO: CovBayes plan score=0.11 (predicts 0 uncovered fns)
2026-06-01 21:34:46,379 INFO: CovBayes plan score=0.11 (predicts 0 uncovered fns)
2026-06-01 21:34:47,392 INFO: CovBayes plan score=0.11 (predicts 0 uncovered fns)
2026-06-01 21:34:47,865 INFO: CovBayes plan score=0.11 (predicts 0 uncovered fns)
2026-06-01 21:35:21,484 INFO: CovBayes plan score=0.11 (predicts 0 uncovered fns)
2026-06-01 21:35:26,512 INFO: CovBayes plan score=0.92 (predicts 2 uncovered fns)
2026-06-01 21:35:27,010 INFO: CovBayes plan score=0.11 (predicts 0 uncovered fns)
2026-06-01 21:35:28,086 INFO: CovBayes plan score=0.11 (predicts 0 uncovered fns)
2026-06-01 21:35:34,147 INFO: CovBayes plan score=0.11 (predicts 0 uncovered fns)
2026-06-01 21:35:36,192 INFO: CovBayes plan score=0.11 (predicts 0 uncovered fns)
2026-06-01 21:35:36,958 INFO: CovBayes plan score=0.11 (predicts 0 uncovered fns)
2026-06-01 21:35:37,694 INFO: CovBayes plan score=0.11 (predicts 0 uncovered fns)
2026-06-01 21:36:11,793 INFO: CovBayes plan score=0.11 (predicts 0 uncovered fns)
2026-06-01 21:36:12,160 INFO: CovBayes plan score=0.11 (predicts 0 uncovered fns)
2026-06-01 21:36:12,694 INFO: CovBayes plan score=1.00 (predicts 3 uncovered fns)
2026-06-01 21:36:13,671 INFO: CovBayes plan score=0.11 (predicts 0 uncovered fns)
2026-06-01 21:36:14,141 INFO: CovBayes plan score=0.11 (predicts 0 uncovered fns)
2026-06-01 21:36:14,848 INFO: CovBayes plan score=0.11 (predicts 0 uncovered fns)
2026-06-01 21:36:19,876 INFO: CovBayes plan score=0.11 (predicts 0 uncovered fns)
2026-06-01 21:36:20,576 INFO: CovBayes plan score=0.11 (predicts 0 uncovered fns)
2026-06-01 21:36:48,073 INFO: CovBayes plan score=0.78 (predicts 3 uncovered fns)
2026-06-01 21:36:48,852 INFO: CovBayes plan score=0.10 (predicts 0 uncovered fns)
2026-06-01 21:36:49,450 INFO: CovBayes plan score=0.10 (predicts 0 uncovered fns)
2026-06-01 21:36:50,044 INFO: CovBayes plan score=0.10 (predicts 0 uncovered fns)
2026-06-01 21:36:55,484 INFO: CovBayes plan score=0.10 (predicts 0 uncovered fns)
2026-06-01 21:36:59,371 INFO: CovBayes plan score=0.10 (predicts 0 uncovered fns)
2026-06-01 21:37:03,539 INFO: CovBayes plan score=0.10 (predicts 0 uncovered fns)
2026-06-01 21:37:09,311 INFO: CovBayes plan score=0.10 (predicts 0 uncovered fns)
2026-06-01 21:37:43,883 INFO: CovBayes plan score=0.10 (predicts 0 uncovered fns)
2026-06-01 21:37:44,749 INFO: CovBayes plan score=0.10 (predicts 0 uncovered fns)
2026-06-01 21:37:49,095 INFO: CovBayes plan score=0.65 (predicts 3 uncovered fns)
2026-06-01 21:37:52,106 INFO: CovBayes plan score=0.10 (predicts 0 uncovered fns)
2026-06-01 21:37:52,798 INFO: CovBayes plan score=0.10 (predicts 0 uncovered fns)
2026-06-01 21:38:00,512 INFO: CovBayes plan score=0.10 (predicts 0 uncovered fns)
2026-06-01 21:38:00,980 INFO: CovBayes plan score=0.10 (predicts 0 uncovered fns)
2026-06-01 21:38:03,776 INFO: CovBayes plan score=0.10 (predicts 0 uncovered fns)
2026-06-01 21:38:31,746 INFO: CovBayes plan score=0.09 (predicts 0 uncovered fns)
2026-06-01 21:38:38,560 INFO: CovBayes plan score=0.09 (predicts 0 uncovered fns)
2026-06-01 21:38:39,021 INFO: CovBayes plan score=0.09 (predicts 0 uncovered fns)
2026-06-01 21:38:39,483 INFO: CovBayes plan score=0.09 (predicts 0 uncovered fns)
2026-06-01 21:38:44,163 INFO: CovBayes plan score=0.09 (predicts 0 uncovered fns)
2026-06-01 21:38:44,693 INFO: CovBayes plan score=0.09 (predicts 0 uncovered fns)
2026-06-01 21:38:45,490 INFO: CovBayes plan score=0.09 (predicts 0 uncovered fns)
2026-06-01 21:38:46,359 INFO: CovBayes plan score=0.09 (predicts 0 uncovered fns)
  [49/93] jinja2.sandbox seed=42: {'divhints_random': 59, 'divhints_oracle': 77, 'cov_bayes': 80}
2026-06-01 21:39:46,769 INFO: CovBayes plan score=1.78 (predicts 3 uncovered fns)
2026-06-01 21:39:47,301 INFO: CovBayes plan score=1.78 (predicts 3 uncovered fns)
2026-06-01 21:39:47,820 INFO: CovBayes plan score=1.78 (predicts 3 uncovered fns)
2026-06-01 21:39:48,358 INFO: CovBayes plan score=1.78 (predicts 3 uncovered fns)
2026-06-01 21:39:48,887 INFO: CovBayes plan score=1.78 (predicts 3 uncovered fns)
2026-06-01 21:39:49,419 INFO: CovBayes plan score=1.78 (predicts 3 uncovered fns)
2026-06-01 21:39:49,950 INFO: CovBayes plan score=1.78 (predicts 3 uncovered fns)
2026-06-01 21:39:50,299 INFO: CovBayes plan score=1.30 (predicts 2 uncovered fns)
2026-06-01 21:40:22,760 INFO: CovBayes plan score=1.74 (predicts 3 uncovered fns)
2026-06-01 21:40:23,044 INFO: CovBayes plan score=1.74 (predicts 3 uncovered fns)
2026-06-01 21:40:23,333 INFO: CovBayes plan score=1.74 (predicts 3 uncovered fns)
2026-06-01 21:40:23,631 INFO: CovBayes plan score=1.74 (predicts 3 uncovered fns)
2026-06-01 21:40:23,916 INFO: CovBayes plan score=1.74 (predicts 3 uncovered fns)
2026-06-01 21:40:24,376 INFO: CovBayes plan score=1.74 (predicts 3 uncovered fns)
2026-06-01 21:40:28,516 INFO: CovBayes plan score=0.29 (predicts 0 uncovered fns)
2026-06-01 21:40:28,778 INFO: CovBayes plan score=1.74 (predicts 3 uncovered fns)
2026-06-01 21:40:56,372 INFO: CovBayes plan score=1.24 (predicts 3 uncovered fns)
2026-06-01 21:41:02,324 INFO: CovBayes plan score=1.00 (predicts 19 uncovered fns)
2026-06-01 21:41:02,639 INFO: CovBayes plan score=1.24 (predicts 3 uncovered fns)
2026-06-01 21:41:02,952 INFO: CovBayes plan score=1.24 (predicts 3 uncovered fns)
2026-06-01 21:41:03,264 INFO: CovBayes plan score=1.24 (predicts 3 uncovered fns)
2026-06-01 21:41:03,579 INFO: CovBayes plan score=1.24 (predicts 3 uncovered fns)
2026-06-01 21:41:10,216 INFO: CovBayes plan score=1.00 (predicts 19 uncovered fns)
2026-06-01 21:41:12,372 INFO: CovBayes plan score=0.27 (predicts 0 uncovered fns)
2026-06-01 21:41:37,121 INFO: CovBayes plan score=0.99 (predicts 3 uncovered fns)
2026-06-01 21:41:37,628 INFO: CovBayes plan score=0.99 (predicts 3 uncovered fns)
2026-06-01 21:41:37,967 INFO: CovBayes plan score=0.99 (predicts 3 uncovered fns)
2026-06-01 21:41:38,297 INFO: CovBayes plan score=0.99 (predicts 3 uncovered fns)
2026-06-01 21:41:38,622 INFO: CovBayes plan score=0.99 (predicts 3 uncovered fns)
2026-06-01 21:41:44,565 INFO: CovBayes plan score=0.75 (predicts 19 uncovered fns)
2026-06-01 21:41:44,868 INFO: CovBayes plan score=0.99 (predicts 3 uncovered fns)
2026-06-01 21:41:45,340 INFO: CovBayes plan score=0.77 (predicts 3 uncovered fns)
2026-06-01 21:42:12,287 INFO: CovBayes plan score=0.84 (predicts 3 uncovered fns)
2026-06-01 21:42:12,532 INFO: CovBayes plan score=0.84 (predicts 3 uncovered fns)
2026-06-01 21:42:12,764 INFO: CovBayes plan score=0.84 (predicts 3 uncovered fns)
2026-06-01 21:42:12,986 INFO: CovBayes plan score=0.84 (predicts 3 uncovered fns)
2026-06-01 21:42:15,416 INFO: CovBayes plan score=0.26 (predicts 0 uncovered fns)
2026-06-01 21:42:15,651 INFO: CovBayes plan score=0.84 (predicts 3 uncovered fns)
2026-06-01 21:42:15,888 INFO: CovBayes plan score=0.84 (predicts 3 uncovered fns)
2026-06-01 21:42:16,551 INFO: CovBayes plan score=1.81 (predicts 5 uncovered fns)
2026-06-01 21:42:46,026 INFO: CovBayes plan score=0.73 (predicts 3 uncovered fns)
2026-06-01 21:42:48,926 INFO: CovBayes plan score=0.73 (predicts 3 uncovered fns)
2026-06-01 21:42:49,220 INFO: CovBayes plan score=0.73 (predicts 3 uncovered fns)
2026-06-01 21:42:53,716 INFO: CovBayes plan score=0.25 (predicts 0 uncovered fns)
2026-06-01 21:42:54,033 INFO: CovBayes plan score=0.73 (predicts 3 uncovered fns)
2026-06-01 21:42:54,331 INFO: CovBayes plan score=0.73 (predicts 3 uncovered fns)
2026-06-01 21:42:54,814 INFO: CovBayes plan score=0.73 (predicts 3 uncovered fns)
2026-06-01 21:43:00,577 INFO: CovBayes plan score=0.50 (predicts 19 uncovered fns)
2026-06-01 21:43:25,241 INFO: CovBayes plan score=0.66 (predicts 3 uncovered fns)
2026-06-01 21:43:27,605 INFO: CovBayes plan score=0.66 (predicts 3 uncovered fns)
2026-06-01 21:43:27,828 INFO: CovBayes plan score=0.66 (predicts 3 uncovered fns)
2026-06-01 21:43:28,052 INFO: CovBayes plan score=0.66 (predicts 3 uncovered fns)
2026-06-01 21:43:28,667 INFO: CovBayes plan score=0.66 (predicts 3 uncovered fns)
2026-06-01 21:43:28,947 INFO: CovBayes plan score=0.66 (predicts 3 uncovered fns)
2026-06-01 21:43:29,226 INFO: CovBayes plan score=0.66 (predicts 3 uncovered fns)
2026-06-01 21:43:30,006 INFO: CovBayes plan score=1.14 (predicts 3 uncovered fns)
2026-06-01 21:43:55,629 INFO: CovBayes plan score=0.65 (predicts 3 uncovered fns)
2026-06-01 21:43:55,893 INFO: CovBayes plan score=0.65 (predicts 3 uncovered fns)
2026-06-01 21:43:56,600 INFO: CovBayes plan score=1.03 (predicts 5 uncovered fns)
2026-06-01 21:43:56,837 INFO: CovBayes plan score=0.65 (predicts 3 uncovered fns)
2026-06-01 21:43:57,071 INFO: CovBayes plan score=0.65 (predicts 3 uncovered fns)
2026-06-01 21:43:57,442 INFO: CovBayes plan score=0.65 (predicts 3 uncovered fns)
2026-06-01 21:43:57,667 INFO: CovBayes plan score=0.65 (predicts 3 uncovered fns)
2026-06-01 21:43:57,901 INFO: CovBayes plan score=0.65 (predicts 3 uncovered fns)
  [50/93] jinja2.bccache seed=42: {'divhints_random': 5, 'divhints_oracle': 5, 'cov_bayes': 5}
2026-06-01 21:45:17,953 INFO: CovBayes plan score=1.15 (predicts 0 uncovered fns)
2026-06-01 21:45:21,032 INFO: CovBayes plan score=1.15 (predicts 0 uncovered fns)
2026-06-01 21:45:24,782 INFO: CovBayes plan score=1.15 (predicts 0 uncovered fns)
2026-06-01 21:45:27,030 INFO: CovBayes plan score=9.89 (predicts 11 uncovered fns)
2026-06-01 21:45:30,945 INFO: CovBayes plan score=1.15 (predicts 0 uncovered fns)
2026-06-01 21:45:38,659 INFO: CovBayes plan score=12.80 (predicts 24 uncovered fns)
2026-06-01 21:45:41,190 INFO: CovBayes plan score=1.15 (predicts 0 uncovered fns)
2026-06-01 21:45:42,438 INFO: CovBayes plan score=1.15 (predicts 0 uncovered fns)
2026-06-01 21:46:12,805 INFO: CovBayes plan score=1.82 (predicts 1 uncovered fns)
2026-06-01 21:46:13,054 INFO: CovBayes plan score=1.82 (predicts 1 uncovered fns)
2026-06-01 21:46:13,293 INFO: CovBayes plan score=1.82 (predicts 1 uncovered fns)
2026-06-01 21:46:13,534 INFO: CovBayes plan score=1.82 (predicts 1 uncovered fns)
2026-06-01 21:46:14,111 INFO: CovBayes plan score=2.79 (predicts 3 uncovered fns)
2026-06-01 21:46:14,353 INFO: CovBayes plan score=1.82 (predicts 1 uncovered fns)
2026-06-01 21:46:14,578 INFO: CovBayes plan score=1.82 (predicts 1 uncovered fns)
2026-06-01 21:46:14,987 INFO: CovBayes plan score=2.30 (predicts 2 uncovered fns)
2026-06-01 21:46:20,214 INFO: CovBayes plan score=6.58 (predicts 18 uncovered fns)
2026-06-01 21:46:23,500 INFO: CovBayes plan score=1.45 (predicts 2 uncovered fns)
2026-06-01 21:46:28,784 INFO: CovBayes plan score=9.97 (predicts 25 uncovered fns)
2026-06-01 21:46:32,635 INFO: CovBayes plan score=1.45 (predicts 2 uncovered fns)
2026-06-01 21:46:34,855 INFO: CovBayes plan score=4.93 (predicts 9 uncovered fns)
2026-06-01 21:46:37,900 INFO: CovBayes plan score=4.35 (predicts 9 uncovered fns)
2026-06-01 21:46:38,655 INFO: CovBayes plan score=4.11 (predicts 6 uncovered fns)
2026-06-01 21:46:39,026 INFO: CovBayes plan score=5.08 (predicts 8 uncovered fns)
2026-06-01 21:46:39,385 INFO: CovBayes plan score=4.11 (predicts 6 uncovered fns)
2026-06-01 21:46:39,593 INFO: CovBayes plan score=3.62 (predicts 5 uncovered fns)
2026-06-01 21:46:39,951 INFO: CovBayes plan score=4.11 (predicts 6 uncovered fns)
2026-06-01 21:46:40,474 INFO: CovBayes plan score=4.60 (predicts 7 uncovered fns)
2026-06-01 21:46:40,844 INFO: CovBayes plan score=4.11 (predicts 6 uncovered fns)
2026-06-01 21:46:41,051 INFO: CovBayes plan score=3.62 (predicts 5 uncovered fns)
2026-06-01 21:46:41,465 INFO: CovBayes plan score=4.58 (predicts 18 uncovered fns)
2026-06-01 21:46:44,299 INFO: CovBayes plan score=7.26 (predicts 17 uncovered fns)
2026-06-01 21:47:10,640 INFO: CovBayes plan score=2.76 (predicts 5 uncovered fns)
2026-06-01 21:47:10,932 INFO: CovBayes plan score=2.76 (predicts 5 uncovered fns)
2026-06-01 21:47:11,225 INFO: CovBayes plan score=2.76 (predicts 5 uncovered fns)
2026-06-01 21:47:11,516 INFO: CovBayes plan score=2.76 (predicts 5 uncovered fns)
2026-06-01 21:47:11,807 INFO: CovBayes plan score=2.76 (predicts 5 uncovered fns)
2026-06-01 21:47:12,310 INFO: CovBayes plan score=3.73 (predicts 8 uncovered fns)
2026-06-01 21:47:12,598 INFO: CovBayes plan score=2.76 (predicts 5 uncovered fns)
2026-06-01 21:47:12,882 INFO: CovBayes plan score=2.76 (predicts 5 uncovered fns)
2026-06-01 21:47:20,247 INFO: CovBayes plan score=0.97 (predicts 2 uncovered fns)
2026-06-01 21:47:23,079 INFO: CovBayes plan score=0.64 (predicts 1 uncovered fns)
2026-06-01 21:47:26,915 INFO: CovBayes plan score=3.65 (predicts 16 uncovered fns)
2026-06-01 21:47:28,291 INFO: CovBayes plan score=1.31 (predicts 3 uncovered fns)
2026-06-01 21:47:30,766 INFO: CovBayes plan score=2.16 (predicts 7 uncovered fns)
2026-06-01 21:47:38,231 INFO: CovBayes plan score=3.06 (predicts 8 uncovered fns)
2026-06-01 21:47:38,449 INFO: CovBayes plan score=2.34 (predicts 5 uncovered fns)
2026-06-01 21:47:38,634 INFO: CovBayes plan score=0.67 (predicts 29 uncovered fns)
2026-06-01 21:47:38,666 INFO: CovBayes plan score=2.34 (predicts 5 uncovered fns)
2026-06-01 21:47:38,907 INFO: CovBayes plan score=2.34 (predicts 5 uncovered fns)
2026-06-01 21:47:39,268 INFO: CovBayes plan score=2.82 (predicts 6 uncovered fns)
2026-06-01 21:47:39,638 INFO: CovBayes plan score=3.06 (predicts 8 uncovered fns)
2026-06-01 21:47:39,857 INFO: CovBayes plan score=2.34 (predicts 5 uncovered fns)
2026-06-01 21:47:40,064 INFO: CovBayes plan score=2.34 (predicts 5 uncovered fns)
2026-06-01 21:47:42,943 INFO: CovBayes plan score=0.48 (predicts 1 uncovered fns)
2026-06-01 21:47:44,808 INFO: CovBayes plan score=1.85 (predicts 6 uncovered fns)
2026-06-01 21:48:08,032 INFO: CovBayes plan score=3.63 (predicts 10 uncovered fns)
2026-06-01 21:48:08,278 INFO: CovBayes plan score=2.08 (predicts 5 uncovered fns)
2026-06-01 21:48:08,523 INFO: CovBayes plan score=2.08 (predicts 5 uncovered fns)
2026-06-01 21:48:08,769 INFO: CovBayes plan score=2.08 (predicts 5 uncovered fns)
2026-06-01 21:48:09,004 INFO: CovBayes plan score=2.08 (predicts 5 uncovered fns)
2026-06-01 21:48:09,251 INFO: CovBayes plan score=2.08 (predicts 5 uncovered fns)
2026-06-01 21:48:09,498 INFO: CovBayes plan score=2.08 (predicts 5 uncovered fns)
2026-06-01 21:48:09,744 INFO: CovBayes plan score=2.08 (predicts 5 uncovered fns)
2026-06-01 21:48:20,626 INFO: CovBayes plan score=3.46 (predicts 18 uncovered fns)
2026-06-01 21:48:22,732 INFO: CovBayes plan score=0.51 (predicts 1 uncovered fns)
2026-06-01 21:48:25,858 INFO: CovBayes plan score=0.75 (predicts 2 uncovered fns)
2026-06-01 21:48:27,960 INFO: CovBayes plan score=1.87 (predicts 6 uncovered fns)
2026-06-01 21:48:31,618 INFO: CovBayes plan score=3.93 (predicts 18 uncovered fns)
2026-06-01 21:48:33,826 INFO: CovBayes plan score=1.86 (predicts 6 uncovered fns)
2026-06-01 21:48:34,329 INFO: CovBayes plan score=1.89 (predicts 5 uncovered fns)
2026-06-01 21:48:34,470 INFO: CovBayes plan score=0.71 (predicts 2 uncovered fns)
2026-06-01 21:48:34,571 INFO: CovBayes plan score=1.89 (predicts 5 uncovered fns)
2026-06-01 21:48:34,946 INFO: CovBayes plan score=2.37 (predicts 8 uncovered fns)
2026-06-01 21:48:35,165 INFO: CovBayes plan score=1.89 (predicts 5 uncovered fns)
2026-06-01 21:48:35,384 INFO: CovBayes plan score=1.89 (predicts 5 uncovered fns)
2026-06-01 21:48:35,897 INFO: CovBayes plan score=2.37 (predicts 6 uncovered fns)
2026-06-01 21:48:35,913 INFO: CovBayes plan score=1.63 (predicts 6 uncovered fns)
2026-06-01 21:48:37,059 INFO: CovBayes plan score=2.37 (predicts 8 uncovered fns)
2026-06-01 21:48:37,251 INFO: CovBayes plan score=1.89 (predicts 5 uncovered fns)
2026-06-01 21:49:03,993 INFO: CovBayes plan score=2.17 (predicts 8 uncovered fns)
2026-06-01 21:49:04,240 INFO: CovBayes plan score=1.75 (predicts 5 uncovered fns)
2026-06-01 21:49:04,474 INFO: CovBayes plan score=1.75 (predicts 5 uncovered fns)
2026-06-01 21:49:04,716 INFO: CovBayes plan score=1.75 (predicts 5 uncovered fns)
2026-06-01 21:49:05,115 INFO: CovBayes plan score=1.75 (predicts 5 uncovered fns)
2026-06-01 21:49:05,351 INFO: CovBayes plan score=1.75 (predicts 5 uncovered fns)
2026-06-01 21:49:06,478 INFO: CovBayes plan score=2.17 (predicts 8 uncovered fns)
2026-06-01 21:49:06,702 INFO: CovBayes plan score=1.75 (predicts 5 uncovered fns)
2026-06-01 21:49:11,943 INFO: CovBayes plan score=2.96 (predicts 20 uncovered fns)
2026-06-01 21:49:12,554 INFO: CovBayes plan score=0.38 (predicts 1 uncovered fns)
2026-06-01 21:49:13,384 INFO: CovBayes plan score=1.07 (predicts 4 uncovered fns)
2026-06-01 21:49:16,878 INFO: CovBayes plan score=1.29 (predicts 18 uncovered fns)
2026-06-01 21:49:20,814 INFO: CovBayes plan score=0.62 (predicts 2 uncovered fns)
2026-06-01 21:49:22,539 INFO: CovBayes plan score=0.62 (predicts 2 uncovered fns)
2026-06-01 21:49:23,011 INFO: CovBayes plan score=0.38 (predicts 1 uncovered fns)
2026-06-01 21:49:26,348 INFO: CovBayes plan score=0.62 (predicts 2 uncovered fns)
2026-06-01 21:49:32,273 INFO: CovBayes plan score=1.66 (predicts 5 uncovered fns)
2026-06-01 21:49:32,541 INFO: CovBayes plan score=1.66 (predicts 5 uncovered fns)
2026-06-01 21:49:32,813 INFO: CovBayes plan score=1.66 (predicts 5 uncovered fns)
2026-06-01 21:49:33,276 INFO: CovBayes plan score=2.02 (predicts 8 uncovered fns)
2026-06-01 21:49:33,545 INFO: CovBayes plan score=1.66 (predicts 5 uncovered fns)
2026-06-01 21:49:33,814 INFO: CovBayes plan score=1.66 (predicts 5 uncovered fns)
2026-06-01 21:49:34,085 INFO: CovBayes plan score=1.66 (predicts 5 uncovered fns)
2026-06-01 21:49:34,356 INFO: CovBayes plan score=1.66 (predicts 5 uncovered fns)
  [51/93] httpx._models seed=42: {'divhints_random': 74, 'divhints_oracle': 116, 'cov_bayes': 103}
2026-06-01 21:49:48,222 INFO: CovBayes plan score=5.11 (predicts 9 uncovered fns)
2026-06-01 21:49:49,152 INFO: CovBayes plan score=2.69 (predicts 4 uncovered fns)
2026-06-01 21:49:50,509 INFO: CovBayes plan score=3.66 (predicts 6 uncovered fns)
2026-06-01 21:49:51,706 INFO: CovBayes plan score=3.18 (predicts 5 uncovered fns)
2026-06-01 21:49:52,647 INFO: CovBayes plan score=2.69 (predicts 4 uncovered fns)
2026-06-01 21:49:55,095 INFO: CovBayes plan score=5.11 (predicts 9 uncovered fns)
2026-06-01 21:49:56,813 INFO: CovBayes plan score=4.15 (predicts 7 uncovered fns)
2026-06-01 21:49:57,805 INFO: CovBayes plan score=2.69 (predicts 4 uncovered fns)
2026-06-01 21:49:58,061 INFO: CovBayes plan score=0.41 (predicts 2 uncovered fns)
2026-06-01 21:49:58,553 INFO: CovBayes plan score=0.32 (predicts 1 uncovered fns)
2026-06-01 21:50:02,121 INFO: CovBayes plan score=1.90 (predicts 16 uncovered fns)
2026-06-01 21:50:04,896 INFO: CovBayes plan score=1.54 (predicts 14 uncovered fns)
2026-06-01 21:50:06,826 INFO: CovBayes plan score=0.16 (predicts 0 uncovered fns)
2026-06-01 21:50:09,291 INFO: CovBayes plan score=0.74 (predicts 15 uncovered fns)
2026-06-01 21:50:10,946 INFO: CovBayes plan score=0.32 (predicts 1 uncovered fns)
2026-06-01 21:50:12,056 INFO: CovBayes plan score=1.72 (predicts 5 uncovered fns)
2026-06-01 21:50:30,252 INFO: CovBayes plan score=0.82 (predicts 15 uncovered fns)
2026-06-01 21:50:31,251 INFO: CovBayes plan score=2.97 (predicts 5 uncovered fns)
2026-06-01 21:50:32,257 INFO: CovBayes plan score=2.97 (predicts 5 uncovered fns)
2026-06-01 21:50:33,268 INFO: CovBayes plan score=2.97 (predicts 5 uncovered fns)
2026-06-01 21:50:34,433 INFO: CovBayes plan score=1.03 (predicts 1 uncovered fns)
2026-06-01 21:50:34,681 INFO: CovBayes plan score=1.03 (predicts 1 uncovered fns)
2026-06-01 21:50:38,223 INFO: CovBayes plan score=1.31 (predicts 15 uncovered fns)
2026-06-01 21:50:39,110 INFO: CovBayes plan score=2.48 (predicts 4 uncovered fns)
2026-06-01 21:50:43,290 INFO: CovBayes plan score=0.28 (predicts 1 uncovered fns)
2026-06-01 21:50:43,558 INFO: CovBayes plan score=0.14 (predicts 0 uncovered fns)
2026-06-01 21:50:46,793 INFO: CovBayes plan score=0.28 (predicts 1 uncovered fns)
2026-06-01 21:50:49,699 INFO: CovBayes plan score=0.58 (predicts 3 uncovered fns)
2026-06-01 21:50:54,065 INFO: CovBayes plan score=0.44 (predicts 2 uncovered fns)
2026-06-01 21:50:56,238 INFO: CovBayes plan score=1.40 (predicts 11 uncovered fns)
2026-06-01 21:51:00,912 INFO: CovBayes plan score=0.14 (predicts 23 uncovered fns)
2026-06-01 21:51:01,371 INFO: CovBayes plan score=0.44 (predicts 2 uncovered fns)
2026-06-01 21:51:09,131 INFO: CovBayes plan score=1.16 (predicts 2 uncovered fns)
2026-06-01 21:51:09,644 INFO: CovBayes plan score=1.16 (predicts 2 uncovered fns)
2026-06-01 21:51:10,136 INFO: CovBayes plan score=1.16 (predicts 2 uncovered fns)
2026-06-01 21:51:10,630 INFO: CovBayes plan score=1.16 (predicts 2 uncovered fns)
2026-06-01 21:51:11,123 INFO: CovBayes plan score=1.16 (predicts 2 uncovered fns)
2026-06-01 21:51:12,049 INFO: CovBayes plan score=1.81 (predicts 4 uncovered fns)
2026-06-01 21:51:12,544 INFO: CovBayes plan score=1.16 (predicts 2 uncovered fns)
2026-06-01 21:51:13,644 INFO: Retrying request to /chat/completions in 0.469389 seconds
2026-06-01 21:51:21,326 INFO: CovBayes plan score=0.52 (predicts 0 uncovered fns)
2026-06-01 21:51:32,490 INFO: CovBayes plan score=0.91 (predicts 7 uncovered fns)
2026-06-01 21:51:33,129 INFO: CovBayes plan score=0.25 (predicts 1 uncovered fns)
2026-06-01 21:51:33,699 INFO: CovBayes plan score=0.45 (predicts 2 uncovered fns)
2026-06-01 21:51:38,822 INFO: CovBayes plan score=0.12 (predicts 23 uncovered fns)
2026-06-01 21:51:42,026 INFO: CovBayes plan score=0.42 (predicts 2 uncovered fns)
2026-06-01 21:51:44,885 INFO: CovBayes plan score=0.42 (predicts 2 uncovered fns)
2026-06-01 21:51:47,386 INFO: CovBayes plan score=0.25 (predicts 1 uncovered fns)
2026-06-01 21:51:51,031 INFO: CovBayes plan score=1.94 (predicts 16 uncovered fns)
2026-06-01 21:51:52,507 INFO: CovBayes plan score=0.99 (predicts 2 uncovered fns)
2026-06-01 21:51:58,860 INFO: CovBayes plan score=0.94 (predicts 2 uncovered fns)
2026-06-01 21:51:59,915 INFO: CovBayes plan score=0.75 (predicts 1 uncovered fns)
2026-06-01 21:52:00,177 INFO: CovBayes plan score=0.75 (predicts 1 uncovered fns)
  [52/93] httpx._client seed=42: {'divhints_random': 41, 'divhints_oracle': 149, 'cov_bayes': 138}
2026-06-01 21:52:04,841 INFO: CovBayes plan score=2.02 (predicts 11 uncovered fns)
2026-06-01 21:52:07,107 INFO: CovBayes plan score=0.21 (predicts 0 uncovered fns)
2026-06-01 21:52:10,174 INFO: CovBayes plan score=0.21 (predicts 0 uncovered fns)
2026-06-01 21:52:12,909 INFO: CovBayes plan score=0.51 (predicts 0 uncovered fns)
2026-06-01 21:52:13,158 INFO: CovBayes plan score=0.75 (predicts 1 uncovered fns)
2026-06-01 21:52:13,605 INFO: CovBayes plan score=0.99 (predicts 2 uncovered fns)
2026-06-01 21:52:17,427 INFO: CovBayes plan score=4.47 (predicts 9 uncovered fns)
2026-06-01 21:52:18,857 INFO: CovBayes plan score=0.21 (predicts 0 uncovered fns)
2026-06-01 21:52:19,940 INFO: CovBayes plan score=0.21 (predicts 0 uncovered fns)
2026-06-01 21:52:21,235 INFO: CovBayes plan score=0.21 (predicts 0 uncovered fns)
2026-06-01 21:52:22,652 INFO: CovBayes plan score=0.21 (predicts 0 uncovered fns)
2026-06-01 21:52:23,806 INFO: CovBayes plan score=0.21 (predicts 0 uncovered fns)
2026-06-01 21:52:45,188 INFO: CovBayes plan score=1.03 (predicts 3 uncovered fns)
2026-06-01 21:52:45,776 INFO: CovBayes plan score=0.88 (predicts 2 uncovered fns)
2026-06-01 21:52:46,624 INFO: CovBayes plan score=1.03 (predicts 3 uncovered fns)
2026-06-01 21:52:47,462 INFO: CovBayes plan score=1.03 (predicts 3 uncovered fns)
2026-06-01 21:52:48,297 INFO: CovBayes plan score=1.03 (predicts 3 uncovered fns)
2026-06-01 21:52:49,364 INFO: CovBayes plan score=1.27 (predicts 4 uncovered fns)
2026-06-01 21:52:50,176 INFO: CovBayes plan score=0.69 (predicts 1 uncovered fns)
2026-06-01 21:52:55,713 INFO: CovBayes plan score=0.16 (predicts 0 uncovered fns)
2026-06-01 21:53:00,042 INFO: CovBayes plan score=0.44 (predicts 0 uncovered fns)
2026-06-01 21:53:01,837 INFO: CovBayes plan score=0.16 (predicts 0 uncovered fns)
2026-06-01 21:53:02,479 INFO: CovBayes plan score=0.70 (predicts 1 uncovered fns)
2026-06-01 21:53:02,744 INFO: CovBayes plan score=0.70 (predicts 1 uncovered fns)
2026-06-01 21:53:03,014 INFO: CovBayes plan score=0.70 (predicts 1 uncovered fns)
2026-06-01 21:53:03,425 INFO: CovBayes plan score=0.70 (predicts 1 uncovered fns)
2026-06-01 21:53:03,719 INFO: CovBayes plan score=0.70 (predicts 1 uncovered fns)
2026-06-01 21:53:05,307 INFO: CovBayes plan score=0.20 (predicts 1 uncovered fns)
2026-06-01 21:53:05,603 INFO: CovBayes plan score=0.70 (predicts 1 uncovered fns)
2026-06-01 21:53:05,884 INFO: CovBayes plan score=0.70 (predicts 1 uncovered fns)
2026-06-01 21:53:05,932 INFO: CovBayes plan score=0.16 (predicts 0 uncovered fns)
2026-06-01 21:53:07,707 INFO: CovBayes plan score=0.16 (predicts 0 uncovered fns)
2026-06-01 21:53:10,798 INFO: CovBayes plan score=0.16 (predicts 0 uncovered fns)
2026-06-01 21:53:12,505 INFO: CovBayes plan score=0.16 (predicts 0 uncovered fns)
2026-06-01 21:53:13,618 INFO: CovBayes plan score=0.16 (predicts 0 uncovered fns)
2026-06-01 21:53:22,674 INFO: CovBayes plan score=1.45 (predicts 4 uncovered fns)
2026-06-01 21:53:30,233 INFO: CovBayes plan score=0.68 (predicts 1 uncovered fns)
2026-06-01 21:53:33,976 INFO: CovBayes plan score=0.43 (predicts 0 uncovered fns)
2026-06-01 21:53:34,202 INFO: CovBayes plan score=0.68 (predicts 1 uncovered fns)
2026-06-01 21:53:37,073 INFO: CovBayes plan score=0.95 (predicts 3 uncovered fns)
2026-06-01 21:53:37,349 INFO: CovBayes plan score=0.68 (predicts 1 uncovered fns)
2026-06-01 21:53:38,844 INFO: CovBayes plan score=0.20 (predicts 0 uncovered fns)
2026-06-01 21:53:39,114 INFO: CovBayes plan score=0.20 (predicts 0 uncovered fns)
2026-06-01 21:53:42,291 INFO: CovBayes plan score=0.43 (predicts 0 uncovered fns)
2026-06-01 21:53:42,902 INFO: CovBayes plan score=0.20 (predicts 0 uncovered fns)
2026-06-01 21:53:45,983 INFO: CovBayes plan score=4.00 (predicts 13 uncovered fns)
2026-06-01 21:53:49,009 INFO: CovBayes plan score=0.43 (predicts 0 uncovered fns)
2026-06-01 21:53:49,127 INFO: CovBayes plan score=4.00 (predicts 13 uncovered fns)
2026-06-01 21:53:49,343 INFO: CovBayes plan score=0.68 (predicts 1 uncovered fns)
2026-06-01 21:53:52,628 INFO: CovBayes plan score=0.20 (predicts 0 uncovered fns)
2026-06-01 21:53:57,346 INFO: CovBayes plan score=2.36 (predicts 8 uncovered fns)
2026-06-01 21:53:57,804 INFO: CovBayes plan score=0.20 (predicts 0 uncovered fns)
2026-06-01 21:54:00,132 INFO: CovBayes plan score=0.20 (predicts 0 uncovered fns)
2026-06-01 21:54:02,617 INFO: CovBayes plan score=1.94 (predicts 6 uncovered fns)
2026-06-01 21:54:07,935 INFO: CovBayes plan score=0.15 (predicts 0 uncovered fns)
2026-06-01 21:54:16,315 INFO: CovBayes plan score=2.92 (predicts 10 uncovered fns)
2026-06-01 21:54:20,033 INFO: CovBayes plan score=0.67 (predicts 1 uncovered fns)
2026-06-01 21:54:20,305 INFO: CovBayes plan score=0.67 (predicts 1 uncovered fns)
2026-06-01 21:54:23,531 INFO: CovBayes plan score=2.52 (predicts 8 uncovered fns)
2026-06-01 21:54:23,963 INFO: CovBayes plan score=0.43 (predicts 0 uncovered fns)
2026-06-01 21:54:24,228 INFO: CovBayes plan score=0.67 (predicts 1 uncovered fns)
2026-06-01 21:54:29,038 INFO: CovBayes plan score=0.61 (predicts 2 uncovered fns)
2026-06-01 21:54:29,260 INFO: CovBayes plan score=0.13 (predicts 0 uncovered fns)
2026-06-01 21:54:29,470 INFO: CovBayes plan score=0.13 (predicts 0 uncovered fns)
2026-06-01 21:54:29,504 INFO: CovBayes plan score=0.43 (predicts 0 uncovered fns)
2026-06-01 21:54:29,725 INFO: CovBayes plan score=0.13 (predicts 0 uncovered fns)
2026-06-01 21:54:29,936 INFO: CovBayes plan score=0.13 (predicts 0 uncovered fns)
2026-06-01 21:54:30,146 INFO: CovBayes plan score=0.13 (predicts 0 uncovered fns)
2026-06-01 21:54:30,357 INFO: CovBayes plan score=0.13 (predicts 0 uncovered fns)
2026-06-01 21:54:30,578 INFO: CovBayes plan score=0.13 (predicts 0 uncovered fns)
2026-06-01 21:54:30,646 INFO: CovBayes plan score=1.52 (predicts 5 uncovered fns)
2026-06-01 21:54:31,426 INFO: CovBayes plan score=0.15 (predicts 0 uncovered fns)
2026-06-01 21:54:36,041 INFO: CovBayes plan score=0.43 (predicts 0 uncovered fns)
2026-06-01 21:54:38,290 INFO: CovBayes plan score=0.15 (predicts 0 uncovered fns)
2026-06-01 21:54:43,436 INFO: CovBayes plan score=0.43 (predicts 0 uncovered fns)
2026-06-01 21:54:46,294 INFO: CovBayes plan score=3.63 (predicts 11 uncovered fns)
2026-06-01 21:55:03,623 INFO: CovBayes plan score=0.83 (predicts 4 uncovered fns)
2026-06-01 21:55:04,648 INFO: CovBayes plan score=0.00 (predicts 4 uncovered fns)
2026-06-01 21:55:05,458 INFO: CovBayes plan score=0.88 (predicts 3 uncovered fns)
2026-06-01 21:55:06,041 INFO: CovBayes plan score=0.69 (predicts 2 uncovered fns)
2026-06-01 21:55:06,835 INFO: CovBayes plan score=0.88 (predicts 3 uncovered fns)
2026-06-01 21:55:07,740 INFO: CovBayes plan score=0.88 (predicts 3 uncovered fns)
2026-06-01 21:55:08,774 INFO: CovBayes plan score=0.74 (predicts 3 uncovered fns)
2026-06-01 21:55:15,467 INFO: CovBayes plan score=0.67 (predicts 1 uncovered fns)
2026-06-01 21:55:15,809 INFO: CovBayes plan score=0.67 (predicts 1 uncovered fns)
2026-06-01 21:55:16,151 INFO: CovBayes plan score=0.67 (predicts 1 uncovered fns)
2026-06-01 21:55:17,078 INFO: CovBayes plan score=0.04 (predicts 0 uncovered fns)
2026-06-01 21:55:20,188 INFO: CovBayes plan score=0.81 (predicts 3 uncovered fns)
2026-06-01 21:55:20,516 INFO: CovBayes plan score=0.67 (predicts 1 uncovered fns)
2026-06-01 21:55:22,816 INFO: CovBayes plan score=0.67 (predicts 2 uncovered fns)
2026-06-01 21:55:23,995 INFO: CovBayes plan score=1.15 (predicts 4 uncovered fns)
2026-06-01 21:55:28,366 INFO: CovBayes plan score=0.62 (predicts 1 uncovered fns)
2026-06-01 21:55:28,549 INFO: CovBayes plan score=0.13 (predicts 0 uncovered fns)
2026-06-01 21:55:28,580 INFO: CovBayes plan score=0.62 (predicts 1 uncovered fns)
2026-06-01 21:55:28,815 INFO: CovBayes plan score=0.62 (predicts 1 uncovered fns)
2026-06-01 21:55:28,948 INFO: CovBayes plan score=0.42 (predicts 0 uncovered fns)
2026-06-01 21:55:29,029 INFO: CovBayes plan score=0.62 (predicts 1 uncovered fns)
2026-06-01 21:55:29,229 INFO: CovBayes plan score=0.62 (predicts 1 uncovered fns)
2026-06-01 21:55:29,440 INFO: CovBayes plan score=0.62 (predicts 1 uncovered fns)
2026-06-01 21:55:29,648 INFO: CovBayes plan score=0.62 (predicts 1 uncovered fns)
2026-06-01 21:55:29,847 INFO: CovBayes plan score=0.62 (predicts 1 uncovered fns)
2026-06-01 21:55:35,754 INFO: CovBayes plan score=2.32 (predicts 10 uncovered fns)
2026-06-01 21:55:40,405 INFO: CovBayes plan score=0.13 (predicts 0 uncovered fns)
  [53/93] httpx._urls seed=42: {'divhints_random': 41, 'divhints_oracle': 43, 'cov_bayes': 42}
2026-06-01 21:55:41,381 INFO: CovBayes plan score=0.95 (predicts 4 uncovered fns)
2026-06-01 21:55:43,561 INFO: CovBayes plan score=0.00 (predicts 4 uncovered fns)
2026-06-01 21:55:44,494 INFO: CovBayes plan score=0.13 (predicts 0 uncovered fns)
2026-06-01 21:55:44,749 INFO: CovBayes plan score=0.00 (predicts 4 uncovered fns)
2026-06-01 21:55:45,879 INFO: CovBayes plan score=0.00 (predicts 4 uncovered fns)
2026-06-01 21:55:47,010 INFO: CovBayes plan score=0.00 (predicts 4 uncovered fns)
2026-06-01 21:55:48,142 INFO: CovBayes plan score=0.00 (predicts 4 uncovered fns)
2026-06-01 21:55:49,264 INFO: CovBayes plan score=0.00 (predicts 4 uncovered fns)
2026-06-01 21:55:50,390 INFO: CovBayes plan score=0.00 (predicts 4 uncovered fns)
2026-06-01 21:55:51,534 INFO: CovBayes plan score=0.00 (predicts 4 uncovered fns)
2026-06-01 21:55:53,365 INFO: CovBayes plan score=1.57 (predicts 7 uncovered fns)
2026-06-01 21:56:02,359 INFO: CovBayes plan score=2.03 (predicts 8 uncovered fns)
2026-06-01 21:56:02,900 INFO: CovBayes plan score=0.00 (predicts 8 uncovered fns)
2026-06-01 21:56:03,112 INFO: CovBayes plan score=0.61 (predicts 1 uncovered fns)
2026-06-01 21:56:04,990 INFO: CovBayes plan score=0.12 (predicts 0 uncovered fns)
2026-06-01 21:56:06,935 INFO: CovBayes plan score=0.12 (predicts 0 uncovered fns)
2026-06-01 21:56:08,419 INFO: CovBayes plan score=0.13 (predicts 0 uncovered fns)
2026-06-01 21:56:08,873 INFO: CovBayes plan score=0.12 (predicts 0 uncovered fns)
2026-06-01 21:56:10,045 INFO: CovBayes plan score=0.00 (predicts 8 uncovered fns)
2026-06-01 21:56:11,210 INFO: CovBayes plan score=0.00 (predicts 8 uncovered fns)
2026-06-01 21:56:12,713 INFO: CovBayes plan score=0.12 (predicts 0 uncovered fns)
2026-06-01 21:56:20,400 INFO: CovBayes plan score=0.00 (predicts 4 uncovered fns)
2026-06-01 21:56:22,678 INFO: CovBayes plan score=0.03 (predicts 0 uncovered fns)
2026-06-01 21:56:23,470 INFO: CovBayes plan score=0.47 (predicts 3 uncovered fns)
2026-06-01 21:56:24,280 INFO: CovBayes plan score=0.53 (predicts 3 uncovered fns)
2026-06-01 21:56:25,291 INFO: CovBayes plan score=0.00 (predicts 4 uncovered fns)
2026-06-01 21:56:26,296 INFO: CovBayes plan score=0.45 (predicts 3 uncovered fns)
2026-06-01 21:56:27,021 INFO: CovBayes plan score=0.03 (predicts 0 uncovered fns)
2026-06-01 21:56:27,345 INFO: CovBayes plan score=0.03 (predicts 0 uncovered fns)
2026-06-01 21:56:46,350 INFO: CovBayes plan score=1.11 (predicts 6 uncovered fns)
2026-06-01 21:56:47,492 INFO: CovBayes plan score=0.00 (predicts 6 uncovered fns)
2026-06-01 21:56:48,482 INFO: CovBayes plan score=0.00 (predicts 6 uncovered fns)
2026-06-01 21:56:49,737 INFO: CovBayes plan score=0.09 (predicts 0 uncovered fns)
2026-06-01 21:56:51,079 INFO: CovBayes plan score=0.09 (predicts 0 uncovered fns)
2026-06-01 21:56:52,157 INFO: CovBayes plan score=0.09 (predicts 0 uncovered fns)
2026-06-01 21:56:53,263 INFO: CovBayes plan score=0.09 (predicts 0 uncovered fns)
2026-06-01 21:56:54,188 INFO: CovBayes plan score=0.00 (predicts 6 uncovered fns)
2026-06-01 21:56:54,681 INFO: CovBayes plan score=2.15 (predicts 11 uncovered fns)
2026-06-01 21:56:55,451 INFO: CovBayes plan score=0.09 (predicts 0 uncovered fns)
2026-06-01 21:56:56,533 INFO: CovBayes plan score=0.00 (predicts 4 uncovered fns)
2026-06-01 21:56:57,382 INFO: CovBayes plan score=0.00 (predicts 4 uncovered fns)
2026-06-01 21:56:58,214 INFO: CovBayes plan score=0.00 (predicts 4 uncovered fns)
2026-06-01 21:56:58,843 INFO: CovBayes plan score=0.44 (predicts 3 uncovered fns)
2026-06-01 21:56:59,639 INFO: CovBayes plan score=0.00 (predicts 4 uncovered fns)
2026-06-01 21:57:00,397 INFO: CovBayes plan score=0.00 (predicts 4 uncovered fns)
2026-06-01 21:57:00,964 INFO: CovBayes plan score=1.47 (predicts 8 uncovered fns)
2026-06-01 21:57:00,998 INFO: CovBayes plan score=0.34 (predicts 3 uncovered fns)
2026-06-01 21:57:01,794 INFO: CovBayes plan score=0.00 (predicts 4 uncovered fns)
2026-06-01 21:57:01,898 INFO: CovBayes plan score=0.11 (predicts 0 uncovered fns)
2026-06-01 21:57:04,720 INFO: CovBayes plan score=1.76 (predicts 8 uncovered fns)
2026-06-01 21:57:08,842 INFO: CovBayes plan score=1.11 (predicts 6 uncovered fns)
2026-06-01 21:57:13,048 INFO: CovBayes plan score=2.12 (predicts 9 uncovered fns)
2026-06-01 21:57:22,492 INFO: CovBayes plan score=1.49 (predicts 8 uncovered fns)
2026-06-01 21:57:28,470 INFO: CovBayes plan score=0.09 (predicts 0 uncovered fns)
2026-06-01 21:57:29,408 INFO: CovBayes plan score=0.09 (predicts 0 uncovered fns)
2026-06-01 21:57:32,533 INFO: CovBayes plan score=0.09 (predicts 0 uncovered fns)
2026-06-01 21:57:33,846 INFO: CovBayes plan score=0.09 (predicts 0 uncovered fns)
2026-06-01 21:57:34,769 INFO: CovBayes plan score=0.00 (predicts 6 uncovered fns)
2026-06-01 21:57:36,527 INFO: CovBayes plan score=0.36 (predicts 3 uncovered fns)
2026-06-01 21:57:36,987 INFO: CovBayes plan score=0.09 (predicts 0 uncovered fns)
2026-06-01 21:57:37,233 INFO: CovBayes plan score=0.32 (predicts 3 uncovered fns)
2026-06-01 21:57:37,771 INFO: CovBayes plan score=0.02 (predicts 0 uncovered fns)
2026-06-01 21:57:38,085 INFO: CovBayes plan score=0.09 (predicts 0 uncovered fns)
2026-06-01 21:57:38,339 INFO: CovBayes plan score=0.02 (predicts 0 uncovered fns)
2026-06-01 21:57:39,018 INFO: CovBayes plan score=0.38 (predicts 3 uncovered fns)
2026-06-01 21:57:39,696 INFO: CovBayes plan score=0.38 (predicts 3 uncovered fns)
2026-06-01 21:57:39,832 INFO: CovBayes plan score=0.09 (predicts 0 uncovered fns)
2026-06-01 21:57:40,534 INFO: CovBayes plan score=0.01 (predicts 4 uncovered fns)
2026-06-01 21:57:41,071 INFO: CovBayes plan score=0.02 (predicts 0 uncovered fns)
2026-06-01 21:57:54,636 INFO: CovBayes plan score=0.10 (predicts 0 uncovered fns)
  [54/93] httpx._main seed=42: {'divhints_random': 80, 'divhints_oracle': 82, 'cov_bayes': 80}
2026-06-01 21:57:58,149 INFO: CovBayes plan score=1.85 (predicts 9 uncovered fns)
2026-06-01 21:58:03,423 INFO: CovBayes plan score=0.10 (predicts 0 uncovered fns)
2026-06-01 21:58:05,694 INFO: CovBayes plan score=1.59 (predicts 10 uncovered fns)
2026-06-01 21:58:08,791 INFO: CovBayes plan score=0.94 (predicts 6 uncovered fns)
2026-06-01 21:58:14,704 INFO: CovBayes plan score=0.10 (predicts 0 uncovered fns)
2026-06-01 21:58:17,340 INFO: CovBayes plan score=1.23 (predicts 9 uncovered fns)
2026-06-01 21:58:18,374 INFO: CovBayes plan score=0.88 (predicts 6 uncovered fns)
2026-06-01 21:58:19,095 INFO: CovBayes plan score=0.09 (predicts 0 uncovered fns)
2026-06-01 21:58:19,992 INFO: CovBayes plan score=0.00 (predicts 6 uncovered fns)
2026-06-01 21:58:21,087 INFO: CovBayes plan score=0.00 (predicts 6 uncovered fns)
2026-06-01 21:58:22,220 INFO: CovBayes plan score=0.09 (predicts 0 uncovered fns)
2026-06-01 21:58:23,224 INFO: CovBayes plan score=0.09 (predicts 0 uncovered fns)
2026-06-01 21:58:24,214 INFO: CovBayes plan score=0.00 (predicts 6 uncovered fns)
2026-06-01 21:58:26,241 INFO: CovBayes plan score=0.09 (predicts 0 uncovered fns)
2026-06-01 21:58:29,458 INFO: CovBayes plan score=0.09 (predicts 0 uncovered fns)
2026-06-01 21:58:56,642 INFO: CovBayes plan score=1.26 (predicts 9 uncovered fns)
2026-06-01 21:59:01,742 INFO: CovBayes plan score=0.09 (predicts 0 uncovered fns)
2026-06-01 21:59:02,368 INFO: CovBayes plan score=0.85 (predicts 6 uncovered fns)
2026-06-01 21:59:02,775 INFO: CovBayes plan score=0.09 (predicts 0 uncovered fns)
2026-06-01 21:59:05,299 INFO: CovBayes plan score=0.09 (predicts 0 uncovered fns)
2026-06-01 21:59:06,650 INFO: CovBayes plan score=0.09 (predicts 0 uncovered fns)
2026-06-01 21:59:06,788 INFO: CovBayes plan score=0.09 (predicts 0 uncovered fns)
2026-06-01 21:59:07,686 INFO: CovBayes plan score=0.00 (predicts 6 uncovered fns)
2026-06-01 21:59:08,701 INFO: CovBayes plan score=0.00 (predicts 6 uncovered fns)
2026-06-01 21:59:09,877 INFO: CovBayes plan score=0.00 (predicts 6 uncovered fns)
2026-06-01 21:59:11,073 INFO: CovBayes plan score=0.09 (predicts 0 uncovered fns)
2026-06-01 21:59:11,448 INFO: CovBayes plan score=0.09 (predicts 0 uncovered fns)
2026-06-01 21:59:15,109 INFO: CovBayes plan score=1.59 (predicts 11 uncovered fns)
2026-06-01 21:59:21,521 INFO: CovBayes plan score=1.39 (predicts 9 uncovered fns)
2026-06-01 21:59:24,474 INFO: CovBayes plan score=1.53 (predicts 9 uncovered fns)
2026-06-01 21:59:26,339 INFO: CovBayes plan score=1.39 (predicts 6 uncovered fns)
2026-06-01 21:59:26,961 INFO: CovBayes plan score=2.43 (predicts 14 uncovered fns)
2026-06-01 21:59:30,546 INFO: CovBayes plan score=1.39 (predicts 6 uncovered fns)
2026-06-01 21:59:34,303 INFO: CovBayes plan score=1.39 (predicts 6 uncovered fns)
2026-06-01 21:59:36,095 INFO: CovBayes plan score=3.39 (predicts 6 uncovered fns)
2026-06-01 21:59:37,890 INFO: CovBayes plan score=3.39 (predicts 6 uncovered fns)
2026-06-01 21:59:39,756 INFO: CovBayes plan score=3.39 (predicts 6 uncovered fns)
2026-06-01 21:59:41,805 INFO: CovBayes plan score=3.39 (predicts 6 uncovered fns)
2026-06-01 21:59:46,533 INFO: CovBayes plan score=1.39 (predicts 6 uncovered fns)
2026-06-01 21:59:47,075 INFO: CovBayes plan score=0.09 (predicts 0 uncovered fns)
2026-06-01 21:59:48,148 INFO: CovBayes plan score=0.09 (predicts 0 uncovered fns)
2026-06-01 21:59:49,408 INFO: CovBayes plan score=0.09 (predicts 0 uncovered fns)
2026-06-01 21:59:50,299 INFO: CovBayes plan score=0.00 (predicts 6 uncovered fns)
2026-06-01 21:59:51,189 INFO: CovBayes plan score=0.00 (predicts 6 uncovered fns)
2026-06-01 21:59:52,848 INFO: CovBayes plan score=0.09 (predicts 0 uncovered fns)
2026-06-01 21:59:53,967 INFO: CovBayes plan score=0.00 (predicts 6 uncovered fns)
2026-06-01 21:59:54,901 INFO: CovBayes plan score=0.00 (predicts 6 uncovered fns)
2026-06-01 22:00:01,383 INFO: CovBayes plan score=0.07 (predicts 0 uncovered fns)
2026-06-01 22:00:03,730 INFO: CovBayes plan score=1.16 (predicts 9 uncovered fns)
2026-06-01 22:00:07,571 INFO: CovBayes plan score=0.07 (predicts 0 uncovered fns)
2026-06-01 22:00:16,748 INFO: CovBayes plan score=1.23 (predicts 10 uncovered fns)
2026-06-01 22:00:20,700 INFO: CovBayes plan score=0.39 (predicts 0 uncovered fns)
2026-06-01 22:00:21,465 INFO: CovBayes plan score=0.39 (predicts 0 uncovered fns)
2026-06-01 22:00:23,558 INFO: CovBayes plan score=0.39 (predicts 0 uncovered fns)
2026-06-01 22:00:23,789 INFO: CovBayes plan score=0.88 (predicts 8 uncovered fns)
2026-06-01 22:00:26,339 INFO: CovBayes plan score=0.39 (predicts 0 uncovered fns)
2026-06-01 22:00:30,089 INFO: CovBayes plan score=1.00 (predicts 8 uncovered fns)
2026-06-01 22:00:30,628 INFO: CovBayes plan score=0.09 (predicts 0 uncovered fns)
2026-06-01 22:00:31,621 INFO: CovBayes plan score=0.00 (predicts 6 uncovered fns)
2026-06-01 22:00:33,299 INFO: CovBayes plan score=0.09 (predicts 0 uncovered fns)
2026-06-01 22:00:34,293 INFO: CovBayes plan score=0.00 (predicts 6 uncovered fns)
2026-06-01 22:00:35,400 INFO: CovBayes plan score=0.39 (predicts 0 uncovered fns)
2026-06-01 22:00:36,015 INFO: CovBayes plan score=0.39 (predicts 0 uncovered fns)
2026-06-01 22:00:36,872 INFO: CovBayes plan score=0.39 (predicts 0 uncovered fns)
2026-06-01 22:00:37,306 INFO: CovBayes plan score=0.81 (predicts 7 uncovered fns)
2026-06-01 22:00:39,592 INFO: CovBayes plan score=1.48 (predicts 11 uncovered fns)
2026-06-01 22:00:42,890 INFO: CovBayes plan score=0.36 (predicts 2 uncovered fns)
2026-06-01 22:00:44,407 INFO: CovBayes plan score=0.09 (predicts 0 uncovered fns)
2026-06-01 22:00:44,867 INFO: CovBayes plan score=0.39 (predicts 0 uncovered fns)
2026-06-01 22:00:45,161 INFO: CovBayes plan score=0.00 (predicts 6 uncovered fns)
2026-06-01 22:00:47,196 INFO: CovBayes plan score=0.09 (predicts 0 uncovered fns)
  [55/93] httpx._urlparse seed=42: {'divhints_random': 4, 'divhints_oracle': 69, 'cov_bayes': 4}
  [56/93] httpx._api seed=42: {'divhints_random': 6, 'divhints_oracle': 6, 'cov_bayes': 6}
2026-06-01 22:01:18,451 INFO: CovBayes plan score=0.39 (predicts 0 uncovered fns)
2026-06-01 22:01:19,345 INFO: CovBayes plan score=0.39 (predicts 0 uncovered fns)
2026-06-01 22:01:20,781 INFO: CovBayes plan score=0.39 (predicts 0 uncovered fns)
2026-06-01 22:01:21,771 INFO: CovBayes plan score=0.39 (predicts 0 uncovered fns)
2026-06-01 22:01:22,533 INFO: CovBayes plan score=0.39 (predicts 0 uncovered fns)
2026-06-01 22:01:23,287 INFO: CovBayes plan score=0.39 (predicts 0 uncovered fns)
2026-06-01 22:01:24,037 INFO: CovBayes plan score=0.39 (predicts 0 uncovered fns)
2026-06-01 22:01:24,759 INFO: CovBayes plan score=0.39 (predicts 0 uncovered fns)
2026-06-01 22:02:01,022 INFO: CovBayes plan score=0.39 (predicts 0 uncovered fns)
2026-06-01 22:02:02,214 INFO: CovBayes plan score=0.39 (predicts 0 uncovered fns)
2026-06-01 22:02:04,468 INFO: CovBayes plan score=0.39 (predicts 0 uncovered fns)
2026-06-01 22:02:05,943 INFO: CovBayes plan score=0.39 (predicts 0 uncovered fns)
2026-06-01 22:02:08,095 INFO: CovBayes plan score=0.39 (predicts 0 uncovered fns)
2026-06-01 22:02:11,154 INFO: CovBayes plan score=0.39 (predicts 0 uncovered fns)
2026-06-01 22:02:12,261 INFO: CovBayes plan score=0.39 (predicts 0 uncovered fns)
2026-06-01 22:02:14,806 INFO: CovBayes plan score=0.39 (predicts 0 uncovered fns)
2026-06-01 22:02:45,846 INFO: CovBayes plan score=0.39 (predicts 0 uncovered fns)
2026-06-01 22:02:47,693 INFO: CovBayes plan score=0.39 (predicts 0 uncovered fns)
2026-06-01 22:02:54,602 INFO: CovBayes plan score=0.17 (predicts 15 uncovered fns)
2026-06-01 22:02:55,750 INFO: CovBayes plan score=0.39 (predicts 0 uncovered fns)
2026-06-01 22:02:56,664 INFO: CovBayes plan score=0.39 (predicts 0 uncovered fns)
2026-06-01 22:02:58,577 INFO: CovBayes plan score=0.39 (predicts 0 uncovered fns)
2026-06-01 22:02:59,922 INFO: CovBayes plan score=0.39 (predicts 0 uncovered fns)
2026-06-01 22:03:02,720 INFO: CovBayes plan score=0.39 (predicts 0 uncovered fns)
2026-06-01 22:03:35,083 INFO: CovBayes plan score=0.39 (predicts 0 uncovered fns)
2026-06-01 22:03:39,123 INFO: CovBayes plan score=0.39 (predicts 0 uncovered fns)
2026-06-01 22:03:43,606 INFO: CovBayes plan score=0.39 (predicts 0 uncovered fns)
2026-06-01 22:03:44,843 INFO: CovBayes plan score=0.39 (predicts 0 uncovered fns)
2026-06-01 22:03:46,074 INFO: CovBayes plan score=0.39 (predicts 0 uncovered fns)
2026-06-01 22:03:48,436 INFO: CovBayes plan score=0.39 (predicts 0 uncovered fns)
2026-06-01 22:03:49,617 INFO: CovBayes plan score=0.39 (predicts 0 uncovered fns)
2026-06-01 22:03:52,152 INFO: CovBayes plan score=0.39 (predicts 0 uncovered fns)
2026-06-01 22:04:24,819 INFO: CovBayes plan score=0.74 (predicts 1 uncovered fns)
2026-06-01 22:04:25,120 INFO: CovBayes plan score=0.74 (predicts 1 uncovered fns)
2026-06-01 22:04:25,438 INFO: CovBayes plan score=0.74 (predicts 1 uncovered fns)
2026-06-01 22:04:25,734 INFO: CovBayes plan score=0.74 (predicts 1 uncovered fns)
2026-06-01 22:04:26,040 INFO: CovBayes plan score=0.74 (predicts 1 uncovered fns)
2026-06-01 22:04:26,345 INFO: CovBayes plan score=0.74 (predicts 1 uncovered fns)
2026-06-01 22:04:26,640 INFO: CovBayes plan score=0.74 (predicts 1 uncovered fns)
2026-06-01 22:04:26,948 INFO: CovBayes plan score=0.74 (predicts 1 uncovered fns)
2026-06-01 22:04:29,242 INFO: CovBayes plan score=0.39 (predicts 0 uncovered fns)
2026-06-01 22:04:30,731 INFO: CovBayes plan score=0.39 (predicts 0 uncovered fns)
2026-06-01 22:04:35,071 INFO: CovBayes plan score=0.39 (predicts 0 uncovered fns)
2026-06-01 22:04:40,287 INFO: CovBayes plan score=0.39 (predicts 0 uncovered fns)
2026-06-01 22:04:42,263 INFO: CovBayes plan score=0.39 (predicts 0 uncovered fns)
2026-06-01 22:04:44,624 INFO: CovBayes plan score=0.39 (predicts 0 uncovered fns)
2026-06-01 22:04:49,042 INFO: CovBayes plan score=0.39 (predicts 0 uncovered fns)
2026-06-01 22:04:53,339 INFO: CovBayes plan score=0.39 (predicts 0 uncovered fns)
2026-06-01 22:04:54,893 INFO: CovBayes plan score=0.24 (predicts 0 uncovered fns)
2026-06-01 22:04:55,147 INFO: CovBayes plan score=0.24 (predicts 0 uncovered fns)
2026-06-01 22:04:56,140 INFO: CovBayes plan score=0.24 (predicts 0 uncovered fns)
2026-06-01 22:04:56,400 INFO: CovBayes plan score=0.24 (predicts 0 uncovered fns)
2026-06-01 22:04:57,389 INFO: CovBayes plan score=0.24 (predicts 0 uncovered fns)
2026-06-01 22:04:58,369 INFO: CovBayes plan score=0.24 (predicts 0 uncovered fns)
2026-06-01 22:04:59,815 INFO: CovBayes plan score=0.24 (predicts 0 uncovered fns)
2026-06-01 22:05:00,776 INFO: CovBayes plan score=0.24 (predicts 0 uncovered fns)
2026-06-01 22:05:28,244 INFO: CovBayes plan score=0.39 (predicts 0 uncovered fns)
2026-06-01 22:05:29,313 INFO: CovBayes plan score=0.39 (predicts 0 uncovered fns)
2026-06-01 22:05:29,800 INFO: CovBayes plan score=0.24 (predicts 0 uncovered fns)
2026-06-01 22:05:31,068 INFO: CovBayes plan score=0.24 (predicts 0 uncovered fns)
2026-06-01 22:05:31,951 INFO: CovBayes plan score=0.24 (predicts 0 uncovered fns)
2026-06-01 22:05:32,728 INFO: CovBayes plan score=0.39 (predicts 0 uncovered fns)
2026-06-01 22:05:33,267 INFO: CovBayes plan score=0.24 (predicts 0 uncovered fns)
2026-06-01 22:05:33,774 INFO: CovBayes plan score=0.39 (predicts 0 uncovered fns)
2026-06-01 22:05:34,617 INFO: CovBayes plan score=0.39 (predicts 0 uncovered fns)
2026-06-01 22:05:34,705 INFO: CovBayes plan score=0.24 (predicts 0 uncovered fns)
2026-06-01 22:05:34,961 INFO: CovBayes plan score=0.24 (predicts 0 uncovered fns)
2026-06-01 22:05:36,180 INFO: CovBayes plan score=0.24 (predicts 0 uncovered fns)
2026-06-01 22:05:37,549 INFO: CovBayes plan score=0.39 (predicts 0 uncovered fns)
2026-06-01 22:05:37,958 INFO: CovBayes plan score=0.24 (predicts 0 uncovered fns)
2026-06-01 22:05:38,802 INFO: CovBayes plan score=0.39 (predicts 0 uncovered fns)
2026-06-01 22:05:42,215 INFO: CovBayes plan score=0.39 (predicts 0 uncovered fns)
  [57/93] httpx._utils seed=42: {'divhints_random': 26, 'divhints_oracle': 26, 'cov_bayes': 26}
2026-06-01 22:06:09,854 INFO: CovBayes plan score=0.24 (predicts 0 uncovered fns)
2026-06-01 22:06:11,126 INFO: CovBayes plan score=0.24 (predicts 0 uncovered fns)
2026-06-01 22:06:13,403 INFO: CovBayes plan score=0.24 (predicts 0 uncovered fns)
2026-06-01 22:06:14,977 INFO: CovBayes plan score=0.24 (predicts 0 uncovered fns)
2026-06-01 22:06:16,198 INFO: CovBayes plan score=0.24 (predicts 0 uncovered fns)
2026-06-01 22:06:17,467 INFO: CovBayes plan score=0.24 (predicts 0 uncovered fns)
2026-06-01 22:06:18,393 INFO: CovBayes plan score=0.24 (predicts 0 uncovered fns)
2026-06-01 22:06:23,545 INFO: CovBayes plan score=0.24 (predicts 0 uncovered fns)
2026-06-01 22:06:50,619 INFO: CovBayes plan score=0.24 (predicts 0 uncovered fns)
2026-06-01 22:06:50,950 INFO: CovBayes plan score=0.24 (predicts 0 uncovered fns)
2026-06-01 22:06:52,412 INFO: CovBayes plan score=0.24 (predicts 0 uncovered fns)
2026-06-01 22:06:53,942 INFO: CovBayes plan score=0.24 (predicts 0 uncovered fns)
2026-06-01 22:06:55,441 INFO: CovBayes plan score=0.24 (predicts 0 uncovered fns)
2026-06-01 22:06:56,760 INFO: CovBayes plan score=0.24 (predicts 0 uncovered fns)
2026-06-01 22:06:57,081 INFO: CovBayes plan score=0.24 (predicts 0 uncovered fns)
2026-06-01 22:06:58,401 INFO: CovBayes plan score=0.24 (predicts 0 uncovered fns)
2026-06-01 22:07:30,542 INFO: CovBayes plan score=0.24 (predicts 0 uncovered fns)
2026-06-01 22:07:31,755 INFO: CovBayes plan score=0.24 (predicts 0 uncovered fns)
2026-06-01 22:07:32,059 INFO: CovBayes plan score=0.24 (predicts 0 uncovered fns)
2026-06-01 22:07:35,428 INFO: CovBayes plan score=0.00 (predicts 16 uncovered fns)
2026-06-01 22:07:36,408 INFO: CovBayes plan score=0.24 (predicts 0 uncovered fns)
2026-06-01 22:07:37,345 INFO: CovBayes plan score=0.24 (predicts 0 uncovered fns)
2026-06-01 22:07:38,137 INFO: CovBayes plan score=0.24 (predicts 0 uncovered fns)
2026-06-01 22:07:39,259 INFO: CovBayes plan score=0.24 (predicts 0 uncovered fns)
2026-06-01 22:08:07,128 INFO: CovBayes plan score=0.24 (predicts 0 uncovered fns)
2026-06-01 22:08:08,087 INFO: CovBayes plan score=0.24 (predicts 0 uncovered fns)
2026-06-01 22:08:09,382 INFO: CovBayes plan score=0.24 (predicts 0 uncovered fns)
2026-06-01 22:08:10,823 INFO: CovBayes plan score=0.24 (predicts 0 uncovered fns)
2026-06-01 22:08:11,746 INFO: CovBayes plan score=0.24 (predicts 0 uncovered fns)
2026-06-01 22:08:14,415 INFO: CovBayes plan score=0.24 (predicts 0 uncovered fns)
2026-06-01 22:08:14,734 INFO: CovBayes plan score=0.24 (predicts 0 uncovered fns)
2026-06-01 22:08:16,559 INFO: CovBayes plan score=0.24 (predicts 0 uncovered fns)
2026-06-01 22:08:46,155 INFO: CovBayes plan score=0.00 (predicts 16 uncovered fns)
2026-06-01 22:08:46,479 INFO: CovBayes plan score=0.24 (predicts 0 uncovered fns)
2026-06-01 22:08:46,793 INFO: CovBayes plan score=0.24 (predicts 0 uncovered fns)
2026-06-01 22:08:47,113 INFO: CovBayes plan score=0.24 (predicts 0 uncovered fns)
2026-06-01 22:08:48,586 INFO: CovBayes plan score=0.24 (predicts 0 uncovered fns)
2026-06-01 22:08:48,895 INFO: CovBayes plan score=0.24 (predicts 0 uncovered fns)
2026-06-01 22:08:49,195 INFO: CovBayes plan score=0.24 (predicts 0 uncovered fns)
2026-06-01 22:08:51,159 INFO: CovBayes plan score=0.24 (predicts 0 uncovered fns)
  [58/93] httpx._transports.default seed=42: {'divhints_random': 5, 'divhints_oracle': 5, 'cov_bayes': 5}
2026-06-01 22:09:34,833 INFO: CovBayes plan score=3.17 (predicts 6 uncovered fns)
2026-06-01 22:09:36,411 INFO: CovBayes plan score=2.68 (predicts 5 uncovered fns)
2026-06-01 22:09:37,994 INFO: CovBayes plan score=2.68 (predicts 5 uncovered fns)
2026-06-01 22:09:39,573 INFO: CovBayes plan score=2.68 (predicts 5 uncovered fns)
2026-06-01 22:09:41,114 INFO: CovBayes plan score=2.68 (predicts 5 uncovered fns)
2026-06-01 22:09:42,950 INFO: CovBayes plan score=3.17 (predicts 6 uncovered fns)
2026-06-01 22:09:44,363 INFO: CovBayes plan score=2.68 (predicts 5 uncovered fns)
2026-06-01 22:09:45,964 INFO: CovBayes plan score=3.17 (predicts 6 uncovered fns)
2026-06-01 22:10:15,632 INFO: CovBayes plan score=0.12 (predicts 0 uncovered fns)
2026-06-01 22:10:16,761 INFO: CovBayes plan score=0.12 (predicts 0 uncovered fns)
2026-06-01 22:10:17,868 INFO: CovBayes plan score=0.12 (predicts 0 uncovered fns)
2026-06-01 22:10:19,417 INFO: CovBayes plan score=0.00 (predicts 8 uncovered fns)
2026-06-01 22:10:22,026 INFO: CovBayes plan score=0.00 (predicts 8 uncovered fns)
2026-06-01 22:10:23,047 INFO: CovBayes plan score=0.12 (predicts 0 uncovered fns)
2026-06-01 22:10:24,103 INFO: CovBayes plan score=0.12 (predicts 0 uncovered fns)
2026-06-01 22:10:25,044 INFO: CovBayes plan score=0.12 (predicts 0 uncovered fns)
2026-06-01 22:10:53,671 INFO: CovBayes plan score=0.00 (predicts 8 uncovered fns)
2026-06-01 22:10:55,863 INFO: CovBayes plan score=0.00 (predicts 8 uncovered fns)
2026-06-01 22:10:56,871 INFO: CovBayes plan score=0.12 (predicts 0 uncovered fns)
2026-06-01 22:10:57,927 INFO: CovBayes plan score=0.12 (predicts 0 uncovered fns)
2026-06-01 22:10:59,092 INFO: CovBayes plan score=0.12 (predicts 0 uncovered fns)
2026-06-01 22:11:00,625 INFO: CovBayes plan score=0.00 (predicts 8 uncovered fns)
2026-06-01 22:11:03,084 INFO: CovBayes plan score=0.00 (predicts 8 uncovered fns)
2026-06-01 22:11:04,283 INFO: CovBayes plan score=0.12 (predicts 0 uncovered fns)
2026-06-01 22:11:34,366 INFO: CovBayes plan score=0.00 (predicts 8 uncovered fns)
2026-06-01 22:11:35,491 INFO: CovBayes plan score=0.12 (predicts 0 uncovered fns)
2026-06-01 22:11:36,568 INFO: CovBayes plan score=0.12 (predicts 0 uncovered fns)
2026-06-01 22:11:39,009 INFO: CovBayes plan score=0.00 (predicts 8 uncovered fns)
2026-06-01 22:11:41,246 INFO: CovBayes plan score=0.00 (predicts 8 uncovered fns)
2026-06-01 22:11:42,252 INFO: CovBayes plan score=0.12 (predicts 0 uncovered fns)
2026-06-01 22:11:44,313 INFO: CovBayes plan score=0.00 (predicts 8 uncovered fns)
2026-06-01 22:11:46,340 INFO: CovBayes plan score=0.00 (predicts 8 uncovered fns)
2026-06-01 22:12:15,906 INFO: CovBayes plan score=0.00 (predicts 8 uncovered fns)
2026-06-01 22:12:18,285 INFO: CovBayes plan score=0.00 (predicts 8 uncovered fns)
2026-06-01 22:12:19,490 INFO: CovBayes plan score=0.12 (predicts 0 uncovered fns)
2026-06-01 22:12:22,087 INFO: CovBayes plan score=0.00 (predicts 8 uncovered fns)
2026-06-01 22:12:23,224 INFO: CovBayes plan score=0.12 (predicts 0 uncovered fns)
2026-06-01 22:12:25,976 INFO: CovBayes plan score=0.00 (predicts 8 uncovered fns)
2026-06-01 22:12:28,534 INFO: CovBayes plan score=0.00 (predicts 8 uncovered fns)
2026-06-01 22:12:29,761 INFO: CovBayes plan score=0.12 (predicts 0 uncovered fns)
2026-06-01 22:13:02,597 INFO: CovBayes plan score=0.00 (predicts 8 uncovered fns)
2026-06-01 22:13:05,129 INFO: CovBayes plan score=0.00 (predicts 8 uncovered fns)
2026-06-01 22:13:06,328 INFO: CovBayes plan score=0.12 (predicts 0 uncovered fns)
2026-06-01 22:13:07,395 INFO: CovBayes plan score=0.12 (predicts 0 uncovered fns)
2026-06-01 22:13:08,455 INFO: CovBayes plan score=0.12 (predicts 0 uncovered fns)
2026-06-01 22:13:09,972 INFO: CovBayes plan score=0.12 (predicts 0 uncovered fns)
2026-06-01 22:13:10,911 INFO: CovBayes plan score=0.12 (predicts 0 uncovered fns)
2026-06-01 22:13:12,943 INFO: CovBayes plan score=0.00 (predicts 8 uncovered fns)
2026-06-01 22:13:42,734 INFO: CovBayes plan score=0.12 (predicts 0 uncovered fns)
2026-06-01 22:13:43,282 INFO: CovBayes plan score=0.76 (predicts 1 uncovered fns)
2026-06-01 22:13:43,717 INFO: CovBayes plan score=0.12 (predicts 0 uncovered fns)
2026-06-01 22:13:44,691 INFO: CovBayes plan score=0.12 (predicts 0 uncovered fns)
2026-06-01 22:13:46,984 INFO: CovBayes plan score=0.00 (predicts 8 uncovered fns)
2026-06-01 22:13:47,202 INFO: CovBayes plan score=0.50 (predicts 18 uncovered fns)
2026-06-01 22:13:47,455 INFO: CovBayes plan score=0.76 (predicts 1 uncovered fns)
2026-06-01 22:13:47,722 INFO: CovBayes plan score=0.76 (predicts 1 uncovered fns)
2026-06-01 22:13:48,022 INFO: CovBayes plan score=0.12 (predicts 0 uncovered fns)
2026-06-01 22:13:48,222 INFO: CovBayes plan score=1.24 (predicts 2 uncovered fns)
2026-06-01 22:13:48,692 INFO: CovBayes plan score=1.24 (predicts 2 uncovered fns)
2026-06-01 22:13:48,944 INFO: CovBayes plan score=0.76 (predicts 1 uncovered fns)
2026-06-01 22:13:49,079 INFO: CovBayes plan score=0.12 (predicts 0 uncovered fns)
2026-06-01 22:13:49,432 INFO: CovBayes plan score=1.24 (predicts 2 uncovered fns)
2026-06-01 22:13:50,171 INFO: CovBayes plan score=0.12 (predicts 0 uncovered fns)
2026-06-01 22:13:52,200 INFO: CovBayes plan score=0.00 (predicts 8 uncovered fns)
2026-06-01 22:14:19,979 INFO: CovBayes plan score=0.12 (predicts 0 uncovered fns)
2026-06-01 22:14:21,342 INFO: CovBayes plan score=0.12 (predicts 0 uncovered fns)
2026-06-01 22:14:22,810 INFO: CovBayes plan score=2.18 (predicts 4 uncovered fns)
2026-06-01 22:14:23,049 INFO: CovBayes plan score=2.18 (predicts 4 uncovered fns)
2026-06-01 22:14:23,694 INFO: CovBayes plan score=0.00 (predicts 8 uncovered fns)
2026-06-01 22:14:25,324 INFO: CovBayes plan score=0.00 (predicts 8 uncovered fns)
2026-06-01 22:14:25,988 INFO: CovBayes plan score=0.24 (predicts 0 uncovered fns)
2026-06-01 22:14:26,261 INFO: CovBayes plan score=2.18 (predicts 4 uncovered fns)
2026-06-01 22:14:26,526 INFO: CovBayes plan score=0.12 (predicts 0 uncovered fns)
2026-06-01 22:14:26,603 INFO: CovBayes plan score=0.24 (predicts 0 uncovered fns)
2026-06-01 22:14:26,887 INFO: CovBayes plan score=2.18 (predicts 4 uncovered fns)
2026-06-01 22:14:27,160 INFO: CovBayes plan score=2.18 (predicts 4 uncovered fns)
2026-06-01 22:14:27,434 INFO: CovBayes plan score=2.18 (predicts 4 uncovered fns)
2026-06-01 22:14:28,130 INFO: CovBayes plan score=0.00 (predicts 8 uncovered fns)
2026-06-01 22:14:30,646 INFO: CovBayes plan score=0.00 (predicts 8 uncovered fns)
2026-06-01 22:14:33,246 INFO: CovBayes plan score=0.00 (predicts 8 uncovered fns)
  [59/93] httpx._config seed=42: {'divhints_random': 25, 'divhints_oracle': 26, 'cov_bayes': 20}
2026-06-01 22:14:58,374 INFO: CovBayes plan score=1.51 (predicts 4 uncovered fns)
2026-06-01 22:14:58,720 INFO: CovBayes plan score=1.51 (predicts 4 uncovered fns)
2026-06-01 22:14:59,075 INFO: CovBayes plan score=1.51 (predicts 4 uncovered fns)
2026-06-01 22:14:59,467 INFO: CovBayes plan score=0.61 (predicts 1 uncovered fns)
2026-06-01 22:15:07,342 INFO: CovBayes plan score=1.51 (predicts 4 uncovered fns)
2026-06-01 22:15:11,758 INFO: CovBayes plan score=0.00 (predicts 16 uncovered fns)
2026-06-01 22:15:15,563 INFO: CovBayes plan score=0.00 (predicts 16 uncovered fns)
2026-06-01 22:15:21,008 INFO: CovBayes plan score=0.22 (predicts 0 uncovered fns)
2026-06-01 22:15:49,405 INFO: CovBayes plan score=1.18 (predicts 4 uncovered fns)
2026-06-01 22:15:53,323 INFO: CovBayes plan score=0.00 (predicts 16 uncovered fns)
2026-06-01 22:15:53,632 INFO: CovBayes plan score=0.69 (predicts 1 uncovered fns)
2026-06-01 22:15:54,158 INFO: CovBayes plan score=1.46 (predicts 5 uncovered fns)
2026-06-01 22:15:57,751 INFO: CovBayes plan score=0.00 (predicts 16 uncovered fns)
2026-06-01 22:15:57,973 INFO: CovBayes plan score=1.18 (predicts 4 uncovered fns)
2026-06-01 22:16:01,345 INFO: CovBayes plan score=0.21 (predicts 0 uncovered fns)
2026-06-01 22:16:01,566 INFO: CovBayes plan score=1.18 (predicts 4 uncovered fns)
2026-06-01 22:16:35,594 INFO: CovBayes plan score=0.19 (predicts 0 uncovered fns)
2026-06-01 22:16:38,213 INFO: CovBayes plan score=0.19 (predicts 0 uncovered fns)
2026-06-01 22:16:39,908 INFO: CovBayes plan score=0.19 (predicts 0 uncovered fns)
2026-06-01 22:16:41,109 INFO: CovBayes plan score=0.19 (predicts 0 uncovered fns)
2026-06-01 22:16:42,558 INFO: CovBayes plan score=0.19 (predicts 0 uncovered fns)
2026-06-01 22:16:44,053 INFO: CovBayes plan score=0.19 (predicts 0 uncovered fns)
2026-06-01 22:16:45,421 INFO: CovBayes plan score=0.19 (predicts 0 uncovered fns)
2026-06-01 22:16:46,568 INFO: CovBayes plan score=0.19 (predicts 0 uncovered fns)
2026-06-01 22:17:24,290 INFO: CovBayes plan score=1.05 (predicts 0 uncovered fns)
2026-06-01 22:17:24,825 INFO: CovBayes plan score=0.19 (predicts 0 uncovered fns)
2026-06-01 22:17:26,626 INFO: CovBayes plan score=0.19 (predicts 0 uncovered fns)
2026-06-01 22:17:27,847 INFO: CovBayes plan score=0.19 (predicts 0 uncovered fns)
2026-06-01 22:17:31,190 INFO: CovBayes plan score=2.99 (predicts 4 uncovered fns)
2026-06-01 22:17:33,307 INFO: CovBayes plan score=0.00 (predicts 15 uncovered fns)
2026-06-01 22:17:35,028 INFO: CovBayes plan score=0.19 (predicts 0 uncovered fns)
2026-06-01 22:17:36,771 INFO: CovBayes plan score=0.19 (predicts 0 uncovered fns)
2026-06-01 22:17:36,774 INFO: CovBayes plan score=1.72 (predicts 2 uncovered fns)
2026-06-01 22:17:38,468 INFO: CovBayes plan score=0.19 (predicts 0 uncovered fns)
2026-06-01 22:17:39,120 INFO: CovBayes plan score=1.09 (predicts 1 uncovered fns)
2026-06-01 22:17:39,564 INFO: CovBayes plan score=1.37 (predicts 2 uncovered fns)
2026-06-01 22:17:40,186 INFO: CovBayes plan score=0.19 (predicts 0 uncovered fns)
2026-06-01 22:17:44,810 INFO: CovBayes plan score=2.74 (predicts 4 uncovered fns)
2026-06-01 22:17:45,169 INFO: CovBayes plan score=1.57 (predicts 2 uncovered fns)
2026-06-01 22:17:48,005 INFO: CovBayes plan score=1.09 (predicts 1 uncovered fns)
2026-06-01 22:18:13,257 INFO: CovBayes plan score=0.19 (predicts 0 uncovered fns)
2026-06-01 22:18:14,791 INFO: CovBayes plan score=0.19 (predicts 0 uncovered fns)
2026-06-01 22:18:19,304 INFO: CovBayes plan score=0.00 (predicts 15 uncovered fns)
2026-06-01 22:18:20,573 INFO: CovBayes plan score=3.20 (predicts 6 uncovered fns)
2026-06-01 22:18:20,791 INFO: CovBayes plan score=0.19 (predicts 0 uncovered fns)
2026-06-01 22:18:22,243 INFO: CovBayes plan score=0.19 (predicts 0 uncovered fns)
2026-06-01 22:18:22,989 INFO: CovBayes plan score=1.64 (predicts 3 uncovered fns)
2026-06-01 22:18:23,298 INFO: CovBayes plan score=0.19 (predicts 0 uncovered fns)
2026-06-01 22:18:25,246 INFO: CovBayes plan score=0.19 (predicts 0 uncovered fns)
2026-06-01 22:18:27,267 INFO: CovBayes plan score=0.19 (predicts 0 uncovered fns)
2026-06-01 22:18:28,822 INFO: CovBayes plan score=0.84 (predicts 0 uncovered fns)
2026-06-01 22:18:29,048 INFO: CovBayes plan score=1.22 (predicts 1 uncovered fns)
2026-06-01 22:18:30,299 INFO: CovBayes plan score=3.26 (predicts 5 uncovered fns)
2026-06-01 22:18:32,748 INFO: CovBayes plan score=1.61 (predicts 2 uncovered fns)
2026-06-01 22:18:35,356 INFO: CovBayes plan score=2.04 (predicts 3 uncovered fns)
2026-06-01 22:18:36,853 INFO: CovBayes plan score=3.27 (predicts 5 uncovered fns)
2026-06-01 22:18:57,751 INFO: CovBayes plan score=1.59 (predicts 0 uncovered fns)
2026-06-01 22:18:58,638 INFO: CovBayes plan score=0.19 (predicts 0 uncovered fns)
2026-06-01 22:19:00,069 INFO: CovBayes plan score=0.19 (predicts 0 uncovered fns)
2026-06-01 22:19:01,788 INFO: CovBayes plan score=0.19 (predicts 0 uncovered fns)
2026-06-01 22:19:06,354 INFO: CovBayes plan score=8.69 (predicts 17 uncovered fns)
2026-06-01 22:19:07,320 INFO: CovBayes plan score=0.00 (predicts 15 uncovered fns)
2026-06-01 22:19:09,246 INFO: CovBayes plan score=0.96 (predicts 1 uncovered fns)
2026-06-01 22:19:10,601 INFO: CovBayes plan score=1.37 (predicts 7 uncovered fns)
2026-06-01 22:19:12,205 INFO: CovBayes plan score=0.37 (predicts 7 uncovered fns)
2026-06-01 22:19:12,870 INFO: CovBayes plan score=1.93 (predicts 3 uncovered fns)
2026-06-01 22:19:13,384 INFO: CovBayes plan score=0.00 (predicts 15 uncovered fns)
2026-06-01 22:19:13,604 INFO: CovBayes plan score=1.44 (predicts 2 uncovered fns)
2026-06-01 22:19:16,146 INFO: CovBayes plan score=9.50 (predicts 19 uncovered fns)
2026-06-01 22:19:19,288 INFO: CovBayes plan score=0.00 (predicts 15 uncovered fns)
2026-06-01 22:19:23,089 INFO: CovBayes plan score=0.91 (predicts 1 uncovered fns)
2026-06-01 22:19:24,899 INFO: CovBayes plan score=0.00 (predicts 15 uncovered fns)
2026-06-01 22:19:25,556 INFO: CovBayes plan score=1.59 (predicts 0 uncovered fns)
2026-06-01 22:19:26,261 INFO: CovBayes plan score=0.19 (predicts 0 uncovered fns)
2026-06-01 22:19:30,805 INFO: CovBayes plan score=0.48 (predicts 0 uncovered fns)
2026-06-01 22:19:31,021 INFO: CovBayes plan score=0.96 (predicts 1 uncovered fns)
2026-06-01 22:19:33,580 INFO: CovBayes plan score=1.59 (predicts 0 uncovered fns)
  [60/93] httpx._auth seed=42: {'divhints_random': 53, 'divhints_oracle': 55, 'cov_bayes': 55}
2026-06-01 22:19:41,734 INFO: CovBayes plan score=1.59 (predicts 0 uncovered fns)
2026-06-01 22:19:50,469 INFO: CovBayes plan score=7.13 (predicts 14 uncovered fns)
2026-06-01 22:19:58,687 INFO: CovBayes plan score=8.16 (predicts 15 uncovered fns)
2026-06-01 22:20:06,673 INFO: CovBayes plan score=0.42 (predicts 0 uncovered fns)
2026-06-01 22:20:07,147 INFO: CovBayes plan score=0.37 (predicts 3 uncovered fns)
2026-06-01 22:20:07,401 INFO: CovBayes plan score=0.80 (predicts 1 uncovered fns)
2026-06-01 22:20:15,919 INFO: CovBayes plan score=0.42 (predicts 0 uncovered fns)
2026-06-01 22:20:16,828 INFO: CovBayes plan score=0.86 (predicts 4 uncovered fns)
2026-06-01 22:20:22,764 INFO: CovBayes plan score=0.42 (predicts 0 uncovered fns)
2026-06-01 22:20:28,943 INFO: CovBayes plan score=0.42 (predicts 0 uncovered fns)
2026-06-01 22:20:29,522 INFO: CovBayes plan score=0.37 (predicts 3 uncovered fns)
2026-06-01 22:20:34,648 INFO: CovBayes plan score=0.95 (predicts 0 uncovered fns)
2026-06-01 22:20:39,431 INFO: CovBayes plan score=0.95 (predicts 0 uncovered fns)
2026-06-01 22:20:47,313 INFO: CovBayes plan score=0.95 (predicts 0 uncovered fns)
2026-06-01 22:20:53,985 INFO: CovBayes plan score=0.95 (predicts 0 uncovered fns)
2026-06-01 22:21:01,112 INFO: CovBayes plan score=0.37 (predicts 3 uncovered fns)
2026-06-01 22:21:01,402 INFO: CovBayes plan score=0.95 (predicts 0 uncovered fns)
2026-06-01 22:21:03,751 INFO: CovBayes plan score=0.40 (predicts 0 uncovered fns)
2026-06-01 22:21:08,999 INFO: CovBayes plan score=0.95 (predicts 0 uncovered fns)
2026-06-01 22:21:11,735 INFO: CovBayes plan score=0.40 (predicts 0 uncovered fns)
2026-06-01 22:21:12,508 INFO: CovBayes plan score=0.37 (predicts 3 uncovered fns)
2026-06-01 22:21:13,269 INFO: CovBayes plan score=0.37 (predicts 3 uncovered fns)
2026-06-01 22:21:14,033 INFO: CovBayes plan score=0.37 (predicts 3 uncovered fns)
2026-06-01 22:21:14,810 INFO: CovBayes plan score=0.37 (predicts 3 uncovered fns)
2026-06-01 22:21:18,751 INFO: CovBayes plan score=0.37 (predicts 3 uncovered fns)
2026-06-01 22:21:18,777 INFO: CovBayes plan score=0.95 (predicts 0 uncovered fns)
2026-06-01 22:21:22,615 INFO: CovBayes plan score=3.67 (predicts 4 uncovered fns)
2026-06-01 22:21:23,844 INFO: CovBayes plan score=2.56 (predicts 4 uncovered fns)
2026-06-01 22:21:26,488 INFO: CovBayes plan score=4.70 (predicts 9 uncovered fns)
2026-06-01 22:21:26,699 INFO: CovBayes plan score=0.95 (predicts 0 uncovered fns)
2026-06-01 22:21:27,371 INFO: CovBayes plan score=3.68 (predicts 4 uncovered fns)
2026-06-01 22:21:28,473 INFO: CovBayes plan score=3.66 (predicts 5 uncovered fns)
2026-06-01 22:21:29,584 INFO: CovBayes plan score=3.66 (predicts 5 uncovered fns)
2026-06-01 22:21:30,037 INFO: CovBayes plan score=2.70 (predicts 2 uncovered fns)
2026-06-01 22:21:31,375 INFO: CovBayes plan score=3.16 (predicts 5 uncovered fns)
2026-06-01 22:21:43,134 INFO: CovBayes plan score=1.31 (predicts 2 uncovered fns)
2026-06-01 22:21:43,429 INFO: CovBayes plan score=0.83 (predicts 1 uncovered fns)
2026-06-01 22:21:43,857 INFO: CovBayes plan score=0.83 (predicts 1 uncovered fns)
2026-06-01 22:21:44,169 INFO: CovBayes plan score=0.83 (predicts 1 uncovered fns)
2026-06-01 22:21:45,168 INFO: CovBayes plan score=1.80 (predicts 3 uncovered fns)
2026-06-01 22:21:45,496 INFO: CovBayes plan score=0.83 (predicts 1 uncovered fns)
2026-06-01 22:21:47,256 INFO: CovBayes plan score=1.31 (predicts 2 uncovered fns)
2026-06-01 22:21:47,591 INFO: CovBayes plan score=0.83 (predicts 1 uncovered fns)
2026-06-01 22:21:51,635 INFO: CovBayes plan score=0.37 (predicts 3 uncovered fns)
2026-06-01 22:22:01,339 INFO: CovBayes plan score=1.09 (predicts 6 uncovered fns)
2026-06-01 22:22:01,987 INFO: CovBayes plan score=0.37 (predicts 3 uncovered fns)
2026-06-01 22:22:05,193 INFO: CovBayes plan score=0.37 (predicts 3 uncovered fns)
2026-06-01 22:22:05,783 INFO: CovBayes plan score=0.37 (predicts 3 uncovered fns)
2026-06-01 22:22:06,447 INFO: CovBayes plan score=2.38 (predicts 6 uncovered fns)
2026-06-01 22:22:06,995 INFO: CovBayes plan score=0.92 (predicts 0 uncovered fns)
2026-06-01 22:22:09,339 INFO: CovBayes plan score=1.68 (predicts 4 uncovered fns)
2026-06-01 22:22:11,232 INFO: CovBayes plan score=2.45 (predicts 6 uncovered fns)
2026-06-01 22:22:12,580 INFO: CovBayes plan score=1.99 (predicts 4 uncovered fns)
2026-06-01 22:22:13,260 INFO: CovBayes plan score=2.32 (predicts 5 uncovered fns)
2026-06-01 22:22:13,800 INFO: CovBayes plan score=0.40 (predicts 0 uncovered fns)
2026-06-01 22:22:14,081 INFO: CovBayes plan score=0.92 (predicts 0 uncovered fns)
2026-06-01 22:22:14,379 INFO: CovBayes plan score=2.62 (predicts 6 uncovered fns)
2026-06-01 22:22:14,798 INFO: CovBayes plan score=1.12 (predicts 3 uncovered fns)
2026-06-01 22:22:18,003 INFO: CovBayes plan score=1.24 (predicts 6 uncovered fns)
2026-06-01 22:22:18,263 INFO: CovBayes plan score=1.68 (predicts 3 uncovered fns)
2026-06-01 22:22:19,539 INFO: CovBayes plan score=3.27 (predicts 5 uncovered fns)
2026-06-01 22:22:20,526 INFO: CovBayes plan score=2.17 (predicts 4 uncovered fns)
2026-06-01 22:22:21,247 INFO: CovBayes plan score=1.63 (predicts 3 uncovered fns)
2026-06-01 22:22:21,292 INFO: CovBayes plan score=1.68 (predicts 3 uncovered fns)
2026-06-01 22:22:22,092 INFO: CovBayes plan score=1.68 (predicts 3 uncovered fns)
2026-06-01 22:22:22,762 INFO: CovBayes plan score=1.19 (predicts 2 uncovered fns)
2026-06-01 22:22:23,327 INFO: CovBayes plan score=2.63 (predicts 6 uncovered fns)
2026-06-01 22:22:23,329 INFO: CovBayes plan score=0.92 (predicts 0 uncovered fns)
2026-06-01 22:22:23,520 INFO: CovBayes plan score=1.68 (predicts 3 uncovered fns)
2026-06-01 22:22:24,445 INFO: CovBayes plan score=2.06 (predicts 4 uncovered fns)
2026-06-01 22:22:31,803 INFO: CovBayes plan score=0.92 (predicts 0 uncovered fns)
2026-06-01 22:22:37,432 INFO: CovBayes plan score=0.92 (predicts 0 uncovered fns)
2026-06-01 22:22:45,549 INFO: CovBayes plan score=0.92 (predicts 0 uncovered fns)
2026-06-01 22:22:48,235 INFO: CovBayes plan score=0.34 (predicts 3 uncovered fns)
2026-06-01 22:22:51,397 INFO: CovBayes plan score=0.34 (predicts 3 uncovered fns)
2026-06-01 22:22:54,542 INFO: CovBayes plan score=0.92 (predicts 0 uncovered fns)
2026-06-01 22:22:54,800 INFO: CovBayes plan score=0.37 (predicts 0 uncovered fns)
2026-06-01 22:22:55,460 INFO: CovBayes plan score=0.34 (predicts 3 uncovered fns)
2026-06-01 22:22:56,124 INFO: CovBayes plan score=0.34 (predicts 3 uncovered fns)
2026-06-01 22:22:56,254 INFO: CovBayes plan score=1.16 (predicts 9 uncovered fns)
2026-06-01 22:22:57,688 INFO: CovBayes plan score=1.66 (predicts 4 uncovered fns)
2026-06-01 22:22:58,375 INFO: CovBayes plan score=0.34 (predicts 3 uncovered fns)
2026-06-01 22:22:58,761 INFO: CovBayes plan score=0.85 (predicts 2 uncovered fns)
2026-06-01 22:22:59,023 INFO: CovBayes plan score=0.34 (predicts 3 uncovered fns)
2026-06-01 22:22:59,046 INFO: CovBayes plan score=1.65 (predicts 4 uncovered fns)
2026-06-01 22:23:01,824 INFO: CovBayes plan score=1.02 (predicts 2 uncovered fns)
2026-06-01 22:23:01,991 INFO: CovBayes plan score=0.34 (predicts 3 uncovered fns)
2026-06-01 22:23:03,936 INFO: CovBayes plan score=0.54 (predicts 1 uncovered fns)
2026-06-01 22:23:04,077 INFO: CovBayes plan score=0.92 (predicts 0 uncovered fns)
2026-06-01 22:23:04,601 INFO: CovBayes plan score=0.88 (predicts 2 uncovered fns)
2026-06-01 22:23:05,000 INFO: CovBayes plan score=0.64 (predicts 1 uncovered fns)
2026-06-01 22:23:05,247 INFO: CovBayes plan score=0.53 (predicts 0 uncovered fns)
2026-06-01 22:23:05,444 INFO: CovBayes plan score=0.64 (predicts 1 uncovered fns)
2026-06-01 22:23:05,826 INFO: CovBayes plan score=0.64 (predicts 1 uncovered fns)
2026-06-01 22:23:07,928 INFO: CovBayes plan score=1.23 (predicts 2 uncovered fns)
2026-06-01 22:23:11,610 INFO: CovBayes plan score=0.16 (predicts 0 uncovered fns)
2026-06-01 22:23:12,204 INFO: CovBayes plan score=0.85 (predicts 2 uncovered fns)
2026-06-01 22:23:13,523 INFO: CovBayes plan score=0.53 (predicts 0 uncovered fns)
2026-06-01 22:23:16,373 INFO: CovBayes plan score=1.09 (predicts 2 uncovered fns)
2026-06-01 22:23:41,895 INFO: CovBayes plan score=2.66 (predicts 17 uncovered fns)
2026-06-01 22:23:42,493 INFO: CovBayes plan score=0.36 (predicts 0 uncovered fns)
2026-06-01 22:23:43,063 INFO: CovBayes plan score=0.33 (predicts 3 uncovered fns)
2026-06-01 22:23:43,852 INFO: CovBayes plan score=0.33 (predicts 3 uncovered fns)
2026-06-01 22:23:44,450 INFO: CovBayes plan score=0.33 (predicts 3 uncovered fns)
2026-06-01 22:23:45,930 INFO: CovBayes plan score=2.34 (predicts 5 uncovered fns)
2026-06-01 22:23:46,120 INFO: CovBayes plan score=0.14 (predicts 0 uncovered fns)
2026-06-01 22:23:47,013 INFO: CovBayes plan score=1.11 (predicts 3 uncovered fns)
2026-06-01 22:23:48,549 INFO: CovBayes plan score=0.36 (predicts 1 uncovered fns)
2026-06-01 22:23:49,111 INFO: CovBayes plan score=0.33 (predicts 3 uncovered fns)
2026-06-01 22:23:50,409 INFO: CovBayes plan score=0.80 (predicts 0 uncovered fns)
2026-06-01 22:23:51,094 INFO: CovBayes plan score=0.27 (predicts 10 uncovered fns)
2026-06-01 22:23:53,581 INFO: CovBayes plan score=0.58 (predicts 2 uncovered fns)
2026-06-01 22:23:54,017 INFO: CovBayes plan score=0.33 (predicts 3 uncovered fns)
2026-06-01 22:23:54,021 INFO: CovBayes plan score=0.51 (predicts 0 uncovered fns)
2026-06-01 22:23:54,246 INFO: CovBayes plan score=0.68 (predicts 2 uncovered fns)
2026-06-01 22:23:54,457 INFO: CovBayes plan score=0.36 (predicts 0 uncovered fns)
2026-06-01 22:23:54,858 INFO: CovBayes plan score=0.68 (predicts 2 uncovered fns)
2026-06-01 22:23:55,231 INFO: CovBayes plan score=0.46 (predicts 1 uncovered fns)
2026-06-01 22:23:56,833 INFO: CovBayes plan score=4.42 (predicts 15 uncovered fns)
2026-06-01 22:23:57,274 INFO: CovBayes plan score=1.69 (predicts 5 uncovered fns)
2026-06-01 22:23:57,712 INFO: CovBayes plan score=0.77 (predicts 1 uncovered fns)
2026-06-01 22:23:58,054 INFO: CovBayes plan score=0.20 (predicts 10 uncovered fns)
2026-06-01 22:24:02,281 INFO: CovBayes plan score=1.31 (predicts 4 uncovered fns)
  [61/93] pydantic.types seed=42: {'divhints_random': 126, 'divhints_oracle': 157, 'cov_bayes': 145}
2026-06-01 22:24:05,308 INFO: CovBayes plan score=0.55 (predicts 2 uncovered fns)
2026-06-01 22:24:05,512 INFO: CovBayes plan score=3.74 (predicts 11 uncovered fns)
2026-06-01 22:24:07,768 INFO: CovBayes plan score=0.70 (predicts 1 uncovered fns)
2026-06-01 22:24:10,564 INFO: CovBayes plan score=0.66 (predicts 9 uncovered fns)
2026-06-01 22:24:14,544 INFO: CovBayes plan score=0.80 (predicts 0 uncovered fns)
2026-06-01 22:24:22,689 INFO: CovBayes plan score=0.80 (predicts 0 uncovered fns)
2026-06-01 22:24:26,249 INFO: CovBayes plan score=0.38 (predicts 1 uncovered fns)
2026-06-01 22:24:26,612 INFO: CovBayes plan score=0.38 (predicts 1 uncovered fns)
2026-06-01 22:24:26,999 INFO: CovBayes plan score=0.38 (predicts 1 uncovered fns)
2026-06-01 22:24:29,437 INFO: CovBayes plan score=0.20 (predicts 10 uncovered fns)
2026-06-01 22:24:29,928 INFO: CovBayes plan score=0.80 (predicts 0 uncovered fns)
2026-06-01 22:24:30,057 INFO: CovBayes plan score=0.54 (predicts 2 uncovered fns)
2026-06-01 22:24:32,757 INFO: CovBayes plan score=0.20 (predicts 10 uncovered fns)
2026-06-01 22:24:34,514 INFO: CovBayes plan score=0.33 (predicts 1 uncovered fns)
2026-06-01 22:24:37,196 INFO: CovBayes plan score=0.20 (predicts 10 uncovered fns)
2026-06-01 22:24:37,704 INFO: CovBayes plan score=0.80 (predicts 0 uncovered fns)
2026-06-01 22:24:41,923 INFO: CovBayes plan score=0.46 (predicts 3 uncovered fns)
2026-06-01 22:24:43,394 INFO: CovBayes plan score=0.51 (predicts 1 uncovered fns)
2026-06-01 22:24:47,585 INFO: CovBayes plan score=0.62 (predicts 3 uncovered fns)
2026-06-01 22:24:55,692 INFO: CovBayes plan score=0.49 (predicts 0 uncovered fns)
2026-06-01 22:24:59,206 INFO: CovBayes plan score=0.52 (predicts 2 uncovered fns)
2026-06-01 22:25:00,888 INFO: CovBayes plan score=0.97 (predicts 4 uncovered fns)
2026-06-01 22:25:07,100 INFO: CovBayes plan score=1.03 (predicts 3 uncovered fns)
2026-06-01 22:25:07,828 INFO: CovBayes plan score=0.97 (predicts 2 uncovered fns)
2026-06-01 22:25:12,559 INFO: CovBayes plan score=0.28 (predicts 1 uncovered fns)
2026-06-01 22:25:15,334 INFO: CovBayes plan score=0.28 (predicts 1 uncovered fns)
2026-06-01 22:25:15,701 INFO: CovBayes plan score=0.32 (predicts 1 uncovered fns)
2026-06-01 22:25:16,080 INFO: CovBayes plan score=0.32 (predicts 1 uncovered fns)
2026-06-01 22:25:18,735 INFO: CovBayes plan score=0.16 (predicts 10 uncovered fns)
2026-06-01 22:25:19,389 INFO: CovBayes plan score=0.46 (predicts 2 uncovered fns)
2026-06-01 22:25:20,033 INFO: CovBayes plan score=0.72 (predicts 0 uncovered fns)
2026-06-01 22:25:26,061 INFO: CovBayes plan score=0.13 (predicts 0 uncovered fns)
2026-06-01 22:25:26,670 INFO: CovBayes plan score=0.48 (predicts 2 uncovered fns)
2026-06-01 22:25:28,524 INFO: CovBayes plan score=0.72 (predicts 0 uncovered fns)
2026-06-01 22:25:36,860 INFO: CovBayes plan score=0.72 (predicts 0 uncovered fns)
2026-06-01 22:25:37,540 INFO: CovBayes plan score=0.41 (predicts 8 uncovered fns)
2026-06-01 22:25:39,266 INFO: CovBayes plan score=1.34 (predicts 5 uncovered fns)
2026-06-01 22:25:41,289 INFO: CovBayes plan score=1.23 (predicts 6 uncovered fns)
2026-06-01 22:25:42,046 INFO: CovBayes plan score=0.72 (predicts 0 uncovered fns)
2026-06-01 22:25:46,227 INFO: CovBayes plan score=0.49 (predicts 0 uncovered fns)
2026-06-01 22:25:48,353 INFO: CovBayes plan score=0.72 (predicts 0 uncovered fns)
2026-06-01 22:25:50,236 INFO: CovBayes plan score=0.80 (predicts 3 uncovered fns)
2026-06-01 22:25:58,291 INFO: CovBayes plan score=0.94 (predicts 9 uncovered fns)
2026-06-01 22:25:58,574 INFO: CovBayes plan score=0.72 (predicts 0 uncovered fns)
2026-06-01 22:25:59,603 INFO: CovBayes plan score=1.20 (predicts 4 uncovered fns)
2026-06-01 22:26:00,767 INFO: CovBayes plan score=1.21 (predicts 4 uncovered fns)
2026-06-01 22:26:01,014 INFO: CovBayes plan score=0.00 (predicts 9 uncovered fns)
2026-06-01 22:26:03,434 INFO: CovBayes plan score=0.00 (predicts 9 uncovered fns)
2026-06-01 22:26:03,798 INFO: CovBayes plan score=0.28 (predicts 1 uncovered fns)
2026-06-01 22:26:04,783 INFO: CovBayes plan score=0.72 (predicts 0 uncovered fns)
2026-06-01 22:26:06,018 INFO: CovBayes plan score=0.00 (predicts 9 uncovered fns)
2026-06-01 22:26:08,718 INFO: CovBayes plan score=0.12 (predicts 0 uncovered fns)
2026-06-01 22:26:10,917 INFO: CovBayes plan score=0.00 (predicts 9 uncovered fns)
2026-06-01 22:26:11,183 INFO: CovBayes plan score=0.61 (predicts 1 uncovered fns)
2026-06-01 22:26:12,042 INFO: CovBayes plan score=0.72 (predicts 0 uncovered fns)
2026-06-01 22:26:13,838 INFO: CovBayes plan score=0.61 (predicts 1 uncovered fns)
2026-06-01 22:26:34,345 INFO: CovBayes plan score=0.80 (predicts 10 uncovered fns)
2026-06-01 22:26:37,102 INFO: CovBayes plan score=0.67 (predicts 2 uncovered fns)
2026-06-01 22:26:40,249 INFO: CovBayes plan score=1.22 (predicts 3 uncovered fns)
2026-06-01 22:26:42,853 INFO: CovBayes plan score=0.71 (predicts 2 uncovered fns)
2026-06-01 22:26:43,479 INFO: CovBayes plan score=0.81 (predicts 2 uncovered fns)
2026-06-01 22:26:45,846 INFO: CovBayes plan score=0.54 (predicts 6 uncovered fns)
2026-06-01 22:26:47,388 INFO: CovBayes plan score=0.28 (predicts 1 uncovered fns)
2026-06-01 22:26:47,658 INFO: CovBayes plan score=0.44 (predicts 1 uncovered fns)
2026-06-01 22:26:49,101 INFO: CovBayes plan score=0.71 (predicts 2 uncovered fns)
2026-06-01 22:26:49,827 INFO: CovBayes plan score=0.72 (predicts 0 uncovered fns)
2026-06-01 22:26:50,293 INFO: CovBayes plan score=1.16 (predicts 4 uncovered fns)
2026-06-01 22:26:52,522 INFO: CovBayes plan score=0.28 (predicts 1 uncovered fns)
2026-06-01 22:26:56,007 INFO: CovBayes plan score=0.12 (predicts 0 uncovered fns)
2026-06-01 22:26:56,408 INFO: CovBayes plan score=0.28 (predicts 1 uncovered fns)
2026-06-01 22:26:56,492 INFO: CovBayes plan score=0.72 (predicts 0 uncovered fns)
2026-06-01 22:26:58,892 INFO: CovBayes plan score=0.00 (predicts 9 uncovered fns)
2026-06-01 22:27:00,843 INFO: CovBayes plan score=0.25 (predicts 1 uncovered fns)
2026-06-01 22:27:02,940 INFO: CovBayes plan score=0.12 (predicts 0 uncovered fns)
2026-06-01 22:27:06,271 INFO: CovBayes plan score=0.72 (predicts 0 uncovered fns)
  [62/93] pydantic.fields seed=42: {'divhints_random': 98, 'divhints_oracle': 125, 'cov_bayes': 101}
2026-06-01 22:27:15,567 INFO: CovBayes plan score=0.72 (predicts 0 uncovered fns)
2026-06-01 22:27:21,267 INFO: CovBayes plan score=1.22 (predicts 6 uncovered fns)
2026-06-01 22:27:22,172 INFO: CovBayes plan score=0.80 (predicts 3 uncovered fns)
2026-06-01 22:27:23,494 INFO: CovBayes plan score=4.95 (predicts 18 uncovered fns)
2026-06-01 22:27:25,188 INFO: CovBayes plan score=0.66 (predicts 2 uncovered fns)
2026-06-01 22:27:31,781 INFO: CovBayes plan score=0.45 (predicts 0 uncovered fns)
2026-06-01 22:27:32,711 INFO: CovBayes plan score=0.77 (predicts 3 uncovered fns)
2026-06-01 22:27:33,041 INFO: CovBayes plan score=2.63 (predicts 15 uncovered fns)
2026-06-01 22:27:35,876 INFO: CovBayes plan score=0.56 (predicts 2 uncovered fns)
2026-06-01 22:27:37,288 INFO: CovBayes plan score=1.21 (predicts 5 uncovered fns)
2026-06-01 22:27:38,145 INFO: CovBayes plan score=0.77 (predicts 3 uncovered fns)
2026-06-01 22:27:42,577 INFO: CovBayes plan score=0.72 (predicts 0 uncovered fns)
  [63/93] pydantic.main seed=42: {'divhints_random': 149, 'divhints_oracle': 189, 'cov_bayes': 172}
2026-06-01 22:27:50,625 INFO: CovBayes plan score=0.72 (predicts 0 uncovered fns)
  [64/93] pydantic.config seed=42: {'divhints_random': 1, 'divhints_oracle': 1, 'cov_bayes': 1}
2026-06-01 22:28:23,952 INFO: CovBayes plan score=0.65 (predicts 0 uncovered fns)
2026-06-01 22:28:30,512 INFO: CovBayes plan score=0.65 (predicts 0 uncovered fns)
2026-06-01 22:28:38,505 INFO: CovBayes plan score=0.65 (predicts 0 uncovered fns)
2026-06-01 22:28:47,572 INFO: CovBayes plan score=0.65 (predicts 0 uncovered fns)
2026-06-01 22:28:48,512 INFO: CovBayes plan score=0.82 (predicts 1 uncovered fns)
2026-06-01 22:28:48,833 INFO: CovBayes plan score=0.82 (predicts 1 uncovered fns)
2026-06-01 22:28:49,148 INFO: CovBayes plan score=0.82 (predicts 1 uncovered fns)
2026-06-01 22:28:49,468 INFO: CovBayes plan score=0.82 (predicts 1 uncovered fns)
2026-06-01 22:28:49,789 INFO: CovBayes plan score=0.82 (predicts 1 uncovered fns)
2026-06-01 22:28:53,014 INFO: CovBayes plan score=3.19 (predicts 9 uncovered fns)
2026-06-01 22:28:53,335 INFO: CovBayes plan score=0.82 (predicts 1 uncovered fns)
2026-06-01 22:28:53,995 INFO: CovBayes plan score=0.65 (predicts 0 uncovered fns)
2026-06-01 22:28:56,543 INFO: CovBayes plan score=3.70 (predicts 9 uncovered fns)
2026-06-01 22:29:02,277 INFO: CovBayes plan score=1.93 (predicts 7 uncovered fns)
2026-06-01 22:29:09,641 INFO: CovBayes plan score=0.65 (predicts 0 uncovered fns)
2026-06-01 22:29:17,520 INFO: CovBayes plan score=0.65 (predicts 0 uncovered fns)
2026-06-01 22:29:32,135 INFO: CovBayes plan score=3.20 (predicts 13 uncovered fns)
2026-06-01 22:29:33,968 INFO: CovBayes plan score=2.63 (predicts 5 uncovered fns)
2026-06-01 22:29:38,488 INFO: CovBayes plan score=3.71 (predicts 11 uncovered fns)
2026-06-01 22:29:43,625 INFO: CovBayes plan score=2.50 (predicts 14 uncovered fns)
2026-06-01 22:29:46,739 INFO: CovBayes plan score=1.49 (predicts 3 uncovered fns)
2026-06-01 22:29:51,257 INFO: CovBayes plan score=3.18 (predicts 14 uncovered fns)
2026-06-01 22:29:51,713 INFO: CovBayes plan score=0.64 (predicts 0 uncovered fns)
2026-06-01 22:29:55,638 INFO: CovBayes plan score=0.00 (predicts 14 uncovered fns)
2026-06-01 22:29:57,909 INFO: CovBayes plan score=0.20 (predicts 0 uncovered fns)
2026-06-01 22:29:59,591 INFO: CovBayes plan score=0.64 (predicts 0 uncovered fns)
2026-06-01 22:30:04,384 INFO: CovBayes plan score=0.64 (predicts 0 uncovered fns)
2026-06-01 22:30:08,852 INFO: CovBayes plan score=0.64 (predicts 0 uncovered fns)
2026-06-01 22:30:17,879 INFO: CovBayes plan score=0.64 (predicts 0 uncovered fns)
2026-06-01 22:30:27,108 INFO: CovBayes plan score=0.64 (predicts 0 uncovered fns)
2026-06-01 22:30:29,367 INFO: CovBayes plan score=1.93 (predicts 7 uncovered fns)
2026-06-01 22:30:30,789 INFO: CovBayes plan score=0.00 (predicts 10 uncovered fns)
2026-06-01 22:30:33,719 INFO: CovBayes plan score=1.50 (predicts 10 uncovered fns)
2026-06-01 22:30:34,895 INFO: CovBayes plan score=0.50 (predicts 3 uncovered fns)
2026-06-01 22:30:37,054 INFO: CovBayes plan score=0.64 (predicts 0 uncovered fns)
2026-06-01 22:30:38,041 INFO: CovBayes plan score=0.11 (predicts 0 uncovered fns)
2026-06-01 22:30:40,675 INFO: CovBayes plan score=0.00 (predicts 10 uncovered fns)
2026-06-01 22:30:43,640 INFO: CovBayes plan score=0.00 (predicts 10 uncovered fns)
  [65/93] pydantic.json_schema seed=42: {'divhints_random': 268, 'divhints_oracle': 296, 'cov_bayes': 266}
2026-06-01 22:30:48,545 INFO: CovBayes plan score=0.17 (predicts 10 uncovered fns)
2026-06-01 22:30:49,944 INFO: CovBayes plan score=0.75 (predicts 3 uncovered fns)
2026-06-01 22:31:24,515 INFO: CovBayes plan score=0.08 (predicts 0 uncovered fns)
2026-06-01 22:31:28,468 INFO: CovBayes plan score=0.00 (predicts 10 uncovered fns)
2026-06-01 22:31:33,812 INFO: CovBayes plan score=0.32 (predicts 2 uncovered fns)
2026-06-01 22:31:36,998 INFO: CovBayes plan score=0.50 (predicts 10 uncovered fns)
2026-06-01 22:31:41,675 INFO: CovBayes plan score=0.08 (predicts 0 uncovered fns)
2026-06-01 22:31:47,120 INFO: CovBayes plan score=0.08 (predicts 0 uncovered fns)
2026-06-01 22:31:50,160 INFO: CovBayes plan score=0.00 (predicts 10 uncovered fns)
2026-06-01 22:31:53,072 INFO: CovBayes plan score=0.00 (predicts 10 uncovered fns)
2026-06-01 22:32:24,058 INFO: CovBayes plan score=0.00 (predicts 10 uncovered fns)
2026-06-01 22:32:25,574 INFO: CovBayes plan score=0.06 (predicts 0 uncovered fns)
2026-06-01 22:32:27,953 INFO: CovBayes plan score=0.00 (predicts 10 uncovered fns)
2026-06-01 22:32:30,331 INFO: CovBayes plan score=0.00 (predicts 10 uncovered fns)
2026-06-01 22:32:31,707 INFO: CovBayes plan score=0.88 (predicts 5 uncovered fns)
2026-06-01 22:32:34,521 INFO: CovBayes plan score=0.00 (predicts 10 uncovered fns)
2026-06-01 22:32:36,566 INFO: CovBayes plan score=0.45 (predicts 3 uncovered fns)
2026-06-01 22:32:37,749 INFO: CovBayes plan score=0.47 (predicts 3 uncovered fns)
2026-06-01 22:33:16,139 INFO: CovBayes plan score=0.57 (predicts 4 uncovered fns)
2026-06-01 22:33:20,718 INFO: CovBayes plan score=0.38 (predicts 3 uncovered fns)
2026-06-01 22:33:29,086 INFO: CovBayes plan score=0.00 (predicts 10 uncovered fns)
2026-06-01 22:33:29,473 INFO: CovBayes plan score=0.76 (predicts 1 uncovered fns)
2026-06-01 22:33:29,944 INFO: CovBayes plan score=0.76 (predicts 1 uncovered fns)
2026-06-01 22:33:30,410 INFO: CovBayes plan score=0.66 (predicts 1 uncovered fns)
2026-06-01 22:33:30,877 INFO: CovBayes plan score=0.76 (predicts 1 uncovered fns)
2026-06-01 22:33:31,338 INFO: CovBayes plan score=0.76 (predicts 1 uncovered fns)
2026-06-01 22:33:31,791 INFO: CovBayes plan score=0.76 (predicts 1 uncovered fns)
2026-06-01 22:33:32,224 INFO: CovBayes plan score=0.76 (predicts 1 uncovered fns)
2026-06-01 22:33:32,420 INFO: CovBayes plan score=0.00 (predicts 10 uncovered fns)
2026-06-01 22:33:32,697 INFO: CovBayes plan score=0.76 (predicts 1 uncovered fns)
2026-06-01 22:33:35,783 INFO: CovBayes plan score=0.22 (predicts 1 uncovered fns)
2026-06-01 22:33:38,504 INFO: CovBayes plan score=0.00 (predicts 10 uncovered fns)
2026-06-01 22:33:44,479 INFO: CovBayes plan score=0.00 (predicts 10 uncovered fns)
2026-06-01 22:33:47,290 INFO: CovBayes plan score=0.00 (predicts 10 uncovered fns)
2026-06-01 22:34:03,222 INFO: CovBayes plan score=0.26 (predicts 0 uncovered fns)
2026-06-01 22:34:06,258 INFO: CovBayes plan score=0.26 (predicts 0 uncovered fns)
2026-06-01 22:34:13,445 INFO: CovBayes plan score=0.26 (predicts 0 uncovered fns)
2026-06-01 22:34:15,578 INFO: CovBayes plan score=0.26 (predicts 0 uncovered fns)
2026-06-01 22:34:16,921 INFO: CovBayes plan score=0.00 (predicts 10 uncovered fns)
2026-06-01 22:34:17,626 INFO: CovBayes plan score=0.26 (predicts 0 uncovered fns)
2026-06-01 22:34:19,967 INFO: CovBayes plan score=0.26 (predicts 0 uncovered fns)
2026-06-01 22:34:21,866 INFO: CovBayes plan score=0.26 (predicts 0 uncovered fns)
2026-06-01 22:34:22,250 INFO: CovBayes plan score=0.35 (predicts 3 uncovered fns)
2026-06-01 22:34:24,219 INFO: CovBayes plan score=0.05 (predicts 0 uncovered fns)
2026-06-01 22:34:24,220 INFO: CovBayes plan score=0.26 (predicts 0 uncovered fns)
2026-06-01 22:34:26,880 INFO: CovBayes plan score=0.00 (predicts 10 uncovered fns)
2026-06-01 22:34:29,276 INFO: CovBayes plan score=0.00 (predicts 10 uncovered fns)
2026-06-01 22:34:34,414 INFO: CovBayes plan score=0.05 (predicts 0 uncovered fns)
2026-06-01 22:34:35,226 INFO: CovBayes plan score=0.71 (predicts 4 uncovered fns)
2026-06-01 22:34:37,823 INFO: CovBayes plan score=0.00 (predicts 10 uncovered fns)
2026-06-01 22:34:54,085 INFO: CovBayes plan score=0.26 (predicts 0 uncovered fns)
2026-06-01 22:34:56,804 INFO: CovBayes plan score=0.26 (predicts 0 uncovered fns)
2026-06-01 22:35:00,399 INFO: CovBayes plan score=0.26 (predicts 0 uncovered fns)
2026-06-01 22:35:09,305 INFO: CovBayes plan score=0.26 (predicts 0 uncovered fns)
2026-06-01 22:35:12,434 INFO: CovBayes plan score=0.26 (predicts 0 uncovered fns)
2026-06-01 22:35:13,776 INFO: CovBayes plan score=0.05 (predicts 0 uncovered fns)
2026-06-01 22:35:16,517 INFO: CovBayes plan score=0.26 (predicts 0 uncovered fns)
2026-06-01 22:35:16,883 INFO: CovBayes plan score=0.00 (predicts 10 uncovered fns)
2026-06-01 22:35:18,936 INFO: CovBayes plan score=0.26 (predicts 0 uncovered fns)
2026-06-01 22:35:20,216 INFO: CovBayes plan score=0.19 (predicts 1 uncovered fns)
2026-06-01 22:35:20,918 INFO: CovBayes plan score=0.26 (predicts 0 uncovered fns)
2026-06-01 22:35:22,698 INFO: CovBayes plan score=0.00 (predicts 10 uncovered fns)
2026-06-01 22:35:24,197 INFO: CovBayes plan score=0.05 (predicts 0 uncovered fns)
2026-06-01 22:35:25,172 INFO: CovBayes plan score=0.26 (predicts 3 uncovered fns)
2026-06-01 22:35:26,685 INFO: CovBayes plan score=0.05 (predicts 0 uncovered fns)
2026-06-01 22:35:33,705 INFO: CovBayes plan score=0.14 (predicts 10 uncovered fns)
  [66/93] pydantic.networks seed=42: {'divhints_random': 34, 'divhints_oracle': 35, 'cov_bayes': 34}
2026-06-01 22:35:45,803 INFO: CovBayes plan score=0.26 (predicts 0 uncovered fns)
2026-06-01 22:35:49,312 INFO: CovBayes plan score=0.26 (predicts 0 uncovered fns)
2026-06-01 22:35:51,541 INFO: CovBayes plan score=0.26 (predicts 0 uncovered fns)
2026-06-01 22:35:54,027 INFO: CovBayes plan score=0.26 (predicts 0 uncovered fns)
2026-06-01 22:35:56,006 INFO: CovBayes plan score=0.26 (predicts 0 uncovered fns)
2026-06-01 22:35:58,008 INFO: CovBayes plan score=0.26 (predicts 0 uncovered fns)
2026-06-01 22:35:59,957 INFO: CovBayes plan score=0.26 (predicts 0 uncovered fns)
2026-06-01 22:36:02,518 INFO: CovBayes plan score=0.26 (predicts 0 uncovered fns)
2026-06-01 22:36:28,301 INFO: CovBayes plan score=0.26 (predicts 0 uncovered fns)
2026-06-01 22:36:30,906 INFO: CovBayes plan score=0.26 (predicts 0 uncovered fns)
2026-06-01 22:36:32,901 INFO: CovBayes plan score=0.26 (predicts 0 uncovered fns)
2026-06-01 22:36:35,046 INFO: CovBayes plan score=0.26 (predicts 0 uncovered fns)
2026-06-01 22:36:37,802 INFO: CovBayes plan score=0.26 (predicts 0 uncovered fns)
2026-06-01 22:36:40,043 INFO: CovBayes plan score=0.26 (predicts 0 uncovered fns)
2026-06-01 22:36:42,353 INFO: CovBayes plan score=0.26 (predicts 0 uncovered fns)
2026-06-01 22:36:44,482 INFO: CovBayes plan score=0.26 (predicts 0 uncovered fns)
2026-06-01 22:37:15,949 INFO: CovBayes plan score=0.26 (predicts 0 uncovered fns)
2026-06-01 22:37:18,655 INFO: CovBayes plan score=0.26 (predicts 0 uncovered fns)
2026-06-01 22:37:20,673 INFO: CovBayes plan score=0.26 (predicts 0 uncovered fns)
2026-06-01 22:37:23,187 INFO: CovBayes plan score=0.26 (predicts 0 uncovered fns)
2026-06-01 22:37:24,899 INFO: CovBayes plan score=0.26 (predicts 0 uncovered fns)
2026-06-01 22:37:26,593 INFO: CovBayes plan score=0.26 (predicts 0 uncovered fns)
2026-06-01 22:37:28,698 INFO: CovBayes plan score=0.26 (predicts 0 uncovered fns)
2026-06-01 22:37:30,649 INFO: CovBayes plan score=0.26 (predicts 0 uncovered fns)
2026-06-01 22:37:57,813 INFO: CovBayes plan score=0.26 (predicts 0 uncovered fns)
2026-06-01 22:38:00,735 INFO: CovBayes plan score=0.26 (predicts 0 uncovered fns)
2026-06-01 22:38:03,297 INFO: CovBayes plan score=0.26 (predicts 0 uncovered fns)
2026-06-01 22:38:05,632 INFO: CovBayes plan score=0.26 (predicts 0 uncovered fns)
2026-06-01 22:38:08,280 INFO: CovBayes plan score=0.26 (predicts 0 uncovered fns)
2026-06-01 22:38:11,334 INFO: CovBayes plan score=0.26 (predicts 0 uncovered fns)
2026-06-01 22:38:13,869 INFO: CovBayes plan score=0.26 (predicts 0 uncovered fns)
2026-06-01 22:38:15,848 INFO: CovBayes plan score=0.26 (predicts 0 uncovered fns)
2026-06-01 22:38:27,870 INFO: CovBayes plan score=1.34 (predicts 2 uncovered fns)
2026-06-01 22:38:28,340 INFO: CovBayes plan score=1.34 (predicts 2 uncovered fns)
2026-06-01 22:38:28,816 INFO: CovBayes plan score=1.34 (predicts 2 uncovered fns)
2026-06-01 22:38:29,292 INFO: CovBayes plan score=1.34 (predicts 2 uncovered fns)
2026-06-01 22:38:29,766 INFO: CovBayes plan score=1.34 (predicts 2 uncovered fns)
2026-06-01 22:38:30,234 INFO: CovBayes plan score=1.34 (predicts 2 uncovered fns)
2026-06-01 22:38:30,708 INFO: CovBayes plan score=1.34 (predicts 2 uncovered fns)
2026-06-01 22:38:31,181 INFO: CovBayes plan score=1.34 (predicts 2 uncovered fns)
2026-06-01 22:38:44,643 INFO: CovBayes plan score=0.26 (predicts 0 uncovered fns)
2026-06-01 22:38:47,525 INFO: CovBayes plan score=0.26 (predicts 0 uncovered fns)
2026-06-01 22:38:49,954 INFO: CovBayes plan score=0.26 (predicts 0 uncovered fns)
2026-06-01 22:38:52,555 INFO: CovBayes plan score=0.26 (predicts 0 uncovered fns)
2026-06-01 22:38:55,551 INFO: CovBayes plan score=0.26 (predicts 0 uncovered fns)
2026-06-01 22:38:58,214 INFO: CovBayes plan score=0.26 (predicts 0 uncovered fns)
2026-06-01 22:39:01,841 INFO: CovBayes plan score=0.26 (predicts 0 uncovered fns)
2026-06-01 22:39:04,609 INFO: CovBayes plan score=0.26 (predicts 0 uncovered fns)
2026-06-01 22:39:08,554 INFO: CovBayes plan score=0.00 (predicts 23 uncovered fns)
2026-06-01 22:39:11,896 INFO: CovBayes plan score=0.35 (predicts 0 uncovered fns)
2026-06-01 22:39:12,251 INFO: CovBayes plan score=0.83 (predicts 1 uncovered fns)
  [67/93] pydantic.functional_validators seed=42: {'divhints_random': 36, 'divhints_oracle': 36, 'cov_bayes': 36}
2026-06-01 22:39:20,625 INFO: CovBayes plan score=0.01 (predicts 22 uncovered fns)
2026-06-01 22:39:24,841 INFO: CovBayes plan score=0.35 (predicts 0 uncovered fns)
2026-06-01 22:39:25,139 INFO: CovBayes plan score=0.35 (predicts 0 uncovered fns)
2026-06-01 22:39:28,498 INFO: CovBayes plan score=0.35 (predicts 0 uncovered fns)
2026-06-01 22:39:28,970 INFO: CovBayes plan score=0.35 (predicts 0 uncovered fns)
2026-06-01 22:39:58,611 INFO: CovBayes plan score=0.34 (predicts 0 uncovered fns)
2026-06-01 22:39:58,856 INFO: CovBayes plan score=0.34 (predicts 0 uncovered fns)
2026-06-01 22:40:01,066 INFO: CovBayes plan score=0.66 (predicts 1 uncovered fns)
2026-06-01 22:40:06,225 INFO: CovBayes plan score=0.00 (predicts 23 uncovered fns)
2026-06-01 22:40:10,658 INFO: CovBayes plan score=0.34 (predicts 0 uncovered fns)
2026-06-01 22:40:14,931 INFO: CovBayes plan score=0.34 (predicts 0 uncovered fns)
2026-06-01 22:40:17,261 INFO: CovBayes plan score=0.66 (predicts 1 uncovered fns)
2026-06-01 22:40:20,801 INFO: CovBayes plan score=0.34 (predicts 0 uncovered fns)
2026-06-01 22:40:54,147 INFO: CovBayes plan score=0.34 (predicts 0 uncovered fns)
2026-06-01 22:40:57,410 INFO: CovBayes plan score=0.34 (predicts 0 uncovered fns)
2026-06-01 22:41:01,571 INFO: CovBayes plan score=0.34 (predicts 0 uncovered fns)
2026-06-01 22:41:07,678 INFO: CovBayes plan score=0.34 (predicts 0 uncovered fns)
2026-06-01 22:41:11,908 INFO: CovBayes plan score=0.34 (predicts 0 uncovered fns)
2026-06-01 22:41:14,545 INFO: CovBayes plan score=0.34 (predicts 0 uncovered fns)
2026-06-01 22:41:16,887 INFO: CovBayes plan score=0.58 (predicts 1 uncovered fns)
2026-06-01 22:41:23,116 INFO: CovBayes plan score=0.34 (predicts 0 uncovered fns)
2026-06-01 22:41:51,967 INFO: CovBayes plan score=0.34 (predicts 0 uncovered fns)
2026-06-01 22:41:55,970 INFO: CovBayes plan score=0.34 (predicts 0 uncovered fns)
2026-06-01 22:42:00,832 INFO: CovBayes plan score=0.34 (predicts 0 uncovered fns)
2026-06-01 22:42:01,289 INFO: CovBayes plan score=0.53 (predicts 1 uncovered fns)
2026-06-01 22:42:01,736 INFO: CovBayes plan score=0.53 (predicts 1 uncovered fns)
2026-06-01 22:42:05,916 INFO: CovBayes plan score=0.34 (predicts 0 uncovered fns)
2026-06-01 22:42:09,687 INFO: CovBayes plan score=0.34 (predicts 0 uncovered fns)
2026-06-01 22:42:13,493 INFO: CovBayes plan score=0.34 (predicts 0 uncovered fns)
2026-06-01 22:42:23,419 INFO: CovBayes plan score=3.12 (predicts 4 uncovered fns)
2026-06-01 22:42:24,530 INFO: CovBayes plan score=3.12 (predicts 4 uncovered fns)
2026-06-01 22:42:25,527 INFO: CovBayes plan score=3.12 (predicts 4 uncovered fns)
2026-06-01 22:42:26,515 INFO: CovBayes plan score=3.12 (predicts 4 uncovered fns)
2026-06-01 22:42:28,325 INFO: CovBayes plan score=3.61 (predicts 5 uncovered fns)
2026-06-01 22:42:29,759 INFO: CovBayes plan score=3.61 (predicts 5 uncovered fns)
2026-06-01 22:42:30,606 INFO: CovBayes plan score=2.64 (predicts 3 uncovered fns)
2026-06-01 22:42:31,728 INFO: CovBayes plan score=3.12 (predicts 4 uncovered fns)
2026-06-01 22:42:47,112 INFO: CovBayes plan score=0.34 (predicts 0 uncovered fns)
2026-06-01 22:42:51,686 INFO: CovBayes plan score=0.34 (predicts 0 uncovered fns)
2026-06-01 22:42:57,188 INFO: CovBayes plan score=0.34 (predicts 0 uncovered fns)
2026-06-01 22:42:59,998 INFO: CovBayes plan score=4.86 (predicts 10 uncovered fns)
2026-06-01 22:43:02,546 INFO: CovBayes plan score=0.34 (predicts 0 uncovered fns)
2026-06-01 22:43:04,002 INFO: CovBayes plan score=0.07 (predicts 0 uncovered fns)
2026-06-01 22:43:05,010 INFO: CovBayes plan score=0.00 (predicts 5 uncovered fns)
2026-06-01 22:43:05,968 INFO: CovBayes plan score=0.00 (predicts 5 uncovered fns)
2026-06-01 22:43:06,913 INFO: CovBayes plan score=0.00 (predicts 5 uncovered fns)
2026-06-01 22:43:07,844 INFO: CovBayes plan score=0.00 (predicts 5 uncovered fns)
2026-06-01 22:43:09,802 INFO: CovBayes plan score=0.34 (predicts 0 uncovered fns)
2026-06-01 22:43:10,987 INFO: CovBayes plan score=0.90 (predicts 2 uncovered fns)
2026-06-01 22:43:11,871 INFO: CovBayes plan score=0.05 (predicts 5 uncovered fns)
2026-06-01 22:43:12,718 INFO: CovBayes plan score=0.25 (predicts 5 uncovered fns)
2026-06-01 22:43:12,819 INFO: CovBayes plan score=0.34 (predicts 0 uncovered fns)
2026-06-01 22:43:14,693 INFO: CovBayes plan score=0.50 (predicts 1 uncovered fns)
2026-06-01 22:43:42,686 INFO: CovBayes plan score=0.00 (predicts 4 uncovered fns)
2026-06-01 22:43:45,895 INFO: CovBayes plan score=0.00 (predicts 4 uncovered fns)
2026-06-01 22:43:46,023 INFO: CovBayes plan score=1.17 (predicts 11 uncovered fns)
2026-06-01 22:43:46,746 INFO: CovBayes plan score=0.00 (predicts 4 uncovered fns)
2026-06-01 22:43:47,377 INFO: CovBayes plan score=2.38 (predicts 6 uncovered fns)
2026-06-01 22:43:47,583 INFO: CovBayes plan score=0.33 (predicts 4 uncovered fns)
2026-06-01 22:43:48,393 INFO: CovBayes plan score=0.00 (predicts 4 uncovered fns)
2026-06-01 22:43:48,609 INFO: CovBayes plan score=2.26 (predicts 5 uncovered fns)
2026-06-01 22:43:49,238 INFO: CovBayes plan score=0.00 (predicts 4 uncovered fns)
2026-06-01 22:43:49,931 INFO: CovBayes plan score=1.76 (predicts 5 uncovered fns)
2026-06-01 22:43:50,061 INFO: CovBayes plan score=0.00 (predicts 4 uncovered fns)
2026-06-01 22:43:50,841 INFO: CovBayes plan score=0.00 (predicts 4 uncovered fns)
2026-06-01 22:43:51,142 INFO: CovBayes plan score=1.77 (predicts 4 uncovered fns)
2026-06-01 22:43:51,880 INFO: CovBayes plan score=1.48 (predicts 4 uncovered fns)
2026-06-01 22:43:53,060 INFO: CovBayes plan score=2.24 (predicts 6 uncovered fns)
2026-06-01 22:43:53,774 INFO: CovBayes plan score=1.29 (predicts 3 uncovered fns)
2026-06-01 22:44:19,552 INFO: CovBayes plan score=0.00 (predicts 4 uncovered fns)
2026-06-01 22:44:20,387 INFO: CovBayes plan score=0.00 (predicts 4 uncovered fns)
2026-06-01 22:44:21,449 INFO: CovBayes plan score=0.00 (predicts 4 uncovered fns)
2026-06-01 22:44:24,175 INFO: CovBayes plan score=0.94 (predicts 3 uncovered fns)
2026-06-01 22:44:25,373 INFO: CovBayes plan score=0.12 (predicts 4 uncovered fns)
2026-06-01 22:44:26,278 INFO: CovBayes plan score=0.00 (predicts 4 uncovered fns)
2026-06-01 22:44:27,181 INFO: CovBayes plan score=0.00 (predicts 4 uncovered fns)
2026-06-01 22:44:28,056 INFO: CovBayes plan score=0.00 (predicts 4 uncovered fns)
2026-06-01 22:44:28,893 INFO: CovBayes plan score=0.00 (predicts 4 uncovered fns)
2026-06-01 22:44:29,096 INFO: CovBayes plan score=0.13 (predicts 0 uncovered fns)
2026-06-01 22:44:30,108 INFO: CovBayes plan score=0.13 (predicts 0 uncovered fns)
2026-06-01 22:44:30,748 INFO: CovBayes plan score=0.94 (predicts 3 uncovered fns)
2026-06-01 22:44:32,049 INFO: CovBayes plan score=1.38 (predicts 5 uncovered fns)
2026-06-01 22:44:35,774 INFO: CovBayes plan score=0.00 (predicts 11 uncovered fns)
2026-06-01 22:44:36,413 INFO: CovBayes plan score=0.85 (predicts 3 uncovered fns)
2026-06-01 22:44:37,727 INFO: CovBayes plan score=0.13 (predicts 0 uncovered fns)
  [68/93] pydantic.color seed=42: {'divhints_random': 17, 'divhints_oracle': 82, 'cov_bayes': 84}
2026-06-01 22:44:58,489 INFO: CovBayes plan score=0.00 (predicts 4 uncovered fns)
2026-06-01 22:44:59,212 INFO: CovBayes plan score=0.00 (predicts 4 uncovered fns)
2026-06-01 22:44:59,875 INFO: CovBayes plan score=0.00 (predicts 4 uncovered fns)
2026-06-01 22:45:00,539 INFO: CovBayes plan score=0.00 (predicts 4 uncovered fns)
2026-06-01 22:45:01,204 INFO: CovBayes plan score=0.00 (predicts 4 uncovered fns)
2026-06-01 22:45:01,869 INFO: CovBayes plan score=0.00 (predicts 4 uncovered fns)
2026-06-01 22:45:02,533 INFO: CovBayes plan score=0.00 (predicts 4 uncovered fns)
2026-06-01 22:45:03,198 INFO: CovBayes plan score=0.00 (predicts 4 uncovered fns)
2026-06-01 22:45:33,490 INFO: CovBayes plan score=0.20 (predicts 4 uncovered fns)
2026-06-01 22:45:34,384 INFO: CovBayes plan score=0.00 (predicts 4 uncovered fns)
2026-06-01 22:45:35,238 INFO: CovBayes plan score=0.00 (predicts 4 uncovered fns)
2026-06-01 22:45:36,076 INFO: CovBayes plan score=0.00 (predicts 4 uncovered fns)
2026-06-01 22:45:36,920 INFO: CovBayes plan score=0.08 (predicts 4 uncovered fns)
2026-06-01 22:45:37,778 INFO: CovBayes plan score=0.00 (predicts 4 uncovered fns)
2026-06-01 22:45:38,611 INFO: CovBayes plan score=0.00 (predicts 4 uncovered fns)
2026-06-01 22:45:39,424 INFO: CovBayes plan score=0.00 (predicts 4 uncovered fns)
2026-06-01 22:46:05,819 INFO: CovBayes plan score=0.00 (predicts 3 uncovered fns)
2026-06-01 22:46:06,450 INFO: CovBayes plan score=0.00 (predicts 3 uncovered fns)
2026-06-01 22:46:07,232 INFO: CovBayes plan score=0.00 (predicts 3 uncovered fns)
2026-06-01 22:46:07,910 INFO: CovBayes plan score=0.00 (predicts 3 uncovered fns)
2026-06-01 22:46:08,588 INFO: CovBayes plan score=0.00 (predicts 3 uncovered fns)
2026-06-01 22:46:12,212 INFO: CovBayes plan score=0.07 (predicts 3 uncovered fns)
2026-06-01 22:46:12,920 INFO: CovBayes plan score=0.00 (predicts 3 uncovered fns)
2026-06-01 22:46:13,616 INFO: CovBayes plan score=0.00 (predicts 3 uncovered fns)
2026-06-01 22:46:15,557 INFO: CovBayes plan score=0.56 (predicts 0 uncovered fns)
2026-06-01 22:46:17,170 INFO: CovBayes plan score=0.56 (predicts 0 uncovered fns)
2026-06-01 22:46:18,904 INFO: CovBayes plan score=0.56 (predicts 0 uncovered fns)
2026-06-01 22:46:20,637 INFO: CovBayes plan score=0.56 (predicts 0 uncovered fns)
2026-06-01 22:46:22,303 INFO: CovBayes plan score=0.56 (predicts 0 uncovered fns)
2026-06-01 22:46:24,042 INFO: CovBayes plan score=0.56 (predicts 0 uncovered fns)
2026-06-01 22:46:25,606 INFO: CovBayes plan score=0.56 (predicts 0 uncovered fns)
2026-06-01 22:46:26,743 INFO: CovBayes plan score=0.62 (predicts 1 uncovered fns)
2026-06-01 22:46:27,305 INFO: CovBayes plan score=0.62 (predicts 1 uncovered fns)
2026-06-01 22:46:27,862 INFO: CovBayes plan score=0.62 (predicts 1 uncovered fns)
2026-06-01 22:46:28,129 INFO: CovBayes plan score=0.56 (predicts 0 uncovered fns)
2026-06-01 22:46:28,407 INFO: CovBayes plan score=0.62 (predicts 1 uncovered fns)
2026-06-01 22:46:28,920 INFO: CovBayes plan score=0.62 (predicts 1 uncovered fns)
2026-06-01 22:46:29,435 INFO: CovBayes plan score=0.62 (predicts 1 uncovered fns)
2026-06-01 22:46:29,942 INFO: CovBayes plan score=0.62 (predicts 1 uncovered fns)
2026-06-01 22:46:30,428 INFO: CovBayes plan score=0.62 (predicts 1 uncovered fns)
2026-06-01 22:46:46,678 INFO: CovBayes plan score=0.00 (predicts 3 uncovered fns)
2026-06-01 22:46:47,405 INFO: CovBayes plan score=0.00 (predicts 3 uncovered fns)
2026-06-01 22:46:48,123 INFO: CovBayes plan score=0.00 (predicts 3 uncovered fns)
2026-06-01 22:46:48,851 INFO: CovBayes plan score=0.00 (predicts 3 uncovered fns)
2026-06-01 22:46:49,552 INFO: CovBayes plan score=0.00 (predicts 3 uncovered fns)
2026-06-01 22:46:50,224 INFO: CovBayes plan score=0.00 (predicts 3 uncovered fns)
2026-06-01 22:46:50,900 INFO: CovBayes plan score=0.00 (predicts 3 uncovered fns)
2026-06-01 22:46:51,575 INFO: CovBayes plan score=0.00 (predicts 3 uncovered fns)
2026-06-01 22:46:57,355 INFO: CovBayes plan score=0.56 (predicts 0 uncovered fns)
2026-06-01 22:46:58,315 INFO: CovBayes plan score=0.56 (predicts 0 uncovered fns)
2026-06-01 22:46:59,772 INFO: CovBayes plan score=0.56 (predicts 0 uncovered fns)
  [69/93] pydantic.type_adapter seed=42: {'divhints_random': 17, 'divhints_oracle': 18, 'cov_bayes': 16}
2026-06-01 22:47:01,234 INFO: CovBayes plan score=0.56 (predicts 0 uncovered fns)
2026-06-01 22:47:02,622 INFO: CovBayes plan score=0.00 (predicts 3 uncovered fns)
2026-06-01 22:47:03,477 INFO: CovBayes plan score=0.00 (predicts 3 uncovered fns)
2026-06-01 22:47:04,179 INFO: CovBayes plan score=1.01 (predicts 3 uncovered fns)
2026-06-01 22:47:04,362 INFO: CovBayes plan score=0.00 (predicts 3 uncovered fns)
2026-06-01 22:47:05,220 INFO: CovBayes plan score=0.00 (predicts 3 uncovered fns)
2026-06-01 22:47:05,631 INFO: CovBayes plan score=0.56 (predicts 0 uncovered fns)
2026-06-01 22:47:06,105 INFO: CovBayes plan score=0.00 (predicts 3 uncovered fns)
2026-06-01 22:47:06,897 INFO: CovBayes plan score=0.56 (predicts 0 uncovered fns)
2026-06-01 22:47:06,994 INFO: CovBayes plan score=0.00 (predicts 3 uncovered fns)
2026-06-01 22:47:07,819 INFO: CovBayes plan score=0.00 (predicts 3 uncovered fns)
2026-06-01 22:47:08,623 INFO: CovBayes plan score=0.00 (predicts 3 uncovered fns)
2026-06-01 22:47:08,871 INFO: CovBayes plan score=0.56 (predicts 0 uncovered fns)
2026-06-01 22:47:42,107 INFO: CovBayes plan score=0.00 (predicts 3 uncovered fns)
2026-06-01 22:47:42,195 INFO: CovBayes plan score=1.96 (predicts 3 uncovered fns)
2026-06-01 22:47:42,833 INFO: CovBayes plan score=0.00 (predicts 3 uncovered fns)
2026-06-01 22:47:42,991 INFO: CovBayes plan score=1.96 (predicts 3 uncovered fns)
2026-06-01 22:47:43,542 INFO: CovBayes plan score=0.00 (predicts 3 uncovered fns)
2026-06-01 22:47:43,872 INFO: CovBayes plan score=0.84 (predicts 1 uncovered fns)
2026-06-01 22:47:44,252 INFO: CovBayes plan score=0.00 (predicts 3 uncovered fns)
2026-06-01 22:47:44,324 INFO: CovBayes plan score=1.33 (predicts 2 uncovered fns)
2026-06-01 22:47:44,633 INFO: CovBayes plan score=2.44 (predicts 5 uncovered fns)
2026-06-01 22:47:44,997 INFO: CovBayes plan score=0.00 (predicts 3 uncovered fns)
2026-06-01 22:47:45,689 INFO: CovBayes plan score=0.00 (predicts 3 uncovered fns)
2026-06-01 22:47:46,364 INFO: CovBayes plan score=0.00 (predicts 3 uncovered fns)
2026-06-01 22:47:47,022 INFO: CovBayes plan score=5.85 (predicts 11 uncovered fns)
2026-06-01 22:47:47,040 INFO: CovBayes plan score=0.00 (predicts 3 uncovered fns)
2026-06-01 22:47:47,701 INFO: CovBayes plan score=0.52 (predicts 0 uncovered fns)
2026-06-01 22:47:47,803 INFO: CovBayes plan score=1.96 (predicts 3 uncovered fns)
2026-06-01 22:47:48,847 INFO: CovBayes plan score=2.45 (predicts 4 uncovered fns)
2026-06-01 22:47:49,041 INFO: CovBayes plan score=0.52 (predicts 0 uncovered fns)
2026-06-01 22:47:50,068 INFO: CovBayes plan score=2.45 (predicts 4 uncovered fns)
2026-06-01 22:47:51,346 INFO: CovBayes plan score=2.45 (predicts 4 uncovered fns)
2026-06-01 22:47:52,746 INFO: CovBayes plan score=0.52 (predicts 0 uncovered fns)
2026-06-01 22:47:54,537 INFO: CovBayes plan score=0.52 (predicts 0 uncovered fns)
2026-06-01 22:47:57,124 INFO: CovBayes plan score=0.52 (predicts 0 uncovered fns)
2026-06-01 22:48:01,260 INFO: CovBayes plan score=0.52 (predicts 0 uncovered fns)
2026-06-01 22:48:15,597 INFO: CovBayes plan score=0.00 (predicts 3 uncovered fns)
2026-06-01 22:48:16,621 INFO: CovBayes plan score=0.00 (predicts 3 uncovered fns)
2026-06-01 22:48:17,607 INFO: CovBayes plan score=0.00 (predicts 3 uncovered fns)
2026-06-01 22:48:18,587 INFO: CovBayes plan score=0.00 (predicts 3 uncovered fns)
2026-06-01 22:48:19,566 INFO: CovBayes plan score=0.00 (predicts 3 uncovered fns)
2026-06-01 22:48:20,524 INFO: CovBayes plan score=0.00 (predicts 3 uncovered fns)
2026-06-01 22:48:21,449 INFO: CovBayes plan score=0.00 (predicts 3 uncovered fns)
2026-06-01 22:48:22,347 INFO: CovBayes plan score=0.00 (predicts 3 uncovered fns)
2026-06-01 22:48:24,444 INFO: CovBayes plan score=2.53 (predicts 2 uncovered fns)
2026-06-01 22:48:24,755 INFO: CovBayes plan score=2.04 (predicts 1 uncovered fns)
2026-06-01 22:48:25,026 INFO: CovBayes plan score=2.04 (predicts 1 uncovered fns)
2026-06-01 22:48:25,309 INFO: CovBayes plan score=2.04 (predicts 1 uncovered fns)
2026-06-01 22:48:25,822 INFO: CovBayes plan score=2.53 (predicts 2 uncovered fns)
2026-06-01 22:48:26,098 INFO: CovBayes plan score=2.04 (predicts 1 uncovered fns)
2026-06-01 22:48:27,740 INFO: CovBayes plan score=2.03 (predicts 2 uncovered fns)
2026-06-01 22:48:28,211 INFO: CovBayes plan score=2.53 (predicts 2 uncovered fns)
2026-06-01 22:48:32,215 INFO: CovBayes plan score=0.51 (predicts 0 uncovered fns)
2026-06-01 22:48:36,250 INFO: CovBayes plan score=0.51 (predicts 0 uncovered fns)
2026-06-01 22:48:37,858 INFO: CovBayes plan score=0.51 (predicts 0 uncovered fns)
2026-06-01 22:48:39,199 INFO: CovBayes plan score=0.51 (predicts 0 uncovered fns)
2026-06-01 22:48:40,650 INFO: CovBayes plan score=0.51 (predicts 0 uncovered fns)
2026-06-01 22:48:42,660 INFO: CovBayes plan score=0.51 (predicts 0 uncovered fns)
2026-06-01 22:48:46,462 INFO: CovBayes plan score=0.51 (predicts 0 uncovered fns)
2026-06-01 22:48:47,964 INFO: CovBayes plan score=0.51 (predicts 0 uncovered fns)
2026-06-01 22:48:49,091 INFO: CovBayes plan score=0.00 (predicts 3 uncovered fns)
2026-06-01 22:48:49,885 INFO: CovBayes plan score=0.00 (predicts 3 uncovered fns)
2026-06-01 22:48:50,676 INFO: CovBayes plan score=0.00 (predicts 3 uncovered fns)
2026-06-01 22:48:51,457 INFO: CovBayes plan score=0.00 (predicts 3 uncovered fns)
2026-06-01 22:48:52,231 INFO: CovBayes plan score=0.00 (predicts 3 uncovered fns)
2026-06-01 22:48:52,943 INFO: CovBayes plan score=2.00 (predicts 1 uncovered fns)
2026-06-01 22:48:53,031 INFO: CovBayes plan score=0.00 (predicts 3 uncovered fns)
2026-06-01 22:48:53,228 INFO: CovBayes plan score=2.00 (predicts 1 uncovered fns)
2026-06-01 22:48:53,756 INFO: CovBayes plan score=0.00 (predicts 3 uncovered fns)
2026-06-01 22:48:54,416 INFO: CovBayes plan score=0.00 (predicts 3 uncovered fns)
2026-06-01 22:48:55,127 INFO: CovBayes plan score=1.51 (predicts 0 uncovered fns)
2026-06-01 22:48:58,863 INFO: CovBayes plan score=2.00 (predicts 1 uncovered fns)
2026-06-01 22:49:03,138 INFO: CovBayes plan score=1.51 (predicts 0 uncovered fns)
2026-06-01 22:49:03,734 INFO: CovBayes plan score=2.00 (predicts 1 uncovered fns)
2026-06-01 22:49:06,428 INFO: CovBayes plan score=1.51 (predicts 0 uncovered fns)
2026-06-01 22:49:06,804 INFO: CovBayes plan score=2.00 (predicts 1 uncovered fns)
2026-06-01 22:49:17,196 INFO: CovBayes plan score=0.51 (predicts 0 uncovered fns)
2026-06-01 22:49:19,212 INFO: CovBayes plan score=0.50 (predicts 1 uncovered fns)
2026-06-01 22:49:20,915 INFO: CovBayes plan score=0.51 (predicts 0 uncovered fns)
2026-06-01 22:49:22,400 INFO: CovBayes plan score=0.51 (predicts 0 uncovered fns)
2026-06-01 22:49:24,722 INFO: CovBayes plan score=0.00 (predicts 3 uncovered fns)
2026-06-01 22:49:24,871 INFO: CovBayes plan score=3.32 (predicts 9 uncovered fns)
2026-06-01 22:49:25,480 INFO: CovBayes plan score=0.51 (predicts 0 uncovered fns)
2026-06-01 22:49:25,502 INFO: CovBayes plan score=1.32 (predicts 2 uncovered fns)
2026-06-01 22:49:25,674 INFO: CovBayes plan score=0.00 (predicts 3 uncovered fns)
2026-06-01 22:49:26,637 INFO: CovBayes plan score=0.00 (predicts 3 uncovered fns)
2026-06-01 22:49:27,532 INFO: CovBayes plan score=0.00 (predicts 3 uncovered fns)
2026-06-01 22:49:28,428 INFO: CovBayes plan score=0.00 (predicts 3 uncovered fns)
2026-06-01 22:49:29,382 INFO: CovBayes plan score=0.51 (predicts 0 uncovered fns)
2026-06-01 22:49:29,568 INFO: CovBayes plan score=4.84 (predicts 12 uncovered fns)
2026-06-01 22:49:29,617 INFO: CovBayes plan score=0.00 (predicts 3 uncovered fns)
2026-06-01 22:49:30,625 INFO: CovBayes plan score=0.00 (predicts 3 uncovered fns)
2026-06-01 22:49:31,611 INFO: CovBayes plan score=0.00 (predicts 3 uncovered fns)
2026-06-01 22:49:33,111 INFO: CovBayes plan score=0.51 (predicts 0 uncovered fns)
2026-06-01 22:49:34,651 INFO: CovBayes plan score=0.51 (predicts 0 uncovered fns)
2026-06-01 22:49:36,345 INFO: CovBayes plan score=1.51 (predicts 0 uncovered fns)
2026-06-01 22:49:38,952 INFO: CovBayes plan score=0.36 (predicts 0 uncovered fns)
2026-06-01 22:49:39,107 INFO: CovBayes plan score=1.51 (predicts 0 uncovered fns)
2026-06-01 22:49:43,293 INFO: CovBayes plan score=1.51 (predicts 0 uncovered fns)
2026-06-01 22:49:44,247 INFO: CovBayes plan score=0.36 (predicts 0 uncovered fns)
2026-06-01 22:49:47,267 INFO: CovBayes plan score=2.99 (predicts 9 uncovered fns)
2026-06-01 22:49:49,107 INFO: CovBayes plan score=1.51 (predicts 0 uncovered fns)
2026-06-01 22:49:49,523 INFO: CovBayes plan score=2.54 (predicts 7 uncovered fns)
2026-06-01 22:49:52,560 INFO: CovBayes plan score=1.83 (predicts 1 uncovered fns)
2026-06-01 22:49:52,966 INFO: CovBayes plan score=4.07 (predicts 10 uncovered fns)
2026-06-01 22:49:58,647 INFO: CovBayes plan score=1.51 (predicts 0 uncovered fns)
2026-06-01 22:50:01,680 INFO: CovBayes plan score=0.00 (predicts 3 uncovered fns)
2026-06-01 22:50:02,546 INFO: CovBayes plan score=0.00 (predicts 3 uncovered fns)
2026-06-01 22:50:03,001 INFO: CovBayes plan score=1.51 (predicts 0 uncovered fns)
2026-06-01 22:50:03,295 INFO: CovBayes plan score=1.83 (predicts 1 uncovered fns)
2026-06-01 22:50:03,413 INFO: CovBayes plan score=0.00 (predicts 3 uncovered fns)
2026-06-01 22:50:04,336 INFO: CovBayes plan score=0.00 (predicts 3 uncovered fns)
2026-06-01 22:50:04,892 INFO: CovBayes plan score=0.51 (predicts 0 uncovered fns)
2026-06-01 22:50:05,169 INFO: CovBayes plan score=0.00 (predicts 3 uncovered fns)
2026-06-01 22:50:05,971 INFO: CovBayes plan score=0.00 (predicts 3 uncovered fns)
2026-06-01 22:50:06,313 INFO: CovBayes plan score=0.51 (predicts 0 uncovered fns)
2026-06-01 22:50:06,785 INFO: CovBayes plan score=0.00 (predicts 3 uncovered fns)
2026-06-01 22:50:07,558 INFO: CovBayes plan score=0.00 (predicts 3 uncovered fns)
2026-06-01 22:50:07,850 INFO: CovBayes plan score=0.51 (predicts 0 uncovered fns)
2026-06-01 22:50:09,387 INFO: CovBayes plan score=0.51 (predicts 0 uncovered fns)
2026-06-01 22:50:10,845 INFO: CovBayes plan score=0.51 (predicts 0 uncovered fns)
2026-06-01 22:50:12,449 INFO: CovBayes plan score=0.51 (predicts 0 uncovered fns)
2026-06-01 22:50:13,979 INFO: CovBayes plan score=0.51 (predicts 0 uncovered fns)
2026-06-01 22:50:15,581 INFO: CovBayes plan score=0.51 (predicts 0 uncovered fns)
2026-06-01 22:50:22,963 INFO: CovBayes plan score=1.27 (predicts 3 uncovered fns)
2026-06-01 22:50:23,314 INFO: CovBayes plan score=0.50 (predicts 1 uncovered fns)
2026-06-01 22:50:24,521 INFO: CovBayes plan score=1.70 (predicts 4 uncovered fns)
2026-06-01 22:50:29,591 INFO: CovBayes plan score=4.17 (predicts 6 uncovered fns)
2026-06-01 22:50:29,922 INFO: CovBayes plan score=1.75 (predicts 1 uncovered fns)
2026-06-01 22:50:32,676 INFO: CovBayes plan score=1.51 (predicts 0 uncovered fns)
2026-06-01 22:50:34,082 INFO: CovBayes plan score=0.18 (predicts 0 uncovered fns)
2026-06-01 22:50:35,276 INFO: CovBayes plan score=1.51 (predicts 0 uncovered fns)
2026-06-01 22:50:35,943 INFO: CovBayes plan score=0.00 (predicts 3 uncovered fns)
2026-06-01 22:50:36,716 INFO: CovBayes plan score=0.00 (predicts 3 uncovered fns)
2026-06-01 22:50:36,717 INFO: CovBayes plan score=1.51 (predicts 0 uncovered fns)
2026-06-01 22:50:37,045 INFO: CovBayes plan score=1.75 (predicts 1 uncovered fns)
2026-06-01 22:50:37,334 INFO: CovBayes plan score=1.75 (predicts 1 uncovered fns)
2026-06-01 22:50:37,592 INFO: CovBayes plan score=0.00 (predicts 3 uncovered fns)
2026-06-01 22:50:37,614 INFO: CovBayes plan score=1.75 (predicts 1 uncovered fns)
2026-06-01 22:50:38,359 INFO: CovBayes plan score=0.00 (predicts 3 uncovered fns)
2026-06-01 22:50:39,123 INFO: CovBayes plan score=0.00 (predicts 3 uncovered fns)
2026-06-01 22:50:39,298 INFO: CovBayes plan score=0.18 (predicts 0 uncovered fns)
2026-06-01 22:50:39,603 INFO: CovBayes plan score=0.50 (predicts 1 uncovered fns)
2026-06-01 22:50:39,925 INFO: CovBayes plan score=0.00 (predicts 3 uncovered fns)
2026-06-01 22:50:40,645 INFO: CovBayes plan score=0.00 (predicts 3 uncovered fns)
2026-06-01 22:50:41,134 INFO: CovBayes plan score=2.10 (predicts 6 uncovered fns)
2026-06-01 22:50:41,381 INFO: CovBayes plan score=0.00 (predicts 3 uncovered fns)
2026-06-01 22:50:42,094 INFO: CovBayes plan score=1.95 (predicts 4 uncovered fns)
2026-06-01 22:50:43,531 INFO: CovBayes plan score=0.51 (predicts 0 uncovered fns)
2026-06-01 22:50:44,610 INFO: CovBayes plan score=0.51 (predicts 0 uncovered fns)
2026-06-01 22:50:45,855 INFO: CovBayes plan score=0.51 (predicts 0 uncovered fns)
2026-06-01 22:50:46,986 INFO: CovBayes plan score=0.51 (predicts 0 uncovered fns)
2026-06-01 22:50:48,070 INFO: CovBayes plan score=0.51 (predicts 0 uncovered fns)
2026-06-01 22:50:49,677 INFO: CovBayes plan score=0.51 (predicts 0 uncovered fns)
2026-06-01 22:50:50,822 INFO: CovBayes plan score=0.51 (predicts 0 uncovered fns)
  [70/93] pydantic.functional_serializers seed=42: {'divhints_random': 22, 'divhints_oracle': 22, 'cov_bayes': 22}
2026-06-01 22:50:52,378 INFO: CovBayes plan score=0.51 (predicts 0 uncovered fns)
2026-06-01 22:51:11,545 INFO: CovBayes plan score=1.48 (predicts 0 uncovered fns)
2026-06-01 22:51:13,952 INFO: CovBayes plan score=1.48 (predicts 0 uncovered fns)
2026-06-01 22:51:14,282 INFO: CovBayes plan score=0.40 (predicts 1 uncovered fns)
2026-06-01 22:51:14,305 INFO: CovBayes plan score=1.67 (predicts 1 uncovered fns)
2026-06-01 22:51:14,656 INFO: CovBayes plan score=1.67 (predicts 1 uncovered fns)
2026-06-01 22:51:14,657 INFO: CovBayes plan score=0.40 (predicts 1 uncovered fns)
2026-06-01 22:51:15,890 INFO: CovBayes plan score=1.16 (predicts 4 uncovered fns)
2026-06-01 22:51:18,411 INFO: CovBayes plan score=1.48 (predicts 0 uncovered fns)
2026-06-01 22:51:18,701 INFO: CovBayes plan score=1.67 (predicts 1 uncovered fns)
2026-06-01 22:51:18,989 INFO: CovBayes plan score=1.67 (predicts 1 uncovered fns)
2026-06-01 22:51:20,643 INFO: CovBayes plan score=0.51 (predicts 0 uncovered fns)
2026-06-01 22:51:20,734 INFO: CovBayes plan score=1.37 (predicts 5 uncovered fns)
2026-06-01 22:51:22,061 INFO: CovBayes plan score=0.51 (predicts 0 uncovered fns)
2026-06-01 22:51:23,401 INFO: CovBayes plan score=0.51 (predicts 0 uncovered fns)
2026-06-01 22:51:23,486 INFO: CovBayes plan score=1.48 (predicts 0 uncovered fns)
2026-06-01 22:51:24,749 INFO: CovBayes plan score=0.51 (predicts 0 uncovered fns)
2026-06-01 22:51:25,847 INFO: CovBayes plan score=0.15 (predicts 0 uncovered fns)
2026-06-01 22:51:26,170 INFO: CovBayes plan score=0.40 (predicts 1 uncovered fns)
2026-06-01 22:51:26,478 INFO: CovBayes plan score=0.51 (predicts 0 uncovered fns)
2026-06-01 22:51:26,481 INFO: CovBayes plan score=0.40 (predicts 1 uncovered fns)
2026-06-01 22:51:26,841 INFO: CovBayes plan score=0.40 (predicts 1 uncovered fns)
2026-06-01 22:51:27,805 INFO: CovBayes plan score=0.51 (predicts 0 uncovered fns)
2026-06-01 22:51:29,779 INFO: CovBayes plan score=0.51 (predicts 0 uncovered fns)
2026-06-01 22:51:31,117 INFO: CovBayes plan score=0.51 (predicts 0 uncovered fns)
  [71/93] werkzeug.http seed=42: {'divhints_random': 22, 'divhints_oracle': 26, 'cov_bayes': 22}
2026-06-01 22:51:50,658 INFO: CovBayes plan score=1.64 (predicts 1 uncovered fns)
2026-06-01 22:51:50,955 INFO: CovBayes plan score=1.64 (predicts 1 uncovered fns)
2026-06-01 22:51:54,748 INFO: CovBayes plan score=1.48 (predicts 0 uncovered fns)
2026-06-01 22:51:55,068 INFO: CovBayes plan score=1.64 (predicts 1 uncovered fns)
2026-06-01 22:51:58,981 INFO: CovBayes plan score=1.04 (predicts 3 uncovered fns)
2026-06-01 22:51:59,252 INFO: CovBayes plan score=1.48 (predicts 0 uncovered fns)
2026-06-01 22:51:59,549 INFO: CovBayes plan score=1.64 (predicts 1 uncovered fns)
2026-06-01 22:51:59,805 INFO: CovBayes plan score=0.84 (predicts 3 uncovered fns)
2026-06-01 22:52:03,667 INFO: CovBayes plan score=1.48 (predicts 0 uncovered fns)
2026-06-01 22:52:06,876 INFO: CovBayes plan score=1.48 (predicts 0 uncovered fns)
2026-06-01 22:52:06,923 INFO: CovBayes plan score=1.59 (predicts 5 uncovered fns)
2026-06-01 22:52:07,830 INFO: CovBayes plan score=0.84 (predicts 3 uncovered fns)
2026-06-01 22:52:14,517 INFO: CovBayes plan score=0.12 (predicts 0 uncovered fns)
2026-06-01 22:52:15,499 INFO: CovBayes plan score=0.93 (predicts 4 uncovered fns)
2026-06-01 22:52:15,805 INFO: CovBayes plan score=0.32 (predicts 1 uncovered fns)
2026-06-01 22:52:16,706 INFO: CovBayes plan score=0.74 (predicts 3 uncovered fns)
2026-06-01 22:52:33,356 INFO: CovBayes plan score=1.48 (predicts 0 uncovered fns)
2026-06-01 22:52:33,682 INFO: CovBayes plan score=1.62 (predicts 1 uncovered fns)
2026-06-01 22:52:36,278 INFO: CovBayes plan score=1.48 (predicts 0 uncovered fns)
2026-06-01 22:52:36,620 INFO: CovBayes plan score=1.62 (predicts 1 uncovered fns)
2026-06-01 22:52:41,285 INFO: CovBayes plan score=1.48 (predicts 0 uncovered fns)
2026-06-01 22:52:45,919 INFO: CovBayes plan score=1.62 (predicts 1 uncovered fns)
2026-06-01 22:52:49,026 INFO: CovBayes plan score=1.48 (predicts 0 uncovered fns)
2026-06-01 22:52:52,902 INFO: CovBayes plan score=1.48 (predicts 0 uncovered fns)
2026-06-01 22:52:59,922 INFO: CovBayes plan score=0.10 (predicts 0 uncovered fns)
2026-06-01 22:53:04,099 INFO: CovBayes plan score=0.44 (predicts 2 uncovered fns)
2026-06-01 22:53:10,373 INFO: CovBayes plan score=1.32 (predicts 5 uncovered fns)
2026-06-01 22:53:14,955 INFO: CovBayes plan score=0.47 (predicts 2 uncovered fns)
2026-06-01 22:53:15,978 INFO: CovBayes plan score=0.98 (predicts 4 uncovered fns)
2026-06-01 22:53:20,590 INFO: CovBayes plan score=1.48 (predicts 0 uncovered fns)
2026-06-01 22:53:20,896 INFO: CovBayes plan score=1.60 (predicts 1 uncovered fns)
2026-06-01 22:53:21,411 INFO: CovBayes plan score=4.23 (predicts 6 uncovered fns)
2026-06-01 22:53:22,233 INFO: CovBayes plan score=3.26 (predicts 4 uncovered fns)
2026-06-01 22:53:23,218 INFO: CovBayes plan score=3.26 (predicts 4 uncovered fns)
2026-06-01 22:53:23,688 INFO: CovBayes plan score=1.31 (predicts 2 uncovered fns)
2026-06-01 22:53:24,576 INFO: CovBayes plan score=0.10 (predicts 0 uncovered fns)
2026-06-01 22:53:24,677 INFO: CovBayes plan score=1.48 (predicts 0 uncovered fns)
2026-06-01 22:53:24,973 INFO: CovBayes plan score=3.74 (predicts 5 uncovered fns)
2026-06-01 22:53:24,995 INFO: CovBayes plan score=1.60 (predicts 1 uncovered fns)
2026-06-01 22:53:25,695 INFO: CovBayes plan score=1.80 (predicts 3 uncovered fns)
2026-06-01 22:53:25,793 INFO: CovBayes plan score=1.60 (predicts 1 uncovered fns)
2026-06-01 22:53:25,836 INFO: CovBayes plan score=0.96 (predicts 4 uncovered fns)
2026-06-01 22:53:26,916 INFO: CovBayes plan score=3.26 (predicts 4 uncovered fns)
2026-06-01 22:53:27,427 INFO: CovBayes plan score=1.31 (predicts 2 uncovered fns)
2026-06-01 22:53:28,791 INFO: CovBayes plan score=1.48 (predicts 0 uncovered fns)
2026-06-01 22:53:31,943 INFO: CovBayes plan score=1.48 (predicts 0 uncovered fns)
2026-06-01 22:53:31,967 INFO: CovBayes plan score=0.98 (predicts 4 uncovered fns)
2026-06-01 22:53:36,641 INFO: CovBayes plan score=1.48 (predicts 0 uncovered fns)
  [72/93] werkzeug.datastructures.structures seed=42: {'divhints_random': 23, 'divhints_oracle': 23, 'cov_bayes': 13}
2026-06-01 22:53:58,496 INFO: CovBayes plan score=0.58 (predicts 3 uncovered fns)
2026-06-01 22:54:00,955 INFO: CovBayes plan score=3.07 (predicts 8 uncovered fns)
2026-06-01 22:54:03,166 INFO: CovBayes plan score=2.14 (predicts 8 uncovered fns)
2026-06-01 22:54:04,460 INFO: CovBayes plan score=1.85 (predicts 5 uncovered fns)
2026-06-01 22:54:09,990 INFO: CovBayes plan score=0.09 (predicts 0 uncovered fns)
2026-06-01 22:54:10,979 INFO: CovBayes plan score=1.48 (predicts 4 uncovered fns)
2026-06-01 22:54:18,517 INFO: CovBayes plan score=0.55 (predicts 3 uncovered fns)
2026-06-01 22:54:18,795 INFO: CovBayes plan score=0.00 (predicts 14 uncovered fns)
2026-06-01 22:54:21,308 INFO: CovBayes plan score=2.54 (predicts 9 uncovered fns)
2026-06-01 22:54:25,013 INFO: CovBayes plan score=3.78 (predicts 13 uncovered fns)
2026-06-01 22:54:26,161 INFO: CovBayes plan score=0.70 (predicts 4 uncovered fns)
2026-06-01 22:54:33,639 INFO: CovBayes plan score=0.32 (predicts 2 uncovered fns)
2026-06-01 22:54:40,873 INFO: CovBayes plan score=1.17 (predicts 5 uncovered fns)
2026-06-01 22:54:48,600 INFO: CovBayes plan score=0.60 (predicts 3 uncovered fns)
2026-06-01 22:54:53,159 INFO: CovBayes plan score=0.09 (predicts 0 uncovered fns)
2026-06-01 22:54:53,715 INFO: CovBayes plan score=0.45 (predicts 2 uncovered fns)
2026-06-01 22:54:54,085 INFO: CovBayes plan score=0.96 (predicts 3 uncovered fns)
2026-06-01 22:54:57,564 INFO: CovBayes plan score=1.06 (predicts 14 uncovered fns)
2026-06-01 22:55:05,007 INFO: CovBayes plan score=0.63 (predicts 14 uncovered fns)
2026-06-01 22:55:06,940 INFO: CovBayes plan score=1.57 (predicts 6 uncovered fns)
2026-06-01 22:55:10,273 INFO: CovBayes plan score=0.14 (predicts 0 uncovered fns)
2026-06-01 22:55:12,077 INFO: CovBayes plan score=1.70 (predicts 6 uncovered fns)
2026-06-01 22:55:17,250 INFO: CovBayes plan score=1.03 (predicts 3 uncovered fns)
2026-06-01 22:55:20,915 INFO: CovBayes plan score=1.06 (predicts 14 uncovered fns)
2026-06-01 22:55:31,354 INFO: CovBayes plan score=0.08 (predicts 0 uncovered fns)
2026-06-01 22:55:35,630 INFO: CovBayes plan score=0.00 (predicts 10 uncovered fns)
2026-06-01 22:55:36,189 INFO: CovBayes plan score=0.42 (predicts 2 uncovered fns)
2026-06-01 22:55:39,702 INFO: CovBayes plan score=0.74 (predicts 4 uncovered fns)
2026-06-01 22:55:40,239 INFO: CovBayes plan score=0.42 (predicts 2 uncovered fns)
2026-06-01 22:55:40,776 INFO: CovBayes plan score=0.42 (predicts 2 uncovered fns)
2026-06-01 22:55:43,161 INFO: CovBayes plan score=0.08 (predicts 0 uncovered fns)
2026-06-01 22:55:46,022 INFO: CovBayes plan score=0.99 (predicts 4 uncovered fns)
2026-06-01 22:55:48,302 INFO: CovBayes plan score=0.08 (predicts 0 uncovered fns)
2026-06-01 22:55:49,755 INFO: CovBayes plan score=0.87 (predicts 14 uncovered fns)
2026-06-01 22:55:56,300 INFO: CovBayes plan score=1.64 (predicts 8 uncovered fns)
  [73/93] werkzeug.serving seed=42: {'divhints_random': 20, 'divhints_oracle': 100, 'cov_bayes': 102}
2026-06-01 22:56:02,488 INFO: CovBayes plan score=0.78 (predicts 3 uncovered fns)
2026-06-01 22:56:03,240 INFO: CovBayes plan score=1.48 (predicts 2 uncovered fns)
2026-06-01 22:56:03,646 INFO: CovBayes plan score=1.48 (predicts 2 uncovered fns)
2026-06-01 22:56:04,045 INFO: CovBayes plan score=1.48 (predicts 2 uncovered fns)
2026-06-01 22:56:04,431 INFO: CovBayes plan score=1.48 (predicts 2 uncovered fns)
2026-06-01 22:56:04,799 INFO: CovBayes plan score=1.48 (predicts 2 uncovered fns)
2026-06-01 22:56:05,177 INFO: CovBayes plan score=1.48 (predicts 2 uncovered fns)
2026-06-01 22:56:05,547 INFO: CovBayes plan score=1.48 (predicts 2 uncovered fns)
2026-06-01 22:56:05,912 INFO: CovBayes plan score=1.48 (predicts 2 uncovered fns)
2026-06-01 22:56:05,928 INFO: CovBayes plan score=0.45 (predicts 14 uncovered fns)
2026-06-01 22:56:09,789 INFO: CovBayes plan score=0.00 (predicts 14 uncovered fns)
2026-06-01 22:56:13,176 INFO: CovBayes plan score=1.22 (predicts 14 uncovered fns)
2026-06-01 22:56:14,877 INFO: CovBayes plan score=1.19 (predicts 8 uncovered fns)
2026-06-01 22:56:37,689 INFO: CovBayes plan score=0.47 (predicts 0 uncovered fns)
2026-06-01 22:56:43,511 INFO: CovBayes plan score=0.80 (predicts 4 uncovered fns)
2026-06-01 22:56:44,283 INFO: CovBayes plan score=0.40 (predicts 2 uncovered fns)
2026-06-01 22:56:44,998 INFO: CovBayes plan score=0.47 (predicts 0 uncovered fns)
2026-06-01 22:56:45,417 INFO: CovBayes plan score=0.53 (predicts 3 uncovered fns)
2026-06-01 22:56:46,408 INFO: CovBayes plan score=0.56 (predicts 3 uncovered fns)
2026-06-01 22:56:47,509 INFO: CovBayes plan score=0.53 (predicts 3 uncovered fns)
2026-06-01 22:56:48,482 INFO: CovBayes plan score=0.47 (predicts 0 uncovered fns)
2026-06-01 22:56:49,214 INFO: CovBayes plan score=0.94 (predicts 5 uncovered fns)
2026-06-01 22:56:50,249 INFO: CovBayes plan score=0.53 (predicts 3 uncovered fns)
2026-06-01 22:56:53,401 INFO: CovBayes plan score=0.47 (predicts 0 uncovered fns)
2026-06-01 22:56:56,219 INFO: CovBayes plan score=0.09 (predicts 0 uncovered fns)
2026-06-01 22:56:59,599 INFO: CovBayes plan score=0.47 (predicts 0 uncovered fns)
2026-06-01 22:57:02,917 INFO: CovBayes plan score=0.47 (predicts 0 uncovered fns)
2026-06-01 22:57:07,921 INFO: CovBayes plan score=0.47 (predicts 0 uncovered fns)
2026-06-01 22:57:11,126 INFO: CovBayes plan score=0.47 (predicts 0 uncovered fns)
2026-06-01 22:57:29,605 INFO: CovBayes plan score=0.06 (predicts 4 uncovered fns)
2026-06-01 22:57:33,976 INFO: CovBayes plan score=0.27 (predicts 3 uncovered fns)
2026-06-01 22:57:34,673 INFO: CovBayes plan score=0.53 (predicts 3 uncovered fns)
2026-06-01 22:57:35,373 INFO: CovBayes plan score=0.47 (predicts 3 uncovered fns)
2026-06-01 22:57:36,093 INFO: CovBayes plan score=0.50 (predicts 3 uncovered fns)
2026-06-01 22:57:36,782 INFO: CovBayes plan score=0.43 (predicts 3 uncovered fns)
2026-06-01 22:57:37,460 INFO: CovBayes plan score=0.53 (predicts 3 uncovered fns)
2026-06-01 22:57:37,904 INFO: CovBayes plan score=0.41 (predicts 2 uncovered fns)
2026-06-01 22:57:38,367 INFO: CovBayes plan score=0.47 (predicts 0 uncovered fns)
2026-06-01 22:57:42,510 INFO: CovBayes plan score=0.47 (predicts 0 uncovered fns)
2026-06-01 22:57:48,321 INFO: CovBayes plan score=0.47 (predicts 0 uncovered fns)
2026-06-01 22:57:55,367 INFO: CovBayes plan score=0.47 (predicts 0 uncovered fns)
2026-06-01 22:57:57,804 INFO: CovBayes plan score=0.47 (predicts 0 uncovered fns)
2026-06-01 22:57:58,183 INFO: CovBayes plan score=0.47 (predicts 0 uncovered fns)
2026-06-01 22:58:00,590 INFO: CovBayes plan score=0.47 (predicts 0 uncovered fns)
2026-06-01 22:58:01,501 INFO: CovBayes plan score=0.72 (predicts 5 uncovered fns)
2026-06-01 22:58:02,550 INFO: CovBayes plan score=0.60 (predicts 4 uncovered fns)
2026-06-01 22:58:04,913 INFO: CovBayes plan score=1.32 (predicts 10 uncovered fns)
2026-06-01 22:58:06,363 INFO: CovBayes plan score=0.47 (predicts 0 uncovered fns)
2026-06-01 22:58:07,928 INFO: CovBayes plan score=0.05 (predicts 11 uncovered fns)
2026-06-01 22:58:08,500 INFO: CovBayes plan score=0.36 (predicts 2 uncovered fns)
2026-06-01 22:58:09,336 INFO: CovBayes plan score=0.49 (predicts 3 uncovered fns)
2026-06-01 22:58:14,515 INFO: CovBayes plan score=0.30 (predicts 2 uncovered fns)
2026-06-01 22:58:15,527 INFO: CovBayes plan score=0.49 (predicts 3 uncovered fns)
2026-06-01 22:58:34,689 INFO: CovBayes plan score=0.47 (predicts 0 uncovered fns)
2026-06-01 22:58:39,580 INFO: CovBayes plan score=0.47 (predicts 0 uncovered fns)
2026-06-01 22:58:42,785 INFO: CovBayes plan score=0.04 (predicts 11 uncovered fns)
2026-06-01 22:58:43,490 INFO: CovBayes plan score=0.41 (predicts 3 uncovered fns)
2026-06-01 22:58:43,774 INFO: CovBayes plan score=0.47 (predicts 0 uncovered fns)
2026-06-01 22:58:46,189 INFO: CovBayes plan score=0.47 (predicts 0 uncovered fns)
2026-06-01 22:58:47,439 INFO: CovBayes plan score=0.23 (predicts 1 uncovered fns)
2026-06-01 22:58:49,291 INFO: CovBayes plan score=0.47 (predicts 0 uncovered fns)
2026-06-01 22:58:50,537 INFO: CovBayes plan score=0.23 (predicts 1 uncovered fns)
2026-06-01 22:58:53,063 INFO: CovBayes plan score=0.47 (predicts 0 uncovered fns)
2026-06-01 22:58:54,884 INFO: CovBayes plan score=0.23 (predicts 1 uncovered fns)
2026-06-01 22:58:56,931 INFO: CovBayes plan score=0.92 (predicts 10 uncovered fns)
2026-06-01 22:58:57,391 INFO: CovBayes plan score=0.29 (predicts 2 uncovered fns)
2026-06-01 22:58:58,205 INFO: CovBayes plan score=0.51 (predicts 4 uncovered fns)
2026-06-01 22:58:58,718 INFO: CovBayes plan score=0.47 (predicts 0 uncovered fns)
2026-06-01 22:59:01,845 INFO: CovBayes plan score=0.47 (predicts 0 uncovered fns)
  [74/93] werkzeug.routing.map seed=42: {'divhints_random': 67, 'divhints_oracle': 72, 'cov_bayes': 67}
2026-06-01 22:59:30,297 INFO: CovBayes plan score=0.47 (predicts 0 uncovered fns)
2026-06-01 22:59:34,335 INFO: CovBayes plan score=0.47 (predicts 0 uncovered fns)
2026-06-01 22:59:37,349 INFO: CovBayes plan score=0.47 (predicts 0 uncovered fns)
2026-06-01 22:59:40,988 INFO: CovBayes plan score=0.47 (predicts 0 uncovered fns)
2026-06-01 22:59:44,489 INFO: CovBayes plan score=0.47 (predicts 0 uncovered fns)
2026-06-01 22:59:48,111 INFO: CovBayes plan score=0.47 (predicts 0 uncovered fns)
2026-06-01 22:59:53,189 INFO: CovBayes plan score=0.47 (predicts 0 uncovered fns)
2026-06-01 22:59:55,397 INFO: CovBayes plan score=0.47 (predicts 0 uncovered fns)
2026-06-01 23:00:00,940 INFO: CovBayes plan score=4.25 (predicts 8 uncovered fns)
2026-06-01 23:00:01,626 INFO: CovBayes plan score=2.32 (predicts 3 uncovered fns)
2026-06-01 23:00:02,102 INFO: CovBayes plan score=1.34 (predicts 2 uncovered fns)
2026-06-01 23:00:02,371 INFO: CovBayes plan score=0.86 (predicts 1 uncovered fns)
2026-06-01 23:00:03,003 INFO: CovBayes plan score=1.83 (predicts 2 uncovered fns)
2026-06-01 23:00:03,297 INFO: CovBayes plan score=0.86 (predicts 1 uncovered fns)
2026-06-01 23:00:03,823 INFO: CovBayes plan score=1.34 (predicts 2 uncovered fns)
2026-06-01 23:00:04,577 INFO: CovBayes plan score=2.32 (predicts 3 uncovered fns)
2026-06-01 23:00:23,502 INFO: CovBayes plan score=0.47 (predicts 0 uncovered fns)
2026-06-01 23:00:24,248 INFO: CovBayes plan score=0.47 (predicts 0 uncovered fns)
2026-06-01 23:00:26,595 INFO: CovBayes plan score=3.20 (predicts 8 uncovered fns)
2026-06-01 23:00:27,057 INFO: CovBayes plan score=2.71 (predicts 7 uncovered fns)
2026-06-01 23:00:27,467 INFO: CovBayes plan score=0.47 (predicts 0 uncovered fns)
2026-06-01 23:00:27,735 INFO: CovBayes plan score=3.00 (predicts 8 uncovered fns)
2026-06-01 23:00:27,990 INFO: CovBayes plan score=2.22 (predicts 6 uncovered fns)
2026-06-01 23:00:29,749 INFO: CovBayes plan score=2.71 (predicts 7 uncovered fns)
2026-06-01 23:00:30,212 INFO: CovBayes plan score=2.71 (predicts 7 uncovered fns)
2026-06-01 23:00:31,420 INFO: CovBayes plan score=3.48 (predicts 9 uncovered fns)
2026-06-01 23:00:31,633 INFO: CovBayes plan score=0.47 (predicts 0 uncovered fns)
2026-06-01 23:00:32,085 INFO: CovBayes plan score=1.54 (predicts 3 uncovered fns)
2026-06-01 23:00:33,578 INFO: CovBayes plan score=0.47 (predicts 0 uncovered fns)
2026-06-01 23:00:36,642 INFO: CovBayes plan score=0.47 (predicts 0 uncovered fns)
2026-06-01 23:00:39,834 INFO: CovBayes plan score=0.47 (predicts 0 uncovered fns)
2026-06-01 23:00:43,067 INFO: CovBayes plan score=0.47 (predicts 0 uncovered fns)
2026-06-01 23:00:55,924 INFO: CovBayes plan score=0.94 (predicts 3 uncovered fns)
2026-06-01 23:00:56,442 INFO: CovBayes plan score=0.76 (predicts 2 uncovered fns)
2026-06-01 23:01:00,609 INFO: CovBayes plan score=0.70 (predicts 2 uncovered fns)
2026-06-01 23:01:01,112 INFO: CovBayes plan score=0.68 (predicts 2 uncovered fns)
2026-06-01 23:01:01,607 INFO: CovBayes plan score=0.70 (predicts 2 uncovered fns)
2026-06-01 23:01:02,098 INFO: CovBayes plan score=0.83 (predicts 2 uncovered fns)
2026-06-01 23:01:02,579 INFO: CovBayes plan score=0.83 (predicts 2 uncovered fns)
2026-06-01 23:01:03,063 INFO: CovBayes plan score=0.70 (predicts 2 uncovered fns)
2026-06-01 23:01:08,289 INFO: CovBayes plan score=0.47 (predicts 0 uncovered fns)
2026-06-01 23:01:12,419 INFO: CovBayes plan score=0.47 (predicts 0 uncovered fns)
2026-06-01 23:01:15,660 INFO: CovBayes plan score=0.47 (predicts 0 uncovered fns)
2026-06-01 23:01:17,901 INFO: CovBayes plan score=0.47 (predicts 0 uncovered fns)
2026-06-01 23:01:18,167 INFO: CovBayes plan score=0.47 (predicts 0 uncovered fns)
2026-06-01 23:01:21,869 INFO: CovBayes plan score=0.47 (predicts 0 uncovered fns)
2026-06-01 23:01:23,789 INFO: CovBayes plan score=0.45 (predicts 1 uncovered fns)
2026-06-01 23:01:25,739 INFO: CovBayes plan score=0.66 (predicts 2 uncovered fns)
2026-06-01 23:01:26,215 INFO: CovBayes plan score=0.56 (predicts 2 uncovered fns)
2026-06-01 23:01:26,647 INFO: CovBayes plan score=0.47 (predicts 0 uncovered fns)
2026-06-01 23:01:26,687 INFO: CovBayes plan score=0.66 (predicts 2 uncovered fns)
2026-06-01 23:01:27,142 INFO: CovBayes plan score=0.41 (predicts 2 uncovered fns)
2026-06-01 23:01:27,596 INFO: CovBayes plan score=0.61 (predicts 2 uncovered fns)
2026-06-01 23:01:30,316 INFO: CovBayes plan score=0.61 (predicts 2 uncovered fns)
2026-06-01 23:01:30,999 INFO: CovBayes plan score=0.56 (predicts 2 uncovered fns)
2026-06-01 23:01:31,492 INFO: CovBayes plan score=0.66 (predicts 2 uncovered fns)
2026-06-01 23:01:51,545 INFO: CovBayes plan score=0.36 (predicts 2 uncovered fns)
2026-06-01 23:01:51,971 INFO: CovBayes plan score=0.48 (predicts 2 uncovered fns)
2026-06-01 23:01:52,363 INFO: CovBayes plan score=0.56 (predicts 2 uncovered fns)
2026-06-01 23:01:52,586 INFO: CovBayes plan score=1.38 (predicts 5 uncovered fns)
2026-06-01 23:01:53,147 INFO: CovBayes plan score=1.69 (predicts 7 uncovered fns)
2026-06-01 23:01:53,538 INFO: CovBayes plan score=0.56 (predicts 2 uncovered fns)
2026-06-01 23:01:57,464 INFO: CovBayes plan score=0.00 (predicts 31 uncovered fns)
2026-06-01 23:01:58,859 INFO: CovBayes plan score=0.17 (predicts 0 uncovered fns)
2026-06-01 23:01:59,307 INFO: CovBayes plan score=0.36 (predicts 2 uncovered fns)
2026-06-01 23:01:59,750 INFO: CovBayes plan score=0.47 (predicts 0 uncovered fns)
2026-06-01 23:02:05,224 INFO: CovBayes plan score=0.47 (predicts 0 uncovered fns)
2026-06-01 23:02:05,432 INFO: CovBayes plan score=0.47 (predicts 0 uncovered fns)
2026-06-01 23:02:09,034 INFO: CovBayes plan score=0.47 (predicts 0 uncovered fns)
2026-06-01 23:02:16,178 INFO: CovBayes plan score=0.00 (predicts 31 uncovered fns)
2026-06-01 23:02:17,309 INFO: CovBayes plan score=0.42 (predicts 2 uncovered fns)
2026-06-01 23:02:19,381 INFO: CovBayes plan score=0.47 (predicts 0 uncovered fns)
2026-06-01 23:02:20,259 INFO: CovBayes plan score=0.18 (predicts 2 uncovered fns)
2026-06-01 23:02:20,882 INFO: CovBayes plan score=0.42 (predicts 2 uncovered fns)
2026-06-01 23:02:21,418 INFO: CovBayes plan score=0.48 (predicts 2 uncovered fns)
2026-06-01 23:02:23,886 INFO: CovBayes plan score=3.38 (predicts 6 uncovered fns)
2026-06-01 23:02:24,746 INFO: CovBayes plan score=0.18 (predicts 2 uncovered fns)
2026-06-01 23:02:27,263 INFO: CovBayes plan score=0.18 (predicts 2 uncovered fns)
2026-06-01 23:02:27,755 INFO: CovBayes plan score=0.48 (predicts 2 uncovered fns)
2026-06-01 23:02:28,257 INFO: CovBayes plan score=0.48 (predicts 2 uncovered fns)
  [75/93] werkzeug.routing.rules seed=42: {'divhints_random': 16, 'divhints_oracle': 16, 'cov_bayes': 16}
2026-06-01 23:02:32,497 INFO: CovBayes plan score=2.08 (predicts 3 uncovered fns)
2026-06-01 23:02:33,135 INFO: CovBayes plan score=2.08 (predicts 3 uncovered fns)
2026-06-01 23:02:33,591 INFO: CovBayes plan score=1.60 (predicts 2 uncovered fns)
2026-06-01 23:02:34,479 INFO: CovBayes plan score=3.54 (predicts 4 uncovered fns)
2026-06-01 23:02:35,303 INFO: CovBayes plan score=2.57 (predicts 4 uncovered fns)
2026-06-01 23:02:36,045 INFO: CovBayes plan score=2.08 (predicts 3 uncovered fns)
2026-06-01 23:02:41,378 INFO: CovBayes plan score=0.63 (predicts 0 uncovered fns)
2026-06-01 23:02:42,116 INFO: CovBayes plan score=2.08 (predicts 3 uncovered fns)
2026-06-01 23:02:49,107 INFO: CovBayes plan score=0.38 (predicts 2 uncovered fns)
2026-06-01 23:02:49,619 INFO: CovBayes plan score=0.38 (predicts 2 uncovered fns)
2026-06-01 23:02:56,716 INFO: CovBayes plan score=0.16 (predicts 0 uncovered fns)
2026-06-01 23:02:57,432 INFO: CovBayes plan score=0.44 (predicts 2 uncovered fns)
2026-06-01 23:02:58,037 INFO: CovBayes plan score=0.35 (predicts 2 uncovered fns)
2026-06-01 23:02:58,643 INFO: CovBayes plan score=0.38 (predicts 2 uncovered fns)
2026-06-01 23:02:59,251 INFO: CovBayes plan score=0.38 (predicts 2 uncovered fns)
2026-06-01 23:02:59,830 INFO: CovBayes plan score=0.29 (predicts 2 uncovered fns)
2026-06-01 23:03:04,962 INFO: CovBayes plan score=1.40 (predicts 2 uncovered fns)
2026-06-01 23:03:11,927 INFO: CovBayes plan score=0.44 (predicts 0 uncovered fns)
2026-06-01 23:03:16,671 INFO: CovBayes plan score=0.44 (predicts 0 uncovered fns)
2026-06-01 23:03:19,021 INFO: CovBayes plan score=0.28 (predicts 2 uncovered fns)
2026-06-01 23:03:20,865 INFO: CovBayes plan score=0.44 (predicts 0 uncovered fns)
2026-06-01 23:03:25,505 INFO: CovBayes plan score=0.44 (predicts 0 uncovered fns)
2026-06-01 23:03:26,642 INFO: CovBayes plan score=0.16 (predicts 0 uncovered fns)
2026-06-01 23:03:28,877 INFO: CovBayes plan score=0.20 (predicts 2 uncovered fns)
2026-06-01 23:03:29,338 INFO: CovBayes plan score=0.40 (predicts 2 uncovered fns)
2026-06-01 23:03:29,593 INFO: CovBayes plan score=1.13 (predicts 5 uncovered fns)
2026-06-01 23:03:30,028 INFO: CovBayes plan score=0.82 (predicts 1 uncovered fns)
2026-06-01 23:03:30,047 INFO: CovBayes plan score=0.40 (predicts 2 uncovered fns)
2026-06-01 23:03:30,519 INFO: CovBayes plan score=0.35 (predicts 2 uncovered fns)
2026-06-01 23:03:30,989 INFO: CovBayes plan score=0.28 (predicts 2 uncovered fns)
2026-06-01 23:03:34,726 INFO: CovBayes plan score=0.44 (predicts 0 uncovered fns)
  [76/93] werkzeug.exceptions seed=42: {'divhints_random': 22, 'divhints_oracle': 23, 'cov_bayes': 21}
2026-06-01 23:03:39,386 INFO: CovBayes plan score=1.49 (predicts 3 uncovered fns)
2026-06-01 23:04:10,870 INFO: CovBayes plan score=1.77 (predicts 4 uncovered fns)
2026-06-01 23:04:15,809 INFO: CovBayes plan score=0.42 (predicts 0 uncovered fns)
2026-06-01 23:04:20,665 INFO: CovBayes plan score=0.42 (predicts 0 uncovered fns)
2026-06-01 23:04:21,141 INFO: CovBayes plan score=0.91 (predicts 1 uncovered fns)
2026-06-01 23:04:26,605 INFO: CovBayes plan score=0.42 (predicts 0 uncovered fns)
2026-06-01 23:04:30,909 INFO: CovBayes plan score=1.32 (predicts 3 uncovered fns)
2026-06-01 23:04:38,474 INFO: CovBayes plan score=1.37 (predicts 3 uncovered fns)
2026-06-01 23:04:45,236 INFO: CovBayes plan score=0.42 (predicts 0 uncovered fns)
2026-06-01 23:05:15,995 INFO: CovBayes plan score=1.29 (predicts 3 uncovered fns)
2026-06-01 23:05:25,268 INFO: CovBayes plan score=0.41 (predicts 0 uncovered fns)
2026-06-01 23:05:31,973 INFO: CovBayes plan score=0.41 (predicts 0 uncovered fns)
2026-06-01 23:05:36,322 INFO: CovBayes plan score=0.41 (predicts 0 uncovered fns)
2026-06-01 23:05:43,259 INFO: CovBayes plan score=0.41 (predicts 0 uncovered fns)
2026-06-01 23:05:50,012 INFO: CovBayes plan score=0.41 (predicts 0 uncovered fns)
2026-06-01 23:05:58,446 INFO: CovBayes plan score=1.22 (predicts 3 uncovered fns)
2026-06-01 23:06:03,697 INFO: CovBayes plan score=0.41 (predicts 0 uncovered fns)
2026-06-01 23:06:26,161 INFO: CovBayes plan score=1.08 (predicts 3 uncovered fns)
2026-06-01 23:06:32,256 INFO: CovBayes plan score=0.40 (predicts 0 uncovered fns)
2026-06-01 23:06:39,545 INFO: CovBayes plan score=0.40 (predicts 0 uncovered fns)
2026-06-01 23:06:45,705 INFO: CovBayes plan score=0.40 (predicts 0 uncovered fns)
2026-06-01 23:06:50,054 INFO: CovBayes plan score=0.40 (predicts 0 uncovered fns)
2026-06-01 23:06:53,797 INFO: CovBayes plan score=0.40 (predicts 0 uncovered fns)
2026-06-01 23:06:58,291 INFO: CovBayes plan score=0.40 (predicts 0 uncovered fns)
2026-06-01 23:07:07,210 INFO: CovBayes plan score=0.40 (predicts 0 uncovered fns)
2026-06-01 23:07:22,993 INFO: CovBayes plan score=1.21 (predicts 2 uncovered fns)
2026-06-01 23:07:23,853 INFO: CovBayes plan score=1.69 (predicts 3 uncovered fns)
2026-06-01 23:07:24,713 INFO: CovBayes plan score=1.69 (predicts 3 uncovered fns)
2026-06-01 23:07:25,318 INFO: CovBayes plan score=1.21 (predicts 2 uncovered fns)
2026-06-01 23:07:25,901 INFO: CovBayes plan score=1.21 (predicts 2 uncovered fns)
2026-06-01 23:07:26,716 INFO: CovBayes plan score=1.69 (predicts 3 uncovered fns)
2026-06-01 23:07:27,767 INFO: CovBayes plan score=1.18 (predicts 4 uncovered fns)
2026-06-01 23:07:28,568 INFO: CovBayes plan score=1.69 (predicts 3 uncovered fns)
2026-06-01 23:07:34,776 INFO: CovBayes plan score=0.39 (predicts 0 uncovered fns)
2026-06-01 23:07:38,723 INFO: CovBayes plan score=0.39 (predicts 0 uncovered fns)
2026-06-01 23:07:42,797 INFO: CovBayes plan score=1.90 (predicts 2 uncovered fns)
2026-06-01 23:07:43,220 INFO: CovBayes plan score=1.90 (predicts 2 uncovered fns)
2026-06-01 23:07:43,722 INFO: CovBayes plan score=0.45 (predicts 0 uncovered fns)
2026-06-01 23:07:44,168 INFO: CovBayes plan score=1.42 (predicts 2 uncovered fns)
2026-06-01 23:07:46,371 INFO: CovBayes plan score=0.60 (predicts 2 uncovered fns)
2026-06-01 23:07:46,720 INFO: CovBayes plan score=0.94 (predicts 1 uncovered fns)
2026-06-01 23:07:47,142 INFO: CovBayes plan score=1.90 (predicts 2 uncovered fns)
2026-06-01 23:07:47,571 INFO: CovBayes plan score=1.42 (predicts 2 uncovered fns)
2026-06-01 23:07:48,187 INFO: CovBayes plan score=2.39 (predicts 3 uncovered fns)
2026-06-01 23:07:49,864 INFO: CovBayes plan score=0.39 (predicts 0 uncovered fns)
2026-06-01 23:07:53,524 INFO: CovBayes plan score=0.39 (predicts 0 uncovered fns)
2026-06-01 23:07:53,623 INFO: CovBayes plan score=0.00 (predicts 12 uncovered fns)
2026-06-01 23:07:54,320 INFO: CovBayes plan score=1.03 (predicts 3 uncovered fns)
2026-06-01 23:07:56,405 INFO: CovBayes plan score=0.18 (predicts 0 uncovered fns)
2026-06-01 23:07:57,652 INFO: CovBayes plan score=0.18 (predicts 0 uncovered fns)
2026-06-01 23:07:58,032 INFO: CovBayes plan score=0.39 (predicts 0 uncovered fns)
2026-06-01 23:07:59,250 INFO: CovBayes plan score=0.18 (predicts 0 uncovered fns)
2026-06-01 23:08:02,250 INFO: CovBayes plan score=0.18 (predicts 0 uncovered fns)
2026-06-01 23:08:02,657 INFO: CovBayes plan score=0.39 (predicts 0 uncovered fns)
2026-06-01 23:08:03,245 INFO: CovBayes plan score=0.18 (predicts 0 uncovered fns)
2026-06-01 23:08:04,629 INFO: CovBayes plan score=0.18 (predicts 0 uncovered fns)
2026-06-01 23:08:06,557 INFO: CovBayes plan score=0.18 (predicts 0 uncovered fns)
2026-06-01 23:08:17,048 INFO: CovBayes plan score=0.48 (predicts 2 uncovered fns)
2026-06-01 23:08:22,079 INFO: CovBayes plan score=0.00 (predicts 16 uncovered fns)
2026-06-01 23:08:22,457 INFO: CovBayes plan score=1.34 (predicts 1 uncovered fns)
2026-06-01 23:08:27,529 INFO: CovBayes plan score=0.00 (predicts 16 uncovered fns)
2026-06-01 23:08:30,071 INFO: CovBayes plan score=0.39 (predicts 0 uncovered fns)
2026-06-01 23:08:32,300 INFO: CovBayes plan score=0.00 (predicts 16 uncovered fns)
2026-06-01 23:08:32,617 INFO: CovBayes plan score=1.34 (predicts 1 uncovered fns)
2026-06-01 23:08:33,133 INFO: CovBayes plan score=1.38 (predicts 2 uncovered fns)
2026-06-01 23:08:33,155 INFO: CovBayes plan score=0.18 (predicts 0 uncovered fns)
2026-06-01 23:08:36,662 INFO: CovBayes plan score=0.00 (predicts 12 uncovered fns)
2026-06-01 23:08:36,908 INFO: CovBayes plan score=0.00 (predicts 16 uncovered fns)
2026-06-01 23:08:37,084 INFO: CovBayes plan score=0.39 (predicts 0 uncovered fns)
2026-06-01 23:08:37,655 INFO: CovBayes plan score=0.18 (predicts 0 uncovered fns)
2026-06-01 23:08:38,678 INFO: CovBayes plan score=0.18 (predicts 0 uncovered fns)
2026-06-01 23:08:40,046 INFO: CovBayes plan score=1.33 (predicts 5 uncovered fns)
2026-06-01 23:08:40,993 INFO: CovBayes plan score=0.18 (predicts 0 uncovered fns)
2026-06-01 23:08:43,558 INFO: CovBayes plan score=0.18 (predicts 0 uncovered fns)
2026-06-01 23:08:44,788 INFO: CovBayes plan score=0.18 (predicts 0 uncovered fns)
2026-06-01 23:08:45,824 INFO: CovBayes plan score=0.18 (predicts 0 uncovered fns)
2026-06-01 23:08:46,604 INFO: CovBayes plan score=0.39 (predicts 0 uncovered fns)
2026-06-01 23:08:50,868 INFO: CovBayes plan score=0.39 (predicts 0 uncovered fns)
2026-06-01 23:08:51,912 INFO: CovBayes plan score=0.92 (predicts 3 uncovered fns)
2026-06-01 23:08:57,064 INFO: CovBayes plan score=0.39 (predicts 0 uncovered fns)
2026-06-01 23:09:02,511 INFO: CovBayes plan score=0.39 (predicts 0 uncovered fns)
2026-06-01 23:09:08,474 INFO: CovBayes plan score=0.84 (predicts 1 uncovered fns)
2026-06-01 23:09:08,712 INFO: CovBayes plan score=0.84 (predicts 1 uncovered fns)
2026-06-01 23:09:08,951 INFO: CovBayes plan score=0.84 (predicts 1 uncovered fns)
2026-06-01 23:09:09,564 INFO: CovBayes plan score=0.18 (predicts 0 uncovered fns)
2026-06-01 23:09:11,390 INFO: CovBayes plan score=0.36 (predicts 0 uncovered fns)
2026-06-01 23:09:11,692 INFO: CovBayes plan score=0.84 (predicts 1 uncovered fns)
2026-06-01 23:09:11,975 INFO: CovBayes plan score=0.84 (predicts 1 uncovered fns)
2026-06-01 23:09:12,188 INFO: CovBayes plan score=0.18 (predicts 0 uncovered fns)
2026-06-01 23:09:12,262 INFO: CovBayes plan score=0.84 (predicts 1 uncovered fns)
2026-06-01 23:09:13,317 INFO: CovBayes plan score=0.18 (predicts 0 uncovered fns)
2026-06-01 23:09:14,464 INFO: CovBayes plan score=0.18 (predicts 0 uncovered fns)
2026-06-01 23:09:15,008 INFO: CovBayes plan score=0.36 (predicts 0 uncovered fns)
2026-06-01 23:09:17,078 INFO: CovBayes plan score=0.18 (predicts 0 uncovered fns)
2026-06-01 23:09:20,497 INFO: CovBayes plan score=0.00 (predicts 12 uncovered fns)
2026-06-01 23:09:21,433 INFO: CovBayes plan score=0.18 (predicts 0 uncovered fns)
2026-06-01 23:09:25,091 INFO: CovBayes plan score=0.00 (predicts 12 uncovered fns)
2026-06-01 23:09:31,576 INFO: CovBayes plan score=0.38 (predicts 0 uncovered fns)
2026-06-01 23:09:32,131 INFO: CovBayes plan score=0.38 (predicts 0 uncovered fns)
2026-06-01 23:09:32,624 INFO: CovBayes plan score=0.38 (predicts 0 uncovered fns)
2026-06-01 23:09:35,915 INFO: CovBayes plan score=6.21 (predicts 10 uncovered fns)
2026-06-01 23:09:37,220 INFO: CovBayes plan score=0.38 (predicts 0 uncovered fns)
2026-06-01 23:09:38,021 INFO: CovBayes plan score=0.59 (predicts 2 uncovered fns)
2026-06-01 23:09:38,546 INFO: CovBayes plan score=5.68 (predicts 10 uncovered fns)
2026-06-01 23:09:41,500 INFO: CovBayes plan score=6.21 (predicts 10 uncovered fns)
2026-06-01 23:09:43,639 INFO: CovBayes plan score=3.79 (predicts 7 uncovered fns)
2026-06-01 23:09:44,009 INFO: CovBayes plan score=0.59 (predicts 2 uncovered fns)
2026-06-01 23:09:45,944 INFO: CovBayes plan score=4.27 (predicts 8 uncovered fns)
2026-06-01 23:09:48,528 INFO: CovBayes plan score=0.35 (predicts 0 uncovered fns)
2026-06-01 23:09:48,549 INFO: CovBayes plan score=6.21 (predicts 10 uncovered fns)
2026-06-01 23:09:48,987 INFO: CovBayes plan score=0.18 (predicts 0 uncovered fns)
2026-06-01 23:09:49,702 INFO: CovBayes plan score=0.38 (predicts 0 uncovered fns)
2026-06-01 23:09:49,885 INFO: CovBayes plan score=0.35 (predicts 0 uncovered fns)
2026-06-01 23:09:50,589 INFO: CovBayes plan score=2.36 (predicts 4 uncovered fns)
2026-06-01 23:09:50,668 INFO: CovBayes plan score=4.27 (predicts 8 uncovered fns)
2026-06-01 23:09:51,241 INFO: CovBayes plan score=1.87 (predicts 3 uncovered fns)
2026-06-01 23:09:51,845 INFO: CovBayes plan score=1.87 (predicts 3 uncovered fns)
2026-06-01 23:09:51,965 INFO: CovBayes plan score=0.18 (predicts 0 uncovered fns)
2026-06-01 23:09:52,220 INFO: CovBayes plan score=3.30 (predicts 6 uncovered fns)
2026-06-01 23:09:52,300 INFO: CovBayes plan score=1.39 (predicts 2 uncovered fns)
2026-06-01 23:09:53,284 INFO: CovBayes plan score=2.85 (predicts 5 uncovered fns)
2026-06-01 23:09:54,087 INFO: CovBayes plan score=2.36 (predicts 4 uncovered fns)
2026-06-01 23:09:54,509 INFO: CovBayes plan score=1.39 (predicts 2 uncovered fns)
2026-06-01 23:09:54,549 INFO: CovBayes plan score=0.35 (predicts 0 uncovered fns)
2026-06-01 23:09:54,659 INFO: CovBayes plan score=0.78 (predicts 3 uncovered fns)
2026-06-01 23:09:55,097 INFO: CovBayes plan score=0.18 (predicts 0 uncovered fns)
2026-06-01 23:09:55,366 INFO: CovBayes plan score=2.36 (predicts 4 uncovered fns)
2026-06-01 23:09:56,113 INFO: CovBayes plan score=0.35 (predicts 0 uncovered fns)
2026-06-01 23:09:57,208 INFO: CovBayes plan score=0.35 (predicts 0 uncovered fns)
2026-06-01 23:09:57,408 INFO: CovBayes plan score=0.18 (predicts 0 uncovered fns)
2026-06-01 23:10:00,362 INFO: CovBayes plan score=0.18 (predicts 0 uncovered fns)
  [77/93] werkzeug.wrappers.response seed=42: {'divhints_random': 59, 'divhints_oracle': 63, 'cov_bayes': 56}
2026-06-01 23:10:01,750 INFO: CovBayes plan score=0.00 (predicts 16 uncovered fns)
2026-06-01 23:10:01,894 INFO: CovBayes plan score=0.18 (predicts 0 uncovered fns)
2026-06-01 23:10:03,504 INFO: CovBayes plan score=0.35 (predicts 0 uncovered fns)
2026-06-01 23:10:03,860 INFO: CovBayes plan score=0.67 (predicts 1 uncovered fns)
2026-06-01 23:10:06,271 INFO: CovBayes plan score=0.00 (predicts 12 uncovered fns)
2026-06-01 23:10:09,049 INFO: CovBayes plan score=0.18 (predicts 0 uncovered fns)
2026-06-01 23:10:22,023 INFO: CovBayes plan score=0.99 (predicts 2 uncovered fns)
2026-06-01 23:10:22,688 INFO: CovBayes plan score=1.05 (predicts 3 uncovered fns)
2026-06-01 23:10:23,552 INFO: CovBayes plan score=1.30 (predicts 4 uncovered fns)
2026-06-01 23:10:24,416 INFO: CovBayes plan score=1.52 (predicts 4 uncovered fns)
2026-06-01 23:10:25,279 INFO: CovBayes plan score=1.35 (predicts 4 uncovered fns)
2026-06-01 23:10:25,505 INFO: CovBayes plan score=0.23 (predicts 0 uncovered fns)
2026-06-01 23:10:25,979 INFO: CovBayes plan score=1.15 (predicts 3 uncovered fns)
2026-06-01 23:10:26,654 INFO: CovBayes plan score=1.32 (predicts 3 uncovered fns)
2026-06-01 23:10:27,671 INFO: CovBayes plan score=1.48 (predicts 4 uncovered fns)
2026-06-01 23:10:31,350 INFO: CovBayes plan score=0.18 (predicts 0 uncovered fns)
2026-06-01 23:10:31,790 INFO: CovBayes plan score=0.59 (predicts 1 uncovered fns)
2026-06-01 23:10:32,066 INFO: CovBayes plan score=0.59 (predicts 1 uncovered fns)
2026-06-01 23:10:32,322 INFO: CovBayes plan score=0.18 (predicts 0 uncovered fns)
2026-06-01 23:10:32,549 INFO: CovBayes plan score=0.75 (predicts 2 uncovered fns)
2026-06-01 23:10:32,658 INFO: CovBayes plan score=0.23 (predicts 0 uncovered fns)
2026-06-01 23:10:35,282 INFO: CovBayes plan score=0.35 (predicts 0 uncovered fns)
2026-06-01 23:10:35,762 INFO: CovBayes plan score=0.00 (predicts 12 uncovered fns)
2026-06-01 23:10:38,255 INFO: CovBayes plan score=0.23 (predicts 0 uncovered fns)
2026-06-01 23:10:38,527 INFO: CovBayes plan score=0.18 (predicts 0 uncovered fns)
2026-06-01 23:10:38,550 INFO: CovBayes plan score=0.35 (predicts 0 uncovered fns)
2026-06-01 23:10:38,884 INFO: CovBayes plan score=0.59 (predicts 1 uncovered fns)
2026-06-01 23:10:39,862 INFO: CovBayes plan score=0.18 (predicts 0 uncovered fns)
2026-06-01 23:10:41,594 INFO: CovBayes plan score=0.35 (predicts 0 uncovered fns)
2026-06-01 23:10:41,850 INFO: CovBayes plan score=0.35 (predicts 0 uncovered fns)
2026-06-01 23:10:42,478 INFO: CovBayes plan score=0.18 (predicts 0 uncovered fns)
2026-06-01 23:10:44,956 INFO: CovBayes plan score=0.18 (predicts 0 uncovered fns)
2026-06-01 23:10:46,606 INFO: CovBayes plan score=0.61 (predicts 1 uncovered fns)
2026-06-01 23:10:49,029 INFO: CovBayes plan score=0.18 (predicts 0 uncovered fns)
2026-06-01 23:10:52,667 INFO: CovBayes plan score=0.23 (predicts 0 uncovered fns)
2026-06-01 23:10:54,198 INFO: CovBayes plan score=0.99 (predicts 4 uncovered fns)
2026-06-01 23:10:54,669 INFO: CovBayes plan score=0.65 (predicts 2 uncovered fns)
2026-06-01 23:10:55,442 INFO: CovBayes plan score=0.88 (predicts 3 uncovered fns)
2026-06-01 23:10:56,186 INFO: CovBayes plan score=0.79 (predicts 3 uncovered fns)
2026-06-01 23:10:57,386 INFO: CovBayes plan score=1.05 (predicts 4 uncovered fns)
2026-06-01 23:10:57,942 INFO: CovBayes plan score=0.59 (predicts 2 uncovered fns)
2026-06-01 23:10:58,499 INFO: CovBayes plan score=0.67 (predicts 2 uncovered fns)
2026-06-01 23:10:59,299 INFO: CovBayes plan score=0.83 (predicts 3 uncovered fns)
2026-06-01 23:11:03,061 INFO: CovBayes plan score=1.00 (predicts 2 uncovered fns)
2026-06-01 23:11:12,972 INFO: CovBayes plan score=1.68 (predicts 3 uncovered fns)
2026-06-01 23:11:13,301 INFO: CovBayes plan score=0.71 (predicts 1 uncovered fns)
2026-06-01 23:11:14,714 INFO: CovBayes plan score=0.18 (predicts 0 uncovered fns)
2026-06-01 23:11:14,810 INFO: CovBayes plan score=0.00 (predicts 16 uncovered fns)
2026-06-01 23:11:15,002 INFO: CovBayes plan score=0.18 (predicts 0 uncovered fns)
2026-06-01 23:11:18,911 INFO: CovBayes plan score=0.00 (predicts 12 uncovered fns)
2026-06-01 23:11:19,205 INFO: CovBayes plan score=0.18 (predicts 0 uncovered fns)
2026-06-01 23:11:19,480 INFO: CovBayes plan score=0.00 (predicts 16 uncovered fns)
2026-06-01 23:11:19,821 INFO: CovBayes plan score=0.54 (predicts 1 uncovered fns)
2026-06-01 23:11:21,723 INFO: CovBayes plan score=0.18 (predicts 0 uncovered fns)
2026-06-01 23:11:24,555 INFO: CovBayes plan score=0.34 (predicts 0 uncovered fns)
2026-06-01 23:11:24,906 INFO: CovBayes plan score=0.54 (predicts 1 uncovered fns)
2026-06-01 23:11:25,707 INFO: CovBayes plan score=0.00 (predicts 12 uncovered fns)
2026-06-01 23:11:26,798 INFO: CovBayes plan score=0.18 (predicts 0 uncovered fns)
2026-06-01 23:11:28,432 INFO: CovBayes plan score=0.86 (predicts 4 uncovered fns)
2026-06-01 23:11:29,132 INFO: CovBayes plan score=0.83 (predicts 3 uncovered fns)
2026-06-01 23:11:29,528 INFO: CovBayes plan score=0.00 (predicts 16 uncovered fns)
2026-06-01 23:11:29,807 INFO: CovBayes plan score=0.18 (predicts 0 uncovered fns)
2026-06-01 23:11:29,854 INFO: CovBayes plan score=0.69 (predicts 3 uncovered fns)
2026-06-01 23:11:30,523 INFO: CovBayes plan score=0.64 (predicts 3 uncovered fns)
2026-06-01 23:11:30,975 INFO: CovBayes plan score=0.48 (predicts 2 uncovered fns)
2026-06-01 23:11:31,602 INFO: CovBayes plan score=0.69 (predicts 3 uncovered fns)
2026-06-01 23:11:32,406 INFO: CovBayes plan score=0.91 (predicts 4 uncovered fns)
2026-06-01 23:11:33,181 INFO: CovBayes plan score=1.02 (predicts 4 uncovered fns)
2026-06-01 23:11:33,565 INFO: CovBayes plan score=0.00 (predicts 16 uncovered fns)
2026-06-01 23:11:37,473 INFO: CovBayes plan score=0.00 (predicts 16 uncovered fns)
2026-06-01 23:11:39,120 INFO: CovBayes plan score=0.21 (predicts 0 uncovered fns)
2026-06-01 23:11:47,443 INFO: CovBayes plan score=0.21 (predicts 0 uncovered fns)
2026-06-01 23:11:56,324 INFO: CovBayes plan score=0.18 (predicts 0 uncovered fns)
2026-06-01 23:11:57,376 INFO: CovBayes plan score=0.21 (predicts 0 uncovered fns)
2026-06-01 23:11:59,097 INFO: CovBayes plan score=0.18 (predicts 0 uncovered fns)
2026-06-01 23:12:00,898 INFO: CovBayes plan score=0.18 (predicts 0 uncovered fns)
2026-06-01 23:12:01,420 INFO: CovBayes plan score=1.18 (predicts 2 uncovered fns)
2026-06-01 23:12:01,919 INFO: CovBayes plan score=0.40 (predicts 2 uncovered fns)
2026-06-01 23:12:02,027 INFO: CovBayes plan score=0.18 (predicts 0 uncovered fns)
2026-06-01 23:12:02,532 INFO: CovBayes plan score=0.56 (predicts 3 uncovered fns)
2026-06-01 23:12:03,106 INFO: CovBayes plan score=0.66 (predicts 3 uncovered fns)
2026-06-01 23:12:03,378 INFO: CovBayes plan score=0.18 (predicts 0 uncovered fns)
2026-06-01 23:12:03,872 INFO: CovBayes plan score=0.85 (predicts 4 uncovered fns)
2026-06-01 23:12:04,696 INFO: CovBayes plan score=0.92 (predicts 4 uncovered fns)
2026-06-01 23:12:05,256 INFO: CovBayes plan score=0.62 (predicts 3 uncovered fns)
2026-06-01 23:12:05,780 INFO: CovBayes plan score=0.56 (predicts 3 uncovered fns)
2026-06-01 23:12:06,472 INFO: CovBayes plan score=0.73 (predicts 4 uncovered fns)
2026-06-01 23:12:06,628 INFO: CovBayes plan score=0.00 (predicts 12 uncovered fns)
2026-06-01 23:12:08,461 INFO: CovBayes plan score=0.18 (predicts 0 uncovered fns)
2026-06-01 23:12:08,855 INFO: CovBayes plan score=0.21 (predicts 0 uncovered fns)
2026-06-01 23:12:10,711 INFO: CovBayes plan score=0.34 (predicts 0 uncovered fns)
2026-06-01 23:12:10,997 INFO: CovBayes plan score=0.50 (predicts 1 uncovered fns)
2026-06-01 23:12:11,918 INFO: CovBayes plan score=0.00 (predicts 12 uncovered fns)
2026-06-01 23:12:11,962 INFO: CovBayes plan score=0.62 (predicts 2 uncovered fns)
2026-06-01 23:12:13,019 INFO: CovBayes plan score=1.18 (predicts 2 uncovered fns)
2026-06-01 23:12:15,958 INFO: CovBayes plan score=0.34 (predicts 0 uncovered fns)
2026-06-01 23:12:17,377 INFO: CovBayes plan score=1.18 (predicts 2 uncovered fns)
  [78/93] werkzeug.utils seed=42: {'divhints_random': 16, 'divhints_oracle': 16, 'cov_bayes': 15}
2026-06-01 23:12:21,478 INFO: CovBayes plan score=0.34 (predicts 0 uncovered fns)
2026-06-01 23:12:24,294 INFO: CovBayes plan score=0.21 (predicts 0 uncovered fns)
2026-06-01 23:12:26,041 INFO: CovBayes plan score=0.00 (predicts 16 uncovered fns)
2026-06-01 23:12:26,361 INFO: CovBayes plan score=0.50 (predicts 1 uncovered fns)
2026-06-01 23:12:31,422 INFO: CovBayes plan score=0.34 (predicts 0 uncovered fns)
2026-06-01 23:12:32,889 INFO: CovBayes plan score=0.55 (predicts 3 uncovered fns)
2026-06-01 23:12:33,660 INFO: CovBayes plan score=0.49 (predicts 3 uncovered fns)
2026-06-01 23:12:34,328 INFO: CovBayes plan score=0.44 (predicts 3 uncovered fns)
2026-06-01 23:12:34,792 INFO: CovBayes plan score=0.45 (predicts 2 uncovered fns)
2026-06-01 23:12:35,257 INFO: CovBayes plan score=0.37 (predicts 2 uncovered fns)
2026-06-01 23:12:35,945 INFO: CovBayes plan score=0.40 (predicts 2 uncovered fns)
2026-06-01 23:12:36,457 INFO: CovBayes plan score=0.45 (predicts 2 uncovered fns)
2026-06-01 23:12:37,169 INFO: CovBayes plan score=0.55 (predicts 3 uncovered fns)
2026-06-01 23:12:55,833 INFO: CovBayes plan score=1.04 (predicts 3 uncovered fns)
2026-06-01 23:13:03,383 INFO: CovBayes plan score=0.20 (predicts 0 uncovered fns)
2026-06-01 23:13:04,667 INFO: CovBayes plan score=0.23 (predicts 2 uncovered fns)
2026-06-01 23:13:05,093 INFO: CovBayes plan score=0.33 (predicts 2 uncovered fns)
2026-06-01 23:13:05,202 INFO: CovBayes plan score=0.00 (predicts 16 uncovered fns)
2026-06-01 23:13:05,479 INFO: CovBayes plan score=0.48 (predicts 1 uncovered fns)
2026-06-01 23:13:05,569 INFO: CovBayes plan score=0.36 (predicts 2 uncovered fns)
2026-06-01 23:13:05,801 INFO: CovBayes plan score=0.48 (predicts 1 uncovered fns)
2026-06-01 23:13:06,079 INFO: CovBayes plan score=0.45 (predicts 1 uncovered fns)
2026-06-01 23:13:06,295 INFO: CovBayes plan score=1.00 (predicts 3 uncovered fns)
2026-06-01 23:13:06,725 INFO: CovBayes plan score=0.23 (predicts 2 uncovered fns)
2026-06-01 23:13:07,151 INFO: CovBayes plan score=0.33 (predicts 2 uncovered fns)
2026-06-01 23:13:07,578 INFO: CovBayes plan score=0.33 (predicts 2 uncovered fns)
2026-06-01 23:13:08,009 INFO: CovBayes plan score=0.33 (predicts 2 uncovered fns)
2026-06-01 23:13:09,646 INFO: CovBayes plan score=0.34 (predicts 0 uncovered fns)
2026-06-01 23:13:09,668 INFO: CovBayes plan score=0.20 (predicts 0 uncovered fns)
2026-06-01 23:13:09,978 INFO: CovBayes plan score=0.48 (predicts 1 uncovered fns)
2026-06-01 23:13:10,183 INFO: CovBayes plan score=0.85 (predicts 2 uncovered fns)
2026-06-01 23:13:12,907 INFO: CovBayes plan score=0.34 (predicts 0 uncovered fns)
2026-06-01 23:13:16,118 INFO: CovBayes plan score=0.34 (predicts 0 uncovered fns)
2026-06-01 23:13:17,697 INFO: CovBayes plan score=0.20 (predicts 0 uncovered fns)
  [79/93] werkzeug.sansio.response seed=42: {'divhints_random': 63, 'divhints_oracle': 76, 'cov_bayes': 71}
2026-06-01 23:13:22,925 INFO: CovBayes plan score=0.20 (predicts 0 uncovered fns)
2026-06-01 23:13:33,525 INFO: CovBayes plan score=0.20 (predicts 0 uncovered fns)
2026-06-01 23:13:35,819 INFO: CovBayes plan score=0.20 (predicts 2 uncovered fns)
2026-06-01 23:13:42,227 INFO: CovBayes plan score=0.56 (predicts 4 uncovered fns)
2026-06-01 23:13:42,475 INFO: CovBayes plan score=0.21 (predicts 1 uncovered fns)
2026-06-01 23:13:42,743 INFO: CovBayes plan score=0.20 (predicts 0 uncovered fns)
2026-06-01 23:13:42,899 INFO: CovBayes plan score=0.33 (predicts 2 uncovered fns)
2026-06-01 23:13:43,145 INFO: CovBayes plan score=0.21 (predicts 1 uncovered fns)
2026-06-01 23:13:43,621 INFO: CovBayes plan score=0.33 (predicts 2 uncovered fns)
2026-06-01 23:13:43,728 INFO: CovBayes plan score=1.49 (predicts 2 uncovered fns)
2026-06-01 23:13:44,076 INFO: CovBayes plan score=0.33 (predicts 2 uncovered fns)
2026-06-01 23:13:44,323 INFO: CovBayes plan score=0.21 (predicts 1 uncovered fns)
2026-06-01 23:13:44,381 INFO: CovBayes plan score=1.98 (predicts 3 uncovered fns)
2026-06-01 23:13:45,143 INFO: CovBayes plan score=1.98 (predicts 3 uncovered fns)
2026-06-01 23:13:45,989 INFO: CovBayes plan score=2.47 (predicts 4 uncovered fns)
2026-06-01 23:13:46,645 INFO: CovBayes plan score=1.98 (predicts 3 uncovered fns)
2026-06-01 23:13:47,298 INFO: CovBayes plan score=1.98 (predicts 3 uncovered fns)
2026-06-01 23:13:47,948 INFO: CovBayes plan score=1.98 (predicts 3 uncovered fns)
2026-06-01 23:13:48,588 INFO: CovBayes plan score=1.98 (predicts 3 uncovered fns)
  [80/93] werkzeug.wrappers.request seed=42: {'divhints_random': 60, 'divhints_oracle': 66, 'cov_bayes': 53}
2026-06-01 23:14:07,607 INFO: CovBayes plan score=0.19 (predicts 0 uncovered fns)
2026-06-01 23:14:07,931 INFO: CovBayes plan score=0.84 (predicts 2 uncovered fns)
2026-06-01 23:14:16,759 INFO: CovBayes plan score=0.19 (predicts 0 uncovered fns)
2026-06-01 23:14:18,655 INFO: CovBayes plan score=0.47 (predicts 0 uncovered fns)
2026-06-01 23:14:18,911 INFO: CovBayes plan score=0.47 (predicts 0 uncovered fns)
2026-06-01 23:14:19,165 INFO: CovBayes plan score=0.47 (predicts 0 uncovered fns)
2026-06-01 23:14:23,384 INFO: CovBayes plan score=0.47 (predicts 0 uncovered fns)
2026-06-01 23:14:24,490 INFO: CovBayes plan score=0.19 (predicts 0 uncovered fns)
2026-06-01 23:14:28,443 INFO: CovBayes plan score=0.47 (predicts 0 uncovered fns)
2026-06-01 23:14:29,644 INFO: CovBayes plan score=0.47 (predicts 0 uncovered fns)
2026-06-01 23:14:33,556 INFO: CovBayes plan score=0.47 (predicts 0 uncovered fns)
2026-06-01 23:14:34,137 INFO: CovBayes plan score=0.19 (predicts 0 uncovered fns)
2026-06-01 23:14:34,404 INFO: CovBayes plan score=0.84 (predicts 2 uncovered fns)
2026-06-01 23:14:36,995 INFO: CovBayes plan score=0.47 (predicts 0 uncovered fns)
2026-06-01 23:14:38,372 INFO: CovBayes plan score=0.19 (predicts 0 uncovered fns)
2026-06-01 23:14:42,564 INFO: CovBayes plan score=0.84 (predicts 2 uncovered fns)
2026-06-01 23:15:07,558 INFO: CovBayes plan score=0.47 (predicts 0 uncovered fns)
2026-06-01 23:15:07,988 INFO: CovBayes plan score=0.47 (predicts 0 uncovered fns)
2026-06-01 23:15:08,418 INFO: CovBayes plan score=0.47 (predicts 0 uncovered fns)
2026-06-01 23:15:08,849 INFO: CovBayes plan score=0.47 (predicts 0 uncovered fns)
2026-06-01 23:15:09,278 INFO: CovBayes plan score=0.47 (predicts 0 uncovered fns)
2026-06-01 23:15:10,426 INFO: CovBayes plan score=0.47 (predicts 0 uncovered fns)
2026-06-01 23:15:13,804 INFO: CovBayes plan score=0.47 (predicts 0 uncovered fns)
2026-06-01 23:15:14,331 INFO: CovBayes plan score=0.47 (predicts 0 uncovered fns)
2026-06-01 23:15:14,995 INFO: CovBayes plan score=0.19 (predicts 0 uncovered fns)
2026-06-01 23:15:22,334 INFO: CovBayes plan score=0.19 (predicts 0 uncovered fns)
2026-06-01 23:15:32,430 INFO: CovBayes plan score=0.19 (predicts 0 uncovered fns)
2026-06-01 23:15:36,964 INFO: CovBayes plan score=0.19 (predicts 0 uncovered fns)
2026-06-01 23:15:44,785 INFO: CovBayes plan score=0.47 (predicts 0 uncovered fns)
2026-06-01 23:15:45,936 INFO: CovBayes plan score=0.19 (predicts 0 uncovered fns)
2026-06-01 23:15:47,516 INFO: CovBayes plan score=0.47 (predicts 0 uncovered fns)
2026-06-01 23:15:51,424 INFO: CovBayes plan score=0.47 (predicts 0 uncovered fns)
2026-06-01 23:15:52,636 INFO: CovBayes plan score=0.47 (predicts 0 uncovered fns)
2026-06-01 23:15:52,739 INFO: CovBayes plan score=0.19 (predicts 0 uncovered fns)
2026-06-01 23:15:56,367 INFO: CovBayes plan score=0.47 (predicts 0 uncovered fns)
2026-06-01 23:15:57,688 INFO: CovBayes plan score=0.47 (predicts 0 uncovered fns)
2026-06-01 23:15:57,976 INFO: CovBayes plan score=0.47 (predicts 0 uncovered fns)
2026-06-01 23:15:59,577 INFO: CovBayes plan score=0.19 (predicts 0 uncovered fns)
2026-06-01 23:16:02,564 INFO: CovBayes plan score=0.47 (predicts 0 uncovered fns)
2026-06-01 23:16:08,180 INFO: CovBayes plan score=0.19 (predicts 0 uncovered fns)
2026-06-01 23:16:31,018 INFO: CovBayes plan score=0.47 (predicts 0 uncovered fns)
2026-06-01 23:16:31,307 INFO: CovBayes plan score=0.47 (predicts 0 uncovered fns)
2026-06-01 23:16:33,188 INFO: CovBayes plan score=0.19 (predicts 0 uncovered fns)
2026-06-01 23:16:35,787 INFO: CovBayes plan score=0.47 (predicts 0 uncovered fns)
2026-06-01 23:16:36,054 INFO: CovBayes plan score=0.47 (predicts 0 uncovered fns)
2026-06-01 23:16:38,953 INFO: CovBayes plan score=0.47 (predicts 0 uncovered fns)
2026-06-01 23:16:39,865 INFO: CovBayes plan score=0.47 (predicts 0 uncovered fns)
2026-06-01 23:16:40,244 INFO: CovBayes plan score=0.19 (predicts 0 uncovered fns)
2026-06-01 23:16:43,753 INFO: CovBayes plan score=0.47 (predicts 0 uncovered fns)
2026-06-01 23:16:48,330 INFO: CovBayes plan score=0.47 (predicts 0 uncovered fns)
2026-06-01 23:16:48,590 INFO: CovBayes plan score=0.17 (predicts 1 uncovered fns)
2026-06-01 23:16:57,450 INFO: CovBayes plan score=0.19 (predicts 0 uncovered fns)
2026-06-01 23:16:57,598 INFO: CovBayes plan score=1.41 (predicts 1 uncovered fns)
2026-06-01 23:16:58,099 INFO: CovBayes plan score=1.90 (predicts 2 uncovered fns)
2026-06-01 23:16:58,400 INFO: CovBayes plan score=1.41 (predicts 1 uncovered fns)
2026-06-01 23:16:58,903 INFO: CovBayes plan score=1.41 (predicts 1 uncovered fns)
2026-06-01 23:16:59,246 INFO: CovBayes plan score=1.41 (predicts 1 uncovered fns)
2026-06-01 23:16:59,917 INFO: CovBayes plan score=1.90 (predicts 2 uncovered fns)
2026-06-01 23:17:00,226 INFO: CovBayes plan score=1.41 (predicts 1 uncovered fns)
2026-06-01 23:17:00,819 INFO: CovBayes plan score=1.90 (predicts 2 uncovered fns)
2026-06-01 23:17:01,723 INFO: CovBayes plan score=0.19 (predicts 0 uncovered fns)
2026-06-01 23:17:07,294 INFO: CovBayes plan score=0.19 (predicts 0 uncovered fns)
2026-06-01 23:17:11,553 INFO: CovBayes plan score=0.19 (predicts 0 uncovered fns)
2026-06-01 23:17:14,687 INFO: CovBayes plan score=0.47 (predicts 0 uncovered fns)
2026-06-01 23:17:17,971 INFO: CovBayes plan score=0.47 (predicts 0 uncovered fns)
2026-06-01 23:17:18,478 INFO: CovBayes plan score=0.47 (predicts 0 uncovered fns)
2026-06-01 23:17:20,236 INFO: CovBayes plan score=0.47 (predicts 0 uncovered fns)
2026-06-01 23:17:21,054 INFO: CovBayes plan score=0.19 (predicts 0 uncovered fns)
2026-06-01 23:17:24,437 INFO: CovBayes plan score=0.47 (predicts 0 uncovered fns)
2026-06-01 23:17:25,220 INFO: CovBayes plan score=0.47 (predicts 0 uncovered fns)
2026-06-01 23:17:26,060 INFO: CovBayes plan score=4.28 (predicts 7 uncovered fns)
2026-06-01 23:17:26,946 INFO: CovBayes plan score=4.28 (predicts 7 uncovered fns)
2026-06-01 23:17:27,939 INFO: CovBayes plan score=0.47 (predicts 0 uncovered fns)
2026-06-01 23:17:27,942 INFO: CovBayes plan score=4.28 (predicts 7 uncovered fns)
2026-06-01 23:17:28,871 INFO: CovBayes plan score=4.28 (predicts 7 uncovered fns)
2026-06-01 23:17:29,780 INFO: CovBayes plan score=4.28 (predicts 7 uncovered fns)
2026-06-01 23:17:30,449 INFO: CovBayes plan score=4.28 (predicts 7 uncovered fns)
2026-06-01 23:17:31,311 INFO: CovBayes plan score=4.28 (predicts 7 uncovered fns)
2026-06-01 23:17:31,637 INFO: CovBayes plan score=4.28 (predicts 7 uncovered fns)
2026-06-01 23:17:32,299 INFO: CovBayes plan score=0.47 (predicts 0 uncovered fns)
2026-06-01 23:17:48,125 INFO: CovBayes plan score=0.19 (predicts 0 uncovered fns)
2026-06-01 23:17:50,677 INFO: CovBayes plan score=0.19 (predicts 0 uncovered fns)
2026-06-01 23:17:55,066 INFO: CovBayes plan score=3.11 (predicts 7 uncovered fns)
2026-06-01 23:17:55,514 INFO: CovBayes plan score=0.85 (predicts 0 uncovered fns)
2026-06-01 23:17:55,759 INFO: CovBayes plan score=3.11 (predicts 7 uncovered fns)
2026-06-01 23:17:56,717 INFO: CovBayes plan score=0.19 (predicts 0 uncovered fns)
2026-06-01 23:17:56,744 INFO: CovBayes plan score=0.47 (predicts 0 uncovered fns)
2026-06-01 23:17:57,023 INFO: CovBayes plan score=0.70 (predicts 1 uncovered fns)
2026-06-01 23:17:57,281 INFO: CovBayes plan score=0.47 (predicts 0 uncovered fns)
2026-06-01 23:17:58,796 INFO: CovBayes plan score=0.85 (predicts 0 uncovered fns)
2026-06-01 23:17:59,089 INFO: CovBayes plan score=0.85 (predicts 0 uncovered fns)
2026-06-01 23:18:00,502 INFO: CovBayes plan score=0.47 (predicts 0 uncovered fns)
2026-06-01 23:18:00,760 INFO: CovBayes plan score=0.47 (predicts 0 uncovered fns)
2026-06-01 23:18:01,449 INFO: CovBayes plan score=0.19 (predicts 0 uncovered fns)
2026-06-01 23:18:02,365 INFO: CovBayes plan score=0.85 (predicts 0 uncovered fns)
2026-06-01 23:18:03,466 INFO: CovBayes plan score=0.47 (predicts 0 uncovered fns)
2026-06-01 23:18:05,464 INFO: CovBayes plan score=0.85 (predicts 0 uncovered fns)
2026-06-01 23:18:05,537 INFO: CovBayes plan score=0.19 (predicts 0 uncovered fns)
2026-06-01 23:18:07,782 INFO: CovBayes plan score=0.85 (predicts 0 uncovered fns)
2026-06-01 23:18:09,304 INFO: CovBayes plan score=0.00 (predicts 31 uncovered fns)
2026-06-01 23:18:12,123 INFO: CovBayes plan score=0.47 (predicts 0 uncovered fns)
2026-06-01 23:18:12,421 INFO: CovBayes plan score=0.19 (predicts 0 uncovered fns)
2026-06-01 23:18:16,785 INFO: CovBayes plan score=0.19 (predicts 0 uncovered fns)
2026-06-01 23:18:25,512 INFO: CovBayes plan score=0.19 (predicts 0 uncovered fns)
  [81/93] werkzeug.local seed=42: {'divhints_random': 30, 'divhints_oracle': 32, 'cov_bayes': 32}
2026-06-01 23:18:34,139 INFO: CovBayes plan score=0.83 (predicts 0 uncovered fns)
2026-06-01 23:18:34,492 INFO: CovBayes plan score=0.46 (predicts 0 uncovered fns)
2026-06-01 23:18:34,744 INFO: CovBayes plan score=0.83 (predicts 0 uncovered fns)
2026-06-01 23:18:34,981 INFO: CovBayes plan score=0.46 (predicts 0 uncovered fns)
2026-06-01 23:18:35,341 INFO: CovBayes plan score=0.83 (predicts 0 uncovered fns)
2026-06-01 23:18:35,899 INFO: CovBayes plan score=0.83 (predicts 0 uncovered fns)
2026-06-01 23:18:36,460 INFO: CovBayes plan score=0.83 (predicts 0 uncovered fns)
2026-06-01 23:18:36,750 INFO: CovBayes plan score=2.53 (predicts 7 uncovered fns)
2026-06-01 23:18:37,413 INFO: CovBayes plan score=0.46 (predicts 0 uncovered fns)
2026-06-01 23:18:37,587 INFO: CovBayes plan score=0.83 (predicts 0 uncovered fns)
2026-06-01 23:18:38,193 INFO: CovBayes plan score=0.83 (predicts 0 uncovered fns)
2026-06-01 23:18:40,308 INFO: CovBayes plan score=0.46 (predicts 0 uncovered fns)
2026-06-01 23:18:47,952 INFO: CovBayes plan score=0.46 (predicts 0 uncovered fns)
2026-06-01 23:18:50,527 INFO: CovBayes plan score=0.46 (predicts 0 uncovered fns)
2026-06-01 23:18:52,754 INFO: CovBayes plan score=0.46 (predicts 0 uncovered fns)
2026-06-01 23:18:53,222 INFO: CovBayes plan score=0.46 (predicts 0 uncovered fns)
2026-06-01 23:19:01,181 INFO: CovBayes plan score=2.18 (predicts 7 uncovered fns)
2026-06-01 23:19:01,507 INFO: CovBayes plan score=0.82 (predicts 0 uncovered fns)
  [82/93] werkzeug.wsgi seed=42: {'divhints_random': 13, 'divhints_oracle': 13, 'cov_bayes': 13}
2026-06-01 23:19:02,252 INFO: CovBayes plan score=0.82 (predicts 0 uncovered fns)
2026-06-01 23:19:02,551 INFO: CovBayes plan score=2.18 (predicts 7 uncovered fns)
2026-06-01 23:19:02,835 INFO: CovBayes plan score=2.18 (predicts 7 uncovered fns)
2026-06-01 23:19:03,392 INFO: CovBayes plan score=0.82 (predicts 0 uncovered fns)
2026-06-01 23:19:04,192 INFO: CovBayes plan score=2.18 (predicts 7 uncovered fns)
2026-06-01 23:19:04,749 INFO: CovBayes plan score=0.82 (predicts 0 uncovered fns)
2026-06-01 23:19:27,714 INFO: CovBayes plan score=1.95 (predicts 7 uncovered fns)
2026-06-01 23:19:28,047 INFO: CovBayes plan score=0.82 (predicts 0 uncovered fns)
2026-06-01 23:19:28,766 INFO: CovBayes plan score=0.82 (predicts 0 uncovered fns)
2026-06-01 23:19:29,324 INFO: CovBayes plan score=0.82 (predicts 0 uncovered fns)
2026-06-01 23:19:29,888 INFO: CovBayes plan score=0.82 (predicts 0 uncovered fns)
2026-06-01 23:19:32,867 INFO: CovBayes plan score=0.82 (predicts 0 uncovered fns)
2026-06-01 23:19:33,429 INFO: CovBayes plan score=0.82 (predicts 0 uncovered fns)
2026-06-01 23:19:33,993 INFO: CovBayes plan score=0.82 (predicts 0 uncovered fns)
2026-06-01 23:19:58,177 INFO: CovBayes plan score=0.81 (predicts 0 uncovered fns)
2026-06-01 23:19:59,141 INFO: CovBayes plan score=1.78 (predicts 7 uncovered fns)
2026-06-01 23:19:59,828 INFO: CovBayes plan score=0.81 (predicts 0 uncovered fns)
2026-06-01 23:20:00,504 INFO: CovBayes plan score=0.81 (predicts 0 uncovered fns)
2026-06-01 23:20:01,160 INFO: CovBayes plan score=0.81 (predicts 0 uncovered fns)
2026-06-01 23:20:01,485 INFO: CovBayes plan score=1.78 (predicts 7 uncovered fns)
2026-06-01 23:20:02,118 INFO: CovBayes plan score=0.81 (predicts 0 uncovered fns)
2026-06-01 23:20:02,750 INFO: CovBayes plan score=0.81 (predicts 0 uncovered fns)
2026-06-01 23:20:30,734 INFO: CovBayes plan score=0.81 (predicts 0 uncovered fns)
2026-06-01 23:20:31,066 INFO: CovBayes plan score=0.81 (predicts 0 uncovered fns)
2026-06-01 23:20:33,813 INFO: CovBayes plan score=0.81 (predicts 0 uncovered fns)
2026-06-01 23:20:34,137 INFO: CovBayes plan score=0.81 (predicts 0 uncovered fns)
2026-06-01 23:20:34,466 INFO: CovBayes plan score=0.81 (predicts 0 uncovered fns)
2026-06-01 23:20:34,793 INFO: CovBayes plan score=0.81 (predicts 0 uncovered fns)
2026-06-01 23:20:35,123 INFO: CovBayes plan score=0.81 (predicts 0 uncovered fns)
2026-06-01 23:20:35,629 INFO: CovBayes plan score=0.81 (predicts 0 uncovered fns)
  [83/93] starlette.routing seed=42: {'divhints_random': 6, 'divhints_oracle': 6, 'cov_bayes': 6}
2026-06-01 23:24:46,156 INFO: CovBayes plan score=1.88 (predicts 1 uncovered fns)
2026-06-01 23:24:47,581 INFO: CovBayes plan score=1.39 (predicts 0 uncovered fns)
2026-06-01 23:24:49,270 INFO: CovBayes plan score=1.39 (predicts 0 uncovered fns)
2026-06-01 23:24:51,192 INFO: CovBayes plan score=1.39 (predicts 0 uncovered fns)
2026-06-01 23:24:52,891 INFO: CovBayes plan score=1.39 (predicts 0 uncovered fns)
2026-06-01 23:24:54,857 INFO: CovBayes plan score=1.39 (predicts 0 uncovered fns)
2026-06-01 23:24:56,519 INFO: CovBayes plan score=1.39 (predicts 0 uncovered fns)
2026-06-01 23:24:58,324 INFO: CovBayes plan score=1.39 (predicts 0 uncovered fns)
2026-06-01 23:25:25,863 INFO: CovBayes plan score=1.29 (predicts 0 uncovered fns)
2026-06-01 23:25:26,159 INFO: CovBayes plan score=5.65 (predicts 9 uncovered fns)
2026-06-01 23:25:28,575 INFO: CovBayes plan score=1.29 (predicts 0 uncovered fns)
2026-06-01 23:25:30,651 INFO: CovBayes plan score=1.29 (predicts 0 uncovered fns)
2026-06-01 23:25:31,784 INFO: CovBayes plan score=1.29 (predicts 0 uncovered fns)
2026-06-01 23:25:33,179 INFO: CovBayes plan score=1.29 (predicts 0 uncovered fns)
2026-06-01 23:25:34,490 INFO: CovBayes plan score=1.29 (predicts 0 uncovered fns)
2026-06-01 23:25:35,671 INFO: CovBayes plan score=1.29 (predicts 0 uncovered fns)
2026-06-01 23:26:00,397 INFO: CovBayes plan score=4.16 (predicts 9 uncovered fns)
2026-06-01 23:26:02,144 INFO: CovBayes plan score=1.24 (predicts 0 uncovered fns)
2026-06-01 23:26:04,070 INFO: CovBayes plan score=1.24 (predicts 0 uncovered fns)
2026-06-01 23:26:06,100 INFO: CovBayes plan score=1.24 (predicts 0 uncovered fns)
2026-06-01 23:26:08,179 INFO: CovBayes plan score=1.24 (predicts 0 uncovered fns)
2026-06-01 23:26:09,503 INFO: CovBayes plan score=1.24 (predicts 0 uncovered fns)
2026-06-01 23:26:11,335 INFO: CovBayes plan score=1.24 (predicts 0 uncovered fns)
2026-06-01 23:26:13,235 INFO: CovBayes plan score=1.24 (predicts 0 uncovered fns)
2026-06-01 23:26:38,176 INFO: CovBayes plan score=1.22 (predicts 0 uncovered fns)
2026-06-01 23:26:39,717 INFO: CovBayes plan score=1.22 (predicts 0 uncovered fns)
2026-06-01 23:26:41,092 INFO: CovBayes plan score=1.22 (predicts 0 uncovered fns)
2026-06-01 23:26:42,509 INFO: CovBayes plan score=1.22 (predicts 0 uncovered fns)
2026-06-01 23:26:43,468 INFO: CovBayes plan score=1.22 (predicts 0 uncovered fns)
2026-06-01 23:26:45,046 INFO: CovBayes plan score=1.22 (predicts 0 uncovered fns)
2026-06-01 23:26:46,807 INFO: CovBayes plan score=1.22 (predicts 0 uncovered fns)
2026-06-01 23:26:47,724 INFO: CovBayes plan score=1.22 (predicts 0 uncovered fns)
2026-06-01 23:26:52,576 INFO: CovBayes plan score=1.43 (predicts 2 uncovered fns)
2026-06-01 23:26:53,960 INFO: CovBayes plan score=2.89 (predicts 5 uncovered fns)
2026-06-01 23:26:54,488 INFO: CovBayes plan score=1.43 (predicts 2 uncovered fns)
2026-06-01 23:26:55,843 INFO: CovBayes plan score=2.89 (predicts 5 uncovered fns)
2026-06-01 23:26:56,690 INFO: CovBayes plan score=1.92 (predicts 3 uncovered fns)
2026-06-01 23:26:57,491 INFO: CovBayes plan score=1.92 (predicts 3 uncovered fns)
2026-06-01 23:26:58,289 INFO: CovBayes plan score=1.92 (predicts 3 uncovered fns)
2026-06-01 23:26:59,566 INFO: CovBayes plan score=2.89 (predicts 5 uncovered fns)
2026-06-01 23:27:07,756 INFO: CovBayes plan score=1.71 (predicts 3 uncovered fns)
2026-06-01 23:27:08,722 INFO: CovBayes plan score=2.20 (predicts 4 uncovered fns)
2026-06-01 23:27:09,468 INFO: CovBayes plan score=1.71 (predicts 3 uncovered fns)
2026-06-01 23:27:10,202 INFO: CovBayes plan score=1.71 (predicts 3 uncovered fns)
2026-06-01 23:27:10,926 INFO: CovBayes plan score=1.71 (predicts 3 uncovered fns)
2026-06-01 23:27:11,647 INFO: CovBayes plan score=1.71 (predicts 3 uncovered fns)
2026-06-01 23:27:12,357 INFO: CovBayes plan score=1.71 (predicts 3 uncovered fns)
2026-06-01 23:27:13,066 INFO: CovBayes plan score=1.71 (predicts 3 uncovered fns)
2026-06-01 23:27:15,604 INFO: CovBayes plan score=1.22 (predicts 0 uncovered fns)
2026-06-01 23:27:17,837 INFO: CovBayes plan score=1.22 (predicts 0 uncovered fns)
2026-06-01 23:27:19,841 INFO: CovBayes plan score=1.22 (predicts 0 uncovered fns)
2026-06-01 23:27:21,358 INFO: CovBayes plan score=1.22 (predicts 0 uncovered fns)
2026-06-01 23:27:21,491 INFO: CovBayes plan score=0.88 (predicts 1 uncovered fns)
2026-06-01 23:27:22,366 INFO: CovBayes plan score=0.88 (predicts 1 uncovered fns)
2026-06-01 23:27:22,634 INFO: CovBayes plan score=0.88 (predicts 1 uncovered fns)
2026-06-01 23:27:22,901 INFO: CovBayes plan score=0.88 (predicts 1 uncovered fns)
2026-06-01 23:27:23,552 INFO: CovBayes plan score=0.88 (predicts 1 uncovered fns)
2026-06-01 23:27:23,785 INFO: CovBayes plan score=0.39 (predicts 0 uncovered fns)
2026-06-01 23:27:24,050 INFO: CovBayes plan score=0.88 (predicts 1 uncovered fns)
2026-06-01 23:27:24,069 INFO: CovBayes plan score=1.22 (predicts 0 uncovered fns)
2026-06-01 23:27:25,107 INFO: CovBayes plan score=0.88 (predicts 1 uncovered fns)
2026-06-01 23:27:26,026 INFO: CovBayes plan score=1.22 (predicts 0 uncovered fns)
2026-06-01 23:27:28,127 INFO: CovBayes plan score=1.22 (predicts 0 uncovered fns)
2026-06-01 23:27:30,482 INFO: CovBayes plan score=1.22 (predicts 0 uncovered fns)
2026-06-01 23:27:38,658 INFO: CovBayes plan score=2.13 (predicts 4 uncovered fns)
2026-06-01 23:27:38,982 INFO: CovBayes plan score=2.13 (predicts 4 uncovered fns)
2026-06-01 23:27:39,302 INFO: CovBayes plan score=2.13 (predicts 4 uncovered fns)
2026-06-01 23:27:39,626 INFO: CovBayes plan score=2.13 (predicts 4 uncovered fns)
2026-06-01 23:27:39,952 INFO: CovBayes plan score=2.13 (predicts 4 uncovered fns)
2026-06-01 23:27:40,813 INFO: CovBayes plan score=2.62 (predicts 5 uncovered fns)
2026-06-01 23:27:41,142 INFO: CovBayes plan score=2.13 (predicts 4 uncovered fns)
2026-06-01 23:27:41,461 INFO: CovBayes plan score=2.13 (predicts 4 uncovered fns)
2026-06-01 23:27:46,456 INFO: CovBayes plan score=0.71 (predicts 1 uncovered fns)
2026-06-01 23:27:46,965 INFO: CovBayes plan score=0.71 (predicts 1 uncovered fns)
2026-06-01 23:27:47,680 INFO: CovBayes plan score=0.39 (predicts 0 uncovered fns)
2026-06-01 23:27:48,763 INFO: CovBayes plan score=0.39 (predicts 0 uncovered fns)
2026-06-01 23:27:49,999 INFO: CovBayes plan score=0.39 (predicts 0 uncovered fns)
2026-06-01 23:27:51,008 INFO: CovBayes plan score=0.71 (predicts 1 uncovered fns)
2026-06-01 23:27:51,758 INFO: CovBayes plan score=0.71 (predicts 1 uncovered fns)
2026-06-01 23:27:54,331 INFO: CovBayes plan score=0.39 (predicts 0 uncovered fns)
2026-06-01 23:27:58,252 INFO: CovBayes plan score=1.22 (predicts 0 uncovered fns)
2026-06-01 23:28:00,270 INFO: CovBayes plan score=1.22 (predicts 0 uncovered fns)
2026-06-01 23:28:01,497 INFO: CovBayes plan score=1.22 (predicts 0 uncovered fns)
2026-06-01 23:28:04,034 INFO: CovBayes plan score=1.22 (predicts 0 uncovered fns)
2026-06-01 23:28:06,470 INFO: CovBayes plan score=1.22 (predicts 0 uncovered fns)
2026-06-01 23:28:06,514 INFO: CovBayes plan score=1.79 (predicts 5 uncovered fns)
2026-06-01 23:28:06,814 INFO: CovBayes plan score=1.46 (predicts 4 uncovered fns)
2026-06-01 23:28:07,281 INFO: CovBayes plan score=1.79 (predicts 5 uncovered fns)
2026-06-01 23:28:07,745 INFO: CovBayes plan score=1.79 (predicts 5 uncovered fns)
2026-06-01 23:28:08,455 INFO: CovBayes plan score=1.79 (predicts 5 uncovered fns)
2026-06-01 23:28:08,726 INFO: CovBayes plan score=1.46 (predicts 4 uncovered fns)
2026-06-01 23:28:08,999 INFO: CovBayes plan score=1.46 (predicts 4 uncovered fns)
2026-06-01 23:28:09,118 INFO: CovBayes plan score=1.22 (predicts 0 uncovered fns)
2026-06-01 23:28:09,302 INFO: CovBayes plan score=1.46 (predicts 4 uncovered fns)
2026-06-01 23:28:10,502 INFO: CovBayes plan score=1.22 (predicts 0 uncovered fns)
2026-06-01 23:28:12,689 INFO: CovBayes plan score=1.22 (predicts 0 uncovered fns)
2026-06-01 23:28:15,338 INFO: CovBayes plan score=0.63 (predicts 1 uncovered fns)
2026-06-01 23:28:15,593 INFO: CovBayes plan score=0.63 (predicts 1 uncovered fns)
2026-06-01 23:28:16,533 INFO: CovBayes plan score=0.63 (predicts 1 uncovered fns)
2026-06-01 23:28:17,414 INFO: CovBayes plan score=0.63 (predicts 1 uncovered fns)
2026-06-01 23:28:17,877 INFO: CovBayes plan score=0.63 (predicts 1 uncovered fns)
2026-06-01 23:28:18,731 INFO: CovBayes plan score=0.63 (predicts 1 uncovered fns)
2026-06-01 23:28:19,194 INFO: CovBayes plan score=0.63 (predicts 1 uncovered fns)
2026-06-01 23:28:19,671 INFO: CovBayes plan score=0.63 (predicts 1 uncovered fns)
2026-06-01 23:28:35,724 INFO: CovBayes plan score=1.13 (predicts 4 uncovered fns)
2026-06-01 23:28:36,001 INFO: CovBayes plan score=1.13 (predicts 4 uncovered fns)
2026-06-01 23:28:36,276 INFO: CovBayes plan score=1.13 (predicts 4 uncovered fns)
2026-06-01 23:28:36,553 INFO: CovBayes plan score=1.13 (predicts 4 uncovered fns)
2026-06-01 23:28:36,829 INFO: CovBayes plan score=1.13 (predicts 4 uncovered fns)
2026-06-01 23:28:37,106 INFO: CovBayes plan score=1.13 (predicts 4 uncovered fns)
2026-06-01 23:28:37,368 INFO: CovBayes plan score=1.13 (predicts 4 uncovered fns)
2026-06-01 23:28:37,632 INFO: CovBayes plan score=1.13 (predicts 4 uncovered fns)
2026-06-01 23:28:40,091 INFO: CovBayes plan score=0.58 (predicts 1 uncovered fns)
2026-06-01 23:28:40,835 INFO: CovBayes plan score=0.38 (predicts 0 uncovered fns)
2026-06-01 23:28:41,445 INFO: CovBayes plan score=0.38 (predicts 0 uncovered fns)
2026-06-01 23:28:42,257 INFO: CovBayes plan score=1.25 (predicts 2 uncovered fns)
2026-06-01 23:28:42,416 INFO: CovBayes plan score=0.58 (predicts 1 uncovered fns)
2026-06-01 23:28:43,069 INFO: CovBayes plan score=1.22 (predicts 0 uncovered fns)
2026-06-01 23:28:43,350 INFO: CovBayes plan score=0.58 (predicts 1 uncovered fns)
2026-06-01 23:28:43,922 INFO: CovBayes plan score=3.68 (predicts 7 uncovered fns)
2026-06-01 23:28:43,939 INFO: CovBayes plan score=0.38 (predicts 0 uncovered fns)
2026-06-01 23:28:44,303 INFO: CovBayes plan score=1.22 (predicts 0 uncovered fns)
2026-06-01 23:28:44,389 INFO: CovBayes plan score=0.58 (predicts 1 uncovered fns)
2026-06-01 23:28:45,446 INFO: CovBayes plan score=0.58 (predicts 1 uncovered fns)
2026-06-01 23:28:45,583 INFO: CovBayes plan score=3.20 (predicts 6 uncovered fns)
2026-06-01 23:28:46,226 INFO: CovBayes plan score=1.22 (predicts 0 uncovered fns)
2026-06-01 23:28:46,319 INFO: CovBayes plan score=1.74 (predicts 3 uncovered fns)
2026-06-01 23:28:46,506 INFO: CovBayes plan score=3.41 (predicts 9 uncovered fns)
2026-06-01 23:28:47,984 INFO: CovBayes plan score=1.22 (predicts 0 uncovered fns)
2026-06-01 23:28:48,193 INFO: CovBayes plan score=3.68 (predicts 7 uncovered fns)
2026-06-01 23:28:49,794 INFO: CovBayes plan score=2.80 (predicts 6 uncovered fns)
2026-06-01 23:28:49,833 INFO: CovBayes plan score=1.22 (predicts 0 uncovered fns)
2026-06-01 23:28:51,797 INFO: CovBayes plan score=3.20 (predicts 6 uncovered fns)
2026-06-01 23:28:52,111 INFO: CovBayes plan score=1.22 (predicts 0 uncovered fns)
2026-06-01 23:28:53,848 INFO: CovBayes plan score=3.20 (predicts 6 uncovered fns)
2026-06-01 23:28:54,717 INFO: CovBayes plan score=1.22 (predicts 0 uncovered fns)
2026-06-01 23:29:08,501 INFO: CovBayes plan score=1.17 (predicts 5 uncovered fns)
2026-06-01 23:29:09,352 INFO: CovBayes plan score=1.17 (predicts 5 uncovered fns)
2026-06-01 23:29:09,558 INFO: CovBayes plan score=0.54 (predicts 1 uncovered fns)
2026-06-01 23:29:09,688 INFO: CovBayes plan score=0.93 (predicts 4 uncovered fns)
2026-06-01 23:29:09,897 INFO: CovBayes plan score=0.38 (predicts 0 uncovered fns)
2026-06-01 23:29:10,029 INFO: CovBayes plan score=0.93 (predicts 4 uncovered fns)
2026-06-01 23:29:10,336 INFO: CovBayes plan score=0.93 (predicts 4 uncovered fns)
2026-06-01 23:29:10,515 INFO: CovBayes plan score=0.54 (predicts 1 uncovered fns)
2026-06-01 23:29:10,670 INFO: CovBayes plan score=0.93 (predicts 4 uncovered fns)
2026-06-01 23:29:10,977 INFO: CovBayes plan score=0.93 (predicts 4 uncovered fns)
2026-06-01 23:29:11,152 INFO: CovBayes plan score=0.54 (predicts 1 uncovered fns)
2026-06-01 23:29:11,304 INFO: CovBayes plan score=0.93 (predicts 4 uncovered fns)
2026-06-01 23:29:11,715 INFO: CovBayes plan score=0.54 (predicts 1 uncovered fns)
2026-06-01 23:29:12,238 INFO: CovBayes plan score=0.54 (predicts 1 uncovered fns)
2026-06-01 23:29:12,534 INFO: CovBayes plan score=0.54 (predicts 1 uncovered fns)
2026-06-01 23:29:13,520 INFO: CovBayes plan score=0.54 (predicts 1 uncovered fns)
2026-06-01 23:29:18,986 INFO: CovBayes plan score=1.37 (predicts 3 uncovered fns)
2026-06-01 23:29:19,612 INFO: CovBayes plan score=0.89 (predicts 2 uncovered fns)
2026-06-01 23:29:20,881 INFO: CovBayes plan score=1.21 (predicts 0 uncovered fns)
2026-06-01 23:29:21,839 INFO: CovBayes plan score=2.83 (predicts 7 uncovered fns)
2026-06-01 23:29:22,699 INFO: CovBayes plan score=1.37 (predicts 3 uncovered fns)
2026-06-01 23:29:23,703 INFO: CovBayes plan score=1.21 (predicts 0 uncovered fns)
2026-06-01 23:29:24,693 INFO: CovBayes plan score=1.21 (predicts 6 uncovered fns)
2026-06-01 23:29:25,394 INFO: CovBayes plan score=1.21 (predicts 0 uncovered fns)
2026-06-01 23:29:26,678 INFO: CovBayes plan score=1.21 (predicts 0 uncovered fns)
2026-06-01 23:29:27,004 INFO: CovBayes plan score=2.23 (predicts 8 uncovered fns)
2026-06-01 23:29:27,613 INFO: CovBayes plan score=1.37 (predicts 3 uncovered fns)
2026-06-01 23:29:28,221 INFO: CovBayes plan score=1.37 (predicts 3 uncovered fns)
2026-06-01 23:29:29,713 INFO: CovBayes plan score=1.21 (predicts 0 uncovered fns)
2026-06-01 23:29:32,175 INFO: CovBayes plan score=1.21 (predicts 0 uncovered fns)
2026-06-01 23:29:34,250 INFO: CovBayes plan score=1.21 (predicts 0 uncovered fns)
2026-06-01 23:29:36,552 INFO: CovBayes plan score=0.52 (predicts 1 uncovered fns)
2026-06-01 23:29:37,012 INFO: CovBayes plan score=0.52 (predicts 1 uncovered fns)
2026-06-01 23:29:37,392 INFO: CovBayes plan score=1.21 (predicts 0 uncovered fns)
2026-06-01 23:29:38,077 INFO: CovBayes plan score=0.52 (predicts 1 uncovered fns)
2026-06-01 23:29:38,529 INFO: CovBayes plan score=0.52 (predicts 1 uncovered fns)
2026-06-01 23:29:38,786 INFO: CovBayes plan score=0.52 (predicts 1 uncovered fns)
2026-06-01 23:29:39,646 INFO: CovBayes plan score=0.52 (predicts 1 uncovered fns)
2026-06-01 23:29:40,092 INFO: CovBayes plan score=0.52 (predicts 1 uncovered fns)
2026-06-01 23:29:40,864 INFO: CovBayes plan score=0.79 (predicts 4 uncovered fns)
2026-06-01 23:29:41,111 INFO: CovBayes plan score=0.79 (predicts 4 uncovered fns)
2026-06-01 23:29:41,220 INFO: CovBayes plan score=0.52 (predicts 1 uncovered fns)
2026-06-01 23:29:41,358 INFO: CovBayes plan score=0.79 (predicts 4 uncovered fns)
2026-06-01 23:29:41,604 INFO: CovBayes plan score=0.79 (predicts 4 uncovered fns)
2026-06-01 23:29:41,850 INFO: CovBayes plan score=0.79 (predicts 4 uncovered fns)
2026-06-01 23:29:42,093 INFO: CovBayes plan score=0.79 (predicts 4 uncovered fns)
2026-06-01 23:29:42,327 INFO: CovBayes plan score=0.79 (predicts 4 uncovered fns)
2026-06-01 23:29:42,964 INFO: CovBayes plan score=0.99 (predicts 5 uncovered fns)
  [84/93] starlette.datastructures seed=42: {'divhints_random': 51, 'divhints_oracle': 51, 'cov_bayes': 51}
2026-06-01 23:29:48,487 INFO: CovBayes plan score=1.02 (predicts 2 uncovered fns)
2026-06-01 23:29:49,884 INFO: CovBayes plan score=0.98 (predicts 4 uncovered fns)
2026-06-01 23:29:51,593 INFO: CovBayes plan score=0.97 (predicts 5 uncovered fns)
2026-06-01 23:29:56,447 INFO: CovBayes plan score=0.21 (predicts 0 uncovered fns)
2026-06-01 23:29:58,343 INFO: CovBayes plan score=0.63 (predicts 6 uncovered fns)
2026-06-01 23:29:58,646 INFO: CovBayes plan score=1.02 (predicts 2 uncovered fns)
2026-06-01 23:30:02,399 INFO: CovBayes plan score=0.50 (predicts 1 uncovered fns)
2026-06-01 23:30:03,759 INFO: CovBayes plan score=0.21 (predicts 0 uncovered fns)
2026-06-01 23:30:05,044 INFO: CovBayes plan score=6.32 (predicts 13 uncovered fns)
2026-06-01 23:30:07,559 INFO: CovBayes plan score=6.32 (predicts 13 uncovered fns)
2026-06-01 23:30:08,542 INFO: CovBayes plan score=0.38 (predicts 0 uncovered fns)
2026-06-01 23:30:08,633 INFO: CovBayes plan score=0.21 (predicts 0 uncovered fns)
2026-06-01 23:30:08,711 INFO: CovBayes plan score=0.70 (predicts 4 uncovered fns)
2026-06-01 23:30:08,956 INFO: CovBayes plan score=0.70 (predicts 4 uncovered fns)
2026-06-01 23:30:09,189 INFO: CovBayes plan score=0.70 (predicts 4 uncovered fns)
2026-06-01 23:30:09,435 INFO: CovBayes plan score=0.70 (predicts 4 uncovered fns)
2026-06-01 23:30:09,473 INFO: CovBayes plan score=0.50 (predicts 1 uncovered fns)
2026-06-01 23:30:09,713 INFO: CovBayes plan score=0.70 (predicts 4 uncovered fns)
2026-06-01 23:30:09,957 INFO: CovBayes plan score=0.70 (predicts 4 uncovered fns)
2026-06-01 23:30:10,204 INFO: CovBayes plan score=0.70 (predicts 4 uncovered fns)
2026-06-01 23:30:10,224 INFO: CovBayes plan score=0.50 (predicts 1 uncovered fns)
2026-06-01 23:30:10,458 INFO: CovBayes plan score=0.70 (predicts 4 uncovered fns)
2026-06-01 23:30:10,882 INFO: CovBayes plan score=0.50 (predicts 1 uncovered fns)
2026-06-01 23:30:11,712 INFO: CovBayes plan score=0.50 (predicts 1 uncovered fns)
  [85/93] starlette.requests seed=42: {'divhints_random': 35, 'divhints_oracle': 35, 'cov_bayes': 35}
2026-06-01 23:30:36,059 INFO: CovBayes plan score=0.71 (predicts 2 uncovered fns)
2026-06-01 23:30:36,437 INFO: CovBayes plan score=0.45 (predicts 1 uncovered fns)
2026-06-01 23:30:38,327 INFO: CovBayes plan score=1.19 (predicts 5 uncovered fns)
2026-06-01 23:30:40,003 INFO: CovBayes plan score=1.21 (predicts 5 uncovered fns)
2026-06-01 23:30:41,452 INFO: CovBayes plan score=0.62 (predicts 4 uncovered fns)
2026-06-01 23:30:41,729 INFO: CovBayes plan score=0.62 (predicts 4 uncovered fns)
2026-06-01 23:30:42,003 INFO: CovBayes plan score=0.62 (predicts 4 uncovered fns)
2026-06-01 23:30:42,296 INFO: CovBayes plan score=0.62 (predicts 4 uncovered fns)
2026-06-01 23:30:44,717 INFO: CovBayes plan score=1.16 (predicts 5 uncovered fns)
2026-06-01 23:30:45,232 INFO: CovBayes plan score=0.77 (predicts 2 uncovered fns)
2026-06-01 23:30:45,951 INFO: CovBayes plan score=0.50 (predicts 13 uncovered fns)
2026-06-01 23:30:46,206 INFO: CovBayes plan score=0.62 (predicts 4 uncovered fns)
2026-06-01 23:30:46,460 INFO: CovBayes plan score=0.62 (predicts 4 uncovered fns)
2026-06-01 23:30:47,245 INFO: CovBayes plan score=0.79 (predicts 5 uncovered fns)
2026-06-01 23:30:50,279 INFO: CovBayes plan score=0.67 (predicts 17 uncovered fns)
  [86/93] starlette.responses seed=42: {'divhints_random': 25, 'divhints_oracle': 26, 'cov_bayes': 25}
2026-06-01 23:30:54,759 INFO: CovBayes plan score=0.25 (predicts 17 uncovered fns)
2026-06-01 23:31:21,292 INFO: CovBayes plan score=0.00 (predicts 17 uncovered fns)
2026-06-01 23:31:21,614 INFO: CovBayes plan score=0.39 (predicts 1 uncovered fns)
2026-06-01 23:31:26,814 INFO: CovBayes plan score=0.00 (predicts 17 uncovered fns)
2026-06-01 23:31:31,844 INFO: CovBayes plan score=0.00 (predicts 17 uncovered fns)
2026-06-01 23:31:33,376 INFO: CovBayes plan score=0.45 (predicts 5 uncovered fns)
2026-06-01 23:31:34,834 INFO: CovBayes plan score=2.53 (predicts 4 uncovered fns)
2026-06-01 23:31:34,855 INFO: CovBayes plan score=1.33 (predicts 6 uncovered fns)
2026-06-01 23:31:35,169 INFO: CovBayes plan score=0.39 (predicts 1 uncovered fns)
2026-06-01 23:31:36,071 INFO: CovBayes plan score=3.01 (predicts 5 uncovered fns)
2026-06-01 23:31:36,589 INFO: CovBayes plan score=0.45 (predicts 5 uncovered fns)
2026-06-01 23:31:37,033 INFO: CovBayes plan score=2.53 (predicts 4 uncovered fns)
2026-06-01 23:31:37,990 INFO: CovBayes plan score=2.53 (predicts 4 uncovered fns)
2026-06-01 23:31:38,940 INFO: CovBayes plan score=2.53 (predicts 4 uncovered fns)
2026-06-01 23:31:39,905 INFO: CovBayes plan score=2.53 (predicts 4 uncovered fns)
2026-06-01 23:31:41,348 INFO: CovBayes plan score=3.01 (predicts 5 uncovered fns)
2026-06-01 23:31:42,411 INFO: CovBayes plan score=2.53 (predicts 4 uncovered fns)
2026-06-01 23:32:02,169 INFO: CovBayes plan score=0.59 (predicts 2 uncovered fns)
2026-06-01 23:32:04,368 INFO: CovBayes plan score=1.48 (predicts 6 uncovered fns)
2026-06-01 23:32:06,491 INFO: CovBayes plan score=0.82 (predicts 6 uncovered fns)
2026-06-01 23:32:09,230 INFO: CovBayes plan score=1.48 (predicts 2 uncovered fns)
2026-06-01 23:32:10,046 INFO: CovBayes plan score=1.48 (predicts 2 uncovered fns)
2026-06-01 23:32:10,833 INFO: CovBayes plan score=1.48 (predicts 2 uncovered fns)
2026-06-01 23:32:11,812 INFO: CovBayes plan score=0.17 (predicts 17 uncovered fns)
2026-06-01 23:32:11,954 INFO: CovBayes plan score=1.48 (predicts 2 uncovered fns)
2026-06-01 23:32:13,193 INFO: CovBayes plan score=1.48 (predicts 2 uncovered fns)
2026-06-01 23:32:14,655 INFO: CovBayes plan score=1.48 (predicts 2 uncovered fns)
2026-06-01 23:32:15,388 INFO: CovBayes plan score=1.48 (predicts 2 uncovered fns)
2026-06-01 23:32:15,408 INFO: CovBayes plan score=0.25 (predicts 5 uncovered fns)
2026-06-01 23:32:16,381 INFO: CovBayes plan score=1.48 (predicts 2 uncovered fns)
2026-06-01 23:32:16,826 INFO: CovBayes plan score=0.96 (predicts 5 uncovered fns)
2026-06-01 23:32:17,303 INFO: CovBayes plan score=0.59 (predicts 2 uncovered fns)
2026-06-01 23:32:20,846 INFO: CovBayes plan score=0.19 (predicts 0 uncovered fns)
2026-06-01 23:32:40,493 INFO: CovBayes plan score=1.13 (predicts 2 uncovered fns)
2026-06-01 23:32:41,294 INFO: CovBayes plan score=1.13 (predicts 2 uncovered fns)
2026-06-01 23:32:41,589 INFO: CovBayes plan score=0.49 (predicts 0 uncovered fns)
2026-06-01 23:32:42,592 INFO: CovBayes plan score=1.13 (predicts 2 uncovered fns)
2026-06-01 23:32:43,601 INFO: CovBayes plan score=1.13 (predicts 2 uncovered fns)
2026-06-01 23:32:44,240 INFO: CovBayes plan score=0.62 (predicts 4 uncovered fns)
2026-06-01 23:32:44,862 INFO: CovBayes plan score=1.13 (predicts 2 uncovered fns)
2026-06-01 23:32:45,680 INFO: CovBayes plan score=1.13 (predicts 2 uncovered fns)
2026-06-01 23:32:45,862 INFO: CovBayes plan score=0.98 (predicts 5 uncovered fns)
2026-06-01 23:32:46,772 INFO: CovBayes plan score=1.13 (predicts 2 uncovered fns)
2026-06-01 23:32:47,370 INFO: CovBayes plan score=0.70 (predicts 5 uncovered fns)
2026-06-01 23:32:48,824 INFO: CovBayes plan score=0.78 (predicts 5 uncovered fns)
2026-06-01 23:32:50,256 INFO: CovBayes plan score=0.38 (predicts 5 uncovered fns)
2026-06-01 23:32:53,426 INFO: CovBayes plan score=0.18 (predicts 0 uncovered fns)
2026-06-01 23:32:54,773 INFO: CovBayes plan score=0.62 (predicts 4 uncovered fns)
2026-06-01 23:32:56,523 INFO: CovBayes plan score=1.00 (predicts 6 uncovered fns)
2026-06-01 23:33:14,799 INFO: CovBayes plan score=0.97 (predicts 2 uncovered fns)
2026-06-01 23:33:18,748 INFO: CovBayes plan score=0.48 (predicts 0 uncovered fns)
2026-06-01 23:33:19,734 INFO: CovBayes plan score=0.97 (predicts 2 uncovered fns)
2026-06-01 23:33:21,925 INFO: CovBayes plan score=3.06 (predicts 9 uncovered fns)
2026-06-01 23:33:22,238 INFO: CovBayes plan score=2.68 (predicts 5 uncovered fns)
2026-06-01 23:33:22,508 INFO: CovBayes plan score=0.97 (predicts 2 uncovered fns)
2026-06-01 23:33:23,300 INFO: CovBayes plan score=0.97 (predicts 2 uncovered fns)
2026-06-01 23:33:25,274 INFO: CovBayes plan score=0.26 (predicts 0 uncovered fns)
2026-06-01 23:33:25,948 INFO: CovBayes plan score=0.17 (predicts 0 uncovered fns)
2026-06-01 23:33:26,152 INFO: CovBayes plan score=0.48 (predicts 0 uncovered fns)
2026-06-01 23:33:26,409 INFO: CovBayes plan score=0.48 (predicts 0 uncovered fns)
2026-06-01 23:33:28,690 INFO: CovBayes plan score=0.26 (predicts 0 uncovered fns)
2026-06-01 23:33:28,912 INFO: CovBayes plan score=0.74 (predicts 1 uncovered fns)
2026-06-01 23:33:29,962 INFO: CovBayes plan score=0.00 (predicts 17 uncovered fns)
2026-06-01 23:33:31,327 INFO: CovBayes plan score=0.72 (predicts 6 uncovered fns)
2026-06-01 23:33:32,729 INFO: CovBayes plan score=0.37 (predicts 5 uncovered fns)
2026-06-01 23:33:33,562 INFO: CovBayes plan score=0.26 (predicts 0 uncovered fns)
2026-06-01 23:33:34,658 INFO: CovBayes plan score=2.18 (predicts 5 uncovered fns)
2026-06-01 23:33:35,466 INFO: CovBayes plan score=1.71 (predicts 3 uncovered fns)
2026-06-01 23:33:35,743 INFO: CovBayes plan score=0.74 (predicts 1 uncovered fns)
2026-06-01 23:33:37,632 INFO: CovBayes plan score=0.17 (predicts 17 uncovered fns)
2026-06-01 23:33:38,170 INFO: CovBayes plan score=0.58 (predicts 2 uncovered fns)
2026-06-01 23:33:39,696 INFO: CovBayes plan score=0.72 (predicts 5 uncovered fns)
2026-06-01 23:33:41,197 INFO: CovBayes plan score=0.76 (predicts 5 uncovered fns)
  [87/93] starlette.formparsers seed=42: {'divhints_random': 2, 'divhints_oracle': 2, 'cov_bayes': 2}
2026-06-01 23:33:51,553 INFO: CovBayes plan score=0.83 (predicts 2 uncovered fns)
2026-06-01 23:33:52,301 INFO: CovBayes plan score=0.83 (predicts 2 uncovered fns)
2026-06-01 23:33:53,918 INFO: CovBayes plan score=0.43 (predicts 2 uncovered fns)
2026-06-01 23:33:54,878 INFO: CovBayes plan score=0.83 (predicts 2 uncovered fns)
2026-06-01 23:33:55,801 INFO: CovBayes plan score=0.83 (predicts 2 uncovered fns)
2026-06-01 23:33:56,509 INFO: CovBayes plan score=0.83 (predicts 2 uncovered fns)
2026-06-01 23:33:56,777 INFO: CovBayes plan score=0.44 (predicts 0 uncovered fns)
2026-06-01 23:33:57,641 INFO: CovBayes plan score=0.83 (predicts 2 uncovered fns)
2026-06-01 23:34:01,498 INFO: CovBayes plan score=0.21 (predicts 0 uncovered fns)
2026-06-01 23:34:05,028 INFO: CovBayes plan score=0.21 (predicts 0 uncovered fns)
2026-06-01 23:34:09,552 INFO: CovBayes plan score=0.21 (predicts 0 uncovered fns)
2026-06-01 23:34:12,204 INFO: CovBayes plan score=0.70 (predicts 1 uncovered fns)
2026-06-01 23:34:17,129 INFO: CovBayes plan score=0.21 (predicts 0 uncovered fns)
2026-06-01 23:34:19,881 INFO: CovBayes plan score=0.76 (predicts 2 uncovered fns)
2026-06-01 23:34:20,838 INFO: CovBayes plan score=0.76 (predicts 2 uncovered fns)
2026-06-01 23:34:21,816 INFO: CovBayes plan score=0.76 (predicts 2 uncovered fns)
2026-06-01 23:34:22,482 INFO: CovBayes plan score=0.21 (predicts 0 uncovered fns)
2026-06-01 23:34:22,811 INFO: CovBayes plan score=0.76 (predicts 2 uncovered fns)
2026-06-01 23:34:23,774 INFO: CovBayes plan score=0.76 (predicts 2 uncovered fns)
2026-06-01 23:34:24,708 INFO: CovBayes plan score=0.76 (predicts 2 uncovered fns)
2026-06-01 23:34:25,111 INFO: CovBayes plan score=0.21 (predicts 0 uncovered fns)
2026-06-01 23:34:25,807 INFO: CovBayes plan score=0.76 (predicts 2 uncovered fns)
2026-06-01 23:34:27,102 INFO: CovBayes plan score=0.76 (predicts 2 uncovered fns)
2026-06-01 23:34:31,657 INFO: CovBayes plan score=0.21 (predicts 0 uncovered fns)
2026-06-01 23:34:42,198 INFO: CovBayes plan score=1.12 (predicts 2 uncovered fns)
2026-06-01 23:34:43,014 INFO: CovBayes plan score=1.60 (predicts 3 uncovered fns)
2026-06-01 23:34:43,812 INFO: CovBayes plan score=1.60 (predicts 3 uncovered fns)
2026-06-01 23:34:46,568 INFO: CovBayes plan score=1.00 (predicts 10 uncovered fns)
2026-06-01 23:34:47,411 INFO: CovBayes plan score=1.60 (predicts 3 uncovered fns)
2026-06-01 23:34:47,962 INFO: CovBayes plan score=1.12 (predicts 2 uncovered fns)
2026-06-01 23:34:48,784 INFO: CovBayes plan score=1.60 (predicts 3 uncovered fns)
2026-06-01 23:34:49,592 INFO: CovBayes plan score=1.60 (predicts 3 uncovered fns)
2026-06-01 23:34:52,331 INFO: CovBayes plan score=0.72 (predicts 2 uncovered fns)
2026-06-01 23:34:53,323 INFO: CovBayes plan score=0.72 (predicts 2 uncovered fns)
2026-06-01 23:34:54,287 INFO: CovBayes plan score=0.72 (predicts 2 uncovered fns)
2026-06-01 23:34:54,573 INFO: CovBayes plan score=0.44 (predicts 0 uncovered fns)
2026-06-01 23:34:55,561 INFO: CovBayes plan score=0.72 (predicts 2 uncovered fns)
2026-06-01 23:34:56,488 INFO: CovBayes plan score=0.72 (predicts 2 uncovered fns)
2026-06-01 23:34:56,801 INFO: CovBayes plan score=0.44 (predicts 0 uncovered fns)
2026-06-01 23:34:58,008 INFO: CovBayes plan score=0.72 (predicts 2 uncovered fns)
2026-06-01 23:34:59,506 INFO: CovBayes plan score=0.21 (predicts 0 uncovered fns)
2026-06-01 23:35:03,650 INFO: CovBayes plan score=0.53 (predicts 1 uncovered fns)
2026-06-01 23:35:08,651 INFO: CovBayes plan score=0.21 (predicts 0 uncovered fns)
2026-06-01 23:35:10,810 INFO: CovBayes plan score=0.00 (predicts 7 uncovered fns)
2026-06-01 23:35:12,529 INFO: CovBayes plan score=0.00 (predicts 7 uncovered fns)
2026-06-01 23:35:14,056 INFO: CovBayes plan score=1.56 (predicts 4 uncovered fns)
2026-06-01 23:35:14,247 INFO: CovBayes plan score=0.00 (predicts 7 uncovered fns)
2026-06-01 23:35:15,961 INFO: CovBayes plan score=0.00 (predicts 7 uncovered fns)
2026-06-01 23:35:17,615 INFO: CovBayes plan score=0.00 (predicts 7 uncovered fns)
2026-06-01 23:35:18,675 INFO: CovBayes plan score=0.21 (predicts 0 uncovered fns)
2026-06-01 23:35:19,194 INFO: CovBayes plan score=0.00 (predicts 7 uncovered fns)
2026-06-01 23:35:19,541 INFO: CovBayes plan score=0.68 (predicts 2 uncovered fns)
2026-06-01 23:35:20,400 INFO: CovBayes plan score=0.68 (predicts 2 uncovered fns)
2026-06-01 23:35:20,760 INFO: CovBayes plan score=0.00 (predicts 7 uncovered fns)
2026-06-01 23:35:21,279 INFO: CovBayes plan score=0.68 (predicts 2 uncovered fns)
2026-06-01 23:35:21,920 INFO: CovBayes plan score=0.68 (predicts 2 uncovered fns)
2026-06-01 23:35:22,303 INFO: CovBayes plan score=0.00 (predicts 7 uncovered fns)
2026-06-01 23:35:22,575 INFO: CovBayes plan score=0.68 (predicts 2 uncovered fns)
2026-06-01 23:35:22,807 INFO: CovBayes plan score=0.21 (predicts 0 uncovered fns)
2026-06-01 23:35:25,408 INFO: CovBayes plan score=0.44 (predicts 0 uncovered fns)
2026-06-01 23:35:26,238 INFO: CovBayes plan score=0.68 (predicts 2 uncovered fns)
2026-06-01 23:35:26,474 INFO: CovBayes plan score=0.21 (predicts 0 uncovered fns)
2026-06-01 23:35:26,712 INFO: CovBayes plan score=0.68 (predicts 2 uncovered fns)
2026-06-01 23:35:29,896 INFO: CovBayes plan score=0.21 (predicts 0 uncovered fns)
  [88/93] starlette.testclient seed=42: {'divhints_random': 4, 'divhints_oracle': 4, 'cov_bayes': 4}
2026-06-01 23:35:45,994 INFO: CovBayes plan score=0.00 (predicts 7 uncovered fns)
2026-06-01 23:35:46,356 INFO: CovBayes plan score=0.07 (predicts 0 uncovered fns)
2026-06-01 23:35:48,444 INFO: CovBayes plan score=0.00 (predicts 7 uncovered fns)
2026-06-01 23:35:50,537 INFO: CovBayes plan score=0.00 (predicts 7 uncovered fns)
2026-06-01 23:35:52,568 INFO: CovBayes plan score=0.00 (predicts 7 uncovered fns)
2026-06-01 23:35:54,421 INFO: CovBayes plan score=0.00 (predicts 7 uncovered fns)
2026-06-01 23:35:56,152 INFO: CovBayes plan score=0.00 (predicts 7 uncovered fns)
2026-06-01 23:35:57,957 INFO: CovBayes plan score=0.00 (predicts 7 uncovered fns)
2026-06-01 23:35:59,320 INFO: CovBayes plan score=1.29 (predicts 5 uncovered fns)
2026-06-01 23:35:59,687 INFO: CovBayes plan score=3.52 (predicts 7 uncovered fns)
2026-06-01 23:36:01,381 INFO: CovBayes plan score=0.19 (predicts 0 uncovered fns)
2026-06-01 23:36:01,630 INFO: CovBayes plan score=3.75 (predicts 8 uncovered fns)
2026-06-01 23:36:03,563 INFO: CovBayes plan score=4.00 (predicts 8 uncovered fns)
2026-06-01 23:36:05,621 INFO: CovBayes plan score=0.19 (predicts 0 uncovered fns)
2026-06-01 23:36:05,780 INFO: CovBayes plan score=4.00 (predicts 8 uncovered fns)
2026-06-01 23:36:07,938 INFO: CovBayes plan score=4.00 (predicts 8 uncovered fns)
2026-06-01 23:36:10,095 INFO: CovBayes plan score=3.50 (predicts 8 uncovered fns)
2026-06-01 23:36:10,216 INFO: CovBayes plan score=0.19 (predicts 0 uncovered fns)
2026-06-01 23:36:11,882 INFO: CovBayes plan score=3.52 (predicts 7 uncovered fns)
2026-06-01 23:36:13,831 INFO: CovBayes plan score=4.00 (predicts 8 uncovered fns)
2026-06-01 23:36:14,122 INFO: CovBayes plan score=0.19 (predicts 0 uncovered fns)
2026-06-01 23:36:17,863 INFO: CovBayes plan score=0.19 (predicts 0 uncovered fns)
2026-06-01 23:36:21,272 INFO: CovBayes plan score=0.00 (predicts 7 uncovered fns)
2026-06-01 23:36:22,983 INFO: CovBayes plan score=0.00 (predicts 7 uncovered fns)
2026-06-01 23:36:23,003 INFO: CovBayes plan score=0.19 (predicts 0 uncovered fns)
2026-06-01 23:36:24,712 INFO: CovBayes plan score=0.00 (predicts 7 uncovered fns)
2026-06-01 23:36:26,420 INFO: CovBayes plan score=0.00 (predicts 7 uncovered fns)
2026-06-01 23:36:26,794 INFO: CovBayes plan score=0.19 (predicts 0 uncovered fns)
2026-06-01 23:36:28,123 INFO: CovBayes plan score=0.00 (predicts 7 uncovered fns)
2026-06-01 23:36:29,827 INFO: CovBayes plan score=0.00 (predicts 7 uncovered fns)
2026-06-01 23:36:31,545 INFO: CovBayes plan score=0.00 (predicts 7 uncovered fns)
2026-06-01 23:36:33,223 INFO: CovBayes plan score=0.00 (predicts 7 uncovered fns)
2026-06-01 23:36:36,539 INFO: CovBayes plan score=0.04 (predicts 0 uncovered fns)
2026-06-01 23:36:37,359 INFO: CovBayes plan score=1.33 (predicts 4 uncovered fns)
2026-06-01 23:36:38,491 INFO: CovBayes plan score=0.04 (predicts 0 uncovered fns)
2026-06-01 23:36:39,320 INFO: CovBayes plan score=1.00 (predicts 4 uncovered fns)
2026-06-01 23:36:40,269 INFO: CovBayes plan score=1.33 (predicts 4 uncovered fns)
2026-06-01 23:36:41,211 INFO: CovBayes plan score=1.33 (predicts 4 uncovered fns)
2026-06-01 23:36:42,143 INFO: CovBayes plan score=1.33 (predicts 4 uncovered fns)
2026-06-01 23:36:43,070 INFO: CovBayes plan score=1.33 (predicts 4 uncovered fns)
2026-06-01 23:36:53,996 INFO: CovBayes plan score=0.18 (predicts 0 uncovered fns)
2026-06-01 23:36:56,041 INFO: CovBayes plan score=0.00 (predicts 7 uncovered fns)
2026-06-01 23:36:57,949 INFO: CovBayes plan score=0.00 (predicts 7 uncovered fns)
2026-06-01 23:36:58,755 INFO: CovBayes plan score=0.18 (predicts 0 uncovered fns)
2026-06-01 23:36:59,884 INFO: CovBayes plan score=0.00 (predicts 7 uncovered fns)
2026-06-01 23:37:01,805 INFO: CovBayes plan score=0.00 (predicts 7 uncovered fns)
2026-06-01 23:37:03,342 INFO: CovBayes plan score=0.18 (predicts 0 uncovered fns)
2026-06-01 23:37:03,758 INFO: CovBayes plan score=0.00 (predicts 7 uncovered fns)
2026-06-01 23:37:05,609 INFO: CovBayes plan score=0.00 (predicts 7 uncovered fns)
2026-06-01 23:37:07,392 INFO: CovBayes plan score=0.00 (predicts 7 uncovered fns)
2026-06-01 23:37:09,351 INFO: CovBayes plan score=0.00 (predicts 7 uncovered fns)
2026-06-01 23:37:09,353 INFO: CovBayes plan score=0.18 (predicts 0 uncovered fns)
2026-06-01 23:37:10,097 INFO: CovBayes plan score=0.03 (predicts 0 uncovered fns)
2026-06-01 23:37:10,961 INFO: CovBayes plan score=1.00 (predicts 4 uncovered fns)
2026-06-01 23:37:12,134 INFO: CovBayes plan score=0.03 (predicts 0 uncovered fns)
2026-06-01 23:37:12,368 INFO: CovBayes plan score=0.18 (predicts 0 uncovered fns)
2026-06-01 23:37:13,305 INFO: CovBayes plan score=0.03 (predicts 0 uncovered fns)
2026-06-01 23:37:14,457 INFO: CovBayes plan score=0.03 (predicts 0 uncovered fns)
2026-06-01 23:37:15,786 INFO: CovBayes plan score=0.03 (predicts 0 uncovered fns)
2026-06-01 23:37:16,721 INFO: CovBayes plan score=1.00 (predicts 4 uncovered fns)
2026-06-01 23:37:17,657 INFO: CovBayes plan score=1.00 (predicts 4 uncovered fns)
2026-06-01 23:37:18,567 INFO: CovBayes plan score=0.59 (predicts 2 uncovered fns)
2026-06-01 23:37:22,548 INFO: CovBayes plan score=0.37 (predicts 1 uncovered fns)
2026-06-01 23:37:27,024 INFO: CovBayes plan score=0.18 (predicts 0 uncovered fns)
2026-06-01 23:37:29,541 INFO: CovBayes plan score=0.00 (predicts 7 uncovered fns)
2026-06-01 23:37:31,240 INFO: CovBayes plan score=0.00 (predicts 7 uncovered fns)
2026-06-01 23:37:32,943 INFO: CovBayes plan score=0.00 (predicts 7 uncovered fns)
2026-06-01 23:37:34,846 INFO: CovBayes plan score=0.00 (predicts 7 uncovered fns)
2026-06-01 23:37:36,757 INFO: CovBayes plan score=0.00 (predicts 7 uncovered fns)
2026-06-01 23:37:38,629 INFO: CovBayes plan score=0.00 (predicts 7 uncovered fns)
2026-06-01 23:37:40,402 INFO: CovBayes plan score=0.00 (predicts 7 uncovered fns)
2026-06-01 23:37:40,536 INFO: CovBayes plan score=0.60 (predicts 3 uncovered fns)
2026-06-01 23:37:41,161 INFO: CovBayes plan score=0.60 (predicts 3 uncovered fns)
2026-06-01 23:37:41,787 INFO: CovBayes plan score=0.60 (predicts 3 uncovered fns)
2026-06-01 23:37:42,158 INFO: CovBayes plan score=0.00 (predicts 7 uncovered fns)
2026-06-01 23:37:42,411 INFO: CovBayes plan score=0.60 (predicts 3 uncovered fns)
2026-06-01 23:37:43,265 INFO: CovBayes plan score=0.02 (predicts 0 uncovered fns)
2026-06-01 23:37:43,895 INFO: CovBayes plan score=0.60 (predicts 3 uncovered fns)
2026-06-01 23:37:44,525 INFO: CovBayes plan score=0.60 (predicts 3 uncovered fns)
2026-06-01 23:37:45,124 INFO: CovBayes plan score=0.60 (predicts 3 uncovered fns)
2026-06-01 23:37:50,480 INFO: CovBayes plan score=0.18 (predicts 0 uncovered fns)
2026-06-01 23:37:55,186 INFO: CovBayes plan score=0.18 (predicts 0 uncovered fns)
2026-06-01 23:38:01,940 INFO: CovBayes plan score=0.18 (predicts 0 uncovered fns)
2026-06-01 23:38:03,382 INFO: CovBayes plan score=0.00 (predicts 7 uncovered fns)
2026-06-01 23:38:05,115 INFO: CovBayes plan score=0.00 (predicts 7 uncovered fns)
2026-06-01 23:38:06,284 INFO: CovBayes plan score=0.18 (predicts 0 uncovered fns)
2026-06-01 23:38:07,076 INFO: CovBayes plan score=0.00 (predicts 7 uncovered fns)
2026-06-01 23:38:08,861 INFO: CovBayes plan score=0.00 (predicts 7 uncovered fns)
2026-06-01 23:38:09,633 INFO: CovBayes plan score=0.18 (predicts 0 uncovered fns)
2026-06-01 23:38:10,640 INFO: CovBayes plan score=0.00 (predicts 7 uncovered fns)
2026-06-01 23:38:11,072 INFO: CovBayes plan score=0.50 (predicts 3 uncovered fns)
2026-06-01 23:38:11,701 INFO: CovBayes plan score=0.50 (predicts 3 uncovered fns)
2026-06-01 23:38:12,393 INFO: CovBayes plan score=0.00 (predicts 7 uncovered fns)
2026-06-01 23:38:12,601 INFO: CovBayes plan score=0.01 (predicts 0 uncovered fns)
2026-06-01 23:38:13,232 INFO: CovBayes plan score=0.50 (predicts 3 uncovered fns)
2026-06-01 23:38:13,863 INFO: CovBayes plan score=0.50 (predicts 3 uncovered fns)
2026-06-01 23:38:14,177 INFO: CovBayes plan score=0.00 (predicts 7 uncovered fns)
2026-06-01 23:38:14,515 INFO: CovBayes plan score=0.50 (predicts 3 uncovered fns)
2026-06-01 23:38:15,146 INFO: CovBayes plan score=0.50 (predicts 3 uncovered fns)
2026-06-01 23:38:15,778 INFO: CovBayes plan score=0.50 (predicts 3 uncovered fns)
2026-06-01 23:38:15,942 INFO: CovBayes plan score=0.00 (predicts 7 uncovered fns)
2026-06-01 23:38:15,954 INFO: CovBayes plan score=1.05 (predicts 4 uncovered fns)
2026-06-01 23:38:18,865 INFO: CovBayes plan score=0.18 (predicts 0 uncovered fns)
2026-06-01 23:38:24,261 INFO: CovBayes plan score=0.18 (predicts 0 uncovered fns)
2026-06-01 23:38:40,360 INFO: CovBayes plan score=0.43 (predicts 3 uncovered fns)
2026-06-01 23:38:40,612 INFO: CovBayes plan score=0.00 (predicts 7 uncovered fns)
2026-06-01 23:38:41,004 INFO: CovBayes plan score=0.43 (predicts 3 uncovered fns)
2026-06-01 23:38:41,650 INFO: CovBayes plan score=0.43 (predicts 3 uncovered fns)
2026-06-01 23:38:42,279 INFO: CovBayes plan score=0.43 (predicts 3 uncovered fns)
2026-06-01 23:38:42,374 INFO: CovBayes plan score=0.00 (predicts 7 uncovered fns)
2026-06-01 23:38:42,931 INFO: CovBayes plan score=0.43 (predicts 3 uncovered fns)
2026-06-01 23:38:43,543 INFO: CovBayes plan score=0.43 (predicts 3 uncovered fns)
2026-06-01 23:38:44,083 INFO: CovBayes plan score=0.00 (predicts 7 uncovered fns)
2026-06-01 23:38:44,170 INFO: CovBayes plan score=0.43 (predicts 3 uncovered fns)
2026-06-01 23:38:44,756 INFO: CovBayes plan score=0.43 (predicts 3 uncovered fns)
2026-06-01 23:38:45,662 INFO: CovBayes plan score=0.00 (predicts 7 uncovered fns)
2026-06-01 23:38:51,267 INFO: CovBayes plan score=0.17 (predicts 0 uncovered fns)
2026-06-01 23:38:52,630 INFO: CovBayes plan score=0.93 (predicts 7 uncovered fns)
2026-06-01 23:38:53,825 INFO: CovBayes plan score=0.17 (predicts 0 uncovered fns)
2026-06-01 23:38:54,351 INFO: CovBayes plan score=0.00 (predicts 7 uncovered fns)
2026-06-01 23:38:56,061 INFO: CovBayes plan score=0.00 (predicts 7 uncovered fns)
2026-06-01 23:38:57,782 INFO: CovBayes plan score=0.00 (predicts 7 uncovered fns)
2026-06-01 23:38:59,251 INFO: CovBayes plan score=0.17 (predicts 0 uncovered fns)
2026-06-01 23:39:02,050 INFO: CovBayes plan score=0.31 (predicts 1 uncovered fns)
  [89/93] starlette.staticfiles seed=42: {'divhints_random': 11, 'divhints_oracle': 11, 'cov_bayes': 11}
2026-06-01 23:39:05,262 INFO: CovBayes plan score=0.17 (predicts 0 uncovered fns)
2026-06-01 23:39:07,398 INFO: CovBayes plan score=0.38 (predicts 3 uncovered fns)
2026-06-01 23:39:07,936 INFO: CovBayes plan score=0.38 (predicts 3 uncovered fns)
2026-06-01 23:39:08,478 INFO: CovBayes plan score=0.38 (predicts 3 uncovered fns)
2026-06-01 23:39:08,768 INFO: CovBayes plan score=0.17 (predicts 0 uncovered fns)
2026-06-01 23:39:09,241 INFO: CovBayes plan score=0.01 (predicts 0 uncovered fns)
2026-06-01 23:39:09,779 INFO: CovBayes plan score=0.38 (predicts 3 uncovered fns)
2026-06-01 23:39:10,319 INFO: CovBayes plan score=0.38 (predicts 3 uncovered fns)
2026-06-01 23:39:10,860 INFO: CovBayes plan score=0.38 (predicts 3 uncovered fns)
2026-06-01 23:39:11,399 INFO: CovBayes plan score=0.38 (predicts 3 uncovered fns)
2026-06-01 23:39:14,281 INFO: CovBayes plan score=0.17 (predicts 0 uncovered fns)
2026-06-01 23:39:16,447 INFO: CovBayes plan score=0.17 (predicts 0 uncovered fns)
2026-06-01 23:39:37,763 INFO: CovBayes plan score=0.33 (predicts 3 uncovered fns)
2026-06-01 23:39:38,389 INFO: CovBayes plan score=0.33 (predicts 3 uncovered fns)
2026-06-01 23:39:39,013 INFO: CovBayes plan score=0.33 (predicts 3 uncovered fns)
2026-06-01 23:39:39,657 INFO: CovBayes plan score=0.33 (predicts 3 uncovered fns)
2026-06-01 23:39:40,282 INFO: CovBayes plan score=0.33 (predicts 3 uncovered fns)
2026-06-01 23:39:40,908 INFO: CovBayes plan score=0.33 (predicts 3 uncovered fns)
2026-06-01 23:39:41,532 INFO: CovBayes plan score=0.33 (predicts 3 uncovered fns)
2026-06-01 23:39:42,164 INFO: CovBayes plan score=0.33 (predicts 3 uncovered fns)
2026-06-01 23:39:42,789 INFO: CovBayes plan score=0.17 (predicts 0 uncovered fns)
2026-06-01 23:39:46,728 INFO: CovBayes plan score=0.17 (predicts 0 uncovered fns)
  [90/93] starlette.middleware.errors seed=42: {'divhints_random': 34, 'divhints_oracle': 35, 'cov_bayes': 10}
2026-06-01 23:39:50,260 INFO: CovBayes plan score=0.17 (predicts 0 uncovered fns)
2026-06-01 23:39:53,231 INFO: CovBayes plan score=0.17 (predicts 0 uncovered fns)
2026-06-01 23:39:57,106 INFO: CovBayes plan score=0.17 (predicts 0 uncovered fns)
2026-06-01 23:40:00,091 INFO: CovBayes plan score=0.17 (predicts 0 uncovered fns)
2026-06-01 23:40:02,945 INFO: CovBayes plan score=0.17 (predicts 0 uncovered fns)
2026-06-01 23:40:06,145 INFO: CovBayes plan score=0.17 (predicts 0 uncovered fns)
  [91/93] starlette.applications seed=42: {'divhints_random': 8, 'divhints_oracle': 10, 'cov_bayes': 2}
2026-06-01 23:43:02,423 INFO: CovBayes plan score=5.50 (predicts 7 uncovered fns)
2026-06-01 23:43:02,907 INFO: CovBayes plan score=1.13 (predicts 2 uncovered fns)
2026-06-01 23:43:03,391 INFO: CovBayes plan score=1.13 (predicts 2 uncovered fns)
2026-06-01 23:43:05,007 INFO: CovBayes plan score=5.02 (predicts 6 uncovered fns)
2026-06-01 23:43:06,494 INFO: CovBayes plan score=4.04 (predicts 6 uncovered fns)
2026-06-01 23:43:07,552 INFO: CovBayes plan score=0.58 (predicts 2 uncovered fns)
2026-06-01 23:43:08,008 INFO: CovBayes plan score=1.07 (predicts 2 uncovered fns)
2026-06-01 23:43:08,162 INFO: CovBayes plan score=5.50 (predicts 7 uncovered fns)
2026-06-01 23:43:08,483 INFO: CovBayes plan score=1.07 (predicts 2 uncovered fns)
2026-06-01 23:43:08,613 INFO: CovBayes plan score=1.13 (predicts 2 uncovered fns)
2026-06-01 23:43:08,968 INFO: CovBayes plan score=1.07 (predicts 2 uncovered fns)
2026-06-01 23:43:09,054 INFO: CovBayes plan score=1.13 (predicts 2 uncovered fns)
2026-06-01 23:43:09,415 INFO: CovBayes plan score=1.07 (predicts 2 uncovered fns)
2026-06-01 23:43:09,847 INFO: CovBayes plan score=1.07 (predicts 2 uncovered fns)
2026-06-01 23:43:10,280 INFO: CovBayes plan score=1.07 (predicts 2 uncovered fns)
2026-06-01 23:43:10,712 INFO: CovBayes plan score=1.07 (predicts 2 uncovered fns)
2026-06-01 23:43:33,092 INFO: CovBayes plan score=0.00 (predicts 5 uncovered fns)
2026-06-01 23:43:33,632 INFO: CovBayes plan score=0.33 (predicts 1 uncovered fns)
2026-06-01 23:43:33,869 INFO: CovBayes plan score=0.33 (predicts 1 uncovered fns)
2026-06-01 23:43:34,106 INFO: CovBayes plan score=0.00 (predicts 1 uncovered fns)
2026-06-01 23:43:34,191 INFO: CovBayes plan score=0.00 (predicts 5 uncovered fns)
2026-06-01 23:43:34,360 INFO: CovBayes plan score=0.33 (predicts 1 uncovered fns)
2026-06-01 23:43:34,596 INFO: CovBayes plan score=0.33 (predicts 1 uncovered fns)
2026-06-01 23:43:34,832 INFO: CovBayes plan score=0.33 (predicts 1 uncovered fns)
2026-06-01 23:43:35,068 INFO: CovBayes plan score=0.00 (predicts 1 uncovered fns)
2026-06-01 23:43:35,267 INFO: CovBayes plan score=0.00 (predicts 5 uncovered fns)
2026-06-01 23:43:35,300 INFO: CovBayes plan score=0.33 (predicts 1 uncovered fns)
2026-06-01 23:43:36,253 INFO: CovBayes plan score=0.00 (predicts 5 uncovered fns)
2026-06-01 23:43:37,225 INFO: CovBayes plan score=0.00 (predicts 5 uncovered fns)
2026-06-01 23:43:38,198 INFO: CovBayes plan score=0.00 (predicts 5 uncovered fns)
2026-06-01 23:43:39,170 INFO: CovBayes plan score=0.00 (predicts 5 uncovered fns)
2026-06-01 23:43:40,141 INFO: CovBayes plan score=0.00 (predicts 5 uncovered fns)
2026-06-01 23:43:58,019 INFO: CovBayes plan score=0.25 (predicts 1 uncovered fns)
2026-06-01 23:43:58,290 INFO: CovBayes plan score=0.20 (predicts 1 uncovered fns)
2026-06-01 23:43:58,562 INFO: CovBayes plan score=0.25 (predicts 1 uncovered fns)
2026-06-01 23:43:58,831 INFO: CovBayes plan score=0.25 (predicts 1 uncovered fns)
2026-06-01 23:43:59,102 INFO: CovBayes plan score=0.25 (predicts 1 uncovered fns)
2026-06-01 23:43:59,374 INFO: CovBayes plan score=0.00 (predicts 1 uncovered fns)
2026-06-01 23:43:59,646 INFO: CovBayes plan score=0.25 (predicts 1 uncovered fns)
2026-06-01 23:43:59,904 INFO: CovBayes plan score=0.25 (predicts 1 uncovered fns)
2026-06-01 23:44:02,724 INFO: CovBayes plan score=0.00 (predicts 5 uncovered fns)
2026-06-01 23:44:03,692 INFO: CovBayes plan score=0.00 (predicts 5 uncovered fns)
2026-06-01 23:44:04,665 INFO: CovBayes plan score=0.00 (predicts 5 uncovered fns)
2026-06-01 23:44:06,807 INFO: CovBayes plan score=0.05 (predicts 0 uncovered fns)
2026-06-01 23:44:07,956 INFO: CovBayes plan score=0.00 (predicts 5 uncovered fns)
2026-06-01 23:44:09,109 INFO: CovBayes plan score=0.00 (predicts 5 uncovered fns)
2026-06-01 23:44:10,265 INFO: CovBayes plan score=0.00 (predicts 5 uncovered fns)
2026-06-01 23:44:11,419 INFO: CovBayes plan score=0.00 (predicts 5 uncovered fns)
2026-06-01 23:44:22,327 INFO: CovBayes plan score=0.20 (predicts 1 uncovered fns)
2026-06-01 23:44:22,606 INFO: CovBayes plan score=0.20 (predicts 1 uncovered fns)
2026-06-01 23:44:22,871 INFO: CovBayes plan score=0.16 (predicts 1 uncovered fns)
2026-06-01 23:44:23,139 INFO: CovBayes plan score=0.00 (predicts 1 uncovered fns)
2026-06-01 23:44:23,408 INFO: CovBayes plan score=0.16 (predicts 1 uncovered fns)
2026-06-01 23:44:23,673 INFO: CovBayes plan score=0.16 (predicts 1 uncovered fns)
2026-06-01 23:44:23,943 INFO: CovBayes plan score=0.20 (predicts 1 uncovered fns)
2026-06-01 23:44:24,212 INFO: CovBayes plan score=0.20 (predicts 1 uncovered fns)
2026-06-01 23:44:32,241 INFO: CovBayes plan score=0.00 (predicts 5 uncovered fns)
2026-06-01 23:44:33,396 INFO: CovBayes plan score=0.00 (predicts 5 uncovered fns)
2026-06-01 23:44:34,552 INFO: CovBayes plan score=0.00 (predicts 5 uncovered fns)
2026-06-01 23:44:35,708 INFO: CovBayes plan score=0.00 (predicts 5 uncovered fns)
2026-06-01 23:44:36,873 INFO: CovBayes plan score=0.00 (predicts 5 uncovered fns)
2026-06-01 23:44:38,040 INFO: CovBayes plan score=0.00 (predicts 5 uncovered fns)
2026-06-01 23:44:39,209 INFO: CovBayes plan score=0.00 (predicts 5 uncovered fns)
2026-06-01 23:44:40,380 INFO: CovBayes plan score=0.00 (predicts 5 uncovered fns)
2026-06-01 23:44:45,558 INFO: CovBayes plan score=0.17 (predicts 1 uncovered fns)
2026-06-01 23:44:45,789 INFO: CovBayes plan score=0.15 (predicts 1 uncovered fns)
2026-06-01 23:44:46,122 INFO: CovBayes plan score=0.00 (predicts 1 uncovered fns)
2026-06-01 23:44:46,388 INFO: CovBayes plan score=0.17 (predicts 1 uncovered fns)
2026-06-01 23:44:46,653 INFO: CovBayes plan score=0.17 (predicts 1 uncovered fns)
2026-06-01 23:44:46,916 INFO: CovBayes plan score=0.17 (predicts 1 uncovered fns)
2026-06-01 23:44:47,183 INFO: CovBayes plan score=0.17 (predicts 1 uncovered fns)
2026-06-01 23:44:47,448 INFO: CovBayes plan score=0.17 (predicts 1 uncovered fns)
2026-06-01 23:45:03,187 INFO: CovBayes plan score=0.00 (predicts 5 uncovered fns)
2026-06-01 23:45:04,326 INFO: CovBayes plan score=0.00 (predicts 5 uncovered fns)
2026-06-01 23:45:05,450 INFO: CovBayes plan score=0.00 (predicts 5 uncovered fns)
2026-06-01 23:45:06,562 INFO: CovBayes plan score=0.00 (predicts 5 uncovered fns)
2026-06-01 23:45:07,651 INFO: CovBayes plan score=0.00 (predicts 5 uncovered fns)
2026-06-01 23:45:08,670 INFO: CovBayes plan score=0.00 (predicts 5 uncovered fns)
2026-06-01 23:45:09,639 INFO: CovBayes plan score=0.00 (predicts 5 uncovered fns)
2026-06-01 23:45:10,609 INFO: CovBayes plan score=0.00 (predicts 5 uncovered fns)
2026-06-01 23:45:33,484 INFO: CovBayes plan score=0.00 (predicts 5 uncovered fns)
2026-06-01 23:45:34,457 INFO: CovBayes plan score=0.00 (predicts 5 uncovered fns)
2026-06-01 23:45:35,429 INFO: CovBayes plan score=0.00 (predicts 5 uncovered fns)
2026-06-01 23:45:36,400 INFO: CovBayes plan score=0.00 (predicts 5 uncovered fns)
2026-06-01 23:45:37,635 INFO: CovBayes plan score=0.00 (predicts 5 uncovered fns)
2026-06-01 23:45:38,778 INFO: CovBayes plan score=0.00 (predicts 5 uncovered fns)
2026-06-01 23:45:39,927 INFO: CovBayes plan score=0.00 (predicts 5 uncovered fns)
2026-06-01 23:45:41,081 INFO: CovBayes plan score=0.00 (predicts 5 uncovered fns)
  [92/93] starlette.templating seed=42: {'divhints_random': 19, 'divhints_oracle': 25, 'cov_bayes': 25}
2026-06-01 23:46:02,546 INFO: CovBayes plan score=0.00 (predicts 5 uncovered fns)
2026-06-01 23:46:03,519 INFO: CovBayes plan score=0.00 (predicts 5 uncovered fns)
2026-06-01 23:46:04,484 INFO: CovBayes plan score=0.00 (predicts 5 uncovered fns)
2026-06-01 23:46:05,456 INFO: CovBayes plan score=0.00 (predicts 5 uncovered fns)
2026-06-01 23:46:06,426 INFO: CovBayes plan score=0.00 (predicts 5 uncovered fns)
2026-06-01 23:46:07,399 INFO: CovBayes plan score=0.00 (predicts 5 uncovered fns)
2026-06-01 23:46:08,371 INFO: CovBayes plan score=0.00 (predicts 5 uncovered fns)
2026-06-01 23:46:09,340 INFO: CovBayes plan score=0.00 (predicts 5 uncovered fns)
2026-06-01 23:46:29,446 INFO: CovBayes plan score=0.00 (predicts 5 uncovered fns)
2026-06-01 23:46:30,419 INFO: CovBayes plan score=0.00 (predicts 5 uncovered fns)
2026-06-01 23:46:31,392 INFO: CovBayes plan score=0.00 (predicts 5 uncovered fns)
2026-06-01 23:46:32,364 INFO: CovBayes plan score=0.00 (predicts 5 uncovered fns)
2026-06-01 23:46:33,337 INFO: CovBayes plan score=0.00 (predicts 5 uncovered fns)
2026-06-01 23:46:34,309 INFO: CovBayes plan score=0.00 (predicts 5 uncovered fns)
2026-06-01 23:46:35,281 INFO: CovBayes plan score=0.00 (predicts 5 uncovered fns)
2026-06-01 23:46:36,253 INFO: CovBayes plan score=0.00 (predicts 5 uncovered fns)
  [93/93] starlette.middleware.base seed=42: {'divhints_random': 31, 'divhints_oracle': 34, 'cov_bayes': 8}

======================================================================
RESULTS
======================================================================

Module                              seed  divhints_ra  divhints_or    cov_bayes
-------------------------------------------------------------------------------
click.types                           42           10           11           11
click.utils                           42           17           21           19
click.parser                          42           20           22           21
click.testing                         42           37           37           37
click.decorators                      42           23           27           23
click.termui                          42           19           17           15
click.core                            42           59           89           88
click.shell_completion                42           10           10           12
click.formatting                      42           29           31           29
click.exceptions                      42           13           15           13
requests.sessions                     42           13           13           19
requests.utils                        42            6            6            8
requests.models                       42           28           28           28
requests.adapters                     42           53           88           77
requests.auth                         42           49           50           49
requests.cookies                      42            8            8            8
flask.app                             42            2          100          100
flask.cli                             42           77           78           75
flask.helpers                         42            9           10            9
flask.ctx                             42           59           60           59
flask.testing                         42            9            9            8
flask.config                          42           31           36           31
flask.sessions                        42            4            4            4
flask.json.tag                        42            6           25            6
flask.templating                      42           49           50           47
flask.json.provider                   42           46           46           46
rich.table                            42           27           27           27
rich.text                             42           30           30           29
rich.console                          42          202          262          202
rich.pretty                           42            9            9           75
rich.progress                         42           54          145           54
rich.syntax                           42           56           66           53
rich.markdown                         42           18           18           18
rich.style                            42           81           95           79
rich.traceback                        42           68           73           75
rich.color                            42           26           26           26
rich.segment                          42           60           60           60
rich.layout                           42           17           17           17
jinja2.filters                        42          129          139          127
jinja2.compiler                       42          143           37          112
jinja2.environment                    42           49           83           75
jinja2.nodes                          42           10           11           11
jinja2.runtime                        42           67           67           66
jinja2.ext                            42            4            4            4
jinja2.parser                         42           13           13           69
jinja2.utils                          42           11           11           11
jinja2.lexer                          42           34          111           41
jinja2.loaders                        42           25           26           24
jinja2.sandbox                        42           59           77           80
jinja2.bccache                        42            5            5            5
httpx._models                         42           74          116          103
httpx._client                         42           41          149          138
httpx._urls                           42           41           43           42
httpx._main                           42           80           82           80
httpx._urlparse                       42            4           69            4
httpx._api                            42            6            6            6
httpx._utils                          42           26           26           26
httpx._transports.default             42            5            5            5
httpx._config                         42           25           26           20
httpx._auth                           42           53           55           55
pydantic.types                        42          126          157          145
pydantic.fields                       42           98          125          101
pydantic.main                         42          149          189          172
pydantic.config                       42            1            1            1
pydantic.json_schema                  42          268          296          266
pydantic.networks                     42           34           35           34
pydantic.functional_validators        42           36           36           36
pydantic.color                        42           17           82           84
pydantic.type_adapter                 42           17           18           16
pydantic.functional_serializers       42           22           22           22
werkzeug.http                         42           22           26           22
werkzeug.datastructures.structures    42           23           23           13
werkzeug.serving                      42           20          100          102
werkzeug.routing.map                  42           67           72           67
werkzeug.routing.rules                42           16           16           16
werkzeug.exceptions                   42           22           23           21
werkzeug.wrappers.response            42           59           63           56
werkzeug.utils                        42           16           16           15
werkzeug.sansio.response              42           63           76           71
werkzeug.wrappers.request             42           60           66           53
werkzeug.local                        42           30           32           32
werkzeug.wsgi                         42           13           13           13
starlette.routing                     42            6            6            6
starlette.datastructures              42           51           51           51
starlette.requests                    42           35           35           35
starlette.responses                   42           25           26           25
starlette.formparsers                 42            2            2            2
starlette.testclient                  42            4            4            4
starlette.staticfiles                 42           11           11           11
starlette.middleware.errors           42           34           35           10
starlette.applications                42            8           10            2
starlette.templating                  42           19           25           25
starlette.middleware.base             42           31           34            8

======================================================================
STATISTICS
======================================================================

Per-strategy means (n=93):
  divhints_random      branches=  39.2 ± 4.4  lines=127.0  pass_rate=80%
  divhints_oracle      branches=  49.5 ± 5.5  lines=144.3  pass_rate=79%
  cov_bayes            branches=  45.1 ± 4.8  lines=140.9  pass_rate=77%

divhints_oracle vs divhints_random (Exp 1 ceiling): Δ=+10.4 ± 2.8  W=54 L=2 T=37  d=0.39  p=0.0003 ***

Per-repo means:

  click (10 runs):
    divhints_random      mean=23.7
    divhints_oracle      mean=28.0
    cov_bayes            mean=26.8

  flask (10 runs):
    divhints_random      mean=29.2
    divhints_oracle      mean=41.8
    cov_bayes            mean=38.5

  httpx (10 runs):
    divhints_random      mean=35.5
    divhints_oracle      mean=57.7
    cov_bayes            mean=47.9

  jinja2 (12 runs):
    divhints_random      mean=45.8
    divhints_oracle      mean=48.7
    cov_bayes            mean=52.1

  pydantic (10 runs):
    divhints_random      mean=76.8
    divhints_oracle      mean=96.1
    cov_bayes            mean=87.7

  requests (6 runs):
    divhints_random      mean=26.2
    divhints_oracle      mean=32.2
    cov_bayes            mean=31.5

  rich (12 runs):
    divhints_random      mean=54.0
    divhints_oracle      mean=69.0
    cov_bayes            mean=59.6

  starlette (11 runs):
    divhints_random      mean=20.5
    divhints_oracle      mean=21.7
    cov_bayes            mean=16.3

  werkzeug (12 runs):
    divhints_random      mean=34.2
    divhints_oracle      mean=43.8
    cov_bayes            mean=40.1

Cost: $0.0000 | Time: 17710s (295.2m)
Saved to /share/edc/home/aamayuelasfernandez/qcurious-tester/results/repo_explore_bench/exp_covbayes_k8_gemma.json
