2026-09-22 17:45:12,187 INFO: RepoExploreBench: 93 targets across 9 repos
======================================================================
RepoExploreBench v2.0
  Targets: 93 files across 9 repos
  Strategies: ['random', 'greedy', 'cov_greedy', 'covqvalue2']
  Seeds: [123]
  Exec budget: 24 per run
  Map mode: full
  Total runs: 372
======================================================================
  Connectivity: OK

  Fetching source code...
    click.core: 114085 chars
    click.types: 36390 chars
    click.termui: 28323 chars
    click.utils: 20295 chars
    click.shell_completion: 18459 chars
    click.decorators: 18718 chars
    click.parser: 19066 chars
    click.testing: 16083 chars
    click.formatting: 9705 chars
    click.exceptions: 9272 chars
    requests.utils: 33447 chars
    requests.models: 35222 chars
    requests.sessions: 30372 chars
    requests.cookies: 18559 chars
    requests.adapters: 19552 chars
    requests.auth: 10186 chars
    flask.app: 59200 chars
    flask.cli: 33820 chars
    flask.helpers: 22991 chars
    flask.ctx: 14840 chars
    flask.sessions: 14168 chars
    flask.config: 12855 chars
    flask.json.tag: 8870 chars
    flask.testing: 10016 chars
    flask.templating: 7537 chars
    flask.json.provider: 7639 chars
    rich.console: 99096 chars
    rich.progress: 59691 chars
    rich.text: 47302 chars
    rich.table: 39643 chars
    rich.pretty: 35811 chars
    rich.syntax: 35364 chars
    rich.markdown: 26159 chars
    rich.style: 27072 chars
    rich.traceback: 29466 chars
    rich.segment: 24209 chars
    rich.color: 18220 chars
    rich.layout: 13939 chars
    jinja2.compiler: 72198 chars
    jinja2.filters: 53861 chars
    jinja2.environment: 61252 chars
    jinja2.nodes: 34549 chars
    jinja2.runtime: 33405 chars
    jinja2.parser: 39735 chars
    jinja2.ext: 31843 chars
    jinja2.lexer: 29725 chars
    jinja2.utils: 23932 chars
    jinja2.loaders: 23084 chars
    jinja2.sandbox: 14583 chars
    jinja2.bccache: 14060 chars
    httpx._client: 67489 chars
    httpx._models: 42302 chars
    httpx._urls: 21747 chars
    httpx._main: 15634 chars
    httpx._urlparse: 17719 chars
    httpx._api: 12927 chars
    httpx._utils: 13857 chars
    httpx._transports.default: 13289 chars
    httpx._config: 12203 chars
    httpx._auth: 11829 chars
    pydantic.types: 89470 chars
    pydantic.json_schema: 102806 chars
    pydantic.main: 65891 chars
    pydantic.fields: 45929 chars
    pydantic.config: 29138 chars
    pydantic.networks: 21214 chars
    pydantic.functional_validators: 23599 chars
    pydantic.color: 21492 chars
    pydantic.type_adapter: 18033 chars
    pydantic.functional_serializers: 14619 chars
    werkzeug.http: 43362 chars
    werkzeug.serving: 39331 chars
    werkzeug.datastructures.structures: 31760 chars
    werkzeug.routing.map: 36349 chars
    werkzeug.routing.rules: 31894 chars
    werkzeug.exceptions: 26061 chars
    werkzeug.wrappers.response: 32586 chars
    werkzeug.sansio.response: 27646 chars
    werkzeug.utils: 24653 chars
    werkzeug.wrappers.request: 24619 chars
    werkzeug.local: 22002 chars
    werkzeug.wsgi: 20893 chars
    starlette.routing: 35752 chars
    starlette.testclient: 29843 chars
    starlette.datastructures: 23348 chars
    starlette.responses: 12650 chars
    starlette.requests: 11196 chars
    starlette.formparsers: 10433 chars
    starlette.applications: 10922 chars
    starlette.middleware.errors: 7937 chars
    starlette.staticfiles: 8723 chars
    starlette.templating: 8984 chars
    starlette.middleware.base: 8794 chars
  Fetched 93/93 modules

Running 93 targets with 48 workers...
2026-09-22 17:53:50,077 INFO: Plan 0: ḡ=38, γE[v]=0.0, Q=38.0 (fn)
2026-09-22 17:53:55,932 INFO: Plan 1: ḡ=117, γE[v]=146.5, Q=263.5 (fn)
2026-09-22 17:53:59,285 INFO: Plan 2: ḡ=410, γE[v]=16.0, Q=426.0 (fn)
2026-09-22 17:53:59,286 INFO: Plan 0: ḡ=19.0, γE[v]=101.0, Q=120.0 (bayes)
2026-09-22 17:53:59,286 INFO: Plan 1: ḡ=58.5, γE[v]=87.8, Q=146.3 (bayes)
2026-09-22 17:53:59,286 INFO: Plan 2: ḡ=205.0, γE[v]=8.7, Q=213.7 (bayes)
2026-09-22 17:54:07,613 INFO: Plan 0: ḡ=35, γE[v]=0.0, Q=35.0 (fn)
2026-09-22 17:54:09,629 INFO: Plan 2: ḡ=327, γE[v]=0.0, Q=327.0 (fn)
2026-09-22 17:54:12,911 INFO: Plan 1: ḡ=159, γE[v]=221.5, Q=380.5 (fn)
2026-09-22 17:54:12,912 INFO: Plan 0: ḡ=17.5, γE[v]=285.2, Q=302.8 (bayes)
2026-09-22 17:54:12,912 INFO: Plan 1: ḡ=79.5, γE[v]=264.2, Q=343.7 (bayes)
2026-09-22 17:54:12,912 INFO: Plan 2: ḡ=163.5, γE[v]=212.2, Q=375.8 (bayes)
2026-09-22 17:54:58,405 INFO: Plan 0: ḡ=13, γE[v]=0.0, Q=13.0 (fn)
2026-09-22 17:54:59,010 INFO: Plan 0: ḡ=277, γE[v]=0.0, Q=277.0 (fn)
2026-09-22 17:54:59,157 INFO: Plan 1: ḡ=37, γE[v]=0.0, Q=37.0 (fn)
2026-09-22 17:54:59,352 INFO: Plan 2: ḡ=71, γE[v]=0.0, Q=71.0 (fn)
2026-09-22 17:54:59,354 INFO: Plan 0: ḡ=6.5, γE[v]=157.8, Q=164.2 (bayes)
2026-09-22 17:54:59,354 INFO: Plan 1: ḡ=18.5, γE[v]=151.8, Q=170.2 (bayes)
2026-09-22 17:54:59,354 INFO: Plan 2: ḡ=29.8, γE[v]=146.1, Q=175.9 (bayes)
2026-09-22 17:55:06,656 INFO: Plan 1: ḡ=388, γE[v]=27.0, Q=415.0 (fn)
2026-09-22 17:55:07,904 INFO: Plan 2: ḡ=326, γE[v]=58.0, Q=384.0 (fn)
2026-09-22 17:55:07,905 INFO: Plan 0: ḡ=93.0, γE[v]=27.5, Q=120.5 (bayes)
2026-09-22 17:55:07,905 INFO: Plan 1: ḡ=130.0, γE[v]=10.6, Q=140.6 (bayes)
2026-09-22 17:55:07,905 INFO: Plan 2: ḡ=109.3, γE[v]=22.8, Q=132.2 (bayes)
2026-09-22 17:55:23,710 INFO: Plan 0: ḡ=12, γE[v]=0.0, Q=12.0 (fn)
2026-09-22 17:55:25,768 INFO: Plan 1: ḡ=7, γE[v]=0.0, Q=7.0 (fn)
2026-09-22 17:55:31,280 INFO: Plan 1: ḡ=202, γE[v]=0.0, Q=202.0 (fn)
2026-09-22 17:55:31,354 INFO: Plan 1: ḡ=230, γE[v]=16.0, Q=246.0 (fn)
2026-09-22 17:55:31,492 INFO: Plan 2: ḡ=204, γE[v]=29.0, Q=233.0 (fn)
2026-09-22 17:55:32,030 INFO: Plan 0: ḡ=27, γE[v]=117.5, Q=144.5 (fn)
2026-09-22 17:55:32,033 INFO: Plan 0: ḡ=13.5, γE[v]=64.0, Q=77.5 (bayes)
2026-09-22 17:55:32,033 INFO: Plan 1: ḡ=115.0, γE[v]=8.7, Q=123.7 (bayes)
2026-09-22 17:55:32,033 INFO: Plan 2: ḡ=102.0, γE[v]=15.8, Q=117.8 (bayes)
2026-09-22 17:55:32,115 INFO: Plan 2: ḡ=83, γE[v]=7.5, Q=90.5 (fn)
2026-09-22 17:55:32,115 INFO: Plan 0: ḡ=6.0, γE[v]=22.0, Q=28.0 (bayes)
2026-09-22 17:55:32,115 INFO: Plan 1: ḡ=3.5, γE[v]=23.2, Q=26.8 (bayes)
2026-09-22 17:55:32,115 INFO: Plan 2: ḡ=41.5, γE[v]=4.6, Q=46.1 (bayes)
2026-09-22 17:55:32,490 INFO: Plan 0: ḡ=66, γE[v]=138.5, Q=204.5 (fn)
2026-09-22 17:55:37,168 INFO: Plan 2: ḡ=300, γE[v]=99.5, Q=399.5 (fn)
2026-09-22 17:55:37,169 INFO: Plan 0: ḡ=33.0, γE[v]=126.2, Q=159.2 (bayes)
2026-09-22 17:55:37,169 INFO: Plan 1: ḡ=101.0, γE[v]=86.0, Q=187.0 (bayes)
2026-09-22 17:55:37,169 INFO: Plan 2: ḡ=150.0, γE[v]=66.0, Q=216.0 (bayes)
2026-09-22 17:55:54,183 INFO: Plan 1: ḡ=38, γE[v]=0.0, Q=38.0 (fn)
2026-09-22 17:55:54,965 INFO: Plan 0: ḡ=17, γE[v]=0.0, Q=17.0 (fn)
2026-09-22 17:55:55,377 INFO: Plan 2: ḡ=116, γE[v]=0.0, Q=116.0 (fn)
2026-09-22 17:55:55,378 INFO: Plan 0: ḡ=8.5, γE[v]=144.1, Q=152.6 (bayes)
2026-09-22 17:55:55,378 INFO: Plan 1: ḡ=19.0, γE[v]=138.8, Q=157.8 (bayes)
2026-09-22 17:55:55,378 INFO: Plan 2: ḡ=49.5, γE[v]=123.6, Q=173.1 (bayes)
2026-09-22 17:55:56,140 INFO: Plan 0: ḡ=24, γE[v]=0.0, Q=24.0 (fn)
2026-09-22 17:55:57,434 INFO: Plan 1: ḡ=54, γE[v]=0.0, Q=54.0 (fn)
2026-09-22 17:55:57,634 INFO: Plan 0: ḡ=8, γE[v]=7.0, Q=15.0 (fn)
2026-09-22 17:55:58,605 INFO: Plan 2: ḡ=91, γE[v]=0.0, Q=91.0 (fn)
2026-09-22 17:55:58,606 INFO: Plan 0: ḡ=7.0, γE[v]=8.4, Q=15.4 (bayes)
2026-09-22 17:55:58,606 INFO: Plan 1: ḡ=14.5, γE[v]=4.6, Q=19.1 (bayes)
2026-09-22 17:55:58,606 INFO: Plan 2: ḡ=23.8, γE[v]=0.0, Q=23.8 (bayes)
2026-09-22 17:56:06,096 INFO: Plan 2: ḡ=202, γE[v]=124.5, Q=326.5 (fn)
2026-09-22 17:56:06,260 INFO: Plan 1: ḡ=96, γE[v]=165.5, Q=261.5 (fn)
2026-09-22 17:56:06,260 INFO: Plan 0: ḡ=4.0, γE[v]=121.3, Q=125.3 (bayes)
2026-09-22 17:56:06,260 INFO: Plan 1: ḡ=48.0, γE[v]=106.4, Q=154.4 (bayes)
2026-09-22 17:56:06,261 INFO: Plan 2: ḡ=101.0, γE[v]=78.1, Q=179.1 (bayes)
2026-09-22 17:56:22,179 INFO: Plan 0: ḡ=2, γE[v]=0.0, Q=2.0 (fn)
2026-09-22 17:56:22,725 INFO: Plan 1: ḡ=10, γE[v]=0.0, Q=10.0 (fn)
2026-09-22 17:56:22,852 INFO: Plan 2: ḡ=29, γE[v]=0.0, Q=29.0 (fn)
2026-09-22 17:56:22,853 INFO: Plan 0: ḡ=0.7, γE[v]=6.5, Q=7.2 (bayes)
2026-09-22 17:56:22,853 INFO: Plan 1: ḡ=3.3, γE[v]=5.2, Q=8.5 (bayes)
2026-09-22 17:56:22,853 INFO: Plan 2: ḡ=9.7, γE[v]=2.0, Q=11.7 (bayes)
2026-09-22 17:56:23,946 INFO: Plan 0: ḡ=9, γE[v]=0.0, Q=9.0 (fn)
2026-09-22 17:56:26,129 INFO: Plan 2: ḡ=18, γE[v]=0.0, Q=18.0 (fn)
2026-09-22 17:56:26,690 INFO: Plan 1: ḡ=15, γE[v]=4.5, Q=19.5 (fn)
2026-09-22 17:56:26,691 INFO: Plan 0: ḡ=3.0, γE[v]=2.8, Q=5.8 (bayes)
2026-09-22 17:56:26,691 INFO: Plan 1: ḡ=5.2, γE[v]=2.0, Q=7.2 (bayes)
2026-09-22 17:56:26,691 INFO: Plan 2: ḡ=6.3, γE[v]=1.2, Q=7.5 (bayes)
2026-09-22 17:56:35,273 INFO: Plan 0: ḡ=42, γE[v]=1.0, Q=43.0 (fn)
2026-09-22 17:56:37,647 INFO: Plan 2: ḡ=72, γE[v]=52.0, Q=124.0 (fn)
2026-09-22 17:56:41,295 INFO: Plan 1: ḡ=121, γE[v]=34.0, Q=155.0 (fn)
2026-09-22 17:56:41,296 INFO: Plan 0: ḡ=21.0, γE[v]=45.0, Q=66.0 (bayes)
2026-09-22 17:56:41,296 INFO: Plan 1: ḡ=60.5, γE[v]=26.8, Q=87.3 (bayes)
2026-09-22 17:56:41,296 INFO: Plan 2: ḡ=36.0, γE[v]=39.8, Q=75.8 (bayes)
2026-09-22 17:56:42,613 INFO: Plan 2: ḡ=67, γE[v]=0.0, Q=67.0 (fn)
2026-09-22 17:56:42,761 INFO: Plan 0: ḡ=54, γE[v]=0.0, Q=54.0 (fn)
2026-09-22 17:56:43,242 INFO: Plan 1: ḡ=131, γE[v]=0.0, Q=131.0 (fn)
2026-09-22 17:56:43,243 INFO: Plan 0: ḡ=20.3, γE[v]=29.0, Q=49.3 (bayes)
2026-09-22 17:56:43,243 INFO: Plan 1: ḡ=45.3, γE[v]=16.5, Q=61.8 (bayes)
2026-09-22 17:56:43,243 INFO: Plan 2: ḡ=25.0, γE[v]=26.7, Q=51.7 (bayes)
2026-09-22 17:56:46,539 INFO: Plan 1: ḡ=39, γE[v]=0.0, Q=39.0 (fn)
2026-09-22 17:56:46,540 INFO: Plan 0: ḡ=17, γE[v]=0.0, Q=17.0 (fn)
2026-09-22 17:56:47,970 INFO: Plan 2: ḡ=90, γE[v]=0.0, Q=90.0 (fn)
2026-09-22 17:56:47,971 INFO: Plan 0: ḡ=8.5, γE[v]=125.7, Q=134.2 (bayes)
2026-09-22 17:56:47,971 INFO: Plan 1: ḡ=19.5, γE[v]=120.2, Q=139.7 (bayes)
2026-09-22 17:56:47,971 INFO: Plan 2: ḡ=29.5, γE[v]=115.2, Q=144.7 (bayes)
2026-09-22 17:57:03,384 INFO: Plan 0: ḡ=24, γE[v]=0.0, Q=24.0 (fn)
2026-09-22 17:57:03,666 INFO: Plan 2: ḡ=4, γE[v]=0.0, Q=4.0 (fn)
2026-09-22 17:57:03,666 INFO: Plan 0: ḡ=2, γE[v]=0.0, Q=2.0 (fn)
2026-09-22 17:57:03,837 INFO: Plan 1: ḡ=10, γE[v]=0.0, Q=10.0 (fn)
2026-09-22 17:57:03,837 INFO: Plan 0: ḡ=0.7, γE[v]=2.0, Q=2.7 (bayes)
2026-09-22 17:57:03,838 INFO: Plan 1: ḡ=3.3, γE[v]=0.7, Q=4.0 (bayes)
2026-09-22 17:57:03,838 INFO: Plan 2: ḡ=1.1, γE[v]=1.8, Q=2.9 (bayes)
2026-09-22 17:57:04,369 INFO: Plan 1: ḡ=243, γE[v]=150.0, Q=393.0 (fn)
2026-09-22 17:57:06,091 INFO: Plan 2: ḡ=541, γE[v]=2.5, Q=543.5 (fn)
2026-09-22 17:57:07,078 INFO: Plan 0: ḡ=93, γE[v]=223.5, Q=316.5 (fn)
2026-09-22 17:57:07,078 INFO: Plan 0: ḡ=46.5, γE[v]=123.3, Q=169.8 (bayes)
2026-09-22 17:57:07,078 INFO: Plan 1: ḡ=121.5, γE[v]=82.5, Q=204.0 (bayes)
2026-09-22 17:57:07,079 INFO: Plan 2: ḡ=270.5, γE[v]=1.4, Q=271.9 (bayes)
2026-09-22 17:57:08,131 INFO: Plan 1: ḡ=54, γE[v]=18.5, Q=72.5 (fn)
2026-09-22 17:57:09,385 INFO: Plan 2: ḡ=52, γE[v]=19.5, Q=71.5 (fn)
2026-09-22 17:57:09,385 INFO: Plan 0: ḡ=6.0, γE[v]=6.7, Q=12.7 (bayes)
2026-09-22 17:57:09,385 INFO: Plan 1: ḡ=12.0, γE[v]=5.0, Q=17.0 (bayes)
2026-09-22 17:57:09,386 INFO: Plan 2: ḡ=11.6, γE[v]=5.3, Q=16.9 (bayes)
2026-09-22 17:57:11,214 INFO: Plan 0: ḡ=27, γE[v]=0.0, Q=27.0 (fn)
2026-09-22 17:57:15,381 INFO: Plan 0: ḡ=9, γE[v]=0.0, Q=9.0 (fn)
2026-09-22 17:57:19,064 INFO: Plan 0: ḡ=18, γE[v]=0.0, Q=18.0 (fn)
2026-09-22 17:57:19,337 INFO: Plan 2: ḡ=373, γE[v]=0.0, Q=373.0 (fn)
2026-09-22 17:57:19,858 INFO: Plan 0: ḡ=32, γE[v]=0.0, Q=32.0 (fn)
2026-09-22 17:57:19,948 INFO: Plan 1: ḡ=20, γE[v]=2.5, Q=22.5 (fn)
2026-09-22 17:57:20,335 INFO: Plan 2: ḡ=17, γE[v]=4.0, Q=21.0 (fn)
2026-09-22 17:57:20,337 INFO: Plan 0: ḡ=2.7, γE[v]=2.2, Q=4.8 (bayes)
2026-09-22 17:57:20,337 INFO: Plan 1: ḡ=5.7, γE[v]=0.8, Q=6.5 (bayes)
2026-09-22 17:57:20,337 INFO: Plan 2: ḡ=4.3, γE[v]=1.6, Q=5.9 (bayes)
2026-09-22 17:57:21,685 INFO: Plan 2: ḡ=56, γE[v]=0.0, Q=56.0 (fn)
2026-09-22 17:57:28,530 INFO: Plan 2: ḡ=225, γE[v]=0.0, Q=225.0 (fn)
2026-09-22 17:57:29,190 INFO: Plan 1: ḡ=52, γE[v]=74.5, Q=126.5 (fn)
2026-09-22 17:57:29,191 INFO: Plan 0: ḡ=16.0, γE[v]=46.5, Q=62.5 (bayes)
2026-09-22 17:57:29,191 INFO: Plan 1: ḡ=26.0, γE[v]=44.9, Q=70.8 (bayes)
2026-09-22 17:57:29,191 INFO: Plan 2: ḡ=28.0, γE[v]=40.5, Q=68.5 (bayes)
2026-09-22 17:57:29,907 INFO: Plan 0: ḡ=20, γE[v]=0.0, Q=20.0 (fn)
2026-09-22 17:57:30,617 INFO: Plan 0: ḡ=44, γE[v]=0.0, Q=44.0 (fn)
2026-09-22 17:57:30,759 INFO: Plan 1: ḡ=240, γE[v]=0.0, Q=240.0 (fn)
2026-09-22 17:57:30,760 INFO: Plan 0: ḡ=9.0, γE[v]=79.2, Q=88.2 (bayes)
2026-09-22 17:57:30,761 INFO: Plan 1: ḡ=120.0, γE[v]=23.8, Q=143.8 (bayes)
2026-09-22 17:57:30,765 INFO: Plan 2: ḡ=112.5, γE[v]=27.5, Q=140.0 (bayes)
2026-09-22 17:57:31,417 INFO: Plan 1: ḡ=448, γE[v]=63.0, Q=511.0 (fn)
2026-09-22 17:57:31,418 INFO: Plan 0: ḡ=13.5, γE[v]=183.8, Q=197.2 (bayes)
2026-09-22 17:57:31,418 INFO: Plan 1: ḡ=224.0, γE[v]=81.3, Q=305.3 (bayes)
2026-09-22 17:57:31,418 INFO: Plan 2: ḡ=186.5, γE[v]=97.2, Q=283.8 (bayes)
2026-09-22 17:57:31,979 INFO: Plan 2: ḡ=40, γE[v]=19.5, Q=59.5 (fn)
2026-09-22 17:57:32,847 INFO: Plan 1: ḡ=14, γE[v]=0.0, Q=14.0 (fn)
2026-09-22 17:57:33,453 INFO: Plan 0: ḡ=16, γE[v]=0.0, Q=16.0 (fn)
2026-09-22 17:57:33,652 INFO: Plan 1: ḡ=76, γE[v]=0.0, Q=76.0 (fn)
2026-09-22 17:57:34,881 INFO: Plan 2: ḡ=326, γE[v]=0.0, Q=326.0 (fn)
2026-09-22 17:57:34,884 INFO: Plan 0: ḡ=8.0, γE[v]=106.0, Q=114.0 (bayes)
2026-09-22 17:57:34,884 INFO: Plan 1: ḡ=7.0, γE[v]=106.5, Q=113.5 (bayes)
2026-09-22 17:57:34,884 INFO: Plan 2: ḡ=163.0, γE[v]=28.5, Q=191.5 (bayes)
2026-09-22 17:57:35,041 INFO: Plan 1: ḡ=27, γE[v]=31.5, Q=58.5 (fn)
2026-09-22 17:57:35,042 INFO: Plan 0: ḡ=10.0, γE[v]=119.0, Q=129.0 (bayes)
2026-09-22 17:57:35,042 INFO: Plan 1: ḡ=13.5, γE[v]=118.7, Q=132.2 (bayes)
2026-09-22 17:57:35,042 INFO: Plan 2: ḡ=20.0, γE[v]=114.9, Q=134.9 (bayes)
2026-09-22 17:57:35,080 INFO: Plan 0: ḡ=55, γE[v]=0.0, Q=55.0 (fn)
2026-09-22 17:57:35,626 INFO: Plan 2: ḡ=177, γE[v]=0.0, Q=177.0 (fn)
2026-09-22 17:57:41,592 INFO: Plan 0: ḡ=128, γE[v]=113.5, Q=241.5 (fn)
2026-09-22 17:57:41,592 INFO: Plan 0: ḡ=64.0, γE[v]=73.9, Q=137.9 (bayes)
2026-09-22 17:57:41,593 INFO: Plan 1: ḡ=38.0, γE[v]=81.8, Q=119.8 (bayes)
2026-09-22 17:57:41,593 INFO: Plan 2: ḡ=88.5, γE[v]=56.5, Q=145.0 (bayes)
2026-09-22 17:57:41,823 INFO: Plan 1: ḡ=339, γE[v]=58.5, Q=397.5 (fn)
2026-09-22 17:57:41,863 INFO: Plan 2: ḡ=39, γE[v]=37.0, Q=76.0 (fn)
2026-09-22 17:57:42,001 INFO: Plan 2: ḡ=410, γE[v]=24.5, Q=434.5 (fn)
2026-09-22 17:57:42,002 INFO: Plan 0: ḡ=14.8, γE[v]=71.2, Q=86.0 (bayes)
2026-09-22 17:57:42,002 INFO: Plan 1: ḡ=113.0, γE[v]=25.4, Q=138.4 (bayes)
2026-09-22 17:57:42,002 INFO: Plan 2: ḡ=140.7, γE[v]=9.7, Q=150.4 (bayes)
2026-09-22 17:57:42,047 INFO: Plan 1: ḡ=141, γE[v]=13.5, Q=154.5 (fn)
2026-09-22 17:57:42,048 INFO: Plan 0: ḡ=27.5, γE[v]=28.2, Q=55.8 (bayes)
2026-09-22 17:57:42,048 INFO: Plan 1: ḡ=70.5, γE[v]=7.4, Q=77.9 (bayes)
2026-09-22 17:57:42,048 INFO: Plan 2: ḡ=19.5, γE[v]=33.9, Q=53.4 (bayes)
2026-09-22 17:57:45,576 INFO: Plan 0: ḡ=8, γE[v]=0.0, Q=8.0 (fn)
2026-09-22 17:57:46,131 INFO: Plan 2: ḡ=14, γE[v]=0.0, Q=14.0 (fn)
2026-09-22 17:57:46,399 INFO: Plan 1: ḡ=55, γE[v]=0.0, Q=55.0 (fn)
2026-09-22 17:57:46,400 INFO: Plan 0: ḡ=2.8, γE[v]=10.2, Q=13.0 (bayes)
2026-09-22 17:57:46,400 INFO: Plan 1: ḡ=18.5, γE[v]=2.3, Q=20.8 (bayes)
2026-09-22 17:57:46,400 INFO: Plan 2: ḡ=4.7, γE[v]=9.2, Q=13.9 (bayes)
2026-09-22 17:57:49,715 INFO: Plan 0: ḡ=79, γE[v]=50.0, Q=129.0 (fn)
2026-09-22 17:57:50,594 INFO: Plan 1: ḡ=166, γE[v]=49.0, Q=215.0 (fn)
2026-09-22 17:57:51,886 INFO: Plan 0: ḡ=15, γE[v]=0.0, Q=15.0 (fn)
2026-09-22 17:57:53,349 INFO: Plan 2: ḡ=87, γE[v]=68.0, Q=155.0 (fn)
2026-09-22 17:57:53,349 INFO: Plan 0: ḡ=39.5, γE[v]=136.5, Q=176.0 (bayes)
2026-09-22 17:57:53,349 INFO: Plan 1: ḡ=83.0, γE[v]=114.7, Q=197.7 (bayes)
2026-09-22 17:57:53,350 INFO: Plan 2: ḡ=43.5, γE[v]=135.3, Q=178.8 (bayes)
2026-09-22 17:57:54,167 INFO: Plan 0: ḡ=1, γE[v]=0.0, Q=1.0 (fn)
2026-09-22 17:57:55,428 INFO: Plan 1: ḡ=4, γE[v]=0.5, Q=4.5 (fn)
2026-09-22 17:57:55,429 INFO: Plan 2: ḡ=5, γE[v]=0.0, Q=5.0 (fn)
2026-09-22 17:57:55,430 INFO: Plan 0: ḡ=0.3, γE[v]=0.5, Q=0.9 (bayes)
2026-09-22 17:57:55,430 INFO: Plan 1: ḡ=1.1, γE[v]=0.2, Q=1.3 (bayes)
2026-09-22 17:57:55,430 INFO: Plan 2: ḡ=1.4, γE[v]=0.0, Q=1.4 (bayes)
2026-09-22 17:57:56,491 INFO: Plan 0: ḡ=19, γE[v]=0.0, Q=19.0 (fn)
2026-09-22 17:57:56,756 INFO: Plan 0: ḡ=12, γE[v]=0.0, Q=12.0 (fn)
2026-09-22 17:57:57,220 INFO: Plan 1: ḡ=48, γE[v]=0.0, Q=48.0 (fn)
2026-09-22 17:57:57,265 INFO: Plan 1: ḡ=30, γE[v]=0.0, Q=30.0 (fn)
2026-09-22 17:57:59,646 INFO: Plan 2: ḡ=56, γE[v]=6.0, Q=62.0 (fn)
2026-09-22 17:57:59,647 INFO: Plan 0: ḡ=4.0, γE[v]=9.3, Q=13.3 (bayes)
2026-09-22 17:57:59,647 INFO: Plan 1: ḡ=10.0, γE[v]=6.3, Q=16.3 (bayes)
2026-09-22 17:57:59,647 INFO: Plan 2: ḡ=18.7, γE[v]=2.4, Q=21.0 (bayes)
2026-09-22 17:57:59,692 INFO: Plan 2: ḡ=400, γE[v]=0.0, Q=400.0 (fn)
2026-09-22 17:58:02,708 INFO: Plan 1: ḡ=370, γE[v]=86.0, Q=456.0 (fn)
2026-09-22 17:58:02,709 INFO: Plan 0: ḡ=7.5, γE[v]=135.2, Q=142.8 (bayes)
2026-09-22 17:58:02,709 INFO: Plan 1: ḡ=185.0, γE[v]=50.4, Q=235.4 (bayes)
2026-09-22 17:58:02,709 INFO: Plan 2: ḡ=200.0, γE[v]=39.0, Q=239.0 (bayes)
2026-09-22 17:58:03,700 INFO: Plan 0: ḡ=4, γE[v]=0.0, Q=4.0 (fn)
2026-09-22 17:58:03,974 INFO: Plan 2: ḡ=2, γE[v]=0.0, Q=2.0 (fn)
2026-09-22 17:58:04,408 INFO: Plan 1: ḡ=6, γE[v]=0.5, Q=6.5 (fn)
2026-09-22 17:58:04,408 INFO: Plan 0: ḡ=0.8, γE[v]=0.9, Q=1.7 (bayes)
2026-09-22 17:58:04,408 INFO: Plan 1: ḡ=1.5, γE[v]=0.6, Q=2.1 (bayes)
2026-09-22 17:58:04,408 INFO: Plan 2: ḡ=0.5, γE[v]=1.0, Q=1.5 (bayes)
2026-09-22 17:58:06,848 INFO: Plan 2: ḡ=27, γE[v]=0.0, Q=27.0 (fn)
2026-09-22 17:58:06,850 INFO: Plan 2: ḡ=206, γE[v]=20.5, Q=226.5 (fn)
2026-09-22 17:58:06,850 INFO: Plan 0: ḡ=9.5, γE[v]=60.0, Q=69.5 (bayes)
2026-09-22 17:58:06,850 INFO: Plan 1: ḡ=24.0, γE[v]=52.8, Q=76.8 (bayes)
2026-09-22 17:58:06,850 INFO: Plan 2: ḡ=103.0, γE[v]=14.2, Q=117.2 (bayes)
2026-09-22 17:58:11,807 INFO: Plan 0: ḡ=39, γE[v]=7.0, Q=46.0 (fn)
2026-09-22 17:58:12,122 INFO: Plan 1: ḡ=51, γE[v]=1.0, Q=52.0 (fn)
2026-09-22 17:58:12,122 INFO: Plan 0: ḡ=7.8, γE[v]=1.7, Q=9.5 (bayes)
2026-09-22 17:58:12,122 INFO: Plan 1: ḡ=8.5, γE[v]=0.8, Q=9.3 (bayes)
2026-09-22 17:58:12,122 INFO: Plan 2: ḡ=4.5, γE[v]=2.8, Q=7.3 (bayes)
2026-09-22 17:58:19,447 INFO: Plan 0: ḡ=38, γE[v]=40.0, Q=78.0 (fn)
2026-09-22 17:58:20,740 INFO: Plan 2: ḡ=101, γE[v]=16.0, Q=117.0 (fn)
2026-09-22 17:58:21,602 INFO: Plan 1: ḡ=22, γE[v]=17.0, Q=39.0 (fn)
2026-09-22 17:58:21,603 INFO: Plan 0: ḡ=19.0, γE[v]=101.6, Q=120.5 (bayes)
2026-09-22 17:58:21,603 INFO: Plan 1: ḡ=11.0, γE[v]=104.5, Q=115.5 (bayes)
2026-09-22 17:58:21,603 INFO: Plan 2: ḡ=50.5, γE[v]=84.7, Q=135.2 (bayes)
2026-09-22 17:58:23,817 INFO: Plan 2: ḡ=13, γE[v]=0.0, Q=13.0 (fn)
2026-09-22 17:58:25,131 INFO: Plan 0: ḡ=14, γE[v]=6.5, Q=20.5 (fn)
2026-09-22 17:58:25,132 INFO: Plan 1: ḡ=7, γE[v]=3.5, Q=10.5 (fn)
2026-09-22 17:58:25,132 INFO: Plan 0: ḡ=4.7, γE[v]=2.6, Q=7.2 (bayes)
2026-09-22 17:58:25,132 INFO: Plan 1: ḡ=2.3, γE[v]=3.5, Q=5.9 (bayes)
2026-09-22 17:58:25,132 INFO: Plan 2: ḡ=4.3, γE[v]=2.3, Q=6.7 (bayes)
2026-09-22 17:58:29,769 INFO: Plan 1: ḡ=20, γE[v]=0.0, Q=20.0 (fn)
2026-09-22 17:58:29,978 INFO: Plan 0: ḡ=35, γE[v]=0.0, Q=35.0 (fn)
2026-09-22 17:58:30,161 INFO: Plan 1: ḡ=70, γE[v]=0.0, Q=70.0 (fn)
2026-09-22 17:58:30,799 INFO: Plan 2: ḡ=8, γE[v]=1.0, Q=9.0 (fn)
2026-09-22 17:58:30,801 INFO: Plan 0: ḡ=17.5, γE[v]=35.2, Q=52.8 (bayes)
2026-09-22 17:58:30,801 INFO: Plan 1: ḡ=10.0, γE[v]=39.0, Q=49.0 (bayes)
2026-09-22 17:58:30,801 INFO: Plan 2: ḡ=4.0, γE[v]=42.0, Q=46.0 (bayes)
2026-09-22 17:58:31,346 INFO: Plan 0: ḡ=11, γE[v]=0.0, Q=11.0 (fn)
2026-09-22 17:58:31,587 INFO: Plan 1: ḡ=201, γE[v]=0.0, Q=201.0 (fn)
2026-09-22 17:58:31,842 INFO: Plan 2: ḡ=67, γE[v]=0.0, Q=67.0 (fn)
2026-09-22 17:58:32,327 INFO: Plan 0: ḡ=8, γE[v]=0.0, Q=8.0 (fn)
2026-09-22 17:58:32,374 INFO: Plan 2: ḡ=7, γE[v]=0.0, Q=7.0 (fn)
2026-09-22 17:58:33,247 INFO: Plan 1: ḡ=27, γE[v]=0.0, Q=27.0 (fn)
2026-09-22 17:58:33,638 INFO: Plan 1: ḡ=14, γE[v]=0.0, Q=14.0 (fn)
2026-09-22 17:58:33,638 INFO: Plan 0: ḡ=2.7, γE[v]=1.2, Q=3.8 (bayes)
2026-09-22 17:58:33,639 INFO: Plan 1: ḡ=4.7, γE[v]=0.2, Q=4.8 (bayes)
2026-09-22 17:58:33,639 INFO: Plan 2: ḡ=2.3, γE[v]=1.3, Q=3.7 (bayes)
2026-09-22 17:58:33,774 INFO: Plan 1: ḡ=53, γE[v]=6.5, Q=59.5 (fn)
2026-09-22 17:58:33,775 INFO: Plan 0: ḡ=5.5, γE[v]=108.0, Q=113.5 (bayes)
2026-09-22 17:58:33,775 INFO: Plan 1: ḡ=26.5, γE[v]=97.8, Q=124.3 (bayes)
2026-09-22 17:58:33,775 INFO: Plan 2: ḡ=27.0, γE[v]=97.2, Q=124.2 (bayes)
2026-09-22 17:58:34,265 INFO: Plan 2: ḡ=91, γE[v]=0.0, Q=91.0 (fn)
2026-09-22 17:58:34,312 INFO: Plan 0: ḡ=17, γE[v]=0.0, Q=17.0 (fn)
2026-09-22 17:58:34,313 INFO: Plan 0: ḡ=8.5, γE[v]=26.1, Q=34.6 (bayes)
2026-09-22 17:58:34,314 INFO: Plan 1: ḡ=13.5, γE[v]=23.6, Q=37.1 (bayes)
2026-09-22 17:58:34,314 INFO: Plan 2: ḡ=38.7, γE[v]=11.0, Q=49.7 (bayes)
2026-09-22 17:58:34,863 INFO: Plan 0: ḡ=108, γE[v]=0.0, Q=108.0 (fn)
2026-09-22 17:58:34,909 INFO: Plan 0: ḡ=1, γE[v]=0.5, Q=1.5 (fn)
2026-09-22 17:58:35,045 INFO: Plan 1: ḡ=5, γE[v]=0.0, Q=5.0 (fn)
2026-09-22 17:58:35,045 INFO: Plan 2: ḡ=5, γE[v]=0.0, Q=5.0 (fn)
2026-09-22 17:58:35,046 INFO: Plan 0: ḡ=0.2, γE[v]=0.5, Q=0.7 (bayes)
2026-09-22 17:58:35,046 INFO: Plan 1: ḡ=1.1, γE[v]=0.0, Q=1.1 (bayes)
2026-09-22 17:58:35,046 INFO: Plan 2: ḡ=1.1, γE[v]=0.0, Q=1.1 (bayes)
2026-09-22 17:58:35,427 INFO: Plan 0: ḡ=286, γE[v]=0.0, Q=286.0 (fn)
2026-09-22 17:58:35,548 INFO: Plan 1: ḡ=373, γE[v]=42.0, Q=415.0 (fn)
2026-09-22 17:58:35,598 INFO: Plan 0: ḡ=437, γE[v]=10.0, Q=447.0 (fn)
2026-09-22 17:58:35,673 INFO: Plan 2: ḡ=457, γE[v]=0.0, Q=457.0 (fn)
2026-09-22 17:58:35,675 INFO: Plan 0: ḡ=218.5, γE[v]=5.5, Q=223.9 (bayes)
2026-09-22 17:58:35,675 INFO: Plan 1: ḡ=186.5, γE[v]=22.9, Q=209.4 (bayes)
2026-09-22 17:58:35,675 INFO: Plan 2: ḡ=228.5, γE[v]=0.0, Q=228.5 (bayes)
2026-09-22 17:58:36,453 INFO: Plan 2: ḡ=247, γE[v]=41.0, Q=288.0 (fn)
2026-09-22 17:58:36,453 INFO: Plan 0: ḡ=98.2, γE[v]=86.2, Q=184.3 (bayes)
2026-09-22 17:58:36,453 INFO: Plan 1: ḡ=67.5, γE[v]=101.5, Q=169.0 (bayes)
2026-09-22 17:58:36,454 INFO: Plan 2: ḡ=84.5, γE[v]=95.5, Q=180.0 (bayes)
2026-09-22 17:58:36,922 INFO: Plan 2: ḡ=78, γE[v]=15.0, Q=93.0 (fn)
2026-09-22 17:58:36,923 INFO: Plan 0: ḡ=56.2, γE[v]=0.0, Q=56.2 (bayes)
2026-09-22 17:58:36,923 INFO: Plan 1: ḡ=37.2, γE[v]=9.5, Q=46.7 (bayes)
2026-09-22 17:58:36,923 INFO: Plan 2: ḡ=41.2, γE[v]=8.2, Q=49.3 (bayes)
2026-09-22 17:58:37,085 INFO: Plan 2: ḡ=85, γE[v]=0.0, Q=85.0 (fn)
2026-09-22 17:58:37,918 INFO: Plan 0: ḡ=14, γE[v]=0.0, Q=14.0 (fn)
2026-09-22 17:58:47,210 INFO: Plan 0: ḡ=12, γE[v]=0.0, Q=12.0 (fn)
2026-09-22 17:58:47,251 INFO: Plan 1: ḡ=119, γE[v]=14.0, Q=133.0 (fn)
2026-09-22 17:58:47,252 INFO: Plan 0: ḡ=7.0, γE[v]=36.8, Q=43.8 (bayes)
2026-09-22 17:58:47,252 INFO: Plan 1: ḡ=59.5, γE[v]=11.1, Q=70.6 (bayes)
2026-09-22 17:58:47,252 INFO: Plan 2: ḡ=42.5, γE[v]=19.0, Q=61.5 (bayes)
2026-09-22 17:58:48,439 INFO: Plan 0: ḡ=55, γE[v]=0.0, Q=55.0 (fn)
2026-09-22 17:58:50,560 INFO: Plan 0: ḡ=27, γE[v]=0.0, Q=27.0 (fn)
2026-09-22 17:58:50,715 INFO: Plan 1: ḡ=125, γE[v]=0.0, Q=125.0 (fn)
2026-09-22 17:58:50,988 INFO: Plan 2: ḡ=54, γE[v]=0.0, Q=54.0 (fn)
2026-09-22 17:58:50,988 INFO: Plan 0: ḡ=11.3, γE[v]=20.5, Q=31.8 (bayes)
2026-09-22 17:58:50,988 INFO: Plan 1: ḡ=32.9, γE[v]=9.7, Q=42.6 (bayes)
2026-09-22 17:58:50,988 INFO: Plan 2: ḡ=18.7, γE[v]=16.8, Q=35.5 (bayes)
2026-09-22 17:58:51,244 INFO: Plan 0: ḡ=5, γE[v]=0.0, Q=5.0 (fn)
2026-09-22 17:58:52,478 INFO: Plan 0: ḡ=4, γE[v]=0.0, Q=4.0 (fn)
2026-09-22 17:58:52,709 INFO: Plan 2: ḡ=4, γE[v]=0.0, Q=4.0 (fn)
2026-09-22 17:58:53,669 INFO: Plan 1: ḡ=6, γE[v]=0.0, Q=6.0 (fn)
2026-09-22 17:58:53,670 INFO: Plan 0: ḡ=0.8, γE[v]=0.2, Q=1.0 (bayes)
2026-09-22 17:58:53,670 INFO: Plan 1: ḡ=1.2, γE[v]=0.0, Q=1.2 (bayes)
2026-09-22 17:58:53,670 INFO: Plan 2: ḡ=0.8, γE[v]=0.2, Q=1.0 (bayes)
2026-09-22 17:58:54,640 INFO: Plan 0: ḡ=24, γE[v]=64.0, Q=88.0 (fn)
2026-09-22 17:58:54,824 INFO: Plan 0: ḡ=44, γE[v]=0.0, Q=44.0 (fn)
2026-09-22 17:58:55,352 INFO: Plan 1: ḡ=29, γE[v]=0.0, Q=29.0 (fn)
2026-09-22 17:58:55,748 INFO: Plan 1: ḡ=35, γE[v]=61.0, Q=96.0 (fn)
2026-09-22 17:58:56,310 INFO: Plan 1: ḡ=139, γE[v]=25.0, Q=164.0 (fn)
2026-09-22 17:58:56,311 INFO: Plan 2: ḡ=130, γE[v]=16.5, Q=146.5 (fn)
2026-09-22 17:58:56,312 INFO: Plan 0: ḡ=8.5, γE[v]=27.6, Q=36.1 (bayes)
2026-09-22 17:58:56,312 INFO: Plan 1: ḡ=13.2, γE[v]=25.1, Q=38.2 (bayes)
2026-09-22 17:58:56,312 INFO: Plan 2: ḡ=43.7, γE[v]=7.1, Q=50.8 (bayes)
2026-09-22 17:58:56,729 INFO: Plan 2: ḡ=36, γE[v]=36.5, Q=72.5 (fn)
2026-09-22 17:58:56,729 INFO: Plan 0: ḡ=22.8, γE[v]=77.2, Q=100.1 (bayes)
2026-09-22 17:58:56,729 INFO: Plan 1: ḡ=55.0, γE[v]=62.3, Q=117.3 (bayes)
2026-09-22 17:58:56,729 INFO: Plan 2: ḡ=17.0, γE[v]=82.1, Q=99.1 (bayes)
2026-09-22 17:58:57,284 INFO: Plan 1: ḡ=41, γE[v]=0.5, Q=41.5 (fn)
2026-09-22 17:58:57,370 INFO: Plan 2: ḡ=46, γE[v]=18.5, Q=64.5 (fn)
2026-09-22 17:58:58,354 INFO: Plan 2: ḡ=23, γE[v]=0.0, Q=23.0 (fn)
2026-09-22 17:58:58,651 INFO: Plan 0: ḡ=13, γE[v]=14.5, Q=27.5 (fn)
2026-09-22 17:58:58,845 INFO: Plan 2: ḡ=30, γE[v]=6.0, Q=36.0 (fn)
2026-09-22 17:58:58,845 INFO: Plan 0: ḡ=3.2, γE[v]=4.6, Q=7.8 (bayes)
2026-09-22 17:58:58,845 INFO: Plan 1: ḡ=10.2, γE[v]=0.2, Q=10.4 (bayes)
2026-09-22 17:58:58,845 INFO: Plan 2: ḡ=7.5, γE[v]=1.9, Q=9.4 (bayes)
2026-09-22 17:58:59,178 INFO: Plan 1: ḡ=48, γE[v]=12.0, Q=60.0 (fn)
2026-09-22 17:58:59,178 INFO: Plan 0: ḡ=6.0, γE[v]=76.0, Q=82.0 (bayes)
2026-09-22 17:58:59,178 INFO: Plan 1: ḡ=24.0, γE[v]=67.5, Q=91.5 (bayes)
2026-09-22 17:58:59,178 INFO: Plan 2: ḡ=23.0, γE[v]=68.3, Q=91.3 (bayes)
2026-09-22 17:59:01,125 INFO: Plan 0: ḡ=77, γE[v]=7.5, Q=84.5 (fn)
2026-09-22 17:59:01,545 INFO: Plan 1: ḡ=24, γE[v]=0.0, Q=24.0 (fn)
2026-09-22 17:59:01,743 INFO: Plan 1: ḡ=18, γE[v]=1.0, Q=19.0 (fn)
2026-09-22 17:59:01,922 INFO: Plan 2: ḡ=77, γE[v]=0.0, Q=77.0 (fn)
2026-09-22 17:59:02,059 INFO: Plan 0: ḡ=10, γE[v]=2.0, Q=12.0 (fn)
2026-09-22 17:59:02,059 INFO: Plan 0: ḡ=3.5, γE[v]=6.3, Q=9.8 (bayes)
2026-09-22 17:59:02,060 INFO: Plan 1: ḡ=7.0, γE[v]=4.5, Q=11.5 (bayes)
2026-09-22 17:59:02,060 INFO: Plan 2: ḡ=8.0, γE[v]=3.9, Q=11.9 (bayes)
2026-09-22 17:59:03,856 INFO: Plan 2: ḡ=39, γE[v]=10.5, Q=49.5 (fn)
2026-09-22 17:59:03,857 INFO: Plan 0: ḡ=38.5, γE[v]=58.8, Q=97.3 (bayes)
2026-09-22 17:59:03,857 INFO: Plan 1: ḡ=12.0, γE[v]=71.8, Q=83.8 (bayes)
2026-09-22 17:59:03,857 INFO: Plan 2: ḡ=19.5, γE[v]=68.5, Q=88.0 (bayes)
2026-09-22 17:59:04,249 INFO: Plan 2: ḡ=26, γE[v]=14.0, Q=40.0 (fn)
2026-09-22 17:59:04,250 INFO: Plan 0: ḡ=2.5, γE[v]=15.5, Q=18.0 (bayes)
2026-09-22 17:59:04,250 INFO: Plan 1: ḡ=14.5, γE[v]=9.5, Q=24.0 (bayes)
2026-09-22 17:59:04,250 INFO: Plan 2: ḡ=13.0, γE[v]=10.9, Q=23.9 (bayes)
2026-09-22 17:59:05,266 INFO: Plan 1: ḡ=330, γE[v]=39.5, Q=369.5 (fn)
2026-09-22 17:59:05,599 INFO: Plan 1: ḡ=74, γE[v]=49.5, Q=123.5 (fn)
2026-09-22 17:59:05,722 INFO: Plan 0: ḡ=148, γE[v]=12.5, Q=160.5 (fn)
2026-09-22 17:59:05,723 INFO: Plan 0: ḡ=73.2, γE[v]=5.9, Q=79.1 (bayes)
2026-09-22 17:59:05,724 INFO: Plan 1: ḡ=34.2, γE[v]=27.0, Q=61.1 (bayes)
2026-09-22 17:59:05,724 INFO: Plan 2: ḡ=37.3, γE[v]=23.2, Q=60.5 (bayes)
2026-09-22 17:59:07,347 INFO: Plan 2: ḡ=266, γE[v]=0.0, Q=266.0 (fn)
2026-09-22 17:59:08,229 INFO: Plan 1: ḡ=1, γE[v]=0.0, Q=1.0 (fn)
2026-09-22 17:59:08,230 INFO: Plan 2: ḡ=13, γE[v]=0.0, Q=13.0 (fn)
2026-09-22 17:59:08,872 INFO: Plan 2: ḡ=303, γE[v]=55.0, Q=358.0 (fn)
2026-09-22 17:59:08,873 INFO: Plan 0: ḡ=11.1, γE[v]=47.1, Q=58.2 (bayes)
2026-09-22 17:59:08,873 INFO: Plan 1: ḡ=82.5, γE[v]=14.0, Q=96.5 (bayes)
2026-09-22 17:59:08,873 INFO: Plan 2: ḡ=75.8, γE[v]=18.4, Q=94.2 (bayes)
2026-09-22 17:59:09,611 INFO: Plan 0: ḡ=5, γE[v]=0.5, Q=5.5 (fn)
2026-09-22 17:59:09,612 INFO: Plan 0: ḡ=1.2, γE[v]=1.8, Q=3.0 (bayes)
2026-09-22 17:59:09,612 INFO: Plan 1: ḡ=0.2, γE[v]=2.2, Q=2.5 (bayes)
2026-09-22 17:59:09,612 INFO: Plan 2: ḡ=3.2, γE[v]=0.8, Q=4.0 (bayes)
2026-09-22 17:59:09,656 INFO: Plan 0: ḡ=11, γE[v]=0.0, Q=11.0 (fn)
2026-09-22 17:59:10,153 INFO: Plan 0: ḡ=1, γE[v]=0.0, Q=1.0 (fn)
2026-09-22 17:59:10,238 INFO: Plan 2: ḡ=36, γE[v]=0.0, Q=36.0 (fn)
2026-09-22 17:59:10,277 INFO: Plan 1: ḡ=1, γE[v]=0.0, Q=1.0 (fn)
2026-09-22 17:59:10,716 INFO: Plan 2: ḡ=1, γE[v]=0.5, Q=1.5 (fn)
2026-09-22 17:59:10,717 INFO: Plan 0: ḡ=0.3, γE[v]=0.1, Q=0.5 (bayes)
2026-09-22 17:59:10,717 INFO: Plan 1: ḡ=0.2, γE[v]=0.2, Q=0.4 (bayes)
2026-09-22 17:59:10,717 INFO: Plan 2: ḡ=0.3, γE[v]=0.2, Q=0.5 (bayes)
2026-09-22 17:59:12,161 INFO: Plan 1: ḡ=261, γE[v]=45.5, Q=306.5 (fn)
2026-09-22 17:59:13,660 INFO: Plan 0: ḡ=367, γE[v]=46.0, Q=413.0 (fn)
2026-09-22 17:59:13,661 INFO: Plan 0: ḡ=183.5, γE[v]=299.1, Q=482.6 (bayes)
2026-09-22 17:59:13,661 INFO: Plan 1: ḡ=130.5, γE[v]=325.5, Q=456.1 (bayes)
2026-09-22 17:59:13,661 INFO: Plan 2: ḡ=133.0, γE[v]=322.2, Q=455.2 (bayes)
2026-09-22 17:59:13,876 INFO: Plan 1: ḡ=69, γE[v]=21.0, Q=90.0 (fn)
2026-09-22 17:59:13,877 INFO: Plan 0: ḡ=5.5, γE[v]=25.0, Q=30.5 (bayes)
2026-09-22 17:59:13,877 INFO: Plan 1: ḡ=34.5, γE[v]=11.4, Q=46.0 (bayes)
2026-09-22 17:59:13,877 INFO: Plan 2: ḡ=18.0, γE[v]=18.8, Q=36.8 (bayes)
2026-09-22 17:59:21,696 INFO: Plan 2: ḡ=14, γE[v]=0.0, Q=14.0 (fn)
2026-09-22 17:59:22,314 INFO: Plan 0: ḡ=2, γE[v]=0.0, Q=2.0 (fn)
2026-09-22 17:59:23,904 INFO: Plan 1: ḡ=31, γE[v]=0.0, Q=31.0 (fn)
2026-09-22 17:59:23,905 INFO: Plan 0: ḡ=1.7, γE[v]=2.1, Q=3.8 (bayes)
2026-09-22 17:59:23,905 INFO: Plan 1: ḡ=5.9, γE[v]=0.0, Q=5.9 (bayes)
2026-09-22 17:59:23,905 INFO: Plan 2: ḡ=2.0, γE[v]=1.9, Q=3.9 (bayes)
2026-09-22 17:59:26,855 INFO: Plan 0: ḡ=26, γE[v]=0.0, Q=26.0 (fn)
2026-09-22 17:59:27,241 INFO: Plan 2: ḡ=8, γE[v]=0.0, Q=8.0 (fn)
2026-09-22 17:59:27,414 INFO: Plan 0: ḡ=1, γE[v]=0.5, Q=1.5 (fn)
2026-09-22 17:59:28,019 INFO: Plan 1: ḡ=2, γE[v]=0.0, Q=2.0 (fn)
2026-09-22 17:59:28,338 INFO: Plan 2: ḡ=2, γE[v]=0.0, Q=2.0 (fn)
2026-09-22 17:59:28,338 INFO: Plan 0: ḡ=0.2, γE[v]=0.1, Q=0.3 (bayes)
2026-09-22 17:59:28,338 INFO: Plan 1: ḡ=0.4, γE[v]=0.0, Q=0.4 (bayes)
2026-09-22 17:59:28,339 INFO: Plan 2: ḡ=0.4, γE[v]=0.0, Q=0.4 (bayes)
2026-09-22 17:59:29,555 INFO: Plan 1: ḡ=109, γE[v]=10.5, Q=119.5 (fn)
2026-09-22 17:59:29,556 INFO: Plan 0: ḡ=10.2, γE[v]=28.0, Q=38.2 (bayes)
2026-09-22 17:59:29,556 INFO: Plan 1: ḡ=54.5, γE[v]=6.4, Q=60.9 (bayes)
2026-09-22 17:59:29,556 INFO: Plan 2: ḡ=4.0, γE[v]=31.1, Q=35.1 (bayes)
2026-09-22 17:59:30,320 INFO: Plan 0: ḡ=18, γE[v]=0.0, Q=18.0 (fn)
2026-09-22 17:59:31,028 INFO: Plan 2: ḡ=18, γE[v]=0.0, Q=18.0 (fn)
2026-09-22 17:59:32,060 INFO: Plan 2: ḡ=36, γE[v]=0.0, Q=36.0 (fn)
2026-09-22 17:59:32,222 INFO: Plan 1: ḡ=43, γE[v]=0.0, Q=43.0 (fn)
2026-09-22 17:59:32,521 INFO: Plan 1: ḡ=75, γE[v]=0.0, Q=75.0 (fn)
2026-09-22 17:59:32,930 INFO: Plan 0: ḡ=22, γE[v]=2.5, Q=24.5 (fn)
2026-09-22 17:59:32,931 INFO: Plan 1: ḡ=340, γE[v]=0.0, Q=340.0 (fn)
2026-09-22 17:59:32,933 INFO: Plan 0: ḡ=13.4, γE[v]=11.1, Q=24.6 (bayes)
2026-09-22 17:59:32,933 INFO: Plan 1: ḡ=14.3, γE[v]=10.5, Q=24.9 (bayes)
2026-09-22 17:59:32,933 INFO: Plan 2: ḡ=6.0, γE[v]=14.7, Q=20.7 (bayes)
2026-09-22 17:59:33,420 INFO: Plan 0: ḡ=340, γE[v]=0.0, Q=340.0 (fn)
2026-09-22 17:59:33,738 INFO: Plan 0: ḡ=114, γE[v]=0.0, Q=114.0 (fn)
2026-09-22 17:59:33,742 INFO: Plan 0: ḡ=57.0, γE[v]=28.5, Q=85.5 (bayes)
2026-09-22 17:59:33,742 INFO: Plan 1: ḡ=37.5, γE[v]=38.2, Q=75.8 (bayes)
2026-09-22 17:59:33,742 INFO: Plan 2: ḡ=18.0, γE[v]=48.0, Q=66.0 (bayes)
2026-09-22 17:59:34,039 INFO: Plan 1: ḡ=30, γE[v]=66.5, Q=96.5 (fn)
2026-09-22 17:59:34,040 INFO: Plan 2: ḡ=320, γE[v]=10.0, Q=330.0 (fn)
2026-09-22 17:59:34,040 INFO: Plan 0: ḡ=113.3, γE[v]=0.0, Q=113.3 (bayes)
2026-09-22 17:59:34,040 INFO: Plan 1: ḡ=113.3, γE[v]=0.0, Q=113.3 (bayes)
2026-09-22 17:59:34,040 INFO: Plan 2: ḡ=106.7, γE[v]=3.9, Q=110.6 (bayes)
2026-09-22 17:59:35,510 INFO: Plan 2: ḡ=7, γE[v]=0.0, Q=7.0 (fn)
2026-09-22 17:59:36,605 INFO: Plan 1: ḡ=36, γE[v]=0.0, Q=36.0 (fn)
2026-09-22 17:59:36,765 INFO: Plan 0: ḡ=12, γE[v]=2.5, Q=14.5 (fn)
2026-09-22 17:59:36,766 INFO: Plan 0: ḡ=6.0, γE[v]=9.4, Q=15.4 (bayes)
2026-09-22 17:59:36,766 INFO: Plan 1: ḡ=16.8, γE[v]=3.9, Q=20.7 (bayes)
2026-09-22 17:59:36,766 INFO: Plan 2: ḡ=3.2, γE[v]=10.7, Q=13.9 (bayes)
2026-09-22 17:59:37,659 INFO: Plan 2: ḡ=173, γE[v]=5.0, Q=178.0 (fn)
2026-09-22 17:59:37,660 INFO: Plan 0: ḡ=9.0, γE[v]=41.2, Q=50.2 (bayes)
2026-09-22 17:59:37,660 INFO: Plan 1: ḡ=15.0, γE[v]=41.2, Q=56.2 (bayes)
2026-09-22 17:59:37,660 INFO: Plan 2: ḡ=86.5, γE[v]=2.7, Q=89.2 (bayes)
2026-09-22 17:59:38,871 INFO: Plan 1: ḡ=4, γE[v]=0.0, Q=4.0 (fn)
2026-09-22 17:59:38,872 INFO: Plan 2: ḡ=1, γE[v]=0.0, Q=1.0 (fn)
2026-09-22 17:59:40,073 INFO: Plan 0: ḡ=2, γE[v]=1.5, Q=3.5 (fn)
2026-09-22 17:59:40,073 INFO: Plan 0: ḡ=0.3, γE[v]=0.4, Q=0.7 (bayes)
2026-09-22 17:59:40,073 INFO: Plan 1: ḡ=0.7, γE[v]=0.1, Q=0.8 (bayes)
2026-09-22 17:59:40,074 INFO: Plan 2: ḡ=0.2, γE[v]=0.3, Q=0.5 (bayes)
2026-09-22 17:59:41,879 INFO: Plan 1: ḡ=43, γE[v]=0.0, Q=43.0 (fn)
2026-09-22 17:59:42,249 INFO: Plan 0: ḡ=11, γE[v]=0.0, Q=11.0 (fn)
2026-09-22 17:59:44,037 INFO: Plan 0: ḡ=68, γE[v]=0.0, Q=68.0 (fn)
2026-09-22 17:59:44,636 INFO: Plan 0: ḡ=42, γE[v]=37.0, Q=79.0 (fn)
2026-09-22 17:59:45,069 INFO: Plan 2: ḡ=38, γE[v]=7.5, Q=45.5 (fn)
2026-09-22 17:59:45,147 INFO: Plan 1: ḡ=21, γE[v]=19.0, Q=40.0 (fn)
2026-09-22 17:59:45,148 INFO: Plan 0: ḡ=21.0, γE[v]=74.3, Q=95.3 (bayes)
2026-09-22 17:59:45,148 INFO: Plan 1: ḡ=10.5, γE[v]=78.8, Q=89.3 (bayes)
2026-09-22 17:59:45,148 INFO: Plan 2: ḡ=13.3, γE[v]=76.9, Q=90.3 (bayes)
2026-09-22 17:59:45,397 INFO: Plan 2: ḡ=149, γE[v]=0.0, Q=149.0 (fn)
2026-09-22 17:59:45,644 INFO: Plan 2: ḡ=77, γE[v]=46.5, Q=123.5 (fn)
2026-09-22 17:59:45,645 INFO: Plan 0: ḡ=5.5, γE[v]=97.0, Q=102.5 (bayes)
2026-09-22 17:59:45,645 INFO: Plan 1: ḡ=18.2, γE[v]=90.7, Q=108.8 (bayes)
2026-09-22 17:59:45,645 INFO: Plan 2: ḡ=32.0, γE[v]=85.8, Q=117.8 (bayes)
2026-09-22 17:59:46,441 INFO: Plan 0: ḡ=1, γE[v]=0.0, Q=1.0 (fn)
2026-09-22 17:59:46,442 INFO: Plan 1: ḡ=11, γE[v]=0.0, Q=11.0 (fn)
2026-09-22 17:59:46,889 INFO: Plan 1: ḡ=118, γE[v]=0.0, Q=118.0 (fn)
2026-09-22 17:59:46,890 INFO: Plan 0: ḡ=23.3, γE[v]=55.5, Q=78.9 (bayes)
2026-09-22 17:59:46,890 INFO: Plan 1: ḡ=37.8, γE[v]=48.3, Q=86.1 (bayes)
2026-09-22 17:59:46,890 INFO: Plan 2: ḡ=49.8, γE[v]=42.3, Q=92.1 (bayes)
2026-09-22 17:59:47,961 INFO: Plan 2: ḡ=29, γE[v]=6.0, Q=35.0 (fn)
2026-09-22 17:59:47,961 INFO: Plan 0: ḡ=0.2, γE[v]=4.0, Q=4.2 (bayes)
2026-09-22 17:59:47,962 INFO: Plan 1: ḡ=2.2, γE[v]=3.0, Q=5.2 (bayes)
2026-09-22 17:59:47,962 INFO: Plan 2: ḡ=5.8, γE[v]=1.6, Q=7.4 (bayes)
2026-09-22 17:59:49,827 INFO: Plan 2: ḡ=13, γE[v]=0.0, Q=13.0 (fn)
2026-09-22 17:59:50,094 INFO: Plan 1: ḡ=16, γE[v]=0.0, Q=16.0 (fn)
2026-09-22 17:59:50,453 INFO: Plan 0: ḡ=22, γE[v]=0.0, Q=22.0 (fn)
2026-09-22 17:59:50,454 INFO: Plan 0: ḡ=9.5, γE[v]=5.3, Q=14.8 (bayes)
2026-09-22 17:59:50,454 INFO: Plan 1: ḡ=4.0, γE[v]=8.0, Q=12.0 (bayes)
2026-09-22 17:59:50,454 INFO: Plan 2: ḡ=6.5, γE[v]=6.8, Q=13.3 (bayes)
2026-09-22 17:59:53,648 INFO: Plan 1: ḡ=11, γE[v]=6.0, Q=17.0 (fn)
2026-09-22 17:59:54,537 INFO: Plan 0: ḡ=13, γE[v]=5.5, Q=18.5 (fn)
2026-09-22 17:59:55,750 INFO: Plan 1: ḡ=12, γE[v]=1.0, Q=13.0 (fn)
2026-09-22 17:59:55,876 INFO: Plan 2: ḡ=11, γE[v]=8.5, Q=19.5 (fn)
2026-09-22 17:59:55,877 INFO: Plan 2: ḡ=27, γE[v]=0.0, Q=27.0 (fn)
2026-09-22 17:59:55,878 INFO: Plan 0: ḡ=4.8, γE[v]=3.5, Q=8.3 (bayes)
2026-09-22 17:59:55,879 INFO: Plan 1: ḡ=4.8, γE[v]=3.5, Q=8.4 (bayes)
2026-09-22 17:59:55,879 INFO: Plan 2: ḡ=4.8, γE[v]=3.6, Q=8.5 (bayes)
2026-09-22 17:59:56,235 INFO: Plan 0: ḡ=17, γE[v]=0.0, Q=17.0 (fn)
2026-09-22 17:59:57,020 INFO: Plan 0: ḡ=15, γE[v]=2.5, Q=17.5 (fn)
2026-09-22 17:59:57,021 INFO: Plan 0: ḡ=6.0, γE[v]=1.9, Q=7.9 (bayes)
2026-09-22 17:59:57,021 INFO: Plan 1: ḡ=4.2, γE[v]=2.8, Q=6.9 (bayes)
2026-09-22 17:59:57,021 INFO: Plan 2: ḡ=9.6, γE[v]=0.0, Q=9.6 (bayes)
2026-09-22 17:59:57,599 INFO: Plan 1: ḡ=92, γE[v]=0.0, Q=92.0 (fn)
2026-09-22 17:59:57,863 INFO: Plan 0: ḡ=1, γE[v]=0.0, Q=1.0 (fn)
2026-09-22 17:59:58,027 INFO: Plan 2: ḡ=0, γE[v]=0.0, Q=0.0 (fn)
2026-09-22 17:59:58,188 INFO: Plan 2: ḡ=144, γE[v]=0.0, Q=144.0 (fn)
2026-09-22 17:59:58,189 INFO: Plan 1: ḡ=1, γE[v]=0.0, Q=1.0 (fn)
2026-09-22 17:59:58,189 INFO: Plan 0: ḡ=8.5, γE[v]=166.8, Q=175.2 (bayes)
2026-09-22 17:59:58,190 INFO: Plan 0: ḡ=0.2, γE[v]=0.0, Q=0.2 (bayes)
2026-09-22 17:59:58,190 INFO: Plan 1: ḡ=46.0, γE[v]=148.0, Q=194.0 (bayes)
2026-09-22 17:59:58,190 INFO: Plan 1: ḡ=0.2, γE[v]=0.0, Q=0.2 (bayes)
2026-09-22 17:59:58,190 INFO: Plan 2: ḡ=72.0, γE[v]=135.0, Q=207.0 (bayes)
2026-09-22 17:59:58,190 INFO: Plan 2: ḡ=0.0, γE[v]=0.1, Q=0.1 (bayes)
2026-09-22 17:59:58,995 INFO: Plan 2: ḡ=0, γE[v]=0.0, Q=0.0 (fn)
2026-09-22 17:59:59,039 INFO: Plan 0: ḡ=6, γE[v]=0.0, Q=6.0 (fn)
2026-09-22 17:59:59,039 INFO: Plan 1: ḡ=1, γE[v]=2.5, Q=3.5 (fn)
2026-09-22 17:59:59,040 INFO: Plan 0: ḡ=1.5, γE[v]=0.0, Q=1.5 (bayes)
2026-09-22 17:59:59,040 INFO: Plan 1: ḡ=0.2, γE[v]=0.8, Q=1.0 (bayes)
2026-09-22 17:59:59,040 INFO: Plan 2: ḡ=0.0, γE[v]=0.8, Q=0.8 (bayes)
2026-09-22 18:00:03,104 INFO: Plan 0: ḡ=36, γE[v]=0.0, Q=36.0 (fn)
2026-09-22 18:00:03,449 INFO: Plan 0: ḡ=23, γE[v]=5.0, Q=28.0 (fn)
2026-09-22 18:00:04,192 INFO: Plan 2: ḡ=25, γE[v]=0.0, Q=25.0 (fn)
2026-09-22 18:00:04,823 INFO: Plan 2: ḡ=74, γE[v]=21.5, Q=95.5 (fn)
2026-09-22 18:00:05,402 INFO: Plan 0: ḡ=66, γE[v]=0.0, Q=66.0 (fn)
2026-09-22 18:00:06,034 INFO: Plan 1: ḡ=12, γE[v]=0.0, Q=12.0 (fn)
2026-09-22 18:00:06,115 INFO: Plan 2: ḡ=31, γE[v]=0.0, Q=31.0 (fn)
2026-09-22 18:00:06,724 INFO: Plan 0: ḡ=3, γE[v]=0.0, Q=3.0 (fn)
2026-09-22 18:00:07,477 INFO: Plan 2: ḡ=4, γE[v]=0.0, Q=4.0 (fn)
2026-09-22 18:00:07,809 INFO: Plan 1: ḡ=16, γE[v]=4.5, Q=20.5 (fn)
2026-09-22 18:00:07,812 INFO: Plan 0: ḡ=18.0, γE[v]=53.0, Q=71.0 (bayes)
2026-09-22 18:00:07,816 INFO: Plan 1: ḡ=5.5, γE[v]=59.5, Q=65.0 (bayes)
2026-09-22 18:00:07,816 INFO: Plan 2: ḡ=12.5, γE[v]=55.7, Q=68.2 (bayes)
2026-09-22 18:00:08,477 INFO: Plan 2: ḡ=82, γE[v]=0.0, Q=82.0 (fn)
2026-09-22 18:00:08,800 INFO: Plan 0: ḡ=137, γE[v]=0.0, Q=137.0 (fn)
2026-09-22 18:00:08,800 INFO: Plan 0: ḡ=63, γE[v]=9.5, Q=72.5 (fn)
2026-09-22 18:00:08,801 INFO: Plan 0: ḡ=20.5, γE[v]=3.5, Q=24.0 (bayes)
2026-09-22 18:00:08,801 INFO: Plan 1: ḡ=3.0, γE[v]=11.7, Q=14.7 (bayes)
2026-09-22 18:00:08,801 INFO: Plan 2: ḡ=26.3, γE[v]=0.0, Q=26.3 (bayes)
2026-09-22 18:00:09,133 INFO: Plan 1: ḡ=63, γE[v]=19.5, Q=82.5 (fn)
2026-09-22 18:00:09,134 INFO: Plan 0: ḡ=11.5, γE[v]=56.5, Q=68.0 (bayes)
2026-09-22 18:00:09,134 INFO: Plan 1: ḡ=31.5, γE[v]=47.1, Q=78.6 (bayes)
2026-09-22 18:00:09,134 INFO: Plan 2: ḡ=37.0, γE[v]=44.5, Q=81.5 (bayes)
2026-09-22 18:00:10,458 INFO: Plan 2: ḡ=43, γE[v]=0.0, Q=43.0 (fn)
2026-09-22 18:00:10,734 INFO: Plan 2: ḡ=28, γE[v]=0.0, Q=28.0 (fn)
2026-09-22 18:00:10,773 INFO: Plan 1: ḡ=12, γE[v]=0.5, Q=12.5 (fn)
2026-09-22 18:00:10,774 INFO: Plan 0: ḡ=1.5, γE[v]=2.5, Q=4.0 (bayes)
2026-09-22 18:00:10,774 INFO: Plan 1: ḡ=6.0, γE[v]=0.3, Q=6.3 (bayes)
2026-09-22 18:00:10,774 INFO: Plan 2: ḡ=2.0, γE[v]=2.2, Q=4.2 (bayes)
2026-09-22 18:00:11,109 INFO: Plan 0: ḡ=15, γE[v]=10.0, Q=25.0 (fn)
2026-09-22 18:00:11,462 INFO: Plan 2: ḡ=23, γE[v]=0.0, Q=23.0 (fn)
2026-09-22 18:00:11,654 INFO: Plan 0: ḡ=21, γE[v]=0.0, Q=21.0 (fn)
2026-09-22 18:00:14,078 INFO: Plan 0: ḡ=125, γE[v]=14.0, Q=139.0 (fn)
2026-09-22 18:00:14,571 INFO: Plan 1: ḡ=78, γE[v]=15.5, Q=93.5 (fn)
2026-09-22 18:00:14,571 INFO: Plan 0: ḡ=7.0, γE[v]=14.7, Q=21.7 (bayes)
2026-09-22 18:00:14,571 INFO: Plan 1: ḡ=26.0, γE[v]=6.1, Q=32.1 (bayes)
2026-09-22 18:00:14,571 INFO: Plan 2: ḡ=7.7, γE[v]=14.3, Q=22.0 (bayes)
2026-09-22 18:00:14,888 INFO: Plan 1: ḡ=64, γE[v]=35.0, Q=99.0 (fn)
2026-09-22 18:00:14,889 INFO: Plan 0: ḡ=26.8, γE[v]=46.9, Q=73.7 (bayes)
2026-09-22 18:00:14,889 INFO: Plan 1: ḡ=21.8, γE[v]=51.2, Q=73.0 (bayes)
2026-09-22 18:00:14,889 INFO: Plan 2: ḡ=12.2, γE[v]=54.2, Q=66.4 (bayes)
2026-09-22 18:00:16,801 INFO: Plan 0: ḡ=44, γE[v]=0.0, Q=44.0 (fn)
2026-09-22 18:00:17,244 INFO: Plan 2: ḡ=83, γE[v]=0.0, Q=83.0 (fn)
2026-09-22 18:00:17,652 INFO: Plan 1: ḡ=91, γE[v]=14.0, Q=105.0 (fn)
2026-09-22 18:00:17,652 INFO: Plan 0: ḡ=7.5, γE[v]=26.4, Q=34.0 (bayes)
2026-09-22 18:00:17,652 INFO: Plan 1: ḡ=45.5, γE[v]=7.6, Q=53.1 (bayes)
2026-09-22 18:00:17,653 INFO: Plan 2: ḡ=14.0, γE[v]=22.8, Q=36.8 (bayes)
2026-09-22 18:00:17,701 INFO: Plan 0: ḡ=44, γE[v]=0.0, Q=44.0 (fn)
2026-09-22 18:00:18,024 INFO: Plan 1: ḡ=132, γE[v]=49.0, Q=181.0 (fn)
2026-09-22 18:00:18,516 INFO: Plan 2: ḡ=107, γE[v]=20.0, Q=127.0 (fn)
2026-09-22 18:00:18,517 INFO: Plan 1: ḡ=36, γE[v]=0.0, Q=36.0 (fn)
2026-09-22 18:00:19,001 INFO: Plan 1: ḡ=28, γE[v]=0.0, Q=28.0 (fn)
2026-09-22 18:00:19,042 INFO: Plan 1: ḡ=66, γE[v]=86.5, Q=152.5 (fn)
2026-09-22 18:00:19,042 INFO: Plan 0: ḡ=65.2, γE[v]=25.5, Q=90.7 (bayes)
2026-09-22 18:00:19,043 INFO: Plan 1: ḡ=32.2, γE[v]=46.0, Q=78.2 (bayes)
2026-09-22 18:00:19,043 INFO: Plan 2: ḡ=20.7, γE[v]=47.8, Q=68.4 (bayes)
2026-09-22 18:00:19,191 INFO: Plan 2: ḡ=45, γE[v]=0.0, Q=45.0 (fn)
2026-09-22 18:00:19,192 INFO: Plan 0: ḡ=17.3, γE[v]=267.9, Q=285.2 (bayes)
2026-09-22 18:00:19,192 INFO: Plan 1: ḡ=14.0, γE[v]=269.6, Q=283.6 (bayes)
2026-09-22 18:00:19,192 INFO: Plan 2: ḡ=22.5, γE[v]=265.3, Q=287.8 (bayes)
2026-09-22 18:00:19,997 INFO: Plan 2: ḡ=111, γE[v]=65.0, Q=176.0 (fn)
2026-09-22 18:00:19,998 INFO: Plan 0: ḡ=62.5, γE[v]=121.9, Q=184.4 (bayes)
2026-09-22 18:00:19,998 INFO: Plan 1: ḡ=66.0, γE[v]=121.7, Q=187.7 (bayes)
2026-09-22 18:00:19,998 INFO: Plan 2: ḡ=55.5, γE[v]=127.7, Q=183.2 (bayes)
2026-09-22 18:00:22,136 INFO: Plan 1: ḡ=93, γE[v]=0.0, Q=93.0 (fn)
2026-09-22 18:00:22,282 INFO: Plan 0: ḡ=127, γE[v]=18.0, Q=145.0 (fn)
2026-09-22 18:00:22,282 INFO: Plan 0: ḡ=32.1, γE[v]=5.9, Q=38.0 (bayes)
2026-09-22 18:00:22,282 INFO: Plan 1: ḡ=9.8, γE[v]=15.9, Q=25.7 (bayes)
2026-09-22 18:00:22,282 INFO: Plan 2: ḡ=26.8, γE[v]=8.8, Q=35.5 (bayes)
2026-09-22 18:00:23,070 INFO: Plan 1: ḡ=112, γE[v]=40.5, Q=152.5 (fn)
2026-09-22 18:00:23,071 INFO: Plan 0: ḡ=8.9, γE[v]=16.5, Q=25.4 (bayes)
2026-09-22 18:00:23,071 INFO: Plan 1: ḡ=22.4, γE[v]=12.6, Q=35.0 (bayes)
2026-09-22 18:00:23,071 INFO: Plan 2: ḡ=18.0, γE[v]=11.9, Q=29.9 (bayes)
2026-09-22 18:00:23,588 INFO: Plan 1: ḡ=31, γE[v]=0.0, Q=31.0 (fn)
2026-09-22 18:00:24,352 INFO: Plan 0: ḡ=31, γE[v]=0.0, Q=31.0 (fn)
2026-09-22 18:00:24,678 INFO: Plan 2: ḡ=6, γE[v]=0.0, Q=6.0 (fn)
2026-09-22 18:00:25,379 INFO: Plan 0: ḡ=25, γE[v]=0.5, Q=25.5 (fn)
2026-09-22 18:00:26,088 INFO: Plan 2: ḡ=23, γE[v]=54.5, Q=77.5 (fn)
2026-09-22 18:00:26,313 INFO: Plan 2: ḡ=31, γE[v]=0.0, Q=31.0 (fn)
2026-09-22 18:00:26,314 INFO: Plan 0: ḡ=5.4, γE[v]=0.0, Q=5.4 (bayes)
2026-09-22 18:00:26,314 INFO: Plan 1: ḡ=5.4, γE[v]=0.0, Q=5.4 (bayes)
2026-09-22 18:00:26,314 INFO: Plan 2: ḡ=5.4, γE[v]=0.0, Q=5.4 (bayes)
2026-09-22 18:00:27,035 INFO: Plan 0: ḡ=146, γE[v]=66.0, Q=212.0 (fn)
2026-09-22 18:00:27,036 INFO: Plan 0: ḡ=44, γE[v]=47.0, Q=91.0 (fn)
2026-09-22 18:00:27,036 INFO: Plan 0: ḡ=22.0, γE[v]=25.6, Q=47.6 (bayes)
2026-09-22 18:00:27,036 INFO: Plan 1: ḡ=46.5, γE[v]=11.2, Q=57.8 (bayes)
2026-09-22 18:00:27,037 INFO: Plan 2: ḡ=11.5, γE[v]=31.2, Q=42.7 (bayes)
2026-09-22 18:00:27,070 INFO: Plan 1: ḡ=7, γE[v]=2.0, Q=9.0 (fn)
2026-09-22 18:00:27,070 INFO: Plan 0: ḡ=7.1, γE[v]=2.4, Q=9.5 (bayes)
2026-09-22 18:00:27,071 INFO: Plan 1: ḡ=2.8, γE[v]=4.6, Q=7.5 (bayes)
2026-09-22 18:00:27,071 INFO: Plan 2: ḡ=3.0, γE[v]=4.5, Q=7.5 (bayes)
2026-09-22 18:00:28,253 INFO: Plan 2: ḡ=221, γE[v]=88.5, Q=309.5 (fn)
2026-09-22 18:00:29,307 INFO: Plan 0: ḡ=17, γE[v]=0.0, Q=17.0 (fn)
2026-09-22 18:00:29,348 INFO: Plan 1: ḡ=27, γE[v]=0.0, Q=27.0 (fn)
2026-09-22 18:00:29,586 INFO: Plan 1: ḡ=256, γE[v]=98.0, Q=354.0 (fn)
2026-09-22 18:00:29,587 INFO: Plan 0: ḡ=73.0, γE[v]=83.5, Q=156.5 (bayes)
2026-09-22 18:00:29,587 INFO: Plan 1: ḡ=128.0, γE[v]=57.4, Q=185.4 (bayes)
2026-09-22 18:00:29,587 INFO: Plan 2: ḡ=110.5, γE[v]=65.7, Q=176.2 (bayes)
2026-09-22 18:00:29,625 INFO: Plan 0: ḡ=47, γE[v]=0.0, Q=47.0 (fn)
2026-09-22 18:00:30,844 INFO: Plan 2: ḡ=77, γE[v]=0.0, Q=77.0 (fn)
2026-09-22 18:00:30,846 INFO: Plan 0: ḡ=23.5, γE[v]=29.5, Q=53.0 (bayes)
2026-09-22 18:00:30,846 INFO: Plan 1: ḡ=13.5, γE[v]=34.5, Q=48.0 (bayes)
2026-09-22 18:00:30,846 INFO: Plan 2: ḡ=38.5, γE[v]=22.0, Q=60.5 (bayes)
2026-09-22 18:00:33,411 INFO: Plan 2: ḡ=37, γE[v]=0.0, Q=37.0 (fn)
2026-09-22 18:00:33,688 INFO: Plan 2: ḡ=6, γE[v]=0.0, Q=6.0 (fn)
2026-09-22 18:00:33,729 INFO: Plan 1: ḡ=103, γE[v]=0.0, Q=103.0 (fn)
2026-09-22 18:00:33,732 INFO: Plan 2: ḡ=27, γE[v]=0.0, Q=27.0 (fn)
2026-09-22 18:00:33,734 INFO: Plan 2: ḡ=35, γE[v]=5.0, Q=40.0 (fn)
2026-09-22 18:00:34,140 INFO: Plan 1: ḡ=54, γE[v]=0.0, Q=54.0 (fn)
2026-09-22 18:00:35,114 INFO: Plan 0: ḡ=51, γE[v]=0.0, Q=51.0 (fn)
2026-09-22 18:00:35,115 INFO: Plan 0: ḡ=22.5, γE[v]=20.2, Q=42.8 (bayes)
2026-09-22 18:00:35,115 INFO: Plan 1: ḡ=27.0, γE[v]=18.0, Q=45.0 (bayes)
2026-09-22 18:00:35,115 INFO: Plan 2: ḡ=13.5, γE[v]=24.8, Q=38.2 (bayes)
2026-09-22 18:00:35,375 INFO: Plan 1: ḡ=31, γE[v]=7.0, Q=38.0 (fn)
2026-09-22 18:00:35,376 INFO: Plan 0: ḡ=11.8, γE[v]=4.7, Q=16.4 (bayes)
2026-09-22 18:00:35,376 INFO: Plan 1: ḡ=16.4, γE[v]=2.8, Q=19.2 (bayes)
2026-09-22 18:00:35,376 INFO: Plan 2: ḡ=17.8, γE[v]=2.0, Q=19.7 (bayes)
2026-09-22 18:00:35,895 INFO: Plan 1: ḡ=33, γE[v]=0.0, Q=33.0 (fn)
2026-09-22 18:00:36,434 INFO: Plan 0: ḡ=54, γE[v]=10.5, Q=64.5 (fn)
2026-09-22 18:00:36,435 INFO: Plan 0: ḡ=27.0, γE[v]=131.7, Q=158.7 (bayes)
2026-09-22 18:00:36,435 INFO: Plan 1: ḡ=51.5, γE[v]=119.0, Q=170.5 (bayes)
2026-09-22 18:00:36,435 INFO: Plan 2: ḡ=18.5, γE[v]=135.5, Q=154.0 (bayes)
2026-09-22 18:00:36,475 INFO: Plan 1: ḡ=2, γE[v]=0.0, Q=2.0 (fn)
2026-09-22 18:00:36,608 INFO: Plan 2: ḡ=2, γE[v]=0.0, Q=2.0 (fn)
2026-09-22 18:00:36,966 INFO: Plan 0: ḡ=12, γE[v]=6.0, Q=18.0 (fn)
2026-09-22 18:00:36,966 INFO: Plan 0: ḡ=5.5, γE[v]=9.4, Q=14.9 (bayes)
2026-09-22 18:00:36,966 INFO: Plan 1: ḡ=16.2, γE[v]=3.6, Q=19.9 (bayes)
2026-09-22 18:00:36,966 INFO: Plan 2: ḡ=2.8, γE[v]=10.4, Q=13.1 (bayes)
2026-09-22 18:00:37,667 INFO: Plan 0: ḡ=1, γE[v]=0.5, Q=1.5 (fn)
2026-09-22 18:00:37,668 INFO: Plan 0: ḡ=0.2, γE[v]=0.1, Q=0.3 (bayes)
2026-09-22 18:00:37,668 INFO: Plan 1: ḡ=0.3, γE[v]=0.0, Q=0.3 (bayes)
2026-09-22 18:00:37,668 INFO: Plan 2: ḡ=0.3, γE[v]=0.0, Q=0.3 (bayes)
2026-09-22 18:00:38,348 INFO: Plan 0: ḡ=14, γE[v]=0.0, Q=14.0 (fn)
2026-09-22 18:00:39,659 INFO: Plan 0: ḡ=160, γE[v]=0.0, Q=160.0 (fn)
  [1/93] rich.console seed=123: {'random': 145, 'greedy': 138, 'cov_greedy': 160, 'covqvalue2': 301}
2026-09-22 18:00:39,880 INFO: Plan 2: ḡ=91, γE[v]=0.0, Q=91.0 (fn)
2026-09-22 18:00:40,159 INFO: Plan 1: ḡ=65, γE[v]=0.0, Q=65.0 (fn)
2026-09-22 18:00:40,159 INFO: Plan 0: ḡ=80.0, γE[v]=107.2, Q=187.2 (bayes)
2026-09-22 18:00:40,159 INFO: Plan 1: ḡ=32.5, γE[v]=131.0, Q=163.5 (bayes)
2026-09-22 18:00:40,159 INFO: Plan 2: ḡ=45.5, γE[v]=124.5, Q=170.0 (bayes)
2026-09-22 18:00:40,924 INFO: Plan 1: ḡ=0, γE[v]=0.0, Q=0.0 (fn)
2026-09-22 18:00:41,094 INFO: Plan 2: ḡ=56, γE[v]=0.0, Q=56.0 (fn)
2026-09-22 18:00:41,129 INFO: Plan 2: ḡ=0, γE[v]=0.0, Q=0.0 (fn)
2026-09-22 18:00:41,345 INFO: Plan 0: ḡ=1, γE[v]=0.0, Q=1.0 (fn)
2026-09-22 18:00:41,349 INFO: Plan 1: ḡ=25, γE[v]=34.5, Q=59.5 (fn)
2026-09-22 18:00:41,349 INFO: Plan 0: ḡ=0.2, γE[v]=0.0, Q=0.2 (bayes)
2026-09-22 18:00:41,349 INFO: Plan 1: ḡ=0.0, γE[v]=0.1, Q=0.1 (bayes)
2026-09-22 18:00:41,349 INFO: Plan 2: ḡ=0.0, γE[v]=0.1, Q=0.1 (bayes)
2026-09-22 18:00:42,013 INFO: Plan 0: ḡ=26, γE[v]=0.0, Q=26.0 (fn)
2026-09-22 18:00:42,687 INFO: Plan 1: ḡ=51, γE[v]=0.0, Q=51.0 (fn)
2026-09-22 18:00:42,688 INFO: Plan 0: ḡ=13.0, γE[v]=69.5, Q=82.5 (bayes)
2026-09-22 18:00:42,688 INFO: Plan 1: ḡ=25.5, γE[v]=63.2, Q=88.8 (bayes)
2026-09-22 18:00:42,688 INFO: Plan 2: ḡ=28.0, γE[v]=62.0, Q=90.0 (bayes)
2026-09-22 18:00:43,520 INFO: Plan 2: ḡ=2, γE[v]=0.0, Q=2.0 (fn)
2026-09-22 18:00:44,053 INFO: Plan 2: ḡ=68, γE[v]=18.5, Q=86.5 (fn)
2026-09-22 18:00:44,054 INFO: Plan 0: ḡ=4.7, γE[v]=15.2, Q=19.8 (bayes)
2026-09-22 18:00:44,054 INFO: Plan 1: ḡ=8.3, γE[v]=15.4, Q=23.7 (bayes)
2026-09-22 18:00:44,054 INFO: Plan 2: ḡ=22.7, γE[v]=7.3, Q=29.9 (bayes)
2026-09-22 18:00:44,334 INFO: Plan 1: ḡ=7, γE[v]=0.0, Q=7.0 (fn)
2026-09-22 18:00:45,741 INFO: Plan 0: ḡ=3, γE[v]=1.0, Q=4.0 (fn)
2026-09-22 18:00:45,741 INFO: Plan 0: ḡ=0.8, γE[v]=1.0, Q=1.9 (bayes)
2026-09-22 18:00:45,741 INFO: Plan 1: ḡ=1.5, γE[v]=0.6, Q=2.1 (bayes)
2026-09-22 18:00:45,742 INFO: Plan 2: ḡ=0.4, γE[v]=1.2, Q=1.6 (bayes)
2026-09-22 18:00:47,049 INFO: Plan 0: ḡ=68, γE[v]=0.0, Q=68.0 (fn)
2026-09-22 18:00:47,206 INFO: Plan 2: ḡ=0, γE[v]=0.0, Q=0.0 (fn)
2026-09-22 18:00:48,694 INFO: Plan 1: ḡ=101, γE[v]=0.0, Q=101.0 (fn)
2026-09-22 18:00:48,695 INFO: Plan 0: ḡ=23.3, γE[v]=30.7, Q=54.0 (bayes)
2026-09-22 18:00:48,695 INFO: Plan 1: ḡ=33.7, γE[v]=25.5, Q=59.2 (bayes)
2026-09-22 18:00:48,695 INFO: Plan 2: ḡ=0.0, γE[v]=42.3, Q=42.3 (bayes)
2026-09-22 18:00:48,903 INFO: Plan 0: ḡ=1, γE[v]=0.0, Q=1.0 (fn)
2026-09-22 18:00:49,486 INFO: Plan 1: ḡ=11, γE[v]=0.0, Q=11.0 (fn)
2026-09-22 18:00:50,655 INFO: Plan 1: ḡ=12, γE[v]=0.0, Q=12.0 (fn)
2026-09-22 18:00:51,028 INFO: Plan 2: ḡ=13, γE[v]=0.0, Q=13.0 (fn)
2026-09-22 18:00:51,112 INFO: Plan 2: ḡ=40, γE[v]=0.5, Q=40.5 (fn)
2026-09-22 18:00:51,112 INFO: Plan 0: ḡ=0.2, γE[v]=3.3, Q=3.5 (bayes)
2026-09-22 18:00:51,112 INFO: Plan 1: ḡ=1.8, γE[v]=2.5, Q=4.3 (bayes)
2026-09-22 18:00:51,113 INFO: Plan 2: ḡ=6.7, γE[v]=0.1, Q=6.8 (bayes)
2026-09-22 18:00:51,151 INFO: Plan 0: ḡ=13, γE[v]=0.5, Q=13.5 (fn)
2026-09-22 18:00:51,151 INFO: Plan 0: ḡ=3.6, γE[v]=4.6, Q=8.2 (bayes)
2026-09-22 18:00:51,151 INFO: Plan 1: ḡ=2.7, γE[v]=5.0, Q=7.7 (bayes)
2026-09-22 18:00:51,151 INFO: Plan 2: ḡ=6.5, γE[v]=3.1, Q=9.6 (bayes)
2026-09-22 18:00:52,838 INFO: Plan 1: ḡ=246, γE[v]=0.0, Q=246.0 (fn)
2026-09-22 18:00:53,099 INFO: Plan 0: ḡ=226, γE[v]=10.0, Q=236.0 (fn)
2026-09-22 18:00:53,350 INFO: Plan 2: ḡ=226, γE[v]=10.0, Q=236.0 (fn)
2026-09-22 18:00:53,354 INFO: Plan 0: ḡ=56.5, γE[v]=3.2, Q=59.7 (bayes)
2026-09-22 18:00:53,357 INFO: Plan 1: ḡ=61.5, γE[v]=0.0, Q=61.5 (bayes)
2026-09-22 18:00:53,358 INFO: Plan 2: ḡ=56.5, γE[v]=3.2, Q=59.7 (bayes)
2026-09-22 18:00:56,167 INFO: Plan 1: ḡ=0, γE[v]=0.0, Q=0.0 (fn)
2026-09-22 18:00:56,726 INFO: Plan 2: ḡ=0, γE[v]=0.0, Q=0.0 (fn)
2026-09-22 18:00:56,764 INFO: Plan 0: ḡ=1, γE[v]=0.0, Q=1.0 (fn)
2026-09-22 18:00:56,764 INFO: Plan 0: ḡ=0.2, γE[v]=0.0, Q=0.2 (bayes)
2026-09-22 18:00:56,765 INFO: Plan 1: ḡ=0.0, γE[v]=0.1, Q=0.1 (bayes)
2026-09-22 18:00:56,765 INFO: Plan 2: ḡ=0.0, γE[v]=0.1, Q=0.1 (bayes)
2026-09-22 18:00:57,581 INFO: Plan 1: ḡ=0, γE[v]=0.0, Q=0.0 (fn)
2026-09-22 18:00:57,620 INFO: Plan 0: ḡ=0, γE[v]=0.0, Q=0.0 (fn)
2026-09-22 18:00:57,827 INFO: Plan 2: ḡ=0, γE[v]=0.0, Q=0.0 (fn)
2026-09-22 18:00:57,828 INFO: Plan 0: ḡ=0.0, γE[v]=0.0, Q=0.0 (bayes)
2026-09-22 18:00:57,828 INFO: Plan 1: ḡ=0.0, γE[v]=0.0, Q=0.0 (bayes)
2026-09-22 18:00:57,828 INFO: Plan 2: ḡ=0.0, γE[v]=0.0, Q=0.0 (bayes)
2026-09-22 18:00:59,947 INFO: Plan 2: ḡ=3, γE[v]=0.0, Q=3.0 (fn)
2026-09-22 18:01:02,992 INFO: Plan 0: ḡ=133, γE[v]=0.0, Q=133.0 (fn)
2026-09-22 18:01:03,207 INFO: Plan 1: ḡ=12, γE[v]=2.5, Q=14.5 (fn)
2026-09-22 18:01:03,935 INFO: Plan 2: ḡ=113, γE[v]=0.0, Q=113.0 (fn)
2026-09-22 18:01:03,949 INFO: Plan 1: ḡ=13, γE[v]=18.0, Q=31.0 (fn)
2026-09-22 18:01:04,192 INFO: Plan 0: ḡ=33, γE[v]=27.0, Q=60.0 (fn)
2026-09-22 18:01:04,775 INFO: Plan 0: ḡ=9, γE[v]=4.0, Q=13.0 (fn)
2026-09-22 18:01:04,776 INFO: Plan 0: ḡ=2.2, γE[v]=1.4, Q=3.7 (bayes)
2026-09-22 18:01:04,776 INFO: Plan 1: ḡ=3.3, γE[v]=0.8, Q=4.1 (bayes)
2026-09-22 18:01:04,776 INFO: Plan 2: ḡ=0.8, γE[v]=1.9, Q=2.7 (bayes)
2026-09-22 18:01:05,090 INFO: Plan 2: ḡ=38, γE[v]=11.5, Q=49.5 (fn)
2026-09-22 18:01:05,090 INFO: Plan 0: ḡ=11.7, γE[v]=64.7, Q=76.4 (bayes)
2026-09-22 18:01:05,090 INFO: Plan 1: ḡ=6.5, γE[v]=66.7, Q=73.2 (bayes)
2026-09-22 18:01:05,091 INFO: Plan 2: ḡ=13.3, γE[v]=63.1, Q=76.5 (bayes)
2026-09-22 18:01:06,488 INFO: Plan 1: ḡ=111, γE[v]=20.0, Q=131.0 (fn)
2026-09-22 18:01:06,488 INFO: Plan 0: ḡ=66.5, γE[v]=123.0, Q=189.5 (bayes)
2026-09-22 18:01:06,489 INFO: Plan 1: ḡ=55.5, γE[v]=129.4, Q=184.9 (bayes)
2026-09-22 18:01:06,489 INFO: Plan 2: ḡ=56.5, γE[v]=128.0, Q=184.5 (bayes)
2026-09-22 18:01:07,814 INFO: Plan 1: ḡ=21, γE[v]=0.0, Q=21.0 (fn)
2026-09-22 18:01:07,816 INFO: Plan 0: ḡ=11, γE[v]=0.0, Q=11.0 (fn)
2026-09-22 18:01:09,849 INFO: Plan 1: ḡ=29, γE[v]=12.0, Q=41.0 (fn)
2026-09-22 18:01:10,642 INFO: Plan 0: ḡ=3, γE[v]=0.0, Q=3.0 (fn)
2026-09-22 18:01:10,787 INFO: Plan 2: ḡ=23, γE[v]=1.0, Q=24.0 (fn)
2026-09-22 18:01:11,949 INFO: Plan 1: ḡ=46, γE[v]=0.0, Q=46.0 (fn)
2026-09-22 18:01:12,469 INFO: Plan 2: ḡ=95, γE[v]=26.5, Q=121.5 (fn)
2026-09-22 18:01:12,469 INFO: Plan 0: ḡ=5.5, γE[v]=70.2, Q=75.8 (bayes)
2026-09-22 18:01:12,469 INFO: Plan 1: ḡ=9.7, γE[v]=68.7, Q=78.4 (bayes)
2026-09-22 18:01:12,470 INFO: Plan 2: ḡ=32.7, γE[v]=57.9, Q=90.6 (bayes)
2026-09-22 18:01:12,594 INFO: Plan 0: ḡ=21, γE[v]=0.0, Q=21.0 (fn)
2026-09-22 18:01:12,594 INFO: Plan 1: ḡ=9, γE[v]=0.0, Q=9.0 (fn)
2026-09-22 18:01:12,839 INFO: Plan 2: ḡ=10, γE[v]=0.0, Q=10.0 (fn)
2026-09-22 18:01:13,160 INFO: Plan 0: ḡ=17, γE[v]=6.5, Q=23.5 (fn)
2026-09-22 18:01:13,197 INFO: Plan 2: ḡ=0, γE[v]=0.0, Q=0.0 (fn)
2026-09-22 18:01:13,665 INFO: Plan 0: ḡ=152, γE[v]=7.5, Q=159.5 (fn)
2026-09-22 18:01:13,665 INFO: Plan 0: ḡ=75.0, γE[v]=15.4, Q=90.5 (bayes)
2026-09-22 18:01:13,666 INFO: Plan 1: ḡ=9.3, γE[v]=47.8, Q=57.2 (bayes)
2026-09-22 18:01:13,666 INFO: Plan 2: ḡ=11.5, γE[v]=46.8, Q=58.3 (bayes)
2026-09-22 18:01:13,934 INFO: Plan 2: ḡ=5, γE[v]=2.0, Q=7.0 (fn)
2026-09-22 18:01:13,935 INFO: Plan 0: ḡ=1.0, γE[v]=1.0, Q=2.0 (bayes)
2026-09-22 18:01:13,935 INFO: Plan 1: ḡ=3.0, γE[v]=0.0, Q=3.0 (bayes)
2026-09-22 18:01:13,935 INFO: Plan 2: ḡ=1.7, γE[v]=0.8, Q=2.5 (bayes)
2026-09-22 18:01:13,977 INFO: Plan 2: ḡ=128, γE[v]=0.0, Q=128.0 (fn)
2026-09-22 18:01:13,978 INFO: Plan 0: ḡ=8.5, γE[v]=100.0, Q=108.5 (bayes)
2026-09-22 18:01:13,978 INFO: Plan 1: ḡ=23.0, γE[v]=92.4, Q=115.4 (bayes)
2026-09-22 18:01:13,978 INFO: Plan 2: ḡ=64.0, γE[v]=71.9, Q=135.9 (bayes)
2026-09-22 18:01:14,887 INFO: Plan 1: ḡ=7, γE[v]=0.0, Q=7.0 (fn)
2026-09-22 18:01:16,183 INFO: Plan 0: ḡ=1, γE[v]=0.0, Q=1.0 (fn)
2026-09-22 18:01:16,466 INFO: Plan 1: ḡ=27, γE[v]=3.0, Q=30.0 (fn)
2026-09-22 18:01:16,466 INFO: Plan 0: ḡ=7.0, γE[v]=2.0, Q=9.0 (bayes)
2026-09-22 18:01:16,466 INFO: Plan 1: ḡ=9.0, γE[v]=1.2, Q=10.2 (bayes)
2026-09-22 18:01:16,466 INFO: Plan 2: ḡ=3.3, γE[v]=3.8, Q=7.2 (bayes)
2026-09-22 18:01:16,506 INFO: Plan 0: ḡ=25, γE[v]=0.0, Q=25.0 (fn)
2026-09-22 18:01:16,506 INFO: Plan 0: ḡ=5.7, γE[v]=0.0, Q=5.7 (bayes)
2026-09-22 18:01:16,506 INFO: Plan 1: ḡ=1.4, γE[v]=2.1, Q=3.5 (bayes)
2026-09-22 18:01:16,506 INFO: Plan 2: ḡ=0.0, γE[v]=2.8, Q=2.8 (bayes)
2026-09-22 18:01:16,772 INFO: Plan 1: ḡ=9, γE[v]=0.0, Q=9.0 (fn)
2026-09-22 18:01:17,217 INFO: Plan 2: ḡ=9, γE[v]=0.5, Q=9.5 (fn)
2026-09-22 18:01:17,217 INFO: Plan 0: ḡ=0.5, γE[v]=2.2, Q=2.8 (bayes)
2026-09-22 18:01:17,217 INFO: Plan 1: ḡ=4.5, γE[v]=0.2, Q=4.8 (bayes)
2026-09-22 18:01:17,218 INFO: Plan 2: ḡ=4.5, γE[v]=0.3, Q=4.8 (bayes)
2026-09-22 18:01:17,573 INFO: Plan 0: ḡ=17, γE[v]=1.0, Q=18.0 (fn)
2026-09-22 18:01:17,619 INFO: Plan 2: ḡ=6, γE[v]=0.0, Q=6.0 (fn)
2026-09-22 18:01:18,236 INFO: Plan 0: ḡ=20, γE[v]=0.0, Q=20.0 (fn)
2026-09-22 18:01:18,549 INFO: Plan 1: ḡ=5, γE[v]=1.5, Q=6.5 (fn)
2026-09-22 18:01:18,550 INFO: Plan 0: ḡ=15, γE[v]=0.0, Q=15.0 (fn)
2026-09-22 18:01:18,551 INFO: Plan 0: ḡ=3.9, γE[v]=1.9, Q=5.8 (bayes)
2026-09-22 18:01:18,551 INFO: Plan 1: ḡ=2.2, γE[v]=2.8, Q=5.0 (bayes)
2026-09-22 18:01:18,551 INFO: Plan 2: ḡ=3.0, γE[v]=2.3, Q=5.3 (bayes)
2026-09-22 18:01:19,003 INFO: Plan 2: ḡ=30, γE[v]=0.0, Q=30.0 (fn)
2026-09-22 18:01:19,718 INFO: Plan 1: ḡ=15, γE[v]=0.0, Q=15.0 (fn)
2026-09-22 18:01:21,052 INFO: Plan 0: ḡ=80, γE[v]=0.0, Q=80.0 (fn)
2026-09-22 18:01:21,082 INFO: Plan 2: ḡ=30, γE[v]=0.0, Q=30.0 (fn)
2026-09-22 18:01:21,083 INFO: Plan 0: ḡ=12.0, γE[v]=1.9, Q=13.8 (bayes)
2026-09-22 18:01:21,083 INFO: Plan 1: ḡ=3.7, γE[v]=6.0, Q=9.7 (bayes)
2026-09-22 18:01:21,083 INFO: Plan 2: ḡ=15.7, γE[v]=0.0, Q=15.7 (bayes)
2026-09-22 18:01:22,149 INFO: Plan 1: ḡ=132, γE[v]=0.0, Q=132.0 (fn)
2026-09-22 18:01:22,187 INFO: Plan 1: ḡ=89, γE[v]=10.0, Q=99.0 (fn)
2026-09-22 18:01:22,187 INFO: Plan 0: ḡ=5.0, γE[v]=11.1, Q=16.1 (bayes)
2026-09-22 18:01:22,187 INFO: Plan 1: ḡ=22.2, γE[v]=3.2, Q=25.4 (bayes)
2026-09-22 18:01:22,188 INFO: Plan 2: ḡ=7.5, γE[v]=9.9, Q=17.4 (bayes)
2026-09-22 18:01:22,700 INFO: Plan 1: ḡ=55, γE[v]=0.0, Q=55.0 (fn)
2026-09-22 18:01:23,059 INFO: Plan 0: ḡ=125, γE[v]=13.0, Q=138.0 (fn)
2026-09-22 18:01:25,125 INFO: Plan 0: ḡ=23, γE[v]=5.0, Q=28.0 (fn)
2026-09-22 18:01:25,501 INFO: Plan 2: ḡ=446, γE[v]=190.0, Q=636.0 (fn)
2026-09-22 18:01:26,385 INFO: Plan 2: ḡ=32, γE[v]=9.0, Q=41.0 (fn)
2026-09-22 18:01:26,960 INFO: Plan 1: ḡ=17, γE[v]=13.5, Q=30.5 (fn)
2026-09-22 18:01:26,961 INFO: Plan 2: ḡ=53, γE[v]=13.0, Q=66.0 (fn)
2026-09-22 18:01:26,962 INFO: Plan 0: ḡ=11.5, γE[v]=30.4, Q=41.9 (bayes)
2026-09-22 18:01:26,962 INFO: Plan 1: ḡ=8.5, γE[v]=32.3, Q=40.8 (bayes)
2026-09-22 18:01:26,963 INFO: Plan 0: ḡ=36.3, γE[v]=32.4, Q=68.7 (bayes)
2026-09-22 18:01:26,963 INFO: Plan 2: ḡ=11.8, γE[v]=30.5, Q=42.3 (bayes)
2026-09-22 18:01:26,963 INFO: Plan 1: ḡ=22.3, γE[v]=39.4, Q=61.7 (bayes)
2026-09-22 18:01:26,963 INFO: Plan 2: ḡ=19.3, γE[v]=41.5, Q=60.8 (bayes)
2026-09-22 18:01:27,683 INFO: Plan 2: ḡ=128, γE[v]=49.5, Q=177.5 (fn)
2026-09-22 18:01:27,690 INFO: Plan 0: ḡ=414, γE[v]=167.5, Q=581.5 (fn)
2026-09-22 18:01:27,691 INFO: Plan 0: ḡ=62.5, γE[v]=81.3, Q=143.8 (bayes)
2026-09-22 18:01:27,691 INFO: Plan 1: ḡ=54.5, γE[v]=84.6, Q=139.1 (bayes)
2026-09-22 18:01:27,691 INFO: Plan 2: ḡ=64.0, γE[v]=82.1, Q=146.1 (bayes)
2026-09-22 18:01:28,020 INFO: Plan 2: ḡ=2, γE[v]=0.0, Q=2.0 (fn)
2026-09-22 18:01:28,055 INFO: Plan 1: ḡ=10, γE[v]=0.0, Q=10.0 (fn)
2026-09-22 18:01:28,056 INFO: Plan 2: ḡ=27, γE[v]=0.0, Q=27.0 (fn)
2026-09-22 18:01:28,928 INFO: Plan 1: ḡ=6, γE[v]=0.0, Q=6.0 (fn)
2026-09-22 18:01:28,928 INFO: Plan 0: ḡ=38, γE[v]=0.0, Q=38.0 (fn)
2026-09-22 18:01:28,929 INFO: Plan 0: ḡ=16.0, γE[v]=8.8, Q=24.8 (bayes)
2026-09-22 18:01:28,929 INFO: Plan 1: ḡ=4.2, γE[v]=14.8, Q=18.9 (bayes)
2026-09-22 18:01:28,929 INFO: Plan 2: ḡ=13.5, γE[v]=10.1, Q=23.6 (bayes)
2026-09-22 18:01:29,577 INFO: Plan 0: ḡ=3, γE[v]=0.0, Q=3.0 (fn)
2026-09-22 18:01:29,578 INFO: Plan 0: ḡ=0.8, γE[v]=0.6, Q=1.4 (bayes)
2026-09-22 18:01:29,578 INFO: Plan 1: ḡ=1.1, γE[v]=0.5, Q=1.6 (bayes)
2026-09-22 18:01:29,579 INFO: Plan 2: ḡ=0.4, γE[v]=0.8, Q=1.2 (bayes)
2026-09-22 18:01:30,700 INFO: Plan 0: ḡ=2, γE[v]=0.0, Q=2.0 (fn)
2026-09-22 18:01:31,065 INFO: Plan 1: ḡ=25, γE[v]=0.0, Q=25.0 (fn)
2026-09-22 18:01:31,667 INFO: Plan 1: ḡ=28, γE[v]=0.0, Q=28.0 (fn)
2026-09-22 18:01:31,865 INFO: Plan 0: ḡ=44, γE[v]=0.0, Q=44.0 (fn)
2026-09-22 18:01:31,891 INFO: Plan 2: ḡ=46, γE[v]=7.5, Q=53.5 (fn)
2026-09-22 18:01:32,018 INFO: Plan 0: ḡ=58, γE[v]=0.0, Q=58.0 (fn)
2026-09-22 18:01:32,529 INFO: Plan 2: ḡ=42, γE[v]=0.0, Q=42.0 (fn)
2026-09-22 18:01:32,778 INFO: Plan 2: ḡ=28, γE[v]=0.0, Q=28.0 (fn)
2026-09-22 18:01:32,779 INFO: Plan 0: ḡ=29.0, γE[v]=8.5, Q=37.5 (bayes)
2026-09-22 18:01:32,780 INFO: Plan 1: ḡ=14.0, γE[v]=16.0, Q=30.0 (bayes)
2026-09-22 18:01:32,780 INFO: Plan 2: ḡ=12.5, γE[v]=16.8, Q=29.2 (bayes)
2026-09-22 18:01:32,997 INFO: Plan 1: ḡ=31, γE[v]=0.0, Q=31.0 (fn)
2026-09-22 18:01:33,037 INFO: Plan 2: ḡ=31, γE[v]=0.0, Q=31.0 (fn)
2026-09-22 18:01:33,038 INFO: Plan 0: ḡ=1.8, γE[v]=1.6, Q=3.4 (bayes)
2026-09-22 18:01:33,038 INFO: Plan 1: ḡ=5.0, γE[v]=0.0, Q=5.0 (bayes)
2026-09-22 18:01:33,038 INFO: Plan 2: ḡ=5.0, γE[v]=0.0, Q=5.0 (bayes)
2026-09-22 18:01:34,819 INFO: Plan 2: ḡ=7, γE[v]=0.0, Q=7.0 (fn)
  [2/93] rich.syntax seed=123: {'random': 45, 'greedy': 45, 'cov_greedy': 52, 'covqvalue2': 72}
2026-09-22 18:01:35,665 INFO: Plan 0: ḡ=80, γE[v]=0.0, Q=80.0 (fn)
2026-09-22 18:01:36,037 INFO: Plan 1: ḡ=44, γE[v]=0.0, Q=44.0 (fn)
2026-09-22 18:01:36,409 INFO: Plan 2: ḡ=59, γE[v]=0.0, Q=59.0 (fn)
2026-09-22 18:01:36,409 INFO: Plan 0: ḡ=29.3, γE[v]=21.5, Q=50.8 (bayes)
2026-09-22 18:01:36,409 INFO: Plan 1: ḡ=22.0, γE[v]=25.2, Q=47.2 (bayes)
2026-09-22 18:01:36,409 INFO: Plan 2: ḡ=29.5, γE[v]=21.4, Q=50.9 (bayes)
2026-09-22 18:01:36,450 INFO: Plan 0: ḡ=31, γE[v]=0.0, Q=31.0 (fn)
2026-09-22 18:01:36,870 INFO: Plan 0: ḡ=198, γE[v]=0.0, Q=198.0 (fn)
2026-09-22 18:01:37,706 INFO: Plan 2: ḡ=81, γE[v]=0.0, Q=81.0 (fn)
2026-09-22 18:01:37,748 INFO: Plan 0: ḡ=26, γE[v]=36.0, Q=62.0 (fn)
2026-09-22 18:01:37,749 INFO: Plan 0: ḡ=5.2, γE[v]=9.9, Q=15.1 (bayes)
2026-09-22 18:01:37,749 INFO: Plan 1: ḡ=5.3, γE[v]=7.3, Q=12.6 (bayes)
2026-09-22 18:01:37,749 INFO: Plan 2: ḡ=9.2, γE[v]=5.9, Q=15.1 (bayes)
2026-09-22 18:01:38,082 INFO: Plan 1: ḡ=143, γE[v]=1.0, Q=144.0 (fn)
2026-09-22 18:01:38,087 INFO: Plan 0: ḡ=67.8, γE[v]=2.6, Q=70.4 (bayes)
2026-09-22 18:01:38,089 INFO: Plan 1: ḡ=49.5, γE[v]=11.8, Q=61.3 (bayes)
2026-09-22 18:01:38,089 INFO: Plan 2: ḡ=3.2, γE[v]=34.9, Q=38.1 (bayes)
2026-09-22 18:01:39,031 INFO: Plan 1: ḡ=0, γE[v]=0.0, Q=0.0 (fn)
2026-09-22 18:01:39,071 INFO: Plan 0: ḡ=0, γE[v]=0.0, Q=0.0 (fn)
2026-09-22 18:01:39,775 INFO: Plan 2: ḡ=0, γE[v]=0.0, Q=0.0 (fn)
2026-09-22 18:01:39,776 INFO: Plan 0: ḡ=0.0, γE[v]=0.0, Q=0.0 (bayes)
2026-09-22 18:01:39,776 INFO: Plan 1: ḡ=0.0, γE[v]=0.0, Q=0.0 (bayes)
2026-09-22 18:01:39,776 INFO: Plan 2: ḡ=0.0, γE[v]=0.0, Q=0.0 (bayes)
2026-09-22 18:01:40,893 INFO: Plan 1: ḡ=35, γE[v]=51.0, Q=86.0 (fn)
2026-09-22 18:01:40,893 INFO: Plan 0: ḡ=17.3, γE[v]=263.5, Q=280.8 (bayes)
2026-09-22 18:01:40,894 INFO: Plan 1: ḡ=17.5, γE[v]=265.7, Q=283.2 (bayes)
2026-09-22 18:01:40,894 INFO: Plan 2: ḡ=14.2, γE[v]=265.1, Q=279.2 (bayes)
2026-09-22 18:01:41,405 INFO: Plan 1: ḡ=1321, γE[v]=0.0, Q=1321.0 (fn)
2026-09-22 18:01:41,405 INFO: Plan 0: ḡ=207.0, γE[v]=263.5, Q=470.5 (bayes)
2026-09-22 18:01:41,405 INFO: Plan 1: ḡ=660.5, γE[v]=29.2, Q=689.8 (bayes)
2026-09-22 18:01:41,406 INFO: Plan 2: ḡ=223.0, γE[v]=256.6, Q=479.6 (bayes)
2026-09-22 18:01:41,485 INFO: Plan 1: ḡ=66, γE[v]=0.0, Q=66.0 (fn)
2026-09-22 18:01:41,901 INFO: Plan 1: ḡ=70, γE[v]=38.5, Q=108.5 (fn)
2026-09-22 18:01:41,902 INFO: Plan 0: ḡ=5.5, γE[v]=10.9, Q=16.4 (bayes)
2026-09-22 18:01:41,902 INFO: Plan 1: ḡ=11.7, γE[v]=10.7, Q=22.4 (bayes)
2026-09-22 18:01:41,902 INFO: Plan 2: ḡ=14.6, γE[v]=6.4, Q=21.0 (bayes)
2026-09-22 18:01:41,984 INFO: Plan 0: ḡ=56, γE[v]=0.0, Q=56.0 (fn)
  [3/93] flask.sessions seed=123: {'random': 4, 'greedy': 4, 'cov_greedy': 4, 'covqvalue2': 16}
2026-09-22 18:01:43,057 INFO: Plan 2: ḡ=94, γE[v]=0.0, Q=94.0 (fn)
2026-09-22 18:01:43,057 INFO: Plan 0: ḡ=26.7, γE[v]=95.2, Q=121.9 (bayes)
2026-09-22 18:01:43,057 INFO: Plan 1: ḡ=33.0, γE[v]=92.1, Q=125.1 (bayes)
2026-09-22 18:01:43,058 INFO: Plan 2: ḡ=47.0, γE[v]=85.1, Q=132.1 (bayes)
2026-09-22 18:01:43,900 INFO: Plan 0: ḡ=4, γE[v]=0.5, Q=4.5 (fn)
2026-09-22 18:01:44,112 INFO: Plan 2: ḡ=33, γE[v]=0.0, Q=33.0 (fn)
2026-09-22 18:01:44,555 INFO: Plan 1: ḡ=82, γE[v]=0.0, Q=82.0 (fn)
2026-09-22 18:01:44,890 INFO: Plan 0: ḡ=65, γE[v]=0.0, Q=65.0 (fn)
2026-09-22 18:01:44,891 INFO: Plan 0: ḡ=32.5, γE[v]=115.8, Q=148.2 (bayes)
2026-09-22 18:01:44,891 INFO: Plan 1: ḡ=28.0, γE[v]=118.0, Q=146.0 (bayes)
2026-09-22 18:01:44,891 INFO: Plan 2: ḡ=16.5, γE[v]=123.7, Q=140.2 (bayes)
2026-09-22 18:01:45,453 INFO: Plan 0: ḡ=1, γE[v]=0.0, Q=1.0 (fn)
2026-09-22 18:01:45,535 INFO: Plan 1: ḡ=1, γE[v]=0.0, Q=1.0 (fn)
2026-09-22 18:01:45,984 INFO: Plan 2: ḡ=1, γE[v]=0.0, Q=1.0 (fn)
2026-09-22 18:01:45,985 INFO: Plan 2: ḡ=31, γE[v]=1.0, Q=32.0 (fn)
2026-09-22 18:01:45,985 INFO: Plan 0: ḡ=0.1, γE[v]=0.0, Q=0.1 (bayes)
2026-09-22 18:01:45,985 INFO: Plan 1: ḡ=0.1, γE[v]=0.0, Q=0.1 (bayes)
2026-09-22 18:01:45,985 INFO: Plan 2: ḡ=0.1, γE[v]=0.0, Q=0.1 (bayes)
2026-09-22 18:01:47,060 INFO: Plan 1: ḡ=17, γE[v]=14.5, Q=31.5 (fn)
2026-09-22 18:01:47,060 INFO: Plan 0: ḡ=2.0, γE[v]=10.5, Q=12.5 (bayes)
2026-09-22 18:01:47,060 INFO: Plan 1: ḡ=8.5, γE[v]=7.9, Q=16.4 (bayes)
2026-09-22 18:01:47,060 INFO: Plan 2: ḡ=15.5, γE[v]=3.8, Q=19.3 (bayes)
  [4/93] requests.adapters seed=123: {'random': 51, 'greedy': 51, 'cov_greedy': 53, 'covqvalue2': 95}
2026-09-22 18:01:48,586 INFO: Plan 0: ḡ=23, γE[v]=0.0, Q=23.0 (fn)
2026-09-22 18:01:48,701 INFO: Plan 1: ḡ=37, γE[v]=0.0, Q=37.0 (fn)
2026-09-22 18:01:48,870 INFO: Plan 0: ḡ=1, γE[v]=0.0, Q=1.0 (fn)
2026-09-22 18:01:49,045 INFO: Plan 1: ḡ=11, γE[v]=0.0, Q=11.0 (fn)
2026-09-22 18:01:49,328 INFO: Plan 2: ḡ=43, γE[v]=0.0, Q=43.0 (fn)
2026-09-22 18:01:49,330 INFO: Plan 0: ḡ=8.3, γE[v]=15.1, Q=23.4 (bayes)
2026-09-22 18:01:49,335 INFO: Plan 1: ḡ=9.8, γE[v]=14.3, Q=24.2 (bayes)
2026-09-22 18:01:49,335 INFO: Plan 2: ḡ=20.3, γE[v]=9.1, Q=29.4 (bayes)
2026-09-22 18:01:50,592 INFO: Plan 2: ḡ=40, γE[v]=0.5, Q=40.5 (fn)
2026-09-22 18:01:50,593 INFO: Plan 0: ḡ=0.1, γE[v]=2.9, Q=3.0 (bayes)
2026-09-22 18:01:50,593 INFO: Plan 1: ḡ=1.6, γE[v]=2.1, Q=3.7 (bayes)
2026-09-22 18:01:50,593 INFO: Plan 2: ḡ=5.7, γE[v]=0.1, Q=5.8 (bayes)
2026-09-22 18:01:50,883 INFO: Plan 0: ḡ=13, γE[v]=0.0, Q=13.0 (fn)
2026-09-22 18:01:54,002 INFO: Plan 1: ḡ=24, γE[v]=31.5, Q=55.5 (fn)
2026-09-22 18:01:54,675 INFO: Plan 2: ḡ=57, γE[v]=13.5, Q=70.5 (fn)
2026-09-22 18:01:54,676 INFO: Plan 0: ḡ=3.2, γE[v]=9.9, Q=13.1 (bayes)
2026-09-22 18:01:54,676 INFO: Plan 1: ḡ=6.0, γE[v]=10.6, Q=16.6 (bayes)
2026-09-22 18:01:54,676 INFO: Plan 2: ḡ=14.2, γE[v]=5.3, Q=19.5 (bayes)
2026-09-22 18:01:58,217 INFO: Plan 1: ḡ=6, γE[v]=2.0, Q=8.0 (fn)
2026-09-22 18:01:58,979 INFO: Plan 0: ḡ=8, γE[v]=1.0, Q=9.0 (fn)
2026-09-22 18:01:59,264 INFO: Plan 2: ḡ=0, γE[v]=0.0, Q=0.0 (fn)
2026-09-22 18:01:59,315 INFO: Plan 1: ḡ=12, γE[v]=0.0, Q=12.0 (fn)
2026-09-22 18:01:59,973 INFO: Plan 2: ḡ=4, γE[v]=3.0, Q=7.0 (fn)
2026-09-22 18:01:59,973 INFO: Plan 1: ḡ=26, γE[v]=0.0, Q=26.0 (fn)
2026-09-22 18:01:59,974 INFO: Plan 0: ḡ=1.6, γE[v]=0.3, Q=1.9 (bayes)
2026-09-22 18:01:59,974 INFO: Plan 1: ḡ=1.2, γE[v]=0.5, Q=1.7 (bayes)
2026-09-22 18:01:59,974 INFO: Plan 2: ḡ=0.8, γE[v]=0.8, Q=1.6 (bayes)
2026-09-22 18:02:00,182 INFO: Plan 0: ḡ=26, γE[v]=0.0, Q=26.0 (fn)
2026-09-22 18:02:00,182 INFO: Plan 2: ḡ=26, γE[v]=0.0, Q=26.0 (fn)
2026-09-22 18:02:00,183 INFO: Plan 0: ḡ=5.2, γE[v]=0.0, Q=5.2 (bayes)
2026-09-22 18:02:00,183 INFO: Plan 1: ḡ=5.2, γE[v]=0.0, Q=5.2 (bayes)
2026-09-22 18:02:00,183 INFO: Plan 2: ḡ=5.2, γE[v]=0.0, Q=5.2 (bayes)
2026-09-22 18:02:00,810 INFO: Plan 0: ḡ=0, γE[v]=0.0, Q=0.0 (fn)
2026-09-22 18:02:01,038 INFO: Plan 1: ḡ=0, γE[v]=0.0, Q=0.0 (fn)
2026-09-22 18:02:01,370 INFO: Plan 0: ḡ=13, γE[v]=6.0, Q=19.0 (fn)
2026-09-22 18:02:01,371 INFO: Plan 0: ḡ=3.6, γE[v]=1.8, Q=5.3 (bayes)
2026-09-22 18:02:01,371 INFO: Plan 1: ḡ=2.7, γE[v]=1.8, Q=4.5 (bayes)
2026-09-22 18:02:01,371 INFO: Plan 2: ḡ=0.0, γE[v]=3.1, Q=3.1 (bayes)
2026-09-22 18:02:01,684 INFO: Plan 2: ḡ=0, γE[v]=0.0, Q=0.0 (fn)
2026-09-22 18:02:01,684 INFO: Plan 0: ḡ=0.0, γE[v]=0.0, Q=0.0 (bayes)
2026-09-22 18:02:01,685 INFO: Plan 1: ḡ=0.0, γE[v]=0.0, Q=0.0 (bayes)
2026-09-22 18:02:01,685 INFO: Plan 2: ḡ=0.0, γE[v]=0.0, Q=0.0 (bayes)
2026-09-22 18:02:03,633 INFO: Plan 0: ḡ=0, γE[v]=0.0, Q=0.0 (fn)
2026-09-22 18:02:04,192 INFO: Plan 1: ḡ=0, γE[v]=0.0, Q=0.0 (fn)
2026-09-22 18:02:05,560 INFO: Plan 2: ḡ=0, γE[v]=0.0, Q=0.0 (fn)
2026-09-22 18:02:05,561 INFO: Plan 0: ḡ=0.0, γE[v]=0.0, Q=0.0 (bayes)
2026-09-22 18:02:05,561 INFO: Plan 1: ḡ=0.0, γE[v]=0.0, Q=0.0 (bayes)
2026-09-22 18:02:05,561 INFO: Plan 2: ḡ=0.0, γE[v]=0.0, Q=0.0 (bayes)
2026-09-22 18:02:06,723 INFO: Plan 0: ḡ=15, γE[v]=0.0, Q=15.0 (fn)
2026-09-22 18:02:07,355 INFO: Plan 1: ḡ=11, γE[v]=0.0, Q=11.0 (fn)
2026-09-22 18:02:09,390 INFO: Plan 2: ḡ=30, γE[v]=0.0, Q=30.0 (fn)
2026-09-22 18:02:09,390 INFO: Plan 0: ḡ=12.5, γE[v]=1.5, Q=14.0 (bayes)
2026-09-22 18:02:09,390 INFO: Plan 1: ḡ=2.2, γE[v]=6.7, Q=8.8 (bayes)
2026-09-22 18:02:09,391 INFO: Plan 2: ḡ=15.5, γE[v]=0.0, Q=15.5 (bayes)
2026-09-22 18:02:10,182 INFO: Plan 1: ḡ=33, γE[v]=0.0, Q=33.0 (fn)
2026-09-22 18:02:10,430 INFO: Plan 0: ḡ=17, γE[v]=0.0, Q=17.0 (fn)
2026-09-22 18:02:11,053 INFO: Plan 2: ḡ=66, γE[v]=0.0, Q=66.0 (fn)
2026-09-22 18:02:11,243 INFO: Plan 1: ḡ=55, γE[v]=0.0, Q=55.0 (fn)
2026-09-22 18:02:11,244 INFO: Plan 0: ḡ=8.5, γE[v]=66.5, Q=75.0 (bayes)
2026-09-22 18:02:11,244 INFO: Plan 1: ḡ=27.5, γE[v]=57.0, Q=84.5 (bayes)
2026-09-22 18:02:11,244 INFO: Plan 2: ḡ=31.2, γE[v]=55.2, Q=86.3 (bayes)
2026-09-22 18:02:11,593 INFO: Plan 2: ḡ=6, γE[v]=0.0, Q=6.0 (fn)
2026-09-22 18:02:11,633 INFO: Plan 2: ḡ=71, γE[v]=0.0, Q=71.0 (fn)
2026-09-22 18:02:12,434 INFO: Plan 1: ḡ=20, γE[v]=0.0, Q=20.0 (fn)
2026-09-22 18:02:12,689 INFO: Plan 0: ḡ=20, γE[v]=0.0, Q=20.0 (fn)
2026-09-22 18:02:12,690 INFO: Plan 0: ḡ=3.8, γE[v]=0.0, Q=3.8 (bayes)
2026-09-22 18:02:12,690 INFO: Plan 1: ḡ=3.8, γE[v]=0.0, Q=3.8 (bayes)
2026-09-22 18:02:12,690 INFO: Plan 2: ḡ=1.0, γE[v]=1.4, Q=2.4 (bayes)
2026-09-22 18:02:14,038 INFO: Plan 2: ḡ=16, γE[v]=0.0, Q=16.0 (fn)
2026-09-22 18:02:14,202 INFO: Plan 0: ḡ=16, γE[v]=0.0, Q=16.0 (fn)
2026-09-22 18:02:14,503 INFO: Plan 0: ḡ=5, γE[v]=0.0, Q=5.0 (fn)
2026-09-22 18:02:14,991 INFO: Plan 2: ḡ=6, γE[v]=0.0, Q=6.0 (fn)
2026-09-22 18:02:14,993 INFO: Plan 0: ḡ=44, γE[v]=31.0, Q=75.0 (fn)
2026-09-22 18:02:14,994 INFO: Plan 0: ḡ=22.0, γE[v]=55.8, Q=77.8 (bayes)
2026-09-22 18:02:14,994 INFO: Plan 1: ḡ=16.5, γE[v]=57.2, Q=73.7 (bayes)
2026-09-22 18:02:14,994 INFO: Plan 2: ḡ=29.8, γE[v]=50.5, Q=80.3 (bayes)
2026-09-22 18:02:15,272 INFO: Plan 0: ḡ=16, γE[v]=0.0, Q=16.0 (fn)
2026-09-22 18:02:15,820 INFO: Plan 1: ḡ=3, γE[v]=1.5, Q=4.5 (fn)
2026-09-22 18:02:15,821 INFO: Plan 0: ḡ=2.9, γE[v]=1.5, Q=4.4 (bayes)
2026-09-22 18:02:15,821 INFO: Plan 1: ḡ=1.5, γE[v]=2.3, Q=3.8 (bayes)
2026-09-22 18:02:15,821 INFO: Plan 2: ḡ=3.0, γE[v]=1.5, Q=4.5 (bayes)
2026-09-22 18:02:15,862 INFO: Plan 1: ḡ=5, γE[v]=2.0, Q=7.0 (fn)
2026-09-22 18:02:15,863 INFO: Plan 2: ḡ=6, γE[v]=1.5, Q=7.5 (fn)
2026-09-22 18:02:15,864 INFO: Plan 0: ḡ=1.2, γE[v]=0.5, Q=1.8 (bayes)
2026-09-22 18:02:15,864 INFO: Plan 1: ḡ=1.2, γE[v]=0.6, Q=1.9 (bayes)
2026-09-22 18:02:15,864 INFO: Plan 2: ḡ=1.5, γE[v]=0.5, Q=2.0 (bayes)
2026-09-22 18:02:16,392 INFO: Plan 1: ḡ=0, γE[v]=0.0, Q=0.0 (fn)
2026-09-22 18:02:16,693 INFO: Plan 0: ḡ=1, γE[v]=0.0, Q=1.0 (fn)
2026-09-22 18:02:16,841 INFO: Plan 2: ḡ=1, γE[v]=0.0, Q=1.0 (fn)
2026-09-22 18:02:16,841 INFO: Plan 0: ḡ=0.3, γE[v]=0.0, Q=0.3 (bayes)
2026-09-22 18:02:16,841 INFO: Plan 1: ḡ=0.0, γE[v]=0.2, Q=0.2 (bayes)
2026-09-22 18:02:16,841 INFO: Plan 2: ḡ=0.3, γE[v]=0.0, Q=0.3 (bayes)
2026-09-22 18:02:18,619 INFO: Plan 0: ḡ=80, γE[v]=6.5, Q=86.5 (fn)
2026-09-22 18:02:19,444 INFO: Plan 1: ḡ=65, γE[v]=0.0, Q=65.0 (fn)
2026-09-22 18:02:19,445 INFO: Plan 0: ḡ=4.2, γE[v]=12.2, Q=16.5 (bayes)
2026-09-22 18:02:19,445 INFO: Plan 1: ḡ=28.8, γE[v]=0.0, Q=28.8 (bayes)
2026-09-22 18:02:19,445 INFO: Plan 2: ḡ=8.0, γE[v]=10.4, Q=18.4 (bayes)
2026-09-22 18:02:21,939 INFO: Plan 1: ḡ=30, γE[v]=0.0, Q=30.0 (fn)
2026-09-22 18:02:22,305 INFO: Plan 2: ḡ=41, γE[v]=12.0, Q=53.0 (fn)
2026-09-22 18:02:22,338 INFO: Plan 0: ḡ=11, γE[v]=0.0, Q=11.0 (fn)
2026-09-22 18:02:22,603 INFO: Plan 2: ḡ=177, γE[v]=0.0, Q=177.0 (fn)
2026-09-22 18:02:22,603 INFO: Plan 0: ḡ=5.5, γE[v]=58.4, Q=63.9 (bayes)
2026-09-22 18:02:22,604 INFO: Plan 1: ḡ=10.2, γE[v]=56.1, Q=66.2 (bayes)
2026-09-22 18:02:22,604 INFO: Plan 2: ḡ=63.3, γE[v]=29.5, Q=92.8 (bayes)
2026-09-22 18:02:24,094 INFO: Plan 1: ḡ=12, γE[v]=18.5, Q=30.5 (fn)
2026-09-22 18:02:24,098 INFO: Plan 0: ḡ=29, γE[v]=28.5, Q=57.5 (fn)
2026-09-22 18:02:24,099 INFO: Plan 0: ḡ=9.7, γE[v]=62.1, Q=71.8 (bayes)
2026-09-22 18:02:24,099 INFO: Plan 1: ḡ=6.0, γE[v]=63.3, Q=69.3 (bayes)
2026-09-22 18:02:24,099 INFO: Plan 2: ḡ=14.2, γE[v]=59.1, Q=73.4 (bayes)
2026-09-22 18:02:26,463 INFO: Plan 1: ḡ=77, γE[v]=86.0, Q=163.0 (fn)
2026-09-22 18:02:28,043 INFO: Plan 2: ḡ=25, γE[v]=0.0, Q=25.0 (fn)
2026-09-22 18:02:28,275 INFO: Plan 2: ḡ=163, γE[v]=78.0, Q=241.0 (fn)
2026-09-22 18:02:28,276 INFO: Plan 0: ḡ=40.0, γE[v]=61.0, Q=101.0 (bayes)
2026-09-22 18:02:28,276 INFO: Plan 1: ḡ=38.5, γE[v]=65.4, Q=103.9 (bayes)
2026-09-22 18:02:28,276 INFO: Plan 2: ḡ=81.5, γE[v]=43.5, Q=125.0 (bayes)
2026-09-22 18:02:31,230 INFO: Plan 0: ḡ=3, γE[v]=0.0, Q=3.0 (fn)
2026-09-22 18:02:32,063 INFO: Plan 1: ḡ=7, γE[v]=0.0, Q=7.0 (fn)
2026-09-22 18:02:32,102 INFO: Plan 2: ḡ=7, γE[v]=0.0, Q=7.0 (fn)
2026-09-22 18:02:32,102 INFO: Plan 0: ḡ=0.8, γE[v]=0.5, Q=1.2 (bayes)
2026-09-22 18:02:32,102 INFO: Plan 1: ḡ=1.8, γE[v]=0.0, Q=1.8 (bayes)
2026-09-22 18:02:32,103 INFO: Plan 2: ḡ=1.8, γE[v]=0.0, Q=1.8 (bayes)
2026-09-22 18:02:32,367 INFO: Plan 1: ḡ=12, γE[v]=0.0, Q=12.0 (fn)
2026-09-22 18:02:32,368 INFO: Plan 0: ḡ=6, γE[v]=0.0, Q=6.0 (fn)
2026-09-22 18:02:32,670 INFO: Plan 2: ḡ=19, γE[v]=0.0, Q=19.0 (fn)
2026-09-22 18:02:32,671 INFO: Plan 0: ḡ=2.8, γE[v]=7.4, Q=10.2 (bayes)
2026-09-22 18:02:32,671 INFO: Plan 1: ḡ=5.3, γE[v]=6.2, Q=11.5 (bayes)
2026-09-22 18:02:32,671 INFO: Plan 2: ḡ=9.5, γE[v]=4.1, Q=13.6 (bayes)
2026-09-22 18:02:33,327 INFO: Plan 0: ḡ=109, γE[v]=0.0, Q=109.0 (fn)
2026-09-22 18:02:33,328 INFO: Plan 2: ḡ=186, γE[v]=0.0, Q=186.0 (fn)
2026-09-22 18:02:33,783 INFO: Plan 0: ḡ=23, γE[v]=5.0, Q=28.0 (fn)
2026-09-22 18:02:34,005 INFO: Plan 2: ḡ=6, γE[v]=0.0, Q=6.0 (fn)
2026-09-22 18:02:34,322 INFO: Plan 0: ḡ=9, γE[v]=0.0, Q=9.0 (fn)
2026-09-22 18:02:35,019 INFO: Plan 1: ḡ=9, γE[v]=13.0, Q=22.0 (fn)
2026-09-22 18:02:35,020 INFO: Plan 1: ḡ=22, γE[v]=0.0, Q=22.0 (fn)
2026-09-22 18:02:35,020 INFO: Plan 0: ḡ=11.5, γE[v]=24.3, Q=35.9 (bayes)
2026-09-22 18:02:35,021 INFO: Plan 1: ḡ=4.5, γE[v]=28.2, Q=32.7 (bayes)
2026-09-22 18:02:35,021 INFO: Plan 0: ḡ=4.5, γE[v]=6.2, Q=10.8 (bayes)
2026-09-22 18:02:35,021 INFO: Plan 2: ḡ=6.8, γE[v]=26.5, Q=33.2 (bayes)
2026-09-22 18:02:35,021 INFO: Plan 1: ḡ=10.5, γE[v]=3.2, Q=13.8 (bayes)
2026-09-22 18:02:35,021 INFO: Plan 2: ḡ=2.0, γE[v]=7.5, Q=9.5 (bayes)
2026-09-22 18:02:35,709 INFO: Plan 1: ḡ=107, γE[v]=0.0, Q=107.0 (fn)
2026-09-22 18:02:35,710 INFO: Plan 0: ḡ=54.5, γE[v]=86.8, Q=141.2 (bayes)
2026-09-22 18:02:35,710 INFO: Plan 1: ḡ=53.5, γE[v]=87.2, Q=140.8 (bayes)
2026-09-22 18:02:35,710 INFO: Plan 2: ḡ=93.0, γE[v]=67.5, Q=160.5 (bayes)
2026-09-22 18:02:35,910 INFO: Plan 2: ḡ=23, γE[v]=0.0, Q=23.0 (fn)
2026-09-22 18:02:35,947 INFO: Plan 0: ḡ=20, γE[v]=0.0, Q=20.0 (fn)
2026-09-22 18:02:36,193 INFO: Plan 1: ḡ=81, γE[v]=0.0, Q=81.0 (fn)
2026-09-22 18:02:36,546 INFO: Plan 1: ḡ=7, γE[v]=0.0, Q=7.0 (fn)
2026-09-22 18:02:36,896 INFO: Plan 2: ḡ=2, γE[v]=0.0, Q=2.0 (fn)
2026-09-22 18:02:36,897 INFO: Plan 0: ḡ=2, γE[v]=0.0, Q=2.0 (fn)
2026-09-22 18:02:36,897 INFO: Plan 0: ḡ=0.6, γE[v]=0.6, Q=1.1 (bayes)
2026-09-22 18:02:36,898 INFO: Plan 1: ḡ=1.1, γE[v]=0.3, Q=1.4 (bayes)
2026-09-22 18:02:36,898 INFO: Plan 2: ḡ=0.6, γE[v]=0.6, Q=1.1 (bayes)
2026-09-22 18:02:37,943 INFO: Plan 2: ḡ=55, γE[v]=21.5, Q=76.5 (fn)
2026-09-22 18:02:38,264 INFO: Plan 2: ḡ=5, γE[v]=0.0, Q=5.0 (fn)
2026-09-22 18:02:38,468 INFO: Plan 1: ḡ=2, γE[v]=0.0, Q=2.0 (fn)
2026-09-22 18:02:39,190 INFO: Plan 0: ḡ=10, γE[v]=0.0, Q=10.0 (fn)
2026-09-22 18:02:39,570 INFO: Plan 0: ḡ=4, γE[v]=0.0, Q=4.0 (fn)
2026-09-22 18:02:39,571 INFO: Plan 1: ḡ=19, γE[v]=0.0, Q=19.0 (fn)
2026-09-22 18:02:39,571 INFO: Plan 0: ḡ=2.0, γE[v]=2.5, Q=4.5 (bayes)
2026-09-22 18:02:39,571 INFO: Plan 1: ḡ=3.8, γE[v]=1.6, Q=5.4 (bayes)
2026-09-22 18:02:39,571 INFO: Plan 2: ḡ=1.2, γE[v]=2.9, Q=4.2 (bayes)
2026-09-22 18:02:40,523 INFO: Plan 0: ḡ=133, γE[v]=46.0, Q=179.0 (fn)
2026-09-22 18:02:40,524 INFO: Plan 0: ḡ=65.3, γE[v]=41.7, Q=107.1 (bayes)
2026-09-22 18:02:40,524 INFO: Plan 1: ḡ=27.0, γE[v]=58.2, Q=85.2 (bayes)
2026-09-22 18:02:40,524 INFO: Plan 2: ḡ=18.5, γE[v]=63.8, Q=82.3 (bayes)
2026-09-22 18:02:40,984 INFO: Plan 1: ḡ=71, γE[v]=19.0, Q=90.0 (fn)
2026-09-22 18:02:40,988 INFO: Plan 0: ḡ=4.0, γE[v]=8.9, Q=12.9 (bayes)
2026-09-22 18:02:40,991 INFO: Plan 1: ḡ=14.2, γE[v]=5.2, Q=19.4 (bayes)
2026-09-22 18:02:40,991 INFO: Plan 2: ḡ=4.6, γE[v]=8.6, Q=13.2 (bayes)
2026-09-22 18:02:41,282 INFO: Plan 2: ḡ=15, γE[v]=2.0, Q=17.0 (fn)
2026-09-22 18:02:41,283 INFO: Plan 0: ḡ=1.3, γE[v]=3.6, Q=4.9 (bayes)
2026-09-22 18:02:41,283 INFO: Plan 1: ḡ=0.7, γE[v]=3.9, Q=4.6 (bayes)
2026-09-22 18:02:41,283 INFO: Plan 2: ḡ=7.2, γE[v]=0.8, Q=8.0 (bayes)
2026-09-22 18:02:41,588 INFO: Plan 2: ḡ=92, γE[v]=0.0, Q=92.0 (fn)
2026-09-22 18:02:42,173 INFO: Plan 0: ḡ=19, γE[v]=0.0, Q=19.0 (fn)
2026-09-22 18:02:42,499 INFO: Plan 0: ḡ=64, γE[v]=0.0, Q=64.0 (fn)
2026-09-22 18:02:42,534 INFO: Plan 2: ḡ=7, γE[v]=0.0, Q=7.0 (fn)
2026-09-22 18:02:43,588 INFO: Plan 1: ḡ=227, γE[v]=0.0, Q=227.0 (fn)
2026-09-22 18:02:43,588 INFO: Plan 0: ḡ=23.0, γE[v]=102.7, Q=125.7 (bayes)
2026-09-22 18:02:43,589 INFO: Plan 1: ḡ=76.3, γE[v]=76.0, Q=152.3 (bayes)
2026-09-22 18:02:43,589 INFO: Plan 2: ḡ=31.3, γE[v]=98.5, Q=129.8 (bayes)
2026-09-22 18:02:44,103 INFO: Plan 0: ḡ=70, γE[v]=0.0, Q=70.0 (fn)
2026-09-22 18:02:44,990 INFO: Plan 2: ḡ=37, γE[v]=0.0, Q=37.0 (fn)
2026-09-22 18:02:45,433 INFO: Plan 1: ḡ=49, γE[v]=5.5, Q=54.5 (fn)
2026-09-22 18:02:45,434 INFO: Plan 0: ḡ=6.3, γE[v]=5.9, Q=12.2 (bayes)
2026-09-22 18:02:45,434 INFO: Plan 1: ḡ=14.5, γE[v]=2.2, Q=16.7 (bayes)
2026-09-22 18:02:45,434 INFO: Plan 2: ḡ=2.3, γE[v]=7.9, Q=10.2 (bayes)
2026-09-22 18:02:45,880 INFO: Plan 0: ḡ=1, γE[v]=0.0, Q=1.0 (fn)
2026-09-22 18:02:46,226 INFO: Plan 1: ḡ=12, γE[v]=0.0, Q=12.0 (fn)
2026-09-22 18:02:47,716 INFO: Plan 2: ḡ=29, γE[v]=6.0, Q=35.0 (fn)
2026-09-22 18:02:47,716 INFO: Plan 0: ḡ=0.1, γE[v]=2.5, Q=2.6 (bayes)
2026-09-22 18:02:47,716 INFO: Plan 1: ḡ=1.5, γE[v]=1.8, Q=3.3 (bayes)
2026-09-22 18:02:47,716 INFO: Plan 2: ḡ=3.6, γE[v]=1.2, Q=4.8 (bayes)
2026-09-22 18:02:49,820 INFO: Plan 0: ḡ=23, γE[v]=67.0, Q=90.0 (fn)
2026-09-22 18:02:49,831 INFO: Plan 0: ḡ=76, γE[v]=0.0, Q=76.0 (fn)
2026-09-22 18:02:50,349 INFO: Plan 2: ḡ=7, γE[v]=0.0, Q=7.0 (fn)
2026-09-22 18:02:50,350 INFO: Plan 1: ḡ=32, γE[v]=42.5, Q=74.5 (fn)
2026-09-22 18:02:50,350 INFO: Plan 0: ḡ=24.3, γE[v]=10.9, Q=35.2 (bayes)
2026-09-22 18:02:50,350 INFO: Plan 1: ḡ=16.0, γE[v]=17.6, Q=33.5 (bayes)
2026-09-22 18:02:50,351 INFO: Plan 2: ḡ=16.8, γE[v]=14.7, Q=31.5 (bayes)
2026-09-22 18:02:50,694 INFO: Plan 1: ḡ=87, γE[v]=47.5, Q=134.5 (fn)
2026-09-22 18:02:51,013 INFO: Plan 2: ḡ=94, γE[v]=40.0, Q=134.0 (fn)
2026-09-22 18:02:51,014 INFO: Plan 0: ḡ=11.5, γE[v]=73.0, Q=84.5 (bayes)
2026-09-22 18:02:51,014 INFO: Plan 1: ḡ=43.5, γE[v]=56.1, Q=99.6 (bayes)
2026-09-22 18:02:51,014 INFO: Plan 2: ḡ=47.0, γE[v]=54.1, Q=101.0 (bayes)
2026-09-22 18:02:51,895 INFO: Plan 1: ḡ=25, γE[v]=0.0, Q=25.0 (fn)
2026-09-22 18:02:52,130 INFO: Plan 0: ḡ=198, γE[v]=0.0, Q=198.0 (fn)
2026-09-22 18:02:52,345 INFO: Plan 2: ḡ=36, γE[v]=0.0, Q=36.0 (fn)
2026-09-22 18:02:52,861 INFO: Plan 1: ḡ=82, γE[v]=0.0, Q=82.0 (fn)
2026-09-22 18:02:52,903 INFO: Plan 1: ḡ=51, γE[v]=8.0, Q=59.0 (fn)
2026-09-22 18:02:53,358 INFO: Plan 0: ḡ=46, γE[v]=0.0, Q=46.0 (fn)
2026-09-22 18:02:53,358 INFO: Plan 0: ḡ=23.0, γE[v]=104.2, Q=127.2 (bayes)
2026-09-22 18:02:53,358 INFO: Plan 1: ḡ=34.0, γE[v]=98.8, Q=132.8 (bayes)
2026-09-22 18:02:53,358 INFO: Plan 2: ḡ=18.0, γE[v]=106.8, Q=124.8 (bayes)
2026-09-22 18:02:54,620 INFO: Plan 2: ḡ=74, γE[v]=59.5, Q=133.5 (fn)
2026-09-22 18:02:54,621 INFO: Plan 0: ḡ=28.0, γE[v]=244.3, Q=272.3 (bayes)
2026-09-22 18:02:54,621 INFO: Plan 1: ḡ=17.0, γE[v]=250.3, Q=267.3 (bayes)
2026-09-22 18:02:54,621 INFO: Plan 2: ḡ=28.7, γE[v]=246.7, Q=275.3 (bayes)
2026-09-22 18:02:54,658 INFO: Plan 0: ḡ=51, γE[v]=25.5, Q=76.5 (fn)
2026-09-22 18:02:55,264 INFO: Plan 0: ḡ=0, γE[v]=0.0, Q=0.0 (fn)
2026-09-22 18:02:55,264 INFO: Plan 2: ḡ=0, γE[v]=0.0, Q=0.0 (fn)
2026-09-22 18:02:55,305 INFO: Plan 2: ḡ=78, γE[v]=12.0, Q=90.0 (fn)
2026-09-22 18:02:55,306 INFO: Plan 1: ḡ=46, γE[v]=28.0, Q=74.0 (fn)
2026-09-22 18:02:55,307 INFO: Plan 0: ḡ=25.5, γE[v]=13.9, Q=39.4 (bayes)
2026-09-22 18:02:55,307 INFO: Plan 1: ḡ=23.0, γE[v]=15.3, Q=38.3 (bayes)
2026-09-22 18:02:55,307 INFO: Plan 2: ḡ=39.0, γE[v]=6.5, Q=45.5 (bayes)
2026-09-22 18:02:55,819 INFO: Plan 1: ḡ=0, γE[v]=0.0, Q=0.0 (fn)
2026-09-22 18:02:55,820 INFO: Plan 0: ḡ=0.0, γE[v]=0.0, Q=0.0 (bayes)
2026-09-22 18:02:55,820 INFO: Plan 1: ḡ=0.0, γE[v]=0.0, Q=0.0 (bayes)
2026-09-22 18:02:55,820 INFO: Plan 2: ḡ=0.0, γE[v]=0.0, Q=0.0 (bayes)
2026-09-22 18:02:56,138 INFO: Plan 0: ḡ=16, γE[v]=14.0, Q=30.0 (fn)
2026-09-22 18:02:56,796 INFO: Plan 2: ḡ=66, γE[v]=15.5, Q=81.5 (fn)
2026-09-22 18:02:57,111 INFO: Plan 0: ḡ=27, γE[v]=0.0, Q=27.0 (fn)
2026-09-22 18:02:57,140 INFO: Plan 1: ḡ=143, γE[v]=31.5, Q=174.5 (fn)
2026-09-22 18:02:57,141 INFO: Plan 0: ḡ=50.4, γE[v]=2.6, Q=53.0 (bayes)
2026-09-22 18:02:57,141 INFO: Plan 1: ḡ=37.2, γE[v]=11.3, Q=48.5 (bayes)
2026-09-22 18:02:57,141 INFO: Plan 2: ḡ=3.2, γE[v]=26.2, Q=29.4 (bayes)
2026-09-22 18:02:58,013 INFO: Plan 0: ḡ=26, γE[v]=36.0, Q=62.0 (fn)
2026-09-22 18:02:58,013 INFO: Plan 2: ḡ=124, γE[v]=0.0, Q=124.0 (fn)
2026-09-22 18:02:58,014 INFO: Plan 0: ḡ=4.3, γE[v]=8.8, Q=13.1 (bayes)
2026-09-22 18:02:58,014 INFO: Plan 1: ḡ=4.4, γE[v]=6.1, Q=10.4 (bayes)
2026-09-22 18:02:58,014 INFO: Plan 2: ḡ=11.0, γE[v]=3.9, Q=14.9 (bayes)
  [5/93] requests.auth seed=123: {'random': 4, 'greedy': 4, 'cov_greedy': 48, 'covqvalue2': 77}
2026-09-22 18:02:58,343 INFO: Plan 1: ḡ=47, γE[v]=12.0, Q=59.0 (fn)
2026-09-22 18:02:58,352 INFO: Plan 0: ḡ=2.7, γE[v]=9.2, Q=12.0 (bayes)
2026-09-22 18:02:58,353 INFO: Plan 1: ḡ=7.3, γE[v]=6.7, Q=14.1 (bayes)
2026-09-22 18:02:58,353 INFO: Plan 2: ḡ=19.1, γE[v]=0.0, Q=19.1 (bayes)
2026-09-22 18:02:59,134 INFO: Plan 0: ḡ=56, γE[v]=0.0, Q=56.0 (fn)
2026-09-22 18:02:59,930 INFO: Plan 0: ḡ=15, γE[v]=0.0, Q=15.0 (fn)
2026-09-22 18:03:02,090 INFO: Plan 1: ḡ=30, γE[v]=0.0, Q=30.0 (fn)
2026-09-22 18:03:02,091 INFO: Plan 1: ḡ=48, γE[v]=4.5, Q=52.5 (fn)
2026-09-22 18:03:02,532 INFO: Plan 2: ḡ=30, γE[v]=0.0, Q=30.0 (fn)
2026-09-22 18:03:02,533 INFO: Plan 0: ḡ=12.9, γE[v]=1.2, Q=14.1 (bayes)
2026-09-22 18:03:02,533 INFO: Plan 1: ḡ=15.3, γE[v]=0.0, Q=15.3 (bayes)
2026-09-22 18:03:02,533 INFO: Plan 2: ḡ=15.3, γE[v]=0.0, Q=15.3 (bayes)
2026-09-22 18:03:02,779 INFO: Plan 1: ḡ=31, γE[v]=53.0, Q=84.0 (fn)
2026-09-22 18:03:02,780 INFO: Plan 2: ḡ=88, γE[v]=33.0, Q=121.0 (fn)
2026-09-22 18:03:02,781 INFO: Plan 0: ḡ=13.5, γE[v]=40.8, Q=54.2 (bayes)
2026-09-22 18:03:02,781 INFO: Plan 1: ḡ=15.5, γE[v]=42.1, Q=57.6 (bayes)
2026-09-22 18:03:02,781 INFO: Plan 2: ḡ=44.0, γE[v]=27.0, Q=71.0 (bayes)
2026-09-22 18:03:03,265 INFO: Plan 2: ḡ=72, γE[v]=6.0, Q=78.0 (fn)
2026-09-22 18:03:03,266 INFO: Plan 0: ḡ=18.8, γE[v]=31.2, Q=50.0 (bayes)
2026-09-22 18:03:03,266 INFO: Plan 1: ḡ=21.2, γE[v]=30.3, Q=51.5 (bayes)
2026-09-22 18:03:03,266 INFO: Plan 2: ḡ=28.7, γE[v]=26.6, Q=55.3 (bayes)
2026-09-22 18:03:03,827 INFO: Plan 0: ḡ=0, γE[v]=0.0, Q=0.0 (fn)
2026-09-22 18:03:03,968 INFO: Plan 1: ḡ=0, γE[v]=0.0, Q=0.0 (fn)
2026-09-22 18:03:04,114 INFO: Plan 2: ḡ=0, γE[v]=0.0, Q=0.0 (fn)
2026-09-22 18:03:04,114 INFO: Plan 0: ḡ=0.0, γE[v]=0.0, Q=0.0 (bayes)
2026-09-22 18:03:04,114 INFO: Plan 1: ḡ=0.0, γE[v]=0.0, Q=0.0 (bayes)
2026-09-22 18:03:04,115 INFO: Plan 2: ḡ=0.0, γE[v]=0.0, Q=0.0 (bayes)
2026-09-22 18:03:05,104 INFO: Plan 1: ḡ=0, γE[v]=0.0, Q=0.0 (fn)
2026-09-22 18:03:05,512 INFO: Plan 2: ḡ=0, γE[v]=0.0, Q=0.0 (fn)
2026-09-22 18:03:05,998 INFO: Plan 0: ḡ=0, γE[v]=0.0, Q=0.0 (fn)
2026-09-22 18:03:05,998 INFO: Plan 0: ḡ=0.0, γE[v]=0.0, Q=0.0 (bayes)
2026-09-22 18:03:05,998 INFO: Plan 1: ḡ=0.0, γE[v]=0.0, Q=0.0 (bayes)
2026-09-22 18:03:05,998 INFO: Plan 2: ḡ=0.0, γE[v]=0.0, Q=0.0 (bayes)
2026-09-22 18:03:06,638 INFO: Plan 1: ḡ=2, γE[v]=0.0, Q=2.0 (fn)
2026-09-22 18:03:07,133 INFO: Plan 2: ḡ=2, γE[v]=0.0, Q=2.0 (fn)
2026-09-22 18:03:08,475 INFO: Plan 0: ḡ=1, γE[v]=0.5, Q=1.5 (fn)
2026-09-22 18:03:08,475 INFO: Plan 0: ḡ=0.2, γE[v]=0.1, Q=0.3 (bayes)
2026-09-22 18:03:08,475 INFO: Plan 1: ḡ=0.3, γE[v]=0.0, Q=0.3 (bayes)
2026-09-22 18:03:08,476 INFO: Plan 2: ḡ=0.3, γE[v]=0.0, Q=0.3 (bayes)
2026-09-22 18:03:10,191 INFO: Plan 0: ḡ=1, γE[v]=0.0, Q=1.0 (fn)
2026-09-22 18:03:10,232 INFO: Plan 1: ḡ=3, γE[v]=0.0, Q=3.0 (fn)
2026-09-22 18:03:10,466 INFO: Plan 0: ḡ=50, γE[v]=0.0, Q=50.0 (fn)
2026-09-22 18:03:10,500 INFO: Plan 2: ḡ=1, γE[v]=0.0, Q=1.0 (fn)
2026-09-22 18:03:10,500 INFO: Plan 0: ḡ=0.2, γE[v]=0.4, Q=0.6 (bayes)
2026-09-22 18:03:10,500 INFO: Plan 1: ḡ=0.6, γE[v]=0.2, Q=0.8 (bayes)
2026-09-22 18:03:10,501 INFO: Plan 2: ḡ=0.2, γE[v]=0.4, Q=0.6 (bayes)
2026-09-22 18:03:11,078 INFO: Plan 2: ḡ=61, γE[v]=0.0, Q=61.0 (fn)
2026-09-22 18:03:12,305 INFO: Plan 1: ḡ=90, γE[v]=9.0, Q=99.0 (fn)
2026-09-22 18:03:12,306 INFO: Plan 0: ḡ=23.7, γE[v]=59.5, Q=83.2 (bayes)
2026-09-22 18:03:12,306 INFO: Plan 1: ḡ=45.0, γE[v]=49.2, Q=94.2 (bayes)
2026-09-22 18:03:12,306 INFO: Plan 2: ḡ=30.5, γE[v]=56.1, Q=86.6 (bayes)
2026-09-22 18:03:13,676 INFO: Plan 2: ḡ=0, γE[v]=0.0, Q=0.0 (fn)
2026-09-22 18:03:13,821 INFO: Plan 0: ḡ=1, γE[v]=0.0, Q=1.0 (fn)
2026-09-22 18:03:14,072 INFO: Plan 1: ḡ=11, γE[v]=0.0, Q=11.0 (fn)
2026-09-22 18:03:14,072 INFO: Plan 0: ḡ=0.3, γE[v]=0.9, Q=1.2 (bayes)
2026-09-22 18:03:14,072 INFO: Plan 1: ḡ=1.8, γE[v]=0.2, Q=2.0 (bayes)
2026-09-22 18:03:14,073 INFO: Plan 2: ḡ=0.0, γE[v]=1.1, Q=1.1 (bayes)
2026-09-22 18:03:14,429 INFO: Plan 0: ḡ=19, γE[v]=0.0, Q=19.0 (fn)
2026-09-22 18:03:14,690 INFO: Plan 1: ḡ=6, γE[v]=0.0, Q=6.0 (fn)
2026-09-22 18:03:14,898 INFO: Plan 2: ḡ=6, γE[v]=0.0, Q=6.0 (fn)
2026-09-22 18:03:14,898 INFO: Plan 0: ḡ=3.0, γE[v]=0.0, Q=3.0 (bayes)
2026-09-22 18:03:14,898 INFO: Plan 1: ḡ=0.9, γE[v]=1.1, Q=1.9 (bayes)
2026-09-22 18:03:14,898 INFO: Plan 2: ḡ=0.9, γE[v]=1.1, Q=1.9 (bayes)
2026-09-22 18:03:16,490 INFO: Plan 0: ḡ=17, γE[v]=0.0, Q=17.0 (fn)
2026-09-22 18:03:17,217 INFO: Plan 1: ḡ=65, γE[v]=0.0, Q=65.0 (fn)
2026-09-22 18:03:18,288 INFO: Plan 2: ḡ=59, γE[v]=0.0, Q=59.0 (fn)
2026-09-22 18:03:18,289 INFO: Plan 0: ḡ=8.5, γE[v]=56.6, Q=65.1 (bayes)
2026-09-22 18:03:18,289 INFO: Plan 1: ḡ=32.5, γE[v]=44.6, Q=77.1 (bayes)
2026-09-22 18:03:18,289 INFO: Plan 2: ḡ=22.4, γE[v]=49.7, Q=72.1 (bayes)
2026-09-22 18:03:20,274 INFO: Plan 0: ḡ=16, γE[v]=0.0, Q=16.0 (fn)
2026-09-22 18:03:21,272 INFO: Plan 2: ḡ=6, γE[v]=0.0, Q=6.0 (fn)
2026-09-22 18:03:21,637 INFO: Plan 1: ḡ=3, γE[v]=1.5, Q=4.5 (fn)
2026-09-22 18:03:21,638 INFO: Plan 0: ḡ=2.9, γE[v]=1.0, Q=3.9 (bayes)
2026-09-22 18:03:21,638 INFO: Plan 1: ḡ=1.0, γE[v]=2.0, Q=3.0 (bayes)
2026-09-22 18:03:21,638 INFO: Plan 2: ḡ=2.0, γE[v]=1.5, Q=3.5 (bayes)
2026-09-22 18:03:22,890 INFO: Plan 0: ḡ=23, γE[v]=0.0, Q=23.0 (fn)
2026-09-22 18:03:26,680 INFO: Plan 0: ḡ=54, γE[v]=0.0, Q=54.0 (fn)
2026-09-22 18:03:27,636 INFO: Plan 0: ḡ=6, γE[v]=0.0, Q=6.0 (fn)
2026-09-22 18:03:27,843 INFO: Plan 2: ḡ=0, γE[v]=0.0, Q=0.0 (fn)
2026-09-22 18:03:27,843 INFO: Plan 1: ḡ=7, γE[v]=0.0, Q=7.0 (fn)
2026-09-22 18:03:27,844 INFO: Plan 0: ḡ=2.8, γE[v]=1.2, Q=4.0 (bayes)
2026-09-22 18:03:27,844 INFO: Plan 1: ḡ=2.3, γE[v]=1.4, Q=3.8 (bayes)
2026-09-22 18:03:27,844 INFO: Plan 2: ḡ=0.0, γE[v]=2.6, Q=2.6 (bayes)
2026-09-22 18:03:29,032 INFO: Plan 1: ḡ=0, γE[v]=0.0, Q=0.0 (fn)
2026-09-22 18:03:29,247 INFO: Plan 0: ḡ=0, γE[v]=0.0, Q=0.0 (fn)
2026-09-22 18:03:29,286 INFO: Plan 2: ḡ=0, γE[v]=0.0, Q=0.0 (fn)
2026-09-22 18:03:29,286 INFO: Plan 0: ḡ=0.0, γE[v]=0.0, Q=0.0 (bayes)
2026-09-22 18:03:29,287 INFO: Plan 1: ḡ=0.0, γE[v]=0.0, Q=0.0 (bayes)
2026-09-22 18:03:29,287 INFO: Plan 2: ḡ=0.0, γE[v]=0.0, Q=0.0 (bayes)
2026-09-22 18:03:29,970 INFO: Plan 2: ḡ=118, γE[v]=25.0, Q=143.0 (fn)
2026-09-22 18:03:30,765 INFO: Plan 1: ḡ=30, γE[v]=0.0, Q=30.0 (fn)
2026-09-22 18:03:30,808 INFO: Plan 0: ḡ=11, γE[v]=0.0, Q=11.0 (fn)
2026-09-22 18:03:31,375 INFO: Plan 0: ḡ=60, γE[v]=0.0, Q=60.0 (fn)
2026-09-22 18:03:31,775 INFO: Plan 2: ḡ=28, γE[v]=0.0, Q=28.0 (fn)
2026-09-22 18:03:32,151 INFO: Plan 0: ḡ=2, γE[v]=0.0, Q=2.0 (fn)
2026-09-22 18:03:32,332 INFO: Plan 1: ḡ=193, γE[v]=43.5, Q=236.5 (fn)
2026-09-22 18:03:32,332 INFO: Plan 0: ḡ=11.5, γE[v]=155.5, Q=167.0 (bayes)
2026-09-22 18:03:32,333 INFO: Plan 1: ḡ=96.5, γE[v]=115.0, Q=211.5 (bayes)
2026-09-22 18:03:32,333 INFO: Plan 2: ḡ=59.0, γE[v]=132.9, Q=191.9 (bayes)
2026-09-22 18:03:32,538 INFO: Plan 0: ḡ=2, γE[v]=0.0, Q=2.0 (fn)
2026-09-22 18:03:32,578 INFO: Plan 2: ḡ=6, γE[v]=0.0, Q=6.0 (fn)
2026-09-22 18:03:32,620 INFO: Plan 1: ḡ=9, γE[v]=0.0, Q=9.0 (fn)
2026-09-22 18:03:32,621 INFO: Plan 2: ḡ=2, γE[v]=0.0, Q=2.0 (fn)
2026-09-22 18:03:32,621 INFO: Plan 0: ḡ=0.4, γE[v]=1.6, Q=2.0 (bayes)
2026-09-22 18:03:32,621 INFO: Plan 1: ḡ=1.8, γE[v]=0.9, Q=2.7 (bayes)
2026-09-22 18:03:32,621 INFO: Plan 2: ḡ=1.4, γE[v]=1.1, Q=2.5 (bayes)
2026-09-22 18:03:33,170 INFO: Plan 1: ḡ=34, γE[v]=16.0, Q=50.0 (fn)
2026-09-22 18:03:33,594 INFO: Plan 2: ḡ=57, γE[v]=0.0, Q=57.0 (fn)
2026-09-22 18:03:34,415 INFO: Plan 1: ḡ=7, γE[v]=1.0, Q=8.0 (fn)
2026-09-22 18:03:34,416 INFO: Plan 0: ḡ=0.6, γE[v]=0.5, Q=1.1 (bayes)
2026-09-22 18:03:34,416 INFO: Plan 1: ḡ=1.0, γE[v]=0.4, Q=1.3 (bayes)
2026-09-22 18:03:34,416 INFO: Plan 2: ḡ=0.6, γE[v]=0.5, Q=1.1 (bayes)
2026-09-22 18:03:35,185 INFO: Plan 1: ḡ=16, γE[v]=17.0, Q=33.0 (fn)
2026-09-22 18:03:35,523 INFO: Plan 2: ḡ=135, γE[v]=0.0, Q=135.0 (fn)
2026-09-22 18:03:35,524 INFO: Plan 0: ḡ=5.5, γE[v]=35.6, Q=41.1 (bayes)
2026-09-22 18:03:35,524 INFO: Plan 1: ḡ=12.8, γE[v]=31.9, Q=44.8 (bayes)
2026-09-22 18:03:35,524 INFO: Plan 2: ḡ=55.7, γE[v]=10.5, Q=66.2 (bayes)
2026-09-22 18:03:36,085 INFO: Plan 2: ḡ=10, γE[v]=0.0, Q=10.0 (fn)
2026-09-22 18:03:36,446 INFO: Plan 0: ḡ=80, γE[v]=0.0, Q=80.0 (fn)
2026-09-22 18:03:36,488 INFO: Plan 0: ḡ=8, γE[v]=0.0, Q=8.0 (fn)
2026-09-22 18:03:37,016 INFO: Plan 2: ḡ=0, γE[v]=0.0, Q=0.0 (fn)
2026-09-22 18:03:37,098 INFO: Plan 1: ḡ=7, γE[v]=0.0, Q=7.0 (fn)
2026-09-22 18:03:37,099 INFO: Plan 1: ḡ=39, γE[v]=4.0, Q=43.0 (fn)
2026-09-22 18:03:37,100 INFO: Plan 0: ḡ=4.0, γE[v]=1.2, Q=5.2 (bayes)
2026-09-22 18:03:37,100 INFO: Plan 1: ḡ=2.5, γE[v]=2.0, Q=4.5 (bayes)
2026-09-22 18:03:37,100 INFO: Plan 0: ḡ=30.0, γE[v]=53.2, Q=83.2 (bayes)
2026-09-22 18:03:37,100 INFO: Plan 2: ḡ=0.0, γE[v]=3.2, Q=3.2 (bayes)
2026-09-22 18:03:37,100 INFO: Plan 1: ḡ=19.5, γE[v]=58.7, Q=78.2 (bayes)
2026-09-22 18:03:37,101 INFO: Plan 2: ḡ=28.5, γE[v]=54.0, Q=82.5 (bayes)
2026-09-22 18:03:37,482 INFO: Plan 0: ḡ=15, γE[v]=0.0, Q=15.0 (fn)
2026-09-22 18:03:37,793 INFO: Plan 0: ḡ=30, γE[v]=8.0, Q=38.0 (fn)
2026-09-22 18:03:37,831 INFO: Plan 2: ḡ=110, γE[v]=0.0, Q=110.0 (fn)
2026-09-22 18:03:38,015 INFO: Plan 0: ḡ=10, γE[v]=0.0, Q=10.0 (fn)
2026-09-22 18:03:38,399 INFO: Plan 2: ḡ=440, γE[v]=35.0, Q=475.0 (fn)
2026-09-22 18:03:38,399 INFO: Plan 0: ḡ=27.0, γE[v]=115.5, Q=142.5 (bayes)
2026-09-22 18:03:38,399 INFO: Plan 1: ḡ=17.0, γE[v]=121.2, Q=138.2 (bayes)
2026-09-22 18:03:38,399 INFO: Plan 2: ḡ=220.0, γE[v]=20.6, Q=240.6 (bayes)
2026-09-22 18:03:38,767 INFO: Plan 0: ḡ=33, γE[v]=40.5, Q=73.5 (fn)
2026-09-22 18:03:38,768 INFO: Plan 0: ḡ=11.7, γE[v]=53.5, Q=65.1 (bayes)
2026-09-22 18:03:38,768 INFO: Plan 1: ḡ=8.0, γE[v]=53.8, Q=61.8 (bayes)
2026-09-22 18:03:38,768 INFO: Plan 2: ḡ=6.4, γE[v]=53.8, Q=60.2 (bayes)
2026-09-22 18:03:38,810 INFO: Plan 1: ḡ=31, γE[v]=0.0, Q=31.0 (fn)
2026-09-22 18:03:39,031 INFO: Plan 0: ḡ=2, γE[v]=0.0, Q=2.0 (fn)
2026-09-22 18:03:39,032 INFO: Plan 0: ḡ=25, γE[v]=5.5, Q=30.5 (fn)
2026-09-22 18:03:39,358 INFO: Plan 0: ḡ=1, γE[v]=0.0, Q=1.0 (fn)
2026-09-22 18:03:39,398 INFO: Plan 1: ḡ=53, γE[v]=63.5, Q=116.5 (fn)
2026-09-22 18:03:39,399 INFO: Plan 0: ḡ=15.0, γE[v]=49.1, Q=64.1 (bayes)
2026-09-22 18:03:39,399 INFO: Plan 1: ḡ=26.5, γE[v]=45.9, Q=72.4 (bayes)
2026-09-22 18:03:39,399 INFO: Plan 2: ḡ=55.0, γE[v]=28.8, Q=83.8 (bayes)
2026-09-22 18:03:39,653 INFO: Plan 2: ḡ=78, γE[v]=0.0, Q=78.0 (fn)
2026-09-22 18:03:39,654 INFO: Plan 0: ḡ=12.0, γE[v]=51.2, Q=63.2 (bayes)
2026-09-22 18:03:39,654 INFO: Plan 1: ḡ=15.3, γE[v]=49.3, Q=64.6 (bayes)
2026-09-22 18:03:39,654 INFO: Plan 2: ḡ=24.7, γE[v]=44.6, Q=69.2 (bayes)
2026-09-22 18:03:39,961 INFO: Plan 1: ḡ=12, γE[v]=0.0, Q=12.0 (fn)
2026-09-22 18:03:40,370 INFO: Plan 2: ḡ=29, γE[v]=0.0, Q=29.0 (fn)
2026-09-22 18:03:40,370 INFO: Plan 0: ḡ=0.1, γE[v]=2.2, Q=2.3 (bayes)
2026-09-22 18:03:40,370 INFO: Plan 1: ḡ=1.3, γE[v]=1.6, Q=2.9 (bayes)
2026-09-22 18:03:40,370 INFO: Plan 2: ḡ=3.2, γE[v]=0.7, Q=3.9 (bayes)
2026-09-22 18:03:40,582 INFO: Plan 1: ḡ=6, γE[v]=0.0, Q=6.0 (fn)
2026-09-22 18:03:40,752 INFO: Plan 2: ḡ=6, γE[v]=0.0, Q=6.0 (fn)
2026-09-22 18:03:40,752 INFO: Plan 0: ḡ=0.4, γE[v]=0.4, Q=0.8 (bayes)
2026-09-22 18:03:40,753 INFO: Plan 1: ḡ=1.2, γE[v]=0.0, Q=1.2 (bayes)
2026-09-22 18:03:40,753 INFO: Plan 2: ḡ=1.2, γE[v]=0.0, Q=1.2 (bayes)
2026-09-22 18:03:41,336 INFO: Plan 1: ḡ=28, γE[v]=8.5, Q=36.5 (fn)
2026-09-22 18:03:41,337 INFO: Plan 0: ḡ=3.1, γE[v]=5.0, Q=8.1 (bayes)
2026-09-22 18:03:41,337 INFO: Plan 1: ḡ=8.4, γE[v]=2.9, Q=11.3 (bayes)
2026-09-22 18:03:41,337 INFO: Plan 2: ḡ=3.3, γE[v]=4.9, Q=8.2 (bayes)
2026-09-22 18:03:41,688 INFO: Plan 2: ḡ=30, γE[v]=4.0, Q=34.0 (fn)
  [6/93] rich.table seed=123: {'random': 105, 'greedy': 110, 'cov_greedy': 27, 'covqvalue2': 160}
2026-09-22 18:03:44,200 INFO: Plan 1: ḡ=81, γE[v]=0.0, Q=81.0 (fn)
2026-09-22 18:03:45,153 INFO: Plan 2: ḡ=0, γE[v]=0.0, Q=0.0 (fn)
2026-09-22 18:03:45,284 INFO: Plan 0: ḡ=19, γE[v]=0.0, Q=19.0 (fn)
2026-09-22 18:03:45,666 INFO: Plan 1: ḡ=7, γE[v]=0.0, Q=7.0 (fn)
2026-09-22 18:03:45,667 INFO: Plan 0: ḡ=4.8, γE[v]=0.9, Q=5.6 (bayes)
2026-09-22 18:03:45,667 INFO: Plan 1: ḡ=1.8, γE[v]=2.4, Q=4.1 (bayes)
2026-09-22 18:03:45,667 INFO: Plan 2: ḡ=0.0, γE[v]=3.2, Q=3.2 (bayes)
2026-09-22 18:03:46,620 INFO: Plan 1: ḡ=77, γE[v]=109.0, Q=186.0 (fn)
2026-09-22 18:03:47,250 INFO: Plan 0: ḡ=163, γE[v]=0.0, Q=163.0 (fn)
2026-09-22 18:03:47,648 INFO: Plan 2: ḡ=234, γE[v]=44.5, Q=278.5 (fn)
2026-09-22 18:03:47,649 INFO: Plan 0: ḡ=27.3, γE[v]=40.5, Q=67.8 (bayes)
2026-09-22 18:03:47,649 INFO: Plan 1: ḡ=25.7, γE[v]=47.9, Q=73.5 (bayes)
2026-09-22 18:03:47,649 INFO: Plan 2: ḡ=78.0, γE[v]=17.8, Q=95.8 (bayes)
2026-09-22 18:03:47,686 INFO: Plan 2: ḡ=23, γE[v]=0.0, Q=23.0 (fn)
2026-09-22 18:03:47,926 INFO: Plan 2: ḡ=55, γE[v]=18.5, Q=73.5 (fn)
2026-09-22 18:03:47,927 INFO: Plan 0: ḡ=47.2, γE[v]=22.6, Q=69.8 (bayes)
2026-09-22 18:03:47,927 INFO: Plan 1: ḡ=22.9, γE[v]=34.8, Q=57.7 (bayes)
2026-09-22 18:03:47,927 INFO: Plan 2: ḡ=18.5, γE[v]=38.1, Q=56.6 (bayes)
2026-09-22 18:03:48,289 INFO: Plan 1: ḡ=26, γE[v]=11.5, Q=37.5 (fn)
2026-09-22 18:03:48,290 INFO: Plan 0: ḡ=3.3, γE[v]=21.6, Q=25.0 (bayes)
2026-09-22 18:03:48,290 INFO: Plan 1: ḡ=10.8, γE[v]=18.7, Q=29.4 (bayes)
2026-09-22 18:03:48,290 INFO: Plan 2: ḡ=10.8, γE[v]=18.2, Q=28.9 (bayes)
2026-09-22 18:03:50,072 INFO: Plan 2: ḡ=186, γE[v]=0.0, Q=186.0 (fn)
2026-09-22 18:03:51,192 INFO: Plan 1: ḡ=107, γE[v]=0.0, Q=107.0 (fn)
2026-09-22 18:03:51,689 INFO: Plan 0: ḡ=20, γE[v]=44.5, Q=64.5 (fn)
2026-09-22 18:03:52,021 INFO: Plan 1: ḡ=58, γE[v]=25.5, Q=83.5 (fn)
2026-09-22 18:03:52,022 INFO: Plan 0: ḡ=3.3, γE[v]=10.8, Q=14.1 (bayes)
2026-09-22 18:03:52,022 INFO: Plan 1: ḡ=9.7, γE[v]=6.2, Q=15.8 (bayes)
2026-09-22 18:03:52,022 INFO: Plan 2: ḡ=3.8, γE[v]=7.2, Q=11.0 (bayes)
2026-09-22 18:03:53,829 INFO: Plan 0: ḡ=109, γE[v]=69.5, Q=178.5 (fn)
2026-09-22 18:03:53,829 INFO: Plan 0: ḡ=54.5, γE[v]=75.3, Q=129.8 (bayes)
2026-09-22 18:03:53,829 INFO: Plan 1: ḡ=53.5, γE[v]=71.8, Q=125.2 (bayes)
2026-09-22 18:03:53,829 INFO: Plan 2: ḡ=62.0, γE[v]=67.5, Q=129.5 (bayes)
2026-09-22 18:03:54,745 INFO: Plan 1: ḡ=34, γE[v]=0.0, Q=34.0 (fn)
2026-09-22 18:03:55,524 INFO: Plan 0: ḡ=2, γE[v]=0.0, Q=2.0 (fn)
2026-09-22 18:03:55,564 INFO: Plan 1: ḡ=2, γE[v]=0.0, Q=2.0 (fn)
2026-09-22 18:03:56,145 INFO: Plan 0: ḡ=48, γE[v]=0.0, Q=48.0 (fn)
2026-09-22 18:03:56,478 INFO: Plan 2: ḡ=4, γE[v]=0.0, Q=4.0 (fn)
2026-09-22 18:03:56,480 INFO: Plan 0: ḡ=0.5, γE[v]=0.2, Q=0.8 (bayes)
2026-09-22 18:03:56,480 INFO: Plan 1: ḡ=0.5, γE[v]=0.2, Q=0.8 (bayes)
2026-09-22 18:03:56,480 INFO: Plan 2: ḡ=1.0, γE[v]=0.0, Q=1.0 (bayes)
2026-09-22 18:03:56,796 INFO: Plan 2: ḡ=10, γE[v]=0.0, Q=10.0 (fn)
2026-09-22 18:03:56,797 INFO: Plan 0: ḡ=17.3, γE[v]=53.7, Q=71.0 (bayes)
2026-09-22 18:03:56,797 INFO: Plan 1: ḡ=11.3, γE[v]=56.7, Q=68.0 (bayes)
2026-09-22 18:03:56,797 INFO: Plan 2: ḡ=4.0, γE[v]=60.3, Q=64.3 (bayes)
2026-09-22 18:04:00,244 INFO: Plan 0: ḡ=74, γE[v]=0.0, Q=74.0 (fn)
2026-09-22 18:04:01,779 INFO: Plan 2: ḡ=36, γE[v]=0.0, Q=36.0 (fn)
2026-09-22 18:04:02,183 INFO: Plan 2: ḡ=38, γE[v]=0.0, Q=38.0 (fn)
2026-09-22 18:04:02,538 INFO: Plan 1: ḡ=104, γE[v]=0.0, Q=104.0 (fn)
2026-09-22 18:04:02,578 INFO: Plan 0: ḡ=46, γE[v]=0.0, Q=46.0 (fn)
2026-09-22 18:04:02,579 INFO: Plan 0: ḡ=23.0, γE[v]=96.5, Q=119.5 (bayes)
2026-09-22 18:04:02,579 INFO: Plan 1: ḡ=32.3, γE[v]=91.8, Q=124.2 (bayes)
2026-09-22 18:04:02,579 INFO: Plan 2: ḡ=18.0, γE[v]=99.0, Q=117.0 (bayes)
2026-09-22 18:04:03,200 INFO: Plan 2: ḡ=2, γE[v]=0.0, Q=2.0 (fn)
2026-09-22 18:04:04,258 INFO: Plan 0: ḡ=15, γE[v]=0.0, Q=15.0 (fn)
2026-09-22 18:04:05,193 INFO: Plan 1: ḡ=12, γE[v]=0.0, Q=12.0 (fn)
2026-09-22 18:04:05,802 INFO: Plan 1: ḡ=22, γE[v]=44.5, Q=66.5 (fn)
2026-09-22 18:04:05,803 INFO: Plan 0: ḡ=1, γE[v]=0.0, Q=1.0 (fn)
2026-09-22 18:04:05,804 INFO: Plan 0: ḡ=21.0, γE[v]=8.4, Q=29.4 (bayes)
2026-09-22 18:04:05,804 INFO: Plan 1: ḡ=11.0, γE[v]=16.2, Q=27.2 (bayes)
2026-09-22 18:04:05,804 INFO: Plan 2: ḡ=17.3, γE[v]=10.2, Q=27.6 (bayes)
2026-09-22 18:04:05,838 INFO: Plan 1: ḡ=27, γE[v]=0.0, Q=27.0 (fn)
2026-09-22 18:04:05,839 INFO: Plan 0: ḡ=13.1, γE[v]=0.9, Q=14.0 (bayes)
2026-09-22 18:04:05,839 INFO: Plan 1: ḡ=14.8, γE[v]=0.0, Q=14.8 (bayes)
2026-09-22 18:04:05,839 INFO: Plan 2: ḡ=0.3, γE[v]=7.3, Q=7.6 (bayes)
2026-09-22 18:04:06,544 INFO: Plan 1: ḡ=2, γE[v]=0.0, Q=2.0 (fn)
2026-09-22 18:04:06,793 INFO: Plan 2: ḡ=2, γE[v]=0.0, Q=2.0 (fn)
2026-09-22 18:04:06,794 INFO: Plan 0: ḡ=0.2, γE[v]=0.1, Q=0.3 (bayes)
2026-09-22 18:04:06,794 INFO: Plan 1: ḡ=0.4, γE[v]=0.0, Q=0.4 (bayes)
2026-09-22 18:04:06,794 INFO: Plan 2: ḡ=0.4, γE[v]=0.0, Q=0.4 (bayes)
  [7/93] rich.markdown seed=123: {'random': 63, 'greedy': 18, 'cov_greedy': 18, 'covqvalue2': 87}
2026-09-22 18:04:07,658 INFO: Plan 0: ḡ=23, γE[v]=6.0, Q=29.0 (fn)
2026-09-22 18:04:08,082 INFO: Plan 2: ḡ=15, γE[v]=10.0, Q=25.0 (fn)
2026-09-22 18:04:08,083 INFO: Plan 0: ḡ=7.7, γE[v]=2.4, Q=10.0 (bayes)
2026-09-22 18:04:08,083 INFO: Plan 1: ḡ=4.0, γE[v]=3.8, Q=7.8 (bayes)
2026-09-22 18:04:08,083 INFO: Plan 2: ḡ=5.0, γE[v]=3.9, Q=8.9 (bayes)
2026-09-22 18:04:08,911 INFO: Plan 2: ḡ=93, γE[v]=0.0, Q=93.0 (fn)
2026-09-22 18:04:09,314 INFO: Plan 1: ḡ=30, γE[v]=0.0, Q=30.0 (fn)
2026-09-22 18:04:09,981 INFO: Plan 2: ḡ=66, γE[v]=0.0, Q=66.0 (fn)
2026-09-22 18:04:10,340 INFO: Plan 0: ḡ=37, γE[v]=0.0, Q=37.0 (fn)
2026-09-22 18:04:10,783 INFO: Plan 0: ḡ=26, γE[v]=0.0, Q=26.0 (fn)
2026-09-22 18:04:10,784 INFO: Plan 0: ḡ=3.7, γE[v]=5.2, Q=8.9 (bayes)
2026-09-22 18:04:10,784 INFO: Plan 1: ḡ=4.4, γE[v]=4.9, Q=9.3 (bayes)
2026-09-22 18:04:10,784 INFO: Plan 2: ḡ=9.4, γE[v]=2.4, Q=11.8 (bayes)
2026-09-22 18:04:11,238 INFO: Plan 2: ḡ=7, γE[v]=0.0, Q=7.0 (fn)
2026-09-22 18:04:11,462 INFO: Plan 0: ḡ=58, γE[v]=49.5, Q=107.5 (fn)
2026-09-22 18:04:12,151 INFO: Plan 1: ḡ=87, γE[v]=51.5, Q=138.5 (fn)
2026-09-22 18:04:12,152 INFO: Plan 0: ḡ=26.7, γE[v]=50.9, Q=77.5 (bayes)
2026-09-22 18:04:12,152 INFO: Plan 1: ḡ=31.8, γE[v]=48.2, Q=80.0 (bayes)
2026-09-22 18:04:12,152 INFO: Plan 2: ḡ=31.2, γE[v]=45.7, Q=76.8 (bayes)
2026-09-22 18:04:12,739 INFO: Plan 0: ḡ=0, γE[v]=0.0, Q=0.0 (fn)
2026-09-22 18:04:12,749 INFO: Plan 2: ḡ=40, γE[v]=0.0, Q=40.0 (fn)
2026-09-22 18:04:12,966 INFO: Plan 0: ḡ=16, γE[v]=0.0, Q=16.0 (fn)
2026-09-22 18:04:12,966 INFO: Plan 2: ḡ=0, γE[v]=0.0, Q=0.0 (fn)
2026-09-22 18:04:13,002 INFO: Plan 0: ḡ=44, γE[v]=0.0, Q=44.0 (fn)
2026-09-22 18:04:13,782 INFO: Plan 1: ḡ=0, γE[v]=0.0, Q=0.0 (fn)
2026-09-22 18:04:13,783 INFO: Plan 0: ḡ=0.0, γE[v]=0.0, Q=0.0 (bayes)
2026-09-22 18:04:13,783 INFO: Plan 1: ḡ=0.0, γE[v]=0.0, Q=0.0 (bayes)
2026-09-22 18:04:13,783 INFO: Plan 2: ḡ=0.0, γE[v]=0.0, Q=0.0 (bayes)
2026-09-22 18:04:13,824 INFO: Plan 2: ḡ=18, γE[v]=22.0, Q=40.0 (fn)
2026-09-22 18:04:13,958 INFO: Plan 0: ḡ=0, γE[v]=0.0, Q=0.0 (fn)
2026-09-22 18:04:14,097 INFO: Plan 1: ḡ=0, γE[v]=0.0, Q=0.0 (fn)
2026-09-22 18:04:14,515 INFO: Plan 2: ḡ=0, γE[v]=0.0, Q=0.0 (fn)
2026-09-22 18:04:14,516 INFO: Plan 0: ḡ=0.0, γE[v]=0.0, Q=0.0 (bayes)
2026-09-22 18:04:14,516 INFO: Plan 1: ḡ=0.0, γE[v]=0.0, Q=0.0 (bayes)
2026-09-22 18:04:14,516 INFO: Plan 2: ḡ=0.0, γE[v]=0.0, Q=0.0 (bayes)
2026-09-22 18:04:14,799 INFO: Plan 0: ḡ=202, γE[v]=0.0, Q=202.0 (fn)
2026-09-22 18:04:15,033 INFO: Plan 1: ḡ=48, γE[v]=11.5, Q=59.5 (fn)
2026-09-22 18:04:15,035 INFO: Plan 0: ḡ=12.7, γE[v]=6.2, Q=18.9 (bayes)
2026-09-22 18:04:15,035 INFO: Plan 1: ḡ=16.0, γE[v]=5.2, Q=21.2 (bayes)
2026-09-22 18:04:15,035 INFO: Plan 2: ḡ=6.0, γE[v]=10.9, Q=16.9 (bayes)
2026-09-22 18:04:15,545 INFO: Plan 2: ḡ=115, γE[v]=0.0, Q=115.0 (fn)
  [8/93] click.formatting seed=123: {'random': 12, 'greedy': 25, 'cov_greedy': 29, 'covqvalue2': 53}
2026-09-22 18:04:16,075 INFO: Plan 1: ḡ=0, γE[v]=0.0, Q=0.0 (fn)
2026-09-22 18:04:16,077 INFO: Plan 0: ḡ=0, γE[v]=0.0, Q=0.0 (fn)
2026-09-22 18:04:16,614 INFO: Plan 1: ḡ=204, γE[v]=0.0, Q=204.0 (fn)
2026-09-22 18:04:16,614 INFO: Plan 0: ḡ=41.5, γE[v]=1.9, Q=43.4 (bayes)
2026-09-22 18:04:16,614 INFO: Plan 1: ḡ=42.1, γE[v]=1.6, Q=43.7 (bayes)
2026-09-22 18:04:16,614 INFO: Plan 2: ḡ=3.2, γE[v]=21.1, Q=24.2 (bayes)
2026-09-22 18:04:16,971 INFO: Plan 2: ḡ=0, γE[v]=0.0, Q=0.0 (fn)
2026-09-22 18:04:16,971 INFO: Plan 0: ḡ=0.0, γE[v]=0.0, Q=0.0 (bayes)
2026-09-22 18:04:16,972 INFO: Plan 1: ḡ=0.0, γE[v]=0.0, Q=0.0 (bayes)
2026-09-22 18:04:16,972 INFO: Plan 2: ḡ=0.0, γE[v]=0.0, Q=0.0 (bayes)
2026-09-22 18:04:17,932 INFO: Plan 2: ḡ=6, γE[v]=0.0, Q=6.0 (fn)
2026-09-22 18:04:18,314 INFO: Plan 1: ḡ=3, γE[v]=1.5, Q=4.5 (fn)
2026-09-22 18:04:18,315 INFO: Plan 1: ḡ=51, γE[v]=36.5, Q=87.5 (fn)
2026-09-22 18:04:18,315 INFO: Plan 0: ḡ=2.3, γE[v]=7.1, Q=9.4 (bayes)
2026-09-22 18:04:18,315 INFO: Plan 1: ḡ=7.0, γE[v]=7.6, Q=14.6 (bayes)
2026-09-22 18:04:18,315 INFO: Plan 2: ḡ=14.8, γE[v]=0.8, Q=15.6 (bayes)
2026-09-22 18:04:18,657 INFO: Plan 0: ḡ=2, γE[v]=2.0, Q=4.0 (fn)
2026-09-22 18:04:18,657 INFO: Plan 0: ḡ=0.7, γE[v]=0.8, Q=1.4 (bayes)
2026-09-22 18:04:18,657 INFO: Plan 1: ḡ=1.0, γE[v]=0.6, Q=1.6 (bayes)
2026-09-22 18:04:18,658 INFO: Plan 2: ḡ=2.0, γE[v]=0.0, Q=2.0 (bayes)
2026-09-22 18:04:19,804 INFO: Plan 2: ḡ=36, γE[v]=0.0, Q=36.0 (fn)
2026-09-22 18:04:19,840 INFO: Plan 0: ḡ=2, γE[v]=0.0, Q=2.0 (fn)
2026-09-22 18:04:19,976 INFO: Plan 0: ḡ=56, γE[v]=0.0, Q=56.0 (fn)
2026-09-22 18:04:20,238 INFO: Plan 2: ḡ=6, γE[v]=0.0, Q=6.0 (fn)
2026-09-22 18:04:20,281 INFO: Plan 1: ḡ=11, γE[v]=0.0, Q=11.0 (fn)
2026-09-22 18:04:20,603 INFO: Plan 1: ḡ=34, γE[v]=0.0, Q=34.0 (fn)
2026-09-22 18:04:20,605 INFO: Plan 0: ḡ=18.8, γE[v]=18.0, Q=36.8 (bayes)
2026-09-22 18:04:20,605 INFO: Plan 1: ḡ=15.3, γE[v]=19.7, Q=35.0 (bayes)
2026-09-22 18:04:20,605 INFO: Plan 2: ḡ=13.4, γE[v]=20.7, Q=34.1 (bayes)
  [9/93] rich.style seed=123: {'random': 70, 'greedy': 73, 'cov_greedy': 55, 'covqvalue2': 123}
2026-09-22 18:04:20,943 INFO: Plan 0: ḡ=1, γE[v]=0.0, Q=1.0 (fn)
2026-09-22 18:04:20,984 INFO: Plan 2: ḡ=0, γE[v]=0.0, Q=0.0 (fn)
2026-09-22 18:04:20,984 INFO: Plan 0: ḡ=0.3, γE[v]=0.8, Q=1.1 (bayes)
2026-09-22 18:04:20,984 INFO: Plan 1: ḡ=1.6, γE[v]=0.2, Q=1.7 (bayes)
2026-09-22 18:04:20,984 INFO: Plan 2: ḡ=0.0, γE[v]=1.0, Q=0.9 (bayes)
2026-09-22 18:04:21,931 INFO: Plan 0: ḡ=4, γE[v]=0.0, Q=4.0 (fn)
2026-09-22 18:04:22,347 INFO: Plan 1: ḡ=3, γE[v]=0.0, Q=3.0 (fn)
2026-09-22 18:04:22,386 INFO: Plan 2: ḡ=0, γE[v]=0.0, Q=0.0 (fn)
2026-09-22 18:04:22,387 INFO: Plan 0: ḡ=1.3, γE[v]=0.5, Q=1.8 (bayes)
2026-09-22 18:04:22,387 INFO: Plan 1: ḡ=1.0, γE[v]=0.7, Q=1.7 (bayes)
2026-09-22 18:04:22,387 INFO: Plan 2: ḡ=0.0, γE[v]=1.2, Q=1.2 (bayes)
2026-09-22 18:04:23,383 INFO: Plan 1: ḡ=10, γE[v]=3.5, Q=13.5 (fn)
2026-09-22 18:04:23,383 INFO: Plan 0: ḡ=0.4, γE[v]=1.4, Q=1.9 (bayes)
2026-09-22 18:04:23,383 INFO: Plan 1: ḡ=1.6, γE[v]=1.1, Q=2.7 (bayes)
2026-09-22 18:04:23,383 INFO: Plan 2: ḡ=1.4, γE[v]=0.9, Q=2.4 (bayes)
2026-09-22 18:04:23,466 INFO: Plan 0: ḡ=1, γE[v]=0.5, Q=1.5 (fn)
  [10/93] flask.app seed=123: {'random': 2, 'greedy': 2, 'cov_greedy': 2, 'covqvalue2': 93}
2026-09-22 18:04:24,059 INFO: Plan 2: ḡ=2, γE[v]=0.0, Q=2.0 (fn)
2026-09-22 18:04:24,948 INFO: Plan 1: ḡ=6, γE[v]=0.0, Q=6.0 (fn)
2026-09-22 18:04:25,238 INFO: Plan 1: ḡ=1, γE[v]=0.5, Q=1.5 (fn)
2026-09-22 18:04:25,239 INFO: Plan 0: ḡ=0.2, γE[v]=0.2, Q=0.4 (bayes)
2026-09-22 18:04:25,239 INFO: Plan 1: ḡ=0.2, γE[v]=0.1, Q=0.4 (bayes)
2026-09-22 18:04:25,239 INFO: Plan 2: ḡ=0.5, γE[v]=0.0, Q=0.5 (bayes)
2026-09-22 18:04:25,271 INFO: Plan 2: ḡ=0, γE[v]=0.0, Q=0.0 (fn)
2026-09-22 18:04:25,559 INFO: Plan 0: ḡ=19, γE[v]=0.0, Q=19.0 (fn)
2026-09-22 18:04:25,560 INFO: Plan 0: ḡ=2.6, γE[v]=0.0, Q=2.6 (bayes)
2026-09-22 18:04:25,560 INFO: Plan 1: ḡ=0.8, γE[v]=0.9, Q=1.7 (bayes)
2026-09-22 18:04:25,560 INFO: Plan 2: ḡ=0.0, γE[v]=1.3, Q=1.3 (bayes)
  [11/93] click.testing seed=123: {'random': 24, 'greedy': 23, 'cov_greedy': 37, 'covqvalue2': 62}
2026-09-22 18:04:28,092 INFO: Plan 1: ḡ=219, γE[v]=64.0, Q=283.0 (fn)
2026-09-22 18:04:28,092 INFO: Plan 0: ḡ=17.3, γE[v]=223.7, Q=241.0 (bayes)
2026-09-22 18:04:28,092 INFO: Plan 1: ḡ=91.0, γE[v]=189.9, Q=280.9 (bayes)
2026-09-22 18:04:28,092 INFO: Plan 2: ḡ=13.5, γE[v]=225.6, Q=239.1 (bayes)
2026-09-22 18:04:31,637 INFO: Plan 0: ḡ=56, γE[v]=0.0, Q=56.0 (fn)
2026-09-22 18:04:32,150 INFO: Plan 2: ḡ=50, γE[v]=0.0, Q=50.0 (fn)
2026-09-22 18:04:32,314 INFO: Plan 1: ḡ=69, γE[v]=0.0, Q=69.0 (fn)
2026-09-22 18:04:32,315 INFO: Plan 0: ḡ=26.7, γE[v]=36.7, Q=63.3 (bayes)
2026-09-22 18:04:32,315 INFO: Plan 1: ḡ=28.8, γE[v]=35.6, Q=64.4 (bayes)
2026-09-22 18:04:32,315 INFO: Plan 2: ḡ=25.0, γE[v]=37.5, Q=62.5 (bayes)
2026-09-22 18:04:32,731 INFO: Plan 2: ḡ=0, γE[v]=0.0, Q=0.0 (fn)
2026-09-22 18:04:33,378 INFO: Plan 0: ḡ=0, γE[v]=0.0, Q=0.0 (fn)
2026-09-22 18:04:33,382 INFO: Plan 1: ḡ=0, γE[v]=0.0, Q=0.0 (fn)
2026-09-22 18:04:33,388 INFO: Plan 0: ḡ=0.0, γE[v]=0.0, Q=0.0 (bayes)
2026-09-22 18:04:33,388 INFO: Plan 1: ḡ=0.0, γE[v]=0.0, Q=0.0 (bayes)
2026-09-22 18:04:33,388 INFO: Plan 2: ḡ=0.0, γE[v]=0.0, Q=0.0 (bayes)
2026-09-22 18:04:33,815 INFO: Plan 1: ḡ=47, γE[v]=0.0, Q=47.0 (fn)
2026-09-22 18:04:34,123 INFO: Plan 0: ḡ=17, γE[v]=0.0, Q=17.0 (fn)
2026-09-22 18:04:34,508 INFO: Plan 2: ḡ=0, γE[v]=0.0, Q=0.0 (fn)
2026-09-22 18:04:34,549 INFO: Plan 2: ḡ=41, γE[v]=0.0, Q=41.0 (fn)
2026-09-22 18:04:34,549 INFO: Plan 0: ḡ=8.5, γE[v]=37.1, Q=45.6 (bayes)
2026-09-22 18:04:34,549 INFO: Plan 1: ḡ=23.5, γE[v]=29.6, Q=53.1 (bayes)
2026-09-22 18:04:34,549 INFO: Plan 2: ḡ=15.8, γE[v]=33.5, Q=49.2 (bayes)
2026-09-22 18:04:34,688 INFO: Plan 0: ḡ=1, γE[v]=0.0, Q=1.0 (fn)
2026-09-22 18:04:34,824 INFO: Plan 1: ḡ=6, γE[v]=0.0, Q=6.0 (fn)
2026-09-22 18:04:34,825 INFO: Plan 0: ḡ=0.5, γE[v]=1.0, Q=1.5 (bayes)
2026-09-22 18:04:34,825 INFO: Plan 1: ḡ=2.0, γE[v]=0.2, Q=2.2 (bayes)
2026-09-22 18:04:34,825 INFO: Plan 2: ḡ=0.0, γE[v]=1.2, Q=1.2 (bayes)
2026-09-22 18:04:36,692 INFO: Plan 2: ḡ=10, γE[v]=0.0, Q=10.0 (fn)
2026-09-22 18:04:37,179 INFO: Plan 1: ḡ=10, γE[v]=0.0, Q=10.0 (fn)
2026-09-22 18:04:38,622 INFO: Plan 0: ḡ=12, γE[v]=1.5, Q=13.5 (fn)
2026-09-22 18:04:38,622 INFO: Plan 0: ḡ=2.1, γE[v]=2.1, Q=4.2 (bayes)
2026-09-22 18:04:38,622 INFO: Plan 1: ḡ=2.0, γE[v]=2.0, Q=4.0 (bayes)
2026-09-22 18:04:38,622 INFO: Plan 2: ḡ=2.5, γE[v]=1.8, Q=4.3 (bayes)
2026-09-22 18:04:41,377 INFO: Plan 1: ḡ=6, γE[v]=0.0, Q=6.0 (fn)
2026-09-22 18:04:41,461 INFO: Plan 2: ḡ=49, γE[v]=0.0, Q=49.0 (fn)
2026-09-22 18:04:42,314 INFO: Plan 1: ḡ=33, γE[v]=0.0, Q=33.0 (fn)
2026-09-22 18:04:43,008 INFO: Plan 0: ḡ=11, γE[v]=0.0, Q=11.0 (fn)
2026-09-22 18:04:43,963 INFO: Plan 0: ḡ=36, γE[v]=3.0, Q=39.0 (fn)
2026-09-22 18:04:43,964 INFO: Plan 0: ḡ=18.0, γE[v]=44.4, Q=62.4 (bayes)
2026-09-22 18:04:43,964 INFO: Plan 1: ḡ=3.0, γE[v]=51.8, Q=54.8 (bayes)
2026-09-22 18:04:43,964 INFO: Plan 2: ḡ=24.5, γE[v]=41.0, Q=65.5 (bayes)
2026-09-22 18:04:44,005 INFO: Plan 2: ḡ=0, γE[v]=0.0, Q=0.0 (fn)
2026-09-22 18:04:44,284 INFO: Plan 0: ḡ=3, γE[v]=0.0, Q=3.0 (fn)
2026-09-22 18:04:44,520 INFO: Plan 2: ḡ=63, γE[v]=8.0, Q=71.0 (fn)
2026-09-22 18:04:44,521 INFO: Plan 1: ḡ=4, γE[v]=0.0, Q=4.0 (fn)
2026-09-22 18:04:44,522 INFO: Plan 0: ḡ=5.2, γE[v]=21.7, Q=26.9 (bayes)
2026-09-22 18:04:44,522 INFO: Plan 1: ḡ=13.2, γE[v]=17.7, Q=30.9 (bayes)
2026-09-22 18:04:44,522 INFO: Plan 0: ḡ=0.8, γE[v]=0.5, Q=1.2 (bayes)
2026-09-22 18:04:44,522 INFO: Plan 2: ḡ=16.2, γE[v]=16.6, Q=32.9 (bayes)
2026-09-22 18:04:44,522 INFO: Plan 1: ḡ=1.0, γE[v]=0.4, Q=1.4 (bayes)
2026-09-22 18:04:44,523 INFO: Plan 2: ḡ=0.0, γE[v]=0.9, Q=0.9 (bayes)
  [12/93] jinja2.parser seed=123: {'random': 66, 'greedy': 65, 'cov_greedy': 10, 'covqvalue2': 218}
2026-09-22 18:04:47,799 INFO: Plan 0: ḡ=62, γE[v]=0.0, Q=62.0 (fn)
2026-09-22 18:04:51,710 INFO: Plan 2: ḡ=9, γE[v]=0.0, Q=9.0 (fn)
2026-09-22 18:04:52,382 INFO: Plan 2: ḡ=30, γE[v]=0.0, Q=30.0 (fn)
2026-09-22 18:04:52,463 INFO: Plan 1: ḡ=53, γE[v]=4.0, Q=57.0 (fn)
2026-09-22 18:04:53,627 INFO: Plan 1: ḡ=52, γE[v]=0.0, Q=52.0 (fn)
2026-09-22 18:04:53,628 INFO: Plan 0: ḡ=15.5, γE[v]=38.3, Q=53.8 (bayes)
2026-09-22 18:04:53,628 INFO: Plan 1: ḡ=26.0, γE[v]=33.0, Q=59.0 (bayes)
2026-09-22 18:04:53,628 INFO: Plan 2: ḡ=3.7, γE[v]=44.2, Q=47.9 (bayes)
2026-09-22 18:04:54,390 INFO: Plan 0: ḡ=92, γE[v]=15.0, Q=107.0 (fn)
2026-09-22 18:04:54,391 INFO: Plan 0: ḡ=46.0, γE[v]=7.6, Q=53.6 (bayes)
2026-09-22 18:04:54,391 INFO: Plan 1: ḡ=26.5, γE[v]=16.8, Q=43.4 (bayes)
2026-09-22 18:04:54,391 INFO: Plan 2: ḡ=13.8, γE[v]=23.0, Q=36.8 (bayes)
2026-09-22 18:04:55,639 INFO: Plan 1: ḡ=1, γE[v]=0.0, Q=1.0 (fn)
2026-09-22 18:04:56,181 INFO: Plan 2: ḡ=2, γE[v]=0.0, Q=2.0 (fn)
2026-09-22 18:04:56,233 INFO: Plan 2: ḡ=90, γE[v]=12.0, Q=102.0 (fn)
2026-09-22 18:04:56,369 INFO: Plan 0: ḡ=1, γE[v]=0.0, Q=1.0 (fn)
2026-09-22 18:04:56,630 INFO: Plan 1: ḡ=1, γE[v]=0.0, Q=1.0 (fn)
2026-09-22 18:04:57,026 INFO: Plan 2: ḡ=1, γE[v]=0.0, Q=1.0 (fn)
2026-09-22 18:04:57,030 INFO: Plan 0: ḡ=0.2, γE[v]=0.0, Q=0.2 (bayes)
2026-09-22 18:04:57,031 INFO: Plan 1: ḡ=0.2, γE[v]=0.0, Q=0.2 (bayes)
2026-09-22 18:04:57,033 INFO: Plan 2: ḡ=0.2, γE[v]=0.0, Q=0.2 (bayes)
2026-09-22 18:04:57,893 INFO: Plan 0: ḡ=1, γE[v]=0.5, Q=1.5 (fn)
2026-09-22 18:04:57,893 INFO: Plan 0: ḡ=0.2, γE[v]=0.1, Q=0.3 (bayes)
2026-09-22 18:04:57,894 INFO: Plan 1: ḡ=0.2, γE[v]=0.1, Q=0.3 (bayes)
2026-09-22 18:04:57,894 INFO: Plan 2: ḡ=0.4, γE[v]=0.0, Q=0.4 (bayes)
2026-09-22 18:04:58,742 INFO: Plan 0: ḡ=20, γE[v]=0.0, Q=20.0 (fn)
2026-09-22 18:04:59,708 INFO: Plan 0: ḡ=222, γE[v]=0.0, Q=222.0 (fn)
2026-09-22 18:04:59,708 INFO: Plan 2: ḡ=36, γE[v]=0.0, Q=36.0 (fn)
2026-09-22 18:05:00,286 INFO: Plan 1: ḡ=104, γE[v]=0.0, Q=104.0 (fn)
2026-09-22 18:05:00,330 INFO: Plan 0: ḡ=46, γE[v]=0.0, Q=46.0 (fn)
2026-09-22 18:05:00,333 INFO: Plan 0: ḡ=9, γE[v]=0.0, Q=9.0 (fn)
2026-09-22 18:05:00,334 INFO: Plan 0: ḡ=23.0, γE[v]=92.6, Q=115.6 (bayes)
2026-09-22 18:05:00,334 INFO: Plan 1: ḡ=24.5, γE[v]=91.8, Q=116.3 (bayes)
2026-09-22 18:05:00,334 INFO: Plan 2: ḡ=18.0, γE[v]=95.1, Q=113.1 (bayes)
2026-09-22 18:05:00,796 INFO: Plan 2: ḡ=9, γE[v]=0.0, Q=9.0 (fn)
2026-09-22 18:05:00,932 INFO: Plan 1: ḡ=48, γE[v]=0.0, Q=48.0 (fn)
2026-09-22 18:05:01,238 INFO: Plan 1: ḡ=21, γE[v]=0.0, Q=21.0 (fn)
2026-09-22 18:05:01,612 INFO: Plan 1: ḡ=152, γE[v]=0.0, Q=152.0 (fn)
2026-09-22 18:05:01,612 INFO: Plan 0: ḡ=91.0, γE[v]=73.3, Q=164.3 (bayes)
2026-09-22 18:05:01,613 INFO: Plan 1: ḡ=69.7, γE[v]=84.0, Q=153.7 (bayes)
2026-09-22 18:05:01,613 INFO: Plan 2: ḡ=30.5, γE[v]=104.3, Q=134.8 (bayes)
2026-09-22 18:05:02,127 INFO: Plan 0: ḡ=8, γE[v]=0.5, Q=8.5 (fn)
2026-09-22 18:05:02,127 INFO: Plan 0: ḡ=3.5, γE[v]=52.7, Q=56.2 (bayes)
2026-09-22 18:05:02,128 INFO: Plan 1: ḡ=16.2, γE[v]=46.3, Q=62.5 (bayes)
2026-09-22 18:05:02,128 INFO: Plan 2: ḡ=3.5, γE[v]=52.7, Q=56.2 (bayes)
2026-09-22 18:05:02,628 INFO: Plan 1: ḡ=11, γE[v]=0.0, Q=11.0 (fn)
2026-09-22 18:05:03,151 INFO: Plan 2: ḡ=95, γE[v]=0.0, Q=95.0 (fn)
2026-09-22 18:05:03,385 INFO: Plan 0: ḡ=2, γE[v]=0.0, Q=2.0 (fn)
2026-09-22 18:05:03,677 INFO: Plan 1: ḡ=58, γE[v]=25.5, Q=83.5 (fn)
2026-09-22 18:05:03,862 INFO: Plan 2: ḡ=30, γE[v]=39.5, Q=69.5 (fn)
2026-09-22 18:05:03,863 INFO: Plan 0: ḡ=2.9, γE[v]=6.4, Q=9.2 (bayes)
2026-09-22 18:05:03,865 INFO: Plan 1: ḡ=8.3, γE[v]=5.6, Q=13.9 (bayes)
2026-09-22 18:05:03,867 INFO: Plan 2: ḡ=4.3, γE[v]=8.7, Q=13.0 (bayes)
2026-09-22 18:05:04,896 INFO: Plan 2: ḡ=6, γE[v]=0.0, Q=6.0 (fn)
2026-09-22 18:05:04,897 INFO: Plan 1: ḡ=6, γE[v]=0.0, Q=6.0 (fn)
2026-09-22 18:05:04,897 INFO: Plan 0: ḡ=0.3, γE[v]=0.3, Q=0.7 (bayes)
2026-09-22 18:05:04,897 INFO: Plan 1: ḡ=1.0, γE[v]=0.0, Q=1.0 (bayes)
2026-09-22 18:05:04,897 INFO: Plan 2: ḡ=1.0, γE[v]=0.0, Q=1.0 (bayes)
2026-09-22 18:05:05,243 INFO: Plan 0: ḡ=86, γE[v]=0.0, Q=86.0 (fn)
2026-09-22 18:05:05,244 INFO: Plan 0: ḡ=25.5, γE[v]=17.1, Q=42.6 (bayes)
2026-09-22 18:05:05,244 INFO: Plan 1: ḡ=4.2, γE[v]=27.8, Q=31.9 (bayes)
2026-09-22 18:05:05,244 INFO: Plan 2: ḡ=31.7, γE[v]=14.0, Q=45.7 (bayes)
2026-09-22 18:05:05,869 INFO: Plan 0: ḡ=28, γE[v]=0.0, Q=28.0 (fn)
2026-09-22 18:05:06,065 INFO: Plan 1: ḡ=0, γE[v]=0.0, Q=0.0 (fn)
2026-09-22 18:05:06,287 INFO: Plan 2: ḡ=0, γE[v]=0.0, Q=0.0 (fn)
2026-09-22 18:05:07,089 INFO: Plan 0: ḡ=12, γE[v]=0.0, Q=12.0 (fn)
2026-09-22 18:05:07,090 INFO: Plan 0: ḡ=3.0, γE[v]=0.0, Q=3.0 (bayes)
2026-09-22 18:05:07,090 INFO: Plan 1: ḡ=0.0, γE[v]=1.5, Q=1.5 (bayes)
2026-09-22 18:05:07,090 INFO: Plan 2: ḡ=0.0, γE[v]=1.5, Q=1.5 (bayes)
2026-09-22 18:05:07,133 INFO: Plan 0: ḡ=104, γE[v]=0.0, Q=104.0 (fn)
2026-09-22 18:05:07,134 INFO: Plan 0: ḡ=1, γE[v]=0.0, Q=1.0 (fn)
2026-09-22 18:05:07,828 INFO: Plan 1: ḡ=37, γE[v]=0.0, Q=37.0 (fn)
2026-09-22 18:05:08,124 INFO: Plan 2: ḡ=76, γE[v]=0.0, Q=76.0 (fn)
2026-09-22 18:05:08,125 INFO: Plan 0: ḡ=13.2, γE[v]=42.1, Q=55.4 (bayes)
2026-09-22 18:05:08,125 INFO: Plan 1: ḡ=17.8, γE[v]=39.9, Q=57.6 (bayes)
2026-09-22 18:05:08,125 INFO: Plan 2: ḡ=21.5, γE[v]=38.0, Q=59.5 (bayes)
2026-09-22 18:05:08,169 INFO: Plan 0: ḡ=0, γE[v]=0.0, Q=0.0 (fn)
2026-09-22 18:05:08,346 INFO: Plan 1: ḡ=13, γE[v]=0.0, Q=13.0 (fn)
2026-09-22 18:05:08,591 INFO: Plan 1: ḡ=0, γE[v]=0.0, Q=0.0 (fn)
2026-09-22 18:05:08,838 INFO: Plan 2: ḡ=0, γE[v]=0.0, Q=0.0 (fn)
2026-09-22 18:05:08,839 INFO: Plan 0: ḡ=0.0, γE[v]=0.0, Q=0.0 (bayes)
2026-09-22 18:05:08,839 INFO: Plan 1: ḡ=0.0, γE[v]=0.0, Q=0.0 (bayes)
2026-09-22 18:05:08,839 INFO: Plan 2: ḡ=0.0, γE[v]=0.0, Q=0.0 (bayes)
2026-09-22 18:05:09,350 INFO: Plan 2: ḡ=67, γE[v]=0.0, Q=67.0 (fn)
2026-09-22 18:05:09,350 INFO: Plan 0: ḡ=0.3, γE[v]=10.1, Q=10.5 (bayes)
2026-09-22 18:05:09,350 INFO: Plan 1: ḡ=3.3, γE[v]=8.6, Q=12.0 (bayes)
2026-09-22 18:05:09,350 INFO: Plan 2: ḡ=19.2, γE[v]=0.7, Q=19.9 (bayes)
2026-09-22 18:05:12,441 INFO: Plan 2: ḡ=63, γE[v]=12.0, Q=75.0 (fn)
2026-09-22 18:05:12,442 INFO: Plan 0: ḡ=2.3, γE[v]=16.9, Q=19.1 (bayes)
2026-09-22 18:05:12,442 INFO: Plan 1: ḡ=4.4, γE[v]=15.8, Q=20.2 (bayes)
2026-09-22 18:05:12,442 INFO: Plan 2: ḡ=30.3, γE[v]=3.7, Q=34.0 (bayes)
2026-09-22 18:05:13,059 INFO: Plan 2: ḡ=10, γE[v]=0.0, Q=10.0 (fn)
2026-09-22 18:05:14,703 INFO: Plan 1: ḡ=25, γE[v]=0.0, Q=25.0 (fn)
2026-09-22 18:05:15,113 INFO: Plan 1: ḡ=250, γE[v]=33.5, Q=283.5 (fn)
2026-09-22 18:05:15,456 INFO: Plan 1: ḡ=37, γE[v]=0.0, Q=37.0 (fn)
2026-09-22 18:05:15,699 INFO: Plan 2: ḡ=66, γE[v]=0.0, Q=66.0 (fn)
2026-09-22 18:05:16,036 INFO: Plan 0: ḡ=22, γE[v]=7.5, Q=29.5 (fn)
2026-09-22 18:05:16,037 INFO: Plan 0: ḡ=11.0, γE[v]=3.3, Q=14.3 (bayes)
2026-09-22 18:05:16,037 INFO: Plan 1: ḡ=16.8, γE[v]=0.0, Q=16.8 (bayes)
2026-09-22 18:05:16,037 INFO: Plan 2: ḡ=3.3, γE[v]=6.8, Q=10.1 (bayes)
2026-09-22 18:05:16,296 INFO: Plan 0: ḡ=2, γE[v]=0.0, Q=2.0 (fn)
2026-09-22 18:05:16,339 INFO: Plan 1: ḡ=0, γE[v]=0.0, Q=0.0 (fn)
2026-09-22 18:05:16,403 INFO: Plan 1: ḡ=9, γE[v]=0.0, Q=9.0 (fn)
2026-09-22 18:05:16,645 INFO: Plan 0: ḡ=0, γE[v]=0.0, Q=0.0 (fn)
2026-09-22 18:05:16,673 INFO: Plan 2: ḡ=6, γE[v]=0.0, Q=6.0 (fn)
2026-09-22 18:05:16,674 INFO: Plan 0: ḡ=0.3, γE[v]=1.2, Q=1.5 (bayes)
2026-09-22 18:05:16,674 INFO: Plan 1: ḡ=1.3, γE[v]=0.7, Q=2.0 (bayes)
2026-09-22 18:05:16,674 INFO: Plan 2: ḡ=1.1, γE[v]=0.8, Q=1.9 (bayes)
2026-09-22 18:05:16,818 INFO: Plan 2: ḡ=0, γE[v]=0.0, Q=0.0 (fn)
2026-09-22 18:05:16,819 INFO: Plan 0: ḡ=0.0, γE[v]=0.0, Q=0.0 (bayes)
2026-09-22 18:05:16,819 INFO: Plan 1: ḡ=0.0, γE[v]=0.0, Q=0.0 (bayes)
2026-09-22 18:05:16,819 INFO: Plan 2: ḡ=0.0, γE[v]=0.0, Q=0.0 (bayes)
2026-09-22 18:05:16,962 INFO: Plan 2: ḡ=189, γE[v]=28.5, Q=217.5 (fn)
2026-09-22 18:05:16,962 INFO: Plan 0: ḡ=26.3, γE[v]=26.6, Q=53.0 (bayes)
2026-09-22 18:05:16,962 INFO: Plan 1: ḡ=62.5, γE[v]=10.8, Q=73.3 (bayes)
2026-09-22 18:05:16,963 INFO: Plan 2: ḡ=47.2, γE[v]=18.1, Q=65.3 (bayes)
2026-09-22 18:05:19,822 INFO: Plan 1: ḡ=63, γE[v]=0.0, Q=63.0 (fn)
2026-09-22 18:05:20,176 INFO: Plan 2: ḡ=124, γE[v]=0.0, Q=124.0 (fn)
2026-09-22 18:05:20,368 INFO: Plan 0: ḡ=78, γE[v]=0.0, Q=78.0 (fn)
2026-09-22 18:05:20,369 INFO: Plan 0: ḡ=38.0, γE[v]=45.7, Q=83.7 (bayes)
2026-09-22 18:05:20,369 INFO: Plan 1: ḡ=29.3, γE[v]=50.0, Q=79.3 (bayes)
2026-09-22 18:05:20,369 INFO: Plan 2: ḡ=31.5, γE[v]=48.9, Q=80.4 (bayes)
2026-09-22 18:05:20,521 INFO: Plan 1: ḡ=0, γE[v]=0.0, Q=0.0 (fn)
2026-09-22 18:05:20,784 INFO: Plan 0: ḡ=3, γE[v]=0.0, Q=3.0 (fn)
2026-09-22 18:05:21,019 INFO: Plan 2: ḡ=0, γE[v]=0.0, Q=0.0 (fn)
2026-09-22 18:05:21,019 INFO: Plan 0: ḡ=1.0, γE[v]=0.0, Q=1.0 (bayes)
2026-09-22 18:05:21,019 INFO: Plan 1: ḡ=0.0, γE[v]=0.5, Q=0.5 (bayes)
2026-09-22 18:05:21,019 INFO: Plan 2: ḡ=0.0, γE[v]=0.5, Q=0.5 (bayes)
2026-09-22 18:05:21,279 INFO: Plan 0: ḡ=32, γE[v]=33.0, Q=65.0 (fn)
2026-09-22 18:05:21,280 INFO: Plan 0: ḡ=4.7, γE[v]=6.7, Q=11.5 (bayes)
2026-09-22 18:05:21,280 INFO: Plan 1: ḡ=3.4, γE[v]=4.8, Q=8.2 (bayes)
2026-09-22 18:05:21,280 INFO: Plan 2: ḡ=8.2, γE[v]=2.4, Q=10.6 (bayes)
2026-09-22 18:05:23,208 INFO: Plan 0: ḡ=58, γE[v]=0.0, Q=58.0 (fn)
2026-09-22 18:05:24,609 INFO: Plan 2: ḡ=5, γE[v]=0.0, Q=5.0 (fn)
2026-09-22 18:05:26,004 INFO: Plan 2: ḡ=93, γE[v]=45.0, Q=138.0 (fn)
2026-09-22 18:05:26,005 INFO: Plan 1: ḡ=51, γE[v]=58.0, Q=109.0 (fn)
2026-09-22 18:05:26,006 INFO: Plan 0: ḡ=19.8, γE[v]=41.2, Q=61.1 (bayes)
2026-09-22 18:05:26,006 INFO: Plan 1: ḡ=13.4, γE[v]=48.2, Q=61.7 (bayes)
2026-09-22 18:05:26,006 INFO: Plan 2: ḡ=26.5, γE[v]=40.8, Q=67.3 (bayes)
2026-09-22 18:05:26,643 INFO: Plan 0: ḡ=198, γE[v]=0.0, Q=198.0 (fn)
2026-09-22 18:05:28,740 INFO: Plan 1: ḡ=6, γE[v]=0.0, Q=6.0 (fn)
2026-09-22 18:05:28,742 INFO: Plan 2: ḡ=6, γE[v]=0.0, Q=6.0 (fn)
2026-09-22 18:05:29,536 INFO: Plan 0: ḡ=19, γE[v]=0.0, Q=19.0 (fn)
2026-09-22 18:05:29,537 INFO: Plan 0: ḡ=2.3, γE[v]=0.0, Q=2.3 (bayes)
2026-09-22 18:05:29,537 INFO: Plan 1: ḡ=0.7, γE[v]=0.8, Q=1.5 (bayes)
2026-09-22 18:05:29,537 INFO: Plan 2: ḡ=0.7, γE[v]=0.8, Q=1.5 (bayes)
2026-09-22 18:05:29,768 INFO: Plan 2: ḡ=28, γE[v]=0.0, Q=28.0 (fn)
2026-09-22 18:05:30,155 INFO: Plan 1: ḡ=203, γE[v]=2.5, Q=205.5 (fn)
2026-09-22 18:05:30,156 INFO: Plan 0: ḡ=33.4, γE[v]=2.0, Q=35.3 (bayes)
2026-09-22 18:05:30,156 INFO: Plan 1: ḡ=34.8, γE[v]=1.4, Q=36.1 (bayes)
2026-09-22 18:05:30,156 INFO: Plan 2: ḡ=2.5, γE[v]=17.4, Q=19.9 (bayes)
2026-09-22 18:05:30,885 INFO: Plan 0: ḡ=16, γE[v]=0.0, Q=16.0 (fn)
2026-09-22 18:05:30,886 INFO: Plan 0: ḡ=52, γE[v]=0.0, Q=52.0 (fn)
  [13/93] rich.pretty seed=123: {'random': 9, 'greedy': 9, 'cov_greedy': 9, 'covqvalue2': 98}
2026-09-22 18:05:33,523 INFO: Plan 1: ḡ=42, γE[v]=7.0, Q=49.0 (fn)
2026-09-22 18:05:33,523 INFO: Plan 0: ḡ=21.0, γE[v]=7.6, Q=28.6 (bayes)
2026-09-22 18:05:33,523 INFO: Plan 1: ḡ=18.6, γE[v]=9.2, Q=27.7 (bayes)
2026-09-22 18:05:33,523 INFO: Plan 2: ḡ=8.8, γE[v]=13.7, Q=22.5 (bayes)
2026-09-22 18:05:35,109 INFO: Plan 2: ḡ=115, γE[v]=4.5, Q=119.5 (fn)
2026-09-22 18:05:35,299 INFO: Plan 1: ḡ=33, γE[v]=18.5, Q=51.5 (fn)
2026-09-22 18:05:35,301 INFO: Plan 0: ḡ=2.2, γE[v]=6.3, Q=8.5 (bayes)
2026-09-22 18:05:35,301 INFO: Plan 1: ḡ=3.8, γE[v]=6.9, Q=10.7 (bayes)
2026-09-22 18:05:35,301 INFO: Plan 2: ḡ=13.1, γE[v]=1.2, Q=14.3 (bayes)
2026-09-22 18:05:35,337 INFO: Plan 0: ḡ=9, γE[v]=0.0, Q=9.0 (fn)
2026-09-22 18:05:35,672 INFO: Plan 2: ḡ=5, γE[v]=0.0, Q=5.0 (fn)
2026-09-22 18:05:36,716 INFO: Plan 1: ḡ=6, γE[v]=0.0, Q=6.0 (fn)
2026-09-22 18:05:36,717 INFO: Plan 0: ḡ=1.6, γE[v]=1.0, Q=2.6 (bayes)
2026-09-22 18:05:36,717 INFO: Plan 1: ḡ=1.0, γE[v]=1.3, Q=2.3 (bayes)
2026-09-22 18:05:36,717 INFO: Plan 2: ḡ=1.2, γE[v]=1.2, Q=2.4 (bayes)
2026-09-22 18:05:37,114 INFO: Plan 0: ḡ=0, γE[v]=0.0, Q=0.0 (fn)
  [14/93] jinja2.ext seed=123: {'random': 4, 'greedy': 4, 'cov_greedy': 4, 'covqvalue2': 52}
2026-09-22 18:05:37,405 INFO: Plan 1: ḡ=0, γE[v]=0.0, Q=0.0 (fn)
2026-09-22 18:05:37,405 INFO: Plan 2: ḡ=0, γE[v]=0.0, Q=0.0 (fn)
2026-09-22 18:05:37,406 INFO: Plan 0: ḡ=0.0, γE[v]=0.0, Q=0.0 (bayes)
2026-09-22 18:05:37,406 INFO: Plan 1: ḡ=0.0, γE[v]=0.0, Q=0.0 (bayes)
2026-09-22 18:05:37,406 INFO: Plan 2: ḡ=0.0, γE[v]=0.0, Q=0.0 (bayes)
2026-09-22 18:05:37,656 INFO: Plan 1: ḡ=0, γE[v]=0.0, Q=0.0 (fn)
2026-09-22 18:05:38,031 INFO: Plan 2: ḡ=0, γE[v]=0.0, Q=0.0 (fn)
2026-09-22 18:05:38,286 INFO: Plan 0: ḡ=1, γE[v]=0.0, Q=1.0 (fn)
2026-09-22 18:05:38,287 INFO: Plan 0: ḡ=0.5, γE[v]=0.0, Q=0.5 (bayes)
2026-09-22 18:05:38,287 INFO: Plan 1: ḡ=0.0, γE[v]=0.2, Q=0.2 (bayes)
2026-09-22 18:05:38,287 INFO: Plan 2: ḡ=0.0, γE[v]=0.2, Q=0.2 (bayes)
2026-09-22 18:05:39,092 INFO: Plan 0: ḡ=17, γE[v]=0.0, Q=17.0 (fn)
2026-09-22 18:05:39,674 INFO: Plan 2: ḡ=42, γE[v]=0.0, Q=42.0 (fn)
2026-09-22 18:05:40,358 INFO: Plan 1: ḡ=35, γE[v]=0.0, Q=35.0 (fn)
2026-09-22 18:05:40,359 INFO: Plan 0: ḡ=8.5, γE[v]=26.7, Q=35.2 (bayes)
2026-09-22 18:05:40,359 INFO: Plan 1: ḡ=13.8, γE[v]=24.0, Q=37.9 (bayes)
2026-09-22 18:05:40,359 INFO: Plan 2: ḡ=16.4, γE[v]=22.8, Q=39.2 (bayes)
2026-09-22 18:05:46,706 INFO: Plan 2: ḡ=33, γE[v]=0.0, Q=33.0 (fn)
2026-09-22 18:05:48,386 INFO: Plan 0: ḡ=36, γE[v]=0.0, Q=36.0 (fn)
2026-09-22 18:05:49,369 INFO: Plan 0: ḡ=36, γE[v]=3.0, Q=39.0 (fn)
2026-09-22 18:05:50,110 INFO: Plan 2: ḡ=21, γE[v]=0.0, Q=21.0 (fn)
2026-09-22 18:05:50,599 INFO: Plan 0: ḡ=11, γE[v]=0.0, Q=11.0 (fn)
2026-09-22 18:05:50,770 INFO: Plan 0: ḡ=1, γE[v]=0.0, Q=1.0 (fn)
2026-09-22 18:05:50,771 INFO: Plan 1: ḡ=1, γE[v]=0.0, Q=1.0 (fn)
2026-09-22 18:05:50,805 INFO: Plan 2: ḡ=1, γE[v]=0.0, Q=1.0 (fn)
2026-09-22 18:05:50,806 INFO: Plan 0: ḡ=0.1, γE[v]=0.0, Q=0.1 (bayes)
2026-09-22 18:05:50,806 INFO: Plan 1: ḡ=0.1, γE[v]=0.0, Q=0.1 (bayes)
2026-09-22 18:05:50,806 INFO: Plan 2: ḡ=0.1, γE[v]=0.0, Q=0.1 (bayes)
2026-09-22 18:05:52,064 INFO: Plan 1: ḡ=206, γE[v]=0.0, Q=206.0 (fn)
2026-09-22 18:05:52,065 INFO: Plan 0: ḡ=11.1, γE[v]=92.5, Q=103.6 (bayes)
2026-09-22 18:05:52,065 INFO: Plan 1: ḡ=87.9, γE[v]=54.1, Q=142.0 (bayes)
2026-09-22 18:05:52,065 INFO: Plan 2: ḡ=10.0, γE[v]=93.1, Q=103.1 (bayes)
2026-09-22 18:05:52,241 INFO: Plan 1: ḡ=36, γE[v]=0.0, Q=36.0 (fn)
2026-09-22 18:05:52,241 INFO: Plan 0: ḡ=5.2, γE[v]=19.0, Q=24.1 (bayes)
2026-09-22 18:05:52,241 INFO: Plan 1: ḡ=14.7, γE[v]=14.2, Q=28.9 (bayes)
2026-09-22 18:05:52,241 INFO: Plan 2: ḡ=5.2, γE[v]=18.9, Q=24.2 (bayes)
2026-09-22 18:05:52,499 INFO: Plan 2: ḡ=32, γE[v]=0.0, Q=32.0 (fn)
2026-09-22 18:05:52,662 INFO: Plan 1: ḡ=39, γE[v]=4.5, Q=43.5 (fn)
2026-09-22 18:05:53,083 INFO: Plan 0: ḡ=50, γE[v]=0.0, Q=50.0 (fn)
2026-09-22 18:05:53,584 INFO: Plan 1: ḡ=59, γE[v]=0.0, Q=59.0 (fn)
2026-09-22 18:05:53,584 INFO: Plan 0: ḡ=23.7, γE[v]=26.0, Q=49.7 (bayes)
2026-09-22 18:05:53,584 INFO: Plan 1: ḡ=25.0, γE[v]=25.3, Q=50.3 (bayes)
2026-09-22 18:05:53,584 INFO: Plan 2: ḡ=16.0, γE[v]=29.8, Q=45.8 (bayes)
2026-09-22 18:05:54,154 INFO: Plan 2: ḡ=154, γE[v]=5.0, Q=159.0 (fn)
2026-09-22 18:05:54,154 INFO: Plan 0: ḡ=18.0, γE[v]=32.1, Q=50.1 (bayes)
2026-09-22 18:05:54,154 INFO: Plan 1: ḡ=19.5, γE[v]=31.5, Q=51.0 (bayes)
2026-09-22 18:05:54,154 INFO: Plan 2: ḡ=77.0, γE[v]=2.7, Q=79.7 (bayes)
  [15/93] click.types seed=123: {'random': 8, 'greedy': 8, 'cov_greedy': 9, 'covqvalue2': 76}
2026-09-22 18:05:55,585 INFO: Plan 1: ḡ=7, γE[v]=0.0, Q=7.0 (fn)
2026-09-22 18:05:55,626 INFO: Plan 2: ḡ=8, γE[v]=0.0, Q=8.0 (fn)
2026-09-22 18:05:56,001 INFO: Plan 1: ḡ=1, γE[v]=0.0, Q=1.0 (fn)
2026-09-22 18:05:56,040 INFO: Plan 1: ḡ=13, γE[v]=0.0, Q=13.0 (fn)
2026-09-22 18:05:56,512 INFO: Plan 2: ḡ=30, γE[v]=0.0, Q=30.0 (fn)
2026-09-22 18:05:56,512 INFO: Plan 0: ḡ=2, γE[v]=0.0, Q=2.0 (fn)
2026-09-22 18:05:56,690 INFO: Plan 0: ḡ=46, γE[v]=0.0, Q=46.0 (fn)
2026-09-22 18:05:56,691 INFO: Plan 0: ḡ=15.3, γE[v]=4.7, Q=20.0 (bayes)
2026-09-22 18:05:56,691 INFO: Plan 1: ḡ=2.3, γE[v]=11.2, Q=13.5 (bayes)
2026-09-22 18:05:56,691 INFO: Plan 2: ḡ=9.4, γE[v]=7.7, Q=17.1 (bayes)
2026-09-22 18:05:57,003 INFO: Plan 0: ḡ=76, γE[v]=0.0, Q=76.0 (fn)
2026-09-22 18:05:57,004 INFO: Plan 0: ḡ=20.5, γE[v]=4.4, Q=24.9 (bayes)
2026-09-22 18:05:57,004 INFO: Plan 1: ḡ=6.3, γE[v]=11.5, Q=17.8 (bayes)
2026-09-22 18:05:57,004 INFO: Plan 2: ḡ=2.4, γE[v]=13.4, Q=15.8 (bayes)
2026-09-22 18:05:57,695 INFO: Plan 2: ḡ=2, γE[v]=0.0, Q=2.0 (fn)
2026-09-22 18:05:57,695 INFO: Plan 0: ḡ=0.3, γE[v]=0.0, Q=0.3 (bayes)
2026-09-22 18:05:57,695 INFO: Plan 1: ḡ=0.2, γE[v]=0.1, Q=0.2 (bayes)
2026-09-22 18:05:57,695 INFO: Plan 2: ḡ=0.3, γE[v]=0.0, Q=0.3 (bayes)
2026-09-22 18:05:58,692 INFO: Plan 1: ḡ=19, γE[v]=5.0, Q=24.0 (fn)
2026-09-22 18:06:00,818 INFO: Plan 2: ḡ=30, γE[v]=2.0, Q=32.0 (fn)
2026-09-22 18:06:01,361 INFO: Plan 0: ḡ=2, γE[v]=0.0, Q=2.0 (fn)
2026-09-22 18:06:01,362 INFO: Plan 0: ḡ=16, γE[v]=9.0, Q=25.0 (fn)
2026-09-22 18:06:01,363 INFO: Plan 0: ḡ=5.7, γE[v]=3.6, Q=9.3 (bayes)
2026-09-22 18:06:01,363 INFO: Plan 1: ḡ=6.3, γE[v]=3.0, Q=9.4 (bayes)
2026-09-22 18:06:01,363 INFO: Plan 2: ḡ=10.2, γE[v]=0.9, Q=11.1 (bayes)
2026-09-22 18:06:01,402 INFO: Plan 2: ḡ=3, γE[v]=0.0, Q=3.0 (fn)
2026-09-22 18:06:01,604 INFO: Plan 2: ḡ=23, γE[v]=0.0, Q=23.0 (fn)
2026-09-22 18:06:01,967 INFO: Plan 0: ḡ=2, γE[v]=0.0, Q=2.0 (fn)
2026-09-22 18:06:02,047 INFO: Plan 1: ḡ=2, γE[v]=0.0, Q=2.0 (fn)
2026-09-22 18:06:02,090 INFO: Plan 1: ḡ=0, γE[v]=0.0, Q=0.0 (fn)
2026-09-22 18:06:02,090 INFO: Plan 2: ḡ=0, γE[v]=0.0, Q=0.0 (fn)
2026-09-22 18:06:02,129 INFO: Plan 0: ḡ=21, γE[v]=0.0, Q=21.0 (fn)
2026-09-22 18:06:02,675 INFO: Plan 0: ḡ=0, γE[v]=0.0, Q=0.0 (fn)
2026-09-22 18:06:02,718 INFO: Plan 0: ḡ=8, γE[v]=0.0, Q=8.0 (fn)
2026-09-22 18:06:02,719 INFO: Plan 1: ḡ=0, γE[v]=0.0, Q=0.0 (fn)
2026-09-22 18:06:02,720 INFO: Plan 2: ḡ=0, γE[v]=0.0, Q=0.0 (fn)
2026-09-22 18:06:02,720 INFO: Plan 0: ḡ=0.0, γE[v]=0.0, Q=0.0 (bayes)
2026-09-22 18:06:02,720 INFO: Plan 1: ḡ=0.0, γE[v]=0.0, Q=0.0 (bayes)
2026-09-22 18:06:02,720 INFO: Plan 2: ḡ=0.0, γE[v]=0.0, Q=0.0 (bayes)
2026-09-22 18:06:02,900 INFO: Plan 0: ḡ=12, γE[v]=0.0, Q=12.0 (fn)
2026-09-22 18:06:02,900 INFO: Plan 0: ḡ=2.4, γE[v]=0.0, Q=2.4 (bayes)
2026-09-22 18:06:02,901 INFO: Plan 1: ḡ=0.0, γE[v]=1.2, Q=1.2 (bayes)
2026-09-22 18:06:02,901 INFO: Plan 2: ḡ=0.0, γE[v]=1.2, Q=1.2 (bayes)
2026-09-22 18:06:03,219 INFO: Plan 2: ḡ=6, γE[v]=0.0, Q=6.0 (fn)
2026-09-22 18:06:03,539 INFO: Plan 1: ḡ=10, γE[v]=0.0, Q=10.0 (fn)
2026-09-22 18:06:03,540 INFO: Plan 0: ḡ=0.3, γE[v]=1.1, Q=1.5 (bayes)
2026-09-22 18:06:03,540 INFO: Plan 1: ḡ=1.3, γE[v]=0.7, Q=1.9 (bayes)
2026-09-22 18:06:03,540 INFO: Plan 2: ḡ=1.1, γE[v]=0.7, Q=1.9 (bayes)
2026-09-22 18:06:04,212 INFO: Plan 1: ḡ=59, γE[v]=0.0, Q=59.0 (fn)
2026-09-22 18:06:04,212 INFO: Plan 0: ḡ=3.5, γE[v]=42.4, Q=45.9 (bayes)
2026-09-22 18:06:04,212 INFO: Plan 1: ḡ=18.4, γE[v]=34.9, Q=53.3 (bayes)
2026-09-22 18:06:04,213 INFO: Plan 2: ḡ=1.5, γE[v]=43.4, Q=44.9 (bayes)
2026-09-22 18:06:04,431 INFO: Plan 2: ḡ=53, γE[v]=0.0, Q=53.0 (fn)
2026-09-22 18:06:04,432 INFO: Plan 0: ḡ=1.0, γE[v]=6.8, Q=7.8 (bayes)
2026-09-22 18:06:04,432 INFO: Plan 1: ḡ=0.7, γE[v]=7.0, Q=7.7 (bayes)
2026-09-22 18:06:04,432 INFO: Plan 2: ḡ=14.6, γE[v]=0.0, Q=14.6 (bayes)
  [16/93] rich.color seed=123: {'random': 26, 'greedy': 26, 'cov_greedy': 26, 'covqvalue2': 56}
  [17/93] rich.traceback seed=123: {'random': 66, 'greedy': 62, 'cov_greedy': 68, 'covqvalue2': 78}
2026-09-22 18:06:06,073 INFO: Plan 0: ḡ=46, γE[v]=0.0, Q=46.0 (fn)
2026-09-22 18:06:06,113 INFO: Plan 2: ḡ=36, γE[v]=0.0, Q=36.0 (fn)
2026-09-22 18:06:06,671 INFO: Plan 1: ḡ=104, γE[v]=0.0, Q=104.0 (fn)
2026-09-22 18:06:06,672 INFO: Plan 0: ḡ=23.0, γE[v]=90.2, Q=113.2 (bayes)
2026-09-22 18:06:06,673 INFO: Plan 1: ḡ=19.8, γE[v]=91.8, Q=111.6 (bayes)
2026-09-22 18:06:06,673 INFO: Plan 2: ḡ=18.0, γE[v]=92.7, Q=110.7 (bayes)
2026-09-22 18:06:07,129 INFO: Plan 1: ḡ=88, γE[v]=10.5, Q=98.5 (fn)
2026-09-22 18:06:07,130 INFO: Plan 0: ḡ=2.6, γE[v]=5.5, Q=8.1 (bayes)
2026-09-22 18:06:07,130 INFO: Plan 1: ḡ=11.0, γE[v]=2.1, Q=13.1 (bayes)
2026-09-22 18:06:07,130 INFO: Plan 2: ḡ=2.9, γE[v]=5.4, Q=8.2 (bayes)
2026-09-22 18:06:09,269 INFO: Plan 0: ḡ=63, γE[v]=0.0, Q=63.0 (fn)
2026-09-22 18:06:09,270 INFO: Plan 2: ḡ=7, γE[v]=0.0, Q=7.0 (fn)
2026-09-22 18:06:09,944 INFO: Plan 0: ḡ=6, γE[v]=0.0, Q=6.0 (fn)
2026-09-22 18:06:09,983 INFO: Plan 2: ḡ=36, γE[v]=0.0, Q=36.0 (fn)
2026-09-22 18:06:10,320 INFO: Plan 1: ḡ=6, γE[v]=0.0, Q=6.0 (fn)
2026-09-22 18:06:10,321 INFO: Plan 0: ḡ=1.3, γE[v]=5.6, Q=6.9 (bayes)
2026-09-22 18:06:10,321 INFO: Plan 1: ḡ=1.1, γE[v]=5.7, Q=6.8 (bayes)
2026-09-22 18:06:10,321 INFO: Plan 2: ḡ=10.0, γE[v]=1.2, Q=11.2 (bayes)
2026-09-22 18:06:12,252 INFO: Plan 1: ḡ=36, γE[v]=0.0, Q=36.0 (fn)
2026-09-22 18:06:12,253 INFO: Plan 0: ḡ=15.8, γE[v]=26.7, Q=42.5 (bayes)
2026-09-22 18:06:12,253 INFO: Plan 1: ḡ=10.3, γE[v]=29.4, Q=39.8 (bayes)
2026-09-22 18:06:12,253 INFO: Plan 2: ḡ=3.2, γE[v]=33.0, Q=36.2 (bayes)
2026-09-22 18:06:13,766 INFO: Plan 0: ḡ=0, γE[v]=0.0, Q=0.0 (fn)
2026-09-22 18:06:14,269 INFO: Plan 1: ḡ=0, γE[v]=0.0, Q=0.0 (fn)
2026-09-22 18:06:14,571 INFO: Plan 2: ḡ=0, γE[v]=0.0, Q=0.0 (fn)
2026-09-22 18:06:14,572 INFO: Plan 0: ḡ=0.0, γE[v]=0.0, Q=0.0 (bayes)
2026-09-22 18:06:14,572 INFO: Plan 1: ḡ=0.0, γE[v]=0.0, Q=0.0 (bayes)
2026-09-22 18:06:14,572 INFO: Plan 2: ḡ=0.0, γE[v]=0.0, Q=0.0 (bayes)
2026-09-22 18:06:14,614 INFO: Plan 2: ḡ=0, γE[v]=0.0, Q=0.0 (fn)
2026-09-22 18:06:14,969 INFO: Plan 0: ḡ=7, γE[v]=0.0, Q=7.0 (fn)
2026-09-22 18:06:14,970 INFO: Plan 1: ḡ=4, γE[v]=0.0, Q=4.0 (fn)
2026-09-22 18:06:14,970 INFO: Plan 0: ḡ=2.3, γE[v]=0.5, Q=2.8 (bayes)
2026-09-22 18:06:14,970 INFO: Plan 1: ḡ=1.0, γE[v]=1.2, Q=2.2 (bayes)
2026-09-22 18:06:14,970 INFO: Plan 2: ḡ=0.0, γE[v]=1.7, Q=1.7 (bayes)
2026-09-22 18:06:16,105 INFO: Plan 0: ḡ=2, γE[v]=0.0, Q=2.0 (fn)
2026-09-22 18:06:17,016 INFO: Plan 1: ḡ=6, γE[v]=0.0, Q=6.0 (fn)
  [18/93] flask.ctx seed=123: {'random': 2, 'greedy': 2, 'cov_greedy': 55, 'covqvalue2': 28}
2026-09-22 18:06:17,357 INFO: Plan 2: ḡ=6, γE[v]=0.0, Q=6.0 (fn)
2026-09-22 18:06:17,358 INFO: Plan 0: ḡ=0.3, γE[v]=0.3, Q=0.6 (bayes)
2026-09-22 18:06:17,358 INFO: Plan 1: ḡ=0.9, γE[v]=0.0, Q=0.9 (bayes)
2026-09-22 18:06:17,358 INFO: Plan 2: ḡ=0.9, γE[v]=0.0, Q=0.9 (bayes)
2026-09-22 18:06:18,311 INFO: Plan 0: ḡ=13, γE[v]=0.0, Q=13.0 (fn)
2026-09-22 18:06:20,741 INFO: Plan 2: ḡ=54, γE[v]=0.0, Q=54.0 (fn)
2026-09-22 18:06:24,231 INFO: Plan 0: ḡ=0, γE[v]=0.0, Q=0.0 (fn)
2026-09-22 18:06:25,014 INFO: Plan 1: ḡ=0, γE[v]=0.0, Q=0.0 (fn)
2026-09-22 18:06:25,211 INFO: Plan 2: ḡ=0, γE[v]=0.0, Q=0.0 (fn)
2026-09-22 18:06:25,211 INFO: Plan 0: ḡ=0.0, γE[v]=0.0, Q=0.0 (bayes)
2026-09-22 18:06:25,211 INFO: Plan 1: ḡ=0.0, γE[v]=0.0, Q=0.0 (bayes)
2026-09-22 18:06:25,211 INFO: Plan 2: ḡ=0.0, γE[v]=0.0, Q=0.0 (bayes)
2026-09-22 18:06:26,228 INFO: Plan 1: ḡ=43, γE[v]=9.0, Q=52.0 (fn)
2026-09-22 18:06:26,228 INFO: Plan 0: ḡ=6.5, γE[v]=62.2, Q=68.7 (bayes)
2026-09-22 18:06:26,229 INFO: Plan 1: ḡ=21.5, γE[v]=55.1, Q=76.6 (bayes)
2026-09-22 18:06:26,229 INFO: Plan 2: ḡ=24.2, γE[v]=53.3, Q=77.6 (bayes)
  [19/93] click.termui seed=123: {'random': 11, 'greedy': 7, 'cov_greedy': 0, 'covqvalue2': 47}
2026-09-22 18:06:28,177 INFO: Plan 0: ḡ=21, γE[v]=0.0, Q=21.0 (fn)
2026-09-22 18:06:28,515 INFO: Plan 2: ḡ=4, γE[v]=0.0, Q=4.0 (fn)
2026-09-22 18:06:29,043 INFO: Plan 0: ḡ=6, γE[v]=0.0, Q=6.0 (fn)
2026-09-22 18:06:29,220 INFO: Plan 2: ḡ=33, γE[v]=0.0, Q=33.0 (fn)
2026-09-22 18:06:29,870 INFO: Plan 1: ḡ=33, γE[v]=0.0, Q=33.0 (fn)
2026-09-22 18:06:29,871 INFO: Plan 0: ḡ=9.6, γE[v]=40.3, Q=49.9 (bayes)
2026-09-22 18:06:29,871 INFO: Plan 1: ḡ=15.6, γE[v]=37.3, Q=52.9 (bayes)
2026-09-22 18:06:29,871 INFO: Plan 2: ḡ=9.9, γE[v]=40.1, Q=50.1 (bayes)
2026-09-22 18:06:29,918 INFO: Plan 1: ḡ=25, γE[v]=0.0, Q=25.0 (fn)
2026-09-22 18:06:30,704 INFO: Plan 1: ḡ=2, γE[v]=2.0, Q=4.0 (fn)
2026-09-22 18:06:30,705 INFO: Plan 0: ḡ=1.0, γE[v]=0.5, Q=1.5 (bayes)
2026-09-22 18:06:30,705 INFO: Plan 1: ḡ=0.3, γE[v]=1.0, Q=1.3 (bayes)
2026-09-22 18:06:30,705 INFO: Plan 2: ḡ=1.0, γE[v]=0.5, Q=1.5 (bayes)
2026-09-22 18:06:30,893 INFO: Plan 2: ḡ=46, γE[v]=7.5, Q=53.5 (fn)
  [20/93] jinja2.utils seed=123: {'random': 11, 'greedy': 10, 'cov_greedy': 10, 'covqvalue2': 85}
2026-09-22 18:06:34,839 INFO: Plan 1: ḡ=0, γE[v]=0.0, Q=0.0 (fn)
2026-09-22 18:06:34,840 INFO: Plan 0: ḡ=0, γE[v]=0.0, Q=0.0 (fn)
2026-09-22 18:06:35,011 INFO: Plan 2: ḡ=0, γE[v]=0.0, Q=0.0 (fn)
2026-09-22 18:06:35,011 INFO: Plan 0: ḡ=0.0, γE[v]=0.0, Q=0.0 (bayes)
2026-09-22 18:06:35,011 INFO: Plan 1: ḡ=0.0, γE[v]=0.0, Q=0.0 (bayes)
2026-09-22 18:06:35,012 INFO: Plan 2: ḡ=0.0, γE[v]=0.0, Q=0.0 (bayes)
2026-09-22 18:06:36,051 INFO: Plan 0: ḡ=26, γE[v]=36.0, Q=62.0 (fn)
2026-09-22 18:06:36,053 INFO: Plan 0: ḡ=3.3, γE[v]=7.0, Q=10.2 (bayes)
2026-09-22 18:06:36,053 INFO: Plan 1: ḡ=3.0, γE[v]=4.2, Q=7.2 (bayes)
2026-09-22 18:06:36,053 INFO: Plan 2: ḡ=5.1, γE[v]=3.8, Q=8.9 (bayes)
2026-09-22 18:06:37,713 INFO: Plan 0: ḡ=108, γE[v]=93.5, Q=201.5 (fn)
  [21/93] click.shell_completion seed=123: {'random': 4, 'greedy': 4, 'cov_greedy': 8, 'covqvalue2': 12}
2026-09-22 18:06:38,138 INFO: Plan 1: ḡ=250, γE[v]=33.5, Q=283.5 (fn)
2026-09-22 18:06:38,363 INFO: Plan 1: ḡ=7, γE[v]=0.0, Q=7.0 (fn)
2026-09-22 18:06:38,363 INFO: Plan 2: ḡ=29, γE[v]=0.0, Q=29.0 (fn)
2026-09-22 18:06:38,406 INFO: Plan 1: ḡ=17, γE[v]=0.0, Q=17.0 (fn)
2026-09-22 18:06:38,879 INFO: Plan 0: ḡ=21, γE[v]=0.0, Q=21.0 (fn)
2026-09-22 18:06:38,880 INFO: Plan 0: ḡ=6.9, γE[v]=7.7, Q=14.6 (bayes)
2026-09-22 18:06:38,880 INFO: Plan 1: ḡ=7.2, γE[v]=7.6, Q=14.8 (bayes)
2026-09-22 18:06:38,880 INFO: Plan 2: ḡ=8.9, γE[v]=6.7, Q=15.6 (bayes)
2026-09-22 18:06:39,201 INFO: Plan 0: ḡ=15, γE[v]=0.0, Q=15.0 (fn)
2026-09-22 18:06:40,032 INFO: Plan 0: ḡ=17, γE[v]=0.0, Q=17.0 (fn)
2026-09-22 18:06:40,168 INFO: Plan 2: ḡ=55, γE[v]=0.0, Q=55.0 (fn)
2026-09-22 18:06:40,169 INFO: Plan 2: ḡ=30, γE[v]=4.0, Q=34.0 (fn)
2026-09-22 18:06:40,170 INFO: Plan 0: ḡ=4.3, γE[v]=3.5, Q=7.9 (bayes)
2026-09-22 18:06:40,170 INFO: Plan 1: ḡ=2.3, γE[v]=4.5, Q=6.9 (bayes)
2026-09-22 18:06:40,170 INFO: Plan 2: ḡ=9.4, γE[v]=1.3, Q=10.7 (bayes)
2026-09-22 18:06:40,589 INFO: Plan 0: ḡ=0, γE[v]=0.0, Q=0.0 (fn)
2026-09-22 18:06:40,590 INFO: Plan 2: ḡ=0, γE[v]=0.0, Q=0.0 (fn)
2026-09-22 18:06:40,591 INFO: Plan 1: ḡ=0, γE[v]=0.0, Q=0.0 (fn)
2026-09-22 18:06:40,591 INFO: Plan 0: ḡ=0.0, γE[v]=0.0, Q=0.0 (bayes)
2026-09-22 18:06:40,591 INFO: Plan 1: ḡ=0.0, γE[v]=0.0, Q=0.0 (bayes)
2026-09-22 18:06:40,591 INFO: Plan 2: ḡ=0.0, γE[v]=0.0, Q=0.0 (bayes)
2026-09-22 18:06:40,943 INFO: Plan 1: ḡ=22, γE[v]=0.0, Q=22.0 (fn)
2026-09-22 18:06:40,944 INFO: Plan 0: ḡ=8.5, γE[v]=18.5, Q=27.0 (bayes)
2026-09-22 18:06:40,944 INFO: Plan 1: ḡ=9.5, γE[v]=18.0, Q=27.5 (bayes)
2026-09-22 18:06:40,944 INFO: Plan 2: ḡ=25.0, γE[v]=10.2, Q=35.2 (bayes)
  [22/93] jinja2.environment seed=123: {'random': 58, 'greedy': 58, 'cov_greedy': 49, 'covqvalue2': 133}
2026-09-22 18:06:41,354 INFO: Plan 1: ḡ=107, γE[v]=0.0, Q=107.0 (fn)
2026-09-22 18:06:41,920 INFO: Plan 0: ḡ=66, γE[v]=0.0, Q=66.0 (fn)
2026-09-22 18:06:42,591 INFO: Plan 2: ḡ=189, γE[v]=63.5, Q=252.5 (fn)
2026-09-22 18:06:42,591 INFO: Plan 0: ḡ=21.8, γE[v]=27.6, Q=49.4 (bayes)
2026-09-22 18:06:42,591 INFO: Plan 1: ḡ=50.0, γE[v]=9.2, Q=59.2 (bayes)
2026-09-22 18:06:42,591 INFO: Plan 2: ḡ=37.8, γE[v]=17.5, Q=55.3 (bayes)
2026-09-22 18:06:43,036 INFO: Plan 2: ḡ=186, γE[v]=0.0, Q=186.0 (fn)
2026-09-22 18:06:43,037 INFO: Plan 0: ḡ=26.7, γE[v]=36.5, Q=63.2 (bayes)
2026-09-22 18:06:43,037 INFO: Plan 1: ḡ=42.5, γE[v]=28.6, Q=71.1 (bayes)
2026-09-22 18:06:43,037 INFO: Plan 2: ḡ=56.7, γE[v]=21.5, Q=78.2 (bayes)
2026-09-22 18:06:44,751 INFO: Plan 0: ḡ=54, γE[v]=0.0, Q=54.0 (fn)
2026-09-22 18:06:45,554 INFO: Plan 2: ḡ=6, γE[v]=0.0, Q=6.0 (fn)
2026-09-22 18:06:45,871 INFO: Plan 2: ḡ=27, γE[v]=7.5, Q=34.5 (fn)
2026-09-22 18:06:46,062 INFO: Plan 2: ḡ=2, γE[v]=0.0, Q=2.0 (fn)
2026-09-22 18:06:46,215 INFO: Plan 0: ḡ=0, γE[v]=0.0, Q=0.0 (fn)
2026-09-22 18:06:46,776 INFO: Plan 1: ḡ=0, γE[v]=0.0, Q=0.0 (fn)
2026-09-22 18:06:46,909 INFO: Plan 2: ḡ=0, γE[v]=0.0, Q=0.0 (fn)
2026-09-22 18:06:46,909 INFO: Plan 0: ḡ=0.0, γE[v]=0.0, Q=0.0 (bayes)
2026-09-22 18:06:46,909 INFO: Plan 1: ḡ=0.0, γE[v]=0.0, Q=0.0 (bayes)
2026-09-22 18:06:46,909 INFO: Plan 2: ḡ=0.0, γE[v]=0.0, Q=0.0 (bayes)
2026-09-22 18:06:47,396 INFO: Plan 0: ḡ=20, γE[v]=0.0, Q=20.0 (fn)
2026-09-22 18:06:47,437 INFO: Plan 1: ḡ=9, γE[v]=0.0, Q=9.0 (fn)
2026-09-22 18:06:47,438 INFO: Plan 0: ḡ=7.8, γE[v]=1.6, Q=9.4 (bayes)
2026-09-22 18:06:47,438 INFO: Plan 1: ḡ=2.9, γE[v]=4.0, Q=7.0 (bayes)
2026-09-22 18:06:47,438 INFO: Plan 2: ḡ=0.7, γE[v]=5.2, Q=5.8 (bayes)
  [23/93] click.exceptions seed=123: {'random': 1, 'greedy': 1, 'cov_greedy': 15, 'covqvalue2': 37}
2026-09-22 18:06:50,200 INFO: Plan 1: ḡ=2, γE[v]=0.0, Q=2.0 (fn)
2026-09-22 18:06:50,201 INFO: Plan 2: ḡ=2, γE[v]=0.0, Q=2.0 (fn)
2026-09-22 18:06:50,633 INFO: Plan 0: ḡ=1, γE[v]=0.5, Q=1.5 (fn)
2026-09-22 18:06:50,634 INFO: Plan 0: ḡ=0.1, γE[v]=0.1, Q=0.2 (bayes)
2026-09-22 18:06:50,634 INFO: Plan 1: ḡ=0.3, γE[v]=0.0, Q=0.3 (bayes)
2026-09-22 18:06:50,634 INFO: Plan 2: ḡ=0.3, γE[v]=0.0, Q=0.3 (bayes)
2026-09-22 18:06:51,258 INFO: Plan 1: ḡ=201, γE[v]=2.5, Q=203.5 (fn)
2026-09-22 18:06:52,640 INFO: Plan 1: ḡ=77, γE[v]=53.5, Q=130.5 (fn)
2026-09-22 18:06:52,640 INFO: Plan 0: ḡ=13.5, γE[v]=27.0, Q=40.5 (bayes)
2026-09-22 18:06:52,640 INFO: Plan 1: ḡ=18.4, γE[v]=27.7, Q=46.0 (bayes)
2026-09-22 18:06:52,640 INFO: Plan 2: ḡ=13.5, γE[v]=27.3, Q=40.8 (bayes)
2026-09-22 18:06:54,169 INFO: Plan 0: ḡ=180, γE[v]=12.5, Q=192.5 (fn)
2026-09-22 18:06:54,169 INFO: Plan 0: ḡ=26.0, γE[v]=3.4, Q=29.4 (bayes)
2026-09-22 18:06:54,169 INFO: Plan 1: ḡ=29.2, γE[v]=1.0, Q=30.2 (bayes)
2026-09-22 18:06:54,169 INFO: Plan 2: ḡ=1.9, γE[v]=14.5, Q=16.4 (bayes)
2026-09-22 18:06:57,473 INFO: Plan 0: ḡ=41, γE[v]=0.0, Q=41.0 (fn)
2026-09-22 18:06:57,687 INFO: Plan 1: ḡ=52, γE[v]=0.0, Q=52.0 (fn)
2026-09-22 18:06:58,442 INFO: Plan 2: ḡ=48, γE[v]=0.0, Q=48.0 (fn)
2026-09-22 18:06:58,445 INFO: Plan 0: ḡ=19.2, γE[v]=21.9, Q=41.1 (bayes)
2026-09-22 18:06:58,446 INFO: Plan 1: ḡ=19.8, γE[v]=21.6, Q=41.4 (bayes)
2026-09-22 18:06:58,446 INFO: Plan 2: ḡ=24.0, γE[v]=19.5, Q=43.5 (bayes)
2026-09-22 18:06:59,927 INFO: Plan 0: ḡ=0, γE[v]=0.0, Q=0.0 (fn)
2026-09-22 18:07:00,111 INFO: Plan 2: ḡ=0, γE[v]=0.0, Q=0.0 (fn)
2026-09-22 18:07:00,113 INFO: Plan 1: ḡ=0, γE[v]=0.0, Q=0.0 (fn)
2026-09-22 18:07:00,114 INFO: Plan 0: ḡ=0.0, γE[v]=0.0, Q=0.0 (bayes)
2026-09-22 18:07:00,114 INFO: Plan 1: ḡ=0.0, γE[v]=0.0, Q=0.0 (bayes)
2026-09-22 18:07:00,114 INFO: Plan 2: ḡ=0.0, γE[v]=0.0, Q=0.0 (bayes)
2026-09-22 18:07:05,902 INFO: Plan 2: ḡ=108, γE[v]=0.0, Q=108.0 (fn)
2026-09-22 18:07:06,680 INFO: Plan 1: ḡ=44, γE[v]=32.0, Q=76.0 (fn)
2026-09-22 18:07:07,680 INFO: Plan 0: ḡ=38, γE[v]=35.0, Q=73.0 (fn)
2026-09-22 18:07:07,681 INFO: Plan 0: ḡ=12.7, γE[v]=13.8, Q=26.4 (bayes)
2026-09-22 18:07:07,681 INFO: Plan 1: ḡ=14.7, γE[v]=12.6, Q=27.2 (bayes)
2026-09-22 18:07:07,681 INFO: Plan 2: ḡ=36.0, γE[v]=0.0, Q=36.0 (bayes)
2026-09-22 18:07:07,905 INFO: Plan 1: ḡ=50, γE[v]=0.0, Q=50.0 (fn)
2026-09-22 18:07:07,906 INFO: Plan 0: ḡ=27, γE[v]=0.0, Q=27.0 (fn)
2026-09-22 18:07:08,628 INFO: Plan 2: ḡ=28, γE[v]=0.0, Q=28.0 (fn)
2026-09-22 18:07:08,629 INFO: Plan 0: ḡ=7.9, γE[v]=43.5, Q=51.5 (bayes)
2026-09-22 18:07:08,629 INFO: Plan 1: ḡ=20.5, γE[v]=37.2, Q=57.8 (bayes)
2026-09-22 18:07:08,629 INFO: Plan 2: ḡ=11.2, γE[v]=41.9, Q=53.1 (bayes)
2026-09-22 18:07:08,873 INFO: Plan 1: ḡ=3, γE[v]=0.0, Q=3.0 (fn)
2026-09-22 18:07:09,096 INFO: Plan 0: ḡ=9, γE[v]=0.0, Q=9.0 (fn)
2026-09-22 18:07:10,221 INFO: Plan 2: ḡ=29, γE[v]=0.0, Q=29.0 (fn)
2026-09-22 18:07:10,468 INFO: Plan 1: ḡ=45, γE[v]=0.0, Q=45.0 (fn)
2026-09-22 18:07:10,693 INFO: Plan 1: ḡ=0, γE[v]=0.0, Q=0.0 (fn)
2026-09-22 18:07:10,745 INFO: Plan 2: ḡ=0, γE[v]=0.0, Q=0.0 (fn)
2026-09-22 18:07:11,276 INFO: Plan 2: ḡ=23, γE[v]=0.0, Q=23.0 (fn)
2026-09-22 18:07:11,522 INFO: Plan 0: ḡ=50, γE[v]=0.0, Q=50.0 (fn)
2026-09-22 18:07:11,522 INFO: Plan 0: ḡ=20, γE[v]=0.0, Q=20.0 (fn)
2026-09-22 18:07:11,523 INFO: Plan 0: ḡ=25.0, γE[v]=77.7, Q=102.7 (bayes)
2026-09-22 18:07:11,523 INFO: Plan 1: ḡ=20.8, γE[v]=79.8, Q=100.6 (bayes)
2026-09-22 18:07:11,523 INFO: Plan 2: ḡ=14.5, γE[v]=83.0, Q=97.5 (bayes)
2026-09-22 18:07:11,553 INFO: Plan 0: ḡ=4, γE[v]=0.0, Q=4.0 (fn)
2026-09-22 18:07:11,554 INFO: Plan 0: ḡ=1.0, γE[v]=0.0, Q=1.0 (bayes)
2026-09-22 18:07:11,554 INFO: Plan 1: ḡ=0.0, γE[v]=0.5, Q=0.5 (bayes)
2026-09-22 18:07:11,554 INFO: Plan 2: ḡ=0.0, γE[v]=0.5, Q=0.5 (bayes)
2026-09-22 18:07:11,913 INFO: Plan 2: ḡ=53, γE[v]=0.0, Q=53.0 (fn)
2026-09-22 18:07:11,914 INFO: Plan 0: ḡ=6.1, γE[v]=3.7, Q=9.7 (bayes)
2026-09-22 18:07:11,914 INFO: Plan 1: ḡ=1.2, γE[v]=6.1, Q=7.3 (bayes)
2026-09-22 18:07:11,915 INFO: Plan 2: ḡ=13.4, γE[v]=0.0, Q=13.4 (bayes)
2026-09-22 18:07:12,728 INFO: Plan 2: ḡ=3, γE[v]=0.0, Q=3.0 (fn)
  [24/93] jinja2.loaders seed=123: {'random': 24, 'greedy': 24, 'cov_greedy': 24, 'covqvalue2': 87}
2026-09-22 18:07:13,833 INFO: Plan 1: ḡ=50, γE[v]=0.0, Q=50.0 (fn)
2026-09-22 18:07:14,419 INFO: Plan 0: ḡ=17, γE[v]=0.0, Q=17.0 (fn)
2026-09-22 18:07:14,419 INFO: Plan 0: ḡ=6.3, γE[v]=34.7, Q=41.0 (bayes)
2026-09-22 18:07:14,420 INFO: Plan 1: ḡ=12.9, γE[v]=31.4, Q=44.3 (bayes)
2026-09-22 18:07:14,420 INFO: Plan 2: ḡ=1.5, γE[v]=37.1, Q=38.6 (bayes)
2026-09-22 18:07:15,985 INFO: Plan 0: ḡ=5, γE[v]=0.0, Q=5.0 (fn)
2026-09-22 18:07:16,030 INFO: Plan 1: ḡ=4, γE[v]=0.0, Q=4.0 (fn)
2026-09-22 18:07:16,344 INFO: Plan 1: ḡ=71, γE[v]=19.0, Q=90.0 (fn)
2026-09-22 18:07:16,345 INFO: Plan 0: ḡ=2.2, γE[v]=4.9, Q=7.2 (bayes)
2026-09-22 18:07:16,345 INFO: Plan 1: ḡ=7.9, γE[v]=3.6, Q=11.5 (bayes)
2026-09-22 18:07:16,345 INFO: Plan 2: ḡ=2.6, γE[v]=4.8, Q=7.3 (bayes)
2026-09-22 18:07:17,721 INFO: Plan 1: ḡ=19, γE[v]=5.0, Q=24.0 (fn)
2026-09-22 18:07:18,185 INFO: Plan 2: ḡ=27, γE[v]=1.5, Q=28.5 (fn)
2026-09-22 18:07:18,186 INFO: Plan 0: ḡ=1.1, γE[v]=3.7, Q=4.7 (bayes)
2026-09-22 18:07:18,186 INFO: Plan 1: ḡ=0.8, γE[v]=3.8, Q=4.6 (bayes)
2026-09-22 18:07:18,186 INFO: Plan 2: ḡ=6.6, γE[v]=1.0, Q=7.6 (bayes)
  [25/93] flask.config seed=123: {'random': 28, 'greedy': 29, 'cov_greedy': 25, 'covqvalue2': 25}
2026-09-22 18:07:19,019 INFO: Plan 2: ḡ=33, γE[v]=0.5, Q=33.5 (fn)
2026-09-22 18:07:21,861 INFO: Plan 0: ḡ=15, γE[v]=9.0, Q=24.0 (fn)
2026-09-22 18:07:21,862 INFO: Plan 0: ḡ=3.9, γE[v]=3.0, Q=6.9 (bayes)
2026-09-22 18:07:21,862 INFO: Plan 1: ḡ=4.8, γE[v]=2.3, Q=7.1 (bayes)
2026-09-22 18:07:21,862 INFO: Plan 2: ḡ=8.4, γE[v]=0.2, Q=8.6 (bayes)
2026-09-22 18:07:26,673 INFO: Plan 0: ḡ=62, γE[v]=0.0, Q=62.0 (fn)
2026-09-22 18:07:26,973 INFO: Plan 2: ḡ=7, γE[v]=0.0, Q=7.0 (fn)
2026-09-22 18:07:28,801 INFO: Plan 0: ḡ=2, γE[v]=0.0, Q=2.0 (fn)
2026-09-22 18:07:28,802 INFO: Plan 0: ḡ=16, γE[v]=0.0, Q=16.0 (fn)
2026-09-22 18:07:29,329 INFO: Plan 1: ḡ=13, γE[v]=0.0, Q=13.0 (fn)
2026-09-22 18:07:29,866 INFO: Plan 2: ḡ=43, γE[v]=0.0, Q=43.0 (fn)
2026-09-22 18:07:29,867 INFO: Plan 0: ḡ=8.0, γE[v]=11.1, Q=19.1 (bayes)
2026-09-22 18:07:29,867 INFO: Plan 1: ḡ=5.3, γE[v]=12.4, Q=17.8 (bayes)
2026-09-22 18:07:29,867 INFO: Plan 2: ḡ=16.3, γE[v]=6.9, Q=23.2 (bayes)
2026-09-22 18:07:30,081 INFO: Plan 1: ḡ=6, γE[v]=0.0, Q=6.0 (fn)
2026-09-22 18:07:30,082 INFO: Plan 2: ḡ=6, γE[v]=0.0, Q=6.0 (fn)
2026-09-22 18:07:30,082 INFO: Plan 0: ḡ=0.2, γE[v]=0.2, Q=0.5 (bayes)
2026-09-22 18:07:30,082 INFO: Plan 1: ḡ=0.8, γE[v]=0.0, Q=0.8 (bayes)
2026-09-22 18:07:30,083 INFO: Plan 2: ḡ=0.8, γE[v]=0.0, Q=0.8 (bayes)
2026-09-22 18:07:30,167 INFO: Plan 1: ḡ=27, γE[v]=7.5, Q=34.5 (fn)
2026-09-22 18:07:30,168 INFO: Plan 0: ḡ=12.4, γE[v]=26.8, Q=39.2 (bayes)
2026-09-22 18:07:30,168 INFO: Plan 1: ḡ=8.1, γE[v]=29.5, Q=37.6 (bayes)
2026-09-22 18:07:30,168 INFO: Plan 2: ḡ=3.2, γE[v]=31.4, Q=34.6 (bayes)
2026-09-22 18:07:30,380 INFO: Plan 2: ḡ=0, γE[v]=0.0, Q=0.0 (fn)
2026-09-22 18:07:30,731 INFO: Plan 0: ḡ=0, γE[v]=0.0, Q=0.0 (fn)
2026-09-22 18:07:30,775 INFO: Plan 1: ḡ=0, γE[v]=0.0, Q=0.0 (fn)
2026-09-22 18:07:30,775 INFO: Plan 0: ḡ=0.0, γE[v]=0.0, Q=0.0 (bayes)
2026-09-22 18:07:30,776 INFO: Plan 1: ḡ=0.0, γE[v]=0.0, Q=0.0 (bayes)
2026-09-22 18:07:30,776 INFO: Plan 2: ḡ=0.0, γE[v]=0.0, Q=0.0 (bayes)
2026-09-22 18:07:30,949 INFO: Plan 2: ḡ=2, γE[v]=0.0, Q=2.0 (fn)
2026-09-22 18:07:31,750 INFO: Plan 0: ḡ=7, γE[v]=0.0, Q=7.0 (fn)
  [26/93] rich.text seed=123: {'random': 26, 'greedy': 27, 'cov_greedy': 30, 'covqvalue2': 197}
  [27/93] jinja2.runtime seed=123: {'random': 66, 'greedy': 66, 'cov_greedy': 66, 'covqvalue2': 100}
  [28/93] flask.json.tag seed=123: {'random': 15, 'greedy': 17, 'cov_greedy': 20, 'covqvalue2': 23}
2026-09-22 18:07:33,583 INFO: Plan 1: ḡ=8, γE[v]=1.0, Q=9.0 (fn)
2026-09-22 18:07:33,585 INFO: Plan 0: ḡ=2.1, γE[v]=0.6, Q=2.7 (bayes)
2026-09-22 18:07:33,586 INFO: Plan 1: ḡ=2.4, γE[v]=0.5, Q=2.9 (bayes)
2026-09-22 18:07:33,586 INFO: Plan 2: ḡ=0.7, γE[v]=1.3, Q=2.0 (bayes)
  [29/93] flask.testing seed=123: {'random': 6, 'greedy': 6, 'cov_greedy': 9, 'covqvalue2': 30}
2026-09-22 18:07:34,013 INFO: Plan 2: ḡ=25, γE[v]=0.0, Q=25.0 (fn)
  [30/93] requests.models seed=123: {'random': 24, 'greedy': 24, 'cov_greedy': 28, 'covqvalue2': 144}
2026-09-22 18:07:37,210 INFO: Plan 0: ḡ=13, γE[v]=6.5, Q=19.5 (fn)
2026-09-22 18:07:37,695 INFO: Plan 0: ḡ=0, γE[v]=0.0, Q=0.0 (fn)
2026-09-22 18:07:37,822 INFO: Plan 1: ḡ=4, γE[v]=0.0, Q=4.0 (fn)
2026-09-22 18:07:38,000 INFO: Plan 0: ḡ=8, γE[v]=0.0, Q=8.0 (fn)
2026-09-22 18:07:38,000 INFO: Plan 2: ḡ=8, γE[v]=0.0, Q=8.0 (fn)
2026-09-22 18:07:38,001 INFO: Plan 0: ḡ=1.6, γE[v]=0.0, Q=1.6 (bayes)
2026-09-22 18:07:38,001 INFO: Plan 1: ḡ=0.8, γE[v]=0.4, Q=1.2 (bayes)
2026-09-22 18:07:38,001 INFO: Plan 2: ḡ=1.6, γE[v]=0.0, Q=1.6 (bayes)
2026-09-22 18:07:38,405 INFO: Plan 1: ḡ=0, γE[v]=0.0, Q=0.0 (fn)
2026-09-22 18:07:38,406 INFO: Plan 2: ḡ=0, γE[v]=0.0, Q=0.0 (fn)
2026-09-22 18:07:38,407 INFO: Plan 0: ḡ=0.0, γE[v]=0.0, Q=0.0 (bayes)
2026-09-22 18:07:38,407 INFO: Plan 1: ḡ=0.0, γE[v]=0.0, Q=0.0 (bayes)
2026-09-22 18:07:38,407 INFO: Plan 2: ḡ=0.0, γE[v]=0.0, Q=0.0 (bayes)
2026-09-22 18:07:40,830 INFO: Plan 1: ḡ=170, γE[v]=0.0, Q=170.0 (fn)
2026-09-22 18:07:40,831 INFO: Plan 0: ḡ=6.5, γE[v]=51.2, Q=57.7 (bayes)
2026-09-22 18:07:40,831 INFO: Plan 1: ḡ=79.0, γE[v]=14.6, Q=93.6 (bayes)
2026-09-22 18:07:40,831 INFO: Plan 2: ḡ=9.6, γE[v]=49.3, Q=58.9 (bayes)
  [31/93] flask.helpers seed=123: {'random': 3, 'greedy': 3, 'cov_greedy': 4, 'covqvalue2': 26}
2026-09-22 18:07:42,251 INFO: Plan 0: ḡ=28, γE[v]=0.0, Q=28.0 (fn)
2026-09-22 18:07:42,553 INFO: Plan 2: ḡ=36, γE[v]=0.0, Q=36.0 (fn)
2026-09-22 18:07:42,921 INFO: Plan 1: ḡ=33, γE[v]=0.0, Q=33.0 (fn)
2026-09-22 18:07:42,922 INFO: Plan 0: ḡ=13.0, γE[v]=36.0, Q=49.0 (bayes)
2026-09-22 18:07:42,922 INFO: Plan 1: ḡ=10.5, γE[v]=37.3, Q=47.8 (bayes)
2026-09-22 18:07:42,922 INFO: Plan 2: ḡ=10.4, γE[v]=37.3, Q=47.8 (bayes)
2026-09-22 18:07:46,207 INFO: Plan 2: ḡ=83, γE[v]=0.0, Q=83.0 (fn)
2026-09-22 18:07:47,392 INFO: Plan 1: ḡ=66, γE[v]=0.0, Q=66.0 (fn)
2026-09-22 18:07:47,626 INFO: Plan 0: ḡ=28, γE[v]=0.0, Q=28.0 (fn)
2026-09-22 18:07:47,627 INFO: Plan 0: ḡ=10.8, γE[v]=19.3, Q=30.1 (bayes)
2026-09-22 18:07:47,627 INFO: Plan 1: ḡ=22.0, γE[v]=13.7, Q=35.7 (bayes)
2026-09-22 18:07:47,627 INFO: Plan 2: ḡ=16.6, γE[v]=16.4, Q=33.0 (bayes)
2026-09-22 18:07:49,015 INFO: Plan 0: ḡ=50, γE[v]=0.0, Q=50.0 (fn)
2026-09-22 18:07:49,716 INFO: Plan 0: ḡ=1, γE[v]=0.0, Q=1.0 (fn)
2026-09-22 18:07:49,777 INFO: Plan 2: ḡ=22, γE[v]=0.0, Q=22.0 (fn)
2026-09-22 18:07:50,239 INFO: Plan 1: ḡ=2, γE[v]=0.0, Q=2.0 (fn)
2026-09-22 18:07:50,239 INFO: Plan 2: ḡ=2, γE[v]=0.0, Q=2.0 (fn)
2026-09-22 18:07:50,240 INFO: Plan 0: ḡ=0.1, γE[v]=0.1, Q=0.2 (bayes)
2026-09-22 18:07:50,240 INFO: Plan 1: ḡ=0.2, γE[v]=0.0, Q=0.2 (bayes)
2026-09-22 18:07:50,240 INFO: Plan 2: ḡ=0.2, γE[v]=0.0, Q=0.2 (bayes)
2026-09-22 18:07:51,118 INFO: Plan 1: ḡ=59, γE[v]=23.5, Q=82.5 (fn)
2026-09-22 18:07:51,123 INFO: Plan 0: ḡ=10.3, γE[v]=13.8, Q=24.2 (bayes)
2026-09-22 18:07:51,125 INFO: Plan 1: ḡ=18.5, γE[v]=11.5, Q=30.0 (bayes)
2026-09-22 18:07:51,125 INFO: Plan 2: ḡ=10.8, γE[v]=13.6, Q=24.4 (bayes)
2026-09-22 18:07:51,206 INFO: Plan 2: ḡ=30, γE[v]=0.0, Q=30.0 (fn)
2026-09-22 18:07:51,447 INFO: Plan 0: ḡ=104, γE[v]=14.0, Q=118.0 (fn)
2026-09-22 18:07:52,216 INFO: Plan 0: ḡ=25, γE[v]=0.0, Q=25.0 (fn)
2026-09-22 18:07:52,217 INFO: Plan 0: ḡ=0, γE[v]=0.0, Q=0.0 (fn)
2026-09-22 18:07:52,217 INFO: Plan 2: ḡ=0, γE[v]=0.0, Q=0.0 (fn)
2026-09-22 18:07:52,648 INFO: Plan 1: ḡ=32, γE[v]=0.0, Q=32.0 (fn)
2026-09-22 18:07:52,648 INFO: Plan 0: ḡ=11.2, γE[v]=13.9, Q=25.1 (bayes)
2026-09-22 18:07:52,649 INFO: Plan 1: ḡ=14.8, γE[v]=12.1, Q=26.9 (bayes)
2026-09-22 18:07:52,649 INFO: Plan 2: ḡ=10.0, γE[v]=14.5, Q=24.5 (bayes)
2026-09-22 18:07:52,879 INFO: Plan 2: ḡ=5, γE[v]=0.0, Q=5.0 (fn)
2026-09-22 18:07:54,325 INFO: Plan 1: ḡ=0, γE[v]=0.0, Q=0.0 (fn)
2026-09-22 18:07:54,325 INFO: Plan 0: ḡ=0.0, γE[v]=0.0, Q=0.0 (bayes)
2026-09-22 18:07:54,325 INFO: Plan 1: ḡ=0.0, γE[v]=0.0, Q=0.0 (bayes)
2026-09-22 18:07:54,325 INFO: Plan 2: ḡ=0.0, γE[v]=0.0, Q=0.0 (bayes)
2026-09-22 18:07:56,234 INFO: Plan 0: ḡ=163, γE[v]=17.5, Q=180.5 (fn)
2026-09-22 18:07:56,323 INFO: Plan 2: ḡ=171, γE[v]=26.0, Q=197.0 (fn)
2026-09-22 18:07:57,375 INFO: Plan 1: ḡ=201, γE[v]=33.5, Q=234.5 (fn)
2026-09-22 18:07:57,376 INFO: Plan 0: ḡ=17.5, γE[v]=16.6, Q=34.1 (bayes)
2026-09-22 18:07:57,376 INFO: Plan 1: ḡ=33.5, γE[v]=10.1, Q=43.6 (bayes)
2026-09-22 18:07:57,376 INFO: Plan 2: ḡ=28.5, γE[v]=12.0, Q=40.5 (bayes)
2026-09-22 18:07:58,880 INFO: Plan 1: ḡ=200, γE[v]=2.5, Q=202.5 (fn)
2026-09-22 18:07:58,881 INFO: Plan 0: ḡ=20.6, γE[v]=4.4, Q=25.0 (bayes)
2026-09-22 18:07:58,881 INFO: Plan 1: ḡ=25.3, γE[v]=0.8, Q=26.1 (bayes)
2026-09-22 18:07:58,881 INFO: Plan 2: ḡ=1.2, γE[v]=12.7, Q=13.9 (bayes)
2026-09-22 18:08:02,655 INFO: Plan 1: ḡ=42, γE[v]=0.0, Q=42.0 (fn)
2026-09-22 18:08:03,771 INFO: Plan 2: ḡ=24, γE[v]=0.0, Q=24.0 (fn)
2026-09-22 18:08:04,406 INFO: Plan 0: ḡ=5, γE[v]=0.0, Q=5.0 (fn)
2026-09-22 18:08:04,455 INFO: Plan 1: ḡ=4, γE[v]=0.0, Q=4.0 (fn)
2026-09-22 18:08:04,456 INFO: Plan 0: ḡ=1.1, γE[v]=2.8, Q=3.8 (bayes)
2026-09-22 18:08:04,456 INFO: Plan 1: ḡ=0.7, γE[v]=2.9, Q=3.6 (bayes)
2026-09-22 18:08:04,456 INFO: Plan 2: ḡ=4.8, γE[v]=0.9, Q=5.7 (bayes)
2026-09-22 18:08:04,509 INFO: Plan 0: ḡ=27, γE[v]=0.0, Q=27.0 (fn)
2026-09-22 18:08:04,924 INFO: Plan 2: ḡ=3, γE[v]=0.0, Q=3.0 (fn)
2026-09-22 18:08:05,198 INFO: Plan 2: ḡ=39, γE[v]=0.0, Q=39.0 (fn)
2026-09-22 18:08:05,199 INFO: Plan 0: ḡ=7.9, γE[v]=35.4, Q=43.3 (bayes)
2026-09-22 18:08:05,200 INFO: Plan 1: ḡ=17.1, γE[v]=30.8, Q=47.9 (bayes)
2026-09-22 18:08:05,200 INFO: Plan 2: ḡ=13.6, γE[v]=32.6, Q=46.2 (bayes)
2026-09-22 18:08:06,460 INFO: Plan 1: ḡ=49, γE[v]=0.0, Q=49.0 (fn)
2026-09-22 18:08:06,965 INFO: Plan 0: ḡ=8, γE[v]=0.5, Q=8.5 (fn)
2026-09-22 18:08:06,967 INFO: Plan 0: ḡ=3.5, γE[v]=30.7, Q=34.2 (bayes)
2026-09-22 18:08:06,967 INFO: Plan 1: ḡ=14.2, γE[v]=25.3, Q=39.5 (bayes)
2026-09-22 18:08:06,967 INFO: Plan 2: ḡ=1.5, γE[v]=31.6, Q=33.1 (bayes)
  [32/93] requests.cookies seed=123: {'random': 8, 'greedy': 8, 'cov_greedy': 8, 'covqvalue2': 78}
2026-09-22 18:08:07,639 INFO: Plan 0: ḡ=32, γE[v]=0.0, Q=32.0 (fn)
  [33/93] click.core seed=123: {'random': 54, 'greedy': 187, 'cov_greedy': 67, 'covqvalue2': 313}
2026-09-22 18:08:08,642 INFO: Plan 1: ḡ=65, γE[v]=0.0, Q=65.0 (fn)
2026-09-22 18:08:10,631 INFO: Plan 0: ḡ=8, γE[v]=0.0, Q=8.0 (fn)
2026-09-22 18:08:10,879 INFO: Plan 1: ḡ=3, γE[v]=0.0, Q=3.0 (fn)
2026-09-22 18:08:11,597 INFO: Plan 2: ḡ=53, γE[v]=0.0, Q=53.0 (fn)
2026-09-22 18:08:11,597 INFO: Plan 0: ḡ=6.0, γE[v]=3.2, Q=9.2 (bayes)
2026-09-22 18:08:11,597 INFO: Plan 1: ḡ=1.2, γE[v]=5.6, Q=6.8 (bayes)
2026-09-22 18:08:11,597 INFO: Plan 2: ḡ=12.5, γE[v]=0.0, Q=12.5 (bayes)
2026-09-22 18:08:12,526 INFO: Plan 2: ḡ=6, γE[v]=0.0, Q=6.0 (fn)
2026-09-22 18:08:12,888 INFO: Plan 2: ḡ=60, γE[v]=3.0, Q=63.0 (fn)
2026-09-22 18:08:12,889 INFO: Plan 0: ḡ=11.5, γE[v]=76.5, Q=88.0 (bayes)
2026-09-22 18:08:12,890 INFO: Plan 1: ḡ=32.5, γE[v]=66.0, Q=98.5 (bayes)
2026-09-22 18:08:12,890 INFO: Plan 2: ḡ=30.0, γE[v]=67.3, Q=97.3 (bayes)
  [34/93] jinja2.filters seed=123: {'random': 126, 'greedy': 126, 'cov_greedy': 137, 'covqvalue2': 191}
2026-09-22 18:08:15,656 INFO: Plan 1: ḡ=48, γE[v]=0.0, Q=48.0 (fn)
2026-09-22 18:08:16,667 INFO: Plan 0: ḡ=40, γE[v]=4.0, Q=44.0 (fn)
2026-09-22 18:08:16,667 INFO: Plan 0: ḡ=10.0, γE[v]=1.3, Q=11.3 (bayes)
2026-09-22 18:08:16,667 INFO: Plan 1: ḡ=12.0, γE[v]=0.0, Q=12.0 (bayes)
2026-09-22 18:08:16,668 INFO: Plan 2: ḡ=1.5, γE[v]=5.2, Q=6.8 (bayes)
2026-09-22 18:08:19,562 INFO: Plan 0: ḡ=14, γE[v]=0.0, Q=14.0 (fn)
2026-09-22 18:08:22,558 INFO: Plan 1: ḡ=19, γE[v]=5.0, Q=24.0 (fn)
2026-09-22 18:08:25,243 INFO: Plan 2: ḡ=22, γE[v]=6.0, Q=28.0 (fn)
2026-09-22 18:08:25,243 INFO: Plan 0: ḡ=2.9, γE[v]=2.0, Q=4.9 (bayes)
2026-09-22 18:08:25,243 INFO: Plan 1: ḡ=3.8, γE[v]=1.9, Q=5.7 (bayes)
2026-09-22 18:08:25,243 INFO: Plan 2: ḡ=4.5, γE[v]=1.7, Q=6.1 (bayes)
2026-09-22 18:08:26,850 INFO: Plan 0: ḡ=0, γE[v]=0.0, Q=0.0 (fn)
2026-09-22 18:08:28,176 INFO: Plan 1: ḡ=0, γE[v]=0.0, Q=0.0 (fn)
2026-09-22 18:08:28,749 INFO: Plan 2: ḡ=0, γE[v]=0.0, Q=0.0 (fn)
2026-09-22 18:08:28,750 INFO: Plan 0: ḡ=0.0, γE[v]=0.0, Q=0.0 (bayes)
2026-09-22 18:08:28,750 INFO: Plan 1: ḡ=0.0, γE[v]=0.0, Q=0.0 (bayes)
2026-09-22 18:08:28,750 INFO: Plan 2: ḡ=0.0, γE[v]=0.0, Q=0.0 (bayes)
  [35/93] flask.json.provider seed=123: {'random': 37, 'greedy': 37, 'cov_greedy': 41, 'covqvalue2': 57}
2026-09-22 18:08:32,152 INFO: Plan 2: ḡ=0, γE[v]=0.0, Q=0.0 (fn)
2026-09-22 18:08:32,152 INFO: Plan 1: ḡ=0, γE[v]=0.0, Q=0.0 (fn)
2026-09-22 18:08:32,413 INFO: Plan 0: ḡ=0, γE[v]=0.0, Q=0.0 (fn)
2026-09-22 18:08:32,413 INFO: Plan 0: ḡ=0.0, γE[v]=0.0, Q=0.0 (bayes)
2026-09-22 18:08:32,413 INFO: Plan 1: ḡ=0.0, γE[v]=0.0, Q=0.0 (bayes)
2026-09-22 18:08:32,413 INFO: Plan 2: ḡ=0.0, γE[v]=0.0, Q=0.0 (bayes)
2026-09-22 18:08:35,616 INFO: Plan 1: ḡ=8, γE[v]=0.0, Q=8.0 (fn)
2026-09-22 18:08:36,230 INFO: Plan 0: ḡ=49, γE[v]=0.0, Q=49.0 (fn)
2026-09-22 18:08:36,446 INFO: Plan 2: ḡ=23, γE[v]=0.0, Q=23.0 (fn)
2026-09-22 18:08:38,618 INFO: Plan 2: ḡ=83, γE[v]=0.0, Q=83.0 (fn)
2026-09-22 18:08:39,301 INFO: Plan 1: ḡ=66, γE[v]=0.0, Q=66.0 (fn)
2026-09-22 18:08:39,650 INFO: Plan 1: ḡ=0, γE[v]=0.0, Q=0.0 (fn)
2026-09-22 18:08:39,651 INFO: Plan 2: ḡ=0, γE[v]=0.0, Q=0.0 (fn)
2026-09-22 18:08:39,651 INFO: Plan 0: ḡ=0, γE[v]=0.0, Q=0.0 (fn)
2026-09-22 18:08:39,652 INFO: Plan 0: ḡ=0.0, γE[v]=0.0, Q=0.0 (bayes)
2026-09-22 18:08:39,652 INFO: Plan 1: ḡ=0.0, γE[v]=0.0, Q=0.0 (bayes)
2026-09-22 18:08:39,652 INFO: Plan 2: ḡ=0.0, γE[v]=0.0, Q=0.0 (bayes)
2026-09-22 18:08:39,803 INFO: Plan 0: ḡ=28, γE[v]=0.0, Q=28.0 (fn)
2026-09-22 18:08:39,804 INFO: Plan 0: ḡ=10.8, γE[v]=16.6, Q=27.4 (bayes)
2026-09-22 18:08:39,804 INFO: Plan 1: ḡ=16.5, γE[v]=13.7, Q=30.2 (bayes)
2026-09-22 18:08:39,804 INFO: Plan 2: ḡ=16.6, γE[v]=13.7, Q=30.3 (bayes)
2026-09-22 18:08:39,924 INFO: Plan 2: ḡ=21, γE[v]=35.5, Q=56.5 (fn)
2026-09-22 18:08:39,925 INFO: Plan 0: ḡ=8.3, γE[v]=7.9, Q=16.2 (bayes)
2026-09-22 18:08:39,925 INFO: Plan 1: ḡ=2.2, γE[v]=10.9, Q=13.2 (bayes)
2026-09-22 18:08:39,926 INFO: Plan 2: ḡ=10.2, γE[v]=9.5, Q=19.7 (bayes)
2026-09-22 18:08:41,585 INFO: Plan 2: ḡ=30, γE[v]=0.0, Q=30.0 (fn)
2026-09-22 18:08:41,588 INFO: Plan 1: ḡ=19, γE[v]=9.5, Q=28.5 (fn)
2026-09-22 18:08:41,822 INFO: Plan 0: ḡ=13, γE[v]=10.0, Q=23.0 (fn)
2026-09-22 18:08:41,824 INFO: Plan 0: ḡ=4.3, γE[v]=38.4, Q=42.7 (bayes)
2026-09-22 18:08:41,824 INFO: Plan 1: ḡ=6.3, γE[v]=37.4, Q=43.7 (bayes)
2026-09-22 18:08:41,824 INFO: Plan 2: ḡ=8.3, γE[v]=35.8, Q=44.1 (bayes)
2026-09-22 18:08:42,594 INFO: Plan 1: ḡ=31, γE[v]=0.0, Q=31.0 (fn)
2026-09-22 18:08:42,654 INFO: Plan 0: ḡ=25, γE[v]=0.0, Q=25.0 (fn)
2026-09-22 18:08:42,654 INFO: Plan 0: ḡ=11.2, γE[v]=10.7, Q=21.8 (bayes)
2026-09-22 18:08:42,655 INFO: Plan 1: ḡ=11.3, γE[v]=10.6, Q=21.9 (bayes)
2026-09-22 18:08:42,655 INFO: Plan 2: ḡ=10.0, γE[v]=11.2, Q=21.2 (bayes)
2026-09-22 18:08:43,107 INFO: Plan 1: ḡ=34, γE[v]=0.0, Q=34.0 (fn)
2026-09-22 18:08:43,185 INFO: Plan 0: ḡ=46, γE[v]=0.0, Q=46.0 (fn)
2026-09-22 18:08:43,410 INFO: Plan 2: ḡ=72, γE[v]=0.0, Q=72.0 (fn)
2026-09-22 18:08:43,410 INFO: Plan 0: ḡ=18.8, γE[v]=30.5, Q=49.4 (bayes)
2026-09-22 18:08:43,411 INFO: Plan 1: ḡ=12.2, γE[v]=33.9, Q=46.0 (bayes)
2026-09-22 18:08:43,411 INFO: Plan 2: ḡ=18.1, γE[v]=30.9, Q=49.0 (bayes)
  [36/93] requests.utils seed=123: {'random': 5, 'greedy': 5, 'cov_greedy': 5, 'covqvalue2': 96}
2026-09-22 18:08:51,569 INFO: Plan 2: ḡ=5, γE[v]=0.0, Q=5.0 (fn)
2026-09-22 18:08:53,998 INFO: Plan 0: ḡ=198, γE[v]=0.0, Q=198.0 (fn)
2026-09-22 18:08:54,794 INFO: Plan 1: ḡ=201, γE[v]=1.0, Q=202.0 (fn)
2026-09-22 18:08:54,796 INFO: Plan 0: ḡ=22.2, γE[v]=0.6, Q=22.7 (bayes)
2026-09-22 18:08:54,796 INFO: Plan 1: ḡ=22.7, γE[v]=0.4, Q=23.1 (bayes)
2026-09-22 18:08:54,796 INFO: Plan 2: ḡ=1.0, γE[v]=11.2, Q=12.2 (bayes)
2026-09-22 18:08:55,811 INFO: Plan 2: ḡ=21, γE[v]=0.0, Q=21.0 (fn)
2026-09-22 18:08:56,008 INFO: Plan 1: ḡ=25, γE[v]=0.0, Q=25.0 (fn)
2026-09-22 18:08:56,491 INFO: Plan 0: ḡ=8, γE[v]=0.5, Q=8.5 (fn)
2026-09-22 18:08:56,492 INFO: Plan 0: ḡ=3.5, γE[v]=25.2, Q=28.7 (bayes)
2026-09-22 18:08:56,492 INFO: Plan 1: ḡ=5.1, γE[v]=24.4, Q=29.5 (bayes)
2026-09-22 18:08:56,492 INFO: Plan 2: ḡ=7.7, γE[v]=23.1, Q=30.8 (bayes)
2026-09-22 18:08:56,620 INFO: Plan 2: ḡ=171, γE[v]=22.0, Q=193.0 (fn)
  [37/93] requests.sessions seed=123: {'random': 11, 'greedy': 12, 'cov_greedy': 13, 'covqvalue2': 32}
2026-09-22 18:08:57,950 INFO: Plan 0: ḡ=104, γE[v]=93.5, Q=197.5 (fn)
2026-09-22 18:08:57,987 INFO: Plan 1: ḡ=224, γE[v]=33.5, Q=257.5 (fn)
2026-09-22 18:08:57,987 INFO: Plan 0: ḡ=15.5, γE[v]=20.6, Q=36.1 (bayes)
2026-09-22 18:08:57,987 INFO: Plan 1: ḡ=32.5, γE[v]=7.4, Q=40.0 (bayes)
2026-09-22 18:08:57,987 INFO: Plan 2: ḡ=25.0, γE[v]=10.3, Q=35.3 (bayes)
  [38/93] jinja2.compiler seed=123: {'random': 29, 'greedy': 29, 'cov_greedy': 29, 'covqvalue2': 296}
2026-09-22 18:09:02,123 INFO: Plan 1: ḡ=2, γE[v]=0.0, Q=2.0 (fn)
2026-09-22 18:09:03,252 INFO: Plan 2: ḡ=53, γE[v]=0.0, Q=53.0 (fn)
2026-09-22 18:09:03,348 INFO: Plan 0: ḡ=44, γE[v]=4.5, Q=48.5 (fn)
2026-09-22 18:09:03,349 INFO: Plan 0: ḡ=10.7, γE[v]=0.9, Q=11.6 (bayes)
2026-09-22 18:09:03,349 INFO: Plan 1: ḡ=0.3, γE[v]=5.7, Q=6.1 (bayes)
2026-09-22 18:09:03,349 INFO: Plan 2: ḡ=11.8, γE[v]=0.0, Q=11.8 (bayes)
2026-09-22 18:09:05,640 INFO: Plan 2: ḡ=4, γE[v]=0.0, Q=4.0 (fn)
2026-09-22 18:09:08,062 INFO: Plan 0: ḡ=42, γE[v]=0.0, Q=42.0 (fn)
2026-09-22 18:09:08,141 INFO: Plan 1: ḡ=46, γE[v]=0.0, Q=46.0 (fn)
2026-09-22 18:09:08,141 INFO: Plan 0: ḡ=8.4, γE[v]=0.4, Q=8.8 (bayes)
2026-09-22 18:09:08,141 INFO: Plan 1: ḡ=9.2, γE[v]=0.0, Q=9.2 (bayes)
2026-09-22 18:09:08,141 INFO: Plan 2: ḡ=0.8, γE[v]=4.2, Q=5.0 (bayes)
2026-09-22 18:09:15,099 INFO: Plan 2: ḡ=0, γE[v]=0.0, Q=0.0 (fn)
2026-09-22 18:09:15,101 INFO: Plan 0: ḡ=0, γE[v]=0.0, Q=0.0 (fn)
2026-09-22 18:09:17,244 INFO: Plan 0: ḡ=0, γE[v]=0.0, Q=0.0 (fn)
2026-09-22 18:09:17,245 INFO: Plan 1: ḡ=19, γE[v]=5.0, Q=24.0 (fn)
2026-09-22 18:09:17,342 INFO: Plan 1: ḡ=0, γE[v]=0.0, Q=0.0 (fn)
2026-09-22 18:09:17,343 INFO: Plan 2: ḡ=0, γE[v]=0.0, Q=0.0 (fn)
2026-09-22 18:09:17,345 INFO: Plan 0: ḡ=0.0, γE[v]=0.0, Q=0.0 (bayes)
2026-09-22 18:09:17,345 INFO: Plan 1: ḡ=0.0, γE[v]=0.0, Q=0.0 (bayes)
2026-09-22 18:09:17,345 INFO: Plan 2: ḡ=0.0, γE[v]=0.0, Q=0.0 (bayes)
2026-09-22 18:09:18,455 INFO: Plan 2: ḡ=30, γE[v]=2.0, Q=32.0 (fn)
2026-09-22 18:09:18,625 INFO: Plan 1: ḡ=0, γE[v]=0.0, Q=0.0 (fn)
2026-09-22 18:09:18,626 INFO: Plan 0: ḡ=0.0, γE[v]=0.0, Q=0.0 (bayes)
2026-09-22 18:09:18,626 INFO: Plan 1: ḡ=0.0, γE[v]=0.0, Q=0.0 (bayes)
2026-09-22 18:09:18,627 INFO: Plan 2: ḡ=0.0, γE[v]=0.0, Q=0.0 (bayes)
2026-09-22 18:09:20,071 INFO: Plan 0: ḡ=15, γE[v]=9.5, Q=24.5 (fn)
2026-09-22 18:09:20,072 INFO: Plan 0: ḡ=2.6, γE[v]=2.3, Q=4.9 (bayes)
2026-09-22 18:09:20,072 INFO: Plan 1: ḡ=3.2, γE[v]=1.7, Q=4.8 (bayes)
2026-09-22 18:09:20,072 INFO: Plan 2: ḡ=5.0, γE[v]=0.5, Q=5.5 (bayes)
  [39/93] flask.templating seed=123: {'random': 2, 'greedy': 2, 'cov_greedy': 0, 'covqvalue2': 57}
2026-09-22 18:09:22,773 INFO: Plan 2: ḡ=9, γE[v]=0.0, Q=9.0 (fn)
2026-09-22 18:09:23,041 INFO: Plan 0: ḡ=47, γE[v]=0.0, Q=47.0 (fn)
2026-09-22 18:09:24,516 INFO: Plan 1: ḡ=14, γE[v]=28.0, Q=42.0 (fn)
2026-09-22 18:09:24,524 INFO: Plan 0: ḡ=6.5, γE[v]=2.3, Q=8.8 (bayes)
2026-09-22 18:09:24,526 INFO: Plan 1: ḡ=2.8, γE[v]=6.3, Q=9.1 (bayes)
2026-09-22 18:09:24,526 INFO: Plan 2: ḡ=1.8, γE[v]=4.7, Q=6.5 (bayes)
2026-09-22 18:09:27,507 INFO: Plan 2: ḡ=83, γE[v]=0.0, Q=83.0 (fn)
2026-09-22 18:09:27,941 INFO: Plan 1: ḡ=66, γE[v]=0.0, Q=66.0 (fn)
2026-09-22 18:09:28,073 INFO: Plan 0: ḡ=28, γE[v]=0.0, Q=28.0 (fn)
2026-09-22 18:09:28,073 INFO: Plan 0: ḡ=10.8, γE[v]=15.2, Q=26.0 (bayes)
2026-09-22 18:09:28,073 INFO: Plan 1: ḡ=16.5, γE[v]=12.3, Q=28.8 (bayes)
2026-09-22 18:09:28,073 INFO: Plan 2: ḡ=13.8, γE[v]=13.7, Q=27.5 (bayes)
  [40/93] flask.cli seed=123: {'random': 70, 'greedy': 69, 'cov_greedy': 78, 'covqvalue2': 122}
2026-09-22 18:09:32,960 INFO: Plan 2: ḡ=31, γE[v]=0.0, Q=31.0 (fn)
2026-09-22 18:09:33,489 INFO: Plan 2: ḡ=33, γE[v]=0.0, Q=33.0 (fn)
2026-09-22 18:09:33,949 INFO: Plan 1: ḡ=34, γE[v]=0.0, Q=34.0 (fn)
2026-09-22 18:09:34,040 INFO: Plan 0: ḡ=46, γE[v]=0.0, Q=46.0 (fn)
2026-09-22 18:09:34,041 INFO: Plan 0: ḡ=13.2, γE[v]=30.5, Q=43.8 (bayes)
2026-09-22 18:09:34,041 INFO: Plan 1: ḡ=12.2, γE[v]=31.1, Q=43.3 (bayes)
2026-09-22 18:09:34,041 INFO: Plan 2: ḡ=9.9, γE[v]=32.2, Q=42.1 (bayes)
  [41/93] jinja2.nodes seed=123: {'random': 8, 'greedy': 8, 'cov_greedy': 10, 'covqvalue2': 40}
2026-09-22 18:09:37,222 INFO: Plan 0: ḡ=16, γE[v]=10.0, Q=26.0 (fn)
2026-09-22 18:09:38,134 INFO: Plan 1: ḡ=170, γE[v]=0.0, Q=170.0 (fn)
2026-09-22 18:09:38,135 INFO: Plan 0: ḡ=5.3, γE[v]=35.3, Q=40.6 (bayes)
2026-09-22 18:09:38,135 INFO: Plan 1: ḡ=53.7, γE[v]=10.5, Q=64.2 (bayes)
2026-09-22 18:09:38,135 INFO: Plan 2: ḡ=10.7, γE[v]=32.0, Q=42.7 (bayes)
2026-09-22 18:09:49,174 INFO: Plan 2: ḡ=4, γE[v]=0.0, Q=4.0 (fn)
2026-09-22 18:09:51,671 INFO: Plan 1: ḡ=46, γE[v]=0.0, Q=46.0 (fn)
2026-09-22 18:09:52,164 INFO: Plan 0: ḡ=40, γE[v]=3.0, Q=43.0 (fn)
2026-09-22 18:09:52,165 INFO: Plan 0: ḡ=6.7, γE[v]=0.7, Q=7.4 (bayes)
2026-09-22 18:09:52,165 INFO: Plan 1: ḡ=7.7, γE[v]=0.0, Q=7.7 (bayes)
2026-09-22 18:09:52,165 INFO: Plan 2: ḡ=0.7, γE[v]=3.5, Q=4.2 (bayes)
2026-09-22 18:09:54,892 INFO: Plan 1: ḡ=228, γE[v]=31.5, Q=259.5 (fn)
2026-09-22 18:09:55,136 INFO: Plan 0: ḡ=104, γE[v]=93.5, Q=197.5 (fn)
2026-09-22 18:09:55,657 INFO: Plan 1: ḡ=3, γE[v]=0.0, Q=3.0 (fn)
2026-09-22 18:09:56,305 INFO: Plan 2: ḡ=53, γE[v]=0.0, Q=53.0 (fn)
2026-09-22 18:09:56,904 INFO: Plan 2: ḡ=0, γE[v]=0.0, Q=0.0 (fn)
2026-09-22 18:09:56,906 INFO: Plan 1: ḡ=0, γE[v]=0.0, Q=0.0 (fn)
2026-09-22 18:09:56,907 INFO: Plan 0: ḡ=0, γE[v]=0.0, Q=0.0 (fn)
2026-09-22 18:09:56,908 INFO: Plan 0: ḡ=0.0, γE[v]=0.0, Q=0.0 (bayes)
2026-09-22 18:09:56,908 INFO: Plan 1: ḡ=0.0, γE[v]=0.0, Q=0.0 (bayes)
2026-09-22 18:09:56,908 INFO: Plan 2: ḡ=0.0, γE[v]=0.0, Q=0.0 (bayes)
2026-09-22 18:09:56,944 INFO: Plan 0: ḡ=9, γE[v]=22.0, Q=31.0 (fn)
2026-09-22 18:09:56,944 INFO: Plan 0: ḡ=6.4, γE[v]=4.2, Q=10.6 (bayes)
2026-09-22 18:09:56,944 INFO: Plan 1: ḡ=1.1, γE[v]=5.1, Q=6.2 (bayes)
2026-09-22 18:09:56,944 INFO: Plan 2: ḡ=11.3, γE[v]=0.0, Q=11.3 (bayes)
2026-09-22 18:09:56,988 INFO: Plan 2: ḡ=206, γE[v]=42.5, Q=248.5 (fn)
2026-09-22 18:09:56,988 INFO: Plan 0: ḡ=13.5, γE[v]=19.1, Q=32.5 (bayes)
2026-09-22 18:09:56,988 INFO: Plan 1: ḡ=29.0, γE[v]=6.4, Q=35.4 (bayes)
2026-09-22 18:09:56,989 INFO: Plan 2: ḡ=26.2, γE[v]=8.7, Q=34.9 (bayes)
2026-09-22 18:09:57,365 INFO: Plan 2: ḡ=9, γE[v]=0.0, Q=9.0 (fn)
2026-09-22 18:09:57,880 INFO: Plan 1: ḡ=47, γE[v]=4.5, Q=51.5 (fn)
2026-09-22 18:09:58,131 INFO: Plan 0: ḡ=35, γE[v]=10.5, Q=45.5 (fn)
2026-09-22 18:09:58,132 INFO: Plan 0: ḡ=4.4, γE[v]=2.2, Q=6.6 (bayes)
2026-09-22 18:09:58,132 INFO: Plan 1: ḡ=5.7, γE[v]=1.1, Q=6.8 (bayes)
2026-09-22 18:09:58,132 INFO: Plan 2: ḡ=1.5, γE[v]=2.9, Q=4.3 (bayes)
  [42/93] click.decorators seed=123: {'random': 32, 'greedy': 32, 'cov_greedy': 35, 'covqvalue2': 46}
  [43/93] rich.layout seed=123: {'random': 17, 'greedy': 17, 'cov_greedy': 19, 'covqvalue2': 63}
  [44/93] rich.segment seed=123: {'random': 56, 'greedy': 56, 'cov_greedy': 60, 'covqvalue2': 132}
2026-09-22 18:10:03,129 INFO: Plan 2: ḡ=30, γE[v]=0.0, Q=30.0 (fn)
2026-09-22 18:10:03,668 INFO: Plan 1: ḡ=22, γE[v]=3.5, Q=25.5 (fn)
2026-09-22 18:10:05,322 INFO: Plan 0: ḡ=16, γE[v]=9.0, Q=25.0 (fn)
2026-09-22 18:10:05,323 INFO: Plan 0: ḡ=2.3, γE[v]=2.0, Q=4.3 (bayes)
2026-09-22 18:10:05,323 INFO: Plan 1: ḡ=3.1, γE[v]=1.2, Q=4.3 (bayes)
2026-09-22 18:10:05,323 INFO: Plan 2: ḡ=4.3, γE[v]=0.3, Q=4.6 (bayes)
2026-09-22 18:10:19,992 INFO: Plan 2: ḡ=31, γE[v]=0.0, Q=31.0 (fn)
2026-09-22 18:10:24,471 INFO: Plan 0: ḡ=46, γE[v]=0.0, Q=46.0 (fn)
2026-09-22 18:10:24,545 INFO: Plan 1: ḡ=20, γE[v]=8.5, Q=28.5 (fn)
2026-09-22 18:10:24,546 INFO: Plan 0: ḡ=11.5, γE[v]=25.1, Q=36.6 (bayes)
2026-09-22 18:10:24,546 INFO: Plan 1: ḡ=5.0, γE[v]=28.9, Q=33.9 (bayes)
2026-09-22 18:10:24,546 INFO: Plan 2: ḡ=10.7, γE[v]=25.5, Q=36.2 (bayes)
2026-09-22 18:10:31,065 INFO: Plan 2: ḡ=43, γE[v]=0.0, Q=43.0 (fn)
2026-09-22 18:10:31,065 INFO: Plan 1: ḡ=42, γE[v]=0.5, Q=42.5 (fn)
2026-09-22 18:10:31,438 INFO: Plan 0: ḡ=40, γE[v]=1.5, Q=41.5 (fn)
2026-09-22 18:10:31,439 INFO: Plan 0: ḡ=5.7, γE[v]=0.3, Q=6.0 (bayes)
2026-09-22 18:10:31,439 INFO: Plan 1: ḡ=6.0, γE[v]=0.1, Q=6.1 (bayes)
2026-09-22 18:10:31,439 INFO: Plan 2: ḡ=6.1, γE[v]=0.0, Q=6.1 (bayes)
  [45/93] click.utils seed=123: {'random': 16, 'greedy': 14, 'cov_greedy': 16, 'covqvalue2': 46}
2026-09-22 18:10:40,977 INFO: Plan 0: ḡ=104, γE[v]=93.5, Q=197.5 (fn)
2026-09-22 18:10:41,016 INFO: Plan 1: ḡ=224, γE[v]=33.5, Q=257.5 (fn)
2026-09-22 18:10:42,095 INFO: Plan 2: ḡ=206, γE[v]=42.5, Q=248.5 (fn)
2026-09-22 18:10:42,096 INFO: Plan 0: ḡ=11.9, γE[v]=17.9, Q=29.8 (bayes)
2026-09-22 18:10:42,096 INFO: Plan 1: ḡ=25.2, γE[v]=6.4, Q=31.6 (bayes)
2026-09-22 18:10:42,096 INFO: Plan 2: ḡ=23.2, γE[v]=8.1, Q=31.4 (bayes)
  [46/93] click.parser seed=123: {'random': 19, 'greedy': 19, 'cov_greedy': 21, 'covqvalue2': 14}
2026-09-22 18:10:50,493 INFO: Plan 1: ḡ=19, γE[v]=5.0, Q=24.0 (fn)
2026-09-22 18:10:51,240 INFO: Plan 2: ḡ=30, γE[v]=2.0, Q=32.0 (fn)
2026-09-22 18:10:52,947 INFO: Plan 0: ḡ=15, γE[v]=9.5, Q=24.5 (fn)
2026-09-22 18:10:52,948 INFO: Plan 0: ḡ=2.0, γE[v]=1.9, Q=3.9 (bayes)
2026-09-22 18:10:52,948 INFO: Plan 1: ḡ=2.4, γE[v]=1.4, Q=3.8 (bayes)
2026-09-22 18:10:52,948 INFO: Plan 2: ḡ=3.8, γE[v]=0.5, Q=4.2 (bayes)
2026-09-22 18:11:04,049 INFO: Plan 0: ḡ=6, γE[v]=9.5, Q=15.5 (fn)
2026-09-22 18:11:04,097 INFO: Plan 1: ḡ=54, γE[v]=48.5, Q=102.5 (fn)
2026-09-22 18:11:06,484 INFO: Plan 2: ḡ=105, γE[v]=39.5, Q=144.5 (fn)
2026-09-22 18:11:06,485 INFO: Plan 0: ḡ=1.2, γE[v]=28.3, Q=29.5 (bayes)
2026-09-22 18:11:06,485 INFO: Plan 1: ḡ=12.2, γE[v]=25.5, Q=37.6 (bayes)
2026-09-22 18:11:06,485 INFO: Plan 2: ḡ=29.0, γE[v]=16.4, Q=45.5 (bayes)
  [47/93] rich.progress seed=123: {'random': 121, 'greedy': 121, 'cov_greedy': 128, 'covqvalue2': 142}
2026-09-22 18:11:35,455 INFO: Plan 1: ḡ=19, γE[v]=5.0, Q=24.0 (fn)
2026-09-22 18:11:36,767 INFO: Plan 2: ḡ=30, γE[v]=2.0, Q=32.0 (fn)
2026-09-22 18:11:37,622 INFO: Plan 0: ḡ=15, γE[v]=9.0, Q=24.0 (fn)
2026-09-22 18:11:37,622 INFO: Plan 0: ḡ=1.8, γE[v]=1.8, Q=3.5 (bayes)
2026-09-22 18:11:37,626 INFO: Plan 1: ḡ=2.1, γE[v]=1.3, Q=3.4 (bayes)
2026-09-22 18:11:37,629 INFO: Plan 2: ḡ=3.3, γE[v]=0.4, Q=3.8 (bayes)
  [48/93] jinja2.lexer seed=123: {'random': 9, 'greedy': 9, 'cov_greedy': 9, 'covqvalue2': 61}
2026-09-22 18:15:20,662 INFO: Plan 0: ḡ=94, γE[v]=0.0, Q=94.0 (fn)
2026-09-22 18:15:20,747 INFO: Plan 1: ḡ=90, γE[v]=0.0, Q=90.0 (fn)
2026-09-22 18:15:23,015 INFO: Plan 0: ḡ=36, γE[v]=47.0, Q=83.0 (fn)
2026-09-22 18:15:23,058 INFO: Plan 0: ḡ=16, γE[v]=0.0, Q=16.0 (fn)
2026-09-22 18:15:23,603 INFO: Plan 2: ḡ=133, γE[v]=61.5, Q=194.5 (fn)
2026-09-22 18:15:23,604 INFO: Plan 0: ḡ=47.0, γE[v]=40.5, Q=87.5 (bayes)
2026-09-22 18:15:23,604 INFO: Plan 1: ḡ=45.0, γE[v]=41.5, Q=86.5 (bayes)
2026-09-22 18:15:23,604 INFO: Plan 2: ḡ=66.5, γE[v]=33.5, Q=100.0 (bayes)
2026-09-22 18:15:24,518 INFO: Plan 2: ḡ=178, γE[v]=37.0, Q=215.0 (fn)
2026-09-22 18:15:24,530 INFO: Plan 1: ḡ=101, γE[v]=49.5, Q=150.5 (fn)
2026-09-22 18:15:24,534 INFO: Plan 0: ḡ=18.0, γE[v]=159.9, Q=177.9 (bayes)
2026-09-22 18:15:24,534 INFO: Plan 1: ḡ=50.5, γE[v]=143.7, Q=194.2 (bayes)
2026-09-22 18:15:24,534 INFO: Plan 2: ḡ=89.0, γE[v]=123.9, Q=212.9 (bayes)
2026-09-22 18:15:29,803 INFO: Plan 1: ḡ=140, γE[v]=116.5, Q=256.5 (fn)
2026-09-22 18:15:35,284 INFO: Plan 2: ḡ=493, γE[v]=77.0, Q=570.0 (fn)
2026-09-22 18:15:35,285 INFO: Plan 0: ḡ=8.0, γE[v]=241.5, Q=249.5 (bayes)
2026-09-22 18:15:35,285 INFO: Plan 1: ḡ=70.0, γE[v]=215.7, Q=285.7 (bayes)
2026-09-22 18:15:35,285 INFO: Plan 2: ḡ=246.5, γE[v]=125.7, Q=372.2 (bayes)
2026-09-22 18:15:46,188 INFO: Plan 2: ḡ=14, γE[v]=0.0, Q=14.0 (fn)
2026-09-22 18:15:49,850 INFO: Plan 0: ḡ=78, γE[v]=0.0, Q=78.0 (fn)
2026-09-22 18:15:49,850 INFO: Plan 1: ḡ=78, γE[v]=0.0, Q=78.0 (fn)
2026-09-22 18:15:49,851 INFO: Plan 0: ḡ=39.0, γE[v]=0.0, Q=39.0 (bayes)
2026-09-22 18:15:49,851 INFO: Plan 1: ḡ=39.0, γE[v]=0.0, Q=39.0 (bayes)
2026-09-22 18:15:49,851 INFO: Plan 2: ḡ=7.0, γE[v]=16.0, Q=23.0 (bayes)
2026-09-22 18:16:12,893 INFO: Plan 2: ḡ=56, γE[v]=16.0, Q=72.0 (fn)
2026-09-22 18:16:13,386 INFO: Plan 1: ḡ=70, γE[v]=0.0, Q=70.0 (fn)
2026-09-22 18:16:13,386 INFO: Plan 2: ḡ=74, γE[v]=0.0, Q=74.0 (fn)
2026-09-22 18:16:13,519 INFO: Plan 1: ḡ=40, γE[v]=24.0, Q=64.0 (fn)
2026-09-22 18:16:14,226 INFO: Plan 0: ḡ=54, γE[v]=34.5, Q=88.5 (fn)
2026-09-22 18:16:14,227 INFO: Plan 0: ḡ=27.0, γE[v]=22.3, Q=49.3 (bayes)
2026-09-22 18:16:14,227 INFO: Plan 1: ḡ=20.0, γE[v]=25.3, Q=45.3 (bayes)
2026-09-22 18:16:14,228 INFO: Plan 2: ḡ=28.0, γE[v]=21.0, Q=49.0 (bayes)
2026-09-22 18:16:14,315 INFO: Plan 0: ḡ=77, γE[v]=41.5, Q=118.5 (fn)
2026-09-22 18:16:14,316 INFO: Plan 0: ḡ=38.5, γE[v]=22.6, Q=61.1 (bayes)
2026-09-22 18:16:14,316 INFO: Plan 1: ḡ=35.0, γE[v]=22.5, Q=57.5 (bayes)
2026-09-22 18:16:14,316 INFO: Plan 2: ḡ=37.0, γE[v]=21.5, Q=58.5 (bayes)
2026-09-22 18:16:17,801 INFO: Plan 1: ḡ=22, γE[v]=0.0, Q=22.0 (fn)
2026-09-22 18:16:17,802 INFO: Plan 0: ḡ=94, γE[v]=0.0, Q=94.0 (fn)
2026-09-22 18:16:19,054 INFO: Plan 2: ḡ=76, γE[v]=0.0, Q=76.0 (fn)
2026-09-22 18:16:19,054 INFO: Plan 0: ḡ=31.3, γE[v]=14.5, Q=45.8 (bayes)
2026-09-22 18:16:19,054 INFO: Plan 1: ḡ=7.3, γE[v]=26.5, Q=33.8 (bayes)
2026-09-22 18:16:19,054 INFO: Plan 2: ḡ=30.3, γE[v]=15.0, Q=45.3 (bayes)
2026-09-22 18:16:30,316 INFO: Plan 0: ḡ=29, γE[v]=17.0, Q=46.0 (fn)
2026-09-22 18:16:30,885 INFO: Plan 2: ḡ=66, γE[v]=0.0, Q=66.0 (fn)
2026-09-22 18:16:33,165 INFO: Plan 1: ḡ=20, γE[v]=18.0, Q=38.0 (fn)
2026-09-22 18:16:33,166 INFO: Plan 0: ḡ=14.5, γE[v]=86.2, Q=100.7 (bayes)
2026-09-22 18:16:33,166 INFO: Plan 1: ḡ=7.0, γE[v]=90.2, Q=97.2 (bayes)
2026-09-22 18:16:33,166 INFO: Plan 2: ḡ=31.7, γE[v]=76.8, Q=108.5 (bayes)
2026-09-22 18:16:38,383 INFO: Plan 2: ḡ=12, γE[v]=0.0, Q=12.0 (fn)
2026-09-22 18:16:38,704 INFO: Plan 0: ḡ=22, γE[v]=0.0, Q=22.0 (fn)
2026-09-22 18:16:39,852 INFO: Plan 1: ḡ=99, γE[v]=0.0, Q=99.0 (fn)
2026-09-22 18:16:40,235 INFO: Plan 0: ḡ=62, γE[v]=0.0, Q=62.0 (fn)
2026-09-22 18:16:40,372 INFO: Plan 2: ḡ=84, γE[v]=0.0, Q=84.0 (fn)
2026-09-22 18:16:40,374 INFO: Plan 0: ḡ=23.3, γE[v]=54.1, Q=77.4 (bayes)
2026-09-22 18:16:40,374 INFO: Plan 1: ḡ=45.7, γE[v]=42.9, Q=88.6 (bayes)
2026-09-22 18:16:40,374 INFO: Plan 2: ḡ=30.8, γE[v]=50.3, Q=81.2 (bayes)
2026-09-22 18:16:41,260 INFO: Plan 1: ḡ=33, γE[v]=0.0, Q=33.0 (fn)
2026-09-22 18:16:41,261 INFO: Plan 0: ḡ=7.7, γE[v]=1.8, Q=9.5 (bayes)
2026-09-22 18:16:41,261 INFO: Plan 1: ḡ=11.3, γE[v]=0.0, Q=11.3 (bayes)
2026-09-22 18:16:41,261 INFO: Plan 2: ḡ=4.0, γE[v]=3.7, Q=7.7 (bayes)
2026-09-22 18:16:44,645 INFO: Plan 1: ḡ=171, γE[v]=0.0, Q=171.0 (fn)
2026-09-22 18:16:47,768 INFO: Plan 2: ḡ=15, γE[v]=0.0, Q=15.0 (fn)
2026-09-22 18:16:48,046 INFO: Plan 1: ḡ=57, γE[v]=0.0, Q=57.0 (fn)
2026-09-22 18:16:48,047 INFO: Plan 0: ḡ=45, γE[v]=0.0, Q=45.0 (fn)
2026-09-22 18:16:48,047 INFO: Plan 0: ḡ=15.0, γE[v]=12.0, Q=27.0 (bayes)
2026-09-22 18:16:48,047 INFO: Plan 1: ḡ=19.0, γE[v]=10.0, Q=29.0 (bayes)
2026-09-22 18:16:48,048 INFO: Plan 2: ḡ=5.0, γE[v]=17.0, Q=22.0 (bayes)
2026-09-22 18:16:53,186 INFO: Plan 0: ḡ=74, γE[v]=98.5, Q=172.5 (fn)
2026-09-22 18:16:54,418 INFO: Plan 2: ḡ=121, γE[v]=102.0, Q=223.0 (fn)
2026-09-22 18:16:54,419 INFO: Plan 0: ḡ=37.0, γE[v]=153.9, Q=190.9 (bayes)
2026-09-22 18:16:54,419 INFO: Plan 1: ḡ=85.5, γE[v]=125.2, Q=210.8 (bayes)
2026-09-22 18:16:54,419 INFO: Plan 2: ḡ=60.5, γE[v]=142.3, Q=202.8 (bayes)
2026-09-22 18:17:02,686 INFO: Plan 0: ḡ=6, γE[v]=0.0, Q=6.0 (fn)
2026-09-22 18:17:02,867 INFO: Plan 2: ḡ=46, γE[v]=0.0, Q=46.0 (fn)
2026-09-22 18:17:03,483 INFO: Plan 2: ḡ=34, γE[v]=0.0, Q=34.0 (fn)
2026-09-22 18:17:03,570 INFO: Plan 1: ḡ=22, γE[v]=0.0, Q=22.0 (fn)
2026-09-22 18:17:03,661 INFO: Plan 0: ḡ=16, γE[v]=0.0, Q=16.0 (fn)
2026-09-22 18:17:03,661 INFO: Plan 0: ḡ=5.3, γE[v]=11.8, Q=17.2 (bayes)
2026-09-22 18:17:03,661 INFO: Plan 1: ḡ=7.3, γE[v]=10.8, Q=18.2 (bayes)
2026-09-22 18:17:03,662 INFO: Plan 2: ḡ=16.3, γE[v]=6.3, Q=22.7 (bayes)
2026-09-22 18:17:05,124 INFO: Plan 1: ḡ=54, γE[v]=1.0, Q=55.0 (fn)
2026-09-22 18:17:05,125 INFO: Plan 0: ḡ=2.0, γE[v]=9.5, Q=11.5 (bayes)
2026-09-22 18:17:05,125 INFO: Plan 1: ḡ=20.3, γE[v]=0.4, Q=20.7 (bayes)
2026-09-22 18:17:05,125 INFO: Plan 2: ḡ=17.0, γE[v]=2.0, Q=19.0 (bayes)
2026-09-22 18:17:26,816 INFO: Plan 0: ḡ=37, γE[v]=0.0, Q=37.0 (fn)
2026-09-22 18:17:28,454 INFO: Plan 1: ḡ=25, γE[v]=8.0, Q=33.0 (fn)
2026-09-22 18:17:29,554 INFO: Plan 2: ḡ=60, γE[v]=0.0, Q=60.0 (fn)
2026-09-22 18:17:29,555 INFO: Plan 0: ḡ=18.5, γE[v]=57.4, Q=75.9 (bayes)
2026-09-22 18:17:29,555 INFO: Plan 1: ḡ=8.2, γE[v]=63.0, Q=71.3 (bayes)
2026-09-22 18:17:29,555 INFO: Plan 2: ḡ=25.7, γE[v]=53.8, Q=79.5 (bayes)
2026-09-22 18:17:29,600 INFO: Plan 0: ḡ=14, γE[v]=0.0, Q=14.0 (fn)
2026-09-22 18:17:30,103 INFO: Plan 0: ḡ=30, γE[v]=0.0, Q=30.0 (fn)
2026-09-22 18:17:30,193 INFO: Plan 0: ḡ=38, γE[v]=0.0, Q=38.0 (fn)
2026-09-22 18:17:30,756 INFO: Plan 2: ḡ=47, γE[v]=0.0, Q=47.0 (fn)
2026-09-22 18:17:30,991 INFO: Plan 2: ḡ=15, γE[v]=0.5, Q=15.5 (fn)
2026-09-22 18:17:31,968 INFO: Plan 1: ḡ=18, γE[v]=0.0, Q=18.0 (fn)
2026-09-22 18:17:31,969 INFO: Plan 0: ḡ=4.0, γE[v]=0.5, Q=4.5 (bayes)
2026-09-22 18:17:31,969 INFO: Plan 1: ḡ=5.0, γE[v]=0.0, Q=5.0 (bayes)
2026-09-22 18:17:31,969 INFO: Plan 2: ḡ=3.8, γE[v]=0.7, Q=4.4 (bayes)
2026-09-22 18:17:32,013 INFO: Plan 1: ḡ=38, γE[v]=0.0, Q=38.0 (fn)
2026-09-22 18:17:32,014 INFO: Plan 0: ḡ=15.0, γE[v]=20.2, Q=35.2 (bayes)
2026-09-22 18:17:32,014 INFO: Plan 1: ḡ=19.0, γE[v]=18.2, Q=37.2 (bayes)
2026-09-22 18:17:32,014 INFO: Plan 2: ḡ=23.5, γE[v]=16.0, Q=39.5 (bayes)
2026-09-22 18:17:35,790 INFO: Plan 1: ḡ=89, γE[v]=0.0, Q=89.0 (fn)
2026-09-22 18:17:36,123 INFO: Plan 2: ḡ=84, γE[v]=0.0, Q=84.0 (fn)
2026-09-22 18:17:36,488 INFO: Plan 0: ḡ=74, γE[v]=0.0, Q=74.0 (fn)
2026-09-22 18:17:36,489 INFO: Plan 0: ḡ=27.4, γE[v]=42.0, Q=69.4 (bayes)
2026-09-22 18:17:36,489 INFO: Plan 1: ḡ=31.8, γE[v]=39.8, Q=71.6 (bayes)
2026-09-22 18:17:36,489 INFO: Plan 2: ḡ=32.1, γE[v]=39.7, Q=71.8 (bayes)
2026-09-22 18:17:36,531 INFO: Plan 1: ḡ=59, γE[v]=2.0, Q=61.0 (fn)
2026-09-22 18:17:37,349 INFO: Plan 2: ḡ=15, γE[v]=2.0, Q=17.0 (fn)
2026-09-22 18:17:37,350 INFO: Plan 0: ḡ=19.0, γE[v]=95.5, Q=114.5 (bayes)
2026-09-22 18:17:37,350 INFO: Plan 1: ḡ=29.5, γE[v]=90.3, Q=119.8 (bayes)
2026-09-22 18:17:37,350 INFO: Plan 2: ḡ=7.5, γE[v]=101.3, Q=108.8 (bayes)
2026-09-22 18:17:38,938 INFO: Plan 2: ḡ=15, γE[v]=0.0, Q=15.0 (fn)
2026-09-22 18:17:39,023 INFO: Plan 1: ḡ=30, γE[v]=0.0, Q=30.0 (fn)
2026-09-22 18:17:39,266 INFO: Plan 0: ḡ=30, γE[v]=15.0, Q=45.0 (fn)
2026-09-22 18:17:39,266 INFO: Plan 0: ḡ=10.0, γE[v]=5.9, Q=15.9 (bayes)
2026-09-22 18:17:39,266 INFO: Plan 1: ḡ=10.0, γE[v]=5.0, Q=15.0 (bayes)
2026-09-22 18:17:39,266 INFO: Plan 2: ḡ=5.0, γE[v]=7.5, Q=12.5 (bayes)
2026-09-22 18:17:49,045 INFO: Plan 1: ḡ=45, γE[v]=0.0, Q=45.0 (fn)
2026-09-22 18:17:49,080 INFO: Plan 1: ḡ=88, γE[v]=0.0, Q=88.0 (fn)
2026-09-22 18:17:49,629 INFO: Plan 2: ḡ=82, γE[v]=0.0, Q=82.0 (fn)
2026-09-22 18:17:49,630 INFO: Plan 0: ḡ=84, γE[v]=0.0, Q=84.0 (fn)
2026-09-22 18:17:49,630 INFO: Plan 0: ḡ=42.0, γE[v]=105.2, Q=147.2 (bayes)
2026-09-22 18:17:49,631 INFO: Plan 1: ḡ=44.0, γE[v]=104.2, Q=148.2 (bayes)
2026-09-22 18:17:49,631 INFO: Plan 2: ḡ=41.0, γE[v]=105.8, Q=146.8 (bayes)
2026-09-22 18:17:52,662 INFO: Plan 1: ḡ=279, γE[v]=0.0, Q=279.0 (fn)
2026-09-22 18:17:53,982 INFO: Plan 0: ḡ=91, γE[v]=14.0, Q=105.0 (fn)
2026-09-22 18:17:54,120 INFO: Plan 0: ḡ=69, γE[v]=25.0, Q=94.0 (fn)
2026-09-22 18:17:54,887 INFO: Plan 2: ḡ=128, γE[v]=24.5, Q=152.5 (fn)
2026-09-22 18:17:54,887 INFO: Plan 0: ḡ=34.5, γE[v]=30.4, Q=64.9 (bayes)
2026-09-22 18:17:54,888 INFO: Plan 1: ḡ=22.5, γE[v]=35.2, Q=57.8 (bayes)
2026-09-22 18:17:54,888 INFO: Plan 2: ḡ=64.0, γE[v]=15.6, Q=79.6 (bayes)
2026-09-22 18:17:56,141 INFO: Plan 2: ḡ=112, γE[v]=0.0, Q=112.0 (fn)
2026-09-22 18:17:56,145 INFO: Plan 0: ḡ=414, γE[v]=0.0, Q=414.0 (fn)
2026-09-22 18:17:57,743 INFO: Plan 2: ḡ=0, γE[v]=0.0, Q=0.0 (fn)
2026-09-22 18:17:58,646 INFO: Plan 0: ḡ=2, γE[v]=0.0, Q=2.0 (fn)
2026-09-22 18:17:59,768 INFO: Plan 1: ḡ=1, γE[v]=0.5, Q=1.5 (fn)
2026-09-22 18:17:59,768 INFO: Plan 0: ḡ=0.5, γE[v]=0.0, Q=0.5 (bayes)
2026-09-22 18:17:59,768 INFO: Plan 1: ḡ=0.2, γE[v]=0.2, Q=0.4 (bayes)
2026-09-22 18:17:59,769 INFO: Plan 2: ḡ=0.0, γE[v]=0.2, Q=0.2 (bayes)
2026-09-22 18:18:00,179 INFO: Plan 2: ḡ=19, γE[v]=0.0, Q=19.0 (fn)
2026-09-22 18:18:00,407 INFO: Plan 1: ḡ=163, γE[v]=27.5, Q=190.5 (fn)
2026-09-22 18:18:00,408 INFO: Plan 0: ḡ=45.5, γE[v]=32.4, Q=77.9 (bayes)
2026-09-22 18:18:00,408 INFO: Plan 1: ḡ=81.5, γE[v]=15.0, Q=96.5 (bayes)
2026-09-22 18:18:00,408 INFO: Plan 2: ḡ=56.0, γE[v]=26.5, Q=82.5 (bayes)
2026-09-22 18:18:00,497 INFO: Plan 2: ḡ=469, γE[v]=0.0, Q=469.0 (fn)
2026-09-22 18:18:00,498 INFO: Plan 0: ḡ=207.0, γE[v]=177.0, Q=384.0 (bayes)
2026-09-22 18:18:00,498 INFO: Plan 1: ḡ=139.5, γE[v]=210.8, Q=350.2 (bayes)
2026-09-22 18:18:00,498 INFO: Plan 2: ḡ=234.5, γE[v]=163.2, Q=397.8 (bayes)
2026-09-22 18:18:00,628 INFO: Plan 0: ḡ=16, γE[v]=0.0, Q=16.0 (fn)
2026-09-22 18:18:01,890 INFO: Plan 1: ḡ=32, γE[v]=12.5, Q=44.5 (fn)
2026-09-22 18:18:01,890 INFO: Plan 0: ḡ=5.3, γE[v]=6.0, Q=11.4 (bayes)
2026-09-22 18:18:01,890 INFO: Plan 1: ḡ=10.7, γE[v]=4.2, Q=14.9 (bayes)
2026-09-22 18:18:01,890 INFO: Plan 2: ḡ=4.8, γE[v]=6.3, Q=11.1 (bayes)
2026-09-22 18:18:09,030 INFO: Plan 0: ḡ=38, γE[v]=0.0, Q=38.0 (fn)
2026-09-22 18:18:14,534 INFO: Plan 1: ḡ=21, γE[v]=0.0, Q=21.0 (fn)
2026-09-22 18:18:15,220 INFO: Plan 2: ḡ=326, γE[v]=16.5, Q=342.5 (fn)
2026-09-22 18:18:15,561 INFO: Plan 0: ḡ=31, γE[v]=0.0, Q=31.0 (fn)
2026-09-22 18:18:15,871 INFO: Plan 2: ḡ=18, γE[v]=0.0, Q=18.0 (fn)
2026-09-22 18:18:15,872 INFO: Plan 0: ḡ=15.5, γE[v]=8.2, Q=23.8 (bayes)
2026-09-22 18:18:15,872 INFO: Plan 1: ḡ=10.5, γE[v]=10.8, Q=21.2 (bayes)
2026-09-22 18:18:15,872 INFO: Plan 2: ḡ=9.0, γE[v]=11.5, Q=20.5 (bayes)
2026-09-22 18:18:16,197 INFO: Plan 0: ḡ=31, γE[v]=0.0, Q=31.0 (fn)
2026-09-22 18:18:16,591 INFO: Plan 2: ḡ=0, γE[v]=0.0, Q=0.0 (fn)
2026-09-22 18:18:16,592 INFO: Plan 1: ḡ=0, γE[v]=0.0, Q=0.0 (fn)
2026-09-22 18:18:16,593 INFO: Plan 0: ḡ=0, γE[v]=0.0, Q=0.0 (fn)
2026-09-22 18:18:16,593 INFO: Plan 0: ḡ=0.0, γE[v]=0.0, Q=0.0 (bayes)
2026-09-22 18:18:16,593 INFO: Plan 1: ḡ=0.0, γE[v]=0.0, Q=0.0 (bayes)
2026-09-22 18:18:16,593 INFO: Plan 2: ḡ=0.0, γE[v]=0.0, Q=0.0 (bayes)
2026-09-22 18:18:16,710 INFO: Plan 1: ḡ=90, γE[v]=47.5, Q=137.5 (fn)
2026-09-22 18:18:16,710 INFO: Plan 0: ḡ=19.0, γE[v]=99.8, Q=118.8 (bayes)
2026-09-22 18:18:16,710 INFO: Plan 1: ḡ=45.0, γE[v]=88.9, Q=133.9 (bayes)
2026-09-22 18:18:16,710 INFO: Plan 2: ḡ=163.0, γE[v]=28.5, Q=191.5 (bayes)
2026-09-22 18:18:17,023 INFO: Plan 2: ḡ=67, γE[v]=0.0, Q=67.0 (fn)
2026-09-22 18:18:17,342 INFO: Plan 1: ḡ=203, γE[v]=0.0, Q=203.0 (fn)
2026-09-22 18:18:17,670 INFO: Plan 0: ḡ=33, γE[v]=0.0, Q=33.0 (fn)
2026-09-22 18:18:17,671 INFO: Plan 0: ḡ=16.5, γE[v]=67.5, Q=84.0 (bayes)
2026-09-22 18:18:17,671 INFO: Plan 1: ḡ=101.5, γE[v]=25.0, Q=126.5 (bayes)
2026-09-22 18:18:17,671 INFO: Plan 2: ḡ=33.5, γE[v]=59.0, Q=92.5 (bayes)
2026-09-22 18:18:17,752 INFO: Plan 1: ḡ=26, γE[v]=0.0, Q=26.0 (fn)
2026-09-22 18:18:18,729 INFO: Plan 2: ḡ=132, γE[v]=0.0, Q=132.0 (fn)
2026-09-22 18:18:18,730 INFO: Plan 0: ḡ=15.5, γE[v]=39.0, Q=54.5 (bayes)
2026-09-22 18:18:18,730 INFO: Plan 1: ḡ=13.0, γE[v]=40.2, Q=53.2 (bayes)
2026-09-22 18:18:18,730 INFO: Plan 2: ḡ=66.0, γE[v]=13.8, Q=79.8 (bayes)
2026-09-22 18:18:26,902 INFO: Plan 2: ḡ=4, γE[v]=0.0, Q=4.0 (fn)
2026-09-22 18:18:28,920 INFO: Plan 0: ḡ=18, γE[v]=0.0, Q=18.0 (fn)
2026-09-22 18:18:29,008 INFO: Plan 1: ḡ=18, γE[v]=0.0, Q=18.0 (fn)
2026-09-22 18:18:29,009 INFO: Plan 0: ḡ=4.2, γE[v]=0.0, Q=4.2 (bayes)
2026-09-22 18:18:29,009 INFO: Plan 1: ḡ=4.2, γE[v]=0.0, Q=4.2 (bayes)
2026-09-22 18:18:29,009 INFO: Plan 2: ḡ=0.8, γE[v]=1.7, Q=2.5 (bayes)
2026-09-22 18:18:30,338 INFO: Plan 1: ḡ=17, γE[v]=0.0, Q=17.0 (fn)
2026-09-22 18:18:30,817 INFO: Plan 0: ḡ=15, γE[v]=0.0, Q=15.0 (fn)
2026-09-22 18:18:30,819 INFO: Plan 1: ḡ=15, γE[v]=0.0, Q=15.0 (fn)
2026-09-22 18:18:30,820 INFO: Plan 2: ḡ=0, γE[v]=0.0, Q=0.0 (fn)
2026-09-22 18:18:30,820 INFO: Plan 0: ḡ=3.8, γE[v]=1.9, Q=5.6 (bayes)
2026-09-22 18:18:30,820 INFO: Plan 1: ḡ=3.8, γE[v]=1.9, Q=5.6 (bayes)
2026-09-22 18:18:30,820 INFO: Plan 2: ḡ=0.0, γE[v]=3.8, Q=3.8 (bayes)
2026-09-22 18:18:31,585 INFO: Plan 2: ḡ=39, γE[v]=0.0, Q=39.0 (fn)
2026-09-22 18:18:31,946 INFO: Plan 0: ḡ=49, γE[v]=0.0, Q=49.0 (fn)
2026-09-22 18:18:33,373 INFO: Plan 0: ḡ=31, γE[v]=17.0, Q=48.0 (fn)
2026-09-22 18:18:33,374 INFO: Plan 0: ḡ=15.5, γE[v]=47.5, Q=63.0 (bayes)
2026-09-22 18:18:33,374 INFO: Plan 1: ḡ=5.5, γE[v]=51.8, Q=57.2 (bayes)
2026-09-22 18:18:33,374 INFO: Plan 2: ḡ=14.9, γE[v]=47.0, Q=61.9 (bayes)
2026-09-22 18:18:35,876 INFO: Plan 1: ḡ=62, γE[v]=0.0, Q=62.0 (fn)
2026-09-22 18:18:36,205 INFO: Plan 2: ḡ=16, γE[v]=1.0, Q=17.0 (fn)
2026-09-22 18:18:37,298 INFO: Plan 2: ḡ=22, γE[v]=0.0, Q=22.0 (fn)
2026-09-22 18:18:37,299 INFO: Plan 0: ḡ=24.5, γE[v]=76.0, Q=100.5 (bayes)
2026-09-22 18:18:37,299 INFO: Plan 1: ḡ=31.0, γE[v]=72.8, Q=103.8 (bayes)
2026-09-22 18:18:37,299 INFO: Plan 2: ḡ=11.0, γE[v]=82.8, Q=93.8 (bayes)
2026-09-22 18:18:37,477 INFO: Plan 0: ḡ=24, γE[v]=7.0, Q=31.0 (fn)
2026-09-22 18:18:41,309 INFO: Plan 1: ḡ=34, γE[v]=0.0, Q=34.0 (fn)
2026-09-22 18:18:41,578 INFO: Plan 1: ḡ=38, γE[v]=8.5, Q=46.5 (fn)
2026-09-22 18:18:41,579 INFO: Plan 0: ḡ=8.3, γE[v]=6.4, Q=14.8 (bayes)
2026-09-22 18:18:41,579 INFO: Plan 1: ḡ=13.5, γE[v]=3.9, Q=17.4 (bayes)
2026-09-22 18:18:41,579 INFO: Plan 2: ḡ=5.8, γE[v]=7.3, Q=13.1 (bayes)
2026-09-22 18:18:41,775 INFO: Plan 2: ḡ=57, γE[v]=0.0, Q=57.0 (fn)
2026-09-22 18:18:41,823 INFO: Plan 0: ḡ=57, γE[v]=0.0, Q=57.0 (fn)
2026-09-22 18:18:41,824 INFO: Plan 0: ḡ=28.5, γE[v]=113.5, Q=142.0 (bayes)
2026-09-22 18:18:41,825 INFO: Plan 1: ḡ=17.0, γE[v]=119.2, Q=136.2 (bayes)
2026-09-22 18:18:41,825 INFO: Plan 2: ḡ=28.5, γE[v]=113.5, Q=142.0 (bayes)
2026-09-22 18:18:42,373 INFO: Plan 0: ḡ=23, γE[v]=0.0, Q=23.0 (fn)
2026-09-22 18:18:45,531 INFO: Plan 2: ḡ=95, γE[v]=0.0, Q=95.0 (fn)
2026-09-22 18:18:46,086 INFO: Plan 0: ḡ=60, γE[v]=0.0, Q=60.0 (fn)
2026-09-22 18:18:46,854 INFO: Plan 1: ḡ=109, γE[v]=0.0, Q=109.0 (fn)
2026-09-22 18:18:46,855 INFO: Plan 0: ḡ=18.9, γE[v]=36.2, Q=55.2 (bayes)
2026-09-22 18:18:46,855 INFO: Plan 1: ḡ=37.8, γE[v]=26.8, Q=64.6 (bayes)
2026-09-22 18:18:46,855 INFO: Plan 2: ḡ=29.8, γE[v]=30.8, Q=60.6 (bayes)
2026-09-22 18:18:49,978 INFO: Plan 0: ḡ=84, γE[v]=0.0, Q=84.0 (fn)
2026-09-22 18:18:50,059 INFO: Plan 0: ḡ=9, γE[v]=0.0, Q=9.0 (fn)
2026-09-22 18:18:50,064 INFO: Plan 2: ḡ=11, γE[v]=18.5, Q=29.5 (fn)
2026-09-22 18:18:50,934 INFO: Plan 2: ḡ=59, γE[v]=0.0, Q=59.0 (fn)
2026-09-22 18:18:50,934 INFO: Plan 1: ḡ=18, γE[v]=0.0, Q=18.0 (fn)
2026-09-22 18:18:50,971 INFO: Plan 2: ḡ=10, γE[v]=0.0, Q=10.0 (fn)
2026-09-22 18:18:50,972 INFO: Plan 0: ḡ=4.2, γE[v]=6.5, Q=10.7 (bayes)
2026-09-22 18:18:50,972 INFO: Plan 1: ḡ=9.0, γE[v]=4.1, Q=13.1 (bayes)
2026-09-22 18:18:50,972 INFO: Plan 2: ḡ=4.7, γE[v]=6.2, Q=10.9 (bayes)
2026-09-22 18:18:51,835 INFO: Plan 0: ḡ=6, γE[v]=0.0, Q=6.0 (fn)
2026-09-22 18:18:52,536 INFO: Plan 1: ḡ=49, γE[v]=30.5, Q=79.5 (fn)
2026-09-22 18:18:52,537 INFO: Plan 0: ḡ=11.5, γE[v]=90.2, Q=101.8 (bayes)
2026-09-22 18:18:52,537 INFO: Plan 1: ḡ=24.5, γE[v]=85.1, Q=109.6 (bayes)
2026-09-22 18:18:52,537 INFO: Plan 2: ḡ=5.5, γE[v]=94.1, Q=99.6 (bayes)
2026-09-22 18:18:53,913 INFO: Plan 1: ḡ=40, γE[v]=16.5, Q=56.5 (fn)
2026-09-22 18:18:53,914 INFO: Plan 0: ḡ=42.0, γE[v]=73.2, Q=115.2 (bayes)
2026-09-22 18:18:53,914 INFO: Plan 1: ḡ=20.0, γE[v]=85.0, Q=105.0 (bayes)
2026-09-22 18:18:53,914 INFO: Plan 2: ḡ=29.5, γE[v]=79.5, Q=109.0 (bayes)
2026-09-22 18:18:54,222 INFO: Plan 2: ḡ=0, γE[v]=0.0, Q=0.0 (fn)
2026-09-22 18:18:54,657 INFO: Plan 2: ḡ=99, γE[v]=0.0, Q=99.0 (fn)
2026-09-22 18:18:54,906 INFO: Plan 0: ḡ=2, γE[v]=0.0, Q=2.0 (fn)
2026-09-22 18:18:54,907 INFO: Plan 1: ḡ=2, γE[v]=0.0, Q=2.0 (fn)
2026-09-22 18:18:54,908 INFO: Plan 0: ḡ=0.4, γE[v]=0.0, Q=0.4 (bayes)
2026-09-22 18:18:54,908 INFO: Plan 1: ḡ=0.4, γE[v]=0.0, Q=0.4 (bayes)
2026-09-22 18:18:54,908 INFO: Plan 2: ḡ=0.0, γE[v]=0.2, Q=0.2 (bayes)
2026-09-22 18:18:57,902 INFO: Plan 1: ḡ=67, γE[v]=16.0, Q=83.0 (fn)
2026-09-22 18:18:57,903 INFO: Plan 0: ḡ=2.0, γE[v]=15.5, Q=17.5 (bayes)
2026-09-22 18:18:57,903 INFO: Plan 1: ḡ=22.3, γE[v]=6.3, Q=28.6 (bayes)
2026-09-22 18:18:57,903 INFO: Plan 2: ḡ=33.0, γE[v]=0.0, Q=33.0 (bayes)
2026-09-22 18:18:59,691 INFO: Plan 1: ḡ=19, γE[v]=0.0, Q=19.0 (fn)
2026-09-22 18:18:59,735 INFO: Plan 0: ḡ=6, γE[v]=0.0, Q=6.0 (fn)
2026-09-22 18:19:00,199 INFO: Plan 2: ḡ=25, γE[v]=0.0, Q=25.0 (fn)
2026-09-22 18:19:00,200 INFO: Plan 0: ḡ=1.5, γE[v]=1.9, Q=3.4 (bayes)
2026-09-22 18:19:00,200 INFO: Plan 1: ḡ=3.8, γE[v]=0.8, Q=4.5 (bayes)
2026-09-22 18:19:00,200 INFO: Plan 2: ḡ=5.3, γE[v]=0.0, Q=5.3 (bayes)
2026-09-22 18:19:00,780 INFO: Plan 1: ḡ=34, γE[v]=0.0, Q=34.0 (fn)
2026-09-22 18:19:02,683 INFO: Plan 0: ḡ=91, γE[v]=0.0, Q=91.0 (fn)
2026-09-22 18:19:06,311 INFO: Plan 2: ḡ=171, γE[v]=0.0, Q=171.0 (fn)
2026-09-22 18:19:06,312 INFO: Plan 0: ḡ=41.7, γE[v]=96.2, Q=137.8 (bayes)
2026-09-22 18:19:06,313 INFO: Plan 1: ḡ=16.3, γE[v]=108.8, Q=125.2 (bayes)
2026-09-22 18:19:06,313 INFO: Plan 2: ḡ=85.5, γE[v]=74.2, Q=159.8 (bayes)
2026-09-22 18:19:07,281 INFO: Plan 1: ḡ=0, γE[v]=0.0, Q=0.0 (fn)
2026-09-22 18:19:07,282 INFO: Plan 0: ḡ=0, γE[v]=0.0, Q=0.0 (fn)
2026-09-22 18:19:07,710 INFO: Plan 2: ḡ=0, γE[v]=0.0, Q=0.0 (fn)
2026-09-22 18:19:07,711 INFO: Plan 0: ḡ=0.0, γE[v]=0.0, Q=0.0 (bayes)
2026-09-22 18:19:07,711 INFO: Plan 1: ḡ=0.0, γE[v]=0.0, Q=0.0 (bayes)
2026-09-22 18:19:07,711 INFO: Plan 2: ḡ=0.0, γE[v]=0.0, Q=0.0 (bayes)
2026-09-22 18:19:13,408 INFO: Plan 2: ḡ=53, γE[v]=0.0, Q=53.0 (fn)
2026-09-22 18:19:13,818 INFO: Plan 1: ḡ=159, γE[v]=0.0, Q=159.0 (fn)
2026-09-22 18:19:14,239 INFO: Plan 0: ḡ=28, γE[v]=0.0, Q=28.0 (fn)
2026-09-22 18:19:14,240 INFO: Plan 0: ḡ=14.0, γE[v]=43.3, Q=57.3 (bayes)
2026-09-22 18:19:14,240 INFO: Plan 1: ḡ=53.2, γE[v]=23.8, Q=76.9 (bayes)
2026-09-22 18:19:14,240 INFO: Plan 2: ḡ=26.5, γE[v]=37.1, Q=63.6 (bayes)
2026-09-22 18:19:18,744 INFO: Plan 2: ḡ=3, γE[v]=0.0, Q=3.0 (fn)
2026-09-22 18:19:18,786 INFO: Plan 1: ḡ=15, γE[v]=0.0, Q=15.0 (fn)
2026-09-22 18:19:19,003 INFO: Plan 0: ḡ=10, γE[v]=0.0, Q=10.0 (fn)
2026-09-22 18:19:19,003 INFO: Plan 0: ḡ=2.6, γE[v]=2.5, Q=5.1 (bayes)
2026-09-22 18:19:19,003 INFO: Plan 1: ḡ=3.8, γE[v]=1.9, Q=5.7 (bayes)
2026-09-22 18:19:19,003 INFO: Plan 2: ḡ=1.2, γE[v]=3.2, Q=4.4 (bayes)
2026-09-22 18:19:21,693 INFO: Plan 2: ḡ=27, γE[v]=0.0, Q=27.0 (fn)
2026-09-22 18:19:21,970 INFO: Plan 1: ḡ=45, γE[v]=0.0, Q=45.0 (fn)
2026-09-22 18:19:22,196 INFO: Plan 0: ḡ=36, γE[v]=0.0, Q=36.0 (fn)
2026-09-22 18:19:22,197 INFO: Plan 0: ḡ=15.7, γE[v]=14.0, Q=29.7 (bayes)
2026-09-22 18:19:22,197 INFO: Plan 1: ḡ=20.8, γE[v]=11.4, Q=32.2 (bayes)
2026-09-22 18:19:22,197 INFO: Plan 2: ḡ=9.0, γE[v]=17.3, Q=26.3 (bayes)
2026-09-22 18:19:23,405 INFO: Plan 0: ḡ=33, γE[v]=0.0, Q=33.0 (fn)
2026-09-22 18:19:25,006 INFO: Plan 2: ḡ=0, γE[v]=0.0, Q=0.0 (fn)
2026-09-22 18:19:25,007 INFO: Plan 0: ḡ=15, γE[v]=0.0, Q=15.0 (fn)
2026-09-22 18:19:25,008 INFO: Plan 1: ḡ=0, γE[v]=0.0, Q=0.0 (fn)
2026-09-22 18:19:25,008 INFO: Plan 0: ḡ=3.8, γE[v]=0.0, Q=3.8 (bayes)
2026-09-22 18:19:25,008 INFO: Plan 1: ḡ=0.0, γE[v]=1.9, Q=1.9 (bayes)
2026-09-22 18:19:25,008 INFO: Plan 2: ḡ=0.0, γE[v]=1.9, Q=1.9 (bayes)
2026-09-22 18:19:25,420 INFO: Plan 2: ḡ=32, γE[v]=0.0, Q=32.0 (fn)
2026-09-22 18:19:26,366 INFO: Plan 1: ḡ=9, γE[v]=15.0, Q=24.0 (fn)
2026-09-22 18:19:26,367 INFO: Plan 0: ḡ=16.5, γE[v]=5.5, Q=22.0 (bayes)
2026-09-22 18:19:26,367 INFO: Plan 1: ḡ=4.5, γE[v]=12.2, Q=16.7 (bayes)
2026-09-22 18:19:26,367 INFO: Plan 2: ḡ=16.0, γE[v]=5.8, Q=21.8 (bayes)
2026-09-22 18:19:27,303 INFO: Plan 0: ḡ=14, γE[v]=0.0, Q=14.0 (fn)
2026-09-22 18:19:28,528 INFO: Plan 0: ḡ=9, γE[v]=0.0, Q=9.0 (fn)
2026-09-22 18:19:28,841 INFO: Plan 2: ḡ=8, γE[v]=0.0, Q=8.0 (fn)
2026-09-22 18:19:29,497 INFO: Plan 1: ḡ=18, γE[v]=0.0, Q=18.0 (fn)
2026-09-22 18:19:30,829 INFO: Plan 0: ḡ=29, γE[v]=0.0, Q=29.0 (fn)
2026-09-22 18:19:31,463 INFO: Plan 1: ḡ=26, γE[v]=1.5, Q=27.5 (fn)
2026-09-22 18:19:31,464 INFO: Plan 0: ḡ=4.2, γE[v]=4.0, Q=8.2 (bayes)
2026-09-22 18:19:31,464 INFO: Plan 1: ḡ=11.0, γE[v]=0.7, Q=11.7 (bayes)
2026-09-22 18:19:31,464 INFO: Plan 2: ḡ=4.0, γE[v]=4.1, Q=8.1 (bayes)
2026-09-22 18:19:31,656 INFO: Plan 2: ḡ=15, γE[v]=1.5, Q=16.5 (fn)
2026-09-22 18:19:31,656 INFO: Plan 0: ḡ=3.0, γE[v]=0.3, Q=3.3 (bayes)
2026-09-22 18:19:31,656 INFO: Plan 1: ḡ=3.7, γE[v]=0.0, Q=3.7 (bayes)
2026-09-22 18:19:31,656 INFO: Plan 2: ḡ=2.5, γE[v]=0.7, Q=3.2 (bayes)
2026-09-22 18:19:33,758 INFO: Plan 1: ḡ=24, γE[v]=0.0, Q=24.0 (fn)
2026-09-22 18:19:35,729 INFO: Plan 0: ḡ=57, γE[v]=0.0, Q=57.0 (fn)
2026-09-22 18:19:36,512 INFO: Plan 0: ḡ=35, γE[v]=0.0, Q=35.0 (fn)
2026-09-22 18:19:36,558 INFO: Plan 0: ḡ=58, γE[v]=26.5, Q=84.5 (fn)
2026-09-22 18:19:36,704 INFO: Plan 2: ḡ=33, γE[v]=0.0, Q=33.0 (fn)
2026-09-22 18:19:36,705 INFO: Plan 0: ḡ=28.5, γE[v]=95.2, Q=123.8 (bayes)
2026-09-22 18:19:36,705 INFO: Plan 1: ḡ=12.0, γE[v]=103.5, Q=115.5 (bayes)
2026-09-22 18:19:36,705 INFO: Plan 2: ḡ=15.0, γE[v]=102.0, Q=117.0 (bayes)
2026-09-22 18:19:36,991 INFO: Plan 2: ḡ=68, γE[v]=21.0, Q=89.0 (fn)
2026-09-22 18:19:37,306 INFO: Plan 1: ḡ=25, γE[v]=43.0, Q=68.0 (fn)
2026-09-22 18:19:37,307 INFO: Plan 0: ḡ=29.0, γE[v]=14.4, Q=43.4 (bayes)
2026-09-22 18:19:37,307 INFO: Plan 1: ḡ=12.5, γE[v]=23.4, Q=35.9 (bayes)
2026-09-22 18:19:37,307 INFO: Plan 2: ḡ=34.0, γE[v]=11.7, Q=45.7 (bayes)
2026-09-22 18:19:37,958 INFO: Plan 1: ḡ=71, γE[v]=14.5, Q=85.5 (fn)
2026-09-22 18:19:39,091 INFO: Plan 2: ḡ=48, γE[v]=0.0, Q=48.0 (fn)
2026-09-22 18:19:40,437 INFO: Plan 1: ḡ=15, γE[v]=17.0, Q=32.0 (fn)
2026-09-22 18:19:40,438 INFO: Plan 0: ḡ=13.7, γE[v]=35.2, Q=48.9 (bayes)
2026-09-22 18:19:40,438 INFO: Plan 1: ḡ=5.7, γE[v]=40.2, Q=45.9 (bayes)
2026-09-22 18:19:40,438 INFO: Plan 2: ḡ=21.3, γE[v]=31.4, Q=52.7 (bayes)
2026-09-22 18:19:41,776 INFO: Plan 1: ḡ=8, γE[v]=0.0, Q=8.0 (fn)
2026-09-22 18:19:41,777 INFO: Plan 0: ḡ=33, γE[v]=0.0, Q=33.0 (fn)
2026-09-22 18:19:42,762 INFO: Plan 2: ḡ=7, γE[v]=0.0, Q=7.0 (fn)
2026-09-22 18:19:42,763 INFO: Plan 0: ḡ=16.5, γE[v]=62.4, Q=78.9 (bayes)
2026-09-22 18:19:42,763 INFO: Plan 1: ḡ=3.2, γE[v]=69.1, Q=72.2 (bayes)
2026-09-22 18:19:42,763 INFO: Plan 2: ḡ=3.5, γE[v]=68.9, Q=72.4 (bayes)
2026-09-22 18:19:44,168 INFO: Plan 2: ḡ=121, γE[v]=26.5, Q=147.5 (fn)
2026-09-22 18:19:44,169 INFO: Plan 0: ḡ=14.5, γE[v]=36.2, Q=50.8 (bayes)
2026-09-22 18:19:44,169 INFO: Plan 1: ḡ=35.5, γE[v]=26.4, Q=61.9 (bayes)
2026-09-22 18:19:44,170 INFO: Plan 2: ḡ=60.5, γE[v]=14.4, Q=74.9 (bayes)
2026-09-22 18:19:48,954 INFO: Plan 1: ḡ=70, γE[v]=20.0, Q=90.0 (fn)
2026-09-22 18:19:50,007 INFO: Plan 2: ḡ=106, γE[v]=2.0, Q=108.0 (fn)
2026-09-22 18:19:50,224 INFO: Plan 0: ḡ=66, γE[v]=22.0, Q=88.0 (fn)
2026-09-22 18:19:50,225 INFO: Plan 0: ḡ=33.0, γE[v]=12.0, Q=45.0 (bayes)
2026-09-22 18:19:50,225 INFO: Plan 1: ḡ=35.0, γE[v]=10.9, Q=45.9 (bayes)
2026-09-22 18:19:50,226 INFO: Plan 2: ḡ=53.0, γE[v]=1.1, Q=54.1 (bayes)
2026-09-22 18:19:51,210 INFO: Plan 0: ḡ=6, γE[v]=0.0, Q=6.0 (fn)
2026-09-22 18:19:51,211 INFO: Plan 2: ḡ=4, γE[v]=0.0, Q=4.0 (fn)
2026-09-22 18:19:51,539 INFO: Plan 0: ḡ=15, γE[v]=0.0, Q=15.0 (fn)
2026-09-22 18:19:52,031 INFO: Plan 1: ḡ=2, γE[v]=0.0, Q=2.0 (fn)
2026-09-22 18:19:52,069 INFO: Plan 0: ḡ=2, γE[v]=0.0, Q=2.0 (fn)
2026-09-22 18:19:52,390 INFO: Plan 2: ḡ=2, γE[v]=0.0, Q=2.0 (fn)
2026-09-22 18:19:52,390 INFO: Plan 0: ḡ=0.3, γE[v]=0.0, Q=0.3 (bayes)
2026-09-22 18:19:52,390 INFO: Plan 1: ḡ=0.3, γE[v]=0.0, Q=0.3 (bayes)
2026-09-22 18:19:52,390 INFO: Plan 2: ḡ=0.3, γE[v]=0.0, Q=0.3 (bayes)
2026-09-22 18:19:53,131 INFO: Plan 1: ḡ=7, γE[v]=1.5, Q=8.5 (fn)
2026-09-22 18:19:53,131 INFO: Plan 0: ḡ=1.5, γE[v]=0.5, Q=2.0 (bayes)
2026-09-22 18:19:53,131 INFO: Plan 1: ḡ=1.8, γE[v]=0.5, Q=2.2 (bayes)
2026-09-22 18:19:53,131 INFO: Plan 2: ḡ=1.0, γE[v]=0.8, Q=1.8 (bayes)
2026-09-22 18:19:53,171 INFO: Plan 1: ḡ=43, γE[v]=0.0, Q=43.0 (fn)
2026-09-22 18:19:53,314 INFO: Plan 0: ḡ=67, γE[v]=0.0, Q=67.0 (fn)
2026-09-22 18:19:53,727 INFO: Plan 2: ḡ=95, γE[v]=0.0, Q=95.0 (fn)
2026-09-22 18:19:54,337 INFO: Plan 0: ḡ=49, γE[v]=0.0, Q=49.0 (fn)
2026-09-22 18:19:54,377 INFO: Plan 2: ḡ=38, γE[v]=6.5, Q=44.5 (fn)
2026-09-22 18:19:54,377 INFO: Plan 0: ḡ=7.5, γE[v]=9.0, Q=16.5 (bayes)
2026-09-22 18:19:54,377 INFO: Plan 1: ḡ=21.5, γE[v]=2.0, Q=23.5 (bayes)
2026-09-22 18:19:54,377 INFO: Plan 2: ḡ=19.0, γE[v]=3.5, Q=22.5 (bayes)
2026-09-22 18:19:54,551 INFO: Plan 1: ḡ=137, γE[v]=0.0, Q=137.0 (fn)
2026-09-22 18:19:54,552 INFO: Plan 0: ḡ=19.7, γE[v]=30.8, Q=50.5 (bayes)
2026-09-22 18:19:54,552 INFO: Plan 1: ḡ=40.8, γE[v]=20.2, Q=61.1 (bayes)
2026-09-22 18:19:54,552 INFO: Plan 2: ḡ=29.8, γE[v]=25.8, Q=55.5 (bayes)
2026-09-22 18:19:55,720 INFO: Plan 1: ḡ=52, γE[v]=3.0, Q=55.0 (fn)
2026-09-22 18:19:56,862 INFO: Plan 2: ḡ=93, γE[v]=0.0, Q=93.0 (fn)
2026-09-22 18:19:57,003 INFO: Plan 1: ḡ=114, γE[v]=0.0, Q=114.0 (fn)
2026-09-22 18:19:57,047 INFO: Plan 2: ḡ=2, γE[v]=0.0, Q=2.0 (fn)
2026-09-22 18:19:57,222 INFO: Plan 0: ḡ=9, γE[v]=0.0, Q=9.0 (fn)
2026-09-22 18:19:57,476 INFO: Plan 0: ḡ=37, γE[v]=0.0, Q=37.0 (fn)
2026-09-22 18:19:57,477 INFO: Plan 0: ḡ=14.5, γE[v]=65.5, Q=80.0 (bayes)
2026-09-22 18:19:57,477 INFO: Plan 1: ḡ=57.0, γE[v]=44.2, Q=101.2 (bayes)
2026-09-22 18:19:57,477 INFO: Plan 2: ḡ=46.5, γE[v]=49.5, Q=96.0 (bayes)
2026-09-22 18:19:57,523 INFO: Plan 1: ḡ=2, γE[v]=0.0, Q=2.0 (fn)
2026-09-22 18:19:57,524 INFO: Plan 0: ḡ=2.2, γE[v]=0.8, Q=3.0 (bayes)
2026-09-22 18:19:57,524 INFO: Plan 1: ḡ=0.7, γE[v]=1.5, Q=2.2 (bayes)
2026-09-22 18:19:57,524 INFO: Plan 2: ḡ=0.8, γE[v]=1.5, Q=2.3 (bayes)
2026-09-22 18:19:58,069 INFO: Plan 2: ḡ=16, γE[v]=0.0, Q=16.0 (fn)
2026-09-22 18:19:58,070 INFO: Plan 0: ḡ=24.5, γE[v]=60.5, Q=85.0 (bayes)
2026-09-22 18:19:58,070 INFO: Plan 1: ḡ=25.7, γE[v]=60.1, Q=85.7 (bayes)
2026-09-22 18:19:58,070 INFO: Plan 2: ḡ=8.0, γE[v]=68.8, Q=76.8 (bayes)
2026-09-22 18:20:01,425 INFO: Plan 2: ḡ=52, γE[v]=0.0, Q=52.0 (fn)
2026-09-22 18:20:02,390 INFO: Plan 0: ḡ=63, γE[v]=2.5, Q=65.5 (fn)
2026-09-22 18:20:06,116 INFO: Plan 1: ḡ=19, γE[v]=0.0, Q=19.0 (fn)
2026-09-22 18:20:06,878 INFO: Plan 0: ḡ=6, γE[v]=0.0, Q=6.0 (fn)
2026-09-22 18:20:07,416 INFO: Plan 2: ḡ=25, γE[v]=0.0, Q=25.0 (fn)
2026-09-22 18:20:07,417 INFO: Plan 1: ḡ=32, γE[v]=8.0, Q=40.0 (fn)
2026-09-22 18:20:07,418 INFO: Plan 0: ḡ=1.2, γE[v]=1.6, Q=2.8 (bayes)
2026-09-22 18:20:07,418 INFO: Plan 1: ḡ=3.2, γE[v]=0.6, Q=3.8 (bayes)
2026-09-22 18:20:07,418 INFO: Plan 0: ḡ=31.5, γE[v]=14.6, Q=46.1 (bayes)
2026-09-22 18:20:07,418 INFO: Plan 2: ḡ=4.4, γE[v]=0.0, Q=4.4 (bayes)
2026-09-22 18:20:07,418 INFO: Plan 1: ḡ=16.0, γE[v]=22.6, Q=38.6 (bayes)
2026-09-22 18:20:07,419 INFO: Plan 2: ḡ=26.0, γE[v]=17.2, Q=43.2 (bayes)
2026-09-22 18:20:09,228 INFO: Plan 2: ḡ=0, γE[v]=0.0, Q=0.0 (fn)
2026-09-22 18:20:09,375 INFO: Plan 0: ḡ=0, γE[v]=0.0, Q=0.0 (fn)
2026-09-22 18:20:09,376 INFO: Plan 1: ḡ=0, γE[v]=0.0, Q=0.0 (fn)
2026-09-22 18:20:09,376 INFO: Plan 0: ḡ=0.0, γE[v]=0.0, Q=0.0 (bayes)
2026-09-22 18:20:09,376 INFO: Plan 1: ḡ=0.0, γE[v]=0.0, Q=0.0 (bayes)
2026-09-22 18:20:09,376 INFO: Plan 2: ḡ=0.0, γE[v]=0.0, Q=0.0 (bayes)
2026-09-22 18:20:10,922 INFO: Plan 1: ḡ=19, γE[v]=0.0, Q=19.0 (fn)
2026-09-22 18:20:11,530 INFO: Plan 2: ḡ=53, γE[v]=0.0, Q=53.0 (fn)
2026-09-22 18:20:11,926 INFO: Plan 0: ḡ=28, γE[v]=0.0, Q=28.0 (fn)
2026-09-22 18:20:12,248 INFO: Plan 2: ḡ=10, γE[v]=6.0, Q=16.0 (fn)
2026-09-22 18:20:12,248 INFO: Plan 0: ḡ=10, γE[v]=6.0, Q=16.0 (fn)
2026-09-22 18:20:12,249 INFO: Plan 0: ḡ=2.5, γE[v]=2.2, Q=4.7 (bayes)
2026-09-22 18:20:12,249 INFO: Plan 1: ḡ=5.3, γE[v]=0.4, Q=5.8 (bayes)
2026-09-22 18:20:12,249 INFO: Plan 2: ḡ=3.2, γE[v]=1.9, Q=5.1 (bayes)
2026-09-22 18:20:13,216 INFO: Plan 1: ḡ=183, γE[v]=14.5, Q=197.5 (fn)
2026-09-22 18:20:13,217 INFO: Plan 0: ḡ=14.0, γE[v]=34.9, Q=48.9 (bayes)
2026-09-22 18:20:13,217 INFO: Plan 1: ḡ=55.2, γE[v]=14.9, Q=70.2 (bayes)
2026-09-22 18:20:13,217 INFO: Plan 2: ḡ=26.5, γE[v]=28.6, Q=55.1 (bayes)
2026-09-22 18:20:21,390 INFO: Plan 2: ḡ=305, γE[v]=45.0, Q=350.0 (fn)
2026-09-22 18:20:23,045 INFO: Plan 1: ḡ=30, γE[v]=21.5, Q=51.5 (fn)
2026-09-22 18:20:23,705 INFO: Plan 0: ḡ=28, γE[v]=21.5, Q=49.5 (fn)
2026-09-22 18:20:23,706 INFO: Plan 0: ḡ=14.0, γE[v]=115.5, Q=129.5 (bayes)
2026-09-22 18:20:23,706 INFO: Plan 1: ḡ=15.0, γE[v]=115.0, Q=130.0 (bayes)
2026-09-22 18:20:23,707 INFO: Plan 2: ḡ=152.5, γE[v]=47.3, Q=199.8 (bayes)
2026-09-22 18:20:25,390 INFO: Plan 1: ḡ=34, γE[v]=0.0, Q=34.0 (fn)
2026-09-22 18:20:25,390 INFO: Plan 2: ḡ=14, γE[v]=0.0, Q=14.0 (fn)
2026-09-22 18:20:26,220 INFO: Plan 0: ḡ=0, γE[v]=0.0, Q=0.0 (fn)
2026-09-22 18:20:26,221 INFO: Plan 1: ḡ=0, γE[v]=0.0, Q=0.0 (fn)
2026-09-22 18:20:26,475 INFO: Plan 0: ḡ=29, γE[v]=0.0, Q=29.0 (fn)
2026-09-22 18:20:26,514 INFO: Plan 0: ḡ=59, γE[v]=0.0, Q=59.0 (fn)
2026-09-22 18:20:26,764 INFO: Plan 0: ḡ=69, γE[v]=0.0, Q=69.0 (fn)
2026-09-22 18:20:26,801 INFO: Plan 2: ḡ=0, γE[v]=0.0, Q=0.0 (fn)
2026-09-22 18:20:26,801 INFO: Plan 0: ḡ=0.0, γE[v]=0.0, Q=0.0 (bayes)
2026-09-22 18:20:26,801 INFO: Plan 1: ḡ=0.0, γE[v]=0.0, Q=0.0 (bayes)
2026-09-22 18:20:26,801 INFO: Plan 2: ḡ=0.0, γE[v]=0.0, Q=0.0 (bayes)
2026-09-22 18:20:27,186 INFO: Plan 1: ḡ=36, γE[v]=0.0, Q=36.0 (fn)
2026-09-22 18:20:27,187 INFO: Plan 0: ḡ=11.3, γE[v]=7.2, Q=18.5 (bayes)
2026-09-22 18:20:27,188 INFO: Plan 1: ḡ=13.2, γE[v]=6.2, Q=19.4 (bayes)
2026-09-22 18:20:27,188 INFO: Plan 2: ḡ=4.7, γE[v]=10.5, Q=15.2 (bayes)
2026-09-22 18:20:27,967 INFO: Plan 1: ḡ=19, γE[v]=0.0, Q=19.0 (fn)
2026-09-22 18:20:28,528 INFO: Plan 2: ḡ=71, γE[v]=0.0, Q=71.0 (fn)
2026-09-22 18:20:28,528 INFO: Plan 0: ḡ=30.0, γE[v]=77.1, Q=107.1 (bayes)
2026-09-22 18:20:28,528 INFO: Plan 1: ḡ=14.8, γE[v]=84.7, Q=99.5 (bayes)
2026-09-22 18:20:28,528 INFO: Plan 2: ḡ=25.3, γE[v]=79.4, Q=104.8 (bayes)
2026-09-22 18:20:29,340 INFO: Plan 0: ḡ=6, γE[v]=0.0, Q=6.0 (fn)
2026-09-22 18:20:29,498 INFO: Plan 1: ḡ=6, γE[v]=0.0, Q=6.0 (fn)
2026-09-22 18:20:29,765 INFO: Plan 2: ḡ=16, γE[v]=0.0, Q=16.0 (fn)
2026-09-22 18:20:29,808 INFO: Plan 2: ḡ=5, γE[v]=0.0, Q=5.0 (fn)
2026-09-22 18:20:29,853 INFO: Plan 0: ḡ=28, γE[v]=0.0, Q=28.0 (fn)
2026-09-22 18:20:29,859 INFO: Plan 0: ḡ=9.3, γE[v]=2.9, Q=12.2 (bayes)
2026-09-22 18:20:29,860 INFO: Plan 1: ḡ=2.7, γE[v]=6.2, Q=8.9 (bayes)
2026-09-22 18:20:29,860 INFO: Plan 2: ḡ=3.2, γE[v]=6.0, Q=9.2 (bayes)
2026-09-22 18:20:31,031 INFO: Plan 1: ḡ=18, γE[v]=0.0, Q=18.0 (fn)
2026-09-22 18:20:31,115 INFO: Plan 2: ḡ=18, γE[v]=0.0, Q=18.0 (fn)
2026-09-22 18:20:31,718 INFO: Plan 1: ḡ=25, γE[v]=0.0, Q=25.0 (fn)
2026-09-22 18:20:31,758 INFO: Plan 1: ḡ=7, γE[v]=7.5, Q=14.5 (fn)
2026-09-22 18:20:31,758 INFO: Plan 0: ḡ=3.0, γE[v]=4.0, Q=7.0 (bayes)
2026-09-22 18:20:31,758 INFO: Plan 1: ḡ=3.5, γE[v]=4.1, Q=7.6 (bayes)
2026-09-22 18:20:31,758 INFO: Plan 2: ḡ=8.0, γE[v]=1.5, Q=9.5 (bayes)
2026-09-22 18:20:32,389 INFO: Plan 0: ḡ=13, γE[v]=0.0, Q=13.0 (fn)
2026-09-22 18:20:32,869 INFO: Plan 2: ḡ=7, γE[v]=0.0, Q=7.0 (fn)
2026-09-22 18:20:32,869 INFO: Plan 0: ḡ=6.3, γE[v]=59.8, Q=66.1 (bayes)
2026-09-22 18:20:32,869 INFO: Plan 1: ḡ=8.8, γE[v]=58.5, Q=67.3 (bayes)
2026-09-22 18:20:32,869 INFO: Plan 2: ḡ=3.3, γE[v]=61.2, Q=64.6 (bayes)
2026-09-22 18:20:33,075 INFO: Plan 0: ḡ=14, γE[v]=2.0, Q=16.0 (fn)
2026-09-22 18:20:33,076 INFO: Plan 0: ḡ=2.7, γE[v]=0.4, Q=3.1 (bayes)
2026-09-22 18:20:33,076 INFO: Plan 1: ḡ=3.3, γE[v]=0.0, Q=3.3 (bayes)
2026-09-22 18:20:33,076 INFO: Plan 2: ḡ=3.3, γE[v]=0.0, Q=3.3 (bayes)
2026-09-22 18:20:33,563 INFO: Plan 2: ḡ=51, γE[v]=36.0, Q=87.0 (fn)
2026-09-22 18:20:33,564 INFO: Plan 0: ḡ=29.5, γE[v]=43.5, Q=73.0 (bayes)
2026-09-22 18:20:33,564 INFO: Plan 1: ḡ=9.5, γE[v]=53.5, Q=63.0 (bayes)
2026-09-22 18:20:33,564 INFO: Plan 2: ḡ=25.5, γE[v]=47.1, Q=72.6 (bayes)
2026-09-22 18:20:34,320 INFO: Plan 1: ḡ=24, γE[v]=0.0, Q=24.0 (fn)
2026-09-22 18:20:35,186 INFO: Plan 0: ḡ=57, γE[v]=0.0, Q=57.0 (fn)
2026-09-22 18:20:36,720 INFO: Plan 2: ḡ=33, γE[v]=0.0, Q=33.0 (fn)
2026-09-22 18:20:36,720 INFO: Plan 0: ḡ=19.0, γE[v]=95.2, Q=114.2 (bayes)
2026-09-22 18:20:36,720 INFO: Plan 1: ḡ=12.0, γE[v]=98.8, Q=110.8 (bayes)
2026-09-22 18:20:36,720 INFO: Plan 2: ḡ=15.0, γE[v]=97.2, Q=112.2 (bayes)
2026-09-22 18:20:37,217 INFO: Plan 2: ḡ=42, γE[v]=0.0, Q=42.0 (fn)
2026-09-22 18:20:38,533 INFO: Plan 0: ḡ=99, γE[v]=0.0, Q=99.0 (fn)
2026-09-22 18:20:39,223 INFO: Plan 1: ḡ=52, γE[v]=0.0, Q=52.0 (fn)
2026-09-22 18:20:39,465 INFO: Plan 0: ḡ=35, γE[v]=0.0, Q=35.0 (fn)
2026-09-22 18:20:43,910 INFO: Plan 1: ḡ=92, γE[v]=52.5, Q=144.5 (fn)
2026-09-22 18:20:43,911 INFO: Plan 0: ḡ=49.5, γE[v]=24.5, Q=74.0 (bayes)
2026-09-22 18:20:43,911 INFO: Plan 1: ḡ=46.0, γE[v]=28.6, Q=74.6 (bayes)
2026-09-22 18:20:43,911 INFO: Plan 2: ḡ=21.0, γE[v]=38.8, Q=59.8 (bayes)
2026-09-22 18:20:43,953 INFO: Plan 0: ḡ=2, γE[v]=0.0, Q=2.0 (fn)
2026-09-22 18:20:44,096 INFO: Plan 1: ḡ=2, γE[v]=0.0, Q=2.0 (fn)
2026-09-22 18:20:44,361 INFO: Plan 2: ḡ=17, γE[v]=0.0, Q=17.0 (fn)
2026-09-22 18:20:44,361 INFO: Plan 0: ḡ=0.7, γE[v]=3.2, Q=3.8 (bayes)
2026-09-22 18:20:44,361 INFO: Plan 1: ḡ=0.7, γE[v]=3.2, Q=3.8 (bayes)
2026-09-22 18:20:44,362 INFO: Plan 2: ḡ=5.7, γE[v]=0.7, Q=6.3 (bayes)
2026-09-22 18:20:45,095 INFO: Plan 2: ḡ=0, γE[v]=0.0, Q=0.0 (fn)
2026-09-22 18:20:45,520 INFO: Plan 2: ḡ=0, γE[v]=0.0, Q=0.0 (fn)
2026-09-22 18:20:45,793 INFO: Plan 1: ḡ=2, γE[v]=0.0, Q=2.0 (fn)
2026-09-22 18:20:46,155 INFO: Plan 2: ḡ=59, γE[v]=2.0, Q=61.0 (fn)
2026-09-22 18:20:46,157 INFO: Plan 0: ḡ=17.5, γE[v]=45.2, Q=62.8 (bayes)
2026-09-22 18:20:46,162 INFO: Plan 1: ḡ=26.0, γE[v]=41.0, Q=67.0 (bayes)
2026-09-22 18:20:46,162 INFO: Plan 2: ḡ=29.5, γE[v]=39.3, Q=68.8 (bayes)
2026-09-22 18:20:46,625 INFO: Plan 0: ḡ=2, γE[v]=0.0, Q=2.0 (fn)
2026-09-22 18:20:46,827 INFO: Plan 0: ḡ=2, γE[v]=1.0, Q=3.0 (fn)
2026-09-22 18:20:46,827 INFO: Plan 0: ḡ=0.7, γE[v]=0.5, Q=1.1 (bayes)
2026-09-22 18:20:46,828 INFO: Plan 1: ḡ=0.8, γE[v]=0.3, Q=1.2 (bayes)
2026-09-22 18:20:46,828 INFO: Plan 2: ḡ=0.0, γE[v]=0.8, Q=0.8 (bayes)
2026-09-22 18:20:47,179 INFO: Plan 1: ḡ=1, γE[v]=0.5, Q=1.5 (fn)
2026-09-22 18:20:47,180 INFO: Plan 0: ḡ=0.3, γE[v]=0.0, Q=0.3 (bayes)
2026-09-22 18:20:47,181 INFO: Plan 1: ḡ=0.1, γE[v]=0.1, Q=0.2 (bayes)
2026-09-22 18:20:47,181 INFO: Plan 2: ḡ=0.0, γE[v]=0.1, Q=0.1 (bayes)
2026-09-22 18:20:48,760 INFO: Plan 0: ḡ=23, γE[v]=0.0, Q=23.0 (fn)
2026-09-22 18:20:48,795 INFO: Plan 0: ḡ=4, γE[v]=1.0, Q=5.0 (fn)
2026-09-22 18:20:49,024 INFO: Plan 1: ḡ=38, γE[v]=0.0, Q=38.0 (fn)
2026-09-22 18:20:49,024 INFO: Plan 1: ḡ=6, γE[v]=0.0, Q=6.0 (fn)
2026-09-22 18:20:49,167 INFO: Plan 2: ḡ=38, γE[v]=0.0, Q=38.0 (fn)
2026-09-22 18:20:49,167 INFO: Plan 0: ḡ=9.0, γE[v]=2.5, Q=11.5 (bayes)
2026-09-22 18:20:49,167 INFO: Plan 1: ḡ=14.0, γE[v]=0.0, Q=14.0 (bayes)
2026-09-22 18:20:49,167 INFO: Plan 2: ḡ=14.0, γE[v]=0.0, Q=14.0 (bayes)
2026-09-22 18:20:49,581 INFO: Plan 2: ḡ=3, γE[v]=1.5, Q=4.5 (fn)
2026-09-22 18:20:49,582 INFO: Plan 2: ḡ=21, γE[v]=0.0, Q=21.0 (fn)
2026-09-22 18:20:49,583 INFO: Plan 0: ḡ=0.8, γE[v]=0.3, Q=1.1 (bayes)
2026-09-22 18:20:49,583 INFO: Plan 1: ḡ=1.2, γE[v]=0.0, Q=1.2 (bayes)
2026-09-22 18:20:49,583 INFO: Plan 2: ḡ=0.6, γE[v]=0.4, Q=1.0 (bayes)
2026-09-22 18:20:50,264 INFO: Plan 0: ḡ=35, γE[v]=6.0, Q=41.0 (fn)
2026-09-22 18:20:52,040 INFO: Plan 1: ḡ=31, γE[v]=16.5, Q=47.5 (fn)
2026-09-22 18:20:52,041 INFO: Plan 0: ḡ=13.7, γE[v]=24.9, Q=38.6 (bayes)
2026-09-22 18:20:52,041 INFO: Plan 1: ḡ=11.1, γE[v]=26.8, Q=37.9 (bayes)
2026-09-22 18:20:52,041 INFO: Plan 2: ḡ=7.0, γE[v]=27.9, Q=34.9 (bayes)
2026-09-22 18:20:57,187 INFO: Plan 2: ḡ=41, γE[v]=0.0, Q=41.0 (fn)
2026-09-22 18:20:57,823 INFO: Plan 0: ḡ=163, γE[v]=0.0, Q=163.0 (fn)
2026-09-22 18:21:00,826 INFO: Plan 1: ḡ=88, γE[v]=88.5, Q=176.5 (fn)
2026-09-22 18:21:00,831 INFO: Plan 0: ḡ=81.5, γE[v]=32.2, Q=113.8 (bayes)
2026-09-22 18:21:00,831 INFO: Plan 1: ḡ=44.0, γE[v]=55.0, Q=99.0 (bayes)
2026-09-22 18:21:00,831 INFO: Plan 2: ḡ=20.5, γE[v]=62.8, Q=83.2 (bayes)
2026-09-22 18:21:01,157 INFO: Plan 2: ḡ=45, γE[v]=0.0, Q=45.0 (fn)
2026-09-22 18:21:02,294 INFO: Plan 0: ḡ=29, γE[v]=0.0, Q=29.0 (fn)
2026-09-22 18:21:05,132 INFO: Plan 1: ḡ=48, γE[v]=0.0, Q=48.0 (fn)
2026-09-22 18:21:06,715 INFO: Plan 0: ḡ=50, γE[v]=0.0, Q=50.0 (fn)
2026-09-22 18:21:07,691 INFO: Plan 0: ḡ=2, γE[v]=0.0, Q=2.0 (fn)
2026-09-22 18:21:08,039 INFO: Plan 2: ḡ=79, γE[v]=0.0, Q=79.0 (fn)
2026-09-22 18:21:08,199 INFO: Plan 1: ḡ=4, γE[v]=0.0, Q=4.0 (fn)
2026-09-22 18:21:08,614 INFO: Plan 1: ḡ=52, γE[v]=0.0, Q=52.0 (fn)
2026-09-22 18:21:09,099 INFO: Plan 0: ḡ=33, γE[v]=0.0, Q=33.0 (fn)
2026-09-22 18:21:09,099 INFO: Plan 0: ḡ=12.5, γE[v]=38.0, Q=50.5 (bayes)
2026-09-22 18:21:09,099 INFO: Plan 1: ḡ=26.0, γE[v]=31.2, Q=57.2 (bayes)
2026-09-22 18:21:09,099 INFO: Plan 2: ḡ=39.5, γE[v]=24.5, Q=64.0 (bayes)
2026-09-22 18:21:09,284 INFO: Plan 2: ḡ=3, γE[v]=2.0, Q=5.0 (fn)
2026-09-22 18:21:09,284 INFO: Plan 0: ḡ=0.5, γE[v]=0.7, Q=1.2 (bayes)
2026-09-22 18:21:09,284 INFO: Plan 1: ḡ=1.0, γE[v]=0.4, Q=1.4 (bayes)
2026-09-22 18:21:09,284 INFO: Plan 2: ḡ=0.8, γE[v]=0.6, Q=1.5 (bayes)
2026-09-22 18:21:10,761 INFO: Plan 0: ḡ=0, γE[v]=0.0, Q=0.0 (fn)
2026-09-22 18:21:11,459 INFO: Plan 1: ḡ=0, γE[v]=0.0, Q=0.0 (fn)
2026-09-22 18:21:11,653 INFO: Plan 1: ḡ=49, γE[v]=6.0, Q=55.0 (fn)
2026-09-22 18:21:11,900 INFO: Plan 2: ḡ=0, γE[v]=0.0, Q=0.0 (fn)
2026-09-22 18:21:11,901 INFO: Plan 0: ḡ=0.0, γE[v]=0.0, Q=0.0 (bayes)
2026-09-22 18:21:11,901 INFO: Plan 1: ḡ=0.0, γE[v]=0.0, Q=0.0 (bayes)
2026-09-22 18:21:11,901 INFO: Plan 2: ḡ=0.0, γE[v]=0.0, Q=0.0 (bayes)
2026-09-22 18:21:11,944 INFO: Plan 0: ḡ=25, γE[v]=16.0, Q=41.0 (fn)
2026-09-22 18:21:11,944 INFO: Plan 0: ḡ=11.0, γE[v]=13.6, Q=24.6 (bayes)
2026-09-22 18:21:11,944 INFO: Plan 1: ḡ=24.0, γE[v]=6.3, Q=30.3 (bayes)
2026-09-22 18:21:11,945 INFO: Plan 2: ḡ=17.7, γE[v]=9.5, Q=27.2 (bayes)
2026-09-22 18:21:12,456 INFO: Plan 1: ḡ=84, γE[v]=0.0, Q=84.0 (fn)
2026-09-22 18:21:12,806 INFO: Plan 1: ḡ=19, γE[v]=0.0, Q=19.0 (fn)
2026-09-22 18:21:12,996 INFO: Plan 0: ḡ=67, γE[v]=0.0, Q=67.0 (fn)
2026-09-22 18:21:12,997 INFO: Plan 0: ḡ=6, γE[v]=0.0, Q=6.0 (fn)
2026-09-22 18:21:13,718 INFO: Plan 2: ḡ=25, γE[v]=0.0, Q=25.0 (fn)
2026-09-22 18:21:13,718 INFO: Plan 0: ḡ=1.0, γE[v]=1.4, Q=2.4 (bayes)
2026-09-22 18:21:13,719 INFO: Plan 1: ḡ=2.7, γE[v]=0.5, Q=3.2 (bayes)
2026-09-22 18:21:13,719 INFO: Plan 2: ḡ=3.7, γE[v]=0.0, Q=3.7 (bayes)
2026-09-22 18:21:14,087 INFO: Plan 2: ḡ=91, γE[v]=1.5, Q=92.5 (fn)
2026-09-22 18:21:14,088 INFO: Plan 0: ḡ=19.7, γE[v]=22.6, Q=42.3 (bayes)
2026-09-22 18:21:14,088 INFO: Plan 1: ḡ=17.5, γE[v]=23.7, Q=41.2 (bayes)
2026-09-22 18:21:14,088 INFO: Plan 2: ḡ=26.6, γE[v]=19.3, Q=45.9 (bayes)
2026-09-22 18:21:14,162 INFO: Plan 1: ḡ=99, γE[v]=36.5, Q=135.5 (fn)
2026-09-22 18:21:14,436 INFO: Plan 1: ḡ=146, γE[v]=0.0, Q=146.0 (fn)
2026-09-22 18:21:15,418 INFO: Plan 2: ḡ=121, γE[v]=26.5, Q=147.5 (fn)
2026-09-22 18:21:15,418 INFO: Plan 0: ḡ=9.7, γE[v]=24.8, Q=34.5 (bayes)
2026-09-22 18:21:15,418 INFO: Plan 1: ḡ=34.3, γE[v]=14.7, Q=49.0 (bayes)
2026-09-22 18:21:15,419 INFO: Plan 2: ḡ=41.7, γE[v]=10.4, Q=52.1 (bayes)
2026-09-22 18:21:15,540 INFO: Plan 2: ḡ=43, γE[v]=0.0, Q=43.0 (fn)
2026-09-22 18:21:15,721 INFO: Plan 0: ḡ=27, γE[v]=0.0, Q=27.0 (fn)
2026-09-22 18:21:15,722 INFO: Plan 0: ḡ=13.5, γE[v]=21.9, Q=35.4 (bayes)
2026-09-22 18:21:15,722 INFO: Plan 1: ḡ=29.5, γE[v]=13.9, Q=43.4 (bayes)
2026-09-22 18:21:15,722 INFO: Plan 2: ḡ=14.3, γE[v]=21.5, Q=35.8 (bayes)
2026-09-22 18:21:15,762 INFO: Plan 2: ḡ=29, γE[v]=0.0, Q=29.0 (fn)
2026-09-22 18:21:15,763 INFO: Plan 0: ḡ=25.0, γE[v]=50.1, Q=75.1 (bayes)
2026-09-22 18:21:15,763 INFO: Plan 1: ḡ=20.2, γE[v]=52.8, Q=72.9 (bayes)
2026-09-22 18:21:15,763 INFO: Plan 2: ḡ=14.5, γE[v]=55.3, Q=69.8 (bayes)
2026-09-22 18:21:17,910 INFO: Plan 0: ḡ=23, γE[v]=0.0, Q=23.0 (fn)
2026-09-22 18:21:18,786 INFO: Plan 1: ḡ=2, γE[v]=0.0, Q=2.0 (fn)
2026-09-22 18:21:18,786 INFO: Plan 0: ḡ=5, γE[v]=0.0, Q=5.0 (fn)
2026-09-22 18:21:19,186 INFO: Plan 2: ḡ=4, γE[v]=0.0, Q=4.0 (fn)
2026-09-22 18:21:19,187 INFO: Plan 0: ḡ=2.0, γE[v]=1.9, Q=3.9 (bayes)
2026-09-22 18:21:19,187 INFO: Plan 1: ḡ=1.3, γE[v]=2.2, Q=3.6 (bayes)
2026-09-22 18:21:19,187 INFO: Plan 2: ḡ=2.5, γE[v]=1.7, Q=4.2 (bayes)
2026-09-22 18:21:23,977 INFO: Plan 0: ḡ=0, γE[v]=0.0, Q=0.0 (fn)
2026-09-22 18:21:24,169 INFO: Plan 1: ḡ=0, γE[v]=0.0, Q=0.0 (fn)
2026-09-22 18:21:24,290 INFO: Plan 2: ḡ=0, γE[v]=0.0, Q=0.0 (fn)
2026-09-22 18:21:24,291 INFO: Plan 0: ḡ=0.0, γE[v]=0.0, Q=0.0 (bayes)
2026-09-22 18:21:24,291 INFO: Plan 1: ḡ=0.0, γE[v]=0.0, Q=0.0 (bayes)
2026-09-22 18:21:24,291 INFO: Plan 2: ḡ=0.0, γE[v]=0.0, Q=0.0 (bayes)
2026-09-22 18:21:24,827 INFO: Plan 0: ḡ=66, γE[v]=102.5, Q=168.5 (fn)
2026-09-22 18:21:25,480 INFO: Plan 1: ḡ=37, γE[v]=37.5, Q=74.5 (fn)
2026-09-22 18:21:25,963 INFO: Plan 1: ḡ=123, γE[v]=81.5, Q=204.5 (fn)
2026-09-22 18:21:26,496 INFO: Plan 1: ḡ=184, γE[v]=43.0, Q=227.0 (fn)
2026-09-22 18:21:26,704 INFO: Plan 2: ḡ=182, γE[v]=64.5, Q=246.5 (fn)
2026-09-22 18:21:26,705 INFO: Plan 0: ḡ=33.0, γE[v]=81.9, Q=114.9 (bayes)
2026-09-22 18:21:26,705 INFO: Plan 1: ḡ=61.5, γE[v]=66.7, Q=128.2 (bayes)
2026-09-22 18:21:26,705 INFO: Plan 2: ḡ=91.0, γE[v]=51.2, Q=142.2 (bayes)
2026-09-22 18:21:27,238 INFO: Plan 2: ḡ=96, γE[v]=13.0, Q=109.0 (fn)
2026-09-22 18:21:27,239 INFO: Plan 2: ḡ=14, γE[v]=0.0, Q=14.0 (fn)
2026-09-22 18:21:27,748 INFO: Plan 0: ḡ=17, γE[v]=2.5, Q=19.5 (fn)
2026-09-22 18:21:27,976 INFO: Plan 1: ḡ=21, γE[v]=0.0, Q=21.0 (fn)
2026-09-22 18:21:27,976 INFO: Plan 0: ḡ=5.3, γE[v]=5.4, Q=10.8 (bayes)
2026-09-22 18:21:27,976 INFO: Plan 1: ḡ=7.0, γE[v]=4.5, Q=11.5 (bayes)
2026-09-22 18:21:27,976 INFO: Plan 2: ḡ=4.7, γE[v]=5.7, Q=10.3 (bayes)
2026-09-22 18:21:28,144 INFO: Plan 2: ḡ=15, γE[v]=0.0, Q=15.0 (fn)
2026-09-22 18:21:28,800 INFO: Plan 1: ḡ=2, γE[v]=0.0, Q=2.0 (fn)
2026-09-22 18:21:28,948 INFO: Plan 2: ḡ=141, γE[v]=30.5, Q=171.5 (fn)
2026-09-22 18:21:28,948 INFO: Plan 0: ḡ=11.5, γE[v]=143.0, Q=154.5 (bayes)
2026-09-22 18:21:28,948 INFO: Plan 1: ḡ=92.0, γE[v]=104.7, Q=196.7 (bayes)
2026-09-22 18:21:28,949 INFO: Plan 2: ḡ=70.5, γE[v]=114.9, Q=185.4 (bayes)
2026-09-22 18:21:29,257 INFO: Plan 1: ḡ=1, γE[v]=0.0, Q=1.0 (fn)
2026-09-22 18:21:29,449 INFO: Plan 2: ḡ=1, γE[v]=0.0, Q=1.0 (fn)
2026-09-22 18:21:29,451 INFO: Plan 0: ḡ=13, γE[v]=0.0, Q=13.0 (fn)
2026-09-22 18:21:29,451 INFO: Plan 0: ḡ=1, γE[v]=0.0, Q=1.0 (fn)
2026-09-22 18:21:29,451 INFO: Plan 0: ḡ=0.3, γE[v]=0.3, Q=0.6 (bayes)
2026-09-22 18:21:29,451 INFO: Plan 1: ḡ=0.3, γE[v]=0.3, Q=0.6 (bayes)
2026-09-22 18:21:29,452 INFO: Plan 2: ḡ=0.2, γE[v]=0.3, Q=0.6 (bayes)
2026-09-22 18:21:30,437 INFO: Plan 2: ḡ=22, γE[v]=2.5, Q=24.5 (fn)
2026-09-22 18:21:30,479 INFO: Plan 0: ḡ=59, γE[v]=0.0, Q=59.0 (fn)
2026-09-22 18:21:30,521 INFO: Plan 1: ḡ=29, γE[v]=4.5, Q=33.5 (fn)
2026-09-22 18:21:30,892 INFO: Plan 0: ḡ=2, γE[v]=8.5, Q=10.5 (fn)
2026-09-22 18:21:30,894 INFO: Plan 2: ḡ=7, γE[v]=0.5, Q=7.5 (fn)
2026-09-22 18:21:30,895 INFO: Plan 0: ḡ=0.7, γE[v]=2.8, Q=3.4 (bayes)
2026-09-22 18:21:30,895 INFO: Plan 0: ḡ=6.3, γE[v]=55.3, Q=61.7 (bayes)
2026-09-22 18:21:30,895 INFO: Plan 1: ḡ=0.7, γE[v]=2.2, Q=2.9 (bayes)
2026-09-22 18:21:30,895 INFO: Plan 1: ḡ=9.7, γE[v]=53.9, Q=63.6 (bayes)
2026-09-22 18:21:30,895 INFO: Plan 2: ḡ=3.8, γE[v]=0.7, Q=4.4 (bayes)
2026-09-22 18:21:30,895 INFO: Plan 2: ḡ=3.3, γE[v]=56.9, Q=60.2 (bayes)
2026-09-22 18:21:31,158 INFO: Plan 1: ḡ=33, γE[v]=3.0, Q=36.0 (fn)
2026-09-22 18:21:31,159 INFO: Plan 0: ḡ=19.7, γE[v]=5.5, Q=25.2 (bayes)
2026-09-22 18:21:31,159 INFO: Plan 1: ḡ=11.0, γE[v]=10.0, Q=21.0 (bayes)
2026-09-22 18:21:31,159 INFO: Plan 2: ḡ=7.3, γE[v]=11.8, Q=19.1 (bayes)
2026-09-22 18:21:31,952 INFO: Plan 0: ḡ=14, γE[v]=0.0, Q=14.0 (fn)
2026-09-22 18:21:32,568 INFO: Plan 0: ḡ=79, γE[v]=41.0, Q=120.0 (fn)
2026-09-22 18:21:32,569 INFO: Plan 0: ḡ=39.5, γE[v]=22.8, Q=62.3 (bayes)
2026-09-22 18:21:32,571 INFO: Plan 1: ḡ=18.5, γE[v]=33.2, Q=51.7 (bayes)
2026-09-22 18:21:32,573 INFO: Plan 2: ḡ=48.0, γE[v]=17.3, Q=65.3 (bayes)
2026-09-22 18:21:33,185 INFO: Plan 2: ḡ=54, γE[v]=6.0, Q=60.0 (fn)
2026-09-22 18:21:33,228 INFO: Plan 2: ḡ=141, γE[v]=15.0, Q=156.0 (fn)
2026-09-22 18:21:33,901 INFO: Plan 2: ḡ=15, γE[v]=0.5, Q=15.5 (fn)
2026-09-22 18:21:34,427 INFO: Plan 1: ḡ=18, γE[v]=0.0, Q=18.0 (fn)
2026-09-22 18:21:34,428 INFO: Plan 0: ḡ=2.5, γE[v]=0.2, Q=2.8 (bayes)
2026-09-22 18:21:34,428 INFO: Plan 1: ḡ=3.0, γE[v]=0.0, Q=3.0 (bayes)
2026-09-22 18:21:34,428 INFO: Plan 2: ḡ=1.9, γE[v]=0.6, Q=2.5 (bayes)
2026-09-22 18:21:34,870 INFO: Plan 1: ḡ=107, γE[v]=0.0, Q=107.0 (fn)
2026-09-22 18:21:34,916 INFO: Plan 1: ḡ=93, γE[v]=39.0, Q=132.0 (fn)
2026-09-22 18:21:35,499 INFO: Plan 0: ḡ=98, γE[v]=34.0, Q=132.0 (fn)
2026-09-22 18:21:35,499 INFO: Plan 0: ḡ=41.0, γE[v]=17.1, Q=58.1 (bayes)
2026-09-22 18:21:35,499 INFO: Plan 1: ḡ=43.8, γE[v]=16.2, Q=60.0 (bayes)
2026-09-22 18:21:35,500 INFO: Plan 2: ḡ=61.7, γE[v]=5.9, Q=67.6 (bayes)
2026-09-22 18:21:36,958 INFO: Plan 0: ḡ=61, γE[v]=0.0, Q=61.0 (fn)
2026-09-22 18:21:36,959 INFO: Plan 0: ḡ=30.5, γE[v]=34.5, Q=65.0 (bayes)
2026-09-22 18:21:36,959 INFO: Plan 1: ḡ=53.5, γE[v]=23.0, Q=76.5 (bayes)
2026-09-22 18:21:36,959 INFO: Plan 2: ḡ=27.0, γE[v]=36.5, Q=63.5 (bayes)
2026-09-22 18:21:37,214 INFO: Plan 1: ḡ=34, γE[v]=0.0, Q=34.0 (fn)
2026-09-22 18:21:37,215 INFO: Plan 0: ḡ=165, γE[v]=0.0, Q=165.0 (fn)
2026-09-22 18:21:38,234 INFO: Plan 2: ḡ=33, γE[v]=0.0, Q=33.0 (fn)
2026-09-22 18:21:38,235 INFO: Plan 0: ḡ=75.2, γE[v]=61.2, Q=136.5 (bayes)
2026-09-22 18:21:38,235 INFO: Plan 1: ḡ=17.0, γE[v]=90.4, Q=107.4 (bayes)
2026-09-22 18:21:38,235 INFO: Plan 2: ḡ=15.0, γE[v]=91.4, Q=106.4 (bayes)
2026-09-22 18:21:39,225 INFO: Plan 2: ḡ=55, γE[v]=11.5, Q=66.5 (fn)
2026-09-22 18:21:40,010 INFO: Plan 0: ḡ=30, γE[v]=5.0, Q=35.0 (fn)
2026-09-22 18:21:41,851 INFO: Plan 1: ḡ=58, γE[v]=5.5, Q=63.5 (fn)
2026-09-22 18:21:41,852 INFO: Plan 0: ḡ=15.0, γE[v]=34.7, Q=49.7 (bayes)
2026-09-22 18:21:41,852 INFO: Plan 1: ḡ=29.0, γE[v]=27.7, Q=56.8 (bayes)
2026-09-22 18:21:41,852 INFO: Plan 2: ḡ=27.5, γE[v]=28.8, Q=56.3 (bayes)
2026-09-22 18:21:43,325 INFO: Plan 0: ḡ=58, γE[v]=0.0, Q=58.0 (fn)
2026-09-22 18:21:44,182 INFO: Plan 1: ḡ=40, γE[v]=0.0, Q=40.0 (fn)
2026-09-22 18:21:44,509 INFO: Plan 2: ḡ=46, γE[v]=0.0, Q=46.0 (fn)
2026-09-22 18:21:44,865 INFO: Plan 2: ḡ=13, γE[v]=0.0, Q=13.0 (fn)
2026-09-22 18:21:44,947 INFO: Plan 0: ḡ=6, γE[v]=0.0, Q=6.0 (fn)
2026-09-22 18:21:45,246 INFO: Plan 2: ḡ=82, γE[v]=0.0, Q=82.0 (fn)
2026-09-22 18:21:45,247 INFO: Plan 0: ḡ=20.8, γE[v]=72.1, Q=92.8 (bayes)
2026-09-22 18:21:45,247 INFO: Plan 1: ḡ=16.0, γE[v]=74.5, Q=90.5 (bayes)
2026-09-22 18:21:45,247 INFO: Plan 2: ḡ=28.8, γE[v]=68.0, Q=96.9 (bayes)
2026-09-22 18:21:45,656 INFO: Plan 2: ḡ=0, γE[v]=0.0, Q=0.0 (fn)
2026-09-22 18:21:46,121 INFO: Plan 0: ḡ=1, γE[v]=0.0, Q=1.0 (fn)
2026-09-22 18:21:46,328 INFO: Plan 1: ḡ=19, γE[v]=0.0, Q=19.0 (fn)
2026-09-22 18:21:46,328 INFO: Plan 0: ḡ=3.0, γE[v]=2.2, Q=5.2 (bayes)
2026-09-22 18:21:46,328 INFO: Plan 1: ḡ=7.3, γE[v]=0.0, Q=7.3 (bayes)
2026-09-22 18:21:46,328 INFO: Plan 2: ḡ=4.3, γE[v]=1.5, Q=5.8 (bayes)
2026-09-22 18:21:47,288 INFO: Plan 1: ḡ=169, γE[v]=36.5, Q=205.5 (fn)
2026-09-22 18:21:48,419 INFO: Plan 1: ḡ=1, γE[v]=0.5, Q=1.5 (fn)
2026-09-22 18:21:48,420 INFO: Plan 0: ḡ=0.1, γE[v]=0.1, Q=0.2 (bayes)
2026-09-22 18:21:48,420 INFO: Plan 1: ḡ=0.1, γE[v]=0.1, Q=0.2 (bayes)
2026-09-22 18:21:48,420 INFO: Plan 2: ḡ=0.0, γE[v]=0.1, Q=0.1 (bayes)
2026-09-22 18:21:49,441 INFO: Plan 2: ḡ=42, γE[v]=0.0, Q=42.0 (fn)
2026-09-22 18:21:50,358 INFO: Plan 0: ḡ=253, γE[v]=30.5, Q=283.5 (fn)
2026-09-22 18:21:50,359 INFO: Plan 0: ḡ=126.5, γE[v]=29.9, Q=156.4 (bayes)
2026-09-22 18:21:50,359 INFO: Plan 1: ḡ=84.5, γE[v]=51.1, Q=135.6 (bayes)
2026-09-22 18:21:50,359 INFO: Plan 2: ḡ=23.0, γE[v]=80.2, Q=103.2 (bayes)
2026-09-22 18:21:52,362 INFO: Plan 0: ḡ=145, γE[v]=0.0, Q=145.0 (fn)
2026-09-22 18:21:53,912 INFO: Plan 1: ḡ=73, γE[v]=36.0, Q=109.0 (fn)
2026-09-22 18:21:53,913 INFO: Plan 0: ḡ=72.5, γE[v]=0.0, Q=72.5 (bayes)
2026-09-22 18:21:53,913 INFO: Plan 1: ḡ=36.5, γE[v]=19.6, Q=56.1 (bayes)
2026-09-22 18:21:53,913 INFO: Plan 2: ḡ=21.0, γE[v]=25.8, Q=46.8 (bayes)
2026-09-22 18:21:54,271 INFO: Plan 0: ḡ=15, γE[v]=0.0, Q=15.0 (fn)
2026-09-22 18:21:54,356 INFO: Plan 1: ḡ=15, γE[v]=0.0, Q=15.0 (fn)
2026-09-22 18:21:54,356 INFO: Plan 2: ḡ=15, γE[v]=0.0, Q=15.0 (fn)
2026-09-22 18:21:54,357 INFO: Plan 0: ḡ=3.8, γE[v]=0.0, Q=3.8 (bayes)
2026-09-22 18:21:54,357 INFO: Plan 1: ḡ=3.8, γE[v]=0.0, Q=3.8 (bayes)
2026-09-22 18:21:54,357 INFO: Plan 2: ḡ=3.8, γE[v]=0.0, Q=3.8 (bayes)
2026-09-22 18:21:55,307 INFO: Plan 1: ḡ=6, γE[v]=0.0, Q=6.0 (fn)
2026-09-22 18:21:55,470 INFO: Plan 0: ḡ=4, γE[v]=1.0, Q=5.0 (fn)
2026-09-22 18:21:55,848 INFO: Plan 2: ḡ=3, γE[v]=1.5, Q=4.5 (fn)
2026-09-22 18:21:55,848 INFO: Plan 0: ḡ=0.7, γE[v]=0.2, Q=0.9 (bayes)
2026-09-22 18:21:55,849 INFO: Plan 1: ḡ=1.0, γE[v]=0.0, Q=1.0 (bayes)
2026-09-22 18:21:55,849 INFO: Plan 2: ḡ=0.5, γE[v]=0.4, Q=0.9 (bayes)
2026-09-22 18:21:56,862 INFO: Plan 1: ḡ=57, γE[v]=0.0, Q=57.0 (fn)
2026-09-22 18:21:57,968 INFO: Plan 0: ḡ=35, γE[v]=0.0, Q=35.0 (fn)
2026-09-22 18:21:58,133 INFO: Plan 2: ḡ=16, γE[v]=0.0, Q=16.0 (fn)
2026-09-22 18:21:58,134 INFO: Plan 0: ḡ=17.5, γE[v]=32.2, Q=49.7 (bayes)
2026-09-22 18:21:58,134 INFO: Plan 1: ḡ=28.5, γE[v]=26.7, Q=55.2 (bayes)
2026-09-22 18:21:58,134 INFO: Plan 2: ḡ=5.3, γE[v]=38.2, Q=43.6 (bayes)
2026-09-22 18:22:02,506 INFO: Plan 0: ḡ=14, γE[v]=0.0, Q=14.0 (fn)
2026-09-22 18:22:03,560 INFO: Plan 2: ḡ=19, γE[v]=0.0, Q=19.0 (fn)
2026-09-22 18:22:03,770 INFO: Plan 2: ḡ=0, γE[v]=0.0, Q=0.0 (fn)
2026-09-22 18:22:03,972 INFO: Plan 1: ḡ=7, γE[v]=0.0, Q=7.0 (fn)
2026-09-22 18:22:04,011 INFO: Plan 0: ḡ=1, γE[v]=3.0, Q=4.0 (fn)
2026-09-22 18:22:04,012 INFO: Plan 0: ḡ=0.5, γE[v]=1.6, Q=2.1 (bayes)
2026-09-22 18:22:04,012 INFO: Plan 1: ḡ=3.5, γE[v]=0.0, Q=3.5 (bayes)
2026-09-22 18:22:04,012 INFO: Plan 2: ḡ=0.0, γE[v]=1.8, Q=1.8 (bayes)
2026-09-22 18:22:04,663 INFO: Plan 1: ḡ=4, γE[v]=0.0, Q=4.0 (fn)
2026-09-22 18:22:04,663 INFO: Plan 0: ḡ=2, γE[v]=0.0, Q=2.0 (fn)
2026-09-22 18:22:04,705 INFO: Plan 1: ḡ=14, γE[v]=16.0, Q=30.0 (fn)
2026-09-22 18:22:04,706 INFO: Plan 0: ḡ=3.6, γE[v]=22.3, Q=25.9 (bayes)
2026-09-22 18:22:04,706 INFO: Plan 1: ḡ=5.7, γE[v]=22.2, Q=27.9 (bayes)
2026-09-22 18:22:04,706 INFO: Plan 2: ḡ=7.2, γE[v]=20.5, Q=27.6 (bayes)
2026-09-22 18:22:05,550 INFO: Plan 2: ḡ=2, γE[v]=2.0, Q=4.0 (fn)
2026-09-22 18:22:05,550 INFO: Plan 0: ḡ=0.4, γE[v]=0.4, Q=0.8 (bayes)
2026-09-22 18:22:05,551 INFO: Plan 1: ḡ=0.8, γE[v]=0.2, Q=1.0 (bayes)
2026-09-22 18:22:05,551 INFO: Plan 2: ḡ=0.4, γE[v]=0.5, Q=0.9 (bayes)
2026-09-22 18:22:06,880 INFO: Plan 2: ḡ=32, γE[v]=0.0, Q=32.0 (fn)
2026-09-22 18:22:07,405 INFO: Plan 0: ḡ=9, γE[v]=0.0, Q=9.0 (fn)
2026-09-22 18:22:08,205 INFO: Plan 0: ḡ=0, γE[v]=0.0, Q=0.0 (fn)
2026-09-22 18:22:08,205 INFO: Plan 1: ḡ=7, γE[v]=0.0, Q=7.0 (fn)
2026-09-22 18:22:08,206 INFO: Plan 0: ḡ=3.0, γE[v]=6.5, Q=9.5 (bayes)
2026-09-22 18:22:08,206 INFO: Plan 1: ḡ=2.3, γE[v]=6.8, Q=9.2 (bayes)
2026-09-22 18:22:08,206 INFO: Plan 2: ḡ=10.7, γE[v]=2.7, Q=13.3 (bayes)
2026-09-22 18:22:08,925 INFO: Plan 1: ḡ=0, γE[v]=0.0, Q=0.0 (fn)
2026-09-22 18:22:09,251 INFO: Plan 2: ḡ=0, γE[v]=0.0, Q=0.0 (fn)
2026-09-22 18:22:09,251 INFO: Plan 0: ḡ=0.0, γE[v]=0.0, Q=0.0 (bayes)
2026-09-22 18:22:09,251 INFO: Plan 1: ḡ=0.0, γE[v]=0.0, Q=0.0 (bayes)
2026-09-22 18:22:09,251 INFO: Plan 2: ḡ=0.0, γE[v]=0.0, Q=0.0 (bayes)
2026-09-22 18:22:09,962 INFO: Plan 0: ḡ=31, γE[v]=0.0, Q=31.0 (fn)
2026-09-22 18:22:10,233 INFO: Plan 1: ḡ=48, γE[v]=0.0, Q=48.0 (fn)
2026-09-22 18:22:11,043 INFO: Plan 2: ḡ=32, γE[v]=0.0, Q=32.0 (fn)
2026-09-22 18:22:11,044 INFO: Plan 0: ḡ=11.5, γE[v]=19.9, Q=31.4 (bayes)
2026-09-22 18:22:11,044 INFO: Plan 1: ḡ=24.0, γE[v]=13.7, Q=37.7 (bayes)
2026-09-22 18:22:11,044 INFO: Plan 2: ḡ=14.8, γE[v]=18.2, Q=33.1 (bayes)
2026-09-22 18:22:12,028 INFO: Plan 0: ḡ=32, γE[v]=0.0, Q=32.0 (fn)
2026-09-22 18:22:13,327 INFO: Plan 2: ḡ=29, γE[v]=0.0, Q=29.0 (fn)
2026-09-22 18:22:13,568 INFO: Plan 0: ḡ=27, γE[v]=0.0, Q=27.0 (fn)
2026-09-22 18:22:13,940 INFO: Plan 1: ḡ=44, γE[v]=0.0, Q=44.0 (fn)
2026-09-22 18:22:13,942 INFO: Plan 0: ḡ=13, γE[v]=0.0, Q=13.0 (fn)
2026-09-22 18:22:13,942 INFO: Plan 0: ḡ=13.5, γE[v]=7.3, Q=20.8 (bayes)
2026-09-22 18:22:13,942 INFO: Plan 1: ḡ=14.7, γE[v]=6.8, Q=21.4 (bayes)
2026-09-22 18:22:13,942 INFO: Plan 2: ḡ=9.7, γE[v]=9.2, Q=18.9 (bayes)
2026-09-22 18:22:15,009 INFO: Plan 1: ḡ=2, γE[v]=0.0, Q=2.0 (fn)
2026-09-22 18:22:15,201 INFO: Plan 1: ḡ=28, γE[v]=0.0, Q=28.0 (fn)
2026-09-22 18:22:15,241 INFO: Plan 0: ḡ=5, γE[v]=0.0, Q=5.0 (fn)
2026-09-22 18:22:16,802 INFO: Plan 0: ḡ=2, γE[v]=0.0, Q=2.0 (fn)
2026-09-22 18:22:16,882 INFO: Plan 2: ḡ=15, γE[v]=0.0, Q=15.0 (fn)
2026-09-22 18:22:16,924 INFO: Plan 1: ḡ=2, γE[v]=0.0, Q=2.0 (fn)
2026-09-22 18:22:16,924 INFO: Plan 0: ḡ=0.7, γE[v]=1.8, Q=2.5 (bayes)
2026-09-22 18:22:16,925 INFO: Plan 1: ḡ=0.7, γE[v]=1.8, Q=2.5 (bayes)
2026-09-22 18:22:16,925 INFO: Plan 2: ḡ=3.0, γE[v]=0.7, Q=3.7 (bayes)
2026-09-22 18:22:17,580 INFO: Plan 2: ḡ=0, γE[v]=3.5, Q=3.5 (fn)
2026-09-22 18:22:17,580 INFO: Plan 0: ḡ=2.0, γE[v]=0.7, Q=2.7 (bayes)
2026-09-22 18:22:17,580 INFO: Plan 1: ḡ=1.3, γE[v]=1.0, Q=2.3 (bayes)
2026-09-22 18:22:17,580 INFO: Plan 2: ḡ=0.0, γE[v]=1.8, Q=1.8 (bayes)
2026-09-22 18:22:19,169 INFO: Plan 2: ḡ=76, γE[v]=23.5, Q=99.5 (fn)
2026-09-22 18:22:20,026 INFO: Plan 0: ḡ=1, γE[v]=0.0, Q=1.0 (fn)
2026-09-22 18:22:20,152 INFO: Plan 2: ḡ=23, γE[v]=3.0, Q=26.0 (fn)
2026-09-22 18:22:20,152 INFO: Plan 0: ḡ=15.7, γE[v]=42.6, Q=58.2 (bayes)
2026-09-22 18:22:20,153 INFO: Plan 1: ḡ=13.0, γE[v]=43.9, Q=56.9 (bayes)
2026-09-22 18:22:20,153 INFO: Plan 2: ḡ=11.5, γE[v]=44.8, Q=56.3 (bayes)
2026-09-22 18:22:20,764 INFO: Plan 1: ḡ=95, γE[v]=13.5, Q=108.5 (fn)
2026-09-22 18:22:20,765 INFO: Plan 0: ḡ=5.2, γE[v]=13.8, Q=19.0 (bayes)
2026-09-22 18:22:20,765 INFO: Plan 1: ḡ=23.8, γE[v]=5.3, Q=29.1 (bayes)
2026-09-22 18:22:20,765 INFO: Plan 2: ḡ=21.0, γE[v]=7.5, Q=28.5 (bayes)
2026-09-22 18:22:21,157 INFO: Plan 1: ḡ=80, γE[v]=0.0, Q=80.0 (fn)
2026-09-22 18:22:21,517 INFO: Plan 2: ḡ=88, γE[v]=0.0, Q=88.0 (fn)
2026-09-22 18:22:21,517 INFO: Plan 1: ḡ=1, γE[v]=0.5, Q=1.5 (fn)
2026-09-22 18:22:21,914 INFO: Plan 1: ḡ=0, γE[v]=0.0, Q=0.0 (fn)
2026-09-22 18:22:21,915 INFO: Plan 0: ḡ=0, γE[v]=0.0, Q=0.0 (fn)
2026-09-22 18:22:22,417 INFO: Plan 2: ḡ=0, γE[v]=0.0, Q=0.0 (fn)
2026-09-22 18:22:22,417 INFO: Plan 0: ḡ=0.0, γE[v]=0.0, Q=0.0 (bayes)
2026-09-22 18:22:22,417 INFO: Plan 1: ḡ=0.0, γE[v]=0.0, Q=0.0 (bayes)
2026-09-22 18:22:22,417 INFO: Plan 2: ḡ=0.0, γE[v]=0.0, Q=0.0 (bayes)
2026-09-22 18:22:22,639 INFO: Plan 0: ḡ=37, γE[v]=0.0, Q=37.0 (fn)
2026-09-22 18:22:22,640 INFO: Plan 0: ḡ=9.8, γE[v]=19.7, Q=29.4 (bayes)
2026-09-22 18:22:22,640 INFO: Plan 1: ḡ=16.5, γE[v]=16.3, Q=32.8 (bayes)
2026-09-22 18:22:22,640 INFO: Plan 2: ḡ=24.4, γE[v]=12.4, Q=36.7 (bayes)
2026-09-22 18:22:23,174 INFO: Plan 2: ḡ=12, γE[v]=0.0, Q=12.0 (fn)
2026-09-22 18:22:23,175 INFO: Plan 2: ḡ=0, γE[v]=0.0, Q=0.0 (fn)
2026-09-22 18:22:23,382 INFO: Plan 0: ḡ=15, γE[v]=0.0, Q=15.0 (fn)
2026-09-22 18:22:23,696 INFO: Plan 1: ḡ=8, γE[v]=0.0, Q=8.0 (fn)
2026-09-22 18:22:23,696 INFO: Plan 0: ḡ=4.3, γE[v]=2.9, Q=7.2 (bayes)
2026-09-22 18:22:23,696 INFO: Plan 1: ḡ=1.7, γE[v]=4.2, Q=5.9 (bayes)
2026-09-22 18:22:23,696 INFO: Plan 2: ḡ=4.0, γE[v]=3.0, Q=7.0 (bayes)
2026-09-22 18:22:24,009 INFO: Plan 2: ḡ=1, γE[v]=0.5, Q=1.5 (fn)
2026-09-22 18:22:24,010 INFO: Plan 0: ḡ=0.3, γE[v]=0.1, Q=0.5 (bayes)
2026-09-22 18:22:24,010 INFO: Plan 1: ḡ=0.2, γE[v]=0.2, Q=0.5 (bayes)
2026-09-22 18:22:24,010 INFO: Plan 2: ḡ=0.3, γE[v]=0.2, Q=0.5 (bayes)
2026-09-22 18:22:24,198 INFO: Plan 0: ḡ=24, γE[v]=0.0, Q=24.0 (fn)
2026-09-22 18:22:24,199 INFO: Plan 0: ḡ=33, γE[v]=0.0, Q=33.0 (fn)
2026-09-22 18:22:24,562 INFO: Plan 1: ḡ=27, γE[v]=3.0, Q=30.0 (fn)
2026-09-22 18:22:24,563 INFO: Plan 0: ḡ=11.0, γE[v]=0.0, Q=11.0 (bayes)
2026-09-22 18:22:24,563 INFO: Plan 1: ḡ=9.0, γE[v]=1.2, Q=10.2 (bayes)
2026-09-22 18:22:24,563 INFO: Plan 2: ḡ=0.0, γE[v]=5.5, Q=5.5 (bayes)
2026-09-22 18:22:24,944 INFO: Plan 1: ḡ=24, γE[v]=0.0, Q=24.0 (fn)
2026-09-22 18:22:25,481 INFO: Plan 0: ḡ=6, γE[v]=0.0, Q=6.0 (fn)
  [49/93] httpx._api seed=123: {'random': 6, 'greedy': 6, 'cov_greedy': 6, 'covqvalue2': 11}
2026-09-22 18:22:25,673 INFO: Plan 1: ḡ=19, γE[v]=0.0, Q=19.0 (fn)
2026-09-22 18:22:26,120 INFO: Plan 2: ḡ=25, γE[v]=0.0, Q=25.0 (fn)
2026-09-22 18:22:26,120 INFO: Plan 0: ḡ=0.9, γE[v]=1.2, Q=2.0 (bayes)
2026-09-22 18:22:26,120 INFO: Plan 1: ḡ=2.4, γE[v]=0.4, Q=2.8 (bayes)
2026-09-22 18:22:26,120 INFO: Plan 2: ḡ=3.2, γE[v]=0.0, Q=3.2 (bayes)
2026-09-22 18:22:27,161 INFO: Plan 2: ḡ=8, γE[v]=0.0, Q=8.0 (fn)
  [50/93] httpx._main seed=123: {'random': 57, 'greedy': 57, 'cov_greedy': 57, 'covqvalue2': 83}
2026-09-22 18:22:29,689 INFO: Plan 1: ḡ=56, γE[v]=0.0, Q=56.0 (fn)
2026-09-22 18:22:29,726 INFO: Plan 0: ḡ=20, γE[v]=0.0, Q=20.0 (fn)
2026-09-22 18:22:30,289 INFO: Plan 0: ḡ=27, γE[v]=13.5, Q=40.5 (fn)
2026-09-22 18:22:30,667 INFO: Plan 1: ḡ=23, γE[v]=15.5, Q=38.5 (fn)
2026-09-22 18:22:30,667 INFO: Plan 0: ḡ=13.2, γE[v]=5.9, Q=19.1 (bayes)
2026-09-22 18:22:30,667 INFO: Plan 1: ḡ=8.2, γE[v]=8.4, Q=16.5 (bayes)
2026-09-22 18:22:30,667 INFO: Plan 2: ḡ=3.8, γE[v]=9.8, Q=13.7 (bayes)
2026-09-22 18:22:31,919 INFO: Plan 2: ḡ=9, γE[v]=24.0, Q=33.0 (fn)
2026-09-22 18:22:31,919 INFO: Plan 0: ḡ=11.7, γE[v]=47.6, Q=59.2 (bayes)
2026-09-22 18:22:31,920 INFO: Plan 1: ḡ=8.8, γE[v]=49.0, Q=57.8 (bayes)
2026-09-22 18:22:31,920 INFO: Plan 2: ḡ=4.5, γE[v]=52.2, Q=56.8 (bayes)
2026-09-22 18:22:33,359 INFO: Plan 2: ḡ=131, γE[v]=0.0, Q=131.0 (fn)
2026-09-22 18:22:33,360 INFO: Plan 0: ḡ=10.0, γE[v]=79.9, Q=89.9 (bayes)
2026-09-22 18:22:33,360 INFO: Plan 1: ḡ=28.0, γE[v]=70.9, Q=98.9 (bayes)
2026-09-22 18:22:33,360 INFO: Plan 2: ḡ=58.0, γE[v]=55.9, Q=113.9 (bayes)
2026-09-22 18:22:34,372 INFO: Plan 1: ḡ=102, γE[v]=0.0, Q=102.0 (fn)
2026-09-22 18:22:36,356 INFO: Plan 0: ḡ=14, γE[v]=0.0, Q=14.0 (fn)
2026-09-22 18:22:36,395 INFO: Plan 2: ḡ=108, γE[v]=0.0, Q=108.0 (fn)
2026-09-22 18:22:36,438 INFO: Plan 2: ḡ=13, γE[v]=0.0, Q=13.0 (fn)
2026-09-22 18:22:37,658 INFO: Plan 0: ḡ=3, γE[v]=0.0, Q=3.0 (fn)
2026-09-22 18:22:37,696 INFO: Plan 2: ḡ=6, γE[v]=0.0, Q=6.0 (fn)
2026-09-22 18:22:38,684 INFO: Plan 1: ḡ=16, γE[v]=0.0, Q=16.0 (fn)
2026-09-22 18:22:38,685 INFO: Plan 0: ḡ=1.0, γE[v]=2.2, Q=3.2 (bayes)
2026-09-22 18:22:38,685 INFO: Plan 1: ḡ=5.3, γE[v]=0.0, Q=5.3 (bayes)
2026-09-22 18:22:38,685 INFO: Plan 2: ḡ=2.0, γE[v]=1.7, Q=3.7 (bayes)
2026-09-22 18:22:38,944 INFO: Plan 1: ḡ=7, γE[v]=5.5, Q=12.5 (fn)
2026-09-22 18:22:38,945 INFO: Plan 0: ḡ=2.3, γE[v]=0.2, Q=2.6 (bayes)
2026-09-22 18:22:38,945 INFO: Plan 1: ḡ=1.6, γE[v]=1.1, Q=2.6 (bayes)
2026-09-22 18:22:38,945 INFO: Plan 2: ḡ=1.4, γE[v]=0.7, Q=2.1 (bayes)
  [51/93] pydantic.functional_validators seed=123: {'random': 35, 'greedy': 35, 'cov_greedy': 36, 'covqvalue2': 44}
2026-09-22 18:22:43,674 INFO: Plan 0: ḡ=7, γE[v]=0.0, Q=7.0 (fn)
2026-09-22 18:22:43,675 INFO: Plan 0: ḡ=85, γE[v]=105.0, Q=190.0 (fn)
2026-09-22 18:22:43,676 INFO: Plan 0: ḡ=39.0, γE[v]=41.3, Q=80.3 (bayes)
2026-09-22 18:22:43,676 INFO: Plan 1: ḡ=34.0, γE[v]=37.5, Q=71.5 (bayes)
2026-09-22 18:22:43,676 INFO: Plan 2: ḡ=36.0, γE[v]=36.5, Q=72.5 (bayes)
2026-09-22 18:22:44,048 INFO: Plan 0: ḡ=38, γE[v]=0.0, Q=38.0 (fn)
2026-09-22 18:22:44,087 INFO: Plan 2: ḡ=8, γE[v]=0.0, Q=8.0 (fn)
2026-09-22 18:22:45,378 INFO: Plan 1: ḡ=1, γE[v]=0.0, Q=1.0 (fn)
2026-09-22 18:22:46,068 INFO: Plan 0: ḡ=1, γE[v]=0.5, Q=1.5 (fn)
2026-09-22 18:22:46,736 INFO: Plan 2: ḡ=93, γE[v]=0.0, Q=93.0 (fn)
2026-09-22 18:22:46,905 INFO: Plan 2: ḡ=2, γE[v]=0.0, Q=2.0 (fn)
2026-09-22 18:22:46,905 INFO: Plan 0: ḡ=0.1, γE[v]=0.1, Q=0.2 (bayes)
2026-09-22 18:22:46,905 INFO: Plan 1: ḡ=0.1, γE[v]=0.1, Q=0.2 (bayes)
2026-09-22 18:22:46,905 INFO: Plan 2: ḡ=0.2, γE[v]=0.0, Q=0.2 (bayes)
2026-09-22 18:22:47,442 INFO: Plan 1: ḡ=121, γE[v]=4.5, Q=125.5 (fn)
2026-09-22 18:22:47,443 INFO: Plan 0: ḡ=14.8, γE[v]=55.2, Q=70.0 (bayes)
2026-09-22 18:22:47,443 INFO: Plan 1: ḡ=60.5, γE[v]=32.6, Q=93.1 (bayes)
2026-09-22 18:22:47,443 INFO: Plan 2: ḡ=45.0, γE[v]=40.1, Q=85.2 (bayes)
  [52/93] jinja2.sandbox seed=123: {'random': 54, 'greedy': 2, 'cov_greedy': 5, 'covqvalue2': 91}
2026-09-22 18:22:48,788 INFO: Plan 0: ḡ=51, γE[v]=0.0, Q=51.0 (fn)
2026-09-22 18:22:49,545 INFO: Plan 1: ḡ=91, γE[v]=0.0, Q=91.0 (fn)
2026-09-22 18:22:50,722 INFO: Plan 0: ḡ=0, γE[v]=0.0, Q=0.0 (fn)
2026-09-22 18:22:50,724 INFO: Plan 2: ḡ=0, γE[v]=0.0, Q=0.0 (fn)
2026-09-22 18:22:51,235 INFO: Plan 0: ḡ=25, γE[v]=0.0, Q=25.0 (fn)
2026-09-22 18:22:51,969 INFO: Plan 1: ḡ=0, γE[v]=0.0, Q=0.0 (fn)
2026-09-22 18:22:51,970 INFO: Plan 0: ḡ=0.0, γE[v]=0.0, Q=0.0 (bayes)
2026-09-22 18:22:51,970 INFO: Plan 1: ḡ=0.0, γE[v]=0.0, Q=0.0 (bayes)
2026-09-22 18:22:51,970 INFO: Plan 2: ḡ=0.0, γE[v]=0.0, Q=0.0 (bayes)
2026-09-22 18:22:52,674 INFO: Plan 2: ḡ=76, γE[v]=1.0, Q=77.0 (fn)
2026-09-22 18:22:53,477 INFO: Plan 1: ḡ=59, γE[v]=11.0, Q=70.0 (fn)
2026-09-22 18:22:53,478 INFO: Plan 0: ḡ=3.5, γE[v]=19.2, Q=22.8 (bayes)
2026-09-22 18:22:53,478 INFO: Plan 1: ḡ=29.5, γE[v]=6.7, Q=36.2 (bayes)
2026-09-22 18:22:53,478 INFO: Plan 2: ḡ=4.0, γE[v]=19.0, Q=23.0 (bayes)
2026-09-22 18:22:53,665 INFO: Plan 2: ḡ=0, γE[v]=0.0, Q=0.0 (fn)
2026-09-22 18:22:54,215 INFO: Plan 2: ḡ=7, γE[v]=0.0, Q=7.0 (fn)
2026-09-22 18:22:54,602 INFO: Plan 1: ḡ=27, γE[v]=0.0, Q=27.0 (fn)
2026-09-22 18:22:54,646 INFO: Plan 1: ḡ=22, γE[v]=0.0, Q=22.0 (fn)
2026-09-22 18:22:55,013 INFO: Plan 0: ḡ=13, γE[v]=0.0, Q=13.0 (fn)
2026-09-22 18:22:55,014 INFO: Plan 1: ḡ=13, γE[v]=0.0, Q=13.0 (fn)
2026-09-22 18:22:55,015 INFO: Plan 0: ḡ=3.2, γE[v]=0.0, Q=3.2 (bayes)
2026-09-22 18:22:55,015 INFO: Plan 1: ḡ=3.2, γE[v]=0.0, Q=3.2 (bayes)
2026-09-22 18:22:55,015 INFO: Plan 2: ḡ=0.0, γE[v]=1.6, Q=1.6 (bayes)
2026-09-22 18:22:55,241 INFO: Plan 0: ḡ=35, γE[v]=0.0, Q=35.0 (fn)
2026-09-22 18:22:55,365 INFO: Plan 2: ḡ=32, γE[v]=0.0, Q=32.0 (fn)
2026-09-22 18:22:55,367 INFO: Plan 0: ḡ=56, γE[v]=0.0, Q=56.0 (fn)
2026-09-22 18:22:55,564 INFO: Plan 1: ḡ=16, γE[v]=0.0, Q=16.0 (fn)
2026-09-22 18:22:55,684 INFO: Plan 2: ḡ=87, γE[v]=0.0, Q=87.0 (fn)
2026-09-22 18:22:55,685 INFO: Plan 0: ḡ=22.2, γE[v]=66.2, Q=88.5 (bayes)
2026-09-22 18:22:55,685 INFO: Plan 1: ḡ=8.5, γE[v]=73.1, Q=81.6 (bayes)
2026-09-22 18:22:55,685 INFO: Plan 2: ḡ=25.2, γE[v]=64.7, Q=90.0 (bayes)
2026-09-22 18:22:55,725 INFO: Plan 0: ḡ=9, γE[v]=3.5, Q=12.5 (fn)
2026-09-22 18:22:55,726 INFO: Plan 2: ḡ=25, γE[v]=0.0, Q=25.0 (fn)
2026-09-22 18:22:55,727 INFO: Plan 0: ḡ=3.0, γE[v]=1.4, Q=4.4 (bayes)
2026-09-22 18:22:55,727 INFO: Plan 1: ḡ=5.3, γE[v]=0.0, Q=5.3 (bayes)
2026-09-22 18:22:55,728 INFO: Plan 0: ḡ=17.5, γE[v]=17.3, Q=34.8 (bayes)
2026-09-22 18:22:55,728 INFO: Plan 2: ḡ=2.3, γE[v]=1.5, Q=3.8 (bayes)
2026-09-22 18:22:55,728 INFO: Plan 1: ḡ=13.3, γE[v]=19.4, Q=32.8 (bayes)
2026-09-22 18:22:55,728 INFO: Plan 2: ḡ=10.0, γE[v]=21.1, Q=31.1 (bayes)
2026-09-22 18:22:55,844 INFO: Plan 0: ḡ=15, γE[v]=0.0, Q=15.0 (fn)
2026-09-22 18:22:55,889 INFO: Plan 1: ḡ=15, γE[v]=0.0, Q=15.0 (fn)
2026-09-22 18:22:55,925 INFO: Plan 2: ḡ=15, γE[v]=0.0, Q=15.0 (fn)
2026-09-22 18:22:55,926 INFO: Plan 0: ḡ=3.0, γE[v]=0.0, Q=3.0 (bayes)
2026-09-22 18:22:55,926 INFO: Plan 1: ḡ=3.0, γE[v]=0.0, Q=3.0 (bayes)
2026-09-22 18:22:55,926 INFO: Plan 2: ḡ=3.0, γE[v]=0.0, Q=3.0 (bayes)
2026-09-22 18:22:56,362 INFO: Plan 1: ḡ=21, γE[v]=0.0, Q=21.0 (fn)
2026-09-22 18:22:56,936 INFO: Plan 0: ḡ=82, γE[v]=0.0, Q=82.0 (fn)
2026-09-22 18:22:56,937 INFO: Plan 0: ḡ=27.3, γE[v]=13.2, Q=40.6 (bayes)
2026-09-22 18:22:56,937 INFO: Plan 1: ḡ=10.5, γE[v]=21.7, Q=32.2 (bayes)
2026-09-22 18:22:56,937 INFO: Plan 2: ḡ=16.0, γE[v]=18.9, Q=34.9 (bayes)
2026-09-22 18:22:57,215 INFO: Plan 2: ḡ=143, γE[v]=136.5, Q=279.5 (fn)
2026-09-22 18:22:57,217 INFO: Plan 0: ḡ=25.5, γE[v]=158.5, Q=184.0 (bayes)
2026-09-22 18:22:57,217 INFO: Plan 1: ḡ=45.5, γE[v]=148.5, Q=194.0 (bayes)
2026-09-22 18:22:57,218 INFO: Plan 2: ḡ=71.5, γE[v]=141.6, Q=213.1 (bayes)
2026-09-22 18:22:57,406 INFO: Plan 2: ḡ=0, γE[v]=0.0, Q=0.0 (fn)
2026-09-22 18:22:57,407 INFO: Plan 1: ḡ=0, γE[v]=0.0, Q=0.0 (fn)
2026-09-22 18:22:57,598 INFO: Plan 0: ḡ=0, γE[v]=0.0, Q=0.0 (fn)
2026-09-22 18:22:57,598 INFO: Plan 0: ḡ=0.0, γE[v]=0.0, Q=0.0 (bayes)
2026-09-22 18:22:57,598 INFO: Plan 1: ḡ=0.0, γE[v]=0.0, Q=0.0 (bayes)
2026-09-22 18:22:57,598 INFO: Plan 2: ḡ=0.0, γE[v]=0.0, Q=0.0 (bayes)
2026-09-22 18:23:00,885 INFO: Plan 1: ḡ=107, γE[v]=16.0, Q=123.0 (fn)
2026-09-22 18:23:00,886 INFO: Plan 0: ḡ=11.8, γE[v]=25.5, Q=37.3 (bayes)
2026-09-22 18:23:00,886 INFO: Plan 1: ḡ=48.0, γE[v]=8.2, Q=56.2 (bayes)
2026-09-22 18:23:00,886 INFO: Plan 2: ḡ=38.0, γE[v]=12.5, Q=50.5 (bayes)
2026-09-22 18:23:01,708 INFO: Plan 0: ḡ=0, γE[v]=0.0, Q=0.0 (fn)
2026-09-22 18:23:01,750 INFO: Plan 1: ḡ=0, γE[v]=0.0, Q=0.0 (fn)
2026-09-22 18:23:01,790 INFO: Plan 2: ḡ=0, γE[v]=0.0, Q=0.0 (fn)
2026-09-22 18:23:01,791 INFO: Plan 0: ḡ=0.0, γE[v]=0.0, Q=0.0 (bayes)
2026-09-22 18:23:01,791 INFO: Plan 1: ḡ=0.0, γE[v]=0.0, Q=0.0 (bayes)
2026-09-22 18:23:01,791 INFO: Plan 2: ḡ=0.0, γE[v]=0.0, Q=0.0 (bayes)
2026-09-22 18:23:03,281 INFO: Plan 1: ḡ=38, γE[v]=0.0, Q=38.0 (fn)
2026-09-22 18:23:04,679 INFO: Plan 1: ḡ=4, γE[v]=1.0, Q=5.0 (fn)
2026-09-22 18:23:05,243 INFO: Plan 0: ḡ=6, γE[v]=0.0, Q=6.0 (fn)
2026-09-22 18:23:05,676 INFO: Plan 2: ḡ=3, γE[v]=1.5, Q=4.5 (fn)
2026-09-22 18:23:05,676 INFO: Plan 0: ḡ=0.9, γE[v]=0.0, Q=0.9 (bayes)
2026-09-22 18:23:05,676 INFO: Plan 1: ḡ=0.6, γE[v]=0.2, Q=0.8 (bayes)
2026-09-22 18:23:05,676 INFO: Plan 2: ḡ=0.4, γE[v]=0.3, Q=0.8 (bayes)
2026-09-22 18:23:06,168 INFO: Plan 2: ḡ=14, γE[v]=0.0, Q=14.0 (fn)
2026-09-22 18:23:06,252 INFO: Plan 0: ḡ=27, γE[v]=0.0, Q=27.0 (fn)
2026-09-22 18:23:06,252 INFO: Plan 2: ḡ=2, γE[v]=0.0, Q=2.0 (fn)
2026-09-22 18:23:06,630 INFO: Plan 0: ḡ=2, γE[v]=0.0, Q=2.0 (fn)
2026-09-22 18:23:06,805 INFO: Plan 1: ḡ=22, γE[v]=0.0, Q=22.0 (fn)
2026-09-22 18:23:06,805 INFO: Plan 0: ḡ=9.5, γE[v]=8.9, Q=18.4 (bayes)
2026-09-22 18:23:06,805 INFO: Plan 1: ḡ=11.0, γE[v]=8.2, Q=19.2 (bayes)
2026-09-22 18:23:06,806 INFO: Plan 2: ḡ=5.8, γE[v]=10.8, Q=16.6 (bayes)
2026-09-22 18:23:07,549 INFO: Plan 1: ḡ=2, γE[v]=0.0, Q=2.0 (fn)
2026-09-22 18:23:07,550 INFO: Plan 0: ḡ=0.4, γE[v]=0.0, Q=0.4 (bayes)
2026-09-22 18:23:07,550 INFO: Plan 1: ḡ=0.4, γE[v]=0.0, Q=0.4 (bayes)
2026-09-22 18:23:07,550 INFO: Plan 2: ḡ=0.4, γE[v]=0.0, Q=0.4 (bayes)
2026-09-22 18:23:07,916 INFO: Plan 2: ḡ=15, γE[v]=0.0, Q=15.0 (fn)
2026-09-22 18:23:09,311 INFO: Plan 2: ḡ=1, γE[v]=0.0, Q=1.0 (fn)
  [53/93] werkzeug.exceptions seed=123: {'random': 17, 'greedy': 16, 'cov_greedy': 17, 'covqvalue2': 35}
2026-09-22 18:23:09,665 INFO: Plan 0: ḡ=8, γE[v]=0.0, Q=8.0 (fn)
2026-09-22 18:23:09,815 INFO: Plan 0: ḡ=54, γE[v]=49.5, Q=103.5 (fn)
2026-09-22 18:23:10,020 INFO: Plan 1: ḡ=8, γE[v]=0.0, Q=8.0 (fn)
2026-09-22 18:23:10,021 INFO: Plan 0: ḡ=4.0, γE[v]=0.1, Q=4.1 (bayes)
2026-09-22 18:23:10,021 INFO: Plan 1: ḡ=4.0, γE[v]=0.1, Q=4.1 (bayes)
2026-09-22 18:23:10,021 INFO: Plan 2: ḡ=0.2, γE[v]=2.0, Q=2.2 (bayes)
2026-09-22 18:23:10,323 INFO: Plan 1: ḡ=2, γE[v]=8.5, Q=10.5 (fn)
2026-09-22 18:23:10,766 INFO: Plan 0: ḡ=2, γE[v]=8.5, Q=10.5 (fn)
2026-09-22 18:23:10,767 INFO: Plan 0: ḡ=0.7, γE[v]=2.2, Q=2.9 (bayes)
2026-09-22 18:23:10,767 INFO: Plan 1: ḡ=0.7, γE[v]=2.2, Q=2.9 (bayes)
2026-09-22 18:23:10,767 INFO: Plan 2: ḡ=2.5, γE[v]=0.7, Q=3.2 (bayes)
2026-09-22 18:23:10,930 INFO: Plan 0: ḡ=7, γE[v]=0.0, Q=7.0 (fn)
2026-09-22 18:23:10,969 INFO: Plan 2: ḡ=12, γE[v]=0.0, Q=12.0 (fn)
2026-09-22 18:23:11,168 INFO: Plan 1: ḡ=2, γE[v]=0.0, Q=2.0 (fn)
2026-09-22 18:23:11,169 INFO: Plan 0: ḡ=1.4, γE[v]=2.2, Q=3.6 (bayes)
2026-09-22 18:23:11,169 INFO: Plan 1: ḡ=0.7, γE[v]=2.5, Q=3.2 (bayes)
2026-09-22 18:23:11,169 INFO: Plan 2: ḡ=4.0, γE[v]=0.9, Q=4.9 (bayes)
2026-09-22 18:23:12,164 INFO: Plan 2: ḡ=166, γE[v]=39.0, Q=205.0 (fn)
2026-09-22 18:23:12,165 INFO: Plan 0: ḡ=27.0, γE[v]=61.0, Q=88.0 (bayes)
2026-09-22 18:23:12,165 INFO: Plan 1: ḡ=19.0, γE[v]=62.8, Q=81.8 (bayes)
2026-09-22 18:23:12,165 INFO: Plan 2: ḡ=83.0, γE[v]=32.5, Q=115.5 (bayes)
2026-09-22 18:23:14,373 INFO: Plan 0: ḡ=14, γE[v]=0.0, Q=14.0 (fn)
2026-09-22 18:23:15,044 INFO: Plan 1: ḡ=56, γE[v]=0.0, Q=56.0 (fn)
2026-09-22 18:23:16,664 INFO: Plan 2: ḡ=21, γE[v]=0.0, Q=21.0 (fn)
2026-09-22 18:23:16,665 INFO: Plan 0: ḡ=3.6, γE[v]=17.8, Q=21.4 (bayes)
2026-09-22 18:23:16,665 INFO: Plan 1: ḡ=18.6, γE[v]=10.2, Q=28.9 (bayes)
2026-09-22 18:23:16,665 INFO: Plan 2: ḡ=9.5, γE[v]=14.8, Q=24.3 (bayes)
  [54/93] httpx._models seed=123: {'random': 88, 'greedy': 83, 'cov_greedy': 105, 'covqvalue2': 261}
2026-09-22 18:23:20,448 INFO: Plan 0: ḡ=1, γE[v]=0.0, Q=1.0 (fn)
2026-09-22 18:23:20,490 INFO: Plan 1: ḡ=1, γE[v]=0.0, Q=1.0 (fn)
2026-09-22 18:23:20,496 INFO: Plan 0: ḡ=32, γE[v]=0.0, Q=32.0 (fn)
2026-09-22 18:23:20,968 INFO: Plan 2: ḡ=1, γE[v]=0.0, Q=1.0 (fn)
2026-09-22 18:23:20,968 INFO: Plan 0: ḡ=0.2, γE[v]=0.0, Q=0.2 (bayes)
2026-09-22 18:23:20,968 INFO: Plan 1: ḡ=0.2, γE[v]=0.0, Q=0.2 (bayes)
2026-09-22 18:23:20,969 INFO: Plan 2: ḡ=0.2, γE[v]=0.0, Q=0.2 (bayes)
2026-09-22 18:23:22,158 INFO: Plan 1: ḡ=12, γE[v]=0.0, Q=12.0 (fn)
2026-09-22 18:23:22,507 INFO: Plan 0: ḡ=2, γE[v]=0.0, Q=2.0 (fn)
2026-09-22 18:23:22,815 INFO: Plan 1: ḡ=15, γE[v]=2.0, Q=17.0 (fn)
2026-09-22 18:23:22,850 INFO: Plan 2: ḡ=1, γE[v]=0.0, Q=1.0 (fn)
2026-09-22 18:23:22,851 INFO: Plan 0: ḡ=0.5, γE[v]=2.4, Q=2.9 (bayes)
2026-09-22 18:23:22,851 INFO: Plan 1: ḡ=4.8, γE[v]=0.2, Q=5.0 (bayes)
2026-09-22 18:23:22,851 INFO: Plan 2: ḡ=0.2, γE[v]=2.5, Q=2.7 (bayes)
  [55/93] werkzeug.local seed=123: {'random': 23, 'greedy': 22, 'cov_greedy': 33, 'covqvalue2': 49}
2026-09-22 18:23:23,181 INFO: Plan 1: ḡ=0, γE[v]=0.0, Q=0.0 (fn)
2026-09-22 18:23:23,609 INFO: Plan 0: ḡ=5, γE[v]=0.0, Q=5.0 (fn)
2026-09-22 18:23:23,643 INFO: Plan 2: ḡ=0, γE[v]=0.0, Q=0.0 (fn)
2026-09-22 18:23:23,643 INFO: Plan 0: ḡ=1.2, γE[v]=0.0, Q=1.2 (bayes)
2026-09-22 18:23:23,644 INFO: Plan 1: ḡ=0.0, γE[v]=0.6, Q=0.6 (bayes)
2026-09-22 18:23:23,644 INFO: Plan 2: ḡ=0.0, γE[v]=0.6, Q=0.6 (bayes)
2026-09-22 18:23:24,413 INFO: Plan 2: ḡ=85, γE[v]=0.0, Q=85.0 (fn)
2026-09-22 18:23:24,413 INFO: Plan 0: ḡ=15.3, γE[v]=35.1, Q=50.4 (bayes)
2026-09-22 18:23:24,413 INFO: Plan 1: ḡ=7.5, γE[v]=39.1, Q=46.6 (bayes)
2026-09-22 18:23:24,413 INFO: Plan 2: ḡ=42.5, γE[v]=21.5, Q=64.0 (bayes)
2026-09-22 18:23:24,952 INFO: Plan 0: ḡ=14, γE[v]=0.0, Q=14.0 (fn)
2026-09-22 18:23:25,946 INFO: Plan 1: ḡ=19, γE[v]=0.0, Q=19.0 (fn)
2026-09-22 18:23:26,249 INFO: Plan 2: ḡ=8, γE[v]=0.0, Q=8.0 (fn)
2026-09-22 18:23:26,250 INFO: Plan 0: ḡ=1, γE[v]=0.0, Q=1.0 (fn)
2026-09-22 18:23:26,250 INFO: Plan 0: ḡ=4.7, γE[v]=3.5, Q=8.2 (bayes)
2026-09-22 18:23:26,250 INFO: Plan 1: ḡ=4.8, γE[v]=3.5, Q=8.2 (bayes)
2026-09-22 18:23:26,251 INFO: Plan 2: ḡ=2.7, γE[v]=4.5, Q=7.2 (bayes)
2026-09-22 18:23:26,516 INFO: Plan 1: ḡ=80, γE[v]=0.0, Q=80.0 (fn)
2026-09-22 18:23:26,518 INFO: Plan 2: ḡ=0, γE[v]=0.0, Q=0.0 (fn)
2026-09-22 18:23:26,674 INFO: Plan 2: ḡ=72, γE[v]=0.0, Q=72.0 (fn)
2026-09-22 18:23:27,889 INFO: Plan 0: ḡ=44, γE[v]=0.0, Q=44.0 (fn)
2026-09-22 18:23:27,890 INFO: Plan 0: ḡ=11.9, γE[v]=13.2, Q=25.1 (bayes)
2026-09-22 18:23:27,890 INFO: Plan 1: ḡ=16.5, γE[v]=10.9, Q=27.4 (bayes)
2026-09-22 18:23:27,890 INFO: Plan 2: ḡ=18.1, γE[v]=10.1, Q=28.2 (bayes)
2026-09-22 18:23:29,416 INFO: Plan 1: ḡ=1, γE[v]=0.5, Q=1.5 (fn)
2026-09-22 18:23:29,417 INFO: Plan 0: ḡ=0.7, γE[v]=0.3, Q=1.0 (bayes)
2026-09-22 18:23:29,417 INFO: Plan 1: ḡ=0.7, γE[v]=0.3, Q=1.0 (bayes)
2026-09-22 18:23:29,417 INFO: Plan 2: ḡ=0.0, γE[v]=0.7, Q=0.7 (bayes)
  [56/93] httpx._client seed=123: {'random': 74, 'greedy': 41, 'cov_greedy': 41, 'covqvalue2': 125}
2026-09-22 18:23:31,913 INFO: Plan 0: ḡ=101, γE[v]=0.0, Q=101.0 (fn)
2026-09-22 18:23:33,134 INFO: Plan 2: ḡ=64, γE[v]=18.5, Q=82.5 (fn)
2026-09-22 18:23:33,759 INFO: Plan 1: ḡ=47, γE[v]=27.0, Q=74.0 (fn)
2026-09-22 18:23:33,760 INFO: Plan 0: ḡ=50.5, γE[v]=0.0, Q=50.5 (bayes)
2026-09-22 18:23:33,760 INFO: Plan 1: ḡ=23.5, γE[v]=14.7, Q=38.2 (bayes)
2026-09-22 18:23:33,760 INFO: Plan 2: ḡ=32.0, γE[v]=10.1, Q=42.1 (bayes)
2026-09-22 18:23:35,316 INFO: Plan 0: ḡ=15, γE[v]=0.0, Q=15.0 (fn)
2026-09-22 18:23:37,235 INFO: Plan 1: ḡ=99, γE[v]=54.0, Q=153.0 (fn)
2026-09-22 18:23:37,318 INFO: Plan 2: ḡ=159, γE[v]=24.0, Q=183.0 (fn)
2026-09-22 18:23:37,319 INFO: Plan 0: ḡ=43, γE[v]=47.5, Q=90.5 (fn)
2026-09-22 18:23:37,320 INFO: Plan 0: ḡ=21.5, γE[v]=43.1, Q=64.6 (bayes)
2026-09-22 18:23:37,320 INFO: Plan 1: ḡ=49.5, γE[v]=29.4, Q=78.9 (bayes)
2026-09-22 18:23:37,320 INFO: Plan 2: ḡ=79.5, γE[v]=13.1, Q=92.6 (bayes)
2026-09-22 18:23:38,584 INFO: Plan 0: ḡ=34, γE[v]=0.0, Q=34.0 (fn)
2026-09-22 18:23:40,542 INFO: Plan 2: ḡ=36, γE[v]=0.0, Q=36.0 (fn)
2026-09-22 18:23:40,805 INFO: Plan 1: ḡ=3, γE[v]=0.0, Q=3.0 (fn)
2026-09-22 18:23:40,806 INFO: Plan 0: ḡ=3, γE[v]=0.0, Q=3.0 (fn)
2026-09-22 18:23:41,303 INFO: Plan 0: ḡ=0, γE[v]=0.0, Q=0.0 (fn)
2026-09-22 18:23:41,383 INFO: Plan 2: ḡ=6, γE[v]=0.0, Q=6.0 (fn)
2026-09-22 18:23:41,384 INFO: Plan 0: ḡ=0.8, γE[v]=0.4, Q=1.1 (bayes)
2026-09-22 18:23:41,384 INFO: Plan 1: ḡ=0.8, γE[v]=0.4, Q=1.1 (bayes)
2026-09-22 18:23:41,384 INFO: Plan 2: ḡ=1.5, γE[v]=0.0, Q=1.5 (bayes)
2026-09-22 18:23:41,426 INFO: Plan 1: ḡ=29, γE[v]=16.5, Q=45.5 (fn)
2026-09-22 18:23:41,426 INFO: Plan 0: ḡ=14.6, γE[v]=48.4, Q=63.0 (bayes)
2026-09-22 18:23:41,426 INFO: Plan 1: ḡ=14.5, γE[v]=49.2, Q=63.7 (bayes)
2026-09-22 18:23:41,426 INFO: Plan 2: ḡ=19.7, γE[v]=45.9, Q=65.5 (bayes)
2026-09-22 18:23:41,620 INFO: Plan 2: ḡ=0, γE[v]=0.0, Q=0.0 (fn)
2026-09-22 18:23:41,621 INFO: Plan 1: ḡ=0, γE[v]=0.0, Q=0.0 (fn)
2026-09-22 18:23:41,622 INFO: Plan 0: ḡ=0.0, γE[v]=0.0, Q=0.0 (bayes)
2026-09-22 18:23:41,622 INFO: Plan 1: ḡ=0.0, γE[v]=0.0, Q=0.0 (bayes)
2026-09-22 18:23:41,622 INFO: Plan 2: ḡ=0.0, γE[v]=0.0, Q=0.0 (bayes)
2026-09-22 18:23:41,700 INFO: Plan 2: ḡ=0, γE[v]=0.0, Q=0.0 (fn)
2026-09-22 18:23:41,701 INFO: Plan 0: ḡ=0, γE[v]=0.0, Q=0.0 (fn)
2026-09-22 18:23:42,057 INFO: Plan 2: ḡ=19, γE[v]=20.5, Q=39.5 (fn)
2026-09-22 18:23:42,667 INFO: Plan 1: ḡ=0, γE[v]=0.0, Q=0.0 (fn)
2026-09-22 18:23:42,668 INFO: Plan 0: ḡ=0.0, γE[v]=0.0, Q=0.0 (bayes)
2026-09-22 18:23:42,668 INFO: Plan 1: ḡ=0.0, γE[v]=0.0, Q=0.0 (bayes)
2026-09-22 18:23:42,668 INFO: Plan 2: ḡ=0.0, γE[v]=0.0, Q=0.0 (bayes)
2026-09-22 18:23:45,853 INFO: Plan 1: ḡ=24, γE[v]=14.0, Q=38.0 (fn)
2026-09-22 18:23:45,854 INFO: Plan 0: ḡ=7.0, γE[v]=41.7, Q=48.7 (bayes)
2026-09-22 18:23:45,854 INFO: Plan 1: ḡ=12.0, γE[v]=39.8, Q=51.8 (bayes)
2026-09-22 18:23:45,854 INFO: Plan 2: ḡ=9.5, γE[v]=41.3, Q=50.8 (bayes)
2026-09-22 18:23:46,641 INFO: Plan 2: ḡ=24, γE[v]=0.0, Q=24.0 (fn)
2026-09-22 18:23:47,507 INFO: Plan 2: ḡ=12, γE[v]=0.5, Q=12.5 (fn)
2026-09-22 18:23:47,669 INFO: Plan 0: ḡ=31, γE[v]=0.0, Q=31.0 (fn)
2026-09-22 18:23:47,742 INFO: Plan 0: ḡ=37, γE[v]=1.0, Q=38.0 (fn)
2026-09-22 18:23:48,573 INFO: Plan 2: ḡ=90, γE[v]=0.0, Q=90.0 (fn)
2026-09-22 18:23:49,593 INFO: Plan 1: ḡ=33, γE[v]=0.5, Q=33.5 (fn)
2026-09-22 18:23:49,594 INFO: Plan 0: ḡ=15.3, γE[v]=9.7, Q=25.0 (bayes)
2026-09-22 18:23:49,594 INFO: Plan 1: ḡ=14.0, γE[v]=10.4, Q=24.4 (bayes)
2026-09-22 18:23:49,594 INFO: Plan 2: ḡ=5.7, γE[v]=14.5, Q=20.2 (bayes)
2026-09-22 18:23:49,621 INFO: Plan 0: ḡ=15, γE[v]=0.0, Q=15.0 (fn)
2026-09-22 18:23:49,622 INFO: Plan 2: ḡ=15, γE[v]=0.0, Q=15.0 (fn)
2026-09-22 18:23:49,623 INFO: Plan 1: ḡ=15, γE[v]=0.0, Q=15.0 (fn)
2026-09-22 18:23:49,624 INFO: Plan 0: ḡ=2.5, γE[v]=0.0, Q=2.5 (bayes)
2026-09-22 18:23:49,624 INFO: Plan 1: ḡ=2.5, γE[v]=0.0, Q=2.5 (bayes)
2026-09-22 18:23:49,624 INFO: Plan 2: ḡ=2.5, γE[v]=0.0, Q=2.5 (bayes)
2026-09-22 18:23:49,917 INFO: Plan 1: ḡ=29, γE[v]=0.0, Q=29.0 (fn)
2026-09-22 18:23:50,603 INFO: Plan 2: ḡ=14, γE[v]=0.0, Q=14.0 (fn)
2026-09-22 18:23:50,720 INFO: Plan 1: ḡ=35, γE[v]=0.0, Q=35.0 (fn)
2026-09-22 18:23:51,229 INFO: Plan 0: ḡ=5, γE[v]=0.0, Q=5.0 (fn)
2026-09-22 18:23:51,229 INFO: Plan 0: ḡ=2.5, γE[v]=8.8, Q=11.2 (bayes)
2026-09-22 18:23:51,229 INFO: Plan 1: ḡ=11.7, γE[v]=4.2, Q=15.8 (bayes)
2026-09-22 18:23:51,230 INFO: Plan 2: ḡ=5.8, γE[v]=7.1, Q=12.9 (bayes)
2026-09-22 18:23:52,367 INFO: Plan 2: ḡ=0, γE[v]=0.0, Q=0.0 (fn)
2026-09-22 18:23:52,531 INFO: Plan 0: ḡ=27, γE[v]=6.0, Q=33.0 (fn)
2026-09-22 18:23:52,531 INFO: Plan 0: ḡ=7.2, γE[v]=13.0, Q=20.3 (bayes)
2026-09-22 18:23:52,532 INFO: Plan 1: ḡ=14.5, γE[v]=9.1, Q=23.6 (bayes)
2026-09-22 18:23:52,532 INFO: Plan 2: ḡ=12.0, γE[v]=10.4, Q=22.4 (bayes)
2026-09-22 18:23:52,570 INFO: Plan 2: ḡ=52, γE[v]=0.0, Q=52.0 (fn)
2026-09-22 18:23:53,051 INFO: Plan 0: ḡ=38, γE[v]=0.0, Q=38.0 (fn)
2026-09-22 18:23:53,052 INFO: Plan 1: ḡ=154, γE[v]=28.0, Q=182.0 (fn)
2026-09-22 18:23:53,053 INFO: Plan 2: ḡ=13, γE[v]=6.0, Q=19.0 (fn)
2026-09-22 18:23:53,089 INFO: Plan 0: ḡ=5, γE[v]=0.0, Q=5.0 (fn)
2026-09-22 18:23:53,090 INFO: Plan 1: ḡ=5, γE[v]=0.0, Q=5.0 (fn)
2026-09-22 18:23:53,091 INFO: Plan 0: ḡ=0.6, γE[v]=0.0, Q=0.6 (bayes)
2026-09-22 18:23:53,091 INFO: Plan 1: ḡ=0.6, γE[v]=0.0, Q=0.6 (bayes)
2026-09-22 18:23:53,091 INFO: Plan 2: ḡ=0.0, γE[v]=0.3, Q=0.3 (bayes)
2026-09-22 18:23:53,249 INFO: Plan 1: ḡ=19, γE[v]=0.0, Q=19.0 (fn)
2026-09-22 18:23:53,250 INFO: Plan 2: ḡ=10, γE[v]=0.0, Q=10.0 (fn)
2026-09-22 18:23:53,251 INFO: Plan 0: ḡ=9, γE[v]=0.5, Q=9.5 (fn)
2026-09-22 18:23:53,329 INFO: Plan 1: ḡ=37, γE[v]=11.5, Q=48.5 (fn)
2026-09-22 18:23:53,330 INFO: Plan 0: ḡ=12.3, γE[v]=4.8, Q=17.1 (bayes)
2026-09-22 18:23:53,330 INFO: Plan 1: ḡ=12.3, γE[v]=5.4, Q=17.8 (bayes)
2026-09-22 18:23:53,330 INFO: Plan 2: ḡ=4.8, γE[v]=8.9, Q=13.7 (bayes)
2026-09-22 18:23:53,557 INFO: Plan 1: ḡ=2, γE[v]=4.0, Q=6.0 (fn)
2026-09-22 18:23:53,557 INFO: Plan 0: ḡ=2.2, γE[v]=0.2, Q=2.4 (bayes)
2026-09-22 18:23:53,557 INFO: Plan 1: ḡ=0.5, γE[v]=1.3, Q=1.8 (bayes)
2026-09-22 18:23:53,558 INFO: Plan 2: ḡ=2.5, γE[v]=0.0, Q=2.5 (bayes)
2026-09-22 18:23:53,633 INFO: Plan 1: ḡ=85, γE[v]=0.0, Q=85.0 (fn)
2026-09-22 18:23:53,677 INFO: Plan 2: ḡ=87, γE[v]=0.0, Q=87.0 (fn)
2026-09-22 18:23:53,684 INFO: Plan 0: ḡ=14.8, γE[v]=36.8, Q=51.5 (bayes)
2026-09-22 18:23:53,684 INFO: Plan 1: ḡ=28.5, γE[v]=29.9, Q=58.4 (bayes)
2026-09-22 18:23:53,684 INFO: Plan 2: ḡ=43.0, γE[v]=22.6, Q=65.7 (bayes)
  [57/93] pydantic.main seed=123: {'random': 119, 'greedy': 119, 'cov_greedy': 158, 'covqvalue2': 220}
2026-09-22 18:23:53,963 INFO: Plan 0: ḡ=88, γE[v]=61.0, Q=149.0 (fn)
2026-09-22 18:23:53,963 INFO: Plan 0: ḡ=22.0, γE[v]=19.4, Q=41.4 (bayes)
2026-09-22 18:23:53,963 INFO: Plan 1: ḡ=38.5, γE[v]=8.9, Q=47.4 (bayes)
2026-09-22 18:23:53,963 INFO: Plan 2: ḡ=22.5, γE[v]=15.0, Q=37.5 (bayes)
2026-09-22 18:23:54,379 INFO: Plan 2: ḡ=0, γE[v]=0.0, Q=0.0 (fn)
2026-09-22 18:23:54,381 INFO: Plan 1: ḡ=0, γE[v]=0.0, Q=0.0 (fn)
2026-09-22 18:23:54,566 INFO: Plan 0: ḡ=1, γE[v]=0.0, Q=1.0 (fn)
2026-09-22 18:23:54,566 INFO: Plan 0: ḡ=0.2, γE[v]=0.0, Q=0.2 (bayes)
2026-09-22 18:23:54,567 INFO: Plan 1: ḡ=0.0, γE[v]=0.1, Q=0.1 (bayes)
2026-09-22 18:23:54,567 INFO: Plan 2: ḡ=0.0, γE[v]=0.1, Q=0.1 (bayes)
2026-09-22 18:23:55,114 INFO: Plan 0: ḡ=111, γE[v]=0.0, Q=111.0 (fn)
2026-09-22 18:23:55,115 INFO: Plan 0: ḡ=47.2, γE[v]=50.5, Q=97.8 (bayes)
2026-09-22 18:23:55,115 INFO: Plan 1: ḡ=7.0, γE[v]=70.7, Q=77.7 (bayes)
2026-09-22 18:23:55,115 INFO: Plan 2: ḡ=12.1, γE[v]=68.1, Q=80.2 (bayes)
2026-09-22 18:23:59,040 INFO: Plan 2: ḡ=0, γE[v]=0.0, Q=0.0 (fn)
2026-09-22 18:23:59,735 INFO: Plan 0: ḡ=0, γE[v]=0.0, Q=0.0 (fn)
2026-09-22 18:23:59,769 INFO: Plan 1: ḡ=0, γE[v]=0.0, Q=0.0 (fn)
2026-09-22 18:23:59,855 INFO: Plan 2: ḡ=0, γE[v]=0.0, Q=0.0 (fn)
2026-09-22 18:23:59,855 INFO: Plan 0: ḡ=0.0, γE[v]=0.0, Q=0.0 (bayes)
2026-09-22 18:23:59,856 INFO: Plan 1: ḡ=0.0, γE[v]=0.0, Q=0.0 (bayes)
2026-09-22 18:23:59,856 INFO: Plan 2: ḡ=0.0, γE[v]=0.0, Q=0.0 (bayes)
2026-09-22 18:23:59,973 INFO: Plan 1: ḡ=13, γE[v]=0.0, Q=13.0 (fn)
2026-09-22 18:23:59,974 INFO: Plan 0: ḡ=13, γE[v]=0.0, Q=13.0 (fn)
2026-09-22 18:23:59,975 INFO: Plan 0: ḡ=2.6, γE[v]=0.0, Q=2.6 (bayes)
2026-09-22 18:23:59,975 INFO: Plan 1: ḡ=2.6, γE[v]=0.0, Q=2.6 (bayes)
2026-09-22 18:23:59,975 INFO: Plan 2: ḡ=0.0, γE[v]=1.3, Q=1.3 (bayes)
2026-09-22 18:24:00,535 INFO: Plan 2: ḡ=0, γE[v]=0.0, Q=0.0 (fn)
2026-09-22 18:24:00,818 INFO: Plan 0: ḡ=2, γE[v]=0.0, Q=2.0 (fn)
2026-09-22 18:24:00,904 INFO: Plan 1: ḡ=2, γE[v]=0.0, Q=2.0 (fn)
2026-09-22 18:24:00,904 INFO: Plan 0: ḡ=0.7, γE[v]=1.4, Q=2.1 (bayes)
2026-09-22 18:24:00,904 INFO: Plan 1: ḡ=0.7, γE[v]=1.4, Q=2.1 (bayes)
2026-09-22 18:24:00,904 INFO: Plan 2: ḡ=0.0, γE[v]=1.7, Q=1.7 (bayes)
2026-09-22 18:24:02,101 INFO: Plan 0: ḡ=21, γE[v]=0.0, Q=21.0 (fn)
2026-09-22 18:24:02,937 INFO: Plan 2: ḡ=72, γE[v]=0.0, Q=72.0 (fn)
2026-09-22 18:24:03,783 INFO: Plan 1: ḡ=39, γE[v]=0.0, Q=39.0 (fn)
2026-09-22 18:24:03,783 INFO: Plan 0: ḡ=7.0, γE[v]=17.1, Q=24.1 (bayes)
2026-09-22 18:24:03,783 INFO: Plan 1: ḡ=9.8, γE[v]=15.7, Q=25.5 (bayes)
2026-09-22 18:24:03,784 INFO: Plan 2: ḡ=24.0, γE[v]=8.6, Q=32.6 (bayes)
2026-09-22 18:24:04,087 INFO: Plan 2: ḡ=0, γE[v]=0.0, Q=0.0 (fn)
2026-09-22 18:24:04,492 INFO: Plan 0: ḡ=7, γE[v]=0.0, Q=7.0 (fn)
2026-09-22 18:24:04,532 INFO: Plan 1: ḡ=2, γE[v]=0.0, Q=2.0 (fn)
2026-09-22 18:24:04,533 INFO: Plan 0: ḡ=1.4, γE[v]=0.3, Q=1.7 (bayes)
2026-09-22 18:24:04,533 INFO: Plan 1: ḡ=0.6, γE[v]=0.7, Q=1.3 (bayes)
2026-09-22 18:24:04,533 INFO: Plan 2: ḡ=0.0, γE[v]=1.0, Q=1.0 (bayes)
2026-09-22 18:24:11,414 INFO: Plan 2: ḡ=110, γE[v]=29.0, Q=139.0 (fn)
2026-09-22 18:24:12,824 INFO: Plan 1: ḡ=119, γE[v]=21.5, Q=140.5 (fn)
2026-09-22 18:24:13,334 INFO: Plan 0: ḡ=133, γE[v]=22.5, Q=155.5 (fn)
2026-09-22 18:24:13,335 INFO: Plan 1: ḡ=42, γE[v]=0.0, Q=42.0 (fn)
2026-09-22 18:24:13,336 INFO: Plan 0: ḡ=66.5, γE[v]=12.3, Q=78.8 (bayes)
2026-09-22 18:24:13,336 INFO: Plan 1: ḡ=59.5, γE[v]=15.7, Q=75.2 (bayes)
2026-09-22 18:24:13,336 INFO: Plan 2: ḡ=55.0, γE[v]=18.3, Q=73.3 (bayes)
2026-09-22 18:24:13,804 INFO: Plan 0: ḡ=0, γE[v]=0.0, Q=0.0 (fn)
2026-09-22 18:24:14,007 INFO: Plan 2: ḡ=0, γE[v]=0.0, Q=0.0 (fn)
2026-09-22 18:24:14,008 INFO: Plan 1: ḡ=0, γE[v]=0.0, Q=0.0 (fn)
2026-09-22 18:24:14,009 INFO: Plan 0: ḡ=0.0, γE[v]=0.0, Q=0.0 (bayes)
2026-09-22 18:24:14,009 INFO: Plan 1: ḡ=0.0, γE[v]=0.0, Q=0.0 (bayes)
2026-09-22 18:24:14,009 INFO: Plan 2: ḡ=0.0, γE[v]=0.0, Q=0.0 (bayes)
2026-09-22 18:24:14,982 INFO: Plan 0: ḡ=13, γE[v]=0.0, Q=13.0 (fn)
2026-09-22 18:24:15,384 INFO: Plan 1: ḡ=1, γE[v]=0.0, Q=1.0 (fn)
2026-09-22 18:24:15,873 INFO: Plan 2: ḡ=7, γE[v]=0.0, Q=7.0 (fn)
2026-09-22 18:24:15,874 INFO: Plan 0: ḡ=4.3, γE[v]=1.3, Q=5.7 (bayes)
2026-09-22 18:24:15,874 INFO: Plan 1: ḡ=0.3, γE[v]=3.3, Q=3.7 (bayes)
2026-09-22 18:24:15,874 INFO: Plan 2: ḡ=2.3, γE[v]=2.3, Q=4.7 (bayes)
2026-09-22 18:24:15,955 INFO: Plan 0: ḡ=32, γE[v]=0.0, Q=32.0 (fn)
2026-09-22 18:24:15,994 INFO: Plan 1: ḡ=15, γE[v]=0.0, Q=15.0 (fn)
2026-09-22 18:24:16,742 INFO: Plan 2: ḡ=0, γE[v]=0.0, Q=0.0 (fn)
2026-09-22 18:24:16,743 INFO: Plan 1: ḡ=0, γE[v]=0.0, Q=0.0 (fn)
2026-09-22 18:24:16,861 INFO: Plan 0: ḡ=1, γE[v]=0.0, Q=1.0 (fn)
2026-09-22 18:24:16,862 INFO: Plan 0: ḡ=0.8, γE[v]=0.0, Q=0.8 (bayes)
2026-09-22 18:24:16,862 INFO: Plan 1: ḡ=0.0, γE[v]=0.4, Q=0.4 (bayes)
2026-09-22 18:24:16,862 INFO: Plan 2: ḡ=0.0, γE[v]=0.4, Q=0.4 (bayes)
2026-09-22 18:24:19,007 INFO: Plan 1: ḡ=0, γE[v]=0.0, Q=0.0 (fn)
2026-09-22 18:24:19,008 INFO: Plan 0: ḡ=0, γE[v]=0.0, Q=0.0 (fn)
2026-09-22 18:24:19,240 INFO: Plan 2: ḡ=0, γE[v]=0.0, Q=0.0 (fn)
2026-09-22 18:24:19,240 INFO: Plan 0: ḡ=0.0, γE[v]=0.0, Q=0.0 (bayes)
2026-09-22 18:24:19,240 INFO: Plan 1: ḡ=0.0, γE[v]=0.0, Q=0.0 (bayes)
2026-09-22 18:24:19,240 INFO: Plan 2: ḡ=0.0, γE[v]=0.0, Q=0.0 (bayes)
2026-09-22 18:24:20,200 INFO: Plan 1: ḡ=1, γE[v]=0.0, Q=1.0 (fn)
2026-09-22 18:24:20,241 INFO: Plan 2: ḡ=41, γE[v]=177.0, Q=218.0 (fn)
2026-09-22 18:24:20,282 INFO: Plan 0: ḡ=6, γE[v]=0.0, Q=6.0 (fn)
2026-09-22 18:24:20,284 INFO: Plan 2: ḡ=6, γE[v]=0.0, Q=6.0 (fn)
2026-09-22 18:24:20,285 INFO: Plan 0: ḡ=3.8, γE[v]=0.0, Q=3.8 (bayes)
2026-09-22 18:24:20,285 INFO: Plan 1: ḡ=0.2, γE[v]=1.8, Q=2.0 (bayes)
2026-09-22 18:24:20,285 INFO: Plan 2: ḡ=3.8, γE[v]=0.0, Q=3.8 (bayes)
  [58/93] pydantic.config seed=123: {'random': 1, 'greedy': 1, 'cov_greedy': 1, 'covqvalue2': 1}
2026-09-22 18:24:21,130 INFO: Plan 0: ḡ=130, γE[v]=101.5, Q=231.5 (fn)
2026-09-22 18:24:21,131 INFO: Plan 0: ḡ=51.8, γE[v]=95.4, Q=147.2 (bayes)
2026-09-22 18:24:21,131 INFO: Plan 1: ḡ=15.7, γE[v]=107.5, Q=123.2 (bayes)
2026-09-22 18:24:21,131 INFO: Plan 2: ḡ=19.0, γE[v]=116.0, Q=135.0 (bayes)
2026-09-22 18:24:21,286 INFO: Plan 2: ḡ=16, γE[v]=0.0, Q=16.0 (fn)
2026-09-22 18:24:21,329 INFO: Plan 0: ḡ=36, γE[v]=0.0, Q=36.0 (fn)
2026-09-22 18:24:21,331 INFO: Plan 1: ḡ=18, γE[v]=0.0, Q=18.0 (fn)
2026-09-22 18:24:21,331 INFO: Plan 0: ḡ=13.7, γE[v]=16.8, Q=30.5 (bayes)
2026-09-22 18:24:21,331 INFO: Plan 1: ḡ=6.3, γE[v]=20.5, Q=26.8 (bayes)
2026-09-22 18:24:21,331 INFO: Plan 2: ḡ=8.0, γE[v]=19.7, Q=27.7 (bayes)
2026-09-22 18:24:22,719 INFO: Plan 2: ḡ=23, γE[v]=4.0, Q=27.0 (fn)
2026-09-22 18:24:22,719 INFO: Plan 0: ḡ=15.3, γE[v]=25.3, Q=40.7 (bayes)
2026-09-22 18:24:22,719 INFO: Plan 1: ḡ=6.5, γE[v]=29.8, Q=36.2 (bayes)
2026-09-22 18:24:22,719 INFO: Plan 2: ḡ=8.2, γE[v]=29.1, Q=37.3 (bayes)
2026-09-22 18:24:24,460 INFO: Plan 2: ḡ=23, γE[v]=0.0, Q=23.0 (fn)
2026-09-22 18:24:25,610 INFO: Plan 1: ḡ=40, γE[v]=15.0, Q=55.0 (fn)
2026-09-22 18:24:25,985 INFO: Plan 0: ḡ=19, γE[v]=25.5, Q=44.5 (fn)
2026-09-22 18:24:25,985 INFO: Plan 0: ḡ=6.3, γE[v]=10.0, Q=16.4 (bayes)
2026-09-22 18:24:25,985 INFO: Plan 1: ḡ=13.3, γE[v]=5.9, Q=19.2 (bayes)
2026-09-22 18:24:25,985 INFO: Plan 2: ḡ=7.7, γE[v]=7.8, Q=15.5 (bayes)
2026-09-22 18:24:27,247 INFO: Plan 0: ḡ=0, γE[v]=0.0, Q=0.0 (fn)
2026-09-22 18:24:27,917 INFO: Plan 2: ḡ=0, γE[v]=0.0, Q=0.0 (fn)
2026-09-22 18:24:29,593 INFO: Plan 1: ḡ=0, γE[v]=0.0, Q=0.0 (fn)
2026-09-22 18:24:29,593 INFO: Plan 0: ḡ=0.0, γE[v]=0.0, Q=0.0 (bayes)
2026-09-22 18:24:29,593 INFO: Plan 1: ḡ=0.0, γE[v]=0.0, Q=0.0 (bayes)
2026-09-22 18:24:29,593 INFO: Plan 2: ḡ=0.0, γE[v]=0.0, Q=0.0 (bayes)
2026-09-22 18:24:30,540 INFO: Plan 1: ḡ=54, γE[v]=0.0, Q=54.0 (fn)
2026-09-22 18:24:30,976 INFO: Plan 0: ḡ=34, γE[v]=0.0, Q=34.0 (fn)
2026-09-22 18:24:31,919 INFO: Plan 2: ḡ=12, γE[v]=0.5, Q=12.5 (fn)
2026-09-22 18:24:32,003 INFO: Plan 1: ḡ=15, γE[v]=0.5, Q=15.5 (fn)
2026-09-22 18:24:32,081 INFO: Plan 0: ḡ=32, γE[v]=1.5, Q=33.5 (fn)
2026-09-22 18:24:32,082 INFO: Plan 0: ḡ=13.7, γE[v]=3.8, Q=17.4 (bayes)
2026-09-22 18:24:32,082 INFO: Plan 1: ḡ=5.0, γE[v]=8.0, Q=13.0 (bayes)
2026-09-22 18:24:32,082 INFO: Plan 2: ḡ=5.7, γE[v]=7.7, Q=13.4 (bayes)
2026-09-22 18:24:33,237 INFO: Plan 0: ḡ=9, γE[v]=0.0, Q=9.0 (fn)
2026-09-22 18:24:33,239 INFO: Plan 2: ḡ=9, γE[v]=0.0, Q=9.0 (fn)
2026-09-22 18:24:33,505 INFO: Plan 1: ḡ=6, γE[v]=1.5, Q=7.5 (fn)
2026-09-22 18:24:33,505 INFO: Plan 0: ḡ=1.8, γE[v]=0.0, Q=1.8 (bayes)
2026-09-22 18:24:33,505 INFO: Plan 1: ḡ=1.2, γE[v]=0.4, Q=1.6 (bayes)
2026-09-22 18:24:33,505 INFO: Plan 2: ḡ=1.8, γE[v]=0.0, Q=1.8 (bayes)
2026-09-22 18:24:34,551 INFO: Plan 2: ḡ=24, γE[v]=0.0, Q=24.0 (fn)
2026-09-22 18:24:34,702 INFO: Plan 0: ḡ=15, γE[v]=0.0, Q=15.0 (fn)
2026-09-22 18:24:34,921 INFO: Plan 1: ḡ=24, γE[v]=0.0, Q=24.0 (fn)
2026-09-22 18:24:37,679 INFO: Plan 2: ḡ=0, γE[v]=0.0, Q=0.0 (fn)
2026-09-22 18:24:37,720 INFO: Plan 0: ḡ=23, γE[v]=1.0, Q=24.0 (fn)
2026-09-22 18:24:37,721 INFO: Plan 0: ḡ=5.8, γE[v]=6.3, Q=12.1 (bayes)
2026-09-22 18:24:37,721 INFO: Plan 1: ḡ=12.0, γE[v]=3.1, Q=15.1 (bayes)
2026-09-22 18:24:37,721 INFO: Plan 2: ḡ=12.0, γE[v]=3.1, Q=15.1 (bayes)
2026-09-22 18:24:37,801 INFO: Plan 1: ḡ=2, γE[v]=0.0, Q=2.0 (fn)
2026-09-22 18:24:38,038 INFO: Plan 0: ḡ=5, γE[v]=0.0, Q=5.0 (fn)
2026-09-22 18:24:38,038 INFO: Plan 0: ḡ=0.6, γE[v]=0.0, Q=0.6 (bayes)
2026-09-22 18:24:38,038 INFO: Plan 1: ḡ=0.2, γE[v]=0.2, Q=0.4 (bayes)
2026-09-22 18:24:38,038 INFO: Plan 2: ḡ=0.0, γE[v]=0.3, Q=0.3 (bayes)
2026-09-22 18:24:38,470 INFO: Plan 0: ḡ=3, γE[v]=0.0, Q=3.0 (fn)
2026-09-22 18:24:38,471 INFO: Plan 2: ḡ=3, γE[v]=0.0, Q=3.0 (fn)
2026-09-22 18:24:38,472 INFO: Plan 1: ḡ=3, γE[v]=0.0, Q=3.0 (fn)
2026-09-22 18:24:38,473 INFO: Plan 0: ḡ=0.6, γE[v]=0.0, Q=0.6 (bayes)
2026-09-22 18:24:38,473 INFO: Plan 1: ḡ=0.6, γE[v]=0.0, Q=0.6 (bayes)
2026-09-22 18:24:38,473 INFO: Plan 2: ḡ=0.6, γE[v]=0.0, Q=0.6 (bayes)
2026-09-22 18:24:38,515 INFO: Plan 2: ḡ=53, γE[v]=56.5, Q=109.5 (fn)
2026-09-22 18:24:38,517 INFO: Plan 0: ḡ=14.6, γE[v]=43.2, Q=57.8 (bayes)
2026-09-22 18:24:38,519 INFO: Plan 1: ḡ=21.8, γE[v]=39.5, Q=61.4 (bayes)
2026-09-22 18:24:38,521 INFO: Plan 2: ḡ=26.3, γE[v]=40.2, Q=66.5 (bayes)
2026-09-22 18:24:38,830 INFO: Plan 2: ḡ=2, γE[v]=0.0, Q=2.0 (fn)
2026-09-22 18:24:39,059 INFO: Plan 2: ḡ=53, γE[v]=0.0, Q=53.0 (fn)
2026-09-22 18:24:39,248 INFO: Plan 2: ḡ=0, γE[v]=0.0, Q=0.0 (fn)
2026-09-22 18:24:39,250 INFO: Plan 0: ḡ=0, γE[v]=0.0, Q=0.0 (fn)
2026-09-22 18:24:39,251 INFO: Plan 1: ḡ=0, γE[v]=0.0, Q=0.0 (fn)
2026-09-22 18:24:39,252 INFO: Plan 0: ḡ=0.0, γE[v]=0.0, Q=0.0 (bayes)
2026-09-22 18:24:39,252 INFO: Plan 1: ḡ=0.0, γE[v]=0.0, Q=0.0 (bayes)
2026-09-22 18:24:39,252 INFO: Plan 2: ḡ=0.0, γE[v]=0.0, Q=0.0 (bayes)
2026-09-22 18:24:39,402 INFO: Plan 1: ḡ=41, γE[v]=0.0, Q=41.0 (fn)
2026-09-22 18:24:39,556 INFO: Plan 1: ḡ=26, γE[v]=6.0, Q=32.0 (fn)
2026-09-22 18:24:39,713 INFO: Plan 1: ḡ=54, γE[v]=0.0, Q=54.0 (fn)
2026-09-22 18:24:39,715 INFO: Plan 0: ḡ=54, γE[v]=0.0, Q=54.0 (fn)
2026-09-22 18:24:39,716 INFO: Plan 0: ḡ=18.0, γE[v]=0.0, Q=18.0 (bayes)
2026-09-22 18:24:39,716 INFO: Plan 1: ḡ=18.0, γE[v]=0.0, Q=18.0 (bayes)
2026-09-22 18:24:39,716 INFO: Plan 2: ḡ=0.7, γE[v]=8.7, Q=9.3 (bayes)
2026-09-22 18:24:40,395 INFO: Plan 2: ḡ=27, γE[v]=15.0, Q=42.0 (fn)
2026-09-22 18:24:40,395 INFO: Plan 0: ḡ=7.0, γE[v]=33.5, Q=40.5 (bayes)
2026-09-22 18:24:40,395 INFO: Plan 1: ḡ=7.9, γE[v]=33.4, Q=41.3 (bayes)
2026-09-22 18:24:40,395 INFO: Plan 2: ḡ=13.5, γE[v]=30.9, Q=44.4 (bayes)
  [59/93] httpx._transports.default seed=123: {'random': 5, 'greedy': 10, 'cov_greedy': 2, 'covqvalue2': 20}
  [60/93] werkzeug.utils seed=123: {'random': 11, 'greedy': 11, 'cov_greedy': 15, 'covqvalue2': 69}
2026-09-22 18:24:43,838 INFO: Plan 0: ḡ=38, γE[v]=0.0, Q=38.0 (fn)
2026-09-22 18:24:44,034 INFO: Plan 2: ḡ=107, γE[v]=0.0, Q=107.0 (fn)
2026-09-22 18:24:44,369 INFO: Plan 1: ḡ=74, γE[v]=0.0, Q=74.0 (fn)
2026-09-22 18:24:44,369 INFO: Plan 0: ḡ=14.8, γE[v]=27.4, Q=42.2 (bayes)
2026-09-22 18:24:44,370 INFO: Plan 1: ḡ=27.5, γE[v]=21.1, Q=48.6 (bayes)
2026-09-22 18:24:44,370 INFO: Plan 2: ḡ=35.8, γE[v]=16.9, Q=52.7 (bayes)
2026-09-22 18:24:45,449 INFO: Plan 2: ḡ=15, γE[v]=0.0, Q=15.0 (fn)
2026-09-22 18:24:45,489 INFO: Plan 2: ḡ=71, γE[v]=0.0, Q=71.0 (fn)
2026-09-22 18:24:45,490 INFO: Plan 0: ḡ=14, γE[v]=0.0, Q=14.0 (fn)
2026-09-22 18:24:45,530 INFO: Plan 1: ḡ=8, γE[v]=0.0, Q=8.0 (fn)
2026-09-22 18:24:45,532 INFO: Plan 0: ḡ=3.5, γE[v]=3.5, Q=7.0 (bayes)
2026-09-22 18:24:45,532 INFO: Plan 1: ḡ=2.3, γE[v]=4.1, Q=6.5 (bayes)
2026-09-22 18:24:45,532 INFO: Plan 2: ḡ=4.0, γE[v]=3.3, Q=7.3 (bayes)
2026-09-22 18:24:45,604 INFO: Plan 2: ḡ=15, γE[v]=0.0, Q=15.0 (fn)
2026-09-22 18:24:45,682 INFO: Plan 0: ḡ=24, γE[v]=0.0, Q=24.0 (fn)
2026-09-22 18:24:45,873 INFO: Plan 1: ḡ=2, γE[v]=0.0, Q=2.0 (fn)
2026-09-22 18:24:46,285 INFO: Plan 0: ḡ=1, γE[v]=0.5, Q=1.5 (fn)
2026-09-22 18:24:46,286 INFO: Plan 0: ḡ=0.3, γE[v]=1.3, Q=1.6 (bayes)
2026-09-22 18:24:46,286 INFO: Plan 1: ḡ=0.7, γE[v]=1.1, Q=1.7 (bayes)
2026-09-22 18:24:46,286 INFO: Plan 2: ḡ=2.1, γE[v]=0.3, Q=2.5 (bayes)
2026-09-22 18:24:46,792 INFO: Plan 0: ḡ=15, γE[v]=0.0, Q=15.0 (fn)
2026-09-22 18:24:46,794 INFO: Plan 1: ḡ=15, γE[v]=0.0, Q=15.0 (fn)
2026-09-22 18:24:46,795 INFO: Plan 2: ḡ=15, γE[v]=0.0, Q=15.0 (fn)
2026-09-22 18:24:46,795 INFO: Plan 0: ḡ=2.1, γE[v]=0.0, Q=2.1 (bayes)
2026-09-22 18:24:46,795 INFO: Plan 1: ḡ=2.1, γE[v]=0.0, Q=2.1 (bayes)
2026-09-22 18:24:46,795 INFO: Plan 2: ḡ=2.1, γE[v]=0.0, Q=2.1 (bayes)
2026-09-22 18:24:47,323 INFO: Plan 0: ḡ=42, γE[v]=34.0, Q=76.0 (fn)
2026-09-22 18:24:47,323 INFO: Plan 0: ḡ=21.0, γE[v]=28.5, Q=49.5 (bayes)
2026-09-22 18:24:47,323 INFO: Plan 1: ḡ=20.5, γE[v]=27.2, Q=47.8 (bayes)
2026-09-22 18:24:47,323 INFO: Plan 2: ḡ=26.5, γE[v]=24.2, Q=50.8 (bayes)
2026-09-22 18:24:47,360 INFO: Plan 0: ḡ=65, γE[v]=0.0, Q=65.0 (fn)
2026-09-22 18:24:47,512 INFO: Plan 1: ḡ=64, γE[v]=0.0, Q=64.0 (fn)
2026-09-22 18:24:47,589 INFO: Plan 2: ḡ=31, γE[v]=0.0, Q=31.0 (fn)
2026-09-22 18:24:47,590 INFO: Plan 0: ḡ=18.8, γE[v]=49.0, Q=67.8 (bayes)
2026-09-22 18:24:47,590 INFO: Plan 1: ḡ=32.0, γE[v]=42.4, Q=74.4 (bayes)
2026-09-22 18:24:47,590 INFO: Plan 2: ḡ=9.9, γE[v]=53.5, Q=63.3 (bayes)
2026-09-22 18:24:48,233 INFO: Plan 1: ḡ=66, γE[v]=25.5, Q=91.5 (fn)
2026-09-22 18:24:48,234 INFO: Plan 0: ḡ=4.8, γE[v]=9.3, Q=14.1 (bayes)
2026-09-22 18:24:48,234 INFO: Plan 1: ḡ=13.2, γE[v]=6.9, Q=20.1 (bayes)
2026-09-22 18:24:48,234 INFO: Plan 2: ḡ=14.2, γE[v]=4.6, Q=18.8 (bayes)
2026-09-22 18:24:52,171 INFO: Plan 2: ḡ=53, γE[v]=0.0, Q=53.0 (fn)
2026-09-22 18:24:52,494 INFO: Plan 2: ḡ=0, γE[v]=0.0, Q=0.0 (fn)
2026-09-22 18:24:52,576 INFO: Plan 1: ḡ=0, γE[v]=0.0, Q=0.0 (fn)
2026-09-22 18:24:52,577 INFO: Plan 0: ḡ=0, γE[v]=0.0, Q=0.0 (fn)
2026-09-22 18:24:52,615 INFO: Plan 2: ḡ=0, γE[v]=0.0, Q=0.0 (fn)
2026-09-22 18:24:52,616 INFO: Plan 0: ḡ=0.0, γE[v]=0.0, Q=0.0 (bayes)
2026-09-22 18:24:52,616 INFO: Plan 1: ḡ=0.0, γE[v]=0.0, Q=0.0 (bayes)
2026-09-22 18:24:52,616 INFO: Plan 2: ḡ=0.0, γE[v]=0.0, Q=0.0 (bayes)
2026-09-22 18:24:52,812 INFO: Plan 0: ḡ=40, γE[v]=6.5, Q=46.5 (fn)
2026-09-22 18:24:52,929 INFO: Plan 1: ḡ=8, γE[v]=22.5, Q=30.5 (fn)
2026-09-22 18:24:52,930 INFO: Plan 0: ḡ=13.3, γE[v]=2.6, Q=15.9 (bayes)
2026-09-22 18:24:52,930 INFO: Plan 1: ḡ=2.7, γE[v]=8.8, Q=11.5 (bayes)
2026-09-22 18:24:52,930 INFO: Plan 2: ḡ=17.7, γE[v]=0.0, Q=17.7 (bayes)
2026-09-22 18:24:53,123 INFO: Plan 0: ḡ=13, γE[v]=0.0, Q=13.0 (fn)
2026-09-22 18:24:53,542 INFO: Plan 1: ḡ=3, γE[v]=5.0, Q=8.0 (fn)
2026-09-22 18:24:53,542 INFO: Plan 0: ḡ=2.2, γE[v]=0.0, Q=2.2 (bayes)
2026-09-22 18:24:53,542 INFO: Plan 1: ḡ=0.5, γE[v]=1.2, Q=1.7 (bayes)
2026-09-22 18:24:53,542 INFO: Plan 2: ḡ=0.0, γE[v]=1.1, Q=1.1 (bayes)
2026-09-22 18:24:56,511 INFO: Plan 0: ḡ=18, γE[v]=0.0, Q=18.0 (fn)
2026-09-22 18:24:57,190 INFO: Plan 1: ḡ=24, γE[v]=1.0, Q=25.0 (fn)
2026-09-22 18:24:57,860 INFO: Plan 0: ḡ=7, γE[v]=0.0, Q=7.0 (fn)
2026-09-22 18:24:58,596 INFO: Plan 2: ḡ=0, γE[v]=0.0, Q=0.0 (fn)
2026-09-22 18:24:58,640 INFO: Plan 1: ḡ=2, γE[v]=0.0, Q=2.0 (fn)
2026-09-22 18:24:58,641 INFO: Plan 0: ḡ=1.2, γE[v]=0.3, Q=1.5 (bayes)
2026-09-22 18:24:58,642 INFO: Plan 1: ḡ=0.6, γE[v]=0.6, Q=1.2 (bayes)
2026-09-22 18:24:58,642 INFO: Plan 2: ḡ=0.0, γE[v]=0.9, Q=0.9 (bayes)
2026-09-22 18:24:58,974 INFO: Plan 2: ḡ=47, γE[v]=5.0, Q=52.0 (fn)
2026-09-22 18:24:58,975 INFO: Plan 0: ḡ=6.0, γE[v]=5.2, Q=11.2 (bayes)
2026-09-22 18:24:58,975 INFO: Plan 1: ḡ=7.4, γE[v]=4.6, Q=12.0 (bayes)
2026-09-22 18:24:58,975 INFO: Plan 2: ḡ=13.1, γE[v]=2.0, Q=15.1 (bayes)
  [61/93] werkzeug.routing.rules seed=123: {'random': 16, 'greedy': 16, 'cov_greedy': 16, 'covqvalue2': 112}
2026-09-22 18:25:03,943 INFO: Plan 0: ḡ=1, γE[v]=0.0, Q=1.0 (fn)
2026-09-22 18:25:05,785 INFO: Plan 1: ḡ=0, γE[v]=0.0, Q=0.0 (fn)
2026-09-22 18:25:05,902 INFO: Plan 0: ḡ=0, γE[v]=0.0, Q=0.0 (fn)
2026-09-22 18:25:05,980 INFO: Plan 2: ḡ=0, γE[v]=0.0, Q=0.0 (fn)
2026-09-22 18:25:05,981 INFO: Plan 0: ḡ=0.0, γE[v]=0.0, Q=0.0 (bayes)
2026-09-22 18:25:05,981 INFO: Plan 1: ḡ=0.0, γE[v]=0.0, Q=0.0 (bayes)
2026-09-22 18:25:05,981 INFO: Plan 2: ḡ=0.0, γE[v]=0.0, Q=0.0 (bayes)
2026-09-22 18:25:06,255 INFO: Plan 1: ḡ=6, γE[v]=0.0, Q=6.0 (fn)
2026-09-22 18:25:06,595 INFO: Plan 2: ḡ=6, γE[v]=0.0, Q=6.0 (fn)
2026-09-22 18:25:06,596 INFO: Plan 0: ḡ=0.2, γE[v]=1.8, Q=2.0 (bayes)
2026-09-22 18:25:06,596 INFO: Plan 1: ḡ=3.8, γE[v]=0.0, Q=3.8 (bayes)
2026-09-22 18:25:06,596 INFO: Plan 2: ḡ=3.8, γE[v]=0.0, Q=3.8 (bayes)
2026-09-22 18:25:10,933 INFO: Plan 0: ḡ=0, γE[v]=0.0, Q=0.0 (fn)
2026-09-22 18:25:10,934 INFO: Plan 2: ḡ=0, γE[v]=0.0, Q=0.0 (fn)
2026-09-22 18:25:10,935 INFO: Plan 1: ḡ=0, γE[v]=0.0, Q=0.0 (fn)
2026-09-22 18:25:10,935 INFO: Plan 0: ḡ=0.0, γE[v]=0.0, Q=0.0 (bayes)
2026-09-22 18:25:10,935 INFO: Plan 1: ḡ=0.0, γE[v]=0.0, Q=0.0 (bayes)
2026-09-22 18:25:10,935 INFO: Plan 2: ḡ=0.0, γE[v]=0.0, Q=0.0 (bayes)
2026-09-22 18:25:11,008 INFO: Plan 0: ḡ=9, γE[v]=0.0, Q=9.0 (fn)
2026-09-22 18:25:11,009 INFO: Plan 2: ḡ=9, γE[v]=0.0, Q=9.0 (fn)
2026-09-22 18:25:11,716 INFO: Plan 1: ḡ=6, γE[v]=1.5, Q=7.5 (fn)
2026-09-22 18:25:11,716 INFO: Plan 0: ḡ=1.5, γE[v]=0.0, Q=1.5 (bayes)
2026-09-22 18:25:11,716 INFO: Plan 1: ḡ=1.0, γE[v]=0.4, Q=1.4 (bayes)
2026-09-22 18:25:11,716 INFO: Plan 2: ḡ=1.5, γE[v]=0.0, Q=1.5 (bayes)
2026-09-22 18:25:11,827 INFO: Plan 0: ḡ=1, γE[v]=0.0, Q=1.0 (fn)
2026-09-22 18:25:12,211 INFO: Plan 1: ḡ=8, γE[v]=0.0, Q=8.0 (fn)
2026-09-22 18:25:12,212 INFO: Plan 2: ḡ=8, γE[v]=0.0, Q=8.0 (fn)
2026-09-22 18:25:12,213 INFO: Plan 0: ḡ=0.3, γE[v]=1.2, Q=1.5 (bayes)
2026-09-22 18:25:12,213 INFO: Plan 1: ḡ=2.7, γE[v]=0.0, Q=2.7 (bayes)
2026-09-22 18:25:12,213 INFO: Plan 2: ḡ=2.7, γE[v]=0.0, Q=2.7 (bayes)
2026-09-22 18:25:12,996 INFO: Plan 0: ḡ=31, γE[v]=0.0, Q=31.0 (fn)
2026-09-22 18:25:15,381 INFO: Plan 2: ḡ=10, γE[v]=0.0, Q=10.0 (fn)
2026-09-22 18:25:15,537 INFO: Plan 0: ḡ=4, γE[v]=0.0, Q=4.0 (fn)
2026-09-22 18:25:15,538 INFO: Plan 1: ḡ=3, γE[v]=0.0, Q=3.0 (fn)
2026-09-22 18:25:15,539 INFO: Plan 0: ḡ=1.1, γE[v]=3.0, Q=4.1 (bayes)
2026-09-22 18:25:15,539 INFO: Plan 1: ḡ=1.0, γE[v]=3.0, Q=4.0 (bayes)
2026-09-22 18:25:15,539 INFO: Plan 2: ḡ=5.0, γE[v]=1.0, Q=6.0 (bayes)
2026-09-22 18:25:15,766 INFO: Plan 1: ḡ=6, γE[v]=0.0, Q=6.0 (fn)
2026-09-22 18:25:15,804 INFO: Plan 2: ḡ=5, γE[v]=0.0, Q=5.0 (fn)
2026-09-22 18:25:15,881 INFO: Plan 0: ḡ=12, γE[v]=0.0, Q=12.0 (fn)
2026-09-22 18:25:15,882 INFO: Plan 0: ḡ=3.0, γE[v]=1.4, Q=4.4 (bayes)
2026-09-22 18:25:15,882 INFO: Plan 1: ḡ=1.5, γE[v]=2.1, Q=3.6 (bayes)
2026-09-22 18:25:15,882 INFO: Plan 2: ḡ=1.2, γE[v]=2.2, Q=3.5 (bayes)
2026-09-22 18:25:15,997 INFO: Plan 2: ḡ=0, γE[v]=0.0, Q=0.0 (fn)
2026-09-22 18:25:15,998 INFO: Plan 0: ḡ=0, γE[v]=0.0, Q=0.0 (fn)
2026-09-22 18:25:16,494 INFO: Plan 1: ḡ=0, γE[v]=0.0, Q=0.0 (fn)
2026-09-22 18:25:16,494 INFO: Plan 0: ḡ=0.0, γE[v]=0.0, Q=0.0 (bayes)
2026-09-22 18:25:16,494 INFO: Plan 1: ḡ=0.0, γE[v]=0.0, Q=0.0 (bayes)
2026-09-22 18:25:16,495 INFO: Plan 2: ḡ=0.0, γE[v]=0.0, Q=0.0 (bayes)
2026-09-22 18:25:16,879 INFO: Plan 1: ḡ=0, γE[v]=0.0, Q=0.0 (fn)
2026-09-22 18:25:16,880 INFO: Plan 2: ḡ=0, γE[v]=0.0, Q=0.0 (fn)
2026-09-22 18:25:17,030 INFO: Plan 0: ḡ=4, γE[v]=0.0, Q=4.0 (fn)
2026-09-22 18:25:17,031 INFO: Plan 0: ḡ=1.0, γE[v]=0.0, Q=1.0 (bayes)
2026-09-22 18:25:17,031 INFO: Plan 1: ḡ=0.0, γE[v]=0.5, Q=0.5 (bayes)
2026-09-22 18:25:17,031 INFO: Plan 2: ḡ=0.0, γE[v]=0.5, Q=0.5 (bayes)
2026-09-22 18:25:20,387 INFO: Plan 1: ḡ=22, γE[v]=3.5, Q=25.5 (fn)
2026-09-22 18:25:20,499 INFO: Plan 2: ḡ=15, γE[v]=0.0, Q=15.0 (fn)
2026-09-22 18:25:20,500 INFO: Plan 0: ḡ=1, γE[v]=0.0, Q=1.0 (fn)
2026-09-22 18:25:21,388 INFO: Plan 1: ḡ=1, γE[v]=0.5, Q=1.5 (fn)
2026-09-22 18:25:21,388 INFO: Plan 0: ḡ=0.3, γE[v]=1.1, Q=1.4 (bayes)
2026-09-22 18:25:21,388 INFO: Plan 1: ḡ=0.3, γE[v]=1.1, Q=1.5 (bayes)
2026-09-22 18:25:21,388 INFO: Plan 2: ḡ=1.9, γE[v]=0.3, Q=2.2 (bayes)
2026-09-22 18:25:21,737 INFO: Plan 1: ḡ=86, γE[v]=0.0, Q=86.0 (fn)
2026-09-22 18:25:22,675 INFO: Plan 0: ḡ=247, γE[v]=0.0, Q=247.0 (fn)
2026-09-22 18:25:23,057 INFO: Plan 1: ḡ=23, γE[v]=0.0, Q=23.0 (fn)
2026-09-22 18:25:23,095 INFO: Plan 0: ḡ=22, γE[v]=0.0, Q=22.0 (fn)
2026-09-22 18:25:23,253 INFO: Plan 2: ḡ=11, γE[v]=0.0, Q=11.0 (fn)
  [62/93] pydantic.type_adapter seed=123: {'random': 16, 'greedy': 16, 'cov_greedy': 17, 'covqvalue2': 16}
2026-09-22 18:25:23,859 INFO: Plan 2: ḡ=96, γE[v]=17.0, Q=113.0 (fn)
2026-09-22 18:25:23,859 INFO: Plan 0: ḡ=11.2, γE[v]=19.8, Q=30.9 (bayes)
2026-09-22 18:25:23,860 INFO: Plan 1: ḡ=8.8, γE[v]=21.1, Q=30.0 (bayes)
2026-09-22 18:25:23,860 INFO: Plan 2: ḡ=36.5, γE[v]=8.0, Q=44.5 (bayes)
2026-09-22 18:25:24,498 INFO: Plan 0: ḡ=0, γE[v]=0.0, Q=0.0 (fn)
2026-09-22 18:25:24,500 INFO: Plan 2: ḡ=0, γE[v]=0.0, Q=0.0 (fn)
2026-09-22 18:25:24,501 INFO: Plan 1: ḡ=0, γE[v]=0.0, Q=0.0 (fn)
2026-09-22 18:25:24,502 INFO: Plan 0: ḡ=0.0, γE[v]=0.0, Q=0.0 (bayes)
2026-09-22 18:25:24,502 INFO: Plan 1: ḡ=0.0, γE[v]=0.0, Q=0.0 (bayes)
2026-09-22 18:25:24,502 INFO: Plan 2: ḡ=0.0, γE[v]=0.0, Q=0.0 (bayes)
2026-09-22 18:25:25,752 INFO: Plan 1: ḡ=20, γE[v]=0.0, Q=20.0 (fn)
2026-09-22 18:25:25,752 INFO: Plan 0: ḡ=21, γE[v]=0.0, Q=21.0 (fn)
2026-09-22 18:25:26,015 INFO: Plan 2: ḡ=75, γE[v]=0.0, Q=75.0 (fn)
2026-09-22 18:25:26,023 INFO: Plan 2: ḡ=43, γE[v]=5.0, Q=48.0 (fn)
2026-09-22 18:25:26,023 INFO: Plan 0: ḡ=6.3, γE[v]=16.4, Q=22.7 (bayes)
2026-09-22 18:25:26,023 INFO: Plan 1: ḡ=9.5, γE[v]=14.8, Q=24.3 (bayes)
2026-09-22 18:25:26,023 INFO: Plan 2: ḡ=23.2, γE[v]=7.9, Q=31.1 (bayes)
  [63/93] pydantic.types seed=123: {'random': 100, 'greedy': 101, 'cov_greedy': 138, 'covqvalue2': 132}
2026-09-22 18:25:27,088 INFO: Plan 2: ḡ=65, γE[v]=0.0, Q=65.0 (fn)
2026-09-22 18:25:27,230 INFO: Plan 1: ḡ=15, γE[v]=0.0, Q=15.0 (fn)
2026-09-22 18:25:27,402 INFO: Plan 1: ḡ=46, γE[v]=0.0, Q=46.0 (fn)
2026-09-22 18:25:27,584 INFO: Plan 0: ḡ=13, γE[v]=18.0, Q=31.0 (fn)
  [64/93] werkzeug.http seed=123: {'random': 18, 'greedy': 18, 'cov_greedy': 18, 'covqvalue2': 142}
2026-09-22 18:25:28,253 INFO: Plan 2: ḡ=72, γE[v]=166.0, Q=238.0 (fn)
2026-09-22 18:25:28,253 INFO: Plan 0: ḡ=63.8, γE[v]=58.8, Q=122.5 (bayes)
2026-09-22 18:25:28,253 INFO: Plan 1: ḡ=35.9, γE[v]=72.7, Q=108.6 (bayes)
2026-09-22 18:25:28,253 INFO: Plan 2: ḡ=29.3, γE[v]=86.5, Q=115.8 (bayes)
2026-09-22 18:25:28,290 INFO: Plan 2: ḡ=14, γE[v]=9.0, Q=23.0 (fn)
2026-09-22 18:25:28,290 INFO: Plan 0: ḡ=6.5, γE[v]=25.3, Q=31.8 (bayes)
2026-09-22 18:25:28,290 INFO: Plan 1: ḡ=6.7, γE[v]=24.4, Q=31.1 (bayes)
2026-09-22 18:25:28,290 INFO: Plan 2: ḡ=5.5, γE[v]=25.5, Q=31.0 (bayes)
2026-09-22 18:25:28,735 INFO: Plan 1: ḡ=61, γE[v]=10.0, Q=71.0 (fn)
2026-09-22 18:25:28,735 INFO: Plan 0: ḡ=8.3, γE[v]=11.4, Q=19.8 (bayes)
2026-09-22 18:25:28,735 INFO: Plan 1: ḡ=21.3, γE[v]=5.4, Q=26.7 (bayes)
2026-09-22 18:25:28,736 INFO: Plan 2: ḡ=5.5, γE[v]=12.8, Q=18.3 (bayes)
2026-09-22 18:25:28,884 INFO: Plan 2: ḡ=15, γE[v]=0.0, Q=15.0 (fn)
2026-09-22 18:25:28,920 INFO: Plan 0: ḡ=14, γE[v]=0.0, Q=14.0 (fn)
2026-09-22 18:25:28,954 INFO: Plan 1: ḡ=8, γE[v]=0.0, Q=8.0 (fn)
2026-09-22 18:25:28,955 INFO: Plan 0: ḡ=3.5, γE[v]=3.1, Q=6.6 (bayes)
2026-09-22 18:25:28,955 INFO: Plan 1: ḡ=2.3, γE[v]=3.7, Q=6.0 (bayes)
2026-09-22 18:25:28,955 INFO: Plan 2: ḡ=3.1, γE[v]=3.3, Q=6.4 (bayes)
2026-09-22 18:25:29,309 INFO: Plan 0: ḡ=40, γE[v]=25.0, Q=65.0 (fn)
2026-09-22 18:25:29,443 INFO: Plan 2: ḡ=5, γE[v]=16.5, Q=21.5 (fn)
2026-09-22 18:25:29,475 INFO: Plan 0: ḡ=21, γE[v]=7.0, Q=28.0 (fn)
2026-09-22 18:25:29,476 INFO: Plan 0: ḡ=5.2, γE[v]=2.6, Q=7.8 (bayes)
2026-09-22 18:25:29,476 INFO: Plan 1: ḡ=3.8, γE[v]=2.9, Q=6.6 (bayes)
2026-09-22 18:25:29,476 INFO: Plan 2: ḡ=1.2, γE[v]=5.2, Q=6.5 (bayes)
2026-09-22 18:25:29,886 INFO: Plan 1: ḡ=52, γE[v]=0.0, Q=52.0 (fn)
2026-09-22 18:25:29,953 INFO: Plan 0: ḡ=34, γE[v]=0.0, Q=34.0 (fn)
2026-09-22 18:25:30,088 INFO: Plan 2: ḡ=51, γE[v]=0.0, Q=51.0 (fn)
2026-09-22 18:25:30,089 INFO: Plan 0: ḡ=14.6, γE[v]=25.1, Q=39.7 (bayes)
2026-09-22 18:25:30,089 INFO: Plan 1: ḡ=15.5, γE[v]=24.7, Q=40.2 (bayes)
2026-09-22 18:25:30,089 INFO: Plan 2: ḡ=21.7, γE[v]=21.6, Q=43.2 (bayes)
  [65/93] werkzeug.datastructures.structures seed=123: {'random': 3, 'greedy': 3, 'cov_greedy': 13, 'covqvalue2': 124}
2026-09-22 18:25:31,984 INFO: Plan 0: ḡ=19, γE[v]=28.0, Q=47.0 (fn)
2026-09-22 18:25:31,984 INFO: Plan 0: ḡ=9.5, γE[v]=39.3, Q=48.8 (bayes)
2026-09-22 18:25:31,984 INFO: Plan 1: ḡ=23.0, γE[v]=31.2, Q=54.2 (bayes)
2026-09-22 18:25:31,985 INFO: Plan 2: ḡ=32.5, γE[v]=26.5, Q=59.0 (bayes)
2026-09-22 18:25:32,724 INFO: Plan 1: ḡ=42, γE[v]=7.0, Q=49.0 (fn)
2026-09-22 18:25:32,725 INFO: Plan 0: ḡ=20.0, γE[v]=83.1, Q=103.1 (bayes)
2026-09-22 18:25:32,725 INFO: Plan 1: ḡ=21.0, γE[v]=81.8, Q=102.8 (bayes)
2026-09-22 18:25:32,725 INFO: Plan 2: ḡ=21.5, γE[v]=81.5, Q=103.0 (bayes)
2026-09-22 18:25:35,027 INFO: Plan 1: ḡ=15, γE[v]=0.0, Q=15.0 (fn)
2026-09-22 18:25:35,028 INFO: Plan 2: ḡ=15, γE[v]=0.0, Q=15.0 (fn)
2026-09-22 18:25:35,028 INFO: Plan 0: ḡ=15, γE[v]=0.0, Q=15.0 (fn)
2026-09-22 18:25:35,029 INFO: Plan 0: ḡ=1.9, γE[v]=0.0, Q=1.9 (bayes)
2026-09-22 18:25:35,029 INFO: Plan 1: ḡ=1.9, γE[v]=0.0, Q=1.9 (bayes)
2026-09-22 18:25:35,029 INFO: Plan 2: ḡ=1.9, γE[v]=0.0, Q=1.9 (bayes)
2026-09-22 18:25:36,453 INFO: Plan 2: ḡ=71, γE[v]=0.0, Q=71.0 (fn)
2026-09-22 18:25:36,491 INFO: Plan 2: ḡ=0, γE[v]=0.0, Q=0.0 (fn)
2026-09-22 18:25:36,644 INFO: Plan 0: ḡ=24, γE[v]=0.0, Q=24.0 (fn)
2026-09-22 18:25:37,453 INFO: Plan 1: ḡ=69, γE[v]=0.0, Q=69.0 (fn)
2026-09-22 18:25:37,639 INFO: Plan 0: ḡ=33, γE[v]=0.0, Q=33.0 (fn)
2026-09-22 18:25:37,786 INFO: Plan 2: ḡ=16, γE[v]=0.0, Q=16.0 (fn)
2026-09-22 18:25:37,896 INFO: Plan 0: ḡ=61, γE[v]=0.0, Q=61.0 (fn)
2026-09-22 18:25:37,897 INFO: Plan 0: ḡ=17.6, γE[v]=43.0, Q=60.6 (bayes)
2026-09-22 18:25:37,897 INFO: Plan 1: ḡ=24.2, γE[v]=39.7, Q=63.9 (bayes)
2026-09-22 18:25:37,897 INFO: Plan 2: ḡ=0.0, γE[v]=51.8, Q=51.8 (bayes)
2026-09-22 18:25:38,158 INFO: Plan 1: ḡ=25, γE[v]=0.5, Q=25.5 (fn)
2026-09-22 18:25:38,159 INFO: Plan 0: ḡ=16.5, γE[v]=10.0, Q=26.5 (bayes)
2026-09-22 18:25:38,159 INFO: Plan 1: ḡ=12.5, γE[v]=12.0, Q=24.5 (bayes)
2026-09-22 18:25:38,159 INFO: Plan 2: ḡ=7.0, γE[v]=14.8, Q=21.8 (bayes)
2026-09-22 18:25:38,195 INFO: Plan 0: ḡ=54, γE[v]=0.0, Q=54.0 (fn)
2026-09-22 18:25:38,196 INFO: Plan 1: ḡ=54, γE[v]=0.0, Q=54.0 (fn)
2026-09-22 18:25:38,197 INFO: Plan 2: ḡ=54, γE[v]=0.0, Q=54.0 (fn)
2026-09-22 18:25:38,197 INFO: Plan 0: ḡ=13.5, γE[v]=0.0, Q=13.5 (bayes)
2026-09-22 18:25:38,197 INFO: Plan 1: ḡ=13.5, γE[v]=0.0, Q=13.5 (bayes)
2026-09-22 18:25:38,197 INFO: Plan 2: ḡ=13.5, γE[v]=0.0, Q=13.5 (bayes)
2026-09-22 18:25:38,847 INFO: Plan 0: ḡ=0, γE[v]=0.0, Q=0.0 (fn)
2026-09-22 18:25:38,848 INFO: Plan 1: ḡ=0, γE[v]=0.0, Q=0.0 (fn)
2026-09-22 18:25:38,849 INFO: Plan 2: ḡ=0, γE[v]=0.0, Q=0.0 (fn)
2026-09-22 18:25:38,850 INFO: Plan 0: ḡ=0.0, γE[v]=0.0, Q=0.0 (bayes)
2026-09-22 18:25:38,850 INFO: Plan 1: ḡ=0.0, γE[v]=0.0, Q=0.0 (bayes)
2026-09-22 18:25:38,850 INFO: Plan 2: ḡ=0.0, γE[v]=0.0, Q=0.0 (bayes)
2026-09-22 18:25:39,325 INFO: Plan 1: ḡ=66, γE[v]=25.5, Q=91.5 (fn)
2026-09-22 18:25:39,326 INFO: Plan 0: ḡ=4.0, γE[v]=7.8, Q=11.8 (bayes)
2026-09-22 18:25:39,326 INFO: Plan 1: ḡ=11.0, γE[v]=6.2, Q=17.2 (bayes)
2026-09-22 18:25:39,326 INFO: Plan 2: ḡ=11.8, γE[v]=3.8, Q=15.7 (bayes)
  [66/93] pydantic.json_schema seed=123: {'random': 181, 'greedy': 180, 'cov_greedy': 255, 'covqvalue2': 284}
2026-09-22 18:25:46,819 INFO: Plan 1: ḡ=5, γE[v]=0.0, Q=5.0 (fn)
2026-09-22 18:25:46,971 INFO: Plan 2: ḡ=1, γE[v]=2.0, Q=3.0 (fn)
2026-09-22 18:25:48,060 INFO: Plan 2: ḡ=0, γE[v]=0.0, Q=0.0 (fn)
2026-09-22 18:25:48,135 INFO: Plan 2: ḡ=9, γE[v]=0.0, Q=9.0 (fn)
2026-09-22 18:25:48,136 INFO: Plan 0: ḡ=9, γE[v]=0.0, Q=9.0 (fn)
2026-09-22 18:25:48,246 INFO: Plan 1: ḡ=6, γE[v]=1.5, Q=7.5 (fn)
2026-09-22 18:25:48,247 INFO: Plan 0: ḡ=1.3, γE[v]=0.0, Q=1.3 (bayes)
2026-09-22 18:25:48,247 INFO: Plan 1: ḡ=0.9, γE[v]=0.3, Q=1.2 (bayes)
2026-09-22 18:25:48,247 INFO: Plan 2: ḡ=1.3, γE[v]=0.0, Q=1.3 (bayes)
2026-09-22 18:25:48,619 INFO: Plan 0: ḡ=1, γE[v]=2.0, Q=3.0 (fn)
2026-09-22 18:25:48,619 INFO: Plan 0: ḡ=0.1, γE[v]=1.8, Q=1.9 (bayes)
2026-09-22 18:25:48,619 INFO: Plan 1: ḡ=3.6, γE[v]=0.0, Q=3.6 (bayes)
2026-09-22 18:25:48,619 INFO: Plan 2: ḡ=0.1, γE[v]=1.8, Q=1.9 (bayes)
2026-09-22 18:25:48,657 INFO: Plan 1: ḡ=13, γE[v]=0.0, Q=13.0 (fn)
2026-09-22 18:25:48,658 INFO: Plan 0: ḡ=13, γE[v]=0.0, Q=13.0 (fn)
2026-09-22 18:25:48,658 INFO: Plan 0: ḡ=1.9, γE[v]=0.0, Q=1.9 (bayes)
2026-09-22 18:25:48,658 INFO: Plan 1: ḡ=1.9, γE[v]=0.0, Q=1.9 (bayes)
2026-09-22 18:25:48,658 INFO: Plan 2: ḡ=0.0, γE[v]=0.9, Q=0.9 (bayes)
2026-09-22 18:25:48,913 INFO: Plan 2: ḡ=2, γE[v]=0.5, Q=2.5 (fn)
2026-09-22 18:25:48,948 INFO: Plan 0: ḡ=2, γE[v]=1.0, Q=3.0 (fn)
2026-09-22 18:25:49,805 INFO: Plan 1: ḡ=4, γE[v]=1.5, Q=5.5 (fn)
2026-09-22 18:25:49,810 INFO: Plan 0: ḡ=0.6, γE[v]=0.8, Q=1.4 (bayes)
2026-09-22 18:25:49,811 INFO: Plan 1: ḡ=1.2, γE[v]=0.6, Q=1.7 (bayes)
2026-09-22 18:25:49,812 INFO: Plan 2: ḡ=0.7, γE[v]=0.7, Q=1.4 (bayes)
  [67/93] pydantic.networks seed=123: {'random': 34, 'greedy': 34, 'cov_greedy': 34, 'covqvalue2': 35}
  [68/93] httpx._auth seed=123: {'random': 48, 'greedy': 49, 'cov_greedy': 4, 'covqvalue2': 84}
2026-09-22 18:25:51,913 INFO: Plan 2: ḡ=0, γE[v]=0.0, Q=0.0 (fn)
2026-09-22 18:25:51,915 INFO: Plan 1: ḡ=0, γE[v]=0.0, Q=0.0 (fn)
2026-09-22 18:25:51,916 INFO: Plan 0: ḡ=0, γE[v]=0.0, Q=0.0 (fn)
2026-09-22 18:25:51,916 INFO: Plan 0: ḡ=0.0, γE[v]=0.0, Q=0.0 (bayes)
2026-09-22 18:25:51,916 INFO: Plan 1: ḡ=0.0, γE[v]=0.0, Q=0.0 (bayes)
2026-09-22 18:25:51,917 INFO: Plan 2: ḡ=0.0, γE[v]=0.0, Q=0.0 (bayes)
2026-09-22 18:25:52,051 INFO: Plan 2: ḡ=0, γE[v]=0.0, Q=0.0 (fn)
2026-09-22 18:25:52,223 INFO: Plan 0: ḡ=6, γE[v]=0.0, Q=6.0 (fn)
2026-09-22 18:25:52,257 INFO: Plan 1: ḡ=5, γE[v]=0.0, Q=5.0 (fn)
2026-09-22 18:25:52,257 INFO: Plan 0: ḡ=1.5, γE[v]=0.6, Q=2.1 (bayes)
2026-09-22 18:25:52,257 INFO: Plan 1: ḡ=1.2, γE[v]=0.8, Q=2.0 (bayes)
2026-09-22 18:25:52,257 INFO: Plan 2: ḡ=0.0, γE[v]=1.4, Q=1.4 (bayes)
2026-09-22 18:25:52,326 INFO: Plan 0: ḡ=16, γE[v]=1.0, Q=17.0 (fn)
2026-09-22 18:25:52,700 INFO: Plan 1: ḡ=24, γE[v]=1.0, Q=25.0 (fn)
2026-09-22 18:25:54,671 INFO: Plan 2: ḡ=47, γE[v]=6.0, Q=53.0 (fn)
2026-09-22 18:25:54,672 INFO: Plan 0: ḡ=4.0, γE[v]=4.5, Q=8.5 (bayes)
2026-09-22 18:25:54,672 INFO: Plan 1: ḡ=5.8, γE[v]=3.7, Q=9.4 (bayes)
2026-09-22 18:25:54,672 INFO: Plan 2: ḡ=10.2, γE[v]=1.8, Q=12.0 (bayes)
2026-09-22 18:25:56,193 INFO: Plan 1: ḡ=0, γE[v]=0.0, Q=0.0 (fn)
2026-09-22 18:25:56,194 INFO: Plan 2: ḡ=0, γE[v]=0.0, Q=0.0 (fn)
2026-09-22 18:25:56,263 INFO: Plan 2: ḡ=2, γE[v]=0.0, Q=2.0 (fn)
2026-09-22 18:25:57,230 INFO: Plan 0: ḡ=5, γE[v]=0.0, Q=5.0 (fn)
2026-09-22 18:25:57,230 INFO: Plan 1: ḡ=5, γE[v]=0.0, Q=5.0 (fn)
2026-09-22 18:25:57,231 INFO: Plan 0: ḡ=1.1, γE[v]=0.0, Q=1.1 (bayes)
2026-09-22 18:25:57,231 INFO: Plan 1: ḡ=1.1, γE[v]=0.0, Q=1.1 (bayes)
2026-09-22 18:25:57,231 INFO: Plan 2: ḡ=0.4, γE[v]=0.4, Q=0.8 (bayes)
2026-09-22 18:25:57,332 INFO: Plan 0: ḡ=0, γE[v]=0.0, Q=0.0 (fn)
2026-09-22 18:25:57,332 INFO: Plan 0: ḡ=0.0, γE[v]=0.0, Q=0.0 (bayes)
2026-09-22 18:25:57,332 INFO: Plan 1: ḡ=0.0, γE[v]=0.0, Q=0.0 (bayes)
2026-09-22 18:25:57,332 INFO: Plan 2: ḡ=0.0, γE[v]=0.0, Q=0.0 (bayes)
2026-09-22 18:25:57,468 INFO: Plan 0: ḡ=0, γE[v]=0.0, Q=0.0 (fn)
2026-09-22 18:25:57,469 INFO: Plan 2: ḡ=0, γE[v]=0.0, Q=0.0 (fn)
2026-09-22 18:25:57,705 INFO: Plan 1: ḡ=0, γE[v]=0.0, Q=0.0 (fn)
2026-09-22 18:25:57,705 INFO: Plan 0: ḡ=0.0, γE[v]=0.0, Q=0.0 (bayes)
2026-09-22 18:25:57,705 INFO: Plan 1: ḡ=0.0, γE[v]=0.0, Q=0.0 (bayes)
2026-09-22 18:25:57,706 INFO: Plan 2: ḡ=0.0, γE[v]=0.0, Q=0.0 (bayes)
  [69/93] starlette.applications seed=123: {'random': 2, 'greedy': 2, 'cov_greedy': 2, 'covqvalue2': 9}
2026-09-22 18:26:00,771 INFO: Plan 0: ḡ=1, γE[v]=0.0, Q=1.0 (fn)
2026-09-22 18:26:01,110 INFO: Plan 2: ḡ=8, γE[v]=0.0, Q=8.0 (fn)
2026-09-22 18:26:01,111 INFO: Plan 1: ḡ=8, γE[v]=0.0, Q=8.0 (fn)
2026-09-22 18:26:01,111 INFO: Plan 0: ḡ=0.2, γE[v]=0.9, Q=1.1 (bayes)
2026-09-22 18:26:01,111 INFO: Plan 1: ḡ=2.0, γE[v]=0.0, Q=2.0 (bayes)
2026-09-22 18:26:01,111 INFO: Plan 2: ḡ=2.0, γE[v]=0.0, Q=2.0 (bayes)
2026-09-22 18:26:04,108 INFO: Plan 0: ḡ=0, γE[v]=0.0, Q=0.0 (fn)
2026-09-22 18:26:04,109 INFO: Plan 2: ḡ=0, γE[v]=0.0, Q=0.0 (fn)
2026-09-22 18:26:04,110 INFO: Plan 1: ḡ=0, γE[v]=0.0, Q=0.0 (fn)
2026-09-22 18:26:04,110 INFO: Plan 0: ḡ=0.0, γE[v]=0.0, Q=0.0 (bayes)
2026-09-22 18:26:04,110 INFO: Plan 1: ḡ=0.0, γE[v]=0.0, Q=0.0 (bayes)
2026-09-22 18:26:04,110 INFO: Plan 2: ḡ=0.0, γE[v]=0.0, Q=0.0 (bayes)
2026-09-22 18:26:04,343 INFO: Plan 2: ḡ=11, γE[v]=0.0, Q=11.0 (fn)
2026-09-22 18:26:04,552 INFO: Plan 0: ḡ=7, γE[v]=0.0, Q=7.0 (fn)
2026-09-22 18:26:04,686 INFO: Plan 1: ḡ=7, γE[v]=0.0, Q=7.0 (fn)
2026-09-22 18:26:04,686 INFO: Plan 0: ḡ=1.8, γE[v]=2.2, Q=4.0 (bayes)
2026-09-22 18:26:04,686 INFO: Plan 1: ḡ=2.3, γE[v]=2.0, Q=4.2 (bayes)
2026-09-22 18:26:04,686 INFO: Plan 2: ḡ=2.2, γE[v]=2.0, Q=4.2 (bayes)
2026-09-22 18:26:07,997 INFO: Plan 0: ḡ=0, γE[v]=0.0, Q=0.0 (fn)
2026-09-22 18:26:07,998 INFO: Plan 1: ḡ=0, γE[v]=0.0, Q=0.0 (fn)
2026-09-22 18:26:08,231 INFO: Plan 0: ḡ=6, γE[v]=0.0, Q=6.0 (fn)
2026-09-22 18:26:10,316 INFO: Plan 0: ḡ=15, γE[v]=0.0, Q=15.0 (fn)
2026-09-22 18:26:10,317 INFO: Plan 2: ḡ=15, γE[v]=0.0, Q=15.0 (fn)
2026-09-22 18:26:10,318 INFO: Plan 1: ḡ=15, γE[v]=0.0, Q=15.0 (fn)
2026-09-22 18:26:10,319 INFO: Plan 0: ḡ=1.7, γE[v]=0.0, Q=1.7 (bayes)
2026-09-22 18:26:10,319 INFO: Plan 1: ḡ=1.7, γE[v]=0.0, Q=1.7 (bayes)
2026-09-22 18:26:10,319 INFO: Plan 2: ḡ=1.7, γE[v]=0.0, Q=1.7 (bayes)
2026-09-22 18:26:11,711 INFO: Plan 1: ḡ=34, γE[v]=4.0, Q=38.0 (fn)
  [70/93] pydantic.functional_serializers seed=123: {'random': 22, 'greedy': 22, 'cov_greedy': 22, 'covqvalue2': 24}
2026-09-22 18:26:12,499 INFO: Plan 2: ḡ=7, γE[v]=0.0, Q=7.0 (fn)
2026-09-22 18:26:12,663 INFO: Plan 0: ḡ=10, γE[v]=0.0, Q=10.0 (fn)
2026-09-22 18:26:12,695 INFO: Plan 1: ḡ=42, γE[v]=0.0, Q=42.0 (fn)
2026-09-22 18:26:12,695 INFO: Plan 0: ḡ=3.1, γE[v]=6.7, Q=9.8 (bayes)
2026-09-22 18:26:12,696 INFO: Plan 1: ḡ=11.4, γE[v]=2.5, Q=14.0 (bayes)
2026-09-22 18:26:12,696 INFO: Plan 2: ḡ=2.3, γE[v]=7.1, Q=9.4 (bayes)
2026-09-22 18:26:12,781 INFO: Plan 2: ḡ=17, γE[v]=0.0, Q=17.0 (fn)
2026-09-22 18:26:12,867 INFO: Plan 2: ḡ=0, γE[v]=0.0, Q=0.0 (fn)
2026-09-22 18:26:12,867 INFO: Plan 0: ḡ=0.0, γE[v]=0.0, Q=0.0 (bayes)
2026-09-22 18:26:12,868 INFO: Plan 1: ḡ=0.0, γE[v]=0.0, Q=0.0 (bayes)
2026-09-22 18:26:12,868 INFO: Plan 2: ḡ=0.0, γE[v]=0.0, Q=0.0 (bayes)
2026-09-22 18:26:12,924 INFO: Plan 1: ḡ=64, γE[v]=0.0, Q=64.0 (fn)
2026-09-22 18:26:13,066 INFO: Plan 1: ḡ=37, γE[v]=0.0, Q=37.0 (fn)
2026-09-22 18:26:13,102 INFO: Plan 2: ḡ=35, γE[v]=21.0, Q=56.0 (fn)
2026-09-22 18:26:13,102 INFO: Plan 0: ḡ=2.0, γE[v]=76.8, Q=78.8 (bayes)
2026-09-22 18:26:13,102 INFO: Plan 1: ḡ=17.0, γE[v]=69.5, Q=86.5 (bayes)
2026-09-22 18:26:13,103 INFO: Plan 2: ḡ=17.5, γE[v]=70.0, Q=87.5 (bayes)
2026-09-22 18:26:13,206 INFO: Plan 2: ḡ=67, γE[v]=0.0, Q=67.0 (fn)
2026-09-22 18:26:13,234 INFO: Plan 0: ḡ=240, γE[v]=0.0, Q=240.0 (fn)
2026-09-22 18:26:13,235 INFO: Plan 0: ḡ=51.0, γE[v]=58.1, Q=109.2 (bayes)
2026-09-22 18:26:13,235 INFO: Plan 1: ḡ=30.2, γE[v]=68.6, Q=98.7 (bayes)
2026-09-22 18:26:13,235 INFO: Plan 2: ḡ=26.8, γE[v]=70.2, Q=97.1 (bayes)
2026-09-22 18:26:14,880 INFO: Plan 0: ḡ=21, γE[v]=12.5, Q=33.5 (fn)
2026-09-22 18:26:14,880 INFO: Plan 0: ḡ=10.5, γE[v]=21.3, Q=31.8 (bayes)
2026-09-22 18:26:14,880 INFO: Plan 1: ḡ=18.5, γE[v]=16.8, Q=35.2 (bayes)
2026-09-22 18:26:14,880 INFO: Plan 2: ḡ=8.5, γE[v]=21.8, Q=30.2 (bayes)
2026-09-22 18:26:17,074 INFO: Plan 2: ḡ=55, γE[v]=0.0, Q=55.0 (fn)
2026-09-22 18:26:17,477 INFO: Plan 0: ḡ=34, γE[v]=0.0, Q=34.0 (fn)
2026-09-22 18:26:17,578 INFO: Plan 1: ḡ=63, γE[v]=0.0, Q=63.0 (fn)
2026-09-22 18:26:17,578 INFO: Plan 0: ḡ=14.6, γE[v]=18.4, Q=33.0 (bayes)
2026-09-22 18:26:17,578 INFO: Plan 1: ḡ=18.4, γE[v]=16.5, Q=34.9 (bayes)
2026-09-22 18:26:17,578 INFO: Plan 2: ḡ=19.9, γE[v]=15.7, Q=35.6 (bayes)
2026-09-22 18:26:17,902 INFO: Plan 0: ḡ=14, γE[v]=0.0, Q=14.0 (fn)
2026-09-22 18:26:18,316 INFO: Plan 2: ḡ=71, γE[v]=0.0, Q=71.0 (fn)
2026-09-22 18:26:18,349 INFO: Plan 1: ḡ=8, γE[v]=0.0, Q=8.0 (fn)
2026-09-22 18:26:18,412 INFO: Plan 2: ḡ=10, γE[v]=0.0, Q=10.0 (fn)
2026-09-22 18:26:18,413 INFO: Plan 0: ḡ=7.0, γE[v]=6.2, Q=13.2 (bayes)
2026-09-22 18:26:18,413 INFO: Plan 1: ḡ=3.0, γE[v]=8.2, Q=11.2 (bayes)
2026-09-22 18:26:18,413 INFO: Plan 2: ḡ=5.0, γE[v]=7.2, Q=12.2 (bayes)
2026-09-22 18:26:18,444 INFO: Plan 0: ḡ=24, γE[v]=0.0, Q=24.0 (fn)
2026-09-22 18:26:18,501 INFO: Plan 1: ḡ=0, γE[v]=0.0, Q=0.0 (fn)
2026-09-22 18:26:18,502 INFO: Plan 2: ḡ=0, γE[v]=0.0, Q=0.0 (fn)
2026-09-22 18:26:18,529 INFO: Plan 0: ḡ=0, γE[v]=0.0, Q=0.0 (fn)
2026-09-22 18:26:18,529 INFO: Plan 0: ḡ=0.0, γE[v]=0.0, Q=0.0 (bayes)
2026-09-22 18:26:18,529 INFO: Plan 1: ḡ=0.0, γE[v]=0.0, Q=0.0 (bayes)
2026-09-22 18:26:18,529 INFO: Plan 2: ḡ=0.0, γE[v]=0.0, Q=0.0 (bayes)
2026-09-22 18:26:18,815 INFO: Plan 1: ḡ=22, γE[v]=0.0, Q=22.0 (fn)
2026-09-22 18:26:18,816 INFO: Plan 0: ḡ=3.4, γE[v]=6.6, Q=10.1 (bayes)
2026-09-22 18:26:18,816 INFO: Plan 1: ḡ=3.1, γE[v]=6.8, Q=9.9 (bayes)
2026-09-22 18:26:18,816 INFO: Plan 2: ḡ=10.1, γE[v]=3.3, Q=13.4 (bayes)
2026-09-22 18:26:19,407 INFO: Plan 2: ḡ=0, γE[v]=0.0, Q=0.0 (fn)
2026-09-22 18:26:19,692 INFO: Plan 1: ḡ=2, γE[v]=0.0, Q=2.0 (fn)
2026-09-22 18:26:19,693 INFO: Plan 0: ḡ=2, γE[v]=0.0, Q=2.0 (fn)
2026-09-22 18:26:19,693 INFO: Plan 0: ḡ=0.5, γE[v]=0.2, Q=0.7 (bayes)
2026-09-22 18:26:19,693 INFO: Plan 1: ḡ=0.5, γE[v]=0.2, Q=0.7 (bayes)
2026-09-22 18:26:19,693 INFO: Plan 2: ḡ=0.0, γE[v]=0.5, Q=0.5 (bayes)
2026-09-22 18:26:22,316 INFO: Plan 2: ḡ=32, γE[v]=0.0, Q=32.0 (fn)
2026-09-22 18:26:22,317 INFO: Plan 0: ḡ=32, γE[v]=0.0, Q=32.0 (fn)
2026-09-22 18:26:22,318 INFO: Plan 1: ḡ=32, γE[v]=0.0, Q=32.0 (fn)
2026-09-22 18:26:22,318 INFO: Plan 0: ḡ=6.4, γE[v]=0.0, Q=6.4 (bayes)
2026-09-22 18:26:22,318 INFO: Plan 1: ḡ=6.4, γE[v]=0.0, Q=6.4 (bayes)
2026-09-22 18:26:22,319 INFO: Plan 2: ḡ=6.4, γE[v]=0.0, Q=6.4 (bayes)
  [71/93] httpx._utils seed=123: {'random': 16, 'greedy': 16, 'cov_greedy': 26, 'covqvalue2': 61}
2026-09-22 18:26:23,967 INFO: Plan 2: ḡ=1, γE[v]=0.0, Q=1.0 (fn)
2026-09-22 18:26:23,968 INFO: Plan 0: ḡ=1, γE[v]=0.0, Q=1.0 (fn)
2026-09-22 18:26:24,736 INFO: Plan 1: ḡ=4, γE[v]=0.5, Q=4.5 (fn)
2026-09-22 18:26:24,737 INFO: Plan 0: ḡ=0.1, γE[v]=1.8, Q=1.9 (bayes)
2026-09-22 18:26:24,737 INFO: Plan 1: ḡ=3.6, γE[v]=0.1, Q=3.7 (bayes)
2026-09-22 18:26:24,737 INFO: Plan 2: ḡ=0.1, γE[v]=1.8, Q=1.9 (bayes)
  [72/93] jinja2.bccache seed=123: {'random': 3, 'greedy': 3, 'cov_greedy': 5, 'covqvalue2': 19}
2026-09-22 18:26:26,911 INFO: Plan 0: ḡ=0, γE[v]=0.0, Q=0.0 (fn)
2026-09-22 18:26:26,912 INFO: Plan 2: ḡ=0, γE[v]=0.0, Q=0.0 (fn)
2026-09-22 18:26:26,914 INFO: Plan 1: ḡ=0, γE[v]=0.0, Q=0.0 (fn)
2026-09-22 18:26:26,915 INFO: Plan 0: ḡ=0.0, γE[v]=0.0, Q=0.0 (bayes)
2026-09-22 18:26:26,916 INFO: Plan 1: ḡ=0.0, γE[v]=0.0, Q=0.0 (bayes)
2026-09-22 18:26:26,916 INFO: Plan 2: ḡ=0.0, γE[v]=0.0, Q=0.0 (bayes)
2026-09-22 18:26:27,598 INFO: Plan 2: ḡ=0, γE[v]=0.0, Q=0.0 (fn)
2026-09-22 18:26:27,599 INFO: Plan 1: ḡ=0, γE[v]=0.0, Q=0.0 (fn)
2026-09-22 18:26:27,772 INFO: Plan 0: ḡ=5, γE[v]=0.0, Q=5.0 (fn)
2026-09-22 18:26:27,773 INFO: Plan 0: ḡ=1.2, γE[v]=0.0, Q=1.2 (bayes)
2026-09-22 18:26:27,773 INFO: Plan 1: ḡ=0.0, γE[v]=0.6, Q=0.6 (bayes)
2026-09-22 18:26:27,773 INFO: Plan 2: ḡ=0.0, γE[v]=0.6, Q=0.6 (bayes)
  [73/93] httpx._config seed=123: {'random': 17, 'greedy': 17, 'cov_greedy': 23, 'covqvalue2': 32}
2026-09-22 18:26:31,363 INFO: Plan 0: ḡ=18, γE[v]=0.0, Q=18.0 (fn)
2026-09-22 18:26:31,712 INFO: Plan 2: ḡ=5, γE[v]=0.0, Q=5.0 (fn)
2026-09-22 18:26:31,799 INFO: Plan 1: ḡ=8, γE[v]=0.0, Q=8.0 (fn)
2026-09-22 18:26:31,885 INFO: Plan 0: ḡ=6, γE[v]=0.0, Q=6.0 (fn)
2026-09-22 18:26:31,885 INFO: Plan 0: ḡ=1.5, γE[v]=1.1, Q=2.6 (bayes)
2026-09-22 18:26:31,886 INFO: Plan 1: ḡ=1.7, γE[v]=1.0, Q=2.7 (bayes)
2026-09-22 18:26:31,886 INFO: Plan 2: ḡ=1.1, γE[v]=1.3, Q=2.4 (bayes)
2026-09-22 18:26:32,627 INFO: Plan 0: ḡ=0, γE[v]=0.0, Q=0.0 (fn)
2026-09-22 18:26:32,628 INFO: Plan 1: ḡ=0, γE[v]=0.0, Q=0.0 (fn)
2026-09-22 18:26:33,144 INFO: Plan 2: ḡ=0, γE[v]=0.0, Q=0.0 (fn)
2026-09-22 18:26:33,145 INFO: Plan 0: ḡ=0.0, γE[v]=0.0, Q=0.0 (bayes)
2026-09-22 18:26:33,145 INFO: Plan 1: ḡ=0.0, γE[v]=0.0, Q=0.0 (bayes)
2026-09-22 18:26:33,145 INFO: Plan 2: ḡ=0.0, γE[v]=0.0, Q=0.0 (bayes)
2026-09-22 18:26:33,316 INFO: Plan 2: ḡ=47, γE[v]=6.0, Q=53.0 (fn)
2026-09-22 18:26:33,373 INFO: Plan 1: ḡ=24, γE[v]=16.5, Q=40.5 (fn)
2026-09-22 18:26:33,374 INFO: Plan 0: ḡ=3.6, γE[v]=3.5, Q=7.1 (bayes)
2026-09-22 18:26:33,374 INFO: Plan 1: ḡ=4.6, γE[v]=4.2, Q=8.8 (bayes)
2026-09-22 18:26:33,374 INFO: Plan 2: ḡ=8.4, γE[v]=1.6, Q=9.9 (bayes)
2026-09-22 18:26:34,960 INFO: Plan 0: ḡ=1, γE[v]=0.0, Q=1.0 (fn)
2026-09-22 18:26:34,960 INFO: Plan 2: ḡ=1, γE[v]=0.0, Q=1.0 (fn)
2026-09-22 18:26:34,961 INFO: Plan 1: ḡ=1, γE[v]=0.0, Q=1.0 (fn)
2026-09-22 18:26:34,962 INFO: Plan 0: ḡ=0.2, γE[v]=0.0, Q=0.2 (bayes)
2026-09-22 18:26:34,962 INFO: Plan 1: ḡ=0.2, γE[v]=0.0, Q=0.2 (bayes)
2026-09-22 18:26:34,962 INFO: Plan 2: ḡ=0.2, γE[v]=0.0, Q=0.2 (bayes)
2026-09-22 18:26:36,432 INFO: Plan 1: ḡ=1, γE[v]=0.0, Q=1.0 (fn)
2026-09-22 18:26:36,432 INFO: Plan 0: ḡ=1, γE[v]=0.0, Q=1.0 (fn)
2026-09-22 18:26:36,433 INFO: Plan 2: ḡ=1, γE[v]=0.0, Q=1.0 (fn)
2026-09-22 18:26:36,434 INFO: Plan 0: ḡ=0.2, γE[v]=0.0, Q=0.2 (bayes)
2026-09-22 18:26:36,434 INFO: Plan 1: ḡ=0.2, γE[v]=0.0, Q=0.2 (bayes)
2026-09-22 18:26:36,434 INFO: Plan 2: ḡ=0.2, γE[v]=0.0, Q=0.2 (bayes)
2026-09-22 18:26:37,791 INFO: Plan 2: ḡ=0, γE[v]=0.0, Q=0.0 (fn)
2026-09-22 18:26:37,792 INFO: Plan 1: ḡ=0, γE[v]=0.0, Q=0.0 (fn)
2026-09-22 18:26:37,793 INFO: Plan 0: ḡ=0, γE[v]=0.0, Q=0.0 (fn)
2026-09-22 18:26:37,794 INFO: Plan 0: ḡ=0.0, γE[v]=0.0, Q=0.0 (bayes)
2026-09-22 18:26:37,794 INFO: Plan 1: ḡ=0.0, γE[v]=0.0, Q=0.0 (bayes)
2026-09-22 18:26:37,794 INFO: Plan 2: ḡ=0.0, γE[v]=0.0, Q=0.0 (bayes)
2026-09-22 18:26:45,329 INFO: Plan 0: ḡ=0, γE[v]=0.0, Q=0.0 (fn)
2026-09-22 18:26:45,329 INFO: Plan 1: ḡ=0, γE[v]=0.0, Q=0.0 (fn)
2026-09-22 18:26:45,795 INFO: Plan 2: ḡ=3, γE[v]=0.0, Q=3.0 (fn)
2026-09-22 18:26:45,822 INFO: Plan 0: ḡ=6, γE[v]=0.0, Q=6.0 (fn)
2026-09-22 18:26:45,908 INFO: Plan 0: ḡ=6, γE[v]=0.0, Q=6.0 (fn)
2026-09-22 18:26:45,937 INFO: Plan 1: ḡ=7, γE[v]=0.0, Q=7.0 (fn)
2026-09-22 18:26:45,937 INFO: Plan 0: ḡ=2.0, γE[v]=1.5, Q=3.5 (bayes)
2026-09-22 18:26:45,937 INFO: Plan 1: ḡ=2.1, γE[v]=1.5, Q=3.6 (bayes)
2026-09-22 18:26:45,937 INFO: Plan 2: ḡ=1.0, γE[v]=2.0, Q=3.0 (bayes)
2026-09-22 18:26:45,966 INFO: Plan 2: ḡ=22, γE[v]=0.0, Q=22.0 (fn)
2026-09-22 18:26:47,295 INFO: Plan 2: ḡ=0, γE[v]=0.0, Q=0.0 (fn)
2026-09-22 18:26:47,295 INFO: Plan 0: ḡ=0.0, γE[v]=0.0, Q=0.0 (bayes)
2026-09-22 18:26:47,295 INFO: Plan 1: ḡ=0.0, γE[v]=0.0, Q=0.0 (bayes)
2026-09-22 18:26:47,295 INFO: Plan 2: ḡ=0.0, γE[v]=0.0, Q=0.0 (bayes)
  [74/93] starlette.testclient seed=123: {'random': 42, 'greedy': 42, 'cov_greedy': 0, 'covqvalue2': 67}
2026-09-22 18:26:50,727 INFO: Plan 1: ḡ=15, γE[v]=6.0, Q=21.0 (fn)
2026-09-22 18:26:50,728 INFO: Plan 0: ḡ=2.0, γE[v]=55.2, Q=57.2 (bayes)
2026-09-22 18:26:50,728 INFO: Plan 1: ḡ=7.5, γE[v]=52.8, Q=60.3 (bayes)
2026-09-22 18:26:50,728 INFO: Plan 2: ḡ=7.5, γE[v]=52.5, Q=60.0 (bayes)
2026-09-22 18:26:50,950 INFO: Plan 0: ḡ=0, γE[v]=0.0, Q=0.0 (fn)
2026-09-22 18:26:50,951 INFO: Plan 1: ḡ=0, γE[v]=0.0, Q=0.0 (fn)
2026-09-22 18:26:50,952 INFO: Plan 2: ḡ=0, γE[v]=0.0, Q=0.0 (fn)
2026-09-22 18:26:50,952 INFO: Plan 0: ḡ=0.0, γE[v]=0.0, Q=0.0 (bayes)
2026-09-22 18:26:50,953 INFO: Plan 1: ḡ=0.0, γE[v]=0.0, Q=0.0 (bayes)
2026-09-22 18:26:50,953 INFO: Plan 2: ḡ=0.0, γE[v]=0.0, Q=0.0 (bayes)
2026-09-22 18:26:51,143 INFO: Plan 2: ḡ=26, γE[v]=0.0, Q=26.0 (fn)
2026-09-22 18:26:51,198 INFO: Plan 1: ḡ=31, γE[v]=0.0, Q=31.0 (fn)
2026-09-22 18:26:51,308 INFO: Plan 2: ḡ=31, γE[v]=0.0, Q=31.0 (fn)
2026-09-22 18:26:51,529 INFO: Plan 0: ḡ=23, γE[v]=0.0, Q=23.0 (fn)
2026-09-22 18:26:52,023 INFO: Plan 0: ḡ=7, γE[v]=9.5, Q=16.5 (fn)
2026-09-22 18:26:52,024 INFO: Plan 0: ḡ=3.5, γE[v]=14.7, Q=18.2 (bayes)
2026-09-22 18:26:52,024 INFO: Plan 1: ḡ=15.5, γE[v]=8.2, Q=23.8 (bayes)
2026-09-22 18:26:52,024 INFO: Plan 2: ḡ=13.0, γE[v]=9.5, Q=22.5 (bayes)
2026-09-22 18:26:52,240 INFO: Plan 1: ḡ=85, γE[v]=0.0, Q=85.0 (fn)
2026-09-22 18:26:52,458 INFO: Plan 1: ḡ=83, γE[v]=0.0, Q=83.0 (fn)
2026-09-22 18:26:52,459 INFO: Plan 0: ḡ=11.8, γE[v]=13.2, Q=25.0 (bayes)
2026-09-22 18:26:52,459 INFO: Plan 1: ḡ=25.2, γE[v]=6.5, Q=31.7 (bayes)
2026-09-22 18:26:52,459 INFO: Plan 2: ḡ=9.3, γE[v]=14.4, Q=23.8 (bayes)
2026-09-22 18:26:52,563 INFO: Plan 0: ḡ=11, γE[v]=0.0, Q=11.0 (fn)
2026-09-22 18:26:52,666 INFO: Plan 2: ḡ=10, γE[v]=0.0, Q=10.0 (fn)
2026-09-22 18:26:53,741 INFO: Plan 1: ḡ=12, γE[v]=0.0, Q=12.0 (fn)
2026-09-22 18:26:53,741 INFO: Plan 0: ḡ=5.5, γE[v]=3.5, Q=9.0 (bayes)
2026-09-22 18:26:53,741 INFO: Plan 1: ḡ=5.0, γE[v]=3.8, Q=8.8 (bayes)
2026-09-22 18:26:53,741 INFO: Plan 2: ḡ=5.0, γE[v]=3.8, Q=8.8 (bayes)
  [75/93] httpx._urlparse seed=123: {'random': 4, 'greedy': 4, 'cov_greedy': 4, 'covqvalue2': 72}
2026-09-22 18:26:55,151 INFO: Plan 0: ḡ=240, γE[v]=17.0, Q=257.0 (fn)
2026-09-22 18:26:55,969 INFO: Plan 0: ḡ=24, γE[v]=0.0, Q=24.0 (fn)
2026-09-22 18:26:56,072 INFO: Plan 2: ḡ=74, γE[v]=0.0, Q=74.0 (fn)
2026-09-22 18:26:56,881 INFO: Plan 2: ḡ=62, γE[v]=158.0, Q=220.0 (fn)
2026-09-22 18:26:56,881 INFO: Plan 0: ḡ=42.8, γE[v]=59.3, Q=102.1 (bayes)
2026-09-22 18:26:56,881 INFO: Plan 1: ḡ=40.7, γE[v]=59.2, Q=99.8 (bayes)
2026-09-22 18:26:56,881 INFO: Plan 2: ḡ=25.2, γE[v]=77.8, Q=102.9 (bayes)
2026-09-22 18:26:57,625 INFO: Plan 1: ḡ=53, γE[v]=0.0, Q=53.0 (fn)
2026-09-22 18:26:57,679 INFO: Plan 1: ḡ=93, γE[v]=12.0, Q=105.0 (fn)
2026-09-22 18:26:57,679 INFO: Plan 0: ḡ=3.4, γE[v]=6.0, Q=9.4 (bayes)
2026-09-22 18:26:57,679 INFO: Plan 1: ḡ=12.0, γE[v]=2.6, Q=14.7 (bayes)
2026-09-22 18:26:57,679 INFO: Plan 2: ḡ=9.3, γE[v]=3.1, Q=12.4 (bayes)
2026-09-22 18:26:58,677 INFO: Plan 0: ḡ=17, γE[v]=20.5, Q=37.5 (fn)
2026-09-22 18:26:59,398 INFO: Plan 0: ḡ=0, γE[v]=0.0, Q=0.0 (fn)
2026-09-22 18:26:59,399 INFO: Plan 2: ḡ=0, γE[v]=0.0, Q=0.0 (fn)
2026-09-22 18:26:59,400 INFO: Plan 1: ḡ=0, γE[v]=0.0, Q=0.0 (fn)
2026-09-22 18:26:59,400 INFO: Plan 0: ḡ=0.0, γE[v]=0.0, Q=0.0 (bayes)
2026-09-22 18:26:59,400 INFO: Plan 1: ḡ=0.0, γE[v]=0.0, Q=0.0 (bayes)
2026-09-22 18:26:59,400 INFO: Plan 2: ḡ=0.0, γE[v]=0.0, Q=0.0 (bayes)
2026-09-22 18:27:00,219 INFO: Plan 2: ḡ=32, γE[v]=0.0, Q=32.0 (fn)
2026-09-22 18:27:00,220 INFO: Plan 1: ḡ=32, γE[v]=0.0, Q=32.0 (fn)
2026-09-22 18:27:00,384 INFO: Plan 0: ḡ=9, γE[v]=11.5, Q=20.5 (fn)
2026-09-22 18:27:00,384 INFO: Plan 0: ḡ=1.5, γE[v]=2.8, Q=4.3 (bayes)
2026-09-22 18:27:00,384 INFO: Plan 1: ḡ=5.3, γE[v]=0.0, Q=5.3 (bayes)
2026-09-22 18:27:00,384 INFO: Plan 2: ḡ=5.3, γE[v]=0.0, Q=5.3 (bayes)
2026-09-22 18:27:01,484 INFO: Plan 2: ḡ=187, γE[v]=0.0, Q=187.0 (fn)
2026-09-22 18:27:01,484 INFO: Plan 0: ḡ=8.5, γE[v]=43.4, Q=51.9 (bayes)
2026-09-22 18:27:01,485 INFO: Plan 1: ḡ=26.5, γE[v]=33.5, Q=60.0 (bayes)
2026-09-22 18:27:01,485 INFO: Plan 2: ḡ=93.5, γE[v]=0.0, Q=93.5 (bayes)
  [76/93] pydantic.fields seed=123: {'random': 41, 'greedy': 92, 'cov_greedy': 119, 'covqvalue2': 134}
2026-09-22 18:27:04,209 INFO: Plan 2: ḡ=0, γE[v]=0.0, Q=0.0 (fn)
2026-09-22 18:27:04,828 INFO: Plan 1: ḡ=7, γE[v]=0.0, Q=7.0 (fn)
2026-09-22 18:27:04,884 INFO: Plan 0: ḡ=9, γE[v]=0.0, Q=9.0 (fn)
2026-09-22 18:27:04,885 INFO: Plan 0: ḡ=2.0, γE[v]=0.0, Q=2.0 (bayes)
2026-09-22 18:27:04,885 INFO: Plan 1: ḡ=1.6, γE[v]=0.2, Q=1.8 (bayes)
2026-09-22 18:27:04,885 INFO: Plan 2: ḡ=0.0, γE[v]=1.0, Q=1.0 (bayes)
2026-09-22 18:27:05,024 INFO: Plan 1: ḡ=10, γE[v]=0.0, Q=10.0 (fn)
2026-09-22 18:27:05,331 INFO: Plan 0: ḡ=0, γE[v]=0.0, Q=0.0 (fn)
2026-09-22 18:27:05,332 INFO: Plan 2: ḡ=0, γE[v]=0.0, Q=0.0 (fn)
2026-09-22 18:27:05,387 INFO: Plan 1: ḡ=161, γE[v]=0.0, Q=161.0 (fn)
2026-09-22 18:27:05,388 INFO: Plan 2: ḡ=161, γE[v]=0.0, Q=161.0 (fn)
2026-09-22 18:27:05,499 INFO: Plan 0: ḡ=16, γE[v]=1.0, Q=17.0 (fn)
2026-09-22 18:27:05,711 INFO: Plan 1: ḡ=0, γE[v]=0.0, Q=0.0 (fn)
2026-09-22 18:27:05,711 INFO: Plan 0: ḡ=0.0, γE[v]=0.0, Q=0.0 (bayes)
2026-09-22 18:27:05,711 INFO: Plan 1: ḡ=0.0, γE[v]=0.0, Q=0.0 (bayes)
2026-09-22 18:27:05,712 INFO: Plan 2: ḡ=0.0, γE[v]=0.0, Q=0.0 (bayes)
2026-09-22 18:27:05,928 INFO: Plan 0: ḡ=63, γE[v]=49.0, Q=112.0 (fn)
2026-09-22 18:27:05,928 INFO: Plan 0: ḡ=31.5, γE[v]=26.7, Q=58.2 (bayes)
2026-09-22 18:27:05,928 INFO: Plan 1: ḡ=80.5, γE[v]=0.0, Q=80.5 (bayes)
2026-09-22 18:27:05,928 INFO: Plan 2: ḡ=80.5, γE[v]=0.0, Q=80.5 (bayes)
2026-09-22 18:27:07,154 INFO: Plan 2: ḡ=47, γE[v]=6.0, Q=53.0 (fn)
2026-09-22 18:27:07,155 INFO: Plan 0: ḡ=2.7, γE[v]=3.2, Q=5.9 (bayes)
2026-09-22 18:27:07,155 INFO: Plan 1: ḡ=1.5, γE[v]=3.7, Q=5.3 (bayes)
2026-09-22 18:27:07,155 INFO: Plan 2: ḡ=7.1, γE[v]=1.4, Q=8.5 (bayes)
  [77/93] starlette.staticfiles seed=123: {'random': 3, 'greedy': 4, 'cov_greedy': 34, 'covqvalue2': 46}
  [78/93] httpx._urls seed=123: {'random': 37, 'greedy': 39, 'cov_greedy': 41, 'covqvalue2': 81}
2026-09-22 18:27:08,712 INFO: Plan 0: ḡ=1, γE[v]=0.0, Q=1.0 (fn)
2026-09-22 18:27:08,739 INFO: Plan 2: ḡ=1, γE[v]=0.0, Q=1.0 (fn)
2026-09-22 18:27:08,741 INFO: Plan 1: ḡ=1, γE[v]=0.0, Q=1.0 (fn)
2026-09-22 18:27:08,741 INFO: Plan 0: ḡ=0.2, γE[v]=0.0, Q=0.2 (bayes)
2026-09-22 18:27:08,741 INFO: Plan 1: ḡ=0.2, γE[v]=0.0, Q=0.2 (bayes)
2026-09-22 18:27:08,741 INFO: Plan 2: ḡ=0.2, γE[v]=0.0, Q=0.2 (bayes)
2026-09-22 18:27:08,847 INFO: Plan 1: ḡ=0, γE[v]=0.0, Q=0.0 (fn)
2026-09-22 18:27:08,849 INFO: Plan 2: ḡ=0, γE[v]=0.0, Q=0.0 (fn)
2026-09-22 18:27:08,850 INFO: Plan 0: ḡ=0, γE[v]=0.0, Q=0.0 (fn)
2026-09-22 18:27:08,850 INFO: Plan 0: ḡ=0.0, γE[v]=0.0, Q=0.0 (bayes)
2026-09-22 18:27:08,851 INFO: Plan 1: ḡ=0.0, γE[v]=0.0, Q=0.0 (bayes)
2026-09-22 18:27:08,851 INFO: Plan 2: ḡ=0.0, γE[v]=0.0, Q=0.0 (bayes)
  [79/93] werkzeug.wsgi seed=123: {'random': 9, 'greedy': 8, 'cov_greedy': 13, 'covqvalue2': 39}
2026-09-22 18:27:10,348 INFO: Plan 2: ḡ=0, γE[v]=0.0, Q=0.0 (fn)
2026-09-22 18:27:10,349 INFO: Plan 1: ḡ=0, γE[v]=0.0, Q=0.0 (fn)
2026-09-22 18:27:10,350 INFO: Plan 0: ḡ=0, γE[v]=0.0, Q=0.0 (fn)
2026-09-22 18:27:10,350 INFO: Plan 0: ḡ=0.0, γE[v]=0.0, Q=0.0 (bayes)
2026-09-22 18:27:10,350 INFO: Plan 1: ḡ=0.0, γE[v]=0.0, Q=0.0 (bayes)
2026-09-22 18:27:10,351 INFO: Plan 2: ḡ=0.0, γE[v]=0.0, Q=0.0 (bayes)
  [80/93] werkzeug.wrappers.request seed=123: {'random': 40, 'greedy': 40, 'cov_greedy': 43, 'covqvalue2': 68}
2026-09-22 18:27:15,547 INFO: Plan 2: ḡ=3, γE[v]=0.0, Q=3.0 (fn)
2026-09-22 18:27:15,646 INFO: Plan 0: ḡ=6, γE[v]=0.0, Q=6.0 (fn)
2026-09-22 18:27:16,215 INFO: Plan 1: ḡ=9, γE[v]=1.5, Q=10.5 (fn)
2026-09-22 18:27:16,215 INFO: Plan 0: ḡ=2.0, γE[v]=0.9, Q=2.9 (bayes)
2026-09-22 18:27:16,215 INFO: Plan 1: ḡ=2.8, γE[v]=0.6, Q=3.3 (bayes)
2026-09-22 18:27:16,215 INFO: Plan 2: ḡ=1.0, γE[v]=1.4, Q=2.4 (bayes)
2026-09-22 18:27:16,510 INFO: Plan 0: ḡ=7, γE[v]=0.0, Q=7.0 (fn)
2026-09-22 18:27:18,519 INFO: Plan 2: ḡ=19, γE[v]=26.0, Q=45.0 (fn)
2026-09-22 18:27:19,221 INFO: Plan 1: ḡ=10, γE[v]=14.5, Q=24.5 (fn)
2026-09-22 18:27:19,222 INFO: Plan 0: ḡ=2.5, γE[v]=50.1, Q=52.6 (bayes)
2026-09-22 18:27:19,222 INFO: Plan 1: ḡ=3.5, γE[v]=50.2, Q=53.7 (bayes)
2026-09-22 18:27:19,222 INFO: Plan 2: ḡ=6.8, γE[v]=49.1, Q=55.9 (bayes)
2026-09-22 18:27:19,950 INFO: Plan 2: ḡ=25, γE[v]=0.0, Q=25.0 (fn)
2026-09-22 18:27:20,375 INFO: Plan 1: ḡ=19, γE[v]=0.0, Q=19.0 (fn)
2026-09-22 18:27:20,694 INFO: Plan 2: ḡ=4, γE[v]=0.0, Q=4.0 (fn)
2026-09-22 18:27:21,084 INFO: Plan 0: ḡ=7, γE[v]=7.0, Q=14.0 (fn)
2026-09-22 18:27:21,084 INFO: Plan 0: ḡ=3.5, γE[v]=9.4, Q=12.9 (bayes)
2026-09-22 18:27:21,084 INFO: Plan 1: ḡ=7.0, γE[v]=7.2, Q=14.2 (bayes)
2026-09-22 18:27:21,085 INFO: Plan 2: ḡ=12.5, γE[v]=4.5, Q=17.0 (bayes)
2026-09-22 18:27:21,950 INFO: Plan 1: ḡ=6, γE[v]=5.0, Q=11.0 (fn)
2026-09-22 18:27:22,049 INFO: Plan 0: ḡ=6, γE[v]=5.0, Q=11.0 (fn)
2026-09-22 18:27:22,050 INFO: Plan 0: ḡ=2.0, γE[v]=2.7, Q=4.7 (bayes)
2026-09-22 18:27:22,050 INFO: Plan 1: ḡ=3.0, γE[v]=2.3, Q=5.3 (bayes)
2026-09-22 18:27:22,050 INFO: Plan 2: ḡ=2.0, γE[v]=2.5, Q=4.5 (bayes)
2026-09-22 18:27:22,273 INFO: Plan 2: ḡ=111, γE[v]=0.0, Q=111.0 (fn)
2026-09-22 18:27:22,493 INFO: Plan 0: ḡ=46, γE[v]=32.5, Q=78.5 (fn)
2026-09-22 18:27:22,518 INFO: Plan 2: ḡ=25, γE[v]=0.0, Q=25.0 (fn)
2026-09-22 18:27:22,636 INFO: Plan 1: ḡ=30, γE[v]=40.5, Q=70.5 (fn)
2026-09-22 18:27:22,636 INFO: Plan 0: ḡ=23.0, γE[v]=17.7, Q=40.7 (bayes)
2026-09-22 18:27:22,636 INFO: Plan 1: ḡ=15.0, γE[v]=22.1, Q=37.1 (bayes)
2026-09-22 18:27:22,636 INFO: Plan 2: ḡ=55.5, γE[v]=0.0, Q=55.5 (bayes)
2026-09-22 18:27:23,147 INFO: Plan 0: ḡ=23, γE[v]=0.0, Q=23.0 (fn)
2026-09-22 18:27:23,457 INFO: Plan 1: ḡ=34, γE[v]=0.0, Q=34.0 (fn)
2026-09-22 18:27:23,457 INFO: Plan 0: ḡ=10.2, γE[v]=7.2, Q=17.4 (bayes)
2026-09-22 18:27:23,457 INFO: Plan 1: ḡ=10.0, γE[v]=7.2, Q=17.3 (bayes)
2026-09-22 18:27:23,457 INFO: Plan 2: ḡ=6.5, γE[v]=9.0, Q=15.5 (bayes)
  [81/93] starlette.routing seed=123: {'random': 4, 'greedy': 6, 'cov_greedy': 6, 'covqvalue2': 71}
2026-09-22 18:27:26,591 INFO: Plan 2: ḡ=71, γE[v]=0.0, Q=71.0 (fn)
2026-09-22 18:27:26,691 INFO: Plan 0: ḡ=24, γE[v]=0.0, Q=24.0 (fn)
2026-09-22 18:27:26,988 INFO: Plan 1: ḡ=22, γE[v]=0.0, Q=22.0 (fn)
2026-09-22 18:27:26,988 INFO: Plan 0: ḡ=3.0, γE[v]=5.3, Q=8.3 (bayes)
2026-09-22 18:27:26,988 INFO: Plan 1: ḡ=2.8, γE[v]=5.4, Q=8.2 (bayes)
2026-09-22 18:27:26,988 INFO: Plan 2: ḡ=7.9, γE[v]=2.9, Q=10.8 (bayes)
2026-09-22 18:27:28,957 INFO: Plan 1: ḡ=76, γE[v]=0.0, Q=76.0 (fn)
  [82/93] werkzeug.routing.map seed=123: {'random': 38, 'greedy': 38, 'cov_greedy': 52, 'covqvalue2': 64}
2026-09-22 18:27:30,485 INFO: Plan 0: ḡ=240, γE[v]=15.0, Q=255.0 (fn)
2026-09-22 18:27:31,498 INFO: Plan 2: ḡ=415, γE[v]=7.0, Q=422.0 (fn)
2026-09-22 18:27:31,498 INFO: Plan 0: ḡ=37.1, γE[v]=38.0, Q=75.2 (bayes)
2026-09-22 18:27:31,498 INFO: Plan 1: ḡ=27.7, γE[v]=41.7, Q=69.4 (bayes)
2026-09-22 18:27:31,498 INFO: Plan 2: ḡ=104.5, γE[v]=3.6, Q=108.1 (bayes)
2026-09-22 18:27:33,647 INFO: Plan 0: ḡ=13, γE[v]=0.0, Q=13.0 (fn)
2026-09-22 18:27:35,112 INFO: Plan 0: ḡ=0, γE[v]=0.0, Q=0.0 (fn)
2026-09-22 18:27:35,113 INFO: Plan 1: ḡ=0, γE[v]=0.0, Q=0.0 (fn)
2026-09-22 18:27:36,023 INFO: Plan 1: ḡ=2, γE[v]=0.0, Q=2.0 (fn)
2026-09-22 18:27:36,048 INFO: Plan 0: ḡ=3, γE[v]=0.0, Q=3.0 (fn)
2026-09-22 18:27:36,049 INFO: Plan 2: ḡ=0, γE[v]=0.0, Q=0.0 (fn)
2026-09-22 18:27:36,050 INFO: Plan 1: ḡ=0, γE[v]=0.0, Q=0.0 (fn)
2026-09-22 18:27:36,069 INFO: Plan 0: ḡ=0, γE[v]=0.0, Q=0.0 (fn)
2026-09-22 18:27:36,070 INFO: Plan 0: ḡ=0.0, γE[v]=0.0, Q=0.0 (bayes)
2026-09-22 18:27:36,070 INFO: Plan 1: ḡ=0.0, γE[v]=0.0, Q=0.0 (bayes)
2026-09-22 18:27:36,070 INFO: Plan 2: ḡ=0.0, γE[v]=0.0, Q=0.0 (bayes)
2026-09-22 18:27:36,208 INFO: Plan 2: ḡ=62, γE[v]=9.5, Q=71.5 (fn)
2026-09-22 18:27:36,434 INFO: Plan 2: ḡ=1, γE[v]=2.5, Q=3.5 (fn)
2026-09-22 18:27:36,435 INFO: Plan 0: ḡ=0.6, γE[v]=0.4, Q=1.0 (bayes)
2026-09-22 18:27:36,435 INFO: Plan 1: ḡ=0.5, γE[v]=0.4, Q=0.9 (bayes)
2026-09-22 18:27:36,435 INFO: Plan 2: ḡ=0.2, γE[v]=0.7, Q=1.0 (bayes)
2026-09-22 18:27:36,839 INFO: Plan 2: ḡ=0, γE[v]=0.0, Q=0.0 (fn)
2026-09-22 18:27:36,839 INFO: Plan 0: ḡ=0.0, γE[v]=0.0, Q=0.0 (bayes)
2026-09-22 18:27:36,840 INFO: Plan 1: ḡ=0.0, γE[v]=0.0, Q=0.0 (bayes)
2026-09-22 18:27:36,840 INFO: Plan 2: ḡ=0.0, γE[v]=0.0, Q=0.0 (bayes)
2026-09-22 18:27:37,099 INFO: Plan 1: ḡ=180, γE[v]=0.5, Q=180.5 (fn)
2026-09-22 18:27:37,099 INFO: Plan 0: ḡ=4.3, γE[v]=28.0, Q=32.3 (bayes)
2026-09-22 18:27:37,099 INFO: Plan 1: ḡ=60.0, γE[v]=0.2, Q=60.2 (bayes)
2026-09-22 18:27:37,099 INFO: Plan 2: ḡ=20.7, γE[v]=20.4, Q=41.1 (bayes)
2026-09-22 18:27:40,983 INFO: Plan 2: ḡ=4, γE[v]=0.0, Q=4.0 (fn)
2026-09-22 18:27:41,225 INFO: Plan 1: ḡ=17, γE[v]=0.0, Q=17.0 (fn)
2026-09-22 18:27:41,250 INFO: Plan 0: ḡ=4, γE[v]=0.0, Q=4.0 (fn)
2026-09-22 18:27:41,250 INFO: Plan 0: ḡ=2.0, γE[v]=3.8, Q=5.8 (bayes)
2026-09-22 18:27:41,250 INFO: Plan 1: ḡ=6.2, γE[v]=1.8, Q=7.9 (bayes)
2026-09-22 18:27:41,250 INFO: Plan 2: ḡ=1.5, γE[v]=4.1, Q=5.6 (bayes)
2026-09-22 18:27:41,414 INFO: Plan 0: ḡ=7, γE[v]=0.0, Q=7.0 (fn)
2026-09-22 18:27:43,335 INFO: Plan 2: ḡ=19, γE[v]=26.0, Q=45.0 (fn)
2026-09-22 18:27:43,756 INFO: Plan 1: ḡ=10, γE[v]=14.5, Q=24.5 (fn)
2026-09-22 18:27:43,757 INFO: Plan 0: ḡ=2.5, γE[v]=44.8, Q=47.3 (bayes)
2026-09-22 18:27:43,757 INFO: Plan 1: ḡ=3.5, γE[v]=45.0, Q=48.5 (bayes)
2026-09-22 18:27:43,757 INFO: Plan 2: ḡ=5.0, γE[v]=45.1, Q=50.1 (bayes)
2026-09-22 18:27:45,155 INFO: Plan 2: ḡ=0, γE[v]=0.0, Q=0.0 (fn)
2026-09-22 18:27:45,339 INFO: Plan 1: ḡ=4, γE[v]=0.0, Q=4.0 (fn)
2026-09-22 18:27:45,522 INFO: Plan 0: ḡ=10, γE[v]=0.0, Q=10.0 (fn)
2026-09-22 18:27:45,523 INFO: Plan 0: ḡ=2.8, γE[v]=0.0, Q=2.8 (bayes)
2026-09-22 18:27:45,523 INFO: Plan 1: ḡ=1.3, γE[v]=0.8, Q=2.1 (bayes)
2026-09-22 18:27:45,523 INFO: Plan 2: ḡ=0.0, γE[v]=1.4, Q=1.4 (bayes)
2026-09-22 18:27:46,559 INFO: Plan 2: ḡ=0, γE[v]=0.0, Q=0.0 (fn)
2026-09-22 18:27:46,560 INFO: Plan 0: ḡ=0, γE[v]=0.0, Q=0.0 (fn)
2026-09-22 18:27:47,805 INFO: Plan 1: ḡ=0, γE[v]=0.0, Q=0.0 (fn)
2026-09-22 18:27:47,806 INFO: Plan 0: ḡ=0.0, γE[v]=0.0, Q=0.0 (bayes)
2026-09-22 18:27:47,806 INFO: Plan 1: ḡ=0.0, γE[v]=0.0, Q=0.0 (bayes)
2026-09-22 18:27:47,806 INFO: Plan 2: ḡ=0.0, γE[v]=0.0, Q=0.0 (bayes)
2026-09-22 18:27:56,766 INFO: Plan 0: ḡ=3, γE[v]=0.0, Q=3.0 (fn)
2026-09-22 18:27:57,114 INFO: Plan 2: ḡ=1, γE[v]=2.5, Q=3.5 (fn)
2026-09-22 18:27:57,115 INFO: Plan 1: ḡ=2, γE[v]=2.0, Q=4.0 (fn)
2026-09-22 18:27:57,116 INFO: Plan 0: ḡ=0.5, γE[v]=0.4, Q=0.9 (bayes)
2026-09-22 18:27:57,117 INFO: Plan 1: ḡ=0.5, γE[v]=0.5, Q=1.0 (bayes)
2026-09-22 18:27:57,117 INFO: Plan 2: ḡ=0.2, γE[v]=0.7, Q=0.9 (bayes)
2026-09-22 18:27:57,907 INFO: Plan 1: ḡ=0, γE[v]=0.0, Q=0.0 (fn)
2026-09-22 18:27:57,909 INFO: Plan 0: ḡ=0, γE[v]=0.0, Q=0.0 (fn)
2026-09-22 18:27:57,909 INFO: Plan 2: ḡ=0, γE[v]=0.0, Q=0.0 (fn)
2026-09-22 18:27:57,910 INFO: Plan 0: ḡ=0.0, γE[v]=0.0, Q=0.0 (bayes)
2026-09-22 18:27:57,910 INFO: Plan 1: ḡ=0.0, γE[v]=0.0, Q=0.0 (bayes)
2026-09-22 18:27:57,910 INFO: Plan 2: ḡ=0.0, γE[v]=0.0, Q=0.0 (bayes)
  [83/93] werkzeug.wrappers.response seed=123: {'random': 49, 'greedy': 48, 'cov_greedy': 52, 'covqvalue2': 86}
2026-09-22 18:27:59,354 INFO: Plan 2: ḡ=3, γE[v]=0.0, Q=3.0 (fn)
2026-09-22 18:27:59,458 INFO: Plan 1: ḡ=9, γE[v]=0.0, Q=9.0 (fn)
2026-09-22 18:27:59,543 INFO: Plan 0: ḡ=3, γE[v]=0.0, Q=3.0 (fn)
2026-09-22 18:27:59,548 INFO: Plan 0: ḡ=1.5, γE[v]=1.9, Q=3.4 (bayes)
2026-09-22 18:27:59,548 INFO: Plan 1: ḡ=2.6, γE[v]=1.3, Q=3.9 (bayes)
2026-09-22 18:27:59,550 INFO: Plan 2: ḡ=1.2, γE[v]=2.0, Q=3.2 (bayes)
  [84/93] pydantic.color seed=123: {'random': 0, 'greedy': 0, 'cov_greedy': 17, 'covqvalue2': 92}
2026-09-22 18:28:00,926 INFO: Plan 2: ḡ=0, γE[v]=0.0, Q=0.0 (fn)
2026-09-22 18:28:00,946 INFO: Plan 2: ḡ=20, γE[v]=0.0, Q=20.0 (fn)
2026-09-22 18:28:01,090 INFO: Plan 0: ḡ=4, γE[v]=0.0, Q=4.0 (fn)
2026-09-22 18:28:01,091 INFO: Plan 1: ḡ=4, γE[v]=0.0, Q=4.0 (fn)
2026-09-22 18:28:01,091 INFO: Plan 0: ḡ=1.0, γE[v]=0.0, Q=1.0 (bayes)
2026-09-22 18:28:01,091 INFO: Plan 1: ḡ=1.0, γE[v]=0.0, Q=1.0 (bayes)
2026-09-22 18:28:01,091 INFO: Plan 2: ḡ=0.0, γE[v]=0.5, Q=0.5 (bayes)
2026-09-22 18:28:01,150 INFO: Plan 1: ḡ=37, γE[v]=0.0, Q=37.0 (fn)
2026-09-22 18:28:01,987 INFO: Plan 2: ḡ=0, γE[v]=0.0, Q=0.0 (fn)
2026-09-22 18:28:01,987 INFO: Plan 1: ḡ=0, γE[v]=0.0, Q=0.0 (fn)
2026-09-22 18:28:01,988 INFO: Plan 0: ḡ=0, γE[v]=0.0, Q=0.0 (fn)
2026-09-22 18:28:01,988 INFO: Plan 0: ḡ=0.0, γE[v]=0.0, Q=0.0 (bayes)
2026-09-22 18:28:01,988 INFO: Plan 1: ḡ=0.0, γE[v]=0.0, Q=0.0 (bayes)
2026-09-22 18:28:01,988 INFO: Plan 2: ḡ=0.0, γE[v]=0.0, Q=0.0 (bayes)
2026-09-22 18:28:03,494 INFO: Plan 0: ḡ=233, γE[v]=21.0, Q=254.0 (fn)
2026-09-22 18:28:03,494 INFO: Plan 0: ḡ=31.6, γE[v]=7.2, Q=38.8 (bayes)
2026-09-22 18:28:03,494 INFO: Plan 1: ḡ=6.3, γE[v]=18.2, Q=24.6 (bayes)
2026-09-22 18:28:03,494 INFO: Plan 2: ḡ=4.9, γE[v]=19.0, Q=23.8 (bayes)
2026-09-22 18:28:03,644 INFO: Plan 0: ḡ=7, γE[v]=0.0, Q=7.0 (fn)
  [85/93] starlette.responses seed=123: {'random': 22, 'greedy': 10, 'cov_greedy': 24, 'covqvalue2': 47}
2026-09-22 18:28:05,199 INFO: Plan 1: ḡ=47, γE[v]=0.0, Q=47.0 (fn)
2026-09-22 18:28:05,500 INFO: Plan 2: ḡ=52, γE[v]=0.0, Q=52.0 (fn)
2026-09-22 18:28:05,912 INFO: Plan 2: ḡ=22, γE[v]=24.5, Q=46.5 (fn)
2026-09-22 18:28:06,065 INFO: Plan 0: ḡ=13, γE[v]=19.5, Q=32.5 (fn)
2026-09-22 18:28:06,066 INFO: Plan 0: ḡ=3.2, γE[v]=22.3, Q=25.6 (bayes)
2026-09-22 18:28:06,066 INFO: Plan 1: ḡ=11.8, γE[v]=16.8, Q=28.5 (bayes)
2026-09-22 18:28:06,066 INFO: Plan 2: ḡ=13.0, γE[v]=16.1, Q=29.1 (bayes)
2026-09-22 18:28:06,153 INFO: Plan 1: ḡ=10, γE[v]=14.5, Q=24.5 (fn)
2026-09-22 18:28:06,153 INFO: Plan 0: ḡ=2.5, γE[v]=42.1, Q=44.6 (bayes)
2026-09-22 18:28:06,154 INFO: Plan 1: ḡ=3.5, γE[v]=42.3, Q=45.8 (bayes)
2026-09-22 18:28:06,154 INFO: Plan 2: ḡ=4.7, γE[v]=42.7, Q=47.4 (bayes)
2026-09-22 18:28:10,528 INFO: Plan 1: ḡ=0, γE[v]=0.0, Q=0.0 (fn)
2026-09-22 18:28:10,529 INFO: Plan 0: ḡ=0, γE[v]=0.0, Q=0.0 (fn)
2026-09-22 18:28:10,803 INFO: Plan 2: ḡ=0, γE[v]=0.0, Q=0.0 (fn)
2026-09-22 18:28:10,804 INFO: Plan 0: ḡ=0.0, γE[v]=0.0, Q=0.0 (bayes)
2026-09-22 18:28:10,804 INFO: Plan 1: ḡ=0.0, γE[v]=0.0, Q=0.0 (bayes)
2026-09-22 18:28:10,804 INFO: Plan 2: ḡ=0.0, γE[v]=0.0, Q=0.0 (bayes)
2026-09-22 18:28:19,304 INFO: Plan 2: ḡ=2, γE[v]=0.0, Q=2.0 (fn)
2026-09-22 18:28:19,682 INFO: Plan 0: ḡ=2, γE[v]=0.5, Q=2.5 (fn)
2026-09-22 18:28:19,824 INFO: Plan 1: ḡ=4, γE[v]=1.0, Q=5.0 (fn)
2026-09-22 18:28:19,824 INFO: Plan 0: ḡ=1.0, γE[v]=0.9, Q=1.9 (bayes)
2026-09-22 18:28:19,824 INFO: Plan 1: ḡ=2.0, γE[v]=0.4, Q=2.4 (bayes)
2026-09-22 18:28:19,824 INFO: Plan 2: ḡ=0.7, γE[v]=1.0, Q=1.7 (bayes)
2026-09-22 18:28:25,216 INFO: Plan 0: ḡ=6, γE[v]=0.0, Q=6.0 (fn)
2026-09-22 18:28:25,750 INFO: Plan 0: ḡ=0, γE[v]=0.0, Q=0.0 (fn)
2026-09-22 18:28:25,751 INFO: Plan 2: ḡ=0, γE[v]=0.0, Q=0.0 (fn)
2026-09-22 18:28:25,752 INFO: Plan 1: ḡ=0, γE[v]=0.0, Q=0.0 (fn)
2026-09-22 18:28:25,752 INFO: Plan 0: ḡ=0.0, γE[v]=0.0, Q=0.0 (bayes)
2026-09-22 18:28:25,752 INFO: Plan 1: ḡ=0.0, γE[v]=0.0, Q=0.0 (bayes)
2026-09-22 18:28:25,753 INFO: Plan 2: ḡ=0.0, γE[v]=0.0, Q=0.0 (bayes)
2026-09-22 18:28:27,068 INFO: Plan 1: ḡ=32, γE[v]=0.0, Q=32.0 (fn)
2026-09-22 18:28:27,069 INFO: Plan 0: ḡ=32, γE[v]=0.0, Q=32.0 (fn)
2026-09-22 18:28:27,089 INFO: Plan 2: ḡ=32, γE[v]=0.0, Q=32.0 (fn)
2026-09-22 18:28:27,089 INFO: Plan 0: ḡ=4.6, γE[v]=0.0, Q=4.6 (bayes)
2026-09-22 18:28:27,089 INFO: Plan 1: ḡ=4.6, γE[v]=0.0, Q=4.6 (bayes)
2026-09-22 18:28:27,089 INFO: Plan 2: ḡ=4.6, γE[v]=0.0, Q=4.6 (bayes)
2026-09-22 18:28:27,451 INFO: Plan 2: ḡ=22, γE[v]=24.5, Q=46.5 (fn)
  [86/93] werkzeug.sansio.response seed=123: {'random': 60, 'greedy': 60, 'cov_greedy': 65, 'covqvalue2': 78}
2026-09-22 18:28:28,163 INFO: Plan 1: ḡ=10, γE[v]=14.5, Q=24.5 (fn)
2026-09-22 18:28:28,163 INFO: Plan 0: ḡ=2.0, γE[v]=40.8, Q=42.8 (bayes)
2026-09-22 18:28:28,163 INFO: Plan 1: ḡ=3.5, γE[v]=40.7, Q=44.1 (bayes)
2026-09-22 18:28:28,164 INFO: Plan 2: ḡ=3.9, γE[v]=41.6, Q=45.5 (bayes)
2026-09-22 18:28:28,769 INFO: Plan 2: ḡ=20, γE[v]=0.0, Q=20.0 (fn)
2026-09-22 18:28:29,082 INFO: Plan 1: ḡ=42, γE[v]=0.0, Q=42.0 (fn)
2026-09-22 18:28:31,115 INFO: Plan 0: ḡ=228, γE[v]=23.0, Q=251.0 (fn)
2026-09-22 18:28:31,115 INFO: Plan 0: ḡ=27.7, γE[v]=7.2, Q=34.9 (bayes)
2026-09-22 18:28:31,115 INFO: Plan 1: ḡ=6.1, γE[v]=16.2, Q=22.3 (bayes)
2026-09-22 18:28:31,115 INFO: Plan 2: ḡ=4.8, γE[v]=16.9, Q=21.7 (bayes)
2026-09-22 18:28:32,718 INFO: Plan 1: ḡ=0, γE[v]=0.0, Q=0.0 (fn)
2026-09-22 18:28:32,719 INFO: Plan 0: ḡ=0, γE[v]=0.0, Q=0.0 (fn)
2026-09-22 18:28:32,736 INFO: Plan 2: ḡ=0, γE[v]=0.0, Q=0.0 (fn)
2026-09-22 18:28:32,736 INFO: Plan 0: ḡ=0.0, γE[v]=0.0, Q=0.0 (bayes)
2026-09-22 18:28:32,736 INFO: Plan 1: ḡ=0.0, γE[v]=0.0, Q=0.0 (bayes)
2026-09-22 18:28:32,736 INFO: Plan 2: ḡ=0.0, γE[v]=0.0, Q=0.0 (bayes)
  [87/93] werkzeug.serving seed=123: {'random': 20, 'greedy': 19, 'cov_greedy': 11, 'covqvalue2': 54}
2026-09-22 18:28:34,865 INFO: Plan 0: ḡ=156, γE[v]=0.0, Q=156.0 (fn)
2026-09-22 18:28:34,866 INFO: Plan 1: ḡ=156, γE[v]=0.0, Q=156.0 (fn)
2026-09-22 18:28:34,884 INFO: Plan 2: ḡ=156, γE[v]=0.0, Q=156.0 (fn)
2026-09-22 18:28:34,885 INFO: Plan 0: ḡ=52.3, γE[v]=0.0, Q=52.3 (bayes)
2026-09-22 18:28:34,885 INFO: Plan 1: ḡ=52.3, γE[v]=0.0, Q=52.3 (bayes)
2026-09-22 18:28:34,885 INFO: Plan 2: ḡ=52.3, γE[v]=0.0, Q=52.3 (bayes)
2026-09-22 18:28:35,197 INFO: Plan 0: ḡ=13, γE[v]=19.5, Q=32.5 (fn)
2026-09-22 18:28:36,862 INFO: Plan 2: ḡ=181, γE[v]=0.0, Q=181.0 (fn)
2026-09-22 18:28:37,298 INFO: Plan 1: ḡ=172, γE[v]=4.5, Q=176.5 (fn)
2026-09-22 18:28:37,299 INFO: Plan 0: ḡ=2.6, γE[v]=21.4, Q=24.0 (bayes)
2026-09-22 18:28:37,299 INFO: Plan 1: ḡ=40.5, γE[v]=1.4, Q=41.9 (bayes)
2026-09-22 18:28:37,299 INFO: Plan 2: ḡ=42.6, γE[v]=0.0, Q=42.6 (bayes)
2026-09-22 18:28:39,564 INFO: Plan 0: ḡ=3, γE[v]=0.0, Q=3.0 (fn)
2026-09-22 18:28:39,565 INFO: Plan 2: ḡ=3, γE[v]=0.0, Q=3.0 (fn)
2026-09-22 18:28:39,607 INFO: Plan 1: ḡ=3, γE[v]=0.0, Q=3.0 (fn)
2026-09-22 18:28:39,607 INFO: Plan 0: ḡ=1.0, γE[v]=0.2, Q=1.2 (bayes)
2026-09-22 18:28:39,607 INFO: Plan 1: ḡ=0.8, γE[v]=0.3, Q=1.2 (bayes)
2026-09-22 18:28:39,607 INFO: Plan 2: ḡ=1.0, γE[v]=0.2, Q=1.2 (bayes)
  [88/93] starlette.requests seed=123: {'random': 35, 'greedy': 35, 'cov_greedy': 35, 'covqvalue2': 67}
2026-09-22 18:28:45,995 INFO: Plan 0: ḡ=8, γE[v]=0.0, Q=8.0 (fn)
2026-09-22 18:28:47,536 INFO: Plan 2: ḡ=19, γE[v]=26.0, Q=45.0 (fn)
2026-09-22 18:28:48,356 INFO: Plan 1: ḡ=10, γE[v]=14.5, Q=24.5 (fn)
2026-09-22 18:28:48,356 INFO: Plan 0: ḡ=3.0, γE[v]=39.1, Q=42.1 (bayes)
2026-09-22 18:28:48,356 INFO: Plan 1: ḡ=3.5, γE[v]=39.5, Q=43.0 (bayes)
2026-09-22 18:28:48,356 INFO: Plan 2: ḡ=2.8, γE[v]=41.2, Q=44.0 (bayes)
  [89/93] starlette.datastructures seed=123: {'random': 46, 'greedy': 42, 'cov_greedy': 51, 'covqvalue2': 83}
2026-09-22 18:28:50,858 INFO: Plan 0: ḡ=32, γE[v]=0.0, Q=32.0 (fn)
2026-09-22 18:28:50,859 INFO: Plan 1: ḡ=32, γE[v]=0.0, Q=32.0 (fn)
2026-09-22 18:28:50,877 INFO: Plan 2: ḡ=32, γE[v]=0.0, Q=32.0 (fn)
2026-09-22 18:28:50,878 INFO: Plan 0: ḡ=4.0, γE[v]=0.0, Q=4.0 (bayes)
2026-09-22 18:28:50,878 INFO: Plan 1: ḡ=4.0, γE[v]=0.0, Q=4.0 (bayes)
2026-09-22 18:28:50,878 INFO: Plan 2: ḡ=4.0, γE[v]=0.0, Q=4.0 (bayes)
2026-09-22 18:28:52,565 INFO: Plan 2: ḡ=0, γE[v]=0.0, Q=0.0 (fn)
2026-09-22 18:28:52,599 INFO: Plan 1: ḡ=0, γE[v]=0.0, Q=0.0 (fn)
2026-09-22 18:28:53,815 INFO: Plan 0: ḡ=0, γE[v]=0.0, Q=0.0 (fn)
2026-09-22 18:28:53,815 INFO: Plan 0: ḡ=0.0, γE[v]=0.0, Q=0.0 (bayes)
2026-09-22 18:28:53,816 INFO: Plan 1: ḡ=0.0, γE[v]=0.0, Q=0.0 (bayes)
2026-09-22 18:28:53,816 INFO: Plan 2: ḡ=0.0, γE[v]=0.0, Q=0.0 (bayes)
2026-09-22 18:28:56,952 INFO: Plan 0: ḡ=57, γE[v]=0.0, Q=57.0 (fn)
2026-09-22 18:28:56,953 INFO: Plan 1: ḡ=57, γE[v]=0.0, Q=57.0 (fn)
2026-09-22 18:28:56,972 INFO: Plan 2: ḡ=57, γE[v]=0.0, Q=57.0 (fn)
2026-09-22 18:28:56,972 INFO: Plan 0: ḡ=14.2, γE[v]=0.0, Q=14.2 (bayes)
2026-09-22 18:28:56,972 INFO: Plan 1: ḡ=14.2, γE[v]=0.0, Q=14.2 (bayes)
2026-09-22 18:28:56,972 INFO: Plan 2: ḡ=14.2, γE[v]=0.0, Q=14.2 (bayes)
2026-09-22 18:29:00,927 INFO: Plan 0: ḡ=13, γE[v]=19.5, Q=32.5 (fn)
2026-09-22 18:29:01,573 INFO: Plan 2: ḡ=171, γE[v]=0.0, Q=171.0 (fn)
2026-09-22 18:29:03,079 INFO: Plan 1: ḡ=46, γE[v]=65.0, Q=111.0 (fn)
2026-09-22 18:29:03,080 INFO: Plan 0: ḡ=2.2, γE[v]=17.6, Q=19.8 (bayes)
2026-09-22 18:29:03,080 INFO: Plan 1: ḡ=8.9, γE[v]=17.5, Q=26.4 (bayes)
2026-09-22 18:29:03,080 INFO: Plan 2: ḡ=32.8, γE[v]=0.8, Q=33.6 (bayes)
2026-09-22 18:29:11,479 INFO: Plan 2: ḡ=32, γE[v]=0.0, Q=32.0 (fn)
2026-09-22 18:29:11,480 INFO: Plan 1: ḡ=32, γE[v]=0.0, Q=32.0 (fn)
2026-09-22 18:29:11,599 INFO: Plan 0: ḡ=9, γE[v]=11.5, Q=20.5 (fn)
2026-09-22 18:29:11,600 INFO: Plan 0: ḡ=1.0, γE[v]=2.2, Q=3.2 (bayes)
2026-09-22 18:29:11,600 INFO: Plan 1: ḡ=3.6, γE[v]=0.0, Q=3.6 (bayes)
2026-09-22 18:29:11,600 INFO: Plan 2: ḡ=3.6, γE[v]=0.0, Q=3.6 (bayes)
2026-09-22 18:29:11,621 INFO: Plan 1: ḡ=0, γE[v]=0.0, Q=0.0 (fn)
2026-09-22 18:29:11,622 INFO: Plan 2: ḡ=0, γE[v]=0.0, Q=0.0 (fn)
2026-09-22 18:29:11,622 INFO: Plan 0: ḡ=0, γE[v]=0.0, Q=0.0 (fn)
2026-09-22 18:29:11,623 INFO: Plan 0: ḡ=0.0, γE[v]=0.0, Q=0.0 (bayes)
2026-09-22 18:29:11,623 INFO: Plan 1: ḡ=0.0, γE[v]=0.0, Q=0.0 (bayes)
2026-09-22 18:29:11,623 INFO: Plan 2: ḡ=0.0, γE[v]=0.0, Q=0.0 (bayes)
  [90/93] starlette.middleware.errors seed=123: {'random': 25, 'greedy': 25, 'cov_greedy': 0, 'covqvalue2': 35}
2026-09-22 18:29:15,287 INFO: Plan 1: ḡ=0, γE[v]=0.0, Q=0.0 (fn)
2026-09-22 18:29:15,306 INFO: Plan 0: ḡ=0, γE[v]=0.0, Q=0.0 (fn)
2026-09-22 18:29:15,307 INFO: Plan 2: ḡ=0, γE[v]=0.0, Q=0.0 (fn)
2026-09-22 18:29:15,308 INFO: Plan 0: ḡ=0.0, γE[v]=0.0, Q=0.0 (bayes)
2026-09-22 18:29:15,308 INFO: Plan 1: ḡ=0.0, γE[v]=0.0, Q=0.0 (bayes)
2026-09-22 18:29:15,308 INFO: Plan 2: ḡ=0.0, γE[v]=0.0, Q=0.0 (bayes)
2026-09-22 18:29:24,428 INFO: Plan 0: ḡ=13, γE[v]=19.5, Q=32.5 (fn)
2026-09-22 18:29:25,855 INFO: Plan 2: ḡ=181, γE[v]=0.0, Q=181.0 (fn)
2026-09-22 18:29:25,930 INFO: Plan 1: ḡ=180, γE[v]=0.5, Q=180.5 (fn)
2026-09-22 18:29:25,931 INFO: Plan 0: ḡ=2.0, γE[v]=15.1, Q=17.1 (bayes)
2026-09-22 18:29:25,931 INFO: Plan 1: ḡ=29.0, γE[v]=0.1, Q=29.1 (bayes)
2026-09-22 18:29:25,931 INFO: Plan 2: ḡ=29.2, γE[v]=0.0, Q=29.2 (bayes)
2026-09-22 18:29:28,573 INFO: Plan 0: ḡ=0, γE[v]=0.0, Q=0.0 (fn)
2026-09-22 18:29:28,574 INFO: Plan 1: ḡ=0, γE[v]=0.0, Q=0.0 (fn)
2026-09-22 18:29:28,591 INFO: Plan 2: ḡ=0, γE[v]=0.0, Q=0.0 (fn)
2026-09-22 18:29:28,592 INFO: Plan 0: ḡ=0.0, γE[v]=0.0, Q=0.0 (bayes)
2026-09-22 18:29:28,592 INFO: Plan 1: ḡ=0.0, γE[v]=0.0, Q=0.0 (bayes)
2026-09-22 18:29:28,592 INFO: Plan 2: ḡ=0.0, γE[v]=0.0, Q=0.0 (bayes)
2026-09-22 18:29:30,754 INFO: Plan 2: ḡ=0, γE[v]=0.0, Q=0.0 (fn)
2026-09-22 18:29:30,754 INFO: Plan 0: ḡ=0, γE[v]=0.0, Q=0.0 (fn)
2026-09-22 18:29:30,772 INFO: Plan 1: ḡ=0, γE[v]=0.0, Q=0.0 (fn)
2026-09-22 18:29:30,773 INFO: Plan 0: ḡ=0.0, γE[v]=0.0, Q=0.0 (bayes)
2026-09-22 18:29:30,773 INFO: Plan 1: ḡ=0.0, γE[v]=0.0, Q=0.0 (bayes)
2026-09-22 18:29:30,773 INFO: Plan 2: ḡ=0.0, γE[v]=0.0, Q=0.0 (bayes)
2026-09-22 18:29:46,452 INFO: Plan 0: ḡ=0, γE[v]=0.0, Q=0.0 (fn)
2026-09-22 18:29:46,453 INFO: Plan 2: ḡ=0, γE[v]=0.0, Q=0.0 (fn)
2026-09-22 18:29:46,471 INFO: Plan 1: ḡ=0, γE[v]=0.0, Q=0.0 (fn)
2026-09-22 18:29:46,471 INFO: Plan 0: ḡ=0.0, γE[v]=0.0, Q=0.0 (bayes)
2026-09-22 18:29:46,472 INFO: Plan 1: ḡ=0.0, γE[v]=0.0, Q=0.0 (bayes)
2026-09-22 18:29:46,472 INFO: Plan 2: ḡ=0.0, γE[v]=0.0, Q=0.0 (bayes)
2026-09-22 18:29:46,619 INFO: Plan 1: ḡ=0, γE[v]=0.0, Q=0.0 (fn)
2026-09-22 18:29:46,639 INFO: Plan 2: ḡ=0, γE[v]=0.0, Q=0.0 (fn)
2026-09-22 18:29:46,639 INFO: Plan 0: ḡ=0, γE[v]=0.0, Q=0.0 (fn)
2026-09-22 18:29:46,640 INFO: Plan 0: ḡ=0.0, γE[v]=0.0, Q=0.0 (bayes)
2026-09-22 18:29:46,640 INFO: Plan 1: ḡ=0.0, γE[v]=0.0, Q=0.0 (bayes)
2026-09-22 18:29:46,640 INFO: Plan 2: ḡ=0.0, γE[v]=0.0, Q=0.0 (bayes)
2026-09-22 18:29:47,287 INFO: Plan 0: ḡ=13, γE[v]=19.5, Q=32.5 (fn)
  [91/93] starlette.templating seed=123: {'random': 23, 'greedy': 23, 'cov_greedy': 0, 'covqvalue2': 27}
2026-09-22 18:29:48,673 INFO: Plan 2: ḡ=181, γE[v]=0.0, Q=181.0 (fn)
2026-09-22 18:29:48,745 INFO: Plan 1: ḡ=180, γE[v]=0.5, Q=180.5 (fn)
2026-09-22 18:29:48,745 INFO: Plan 0: ḡ=1.8, γE[v]=13.2, Q=15.0 (bayes)
2026-09-22 18:29:48,745 INFO: Plan 1: ḡ=25.0, γE[v]=0.1, Q=25.1 (bayes)
2026-09-22 18:29:48,745 INFO: Plan 2: ḡ=25.1, γE[v]=0.0, Q=25.1 (bayes)
2026-09-22 18:30:01,927 INFO: Plan 0: ḡ=0, γE[v]=0.0, Q=0.0 (fn)
2026-09-22 18:30:01,928 INFO: Plan 2: ḡ=0, γE[v]=0.0, Q=0.0 (fn)
2026-09-22 18:30:01,944 INFO: Plan 1: ḡ=0, γE[v]=0.0, Q=0.0 (fn)
2026-09-22 18:30:01,945 INFO: Plan 0: ḡ=0.0, γE[v]=0.0, Q=0.0 (bayes)
2026-09-22 18:30:01,945 INFO: Plan 1: ḡ=0.0, γE[v]=0.0, Q=0.0 (bayes)
2026-09-22 18:30:01,945 INFO: Plan 2: ḡ=0.0, γE[v]=0.0, Q=0.0 (bayes)
2026-09-22 18:30:11,242 INFO: Plan 0: ḡ=13, γE[v]=19.5, Q=32.5 (fn)
2026-09-22 18:30:11,852 INFO: Plan 2: ḡ=171, γE[v]=0.0, Q=171.0 (fn)
2026-09-22 18:30:13,054 INFO: Plan 1: ḡ=83, γE[v]=46.5, Q=129.5 (fn)
2026-09-22 18:30:13,055 INFO: Plan 0: ḡ=1.6, γE[v]=11.8, Q=13.4 (bayes)
2026-09-22 18:30:13,055 INFO: Plan 1: ḡ=9.9, γE[v]=9.8, Q=19.6 (bayes)
2026-09-22 18:30:13,055 INFO: Plan 2: ḡ=20.8, γE[v]=0.6, Q=21.4 (bayes)
  [92/93] starlette.formparsers seed=123: {'random': 2, 'greedy': 2, 'cov_greedy': 0, 'covqvalue2': 2}
2026-09-22 18:30:16,800 INFO: Plan 0: ḡ=0, γE[v]=0.0, Q=0.0 (fn)
2026-09-22 18:30:16,801 INFO: Plan 1: ḡ=0, γE[v]=0.0, Q=0.0 (fn)
2026-09-22 18:30:16,802 INFO: Plan 2: ḡ=0, γE[v]=0.0, Q=0.0 (fn)
2026-09-22 18:30:16,802 INFO: Plan 0: ḡ=0.0, γE[v]=0.0, Q=0.0 (bayes)
2026-09-22 18:30:16,802 INFO: Plan 1: ḡ=0.0, γE[v]=0.0, Q=0.0 (bayes)
2026-09-22 18:30:16,802 INFO: Plan 2: ḡ=0.0, γE[v]=0.0, Q=0.0 (bayes)
  [93/93] starlette.middleware.base seed=123: {'random': 7, 'greedy': 30, 'cov_greedy': 32, 'covqvalue2': 36}

======================================================================
RESULTS
======================================================================

Module                              seed       random       greedy   cov_greedy   covqvalue2
--------------------------------------------------------------------------------------------
rich.console                         123          145          138          160          301
rich.syntax                          123           45           45           52           72
flask.sessions                       123            4            4            4           16
requests.adapters                    123           51           51           53           95
requests.auth                        123            4            4           48           77
rich.table                           123          105          110           27          160
rich.markdown                        123           63           18           18           87
click.formatting                     123           12           25           29           53
rich.style                           123           70           73           55          123
flask.app                            123            2            2            2           93
click.testing                        123           24           23           37           62
jinja2.parser                        123           66           65           10          218
rich.pretty                          123            9            9            9           98
jinja2.ext                           123            4            4            4           52
click.types                          123            8            8            9           76
rich.color                           123           26           26           26           56
rich.traceback                       123           66           62           68           78
flask.ctx                            123            2            2           55           28
click.termui                         123           11            7            0           47
jinja2.utils                         123           11           10           10           85
click.shell_completion               123            4            4            8           12
jinja2.environment                   123           58           58           49          133
click.exceptions                     123            1            1           15           37
jinja2.loaders                       123           24           24           24           87
flask.config                         123           28           29           25           25
rich.text                            123           26           27           30          197
jinja2.runtime                       123           66           66           66          100
flask.json.tag                       123           15           17           20           23
flask.testing                        123            6            6            9           30
requests.models                      123           24           24           28          144
flask.helpers                        123            3            3            4           26
requests.cookies                     123            8            8            8           78
click.core                           123           54          187           67          313
jinja2.filters                       123          126          126          137          191
flask.json.provider                  123           37           37           41           57
requests.utils                       123            5            5            5           96
requests.sessions                    123           11           12           13           32
jinja2.compiler                      123           29           29           29          296
flask.templating                     123            2            2            0           57
flask.cli                            123           70           69           78          122
jinja2.nodes                         123            8            8           10           40
click.decorators                     123           32           32           35           46
rich.layout                          123           17           17           19           63
rich.segment                         123           56           56           60          132
click.utils                          123           16           14           16           46
click.parser                         123           19           19           21           14
rich.progress                        123          121          121          128          142
jinja2.lexer                         123            9            9            9           61
httpx._api                           123            6            6            6           11
httpx._main                          123           57           57           57           83
pydantic.functional_validators       123           35           35           36           44
jinja2.sandbox                       123           54            2            5           91
werkzeug.exceptions                  123           17           16           17           35
httpx._models                        123           88           83          105          261
werkzeug.local                       123           23           22           33           49
httpx._client                        123           74           41           41          125
pydantic.main                        123          119          119          158          220
pydantic.config                      123            1            1            1            1
httpx._transports.default            123            5           10            2           20
werkzeug.utils                       123           11           11           15           69
werkzeug.routing.rules               123           16           16           16          112
pydantic.type_adapter                123           16           16           17           16
pydantic.types                       123          100          101          138          132
werkzeug.http                        123           18           18           18          142
werkzeug.datastructures.structures   123            3            3           13          124
pydantic.json_schema                 123          181          180          255          284
pydantic.networks                    123           34           34           34           35
httpx._auth                          123           48           49            4           84
starlette.applications               123            2            2            2            9
pydantic.functional_serializers      123           22           22           22           24
httpx._utils                         123           16           16           26           61
jinja2.bccache                       123            3            3            5           19
httpx._config                        123           17           17           23           32
starlette.testclient                 123           42           42            0           67
httpx._urlparse                      123            4            4            4           72
pydantic.fields                      123           41           92          119          134
starlette.staticfiles                123            3            4           34           46
httpx._urls                          123           37           39           41           81
werkzeug.wsgi                        123            9            8           13           39
werkzeug.wrappers.request            123           40           40           43           68
starlette.routing                    123            4            6            6           71
werkzeug.routing.map                 123           38           38           52           64
werkzeug.wrappers.response           123           49           48           52           86
pydantic.color                       123            0            0           17           92
starlette.responses                  123           22           10           24           47
werkzeug.sansio.response             123           60           60           65           78
werkzeug.serving                     123           20           19           11           54
starlette.requests                   123           35           35           35           67
starlette.datastructures             123           46           42           51           83
starlette.middleware.errors          123           25           25            0           35
starlette.templating                 123           23           23            0           27
starlette.formparsers                123            2            2            0            2
starlette.middleware.base            123            7           30           32           36

======================================================================
STATISTICS
======================================================================

Per-strategy means (n=93):
  random               branches=  33.1 ± 3.7  lines=120.3  pass_rate=84%
  greedy               branches=  33.8 ± 4.0  lines=121.9  pass_rate=82%
  cov_greedy           branches=  35.2 ± 4.4  lines=118.8  pass_rate=69%
  covqvalue2           branches=  84.0 ± 7.1  lines=233.9  pass_rate=57%

Paired vs random:
  greedy               Δ=  +0.7 ± 1.8  W=16 L=20 T=57  p=0.6866 d=0.04 
  cov_greedy           Δ=  +2.2 ± 2.2  W=52 L=18 T=23  p=0.3366 d=0.10 
  covqvalue2           Δ= +50.9 ± 5.2  W=88 L=2 T=3  p=0.0000 d=1.01 ***

Per-repo means:

  click (10 runs):
    random               mean=18.1
    greedy               mean=32.0
    cov_greedy           mean=23.7
    covqvalue2           mean=70.6

  flask (10 runs):
    random               mean=16.9
    greedy               mean=17.1
    cov_greedy           mean=23.8
    covqvalue2           mean=47.7

  httpx (10 runs):
    random               mean=35.2
    greedy               mean=32.2
    cov_greedy           mean=30.9
    covqvalue2           mean=83.0

  jinja2 (12 runs):
    random               mean=38.2
    greedy               mean=33.7
    cov_greedy           mean=29.8
    covqvalue2           mean=114.4

  pydantic (10 runs):
    random               mean=54.9
    greedy               mean=60.0
    cov_greedy           mean=79.7
    covqvalue2           mean=98.2

  requests (6 runs):
    random               mean=17.2
    greedy               mean=17.3
    cov_greedy           mean=25.8
    covqvalue2           mean=87.0

  rich (12 runs):
    random               mean=62.4
    greedy               mean=58.5
    cov_greedy           mean=54.3
    covqvalue2           mean=125.8

  starlette (11 runs):
    random               mean=19.2
    greedy               mean=20.1
    cov_greedy           mean=16.7
    covqvalue2           mean=44.5

  werkzeug (12 runs):
    random               mean=25.3
    greedy               mean=24.9
    cov_greedy           mean=29.0
    covqvalue2           mean=76.7

Cost: $0.0000 | Time: 2643s (44.0m)
Saved to /share/edc/home/aamayuelasfernandez/qcurious-tester/results/repo_explore_bench/final_reb_gemma_s123.json
