2026-09-22 17:54:00,645 INFO: RepoExploreBench: 93 targets across 9 repos
======================================================================
RepoExploreBench v2.0
  Targets: 93 files across 9 repos
  Strategies: ['random', 'greedy', 'cov_greedy', 'covqvalue2']
  Seeds: [42]
  Exec budget: 24 per run
  Map mode: full
  Total runs: 372
======================================================================
  Connectivity: OK

  Fetching source code...
    click.core: 114085 chars
    click.types: 36390 chars
    click.termui: 28323 chars
    click.utils: 20295 chars
    click.shell_completion: 18459 chars
    click.decorators: 18718 chars
    click.parser: 19066 chars
    click.testing: 16083 chars
    click.formatting: 9705 chars
    click.exceptions: 9272 chars
    requests.utils: 33447 chars
    requests.models: 35222 chars
    requests.sessions: 30372 chars
    requests.cookies: 18559 chars
    requests.adapters: 19552 chars
    requests.auth: 10186 chars
    flask.app: 59200 chars
    flask.cli: 33820 chars
    flask.helpers: 22991 chars
    flask.ctx: 14840 chars
    flask.sessions: 14168 chars
    flask.config: 12855 chars
    flask.json.tag: 8870 chars
    flask.testing: 10016 chars
    flask.templating: 7537 chars
    flask.json.provider: 7639 chars
    rich.console: 99096 chars
    rich.progress: 59691 chars
    rich.text: 47302 chars
    rich.table: 39643 chars
    rich.pretty: 35811 chars
    rich.syntax: 35364 chars
    rich.markdown: 26159 chars
    rich.style: 27072 chars
    rich.traceback: 29466 chars
    rich.segment: 24209 chars
    rich.color: 18220 chars
    rich.layout: 13939 chars
    jinja2.compiler: 72198 chars
    jinja2.filters: 53861 chars
    jinja2.environment: 61252 chars
    jinja2.nodes: 34549 chars
    jinja2.runtime: 33405 chars
    jinja2.parser: 39735 chars
    jinja2.ext: 31843 chars
    jinja2.lexer: 29725 chars
    jinja2.utils: 23932 chars
    jinja2.loaders: 23084 chars
    jinja2.sandbox: 14583 chars
    jinja2.bccache: 14060 chars
    httpx._client: 67489 chars
    httpx._models: 42302 chars
    httpx._urls: 21747 chars
    httpx._main: 15634 chars
    httpx._urlparse: 17719 chars
    httpx._api: 12927 chars
    httpx._utils: 13857 chars
    httpx._transports.default: 13289 chars
    httpx._config: 12203 chars
    httpx._auth: 11829 chars
    pydantic.types: 89470 chars
    pydantic.json_schema: 102806 chars
    pydantic.main: 65891 chars
    pydantic.fields: 45929 chars
    pydantic.config: 29138 chars
    pydantic.networks: 21214 chars
    pydantic.functional_validators: 23599 chars
    pydantic.color: 21492 chars
    pydantic.type_adapter: 18033 chars
    pydantic.functional_serializers: 14619 chars
    werkzeug.http: 43362 chars
    werkzeug.serving: 39331 chars
    werkzeug.datastructures.structures: 31760 chars
    werkzeug.routing.map: 36349 chars
    werkzeug.routing.rules: 31894 chars
    werkzeug.exceptions: 26061 chars
    werkzeug.wrappers.response: 32586 chars
    werkzeug.sansio.response: 27646 chars
    werkzeug.utils: 24653 chars
    werkzeug.wrappers.request: 24619 chars
    werkzeug.local: 22002 chars
    werkzeug.wsgi: 20893 chars
    starlette.routing: 35752 chars
    starlette.testclient: 29843 chars
    starlette.datastructures: 23348 chars
    starlette.responses: 12650 chars
    starlette.requests: 11196 chars
    starlette.formparsers: 10433 chars
    starlette.applications: 10922 chars
    starlette.middleware.errors: 7937 chars
    starlette.staticfiles: 8723 chars
    starlette.templating: 8984 chars
    starlette.middleware.base: 8794 chars
  Fetched 93/93 modules

Running 93 targets with 8 workers...
2026-09-22 17:59:01,078 INFO: Plan 0: ḡ=99, γE[v]=0.0, Q=99.0 (fn)
2026-09-22 17:59:01,116 INFO: Plan 2: ḡ=39, γE[v]=0.0, Q=39.0 (fn)
2026-09-22 17:59:01,175 INFO: Plan 1: ḡ=75, γE[v]=0.0, Q=75.0 (fn)
2026-09-22 17:59:01,176 INFO: Plan 0: ḡ=49.5, γE[v]=32.2, Q=81.8 (bayes)
2026-09-22 17:59:01,176 INFO: Plan 1: ḡ=37.5, γE[v]=38.2, Q=75.8 (bayes)
2026-09-22 17:59:01,176 INFO: Plan 2: ḡ=19.5, γE[v]=47.2, Q=66.8 (bayes)
2026-09-22 17:59:06,057 INFO: Plan 2: ḡ=30, γE[v]=0.0, Q=30.0 (fn)
2026-09-22 17:59:06,109 INFO: Plan 1: ḡ=59, γE[v]=0.0, Q=59.0 (fn)
2026-09-22 17:59:06,207 INFO: Plan 0: ḡ=48, γE[v]=0.0, Q=48.0 (fn)
2026-09-22 17:59:06,207 INFO: Plan 0: ḡ=24.0, γE[v]=20.2, Q=44.2 (bayes)
2026-09-22 17:59:06,207 INFO: Plan 1: ḡ=29.5, γE[v]=17.5, Q=47.0 (bayes)
2026-09-22 17:59:06,207 INFO: Plan 2: ḡ=15.0, γE[v]=24.8, Q=39.8 (bayes)
2026-09-22 17:59:10,498 INFO: Plan 2: ḡ=16, γE[v]=0.0, Q=16.0 (fn)
2026-09-22 17:59:10,537 INFO: Plan 1: ḡ=14, γE[v]=0.0, Q=14.0 (fn)
2026-09-22 17:59:10,633 INFO: Plan 0: ḡ=40, γE[v]=0.0, Q=40.0 (fn)
2026-09-22 17:59:10,633 INFO: Plan 0: ḡ=20.0, γE[v]=7.5, Q=27.5 (bayes)
2026-09-22 17:59:10,633 INFO: Plan 1: ḡ=7.0, γE[v]=14.0, Q=21.0 (bayes)
2026-09-22 17:59:10,633 INFO: Plan 2: ḡ=8.0, γE[v]=13.5, Q=21.5 (bayes)
2026-09-22 17:59:14,184 INFO: Plan 0: ḡ=92, γE[v]=0.0, Q=92.0 (fn)
2026-09-22 17:59:14,216 INFO: Plan 2: ḡ=156, γE[v]=0.0, Q=156.0 (fn)
2026-09-22 17:59:14,587 INFO: Plan 1: ḡ=53, γE[v]=63.0, Q=116.0 (fn)
2026-09-22 17:59:14,587 INFO: Plan 0: ḡ=46.0, γE[v]=33.2, Q=79.2 (bayes)
2026-09-22 17:59:14,587 INFO: Plan 1: ḡ=26.5, γE[v]=45.8, Q=72.3 (bayes)
2026-09-22 17:59:14,587 INFO: Plan 2: ḡ=78.0, γE[v]=17.2, Q=95.2 (bayes)
2026-09-22 17:59:17,010 INFO: Plan 1: ḡ=11, γE[v]=0.0, Q=11.0 (fn)
2026-09-22 17:59:17,291 INFO: Plan 2: ḡ=16, γE[v]=0.0, Q=16.0 (fn)
2026-09-22 17:59:18,412 INFO: Plan 0: ḡ=8, γE[v]=0.0, Q=8.0 (fn)
2026-09-22 17:59:18,413 INFO: Plan 0: ḡ=3.2, γE[v]=6.8, Q=9.9 (bayes)
2026-09-22 17:59:18,413 INFO: Plan 1: ḡ=5.5, γE[v]=5.6, Q=11.1 (bayes)
2026-09-22 17:59:18,413 INFO: Plan 2: ḡ=8.0, γE[v]=4.3, Q=12.3 (bayes)
2026-09-22 17:59:19,939 INFO: Plan 2: ḡ=23, γE[v]=0.0, Q=23.0 (fn)
2026-09-22 17:59:20,012 INFO: Plan 1: ḡ=7, γE[v]=0.0, Q=7.0 (fn)
2026-09-22 17:59:21,381 INFO: Plan 0: ḡ=46, γE[v]=0.0, Q=46.0 (fn)
2026-09-22 17:59:21,381 INFO: Plan 0: ḡ=23.0, γE[v]=5.8, Q=28.8 (bayes)
2026-09-22 17:59:21,381 INFO: Plan 1: ḡ=3.5, γE[v]=15.5, Q=19.0 (bayes)
2026-09-22 17:59:21,381 INFO: Plan 2: ḡ=11.5, γE[v]=11.5, Q=23.0 (bayes)
2026-09-22 17:59:22,782 INFO: Plan 1: ḡ=11, γE[v]=0.0, Q=11.0 (fn)
2026-09-22 17:59:24,588 INFO: Plan 0: ḡ=8, γE[v]=0.0, Q=8.0 (fn)
2026-09-22 17:59:25,679 INFO: Plan 1: ḡ=7, γE[v]=0.0, Q=7.0 (fn)
2026-09-22 17:59:25,811 INFO: Plan 2: ḡ=23, γE[v]=0.0, Q=23.0 (fn)
2026-09-22 17:59:25,999 INFO: Plan 0: ḡ=7, γE[v]=0.0, Q=7.0 (fn)
2026-09-22 17:59:26,000 INFO: Plan 0: ḡ=3.5, γE[v]=4.0, Q=7.5 (bayes)
2026-09-22 17:59:26,000 INFO: Plan 1: ḡ=3.5, γE[v]=4.0, Q=7.5 (bayes)
2026-09-22 17:59:26,000 INFO: Plan 2: ḡ=11.5, γE[v]=0.0, Q=11.5 (bayes)
2026-09-22 17:59:26,203 INFO: Plan 2: ḡ=0, γE[v]=0.0, Q=0.0 (fn)
2026-09-22 17:59:26,204 INFO: Plan 0: ḡ=3.2, γE[v]=2.8, Q=5.9 (bayes)
2026-09-22 17:59:26,204 INFO: Plan 1: ḡ=5.5, γE[v]=1.6, Q=7.1 (bayes)
2026-09-22 17:59:26,204 INFO: Plan 2: ḡ=0.0, γE[v]=4.3, Q=4.3 (bayes)
2026-09-22 17:59:27,145 INFO: Plan 0: ḡ=106, γE[v]=3.5, Q=109.5 (fn)
2026-09-22 17:59:27,459 INFO: Plan 2: ḡ=62, γE[v]=1.0, Q=63.0 (fn)
2026-09-22 17:59:27,632 INFO: Plan 1: ḡ=57, γE[v]=3.0, Q=60.0 (fn)
2026-09-22 17:59:27,632 INFO: Plan 0: ḡ=53.0, γE[v]=41.9, Q=94.9 (bayes)
2026-09-22 17:59:27,632 INFO: Plan 1: ḡ=28.5, γE[v]=54.1, Q=82.6 (bayes)
2026-09-22 17:59:27,633 INFO: Plan 2: ḡ=31.0, γE[v]=52.8, Q=83.8 (bayes)
2026-09-22 17:59:30,269 INFO: Plan 0: ḡ=0, γE[v]=0.0, Q=0.0 (fn)
2026-09-22 17:59:30,333 INFO: Plan 2: ḡ=0, γE[v]=0.0, Q=0.0 (fn)
2026-09-22 17:59:30,455 INFO: Plan 1: ḡ=0, γE[v]=0.0, Q=0.0 (fn)
2026-09-22 17:59:30,456 INFO: Plan 0: ḡ=0.0, γE[v]=0.0, Q=0.0 (bayes)
2026-09-22 17:59:30,456 INFO: Plan 1: ḡ=0.0, γE[v]=0.0, Q=0.0 (bayes)
2026-09-22 17:59:30,456 INFO: Plan 2: ḡ=0.0, γE[v]=0.0, Q=0.0 (bayes)
2026-09-22 17:59:31,020 INFO: Plan 1: ḡ=3, γE[v]=0.0, Q=3.0 (fn)
2026-09-22 17:59:31,069 INFO: Plan 0: ḡ=5, γE[v]=0.0, Q=5.0 (fn)
2026-09-22 17:59:31,174 INFO: Plan 2: ḡ=0, γE[v]=0.0, Q=0.0 (fn)
2026-09-22 17:59:31,174 INFO: Plan 0: ḡ=1.7, γE[v]=0.8, Q=2.4 (bayes)
2026-09-22 17:59:31,174 INFO: Plan 1: ḡ=1.5, γE[v]=0.8, Q=2.3 (bayes)
2026-09-22 17:59:31,174 INFO: Plan 2: ḡ=0.0, γE[v]=1.6, Q=1.6 (bayes)
2026-09-22 17:59:32,625 INFO: Plan 1: ḡ=70, γE[v]=0.0, Q=70.0 (fn)
2026-09-22 17:59:32,683 INFO: Plan 2: ḡ=77, γE[v]=0.0, Q=77.0 (fn)
2026-09-22 17:59:32,693 INFO: Plan 0: ḡ=10, γE[v]=2.5, Q=12.5 (fn)
2026-09-22 17:59:32,694 INFO: Plan 0: ḡ=3.5, γE[v]=41.7, Q=45.2 (bayes)
2026-09-22 17:59:32,694 INFO: Plan 1: ḡ=35.0, γE[v]=25.8, Q=60.8 (bayes)
2026-09-22 17:59:32,694 INFO: Plan 2: ḡ=38.5, γE[v]=24.1, Q=62.6 (bayes)
2026-09-22 17:59:35,529 INFO: Plan 2: ḡ=0, γE[v]=0.0, Q=0.0 (fn)
2026-09-22 17:59:35,610 INFO: Plan 0: ḡ=0, γE[v]=0.0, Q=0.0 (fn)
2026-09-22 17:59:36,404 INFO: Plan 1: ḡ=0, γE[v]=0.0, Q=0.0 (fn)
2026-09-22 17:59:36,404 INFO: Plan 0: ḡ=0.0, γE[v]=0.0, Q=0.0 (bayes)
2026-09-22 17:59:36,404 INFO: Plan 1: ḡ=0.0, γE[v]=0.0, Q=0.0 (bayes)
2026-09-22 17:59:36,404 INFO: Plan 2: ḡ=0.0, γE[v]=0.0, Q=0.0 (bayes)
2026-09-22 17:59:36,617 INFO: Plan 2: ḡ=0, γE[v]=0.0, Q=0.0 (fn)
2026-09-22 17:59:36,698 INFO: Plan 1: ḡ=0, γE[v]=0.0, Q=0.0 (fn)
2026-09-22 17:59:36,795 INFO: Plan 0: ḡ=3, γE[v]=0.0, Q=3.0 (fn)
2026-09-22 17:59:36,795 INFO: Plan 0: ḡ=1.5, γE[v]=0.0, Q=1.5 (bayes)
2026-09-22 17:59:36,795 INFO: Plan 1: ḡ=0.0, γE[v]=0.8, Q=0.8 (bayes)
2026-09-22 17:59:36,795 INFO: Plan 2: ḡ=0.0, γE[v]=0.8, Q=0.8 (bayes)
2026-09-22 17:59:38,065 INFO: Plan 2: ḡ=41, γE[v]=19.5, Q=60.5 (fn)
2026-09-22 17:59:38,122 INFO: Plan 0: ḡ=20, γE[v]=0.0, Q=20.0 (fn)
2026-09-22 17:59:38,165 INFO: Plan 0: ḡ=11, γE[v]=2.0, Q=13.0 (fn)
2026-09-22 17:59:38,272 INFO: Plan 1: ḡ=66, γE[v]=0.0, Q=66.0 (fn)
2026-09-22 17:59:39,400 INFO: Plan 1: ḡ=57, γE[v]=22.0, Q=79.0 (fn)
2026-09-22 17:59:39,401 INFO: Plan 0: ḡ=10.0, γE[v]=119.0, Q=129.0 (bayes)
2026-09-22 17:59:39,401 INFO: Plan 1: ḡ=28.5, γE[v]=110.7, Q=139.2 (bayes)
2026-09-22 17:59:39,401 INFO: Plan 2: ḡ=20.5, γE[v]=114.6, Q=135.1 (bayes)
2026-09-22 17:59:41,438 INFO: Plan 0: ḡ=0, γE[v]=0.0, Q=0.0 (fn)
2026-09-22 17:59:41,531 INFO: Plan 1: ḡ=0, γE[v]=0.0, Q=0.0 (fn)
2026-09-22 17:59:41,699 INFO: Plan 2: ḡ=0, γE[v]=0.0, Q=0.0 (fn)
2026-09-22 17:59:41,699 INFO: Plan 0: ḡ=0.0, γE[v]=0.0, Q=0.0 (bayes)
2026-09-22 17:59:41,699 INFO: Plan 1: ḡ=0.0, γE[v]=0.0, Q=0.0 (bayes)
2026-09-22 17:59:41,699 INFO: Plan 2: ḡ=0.0, γE[v]=0.0, Q=0.0 (bayes)
2026-09-22 17:59:41,830 INFO: Plan 2: ḡ=36, γE[v]=1.0, Q=37.0 (fn)
2026-09-22 17:59:41,830 INFO: Plan 0: ḡ=4.0, γE[v]=22.2, Q=26.2 (bayes)
2026-09-22 17:59:41,830 INFO: Plan 1: ḡ=33.0, γE[v]=7.6, Q=40.6 (bayes)
2026-09-22 17:59:41,830 INFO: Plan 2: ḡ=16.2, γE[v]=16.0, Q=32.2 (bayes)
2026-09-22 17:59:41,975 INFO: Plan 2: ḡ=0, γE[v]=0.0, Q=0.0 (fn)
2026-09-22 17:59:42,022 INFO: Plan 1: ḡ=0, γE[v]=0.0, Q=0.0 (fn)
2026-09-22 17:59:42,302 INFO: Plan 0: ḡ=0, γE[v]=0.0, Q=0.0 (fn)
2026-09-22 17:59:42,302 INFO: Plan 0: ḡ=0.0, γE[v]=0.0, Q=0.0 (bayes)
2026-09-22 17:59:42,303 INFO: Plan 1: ḡ=0.0, γE[v]=0.0, Q=0.0 (bayes)
2026-09-22 17:59:42,303 INFO: Plan 2: ḡ=0.0, γE[v]=0.0, Q=0.0 (bayes)
  [1/93] click.termui seed=42: {'random': 10, 'greedy': 6, 'cov_greedy': 55, 'covqvalue2': 75}
2026-09-22 17:59:44,943 INFO: Plan 2: ḡ=81, γE[v]=41.5, Q=122.5 (fn)
2026-09-22 17:59:44,981 INFO: Plan 1: ḡ=73, γE[v]=5.0, Q=78.0 (fn)
2026-09-22 17:59:45,294 INFO: Plan 0: ḡ=11, γE[v]=0.0, Q=11.0 (fn)
2026-09-22 17:59:45,295 INFO: Plan 0: ḡ=5.5, γE[v]=103.3, Q=108.8 (bayes)
2026-09-22 17:59:45,295 INFO: Plan 1: ḡ=36.3, γE[v]=88.1, Q=124.5 (bayes)
2026-09-22 17:59:45,295 INFO: Plan 2: ḡ=40.5, γE[v]=87.7, Q=128.2 (bayes)
2026-09-22 17:59:46,640 INFO: Plan 2: ḡ=0, γE[v]=0.0, Q=0.0 (fn)
2026-09-22 17:59:46,956 INFO: Plan 1: ḡ=0, γE[v]=0.0, Q=0.0 (fn)
2026-09-22 17:59:47,018 INFO: Plan 1: ḡ=22, γE[v]=0.0, Q=22.0 (fn)
2026-09-22 17:59:47,341 INFO: Plan 0: ḡ=22, γE[v]=0.0, Q=22.0 (fn)
2026-09-22 17:59:47,639 INFO: Plan 2: ḡ=28, γE[v]=0.0, Q=28.0 (fn)
2026-09-22 17:59:47,639 INFO: Plan 0: ḡ=7.3, γE[v]=4.6, Q=11.9 (bayes)
2026-09-22 17:59:47,639 INFO: Plan 1: ḡ=8.0, γE[v]=4.2, Q=12.2 (bayes)
2026-09-22 17:59:47,639 INFO: Plan 2: ḡ=11.5, γE[v]=2.5, Q=14.0 (bayes)
2026-09-22 17:59:48,364 INFO: Plan 0: ḡ=0, γE[v]=0.0, Q=0.0 (fn)
2026-09-22 17:59:48,365 INFO: Plan 0: ḡ=0.0, γE[v]=0.0, Q=0.0 (bayes)
2026-09-22 17:59:48,365 INFO: Plan 1: ḡ=0.0, γE[v]=0.0, Q=0.0 (bayes)
2026-09-22 17:59:48,365 INFO: Plan 2: ḡ=0.0, γE[v]=0.0, Q=0.0 (bayes)
2026-09-22 17:59:50,123 INFO: Plan 0: ḡ=12, γE[v]=0.0, Q=12.0 (fn)
2026-09-22 17:59:50,426 INFO: Plan 1: ḡ=121, γE[v]=0.0, Q=121.0 (fn)
2026-09-22 17:59:50,442 INFO: Plan 2: ḡ=93, γE[v]=11.0, Q=104.0 (fn)
2026-09-22 17:59:50,442 INFO: Plan 0: ḡ=5.8, γE[v]=76.0, Q=81.8 (bayes)
2026-09-22 17:59:50,442 INFO: Plan 1: ḡ=53.8, γE[v]=52.0, Q=105.8 (bayes)
2026-09-22 17:59:50,443 INFO: Plan 2: ḡ=45.0, γE[v]=56.9, Q=101.9 (bayes)
2026-09-22 17:59:52,075 INFO: Plan 1: ḡ=4, γE[v]=0.0, Q=4.0 (fn)
2026-09-22 17:59:52,085 INFO: Plan 2: ḡ=6, γE[v]=0.0, Q=6.0 (fn)
2026-09-22 17:59:52,367 INFO: Plan 0: ḡ=5, γE[v]=0.0, Q=5.0 (fn)
2026-09-22 17:59:52,367 INFO: Plan 0: ḡ=1.7, γE[v]=1.7, Q=3.3 (bayes)
2026-09-22 17:59:52,367 INFO: Plan 1: ḡ=1.3, γE[v]=1.8, Q=3.2 (bayes)
2026-09-22 17:59:52,368 INFO: Plan 2: ḡ=2.7, γE[v]=1.2, Q=3.8 (bayes)
2026-09-22 17:59:55,708 INFO: Plan 0: ḡ=11, γE[v]=0.0, Q=11.0 (fn)
2026-09-22 17:59:55,766 INFO: Plan 1: ḡ=31, γE[v]=0.0, Q=31.0 (fn)
2026-09-22 17:59:55,789 INFO: Plan 0: ḡ=0, γE[v]=0.0, Q=0.0 (fn)
2026-09-22 17:59:55,793 INFO: Plan 2: ḡ=0, γE[v]=0.0, Q=0.0 (fn)
2026-09-22 17:59:55,866 INFO: Plan 1: ḡ=0, γE[v]=0.0, Q=0.0 (fn)
2026-09-22 17:59:55,866 INFO: Plan 0: ḡ=0.0, γE[v]=0.0, Q=0.0 (bayes)
2026-09-22 17:59:55,866 INFO: Plan 1: ḡ=0.0, γE[v]=0.0, Q=0.0 (bayes)
2026-09-22 17:59:55,866 INFO: Plan 2: ḡ=0.0, γE[v]=0.0, Q=0.0 (bayes)
2026-09-22 17:59:55,992 INFO: Plan 2: ḡ=98, γE[v]=0.0, Q=98.0 (fn)
2026-09-22 17:59:55,992 INFO: Plan 0: ḡ=5.5, γE[v]=39.0, Q=44.5 (bayes)
2026-09-22 17:59:55,992 INFO: Plan 1: ḡ=13.3, γE[v]=35.1, Q=48.4 (bayes)
2026-09-22 17:59:55,992 INFO: Plan 2: ḡ=35.2, γE[v]=24.2, Q=59.3 (bayes)
  [2/93] click.decorators seed=42: {'random': 32, 'greedy': 32, 'cov_greedy': 64, 'covqvalue2': 62}
2026-09-22 18:00:00,675 INFO: Plan 0: ḡ=11, γE[v]=0.0, Q=11.0 (fn)
2026-09-22 18:00:00,719 INFO: Plan 2: ḡ=27, γE[v]=8.5, Q=35.5 (fn)
2026-09-22 18:00:00,820 INFO: Plan 1: ḡ=33, γE[v]=1.5, Q=34.5 (fn)
2026-09-22 18:00:00,820 INFO: Plan 0: ḡ=5.5, γE[v]=21.4, Q=26.9 (bayes)
2026-09-22 18:00:00,821 INFO: Plan 1: ḡ=15.8, γE[v]=16.3, Q=32.1 (bayes)
2026-09-22 18:00:00,821 INFO: Plan 2: ḡ=12.3, γE[v]=18.4, Q=30.7 (bayes)
2026-09-22 18:00:01,781 INFO: Plan 1: ḡ=4, γE[v]=0.0, Q=4.0 (fn)
2026-09-22 18:00:02,221 INFO: Plan 0: ḡ=5, γE[v]=0.0, Q=5.0 (fn)
2026-09-22 18:00:04,897 INFO: Plan 0: ḡ=17, γE[v]=1.5, Q=18.5 (fn)
2026-09-22 18:00:05,029 INFO: Plan 2: ḡ=218, γE[v]=3.5, Q=221.5 (fn)
2026-09-22 18:00:05,123 INFO: Plan 1: ḡ=48, γE[v]=10.0, Q=58.0 (fn)
2026-09-22 18:00:05,124 INFO: Plan 0: ḡ=8.5, γE[v]=60.6, Q=69.1 (bayes)
2026-09-22 18:00:05,124 INFO: Plan 1: ḡ=24.0, γE[v]=53.2, Q=77.2 (bayes)
2026-09-22 18:00:05,124 INFO: Plan 2: ḡ=109.0, γE[v]=10.4, Q=119.4 (bayes)
2026-09-22 18:00:05,868 INFO: Plan 0: ḡ=11, γE[v]=0.0, Q=11.0 (fn)
2026-09-22 18:00:06,947 INFO: Plan 1: ḡ=17, γE[v]=0.0, Q=17.0 (fn)
2026-09-22 18:00:07,986 INFO: Plan 2: ḡ=35, γE[v]=0.0, Q=35.0 (fn)
2026-09-22 18:00:07,987 INFO: Plan 0: ḡ=5.5, γE[v]=13.2, Q=18.8 (bayes)
2026-09-22 18:00:07,987 INFO: Plan 1: ḡ=6.2, γE[v]=12.9, Q=19.1 (bayes)
2026-09-22 18:00:07,987 INFO: Plan 2: ḡ=17.5, γE[v]=7.2, Q=24.8 (bayes)
2026-09-22 18:00:10,110 INFO: Plan 1: ḡ=13, γE[v]=0.0, Q=13.0 (fn)
2026-09-22 18:00:10,302 INFO: Plan 2: ḡ=22, γE[v]=0.0, Q=22.0 (fn)
2026-09-22 18:00:10,406 INFO: Plan 1: ḡ=128, γE[v]=0.0, Q=128.0 (fn)
2026-09-22 18:00:10,434 INFO: Plan 0: ḡ=59, γE[v]=0.0, Q=59.0 (fn)
2026-09-22 18:00:10,460 INFO: Plan 2: ḡ=55, γE[v]=0.0, Q=55.0 (fn)
2026-09-22 18:00:10,461 INFO: Plan 0: ḡ=29.5, γE[v]=39.8, Q=69.2 (bayes)
2026-09-22 18:00:10,461 INFO: Plan 1: ḡ=64.0, γE[v]=22.5, Q=86.5 (bayes)
2026-09-22 18:00:10,461 INFO: Plan 2: ḡ=27.5, γE[v]=40.8, Q=68.2 (bayes)
2026-09-22 18:00:10,881 INFO: Plan 2: ḡ=0, γE[v]=0.0, Q=0.0 (fn)
2026-09-22 18:00:10,881 INFO: Plan 0: ḡ=1.7, γE[v]=0.3, Q=2.0 (bayes)
2026-09-22 18:00:10,882 INFO: Plan 1: ḡ=1.3, γE[v]=0.5, Q=1.8 (bayes)
2026-09-22 18:00:10,882 INFO: Plan 2: ḡ=0.0, γE[v]=1.2, Q=1.2 (bayes)
2026-09-22 18:00:11,108 INFO: Plan 0: ḡ=14, γE[v]=0.0, Q=14.0 (fn)
2026-09-22 18:00:11,108 INFO: Plan 0: ḡ=7.0, γE[v]=5.0, Q=12.0 (bayes)
2026-09-22 18:00:11,108 INFO: Plan 1: ḡ=6.2, γE[v]=5.4, Q=11.6 (bayes)
2026-09-22 18:00:11,108 INFO: Plan 2: ḡ=9.7, γE[v]=3.7, Q=13.3 (bayes)
2026-09-22 18:00:11,820 INFO: Plan 0: ḡ=9, γE[v]=0.0, Q=9.0 (fn)
2026-09-22 18:00:12,189 INFO: Plan 2: ḡ=9, γE[v]=0.0, Q=9.0 (fn)
2026-09-22 18:00:12,202 INFO: Plan 1: ḡ=16, γE[v]=0.0, Q=16.0 (fn)
2026-09-22 18:00:12,202 INFO: Plan 0: ḡ=4.5, γE[v]=4.5, Q=9.0 (bayes)
2026-09-22 18:00:12,202 INFO: Plan 1: ḡ=5.7, γE[v]=3.9, Q=9.6 (bayes)
2026-09-22 18:00:12,203 INFO: Plan 2: ḡ=3.3, γE[v]=5.1, Q=8.4 (bayes)
2026-09-22 18:00:15,650 INFO: Plan 0: ḡ=14, γE[v]=0.0, Q=14.0 (fn)
2026-09-22 18:00:15,654 INFO: Plan 2: ḡ=11, γE[v]=2.0, Q=13.0 (fn)
2026-09-22 18:00:15,698 INFO: Plan 1: ḡ=11, γE[v]=1.5, Q=12.5 (fn)
2026-09-22 18:00:15,698 INFO: Plan 0: ḡ=7.0, γE[v]=0.2, Q=7.2 (bayes)
2026-09-22 18:00:15,699 INFO: Plan 1: ḡ=5.5, γE[v]=1.0, Q=6.5 (bayes)
2026-09-22 18:00:15,699 INFO: Plan 2: ḡ=5.3, γE[v]=1.1, Q=6.4 (bayes)
2026-09-22 18:00:15,984 INFO: Plan 2: ḡ=38, γE[v]=0.0, Q=38.0 (fn)
2026-09-22 18:00:16,208 INFO: Plan 0: ḡ=37, γE[v]=0.0, Q=37.0 (fn)
2026-09-22 18:00:16,274 INFO: Plan 1: ḡ=25, γE[v]=0.0, Q=25.0 (fn)
2026-09-22 18:00:16,274 INFO: Plan 0: ḡ=15.7, γE[v]=11.5, Q=27.2 (bayes)
2026-09-22 18:00:16,274 INFO: Plan 1: ḡ=12.5, γE[v]=13.1, Q=25.6 (bayes)
2026-09-22 18:00:16,275 INFO: Plan 2: ḡ=16.3, γE[v]=11.2, Q=27.5 (bayes)
2026-09-22 18:00:16,341 INFO: Plan 0: ḡ=2, γE[v]=0.0, Q=2.0 (fn)
2026-09-22 18:00:16,458 INFO: Plan 2: ḡ=0, γE[v]=0.0, Q=0.0 (fn)
2026-09-22 18:00:16,495 INFO: Plan 1: ḡ=2, γE[v]=0.0, Q=2.0 (fn)
2026-09-22 18:00:16,495 INFO: Plan 0: ḡ=0.7, γE[v]=0.0, Q=0.7 (bayes)
2026-09-22 18:00:16,495 INFO: Plan 1: ḡ=0.7, γE[v]=0.0, Q=0.7 (bayes)
2026-09-22 18:00:16,495 INFO: Plan 2: ḡ=0.0, γE[v]=0.3, Q=0.3 (bayes)
2026-09-22 18:00:17,522 INFO: Plan 2: ḡ=374, γE[v]=111.0, Q=485.0 (fn)
2026-09-22 18:00:17,561 INFO: Plan 2: ḡ=8, γE[v]=0.0, Q=8.0 (fn)
2026-09-22 18:00:17,616 INFO: Plan 1: ḡ=3, γE[v]=0.0, Q=3.0 (fn)
2026-09-22 18:00:18,499 INFO: Plan 0: ḡ=7, γE[v]=0.0, Q=7.0 (fn)
2026-09-22 18:00:18,500 INFO: Plan 0: ḡ=3.5, γE[v]=2.2, Q=5.7 (bayes)
2026-09-22 18:00:18,500 INFO: Plan 1: ḡ=1.5, γE[v]=3.2, Q=4.7 (bayes)
2026-09-22 18:00:18,500 INFO: Plan 2: ḡ=2.8, γE[v]=2.5, Q=5.3 (bayes)
2026-09-22 18:00:19,314 INFO: Plan 0: ḡ=265, γE[v]=86.0, Q=351.0 (fn)
  [3/93] click.types seed=42: {'random': 8, 'greedy': 9, 'cov_greedy': 108, 'covqvalue2': 118}
2026-09-22 18:00:20,825 INFO: Plan 0: ḡ=1, γE[v]=0.0, Q=1.0 (fn)
2026-09-22 18:00:20,834 INFO: Plan 1: ḡ=1, γE[v]=0.0, Q=1.0 (fn)
2026-09-22 18:00:20,902 INFO: Plan 2: ḡ=1, γE[v]=0.0, Q=1.0 (fn)
2026-09-22 18:00:20,902 INFO: Plan 0: ḡ=0.3, γE[v]=0.0, Q=0.3 (bayes)
2026-09-22 18:00:20,902 INFO: Plan 1: ḡ=0.3, γE[v]=0.0, Q=0.3 (bayes)
2026-09-22 18:00:20,902 INFO: Plan 2: ḡ=0.3, γE[v]=0.0, Q=0.3 (bayes)
2026-09-22 18:00:21,365 INFO: Plan 2: ḡ=0, γE[v]=0.0, Q=0.0 (fn)
2026-09-22 18:00:21,393 INFO: Plan 0: ḡ=0, γE[v]=0.0, Q=0.0 (fn)
2026-09-22 18:00:21,493 INFO: Plan 1: ḡ=0, γE[v]=0.0, Q=0.0 (fn)
2026-09-22 18:00:21,494 INFO: Plan 0: ḡ=0.0, γE[v]=0.0, Q=0.0 (bayes)
2026-09-22 18:00:21,494 INFO: Plan 1: ḡ=0.0, γE[v]=0.0, Q=0.0 (bayes)
2026-09-22 18:00:21,494 INFO: Plan 2: ḡ=0.0, γE[v]=0.0, Q=0.0 (bayes)
2026-09-22 18:00:21,802 INFO: Plan 0: ḡ=34, γE[v]=0.0, Q=34.0 (fn)
2026-09-22 18:00:21,897 INFO: Plan 2: ḡ=29, γE[v]=0.0, Q=29.0 (fn)
2026-09-22 18:00:22,231 INFO: Plan 1: ḡ=12, γE[v]=0.0, Q=12.0 (fn)
2026-09-22 18:00:22,231 INFO: Plan 0: ḡ=14.5, γE[v]=6.4, Q=20.9 (bayes)
2026-09-22 18:00:22,231 INFO: Plan 1: ḡ=5.8, γE[v]=10.8, Q=16.6 (bayes)
2026-09-22 18:00:22,231 INFO: Plan 2: ḡ=12.0, γE[v]=7.7, Q=19.7 (bayes)
2026-09-22 18:00:23,091 INFO: Plan 1: ḡ=1012, γE[v]=48.5, Q=1060.5 (fn)
2026-09-22 18:00:23,092 INFO: Plan 0: ḡ=132.5, γE[v]=326.4, Q=458.9 (bayes)
2026-09-22 18:00:23,092 INFO: Plan 1: ḡ=506.0, γE[v]=137.9, Q=643.9 (bayes)
2026-09-22 18:00:23,092 INFO: Plan 2: ḡ=187.0, γE[v]=300.2, Q=487.2 (bayes)
  [4/93] click.utils seed=42: {'random': 16, 'greedy': 16, 'cov_greedy': 48, 'covqvalue2': 67}
2026-09-22 18:00:25,156 INFO: Plan 2: ḡ=0, γE[v]=0.0, Q=0.0 (fn)
2026-09-22 18:00:25,163 INFO: Plan 0: ḡ=0, γE[v]=0.0, Q=0.0 (fn)
2026-09-22 18:00:25,324 INFO: Plan 1: ḡ=0, γE[v]=0.0, Q=0.0 (fn)
2026-09-22 18:00:25,325 INFO: Plan 0: ḡ=0.0, γE[v]=0.0, Q=0.0 (bayes)
2026-09-22 18:00:25,325 INFO: Plan 1: ḡ=0.0, γE[v]=0.0, Q=0.0 (bayes)
2026-09-22 18:00:25,325 INFO: Plan 2: ḡ=0.0, γE[v]=0.0, Q=0.0 (bayes)
2026-09-22 18:00:26,631 INFO: Plan 1: ḡ=11, γE[v]=0.0, Q=11.0 (fn)
2026-09-22 18:00:26,829 INFO: Plan 0: ḡ=11, γE[v]=0.0, Q=11.0 (fn)
2026-09-22 18:00:27,020 INFO: Plan 2: ḡ=14, γE[v]=0.0, Q=14.0 (fn)
2026-09-22 18:00:27,020 INFO: Plan 0: ḡ=5.3, γE[v]=3.8, Q=9.1 (bayes)
2026-09-22 18:00:27,020 INFO: Plan 1: ḡ=5.5, γE[v]=3.7, Q=9.2 (bayes)
2026-09-22 18:00:27,020 INFO: Plan 2: ḡ=7.0, γE[v]=2.9, Q=9.9 (bayes)
2026-09-22 18:00:31,452 INFO: Plan 0: ḡ=1, γE[v]=0.0, Q=1.0 (fn)
2026-09-22 18:00:31,512 INFO: Plan 1: ḡ=11, γE[v]=0.0, Q=11.0 (fn)
2026-09-22 18:00:31,824 INFO: Plan 2: ḡ=11, γE[v]=0.0, Q=11.0 (fn)
2026-09-22 18:00:31,824 INFO: Plan 0: ḡ=0.3, γE[v]=2.8, Q=3.1 (bayes)
2026-09-22 18:00:31,825 INFO: Plan 1: ḡ=5.5, γE[v]=0.2, Q=5.7 (bayes)
2026-09-22 18:00:31,825 INFO: Plan 2: ḡ=5.5, γE[v]=0.2, Q=5.7 (bayes)
2026-09-22 18:00:31,844 INFO: Plan 0: ḡ=104, γE[v]=69.0, Q=173.0 (fn)
2026-09-22 18:00:31,956 INFO: Plan 2: ḡ=112, γE[v]=94.0, Q=206.0 (fn)
2026-09-22 18:00:32,437 INFO: Plan 1: ḡ=314, γE[v]=65.5, Q=379.5 (fn)
2026-09-22 18:00:32,438 INFO: Plan 0: ḡ=50.7, γE[v]=122.9, Q=173.6 (bayes)
2026-09-22 18:00:32,438 INFO: Plan 1: ḡ=130.0, γE[v]=83.1, Q=213.1 (bayes)
2026-09-22 18:00:32,438 INFO: Plan 2: ḡ=56.0, γE[v]=121.4, Q=177.4 (bayes)
2026-09-22 18:00:34,158 INFO: Plan 1: ḡ=0, γE[v]=0.0, Q=0.0 (fn)
2026-09-22 18:00:34,219 INFO: Plan 0: ḡ=0, γE[v]=0.0, Q=0.0 (fn)
2026-09-22 18:00:34,791 INFO: Plan 2: ḡ=0, γE[v]=0.0, Q=0.0 (fn)
2026-09-22 18:00:34,792 INFO: Plan 0: ḡ=0.0, γE[v]=0.0, Q=0.0 (bayes)
2026-09-22 18:00:34,792 INFO: Plan 1: ḡ=0.0, γE[v]=0.0, Q=0.0 (bayes)
2026-09-22 18:00:34,792 INFO: Plan 2: ḡ=0.0, γE[v]=0.0, Q=0.0 (bayes)
2026-09-22 18:00:37,506 INFO: Plan 0: ḡ=1, γE[v]=0.0, Q=1.0 (fn)
2026-09-22 18:00:37,575 INFO: Plan 2: ḡ=0, γE[v]=0.5, Q=0.5 (fn)
2026-09-22 18:00:37,748 INFO: Plan 1: ḡ=0, γE[v]=0.0, Q=0.0 (fn)
2026-09-22 18:00:37,749 INFO: Plan 0: ḡ=0.3, γE[v]=0.0, Q=0.3 (bayes)
2026-09-22 18:00:37,749 INFO: Plan 1: ḡ=0.0, γE[v]=0.2, Q=0.2 (bayes)
2026-09-22 18:00:37,749 INFO: Plan 2: ḡ=0.0, γE[v]=0.2, Q=0.2 (bayes)
2026-09-22 18:00:38,343 INFO: Plan 2: ḡ=306, γE[v]=0.0, Q=306.0 (fn)
2026-09-22 18:00:38,477 INFO: Plan 1: ḡ=87, γE[v]=86.5, Q=173.5 (fn)
2026-09-22 18:00:38,691 INFO: Plan 0: ḡ=117, γE[v]=0.0, Q=117.0 (fn)
2026-09-22 18:00:38,692 INFO: Plan 0: ḡ=58.5, γE[v]=51.5, Q=110.0 (bayes)
2026-09-22 18:00:38,692 INFO: Plan 1: ḡ=43.5, γE[v]=62.9, Q=106.4 (bayes)
2026-09-22 18:00:38,692 INFO: Plan 2: ḡ=153.0, γE[v]=4.2, Q=157.2 (bayes)
2026-09-22 18:00:39,593 INFO: Plan 1: ḡ=0, γE[v]=0.0, Q=0.0 (fn)
2026-09-22 18:00:39,781 INFO: Plan 2: ḡ=0, γE[v]=0.0, Q=0.0 (fn)
2026-09-22 18:00:39,918 INFO: Plan 0: ḡ=0, γE[v]=0.0, Q=0.0 (fn)
2026-09-22 18:00:39,919 INFO: Plan 0: ḡ=0.0, γE[v]=0.0, Q=0.0 (bayes)
2026-09-22 18:00:39,919 INFO: Plan 1: ḡ=0.0, γE[v]=0.0, Q=0.0 (bayes)
2026-09-22 18:00:39,919 INFO: Plan 2: ḡ=0.0, γE[v]=0.0, Q=0.0 (bayes)
2026-09-22 18:00:39,942 INFO: Plan 0: ḡ=78, γE[v]=74.5, Q=152.5 (fn)
2026-09-22 18:00:40,076 INFO: Plan 2: ḡ=83, γE[v]=56.0, Q=139.0 (fn)
2026-09-22 18:00:40,099 INFO: Plan 1: ḡ=238, γE[v]=20.5, Q=258.5 (fn)
2026-09-22 18:00:40,099 INFO: Plan 0: ḡ=35.0, γE[v]=67.4, Q=102.4 (bayes)
2026-09-22 18:00:40,099 INFO: Plan 1: ḡ=87.7, γE[v]=37.8, Q=125.4 (bayes)
2026-09-22 18:00:40,099 INFO: Plan 2: ḡ=38.8, γE[v]=64.4, Q=103.2 (bayes)
2026-09-22 18:00:42,735 INFO: Plan 0: ḡ=0, γE[v]=0.0, Q=0.0 (fn)
2026-09-22 18:00:42,848 INFO: Plan 1: ḡ=0, γE[v]=0.0, Q=0.0 (fn)
2026-09-22 18:00:42,882 INFO: Plan 2: ḡ=0, γE[v]=0.0, Q=0.0 (fn)
2026-09-22 18:00:42,883 INFO: Plan 0: ḡ=0.0, γE[v]=0.0, Q=0.0 (bayes)
2026-09-22 18:00:42,883 INFO: Plan 1: ḡ=0.0, γE[v]=0.0, Q=0.0 (bayes)
2026-09-22 18:00:42,883 INFO: Plan 2: ḡ=0.0, γE[v]=0.0, Q=0.0 (bayes)
2026-09-22 18:00:44,353 INFO: Plan 1: ḡ=248, γE[v]=19.0, Q=267.0 (fn)
2026-09-22 18:00:44,525 INFO: Plan 2: ḡ=217, γE[v]=34.5, Q=251.5 (fn)
2026-09-22 18:00:45,239 INFO: Plan 0: ḡ=254, γE[v]=24.5, Q=278.5 (fn)
2026-09-22 18:00:45,240 INFO: Plan 0: ḡ=87.5, γE[v]=9.6, Q=97.1 (bayes)
2026-09-22 18:00:45,240 INFO: Plan 1: ḡ=82.7, γE[v]=11.7, Q=94.4 (bayes)
2026-09-22 18:00:45,240 INFO: Plan 2: ḡ=72.3, γE[v]=17.8, Q=90.2 (bayes)
2026-09-22 18:00:45,661 INFO: Plan 1: ḡ=8, γE[v]=0.0, Q=8.0 (fn)
2026-09-22 18:00:46,073 INFO: Plan 0: ḡ=23, γE[v]=0.0, Q=23.0 (fn)
2026-09-22 18:00:46,303 INFO: Plan 2: ḡ=28, γE[v]=0.0, Q=28.0 (fn)
2026-09-22 18:00:46,303 INFO: Plan 0: ḡ=7.8, γE[v]=30.0, Q=37.8 (bayes)
2026-09-22 18:00:46,303 INFO: Plan 1: ḡ=3.1, γE[v]=32.3, Q=35.4 (bayes)
2026-09-22 18:00:46,303 INFO: Plan 2: ḡ=9.8, γE[v]=29.0, Q=38.8 (bayes)
2026-09-22 18:00:47,559 INFO: Plan 0: ḡ=0, γE[v]=0.0, Q=0.0 (fn)
2026-09-22 18:00:47,625 INFO: Plan 1: ḡ=0, γE[v]=0.0, Q=0.0 (fn)
2026-09-22 18:00:47,971 INFO: Plan 2: ḡ=0, γE[v]=0.0, Q=0.0 (fn)
2026-09-22 18:00:47,971 INFO: Plan 0: ḡ=0.0, γE[v]=0.0, Q=0.0 (bayes)
2026-09-22 18:00:47,972 INFO: Plan 1: ḡ=0.0, γE[v]=0.0, Q=0.0 (bayes)
2026-09-22 18:00:47,972 INFO: Plan 2: ḡ=0.0, γE[v]=0.0, Q=0.0 (bayes)
2026-09-22 18:00:48,218 INFO: Plan 1: ḡ=0, γE[v]=0.0, Q=0.0 (fn)
2026-09-22 18:00:48,320 INFO: Plan 0: ḡ=0, γE[v]=0.0, Q=0.0 (fn)
  [5/93] click.shell_completion seed=42: {'random': 4, 'greedy': 4, 'cov_greedy': 52, 'covqvalue2': 48}
2026-09-22 18:00:49,848 INFO: Plan 0: ḡ=40, γE[v]=0.0, Q=40.0 (fn)
2026-09-22 18:00:49,958 INFO: Plan 1: ḡ=207, γE[v]=0.0, Q=207.0 (fn)
2026-09-22 18:00:51,042 INFO: Plan 2: ḡ=0, γE[v]=0.0, Q=0.0 (fn)
2026-09-22 18:00:51,043 INFO: Plan 0: ḡ=0.0, γE[v]=0.0, Q=0.0 (bayes)
2026-09-22 18:00:51,043 INFO: Plan 1: ḡ=0.0, γE[v]=0.0, Q=0.0 (bayes)
2026-09-22 18:00:51,043 INFO: Plan 2: ḡ=0.0, γE[v]=0.0, Q=0.0 (bayes)
2026-09-22 18:00:51,444 INFO: Plan 2: ḡ=184, γE[v]=11.5, Q=195.5 (fn)
2026-09-22 18:00:51,444 INFO: Plan 0: ḡ=10.0, γE[v]=20.9, Q=30.9 (bayes)
2026-09-22 18:00:51,445 INFO: Plan 1: ḡ=51.8, γE[v]=0.0, Q=51.8 (bayes)
2026-09-22 18:00:51,445 INFO: Plan 2: ḡ=46.0, γE[v]=3.7, Q=49.6 (bayes)
2026-09-22 18:00:51,913 INFO: Plan 2: ḡ=28, γE[v]=0.0, Q=28.0 (fn)
2026-09-22 18:00:52,046 INFO: Plan 1: ḡ=8, γE[v]=0.0, Q=8.0 (fn)
  [6/93] click.testing seed=42: {'random': 30, 'greedy': 29, 'cov_greedy': 74, 'covqvalue2': 77}
2026-09-22 18:00:53,441 INFO: Plan 0: ḡ=23, γE[v]=0.0, Q=23.0 (fn)
2026-09-22 18:00:53,441 INFO: Plan 0: ḡ=7.8, γE[v]=28.5, Q=36.3 (bayes)
2026-09-22 18:00:53,441 INFO: Plan 1: ḡ=3.1, γE[v]=30.8, Q=33.9 (bayes)
2026-09-22 18:00:53,441 INFO: Plan 2: ḡ=7.3, γE[v]=28.7, Q=36.0 (bayes)
2026-09-22 18:00:57,222 INFO: Plan 2: ḡ=41, γE[v]=0.0, Q=41.0 (fn)
2026-09-22 18:00:57,393 INFO: Plan 0: ḡ=13, γE[v]=0.0, Q=13.0 (fn)
2026-09-22 18:00:58,046 INFO: Plan 1: ḡ=19, γE[v]=0.0, Q=19.0 (fn)
2026-09-22 18:00:58,047 INFO: Plan 0: ḡ=2.6, γE[v]=2.8, Q=5.4 (bayes)
2026-09-22 18:00:58,047 INFO: Plan 1: ḡ=3.8, γE[v]=2.2, Q=6.0 (bayes)
2026-09-22 18:00:58,047 INFO: Plan 2: ḡ=8.2, γE[v]=0.0, Q=8.2 (bayes)
2026-09-22 18:00:58,395 INFO: Plan 0: ḡ=20, γE[v]=0.0, Q=20.0 (fn)
2026-09-22 18:00:58,533 INFO: Plan 1: ḡ=36, γE[v]=0.0, Q=36.0 (fn)
2026-09-22 18:00:58,803 INFO: Plan 2: ḡ=29, γE[v]=0.0, Q=29.0 (fn)
2026-09-22 18:00:58,803 INFO: Plan 0: ḡ=6.0, γE[v]=25.5, Q=31.4 (bayes)
2026-09-22 18:00:58,803 INFO: Plan 1: ḡ=11.7, γE[v]=22.6, Q=34.3 (bayes)
2026-09-22 18:00:58,803 INFO: Plan 2: ḡ=8.7, γE[v]=24.1, Q=32.8 (bayes)
2026-09-22 18:01:02,336 INFO: Plan 2: ḡ=41, γE[v]=0.0, Q=41.0 (fn)
2026-09-22 18:01:02,511 INFO: Plan 1: ḡ=19, γE[v]=0.0, Q=19.0 (fn)
2026-09-22 18:01:02,625 INFO: Plan 0: ḡ=13, γE[v]=0.0, Q=13.0 (fn)
2026-09-22 18:01:02,626 INFO: Plan 0: ḡ=2.2, γE[v]=2.3, Q=4.5 (bayes)
2026-09-22 18:01:02,626 INFO: Plan 1: ḡ=3.2, γE[v]=1.8, Q=5.0 (bayes)
2026-09-22 18:01:02,626 INFO: Plan 2: ḡ=6.8, γE[v]=0.0, Q=6.8 (bayes)
2026-09-22 18:01:03,969 INFO: Plan 0: ḡ=20, γE[v]=0.0, Q=20.0 (fn)
2026-09-22 18:01:04,318 INFO: Plan 2: ḡ=42, γE[v]=0.0, Q=42.0 (fn)
2026-09-22 18:01:04,625 INFO: Plan 1: ḡ=24, γE[v]=0.0, Q=24.0 (fn)
2026-09-22 18:01:04,625 INFO: Plan 0: ḡ=6.0, γE[v]=19.6, Q=25.6 (bayes)
2026-09-22 18:01:04,625 INFO: Plan 1: ḡ=11.2, γE[v]=17.0, Q=28.2 (bayes)
2026-09-22 18:01:04,625 INFO: Plan 2: ḡ=13.4, γE[v]=15.9, Q=29.3 (bayes)
2026-09-22 18:01:06,933 INFO: Plan 2: ḡ=41, γE[v]=0.0, Q=41.0 (fn)
2026-09-22 18:01:07,076 INFO: Plan 0: ḡ=13, γE[v]=0.0, Q=13.0 (fn)
2026-09-22 18:01:07,085 INFO: Plan 1: ḡ=19, γE[v]=0.0, Q=19.0 (fn)
2026-09-22 18:01:07,085 INFO: Plan 0: ḡ=1.9, γE[v]=2.0, Q=3.9 (bayes)
2026-09-22 18:01:07,085 INFO: Plan 1: ḡ=2.7, γE[v]=1.6, Q=4.3 (bayes)
2026-09-22 18:01:07,085 INFO: Plan 2: ḡ=5.9, γE[v]=0.0, Q=5.9 (bayes)
2026-09-22 18:01:09,937 INFO: Plan 2: ḡ=41, γE[v]=0.0, Q=41.0 (fn)
2026-09-22 18:01:10,020 INFO: Plan 0: ḡ=17, γE[v]=0.0, Q=17.0 (fn)
2026-09-22 18:01:10,067 INFO: Plan 1: ḡ=24, γE[v]=0.0, Q=24.0 (fn)
2026-09-22 18:01:10,068 INFO: Plan 0: ḡ=5.2, γE[v]=17.2, Q=22.5 (bayes)
2026-09-22 18:01:10,068 INFO: Plan 1: ḡ=11.2, γE[v]=14.2, Q=25.5 (bayes)
2026-09-22 18:01:10,068 INFO: Plan 2: ḡ=11.7, γE[v]=14.0, Q=25.7 (bayes)
2026-09-22 18:01:12,604 INFO: Plan 0: ḡ=13, γE[v]=0.0, Q=13.0 (fn)
  [7/93] click.core seed=42: {'random': 87, 'greedy': 87, 'cov_greedy': 400, 'covqvalue2': 349}
2026-09-22 18:01:13,387 INFO: Plan 1: ḡ=19, γE[v]=0.0, Q=19.0 (fn)
2026-09-22 18:01:13,745 INFO: Plan 2: ḡ=41, γE[v]=0.0, Q=41.0 (fn)
2026-09-22 18:01:13,746 INFO: Plan 0: ḡ=1.6, γE[v]=1.8, Q=3.4 (bayes)
2026-09-22 18:01:13,746 INFO: Plan 1: ḡ=2.4, γE[v]=1.4, Q=3.8 (bayes)
2026-09-22 18:01:13,746 INFO: Plan 2: ḡ=5.1, γE[v]=0.0, Q=5.1 (bayes)
2026-09-22 18:01:17,894 INFO: Plan 1: ḡ=19, γE[v]=0.0, Q=19.0 (fn)
2026-09-22 18:01:17,905 INFO: Plan 0: ḡ=13, γE[v]=0.0, Q=13.0 (fn)
2026-09-22 18:01:18,173 INFO: Plan 2: ḡ=28, γE[v]=0.0, Q=28.0 (fn)
2026-09-22 18:01:18,174 INFO: Plan 0: ḡ=1.4, γE[v]=1.6, Q=3.0 (bayes)
2026-09-22 18:01:18,174 INFO: Plan 1: ḡ=2.1, γE[v]=1.2, Q=3.3 (bayes)
2026-09-22 18:01:18,174 INFO: Plan 2: ḡ=3.1, γE[v]=0.7, Q=3.8 (bayes)
  [8/93] click.parser seed=42: {'random': 22, 'greedy': 21, 'cov_greedy': 92, 'covqvalue2': 67}
2026-09-22 18:02:21,950 INFO: Retrying request to /chat/completions in 0.496874 seconds
2026-09-22 18:02:25,751 INFO: Retrying request to /chat/completions in 0.469389 seconds
2026-09-22 18:02:37,945 INFO: Retrying request to /chat/completions in 0.420072 seconds
2026-09-22 18:03:28,484 INFO: Plan 1: ḡ=141, γE[v]=6.0, Q=147.0 (fn)
2026-09-22 18:03:28,501 INFO: Plan 0: ḡ=87, γE[v]=34.0, Q=121.0 (fn)
2026-09-22 18:03:28,999 INFO: Plan 2: ḡ=99, γE[v]=30.0, Q=129.0 (fn)
2026-09-22 18:03:29,000 INFO: Plan 0: ḡ=43.5, γE[v]=21.8, Q=65.3 (bayes)
2026-09-22 18:03:29,000 INFO: Plan 1: ḡ=70.5, γE[v]=7.0, Q=77.5 (bayes)
2026-09-22 18:03:29,000 INFO: Plan 2: ḡ=49.5, γE[v]=18.6, Q=68.1 (bayes)
2026-09-22 18:03:33,336 INFO: Plan 0: ḡ=12, γE[v]=0.0, Q=12.0 (fn)
2026-09-22 18:03:36,401 INFO: Plan 2: ḡ=13, γE[v]=0.0, Q=13.0 (fn)
2026-09-22 18:03:41,202 INFO: Plan 1: ḡ=12, γE[v]=0.0, Q=12.0 (fn)
2026-09-22 18:03:41,203 INFO: Plan 0: ḡ=4.0, γE[v]=3.2, Q=7.2 (bayes)
2026-09-22 18:03:41,203 INFO: Plan 1: ḡ=4.0, γE[v]=3.2, Q=7.2 (bayes)
2026-09-22 18:03:41,203 INFO: Plan 2: ḡ=6.5, γE[v]=2.0, Q=8.5 (bayes)
2026-09-22 18:03:46,740 INFO: Plan 1: ḡ=5, γE[v]=0.0, Q=5.0 (fn)
2026-09-22 18:03:46,750 INFO: Plan 2: ḡ=12, γE[v]=0.0, Q=12.0 (fn)
2026-09-22 18:03:47,632 INFO: Plan 0: ḡ=7, γE[v]=0.0, Q=7.0 (fn)
2026-09-22 18:03:47,633 INFO: Plan 0: ḡ=2.3, γE[v]=0.8, Q=3.2 (bayes)
2026-09-22 18:03:47,633 INFO: Plan 1: ḡ=1.7, γE[v]=1.2, Q=2.8 (bayes)
2026-09-22 18:03:47,633 INFO: Plan 2: ḡ=4.0, γE[v]=0.0, Q=4.0 (bayes)
2026-09-22 18:03:52,694 INFO: Plan 1: ḡ=0, γE[v]=0.0, Q=0.0 (fn)
2026-09-22 18:03:52,880 INFO: Plan 0: ḡ=0, γE[v]=0.0, Q=0.0 (fn)
2026-09-22 18:04:00,981 INFO: Plan 2: ḡ=0, γE[v]=0.0, Q=0.0 (fn)
2026-09-22 18:04:00,981 INFO: Plan 0: ḡ=0.0, γE[v]=0.0, Q=0.0 (bayes)
2026-09-22 18:04:00,982 INFO: Plan 1: ḡ=0.0, γE[v]=0.0, Q=0.0 (bayes)
2026-09-22 18:04:00,982 INFO: Plan 2: ḡ=0.0, γE[v]=0.0, Q=0.0 (bayes)
2026-09-22 18:04:04,690 INFO: Plan 2: ḡ=34, γE[v]=0.0, Q=34.0 (fn)
2026-09-22 18:04:04,898 INFO: Plan 0: ḡ=15, γE[v]=10.0, Q=25.0 (fn)
2026-09-22 18:04:05,038 INFO: Plan 1: ḡ=86, γE[v]=0.0, Q=86.0 (fn)
2026-09-22 18:04:05,039 INFO: Plan 0: ḡ=7.5, γE[v]=26.4, Q=34.0 (bayes)
2026-09-22 18:04:05,039 INFO: Plan 1: ḡ=43.0, γE[v]=8.2, Q=51.2 (bayes)
2026-09-22 18:04:05,039 INFO: Plan 2: ḡ=17.0, γE[v]=21.2, Q=38.2 (bayes)
2026-09-22 18:04:05,375 INFO: Plan 2: ḡ=0, γE[v]=0.0, Q=0.0 (fn)
2026-09-22 18:04:05,664 INFO: Plan 1: ḡ=0, γE[v]=0.0, Q=0.0 (fn)
2026-09-22 18:04:05,687 INFO: Plan 0: ḡ=0, γE[v]=0.0, Q=0.0 (fn)
2026-09-22 18:04:05,688 INFO: Plan 0: ḡ=0.0, γE[v]=0.0, Q=0.0 (bayes)
2026-09-22 18:04:05,688 INFO: Plan 1: ḡ=0.0, γE[v]=0.0, Q=0.0 (bayes)
2026-09-22 18:04:05,688 INFO: Plan 2: ḡ=0.0, γE[v]=0.0, Q=0.0 (bayes)
2026-09-22 18:04:09,477 INFO: Plan 1: ḡ=27, γE[v]=0.0, Q=27.0 (fn)
2026-09-22 18:04:09,747 INFO: Plan 2: ḡ=14, γE[v]=0.0, Q=14.0 (fn)
2026-09-22 18:04:10,683 INFO: Plan 1: ḡ=0, γE[v]=0.0, Q=0.0 (fn)
2026-09-22 18:04:10,840 INFO: Plan 0: ḡ=0, γE[v]=0.0, Q=0.0 (fn)
2026-09-22 18:04:11,286 INFO: Plan 0: ḡ=21, γE[v]=0.0, Q=21.0 (fn)
2026-09-22 18:04:11,287 INFO: Plan 0: ḡ=10.5, γE[v]=3.0, Q=13.5 (bayes)
2026-09-22 18:04:11,287 INFO: Plan 1: ḡ=13.5, γE[v]=1.5, Q=15.0 (bayes)
2026-09-22 18:04:11,287 INFO: Plan 2: ḡ=7.0, γE[v]=4.8, Q=11.8 (bayes)
2026-09-22 18:04:13,360 INFO: Plan 2: ḡ=0, γE[v]=0.0, Q=0.0 (fn)
2026-09-22 18:04:13,360 INFO: Plan 0: ḡ=0.0, γE[v]=0.0, Q=0.0 (bayes)
2026-09-22 18:04:13,360 INFO: Plan 1: ḡ=0.0, γE[v]=0.0, Q=0.0 (bayes)
2026-09-22 18:04:13,360 INFO: Plan 2: ḡ=0.0, γE[v]=0.0, Q=0.0 (bayes)
2026-09-22 18:04:14,766 INFO: Plan 0: ḡ=1, γE[v]=0.0, Q=1.0 (fn)
2026-09-22 18:04:15,166 INFO: Plan 1: ḡ=5, γE[v]=0.0, Q=5.0 (fn)
2026-09-22 18:04:15,712 INFO: Plan 2: ḡ=1, γE[v]=0.0, Q=1.0 (fn)
2026-09-22 18:04:15,712 INFO: Plan 0: ḡ=0.5, γE[v]=1.2, Q=1.8 (bayes)
2026-09-22 18:04:15,712 INFO: Plan 1: ḡ=2.5, γE[v]=0.2, Q=2.8 (bayes)
2026-09-22 18:04:15,712 INFO: Plan 2: ḡ=0.5, γE[v]=1.2, Q=1.8 (bayes)
2026-09-22 18:04:18,772 INFO: Plan 0: ḡ=0, γE[v]=0.0, Q=0.0 (fn)
2026-09-22 18:04:18,826 INFO: Plan 1: ḡ=0, γE[v]=0.0, Q=0.0 (fn)
2026-09-22 18:04:18,910 INFO: Plan 2: ḡ=0, γE[v]=0.0, Q=0.0 (fn)
2026-09-22 18:04:18,911 INFO: Plan 0: ḡ=0.0, γE[v]=0.0, Q=0.0 (bayes)
2026-09-22 18:04:18,911 INFO: Plan 1: ḡ=0.0, γE[v]=0.0, Q=0.0 (bayes)
2026-09-22 18:04:18,911 INFO: Plan 2: ḡ=0.0, γE[v]=0.0, Q=0.0 (bayes)
2026-09-22 18:04:20,053 INFO: Plan 0: ḡ=1, γE[v]=0.0, Q=1.0 (fn)
2026-09-22 18:04:20,613 INFO: Plan 2: ḡ=0, γE[v]=0.0, Q=0.0 (fn)
2026-09-22 18:04:20,789 INFO: Plan 1: ḡ=0, γE[v]=0.0, Q=0.0 (fn)
2026-09-22 18:04:20,789 INFO: Plan 0: ḡ=0.5, γE[v]=0.0, Q=0.5 (bayes)
2026-09-22 18:04:20,790 INFO: Plan 1: ḡ=0.0, γE[v]=0.2, Q=0.2 (bayes)
2026-09-22 18:04:20,790 INFO: Plan 2: ḡ=0.0, γE[v]=0.2, Q=0.2 (bayes)
2026-09-22 18:04:23,629 INFO: Plan 1: ḡ=0, γE[v]=0.0, Q=0.0 (fn)
2026-09-22 18:04:23,655 INFO: Plan 0: ḡ=0, γE[v]=0.0, Q=0.0 (fn)
2026-09-22 18:04:23,806 INFO: Plan 2: ḡ=0, γE[v]=0.0, Q=0.0 (fn)
2026-09-22 18:04:23,807 INFO: Plan 0: ḡ=0.0, γE[v]=0.0, Q=0.0 (bayes)
2026-09-22 18:04:23,807 INFO: Plan 1: ḡ=0.0, γE[v]=0.0, Q=0.0 (bayes)
2026-09-22 18:04:23,807 INFO: Plan 2: ḡ=0.0, γE[v]=0.0, Q=0.0 (bayes)
  [9/93] click.formatting seed=42: {'random': 30, 'greedy': 14, 'cov_greedy': 61, 'covqvalue2': 61}
2026-09-22 18:04:29,574 INFO: Plan 0: ḡ=0, γE[v]=0.0, Q=0.0 (fn)
2026-09-22 18:04:29,664 INFO: Plan 2: ḡ=0, γE[v]=0.0, Q=0.0 (fn)
2026-09-22 18:04:29,781 INFO: Plan 1: ḡ=0, γE[v]=0.0, Q=0.0 (fn)
2026-09-22 18:04:29,781 INFO: Plan 0: ḡ=0.0, γE[v]=0.0, Q=0.0 (bayes)
2026-09-22 18:04:29,782 INFO: Plan 1: ḡ=0.0, γE[v]=0.0, Q=0.0 (bayes)
2026-09-22 18:04:29,782 INFO: Plan 2: ḡ=0.0, γE[v]=0.0, Q=0.0 (bayes)
2026-09-22 18:04:35,843 INFO: Plan 0: ḡ=0, γE[v]=0.0, Q=0.0 (fn)
2026-09-22 18:04:35,855 INFO: Plan 2: ḡ=0, γE[v]=0.0, Q=0.0 (fn)
2026-09-22 18:04:35,863 INFO: Plan 1: ḡ=0, γE[v]=0.0, Q=0.0 (fn)
2026-09-22 18:04:35,864 INFO: Plan 0: ḡ=0.0, γE[v]=0.0, Q=0.0 (bayes)
2026-09-22 18:04:35,864 INFO: Plan 1: ḡ=0.0, γE[v]=0.0, Q=0.0 (bayes)
2026-09-22 18:04:35,864 INFO: Plan 2: ḡ=0.0, γE[v]=0.0, Q=0.0 (bayes)
2026-09-22 18:04:40,586 INFO: Plan 1: ḡ=0, γE[v]=0.0, Q=0.0 (fn)
2026-09-22 18:04:40,664 INFO: Plan 0: ḡ=0, γE[v]=0.0, Q=0.0 (fn)
2026-09-22 18:04:40,764 INFO: Plan 2: ḡ=0, γE[v]=0.0, Q=0.0 (fn)
2026-09-22 18:04:40,764 INFO: Plan 0: ḡ=0.0, γE[v]=0.0, Q=0.0 (bayes)
2026-09-22 18:04:40,764 INFO: Plan 1: ḡ=0.0, γE[v]=0.0, Q=0.0 (bayes)
2026-09-22 18:04:40,764 INFO: Plan 2: ḡ=0.0, γE[v]=0.0, Q=0.0 (bayes)
2026-09-22 18:04:45,449 INFO: Plan 0: ḡ=0, γE[v]=0.0, Q=0.0 (fn)
2026-09-22 18:04:45,636 INFO: Plan 2: ḡ=0, γE[v]=0.0, Q=0.0 (fn)
2026-09-22 18:04:45,811 INFO: Plan 1: ḡ=0, γE[v]=0.0, Q=0.0 (fn)
2026-09-22 18:04:45,811 INFO: Plan 0: ḡ=0.0, γE[v]=0.0, Q=0.0 (bayes)
2026-09-22 18:04:45,811 INFO: Plan 1: ḡ=0.0, γE[v]=0.0, Q=0.0 (bayes)
2026-09-22 18:04:45,811 INFO: Plan 2: ḡ=0.0, γE[v]=0.0, Q=0.0 (bayes)
  [10/93] click.exceptions seed=42: {'random': 7, 'greedy': 10, 'cov_greedy': 38, 'covqvalue2': 38}
2026-09-22 18:05:03,982 INFO: Plan 2: ḡ=125, γE[v]=50.5, Q=175.5 (fn)
2026-09-22 18:05:04,038 INFO: Plan 1: ḡ=217, γE[v]=13.0, Q=230.0 (fn)
2026-09-22 18:05:04,276 INFO: Plan 0: ḡ=125, γE[v]=7.5, Q=132.5 (fn)
2026-09-22 18:05:04,277 INFO: Plan 0: ḡ=62.5, γE[v]=121.6, Q=184.1 (bayes)
2026-09-22 18:05:04,277 INFO: Plan 1: ḡ=108.5, γE[v]=98.8, Q=207.3 (bayes)
2026-09-22 18:05:04,277 INFO: Plan 2: ḡ=62.5, γE[v]=123.5, Q=186.0 (bayes)
2026-09-22 18:05:12,470 INFO: Plan 0: ḡ=153, γE[v]=5.0, Q=158.0 (fn)
2026-09-22 18:05:12,895 INFO: Plan 1: ḡ=87, γE[v]=72.0, Q=159.0 (fn)
2026-09-22 18:05:13,074 INFO: Plan 2: ḡ=128, γE[v]=49.5, Q=177.5 (fn)
2026-09-22 18:05:13,074 INFO: Plan 0: ḡ=72.2, γE[v]=62.0, Q=134.1 (bayes)
2026-09-22 18:05:13,075 INFO: Plan 1: ḡ=41.8, γE[v]=80.1, Q=121.9 (bayes)
2026-09-22 18:05:13,075 INFO: Plan 2: ḡ=63.8, γE[v]=68.1, Q=131.9 (bayes)
2026-09-22 18:05:18,910 INFO: Plan 2: ḡ=207, γE[v]=15.0, Q=222.0 (fn)
2026-09-22 18:05:19,140 INFO: Plan 0: ḡ=70, γE[v]=74.5, Q=144.5 (fn)
2026-09-22 18:05:22,592 INFO: Plan 1: ḡ=131, γE[v]=0.0, Q=131.0 (fn)
2026-09-22 18:05:22,654 INFO: Plan 2: ḡ=146, γE[v]=0.0, Q=146.0 (fn)
2026-09-22 18:05:22,694 INFO: Plan 0: ḡ=160, γE[v]=0.0, Q=160.0 (fn)
2026-09-22 18:05:22,695 INFO: Plan 0: ḡ=80.0, γE[v]=107.2, Q=187.2 (bayes)
2026-09-22 18:05:22,695 INFO: Plan 1: ḡ=65.5, γE[v]=114.5, Q=180.0 (bayes)
2026-09-22 18:05:22,695 INFO: Plan 2: ḡ=73.0, γE[v]=110.8, Q=183.8 (bayes)
2026-09-22 18:05:22,732 INFO: Plan 1: ḡ=98, γE[v]=65.0, Q=163.0 (fn)
2026-09-22 18:05:22,733 INFO: Plan 0: ḡ=31.4, γE[v]=50.0, Q=81.4 (bayes)
2026-09-22 18:05:22,733 INFO: Plan 1: ḡ=49.0, γE[v]=40.8, Q=89.8 (bayes)
2026-09-22 18:05:22,733 INFO: Plan 2: ḡ=103.5, γE[v]=11.3, Q=114.8 (bayes)
2026-09-22 18:05:29,637 INFO: Plan 1: ḡ=122, γE[v]=0.0, Q=122.0 (fn)
2026-09-22 18:05:29,856 INFO: Plan 0: ḡ=35, γE[v]=0.0, Q=35.0 (fn)
2026-09-22 18:05:29,942 INFO: Plan 1: ḡ=19, γE[v]=0.0, Q=19.0 (fn)
2026-09-22 18:05:30,424 INFO: Plan 2: ḡ=12, γE[v]=0.0, Q=12.0 (fn)
2026-09-22 18:05:30,424 INFO: Plan 0: ḡ=10.9, γE[v]=2.7, Q=13.6 (bayes)
2026-09-22 18:05:30,425 INFO: Plan 1: ḡ=6.7, γE[v]=4.8, Q=11.5 (bayes)
2026-09-22 18:05:30,425 INFO: Plan 2: ḡ=4.0, γE[v]=6.1, Q=10.1 (bayes)
2026-09-22 18:05:31,998 INFO: Plan 0: ḡ=54, γE[v]=0.0, Q=54.0 (fn)
2026-09-22 18:05:33,303 INFO: Plan 2: ḡ=88, γE[v]=0.0, Q=88.0 (fn)
2026-09-22 18:05:33,304 INFO: Plan 0: ḡ=27.0, γE[v]=93.8, Q=120.8 (bayes)
2026-09-22 18:05:33,304 INFO: Plan 1: ḡ=61.0, γE[v]=76.8, Q=137.8 (bayes)
2026-09-22 18:05:33,304 INFO: Plan 2: ḡ=44.0, γE[v]=85.2, Q=129.2 (bayes)
2026-09-22 18:05:38,689 INFO: Plan 1: ḡ=8, γE[v]=0.0, Q=8.0 (fn)
2026-09-22 18:05:38,954 INFO: Plan 0: ḡ=13, γE[v]=0.0, Q=13.0 (fn)
2026-09-22 18:05:39,122 INFO: Plan 2: ḡ=6, γE[v]=0.0, Q=6.0 (fn)
2026-09-22 18:05:39,122 INFO: Plan 0: ḡ=3.8, γE[v]=1.5, Q=5.3 (bayes)
2026-09-22 18:05:39,122 INFO: Plan 1: ḡ=3.0, γE[v]=1.9, Q=4.9 (bayes)
2026-09-22 18:05:39,122 INFO: Plan 2: ḡ=2.0, γE[v]=2.4, Q=4.4 (bayes)
2026-09-22 18:05:40,532 INFO: Plan 1: ḡ=106, γE[v]=0.0, Q=106.0 (fn)
2026-09-22 18:05:40,780 INFO: Plan 0: ḡ=54, γE[v]=0.0, Q=54.0 (fn)
2026-09-22 18:05:41,307 INFO: Plan 2: ḡ=98, γE[v]=0.0, Q=98.0 (fn)
2026-09-22 18:05:41,308 INFO: Plan 0: ḡ=27.0, γE[v]=66.3, Q=93.3 (bayes)
2026-09-22 18:05:41,308 INFO: Plan 1: ḡ=53.0, γE[v]=53.3, Q=106.3 (bayes)
2026-09-22 18:05:41,308 INFO: Plan 2: ḡ=45.2, γE[v]=57.2, Q=102.4 (bayes)
2026-09-22 18:05:46,846 INFO: Plan 1: ḡ=80, γE[v]=0.0, Q=80.0 (fn)
2026-09-22 18:05:47,364 INFO: Plan 2: ḡ=69, γE[v]=0.0, Q=69.0 (fn)
2026-09-22 18:05:49,002 INFO: Plan 0: ḡ=54, γE[v]=0.0, Q=54.0 (fn)
2026-09-22 18:05:49,003 INFO: Plan 0: ḡ=27.0, γE[v]=39.8, Q=66.8 (bayes)
2026-09-22 18:05:49,003 INFO: Plan 1: ḡ=37.0, γE[v]=34.8, Q=71.8 (bayes)
2026-09-22 18:05:49,003 INFO: Plan 2: ḡ=34.5, γE[v]=36.1, Q=70.6 (bayes)
2026-09-22 18:05:50,031 INFO: Plan 2: ḡ=1, γE[v]=0.0, Q=1.0 (fn)
2026-09-22 18:05:50,080 INFO: Plan 1: ḡ=5, γE[v]=0.0, Q=5.0 (fn)
2026-09-22 18:05:50,963 INFO: Plan 0: ḡ=2, γE[v]=0.0, Q=2.0 (fn)
2026-09-22 18:05:50,964 INFO: Plan 0: ḡ=1.0, γE[v]=1.0, Q=2.0 (bayes)
2026-09-22 18:05:50,964 INFO: Plan 1: ḡ=1.7, γE[v]=0.7, Q=2.3 (bayes)
2026-09-22 18:05:50,964 INFO: Plan 2: ḡ=0.3, γE[v]=1.3, Q=1.7 (bayes)
2026-09-22 18:05:56,779 INFO: Plan 2: ḡ=40, γE[v]=0.0, Q=40.0 (fn)
2026-09-22 18:05:57,004 INFO: Plan 1: ḡ=59, γE[v]=0.0, Q=59.0 (fn)
2026-09-22 18:05:57,212 INFO: Plan 1: ḡ=1, γE[v]=0.0, Q=1.0 (fn)
2026-09-22 18:05:57,406 INFO: Plan 0: ḡ=1, γE[v]=0.0, Q=1.0 (fn)
2026-09-22 18:05:57,617 INFO: Plan 2: ḡ=1, γE[v]=0.0, Q=1.0 (fn)
2026-09-22 18:05:57,618 INFO: Plan 0: ḡ=0.5, γE[v]=0.4, Q=0.9 (bayes)
2026-09-22 18:05:57,618 INFO: Plan 1: ḡ=0.5, γE[v]=0.4, Q=0.9 (bayes)
2026-09-22 18:05:57,618 INFO: Plan 2: ḡ=0.3, γE[v]=0.5, Q=0.8 (bayes)
2026-09-22 18:05:58,512 INFO: Plan 0: ḡ=48, γE[v]=0.0, Q=48.0 (fn)
2026-09-22 18:05:58,512 INFO: Plan 0: ḡ=24.0, γE[v]=22.8, Q=46.8 (bayes)
2026-09-22 18:05:58,512 INFO: Plan 1: ḡ=25.7, γE[v]=22.0, Q=47.7 (bayes)
2026-09-22 18:05:58,512 INFO: Plan 2: ḡ=20.0, γE[v]=24.8, Q=44.8 (bayes)
2026-09-22 18:06:04,574 INFO: Plan 2: ḡ=1, γE[v]=0.0, Q=1.0 (fn)
2026-09-22 18:06:04,716 INFO: Plan 1: ḡ=1, γE[v]=0.0, Q=1.0 (fn)
2026-09-22 18:06:04,796 INFO: Plan 0: ḡ=1, γE[v]=0.0, Q=1.0 (fn)
2026-09-22 18:06:04,797 INFO: Plan 0: ḡ=0.5, γE[v]=0.2, Q=0.7 (bayes)
2026-09-22 18:06:04,797 INFO: Plan 1: ḡ=0.3, γE[v]=0.2, Q=0.6 (bayes)
2026-09-22 18:06:04,797 INFO: Plan 2: ḡ=0.3, γE[v]=0.2, Q=0.6 (bayes)
2026-09-22 18:06:06,272 INFO: Plan 2: ḡ=37, γE[v]=0.0, Q=37.0 (fn)
2026-09-22 18:06:06,435 INFO: Plan 0: ḡ=23, γE[v]=0.0, Q=23.0 (fn)
  [11/93] requests.models seed=42: {'random': 88, 'greedy': 78, 'cov_greedy': 156, 'covqvalue2': 139}
2026-09-22 18:06:08,970 INFO: Plan 1: ḡ=44, γE[v]=0.0, Q=44.0 (fn)
2026-09-22 18:06:08,970 INFO: Plan 0: ḡ=11.5, γE[v]=16.2, Q=27.8 (bayes)
2026-09-22 18:06:08,970 INFO: Plan 1: ḡ=22.0, γE[v]=11.0, Q=33.0 (bayes)
2026-09-22 18:06:08,970 INFO: Plan 2: ḡ=18.5, γE[v]=12.8, Q=31.2 (bayes)
2026-09-22 18:06:11,894 INFO: Plan 0: ḡ=26, γE[v]=5.0, Q=31.0 (fn)
2026-09-22 18:06:12,124 INFO: Plan 1: ḡ=149, γE[v]=55.5, Q=204.5 (fn)
2026-09-22 18:06:12,260 INFO: Plan 2: ḡ=95, γE[v]=0.0, Q=95.0 (fn)
2026-09-22 18:06:12,417 INFO: Plan 0: ḡ=40, γE[v]=111.0, Q=151.0 (fn)
2026-09-22 18:06:12,948 INFO: Plan 1: ḡ=131, γE[v]=0.0, Q=131.0 (fn)
2026-09-22 18:06:12,949 INFO: Plan 0: ḡ=13.0, γE[v]=55.7, Q=68.7 (bayes)
2026-09-22 18:06:12,949 INFO: Plan 1: ḡ=65.5, γE[v]=29.2, Q=94.8 (bayes)
2026-09-22 18:06:12,949 INFO: Plan 2: ḡ=47.5, γE[v]=38.2, Q=85.8 (bayes)
2026-09-22 18:06:15,576 INFO: Plan 2: ḡ=12, γE[v]=0.0, Q=12.0 (fn)
2026-09-22 18:06:15,797 INFO: Plan 1: ḡ=15, γE[v]=0.0, Q=15.0 (fn)
2026-09-22 18:06:15,966 INFO: Plan 0: ḡ=17, γE[v]=0.0, Q=17.0 (fn)
2026-09-22 18:06:15,966 INFO: Plan 0: ḡ=8.5, γE[v]=6.8, Q=15.2 (bayes)
2026-09-22 18:06:15,966 INFO: Plan 1: ḡ=7.5, γE[v]=7.2, Q=14.8 (bayes)
2026-09-22 18:06:15,966 INFO: Plan 2: ḡ=6.0, γE[v]=8.0, Q=14.0 (bayes)
2026-09-22 18:06:15,973 INFO: Plan 2: ḡ=196, γE[v]=32.0, Q=228.0 (fn)
2026-09-22 18:06:15,974 INFO: Plan 0: ḡ=20.0, γE[v]=60.5, Q=80.5 (bayes)
2026-09-22 18:06:15,974 INFO: Plan 1: ḡ=74.5, γE[v]=30.7, Q=105.2 (bayes)
2026-09-22 18:06:15,974 INFO: Plan 2: ḡ=98.0, γE[v]=17.9, Q=115.9 (bayes)
2026-09-22 18:06:20,533 INFO: Plan 1: ḡ=35, γE[v]=0.0, Q=35.0 (fn)
2026-09-22 18:06:20,659 INFO: Plan 0: ḡ=10, γE[v]=0.0, Q=10.0 (fn)
2026-09-22 18:06:20,701 INFO: Plan 2: ḡ=31, γE[v]=0.0, Q=31.0 (fn)
2026-09-22 18:06:20,701 INFO: Plan 0: ḡ=4.5, γE[v]=25.9, Q=30.4 (bayes)
2026-09-22 18:06:20,701 INFO: Plan 1: ḡ=16.3, γE[v]=20.0, Q=36.3 (bayes)
2026-09-22 18:06:20,702 INFO: Plan 2: ḡ=14.3, γE[v]=21.0, Q=35.3 (bayes)
2026-09-22 18:06:23,516 INFO: Plan 1: ḡ=61, γE[v]=0.0, Q=61.0 (fn)
2026-09-22 18:06:26,639 INFO: Plan 2: ḡ=28, γE[v]=0.0, Q=28.0 (fn)
2026-09-22 18:06:27,360 INFO: Plan 0: ḡ=6, γE[v]=0.0, Q=6.0 (fn)
2026-09-22 18:06:27,482 INFO: Plan 2: ḡ=12, γE[v]=0.0, Q=12.0 (fn)
2026-09-22 18:06:28,523 INFO: Plan 1: ḡ=9, γE[v]=0.0, Q=9.0 (fn)
2026-09-22 18:06:28,524 INFO: Plan 0: ḡ=3.0, γE[v]=5.2, Q=8.2 (bayes)
2026-09-22 18:06:28,524 INFO: Plan 1: ḡ=4.5, γE[v]=4.5, Q=9.0 (bayes)
2026-09-22 18:06:28,524 INFO: Plan 2: ḡ=6.0, γE[v]=3.8, Q=9.8 (bayes)
2026-09-22 18:06:30,147 INFO: Plan 2: ḡ=66, γE[v]=0.0, Q=66.0 (fn)
2026-09-22 18:06:30,162 INFO: Plan 1: ḡ=17, γE[v]=0.0, Q=17.0 (fn)
2026-09-22 18:06:30,609 INFO: Plan 0: ḡ=9, γE[v]=0.0, Q=9.0 (fn)
2026-09-22 18:06:30,610 INFO: Plan 0: ḡ=4.0, γE[v]=18.9, Q=22.9 (bayes)
2026-09-22 18:06:30,610 INFO: Plan 1: ḡ=6.8, γE[v]=17.5, Q=24.2 (bayes)
2026-09-22 18:06:30,610 INFO: Plan 2: ḡ=33.0, γE[v]=4.4, Q=37.4 (bayes)
2026-09-22 18:06:30,677 INFO: Plan 0: ḡ=12, γE[v]=0.0, Q=12.0 (fn)
2026-09-22 18:06:30,677 INFO: Plan 0: ḡ=4.3, γE[v]=9.0, Q=13.3 (bayes)
2026-09-22 18:06:30,677 INFO: Plan 1: ḡ=20.3, γE[v]=1.0, Q=21.3 (bayes)
2026-09-22 18:06:30,677 INFO: Plan 2: ḡ=9.3, γE[v]=6.5, Q=15.8 (bayes)
  [12/93] requests.utils seed=42: {'random': 5, 'greedy': 10, 'cov_greedy': 97, 'covqvalue2': 165}
2026-09-22 18:06:37,303 INFO: Plan 0: ḡ=7, γE[v]=0.0, Q=7.0 (fn)
2026-09-22 18:06:37,647 INFO: Plan 0: ḡ=2, γE[v]=0.0, Q=2.0 (fn)
2026-09-22 18:06:37,844 INFO: Plan 2: ḡ=32, γE[v]=0.0, Q=32.0 (fn)
2026-09-22 18:06:37,930 INFO: Plan 1: ḡ=5, γE[v]=0.0, Q=5.0 (fn)
2026-09-22 18:06:38,598 INFO: Plan 1: ḡ=7, γE[v]=0.0, Q=7.0 (fn)
2026-09-22 18:06:38,598 INFO: Plan 0: ḡ=3.0, γE[v]=6.9, Q=9.9 (bayes)
2026-09-22 18:06:38,599 INFO: Plan 1: ḡ=3.5, γE[v]=6.6, Q=10.1 (bayes)
2026-09-22 18:06:38,599 INFO: Plan 2: ḡ=10.2, γE[v]=3.2, Q=13.5 (bayes)
2026-09-22 18:06:39,134 INFO: Plan 2: ḡ=3, γE[v]=0.0, Q=3.0 (fn)
2026-09-22 18:06:39,134 INFO: Plan 0: ḡ=1.0, γE[v]=0.5, Q=1.5 (bayes)
2026-09-22 18:06:39,134 INFO: Plan 1: ḡ=2.0, γE[v]=0.0, Q=2.0 (bayes)
2026-09-22 18:06:39,134 INFO: Plan 2: ḡ=1.0, γE[v]=0.5, Q=1.5 (bayes)
2026-09-22 18:06:44,129 INFO: Plan 0: ḡ=6, γE[v]=0.0, Q=6.0 (fn)
2026-09-22 18:06:45,506 INFO: Plan 2: ḡ=0, γE[v]=0.0, Q=0.0 (fn)
2026-09-22 18:06:45,645 INFO: Plan 0: ḡ=0, γE[v]=0.0, Q=0.0 (fn)
2026-09-22 18:06:45,836 INFO: Plan 1: ḡ=0, γE[v]=0.0, Q=0.0 (fn)
2026-09-22 18:06:45,836 INFO: Plan 0: ḡ=0.0, γE[v]=0.0, Q=0.0 (bayes)
2026-09-22 18:06:45,836 INFO: Plan 1: ḡ=0.0, γE[v]=0.0, Q=0.0 (bayes)
2026-09-22 18:06:45,836 INFO: Plan 2: ḡ=0.0, γE[v]=0.0, Q=0.0 (bayes)
2026-09-22 18:06:46,533 INFO: Plan 1: ḡ=6, γE[v]=0.0, Q=6.0 (fn)
2026-09-22 18:06:47,327 INFO: Plan 0: ḡ=192, γE[v]=0.0, Q=192.0 (fn)
2026-09-22 18:06:48,025 INFO: Plan 1: ḡ=261, γE[v]=101.0, Q=362.0 (fn)
2026-09-22 18:06:48,878 INFO: Plan 2: ḡ=2, γE[v]=0.0, Q=2.0 (fn)
2026-09-22 18:06:48,878 INFO: Plan 0: ḡ=2.7, γE[v]=1.9, Q=4.6 (bayes)
2026-09-22 18:06:48,879 INFO: Plan 1: ḡ=2.8, γE[v]=1.8, Q=4.7 (bayes)
2026-09-22 18:06:48,879 INFO: Plan 2: ḡ=1.0, γE[v]=2.8, Q=3.8 (bayes)
2026-09-22 18:06:51,480 INFO: Plan 2: ḡ=189, γE[v]=33.0, Q=222.0 (fn)
2026-09-22 18:06:51,481 INFO: Plan 0: ḡ=96.0, γE[v]=69.0, Q=165.0 (bayes)
2026-09-22 18:06:51,481 INFO: Plan 1: ḡ=130.5, γE[v]=56.3, Q=186.8 (bayes)
2026-09-22 18:06:51,481 INFO: Plan 2: ḡ=94.5, γE[v]=71.2, Q=165.7 (bayes)
2026-09-22 18:06:52,818 INFO: Plan 0: ḡ=0, γE[v]=0.0, Q=0.0 (fn)
2026-09-22 18:06:52,890 INFO: Plan 2: ḡ=0, γE[v]=0.0, Q=0.0 (fn)
2026-09-22 18:06:56,109 INFO: Plan 1: ḡ=0, γE[v]=0.0, Q=0.0 (fn)
2026-09-22 18:06:56,109 INFO: Plan 0: ḡ=0.0, γE[v]=0.0, Q=0.0 (bayes)
2026-09-22 18:06:56,109 INFO: Plan 1: ḡ=0.0, γE[v]=0.0, Q=0.0 (bayes)
2026-09-22 18:06:56,109 INFO: Plan 2: ḡ=0.0, γE[v]=0.0, Q=0.0 (bayes)
2026-09-22 18:06:56,343 INFO: Plan 2: ḡ=2, γE[v]=0.0, Q=2.0 (fn)
2026-09-22 18:06:56,475 INFO: Plan 0: ḡ=2, γE[v]=0.0, Q=2.0 (fn)
2026-09-22 18:06:57,326 INFO: Plan 1: ḡ=4, γE[v]=0.0, Q=4.0 (fn)
2026-09-22 18:06:57,327 INFO: Plan 0: ḡ=0.7, γE[v]=1.5, Q=2.2 (bayes)
2026-09-22 18:06:57,327 INFO: Plan 1: ḡ=2.0, γE[v]=0.8, Q=2.8 (bayes)
2026-09-22 18:06:57,327 INFO: Plan 2: ḡ=1.0, γE[v]=1.3, Q=2.3 (bayes)
2026-09-22 18:06:59,798 INFO: Plan 2: ḡ=5, γE[v]=0.0, Q=5.0 (fn)
2026-09-22 18:06:59,883 INFO: Plan 1: ḡ=4, γE[v]=0.0, Q=4.0 (fn)
2026-09-22 18:07:00,149 INFO: Plan 0: ḡ=78, γE[v]=0.0, Q=78.0 (fn)
2026-09-22 18:07:00,150 INFO: Plan 0: ḡ=26.0, γE[v]=1.9, Q=27.9 (bayes)
2026-09-22 18:07:00,150 INFO: Plan 1: ḡ=2.0, γE[v]=13.9, Q=15.9 (bayes)
2026-09-22 18:07:00,150 INFO: Plan 2: ḡ=1.8, γE[v]=14.0, Q=15.8 (bayes)
2026-09-22 18:07:02,943 INFO: Plan 1: ḡ=0, γE[v]=0.0, Q=0.0 (fn)
2026-09-22 18:07:03,049 INFO: Plan 2: ḡ=0, γE[v]=0.0, Q=0.0 (fn)
2026-09-22 18:07:03,566 INFO: Plan 0: ḡ=0, γE[v]=0.0, Q=0.0 (fn)
2026-09-22 18:07:03,566 INFO: Plan 0: ḡ=0.0, γE[v]=0.0, Q=0.0 (bayes)
2026-09-22 18:07:03,566 INFO: Plan 1: ḡ=0.0, γE[v]=0.0, Q=0.0 (bayes)
2026-09-22 18:07:03,566 INFO: Plan 2: ḡ=0.0, γE[v]=0.0, Q=0.0 (bayes)
2026-09-22 18:07:04,590 INFO: Plan 1: ḡ=2, γE[v]=0.0, Q=2.0 (fn)
2026-09-22 18:07:04,819 INFO: Plan 0: ḡ=2, γE[v]=0.0, Q=2.0 (fn)
2026-09-22 18:07:04,846 INFO: Plan 2: ḡ=2, γE[v]=0.0, Q=2.0 (fn)
2026-09-22 18:07:04,847 INFO: Plan 0: ḡ=0.7, γE[v]=0.5, Q=1.2 (bayes)
2026-09-22 18:07:04,847 INFO: Plan 1: ḡ=1.0, γE[v]=0.3, Q=1.3 (bayes)
2026-09-22 18:07:04,847 INFO: Plan 2: ḡ=0.8, γE[v]=0.4, Q=1.2 (bayes)
2026-09-22 18:07:06,754 INFO: Plan 2: ḡ=1, γE[v]=0.0, Q=1.0 (fn)
2026-09-22 18:07:06,864 INFO: Plan 0: ḡ=3, γE[v]=0.0, Q=3.0 (fn)
2026-09-22 18:07:09,891 INFO: Plan 1: ḡ=0, γE[v]=0.0, Q=0.0 (fn)
2026-09-22 18:07:09,931 INFO: Plan 0: ḡ=0, γE[v]=0.0, Q=0.0 (fn)
2026-09-22 18:07:11,707 INFO: Plan 2: ḡ=0, γE[v]=0.0, Q=0.0 (fn)
2026-09-22 18:07:11,707 INFO: Plan 0: ḡ=0.0, γE[v]=0.0, Q=0.0 (bayes)
2026-09-22 18:07:11,708 INFO: Plan 1: ḡ=0.0, γE[v]=0.0, Q=0.0 (bayes)
2026-09-22 18:07:11,708 INFO: Plan 2: ḡ=0.0, γE[v]=0.0, Q=0.0 (bayes)
2026-09-22 18:07:12,157 INFO: Plan 1: ḡ=5, γE[v]=0.0, Q=5.0 (fn)
2026-09-22 18:07:12,157 INFO: Plan 0: ḡ=1.5, γE[v]=1.2, Q=2.7 (bayes)
2026-09-22 18:07:12,157 INFO: Plan 1: ḡ=1.8, γE[v]=1.0, Q=2.8 (bayes)
2026-09-22 18:07:12,157 INFO: Plan 2: ḡ=0.5, γE[v]=1.7, Q=2.2 (bayes)
2026-09-22 18:07:12,219 INFO: Plan 0: ḡ=2, γE[v]=0.0, Q=2.0 (fn)
2026-09-22 18:07:12,483 INFO: Plan 1: ḡ=1, γE[v]=0.0, Q=1.0 (fn)
2026-09-22 18:07:13,115 INFO: Plan 2: ḡ=2, γE[v]=0.0, Q=2.0 (fn)
2026-09-22 18:07:13,117 INFO: Plan 0: ḡ=0.7, γE[v]=0.0, Q=0.7 (bayes)
2026-09-22 18:07:13,118 INFO: Plan 1: ḡ=0.3, γE[v]=0.2, Q=0.5 (bayes)
2026-09-22 18:07:13,118 INFO: Plan 2: ḡ=0.7, γE[v]=0.0, Q=0.7 (bayes)
  [13/93] requests.cookies seed=42: {'random': 10, 'greedy': 8, 'cov_greedy': 62, 'covqvalue2': 92}
2026-09-22 18:07:18,604 INFO: Plan 1: ḡ=2, γE[v]=0.0, Q=2.0 (fn)
2026-09-22 18:07:18,638 INFO: Plan 0: ḡ=2, γE[v]=0.0, Q=2.0 (fn)
2026-09-22 18:07:18,657 INFO: Plan 2: ḡ=0, γE[v]=0.0, Q=0.0 (fn)
2026-09-22 18:07:18,658 INFO: Plan 0: ḡ=1.0, γE[v]=0.5, Q=1.5 (bayes)
2026-09-22 18:07:18,658 INFO: Plan 1: ḡ=1.0, γE[v]=0.5, Q=1.5 (bayes)
2026-09-22 18:07:18,658 INFO: Plan 2: ḡ=0.0, γE[v]=1.0, Q=1.0 (bayes)
2026-09-22 18:07:18,954 INFO: Plan 1: ḡ=0, γE[v]=0.0, Q=0.0 (fn)
2026-09-22 18:07:19,179 INFO: Plan 2: ḡ=0, γE[v]=0.0, Q=0.0 (fn)
2026-09-22 18:07:25,099 INFO: Plan 0: ḡ=0, γE[v]=0.0, Q=0.0 (fn)
2026-09-22 18:07:25,100 INFO: Plan 0: ḡ=0.0, γE[v]=0.0, Q=0.0 (bayes)
2026-09-22 18:07:25,100 INFO: Plan 1: ḡ=0.0, γE[v]=0.0, Q=0.0 (bayes)
2026-09-22 18:07:25,100 INFO: Plan 2: ḡ=0.0, γE[v]=0.0, Q=0.0 (bayes)
2026-09-22 18:07:25,638 INFO: Plan 1: ḡ=1, γE[v]=0.0, Q=1.0 (fn)
2026-09-22 18:07:25,868 INFO: Plan 0: ḡ=1, γE[v]=0.0, Q=1.0 (fn)
2026-09-22 18:07:25,892 INFO: Plan 2: ḡ=0, γE[v]=0.0, Q=0.0 (fn)
2026-09-22 18:07:25,893 INFO: Plan 0: ḡ=0.5, γE[v]=0.2, Q=0.8 (bayes)
2026-09-22 18:07:25,893 INFO: Plan 1: ḡ=0.5, γE[v]=0.2, Q=0.8 (bayes)
2026-09-22 18:07:25,893 INFO: Plan 2: ḡ=0.0, γE[v]=0.5, Q=0.5 (bayes)
2026-09-22 18:07:26,276 INFO: Plan 0: ḡ=42, γE[v]=1.0, Q=43.0 (fn)
2026-09-22 18:07:26,313 INFO: Plan 2: ḡ=176, γE[v]=0.0, Q=176.0 (fn)
2026-09-22 18:07:27,497 INFO: Plan 1: ḡ=153, γE[v]=34.0, Q=187.0 (fn)
2026-09-22 18:07:27,498 INFO: Plan 0: ḡ=21.0, γE[v]=45.0, Q=66.0 (bayes)
2026-09-22 18:07:27,498 INFO: Plan 1: ḡ=76.5, γE[v]=18.8, Q=95.3 (bayes)
2026-09-22 18:07:27,498 INFO: Plan 2: ḡ=88.0, γE[v]=11.5, Q=99.5 (bayes)
  [14/93] requests.adapters seed=42: {'random': 3, 'greedy': 4, 'cov_greedy': 39, 'covqvalue2': 104}
2026-09-22 18:07:32,867 INFO: Plan 0: ḡ=1, γE[v]=0.0, Q=1.0 (fn)
2026-09-22 18:07:33,050 INFO: Plan 1: ḡ=0, γE[v]=0.0, Q=0.0 (fn)
2026-09-22 18:07:33,916 INFO: Plan 2: ḡ=0, γE[v]=0.0, Q=0.0 (fn)
2026-09-22 18:07:33,917 INFO: Plan 0: ḡ=0.5, γE[v]=0.0, Q=0.5 (bayes)
2026-09-22 18:07:33,917 INFO: Plan 1: ḡ=0.0, γE[v]=0.2, Q=0.2 (bayes)
2026-09-22 18:07:33,917 INFO: Plan 2: ḡ=0.0, γE[v]=0.2, Q=0.2 (bayes)
2026-09-22 18:07:33,985 INFO: Retrying request to /chat/completions in 0.407941 seconds
2026-09-22 18:07:34,714 INFO: Retrying request to /chat/completions in 0.388478 seconds
2026-09-22 18:07:35,217 INFO: Plan 0: ḡ=43, γE[v]=0.0, Q=43.0 (fn)
2026-09-22 18:07:35,385 INFO: Plan 2: ḡ=123, γE[v]=0.0, Q=123.0 (fn)
2026-09-22 18:07:35,772 INFO: Plan 1: ḡ=149, γE[v]=0.0, Q=149.0 (fn)
2026-09-22 18:07:35,773 INFO: Plan 0: ḡ=21.5, γE[v]=21.2, Q=42.8 (bayes)
2026-09-22 18:07:35,773 INFO: Plan 1: ḡ=57.2, γE[v]=3.4, Q=60.6 (bayes)
2026-09-22 18:07:35,773 INFO: Plan 2: ḡ=41.0, γE[v]=11.5, Q=52.5 (bayes)
2026-09-22 18:07:39,626 INFO: Retrying request to /chat/completions in 0.486084 seconds
2026-09-22 18:07:41,022 INFO: Plan 1: ḡ=0, γE[v]=0.0, Q=0.0 (fn)
2026-09-22 18:07:41,117 INFO: Plan 0: ḡ=0, γE[v]=0.0, Q=0.0 (fn)
2026-09-22 18:07:42,505 INFO: Plan 1: ḡ=19, γE[v]=0.0, Q=19.0 (fn)
2026-09-22 18:07:42,529 INFO: Plan 0: ḡ=1, γE[v]=0.0, Q=1.0 (fn)
2026-09-22 18:07:42,566 INFO: Plan 2: ḡ=17, γE[v]=0.0, Q=17.0 (fn)
2026-09-22 18:07:42,566 INFO: Plan 0: ḡ=0.5, γE[v]=3.2, Q=3.7 (bayes)
2026-09-22 18:07:42,567 INFO: Plan 1: ḡ=6.3, γE[v]=0.2, Q=6.6 (bayes)
2026-09-22 18:07:42,567 INFO: Plan 2: ḡ=5.7, γE[v]=0.6, Q=6.2 (bayes)
2026-09-22 18:07:43,006 INFO: Plan 2: ḡ=0, γE[v]=0.0, Q=0.0 (fn)
2026-09-22 18:07:43,007 INFO: Plan 0: ḡ=0.0, γE[v]=0.0, Q=0.0 (bayes)
2026-09-22 18:07:43,007 INFO: Plan 1: ḡ=0.0, γE[v]=0.0, Q=0.0 (bayes)
2026-09-22 18:07:43,007 INFO: Plan 2: ḡ=0.0, γE[v]=0.0, Q=0.0 (bayes)
2026-09-22 18:07:48,936 INFO: Plan 2: ḡ=0, γE[v]=0.0, Q=0.0 (fn)
2026-09-22 18:07:49,142 INFO: Plan 0: ḡ=0, γE[v]=0.0, Q=0.0 (fn)
2026-09-22 18:07:49,379 INFO: Plan 0: ḡ=1, γE[v]=0.0, Q=1.0 (fn)
2026-09-22 18:07:49,469 INFO: Plan 1: ḡ=0, γE[v]=0.0, Q=0.0 (fn)
2026-09-22 18:07:49,577 INFO: Plan 2: ḡ=0, γE[v]=0.0, Q=0.0 (fn)
2026-09-22 18:07:49,578 INFO: Plan 0: ḡ=0.5, γE[v]=0.0, Q=0.5 (bayes)
2026-09-22 18:07:49,578 INFO: Plan 1: ḡ=0.0, γE[v]=0.2, Q=0.2 (bayes)
2026-09-22 18:07:49,578 INFO: Plan 2: ḡ=0.0, γE[v]=0.2, Q=0.2 (bayes)
2026-09-22 18:07:49,889 INFO: Plan 1: ḡ=0, γE[v]=0.0, Q=0.0 (fn)
2026-09-22 18:07:49,890 INFO: Plan 0: ḡ=0.0, γE[v]=0.0, Q=0.0 (bayes)
2026-09-22 18:07:49,890 INFO: Plan 1: ḡ=0.0, γE[v]=0.0, Q=0.0 (bayes)
2026-09-22 18:07:49,890 INFO: Plan 2: ḡ=0.0, γE[v]=0.0, Q=0.0 (bayes)
  [15/93] requests.sessions seed=42: {'random': 12, 'greedy': 22, 'cov_greedy': 64, 'covqvalue2': 80}
2026-09-22 18:07:58,764 INFO: Plan 1: ḡ=0, γE[v]=0.0, Q=0.0 (fn)
2026-09-22 18:07:58,842 INFO: Plan 2: ḡ=0, γE[v]=0.0, Q=0.0 (fn)
2026-09-22 18:07:59,294 INFO: Plan 0: ḡ=0, γE[v]=0.0, Q=0.0 (fn)
2026-09-22 18:07:59,295 INFO: Plan 0: ḡ=0.0, γE[v]=0.0, Q=0.0 (bayes)
2026-09-22 18:07:59,295 INFO: Plan 1: ḡ=0.0, γE[v]=0.0, Q=0.0 (bayes)
2026-09-22 18:07:59,295 INFO: Plan 2: ḡ=0.0, γE[v]=0.0, Q=0.0 (bayes)
2026-09-22 18:08:01,369 INFO: Retrying request to /chat/completions in 0.489133 seconds
2026-09-22 18:08:02,709 INFO: Retrying request to /chat/completions in 0.496275 seconds
2026-09-22 18:08:03,819 INFO: Retrying request to /chat/completions in 0.436831 seconds
2026-09-22 18:08:05,947 INFO: Plan 1: ḡ=0, γE[v]=0.0, Q=0.0 (fn)
2026-09-22 18:08:06,666 INFO: Plan 2: ḡ=0, γE[v]=0.0, Q=0.0 (fn)
2026-09-22 18:08:09,820 INFO: Plan 0: ḡ=0, γE[v]=0.0, Q=0.0 (fn)
2026-09-22 18:08:09,820 INFO: Plan 0: ḡ=0.0, γE[v]=0.0, Q=0.0 (bayes)
2026-09-22 18:08:09,821 INFO: Plan 1: ḡ=0.0, γE[v]=0.0, Q=0.0 (bayes)
2026-09-22 18:08:09,821 INFO: Plan 2: ḡ=0.0, γE[v]=0.0, Q=0.0 (bayes)
2026-09-22 18:08:16,520 INFO: Plan 0: ḡ=0, γE[v]=0.0, Q=0.0 (fn)
2026-09-22 18:08:16,642 INFO: Plan 1: ḡ=0, γE[v]=0.0, Q=0.0 (fn)
2026-09-22 18:08:17,389 INFO: Plan 2: ḡ=0, γE[v]=0.0, Q=0.0 (fn)
2026-09-22 18:08:17,389 INFO: Plan 0: ḡ=0.0, γE[v]=0.0, Q=0.0 (bayes)
2026-09-22 18:08:17,389 INFO: Plan 1: ḡ=0.0, γE[v]=0.0, Q=0.0 (bayes)
2026-09-22 18:08:17,389 INFO: Plan 2: ḡ=0.0, γE[v]=0.0, Q=0.0 (bayes)
2026-09-22 18:08:24,430 INFO: Plan 1: ḡ=0, γE[v]=0.0, Q=0.0 (fn)
2026-09-22 18:08:24,807 INFO: Plan 0: ḡ=0, γE[v]=0.0, Q=0.0 (fn)
2026-09-22 18:08:27,060 INFO: Plan 2: ḡ=0, γE[v]=0.0, Q=0.0 (fn)
2026-09-22 18:08:27,060 INFO: Plan 0: ḡ=0.0, γE[v]=0.0, Q=0.0 (bayes)
2026-09-22 18:08:27,060 INFO: Plan 1: ḡ=0.0, γE[v]=0.0, Q=0.0 (bayes)
2026-09-22 18:08:27,060 INFO: Plan 2: ḡ=0.0, γE[v]=0.0, Q=0.0 (bayes)
  [16/93] requests.auth seed=42: {'random': 4, 'greedy': 4, 'cov_greedy': 80, 'covqvalue2': 89}
2026-09-22 18:09:11,613 INFO: Plan 1: ḡ=231, γE[v]=0.0, Q=231.0 (fn)
2026-09-22 18:09:11,947 INFO: Plan 0: ḡ=66, γE[v]=135.5, Q=201.5 (fn)
2026-09-22 18:09:11,964 INFO: Plan 2: ḡ=259, γE[v]=96.5, Q=355.5 (fn)
2026-09-22 18:09:11,965 INFO: Plan 0: ḡ=33.0, γE[v]=126.1, Q=159.1 (bayes)
2026-09-22 18:09:11,965 INFO: Plan 1: ḡ=115.5, γE[v]=78.8, Q=194.2 (bayes)
2026-09-22 18:09:11,965 INFO: Plan 2: ḡ=129.5, γE[v]=76.1, Q=205.6 (bayes)
2026-09-22 18:09:18,253 INFO: Plan 2: ḡ=132, γE[v]=0.0, Q=132.0 (fn)
2026-09-22 18:09:18,316 INFO: Plan 1: ḡ=140, γE[v]=11.5, Q=151.5 (fn)
2026-09-22 18:09:18,323 INFO: Plan 0: ḡ=54, γE[v]=8.0, Q=62.0 (fn)
2026-09-22 18:09:18,324 INFO: Plan 0: ḡ=22.5, γE[v]=43.3, Q=65.8 (bayes)
2026-09-22 18:09:18,324 INFO: Plan 1: ḡ=50.0, γE[v]=29.8, Q=79.8 (bayes)
2026-09-22 18:09:18,324 INFO: Plan 2: ḡ=48.8, γE[v]=29.8, Q=78.6 (bayes)
2026-09-22 18:09:24,874 INFO: Plan 2: ḡ=73, γE[v]=0.0, Q=73.0 (fn)
2026-09-22 18:09:25,298 INFO: Plan 1: ḡ=117, γE[v]=0.0, Q=117.0 (fn)
2026-09-22 18:09:25,843 INFO: Plan 0: ḡ=29, γE[v]=0.0, Q=29.0 (fn)
2026-09-22 18:09:25,844 INFO: Plan 0: ḡ=14.5, γE[v]=23.3, Q=37.8 (bayes)
2026-09-22 18:09:25,844 INFO: Plan 1: ḡ=35.6, γE[v]=12.8, Q=48.3 (bayes)
2026-09-22 18:09:25,844 INFO: Plan 2: ḡ=23.6, γE[v]=18.8, Q=42.3 (bayes)
2026-09-22 18:09:31,187 INFO: Plan 2: ḡ=13, γE[v]=0.0, Q=13.0 (fn)
2026-09-22 18:09:31,439 INFO: Plan 1: ḡ=16, γE[v]=0.0, Q=16.0 (fn)
2026-09-22 18:09:31,575 INFO: Plan 0: ḡ=22, γE[v]=0.0, Q=22.0 (fn)
2026-09-22 18:09:31,576 INFO: Plan 0: ḡ=11.0, γE[v]=7.2, Q=18.2 (bayes)
2026-09-22 18:09:31,576 INFO: Plan 1: ḡ=8.0, γE[v]=8.8, Q=16.8 (bayes)
2026-09-22 18:09:31,576 INFO: Plan 2: ḡ=6.5, γE[v]=9.5, Q=16.0 (bayes)
2026-09-22 18:09:37,168 INFO: Plan 0: ḡ=5, γE[v]=0.0, Q=5.0 (fn)
2026-09-22 18:09:37,355 INFO: Plan 2: ḡ=8, γE[v]=0.0, Q=8.0 (fn)
2026-09-22 18:09:37,739 INFO: Plan 1: ḡ=16, γE[v]=0.0, Q=16.0 (fn)
2026-09-22 18:09:37,739 INFO: Plan 0: ḡ=2.5, γE[v]=6.0, Q=8.5 (bayes)
2026-09-22 18:09:37,739 INFO: Plan 1: ḡ=8.0, γE[v]=3.2, Q=11.2 (bayes)
2026-09-22 18:09:37,739 INFO: Plan 2: ḡ=4.0, γE[v]=5.2, Q=9.2 (bayes)
2026-09-22 18:09:42,964 INFO: Plan 1: ḡ=1, γE[v]=0.0, Q=1.0 (fn)
2026-09-22 18:09:43,088 INFO: Plan 0: ḡ=4, γE[v]=0.0, Q=4.0 (fn)
2026-09-22 18:09:43,154 INFO: Plan 2: ḡ=8, γE[v]=0.0, Q=8.0 (fn)
2026-09-22 18:09:43,154 INFO: Plan 0: ḡ=2.0, γE[v]=2.2, Q=4.2 (bayes)
2026-09-22 18:09:43,154 INFO: Plan 1: ḡ=0.5, γE[v]=3.0, Q=3.5 (bayes)
2026-09-22 18:09:43,154 INFO: Plan 2: ḡ=4.0, γE[v]=1.2, Q=5.2 (bayes)
2026-09-22 18:09:51,883 INFO: Plan 1: ḡ=1, γE[v]=0.0, Q=1.0 (fn)
2026-09-22 18:09:51,949 INFO: Plan 0: ḡ=4, γE[v]=0.0, Q=4.0 (fn)
2026-09-22 18:09:51,954 INFO: Plan 2: ḡ=0, γE[v]=0.0, Q=0.0 (fn)
2026-09-22 18:09:51,955 INFO: Plan 0: ḡ=2.0, γE[v]=0.2, Q=2.2 (bayes)
2026-09-22 18:09:51,955 INFO: Plan 1: ḡ=0.5, γE[v]=1.0, Q=1.5 (bayes)
2026-09-22 18:09:51,955 INFO: Plan 2: ḡ=0.0, γE[v]=1.2, Q=1.2 (bayes)
2026-09-22 18:09:58,825 INFO: Plan 2: ḡ=0, γE[v]=0.0, Q=0.0 (fn)
2026-09-22 18:09:58,955 INFO: Plan 0: ḡ=1, γE[v]=0.0, Q=1.0 (fn)
2026-09-22 18:09:59,519 INFO: Plan 1: ḡ=0, γE[v]=0.0, Q=0.0 (fn)
2026-09-22 18:09:59,519 INFO: Plan 0: ḡ=0.5, γE[v]=0.0, Q=0.5 (bayes)
2026-09-22 18:09:59,519 INFO: Plan 1: ḡ=0.0, γE[v]=0.2, Q=0.2 (bayes)
2026-09-22 18:09:59,519 INFO: Plan 2: ḡ=0.0, γE[v]=0.2, Q=0.2 (bayes)
  [17/93] flask.app seed=42: {'random': 2, 'greedy': 5, 'cov_greedy': 102, 'covqvalue2': 110}
2026-09-22 18:10:06,298 INFO: Plan 1: ḡ=73, γE[v]=0.0, Q=73.0 (fn)
2026-09-22 18:10:06,357 INFO: Plan 2: ḡ=77, γE[v]=0.0, Q=77.0 (fn)
2026-09-22 18:10:08,601 INFO: Plan 0: ḡ=105, γE[v]=0.0, Q=105.0 (fn)
2026-09-22 18:10:08,602 INFO: Plan 0: ḡ=52.5, γE[v]=15.0, Q=67.5 (bayes)
2026-09-22 18:10:08,602 INFO: Plan 1: ḡ=36.5, γE[v]=23.0, Q=59.5 (bayes)
2026-09-22 18:10:08,602 INFO: Plan 2: ḡ=38.5, γE[v]=22.0, Q=60.5 (bayes)
2026-09-22 18:10:13,420 INFO: Plan 2: ḡ=113, γE[v]=0.0, Q=113.0 (fn)
2026-09-22 18:10:13,454 INFO: Plan 0: ḡ=190, γE[v]=77.5, Q=267.5 (fn)
2026-09-22 18:10:13,924 INFO: Plan 1: ḡ=131, γE[v]=28.0, Q=159.0 (fn)
2026-09-22 18:10:13,925 INFO: Plan 0: ḡ=95.0, γE[v]=112.2, Q=207.2 (bayes)
2026-09-22 18:10:13,925 INFO: Plan 1: ḡ=65.5, γE[v]=124.8, Q=190.3 (bayes)
2026-09-22 18:10:13,925 INFO: Plan 2: ḡ=56.5, γE[v]=128.0, Q=184.5 (bayes)
2026-09-22 18:10:16,123 INFO: Plan 1: ḡ=29, γE[v]=0.0, Q=29.0 (fn)
2026-09-22 18:10:16,215 INFO: Plan 0: ḡ=9, γE[v]=0.0, Q=9.0 (fn)
2026-09-22 18:10:21,097 INFO: Plan 1: ḡ=142, γE[v]=0.0, Q=142.0 (fn)
2026-09-22 18:10:21,272 INFO: Plan 0: ḡ=88, γE[v]=0.0, Q=88.0 (fn)
2026-09-22 18:10:21,341 INFO: Plan 2: ḡ=155, γE[v]=35.0, Q=190.0 (fn)
2026-09-22 18:10:21,342 INFO: Plan 0: ḡ=32.5, γE[v]=76.2, Q=108.8 (bayes)
2026-09-22 18:10:21,342 INFO: Plan 1: ḡ=65.2, γE[v]=59.9, Q=125.1 (bayes)
2026-09-22 18:10:21,342 INFO: Plan 2: ḡ=65.5, γE[v]=61.7, Q=127.2 (bayes)
2026-09-22 18:10:28,310 INFO: Plan 2: ḡ=110, γE[v]=0.0, Q=110.0 (fn)
2026-09-22 18:10:28,503 INFO: Plan 1: ḡ=112, γE[v]=0.0, Q=112.0 (fn)
2026-09-22 18:10:28,708 INFO: Plan 2: ḡ=32, γE[v]=0.0, Q=32.0 (fn)
2026-09-22 18:10:28,708 INFO: Plan 0: ḡ=4.5, γE[v]=12.8, Q=17.2 (bayes)
2026-09-22 18:10:28,708 INFO: Plan 1: ḡ=14.5, γE[v]=7.8, Q=22.2 (bayes)
2026-09-22 18:10:28,708 INFO: Plan 2: ḡ=16.0, γE[v]=7.0, Q=23.0 (bayes)
2026-09-22 18:10:31,248 INFO: Plan 0: ḡ=62, γE[v]=0.0, Q=62.0 (fn)
2026-09-22 18:10:31,249 INFO: Plan 0: ḡ=25.3, γE[v]=48.3, Q=73.6 (bayes)
2026-09-22 18:10:31,249 INFO: Plan 1: ḡ=51.8, γE[v]=35.0, Q=86.9 (bayes)
2026-09-22 18:10:31,249 INFO: Plan 2: ḡ=38.6, γE[v]=41.7, Q=80.2 (bayes)
2026-09-22 18:10:33,394 INFO: Plan 2: ḡ=19, γE[v]=0.0, Q=19.0 (fn)
2026-09-22 18:10:33,414 INFO: Plan 0: ḡ=8, γE[v]=0.0, Q=8.0 (fn)
2026-09-22 18:10:33,543 INFO: Plan 1: ḡ=20, γE[v]=0.0, Q=20.0 (fn)
2026-09-22 18:10:33,543 INFO: Plan 0: ḡ=4.0, γE[v]=5.0, Q=9.0 (bayes)
2026-09-22 18:10:33,544 INFO: Plan 1: ḡ=10.0, γE[v]=2.0, Q=12.0 (bayes)
2026-09-22 18:10:33,544 INFO: Plan 2: ḡ=9.5, γE[v]=2.2, Q=11.8 (bayes)
2026-09-22 18:10:37,857 INFO: Plan 2: ḡ=1, γE[v]=0.0, Q=1.0 (fn)
2026-09-22 18:10:37,914 INFO: Plan 1: ḡ=114, γE[v]=0.0, Q=114.0 (fn)
2026-09-22 18:10:38,076 INFO: Plan 0: ḡ=24, γE[v]=0.0, Q=24.0 (fn)
2026-09-22 18:10:38,076 INFO: Plan 0: ḡ=8.5, γE[v]=17.4, Q=25.9 (bayes)
2026-09-22 18:10:38,077 INFO: Plan 1: ḡ=34.2, γE[v]=4.5, Q=38.8 (bayes)
2026-09-22 18:10:38,077 INFO: Plan 2: ḡ=0.5, γE[v]=21.4, Q=21.9 (bayes)
2026-09-22 18:10:38,642 INFO: Plan 1: ḡ=4, γE[v]=0.0, Q=4.0 (fn)
2026-09-22 18:10:38,684 INFO: Plan 0: ḡ=4, γE[v]=0.0, Q=4.0 (fn)
2026-09-22 18:10:38,845 INFO: Plan 2: ḡ=0, γE[v]=0.0, Q=0.0 (fn)
2026-09-22 18:10:38,846 INFO: Plan 0: ḡ=2.0, γE[v]=1.0, Q=3.0 (bayes)
2026-09-22 18:10:38,846 INFO: Plan 1: ḡ=2.0, γE[v]=1.0, Q=3.0 (bayes)
2026-09-22 18:10:38,846 INFO: Plan 2: ḡ=0.0, γE[v]=2.0, Q=2.0 (bayes)
2026-09-22 18:10:46,386 INFO: Plan 2: ḡ=0, γE[v]=0.0, Q=0.0 (fn)
2026-09-22 18:10:46,408 INFO: Plan 1: ḡ=46, γE[v]=0.0, Q=46.0 (fn)
2026-09-22 18:10:46,713 INFO: Plan 0: ḡ=3, γE[v]=0.0, Q=3.0 (fn)
2026-09-22 18:10:46,719 INFO: Plan 0: ḡ=15, γE[v]=0.0, Q=15.0 (fn)
2026-09-22 18:10:46,720 INFO: Plan 0: ḡ=1.5, γE[v]=4.8, Q=6.2 (bayes)
2026-09-22 18:10:46,720 INFO: Plan 1: ḡ=9.5, γE[v]=0.8, Q=10.2 (bayes)
2026-09-22 18:10:46,720 INFO: Plan 2: ḡ=0.0, γE[v]=5.5, Q=5.5 (bayes)
2026-09-22 18:10:46,787 INFO: Plan 1: ḡ=133, γE[v]=0.0, Q=133.0 (fn)
2026-09-22 18:10:46,949 INFO: Plan 2: ḡ=109, γE[v]=13.5, Q=122.5 (fn)
2026-09-22 18:10:46,950 INFO: Plan 0: ḡ=7.5, γE[v]=36.5, Q=44.0 (bayes)
2026-09-22 18:10:46,950 INFO: Plan 1: ḡ=66.5, γE[v]=7.0, Q=73.5 (bayes)
2026-09-22 18:10:46,950 INFO: Plan 2: ḡ=54.5, γE[v]=13.6, Q=68.1 (bayes)
2026-09-22 18:10:47,152 INFO: Plan 2: ḡ=4, γE[v]=0.0, Q=4.0 (fn)
2026-09-22 18:10:47,342 INFO: Plan 1: ḡ=4, γE[v]=0.0, Q=4.0 (fn)
2026-09-22 18:10:47,379 INFO: Plan 0: ḡ=4, γE[v]=0.0, Q=4.0 (fn)
2026-09-22 18:10:47,380 INFO: Plan 0: ḡ=2.0, γE[v]=0.0, Q=2.0 (bayes)
2026-09-22 18:10:47,380 INFO: Plan 1: ḡ=2.0, γE[v]=0.0, Q=2.0 (bayes)
2026-09-22 18:10:47,380 INFO: Plan 2: ḡ=2.0, γE[v]=0.0, Q=2.0 (bayes)
2026-09-22 18:10:52,529 INFO: Plan 0: ḡ=10, γE[v]=0.0, Q=10.0 (fn)
2026-09-22 18:10:52,643 INFO: Plan 0: ḡ=4, γE[v]=0.0, Q=4.0 (fn)
2026-09-22 18:10:52,745 INFO: Plan 1: ḡ=0, γE[v]=0.0, Q=0.0 (fn)
2026-09-22 18:10:52,780 INFO: Plan 2: ḡ=4, γE[v]=0.0, Q=4.0 (fn)
2026-09-22 18:10:52,781 INFO: Plan 0: ḡ=1.3, γE[v]=0.0, Q=1.3 (bayes)
2026-09-22 18:10:52,781 INFO: Plan 1: ḡ=0.0, γE[v]=0.7, Q=0.7 (bayes)
2026-09-22 18:10:52,781 INFO: Plan 2: ḡ=1.3, γE[v]=0.0, Q=1.3 (bayes)
2026-09-22 18:10:54,293 INFO: Plan 2: ḡ=1, γE[v]=0.0, Q=1.0 (fn)
2026-09-22 18:10:54,306 INFO: Plan 1: ḡ=1, γE[v]=0.0, Q=1.0 (fn)
2026-09-22 18:10:54,478 INFO: Plan 0: ḡ=2, γE[v]=0.0, Q=2.0 (fn)
2026-09-22 18:10:54,478 INFO: Plan 0: ḡ=1.0, γE[v]=0.4, Q=1.4 (bayes)
2026-09-22 18:10:54,478 INFO: Plan 1: ḡ=0.5, γE[v]=0.7, Q=1.2 (bayes)
2026-09-22 18:10:54,478 INFO: Plan 2: ḡ=0.3, γE[v]=0.8, Q=1.1 (bayes)
2026-09-22 18:10:55,803 INFO: Plan 1: ḡ=11, γE[v]=0.0, Q=11.0 (fn)
2026-09-22 18:10:56,187 INFO: Plan 2: ḡ=11, γE[v]=0.0, Q=11.0 (fn)
2026-09-22 18:10:56,188 INFO: Plan 0: ḡ=5.0, γE[v]=4.5, Q=9.5 (bayes)
2026-09-22 18:10:56,188 INFO: Plan 1: ḡ=5.5, γE[v]=4.2, Q=9.8 (bayes)
2026-09-22 18:10:56,188 INFO: Plan 2: ḡ=5.5, γE[v]=4.2, Q=9.8 (bayes)
2026-09-22 18:10:59,749 INFO: Plan 0: ḡ=0, γE[v]=0.0, Q=0.0 (fn)
2026-09-22 18:10:59,757 INFO: Plan 2: ḡ=0, γE[v]=0.0, Q=0.0 (fn)
2026-09-22 18:10:59,845 INFO: Plan 1: ḡ=1, γE[v]=0.0, Q=1.0 (fn)
2026-09-22 18:11:00,117 INFO: Plan 0: ḡ=1, γE[v]=0.0, Q=1.0 (fn)
2026-09-22 18:11:00,468 INFO: Plan 2: ḡ=0, γE[v]=0.0, Q=0.0 (fn)
2026-09-22 18:11:00,468 INFO: Plan 0: ḡ=0.5, γE[v]=0.2, Q=0.7 (bayes)
2026-09-22 18:11:00,468 INFO: Plan 1: ḡ=0.3, γE[v]=0.2, Q=0.6 (bayes)
2026-09-22 18:11:00,469 INFO: Plan 2: ḡ=0.0, γE[v]=0.4, Q=0.4 (bayes)
2026-09-22 18:11:02,993 INFO: Plan 1: ḡ=0, γE[v]=0.0, Q=0.0 (fn)
2026-09-22 18:11:02,994 INFO: Plan 0: ḡ=0.0, γE[v]=0.0, Q=0.0 (bayes)
2026-09-22 18:11:02,994 INFO: Plan 1: ḡ=0.0, γE[v]=0.0, Q=0.0 (bayes)
2026-09-22 18:11:02,994 INFO: Plan 2: ḡ=0.0, γE[v]=0.0, Q=0.0 (bayes)
2026-09-22 18:11:03,909 INFO: Plan 2: ḡ=8, γE[v]=0.0, Q=8.0 (fn)
2026-09-22 18:11:04,157 INFO: Plan 1: ḡ=5, γE[v]=0.0, Q=5.0 (fn)
2026-09-22 18:11:05,212 INFO: Plan 0: ḡ=8, γE[v]=0.0, Q=8.0 (fn)
2026-09-22 18:11:05,213 INFO: Plan 0: ḡ=4.0, γE[v]=2.9, Q=6.9 (bayes)
2026-09-22 18:11:05,213 INFO: Plan 1: ḡ=1.8, γE[v]=4.0, Q=5.8 (bayes)
2026-09-22 18:11:05,213 INFO: Plan 2: ḡ=4.0, γE[v]=2.9, Q=6.9 (bayes)
2026-09-22 18:11:07,540 INFO: Plan 0: ḡ=1, γE[v]=0.0, Q=1.0 (fn)
2026-09-22 18:11:07,743 INFO: Plan 2: ḡ=0, γE[v]=0.0, Q=0.0 (fn)
2026-09-22 18:11:07,881 INFO: Plan 1: ḡ=0, γE[v]=0.0, Q=0.0 (fn)
2026-09-22 18:11:07,881 INFO: Plan 0: ḡ=0.3, γE[v]=0.0, Q=0.3 (bayes)
2026-09-22 18:11:07,882 INFO: Plan 1: ḡ=0.0, γE[v]=0.2, Q=0.2 (bayes)
2026-09-22 18:11:07,882 INFO: Plan 2: ḡ=0.0, γE[v]=0.2, Q=0.2 (bayes)
2026-09-22 18:11:08,684 INFO: Plan 0: ḡ=0, γE[v]=0.0, Q=0.0 (fn)
2026-09-22 18:11:08,692 INFO: Plan 1: ḡ=0, γE[v]=0.0, Q=0.0 (fn)
2026-09-22 18:11:08,751 INFO: Plan 2: ḡ=0, γE[v]=0.0, Q=0.0 (fn)
2026-09-22 18:11:08,752 INFO: Plan 0: ḡ=0.0, γE[v]=0.0, Q=0.0 (bayes)
2026-09-22 18:11:08,752 INFO: Plan 1: ḡ=0.0, γE[v]=0.0, Q=0.0 (bayes)
2026-09-22 18:11:08,752 INFO: Plan 2: ḡ=0.0, γE[v]=0.0, Q=0.0 (bayes)
  [18/93] flask.cli seed=42: {'random': 57, 'greedy': 68, 'cov_greedy': 141, 'covqvalue2': 163}
  [19/93] flask.helpers seed=42: {'random': 4, 'greedy': 4, 'cov_greedy': 27, 'covqvalue2': 31}
2026-09-22 18:11:11,756 INFO: Plan 0: ḡ=8, γE[v]=0.0, Q=8.0 (fn)
2026-09-22 18:11:11,759 INFO: Plan 2: ḡ=8, γE[v]=0.0, Q=8.0 (fn)
2026-09-22 18:11:11,762 INFO: Plan 1: ḡ=5, γE[v]=0.0, Q=5.0 (fn)
2026-09-22 18:11:11,762 INFO: Plan 0: ḡ=4.0, γE[v]=0.9, Q=4.9 (bayes)
2026-09-22 18:11:11,763 INFO: Plan 1: ḡ=1.8, γE[v]=2.0, Q=3.8 (bayes)
2026-09-22 18:11:11,763 INFO: Plan 2: ḡ=4.0, γE[v]=0.9, Q=4.9 (bayes)
2026-09-22 18:11:16,175 INFO: Plan 2: ḡ=0, γE[v]=0.0, Q=0.0 (fn)
2026-09-22 18:11:16,248 INFO: Plan 0: ḡ=8, γE[v]=0.0, Q=8.0 (fn)
2026-09-22 18:11:16,301 INFO: Plan 1: ḡ=5, γE[v]=0.0, Q=5.0 (fn)
2026-09-22 18:11:16,301 INFO: Plan 0: ḡ=2.7, γE[v]=0.9, Q=3.6 (bayes)
2026-09-22 18:11:16,301 INFO: Plan 1: ḡ=1.8, γE[v]=1.3, Q=3.2 (bayes)
2026-09-22 18:11:16,301 INFO: Plan 2: ḡ=0.0, γE[v]=2.2, Q=2.2 (bayes)
2026-09-22 18:11:21,719 INFO: Plan 0: ḡ=5, γE[v]=0.0, Q=5.0 (fn)
2026-09-22 18:11:21,758 INFO: Plan 1: ḡ=4, γE[v]=0.0, Q=4.0 (fn)
2026-09-22 18:11:22,205 INFO: Plan 2: ḡ=0, γE[v]=0.0, Q=0.0 (fn)
2026-09-22 18:11:22,206 INFO: Plan 0: ḡ=1.8, γE[v]=0.0, Q=1.8 (bayes)
2026-09-22 18:11:22,206 INFO: Plan 1: ḡ=1.3, γE[v]=0.2, Q=1.6 (bayes)
2026-09-22 18:11:22,206 INFO: Plan 2: ḡ=0.0, γE[v]=0.9, Q=0.9 (bayes)
2026-09-22 18:11:22,761 INFO: Retrying request to /chat/completions in 0.475145 seconds
2026-09-22 18:11:31,428 INFO: Plan 1: ḡ=68, γE[v]=0.0, Q=68.0 (fn)
2026-09-22 18:11:31,794 INFO: Plan 2: ḡ=36, γE[v]=33.0, Q=69.0 (fn)
2026-09-22 18:11:32,105 INFO: Plan 0: ḡ=11, γE[v]=50.0, Q=61.0 (fn)
2026-09-22 18:11:32,105 INFO: Plan 0: ḡ=5.5, γE[v]=27.3, Q=32.8 (bayes)
2026-09-22 18:11:32,105 INFO: Plan 1: ḡ=34.0, γE[v]=10.8, Q=44.8 (bayes)
2026-09-22 18:11:32,105 INFO: Plan 2: ḡ=18.0, γE[v]=20.2, Q=38.2 (bayes)
2026-09-22 18:11:32,446 INFO: Plan 1: ḡ=0, γE[v]=0.0, Q=0.0 (fn)
2026-09-22 18:11:32,466 INFO: Plan 2: ḡ=0, γE[v]=0.0, Q=0.0 (fn)
2026-09-22 18:11:32,727 INFO: Plan 0: ḡ=0, γE[v]=0.0, Q=0.0 (fn)
2026-09-22 18:11:32,727 INFO: Plan 0: ḡ=0.0, γE[v]=0.0, Q=0.0 (bayes)
2026-09-22 18:11:32,727 INFO: Plan 1: ḡ=0.0, γE[v]=0.0, Q=0.0 (bayes)
2026-09-22 18:11:32,727 INFO: Plan 2: ḡ=0.0, γE[v]=0.0, Q=0.0 (bayes)
2026-09-22 18:11:38,354 INFO: Plan 1: ḡ=0, γE[v]=0.0, Q=0.0 (fn)
2026-09-22 18:11:38,426 INFO: Plan 0: ḡ=0, γE[v]=0.0, Q=0.0 (fn)
2026-09-22 18:11:38,445 INFO: Plan 2: ḡ=0, γE[v]=0.0, Q=0.0 (fn)
2026-09-22 18:11:38,446 INFO: Plan 0: ḡ=0.0, γE[v]=0.0, Q=0.0 (bayes)
2026-09-22 18:11:38,446 INFO: Plan 1: ḡ=0.0, γE[v]=0.0, Q=0.0 (bayes)
2026-09-22 18:11:38,446 INFO: Plan 2: ḡ=0.0, γE[v]=0.0, Q=0.0 (bayes)
2026-09-22 18:11:40,260 INFO: Plan 1: ḡ=21, γE[v]=0.0, Q=21.0 (fn)
2026-09-22 18:11:40,408 INFO: Plan 2: ḡ=13, γE[v]=0.0, Q=13.0 (fn)
  [20/93] flask.ctx seed=42: {'random': 1, 'greedy': 1, 'cov_greedy': 74, 'covqvalue2': 82}
2026-09-22 18:11:41,756 INFO: Plan 0: ḡ=7, γE[v]=0.0, Q=7.0 (fn)
2026-09-22 18:11:41,756 INFO: Plan 0: ḡ=3.5, γE[v]=8.5, Q=12.0 (bayes)
2026-09-22 18:11:41,756 INFO: Plan 1: ḡ=10.5, γE[v]=5.0, Q=15.5 (bayes)
2026-09-22 18:11:41,756 INFO: Plan 2: ḡ=6.5, γE[v]=7.0, Q=13.5 (bayes)
2026-09-22 18:11:48,360 INFO: Plan 2: ḡ=7, γE[v]=0.0, Q=7.0 (fn)
2026-09-22 18:11:48,517 INFO: Plan 1: ḡ=13, γE[v]=0.0, Q=13.0 (fn)
2026-09-22 18:11:48,937 INFO: Plan 0: ḡ=7, γE[v]=0.0, Q=7.0 (fn)
2026-09-22 18:11:48,937 INFO: Plan 0: ḡ=3.5, γE[v]=3.2, Q=6.8 (bayes)
2026-09-22 18:11:48,937 INFO: Plan 1: ḡ=6.5, γE[v]=1.8, Q=8.2 (bayes)
2026-09-22 18:11:48,938 INFO: Plan 2: ḡ=3.5, γE[v]=3.2, Q=6.8 (bayes)
2026-09-22 18:11:54,110 INFO: Plan 1: ḡ=7, γE[v]=0.0, Q=7.0 (fn)
2026-09-22 18:11:54,144 INFO: Plan 0: ḡ=7, γE[v]=0.0, Q=7.0 (fn)
2026-09-22 18:11:54,238 INFO: Plan 2: ḡ=7, γE[v]=0.0, Q=7.0 (fn)
2026-09-22 18:11:54,239 INFO: Plan 0: ḡ=3.5, γE[v]=0.0, Q=3.5 (bayes)
2026-09-22 18:11:54,239 INFO: Plan 1: ḡ=3.5, γE[v]=0.0, Q=3.5 (bayes)
2026-09-22 18:11:54,239 INFO: Plan 2: ḡ=3.5, γE[v]=0.0, Q=3.5 (bayes)
2026-09-22 18:11:57,627 INFO: Retrying request to /chat/completions in 0.443849 seconds
2026-09-22 18:12:00,532 INFO: Plan 2: ḡ=0, γE[v]=0.0, Q=0.0 (fn)
2026-09-22 18:12:00,848 INFO: Plan 0: ḡ=0, γE[v]=0.0, Q=0.0 (fn)
2026-09-22 18:12:00,862 INFO: Plan 1: ḡ=0, γE[v]=0.0, Q=0.0 (fn)
2026-09-22 18:12:00,863 INFO: Plan 0: ḡ=0.0, γE[v]=0.0, Q=0.0 (bayes)
2026-09-22 18:12:00,863 INFO: Plan 1: ḡ=0.0, γE[v]=0.0, Q=0.0 (bayes)
2026-09-22 18:12:00,863 INFO: Plan 2: ḡ=0.0, γE[v]=0.0, Q=0.0 (bayes)
2026-09-22 18:12:12,016 INFO: Plan 0: ḡ=0, γE[v]=0.0, Q=0.0 (fn)
2026-09-22 18:12:12,025 INFO: Plan 1: ḡ=0, γE[v]=0.0, Q=0.0 (fn)
2026-09-22 18:12:12,794 INFO: Plan 2: ḡ=0, γE[v]=0.0, Q=0.0 (fn)
2026-09-22 18:12:12,794 INFO: Plan 0: ḡ=0.0, γE[v]=0.0, Q=0.0 (bayes)
2026-09-22 18:12:12,794 INFO: Plan 1: ḡ=0.0, γE[v]=0.0, Q=0.0 (bayes)
2026-09-22 18:12:12,794 INFO: Plan 2: ḡ=0.0, γE[v]=0.0, Q=0.0 (bayes)
2026-09-22 18:12:19,067 INFO: Plan 0: ḡ=0, γE[v]=0.0, Q=0.0 (fn)
2026-09-22 18:12:19,206 INFO: Plan 1: ḡ=0, γE[v]=0.0, Q=0.0 (fn)
2026-09-22 18:12:19,244 INFO: Plan 2: ḡ=0, γE[v]=0.0, Q=0.0 (fn)
2026-09-22 18:12:19,245 INFO: Plan 0: ḡ=0.0, γE[v]=0.0, Q=0.0 (bayes)
2026-09-22 18:12:19,245 INFO: Plan 1: ḡ=0.0, γE[v]=0.0, Q=0.0 (bayes)
2026-09-22 18:12:19,245 INFO: Plan 2: ḡ=0.0, γE[v]=0.0, Q=0.0 (bayes)
2026-09-22 18:12:25,516 INFO: Plan 0: ḡ=0, γE[v]=0.0, Q=0.0 (fn)
2026-09-22 18:12:25,937 INFO: Plan 2: ḡ=0, γE[v]=0.0, Q=0.0 (fn)
2026-09-22 18:12:25,957 INFO: Plan 1: ḡ=0, γE[v]=0.0, Q=0.0 (fn)
2026-09-22 18:12:25,958 INFO: Plan 0: ḡ=0.0, γE[v]=0.0, Q=0.0 (bayes)
2026-09-22 18:12:25,958 INFO: Plan 1: ḡ=0.0, γE[v]=0.0, Q=0.0 (bayes)
2026-09-22 18:12:25,958 INFO: Plan 2: ḡ=0.0, γE[v]=0.0, Q=0.0 (bayes)
  [21/93] flask.config seed=42: {'random': 2, 'greedy': 3, 'cov_greedy': 46, 'covqvalue2': 69}
2026-09-22 18:12:38,511 INFO: Plan 0: ḡ=28, γE[v]=10.0, Q=38.0 (fn)
2026-09-22 18:12:38,531 INFO: Plan 2: ḡ=53, γE[v]=0.0, Q=53.0 (fn)
2026-09-22 18:12:40,764 INFO: Plan 1: ḡ=54, γE[v]=0.0, Q=54.0 (fn)
2026-09-22 18:12:40,765 INFO: Plan 0: ḡ=14.0, γE[v]=10.2, Q=24.2 (bayes)
2026-09-22 18:12:40,765 INFO: Plan 1: ḡ=27.0, γE[v]=3.2, Q=30.2 (bayes)
2026-09-22 18:12:40,765 INFO: Plan 2: ḡ=26.5, γE[v]=3.5, Q=30.0 (bayes)
2026-09-22 18:12:47,044 INFO: Plan 0: ḡ=7, γE[v]=0.0, Q=7.0 (fn)
2026-09-22 18:12:47,443 INFO: Plan 2: ḡ=5, γE[v]=0.0, Q=5.0 (fn)
2026-09-22 18:12:47,622 INFO: Plan 1: ḡ=7, γE[v]=0.0, Q=7.0 (fn)
2026-09-22 18:12:47,623 INFO: Plan 0: ḡ=2.8, γE[v]=1.8, Q=4.6 (bayes)
2026-09-22 18:12:47,623 INFO: Plan 1: ḡ=2.8, γE[v]=1.8, Q=4.6 (bayes)
2026-09-22 18:12:47,623 INFO: Plan 2: ḡ=2.5, γE[v]=1.9, Q=4.4 (bayes)
2026-09-22 18:12:53,460 INFO: Plan 2: ḡ=4, γE[v]=0.0, Q=4.0 (fn)
2026-09-22 18:12:53,777 INFO: Plan 1: ḡ=4, γE[v]=0.0, Q=4.0 (fn)
2026-09-22 18:12:53,826 INFO: Plan 0: ḡ=3, γE[v]=0.0, Q=3.0 (fn)
2026-09-22 18:12:53,827 INFO: Plan 0: ḡ=1.0, γE[v]=1.5, Q=2.5 (bayes)
2026-09-22 18:12:53,827 INFO: Plan 1: ḡ=2.0, γE[v]=1.0, Q=3.0 (bayes)
2026-09-22 18:12:53,827 INFO: Plan 2: ḡ=2.0, γE[v]=1.0, Q=3.0 (bayes)
2026-09-22 18:12:55,654 INFO: Plan 0: ḡ=12, γE[v]=0.0, Q=12.0 (fn)
2026-09-22 18:12:55,815 INFO: Plan 2: ḡ=87, γE[v]=0.0, Q=87.0 (fn)
2026-09-22 18:12:58,662 INFO: Plan 0: ḡ=3, γE[v]=0.0, Q=3.0 (fn)
2026-09-22 18:12:58,693 INFO: Plan 2: ḡ=2, γE[v]=0.0, Q=2.0 (fn)
2026-09-22 18:12:58,808 INFO: Plan 1: ḡ=3, γE[v]=0.0, Q=3.0 (fn)
2026-09-22 18:12:58,809 INFO: Plan 0: ḡ=1.0, γE[v]=0.5, Q=1.5 (bayes)
2026-09-22 18:12:58,809 INFO: Plan 1: ḡ=1.3, γE[v]=0.3, Q=1.7 (bayes)
2026-09-22 18:12:58,809 INFO: Plan 2: ḡ=1.0, γE[v]=0.5, Q=1.5 (bayes)
2026-09-22 18:12:59,311 INFO: Plan 1: ḡ=7, γE[v]=0.0, Q=7.0 (fn)
2026-09-22 18:12:59,311 INFO: Plan 0: ḡ=6.0, γE[v]=22.0, Q=28.0 (bayes)
2026-09-22 18:12:59,311 INFO: Plan 1: ḡ=3.5, γE[v]=23.2, Q=26.8 (bayes)
2026-09-22 18:12:59,311 INFO: Plan 2: ḡ=43.5, γE[v]=3.2, Q=46.8 (bayes)
2026-09-22 18:13:03,608 INFO: Plan 0: ḡ=3, γE[v]=0.0, Q=3.0 (fn)
2026-09-22 18:13:03,659 INFO: Plan 2: ḡ=3, γE[v]=0.0, Q=3.0 (fn)
2026-09-22 18:13:03,704 INFO: Plan 1: ḡ=3, γE[v]=0.0, Q=3.0 (fn)
2026-09-22 18:13:03,705 INFO: Plan 0: ḡ=0.9, γE[v]=0.0, Q=0.9 (bayes)
2026-09-22 18:13:03,705 INFO: Plan 1: ḡ=0.9, γE[v]=0.0, Q=0.9 (bayes)
2026-09-22 18:13:03,705 INFO: Plan 2: ḡ=0.9, γE[v]=0.0, Q=0.9 (bayes)
2026-09-22 18:13:04,870 INFO: Plan 2: ḡ=23, γE[v]=39.5, Q=62.5 (fn)
2026-09-22 18:13:04,969 INFO: Plan 1: ḡ=123, γE[v]=0.0, Q=123.0 (fn)
2026-09-22 18:13:06,962 INFO: Plan 0: ḡ=10, γE[v]=0.0, Q=10.0 (fn)
2026-09-22 18:13:07,034 INFO: Plan 2: ḡ=52, γE[v]=0.0, Q=52.0 (fn)
2026-09-22 18:13:07,136 INFO: Plan 1: ḡ=5, γE[v]=0.0, Q=5.0 (fn)
2026-09-22 18:13:07,136 INFO: Plan 0: ḡ=5.0, γE[v]=8.9, Q=13.9 (bayes)
2026-09-22 18:13:07,138 INFO: Plan 1: ḡ=1.8, γE[v]=10.5, Q=12.3 (bayes)
2026-09-22 18:13:07,138 INFO: Plan 2: ḡ=17.3, γE[v]=2.8, Q=20.1 (bayes)
2026-09-22 18:13:07,288 INFO: Plan 0: ḡ=93, γE[v]=22.5, Q=115.5 (fn)
2026-09-22 18:13:07,289 INFO: Plan 0: ḡ=46.5, γE[v]=12.3, Q=58.8 (bayes)
2026-09-22 18:13:07,289 INFO: Plan 1: ḡ=61.5, γE[v]=3.8, Q=65.2 (bayes)
2026-09-22 18:13:07,289 INFO: Plan 2: ḡ=11.5, γE[v]=30.5, Q=42.0 (bayes)
2026-09-22 18:13:08,248 INFO: Plan 2: ḡ=3, γE[v]=0.0, Q=3.0 (fn)
2026-09-22 18:13:08,485 INFO: Plan 0: ḡ=3, γE[v]=0.0, Q=3.0 (fn)
2026-09-22 18:13:08,572 INFO: Plan 1: ḡ=3, γE[v]=0.0, Q=3.0 (fn)
2026-09-22 18:13:08,572 INFO: Plan 0: ḡ=0.7, γE[v]=0.0, Q=0.7 (bayes)
2026-09-22 18:13:08,572 INFO: Plan 1: ḡ=0.7, γE[v]=0.0, Q=0.7 (bayes)
2026-09-22 18:13:08,573 INFO: Plan 2: ḡ=0.7, γE[v]=0.0, Q=0.7 (bayes)
2026-09-22 18:13:13,160 INFO: Plan 2: ḡ=1, γE[v]=0.0, Q=1.0 (fn)
2026-09-22 18:13:13,265 INFO: Plan 1: ḡ=6, γE[v]=0.0, Q=6.0 (fn)
2026-09-22 18:13:14,575 INFO: Plan 0: ḡ=4, γE[v]=0.0, Q=4.0 (fn)
2026-09-22 18:13:14,576 INFO: Plan 0: ḡ=2.0, γE[v]=1.8, Q=3.8 (bayes)
2026-09-22 18:13:14,576 INFO: Plan 1: ḡ=3.0, γE[v]=1.2, Q=4.2 (bayes)
2026-09-22 18:13:14,576 INFO: Plan 2: ḡ=0.5, γE[v]=2.5, Q=3.0 (bayes)
2026-09-22 18:13:14,639 INFO: Plan 1: ḡ=0, γE[v]=0.0, Q=0.0 (fn)
2026-09-22 18:13:14,665 INFO: Plan 0: ḡ=0, γE[v]=0.0, Q=0.0 (fn)
2026-09-22 18:13:14,879 INFO: Plan 2: ḡ=0, γE[v]=0.0, Q=0.0 (fn)
2026-09-22 18:13:14,880 INFO: Plan 0: ḡ=0.0, γE[v]=0.0, Q=0.0 (bayes)
2026-09-22 18:13:14,880 INFO: Plan 1: ḡ=0.0, γE[v]=0.0, Q=0.0 (bayes)
2026-09-22 18:13:14,880 INFO: Plan 2: ḡ=0.0, γE[v]=0.0, Q=0.0 (bayes)
2026-09-22 18:13:17,243 INFO: Plan 0: ḡ=30, γE[v]=0.0, Q=30.0 (fn)
2026-09-22 18:13:17,290 INFO: Plan 1: ḡ=6, γE[v]=0.0, Q=6.0 (fn)
2026-09-22 18:13:17,625 INFO: Plan 2: ḡ=9, γE[v]=0.0, Q=9.0 (fn)
2026-09-22 18:13:17,625 INFO: Plan 0: ḡ=10.0, γE[v]=3.2, Q=13.2 (bayes)
2026-09-22 18:13:17,625 INFO: Plan 1: ḡ=2.0, γE[v]=7.2, Q=9.2 (bayes)
2026-09-22 18:13:17,625 INFO: Plan 2: ḡ=4.5, γE[v]=6.0, Q=10.5 (bayes)
2026-09-22 18:13:21,117 INFO: Plan 0: ḡ=2, γE[v]=0.0, Q=2.0 (fn)
2026-09-22 18:13:21,127 INFO: Plan 1: ḡ=2, γE[v]=0.0, Q=2.0 (fn)
2026-09-22 18:13:21,640 INFO: Plan 2: ḡ=1, γE[v]=0.0, Q=1.0 (fn)
2026-09-22 18:13:21,640 INFO: Plan 0: ḡ=1.0, γE[v]=0.8, Q=1.8 (bayes)
2026-09-22 18:13:21,640 INFO: Plan 1: ḡ=1.0, γE[v]=0.8, Q=1.8 (bayes)
2026-09-22 18:13:21,640 INFO: Plan 2: ḡ=0.5, γE[v]=1.0, Q=1.5 (bayes)
2026-09-22 18:13:22,386 INFO: Plan 2: ḡ=0, γE[v]=0.0, Q=0.0 (fn)
2026-09-22 18:13:22,437 INFO: Plan 0: ḡ=0, γE[v]=0.0, Q=0.0 (fn)
2026-09-22 18:13:22,467 INFO: Plan 1: ḡ=0, γE[v]=0.0, Q=0.0 (fn)
2026-09-22 18:13:22,467 INFO: Plan 0: ḡ=0.0, γE[v]=0.0, Q=0.0 (bayes)
2026-09-22 18:13:22,468 INFO: Plan 1: ḡ=0.0, γE[v]=0.0, Q=0.0 (bayes)
2026-09-22 18:13:22,468 INFO: Plan 2: ḡ=0.0, γE[v]=0.0, Q=0.0 (bayes)
2026-09-22 18:13:24,987 INFO: Plan 0: ḡ=6, γE[v]=0.0, Q=6.0 (fn)
  [22/93] flask.json.tag seed=42: {'random': 18, 'greedy': 16, 'cov_greedy': 26, 'covqvalue2': 26}
2026-09-22 18:13:25,213 INFO: Plan 1: ḡ=9, γE[v]=0.0, Q=9.0 (fn)
2026-09-22 18:13:28,550 INFO: Plan 2: ḡ=9, γE[v]=0.0, Q=9.0 (fn)
2026-09-22 18:13:28,550 INFO: Plan 0: ḡ=2.0, γE[v]=2.2, Q=4.2 (bayes)
2026-09-22 18:13:28,550 INFO: Plan 1: ḡ=4.5, γE[v]=1.0, Q=5.5 (bayes)
2026-09-22 18:13:28,550 INFO: Plan 2: ḡ=4.5, γE[v]=1.0, Q=5.5 (bayes)
2026-09-22 18:13:28,708 INFO: Plan 2: ḡ=1, γE[v]=0.0, Q=1.0 (fn)
2026-09-22 18:13:28,800 INFO: Plan 0: ḡ=2, γE[v]=0.0, Q=2.0 (fn)
2026-09-22 18:13:28,803 INFO: Plan 1: ḡ=1, γE[v]=0.0, Q=1.0 (fn)
2026-09-22 18:13:28,803 INFO: Plan 0: ḡ=1.0, γE[v]=0.2, Q=1.2 (bayes)
2026-09-22 18:13:28,803 INFO: Plan 1: ḡ=0.5, γE[v]=0.5, Q=1.0 (bayes)
2026-09-22 18:13:28,803 INFO: Plan 2: ḡ=0.5, γE[v]=0.5, Q=1.0 (bayes)
2026-09-22 18:13:33,874 INFO: Plan 0: ḡ=6, γE[v]=0.0, Q=6.0 (fn)
2026-09-22 18:13:33,942 INFO: Plan 1: ḡ=6, γE[v]=0.0, Q=6.0 (fn)
2026-09-22 18:13:36,508 INFO: Plan 0: ḡ=1, γE[v]=0.0, Q=1.0 (fn)
2026-09-22 18:13:36,657 INFO: Plan 2: ḡ=0, γE[v]=0.0, Q=0.0 (fn)
2026-09-22 18:13:38,929 INFO: Plan 2: ḡ=6, γE[v]=0.0, Q=6.0 (fn)
2026-09-22 18:13:38,930 INFO: Plan 0: ḡ=2.0, γE[v]=0.0, Q=2.0 (bayes)
2026-09-22 18:13:38,930 INFO: Plan 1: ḡ=2.0, γE[v]=0.0, Q=2.0 (bayes)
2026-09-22 18:13:38,930 INFO: Plan 2: ḡ=2.0, γE[v]=0.0, Q=2.0 (bayes)
2026-09-22 18:13:40,080 INFO: Plan 1: ḡ=0, γE[v]=0.0, Q=0.0 (fn)
2026-09-22 18:13:40,081 INFO: Plan 0: ḡ=0.5, γE[v]=0.0, Q=0.5 (bayes)
2026-09-22 18:13:40,081 INFO: Plan 1: ḡ=0.0, γE[v]=0.2, Q=0.2 (bayes)
2026-09-22 18:13:40,081 INFO: Plan 2: ḡ=0.0, γE[v]=0.2, Q=0.2 (bayes)
2026-09-22 18:13:44,298 INFO: Plan 2: ḡ=0, γE[v]=0.0, Q=0.0 (fn)
2026-09-22 18:13:44,422 INFO: Plan 0: ḡ=0, γE[v]=0.0, Q=0.0 (fn)
2026-09-22 18:13:44,812 INFO: Plan 1: ḡ=0, γE[v]=0.0, Q=0.0 (fn)
2026-09-22 18:13:44,813 INFO: Plan 0: ḡ=0.0, γE[v]=0.0, Q=0.0 (bayes)
2026-09-22 18:13:44,813 INFO: Plan 1: ḡ=0.0, γE[v]=0.0, Q=0.0 (bayes)
2026-09-22 18:13:44,813 INFO: Plan 2: ḡ=0.0, γE[v]=0.0, Q=0.0 (bayes)
2026-09-22 18:13:49,937 INFO: Plan 0: ḡ=0, γE[v]=0.0, Q=0.0 (fn)
2026-09-22 18:13:50,856 INFO: Plan 1: ḡ=0, γE[v]=0.0, Q=0.0 (fn)
2026-09-22 18:13:50,938 INFO: Plan 2: ḡ=0, γE[v]=0.0, Q=0.0 (fn)
2026-09-22 18:13:50,938 INFO: Plan 0: ḡ=0.0, γE[v]=0.0, Q=0.0 (bayes)
2026-09-22 18:13:50,938 INFO: Plan 1: ḡ=0.0, γE[v]=0.0, Q=0.0 (bayes)
2026-09-22 18:13:50,939 INFO: Plan 2: ḡ=0.0, γE[v]=0.0, Q=0.0 (bayes)
2026-09-22 18:13:51,027 INFO: Plan 2: ḡ=0, γE[v]=0.0, Q=0.0 (fn)
2026-09-22 18:13:51,158 INFO: Plan 0: ḡ=0, γE[v]=0.0, Q=0.0 (fn)
2026-09-22 18:13:53,945 INFO: Plan 1: ḡ=0, γE[v]=0.0, Q=0.0 (fn)
2026-09-22 18:13:53,945 INFO: Plan 0: ḡ=0.0, γE[v]=0.0, Q=0.0 (bayes)
2026-09-22 18:13:53,945 INFO: Plan 1: ḡ=0.0, γE[v]=0.0, Q=0.0 (bayes)
2026-09-22 18:13:53,945 INFO: Plan 2: ḡ=0.0, γE[v]=0.0, Q=0.0 (bayes)
2026-09-22 18:13:59,593 INFO: Plan 0: ḡ=0, γE[v]=0.0, Q=0.0 (fn)
2026-09-22 18:13:59,819 INFO: Plan 2: ḡ=0, γE[v]=0.0, Q=0.0 (fn)
2026-09-22 18:13:59,860 INFO: Plan 0: ḡ=0, γE[v]=0.0, Q=0.0 (fn)
2026-09-22 18:13:59,953 INFO: Plan 1: ḡ=0, γE[v]=0.0, Q=0.0 (fn)
2026-09-22 18:13:59,954 INFO: Plan 0: ḡ=0.0, γE[v]=0.0, Q=0.0 (bayes)
2026-09-22 18:13:59,954 INFO: Plan 1: ḡ=0.0, γE[v]=0.0, Q=0.0 (bayes)
2026-09-22 18:13:59,954 INFO: Plan 2: ḡ=0.0, γE[v]=0.0, Q=0.0 (bayes)
2026-09-22 18:14:03,539 INFO: Plan 2: ḡ=0, γE[v]=0.0, Q=0.0 (fn)
2026-09-22 18:14:03,678 INFO: Plan 1: ḡ=0, γE[v]=0.0, Q=0.0 (fn)
2026-09-22 18:14:03,679 INFO: Plan 0: ḡ=0.0, γE[v]=0.0, Q=0.0 (bayes)
2026-09-22 18:14:03,679 INFO: Plan 1: ḡ=0.0, γE[v]=0.0, Q=0.0 (bayes)
2026-09-22 18:14:03,679 INFO: Plan 2: ḡ=0.0, γE[v]=0.0, Q=0.0 (bayes)
2026-09-22 18:14:05,522 INFO: Plan 1: ḡ=0, γE[v]=0.0, Q=0.0 (fn)
2026-09-22 18:14:05,549 INFO: Plan 0: ḡ=0, γE[v]=0.0, Q=0.0 (fn)
2026-09-22 18:14:05,622 INFO: Plan 2: ḡ=0, γE[v]=0.0, Q=0.0 (fn)
2026-09-22 18:14:05,622 INFO: Plan 0: ḡ=0.0, γE[v]=0.0, Q=0.0 (bayes)
2026-09-22 18:14:05,623 INFO: Plan 1: ḡ=0.0, γE[v]=0.0, Q=0.0 (bayes)
2026-09-22 18:14:05,623 INFO: Plan 2: ḡ=0.0, γE[v]=0.0, Q=0.0 (bayes)
  [23/93] flask.sessions seed=42: {'random': 4, 'greedy': 4, 'cov_greedy': 18, 'covqvalue2': 17}
  [24/93] flask.testing seed=42: {'random': 6, 'greedy': 6, 'cov_greedy': 30, 'covqvalue2': 33}
2026-09-22 18:14:13,708 INFO: Plan 1: ḡ=75, γE[v]=13.5, Q=88.5 (fn)
2026-09-22 18:14:13,851 INFO: Plan 2: ḡ=67, γE[v]=17.5, Q=84.5 (fn)
2026-09-22 18:14:14,538 INFO: Plan 0: ḡ=51, γE[v]=6.0, Q=57.0 (fn)
2026-09-22 18:14:14,539 INFO: Plan 0: ḡ=25.5, γE[v]=13.0, Q=38.5 (bayes)
2026-09-22 18:14:14,539 INFO: Plan 1: ḡ=37.5, γE[v]=7.4, Q=44.9 (bayes)
2026-09-22 18:14:14,539 INFO: Plan 2: ḡ=33.5, γE[v]=9.5, Q=43.0 (bayes)
2026-09-22 18:14:21,606 INFO: Plan 0: ḡ=23, γE[v]=0.0, Q=23.0 (fn)
2026-09-22 18:14:21,686 INFO: Plan 2: ḡ=21, γE[v]=0.0, Q=21.0 (fn)
2026-09-22 18:14:21,943 INFO: Plan 1: ḡ=21, γE[v]=0.0, Q=21.0 (fn)
2026-09-22 18:14:21,943 INFO: Plan 0: ḡ=7.7, γE[v]=4.0, Q=11.7 (bayes)
2026-09-22 18:14:21,943 INFO: Plan 1: ḡ=7.0, γE[v]=4.3, Q=11.3 (bayes)
2026-09-22 18:14:21,943 INFO: Plan 2: ḡ=7.0, γE[v]=4.3, Q=11.3 (bayes)
2026-09-22 18:14:29,253 INFO: Plan 2: ḡ=21, γE[v]=0.0, Q=21.0 (fn)
2026-09-22 18:14:29,354 INFO: Plan 1: ḡ=21, γE[v]=0.0, Q=21.0 (fn)
2026-09-22 18:14:33,171 INFO: Plan 0: ḡ=24, γE[v]=0.0, Q=24.0 (fn)
2026-09-22 18:14:33,172 INFO: Plan 0: ḡ=8.0, γE[v]=0.0, Q=8.0 (bayes)
2026-09-22 18:14:33,172 INFO: Plan 1: ḡ=7.0, γE[v]=0.5, Q=7.5 (bayes)
2026-09-22 18:14:33,172 INFO: Plan 2: ḡ=7.0, γE[v]=0.5, Q=7.5 (bayes)
2026-09-22 18:14:39,840 INFO: Plan 0: ḡ=0, γE[v]=0.0, Q=0.0 (fn)
2026-09-22 18:14:39,842 INFO: Plan 1: ḡ=0, γE[v]=0.0, Q=0.0 (fn)
2026-09-22 18:14:39,875 INFO: Plan 2: ḡ=0, γE[v]=0.0, Q=0.0 (fn)
2026-09-22 18:14:39,876 INFO: Plan 0: ḡ=0.0, γE[v]=0.0, Q=0.0 (bayes)
2026-09-22 18:14:39,876 INFO: Plan 1: ḡ=0.0, γE[v]=0.0, Q=0.0 (bayes)
2026-09-22 18:14:39,876 INFO: Plan 2: ḡ=0.0, γE[v]=0.0, Q=0.0 (bayes)
2026-09-22 18:14:46,440 INFO: Plan 1: ḡ=0, γE[v]=0.0, Q=0.0 (fn)
2026-09-22 18:14:46,461 INFO: Plan 0: ḡ=0, γE[v]=0.0, Q=0.0 (fn)
2026-09-22 18:14:48,204 INFO: Plan 2: ḡ=0, γE[v]=0.0, Q=0.0 (fn)
2026-09-22 18:14:48,205 INFO: Plan 0: ḡ=0.0, γE[v]=0.0, Q=0.0 (bayes)
2026-09-22 18:14:48,205 INFO: Plan 1: ḡ=0.0, γE[v]=0.0, Q=0.0 (bayes)
2026-09-22 18:14:48,205 INFO: Plan 2: ḡ=0.0, γE[v]=0.0, Q=0.0 (bayes)
2026-09-22 18:14:54,619 INFO: Plan 2: ḡ=0, γE[v]=0.0, Q=0.0 (fn)
2026-09-22 18:14:54,627 INFO: Plan 1: ḡ=0, γE[v]=0.0, Q=0.0 (fn)
2026-09-22 18:14:59,149 INFO: Plan 0: ḡ=0, γE[v]=0.0, Q=0.0 (fn)
2026-09-22 18:14:59,149 INFO: Plan 0: ḡ=0.0, γE[v]=0.0, Q=0.0 (bayes)
2026-09-22 18:14:59,149 INFO: Plan 1: ḡ=0.0, γE[v]=0.0, Q=0.0 (bayes)
2026-09-22 18:14:59,149 INFO: Plan 2: ḡ=0.0, γE[v]=0.0, Q=0.0 (bayes)
2026-09-22 18:15:06,377 INFO: Plan 2: ḡ=0, γE[v]=0.0, Q=0.0 (fn)
2026-09-22 18:15:06,914 INFO: Plan 0: ḡ=0, γE[v]=0.0, Q=0.0 (fn)
2026-09-22 18:15:06,993 INFO: Plan 1: ḡ=0, γE[v]=0.0, Q=0.0 (fn)
2026-09-22 18:15:06,993 INFO: Plan 0: ḡ=0.0, γE[v]=0.0, Q=0.0 (bayes)
2026-09-22 18:15:06,994 INFO: Plan 1: ḡ=0.0, γE[v]=0.0, Q=0.0 (bayes)
2026-09-22 18:15:06,994 INFO: Plan 2: ḡ=0.0, γE[v]=0.0, Q=0.0 (bayes)
2026-09-22 18:15:08,065 INFO: Plan 1: ḡ=496, γE[v]=157.5, Q=653.5 (fn)
2026-09-22 18:15:08,677 INFO: Plan 0: ḡ=204, γE[v]=247.0, Q=451.0 (fn)
2026-09-22 18:15:09,203 INFO: Plan 2: ḡ=240, γE[v]=106.5, Q=346.5 (fn)
2026-09-22 18:15:09,204 INFO: Plan 0: ḡ=102.0, γE[v]=254.1, Q=356.1 (bayes)
2026-09-22 18:15:09,204 INFO: Plan 1: ḡ=248.0, γE[v]=177.1, Q=425.1 (bayes)
2026-09-22 18:15:09,204 INFO: Plan 2: ḡ=120.0, γE[v]=238.8, Q=358.8 (bayes)
2026-09-22 18:15:10,336 INFO: Plan 1: ḡ=28, γE[v]=0.0, Q=28.0 (fn)
2026-09-22 18:15:10,609 INFO: Plan 0: ḡ=4, γE[v]=6.5, Q=10.5 (fn)
2026-09-22 18:15:10,851 INFO: Plan 2: ḡ=27, γE[v]=9.5, Q=36.5 (fn)
2026-09-22 18:15:10,852 INFO: Plan 0: ḡ=2.0, γE[v]=10.8, Q=12.8 (bayes)
2026-09-22 18:15:10,852 INFO: Plan 1: ḡ=14.0, γE[v]=4.5, Q=18.5 (bayes)
2026-09-22 18:15:10,852 INFO: Plan 2: ḡ=13.5, γE[v]=5.2, Q=18.7 (bayes)
2026-09-22 18:15:15,046 INFO: Plan 2: ḡ=0, γE[v]=0.0, Q=0.0 (fn)
2026-09-22 18:15:15,141 INFO: Plan 1: ḡ=0, γE[v]=0.0, Q=0.0 (fn)
2026-09-22 18:15:15,162 INFO: Plan 0: ḡ=0, γE[v]=0.0, Q=0.0 (fn)
2026-09-22 18:15:15,163 INFO: Plan 0: ḡ=0.0, γE[v]=0.0, Q=0.0 (bayes)
2026-09-22 18:15:15,163 INFO: Plan 1: ḡ=0.0, γE[v]=0.0, Q=0.0 (bayes)
2026-09-22 18:15:15,163 INFO: Plan 2: ḡ=0.0, γE[v]=0.0, Q=0.0 (bayes)
2026-09-22 18:15:16,427 INFO: Plan 0: ḡ=2, γE[v]=0.0, Q=2.0 (fn)
2026-09-22 18:15:16,458 INFO: Plan 1: ḡ=16, γE[v]=0.0, Q=16.0 (fn)
2026-09-22 18:15:16,777 INFO: Plan 2: ḡ=30, γE[v]=3.5, Q=33.5 (fn)
2026-09-22 18:15:16,808 INFO: Plan 0: ḡ=13, γE[v]=0.0, Q=13.0 (fn)
2026-09-22 18:15:16,995 INFO: Plan 1: ḡ=37, γE[v]=0.0, Q=37.0 (fn)
2026-09-22 18:15:16,996 INFO: Plan 0: ḡ=6.5, γE[v]=141.3, Q=147.8 (bayes)
2026-09-22 18:15:16,996 INFO: Plan 1: ḡ=18.5, γE[v]=135.3, Q=153.8 (bayes)
2026-09-22 18:15:16,996 INFO: Plan 2: ḡ=15.0, γE[v]=137.2, Q=152.2 (bayes)
2026-09-22 18:15:17,343 INFO: Plan 2: ḡ=13, γE[v]=0.0, Q=13.0 (fn)
2026-09-22 18:15:17,343 INFO: Plan 0: ḡ=0.7, γE[v]=2.5, Q=3.2 (bayes)
2026-09-22 18:15:17,343 INFO: Plan 1: ḡ=5.3, γE[v]=0.2, Q=5.5 (bayes)
2026-09-22 18:15:17,343 INFO: Plan 2: ḡ=4.3, γE[v]=0.7, Q=5.0 (bayes)
  [25/93] flask.templating seed=42: {'random': 6, 'greedy': 5, 'cov_greedy': 28, 'covqvalue2': 25}
2026-09-22 18:15:22,874 INFO: Plan 0: ḡ=13, γE[v]=0.0, Q=13.0 (fn)
2026-09-22 18:15:23,181 INFO: Plan 2: ḡ=80, γE[v]=13.5, Q=93.5 (fn)
2026-09-22 18:15:23,183 INFO: Plan 1: ḡ=39, γE[v]=5.0, Q=44.0 (fn)
2026-09-22 18:15:23,184 INFO: Plan 0: ḡ=6.5, γE[v]=132.1, Q=138.6 (bayes)
2026-09-22 18:15:23,184 INFO: Plan 1: ḡ=19.5, γE[v]=125.8, Q=145.3 (bayes)
2026-09-22 18:15:23,184 INFO: Plan 2: ḡ=32.0, γE[v]=119.9, Q=151.9 (bayes)
2026-09-22 18:15:24,153 INFO: Plan 1: ḡ=0, γE[v]=0.0, Q=0.0 (fn)
2026-09-22 18:15:24,361 INFO: Plan 0: ḡ=1, γE[v]=0.0, Q=1.0 (fn)
2026-09-22 18:15:24,465 INFO: Plan 2: ḡ=0, γE[v]=0.0, Q=0.0 (fn)
2026-09-22 18:15:24,466 INFO: Plan 0: ḡ=0.3, γE[v]=0.0, Q=0.3 (bayes)
2026-09-22 18:15:24,466 INFO: Plan 1: ḡ=0.0, γE[v]=0.2, Q=0.2 (bayes)
2026-09-22 18:15:24,466 INFO: Plan 2: ḡ=0.0, γE[v]=0.2, Q=0.2 (bayes)
2026-09-22 18:15:30,837 INFO: Plan 0: ḡ=14, γE[v]=0.0, Q=14.0 (fn)
2026-09-22 18:15:30,889 INFO: Plan 2: ḡ=97, γE[v]=0.0, Q=97.0 (fn)
2026-09-22 18:15:30,971 INFO: Plan 1: ḡ=60, γE[v]=5.0, Q=65.0 (fn)
2026-09-22 18:15:30,971 INFO: Plan 0: ḡ=6.7, γE[v]=112.5, Q=119.2 (bayes)
2026-09-22 18:15:30,972 INFO: Plan 1: ḡ=25.5, γE[v]=103.3, Q=128.8 (bayes)
2026-09-22 18:15:30,972 INFO: Plan 2: ḡ=45.2, γE[v]=93.2, Q=138.4 (bayes)
2026-09-22 18:15:32,965 INFO: Plan 0: ḡ=0, γE[v]=0.0, Q=0.0 (fn)
2026-09-22 18:15:33,139 INFO: Plan 1: ḡ=0, γE[v]=0.0, Q=0.0 (fn)
2026-09-22 18:15:33,184 INFO: Plan 2: ḡ=0, γE[v]=0.0, Q=0.0 (fn)
2026-09-22 18:15:33,184 INFO: Plan 0: ḡ=0.0, γE[v]=0.0, Q=0.0 (bayes)
2026-09-22 18:15:33,185 INFO: Plan 1: ḡ=0.0, γE[v]=0.0, Q=0.0 (bayes)
2026-09-22 18:15:33,185 INFO: Plan 2: ḡ=0.0, γE[v]=0.0, Q=0.0 (bayes)
2026-09-22 18:15:36,693 INFO: Plan 1: ḡ=60, γE[v]=0.0, Q=60.0 (fn)
2026-09-22 18:15:36,783 INFO: Plan 0: ḡ=14, γE[v]=0.0, Q=14.0 (fn)
2026-09-22 18:15:36,974 INFO: Plan 2: ḡ=114, γE[v]=0.0, Q=114.0 (fn)
2026-09-22 18:15:36,974 INFO: Plan 0: ḡ=6.2, γE[v]=96.5, Q=102.7 (bayes)
2026-09-22 18:15:36,974 INFO: Plan 1: ḡ=22.5, γE[v]=88.3, Q=110.8 (bayes)
2026-09-22 18:15:36,974 INFO: Plan 2: ḡ=48.0, γE[v]=75.6, Q=123.6 (bayes)
2026-09-22 18:15:38,567 INFO: Plan 1: ḡ=0, γE[v]=0.0, Q=0.0 (fn)
2026-09-22 18:15:38,571 INFO: Plan 2: ḡ=0, γE[v]=0.0, Q=0.0 (fn)
2026-09-22 18:15:39,520 INFO: Plan 0: ḡ=0, γE[v]=0.0, Q=0.0 (fn)
2026-09-22 18:15:39,521 INFO: Plan 0: ḡ=0.0, γE[v]=0.0, Q=0.0 (bayes)
2026-09-22 18:15:39,521 INFO: Plan 1: ḡ=0.0, γE[v]=0.0, Q=0.0 (bayes)
2026-09-22 18:15:39,521 INFO: Plan 2: ḡ=0.0, γE[v]=0.0, Q=0.0 (bayes)
2026-09-22 18:15:43,020 INFO: Plan 0: ḡ=17, γE[v]=0.0, Q=17.0 (fn)
2026-09-22 18:15:43,155 INFO: Plan 1: ḡ=94, γE[v]=0.0, Q=94.0 (fn)
2026-09-22 18:15:43,524 INFO: Plan 2: ḡ=79, γE[v]=141.0, Q=220.0 (fn)
2026-09-22 18:15:43,525 INFO: Plan 0: ḡ=6.5, γE[v]=72.6, Q=79.1 (bayes)
2026-09-22 18:15:43,525 INFO: Plan 1: ḡ=34.7, γE[v]=58.5, Q=93.2 (bayes)
2026-09-22 18:15:43,525 INFO: Plan 2: ḡ=27.8, γE[v]=70.4, Q=98.2 (bayes)
2026-09-22 18:15:45,898 INFO: Plan 2: ḡ=0, γE[v]=0.0, Q=0.0 (fn)
2026-09-22 18:15:46,175 INFO: Plan 1: ḡ=0, γE[v]=0.0, Q=0.0 (fn)
2026-09-22 18:15:49,495 INFO: Plan 0: ḡ=0, γE[v]=0.0, Q=0.0 (fn)
2026-09-22 18:15:49,496 INFO: Plan 0: ḡ=0.0, γE[v]=0.0, Q=0.0 (bayes)
2026-09-22 18:15:49,496 INFO: Plan 1: ḡ=0.0, γE[v]=0.0, Q=0.0 (bayes)
2026-09-22 18:15:49,496 INFO: Plan 2: ḡ=0.0, γE[v]=0.0, Q=0.0 (bayes)
2026-09-22 18:15:49,682 INFO: Plan 1: ḡ=56, γE[v]=0.0, Q=56.0 (fn)
2026-09-22 18:15:49,851 INFO: Plan 0: ḡ=17, γE[v]=0.0, Q=17.0 (fn)
2026-09-22 18:15:50,113 INFO: Plan 0: ḡ=279, γE[v]=21.5, Q=300.5 (fn)
2026-09-22 18:15:50,150 INFO: Plan 2: ḡ=178, γE[v]=49.5, Q=227.5 (fn)
2026-09-22 18:15:50,212 INFO: Plan 2: ḡ=115, γE[v]=0.0, Q=115.0 (fn)
2026-09-22 18:15:50,212 INFO: Plan 0: ḡ=6.1, γE[v]=51.2, Q=57.4 (bayes)
2026-09-22 18:15:50,212 INFO: Plan 1: ḡ=17.2, γE[v]=45.7, Q=62.9 (bayes)
2026-09-22 18:15:50,212 INFO: Plan 2: ḡ=32.4, γE[v]=38.1, Q=70.5 (bayes)
2026-09-22 18:15:50,631 INFO: Plan 1: ḡ=393, γE[v]=19.5, Q=412.5 (fn)
2026-09-22 18:15:50,632 INFO: Plan 0: ḡ=139.5, γE[v]=92.5, Q=232.0 (bayes)
2026-09-22 18:15:50,632 INFO: Plan 1: ḡ=196.5, γE[v]=63.9, Q=260.4 (bayes)
2026-09-22 18:15:50,632 INFO: Plan 2: ḡ=89.0, γE[v]=119.0, Q=208.0 (bayes)
2026-09-22 18:15:55,205 INFO: Plan 2: ḡ=0, γE[v]=0.0, Q=0.0 (fn)
2026-09-22 18:15:55,634 INFO: Plan 1: ḡ=28, γE[v]=0.0, Q=28.0 (fn)
2026-09-22 18:15:55,650 INFO: Plan 0: ḡ=17, γE[v]=0.0, Q=17.0 (fn)
2026-09-22 18:15:55,766 INFO: Plan 2: ḡ=242, γE[v]=0.0, Q=242.0 (fn)
2026-09-22 18:15:55,767 INFO: Plan 0: ḡ=5.8, γE[v]=36.3, Q=42.1 (bayes)
2026-09-22 18:15:55,767 INFO: Plan 1: ḡ=11.6, γE[v]=33.4, Q=45.0 (bayes)
2026-09-22 18:15:55,767 INFO: Plan 2: ḡ=61.4, γE[v]=8.5, Q=69.9 (bayes)
2026-09-22 18:15:55,803 INFO: Plan 1: ḡ=0, γE[v]=0.0, Q=0.0 (fn)
2026-09-22 18:15:56,469 INFO: Plan 1: ḡ=88, γE[v]=0.5, Q=88.5 (fn)
2026-09-22 18:15:56,546 INFO: Plan 2: ḡ=55, γE[v]=0.0, Q=55.0 (fn)
2026-09-22 18:15:56,807 INFO: Plan 0: ḡ=0, γE[v]=0.0, Q=0.0 (fn)
2026-09-22 18:15:56,807 INFO: Plan 0: ḡ=0.0, γE[v]=0.0, Q=0.0 (bayes)
2026-09-22 18:15:56,807 INFO: Plan 1: ḡ=0.0, γE[v]=0.0, Q=0.0 (bayes)
2026-09-22 18:15:56,807 INFO: Plan 2: ḡ=0.0, γE[v]=0.0, Q=0.0 (bayes)
2026-09-22 18:15:57,144 INFO: Plan 0: ḡ=156, γE[v]=4.5, Q=160.5 (fn)
2026-09-22 18:15:57,145 INFO: Plan 0: ḡ=64.8, γE[v]=31.5, Q=96.3 (bayes)
2026-09-22 18:15:57,145 INFO: Plan 1: ḡ=36.5, γE[v]=45.4, Q=81.9 (bayes)
2026-09-22 18:15:57,145 INFO: Plan 2: ḡ=20.8, γE[v]=53.2, Q=74.1 (bayes)
  [26/93] rich.console seed=42: {'random': 174, 'greedy': 161, 'cov_greedy': 309, 'covqvalue2': 315}
2026-09-22 18:16:02,192 INFO: Plan 0: ḡ=8, γE[v]=0.0, Q=8.0 (fn)
2026-09-22 18:16:02,413 INFO: Plan 1: ḡ=60, γE[v]=0.0, Q=60.0 (fn)
2026-09-22 18:16:02,970 INFO: Plan 2: ḡ=0, γE[v]=0.0, Q=0.0 (fn)
2026-09-22 18:16:02,974 INFO: Plan 2: ḡ=42, γE[v]=0.0, Q=42.0 (fn)
2026-09-22 18:16:02,975 INFO: Plan 0: ḡ=3.3, γE[v]=30.0, Q=33.4 (bayes)
2026-09-22 18:16:02,975 INFO: Plan 1: ḡ=27.0, γE[v]=18.2, Q=45.2 (bayes)
2026-09-22 18:16:02,975 INFO: Plan 2: ḡ=17.6, γE[v]=22.9, Q=40.5 (bayes)
2026-09-22 18:16:03,879 INFO: Plan 1: ḡ=0, γE[v]=0.0, Q=0.0 (fn)
2026-09-22 18:16:05,432 INFO: Plan 0: ḡ=0, γE[v]=0.0, Q=0.0 (fn)
2026-09-22 18:16:05,432 INFO: Plan 0: ḡ=0.0, γE[v]=0.0, Q=0.0 (bayes)
2026-09-22 18:16:05,433 INFO: Plan 1: ḡ=0.0, γE[v]=0.0, Q=0.0 (bayes)
2026-09-22 18:16:05,433 INFO: Plan 2: ḡ=0.0, γE[v]=0.0, Q=0.0 (bayes)
2026-09-22 18:16:07,864 INFO: Plan 1: ḡ=44, γE[v]=0.0, Q=44.0 (fn)
2026-09-22 18:16:07,951 INFO: Plan 2: ḡ=38, γE[v]=0.0, Q=38.0 (fn)
  [27/93] flask.json.provider seed=42: {'random': 46, 'greedy': 43, 'cov_greedy': 59, 'covqvalue2': 59}
2026-09-22 18:16:08,133 INFO: Plan 0: ḡ=26, γE[v]=7.0, Q=33.0 (fn)
2026-09-22 18:16:08,133 INFO: Plan 0: ḡ=7.8, γE[v]=21.6, Q=29.4 (bayes)
2026-09-22 18:16:08,134 INFO: Plan 1: ḡ=15.0, γE[v]=17.6, Q=32.6 (bayes)
2026-09-22 18:16:08,134 INFO: Plan 2: ḡ=13.2, γE[v]=18.5, Q=31.8 (bayes)
2026-09-22 18:16:13,799 INFO: Plan 0: ḡ=35, γE[v]=0.0, Q=35.0 (fn)
2026-09-22 18:16:13,949 INFO: Plan 2: ḡ=51, γE[v]=0.0, Q=51.0 (fn)
2026-09-22 18:16:14,298 INFO: Plan 1: ḡ=43, γE[v]=10.0, Q=53.0 (fn)
2026-09-22 18:16:14,299 INFO: Plan 0: ḡ=10.1, γE[v]=18.3, Q=28.4 (bayes)
2026-09-22 18:16:14,299 INFO: Plan 1: ḡ=10.8, γE[v]=18.5, Q=29.3 (bayes)
2026-09-22 18:16:14,299 INFO: Plan 2: ḡ=17.6, γE[v]=14.6, Q=32.2 (bayes)
2026-09-22 18:16:19,590 INFO: Plan 1: ḡ=36, γE[v]=0.0, Q=36.0 (fn)
2026-09-22 18:16:19,594 INFO: Plan 2: ḡ=21, γE[v]=0.0, Q=21.0 (fn)
2026-09-22 18:16:19,761 INFO: Plan 0: ḡ=8, γE[v]=0.0, Q=8.0 (fn)
2026-09-22 18:16:19,761 INFO: Plan 0: ḡ=3.3, γE[v]=12.9, Q=16.2 (bayes)
2026-09-22 18:16:19,762 INFO: Plan 1: ḡ=10.0, γE[v]=9.6, Q=19.6 (bayes)
2026-09-22 18:16:19,762 INFO: Plan 2: ḡ=9.2, γE[v]=10.0, Q=19.2 (bayes)
2026-09-22 18:16:24,487 INFO: Plan 2: ḡ=24, γE[v]=0.0, Q=24.0 (fn)
2026-09-22 18:16:24,877 INFO: Plan 1: ḡ=21, γE[v]=0.0, Q=21.0 (fn)
2026-09-22 18:16:25,199 INFO: Plan 0: ḡ=8, γE[v]=0.0, Q=8.0 (fn)
2026-09-22 18:16:25,200 INFO: Plan 0: ḡ=3.3, γE[v]=8.4, Q=11.7 (bayes)
2026-09-22 18:16:25,200 INFO: Plan 1: ḡ=6.5, γE[v]=6.8, Q=13.3 (bayes)
2026-09-22 18:16:25,200 INFO: Plan 2: ḡ=9.1, γE[v]=5.5, Q=14.6 (bayes)
2026-09-22 18:16:25,908 INFO: Plan 2: ḡ=168, γE[v]=0.0, Q=168.0 (fn)
2026-09-22 18:16:26,000 INFO: Plan 0: ḡ=17, γE[v]=2.5, Q=19.5 (fn)
2026-09-22 18:16:26,946 INFO: Plan 1: ḡ=63, γE[v]=90.0, Q=153.0 (fn)
2026-09-22 18:16:26,947 INFO: Plan 0: ḡ=8.5, γE[v]=166.9, Q=175.4 (bayes)
2026-09-22 18:16:26,947 INFO: Plan 1: ḡ=31.5, γE[v]=159.3, Q=190.8 (bayes)
2026-09-22 18:16:26,947 INFO: Plan 2: ḡ=84.0, γE[v]=129.0, Q=213.0 (bayes)
2026-09-22 18:16:30,165 INFO: Plan 1: ḡ=8, γE[v]=0.0, Q=8.0 (fn)
2026-09-22 18:16:30,248 INFO: Plan 2: ḡ=18, γE[v]=0.0, Q=18.0 (fn)
2026-09-22 18:16:30,303 INFO: Plan 0: ḡ=10, γE[v]=0.0, Q=10.0 (fn)
2026-09-22 18:16:30,303 INFO: Plan 0: ḡ=3.8, γE[v]=4.1, Q=7.9 (bayes)
2026-09-22 18:16:30,303 INFO: Plan 1: ḡ=3.2, γE[v]=4.4, Q=7.6 (bayes)
2026-09-22 18:16:30,303 INFO: Plan 2: ḡ=5.2, γE[v]=3.4, Q=8.6 (bayes)
  [28/93] rich.progress seed=42: {'random': 135, 'greedy': 140, 'cov_greedy': 177, 'covqvalue2': 183}
2026-09-22 18:16:33,958 INFO: Plan 2: ḡ=114, γE[v]=0.0, Q=114.0 (fn)
2026-09-22 18:16:34,215 INFO: Plan 0: ḡ=18, γE[v]=0.0, Q=18.0 (fn)
2026-09-22 18:16:34,251 INFO: Plan 1: ḡ=96, γE[v]=0.0, Q=96.0 (fn)
2026-09-22 18:16:34,251 INFO: Plan 0: ḡ=8.7, γE[v]=98.3, Q=107.0 (bayes)
2026-09-22 18:16:34,252 INFO: Plan 1: ḡ=46.2, γE[v]=79.6, Q=125.8 (bayes)
2026-09-22 18:16:34,252 INFO: Plan 2: ḡ=54.8, γE[v]=75.2, Q=130.1 (bayes)
2026-09-22 18:16:38,515 INFO: Plan 0: ḡ=18, γE[v]=0.0, Q=18.0 (fn)
2026-09-22 18:16:38,677 INFO: Plan 1: ḡ=77, γE[v]=0.0, Q=77.0 (fn)
2026-09-22 18:16:38,734 INFO: Plan 2: ḡ=69, γE[v]=0.0, Q=69.0 (fn)
2026-09-22 18:16:38,734 INFO: Plan 0: ḡ=8.5, γE[v]=71.4, Q=79.9 (bayes)
2026-09-22 18:16:38,734 INFO: Plan 1: ḡ=38.5, γE[v]=56.4, Q=94.9 (bayes)
2026-09-22 18:16:38,735 INFO: Plan 2: ḡ=34.3, γE[v]=58.5, Q=92.8 (bayes)
2026-09-22 18:16:43,823 INFO: Plan 2: ḡ=75, γE[v]=0.0, Q=75.0 (fn)
2026-09-22 18:16:43,859 INFO: Plan 0: ḡ=18, γE[v]=0.0, Q=18.0 (fn)
2026-09-22 18:16:46,042 INFO: Plan 1: ḡ=58, γE[v]=0.0, Q=58.0 (fn)
2026-09-22 18:16:46,042 INFO: Plan 0: ḡ=8.5, γE[v]=52.2, Q=60.7 (bayes)
2026-09-22 18:16:46,042 INFO: Plan 1: ḡ=29.0, γE[v]=41.9, Q=70.9 (bayes)
2026-09-22 18:16:46,043 INFO: Plan 2: ḡ=37.3, γE[v]=37.8, Q=75.1 (bayes)
2026-09-22 18:16:52,544 INFO: Plan 0: ḡ=19, γE[v]=0.0, Q=19.0 (fn)
2026-09-22 18:16:52,612 INFO: Plan 1: ḡ=54, γE[v]=0.0, Q=54.0 (fn)
2026-09-22 18:16:54,273 INFO: Plan 2: ḡ=72, γE[v]=0.0, Q=72.0 (fn)
2026-09-22 18:16:54,274 INFO: Plan 0: ḡ=9.0, γE[v]=26.8, Q=35.8 (bayes)
2026-09-22 18:16:54,274 INFO: Plan 1: ḡ=27.0, γE[v]=17.8, Q=44.8 (bayes)
2026-09-22 18:16:54,274 INFO: Plan 2: ḡ=36.0, γE[v]=13.2, Q=49.2 (bayes)
2026-09-22 18:16:59,356 INFO: Plan 1: ḡ=33, γE[v]=0.0, Q=33.0 (fn)
2026-09-22 18:16:59,555 INFO: Plan 0: ḡ=13, γE[v]=0.0, Q=13.0 (fn)
2026-09-22 18:16:59,559 INFO: Plan 2: ḡ=26, γE[v]=0.0, Q=26.0 (fn)
2026-09-22 18:16:59,560 INFO: Plan 0: ḡ=6.0, γE[v]=13.2, Q=19.2 (bayes)
2026-09-22 18:16:59,560 INFO: Plan 1: ḡ=16.5, γE[v]=8.0, Q=24.5 (bayes)
2026-09-22 18:16:59,560 INFO: Plan 2: ḡ=10.0, γE[v]=11.2, Q=21.2 (bayes)
2026-09-22 18:17:03,651 INFO: Plan 1: ḡ=7, γE[v]=0.0, Q=7.0 (fn)
2026-09-22 18:17:03,727 INFO: Plan 0: ḡ=12, γE[v]=0.0, Q=12.0 (fn)
2026-09-22 18:17:03,777 INFO: Plan 2: ḡ=20, γE[v]=0.0, Q=20.0 (fn)
2026-09-22 18:17:03,778 INFO: Plan 0: ḡ=5.5, γE[v]=5.2, Q=10.8 (bayes)
2026-09-22 18:17:03,778 INFO: Plan 1: ḡ=3.5, γE[v]=6.2, Q=9.8 (bayes)
2026-09-22 18:17:03,778 INFO: Plan 2: ḡ=7.0, γE[v]=4.5, Q=11.5 (bayes)
2026-09-22 18:17:06,160 INFO: Plan 2: ḡ=504, γE[v]=1.0, Q=505.0 (fn)
2026-09-22 18:17:06,641 INFO: Plan 1: ḡ=118, γE[v]=202.5, Q=320.5 (fn)
2026-09-22 18:17:06,748 INFO: Plan 0: ḡ=94, γE[v]=207.5, Q=301.5 (fn)
2026-09-22 18:17:06,748 INFO: Plan 0: ḡ=47.0, γE[v]=122.3, Q=169.3 (bayes)
2026-09-22 18:17:06,748 INFO: Plan 1: ḡ=59.0, γE[v]=116.1, Q=175.1 (bayes)
2026-09-22 18:17:06,748 INFO: Plan 2: ḡ=252.0, γE[v]=10.5, Q=262.6 (bayes)
2026-09-22 18:17:08,300 INFO: Plan 0: ḡ=10, γE[v]=0.0, Q=10.0 (fn)
2026-09-22 18:17:08,328 INFO: Plan 1: ḡ=3, γE[v]=0.0, Q=3.0 (fn)
2026-09-22 18:17:09,475 INFO: Plan 2: ḡ=6, γE[v]=0.0, Q=6.0 (fn)
2026-09-22 18:17:09,476 INFO: Plan 0: ḡ=5.0, γE[v]=2.0, Q=7.0 (bayes)
2026-09-22 18:17:09,476 INFO: Plan 1: ḡ=1.0, γE[v]=4.0, Q=5.0 (bayes)
2026-09-22 18:17:09,476 INFO: Plan 2: ḡ=3.0, γE[v]=3.0, Q=6.0 (bayes)
  [29/93] rich.text seed=42: {'random': 32, 'greedy': 36, 'cov_greedy': 234, 'covqvalue2': 273}
2026-09-22 18:17:18,472 INFO: Plan 0: ḡ=12, γE[v]=0.0, Q=12.0 (fn)
2026-09-22 18:17:19,724 INFO: Plan 1: ḡ=30, γE[v]=0.0, Q=30.0 (fn)
2026-09-22 18:17:19,753 INFO: Plan 2: ḡ=41, γE[v]=0.0, Q=41.0 (fn)
2026-09-22 18:17:19,754 INFO: Plan 0: ḡ=5.8, γE[v]=7.4, Q=13.2 (bayes)
2026-09-22 18:17:19,754 INFO: Plan 1: ḡ=14.8, γE[v]=2.9, Q=17.8 (bayes)
2026-09-22 18:17:19,754 INFO: Plan 2: ḡ=20.3, γE[v]=0.2, Q=20.5 (bayes)
2026-09-22 18:17:24,584 INFO: Plan 0: ḡ=1, γE[v]=0.0, Q=1.0 (fn)
2026-09-22 18:17:24,681 INFO: Plan 2: ḡ=29, γE[v]=0.0, Q=29.0 (fn)
2026-09-22 18:17:24,976 INFO: Plan 1: ḡ=29, γE[v]=0.0, Q=29.0 (fn)
2026-09-22 18:17:24,976 INFO: Plan 0: ḡ=0.3, γE[v]=4.8, Q=5.2 (bayes)
2026-09-22 18:17:24,977 INFO: Plan 1: ḡ=9.7, γE[v]=0.2, Q=9.8 (bayes)
2026-09-22 18:17:24,977 INFO: Plan 2: ḡ=9.7, γE[v]=0.2, Q=9.8 (bayes)
2026-09-22 18:17:30,847 INFO: Plan 0: ḡ=1, γE[v]=0.0, Q=1.0 (fn)
2026-09-22 18:17:31,018 INFO: Plan 2: ḡ=0, γE[v]=0.0, Q=0.0 (fn)
2026-09-22 18:17:32,180 INFO: Plan 1: ḡ=0, γE[v]=0.0, Q=0.0 (fn)
2026-09-22 18:17:32,180 INFO: Plan 0: ḡ=0.3, γE[v]=0.0, Q=0.3 (bayes)
2026-09-22 18:17:32,180 INFO: Plan 1: ḡ=0.0, γE[v]=0.2, Q=0.2 (bayes)
2026-09-22 18:17:32,181 INFO: Plan 2: ḡ=0.0, γE[v]=0.2, Q=0.2 (bayes)
2026-09-22 18:17:37,372 INFO: Plan 1: ḡ=0, γE[v]=0.0, Q=0.0 (fn)
2026-09-22 18:17:37,594 INFO: Plan 0: ḡ=0, γE[v]=0.0, Q=0.0 (fn)
2026-09-22 18:17:37,827 INFO: Plan 2: ḡ=0, γE[v]=0.0, Q=0.0 (fn)
2026-09-22 18:17:37,827 INFO: Plan 0: ḡ=0.0, γE[v]=0.0, Q=0.0 (bayes)
2026-09-22 18:17:37,827 INFO: Plan 1: ḡ=0.0, γE[v]=0.0, Q=0.0 (bayes)
2026-09-22 18:17:37,827 INFO: Plan 2: ḡ=0.0, γE[v]=0.0, Q=0.0 (bayes)
2026-09-22 18:17:43,695 INFO: Plan 1: ḡ=0, γE[v]=0.0, Q=0.0 (fn)
2026-09-22 18:17:43,892 INFO: Plan 2: ḡ=0, γE[v]=0.0, Q=0.0 (fn)
2026-09-22 18:17:44,013 INFO: Plan 0: ḡ=0, γE[v]=0.0, Q=0.0 (fn)
2026-09-22 18:17:44,014 INFO: Plan 0: ḡ=0.0, γE[v]=0.0, Q=0.0 (bayes)
2026-09-22 18:17:44,014 INFO: Plan 1: ḡ=0.0, γE[v]=0.0, Q=0.0 (bayes)
2026-09-22 18:17:44,014 INFO: Plan 2: ḡ=0.0, γE[v]=0.0, Q=0.0 (bayes)
2026-09-22 18:17:45,402 INFO: Plan 2: ḡ=388, γE[v]=0.0, Q=388.0 (fn)
2026-09-22 18:17:45,693 INFO: Plan 1: ḡ=408, γE[v]=19.5, Q=427.5 (fn)
2026-09-22 18:17:45,930 INFO: Plan 0: ḡ=506, γE[v]=18.0, Q=524.0 (fn)
2026-09-22 18:17:45,930 INFO: Plan 0: ḡ=253.0, γE[v]=13.3, Q=266.3 (bayes)
2026-09-22 18:17:45,930 INFO: Plan 1: ḡ=204.0, γE[v]=37.9, Q=241.9 (bayes)
2026-09-22 18:17:45,931 INFO: Plan 2: ḡ=194.0, γE[v]=42.0, Q=236.0 (bayes)
2026-09-22 18:17:51,056 INFO: Plan 0: ḡ=0, γE[v]=0.0, Q=0.0 (fn)
2026-09-22 18:17:51,525 INFO: Plan 0: ḡ=22, γE[v]=0.0, Q=22.0 (fn)
2026-09-22 18:17:51,539 INFO: Plan 2: ḡ=0, γE[v]=0.0, Q=0.0 (fn)
2026-09-22 18:17:51,902 INFO: Plan 2: ḡ=13, γE[v]=0.0, Q=13.0 (fn)
2026-09-22 18:17:51,935 INFO: Plan 1: ḡ=41, γE[v]=0.0, Q=41.0 (fn)
2026-09-22 18:17:51,936 INFO: Plan 0: ḡ=8.2, γE[v]=8.4, Q=16.6 (bayes)
2026-09-22 18:17:51,936 INFO: Plan 1: ḡ=13.8, γE[v]=5.6, Q=19.4 (bayes)
2026-09-22 18:17:51,936 INFO: Plan 2: ḡ=4.3, γE[v]=10.3, Q=14.7 (bayes)
2026-09-22 18:17:52,592 INFO: Plan 1: ḡ=0, γE[v]=0.0, Q=0.0 (fn)
2026-09-22 18:17:52,593 INFO: Plan 0: ḡ=0.0, γE[v]=0.0, Q=0.0 (bayes)
2026-09-22 18:17:52,593 INFO: Plan 1: ḡ=0.0, γE[v]=0.0, Q=0.0 (bayes)
2026-09-22 18:17:52,593 INFO: Plan 2: ḡ=0.0, γE[v]=0.0, Q=0.0 (bayes)
2026-09-22 18:17:56,824 INFO: Plan 2: ḡ=26, γE[v]=0.0, Q=26.0 (fn)
2026-09-22 18:17:57,245 INFO: Plan 1: ḡ=18, γE[v]=0.0, Q=18.0 (fn)
2026-09-22 18:17:57,451 INFO: Plan 0: ḡ=17, γE[v]=0.0, Q=17.0 (fn)
2026-09-22 18:17:57,452 INFO: Plan 0: ḡ=5.3, γE[v]=3.4, Q=8.8 (bayes)
2026-09-22 18:17:57,452 INFO: Plan 1: ḡ=6.8, γE[v]=2.7, Q=9.5 (bayes)
2026-09-22 18:17:57,452 INFO: Plan 2: ḡ=8.7, γE[v]=1.8, Q=10.4 (bayes)
2026-09-22 18:17:58,236 INFO: Plan 1: ḡ=0, γE[v]=0.0, Q=0.0 (fn)
2026-09-22 18:17:58,279 INFO: Plan 2: ḡ=0, γE[v]=0.0, Q=0.0 (fn)
2026-09-22 18:17:58,800 INFO: Plan 0: ḡ=0, γE[v]=0.0, Q=0.0 (fn)
2026-09-22 18:17:58,802 INFO: Plan 0: ḡ=0.0, γE[v]=0.0, Q=0.0 (bayes)
2026-09-22 18:17:58,802 INFO: Plan 1: ḡ=0.0, γE[v]=0.0, Q=0.0 (bayes)
2026-09-22 18:17:58,802 INFO: Plan 2: ḡ=0.0, γE[v]=0.0, Q=0.0 (bayes)
  [30/93] rich.table seed=42: {'random': 107, 'greedy': 107, 'cov_greedy': 207, 'covqvalue2': 217}
2026-09-22 18:18:03,168 INFO: Plan 2: ḡ=0, γE[v]=0.0, Q=0.0 (fn)
2026-09-22 18:18:03,245 INFO: Plan 1: ḡ=5, γE[v]=0.0, Q=5.0 (fn)
2026-09-22 18:18:03,372 INFO: Plan 0: ḡ=4, γE[v]=0.0, Q=4.0 (fn)
2026-09-22 18:18:03,373 INFO: Plan 0: ḡ=1.0, γE[v]=1.2, Q=2.2 (bayes)
2026-09-22 18:18:03,374 INFO: Plan 1: ḡ=2.5, γE[v]=0.5, Q=3.0 (bayes)
2026-09-22 18:18:03,374 INFO: Plan 2: ḡ=0.0, γE[v]=1.8, Q=1.8 (bayes)
2026-09-22 18:18:08,468 INFO: Plan 2: ḡ=0, γE[v]=0.0, Q=0.0 (fn)
2026-09-22 18:18:08,502 INFO: Plan 0: ḡ=4, γE[v]=0.0, Q=4.0 (fn)
2026-09-22 18:18:08,651 INFO: Plan 1: ḡ=0, γE[v]=0.0, Q=0.0 (fn)
2026-09-22 18:18:08,651 INFO: Plan 0: ḡ=1.0, γE[v]=0.0, Q=1.0 (bayes)
2026-09-22 18:18:08,652 INFO: Plan 1: ḡ=0.0, γE[v]=0.5, Q=0.5 (bayes)
2026-09-22 18:18:08,652 INFO: Plan 2: ḡ=0.0, γE[v]=0.5, Q=0.5 (bayes)
2026-09-22 18:18:13,881 INFO: Plan 0: ḡ=0, γE[v]=0.0, Q=0.0 (fn)
2026-09-22 18:18:15,984 INFO: Plan 1: ḡ=0, γE[v]=0.0, Q=0.0 (fn)
2026-09-22 18:18:17,558 INFO: Plan 2: ḡ=0, γE[v]=0.0, Q=0.0 (fn)
2026-09-22 18:18:17,559 INFO: Plan 0: ḡ=0.0, γE[v]=0.0, Q=0.0 (bayes)
2026-09-22 18:18:17,559 INFO: Plan 1: ḡ=0.0, γE[v]=0.0, Q=0.0 (bayes)
2026-09-22 18:18:17,559 INFO: Plan 2: ḡ=0.0, γE[v]=0.0, Q=0.0 (bayes)
2026-09-22 18:18:22,922 INFO: Plan 2: ḡ=0, γE[v]=0.0, Q=0.0 (fn)
2026-09-22 18:18:22,939 INFO: Plan 1: ḡ=0, γE[v]=0.0, Q=0.0 (fn)
2026-09-22 18:18:23,004 INFO: Plan 0: ḡ=0, γE[v]=0.0, Q=0.0 (fn)
2026-09-22 18:18:23,004 INFO: Plan 0: ḡ=0.0, γE[v]=0.0, Q=0.0 (bayes)
2026-09-22 18:18:23,004 INFO: Plan 1: ḡ=0.0, γE[v]=0.0, Q=0.0 (bayes)
2026-09-22 18:18:23,004 INFO: Plan 2: ḡ=0.0, γE[v]=0.0, Q=0.0 (bayes)
2026-09-22 18:18:27,635 INFO: Plan 2: ḡ=0, γE[v]=0.0, Q=0.0 (fn)
2026-09-22 18:18:27,726 INFO: Plan 1: ḡ=0, γE[v]=0.0, Q=0.0 (fn)
2026-09-22 18:18:27,731 INFO: Plan 0: ḡ=0, γE[v]=0.0, Q=0.0 (fn)
2026-09-22 18:18:27,732 INFO: Plan 0: ḡ=0.0, γE[v]=0.0, Q=0.0 (bayes)
2026-09-22 18:18:27,732 INFO: Plan 1: ḡ=0.0, γE[v]=0.0, Q=0.0 (bayes)
2026-09-22 18:18:27,732 INFO: Plan 2: ḡ=0.0, γE[v]=0.0, Q=0.0 (bayes)
  [31/93] rich.pretty seed=42: {'random': 71, 'greedy': 71, 'cov_greedy': 109, 'covqvalue2': 116}
2026-09-22 18:18:33,245 INFO: Plan 0: ḡ=38, γE[v]=8.5, Q=46.5 (fn)
2026-09-22 18:18:33,337 INFO: Plan 1: ḡ=386, γE[v]=16.0, Q=402.0 (fn)
2026-09-22 18:18:33,491 INFO: Plan 2: ḡ=328, γE[v]=14.5, Q=342.5 (fn)
2026-09-22 18:18:33,492 INFO: Plan 0: ḡ=19.0, γE[v]=101.4, Q=120.4 (bayes)
2026-09-22 18:18:33,492 INFO: Plan 1: ḡ=193.0, γE[v]=14.7, Q=207.7 (bayes)
2026-09-22 18:18:33,492 INFO: Plan 2: ḡ=164.0, γE[v]=29.2, Q=193.2 (bayes)
2026-09-22 18:18:39,980 INFO: Plan 2: ḡ=46, γE[v]=0.0, Q=46.0 (fn)
2026-09-22 18:18:40,020 INFO: Plan 0: ḡ=24, γE[v]=0.0, Q=24.0 (fn)
2026-09-22 18:18:40,196 INFO: Plan 1: ḡ=56, γE[v]=8.5, Q=64.5 (fn)
2026-09-22 18:18:40,196 INFO: Plan 0: ḡ=12.0, γE[v]=10.8, Q=22.8 (bayes)
2026-09-22 18:18:40,196 INFO: Plan 1: ḡ=19.5, γE[v]=7.5, Q=27.0 (bayes)
2026-09-22 18:18:40,196 INFO: Plan 2: ḡ=15.3, γE[v]=9.2, Q=24.5 (bayes)
2026-09-22 18:18:45,364 INFO: Plan 0: ḡ=2, γE[v]=0.0, Q=2.0 (fn)
2026-09-22 18:18:45,443 INFO: Plan 2: ḡ=0, γE[v]=0.0, Q=0.0 (fn)
2026-09-22 18:18:47,649 INFO: Plan 1: ḡ=31, γE[v]=0.0, Q=31.0 (fn)
2026-09-22 18:18:47,649 INFO: Plan 0: ḡ=1.0, γE[v]=5.2, Q=6.2 (bayes)
2026-09-22 18:18:47,649 INFO: Plan 1: ḡ=10.3, γE[v]=0.5, Q=10.8 (bayes)
2026-09-22 18:18:47,649 INFO: Plan 2: ḡ=0.0, γE[v]=5.7, Q=5.7 (bayes)
2026-09-22 18:18:52,506 INFO: Plan 2: ḡ=0, γE[v]=0.0, Q=0.0 (fn)
2026-09-22 18:18:52,583 INFO: Plan 0: ḡ=1, γE[v]=0.0, Q=1.0 (fn)
2026-09-22 18:18:53,449 INFO: Plan 1: ḡ=1, γE[v]=0.0, Q=1.0 (fn)
2026-09-22 18:18:53,450 INFO: Plan 0: ḡ=0.5, γE[v]=0.2, Q=0.8 (bayes)
2026-09-22 18:18:53,450 INFO: Plan 1: ḡ=0.5, γE[v]=0.2, Q=0.8 (bayes)
2026-09-22 18:18:53,450 INFO: Plan 2: ḡ=0.0, γE[v]=0.5, Q=0.5 (bayes)
2026-09-22 18:18:59,174 INFO: Plan 2: ḡ=0, γE[v]=0.0, Q=0.0 (fn)
2026-09-22 18:18:59,240 INFO: Plan 0: ḡ=0, γE[v]=0.0, Q=0.0 (fn)
2026-09-22 18:19:00,469 INFO: Plan 1: ḡ=0, γE[v]=0.0, Q=0.0 (fn)
2026-09-22 18:19:00,469 INFO: Plan 0: ḡ=0.0, γE[v]=0.2, Q=0.2 (bayes)
2026-09-22 18:19:00,469 INFO: Plan 1: ḡ=0.0, γE[v]=0.2, Q=0.2 (bayes)
2026-09-22 18:19:00,469 INFO: Plan 2: ḡ=0.0, γE[v]=0.2, Q=0.2 (bayes)
2026-09-22 18:19:01,174 INFO: Plan 0: ḡ=129, γE[v]=105.5, Q=234.5 (fn)
2026-09-22 18:19:01,320 INFO: Plan 1: ḡ=76, γE[v]=85.5, Q=161.5 (fn)
2026-09-22 18:19:06,071 INFO: Plan 2: ḡ=0, γE[v]=0.0, Q=0.0 (fn)
2026-09-22 18:19:06,198 INFO: Plan 0: ḡ=1, γE[v]=0.0, Q=1.0 (fn)
2026-09-22 18:19:06,471 INFO: Plan 1: ḡ=0, γE[v]=0.0, Q=0.0 (fn)
2026-09-22 18:19:06,472 INFO: Plan 0: ḡ=0.5, γE[v]=0.0, Q=0.5 (bayes)
2026-09-22 18:19:06,472 INFO: Plan 1: ḡ=0.0, γE[v]=0.2, Q=0.2 (bayes)
2026-09-22 18:19:06,472 INFO: Plan 2: ḡ=0.0, γE[v]=0.2, Q=0.2 (bayes)
2026-09-22 18:19:12,057 INFO: Plan 0: ḡ=1, γE[v]=0.0, Q=1.0 (fn)
2026-09-22 18:19:12,078 INFO: Plan 1: ḡ=0, γE[v]=0.0, Q=0.0 (fn)
2026-09-22 18:19:12,285 INFO: Plan 2: ḡ=0, γE[v]=0.0, Q=0.0 (fn)
2026-09-22 18:19:12,285 INFO: Plan 0: ḡ=0.7, γE[v]=0.0, Q=0.7 (bayes)
2026-09-22 18:19:12,285 INFO: Plan 1: ḡ=0.0, γE[v]=0.3, Q=0.3 (bayes)
2026-09-22 18:19:12,285 INFO: Plan 2: ḡ=0.0, γE[v]=0.3, Q=0.3 (bayes)
2026-09-22 18:19:15,467 INFO: Plan 2: ḡ=176, γE[v]=63.5, Q=239.5 (fn)
2026-09-22 18:19:15,467 INFO: Plan 0: ḡ=64.5, γE[v]=73.2, Q=137.8 (bayes)
2026-09-22 18:19:15,468 INFO: Plan 1: ḡ=38.0, γE[v]=85.6, Q=123.6 (bayes)
2026-09-22 18:19:15,468 INFO: Plan 2: ḡ=88.0, γE[v]=59.6, Q=147.6 (bayes)
2026-09-22 18:19:18,815 INFO: Plan 2: ḡ=0, γE[v]=0.0, Q=0.0 (fn)
2026-09-22 18:19:18,816 INFO: Plan 0: ḡ=1, γE[v]=0.0, Q=1.0 (fn)
2026-09-22 18:19:18,831 INFO: Plan 1: ḡ=0, γE[v]=0.0, Q=0.0 (fn)
2026-09-22 18:19:18,831 INFO: Plan 0: ḡ=0.8, γE[v]=0.0, Q=0.8 (bayes)
2026-09-22 18:19:18,831 INFO: Plan 1: ḡ=0.0, γE[v]=0.4, Q=0.4 (bayes)
2026-09-22 18:19:18,831 INFO: Plan 2: ḡ=0.0, γE[v]=0.4, Q=0.4 (bayes)
2026-09-22 18:19:20,573 INFO: Plan 0: ḡ=89, γE[v]=0.0, Q=89.0 (fn)
  [32/93] rich.syntax seed=42: {'random': 48, 'greedy': 48, 'cov_greedy': 103, 'covqvalue2': 114}
2026-09-22 18:19:21,747 INFO: Plan 2: ḡ=8, γE[v]=0.0, Q=8.0 (fn)
2026-09-22 18:19:21,946 INFO: Plan 1: ḡ=41, γE[v]=0.0, Q=41.0 (fn)
2026-09-22 18:19:21,947 INFO: Plan 0: ḡ=34.8, γE[v]=26.3, Q=61.2 (bayes)
2026-09-22 18:19:21,947 INFO: Plan 1: ḡ=14.8, γE[v]=36.3, Q=51.2 (bayes)
2026-09-22 18:19:21,947 INFO: Plan 2: ḡ=3.3, γE[v]=42.1, Q=45.4 (bayes)
2026-09-22 18:19:26,686 INFO: Plan 0: ḡ=82, γE[v]=0.0, Q=82.0 (fn)
2026-09-22 18:19:26,723 INFO: Plan 1: ḡ=104, γE[v]=0.0, Q=104.0 (fn)
2026-09-22 18:19:26,853 INFO: Plan 2: ḡ=6, γE[v]=0.0, Q=6.0 (fn)
2026-09-22 18:19:26,854 INFO: Plan 0: ḡ=38.0, γE[v]=9.4, Q=47.4 (bayes)
2026-09-22 18:19:26,854 INFO: Plan 1: ḡ=42.1, γE[v]=7.3, Q=49.4 (bayes)
2026-09-22 18:19:26,854 INFO: Plan 2: ḡ=2.7, γE[v]=27.0, Q=29.7 (bayes)
2026-09-22 18:19:30,157 INFO: Plan 0: ḡ=18, γE[v]=0.0, Q=18.0 (fn)
2026-09-22 18:19:30,339 INFO: Plan 2: ḡ=224, γE[v]=0.0, Q=224.0 (fn)
2026-09-22 18:19:31,656 INFO: Plan 1: ḡ=244, γE[v]=0.0, Q=244.0 (fn)
2026-09-22 18:19:31,656 INFO: Plan 0: ḡ=9.0, γE[v]=79.2, Q=88.2 (bayes)
2026-09-22 18:19:31,656 INFO: Plan 1: ḡ=122.0, γE[v]=22.8, Q=144.8 (bayes)
2026-09-22 18:19:31,656 INFO: Plan 2: ḡ=112.0, γE[v]=27.8, Q=139.8 (bayes)
2026-09-22 18:19:31,746 INFO: Plan 0: ḡ=27, γE[v]=0.0, Q=27.0 (fn)
2026-09-22 18:19:31,922 INFO: Plan 2: ḡ=5, γE[v]=0.5, Q=5.5 (fn)
2026-09-22 18:19:31,998 INFO: Plan 1: ḡ=26, γE[v]=0.0, Q=26.0 (fn)
2026-09-22 18:19:31,998 INFO: Plan 0: ḡ=10.5, γE[v]=3.8, Q=14.3 (bayes)
2026-09-22 18:19:31,998 INFO: Plan 1: ḡ=7.7, γE[v]=5.2, Q=12.9 (bayes)
2026-09-22 18:19:31,998 INFO: Plan 2: ḡ=2.2, γE[v]=8.0, Q=10.2 (bayes)
2026-09-22 18:19:36,703 INFO: Plan 0: ḡ=19, γE[v]=0.0, Q=19.0 (fn)
2026-09-22 18:19:36,762 INFO: Plan 2: ḡ=5, γE[v]=0.5, Q=5.5 (fn)
2026-09-22 18:19:36,849 INFO: Plan 1: ḡ=8, γE[v]=0.0, Q=8.0 (fn)
2026-09-22 18:19:36,850 INFO: Plan 0: ḡ=4.8, γE[v]=1.6, Q=6.3 (bayes)
2026-09-22 18:19:36,850 INFO: Plan 1: ḡ=3.2, γE[v]=2.4, Q=5.5 (bayes)
2026-09-22 18:19:36,850 INFO: Plan 2: ḡ=2.2, γE[v]=2.9, Q=5.1 (bayes)
2026-09-22 18:19:37,748 INFO: Plan 2: ḡ=61, γE[v]=0.0, Q=61.0 (fn)
2026-09-22 18:19:37,759 INFO: Plan 0: ḡ=21, γE[v]=8.0, Q=29.0 (fn)
2026-09-22 18:19:37,770 INFO: Plan 1: ḡ=32, γE[v]=5.5, Q=37.5 (fn)
2026-09-22 18:19:37,771 INFO: Plan 0: ḡ=12.7, γE[v]=22.1, Q=34.8 (bayes)
2026-09-22 18:19:37,771 INFO: Plan 1: ḡ=16.0, γE[v]=20.3, Q=36.3 (bayes)
2026-09-22 18:19:37,771 INFO: Plan 2: ḡ=30.5, γE[v]=12.8, Q=43.3 (bayes)
2026-09-22 18:19:42,276 INFO: Plan 2: ḡ=5, γE[v]=0.5, Q=5.5 (fn)
2026-09-22 18:19:42,319 INFO: Plan 0: ḡ=8, γE[v]=0.5, Q=8.5 (fn)
2026-09-22 18:19:42,325 INFO: Plan 0: ḡ=36, γE[v]=0.0, Q=36.0 (fn)
2026-09-22 18:19:42,364 INFO: Plan 1: ḡ=20, γE[v]=0.0, Q=20.0 (fn)
2026-09-22 18:19:42,678 INFO: Plan 2: ḡ=4, γE[v]=0.0, Q=4.0 (fn)
2026-09-22 18:19:42,678 INFO: Plan 0: ḡ=20.3, γE[v]=3.2, Q=23.5 (bayes)
2026-09-22 18:19:42,678 INFO: Plan 1: ḡ=10.0, γE[v]=8.3, Q=18.3 (bayes)
2026-09-22 18:19:42,678 INFO: Plan 2: ḡ=1.3, γE[v]=12.7, Q=14.0 (bayes)
2026-09-22 18:19:44,690 INFO: Plan 1: ḡ=4, γE[v]=1.0, Q=5.0 (fn)
2026-09-22 18:19:44,691 INFO: Plan 0: ḡ=2.9, γE[v]=0.3, Q=3.1 (bayes)
2026-09-22 18:19:44,691 INFO: Plan 1: ḡ=1.7, γE[v]=0.9, Q=2.6 (bayes)
2026-09-22 18:19:44,691 INFO: Plan 2: ḡ=2.2, γE[v]=0.6, Q=2.8 (bayes)
2026-09-22 18:19:47,993 INFO: Plan 1: ḡ=6, γE[v]=2.5, Q=8.5 (fn)
2026-09-22 18:19:48,052 INFO: Plan 2: ḡ=15, γE[v]=0.0, Q=15.0 (fn)
2026-09-22 18:19:48,398 INFO: Plan 0: ḡ=16, γE[v]=0.0, Q=16.0 (fn)
2026-09-22 18:19:48,398 INFO: Plan 0: ḡ=11.5, γE[v]=3.2, Q=14.7 (bayes)
2026-09-22 18:19:48,399 INFO: Plan 1: ḡ=2.8, γE[v]=7.7, Q=10.4 (bayes)
2026-09-22 18:19:48,399 INFO: Plan 2: ḡ=6.6, γE[v]=5.6, Q=12.2 (bayes)
2026-09-22 18:19:49,651 INFO: Plan 0: ḡ=1, γE[v]=0.0, Q=1.0 (fn)
2026-09-22 18:19:49,736 INFO: Plan 1: ḡ=1, γE[v]=0.0, Q=1.0 (fn)
2026-09-22 18:19:50,559 INFO: Plan 2: ḡ=0, γE[v]=0.0, Q=0.0 (fn)
2026-09-22 18:19:50,559 INFO: Plan 0: ḡ=0.2, γE[v]=0.2, Q=0.3 (bayes)
2026-09-22 18:19:50,559 INFO: Plan 1: ḡ=0.3, γE[v]=0.1, Q=0.4 (bayes)
2026-09-22 18:19:50,560 INFO: Plan 2: ḡ=0.0, γE[v]=0.2, Q=0.2 (bayes)
2026-09-22 18:19:53,520 INFO: Plan 1: ḡ=11, γE[v]=0.0, Q=11.0 (fn)
2026-09-22 18:19:54,013 INFO: Plan 0: ḡ=16, γE[v]=0.0, Q=16.0 (fn)
2026-09-22 18:19:54,886 INFO: Plan 2: ḡ=19, γE[v]=0.0, Q=19.0 (fn)
2026-09-22 18:19:54,886 INFO: Plan 0: ḡ=12.2, γE[v]=3.2, Q=15.4 (bayes)
2026-09-22 18:19:54,887 INFO: Plan 1: ḡ=5.2, γE[v]=6.7, Q=11.9 (bayes)
2026-09-22 18:19:54,887 INFO: Plan 2: ḡ=13.3, γE[v]=2.6, Q=15.9 (bayes)
2026-09-22 18:19:55,732 INFO: Plan 1: ḡ=0, γE[v]=0.0, Q=0.0 (fn)
2026-09-22 18:19:55,867 INFO: Plan 2: ḡ=0, γE[v]=0.0, Q=0.0 (fn)
2026-09-22 18:19:57,946 INFO: Plan 0: ḡ=1, γE[v]=0.0, Q=1.0 (fn)
2026-09-22 18:19:57,947 INFO: Plan 0: ḡ=0.2, γE[v]=0.0, Q=0.2 (bayes)
2026-09-22 18:19:57,947 INFO: Plan 1: ḡ=0.0, γE[v]=0.1, Q=0.1 (bayes)
2026-09-22 18:19:57,947 INFO: Plan 2: ḡ=0.0, γE[v]=0.1, Q=0.1 (bayes)
2026-09-22 18:19:59,574 INFO: Plan 1: ḡ=1, γE[v]=0.0, Q=1.0 (fn)
2026-09-22 18:19:59,758 INFO: Plan 2: ḡ=10, γE[v]=0.0, Q=10.0 (fn)
  [33/93] rich.style seed=42: {'random': 84, 'greedy': 84, 'cov_greedy': 162, 'covqvalue2': 148}
2026-09-22 18:20:00,182 INFO: Plan 0: ḡ=16, γE[v]=0.0, Q=16.0 (fn)
2026-09-22 18:20:00,183 INFO: Plan 0: ḡ=12.7, γE[v]=2.5, Q=15.2 (bayes)
2026-09-22 18:20:00,183 INFO: Plan 1: ḡ=0.2, γE[v]=8.8, Q=8.9 (bayes)
2026-09-22 18:20:00,183 INFO: Plan 2: ḡ=5.0, γE[v]=6.3, Q=11.3 (bayes)
2026-09-22 18:20:05,395 INFO: Plan 0: ḡ=15, γE[v]=0.0, Q=15.0 (fn)
2026-09-22 18:20:05,431 INFO: Plan 2: ḡ=10, γE[v]=0.0, Q=10.0 (fn)
2026-09-22 18:20:05,924 INFO: Plan 1: ḡ=8, γE[v]=0.0, Q=8.0 (fn)
2026-09-22 18:20:05,924 INFO: Plan 0: ḡ=12.9, γE[v]=2.5, Q=15.4 (bayes)
2026-09-22 18:20:05,924 INFO: Plan 1: ḡ=5.8, γE[v]=6.0, Q=11.8 (bayes)
2026-09-22 18:20:05,925 INFO: Plan 2: ḡ=5.0, γE[v]=6.4, Q=11.4 (bayes)
2026-09-22 18:20:10,637 INFO: Plan 1: ḡ=5, γE[v]=0.0, Q=5.0 (fn)
2026-09-22 18:20:10,858 INFO: Plan 2: ḡ=7, γE[v]=0.0, Q=7.0 (fn)
2026-09-22 18:20:10,864 INFO: Plan 0: ḡ=15, γE[v]=0.0, Q=15.0 (fn)
2026-09-22 18:20:10,865 INFO: Plan 0: ḡ=13.1, γE[v]=2.5, Q=15.6 (bayes)
2026-09-22 18:20:10,865 INFO: Plan 1: ḡ=4.4, γE[v]=6.9, Q=11.2 (bayes)
2026-09-22 18:20:10,865 INFO: Plan 2: ḡ=3.5, γE[v]=7.3, Q=10.8 (bayes)
  [34/93] rich.markdown seed=42: {'random': 51, 'greedy': 59, 'cov_greedy': 101, 'covqvalue2': 86}
2026-09-22 18:20:17,864 INFO: Plan 0: ḡ=437, γE[v]=10.0, Q=447.0 (fn)
2026-09-22 18:20:17,905 INFO: Plan 1: ḡ=373, γE[v]=0.0, Q=373.0 (fn)
2026-09-22 18:20:18,854 INFO: Plan 2: ḡ=327, γE[v]=23.0, Q=350.0 (fn)
2026-09-22 18:20:18,854 INFO: Plan 0: ḡ=218.5, γE[v]=5.5, Q=223.9 (bayes)
2026-09-22 18:20:18,854 INFO: Plan 1: ḡ=186.5, γE[v]=21.0, Q=207.5 (bayes)
2026-09-22 18:20:18,854 INFO: Plan 2: ḡ=163.5, γE[v]=33.5, Q=197.0 (bayes)
2026-09-22 18:20:24,405 INFO: Plan 1: ḡ=200, γE[v]=10.0, Q=210.0 (fn)
2026-09-22 18:20:24,707 INFO: Plan 0: ḡ=220, γE[v]=0.0, Q=220.0 (fn)
2026-09-22 18:20:25,166 INFO: Plan 2: ḡ=220, γE[v]=0.0, Q=220.0 (fn)
2026-09-22 18:20:25,166 INFO: Plan 0: ḡ=73.3, γE[v]=0.0, Q=73.3 (bayes)
2026-09-22 18:20:25,166 INFO: Plan 1: ḡ=66.7, γE[v]=3.9, Q=70.6 (bayes)
2026-09-22 18:20:25,166 INFO: Plan 2: ḡ=73.3, γE[v]=0.0, Q=73.3 (bayes)
2026-09-22 18:20:30,439 INFO: Plan 0: ḡ=220, γE[v]=0.0, Q=220.0 (fn)
2026-09-22 18:20:30,443 INFO: Plan 2: ḡ=220, γE[v]=0.0, Q=220.0 (fn)
2026-09-22 18:20:30,599 INFO: Plan 1: ḡ=200, γE[v]=0.0, Q=200.0 (fn)
2026-09-22 18:20:30,600 INFO: Plan 0: ḡ=55.0, γE[v]=0.0, Q=55.0 (bayes)
2026-09-22 18:20:30,600 INFO: Plan 1: ḡ=50.0, γE[v]=2.5, Q=52.5 (bayes)
2026-09-22 18:20:30,600 INFO: Plan 2: ḡ=55.0, γE[v]=0.0, Q=55.0 (bayes)
2026-09-22 18:20:36,323 INFO: Plan 2: ḡ=94, γE[v]=3.5, Q=97.5 (fn)
2026-09-22 18:20:36,359 INFO: Plan 1: ḡ=180, γE[v]=0.0, Q=180.0 (fn)
2026-09-22 18:20:36,368 INFO: Plan 0: ḡ=58, γE[v]=0.0, Q=58.0 (fn)
2026-09-22 18:20:36,368 INFO: Plan 0: ḡ=29.0, γE[v]=61.2, Q=90.2 (bayes)
2026-09-22 18:20:36,368 INFO: Plan 1: ḡ=90.0, γE[v]=30.8, Q=120.8 (bayes)
2026-09-22 18:20:36,368 INFO: Plan 2: ḡ=47.0, γE[v]=52.4, Q=99.4 (bayes)
2026-09-22 18:20:36,677 INFO: Plan 2: ḡ=0, γE[v]=0.0, Q=0.0 (fn)
2026-09-22 18:20:36,829 INFO: Plan 0: ḡ=0, γE[v]=0.0, Q=0.0 (fn)
2026-09-22 18:20:37,119 INFO: Plan 1: ḡ=0, γE[v]=0.0, Q=0.0 (fn)
2026-09-22 18:20:37,119 INFO: Plan 0: ḡ=0.0, γE[v]=0.0, Q=0.0 (bayes)
2026-09-22 18:20:37,119 INFO: Plan 1: ḡ=0.0, γE[v]=0.0, Q=0.0 (bayes)
2026-09-22 18:20:37,120 INFO: Plan 2: ḡ=0.0, γE[v]=0.0, Q=0.0 (bayes)
2026-09-22 18:20:41,963 INFO: Plan 1: ḡ=49, γE[v]=0.0, Q=49.0 (fn)
2026-09-22 18:20:41,968 INFO: Plan 0: ḡ=71, γE[v]=0.0, Q=71.0 (fn)
2026-09-22 18:20:42,035 INFO: Plan 2: ḡ=123, γE[v]=0.0, Q=123.0 (fn)
2026-09-22 18:20:42,036 INFO: Plan 0: ḡ=29.7, γE[v]=29.3, Q=59.0 (bayes)
2026-09-22 18:20:42,036 INFO: Plan 1: ḡ=24.5, γE[v]=31.9, Q=56.4 (bayes)
2026-09-22 18:20:42,036 INFO: Plan 2: ḡ=46.3, γE[v]=21.0, Q=67.3 (bayes)
2026-09-22 18:20:42,767 INFO: Plan 0: ḡ=0, γE[v]=0.0, Q=0.0 (fn)
2026-09-22 18:20:42,922 INFO: Plan 1: ḡ=0, γE[v]=0.0, Q=0.0 (fn)
2026-09-22 18:20:43,192 INFO: Plan 2: ḡ=0, γE[v]=0.0, Q=0.0 (fn)
2026-09-22 18:20:43,192 INFO: Plan 0: ḡ=0.0, γE[v]=0.0, Q=0.0 (bayes)
2026-09-22 18:20:43,192 INFO: Plan 1: ḡ=0.0, γE[v]=0.0, Q=0.0 (bayes)
2026-09-22 18:20:43,192 INFO: Plan 2: ḡ=0.0, γE[v]=0.0, Q=0.0 (bayes)
2026-09-22 18:20:47,158 INFO: Plan 0: ḡ=27, γE[v]=0.0, Q=27.0 (fn)
2026-09-22 18:20:47,199 INFO: Plan 1: ḡ=39, γE[v]=0.0, Q=39.0 (fn)
2026-09-22 18:20:47,389 INFO: Plan 2: ḡ=18, γE[v]=0.0, Q=18.0 (fn)
2026-09-22 18:20:47,390 INFO: Plan 0: ḡ=13.5, γE[v]=14.2, Q=27.8 (bayes)
2026-09-22 18:20:47,390 INFO: Plan 1: ḡ=19.5, γE[v]=11.2, Q=30.8 (bayes)
2026-09-22 18:20:47,390 INFO: Plan 2: ḡ=9.0, γE[v]=16.5, Q=25.5 (bayes)
2026-09-22 18:20:49,278 INFO: Plan 1: ḡ=0, γE[v]=0.0, Q=0.0 (fn)
2026-09-22 18:20:49,374 INFO: Plan 2: ḡ=0, γE[v]=0.0, Q=0.0 (fn)
2026-09-22 18:20:49,760 INFO: Plan 0: ḡ=0, γE[v]=0.0, Q=0.0 (fn)
2026-09-22 18:20:49,760 INFO: Plan 0: ḡ=0.0, γE[v]=0.0, Q=0.0 (bayes)
2026-09-22 18:20:49,760 INFO: Plan 1: ḡ=0.0, γE[v]=0.0, Q=0.0 (bayes)
2026-09-22 18:20:49,760 INFO: Plan 2: ḡ=0.0, γE[v]=0.0, Q=0.0 (bayes)
2026-09-22 18:20:52,423 INFO: Plan 0: ḡ=23, γE[v]=0.0, Q=23.0 (fn)
2026-09-22 18:20:52,867 INFO: Plan 2: ḡ=10, γE[v]=0.0, Q=10.0 (fn)
2026-09-22 18:20:53,133 INFO: Plan 1: ḡ=13, γE[v]=0.0, Q=13.0 (fn)
2026-09-22 18:20:53,134 INFO: Plan 0: ḡ=11.5, γE[v]=5.5, Q=17.0 (bayes)
2026-09-22 18:20:53,134 INFO: Plan 1: ḡ=6.5, γE[v]=8.0, Q=14.5 (bayes)
2026-09-22 18:20:53,134 INFO: Plan 2: ḡ=5.0, γE[v]=8.8, Q=13.8 (bayes)
2026-09-22 18:20:55,561 INFO: Plan 2: ḡ=0, γE[v]=0.0, Q=0.0 (fn)
2026-09-22 18:20:55,563 INFO: Plan 1: ḡ=0, γE[v]=0.0, Q=0.0 (fn)
2026-09-22 18:20:55,764 INFO: Plan 0: ḡ=0, γE[v]=0.0, Q=0.0 (fn)
2026-09-22 18:20:55,764 INFO: Plan 0: ḡ=0.0, γE[v]=0.0, Q=0.0 (bayes)
2026-09-22 18:20:55,764 INFO: Plan 1: ḡ=0.0, γE[v]=0.0, Q=0.0 (bayes)
2026-09-22 18:20:55,764 INFO: Plan 2: ḡ=0.0, γE[v]=0.0, Q=0.0 (bayes)
2026-09-22 18:21:01,537 INFO: Plan 2: ḡ=0, γE[v]=0.0, Q=0.0 (fn)
2026-09-22 18:21:01,595 INFO: Plan 0: ḡ=0, γE[v]=0.0, Q=0.0 (fn)
2026-09-22 18:21:01,621 INFO: Plan 0: ḡ=10, γE[v]=0.0, Q=10.0 (fn)
2026-09-22 18:21:01,693 INFO: Plan 1: ḡ=0, γE[v]=0.0, Q=0.0 (fn)
2026-09-22 18:21:01,694 INFO: Plan 0: ḡ=0.0, γE[v]=0.0, Q=0.0 (bayes)
2026-09-22 18:21:01,694 INFO: Plan 1: ḡ=0.0, γE[v]=0.0, Q=0.0 (bayes)
2026-09-22 18:21:01,694 INFO: Plan 2: ḡ=0.0, γE[v]=0.0, Q=0.0 (bayes)
2026-09-22 18:21:02,327 INFO: Plan 2: ḡ=0, γE[v]=0.0, Q=0.0 (fn)
2026-09-22 18:21:02,404 INFO: Plan 1: ḡ=12, γE[v]=0.0, Q=12.0 (fn)
2026-09-22 18:21:02,405 INFO: Plan 0: ḡ=5.0, γE[v]=3.0, Q=8.0 (bayes)
2026-09-22 18:21:02,405 INFO: Plan 1: ḡ=6.0, γE[v]=2.5, Q=8.5 (bayes)
2026-09-22 18:21:02,405 INFO: Plan 2: ḡ=0.0, γE[v]=5.5, Q=5.5 (bayes)
  [35/93] rich.traceback seed=42: {'random': 63, 'greedy': 65, 'cov_greedy': 84, 'covqvalue2': 85}
2026-09-22 18:21:07,024 INFO: Plan 1: ḡ=6, γE[v]=0.0, Q=6.0 (fn)
2026-09-22 18:21:07,222 INFO: Plan 2: ḡ=4, γE[v]=0.0, Q=4.0 (fn)
2026-09-22 18:21:07,810 INFO: Plan 0: ḡ=4, γE[v]=0.0, Q=4.0 (fn)
2026-09-22 18:21:07,810 INFO: Plan 0: ḡ=2.0, γE[v]=1.5, Q=3.5 (bayes)
2026-09-22 18:21:07,810 INFO: Plan 1: ḡ=3.0, γE[v]=1.0, Q=4.0 (bayes)
2026-09-22 18:21:07,810 INFO: Plan 2: ḡ=2.0, γE[v]=1.5, Q=3.5 (bayes)
2026-09-22 18:21:13,234 INFO: Plan 0: ḡ=4, γE[v]=0.0, Q=4.0 (fn)
2026-09-22 18:21:13,371 INFO: Plan 2: ḡ=4, γE[v]=0.0, Q=4.0 (fn)
2026-09-22 18:21:15,464 INFO: Plan 0: ḡ=42, γE[v]=66.0, Q=108.0 (fn)
2026-09-22 18:21:15,492 INFO: Plan 1: ḡ=4, γE[v]=0.0, Q=4.0 (fn)
2026-09-22 18:21:15,493 INFO: Plan 0: ḡ=2.0, γE[v]=0.0, Q=2.0 (bayes)
2026-09-22 18:21:15,493 INFO: Plan 1: ḡ=2.0, γE[v]=0.0, Q=2.0 (bayes)
2026-09-22 18:21:15,493 INFO: Plan 2: ḡ=2.0, γE[v]=0.0, Q=2.0 (bayes)
2026-09-22 18:21:15,600 INFO: Plan 1: ḡ=46, γE[v]=45.5, Q=91.5 (fn)
2026-09-22 18:21:15,862 INFO: Plan 2: ḡ=100, γE[v]=37.5, Q=137.5 (fn)
2026-09-22 18:21:15,863 INFO: Plan 0: ḡ=21.0, γE[v]=40.0, Q=61.0 (bayes)
2026-09-22 18:21:15,863 INFO: Plan 1: ḡ=23.0, γE[v]=38.0, Q=61.0 (bayes)
2026-09-22 18:21:15,863 INFO: Plan 2: ḡ=50.0, γE[v]=24.2, Q=74.2 (bayes)
2026-09-22 18:21:20,215 INFO: Plan 0: ḡ=4, γE[v]=0.0, Q=4.0 (fn)
2026-09-22 18:21:20,263 INFO: Plan 1: ḡ=4, γE[v]=0.0, Q=4.0 (fn)
2026-09-22 18:21:20,452 INFO: Plan 2: ḡ=4, γE[v]=0.0, Q=4.0 (fn)
2026-09-22 18:21:20,453 INFO: Plan 0: ḡ=1.3, γE[v]=0.0, Q=1.3 (bayes)
2026-09-22 18:21:20,453 INFO: Plan 1: ḡ=1.3, γE[v]=0.0, Q=1.3 (bayes)
2026-09-22 18:21:20,453 INFO: Plan 2: ḡ=1.3, γE[v]=0.0, Q=1.3 (bayes)
2026-09-22 18:21:21,370 INFO: Plan 2: ḡ=56, γE[v]=0.0, Q=56.0 (fn)
2026-09-22 18:21:21,459 INFO: Plan 1: ḡ=90, γE[v]=0.0, Q=90.0 (fn)
2026-09-22 18:21:21,625 INFO: Plan 0: ḡ=97, γE[v]=2.5, Q=99.5 (fn)
2026-09-22 18:21:21,625 INFO: Plan 0: ḡ=33.8, γE[v]=1.0, Q=34.8 (bayes)
2026-09-22 18:21:21,625 INFO: Plan 1: ḡ=30.3, γE[v]=2.6, Q=32.9 (bayes)
2026-09-22 18:21:21,625 INFO: Plan 2: ḡ=18.7, γE[v]=8.4, Q=27.1 (bayes)
  [36/93] rich.segment seed=42: {'random': 59, 'greedy': 59, 'cov_greedy': 142, 'covqvalue2': 164}
2026-09-22 18:21:26,452 INFO: Plan 1: ḡ=6, γE[v]=0.0, Q=6.0 (fn)
2026-09-22 18:21:26,590 INFO: Plan 0: ḡ=7, γE[v]=0.0, Q=7.0 (fn)
2026-09-22 18:21:26,781 INFO: Plan 2: ḡ=5, γE[v]=0.0, Q=5.0 (fn)
2026-09-22 18:21:26,782 INFO: Plan 0: ḡ=4.7, γE[v]=0.8, Q=5.4 (bayes)
2026-09-22 18:21:26,782 INFO: Plan 1: ḡ=1.5, γE[v]=2.3, Q=3.8 (bayes)
2026-09-22 18:21:26,782 INFO: Plan 2: ḡ=1.2, γE[v]=2.5, Q=3.7 (bayes)
2026-09-22 18:21:31,934 INFO: Plan 0: ḡ=7, γE[v]=0.0, Q=7.0 (fn)
2026-09-22 18:21:31,989 INFO: Plan 2: ḡ=5, γE[v]=0.0, Q=5.0 (fn)
2026-09-22 18:21:32,040 INFO: Plan 1: ḡ=6, γE[v]=0.0, Q=6.0 (fn)
2026-09-22 18:21:32,040 INFO: Plan 0: ḡ=5.2, γE[v]=0.8, Q=6.0 (bayes)
2026-09-22 18:21:32,041 INFO: Plan 1: ḡ=1.5, γE[v]=2.6, Q=4.1 (bayes)
2026-09-22 18:21:32,041 INFO: Plan 2: ḡ=1.2, γE[v]=2.8, Q=4.0 (bayes)
2026-09-22 18:21:37,254 INFO: Plan 1: ḡ=6, γE[v]=0.0, Q=6.0 (fn)
2026-09-22 18:21:37,351 INFO: Plan 0: ḡ=7, γE[v]=0.0, Q=7.0 (fn)
2026-09-22 18:21:38,043 INFO: Plan 2: ḡ=145, γE[v]=15.0, Q=160.0 (fn)
2026-09-22 18:21:38,254 INFO: Plan 2: ḡ=5, γE[v]=0.0, Q=5.0 (fn)
2026-09-22 18:21:38,254 INFO: Plan 0: ḡ=5.6, γE[v]=0.8, Q=6.3 (bayes)
2026-09-22 18:21:38,254 INFO: Plan 1: ḡ=1.5, γE[v]=2.8, Q=4.3 (bayes)
2026-09-22 18:21:38,255 INFO: Plan 2: ḡ=1.2, γE[v]=2.9, Q=4.2 (bayes)
2026-09-22 18:21:38,322 INFO: Plan 0: ḡ=72, γE[v]=48.0, Q=120.0 (fn)
2026-09-22 18:21:38,725 INFO: Plan 1: ḡ=26, γE[v]=46.0, Q=72.0 (fn)
2026-09-22 18:21:38,726 INFO: Plan 0: ḡ=36.0, γE[v]=29.9, Q=65.9 (bayes)
2026-09-22 18:21:38,726 INFO: Plan 1: ḡ=13.0, γE[v]=41.3, Q=54.3 (bayes)
2026-09-22 18:21:38,726 INFO: Plan 2: ḡ=72.5, γE[v]=10.2, Q=82.7 (bayes)
2026-09-22 18:21:43,268 INFO: Plan 0: ḡ=0, γE[v]=0.0, Q=0.0 (fn)
2026-09-22 18:21:43,529 INFO: Plan 1: ḡ=6, γE[v]=0.0, Q=6.0 (fn)
2026-09-22 18:21:43,694 INFO: Plan 2: ḡ=0, γE[v]=0.0, Q=0.0 (fn)
2026-09-22 18:21:43,695 INFO: Plan 0: ḡ=0.0, γE[v]=3.7, Q=3.7 (bayes)
2026-09-22 18:21:43,695 INFO: Plan 1: ḡ=1.5, γE[v]=2.9, Q=4.4 (bayes)
2026-09-22 18:21:43,695 INFO: Plan 2: ḡ=0.0, γE[v]=3.7, Q=3.7 (bayes)
2026-09-22 18:21:45,452 INFO: Plan 1: ḡ=19, γE[v]=0.0, Q=19.0 (fn)
2026-09-22 18:21:45,521 INFO: Plan 2: ḡ=7, γE[v]=0.0, Q=7.0 (fn)
2026-09-22 18:21:45,561 INFO: Plan 0: ḡ=10, γE[v]=0.0, Q=10.0 (fn)
2026-09-22 18:21:45,561 INFO: Plan 0: ḡ=3.7, γE[v]=4.4, Q=8.1 (bayes)
2026-09-22 18:21:45,562 INFO: Plan 1: ḡ=6.3, γE[v]=3.1, Q=9.4 (bayes)
2026-09-22 18:21:45,562 INFO: Plan 2: ḡ=2.5, γE[v]=5.0, Q=7.5 (bayes)
2026-09-22 18:21:49,771 INFO: Plan 2: ḡ=0, γE[v]=0.0, Q=0.0 (fn)
2026-09-22 18:21:49,809 INFO: Plan 1: ḡ=0, γE[v]=0.0, Q=0.0 (fn)
2026-09-22 18:21:49,990 INFO: Plan 0: ḡ=0, γE[v]=0.0, Q=0.0 (fn)
2026-09-22 18:21:49,993 INFO: Plan 0: ḡ=0.0, γE[v]=2.9, Q=2.9 (bayes)
2026-09-22 18:21:49,993 INFO: Plan 1: ḡ=0.0, γE[v]=2.9, Q=2.9 (bayes)
2026-09-22 18:21:49,993 INFO: Plan 2: ḡ=0.0, γE[v]=2.9, Q=2.9 (bayes)
2026-09-22 18:21:50,779 INFO: Plan 2: ḡ=2, γE[v]=0.0, Q=2.0 (fn)
2026-09-22 18:21:50,955 INFO: Plan 1: ḡ=7, γE[v]=0.0, Q=7.0 (fn)
2026-09-22 18:21:51,409 INFO: Plan 0: ḡ=10, γE[v]=0.0, Q=10.0 (fn)
2026-09-22 18:21:51,409 INFO: Plan 0: ḡ=3.7, γE[v]=1.4, Q=5.0 (bayes)
2026-09-22 18:21:51,409 INFO: Plan 1: ḡ=2.2, γE[v]=2.1, Q=4.3 (bayes)
2026-09-22 18:21:51,410 INFO: Plan 2: ḡ=0.8, γE[v]=2.8, Q=3.6 (bayes)
2026-09-22 18:21:56,379 INFO: Plan 1: ḡ=2, γE[v]=0.0, Q=2.0 (fn)
2026-09-22 18:21:56,630 INFO: Plan 1: ḡ=0, γE[v]=0.0, Q=0.0 (fn)
2026-09-22 18:21:56,632 INFO: Plan 0: ḡ=6, γE[v]=0.0, Q=6.0 (fn)
2026-09-22 18:21:56,881 INFO: Plan 2: ḡ=0, γE[v]=0.0, Q=0.0 (fn)
2026-09-22 18:21:56,881 INFO: Plan 0: ḡ=1.9, γE[v]=0.4, Q=2.3 (bayes)
2026-09-22 18:21:56,881 INFO: Plan 1: ḡ=0.8, γE[v]=1.0, Q=1.8 (bayes)
2026-09-22 18:21:56,881 INFO: Plan 2: ḡ=0.0, γE[v]=1.4, Q=1.4 (bayes)
2026-09-22 18:21:57,028 INFO: Plan 0: ḡ=1, γE[v]=0.0, Q=1.0 (fn)
2026-09-22 18:21:58,118 INFO: Plan 2: ḡ=0, γE[v]=0.0, Q=0.0 (fn)
2026-09-22 18:21:58,119 INFO: Plan 0: ḡ=0.8, γE[v]=2.5, Q=3.3 (bayes)
2026-09-22 18:21:58,119 INFO: Plan 1: ḡ=0.0, γE[v]=2.9, Q=2.9 (bayes)
2026-09-22 18:21:58,119 INFO: Plan 2: ḡ=0.0, γE[v]=2.9, Q=2.9 (bayes)
  [37/93] rich.layout seed=42: {'random': 62, 'greedy': 62, 'cov_greedy': 70, 'covqvalue2': 69}
2026-09-22 18:22:02,297 INFO: Plan 2: ḡ=2, γE[v]=0.0, Q=2.0 (fn)
2026-09-22 18:22:02,305 INFO: Plan 1: ḡ=2, γE[v]=0.0, Q=2.0 (fn)
2026-09-22 18:22:02,826 INFO: Plan 0: ḡ=1, γE[v]=0.0, Q=1.0 (fn)
2026-09-22 18:22:02,826 INFO: Plan 0: ḡ=0.3, γE[v]=0.2, Q=0.6 (bayes)
2026-09-22 18:22:02,826 INFO: Plan 1: ḡ=0.8, γE[v]=0.0, Q=0.8 (bayes)
2026-09-22 18:22:02,826 INFO: Plan 2: ḡ=0.8, γE[v]=0.0, Q=0.8 (bayes)
2026-09-22 18:22:08,728 INFO: Plan 1: ḡ=0, γE[v]=0.0, Q=0.0 (fn)
2026-09-22 18:22:09,077 INFO: Plan 0: ḡ=0, γE[v]=0.0, Q=0.0 (fn)
2026-09-22 18:22:09,281 INFO: Plan 2: ḡ=0, γE[v]=0.0, Q=0.0 (fn)
2026-09-22 18:22:09,282 INFO: Plan 0: ḡ=0.0, γE[v]=0.0, Q=0.0 (bayes)
2026-09-22 18:22:09,282 INFO: Plan 1: ḡ=0.0, γE[v]=0.0, Q=0.0 (bayes)
2026-09-22 18:22:09,282 INFO: Plan 2: ḡ=0.0, γE[v]=0.0, Q=0.0 (bayes)
2026-09-22 18:22:14,251 INFO: Plan 1: ḡ=0, γE[v]=0.0, Q=0.0 (fn)
2026-09-22 18:22:14,361 INFO: Plan 2: ḡ=0, γE[v]=0.0, Q=0.0 (fn)
2026-09-22 18:22:14,738 INFO: Plan 0: ḡ=0, γE[v]=0.0, Q=0.0 (fn)
2026-09-22 18:22:14,738 INFO: Plan 0: ḡ=0.0, γE[v]=0.0, Q=0.0 (bayes)
2026-09-22 18:22:14,738 INFO: Plan 1: ḡ=0.0, γE[v]=0.0, Q=0.0 (bayes)
2026-09-22 18:22:14,739 INFO: Plan 2: ḡ=0.0, γE[v]=0.0, Q=0.0 (bayes)
2026-09-22 18:22:20,443 INFO: Plan 0: ḡ=0, γE[v]=0.0, Q=0.0 (fn)
2026-09-22 18:22:20,462 INFO: Plan 1: ḡ=0, γE[v]=0.0, Q=0.0 (fn)
2026-09-22 18:22:20,568 INFO: Plan 2: ḡ=0, γE[v]=0.0, Q=0.0 (fn)
2026-09-22 18:22:20,568 INFO: Plan 0: ḡ=0.0, γE[v]=0.0, Q=0.0 (bayes)
2026-09-22 18:22:20,568 INFO: Plan 1: ḡ=0.0, γE[v]=0.0, Q=0.0 (bayes)
2026-09-22 18:22:20,569 INFO: Plan 2: ḡ=0.0, γE[v]=0.0, Q=0.0 (bayes)
  [38/93] rich.color seed=42: {'random': 43, 'greedy': 39, 'cov_greedy': 75, 'covqvalue2': 79}
2026-09-22 18:23:50,546 INFO: Plan 1: ḡ=103, γE[v]=0.0, Q=103.0 (fn)
2026-09-22 18:23:50,768 INFO: Plan 2: ḡ=82, γE[v]=24.5, Q=106.5 (fn)
2026-09-22 18:23:54,216 INFO: Plan 0: ḡ=65, γE[v]=0.0, Q=65.0 (fn)
2026-09-22 18:23:54,217 INFO: Plan 0: ḡ=32.5, γE[v]=128.5, Q=161.0 (bayes)
2026-09-22 18:23:54,217 INFO: Plan 1: ḡ=51.5, γE[v]=119.0, Q=170.5 (bayes)
2026-09-22 18:23:54,217 INFO: Plan 2: ḡ=41.0, γE[v]=125.4, Q=166.3 (bayes)
2026-09-22 18:24:01,610 INFO: Plan 2: ḡ=83, γE[v]=0.0, Q=83.0 (fn)
2026-09-22 18:24:01,732 INFO: Plan 0: ḡ=65, γE[v]=0.0, Q=65.0 (fn)
2026-09-22 18:24:01,789 INFO: Plan 1: ḡ=82, γE[v]=0.0, Q=82.0 (fn)
2026-09-22 18:24:01,790 INFO: Plan 0: ḡ=32.5, γE[v]=110.2, Q=142.8 (bayes)
2026-09-22 18:24:01,790 INFO: Plan 1: ḡ=33.5, γE[v]=109.8, Q=143.2 (bayes)
2026-09-22 18:24:01,790 INFO: Plan 2: ḡ=41.5, γE[v]=105.8, Q=147.2 (bayes)
2026-09-22 18:24:03,031 INFO: Plan 1: ḡ=53, γE[v]=1.5, Q=54.5 (fn)
2026-09-22 18:24:03,293 INFO: Plan 2: ḡ=107, γE[v]=1.5, Q=108.5 (fn)
2026-09-22 18:24:03,371 INFO: Plan 0: ḡ=48, γE[v]=36.5, Q=84.5 (fn)
2026-09-22 18:24:03,371 INFO: Plan 0: ḡ=24.0, γE[v]=65.6, Q=89.6 (bayes)
2026-09-22 18:24:03,371 INFO: Plan 1: ḡ=26.5, γE[v]=62.8, Q=89.3 (bayes)
2026-09-22 18:24:03,371 INFO: Plan 2: ḡ=53.5, γE[v]=49.3, Q=102.8 (bayes)
2026-09-22 18:24:07,349 INFO: Plan 0: ḡ=60, γE[v]=0.0, Q=60.0 (fn)
2026-09-22 18:24:07,378 INFO: Plan 2: ḡ=25, γE[v]=0.0, Q=25.0 (fn)
2026-09-22 18:24:07,498 INFO: Plan 1: ḡ=81, γE[v]=0.0, Q=81.0 (fn)
2026-09-22 18:24:07,499 INFO: Plan 0: ḡ=30.0, γE[v]=90.8, Q=120.8 (bayes)
2026-09-22 18:24:07,499 INFO: Plan 1: ḡ=33.0, γE[v]=89.2, Q=122.2 (bayes)
2026-09-22 18:24:07,499 INFO: Plan 2: ḡ=12.5, γE[v]=99.5, Q=112.0 (bayes)
2026-09-22 18:24:09,554 INFO: Plan 2: ḡ=33, γE[v]=0.0, Q=33.0 (fn)
2026-09-22 18:24:09,706 INFO: Plan 1: ḡ=30, γE[v]=0.0, Q=30.0 (fn)
2026-09-22 18:24:09,845 INFO: Plan 0: ḡ=28, γE[v]=0.0, Q=28.0 (fn)
2026-09-22 18:24:09,846 INFO: Plan 0: ḡ=13.5, γE[v]=38.0, Q=51.5 (bayes)
2026-09-22 18:24:09,846 INFO: Plan 1: ḡ=15.0, γE[v]=37.2, Q=52.2 (bayes)
2026-09-22 18:24:09,846 INFO: Plan 2: ḡ=16.5, γE[v]=36.5, Q=53.0 (bayes)
2026-09-22 18:24:12,284 INFO: Plan 2: ḡ=8, γE[v]=0.0, Q=8.0 (fn)
2026-09-22 18:24:12,629 INFO: Plan 1: ḡ=52, γE[v]=0.0, Q=52.0 (fn)
2026-09-22 18:24:12,635 INFO: Plan 0: ḡ=60, γE[v]=0.0, Q=60.0 (fn)
2026-09-22 18:24:12,635 INFO: Plan 0: ḡ=30.0, γE[v]=78.8, Q=108.8 (bayes)
2026-09-22 18:24:12,635 INFO: Plan 1: ḡ=17.6, γE[v]=85.0, Q=102.6 (bayes)
2026-09-22 18:24:12,636 INFO: Plan 2: ḡ=4.0, γE[v]=91.8, Q=95.8 (bayes)
2026-09-22 18:24:15,182 INFO: Plan 2: ḡ=33, γE[v]=0.0, Q=33.0 (fn)
2026-09-22 18:24:15,393 INFO: Plan 0: ḡ=28, γE[v]=0.0, Q=28.0 (fn)
2026-09-22 18:24:15,481 INFO: Plan 1: ḡ=30, γE[v]=0.0, Q=30.0 (fn)
2026-09-22 18:24:15,482 INFO: Plan 0: ḡ=13.5, γE[v]=35.2, Q=48.8 (bayes)
2026-09-22 18:24:15,482 INFO: Plan 1: ḡ=15.0, γE[v]=34.5, Q=49.5 (bayes)
2026-09-22 18:24:15,482 INFO: Plan 2: ḡ=11.0, γE[v]=36.5, Q=47.5 (bayes)
2026-09-22 18:24:17,464 INFO: Plan 1: ḡ=27, γE[v]=0.0, Q=27.0 (fn)
2026-09-22 18:24:17,499 INFO: Plan 2: ḡ=39, γE[v]=0.0, Q=39.0 (fn)
2026-09-22 18:24:17,948 INFO: Plan 0: ḡ=67, γE[v]=0.0, Q=67.0 (fn)
2026-09-22 18:24:17,949 INFO: Plan 0: ḡ=30.8, γE[v]=66.0, Q=96.9 (bayes)
2026-09-22 18:24:17,949 INFO: Plan 1: ḡ=13.5, γE[v]=74.7, Q=88.2 (bayes)
2026-09-22 18:24:17,949 INFO: Plan 2: ḡ=19.5, γE[v]=71.7, Q=91.2 (bayes)
2026-09-22 18:24:23,254 INFO: Plan 1: ḡ=35, γE[v]=0.0, Q=35.0 (fn)
2026-09-22 18:24:23,608 INFO: Plan 2: ḡ=46, γE[v]=2.0, Q=48.0 (fn)
2026-09-22 18:24:23,731 INFO: Plan 0: ḡ=65, γE[v]=0.0, Q=65.0 (fn)
2026-09-22 18:24:23,732 INFO: Plan 0: ḡ=24.0, γE[v]=60.5, Q=84.5 (bayes)
2026-09-22 18:24:23,732 INFO: Plan 1: ḡ=17.5, γE[v]=63.8, Q=81.3 (bayes)
2026-09-22 18:24:23,732 INFO: Plan 2: ḡ=23.0, γE[v]=61.1, Q=84.1 (bayes)
2026-09-22 18:24:24,728 INFO: Plan 0: ḡ=28, γE[v]=0.0, Q=28.0 (fn)
2026-09-22 18:24:24,790 INFO: Plan 1: ḡ=30, γE[v]=0.0, Q=30.0 (fn)
2026-09-22 18:24:25,074 INFO: Plan 2: ḡ=33, γE[v]=0.0, Q=33.0 (fn)
2026-09-22 18:24:25,074 INFO: Plan 0: ḡ=13.5, γE[v]=32.8, Q=46.2 (bayes)
2026-09-22 18:24:25,074 INFO: Plan 1: ḡ=10.0, γE[v]=34.5, Q=44.5 (bayes)
2026-09-22 18:24:25,074 INFO: Plan 2: ḡ=11.0, γE[v]=34.0, Q=45.0 (bayes)
2026-09-22 18:24:29,312 INFO: Plan 2: ḡ=47, γE[v]=0.0, Q=47.0 (fn)
2026-09-22 18:24:29,313 INFO: Plan 1: ḡ=45, γE[v]=0.0, Q=45.0 (fn)
2026-09-22 18:24:29,462 INFO: Plan 0: ḡ=55, γE[v]=0.0, Q=55.0 (fn)
2026-09-22 18:24:29,462 INFO: Plan 0: ḡ=17.1, γE[v]=59.0, Q=76.1 (bayes)
2026-09-22 18:24:29,462 INFO: Plan 1: ḡ=22.5, γE[v]=56.3, Q=78.8 (bayes)
2026-09-22 18:24:29,462 INFO: Plan 2: ḡ=23.5, γE[v]=55.8, Q=79.3 (bayes)
2026-09-22 18:24:30,249 INFO: Plan 1: ḡ=34, γE[v]=3.0, Q=37.0 (fn)
2026-09-22 18:24:30,411 INFO: Plan 2: ḡ=33, γE[v]=0.0, Q=33.0 (fn)
2026-09-22 18:24:30,471 INFO: Plan 0: ḡ=40, γE[v]=0.0, Q=40.0 (fn)
2026-09-22 18:24:30,472 INFO: Plan 0: ḡ=15.8, γE[v]=29.0, Q=44.8 (bayes)
2026-09-22 18:24:30,472 INFO: Plan 1: ḡ=12.2, γE[v]=31.0, Q=43.1 (bayes)
2026-09-22 18:24:30,472 INFO: Plan 2: ḡ=11.0, γE[v]=31.4, Q=42.4 (bayes)
2026-09-22 18:24:34,691 INFO: Plan 1: ḡ=54, γE[v]=0.0, Q=54.0 (fn)
2026-09-22 18:24:35,026 INFO: Plan 0: ḡ=55, γE[v]=0.0, Q=55.0 (fn)
2026-09-22 18:24:35,312 INFO: Plan 2: ḡ=53, γE[v]=0.5, Q=53.5 (fn)
2026-09-22 18:24:35,312 INFO: Plan 0: ḡ=17.1, γE[v]=47.3, Q=64.4 (bayes)
2026-09-22 18:24:35,312 INFO: Plan 1: ḡ=19.2, γE[v]=46.2, Q=65.5 (bayes)
2026-09-22 18:24:35,312 INFO: Plan 2: ḡ=26.5, γE[v]=42.6, Q=69.1 (bayes)
2026-09-22 18:24:35,559 INFO: Plan 0: ḡ=79, γE[v]=49.0, Q=128.0 (fn)
2026-09-22 18:24:36,188 INFO: Plan 2: ḡ=196, γE[v]=40.5, Q=236.5 (fn)
2026-09-22 18:24:36,748 INFO: Plan 0: ḡ=52, γE[v]=0.0, Q=52.0 (fn)
2026-09-22 18:24:36,781 INFO: Plan 1: ḡ=25, γE[v]=0.0, Q=25.0 (fn)
2026-09-22 18:24:36,797 INFO: Plan 2: ḡ=33, γE[v]=0.0, Q=33.0 (fn)
2026-09-22 18:24:36,798 INFO: Plan 0: ḡ=23.5, γE[v]=16.8, Q=40.2 (bayes)
2026-09-22 18:24:36,798 INFO: Plan 1: ḡ=11.8, γE[v]=22.6, Q=34.4 (bayes)
2026-09-22 18:24:36,798 INFO: Plan 2: ḡ=13.2, γE[v]=21.9, Q=35.1 (bayes)
  [39/93] jinja2.filters seed=42: {'random': 124, 'greedy': 136, 'cov_greedy': 258, 'covqvalue2': 231}
2026-09-22 18:24:38,420 INFO: Plan 1: ḡ=205, γE[v]=43.5, Q=248.5 (fn)
2026-09-22 18:24:38,421 INFO: Plan 0: ḡ=39.5, γE[v]=136.5, Q=176.0 (bayes)
2026-09-22 18:24:38,421 INFO: Plan 1: ḡ=102.5, γE[v]=104.7, Q=207.2 (bayes)
2026-09-22 18:24:38,421 INFO: Plan 2: ḡ=98.0, γE[v]=106.8, Q=204.8 (bayes)
2026-09-22 18:24:44,364 INFO: Plan 2: ḡ=40, γE[v]=7.5, Q=47.5 (fn)
2026-09-22 18:24:44,642 INFO: Plan 1: ḡ=118, γE[v]=27.5, Q=145.5 (fn)
2026-09-22 18:24:44,844 INFO: Plan 1: ḡ=25, γE[v]=0.0, Q=25.0 (fn)
2026-09-22 18:24:46,048 INFO: Plan 2: ḡ=34, γE[v]=0.0, Q=34.0 (fn)
2026-09-22 18:24:48,255 INFO: Plan 0: ḡ=124, γE[v]=30.5, Q=154.5 (fn)
2026-09-22 18:24:48,256 INFO: Plan 0: ḡ=53.0, γE[v]=65.5, Q=118.5 (bayes)
2026-09-22 18:24:48,256 INFO: Plan 1: ḡ=55.0, γE[v]=64.4, Q=119.4 (bayes)
2026-09-22 18:24:48,256 INFO: Plan 2: ḡ=20.0, γE[v]=81.0, Q=101.0 (bayes)
2026-09-22 18:24:48,381 INFO: Plan 0: ḡ=52, γE[v]=0.0, Q=52.0 (fn)
2026-09-22 18:24:48,382 INFO: Plan 0: ḡ=16.1, γE[v]=16.8, Q=32.8 (bayes)
2026-09-22 18:24:48,382 INFO: Plan 1: ḡ=11.8, γE[v]=18.9, Q=30.7 (bayes)
2026-09-22 18:24:48,382 INFO: Plan 2: ḡ=13.4, γE[v]=18.1, Q=31.5 (bayes)
2026-09-22 18:24:53,125 INFO: Plan 0: ḡ=60, γE[v]=0.0, Q=60.0 (fn)
2026-09-22 18:24:53,442 INFO: Plan 1: ḡ=85, γE[v]=20.5, Q=105.5 (fn)
2026-09-22 18:24:53,565 INFO: Plan 2: ḡ=60, γE[v]=9.0, Q=69.0 (fn)
2026-09-22 18:24:53,566 INFO: Plan 0: ḡ=24.8, γE[v]=46.2, Q=71.0 (bayes)
2026-09-22 18:24:53,566 INFO: Plan 1: ḡ=37.5, γE[v]=40.8, Q=78.3 (bayes)
2026-09-22 18:24:53,566 INFO: Plan 2: ḡ=25.5, γE[v]=46.2, Q=71.7 (bayes)
2026-09-22 18:24:53,910 INFO: Plan 2: ḡ=28, γE[v]=0.0, Q=28.0 (fn)
2026-09-22 18:24:54,171 INFO: Plan 1: ḡ=25, γE[v]=0.0, Q=25.0 (fn)
2026-09-22 18:24:56,429 INFO: Plan 0: ḡ=52, γE[v]=0.0, Q=52.0 (fn)
2026-09-22 18:24:56,430 INFO: Plan 0: ḡ=14.0, γE[v]=14.3, Q=28.3 (bayes)
2026-09-22 18:24:56,430 INFO: Plan 1: ḡ=11.7, γE[v]=15.5, Q=27.2 (bayes)
2026-09-22 18:24:56,430 INFO: Plan 2: ḡ=10.3, γE[v]=16.2, Q=26.5 (bayes)
  [40/93] jinja2.nodes seed=42: {'random': 11, 'greedy': 10, 'cov_greedy': 11, 'covqvalue2': 81}
2026-09-22 18:24:59,250 INFO: Plan 1: ḡ=41, γE[v]=0.0, Q=41.0 (fn)
2026-09-22 18:24:59,363 INFO: Plan 2: ḡ=53, γE[v]=0.0, Q=53.0 (fn)
2026-09-22 18:25:03,679 INFO: Plan 0: ḡ=60, γE[v]=0.0, Q=60.0 (fn)
2026-09-22 18:25:03,679 INFO: Plan 0: ḡ=24.8, γE[v]=29.8, Q=54.6 (bayes)
2026-09-22 18:25:03,679 INFO: Plan 1: ḡ=12.9, γE[v]=35.8, Q=48.7 (bayes)
2026-09-22 18:25:03,679 INFO: Plan 2: ḡ=17.2, γE[v]=33.6, Q=50.8 (bayes)
2026-09-22 18:25:09,529 INFO: Plan 2: ḡ=51, γE[v]=0.0, Q=51.0 (fn)
2026-09-22 18:25:09,530 INFO: Plan 0: ḡ=61, γE[v]=0.0, Q=61.0 (fn)
2026-09-22 18:25:09,885 INFO: Plan 1: ḡ=30, γE[v]=0.0, Q=30.0 (fn)
2026-09-22 18:25:09,886 INFO: Plan 0: ḡ=29.0, γE[v]=15.3, Q=44.3 (bayes)
2026-09-22 18:25:09,886 INFO: Plan 1: ḡ=10.0, γE[v]=24.8, Q=34.8 (bayes)
2026-09-22 18:25:09,886 INFO: Plan 2: ḡ=16.6, γE[v]=21.5, Q=38.1 (bayes)
2026-09-22 18:25:19,417 INFO: Plan 1: ḡ=30, γE[v]=0.0, Q=30.0 (fn)
2026-09-22 18:25:19,426 INFO: Plan 0: ḡ=33, γE[v]=0.0, Q=33.0 (fn)
2026-09-22 18:25:19,690 INFO: Plan 2: ḡ=24, γE[v]=11.0, Q=35.0 (fn)
2026-09-22 18:25:19,690 INFO: Plan 0: ḡ=9.8, γE[v]=8.6, Q=18.3 (bayes)
2026-09-22 18:25:19,690 INFO: Plan 1: ḡ=9.5, γE[v]=8.7, Q=18.2 (bayes)
2026-09-22 18:25:19,690 INFO: Plan 2: ḡ=8.0, γE[v]=10.1, Q=18.1 (bayes)
2026-09-22 18:25:25,607 INFO: Plan 1: ḡ=46, γE[v]=0.0, Q=46.0 (fn)
2026-09-22 18:25:25,834 INFO: Plan 2: ḡ=24, γE[v]=0.0, Q=24.0 (fn)
2026-09-22 18:25:27,993 INFO: Plan 0: ḡ=7, γE[v]=0.0, Q=7.0 (fn)
2026-09-22 18:25:27,993 INFO: Plan 0: ḡ=1.8, γE[v]=7.7, Q=9.5 (bayes)
2026-09-22 18:25:27,993 INFO: Plan 1: ḡ=15.3, γE[v]=0.9, Q=16.2 (bayes)
2026-09-22 18:25:27,993 INFO: Plan 2: ḡ=8.0, γE[v]=4.6, Q=12.6 (bayes)
2026-09-22 18:25:30,847 INFO: Plan 0: ḡ=596, γE[v]=0.0, Q=596.0 (fn)
2026-09-22 18:25:31,069 INFO: Plan 1: ḡ=769, γE[v]=0.0, Q=769.0 (fn)
2026-09-22 18:25:31,376 INFO: Plan 2: ḡ=652, γE[v]=149.0, Q=801.0 (fn)
2026-09-22 18:25:31,377 INFO: Plan 0: ḡ=298.0, γE[v]=210.5, Q=508.5 (bayes)
2026-09-22 18:25:31,377 INFO: Plan 1: ḡ=384.5, γE[v]=167.2, Q=551.8 (bayes)
2026-09-22 18:25:31,377 INFO: Plan 2: ḡ=326.0, γE[v]=203.2, Q=529.2 (bayes)
2026-09-22 18:25:32,941 INFO: Plan 0: ḡ=7, γE[v]=0.0, Q=7.0 (fn)
2026-09-22 18:25:33,047 INFO: Plan 2: ḡ=22, γE[v]=0.0, Q=22.0 (fn)
2026-09-22 18:25:33,076 INFO: Plan 1: ḡ=27, γE[v]=0.0, Q=27.0 (fn)
2026-09-22 18:25:33,076 INFO: Plan 0: ḡ=1.8, γE[v]=2.8, Q=4.6 (bayes)
2026-09-22 18:25:33,076 INFO: Plan 1: ḡ=6.8, γE[v]=0.3, Q=7.0 (bayes)
2026-09-22 18:25:33,077 INFO: Plan 2: ḡ=5.5, γE[v]=0.9, Q=6.4 (bayes)
  [41/93] jinja2.environment seed=42: {'random': 58, 'greedy': 59, 'cov_greedy': 128, 'covqvalue2': 188}
2026-09-22 18:25:42,043 INFO: Plan 2: ḡ=747, γE[v]=0.0, Q=747.0 (fn)
2026-09-22 18:25:42,346 INFO: Plan 0: ḡ=1104, γE[v]=0.0, Q=1104.0 (fn)
2026-09-22 18:25:42,521 INFO: Plan 1: ḡ=940, γE[v]=120.0, Q=1060.0 (fn)
2026-09-22 18:25:42,521 INFO: Plan 0: ḡ=426.0, γE[v]=72.2, Q=498.2 (bayes)
2026-09-22 18:25:42,521 INFO: Plan 1: ḡ=344.0, γE[v]=118.6, Q=462.6 (bayes)
2026-09-22 18:25:42,522 INFO: Plan 2: ḡ=272.0, γE[v]=149.2, Q=421.2 (bayes)
2026-09-22 18:25:53,930 INFO: Plan 0: ḡ=11, γE[v]=0.0, Q=11.0 (fn)
2026-09-22 18:25:54,061 INFO: Plan 2: ḡ=124, γE[v]=0.0, Q=124.0 (fn)
2026-09-22 18:25:54,551 INFO: Plan 1: ḡ=318, γE[v]=0.0, Q=318.0 (fn)
2026-09-22 18:25:54,551 INFO: Plan 0: ḡ=4.2, γE[v]=133.0, Q=137.2 (bayes)
2026-09-22 18:25:54,551 INFO: Plan 1: ḡ=128.2, γE[v]=71.0, Q=199.2 (bayes)
2026-09-22 18:25:54,551 INFO: Plan 2: ḡ=43.6, γE[v]=113.3, Q=156.9 (bayes)
2026-09-22 18:26:02,397 INFO: Plan 2: ḡ=109, γE[v]=0.0, Q=109.0 (fn)
2026-09-22 18:26:02,607 INFO: Plan 0: ḡ=7, γE[v]=0.0, Q=7.0 (fn)
2026-09-22 18:26:02,742 INFO: Plan 1: ḡ=296, γE[v]=0.0, Q=296.0 (fn)
2026-09-22 18:26:02,743 INFO: Plan 0: ḡ=3.5, γE[v]=114.6, Q=118.1 (bayes)
2026-09-22 18:26:02,743 INFO: Plan 1: ḡ=84.7, γE[v]=74.0, Q=158.7 (bayes)
2026-09-22 18:26:02,743 INFO: Plan 2: ḡ=37.2, γE[v]=97.7, Q=134.9 (bayes)
2026-09-22 18:26:09,445 INFO: Plan 0: ḡ=11, γE[v]=0.0, Q=11.0 (fn)
2026-09-22 18:26:09,626 INFO: Plan 1: ḡ=275, γE[v]=0.0, Q=275.0 (fn)
2026-09-22 18:26:09,639 INFO: Plan 2: ḡ=128, γE[v]=0.0, Q=128.0 (fn)
2026-09-22 18:26:09,639 INFO: Plan 0: ḡ=4.5, γE[v]=104.7, Q=109.2 (bayes)
2026-09-22 18:26:09,639 INFO: Plan 1: ḡ=61.7, γE[v]=76.1, Q=137.8 (bayes)
2026-09-22 18:26:09,639 INFO: Plan 2: ḡ=40.6, γE[v]=86.6, Q=127.3 (bayes)
2026-09-22 18:26:21,297 INFO: Plan 2: ḡ=117, γE[v]=11.0, Q=128.0 (fn)
2026-09-22 18:26:21,481 INFO: Plan 1: ḡ=37, γE[v]=15.0, Q=52.0 (fn)
2026-09-22 18:26:21,849 INFO: Plan 0: ḡ=73, γE[v]=34.0, Q=107.0 (fn)
2026-09-22 18:26:21,849 INFO: Plan 0: ḡ=36.5, γE[v]=92.5, Q=129.0 (bayes)
2026-09-22 18:26:21,849 INFO: Plan 1: ḡ=18.5, γE[v]=100.7, Q=119.2 (bayes)
2026-09-22 18:26:21,849 INFO: Plan 2: ḡ=58.5, γE[v]=80.5, Q=139.0 (bayes)
2026-09-22 18:26:22,905 INFO: Plan 1: ḡ=285, γE[v]=0.0, Q=285.0 (fn)
2026-09-22 18:26:22,951 INFO: Plan 2: ḡ=132, γE[v]=0.0, Q=132.0 (fn)
2026-09-22 18:26:23,103 INFO: Plan 0: ḡ=11, γE[v]=0.0, Q=11.0 (fn)
2026-09-22 18:26:23,104 INFO: Plan 0: ḡ=4.6, γE[v]=99.2, Q=103.8 (bayes)
2026-09-22 18:26:23,104 INFO: Plan 1: ḡ=53.3, γE[v]=74.8, Q=128.1 (bayes)
2026-09-22 18:26:23,104 INFO: Plan 2: ḡ=42.3, γE[v]=80.3, Q=122.6 (bayes)
2026-09-22 18:26:30,976 INFO: Plan 2: ḡ=28, γE[v]=14.5, Q=42.5 (fn)
2026-09-22 18:26:31,033 INFO: Plan 1: ḡ=72, γE[v]=39.0, Q=111.0 (fn)
2026-09-22 18:26:31,133 INFO: Plan 0: ḡ=58, γE[v]=40.5, Q=98.5 (fn)
2026-09-22 18:26:31,134 INFO: Plan 0: ḡ=29.0, γE[v]=67.0, Q=96.0 (bayes)
2026-09-22 18:26:31,134 INFO: Plan 1: ḡ=36.0, γE[v]=63.4, Q=99.4 (bayes)
2026-09-22 18:26:31,134 INFO: Plan 2: ḡ=10.0, γE[v]=75.3, Q=85.3 (bayes)
2026-09-22 18:26:36,907 INFO: Plan 2: ḡ=243, γE[v]=0.0, Q=243.0 (fn)
2026-09-22 18:26:37,230 INFO: Plan 0: ḡ=364, γE[v]=107.5, Q=471.5 (fn)
2026-09-22 18:26:38,317 INFO: Plan 2: ḡ=28, γE[v]=0.0, Q=28.0 (fn)
2026-09-22 18:26:38,600 INFO: Plan 0: ḡ=58, γE[v]=42.5, Q=100.5 (fn)
2026-09-22 18:26:38,631 INFO: Plan 1: ḡ=109, γE[v]=14.5, Q=123.5 (fn)
2026-09-22 18:26:38,631 INFO: Plan 0: ḡ=23.8, γE[v]=57.8, Q=81.6 (bayes)
2026-09-22 18:26:38,632 INFO: Plan 1: ḡ=39.2, γE[v]=48.4, Q=87.6 (bayes)
2026-09-22 18:26:38,632 INFO: Plan 2: ḡ=10.0, γE[v]=62.2, Q=72.2 (bayes)
2026-09-22 18:26:38,697 INFO: Plan 1: ḡ=515, γE[v]=0.0, Q=515.0 (fn)
2026-09-22 18:26:38,698 INFO: Plan 0: ḡ=182.0, γE[v]=104.3, Q=286.3 (bayes)
2026-09-22 18:26:38,698 INFO: Plan 1: ḡ=257.5, γE[v]=61.8, Q=319.2 (bayes)
2026-09-22 18:26:38,698 INFO: Plan 2: ḡ=121.5, γE[v]=129.8, Q=251.2 (bayes)
2026-09-22 18:26:42,205 INFO: Plan 0: ḡ=11, γE[v]=0.0, Q=11.0 (fn)
2026-09-22 18:26:42,326 INFO: Plan 2: ḡ=134, γE[v]=0.0, Q=134.0 (fn)
2026-09-22 18:26:44,182 INFO: Plan 1: ḡ=325, γE[v]=41.5, Q=366.5 (fn)
2026-09-22 18:26:44,183 INFO: Plan 0: ḡ=4.6, γE[v]=95.1, Q=99.8 (bayes)
2026-09-22 18:26:44,183 INFO: Plan 1: ḡ=58.2, γE[v]=70.7, Q=128.8 (bayes)
2026-09-22 18:26:44,183 INFO: Plan 2: ḡ=41.6, γE[v]=76.6, Q=118.3 (bayes)
2026-09-22 18:26:44,411 INFO: Plan 0: ḡ=84, γE[v]=0.0, Q=84.0 (fn)
2026-09-22 18:26:44,470 INFO: Plan 2: ḡ=46, γE[v]=6.5, Q=52.5 (fn)
2026-09-22 18:26:44,570 INFO: Plan 1: ḡ=26, γE[v]=0.0, Q=26.0 (fn)
2026-09-22 18:26:45,085 INFO: Plan 1: ḡ=90, γE[v]=0.0, Q=90.0 (fn)
2026-09-22 18:26:46,469 INFO: Plan 0: ḡ=26, γE[v]=6.5, Q=32.5 (fn)
2026-09-22 18:26:46,469 INFO: Plan 0: ḡ=7.8, γE[v]=51.9, Q=59.8 (bayes)
2026-09-22 18:26:46,469 INFO: Plan 1: ḡ=7.0, γE[v]=51.9, Q=58.9 (bayes)
2026-09-22 18:26:46,469 INFO: Plan 2: ḡ=19.0, γE[v]=46.3, Q=65.3 (bayes)
2026-09-22 18:26:48,324 INFO: Plan 2: ḡ=116, γE[v]=0.0, Q=116.0 (fn)
2026-09-22 18:26:48,324 INFO: Plan 0: ḡ=41.3, γE[v]=43.2, Q=84.6 (bayes)
2026-09-22 18:26:48,325 INFO: Plan 1: ḡ=45.0, γE[v]=41.4, Q=86.4 (bayes)
2026-09-22 18:26:48,325 INFO: Plan 2: ḡ=52.0, γE[v]=37.9, Q=89.9 (bayes)
2026-09-22 18:26:50,206 INFO: Plan 0: ḡ=8, γE[v]=0.0, Q=8.0 (fn)
2026-09-22 18:26:50,293 INFO: Plan 2: ḡ=111, γE[v]=0.0, Q=111.0 (fn)
2026-09-22 18:26:52,302 INFO: Plan 2: ḡ=34, γE[v]=0.0, Q=34.0 (fn)
2026-09-22 18:26:52,512 INFO: Plan 1: ḡ=57, γE[v]=3.5, Q=60.5 (fn)
2026-09-22 18:26:52,680 INFO: Plan 0: ḡ=26, γE[v]=6.5, Q=32.5 (fn)
2026-09-22 18:26:52,680 INFO: Plan 0: ḡ=7.8, γE[v]=44.4, Q=52.2 (bayes)
2026-09-22 18:26:52,681 INFO: Plan 1: ḡ=14.3, γE[v]=40.9, Q=55.2 (bayes)
2026-09-22 18:26:52,681 INFO: Plan 2: ḡ=10.9, γE[v]=42.4, Q=53.3 (bayes)
2026-09-22 18:26:54,636 INFO: Plan 1: ḡ=253, γE[v]=0.0, Q=253.0 (fn)
2026-09-22 18:26:54,636 INFO: Plan 0: ḡ=4.4, γE[v]=65.0, Q=69.4 (bayes)
2026-09-22 18:26:54,637 INFO: Plan 1: ḡ=63.1, γE[v]=35.6, Q=98.8 (bayes)
2026-09-22 18:26:54,637 INFO: Plan 2: ḡ=36.0, γE[v]=49.2, Q=85.2 (bayes)
2026-09-22 18:26:56,355 INFO: Plan 0: ḡ=76, γE[v]=0.0, Q=76.0 (fn)
2026-09-22 18:26:56,410 INFO: Plan 1: ḡ=58, γE[v]=0.0, Q=58.0 (fn)
2026-09-22 18:26:56,418 INFO: Plan 2: ḡ=57, γE[v]=0.0, Q=57.0 (fn)
2026-09-22 18:26:56,419 INFO: Plan 0: ḡ=37.3, γE[v]=19.2, Q=56.6 (bayes)
2026-09-22 18:26:56,419 INFO: Plan 1: ḡ=29.0, γE[v]=23.4, Q=52.4 (bayes)
2026-09-22 18:26:56,419 INFO: Plan 2: ḡ=27.8, γE[v]=24.0, Q=51.8 (bayes)
  [42/93] jinja2.compiler seed=42: {'random': 29, 'greedy': 100, 'cov_greedy': 296, 'covqvalue2': 283}
2026-09-22 18:26:58,725 INFO: Plan 2: ḡ=25, γE[v]=0.0, Q=25.0 (fn)
2026-09-22 18:26:58,836 INFO: Plan 0: ḡ=13, γE[v]=0.0, Q=13.0 (fn)
2026-09-22 18:26:59,101 INFO: Plan 1: ḡ=15, γE[v]=5.0, Q=20.0 (fn)
2026-09-22 18:26:59,102 INFO: Plan 0: ḡ=4.2, γE[v]=39.5, Q=43.6 (bayes)
2026-09-22 18:26:59,102 INFO: Plan 1: ḡ=3.9, γE[v]=39.8, Q=43.7 (bayes)
2026-09-22 18:26:59,102 INFO: Plan 2: ḡ=9.7, γE[v]=36.7, Q=46.4 (bayes)
2026-09-22 18:27:01,769 INFO: Plan 1: ḡ=43, γE[v]=0.0, Q=43.0 (fn)
2026-09-22 18:27:01,816 INFO: Plan 2: ḡ=7, γE[v]=0.0, Q=7.0 (fn)
2026-09-22 18:27:03,024 INFO: Plan 0: ḡ=27, γE[v]=0.0, Q=27.0 (fn)
2026-09-22 18:27:03,025 INFO: Plan 0: ḡ=13.5, γE[v]=12.5, Q=26.0 (bayes)
2026-09-22 18:27:03,025 INFO: Plan 1: ḡ=21.5, γE[v]=8.5, Q=30.0 (bayes)
2026-09-22 18:27:03,025 INFO: Plan 2: ḡ=3.5, γE[v]=17.5, Q=21.0 (bayes)
2026-09-22 18:27:04,938 INFO: Plan 0: ḡ=13, γE[v]=0.0, Q=13.0 (fn)
2026-09-22 18:27:04,970 INFO: Plan 2: ḡ=21, γE[v]=0.0, Q=21.0 (fn)
2026-09-22 18:27:06,524 INFO: Plan 1: ḡ=23, γE[v]=0.0, Q=23.0 (fn)
2026-09-22 18:27:06,525 INFO: Plan 0: ḡ=4.2, γE[v]=34.6, Q=38.8 (bayes)
2026-09-22 18:27:06,525 INFO: Plan 1: ḡ=6.3, γE[v]=33.5, Q=39.9 (bayes)
2026-09-22 18:27:06,525 INFO: Plan 2: ḡ=7.0, γE[v]=33.2, Q=40.2 (bayes)
2026-09-22 18:27:09,795 INFO: Plan 0: ḡ=23, γE[v]=0.0, Q=23.0 (fn)
2026-09-22 18:27:09,831 INFO: Plan 1: ḡ=11, γE[v]=0.0, Q=11.0 (fn)
2026-09-22 18:27:09,916 INFO: Plan 2: ḡ=23, γE[v]=0.0, Q=23.0 (fn)
2026-09-22 18:27:09,917 INFO: Plan 0: ḡ=11.5, γE[v]=2.8, Q=14.2 (bayes)
2026-09-22 18:27:09,917 INFO: Plan 1: ḡ=5.5, γE[v]=5.8, Q=11.2 (bayes)
2026-09-22 18:27:09,917 INFO: Plan 2: ḡ=11.5, γE[v]=2.8, Q=14.2 (bayes)
2026-09-22 18:27:16,036 INFO: Plan 1: ḡ=7, γE[v]=0.0, Q=7.0 (fn)
2026-09-22 18:27:16,585 INFO: Plan 0: ḡ=4, γE[v]=0.0, Q=4.0 (fn)
2026-09-22 18:27:17,396 INFO: Plan 1: ḡ=121, γE[v]=106.5, Q=227.5 (fn)
2026-09-22 18:27:17,699 INFO: Plan 2: ḡ=0, γE[v]=0.0, Q=0.0 (fn)
2026-09-22 18:27:17,699 INFO: Plan 0: ḡ=2.0, γE[v]=1.8, Q=3.8 (bayes)
2026-09-22 18:27:17,699 INFO: Plan 1: ḡ=3.5, γE[v]=1.0, Q=4.5 (bayes)
2026-09-22 18:27:17,699 INFO: Plan 2: ḡ=0.0, γE[v]=2.8, Q=2.8 (bayes)
2026-09-22 18:27:17,851 INFO: Plan 2: ḡ=459, γE[v]=0.0, Q=459.0 (fn)
2026-09-22 18:27:21,763 INFO: Plan 0: ḡ=9, γE[v]=6.5, Q=15.5 (fn)
2026-09-22 18:27:21,763 INFO: Plan 0: ḡ=4.5, γE[v]=121.0, Q=125.5 (bayes)
2026-09-22 18:27:21,764 INFO: Plan 1: ḡ=60.5, γE[v]=97.5, Q=158.0 (bayes)
2026-09-22 18:27:21,764 INFO: Plan 2: ḡ=229.5, γE[v]=8.2, Q=237.8 (bayes)
2026-09-22 18:27:22,686 INFO: Plan 0: ḡ=4, γE[v]=0.0, Q=4.0 (fn)
2026-09-22 18:27:22,816 INFO: Plan 2: ḡ=0, γE[v]=0.0, Q=0.0 (fn)
2026-09-22 18:27:23,048 INFO: Plan 1: ḡ=0, γE[v]=0.0, Q=0.0 (fn)
2026-09-22 18:27:23,048 INFO: Plan 0: ḡ=2.0, γE[v]=0.0, Q=2.0 (bayes)
2026-09-22 18:27:23,048 INFO: Plan 1: ḡ=0.0, γE[v]=1.0, Q=1.0 (bayes)
2026-09-22 18:27:23,048 INFO: Plan 2: ḡ=0.0, γE[v]=1.0, Q=1.0 (bayes)
2026-09-22 18:27:26,643 INFO: Plan 2: ḡ=21, γE[v]=0.0, Q=21.0 (fn)
2026-09-22 18:27:26,664 INFO: Plan 0: ḡ=13, γE[v]=2.5, Q=15.5 (fn)
2026-09-22 18:27:26,922 INFO: Plan 1: ḡ=23, γE[v]=40.0, Q=63.0 (fn)
2026-09-22 18:27:26,923 INFO: Plan 0: ḡ=4.2, γE[v]=33.9, Q=38.0 (bayes)
2026-09-22 18:27:26,923 INFO: Plan 1: ḡ=6.3, γE[v]=35.0, Q=41.3 (bayes)
2026-09-22 18:27:26,923 INFO: Plan 2: ḡ=5.1, γE[v]=33.2, Q=38.3 (bayes)
2026-09-22 18:27:27,618 INFO: Plan 2: ḡ=117, γE[v]=0.0, Q=117.0 (fn)
2026-09-22 18:27:27,786 INFO: Plan 0: ḡ=18, γE[v]=1.0, Q=19.0 (fn)
2026-09-22 18:27:28,677 INFO: Plan 1: ḡ=66, γE[v]=0.0, Q=66.0 (fn)
2026-09-22 18:27:28,677 INFO: Plan 0: ḡ=6.8, γE[v]=21.9, Q=28.7 (bayes)
2026-09-22 18:27:28,678 INFO: Plan 1: ḡ=26.0, γE[v]=12.2, Q=38.2 (bayes)
2026-09-22 18:27:28,678 INFO: Plan 2: ḡ=43.0, γE[v]=3.8, Q=46.8 (bayes)
  [43/93] jinja2.runtime seed=42: {'random': 66, 'greedy': 66, 'cov_greedy': 127, 'covqvalue2': 107}
2026-09-22 18:27:31,055 INFO: Plan 1: ḡ=0, γE[v]=0.0, Q=0.0 (fn)
2026-09-22 18:27:31,113 INFO: Plan 2: ḡ=0, γE[v]=0.0, Q=0.0 (fn)
2026-09-22 18:27:31,158 INFO: Plan 0: ḡ=0, γE[v]=0.0, Q=0.0 (fn)
2026-09-22 18:27:31,158 INFO: Plan 0: ḡ=0.0, γE[v]=0.0, Q=0.0 (bayes)
2026-09-22 18:27:31,158 INFO: Plan 1: ḡ=0.0, γE[v]=0.0, Q=0.0 (bayes)
2026-09-22 18:27:31,158 INFO: Plan 2: ḡ=0.0, γE[v]=0.0, Q=0.0 (bayes)
2026-09-22 18:27:33,191 INFO: Plan 0: ḡ=6, γE[v]=0.0, Q=6.0 (fn)
2026-09-22 18:27:33,298 INFO: Plan 1: ḡ=17, γE[v]=0.0, Q=17.0 (fn)
2026-09-22 18:27:33,384 INFO: Plan 2: ḡ=1, γE[v]=0.0, Q=1.0 (fn)
2026-09-22 18:27:33,384 INFO: Plan 0: ḡ=2.8, γE[v]=2.8, Q=5.7 (bayes)
2026-09-22 18:27:33,384 INFO: Plan 1: ḡ=5.4, γE[v]=1.5, Q=7.0 (bayes)
2026-09-22 18:27:33,385 INFO: Plan 2: ḡ=0.2, γE[v]=4.1, Q=4.4 (bayes)
  [44/93] jinja2.parser seed=42: {'random': 89, 'greedy': 94, 'cov_greedy': 256, 'covqvalue2': 230}
2026-09-22 18:27:39,787 INFO: Plan 0: ḡ=5, γE[v]=0.0, Q=5.0 (fn)
2026-09-22 18:27:39,817 INFO: Plan 2: ḡ=1, γE[v]=0.0, Q=1.0 (fn)
2026-09-22 18:27:39,854 INFO: Plan 1: ḡ=2, γE[v]=0.0, Q=2.0 (fn)
2026-09-22 18:27:39,854 INFO: Plan 0: ḡ=2.5, γE[v]=0.3, Q=2.8 (bayes)
2026-09-22 18:27:39,855 INFO: Plan 1: ḡ=0.6, γE[v]=1.2, Q=1.8 (bayes)
2026-09-22 18:27:39,855 INFO: Plan 2: ḡ=0.2, γE[v]=1.4, Q=1.7 (bayes)
2026-09-22 18:27:45,985 INFO: Plan 2: ḡ=1, γE[v]=0.0, Q=1.0 (fn)
2026-09-22 18:27:46,052 INFO: Plan 1: ḡ=1, γE[v]=0.0, Q=1.0 (fn)
2026-09-22 18:27:46,105 INFO: Plan 0: ḡ=1, γE[v]=0.0, Q=1.0 (fn)
2026-09-22 18:27:46,105 INFO: Plan 0: ḡ=0.3, γE[v]=0.1, Q=0.5 (bayes)
2026-09-22 18:27:46,105 INFO: Plan 1: ḡ=0.2, γE[v]=0.2, Q=0.4 (bayes)
2026-09-22 18:27:46,105 INFO: Plan 2: ḡ=0.2, γE[v]=0.2, Q=0.4 (bayes)
2026-09-22 18:27:51,093 INFO: Plan 1: ḡ=0, γE[v]=0.0, Q=0.0 (fn)
2026-09-22 18:27:51,108 INFO: Plan 0: ḡ=1, γE[v]=0.0, Q=1.0 (fn)
2026-09-22 18:27:51,320 INFO: Plan 2: ḡ=1, γE[v]=0.0, Q=1.0 (fn)
2026-09-22 18:27:51,321 INFO: Plan 0: ḡ=0.2, γE[v]=0.0, Q=0.2 (bayes)
2026-09-22 18:27:51,321 INFO: Plan 1: ḡ=0.0, γE[v]=0.1, Q=0.1 (bayes)
2026-09-22 18:27:51,321 INFO: Plan 2: ḡ=0.2, γE[v]=0.0, Q=0.2 (bayes)
2026-09-22 18:28:00,881 INFO: Plan 0: ḡ=0, γE[v]=0.0, Q=0.0 (fn)
2026-09-22 18:28:00,933 INFO: Plan 1: ḡ=0, γE[v]=0.0, Q=0.0 (fn)
2026-09-22 18:28:01,309 INFO: Plan 2: ḡ=0, γE[v]=0.0, Q=0.0 (fn)
2026-09-22 18:28:01,310 INFO: Plan 0: ḡ=0.0, γE[v]=0.0, Q=0.0 (bayes)
2026-09-22 18:28:01,310 INFO: Plan 1: ḡ=0.0, γE[v]=0.0, Q=0.0 (bayes)
2026-09-22 18:28:01,310 INFO: Plan 2: ḡ=0.0, γE[v]=0.0, Q=0.0 (bayes)
2026-09-22 18:28:03,830 INFO: Plan 2: ḡ=487, γE[v]=12.5, Q=499.5 (fn)
2026-09-22 18:28:03,846 INFO: Plan 1: ḡ=34, γE[v]=16.0, Q=50.0 (fn)
2026-09-22 18:28:03,952 INFO: Plan 0: ḡ=71, γE[v]=0.5, Q=71.5 (fn)
2026-09-22 18:28:03,952 INFO: Plan 0: ḡ=35.5, γE[v]=111.3, Q=146.8 (bayes)
2026-09-22 18:28:03,952 INFO: Plan 1: ḡ=17.0, γE[v]=121.2, Q=138.2 (bayes)
2026-09-22 18:28:03,953 INFO: Plan 2: ḡ=243.5, γE[v]=7.8, Q=251.3 (bayes)
2026-09-22 18:28:07,389 INFO: Plan 0: ḡ=0, γE[v]=0.0, Q=0.0 (fn)
2026-09-22 18:28:07,580 INFO: Plan 1: ḡ=0, γE[v]=0.0, Q=0.0 (fn)
2026-09-22 18:28:09,183 INFO: Plan 2: ḡ=0, γE[v]=0.0, Q=0.0 (fn)
2026-09-22 18:28:09,184 INFO: Plan 0: ḡ=0.0, γE[v]=0.0, Q=0.0 (bayes)
2026-09-22 18:28:09,184 INFO: Plan 1: ḡ=0.0, γE[v]=0.0, Q=0.0 (bayes)
2026-09-22 18:28:09,184 INFO: Plan 2: ḡ=0.0, γE[v]=0.0, Q=0.0 (bayes)
2026-09-22 18:28:10,573 INFO: Plan 0: ḡ=33, γE[v]=0.0, Q=33.0 (fn)
2026-09-22 18:28:11,075 INFO: Plan 1: ḡ=269, γE[v]=26.5, Q=295.5 (fn)
  [45/93] jinja2.ext seed=42: {'random': 4, 'greedy': 40, 'cov_greedy': 105, 'covqvalue2': 134}
2026-09-22 18:28:11,179 INFO: Plan 2: ḡ=322, γE[v]=9.0, Q=331.0 (fn)
2026-09-22 18:28:11,179 INFO: Plan 0: ḡ=11.3, γE[v]=51.3, Q=62.7 (bayes)
2026-09-22 18:28:11,179 INFO: Plan 1: ḡ=89.8, γE[v]=13.7, Q=103.5 (bayes)
2026-09-22 18:28:11,180 INFO: Plan 2: ḡ=107.8, γE[v]=3.6, Q=111.5 (bayes)
2026-09-22 18:28:17,263 INFO: Plan 0: ḡ=33, γE[v]=0.0, Q=33.0 (fn)
2026-09-22 18:28:17,786 INFO: Plan 2: ḡ=125, γE[v]=8.5, Q=133.5 (fn)
2026-09-22 18:28:18,308 INFO: Plan 1: ḡ=83, γE[v]=20.0, Q=103.0 (fn)
2026-09-22 18:28:18,308 INFO: Plan 0: ḡ=8.4, γE[v]=15.2, Q=23.6 (bayes)
2026-09-22 18:28:18,308 INFO: Plan 1: ḡ=20.8, γE[v]=10.4, Q=31.1 (bayes)
2026-09-22 18:28:18,308 INFO: Plan 2: ḡ=31.3, γE[v]=4.3, Q=35.6 (bayes)
2026-09-22 18:28:25,389 INFO: Plan 0: ḡ=33, γE[v]=0.0, Q=33.0 (fn)
2026-09-22 18:28:25,571 INFO: Plan 2: ḡ=131, γE[v]=0.0, Q=131.0 (fn)
2026-09-22 18:28:26,205 INFO: Plan 1: ḡ=83, γE[v]=15.5, Q=98.5 (fn)
2026-09-22 18:28:26,206 INFO: Plan 0: ḡ=6.8, γE[v]=12.4, Q=19.2 (bayes)
2026-09-22 18:28:26,206 INFO: Plan 1: ḡ=17.2, γE[v]=8.4, Q=25.5 (bayes)
2026-09-22 18:28:26,206 INFO: Plan 2: ḡ=26.4, γE[v]=2.6, Q=29.0 (bayes)
2026-09-22 18:28:32,858 INFO: Plan 0: ḡ=33, γE[v]=0.0, Q=33.0 (fn)
2026-09-22 18:28:33,302 INFO: Plan 2: ḡ=132, γE[v]=9.5, Q=141.5 (fn)
2026-09-22 18:28:36,299 INFO: Plan 1: ḡ=81, γE[v]=15.5, Q=96.5 (fn)
2026-09-22 18:28:36,299 INFO: Plan 0: ḡ=5.8, γE[v]=10.6, Q=16.4 (bayes)
2026-09-22 18:28:36,300 INFO: Plan 1: ḡ=14.4, γE[v]=7.5, Q=21.9 (bayes)
2026-09-22 18:28:36,300 INFO: Plan 2: ḡ=22.1, γE[v]=3.1, Q=25.2 (bayes)
2026-09-22 18:28:42,925 INFO: Plan 0: ḡ=33, γE[v]=0.0, Q=33.0 (fn)
2026-09-22 18:28:43,233 INFO: Plan 1: ḡ=82, γE[v]=20.5, Q=102.5 (fn)
2026-09-22 18:28:43,663 INFO: Plan 2: ḡ=130, γE[v]=10.5, Q=140.5 (fn)
2026-09-22 18:28:43,663 INFO: Plan 0: ḡ=5.1, γE[v]=9.0, Q=14.1 (bayes)
2026-09-22 18:28:43,663 INFO: Plan 1: ḡ=12.6, γE[v]=6.8, Q=19.4 (bayes)
2026-09-22 18:28:43,663 INFO: Plan 2: ḡ=18.6, γE[v]=3.0, Q=21.6 (bayes)
2026-09-22 18:29:07,061 INFO: Plan 2: ḡ=74, γE[v]=10.5, Q=84.5 (fn)
2026-09-22 18:29:07,075 INFO: Plan 1: ḡ=18, γE[v]=12.5, Q=30.5 (fn)
2026-09-22 18:29:07,165 INFO: Plan 0: ḡ=78, γE[v]=7.5, Q=85.5 (fn)
2026-09-22 18:29:07,165 INFO: Plan 0: ḡ=39.0, γE[v]=58.6, Q=97.6 (bayes)
2026-09-22 18:29:07,165 INFO: Plan 1: ḡ=9.0, γE[v]=73.8, Q=82.8 (bayes)
2026-09-22 18:29:07,165 INFO: Plan 2: ḡ=37.0, γE[v]=59.7, Q=96.7 (bayes)
2026-09-22 18:29:09,640 INFO: Plan 0: ḡ=33, γE[v]=0.0, Q=33.0 (fn)
2026-09-22 18:29:09,686 INFO: Plan 1: ḡ=83, γE[v]=19.5, Q=102.5 (fn)
2026-09-22 18:29:11,712 INFO: Plan 2: ḡ=131, γE[v]=10.0, Q=141.0 (fn)
2026-09-22 18:29:11,713 INFO: Plan 0: ḡ=4.5, γE[v]=7.8, Q=12.3 (bayes)
2026-09-22 18:29:11,713 INFO: Plan 1: ḡ=11.0, γE[v]=6.1, Q=17.1 (bayes)
2026-09-22 18:29:11,713 INFO: Plan 2: ḡ=16.4, γE[v]=2.6, Q=19.0 (bayes)
2026-09-22 18:29:13,558 INFO: Plan 0: ḡ=137, γE[v]=0.0, Q=137.0 (fn)
2026-09-22 18:29:13,661 INFO: Plan 1: ḡ=43, γE[v]=0.0, Q=43.0 (fn)
2026-09-22 18:29:13,679 INFO: Plan 2: ḡ=65, γE[v]=0.0, Q=65.0 (fn)
2026-09-22 18:29:13,680 INFO: Plan 0: ḡ=66.0, γE[v]=24.0, Q=90.0 (bayes)
2026-09-22 18:29:13,680 INFO: Plan 1: ḡ=21.5, γE[v]=46.2, Q=67.8 (bayes)
2026-09-22 18:29:13,680 INFO: Plan 2: ḡ=32.5, γE[v]=40.8, Q=73.2 (bayes)
2026-09-22 18:29:19,028 INFO: Plan 0: ḡ=33, γE[v]=0.0, Q=33.0 (fn)
2026-09-22 18:29:19,279 INFO: Plan 1: ḡ=80, γE[v]=16.0, Q=96.0 (fn)
2026-09-22 18:29:19,554 INFO: Plan 1: ḡ=44, γE[v]=0.0, Q=44.0 (fn)
2026-09-22 18:29:19,572 INFO: Plan 2: ḡ=131, γE[v]=9.5, Q=140.5 (fn)
2026-09-22 18:29:19,573 INFO: Plan 0: ḡ=4.1, γE[v]=6.9, Q=11.0 (bayes)
2026-09-22 18:29:19,573 INFO: Plan 1: ḡ=9.2, γE[v]=5.6, Q=14.8 (bayes)
2026-09-22 18:29:19,573 INFO: Plan 2: ḡ=14.6, γE[v]=2.4, Q=17.0 (bayes)
2026-09-22 18:29:19,753 INFO: Plan 0: ḡ=89, γE[v]=6.0, Q=95.0 (fn)
  [46/93] jinja2.lexer seed=42: {'random': 81, 'greedy': 75, 'cov_greedy': 121, 'covqvalue2': 73}
2026-09-22 18:29:23,775 INFO: Plan 2: ḡ=59, γE[v]=0.0, Q=59.0 (fn)
2026-09-22 18:29:23,775 INFO: Plan 0: ḡ=33.8, γE[v]=18.0, Q=51.9 (bayes)
2026-09-22 18:29:23,775 INFO: Plan 1: ḡ=22.0, γE[v]=23.7, Q=45.7 (bayes)
2026-09-22 18:29:23,775 INFO: Plan 2: ḡ=29.5, γE[v]=19.9, Q=49.4 (bayes)
2026-09-22 18:29:28,516 INFO: Plan 2: ḡ=42, γE[v]=0.0, Q=42.0 (fn)
2026-09-22 18:29:28,557 INFO: Plan 0: ḡ=76, γE[v]=0.0, Q=76.0 (fn)
2026-09-22 18:29:28,705 INFO: Plan 1: ḡ=17, γE[v]=0.0, Q=17.0 (fn)
2026-09-22 18:29:28,705 INFO: Plan 0: ḡ=20.0, γE[v]=14.8, Q=34.8 (bayes)
2026-09-22 18:29:28,706 INFO: Plan 1: ḡ=8.5, γE[v]=20.5, Q=29.0 (bayes)
2026-09-22 18:29:28,706 INFO: Plan 2: ḡ=21.0, γE[v]=14.2, Q=35.2 (bayes)
2026-09-22 18:29:34,651 INFO: Plan 0: ḡ=71, γE[v]=0.0, Q=71.0 (fn)
2026-09-22 18:29:34,911 INFO: Plan 1: ḡ=16, γE[v]=3.0, Q=19.0 (fn)
2026-09-22 18:29:37,111 INFO: Plan 2: ḡ=11, γE[v]=3.0, Q=14.0 (fn)
2026-09-22 18:29:37,112 INFO: Plan 0: ḡ=18.3, γE[v]=5.1, Q=23.4 (bayes)
2026-09-22 18:29:37,112 INFO: Plan 1: ḡ=7.2, γE[v]=10.8, Q=18.0 (bayes)
2026-09-22 18:29:37,112 INFO: Plan 2: ḡ=5.5, γE[v]=11.6, Q=17.1 (bayes)
2026-09-22 18:29:41,911 INFO: Plan 1: ḡ=13, γE[v]=2.0, Q=15.0 (fn)
2026-09-22 18:29:41,972 INFO: Plan 0: ḡ=22, γE[v]=0.0, Q=22.0 (fn)
2026-09-22 18:29:42,122 INFO: Plan 2: ḡ=16, γE[v]=0.0, Q=16.0 (fn)
2026-09-22 18:29:42,123 INFO: Plan 0: ḡ=10.2, γE[v]=0.0, Q=10.2 (bayes)
2026-09-22 18:29:42,123 INFO: Plan 1: ḡ=6.5, γE[v]=1.9, Q=8.4 (bayes)
2026-09-22 18:29:42,123 INFO: Plan 2: ḡ=7.2, γE[v]=1.5, Q=8.7 (bayes)
2026-09-22 18:29:46,060 INFO: Plan 0: ḡ=15, γE[v]=0.0, Q=15.0 (fn)
2026-09-22 18:29:46,343 INFO: Plan 1: ḡ=48, γE[v]=12.0, Q=60.0 (fn)
2026-09-22 18:29:46,394 INFO: Plan 2: ḡ=47, γE[v]=20.0, Q=67.0 (fn)
2026-09-22 18:29:46,395 INFO: Plan 0: ḡ=7.5, γE[v]=75.2, Q=82.8 (bayes)
2026-09-22 18:29:46,395 INFO: Plan 1: ḡ=24.0, γE[v]=67.5, Q=91.5 (bayes)
2026-09-22 18:29:46,395 INFO: Plan 2: ḡ=23.5, γE[v]=68.2, Q=91.7 (bayes)
2026-09-22 18:29:46,601 INFO: Plan 1: ḡ=0, γE[v]=0.0, Q=0.0 (fn)
2026-09-22 18:29:46,665 INFO: Plan 0: ḡ=6, γE[v]=0.0, Q=6.0 (fn)
2026-09-22 18:29:47,022 INFO: Plan 2: ḡ=0, γE[v]=0.0, Q=0.0 (fn)
2026-09-22 18:29:47,023 INFO: Plan 0: ḡ=2.0, γE[v]=0.0, Q=2.0 (bayes)
2026-09-22 18:29:47,023 INFO: Plan 1: ḡ=0.0, γE[v]=1.0, Q=1.0 (bayes)
2026-09-22 18:29:47,023 INFO: Plan 2: ḡ=0.0, γE[v]=1.0, Q=1.0 (bayes)
2026-09-22 18:29:51,562 INFO: Plan 0: ḡ=36, γE[v]=0.0, Q=36.0 (fn)
2026-09-22 18:29:52,123 INFO: Plan 2: ḡ=33, γE[v]=0.0, Q=33.0 (fn)
2026-09-22 18:29:52,155 INFO: Plan 1: ḡ=0, γE[v]=0.0, Q=0.0 (fn)
2026-09-22 18:29:52,388 INFO: Plan 2: ḡ=0, γE[v]=0.0, Q=0.0 (fn)
2026-09-22 18:29:52,471 INFO: Plan 0: ḡ=0, γE[v]=0.0, Q=0.0 (fn)
2026-09-22 18:29:52,472 INFO: Plan 0: ḡ=0.0, γE[v]=0.0, Q=0.0 (bayes)
2026-09-22 18:29:52,472 INFO: Plan 1: ḡ=0.0, γE[v]=0.0, Q=0.0 (bayes)
2026-09-22 18:29:52,472 INFO: Plan 2: ḡ=0.0, γE[v]=0.0, Q=0.0 (bayes)
  [47/93] jinja2.loaders seed=42: {'random': 23, 'greedy': 23, 'cov_greedy': 75, 'covqvalue2': 94}
2026-09-22 18:29:54,498 INFO: Plan 1: ḡ=36, γE[v]=0.0, Q=36.0 (fn)
2026-09-22 18:29:54,499 INFO: Plan 0: ḡ=18.0, γE[v]=50.5, Q=68.5 (bayes)
2026-09-22 18:29:54,499 INFO: Plan 1: ḡ=14.2, γE[v]=52.4, Q=66.6 (bayes)
2026-09-22 18:29:54,499 INFO: Plan 2: ḡ=12.0, γE[v]=53.5, Q=65.5 (bayes)
2026-09-22 18:30:02,377 INFO: Plan 2: ḡ=16, γE[v]=0.5, Q=16.5 (fn)
2026-09-22 18:30:02,545 INFO: Plan 0: ḡ=154, γE[v]=0.0, Q=154.0 (fn)
2026-09-22 18:30:02,721 INFO: Plan 1: ḡ=33, γE[v]=0.0, Q=33.0 (fn)
2026-09-22 18:30:02,721 INFO: Plan 0: ḡ=77.0, γE[v]=11.5, Q=88.5 (bayes)
2026-09-22 18:30:02,722 INFO: Plan 1: ḡ=12.0, γE[v]=44.0, Q=56.0 (bayes)
2026-09-22 18:30:02,722 INFO: Plan 2: ḡ=7.8, γE[v]=46.1, Q=53.9 (bayes)
2026-09-22 18:30:08,703 INFO: Plan 2: ḡ=10, γE[v]=0.0, Q=10.0 (fn)
2026-09-22 18:30:08,890 INFO: Plan 0: ḡ=30, γE[v]=0.0, Q=30.0 (fn)
2026-09-22 18:30:09,152 INFO: Plan 1: ḡ=19, γE[v]=0.0, Q=19.0 (fn)
2026-09-22 18:30:09,152 INFO: Plan 0: ḡ=11.0, γE[v]=6.0, Q=17.0 (bayes)
2026-09-22 18:30:09,153 INFO: Plan 1: ḡ=7.3, γE[v]=7.8, Q=15.2 (bayes)
2026-09-22 18:30:09,153 INFO: Plan 2: ḡ=5.0, γE[v]=9.0, Q=14.0 (bayes)
2026-09-22 18:30:14,842 INFO: Plan 1: ḡ=14, γE[v]=1.0, Q=15.0 (fn)
2026-09-22 18:30:14,953 INFO: Plan 2: ḡ=10, γE[v]=0.0, Q=10.0 (fn)
2026-09-22 18:30:15,175 INFO: Plan 0: ḡ=12, γE[v]=0.0, Q=12.0 (fn)
2026-09-22 18:30:15,176 INFO: Plan 0: ḡ=4.0, γE[v]=4.0, Q=8.0 (bayes)
2026-09-22 18:30:15,176 INFO: Plan 1: ḡ=7.0, γE[v]=2.5, Q=9.5 (bayes)
2026-09-22 18:30:15,176 INFO: Plan 2: ḡ=5.0, γE[v]=3.5, Q=8.5 (bayes)
2026-09-22 18:30:19,786 INFO: Plan 0: ḡ=10, γE[v]=0.0, Q=10.0 (fn)
2026-09-22 18:30:19,880 INFO: Plan 2: ḡ=2, γE[v]=0.0, Q=2.0 (fn)
2026-09-22 18:30:20,032 INFO: Plan 1: ḡ=2, γE[v]=0.0, Q=2.0 (fn)
2026-09-22 18:30:20,032 INFO: Plan 0: ḡ=3.3, γE[v]=0.7, Q=4.0 (bayes)
2026-09-22 18:30:20,032 INFO: Plan 1: ḡ=0.7, γE[v]=2.0, Q=2.7 (bayes)
2026-09-22 18:30:20,032 INFO: Plan 2: ḡ=0.7, γE[v]=2.0, Q=2.7 (bayes)
2026-09-22 18:30:28,588 INFO: Plan 1: ḡ=2, γE[v]=0.0, Q=2.0 (fn)
2026-09-22 18:30:29,203 INFO: Plan 0: ḡ=2, γE[v]=0.0, Q=2.0 (fn)
2026-09-22 18:30:29,500 INFO: Plan 2: ḡ=0, γE[v]=0.0, Q=0.0 (fn)
2026-09-22 18:30:29,501 INFO: Plan 0: ḡ=0.7, γE[v]=0.3, Q=1.0 (bayes)
2026-09-22 18:30:29,501 INFO: Plan 1: ḡ=0.7, γE[v]=0.3, Q=1.0 (bayes)
2026-09-22 18:30:29,501 INFO: Plan 2: ḡ=0.0, γE[v]=0.7, Q=0.7 (bayes)
2026-09-22 18:30:34,171 INFO: Plan 0: ḡ=2, γE[v]=0.0, Q=2.0 (fn)
2026-09-22 18:30:34,203 INFO: Plan 2: ḡ=0, γE[v]=0.0, Q=0.0 (fn)
2026-09-22 18:30:34,486 INFO: Plan 1: ḡ=2, γE[v]=0.0, Q=2.0 (fn)
2026-09-22 18:30:34,487 INFO: Plan 0: ḡ=0.7, γE[v]=0.0, Q=0.7 (bayes)
2026-09-22 18:30:34,487 INFO: Plan 1: ḡ=0.7, γE[v]=0.0, Q=0.7 (bayes)
2026-09-22 18:30:34,487 INFO: Plan 2: ḡ=0.0, γE[v]=0.3, Q=0.3 (bayes)
  [48/93] jinja2.utils seed=42: {'random': 11, 'greedy': 11, 'cov_greedy': 89, 'covqvalue2': 106}
2026-09-22 18:32:13,989 INFO: Plan 1: ḡ=63, γE[v]=0.0, Q=63.0 (fn)
2026-09-22 18:32:14,198 INFO: Plan 0: ḡ=78, γE[v]=24.5, Q=102.5 (fn)
2026-09-22 18:32:14,455 INFO: Plan 2: ḡ=106, γE[v]=0.0, Q=106.0 (fn)
2026-09-22 18:32:14,456 INFO: Plan 0: ḡ=39.0, γE[v]=15.9, Q=54.9 (bayes)
2026-09-22 18:32:14,456 INFO: Plan 1: ḡ=31.5, γE[v]=18.5, Q=50.0 (bayes)
2026-09-22 18:32:14,456 INFO: Plan 2: ḡ=53.0, γE[v]=7.8, Q=60.8 (bayes)
2026-09-22 18:32:20,554 INFO: Plan 2: ḡ=110, γE[v]=0.0, Q=110.0 (fn)
2026-09-22 18:32:20,565 INFO: Plan 0: ḡ=29, γE[v]=22.5, Q=51.5 (fn)
2026-09-22 18:32:20,686 INFO: Plan 1: ḡ=70, γE[v]=40.0, Q=110.0 (fn)
2026-09-22 18:32:20,687 INFO: Plan 0: ḡ=14.5, γE[v]=37.3, Q=51.8 (bayes)
2026-09-22 18:32:20,687 INFO: Plan 1: ḡ=35.0, γE[v]=27.8, Q=62.8 (bayes)
2026-09-22 18:32:20,687 INFO: Plan 2: ḡ=55.0, γE[v]=16.0, Q=71.0 (bayes)
2026-09-22 18:32:22,515 INFO: Plan 1: ḡ=2, γE[v]=0.0, Q=2.0 (fn)
2026-09-22 18:32:25,306 INFO: Plan 2: ḡ=18, γE[v]=0.0, Q=18.0 (fn)
2026-09-22 18:32:26,033 INFO: Plan 0: ḡ=11, γE[v]=0.0, Q=11.0 (fn)
2026-09-22 18:32:26,034 INFO: Plan 0: ḡ=5.5, γE[v]=5.0, Q=10.5 (bayes)
2026-09-22 18:32:26,034 INFO: Plan 1: ḡ=1.0, γE[v]=7.2, Q=8.2 (bayes)
2026-09-22 18:32:26,034 INFO: Plan 2: ḡ=9.0, γE[v]=3.2, Q=12.2 (bayes)
2026-09-22 18:32:28,395 INFO: Plan 1: ḡ=13, γE[v]=1.0, Q=14.0 (fn)
2026-09-22 18:32:28,638 INFO: Plan 0: ḡ=6, γE[v]=0.0, Q=6.0 (fn)
2026-09-22 18:32:28,876 INFO: Plan 2: ḡ=46, γE[v]=0.0, Q=46.0 (fn)
2026-09-22 18:32:28,876 INFO: Plan 0: ḡ=3.0, γE[v]=14.5, Q=17.5 (bayes)
2026-09-22 18:32:28,876 INFO: Plan 1: ḡ=6.5, γE[v]=12.8, Q=19.3 (bayes)
2026-09-22 18:32:28,876 INFO: Plan 2: ḡ=23.0, γE[v]=4.5, Q=27.5 (bayes)
2026-09-22 18:32:33,150 INFO: Plan 2: ḡ=13, γE[v]=0.0, Q=13.0 (fn)
2026-09-22 18:32:33,319 INFO: Plan 1: ḡ=10, γE[v]=0.0, Q=10.0 (fn)
2026-09-22 18:32:33,657 INFO: Plan 0: ḡ=2, γE[v]=0.0, Q=2.0 (fn)
2026-09-22 18:32:33,658 INFO: Plan 0: ḡ=1.0, γE[v]=4.0, Q=5.0 (bayes)
2026-09-22 18:32:33,658 INFO: Plan 1: ḡ=5.0, γE[v]=2.0, Q=7.0 (bayes)
2026-09-22 18:32:33,658 INFO: Plan 2: ḡ=6.5, γE[v]=1.2, Q=7.8 (bayes)
2026-09-22 18:32:37,812 INFO: Plan 1: ḡ=2, γE[v]=0.0, Q=2.0 (fn)
2026-09-22 18:32:37,965 INFO: Plan 2: ḡ=9, γE[v]=0.0, Q=9.0 (fn)
2026-09-22 18:32:39,304 INFO: Plan 1: ḡ=4, γE[v]=0.0, Q=4.0 (fn)
2026-09-22 18:32:39,316 INFO: Plan 0: ḡ=1, γE[v]=0.0, Q=1.0 (fn)
2026-09-22 18:32:39,404 INFO: Plan 2: ḡ=0, γE[v]=0.0, Q=0.0 (fn)
2026-09-22 18:32:39,404 INFO: Plan 0: ḡ=0.5, γE[v]=1.0, Q=1.5 (bayes)
2026-09-22 18:32:39,404 INFO: Plan 1: ḡ=2.0, γE[v]=0.2, Q=2.2 (bayes)
2026-09-22 18:32:39,404 INFO: Plan 2: ḡ=0.0, γE[v]=1.2, Q=1.2 (bayes)
2026-09-22 18:32:39,629 INFO: Plan 0: ḡ=11, γE[v]=0.0, Q=11.0 (fn)
2026-09-22 18:32:39,629 INFO: Plan 0: ḡ=5.5, γE[v]=0.5, Q=6.0 (bayes)
2026-09-22 18:32:39,629 INFO: Plan 1: ḡ=1.0, γE[v]=2.8, Q=3.8 (bayes)
2026-09-22 18:32:39,630 INFO: Plan 2: ḡ=4.5, γE[v]=1.0, Q=5.5 (bayes)
2026-09-22 18:32:40,544 INFO: Plan 1: ḡ=212, γE[v]=48.0, Q=260.0 (fn)
2026-09-22 18:32:40,941 INFO: Plan 0: ḡ=595, γE[v]=86.0, Q=681.0 (fn)
2026-09-22 18:32:40,960 INFO: Plan 2: ḡ=451, γE[v]=81.0, Q=532.0 (fn)
2026-09-22 18:32:40,961 INFO: Plan 0: ḡ=297.5, γE[v]=100.6, Q=398.1 (bayes)
2026-09-22 18:32:40,961 INFO: Plan 1: ḡ=106.0, γE[v]=194.7, Q=300.7 (bayes)
2026-09-22 18:32:40,961 INFO: Plan 2: ḡ=225.5, γE[v]=136.4, Q=361.9 (bayes)
2026-09-22 18:32:45,785 INFO: Plan 1: ḡ=0, γE[v]=0.0, Q=0.0 (fn)
2026-09-22 18:32:45,806 INFO: Plan 2: ḡ=0, γE[v]=0.0, Q=0.0 (fn)
2026-09-22 18:32:45,882 INFO: Plan 0: ḡ=1, γE[v]=0.0, Q=1.0 (fn)
2026-09-22 18:32:45,882 INFO: Plan 0: ḡ=0.5, γE[v]=1.3, Q=1.8 (bayes)
2026-09-22 18:32:45,882 INFO: Plan 1: ḡ=0.0, γE[v]=1.6, Q=1.6 (bayes)
2026-09-22 18:32:45,882 INFO: Plan 2: ḡ=0.0, γE[v]=1.6, Q=1.6 (bayes)
2026-09-22 18:32:47,123 INFO: Plan 0: ḡ=1, γE[v]=0.0, Q=1.0 (fn)
2026-09-22 18:32:49,565 INFO: Plan 1: ḡ=1, γE[v]=0.0, Q=1.0 (fn)
2026-09-22 18:32:50,175 INFO: Plan 0: ḡ=14, γE[v]=0.0, Q=14.0 (fn)
2026-09-22 18:32:50,597 INFO: Plan 2: ḡ=78, γE[v]=0.5, Q=78.5 (fn)
2026-09-22 18:32:50,982 INFO: Plan 2: ḡ=0, γE[v]=0.0, Q=0.0 (fn)
2026-09-22 18:32:50,982 INFO: Plan 0: ḡ=0.5, γE[v]=0.2, Q=0.8 (bayes)
2026-09-22 18:32:50,982 INFO: Plan 1: ḡ=0.5, γE[v]=0.2, Q=0.8 (bayes)
2026-09-22 18:32:50,982 INFO: Plan 2: ḡ=0.0, γE[v]=0.5, Q=0.5 (bayes)
2026-09-22 18:32:53,280 INFO: Plan 1: ḡ=86, γE[v]=0.0, Q=86.0 (fn)
2026-09-22 18:32:53,280 INFO: Plan 0: ḡ=5.7, γE[v]=67.1, Q=72.8 (bayes)
2026-09-22 18:32:53,281 INFO: Plan 1: ḡ=32.7, γE[v]=53.6, Q=86.2 (bayes)
2026-09-22 18:32:53,281 INFO: Plan 2: ḡ=31.2, γE[v]=54.4, Q=85.5 (bayes)
2026-09-22 18:32:53,611 INFO: Plan 2: ḡ=0, γE[v]=0.0, Q=0.0 (fn)
2026-09-22 18:32:53,616 INFO: Plan 0: ḡ=4, γE[v]=0.0, Q=4.0 (fn)
2026-09-22 18:32:57,108 INFO: Plan 1: ḡ=0, γE[v]=0.0, Q=0.0 (fn)
2026-09-22 18:32:57,109 INFO: Plan 0: ḡ=2.7, γE[v]=0.0, Q=2.7 (bayes)
2026-09-22 18:32:57,109 INFO: Plan 1: ḡ=0.0, γE[v]=1.3, Q=1.3 (bayes)
2026-09-22 18:32:57,109 INFO: Plan 2: ḡ=0.0, γE[v]=1.3, Q=1.3 (bayes)
2026-09-22 18:32:58,022 INFO: Plan 0: ḡ=1, γE[v]=0.0, Q=1.0 (fn)
2026-09-22 18:33:02,259 INFO: Plan 2: ḡ=0, γE[v]=0.0, Q=0.0 (fn)
2026-09-22 18:33:02,876 INFO: Plan 1: ḡ=0, γE[v]=0.0, Q=0.0 (fn)
2026-09-22 18:33:02,876 INFO: Plan 0: ḡ=0.5, γE[v]=0.0, Q=0.5 (bayes)
2026-09-22 18:33:02,876 INFO: Plan 1: ḡ=0.0, γE[v]=0.2, Q=0.2 (bayes)
2026-09-22 18:33:02,876 INFO: Plan 2: ḡ=0.0, γE[v]=0.2, Q=0.2 (bayes)
2026-09-22 18:33:03,216 INFO: Plan 0: ḡ=14, γE[v]=0.0, Q=14.0 (fn)
2026-09-22 18:33:04,517 INFO: Plan 1: ḡ=75, γE[v]=0.0, Q=75.0 (fn)
2026-09-22 18:33:06,753 INFO: Plan 2: ḡ=107, γE[v]=0.0, Q=107.0 (fn)
2026-09-22 18:33:06,754 INFO: Plan 0: ḡ=5.1, γE[v]=51.7, Q=56.8 (bayes)
2026-09-22 18:33:06,754 INFO: Plan 1: ḡ=33.1, γE[v]=37.7, Q=70.8 (bayes)
2026-09-22 18:33:06,754 INFO: Plan 2: ḡ=46.2, γE[v]=31.1, Q=77.3 (bayes)
2026-09-22 18:33:16,276 INFO: Plan 2: ḡ=46, γE[v]=0.0, Q=46.0 (fn)
2026-09-22 18:33:16,644 INFO: Plan 1: ḡ=0, γE[v]=0.0, Q=0.0 (fn)
2026-09-22 18:33:17,953 INFO: Plan 2: ḡ=0, γE[v]=0.0, Q=0.0 (fn)
2026-09-22 18:33:18,026 INFO: Plan 1: ḡ=104, γE[v]=0.0, Q=104.0 (fn)
2026-09-22 18:33:18,473 INFO: Plan 0: ḡ=14, γE[v]=0.0, Q=14.0 (fn)
2026-09-22 18:33:18,474 INFO: Plan 0: ḡ=5.1, γE[v]=31.3, Q=36.4 (bayes)
2026-09-22 18:33:18,474 INFO: Plan 1: ḡ=40.9, γE[v]=13.4, Q=54.3 (bayes)
2026-09-22 18:33:18,474 INFO: Plan 2: ḡ=15.7, γE[v]=26.0, Q=41.7 (bayes)
2026-09-22 18:33:22,551 INFO: Plan 0: ḡ=0, γE[v]=0.0, Q=0.0 (fn)
2026-09-22 18:33:22,551 INFO: Plan 0: ḡ=0.0, γE[v]=0.0, Q=0.0 (bayes)
2026-09-22 18:33:22,551 INFO: Plan 1: ḡ=0.0, γE[v]=0.0, Q=0.0 (bayes)
2026-09-22 18:33:22,551 INFO: Plan 2: ḡ=0.0, γE[v]=0.0, Q=0.0 (bayes)
2026-09-22 18:33:24,990 INFO: Plan 0: ḡ=4, γE[v]=0.0, Q=4.0 (fn)
2026-09-22 18:33:25,022 INFO: Plan 2: ḡ=0, γE[v]=0.0, Q=0.0 (fn)
2026-09-22 18:33:25,443 INFO: Plan 0: ḡ=21, γE[v]=0.0, Q=21.0 (fn)
2026-09-22 18:33:25,769 INFO: Plan 2: ḡ=30, γE[v]=0.0, Q=30.0 (fn)
2026-09-22 18:33:26,273 INFO: Plan 1: ḡ=49, γE[v]=0.0, Q=49.0 (fn)
2026-09-22 18:33:26,273 INFO: Plan 0: ḡ=6.5, γE[v]=10.8, Q=17.3 (bayes)
2026-09-22 18:33:26,273 INFO: Plan 1: ḡ=18.3, γE[v]=4.9, Q=23.2 (bayes)
2026-09-22 18:33:26,273 INFO: Plan 2: ḡ=9.4, γE[v]=9.4, Q=18.8 (bayes)
2026-09-22 18:33:27,341 INFO: Plan 1: ḡ=0, γE[v]=0.0, Q=0.0 (fn)
2026-09-22 18:33:27,342 INFO: Plan 0: ḡ=3.0, γE[v]=0.0, Q=3.0 (bayes)
2026-09-22 18:33:27,342 INFO: Plan 1: ḡ=0.0, γE[v]=1.5, Q=1.5 (bayes)
2026-09-22 18:33:27,342 INFO: Plan 2: ḡ=0.0, γE[v]=1.5, Q=1.5 (bayes)
2026-09-22 18:33:28,897 INFO: Plan 2: ḡ=57, γE[v]=7.5, Q=64.5 (fn)
2026-09-22 18:33:29,041 INFO: Plan 1: ḡ=116, γE[v]=22.5, Q=138.5 (fn)
2026-09-22 18:33:29,348 INFO: Plan 0: ḡ=54, γE[v]=20.5, Q=74.5 (fn)
2026-09-22 18:33:29,348 INFO: Plan 0: ḡ=27.0, γE[v]=37.2, Q=64.2 (bayes)
2026-09-22 18:33:29,348 INFO: Plan 1: ḡ=58.0, γE[v]=21.8, Q=79.8 (bayes)
2026-09-22 18:33:29,348 INFO: Plan 2: ḡ=28.5, γE[v]=35.8, Q=64.3 (bayes)
2026-09-22 18:33:32,544 INFO: Plan 2: ḡ=0, γE[v]=0.0, Q=0.0 (fn)
2026-09-22 18:33:33,888 INFO: Plan 2: ḡ=11, γE[v]=0.0, Q=11.0 (fn)
2026-09-22 18:33:34,370 INFO: Plan 1: ḡ=0, γE[v]=0.0, Q=0.0 (fn)
2026-09-22 18:33:34,586 INFO: Plan 1: ḡ=15, γE[v]=0.0, Q=15.0 (fn)
2026-09-22 18:33:34,638 INFO: Plan 0: ḡ=5, γE[v]=0.0, Q=5.0 (fn)
2026-09-22 18:33:34,639 INFO: Plan 0: ḡ=2.5, γE[v]=3.7, Q=6.2 (bayes)
2026-09-22 18:33:34,639 INFO: Plan 1: ḡ=5.7, γE[v]=2.1, Q=7.8 (bayes)
2026-09-22 18:33:34,639 INFO: Plan 2: ḡ=3.7, γE[v]=3.1, Q=6.8 (bayes)
2026-09-22 18:33:35,363 INFO: Plan 0: ḡ=0, γE[v]=0.0, Q=0.0 (fn)
2026-09-22 18:33:35,363 INFO: Plan 0: ḡ=0.0, γE[v]=0.0, Q=0.0 (bayes)
2026-09-22 18:33:35,363 INFO: Plan 1: ḡ=0.0, γE[v]=0.0, Q=0.0 (bayes)
2026-09-22 18:33:35,363 INFO: Plan 2: ḡ=0.0, γE[v]=0.0, Q=0.0 (bayes)
2026-09-22 18:33:35,706 INFO: Plan 1: ḡ=4, γE[v]=0.0, Q=4.0 (fn)
2026-09-22 18:33:35,900 INFO: Plan 2: ḡ=0, γE[v]=0.0, Q=0.0 (fn)
2026-09-22 18:33:36,931 INFO: Plan 0: ḡ=0, γE[v]=0.0, Q=0.0 (fn)
2026-09-22 18:33:36,932 INFO: Plan 0: ḡ=0.0, γE[v]=1.6, Q=1.6 (bayes)
2026-09-22 18:33:36,932 INFO: Plan 1: ḡ=3.2, γE[v]=0.0, Q=3.2 (bayes)
2026-09-22 18:33:36,932 INFO: Plan 2: ḡ=0.0, γE[v]=1.6, Q=1.6 (bayes)
  [49/93] jinja2.bccache seed=42: {'random': 5, 'greedy': 5, 'cov_greedy': 18, 'covqvalue2': 26}
2026-09-22 18:33:41,801 INFO: Plan 1: ḡ=11, γE[v]=0.0, Q=11.0 (fn)
2026-09-22 18:33:41,896 INFO: Plan 0: ḡ=1, γE[v]=0.0, Q=1.0 (fn)
2026-09-22 18:33:44,287 INFO: Plan 2: ḡ=0, γE[v]=0.0, Q=0.0 (fn)
2026-09-22 18:33:44,288 INFO: Plan 0: ḡ=0.5, γE[v]=1.8, Q=2.3 (bayes)
2026-09-22 18:33:44,288 INFO: Plan 1: ḡ=3.7, γE[v]=0.2, Q=3.9 (bayes)
2026-09-22 18:33:44,288 INFO: Plan 2: ḡ=0.0, γE[v]=2.1, Q=2.1 (bayes)
2026-09-22 18:33:45,240 INFO: Plan 2: ḡ=8, γE[v]=0.0, Q=8.0 (fn)
2026-09-22 18:33:45,472 INFO: Plan 0: ḡ=14, γE[v]=0.0, Q=14.0 (fn)
2026-09-22 18:33:45,498 INFO: Plan 1: ḡ=16, γE[v]=0.0, Q=16.0 (fn)
2026-09-22 18:33:45,499 INFO: Plan 0: ḡ=6.0, γE[v]=13.7, Q=19.8 (bayes)
2026-09-22 18:33:45,499 INFO: Plan 1: ḡ=5.7, γE[v]=13.9, Q=19.6 (bayes)
2026-09-22 18:33:45,499 INFO: Plan 2: ḡ=4.0, γE[v]=14.8, Q=18.8 (bayes)
2026-09-22 18:33:50,580 INFO: Plan 0: ḡ=0, γE[v]=0.0, Q=0.0 (fn)
2026-09-22 18:33:52,133 INFO: Plan 1: ḡ=0, γE[v]=0.0, Q=0.0 (fn)
2026-09-22 18:33:52,658 INFO: Plan 2: ḡ=0, γE[v]=0.0, Q=0.0 (fn)
2026-09-22 18:33:52,760 INFO: Plan 1: ḡ=0, γE[v]=0.0, Q=0.0 (fn)
2026-09-22 18:33:53,083 INFO: Plan 2: ḡ=10, γE[v]=0.0, Q=10.0 (fn)
2026-09-22 18:33:53,115 INFO: Plan 2: ḡ=0, γE[v]=0.0, Q=0.0 (fn)
2026-09-22 18:33:53,115 INFO: Plan 0: ḡ=0.0, γE[v]=0.0, Q=0.0 (bayes)
2026-09-22 18:33:53,115 INFO: Plan 1: ḡ=0.0, γE[v]=0.0, Q=0.0 (bayes)
2026-09-22 18:33:53,115 INFO: Plan 2: ḡ=0.0, γE[v]=0.0, Q=0.0 (bayes)
2026-09-22 18:33:53,276 INFO: Plan 0: ḡ=11, γE[v]=0.0, Q=11.0 (fn)
2026-09-22 18:33:54,040 INFO: Plan 1: ḡ=29, γE[v]=0.0, Q=29.0 (fn)
2026-09-22 18:33:54,041 INFO: Plan 0: ḡ=3.8, γE[v]=11.8, Q=15.7 (bayes)
2026-09-22 18:33:54,041 INFO: Plan 1: ḡ=10.3, γE[v]=8.6, Q=18.9 (bayes)
2026-09-22 18:33:54,041 INFO: Plan 2: ḡ=5.0, γE[v]=11.2, Q=16.2 (bayes)
2026-09-22 18:33:54,242 INFO: Plan 0: ḡ=1, γE[v]=0.0, Q=1.0 (fn)
2026-09-22 18:33:54,242 INFO: Plan 0: ḡ=0.5, γE[v]=0.0, Q=0.5 (bayes)
2026-09-22 18:33:54,243 INFO: Plan 1: ḡ=0.0, γE[v]=0.2, Q=0.2 (bayes)
2026-09-22 18:33:54,243 INFO: Plan 2: ḡ=0.0, γE[v]=0.2, Q=0.2 (bayes)
  [50/93] jinja2.sandbox seed=42: {'random': 5, 'greedy': 6, 'cov_greedy': 93, 'covqvalue2': 98}
  [51/93] httpx._client seed=42: {'random': 41, 'greedy': 76, 'cov_greedy': 164, 'covqvalue2': 145}
2026-09-22 18:33:58,473 INFO: Plan 0: ḡ=36, γE[v]=36.5, Q=72.5 (fn)
2026-09-22 18:33:58,656 INFO: Plan 1: ḡ=144, γE[v]=38.0, Q=182.0 (fn)
2026-09-22 18:33:59,501 INFO: Plan 0: ḡ=11, γE[v]=0.0, Q=11.0 (fn)
2026-09-22 18:33:59,557 INFO: Plan 1: ḡ=15, γE[v]=0.0, Q=15.0 (fn)
2026-09-22 18:33:59,679 INFO: Plan 2: ḡ=216, γE[v]=41.5, Q=257.5 (fn)
2026-09-22 18:33:59,680 INFO: Plan 0: ḡ=18.0, γE[v]=159.4, Q=177.4 (bayes)
2026-09-22 18:33:59,680 INFO: Plan 1: ḡ=72.0, γE[v]=132.5, Q=204.5 (bayes)
2026-09-22 18:33:59,680 INFO: Plan 2: ḡ=108.0, γE[v]=114.6, Q=222.6 (bayes)
2026-09-22 18:33:59,850 INFO: Plan 2: ḡ=16, γE[v]=0.0, Q=16.0 (fn)
2026-09-22 18:33:59,851 INFO: Plan 0: ḡ=3.8, γE[v]=6.7, Q=10.5 (bayes)
2026-09-22 18:33:59,851 INFO: Plan 1: ḡ=6.0, γE[v]=5.6, Q=11.6 (bayes)
2026-09-22 18:33:59,851 INFO: Plan 2: ḡ=7.3, γE[v]=4.9, Q=12.2 (bayes)
2026-09-22 18:34:05,980 INFO: Plan 2: ḡ=6, γE[v]=0.0, Q=6.0 (fn)
2026-09-22 18:34:06,287 INFO: Plan 1: ḡ=15, γE[v]=0.0, Q=15.0 (fn)
2026-09-22 18:34:08,133 INFO: Plan 1: ḡ=92, γE[v]=28.5, Q=120.5 (fn)
2026-09-22 18:34:08,511 INFO: Plan 2: ḡ=154, γE[v]=35.0, Q=189.0 (fn)
2026-09-22 18:34:08,616 INFO: Plan 0: ḡ=6, γE[v]=0.0, Q=6.0 (fn)
2026-09-22 18:34:08,617 INFO: Plan 0: ḡ=2.0, γE[v]=3.9, Q=5.9 (bayes)
2026-09-22 18:34:08,617 INFO: Plan 1: ḡ=5.2, γE[v]=2.3, Q=7.5 (bayes)
2026-09-22 18:34:08,617 INFO: Plan 2: ḡ=3.0, γE[v]=3.4, Q=6.4 (bayes)
2026-09-22 18:34:08,781 INFO: Plan 0: ḡ=37, γE[v]=0.0, Q=37.0 (fn)
2026-09-22 18:34:08,781 INFO: Plan 0: ḡ=18.5, γE[v]=87.1, Q=105.6 (bayes)
2026-09-22 18:34:08,781 INFO: Plan 1: ḡ=42.2, γE[v]=76.7, Q=118.8 (bayes)
2026-09-22 18:34:08,781 INFO: Plan 2: ḡ=75.8, γE[v]=60.0, Q=135.9 (bayes)
2026-09-22 18:34:15,649 INFO: Plan 1: ḡ=5, γE[v]=0.0, Q=5.0 (fn)
2026-09-22 18:34:15,886 INFO: Plan 0: ḡ=5, γE[v]=0.0, Q=5.0 (fn)
2026-09-22 18:34:17,112 INFO: Plan 2: ḡ=2, γE[v]=0.0, Q=2.0 (fn)
2026-09-22 18:34:17,112 INFO: Plan 0: ḡ=1.7, γE[v]=1.5, Q=3.2 (bayes)
2026-09-22 18:34:17,112 INFO: Plan 1: ḡ=2.5, γE[v]=1.1, Q=3.6 (bayes)
2026-09-22 18:34:17,112 INFO: Plan 2: ḡ=1.0, γE[v]=1.8, Q=2.8 (bayes)
2026-09-22 18:34:17,518 INFO: Plan 2: ḡ=25, γE[v]=0.0, Q=25.0 (fn)
2026-09-22 18:34:17,645 INFO: Plan 1: ḡ=25, γE[v]=0.0, Q=25.0 (fn)
2026-09-22 18:34:17,768 INFO: Plan 0: ḡ=38, γE[v]=0.0, Q=38.0 (fn)
2026-09-22 18:34:17,768 INFO: Plan 0: ḡ=19.0, γE[v]=38.2, Q=57.2 (bayes)
2026-09-22 18:34:17,768 INFO: Plan 1: ḡ=8.7, γE[v]=43.4, Q=52.0 (bayes)
2026-09-22 18:34:17,769 INFO: Plan 2: ḡ=9.8, γE[v]=42.8, Q=52.6 (bayes)
2026-09-22 18:34:25,720 INFO: Plan 2: ḡ=1, γE[v]=0.0, Q=1.0 (fn)
2026-09-22 18:34:25,987 INFO: Plan 1: ḡ=3, γE[v]=0.0, Q=3.0 (fn)
2026-09-22 18:34:26,636 INFO: Plan 0: ḡ=3, γE[v]=0.0, Q=3.0 (fn)
2026-09-22 18:34:26,637 INFO: Plan 0: ḡ=1.0, γE[v]=0.6, Q=1.6 (bayes)
2026-09-22 18:34:26,637 INFO: Plan 1: ḡ=1.2, γE[v]=0.5, Q=1.7 (bayes)
2026-09-22 18:34:26,637 INFO: Plan 2: ḡ=0.5, γE[v]=0.8, Q=1.3 (bayes)
2026-09-22 18:34:30,735 INFO: Plan 0: ḡ=37, γE[v]=0.0, Q=37.0 (fn)
2026-09-22 18:34:30,934 INFO: Plan 2: ḡ=40, γE[v]=0.0, Q=40.0 (fn)
2026-09-22 18:34:31,012 INFO: Plan 1: ḡ=16, γE[v]=0.0, Q=16.0 (fn)
2026-09-22 18:34:31,012 INFO: Plan 0: ḡ=16.0, γE[v]=30.2, Q=46.2 (bayes)
2026-09-22 18:34:31,012 INFO: Plan 1: ḡ=6.2, γE[v]=35.1, Q=41.3 (bayes)
2026-09-22 18:34:31,012 INFO: Plan 2: ḡ=14.4, γE[v]=31.0, Q=45.4 (bayes)
2026-09-22 18:34:35,329 INFO: Plan 0: ḡ=1, γE[v]=0.0, Q=1.0 (fn)
2026-09-22 18:34:35,523 INFO: Plan 2: ḡ=0, γE[v]=0.0, Q=0.0 (fn)
2026-09-22 18:34:35,657 INFO: Plan 1: ḡ=2, γE[v]=0.0, Q=2.0 (fn)
2026-09-22 18:34:35,657 INFO: Plan 0: ḡ=0.3, γE[v]=0.3, Q=0.7 (bayes)
2026-09-22 18:34:35,657 INFO: Plan 1: ḡ=0.7, γE[v]=0.2, Q=0.8 (bayes)
2026-09-22 18:34:35,657 INFO: Plan 2: ḡ=0.0, γE[v]=0.5, Q=0.5 (bayes)
2026-09-22 18:34:37,853 INFO: Plan 1: ḡ=21, γE[v]=0.0, Q=21.0 (fn)
2026-09-22 18:34:37,966 INFO: Plan 0: ḡ=26, γE[v]=0.0, Q=26.0 (fn)
2026-09-22 18:34:38,035 INFO: Plan 2: ḡ=44, γE[v]=0.0, Q=44.0 (fn)
2026-09-22 18:34:38,035 INFO: Plan 0: ḡ=9.1, γE[v]=28.2, Q=37.3 (bayes)
2026-09-22 18:34:38,036 INFO: Plan 1: ḡ=7.8, γE[v]=28.8, Q=36.7 (bayes)
2026-09-22 18:34:38,036 INFO: Plan 2: ḡ=15.8, γE[v]=24.9, Q=40.6 (bayes)
  [52/93] httpx._urls seed=42: {'random': 38, 'greedy': 42, 'cov_greedy': 85, 'covqvalue2': 84}
2026-09-22 18:34:46,085 INFO: Plan 0: ḡ=26, γE[v]=0.0, Q=26.0 (fn)
2026-09-22 18:34:46,357 INFO: Plan 1: ḡ=22, γE[v]=0.0, Q=22.0 (fn)
2026-09-22 18:34:47,650 INFO: Plan 2: ḡ=15, γE[v]=0.0, Q=15.0 (fn)
2026-09-22 18:34:47,651 INFO: Plan 0: ḡ=9.1, γE[v]=20.3, Q=29.4 (bayes)
2026-09-22 18:34:47,651 INFO: Plan 1: ḡ=8.3, γE[v]=20.7, Q=29.0 (bayes)
2026-09-22 18:34:47,651 INFO: Plan 2: ḡ=7.5, γE[v]=21.1, Q=28.6 (bayes)
2026-09-22 18:34:55,514 INFO: Plan 0: ḡ=23, γE[v]=0.0, Q=23.0 (fn)
2026-09-22 18:34:55,815 INFO: Plan 1: ḡ=71, γE[v]=0.0, Q=71.0 (fn)
2026-09-22 18:34:56,568 INFO: Plan 2: ḡ=17, γE[v]=0.0, Q=17.0 (fn)
2026-09-22 18:34:56,568 INFO: Plan 0: ḡ=8.2, γE[v]=16.2, Q=24.4 (bayes)
2026-09-22 18:34:56,568 INFO: Plan 1: ḡ=24.2, γE[v]=8.2, Q=32.4 (bayes)
2026-09-22 18:34:56,569 INFO: Plan 2: ḡ=8.5, γE[v]=16.1, Q=24.6 (bayes)
2026-09-22 18:34:58,933 INFO: Plan 1: ḡ=223, γE[v]=17.5, Q=240.5 (fn)
2026-09-22 18:34:59,041 INFO: Plan 0: ḡ=232, γE[v]=0.0, Q=232.0 (fn)
2026-09-22 18:35:01,698 INFO: Plan 2: ḡ=41, γE[v]=0.0, Q=41.0 (fn)
2026-09-22 18:35:01,698 INFO: Plan 0: ḡ=116.0, γE[v]=15.0, Q=131.0 (bayes)
2026-09-22 18:35:01,698 INFO: Plan 1: ḡ=111.5, γE[v]=18.0, Q=129.5 (bayes)
2026-09-22 18:35:01,699 INFO: Plan 2: ḡ=20.5, γE[v]=62.8, Q=83.2 (bayes)
2026-09-22 18:35:08,428 INFO: Plan 2: ḡ=1, γE[v]=0.0, Q=1.0 (fn)
2026-09-22 18:35:08,481 INFO: Plan 0: ḡ=1, γE[v]=0.0, Q=1.0 (fn)
2026-09-22 18:35:08,644 INFO: Plan 1: ḡ=110, γE[v]=0.0, Q=110.0 (fn)
2026-09-22 18:35:08,817 INFO: Plan 0: ḡ=100, γE[v]=0.0, Q=100.0 (fn)
2026-09-22 18:35:09,012 INFO: Plan 1: ḡ=7, γE[v]=0.0, Q=7.0 (fn)
2026-09-22 18:35:09,013 INFO: Plan 0: ḡ=0.5, γE[v]=1.5, Q=2.0 (bayes)
2026-09-22 18:35:09,013 INFO: Plan 1: ḡ=3.5, γE[v]=0.0, Q=3.5 (bayes)
2026-09-22 18:35:09,013 INFO: Plan 2: ḡ=0.5, γE[v]=1.5, Q=2.0 (bayes)
2026-09-22 18:35:10,101 INFO: Plan 2: ḡ=130, γE[v]=0.0, Q=130.0 (fn)
2026-09-22 18:35:10,101 INFO: Plan 0: ḡ=50.0, γE[v]=39.0, Q=89.0 (bayes)
2026-09-22 18:35:10,101 INFO: Plan 1: ḡ=55.0, γE[v]=36.5, Q=91.5 (bayes)
2026-09-22 18:35:10,101 INFO: Plan 2: ḡ=65.0, γE[v]=31.5, Q=96.5 (bayes)
2026-09-22 18:35:10,481 INFO: Plan 1: ḡ=47, γE[v]=0.0, Q=47.0 (fn)
2026-09-22 18:35:11,258 INFO: Plan 0: ḡ=23, γE[v]=0.0, Q=23.0 (fn)
2026-09-22 18:35:11,264 INFO: Plan 2: ḡ=17, γE[v]=0.0, Q=17.0 (fn)
2026-09-22 18:35:11,265 INFO: Plan 0: ḡ=6.8, γE[v]=11.3, Q=18.1 (bayes)
2026-09-22 18:35:11,265 INFO: Plan 1: ḡ=14.1, γE[v]=7.7, Q=21.8 (bayes)
2026-09-22 18:35:11,265 INFO: Plan 2: ḡ=8.5, γE[v]=10.5, Q=19.0 (bayes)
  [53/93] httpx._models seed=42: {'random': 87, 'greedy': 94, 'cov_greedy': 247, 'covqvalue2': 288}
2026-09-22 18:35:15,587 INFO: Plan 2: ḡ=0, γE[v]=0.0, Q=0.0 (fn)
2026-09-22 18:35:15,688 INFO: Plan 1: ḡ=0, γE[v]=0.0, Q=0.0 (fn)
2026-09-22 18:35:17,812 INFO: Plan 2: ḡ=148, γE[v]=7.5, Q=155.5 (fn)
2026-09-22 18:35:18,022 INFO: Plan 0: ḡ=36, γE[v]=0.0, Q=36.0 (fn)
2026-09-22 18:35:18,075 INFO: Plan 1: ḡ=91, γE[v]=0.0, Q=91.0 (fn)
2026-09-22 18:35:18,075 INFO: Plan 0: ḡ=18.0, γE[v]=28.7, Q=46.7 (bayes)
2026-09-22 18:35:18,075 INFO: Plan 1: ḡ=45.5, γE[v]=14.9, Q=60.4 (bayes)
2026-09-22 18:35:18,075 INFO: Plan 2: ḡ=67.8, γE[v]=4.1, Q=71.9 (bayes)
2026-09-22 18:35:19,667 INFO: Plan 0: ḡ=0, γE[v]=0.0, Q=0.0 (fn)
2026-09-22 18:35:19,668 INFO: Plan 0: ḡ=0.0, γE[v]=0.0, Q=0.0 (bayes)
2026-09-22 18:35:19,668 INFO: Plan 1: ḡ=0.0, γE[v]=0.0, Q=0.0 (bayes)
2026-09-22 18:35:19,668 INFO: Plan 2: ḡ=0.0, γE[v]=0.0, Q=0.0 (bayes)
2026-09-22 18:35:25,871 INFO: Plan 2: ḡ=49, γE[v]=0.0, Q=49.0 (fn)
2026-09-22 18:35:26,163 INFO: Plan 1: ḡ=32, γE[v]=0.0, Q=32.0 (fn)
2026-09-22 18:35:27,130 INFO: Plan 2: ḡ=0, γE[v]=0.0, Q=0.0 (fn)
2026-09-22 18:35:27,479 INFO: Plan 1: ḡ=0, γE[v]=0.0, Q=0.0 (fn)
2026-09-22 18:35:28,342 INFO: Plan 0: ḡ=20, γE[v]=0.0, Q=20.0 (fn)
2026-09-22 18:35:28,343 INFO: Plan 0: ḡ=6.7, γE[v]=12.7, Q=19.3 (bayes)
2026-09-22 18:35:28,343 INFO: Plan 1: ḡ=10.7, γE[v]=10.7, Q=21.3 (bayes)
2026-09-22 18:35:28,343 INFO: Plan 2: ḡ=21.3, γE[v]=5.3, Q=26.7 (bayes)
2026-09-22 18:35:29,893 INFO: Plan 0: ḡ=0, γE[v]=0.0, Q=0.0 (fn)
2026-09-22 18:35:29,894 INFO: Plan 0: ḡ=0.0, γE[v]=0.0, Q=0.0 (bayes)
2026-09-22 18:35:29,894 INFO: Plan 1: ḡ=0.0, γE[v]=0.0, Q=0.0 (bayes)
2026-09-22 18:35:29,894 INFO: Plan 2: ḡ=0.0, γE[v]=0.0, Q=0.0 (bayes)
2026-09-22 18:35:36,297 INFO: Plan 2: ḡ=0, γE[v]=0.0, Q=0.0 (fn)
2026-09-22 18:35:36,344 INFO: Plan 1: ḡ=0, γE[v]=0.0, Q=0.0 (fn)
2026-09-22 18:35:36,374 INFO: Plan 0: ḡ=0, γE[v]=0.0, Q=0.0 (fn)
2026-09-22 18:35:36,418 INFO: Plan 1: ḡ=0, γE[v]=0.0, Q=0.0 (fn)
2026-09-22 18:35:36,766 INFO: Plan 2: ḡ=0, γE[v]=0.0, Q=0.0 (fn)
2026-09-22 18:35:36,766 INFO: Plan 0: ḡ=0.0, γE[v]=0.0, Q=0.0 (bayes)
2026-09-22 18:35:36,766 INFO: Plan 1: ḡ=0.0, γE[v]=0.0, Q=0.0 (bayes)
2026-09-22 18:35:36,767 INFO: Plan 2: ḡ=0.0, γE[v]=0.0, Q=0.0 (bayes)
2026-09-22 18:35:36,938 INFO: Plan 0: ḡ=0, γE[v]=0.0, Q=0.0 (fn)
2026-09-22 18:35:36,938 INFO: Plan 0: ḡ=0.0, γE[v]=0.0, Q=0.0 (bayes)
2026-09-22 18:35:36,939 INFO: Plan 1: ḡ=0.0, γE[v]=0.0, Q=0.0 (bayes)
2026-09-22 18:35:36,939 INFO: Plan 2: ḡ=0.0, γE[v]=0.0, Q=0.0 (bayes)
2026-09-22 18:35:38,612 INFO: Plan 0: ḡ=58, γE[v]=0.0, Q=58.0 (fn)
2026-09-22 18:35:38,914 INFO: Plan 2: ḡ=53, γE[v]=0.0, Q=53.0 (fn)
2026-09-22 18:35:39,051 INFO: Plan 1: ḡ=49, γE[v]=0.0, Q=49.0 (fn)
2026-09-22 18:35:39,051 INFO: Plan 0: ḡ=29.0, γE[v]=25.5, Q=54.5 (bayes)
2026-09-22 18:35:39,051 INFO: Plan 1: ḡ=24.5, γE[v]=27.8, Q=52.2 (bayes)
2026-09-22 18:35:39,051 INFO: Plan 2: ḡ=26.5, γE[v]=26.8, Q=53.2 (bayes)
2026-09-22 18:35:44,164 INFO: Plan 2: ḡ=0, γE[v]=0.0, Q=0.0 (fn)
2026-09-22 18:35:44,170 INFO: Plan 0: ḡ=0, γE[v]=0.0, Q=0.0 (fn)
2026-09-22 18:35:45,147 INFO: Plan 0: ḡ=0, γE[v]=0.0, Q=0.0 (fn)
2026-09-22 18:35:45,204 INFO: Plan 2: ḡ=0, γE[v]=0.0, Q=0.0 (fn)
2026-09-22 18:35:46,578 INFO: Plan 2: ḡ=102, γE[v]=0.0, Q=102.0 (fn)
2026-09-22 18:35:46,705 INFO: Plan 0: ḡ=30, γE[v]=0.0, Q=30.0 (fn)
2026-09-22 18:35:46,801 INFO: Plan 1: ḡ=102, γE[v]=0.0, Q=102.0 (fn)
2026-09-22 18:35:46,801 INFO: Plan 0: ḡ=15.0, γE[v]=18.0, Q=33.0 (bayes)
2026-09-22 18:35:46,801 INFO: Plan 1: ḡ=51.0, γE[v]=0.0, Q=51.0 (bayes)
2026-09-22 18:35:46,802 INFO: Plan 2: ḡ=51.0, γE[v]=0.0, Q=51.0 (bayes)
2026-09-22 18:35:47,027 INFO: Plan 1: ḡ=0, γE[v]=0.0, Q=0.0 (fn)
2026-09-22 18:35:47,028 INFO: Plan 0: ḡ=0.0, γE[v]=0.0, Q=0.0 (bayes)
2026-09-22 18:35:47,028 INFO: Plan 1: ḡ=0.0, γE[v]=0.0, Q=0.0 (bayes)
2026-09-22 18:35:47,028 INFO: Plan 2: ḡ=0.0, γE[v]=0.0, Q=0.0 (bayes)
2026-09-22 18:35:50,968 INFO: Plan 1: ḡ=0, γE[v]=0.0, Q=0.0 (fn)
2026-09-22 18:35:50,968 INFO: Plan 0: ḡ=0.0, γE[v]=0.0, Q=0.0 (bayes)
2026-09-22 18:35:50,968 INFO: Plan 1: ḡ=0.0, γE[v]=0.0, Q=0.0 (bayes)
2026-09-22 18:35:50,968 INFO: Plan 2: ḡ=0.0, γE[v]=0.0, Q=0.0 (bayes)
2026-09-22 18:35:54,899 INFO: Plan 0: ḡ=0, γE[v]=0.0, Q=0.0 (fn)
2026-09-22 18:35:55,102 INFO: Plan 2: ḡ=0, γE[v]=0.0, Q=0.0 (fn)
2026-09-22 18:35:55,111 INFO: Plan 0: ḡ=0, γE[v]=0.0, Q=0.0 (fn)
2026-09-22 18:35:55,119 INFO: Plan 1: ḡ=0, γE[v]=0.0, Q=0.0 (fn)
2026-09-22 18:35:55,120 INFO: Plan 0: ḡ=0.0, γE[v]=0.0, Q=0.0 (bayes)
2026-09-22 18:35:55,120 INFO: Plan 1: ḡ=0.0, γE[v]=0.0, Q=0.0 (bayes)
2026-09-22 18:35:55,120 INFO: Plan 2: ḡ=0.0, γE[v]=0.0, Q=0.0 (bayes)
2026-09-22 18:35:55,271 INFO: Plan 2: ḡ=0, γE[v]=0.0, Q=0.0 (fn)
2026-09-22 18:35:55,496 INFO: Plan 1: ḡ=0, γE[v]=0.0, Q=0.0 (fn)
2026-09-22 18:35:55,496 INFO: Plan 0: ḡ=0.0, γE[v]=0.0, Q=0.0 (bayes)
2026-09-22 18:35:55,496 INFO: Plan 1: ḡ=0.0, γE[v]=0.0, Q=0.0 (bayes)
2026-09-22 18:35:55,496 INFO: Plan 2: ḡ=0.0, γE[v]=0.0, Q=0.0 (bayes)
2026-09-22 18:35:58,693 INFO: Plan 2: ḡ=0, γE[v]=0.0, Q=0.0 (fn)
2026-09-22 18:35:58,716 INFO: Plan 1: ḡ=0, γE[v]=0.0, Q=0.0 (fn)
2026-09-22 18:35:58,765 INFO: Plan 0: ḡ=0, γE[v]=0.0, Q=0.0 (fn)
2026-09-22 18:35:58,765 INFO: Plan 0: ḡ=0.0, γE[v]=0.0, Q=0.0 (bayes)
2026-09-22 18:35:58,765 INFO: Plan 1: ḡ=0.0, γE[v]=0.0, Q=0.0 (bayes)
2026-09-22 18:35:58,765 INFO: Plan 2: ḡ=0.0, γE[v]=0.0, Q=0.0 (bayes)
2026-09-22 18:36:02,548 INFO: Plan 2: ḡ=0, γE[v]=0.0, Q=0.0 (fn)
2026-09-22 18:36:02,619 INFO: Plan 1: ḡ=0, γE[v]=0.0, Q=0.0 (fn)
2026-09-22 18:36:02,958 INFO: Plan 0: ḡ=0, γE[v]=0.0, Q=0.0 (fn)
2026-09-22 18:36:02,958 INFO: Plan 0: ḡ=0.0, γE[v]=0.0, Q=0.0 (bayes)
2026-09-22 18:36:02,958 INFO: Plan 1: ḡ=0.0, γE[v]=0.0, Q=0.0 (bayes)
2026-09-22 18:36:02,958 INFO: Plan 2: ḡ=0.0, γE[v]=0.0, Q=0.0 (bayes)
2026-09-22 18:36:07,195 INFO: Plan 1: ḡ=0, γE[v]=0.0, Q=0.0 (fn)
2026-09-22 18:36:07,209 INFO: Plan 0: ḡ=0, γE[v]=0.0, Q=0.0 (fn)
2026-09-22 18:36:07,520 INFO: Plan 2: ḡ=0, γE[v]=0.0, Q=0.0 (fn)
2026-09-22 18:36:07,537 INFO: Plan 0: ḡ=0, γE[v]=0.0, Q=0.0 (fn)
2026-09-22 18:36:07,690 INFO: Plan 2: ḡ=0, γE[v]=0.0, Q=0.0 (fn)
2026-09-22 18:36:07,690 INFO: Plan 0: ḡ=0.0, γE[v]=0.0, Q=0.0 (bayes)
2026-09-22 18:36:07,690 INFO: Plan 1: ḡ=0.0, γE[v]=0.0, Q=0.0 (bayes)
2026-09-22 18:36:07,690 INFO: Plan 2: ḡ=0.0, γE[v]=0.0, Q=0.0 (bayes)
2026-09-22 18:36:09,547 INFO: Plan 2: ḡ=0, γE[v]=0.0, Q=0.0 (fn)
2026-09-22 18:36:09,893 INFO: Plan 0: ḡ=0, γE[v]=0.0, Q=0.0 (fn)
  [54/93] httpx._urlparse seed=42: {'random': 37, 'greedy': 33, 'cov_greedy': 78, 'covqvalue2': 71}
2026-09-22 18:36:10,634 INFO: Plan 1: ḡ=0, γE[v]=0.0, Q=0.0 (fn)
2026-09-22 18:36:10,635 INFO: Plan 0: ḡ=0.0, γE[v]=0.0, Q=0.0 (bayes)
2026-09-22 18:36:10,635 INFO: Plan 1: ḡ=0.0, γE[v]=0.0, Q=0.0 (bayes)
2026-09-22 18:36:10,635 INFO: Plan 2: ḡ=0.0, γE[v]=0.0, Q=0.0 (bayes)
2026-09-22 18:36:11,491 INFO: Plan 1: ḡ=0, γE[v]=0.0, Q=0.0 (fn)
2026-09-22 18:36:11,492 INFO: Plan 0: ḡ=0.0, γE[v]=0.0, Q=0.0 (bayes)
2026-09-22 18:36:11,492 INFO: Plan 1: ḡ=0.0, γE[v]=0.0, Q=0.0 (bayes)
2026-09-22 18:36:11,492 INFO: Plan 2: ḡ=0.0, γE[v]=0.0, Q=0.0 (bayes)
2026-09-22 18:36:17,880 INFO: Plan 1: ḡ=0, γE[v]=0.0, Q=0.0 (fn)
2026-09-22 18:36:18,130 INFO: Plan 0: ḡ=0, γE[v]=0.0, Q=0.0 (fn)
2026-09-22 18:36:18,190 INFO: Plan 2: ḡ=0, γE[v]=0.0, Q=0.0 (fn)
2026-09-22 18:36:18,190 INFO: Plan 0: ḡ=0.0, γE[v]=0.0, Q=0.0 (bayes)
2026-09-22 18:36:18,190 INFO: Plan 1: ḡ=0.0, γE[v]=0.0, Q=0.0 (bayes)
2026-09-22 18:36:18,191 INFO: Plan 2: ḡ=0.0, γE[v]=0.0, Q=0.0 (bayes)
2026-09-22 18:36:19,413 INFO: Plan 0: ḡ=0, γE[v]=0.0, Q=0.0 (fn)
2026-09-22 18:36:19,501 INFO: Plan 1: ḡ=0, γE[v]=0.0, Q=0.0 (fn)
2026-09-22 18:36:20,407 INFO: Plan 2: ḡ=0, γE[v]=0.0, Q=0.0 (fn)
2026-09-22 18:36:20,408 INFO: Plan 0: ḡ=0.0, γE[v]=0.0, Q=0.0 (bayes)
2026-09-22 18:36:20,408 INFO: Plan 1: ḡ=0.0, γE[v]=0.0, Q=0.0 (bayes)
2026-09-22 18:36:20,408 INFO: Plan 2: ḡ=0.0, γE[v]=0.0, Q=0.0 (bayes)
  [55/93] httpx._main seed=42: {'random': 57, 'greedy': 58, 'cov_greedy': 88, 'covqvalue2': 93}
2026-09-22 18:36:27,458 INFO: Plan 0: ḡ=0, γE[v]=0.0, Q=0.0 (fn)
2026-09-22 18:36:27,582 INFO: Plan 1: ḡ=0, γE[v]=0.0, Q=0.0 (fn)
2026-09-22 18:36:27,618 INFO: Plan 2: ḡ=0, γE[v]=0.0, Q=0.0 (fn)
2026-09-22 18:36:27,618 INFO: Plan 0: ḡ=0.0, γE[v]=0.0, Q=0.0 (bayes)
2026-09-22 18:36:27,618 INFO: Plan 1: ḡ=0.0, γE[v]=0.0, Q=0.0 (bayes)
2026-09-22 18:36:27,618 INFO: Plan 2: ḡ=0.0, γE[v]=0.0, Q=0.0 (bayes)
2026-09-22 18:36:35,915 INFO: Plan 1: ḡ=0, γE[v]=0.0, Q=0.0 (fn)
2026-09-22 18:36:36,122 INFO: Plan 0: ḡ=0, γE[v]=0.0, Q=0.0 (fn)
2026-09-22 18:36:38,977 INFO: Plan 2: ḡ=0, γE[v]=0.0, Q=0.0 (fn)
2026-09-22 18:36:38,977 INFO: Plan 0: ḡ=0.0, γE[v]=0.0, Q=0.0 (bayes)
2026-09-22 18:36:38,977 INFO: Plan 1: ḡ=0.0, γE[v]=0.0, Q=0.0 (bayes)
2026-09-22 18:36:38,977 INFO: Plan 2: ḡ=0.0, γE[v]=0.0, Q=0.0 (bayes)
  [56/93] httpx._api seed=42: {'random': 6, 'greedy': 6, 'cov_greedy': 12, 'covqvalue2': 12}
2026-09-22 18:38:20,537 INFO: Plan 1: ḡ=125, γE[v]=0.0, Q=125.0 (fn)
2026-09-22 18:38:20,598 INFO: Plan 0: ḡ=94, γE[v]=12.5, Q=106.5 (fn)
2026-09-22 18:38:22,988 INFO: Plan 2: ḡ=118, γE[v]=0.0, Q=118.0 (fn)
2026-09-22 18:38:22,988 INFO: Plan 0: ḡ=47.0, γE[v]=31.6, Q=78.6 (bayes)
2026-09-22 18:38:22,988 INFO: Plan 1: ḡ=62.5, γE[v]=23.2, Q=85.8 (bayes)
2026-09-22 18:38:22,988 INFO: Plan 2: ḡ=59.0, γE[v]=25.0, Q=84.0 (bayes)
2026-09-22 18:38:29,914 INFO: Plan 2: ḡ=93, γE[v]=0.0, Q=93.0 (fn)
2026-09-22 18:38:29,984 INFO: Plan 1: ḡ=93, γE[v]=0.0, Q=93.0 (fn)
2026-09-22 18:38:30,795 INFO: Plan 0: ḡ=68, γE[v]=12.5, Q=80.5 (fn)
2026-09-22 18:38:30,796 INFO: Plan 0: ḡ=34.0, γE[v]=6.8, Q=40.8 (bayes)
2026-09-22 18:38:30,796 INFO: Plan 1: ḡ=46.5, γE[v]=0.0, Q=46.5 (bayes)
2026-09-22 18:38:30,796 INFO: Plan 2: ḡ=46.5, γE[v]=0.0, Q=46.5 (bayes)
2026-09-22 18:38:40,519 INFO: Plan 1: ḡ=53, γE[v]=0.0, Q=53.0 (fn)
2026-09-22 18:38:40,678 INFO: Plan 0: ḡ=35, γE[v]=0.0, Q=35.0 (fn)
2026-09-22 18:38:41,465 INFO: Plan 2: ḡ=1, γE[v]=0.0, Q=1.0 (fn)
2026-09-22 18:38:41,482 INFO: Plan 0: ḡ=1, γE[v]=0.0, Q=1.0 (fn)
2026-09-22 18:38:41,508 INFO: Plan 1: ḡ=0, γE[v]=0.0, Q=0.0 (fn)
2026-09-22 18:38:41,508 INFO: Plan 0: ḡ=0.3, γE[v]=0.0, Q=0.3 (bayes)
2026-09-22 18:38:41,508 INFO: Plan 1: ḡ=0.0, γE[v]=0.2, Q=0.2 (bayes)
2026-09-22 18:38:41,508 INFO: Plan 2: ḡ=0.3, γE[v]=0.0, Q=0.3 (bayes)
2026-09-22 18:38:41,640 INFO: Plan 2: ḡ=59, γE[v]=1.0, Q=60.0 (fn)
2026-09-22 18:38:41,641 INFO: Plan 0: ḡ=17.5, γE[v]=45.2, Q=62.8 (bayes)
2026-09-22 18:38:41,641 INFO: Plan 1: ḡ=26.5, γE[v]=40.8, Q=67.2 (bayes)
2026-09-22 18:38:41,641 INFO: Plan 2: ḡ=29.5, γE[v]=39.3, Q=68.8 (bayes)
2026-09-22 18:38:48,347 INFO: Plan 2: ḡ=21, γE[v]=0.0, Q=21.0 (fn)
2026-09-22 18:38:48,372 INFO: Plan 1: ḡ=57, γE[v]=0.0, Q=57.0 (fn)
2026-09-22 18:38:48,693 INFO: Plan 0: ḡ=35, γE[v]=0.0, Q=35.0 (fn)
2026-09-22 18:38:48,693 INFO: Plan 0: ḡ=17.5, γE[v]=33.3, Q=50.8 (bayes)
2026-09-22 18:38:48,693 INFO: Plan 1: ḡ=28.5, γE[v]=27.8, Q=56.3 (bayes)
2026-09-22 18:38:48,693 INFO: Plan 2: ḡ=7.3, γE[v]=38.4, Q=45.8 (bayes)
2026-09-22 18:38:50,009 INFO: Plan 0: ḡ=0, γE[v]=0.0, Q=0.0 (fn)
2026-09-22 18:38:50,424 INFO: Plan 1: ḡ=0, γE[v]=0.0, Q=0.0 (fn)
2026-09-22 18:38:53,698 INFO: Plan 2: ḡ=0, γE[v]=0.0, Q=0.0 (fn)
2026-09-22 18:38:53,699 INFO: Plan 0: ḡ=0.0, γE[v]=0.0, Q=0.0 (bayes)
2026-09-22 18:38:53,699 INFO: Plan 1: ḡ=0.0, γE[v]=0.0, Q=0.0 (bayes)
2026-09-22 18:38:53,699 INFO: Plan 2: ḡ=0.0, γE[v]=0.0, Q=0.0 (bayes)
2026-09-22 18:38:56,187 INFO: Plan 2: ḡ=21, γE[v]=0.0, Q=21.0 (fn)
2026-09-22 18:38:56,271 INFO: Plan 0: ḡ=35, γE[v]=0.0, Q=35.0 (fn)
2026-09-22 18:38:56,412 INFO: Plan 1: ḡ=29, γE[v]=0.0, Q=29.0 (fn)
2026-09-22 18:38:56,413 INFO: Plan 0: ḡ=17.5, γE[v]=15.8, Q=33.3 (bayes)
2026-09-22 18:38:56,413 INFO: Plan 1: ḡ=14.5, γE[v]=17.3, Q=31.8 (bayes)
2026-09-22 18:38:56,413 INFO: Plan 2: ḡ=7.2, γE[v]=21.0, Q=28.2 (bayes)
2026-09-22 18:39:00,191 INFO: Plan 1: ḡ=0, γE[v]=0.0, Q=0.0 (fn)
2026-09-22 18:39:00,940 INFO: Plan 0: ḡ=0, γE[v]=0.0, Q=0.0 (fn)
2026-09-22 18:39:02,602 INFO: Plan 0: ḡ=30, γE[v]=0.0, Q=30.0 (fn)
2026-09-22 18:39:02,868 INFO: Plan 2: ḡ=9, γE[v]=0.0, Q=9.0 (fn)
2026-09-22 18:39:04,003 INFO: Plan 1: ḡ=30, γE[v]=0.0, Q=30.0 (fn)
2026-09-22 18:39:04,003 INFO: Plan 0: ḡ=15.0, γE[v]=8.3, Q=23.3 (bayes)
2026-09-22 18:39:04,004 INFO: Plan 1: ḡ=13.2, γE[v]=9.2, Q=22.4 (bayes)
2026-09-22 18:39:04,004 INFO: Plan 2: ḡ=3.0, γE[v]=14.3, Q=17.3 (bayes)
2026-09-22 18:39:04,022 INFO: Plan 2: ḡ=0, γE[v]=0.0, Q=0.0 (fn)
2026-09-22 18:39:04,022 INFO: Plan 0: ḡ=0.0, γE[v]=0.0, Q=0.0 (bayes)
2026-09-22 18:39:04,022 INFO: Plan 1: ḡ=0.0, γE[v]=0.0, Q=0.0 (bayes)
2026-09-22 18:39:04,022 INFO: Plan 2: ḡ=0.0, γE[v]=0.0, Q=0.0 (bayes)
2026-09-22 18:39:11,866 INFO: Plan 0: ḡ=0, γE[v]=0.0, Q=0.0 (fn)
2026-09-22 18:39:12,153 INFO: Plan 1: ḡ=0, γE[v]=0.0, Q=0.0 (fn)
2026-09-22 18:39:13,448 INFO: Plan 2: ḡ=0, γE[v]=0.0, Q=0.0 (fn)
2026-09-22 18:39:13,448 INFO: Plan 0: ḡ=0.0, γE[v]=0.0, Q=0.0 (bayes)
2026-09-22 18:39:13,448 INFO: Plan 1: ḡ=0.0, γE[v]=0.0, Q=0.0 (bayes)
2026-09-22 18:39:13,448 INFO: Plan 2: ḡ=0.0, γE[v]=0.0, Q=0.0 (bayes)
2026-09-22 18:39:19,820 INFO: Plan 2: ḡ=9, γE[v]=0.0, Q=9.0 (fn)
2026-09-22 18:39:20,225 INFO: Plan 0: ḡ=28, γE[v]=0.0, Q=28.0 (fn)
2026-09-22 18:39:20,229 INFO: Plan 2: ḡ=0, γE[v]=0.0, Q=0.0 (fn)
2026-09-22 18:39:20,320 INFO: Plan 0: ḡ=0, γE[v]=0.0, Q=0.0 (fn)
2026-09-22 18:39:20,336 INFO: Plan 1: ḡ=0, γE[v]=0.0, Q=0.0 (fn)
2026-09-22 18:39:20,336 INFO: Plan 0: ḡ=0.0, γE[v]=0.0, Q=0.0 (bayes)
2026-09-22 18:39:20,336 INFO: Plan 1: ḡ=0.0, γE[v]=0.0, Q=0.0 (bayes)
2026-09-22 18:39:20,336 INFO: Plan 2: ḡ=0.0, γE[v]=0.0, Q=0.0 (bayes)
2026-09-22 18:39:22,531 INFO: Plan 1: ḡ=18, γE[v]=0.0, Q=18.0 (fn)
2026-09-22 18:39:22,532 INFO: Plan 0: ḡ=12.5, γE[v]=2.1, Q=14.6 (bayes)
2026-09-22 18:39:22,532 INFO: Plan 1: ḡ=6.2, γE[v]=5.3, Q=11.4 (bayes)
2026-09-22 18:39:22,532 INFO: Plan 2: ḡ=3.0, γE[v]=6.8, Q=9.8 (bayes)
2026-09-22 18:39:28,237 INFO: Plan 0: ḡ=0, γE[v]=0.0, Q=0.0 (fn)
2026-09-22 18:39:28,459 INFO: Plan 2: ḡ=0, γE[v]=0.0, Q=0.0 (fn)
2026-09-22 18:39:28,467 INFO: Plan 1: ḡ=0, γE[v]=0.0, Q=0.0 (fn)
2026-09-22 18:39:28,468 INFO: Plan 0: ḡ=0.0, γE[v]=0.0, Q=0.0 (bayes)
2026-09-22 18:39:28,468 INFO: Plan 1: ḡ=0.0, γE[v]=0.0, Q=0.0 (bayes)
2026-09-22 18:39:28,468 INFO: Plan 2: ḡ=0.0, γE[v]=0.0, Q=0.0 (bayes)
  [57/93] httpx._transports.default seed=42: {'random': 6, 'greedy': 6, 'cov_greedy': 23, 'covqvalue2': 32}
2026-09-22 18:39:38,581 INFO: Plan 2: ḡ=12, γE[v]=0.0, Q=12.0 (fn)
2026-09-22 18:39:38,750 INFO: Plan 0: ḡ=3, γE[v]=0.0, Q=3.0 (fn)
2026-09-22 18:39:38,794 INFO: Plan 1: ḡ=8, γE[v]=0.0, Q=8.0 (fn)
2026-09-22 18:39:38,834 INFO: Plan 1: ḡ=61, γE[v]=1.0, Q=62.0 (fn)
2026-09-22 18:39:39,519 INFO: Plan 0: ḡ=38, γE[v]=0.0, Q=38.0 (fn)
2026-09-22 18:39:39,520 INFO: Plan 0: ḡ=19.0, γE[v]=95.5, Q=114.5 (bayes)
2026-09-22 18:39:39,520 INFO: Plan 1: ḡ=30.5, γE[v]=89.8, Q=120.3 (bayes)
2026-09-22 18:39:39,520 INFO: Plan 2: ḡ=6.0, γE[v]=102.0, Q=108.0 (bayes)
2026-09-22 18:39:39,918 INFO: Plan 2: ḡ=8, γE[v]=0.0, Q=8.0 (fn)
2026-09-22 18:39:39,919 INFO: Plan 0: ḡ=1.2, γE[v]=1.5, Q=2.7 (bayes)
2026-09-22 18:39:39,919 INFO: Plan 1: ḡ=2.7, γE[v]=0.7, Q=3.4 (bayes)
2026-09-22 18:39:39,919 INFO: Plan 2: ḡ=2.7, γE[v]=0.7, Q=3.4 (bayes)
2026-09-22 18:39:45,626 INFO: Plan 0: ḡ=49, γE[v]=0.0, Q=49.0 (fn)
2026-09-22 18:39:45,646 INFO: Plan 1: ḡ=62, γE[v]=0.0, Q=62.0 (fn)
2026-09-22 18:39:46,517 INFO: Plan 2: ḡ=29, γE[v]=0.0, Q=29.0 (fn)
2026-09-22 18:39:46,518 INFO: Plan 0: ḡ=24.5, γE[v]=75.8, Q=100.3 (bayes)
2026-09-22 18:39:46,518 INFO: Plan 1: ḡ=31.0, γE[v]=72.6, Q=103.6 (bayes)
2026-09-22 18:39:46,518 INFO: Plan 2: ḡ=14.5, γE[v]=80.8, Q=95.3 (bayes)
2026-09-22 18:39:53,191 INFO: Plan 2: ḡ=25, γE[v]=0.0, Q=25.0 (fn)
2026-09-22 18:39:53,493 INFO: Plan 1: ḡ=58, γE[v]=0.0, Q=58.0 (fn)
2026-09-22 18:39:53,584 INFO: Plan 0: ḡ=58, γE[v]=0.0, Q=58.0 (fn)
2026-09-22 18:39:53,584 INFO: Plan 0: ḡ=29.0, γE[v]=58.1, Q=87.1 (bayes)
2026-09-22 18:39:53,585 INFO: Plan 1: ḡ=28.7, γE[v]=58.2, Q=86.9 (bayes)
2026-09-22 18:39:53,585 INFO: Plan 2: ḡ=12.5, γE[v]=66.3, Q=78.8 (bayes)
2026-09-22 18:39:56,466 INFO: Plan 2: ḡ=1, γE[v]=0.0, Q=1.0 (fn)
2026-09-22 18:39:56,555 INFO: Plan 0: ḡ=3, γE[v]=0.0, Q=3.0 (fn)
2026-09-22 18:39:56,596 INFO: Plan 1: ḡ=3, γE[v]=0.0, Q=3.0 (fn)
2026-09-22 18:39:56,596 INFO: Plan 0: ḡ=1.2, γE[v]=0.2, Q=1.3 (bayes)
2026-09-22 18:39:56,597 INFO: Plan 1: ḡ=1.2, γE[v]=0.2, Q=1.3 (bayes)
2026-09-22 18:39:56,597 INFO: Plan 2: ḡ=0.3, γE[v]=0.6, Q=0.9 (bayes)
2026-09-22 18:39:59,018 INFO: Plan 0: ḡ=101, γE[v]=72.0, Q=173.0 (fn)
2026-09-22 18:39:59,049 INFO: Plan 1: ḡ=344, γE[v]=0.0, Q=344.0 (fn)
2026-09-22 18:39:59,207 INFO: Plan 2: ḡ=24, γE[v]=0.0, Q=24.0 (fn)
2026-09-22 18:39:59,600 INFO: Plan 1: ḡ=16, γE[v]=0.0, Q=16.0 (fn)
2026-09-22 18:40:00,162 INFO: Plan 2: ḡ=403, γE[v]=11.5, Q=414.5 (fn)
2026-09-22 18:40:00,162 INFO: Plan 0: ḡ=50.5, γE[v]=258.5, Q=309.0 (bayes)
2026-09-22 18:40:00,163 INFO: Plan 1: ḡ=172.0, γE[v]=194.5, Q=366.5 (bayes)
2026-09-22 18:40:00,163 INFO: Plan 2: ḡ=201.5, γE[v]=180.3, Q=381.8 (bayes)
2026-09-22 18:40:00,606 INFO: Plan 0: ḡ=50, γE[v]=0.0, Q=50.0 (fn)
2026-09-22 18:40:00,607 INFO: Plan 0: ḡ=25.0, γE[v]=45.6, Q=70.6 (bayes)
2026-09-22 18:40:00,607 INFO: Plan 1: ḡ=8.0, γE[v]=54.1, Q=62.1 (bayes)
2026-09-22 18:40:00,607 INFO: Plan 2: ḡ=12.0, γE[v]=52.1, Q=64.1 (bayes)
2026-09-22 18:40:06,153 INFO: Plan 2: ḡ=82, γE[v]=0.0, Q=82.0 (fn)
2026-09-22 18:40:06,352 INFO: Plan 1: ḡ=26, γE[v]=1.5, Q=27.5 (fn)
2026-09-22 18:40:06,373 INFO: Plan 0: ḡ=58, γE[v]=0.0, Q=58.0 (fn)
2026-09-22 18:40:06,373 INFO: Plan 0: ḡ=28.7, γE[v]=30.8, Q=59.4 (bayes)
2026-09-22 18:40:06,373 INFO: Plan 1: ḡ=13.0, γE[v]=38.7, Q=51.6 (bayes)
2026-09-22 18:40:06,374 INFO: Plan 2: ḡ=41.0, γE[v]=24.6, Q=65.6 (bayes)
2026-09-22 18:40:06,717 INFO: Plan 1: ḡ=177, γE[v]=0.0, Q=177.0 (fn)
2026-09-22 18:40:07,003 INFO: Plan 0: ḡ=196, γE[v]=57.5, Q=253.5 (fn)
2026-09-22 18:40:08,843 INFO: Plan 2: ḡ=459, γE[v]=0.0, Q=459.0 (fn)
2026-09-22 18:40:08,843 INFO: Plan 0: ḡ=66.3, γE[v]=205.0, Q=271.3 (bayes)
2026-09-22 18:40:08,843 INFO: Plan 1: ḡ=64.7, γE[v]=202.7, Q=267.3 (bayes)
2026-09-22 18:40:08,844 INFO: Plan 2: ḡ=168.2, γE[v]=150.9, Q=319.1 (bayes)
2026-09-22 18:40:12,080 INFO: Plan 0: ḡ=58, γE[v]=0.0, Q=58.0 (fn)
2026-09-22 18:40:12,290 INFO: Plan 2: ḡ=26, γE[v]=0.0, Q=26.0 (fn)
2026-09-22 18:40:14,911 INFO: Plan 2: ḡ=265, γE[v]=0.0, Q=265.0 (fn)
2026-09-22 18:40:15,262 INFO: Plan 1: ḡ=198, γE[v]=1.5, Q=199.5 (fn)
2026-09-22 18:40:15,412 INFO: Plan 0: ḡ=244, γE[v]=42.5, Q=286.5 (fn)
2026-09-22 18:40:15,412 INFO: Plan 0: ḡ=85.4, γE[v]=145.4, Q=230.8 (bayes)
2026-09-22 18:40:15,413 INFO: Plan 1: ḡ=64.2, γE[v]=153.4, Q=217.6 (bayes)
2026-09-22 18:40:15,413 INFO: Plan 2: ḡ=78.8, γE[v]=146.0, Q=224.8 (bayes)
2026-09-22 18:40:16,799 INFO: Plan 0: ḡ=1, γE[v]=0.0, Q=1.0 (fn)
2026-09-22 18:40:17,228 INFO: Plan 2: ḡ=0, γE[v]=0.0, Q=0.0 (fn)
2026-09-22 18:40:18,621 INFO: Plan 1: ḡ=7, γE[v]=0.0, Q=7.0 (fn)
2026-09-22 18:40:18,622 INFO: Plan 0: ḡ=28.7, γE[v]=9.2, Q=37.9 (bayes)
2026-09-22 18:40:18,622 INFO: Plan 1: ḡ=3.2, γE[v]=22.0, Q=25.2 (bayes)
2026-09-22 18:40:18,622 INFO: Plan 2: ḡ=12.7, γE[v]=17.3, Q=29.9 (bayes)
2026-09-22 18:40:21,194 INFO: Plan 2: ḡ=200, γE[v]=0.0, Q=200.0 (fn)
2026-09-22 18:40:21,233 INFO: Plan 0: ḡ=68, γE[v]=0.0, Q=68.0 (fn)
2026-09-22 18:40:21,539 INFO: Plan 1: ḡ=0, γE[v]=0.0, Q=0.0 (fn)
2026-09-22 18:40:21,540 INFO: Plan 0: ḡ=0.3, γE[v]=0.0, Q=0.3 (bayes)
2026-09-22 18:40:21,540 INFO: Plan 1: ḡ=0.0, γE[v]=0.2, Q=0.2 (bayes)
2026-09-22 18:40:21,540 INFO: Plan 2: ḡ=0.0, γE[v]=0.2, Q=0.2 (bayes)
2026-09-22 18:40:21,570 INFO: Plan 1: ḡ=116, γE[v]=0.0, Q=116.0 (fn)
2026-09-22 18:40:21,570 INFO: Plan 0: ḡ=22.4, γE[v]=118.8, Q=141.2 (bayes)
2026-09-22 18:40:21,570 INFO: Plan 1: ḡ=36.1, γE[v]=112.0, Q=148.1 (bayes)
2026-09-22 18:40:21,570 INFO: Plan 2: ḡ=73.5, γE[v]=93.2, Q=166.8 (bayes)
2026-09-22 18:40:24,020 INFO: Plan 1: ḡ=8, γE[v]=0.0, Q=8.0 (fn)
2026-09-22 18:40:24,113 INFO: Plan 2: ḡ=23, γE[v]=0.0, Q=23.0 (fn)
  [58/93] httpx._utils seed=42: {'random': 15, 'greedy': 15, 'cov_greedy': 52, 'covqvalue2': 68}
2026-09-22 18:40:24,553 INFO: Plan 0: ḡ=10, γE[v]=0.0, Q=10.0 (fn)
2026-09-22 18:40:24,553 INFO: Plan 0: ḡ=4.8, γE[v]=6.8, Q=11.7 (bayes)
2026-09-22 18:40:24,553 INFO: Plan 1: ḡ=3.7, γE[v]=7.4, Q=11.1 (bayes)
2026-09-22 18:40:24,553 INFO: Plan 2: ḡ=11.2, γE[v]=3.7, Q=14.8 (bayes)
2026-09-22 18:40:26,714 INFO: Plan 1: ḡ=140, γE[v]=0.0, Q=140.0 (fn)
2026-09-22 18:40:27,046 INFO: Plan 2: ḡ=362, γE[v]=0.0, Q=362.0 (fn)
2026-09-22 18:40:27,784 INFO: Plan 0: ḡ=134, γE[v]=0.0, Q=134.0 (fn)
2026-09-22 18:40:27,784 INFO: Plan 0: ḡ=36.2, γE[v]=101.3, Q=137.5 (bayes)
2026-09-22 18:40:27,784 INFO: Plan 1: ḡ=37.9, γE[v]=100.5, Q=138.4 (bayes)
2026-09-22 18:40:27,784 INFO: Plan 2: ḡ=126.3, γE[v]=56.3, Q=182.6 (bayes)
2026-09-22 18:40:29,865 INFO: Plan 1: ḡ=183, γE[v]=61.5, Q=244.5 (fn)
2026-09-22 18:40:30,045 INFO: Plan 2: ḡ=183, γE[v]=101.5, Q=284.5 (fn)
2026-09-22 18:40:30,048 INFO: Plan 0: ḡ=73, γE[v]=100.5, Q=173.5 (fn)
2026-09-22 18:40:30,048 INFO: Plan 0: ḡ=36.5, γE[v]=154.3, Q=190.8 (bayes)
2026-09-22 18:40:30,049 INFO: Plan 1: ḡ=91.5, γE[v]=125.0, Q=216.5 (bayes)
2026-09-22 18:40:30,049 INFO: Plan 2: ḡ=91.5, γE[v]=126.8, Q=218.3 (bayes)
2026-09-22 18:40:30,123 INFO: Plan 1: ḡ=8, γE[v]=0.0, Q=8.0 (fn)
2026-09-22 18:40:32,487 INFO: Plan 2: ḡ=5, γE[v]=0.0, Q=5.0 (fn)
2026-09-22 18:40:34,772 INFO: Plan 0: ḡ=33, γE[v]=0.0, Q=33.0 (fn)
2026-09-22 18:40:35,110 INFO: Plan 1: ḡ=67, γE[v]=0.0, Q=67.0 (fn)
2026-09-22 18:40:35,613 INFO: Plan 0: ḡ=44, γE[v]=0.0, Q=44.0 (fn)
2026-09-22 18:40:35,758 INFO: Plan 1: ḡ=108, γE[v]=0.0, Q=108.0 (fn)
2026-09-22 18:40:36,100 INFO: Plan 2: ḡ=65, γE[v]=0.0, Q=65.0 (fn)
2026-09-22 18:40:36,101 INFO: Plan 0: ḡ=15.2, γE[v]=62.2, Q=77.5 (bayes)
2026-09-22 18:40:36,101 INFO: Plan 1: ḡ=29.9, γE[v]=54.9, Q=84.8 (bayes)
2026-09-22 18:40:36,101 INFO: Plan 2: ḡ=15.8, γE[v]=61.9, Q=77.8 (bayes)
2026-09-22 18:40:36,273 INFO: Plan 2: ḡ=99, γE[v]=0.0, Q=99.0 (fn)
2026-09-22 18:40:36,273 INFO: Plan 0: ḡ=15.7, γE[v]=99.5, Q=115.2 (bayes)
2026-09-22 18:40:36,273 INFO: Plan 1: ḡ=40.2, γE[v]=87.2, Q=127.4 (bayes)
2026-09-22 18:40:36,273 INFO: Plan 2: ḡ=44.7, γE[v]=85.0, Q=129.7 (bayes)
2026-09-22 18:40:40,722 INFO: Plan 2: ḡ=46, γE[v]=3.5, Q=49.5 (fn)
2026-09-22 18:40:40,729 INFO: Plan 1: ḡ=175, γE[v]=20.5, Q=195.5 (fn)
2026-09-22 18:40:41,632 INFO: Plan 0: ḡ=277, γE[v]=18.5, Q=295.5 (fn)
2026-09-22 18:40:41,633 INFO: Plan 0: ḡ=138.5, γE[v]=23.3, Q=161.8 (bayes)
2026-09-22 18:40:41,633 INFO: Plan 1: ḡ=87.5, γE[v]=48.9, Q=136.4 (bayes)
2026-09-22 18:40:41,633 INFO: Plan 2: ḡ=23.0, γE[v]=80.4, Q=103.4 (bayes)
2026-09-22 18:40:41,707 INFO: Plan 0: ḡ=52, γE[v]=0.0, Q=52.0 (fn)
2026-09-22 18:40:41,857 INFO: Plan 2: ḡ=112, γE[v]=0.0, Q=112.0 (fn)
2026-09-22 18:40:41,926 INFO: Plan 1: ḡ=108, γE[v]=0.0, Q=108.0 (fn)
2026-09-22 18:40:41,929 INFO: Plan 2: ḡ=46, γE[v]=0.0, Q=46.0 (fn)
2026-09-22 18:40:42,637 INFO: Plan 1: ḡ=51, γE[v]=0.0, Q=51.0 (fn)
2026-09-22 18:40:42,637 INFO: Plan 0: ḡ=21.6, γE[v]=48.9, Q=70.5 (bayes)
2026-09-22 18:40:42,637 INFO: Plan 1: ḡ=18.8, γE[v]=50.3, Q=69.2 (bayes)
2026-09-22 18:40:42,637 INFO: Plan 2: ḡ=11.2, γE[v]=54.1, Q=65.3 (bayes)
2026-09-22 18:40:42,735 INFO: Plan 0: ḡ=105, γE[v]=0.0, Q=105.0 (fn)
2026-09-22 18:40:42,735 INFO: Plan 0: ḡ=46.8, γE[v]=57.1, Q=103.9 (bayes)
2026-09-22 18:40:42,735 INFO: Plan 1: ḡ=40.2, γE[v]=60.4, Q=100.6 (bayes)
2026-09-22 18:40:42,735 INFO: Plan 2: ḡ=51.3, γE[v]=54.8, Q=106.2 (bayes)
2026-09-22 18:40:43,856 INFO: Plan 0: ḡ=9, γE[v]=0.0, Q=9.0 (fn)
2026-09-22 18:40:43,856 INFO: Plan 0: ḡ=4.2, γE[v]=2.3, Q=6.5 (bayes)
2026-09-22 18:40:43,856 INFO: Plan 1: ḡ=3.6, γE[v]=2.6, Q=6.2 (bayes)
2026-09-22 18:40:43,856 INFO: Plan 2: ḡ=1.5, γE[v]=3.7, Q=5.2 (bayes)
  [59/93] pydantic.types seed=42: {'random': 109, 'greedy': 108, 'cov_greedy': 142, 'covqvalue2': 160}
2026-09-22 18:40:46,870 INFO: Plan 0: ḡ=22, γE[v]=6.0, Q=28.0 (fn)
2026-09-22 18:40:46,928 INFO: Plan 2: ḡ=32, γE[v]=0.0, Q=32.0 (fn)
2026-09-22 18:40:47,059 INFO: Plan 1: ḡ=21, γE[v]=0.0, Q=21.0 (fn)
2026-09-22 18:40:47,060 INFO: Plan 0: ḡ=8.8, γE[v]=11.3, Q=20.1 (bayes)
2026-09-22 18:40:47,060 INFO: Plan 1: ḡ=10.5, γE[v]=10.2, Q=20.7 (bayes)
2026-09-22 18:40:47,060 INFO: Plan 2: ḡ=16.0, γE[v]=7.4, Q=23.4 (bayes)
2026-09-22 18:40:48,242 INFO: Plan 0: ḡ=88, γE[v]=0.0, Q=88.0 (fn)
2026-09-22 18:40:48,267 INFO: Plan 1: ḡ=194, γE[v]=0.0, Q=194.0 (fn)
2026-09-22 18:40:48,419 INFO: Plan 2: ḡ=144, γE[v]=0.0, Q=144.0 (fn)
2026-09-22 18:40:48,420 INFO: Plan 0: ḡ=41.2, γE[v]=34.2, Q=75.4 (bayes)
2026-09-22 18:40:48,420 INFO: Plan 1: ḡ=78.2, γE[v]=15.7, Q=93.9 (bayes)
2026-09-22 18:40:48,420 INFO: Plan 2: ḡ=63.0, γE[v]=23.3, Q=86.3 (bayes)
2026-09-22 18:40:48,443 INFO: Plan 2: ḡ=45, γE[v]=0.0, Q=45.0 (fn)
2026-09-22 18:40:48,557 INFO: Plan 0: ḡ=35, γE[v]=0.5, Q=35.5 (fn)
2026-09-22 18:40:48,634 INFO: Plan 1: ḡ=114, γE[v]=0.0, Q=114.0 (fn)
2026-09-22 18:40:48,634 INFO: Plan 0: ḡ=17.5, γE[v]=42.3, Q=59.8 (bayes)
2026-09-22 18:40:48,634 INFO: Plan 1: ḡ=52.8, γE[v]=24.6, Q=77.4 (bayes)
2026-09-22 18:40:48,634 INFO: Plan 2: ḡ=13.3, γE[v]=44.3, Q=57.7 (bayes)
  [60/93] pydantic.json_schema seed=42: {'random': 187, 'greedy': 224, 'cov_greedy': 289, 'covqvalue2': 291}
2026-09-22 18:40:51,970 INFO: Plan 2: ḡ=13, γE[v]=4.0, Q=17.0 (fn)
2026-09-22 18:40:52,013 INFO: Plan 0: ḡ=13, γE[v]=0.0, Q=13.0 (fn)
2026-09-22 18:40:52,130 INFO: Plan 1: ḡ=10, γE[v]=2.0, Q=12.0 (fn)
2026-09-22 18:40:52,130 INFO: Plan 0: ḡ=4.3, γE[v]=5.2, Q=9.6 (bayes)
2026-09-22 18:40:52,130 INFO: Plan 1: ḡ=5.0, γE[v]=5.0, Q=10.0 (bayes)
2026-09-22 18:40:52,130 INFO: Plan 2: ḡ=6.5, γE[v]=4.3, Q=10.8 (bayes)
2026-09-22 18:40:53,395 INFO: Plan 0: ḡ=18, γE[v]=0.0, Q=18.0 (fn)
2026-09-22 18:40:53,621 INFO: Plan 1: ḡ=68, γE[v]=0.0, Q=68.0 (fn)
2026-09-22 18:40:53,669 INFO: Plan 2: ḡ=9, γE[v]=0.0, Q=9.0 (fn)
2026-09-22 18:40:53,670 INFO: Plan 0: ḡ=5.0, γE[v]=14.7, Q=19.8 (bayes)
2026-09-22 18:40:53,670 INFO: Plan 1: ḡ=25.2, γE[v]=4.7, Q=29.8 (bayes)
2026-09-22 18:40:53,670 INFO: Plan 2: ḡ=4.3, γE[v]=15.1, Q=19.4 (bayes)
2026-09-22 18:40:55,180 INFO: Plan 1: ḡ=26, γE[v]=64.0, Q=90.0 (fn)
2026-09-22 18:40:55,206 INFO: Plan 0: ḡ=39, γE[v]=0.0, Q=39.0 (fn)
2026-09-22 18:40:55,683 INFO: Plan 2: ḡ=132, γE[v]=0.0, Q=132.0 (fn)
2026-09-22 18:40:55,683 INFO: Plan 0: ḡ=19.5, γE[v]=37.0, Q=56.5 (bayes)
2026-09-22 18:40:55,683 INFO: Plan 1: ḡ=13.0, γE[v]=43.1, Q=56.1 (bayes)
2026-09-22 18:40:55,684 INFO: Plan 2: ḡ=66.0, γE[v]=13.8, Q=79.8 (bayes)
2026-09-22 18:40:57,246 INFO: Plan 2: ḡ=1, γE[v]=0.0, Q=1.0 (fn)
2026-09-22 18:40:57,255 INFO: Plan 1: ḡ=9, γE[v]=0.0, Q=9.0 (fn)
2026-09-22 18:40:57,261 INFO: Plan 0: ḡ=11, γE[v]=0.0, Q=11.0 (fn)
2026-09-22 18:40:57,262 INFO: Plan 0: ḡ=3.7, γE[v]=1.7, Q=5.3 (bayes)
2026-09-22 18:40:57,262 INFO: Plan 1: ḡ=3.0, γE[v]=2.0, Q=5.0 (bayes)
2026-09-22 18:40:57,262 INFO: Plan 2: ḡ=0.3, γE[v]=3.3, Q=3.7 (bayes)
2026-09-22 18:40:58,566 INFO: Plan 2: ḡ=5, γE[v]=0.0, Q=5.0 (fn)
2026-09-22 18:40:59,487 INFO: Plan 0: ḡ=16, γE[v]=0.0, Q=16.0 (fn)
2026-09-22 18:41:01,195 INFO: Plan 1: ḡ=7, γE[v]=0.0, Q=7.0 (fn)
2026-09-22 18:41:01,196 INFO: Plan 0: ḡ=4.3, γE[v]=2.5, Q=6.8 (bayes)
2026-09-22 18:41:01,196 INFO: Plan 1: ḡ=3.0, γE[v]=3.2, Q=6.2 (bayes)
2026-09-22 18:41:01,196 INFO: Plan 2: ḡ=2.5, γE[v]=3.4, Q=5.9 (bayes)
2026-09-22 18:41:01,569 INFO: Plan 1: ḡ=7, γE[v]=0.0, Q=7.0 (fn)
2026-09-22 18:41:01,575 INFO: Plan 0: ḡ=2, γE[v]=0.0, Q=2.0 (fn)
2026-09-22 18:41:02,131 INFO: Plan 2: ḡ=1, γE[v]=0.0, Q=1.0 (fn)
2026-09-22 18:41:02,131 INFO: Plan 0: ḡ=0.7, γE[v]=1.3, Q=2.0 (bayes)
2026-09-22 18:41:02,131 INFO: Plan 1: ḡ=2.3, γE[v]=0.5, Q=2.8 (bayes)
2026-09-22 18:41:02,131 INFO: Plan 2: ḡ=0.3, γE[v]=1.5, Q=1.8 (bayes)
2026-09-22 18:41:03,534 INFO: Plan 1: ḡ=8, γE[v]=15.0, Q=23.0 (fn)
2026-09-22 18:41:06,163 INFO: Plan 0: ḡ=7, γE[v]=0.0, Q=7.0 (fn)
2026-09-22 18:41:06,319 INFO: Plan 0: ḡ=33, γE[v]=0.0, Q=33.0 (fn)
2026-09-22 18:41:06,620 INFO: Plan 1: ḡ=5, γE[v]=0.0, Q=5.0 (fn)
2026-09-22 18:41:06,754 INFO: Plan 2: ḡ=16, γE[v]=0.0, Q=16.0 (fn)
2026-09-22 18:41:06,754 INFO: Plan 0: ḡ=16.5, γE[v]=5.5, Q=22.0 (bayes)
2026-09-22 18:41:06,755 INFO: Plan 1: ḡ=4.0, γE[v]=12.4, Q=16.4 (bayes)
2026-09-22 18:41:06,755 INFO: Plan 2: ḡ=8.0, γE[v]=9.8, Q=17.8 (bayes)
2026-09-22 18:41:07,781 INFO: Plan 2: ḡ=2, γE[v]=0.0, Q=2.0 (fn)
2026-09-22 18:41:07,782 INFO: Plan 0: ḡ=3.0, γE[v]=1.0, Q=4.0 (bayes)
2026-09-22 18:41:07,782 INFO: Plan 1: ḡ=2.3, γE[v]=1.3, Q=3.7 (bayes)
2026-09-22 18:41:07,782 INFO: Plan 2: ḡ=0.7, γE[v]=2.2, Q=2.8 (bayes)
2026-09-22 18:41:09,082 INFO: Plan 2: ḡ=0, γE[v]=0.0, Q=0.0 (fn)
2026-09-22 18:41:09,100 INFO: Plan 0: ḡ=2, γE[v]=0.0, Q=2.0 (fn)
2026-09-22 18:41:09,786 INFO: Plan 1: ḡ=1, γE[v]=0.0, Q=1.0 (fn)
2026-09-22 18:41:09,786 INFO: Plan 0: ḡ=0.7, γE[v]=0.2, Q=0.8 (bayes)
2026-09-22 18:41:09,787 INFO: Plan 1: ḡ=0.3, γE[v]=0.3, Q=0.7 (bayes)
2026-09-22 18:41:09,787 INFO: Plan 2: ḡ=0.0, γE[v]=0.5, Q=0.5 (bayes)
2026-09-22 18:41:12,708 INFO: Plan 0: ḡ=1, γE[v]=0.0, Q=1.0 (fn)
2026-09-22 18:41:12,890 INFO: Plan 1: ḡ=4, γE[v]=0.0, Q=4.0 (fn)
2026-09-22 18:41:12,911 INFO: Plan 2: ḡ=0, γE[v]=0.0, Q=0.0 (fn)
2026-09-22 18:41:12,911 INFO: Plan 0: ḡ=0.2, γE[v]=1.0, Q=1.2 (bayes)
2026-09-22 18:41:12,911 INFO: Plan 1: ḡ=2.0, γE[v]=0.1, Q=2.1 (bayes)
2026-09-22 18:41:12,912 INFO: Plan 2: ḡ=0.0, γE[v]=1.1, Q=1.1 (bayes)
  [61/93] pydantic.main seed=42: {'random': 128, 'greedy': 125, 'cov_greedy': 189, 'covqvalue2': 231}
2026-09-22 18:41:16,063 INFO: Plan 0: ḡ=1, γE[v]=0.0, Q=1.0 (fn)
2026-09-22 18:41:16,283 INFO: Plan 1: ḡ=0, γE[v]=0.0, Q=0.0 (fn)
2026-09-22 18:41:16,284 INFO: Plan 2: ḡ=0, γE[v]=0.0, Q=0.0 (fn)
2026-09-22 18:41:16,284 INFO: Plan 0: ḡ=0.3, γE[v]=0.0, Q=0.3 (bayes)
2026-09-22 18:41:16,284 INFO: Plan 1: ḡ=0.0, γE[v]=0.2, Q=0.2 (bayes)
2026-09-22 18:41:16,284 INFO: Plan 2: ḡ=0.0, γE[v]=0.2, Q=0.2 (bayes)
2026-09-22 18:41:20,542 INFO: Plan 1: ḡ=22, γE[v]=0.0, Q=22.0 (fn)
2026-09-22 18:41:20,820 INFO: Plan 0: ḡ=6, γE[v]=0.0, Q=6.0 (fn)
2026-09-22 18:41:21,461 INFO: Plan 0: ḡ=0, γE[v]=0.0, Q=0.0 (fn)
2026-09-22 18:41:21,530 INFO: Plan 1: ḡ=0, γE[v]=0.0, Q=0.0 (fn)
2026-09-22 18:41:21,853 INFO: Plan 2: ḡ=0, γE[v]=0.0, Q=0.0 (fn)
2026-09-22 18:41:21,854 INFO: Plan 0: ḡ=0.0, γE[v]=0.0, Q=0.0 (bayes)
2026-09-22 18:41:21,854 INFO: Plan 1: ḡ=0.0, γE[v]=0.0, Q=0.0 (bayes)
2026-09-22 18:41:21,854 INFO: Plan 2: ḡ=0.0, γE[v]=0.0, Q=0.0 (bayes)
2026-09-22 18:41:23,722 INFO: Plan 2: ḡ=16, γE[v]=0.0, Q=16.0 (fn)
2026-09-22 18:41:23,722 INFO: Plan 0: ḡ=3.0, γE[v]=4.0, Q=7.0 (bayes)
2026-09-22 18:41:23,722 INFO: Plan 1: ḡ=11.0, γE[v]=0.0, Q=11.0 (bayes)
2026-09-22 18:41:23,722 INFO: Plan 2: ḡ=8.0, γE[v]=1.5, Q=9.5 (bayes)
  [62/93] pydantic.fields seed=42: {'random': 40, 'greedy': 40, 'cov_greedy': 129, 'covqvalue2': 139}
2026-09-22 18:41:32,603 INFO: Plan 1: ḡ=0, γE[v]=0.0, Q=0.0 (fn)
2026-09-22 18:41:34,647 INFO: Plan 2: ḡ=0, γE[v]=0.0, Q=0.0 (fn)
2026-09-22 18:41:36,045 INFO: Plan 0: ḡ=0, γE[v]=0.0, Q=0.0 (fn)
2026-09-22 18:41:36,046 INFO: Plan 0: ḡ=0.0, γE[v]=0.0, Q=0.0 (bayes)
2026-09-22 18:41:36,046 INFO: Plan 1: ḡ=0.0, γE[v]=0.0, Q=0.0 (bayes)
2026-09-22 18:41:36,046 INFO: Plan 2: ḡ=0.0, γE[v]=0.0, Q=0.0 (bayes)
2026-09-22 18:41:44,043 INFO: Plan 1: ḡ=0, γE[v]=0.0, Q=0.0 (fn)
2026-09-22 18:41:44,189 INFO: Plan 0: ḡ=0, γE[v]=0.0, Q=0.0 (fn)
2026-09-22 18:41:46,612 INFO: Plan 2: ḡ=0, γE[v]=0.0, Q=0.0 (fn)
2026-09-22 18:41:46,613 INFO: Plan 0: ḡ=0.0, γE[v]=0.0, Q=0.0 (bayes)
2026-09-22 18:41:46,613 INFO: Plan 1: ḡ=0.0, γE[v]=0.0, Q=0.0 (bayes)
2026-09-22 18:41:46,613 INFO: Plan 2: ḡ=0.0, γE[v]=0.0, Q=0.0 (bayes)
2026-09-22 18:41:52,893 INFO: Plan 1: ḡ=0, γE[v]=0.0, Q=0.0 (fn)
2026-09-22 18:41:53,215 INFO: Plan 0: ḡ=0, γE[v]=0.0, Q=0.0 (fn)
2026-09-22 18:41:53,282 INFO: Plan 2: ḡ=0, γE[v]=0.0, Q=0.0 (fn)
2026-09-22 18:41:53,282 INFO: Plan 0: ḡ=0.0, γE[v]=0.0, Q=0.0 (bayes)
2026-09-22 18:41:53,283 INFO: Plan 1: ḡ=0.0, γE[v]=0.0, Q=0.0 (bayes)
2026-09-22 18:41:53,283 INFO: Plan 2: ḡ=0.0, γE[v]=0.0, Q=0.0 (bayes)
2026-09-22 18:41:59,230 INFO: Plan 2: ḡ=0, γE[v]=0.0, Q=0.0 (fn)
2026-09-22 18:42:00,090 INFO: Plan 0: ḡ=0, γE[v]=0.0, Q=0.0 (fn)
2026-09-22 18:42:01,216 INFO: Plan 1: ḡ=0, γE[v]=0.0, Q=0.0 (fn)
2026-09-22 18:42:01,216 INFO: Plan 0: ḡ=0.0, γE[v]=0.0, Q=0.0 (bayes)
2026-09-22 18:42:01,216 INFO: Plan 1: ḡ=0.0, γE[v]=0.0, Q=0.0 (bayes)
2026-09-22 18:42:01,217 INFO: Plan 2: ḡ=0.0, γE[v]=0.0, Q=0.0 (bayes)
2026-09-22 18:42:15,765 INFO: Plan 0: ḡ=0, γE[v]=0.0, Q=0.0 (fn)
2026-09-22 18:42:17,299 INFO: Plan 2: ḡ=0, γE[v]=0.0, Q=0.0 (fn)
2026-09-22 18:42:18,339 INFO: Plan 1: ḡ=0, γE[v]=0.0, Q=0.0 (fn)
2026-09-22 18:42:18,340 INFO: Plan 0: ḡ=0.0, γE[v]=0.0, Q=0.0 (bayes)
2026-09-22 18:42:18,340 INFO: Plan 1: ḡ=0.0, γE[v]=0.0, Q=0.0 (bayes)
2026-09-22 18:42:18,340 INFO: Plan 2: ḡ=0.0, γE[v]=0.0, Q=0.0 (bayes)
  [63/93] httpx._auth seed=42: {'random': 2, 'greedy': 2, 'cov_greedy': 30, 'covqvalue2': 83}
2026-09-22 18:43:00,491 INFO: Plan 2: ḡ=42, γE[v]=0.0, Q=42.0 (fn)
2026-09-22 18:43:00,849 INFO: Plan 1: ḡ=75, γE[v]=46.0, Q=121.0 (fn)
2026-09-22 18:43:04,178 INFO: Plan 0: ḡ=88, γE[v]=5.5, Q=93.5 (fn)
2026-09-22 18:43:04,179 INFO: Plan 0: ḡ=44.0, γE[v]=27.5, Q=71.5 (bayes)
2026-09-22 18:43:04,179 INFO: Plan 1: ḡ=37.5, γE[v]=32.6, Q=70.1 (bayes)
2026-09-22 18:43:04,179 INFO: Plan 2: ḡ=21.0, γE[v]=38.8, Q=59.8 (bayes)
2026-09-22 18:43:10,247 INFO: Plan 2: ḡ=0, γE[v]=0.0, Q=0.0 (fn)
2026-09-22 18:43:10,676 INFO: Plan 1: ḡ=0, γE[v]=0.0, Q=0.0 (fn)
2026-09-22 18:43:10,697 INFO: Plan 0: ḡ=0, γE[v]=0.0, Q=0.0 (fn)
2026-09-22 18:43:10,698 INFO: Plan 0: ḡ=0.0, γE[v]=0.0, Q=0.0 (bayes)
2026-09-22 18:43:10,698 INFO: Plan 1: ḡ=0.0, γE[v]=0.0, Q=0.0 (bayes)
2026-09-22 18:43:10,698 INFO: Plan 2: ḡ=0.0, γE[v]=0.0, Q=0.0 (bayes)
2026-09-22 18:43:12,606 INFO: Plan 1: ḡ=27, γE[v]=6.0, Q=33.0 (fn)
2026-09-22 18:43:12,635 INFO: Plan 0: ḡ=20, γE[v]=0.0, Q=20.0 (fn)
2026-09-22 18:43:12,688 INFO: Plan 2: ḡ=27, γE[v]=0.0, Q=27.0 (fn)
2026-09-22 18:43:12,688 INFO: Plan 0: ḡ=10.0, γE[v]=9.8, Q=19.8 (bayes)
2026-09-22 18:43:12,689 INFO: Plan 1: ḡ=13.5, γE[v]=8.3, Q=21.8 (bayes)
2026-09-22 18:43:12,689 INFO: Plan 2: ḡ=13.5, γE[v]=8.0, Q=21.5 (bayes)
2026-09-22 18:43:15,730 INFO: Plan 2: ḡ=0, γE[v]=0.0, Q=0.0 (fn)
2026-09-22 18:43:15,856 INFO: Plan 1: ḡ=0, γE[v]=0.0, Q=0.0 (fn)
2026-09-22 18:43:16,781 INFO: Plan 0: ḡ=0, γE[v]=0.0, Q=0.0 (fn)
2026-09-22 18:43:16,782 INFO: Plan 0: ḡ=0.0, γE[v]=0.0, Q=0.0 (bayes)
2026-09-22 18:43:16,782 INFO: Plan 1: ḡ=0.0, γE[v]=0.0, Q=0.0 (bayes)
2026-09-22 18:43:16,782 INFO: Plan 2: ḡ=0.0, γE[v]=0.0, Q=0.0 (bayes)
2026-09-22 18:43:18,053 INFO: Plan 0: ḡ=13, γE[v]=0.0, Q=13.0 (fn)
2026-09-22 18:43:18,100 INFO: Plan 2: ḡ=7, γE[v]=0.0, Q=7.0 (fn)
2026-09-22 18:43:21,966 INFO: Plan 1: ḡ=12, γE[v]=0.0, Q=12.0 (fn)
2026-09-22 18:43:21,966 INFO: Plan 0: ḡ=6.5, γE[v]=3.7, Q=10.2 (bayes)
2026-09-22 18:43:21,966 INFO: Plan 1: ḡ=5.2, γE[v]=4.4, Q=9.6 (bayes)
2026-09-22 18:43:21,966 INFO: Plan 2: ḡ=2.3, γE[v]=5.8, Q=8.2 (bayes)
2026-09-22 18:43:24,249 INFO: Plan 1: ḡ=0, γE[v]=0.0, Q=0.0 (fn)
2026-09-22 18:43:24,358 INFO: Plan 2: ḡ=0, γE[v]=0.0, Q=0.0 (fn)
2026-09-22 18:43:24,421 INFO: Plan 0: ḡ=0, γE[v]=0.0, Q=0.0 (fn)
2026-09-22 18:43:24,422 INFO: Plan 0: ḡ=0.0, γE[v]=0.0, Q=0.0 (bayes)
2026-09-22 18:43:24,422 INFO: Plan 1: ḡ=0.0, γE[v]=0.0, Q=0.0 (bayes)
2026-09-22 18:43:24,422 INFO: Plan 2: ḡ=0.0, γE[v]=0.0, Q=0.0 (bayes)
2026-09-22 18:43:28,916 INFO: Plan 0: ḡ=0, γE[v]=0.0, Q=0.0 (fn)
2026-09-22 18:43:29,146 INFO: Plan 1: ḡ=0, γE[v]=0.0, Q=0.0 (fn)
2026-09-22 18:43:29,158 INFO: Plan 2: ḡ=0, γE[v]=0.0, Q=0.0 (fn)
2026-09-22 18:43:29,159 INFO: Plan 0: ḡ=0.0, γE[v]=0.0, Q=0.0 (bayes)
2026-09-22 18:43:29,159 INFO: Plan 1: ḡ=0.0, γE[v]=0.0, Q=0.0 (bayes)
2026-09-22 18:43:29,159 INFO: Plan 2: ḡ=0.0, γE[v]=0.0, Q=0.0 (bayes)
2026-09-22 18:43:29,386 INFO: Plan 1: ḡ=5, γE[v]=0.0, Q=5.0 (fn)
2026-09-22 18:43:29,470 INFO: Plan 0: ḡ=7, γE[v]=0.0, Q=7.0 (fn)
2026-09-22 18:43:32,120 INFO: Plan 2: ḡ=7, γE[v]=0.0, Q=7.0 (fn)
2026-09-22 18:43:32,121 INFO: Plan 0: ḡ=3.5, γE[v]=2.0, Q=5.5 (bayes)
2026-09-22 18:43:32,121 INFO: Plan 1: ḡ=1.7, γE[v]=2.9, Q=4.6 (bayes)
2026-09-22 18:43:32,121 INFO: Plan 2: ḡ=2.3, γE[v]=2.6, Q=4.9 (bayes)
2026-09-22 18:43:37,013 INFO: Plan 1: ḡ=0, γE[v]=0.0, Q=0.0 (fn)
2026-09-22 18:43:37,789 INFO: Plan 0: ḡ=0, γE[v]=0.0, Q=0.0 (fn)
2026-09-22 18:43:38,181 INFO: Plan 2: ḡ=0, γE[v]=0.0, Q=0.0 (fn)
2026-09-22 18:43:38,182 INFO: Plan 0: ḡ=0.0, γE[v]=0.0, Q=0.0 (bayes)
2026-09-22 18:43:38,182 INFO: Plan 1: ḡ=0.0, γE[v]=0.0, Q=0.0 (bayes)
2026-09-22 18:43:38,182 INFO: Plan 2: ḡ=0.0, γE[v]=0.0, Q=0.0 (bayes)
2026-09-22 18:43:39,930 INFO: Plan 1: ḡ=7, γE[v]=0.0, Q=7.0 (fn)
2026-09-22 18:43:42,383 INFO: Plan 2: ḡ=0, γE[v]=0.0, Q=0.0 (fn)
2026-09-22 18:43:42,612 INFO: Plan 2: ḡ=0, γE[v]=0.0, Q=0.0 (fn)
2026-09-22 18:43:42,836 INFO: Plan 0: ḡ=5, γE[v]=0.0, Q=5.0 (fn)
2026-09-22 18:43:42,837 INFO: Plan 0: ḡ=1.7, γE[v]=1.2, Q=2.8 (bayes)
2026-09-22 18:43:42,837 INFO: Plan 1: ḡ=2.3, γE[v]=0.8, Q=3.2 (bayes)
2026-09-22 18:43:42,837 INFO: Plan 2: ḡ=0.0, γE[v]=2.0, Q=2.0 (bayes)
2026-09-22 18:43:42,857 INFO: Plan 1: ḡ=0, γE[v]=0.0, Q=0.0 (fn)
2026-09-22 18:43:44,680 INFO: Plan 0: ḡ=0, γE[v]=0.0, Q=0.0 (fn)
2026-09-22 18:43:44,681 INFO: Plan 0: ḡ=0.0, γE[v]=0.0, Q=0.0 (bayes)
2026-09-22 18:43:44,681 INFO: Plan 1: ḡ=0.0, γE[v]=0.0, Q=0.0 (bayes)
2026-09-22 18:43:44,681 INFO: Plan 2: ḡ=0.0, γE[v]=0.0, Q=0.0 (bayes)
2026-09-22 18:43:50,110 INFO: Plan 1: ḡ=0, γE[v]=0.0, Q=0.0 (fn)
2026-09-22 18:43:50,152 INFO: Plan 0: ḡ=5, γE[v]=0.0, Q=5.0 (fn)
2026-09-22 18:43:50,350 INFO: Plan 1: ḡ=0, γE[v]=0.0, Q=0.0 (fn)
2026-09-22 18:43:50,491 INFO: Plan 2: ḡ=0, γE[v]=0.0, Q=0.0 (fn)
2026-09-22 18:43:50,590 INFO: Plan 0: ḡ=0, γE[v]=0.0, Q=0.0 (fn)
2026-09-22 18:43:50,590 INFO: Plan 0: ḡ=0.0, γE[v]=0.0, Q=0.0 (bayes)
2026-09-22 18:43:50,590 INFO: Plan 1: ḡ=0.0, γE[v]=0.0, Q=0.0 (bayes)
2026-09-22 18:43:50,590 INFO: Plan 2: ḡ=0.0, γE[v]=0.0, Q=0.0 (bayes)
2026-09-22 18:43:51,935 INFO: Plan 2: ḡ=0, γE[v]=0.0, Q=0.0 (fn)
2026-09-22 18:43:51,935 INFO: Plan 0: ḡ=1.7, γE[v]=0.0, Q=1.7 (bayes)
2026-09-22 18:43:51,936 INFO: Plan 1: ḡ=0.0, γE[v]=0.8, Q=0.8 (bayes)
2026-09-22 18:43:51,936 INFO: Plan 2: ḡ=0.0, γE[v]=0.8, Q=0.8 (bayes)
2026-09-22 18:43:55,665 INFO: Plan 1: ḡ=32, γE[v]=0.0, Q=32.0 (fn)
2026-09-22 18:43:55,845 INFO: Plan 2: ḡ=57, γE[v]=0.0, Q=57.0 (fn)
2026-09-22 18:43:56,109 INFO: Plan 0: ḡ=72, γE[v]=0.5, Q=72.5 (fn)
2026-09-22 18:43:56,109 INFO: Plan 0: ḡ=36.0, γE[v]=12.3, Q=48.3 (bayes)
2026-09-22 18:43:56,110 INFO: Plan 1: ḡ=16.0, γE[v]=22.2, Q=38.2 (bayes)
2026-09-22 18:43:56,110 INFO: Plan 2: ḡ=28.5, γE[v]=16.0, Q=44.5 (bayes)
2026-09-22 18:43:56,745 INFO: Plan 2: ḡ=0, γE[v]=0.0, Q=0.0 (fn)
2026-09-22 18:43:56,811 INFO: Plan 1: ḡ=0, γE[v]=0.0, Q=0.0 (fn)
2026-09-22 18:43:56,982 INFO: Plan 0: ḡ=0, γE[v]=0.0, Q=0.0 (fn)
2026-09-22 18:43:56,982 INFO: Plan 0: ḡ=0.0, γE[v]=0.0, Q=0.0 (bayes)
2026-09-22 18:43:56,983 INFO: Plan 1: ḡ=0.0, γE[v]=0.0, Q=0.0 (bayes)
2026-09-22 18:43:56,983 INFO: Plan 2: ḡ=0.0, γE[v]=0.0, Q=0.0 (bayes)
  [64/93] pydantic.config seed=42: {'random': 1, 'greedy': 1, 'cov_greedy': 1, 'covqvalue2': 1}
2026-09-22 18:43:59,967 INFO: Plan 0: ḡ=0, γE[v]=0.0, Q=0.0 (fn)
2026-09-22 18:44:00,131 INFO: Plan 1: ḡ=0, γE[v]=0.0, Q=0.0 (fn)
2026-09-22 18:44:00,208 INFO: Plan 2: ḡ=0, γE[v]=0.0, Q=0.0 (fn)
2026-09-22 18:44:00,209 INFO: Plan 0: ḡ=0.0, γE[v]=0.0, Q=0.0 (bayes)
2026-09-22 18:44:00,209 INFO: Plan 1: ḡ=0.0, γE[v]=0.0, Q=0.0 (bayes)
2026-09-22 18:44:00,209 INFO: Plan 2: ḡ=0.0, γE[v]=0.0, Q=0.0 (bayes)
2026-09-22 18:44:00,787 INFO: Plan 2: ḡ=52, γE[v]=0.0, Q=52.0 (fn)
2026-09-22 18:44:00,830 INFO: Plan 1: ḡ=21, γE[v]=0.0, Q=21.0 (fn)
2026-09-22 18:44:01,176 INFO: Plan 0: ḡ=54, γE[v]=1.5, Q=55.5 (fn)
2026-09-22 18:44:01,177 INFO: Plan 0: ḡ=20.2, γE[v]=8.8, Q=29.0 (bayes)
2026-09-22 18:44:01,177 INFO: Plan 1: ḡ=10.5, γE[v]=13.6, Q=24.1 (bayes)
2026-09-22 18:44:01,177 INFO: Plan 2: ḡ=21.2, γE[v]=8.2, Q=29.4 (bayes)
2026-09-22 18:44:04,272 INFO: Plan 0: ḡ=64, γE[v]=0.0, Q=64.0 (fn)
2026-09-22 18:44:04,351 INFO: Plan 1: ḡ=36, γE[v]=0.0, Q=36.0 (fn)
2026-09-22 18:44:06,492 INFO: Plan 2: ḡ=7, γE[v]=0.0, Q=7.0 (fn)
2026-09-22 18:44:06,877 INFO: Plan 0: ḡ=6, γE[v]=3.0, Q=9.0 (fn)
2026-09-22 18:44:07,251 INFO: Plan 2: ḡ=9, γE[v]=0.0, Q=9.0 (fn)
2026-09-22 18:44:07,251 INFO: Plan 0: ḡ=32.0, γE[v]=3.5, Q=35.5 (bayes)
2026-09-22 18:44:07,251 INFO: Plan 1: ḡ=18.0, γE[v]=10.5, Q=28.5 (bayes)
2026-09-22 18:44:07,251 INFO: Plan 2: ḡ=4.5, γE[v]=17.2, Q=21.8 (bayes)
2026-09-22 18:44:08,982 INFO: Plan 1: ḡ=18, γE[v]=0.0, Q=18.0 (fn)
2026-09-22 18:44:08,983 INFO: Plan 0: ḡ=2.0, γE[v]=5.2, Q=7.2 (bayes)
2026-09-22 18:44:08,983 INFO: Plan 1: ḡ=7.5, γE[v]=2.2, Q=9.8 (bayes)
2026-09-22 18:44:08,983 INFO: Plan 2: ḡ=3.5, γE[v]=4.2, Q=7.8 (bayes)
2026-09-22 18:44:13,109 INFO: Plan 2: ḡ=7, γE[v]=0.0, Q=7.0 (fn)
2026-09-22 18:44:13,279 INFO: Plan 0: ḡ=4, γE[v]=0.0, Q=4.0 (fn)
2026-09-22 18:44:13,517 INFO: Plan 1: ḡ=11, γE[v]=1.5, Q=12.5 (fn)
2026-09-22 18:44:13,518 INFO: Plan 0: ḡ=2.0, γE[v]=2.5, Q=4.5 (bayes)
2026-09-22 18:44:13,518 INFO: Plan 1: ḡ=5.5, γE[v]=0.8, Q=6.3 (bayes)
2026-09-22 18:44:13,518 INFO: Plan 2: ḡ=3.5, γE[v]=1.8, Q=5.2 (bayes)
2026-09-22 18:44:14,001 INFO: Plan 0: ḡ=9, γE[v]=0.0, Q=9.0 (fn)
2026-09-22 18:44:14,117 INFO: Plan 2: ḡ=7, γE[v]=0.0, Q=7.0 (fn)
2026-09-22 18:44:14,356 INFO: Plan 1: ḡ=4, γE[v]=0.0, Q=4.0 (fn)
2026-09-22 18:44:14,356 INFO: Plan 0: ḡ=4.0, γE[v]=0.2, Q=4.2 (bayes)
2026-09-22 18:44:14,356 INFO: Plan 1: ḡ=2.0, γE[v]=1.2, Q=3.2 (bayes)
2026-09-22 18:44:14,356 INFO: Plan 2: ḡ=3.5, γE[v]=0.5, Q=4.0 (bayes)
2026-09-22 18:44:18,207 INFO: Plan 1: ḡ=3, γE[v]=0.0, Q=3.0 (fn)
2026-09-22 18:44:18,248 INFO: Plan 0: ḡ=3, γE[v]=0.0, Q=3.0 (fn)
2026-09-22 18:44:18,487 INFO: Plan 2: ḡ=1, γE[v]=0.0, Q=1.0 (fn)
2026-09-22 18:44:18,488 INFO: Plan 0: ḡ=1.3, γE[v]=0.7, Q=2.0 (bayes)
2026-09-22 18:44:18,488 INFO: Plan 1: ḡ=1.0, γE[v]=0.8, Q=1.8 (bayes)
2026-09-22 18:44:18,488 INFO: Plan 2: ḡ=0.3, γE[v]=1.2, Q=1.5 (bayes)
2026-09-22 18:44:19,569 INFO: Plan 0: ḡ=3, γE[v]=0.0, Q=3.0 (fn)
2026-09-22 18:44:19,713 INFO: Plan 2: ḡ=1, γE[v]=0.0, Q=1.0 (fn)
2026-09-22 18:44:19,733 INFO: Plan 1: ḡ=1, γE[v]=0.0, Q=1.0 (fn)
2026-09-22 18:44:19,733 INFO: Plan 0: ḡ=0.8, γE[v]=0.2, Q=1.0 (bayes)
2026-09-22 18:44:19,733 INFO: Plan 1: ḡ=0.5, γE[v]=0.4, Q=0.9 (bayes)
2026-09-22 18:44:19,733 INFO: Plan 2: ḡ=0.5, γE[v]=0.4, Q=0.9 (bayes)
2026-09-22 18:44:20,868 INFO: Plan 2: ḡ=0, γE[v]=0.0, Q=0.0 (fn)
2026-09-22 18:44:20,911 INFO: Plan 0: ḡ=0, γE[v]=0.0, Q=0.0 (fn)
2026-09-22 18:44:21,096 INFO: Plan 1: ḡ=0, γE[v]=0.0, Q=0.0 (fn)
2026-09-22 18:44:21,097 INFO: Plan 0: ḡ=0.0, γE[v]=0.0, Q=0.0 (bayes)
2026-09-22 18:44:21,097 INFO: Plan 1: ḡ=0.0, γE[v]=0.0, Q=0.0 (bayes)
2026-09-22 18:44:21,097 INFO: Plan 2: ḡ=0.0, γE[v]=0.0, Q=0.0 (bayes)
2026-09-22 18:44:23,270 INFO: Plan 2: ḡ=1, γE[v]=0.0, Q=1.0 (fn)
2026-09-22 18:44:23,337 INFO: Plan 0: ḡ=2, γE[v]=0.0, Q=2.0 (fn)
2026-09-22 18:44:23,730 INFO: Plan 1: ḡ=4, γE[v]=0.0, Q=4.0 (fn)
2026-09-22 18:44:23,730 INFO: Plan 0: ḡ=0.7, γE[v]=0.3, Q=1.0 (bayes)
2026-09-22 18:44:23,730 INFO: Plan 1: ḡ=1.3, γE[v]=0.0, Q=1.3 (bayes)
2026-09-22 18:44:23,731 INFO: Plan 2: ḡ=0.3, γE[v]=0.5, Q=0.8 (bayes)
  [65/93] httpx._config seed=42: {'random': 17, 'greedy': 17, 'cov_greedy': 40, 'covqvalue2': 30}
2026-09-22 18:44:24,765 INFO: Plan 1: ḡ=1, γE[v]=0.0, Q=1.0 (fn)
2026-09-22 18:44:24,927 INFO: Plan 2: ḡ=1, γE[v]=0.0, Q=1.0 (fn)
2026-09-22 18:44:26,814 INFO: Plan 0: ḡ=1, γE[v]=0.0, Q=1.0 (fn)
2026-09-22 18:44:26,815 INFO: Plan 0: ḡ=0.5, γE[v]=0.0, Q=0.5 (bayes)
2026-09-22 18:44:26,815 INFO: Plan 1: ḡ=0.5, γE[v]=0.0, Q=0.5 (bayes)
2026-09-22 18:44:26,815 INFO: Plan 2: ḡ=0.5, γE[v]=0.0, Q=0.5 (bayes)
2026-09-22 18:44:29,213 INFO: Plan 1: ḡ=0, γE[v]=0.0, Q=0.0 (fn)
2026-09-22 18:44:29,353 INFO: Plan 0: ḡ=0, γE[v]=0.0, Q=0.0 (fn)
2026-09-22 18:44:32,010 INFO: Plan 2: ḡ=0, γE[v]=0.0, Q=0.0 (fn)
2026-09-22 18:44:32,010 INFO: Plan 0: ḡ=0.0, γE[v]=0.0, Q=0.0 (bayes)
2026-09-22 18:44:32,010 INFO: Plan 1: ḡ=0.0, γE[v]=0.0, Q=0.0 (bayes)
2026-09-22 18:44:32,010 INFO: Plan 2: ḡ=0.0, γE[v]=0.0, Q=0.0 (bayes)
2026-09-22 18:44:33,187 INFO: Plan 2: ḡ=0, γE[v]=0.0, Q=0.0 (fn)
2026-09-22 18:44:33,280 INFO: Plan 0: ḡ=0, γE[v]=0.0, Q=0.0 (fn)
2026-09-22 18:44:33,811 INFO: Plan 1: ḡ=0, γE[v]=0.0, Q=0.0 (fn)
2026-09-22 18:44:33,811 INFO: Plan 0: ḡ=0.0, γE[v]=0.0, Q=0.0 (bayes)
2026-09-22 18:44:33,811 INFO: Plan 1: ḡ=0.0, γE[v]=0.0, Q=0.0 (bayes)
2026-09-22 18:44:33,811 INFO: Plan 2: ḡ=0.0, γE[v]=0.0, Q=0.0 (bayes)
2026-09-22 18:44:37,902 INFO: Plan 1: ḡ=0, γE[v]=0.0, Q=0.0 (fn)
2026-09-22 18:44:37,907 INFO: Plan 2: ḡ=0, γE[v]=0.0, Q=0.0 (fn)
2026-09-22 18:44:37,982 INFO: Plan 0: ḡ=0, γE[v]=0.0, Q=0.0 (fn)
2026-09-22 18:44:37,982 INFO: Plan 0: ḡ=0.0, γE[v]=0.0, Q=0.0 (bayes)
2026-09-22 18:44:37,983 INFO: Plan 1: ḡ=0.0, γE[v]=0.0, Q=0.0 (bayes)
2026-09-22 18:44:37,983 INFO: Plan 2: ḡ=0.0, γE[v]=0.0, Q=0.0 (bayes)
2026-09-22 18:44:39,179 INFO: Plan 2: ḡ=0, γE[v]=0.0, Q=0.0 (fn)
2026-09-22 18:44:39,206 INFO: Plan 0: ḡ=0, γE[v]=0.0, Q=0.0 (fn)
2026-09-22 18:44:39,448 INFO: Plan 1: ḡ=0, γE[v]=0.0, Q=0.0 (fn)
2026-09-22 18:44:39,449 INFO: Plan 0: ḡ=0.0, γE[v]=0.0, Q=0.0 (bayes)
2026-09-22 18:44:39,449 INFO: Plan 1: ḡ=0.0, γE[v]=0.0, Q=0.0 (bayes)
2026-09-22 18:44:39,449 INFO: Plan 2: ḡ=0.0, γE[v]=0.0, Q=0.0 (bayes)
  [66/93] pydantic.networks seed=42: {'random': 34, 'greedy': 34, 'cov_greedy': 35, 'covqvalue2': 37}
2026-09-22 18:44:43,894 INFO: Plan 2: ḡ=0, γE[v]=0.0, Q=0.0 (fn)
2026-09-22 18:44:43,916 INFO: Plan 0: ḡ=0, γE[v]=0.0, Q=0.0 (fn)
2026-09-22 18:44:43,927 INFO: Plan 1: ḡ=0, γE[v]=0.0, Q=0.0 (fn)
2026-09-22 18:44:43,928 INFO: Plan 0: ḡ=0.0, γE[v]=0.0, Q=0.0 (bayes)
2026-09-22 18:44:43,928 INFO: Plan 1: ḡ=0.0, γE[v]=0.0, Q=0.0 (bayes)
2026-09-22 18:44:43,928 INFO: Plan 2: ḡ=0.0, γE[v]=0.0, Q=0.0 (bayes)
2026-09-22 18:44:49,473 INFO: Plan 2: ḡ=0, γE[v]=0.0, Q=0.0 (fn)
2026-09-22 18:44:49,651 INFO: Plan 1: ḡ=0, γE[v]=0.0, Q=0.0 (fn)
2026-09-22 18:44:49,762 INFO: Plan 0: ḡ=109, γE[v]=0.0, Q=109.0 (fn)
2026-09-22 18:44:49,765 INFO: Plan 2: ḡ=95, γE[v]=0.0, Q=95.0 (fn)
2026-09-22 18:44:50,049 INFO: Plan 0: ḡ=0, γE[v]=0.0, Q=0.0 (fn)
2026-09-22 18:44:50,050 INFO: Plan 0: ḡ=0.0, γE[v]=0.0, Q=0.0 (bayes)
2026-09-22 18:44:50,050 INFO: Plan 1: ḡ=0.0, γE[v]=0.0, Q=0.0 (bayes)
2026-09-22 18:44:50,050 INFO: Plan 2: ḡ=0.0, γE[v]=0.0, Q=0.0 (bayes)
2026-09-22 18:44:50,378 INFO: Plan 1: ḡ=133, γE[v]=22.5, Q=155.5 (fn)
2026-09-22 18:44:50,379 INFO: Plan 0: ḡ=54.5, γE[v]=17.2, Q=71.8 (bayes)
2026-09-22 18:44:50,379 INFO: Plan 1: ḡ=66.5, γE[v]=12.3, Q=78.8 (bayes)
2026-09-22 18:44:50,379 INFO: Plan 2: ḡ=47.5, γE[v]=20.8, Q=68.2 (bayes)
  [67/93] pydantic.functional_validators seed=42: {'random': 35, 'greedy': 35, 'cov_greedy': 49, 'covqvalue2': 48}
2026-09-22 18:44:55,256 INFO: Plan 2: ḡ=13, γE[v]=0.0, Q=13.0 (fn)
2026-09-22 18:44:55,292 INFO: Plan 0: ḡ=11, γE[v]=0.0, Q=11.0 (fn)
2026-09-22 18:44:55,295 INFO: Plan 1: ḡ=3, γE[v]=0.0, Q=3.0 (fn)
2026-09-22 18:44:55,295 INFO: Plan 0: ḡ=3.7, γE[v]=2.7, Q=6.3 (bayes)
2026-09-22 18:44:55,295 INFO: Plan 1: ḡ=1.0, γE[v]=4.0, Q=5.0 (bayes)
2026-09-22 18:44:55,295 INFO: Plan 2: ḡ=4.3, γE[v]=2.3, Q=6.7 (bayes)
2026-09-22 18:44:59,270 INFO: Plan 2: ḡ=2, γE[v]=0.0, Q=2.0 (fn)
2026-09-22 18:44:59,295 INFO: Plan 1: ḡ=8, γE[v]=0.0, Q=8.0 (fn)
2026-09-22 18:45:04,789 INFO: Plan 1: ḡ=13, γE[v]=0.0, Q=13.0 (fn)
2026-09-22 18:45:04,867 INFO: Plan 0: ḡ=43, γE[v]=0.0, Q=43.0 (fn)
2026-09-22 18:45:04,947 INFO: Plan 2: ḡ=8, γE[v]=0.0, Q=8.0 (fn)
2026-09-22 18:45:04,948 INFO: Plan 0: ḡ=21.5, γE[v]=2.0, Q=23.5 (bayes)
2026-09-22 18:45:04,948 INFO: Plan 1: ḡ=6.5, γE[v]=9.5, Q=16.0 (bayes)
2026-09-22 18:45:04,948 INFO: Plan 2: ḡ=4.0, γE[v]=10.8, Q=14.8 (bayes)
2026-09-22 18:45:05,018 INFO: Plan 0: ḡ=4, γE[v]=0.0, Q=4.0 (fn)
2026-09-22 18:45:05,019 INFO: Plan 0: ḡ=1.3, γE[v]=1.7, Q=3.0 (bayes)
2026-09-22 18:45:05,019 INFO: Plan 1: ḡ=2.7, γE[v]=1.0, Q=3.7 (bayes)
2026-09-22 18:45:05,019 INFO: Plan 2: ḡ=0.7, γE[v]=2.0, Q=2.7 (bayes)
2026-09-22 18:45:07,503 INFO: Plan 1: ḡ=69, γE[v]=13.0, Q=82.0 (fn)
2026-09-22 18:45:07,543 INFO: Plan 2: ḡ=106, γE[v]=2.0, Q=108.0 (fn)
2026-09-22 18:45:09,289 INFO: Plan 2: ḡ=0, γE[v]=0.0, Q=0.0 (fn)
2026-09-22 18:45:09,327 INFO: Plan 0: ḡ=4, γE[v]=0.0, Q=4.0 (fn)
2026-09-22 18:45:09,382 INFO: Plan 1: ḡ=2, γE[v]=0.0, Q=2.0 (fn)
2026-09-22 18:45:09,382 INFO: Plan 0: ḡ=1.3, γE[v]=0.3, Q=1.7 (bayes)
2026-09-22 18:45:09,382 INFO: Plan 1: ḡ=0.7, γE[v]=0.7, Q=1.3 (bayes)
2026-09-22 18:45:09,383 INFO: Plan 2: ḡ=0.0, γE[v]=1.0, Q=1.0 (bayes)
2026-09-22 18:45:10,001 INFO: Plan 1: ḡ=8, γE[v]=0.0, Q=8.0 (fn)
2026-09-22 18:45:10,100 INFO: Plan 2: ḡ=8, γE[v]=0.0, Q=8.0 (fn)
2026-09-22 18:45:10,154 INFO: Plan 0: ḡ=8, γE[v]=0.0, Q=8.0 (fn)
2026-09-22 18:45:10,155 INFO: Plan 0: ḡ=4.0, γE[v]=0.0, Q=4.0 (bayes)
2026-09-22 18:45:10,155 INFO: Plan 1: ḡ=4.0, γE[v]=0.0, Q=4.0 (bayes)
2026-09-22 18:45:10,155 INFO: Plan 2: ḡ=4.0, γE[v]=0.0, Q=4.0 (bayes)
2026-09-22 18:45:11,867 INFO: Plan 0: ḡ=68, γE[v]=21.0, Q=89.0 (fn)
2026-09-22 18:45:11,868 INFO: Plan 0: ḡ=34.0, γE[v]=11.4, Q=45.5 (bayes)
2026-09-22 18:45:11,868 INFO: Plan 1: ḡ=34.5, γE[v]=10.8, Q=45.3 (bayes)
2026-09-22 18:45:11,868 INFO: Plan 2: ḡ=53.0, γE[v]=1.1, Q=54.1 (bayes)
2026-09-22 18:45:14,160 INFO: Plan 2: ḡ=1, γE[v]=0.0, Q=1.0 (fn)
2026-09-22 18:45:14,183 INFO: Plan 1: ḡ=2, γE[v]=0.0, Q=2.0 (fn)
2026-09-22 18:45:14,288 INFO: Plan 0: ḡ=1, γE[v]=0.0, Q=1.0 (fn)
2026-09-22 18:45:14,289 INFO: Plan 0: ḡ=0.3, γE[v]=0.2, Q=0.5 (bayes)
2026-09-22 18:45:14,289 INFO: Plan 1: ḡ=0.7, γE[v]=0.0, Q=0.7 (bayes)
2026-09-22 18:45:14,289 INFO: Plan 2: ḡ=0.3, γE[v]=0.2, Q=0.5 (bayes)
2026-09-22 18:45:14,801 INFO: Plan 0: ḡ=0, γE[v]=0.0, Q=0.0 (fn)
2026-09-22 18:45:14,945 INFO: Plan 1: ḡ=0, γE[v]=0.0, Q=0.0 (fn)
2026-09-22 18:45:15,803 INFO: Plan 2: ḡ=0, γE[v]=0.0, Q=0.0 (fn)
2026-09-22 18:45:15,804 INFO: Plan 0: ḡ=0.0, γE[v]=0.0, Q=0.0 (bayes)
2026-09-22 18:45:15,804 INFO: Plan 1: ḡ=0.0, γE[v]=0.0, Q=0.0 (bayes)
2026-09-22 18:45:15,804 INFO: Plan 2: ḡ=0.0, γE[v]=0.0, Q=0.0 (bayes)
2026-09-22 18:45:17,116 INFO: Plan 2: ḡ=3, γE[v]=0.0, Q=3.0 (fn)
2026-09-22 18:45:17,178 INFO: Plan 1: ḡ=2, γE[v]=0.0, Q=2.0 (fn)
2026-09-22 18:45:17,432 INFO: Plan 0: ḡ=2, γE[v]=0.0, Q=2.0 (fn)
2026-09-22 18:45:17,432 INFO: Plan 0: ḡ=0.7, γE[v]=0.3, Q=1.0 (bayes)
2026-09-22 18:45:17,432 INFO: Plan 1: ḡ=0.7, γE[v]=0.3, Q=1.0 (bayes)
2026-09-22 18:45:17,432 INFO: Plan 2: ḡ=1.0, γE[v]=0.2, Q=1.2 (bayes)
2026-09-22 18:45:19,077 INFO: Plan 1: ḡ=0, γE[v]=0.0, Q=0.0 (fn)
2026-09-22 18:45:19,098 INFO: Plan 2: ḡ=0, γE[v]=0.0, Q=0.0 (fn)
2026-09-22 18:45:19,186 INFO: Plan 0: ḡ=0, γE[v]=0.0, Q=0.0 (fn)
2026-09-22 18:45:19,187 INFO: Plan 0: ḡ=0.0, γE[v]=0.0, Q=0.0 (bayes)
2026-09-22 18:45:19,187 INFO: Plan 1: ḡ=0.0, γE[v]=0.0, Q=0.0 (bayes)
2026-09-22 18:45:19,187 INFO: Plan 2: ḡ=0.0, γE[v]=0.0, Q=0.0 (bayes)
2026-09-22 18:45:21,925 INFO: Plan 1: ḡ=1, γE[v]=0.0, Q=1.0 (fn)
2026-09-22 18:45:22,078 INFO: Plan 2: ḡ=1, γE[v]=0.0, Q=1.0 (fn)
2026-09-22 18:45:22,135 INFO: Plan 0: ḡ=1, γE[v]=0.0, Q=1.0 (fn)
2026-09-22 18:45:22,135 INFO: Plan 0: ḡ=0.2, γE[v]=0.2, Q=0.4 (bayes)
2026-09-22 18:45:22,135 INFO: Plan 1: ḡ=0.3, γE[v]=0.1, Q=0.5 (bayes)
2026-09-22 18:45:22,135 INFO: Plan 2: ḡ=0.2, γE[v]=0.2, Q=0.4 (bayes)
2026-09-22 18:45:22,885 INFO: Plan 2: ḡ=0, γE[v]=0.0, Q=0.0 (fn)
2026-09-22 18:45:23,034 INFO: Plan 1: ḡ=0, γE[v]=0.0, Q=0.0 (fn)
2026-09-22 18:45:23,401 INFO: Plan 0: ḡ=0, γE[v]=0.0, Q=0.0 (fn)
2026-09-22 18:45:23,402 INFO: Plan 0: ḡ=0.0, γE[v]=0.0, Q=0.0 (bayes)
2026-09-22 18:45:23,402 INFO: Plan 1: ḡ=0.0, γE[v]=0.0, Q=0.0 (bayes)
2026-09-22 18:45:23,402 INFO: Plan 2: ḡ=0.0, γE[v]=0.0, Q=0.0 (bayes)
2026-09-22 18:45:23,860 INFO: Plan 2: ḡ=0, γE[v]=0.0, Q=0.0 (fn)
2026-09-22 18:45:23,935 INFO: Plan 1: ḡ=0, γE[v]=0.0, Q=0.0 (fn)
2026-09-22 18:45:23,981 INFO: Plan 0: ḡ=0, γE[v]=0.0, Q=0.0 (fn)
2026-09-22 18:45:23,981 INFO: Plan 0: ḡ=0.0, γE[v]=0.0, Q=0.0 (bayes)
2026-09-22 18:45:23,981 INFO: Plan 1: ḡ=0.0, γE[v]=0.0, Q=0.0 (bayes)
2026-09-22 18:45:23,981 INFO: Plan 2: ḡ=0.0, γE[v]=0.0, Q=0.0 (bayes)
2026-09-22 18:45:27,056 INFO: Plan 1: ḡ=1, γE[v]=0.0, Q=1.0 (fn)
2026-09-22 18:45:27,171 INFO: Plan 0: ḡ=1, γE[v]=0.0, Q=1.0 (fn)
2026-09-22 18:45:28,576 INFO: Plan 2: ḡ=0, γE[v]=0.0, Q=0.0 (fn)
2026-09-22 18:45:28,586 INFO: Plan 1: ḡ=0, γE[v]=0.0, Q=0.0 (fn)
2026-09-22 18:45:28,680 INFO: Plan 0: ḡ=0, γE[v]=0.0, Q=0.0 (fn)
2026-09-22 18:45:28,681 INFO: Plan 0: ḡ=0.0, γE[v]=0.0, Q=0.0 (bayes)
2026-09-22 18:45:28,681 INFO: Plan 1: ḡ=0.0, γE[v]=0.0, Q=0.0 (bayes)
2026-09-22 18:45:28,681 INFO: Plan 2: ḡ=0.0, γE[v]=0.0, Q=0.0 (bayes)
2026-09-22 18:45:29,753 INFO: Plan 2: ḡ=1, γE[v]=0.0, Q=1.0 (fn)
2026-09-22 18:45:29,754 INFO: Plan 0: ḡ=0.2, γE[v]=0.0, Q=0.2 (bayes)
2026-09-22 18:45:29,754 INFO: Plan 1: ḡ=0.2, γE[v]=0.0, Q=0.2 (bayes)
2026-09-22 18:45:29,754 INFO: Plan 2: ḡ=0.2, γE[v]=0.0, Q=0.2 (bayes)
2026-09-22 18:45:31,069 INFO: Plan 2: ḡ=0, γE[v]=0.0, Q=0.0 (fn)
2026-09-22 18:45:31,083 INFO: Plan 1: ḡ=0, γE[v]=0.0, Q=0.0 (fn)
2026-09-22 18:45:31,328 INFO: Plan 0: ḡ=0, γE[v]=0.0, Q=0.0 (fn)
2026-09-22 18:45:31,328 INFO: Plan 0: ḡ=0.0, γE[v]=0.0, Q=0.0 (bayes)
2026-09-22 18:45:31,328 INFO: Plan 1: ḡ=0.0, γE[v]=0.0, Q=0.0 (bayes)
2026-09-22 18:45:31,328 INFO: Plan 2: ḡ=0.0, γE[v]=0.0, Q=0.0 (bayes)
  [68/93] pydantic.color seed=42: {'random': 62, 'greedy': 62, 'cov_greedy': 102, 'covqvalue2': 100}
2026-09-22 18:45:34,853 INFO: Plan 1: ḡ=0, γE[v]=0.0, Q=0.0 (fn)
2026-09-22 18:45:35,084 INFO: Plan 0: ḡ=0, γE[v]=0.0, Q=0.0 (fn)
2026-09-22 18:45:35,220 INFO: Plan 2: ḡ=0, γE[v]=0.0, Q=0.0 (fn)
2026-09-22 18:45:35,221 INFO: Plan 0: ḡ=0.0, γE[v]=0.0, Q=0.0 (bayes)
2026-09-22 18:45:35,221 INFO: Plan 1: ḡ=0.0, γE[v]=0.0, Q=0.0 (bayes)
2026-09-22 18:45:35,221 INFO: Plan 2: ḡ=0.0, γE[v]=0.0, Q=0.0 (bayes)
2026-09-22 18:45:35,772 INFO: Plan 1: ḡ=0, γE[v]=0.0, Q=0.0 (fn)
2026-09-22 18:45:35,839 INFO: Plan 2: ḡ=0, γE[v]=0.0, Q=0.0 (fn)
2026-09-22 18:45:36,032 INFO: Plan 0: ḡ=0, γE[v]=0.0, Q=0.0 (fn)
2026-09-22 18:45:36,033 INFO: Plan 0: ḡ=0.0, γE[v]=0.0, Q=0.0 (bayes)
2026-09-22 18:45:36,033 INFO: Plan 1: ḡ=0.0, γE[v]=0.0, Q=0.0 (bayes)
2026-09-22 18:45:36,033 INFO: Plan 2: ḡ=0.0, γE[v]=0.0, Q=0.0 (bayes)
2026-09-22 18:45:40,875 INFO: Plan 0: ḡ=0, γE[v]=0.0, Q=0.0 (fn)
2026-09-22 18:45:40,936 INFO: Plan 2: ḡ=0, γE[v]=0.0, Q=0.0 (fn)
2026-09-22 18:45:41,095 INFO: Plan 1: ḡ=0, γE[v]=0.0, Q=0.0 (fn)
2026-09-22 18:45:41,512 INFO: Plan 0: ḡ=0, γE[v]=0.0, Q=0.0 (fn)
2026-09-22 18:45:41,525 INFO: Plan 2: ḡ=0, γE[v]=0.0, Q=0.0 (fn)
2026-09-22 18:45:41,525 INFO: Plan 0: ḡ=0.0, γE[v]=0.0, Q=0.0 (bayes)
2026-09-22 18:45:41,525 INFO: Plan 1: ḡ=0.0, γE[v]=0.0, Q=0.0 (bayes)
2026-09-22 18:45:41,525 INFO: Plan 2: ḡ=0.0, γE[v]=0.0, Q=0.0 (bayes)
2026-09-22 18:45:42,141 INFO: Plan 1: ḡ=0, γE[v]=0.0, Q=0.0 (fn)
2026-09-22 18:45:42,142 INFO: Plan 0: ḡ=0.0, γE[v]=0.0, Q=0.0 (bayes)
2026-09-22 18:45:42,142 INFO: Plan 1: ḡ=0.0, γE[v]=0.0, Q=0.0 (bayes)
2026-09-22 18:45:42,142 INFO: Plan 2: ḡ=0.0, γE[v]=0.0, Q=0.0 (bayes)
2026-09-22 18:45:47,196 INFO: Plan 0: ḡ=0, γE[v]=0.0, Q=0.0 (fn)
2026-09-22 18:45:47,554 INFO: Plan 2: ḡ=0, γE[v]=0.0, Q=0.0 (fn)
2026-09-22 18:45:47,663 INFO: Plan 1: ḡ=0, γE[v]=0.0, Q=0.0 (fn)
2026-09-22 18:45:47,664 INFO: Plan 0: ḡ=0.0, γE[v]=0.0, Q=0.0 (bayes)
2026-09-22 18:45:47,664 INFO: Plan 1: ḡ=0.0, γE[v]=0.0, Q=0.0 (bayes)
2026-09-22 18:45:47,664 INFO: Plan 2: ḡ=0.0, γE[v]=0.0, Q=0.0 (bayes)
2026-09-22 18:45:51,169 INFO: Plan 1: ḡ=0, γE[v]=0.0, Q=0.0 (fn)
2026-09-22 18:45:51,266 INFO: Plan 0: ḡ=0, γE[v]=0.0, Q=0.0 (fn)
2026-09-22 18:45:51,355 INFO: Plan 2: ḡ=0, γE[v]=0.0, Q=0.0 (fn)
2026-09-22 18:45:51,356 INFO: Plan 0: ḡ=0.0, γE[v]=0.0, Q=0.0 (bayes)
2026-09-22 18:45:51,356 INFO: Plan 1: ḡ=0.0, γE[v]=0.0, Q=0.0 (bayes)
2026-09-22 18:45:51,356 INFO: Plan 2: ḡ=0.0, γE[v]=0.0, Q=0.0 (bayes)
2026-09-22 18:45:52,660 INFO: Plan 1: ḡ=0, γE[v]=0.0, Q=0.0 (fn)
2026-09-22 18:45:52,878 INFO: Plan 0: ḡ=0, γE[v]=0.0, Q=0.0 (fn)
2026-09-22 18:45:53,060 INFO: Plan 2: ḡ=0, γE[v]=0.0, Q=0.0 (fn)
2026-09-22 18:45:53,061 INFO: Plan 0: ḡ=0.0, γE[v]=0.0, Q=0.0 (bayes)
2026-09-22 18:45:53,061 INFO: Plan 1: ḡ=0.0, γE[v]=0.0, Q=0.0 (bayes)
2026-09-22 18:45:53,061 INFO: Plan 2: ḡ=0.0, γE[v]=0.0, Q=0.0 (bayes)
  [69/93] pydantic.functional_serializers seed=42: {'random': 22, 'greedy': 22, 'cov_greedy': 27, 'covqvalue2': 27}
  [70/93] pydantic.type_adapter seed=42: {'random': 16, 'greedy': 16, 'cov_greedy': 18, 'covqvalue2': 20}
2026-09-22 18:47:39,991 INFO: Plan 0: ḡ=57, γE[v]=0.0, Q=57.0 (fn)
2026-09-22 18:47:40,238 INFO: Plan 1: ḡ=102, γE[v]=0.0, Q=102.0 (fn)
2026-09-22 18:47:40,427 INFO: Plan 2: ḡ=92, γE[v]=0.0, Q=92.0 (fn)
2026-09-22 18:47:40,428 INFO: Plan 0: ḡ=28.5, γE[v]=113.5, Q=142.0 (bayes)
2026-09-22 18:47:40,428 INFO: Plan 1: ḡ=51.0, γE[v]=102.2, Q=153.2 (bayes)
2026-09-22 18:47:40,428 INFO: Plan 2: ḡ=46.0, γE[v]=104.8, Q=150.8 (bayes)
2026-09-22 18:47:47,193 INFO: Plan 1: ḡ=87, γE[v]=0.0, Q=87.0 (fn)
2026-09-22 18:47:47,261 INFO: Plan 2: ḡ=101, γE[v]=0.0, Q=101.0 (fn)
2026-09-22 18:47:50,718 INFO: Plan 0: ḡ=132, γE[v]=0.0, Q=132.0 (fn)
2026-09-22 18:47:50,718 INFO: Plan 0: ḡ=66.0, γE[v]=70.3, Q=136.3 (bayes)
2026-09-22 18:47:50,719 INFO: Plan 1: ḡ=39.8, γE[v]=83.4, Q=123.2 (bayes)
2026-09-22 18:47:50,719 INFO: Plan 2: ḡ=45.7, γE[v]=80.5, Q=126.2 (bayes)
2026-09-22 18:47:57,586 INFO: Plan 0: ḡ=140, γE[v]=0.0, Q=140.0 (fn)
2026-09-22 18:47:57,709 INFO: Plan 1: ḡ=109, γE[v]=0.0, Q=109.0 (fn)
2026-09-22 18:47:57,737 INFO: Plan 2: ḡ=107, γE[v]=0.0, Q=107.0 (fn)
2026-09-22 18:47:57,737 INFO: Plan 0: ḡ=65.2, γE[v]=37.8, Q=102.9 (bayes)
2026-09-22 18:47:57,738 INFO: Plan 1: ḡ=49.7, γE[v]=45.5, Q=95.2 (bayes)
2026-09-22 18:47:57,738 INFO: Plan 2: ḡ=53.5, γE[v]=43.6, Q=97.1 (bayes)
2026-09-22 18:48:05,455 INFO: Plan 2: ḡ=82, γE[v]=0.0, Q=82.0 (fn)
2026-09-22 18:48:05,633 INFO: Plan 0: ḡ=35, γE[v]=0.0, Q=35.0 (fn)
2026-09-22 18:48:05,908 INFO: Plan 1: ḡ=11, γE[v]=0.0, Q=11.0 (fn)
2026-09-22 18:48:05,908 INFO: Plan 0: ḡ=17.5, γE[v]=23.2, Q=40.8 (bayes)
2026-09-22 18:48:05,908 INFO: Plan 1: ḡ=5.5, γE[v]=29.2, Q=34.8 (bayes)
2026-09-22 18:48:05,908 INFO: Plan 2: ḡ=41.0, γE[v]=11.5, Q=52.5 (bayes)
2026-09-22 18:48:12,464 INFO: Plan 2: ḡ=2, γE[v]=0.0, Q=2.0 (fn)
2026-09-22 18:48:13,495 INFO: Plan 0: ḡ=24, γE[v]=0.0, Q=24.0 (fn)
2026-09-22 18:48:17,856 INFO: Plan 1: ḡ=23, γE[v]=0.0, Q=23.0 (fn)
2026-09-22 18:48:17,856 INFO: Plan 0: ḡ=12.0, γE[v]=5.5, Q=17.5 (bayes)
2026-09-22 18:48:17,856 INFO: Plan 1: ḡ=11.5, γE[v]=5.8, Q=17.2 (bayes)
2026-09-22 18:48:17,857 INFO: Plan 2: ḡ=1.0, γE[v]=11.0, Q=12.0 (bayes)
2026-09-22 18:48:31,112 INFO: Plan 2: ḡ=49, γE[v]=15.5, Q=64.5 (fn)
2026-09-22 18:48:31,305 INFO: Plan 1: ḡ=98, γE[v]=27.5, Q=125.5 (fn)
2026-09-22 18:48:31,465 INFO: Plan 0: ḡ=43, γE[v]=28.5, Q=71.5 (fn)
2026-09-22 18:48:31,466 INFO: Plan 0: ḡ=21.5, γE[v]=86.5, Q=108.0 (bayes)
2026-09-22 18:48:31,466 INFO: Plan 1: ḡ=49.0, γE[v]=72.7, Q=121.7 (bayes)
2026-09-22 18:48:31,466 INFO: Plan 2: ḡ=24.5, γE[v]=84.4, Q=109.0 (bayes)
2026-09-22 18:48:32,666 INFO: Plan 1: ḡ=5, γE[v]=0.0, Q=5.0 (fn)
2026-09-22 18:48:32,678 INFO: Plan 2: ḡ=2, γE[v]=0.0, Q=2.0 (fn)
2026-09-22 18:48:32,796 INFO: Plan 0: ḡ=18, γE[v]=0.0, Q=18.0 (fn)
2026-09-22 18:48:32,797 INFO: Plan 0: ḡ=9.0, γE[v]=1.0, Q=10.0 (bayes)
2026-09-22 18:48:32,797 INFO: Plan 1: ḡ=2.5, γE[v]=4.2, Q=6.8 (bayes)
2026-09-22 18:48:32,797 INFO: Plan 2: ḡ=1.0, γE[v]=5.0, Q=6.0 (bayes)
2026-09-22 18:48:37,817 INFO: Plan 1: ḡ=19, γE[v]=0.0, Q=19.0 (fn)
2026-09-22 18:48:37,823 INFO: Plan 2: ḡ=6, γE[v]=0.0, Q=6.0 (fn)
2026-09-22 18:48:38,168 INFO: Plan 0: ḡ=15, γE[v]=1.0, Q=16.0 (fn)
2026-09-22 18:48:38,168 INFO: Plan 0: ḡ=7.5, γE[v]=55.9, Q=63.4 (bayes)
2026-09-22 18:48:38,169 INFO: Plan 1: ḡ=7.2, γE[v]=56.0, Q=63.2 (bayes)
2026-09-22 18:48:38,169 INFO: Plan 2: ḡ=3.0, γE[v]=58.1, Q=61.1 (bayes)
2026-09-22 18:48:40,896 INFO: Plan 0: ḡ=4, γE[v]=0.0, Q=4.0 (fn)
2026-09-22 18:48:40,939 INFO: Plan 2: ḡ=0, γE[v]=0.0, Q=0.0 (fn)
2026-09-22 18:48:41,867 INFO: Plan 1: ḡ=213, γE[v]=50.5, Q=263.5 (fn)
2026-09-22 18:48:41,917 INFO: Plan 0: ḡ=156, γE[v]=72.0, Q=228.0 (fn)
2026-09-22 18:48:42,996 INFO: Plan 1: ḡ=36, γE[v]=0.0, Q=36.0 (fn)
2026-09-22 18:48:43,044 INFO: Plan 1: ḡ=1, γE[v]=0.0, Q=1.0 (fn)
2026-09-22 18:48:43,045 INFO: Plan 0: ḡ=2.0, γE[v]=0.0, Q=2.0 (bayes)
2026-09-22 18:48:43,045 INFO: Plan 1: ḡ=0.5, γE[v]=0.8, Q=1.2 (bayes)
2026-09-22 18:48:43,045 INFO: Plan 2: ḡ=0.0, γE[v]=1.0, Q=1.0 (bayes)
2026-09-22 18:48:43,322 INFO: Plan 0: ḡ=11, γE[v]=0.0, Q=11.0 (fn)
2026-09-22 18:48:44,084 INFO: Plan 2: ḡ=8, γE[v]=0.0, Q=8.0 (fn)
2026-09-22 18:48:44,084 INFO: Plan 0: ḡ=5.2, γE[v]=52.6, Q=57.8 (bayes)
2026-09-22 18:48:44,084 INFO: Plan 1: ḡ=13.0, γE[v]=48.7, Q=61.7 (bayes)
2026-09-22 18:48:44,084 INFO: Plan 2: ḡ=4.0, γE[v]=53.2, Q=57.2 (bayes)
2026-09-22 18:48:44,406 INFO: Plan 2: ḡ=144, γE[v]=84.5, Q=228.5 (fn)
2026-09-22 18:48:44,406 INFO: Plan 0: ḡ=78.0, γE[v]=58.0, Q=136.0 (bayes)
2026-09-22 18:48:44,406 INFO: Plan 1: ḡ=106.5, γE[v]=42.8, Q=149.3 (bayes)
2026-09-22 18:48:44,406 INFO: Plan 2: ḡ=72.0, γE[v]=61.6, Q=133.6 (bayes)
2026-09-22 18:48:48,858 INFO: Plan 1: ḡ=9, γE[v]=20.5, Q=29.5 (fn)
2026-09-22 18:48:49,302 INFO: Plan 2: ḡ=12, γE[v]=21.0, Q=33.0 (fn)
2026-09-22 18:48:50,003 INFO: Plan 0: ḡ=74, γE[v]=0.0, Q=74.0 (fn)
2026-09-22 18:48:50,069 INFO: Plan 0: ḡ=11, γE[v]=0.0, Q=11.0 (fn)
2026-09-22 18:48:50,070 INFO: Plan 0: ḡ=5.2, γE[v]=46.1, Q=51.2 (bayes)
2026-09-22 18:48:50,070 INFO: Plan 1: ḡ=4.5, γE[v]=47.3, Q=51.8 (bayes)
2026-09-22 18:48:50,070 INFO: Plan 2: ḡ=6.0, γE[v]=46.6, Q=52.6 (bayes)
2026-09-22 18:48:50,091 INFO: Plan 2: ḡ=74, γE[v]=0.0, Q=74.0 (fn)
2026-09-22 18:48:50,439 INFO: Plan 1: ḡ=17, γE[v]=0.0, Q=17.0 (fn)
2026-09-22 18:48:50,440 INFO: Plan 0: ḡ=34.8, γE[v]=14.7, Q=49.5 (bayes)
2026-09-22 18:48:50,440 INFO: Plan 1: ḡ=5.7, γE[v]=29.2, Q=34.9 (bayes)
2026-09-22 18:48:50,440 INFO: Plan 2: ḡ=24.7, γE[v]=19.8, Q=44.4 (bayes)
2026-09-22 18:48:50,470 INFO: Plan 1: ḡ=0, γE[v]=0.0, Q=0.0 (fn)
2026-09-22 18:48:50,851 INFO: Plan 0: ḡ=0, γE[v]=0.0, Q=0.0 (fn)
2026-09-22 18:48:51,518 INFO: Plan 2: ḡ=0, γE[v]=0.0, Q=0.0 (fn)
2026-09-22 18:48:51,519 INFO: Plan 0: ḡ=0.0, γE[v]=0.0, Q=0.0 (bayes)
2026-09-22 18:48:51,519 INFO: Plan 1: ḡ=0.0, γE[v]=0.0, Q=0.0 (bayes)
2026-09-22 18:48:51,519 INFO: Plan 2: ḡ=0.0, γE[v]=0.0, Q=0.0 (bayes)
  [71/93] werkzeug.http seed=42: {'random': 59, 'greedy': 66, 'cov_greedy': 177, 'covqvalue2': 200}
2026-09-22 18:48:56,029 INFO: Plan 0: ḡ=11, γE[v]=0.0, Q=11.0 (fn)
2026-09-22 18:48:56,178 INFO: Plan 2: ḡ=9, γE[v]=19.5, Q=28.5 (fn)
2026-09-22 18:48:56,271 INFO: Plan 1: ḡ=16, γE[v]=18.5, Q=34.5 (fn)
2026-09-22 18:48:56,272 INFO: Plan 0: ḡ=5.2, γE[v]=39.6, Q=44.8 (bayes)
2026-09-22 18:48:56,272 INFO: Plan 1: ḡ=7.7, γE[v]=39.2, Q=46.8 (bayes)
2026-09-22 18:48:56,272 INFO: Plan 2: ḡ=4.5, γE[v]=40.8, Q=45.3 (bayes)
2026-09-22 18:48:56,461 INFO: Plan 1: ḡ=81, γE[v]=0.0, Q=81.0 (fn)
2026-09-22 18:48:56,483 INFO: Plan 2: ḡ=74, γE[v]=0.0, Q=74.0 (fn)
2026-09-22 18:48:56,912 INFO: Plan 0: ḡ=10, γE[v]=0.0, Q=10.0 (fn)
2026-09-22 18:48:56,912 INFO: Plan 0: ḡ=3.3, γE[v]=13.0, Q=16.3 (bayes)
2026-09-22 18:48:56,912 INFO: Plan 1: ḡ=27.0, γE[v]=1.2, Q=28.2 (bayes)
2026-09-22 18:48:56,912 INFO: Plan 2: ḡ=24.7, γE[v]=2.3, Q=27.0 (bayes)
2026-09-22 18:49:02,754 INFO: Plan 1: ḡ=7, γE[v]=0.0, Q=7.0 (fn)
2026-09-22 18:49:02,849 INFO: Plan 2: ḡ=7, γE[v]=0.0, Q=7.0 (fn)
2026-09-22 18:49:02,899 INFO: Plan 0: ḡ=7, γE[v]=0.0, Q=7.0 (fn)
2026-09-22 18:49:02,900 INFO: Plan 0: ḡ=2.3, γE[v]=0.0, Q=2.3 (bayes)
2026-09-22 18:49:02,900 INFO: Plan 1: ḡ=2.3, γE[v]=0.0, Q=2.3 (bayes)
2026-09-22 18:49:02,900 INFO: Plan 2: ḡ=2.3, γE[v]=0.0, Q=2.3 (bayes)
2026-09-22 18:49:03,311 INFO: Plan 1: ḡ=22, γE[v]=0.0, Q=22.0 (fn)
2026-09-22 18:49:03,375 INFO: Plan 2: ḡ=24, γE[v]=0.0, Q=24.0 (fn)
2026-09-22 18:49:03,807 INFO: Plan 0: ḡ=11, γE[v]=0.0, Q=11.0 (fn)
2026-09-22 18:49:03,808 INFO: Plan 0: ḡ=5.2, γE[v]=30.9, Q=36.1 (bayes)
2026-09-22 18:49:03,808 INFO: Plan 1: ḡ=8.2, γE[v]=29.4, Q=37.6 (bayes)
2026-09-22 18:49:03,808 INFO: Plan 2: ḡ=8.5, γE[v]=29.3, Q=37.8 (bayes)
2026-09-22 18:49:08,117 INFO: Plan 2: ḡ=0, γE[v]=0.0, Q=0.0 (fn)
2026-09-22 18:49:08,156 INFO: Plan 0: ḡ=0, γE[v]=0.0, Q=0.0 (fn)
2026-09-22 18:49:08,319 INFO: Plan 1: ḡ=0, γE[v]=0.0, Q=0.0 (fn)
2026-09-22 18:49:08,320 INFO: Plan 0: ḡ=0.0, γE[v]=0.0, Q=0.0 (bayes)
2026-09-22 18:49:08,320 INFO: Plan 1: ḡ=0.0, γE[v]=0.0, Q=0.0 (bayes)
2026-09-22 18:49:08,320 INFO: Plan 2: ḡ=0.0, γE[v]=0.0, Q=0.0 (bayes)
2026-09-22 18:49:11,075 INFO: Plan 2: ḡ=16, γE[v]=0.0, Q=16.0 (fn)
2026-09-22 18:49:11,141 INFO: Plan 0: ḡ=11, γE[v]=0.0, Q=11.0 (fn)
2026-09-22 18:49:11,158 INFO: Plan 1: ḡ=14, γE[v]=0.0, Q=14.0 (fn)
2026-09-22 18:49:11,158 INFO: Plan 0: ḡ=5.2, γE[v]=26.7, Q=31.8 (bayes)
2026-09-22 18:49:11,158 INFO: Plan 1: ḡ=6.3, γE[v]=26.1, Q=32.4 (bayes)
2026-09-22 18:49:11,158 INFO: Plan 2: ḡ=5.8, γE[v]=26.3, Q=32.2 (bayes)
2026-09-22 18:49:14,061 INFO: Plan 0: ḡ=0, γE[v]=0.0, Q=0.0 (fn)
2026-09-22 18:49:14,080 INFO: Plan 2: ḡ=0, γE[v]=0.0, Q=0.0 (fn)
2026-09-22 18:49:14,285 INFO: Plan 1: ḡ=0, γE[v]=0.0, Q=0.0 (fn)
2026-09-22 18:49:14,285 INFO: Plan 0: ḡ=0.0, γE[v]=0.0, Q=0.0 (bayes)
2026-09-22 18:49:14,285 INFO: Plan 1: ḡ=0.0, γE[v]=0.0, Q=0.0 (bayes)
2026-09-22 18:49:14,285 INFO: Plan 2: ḡ=0.0, γE[v]=0.0, Q=0.0 (bayes)
2026-09-22 18:49:18,252 INFO: Plan 2: ḡ=21, γE[v]=0.0, Q=21.0 (fn)
2026-09-22 18:49:18,519 INFO: Plan 0: ḡ=11, γE[v]=0.0, Q=11.0 (fn)
2026-09-22 18:49:18,592 INFO: Plan 1: ḡ=20, γE[v]=0.0, Q=20.0 (fn)
2026-09-22 18:49:18,593 INFO: Plan 0: ḡ=5.2, γE[v]=21.5, Q=26.7 (bayes)
2026-09-22 18:49:18,593 INFO: Plan 1: ḡ=6.8, γE[v]=20.7, Q=27.5 (bayes)
2026-09-22 18:49:18,593 INFO: Plan 2: ḡ=7.0, γE[v]=20.6, Q=27.6 (bayes)
2026-09-22 18:49:19,597 INFO: Plan 1: ḡ=0, γE[v]=0.0, Q=0.0 (fn)
2026-09-22 18:49:19,698 INFO: Plan 0: ḡ=0, γE[v]=0.0, Q=0.0 (fn)
2026-09-22 18:49:19,801 INFO: Plan 2: ḡ=0, γE[v]=0.0, Q=0.0 (fn)
2026-09-22 18:49:19,802 INFO: Plan 0: ḡ=0.0, γE[v]=0.0, Q=0.0 (bayes)
2026-09-22 18:49:19,802 INFO: Plan 1: ḡ=0.0, γE[v]=0.0, Q=0.0 (bayes)
2026-09-22 18:49:19,802 INFO: Plan 2: ḡ=0.0, γE[v]=0.0, Q=0.0 (bayes)
  [72/93] werkzeug.datastructures.structures seed=42: {'random': 11, 'greedy': 11, 'cov_greedy': 66, 'covqvalue2': 133}
2026-09-22 18:49:25,656 INFO: Plan 0: ḡ=0, γE[v]=0.0, Q=0.0 (fn)
2026-09-22 18:49:25,865 INFO: Plan 1: ḡ=0, γE[v]=0.0, Q=0.0 (fn)
2026-09-22 18:49:25,902 INFO: Plan 2: ḡ=0, γE[v]=0.0, Q=0.0 (fn)
2026-09-22 18:49:25,902 INFO: Plan 0: ḡ=0.0, γE[v]=0.0, Q=0.0 (bayes)
2026-09-22 18:49:25,902 INFO: Plan 1: ḡ=0.0, γE[v]=0.0, Q=0.0 (bayes)
2026-09-22 18:49:25,902 INFO: Plan 2: ḡ=0.0, γE[v]=0.0, Q=0.0 (bayes)
  [73/93] werkzeug.routing.map seed=42: {'random': 61, 'greedy': 60, 'cov_greedy': 112, 'covqvalue2': 118}
2026-09-22 18:49:34,698 INFO: Plan 2: ḡ=82, γE[v]=0.0, Q=82.0 (fn)
2026-09-22 18:49:34,736 INFO: Plan 2: ḡ=321, γE[v]=15.0, Q=336.0 (fn)
2026-09-22 18:49:34,754 INFO: Plan 1: ḡ=223, γE[v]=42.5, Q=265.5 (fn)
2026-09-22 18:49:34,756 INFO: Plan 1: ḡ=68, γE[v]=0.0, Q=68.0 (fn)
2026-09-22 18:49:34,915 INFO: Plan 0: ḡ=69, γE[v]=27.0, Q=96.0 (fn)
2026-09-22 18:49:34,916 INFO: Plan 0: ḡ=34.5, γE[v]=21.5, Q=56.0 (bayes)
2026-09-22 18:49:34,916 INFO: Plan 1: ḡ=34.0, γE[v]=20.5, Q=54.5 (bayes)
2026-09-22 18:49:34,916 INFO: Plan 2: ḡ=41.0, γE[v]=17.0, Q=58.0 (bayes)
2026-09-22 18:49:35,731 INFO: Plan 0: ḡ=83, γE[v]=53.0, Q=136.0 (fn)
2026-09-22 18:49:35,732 INFO: Plan 0: ḡ=41.5, γE[v]=90.9, Q=132.4 (bayes)
2026-09-22 18:49:35,732 INFO: Plan 1: ḡ=111.5, γE[v]=55.4, Q=166.9 (bayes)
2026-09-22 18:49:35,732 INFO: Plan 2: ḡ=160.5, γE[v]=29.7, Q=190.2 (bayes)
2026-09-22 18:49:41,539 INFO: Plan 2: ḡ=12, γE[v]=0.0, Q=12.0 (fn)
2026-09-22 18:49:41,569 INFO: Plan 0: ḡ=34, γE[v]=0.0, Q=34.0 (fn)
2026-09-22 18:49:41,758 INFO: Plan 1: ḡ=24, γE[v]=0.0, Q=24.0 (fn)
2026-09-22 18:49:41,758 INFO: Plan 0: ḡ=16.8, γE[v]=8.8, Q=25.6 (bayes)
2026-09-22 18:49:41,759 INFO: Plan 1: ḡ=12.0, γE[v]=11.2, Q=23.2 (bayes)
2026-09-22 18:49:41,759 INFO: Plan 2: ḡ=6.0, γE[v]=14.2, Q=20.2 (bayes)
2026-09-22 18:49:42,557 INFO: Plan 2: ḡ=26, γE[v]=0.0, Q=26.0 (fn)
2026-09-22 18:49:42,590 INFO: Plan 0: ḡ=29, γE[v]=7.5, Q=36.5 (fn)
2026-09-22 18:49:42,836 INFO: Plan 1: ḡ=60, γE[v]=0.0, Q=60.0 (fn)
2026-09-22 18:49:42,837 INFO: Plan 0: ḡ=14.5, γE[v]=13.3, Q=27.8 (bayes)
2026-09-22 18:49:42,837 INFO: Plan 1: ḡ=27.3, γE[v]=6.4, Q=33.8 (bayes)
2026-09-22 18:49:42,837 INFO: Plan 2: ḡ=8.7, γE[v]=15.8, Q=24.4 (bayes)
2026-09-22 18:49:43,532 INFO: Plan 1: ḡ=64, γE[v]=0.0, Q=64.0 (fn)
2026-09-22 18:49:43,698 INFO: Plan 2: ḡ=135, γE[v]=36.5, Q=171.5 (fn)
2026-09-22 18:49:43,914 INFO: Plan 0: ḡ=80, γE[v]=21.5, Q=101.5 (fn)
2026-09-22 18:49:43,915 INFO: Plan 0: ḡ=40.0, γE[v]=53.2, Q=93.2 (bayes)
2026-09-22 18:49:43,915 INFO: Plan 1: ḡ=32.0, γE[v]=56.2, Q=88.2 (bayes)
2026-09-22 18:49:43,915 INFO: Plan 2: ḡ=67.5, γE[v]=40.1, Q=107.6 (bayes)
2026-09-22 18:49:46,040 INFO: Plan 2: ḡ=4, γE[v]=0.0, Q=4.0 (fn)
2026-09-22 18:49:46,109 INFO: Plan 1: ḡ=8, γE[v]=0.0, Q=8.0 (fn)
2026-09-22 18:49:46,205 INFO: Plan 0: ḡ=23, γE[v]=0.0, Q=23.0 (fn)
2026-09-22 18:49:46,205 INFO: Plan 0: ḡ=11.5, γE[v]=3.0, Q=14.5 (bayes)
2026-09-22 18:49:46,205 INFO: Plan 1: ḡ=4.0, γE[v]=6.8, Q=10.8 (bayes)
2026-09-22 18:49:46,205 INFO: Plan 2: ḡ=2.0, γE[v]=7.8, Q=9.8 (bayes)
2026-09-22 18:49:49,461 INFO: Plan 1: ḡ=15, γE[v]=0.0, Q=15.0 (fn)
2026-09-22 18:49:49,568 INFO: Plan 2: ḡ=9, γE[v]=0.0, Q=9.0 (fn)
2026-09-22 18:49:52,228 INFO: Plan 0: ḡ=22, γE[v]=0.0, Q=22.0 (fn)
2026-09-22 18:49:52,229 INFO: Plan 0: ḡ=9.3, γE[v]=3.4, Q=12.7 (bayes)
2026-09-22 18:49:52,229 INFO: Plan 1: ḡ=7.2, γE[v]=4.4, Q=11.7 (bayes)
2026-09-22 18:49:52,229 INFO: Plan 2: ḡ=3.0, γE[v]=6.5, Q=9.5 (bayes)
2026-09-22 18:49:52,262 INFO: Plan 1: ḡ=96, γE[v]=0.0, Q=96.0 (fn)
2026-09-22 18:49:52,288 INFO: Plan 0: ḡ=35, γE[v]=0.0, Q=35.0 (fn)
2026-09-22 18:49:52,336 INFO: Plan 2: ḡ=4, γE[v]=0.0, Q=4.0 (fn)
2026-09-22 18:49:52,398 INFO: Plan 0: ḡ=2, γE[v]=0.0, Q=2.0 (fn)
2026-09-22 18:49:52,518 INFO: Plan 1: ḡ=6, γE[v]=0.0, Q=6.0 (fn)
2026-09-22 18:49:52,519 INFO: Plan 0: ḡ=1.0, γE[v]=2.5, Q=3.5 (bayes)
2026-09-22 18:49:52,519 INFO: Plan 1: ḡ=3.0, γE[v]=1.5, Q=4.5 (bayes)
2026-09-22 18:49:52,519 INFO: Plan 2: ḡ=2.0, γE[v]=2.0, Q=4.0 (bayes)
2026-09-22 18:49:52,604 INFO: Plan 2: ḡ=26, γE[v]=0.0, Q=26.0 (fn)
2026-09-22 18:49:52,604 INFO: Plan 0: ḡ=16.7, γE[v]=21.3, Q=38.0 (bayes)
2026-09-22 18:49:52,605 INFO: Plan 1: ḡ=37.7, γE[v]=10.8, Q=48.5 (bayes)
2026-09-22 18:49:52,605 INFO: Plan 2: ḡ=10.7, γE[v]=24.3, Q=35.0 (bayes)
2026-09-22 18:49:57,928 INFO: Plan 2: ḡ=9, γE[v]=0.0, Q=9.0 (fn)
2026-09-22 18:49:57,986 INFO: Plan 1: ḡ=4, γE[v]=0.0, Q=4.0 (fn)
2026-09-22 18:49:58,077 INFO: Plan 2: ḡ=4, γE[v]=0.0, Q=4.0 (fn)
2026-09-22 18:49:58,167 INFO: Plan 1: ḡ=8, γE[v]=0.0, Q=8.0 (fn)
2026-09-22 18:49:58,218 INFO: Plan 0: ḡ=15, γE[v]=0.0, Q=15.0 (fn)
2026-09-22 18:49:58,219 INFO: Plan 0: ḡ=6.2, γE[v]=1.6, Q=7.8 (bayes)
2026-09-22 18:49:58,219 INFO: Plan 1: ḡ=3.8, γE[v]=2.8, Q=6.6 (bayes)
2026-09-22 18:49:58,219 INFO: Plan 2: ḡ=3.0, γE[v]=3.2, Q=6.2 (bayes)
2026-09-22 18:49:58,267 INFO: Plan 0: ḡ=2, γE[v]=0.0, Q=2.0 (fn)
2026-09-22 18:49:58,267 INFO: Plan 0: ḡ=1.0, γE[v]=1.0, Q=2.0 (bayes)
2026-09-22 18:49:58,267 INFO: Plan 1: ḡ=2.0, γE[v]=0.5, Q=2.5 (bayes)
2026-09-22 18:49:58,267 INFO: Plan 2: ḡ=2.0, γE[v]=0.5, Q=2.5 (bayes)
2026-09-22 18:49:58,780 INFO: Plan 2: ḡ=15, γE[v]=0.0, Q=15.0 (fn)
2026-09-22 18:49:58,801 INFO: Plan 1: ḡ=11, γE[v]=0.0, Q=11.0 (fn)
2026-09-22 18:49:58,883 INFO: Plan 0: ḡ=31, γE[v]=0.0, Q=31.0 (fn)
2026-09-22 18:49:58,883 INFO: Plan 0: ḡ=14.2, γE[v]=3.3, Q=17.6 (bayes)
2026-09-22 18:49:58,883 INFO: Plan 1: ḡ=4.0, γE[v]=8.5, Q=12.5 (bayes)
2026-09-22 18:49:58,884 INFO: Plan 2: ḡ=5.0, γE[v]=8.0, Q=13.0 (bayes)
2026-09-22 18:50:02,472 INFO: Plan 1: ḡ=30, γE[v]=0.0, Q=30.0 (fn)
2026-09-22 18:50:02,551 INFO: Plan 2: ḡ=47, γE[v]=0.0, Q=47.0 (fn)
2026-09-22 18:50:03,157 INFO: Plan 0: ḡ=30, γE[v]=3.0, Q=33.0 (fn)
2026-09-22 18:50:03,158 INFO: Plan 0: ḡ=15.0, γE[v]=20.4, Q=35.4 (bayes)
2026-09-22 18:50:03,158 INFO: Plan 1: ḡ=15.0, γE[v]=20.2, Q=35.2 (bayes)
2026-09-22 18:50:03,158 INFO: Plan 2: ḡ=23.5, γE[v]=16.0, Q=39.5 (bayes)
2026-09-22 18:50:03,982 INFO: Plan 0: ḡ=8, γE[v]=0.0, Q=8.0 (fn)
2026-09-22 18:50:04,158 INFO: Plan 1: ḡ=2, γE[v]=0.0, Q=2.0 (fn)
2026-09-22 18:50:04,229 INFO: Plan 2: ḡ=7, γE[v]=0.0, Q=7.0 (fn)
2026-09-22 18:50:04,230 INFO: Plan 0: ḡ=2.6, γE[v]=0.3, Q=2.9 (bayes)
2026-09-22 18:50:04,230 INFO: Plan 1: ḡ=0.7, γE[v]=1.3, Q=2.0 (bayes)
2026-09-22 18:50:04,230 INFO: Plan 2: ḡ=2.3, γE[v]=0.5, Q=2.8 (bayes)
2026-09-22 18:50:04,477 INFO: Plan 0: ḡ=2, γE[v]=0.0, Q=2.0 (fn)
2026-09-22 18:50:04,547 INFO: Plan 1: ḡ=2, γE[v]=0.0, Q=2.0 (fn)
2026-09-22 18:50:04,598 INFO: Plan 2: ḡ=0, γE[v]=0.0, Q=0.0 (fn)
2026-09-22 18:50:04,599 INFO: Plan 0: ḡ=1.0, γE[v]=0.0, Q=1.0 (bayes)
2026-09-22 18:50:04,599 INFO: Plan 1: ḡ=1.0, γE[v]=0.0, Q=1.0 (bayes)
2026-09-22 18:50:04,599 INFO: Plan 2: ḡ=0.0, γE[v]=0.5, Q=0.5 (bayes)
2026-09-22 18:50:05,066 INFO: Plan 2: ḡ=13, γE[v]=0.0, Q=13.0 (fn)
2026-09-22 18:50:05,100 INFO: Plan 1: ḡ=11, γE[v]=0.0, Q=11.0 (fn)
2026-09-22 18:50:05,667 INFO: Plan 0: ḡ=9, γE[v]=0.0, Q=9.0 (fn)
2026-09-22 18:50:05,668 INFO: Plan 0: ḡ=3.3, γE[v]=1.7, Q=5.0 (bayes)
2026-09-22 18:50:05,668 INFO: Plan 1: ḡ=3.7, γE[v]=1.5, Q=5.2 (bayes)
2026-09-22 18:50:05,668 INFO: Plan 2: ḡ=4.3, γE[v]=1.2, Q=5.5 (bayes)
2026-09-22 18:50:09,059 INFO: Plan 2: ḡ=23, γE[v]=0.0, Q=23.0 (fn)
2026-09-22 18:50:09,114 INFO: Plan 1: ḡ=21, γE[v]=0.0, Q=21.0 (fn)
2026-09-22 18:50:10,846 INFO: Plan 1: ḡ=4, γE[v]=0.0, Q=4.0 (fn)
2026-09-22 18:50:10,894 INFO: Plan 0: ḡ=2, γE[v]=0.0, Q=2.0 (fn)
2026-09-22 18:50:10,903 INFO: Plan 2: ḡ=0, γE[v]=0.0, Q=0.0 (fn)
2026-09-22 18:50:10,904 INFO: Plan 0: ḡ=1.0, γE[v]=0.7, Q=1.7 (bayes)
2026-09-22 18:50:10,904 INFO: Plan 1: ḡ=1.3, γE[v]=0.5, Q=1.8 (bayes)
2026-09-22 18:50:10,904 INFO: Plan 2: ḡ=0.0, γE[v]=1.2, Q=1.2 (bayes)
2026-09-22 18:50:11,242 INFO: Plan 1: ḡ=0, γE[v]=0.0, Q=0.0 (fn)
2026-09-22 18:50:11,478 INFO: Plan 2: ḡ=0, γE[v]=0.0, Q=0.0 (fn)
2026-09-22 18:50:11,510 INFO: Plan 0: ḡ=0, γE[v]=0.0, Q=0.0 (fn)
2026-09-22 18:50:11,510 INFO: Plan 0: ḡ=0.0, γE[v]=0.0, Q=0.0 (bayes)
2026-09-22 18:50:11,510 INFO: Plan 1: ḡ=0.0, γE[v]=0.0, Q=0.0 (bayes)
2026-09-22 18:50:11,510 INFO: Plan 2: ḡ=0.0, γE[v]=0.0, Q=0.0 (bayes)
2026-09-22 18:50:11,690 INFO: Plan 0: ḡ=29, γE[v]=0.0, Q=29.0 (fn)
2026-09-22 18:50:11,690 INFO: Plan 0: ḡ=14.5, γE[v]=10.2, Q=24.8 (bayes)
2026-09-22 18:50:11,691 INFO: Plan 1: ḡ=10.5, γE[v]=12.2, Q=22.8 (bayes)
2026-09-22 18:50:11,691 INFO: Plan 2: ḡ=10.0, γE[v]=12.5, Q=22.5 (bayes)
2026-09-22 18:50:11,743 INFO: Plan 0: ḡ=1, γE[v]=0.0, Q=1.0 (fn)
2026-09-22 18:50:12,151 INFO: Plan 1: ḡ=0, γE[v]=0.0, Q=0.0 (fn)
2026-09-22 18:50:13,593 INFO: Plan 2: ḡ=0, γE[v]=0.0, Q=0.0 (fn)
2026-09-22 18:50:13,594 INFO: Plan 0: ḡ=0.3, γE[v]=0.0, Q=0.3 (bayes)
2026-09-22 18:50:13,594 INFO: Plan 1: ḡ=0.0, γE[v]=0.2, Q=0.2 (bayes)
2026-09-22 18:50:13,594 INFO: Plan 2: ḡ=0.0, γE[v]=0.2, Q=0.2 (bayes)
2026-09-22 18:50:15,725 INFO: Plan 2: ḡ=19, γE[v]=0.0, Q=19.0 (fn)
2026-09-22 18:50:15,986 INFO: Plan 1: ḡ=25, γE[v]=0.0, Q=25.0 (fn)
2026-09-22 18:50:16,036 INFO: Plan 0: ḡ=11, γE[v]=2.0, Q=13.0 (fn)
2026-09-22 18:50:16,037 INFO: Plan 0: ḡ=5.5, γE[v]=6.1, Q=11.6 (bayes)
2026-09-22 18:50:16,037 INFO: Plan 1: ḡ=12.5, γE[v]=2.5, Q=15.0 (bayes)
2026-09-22 18:50:16,037 INFO: Plan 2: ḡ=8.0, γE[v]=4.8, Q=12.8 (bayes)
2026-09-22 18:50:16,542 INFO: Plan 0: ḡ=0, γE[v]=0.0, Q=0.0 (fn)
2026-09-22 18:50:16,565 INFO: Plan 1: ḡ=0, γE[v]=0.0, Q=0.0 (fn)
2026-09-22 18:50:16,677 INFO: Plan 2: ḡ=0, γE[v]=0.0, Q=0.0 (fn)
2026-09-22 18:50:16,678 INFO: Plan 0: ḡ=0.0, γE[v]=0.0, Q=0.0 (bayes)
2026-09-22 18:50:16,678 INFO: Plan 1: ḡ=0.0, γE[v]=0.0, Q=0.0 (bayes)
2026-09-22 18:50:16,678 INFO: Plan 2: ḡ=0.0, γE[v]=0.0, Q=0.0 (bayes)
2026-09-22 18:50:17,183 INFO: Plan 0: ḡ=2, γE[v]=0.0, Q=2.0 (fn)
2026-09-22 18:50:17,293 INFO: Plan 1: ḡ=2, γE[v]=0.0, Q=2.0 (fn)
2026-09-22 18:50:17,519 INFO: Plan 2: ḡ=0, γE[v]=0.0, Q=0.0 (fn)
2026-09-22 18:50:17,520 INFO: Plan 0: ḡ=1.0, γE[v]=0.0, Q=1.0 (bayes)
2026-09-22 18:50:17,520 INFO: Plan 1: ḡ=1.0, γE[v]=0.0, Q=1.0 (bayes)
2026-09-22 18:50:17,520 INFO: Plan 2: ḡ=0.0, γE[v]=0.5, Q=0.5 (bayes)
  [74/93] werkzeug.sansio.response seed=42: {'random': 61, 'greedy': 61, 'cov_greedy': 95, 'covqvalue2': 108}
2026-09-22 18:50:21,871 INFO: Plan 0: ḡ=0, γE[v]=0.0, Q=0.0 (fn)
2026-09-22 18:50:21,901 INFO: Plan 2: ḡ=0, γE[v]=0.0, Q=0.0 (fn)
2026-09-22 18:50:21,961 INFO: Plan 1: ḡ=0, γE[v]=0.0, Q=0.0 (fn)
2026-09-22 18:50:21,962 INFO: Plan 0: ḡ=0.0, γE[v]=0.0, Q=0.0 (bayes)
2026-09-22 18:50:21,962 INFO: Plan 1: ḡ=0.0, γE[v]=0.0, Q=0.0 (bayes)
2026-09-22 18:50:21,962 INFO: Plan 2: ḡ=0.0, γE[v]=0.0, Q=0.0 (bayes)
2026-09-22 18:50:22,106 INFO: Plan 0: ḡ=0, γE[v]=0.0, Q=0.0 (fn)
2026-09-22 18:50:22,118 INFO: Plan 1: ḡ=0, γE[v]=0.0, Q=0.0 (fn)
2026-09-22 18:50:22,287 INFO: Plan 2: ḡ=0, γE[v]=0.0, Q=0.0 (fn)
2026-09-22 18:50:22,287 INFO: Plan 0: ḡ=0.0, γE[v]=0.0, Q=0.0 (bayes)
2026-09-22 18:50:22,287 INFO: Plan 1: ḡ=0.0, γE[v]=0.0, Q=0.0 (bayes)
2026-09-22 18:50:22,287 INFO: Plan 2: ḡ=0.0, γE[v]=0.0, Q=0.0 (bayes)
2026-09-22 18:50:22,713 INFO: Plan 1: ḡ=13, γE[v]=0.0, Q=13.0 (fn)
2026-09-22 18:50:22,973 INFO: Plan 0: ḡ=3, γE[v]=0.0, Q=3.0 (fn)
2026-09-22 18:50:23,187 INFO: Plan 2: ḡ=10, γE[v]=0.0, Q=10.0 (fn)
2026-09-22 18:50:23,188 INFO: Plan 0: ḡ=1.5, γE[v]=1.8, Q=3.2 (bayes)
2026-09-22 18:50:23,188 INFO: Plan 1: ḡ=5.0, γE[v]=0.0, Q=5.0 (bayes)
2026-09-22 18:50:23,188 INFO: Plan 2: ḡ=3.5, γE[v]=0.8, Q=4.2 (bayes)
2026-09-22 18:50:27,551 INFO: Plan 1: ḡ=0, γE[v]=0.0, Q=0.0 (fn)
2026-09-22 18:50:27,659 INFO: Plan 0: ḡ=0, γE[v]=0.0, Q=0.0 (fn)
2026-09-22 18:50:27,723 INFO: Plan 2: ḡ=0, γE[v]=0.0, Q=0.0 (fn)
2026-09-22 18:50:27,724 INFO: Plan 0: ḡ=0.0, γE[v]=0.0, Q=0.0 (bayes)
2026-09-22 18:50:27,724 INFO: Plan 1: ḡ=0.0, γE[v]=0.0, Q=0.0 (bayes)
2026-09-22 18:50:27,724 INFO: Plan 2: ḡ=0.0, γE[v]=0.0, Q=0.0 (bayes)
2026-09-22 18:50:27,758 INFO: Plan 1: ḡ=0, γE[v]=0.0, Q=0.0 (fn)
2026-09-22 18:50:28,015 INFO: Plan 2: ḡ=0, γE[v]=0.0, Q=0.0 (fn)
2026-09-22 18:50:28,237 INFO: Plan 0: ḡ=0, γE[v]=0.0, Q=0.0 (fn)
2026-09-22 18:50:28,237 INFO: Plan 0: ḡ=0.0, γE[v]=0.0, Q=0.0 (bayes)
2026-09-22 18:50:28,238 INFO: Plan 1: ḡ=0.0, γE[v]=0.0, Q=0.0 (bayes)
2026-09-22 18:50:28,238 INFO: Plan 2: ḡ=0.0, γE[v]=0.0, Q=0.0 (bayes)
2026-09-22 18:50:28,949 INFO: Plan 0: ḡ=0, γE[v]=0.0, Q=0.0 (fn)
2026-09-22 18:50:29,088 INFO: Plan 2: ḡ=0, γE[v]=0.0, Q=0.0 (fn)
2026-09-22 18:50:29,148 INFO: Plan 1: ḡ=0, γE[v]=0.0, Q=0.0 (fn)
2026-09-22 18:50:29,148 INFO: Plan 0: ḡ=0.0, γE[v]=0.0, Q=0.0 (bayes)
2026-09-22 18:50:29,148 INFO: Plan 1: ḡ=0.0, γE[v]=0.0, Q=0.0 (bayes)
2026-09-22 18:50:29,148 INFO: Plan 2: ḡ=0.0, γE[v]=0.0, Q=0.0 (bayes)
  [75/93] werkzeug.wrappers.response seed=42: {'random': 35, 'greedy': 37, 'cov_greedy': 99, 'covqvalue2': 105}
  [76/93] werkzeug.routing.rules seed=42: {'random': 17, 'greedy': 16, 'cov_greedy': 135, 'covqvalue2': 150}
2026-09-22 18:50:35,486 INFO: Plan 0: ḡ=0, γE[v]=0.0, Q=0.0 (fn)
2026-09-22 18:50:35,487 INFO: Plan 2: ḡ=0, γE[v]=0.0, Q=0.0 (fn)
2026-09-22 18:50:35,586 INFO: Plan 1: ḡ=0, γE[v]=0.0, Q=0.0 (fn)
2026-09-22 18:50:35,586 INFO: Plan 0: ḡ=0.0, γE[v]=0.0, Q=0.0 (bayes)
2026-09-22 18:50:35,586 INFO: Plan 1: ḡ=0.0, γE[v]=0.0, Q=0.0 (bayes)
2026-09-22 18:50:35,586 INFO: Plan 2: ḡ=0.0, γE[v]=0.0, Q=0.0 (bayes)
2026-09-22 18:50:41,270 INFO: Plan 0: ḡ=0, γE[v]=0.0, Q=0.0 (fn)
2026-09-22 18:50:41,466 INFO: Plan 2: ḡ=0, γE[v]=0.0, Q=0.0 (fn)
2026-09-22 18:50:41,508 INFO: Plan 1: ḡ=0, γE[v]=0.0, Q=0.0 (fn)
2026-09-22 18:50:41,508 INFO: Plan 0: ḡ=0.0, γE[v]=0.0, Q=0.0 (bayes)
2026-09-22 18:50:41,508 INFO: Plan 1: ḡ=0.0, γE[v]=0.0, Q=0.0 (bayes)
2026-09-22 18:50:41,508 INFO: Plan 2: ḡ=0.0, γE[v]=0.0, Q=0.0 (bayes)
2026-09-22 18:50:47,375 INFO: Plan 0: ḡ=0, γE[v]=0.0, Q=0.0 (fn)
2026-09-22 18:50:47,622 INFO: Plan 1: ḡ=0, γE[v]=0.0, Q=0.0 (fn)
2026-09-22 18:50:47,726 INFO: Plan 2: ḡ=0, γE[v]=0.0, Q=0.0 (fn)
2026-09-22 18:50:47,727 INFO: Plan 0: ḡ=0.0, γE[v]=0.0, Q=0.0 (bayes)
2026-09-22 18:50:47,727 INFO: Plan 1: ḡ=0.0, γE[v]=0.0, Q=0.0 (bayes)
2026-09-22 18:50:47,727 INFO: Plan 2: ḡ=0.0, γE[v]=0.0, Q=0.0 (bayes)
  [77/93] werkzeug.exceptions seed=42: {'random': 20, 'greedy': 20, 'cov_greedy': 40, 'covqvalue2': 41}
2026-09-22 18:52:29,222 INFO: Plan 2: ḡ=102, γE[v]=0.0, Q=102.0 (fn)
2026-09-22 18:52:29,444 INFO: Plan 0: ḡ=95, γE[v]=4.5, Q=99.5 (fn)
2026-09-22 18:52:33,490 INFO: Plan 1: ḡ=122, γE[v]=12.0, Q=134.0 (fn)
2026-09-22 18:52:33,490 INFO: Plan 0: ḡ=47.5, γE[v]=23.0, Q=70.5 (bayes)
2026-09-22 18:52:33,490 INFO: Plan 1: ḡ=61.0, γE[v]=16.5, Q=77.5 (bayes)
2026-09-22 18:52:33,490 INFO: Plan 2: ḡ=51.0, γE[v]=21.0, Q=72.0 (bayes)
2026-09-22 18:52:39,171 INFO: Plan 0: ḡ=21, γE[v]=0.0, Q=21.0 (fn)
2026-09-22 18:52:39,524 INFO: Plan 1: ḡ=34, γE[v]=0.0, Q=34.0 (fn)
2026-09-22 18:52:39,961 INFO: Plan 2: ḡ=26, γE[v]=0.0, Q=26.0 (fn)
2026-09-22 18:52:39,961 INFO: Plan 0: ḡ=7.0, γE[v]=5.2, Q=12.2 (bayes)
2026-09-22 18:52:39,961 INFO: Plan 1: ḡ=11.5, γE[v]=3.0, Q=14.5 (bayes)
2026-09-22 18:52:39,961 INFO: Plan 2: ḡ=8.8, γE[v]=4.3, Q=13.2 (bayes)
2026-09-22 18:52:56,739 INFO: Plan 1: ḡ=203, γE[v]=0.0, Q=203.0 (fn)
2026-09-22 18:52:56,821 INFO: Plan 2: ḡ=67, γE[v]=0.0, Q=67.0 (fn)
2026-09-22 18:52:56,868 INFO: Plan 0: ḡ=33, γE[v]=0.0, Q=33.0 (fn)
2026-09-22 18:52:56,869 INFO: Plan 0: ḡ=16.5, γE[v]=67.5, Q=84.0 (bayes)
2026-09-22 18:52:56,869 INFO: Plan 1: ḡ=101.5, γE[v]=25.0, Q=126.5 (bayes)
2026-09-22 18:52:56,869 INFO: Plan 2: ḡ=33.5, γE[v]=59.0, Q=92.5 (bayes)
2026-09-22 18:52:58,827 INFO: Plan 2: ḡ=8, γE[v]=0.0, Q=8.0 (fn)
2026-09-22 18:52:58,949 INFO: Plan 1: ḡ=15, γE[v]=0.0, Q=15.0 (fn)
2026-09-22 18:52:59,022 INFO: Plan 0: ḡ=16, γE[v]=0.0, Q=16.0 (fn)
2026-09-22 18:52:59,022 INFO: Plan 0: ḡ=5.5, γE[v]=0.0, Q=5.5 (bayes)
2026-09-22 18:52:59,022 INFO: Plan 1: ḡ=5.2, γE[v]=0.2, Q=5.3 (bayes)
2026-09-22 18:52:59,022 INFO: Plan 2: ḡ=2.8, γE[v]=1.3, Q=4.2 (bayes)
2026-09-22 18:53:04,052 INFO: Plan 1: ḡ=1, γE[v]=0.0, Q=1.0 (fn)
2026-09-22 18:53:04,926 INFO: Plan 0: ḡ=1, γE[v]=0.0, Q=1.0 (fn)
2026-09-22 18:53:05,029 INFO: Plan 1: ḡ=170, γE[v]=0.0, Q=170.0 (fn)
2026-09-22 18:53:05,292 INFO: Plan 0: ḡ=28, γE[v]=0.0, Q=28.0 (fn)
2026-09-22 18:53:05,702 INFO: Plan 2: ḡ=67, γE[v]=0.0, Q=67.0 (fn)
2026-09-22 18:53:05,702 INFO: Plan 0: ḡ=14.0, γE[v]=41.2, Q=55.2 (bayes)
2026-09-22 18:53:05,702 INFO: Plan 1: ḡ=60.8, γE[v]=17.8, Q=78.6 (bayes)
2026-09-22 18:53:05,702 INFO: Plan 2: ḡ=33.5, γE[v]=31.4, Q=64.9 (bayes)
2026-09-22 18:53:06,119 INFO: Plan 2: ḡ=1, γE[v]=0.0, Q=1.0 (fn)
2026-09-22 18:53:06,119 INFO: Plan 0: ḡ=0.3, γE[v]=0.0, Q=0.3 (bayes)
2026-09-22 18:53:06,119 INFO: Plan 1: ḡ=0.3, γE[v]=0.0, Q=0.3 (bayes)
2026-09-22 18:53:06,119 INFO: Plan 2: ḡ=0.3, γE[v]=0.0, Q=0.3 (bayes)
2026-09-22 18:53:10,500 INFO: Plan 1: ḡ=0, γE[v]=0.0, Q=0.0 (fn)
2026-09-22 18:53:10,615 INFO: Plan 0: ḡ=0, γE[v]=0.0, Q=0.0 (fn)
2026-09-22 18:53:11,340 INFO: Plan 2: ḡ=0, γE[v]=0.0, Q=0.0 (fn)
2026-09-22 18:53:11,340 INFO: Plan 0: ḡ=0.0, γE[v]=0.0, Q=0.0 (bayes)
2026-09-22 18:53:11,340 INFO: Plan 1: ḡ=0.0, γE[v]=0.0, Q=0.0 (bayes)
2026-09-22 18:53:11,340 INFO: Plan 2: ḡ=0.0, γE[v]=0.0, Q=0.0 (bayes)
2026-09-22 18:53:11,525 INFO: Plan 1: ḡ=43, γE[v]=0.5, Q=43.5 (fn)
2026-09-22 18:53:11,859 INFO: Plan 2: ḡ=29, γE[v]=0.0, Q=29.0 (fn)
2026-09-22 18:53:12,047 INFO: Plan 0: ḡ=27, γE[v]=0.0, Q=27.0 (fn)
2026-09-22 18:53:12,048 INFO: Plan 0: ḡ=13.5, γE[v]=11.0, Q=24.5 (bayes)
2026-09-22 18:53:12,048 INFO: Plan 1: ḡ=21.5, γE[v]=7.0, Q=28.5 (bayes)
2026-09-22 18:53:12,048 INFO: Plan 2: ḡ=14.5, γE[v]=10.5, Q=25.0 (bayes)
2026-09-22 18:53:16,335 INFO: Plan 0: ḡ=0, γE[v]=0.0, Q=0.0 (fn)
2026-09-22 18:53:16,338 INFO: Plan 1: ḡ=0, γE[v]=0.0, Q=0.0 (fn)
2026-09-22 18:53:16,397 INFO: Plan 2: ḡ=0, γE[v]=0.0, Q=0.0 (fn)
2026-09-22 18:53:16,398 INFO: Plan 0: ḡ=0.0, γE[v]=0.0, Q=0.0 (bayes)
2026-09-22 18:53:16,398 INFO: Plan 1: ḡ=0.0, γE[v]=0.0, Q=0.0 (bayes)
2026-09-22 18:53:16,398 INFO: Plan 2: ḡ=0.0, γE[v]=0.0, Q=0.0 (bayes)
2026-09-22 18:53:20,754 INFO: Plan 1: ḡ=0, γE[v]=0.0, Q=0.0 (fn)
2026-09-22 18:53:20,989 INFO: Plan 2: ḡ=0, γE[v]=0.0, Q=0.0 (fn)
2026-09-22 18:53:21,281 INFO: Plan 0: ḡ=0, γE[v]=0.0, Q=0.0 (fn)
2026-09-22 18:53:21,281 INFO: Plan 0: ḡ=0.0, γE[v]=0.0, Q=0.0 (bayes)
2026-09-22 18:53:21,281 INFO: Plan 1: ḡ=0.0, γE[v]=0.0, Q=0.0 (bayes)
2026-09-22 18:53:21,281 INFO: Plan 2: ḡ=0.0, γE[v]=0.0, Q=0.0 (bayes)
2026-09-22 18:53:23,961 INFO: Plan 1: ḡ=24, γE[v]=0.0, Q=24.0 (fn)
2026-09-22 18:53:23,976 INFO: Plan 2: ḡ=27, γE[v]=0.0, Q=27.0 (fn)
2026-09-22 18:53:24,123 INFO: Plan 0: ḡ=27, γE[v]=0.0, Q=27.0 (fn)
2026-09-22 18:53:24,123 INFO: Plan 0: ḡ=13.5, γE[v]=0.2, Q=13.7 (bayes)
2026-09-22 18:53:24,123 INFO: Plan 1: ḡ=11.8, γE[v]=1.0, Q=12.8 (bayes)
2026-09-22 18:53:24,124 INFO: Plan 2: ḡ=13.5, γE[v]=0.2, Q=13.7 (bayes)
2026-09-22 18:53:26,266 INFO: Plan 1: ḡ=0, γE[v]=0.0, Q=0.0 (fn)
2026-09-22 18:53:26,297 INFO: Plan 0: ḡ=0, γE[v]=0.0, Q=0.0 (fn)
2026-09-22 18:53:26,557 INFO: Plan 2: ḡ=0, γE[v]=0.0, Q=0.0 (fn)
2026-09-22 18:53:26,558 INFO: Plan 0: ḡ=0.0, γE[v]=0.0, Q=0.0 (bayes)
2026-09-22 18:53:26,558 INFO: Plan 1: ḡ=0.0, γE[v]=0.0, Q=0.0 (bayes)
2026-09-22 18:53:26,558 INFO: Plan 2: ḡ=0.0, γE[v]=0.0, Q=0.0 (bayes)
  [78/93] werkzeug.local seed=42: {'random': 30, 'greedy': 30, 'cov_greedy': 52, 'covqvalue2': 53}
2026-09-22 18:53:29,863 INFO: Plan 1: ḡ=0, γE[v]=0.0, Q=0.0 (fn)
2026-09-22 18:53:29,987 INFO: Plan 0: ḡ=1, γE[v]=0.0, Q=1.0 (fn)
2026-09-22 18:53:30,119 INFO: Plan 2: ḡ=0, γE[v]=0.0, Q=0.0 (fn)
2026-09-22 18:53:30,120 INFO: Plan 0: ḡ=0.3, γE[v]=0.0, Q=0.3 (bayes)
2026-09-22 18:53:30,120 INFO: Plan 1: ḡ=0.0, γE[v]=0.2, Q=0.2 (bayes)
2026-09-22 18:53:30,120 INFO: Plan 2: ḡ=0.0, γE[v]=0.2, Q=0.2 (bayes)
2026-09-22 18:53:35,928 INFO: Plan 0: ḡ=0, γE[v]=0.0, Q=0.0 (fn)
2026-09-22 18:53:35,951 INFO: Plan 2: ḡ=0, γE[v]=0.0, Q=0.0 (fn)
2026-09-22 18:53:36,124 INFO: Plan 1: ḡ=0, γE[v]=0.0, Q=0.0 (fn)
2026-09-22 18:53:36,124 INFO: Plan 0: ḡ=0.0, γE[v]=0.0, Q=0.0 (bayes)
2026-09-22 18:53:36,124 INFO: Plan 1: ḡ=0.0, γE[v]=0.0, Q=0.0 (bayes)
2026-09-22 18:53:36,124 INFO: Plan 2: ḡ=0.0, γE[v]=0.0, Q=0.0 (bayes)
2026-09-22 18:53:36,957 INFO: Plan 0: ḡ=77, γE[v]=38.0, Q=115.0 (fn)
2026-09-22 18:53:37,028 INFO: Plan 1: ḡ=63, γE[v]=39.0, Q=102.0 (fn)
2026-09-22 18:53:37,209 INFO: Plan 2: ḡ=104, γE[v]=19.5, Q=123.5 (fn)
2026-09-22 18:53:37,209 INFO: Plan 0: ḡ=38.5, γE[v]=23.2, Q=61.7 (bayes)
2026-09-22 18:53:37,209 INFO: Plan 1: ḡ=31.5, γE[v]=26.8, Q=58.2 (bayes)
2026-09-22 18:53:37,209 INFO: Plan 2: ḡ=52.0, γE[v]=15.6, Q=67.6 (bayes)
2026-09-22 18:53:42,401 INFO: Plan 1: ḡ=0, γE[v]=0.0, Q=0.0 (fn)
2026-09-22 18:53:42,619 INFO: Plan 2: ḡ=0, γE[v]=0.0, Q=0.0 (fn)
2026-09-22 18:53:42,770 INFO: Plan 0: ḡ=0, γE[v]=0.0, Q=0.0 (fn)
2026-09-22 18:53:42,770 INFO: Plan 0: ḡ=0.0, γE[v]=0.0, Q=0.0 (bayes)
2026-09-22 18:53:42,771 INFO: Plan 1: ḡ=0.0, γE[v]=0.0, Q=0.0 (bayes)
2026-09-22 18:53:42,771 INFO: Plan 2: ḡ=0.0, γE[v]=0.0, Q=0.0 (bayes)
2026-09-22 18:53:43,913 INFO: Plan 1: ḡ=8, γE[v]=9.0, Q=17.0 (fn)
2026-09-22 18:53:44,144 INFO: Plan 2: ḡ=27, γE[v]=0.0, Q=27.0 (fn)
2026-09-22 18:53:47,178 INFO: Plan 0: ḡ=31, γE[v]=0.0, Q=31.0 (fn)
2026-09-22 18:53:47,178 INFO: Plan 0: ḡ=13.7, γE[v]=4.7, Q=18.3 (bayes)
2026-09-22 18:53:47,178 INFO: Plan 1: ḡ=2.7, γE[v]=10.7, Q=13.4 (bayes)
2026-09-22 18:53:47,178 INFO: Plan 2: ḡ=9.0, γE[v]=7.0, Q=16.0 (bayes)
2026-09-22 18:53:49,815 INFO: Plan 1: ḡ=0, γE[v]=0.0, Q=0.0 (fn)
2026-09-22 18:53:49,892 INFO: Plan 0: ḡ=0, γE[v]=0.0, Q=0.0 (fn)
2026-09-22 18:53:50,004 INFO: Plan 2: ḡ=0, γE[v]=0.0, Q=0.0 (fn)
2026-09-22 18:53:50,005 INFO: Plan 0: ḡ=0.0, γE[v]=0.0, Q=0.0 (bayes)
2026-09-22 18:53:50,005 INFO: Plan 1: ḡ=0.0, γE[v]=0.0, Q=0.0 (bayes)
2026-09-22 18:53:50,005 INFO: Plan 2: ḡ=0.0, γE[v]=0.0, Q=0.0 (bayes)
  [79/93] werkzeug.utils seed=42: {'random': 14, 'greedy': 11, 'cov_greedy': 68, 'covqvalue2': 80}
2026-09-22 18:53:54,317 INFO: Plan 1: ḡ=18, γE[v]=0.0, Q=18.0 (fn)
2026-09-22 18:53:54,951 INFO: Plan 0: ḡ=1, γE[v]=0.0, Q=1.0 (fn)
2026-09-22 18:53:55,104 INFO: Plan 2: ḡ=7, γE[v]=0.0, Q=7.0 (fn)
2026-09-22 18:53:55,105 INFO: Plan 0: ḡ=0.3, γE[v]=4.2, Q=4.5 (bayes)
2026-09-22 18:53:55,105 INFO: Plan 1: ḡ=6.0, γE[v]=1.3, Q=7.3 (bayes)
2026-09-22 18:53:55,105 INFO: Plan 2: ḡ=2.3, γE[v]=3.2, Q=5.5 (bayes)
2026-09-22 18:54:03,663 INFO: Plan 2: ḡ=1, γE[v]=0.0, Q=1.0 (fn)
2026-09-22 18:54:03,834 INFO: Plan 0: ḡ=1, γE[v]=0.0, Q=1.0 (fn)
2026-09-22 18:54:06,729 INFO: Plan 1: ḡ=7, γE[v]=0.0, Q=7.0 (fn)
2026-09-22 18:54:06,730 INFO: Plan 0: ḡ=0.3, γE[v]=1.2, Q=1.5 (bayes)
2026-09-22 18:54:06,730 INFO: Plan 1: ḡ=2.3, γE[v]=0.2, Q=2.5 (bayes)
2026-09-22 18:54:06,730 INFO: Plan 2: ḡ=0.3, γE[v]=1.2, Q=1.5 (bayes)
2026-09-22 18:54:07,510 INFO: Plan 0: ḡ=40, γE[v]=26.5, Q=66.5 (fn)
2026-09-22 18:54:07,679 INFO: Plan 2: ḡ=66, γE[v]=20.0, Q=86.0 (fn)
2026-09-22 18:54:07,749 INFO: Plan 1: ḡ=39, γE[v]=8.0, Q=47.0 (fn)
2026-09-22 18:54:07,749 INFO: Plan 0: ḡ=20.0, γE[v]=83.2, Q=103.2 (bayes)
2026-09-22 18:54:07,749 INFO: Plan 1: ḡ=19.5, γE[v]=82.6, Q=102.1 (bayes)
2026-09-22 18:54:07,750 INFO: Plan 2: ḡ=33.0, γE[v]=76.4, Q=109.4 (bayes)
2026-09-22 18:54:12,903 INFO: Plan 0: ḡ=41, γE[v]=26.5, Q=67.5 (fn)
2026-09-22 18:54:13,128 INFO: Plan 2: ḡ=65, γE[v]=7.0, Q=72.0 (fn)
2026-09-22 18:54:13,150 INFO: Plan 0: ḡ=1, γE[v]=0.0, Q=1.0 (fn)
2026-09-22 18:54:13,392 INFO: Plan 1: ḡ=1, γE[v]=0.0, Q=1.0 (fn)
2026-09-22 18:54:13,932 INFO: Plan 1: ḡ=42, γE[v]=7.0, Q=49.0 (fn)
2026-09-22 18:54:13,932 INFO: Plan 0: ḡ=20.5, γE[v]=66.5, Q=87.0 (bayes)
2026-09-22 18:54:13,932 INFO: Plan 1: ḡ=16.2, γE[v]=67.8, Q=84.0 (bayes)
2026-09-22 18:54:13,932 INFO: Plan 2: ḡ=25.0, γE[v]=63.4, Q=88.4 (bayes)
2026-09-22 18:54:18,382 INFO: Plan 2: ḡ=1, γE[v]=0.0, Q=1.0 (fn)
2026-09-22 18:54:18,382 INFO: Plan 0: ḡ=0.3, γE[v]=0.0, Q=0.3 (bayes)
2026-09-22 18:54:18,382 INFO: Plan 1: ḡ=0.3, γE[v]=0.0, Q=0.3 (bayes)
2026-09-22 18:54:18,382 INFO: Plan 2: ḡ=0.3, γE[v]=0.0, Q=0.3 (bayes)
2026-09-22 18:54:18,959 INFO: Plan 2: ḡ=199, γE[v]=62.0, Q=261.0 (fn)
2026-09-22 18:54:19,390 INFO: Plan 0: ḡ=77, γE[v]=26.0, Q=103.0 (fn)
2026-09-22 18:54:19,941 INFO: Plan 1: ḡ=290, γE[v]=15.0, Q=305.0 (fn)
2026-09-22 18:54:19,942 INFO: Plan 0: ḡ=38.5, γE[v]=130.7, Q=169.2 (bayes)
2026-09-22 18:54:19,942 INFO: Plan 1: ḡ=145.0, γE[v]=76.9, Q=221.9 (bayes)
2026-09-22 18:54:19,942 INFO: Plan 2: ḡ=99.5, γE[v]=101.8, Q=201.3 (bayes)
2026-09-22 18:54:20,401 INFO: Plan 2: ḡ=19, γE[v]=0.0, Q=19.0 (fn)
2026-09-22 18:54:20,857 INFO: Plan 0: ḡ=41, γE[v]=25.0, Q=66.0 (fn)
2026-09-22 18:54:20,942 INFO: Plan 1: ḡ=117, γE[v]=4.5, Q=121.5 (fn)
2026-09-22 18:54:22,002 INFO: Plan 1: ḡ=14, γE[v]=0.0, Q=14.0 (fn)
2026-09-22 18:54:22,004 INFO: Plan 0: ḡ=20.5, γE[v]=54.5, Q=75.0 (bayes)
2026-09-22 18:54:22,004 INFO: Plan 1: ḡ=7.0, γE[v]=60.2, Q=67.2 (bayes)
2026-09-22 18:54:22,004 INFO: Plan 2: ḡ=6.0, γE[v]=60.7, Q=66.7 (bayes)
2026-09-22 18:54:23,602 INFO: Plan 0: ḡ=52, γE[v]=14.0, Q=66.0 (fn)
2026-09-22 18:54:24,589 INFO: Plan 2: ḡ=363, γE[v]=23.0, Q=386.0 (fn)
2026-09-22 18:54:24,589 INFO: Plan 0: ḡ=26.0, γE[v]=109.1, Q=135.1 (bayes)
2026-09-22 18:54:24,590 INFO: Plan 1: ḡ=58.5, γE[v]=92.5, Q=150.9 (bayes)
2026-09-22 18:54:24,590 INFO: Plan 2: ḡ=181.5, γE[v]=31.8, Q=213.3 (bayes)
2026-09-22 18:54:25,363 INFO: Plan 2: ḡ=115, γE[v]=0.0, Q=115.0 (fn)
2026-09-22 18:54:25,390 INFO: Plan 0: ḡ=21, γE[v]=0.0, Q=21.0 (fn)
2026-09-22 18:54:25,485 INFO: Plan 1: ḡ=73, γE[v]=3.0, Q=76.0 (fn)
2026-09-22 18:54:25,486 INFO: Plan 0: ḡ=11.3, γE[v]=80.0, Q=91.3 (bayes)
2026-09-22 18:54:25,486 INFO: Plan 1: ḡ=33.3, γE[v]=69.1, Q=102.5 (bayes)
2026-09-22 18:54:25,486 INFO: Plan 2: ḡ=55.7, γE[v]=57.8, Q=113.5 (bayes)
2026-09-22 18:54:25,603 INFO: Plan 0: ḡ=0, γE[v]=0.0, Q=0.0 (fn)
2026-09-22 18:54:25,610 INFO: Plan 2: ḡ=0, γE[v]=0.0, Q=0.0 (fn)
2026-09-22 18:54:26,746 INFO: Plan 0: ḡ=6, γE[v]=0.0, Q=6.0 (fn)
2026-09-22 18:54:26,981 INFO: Plan 2: ḡ=15, γE[v]=26.0, Q=41.0 (fn)
2026-09-22 18:54:27,089 INFO: Plan 1: ḡ=13, γE[v]=3.0, Q=16.0 (fn)
2026-09-22 18:54:27,090 INFO: Plan 0: ḡ=2.0, γE[v]=43.1, Q=45.1 (bayes)
2026-09-22 18:54:27,090 INFO: Plan 1: ḡ=5.4, γE[v]=41.5, Q=46.9 (bayes)
2026-09-22 18:54:27,090 INFO: Plan 2: ḡ=5.2, γE[v]=42.6, Q=47.9 (bayes)
2026-09-22 18:54:28,105 INFO: Plan 1: ḡ=0, γE[v]=0.0, Q=0.0 (fn)
2026-09-22 18:54:28,105 INFO: Plan 0: ḡ=0.0, γE[v]=0.0, Q=0.0 (bayes)
2026-09-22 18:54:28,105 INFO: Plan 1: ḡ=0.0, γE[v]=0.0, Q=0.0 (bayes)
2026-09-22 18:54:28,105 INFO: Plan 2: ḡ=0.0, γE[v]=0.0, Q=0.0 (bayes)
2026-09-22 18:54:30,327 INFO: Plan 0: ḡ=26, γE[v]=0.0, Q=26.0 (fn)
2026-09-22 18:54:30,348 INFO: Plan 1: ḡ=52, γE[v]=4.5, Q=56.5 (fn)
2026-09-22 18:54:30,689 INFO: Plan 1: ḡ=145, γE[v]=5.5, Q=150.5 (fn)
2026-09-22 18:54:30,862 INFO: Plan 2: ḡ=147, γE[v]=4.5, Q=151.5 (fn)
2026-09-22 18:54:31,507 INFO: Plan 0: ḡ=74, γE[v]=9.0, Q=83.0 (fn)
2026-09-22 18:54:31,507 INFO: Plan 0: ḡ=34.3, γE[v]=16.3, Q=50.7 (bayes)
2026-09-22 18:54:31,507 INFO: Plan 1: ḡ=58.7, γE[v]=4.0, Q=62.7 (bayes)
2026-09-22 18:54:31,507 INFO: Plan 2: ḡ=59.7, γE[v]=3.5, Q=63.1 (bayes)
2026-09-22 18:54:31,549 INFO: Plan 2: ḡ=109, γE[v]=0.0, Q=109.0 (fn)
2026-09-22 18:54:31,550 INFO: Plan 0: ḡ=13.8, γE[v]=61.7, Q=75.5 (bayes)
2026-09-22 18:54:31,550 INFO: Plan 1: ḡ=24.7, γE[v]=56.5, Q=81.1 (bayes)
2026-09-22 18:54:31,550 INFO: Plan 2: ḡ=36.5, γE[v]=50.3, Q=86.8 (bayes)
2026-09-22 18:54:32,798 INFO: Plan 0: ḡ=6, γE[v]=0.0, Q=6.0 (fn)
2026-09-22 18:54:32,845 INFO: Plan 2: ḡ=27, γE[v]=0.0, Q=27.0 (fn)
2026-09-22 18:54:33,302 INFO: Plan 1: ḡ=15, γE[v]=1.0, Q=16.0 (fn)
2026-09-22 18:54:33,303 INFO: Plan 0: ḡ=2.0, γE[v]=36.1, Q=38.1 (bayes)
2026-09-22 18:54:33,303 INFO: Plan 1: ḡ=6.9, γE[v]=33.7, Q=40.6 (bayes)
2026-09-22 18:54:33,303 INFO: Plan 2: ḡ=10.0, γE[v]=32.1, Q=42.1 (bayes)
2026-09-22 18:54:34,306 INFO: Plan 2: ḡ=0, γE[v]=0.0, Q=0.0 (fn)
2026-09-22 18:54:34,562 INFO: Plan 0: ḡ=0, γE[v]=0.0, Q=0.0 (fn)
2026-09-22 18:54:34,689 INFO: Plan 1: ḡ=0, γE[v]=0.0, Q=0.0 (fn)
2026-09-22 18:54:34,690 INFO: Plan 0: ḡ=0.0, γE[v]=0.0, Q=0.0 (bayes)
2026-09-22 18:54:34,690 INFO: Plan 1: ḡ=0.0, γE[v]=0.0, Q=0.0 (bayes)
2026-09-22 18:54:34,690 INFO: Plan 2: ḡ=0.0, γE[v]=0.0, Q=0.0 (bayes)
2026-09-22 18:54:36,778 INFO: Plan 2: ḡ=4, γE[v]=0.0, Q=4.0 (fn)
2026-09-22 18:54:36,840 INFO: Plan 1: ḡ=10, γE[v]=0.0, Q=10.0 (fn)
2026-09-22 18:54:37,112 INFO: Plan 0: ḡ=7, γE[v]=0.0, Q=7.0 (fn)
2026-09-22 18:54:37,112 INFO: Plan 0: ḡ=2.8, γE[v]=1.7, Q=4.5 (bayes)
2026-09-22 18:54:37,112 INFO: Plan 1: ḡ=3.3, γE[v]=1.4, Q=4.8 (bayes)
2026-09-22 18:54:37,112 INFO: Plan 2: ḡ=1.3, γE[v]=2.4, Q=3.8 (bayes)
2026-09-22 18:54:38,355 INFO: Plan 0: ḡ=36, γE[v]=0.0, Q=36.0 (fn)
2026-09-22 18:54:38,391 INFO: Plan 1: ḡ=48, γE[v]=4.0, Q=52.0 (fn)
2026-09-22 18:54:38,624 INFO: Plan 2: ḡ=56, γE[v]=37.0, Q=93.0 (fn)
2026-09-22 18:54:38,625 INFO: Plan 0: ḡ=19.3, γE[v]=40.2, Q=59.5 (bayes)
2026-09-22 18:54:38,625 INFO: Plan 1: ḡ=23.5, γE[v]=38.3, Q=61.8 (bayes)
2026-09-22 18:54:38,625 INFO: Plan 2: ḡ=28.0, γE[v]=37.5, Q=65.5 (bayes)
2026-09-22 18:54:40,404 INFO: Plan 0: ḡ=6, γE[v]=0.0, Q=6.0 (fn)
2026-09-22 18:54:40,573 INFO: Plan 1: ḡ=14, γE[v]=0.0, Q=14.0 (fn)
2026-09-22 18:54:41,068 INFO: Plan 2: ḡ=35, γE[v]=18.0, Q=53.0 (fn)
2026-09-22 18:54:41,068 INFO: Plan 0: ḡ=2.0, γE[v]=31.8, Q=33.8 (bayes)
2026-09-22 18:54:41,068 INFO: Plan 1: ḡ=7.0, γE[v]=29.3, Q=36.3 (bayes)
2026-09-22 18:54:41,068 INFO: Plan 2: ḡ=13.1, γE[v]=27.4, Q=40.5 (bayes)
2026-09-22 18:54:42,332 INFO: Plan 1: ḡ=4, γE[v]=0.0, Q=4.0 (fn)
2026-09-22 18:54:42,872 INFO: Plan 0: ḡ=3, γE[v]=0.0, Q=3.0 (fn)
2026-09-22 18:54:43,055 INFO: Plan 2: ḡ=7, γE[v]=0.0, Q=7.0 (fn)
2026-09-22 18:54:43,056 INFO: Plan 0: ḡ=1.5, γE[v]=0.7, Q=2.2 (bayes)
2026-09-22 18:54:43,056 INFO: Plan 1: ḡ=1.3, γE[v]=0.8, Q=2.1 (bayes)
2026-09-22 18:54:43,056 INFO: Plan 2: ḡ=2.8, γE[v]=0.0, Q=2.8 (bayes)
2026-09-22 18:54:43,449 INFO: Plan 2: ḡ=52, γE[v]=0.0, Q=52.0 (fn)
2026-09-22 18:54:43,679 INFO: Plan 1: ḡ=42, γE[v]=0.0, Q=42.0 (fn)
2026-09-22 18:54:43,802 INFO: Plan 0: ḡ=36, γE[v]=0.0, Q=36.0 (fn)
2026-09-22 18:54:43,803 INFO: Plan 0: ḡ=17.2, γE[v]=20.9, Q=38.1 (bayes)
2026-09-22 18:54:43,803 INFO: Plan 1: ḡ=14.0, γE[v]=22.5, Q=36.5 (bayes)
2026-09-22 18:54:43,803 INFO: Plan 2: ḡ=20.2, γE[v]=19.4, Q=39.6 (bayes)
2026-09-22 18:54:44,106 INFO: Plan 2: ḡ=0, γE[v]=0.0, Q=0.0 (fn)
2026-09-22 18:54:44,240 INFO: Plan 0: ḡ=0, γE[v]=0.0, Q=0.0 (fn)
2026-09-22 18:54:45,539 INFO: Plan 1: ḡ=15, γE[v]=2.0, Q=17.0 (fn)
2026-09-22 18:54:45,747 INFO: Plan 2: ḡ=28, γE[v]=0.0, Q=28.0 (fn)
2026-09-22 18:54:45,776 INFO: Plan 0: ḡ=6, γE[v]=0.0, Q=6.0 (fn)
2026-09-22 18:54:45,777 INFO: Plan 0: ḡ=2.0, γE[v]=23.1, Q=25.1 (bayes)
2026-09-22 18:54:45,777 INFO: Plan 1: ḡ=7.5, γE[v]=20.5, Q=28.0 (bayes)
2026-09-22 18:54:45,777 INFO: Plan 2: ḡ=9.0, γE[v]=19.6, Q=28.6 (bayes)
2026-09-22 18:54:46,632 INFO: Plan 1: ḡ=0, γE[v]=0.0, Q=0.0 (fn)
2026-09-22 18:54:46,633 INFO: Plan 0: ḡ=0.0, γE[v]=0.0, Q=0.0 (bayes)
2026-09-22 18:54:46,633 INFO: Plan 1: ḡ=0.0, γE[v]=0.0, Q=0.0 (bayes)
2026-09-22 18:54:46,633 INFO: Plan 2: ḡ=0.0, γE[v]=0.0, Q=0.0 (bayes)
2026-09-22 18:54:47,702 INFO: Plan 0: ḡ=1, γE[v]=0.0, Q=1.0 (fn)
2026-09-22 18:54:47,920 INFO: Plan 2: ḡ=4, γE[v]=0.0, Q=4.0 (fn)
2026-09-22 18:54:48,237 INFO: Plan 1: ḡ=3, γE[v]=0.0, Q=3.0 (fn)
2026-09-22 18:54:48,238 INFO: Plan 0: ḡ=0.2, γE[v]=0.4, Q=0.6 (bayes)
2026-09-22 18:54:48,238 INFO: Plan 1: ḡ=0.8, γE[v]=0.1, Q=0.9 (bayes)
2026-09-22 18:54:48,238 INFO: Plan 2: ḡ=1.0, γE[v]=0.0, Q=1.0 (bayes)
  [80/93] werkzeug.wrappers.request seed=42: {'random': 45, 'greedy': 47, 'cov_greedy': 72, 'covqvalue2': 72}
2026-09-22 18:54:49,693 INFO: Plan 2: ḡ=21, γE[v]=0.0, Q=21.0 (fn)
2026-09-22 18:54:49,784 INFO: Plan 1: ḡ=56, γE[v]=0.0, Q=56.0 (fn)
2026-09-22 18:54:49,906 INFO: Plan 2: ḡ=19, γE[v]=0.0, Q=19.0 (fn)
2026-09-22 18:54:50,011 INFO: Plan 0: ḡ=6, γE[v]=0.0, Q=6.0 (fn)
2026-09-22 18:54:50,212 INFO: Plan 0: ḡ=22, γE[v]=0.5, Q=22.5 (fn)
2026-09-22 18:54:50,213 INFO: Plan 0: ḡ=12.3, γE[v]=13.3, Q=25.6 (bayes)
2026-09-22 18:54:50,213 INFO: Plan 1: ḡ=18.7, γE[v]=10.1, Q=28.8 (bayes)
2026-09-22 18:54:50,213 INFO: Plan 2: ḡ=7.0, γE[v]=15.9, Q=22.9 (bayes)
2026-09-22 18:54:50,377 INFO: Plan 1: ḡ=32, γE[v]=2.5, Q=34.5 (fn)
2026-09-22 18:54:50,378 INFO: Plan 0: ḡ=2.0, γE[v]=18.5, Q=20.5 (bayes)
2026-09-22 18:54:50,378 INFO: Plan 1: ḡ=15.8, γE[v]=11.7, Q=27.5 (bayes)
2026-09-22 18:54:50,378 INFO: Plan 2: ḡ=5.5, γE[v]=16.8, Q=22.2 (bayes)
  [81/93] starlette.datastructures seed=42: {'random': 34, 'greedy': 34, 'cov_greedy': 70, 'covqvalue2': 167}
2026-09-22 18:54:53,792 INFO: Plan 1: ḡ=15, γE[v]=3.5, Q=18.5 (fn)
2026-09-22 18:54:54,159 INFO: Plan 1: ḡ=0, γE[v]=0.0, Q=0.0 (fn)
2026-09-22 18:54:54,199 INFO: Plan 2: ḡ=0, γE[v]=0.0, Q=0.0 (fn)
2026-09-22 18:54:54,430 INFO: Plan 0: ḡ=0, γE[v]=0.0, Q=0.0 (fn)
2026-09-22 18:54:54,431 INFO: Plan 0: ḡ=0.0, γE[v]=0.0, Q=0.0 (bayes)
2026-09-22 18:54:54,431 INFO: Plan 1: ḡ=0.0, γE[v]=0.0, Q=0.0 (bayes)
2026-09-22 18:54:54,431 INFO: Plan 2: ḡ=0.0, γE[v]=0.0, Q=0.0 (bayes)
2026-09-22 18:54:54,573 INFO: Plan 2: ḡ=16, γE[v]=0.0, Q=16.0 (fn)
2026-09-22 18:54:54,823 INFO: Plan 1: ḡ=29, γE[v]=0.0, Q=29.0 (fn)
2026-09-22 18:54:56,426 INFO: Plan 2: ḡ=59, γE[v]=34.5, Q=93.5 (fn)
2026-09-22 18:54:57,132 INFO: Plan 0: ḡ=69, γE[v]=37.0, Q=106.0 (fn)
2026-09-22 18:54:57,132 INFO: Plan 0: ḡ=34.5, γE[v]=42.7, Q=77.2 (bayes)
2026-09-22 18:54:57,133 INFO: Plan 1: ḡ=7.5, γE[v]=54.7, Q=62.2 (bayes)
2026-09-22 18:54:57,133 INFO: Plan 2: ḡ=29.5, γE[v]=45.1, Q=74.5 (bayes)
2026-09-22 18:54:57,204 INFO: Plan 0: ḡ=11, γE[v]=0.0, Q=11.0 (fn)
2026-09-22 18:54:57,204 INFO: Plan 0: ḡ=6.8, γE[v]=8.0, Q=14.9 (bayes)
2026-09-22 18:54:57,204 INFO: Plan 1: ḡ=10.8, γE[v]=6.1, Q=16.8 (bayes)
2026-09-22 18:54:57,204 INFO: Plan 2: ḡ=5.3, γE[v]=8.8, Q=14.1 (bayes)
2026-09-22 18:55:01,738 INFO: Plan 2: ḡ=0, γE[v]=0.0, Q=0.0 (fn)
2026-09-22 18:55:01,865 INFO: Plan 0: ḡ=10, γE[v]=0.0, Q=10.0 (fn)
2026-09-22 18:55:01,900 INFO: Plan 1: ḡ=3, γE[v]=0.0, Q=3.0 (fn)
2026-09-22 18:55:01,955 INFO: Plan 2: ḡ=16, γE[v]=0.0, Q=16.0 (fn)
2026-09-22 18:55:01,955 INFO: Plan 0: ḡ=6.3, γE[v]=2.9, Q=9.2 (bayes)
2026-09-22 18:55:01,955 INFO: Plan 1: ḡ=1.5, γE[v]=5.3, Q=6.8 (bayes)
2026-09-22 18:55:01,955 INFO: Plan 2: ḡ=5.3, γE[v]=3.4, Q=8.8 (bayes)
2026-09-22 18:55:01,976 INFO: Plan 0: ḡ=0, γE[v]=0.0, Q=0.0 (fn)
2026-09-22 18:55:02,026 INFO: Plan 1: ḡ=0, γE[v]=0.0, Q=0.0 (fn)
2026-09-22 18:55:02,027 INFO: Plan 0: ḡ=0.0, γE[v]=0.0, Q=0.0 (bayes)
2026-09-22 18:55:02,027 INFO: Plan 1: ḡ=0.0, γE[v]=0.0, Q=0.0 (bayes)
2026-09-22 18:55:02,027 INFO: Plan 2: ḡ=0.0, γE[v]=0.0, Q=0.0 (bayes)
2026-09-22 18:55:03,535 INFO: Plan 1: ḡ=24, γE[v]=22.5, Q=46.5 (fn)
2026-09-22 18:55:03,637 INFO: Plan 2: ḡ=63, γE[v]=32.5, Q=95.5 (fn)
  [82/93] starlette.routing seed=42: {'random': 34, 'greedy': 40, 'cov_greedy': 83, 'covqvalue2': 106}
2026-09-22 18:55:04,112 INFO: Plan 0: ḡ=49, γE[v]=37.0, Q=86.0 (fn)
2026-09-22 18:55:04,113 INFO: Plan 0: ḡ=19.3, γE[v]=32.6, Q=51.9 (bayes)
2026-09-22 18:55:04,113 INFO: Plan 1: ḡ=12.0, γE[v]=35.0, Q=47.0 (bayes)
2026-09-22 18:55:04,113 INFO: Plan 2: ḡ=29.3, γE[v]=27.3, Q=56.6 (bayes)
2026-09-22 18:55:09,443 INFO: Plan 0: ḡ=0, γE[v]=0.0, Q=0.0 (fn)
2026-09-22 18:55:09,553 INFO: Plan 2: ḡ=0, γE[v]=0.0, Q=0.0 (fn)
2026-09-22 18:55:10,744 INFO: Plan 2: ḡ=76, γE[v]=1.0, Q=77.0 (fn)
2026-09-22 18:55:11,078 INFO: Plan 0: ḡ=51, γE[v]=36.0, Q=87.0 (fn)
2026-09-22 18:55:11,276 INFO: Plan 1: ḡ=0, γE[v]=0.0, Q=0.0 (fn)
2026-09-22 18:55:11,276 INFO: Plan 0: ḡ=0.0, γE[v]=0.0, Q=0.0 (bayes)
2026-09-22 18:55:11,276 INFO: Plan 1: ḡ=0.0, γE[v]=0.0, Q=0.0 (bayes)
2026-09-22 18:55:11,277 INFO: Plan 2: ḡ=0.0, γE[v]=0.0, Q=0.0 (bayes)
2026-09-22 18:55:13,222 INFO: Plan 1: ḡ=19, γE[v]=0.0, Q=19.0 (fn)
2026-09-22 18:55:13,223 INFO: Plan 0: ḡ=19.5, γE[v]=16.9, Q=36.4 (bayes)
2026-09-22 18:55:13,223 INFO: Plan 1: ḡ=9.5, γE[v]=19.5, Q=29.0 (bayes)
2026-09-22 18:55:13,223 INFO: Plan 2: ḡ=19.0, γE[v]=14.8, Q=33.8 (bayes)
  [83/93] starlette.testclient seed=42: {'random': 42, 'greedy': 42, 'cov_greedy': 55, 'covqvalue2': 71}
2026-09-22 18:55:19,177 INFO: Plan 0: ḡ=12, γE[v]=5.0, Q=17.0 (fn)
2026-09-22 18:55:20,660 INFO: Plan 2: ḡ=8, γE[v]=0.0, Q=8.0 (fn)
2026-09-22 18:55:24,597 INFO: Plan 1: ḡ=12, γE[v]=3.5, Q=15.5 (fn)
2026-09-22 18:55:24,597 INFO: Plan 0: ḡ=6.0, γE[v]=3.5, Q=9.5 (bayes)
2026-09-22 18:55:24,597 INFO: Plan 1: ḡ=6.0, γE[v]=3.5, Q=9.5 (bayes)
2026-09-22 18:55:24,597 INFO: Plan 2: ḡ=1.6, γE[v]=5.5, Q=7.1 (bayes)
2026-09-22 18:55:31,295 INFO: Plan 2: ḡ=2, γE[v]=0.0, Q=2.0 (fn)
2026-09-22 18:55:31,515 INFO: Plan 0: ḡ=10, γE[v]=0.0, Q=10.0 (fn)
2026-09-22 18:55:33,808 INFO: Plan 1: ḡ=11, γE[v]=0.0, Q=11.0 (fn)
2026-09-22 18:55:33,809 INFO: Plan 0: ḡ=3.3, γE[v]=0.8, Q=4.1 (bayes)
2026-09-22 18:55:33,809 INFO: Plan 1: ḡ=2.9, γE[v]=1.0, Q=3.9 (bayes)
2026-09-22 18:55:33,809 INFO: Plan 2: ḡ=0.4, γE[v]=2.3, Q=2.7 (bayes)
2026-09-22 18:55:40,169 INFO: Plan 2: ḡ=0, γE[v]=0.0, Q=0.0 (fn)
2026-09-22 18:55:40,377 INFO: Plan 1: ḡ=2, γE[v]=0.0, Q=2.0 (fn)
2026-09-22 18:55:40,775 INFO: Plan 0: ḡ=6, γE[v]=0.0, Q=6.0 (fn)
2026-09-22 18:55:40,776 INFO: Plan 0: ḡ=1.2, γE[v]=0.2, Q=1.4 (bayes)
2026-09-22 18:55:40,776 INFO: Plan 1: ḡ=0.4, γE[v]=0.6, Q=1.0 (bayes)
2026-09-22 18:55:40,776 INFO: Plan 2: ḡ=0.0, γE[v]=0.8, Q=0.8 (bayes)
2026-09-22 18:55:45,685 INFO: Plan 0: ḡ=1, γE[v]=0.0, Q=1.0 (fn)
2026-09-22 18:55:45,795 INFO: Plan 2: ḡ=0, γE[v]=0.0, Q=0.0 (fn)
2026-09-22 18:55:46,095 INFO: Plan 1: ḡ=1, γE[v]=0.0, Q=1.0 (fn)
2026-09-22 18:55:46,096 INFO: Plan 0: ḡ=0.2, γE[v]=0.1, Q=0.3 (bayes)
2026-09-22 18:55:46,096 INFO: Plan 1: ḡ=0.2, γE[v]=0.1, Q=0.3 (bayes)
2026-09-22 18:55:46,096 INFO: Plan 2: ḡ=0.0, γE[v]=0.2, Q=0.2 (bayes)
2026-09-22 18:55:56,448 INFO: Plan 2: ḡ=0, γE[v]=0.0, Q=0.0 (fn)
2026-09-22 18:55:56,484 INFO: Plan 0: ḡ=1, γE[v]=0.0, Q=1.0 (fn)
2026-09-22 18:55:57,374 INFO: Plan 1: ḡ=0, γE[v]=0.0, Q=0.0 (fn)
2026-09-22 18:55:57,375 INFO: Plan 0: ḡ=0.2, γE[v]=0.0, Q=0.2 (bayes)
2026-09-22 18:55:57,375 INFO: Plan 1: ḡ=0.0, γE[v]=0.1, Q=0.1 (bayes)
2026-09-22 18:55:57,375 INFO: Plan 2: ḡ=0.0, γE[v]=0.1, Q=0.1 (bayes)
  [84/93] werkzeug.wsgi seed=42: {'random': 10, 'greedy': 12, 'cov_greedy': 37, 'covqvalue2': 66}
2026-09-22 18:57:05,626 INFO: Plan 1: ḡ=91, γE[v]=23.5, Q=114.5 (fn)
2026-09-22 18:57:05,795 INFO: Plan 2: ḡ=143, γE[v]=116.5, Q=259.5 (fn)
2026-09-22 18:57:08,100 INFO: Plan 0: ḡ=130, γE[v]=72.5, Q=202.5 (fn)
2026-09-22 18:57:08,100 INFO: Plan 0: ḡ=65.0, γE[v]=142.0, Q=207.0 (bayes)
2026-09-22 18:57:08,100 INFO: Plan 1: ḡ=45.5, γE[v]=149.6, Q=195.1 (bayes)
2026-09-22 18:57:08,101 INFO: Plan 2: ḡ=71.5, γE[v]=140.7, Q=212.2 (bayes)
2026-09-22 18:57:10,407 INFO: Plan 0: ḡ=79, γE[v]=5.5, Q=84.5 (fn)
2026-09-22 18:57:10,502 INFO: Plan 1: ḡ=102, γE[v]=0.0, Q=102.0 (fn)
2026-09-22 18:57:10,622 INFO: Plan 2: ḡ=143, γE[v]=0.0, Q=143.0 (fn)
2026-09-22 18:57:10,622 INFO: Plan 0: ḡ=39.5, γE[v]=32.2, Q=71.8 (bayes)
2026-09-22 18:57:10,622 INFO: Plan 1: ḡ=51.0, γE[v]=26.2, Q=77.2 (bayes)
2026-09-22 18:57:10,622 INFO: Plan 2: ḡ=71.5, γE[v]=16.0, Q=87.5 (bayes)
2026-09-22 18:57:58,865 INFO: Plan 0: ḡ=326, γE[v]=4.0, Q=330.0 (fn)
2026-09-22 18:57:58,912 INFO: Plan 1: ḡ=42, γE[v]=0.0, Q=42.0 (fn)
2026-09-22 18:58:01,364 INFO: Plan 2: ḡ=99, γE[v]=0.0, Q=99.0 (fn)
2026-09-22 18:58:01,365 INFO: Plan 0: ḡ=124.2, γE[v]=46.4, Q=170.6 (bayes)
2026-09-22 18:58:01,365 INFO: Plan 1: ḡ=21.0, γE[v]=97.8, Q=118.8 (bayes)
2026-09-22 18:58:01,365 INFO: Plan 2: ḡ=49.5, γE[v]=83.6, Q=133.1 (bayes)
2026-09-22 18:58:07,758 INFO: Plan 1: ḡ=97, γE[v]=0.0, Q=97.0 (fn)
2026-09-22 18:58:07,891 INFO: Plan 2: ḡ=80, γE[v]=0.0, Q=80.0 (fn)
2026-09-22 18:58:10,289 INFO: Plan 0: ḡ=93, γE[v]=3.0, Q=96.0 (fn)
2026-09-22 18:58:10,290 INFO: Plan 0: ḡ=46.7, γE[v]=22.4, Q=69.0 (bayes)
2026-09-22 18:58:10,290 INFO: Plan 1: ḡ=48.5, γE[v]=21.3, Q=69.8 (bayes)
2026-09-22 18:58:10,290 INFO: Plan 2: ḡ=40.0, γE[v]=25.6, Q=65.6 (bayes)
2026-09-22 18:58:16,770 INFO: Plan 1: ḡ=29, γE[v]=0.0, Q=29.0 (fn)
2026-09-22 18:58:16,782 INFO: Plan 0: ḡ=5, γE[v]=0.0, Q=5.0 (fn)
2026-09-22 18:58:17,164 INFO: Plan 1: ḡ=34, γE[v]=18.0, Q=52.0 (fn)
2026-09-22 18:58:17,202 INFO: Plan 0: ḡ=47, γE[v]=8.0, Q=55.0 (fn)
2026-09-22 18:58:17,206 INFO: Plan 2: ḡ=36, γE[v]=0.0, Q=36.0 (fn)
2026-09-22 18:58:17,206 INFO: Plan 0: ḡ=22.5, γE[v]=12.1, Q=34.6 (bayes)
2026-09-22 18:58:17,206 INFO: Plan 1: ḡ=16.0, γE[v]=15.8, Q=31.8 (bayes)
2026-09-22 18:58:17,206 INFO: Plan 2: ḡ=12.0, γE[v]=17.0, Q=29.0 (bayes)
2026-09-22 18:58:19,145 INFO: Plan 2: ḡ=75, γE[v]=0.0, Q=75.0 (fn)
2026-09-22 18:58:19,146 INFO: Plan 0: ḡ=2.7, γE[v]=20.0, Q=22.7 (bayes)
2026-09-22 18:58:19,146 INFO: Plan 1: ḡ=14.5, γE[v]=14.1, Q=28.6 (bayes)
2026-09-22 18:58:19,146 INFO: Plan 2: ḡ=37.5, γE[v]=2.6, Q=40.1 (bayes)
2026-09-22 18:58:21,729 INFO: Plan 2: ḡ=36, γE[v]=0.0, Q=36.0 (fn)
2026-09-22 18:58:21,920 INFO: Plan 0: ḡ=19, γE[v]=0.0, Q=19.0 (fn)
2026-09-22 18:58:21,969 INFO: Plan 1: ḡ=16, γE[v]=12.0, Q=28.0 (fn)
2026-09-22 18:58:21,970 INFO: Plan 0: ḡ=7.5, γE[v]=6.7, Q=14.2 (bayes)
2026-09-22 18:58:21,970 INFO: Plan 1: ḡ=5.3, γE[v]=8.5, Q=13.8 (bayes)
2026-09-22 18:58:21,970 INFO: Plan 2: ḡ=12.0, γE[v]=4.4, Q=16.4 (bayes)
2026-09-22 18:58:26,920 INFO: Plan 0: ḡ=19, γE[v]=0.0, Q=19.0 (fn)
2026-09-22 18:58:27,037 INFO: Plan 1: ḡ=23, γE[v]=0.0, Q=23.0 (fn)
2026-09-22 18:58:27,271 INFO: Plan 2: ḡ=12, γE[v]=0.0, Q=12.0 (fn)
2026-09-22 18:58:27,271 INFO: Plan 0: ḡ=7.5, γE[v]=0.7, Q=8.2 (bayes)
2026-09-22 18:58:27,271 INFO: Plan 1: ḡ=8.8, γE[v]=0.0, Q=8.8 (bayes)
2026-09-22 18:58:27,271 INFO: Plan 2: ḡ=5.2, γE[v]=1.8, Q=7.0 (bayes)
2026-09-22 18:58:31,166 INFO: Plan 0: ḡ=4, γE[v]=0.0, Q=4.0 (fn)
2026-09-22 18:58:31,228 INFO: Plan 2: ḡ=0, γE[v]=0.0, Q=0.0 (fn)
2026-09-22 18:58:31,272 INFO: Plan 1: ḡ=6, γE[v]=0.0, Q=6.0 (fn)
2026-09-22 18:58:31,272 INFO: Plan 0: ḡ=2.3, γE[v]=1.4, Q=3.8 (bayes)
2026-09-22 18:58:31,272 INFO: Plan 1: ḡ=2.8, γE[v]=1.2, Q=4.0 (bayes)
2026-09-22 18:58:31,272 INFO: Plan 2: ḡ=0.0, γE[v]=2.6, Q=2.6 (bayes)
2026-09-22 18:58:34,188 INFO: Plan 1: ḡ=0, γE[v]=0.0, Q=0.0 (fn)
2026-09-22 18:58:34,358 INFO: Plan 0: ḡ=0, γE[v]=0.0, Q=0.0 (fn)
2026-09-22 18:58:34,359 INFO: Plan 2: ḡ=0, γE[v]=0.0, Q=0.0 (fn)
2026-09-22 18:58:34,359 INFO: Plan 0: ḡ=0.0, γE[v]=0.0, Q=0.0 (bayes)
2026-09-22 18:58:34,359 INFO: Plan 1: ḡ=0.0, γE[v]=0.0, Q=0.0 (bayes)
2026-09-22 18:58:34,359 INFO: Plan 2: ḡ=0.0, γE[v]=0.0, Q=0.0 (bayes)
2026-09-22 18:58:39,840 INFO: Plan 0: ḡ=0, γE[v]=0.0, Q=0.0 (fn)
2026-09-22 18:58:40,124 INFO: Plan 1: ḡ=0, γE[v]=0.0, Q=0.0 (fn)
2026-09-22 18:58:40,289 INFO: Plan 2: ḡ=0, γE[v]=0.0, Q=0.0 (fn)
2026-09-22 18:58:40,289 INFO: Plan 0: ḡ=0.0, γE[v]=0.0, Q=0.0 (bayes)
2026-09-22 18:58:40,290 INFO: Plan 1: ḡ=0.0, γE[v]=0.0, Q=0.0 (bayes)
2026-09-22 18:58:40,290 INFO: Plan 2: ḡ=0.0, γE[v]=0.0, Q=0.0 (bayes)
2026-09-22 18:58:40,419 INFO: Plan 2: ḡ=1, γE[v]=0.0, Q=1.0 (fn)
2026-09-22 18:58:40,571 INFO: Plan 0: ḡ=3, γE[v]=0.0, Q=3.0 (fn)
2026-09-22 18:58:40,889 INFO: Plan 1: ḡ=2, γE[v]=0.0, Q=2.0 (fn)
2026-09-22 18:58:40,889 INFO: Plan 0: ḡ=2.0, γE[v]=0.3, Q=2.3 (bayes)
2026-09-22 18:58:40,889 INFO: Plan 1: ḡ=0.6, γE[v]=1.0, Q=1.6 (bayes)
2026-09-22 18:58:40,890 INFO: Plan 2: ḡ=0.2, γE[v]=1.2, Q=1.4 (bayes)
2026-09-22 18:58:46,037 INFO: Plan 2: ḡ=0, γE[v]=0.0, Q=0.0 (fn)
2026-09-22 18:58:46,079 INFO: Plan 1: ḡ=0, γE[v]=0.0, Q=0.0 (fn)
2026-09-22 18:58:46,113 INFO: Plan 0: ḡ=0, γE[v]=0.0, Q=0.0 (fn)
2026-09-22 18:58:46,114 INFO: Plan 0: ḡ=0.0, γE[v]=0.0, Q=0.0 (bayes)
2026-09-22 18:58:46,114 INFO: Plan 1: ḡ=0.0, γE[v]=0.0, Q=0.0 (bayes)
2026-09-22 18:58:46,114 INFO: Plan 2: ḡ=0.0, γE[v]=0.0, Q=0.0 (bayes)
2026-09-22 18:58:48,458 INFO: Plan 1: ḡ=1, γE[v]=0.0, Q=1.0 (fn)
2026-09-22 18:58:48,482 INFO: Plan 2: ḡ=1, γE[v]=0.0, Q=1.0 (fn)
2026-09-22 18:58:48,559 INFO: Plan 0: ḡ=3, γE[v]=0.0, Q=3.0 (fn)
2026-09-22 18:58:48,559 INFO: Plan 0: ḡ=2.2, γE[v]=0.3, Q=2.5 (bayes)
2026-09-22 18:58:48,560 INFO: Plan 1: ḡ=0.3, γE[v]=1.2, Q=1.6 (bayes)
2026-09-22 18:58:48,560 INFO: Plan 2: ḡ=0.2, γE[v]=1.3, Q=1.5 (bayes)
2026-09-22 18:58:51,324 INFO: Plan 1: ḡ=0, γE[v]=0.0, Q=0.0 (fn)
2026-09-22 18:58:51,416 INFO: Plan 0: ḡ=0, γE[v]=0.0, Q=0.0 (fn)
2026-09-22 18:58:51,532 INFO: Plan 2: ḡ=0, γE[v]=0.0, Q=0.0 (fn)
2026-09-22 18:58:51,533 INFO: Plan 0: ḡ=0.0, γE[v]=0.0, Q=0.0 (bayes)
2026-09-22 18:58:51,533 INFO: Plan 1: ḡ=0.0, γE[v]=0.0, Q=0.0 (bayes)
2026-09-22 18:58:51,533 INFO: Plan 2: ḡ=0.0, γE[v]=0.0, Q=0.0 (bayes)
  [85/93] starlette.responses seed=42: {'random': 19, 'greedy': 19, 'cov_greedy': 53, 'covqvalue2': 68}
2026-09-22 18:58:56,507 INFO: Plan 0: ḡ=3, γE[v]=0.0, Q=3.0 (fn)
2026-09-22 18:58:58,946 INFO: Plan 2: ḡ=69, γE[v]=15.5, Q=84.5 (fn)
2026-09-22 18:58:59,193 INFO: Plan 2: ḡ=2, γE[v]=0.0, Q=2.0 (fn)
2026-09-22 18:58:59,235 INFO: Plan 0: ḡ=47, γE[v]=31.5, Q=78.5 (fn)
2026-09-22 18:58:59,263 INFO: Plan 2: ḡ=134, γE[v]=0.0, Q=134.0 (fn)
2026-09-22 18:58:59,311 INFO: Plan 1: ḡ=51, γE[v]=2.5, Q=53.5 (fn)
2026-09-22 18:58:59,311 INFO: Plan 0: ḡ=23.5, γE[v]=17.4, Q=40.9 (bayes)
2026-09-22 18:58:59,312 INFO: Plan 1: ḡ=25.5, γE[v]=15.1, Q=40.6 (bayes)
2026-09-22 18:58:59,312 INFO: Plan 2: ḡ=34.5, γE[v]=11.2, Q=45.7 (bayes)
2026-09-22 18:58:59,369 INFO: Plan 1: ḡ=186, γE[v]=0.0, Q=186.0 (fn)
2026-09-22 18:58:59,416 INFO: Plan 0: ḡ=21, γE[v]=18.5, Q=39.5 (fn)
2026-09-22 18:58:59,417 INFO: Plan 0: ḡ=10.5, γE[v]=42.3, Q=52.8 (bayes)
2026-09-22 18:58:59,417 INFO: Plan 1: ḡ=93.0, γE[v]=0.2, Q=93.2 (bayes)
2026-09-22 18:58:59,417 INFO: Plan 2: ḡ=67.0, γE[v]=13.2, Q=80.2 (bayes)
2026-09-22 18:58:59,878 INFO: Plan 1: ḡ=2, γE[v]=0.0, Q=2.0 (fn)
2026-09-22 18:58:59,878 INFO: Plan 0: ḡ=2.4, γE[v]=0.3, Q=2.7 (bayes)
2026-09-22 18:58:59,878 INFO: Plan 1: ḡ=0.6, γE[v]=1.2, Q=1.8 (bayes)
2026-09-22 18:58:59,878 INFO: Plan 2: ḡ=0.6, γE[v]=1.2, Q=1.8 (bayes)
  [86/93] werkzeug.serving seed=42: {'random': 34, 'greedy': 19, 'cov_greedy': 49, 'covqvalue2': 115}
2026-09-22 18:59:04,426 INFO: Plan 2: ḡ=4, γE[v]=0.0, Q=4.0 (fn)
2026-09-22 18:59:04,638 INFO: Plan 1: ḡ=50, γE[v]=0.0, Q=50.0 (fn)
2026-09-22 18:59:04,715 INFO: Plan 1: ḡ=3, γE[v]=0.0, Q=3.0 (fn)
2026-09-22 18:59:05,112 INFO: Plan 2: ḡ=70, γE[v]=7.0, Q=77.0 (fn)
2026-09-22 18:59:05,281 INFO: Plan 0: ḡ=31, γE[v]=0.0, Q=31.0 (fn)
2026-09-22 18:59:05,282 INFO: Plan 0: ḡ=10.3, γE[v]=1.8, Q=12.1 (bayes)
2026-09-22 18:59:05,282 INFO: Plan 1: ḡ=1.5, γE[v]=6.2, Q=7.7 (bayes)
2026-09-22 18:59:05,282 INFO: Plan 2: ḡ=2.0, γE[v]=5.9, Q=7.9 (bayes)
2026-09-22 18:59:05,404 INFO: Plan 0: ḡ=19, γE[v]=28.0, Q=47.0 (fn)
2026-09-22 18:59:05,404 INFO: Plan 0: ḡ=9.5, γE[v]=39.3, Q=48.8 (bayes)
2026-09-22 18:59:05,404 INFO: Plan 1: ḡ=25.0, γE[v]=30.2, Q=55.2 (bayes)
2026-09-22 18:59:05,404 INFO: Plan 2: ḡ=35.0, γE[v]=25.6, Q=60.6 (bayes)
2026-09-22 18:59:07,425 INFO: Plan 0: ḡ=52, γE[v]=0.0, Q=52.0 (fn)
2026-09-22 18:59:07,547 INFO: Plan 2: ḡ=117, γE[v]=0.0, Q=117.0 (fn)
2026-09-22 18:59:07,790 INFO: Plan 1: ḡ=163, γE[v]=0.0, Q=163.0 (fn)
2026-09-22 18:59:07,791 INFO: Plan 0: ḡ=17.5, γE[v]=18.7, Q=36.2 (bayes)
2026-09-22 18:59:07,791 INFO: Plan 1: ḡ=54.3, γE[v]=0.2, Q=54.6 (bayes)
2026-09-22 18:59:07,791 INFO: Plan 2: ḡ=39.2, γE[v]=7.8, Q=47.0 (bayes)
2026-09-22 18:59:09,376 INFO: Plan 1: ḡ=2, γE[v]=0.0, Q=2.0 (fn)
2026-09-22 18:59:09,504 INFO: Plan 0: ḡ=2, γE[v]=0.0, Q=2.0 (fn)
2026-09-22 18:59:09,698 INFO: Plan 2: ḡ=3, γE[v]=0.0, Q=3.0 (fn)
2026-09-22 18:59:09,698 INFO: Plan 0: ḡ=1.0, γE[v]=1.2, Q=2.2 (bayes)
2026-09-22 18:59:09,698 INFO: Plan 1: ḡ=1.0, γE[v]=1.2, Q=2.2 (bayes)
2026-09-22 18:59:09,698 INFO: Plan 2: ḡ=1.5, γE[v]=1.0, Q=2.5 (bayes)
2026-09-22 18:59:11,408 INFO: Plan 0: ḡ=20, γE[v]=0.0, Q=20.0 (fn)
2026-09-22 18:59:11,436 INFO: Plan 1: ḡ=40, γE[v]=0.0, Q=40.0 (fn)
2026-09-22 18:59:11,687 INFO: Plan 2: ḡ=36, γE[v]=0.0, Q=36.0 (fn)
2026-09-22 18:59:11,687 INFO: Plan 0: ḡ=10.0, γE[v]=19.6, Q=29.6 (bayes)
2026-09-22 18:59:11,688 INFO: Plan 1: ḡ=19.5, γE[v]=14.8, Q=34.3 (bayes)
2026-09-22 18:59:11,688 INFO: Plan 2: ḡ=15.7, γE[v]=16.8, Q=32.4 (bayes)
2026-09-22 18:59:13,838 INFO: Plan 0: ḡ=3, γE[v]=0.0, Q=3.0 (fn)
2026-09-22 18:59:13,869 INFO: Plan 2: ḡ=1, γE[v]=0.0, Q=1.0 (fn)
2026-09-22 18:59:13,913 INFO: Plan 1: ḡ=2, γE[v]=0.0, Q=2.0 (fn)
2026-09-22 18:59:13,913 INFO: Plan 0: ḡ=1.5, γE[v]=0.2, Q=1.8 (bayes)
2026-09-22 18:59:13,913 INFO: Plan 1: ḡ=1.0, γE[v]=0.5, Q=1.5 (bayes)
2026-09-22 18:59:13,913 INFO: Plan 2: ḡ=0.5, γE[v]=0.8, Q=1.2 (bayes)
2026-09-22 18:59:14,063 INFO: Plan 0: ḡ=52, γE[v]=0.0, Q=52.0 (fn)
2026-09-22 18:59:14,145 INFO: Plan 2: ḡ=117, γE[v]=0.0, Q=117.0 (fn)
2026-09-22 18:59:14,639 INFO: Plan 1: ḡ=163, γE[v]=0.5, Q=163.5 (fn)
2026-09-22 18:59:14,639 INFO: Plan 0: ḡ=13.2, γE[v]=14.0, Q=27.2 (bayes)
2026-09-22 18:59:14,640 INFO: Plan 1: ḡ=40.8, γE[v]=0.3, Q=41.0 (bayes)
2026-09-22 18:59:14,640 INFO: Plan 2: ḡ=29.5, γE[v]=5.9, Q=35.4 (bayes)
2026-09-22 18:59:18,062 INFO: Plan 1: ḡ=23, γE[v]=0.0, Q=23.0 (fn)
2026-09-22 18:59:18,514 INFO: Plan 0: ḡ=23, γE[v]=1.5, Q=24.5 (fn)
2026-09-22 18:59:19,270 INFO: Plan 2: ḡ=26, γE[v]=0.0, Q=26.0 (fn)
2026-09-22 18:59:19,270 INFO: Plan 0: ḡ=11.5, γE[v]=10.5, Q=22.0 (bayes)
2026-09-22 18:59:19,271 INFO: Plan 1: ḡ=10.2, γE[v]=11.1, Q=21.2 (bayes)
2026-09-22 18:59:19,271 INFO: Plan 2: ḡ=10.7, γE[v]=10.8, Q=21.5 (bayes)
2026-09-22 18:59:20,796 INFO: Plan 1: ḡ=163, γE[v]=0.0, Q=163.0 (fn)
2026-09-22 18:59:20,822 INFO: Plan 0: ḡ=1, γE[v]=0.0, Q=1.0 (fn)
2026-09-22 18:59:20,849 INFO: Plan 0: ḡ=52, γE[v]=0.0, Q=52.0 (fn)
2026-09-22 18:59:20,900 INFO: Plan 2: ḡ=0, γE[v]=0.0, Q=0.0 (fn)
2026-09-22 18:59:21,165 INFO: Plan 1: ḡ=1, γE[v]=0.0, Q=1.0 (fn)
2026-09-22 18:59:21,165 INFO: Plan 0: ḡ=0.5, γE[v]=0.3, Q=0.8 (bayes)
2026-09-22 18:59:21,165 INFO: Plan 1: ḡ=0.7, γE[v]=0.2, Q=0.9 (bayes)
2026-09-22 18:59:21,165 INFO: Plan 2: ḡ=0.0, γE[v]=0.6, Q=0.6 (bayes)
2026-09-22 18:59:22,233 INFO: Plan 2: ḡ=117, γE[v]=0.0, Q=117.0 (fn)
2026-09-22 18:59:22,233 INFO: Plan 0: ḡ=10.5, γE[v]=11.2, Q=21.7 (bayes)
2026-09-22 18:59:22,233 INFO: Plan 1: ḡ=32.6, γE[v]=0.2, Q=32.8 (bayes)
2026-09-22 18:59:22,233 INFO: Plan 2: ḡ=23.5, γE[v]=4.7, Q=28.2 (bayes)
2026-09-22 18:59:23,706 INFO: Plan 1: ḡ=6, γE[v]=0.0, Q=6.0 (fn)
2026-09-22 18:59:23,885 INFO: Plan 0: ḡ=19, γE[v]=0.0, Q=19.0 (fn)
2026-09-22 18:59:25,429 INFO: Plan 2: ḡ=24, γE[v]=0.0, Q=24.0 (fn)
2026-09-22 18:59:25,430 INFO: Plan 0: ḡ=8.2, γE[v]=6.1, Q=14.2 (bayes)
2026-09-22 18:59:25,430 INFO: Plan 1: ḡ=2.5, γE[v]=8.9, Q=11.4 (bayes)
2026-09-22 18:59:25,430 INFO: Plan 2: ḡ=9.7, γE[v]=5.3, Q=15.0 (bayes)
2026-09-22 18:59:26,004 INFO: Plan 0: ḡ=145, γE[v]=0.0, Q=145.0 (fn)
2026-09-22 18:59:26,082 INFO: Plan 1: ḡ=128, γE[v]=8.5, Q=136.5 (fn)
2026-09-22 18:59:26,188 INFO: Plan 2: ḡ=0, γE[v]=0.0, Q=0.0 (fn)
2026-09-22 18:59:26,208 INFO: Plan 2: ḡ=63, γE[v]=37.0, Q=100.0 (fn)
2026-09-22 18:59:26,208 INFO: Plan 0: ḡ=72.5, γE[v]=0.0, Q=72.5 (bayes)
2026-09-22 18:59:26,209 INFO: Plan 1: ḡ=64.0, γE[v]=4.6, Q=68.6 (bayes)
2026-09-22 18:59:26,209 INFO: Plan 2: ḡ=31.5, γE[v]=22.2, Q=53.7 (bayes)
2026-09-22 18:59:26,300 INFO: Plan 0: ḡ=1, γE[v]=0.0, Q=1.0 (fn)
2026-09-22 18:59:26,311 INFO: Plan 1: ḡ=0, γE[v]=0.0, Q=0.0 (fn)
2026-09-22 18:59:26,311 INFO: Plan 0: ḡ=0.5, γE[v]=0.0, Q=0.5 (bayes)
2026-09-22 18:59:26,311 INFO: Plan 1: ḡ=0.0, γE[v]=0.2, Q=0.2 (bayes)
2026-09-22 18:59:26,311 INFO: Plan 2: ḡ=0.0, γE[v]=0.2, Q=0.2 (bayes)
2026-09-22 18:59:26,601 INFO: Plan 2: ḡ=64, γE[v]=18.5, Q=82.5 (fn)
2026-09-22 18:59:26,611 INFO: Plan 0: ḡ=99, γE[v]=1.0, Q=100.0 (fn)
2026-09-22 18:59:26,818 INFO: Plan 1: ḡ=56, γE[v]=22.5, Q=78.5 (fn)
2026-09-22 18:59:26,819 INFO: Plan 0: ḡ=49.5, γE[v]=0.5, Q=50.0 (bayes)
2026-09-22 18:59:26,819 INFO: Plan 1: ḡ=28.0, γE[v]=12.3, Q=40.3 (bayes)
2026-09-22 18:59:26,819 INFO: Plan 2: ḡ=32.0, γE[v]=10.1, Q=42.1 (bayes)
2026-09-22 18:59:28,318 INFO: Plan 2: ḡ=117, γE[v]=0.0, Q=117.0 (fn)
2026-09-22 18:59:28,320 INFO: Plan 0: ḡ=52, γE[v]=0.0, Q=52.0 (fn)
2026-09-22 18:59:28,352 INFO: Plan 1: ḡ=163, γE[v]=0.0, Q=163.0 (fn)
2026-09-22 18:59:28,352 INFO: Plan 0: ḡ=8.8, γE[v]=9.3, Q=18.2 (bayes)
2026-09-22 18:59:28,352 INFO: Plan 1: ḡ=27.2, γE[v]=0.2, Q=27.3 (bayes)
2026-09-22 18:59:28,352 INFO: Plan 2: ḡ=19.7, γE[v]=3.9, Q=23.6 (bayes)
2026-09-22 18:59:29,803 INFO: Plan 2: ḡ=2, γE[v]=0.0, Q=2.0 (fn)
2026-09-22 18:59:30,543 INFO: Plan 1: ḡ=11, γE[v]=0.0, Q=11.0 (fn)
2026-09-22 18:59:30,899 INFO: Plan 0: ḡ=12, γE[v]=0.0, Q=12.0 (fn)
2026-09-22 18:59:30,900 INFO: Plan 0: ḡ=4.7, γE[v]=3.0, Q=7.7 (bayes)
2026-09-22 18:59:30,900 INFO: Plan 1: ḡ=5.0, γE[v]=2.8, Q=7.8 (bayes)
2026-09-22 18:59:30,900 INFO: Plan 2: ḡ=1.0, γE[v]=4.8, Q=5.8 (bayes)
2026-09-22 18:59:31,499 INFO: Plan 2: ḡ=21, γE[v]=0.0, Q=21.0 (fn)
2026-09-22 18:59:31,617 INFO: Plan 1: ḡ=0, γE[v]=0.0, Q=0.0 (fn)
2026-09-22 18:59:31,646 INFO: Plan 0: ḡ=21, γE[v]=0.0, Q=21.0 (fn)
2026-09-22 18:59:31,647 INFO: Plan 0: ḡ=7.0, γE[v]=0.0, Q=7.0 (bayes)
2026-09-22 18:59:31,647 INFO: Plan 1: ḡ=0.0, γE[v]=3.5, Q=3.5 (bayes)
2026-09-22 18:59:31,647 INFO: Plan 2: ḡ=7.0, γE[v]=0.0, Q=7.0 (bayes)
2026-09-22 18:59:33,213 INFO: Plan 0: ḡ=23, γE[v]=0.0, Q=23.0 (fn)
2026-09-22 18:59:33,318 INFO: Plan 1: ḡ=43, γE[v]=0.0, Q=43.0 (fn)
2026-09-22 18:59:33,351 INFO: Plan 2: ḡ=1, γE[v]=0.0, Q=1.0 (fn)
2026-09-22 18:59:33,352 INFO: Plan 0: ḡ=7.7, γE[v]=3.5, Q=11.2 (bayes)
2026-09-22 18:59:33,352 INFO: Plan 1: ḡ=14.3, γE[v]=0.2, Q=14.5 (bayes)
2026-09-22 18:59:33,352 INFO: Plan 2: ḡ=0.3, γE[v]=7.2, Q=7.5 (bayes)
2026-09-22 18:59:35,571 INFO: Plan 0: ḡ=0, γE[v]=0.0, Q=0.0 (fn)
2026-09-22 18:59:35,676 INFO: Plan 2: ḡ=0, γE[v]=0.0, Q=0.0 (fn)
2026-09-22 18:59:36,008 INFO: Plan 0: ḡ=15, γE[v]=0.0, Q=15.0 (fn)
2026-09-22 18:59:36,086 INFO: Plan 1: ḡ=0, γE[v]=0.0, Q=0.0 (fn)
2026-09-22 18:59:36,086 INFO: Plan 0: ḡ=0.0, γE[v]=0.0, Q=0.0 (bayes)
2026-09-22 18:59:36,087 INFO: Plan 1: ḡ=0.0, γE[v]=0.0, Q=0.0 (bayes)
2026-09-22 18:59:36,087 INFO: Plan 2: ḡ=0.0, γE[v]=0.0, Q=0.0 (bayes)
2026-09-22 18:59:36,403 INFO: Plan 1: ḡ=163, γE[v]=0.0, Q=163.0 (fn)
2026-09-22 18:59:36,473 INFO: Plan 2: ḡ=2, γE[v]=0.0, Q=2.0 (fn)
2026-09-22 18:59:36,501 INFO: Plan 1: ḡ=5, γE[v]=0.0, Q=5.0 (fn)
2026-09-22 18:59:36,684 INFO: Plan 0: ḡ=12, γE[v]=0.0, Q=12.0 (fn)
2026-09-22 18:59:36,685 INFO: Plan 0: ḡ=4.7, γE[v]=0.7, Q=5.3 (bayes)
2026-09-22 18:59:36,685 INFO: Plan 1: ḡ=2.3, γE[v]=1.8, Q=4.2 (bayes)
2026-09-22 18:59:36,685 INFO: Plan 2: ḡ=1.0, γE[v]=2.5, Q=3.5 (bayes)
2026-09-22 18:59:38,524 INFO: Plan 2: ḡ=117, γE[v]=0.0, Q=117.0 (fn)
2026-09-22 18:59:38,525 INFO: Plan 0: ḡ=2.3, γE[v]=10.6, Q=13.0 (bayes)
2026-09-22 18:59:38,525 INFO: Plan 1: ḡ=23.3, γE[v]=0.2, Q=23.4 (bayes)
2026-09-22 18:59:38,525 INFO: Plan 2: ḡ=16.9, γE[v]=3.4, Q=20.3 (bayes)
2026-09-22 18:59:41,305 INFO: Plan 1: ḡ=0, γE[v]=0.0, Q=0.0 (fn)
2026-09-22 18:59:41,527 INFO: Plan 0: ḡ=0, γE[v]=0.0, Q=0.0 (fn)
2026-09-22 18:59:41,557 INFO: Plan 2: ḡ=0, γE[v]=0.0, Q=0.0 (fn)
2026-09-22 18:59:41,557 INFO: Plan 0: ḡ=0.0, γE[v]=0.0, Q=0.0 (bayes)
2026-09-22 18:59:41,558 INFO: Plan 1: ḡ=0.0, γE[v]=0.0, Q=0.0 (bayes)
2026-09-22 18:59:41,558 INFO: Plan 2: ḡ=0.0, γE[v]=0.0, Q=0.0 (bayes)
2026-09-22 18:59:41,609 INFO: Plan 2: ḡ=0, γE[v]=0.0, Q=0.0 (fn)
2026-09-22 18:59:41,814 INFO: Plan 1: ḡ=0, γE[v]=0.0, Q=0.0 (fn)
2026-09-22 18:59:42,061 INFO: Plan 0: ḡ=1, γE[v]=0.0, Q=1.0 (fn)
2026-09-22 18:59:42,061 INFO: Plan 0: ḡ=0.3, γE[v]=0.0, Q=0.3 (bayes)
2026-09-22 18:59:42,061 INFO: Plan 1: ḡ=0.0, γE[v]=0.2, Q=0.2 (bayes)
2026-09-22 18:59:42,061 INFO: Plan 2: ḡ=0.0, γE[v]=0.2, Q=0.2 (bayes)
2026-09-22 18:59:42,096 INFO: Plan 2: ḡ=0, γE[v]=0.0, Q=0.0 (fn)
2026-09-22 18:59:42,123 INFO: Plan 0: ḡ=0, γE[v]=0.0, Q=0.0 (fn)
2026-09-22 18:59:42,207 INFO: Plan 1: ḡ=0, γE[v]=0.0, Q=0.0 (fn)
2026-09-22 18:59:42,208 INFO: Plan 0: ḡ=0.0, γE[v]=0.0, Q=0.0 (bayes)
2026-09-22 18:59:42,208 INFO: Plan 1: ḡ=0.0, γE[v]=0.0, Q=0.0 (bayes)
2026-09-22 18:59:42,208 INFO: Plan 2: ḡ=0.0, γE[v]=0.0, Q=0.0 (bayes)
2026-09-22 18:59:43,829 INFO: Plan 2: ḡ=1, γE[v]=0.0, Q=1.0 (fn)
2026-09-22 18:59:43,963 INFO: Plan 0: ḡ=1, γE[v]=0.0, Q=1.0 (fn)
  [87/93] starlette.applications seed=42: {'random': 6, 'greedy': 6, 'cov_greedy': 10, 'covqvalue2': 9}
2026-09-22 18:59:44,727 INFO: Plan 2: ḡ=117, γE[v]=0.0, Q=117.0 (fn)
2026-09-22 18:59:44,792 INFO: Plan 1: ḡ=163, γE[v]=0.0, Q=163.0 (fn)
2026-09-22 18:59:45,225 INFO: Plan 1: ḡ=1, γE[v]=0.0, Q=1.0 (fn)
2026-09-22 18:59:45,226 INFO: Plan 0: ḡ=0.3, γE[v]=0.5, Q=0.8 (bayes)
2026-09-22 18:59:45,226 INFO: Plan 1: ḡ=0.5, γE[v]=0.4, Q=0.9 (bayes)
2026-09-22 18:59:45,226 INFO: Plan 2: ḡ=0.5, γE[v]=0.4, Q=0.9 (bayes)
2026-09-22 18:59:46,623 INFO: Plan 0: ḡ=52, γE[v]=0.0, Q=52.0 (fn)
2026-09-22 18:59:46,624 INFO: Plan 0: ḡ=6.7, γE[v]=7.0, Q=13.7 (bayes)
2026-09-22 18:59:46,624 INFO: Plan 1: ḡ=20.4, γE[v]=0.2, Q=20.5 (bayes)
2026-09-22 18:59:46,624 INFO: Plan 2: ḡ=14.8, γE[v]=2.9, Q=17.8 (bayes)
2026-09-22 18:59:47,811 INFO: Plan 0: ḡ=0, γE[v]=0.0, Q=0.0 (fn)
2026-09-22 18:59:47,873 INFO: Plan 1: ḡ=0, γE[v]=0.0, Q=0.0 (fn)
2026-09-22 18:59:48,098 INFO: Plan 2: ḡ=0, γE[v]=0.0, Q=0.0 (fn)
2026-09-22 18:59:48,099 INFO: Plan 0: ḡ=0.0, γE[v]=0.0, Q=0.0 (bayes)
2026-09-22 18:59:48,099 INFO: Plan 1: ḡ=0.0, γE[v]=0.0, Q=0.0 (bayes)
2026-09-22 18:59:48,099 INFO: Plan 2: ḡ=0.0, γE[v]=0.0, Q=0.0 (bayes)
2026-09-22 18:59:49,683 INFO: Plan 0: ḡ=0, γE[v]=0.0, Q=0.0 (fn)
2026-09-22 18:59:49,746 INFO: Plan 1: ḡ=0, γE[v]=0.0, Q=0.0 (fn)
2026-09-22 18:59:49,917 INFO: Plan 2: ḡ=0, γE[v]=0.0, Q=0.0 (fn)
2026-09-22 18:59:49,918 INFO: Plan 0: ḡ=0.0, γE[v]=0.0, Q=0.0 (bayes)
2026-09-22 18:59:49,918 INFO: Plan 1: ḡ=0.0, γE[v]=0.0, Q=0.0 (bayes)
2026-09-22 18:59:49,918 INFO: Plan 2: ḡ=0.0, γE[v]=0.0, Q=0.0 (bayes)
2026-09-22 18:59:50,687 INFO: Plan 1: ḡ=1, γE[v]=0.0, Q=1.0 (fn)
2026-09-22 18:59:50,754 INFO: Plan 2: ḡ=0, γE[v]=0.0, Q=0.0 (fn)
2026-09-22 18:59:51,106 INFO: Plan 0: ḡ=1, γE[v]=0.0, Q=1.0 (fn)
2026-09-22 18:59:51,107 INFO: Plan 0: ḡ=0.3, γE[v]=0.2, Q=0.6 (bayes)
2026-09-22 18:59:51,107 INFO: Plan 1: ḡ=0.5, γE[v]=0.2, Q=0.7 (bayes)
2026-09-22 18:59:51,107 INFO: Plan 2: ḡ=0.0, γE[v]=0.4, Q=0.4 (bayes)
  [88/93] starlette.requests seed=42: {'random': 34, 'greedy': 38, 'cov_greedy': 67, 'covqvalue2': 76}
2026-09-22 18:59:56,453 INFO: Plan 2: ḡ=117, γE[v]=0.0, Q=117.0 (fn)
2026-09-22 18:59:57,173 INFO: Plan 1: ḡ=163, γE[v]=0.5, Q=163.5 (fn)
2026-09-22 18:59:58,947 INFO: Plan 0: ḡ=52, γE[v]=0.0, Q=52.0 (fn)
2026-09-22 18:59:58,947 INFO: Plan 0: ḡ=6.0, γE[v]=6.2, Q=12.2 (bayes)
2026-09-22 18:59:58,947 INFO: Plan 1: ḡ=18.1, γE[v]=0.2, Q=18.3 (bayes)
2026-09-22 18:59:58,947 INFO: Plan 2: ḡ=13.2, γE[v]=2.6, Q=15.8 (bayes)
2026-09-22 18:59:59,214 INFO: Plan 2: ḡ=111, γE[v]=0.0, Q=111.0 (fn)
2026-09-22 18:59:59,426 INFO: Plan 0: ḡ=46, γE[v]=32.5, Q=78.5 (fn)
2026-09-22 18:59:59,838 INFO: Plan 1: ḡ=30, γE[v]=40.5, Q=70.5 (fn)
2026-09-22 18:59:59,838 INFO: Plan 0: ḡ=23.0, γE[v]=17.7, Q=40.7 (bayes)
2026-09-22 18:59:59,839 INFO: Plan 1: ḡ=15.0, γE[v]=22.1, Q=37.1 (bayes)
2026-09-22 18:59:59,839 INFO: Plan 2: ḡ=55.5, γE[v]=0.0, Q=55.5 (bayes)
  [89/93] starlette.formparsers seed=42: {'random': 2, 'greedy': 2, 'cov_greedy': 2, 'covqvalue2': 2}
2026-09-22 19:00:01,775 INFO: Plan 1: ḡ=0, γE[v]=0.0, Q=0.0 (fn)
2026-09-22 19:00:01,803 INFO: Plan 2: ḡ=0, γE[v]=0.0, Q=0.0 (fn)
2026-09-22 19:00:02,077 INFO: Plan 0: ḡ=0, γE[v]=0.0, Q=0.0 (fn)
2026-09-22 19:00:02,077 INFO: Plan 0: ḡ=0.0, γE[v]=0.0, Q=0.0 (bayes)
2026-09-22 19:00:02,077 INFO: Plan 1: ḡ=0.0, γE[v]=0.0, Q=0.0 (bayes)
2026-09-22 19:00:02,077 INFO: Plan 2: ḡ=0.0, γE[v]=0.0, Q=0.0 (bayes)
2026-09-22 19:00:03,751 INFO: Plan 1: ḡ=0, γE[v]=0.0, Q=0.0 (fn)
2026-09-22 19:00:04,001 INFO: Plan 0: ḡ=0, γE[v]=0.0, Q=0.0 (fn)
2026-09-22 19:00:04,142 INFO: Plan 2: ḡ=0, γE[v]=0.0, Q=0.0 (fn)
2026-09-22 19:00:04,142 INFO: Plan 0: ḡ=0.0, γE[v]=0.0, Q=0.0 (bayes)
2026-09-22 19:00:04,142 INFO: Plan 1: ḡ=0.0, γE[v]=0.0, Q=0.0 (bayes)
2026-09-22 19:00:04,142 INFO: Plan 2: ḡ=0.0, γE[v]=0.0, Q=0.0 (bayes)
2026-09-22 19:00:05,601 INFO: Plan 1: ḡ=0, γE[v]=0.0, Q=0.0 (fn)
2026-09-22 19:00:05,638 INFO: Plan 2: ḡ=0, γE[v]=0.0, Q=0.0 (fn)
2026-09-22 19:00:05,765 INFO: Plan 0: ḡ=0, γE[v]=0.0, Q=0.0 (fn)
2026-09-22 19:00:05,765 INFO: Plan 0: ḡ=0.0, γE[v]=0.0, Q=0.0 (bayes)
2026-09-22 19:00:05,765 INFO: Plan 1: ḡ=0.0, γE[v]=0.0, Q=0.0 (bayes)
2026-09-22 19:00:05,765 INFO: Plan 2: ḡ=0.0, γE[v]=0.0, Q=0.0 (bayes)
2026-09-22 19:00:07,452 INFO: Plan 2: ḡ=0, γE[v]=0.0, Q=0.0 (fn)
2026-09-22 19:00:07,563 INFO: Plan 1: ḡ=0, γE[v]=0.0, Q=0.0 (fn)
2026-09-22 19:00:07,678 INFO: Plan 0: ḡ=0, γE[v]=0.0, Q=0.0 (fn)
2026-09-22 19:00:07,679 INFO: Plan 0: ḡ=0.0, γE[v]=0.0, Q=0.0 (bayes)
2026-09-22 19:00:07,679 INFO: Plan 1: ḡ=0.0, γE[v]=0.0, Q=0.0 (bayes)
2026-09-22 19:00:07,679 INFO: Plan 2: ḡ=0.0, γE[v]=0.0, Q=0.0 (bayes)
2026-09-22 19:00:10,540 INFO: Plan 1: ḡ=0, γE[v]=0.0, Q=0.0 (fn)
2026-09-22 19:00:10,627 INFO: Plan 0: ḡ=0, γE[v]=0.0, Q=0.0 (fn)
2026-09-22 19:00:10,683 INFO: Plan 1: ḡ=0, γE[v]=0.0, Q=0.0 (fn)
2026-09-22 19:00:10,714 INFO: Plan 2: ḡ=0, γE[v]=0.0, Q=0.0 (fn)
2026-09-22 19:00:10,956 INFO: Plan 2: ḡ=0, γE[v]=0.0, Q=0.0 (fn)
2026-09-22 19:00:10,957 INFO: Plan 0: ḡ=0.0, γE[v]=0.0, Q=0.0 (bayes)
2026-09-22 19:00:10,957 INFO: Plan 1: ḡ=0.0, γE[v]=0.0, Q=0.0 (bayes)
2026-09-22 19:00:10,957 INFO: Plan 2: ḡ=0.0, γE[v]=0.0, Q=0.0 (bayes)
2026-09-22 19:00:11,146 INFO: Plan 0: ḡ=0, γE[v]=0.0, Q=0.0 (fn)
2026-09-22 19:00:11,146 INFO: Plan 0: ḡ=0.0, γE[v]=0.0, Q=0.0 (bayes)
2026-09-22 19:00:11,146 INFO: Plan 1: ḡ=0.0, γE[v]=0.0, Q=0.0 (bayes)
2026-09-22 19:00:11,147 INFO: Plan 2: ḡ=0.0, γE[v]=0.0, Q=0.0 (bayes)
2026-09-22 19:00:13,419 INFO: Plan 0: ḡ=0, γE[v]=0.0, Q=0.0 (fn)
2026-09-22 19:00:13,477 INFO: Plan 1: ḡ=0, γE[v]=0.0, Q=0.0 (fn)
2026-09-22 19:00:13,491 INFO: Plan 2: ḡ=0, γE[v]=0.0, Q=0.0 (fn)
2026-09-22 19:00:13,491 INFO: Plan 0: ḡ=0.0, γE[v]=0.0, Q=0.0 (bayes)
2026-09-22 19:00:13,491 INFO: Plan 1: ḡ=0.0, γE[v]=0.0, Q=0.0 (bayes)
2026-09-22 19:00:13,491 INFO: Plan 2: ḡ=0.0, γE[v]=0.0, Q=0.0 (bayes)
2026-09-22 19:00:16,906 INFO: Plan 2: ḡ=0, γE[v]=0.0, Q=0.0 (fn)
2026-09-22 19:00:16,974 INFO: Plan 1: ḡ=0, γE[v]=0.0, Q=0.0 (fn)
2026-09-22 19:00:17,004 INFO: Plan 2: ḡ=0, γE[v]=0.0, Q=0.0 (fn)
2026-09-22 19:00:17,318 INFO: Plan 0: ḡ=0, γE[v]=0.0, Q=0.0 (fn)
2026-09-22 19:00:18,690 INFO: Plan 0: ḡ=0, γE[v]=0.0, Q=0.0 (fn)
2026-09-22 19:00:18,691 INFO: Plan 0: ḡ=0.0, γE[v]=0.0, Q=0.0 (bayes)
2026-09-22 19:00:18,691 INFO: Plan 1: ḡ=0.0, γE[v]=0.0, Q=0.0 (bayes)
2026-09-22 19:00:18,691 INFO: Plan 2: ḡ=0.0, γE[v]=0.0, Q=0.0 (bayes)
2026-09-22 19:00:19,175 INFO: Plan 2: ḡ=0, γE[v]=0.0, Q=0.0 (fn)
2026-09-22 19:00:19,250 INFO: Plan 1: ḡ=0, γE[v]=0.0, Q=0.0 (fn)
2026-09-22 19:00:19,282 INFO: Plan 1: ḡ=0, γE[v]=0.0, Q=0.0 (fn)
2026-09-22 19:00:19,283 INFO: Plan 0: ḡ=0.0, γE[v]=0.0, Q=0.0 (bayes)
2026-09-22 19:00:19,283 INFO: Plan 1: ḡ=0.0, γE[v]=0.0, Q=0.0 (bayes)
2026-09-22 19:00:19,283 INFO: Plan 2: ḡ=0.0, γE[v]=0.0, Q=0.0 (bayes)
2026-09-22 19:00:19,605 INFO: Plan 0: ḡ=0, γE[v]=0.0, Q=0.0 (fn)
2026-09-22 19:00:19,605 INFO: Plan 0: ḡ=0.0, γE[v]=0.0, Q=0.0 (bayes)
2026-09-22 19:00:19,605 INFO: Plan 1: ḡ=0.0, γE[v]=0.0, Q=0.0 (bayes)
2026-09-22 19:00:19,605 INFO: Plan 2: ḡ=0.0, γE[v]=0.0, Q=0.0 (bayes)
  [90/93] starlette.staticfiles seed=42: {'random': 6, 'greedy': 6, 'cov_greedy': 26, 'covqvalue2': 39}
2026-09-22 19:00:24,635 INFO: Plan 1: ḡ=0, γE[v]=0.0, Q=0.0 (fn)
2026-09-22 19:00:24,674 INFO: Plan 2: ḡ=0, γE[v]=0.0, Q=0.0 (fn)
2026-09-22 19:00:25,115 INFO: Plan 0: ḡ=0, γE[v]=0.0, Q=0.0 (fn)
2026-09-22 19:00:25,115 INFO: Plan 0: ḡ=0.0, γE[v]=0.0, Q=0.0 (bayes)
2026-09-22 19:00:25,116 INFO: Plan 1: ḡ=0.0, γE[v]=0.0, Q=0.0 (bayes)
2026-09-22 19:00:25,116 INFO: Plan 2: ḡ=0.0, γE[v]=0.0, Q=0.0 (bayes)
2026-09-22 19:00:25,191 INFO: Plan 1: ḡ=0, γE[v]=0.0, Q=0.0 (fn)
2026-09-22 19:00:25,263 INFO: Plan 0: ḡ=0, γE[v]=0.0, Q=0.0 (fn)
2026-09-22 19:00:25,390 INFO: Plan 2: ḡ=0, γE[v]=0.0, Q=0.0 (fn)
2026-09-22 19:00:25,391 INFO: Plan 0: ḡ=0.0, γE[v]=0.0, Q=0.0 (bayes)
2026-09-22 19:00:25,391 INFO: Plan 1: ḡ=0.0, γE[v]=0.0, Q=0.0 (bayes)
2026-09-22 19:00:25,391 INFO: Plan 2: ḡ=0.0, γE[v]=0.0, Q=0.0 (bayes)
  [91/93] starlette.middleware.errors seed=42: {'random': 31, 'greedy': 31, 'cov_greedy': 37, 'covqvalue2': 52}
2026-09-22 19:00:30,296 INFO: Plan 2: ḡ=0, γE[v]=0.0, Q=0.0 (fn)
2026-09-22 19:00:30,475 INFO: Plan 1: ḡ=0, γE[v]=0.0, Q=0.0 (fn)
2026-09-22 19:00:30,478 INFO: Plan 0: ḡ=0, γE[v]=0.0, Q=0.0 (fn)
2026-09-22 19:00:30,478 INFO: Plan 0: ḡ=0.0, γE[v]=0.0, Q=0.0 (bayes)
2026-09-22 19:00:30,478 INFO: Plan 1: ḡ=0.0, γE[v]=0.0, Q=0.0 (bayes)
2026-09-22 19:00:30,478 INFO: Plan 2: ḡ=0.0, γE[v]=0.0, Q=0.0 (bayes)
2026-09-22 19:00:35,664 INFO: Plan 0: ḡ=0, γE[v]=0.0, Q=0.0 (fn)
2026-09-22 19:00:35,774 INFO: Plan 2: ḡ=0, γE[v]=0.0, Q=0.0 (fn)
2026-09-22 19:00:35,988 INFO: Plan 1: ḡ=0, γE[v]=0.0, Q=0.0 (fn)
2026-09-22 19:00:35,988 INFO: Plan 0: ḡ=0.0, γE[v]=0.0, Q=0.0 (bayes)
2026-09-22 19:00:35,988 INFO: Plan 1: ḡ=0.0, γE[v]=0.0, Q=0.0 (bayes)
2026-09-22 19:00:35,988 INFO: Plan 2: ḡ=0.0, γE[v]=0.0, Q=0.0 (bayes)
2026-09-22 19:00:40,958 INFO: Plan 2: ḡ=0, γE[v]=0.0, Q=0.0 (fn)
2026-09-22 19:00:41,006 INFO: Plan 1: ḡ=0, γE[v]=0.0, Q=0.0 (fn)
2026-09-22 19:00:41,506 INFO: Plan 0: ḡ=0, γE[v]=0.0, Q=0.0 (fn)
2026-09-22 19:00:41,507 INFO: Plan 0: ḡ=0.0, γE[v]=0.0, Q=0.0 (bayes)
2026-09-22 19:00:41,507 INFO: Plan 1: ḡ=0.0, γE[v]=0.0, Q=0.0 (bayes)
2026-09-22 19:00:41,507 INFO: Plan 2: ḡ=0.0, γE[v]=0.0, Q=0.0 (bayes)
  [92/93] starlette.templating seed=42: {'random': 25, 'greedy': 25, 'cov_greedy': 28, 'covqvalue2': 32}
2026-09-22 19:03:58,801 INFO: Plan 0: ḡ=63, γE[v]=0.0, Q=63.0 (fn)
2026-09-22 19:03:58,949 INFO: Plan 2: ḡ=160, γE[v]=0.5, Q=160.5 (fn)
2026-09-22 19:03:58,972 INFO: Plan 1: ḡ=161, γE[v]=0.0, Q=161.0 (fn)
2026-09-22 19:03:58,973 INFO: Plan 0: ḡ=31.5, γE[v]=24.5, Q=56.0 (bayes)
2026-09-22 19:03:58,973 INFO: Plan 1: ḡ=80.5, γE[v]=0.0, Q=80.5 (bayes)
2026-09-22 19:03:58,973 INFO: Plan 2: ḡ=80.0, γE[v]=0.3, Q=80.3 (bayes)
2026-09-22 19:04:06,806 INFO: Plan 2: ḡ=0, γE[v]=0.0, Q=0.0 (fn)
2026-09-22 19:04:06,818 INFO: Plan 0: ḡ=1, γE[v]=0.0, Q=1.0 (fn)
2026-09-22 19:04:07,251 INFO: Plan 1: ḡ=0, γE[v]=0.0, Q=0.0 (fn)
2026-09-22 19:04:07,251 INFO: Plan 0: ḡ=0.7, γE[v]=0.0, Q=0.7 (bayes)
2026-09-22 19:04:07,251 INFO: Plan 1: ḡ=0.0, γE[v]=0.3, Q=0.3 (bayes)
2026-09-22 19:04:07,252 INFO: Plan 2: ḡ=0.0, γE[v]=0.3, Q=0.3 (bayes)
2026-09-22 19:04:23,151 INFO: Plan 2: ḡ=0, γE[v]=0.0, Q=0.0 (fn)
2026-09-22 19:04:23,155 INFO: Plan 0: ḡ=0, γE[v]=0.0, Q=0.0 (fn)
2026-09-22 19:04:26,614 INFO: Plan 1: ḡ=0, γE[v]=0.0, Q=0.0 (fn)
2026-09-22 19:04:26,614 INFO: Plan 0: ḡ=0.0, γE[v]=0.0, Q=0.0 (bayes)
2026-09-22 19:04:26,614 INFO: Plan 1: ḡ=0.0, γE[v]=0.0, Q=0.0 (bayes)
2026-09-22 19:04:26,614 INFO: Plan 2: ḡ=0.0, γE[v]=0.0, Q=0.0 (bayes)
2026-09-22 19:04:35,486 INFO: Plan 1: ḡ=0, γE[v]=0.0, Q=0.0 (fn)
2026-09-22 19:04:35,636 INFO: Plan 2: ḡ=0, γE[v]=0.0, Q=0.0 (fn)
2026-09-22 19:04:35,644 INFO: Plan 0: ḡ=0, γE[v]=0.0, Q=0.0 (fn)
2026-09-22 19:04:35,644 INFO: Plan 0: ḡ=0.0, γE[v]=0.0, Q=0.0 (bayes)
2026-09-22 19:04:35,644 INFO: Plan 1: ḡ=0.0, γE[v]=0.0, Q=0.0 (bayes)
2026-09-22 19:04:35,644 INFO: Plan 2: ḡ=0.0, γE[v]=0.0, Q=0.0 (bayes)
2026-09-22 19:04:44,532 INFO: Plan 2: ḡ=0, γE[v]=0.0, Q=0.0 (fn)
2026-09-22 19:04:44,580 INFO: Plan 0: ḡ=0, γE[v]=0.0, Q=0.0 (fn)
2026-09-22 19:04:44,671 INFO: Plan 1: ḡ=0, γE[v]=0.0, Q=0.0 (fn)
2026-09-22 19:04:44,671 INFO: Plan 0: ḡ=0.0, γE[v]=0.0, Q=0.0 (bayes)
2026-09-22 19:04:44,671 INFO: Plan 1: ḡ=0.0, γE[v]=0.0, Q=0.0 (bayes)
2026-09-22 19:04:44,671 INFO: Plan 2: ḡ=0.0, γE[v]=0.0, Q=0.0 (bayes)
2026-09-22 19:04:50,444 INFO: Plan 2: ḡ=0, γE[v]=0.0, Q=0.0 (fn)
2026-09-22 19:04:51,153 INFO: Plan 1: ḡ=0, γE[v]=0.0, Q=0.0 (fn)
2026-09-22 19:04:54,006 INFO: Plan 0: ḡ=0, γE[v]=0.0, Q=0.0 (fn)
2026-09-22 19:04:54,006 INFO: Plan 0: ḡ=0.0, γE[v]=0.0, Q=0.0 (bayes)
2026-09-22 19:04:54,007 INFO: Plan 1: ḡ=0.0, γE[v]=0.0, Q=0.0 (bayes)
2026-09-22 19:04:54,007 INFO: Plan 2: ḡ=0.0, γE[v]=0.0, Q=0.0 (bayes)
2026-09-22 19:05:03,598 INFO: Plan 2: ḡ=0, γE[v]=0.0, Q=0.0 (fn)
2026-09-22 19:05:03,628 INFO: Plan 1: ḡ=0, γE[v]=0.0, Q=0.0 (fn)
2026-09-22 19:05:08,869 INFO: Plan 0: ḡ=0, γE[v]=0.0, Q=0.0 (fn)
2026-09-22 19:05:08,869 INFO: Plan 0: ḡ=0.0, γE[v]=0.0, Q=0.0 (bayes)
2026-09-22 19:05:08,869 INFO: Plan 1: ḡ=0.0, γE[v]=0.0, Q=0.0 (bayes)
2026-09-22 19:05:08,869 INFO: Plan 2: ḡ=0.0, γE[v]=0.0, Q=0.0 (bayes)
2026-09-22 19:05:32,543 INFO: Plan 2: ḡ=0, γE[v]=0.0, Q=0.0 (fn)
2026-09-22 19:05:32,676 INFO: Plan 0: ḡ=0, γE[v]=0.0, Q=0.0 (fn)
2026-09-22 19:05:33,680 INFO: Plan 1: ḡ=0, γE[v]=0.0, Q=0.0 (fn)
2026-09-22 19:05:33,680 INFO: Plan 0: ḡ=0.0, γE[v]=0.0, Q=0.0 (bayes)
2026-09-22 19:05:33,680 INFO: Plan 1: ḡ=0.0, γE[v]=0.0, Q=0.0 (bayes)
2026-09-22 19:05:33,680 INFO: Plan 2: ḡ=0.0, γE[v]=0.0, Q=0.0 (bayes)
  [93/93] starlette.middleware.base seed=42: {'random': 3, 'greedy': 29, 'cov_greedy': 59, 'covqvalue2': 55}

======================================================================
RESULTS
======================================================================

Module                              seed       random       greedy   cov_greedy   covqvalue2
--------------------------------------------------------------------------------------------
click.termui                          42           10            6           55           75
click.decorators                      42           32           32           64           62
click.types                           42            8            9          108          118
click.utils                           42           16           16           48           67
click.shell_completion                42            4            4           52           48
click.testing                         42           30           29           74           77
click.core                            42           87           87          400          349
click.parser                          42           22           21           92           67
click.formatting                      42           30           14           61           61
click.exceptions                      42            7           10           38           38
requests.models                       42           88           78          156          139
requests.utils                        42            5           10           97          165
requests.cookies                      42           10            8           62           92
requests.adapters                     42            3            4           39          104
requests.sessions                     42           12           22           64           80
requests.auth                         42            4            4           80           89
flask.app                             42            2            5          102          110
flask.cli                             42           57           68          141          163
flask.helpers                         42            4            4           27           31
flask.ctx                             42            1            1           74           82
flask.config                          42            2            3           46           69
flask.json.tag                        42           18           16           26           26
flask.sessions                        42            4            4           18           17
flask.testing                         42            6            6           30           33
flask.templating                      42            6            5           28           25
rich.console                          42          174          161          309          315
flask.json.provider                   42           46           43           59           59
rich.progress                         42          135          140          177          183
rich.text                             42           32           36          234          273
rich.table                            42          107          107          207          217
rich.pretty                           42           71           71          109          116
rich.syntax                           42           48           48          103          114
rich.style                            42           84           84          162          148
rich.markdown                         42           51           59          101           86
rich.traceback                        42           63           65           84           85
rich.segment                          42           59           59          142          164
rich.layout                           42           62           62           70           69
rich.color                            42           43           39           75           79
jinja2.filters                        42          124          136          258          231
jinja2.nodes                          42           11           10           11           81
jinja2.environment                    42           58           59          128          188
jinja2.compiler                       42           29          100          296          283
jinja2.runtime                        42           66           66          127          107
jinja2.parser                         42           89           94          256          230
jinja2.ext                            42            4           40          105          134
jinja2.lexer                          42           81           75          121           73
jinja2.loaders                        42           23           23           75           94
jinja2.utils                          42           11           11           89          106
jinja2.bccache                        42            5            5           18           26
jinja2.sandbox                        42            5            6           93           98
httpx._client                         42           41           76          164          145
httpx._urls                           42           38           42           85           84
httpx._models                         42           87           94          247          288
httpx._urlparse                       42           37           33           78           71
httpx._main                           42           57           58           88           93
httpx._api                            42            6            6           12           12
httpx._transports.default             42            6            6           23           32
httpx._utils                          42           15           15           52           68
pydantic.types                        42          109          108          142          160
pydantic.json_schema                  42          187          224          289          291
pydantic.main                         42          128          125          189          231
pydantic.fields                       42           40           40          129          139
httpx._auth                           42            2            2           30           83
pydantic.config                       42            1            1            1            1
httpx._config                         42           17           17           40           30
pydantic.networks                     42           34           34           35           37
pydantic.functional_validators        42           35           35           49           48
pydantic.color                        42           62           62          102          100
pydantic.functional_serializers       42           22           22           27           27
pydantic.type_adapter                 42           16           16           18           20
werkzeug.http                         42           59           66          177          200
werkzeug.datastructures.structures    42           11           11           66          133
werkzeug.routing.map                  42           61           60          112          118
werkzeug.sansio.response              42           61           61           95          108
werkzeug.wrappers.response            42           35           37           99          105
werkzeug.routing.rules                42           17           16          135          150
werkzeug.exceptions                   42           20           20           40           41
werkzeug.local                        42           30           30           52           53
werkzeug.utils                        42           14           11           68           80
werkzeug.wrappers.request             42           45           47           72           72
starlette.datastructures              42           34           34           70          167
starlette.routing                     42           34           40           83          106
starlette.testclient                  42           42           42           55           71
werkzeug.wsgi                         42           10           12           37           66
starlette.responses                   42           19           19           53           68
werkzeug.serving                      42           34           19           49          115
starlette.applications                42            6            6           10            9
starlette.requests                    42           34           38           67           76
starlette.formparsers                 42            2            2            2            2
starlette.staticfiles                 42            6            6           26           39
starlette.middleware.errors           42           31           31           37           52
starlette.templating                  42           25           25           28           32
starlette.middleware.base             42            3           29           59           55

======================================================================
STATISTICS
======================================================================

Per-strategy means (n=93):
  random               branches=  37.9 ± 4.0  lines=136.8  pass_rate=95%
  greedy               branches=  40.2 ± 4.2  lines=141.5  pass_rate=95%
  cov_greedy           branches=  93.4 ± 7.8  lines=246.5  pass_rate=60%
  covqvalue2           branches= 103.5 ± 7.7  lines=267.3  pass_rate=73%

Paired vs random:
  greedy               Δ=  +2.4 ± 1.1  W=30 L=20 T=43  p=0.0361 d=0.22 *
  cov_greedy           Δ= +55.5 ± 5.5  W=90 L=0 T=3  p=0.0000 d=1.04 ***
  covqvalue2           Δ= +65.6 ± 5.7  W=90 L=1 T=2  p=0.0000 d=1.19 ***

Per-repo means:

  click (10 runs):
    random               mean=24.6
    greedy               mean=22.8
    cov_greedy           mean=99.2
    covqvalue2           mean=96.2

  flask (10 runs):
    random               mean=14.6
    greedy               mean=15.5
    cov_greedy           mean=55.1
    covqvalue2           mean=61.5

  httpx (10 runs):
    random               mean=30.6
    greedy               mean=34.9
    cov_greedy           mean=81.9
    covqvalue2           mean=90.6

  jinja2 (12 runs):
    random               mean=42.2
    greedy               mean=52.1
    cov_greedy           mean=131.4
    covqvalue2           mean=137.6

  pydantic (10 runs):
    random               mean=63.4
    greedy               mean=66.7
    cov_greedy           mean=98.1
    covqvalue2           mean=105.4

  requests (6 runs):
    random               mean=20.3
    greedy               mean=21.0
    cov_greedy           mean=83.0
    covqvalue2           mean=111.5

  rich (12 runs):
    random               mean=77.4
    greedy               mean=77.6
    cov_greedy           mean=147.8
    covqvalue2           mean=154.1

  starlette (11 runs):
    random               mean=21.5
    greedy               mean=24.7
    cov_greedy           mean=44.5
    covqvalue2           mean=61.5

  werkzeug (12 runs):
    random               mean=33.1
    greedy               mean=32.5
    cov_greedy           mean=83.5
    covqvalue2           mean=103.4

Cost: $32.0942 | Time: 4184s (69.7m)
Saved to /share/edc/home/aamayuelasfernandez/qcurious-tester/results/repo_explore_bench/final_reb_gemini38.json
