2026-09-22 17:45:12,187 INFO: RepoExploreBench: 93 targets across 9 repos
======================================================================
RepoExploreBench v2.0
  Targets: 93 files across 9 repos
  Strategies: ['random', 'greedy', 'cov_greedy', 'covqvalue2']
  Seeds: [42]
  Exec budget: 24 per run
  Map mode: full
  Total runs: 372
======================================================================
  Connectivity: OK

  Fetching source code...
    click.core: 114085 chars
    click.types: 36390 chars
    click.termui: 28323 chars
    click.utils: 20295 chars
    click.shell_completion: 18459 chars
    click.decorators: 18718 chars
    click.parser: 19066 chars
    click.testing: 16083 chars
    click.formatting: 9705 chars
    click.exceptions: 9272 chars
    requests.utils: 33447 chars
    requests.models: 35222 chars
    requests.sessions: 30372 chars
    requests.cookies: 18559 chars
    requests.adapters: 19552 chars
    requests.auth: 10186 chars
    flask.app: 59200 chars
    flask.cli: 33820 chars
    flask.helpers: 22991 chars
    flask.ctx: 14840 chars
    flask.sessions: 14168 chars
    flask.config: 12855 chars
    flask.json.tag: 8870 chars
    flask.testing: 10016 chars
    flask.templating: 7537 chars
    flask.json.provider: 7639 chars
    rich.console: 99096 chars
    rich.progress: 59691 chars
    rich.text: 47302 chars
    rich.table: 39643 chars
    rich.pretty: 35811 chars
    rich.syntax: 35364 chars
    rich.markdown: 26159 chars
    rich.style: 27072 chars
    rich.traceback: 29466 chars
    rich.segment: 24209 chars
    rich.color: 18220 chars
    rich.layout: 13939 chars
    jinja2.compiler: 72198 chars
    jinja2.filters: 53861 chars
    jinja2.environment: 61252 chars
    jinja2.nodes: 34549 chars
    jinja2.runtime: 33405 chars
    jinja2.parser: 39735 chars
    jinja2.ext: 31843 chars
    jinja2.lexer: 29725 chars
    jinja2.utils: 23932 chars
    jinja2.loaders: 23084 chars
    jinja2.sandbox: 14583 chars
    jinja2.bccache: 14060 chars
    httpx._client: 67489 chars
    httpx._models: 42302 chars
    httpx._urls: 21747 chars
    httpx._main: 15634 chars
    httpx._urlparse: 17719 chars
    httpx._api: 12927 chars
    httpx._utils: 13857 chars
    httpx._transports.default: 13289 chars
    httpx._config: 12203 chars
    httpx._auth: 11829 chars
    pydantic.types: 89470 chars
    pydantic.json_schema: 102806 chars
    pydantic.main: 65891 chars
    pydantic.fields: 45929 chars
    pydantic.config: 29138 chars
    pydantic.networks: 21214 chars
    pydantic.functional_validators: 23599 chars
    pydantic.color: 21492 chars
    pydantic.type_adapter: 18033 chars
    pydantic.functional_serializers: 14619 chars
    werkzeug.http: 43362 chars
    werkzeug.serving: 39331 chars
    werkzeug.datastructures.structures: 31760 chars
    werkzeug.routing.map: 36349 chars
    werkzeug.routing.rules: 31894 chars
    werkzeug.exceptions: 26061 chars
    werkzeug.wrappers.response: 32586 chars
    werkzeug.sansio.response: 27646 chars
    werkzeug.utils: 24653 chars
    werkzeug.wrappers.request: 24619 chars
    werkzeug.local: 22002 chars
    werkzeug.wsgi: 20893 chars
    starlette.routing: 35752 chars
    starlette.testclient: 29843 chars
    starlette.datastructures: 23348 chars
    starlette.responses: 12650 chars
    starlette.requests: 11196 chars
    starlette.formparsers: 10433 chars
    starlette.applications: 10922 chars
    starlette.middleware.errors: 7937 chars
    starlette.staticfiles: 8723 chars
    starlette.templating: 8984 chars
    starlette.middleware.base: 8794 chars
  Fetched 93/93 modules

Running 93 targets with 48 workers...
2026-09-22 17:53:57,308 INFO: Plan 0: ḡ=38, γE[v]=50.0, Q=88.0 (fn)
2026-09-22 17:54:01,955 INFO: Plan 1: ḡ=395, γE[v]=23.5, Q=418.5 (fn)
2026-09-22 17:54:02,882 INFO: Plan 2: ḡ=318, γE[v]=61.5, Q=379.5 (fn)
2026-09-22 17:54:02,883 INFO: Plan 0: ḡ=19.0, γE[v]=103.2, Q=122.2 (bayes)
2026-09-22 17:54:02,883 INFO: Plan 1: ḡ=197.5, γE[v]=12.8, Q=210.3 (bayes)
2026-09-22 17:54:02,883 INFO: Plan 2: ḡ=159.0, γE[v]=33.8, Q=192.8 (bayes)
2026-09-22 17:54:39,277 INFO: Plan 2: ḡ=185, γE[v]=0.0, Q=185.0 (fn)
2026-09-22 17:54:40,324 INFO: Plan 0: ḡ=132, γE[v]=0.0, Q=132.0 (fn)
2026-09-22 17:54:44,042 INFO: Plan 1: ḡ=287, γE[v]=202.0, Q=489.0 (fn)
2026-09-22 17:54:44,042 INFO: Plan 0: ḡ=66.0, γE[v]=261.0, Q=327.0 (bayes)
2026-09-22 17:54:44,042 INFO: Plan 1: ḡ=143.5, γE[v]=231.3, Q=374.8 (bayes)
2026-09-22 17:54:44,043 INFO: Plan 2: ḡ=92.5, γE[v]=247.8, Q=340.2 (bayes)
2026-09-22 17:54:48,827 INFO: Plan 2: ḡ=48, γE[v]=0.0, Q=48.0 (fn)
2026-09-22 17:54:49,799 INFO: Plan 0: ḡ=24, γE[v]=0.0, Q=24.0 (fn)
2026-09-22 17:54:50,164 INFO: Plan 1: ḡ=52, γE[v]=0.0, Q=52.0 (fn)
2026-09-22 17:54:50,164 INFO: Plan 0: ḡ=8.7, γE[v]=11.2, Q=19.8 (bayes)
2026-09-22 17:54:50,164 INFO: Plan 1: ḡ=17.3, γE[v]=6.8, Q=24.2 (bayes)
2026-09-22 17:54:50,164 INFO: Plan 2: ḡ=16.0, γE[v]=7.5, Q=23.5 (bayes)
2026-09-22 17:55:25,707 INFO: Plan 0: ḡ=12, γE[v]=0.0, Q=12.0 (fn)
2026-09-22 17:55:27,126 INFO: Plan 1: ḡ=7, γE[v]=0.0, Q=7.0 (fn)
2026-09-22 17:55:31,155 INFO: Plan 2: ḡ=82, γE[v]=4.5, Q=86.5 (fn)
2026-09-22 17:55:31,155 INFO: Plan 0: ḡ=6.0, γE[v]=22.0, Q=28.0 (bayes)
2026-09-22 17:55:31,155 INFO: Plan 1: ḡ=3.5, γE[v]=23.2, Q=26.8 (bayes)
2026-09-22 17:55:31,155 INFO: Plan 2: ḡ=41.0, γE[v]=4.7, Q=45.7 (bayes)
2026-09-22 17:55:41,165 INFO: Plan 0: ḡ=18, γE[v]=0.0, Q=18.0 (fn)
2026-09-22 17:55:41,789 INFO: Plan 2: ḡ=28, γE[v]=0.0, Q=28.0 (fn)
2026-09-22 17:55:42,486 INFO: Plan 1: ḡ=28, γE[v]=0.0, Q=28.0 (fn)
2026-09-22 17:55:42,794 INFO: Plan 0: ḡ=35, γE[v]=0.0, Q=35.0 (fn)
2026-09-22 17:55:42,794 INFO: Plan 0: ḡ=9.8, γE[v]=3.7, Q=13.6 (bayes)
2026-09-22 17:55:42,794 INFO: Plan 1: ḡ=7.0, γE[v]=5.2, Q=12.2 (bayes)
2026-09-22 17:55:42,794 INFO: Plan 2: ḡ=9.7, γE[v]=3.8, Q=13.5 (bayes)
2026-09-22 17:55:44,190 INFO: Plan 1: ḡ=156, γE[v]=0.0, Q=156.0 (fn)
2026-09-22 17:55:50,110 INFO: Plan 1: ḡ=41, γE[v]=0.0, Q=41.0 (fn)
2026-09-22 17:55:50,283 INFO: Plan 0: ḡ=13, γE[v]=0.0, Q=13.0 (fn)
2026-09-22 17:55:50,285 INFO: Plan 2: ḡ=48, γE[v]=0.0, Q=48.0 (fn)
2026-09-22 17:55:50,286 INFO: Plan 0: ḡ=6.5, γE[v]=132.0, Q=138.5 (bayes)
2026-09-22 17:55:50,286 INFO: Plan 1: ḡ=20.5, γE[v]=125.0, Q=145.5 (bayes)
2026-09-22 17:55:50,286 INFO: Plan 2: ḡ=18.3, γE[v]=126.1, Q=144.4 (bayes)
2026-09-22 17:55:52,922 INFO: Plan 1: ḡ=202, γE[v]=0.0, Q=202.0 (fn)
2026-09-22 17:55:54,947 INFO: Plan 2: ḡ=221, γE[v]=0.0, Q=221.0 (fn)
2026-09-22 17:55:54,947 INFO: Plan 0: ḡ=9.0, γE[v]=79.2, Q=88.2 (bayes)
2026-09-22 17:55:54,947 INFO: Plan 1: ḡ=78.0, γE[v]=44.8, Q=122.8 (bayes)
2026-09-22 17:55:54,947 INFO: Plan 2: ḡ=110.5, γE[v]=28.5, Q=139.0 (bayes)
2026-09-22 17:55:55,262 INFO: Plan 0: ḡ=58, γE[v]=127.5, Q=185.5 (fn)
2026-09-22 17:55:58,430 INFO: Plan 2: ḡ=301, γE[v]=71.5, Q=372.5 (fn)
2026-09-22 17:55:58,430 INFO: Plan 0: ḡ=29.0, γE[v]=127.7, Q=156.7 (bayes)
2026-09-22 17:55:58,431 INFO: Plan 1: ḡ=101.0, γE[v]=86.0, Q=187.0 (bayes)
2026-09-22 17:55:58,431 INFO: Plan 2: ḡ=150.5, γE[v]=64.5, Q=215.0 (bayes)
2026-09-22 17:55:58,470 INFO: Plan 0: ḡ=23, γE[v]=0.0, Q=23.0 (fn)
2026-09-22 17:56:02,133 INFO: Plan 1: ḡ=52, γE[v]=0.0, Q=52.0 (fn)
2026-09-22 17:56:08,842 INFO: Plan 2: ḡ=24, γE[v]=59.0, Q=83.0 (fn)
2026-09-22 17:56:08,842 INFO: Plan 0: ḡ=11.5, γE[v]=48.8, Q=60.2 (bayes)
2026-09-22 17:56:08,842 INFO: Plan 1: ḡ=26.0, γE[v]=41.5, Q=67.5 (bayes)
2026-09-22 17:56:08,842 INFO: Plan 2: ḡ=12.0, γE[v]=51.2, Q=63.2 (bayes)
2026-09-22 17:56:15,607 INFO: Plan 0: ḡ=9, γE[v]=0.0, Q=9.0 (fn)
2026-09-22 17:56:19,251 INFO: Plan 1: ḡ=4, γE[v]=4.5, Q=8.5 (fn)
2026-09-22 17:56:20,827 INFO: Plan 2: ḡ=4, γE[v]=4.5, Q=8.5 (fn)
2026-09-22 17:56:20,828 INFO: Plan 0: ḡ=3.8, γE[v]=1.0, Q=4.8 (bayes)
2026-09-22 17:56:20,828 INFO: Plan 1: ḡ=2.0, γE[v]=2.1, Q=4.2 (bayes)
2026-09-22 17:56:20,828 INFO: Plan 2: ḡ=2.0, γE[v]=2.1, Q=4.2 (bayes)
2026-09-22 17:56:32,037 INFO: Plan 2: ḡ=27, γE[v]=0.0, Q=27.0 (fn)
2026-09-22 17:56:32,280 INFO: Plan 0: ḡ=2, γE[v]=0.0, Q=2.0 (fn)
2026-09-22 17:56:32,942 INFO: Plan 0: ḡ=13, γE[v]=0.0, Q=13.0 (fn)
2026-09-22 17:56:33,828 INFO: Plan 1: ḡ=35, γE[v]=0.0, Q=35.0 (fn)
2026-09-22 17:56:33,829 INFO: Plan 0: ḡ=1.3, γE[v]=4.7, Q=6.0 (bayes)
2026-09-22 17:56:33,829 INFO: Plan 1: ḡ=10.8, γE[v]=0.0, Q=10.8 (bayes)
2026-09-22 17:56:33,829 INFO: Plan 2: ḡ=7.9, γE[v]=1.4, Q=9.3 (bayes)
2026-09-22 17:56:33,971 INFO: Plan 2: ḡ=58, γE[v]=0.0, Q=58.0 (fn)
2026-09-22 17:56:35,414 INFO: Plan 1: ḡ=43, γE[v]=0.0, Q=43.0 (fn)
2026-09-22 17:56:35,416 INFO: Plan 0: ḡ=6.5, γE[v]=127.4, Q=133.9 (bayes)
2026-09-22 17:56:35,416 INFO: Plan 1: ḡ=23.2, γE[v]=119.1, Q=142.2 (bayes)
2026-09-22 17:56:35,416 INFO: Plan 2: ḡ=23.3, γE[v]=119.0, Q=142.3 (bayes)
2026-09-22 17:56:38,242 INFO: Plan 1: ḡ=230, γE[v]=16.0, Q=246.0 (fn)
2026-09-22 17:56:39,323 INFO: Plan 0: ḡ=27, γE[v]=117.5, Q=144.5 (fn)
2026-09-22 17:56:40,049 INFO: Plan 2: ḡ=204, γE[v]=29.0, Q=233.0 (fn)
2026-09-22 17:56:40,050 INFO: Plan 0: ḡ=13.5, γE[v]=64.0, Q=77.5 (bayes)
2026-09-22 17:56:40,050 INFO: Plan 1: ḡ=115.0, γE[v]=8.7, Q=123.7 (bayes)
2026-09-22 17:56:40,051 INFO: Plan 2: ḡ=102.0, γE[v]=15.8, Q=117.8 (bayes)
2026-09-22 17:57:00,305 INFO: Plan 0: ḡ=22, γE[v]=0.0, Q=22.0 (fn)
2026-09-22 17:57:04,624 INFO: Plan 2: ḡ=56, γE[v]=0.0, Q=56.0 (fn)
2026-09-22 17:57:06,570 INFO: Plan 0: ḡ=19, γE[v]=0.0, Q=19.0 (fn)
2026-09-22 17:57:07,317 INFO: Plan 1: ḡ=83, γE[v]=0.0, Q=83.0 (fn)
2026-09-22 17:57:07,317 INFO: Plan 0: ḡ=10.7, γE[v]=28.2, Q=38.8 (bayes)
2026-09-22 17:57:07,317 INFO: Plan 1: ḡ=43.7, γE[v]=11.7, Q=55.3 (bayes)
2026-09-22 17:57:07,317 INFO: Plan 2: ḡ=27.3, γE[v]=19.8, Q=47.2 (bayes)
2026-09-22 17:57:12,228 INFO: Plan 0: ḡ=20, γE[v]=0.0, Q=20.0 (fn)
2026-09-22 17:57:12,859 INFO: Plan 2: ḡ=30, γE[v]=0.0, Q=30.0 (fn)
2026-09-22 17:57:13,332 INFO: Plan 1: ḡ=46, γE[v]=0.0, Q=46.0 (fn)
2026-09-22 17:57:13,333 INFO: Plan 0: ḡ=10.0, γE[v]=119.0, Q=129.0 (bayes)
2026-09-22 17:57:13,333 INFO: Plan 1: ḡ=23.0, γE[v]=112.5, Q=135.5 (bayes)
2026-09-22 17:57:13,333 INFO: Plan 2: ḡ=15.0, γE[v]=116.5, Q=131.5 (bayes)
2026-09-22 17:57:13,537 INFO: Plan 0: ḡ=27, γE[v]=0.0, Q=27.0 (fn)
2026-09-22 17:57:15,164 INFO: Plan 1: ḡ=424, γE[v]=65.0, Q=489.0 (fn)
2026-09-22 17:57:15,346 INFO: Plan 0: ḡ=11, γE[v]=0.0, Q=11.0 (fn)
2026-09-22 17:57:16,821 INFO: Plan 2: ḡ=398, γE[v]=79.0, Q=477.0 (fn)
2026-09-22 17:57:16,822 INFO: Plan 0: ḡ=9.5, γE[v]=134.2, Q=143.8 (bayes)
2026-09-22 17:57:16,823 INFO: Plan 1: ḡ=212.0, γE[v]=35.9, Q=247.9 (bayes)
2026-09-22 17:57:16,823 INFO: Plan 2: ḡ=199.0, γE[v]=43.1, Q=242.1 (bayes)
2026-09-22 17:57:17,084 INFO: Plan 2: ḡ=1, γE[v]=0.0, Q=1.0 (fn)
2026-09-22 17:57:17,864 INFO: Plan 1: ḡ=2, γE[v]=0.0, Q=2.0 (fn)
2026-09-22 17:57:19,897 INFO: Plan 0: ḡ=203, γE[v]=52.5, Q=255.5 (fn)
2026-09-22 17:57:21,201 INFO: Plan 0: ḡ=6, γE[v]=1.5, Q=7.5 (fn)
2026-09-22 17:57:21,202 INFO: Plan 0: ḡ=2.2, γE[v]=0.8, Q=3.0 (bayes)
2026-09-22 17:57:21,202 INFO: Plan 1: ḡ=1.0, γE[v]=1.3, Q=2.3 (bayes)
2026-09-22 17:57:21,202 INFO: Plan 2: ḡ=0.5, γE[v]=1.6, Q=2.1 (bayes)
2026-09-22 17:57:21,298 INFO: Plan 2: ḡ=250, γE[v]=115.5, Q=365.5 (fn)
2026-09-22 17:57:21,476 INFO: Plan 1: ḡ=69, γE[v]=21.0, Q=90.0 (fn)
2026-09-22 17:57:21,928 INFO: Plan 2: ḡ=36, γE[v]=37.5, Q=73.5 (fn)
2026-09-22 17:57:21,929 INFO: Plan 0: ḡ=5.5, γE[v]=25.0, Q=30.5 (bayes)
2026-09-22 17:57:21,930 INFO: Plan 1: ḡ=34.5, γE[v]=11.4, Q=46.0 (bayes)
2026-09-22 17:57:21,930 INFO: Plan 2: ḡ=18.0, γE[v]=20.4, Q=38.4 (bayes)
2026-09-22 17:57:22,215 INFO: Plan 2: ḡ=129, γE[v]=54.5, Q=183.5 (fn)
2026-09-22 17:57:22,620 INFO: Plan 1: ḡ=179, γE[v]=46.0, Q=225.0 (fn)
2026-09-22 17:57:22,622 INFO: Plan 0: ḡ=101.5, γE[v]=340.4, Q=441.9 (bayes)
2026-09-22 17:57:22,622 INFO: Plan 1: ḡ=89.5, γE[v]=346.1, Q=435.6 (bayes)
2026-09-22 17:57:22,622 INFO: Plan 2: ḡ=125.0, γE[v]=331.4, Q=456.4 (bayes)
2026-09-22 17:57:22,766 INFO: Plan 2: ḡ=67, γE[v]=0.0, Q=67.0 (fn)
2026-09-22 17:57:22,810 INFO: Plan 0: ḡ=54, γE[v]=0.0, Q=54.0 (fn)
2026-09-22 17:57:23,281 INFO: Plan 1: ḡ=121, γE[v]=0.0, Q=121.0 (fn)
2026-09-22 17:57:23,282 INFO: Plan 0: ḡ=24.7, γE[v]=29.5, Q=54.2 (bayes)
2026-09-22 17:57:23,282 INFO: Plan 1: ḡ=43.0, γE[v]=20.3, Q=63.3 (bayes)
2026-09-22 17:57:23,282 INFO: Plan 2: ḡ=25.0, γE[v]=29.3, Q=54.3 (bayes)
2026-09-22 17:57:24,177 INFO: Plan 0: ḡ=10, γE[v]=0.0, Q=10.0 (fn)
2026-09-22 17:57:24,868 INFO: Plan 2: ḡ=69, γE[v]=0.0, Q=69.0 (fn)
2026-09-22 17:57:25,658 INFO: Plan 0: ḡ=2, γE[v]=0.0, Q=2.0 (fn)
2026-09-22 17:57:26,655 INFO: Plan 1: ḡ=29, γE[v]=0.0, Q=29.0 (fn)
2026-09-22 17:57:26,656 INFO: Plan 2: ḡ=29, γE[v]=0.0, Q=29.0 (fn)
2026-09-22 17:57:26,656 INFO: Plan 0: ḡ=1.5, γE[v]=3.0, Q=4.5 (bayes)
2026-09-22 17:57:26,656 INFO: Plan 1: ḡ=7.6, γE[v]=0.0, Q=7.6 (bayes)
2026-09-22 17:57:26,656 INFO: Plan 2: ḡ=7.6, γE[v]=0.0, Q=7.6 (bayes)
2026-09-22 17:57:27,099 INFO: Plan 1: ḡ=31, γE[v]=7.5, Q=38.5 (fn)
2026-09-22 17:57:27,099 INFO: Plan 0: ḡ=5.0, γE[v]=117.7, Q=122.7 (bayes)
2026-09-22 17:57:27,099 INFO: Plan 1: ḡ=15.0, γE[v]=113.0, Q=128.0 (bayes)
2026-09-22 17:57:27,099 INFO: Plan 2: ḡ=27.2, γE[v]=106.6, Q=133.8 (bayes)
2026-09-22 17:57:36,023 INFO: Plan 1: ḡ=503, γE[v]=60.0, Q=563.0 (fn)
2026-09-22 17:57:36,023 INFO: Plan 0: ḡ=13.5, γE[v]=183.8, Q=197.2 (bayes)
2026-09-22 17:57:36,023 INFO: Plan 1: ḡ=251.5, γE[v]=67.5, Q=318.9 (bayes)
2026-09-22 17:57:36,023 INFO: Plan 2: ḡ=64.5, γE[v]=160.7, Q=225.2 (bayes)
2026-09-22 17:57:42,870 INFO: Plan 1: ḡ=34, γE[v]=61.0, Q=95.0 (fn)
2026-09-22 17:57:43,485 INFO: Plan 2: ḡ=130, γE[v]=16.0, Q=146.0 (fn)
2026-09-22 17:57:44,430 INFO: Plan 0: ḡ=25, γE[v]=69.0, Q=94.0 (fn)
2026-09-22 17:57:44,431 INFO: Plan 0: ḡ=11.8, γE[v]=37.6, Q=49.4 (bayes)
2026-09-22 17:57:44,431 INFO: Plan 1: ḡ=16.8, γE[v]=34.8, Q=51.6 (bayes)
2026-09-22 17:57:44,431 INFO: Plan 2: ḡ=64.3, γE[v]=9.0, Q=73.3 (bayes)
2026-09-22 17:57:45,907 INFO: Plan 0: ḡ=3, γE[v]=0.0, Q=3.0 (fn)
2026-09-22 17:57:45,908 INFO: Plan 2: ḡ=11, γE[v]=0.0, Q=11.0 (fn)
2026-09-22 17:57:48,191 INFO: Plan 0: ḡ=10, γE[v]=0.0, Q=10.0 (fn)
2026-09-22 17:57:48,235 INFO: Plan 1: ḡ=243, γE[v]=143.0, Q=386.0 (fn)
2026-09-22 17:57:49,139 INFO: Plan 1: ḡ=60, γE[v]=6.0, Q=66.0 (fn)
2026-09-22 17:57:49,141 INFO: Plan 0: ḡ=1.0, γE[v]=11.7, Q=12.7 (bayes)
2026-09-22 17:57:49,142 INFO: Plan 1: ḡ=20.0, γE[v]=2.5, Q=22.5 (bayes)
2026-09-22 17:57:49,142 INFO: Plan 2: ḡ=3.7, γE[v]=10.3, Q=14.0 (bayes)
2026-09-22 17:57:49,722 INFO: Plan 0: ḡ=534, γE[v]=6.0, Q=540.0 (fn)
2026-09-22 17:57:50,635 INFO: Plan 2: ḡ=537, γE[v]=4.5, Q=541.5 (fn)
2026-09-22 17:57:50,636 INFO: Plan 0: ḡ=267.0, γE[v]=3.3, Q=270.3 (bayes)
2026-09-22 17:57:50,637 INFO: Plan 1: ḡ=121.5, γE[v]=82.2, Q=203.7 (bayes)
2026-09-22 17:57:50,637 INFO: Plan 2: ḡ=268.5, γE[v]=2.5, Q=270.9 (bayes)
2026-09-22 17:57:55,811 INFO: Plan 2: ḡ=116, γE[v]=136.0, Q=252.0 (fn)
2026-09-22 17:57:58,269 INFO: Plan 1: ḡ=96, γE[v]=121.5, Q=217.5 (fn)
2026-09-22 17:57:58,270 INFO: Plan 0: ḡ=5.0, γE[v]=120.5, Q=125.5 (bayes)
2026-09-22 17:57:58,270 INFO: Plan 1: ḡ=48.0, γE[v]=104.5, Q=152.5 (bayes)
2026-09-22 17:57:58,270 INFO: Plan 2: ḡ=58.0, γE[v]=100.1, Q=158.1 (bayes)
2026-09-22 17:58:03,229 INFO: Plan 2: ḡ=110, γE[v]=0.0, Q=110.0 (fn)
2026-09-22 17:58:03,869 INFO: Plan 2: ḡ=18, γE[v]=0.0, Q=18.0 (fn)
2026-09-22 17:58:04,666 INFO: Plan 0: ḡ=37, γE[v]=0.0, Q=37.0 (fn)
2026-09-22 17:58:05,006 INFO: Plan 0: ḡ=1, γE[v]=0.0, Q=1.0 (fn)
2026-09-22 17:58:05,201 INFO: Plan 1: ḡ=1, γE[v]=0.0, Q=1.0 (fn)
2026-09-22 17:58:06,151 INFO: Plan 2: ḡ=3, γE[v]=0.0, Q=3.0 (fn)
2026-09-22 17:58:06,153 INFO: Plan 0: ḡ=0.3, γE[v]=0.3, Q=0.7 (bayes)
2026-09-22 17:58:06,154 INFO: Plan 1: ḡ=0.3, γE[v]=0.3, Q=0.7 (bayes)
2026-09-22 17:58:06,156 INFO: Plan 2: ḡ=1.0, γE[v]=0.0, Q=1.0 (bayes)
2026-09-22 17:58:06,370 INFO: Plan 0: ḡ=55, γE[v]=0.0, Q=55.0 (fn)
2026-09-22 17:58:07,856 INFO: Plan 0: ḡ=41, γE[v]=37.0, Q=78.0 (fn)
2026-09-22 17:58:08,350 INFO: Plan 2: ḡ=74, γE[v]=0.0, Q=74.0 (fn)
2026-09-22 17:58:09,131 INFO: Plan 0: ḡ=14, γE[v]=0.0, Q=14.0 (fn)
2026-09-22 17:58:10,019 INFO: Plan 1: ḡ=51, γE[v]=7.0, Q=58.0 (fn)
2026-09-22 17:58:10,020 INFO: Plan 0: ḡ=21.8, γE[v]=6.7, Q=28.4 (bayes)
2026-09-22 17:58:10,021 INFO: Plan 1: ḡ=28.1, γE[v]=3.8, Q=31.9 (bayes)
2026-09-22 17:58:10,021 INFO: Plan 2: ḡ=8.3, γE[v]=13.4, Q=21.7 (bayes)
2026-09-22 17:58:10,179 INFO: Plan 1: ḡ=76, γE[v]=0.0, Q=76.0 (fn)
2026-09-22 17:58:10,412 INFO: Plan 1: ḡ=22, γE[v]=19.0, Q=41.0 (fn)
2026-09-22 17:58:10,413 INFO: Plan 0: ḡ=20.5, γE[v]=100.7, Q=121.2 (bayes)
2026-09-22 17:58:10,413 INFO: Plan 1: ḡ=11.0, γE[v]=104.6, Q=115.6 (bayes)
2026-09-22 17:58:10,413 INFO: Plan 2: ḡ=55.0, γE[v]=81.8, Q=136.8 (bayes)
2026-09-22 17:58:11,491 INFO: Plan 2: ḡ=177, γE[v]=0.0, Q=177.0 (fn)
2026-09-22 17:58:13,522 INFO: Plan 1: ḡ=130, γE[v]=22.0, Q=152.0 (fn)
2026-09-22 17:58:13,523 INFO: Plan 0: ḡ=4.8, γE[v]=26.7, Q=31.5 (bayes)
2026-09-22 17:58:13,523 INFO: Plan 1: ḡ=43.3, γE[v]=8.7, Q=52.1 (bayes)
2026-09-22 17:58:13,523 INFO: Plan 2: ḡ=24.7, γE[v]=16.8, Q=41.4 (bayes)
2026-09-22 17:58:14,356 INFO: Plan 2: ḡ=55, γE[v]=0.0, Q=55.0 (fn)
2026-09-22 17:58:14,743 INFO: Plan 1: ḡ=146, γE[v]=11.0, Q=157.0 (fn)
2026-09-22 17:58:14,745 INFO: Plan 0: ḡ=11, γE[v]=0.0, Q=11.0 (fn)
2026-09-22 17:58:16,609 INFO: Plan 2: ḡ=50, γE[v]=59.0, Q=109.0 (fn)
2026-09-22 17:58:16,610 INFO: Plan 0: ḡ=27.5, γE[v]=28.2, Q=55.8 (bayes)
2026-09-22 17:58:16,614 INFO: Plan 1: ḡ=73.0, γE[v]=6.0, Q=79.0 (bayes)
2026-09-22 17:58:16,616 INFO: Plan 2: ḡ=25.0, γE[v]=32.2, Q=57.2 (bayes)
2026-09-22 17:58:17,938 INFO: Plan 0: ḡ=86, γE[v]=116.5, Q=202.5 (fn)
2026-09-22 17:58:17,938 INFO: Plan 0: ḡ=43.0, γE[v]=84.5, Q=127.5 (bayes)
2026-09-22 17:58:17,939 INFO: Plan 1: ḡ=38.0, γE[v]=81.8, Q=119.8 (bayes)
2026-09-22 17:58:17,939 INFO: Plan 2: ḡ=88.5, γE[v]=56.5, Q=145.0 (bayes)
2026-09-22 17:58:18,451 INFO: Plan 2: ḡ=49, γE[v]=0.0, Q=49.0 (fn)
2026-09-22 17:58:18,534 INFO: Plan 2: ḡ=23, γE[v]=0.0, Q=23.0 (fn)
2026-09-22 17:58:18,702 INFO: Plan 0: ḡ=11, γE[v]=0.0, Q=11.0 (fn)
2026-09-22 17:58:18,839 INFO: Plan 1: ḡ=152, γE[v]=58.0, Q=210.0 (fn)
2026-09-22 17:58:18,975 INFO: Plan 1: ḡ=27, γE[v]=0.0, Q=27.0 (fn)
2026-09-22 17:58:18,976 INFO: Plan 0: ḡ=5.5, γE[v]=105.8, Q=111.3 (bayes)
2026-09-22 17:58:18,977 INFO: Plan 1: ḡ=15.2, γE[v]=101.0, Q=116.2 (bayes)
2026-09-22 17:58:18,977 INFO: Plan 2: ḡ=21.8, γE[v]=97.7, Q=119.5 (bayes)
2026-09-22 17:58:20,773 INFO: Plan 0: ḡ=36, γE[v]=0.0, Q=36.0 (fn)
2026-09-22 17:58:21,086 INFO: Plan 0: ḡ=29, γE[v]=0.0, Q=29.0 (fn)
2026-09-22 17:58:21,327 INFO: Plan 1: ḡ=29, γE[v]=0.0, Q=29.0 (fn)
2026-09-22 17:58:22,115 INFO: Plan 0: ḡ=78, γE[v]=48.0, Q=126.0 (fn)
2026-09-22 17:58:22,460 INFO: Plan 2: ḡ=15, γE[v]=7.0, Q=22.0 (fn)
2026-09-22 17:58:22,460 INFO: Plan 0: ḡ=6.6, γE[v]=0.0, Q=6.6 (bayes)
2026-09-22 17:58:22,460 INFO: Plan 1: ḡ=6.6, γE[v]=0.0, Q=6.6 (bayes)
2026-09-22 17:58:22,461 INFO: Plan 2: ḡ=3.8, γE[v]=1.9, Q=5.7 (bayes)
2026-09-22 17:58:22,508 INFO: Plan 1: ḡ=89, γE[v]=11.5, Q=100.5 (fn)
2026-09-22 17:58:22,509 INFO: Plan 0: ḡ=5.5, γE[v]=107.2, Q=112.8 (bayes)
2026-09-22 17:58:22,509 INFO: Plan 1: ḡ=44.5, γE[v]=88.3, Q=132.8 (bayes)
2026-09-22 17:58:22,509 INFO: Plan 2: ḡ=27.5, γE[v]=96.2, Q=123.8 (bayes)
2026-09-22 17:58:22,853 INFO: Plan 0: ḡ=12, γE[v]=0.0, Q=12.0 (fn)
2026-09-22 17:58:23,334 INFO: Plan 2: ḡ=113, γE[v]=52.5, Q=165.5 (fn)
2026-09-22 17:58:23,335 INFO: Plan 0: ḡ=39.0, γE[v]=136.7, Q=175.7 (bayes)
2026-09-22 17:58:23,335 INFO: Plan 1: ḡ=76.0, γE[v]=118.6, Q=194.6 (bayes)
2026-09-22 17:58:23,335 INFO: Plan 2: ḡ=56.5, γE[v]=128.1, Q=184.6 (bayes)
2026-09-22 17:58:23,618 INFO: Plan 1: ḡ=71, γE[v]=19.0, Q=90.0 (fn)
2026-09-22 17:58:23,752 INFO: Plan 0: ḡ=21, γE[v]=44.0, Q=65.0 (fn)
2026-09-22 17:58:23,753 INFO: Plan 0: ḡ=7.0, γE[v]=17.3, Q=24.3 (bayes)
2026-09-22 17:58:23,753 INFO: Plan 1: ḡ=23.7, γE[v]=7.5, Q=31.1 (bayes)
2026-09-22 17:58:23,753 INFO: Plan 2: ḡ=7.7, γE[v]=14.3, Q=22.0 (bayes)
2026-09-22 17:58:30,411 INFO: Plan 2: ḡ=285, γE[v]=85.5, Q=370.5 (fn)
2026-09-22 17:58:31,406 INFO: Plan 0: ḡ=457, γE[v]=0.0, Q=457.0 (fn)
2026-09-22 17:58:31,532 INFO: Plan 1: ḡ=373, γE[v]=42.0, Q=415.0 (fn)
2026-09-22 17:58:31,795 INFO: Plan 2: ḡ=457, γE[v]=0.0, Q=457.0 (fn)
2026-09-22 17:58:31,795 INFO: Plan 0: ḡ=228.5, γE[v]=0.0, Q=228.5 (bayes)
2026-09-22 17:58:31,796 INFO: Plan 1: ḡ=186.5, γE[v]=22.9, Q=209.4 (bayes)
2026-09-22 17:58:31,796 INFO: Plan 2: ḡ=228.5, γE[v]=0.0, Q=228.5 (bayes)
2026-09-22 17:58:32,826 INFO: Plan 2: ḡ=61, γE[v]=14.0, Q=75.0 (fn)
2026-09-22 17:58:33,361 INFO: Plan 0: ḡ=0, γE[v]=0.0, Q=0.0 (fn)
2026-09-22 17:58:34,369 INFO: Plan 2: ḡ=80, γE[v]=0.0, Q=80.0 (fn)
2026-09-22 17:58:34,777 INFO: Plan 1: ḡ=48, γE[v]=10.0, Q=58.0 (fn)
2026-09-22 17:58:34,779 INFO: Plan 0: ḡ=6.0, γE[v]=76.0, Q=82.0 (bayes)
2026-09-22 17:58:34,779 INFO: Plan 1: ḡ=24.0, γE[v]=67.5, Q=91.5 (bayes)
2026-09-22 17:58:34,779 INFO: Plan 2: ḡ=30.5, γE[v]=64.4, Q=94.9 (bayes)
2026-09-22 17:58:35,399 INFO: Plan 1: ḡ=92, γE[v]=0.0, Q=92.0 (fn)
2026-09-22 17:58:35,400 INFO: Plan 0: ḡ=0.0, γE[v]=51.6, Q=51.6 (bayes)
2026-09-22 17:58:35,400 INFO: Plan 1: ḡ=30.7, γE[v]=36.2, Q=66.9 (bayes)
2026-09-22 17:58:35,400 INFO: Plan 2: ḡ=26.7, γE[v]=38.2, Q=64.9 (bayes)
2026-09-22 17:58:37,585 INFO: Plan 0: ḡ=42, γE[v]=1.0, Q=43.0 (fn)
2026-09-22 17:58:39,631 INFO: Plan 2: ḡ=7, γE[v]=0.0, Q=7.0 (fn)
2026-09-22 17:58:40,201 INFO: Plan 2: ḡ=72, γE[v]=52.0, Q=124.0 (fn)
2026-09-22 17:58:42,685 INFO: Plan 2: ḡ=12, γE[v]=0.0, Q=12.0 (fn)
2026-09-22 17:58:43,264 INFO: Plan 1: ḡ=28, γE[v]=12.0, Q=40.0 (fn)
2026-09-22 17:58:43,609 INFO: Plan 0: ḡ=21, γE[v]=15.5, Q=36.5 (fn)
2026-09-22 17:58:43,611 INFO: Plan 0: ḡ=7.1, γE[v]=6.1, Q=13.2 (bayes)
2026-09-22 17:58:43,612 INFO: Plan 1: ḡ=9.4, γE[v]=4.7, Q=14.1 (bayes)
2026-09-22 17:58:43,612 INFO: Plan 2: ḡ=2.3, γE[v]=7.5, Q=9.9 (bayes)
2026-09-22 17:58:44,341 INFO: Plan 1: ḡ=153, γE[v]=34.5, Q=187.5 (fn)
2026-09-22 17:58:44,341 INFO: Plan 0: ḡ=21.0, γE[v]=45.0, Q=66.0 (bayes)
2026-09-22 17:58:44,341 INFO: Plan 1: ḡ=76.5, γE[v]=18.8, Q=95.3 (bayes)
2026-09-22 17:58:44,341 INFO: Plan 2: ḡ=36.0, γE[v]=39.8, Q=75.8 (bayes)
2026-09-22 17:58:45,056 INFO: Plan 1: ḡ=29, γE[v]=0.0, Q=29.0 (fn)
2026-09-22 17:58:46,480 INFO: Plan 1: ḡ=834, γE[v]=97.5, Q=931.5 (fn)
2026-09-22 17:58:46,481 INFO: Plan 0: ḡ=18.0, γE[v]=286.8, Q=304.8 (bayes)
2026-09-22 17:58:46,482 INFO: Plan 1: ḡ=369.0, γE[v]=115.7, Q=484.7 (bayes)
2026-09-22 17:58:46,482 INFO: Plan 2: ḡ=109.5, γE[v]=245.4, Q=354.9 (bayes)
2026-09-22 17:58:46,784 INFO: Plan 0: ḡ=2, γE[v]=0.0, Q=2.0 (fn)
2026-09-22 17:58:47,049 INFO: Plan 1: ḡ=10, γE[v]=0.0, Q=10.0 (fn)
2026-09-22 17:58:47,133 INFO: Plan 2: ḡ=4, γE[v]=0.0, Q=4.0 (fn)
2026-09-22 17:58:47,133 INFO: Plan 0: ḡ=0.6, γE[v]=1.6, Q=2.2 (bayes)
2026-09-22 17:58:47,134 INFO: Plan 1: ḡ=2.5, γE[v]=0.7, Q=3.2 (bayes)
2026-09-22 17:58:47,134 INFO: Plan 2: ḡ=1.0, γE[v]=1.4, Q=2.4 (bayes)
2026-09-22 17:58:47,369 INFO: Plan 0: ḡ=12, γE[v]=0.0, Q=12.0 (fn)
2026-09-22 17:58:47,600 INFO: Plan 1: ḡ=30, γE[v]=0.0, Q=30.0 (fn)
2026-09-22 17:58:50,266 INFO: Plan 2: ḡ=55, γE[v]=6.5, Q=61.5 (fn)
2026-09-22 17:58:50,267 INFO: Plan 0: ḡ=4.0, γE[v]=9.3, Q=13.3 (bayes)
2026-09-22 17:58:50,267 INFO: Plan 1: ḡ=10.0, γE[v]=6.3, Q=16.3 (bayes)
2026-09-22 17:58:50,267 INFO: Plan 2: ḡ=18.3, γE[v]=2.6, Q=20.9 (bayes)
2026-09-22 17:58:50,901 INFO: Plan 0: ḡ=20, γE[v]=16.0, Q=36.0 (fn)
2026-09-22 17:58:50,902 INFO: Plan 0: ḡ=10.0, γE[v]=12.5, Q=22.5 (bayes)
2026-09-22 17:58:50,902 INFO: Plan 1: ḡ=14.5, γE[v]=9.5, Q=24.0 (bayes)
2026-09-22 17:58:50,902 INFO: Plan 2: ḡ=6.0, γE[v]=13.8, Q=19.8 (bayes)
2026-09-22 17:58:56,072 INFO: Plan 0: ḡ=2, γE[v]=0.0, Q=2.0 (fn)
2026-09-22 17:58:56,073 INFO: Plan 1: ḡ=2, γE[v]=0.0, Q=2.0 (fn)
2026-09-22 17:58:56,073 INFO: Plan 2: ḡ=2, γE[v]=0.0, Q=2.0 (fn)
2026-09-22 17:58:56,074 INFO: Plan 0: ḡ=0.5, γE[v]=0.0, Q=0.5 (bayes)
2026-09-22 17:58:56,074 INFO: Plan 1: ḡ=0.5, γE[v]=0.0, Q=0.5 (bayes)
2026-09-22 17:58:56,074 INFO: Plan 2: ḡ=0.5, γE[v]=0.0, Q=0.5 (bayes)
2026-09-22 17:58:57,635 INFO: Plan 0: ḡ=17, γE[v]=0.0, Q=17.0 (fn)
2026-09-22 17:58:59,056 INFO: Plan 2: ḡ=31, γE[v]=0.0, Q=31.0 (fn)
2026-09-22 17:58:59,678 INFO: Plan 0: ḡ=29, γE[v]=0.0, Q=29.0 (fn)
2026-09-22 17:59:00,521 INFO: Plan 1: ḡ=6, γE[v]=0.0, Q=6.0 (fn)
2026-09-22 17:59:00,871 INFO: Plan 0: ḡ=32, γE[v]=0.0, Q=32.0 (fn)
2026-09-22 17:59:00,918 INFO: Plan 2: ḡ=70, γE[v]=3.0, Q=73.0 (fn)
2026-09-22 17:59:01,815 INFO: Plan 1: ḡ=31, γE[v]=7.0, Q=38.0 (fn)
2026-09-22 17:59:01,816 INFO: Plan 0: ḡ=12.4, γE[v]=4.5, Q=16.9 (bayes)
2026-09-22 17:59:01,816 INFO: Plan 1: ḡ=16.7, γE[v]=2.8, Q=19.5 (bayes)
2026-09-22 17:59:01,816 INFO: Plan 2: ḡ=17.1, γE[v]=2.2, Q=19.2 (bayes)
2026-09-22 17:59:02,765 INFO: Plan 2: ḡ=33, γE[v]=0.0, Q=33.0 (fn)
2026-09-22 17:59:03,133 INFO: Plan 2: ḡ=9, γE[v]=1.5, Q=10.5 (fn)
2026-09-22 17:59:03,133 INFO: Plan 0: ḡ=16.0, γE[v]=44.2, Q=60.2 (bayes)
2026-09-22 17:59:03,133 INFO: Plan 1: ḡ=3.0, γE[v]=50.8, Q=53.8 (bayes)
2026-09-22 17:59:03,133 INFO: Plan 2: ḡ=4.5, γE[v]=50.1, Q=54.6 (bayes)
2026-09-22 17:59:05,219 INFO: Plan 2: ḡ=13, γE[v]=0.0, Q=13.0 (fn)
2026-09-22 17:59:06,282 INFO: Plan 0: ḡ=14, γE[v]=6.5, Q=20.5 (fn)
2026-09-22 17:59:06,288 INFO: Plan 0: ḡ=23, γE[v]=5.0, Q=28.0 (fn)
2026-09-22 17:59:06,808 INFO: Plan 1: ḡ=7, γE[v]=3.5, Q=10.5 (fn)
2026-09-22 17:59:06,809 INFO: Plan 0: ḡ=4.7, γE[v]=2.6, Q=7.2 (bayes)
2026-09-22 17:59:06,809 INFO: Plan 1: ḡ=2.3, γE[v]=3.5, Q=5.9 (bayes)
2026-09-22 17:59:06,809 INFO: Plan 2: ḡ=4.3, γE[v]=2.3, Q=6.7 (bayes)
2026-09-22 17:59:06,900 INFO: Plan 1: ḡ=41, γE[v]=19.0, Q=60.0 (fn)
2026-09-22 17:59:07,293 INFO: Plan 0: ḡ=5, γE[v]=6.5, Q=11.5 (fn)
2026-09-22 17:59:07,745 INFO: Plan 0: ḡ=24, γE[v]=0.0, Q=24.0 (fn)
2026-09-22 17:59:07,745 INFO: Plan 1: ḡ=27, γE[v]=0.0, Q=27.0 (fn)
2026-09-22 17:59:08,689 INFO: Plan 1: ḡ=242, γE[v]=92.5, Q=334.5 (fn)
2026-09-22 17:59:08,690 INFO: Plan 0: ḡ=14.5, γE[v]=82.5, Q=97.0 (bayes)
2026-09-22 17:59:08,690 INFO: Plan 1: ḡ=90.3, γE[v]=50.1, Q=140.5 (bayes)
2026-09-22 17:59:08,690 INFO: Plan 2: ḡ=26.3, γE[v]=76.7, Q=103.0 (bayes)
2026-09-22 17:59:08,731 INFO: Plan 2: ḡ=58, γE[v]=16.0, Q=74.0 (fn)
2026-09-22 17:59:08,732 INFO: Plan 0: ḡ=11.5, γE[v]=56.5, Q=68.0 (bayes)
2026-09-22 17:59:08,732 INFO: Plan 1: ḡ=20.5, γE[v]=52.6, Q=73.1 (bayes)
2026-09-22 17:59:08,732 INFO: Plan 2: ḡ=29.0, γE[v]=48.2, Q=77.2 (bayes)
2026-09-22 17:59:09,378 INFO: Plan 1: ḡ=55, γE[v]=0.0, Q=55.0 (fn)
2026-09-22 17:59:09,646 INFO: Plan 2: ḡ=115, γE[v]=0.0, Q=115.0 (fn)
2026-09-22 17:59:09,646 INFO: Plan 0: ḡ=12.0, γE[v]=89.7, Q=101.7 (bayes)
2026-09-22 17:59:09,646 INFO: Plan 1: ḡ=30.0, γE[v]=80.7, Q=110.7 (bayes)
2026-09-22 17:59:09,646 INFO: Plan 2: ḡ=47.5, γE[v]=71.9, Q=119.4 (bayes)
2026-09-22 17:59:09,880 INFO: Plan 0: ḡ=51, γE[v]=25.5, Q=76.5 (fn)
2026-09-22 17:59:10,068 INFO: Plan 2: ḡ=14, γE[v]=6.5, Q=20.5 (fn)
2026-09-22 17:59:10,068 INFO: Plan 0: ḡ=1.3, γE[v]=3.2, Q=4.5 (bayes)
2026-09-22 17:59:10,068 INFO: Plan 1: ḡ=6.8, γE[v]=0.0, Q=6.8 (bayes)
2026-09-22 17:59:10,069 INFO: Plan 2: ḡ=3.6, γE[v]=2.1, Q=5.7 (bayes)
2026-09-22 17:59:11,229 INFO: Plan 1: ḡ=46, γE[v]=28.0, Q=74.0 (fn)
2026-09-22 17:59:11,230 INFO: Plan 0: ḡ=25.5, γE[v]=13.9, Q=39.4 (bayes)
2026-09-22 17:59:11,230 INFO: Plan 1: ḡ=23.0, γE[v]=15.3, Q=38.3 (bayes)
2026-09-22 17:59:11,230 INFO: Plan 2: ḡ=16.5, γE[v]=17.2, Q=33.8 (bayes)
2026-09-22 17:59:13,780 INFO: Plan 0: ḡ=15, γE[v]=0.0, Q=15.0 (fn)
2026-09-22 17:59:17,707 INFO: Plan 0: ḡ=21, γE[v]=0.0, Q=21.0 (fn)
2026-09-22 17:59:17,708 INFO: Plan 2: ḡ=23, γE[v]=0.0, Q=23.0 (fn)
2026-09-22 17:59:20,218 INFO: Plan 2: ḡ=31, γE[v]=40.5, Q=71.5 (fn)
2026-09-22 17:59:20,219 INFO: Plan 0: ḡ=2, γE[v]=0.0, Q=2.0 (fn)
2026-09-22 17:59:21,404 INFO: Plan 2: ḡ=40, γE[v]=0.0, Q=40.0 (fn)
2026-09-22 17:59:21,440 INFO: Plan 1: ḡ=91, γE[v]=14.0, Q=105.0 (fn)
2026-09-22 17:59:21,440 INFO: Plan 0: ḡ=7.5, γE[v]=26.0, Q=33.5 (bayes)
2026-09-22 17:59:21,440 INFO: Plan 1: ḡ=45.5, γE[v]=7.6, Q=53.1 (bayes)
2026-09-22 17:59:21,440 INFO: Plan 2: ḡ=15.5, γE[v]=23.8, Q=39.3 (bayes)
2026-09-22 17:59:21,652 INFO: Plan 1: ḡ=77, γE[v]=16.0, Q=93.0 (fn)
2026-09-22 17:59:21,653 INFO: Plan 0: ḡ=5.2, γE[v]=11.0, Q=16.2 (bayes)
2026-09-22 17:59:21,653 INFO: Plan 1: ḡ=19.2, γE[v]=5.1, Q=24.3 (bayes)
2026-09-22 17:59:21,653 INFO: Plan 2: ḡ=5.8, γE[v]=10.8, Q=16.5 (bayes)
2026-09-22 17:59:22,298 INFO: Plan 1: ḡ=29, γE[v]=0.0, Q=29.0 (fn)
2026-09-22 17:59:22,746 INFO: Plan 2: ḡ=29, γE[v]=0.0, Q=29.0 (fn)
2026-09-22 17:59:22,747 INFO: Plan 0: ḡ=1.7, γE[v]=2.1, Q=3.8 (bayes)
2026-09-22 17:59:22,747 INFO: Plan 1: ḡ=5.9, γE[v]=0.0, Q=5.9 (bayes)
2026-09-22 17:59:22,747 INFO: Plan 2: ḡ=5.9, γE[v]=0.0, Q=5.9 (bayes)
2026-09-22 17:59:25,587 INFO: Plan 0: ḡ=47, γE[v]=0.0, Q=47.0 (fn)
2026-09-22 17:59:25,938 INFO: Plan 2: ḡ=13, γE[v]=0.0, Q=13.0 (fn)
2026-09-22 17:59:26,086 INFO: Plan 0: ḡ=26, γE[v]=0.0, Q=26.0 (fn)
2026-09-22 17:59:26,256 INFO: Plan 1: ḡ=75, γE[v]=0.0, Q=75.0 (fn)
2026-09-22 17:59:26,257 INFO: Plan 0: ḡ=10.8, γE[v]=12.7, Q=23.5 (bayes)
2026-09-22 17:59:26,257 INFO: Plan 1: ḡ=18.8, γE[v]=8.7, Q=27.5 (bayes)
2026-09-22 17:59:26,257 INFO: Plan 2: ḡ=6.5, γE[v]=14.8, Q=21.3 (bayes)
2026-09-22 17:59:26,740 INFO: Plan 1: ḡ=36, γE[v]=11.5, Q=47.5 (fn)
2026-09-22 17:59:26,964 INFO: Plan 0: ḡ=42, γE[v]=40.0, Q=82.0 (fn)
2026-09-22 17:59:26,965 INFO: Plan 0: ḡ=21.0, γE[v]=71.6, Q=92.5 (bayes)
2026-09-22 17:59:26,965 INFO: Plan 1: ḡ=18.0, γE[v]=71.8, Q=89.8 (bayes)
2026-09-22 17:59:26,966 INFO: Plan 2: ḡ=17.5, γE[v]=71.5, Q=89.0 (bayes)
2026-09-22 17:59:28,501 INFO: Plan 1: ḡ=17, γE[v]=0.0, Q=17.0 (fn)
2026-09-22 17:59:28,841 INFO: Plan 0: ḡ=11, γE[v]=0.0, Q=11.0 (fn)
2026-09-22 17:59:29,977 INFO: Plan 1: ḡ=373, γE[v]=0.0, Q=373.0 (fn)
2026-09-22 17:59:30,170 INFO: Plan 2: ḡ=47, γE[v]=33.0, Q=80.0 (fn)
2026-09-22 17:59:30,382 INFO: Plan 0: ḡ=353, γE[v]=10.0, Q=363.0 (fn)
2026-09-22 17:59:30,422 INFO: Plan 2: ḡ=353, γE[v]=10.0, Q=363.0 (fn)
2026-09-22 17:59:30,422 INFO: Plan 0: ḡ=117.7, γE[v]=3.9, Q=121.6 (bayes)
2026-09-22 17:59:30,422 INFO: Plan 1: ḡ=124.3, γE[v]=0.0, Q=124.3 (bayes)
2026-09-22 17:59:30,422 INFO: Plan 2: ḡ=117.7, γE[v]=3.9, Q=121.6 (bayes)
2026-09-22 17:59:31,735 INFO: Plan 2: ḡ=80, γE[v]=42.0, Q=122.0 (fn)
2026-09-22 17:59:31,735 INFO: Plan 0: ḡ=5.5, γE[v]=81.2, Q=86.8 (bayes)
2026-09-22 17:59:31,736 INFO: Plan 1: ḡ=7.7, γE[v]=80.2, Q=87.8 (bayes)
2026-09-22 17:59:31,736 INFO: Plan 2: ḡ=40.0, γE[v]=65.9, Q=105.9 (bayes)
2026-09-22 17:59:32,234 INFO: Plan 0: ḡ=36, γE[v]=0.0, Q=36.0 (fn)
2026-09-22 17:59:33,149 INFO: Plan 2: ḡ=18, γE[v]=0.0, Q=18.0 (fn)
2026-09-22 17:59:34,012 INFO: Plan 1: ḡ=163, γE[v]=35.5, Q=198.5 (fn)
2026-09-22 17:59:34,012 INFO: Plan 0: ḡ=18.0, γE[v]=98.8, Q=116.8 (bayes)
2026-09-22 17:59:34,012 INFO: Plan 1: ḡ=64.8, γE[v]=77.2, Q=142.0 (bayes)
2026-09-22 17:59:34,012 INFO: Plan 2: ḡ=22.5, γE[v]=98.5, Q=121.0 (bayes)
2026-09-22 17:59:35,631 INFO: Plan 0: ḡ=18, γE[v]=0.0, Q=18.0 (fn)
2026-09-22 17:59:37,647 INFO: Plan 1: ḡ=21, γE[v]=15.0, Q=36.0 (fn)
2026-09-22 17:59:37,648 INFO: Plan 0: ḡ=18.0, γE[v]=50.3, Q=68.3 (bayes)
2026-09-22 17:59:37,648 INFO: Plan 1: ḡ=8.3, γE[v]=56.0, Q=64.4 (bayes)
2026-09-22 17:59:37,648 INFO: Plan 2: ḡ=7.5, γE[v]=55.6, Q=63.1 (bayes)
2026-09-22 17:59:38,874 INFO: Plan 0: ḡ=0, γE[v]=0.0, Q=0.0 (fn)
2026-09-22 17:59:39,559 INFO: Plan 1: ḡ=26, γE[v]=44.5, Q=70.5 (fn)
2026-09-22 17:59:40,378 INFO: Plan 1: ḡ=81, γE[v]=15.0, Q=96.0 (fn)
2026-09-22 17:59:41,167 INFO: Plan 2: ḡ=2, γE[v]=0.0, Q=2.0 (fn)
2026-09-22 17:59:41,207 INFO: Plan 0: ḡ=1, γE[v]=0.5, Q=1.5 (fn)
2026-09-22 17:59:41,574 INFO: Plan 1: ḡ=1, γE[v]=0.5, Q=1.5 (fn)
2026-09-22 17:59:41,574 INFO: Plan 0: ḡ=0.2, γE[v]=0.1, Q=0.3 (bayes)
2026-09-22 17:59:41,574 INFO: Plan 1: ḡ=0.2, γE[v]=0.1, Q=0.3 (bayes)
2026-09-22 17:59:41,574 INFO: Plan 2: ḡ=0.4, γE[v]=0.0, Q=0.4 (bayes)
2026-09-22 17:59:41,819 INFO: Plan 2: ḡ=93, γE[v]=23.5, Q=116.5 (fn)
2026-09-22 17:59:41,820 INFO: Plan 0: ḡ=0.0, γE[v]=38.1, Q=38.1 (bayes)
2026-09-22 17:59:41,820 INFO: Plan 1: ḡ=25.8, γE[v]=26.1, Q=51.9 (bayes)
2026-09-22 17:59:41,820 INFO: Plan 2: ḡ=37.0, γE[v]=21.1, Q=58.1 (bayes)
2026-09-22 17:59:42,124 INFO: Plan 0: ḡ=18, γE[v]=0.0, Q=18.0 (fn)
2026-09-22 17:59:43,269 INFO: Plan 2: ḡ=159, γE[v]=12.0, Q=171.0 (fn)
2026-09-22 17:59:43,269 INFO: Plan 0: ḡ=9.0, γE[v]=41.2, Q=50.2 (bayes)
2026-09-22 17:59:43,269 INFO: Plan 1: ḡ=13.0, γE[v]=41.3, Q=54.2 (bayes)
2026-09-22 17:59:43,269 INFO: Plan 2: ḡ=79.5, γE[v]=6.5, Q=86.0 (bayes)
2026-09-22 17:59:43,443 INFO: Plan 1: ḡ=2, γE[v]=0.0, Q=2.0 (fn)
2026-09-22 17:59:43,443 INFO: Plan 0: ḡ=1, γE[v]=0.0, Q=1.0 (fn)
2026-09-22 17:59:43,779 INFO: Plan 2: ḡ=7, γE[v]=8.5, Q=15.5 (fn)
2026-09-22 17:59:43,780 INFO: Plan 0: ḡ=4.6, γE[v]=1.1, Q=5.7 (bayes)
2026-09-22 17:59:43,781 INFO: Plan 1: ḡ=0.5, γE[v]=3.2, Q=3.6 (bayes)
2026-09-22 17:59:43,781 INFO: Plan 2: ḡ=1.8, γE[v]=3.1, Q=4.8 (bayes)
2026-09-22 17:59:44,323 INFO: Plan 1: ḡ=4, γE[v]=0.5, Q=4.5 (fn)
2026-09-22 17:59:44,324 INFO: Plan 2: ḡ=4, γE[v]=0.5, Q=4.5 (fn)
2026-09-22 17:59:44,325 INFO: Plan 0: ḡ=0.3, γE[v]=0.5, Q=0.8 (bayes)
2026-09-22 17:59:44,325 INFO: Plan 1: ḡ=1.0, γE[v]=0.2, Q=1.2 (bayes)
2026-09-22 17:59:44,325 INFO: Plan 2: ḡ=1.0, γE[v]=0.2, Q=1.2 (bayes)
2026-09-22 17:59:45,234 INFO: Plan 2: ḡ=1, γE[v]=0.0, Q=1.0 (fn)
2026-09-22 17:59:45,484 INFO: Plan 0: ḡ=12, γE[v]=0.0, Q=12.0 (fn)
2026-09-22 17:59:46,842 INFO: Plan 1: ḡ=30, γE[v]=6.0, Q=36.0 (fn)
2026-09-22 17:59:46,843 INFO: Plan 0: ḡ=3.0, γE[v]=3.8, Q=6.8 (bayes)
2026-09-22 17:59:46,843 INFO: Plan 1: ḡ=7.5, γE[v]=1.9, Q=9.4 (bayes)
2026-09-22 17:59:46,843 INFO: Plan 2: ḡ=0.2, γE[v]=5.1, Q=5.4 (bayes)
2026-09-22 17:59:47,009 INFO: Plan 0: ḡ=95, γE[v]=0.0, Q=95.0 (fn)
2026-09-22 17:59:47,334 INFO: Plan 0: ḡ=88, γE[v]=0.0, Q=88.0 (fn)
2026-09-22 17:59:48,706 INFO: Plan 0: ḡ=17, γE[v]=0.0, Q=17.0 (fn)
2026-09-22 17:59:50,174 INFO: Plan 1: ḡ=24, γE[v]=9.5, Q=33.5 (fn)
2026-09-22 17:59:50,772 INFO: Plan 2: ḡ=74, γE[v]=10.5, Q=84.5 (fn)
2026-09-22 17:59:50,773 INFO: Plan 0: ḡ=44.0, γE[v]=55.8, Q=99.8 (bayes)
2026-09-22 17:59:50,773 INFO: Plan 1: ḡ=12.0, γE[v]=72.2, Q=84.2 (bayes)
2026-09-22 17:59:50,773 INFO: Plan 2: ḡ=37.0, γE[v]=59.7, Q=96.7 (bayes)
2026-09-22 17:59:50,966 INFO: Plan 2: ḡ=31, γE[v]=0.0, Q=31.0 (fn)
2026-09-22 17:59:53,799 INFO: Plan 1: ḡ=31, γE[v]=7.0, Q=38.0 (fn)
2026-09-22 17:59:53,799 INFO: Plan 0: ḡ=12.8, γE[v]=3.4, Q=16.2 (bayes)
2026-09-22 17:59:53,799 INFO: Plan 1: ḡ=16.1, γE[v]=2.2, Q=18.4 (bayes)
2026-09-22 17:59:53,799 INFO: Plan 2: ḡ=16.3, γE[v]=1.6, Q=18.0 (bayes)
2026-09-22 17:59:54,010 INFO: Plan 2: ḡ=4, γE[v]=0.0, Q=4.0 (fn)
2026-09-22 17:59:56,190 INFO: Plan 0: ḡ=5, γE[v]=0.0, Q=5.0 (fn)
2026-09-22 17:59:56,403 INFO: Plan 1: ḡ=204, γE[v]=260.0, Q=464.0 (fn)
2026-09-22 17:59:56,445 INFO: Plan 2: ḡ=54, γE[v]=0.0, Q=54.0 (fn)
2026-09-22 17:59:56,943 INFO: Plan 1: ḡ=1, γE[v]=0.0, Q=1.0 (fn)
2026-09-22 17:59:57,333 INFO: Plan 2: ḡ=13, γE[v]=0.0, Q=13.0 (fn)
2026-09-22 17:59:57,335 INFO: Plan 0: ḡ=1.2, γE[v]=1.8, Q=3.0 (bayes)
2026-09-22 17:59:57,336 INFO: Plan 1: ḡ=0.2, γE[v]=2.2, Q=2.5 (bayes)
2026-09-22 17:59:57,338 INFO: Plan 2: ḡ=3.2, γE[v]=0.8, Q=4.0 (bayes)
2026-09-22 17:59:57,371 INFO: Plan 0: ḡ=54, γE[v]=0.0, Q=54.0 (fn)
2026-09-22 17:59:58,831 INFO: Plan 0: ḡ=12, γE[v]=1.0, Q=13.0 (fn)
2026-09-22 17:59:58,983 INFO: Plan 1: ḡ=71, γE[v]=0.0, Q=71.0 (fn)
2026-09-22 17:59:58,984 INFO: Plan 0: ḡ=21.7, γE[v]=105.5, Q=127.1 (bayes)
2026-09-22 17:59:58,984 INFO: Plan 1: ḡ=25.2, γE[v]=103.7, Q=128.9 (bayes)
2026-09-22 17:59:58,984 INFO: Plan 2: ḡ=20.7, γE[v]=106.0, Q=126.6 (bayes)
2026-09-22 17:59:59,537 INFO: Plan 0: ḡ=1, γE[v]=0.0, Q=1.0 (fn)
2026-09-22 18:00:00,419 INFO: Plan 1: ḡ=5, γE[v]=4.5, Q=9.5 (fn)
2026-09-22 18:00:00,419 INFO: Plan 0: ḡ=6.0, γE[v]=0.5, Q=6.5 (bayes)
2026-09-22 18:00:00,419 INFO: Plan 1: ḡ=2.5, γE[v]=2.5, Q=5.0 (bayes)
2026-09-22 18:00:00,419 INFO: Plan 2: ḡ=2.0, γE[v]=2.5, Q=4.5 (bayes)
2026-09-22 18:00:00,462 INFO: Plan 1: ḡ=71, γE[v]=0.0, Q=71.0 (fn)
2026-09-22 18:00:00,780 INFO: Plan 2: ḡ=13, γE[v]=2.5, Q=15.5 (fn)
2026-09-22 18:00:00,904 INFO: Plan 0: ḡ=59, γE[v]=0.0, Q=59.0 (fn)
2026-09-22 18:00:01,493 INFO: Plan 1: ḡ=4, γE[v]=7.0, Q=11.0 (fn)
2026-09-22 18:00:01,494 INFO: Plan 0: ḡ=0.2, γE[v]=1.7, Q=1.9 (bayes)
2026-09-22 18:00:01,494 INFO: Plan 1: ḡ=0.8, γE[v]=1.9, Q=2.7 (bayes)
2026-09-22 18:00:01,494 INFO: Plan 2: ḡ=2.6, γE[v]=0.7, Q=3.3 (bayes)
2026-09-22 18:00:01,874 INFO: Plan 2: ḡ=10, γE[v]=1.0, Q=11.0 (fn)
2026-09-22 18:00:01,875 INFO: Plan 0: ḡ=29.2, γE[v]=30.0, Q=59.2 (bayes)
2026-09-22 18:00:01,875 INFO: Plan 1: ḡ=35.5, γE[v]=26.8, Q=62.3 (bayes)
2026-09-22 18:00:01,875 INFO: Plan 2: ḡ=5.0, γE[v]=42.1, Q=47.1 (bayes)
2026-09-22 18:00:02,480 INFO: Plan 0: ḡ=14, γE[v]=0.0, Q=14.0 (fn)
2026-09-22 18:00:02,482 INFO: Plan 2: ḡ=7, γE[v]=0.0, Q=7.0 (fn)
2026-09-22 18:00:02,995 INFO: Plan 0: ḡ=8, γE[v]=0.0, Q=8.0 (fn)
2026-09-22 18:00:03,305 INFO: Plan 1: ḡ=54, γE[v]=0.0, Q=54.0 (fn)
2026-09-22 18:00:03,306 INFO: Plan 0: ḡ=2.7, γE[v]=10.2, Q=12.8 (bayes)
2026-09-22 18:00:03,306 INFO: Plan 1: ḡ=18.0, γE[v]=2.5, Q=20.5 (bayes)
2026-09-22 18:00:03,306 INFO: Plan 2: ḡ=2.3, γE[v]=10.3, Q=12.7 (bayes)
2026-09-22 18:00:03,695 INFO: Plan 2: ḡ=89, γE[v]=0.0, Q=89.0 (fn)
2026-09-22 18:00:06,465 INFO: Plan 1: ḡ=44, γE[v]=0.0, Q=44.0 (fn)
2026-09-22 18:00:06,471 INFO: Plan 0: ḡ=85, γE[v]=74.5, Q=159.5 (fn)
2026-09-22 18:00:06,926 INFO: Plan 2: ḡ=219, γE[v]=88.5, Q=307.5 (fn)
2026-09-22 18:00:07,972 INFO: Plan 0: ḡ=18, γE[v]=1.0, Q=19.0 (fn)
2026-09-22 18:00:09,405 INFO: Plan 2: ḡ=80, γE[v]=0.0, Q=80.0 (fn)
2026-09-22 18:00:09,676 INFO: Plan 1: ḡ=204, γE[v]=98.0, Q=302.0 (fn)
2026-09-22 18:00:09,676 INFO: Plan 0: ḡ=42.5, γE[v]=99.1, Q=141.6 (bayes)
2026-09-22 18:00:09,676 INFO: Plan 1: ḡ=102.0, γE[v]=70.4, Q=172.4 (bayes)
2026-09-22 18:00:09,676 INFO: Plan 2: ḡ=109.5, γE[v]=66.2, Q=175.7 (bayes)
2026-09-22 18:00:11,150 INFO: Plan 1: ḡ=78, γE[v]=31.5, Q=109.5 (fn)
2026-09-22 18:00:11,150 INFO: Plan 0: ḡ=7.0, γE[v]=36.8, Q=43.8 (bayes)
2026-09-22 18:00:11,150 INFO: Plan 1: ḡ=39.0, γE[v]=22.2, Q=61.2 (bayes)
2026-09-22 18:00:11,150 INFO: Plan 2: ḡ=44.5, γE[v]=18.0, Q=62.5 (bayes)
2026-09-22 18:00:12,691 INFO: Plan 2: ḡ=45, γE[v]=0.0, Q=45.0 (fn)
2026-09-22 18:00:13,004 INFO: Plan 2: ḡ=244, γE[v]=7.0, Q=251.0 (fn)
2026-09-22 18:00:13,004 INFO: Plan 0: ḡ=9.0, γE[v]=60.3, Q=69.3 (bayes)
2026-09-22 18:00:13,004 INFO: Plan 1: ḡ=22.0, γE[v]=53.8, Q=75.8 (bayes)
2026-09-22 18:00:13,005 INFO: Plan 2: ḡ=122.0, γE[v]=4.1, Q=126.1 (bayes)
2026-09-22 18:00:13,043 INFO: Plan 1: ḡ=328, γE[v]=44.5, Q=372.5 (fn)
2026-09-22 18:00:13,596 INFO: Plan 0: ḡ=30, γE[v]=15.0, Q=45.0 (fn)
2026-09-22 18:00:13,597 INFO: Plan 1: ḡ=42, γE[v]=9.0, Q=51.0 (fn)
2026-09-22 18:00:13,597 INFO: Plan 0: ḡ=10.0, γE[v]=5.9, Q=15.9 (bayes)
2026-09-22 18:00:13,598 INFO: Plan 1: ḡ=14.0, γE[v]=3.5, Q=17.5 (bayes)
2026-09-22 18:00:13,598 INFO: Plan 2: ḡ=15.0, γE[v]=2.5, Q=17.5 (bayes)
2026-09-22 18:00:15,639 INFO: Plan 1: ḡ=16, γE[v]=0.0, Q=16.0 (fn)
2026-09-22 18:00:16,433 INFO: Plan 2: ḡ=37, γE[v]=6.5, Q=43.5 (fn)
2026-09-22 18:00:16,554 INFO: Plan 0: ḡ=23, γE[v]=5.0, Q=28.0 (fn)
2026-09-22 18:00:16,749 INFO: Plan 0: ḡ=56, γE[v]=179.5, Q=235.5 (fn)
2026-09-22 18:00:16,750 INFO: Plan 0: ḡ=19.4, γE[v]=70.6, Q=90.0 (bayes)
2026-09-22 18:00:16,750 INFO: Plan 1: ḡ=86.9, γE[v]=27.8, Q=114.7 (bayes)
2026-09-22 18:00:16,750 INFO: Plan 2: ḡ=27.8, γE[v]=54.3, Q=82.2 (bayes)
2026-09-22 18:00:17,012 INFO: Plan 2: ḡ=325, γE[v]=0.0, Q=325.0 (fn)
2026-09-22 18:00:17,204 INFO: Plan 0: ḡ=17, γE[v]=0.0, Q=17.0 (fn)
2026-09-22 18:00:17,205 INFO: Plan 0: ḡ=8.5, γE[v]=73.8, Q=82.3 (bayes)
2026-09-22 18:00:17,205 INFO: Plan 1: ḡ=9.7, γE[v]=73.3, Q=82.9 (bayes)
2026-09-22 18:00:17,205 INFO: Plan 2: ḡ=110.0, γE[v]=23.1, Q=133.1 (bayes)
2026-09-22 18:00:17,567 INFO: Plan 1: ḡ=118, γE[v]=45.0, Q=163.0 (fn)
2026-09-22 18:00:18,298 INFO: Plan 0: ḡ=11, γE[v]=5.0, Q=16.0 (fn)
2026-09-22 18:00:18,852 INFO: Plan 2: ḡ=111, γE[v]=63.5, Q=174.5 (fn)
2026-09-22 18:00:19,437 INFO: Plan 0: ḡ=15, γE[v]=0.0, Q=15.0 (fn)
2026-09-22 18:00:19,478 INFO: Plan 1: ḡ=15, γE[v]=0.0, Q=15.0 (fn)
2026-09-22 18:00:19,726 INFO: Plan 2: ḡ=15, γE[v]=0.0, Q=15.0 (fn)
2026-09-22 18:00:19,726 INFO: Plan 0: ḡ=3.3, γE[v]=0.0, Q=3.3 (bayes)
2026-09-22 18:00:19,726 INFO: Plan 1: ḡ=3.3, γE[v]=0.0, Q=3.3 (bayes)
2026-09-22 18:00:19,726 INFO: Plan 2: ḡ=3.3, γE[v]=0.0, Q=3.3 (bayes)
2026-09-22 18:00:19,996 INFO: Plan 1: ḡ=28, γE[v]=2.5, Q=30.5 (fn)
2026-09-22 18:00:20,128 INFO: Plan 2: ḡ=1306, γE[v]=0.0, Q=1306.0 (fn)
2026-09-22 18:00:20,129 INFO: Plan 0: ḡ=47.5, γE[v]=335.8, Q=383.2 (bayes)
2026-09-22 18:00:20,129 INFO: Plan 1: ḡ=102.0, γE[v]=320.2, Q=422.2 (bayes)
2026-09-22 18:00:20,129 INFO: Plan 2: ḡ=653.0, γE[v]=33.0, Q=686.0 (bayes)
2026-09-22 18:00:21,284 INFO: Plan 2: ḡ=14, γE[v]=9.5, Q=23.5 (fn)
2026-09-22 18:00:21,285 INFO: Plan 0: ḡ=3.7, γE[v]=4.0, Q=7.6 (bayes)
2026-09-22 18:00:21,285 INFO: Plan 1: ḡ=9.3, γE[v]=1.0, Q=10.3 (bayes)
2026-09-22 18:00:21,285 INFO: Plan 2: ḡ=4.7, γE[v]=3.7, Q=8.4 (bayes)
2026-09-22 18:00:21,704 INFO: Plan 0: ḡ=125, γE[v]=107.5, Q=232.5 (fn)
2026-09-22 18:00:21,705 INFO: Plan 0: ḡ=62.5, γE[v]=126.1, Q=188.6 (bayes)
2026-09-22 18:00:21,705 INFO: Plan 1: ḡ=59.0, γE[v]=125.0, Q=184.0 (bayes)
2026-09-22 18:00:21,705 INFO: Plan 2: ḡ=55.5, γE[v]=127.6, Q=183.1 (bayes)
  [1/93] rich.syntax seed=42: {'random': 45, 'greedy': 45, 'cov_greedy': 52, 'covqvalue2': 92}
2026-09-22 18:00:25,385 INFO: Plan 1: ḡ=46, γE[v]=17.0, Q=63.0 (fn)
2026-09-22 18:00:25,386 INFO: Plan 0: ḡ=11.5, γE[v]=30.2, Q=41.7 (bayes)
2026-09-22 18:00:25,386 INFO: Plan 1: ḡ=23.0, γE[v]=25.2, Q=48.2 (bayes)
2026-09-22 18:00:25,386 INFO: Plan 2: ḡ=13.5, γE[v]=29.4, Q=42.9 (bayes)
2026-09-22 18:00:27,174 INFO: Plan 0: ḡ=20, γE[v]=0.0, Q=20.0 (fn)
2026-09-22 18:00:27,536 INFO: Plan 2: ḡ=17, γE[v]=0.0, Q=17.0 (fn)
2026-09-22 18:00:27,537 INFO: Plan 0: ḡ=168, γE[v]=0.0, Q=168.0 (fn)
2026-09-22 18:00:27,856 INFO: Plan 2: ḡ=29, γE[v]=0.0, Q=29.0 (fn)
2026-09-22 18:00:30,753 INFO: Plan 0: ḡ=160, γE[v]=0.0, Q=160.0 (fn)
2026-09-22 18:00:31,706 INFO: Plan 2: ḡ=95, γE[v]=0.0, Q=95.0 (fn)
2026-09-22 18:00:31,749 INFO: Plan 1: ḡ=78, γE[v]=15.5, Q=93.5 (fn)
2026-09-22 18:00:31,749 INFO: Plan 0: ḡ=4.0, γE[v]=8.9, Q=12.9 (bayes)
2026-09-22 18:00:31,749 INFO: Plan 1: ḡ=15.6, γE[v]=4.2, Q=19.8 (bayes)
2026-09-22 18:00:31,750 INFO: Plan 2: ḡ=5.8, γE[v]=8.0, Q=13.8 (bayes)
2026-09-22 18:00:32,041 INFO: Plan 0: ḡ=17, γE[v]=0.0, Q=17.0 (fn)
2026-09-22 18:00:32,340 INFO: Plan 1: ḡ=90, γE[v]=0.0, Q=90.0 (fn)
2026-09-22 18:00:32,341 INFO: Plan 0: ḡ=80.0, γE[v]=107.2, Q=187.2 (bayes)
2026-09-22 18:00:32,341 INFO: Plan 1: ḡ=45.0, γE[v]=124.8, Q=169.8 (bayes)
2026-09-22 18:00:32,341 INFO: Plan 2: ḡ=47.5, γE[v]=123.5, Q=171.0 (bayes)
2026-09-22 18:00:33,043 INFO: Plan 1: ḡ=69, γE[v]=0.0, Q=69.0 (fn)
2026-09-22 18:00:33,084 INFO: Plan 1: ḡ=33, γE[v]=7.5, Q=40.5 (fn)
2026-09-22 18:00:33,084 INFO: Plan 0: ḡ=81.5, γE[v]=9.1, Q=90.6 (bayes)
2026-09-22 18:00:33,085 INFO: Plan 1: ḡ=11.2, γE[v]=44.6, Q=55.8 (bayes)
2026-09-22 18:00:33,085 INFO: Plan 2: ḡ=8.3, γE[v]=45.7, Q=54.0 (bayes)
2026-09-22 18:00:33,766 INFO: Plan 2: ḡ=56, γE[v]=0.0, Q=56.0 (fn)
2026-09-22 18:00:34,461 INFO: Plan 0: ḡ=11, γE[v]=0.0, Q=11.0 (fn)
2026-09-22 18:00:34,461 INFO: Plan 2: ḡ=15, γE[v]=0.0, Q=15.0 (fn)
2026-09-22 18:00:34,497 INFO: Plan 1: ḡ=24, γE[v]=0.0, Q=24.0 (fn)
2026-09-22 18:00:34,498 INFO: Plan 0: ḡ=3.7, γE[v]=6.3, Q=10.0 (bayes)
2026-09-22 18:00:34,498 INFO: Plan 1: ḡ=8.0, γE[v]=4.2, Q=12.2 (bayes)
2026-09-22 18:00:34,498 INFO: Plan 2: ḡ=5.0, γE[v]=5.7, Q=10.7 (bayes)
2026-09-22 18:00:35,212 INFO: Plan 2: ḡ=150, γE[v]=0.0, Q=150.0 (fn)
2026-09-22 18:00:35,213 INFO: Plan 0: ḡ=8.5, γE[v]=166.8, Q=175.2 (bayes)
2026-09-22 18:00:35,215 INFO: Plan 1: ḡ=34.5, γE[v]=153.8, Q=188.2 (bayes)
2026-09-22 18:00:35,218 INFO: Plan 2: ḡ=75.0, γE[v]=133.5, Q=208.5 (bayes)
2026-09-22 18:00:35,842 INFO: Plan 1: ḡ=6, γE[v]=0.0, Q=6.0 (fn)
2026-09-22 18:00:36,141 INFO: Plan 1: ḡ=52, γE[v]=0.0, Q=52.0 (fn)
2026-09-22 18:00:36,674 INFO: Plan 0: ḡ=1, γE[v]=0.0, Q=1.0 (fn)
2026-09-22 18:00:37,090 INFO: Plan 2: ḡ=29, γE[v]=0.0, Q=29.0 (fn)
2026-09-22 18:00:37,509 INFO: Plan 2: ḡ=32, γE[v]=0.0, Q=32.0 (fn)
2026-09-22 18:00:38,126 INFO: Plan 1: ḡ=12, γE[v]=14.5, Q=26.5 (fn)
2026-09-22 18:00:38,131 INFO: Plan 0: ḡ=0.2, γE[v]=4.0, Q=4.2 (bayes)
2026-09-22 18:00:38,133 INFO: Plan 1: ḡ=2.4, γE[v]=3.9, Q=6.3 (bayes)
2026-09-22 18:00:38,133 INFO: Plan 2: ḡ=5.8, γE[v]=1.2, Q=7.0 (bayes)
2026-09-22 18:00:38,427 INFO: Plan 0: ḡ=373, γE[v]=0.0, Q=373.0 (fn)
2026-09-22 18:00:38,669 INFO: Plan 1: ḡ=373, γE[v]=0.0, Q=373.0 (fn)
2026-09-22 18:00:39,656 INFO: Plan 2: ḡ=259, γE[v]=57.0, Q=316.0 (fn)
2026-09-22 18:00:39,657 INFO: Plan 0: ḡ=93.2, γE[v]=0.0, Q=93.2 (bayes)
2026-09-22 18:00:39,657 INFO: Plan 1: ḡ=93.2, γE[v]=0.0, Q=93.2 (bayes)
2026-09-22 18:00:39,657 INFO: Plan 2: ḡ=64.8, γE[v]=18.1, Q=82.8 (bayes)
2026-09-22 18:00:40,682 INFO: Plan 2: ḡ=0, γE[v]=0.0, Q=0.0 (fn)
2026-09-22 18:00:40,798 INFO: Plan 0: ḡ=48, γE[v]=36.5, Q=84.5 (fn)
2026-09-22 18:00:40,798 INFO: Plan 0: ḡ=24.0, γE[v]=65.6, Q=89.6 (bayes)
2026-09-22 18:00:40,798 INFO: Plan 1: ḡ=26.0, γE[v]=63.0, Q=89.0 (bayes)
2026-09-22 18:00:40,798 INFO: Plan 2: ḡ=28.0, γE[v]=62.0, Q=90.0 (bayes)
2026-09-22 18:00:41,020 INFO: Plan 2: ḡ=23, γE[v]=0.0, Q=23.0 (fn)
2026-09-22 18:00:41,286 INFO: Plan 2: ḡ=92, γE[v]=0.0, Q=92.0 (fn)
2026-09-22 18:00:41,327 INFO: Plan 0: ḡ=11, γE[v]=0.0, Q=11.0 (fn)
2026-09-22 18:00:41,712 INFO: Plan 0: ḡ=23, γE[v]=13.5, Q=36.5 (fn)
2026-09-22 18:00:41,713 INFO: Plan 0: ḡ=7.7, γE[v]=60.7, Q=68.4 (bayes)
2026-09-22 18:00:41,713 INFO: Plan 1: ḡ=3.0, γE[v]=62.2, Q=65.2 (bayes)
2026-09-22 18:00:41,713 INFO: Plan 2: ḡ=15.0, γE[v]=56.2, Q=71.2 (bayes)
2026-09-22 18:00:41,953 INFO: Plan 1: ḡ=1, γE[v]=0.5, Q=1.5 (fn)
2026-09-22 18:00:42,238 INFO: Plan 0: ḡ=41, γE[v]=0.0, Q=41.0 (fn)
2026-09-22 18:00:42,239 INFO: Plan 0: ḡ=1, γE[v]=0.5, Q=1.5 (fn)
2026-09-22 18:00:42,240 INFO: Plan 1: ḡ=34, γE[v]=0.0, Q=34.0 (fn)
2026-09-22 18:00:42,240 INFO: Plan 0: ḡ=0.2, γE[v]=0.1, Q=0.3 (bayes)
2026-09-22 18:00:42,241 INFO: Plan 0: ḡ=5.5, γE[v]=53.1, Q=58.6 (bayes)
2026-09-22 18:00:42,241 INFO: Plan 1: ḡ=0.2, γE[v]=0.1, Q=0.3 (bayes)
2026-09-22 18:00:42,241 INFO: Plan 1: ḡ=16.2, γE[v]=47.8, Q=63.9 (bayes)
2026-09-22 18:00:42,241 INFO: Plan 2: ḡ=0.0, γE[v]=0.2, Q=0.2 (bayes)
2026-09-22 18:00:42,241 INFO: Plan 2: ḡ=33.2, γE[v]=39.2, Q=72.4 (bayes)
2026-09-22 18:00:43,573 INFO: Plan 1: ḡ=28, γE[v]=0.0, Q=28.0 (fn)
2026-09-22 18:00:43,875 INFO: Plan 0: ḡ=60, γE[v]=0.0, Q=60.0 (fn)
2026-09-22 18:00:44,603 INFO: Plan 2: ḡ=77, γE[v]=0.0, Q=77.0 (fn)
2026-09-22 18:00:44,603 INFO: Plan 0: ḡ=30.0, γE[v]=26.2, Q=56.2 (bayes)
2026-09-22 18:00:44,603 INFO: Plan 1: ḡ=14.0, γE[v]=34.2, Q=48.2 (bayes)
2026-09-22 18:00:44,604 INFO: Plan 2: ḡ=38.5, γE[v]=22.0, Q=60.5 (bayes)
2026-09-22 18:00:44,900 INFO: Plan 0: ḡ=55, γE[v]=0.0, Q=55.0 (fn)
2026-09-22 18:00:45,372 INFO: Plan 0: ḡ=17, γE[v]=0.0, Q=17.0 (fn)
2026-09-22 18:00:45,814 INFO: Plan 1: ḡ=1, γE[v]=0.0, Q=1.0 (fn)
2026-09-22 18:00:45,814 INFO: Plan 1: ḡ=54, γE[v]=22.5, Q=76.5 (fn)
2026-09-22 18:00:45,815 INFO: Plan 0: ḡ=20.5, γE[v]=7.5, Q=28.1 (bayes)
2026-09-22 18:00:45,815 INFO: Plan 1: ḡ=13.1, γE[v]=12.3, Q=25.4 (bayes)
2026-09-22 18:00:45,815 INFO: Plan 2: ḡ=5.8, γE[v]=14.9, Q=20.7 (bayes)
2026-09-22 18:00:46,209 INFO: Plan 2: ḡ=7, γE[v]=0.0, Q=7.0 (fn)
2026-09-22 18:00:46,432 INFO: Plan 2: ḡ=6, γE[v]=0.0, Q=6.0 (fn)
2026-09-22 18:00:46,932 INFO: Plan 0: ḡ=2, γE[v]=0.0, Q=2.0 (fn)
2026-09-22 18:00:46,933 INFO: Plan 0: ḡ=0.5, γE[v]=0.8, Q=1.2 (bayes)
2026-09-22 18:00:46,933 INFO: Plan 1: ḡ=0.2, γE[v]=0.9, Q=1.1 (bayes)
2026-09-22 18:00:46,933 INFO: Plan 2: ḡ=1.5, γE[v]=0.2, Q=1.7 (bayes)
2026-09-22 18:00:47,208 INFO: Plan 1: ḡ=14, γE[v]=0.0, Q=14.0 (fn)
2026-09-22 18:00:47,209 INFO: Plan 2: ḡ=28, γE[v]=0.0, Q=28.0 (fn)
2026-09-22 18:00:48,670 INFO: Plan 0: ḡ=8, γE[v]=3.5, Q=11.5 (fn)
2026-09-22 18:00:48,671 INFO: Plan 0: ḡ=2.7, γE[v]=1.4, Q=4.0 (bayes)
2026-09-22 18:00:48,671 INFO: Plan 1: ḡ=4.7, γE[v]=0.2, Q=4.8 (bayes)
2026-09-22 18:00:48,671 INFO: Plan 2: ḡ=2.3, γE[v]=1.3, Q=3.7 (bayes)
2026-09-22 18:00:49,449 INFO: Plan 2: ḡ=35, γE[v]=5.0, Q=40.0 (fn)
2026-09-22 18:00:49,909 INFO: Plan 1: ḡ=31, γE[v]=7.0, Q=38.0 (fn)
2026-09-22 18:00:49,910 INFO: Plan 0: ḡ=13.1, γE[v]=2.7, Q=15.9 (bayes)
2026-09-22 18:00:49,910 INFO: Plan 1: ḡ=15.8, γE[v]=1.9, Q=17.7 (bayes)
2026-09-22 18:00:49,911 INFO: Plan 2: ḡ=16.6, γE[v]=1.4, Q=18.0 (bayes)
2026-09-22 18:00:54,423 INFO: Plan 1: ḡ=61, γE[v]=40.0, Q=101.0 (fn)
2026-09-22 18:00:54,423 INFO: Plan 0: ḡ=23.0, γE[v]=61.5, Q=84.5 (bayes)
2026-09-22 18:00:54,424 INFO: Plan 1: ḡ=19.9, γE[v]=65.1, Q=85.0 (bayes)
2026-09-22 18:00:54,424 INFO: Plan 2: ḡ=11.8, γE[v]=67.1, Q=79.0 (bayes)
2026-09-22 18:00:55,249 INFO: Plan 0: ḡ=2, γE[v]=0.0, Q=2.0 (fn)
2026-09-22 18:00:55,410 INFO: Plan 1: ḡ=2, γE[v]=0.0, Q=2.0 (fn)
2026-09-22 18:00:56,608 INFO: Plan 2: ḡ=2, γE[v]=0.0, Q=2.0 (fn)
2026-09-22 18:00:56,609 INFO: Plan 0: ḡ=0.5, γE[v]=0.0, Q=0.5 (bayes)
2026-09-22 18:00:56,609 INFO: Plan 1: ḡ=0.5, γE[v]=0.0, Q=0.5 (bayes)
2026-09-22 18:00:56,609 INFO: Plan 2: ḡ=0.5, γE[v]=0.0, Q=0.5 (bayes)
2026-09-22 18:00:57,743 INFO: Plan 2: ḡ=2, γE[v]=0.0, Q=2.0 (fn)
2026-09-22 18:00:59,330 INFO: Plan 1: ḡ=3, γE[v]=0.5, Q=3.5 (fn)
2026-09-22 18:00:59,456 INFO: Plan 1: ḡ=39, γE[v]=0.0, Q=39.0 (fn)
2026-09-22 18:00:59,458 INFO: Plan 2: ḡ=0, γE[v]=0.0, Q=0.0 (fn)
2026-09-22 18:00:59,910 INFO: Plan 0: ḡ=59, γE[v]=0.0, Q=59.0 (fn)
2026-09-22 18:00:59,911 INFO: Plan 1: ḡ=1, γE[v]=0.0, Q=1.0 (fn)
2026-09-22 18:01:00,242 INFO: Plan 0: ḡ=4, γE[v]=0.0, Q=4.0 (fn)
2026-09-22 18:01:00,243 INFO: Plan 0: ḡ=6, γE[v]=0.0, Q=6.0 (fn)
2026-09-22 18:01:00,243 INFO: Plan 0: ḡ=1.3, γE[v]=0.7, Q=2.0 (bayes)
2026-09-22 18:01:00,243 INFO: Plan 1: ḡ=1.0, γE[v]=0.9, Q=1.9 (bayes)
2026-09-22 18:01:00,244 INFO: Plan 0: ḡ=1.5, γE[v]=0.0, Q=1.5 (bayes)
2026-09-22 18:01:00,244 INFO: Plan 2: ḡ=0.7, γE[v]=1.0, Q=1.7 (bayes)
2026-09-22 18:01:00,244 INFO: Plan 1: ḡ=0.2, γE[v]=0.6, Q=0.9 (bayes)
2026-09-22 18:01:00,244 INFO: Plan 2: ḡ=0.0, γE[v]=0.8, Q=0.8 (bayes)
2026-09-22 18:01:00,939 INFO: Plan 2: ḡ=8, γE[v]=1.0, Q=9.0 (fn)
2026-09-22 18:01:00,940 INFO: Plan 0: ḡ=29.2, γE[v]=12.8, Q=41.9 (bayes)
2026-09-22 18:01:00,940 INFO: Plan 1: ḡ=19.0, γE[v]=17.8, Q=36.8 (bayes)
2026-09-22 18:01:00,941 INFO: Plan 2: ḡ=4.0, γE[v]=25.4, Q=29.4 (bayes)
2026-09-22 18:01:01,211 INFO: Plan 0: ḡ=1, γE[v]=0.0, Q=1.0 (fn)
2026-09-22 18:01:01,730 INFO: Plan 2: ḡ=5, γE[v]=0.0, Q=5.0 (fn)
2026-09-22 18:01:02,141 INFO: Plan 1: ḡ=4, γE[v]=0.5, Q=4.5 (fn)
2026-09-22 18:01:02,141 INFO: Plan 0: ḡ=0.2, γE[v]=0.3, Q=0.5 (bayes)
2026-09-22 18:01:02,142 INFO: Plan 1: ḡ=0.7, γE[v]=0.1, Q=0.8 (bayes)
2026-09-22 18:01:02,142 INFO: Plan 2: ḡ=0.9, γE[v]=0.0, Q=0.9 (bayes)
2026-09-22 18:01:05,162 INFO: Plan 0: ḡ=137, γE[v]=0.0, Q=137.0 (fn)
2026-09-22 18:01:06,841 INFO: Plan 2: ḡ=65, γE[v]=0.0, Q=65.0 (fn)
2026-09-22 18:01:10,653 INFO: Plan 1: ḡ=44, γE[v]=11.0, Q=55.0 (fn)
2026-09-22 18:01:10,653 INFO: Plan 0: ḡ=65.8, γE[v]=25.5, Q=91.3 (bayes)
2026-09-22 18:01:10,653 INFO: Plan 1: ḡ=21.8, γE[v]=48.0, Q=69.8 (bayes)
2026-09-22 18:01:10,653 INFO: Plan 2: ḡ=32.3, γE[v]=42.2, Q=74.6 (bayes)
2026-09-22 18:01:10,978 INFO: Plan 0: ḡ=20, γE[v]=0.0, Q=20.0 (fn)
2026-09-22 18:01:11,370 INFO: Plan 1: ḡ=69, γE[v]=0.0, Q=69.0 (fn)
2026-09-22 18:01:11,963 INFO: Plan 2: ḡ=23, γE[v]=0.0, Q=23.0 (fn)
2026-09-22 18:01:12,088 INFO: Plan 2: ḡ=27, γE[v]=0.0, Q=27.0 (fn)
2026-09-22 18:01:12,089 INFO: Plan 0: ḡ=10.0, γE[v]=72.4, Q=82.4 (bayes)
2026-09-22 18:01:12,089 INFO: Plan 1: ḡ=23.3, γE[v]=65.7, Q=89.0 (bayes)
2026-09-22 18:01:12,089 INFO: Plan 2: ḡ=10.2, γE[v]=72.3, Q=82.5 (bayes)
2026-09-22 18:01:13,416 INFO: Plan 1: ḡ=19, γE[v]=0.0, Q=19.0 (fn)
2026-09-22 18:01:14,217 INFO: Plan 1: ḡ=48, γE[v]=0.0, Q=48.0 (fn)
2026-09-22 18:01:14,266 INFO: Plan 0: ḡ=14, γE[v]=0.0, Q=14.0 (fn)
2026-09-22 18:01:15,659 INFO: Plan 0: ḡ=10, γE[v]=2.0, Q=12.0 (fn)
2026-09-22 18:01:15,660 INFO: Plan 2: ḡ=3, γE[v]=0.0, Q=3.0 (fn)
2026-09-22 18:01:15,660 INFO: Plan 0: ḡ=3.5, γE[v]=5.6, Q=9.1 (bayes)
2026-09-22 18:01:15,660 INFO: Plan 1: ḡ=6.3, γE[v]=4.1, Q=10.4 (bayes)
2026-09-22 18:01:15,660 INFO: Plan 2: ḡ=7.7, γE[v]=3.4, Q=11.1 (bayes)
2026-09-22 18:01:16,036 INFO: Plan 2: ḡ=71, γE[v]=12.5, Q=83.5 (fn)
2026-09-22 18:01:16,037 INFO: Plan 0: ḡ=12, γE[v]=0.0, Q=12.0 (fn)
2026-09-22 18:01:16,037 INFO: Plan 0: ḡ=7.0, γE[v]=26.3, Q=33.3 (bayes)
2026-09-22 18:01:16,037 INFO: Plan 1: ḡ=24.0, γE[v]=17.8, Q=41.8 (bayes)
2026-09-22 18:01:16,037 INFO: Plan 2: ḡ=23.7, γE[v]=18.6, Q=42.2 (bayes)
2026-09-22 18:01:16,077 INFO: Plan 0: ḡ=5, γE[v]=0.0, Q=5.0 (fn)
2026-09-22 18:01:16,449 INFO: Plan 1: ḡ=16, γE[v]=0.0, Q=16.0 (fn)
2026-09-22 18:01:17,006 INFO: Plan 2: ḡ=8, γE[v]=0.0, Q=8.0 (fn)
2026-09-22 18:01:17,165 INFO: Plan 2: ḡ=9, γE[v]=0.0, Q=9.0 (fn)
2026-09-22 18:01:17,166 INFO: Plan 0: ḡ=1.2, γE[v]=2.5, Q=3.8 (bayes)
2026-09-22 18:01:17,166 INFO: Plan 1: ḡ=4.0, γE[v]=1.1, Q=5.1 (bayes)
2026-09-22 18:01:17,166 INFO: Plan 2: ḡ=2.2, γE[v]=2.0, Q=4.2 (bayes)
2026-09-22 18:01:17,915 INFO: Plan 1: ḡ=7, γE[v]=0.0, Q=7.0 (fn)
2026-09-22 18:01:17,916 INFO: Plan 1: ḡ=3, γE[v]=7.5, Q=10.5 (fn)
2026-09-22 18:01:17,916 INFO: Plan 0: ḡ=3.0, γE[v]=0.8, Q=3.8 (bayes)
2026-09-22 18:01:17,916 INFO: Plan 1: ḡ=0.8, γE[v]=2.4, Q=3.1 (bayes)
2026-09-22 18:01:17,916 INFO: Plan 2: ḡ=0.8, γE[v]=1.9, Q=2.6 (bayes)
2026-09-22 18:01:18,301 INFO: Plan 0: ḡ=10, γE[v]=0.0, Q=10.0 (fn)
2026-09-22 18:01:18,302 INFO: Plan 0: ḡ=3.3, γE[v]=2.5, Q=5.8 (bayes)
2026-09-22 18:01:18,302 INFO: Plan 1: ḡ=2.3, γE[v]=3.0, Q=5.3 (bayes)
2026-09-22 18:01:18,302 INFO: Plan 2: ḡ=2.7, γE[v]=2.8, Q=5.5 (bayes)
2026-09-22 18:01:19,678 INFO: Plan 0: ḡ=5, γE[v]=0.0, Q=5.0 (fn)
2026-09-22 18:01:19,844 INFO: Plan 1: ḡ=15, γE[v]=0.0, Q=15.0 (fn)
2026-09-22 18:01:20,548 INFO: Plan 2: ḡ=16, γE[v]=0.0, Q=16.0 (fn)
2026-09-22 18:01:20,846 INFO: Plan 1: ḡ=14, γE[v]=2.0, Q=16.0 (fn)
2026-09-22 18:01:22,746 INFO: Plan 0: ḡ=100, γE[v]=77.5, Q=177.5 (fn)
2026-09-22 18:01:22,996 INFO: Plan 2: ḡ=31, γE[v]=1.0, Q=32.0 (fn)
2026-09-22 18:01:22,997 INFO: Plan 0: ḡ=2.5, γE[v]=10.2, Q=12.8 (bayes)
2026-09-22 18:01:22,997 INFO: Plan 1: ḡ=7.5, γE[v]=7.8, Q=15.2 (bayes)
2026-09-22 18:01:22,997 INFO: Plan 2: ḡ=15.5, γE[v]=3.8, Q=19.3 (bayes)
2026-09-22 18:01:24,456 INFO: Plan 0: ḡ=15, γE[v]=5.5, Q=20.5 (fn)
2026-09-22 18:01:24,457 INFO: Plan 0: ḡ=5.2, γE[v]=6.6, Q=11.7 (bayes)
2026-09-22 18:01:24,457 INFO: Plan 1: ḡ=5.5, γE[v]=6.2, Q=11.7 (bayes)
2026-09-22 18:01:24,457 INFO: Plan 2: ḡ=8.0, γE[v]=4.8, Q=12.8 (bayes)
2026-09-22 18:01:25,789 INFO: Plan 2: ḡ=274, γE[v]=3.5, Q=277.5 (fn)
2026-09-22 18:01:26,269 INFO: Plan 2: ḡ=75, γE[v]=0.0, Q=75.0 (fn)
2026-09-22 18:01:26,533 INFO: Plan 0: ḡ=1, γE[v]=0.0, Q=1.0 (fn)
2026-09-22 18:01:26,678 INFO: Plan 1: ḡ=68, γE[v]=101.5, Q=169.5 (fn)
2026-09-22 18:01:26,678 INFO: Plan 0: ḡ=39.8, γE[v]=37.4, Q=77.3 (bayes)
2026-09-22 18:01:26,678 INFO: Plan 1: ḡ=23.0, γE[v]=47.0, Q=70.0 (bayes)
2026-09-22 18:01:26,679 INFO: Plan 2: ḡ=102.2, γE[v]=1.9, Q=104.1 (bayes)
2026-09-22 18:01:28,017 INFO: Plan 1: ḡ=40, γE[v]=0.5, Q=40.5 (fn)
2026-09-22 18:01:28,479 INFO: Plan 2: ḡ=40, γE[v]=0.5, Q=40.5 (fn)
2026-09-22 18:01:28,481 INFO: Plan 1: ḡ=67, γE[v]=0.0, Q=67.0 (fn)
2026-09-22 18:01:28,481 INFO: Plan 0: ḡ=0.2, γE[v]=3.5, Q=3.7 (bayes)
2026-09-22 18:01:28,481 INFO: Plan 1: ḡ=7.0, γE[v]=0.1, Q=7.2 (bayes)
2026-09-22 18:01:28,481 INFO: Plan 2: ḡ=7.0, γE[v]=0.1, Q=7.2 (bayes)
2026-09-22 18:01:28,522 INFO: Plan 1: ḡ=269, γE[v]=0.0, Q=269.0 (fn)
2026-09-22 18:01:29,055 INFO: Plan 2: ḡ=13, γE[v]=0.0, Q=13.0 (fn)
2026-09-22 18:01:29,056 INFO: Plan 0: ḡ=22, γE[v]=0.0, Q=22.0 (fn)
2026-09-22 18:01:29,060 INFO: Plan 0: ḡ=9.5, γE[v]=10.2, Q=19.7 (bayes)
2026-09-22 18:01:29,062 INFO: Plan 1: ḡ=13.9, γE[v]=8.0, Q=21.9 (bayes)
2026-09-22 18:01:29,062 INFO: Plan 2: ḡ=6.5, γE[v]=11.7, Q=18.2 (bayes)
2026-09-22 18:01:29,800 INFO: Plan 0: ḡ=80, γE[v]=0.0, Q=80.0 (fn)
2026-09-22 18:01:29,801 INFO: Plan 0: ḡ=30.8, γE[v]=106.0, Q=136.8 (bayes)
2026-09-22 18:01:29,801 INFO: Plan 1: ḡ=90.0, γE[v]=76.4, Q=166.4 (bayes)
2026-09-22 18:01:29,801 INFO: Plan 2: ḡ=26.0, γE[v]=108.4, Q=134.4 (bayes)
2026-09-22 18:01:30,017 INFO: Plan 2: ḡ=81, γE[v]=0.0, Q=81.0 (fn)
2026-09-22 18:01:30,760 INFO: Plan 1: ḡ=115, γE[v]=0.0, Q=115.0 (fn)
2026-09-22 18:01:31,310 INFO: Plan 1: ḡ=27, γE[v]=0.0, Q=27.0 (fn)
2026-09-22 18:01:32,007 INFO: Plan 2: ḡ=78, γE[v]=0.0, Q=78.0 (fn)
2026-09-22 18:01:32,230 INFO: Plan 0: ḡ=17, γE[v]=0.0, Q=17.0 (fn)
2026-09-22 18:01:32,591 INFO: Plan 2: ḡ=103, γE[v]=0.0, Q=103.0 (fn)
2026-09-22 18:01:32,940 INFO: Plan 1: ḡ=41, γE[v]=0.0, Q=41.0 (fn)
2026-09-22 18:01:32,942 INFO: Plan 0: ḡ=8.5, γE[v]=94.4, Q=102.9 (bayes)
2026-09-22 18:01:32,942 INFO: Plan 1: ḡ=20.5, γE[v]=88.4, Q=108.9 (bayes)
2026-09-22 18:01:32,942 INFO: Plan 2: ḡ=51.5, γE[v]=72.9, Q=124.4 (bayes)
2026-09-22 18:01:32,980 INFO: Plan 0: ḡ=17, γE[v]=0.0, Q=17.0 (fn)
2026-09-22 18:01:32,980 INFO: Plan 0: ḡ=8.5, γE[v]=20.1, Q=28.6 (bayes)
2026-09-22 18:01:32,981 INFO: Plan 1: ḡ=14.3, γE[v]=17.2, Q=31.5 (bayes)
2026-09-22 18:01:32,981 INFO: Plan 2: ḡ=21.2, γE[v]=13.8, Q=34.9 (bayes)
2026-09-22 18:01:33,726 INFO: Plan 2: ḡ=37, γE[v]=0.0, Q=37.0 (fn)
2026-09-22 18:01:34,066 INFO: Plan 1: ḡ=103, γE[v]=0.0, Q=103.0 (fn)
2026-09-22 18:01:34,311 INFO: Plan 0: ḡ=129, γE[v]=3.0, Q=132.0 (fn)
2026-09-22 18:01:34,312 INFO: Plan 0: ḡ=34.1, γE[v]=18.9, Q=53.0 (bayes)
2026-09-22 18:01:34,312 INFO: Plan 1: ḡ=25.9, γE[v]=22.8, Q=48.7 (bayes)
2026-09-22 18:01:34,312 INFO: Plan 2: ḡ=27.0, γE[v]=22.2, Q=49.3 (bayes)
2026-09-22 18:01:35,264 INFO: Plan 0: ḡ=50, γE[v]=10.5, Q=60.5 (fn)
2026-09-22 18:01:35,265 INFO: Plan 0: ḡ=25.0, γE[v]=132.7, Q=157.7 (bayes)
2026-09-22 18:01:35,265 INFO: Plan 1: ḡ=51.5, γE[v]=119.0, Q=170.5 (bayes)
2026-09-22 18:01:35,265 INFO: Plan 2: ḡ=18.5, γE[v]=135.5, Q=154.0 (bayes)
  [2/93] rich.console seed=42: {'random': 145, 'greedy': 142, 'cov_greedy': 149, 'covqvalue2': 296}
2026-09-22 18:01:35,895 INFO: Plan 1: ḡ=66, γE[v]=0.0, Q=66.0 (fn)
2026-09-22 18:01:37,256 INFO: Plan 0: ḡ=56, γE[v]=0.0, Q=56.0 (fn)
2026-09-22 18:01:37,685 INFO: Plan 2: ḡ=94, γE[v]=0.0, Q=94.0 (fn)
2026-09-22 18:01:37,686 INFO: Plan 0: ḡ=26.7, γE[v]=95.2, Q=121.9 (bayes)
2026-09-22 18:01:37,686 INFO: Plan 1: ḡ=33.0, γE[v]=92.1, Q=125.1 (bayes)
2026-09-22 18:01:37,686 INFO: Plan 2: ḡ=47.0, γE[v]=85.1, Q=132.1 (bayes)
2026-09-22 18:01:38,130 INFO: Plan 1: ḡ=101, γE[v]=81.0, Q=182.0 (fn)
2026-09-22 18:01:38,571 INFO: Plan 0: ḡ=303, γE[v]=8.0, Q=311.0 (fn)
2026-09-22 18:01:38,872 INFO: Plan 0: ḡ=20, γE[v]=0.0, Q=20.0 (fn)
2026-09-22 18:01:38,872 INFO: Plan 2: ḡ=23, γE[v]=0.0, Q=23.0 (fn)
2026-09-22 18:01:39,782 INFO: Plan 1: ḡ=26, γE[v]=0.0, Q=26.0 (fn)
2026-09-22 18:01:40,329 INFO: Plan 2: ḡ=111, γE[v]=65.0, Q=176.0 (fn)
2026-09-22 18:01:40,329 INFO: Plan 0: ḡ=103.3, γE[v]=64.4, Q=167.7 (bayes)
2026-09-22 18:01:40,329 INFO: Plan 1: ḡ=41.3, γE[v]=99.7, Q=141.1 (bayes)
2026-09-22 18:01:40,330 INFO: Plan 2: ḡ=53.2, γE[v]=92.0, Q=145.2 (bayes)
2026-09-22 18:01:40,591 INFO: Plan 2: ḡ=58, γE[v]=0.0, Q=58.0 (fn)
2026-09-22 18:01:42,093 INFO: Plan 0: ḡ=9, γE[v]=3.0, Q=12.0 (fn)
2026-09-22 18:01:42,094 INFO: Plan 0: ḡ=2.8, γE[v]=22.5, Q=25.2 (bayes)
2026-09-22 18:01:42,094 INFO: Plan 1: ḡ=6.7, γE[v]=20.3, Q=27.0 (bayes)
2026-09-22 18:01:42,094 INFO: Plan 2: ḡ=28.3, γE[v]=9.5, Q=37.8 (bayes)
2026-09-22 18:01:42,389 INFO: Plan 1: ḡ=78, γE[v]=15.5, Q=93.5 (fn)
2026-09-22 18:01:42,390 INFO: Plan 0: ḡ=3.3, γE[v]=7.4, Q=10.8 (bayes)
2026-09-22 18:01:42,390 INFO: Plan 1: ḡ=13.0, γE[v]=3.7, Q=16.8 (bayes)
2026-09-22 18:01:42,390 INFO: Plan 2: ḡ=3.8, γE[v]=7.2, Q=11.0 (bayes)
2026-09-22 18:01:45,321 INFO: Plan 0: ḡ=11, γE[v]=0.0, Q=11.0 (fn)
2026-09-22 18:01:45,625 INFO: Plan 1: ḡ=30, γE[v]=0.0, Q=30.0 (fn)
2026-09-22 18:01:46,346 INFO: Plan 2: ḡ=0, γE[v]=0.0, Q=0.0 (fn)
2026-09-22 18:01:46,885 INFO: Plan 1: ḡ=2, γE[v]=0.0, Q=2.0 (fn)
2026-09-22 18:01:47,145 INFO: Plan 0: ḡ=1, γE[v]=0.5, Q=1.5 (fn)
2026-09-22 18:01:47,146 INFO: Plan 0: ḡ=0.1, γE[v]=0.1, Q=0.2 (bayes)
2026-09-22 18:01:47,146 INFO: Plan 1: ḡ=0.3, γE[v]=0.0, Q=0.3 (bayes)
2026-09-22 18:01:47,149 INFO: Plan 2: ḡ=0.0, γE[v]=0.1, Q=0.1 (bayes)
2026-09-22 18:01:47,731 INFO: Plan 1: ḡ=23, γE[v]=0.0, Q=23.0 (fn)
2026-09-22 18:01:48,198 INFO: Plan 0: ḡ=226, γE[v]=10.0, Q=236.0 (fn)
2026-09-22 18:01:48,201 INFO: Plan 2: ḡ=84, γE[v]=8.5, Q=92.5 (fn)
2026-09-22 18:01:48,201 INFO: Plan 2: ḡ=23, γE[v]=0.0, Q=23.0 (fn)
2026-09-22 18:01:48,202 INFO: Plan 2: ḡ=246, γE[v]=0.0, Q=246.0 (fn)
2026-09-22 18:01:48,203 INFO: Plan 0: ḡ=5.5, γE[v]=36.5, Q=42.0 (bayes)
2026-09-22 18:01:48,203 INFO: Plan 1: ḡ=15.0, γE[v]=31.8, Q=46.8 (bayes)
2026-09-22 18:01:48,203 INFO: Plan 2: ḡ=40.2, γE[v]=19.5, Q=59.7 (bayes)
2026-09-22 18:01:48,558 INFO: Plan 1: ḡ=1, γE[v]=0.0, Q=1.0 (fn)
2026-09-22 18:01:48,559 INFO: Plan 0: ḡ=31, γE[v]=0.0, Q=31.0 (fn)
2026-09-22 18:01:48,559 INFO: Plan 0: ḡ=7.3, γE[v]=3.9, Q=11.2 (bayes)
2026-09-22 18:01:48,559 INFO: Plan 1: ḡ=5.8, γE[v]=4.7, Q=10.4 (bayes)
2026-09-22 18:01:48,560 INFO: Plan 2: ḡ=5.8, γE[v]=4.7, Q=10.4 (bayes)
2026-09-22 18:01:48,585 INFO: Plan 0: ḡ=1, γE[v]=0.0, Q=1.0 (fn)
2026-09-22 18:01:48,855 INFO: Plan 0: ḡ=16, γE[v]=0.0, Q=16.0 (fn)
2026-09-22 18:01:49,252 INFO: Plan 2: ḡ=2, γE[v]=0.0, Q=2.0 (fn)
2026-09-22 18:01:49,252 INFO: Plan 0: ḡ=0.3, γE[v]=0.1, Q=0.5 (bayes)
2026-09-22 18:01:49,253 INFO: Plan 1: ḡ=0.2, γE[v]=0.2, Q=0.4 (bayes)
2026-09-22 18:01:49,253 INFO: Plan 2: ḡ=0.6, γE[v]=0.0, Q=0.6 (bayes)
2026-09-22 18:01:49,558 INFO: Plan 1: ḡ=107, γE[v]=69.5, Q=176.5 (fn)
2026-09-22 18:01:49,558 INFO: Plan 0: ḡ=45.2, γE[v]=2.7, Q=47.9 (bayes)
2026-09-22 18:01:49,558 INFO: Plan 1: ḡ=21.4, γE[v]=18.9, Q=40.3 (bayes)
2026-09-22 18:01:49,559 INFO: Plan 2: ḡ=49.2, γE[v]=0.0, Q=49.2 (bayes)
  [3/93] flask.sessions seed=42: {'random': 4, 'greedy': 4, 'cov_greedy': 4, 'covqvalue2': 17}
2026-09-22 18:01:50,961 INFO: Plan 1: ḡ=30, γE[v]=0.0, Q=30.0 (fn)
2026-09-22 18:01:50,962 INFO: Plan 2: ḡ=30, γE[v]=0.0, Q=30.0 (fn)
2026-09-22 18:01:50,963 INFO: Plan 0: ḡ=13.2, γE[v]=1.1, Q=14.4 (bayes)
2026-09-22 18:01:50,963 INFO: Plan 1: ḡ=15.5, γE[v]=0.0, Q=15.5 (bayes)
2026-09-22 18:01:50,963 INFO: Plan 2: ḡ=15.5, γE[v]=0.0, Q=15.5 (bayes)
2026-09-22 18:01:52,413 INFO: Plan 1: ḡ=6, γE[v]=0.0, Q=6.0 (fn)
2026-09-22 18:01:52,997 INFO: Plan 2: ḡ=20, γE[v]=0.0, Q=20.0 (fn)
2026-09-22 18:01:54,306 INFO: Plan 0: ḡ=58, γE[v]=0.0, Q=58.0 (fn)
2026-09-22 18:01:54,487 INFO: Plan 2: ḡ=31, γE[v]=0.0, Q=31.0 (fn)
2026-09-22 18:01:54,720 INFO: Plan 1: ḡ=34, γE[v]=0.0, Q=34.0 (fn)
2026-09-22 18:01:54,727 INFO: Plan 0: ḡ=29.0, γE[v]=8.0, Q=37.0 (bayes)
2026-09-22 18:01:54,727 INFO: Plan 1: ḡ=17.0, γE[v]=14.0, Q=31.0 (bayes)
2026-09-22 18:01:54,727 INFO: Plan 2: ḡ=14.5, γE[v]=15.2, Q=29.8 (bayes)
2026-09-22 18:01:55,394 INFO: Plan 0: ḡ=36, γE[v]=24.5, Q=60.5 (fn)
2026-09-22 18:01:55,394 INFO: Plan 0: ḡ=12.0, γE[v]=54.1, Q=66.1 (bayes)
2026-09-22 18:01:55,395 INFO: Plan 1: ḡ=3.0, γE[v]=57.2, Q=60.2 (bayes)
2026-09-22 18:01:55,395 INFO: Plan 2: ḡ=6.8, γE[v]=55.2, Q=62.1 (bayes)
2026-09-22 18:02:00,371 INFO: Plan 0: ḡ=1, γE[v]=0.0, Q=1.0 (fn)
2026-09-22 18:02:00,412 INFO: Plan 1: ḡ=0, γE[v]=0.0, Q=0.0 (fn)
2026-09-22 18:02:00,979 INFO: Plan 2: ḡ=0, γE[v]=0.0, Q=0.0 (fn)
2026-09-22 18:02:00,979 INFO: Plan 0: ḡ=0.2, γE[v]=0.0, Q=0.2 (bayes)
2026-09-22 18:02:00,979 INFO: Plan 1: ḡ=0.0, γE[v]=0.1, Q=0.1 (bayes)
2026-09-22 18:02:00,979 INFO: Plan 2: ḡ=0.0, γE[v]=0.1, Q=0.1 (bayes)
2026-09-22 18:02:02,289 INFO: Plan 1: ḡ=2, γE[v]=0.0, Q=2.0 (fn)
2026-09-22 18:02:03,497 INFO: Plan 2: ḡ=2, γE[v]=0.0, Q=2.0 (fn)
2026-09-22 18:02:04,246 INFO: Plan 1: ḡ=2, γE[v]=0.0, Q=2.0 (fn)
2026-09-22 18:02:04,247 INFO: Plan 0: ḡ=2, γE[v]=0.0, Q=2.0 (fn)
2026-09-22 18:02:04,285 INFO: Plan 2: ḡ=2, γE[v]=0.0, Q=2.0 (fn)
2026-09-22 18:02:04,286 INFO: Plan 0: ḡ=0.5, γE[v]=0.0, Q=0.5 (bayes)
2026-09-22 18:02:04,286 INFO: Plan 1: ḡ=0.5, γE[v]=0.0, Q=0.5 (bayes)
2026-09-22 18:02:04,286 INFO: Plan 2: ḡ=0.5, γE[v]=0.0, Q=0.5 (bayes)
2026-09-22 18:02:05,628 INFO: Plan 0: ḡ=5, γE[v]=1.0, Q=6.0 (fn)
2026-09-22 18:02:05,629 INFO: Plan 0: ḡ=1.4, γE[v]=0.4, Q=1.8 (bayes)
2026-09-22 18:02:05,629 INFO: Plan 1: ḡ=0.7, γE[v]=0.7, Q=1.4 (bayes)
2026-09-22 18:02:05,629 INFO: Plan 2: ḡ=0.7, γE[v]=0.7, Q=1.4 (bayes)
2026-09-22 18:02:05,834 INFO: Plan 0: ḡ=55, γE[v]=0.0, Q=55.0 (fn)
2026-09-22 18:02:07,296 INFO: Plan 2: ḡ=5, γE[v]=0.0, Q=5.0 (fn)
2026-09-22 18:02:07,406 INFO: Plan 0: ḡ=13, γE[v]=0.0, Q=13.0 (fn)
2026-09-22 18:02:07,635 INFO: Plan 1: ḡ=9, γE[v]=0.0, Q=9.0 (fn)
2026-09-22 18:02:07,636 INFO: Plan 0: ḡ=4.3, γE[v]=2.7, Q=7.0 (bayes)
2026-09-22 18:02:07,636 INFO: Plan 1: ḡ=3.2, γE[v]=3.2, Q=6.4 (bayes)
2026-09-22 18:02:07,636 INFO: Plan 2: ḡ=2.2, γE[v]=3.7, Q=5.9 (bayes)
2026-09-22 18:02:08,410 INFO: Plan 0: ḡ=1, γE[v]=0.0, Q=1.0 (fn)
2026-09-22 18:02:08,449 INFO: Plan 1: ḡ=1, γE[v]=0.0, Q=1.0 (fn)
2026-09-22 18:02:08,645 INFO: Plan 2: ḡ=1, γE[v]=0.0, Q=1.0 (fn)
2026-09-22 18:02:08,646 INFO: Plan 0: ḡ=0.2, γE[v]=0.0, Q=0.2 (bayes)
2026-09-22 18:02:08,646 INFO: Plan 1: ḡ=0.2, γE[v]=0.0, Q=0.2 (bayes)
2026-09-22 18:02:08,646 INFO: Plan 2: ḡ=0.2, γE[v]=0.0, Q=0.2 (bayes)
2026-09-22 18:02:08,840 INFO: Plan 2: ḡ=27, γE[v]=6.0, Q=33.0 (fn)
2026-09-22 18:02:09,636 INFO: Plan 2: ḡ=7, γE[v]=0.0, Q=7.0 (fn)
2026-09-22 18:02:10,613 INFO: Plan 1: ḡ=0, γE[v]=0.0, Q=0.0 (fn)
2026-09-22 18:02:10,736 INFO: Plan 0: ḡ=0, γE[v]=0.0, Q=0.0 (fn)
2026-09-22 18:02:11,002 INFO: Plan 2: ḡ=0, γE[v]=0.0, Q=0.0 (fn)
2026-09-22 18:02:11,002 INFO: Plan 0: ḡ=0.0, γE[v]=0.0, Q=0.0 (bayes)
2026-09-22 18:02:11,002 INFO: Plan 1: ḡ=0.0, γE[v]=0.0, Q=0.0 (bayes)
2026-09-22 18:02:11,002 INFO: Plan 2: ḡ=0.0, γE[v]=0.0, Q=0.0 (bayes)
2026-09-22 18:02:11,128 INFO: Plan 2: ḡ=23, γE[v]=0.0, Q=23.0 (fn)
2026-09-22 18:02:11,129 INFO: Plan 0: ḡ=38, γE[v]=3.0, Q=41.0 (fn)
2026-09-22 18:02:11,547 INFO: Plan 1: ḡ=8, γE[v]=2.0, Q=10.0 (fn)
2026-09-22 18:02:11,554 INFO: Plan 0: ḡ=18.5, γE[v]=3.1, Q=21.6 (bayes)
2026-09-22 18:02:11,554 INFO: Plan 1: ḡ=4.0, γE[v]=10.3, Q=14.3 (bayes)
2026-09-22 18:02:11,554 INFO: Plan 2: ḡ=3.5, γE[v]=10.5, Q=14.0 (bayes)
2026-09-22 18:02:12,941 INFO: Plan 0: ḡ=5, γE[v]=0.0, Q=5.0 (fn)
2026-09-22 18:02:12,943 INFO: Plan 2: ḡ=8, γE[v]=0.0, Q=8.0 (fn)
2026-09-22 18:02:12,947 INFO: Plan 2: ḡ=3, γE[v]=0.0, Q=3.0 (fn)
2026-09-22 18:02:13,251 INFO: Plan 2: ḡ=5, γE[v]=0.0, Q=5.0 (fn)
2026-09-22 18:02:13,352 INFO: Plan 0: ḡ=9, γE[v]=0.0, Q=9.0 (fn)
2026-09-22 18:02:13,568 INFO: Plan 1: ḡ=134, γE[v]=7.0, Q=141.0 (fn)
2026-09-22 18:02:13,569 INFO: Plan 0: ḡ=23.0, γE[v]=47.7, Q=70.7 (bayes)
2026-09-22 18:02:13,570 INFO: Plan 1: ḡ=44.2, γE[v]=37.5, Q=81.8 (bayes)
2026-09-22 18:02:13,570 INFO: Plan 2: ḡ=9.1, γE[v]=55.0, Q=64.1 (bayes)
2026-09-22 18:02:14,314 INFO: Plan 1: ḡ=5, γE[v]=2.0, Q=7.0 (fn)
2026-09-22 18:02:14,317 INFO: Plan 0: ḡ=1.2, γE[v]=0.5, Q=1.8 (bayes)
2026-09-22 18:02:14,318 INFO: Plan 1: ḡ=1.2, γE[v]=0.6, Q=1.9 (bayes)
2026-09-22 18:02:14,318 INFO: Plan 2: ḡ=1.2, γE[v]=0.5, Q=1.8 (bayes)
2026-09-22 18:02:15,097 INFO: Plan 1: ḡ=122, γE[v]=8.0, Q=130.0 (fn)
2026-09-22 18:02:15,405 INFO: Plan 1: ḡ=33, γE[v]=0.0, Q=33.0 (fn)
2026-09-22 18:02:15,444 INFO: Plan 1: ḡ=6, γE[v]=8.5, Q=14.5 (fn)
2026-09-22 18:02:15,445 INFO: Plan 0: ḡ=2.3, γE[v]=2.3, Q=4.7 (bayes)
2026-09-22 18:02:15,445 INFO: Plan 1: ḡ=2.0, γE[v]=3.0, Q=5.0 (bayes)
2026-09-22 18:02:15,445 INFO: Plan 2: ḡ=2.7, γE[v]=2.2, Q=4.8 (bayes)
2026-09-22 18:02:16,247 INFO: Plan 0: ḡ=44, γE[v]=47.0, Q=91.0 (fn)
2026-09-22 18:02:16,248 INFO: Plan 0: ḡ=22.0, γE[v]=25.6, Q=47.6 (bayes)
2026-09-22 18:02:16,248 INFO: Plan 1: ḡ=61.0, γE[v]=4.4, Q=65.4 (bayes)
2026-09-22 18:02:16,248 INFO: Plan 2: ḡ=11.5, γE[v]=28.8, Q=40.2 (bayes)
2026-09-22 18:02:17,325 INFO: Plan 1: ḡ=18, γE[v]=1.0, Q=19.0 (fn)
2026-09-22 18:02:17,327 INFO: Plan 0: ḡ=20, γE[v]=0.0, Q=20.0 (fn)
2026-09-22 18:02:18,225 INFO: Plan 2: ḡ=0, γE[v]=0.0, Q=0.0 (fn)
2026-09-22 18:02:18,225 INFO: Plan 1: ḡ=3, γE[v]=0.0, Q=3.0 (fn)
2026-09-22 18:02:18,576 INFO: Plan 0: ḡ=50, γE[v]=25.0, Q=75.0 (fn)
2026-09-22 18:02:18,576 INFO: Plan 0: ḡ=25.0, γE[v]=54.0, Q=79.0 (bayes)
2026-09-22 18:02:18,577 INFO: Plan 1: ḡ=16.5, γE[v]=57.2, Q=73.7 (bayes)
2026-09-22 18:02:18,577 INFO: Plan 2: ḡ=1.5, γE[v]=64.7, Q=66.2 (bayes)
2026-09-22 18:02:18,764 INFO: Plan 0: ḡ=3, γE[v]=1.5, Q=4.5 (fn)
2026-09-22 18:02:18,764 INFO: Plan 0: ḡ=0.8, γE[v]=0.5, Q=1.2 (bayes)
2026-09-22 18:02:18,765 INFO: Plan 1: ḡ=0.8, γE[v]=0.4, Q=1.1 (bayes)
2026-09-22 18:02:18,765 INFO: Plan 2: ḡ=0.0, γE[v]=0.8, Q=0.8 (bayes)
2026-09-22 18:02:19,132 INFO: Plan 2: ḡ=15, γE[v]=2.5, Q=17.5 (fn)
2026-09-22 18:02:19,133 INFO: Plan 0: ḡ=6.8, γE[v]=0.0, Q=6.8 (bayes)
2026-09-22 18:02:19,133 INFO: Plan 1: ḡ=6.2, γE[v]=0.4, Q=6.6 (bayes)
2026-09-22 18:02:19,133 INFO: Plan 2: ḡ=5.0, γE[v]=1.1, Q=6.1 (bayes)
2026-09-22 18:02:20,650 INFO: Plan 0: ḡ=1, γE[v]=0.0, Q=1.0 (fn)
2026-09-22 18:02:21,007 INFO: Plan 2: ḡ=40, γE[v]=0.0, Q=40.0 (fn)
2026-09-22 18:02:21,270 INFO: Plan 1: ḡ=40, γE[v]=0.5, Q=40.5 (fn)
2026-09-22 18:02:21,270 INFO: Plan 0: ḡ=0.2, γE[v]=3.0, Q=3.1 (bayes)
2026-09-22 18:02:21,270 INFO: Plan 1: ḡ=6.0, γE[v]=0.1, Q=6.1 (bayes)
2026-09-22 18:02:21,270 INFO: Plan 2: ḡ=6.0, γE[v]=0.1, Q=6.1 (bayes)
2026-09-22 18:02:21,313 INFO: Plan 0: ḡ=71, γE[v]=0.0, Q=71.0 (fn)
2026-09-22 18:02:22,644 INFO: Plan 2: ḡ=62, γE[v]=10.0, Q=72.0 (fn)
2026-09-22 18:02:22,968 INFO: Plan 2: ḡ=60, γE[v]=0.0, Q=60.0 (fn)
2026-09-22 18:02:22,969 INFO: Plan 0: ḡ=16, γE[v]=0.0, Q=16.0 (fn)
2026-09-22 18:02:24,255 INFO: Plan 1: ḡ=2, γE[v]=0.0, Q=2.0 (fn)
2026-09-22 18:02:24,812 INFO: Plan 0: ḡ=4, γE[v]=0.0, Q=4.0 (fn)
2026-09-22 18:02:25,368 INFO: Plan 2: ḡ=19, γE[v]=0.0, Q=19.0 (fn)
2026-09-22 18:02:25,368 INFO: Plan 0: ḡ=1.3, γE[v]=3.6, Q=4.9 (bayes)
2026-09-22 18:02:25,369 INFO: Plan 1: ḡ=0.7, γE[v]=3.9, Q=4.6 (bayes)
2026-09-22 18:02:25,369 INFO: Plan 2: ḡ=8.5, γE[v]=0.0, Q=8.5 (bayes)
2026-09-22 18:02:26,432 INFO: Plan 1: ḡ=38, γE[v]=11.5, Q=49.5 (fn)
2026-09-22 18:02:26,432 INFO: Plan 0: ḡ=24.6, γE[v]=24.0, Q=48.6 (bayes)
2026-09-22 18:02:26,432 INFO: Plan 1: ḡ=18.8, γE[v]=27.4, Q=46.2 (bayes)
2026-09-22 18:02:26,432 INFO: Plan 2: ḡ=29.8, γE[v]=21.4, Q=51.2 (bayes)
2026-09-22 18:02:30,698 INFO: Plan 2: ḡ=8, γE[v]=0.0, Q=8.0 (fn)
2026-09-22 18:02:30,938 INFO: Plan 0: ḡ=16, γE[v]=0.0, Q=16.0 (fn)
2026-09-22 18:02:31,206 INFO: Plan 1: ḡ=14, γE[v]=0.0, Q=14.0 (fn)
2026-09-22 18:02:31,247 INFO: Plan 0: ḡ=13, γE[v]=0.0, Q=13.0 (fn)
2026-09-22 18:02:31,248 INFO: Plan 0: ḡ=6.5, γE[v]=4.8, Q=11.2 (bayes)
2026-09-22 18:02:31,248 INFO: Plan 1: ḡ=5.5, γE[v]=5.2, Q=10.8 (bayes)
2026-09-22 18:02:31,248 INFO: Plan 2: ḡ=4.0, γE[v]=6.0, Q=10.0 (bayes)
2026-09-22 18:02:31,826 INFO: Plan 1: ḡ=107, γE[v]=14.0, Q=121.0 (fn)
2026-09-22 18:02:31,826 INFO: Plan 0: ḡ=8.0, γE[v]=20.8, Q=28.8 (bayes)
2026-09-22 18:02:31,827 INFO: Plan 1: ḡ=35.3, γE[v]=7.9, Q=43.2 (bayes)
2026-09-22 18:02:31,827 INFO: Plan 2: ḡ=15.5, γE[v]=17.7, Q=33.2 (bayes)
2026-09-22 18:02:32,575 INFO: Plan 1: ḡ=61, γE[v]=0.0, Q=61.0 (fn)
2026-09-22 18:02:32,787 INFO: Plan 2: ḡ=25, γE[v]=0.0, Q=25.0 (fn)
2026-09-22 18:02:32,787 INFO: Plan 0: ḡ=7.3, γE[v]=62.4, Q=69.8 (bayes)
2026-09-22 18:02:32,787 INFO: Plan 1: ḡ=19.1, γE[v]=56.5, Q=75.6 (bayes)
2026-09-22 18:02:32,787 INFO: Plan 2: ḡ=11.5, γE[v]=60.3, Q=71.8 (bayes)
2026-09-22 18:02:35,035 INFO: Plan 0: ḡ=17, γE[v]=0.0, Q=17.0 (fn)
2026-09-22 18:02:35,891 INFO: Plan 1: ḡ=53, γE[v]=0.0, Q=53.0 (fn)
2026-09-22 18:02:36,444 INFO: Plan 2: ḡ=81, γE[v]=0.0, Q=81.0 (fn)
2026-09-22 18:02:36,446 INFO: Plan 0: ḡ=8.5, γE[v]=72.3, Q=80.8 (bayes)
2026-09-22 18:02:36,449 INFO: Plan 1: ḡ=26.5, γE[v]=63.3, Q=89.8 (bayes)
2026-09-22 18:02:36,451 INFO: Plan 2: ḡ=36.8, γE[v]=58.2, Q=95.0 (bayes)
2026-09-22 18:02:38,322 INFO: Plan 2: ḡ=4, γE[v]=0.0, Q=4.0 (fn)
2026-09-22 18:02:38,837 INFO: Plan 1: ḡ=39, γE[v]=0.0, Q=39.0 (fn)
2026-09-22 18:02:38,838 INFO: Plan 2: ḡ=9, γE[v]=0.0, Q=9.0 (fn)
2026-09-22 18:02:39,007 INFO: Plan 0: ḡ=15, γE[v]=0.0, Q=15.0 (fn)
2026-09-22 18:02:39,989 INFO: Plan 0: ḡ=36, γE[v]=0.0, Q=36.0 (fn)
2026-09-22 18:02:39,990 INFO: Plan 0: ḡ=15.7, γE[v]=66.0, Q=81.7 (bayes)
2026-09-22 18:02:39,990 INFO: Plan 1: ḡ=12.8, γE[v]=67.5, Q=80.2 (bayes)
2026-09-22 18:02:39,990 INFO: Plan 2: ḡ=3.5, γE[v]=72.1, Q=75.6 (bayes)
2026-09-22 18:02:40,190 INFO: Plan 2: ḡ=3, γE[v]=0.0, Q=3.0 (fn)
2026-09-22 18:02:40,382 INFO: Plan 0: ḡ=7, γE[v]=0.0, Q=7.0 (fn)
2026-09-22 18:02:40,923 INFO: Plan 1: ḡ=23, γE[v]=0.0, Q=23.0 (fn)
2026-09-22 18:02:41,920 INFO: Plan 1: ḡ=25, γE[v]=2.0, Q=27.0 (fn)
2026-09-22 18:02:41,922 INFO: Plan 0: ḡ=13.3, γE[v]=1.0, Q=14.3 (bayes)
2026-09-22 18:02:41,923 INFO: Plan 1: ḡ=14.8, γE[v]=0.4, Q=15.2 (bayes)
2026-09-22 18:02:41,923 INFO: Plan 2: ḡ=0.5, γE[v]=7.4, Q=7.9 (bayes)
2026-09-22 18:02:43,062 INFO: Plan 0: ḡ=58, γE[v]=49.5, Q=107.5 (fn)
2026-09-22 18:02:43,293 INFO: Plan 0: ḡ=198, γE[v]=0.0, Q=198.0 (fn)
2026-09-22 18:02:43,338 INFO: Plan 2: ḡ=30, γE[v]=2.0, Q=32.0 (fn)
2026-09-22 18:02:43,339 INFO: Plan 0: ḡ=1.4, γE[v]=3.9, Q=5.3 (bayes)
2026-09-22 18:02:43,339 INFO: Plan 1: ḡ=5.8, γE[v]=1.7, Q=7.5 (bayes)
2026-09-22 18:02:43,339 INFO: Plan 2: ḡ=7.2, γE[v]=1.1, Q=8.2 (bayes)
  [4/93] rich.markdown seed=42: {'random': 59, 'greedy': 57, 'cov_greedy': 18, 'covqvalue2': 83}
2026-09-22 18:02:43,697 INFO: Plan 2: ḡ=92, γE[v]=45.0, Q=137.0 (fn)
2026-09-22 18:02:43,736 INFO: Plan 1: ḡ=75, γE[v]=0.0, Q=75.0 (fn)
2026-09-22 18:02:43,886 INFO: Plan 2: ḡ=39, γE[v]=0.0, Q=39.0 (fn)
2026-09-22 18:02:43,886 INFO: Plan 1: ḡ=202, γE[v]=0.0, Q=202.0 (fn)
2026-09-22 18:02:43,887 INFO: Plan 0: ḡ=54.5, γE[v]=0.9, Q=55.4 (bayes)
2026-09-22 18:02:43,887 INFO: Plan 1: ḡ=55.5, γE[v]=0.4, Q=55.9 (bayes)
2026-09-22 18:02:43,887 INFO: Plan 2: ḡ=0.8, γE[v]=27.7, Q=28.5 (bayes)
2026-09-22 18:02:44,350 INFO: Plan 1: ḡ=87, γE[v]=52.5, Q=139.5 (fn)
2026-09-22 18:02:44,350 INFO: Plan 0: ḡ=84, γE[v]=0.0, Q=84.0 (fn)
2026-09-22 18:02:44,351 INFO: Plan 0: ḡ=29.0, γE[v]=63.5, Q=92.5 (bayes)
2026-09-22 18:02:44,351 INFO: Plan 1: ḡ=43.5, γE[v]=56.4, Q=99.9 (bayes)
2026-09-22 18:02:44,351 INFO: Plan 2: ḡ=46.0, γE[v]=54.8, Q=100.8 (bayes)
2026-09-22 18:02:44,352 INFO: Plan 0: ḡ=42.0, γE[v]=36.0, Q=78.0 (bayes)
2026-09-22 18:02:44,352 INFO: Plan 1: ḡ=37.5, γE[v]=38.2, Q=75.8 (bayes)
2026-09-22 18:02:44,352 INFO: Plan 2: ḡ=19.5, γE[v]=47.2, Q=66.8 (bayes)
2026-09-22 18:02:44,592 INFO: Plan 2: ḡ=77, γE[v]=0.0, Q=77.0 (fn)
2026-09-22 18:02:45,335 INFO: Plan 1: ḡ=115, γE[v]=0.0, Q=115.0 (fn)
2026-09-22 18:02:45,940 INFO: Plan 1: ḡ=1, γE[v]=0.0, Q=1.0 (fn)
2026-09-22 18:02:46,115 INFO: Plan 0: ḡ=1, γE[v]=0.0, Q=1.0 (fn)
2026-09-22 18:02:46,400 INFO: Plan 2: ḡ=1, γE[v]=0.5, Q=1.5 (fn)
2026-09-22 18:02:46,401 INFO: Plan 0: ḡ=0.2, γE[v]=0.1, Q=0.3 (bayes)
2026-09-22 18:02:46,401 INFO: Plan 1: ḡ=0.2, γE[v]=0.1, Q=0.3 (bayes)
2026-09-22 18:02:46,401 INFO: Plan 2: ḡ=0.2, γE[v]=0.1, Q=0.4 (bayes)
2026-09-22 18:02:47,044 INFO: Plan 2: ḡ=33, γE[v]=0.0, Q=33.0 (fn)
2026-09-22 18:02:47,503 INFO: Plan 1: ḡ=82, γE[v]=0.0, Q=82.0 (fn)
2026-09-22 18:02:47,747 INFO: Plan 0: ḡ=65, γE[v]=0.0, Q=65.0 (fn)
2026-09-22 18:02:47,747 INFO: Plan 0: ḡ=32.5, γE[v]=115.8, Q=148.2 (bayes)
2026-09-22 18:02:47,748 INFO: Plan 1: ḡ=28.0, γE[v]=118.0, Q=146.0 (bayes)
2026-09-22 18:02:47,748 INFO: Plan 2: ḡ=16.5, γE[v]=123.7, Q=140.2 (bayes)
2026-09-22 18:02:47,789 INFO: Plan 0: ḡ=20, γE[v]=0.0, Q=20.0 (fn)
2026-09-22 18:02:48,264 INFO: Plan 2: ḡ=23, γE[v]=0.0, Q=23.0 (fn)
2026-09-22 18:02:48,837 INFO: Plan 0: ḡ=40, γE[v]=0.0, Q=40.0 (fn)
2026-09-22 18:02:49,235 INFO: Plan 0: ḡ=41, γE[v]=45.0, Q=86.0 (fn)
2026-09-22 18:02:49,236 INFO: Plan 0: ḡ=10.2, γE[v]=30.0, Q=40.2 (bayes)
2026-09-22 18:02:49,236 INFO: Plan 1: ḡ=21.1, γE[v]=21.3, Q=42.3 (bayes)
2026-09-22 18:02:49,236 INFO: Plan 2: ḡ=24.9, γE[v]=19.4, Q=44.2 (bayes)
2026-09-22 18:02:49,718 INFO: Plan 2: ḡ=1, γE[v]=0.0, Q=1.0 (fn)
2026-09-22 18:02:49,718 INFO: Plan 1: ḡ=4, γE[v]=0.0, Q=4.0 (fn)
2026-09-22 18:02:50,355 INFO: Plan 0: ḡ=8, γE[v]=0.0, Q=8.0 (fn)
2026-09-22 18:02:50,356 INFO: Plan 0: ḡ=2.7, γE[v]=1.1, Q=3.8 (bayes)
2026-09-22 18:02:50,356 INFO: Plan 1: ḡ=1.8, γE[v]=1.5, Q=3.3 (bayes)
2026-09-22 18:02:50,356 INFO: Plan 2: ḡ=0.3, γE[v]=2.2, Q=2.6 (bayes)
2026-09-22 18:02:50,482 INFO: Plan 1: ḡ=57, γE[v]=74.5, Q=131.5 (fn)
2026-09-22 18:02:50,768 INFO: Plan 0: ḡ=11, γE[v]=0.0, Q=11.0 (fn)
2026-09-22 18:02:50,888 INFO: Plan 0: ḡ=87, γE[v]=58.0, Q=145.0 (fn)
2026-09-22 18:02:51,265 INFO: Plan 2: ḡ=89, γE[v]=22.0, Q=111.0 (fn)
2026-09-22 18:02:51,414 INFO: Plan 2: ḡ=17, γE[v]=0.0, Q=17.0 (fn)
2026-09-22 18:02:52,030 INFO: Plan 1: ḡ=32, γE[v]=0.0, Q=32.0 (fn)
2026-09-22 18:02:52,031 INFO: Plan 0: ḡ=5.5, γE[v]=14.8, Q=20.3 (bayes)
2026-09-22 18:02:52,031 INFO: Plan 1: ḡ=16.0, γE[v]=9.6, Q=25.6 (bayes)
2026-09-22 18:02:52,031 INFO: Plan 2: ḡ=8.2, γE[v]=13.5, Q=21.7 (bayes)
2026-09-22 18:02:52,248 INFO: Plan 1: ḡ=65, γE[v]=22.0, Q=87.0 (fn)
2026-09-22 18:02:52,248 INFO: Plan 0: ḡ=2.9, γE[v]=6.4, Q=9.2 (bayes)
2026-09-22 18:02:52,248 INFO: Plan 1: ḡ=9.3, γE[v]=4.8, Q=14.1 (bayes)
2026-09-22 18:02:52,248 INFO: Plan 2: ḡ=3.3, γE[v]=6.1, Q=9.4 (bayes)
2026-09-22 18:02:52,474 INFO: Plan 0: ḡ=8, γE[v]=0.0, Q=8.0 (fn)
2026-09-22 18:02:52,868 INFO: Plan 1: ḡ=20, γE[v]=0.0, Q=20.0 (fn)
2026-09-22 18:02:53,031 INFO: Plan 2: ḡ=181, γE[v]=22.5, Q=203.5 (fn)
2026-09-22 18:02:53,032 INFO: Plan 0: ḡ=40.8, γE[v]=44.9, Q=85.7 (bayes)
2026-09-22 18:02:53,032 INFO: Plan 1: ḡ=28.5, γE[v]=51.8, Q=80.3 (bayes)
2026-09-22 18:02:53,032 INFO: Plan 2: ḡ=90.5, γE[v]=18.4, Q=108.9 (bayes)
2026-09-22 18:02:53,076 INFO: Plan 1: ḡ=31, γE[v]=50.5, Q=81.5 (fn)
2026-09-22 18:02:53,077 INFO: Plan 0: ḡ=20.0, γE[v]=37.5, Q=57.5 (bayes)
2026-09-22 18:02:53,081 INFO: Plan 1: ḡ=15.5, γE[v]=42.0, Q=57.5 (bayes)
2026-09-22 18:02:53,083 INFO: Plan 2: ḡ=44.5, γE[v]=26.2, Q=70.7 (bayes)
2026-09-22 18:02:53,517 INFO: Plan 2: ḡ=25, γE[v]=0.0, Q=25.0 (fn)
2026-09-22 18:02:53,518 INFO: Plan 0: ḡ=4.0, γE[v]=6.0, Q=10.0 (bayes)
2026-09-22 18:02:53,518 INFO: Plan 1: ḡ=10.0, γE[v]=3.0, Q=13.0 (bayes)
2026-09-22 18:02:53,518 INFO: Plan 2: ḡ=11.5, γE[v]=2.2, Q=13.8 (bayes)
2026-09-22 18:02:55,209 INFO: Plan 2: ḡ=66, γE[v]=0.0, Q=66.0 (fn)
2026-09-22 18:02:55,697 INFO: Plan 0: ḡ=56, γE[v]=0.0, Q=56.0 (fn)
2026-09-22 18:02:55,737 INFO: Plan 1: ḡ=90, γE[v]=0.0, Q=90.0 (fn)
2026-09-22 18:02:55,737 INFO: Plan 0: ḡ=26.7, γE[v]=57.5, Q=84.2 (bayes)
2026-09-22 18:02:55,737 INFO: Plan 1: ḡ=45.0, γE[v]=48.3, Q=93.3 (bayes)
2026-09-22 18:02:55,737 INFO: Plan 2: ḡ=29.5, γE[v]=56.1, Q=85.6 (bayes)
2026-09-22 18:02:58,587 INFO: Plan 2: ḡ=13, γE[v]=0.0, Q=13.0 (fn)
2026-09-22 18:03:01,864 INFO: Plan 0: ḡ=0, γE[v]=0.0, Q=0.0 (fn)
2026-09-22 18:03:02,299 INFO: Plan 1: ḡ=0, γE[v]=0.0, Q=0.0 (fn)
2026-09-22 18:03:02,341 INFO: Plan 2: ḡ=0, γE[v]=0.0, Q=0.0 (fn)
2026-09-22 18:03:02,342 INFO: Plan 0: ḡ=0.0, γE[v]=0.0, Q=0.0 (bayes)
2026-09-22 18:03:02,342 INFO: Plan 1: ḡ=0.0, γE[v]=0.0, Q=0.0 (bayes)
2026-09-22 18:03:02,342 INFO: Plan 2: ḡ=0.0, γE[v]=0.0, Q=0.0 (bayes)
2026-09-22 18:03:02,880 INFO: Plan 0: ḡ=2, γE[v]=0.0, Q=2.0 (fn)
2026-09-22 18:03:03,403 INFO: Plan 1: ḡ=19, γE[v]=10.0, Q=29.0 (fn)
2026-09-22 18:03:04,420 INFO: Plan 1: ḡ=2, γE[v]=1.0, Q=3.0 (fn)
2026-09-22 18:03:04,582 INFO: Plan 2: ḡ=2, γE[v]=1.0, Q=3.0 (fn)
2026-09-22 18:03:04,583 INFO: Plan 0: ḡ=0.4, γE[v]=0.2, Q=0.7 (bayes)
2026-09-22 18:03:04,583 INFO: Plan 1: ḡ=0.5, γE[v]=0.3, Q=0.8 (bayes)
2026-09-22 18:03:04,583 INFO: Plan 2: ḡ=0.5, γE[v]=0.3, Q=0.8 (bayes)
2026-09-22 18:03:06,362 INFO: Plan 1: ḡ=246, γE[v]=0.0, Q=246.0 (fn)
2026-09-22 18:03:06,771 INFO: Plan 0: ḡ=226, γE[v]=10.0, Q=236.0 (fn)
2026-09-22 18:03:06,772 INFO: Plan 2: ḡ=226, γE[v]=10.0, Q=236.0 (fn)
2026-09-22 18:03:06,772 INFO: Plan 0: ḡ=37.7, γE[v]=2.4, Q=40.1 (bayes)
2026-09-22 18:03:06,772 INFO: Plan 1: ḡ=41.0, γE[v]=0.0, Q=41.0 (bayes)
2026-09-22 18:03:06,773 INFO: Plan 2: ḡ=37.7, γE[v]=2.4, Q=40.1 (bayes)
2026-09-22 18:03:07,636 INFO: Plan 0: ḡ=9, γE[v]=18.0, Q=27.0 (fn)
2026-09-22 18:03:07,636 INFO: Plan 0: ḡ=2.8, γE[v]=13.3, Q=16.1 (bayes)
2026-09-22 18:03:07,636 INFO: Plan 1: ḡ=4.9, γE[v]=11.7, Q=16.6 (bayes)
2026-09-22 18:03:07,637 INFO: Plan 2: ḡ=6.5, γE[v]=10.2, Q=16.8 (bayes)
2026-09-22 18:03:07,928 INFO: Plan 0: ḡ=1, γE[v]=0.0, Q=1.0 (fn)
2026-09-22 18:03:08,568 INFO: Plan 2: ḡ=8, γE[v]=0.0, Q=8.0 (fn)
2026-09-22 18:03:08,568 INFO: Plan 0: ḡ=8, γE[v]=0.0, Q=8.0 (fn)
2026-09-22 18:03:08,796 INFO: Plan 1: ḡ=1, γE[v]=0.0, Q=1.0 (fn)
2026-09-22 18:03:08,797 INFO: Plan 0: ḡ=1.6, γE[v]=1.1, Q=2.7 (bayes)
2026-09-22 18:03:08,797 INFO: Plan 1: ḡ=0.2, γE[v]=1.8, Q=2.0 (bayes)
2026-09-22 18:03:08,797 INFO: Plan 2: ḡ=2.0, γE[v]=0.9, Q=2.9 (bayes)
2026-09-22 18:03:08,836 INFO: Plan 1: ḡ=5, γE[v]=1.5, Q=6.5 (fn)
2026-09-22 18:03:08,836 INFO: Plan 2: ḡ=8, γE[v]=0.0, Q=8.0 (fn)
2026-09-22 18:03:08,837 INFO: Plan 0: ḡ=0.2, γE[v]=0.7, Q=0.9 (bayes)
2026-09-22 18:03:08,837 INFO: Plan 1: ḡ=1.0, γE[v]=0.4, Q=1.4 (bayes)
2026-09-22 18:03:08,837 INFO: Plan 2: ḡ=1.6, γE[v]=0.0, Q=1.6 (bayes)
2026-09-22 18:03:09,734 INFO: Plan 0: ḡ=54, γE[v]=0.0, Q=54.0 (fn)
2026-09-22 18:03:10,551 INFO: Plan 2: ḡ=15, γE[v]=0.0, Q=15.0 (fn)
2026-09-22 18:03:12,899 INFO: Plan 1: ḡ=8, γE[v]=1.0, Q=9.0 (fn)
2026-09-22 18:03:14,320 INFO: Plan 2: ḡ=9, γE[v]=2.5, Q=11.5 (fn)
2026-09-22 18:03:14,974 INFO: Plan 1: ḡ=35, γE[v]=7.0, Q=42.0 (fn)
2026-09-22 18:03:14,975 INFO: Plan 0: ḡ=13.5, γE[v]=43.6, Q=57.1 (bayes)
2026-09-22 18:03:14,975 INFO: Plan 1: ḡ=17.5, γE[v]=41.9, Q=59.4 (bayes)
2026-09-22 18:03:14,975 INFO: Plan 2: ḡ=5.5, γE[v]=47.6, Q=53.1 (bayes)
2026-09-22 18:03:15,016 INFO: Plan 1: ḡ=35, γE[v]=16.0, Q=51.0 (fn)
2026-09-22 18:03:16,060 INFO: Plan 0: ḡ=7, γE[v]=4.0, Q=11.0 (fn)
2026-09-22 18:03:16,061 INFO: Plan 0: ḡ=2.2, γE[v]=2.0, Q=4.3 (bayes)
2026-09-22 18:03:16,061 INFO: Plan 1: ḡ=3.3, γE[v]=1.3, Q=4.7 (bayes)
2026-09-22 18:03:16,061 INFO: Plan 2: ḡ=3.8, γE[v]=1.2, Q=5.0 (bayes)
2026-09-22 18:03:16,098 INFO: Plan 0: ḡ=1, γE[v]=0.0, Q=1.0 (fn)
2026-09-22 18:03:16,581 INFO: Plan 1: ḡ=1, γE[v]=0.0, Q=1.0 (fn)
2026-09-22 18:03:17,067 INFO: Plan 2: ḡ=0, γE[v]=0.0, Q=0.0 (fn)
2026-09-22 18:03:17,318 INFO: Plan 2: ḡ=1, γE[v]=0.0, Q=1.0 (fn)
2026-09-22 18:03:17,325 INFO: Plan 0: ḡ=0.2, γE[v]=0.0, Q=0.2 (bayes)
2026-09-22 18:03:17,325 INFO: Plan 1: ḡ=0.2, γE[v]=0.0, Q=0.2 (bayes)
2026-09-22 18:03:17,325 INFO: Plan 2: ḡ=0.2, γE[v]=0.0, Q=0.2 (bayes)
2026-09-22 18:03:17,954 INFO: Plan 0: ḡ=6, γE[v]=0.0, Q=6.0 (fn)
2026-09-22 18:03:18,356 INFO: Plan 1: ḡ=9, γE[v]=0.0, Q=9.0 (fn)
2026-09-22 18:03:18,358 INFO: Plan 0: ḡ=2.0, γE[v]=1.5, Q=3.5 (bayes)
2026-09-22 18:03:18,358 INFO: Plan 1: ḡ=3.0, γE[v]=1.0, Q=4.0 (bayes)
2026-09-22 18:03:18,358 INFO: Plan 2: ḡ=0.0, γE[v]=2.5, Q=2.5 (bayes)
2026-09-22 18:03:18,984 INFO: Plan 2: ḡ=186, γE[v]=123.5, Q=309.5 (fn)
2026-09-22 18:03:19,336 INFO: Plan 0: ḡ=30, γE[v]=0.0, Q=30.0 (fn)
2026-09-22 18:03:19,337 INFO: Plan 0: ḡ=0, γE[v]=0.0, Q=0.0 (fn)
2026-09-22 18:03:19,553 INFO: Plan 1: ḡ=0, γE[v]=0.0, Q=0.0 (fn)
2026-09-22 18:03:19,554 INFO: Plan 2: ḡ=0, γE[v]=0.0, Q=0.0 (fn)
2026-09-22 18:03:19,554 INFO: Plan 0: ḡ=0.0, γE[v]=0.0, Q=0.0 (bayes)
2026-09-22 18:03:19,554 INFO: Plan 1: ḡ=0.0, γE[v]=0.0, Q=0.0 (bayes)
2026-09-22 18:03:19,554 INFO: Plan 2: ḡ=0.0, γE[v]=0.0, Q=0.0 (bayes)
2026-09-22 18:03:19,891 INFO: Plan 2: ḡ=103, γE[v]=0.0, Q=103.0 (fn)
2026-09-22 18:03:19,892 INFO: Plan 0: ḡ=1, γE[v]=0.0, Q=1.0 (fn)
2026-09-22 18:03:20,797 INFO: Plan 1: ḡ=29, γE[v]=0.5, Q=29.5 (fn)
2026-09-22 18:03:21,166 INFO: Plan 2: ḡ=29, γE[v]=0.5, Q=29.5 (fn)
2026-09-22 18:03:21,166 INFO: Plan 0: ḡ=0.1, γE[v]=1.8, Q=2.0 (bayes)
2026-09-22 18:03:21,166 INFO: Plan 1: ḡ=3.6, γE[v]=0.1, Q=3.7 (bayes)
2026-09-22 18:03:21,166 INFO: Plan 2: ḡ=3.6, γE[v]=0.1, Q=3.7 (bayes)
2026-09-22 18:03:21,209 INFO: Plan 0: ḡ=403, γE[v]=40.5, Q=443.5 (fn)
2026-09-22 18:03:21,209 INFO: Plan 0: ḡ=201.5, γE[v]=30.1, Q=231.6 (bayes)
2026-09-22 18:03:21,209 INFO: Plan 1: ḡ=17.5, γE[v]=121.0, Q=138.5 (bayes)
2026-09-22 18:03:21,209 INFO: Plan 2: ḡ=93.0, γE[v]=88.1, Q=181.1 (bayes)
2026-09-22 18:03:21,500 INFO: Plan 1: ḡ=2, γE[v]=0.0, Q=2.0 (fn)
2026-09-22 18:03:21,580 INFO: Plan 0: ḡ=2, γE[v]=0.0, Q=2.0 (fn)
2026-09-22 18:03:21,709 INFO: Plan 1: ḡ=53, γE[v]=63.5, Q=116.5 (fn)
2026-09-22 18:03:21,711 INFO: Plan 0: ḡ=15.0, γE[v]=48.8, Q=63.8 (bayes)
2026-09-22 18:03:21,711 INFO: Plan 1: ḡ=26.5, γE[v]=45.9, Q=72.4 (bayes)
2026-09-22 18:03:21,712 INFO: Plan 2: ḡ=51.5, γE[v]=30.5, Q=82.0 (bayes)
2026-09-22 18:03:22,155 INFO: Plan 2: ḡ=2, γE[v]=0.0, Q=2.0 (fn)
2026-09-22 18:03:22,156 INFO: Plan 0: ḡ=0.5, γE[v]=0.0, Q=0.5 (bayes)
2026-09-22 18:03:22,156 INFO: Plan 1: ḡ=0.5, γE[v]=0.0, Q=0.5 (bayes)
2026-09-22 18:03:22,156 INFO: Plan 2: ḡ=0.5, γE[v]=0.0, Q=0.5 (bayes)
2026-09-22 18:03:22,481 INFO: Plan 1: ḡ=0, γE[v]=0.0, Q=0.0 (fn)
2026-09-22 18:03:22,588 INFO: Plan 0: ḡ=0, γE[v]=0.0, Q=0.0 (fn)
2026-09-22 18:03:22,590 INFO: Plan 2: ḡ=0, γE[v]=0.0, Q=0.0 (fn)
2026-09-22 18:03:22,596 INFO: Plan 0: ḡ=0.0, γE[v]=0.0, Q=0.0 (bayes)
2026-09-22 18:03:22,596 INFO: Plan 1: ḡ=0.0, γE[v]=0.0, Q=0.0 (bayes)
2026-09-22 18:03:22,597 INFO: Plan 2: ḡ=0.0, γE[v]=0.0, Q=0.0 (bayes)
2026-09-22 18:03:23,459 INFO: Plan 2: ḡ=0, γE[v]=0.0, Q=0.0 (fn)
2026-09-22 18:03:23,459 INFO: Plan 1: ḡ=0, γE[v]=0.0, Q=0.0 (fn)
2026-09-22 18:03:23,973 INFO: Plan 0: ḡ=3, γE[v]=0.0, Q=3.0 (fn)
2026-09-22 18:03:23,979 INFO: Plan 0: ḡ=0.6, γE[v]=0.0, Q=0.6 (bayes)
2026-09-22 18:03:23,979 INFO: Plan 1: ḡ=0.0, γE[v]=0.3, Q=0.3 (bayes)
2026-09-22 18:03:23,979 INFO: Plan 2: ḡ=0.0, γE[v]=0.3, Q=0.3 (bayes)
2026-09-22 18:03:24,247 INFO: Plan 1: ḡ=2, γE[v]=0.0, Q=2.0 (fn)
2026-09-22 18:03:25,069 INFO: Plan 0: ḡ=4, γE[v]=1.0, Q=5.0 (fn)
2026-09-22 18:03:25,108 INFO: Plan 2: ḡ=4, γE[v]=1.0, Q=5.0 (fn)
2026-09-22 18:03:25,108 INFO: Plan 0: ḡ=1.0, γE[v]=0.3, Q=1.3 (bayes)
2026-09-22 18:03:25,108 INFO: Plan 1: ḡ=0.5, γE[v]=0.5, Q=1.0 (bayes)
2026-09-22 18:03:25,109 INFO: Plan 2: ḡ=1.0, γE[v]=0.3, Q=1.3 (bayes)
2026-09-22 18:03:25,736 INFO: Plan 0: ḡ=55, γE[v]=0.0, Q=55.0 (fn)
2026-09-22 18:03:26,486 INFO: Plan 2: ḡ=28, γE[v]=0.0, Q=28.0 (fn)
2026-09-22 18:03:28,779 INFO: Plan 1: ḡ=125, γE[v]=1.0, Q=126.0 (fn)
2026-09-22 18:03:28,780 INFO: Plan 0: ḡ=23.0, γE[v]=41.0, Q=64.0 (bayes)
2026-09-22 18:03:28,780 INFO: Plan 1: ḡ=30.5, γE[v]=37.3, Q=67.8 (bayes)
2026-09-22 18:03:28,780 INFO: Plan 2: ḡ=8.3, γE[v]=48.3, Q=56.7 (bayes)
2026-09-22 18:03:29,588 INFO: Plan 0: ḡ=9, γE[v]=0.0, Q=9.0 (fn)
2026-09-22 18:03:29,774 INFO: Plan 1: ḡ=5, γE[v]=0.0, Q=5.0 (fn)
2026-09-22 18:03:30,086 INFO: Plan 2: ḡ=8, γE[v]=0.0, Q=8.0 (fn)
2026-09-22 18:03:30,086 INFO: Plan 0: ḡ=3.0, γE[v]=3.2, Q=6.2 (bayes)
2026-09-22 18:03:30,087 INFO: Plan 1: ḡ=2.5, γE[v]=3.5, Q=6.0 (bayes)
2026-09-22 18:03:30,087 INFO: Plan 2: ḡ=4.0, γE[v]=2.8, Q=6.8 (bayes)
2026-09-22 18:03:31,998 INFO: Plan 0: ḡ=60, γE[v]=0.0, Q=60.0 (fn)
2026-09-22 18:03:35,779 INFO: Plan 2: ḡ=57, γE[v]=0.0, Q=57.0 (fn)
2026-09-22 18:03:36,388 INFO: Plan 2: ḡ=8, γE[v]=0.0, Q=8.0 (fn)
2026-09-22 18:03:38,342 INFO: Plan 1: ḡ=40, γE[v]=4.0, Q=44.0 (fn)
2026-09-22 18:03:38,342 INFO: Plan 0: ḡ=30.0, γE[v]=53.2, Q=83.2 (bayes)
2026-09-22 18:03:38,342 INFO: Plan 1: ḡ=20.0, γE[v]=58.4, Q=78.4 (bayes)
2026-09-22 18:03:38,342 INFO: Plan 2: ḡ=28.5, γE[v]=54.0, Q=82.5 (bayes)
2026-09-22 18:03:39,196 INFO: Plan 1: ḡ=1, γE[v]=0.0, Q=1.0 (fn)
2026-09-22 18:03:40,455 INFO: Plan 2: ḡ=1, γE[v]=0.0, Q=1.0 (fn)
2026-09-22 18:03:41,491 INFO: Plan 0: ḡ=3, γE[v]=1.0, Q=4.0 (fn)
2026-09-22 18:03:41,492 INFO: Plan 0: ḡ=1.5, γE[v]=0.4, Q=1.9 (bayes)
2026-09-22 18:03:41,492 INFO: Plan 1: ḡ=0.3, γE[v]=0.9, Q=1.2 (bayes)
2026-09-22 18:03:41,492 INFO: Plan 2: ḡ=0.3, γE[v]=0.9, Q=1.2 (bayes)
2026-09-22 18:03:42,357 INFO: Plan 0: ḡ=10, γE[v]=7.5, Q=17.5 (fn)
2026-09-22 18:03:42,398 INFO: Plan 1: ḡ=9, γE[v]=8.0, Q=17.0 (fn)
2026-09-22 18:03:42,398 INFO: Plan 0: ḡ=3.3, γE[v]=3.1, Q=6.4 (bayes)
2026-09-22 18:03:42,398 INFO: Plan 1: ḡ=3.0, γE[v]=3.3, Q=6.3 (bayes)
2026-09-22 18:03:42,398 INFO: Plan 2: ḡ=3.0, γE[v]=2.8, Q=5.8 (bayes)
2026-09-22 18:03:42,734 INFO: Plan 0: ḡ=1, γE[v]=0.0, Q=1.0 (fn)
2026-09-22 18:03:42,934 INFO: Plan 1: ḡ=1, γE[v]=0.0, Q=1.0 (fn)
2026-09-22 18:03:43,473 INFO: Plan 2: ḡ=2, γE[v]=0.0, Q=2.0 (fn)
2026-09-22 18:03:43,473 INFO: Plan 0: ḡ=0.2, γE[v]=0.1, Q=0.3 (bayes)
2026-09-22 18:03:43,473 INFO: Plan 1: ḡ=0.2, γE[v]=0.1, Q=0.3 (bayes)
2026-09-22 18:03:43,473 INFO: Plan 2: ḡ=0.4, γE[v]=0.0, Q=0.4 (bayes)
2026-09-22 18:03:43,601 INFO: Plan 0: ḡ=7, γE[v]=0.0, Q=7.0 (fn)
2026-09-22 18:03:44,251 INFO: Plan 0: ḡ=71, γE[v]=0.0, Q=71.0 (fn)
2026-09-22 18:03:45,312 INFO: Plan 2: ḡ=52, γE[v]=0.0, Q=52.0 (fn)
2026-09-22 18:03:46,064 INFO: Plan 0: ḡ=17, γE[v]=0.0, Q=17.0 (fn)
2026-09-22 18:03:46,562 INFO: Plan 2: ḡ=30, γE[v]=2.0, Q=32.0 (fn)
2026-09-22 18:03:46,849 INFO: Plan 1: ḡ=30, γE[v]=2.0, Q=32.0 (fn)
2026-09-22 18:03:46,849 INFO: Plan 0: ḡ=1.2, γE[v]=3.0, Q=4.1 (bayes)
2026-09-22 18:03:46,850 INFO: Plan 1: ḡ=5.8, γE[v]=0.8, Q=6.5 (bayes)
2026-09-22 18:03:46,850 INFO: Plan 2: ḡ=5.8, γE[v]=0.8, Q=6.5 (bayes)
2026-09-22 18:03:47,016 INFO: Plan 2: ḡ=41, γE[v]=0.0, Q=41.0 (fn)
2026-09-22 18:03:47,017 INFO: Plan 1: ḡ=56, γE[v]=0.0, Q=56.0 (fn)
2026-09-22 18:03:47,017 INFO: Plan 0: ḡ=8.5, γE[v]=52.4, Q=60.9 (bayes)
2026-09-22 18:03:47,018 INFO: Plan 1: ḡ=28.0, γE[v]=42.7, Q=70.7 (bayes)
2026-09-22 18:03:47,018 INFO: Plan 2: ḡ=13.0, γE[v]=50.2, Q=63.2 (bayes)
2026-09-22 18:03:48,150 INFO: Plan 1: ḡ=37, γE[v]=44.0, Q=81.0 (fn)
2026-09-22 18:03:48,150 INFO: Plan 0: ḡ=24.5, γE[v]=13.2, Q=37.8 (bayes)
2026-09-22 18:03:48,150 INFO: Plan 1: ḡ=18.2, γE[v]=19.1, Q=37.3 (bayes)
2026-09-22 18:03:48,150 INFO: Plan 2: ḡ=21.7, γE[v]=14.7, Q=36.4 (bayes)
2026-09-22 18:03:48,886 INFO: Plan 0: ḡ=24, γE[v]=0.0, Q=24.0 (fn)
2026-09-22 18:03:50,218 INFO: Plan 1: ḡ=48, γE[v]=0.0, Q=48.0 (fn)
2026-09-22 18:03:51,496 INFO: Plan 1: ḡ=46, γE[v]=0.0, Q=46.0 (fn)
2026-09-22 18:03:51,770 INFO: Plan 1: ḡ=33, γE[v]=0.0, Q=33.0 (fn)
2026-09-22 18:03:51,955 INFO: Plan 0: ḡ=9, γE[v]=0.5, Q=9.5 (fn)
2026-09-22 18:03:52,416 INFO: Plan 2: ḡ=148, γE[v]=0.0, Q=148.0 (fn)
2026-09-22 18:03:52,417 INFO: Plan 0: ḡ=4.0, γE[v]=66.7, Q=70.7 (bayes)
2026-09-22 18:03:52,417 INFO: Plan 1: ḡ=14.8, γE[v]=61.3, Q=76.0 (bayes)
2026-09-22 18:03:52,417 INFO: Plan 2: ḡ=50.2, γE[v]=43.6, Q=93.8 (bayes)
2026-09-22 18:03:53,052 INFO: Plan 2: ḡ=47, γE[v]=0.0, Q=47.0 (fn)
2026-09-22 18:03:53,053 INFO: Plan 0: ḡ=9.1, γE[v]=37.0, Q=46.1 (bayes)
2026-09-22 18:03:53,053 INFO: Plan 1: ḡ=14.7, γE[v]=34.2, Q=48.9 (bayes)
2026-09-22 18:03:53,053 INFO: Plan 2: ḡ=23.5, γE[v]=29.8, Q=53.3 (bayes)
2026-09-22 18:03:53,304 INFO: Plan 2: ḡ=55, γE[v]=0.0, Q=55.0 (fn)
2026-09-22 18:03:53,884 INFO: Plan 0: ḡ=9, γE[v]=0.0, Q=9.0 (fn)
2026-09-22 18:03:54,270 INFO: Plan 1: ḡ=15, γE[v]=0.0, Q=15.0 (fn)
2026-09-22 18:03:54,490 INFO: Plan 2: ḡ=20, γE[v]=0.0, Q=20.0 (fn)
2026-09-22 18:03:54,692 INFO: Plan 0: ḡ=10, γE[v]=0.0, Q=10.0 (fn)
2026-09-22 18:03:54,693 INFO: Plan 0: ḡ=5.0, γE[v]=7.2, Q=12.2 (bayes)
2026-09-22 18:03:54,693 INFO: Plan 1: ḡ=7.3, γE[v]=6.1, Q=13.4 (bayes)
2026-09-22 18:03:54,693 INFO: Plan 2: ḡ=7.2, γE[v]=6.2, Q=13.3 (bayes)
2026-09-22 18:03:54,889 INFO: Plan 2: ḡ=30, γE[v]=0.0, Q=30.0 (fn)
2026-09-22 18:03:55,142 INFO: Plan 1: ḡ=48, γE[v]=10.0, Q=58.0 (fn)
2026-09-22 18:03:55,182 INFO: Plan 1: ḡ=59, γE[v]=0.0, Q=59.0 (fn)
2026-09-22 18:03:55,430 INFO: Plan 0: ḡ=73, γE[v]=0.0, Q=73.0 (fn)
2026-09-22 18:03:55,431 INFO: Plan 0: ḡ=33.5, γE[v]=22.2, Q=55.8 (bayes)
2026-09-22 18:03:55,431 INFO: Plan 1: ḡ=29.5, γE[v]=24.2, Q=53.8 (bayes)
2026-09-22 18:03:55,432 INFO: Plan 2: ḡ=15.0, γE[v]=31.5, Q=46.5 (bayes)
2026-09-22 18:03:55,888 INFO: Plan 2: ḡ=18, γE[v]=22.0, Q=40.0 (fn)
2026-09-22 18:03:55,888 INFO: Plan 0: ḡ=4.5, γE[v]=10.3, Q=14.8 (bayes)
2026-09-22 18:03:55,889 INFO: Plan 1: ḡ=16.0, γE[v]=5.1, Q=21.1 (bayes)
2026-09-22 18:03:55,889 INFO: Plan 2: ḡ=6.0, γE[v]=10.9, Q=16.9 (bayes)
2026-09-22 18:03:56,553 INFO: Plan 0: ḡ=50, γE[v]=28.0, Q=78.0 (fn)
2026-09-22 18:03:56,553 INFO: Plan 0: ḡ=16.7, γE[v]=50.1, Q=66.8 (bayes)
2026-09-22 18:03:56,553 INFO: Plan 1: ḡ=16.0, γE[v]=48.8, Q=64.8 (bayes)
2026-09-22 18:03:56,553 INFO: Plan 2: ḡ=24.3, γE[v]=44.7, Q=69.0 (bayes)
2026-09-22 18:03:57,388 INFO: Plan 0: ḡ=4, γE[v]=0.0, Q=4.0 (fn)
2026-09-22 18:03:57,427 INFO: Plan 1: ḡ=4, γE[v]=0.0, Q=4.0 (fn)
2026-09-22 18:03:57,549 INFO: Plan 1: ḡ=9, γE[v]=0.0, Q=9.0 (fn)
2026-09-22 18:03:57,737 INFO: Plan 2: ḡ=1, γE[v]=0.0, Q=1.0 (fn)
2026-09-22 18:03:57,738 INFO: Plan 0: ḡ=2.0, γE[v]=1.2, Q=3.2 (bayes)
2026-09-22 18:03:57,738 INFO: Plan 1: ḡ=2.0, γE[v]=1.2, Q=3.2 (bayes)
2026-09-22 18:03:57,738 INFO: Plan 2: ḡ=0.5, γE[v]=2.0, Q=2.5 (bayes)
2026-09-22 18:03:58,119 INFO: Plan 2: ḡ=37, γE[v]=0.0, Q=37.0 (fn)
2026-09-22 18:03:58,694 INFO: Plan 0: ḡ=34, γE[v]=0.0, Q=34.0 (fn)
2026-09-22 18:03:58,695 INFO: Plan 0: ḡ=13.0, γE[v]=7.2, Q=20.2 (bayes)
2026-09-22 18:03:58,695 INFO: Plan 1: ḡ=3.2, γE[v]=12.1, Q=15.2 (bayes)
2026-09-22 18:03:58,695 INFO: Plan 2: ḡ=12.7, γE[v]=7.3, Q=20.0 (bayes)
2026-09-22 18:03:59,564 INFO: Plan 2: ḡ=36, γE[v]=0.0, Q=36.0 (fn)
2026-09-22 18:03:59,806 INFO: Plan 0: ḡ=46, γE[v]=0.0, Q=46.0 (fn)
2026-09-22 18:04:00,194 INFO: Plan 2: ḡ=30, γE[v]=0.0, Q=30.0 (fn)
2026-09-22 18:04:00,234 INFO: Plan 1: ḡ=82, γE[v]=0.0, Q=82.0 (fn)
2026-09-22 18:04:00,235 INFO: Plan 0: ḡ=23.0, γE[v]=104.2, Q=127.2 (bayes)
2026-09-22 18:04:00,236 INFO: Plan 1: ḡ=34.0, γE[v]=98.8, Q=132.8 (bayes)
2026-09-22 18:04:00,236 INFO: Plan 2: ḡ=18.0, γE[v]=106.8, Q=124.8 (bayes)
2026-09-22 18:04:02,896 INFO: Plan 1: ḡ=78, γE[v]=15.5, Q=93.5 (fn)
2026-09-22 18:04:03,112 INFO: Plan 0: ḡ=20, γE[v]=44.0, Q=64.0 (fn)
2026-09-22 18:04:03,113 INFO: Plan 0: ḡ=2.5, γE[v]=9.0, Q=11.5 (bayes)
2026-09-22 18:04:03,113 INFO: Plan 1: ḡ=9.8, γE[v]=3.2, Q=12.9 (bayes)
2026-09-22 18:04:03,113 INFO: Plan 2: ḡ=3.8, γE[v]=4.9, Q=8.7 (bayes)
2026-09-22 18:04:04,211 INFO: Plan 2: ḡ=2, γE[v]=0.0, Q=2.0 (fn)
2026-09-22 18:04:04,932 INFO: Plan 1: ḡ=4, γE[v]=0.0, Q=4.0 (fn)
2026-09-22 18:04:05,407 INFO: Plan 2: ḡ=90, γE[v]=0.0, Q=90.0 (fn)
2026-09-22 18:04:06,094 INFO: Plan 2: ḡ=1, γE[v]=0.0, Q=1.0 (fn)
2026-09-22 18:04:06,177 INFO: Plan 0: ḡ=3, γE[v]=0.0, Q=3.0 (fn)
2026-09-22 18:04:06,177 INFO: Plan 0: ḡ=0.7, γE[v]=0.8, Q=1.4 (bayes)
2026-09-22 18:04:06,177 INFO: Plan 1: ḡ=1.0, γE[v]=0.6, Q=1.6 (bayes)
2026-09-22 18:04:06,177 INFO: Plan 2: ḡ=0.5, γE[v]=0.8, Q=1.4 (bayes)
2026-09-22 18:04:06,217 INFO: Plan 0: ḡ=198, γE[v]=0.0, Q=198.0 (fn)
2026-09-22 18:04:07,428 INFO: Plan 1: ḡ=201, γE[v]=0.0, Q=201.0 (fn)
2026-09-22 18:04:07,428 INFO: Plan 0: ḡ=42.6, γE[v]=0.6, Q=43.2 (bayes)
2026-09-22 18:04:07,428 INFO: Plan 1: ḡ=43.2, γE[v]=0.2, Q=43.5 (bayes)
2026-09-22 18:04:07,428 INFO: Plan 2: ḡ=0.5, γE[v]=21.6, Q=22.1 (bayes)
2026-09-22 18:04:08,290 INFO: Plan 0: ḡ=58, γE[v]=49.5, Q=107.5 (fn)
2026-09-22 18:04:09,174 INFO: Plan 1: ḡ=87, γE[v]=51.5, Q=138.5 (fn)
2026-09-22 18:04:09,175 INFO: Plan 0: ḡ=20.8, γE[v]=53.1, Q=74.0 (bayes)
2026-09-22 18:04:09,175 INFO: Plan 1: ḡ=36.3, γE[v]=45.5, Q=81.8 (bayes)
2026-09-22 18:04:09,175 INFO: Plan 2: ḡ=30.0, γE[v]=45.6, Q=75.6 (bayes)
2026-09-22 18:04:11,032 INFO: Plan 0: ḡ=0, γE[v]=0.0, Q=0.0 (fn)
2026-09-22 18:04:12,076 INFO: Plan 1: ḡ=0, γE[v]=0.0, Q=0.0 (fn)
2026-09-22 18:04:12,517 INFO: Plan 2: ḡ=0, γE[v]=0.0, Q=0.0 (fn)
2026-09-22 18:04:12,518 INFO: Plan 0: ḡ=0.0, γE[v]=0.0, Q=0.0 (bayes)
2026-09-22 18:04:12,519 INFO: Plan 1: ḡ=0.0, γE[v]=0.0, Q=0.0 (bayes)
2026-09-22 18:04:12,519 INFO: Plan 2: ḡ=0.0, γE[v]=0.0, Q=0.0 (bayes)
2026-09-22 18:04:13,065 INFO: Plan 0: ḡ=0, γE[v]=0.0, Q=0.0 (fn)
2026-09-22 18:04:13,186 INFO: Plan 2: ḡ=0, γE[v]=0.0, Q=0.0 (fn)
2026-09-22 18:04:13,225 INFO: Plan 1: ḡ=0, γE[v]=0.0, Q=0.0 (fn)
2026-09-22 18:04:13,226 INFO: Plan 0: ḡ=0.0, γE[v]=0.0, Q=0.0 (bayes)
2026-09-22 18:04:13,226 INFO: Plan 1: ḡ=0.0, γE[v]=0.0, Q=0.0 (bayes)
2026-09-22 18:04:13,226 INFO: Plan 2: ḡ=0.0, γE[v]=0.0, Q=0.0 (bayes)
2026-09-22 18:04:16,110 INFO: Plan 2: ḡ=113, γE[v]=0.0, Q=113.0 (fn)
2026-09-22 18:04:16,497 INFO: Plan 0: ḡ=44, γE[v]=0.0, Q=44.0 (fn)
2026-09-22 18:04:16,968 INFO: Plan 0: ḡ=50, γE[v]=0.0, Q=50.0 (fn)
2026-09-22 18:04:18,020 INFO: Plan 2: ḡ=0, γE[v]=0.0, Q=0.0 (fn)
2026-09-22 18:04:18,367 INFO: Plan 1: ḡ=54, γE[v]=0.0, Q=54.0 (fn)
2026-09-22 18:04:18,582 INFO: Plan 1: ḡ=9, γE[v]=0.0, Q=9.0 (fn)
2026-09-22 18:04:18,582 INFO: Plan 2: ḡ=53, γE[v]=0.0, Q=53.0 (fn)
2026-09-22 18:04:18,583 INFO: Plan 0: ḡ=23.7, γE[v]=36.5, Q=60.2 (bayes)
2026-09-22 18:04:18,583 INFO: Plan 1: ḡ=27.0, γE[v]=34.8, Q=61.8 (bayes)
2026-09-22 18:04:18,583 INFO: Plan 2: ḡ=23.0, γE[v]=36.8, Q=59.8 (bayes)
2026-09-22 18:04:18,895 INFO: Plan 1: ḡ=6, γE[v]=0.0, Q=6.0 (fn)
2026-09-22 18:04:18,895 INFO: Plan 0: ḡ=6, γE[v]=0.0, Q=6.0 (fn)
2026-09-22 18:04:18,895 INFO: Plan 0: ḡ=2.0, γE[v]=0.0, Q=2.0 (bayes)
2026-09-22 18:04:18,896 INFO: Plan 1: ḡ=2.0, γE[v]=0.0, Q=2.0 (bayes)
2026-09-22 18:04:18,896 INFO: Plan 2: ḡ=0.0, γE[v]=1.0, Q=1.0 (bayes)
2026-09-22 18:04:18,934 INFO: Plan 0: ḡ=8, γE[v]=0.5, Q=8.5 (fn)
2026-09-22 18:04:18,935 INFO: Plan 2: ḡ=9, γE[v]=0.0, Q=9.0 (fn)
2026-09-22 18:04:18,935 INFO: Plan 0: ḡ=1.6, γE[v]=0.2, Q=1.8 (bayes)
2026-09-22 18:04:18,935 INFO: Plan 1: ḡ=1.9, γE[v]=0.0, Q=1.9 (bayes)
2026-09-22 18:04:18,935 INFO: Plan 2: ḡ=1.9, γE[v]=0.0, Q=1.9 (bayes)
2026-09-22 18:04:19,931 INFO: Plan 1: ḡ=115, γE[v]=44.5, Q=159.5 (fn)
2026-09-22 18:04:19,931 INFO: Plan 0: ḡ=9.4, γE[v]=19.6, Q=29.0 (bayes)
2026-09-22 18:04:19,931 INFO: Plan 1: ḡ=21.1, γE[v]=17.0, Q=38.1 (bayes)
2026-09-22 18:04:19,931 INFO: Plan 2: ḡ=24.6, γE[v]=12.0, Q=36.6 (bayes)
2026-09-22 18:04:19,972 INFO: Plan 1: ḡ=7, γE[v]=0.0, Q=7.0 (fn)
2026-09-22 18:04:20,613 INFO: Plan 0: ḡ=2, γE[v]=0.0, Q=2.0 (fn)
2026-09-22 18:04:20,613 INFO: Plan 1: ḡ=2, γE[v]=0.0, Q=2.0 (fn)
2026-09-22 18:04:20,651 INFO: Plan 2: ḡ=2, γE[v]=0.0, Q=2.0 (fn)
2026-09-22 18:04:20,652 INFO: Plan 0: ḡ=0.4, γE[v]=0.0, Q=0.4 (bayes)
2026-09-22 18:04:20,652 INFO: Plan 1: ḡ=0.4, γE[v]=0.0, Q=0.4 (bayes)
2026-09-22 18:04:20,652 INFO: Plan 2: ḡ=0.4, γE[v]=0.0, Q=0.4 (bayes)
2026-09-22 18:04:21,165 INFO: Plan 0: ḡ=1, γE[v]=0.0, Q=1.0 (fn)
2026-09-22 18:04:21,406 INFO: Plan 1: ḡ=1, γE[v]=0.0, Q=1.0 (fn)
2026-09-22 18:04:21,450 INFO: Plan 2: ḡ=1, γE[v]=0.0, Q=1.0 (fn)
2026-09-22 18:04:21,451 INFO: Plan 0: ḡ=0.1, γE[v]=0.0, Q=0.1 (bayes)
2026-09-22 18:04:21,451 INFO: Plan 1: ḡ=0.1, γE[v]=0.0, Q=0.1 (bayes)
2026-09-22 18:04:21,451 INFO: Plan 2: ḡ=0.1, γE[v]=0.0, Q=0.1 (bayes)
2026-09-22 18:04:22,871 INFO: Plan 0: ḡ=1, γE[v]=0.0, Q=1.0 (fn)
  [5/93] click.shell_completion seed=42: {'random': 4, 'greedy': 4, 'cov_greedy': 0, 'covqvalue2': 34}
2026-09-22 18:04:23,656 INFO: Plan 1: ḡ=29, γE[v]=0.5, Q=29.5 (fn)
2026-09-22 18:04:23,702 INFO: Plan 0: ḡ=54, γE[v]=0.0, Q=54.0 (fn)
2026-09-22 18:04:24,477 INFO: Plan 2: ḡ=50, γE[v]=0.0, Q=50.0 (fn)
2026-09-22 18:04:24,846 INFO: Plan 2: ḡ=15, γE[v]=0.0, Q=15.0 (fn)
2026-09-22 18:04:25,197 INFO: Plan 0: ḡ=2, γE[v]=0.0, Q=2.0 (fn)
2026-09-22 18:04:25,427 INFO: Plan 2: ḡ=0, γE[v]=0.0, Q=0.0 (fn)
2026-09-22 18:04:25,428 INFO: Plan 1: ḡ=2, γE[v]=0.0, Q=2.0 (fn)
2026-09-22 18:04:25,470 INFO: Plan 1: ḡ=0, γE[v]=0.0, Q=0.0 (fn)
2026-09-22 18:04:25,472 INFO: Plan 2: ḡ=2, γE[v]=0.0, Q=2.0 (fn)
2026-09-22 18:04:25,476 INFO: Plan 0: ḡ=0.3, γE[v]=0.0, Q=0.3 (bayes)
2026-09-22 18:04:25,479 INFO: Plan 1: ḡ=0.3, γE[v]=0.0, Q=0.3 (bayes)
2026-09-22 18:04:25,480 INFO: Plan 2: ḡ=0.3, γE[v]=0.0, Q=0.3 (bayes)
2026-09-22 18:04:25,575 INFO: Plan 2: ḡ=29, γE[v]=0.5, Q=29.5 (fn)
2026-09-22 18:04:25,576 INFO: Plan 0: ḡ=0.1, γE[v]=1.6, Q=1.7 (bayes)
2026-09-22 18:04:25,576 INFO: Plan 1: ḡ=3.2, γE[v]=0.1, Q=3.3 (bayes)
2026-09-22 18:04:25,576 INFO: Plan 2: ḡ=3.2, γE[v]=0.1, Q=3.3 (bayes)
2026-09-22 18:04:25,984 INFO: Plan 0: ḡ=2, γE[v]=0.0, Q=2.0 (fn)
2026-09-22 18:04:25,985 INFO: Plan 2: ḡ=2, γE[v]=0.0, Q=2.0 (fn)
2026-09-22 18:04:25,986 INFO: Plan 0: ḡ=0.4, γE[v]=0.0, Q=0.4 (bayes)
2026-09-22 18:04:25,986 INFO: Plan 1: ḡ=0.0, γE[v]=0.2, Q=0.2 (bayes)
2026-09-22 18:04:25,986 INFO: Plan 2: ḡ=0.4, γE[v]=0.0, Q=0.4 (bayes)
2026-09-22 18:04:27,772 INFO: Plan 0: ḡ=8, γE[v]=12.0, Q=20.0 (fn)
2026-09-22 18:04:27,773 INFO: Plan 0: ḡ=2.5, γE[v]=8.2, Q=10.7 (bayes)
2026-09-22 18:04:27,773 INFO: Plan 1: ḡ=1.9, γE[v]=7.7, Q=9.6 (bayes)
2026-09-22 18:04:27,773 INFO: Plan 2: ḡ=15.2, γE[v]=1.0, Q=16.2 (bayes)
  [6/93] rich.table seed=42: {'random': 120, 'greedy': 111, 'cov_greedy': 27, 'covqvalue2': 182}
2026-09-22 18:04:28,273 INFO: Plan 0: ḡ=34, γE[v]=0.0, Q=34.0 (fn)
2026-09-22 18:04:28,765 INFO: Plan 0: ḡ=0, γE[v]=0.0, Q=0.0 (fn)
2026-09-22 18:04:29,115 INFO: Plan 1: ḡ=36, γE[v]=5.5, Q=41.5 (fn)
2026-09-22 18:04:29,116 INFO: Plan 0: ḡ=13.5, γE[v]=39.5, Q=53.0 (bayes)
2026-09-22 18:04:29,116 INFO: Plan 1: ḡ=12.0, γE[v]=40.6, Q=52.6 (bayes)
2026-09-22 18:04:29,119 INFO: Plan 2: ḡ=5.5, γE[v]=43.5, Q=49.0 (bayes)
2026-09-22 18:04:29,407 INFO: Plan 1: ḡ=0, γE[v]=0.0, Q=0.0 (fn)
2026-09-22 18:04:29,834 INFO: Plan 0: ḡ=0, γE[v]=0.0, Q=0.0 (fn)
2026-09-22 18:04:29,874 INFO: Plan 1: ḡ=0, γE[v]=0.0, Q=0.0 (fn)
2026-09-22 18:04:29,875 INFO: Plan 0: ḡ=0.0, γE[v]=0.0, Q=0.0 (bayes)
2026-09-22 18:04:29,875 INFO: Plan 1: ḡ=0.0, γE[v]=0.0, Q=0.0 (bayes)
2026-09-22 18:04:29,875 INFO: Plan 2: ḡ=0.0, γE[v]=0.0, Q=0.0 (bayes)
2026-09-22 18:04:30,114 INFO: Plan 2: ḡ=0, γE[v]=0.0, Q=0.0 (fn)
2026-09-22 18:04:30,115 INFO: Plan 0: ḡ=0.0, γE[v]=0.0, Q=0.0 (bayes)
2026-09-22 18:04:30,115 INFO: Plan 1: ḡ=0.0, γE[v]=0.0, Q=0.0 (bayes)
2026-09-22 18:04:30,115 INFO: Plan 2: ḡ=0.0, γE[v]=0.0, Q=0.0 (bayes)
2026-09-22 18:04:30,599 INFO: Plan 0: ḡ=0, γE[v]=0.0, Q=0.0 (fn)
2026-09-22 18:04:32,397 INFO: Plan 1: ḡ=1, γE[v]=0.0, Q=1.0 (fn)
2026-09-22 18:04:32,513 INFO: Plan 2: ḡ=0, γE[v]=0.0, Q=0.0 (fn)
  [7/93] requests.adapters seed=42: {'random': 51, 'greedy': 51, 'cov_greedy': 53, 'covqvalue2': 89}
2026-09-22 18:04:32,737 INFO: Plan 1: ḡ=246, γE[v]=0.0, Q=246.0 (fn)
2026-09-22 18:04:32,737 INFO: Plan 1: ḡ=0, γE[v]=0.0, Q=0.0 (fn)
2026-09-22 18:04:32,737 INFO: Plan 0: ḡ=0.0, γE[v]=0.0, Q=0.0 (bayes)
2026-09-22 18:04:32,738 INFO: Plan 1: ḡ=0.0, γE[v]=0.0, Q=0.0 (bayes)
2026-09-22 18:04:32,738 INFO: Plan 2: ḡ=0.0, γE[v]=0.0, Q=0.0 (bayes)
2026-09-22 18:04:32,946 INFO: Plan 0: ḡ=226, γE[v]=10.0, Q=236.0 (fn)
2026-09-22 18:04:32,984 INFO: Plan 0: ḡ=1, γE[v]=0.0, Q=1.0 (fn)
2026-09-22 18:04:33,123 INFO: Plan 2: ḡ=226, γE[v]=10.0, Q=236.0 (fn)
2026-09-22 18:04:33,123 INFO: Plan 0: ḡ=32.3, γE[v]=2.2, Q=34.5 (bayes)
2026-09-22 18:04:33,124 INFO: Plan 1: ḡ=35.1, γE[v]=0.0, Q=35.1 (bayes)
2026-09-22 18:04:33,124 INFO: Plan 2: ḡ=32.3, γE[v]=2.2, Q=34.5 (bayes)
2026-09-22 18:04:33,280 INFO: Plan 2: ḡ=0, γE[v]=0.0, Q=0.0 (fn)
2026-09-22 18:04:33,281 INFO: Plan 0: ḡ=0.2, γE[v]=0.1, Q=0.4 (bayes)
2026-09-22 18:04:33,281 INFO: Plan 1: ḡ=0.2, γE[v]=0.1, Q=0.4 (bayes)
2026-09-22 18:04:33,281 INFO: Plan 2: ḡ=0.0, γE[v]=0.2, Q=0.2 (bayes)
2026-09-22 18:04:34,067 INFO: Plan 2: ḡ=23, γE[v]=0.0, Q=23.0 (fn)
2026-09-22 18:04:34,785 INFO: Plan 0: ḡ=92, γE[v]=3.5, Q=95.5 (fn)
  [8/93] rich.pretty seed=42: {'random': 9, 'greedy': 9, 'cov_greedy': 9, 'covqvalue2': 102}
  [9/93] jinja2.utils seed=42: {'random': 10, 'greedy': 10, 'cov_greedy': 10, 'covqvalue2': 92}
2026-09-22 18:04:35,690 INFO: Plan 1: ḡ=23, γE[v]=22.0, Q=45.0 (fn)
2026-09-22 18:04:35,905 INFO: Plan 1: ḡ=53, γE[v]=31.0, Q=84.0 (fn)
2026-09-22 18:04:35,906 INFO: Plan 0: ḡ=46.0, γE[v]=5.9, Q=51.9 (bayes)
2026-09-22 18:04:35,906 INFO: Plan 1: ḡ=26.5, γE[v]=16.9, Q=43.4 (bayes)
2026-09-22 18:04:35,906 INFO: Plan 2: ḡ=11.5, γE[v]=23.0, Q=34.5 (bayes)
2026-09-22 18:04:36,392 INFO: Plan 2: ḡ=0, γE[v]=0.0, Q=0.0 (fn)
2026-09-22 18:04:36,432 INFO: Plan 0: ḡ=9, γE[v]=0.0, Q=9.0 (fn)
2026-09-22 18:04:36,706 INFO: Plan 1: ḡ=5, γE[v]=0.0, Q=5.0 (fn)
2026-09-22 18:04:36,707 INFO: Plan 0: ḡ=3.0, γE[v]=1.2, Q=4.2 (bayes)
2026-09-22 18:04:36,707 INFO: Plan 1: ḡ=2.5, γE[v]=1.5, Q=4.0 (bayes)
2026-09-22 18:04:36,707 INFO: Plan 2: ḡ=0.0, γE[v]=2.8, Q=2.8 (bayes)
2026-09-22 18:04:37,411 INFO: Plan 2: ḡ=4, γE[v]=0.0, Q=4.0 (fn)
2026-09-22 18:04:38,156 INFO: Plan 0: ḡ=129, γE[v]=0.0, Q=129.0 (fn)
2026-09-22 18:04:38,478 INFO: Plan 1: ḡ=6, γE[v]=0.0, Q=6.0 (fn)
2026-09-22 18:04:39,128 INFO: Plan 2: ḡ=379, γE[v]=33.5, Q=412.5 (fn)
2026-09-22 18:04:39,129 INFO: Plan 0: ḡ=11.5, γE[v]=76.8, Q=88.2 (bayes)
2026-09-22 18:04:39,129 INFO: Plan 1: ḡ=7.8, γE[v]=79.9, Q=87.7 (bayes)
2026-09-22 18:04:39,129 INFO: Plan 2: ḡ=130.0, γE[v]=19.4, Q=149.4 (bayes)
2026-09-22 18:04:40,662 INFO: Plan 2: ḡ=116, γE[v]=31.0, Q=147.0 (fn)
2026-09-22 18:04:40,839 INFO: Plan 0: ḡ=55, γE[v]=0.0, Q=55.0 (fn)
2026-09-22 18:04:41,364 INFO: Plan 0: ḡ=10, γE[v]=2.5, Q=12.5 (fn)
2026-09-22 18:04:41,365 INFO: Plan 0: ḡ=2.5, γE[v]=1.3, Q=3.9 (bayes)
2026-09-22 18:04:41,365 INFO: Plan 1: ḡ=1.8, γE[v]=1.5, Q=3.4 (bayes)
2026-09-22 18:04:41,365 INFO: Plan 2: ḡ=0.8, γE[v]=2.0, Q=2.8 (bayes)
2026-09-22 18:04:41,874 INFO: Plan 2: ḡ=33, γE[v]=0.0, Q=33.0 (fn)
2026-09-22 18:04:42,687 INFO: Plan 1: ḡ=82, γE[v]=0.0, Q=82.0 (fn)
2026-09-22 18:04:42,688 INFO: Plan 0: ḡ=23.0, γE[v]=32.8, Q=55.8 (bayes)
2026-09-22 18:04:42,688 INFO: Plan 1: ḡ=17.1, γE[v]=35.8, Q=52.9 (bayes)
2026-09-22 18:04:42,688 INFO: Plan 2: ḡ=9.2, γE[v]=39.7, Q=49.0 (bayes)
2026-09-22 18:04:44,180 INFO: Plan 1: ḡ=195, γE[v]=73.5, Q=268.5 (fn)
2026-09-22 18:04:44,181 INFO: Plan 0: ḡ=64.5, γE[v]=129.0, Q=193.5 (bayes)
2026-09-22 18:04:44,182 INFO: Plan 1: ḡ=97.5, γE[v]=115.8, Q=213.3 (bayes)
2026-09-22 18:04:44,182 INFO: Plan 2: ḡ=58.0, γE[v]=133.6, Q=191.6 (bayes)
2026-09-22 18:04:44,622 INFO: Plan 1: ḡ=7, γE[v]=0.0, Q=7.0 (fn)
2026-09-22 18:04:45,136 INFO: Plan 0: ḡ=11, γE[v]=0.0, Q=11.0 (fn)
2026-09-22 18:04:46,569 INFO: Plan 2: ḡ=7, γE[v]=2.0, Q=9.0 (fn)
2026-09-22 18:04:46,570 INFO: Plan 0: ḡ=2.0, γE[v]=0.0, Q=2.0 (bayes)
2026-09-22 18:04:46,570 INFO: Plan 1: ḡ=1.0, γE[v]=0.5, Q=1.5 (bayes)
2026-09-22 18:04:46,570 INFO: Plan 2: ḡ=1.0, γE[v]=0.6, Q=1.6 (bayes)
2026-09-22 18:04:46,861 INFO: Plan 0: ḡ=17, γE[v]=2.5, Q=19.5 (fn)
2026-09-22 18:04:47,118 INFO: Plan 1: ḡ=42, γE[v]=0.0, Q=42.0 (fn)
2026-09-22 18:04:47,629 INFO: Plan 2: ḡ=50, γE[v]=0.0, Q=50.0 (fn)
2026-09-22 18:04:47,632 INFO: Plan 0: ḡ=80, γE[v]=6.5, Q=86.5 (fn)
2026-09-22 18:04:47,633 INFO: Plan 0: ḡ=8.5, γE[v]=39.0, Q=47.5 (bayes)
2026-09-22 18:04:47,633 INFO: Plan 1: ḡ=20.5, γE[v]=32.9, Q=53.4 (bayes)
2026-09-22 18:04:47,633 INFO: Plan 2: ḡ=17.5, γE[v]=34.4, Q=51.9 (bayes)
  [10/93] jinja2.parser seed=42: {'random': 71, 'greedy': 71, 'cov_greedy': 10, 'covqvalue2': 205}
2026-09-22 18:04:50,474 INFO: Plan 2: ḡ=44, γE[v]=2.0, Q=46.0 (fn)
2026-09-22 18:04:51,050 INFO: Plan 2: ḡ=18, γE[v]=0.0, Q=18.0 (fn)
2026-09-22 18:04:52,094 INFO: Plan 0: ḡ=9, γE[v]=0.0, Q=9.0 (fn)
2026-09-22 18:04:52,659 INFO: Plan 1: ḡ=4, γE[v]=0.0, Q=4.0 (fn)
2026-09-22 18:04:52,660 INFO: Plan 0: ḡ=4.5, γE[v]=4.2, Q=8.7 (bayes)
2026-09-22 18:04:52,660 INFO: Plan 1: ḡ=1.7, γE[v]=5.6, Q=7.2 (bayes)
2026-09-22 18:04:52,660 INFO: Plan 2: ḡ=6.3, γE[v]=3.2, Q=9.6 (bayes)
2026-09-22 18:04:53,299 INFO: Plan 1: ḡ=1, γE[v]=0.0, Q=1.0 (fn)
2026-09-22 18:04:53,338 INFO: Plan 2: ḡ=0, γE[v]=0.0, Q=0.0 (fn)
2026-09-22 18:04:53,482 INFO: Plan 0: ḡ=83, γE[v]=2.0, Q=85.0 (fn)
2026-09-22 18:04:53,960 INFO: Plan 0: ḡ=1, γE[v]=0.0, Q=1.0 (fn)
2026-09-22 18:04:53,961 INFO: Plan 0: ḡ=0.1, γE[v]=0.0, Q=0.1 (bayes)
2026-09-22 18:04:53,961 INFO: Plan 1: ḡ=0.1, γE[v]=0.0, Q=0.1 (bayes)
2026-09-22 18:04:53,961 INFO: Plan 2: ḡ=0.0, γE[v]=0.1, Q=0.1 (bayes)
  [11/93] click.types seed=42: {'random': 8, 'greedy': 8, 'cov_greedy': 9, 'covqvalue2': 94}
2026-09-22 18:04:55,348 INFO: Plan 1: ḡ=37, γE[v]=4.5, Q=41.5 (fn)
2026-09-22 18:04:55,348 INFO: Plan 0: ḡ=34.0, γE[v]=43.8, Q=77.8 (bayes)
2026-09-22 18:04:55,348 INFO: Plan 1: ḡ=18.5, γE[v]=51.7, Q=70.2 (bayes)
2026-09-22 18:04:55,348 INFO: Plan 2: ḡ=22.0, γE[v]=49.8, Q=71.8 (bayes)
2026-09-22 18:04:55,642 INFO: Plan 1: ḡ=40, γE[v]=0.0, Q=40.0 (fn)
2026-09-22 18:04:56,279 INFO: Plan 2: ḡ=10, γE[v]=0.0, Q=10.0 (fn)
2026-09-22 18:04:56,605 INFO: Plan 0: ḡ=9, γE[v]=0.5, Q=9.5 (fn)
2026-09-22 18:04:56,606 INFO: Plan 0: ḡ=4.0, γE[v]=43.2, Q=47.2 (bayes)
2026-09-22 18:04:56,606 INFO: Plan 1: ḡ=12.5, γE[v]=38.9, Q=51.4 (bayes)
2026-09-22 18:04:56,606 INFO: Plan 2: ḡ=3.0, γE[v]=43.7, Q=46.7 (bayes)
2026-09-22 18:04:57,051 INFO: Plan 2: ḡ=202, γE[v]=24.0, Q=226.0 (fn)
2026-09-22 18:04:57,227 INFO: Plan 1: ḡ=54, γE[v]=86.0, Q=140.0 (fn)
2026-09-22 18:04:57,228 INFO: Plan 0: ḡ=40.0, γE[v]=61.0, Q=101.0 (bayes)
2026-09-22 18:04:57,228 INFO: Plan 1: ḡ=27.0, γE[v]=71.1, Q=98.1 (bayes)
2026-09-22 18:04:57,228 INFO: Plan 2: ḡ=101.0, γE[v]=31.3, Q=132.3 (bayes)
2026-09-22 18:04:58,243 INFO: Plan 2: ḡ=27, γE[v]=0.0, Q=27.0 (fn)
2026-09-22 18:04:58,404 INFO: Plan 0: ḡ=46, γE[v]=2.0, Q=48.0 (fn)
2026-09-22 18:04:58,638 INFO: Plan 1: ḡ=61, γE[v]=0.0, Q=61.0 (fn)
2026-09-22 18:04:58,638 INFO: Plan 0: ḡ=23.0, γE[v]=10.8, Q=33.8 (bayes)
2026-09-22 18:04:58,639 INFO: Plan 1: ḡ=30.5, γE[v]=7.0, Q=37.5 (bayes)
2026-09-22 18:04:58,639 INFO: Plan 2: ḡ=13.5, γE[v]=15.5, Q=29.0 (bayes)
2026-09-22 18:04:59,100 INFO: Plan 0: ḡ=1, γE[v]=0.0, Q=1.0 (fn)
2026-09-22 18:04:59,379 INFO: Plan 0: ḡ=8, γE[v]=0.0, Q=8.0 (fn)
2026-09-22 18:04:59,501 INFO: Plan 1: ḡ=2, γE[v]=0.0, Q=2.0 (fn)
2026-09-22 18:04:59,904 INFO: Plan 0: ḡ=79, γE[v]=0.0, Q=79.0 (fn)
2026-09-22 18:04:59,905 INFO: Plan 2: ḡ=1, γE[v]=0.0, Q=1.0 (fn)
2026-09-22 18:04:59,905 INFO: Plan 0: ḡ=0.2, γE[v]=0.5, Q=0.7 (bayes)
2026-09-22 18:04:59,905 INFO: Plan 1: ḡ=0.5, γE[v]=0.3, Q=0.8 (bayes)
2026-09-22 18:04:59,905 INFO: Plan 2: ḡ=0.5, γE[v]=0.3, Q=0.8 (bayes)
2026-09-22 18:05:00,510 INFO: Plan 2: ḡ=18, γE[v]=22.0, Q=40.0 (fn)
2026-09-22 18:05:00,511 INFO: Plan 1: ḡ=48, γE[v]=10.0, Q=58.0 (fn)
2026-09-22 18:05:00,511 INFO: Plan 0: ḡ=5.0, γE[v]=8.0, Q=13.0 (bayes)
2026-09-22 18:05:00,512 INFO: Plan 1: ḡ=12.0, γE[v]=5.1, Q=17.1 (bayes)
2026-09-22 18:05:00,512 INFO: Plan 2: ḡ=4.5, γE[v]=9.7, Q=14.2 (bayes)
2026-09-22 18:05:01,179 INFO: Plan 1: ḡ=42, γE[v]=0.0, Q=42.0 (fn)
2026-09-22 18:05:01,180 INFO: Plan 2: ḡ=56, γE[v]=0.0, Q=56.0 (fn)
2026-09-22 18:05:01,180 INFO: Plan 0: ḡ=22.7, γE[v]=10.8, Q=33.4 (bayes)
2026-09-22 18:05:01,180 INFO: Plan 1: ḡ=20.2, γE[v]=12.0, Q=32.2 (bayes)
2026-09-22 18:05:01,180 INFO: Plan 2: ḡ=23.2, γE[v]=10.5, Q=33.7 (bayes)
  [12/93] rich.style seed=42: {'random': 69, 'greedy': 69, 'cov_greedy': 73, 'covqvalue2': 138}
2026-09-22 18:05:02,203 INFO: Plan 0: ḡ=4, γE[v]=0.0, Q=4.0 (fn)
2026-09-22 18:05:02,245 INFO: Plan 2: ḡ=0, γE[v]=0.0, Q=0.0 (fn)
2026-09-22 18:05:02,542 INFO: Plan 1: ḡ=1, γE[v]=0.0, Q=1.0 (fn)
2026-09-22 18:05:02,542 INFO: Plan 0: ḡ=2.0, γE[v]=0.2, Q=2.2 (bayes)
2026-09-22 18:05:02,543 INFO: Plan 1: ḡ=0.5, γE[v]=1.0, Q=1.5 (bayes)
2026-09-22 18:05:02,543 INFO: Plan 2: ḡ=0.0, γE[v]=1.2, Q=1.2 (bayes)
2026-09-22 18:05:03,737 INFO: Plan 1: ḡ=11, γE[v]=0.0, Q=11.0 (fn)
2026-09-22 18:05:04,390 INFO: Plan 2: ḡ=26, γE[v]=0.0, Q=26.0 (fn)
2026-09-22 18:05:04,751 INFO: Plan 0: ḡ=4, γE[v]=0.0, Q=4.0 (fn)
2026-09-22 18:05:04,751 INFO: Plan 0: ḡ=1.7, γE[v]=6.3, Q=8.0 (bayes)
2026-09-22 18:05:04,751 INFO: Plan 1: ḡ=3.8, γE[v]=5.2, Q=9.1 (bayes)
2026-09-22 18:05:04,751 INFO: Plan 2: ḡ=8.8, γE[v]=2.8, Q=11.6 (bayes)
2026-09-22 18:05:06,315 INFO: Plan 0: ḡ=24, γE[v]=0.0, Q=24.0 (fn)
2026-09-22 18:05:06,320 INFO: Plan 2: ḡ=36, γE[v]=0.0, Q=36.0 (fn)
2026-09-22 18:05:07,314 INFO: Plan 0: ḡ=46, γE[v]=0.0, Q=46.0 (fn)
2026-09-22 18:05:07,767 INFO: Plan 1: ḡ=22, γE[v]=0.0, Q=22.0 (fn)
2026-09-22 18:05:07,767 INFO: Plan 1: ḡ=57, γE[v]=0.0, Q=57.0 (fn)
2026-09-22 18:05:07,768 INFO: Plan 0: ḡ=23.0, γE[v]=89.2, Q=112.2 (bayes)
2026-09-22 18:05:07,768 INFO: Plan 1: ḡ=19.7, γE[v]=90.8, Q=110.5 (bayes)
2026-09-22 18:05:07,768 INFO: Plan 2: ḡ=18.0, γE[v]=91.7, Q=109.7 (bayes)
2026-09-22 18:05:09,194 INFO: Plan 2: ḡ=26, γE[v]=0.0, Q=26.0 (fn)
2026-09-22 18:05:09,195 INFO: Plan 0: ḡ=9.1, γE[v]=17.2, Q=26.3 (bayes)
2026-09-22 18:05:09,195 INFO: Plan 1: ḡ=6.0, γE[v]=18.7, Q=24.7 (bayes)
2026-09-22 18:05:09,195 INFO: Plan 2: ḡ=10.3, γE[v]=16.6, Q=26.9 (bayes)
2026-09-22 18:05:11,374 INFO: Plan 2: ḡ=23, γE[v]=0.0, Q=23.0 (fn)
2026-09-22 18:05:11,592 INFO: Plan 0: ḡ=0, γE[v]=0.0, Q=0.0 (fn)
2026-09-22 18:05:11,989 INFO: Plan 0: ḡ=21, γE[v]=0.0, Q=21.0 (fn)
2026-09-22 18:05:12,290 INFO: Plan 2: ḡ=0, γE[v]=0.0, Q=0.0 (fn)
2026-09-22 18:05:12,601 INFO: Plan 1: ḡ=0, γE[v]=0.0, Q=0.0 (fn)
2026-09-22 18:05:12,602 INFO: Plan 0: ḡ=0.0, γE[v]=0.0, Q=0.0 (bayes)
2026-09-22 18:05:12,602 INFO: Plan 1: ḡ=0.0, γE[v]=0.0, Q=0.0 (bayes)
2026-09-22 18:05:12,602 INFO: Plan 2: ḡ=0.0, γE[v]=0.0, Q=0.0 (bayes)
2026-09-22 18:05:14,729 INFO: Plan 1: ḡ=77, γE[v]=16.0, Q=93.0 (fn)
2026-09-22 18:05:14,730 INFO: Plan 0: ḡ=2.3, γE[v]=4.9, Q=7.2 (bayes)
2026-09-22 18:05:14,730 INFO: Plan 1: ḡ=8.6, γE[v]=3.1, Q=11.6 (bayes)
2026-09-22 18:05:14,730 INFO: Plan 2: ḡ=2.6, γE[v]=4.8, Q=7.3 (bayes)
2026-09-22 18:05:15,233 INFO: Plan 2: ḡ=30, γE[v]=0.0, Q=30.0 (fn)
2026-09-22 18:05:16,258 INFO: Plan 2: ḡ=90, γE[v]=0.0, Q=90.0 (fn)
2026-09-22 18:05:16,297 INFO: Plan 1: ḡ=50, γE[v]=0.0, Q=50.0 (fn)
2026-09-22 18:05:16,603 INFO: Plan 0: ḡ=58, γE[v]=0.0, Q=58.0 (fn)
  [13/93] flask.config seed=42: {'random': 28, 'greedy': 28, 'cov_greedy': 25, 'covqvalue2': 25}
2026-09-22 18:05:17,513 INFO: Plan 2: ḡ=0, γE[v]=0.0, Q=0.0 (fn)
2026-09-22 18:05:17,720 INFO: Plan 1: ḡ=0, γE[v]=0.0, Q=0.0 (fn)
2026-09-22 18:05:17,721 INFO: Plan 0: ḡ=0, γE[v]=0.0, Q=0.0 (fn)
2026-09-22 18:05:17,721 INFO: Plan 0: ḡ=0.0, γE[v]=0.0, Q=0.0 (bayes)
2026-09-22 18:05:17,722 INFO: Plan 1: ḡ=0.0, γE[v]=0.0, Q=0.0 (bayes)
2026-09-22 18:05:17,722 INFO: Plan 2: ḡ=0.0, γE[v]=0.0, Q=0.0 (bayes)
2026-09-22 18:05:19,215 INFO: Plan 1: ḡ=0, γE[v]=0.0, Q=0.0 (fn)
2026-09-22 18:05:19,632 INFO: Plan 2: ḡ=0, γE[v]=0.0, Q=0.0 (fn)
2026-09-22 18:05:19,857 INFO: Plan 0: ḡ=33, γE[v]=36.5, Q=69.5 (fn)
2026-09-22 18:05:19,858 INFO: Plan 0: ḡ=9.4, γE[v]=50.5, Q=59.9 (bayes)
2026-09-22 18:05:19,858 INFO: Plan 1: ḡ=20.1, γE[v]=43.0, Q=63.1 (bayes)
2026-09-22 18:05:19,858 INFO: Plan 2: ḡ=9.8, γE[v]=48.2, Q=57.9 (bayes)
2026-09-22 18:05:19,895 INFO: Plan 0: ḡ=1, γE[v]=0.0, Q=1.0 (fn)
2026-09-22 18:05:19,896 INFO: Plan 0: ḡ=0.2, γE[v]=0.0, Q=0.2 (bayes)
2026-09-22 18:05:19,896 INFO: Plan 1: ḡ=0.0, γE[v]=0.1, Q=0.1 (bayes)
2026-09-22 18:05:19,896 INFO: Plan 2: ḡ=0.0, γE[v]=0.1, Q=0.1 (bayes)
2026-09-22 18:05:20,759 INFO: Plan 0: ḡ=0, γE[v]=0.0, Q=0.0 (fn)
2026-09-22 18:05:20,841 INFO: Plan 2: ḡ=0, γE[v]=0.0, Q=0.0 (fn)
2026-09-22 18:05:21,263 INFO: Plan 1: ḡ=0, γE[v]=0.0, Q=0.0 (fn)
2026-09-22 18:05:21,264 INFO: Plan 0: ḡ=0.0, γE[v]=0.0, Q=0.0 (bayes)
2026-09-22 18:05:21,264 INFO: Plan 1: ḡ=0.0, γE[v]=0.0, Q=0.0 (bayes)
2026-09-22 18:05:21,264 INFO: Plan 2: ḡ=0.0, γE[v]=0.0, Q=0.0 (bayes)
  [14/93] click.formatting seed=42: {'random': 12, 'greedy': 25, 'cov_greedy': 29, 'covqvalue2': 53}
2026-09-22 18:05:23,338 INFO: Plan 1: ḡ=73, γE[v]=88.0, Q=161.0 (fn)
2026-09-22 18:05:23,339 INFO: Plan 0: ḡ=16.9, γE[v]=42.4, Q=59.3 (bayes)
2026-09-22 18:05:23,339 INFO: Plan 1: ḡ=20.8, γE[v]=45.9, Q=66.7 (bayes)
2026-09-22 18:05:23,339 INFO: Plan 2: ḡ=25.3, γE[v]=38.2, Q=63.5 (bayes)
2026-09-22 18:05:23,703 INFO: Plan 2: ḡ=40, γE[v]=0.0, Q=40.0 (fn)
2026-09-22 18:05:24,001 INFO: Plan 2: ḡ=2, γE[v]=0.0, Q=2.0 (fn)
2026-09-22 18:05:24,345 INFO: Plan 0: ḡ=41, γE[v]=0.0, Q=41.0 (fn)
2026-09-22 18:05:24,726 INFO: Plan 1: ḡ=68, γE[v]=0.0, Q=68.0 (fn)
2026-09-22 18:05:24,727 INFO: Plan 0: ḡ=19.2, γE[v]=25.2, Q=44.4 (bayes)
2026-09-22 18:05:24,727 INFO: Plan 1: ḡ=30.5, γE[v]=19.6, Q=50.1 (bayes)
2026-09-22 18:05:24,727 INFO: Plan 2: ḡ=20.0, γE[v]=24.8, Q=44.8 (bayes)
2026-09-22 18:05:26,144 INFO: Plan 2: ḡ=9, γE[v]=0.0, Q=9.0 (fn)
2026-09-22 18:05:26,183 INFO: Plan 0: ḡ=8, γE[v]=0.5, Q=8.5 (fn)
2026-09-22 18:05:26,634 INFO: Plan 1: ḡ=1, γE[v]=4.0, Q=5.0 (fn)
2026-09-22 18:05:26,634 INFO: Plan 0: ḡ=1.3, γE[v]=0.1, Q=1.5 (bayes)
2026-09-22 18:05:26,634 INFO: Plan 1: ḡ=0.2, γE[v]=1.0, Q=1.2 (bayes)
2026-09-22 18:05:26,635 INFO: Plan 2: ḡ=1.5, γE[v]=0.0, Q=1.5 (bayes)
2026-09-22 18:05:28,232 INFO: Plan 0: ḡ=198, γE[v]=0.0, Q=198.0 (fn)
2026-09-22 18:05:28,233 INFO: Plan 1: ḡ=198, γE[v]=0.0, Q=198.0 (fn)
2026-09-22 18:05:28,233 INFO: Plan 0: ḡ=35.0, γE[v]=0.2, Q=35.2 (bayes)
2026-09-22 18:05:28,233 INFO: Plan 1: ḡ=35.0, γE[v]=0.2, Q=35.2 (bayes)
2026-09-22 18:05:28,233 INFO: Plan 2: ḡ=0.5, γE[v]=17.5, Q=18.0 (bayes)
2026-09-22 18:05:28,562 INFO: Plan 1: ḡ=0, γE[v]=0.0, Q=0.0 (fn)
2026-09-22 18:05:28,563 INFO: Plan 0: ḡ=0, γE[v]=0.0, Q=0.0 (fn)
2026-09-22 18:05:28,829 INFO: Plan 2: ḡ=0, γE[v]=0.0, Q=0.0 (fn)
2026-09-22 18:05:28,830 INFO: Plan 0: ḡ=0.0, γE[v]=0.0, Q=0.0 (bayes)
2026-09-22 18:05:28,831 INFO: Plan 1: ḡ=0.0, γE[v]=0.0, Q=0.0 (bayes)
2026-09-22 18:05:28,831 INFO: Plan 2: ḡ=0.0, γE[v]=0.0, Q=0.0 (bayes)
2026-09-22 18:05:29,682 INFO: Plan 0: ḡ=0, γE[v]=0.0, Q=0.0 (fn)
2026-09-22 18:05:29,723 INFO: Plan 2: ḡ=0, γE[v]=0.0, Q=0.0 (fn)
2026-09-22 18:05:30,508 INFO: Plan 2: ḡ=4, γE[v]=0.0, Q=4.0 (fn)
2026-09-22 18:05:30,692 INFO: Plan 0: ḡ=5, γE[v]=0.0, Q=5.0 (fn)
2026-09-22 18:05:31,200 INFO: Plan 1: ḡ=0, γE[v]=0.0, Q=0.0 (fn)
2026-09-22 18:05:31,200 INFO: Plan 0: ḡ=0.0, γE[v]=0.0, Q=0.0 (bayes)
2026-09-22 18:05:31,201 INFO: Plan 1: ḡ=0.0, γE[v]=0.0, Q=0.0 (bayes)
2026-09-22 18:05:31,201 INFO: Plan 2: ḡ=0.0, γE[v]=0.0, Q=0.0 (bayes)
2026-09-22 18:05:34,055 INFO: Plan 0: ḡ=44, γE[v]=0.0, Q=44.0 (fn)
2026-09-22 18:05:34,095 INFO: Plan 1: ḡ=6, γE[v]=4.0, Q=10.0 (fn)
2026-09-22 18:05:34,097 INFO: Plan 0: ḡ=1.0, γE[v]=1.0, Q=2.0 (bayes)
2026-09-22 18:05:34,097 INFO: Plan 1: ḡ=1.4, γE[v]=1.1, Q=2.5 (bayes)
2026-09-22 18:05:34,097 INFO: Plan 2: ḡ=0.8, γE[v]=1.1, Q=1.9 (bayes)
2026-09-22 18:05:35,360 INFO: Plan 2: ḡ=113, γE[v]=0.0, Q=113.0 (fn)
2026-09-22 18:05:36,139 INFO: Plan 1: ḡ=0, γE[v]=0.0, Q=0.0 (fn)
2026-09-22 18:05:36,140 INFO: Plan 2: ḡ=0, γE[v]=0.0, Q=0.0 (fn)
2026-09-22 18:05:36,459 INFO: Plan 1: ḡ=116, γE[v]=0.0, Q=116.0 (fn)
2026-09-22 18:05:36,460 INFO: Plan 0: ḡ=8.1, γE[v]=17.3, Q=25.4 (bayes)
2026-09-22 18:05:36,460 INFO: Plan 1: ḡ=18.0, γE[v]=12.4, Q=30.4 (bayes)
2026-09-22 18:05:36,460 INFO: Plan 2: ḡ=22.0, γE[v]=10.4, Q=32.4 (bayes)
2026-09-22 18:05:36,783 INFO: Plan 0: ḡ=5, γE[v]=0.0, Q=5.0 (fn)
2026-09-22 18:05:36,963 INFO: Plan 0: ḡ=5, γE[v]=0.0, Q=5.0 (fn)
2026-09-22 18:05:36,964 INFO: Plan 0: ḡ=35, γE[v]=0.0, Q=35.0 (fn)
2026-09-22 18:05:36,965 INFO: Plan 0: ḡ=2.5, γE[v]=0.0, Q=2.5 (bayes)
2026-09-22 18:05:36,965 INFO: Plan 1: ḡ=0.0, γE[v]=1.2, Q=1.2 (bayes)
2026-09-22 18:05:36,965 INFO: Plan 2: ḡ=0.0, γE[v]=1.2, Q=1.2 (bayes)
2026-09-22 18:05:37,338 INFO: Plan 2: ḡ=10, γE[v]=0.0, Q=10.0 (fn)
2026-09-22 18:05:38,514 INFO: Plan 2: ḡ=69, γE[v]=0.0, Q=69.0 (fn)
2026-09-22 18:05:38,515 INFO: Plan 1: ḡ=6, γE[v]=1.5, Q=7.5 (fn)
2026-09-22 18:05:39,648 INFO: Plan 1: ḡ=39, γE[v]=0.0, Q=39.0 (fn)
2026-09-22 18:05:39,648 INFO: Plan 0: ḡ=92, γE[v]=11.5, Q=103.5 (fn)
2026-09-22 18:05:39,649 INFO: Plan 0: ḡ=17.3, γE[v]=30.4, Q=47.8 (bayes)
2026-09-22 18:05:39,649 INFO: Plan 1: ḡ=13.0, γE[v]=32.6, Q=45.6 (bayes)
2026-09-22 18:05:39,649 INFO: Plan 2: ḡ=4.5, γE[v]=36.8, Q=41.3 (bayes)
  [15/93] flask.app seed=42: {'random': 2, 'greedy': 2, 'cov_greedy': 2, 'covqvalue2': 105}
2026-09-22 18:05:39,907 INFO: Plan 1: ḡ=53, γE[v]=23.0, Q=76.0 (fn)
2026-09-22 18:05:39,907 INFO: Plan 0: ḡ=30.7, γE[v]=5.7, Q=36.4 (bayes)
2026-09-22 18:05:39,907 INFO: Plan 1: ḡ=17.7, γE[v]=13.0, Q=30.7 (bayes)
2026-09-22 18:05:39,908 INFO: Plan 2: ḡ=25.7, γE[v]=7.7, Q=33.3 (bayes)
2026-09-22 18:05:40,310 INFO: Plan 2: ḡ=27, γE[v]=3.0, Q=30.0 (fn)
2026-09-22 18:05:40,311 INFO: Plan 0: ḡ=1.7, γE[v]=4.1, Q=5.8 (bayes)
2026-09-22 18:05:40,311 INFO: Plan 1: ḡ=1.2, γE[v]=4.5, Q=5.7 (bayes)
2026-09-22 18:05:40,311 INFO: Plan 2: ḡ=6.7, γE[v]=1.8, Q=8.5 (bayes)
2026-09-22 18:05:42,014 INFO: Plan 1: ḡ=233, γE[v]=0.0, Q=233.0 (fn)
2026-09-22 18:05:42,613 INFO: Plan 0: ḡ=213, γE[v]=10.0, Q=223.0 (fn)
2026-09-22 18:05:42,738 INFO: Plan 2: ḡ=213, γE[v]=10.0, Q=223.0 (fn)
2026-09-22 18:05:42,738 INFO: Plan 0: ḡ=26.6, γE[v]=2.0, Q=28.7 (bayes)
2026-09-22 18:05:42,738 INFO: Plan 1: ḡ=29.1, γE[v]=0.0, Q=29.1 (bayes)
2026-09-22 18:05:42,738 INFO: Plan 2: ḡ=26.6, γE[v]=2.0, Q=28.7 (bayes)
2026-09-22 18:05:43,590 INFO: Plan 0: ḡ=2, γE[v]=0.0, Q=2.0 (fn)
2026-09-22 18:05:43,798 INFO: Plan 1: ḡ=2, γE[v]=0.0, Q=2.0 (fn)
2026-09-22 18:05:44,374 INFO: Plan 2: ḡ=2, γE[v]=0.0, Q=2.0 (fn)
2026-09-22 18:05:44,376 INFO: Plan 0: ḡ=0.3, γE[v]=0.0, Q=0.3 (bayes)
2026-09-22 18:05:44,376 INFO: Plan 1: ḡ=0.3, γE[v]=0.0, Q=0.3 (bayes)
2026-09-22 18:05:44,376 INFO: Plan 2: ḡ=0.3, γE[v]=0.0, Q=0.3 (bayes)
2026-09-22 18:05:45,363 INFO: Plan 0: ḡ=0, γE[v]=0.0, Q=0.0 (fn)
2026-09-22 18:05:47,292 INFO: Plan 1: ḡ=0, γE[v]=0.0, Q=0.0 (fn)
2026-09-22 18:05:48,278 INFO: Plan 2: ḡ=0, γE[v]=0.0, Q=0.0 (fn)
2026-09-22 18:05:48,278 INFO: Plan 0: ḡ=0.0, γE[v]=0.0, Q=0.0 (bayes)
2026-09-22 18:05:48,279 INFO: Plan 1: ḡ=0.0, γE[v]=0.0, Q=0.0 (bayes)
2026-09-22 18:05:48,279 INFO: Plan 2: ḡ=0.0, γE[v]=0.0, Q=0.0 (bayes)
2026-09-22 18:05:48,323 INFO: Plan 0: ḡ=52, γE[v]=0.0, Q=52.0 (fn)
2026-09-22 18:05:49,692 INFO: Plan 2: ḡ=42, γE[v]=0.0, Q=42.0 (fn)
2026-09-22 18:05:49,778 INFO: Plan 0: ḡ=17, γE[v]=2.5, Q=19.5 (fn)
2026-09-22 18:05:50,141 INFO: Plan 2: ḡ=59, γE[v]=0.0, Q=59.0 (fn)
2026-09-22 18:05:50,634 INFO: Plan 1: ḡ=48, γE[v]=0.0, Q=48.0 (fn)
2026-09-22 18:05:50,636 INFO: Plan 0: ḡ=8.5, γE[v]=31.1, Q=39.6 (bayes)
2026-09-22 18:05:50,636 INFO: Plan 1: ḡ=21.7, γE[v]=24.4, Q=46.1 (bayes)
2026-09-22 18:05:50,636 INFO: Plan 2: ḡ=16.2, γE[v]=27.1, Q=43.4 (bayes)
  [16/93] requests.auth seed=42: {'random': 4, 'greedy': 4, 'cov_greedy': 46, 'covqvalue2': 77}
2026-09-22 18:05:51,547 INFO: Plan 0: ḡ=9, γE[v]=0.0, Q=9.0 (fn)
2026-09-22 18:05:51,770 INFO: Plan 1: ḡ=19, γE[v]=0.0, Q=19.0 (fn)
2026-09-22 18:05:51,853 INFO: Plan 2: ḡ=0, γE[v]=0.0, Q=0.0 (fn)
2026-09-22 18:05:51,854 INFO: Plan 0: ḡ=4.5, γE[v]=4.8, Q=9.2 (bayes)
2026-09-22 18:05:51,854 INFO: Plan 1: ḡ=9.5, γE[v]=2.2, Q=11.8 (bayes)
2026-09-22 18:05:51,854 INFO: Plan 2: ḡ=0.0, γE[v]=7.0, Q=7.0 (bayes)
2026-09-22 18:05:52,966 INFO: Plan 0: ḡ=33, γE[v]=0.0, Q=33.0 (fn)
2026-09-22 18:05:55,436 INFO: Plan 1: ḡ=58, γE[v]=0.0, Q=58.0 (fn)
2026-09-22 18:05:55,437 INFO: Plan 0: ḡ=21.2, γE[v]=74.5, Q=95.7 (bayes)
2026-09-22 18:05:55,437 INFO: Plan 1: ḡ=26.0, γE[v]=72.1, Q=98.1 (bayes)
2026-09-22 18:05:55,437 INFO: Plan 2: ḡ=29.5, γE[v]=70.3, Q=99.8 (bayes)
2026-09-22 18:05:57,309 INFO: Plan 0: ḡ=8, γE[v]=0.0, Q=8.0 (fn)
2026-09-22 18:05:58,400 INFO: Plan 2: ḡ=26, γE[v]=18.0, Q=44.0 (fn)
2026-09-22 18:05:58,402 INFO: Plan 1: ḡ=31, γE[v]=17.5, Q=48.5 (fn)
2026-09-22 18:05:59,147 INFO: Plan 1: ḡ=48, γE[v]=10.0, Q=58.0 (fn)
2026-09-22 18:05:59,148 INFO: Plan 0: ḡ=5.5, γE[v]=6.5, Q=11.9 (bayes)
2026-09-22 18:05:59,148 INFO: Plan 1: ḡ=9.6, γE[v]=5.0, Q=14.6 (bayes)
2026-09-22 18:05:59,148 INFO: Plan 2: ḡ=5.2, γE[v]=7.9, Q=13.1 (bayes)
2026-09-22 18:05:59,567 INFO: Plan 2: ḡ=77, γE[v]=0.0, Q=77.0 (fn)
2026-09-22 18:05:59,771 INFO: Plan 1: ḡ=70, γE[v]=0.0, Q=70.0 (fn)
2026-09-22 18:06:01,193 INFO: Plan 2: ḡ=291, γE[v]=23.5, Q=314.5 (fn)
2026-09-22 18:06:01,194 INFO: Plan 0: ḡ=11.1, γE[v]=38.8, Q=49.8 (bayes)
2026-09-22 18:06:01,194 INFO: Plan 1: ḡ=7.8, γE[v]=41.6, Q=49.4 (bayes)
2026-09-22 18:06:01,194 INFO: Plan 2: ḡ=76.1, γE[v]=7.8, Q=83.9 (bayes)
2026-09-22 18:06:02,045 INFO: Plan 0: ḡ=8, γE[v]=2.0, Q=10.0 (fn)
2026-09-22 18:06:02,045 INFO: Plan 0: ḡ=3.0, γE[v]=39.1, Q=42.1 (bayes)
2026-09-22 18:06:02,045 INFO: Plan 1: ḡ=35.0, γE[v]=23.0, Q=58.0 (bayes)
2026-09-22 18:06:02,046 INFO: Plan 2: ḡ=38.5, γE[v]=21.2, Q=59.8 (bayes)
2026-09-22 18:06:02,327 INFO: Plan 0: ḡ=3, γE[v]=0.0, Q=3.0 (fn)
2026-09-22 18:06:02,368 INFO: Plan 1: ḡ=7, γE[v]=0.0, Q=7.0 (fn)
2026-09-22 18:06:02,370 INFO: Plan 1: ḡ=37, γE[v]=0.0, Q=37.0 (fn)
2026-09-22 18:06:02,370 INFO: Plan 2: ḡ=5, γE[v]=0.0, Q=5.0 (fn)
2026-09-22 18:06:02,371 INFO: Plan 0: ḡ=1.2, γE[v]=2.2, Q=3.3 (bayes)
2026-09-22 18:06:02,371 INFO: Plan 1: ḡ=2.5, γE[v]=1.5, Q=4.0 (bayes)
2026-09-22 18:06:02,371 INFO: Plan 2: ḡ=1.8, γE[v]=1.8, Q=3.7 (bayes)
2026-09-22 18:06:03,913 INFO: Plan 0: ḡ=9, γE[v]=0.0, Q=9.0 (fn)
2026-09-22 18:06:04,138 INFO: Plan 2: ḡ=6, γE[v]=0.0, Q=6.0 (fn)
2026-09-22 18:06:04,139 INFO: Plan 0: ḡ=4.0, γE[v]=41.7, Q=45.7 (bayes)
2026-09-22 18:06:04,139 INFO: Plan 1: ḡ=8.9, γE[v]=39.2, Q=48.1 (bayes)
2026-09-22 18:06:04,139 INFO: Plan 2: ḡ=1.8, γE[v]=42.8, Q=44.5 (bayes)
2026-09-22 18:06:05,425 INFO: Plan 0: ḡ=75, γE[v]=0.0, Q=75.0 (fn)
2026-09-22 18:06:06,507 INFO: Plan 2: ḡ=67, γE[v]=0.0, Q=67.0 (fn)
2026-09-22 18:06:08,617 INFO: Plan 1: ḡ=0, γE[v]=0.0, Q=0.0 (fn)
2026-09-22 18:06:08,618 INFO: Plan 0: ḡ=1, γE[v]=0.0, Q=1.0 (fn)
2026-09-22 18:06:09,058 INFO: Plan 2: ḡ=0, γE[v]=0.0, Q=0.0 (fn)
2026-09-22 18:06:09,059 INFO: Plan 0: ḡ=0.5, γE[v]=0.0, Q=0.5 (bayes)
2026-09-22 18:06:09,059 INFO: Plan 1: ḡ=0.0, γE[v]=0.2, Q=0.2 (bayes)
2026-09-22 18:06:09,059 INFO: Plan 2: ḡ=0.0, γE[v]=0.2, Q=0.2 (bayes)
2026-09-22 18:06:10,223 INFO: Plan 1: ḡ=0, γE[v]=0.0, Q=0.0 (fn)
2026-09-22 18:06:10,224 INFO: Plan 0: ḡ=0, γE[v]=0.0, Q=0.0 (fn)
2026-09-22 18:06:10,617 INFO: Plan 1: ḡ=51, γE[v]=6.5, Q=57.5 (fn)
2026-09-22 18:06:10,617 INFO: Plan 2: ḡ=0, γE[v]=0.0, Q=0.0 (fn)
2026-09-22 18:06:10,618 INFO: Plan 0: ḡ=34.5, γE[v]=15.3, Q=49.8 (bayes)
2026-09-22 18:06:10,618 INFO: Plan 0: ḡ=0.0, γE[v]=0.0, Q=0.0 (bayes)
2026-09-22 18:06:10,618 INFO: Plan 1: ḡ=10.7, γE[v]=27.7, Q=38.4 (bayes)
2026-09-22 18:06:10,618 INFO: Plan 1: ḡ=0.0, γE[v]=0.0, Q=0.0 (bayes)
2026-09-22 18:06:10,618 INFO: Plan 2: ḡ=17.6, γE[v]=23.8, Q=41.4 (bayes)
2026-09-22 18:06:10,619 INFO: Plan 2: ḡ=0.0, γE[v]=0.0, Q=0.0 (bayes)
2026-09-22 18:06:11,634 INFO: Plan 1: ḡ=0, γE[v]=0.0, Q=0.0 (fn)
2026-09-22 18:06:11,677 INFO: Plan 0: ḡ=0, γE[v]=0.0, Q=0.0 (fn)
2026-09-22 18:06:12,173 INFO: Plan 2: ḡ=0, γE[v]=0.0, Q=0.0 (fn)
2026-09-22 18:06:12,174 INFO: Plan 0: ḡ=0.0, γE[v]=0.0, Q=0.0 (bayes)
2026-09-22 18:06:12,174 INFO: Plan 1: ḡ=0.0, γE[v]=0.0, Q=0.0 (bayes)
2026-09-22 18:06:12,174 INFO: Plan 2: ḡ=0.0, γE[v]=0.0, Q=0.0 (bayes)
  [17/93] click.exceptions seed=42: {'random': 1, 'greedy': 1, 'cov_greedy': 15, 'covqvalue2': 37}
2026-09-22 18:06:12,630 INFO: Plan 2: ḡ=29, γE[v]=0.0, Q=29.0 (fn)
2026-09-22 18:06:13,074 INFO: Plan 1: ḡ=44, γE[v]=0.0, Q=44.0 (fn)
2026-09-22 18:06:13,828 INFO: Plan 0: ḡ=71, γE[v]=0.0, Q=71.0 (fn)
2026-09-22 18:06:13,829 INFO: Plan 0: ḡ=32.2, γE[v]=76.4, Q=108.6 (bayes)
2026-09-22 18:06:13,830 INFO: Plan 1: ḡ=22.0, γE[v]=81.5, Q=103.5 (bayes)
2026-09-22 18:06:13,830 INFO: Plan 2: ḡ=14.5, γE[v]=85.2, Q=99.8 (bayes)
2026-09-22 18:06:15,596 INFO: Plan 0: ḡ=80, γE[v]=6.5, Q=86.5 (fn)
2026-09-22 18:06:17,410 INFO: Plan 2: ḡ=0, γE[v]=0.0, Q=0.0 (fn)
2026-09-22 18:06:17,410 INFO: Plan 0: ḡ=0, γE[v]=0.0, Q=0.0 (fn)
2026-09-22 18:06:17,831 INFO: Plan 1: ḡ=0, γE[v]=0.0, Q=0.0 (fn)
2026-09-22 18:06:17,831 INFO: Plan 0: ḡ=0.0, γE[v]=0.0, Q=0.0 (bayes)
2026-09-22 18:06:17,831 INFO: Plan 1: ḡ=0.0, γE[v]=0.0, Q=0.0 (bayes)
2026-09-22 18:06:17,831 INFO: Plan 2: ḡ=0.0, γE[v]=0.0, Q=0.0 (bayes)
2026-09-22 18:06:20,417 INFO: Plan 2: ḡ=4, γE[v]=0.0, Q=4.0 (fn)
2026-09-22 18:06:20,789 INFO: Plan 2: ḡ=44, γE[v]=0.0, Q=44.0 (fn)
2026-09-22 18:06:20,915 INFO: Plan 1: ḡ=34, γE[v]=0.0, Q=34.0 (fn)
2026-09-22 18:06:20,916 INFO: Plan 0: ḡ=5, γE[v]=0.0, Q=5.0 (fn)
2026-09-22 18:06:21,492 INFO: Plan 1: ḡ=5, γE[v]=0.0, Q=5.0 (fn)
2026-09-22 18:06:21,498 INFO: Plan 0: ḡ=0.8, γE[v]=0.3, Q=1.2 (bayes)
2026-09-22 18:06:21,498 INFO: Plan 1: ḡ=0.8, γE[v]=0.3, Q=1.2 (bayes)
2026-09-22 18:06:21,498 INFO: Plan 2: ḡ=0.7, γE[v]=0.4, Q=1.1 (bayes)
2026-09-22 18:06:22,150 INFO: Plan 0: ḡ=98, γE[v]=10.0, Q=108.0 (fn)
2026-09-22 18:06:22,151 INFO: Plan 0: ḡ=28.7, γE[v]=3.2, Q=31.8 (bayes)
2026-09-22 18:06:22,151 INFO: Plan 1: ḡ=12.7, γE[v]=10.5, Q=23.2 (bayes)
2026-09-22 18:06:22,151 INFO: Plan 2: ḡ=12.7, γE[v]=10.5, Q=23.2 (bayes)
2026-09-22 18:06:24,154 INFO: Plan 1: ḡ=77, γE[v]=86.0, Q=163.0 (fn)
2026-09-22 18:06:25,037 INFO: Plan 0: ḡ=24, γE[v]=0.0, Q=24.0 (fn)
2026-09-22 18:06:25,072 INFO: Plan 0: ḡ=8, γE[v]=0.0, Q=8.0 (fn)
2026-09-22 18:06:25,253 INFO: Plan 2: ḡ=35, γE[v]=0.0, Q=35.0 (fn)
2026-09-22 18:06:25,434 INFO: Plan 1: ḡ=15, γE[v]=0.0, Q=15.0 (fn)
2026-09-22 18:06:25,435 INFO: Plan 0: ḡ=9.1, γE[v]=12.6, Q=21.7 (bayes)
2026-09-22 18:06:25,436 INFO: Plan 1: ḡ=4.3, γE[v]=15.0, Q=19.3 (bayes)
2026-09-22 18:06:25,436 INFO: Plan 2: ḡ=11.7, γE[v]=11.3, Q=23.0 (bayes)
2026-09-22 18:06:25,482 INFO: Plan 0: ḡ=58, γE[v]=0.0, Q=58.0 (fn)
2026-09-22 18:06:25,967 INFO: Plan 2: ḡ=97, γE[v]=0.0, Q=97.0 (fn)
2026-09-22 18:06:25,967 INFO: Plan 2: ḡ=0, γE[v]=0.0, Q=0.0 (fn)
2026-09-22 18:06:26,378 INFO: Plan 1: ḡ=62, γE[v]=0.0, Q=62.0 (fn)
2026-09-22 18:06:26,378 INFO: Plan 0: ḡ=14.6, γE[v]=34.6, Q=49.1 (bayes)
2026-09-22 18:06:26,378 INFO: Plan 1: ḡ=13.3, γE[v]=35.2, Q=48.5 (bayes)
2026-09-22 18:06:26,378 INFO: Plan 2: ḡ=23.2, γE[v]=30.2, Q=53.5 (bayes)
2026-09-22 18:06:26,568 INFO: Plan 1: ḡ=9, γE[v]=0.0, Q=9.0 (fn)
2026-09-22 18:06:27,600 INFO: Plan 2: ḡ=1, γE[v]=4.0, Q=5.0 (fn)
2026-09-22 18:06:27,601 INFO: Plan 0: ḡ=1.1, γE[v]=0.1, Q=1.2 (bayes)
2026-09-22 18:06:27,601 INFO: Plan 1: ḡ=1.3, γE[v]=0.0, Q=1.3 (bayes)
2026-09-22 18:06:27,601 INFO: Plan 2: ḡ=0.2, γE[v]=0.9, Q=1.1 (bayes)
2026-09-22 18:06:28,016 INFO: Plan 2: ḡ=260, γE[v]=31.5, Q=291.5 (fn)
2026-09-22 18:06:28,017 INFO: Plan 0: ḡ=36.0, γE[v]=42.3, Q=78.3 (bayes)
2026-09-22 18:06:28,017 INFO: Plan 1: ḡ=25.7, γE[v]=52.2, Q=77.9 (bayes)
2026-09-22 18:06:28,017 INFO: Plan 2: ḡ=94.3, γE[v]=14.4, Q=108.8 (bayes)
  [18/93] click.core seed=42: {'random': 54, 'greedy': 54, 'cov_greedy': 66, 'covqvalue2': 342}
2026-09-22 18:06:28,774 INFO: Plan 2: ḡ=0, γE[v]=0.0, Q=0.0 (fn)
2026-09-22 18:06:29,218 INFO: Plan 2: ḡ=24, γE[v]=0.0, Q=24.0 (fn)
  [19/93] rich.color seed=42: {'random': 26, 'greedy': 26, 'cov_greedy': 26, 'covqvalue2': 53}
2026-09-22 18:06:29,837 INFO: Plan 1: ḡ=0, γE[v]=0.0, Q=0.0 (fn)
2026-09-22 18:06:30,241 INFO: Plan 0: ḡ=41, γE[v]=0.0, Q=41.0 (fn)
2026-09-22 18:06:30,411 INFO: Plan 1: ḡ=68, γE[v]=0.0, Q=68.0 (fn)
2026-09-22 18:06:30,411 INFO: Plan 0: ḡ=19.2, γE[v]=20.5, Q=39.6 (bayes)
2026-09-22 18:06:30,411 INFO: Plan 1: ḡ=20.9, γE[v]=19.6, Q=40.5 (bayes)
2026-09-22 18:06:30,411 INFO: Plan 2: ḡ=12.0, γE[v]=24.0, Q=36.0 (bayes)
2026-09-22 18:06:30,602 INFO: Plan 0: ḡ=0, γE[v]=0.0, Q=0.0 (fn)
2026-09-22 18:06:30,603 INFO: Plan 0: ḡ=0.0, γE[v]=0.0, Q=0.0 (bayes)
2026-09-22 18:06:30,603 INFO: Plan 1: ḡ=0.0, γE[v]=0.0, Q=0.0 (bayes)
2026-09-22 18:06:30,603 INFO: Plan 2: ḡ=0.0, γE[v]=0.0, Q=0.0 (bayes)
2026-09-22 18:06:30,724 INFO: Plan 1: ḡ=0, γE[v]=0.0, Q=0.0 (fn)
2026-09-22 18:06:31,053 INFO: Plan 0: ḡ=0, γE[v]=0.0, Q=0.0 (fn)
2026-09-22 18:06:31,053 INFO: Plan 0: ḡ=0.0, γE[v]=0.0, Q=0.0 (bayes)
2026-09-22 18:06:31,053 INFO: Plan 1: ḡ=0.0, γE[v]=0.0, Q=0.0 (bayes)
2026-09-22 18:06:31,054 INFO: Plan 2: ḡ=0.0, γE[v]=0.0, Q=0.0 (bayes)
2026-09-22 18:06:33,033 INFO: Plan 0: ḡ=2, γE[v]=1.5, Q=3.5 (fn)
  [20/93] flask.templating seed=42: {'random': 2, 'greedy': 2, 'cov_greedy': 0, 'covqvalue2': 56}
2026-09-22 18:06:33,395 INFO: Plan 2: ḡ=2, γE[v]=0.0, Q=2.0 (fn)
2026-09-22 18:06:34,702 INFO: Plan 1: ḡ=4, γE[v]=1.5, Q=5.5 (fn)
2026-09-22 18:06:35,077 INFO: Plan 2: ḡ=27, γE[v]=1.5, Q=28.5 (fn)
2026-09-22 18:06:35,077 INFO: Plan 0: ḡ=0.7, γE[v]=3.7, Q=4.3 (bayes)
2026-09-22 18:06:35,077 INFO: Plan 1: ḡ=0.8, γE[v]=3.6, Q=4.4 (bayes)
2026-09-22 18:06:35,077 INFO: Plan 2: ḡ=5.3, γE[v]=1.4, Q=6.7 (bayes)
2026-09-22 18:06:38,933 INFO: Plan 0: ḡ=163, γE[v]=18.5, Q=181.5 (fn)
2026-09-22 18:06:39,896 INFO: Plan 2: ḡ=67, γE[v]=0.0, Q=67.0 (fn)
2026-09-22 18:06:39,940 INFO: Plan 1: ḡ=33, γE[v]=0.0, Q=33.0 (fn)
2026-09-22 18:06:40,761 INFO: Plan 1: ḡ=78, γE[v]=60.0, Q=138.0 (fn)
2026-09-22 18:06:40,762 INFO: Plan 0: ḡ=23.9, γE[v]=4.5, Q=28.4 (bayes)
2026-09-22 18:06:40,762 INFO: Plan 1: ḡ=12.3, γE[v]=13.6, Q=25.9 (bayes)
2026-09-22 18:06:40,762 INFO: Plan 2: ḡ=0.5, γE[v]=14.9, Q=15.4 (bayes)
2026-09-22 18:06:42,388 INFO: Plan 0: ḡ=32, γE[v]=12.5, Q=44.5 (fn)
2026-09-22 18:06:42,389 INFO: Plan 0: ḡ=10.3, γE[v]=44.0, Q=54.3 (bayes)
2026-09-22 18:06:42,389 INFO: Plan 1: ḡ=10.5, γE[v]=43.2, Q=53.7 (bayes)
2026-09-22 18:06:42,389 INFO: Plan 2: ḡ=23.6, γE[v]=36.6, Q=60.2 (bayes)
2026-09-22 18:06:42,609 INFO: Plan 2: ḡ=113, γE[v]=0.0, Q=113.0 (fn)
2026-09-22 18:06:42,658 INFO: Plan 1: ḡ=0, γE[v]=0.0, Q=0.0 (fn)
2026-09-22 18:06:42,700 INFO: Plan 0: ḡ=44, γE[v]=0.0, Q=44.0 (fn)
2026-09-22 18:06:42,701 INFO: Plan 2: ḡ=0, γE[v]=0.0, Q=0.0 (fn)
2026-09-22 18:06:42,962 INFO: Plan 0: ḡ=20, γE[v]=0.0, Q=20.0 (fn)
2026-09-22 18:06:42,962 INFO: Plan 0: ḡ=2.2, γE[v]=0.0, Q=2.2 (bayes)
2026-09-22 18:06:42,962 INFO: Plan 1: ḡ=0.0, γE[v]=1.1, Q=1.1 (bayes)
2026-09-22 18:06:42,963 INFO: Plan 2: ḡ=0.0, γE[v]=1.1, Q=1.1 (bayes)
2026-09-22 18:06:45,273 INFO: Plan 1: ḡ=7, γE[v]=0.0, Q=7.0 (fn)
2026-09-22 18:06:45,273 INFO: Plan 0: ḡ=7, γE[v]=0.0, Q=7.0 (fn)
  [21/93] rich.traceback seed=42: {'random': 62, 'greedy': 62, 'cov_greedy': 68, 'covqvalue2': 77}
2026-09-22 18:06:45,896 INFO: Plan 2: ḡ=23, γE[v]=0.0, Q=23.0 (fn)
2026-09-22 18:06:45,897 INFO: Plan 0: ḡ=1.8, γE[v]=2.7, Q=4.4 (bayes)
2026-09-22 18:06:45,897 INFO: Plan 1: ḡ=1.8, γE[v]=2.7, Q=4.4 (bayes)
2026-09-22 18:06:45,897 INFO: Plan 2: ḡ=7.1, γE[v]=0.0, Q=7.1 (bayes)
2026-09-22 18:06:46,494 INFO: Plan 1: ḡ=116, γE[v]=0.0, Q=116.0 (fn)
2026-09-22 18:06:46,494 INFO: Plan 0: ḡ=8.1, γE[v]=15.4, Q=23.5 (bayes)
2026-09-22 18:06:46,494 INFO: Plan 1: ḡ=18.0, γE[v]=10.4, Q=28.4 (bayes)
2026-09-22 18:06:46,494 INFO: Plan 2: ḡ=18.1, γE[v]=10.4, Q=28.5 (bayes)
2026-09-22 18:06:46,952 INFO: Plan 2: ḡ=7, γE[v]=0.0, Q=7.0 (fn)
2026-09-22 18:06:47,131 INFO: Plan 0: ḡ=13, γE[v]=0.0, Q=13.0 (fn)
2026-09-22 18:06:47,441 INFO: Plan 1: ḡ=8, γE[v]=0.0, Q=8.0 (fn)
2026-09-22 18:06:47,486 INFO: Plan 0: ḡ=1, γE[v]=0.0, Q=1.0 (fn)
2026-09-22 18:06:47,625 INFO: Plan 2: ḡ=3, γE[v]=0.0, Q=3.0 (fn)
2026-09-22 18:06:47,626 INFO: Plan 0: ḡ=0.5, γE[v]=2.5, Q=3.0 (bayes)
2026-09-22 18:06:47,626 INFO: Plan 1: ḡ=4.0, γE[v]=0.8, Q=4.8 (bayes)
2026-09-22 18:06:47,626 INFO: Plan 2: ḡ=1.0, γE[v]=2.2, Q=3.2 (bayes)
  [22/93] jinja2.ext seed=42: {'random': 4, 'greedy': 4, 'cov_greedy': 4, 'covqvalue2': 28}
2026-09-22 18:06:50,886 INFO: Plan 1: ḡ=48, γE[v]=0.0, Q=48.0 (fn)
2026-09-22 18:06:51,530 INFO: Plan 0: ḡ=8, γE[v]=0.0, Q=8.0 (fn)
2026-09-22 18:06:53,237 INFO: Plan 0: ḡ=22, γE[v]=0.0, Q=22.0 (fn)
2026-09-22 18:06:53,615 INFO: Plan 1: ḡ=18, γE[v]=0.0, Q=18.0 (fn)
2026-09-22 18:06:53,886 INFO: Plan 1: ḡ=30, γE[v]=20.0, Q=50.0 (fn)
2026-09-22 18:06:53,887 INFO: Plan 0: ḡ=4.3, γE[v]=29.6, Q=33.9 (bayes)
2026-09-22 18:06:53,887 INFO: Plan 1: ḡ=12.2, γE[v]=26.9, Q=39.0 (bayes)
2026-09-22 18:06:53,887 INFO: Plan 2: ḡ=3.5, γE[v]=30.0, Q=33.5 (bayes)
2026-09-22 18:06:53,927 INFO: Plan 2: ḡ=61, γE[v]=0.0, Q=61.0 (fn)
2026-09-22 18:06:53,928 INFO: Plan 0: ḡ=11.0, γE[v]=20.2, Q=31.2 (bayes)
2026-09-22 18:06:53,928 INFO: Plan 1: ḡ=6.3, γE[v]=22.5, Q=28.8 (bayes)
2026-09-22 18:06:53,928 INFO: Plan 2: ḡ=27.4, γE[v]=12.0, Q=39.4 (bayes)
2026-09-22 18:06:54,681 INFO: Plan 2: ḡ=18, γE[v]=22.0, Q=40.0 (fn)
2026-09-22 18:06:54,681 INFO: Plan 0: ḡ=5.8, γE[v]=5.4, Q=11.2 (bayes)
2026-09-22 18:06:54,681 INFO: Plan 1: ḡ=8.0, γE[v]=4.3, Q=12.3 (bayes)
2026-09-22 18:06:54,681 INFO: Plan 2: ḡ=3.0, γE[v]=8.5, Q=11.5 (bayes)
2026-09-22 18:06:54,948 INFO: Plan 0: ḡ=2, γE[v]=0.0, Q=2.0 (fn)
2026-09-22 18:06:54,948 INFO: Plan 1: ḡ=2, γE[v]=0.0, Q=2.0 (fn)
2026-09-22 18:06:54,990 INFO: Plan 2: ḡ=2, γE[v]=0.0, Q=2.0 (fn)
2026-09-22 18:06:54,991 INFO: Plan 0: ḡ=0.2, γE[v]=0.0, Q=0.2 (bayes)
2026-09-22 18:06:54,991 INFO: Plan 1: ḡ=0.2, γE[v]=0.0, Q=0.2 (bayes)
2026-09-22 18:06:54,991 INFO: Plan 2: ḡ=0.2, γE[v]=0.0, Q=0.2 (bayes)
  [23/93] jinja2.runtime seed=42: {'random': 66, 'greedy': 66, 'cov_greedy': 66, 'covqvalue2': 123}
  [24/93] flask.json.tag seed=42: {'random': 17, 'greedy': 16, 'cov_greedy': 21, 'covqvalue2': 24}
2026-09-22 18:07:04,047 INFO: Plan 0: ḡ=7, γE[v]=4.0, Q=11.0 (fn)
2026-09-22 18:07:04,858 INFO: Plan 1: ḡ=13, γE[v]=4.0, Q=17.0 (fn)
2026-09-22 18:07:05,599 INFO: Plan 2: ḡ=1, γE[v]=0.0, Q=1.0 (fn)
2026-09-22 18:07:05,645 INFO: Plan 0: ḡ=2, γE[v]=0.0, Q=2.0 (fn)
2026-09-22 18:07:06,607 INFO: Plan 2: ḡ=0, γE[v]=0.0, Q=0.0 (fn)
2026-09-22 18:07:06,608 INFO: Plan 1: ḡ=6, γE[v]=0.0, Q=6.0 (fn)
2026-09-22 18:07:06,608 INFO: Plan 0: ḡ=0.7, γE[v]=1.2, Q=1.8 (bayes)
2026-09-22 18:07:06,609 INFO: Plan 1: ḡ=2.2, γE[v]=0.4, Q=2.6 (bayes)
2026-09-22 18:07:06,609 INFO: Plan 2: ḡ=0.5, γE[v]=1.2, Q=1.8 (bayes)
2026-09-22 18:07:06,991 INFO: Plan 2: ḡ=6, γE[v]=0.0, Q=6.0 (fn)
2026-09-22 18:07:07,313 INFO: Plan 2: ḡ=35, γE[v]=0.0, Q=35.0 (fn)
2026-09-22 18:07:07,314 INFO: Plan 2: ḡ=19, γE[v]=3.0, Q=22.0 (fn)
2026-09-22 18:07:07,314 INFO: Plan 0: ḡ=1.8, γE[v]=2.1, Q=3.9 (bayes)
2026-09-22 18:07:07,314 INFO: Plan 1: ḡ=2.7, γE[v]=1.7, Q=4.3 (bayes)
2026-09-22 18:07:07,314 INFO: Plan 2: ḡ=3.8, γE[v]=1.0, Q=4.8 (bayes)
2026-09-22 18:07:07,403 INFO: Plan 0: ḡ=110, γE[v]=0.0, Q=110.0 (fn)
2026-09-22 18:07:07,404 INFO: Plan 1: ḡ=39, γE[v]=0.0, Q=39.0 (fn)
2026-09-22 18:07:07,497 INFO: Plan 0: ḡ=0, γE[v]=0.0, Q=0.0 (fn)
2026-09-22 18:07:07,678 INFO: Plan 1: ḡ=0, γE[v]=0.0, Q=0.0 (fn)
2026-09-22 18:07:07,679 INFO: Plan 0: ḡ=0.0, γE[v]=0.0, Q=0.0 (bayes)
2026-09-22 18:07:07,679 INFO: Plan 1: ḡ=0.0, γE[v]=0.0, Q=0.0 (bayes)
2026-09-22 18:07:07,679 INFO: Plan 2: ḡ=0.0, γE[v]=0.0, Q=0.0 (bayes)
2026-09-22 18:07:08,274 INFO: Plan 0: ḡ=20, γE[v]=0.0, Q=20.0 (fn)
2026-09-22 18:07:08,275 INFO: Plan 0: ḡ=7.8, γE[v]=38.9, Q=46.7 (bayes)
2026-09-22 18:07:08,275 INFO: Plan 1: ḡ=8.2, γE[v]=38.7, Q=46.9 (bayes)
2026-09-22 18:07:08,276 INFO: Plan 2: ḡ=1.9, γE[v]=41.8, Q=43.8 (bayes)
2026-09-22 18:07:10,091 INFO: Plan 1: ḡ=6, γE[v]=0.0, Q=6.0 (fn)
2026-09-22 18:07:10,215 INFO: Plan 2: ḡ=0, γE[v]=0.0, Q=0.0 (fn)
2026-09-22 18:07:10,217 INFO: Plan 0: ḡ=0, γE[v]=0.0, Q=0.0 (fn)
2026-09-22 18:07:10,217 INFO: Plan 1: ḡ=0, γE[v]=0.0, Q=0.0 (fn)
2026-09-22 18:07:10,219 INFO: Plan 0: ḡ=0.0, γE[v]=0.0, Q=0.0 (bayes)
2026-09-22 18:07:10,219 INFO: Plan 1: ḡ=0.0, γE[v]=0.0, Q=0.0 (bayes)
2026-09-22 18:07:10,220 INFO: Plan 2: ḡ=0.0, γE[v]=0.0, Q=0.0 (bayes)
2026-09-22 18:07:12,434 INFO: Plan 0: ḡ=12, γE[v]=0.0, Q=12.0 (fn)
2026-09-22 18:07:13,831 INFO: Plan 2: ḡ=87, γE[v]=0.0, Q=87.0 (fn)
2026-09-22 18:07:13,833 INFO: Plan 0: ḡ=5.0, γE[v]=18.8, Q=23.8 (bayes)
2026-09-22 18:07:13,833 INFO: Plan 1: ḡ=3.0, γE[v]=19.8, Q=22.8 (bayes)
2026-09-22 18:07:13,833 INFO: Plan 2: ḡ=42.5, γE[v]=0.0, Q=42.5 (bayes)
2026-09-22 18:07:14,413 INFO: Plan 1: ḡ=25, γE[v]=6.0, Q=31.0 (fn)
2026-09-22 18:07:14,414 INFO: Plan 0: ḡ=43.8, γE[v]=49.1, Q=92.9 (bayes)
2026-09-22 18:07:14,414 INFO: Plan 1: ḡ=12.5, γE[v]=65.0, Q=77.5 (bayes)
2026-09-22 18:07:14,415 INFO: Plan 2: ḡ=15.5, γE[v]=63.2, Q=78.8 (bayes)
2026-09-22 18:07:16,713 INFO: Plan 2: ḡ=70, γE[v]=1.0, Q=71.0 (fn)
2026-09-22 18:07:16,809 INFO: Plan 0: ḡ=0, γE[v]=0.0, Q=0.0 (fn)
2026-09-22 18:07:16,856 INFO: Plan 2: ḡ=0, γE[v]=0.0, Q=0.0 (fn)
2026-09-22 18:07:18,150 INFO: Plan 1: ḡ=0, γE[v]=0.0, Q=0.0 (fn)
2026-09-22 18:07:18,151 INFO: Plan 0: ḡ=0.0, γE[v]=0.0, Q=0.0 (bayes)
2026-09-22 18:07:18,151 INFO: Plan 1: ḡ=0.0, γE[v]=0.0, Q=0.0 (bayes)
2026-09-22 18:07:18,151 INFO: Plan 2: ḡ=0.0, γE[v]=0.0, Q=0.0 (bayes)
2026-09-22 18:07:19,047 INFO: Plan 0: ḡ=47, γE[v]=3.5, Q=50.5 (fn)
2026-09-22 18:07:19,276 INFO: Plan 0: ḡ=10, γE[v]=0.0, Q=10.0 (fn)
2026-09-22 18:07:19,550 INFO: Plan 1: ḡ=20, γE[v]=0.0, Q=20.0 (fn)
2026-09-22 18:07:19,677 INFO: Plan 1: ḡ=30, γE[v]=17.0, Q=47.0 (fn)
2026-09-22 18:07:19,678 INFO: Plan 0: ḡ=9.1, γE[v]=11.0, Q=20.1 (bayes)
2026-09-22 18:07:19,678 INFO: Plan 1: ḡ=7.0, γE[v]=13.1, Q=20.0 (bayes)
2026-09-22 18:07:19,678 INFO: Plan 2: ḡ=18.9, γE[v]=5.9, Q=24.9 (bayes)
  [25/93] click.testing seed=42: {'random': 27, 'greedy': 27, 'cov_greedy': 37, 'covqvalue2': 66}
2026-09-22 18:07:20,425 INFO: Plan 2: ḡ=50, γE[v]=0.0, Q=50.0 (fn)
2026-09-22 18:07:20,426 INFO: Plan 0: ḡ=3.3, γE[v]=4.5, Q=7.8 (bayes)
2026-09-22 18:07:20,426 INFO: Plan 1: ḡ=5.0, γE[v]=3.7, Q=8.7 (bayes)
2026-09-22 18:07:20,426 INFO: Plan 2: ḡ=12.3, γE[v]=0.0, Q=12.3 (bayes)
2026-09-22 18:07:20,555 INFO: Plan 0: ḡ=35, γE[v]=0.0, Q=35.0 (fn)
2026-09-22 18:07:20,925 INFO: Plan 1: ḡ=47, γE[v]=0.0, Q=47.0 (fn)
2026-09-22 18:07:21,864 INFO: Plan 0: ḡ=1, γE[v]=0.0, Q=1.0 (fn)
2026-09-22 18:07:21,865 INFO: Plan 2: ḡ=1, γE[v]=0.0, Q=1.0 (fn)
  [26/93] jinja2.environment seed=42: {'random': 58, 'greedy': 58, 'cov_greedy': 49, 'covqvalue2': 129}
2026-09-22 18:07:22,091 INFO: Plan 1: ḡ=4, γE[v]=0.5, Q=4.5 (fn)
2026-09-22 18:07:22,091 INFO: Plan 0: ḡ=0.1, γE[v]=0.3, Q=0.5 (bayes)
2026-09-22 18:07:22,091 INFO: Plan 1: ḡ=0.7, γE[v]=0.1, Q=0.8 (bayes)
2026-09-22 18:07:22,092 INFO: Plan 2: ḡ=0.1, γE[v]=0.3, Q=0.5 (bayes)
2026-09-22 18:07:23,193 INFO: Plan 2: ḡ=3, γE[v]=0.0, Q=3.0 (fn)
2026-09-22 18:07:23,193 INFO: Plan 1: ḡ=4, γE[v]=0.0, Q=4.0 (fn)
2026-09-22 18:07:23,236 INFO: Plan 0: ḡ=2, γE[v]=0.0, Q=2.0 (fn)
2026-09-22 18:07:23,236 INFO: Plan 0: ḡ=0.7, γE[v]=0.9, Q=1.6 (bayes)
2026-09-22 18:07:23,237 INFO: Plan 1: ḡ=1.3, γE[v]=0.5, Q=1.9 (bayes)
2026-09-22 18:07:23,237 INFO: Plan 2: ḡ=0.4, γE[v]=1.0, Q=1.4 (bayes)
  [27/93] flask.ctx seed=42: {'random': 1, 'greedy': 1, 'cov_greedy': 59, 'covqvalue2': 79}
  [28/93] requests.cookies seed=42: {'random': 8, 'greedy': 8, 'cov_greedy': 8, 'covqvalue2': 77}
2026-09-22 18:07:26,617 INFO: Plan 0: ḡ=80, γE[v]=6.5, Q=86.5 (fn)
2026-09-22 18:07:27,606 INFO: Plan 2: ḡ=66, γE[v]=6.0, Q=72.0 (fn)
2026-09-22 18:07:27,607 INFO: Plan 0: ḡ=11.7, γE[v]=76.4, Q=88.1 (bayes)
2026-09-22 18:07:27,607 INFO: Plan 1: ḡ=23.5, γE[v]=70.5, Q=94.0 (bayes)
2026-09-22 18:07:27,607 INFO: Plan 2: ḡ=33.0, γE[v]=66.0, Q=99.0 (bayes)
2026-09-22 18:07:29,553 INFO: Plan 2: ḡ=92, γE[v]=0.0, Q=92.0 (fn)
2026-09-22 18:07:29,730 INFO: Plan 0: ḡ=58, γE[v]=0.0, Q=58.0 (fn)
2026-09-22 18:07:30,940 INFO: Plan 1: ḡ=87, γE[v]=0.0, Q=87.0 (fn)
2026-09-22 18:07:30,942 INFO: Plan 0: ḡ=13.4, γE[v]=32.8, Q=46.2 (bayes)
2026-09-22 18:07:30,942 INFO: Plan 1: ḡ=19.6, γE[v]=29.7, Q=49.3 (bayes)
2026-09-22 18:07:30,942 INFO: Plan 2: ḡ=16.8, γE[v]=31.1, Q=47.9 (bayes)
2026-09-22 18:07:32,476 INFO: Plan 2: ḡ=40, γE[v]=0.0, Q=40.0 (fn)
2026-09-22 18:07:33,221 INFO: Plan 0: ḡ=41, γE[v]=0.0, Q=41.0 (fn)
2026-09-22 18:07:33,434 INFO: Plan 1: ḡ=68, γE[v]=0.0, Q=68.0 (fn)
2026-09-22 18:07:33,434 INFO: Plan 0: ḡ=19.2, γE[v]=18.0, Q=37.1 (bayes)
2026-09-22 18:07:33,434 INFO: Plan 1: ḡ=15.9, γE[v]=19.6, Q=35.5 (bayes)
2026-09-22 18:07:33,434 INFO: Plan 2: ḡ=20.0, γE[v]=17.6, Q=37.6 (bayes)
2026-09-22 18:07:34,426 INFO: Plan 1: ḡ=0, γE[v]=0.0, Q=0.0 (fn)
2026-09-22 18:07:34,426 INFO: Plan 2: ḡ=0, γE[v]=0.0, Q=0.0 (fn)
2026-09-22 18:07:35,747 INFO: Plan 2: ḡ=0, γE[v]=0.0, Q=0.0 (fn)
2026-09-22 18:07:35,793 INFO: Plan 0: ḡ=1, γE[v]=0.0, Q=1.0 (fn)
2026-09-22 18:07:35,795 INFO: Plan 1: ḡ=250, γE[v]=36.5, Q=286.5 (fn)
2026-09-22 18:07:35,833 INFO: Plan 1: ḡ=3, γE[v]=0.0, Q=3.0 (fn)
2026-09-22 18:07:35,834 INFO: Plan 0: ḡ=0.5, γE[v]=0.5, Q=1.0 (bayes)
2026-09-22 18:07:35,834 INFO: Plan 1: ḡ=1.0, γE[v]=0.2, Q=1.2 (bayes)
2026-09-22 18:07:35,834 INFO: Plan 2: ḡ=0.0, γE[v]=0.8, Q=0.8 (bayes)
2026-09-22 18:07:36,411 INFO: Plan 0: ḡ=0, γE[v]=0.0, Q=0.0 (fn)
2026-09-22 18:07:36,412 INFO: Plan 0: ḡ=0.0, γE[v]=0.0, Q=0.0 (bayes)
2026-09-22 18:07:36,412 INFO: Plan 1: ḡ=0.0, γE[v]=0.0, Q=0.0 (bayes)
2026-09-22 18:07:36,412 INFO: Plan 2: ḡ=0.0, γE[v]=0.0, Q=0.0 (bayes)
2026-09-22 18:07:36,566 INFO: Plan 1: ḡ=1, γE[v]=0.0, Q=1.0 (fn)
2026-09-22 18:07:36,566 INFO: Plan 0: ḡ=1, γE[v]=0.0, Q=1.0 (fn)
2026-09-22 18:07:36,923 INFO: Plan 2: ḡ=261, γE[v]=31.0, Q=292.0 (fn)
2026-09-22 18:07:36,924 INFO: Plan 0: ḡ=24.7, γE[v]=31.5, Q=56.2 (bayes)
2026-09-22 18:07:36,924 INFO: Plan 1: ḡ=62.5, γE[v]=14.4, Q=76.9 (bayes)
2026-09-22 18:07:36,924 INFO: Plan 2: ḡ=69.1, γE[v]=10.9, Q=80.0 (bayes)
2026-09-22 18:07:36,966 INFO: Plan 2: ḡ=3, γE[v]=0.0, Q=3.0 (fn)
2026-09-22 18:07:36,967 INFO: Plan 0: ḡ=0.3, γE[v]=0.4, Q=0.8 (bayes)
2026-09-22 18:07:36,967 INFO: Plan 1: ḡ=0.3, γE[v]=0.4, Q=0.8 (bayes)
2026-09-22 18:07:36,967 INFO: Plan 2: ḡ=1.2, γE[v]=0.0, Q=1.2 (bayes)
  [29/93] requests.models seed=42: {'random': 24, 'greedy': 24, 'cov_greedy': 28, 'covqvalue2': 132}
2026-09-22 18:07:40,189 INFO: Plan 2: ḡ=23, γE[v]=0.0, Q=23.0 (fn)
2026-09-22 18:07:40,405 INFO: Plan 0: ḡ=16, γE[v]=0.0, Q=16.0 (fn)
2026-09-22 18:07:40,888 INFO: Plan 1: ḡ=17, γE[v]=0.0, Q=17.0 (fn)
2026-09-22 18:07:40,889 INFO: Plan 0: ḡ=8.0, γE[v]=6.2, Q=14.2 (bayes)
2026-09-22 18:07:40,889 INFO: Plan 1: ḡ=6.0, γE[v]=7.2, Q=13.2 (bayes)
2026-09-22 18:07:40,889 INFO: Plan 2: ḡ=6.9, γE[v]=6.8, Q=13.7 (bayes)
  [30/93] rich.text seed=42: {'random': 27, 'greedy': 26, 'cov_greedy': 30, 'covqvalue2': 219}
2026-09-22 18:07:43,510 INFO: Plan 0: ḡ=0, γE[v]=0.0, Q=0.0 (fn)
2026-09-22 18:07:43,510 INFO: Plan 1: ḡ=0, γE[v]=0.0, Q=0.0 (fn)
2026-09-22 18:07:43,512 INFO: Plan 2: ḡ=0, γE[v]=0.0, Q=0.0 (fn)
2026-09-22 18:07:43,512 INFO: Plan 0: ḡ=0.0, γE[v]=0.0, Q=0.0 (bayes)
2026-09-22 18:07:43,512 INFO: Plan 1: ḡ=0.0, γE[v]=0.0, Q=0.0 (bayes)
2026-09-22 18:07:43,513 INFO: Plan 2: ḡ=0.0, γE[v]=0.0, Q=0.0 (bayes)
2026-09-22 18:07:43,738 INFO: Plan 0: ḡ=8, γE[v]=0.0, Q=8.0 (fn)
2026-09-22 18:07:44,401 INFO: Plan 2: ḡ=2, γE[v]=0.0, Q=2.0 (fn)
2026-09-22 18:07:45,634 INFO: Plan 1: ḡ=48, γE[v]=10.0, Q=58.0 (fn)
2026-09-22 18:07:46,285 INFO: Plan 2: ḡ=18, γE[v]=22.0, Q=40.0 (fn)
2026-09-22 18:07:46,286 INFO: Plan 0: ḡ=5.8, γE[v]=4.8, Q=10.7 (bayes)
2026-09-22 18:07:46,286 INFO: Plan 1: ḡ=6.9, γE[v]=4.9, Q=11.8 (bayes)
2026-09-22 18:07:46,286 INFO: Plan 2: ḡ=2.9, γE[v]=8.0, Q=10.9 (bayes)
2026-09-22 18:07:48,203 INFO: Plan 1: ḡ=32, γE[v]=0.0, Q=32.0 (fn)
2026-09-22 18:07:48,640 INFO: Plan 0: ḡ=198, γE[v]=1.0, Q=199.0 (fn)
2026-09-22 18:07:48,854 INFO: Plan 2: ḡ=71, γE[v]=0.0, Q=71.0 (fn)
2026-09-22 18:07:50,299 INFO: Plan 0: ḡ=28, γE[v]=24.0, Q=52.0 (fn)
2026-09-22 18:07:50,301 INFO: Plan 0: ḡ=8.9, γE[v]=39.7, Q=48.7 (bayes)
2026-09-22 18:07:50,302 INFO: Plan 1: ḡ=10.3, γE[v]=37.6, Q=47.9 (bayes)
2026-09-22 18:07:50,302 INFO: Plan 2: ḡ=19.5, γE[v]=33.0, Q=52.5 (bayes)
2026-09-22 18:07:51,398 INFO: Plan 1: ḡ=49, γE[v]=74.5, Q=123.5 (fn)
2026-09-22 18:07:51,399 INFO: Plan 0: ḡ=25.8, γE[v]=0.3, Q=26.1 (bayes)
2026-09-22 18:07:51,400 INFO: Plan 1: ḡ=7.0, γE[v]=15.5, Q=22.5 (bayes)
2026-09-22 18:07:51,400 INFO: Plan 2: ḡ=0.4, γE[v]=12.9, Q=13.3 (bayes)
2026-09-22 18:07:54,534 INFO: Plan 1: ḡ=0, γE[v]=0.0, Q=0.0 (fn)
2026-09-22 18:07:54,867 INFO: Plan 0: ḡ=0, γE[v]=0.0, Q=0.0 (fn)
2026-09-22 18:07:54,867 INFO: Plan 2: ḡ=0, γE[v]=0.0, Q=0.0 (fn)
2026-09-22 18:07:54,868 INFO: Plan 0: ḡ=0.0, γE[v]=0.0, Q=0.0 (bayes)
2026-09-22 18:07:54,868 INFO: Plan 1: ḡ=0.0, γE[v]=0.0, Q=0.0 (bayes)
2026-09-22 18:07:54,868 INFO: Plan 2: ḡ=0.0, γE[v]=0.0, Q=0.0 (bayes)
2026-09-22 18:07:59,866 INFO: Plan 0: ḡ=7, γE[v]=4.0, Q=11.0 (fn)
2026-09-22 18:08:01,254 INFO: Plan 0: ḡ=6, γE[v]=0.0, Q=6.0 (fn)
2026-09-22 18:08:01,599 INFO: Plan 1: ḡ=13, γE[v]=4.0, Q=17.0 (fn)
2026-09-22 18:08:01,638 INFO: Plan 1: ḡ=6, γE[v]=0.0, Q=6.0 (fn)
2026-09-22 18:08:03,417 INFO: Plan 2: ḡ=0, γE[v]=0.0, Q=0.0 (fn)
2026-09-22 18:08:03,596 INFO: Plan 2: ḡ=21, γE[v]=2.0, Q=23.0 (fn)
2026-09-22 18:08:03,597 INFO: Plan 0: ḡ=1.4, γE[v]=1.8, Q=3.2 (bayes)
2026-09-22 18:08:03,597 INFO: Plan 1: ḡ=2.2, γE[v]=1.4, Q=3.6 (bayes)
2026-09-22 18:08:03,597 INFO: Plan 2: ḡ=3.5, γE[v]=0.6, Q=4.1 (bayes)
2026-09-22 18:08:03,812 INFO: Plan 2: ḡ=0, γE[v]=0.0, Q=0.0 (fn)
2026-09-22 18:08:03,813 INFO: Plan 2: ḡ=10, γE[v]=2.0, Q=12.0 (fn)
2026-09-22 18:08:03,814 INFO: Plan 0: ḡ=1.5, γE[v]=1.7, Q=3.2 (bayes)
2026-09-22 18:08:03,814 INFO: Plan 1: ḡ=2.0, γE[v]=1.4, Q=3.4 (bayes)
2026-09-22 18:08:03,814 INFO: Plan 2: ḡ=3.3, γE[v]=0.9, Q=4.2 (bayes)
2026-09-22 18:08:03,897 INFO: Plan 0: ḡ=10, γE[v]=0.0, Q=10.0 (fn)
2026-09-22 18:08:04,065 INFO: Plan 1: ḡ=0, γE[v]=0.0, Q=0.0 (fn)
2026-09-22 18:08:04,065 INFO: Plan 0: ḡ=0, γE[v]=0.0, Q=0.0 (fn)
2026-09-22 18:08:04,066 INFO: Plan 0: ḡ=0.0, γE[v]=0.0, Q=0.0 (bayes)
2026-09-22 18:08:04,066 INFO: Plan 1: ḡ=0.0, γE[v]=0.0, Q=0.0 (bayes)
2026-09-22 18:08:04,066 INFO: Plan 2: ḡ=0.0, γE[v]=0.0, Q=0.0 (bayes)
2026-09-22 18:08:04,141 INFO: Plan 0: ḡ=9, γE[v]=0.0, Q=9.0 (fn)
2026-09-22 18:08:04,174 INFO: Plan 1: ḡ=45, γE[v]=0.0, Q=45.0 (fn)
2026-09-22 18:08:04,663 INFO: Plan 1: ḡ=37, γE[v]=0.0, Q=37.0 (fn)
2026-09-22 18:08:04,664 INFO: Plan 2: ḡ=6, γE[v]=0.0, Q=6.0 (fn)
2026-09-22 18:08:04,665 INFO: Plan 0: ḡ=2.5, γE[v]=2.4, Q=4.9 (bayes)
2026-09-22 18:08:04,665 INFO: Plan 0: ḡ=4.0, γE[v]=39.1, Q=43.1 (bayes)
2026-09-22 18:08:04,665 INFO: Plan 1: ḡ=7.2, γE[v]=0.0, Q=7.2 (bayes)
2026-09-22 18:08:04,666 INFO: Plan 1: ḡ=10.5, γE[v]=35.9, Q=46.4 (bayes)
2026-09-22 18:08:04,666 INFO: Plan 2: ḡ=0.0, γE[v]=3.6, Q=3.6 (bayes)
2026-09-22 18:08:04,666 INFO: Plan 2: ḡ=2.5, γE[v]=39.9, Q=42.4 (bayes)
  [31/93] jinja2.loaders seed=42: {'random': 24, 'greedy': 24, 'cov_greedy': 24, 'covqvalue2': 86}
  [32/93] flask.helpers seed=42: {'random': 3, 'greedy': 3, 'cov_greedy': 10, 'covqvalue2': 28}
  [33/93] jinja2.compiler seed=42: {'random': 29, 'greedy': 29, 'cov_greedy': 80, 'covqvalue2': 271}
2026-09-22 18:08:11,201 INFO: Plan 2: ḡ=33, γE[v]=0.0, Q=33.0 (fn)
2026-09-22 18:08:15,486 INFO: Plan 0: ḡ=13, γE[v]=11.0, Q=24.0 (fn)
2026-09-22 18:08:15,488 INFO: Plan 1: ḡ=16, γE[v]=9.5, Q=25.5 (fn)
2026-09-22 18:08:15,489 INFO: Plan 0: ḡ=6.5, γE[v]=47.8, Q=54.3 (bayes)
2026-09-22 18:08:15,489 INFO: Plan 1: ḡ=8.0, γE[v]=47.0, Q=55.0 (bayes)
2026-09-22 18:08:15,489 INFO: Plan 2: ḡ=15.0, γE[v]=43.1, Q=58.1 (bayes)
2026-09-22 18:08:18,732 INFO: Plan 1: ḡ=0, γE[v]=0.0, Q=0.0 (fn)
2026-09-22 18:08:18,773 INFO: Plan 0: ḡ=1, γE[v]=0.0, Q=1.0 (fn)
2026-09-22 18:08:19,168 INFO: Plan 2: ḡ=0, γE[v]=0.0, Q=0.0 (fn)
2026-09-22 18:08:19,169 INFO: Plan 0: ḡ=0.5, γE[v]=0.0, Q=0.5 (bayes)
2026-09-22 18:08:19,169 INFO: Plan 1: ḡ=0.0, γE[v]=0.2, Q=0.2 (bayes)
2026-09-22 18:08:19,169 INFO: Plan 2: ḡ=0.0, γE[v]=0.2, Q=0.2 (bayes)
2026-09-22 18:08:21,764 INFO: Plan 2: ḡ=29, γE[v]=0.0, Q=29.0 (fn)
2026-09-22 18:08:21,996 INFO: Plan 0: ḡ=35, γE[v]=0.0, Q=35.0 (fn)
2026-09-22 18:08:22,130 INFO: Plan 1: ḡ=49, γE[v]=0.0, Q=49.0 (fn)
2026-09-22 18:08:22,215 INFO: Plan 0: ḡ=31, γE[v]=0.0, Q=31.0 (fn)
2026-09-22 18:08:22,216 INFO: Plan 0: ḡ=14.2, γE[v]=10.5, Q=24.6 (bayes)
2026-09-22 18:08:22,216 INFO: Plan 1: ḡ=14.8, γE[v]=10.2, Q=24.9 (bayes)
2026-09-22 18:08:22,216 INFO: Plan 2: ḡ=6.2, γE[v]=14.5, Q=20.7 (bayes)
2026-09-22 18:08:22,484 INFO: Plan 1: ḡ=48, γE[v]=0.0, Q=48.0 (fn)
2026-09-22 18:08:24,664 INFO: Plan 1: ḡ=0, γE[v]=0.0, Q=0.0 (fn)
2026-09-22 18:08:24,665 INFO: Plan 2: ḡ=0, γE[v]=0.0, Q=0.0 (fn)
  [34/93] requests.utils seed=42: {'random': 5, 'greedy': 5, 'cov_greedy': 5, 'covqvalue2': 99}
2026-09-22 18:08:25,803 INFO: Plan 2: ḡ=59, γE[v]=7.5, Q=66.5 (fn)
2026-09-22 18:08:25,804 INFO: Plan 0: ḡ=11.7, γE[v]=69.9, Q=81.6 (bayes)
2026-09-22 18:08:25,804 INFO: Plan 1: ḡ=24.0, γE[v]=63.7, Q=87.8 (bayes)
2026-09-22 18:08:25,804 INFO: Plan 2: ḡ=19.7, γE[v]=66.4, Q=86.0 (bayes)
2026-09-22 18:08:26,219 INFO: Plan 0: ḡ=0, γE[v]=0.0, Q=0.0 (fn)
2026-09-22 18:08:26,220 INFO: Plan 0: ḡ=0.0, γE[v]=0.0, Q=0.0 (bayes)
2026-09-22 18:08:26,220 INFO: Plan 1: ḡ=0.0, γE[v]=0.0, Q=0.0 (bayes)
2026-09-22 18:08:26,220 INFO: Plan 2: ḡ=0.0, γE[v]=0.0, Q=0.0 (bayes)
2026-09-22 18:08:26,718 INFO: Plan 2: ḡ=92, γE[v]=0.0, Q=92.0 (fn)
2026-09-22 18:08:26,839 INFO: Plan 1: ḡ=62, γE[v]=0.0, Q=62.0 (fn)
2026-09-22 18:08:26,842 INFO: Plan 0: ḡ=58, γE[v]=0.0, Q=58.0 (fn)
2026-09-22 18:08:26,842 INFO: Plan 0: ḡ=13.4, γE[v]=31.0, Q=44.4 (bayes)
2026-09-22 18:08:26,842 INFO: Plan 1: ḡ=11.0, γE[v]=32.2, Q=43.1 (bayes)
2026-09-22 18:08:26,842 INFO: Plan 2: ḡ=16.8, γE[v]=29.3, Q=46.1 (bayes)
  [35/93] flask.json.provider seed=42: {'random': 37, 'greedy': 39, 'cov_greedy': 41, 'covqvalue2': 57}
2026-09-22 18:08:29,534 INFO: Plan 1: ḡ=0, γE[v]=0.0, Q=0.0 (fn)
2026-09-22 18:08:29,534 INFO: Plan 0: ḡ=0, γE[v]=0.0, Q=0.0 (fn)
2026-09-22 18:08:29,580 INFO: Plan 2: ḡ=0, γE[v]=0.0, Q=0.0 (fn)
2026-09-22 18:08:29,581 INFO: Plan 0: ḡ=0.0, γE[v]=0.0, Q=0.0 (bayes)
2026-09-22 18:08:29,581 INFO: Plan 1: ḡ=0.0, γE[v]=0.0, Q=0.0 (bayes)
2026-09-22 18:08:29,581 INFO: Plan 2: ḡ=0.0, γE[v]=0.0, Q=0.0 (bayes)
2026-09-22 18:08:30,635 INFO: Plan 0: ḡ=108, γE[v]=0.0, Q=108.0 (fn)
2026-09-22 18:08:30,721 INFO: Plan 0: ḡ=8, γE[v]=0.0, Q=8.0 (fn)
2026-09-22 18:08:31,597 INFO: Plan 2: ḡ=14, γE[v]=6.5, Q=20.5 (fn)
2026-09-22 18:08:31,747 INFO: Plan 1: ḡ=48, γE[v]=10.0, Q=58.0 (fn)
2026-09-22 18:08:31,748 INFO: Plan 0: ḡ=6.0, γE[v]=4.2, Q=10.2 (bayes)
2026-09-22 18:08:31,748 INFO: Plan 1: ḡ=6.0, γE[v]=4.8, Q=10.8 (bayes)
2026-09-22 18:08:31,748 INFO: Plan 2: ḡ=2.0, γE[v]=6.8, Q=8.8 (bayes)
2026-09-22 18:08:36,684 INFO: Plan 1: ḡ=250, γE[v]=33.5, Q=283.5 (fn)
2026-09-22 18:08:39,159 INFO: Plan 2: ḡ=205, γE[v]=56.0, Q=261.0 (fn)
2026-09-22 18:08:39,159 INFO: Plan 0: ḡ=24.9, γE[v]=20.9, Q=45.9 (bayes)
2026-09-22 18:08:39,161 INFO: Plan 1: ḡ=50.0, γE[v]=10.6, Q=60.6 (bayes)
2026-09-22 18:08:39,163 INFO: Plan 2: ḡ=41.0, γE[v]=16.8, Q=57.8 (bayes)
2026-09-22 18:08:39,595 INFO: Plan 2: ḡ=1, γE[v]=0.0, Q=1.0 (fn)
2026-09-22 18:08:40,564 INFO: Plan 1: ḡ=36, γE[v]=0.0, Q=36.0 (fn)
2026-09-22 18:08:41,184 INFO: Plan 1: ḡ=0, γE[v]=0.0, Q=0.0 (fn)
2026-09-22 18:08:41,187 INFO: Plan 2: ḡ=0, γE[v]=0.0, Q=0.0 (fn)
2026-09-22 18:08:41,188 INFO: Plan 0: ḡ=0, γE[v]=0.0, Q=0.0 (fn)
2026-09-22 18:08:41,188 INFO: Plan 0: ḡ=0.0, γE[v]=0.0, Q=0.0 (bayes)
2026-09-22 18:08:41,188 INFO: Plan 1: ḡ=0.0, γE[v]=0.0, Q=0.0 (bayes)
2026-09-22 18:08:41,189 INFO: Plan 2: ḡ=0.0, γE[v]=0.0, Q=0.0 (bayes)
2026-09-22 18:08:42,793 INFO: Plan 0: ḡ=169, γE[v]=1.0, Q=170.0 (fn)
2026-09-22 18:08:42,794 INFO: Plan 0: ḡ=19.6, γE[v]=0.2, Q=19.9 (bayes)
2026-09-22 18:08:42,794 INFO: Plan 1: ḡ=4.5, γE[v]=7.7, Q=12.2 (bayes)
2026-09-22 18:08:42,794 INFO: Plan 2: ḡ=0.2, γE[v]=9.9, Q=10.1 (bayes)
2026-09-22 18:08:43,709 INFO: Plan 0: ḡ=28, γE[v]=0.0, Q=28.0 (fn)
  [36/93] flask.testing seed=42: {'random': 6, 'greedy': 6, 'cov_greedy': 0, 'covqvalue2': 30}
2026-09-22 18:08:44,526 INFO: Plan 2: ḡ=31, γE[v]=0.0, Q=31.0 (fn)
2026-09-22 18:08:44,615 INFO: Plan 1: ḡ=32, γE[v]=0.0, Q=32.0 (fn)
2026-09-22 18:08:44,616 INFO: Plan 0: ḡ=8.8, γE[v]=34.9, Q=43.7 (bayes)
2026-09-22 18:08:44,616 INFO: Plan 1: ḡ=10.2, γE[v]=34.2, Q=44.4 (bayes)
2026-09-22 18:08:44,616 INFO: Plan 2: ḡ=7.4, γE[v]=35.6, Q=43.0 (bayes)
  [37/93] requests.sessions seed=42: {'random': 11, 'greedy': 13, 'cov_greedy': 13, 'covqvalue2': 40}
2026-09-22 18:08:46,196 INFO: Plan 1: ḡ=5, γE[v]=0.5, Q=5.5 (fn)
2026-09-22 18:08:46,411 INFO: Plan 2: ḡ=4, γE[v]=1.0, Q=5.0 (fn)
2026-09-22 18:08:47,623 INFO: Plan 0: ḡ=6, γE[v]=0.0, Q=6.0 (fn)
2026-09-22 18:08:47,624 INFO: Plan 0: ḡ=1.3, γE[v]=0.8, Q=2.0 (bayes)
2026-09-22 18:08:47,624 INFO: Plan 1: ḡ=1.2, γE[v]=0.8, Q=2.1 (bayes)
2026-09-22 18:08:47,624 INFO: Plan 2: ḡ=1.0, γE[v]=1.0, Q=2.0 (bayes)
2026-09-22 18:08:47,768 INFO: Plan 0: ḡ=7, γE[v]=4.0, Q=11.0 (fn)
2026-09-22 18:08:48,696 INFO: Plan 1: ḡ=13, γE[v]=4.0, Q=17.0 (fn)
2026-09-22 18:08:49,804 INFO: Plan 2: ḡ=20, γE[v]=2.0, Q=22.0 (fn)
2026-09-22 18:08:49,805 INFO: Plan 0: ḡ=1.2, γE[v]=1.6, Q=2.8 (bayes)
2026-09-22 18:08:49,805 INFO: Plan 1: ḡ=1.9, γE[v]=1.2, Q=3.1 (bayes)
2026-09-22 18:08:49,805 INFO: Plan 2: ḡ=2.9, γE[v]=0.6, Q=3.5 (bayes)
2026-09-22 18:08:58,453 INFO: Plan 0: ḡ=0, γE[v]=0.0, Q=0.0 (fn)
2026-09-22 18:08:58,454 INFO: Plan 2: ḡ=0, γE[v]=0.0, Q=0.0 (fn)
2026-09-22 18:08:58,455 INFO: Plan 1: ḡ=0, γE[v]=0.0, Q=0.0 (fn)
2026-09-22 18:08:58,456 INFO: Plan 0: ḡ=0.0, γE[v]=0.0, Q=0.0 (bayes)
2026-09-22 18:08:58,456 INFO: Plan 1: ḡ=0.0, γE[v]=0.0, Q=0.0 (bayes)
2026-09-22 18:08:58,456 INFO: Plan 2: ḡ=0.0, γE[v]=0.0, Q=0.0 (bayes)
  [38/93] click.termui seed=42: {'random': 8, 'greedy': 11, 'cov_greedy': 13, 'covqvalue2': 38}
2026-09-22 18:09:08,733 INFO: Plan 0: ḡ=1, γE[v]=0.0, Q=1.0 (fn)
2026-09-22 18:09:08,774 INFO: Plan 0: ḡ=24, γE[v]=0.0, Q=24.0 (fn)
2026-09-22 18:09:09,607 INFO: Plan 1: ḡ=27, γE[v]=0.0, Q=27.0 (fn)
2026-09-22 18:09:10,303 INFO: Plan 2: ḡ=66, γE[v]=0.0, Q=66.0 (fn)
2026-09-22 18:09:10,304 INFO: Plan 0: ḡ=8.0, γE[v]=60.2, Q=68.2 (bayes)
2026-09-22 18:09:10,304 INFO: Plan 1: ḡ=13.0, γE[v]=57.7, Q=70.8 (bayes)
2026-09-22 18:09:10,304 INFO: Plan 2: ḡ=22.0, γE[v]=53.2, Q=75.2 (bayes)
2026-09-22 18:09:10,699 INFO: Plan 1: ḡ=23, γE[v]=0.0, Q=23.0 (fn)
2026-09-22 18:09:11,613 INFO: Plan 2: ḡ=35, γE[v]=0.0, Q=35.0 (fn)
2026-09-22 18:09:12,659 INFO: Plan 1: ḡ=14, γE[v]=27.5, Q=41.5 (fn)
  [39/93] jinja2.filters seed=42: {'random': 126, 'greedy': 126, 'cov_greedy': 137, 'covqvalue2': 196}
2026-09-22 18:09:12,795 INFO: Plan 2: ḡ=113, γE[v]=0.0, Q=113.0 (fn)
2026-09-22 18:09:13,269 INFO: Plan 2: ḡ=53, γE[v]=8.0, Q=61.0 (fn)
2026-09-22 18:09:13,272 INFO: Plan 0: ḡ=0.5, γE[v]=6.6, Q=7.1 (bayes)
2026-09-22 18:09:13,272 INFO: Plan 1: ḡ=2.3, γE[v]=7.6, Q=10.0 (bayes)
2026-09-22 18:09:13,272 INFO: Plan 2: ḡ=6.1, γE[v]=4.2, Q=10.2 (bayes)
2026-09-22 18:09:14,174 INFO: Plan 0: ḡ=133, γE[v]=34.5, Q=167.5 (fn)
2026-09-22 18:09:14,364 INFO: Plan 2: ḡ=25, γE[v]=0.0, Q=25.0 (fn)
2026-09-22 18:09:14,519 INFO: Plan 2: ḡ=0, γE[v]=0.0, Q=0.0 (fn)
2026-09-22 18:09:14,520 INFO: Plan 1: ḡ=0, γE[v]=0.0, Q=0.0 (fn)
2026-09-22 18:09:14,521 INFO: Plan 0: ḡ=0, γE[v]=0.0, Q=0.0 (fn)
2026-09-22 18:09:14,522 INFO: Plan 0: ḡ=0.0, γE[v]=0.0, Q=0.0 (bayes)
2026-09-22 18:09:14,522 INFO: Plan 1: ḡ=0.0, γE[v]=0.0, Q=0.0 (bayes)
2026-09-22 18:09:14,522 INFO: Plan 2: ḡ=0.0, γE[v]=0.0, Q=0.0 (bayes)
2026-09-22 18:09:14,608 INFO: Plan 1: ḡ=103, γE[v]=20.0, Q=123.0 (fn)
2026-09-22 18:09:14,609 INFO: Plan 0: ḡ=66.5, γE[v]=124.6, Q=191.1 (bayes)
2026-09-22 18:09:14,609 INFO: Plan 1: ḡ=51.5, γE[v]=131.4, Q=182.9 (bayes)
2026-09-22 18:09:14,609 INFO: Plan 2: ḡ=56.5, γE[v]=128.0, Q=184.5 (bayes)
  [40/93] rich.layout seed=42: {'random': 17, 'greedy': 19, 'cov_greedy': 17, 'covqvalue2': 58}
2026-09-22 18:09:15,877 INFO: Plan 0: ḡ=58, γE[v]=43.5, Q=101.5 (fn)
2026-09-22 18:09:15,878 INFO: Plan 0: ḡ=13.2, γE[v]=26.1, Q=39.3 (bayes)
2026-09-22 18:09:15,880 INFO: Plan 1: ḡ=4.8, γE[v]=27.1, Q=31.9 (bayes)
2026-09-22 18:09:15,880 INFO: Plan 2: ḡ=17.5, γE[v]=20.8, Q=38.3 (bayes)
2026-09-22 18:09:19,338 INFO: Plan 0: ḡ=15, γE[v]=10.0, Q=25.0 (fn)
2026-09-22 18:09:19,913 INFO: Plan 1: ḡ=18, γE[v]=10.0, Q=28.0 (fn)
2026-09-22 18:09:19,913 INFO: Plan 0: ḡ=7.5, γE[v]=43.6, Q=51.1 (bayes)
2026-09-22 18:09:19,914 INFO: Plan 1: ḡ=9.0, γE[v]=42.8, Q=51.8 (bayes)
2026-09-22 18:09:19,914 INFO: Plan 2: ḡ=7.9, γE[v]=42.9, Q=50.8 (bayes)
2026-09-22 18:09:21,772 INFO: Plan 0: ḡ=104, γE[v]=0.0, Q=104.0 (fn)
2026-09-22 18:09:22,327 INFO: Plan 2: ḡ=1, γE[v]=0.0, Q=1.0 (fn)
2026-09-22 18:09:23,727 INFO: Plan 1: ḡ=6, γE[v]=0.0, Q=6.0 (fn)
2026-09-22 18:09:24,454 INFO: Plan 0: ḡ=4, γE[v]=1.5, Q=5.5 (fn)
2026-09-22 18:09:24,455 INFO: Plan 0: ḡ=0.9, γE[v]=0.4, Q=1.3 (bayes)
2026-09-22 18:09:24,455 INFO: Plan 1: ḡ=1.3, γE[v]=0.1, Q=1.4 (bayes)
2026-09-22 18:09:24,455 INFO: Plan 2: ḡ=0.2, γE[v]=0.7, Q=0.8 (bayes)
2026-09-22 18:09:27,381 INFO: Plan 1: ḡ=226, γE[v]=33.5, Q=259.5 (fn)
2026-09-22 18:09:27,759 INFO: Plan 0: ḡ=6, γE[v]=4.0, Q=10.0 (fn)
2026-09-22 18:09:28,338 INFO: Plan 2: ḡ=149, γE[v]=45.0, Q=194.0 (fn)
2026-09-22 18:09:28,338 INFO: Plan 0: ḡ=19.6, γE[v]=15.8, Q=35.3 (bayes)
2026-09-22 18:09:28,339 INFO: Plan 1: ḡ=37.7, γE[v]=9.1, Q=46.8 (bayes)
2026-09-22 18:09:28,339 INFO: Plan 2: ḡ=24.8, γE[v]=16.4, Q=41.3 (bayes)
2026-09-22 18:09:28,427 INFO: Plan 2: ḡ=19, γE[v]=1.0, Q=20.0 (fn)
2026-09-22 18:09:28,513 INFO: Plan 1: ḡ=13, γE[v]=4.0, Q=17.0 (fn)
2026-09-22 18:09:28,514 INFO: Plan 0: ḡ=0.9, γE[v]=1.5, Q=2.4 (bayes)
2026-09-22 18:09:28,515 INFO: Plan 1: ḡ=1.6, γE[v]=1.1, Q=2.8 (bayes)
2026-09-22 18:09:28,515 INFO: Plan 2: ḡ=2.4, γE[v]=0.5, Q=2.9 (bayes)
2026-09-22 18:09:32,668 INFO: Plan 0: ḡ=28, γE[v]=0.0, Q=28.0 (fn)
2026-09-22 18:09:32,999 INFO: Plan 2: ḡ=62, γE[v]=0.0, Q=62.0 (fn)
2026-09-22 18:09:33,209 INFO: Plan 1: ḡ=32, γE[v]=0.0, Q=32.0 (fn)
2026-09-22 18:09:33,210 INFO: Plan 0: ḡ=8.8, γE[v]=33.6, Q=42.4 (bayes)
2026-09-22 18:09:33,210 INFO: Plan 1: ḡ=7.7, γE[v]=34.2, Q=41.9 (bayes)
2026-09-22 18:09:33,210 INFO: Plan 2: ḡ=13.7, γE[v]=31.2, Q=44.9 (bayes)
  [41/93] jinja2.nodes seed=42: {'random': 8, 'greedy': 8, 'cov_greedy': 8, 'covqvalue2': 41}
2026-09-22 18:09:53,605 INFO: Plan 0: ḡ=0, γE[v]=0.0, Q=0.0 (fn)
2026-09-22 18:09:53,605 INFO: Plan 2: ḡ=0, γE[v]=0.0, Q=0.0 (fn)
2026-09-22 18:09:53,606 INFO: Plan 1: ḡ=0, γE[v]=0.0, Q=0.0 (fn)
2026-09-22 18:09:53,608 INFO: Plan 0: ḡ=0.0, γE[v]=0.0, Q=0.0 (bayes)
2026-09-22 18:09:53,608 INFO: Plan 1: ḡ=0.0, γE[v]=0.0, Q=0.0 (bayes)
2026-09-22 18:09:53,608 INFO: Plan 2: ḡ=0.0, γE[v]=0.0, Q=0.0 (bayes)
  [42/93] click.decorators seed=42: {'random': 29, 'greedy': 32, 'cov_greedy': 35, 'covqvalue2': 51}
2026-09-22 18:09:58,527 INFO: Plan 2: ḡ=186, γE[v]=0.0, Q=186.0 (fn)
2026-09-22 18:09:58,527 INFO: Plan 0: ḡ=109, γE[v]=0.0, Q=109.0 (fn)
2026-09-22 18:09:58,878 INFO: Plan 2: ḡ=19, γE[v]=0.0, Q=19.0 (fn)
2026-09-22 18:10:00,722 INFO: Plan 1: ḡ=0, γE[v]=0.0, Q=0.0 (fn)
2026-09-22 18:10:00,723 INFO: Plan 2: ḡ=0, γE[v]=0.0, Q=0.0 (fn)
2026-09-22 18:10:00,870 INFO: Plan 0: ḡ=1, γE[v]=0.0, Q=1.0 (fn)
2026-09-22 18:10:00,871 INFO: Plan 0: ḡ=0.2, γE[v]=0.0, Q=0.2 (bayes)
2026-09-22 18:10:00,871 INFO: Plan 1: ḡ=0.0, γE[v]=0.1, Q=0.1 (bayes)
2026-09-22 18:10:00,871 INFO: Plan 2: ḡ=0.0, γE[v]=0.1, Q=0.1 (bayes)
2026-09-22 18:10:02,111 INFO: Plan 1: ḡ=107, γE[v]=91.0, Q=198.0 (fn)
2026-09-22 18:10:02,111 INFO: Plan 0: ḡ=45.2, γE[v]=85.7, Q=130.8 (bayes)
2026-09-22 18:10:02,111 INFO: Plan 1: ḡ=51.3, γE[v]=87.1, Q=138.4 (bayes)
2026-09-22 18:10:02,111 INFO: Plan 2: ḡ=93.0, γE[v]=61.7, Q=154.8 (bayes)
2026-09-22 18:10:02,663 INFO: Plan 1: ḡ=42, γE[v]=52.0, Q=94.0 (fn)
  [43/93] click.utils seed=42: {'random': 15, 'greedy': 15, 'cov_greedy': 21, 'covqvalue2': 53}
2026-09-22 18:10:04,021 INFO: Plan 0: ḡ=94, γE[v]=21.0, Q=115.0 (fn)
2026-09-22 18:10:04,022 INFO: Plan 0: ḡ=19.1, γE[v]=13.3, Q=32.5 (bayes)
2026-09-22 18:10:04,022 INFO: Plan 1: ḡ=14.7, γE[v]=17.9, Q=32.5 (bayes)
2026-09-22 18:10:04,022 INFO: Plan 2: ḡ=9.5, γE[v]=16.9, Q=26.4 (bayes)
2026-09-22 18:10:04,488 INFO: Plan 0: ḡ=7, γE[v]=4.0, Q=11.0 (fn)
2026-09-22 18:10:05,705 INFO: Plan 1: ḡ=13, γE[v]=4.0, Q=17.0 (fn)
  [44/93] rich.segment seed=42: {'random': 56, 'greedy': 56, 'cov_greedy': 60, 'covqvalue2': 89}
2026-09-22 18:10:06,297 INFO: Plan 2: ḡ=25, γE[v]=0.0, Q=25.0 (fn)
2026-09-22 18:10:06,937 INFO: Plan 2: ḡ=20, γE[v]=2.0, Q=22.0 (fn)
2026-09-22 18:10:06,938 INFO: Plan 0: ḡ=1.0, γE[v]=1.3, Q=2.3 (bayes)
2026-09-22 18:10:06,938 INFO: Plan 1: ḡ=1.5, γE[v]=1.1, Q=2.5 (bayes)
2026-09-22 18:10:06,938 INFO: Plan 2: ḡ=2.3, γE[v]=0.5, Q=2.8 (bayes)
  [45/93] jinja2.lexer seed=42: {'random': 9, 'greedy': 9, 'cov_greedy': 9, 'covqvalue2': 88}
2026-09-22 18:10:10,612 INFO: Plan 0: ḡ=13, γE[v]=11.0, Q=24.0 (fn)
2026-09-22 18:10:11,225 INFO: Plan 1: ḡ=167, γE[v]=0.0, Q=167.0 (fn)
2026-09-22 18:10:11,226 INFO: Plan 0: ḡ=4.5, γE[v]=41.5, Q=46.0 (bayes)
2026-09-22 18:10:11,226 INFO: Plan 1: ḡ=67.3, γE[v]=9.5, Q=76.8 (bayes)
2026-09-22 18:10:11,226 INFO: Plan 2: ḡ=7.9, γE[v]=39.2, Q=47.1 (bayes)
2026-09-22 18:10:15,607 INFO: Plan 0: ḡ=87, γE[v]=0.0, Q=87.0 (fn)
2026-09-22 18:10:20,961 INFO: Plan 1: ḡ=84, γE[v]=93.5, Q=177.5 (fn)
2026-09-22 18:10:23,142 INFO: Plan 2: ḡ=187, γE[v]=53.0, Q=240.0 (fn)
2026-09-22 18:10:23,143 INFO: Plan 0: ḡ=13.6, γE[v]=14.9, Q=28.5 (bayes)
2026-09-22 18:10:23,143 INFO: Plan 1: ḡ=12.0, γE[v]=22.9, Q=34.9 (bayes)
2026-09-22 18:10:23,143 INFO: Plan 2: ḡ=26.7, γE[v]=12.4, Q=39.1 (bayes)
2026-09-22 18:10:50,248 INFO: Plan 2: ḡ=155, γE[v]=0.0, Q=155.0 (fn)
2026-09-22 18:10:50,471 INFO: Plan 0: ḡ=59, γE[v]=0.0, Q=59.0 (fn)
2026-09-22 18:10:51,016 INFO: Plan 1: ḡ=124, γE[v]=0.0, Q=124.0 (fn)
2026-09-22 18:10:51,018 INFO: Plan 0: ḡ=29.5, γE[v]=55.3, Q=84.8 (bayes)
2026-09-22 18:10:51,018 INFO: Plan 1: ḡ=59.8, γE[v]=40.2, Q=100.0 (bayes)
2026-09-22 18:10:51,018 INFO: Plan 2: ḡ=51.8, γE[v]=44.2, Q=96.0 (bayes)
2026-09-22 18:10:56,231 INFO: Plan 2: ḡ=25, γE[v]=0.0, Q=25.0 (fn)
2026-09-22 18:11:00,412 INFO: Plan 1: ḡ=43, γE[v]=0.0, Q=43.0 (fn)
2026-09-22 18:11:00,544 INFO: Plan 0: ḡ=13, γE[v]=10.0, Q=23.0 (fn)
2026-09-22 18:11:00,545 INFO: Plan 0: ḡ=3.3, γE[v]=32.2, Q=35.6 (bayes)
2026-09-22 18:11:00,545 INFO: Plan 1: ḡ=11.3, γE[v]=27.6, Q=38.9 (bayes)
2026-09-22 18:11:00,545 INFO: Plan 2: ḡ=7.9, γE[v]=29.3, Q=37.2 (bayes)
2026-09-22 18:11:05,334 INFO: Plan 0: ḡ=104, γE[v]=11.0, Q=115.0 (fn)
2026-09-22 18:11:08,908 INFO: Plan 2: ḡ=165, γE[v]=25.0, Q=190.0 (fn)
2026-09-22 18:11:09,909 INFO: Plan 1: ḡ=226, γE[v]=33.5, Q=259.5 (fn)
2026-09-22 18:11:09,910 INFO: Plan 0: ḡ=14.2, γE[v]=12.7, Q=26.9 (bayes)
2026-09-22 18:11:09,911 INFO: Plan 1: ḡ=28.2, γE[v]=7.4, Q=35.6 (bayes)
2026-09-22 18:11:09,911 INFO: Plan 2: ḡ=20.6, γE[v]=10.6, Q=31.2 (bayes)
2026-09-22 18:11:35,479 INFO: Plan 2: ḡ=83, γE[v]=0.0, Q=83.0 (fn)
2026-09-22 18:11:35,852 INFO: Plan 0: ḡ=11, γE[v]=0.0, Q=11.0 (fn)
2026-09-22 18:11:35,973 INFO: Plan 1: ḡ=80, γE[v]=0.0, Q=80.0 (fn)
2026-09-22 18:11:35,977 INFO: Plan 0: ḡ=5.5, γE[v]=25.9, Q=31.4 (bayes)
2026-09-22 18:11:35,977 INFO: Plan 1: ḡ=28.0, γE[v]=14.7, Q=42.7 (bayes)
2026-09-22 18:11:35,977 INFO: Plan 2: ḡ=27.8, γE[v]=14.8, Q=42.6 (bayes)
2026-09-22 18:11:41,582 INFO: Plan 2: ḡ=25, γE[v]=0.0, Q=25.0 (fn)
2026-09-22 18:11:43,901 INFO: Plan 0: ḡ=26, γE[v]=0.0, Q=26.0 (fn)
2026-09-22 18:11:45,632 INFO: Plan 1: ḡ=43, γE[v]=0.0, Q=43.0 (fn)
2026-09-22 18:11:45,636 INFO: Plan 0: ḡ=5.6, γE[v]=29.3, Q=34.8 (bayes)
2026-09-22 18:11:45,636 INFO: Plan 1: ḡ=9.0, γE[v]=27.6, Q=36.5 (bayes)
2026-09-22 18:11:45,636 INFO: Plan 2: ḡ=7.9, γE[v]=28.1, Q=36.0 (bayes)
  [46/93] rich.progress seed=42: {'random': 121, 'greedy': 121, 'cov_greedy': 128, 'covqvalue2': 144}
2026-09-22 18:11:56,793 INFO: Plan 2: ḡ=151, γE[v]=31.5, Q=182.5 (fn)
2026-09-22 18:11:57,058 INFO: Plan 0: ḡ=254, γE[v]=18.0, Q=272.0 (fn)
2026-09-22 18:11:58,177 INFO: Plan 1: ḡ=223, γE[v]=33.5, Q=256.5 (fn)
2026-09-22 18:11:58,179 INFO: Plan 0: ḡ=29.2, γE[v]=3.4, Q=32.6 (bayes)
2026-09-22 18:11:58,179 INFO: Plan 1: ḡ=24.8, γE[v]=6.8, Q=31.6 (bayes)
2026-09-22 18:11:58,179 INFO: Plan 2: ḡ=16.8, γE[v]=10.7, Q=27.5 (bayes)
  [47/93] click.parser seed=42: {'random': 19, 'greedy': 19, 'cov_greedy': 22, 'covqvalue2': 25}
2026-09-22 18:12:19,584 INFO: Plan 2: ḡ=83, γE[v]=0.0, Q=83.0 (fn)
2026-09-22 18:12:19,872 INFO: Plan 1: ḡ=72, γE[v]=0.0, Q=72.0 (fn)
2026-09-22 18:12:20,002 INFO: Plan 0: ḡ=11, γE[v]=0.0, Q=11.0 (fn)
2026-09-22 18:12:20,004 INFO: Plan 0: ḡ=4.2, γE[v]=22.9, Q=27.1 (bayes)
2026-09-22 18:12:20,004 INFO: Plan 1: ḡ=18.0, γE[v]=16.0, Q=34.0 (bayes)
2026-09-22 18:12:20,004 INFO: Plan 2: ḡ=27.8, γE[v]=11.1, Q=38.9 (bayes)
2026-09-22 18:13:03,634 INFO: Plan 2: ḡ=45, γE[v]=0.0, Q=45.0 (fn)
2026-09-22 18:13:04,145 INFO: Plan 1: ḡ=72, γE[v]=0.0, Q=72.0 (fn)
2026-09-22 18:13:04,301 INFO: Plan 0: ḡ=11, γE[v]=0.0, Q=11.0 (fn)
2026-09-22 18:13:04,303 INFO: Plan 0: ḡ=4.2, γE[v]=14.6, Q=18.8 (bayes)
2026-09-22 18:13:04,304 INFO: Plan 1: ḡ=18.0, γE[v]=7.7, Q=25.7 (bayes)
2026-09-22 18:13:04,304 INFO: Plan 2: ḡ=11.2, γE[v]=11.1, Q=22.3 (bayes)
2026-09-22 18:13:44,753 INFO: Plan 2: ḡ=45, γE[v]=0.0, Q=45.0 (fn)
2026-09-22 18:13:45,314 INFO: Plan 1: ḡ=72, γE[v]=0.0, Q=72.0 (fn)
2026-09-22 18:13:45,467 INFO: Plan 0: ḡ=11, γE[v]=0.0, Q=11.0 (fn)
2026-09-22 18:13:45,467 INFO: Plan 0: ḡ=4.2, γE[v]=12.8, Q=17.0 (bayes)
2026-09-22 18:13:45,467 INFO: Plan 1: ḡ=14.4, γE[v]=7.7, Q=22.1 (bayes)
2026-09-22 18:13:45,467 INFO: Plan 2: ḡ=11.2, γE[v]=9.3, Q=20.5 (bayes)
2026-09-22 18:14:20,517 INFO: Plan 2: ḡ=45, γE[v]=0.0, Q=45.0 (fn)
2026-09-22 18:14:21,111 INFO: Plan 1: ḡ=72, γE[v]=0.0, Q=72.0 (fn)
2026-09-22 18:14:21,251 INFO: Plan 0: ḡ=11, γE[v]=0.0, Q=11.0 (fn)
2026-09-22 18:14:21,252 INFO: Plan 0: ḡ=4.2, γE[v]=11.6, Q=15.8 (bayes)
2026-09-22 18:14:21,252 INFO: Plan 1: ḡ=12.0, γE[v]=7.7, Q=19.7 (bayes)
2026-09-22 18:14:21,252 INFO: Plan 2: ḡ=11.2, γE[v]=8.1, Q=19.3 (bayes)
  [48/93] flask.cli seed=42: {'random': 70, 'greedy': 69, 'cov_greedy': 0, 'covqvalue2': 123}
2026-09-22 18:15:08,545 INFO: Plan 1: ḡ=226, γE[v]=0.0, Q=226.0 (fn)
2026-09-22 18:15:09,443 INFO: Plan 0: ḡ=16, γE[v]=0.0, Q=16.0 (fn)
2026-09-22 18:15:10,060 INFO: Plan 1: ḡ=140, γE[v]=0.0, Q=140.0 (fn)
2026-09-22 18:15:12,507 INFO: Plan 2: ḡ=112, γE[v]=92.0, Q=204.0 (fn)
2026-09-22 18:15:13,145 INFO: Plan 0: ḡ=86, γE[v]=79.0, Q=165.0 (fn)
2026-09-22 18:15:13,146 INFO: Plan 0: ḡ=43.0, γE[v]=150.1, Q=193.1 (bayes)
2026-09-22 18:15:13,146 INFO: Plan 1: ḡ=113.0, γE[v]=111.5, Q=224.5 (bayes)
2026-09-22 18:15:13,146 INFO: Plan 2: ḡ=56.0, γE[v]=144.1, Q=200.1 (bayes)
2026-09-22 18:15:25,604 INFO: Plan 2: ḡ=616, γE[v]=75.0, Q=691.0 (fn)
2026-09-22 18:15:25,605 INFO: Plan 0: ḡ=8.0, γE[v]=241.5, Q=249.5 (bayes)
2026-09-22 18:15:25,605 INFO: Plan 1: ḡ=70.0, γE[v]=210.5, Q=280.5 (bayes)
2026-09-22 18:15:25,605 INFO: Plan 2: ḡ=308.0, γE[v]=94.9, Q=402.9 (bayes)
2026-09-22 18:16:00,734 INFO: Plan 1: ḡ=101, γE[v]=77.0, Q=178.0 (fn)
2026-09-22 18:16:00,930 INFO: Plan 0: ḡ=48, γE[v]=41.5, Q=89.5 (fn)
2026-09-22 18:16:01,359 INFO: Plan 2: ḡ=157, γE[v]=49.0, Q=206.0 (fn)
2026-09-22 18:16:01,360 INFO: Plan 0: ḡ=24.0, γE[v]=156.6, Q=180.6 (bayes)
2026-09-22 18:16:01,360 INFO: Plan 1: ḡ=50.5, γE[v]=145.0, Q=195.5 (bayes)
2026-09-22 18:16:01,360 INFO: Plan 2: ḡ=78.5, γE[v]=129.7, Q=208.2 (bayes)
2026-09-22 18:16:01,887 INFO: Plan 1: ḡ=45, γE[v]=0.0, Q=45.0 (fn)
2026-09-22 18:16:01,976 INFO: Plan 2: ḡ=79, γE[v]=0.0, Q=79.0 (fn)
2026-09-22 18:16:02,801 INFO: Plan 0: ḡ=84, γE[v]=0.0, Q=84.0 (fn)
2026-09-22 18:16:02,802 INFO: Plan 0: ḡ=42.0, γE[v]=78.2, Q=120.2 (bayes)
2026-09-22 18:16:02,802 INFO: Plan 1: ḡ=22.5, γE[v]=88.0, Q=110.5 (bayes)
2026-09-22 18:16:02,802 INFO: Plan 2: ḡ=39.5, γE[v]=79.5, Q=119.0 (bayes)
2026-09-22 18:16:08,988 INFO: Plan 2: ḡ=10, γE[v]=0.0, Q=10.0 (fn)
2026-09-22 18:16:09,077 INFO: Plan 1: ḡ=16, γE[v]=0.0, Q=16.0 (fn)
2026-09-22 18:16:16,811 INFO: Plan 0: ḡ=64, γE[v]=7.0, Q=71.0 (fn)
2026-09-22 18:16:16,812 INFO: Plan 0: ḡ=32.0, γE[v]=3.8, Q=35.8 (bayes)
2026-09-22 18:16:16,812 INFO: Plan 1: ḡ=8.0, γE[v]=15.5, Q=23.5 (bayes)
2026-09-22 18:16:16,812 INFO: Plan 2: ḡ=5.0, γE[v]=17.0, Q=22.0 (bayes)
2026-09-22 18:16:33,444 INFO: Plan 1: ḡ=260, γE[v]=0.0, Q=260.0 (fn)
2026-09-22 18:16:35,536 INFO: Plan 1: ḡ=111, γE[v]=0.0, Q=111.0 (fn)
2026-09-22 18:16:38,601 INFO: Plan 0: ḡ=203, γE[v]=0.0, Q=203.0 (fn)
2026-09-22 18:16:39,526 INFO: Plan 2: ḡ=258, γE[v]=0.0, Q=258.0 (fn)
2026-09-22 18:16:39,527 INFO: Plan 0: ḡ=93.0, γE[v]=47.7, Q=140.8 (bayes)
2026-09-22 18:16:39,527 INFO: Plan 1: ḡ=37.0, γE[v]=75.8, Q=112.8 (bayes)
2026-09-22 18:16:39,527 INFO: Plan 2: ḡ=110.7, γE[v]=38.9, Q=149.6 (bayes)
2026-09-22 18:16:40,404 INFO: Plan 0: ḡ=456, γE[v]=0.0, Q=456.0 (fn)
2026-09-22 18:16:47,100 INFO: Plan 2: ḡ=356, γE[v]=58.5, Q=414.5 (fn)
2026-09-22 18:16:47,100 INFO: Plan 0: ḡ=228.0, γE[v]=166.5, Q=394.5 (bayes)
2026-09-22 18:16:47,100 INFO: Plan 1: ḡ=130.0, γE[v]=215.5, Q=345.5 (bayes)
2026-09-22 18:16:47,101 INFO: Plan 2: ḡ=178.0, γE[v]=194.1, Q=372.1 (bayes)
2026-09-22 18:16:52,605 INFO: Plan 1: ḡ=40, γE[v]=22.0, Q=62.0 (fn)
2026-09-22 18:16:54,376 INFO: Plan 2: ḡ=117, γE[v]=10.0, Q=127.0 (fn)
2026-09-22 18:16:54,695 INFO: Plan 2: ḡ=25, γE[v]=0.0, Q=25.0 (fn)
2026-09-22 18:16:54,740 INFO: Plan 1: ḡ=87, γE[v]=0.0, Q=87.0 (fn)
2026-09-22 18:16:55,815 INFO: Plan 0: ḡ=11, γE[v]=0.0, Q=11.0 (fn)
2026-09-22 18:16:55,816 INFO: Plan 0: ḡ=5.5, γE[v]=71.4, Q=76.9 (bayes)
2026-09-22 18:16:55,816 INFO: Plan 1: ḡ=43.5, γE[v]=52.4, Q=95.9 (bayes)
2026-09-22 18:16:55,816 INFO: Plan 2: ḡ=12.5, γE[v]=67.9, Q=80.4 (bayes)
2026-09-22 18:16:55,949 INFO: Plan 0: ḡ=69, γE[v]=34.0, Q=103.0 (fn)
2026-09-22 18:16:55,949 INFO: Plan 0: ḡ=34.5, γE[v]=18.5, Q=53.0 (bayes)
2026-09-22 18:16:55,949 INFO: Plan 1: ḡ=20.0, γE[v]=25.2, Q=45.2 (bayes)
2026-09-22 18:16:55,949 INFO: Plan 2: ḡ=58.5, γE[v]=5.5, Q=64.0 (bayes)
2026-09-22 18:17:00,117 INFO: Plan 0: ḡ=39, γE[v]=15.5, Q=54.5 (fn)
2026-09-22 18:17:03,439 INFO: Plan 1: ḡ=25, γE[v]=3.0, Q=28.0 (fn)
2026-09-22 18:17:08,529 INFO: Plan 2: ḡ=115, γE[v]=28.5, Q=143.5 (fn)
2026-09-22 18:17:08,530 INFO: Plan 0: ḡ=19.5, γE[v]=74.0, Q=93.5 (bayes)
2026-09-22 18:17:08,530 INFO: Plan 1: ḡ=10.5, γE[v]=78.0, Q=88.5 (bayes)
2026-09-22 18:17:08,530 INFO: Plan 2: ḡ=53.2, γE[v]=57.8, Q=111.0 (bayes)
2026-09-22 18:17:21,726 INFO: Plan 2: ḡ=14, γE[v]=0.0, Q=14.0 (fn)
2026-09-22 18:17:21,727 INFO: Plan 1: ḡ=14, γE[v]=0.0, Q=14.0 (fn)
2026-09-22 18:17:21,727 INFO: Plan 0: ḡ=14, γE[v]=0.0, Q=14.0 (fn)
2026-09-22 18:17:21,728 INFO: Plan 0: ḡ=5.0, γE[v]=0.0, Q=5.0 (bayes)
2026-09-22 18:17:21,728 INFO: Plan 1: ḡ=5.0, γE[v]=0.0, Q=5.0 (bayes)
2026-09-22 18:17:21,728 INFO: Plan 2: ḡ=5.0, γE[v]=0.0, Q=5.0 (bayes)
2026-09-22 18:17:23,202 INFO: Plan 2: ḡ=93, γE[v]=0.0, Q=93.0 (fn)
2026-09-22 18:17:23,733 INFO: Plan 0: ḡ=50, γE[v]=0.0, Q=50.0 (fn)
2026-09-22 18:17:25,511 INFO: Plan 0: ḡ=89, γE[v]=15.0, Q=104.0 (fn)
2026-09-22 18:17:27,248 INFO: Plan 1: ḡ=61, γE[v]=1.0, Q=62.0 (fn)
2026-09-22 18:17:28,500 INFO: Plan 2: ḡ=15, γE[v]=2.0, Q=17.0 (fn)
2026-09-22 18:17:28,501 INFO: Plan 1: ḡ=193, γE[v]=12.5, Q=205.5 (fn)
2026-09-22 18:17:28,502 INFO: Plan 0: ḡ=25.0, γE[v]=92.5, Q=117.5 (bayes)
2026-09-22 18:17:28,502 INFO: Plan 1: ḡ=30.5, γE[v]=89.8, Q=120.3 (bayes)
2026-09-22 18:17:28,502 INFO: Plan 0: ḡ=44.5, γE[v]=32.9, Q=77.4 (bayes)
2026-09-22 18:17:28,502 INFO: Plan 2: ḡ=7.5, γE[v]=101.3, Q=108.8 (bayes)
2026-09-22 18:17:28,503 INFO: Plan 1: ḡ=96.5, γE[v]=6.8, Q=103.3 (bayes)
2026-09-22 18:17:28,503 INFO: Plan 2: ḡ=46.5, γE[v]=31.2, Q=77.8 (bayes)
2026-09-22 18:17:32,340 INFO: Plan 1: ḡ=90, γE[v]=0.0, Q=90.0 (fn)
2026-09-22 18:17:32,750 INFO: Plan 0: ḡ=104, γE[v]=0.0, Q=104.0 (fn)
2026-09-22 18:17:33,297 INFO: Plan 2: ḡ=78, γE[v]=0.0, Q=78.0 (fn)
2026-09-22 18:17:34,242 INFO: Plan 1: ḡ=63, γE[v]=0.0, Q=63.0 (fn)
2026-09-22 18:17:34,328 INFO: Plan 0: ḡ=48, γE[v]=0.0, Q=48.0 (fn)
2026-09-22 18:17:34,329 INFO: Plan 0: ḡ=17.7, γE[v]=29.2, Q=46.9 (bayes)
2026-09-22 18:17:34,329 INFO: Plan 1: ḡ=22.3, γE[v]=26.9, Q=49.2 (bayes)
2026-09-22 18:17:34,329 INFO: Plan 2: ḡ=34.0, γE[v]=21.1, Q=55.1 (bayes)
2026-09-22 18:17:35,262 INFO: Plan 2: ḡ=256, γE[v]=0.0, Q=256.0 (fn)
2026-09-22 18:17:35,263 INFO: Plan 0: ḡ=52.0, γE[v]=38.0, Q=90.0 (bayes)
2026-09-22 18:17:35,263 INFO: Plan 1: ḡ=45.0, γE[v]=41.5, Q=86.5 (bayes)
2026-09-22 18:17:35,263 INFO: Plan 2: ḡ=128.0, γE[v]=0.0, Q=128.0 (bayes)
2026-09-22 18:17:35,394 INFO: Plan 0: ḡ=30, γE[v]=0.0, Q=30.0 (fn)
2026-09-22 18:17:35,598 INFO: Plan 1: ḡ=26, γE[v]=0.0, Q=26.0 (fn)
2026-09-22 18:17:35,959 INFO: Plan 2: ḡ=47, γE[v]=0.0, Q=47.0 (fn)
2026-09-22 18:17:35,960 INFO: Plan 0: ḡ=15.0, γE[v]=20.2, Q=35.2 (bayes)
2026-09-22 18:17:35,960 INFO: Plan 1: ḡ=13.0, γE[v]=21.2, Q=34.2 (bayes)
2026-09-22 18:17:35,960 INFO: Plan 2: ḡ=23.5, γE[v]=16.0, Q=39.5 (bayes)
2026-09-22 18:17:42,655 INFO: Plan 0: ḡ=6, γE[v]=0.0, Q=6.0 (fn)
2026-09-22 18:17:43,477 INFO: Plan 2: ḡ=22, γE[v]=0.0, Q=22.0 (fn)
2026-09-22 18:17:43,523 INFO: Plan 1: ḡ=2, γE[v]=0.0, Q=2.0 (fn)
2026-09-22 18:17:43,524 INFO: Plan 0: ḡ=2.0, γE[v]=4.0, Q=6.0 (bayes)
2026-09-22 18:17:43,524 INFO: Plan 1: ḡ=0.7, γE[v]=4.7, Q=5.3 (bayes)
2026-09-22 18:17:43,524 INFO: Plan 2: ḡ=7.3, γE[v]=1.3, Q=8.7 (bayes)
2026-09-22 18:17:44,089 INFO: Plan 2: ḡ=0, γE[v]=0.0, Q=0.0 (fn)
2026-09-22 18:17:44,168 INFO: Plan 0: ḡ=0, γE[v]=0.0, Q=0.0 (fn)
2026-09-22 18:17:44,293 INFO: Plan 1: ḡ=0, γE[v]=0.0, Q=0.0 (fn)
2026-09-22 18:17:44,294 INFO: Plan 0: ḡ=0.0, γE[v]=0.0, Q=0.0 (bayes)
2026-09-22 18:17:44,294 INFO: Plan 1: ḡ=0.0, γE[v]=0.0, Q=0.0 (bayes)
2026-09-22 18:17:44,294 INFO: Plan 2: ḡ=0.0, γE[v]=0.0, Q=0.0 (bayes)
2026-09-22 18:17:46,131 INFO: Plan 1: ḡ=71, γE[v]=0.0, Q=71.0 (fn)
2026-09-22 18:17:46,176 INFO: Plan 2: ḡ=93, γE[v]=0.0, Q=93.0 (fn)
2026-09-22 18:17:47,003 INFO: Plan 1: ḡ=70, γE[v]=0.0, Q=70.0 (fn)
2026-09-22 18:17:47,005 INFO: Plan 2: ḡ=74, γE[v]=0.0, Q=74.0 (fn)
2026-09-22 18:17:48,259 INFO: Plan 0: ḡ=77, γE[v]=41.5, Q=118.5 (fn)
2026-09-22 18:17:48,260 INFO: Plan 0: ḡ=38.5, γE[v]=22.6, Q=61.1 (bayes)
2026-09-22 18:17:48,260 INFO: Plan 1: ḡ=35.0, γE[v]=22.5, Q=57.5 (bayes)
2026-09-22 18:17:48,260 INFO: Plan 2: ḡ=37.0, γE[v]=21.5, Q=58.5 (bayes)
2026-09-22 18:17:48,304 INFO: Plan 0: ḡ=22, γE[v]=0.0, Q=22.0 (fn)
2026-09-22 18:17:48,305 INFO: Plan 0: ḡ=11.0, γE[v]=47.4, Q=58.4 (bayes)
2026-09-22 18:17:48,305 INFO: Plan 1: ḡ=34.0, γE[v]=35.9, Q=69.9 (bayes)
2026-09-22 18:17:48,305 INFO: Plan 2: ḡ=46.5, γE[v]=29.7, Q=76.2 (bayes)
2026-09-22 18:17:48,536 INFO: Plan 1: ḡ=153, γE[v]=0.0, Q=153.0 (fn)
2026-09-22 18:17:48,809 INFO: Plan 2: ḡ=150, γE[v]=0.0, Q=150.0 (fn)
2026-09-22 18:17:56,448 INFO: Plan 1: ḡ=34, γE[v]=0.0, Q=34.0 (fn)
2026-09-22 18:17:56,731 INFO: Plan 0: ḡ=57, γE[v]=0.0, Q=57.0 (fn)
2026-09-22 18:17:56,774 INFO: Plan 2: ḡ=57, γE[v]=0.0, Q=57.0 (fn)
2026-09-22 18:17:56,775 INFO: Plan 0: ḡ=28.5, γE[v]=113.5, Q=142.0 (bayes)
2026-09-22 18:17:56,775 INFO: Plan 1: ḡ=17.0, γE[v]=119.2, Q=136.2 (bayes)
2026-09-22 18:17:56,775 INFO: Plan 2: ḡ=28.5, γE[v]=113.5, Q=142.0 (bayes)
2026-09-22 18:18:02,929 INFO: Plan 0: ḡ=251, γE[v]=96.5, Q=347.5 (fn)
2026-09-22 18:18:02,929 INFO: Plan 0: ḡ=88.3, γE[v]=170.0, Q=258.3 (bayes)
2026-09-22 18:18:02,930 INFO: Plan 1: ḡ=67.5, γE[v]=176.1, Q=243.6 (bayes)
2026-09-22 18:18:02,930 INFO: Plan 2: ḡ=56.8, γE[v]=181.4, Q=238.2 (bayes)
2026-09-22 18:18:14,486 INFO: Plan 1: ḡ=46, γE[v]=0.0, Q=46.0 (fn)
2026-09-22 18:18:15,800 INFO: Plan 0: ḡ=39, γE[v]=22.0, Q=61.0 (fn)
2026-09-22 18:18:15,991 INFO: Plan 2: ḡ=129, γE[v]=0.0, Q=129.0 (fn)
2026-09-22 18:18:16,644 INFO: Plan 2: ḡ=72, γE[v]=0.0, Q=72.0 (fn)
2026-09-22 18:18:16,908 INFO: Plan 2: ḡ=9, γE[v]=0.0, Q=9.0 (fn)
2026-09-22 18:18:18,041 INFO: Plan 1: ḡ=25, γE[v]=19.5, Q=44.5 (fn)
2026-09-22 18:18:18,041 INFO: Plan 0: ḡ=15.2, γE[v]=56.1, Q=71.3 (bayes)
2026-09-22 18:18:18,041 INFO: Plan 1: ḡ=10.5, γE[v]=58.4, Q=68.9 (bayes)
2026-09-22 18:18:18,041 INFO: Plan 2: ḡ=22.9, γE[v]=51.0, Q=74.0 (bayes)
2026-09-22 18:18:19,037 INFO: Plan 0: ḡ=2, γE[v]=0.0, Q=2.0 (fn)
2026-09-22 18:18:19,161 INFO: Plan 0: ḡ=6, γE[v]=3.5, Q=9.5 (fn)
2026-09-22 18:18:19,668 INFO: Plan 1: ḡ=14, γE[v]=0.0, Q=14.0 (fn)
2026-09-22 18:18:19,671 INFO: Plan 0: ḡ=21, γE[v]=22.5, Q=43.5 (fn)
2026-09-22 18:18:19,672 INFO: Plan 0: ḡ=2.0, γE[v]=1.2, Q=3.2 (bayes)
2026-09-22 18:18:19,672 INFO: Plan 0: ḡ=10.5, γE[v]=42.3, Q=52.8 (bayes)
2026-09-22 18:18:19,672 INFO: Plan 1: ḡ=4.0, γE[v]=0.0, Q=4.0 (bayes)
2026-09-22 18:18:19,677 INFO: Plan 1: ḡ=23.0, γE[v]=35.0, Q=58.0 (bayes)
2026-09-22 18:18:19,677 INFO: Plan 2: ḡ=2.2, γE[v]=0.9, Q=3.1 (bayes)
2026-09-22 18:18:19,677 INFO: Plan 2: ḡ=64.5, γE[v]=14.2, Q=78.8 (bayes)
2026-09-22 18:18:19,705 INFO: Plan 2: ḡ=1, γE[v]=0.0, Q=1.0 (fn)
2026-09-22 18:18:20,104 INFO: Plan 2: ḡ=1, γE[v]=0.0, Q=1.0 (fn)
2026-09-22 18:18:20,531 INFO: Plan 0: ḡ=6, γE[v]=0.0, Q=6.0 (fn)
2026-09-22 18:18:20,696 INFO: Plan 1: ḡ=1, γE[v]=0.5, Q=1.5 (fn)
2026-09-22 18:18:20,697 INFO: Plan 0: ḡ=0.7, γE[v]=0.3, Q=1.0 (bayes)
2026-09-22 18:18:20,697 INFO: Plan 1: ḡ=0.3, γE[v]=0.5, Q=0.9 (bayes)
2026-09-22 18:18:20,697 INFO: Plan 2: ḡ=0.3, γE[v]=0.5, Q=0.8 (bayes)
2026-09-22 18:18:21,326 INFO: Plan 1: ḡ=7, γE[v]=0.0, Q=7.0 (fn)
2026-09-22 18:18:21,326 INFO: Plan 0: ḡ=2.0, γE[v]=1.2, Q=3.2 (bayes)
2026-09-22 18:18:21,326 INFO: Plan 1: ḡ=2.3, γE[v]=1.0, Q=3.3 (bayes)
2026-09-22 18:18:21,326 INFO: Plan 2: ḡ=0.3, γE[v]=2.0, Q=2.3 (bayes)
2026-09-22 18:18:23,726 INFO: Plan 2: ḡ=14, γE[v]=0.0, Q=14.0 (fn)
2026-09-22 18:18:23,726 INFO: Plan 1: ḡ=23, γE[v]=0.0, Q=23.0 (fn)
2026-09-22 18:18:24,729 INFO: Plan 0: ḡ=29, γE[v]=1.5, Q=30.5 (fn)
2026-09-22 18:18:24,729 INFO: Plan 0: ḡ=14.5, γE[v]=8.8, Q=23.3 (bayes)
2026-09-22 18:18:24,729 INFO: Plan 1: ḡ=11.5, γE[v]=10.2, Q=21.8 (bayes)
2026-09-22 18:18:24,729 INFO: Plan 2: ḡ=7.0, γE[v]=12.5, Q=19.5 (bayes)
2026-09-22 18:18:24,777 INFO: Plan 0: ḡ=38, γE[v]=0.0, Q=38.0 (fn)
2026-09-22 18:18:27,989 INFO: Plan 2: ḡ=107, γE[v]=0.0, Q=107.0 (fn)
2026-09-22 18:18:28,474 INFO: Plan 0: ḡ=49, γE[v]=0.0, Q=49.0 (fn)
2026-09-22 18:18:28,644 INFO: Plan 0: ḡ=48, γE[v]=0.0, Q=48.0 (fn)
2026-09-22 18:18:29,999 INFO: Plan 1: ḡ=105, γE[v]=0.0, Q=105.0 (fn)
2026-09-22 18:18:30,000 INFO: Plan 0: ḡ=17.7, γE[v]=17.8, Q=35.5 (bayes)
2026-09-22 18:18:30,000 INFO: Plan 1: ḡ=36.3, γE[v]=8.5, Q=44.8 (bayes)
2026-09-22 18:18:30,000 INFO: Plan 2: ḡ=35.6, γE[v]=8.8, Q=44.4 (bayes)
2026-09-22 18:18:30,555 INFO: Plan 2: ḡ=15, γE[v]=0.0, Q=15.0 (fn)
2026-09-22 18:18:30,556 INFO: Plan 0: ḡ=45, γE[v]=0.0, Q=45.0 (fn)
2026-09-22 18:18:30,673 INFO: Plan 1: ḡ=57, γE[v]=0.0, Q=57.0 (fn)
2026-09-22 18:18:30,673 INFO: Plan 0: ḡ=15.0, γE[v]=12.0, Q=27.0 (bayes)
2026-09-22 18:18:30,674 INFO: Plan 1: ḡ=19.0, γE[v]=10.0, Q=29.0 (bayes)
2026-09-22 18:18:30,674 INFO: Plan 2: ḡ=5.0, γE[v]=17.0, Q=22.0 (bayes)
2026-09-22 18:18:32,691 INFO: Plan 1: ḡ=48, γE[v]=7.0, Q=55.0 (fn)
2026-09-22 18:18:32,842 INFO: Plan 1: ḡ=90, γE[v]=43.5, Q=133.5 (fn)
2026-09-22 18:18:32,989 INFO: Plan 2: ḡ=346, γE[v]=9.0, Q=355.0 (fn)
2026-09-22 18:18:32,989 INFO: Plan 0: ḡ=19.0, γE[v]=99.8, Q=118.8 (bayes)
2026-09-22 18:18:32,989 INFO: Plan 1: ḡ=45.0, γE[v]=88.7, Q=133.7 (bayes)
2026-09-22 18:18:32,989 INFO: Plan 2: ḡ=173.0, γE[v]=23.2, Q=196.2 (bayes)
2026-09-22 18:18:33,539 INFO: Plan 2: ḡ=0, γE[v]=0.0, Q=0.0 (fn)
2026-09-22 18:18:34,312 INFO: Plan 0: ḡ=0, γE[v]=0.0, Q=0.0 (fn)
2026-09-22 18:18:34,585 INFO: Plan 1: ḡ=0, γE[v]=0.0, Q=0.0 (fn)
2026-09-22 18:18:34,586 INFO: Plan 0: ḡ=0.0, γE[v]=0.0, Q=0.0 (bayes)
2026-09-22 18:18:34,586 INFO: Plan 1: ḡ=0.0, γE[v]=0.0, Q=0.0 (bayes)
2026-09-22 18:18:34,586 INFO: Plan 2: ḡ=0.0, γE[v]=0.0, Q=0.0 (bayes)
2026-09-22 18:18:36,158 INFO: Plan 2: ḡ=23, γE[v]=1.0, Q=24.0 (fn)
2026-09-22 18:18:36,159 INFO: Plan 0: ḡ=24.5, γE[v]=76.0, Q=100.5 (bayes)
2026-09-22 18:18:36,159 INFO: Plan 1: ḡ=24.0, γE[v]=76.6, Q=100.6 (bayes)
2026-09-22 18:18:36,159 INFO: Plan 2: ḡ=11.5, γE[v]=82.5, Q=94.0 (bayes)
2026-09-22 18:18:45,357 INFO: Plan 0: ḡ=30, γE[v]=6.0, Q=36.0 (fn)
2026-09-22 18:18:46,567 INFO: Plan 1: ḡ=71, γE[v]=46.0, Q=117.0 (fn)
2026-09-22 18:18:46,568 INFO: Plan 1: ḡ=32, γE[v]=0.0, Q=32.0 (fn)
2026-09-22 18:18:46,792 INFO: Plan 2: ḡ=35, γE[v]=0.0, Q=35.0 (fn)
2026-09-22 18:18:47,445 INFO: Plan 2: ḡ=56, γE[v]=53.5, Q=109.5 (fn)
2026-09-22 18:18:47,446 INFO: Plan 0: ḡ=10.0, γE[v]=25.0, Q=35.0 (bayes)
2026-09-22 18:18:47,449 INFO: Plan 1: ḡ=28.7, γE[v]=18.1, Q=46.8 (bayes)
2026-09-22 18:18:47,450 INFO: Plan 2: ḡ=18.7, γE[v]=23.3, Q=42.0 (bayes)
2026-09-22 18:18:48,118 INFO: Plan 0: ḡ=22, γE[v]=0.0, Q=22.0 (fn)
2026-09-22 18:18:48,118 INFO: Plan 0: ḡ=11.0, γE[v]=25.3, Q=36.3 (bayes)
2026-09-22 18:18:48,118 INFO: Plan 1: ḡ=14.3, γE[v]=23.7, Q=38.0 (bayes)
2026-09-22 18:18:48,119 INFO: Plan 2: ḡ=16.3, γE[v]=22.7, Q=39.0 (bayes)
2026-09-22 18:18:49,472 INFO: Plan 2: ḡ=67, γE[v]=0.0, Q=67.0 (fn)
2026-09-22 18:18:49,848 INFO: Plan 1: ḡ=203, γE[v]=0.0, Q=203.0 (fn)
2026-09-22 18:18:50,717 INFO: Plan 0: ḡ=33, γE[v]=0.0, Q=33.0 (fn)
2026-09-22 18:18:50,718 INFO: Plan 0: ḡ=16.5, γE[v]=67.5, Q=84.0 (bayes)
2026-09-22 18:18:50,718 INFO: Plan 1: ḡ=101.5, γE[v]=25.0, Q=126.5 (bayes)
2026-09-22 18:18:50,718 INFO: Plan 2: ḡ=33.5, γE[v]=59.0, Q=92.5 (bayes)
2026-09-22 18:18:56,529 INFO: Plan 1: ḡ=24, γE[v]=0.0, Q=24.0 (fn)
2026-09-22 18:18:56,894 INFO: Plan 0: ḡ=57, γE[v]=0.0, Q=57.0 (fn)
2026-09-22 18:18:59,534 INFO: Plan 2: ḡ=59, γE[v]=0.0, Q=59.0 (fn)
2026-09-22 18:18:59,536 INFO: Plan 0: ḡ=28.5, γE[v]=101.6, Q=130.1 (bayes)
2026-09-22 18:18:59,536 INFO: Plan 1: ḡ=12.0, γE[v]=109.8, Q=121.8 (bayes)
2026-09-22 18:18:59,537 INFO: Plan 2: ḡ=27.2, γE[v]=102.2, Q=129.4 (bayes)
2026-09-22 18:19:02,611 INFO: Plan 0: ḡ=29, γE[v]=0.0, Q=29.0 (fn)
2026-09-22 18:19:03,251 INFO: Plan 0: ḡ=9, γE[v]=0.0, Q=9.0 (fn)
2026-09-22 18:19:03,675 INFO: Plan 2: ḡ=8, γE[v]=0.0, Q=8.0 (fn)
2026-09-22 18:19:03,803 INFO: Plan 1: ḡ=18, γE[v]=0.0, Q=18.0 (fn)
2026-09-22 18:19:03,804 INFO: Plan 0: ḡ=4.2, γE[v]=6.4, Q=10.6 (bayes)
2026-09-22 18:19:03,804 INFO: Plan 1: ḡ=9.0, γE[v]=4.0, Q=13.0 (bayes)
2026-09-22 18:19:03,804 INFO: Plan 2: ḡ=3.8, γE[v]=6.6, Q=10.4 (bayes)
2026-09-22 18:19:04,735 INFO: Plan 2: ḡ=89, γE[v]=0.0, Q=89.0 (fn)
2026-09-22 18:19:05,104 INFO: Plan 0: ḡ=68, γE[v]=0.0, Q=68.0 (fn)
2026-09-22 18:19:06,531 INFO: Plan 1: ḡ=53, γE[v]=0.0, Q=53.0 (fn)
2026-09-22 18:19:06,532 INFO: Plan 0: ḡ=25.6, γE[v]=91.1, Q=116.7 (bayes)
2026-09-22 18:19:06,532 INFO: Plan 1: ḡ=26.5, γE[v]=90.6, Q=117.1 (bayes)
2026-09-22 18:19:06,532 INFO: Plan 2: ḡ=44.5, γE[v]=81.6, Q=126.1 (bayes)
2026-09-22 18:19:09,071 INFO: Plan 2: ḡ=15, γE[v]=1.5, Q=16.5 (fn)
2026-09-22 18:19:10,223 INFO: Plan 0: ḡ=24, γE[v]=7.0, Q=31.0 (fn)
2026-09-22 18:19:10,981 INFO: Plan 1: ḡ=25, γE[v]=36.0, Q=61.0 (fn)
2026-09-22 18:19:11,197 INFO: Plan 1: ḡ=35, γE[v]=4.0, Q=39.0 (fn)
2026-09-22 18:19:11,198 INFO: Plan 0: ḡ=12.0, γE[v]=8.2, Q=20.2 (bayes)
2026-09-22 18:19:11,198 INFO: Plan 1: ḡ=17.5, γE[v]=5.3, Q=22.9 (bayes)
2026-09-22 18:19:11,198 INFO: Plan 2: ḡ=7.3, γE[v]=10.3, Q=17.6 (bayes)
2026-09-22 18:19:14,275 INFO: Plan 2: ḡ=121, γE[v]=24.5, Q=145.5 (fn)
2026-09-22 18:19:14,276 INFO: Plan 0: ḡ=14.5, γE[v]=36.2, Q=50.8 (bayes)
2026-09-22 18:19:14,276 INFO: Plan 1: ḡ=12.5, γE[v]=38.9, Q=51.4 (bayes)
2026-09-22 18:19:14,276 INFO: Plan 2: ḡ=60.5, γE[v]=14.4, Q=74.8 (bayes)
2026-09-22 18:19:15,798 INFO: Plan 2: ḡ=2, γE[v]=0.0, Q=2.0 (fn)
2026-09-22 18:19:16,475 INFO: Plan 1: ḡ=4, γE[v]=0.0, Q=4.0 (fn)
2026-09-22 18:19:16,711 INFO: Plan 1: ḡ=30, γE[v]=0.0, Q=30.0 (fn)
2026-09-22 18:19:17,305 INFO: Plan 0: ḡ=30, γE[v]=15.0, Q=45.0 (fn)
2026-09-22 18:19:17,594 INFO: Plan 2: ḡ=15, γE[v]=0.0, Q=15.0 (fn)
2026-09-22 18:19:17,594 INFO: Plan 0: ḡ=10.0, γE[v]=5.9, Q=15.9 (bayes)
2026-09-22 18:19:17,594 INFO: Plan 1: ḡ=10.0, γE[v]=5.0, Q=15.0 (bayes)
2026-09-22 18:19:17,595 INFO: Plan 2: ḡ=5.0, γE[v]=7.5, Q=12.5 (bayes)
2026-09-22 18:19:18,214 INFO: Plan 0: ḡ=3, γE[v]=2.0, Q=5.0 (fn)
2026-09-22 18:19:18,215 INFO: Plan 0: ḡ=1.2, γE[v]=0.5, Q=1.7 (bayes)
2026-09-22 18:19:18,220 INFO: Plan 1: ḡ=0.8, γE[v]=0.6, Q=1.4 (bayes)
2026-09-22 18:19:18,220 INFO: Plan 2: ḡ=0.4, γE[v]=0.8, Q=1.2 (bayes)
2026-09-22 18:19:18,473 INFO: Plan 1: ḡ=17, γE[v]=4.5, Q=21.5 (fn)
2026-09-22 18:19:18,732 INFO: Plan 2: ḡ=27, γE[v]=0.0, Q=27.0 (fn)
2026-09-22 18:19:20,086 INFO: Plan 2: ḡ=1, γE[v]=0.0, Q=1.0 (fn)
2026-09-22 18:19:20,784 INFO: Plan 0: ḡ=50, γE[v]=7.5, Q=57.5 (fn)
2026-09-22 18:19:20,785 INFO: Plan 0: ḡ=17.2, γE[v]=41.9, Q=59.1 (bayes)
2026-09-22 18:19:20,785 INFO: Plan 1: ḡ=7.6, γE[v]=46.5, Q=54.1 (bayes)
2026-09-22 18:19:20,785 INFO: Plan 2: ḡ=10.8, γE[v]=44.6, Q=55.5 (bayes)
2026-09-22 18:19:20,970 INFO: Plan 0: ḡ=4, γE[v]=1.0, Q=5.0 (fn)
2026-09-22 18:19:21,384 INFO: Plan 2: ḡ=42, γE[v]=0.0, Q=42.0 (fn)
2026-09-22 18:19:21,644 INFO: Plan 2: ḡ=74, γE[v]=0.0, Q=74.0 (fn)
2026-09-22 18:19:21,913 INFO: Plan 1: ḡ=6, γE[v]=1.5, Q=7.5 (fn)
2026-09-22 18:19:21,913 INFO: Plan 0: ḡ=1.3, γE[v]=0.8, Q=2.1 (bayes)
2026-09-22 18:19:21,913 INFO: Plan 1: ḡ=1.8, γE[v]=0.6, Q=2.3 (bayes)
2026-09-22 18:19:21,913 INFO: Plan 2: ḡ=0.2, γE[v]=1.2, Q=1.5 (bayes)
2026-09-22 18:19:22,640 INFO: Plan 0: ḡ=37, γE[v]=0.0, Q=37.0 (fn)
2026-09-22 18:19:24,087 INFO: Plan 0: ḡ=163, γE[v]=46.5, Q=209.5 (fn)
2026-09-22 18:19:25,102 INFO: Plan 1: ḡ=88, γE[v]=81.5, Q=169.5 (fn)
2026-09-22 18:19:25,103 INFO: Plan 0: ḡ=81.5, γE[v]=34.3, Q=115.8 (bayes)
2026-09-22 18:19:25,103 INFO: Plan 1: ḡ=44.0, γE[v]=54.7, Q=98.7 (bayes)
2026-09-22 18:19:25,103 INFO: Plan 2: ḡ=21.0, γE[v]=62.5, Q=83.5 (bayes)
2026-09-22 18:19:25,608 INFO: Plan 1: ḡ=90, γE[v]=22.0, Q=112.0 (fn)
2026-09-22 18:19:25,609 INFO: Plan 0: ḡ=10.5, γE[v]=14.0, Q=24.5 (bayes)
2026-09-22 18:19:25,609 INFO: Plan 1: ḡ=24.0, γE[v]=8.6, Q=32.6 (bayes)
2026-09-22 18:19:25,609 INFO: Plan 2: ḡ=22.1, γE[v]=8.2, Q=30.3 (bayes)
2026-09-22 18:19:25,907 INFO: Plan 2: ḡ=0, γE[v]=0.0, Q=0.0 (fn)
2026-09-22 18:19:27,070 INFO: Plan 0: ḡ=2, γE[v]=0.0, Q=2.0 (fn)
2026-09-22 18:19:28,603 INFO: Plan 2: ḡ=0, γE[v]=0.0, Q=0.0 (fn)
2026-09-22 18:19:28,645 INFO: Plan 1: ḡ=1, γE[v]=0.5, Q=1.5 (fn)
2026-09-22 18:19:28,646 INFO: Plan 0: ḡ=0.7, γE[v]=0.0, Q=0.7 (bayes)
2026-09-22 18:19:28,646 INFO: Plan 1: ḡ=0.3, γE[v]=0.2, Q=0.5 (bayes)
2026-09-22 18:19:28,646 INFO: Plan 2: ḡ=0.0, γE[v]=0.3, Q=0.3 (bayes)
2026-09-22 18:19:28,731 INFO: Plan 1: ḡ=0, γE[v]=0.0, Q=0.0 (fn)
2026-09-22 18:19:28,731 INFO: Plan 0: ḡ=0, γE[v]=0.0, Q=0.0 (fn)
2026-09-22 18:19:28,732 INFO: Plan 0: ḡ=0.0, γE[v]=0.0, Q=0.0 (bayes)
2026-09-22 18:19:28,732 INFO: Plan 1: ḡ=0.0, γE[v]=0.0, Q=0.0 (bayes)
2026-09-22 18:19:28,732 INFO: Plan 2: ḡ=0.0, γE[v]=0.0, Q=0.0 (bayes)
2026-09-22 18:19:30,634 INFO: Plan 0: ḡ=29, γE[v]=0.0, Q=29.0 (fn)
2026-09-22 18:19:31,319 INFO: Plan 2: ḡ=43, γE[v]=0.0, Q=43.0 (fn)
2026-09-22 18:19:32,159 INFO: Plan 1: ḡ=36, γE[v]=0.0, Q=36.0 (fn)
2026-09-22 18:19:32,160 INFO: Plan 0: ḡ=12.8, γE[v]=18.3, Q=31.2 (bayes)
2026-09-22 18:19:32,160 INFO: Plan 1: ḡ=17.8, γE[v]=15.8, Q=33.7 (bayes)
2026-09-22 18:19:32,160 INFO: Plan 2: ḡ=14.3, γE[v]=17.6, Q=31.9 (bayes)
2026-09-22 18:19:37,907 INFO: Plan 0: ḡ=49, γE[v]=0.0, Q=49.0 (fn)
2026-09-22 18:19:39,263 INFO: Plan 1: ḡ=53, γE[v]=3.0, Q=56.0 (fn)
2026-09-22 18:19:39,814 INFO: Plan 0: ḡ=31, γE[v]=0.0, Q=31.0 (fn)
2026-09-22 18:19:41,569 INFO: Plan 2: ḡ=12, γE[v]=0.0, Q=12.0 (fn)
2026-09-22 18:19:41,570 INFO: Plan 0: ḡ=24.5, γE[v]=60.5, Q=85.0 (bayes)
2026-09-22 18:19:41,570 INFO: Plan 1: ḡ=26.0, γE[v]=59.9, Q=85.9 (bayes)
2026-09-22 18:19:41,570 INFO: Plan 2: ḡ=6.0, γE[v]=69.8, Q=75.8 (bayes)
2026-09-22 18:19:42,133 INFO: Plan 1: ḡ=26, γE[v]=0.0, Q=26.0 (fn)
2026-09-22 18:19:42,323 INFO: Plan 2: ḡ=132, γE[v]=0.0, Q=132.0 (fn)
2026-09-22 18:19:42,324 INFO: Plan 0: ḡ=15.5, γE[v]=39.0, Q=54.5 (bayes)
2026-09-22 18:19:42,324 INFO: Plan 1: ḡ=13.0, γE[v]=40.2, Q=53.2 (bayes)
2026-09-22 18:19:42,324 INFO: Plan 2: ḡ=66.0, γE[v]=13.8, Q=79.8 (bayes)
2026-09-22 18:19:45,196 INFO: Plan 0: ḡ=16, γE[v]=0.0, Q=16.0 (fn)
2026-09-22 18:19:45,240 INFO: Plan 1: ḡ=30, γE[v]=0.0, Q=30.0 (fn)
2026-09-22 18:19:45,507 INFO: Plan 2: ḡ=54, γE[v]=0.0, Q=54.0 (fn)
2026-09-22 18:19:45,508 INFO: Plan 0: ḡ=8.0, γE[v]=17.5, Q=25.5 (bayes)
2026-09-22 18:19:45,508 INFO: Plan 1: ḡ=13.5, γE[v]=14.8, Q=28.2 (bayes)
2026-09-22 18:19:45,509 INFO: Plan 2: ḡ=27.0, γE[v]=8.0, Q=35.0 (bayes)
2026-09-22 18:19:46,341 INFO: Plan 0: ḡ=9, γE[v]=0.0, Q=9.0 (fn)
2026-09-22 18:19:47,120 INFO: Plan 2: ḡ=10, γE[v]=0.0, Q=10.0 (fn)
2026-09-22 18:19:48,879 INFO: Plan 0: ḡ=28, γE[v]=0.0, Q=28.0 (fn)
2026-09-22 18:19:49,150 INFO: Plan 1: ḡ=19, γE[v]=5.0, Q=24.0 (fn)
2026-09-22 18:19:49,150 INFO: Plan 0: ḡ=4.2, γE[v]=3.9, Q=8.1 (bayes)
2026-09-22 18:19:49,150 INFO: Plan 1: ḡ=7.5, γE[v]=2.5, Q=10.0 (bayes)
2026-09-22 18:19:49,150 INFO: Plan 2: ḡ=4.5, γE[v]=3.7, Q=8.2 (bayes)
2026-09-22 18:19:49,325 INFO: Plan 2: ḡ=67, γE[v]=0.0, Q=67.0 (fn)
2026-09-22 18:19:49,755 INFO: Plan 2: ḡ=1, γE[v]=0.0, Q=1.0 (fn)
2026-09-22 18:19:49,800 INFO: Plan 0: ḡ=10, γE[v]=0.0, Q=10.0 (fn)
2026-09-22 18:19:49,910 INFO: Plan 1: ḡ=199, γE[v]=0.0, Q=199.0 (fn)
2026-09-22 18:19:49,910 INFO: Plan 0: ḡ=14.0, γE[v]=41.2, Q=55.2 (bayes)
2026-09-22 18:19:49,911 INFO: Plan 1: ḡ=75.3, γE[v]=10.5, Q=85.8 (bayes)
2026-09-22 18:19:49,911 INFO: Plan 2: ḡ=33.5, γE[v]=31.4, Q=64.9 (bayes)
2026-09-22 18:19:50,291 INFO: Plan 1: ḡ=8, γE[v]=0.0, Q=8.0 (fn)
2026-09-22 18:19:50,292 INFO: Plan 0: ḡ=4.8, γE[v]=1.5, Q=6.3 (bayes)
2026-09-22 18:19:50,292 INFO: Plan 1: ḡ=2.7, γE[v]=2.6, Q=5.2 (bayes)
2026-09-22 18:19:50,292 INFO: Plan 2: ḡ=0.3, γE[v]=3.7, Q=4.1 (bayes)
2026-09-22 18:19:52,147 INFO: Plan 2: ḡ=42, γE[v]=0.0, Q=42.0 (fn)
2026-09-22 18:19:53,558 INFO: Plan 2: ḡ=0, γE[v]=0.0, Q=0.0 (fn)
2026-09-22 18:19:54,029 INFO: Plan 0: ḡ=16, γE[v]=0.0, Q=16.0 (fn)
2026-09-22 18:19:54,383 INFO: Plan 0: ḡ=99, γE[v]=0.0, Q=99.0 (fn)
2026-09-22 18:19:54,707 INFO: Plan 1: ḡ=72, γE[v]=0.0, Q=72.0 (fn)
2026-09-22 18:19:54,707 INFO: Plan 0: ḡ=4.0, γE[v]=7.0, Q=11.0 (bayes)
2026-09-22 18:19:54,707 INFO: Plan 1: ḡ=18.0, γE[v]=0.0, Q=18.0 (bayes)
2026-09-22 18:19:54,707 INFO: Plan 2: ḡ=0.0, γE[v]=9.0, Q=9.0 (bayes)
2026-09-22 18:19:55,268 INFO: Plan 0: ḡ=65, γE[v]=0.0, Q=65.0 (fn)
2026-09-22 18:19:56,069 INFO: Plan 1: ḡ=19, γE[v]=0.0, Q=19.0 (fn)
2026-09-22 18:19:58,066 INFO: Plan 1: ḡ=87, γE[v]=40.0, Q=127.0 (fn)
2026-09-22 18:19:58,067 INFO: Plan 0: ḡ=49.5, γE[v]=24.5, Q=74.0 (bayes)
2026-09-22 18:19:58,067 INFO: Plan 1: ḡ=43.5, γE[v]=29.3, Q=72.8 (bayes)
2026-09-22 18:19:58,067 INFO: Plan 2: ḡ=21.0, γE[v]=38.8, Q=59.8 (bayes)
2026-09-22 18:20:01,938 INFO: Plan 1: ḡ=33, γE[v]=0.0, Q=33.0 (fn)
2026-09-22 18:20:02,679 INFO: Plan 2: ḡ=59, γE[v]=34.5, Q=93.5 (fn)
2026-09-22 18:20:02,680 INFO: Plan 0: ḡ=32.5, γE[v]=42.0, Q=74.5 (bayes)
2026-09-22 18:20:02,680 INFO: Plan 1: ḡ=9.5, γE[v]=53.5, Q=63.0 (bayes)
2026-09-22 18:20:02,680 INFO: Plan 2: ḡ=29.5, γE[v]=45.1, Q=74.5 (bayes)
2026-09-22 18:20:04,190 INFO: Plan 0: ḡ=28, γE[v]=0.0, Q=28.0 (fn)
2026-09-22 18:20:04,470 INFO: Plan 1: ḡ=43, γE[v]=0.0, Q=43.0 (fn)
2026-09-22 18:20:05,634 INFO: Plan 2: ḡ=38, γE[v]=6.5, Q=44.5 (fn)
2026-09-22 18:20:05,635 INFO: Plan 0: ḡ=14.0, γE[v]=5.8, Q=19.8 (bayes)
2026-09-22 18:20:05,636 INFO: Plan 1: ḡ=21.5, γE[v]=2.0, Q=23.5 (bayes)
2026-09-22 18:20:05,637 INFO: Plan 2: ḡ=19.0, γE[v]=3.5, Q=22.5 (bayes)
2026-09-22 18:20:08,501 INFO: Plan 2: ḡ=46, γE[v]=0.0, Q=46.0 (fn)
2026-09-22 18:20:08,866 INFO: Plan 1: ḡ=63, γE[v]=0.0, Q=63.0 (fn)
2026-09-22 18:20:09,170 INFO: Plan 2: ḡ=291, γE[v]=55.0, Q=346.0 (fn)
2026-09-22 18:20:09,481 INFO: Plan 0: ḡ=75, γE[v]=0.0, Q=75.0 (fn)
2026-09-22 18:20:09,524 INFO: Plan 0: ḡ=28, γE[v]=24.0, Q=52.0 (fn)
2026-09-22 18:20:09,524 INFO: Plan 0: ḡ=14.0, γE[v]=115.6, Q=129.6 (bayes)
2026-09-22 18:20:09,525 INFO: Plan 1: ḡ=16.5, γE[v]=113.2, Q=129.8 (bayes)
2026-09-22 18:20:09,525 INFO: Plan 2: ḡ=145.5, γE[v]=51.2, Q=196.7 (bayes)
2026-09-22 18:20:10,079 INFO: Plan 2: ḡ=71, γE[v]=0.0, Q=71.0 (fn)
2026-09-22 18:20:10,080 INFO: Plan 0: ḡ=29.1, γE[v]=71.8, Q=100.8 (bayes)
2026-09-22 18:20:10,080 INFO: Plan 1: ḡ=26.8, γE[v]=72.9, Q=99.7 (bayes)
2026-09-22 18:20:10,080 INFO: Plan 2: ḡ=27.5, γE[v]=72.5, Q=100.0 (bayes)
2026-09-22 18:20:10,119 INFO: Plan 1: ḡ=64, γE[v]=0.0, Q=64.0 (fn)
2026-09-22 18:20:10,630 INFO: Plan 1: ḡ=15, γE[v]=0.0, Q=15.0 (fn)
2026-09-22 18:20:10,630 INFO: Plan 0: ḡ=15, γE[v]=0.0, Q=15.0 (fn)
2026-09-22 18:20:10,668 INFO: Plan 0: ḡ=85, γE[v]=0.0, Q=85.0 (fn)
2026-09-22 18:20:10,668 INFO: Plan 2: ḡ=0, γE[v]=0.0, Q=0.0 (fn)
2026-09-22 18:20:10,669 INFO: Plan 0: ḡ=3.8, γE[v]=1.9, Q=5.6 (bayes)
2026-09-22 18:20:10,669 INFO: Plan 1: ḡ=3.8, γE[v]=1.9, Q=5.6 (bayes)
2026-09-22 18:20:10,669 INFO: Plan 2: ḡ=0.0, γE[v]=3.8, Q=3.8 (bayes)
2026-09-22 18:20:11,236 INFO: Plan 2: ḡ=49, γE[v]=0.0, Q=49.0 (fn)
2026-09-22 18:20:11,237 INFO: Plan 0: ḡ=34.5, γE[v]=92.3, Q=126.8 (bayes)
2026-09-22 18:20:11,237 INFO: Plan 1: ḡ=32.0, γE[v]=93.6, Q=125.6 (bayes)
2026-09-22 18:20:11,237 INFO: Plan 2: ḡ=22.2, γE[v]=98.5, Q=120.7 (bayes)
2026-09-22 18:20:12,300 INFO: Plan 2: ḡ=2, γE[v]=0.0, Q=2.0 (fn)
2026-09-22 18:20:12,656 INFO: Plan 1: ḡ=169, γE[v]=38.0, Q=207.0 (fn)
2026-09-22 18:20:12,656 INFO: Plan 0: ḡ=3, γE[v]=0.0, Q=3.0 (fn)
2026-09-22 18:20:13,832 INFO: Plan 0: ḡ=157, γE[v]=30.5, Q=187.5 (fn)
2026-09-22 18:20:13,833 INFO: Plan 0: ḡ=78.5, γE[v]=53.9, Q=132.4 (bayes)
2026-09-22 18:20:13,833 INFO: Plan 1: ḡ=84.5, γE[v]=51.2, Q=135.7 (bayes)
2026-09-22 18:20:13,833 INFO: Plan 2: ḡ=23.0, γE[v]=80.2, Q=103.2 (bayes)
2026-09-22 18:20:14,205 INFO: Plan 1: ḡ=32, γE[v]=8.0, Q=40.0 (fn)
2026-09-22 18:20:14,407 INFO: Plan 1: ḡ=5, γE[v]=0.0, Q=5.0 (fn)
2026-09-22 18:20:14,784 INFO: Plan 0: ḡ=4, γE[v]=1.0, Q=5.0 (fn)
2026-09-22 18:20:14,950 INFO: Plan 2: ḡ=1, γE[v]=0.0, Q=1.0 (fn)
2026-09-22 18:20:14,951 INFO: Plan 0: ḡ=1.0, γE[v]=0.6, Q=1.6 (bayes)
2026-09-22 18:20:14,951 INFO: Plan 1: ḡ=1.1, γE[v]=0.5, Q=1.6 (bayes)
2026-09-22 18:20:14,951 INFO: Plan 2: ḡ=0.2, γE[v]=0.9, Q=1.1 (bayes)
2026-09-22 18:20:15,095 INFO: Plan 0: ḡ=46, γE[v]=31.5, Q=77.5 (fn)
2026-09-22 18:20:15,563 INFO: Plan 1: ḡ=4, γE[v]=1.5, Q=5.5 (fn)
2026-09-22 18:20:15,563 INFO: Plan 0: ḡ=1.2, γE[v]=0.3, Q=1.5 (bayes)
2026-09-22 18:20:15,563 INFO: Plan 1: ḡ=0.7, γE[v]=0.7, Q=1.3 (bayes)
2026-09-22 18:20:15,563 INFO: Plan 2: ḡ=0.3, γE[v]=0.8, Q=1.1 (bayes)
2026-09-22 18:20:15,850 INFO: Plan 0: ḡ=62, γE[v]=24.0, Q=86.0 (fn)
2026-09-22 18:20:16,090 INFO: Plan 1: ḡ=24, γE[v]=43.0, Q=67.0 (fn)
2026-09-22 18:20:17,060 INFO: Plan 2: ḡ=52, γE[v]=19.5, Q=71.5 (fn)
2026-09-22 18:20:17,061 INFO: Plan 0: ḡ=31.0, γE[v]=15.8, Q=46.8 (bayes)
2026-09-22 18:20:17,061 INFO: Plan 1: ḡ=16.0, γE[v]=22.6, Q=38.6 (bayes)
2026-09-22 18:20:17,061 INFO: Plan 2: ḡ=26.0, γE[v]=18.1, Q=44.1 (bayes)
2026-09-22 18:20:18,165 INFO: Plan 2: ḡ=58, γE[v]=19.5, Q=77.5 (fn)
2026-09-22 18:20:18,166 INFO: Plan 0: ḡ=23.0, γE[v]=17.7, Q=40.7 (bayes)
2026-09-22 18:20:18,166 INFO: Plan 1: ḡ=12.0, γE[v]=23.7, Q=35.7 (bayes)
2026-09-22 18:20:18,166 INFO: Plan 2: ḡ=29.0, γE[v]=14.1, Q=43.1 (bayes)
2026-09-22 18:20:19,619 INFO: Plan 2: ḡ=0, γE[v]=0.0, Q=0.0 (fn)
2026-09-22 18:20:19,664 INFO: Plan 1: ḡ=7, γE[v]=0.0, Q=7.0 (fn)
2026-09-22 18:20:19,664 INFO: Plan 0: ḡ=7, γE[v]=0.0, Q=7.0 (fn)
2026-09-22 18:20:19,665 INFO: Plan 0: ḡ=2.5, γE[v]=0.0, Q=2.5 (bayes)
2026-09-22 18:20:19,665 INFO: Plan 1: ḡ=2.5, γE[v]=0.0, Q=2.5 (bayes)
2026-09-22 18:20:19,665 INFO: Plan 2: ḡ=0.0, γE[v]=1.2, Q=1.2 (bayes)
2026-09-22 18:20:23,980 INFO: Plan 1: ḡ=95, γE[v]=13.5, Q=108.5 (fn)
2026-09-22 18:20:24,173 INFO: Plan 0: ḡ=72, γE[v]=25.5, Q=97.5 (fn)
2026-09-22 18:20:24,254 INFO: Plan 2: ḡ=72, γE[v]=23.5, Q=95.5 (fn)
2026-09-22 18:20:24,254 INFO: Plan 0: ḡ=24.7, γE[v]=10.0, Q=34.7 (bayes)
2026-09-22 18:20:24,254 INFO: Plan 1: ḡ=31.7, γE[v]=5.8, Q=37.5 (bayes)
2026-09-22 18:20:24,254 INFO: Plan 2: ḡ=24.0, γE[v]=10.2, Q=34.2 (bayes)
2026-09-22 18:20:30,150 INFO: Plan 0: ḡ=10, γE[v]=0.0, Q=10.0 (fn)
2026-09-22 18:20:30,404 INFO: Plan 2: ḡ=44, γE[v]=0.0, Q=44.0 (fn)
2026-09-22 18:20:32,306 INFO: Plan 1: ḡ=67, γE[v]=7.5, Q=74.5 (fn)
2026-09-22 18:20:32,306 INFO: Plan 0: ḡ=2.7, γE[v]=8.5, Q=11.2 (bayes)
2026-09-22 18:20:32,306 INFO: Plan 1: ḡ=14.5, γE[v]=3.1, Q=17.6 (bayes)
2026-09-22 18:20:32,306 INFO: Plan 2: ḡ=10.8, γE[v]=4.4, Q=15.3 (bayes)
2026-09-22 18:20:32,738 INFO: Plan 0: ḡ=30, γE[v]=0.0, Q=30.0 (fn)
2026-09-22 18:20:33,343 INFO: Plan 0: ḡ=0, γE[v]=0.0, Q=0.0 (fn)
2026-09-22 18:20:33,473 INFO: Plan 2: ḡ=0, γE[v]=0.0, Q=0.0 (fn)
2026-09-22 18:20:33,473 INFO: Plan 1: ḡ=0, γE[v]=0.0, Q=0.0 (fn)
2026-09-22 18:20:33,479 INFO: Plan 0: ḡ=0.0, γE[v]=0.0, Q=0.0 (bayes)
2026-09-22 18:20:33,480 INFO: Plan 1: ḡ=0.0, γE[v]=0.0, Q=0.0 (bayes)
2026-09-22 18:20:33,480 INFO: Plan 2: ḡ=0.0, γE[v]=0.0, Q=0.0 (bayes)
2026-09-22 18:20:34,521 INFO: Plan 1: ḡ=14, γE[v]=16.0, Q=30.0 (fn)
2026-09-22 18:20:34,750 INFO: Plan 2: ḡ=49, γE[v]=0.0, Q=49.0 (fn)
2026-09-22 18:20:34,750 INFO: Plan 0: ḡ=9.9, γE[v]=35.9, Q=45.8 (bayes)
2026-09-22 18:20:34,750 INFO: Plan 1: ḡ=5.0, γE[v]=39.3, Q=44.3 (bayes)
2026-09-22 18:20:34,750 INFO: Plan 2: ḡ=16.5, γE[v]=32.6, Q=49.1 (bayes)
2026-09-22 18:20:35,679 INFO: Plan 2: ḡ=0, γE[v]=0.0, Q=0.0 (fn)
2026-09-22 18:20:35,908 INFO: Plan 0: ḡ=1, γE[v]=0.5, Q=1.5 (fn)
2026-09-22 18:20:36,734 INFO: Plan 1: ḡ=38, γE[v]=0.0, Q=38.0 (fn)
2026-09-22 18:20:37,167 INFO: Plan 1: ḡ=1, γE[v]=0.5, Q=1.5 (fn)
2026-09-22 18:20:37,168 INFO: Plan 0: ḡ=0.2, γE[v]=0.2, Q=0.4 (bayes)
2026-09-22 18:20:37,168 INFO: Plan 1: ḡ=0.2, γE[v]=0.2, Q=0.4 (bayes)
2026-09-22 18:20:37,168 INFO: Plan 2: ḡ=0.0, γE[v]=0.2, Q=0.2 (bayes)
2026-09-22 18:20:37,759 INFO: Plan 2: ḡ=13, γE[v]=0.0, Q=13.0 (fn)
2026-09-22 18:20:38,172 INFO: Plan 1: ḡ=58, γE[v]=20.5, Q=78.5 (fn)
2026-09-22 18:20:38,212 INFO: Plan 1: ḡ=17, γE[v]=0.0, Q=17.0 (fn)
2026-09-22 18:20:38,722 INFO: Plan 2: ḡ=106, γE[v]=2.0, Q=108.0 (fn)
2026-09-22 18:20:39,094 INFO: Plan 0: ḡ=5, γE[v]=0.0, Q=5.0 (fn)
2026-09-22 18:20:39,094 INFO: Plan 0: ḡ=2.5, γE[v]=6.8, Q=9.2 (bayes)
2026-09-22 18:20:39,094 INFO: Plan 1: ḡ=8.5, γE[v]=3.8, Q=12.2 (bayes)
2026-09-22 18:20:39,094 INFO: Plan 2: ḡ=5.0, γE[v]=5.5, Q=10.5 (bayes)
2026-09-22 18:20:39,615 INFO: Plan 2: ḡ=161, γE[v]=0.0, Q=161.0 (fn)
2026-09-22 18:20:40,475 INFO: Plan 0: ḡ=66, γE[v]=22.0, Q=88.0 (fn)
2026-09-22 18:20:40,475 INFO: Plan 0: ḡ=33.0, γE[v]=12.0, Q=45.0 (bayes)
2026-09-22 18:20:40,475 INFO: Plan 1: ḡ=29.0, γE[v]=13.9, Q=42.9 (bayes)
2026-09-22 18:20:40,475 INFO: Plan 2: ḡ=53.0, γE[v]=1.1, Q=54.1 (bayes)
2026-09-22 18:20:42,410 INFO: Plan 2: ḡ=14, γE[v]=0.0, Q=14.0 (fn)
2026-09-22 18:20:42,861 INFO: Plan 0: ḡ=29, γE[v]=0.0, Q=29.0 (fn)
2026-09-22 18:20:43,266 INFO: Plan 0: ḡ=31, γE[v]=0.0, Q=31.0 (fn)
2026-09-22 18:20:43,824 INFO: Plan 1: ḡ=64, γE[v]=0.0, Q=64.0 (fn)
2026-09-22 18:20:43,825 INFO: Plan 0: ḡ=12.7, γE[v]=9.8, Q=22.5 (bayes)
2026-09-22 18:20:43,825 INFO: Plan 1: ḡ=22.4, γE[v]=4.9, Q=27.3 (bayes)
2026-09-22 18:20:43,825 INFO: Plan 2: ḡ=4.7, γE[v]=13.8, Q=18.5 (bayes)
2026-09-22 18:20:44,289 INFO: Plan 2: ḡ=16, γE[v]=0.0, Q=16.0 (fn)
2026-09-22 18:20:44,777 INFO: Plan 2: ḡ=0, γE[v]=0.0, Q=0.0 (fn)
2026-09-22 18:20:44,860 INFO: Plan 1: ḡ=2, γE[v]=0.0, Q=2.0 (fn)
2026-09-22 18:20:45,669 INFO: Plan 2: ḡ=3, γE[v]=0.0, Q=3.0 (fn)
2026-09-22 18:20:45,880 INFO: Plan 0: ḡ=143, γE[v]=50.0, Q=193.0 (fn)
2026-09-22 18:20:45,880 INFO: Plan 0: ḡ=71.5, γE[v]=38.8, Q=110.2 (bayes)
2026-09-22 18:20:45,880 INFO: Plan 1: ḡ=19.0, γE[v]=62.8, Q=81.8 (bayes)
2026-09-22 18:20:45,880 INFO: Plan 2: ḡ=80.5, γE[v]=32.0, Q=112.5 (bayes)
2026-09-22 18:20:46,577 INFO: Plan 0: ḡ=7, γE[v]=1.0, Q=8.0 (fn)
2026-09-22 18:20:46,577 INFO: Plan 0: ḡ=2.3, γE[v]=0.4, Q=2.7 (bayes)
2026-09-22 18:20:46,577 INFO: Plan 1: ḡ=0.7, γE[v]=1.2, Q=1.8 (bayes)
2026-09-22 18:20:46,577 INFO: Plan 2: ḡ=0.0, γE[v]=1.5, Q=1.5 (bayes)
2026-09-22 18:20:46,779 INFO: Plan 1: ḡ=10, γE[v]=0.0, Q=10.0 (fn)
2026-09-22 18:20:47,070 INFO: Plan 0: ḡ=5, γE[v]=2.0, Q=7.0 (fn)
2026-09-22 18:20:47,071 INFO: Plan 0: ḡ=1.5, γE[v]=0.9, Q=2.4 (bayes)
2026-09-22 18:20:47,071 INFO: Plan 1: ḡ=3.1, γE[v]=0.0, Q=3.1 (bayes)
2026-09-22 18:20:47,071 INFO: Plan 2: ḡ=0.8, γE[v]=1.2, Q=1.9 (bayes)
2026-09-22 18:20:47,294 INFO: Plan 1: ḡ=9, γE[v]=15.0, Q=24.0 (fn)
2026-09-22 18:20:47,295 INFO: Plan 2: ḡ=15, γE[v]=0.0, Q=15.0 (fn)
2026-09-22 18:20:47,295 INFO: Plan 0: ḡ=15.5, γE[v]=6.0, Q=21.5 (bayes)
2026-09-22 18:20:47,295 INFO: Plan 1: ḡ=4.5, γE[v]=12.2, Q=16.7 (bayes)
2026-09-22 18:20:47,295 INFO: Plan 2: ḡ=8.0, γE[v]=9.8, Q=17.8 (bayes)
2026-09-22 18:20:47,616 INFO: Plan 1: ḡ=146, γE[v]=0.0, Q=146.0 (fn)
2026-09-22 18:20:47,999 INFO: Plan 0: ḡ=27, γE[v]=0.0, Q=27.0 (fn)
2026-09-22 18:20:48,000 INFO: Plan 0: ḡ=13.5, γE[v]=22.0, Q=35.5 (bayes)
2026-09-22 18:20:48,000 INFO: Plan 1: ḡ=36.8, γE[v]=10.4, Q=47.2 (bayes)
2026-09-22 18:20:48,000 INFO: Plan 2: ḡ=7.3, γE[v]=25.1, Q=32.5 (bayes)
2026-09-22 18:20:49,297 INFO: Plan 0: ḡ=49, γE[v]=0.0, Q=49.0 (fn)
2026-09-22 18:20:49,911 INFO: Plan 1: ḡ=22, γE[v]=0.0, Q=22.0 (fn)
2026-09-22 18:20:49,964 INFO: Plan 0: ḡ=23, γE[v]=0.0, Q=23.0 (fn)
2026-09-22 18:20:55,829 INFO: Plan 2: ḡ=26, γE[v]=0.0, Q=26.0 (fn)
2026-09-22 18:20:55,830 INFO: Plan 0: ḡ=24.5, γE[v]=47.1, Q=71.6 (bayes)
2026-09-22 18:20:55,830 INFO: Plan 1: ḡ=9.8, γE[v]=54.5, Q=64.2 (bayes)
2026-09-22 18:20:55,830 INFO: Plan 2: ḡ=13.0, γE[v]=52.9, Q=65.9 (bayes)
2026-09-22 18:20:56,206 INFO: Plan 2: ḡ=33, γE[v]=16.0, Q=49.0 (fn)
2026-09-22 18:20:59,349 INFO: Plan 0: ḡ=20, γE[v]=0.0, Q=20.0 (fn)
2026-09-22 18:21:00,212 INFO: Plan 1: ḡ=34, γE[v]=2.5, Q=36.5 (fn)
2026-09-22 18:21:00,445 INFO: Plan 1: ḡ=49, γE[v]=30.5, Q=79.5 (fn)
2026-09-22 18:21:00,446 INFO: Plan 0: ḡ=11.5, γE[v]=90.2, Q=101.8 (bayes)
2026-09-22 18:21:00,446 INFO: Plan 1: ḡ=24.5, γE[v]=85.1, Q=109.6 (bayes)
2026-09-22 18:21:00,446 INFO: Plan 2: ḡ=16.5, γE[v]=88.5, Q=105.0 (bayes)
2026-09-22 18:21:01,025 INFO: Plan 2: ḡ=27, γE[v]=0.0, Q=27.0 (fn)
2026-09-22 18:21:01,026 INFO: Plan 0: ḡ=10.0, γE[v]=9.8, Q=19.8 (bayes)
2026-09-22 18:21:01,026 INFO: Plan 1: ḡ=17.0, γE[v]=6.4, Q=23.4 (bayes)
2026-09-22 18:21:01,026 INFO: Plan 2: ḡ=13.5, γE[v]=8.0, Q=21.5 (bayes)
2026-09-22 18:21:03,087 INFO: Plan 1: ḡ=91, γE[v]=0.0, Q=91.0 (fn)
2026-09-22 18:21:03,124 INFO: Plan 0: ḡ=23, γE[v]=0.0, Q=23.0 (fn)
2026-09-22 18:21:03,333 INFO: Plan 2: ḡ=23, γE[v]=0.0, Q=23.0 (fn)
2026-09-22 18:21:03,488 INFO: Plan 1: ḡ=38, γE[v]=0.0, Q=38.0 (fn)
2026-09-22 18:21:03,488 INFO: Plan 0: ḡ=9.0, γE[v]=2.5, Q=11.5 (bayes)
2026-09-22 18:21:03,489 INFO: Plan 1: ḡ=14.0, γE[v]=0.0, Q=14.0 (bayes)
2026-09-22 18:21:03,489 INFO: Plan 2: ḡ=9.0, γE[v]=2.5, Q=11.5 (bayes)
2026-09-22 18:21:05,221 INFO: Plan 1: ḡ=26, γE[v]=0.0, Q=26.0 (fn)
2026-09-22 18:21:06,166 INFO: Plan 0: ḡ=61, γE[v]=22.0, Q=83.0 (fn)
2026-09-22 18:21:07,164 INFO: Plan 0: ḡ=54, γE[v]=0.0, Q=54.0 (fn)
2026-09-22 18:21:07,572 INFO: Plan 0: ḡ=65, γE[v]=0.0, Q=65.0 (fn)
2026-09-22 18:21:08,213 INFO: Plan 2: ḡ=54, γE[v]=12.5, Q=66.5 (fn)
2026-09-22 18:21:08,438 INFO: Plan 2: ḡ=73, γE[v]=0.0, Q=73.0 (fn)
2026-09-22 18:21:08,646 INFO: Plan 2: ḡ=73, γE[v]=0.0, Q=73.0 (fn)
2026-09-22 18:21:08,646 INFO: Plan 0: ḡ=19.9, γE[v]=65.4, Q=85.3 (bayes)
2026-09-22 18:21:08,646 INFO: Plan 1: ḡ=13.0, γE[v]=68.8, Q=81.8 (bayes)
2026-09-22 18:21:08,646 INFO: Plan 2: ḡ=28.5, γE[v]=61.1, Q=89.6 (bayes)
2026-09-22 18:21:09,143 INFO: Plan 1: ḡ=16, γE[v]=0.0, Q=16.0 (fn)
2026-09-22 18:21:09,984 INFO: Plan 2: ḡ=37, γE[v]=8.0, Q=45.0 (fn)
2026-09-22 18:21:10,235 INFO: Plan 0: ḡ=10, γE[v]=21.5, Q=31.5 (fn)
2026-09-22 18:21:10,235 INFO: Plan 0: ḡ=2.0, γE[v]=5.8, Q=7.8 (bayes)
2026-09-22 18:21:10,235 INFO: Plan 1: ḡ=3.2, γE[v]=3.7, Q=6.9 (bayes)
2026-09-22 18:21:10,235 INFO: Plan 2: ḡ=7.4, γE[v]=2.2, Q=9.6 (bayes)
2026-09-22 18:21:10,277 INFO: Plan 1: ḡ=38, γE[v]=0.0, Q=38.0 (fn)
2026-09-22 18:21:10,278 INFO: Plan 0: ḡ=32.5, γE[v]=22.7, Q=55.2 (bayes)
2026-09-22 18:21:10,278 INFO: Plan 1: ḡ=19.0, γE[v]=29.4, Q=48.4 (bayes)
2026-09-22 18:21:10,278 INFO: Plan 2: ḡ=24.3, γE[v]=26.8, Q=51.1 (bayes)
2026-09-22 18:21:10,873 INFO: Plan 1: ḡ=106, γE[v]=12.0, Q=118.0 (fn)
2026-09-22 18:21:10,874 INFO: Plan 0: ḡ=30.5, γE[v]=35.5, Q=66.0 (bayes)
2026-09-22 18:21:10,874 INFO: Plan 1: ḡ=53.0, γE[v]=23.8, Q=76.8 (bayes)
2026-09-22 18:21:10,874 INFO: Plan 2: ḡ=27.0, γE[v]=36.8, Q=63.8 (bayes)
2026-09-22 18:21:11,757 INFO: Plan 0: ḡ=130, γE[v]=101.5, Q=231.5 (fn)
2026-09-22 18:21:11,978 INFO: Plan 2: ḡ=17, γE[v]=0.0, Q=17.0 (fn)
2026-09-22 18:21:11,980 INFO: Plan 2: ḡ=143, γE[v]=173.5, Q=316.5 (fn)
2026-09-22 18:21:11,980 INFO: Plan 0: ḡ=65.0, γE[v]=143.3, Q=208.3 (bayes)
2026-09-22 18:21:11,980 INFO: Plan 1: ḡ=45.5, γE[v]=148.5, Q=194.0 (bayes)
2026-09-22 18:21:11,980 INFO: Plan 2: ḡ=71.5, γE[v]=143.3, Q=214.8 (bayes)
2026-09-22 18:21:12,552 INFO: Plan 1: ḡ=34, γE[v]=0.0, Q=34.0 (fn)
2026-09-22 18:21:12,553 INFO: Plan 1: ḡ=0, γE[v]=0.0, Q=0.0 (fn)
2026-09-22 18:21:12,590 INFO: Plan 0: ḡ=113, γE[v]=0.0, Q=113.0 (fn)
2026-09-22 18:21:12,736 INFO: Plan 0: ḡ=15, γE[v]=0.0, Q=15.0 (fn)
2026-09-22 18:21:12,915 INFO: Plan 2: ḡ=0, γE[v]=0.0, Q=0.0 (fn)
2026-09-22 18:21:12,915 INFO: Plan 1: ḡ=4, γE[v]=0.0, Q=4.0 (fn)
2026-09-22 18:21:12,916 INFO: Plan 0: ḡ=3.8, γE[v]=0.0, Q=3.8 (bayes)
2026-09-22 18:21:12,916 INFO: Plan 1: ḡ=0.0, γE[v]=1.9, Q=1.9 (bayes)
2026-09-22 18:21:12,916 INFO: Plan 2: ḡ=0.0, γE[v]=1.9, Q=1.9 (bayes)
2026-09-22 18:21:13,448 INFO: Plan 2: ḡ=32, γE[v]=0.0, Q=32.0 (fn)
2026-09-22 18:21:13,743 INFO: Plan 1: ḡ=21, γE[v]=0.0, Q=21.0 (fn)
2026-09-22 18:21:13,783 INFO: Plan 2: ḡ=29, γE[v]=0.0, Q=29.0 (fn)
2026-09-22 18:21:13,784 INFO: Plan 0: ḡ=44.5, γE[v]=76.1, Q=120.6 (bayes)
2026-09-22 18:21:13,784 INFO: Plan 1: ḡ=17.0, γE[v]=89.8, Q=106.8 (bayes)
2026-09-22 18:21:13,784 INFO: Plan 2: ḡ=12.2, γE[v]=92.2, Q=104.4 (bayes)
2026-09-22 18:21:14,938 INFO: Plan 2: ḡ=2, γE[v]=0.0, Q=2.0 (fn)
2026-09-22 18:21:15,061 INFO: Plan 0: ḡ=121, γE[v]=0.0, Q=121.0 (fn)
2026-09-22 18:21:15,062 INFO: Plan 0: ḡ=51.8, γE[v]=13.2, Q=65.1 (bayes)
2026-09-22 18:21:15,062 INFO: Plan 1: ḡ=10.5, γE[v]=33.9, Q=44.4 (bayes)
2026-09-22 18:21:15,062 INFO: Plan 2: ḡ=16.0, γE[v]=31.2, Q=47.2 (bayes)
2026-09-22 18:21:15,101 INFO: Plan 0: ḡ=3, γE[v]=0.0, Q=3.0 (fn)
2026-09-22 18:21:15,829 INFO: Plan 0: ḡ=3, γE[v]=0.0, Q=3.0 (fn)
2026-09-22 18:21:15,871 INFO: Plan 1: ḡ=1, γE[v]=0.0, Q=1.0 (fn)
2026-09-22 18:21:15,872 INFO: Plan 2: ḡ=0, γE[v]=0.0, Q=0.0 (fn)
2026-09-22 18:21:15,872 INFO: Plan 0: ḡ=0.8, γE[v]=0.1, Q=0.8 (bayes)
2026-09-22 18:21:15,873 INFO: Plan 1: ḡ=0.2, γE[v]=0.4, Q=0.6 (bayes)
2026-09-22 18:21:15,877 INFO: Plan 2: ḡ=0.0, γE[v]=0.5, Q=0.5 (bayes)
2026-09-22 18:21:17,468 INFO: Plan 0: ḡ=32, γE[v]=10.5, Q=42.5 (fn)
2026-09-22 18:21:17,468 INFO: Plan 0: ḡ=10.7, γE[v]=6.3, Q=16.9 (bayes)
2026-09-22 18:21:17,468 INFO: Plan 1: ḡ=2.7, γE[v]=9.8, Q=12.5 (bayes)
2026-09-22 18:21:17,468 INFO: Plan 2: ḡ=9.0, γE[v]=6.7, Q=15.7 (bayes)
2026-09-22 18:21:17,637 INFO: Plan 1: ḡ=78, γE[v]=5.5, Q=83.5 (fn)
2026-09-22 18:21:19,083 INFO: Plan 1: ḡ=4, γE[v]=1.5, Q=5.5 (fn)
2026-09-22 18:21:19,085 INFO: Plan 0: ḡ=1.1, γE[v]=0.3, Q=1.5 (bayes)
2026-09-22 18:21:19,087 INFO: Plan 1: ḡ=0.7, γE[v]=0.7, Q=1.3 (bayes)
2026-09-22 18:21:19,088 INFO: Plan 2: ḡ=0.3, γE[v]=0.7, Q=1.1 (bayes)
2026-09-22 18:21:19,524 INFO: Plan 2: ḡ=36, γE[v]=13.5, Q=49.5 (fn)
2026-09-22 18:21:20,360 INFO: Plan 0: ḡ=71, γE[v]=16.0, Q=87.0 (fn)
2026-09-22 18:21:21,338 INFO: Plan 1: ḡ=0, γE[v]=0.0, Q=0.0 (fn)
2026-09-22 18:21:22,189 INFO: Plan 0: ḡ=0, γE[v]=0.0, Q=0.0 (fn)
2026-09-22 18:21:22,230 INFO: Plan 2: ḡ=0, γE[v]=0.0, Q=0.0 (fn)
2026-09-22 18:21:22,231 INFO: Plan 0: ḡ=0.0, γE[v]=0.0, Q=0.0 (bayes)
2026-09-22 18:21:22,231 INFO: Plan 1: ḡ=0.0, γE[v]=0.0, Q=0.0 (bayes)
2026-09-22 18:21:22,231 INFO: Plan 2: ḡ=0.0, γE[v]=0.0, Q=0.0 (bayes)
2026-09-22 18:21:23,490 INFO: Plan 1: ḡ=48, γE[v]=0.0, Q=48.0 (fn)
2026-09-22 18:21:23,798 INFO: Plan 2: ḡ=151, γE[v]=10.0, Q=161.0 (fn)
2026-09-22 18:21:23,798 INFO: Plan 0: ḡ=28.5, γE[v]=20.1, Q=48.6 (bayes)
2026-09-22 18:21:23,799 INFO: Plan 1: ḡ=33.7, γE[v]=17.0, Q=50.7 (bayes)
2026-09-22 18:21:23,799 INFO: Plan 2: ḡ=57.3, γE[v]=5.4, Q=62.7 (bayes)
2026-09-22 18:21:24,513 INFO: Plan 0: ḡ=2, γE[v]=0.5, Q=2.5 (fn)
2026-09-22 18:21:26,199 INFO: Plan 2: ḡ=46, γE[v]=1.0, Q=47.0 (fn)
2026-09-22 18:21:26,571 INFO: Plan 1: ḡ=13, γE[v]=17.5, Q=30.5 (fn)
2026-09-22 18:21:26,572 INFO: Plan 0: ḡ=0.6, γE[v]=6.6, Q=7.2 (bayes)
2026-09-22 18:21:26,572 INFO: Plan 1: ḡ=4.9, γE[v]=5.6, Q=10.5 (bayes)
2026-09-22 18:21:26,572 INFO: Plan 2: ḡ=13.2, γE[v]=0.3, Q=13.6 (bayes)
2026-09-22 18:21:27,264 INFO: Plan 1: ḡ=0, γE[v]=0.0, Q=0.0 (fn)
2026-09-22 18:21:27,804 INFO: Plan 0: ḡ=0, γE[v]=0.0, Q=0.0 (fn)
2026-09-22 18:21:27,994 INFO: Plan 2: ḡ=0, γE[v]=0.0, Q=0.0 (fn)
2026-09-22 18:21:27,995 INFO: Plan 0: ḡ=0.0, γE[v]=0.0, Q=0.0 (bayes)
2026-09-22 18:21:27,995 INFO: Plan 1: ḡ=0.0, γE[v]=0.0, Q=0.0 (bayes)
2026-09-22 18:21:27,995 INFO: Plan 2: ḡ=0.0, γE[v]=0.0, Q=0.0 (bayes)
2026-09-22 18:21:29,033 INFO: Plan 1: ḡ=17, γE[v]=0.0, Q=17.0 (fn)
2026-09-22 18:21:29,288 INFO: Plan 0: ḡ=8, γE[v]=0.0, Q=8.0 (fn)
2026-09-22 18:21:29,289 INFO: Plan 2: ḡ=33, γE[v]=0.0, Q=33.0 (fn)
2026-09-22 18:21:29,289 INFO: Plan 0: ḡ=1.6, γE[v]=4.8, Q=6.4 (bayes)
2026-09-22 18:21:29,289 INFO: Plan 1: ḡ=3.2, γE[v]=4.0, Q=7.2 (bayes)
2026-09-22 18:21:29,289 INFO: Plan 2: ḡ=6.5, γE[v]=2.4, Q=8.8 (bayes)
2026-09-22 18:21:30,253 INFO: Plan 0: ḡ=54, γE[v]=16.0, Q=70.0 (fn)
2026-09-22 18:21:30,254 INFO: Plan 0: ḡ=18.2, γE[v]=6.7, Q=24.8 (bayes)
2026-09-22 18:21:30,254 INFO: Plan 1: ḡ=17.0, γE[v]=6.3, Q=23.3 (bayes)
2026-09-22 18:21:30,254 INFO: Plan 2: ḡ=12.7, γE[v]=9.3, Q=22.0 (bayes)
2026-09-22 18:21:30,567 INFO: Plan 2: ḡ=15, γE[v]=0.0, Q=15.0 (fn)
2026-09-22 18:21:30,934 INFO: Plan 1: ḡ=2, γE[v]=0.0, Q=2.0 (fn)
2026-09-22 18:21:31,501 INFO: Plan 0: ḡ=1, γE[v]=0.0, Q=1.0 (fn)
2026-09-22 18:21:32,253 INFO: Plan 2: ḡ=0, γE[v]=0.0, Q=0.0 (fn)
2026-09-22 18:21:32,565 INFO: Plan 2: ḡ=9, γE[v]=0.0, Q=9.0 (fn)
2026-09-22 18:21:32,645 INFO: Plan 1: ḡ=12, γE[v]=0.0, Q=12.0 (fn)
2026-09-22 18:21:33,048 INFO: Plan 1: ḡ=2, γE[v]=0.0, Q=2.0 (fn)
2026-09-22 18:21:33,049 INFO: Plan 0: ḡ=0.2, γE[v]=0.1, Q=0.4 (bayes)
2026-09-22 18:21:33,049 INFO: Plan 1: ḡ=0.5, γE[v]=0.0, Q=0.5 (bayes)
2026-09-22 18:21:33,049 INFO: Plan 2: ḡ=0.0, γE[v]=0.2, Q=0.2 (bayes)
2026-09-22 18:21:33,091 INFO: Plan 0: ḡ=5, γE[v]=0.0, Q=5.0 (fn)
2026-09-22 18:21:33,091 INFO: Plan 0: ḡ=2.5, γE[v]=3.8, Q=6.3 (bayes)
2026-09-22 18:21:33,091 INFO: Plan 1: ḡ=4.7, γE[v]=2.8, Q=7.4 (bayes)
2026-09-22 18:21:33,091 INFO: Plan 2: ḡ=3.0, γE[v]=3.6, Q=6.6 (bayes)
2026-09-22 18:21:33,684 INFO: Plan 0: ḡ=2, γE[v]=8.5, Q=10.5 (fn)
2026-09-22 18:21:33,684 INFO: Plan 0: ḡ=0.7, γE[v]=3.3, Q=4.0 (bayes)
2026-09-22 18:21:33,684 INFO: Plan 1: ḡ=0.7, γE[v]=2.8, Q=3.5 (bayes)
2026-09-22 18:21:33,685 INFO: Plan 2: ḡ=5.0, γE[v]=0.7, Q=5.7 (bayes)
2026-09-22 18:21:34,900 INFO: Plan 0: ḡ=1, γE[v]=0.0, Q=1.0 (fn)
2026-09-22 18:21:35,441 INFO: Plan 2: ḡ=0, γE[v]=0.0, Q=0.0 (fn)
  [49/93] pydantic.main seed=42: {'random': 119, 'greedy': 119, 'cov_greedy': 161, 'covqvalue2': 202}
2026-09-22 18:21:35,700 INFO: Plan 0: ḡ=30, γE[v]=0.0, Q=30.0 (fn)
2026-09-22 18:21:37,489 INFO: Plan 1: ḡ=1, γE[v]=0.5, Q=1.5 (fn)
2026-09-22 18:21:37,490 INFO: Plan 0: ḡ=0.2, γE[v]=0.1, Q=0.3 (bayes)
2026-09-22 18:21:37,490 INFO: Plan 1: ḡ=0.2, γE[v]=0.1, Q=0.3 (bayes)
2026-09-22 18:21:37,490 INFO: Plan 2: ḡ=0.0, γE[v]=0.2, Q=0.2 (bayes)
2026-09-22 18:21:37,615 INFO: Plan 2: ḡ=36, γE[v]=0.0, Q=36.0 (fn)
2026-09-22 18:21:38,046 INFO: Plan 1: ḡ=15, γE[v]=2.0, Q=17.0 (fn)
2026-09-22 18:21:38,047 INFO: Plan 0: ḡ=9.9, γE[v]=30.7, Q=40.5 (bayes)
2026-09-22 18:21:38,047 INFO: Plan 1: ḡ=4.6, γE[v]=33.4, Q=38.0 (bayes)
2026-09-22 18:21:38,047 INFO: Plan 2: ḡ=14.2, γE[v]=28.5, Q=42.7 (bayes)
2026-09-22 18:21:39,370 INFO: Plan 0: ḡ=26, γE[v]=0.0, Q=26.0 (fn)
2026-09-22 18:21:39,454 INFO: Plan 2: ḡ=13, γE[v]=0.0, Q=13.0 (fn)
2026-09-22 18:21:39,454 INFO: Plan 1: ḡ=13, γE[v]=0.0, Q=13.0 (fn)
2026-09-22 18:21:39,455 INFO: Plan 0: ḡ=8.4, γE[v]=2.8, Q=11.2 (bayes)
2026-09-22 18:21:39,455 INFO: Plan 1: ḡ=5.0, γE[v]=4.5, Q=9.5 (bayes)
2026-09-22 18:21:39,455 INFO: Plan 2: ḡ=3.4, γE[v]=5.3, Q=8.8 (bayes)
2026-09-22 18:21:44,534 INFO: Plan 0: ḡ=2, γE[v]=0.0, Q=2.0 (fn)
2026-09-22 18:21:44,696 INFO: Plan 1: ḡ=3, γE[v]=0.0, Q=3.0 (fn)
2026-09-22 18:21:45,078 INFO: Plan 2: ḡ=2, γE[v]=0.5, Q=2.5 (fn)
2026-09-22 18:21:45,078 INFO: Plan 0: ḡ=0.4, γE[v]=0.1, Q=0.5 (bayes)
2026-09-22 18:21:45,078 INFO: Plan 1: ḡ=0.6, γE[v]=0.0, Q=0.6 (bayes)
2026-09-22 18:21:45,078 INFO: Plan 2: ḡ=0.4, γE[v]=0.1, Q=0.5 (bayes)
2026-09-22 18:21:45,662 INFO: Plan 0: ḡ=35, γE[v]=0.0, Q=35.0 (fn)
2026-09-22 18:21:45,743 INFO: Plan 1: ḡ=52, γE[v]=0.0, Q=52.0 (fn)
2026-09-22 18:21:49,010 INFO: Plan 2: ḡ=61, γE[v]=1.0, Q=62.0 (fn)
2026-09-22 18:21:49,012 INFO: Plan 0: ḡ=17.5, γE[v]=45.2, Q=62.8 (bayes)
2026-09-22 18:21:49,012 INFO: Plan 1: ḡ=26.0, γE[v]=41.0, Q=67.0 (bayes)
2026-09-22 18:21:49,012 INFO: Plan 2: ḡ=30.5, γE[v]=38.8, Q=69.3 (bayes)
2026-09-22 18:21:49,206 INFO: Plan 1: ḡ=18, γE[v]=0.0, Q=18.0 (fn)
2026-09-22 18:21:50,241 INFO: Plan 2: ḡ=41, γE[v]=0.0, Q=41.0 (fn)
2026-09-22 18:21:50,500 INFO: Plan 0: ḡ=36, γE[v]=0.0, Q=36.0 (fn)
2026-09-22 18:21:50,500 INFO: Plan 0: ḡ=18.0, γE[v]=22.7, Q=40.7 (bayes)
2026-09-22 18:21:50,500 INFO: Plan 1: ḡ=9.0, γE[v]=27.2, Q=36.2 (bayes)
2026-09-22 18:21:50,500 INFO: Plan 2: ḡ=16.0, γE[v]=23.7, Q=39.7 (bayes)
2026-09-22 18:21:53,008 INFO: Plan 2: ḡ=15, γE[v]=0.0, Q=15.0 (fn)
2026-09-22 18:21:53,391 INFO: Plan 0: ḡ=27, γE[v]=0.0, Q=27.0 (fn)
2026-09-22 18:21:53,868 INFO: Plan 1: ḡ=28, γE[v]=0.0, Q=28.0 (fn)
2026-09-22 18:21:53,868 INFO: Plan 0: ḡ=13.5, γE[v]=3.8, Q=17.3 (bayes)
2026-09-22 18:21:53,868 INFO: Plan 1: ḡ=13.8, γE[v]=3.7, Q=17.5 (bayes)
2026-09-22 18:21:53,868 INFO: Plan 2: ḡ=7.3, γE[v]=6.9, Q=14.2 (bayes)
2026-09-22 18:21:54,940 INFO: Plan 0: ḡ=17, γE[v]=0.0, Q=17.0 (fn)
2026-09-22 18:21:54,982 INFO: Plan 1: ḡ=6, γE[v]=0.0, Q=6.0 (fn)
2026-09-22 18:21:55,501 INFO: Plan 0: ḡ=33, γE[v]=0.0, Q=33.0 (fn)
2026-09-22 18:21:56,870 INFO: Plan 1: ḡ=20, γE[v]=0.0, Q=20.0 (fn)
2026-09-22 18:21:57,059 INFO: Plan 2: ḡ=25, γE[v]=0.0, Q=25.0 (fn)
2026-09-22 18:21:57,060 INFO: Plan 0: ḡ=16.5, γE[v]=62.4, Q=78.9 (bayes)
2026-09-22 18:21:57,060 INFO: Plan 1: ḡ=7.2, γE[v]=67.1, Q=74.2 (bayes)
2026-09-22 18:21:57,060 INFO: Plan 2: ḡ=12.5, γE[v]=64.4, Q=76.9 (bayes)
2026-09-22 18:21:57,645 INFO: Plan 2: ḡ=22, γE[v]=0.0, Q=22.0 (fn)
2026-09-22 18:21:57,646 INFO: Plan 0: ḡ=6.0, γE[v]=5.5, Q=11.5 (bayes)
2026-09-22 18:21:57,646 INFO: Plan 1: ḡ=3.0, γE[v]=7.0, Q=10.0 (bayes)
2026-09-22 18:21:57,646 INFO: Plan 2: ḡ=11.0, γE[v]=3.0, Q=14.0 (bayes)
2026-09-22 18:21:58,581 INFO: Plan 2: ḡ=14, γE[v]=0.0, Q=14.0 (fn)
2026-09-22 18:21:59,254 INFO: Plan 0: ḡ=3, γE[v]=0.0, Q=3.0 (fn)
2026-09-22 18:21:59,342 INFO: Plan 1: ḡ=124, γE[v]=81.5, Q=205.5 (fn)
2026-09-22 18:21:59,343 INFO: Plan 0: ḡ=66, γE[v]=129.5, Q=195.5 (fn)
2026-09-22 18:21:59,858 INFO: Plan 1: ḡ=5, γE[v]=0.0, Q=5.0 (fn)
2026-09-22 18:21:59,859 INFO: Plan 0: ḡ=1.8, γE[v]=4.2, Q=6.0 (bayes)
2026-09-22 18:21:59,859 INFO: Plan 1: ḡ=3.8, γE[v]=3.2, Q=7.0 (bayes)
2026-09-22 18:21:59,859 INFO: Plan 2: ḡ=4.7, γE[v]=2.8, Q=7.4 (bayes)
2026-09-22 18:22:01,048 INFO: Plan 1: ḡ=15, γE[v]=0.0, Q=15.0 (fn)
2026-09-22 18:22:02,076 INFO: Plan 2: ḡ=110, γE[v]=128.5, Q=238.5 (fn)
2026-09-22 18:22:02,077 INFO: Plan 0: ḡ=33.0, γE[v]=83.1, Q=116.1 (bayes)
2026-09-22 18:22:02,077 INFO: Plan 1: ḡ=62.0, γE[v]=66.4, Q=128.4 (bayes)
2026-09-22 18:22:02,077 INFO: Plan 2: ḡ=55.0, γE[v]=72.0, Q=127.0 (bayes)
2026-09-22 18:22:02,120 INFO: Plan 0: ḡ=13, γE[v]=0.0, Q=13.0 (fn)
2026-09-22 18:22:02,595 INFO: Plan 2: ḡ=15, γE[v]=7.5, Q=22.5 (fn)
2026-09-22 18:22:02,636 INFO: Plan 0: ḡ=15, γE[v]=7.5, Q=22.5 (fn)
2026-09-22 18:22:02,636 INFO: Plan 0: ḡ=3.8, γE[v]=2.4, Q=6.1 (bayes)
2026-09-22 18:22:02,637 INFO: Plan 1: ḡ=3.8, γE[v]=1.9, Q=5.6 (bayes)
2026-09-22 18:22:02,637 INFO: Plan 2: ḡ=3.8, γE[v]=2.4, Q=6.1 (bayes)
2026-09-22 18:22:03,056 INFO: Plan 2: ḡ=7, γE[v]=2.5, Q=9.5 (fn)
2026-09-22 18:22:03,846 INFO: Plan 1: ḡ=19, γE[v]=6.5, Q=25.5 (fn)
2026-09-22 18:22:03,846 INFO: Plan 0: ḡ=6.5, γE[v]=3.7, Q=10.2 (bayes)
2026-09-22 18:22:03,846 INFO: Plan 1: ḡ=7.5, γE[v]=3.5, Q=11.0 (bayes)
2026-09-22 18:22:03,846 INFO: Plan 2: ḡ=2.3, γE[v]=6.0, Q=8.3 (bayes)
2026-09-22 18:22:05,486 INFO: Plan 0: ḡ=14, γE[v]=0.0, Q=14.0 (fn)
2026-09-22 18:22:05,890 INFO: Plan 0: ḡ=50, γE[v]=0.0, Q=50.0 (fn)
2026-09-22 18:22:06,013 INFO: Plan 2: ḡ=0, γE[v]=0.0, Q=0.0 (fn)
2026-09-22 18:22:06,015 INFO: Plan 1: ḡ=0, γE[v]=0.0, Q=0.0 (fn)
2026-09-22 18:22:06,442 INFO: Plan 0: ḡ=1, γE[v]=0.0, Q=1.0 (fn)
2026-09-22 18:22:06,443 INFO: Plan 0: ḡ=0.2, γE[v]=0.0, Q=0.2 (bayes)
2026-09-22 18:22:06,443 INFO: Plan 1: ḡ=0.0, γE[v]=0.1, Q=0.1 (bayes)
2026-09-22 18:22:06,443 INFO: Plan 2: ḡ=0.0, γE[v]=0.1, Q=0.1 (bayes)
2026-09-22 18:22:07,443 INFO: Plan 2: ḡ=8, γE[v]=1.5, Q=9.5 (fn)
2026-09-22 18:22:07,860 INFO: Plan 1: ḡ=20, γE[v]=0.0, Q=20.0 (fn)
2026-09-22 18:22:07,899 INFO: Plan 2: ḡ=24, γE[v]=0.0, Q=24.0 (fn)
2026-09-22 18:22:08,894 INFO: Plan 0: ḡ=1, γE[v]=0.0, Q=1.0 (fn)
2026-09-22 18:22:09,107 INFO: Plan 2: ḡ=0, γE[v]=0.0, Q=0.0 (fn)
2026-09-22 18:22:09,371 INFO: Plan 1: ḡ=60, γE[v]=0.0, Q=60.0 (fn)
2026-09-22 18:22:09,371 INFO: Plan 0: ḡ=5.8, γE[v]=16.7, Q=22.5 (bayes)
2026-09-22 18:22:09,371 INFO: Plan 1: ḡ=27.5, γE[v]=5.8, Q=33.3 (bayes)
2026-09-22 18:22:09,371 INFO: Plan 2: ḡ=3.8, γE[v]=17.7, Q=21.6 (bayes)
2026-09-22 18:22:09,736 INFO: Plan 1: ḡ=2, γE[v]=0.0, Q=2.0 (fn)
2026-09-22 18:22:09,737 INFO: Plan 0: ḡ=0.2, γE[v]=0.1, Q=0.3 (bayes)
2026-09-22 18:22:09,737 INFO: Plan 1: ḡ=0.4, γE[v]=0.0, Q=0.4 (bayes)
2026-09-22 18:22:09,737 INFO: Plan 2: ḡ=0.0, γE[v]=0.2, Q=0.2 (bayes)
2026-09-22 18:22:10,107 INFO: Plan 1: ḡ=0, γE[v]=0.0, Q=0.0 (fn)
2026-09-22 18:22:10,714 INFO: Plan 0: ḡ=0, γE[v]=0.0, Q=0.0 (fn)
2026-09-22 18:22:11,165 INFO: Plan 1: ḡ=29, γE[v]=0.0, Q=29.0 (fn)
2026-09-22 18:22:11,208 INFO: Plan 2: ḡ=0, γE[v]=0.0, Q=0.0 (fn)
2026-09-22 18:22:11,209 INFO: Plan 0: ḡ=0.0, γE[v]=0.0, Q=0.0 (bayes)
2026-09-22 18:22:11,209 INFO: Plan 1: ḡ=0.0, γE[v]=0.0, Q=0.0 (bayes)
2026-09-22 18:22:11,209 INFO: Plan 2: ḡ=0.0, γE[v]=0.0, Q=0.0 (bayes)
2026-09-22 18:22:12,105 INFO: Plan 0: ḡ=23, γE[v]=2.5, Q=25.5 (fn)
2026-09-22 18:22:12,105 INFO: Plan 0: ḡ=9.0, γE[v]=11.1, Q=20.1 (bayes)
2026-09-22 18:22:12,106 INFO: Plan 1: ḡ=14.5, γE[v]=8.2, Q=22.8 (bayes)
2026-09-22 18:22:12,106 INFO: Plan 2: ḡ=12.0, γE[v]=9.5, Q=21.5 (bayes)
2026-09-22 18:22:13,743 INFO: Plan 2: ḡ=20, γE[v]=4.5, Q=24.5 (fn)
2026-09-22 18:22:13,743 INFO: Plan 0: ḡ=21.8, γE[v]=39.4, Q=61.2 (bayes)
2026-09-22 18:22:13,745 INFO: Plan 1: ḡ=9.0, γE[v]=45.8, Q=54.8 (bayes)
2026-09-22 18:22:13,747 INFO: Plan 2: ḡ=10.0, γE[v]=45.5, Q=55.5 (bayes)
2026-09-22 18:22:14,326 INFO: Plan 1: ḡ=46, γE[v]=0.0, Q=46.0 (fn)
2026-09-22 18:22:14,544 INFO: Plan 0: ḡ=82, γE[v]=0.0, Q=82.0 (fn)
2026-09-22 18:22:15,265 INFO: Plan 2: ḡ=50, γE[v]=0.0, Q=50.0 (fn)
2026-09-22 18:22:15,266 INFO: Plan 0: ḡ=26.6, γE[v]=67.6, Q=94.2 (bayes)
2026-09-22 18:22:15,266 INFO: Plan 1: ḡ=23.0, γE[v]=69.4, Q=92.4 (bayes)
2026-09-22 18:22:15,266 INFO: Plan 2: ḡ=22.7, γE[v]=69.5, Q=92.2 (bayes)
2026-09-22 18:22:15,572 INFO: Plan 1: ḡ=16, γE[v]=0.0, Q=16.0 (fn)
2026-09-22 18:22:16,033 INFO: Plan 2: ḡ=53, γE[v]=0.0, Q=53.0 (fn)
2026-09-22 18:22:16,274 INFO: Plan 0: ḡ=10, γE[v]=3.0, Q=13.0 (fn)
2026-09-22 18:22:16,275 INFO: Plan 0: ḡ=1.7, γE[v]=3.8, Q=5.5 (bayes)
2026-09-22 18:22:16,275 INFO: Plan 1: ḡ=2.7, γE[v]=3.1, Q=5.8 (bayes)
2026-09-22 18:22:16,275 INFO: Plan 2: ḡ=8.8, γE[v]=0.0, Q=8.8 (bayes)
2026-09-22 18:22:17,985 INFO: Plan 0: ḡ=3, γE[v]=0.0, Q=3.0 (fn)
2026-09-22 18:22:18,618 INFO: Plan 1: ḡ=4, γE[v]=0.0, Q=4.0 (fn)
2026-09-22 18:22:18,741 INFO: Plan 2: ḡ=4, γE[v]=0.0, Q=4.0 (fn)
2026-09-22 18:22:18,742 INFO: Plan 0: ḡ=1.1, γE[v]=0.3, Q=1.5 (bayes)
2026-09-22 18:22:18,742 INFO: Plan 1: ḡ=0.7, γE[v]=0.6, Q=1.2 (bayes)
2026-09-22 18:22:18,742 INFO: Plan 2: ḡ=0.7, γE[v]=0.6, Q=1.2 (bayes)
2026-09-22 18:22:18,935 INFO: Plan 2: ḡ=62, γE[v]=28.0, Q=90.0 (fn)
2026-09-22 18:22:19,241 INFO: Plan 0: ḡ=21, γE[v]=0.0, Q=21.0 (fn)
2026-09-22 18:22:19,758 INFO: Plan 2: ḡ=69, γE[v]=0.0, Q=69.0 (fn)
2026-09-22 18:22:20,407 INFO: Plan 0: ḡ=54, γE[v]=0.0, Q=54.0 (fn)
2026-09-22 18:22:20,408 INFO: Plan 1: ḡ=32, γE[v]=0.0, Q=32.0 (fn)
2026-09-22 18:22:20,959 INFO: Plan 2: ḡ=44, γE[v]=0.0, Q=44.0 (fn)
2026-09-22 18:22:20,960 INFO: Plan 0: ḡ=19.9, γE[v]=57.3, Q=77.2 (bayes)
2026-09-22 18:22:20,960 INFO: Plan 1: ḡ=14.5, γE[v]=60.0, Q=74.5 (bayes)
2026-09-22 18:22:20,960 INFO: Plan 2: ḡ=12.7, γE[v]=60.9, Q=73.6 (bayes)
2026-09-22 18:22:21,489 INFO: Plan 1: ḡ=18, γE[v]=1.0, Q=19.0 (fn)
2026-09-22 18:22:21,490 INFO: Plan 0: ḡ=10.5, γE[v]=17.4, Q=27.9 (bayes)
2026-09-22 18:22:21,490 INFO: Plan 1: ḡ=8.8, γE[v]=18.3, Q=27.1 (bayes)
2026-09-22 18:22:21,490 INFO: Plan 2: ḡ=23.0, γE[v]=11.2, Q=34.2 (bayes)
2026-09-22 18:22:22,388 INFO: Plan 2: ḡ=0, γE[v]=0.0, Q=0.0 (fn)
2026-09-22 18:22:23,011 INFO: Plan 1: ḡ=47, γE[v]=118.0, Q=165.0 (fn)
2026-09-22 18:22:23,414 INFO: Plan 0: ḡ=2, γE[v]=0.0, Q=2.0 (fn)
2026-09-22 18:22:23,636 INFO: Plan 2: ḡ=0, γE[v]=0.0, Q=0.0 (fn)
2026-09-22 18:22:24,052 INFO: Plan 0: ḡ=8, γE[v]=0.0, Q=8.0 (fn)
2026-09-22 18:22:24,093 INFO: Plan 0: ḡ=2, γE[v]=0.0, Q=2.0 (fn)
2026-09-22 18:22:24,333 INFO: Plan 1: ḡ=2, γE[v]=0.0, Q=2.0 (fn)
2026-09-22 18:22:24,334 INFO: Plan 0: ḡ=0.7, γE[v]=2.2, Q=2.9 (bayes)
2026-09-22 18:22:24,334 INFO: Plan 1: ḡ=0.7, γE[v]=2.2, Q=2.9 (bayes)
2026-09-22 18:22:24,334 INFO: Plan 2: ḡ=0.0, γE[v]=2.5, Q=2.5 (bayes)
2026-09-22 18:22:24,377 INFO: Plan 1: ḡ=7, γE[v]=0.0, Q=7.0 (fn)
2026-09-22 18:22:24,378 INFO: Plan 0: ḡ=0.5, γE[v]=1.6, Q=2.0 (bayes)
2026-09-22 18:22:24,378 INFO: Plan 1: ḡ=3.6, γE[v]=0.0, Q=3.6 (bayes)
2026-09-22 18:22:24,378 INFO: Plan 2: ḡ=0.0, γE[v]=1.8, Q=1.8 (bayes)
2026-09-22 18:22:25,064 INFO: Plan 0: ḡ=0, γE[v]=0.0, Q=0.0 (fn)
2026-09-22 18:22:25,104 INFO: Plan 1: ḡ=0, γE[v]=0.0, Q=0.0 (fn)
2026-09-22 18:22:25,425 INFO: Plan 1: ḡ=7, γE[v]=1.0, Q=8.0 (fn)
2026-09-22 18:22:25,426 INFO: Plan 2: ḡ=0, γE[v]=0.0, Q=0.0 (fn)
2026-09-22 18:22:25,426 INFO: Plan 0: ḡ=0.0, γE[v]=0.0, Q=0.0 (bayes)
2026-09-22 18:22:25,427 INFO: Plan 1: ḡ=0.0, γE[v]=0.0, Q=0.0 (bayes)
2026-09-22 18:22:25,427 INFO: Plan 2: ḡ=0.0, γE[v]=0.0, Q=0.0 (bayes)
2026-09-22 18:22:26,397 INFO: Plan 2: ḡ=3, γE[v]=0.0, Q=3.0 (fn)
2026-09-22 18:22:27,316 INFO: Plan 2: ḡ=17, γE[v]=4.0, Q=21.0 (fn)
2026-09-22 18:22:27,316 INFO: Plan 0: ḡ=1.6, γE[v]=1.6, Q=3.2 (bayes)
2026-09-22 18:22:27,316 INFO: Plan 1: ḡ=1.5, γE[v]=1.7, Q=3.2 (bayes)
2026-09-22 18:22:27,316 INFO: Plan 2: ḡ=3.2, γE[v]=1.1, Q=4.2 (bayes)
2026-09-22 18:22:27,821 INFO: Plan 0: ḡ=130, γE[v]=99.0, Q=229.0 (fn)
2026-09-22 18:22:27,821 INFO: Plan 0: ḡ=51.8, γE[v]=79.9, Q=131.7 (bayes)
2026-09-22 18:22:27,821 INFO: Plan 1: ḡ=18.2, γE[v]=98.0, Q=116.1 (bayes)
2026-09-22 18:22:27,822 INFO: Plan 2: ḡ=26.5, γE[v]=88.4, Q=114.9 (bayes)
2026-09-22 18:22:28,879 INFO: Plan 1: ḡ=16, γE[v]=0.0, Q=16.0 (fn)
2026-09-22 18:22:29,799 INFO: Plan 0: ḡ=7, γE[v]=5.0, Q=12.0 (fn)
2026-09-22 18:22:29,800 INFO: Plan 0: ḡ=2.3, γE[v]=2.0, Q=4.3 (bayes)
2026-09-22 18:22:29,800 INFO: Plan 1: ḡ=5.3, γE[v]=0.2, Q=5.5 (bayes)
2026-09-22 18:22:29,800 INFO: Plan 2: ḡ=1.0, γE[v]=2.3, Q=3.3 (bayes)
  [50/93] httpx._client seed=42: {'random': 74, 'greedy': 41, 'cov_greedy': 41, 'covqvalue2': 137}
2026-09-22 18:22:32,425 INFO: Plan 1: ḡ=48, γE[v]=0.0, Q=48.0 (fn)
2026-09-22 18:22:35,439 INFO: Plan 0: ḡ=0, γE[v]=0.0, Q=0.0 (fn)
2026-09-22 18:22:35,950 INFO: Plan 1: ḡ=0, γE[v]=0.0, Q=0.0 (fn)
2026-09-22 18:22:35,951 INFO: Plan 2: ḡ=0, γE[v]=0.0, Q=0.0 (fn)
2026-09-22 18:22:35,951 INFO: Plan 0: ḡ=0.0, γE[v]=0.0, Q=0.0 (bayes)
2026-09-22 18:22:35,951 INFO: Plan 1: ḡ=0.0, γE[v]=0.0, Q=0.0 (bayes)
2026-09-22 18:22:35,951 INFO: Plan 2: ḡ=0.0, γE[v]=0.0, Q=0.0 (bayes)
2026-09-22 18:22:36,409 INFO: Plan 2: ḡ=36, γE[v]=23.0, Q=59.0 (fn)
2026-09-22 18:22:38,437 INFO: Plan 1: ḡ=1, γE[v]=0.0, Q=1.0 (fn)
2026-09-22 18:22:38,741 INFO: Plan 2: ḡ=0, γE[v]=0.0, Q=0.0 (fn)
2026-09-22 18:22:38,946 INFO: Plan 0: ḡ=2, γE[v]=0.0, Q=2.0 (fn)
2026-09-22 18:22:38,947 INFO: Plan 0: ḡ=0.3, γE[v]=0.0, Q=0.3 (bayes)
2026-09-22 18:22:38,947 INFO: Plan 1: ḡ=0.2, γE[v]=0.1, Q=0.2 (bayes)
2026-09-22 18:22:38,947 INFO: Plan 2: ḡ=0.0, γE[v]=0.2, Q=0.2 (bayes)
2026-09-22 18:22:39,577 INFO: Plan 0: ḡ=25, γE[v]=16.0, Q=41.0 (fn)
2026-09-22 18:22:39,578 INFO: Plan 0: ḡ=6.3, γE[v]=8.9, Q=15.2 (bayes)
2026-09-22 18:22:39,578 INFO: Plan 1: ḡ=12.5, γE[v]=4.8, Q=17.2 (bayes)
2026-09-22 18:22:39,578 INFO: Plan 2: ḡ=9.3, γE[v]=7.9, Q=17.2 (bayes)
2026-09-22 18:22:41,146 INFO: Plan 0: ḡ=23, γE[v]=0.0, Q=23.0 (fn)
2026-09-22 18:22:41,542 INFO: Plan 0: ḡ=7, γE[v]=0.0, Q=7.0 (fn)
2026-09-22 18:22:41,775 INFO: Plan 1: ḡ=0, γE[v]=0.0, Q=0.0 (fn)
2026-09-22 18:22:41,858 INFO: Plan 0: ḡ=2, γE[v]=0.0, Q=2.0 (fn)
2026-09-22 18:22:42,156 INFO: Plan 2: ḡ=2, γE[v]=0.0, Q=2.0 (fn)
2026-09-22 18:22:42,156 INFO: Plan 0: ḡ=0.3, γE[v]=0.0, Q=0.3 (bayes)
2026-09-22 18:22:42,157 INFO: Plan 1: ḡ=0.0, γE[v]=0.2, Q=0.2 (bayes)
2026-09-22 18:22:42,157 INFO: Plan 2: ḡ=0.3, γE[v]=0.0, Q=0.3 (bayes)
2026-09-22 18:22:42,243 INFO: Plan 1: ḡ=8, γE[v]=0.0, Q=8.0 (fn)
2026-09-22 18:22:42,391 INFO: Plan 2: ḡ=13, γE[v]=0.0, Q=13.0 (fn)
2026-09-22 18:22:42,391 INFO: Plan 0: ḡ=3.5, γE[v]=2.2, Q=5.7 (bayes)
2026-09-22 18:22:42,391 INFO: Plan 1: ḡ=2.2, γE[v]=2.9, Q=5.0 (bayes)
2026-09-22 18:22:42,391 INFO: Plan 2: ḡ=2.9, γE[v]=2.5, Q=5.4 (bayes)
2026-09-22 18:22:46,297 INFO: Plan 0: ḡ=30, γE[v]=0.0, Q=30.0 (fn)
2026-09-22 18:22:46,945 INFO: Plan 2: ḡ=27, γE[v]=0.0, Q=27.0 (fn)
2026-09-22 18:22:47,191 INFO: Plan 0: ḡ=6, γE[v]=0.0, Q=6.0 (fn)
2026-09-22 18:22:47,746 INFO: Plan 1: ḡ=7, γE[v]=0.0, Q=7.0 (fn)
2026-09-22 18:22:47,790 INFO: Plan 2: ḡ=7, γE[v]=0.0, Q=7.0 (fn)
2026-09-22 18:22:47,791 INFO: Plan 0: ḡ=2.0, γE[v]=2.0, Q=4.0 (bayes)
2026-09-22 18:22:47,791 INFO: Plan 1: ḡ=2.3, γE[v]=1.9, Q=4.2 (bayes)
2026-09-22 18:22:47,791 INFO: Plan 2: ḡ=1.8, γE[v]=2.2, Q=3.9 (bayes)
2026-09-22 18:22:48,276 INFO: Plan 1: ḡ=184, γE[v]=43.5, Q=227.5 (fn)
2026-09-22 18:22:49,783 INFO: Plan 1: ḡ=15, γE[v]=17.5, Q=32.5 (fn)
2026-09-22 18:22:49,784 INFO: Plan 0: ḡ=9.9, γE[v]=28.5, Q=38.4 (bayes)
2026-09-22 18:22:49,784 INFO: Plan 1: ḡ=4.6, γE[v]=32.2, Q=36.8 (bayes)
2026-09-22 18:22:49,784 INFO: Plan 2: ḡ=6.9, γE[v]=30.0, Q=37.0 (bayes)
2026-09-22 18:22:49,829 INFO: Plan 2: ḡ=114, γE[v]=35.5, Q=149.5 (fn)
2026-09-22 18:22:49,831 INFO: Plan 0: ḡ=11.5, γE[v]=143.0, Q=154.5 (bayes)
2026-09-22 18:22:49,831 INFO: Plan 1: ḡ=92.0, γE[v]=104.7, Q=196.7 (bayes)
2026-09-22 18:22:49,831 INFO: Plan 2: ḡ=57.0, γE[v]=121.8, Q=178.8 (bayes)
2026-09-22 18:22:51,096 INFO: Plan 1: ḡ=2, γE[v]=0.0, Q=2.0 (fn)
2026-09-22 18:22:51,338 INFO: Plan 0: ḡ=2, γE[v]=0.0, Q=2.0 (fn)
2026-09-22 18:22:51,420 INFO: Plan 2: ḡ=4, γE[v]=0.0, Q=4.0 (fn)
2026-09-22 18:22:51,420 INFO: Plan 0: ḡ=1.0, γE[v]=2.2, Q=3.2 (bayes)
2026-09-22 18:22:51,420 INFO: Plan 1: ḡ=1.5, γE[v]=2.0, Q=3.5 (bayes)
2026-09-22 18:22:51,420 INFO: Plan 2: ḡ=3.0, γE[v]=1.2, Q=4.2 (bayes)
2026-09-22 18:22:55,172 INFO: Plan 1: ḡ=25, γE[v]=0.0, Q=25.0 (fn)
2026-09-22 18:22:55,858 INFO: Plan 0: ḡ=24, γE[v]=0.0, Q=24.0 (fn)
2026-09-22 18:22:56,347 INFO: Plan 2: ḡ=0, γE[v]=0.0, Q=0.0 (fn)
2026-09-22 18:22:56,513 INFO: Plan 1: ḡ=39, γE[v]=0.0, Q=39.0 (fn)
2026-09-22 18:22:57,067 INFO: Plan 0: ḡ=1, γE[v]=0.5, Q=1.5 (fn)
2026-09-22 18:22:57,104 INFO: Plan 1: ḡ=2, γE[v]=0.0, Q=2.0 (fn)
2026-09-22 18:22:57,104 INFO: Plan 0: ḡ=0.2, γE[v]=0.1, Q=0.3 (bayes)
2026-09-22 18:22:57,104 INFO: Plan 1: ḡ=0.3, γE[v]=0.0, Q=0.3 (bayes)
2026-09-22 18:22:57,104 INFO: Plan 2: ḡ=0.0, γE[v]=0.2, Q=0.2 (bayes)
2026-09-22 18:22:57,349 INFO: Plan 2: ḡ=8, γE[v]=0.0, Q=8.0 (fn)
2026-09-22 18:22:57,350 INFO: Plan 0: ḡ=11.8, γE[v]=57.0, Q=68.8 (bayes)
2026-09-22 18:22:57,350 INFO: Plan 1: ḡ=8.8, γE[v]=58.5, Q=67.3 (bayes)
2026-09-22 18:22:57,350 INFO: Plan 2: ḡ=3.8, γE[v]=61.0, Q=64.8 (bayes)
2026-09-22 18:22:58,572 INFO: Plan 2: ḡ=4, γE[v]=0.0, Q=4.0 (fn)
2026-09-22 18:22:58,614 INFO: Plan 1: ḡ=15, γE[v]=0.0, Q=15.0 (fn)
2026-09-22 18:22:58,986 INFO: Plan 0: ḡ=5, γE[v]=0.0, Q=5.0 (fn)
2026-09-22 18:22:58,987 INFO: Plan 0: ḡ=1.6, γE[v]=3.7, Q=5.2 (bayes)
2026-09-22 18:22:58,987 INFO: Plan 1: ḡ=7.3, γE[v]=0.8, Q=8.1 (bayes)
2026-09-22 18:22:58,987 INFO: Plan 2: ḡ=1.3, γE[v]=3.8, Q=5.1 (bayes)
2026-09-22 18:23:02,252 INFO: Plan 0: ḡ=17, γE[v]=0.0, Q=17.0 (fn)
2026-09-22 18:23:02,452 INFO: Plan 1: ḡ=57, γE[v]=0.0, Q=57.0 (fn)
2026-09-22 18:23:02,498 INFO: Plan 2: ḡ=6, γE[v]=0.0, Q=6.0 (fn)
2026-09-22 18:23:02,697 INFO: Plan 0: ḡ=35, γE[v]=0.0, Q=35.0 (fn)
2026-09-22 18:23:03,034 INFO: Plan 0: ḡ=0, γE[v]=0.0, Q=0.0 (fn)
2026-09-22 18:23:03,455 INFO: Plan 2: ḡ=0, γE[v]=0.0, Q=0.0 (fn)
2026-09-22 18:23:03,737 INFO: Plan 1: ḡ=0, γE[v]=0.0, Q=0.0 (fn)
2026-09-22 18:23:03,738 INFO: Plan 0: ḡ=0.0, γE[v]=0.0, Q=0.0 (bayes)
2026-09-22 18:23:03,738 INFO: Plan 1: ḡ=0.0, γE[v]=0.0, Q=0.0 (bayes)
2026-09-22 18:23:03,738 INFO: Plan 2: ḡ=0.0, γE[v]=0.0, Q=0.0 (bayes)
2026-09-22 18:23:03,965 INFO: Plan 1: ḡ=8, γE[v]=7.5, Q=15.5 (fn)
2026-09-22 18:23:03,966 INFO: Plan 0: ḡ=6.0, γE[v]=1.0, Q=7.0 (bayes)
2026-09-22 18:23:03,966 INFO: Plan 1: ḡ=3.0, γE[v]=2.9, Q=6.0 (bayes)
2026-09-22 18:23:03,966 INFO: Plan 2: ḡ=2.0, γE[v]=3.0, Q=5.0 (bayes)
2026-09-22 18:23:04,332 INFO: Plan 2: ḡ=26, γE[v]=0.5, Q=26.5 (fn)
2026-09-22 18:23:04,333 INFO: Plan 0: ḡ=17.5, γE[v]=34.0, Q=51.5 (bayes)
2026-09-22 18:23:04,333 INFO: Plan 1: ḡ=28.5, γE[v]=28.5, Q=57.0 (bayes)
2026-09-22 18:23:04,333 INFO: Plan 2: ḡ=8.7, γE[v]=38.4, Q=47.1 (bayes)
2026-09-22 18:23:04,670 INFO: Plan 0: ḡ=22, γE[v]=0.0, Q=22.0 (fn)
2026-09-22 18:23:05,218 INFO: Plan 2: ḡ=24, γE[v]=0.0, Q=24.0 (fn)
2026-09-22 18:23:05,619 INFO: Plan 2: ḡ=26, γE[v]=32.0, Q=58.0 (fn)
2026-09-22 18:23:05,797 INFO: Plan 0: ḡ=42, γE[v]=45.5, Q=87.5 (fn)
2026-09-22 18:23:05,798 INFO: Plan 0: ḡ=21.0, γE[v]=29.0, Q=50.0 (bayes)
2026-09-22 18:23:05,798 INFO: Plan 1: ḡ=19.5, γE[v]=27.8, Q=47.2 (bayes)
2026-09-22 18:23:05,798 INFO: Plan 2: ḡ=13.0, γE[v]=32.4, Q=45.4 (bayes)
2026-09-22 18:23:05,837 INFO: Plan 1: ḡ=82, γE[v]=0.0, Q=82.0 (fn)
2026-09-22 18:23:06,178 INFO: Plan 2: ḡ=11, γE[v]=0.0, Q=11.0 (fn)
2026-09-22 18:23:06,178 INFO: Plan 0: ḡ=11.0, γE[v]=18.1, Q=29.1 (bayes)
2026-09-22 18:23:06,179 INFO: Plan 1: ḡ=29.3, γE[v]=8.9, Q=38.2 (bayes)
2026-09-22 18:23:06,179 INFO: Plan 2: ḡ=5.5, γE[v]=20.8, Q=26.3 (bayes)
2026-09-22 18:23:06,217 INFO: Plan 1: ḡ=32, γE[v]=0.0, Q=32.0 (fn)
2026-09-22 18:23:06,864 INFO: Plan 0: ḡ=14, γE[v]=0.0, Q=14.0 (fn)
2026-09-22 18:23:06,865 INFO: Plan 0: ḡ=4.5, γE[v]=7.3, Q=11.8 (bayes)
2026-09-22 18:23:06,865 INFO: Plan 1: ḡ=14.7, γE[v]=2.2, Q=16.9 (bayes)
2026-09-22 18:23:06,865 INFO: Plan 2: ḡ=12.0, γE[v]=3.6, Q=15.6 (bayes)
2026-09-22 18:23:07,757 INFO: Plan 0: ḡ=13, γE[v]=0.0, Q=13.0 (fn)
2026-09-22 18:23:07,797 INFO: Plan 2: ḡ=2, γE[v]=0.0, Q=2.0 (fn)
2026-09-22 18:23:08,101 INFO: Plan 0: ḡ=3, γE[v]=0.0, Q=3.0 (fn)
2026-09-22 18:23:08,183 INFO: Plan 2: ḡ=16, γE[v]=0.0, Q=16.0 (fn)
2026-09-22 18:23:08,456 INFO: Plan 2: ḡ=78, γE[v]=0.0, Q=78.0 (fn)
2026-09-22 18:23:08,729 INFO: Plan 1: ḡ=4, γE[v]=0.0, Q=4.0 (fn)
2026-09-22 18:23:08,730 INFO: Plan 0: ḡ=1.1, γE[v]=0.3, Q=1.4 (bayes)
2026-09-22 18:23:08,730 INFO: Plan 1: ḡ=0.7, γE[v]=0.6, Q=1.2 (bayes)
2026-09-22 18:23:08,730 INFO: Plan 2: ḡ=0.3, γE[v]=0.7, Q=1.1 (bayes)
2026-09-22 18:23:09,315 INFO: Plan 1: ḡ=22, γE[v]=0.0, Q=22.0 (fn)
2026-09-22 18:23:09,912 INFO: Plan 1: ḡ=0, γE[v]=0.0, Q=0.0 (fn)
2026-09-22 18:23:10,453 INFO: Plan 2: ḡ=0, γE[v]=0.0, Q=0.0 (fn)
2026-09-22 18:23:10,453 INFO: Plan 0: ḡ=0, γE[v]=0.0, Q=0.0 (fn)
2026-09-22 18:23:10,453 INFO: Plan 0: ḡ=0.0, γE[v]=0.0, Q=0.0 (bayes)
2026-09-22 18:23:10,454 INFO: Plan 1: ḡ=0.0, γE[v]=0.0, Q=0.0 (bayes)
2026-09-22 18:23:10,454 INFO: Plan 2: ḡ=0.0, γE[v]=0.0, Q=0.0 (bayes)
  [51/93] pydantic.functional_validators seed=42: {'random': 35, 'greedy': 35, 'cov_greedy': 36, 'covqvalue2': 47}
2026-09-22 18:23:11,554 INFO: Plan 2: ḡ=13, γE[v]=5.0, Q=18.0 (fn)
2026-09-22 18:23:13,030 INFO: Plan 0: ḡ=30, γE[v]=6.5, Q=36.5 (fn)
2026-09-22 18:23:13,030 INFO: Plan 0: ḡ=15.0, γE[v]=3.4, Q=18.4 (bayes)
2026-09-22 18:23:13,030 INFO: Plan 1: ḡ=11.0, γE[v]=5.1, Q=16.1 (bayes)
2026-09-22 18:23:13,030 INFO: Plan 2: ḡ=5.8, γE[v]=8.0, Q=13.7 (bayes)
2026-09-22 18:23:13,373 INFO: Plan 2: ḡ=86, γE[v]=39.0, Q=125.0 (fn)
2026-09-22 18:23:14,550 INFO: Plan 1: ḡ=95, γE[v]=21.5, Q=116.5 (fn)
2026-09-22 18:23:15,125 INFO: Plan 1: ḡ=50, γE[v]=8.0, Q=58.0 (fn)
2026-09-22 18:23:15,126 INFO: Plan 0: ḡ=3.8, γE[v]=10.3, Q=14.1 (bayes)
2026-09-22 18:23:15,126 INFO: Plan 1: ḡ=16.4, γE[v]=4.4, Q=20.8 (bayes)
2026-09-22 18:23:15,126 INFO: Plan 2: ḡ=8.0, γE[v]=8.2, Q=16.2 (bayes)
2026-09-22 18:23:15,507 INFO: Plan 1: ḡ=93, γE[v]=73.5, Q=166.5 (fn)
2026-09-22 18:23:15,549 INFO: Plan 0: ḡ=99, γE[v]=24.0, Q=123.0 (fn)
2026-09-22 18:23:15,550 INFO: Plan 0: ḡ=49.5, γE[v]=20.8, Q=70.3 (bayes)
2026-09-22 18:23:15,550 INFO: Plan 1: ḡ=47.5, γE[v]=21.7, Q=69.2 (bayes)
2026-09-22 18:23:15,550 INFO: Plan 2: ḡ=43.0, γE[v]=24.8, Q=67.8 (bayes)
2026-09-22 18:23:16,654 INFO: Plan 0: ḡ=15, γE[v]=0.0, Q=15.0 (fn)
2026-09-22 18:23:16,847 INFO: Plan 1: ḡ=15, γE[v]=0.0, Q=15.0 (fn)
2026-09-22 18:23:16,848 INFO: Plan 2: ḡ=15, γE[v]=0.0, Q=15.0 (fn)
2026-09-22 18:23:16,848 INFO: Plan 0: ḡ=3.0, γE[v]=0.0, Q=3.0 (bayes)
2026-09-22 18:23:16,848 INFO: Plan 1: ḡ=3.0, γE[v]=0.0, Q=3.0 (bayes)
2026-09-22 18:23:16,848 INFO: Plan 2: ḡ=3.0, γE[v]=0.0, Q=3.0 (bayes)
2026-09-22 18:23:16,901 INFO: Plan 0: ḡ=1, γE[v]=0.0, Q=1.0 (fn)
2026-09-22 18:23:17,397 INFO: Plan 1: ḡ=1, γE[v]=0.0, Q=1.0 (fn)
2026-09-22 18:23:17,853 INFO: Plan 0: ḡ=113, γE[v]=63.5, Q=176.5 (fn)
2026-09-22 18:23:17,854 INFO: Plan 0: ḡ=48.8, γE[v]=25.0, Q=73.8 (bayes)
2026-09-22 18:23:17,854 INFO: Plan 1: ḡ=31.0, γE[v]=34.0, Q=65.0 (bayes)
2026-09-22 18:23:17,854 INFO: Plan 2: ḡ=26.0, γE[v]=32.6, Q=58.6 (bayes)
2026-09-22 18:23:18,274 INFO: Plan 0: ḡ=1, γE[v]=0.0, Q=1.0 (fn)
2026-09-22 18:23:18,561 INFO: Plan 1: ḡ=1, γE[v]=0.0, Q=1.0 (fn)
2026-09-22 18:23:18,601 INFO: Plan 2: ḡ=15, γE[v]=0.0, Q=15.0 (fn)
2026-09-22 18:23:18,602 INFO: Plan 0: ḡ=0.3, γE[v]=2.0, Q=2.4 (bayes)
2026-09-22 18:23:18,602 INFO: Plan 1: ḡ=0.3, γE[v]=2.0, Q=2.4 (bayes)
2026-09-22 18:23:18,602 INFO: Plan 2: ḡ=3.8, γE[v]=0.3, Q=4.1 (bayes)
2026-09-22 18:23:19,285 INFO: Plan 0: ḡ=29, γE[v]=0.0, Q=29.0 (fn)
2026-09-22 18:23:19,286 INFO: Plan 2: ḡ=6, γE[v]=0.0, Q=6.0 (fn)
2026-09-22 18:23:19,286 INFO: Plan 0: ḡ=0.2, γE[v]=1.7, Q=1.9 (bayes)
2026-09-22 18:23:19,287 INFO: Plan 1: ḡ=0.2, γE[v]=1.7, Q=1.9 (bayes)
2026-09-22 18:23:19,287 INFO: Plan 2: ḡ=3.6, γE[v]=0.0, Q=3.6 (bayes)
2026-09-22 18:23:20,403 INFO: Plan 1: ḡ=16, γE[v]=0.0, Q=16.0 (fn)
2026-09-22 18:23:20,731 INFO: Plan 0: ḡ=10, γE[v]=3.0, Q=13.0 (fn)
2026-09-22 18:23:20,771 INFO: Plan 2: ḡ=37, γE[v]=8.0, Q=45.0 (fn)
2026-09-22 18:23:20,771 INFO: Plan 0: ḡ=1.4, γE[v]=3.3, Q=4.7 (bayes)
2026-09-22 18:23:20,772 INFO: Plan 1: ḡ=2.3, γE[v]=2.6, Q=4.9 (bayes)
2026-09-22 18:23:20,772 INFO: Plan 2: ḡ=5.3, γE[v]=1.8, Q=7.0 (bayes)
2026-09-22 18:23:23,163 INFO: Plan 1: ḡ=29, γE[v]=0.0, Q=29.0 (fn)
2026-09-22 18:23:23,422 INFO: Plan 2: ḡ=28, γE[v]=0.0, Q=28.0 (fn)
2026-09-22 18:23:23,822 INFO: Plan 1: ḡ=68, γE[v]=0.0, Q=68.0 (fn)
2026-09-22 18:23:23,823 INFO: Plan 2: ḡ=85, γE[v]=0.0, Q=85.0 (fn)
2026-09-22 18:23:23,824 INFO: Plan 0: ḡ=14.2, γE[v]=31.8, Q=46.0 (bayes)
2026-09-22 18:23:23,824 INFO: Plan 1: ḡ=14.5, γE[v]=31.6, Q=46.1 (bayes)
2026-09-22 18:23:23,824 INFO: Plan 2: ḡ=42.5, γE[v]=17.6, Q=60.1 (bayes)
2026-09-22 18:23:24,827 INFO: Plan 0: ḡ=88, γE[v]=0.0, Q=88.0 (fn)
2026-09-22 18:23:24,828 INFO: Plan 0: ḡ=32.4, γE[v]=46.8, Q=79.2 (bayes)
2026-09-22 18:23:24,828 INFO: Plan 1: ḡ=23.3, γE[v]=51.3, Q=74.7 (bayes)
2026-09-22 18:23:24,828 INFO: Plan 2: ḡ=9.7, γE[v]=58.2, Q=67.8 (bayes)
2026-09-22 18:23:25,598 INFO: Plan 0: ḡ=53, γE[v]=0.0, Q=53.0 (fn)
2026-09-22 18:23:26,785 INFO: Plan 2: ḡ=37, γE[v]=0.0, Q=37.0 (fn)
2026-09-22 18:23:27,156 INFO: Plan 1: ḡ=110, γE[v]=4.5, Q=114.5 (fn)
2026-09-22 18:23:27,157 INFO: Plan 0: ḡ=16.8, γE[v]=61.6, Q=78.4 (bayes)
2026-09-22 18:23:27,157 INFO: Plan 1: ḡ=55.0, γE[v]=42.7, Q=97.7 (bayes)
2026-09-22 18:23:27,157 INFO: Plan 2: ḡ=16.2, γE[v]=61.9, Q=78.1 (bayes)
2026-09-22 18:23:32,924 INFO: Plan 1: ḡ=37, γE[v]=38.0, Q=75.0 (fn)
2026-09-22 18:23:34,490 INFO: Plan 0: ḡ=0, γE[v]=0.0, Q=0.0 (fn)
2026-09-22 18:23:34,692 INFO: Plan 0: ḡ=3, γE[v]=0.0, Q=3.0 (fn)
2026-09-22 18:23:34,894 INFO: Plan 1: ḡ=3, γE[v]=0.5, Q=3.5 (fn)
2026-09-22 18:23:35,175 INFO: Plan 2: ḡ=4, γE[v]=0.0, Q=4.0 (fn)
2026-09-22 18:23:35,176 INFO: Plan 0: ḡ=0.8, γE[v]=0.2, Q=0.9 (bayes)
2026-09-22 18:23:35,176 INFO: Plan 1: ḡ=0.8, γE[v]=0.2, Q=0.9 (bayes)
2026-09-22 18:23:35,176 INFO: Plan 2: ḡ=1.1, γE[v]=0.0, Q=1.1 (bayes)
2026-09-22 18:23:35,223 INFO: Plan 2: ḡ=46, γE[v]=0.0, Q=46.0 (fn)
2026-09-22 18:23:35,255 INFO: Plan 1: ḡ=0, γE[v]=0.0, Q=0.0 (fn)
2026-09-22 18:23:35,811 INFO: Plan 2: ḡ=0, γE[v]=0.0, Q=0.0 (fn)
2026-09-22 18:23:35,812 INFO: Plan 0: ḡ=0.0, γE[v]=0.0, Q=0.0 (bayes)
2026-09-22 18:23:35,812 INFO: Plan 1: ḡ=0.0, γE[v]=0.0, Q=0.0 (bayes)
2026-09-22 18:23:35,812 INFO: Plan 2: ḡ=0.0, γE[v]=0.0, Q=0.0 (bayes)
2026-09-22 18:23:37,218 INFO: Plan 0: ḡ=38, γE[v]=26.0, Q=64.0 (fn)
2026-09-22 18:23:38,350 INFO: Plan 1: ḡ=0, γE[v]=0.0, Q=0.0 (fn)
2026-09-22 18:23:38,491 INFO: Plan 2: ḡ=111, γE[v]=25.5, Q=136.5 (fn)
2026-09-22 18:23:38,492 INFO: Plan 0: ḡ=77, γE[v]=41.0, Q=118.0 (fn)
2026-09-22 18:23:38,493 INFO: Plan 0: ḡ=38.5, γE[v]=23.3, Q=61.8 (bayes)
2026-09-22 18:23:38,493 INFO: Plan 1: ḡ=18.5, γE[v]=33.2, Q=51.7 (bayes)
2026-09-22 18:23:38,493 INFO: Plan 2: ḡ=55.5, γE[v]=14.1, Q=69.7 (bayes)
2026-09-22 18:23:39,043 INFO: Plan 2: ḡ=0, γE[v]=0.0, Q=0.0 (fn)
2026-09-22 18:23:39,327 INFO: Plan 0: ḡ=0, γE[v]=0.0, Q=0.0 (fn)
2026-09-22 18:23:39,328 INFO: Plan 0: ḡ=0.0, γE[v]=0.0, Q=0.0 (bayes)
2026-09-22 18:23:39,328 INFO: Plan 1: ḡ=0.0, γE[v]=0.0, Q=0.0 (bayes)
2026-09-22 18:23:39,328 INFO: Plan 2: ḡ=0.0, γE[v]=0.0, Q=0.0 (bayes)
2026-09-22 18:23:39,604 INFO: Plan 0: ḡ=2, γE[v]=0.0, Q=2.0 (fn)
2026-09-22 18:23:39,641 INFO: Plan 1: ḡ=2, γE[v]=0.0, Q=2.0 (fn)
2026-09-22 18:23:39,878 INFO: Plan 2: ḡ=2, γE[v]=0.0, Q=2.0 (fn)
2026-09-22 18:23:39,879 INFO: Plan 0: ḡ=0.3, γE[v]=0.0, Q=0.3 (bayes)
2026-09-22 18:23:39,879 INFO: Plan 1: ḡ=0.3, γE[v]=0.0, Q=0.3 (bayes)
2026-09-22 18:23:39,879 INFO: Plan 2: ḡ=0.3, γE[v]=0.0, Q=0.3 (bayes)
2026-09-22 18:23:40,306 INFO: Plan 2: ḡ=0, γE[v]=0.0, Q=0.0 (fn)
2026-09-22 18:23:40,552 INFO: Plan 1: ḡ=10, γE[v]=0.0, Q=10.0 (fn)
2026-09-22 18:23:40,774 INFO: Plan 0: ḡ=6, γE[v]=0.0, Q=6.0 (fn)
2026-09-22 18:23:40,857 INFO: Plan 2: ḡ=1, γE[v]=0.0, Q=1.0 (fn)
2026-09-22 18:23:41,451 INFO: Plan 0: ḡ=2, γE[v]=0.0, Q=2.0 (fn)
2026-09-22 18:23:41,595 INFO: Plan 0: ḡ=38, γE[v]=3.0, Q=41.0 (fn)
2026-09-22 18:23:41,636 INFO: Plan 2: ḡ=42, γE[v]=0.0, Q=42.0 (fn)
2026-09-22 18:23:41,901 INFO: Plan 1: ḡ=1, γE[v]=0.5, Q=1.5 (fn)
2026-09-22 18:23:41,902 INFO: Plan 0: ḡ=1.5, γE[v]=0.3, Q=1.8 (bayes)
2026-09-22 18:23:41,902 INFO: Plan 1: ḡ=0.3, γE[v]=0.9, Q=1.3 (bayes)
2026-09-22 18:23:41,902 INFO: Plan 2: ḡ=0.3, γE[v]=0.9, Q=1.2 (bayes)
  [52/93] werkzeug.exceptions seed=42: {'random': 17, 'greedy': 17, 'cov_greedy': 17, 'covqvalue2': 37}
2026-09-22 18:23:42,026 INFO: Plan 1: ḡ=96, γE[v]=0.0, Q=96.0 (fn)
2026-09-22 18:23:42,449 INFO: Plan 1: ḡ=7, γE[v]=0.0, Q=7.0 (fn)
2026-09-22 18:23:42,450 INFO: Plan 2: ḡ=0, γE[v]=0.0, Q=0.0 (fn)
2026-09-22 18:23:42,768 INFO: Plan 0: ḡ=6, γE[v]=0.0, Q=6.0 (fn)
2026-09-22 18:23:42,768 INFO: Plan 0: ḡ=2.0, γE[v]=0.9, Q=2.9 (bayes)
2026-09-22 18:23:42,768 INFO: Plan 1: ḡ=1.8, γE[v]=1.0, Q=2.8 (bayes)
2026-09-22 18:23:42,768 INFO: Plan 2: ḡ=0.0, γE[v]=1.9, Q=1.9 (bayes)
2026-09-22 18:23:42,895 INFO: Plan 1: ḡ=1, γE[v]=0.5, Q=1.5 (fn)
2026-09-22 18:23:42,895 INFO: Plan 0: ḡ=0.3, γE[v]=0.0, Q=0.3 (bayes)
2026-09-22 18:23:42,896 INFO: Plan 1: ḡ=0.1, γE[v]=0.1, Q=0.2 (bayes)
2026-09-22 18:23:42,896 INFO: Plan 2: ḡ=0.0, γE[v]=0.1, Q=0.1 (bayes)
2026-09-22 18:23:43,972 INFO: Plan 1: ḡ=40, γE[v]=8.0, Q=48.0 (fn)
2026-09-22 18:23:43,972 INFO: Plan 0: ḡ=19.0, γE[v]=83.7, Q=102.7 (bayes)
2026-09-22 18:23:43,972 INFO: Plan 1: ḡ=20.0, γE[v]=82.4, Q=102.4 (bayes)
2026-09-22 18:23:43,973 INFO: Plan 2: ḡ=23.0, γE[v]=80.5, Q=103.5 (bayes)
2026-09-22 18:23:44,680 INFO: Plan 0: ḡ=124, γE[v]=10.5, Q=134.5 (fn)
  [53/93] jinja2.sandbox seed=42: {'random': 54, 'greedy': 54, 'cov_greedy': 7, 'covqvalue2': 88}
2026-09-22 18:23:45,422 INFO: Plan 2: ḡ=0, γE[v]=0.0, Q=0.0 (fn)
2026-09-22 18:23:45,849 INFO: Plan 1: ḡ=73, γE[v]=36.0, Q=109.0 (fn)
2026-09-22 18:23:45,850 INFO: Plan 0: ḡ=62.0, γE[v]=5.7, Q=67.7 (bayes)
2026-09-22 18:23:45,850 INFO: Plan 1: ḡ=36.5, γE[v]=19.6, Q=56.1 (bayes)
2026-09-22 18:23:45,850 INFO: Plan 2: ḡ=21.0, γE[v]=25.8, Q=46.8 (bayes)
2026-09-22 18:23:45,972 INFO: Plan 1: ḡ=2, γE[v]=0.0, Q=2.0 (fn)
2026-09-22 18:23:46,494 INFO: Plan 0: ḡ=97, γE[v]=93.0, Q=190.0 (fn)
2026-09-22 18:23:46,974 INFO: Plan 2: ḡ=32, γE[v]=6.0, Q=38.0 (fn)
2026-09-22 18:23:46,974 INFO: Plan 0: ḡ=9.5, γE[v]=0.9, Q=10.4 (bayes)
2026-09-22 18:23:46,975 INFO: Plan 1: ḡ=2.4, γE[v]=4.2, Q=6.6 (bayes)
2026-09-22 18:23:46,975 INFO: Plan 2: ḡ=8.0, γE[v]=1.8, Q=9.8 (bayes)
2026-09-22 18:23:47,340 INFO: Plan 2: ḡ=0, γE[v]=0.0, Q=0.0 (fn)
2026-09-22 18:23:47,341 INFO: Plan 0: ḡ=2, γE[v]=0.0, Q=2.0 (fn)
2026-09-22 18:23:47,342 INFO: Plan 0: ḡ=1.0, γE[v]=0.8, Q=1.8 (bayes)
2026-09-22 18:23:47,342 INFO: Plan 1: ḡ=1.5, γE[v]=0.5, Q=2.0 (bayes)
2026-09-22 18:23:47,342 INFO: Plan 2: ḡ=0.0, γE[v]=1.2, Q=1.2 (bayes)
2026-09-22 18:23:48,430 INFO: Plan 1: ḡ=2, γE[v]=0.0, Q=2.0 (fn)
2026-09-22 18:23:48,431 INFO: Plan 0: ḡ=1, γE[v]=0.5, Q=1.5 (fn)
2026-09-22 18:23:48,431 INFO: Plan 0: ḡ=0.1, γE[v]=0.1, Q=0.2 (bayes)
2026-09-22 18:23:48,431 INFO: Plan 1: ḡ=0.3, γE[v]=0.0, Q=0.3 (bayes)
2026-09-22 18:23:48,431 INFO: Plan 2: ḡ=0.0, γE[v]=0.1, Q=0.1 (bayes)
2026-09-22 18:23:48,839 INFO: Plan 1: ḡ=1, γE[v]=0.0, Q=1.0 (fn)
2026-09-22 18:23:48,880 INFO: Plan 2: ḡ=4, γE[v]=0.0, Q=4.0 (fn)
2026-09-22 18:23:48,881 INFO: Plan 0: ḡ=4, γE[v]=0.0, Q=4.0 (fn)
2026-09-22 18:23:48,882 INFO: Plan 0: ḡ=1.3, γE[v]=0.1, Q=1.5 (bayes)
2026-09-22 18:23:48,882 INFO: Plan 1: ḡ=0.2, γE[v]=0.7, Q=0.9 (bayes)
2026-09-22 18:23:48,882 INFO: Plan 2: ḡ=1.3, γE[v]=0.1, Q=1.5 (bayes)
2026-09-22 18:23:49,598 INFO: Plan 2: ḡ=87, γE[v]=137.0, Q=224.0 (fn)
2026-09-22 18:23:49,599 INFO: Plan 0: ḡ=26.2, γE[v]=68.6, Q=94.9 (bayes)
2026-09-22 18:23:49,599 INFO: Plan 1: ḡ=40.1, γE[v]=55.5, Q=95.6 (bayes)
2026-09-22 18:23:49,599 INFO: Plan 2: ḡ=29.7, γE[v]=69.8, Q=99.5 (bayes)
  [54/93] werkzeug.local seed=42: {'random': 22, 'greedy': 22, 'cov_greedy': 32, 'covqvalue2': 54}
2026-09-22 18:23:52,304 INFO: Plan 0: ḡ=20, γE[v]=0.0, Q=20.0 (fn)
2026-09-22 18:23:54,326 INFO: Plan 1: ḡ=52, γE[v]=4.5, Q=56.5 (fn)
2026-09-22 18:23:54,958 INFO: Plan 0: ḡ=2, γE[v]=0.0, Q=2.0 (fn)
2026-09-22 18:23:55,580 INFO: Plan 2: ḡ=83, γE[v]=0.0, Q=83.0 (fn)
2026-09-22 18:23:55,580 INFO: Plan 0: ḡ=10.0, γE[v]=80.2, Q=90.2 (bayes)
2026-09-22 18:23:55,580 INFO: Plan 1: ḡ=26.0, γE[v]=72.4, Q=98.4 (bayes)
2026-09-22 18:23:55,581 INFO: Plan 2: ḡ=35.8, γE[v]=67.2, Q=103.1 (bayes)
2026-09-22 18:23:55,623 INFO: Plan 2: ḡ=6, γE[v]=0.0, Q=6.0 (fn)
2026-09-22 18:23:55,859 INFO: Plan 0: ḡ=0, γE[v]=0.0, Q=0.0 (fn)
2026-09-22 18:23:56,259 INFO: Plan 1: ḡ=0, γE[v]=0.0, Q=0.0 (fn)
2026-09-22 18:23:56,260 INFO: Plan 2: ḡ=0, γE[v]=0.0, Q=0.0 (fn)
2026-09-22 18:23:56,261 INFO: Plan 0: ḡ=0.0, γE[v]=0.0, Q=0.0 (bayes)
2026-09-22 18:23:56,261 INFO: Plan 1: ḡ=0.0, γE[v]=0.0, Q=0.0 (bayes)
2026-09-22 18:23:56,261 INFO: Plan 2: ḡ=0.0, γE[v]=0.0, Q=0.0 (bayes)
2026-09-22 18:23:56,988 INFO: Plan 1: ḡ=6, γE[v]=1.0, Q=7.0 (fn)
2026-09-22 18:23:56,989 INFO: Plan 2: ḡ=0, γE[v]=0.0, Q=0.0 (fn)
2026-09-22 18:23:56,990 INFO: Plan 0: ḡ=0.7, γE[v]=1.0, Q=1.7 (bayes)
2026-09-22 18:23:56,990 INFO: Plan 1: ḡ=2.0, γE[v]=0.4, Q=2.4 (bayes)
2026-09-22 18:23:56,990 INFO: Plan 2: ḡ=2.0, γE[v]=0.3, Q=2.3 (bayes)
2026-09-22 18:23:57,797 INFO: Plan 1: ḡ=2, γE[v]=0.0, Q=2.0 (fn)
2026-09-22 18:23:57,797 INFO: Plan 0: ḡ=12, γE[v]=0.0, Q=12.0 (fn)
2026-09-22 18:23:57,798 INFO: Plan 0: ḡ=4.0, γE[v]=0.2, Q=4.2 (bayes)
2026-09-22 18:23:57,798 INFO: Plan 1: ḡ=0.5, γE[v]=2.0, Q=2.5 (bayes)
2026-09-22 18:23:57,798 INFO: Plan 2: ḡ=0.0, γE[v]=2.2, Q=2.2 (bayes)
2026-09-22 18:23:57,846 INFO: Plan 2: ḡ=9, γE[v]=0.0, Q=9.0 (fn)
  [55/93] httpx._transports.default seed=42: {'random': 10, 'greedy': 5, 'cov_greedy': 2, 'covqvalue2': 26}
2026-09-22 18:24:00,733 INFO: Plan 2: ḡ=11, γE[v]=0.0, Q=11.0 (fn)
2026-09-22 18:24:00,737 INFO: Plan 1: ḡ=40, γE[v]=9.5, Q=49.5 (fn)
2026-09-22 18:24:01,538 INFO: Plan 1: ḡ=19, γE[v]=0.0, Q=19.0 (fn)
2026-09-22 18:24:01,539 INFO: Plan 2: ḡ=16, γE[v]=0.0, Q=16.0 (fn)
2026-09-22 18:24:01,541 INFO: Plan 0: ḡ=37, γE[v]=0.0, Q=37.0 (fn)
2026-09-22 18:24:01,545 INFO: Plan 0: ḡ=14.2, γE[v]=7.8, Q=22.0 (bayes)
2026-09-22 18:24:01,545 INFO: Plan 1: ḡ=6.7, γE[v]=11.6, Q=18.2 (bayes)
2026-09-22 18:24:01,547 INFO: Plan 2: ḡ=6.0, γE[v]=11.9, Q=17.9 (bayes)
2026-09-22 18:24:02,158 INFO: Plan 0: ḡ=15, γE[v]=17.5, Q=32.5 (fn)
2026-09-22 18:24:02,159 INFO: Plan 0: ḡ=7.2, γE[v]=52.0, Q=59.1 (bayes)
2026-09-22 18:24:02,161 INFO: Plan 1: ḡ=13.3, γE[v]=48.6, Q=62.0 (bayes)
2026-09-22 18:24:02,161 INFO: Plan 2: ḡ=4.5, γE[v]=52.5, Q=57.0 (bayes)
2026-09-22 18:24:02,858 INFO: Plan 2: ḡ=15, γE[v]=0.0, Q=15.0 (fn)
2026-09-22 18:24:02,860 INFO: Plan 0: ḡ=1, γE[v]=0.0, Q=1.0 (fn)
2026-09-22 18:24:03,055 INFO: Plan 1: ḡ=1, γE[v]=0.0, Q=1.0 (fn)
2026-09-22 18:24:03,055 INFO: Plan 0: ḡ=0.3, γE[v]=1.7, Q=2.0 (bayes)
2026-09-22 18:24:03,055 INFO: Plan 1: ḡ=0.3, γE[v]=1.7, Q=2.0 (bayes)
2026-09-22 18:24:03,055 INFO: Plan 2: ḡ=3.0, γE[v]=0.3, Q=3.3 (bayes)
2026-09-22 18:24:03,177 INFO: Plan 1: ḡ=16, γE[v]=5.5, Q=21.5 (fn)
2026-09-22 18:24:04,298 INFO: Plan 0: ḡ=8, γE[v]=9.5, Q=17.5 (fn)
2026-09-22 18:24:04,299 INFO: Plan 0: ḡ=2.7, γE[v]=3.6, Q=6.3 (bayes)
2026-09-22 18:24:04,299 INFO: Plan 1: ḡ=5.3, γE[v]=2.0, Q=7.4 (bayes)
2026-09-22 18:24:04,299 INFO: Plan 2: ḡ=3.4, γE[v]=2.7, Q=6.0 (bayes)
2026-09-22 18:24:04,551 INFO: Plan 0: ḡ=11, γE[v]=0.0, Q=11.0 (fn)
2026-09-22 18:24:05,655 INFO: Plan 2: ḡ=30, γE[v]=0.0, Q=30.0 (fn)
2026-09-22 18:24:06,723 INFO: Plan 1: ḡ=21, γE[v]=0.0, Q=21.0 (fn)
2026-09-22 18:24:06,725 INFO: Plan 0: ḡ=4.0, γE[v]=26.5, Q=30.5 (bayes)
2026-09-22 18:24:06,726 INFO: Plan 1: ḡ=10.5, γE[v]=23.3, Q=33.8 (bayes)
2026-09-22 18:24:06,727 INFO: Plan 2: ḡ=7.5, γE[v]=24.8, Q=32.3 (bayes)
2026-09-22 18:24:08,011 INFO: Plan 0: ḡ=101, γE[v]=0.0, Q=101.0 (fn)
2026-09-22 18:24:08,263 INFO: Plan 2: ḡ=64, γE[v]=18.5, Q=82.5 (fn)
2026-09-22 18:24:09,026 INFO: Plan 1: ḡ=56, γE[v]=22.5, Q=78.5 (fn)
2026-09-22 18:24:09,027 INFO: Plan 0: ḡ=50.5, γE[v]=0.0, Q=50.5 (bayes)
2026-09-22 18:24:09,027 INFO: Plan 1: ḡ=28.0, γE[v]=12.3, Q=40.3 (bayes)
2026-09-22 18:24:09,027 INFO: Plan 2: ḡ=32.0, γE[v]=10.1, Q=42.1 (bayes)
2026-09-22 18:24:10,105 INFO: Plan 0: ḡ=35, γE[v]=0.0, Q=35.0 (fn)
  [56/93] httpx._models seed=42: {'random': 79, 'greedy': 86, 'cov_greedy': 91, 'covqvalue2': 262}
2026-09-22 18:24:10,186 INFO: Plan 0: ḡ=1, γE[v]=0.0, Q=1.0 (fn)
2026-09-22 18:24:10,229 INFO: Plan 1: ḡ=5, γE[v]=22.5, Q=27.5 (fn)
2026-09-22 18:24:10,369 INFO: Plan 1: ḡ=1, γE[v]=0.0, Q=1.0 (fn)
2026-09-22 18:24:10,506 INFO: Plan 0: ḡ=37, γE[v]=6.5, Q=43.5 (fn)
2026-09-22 18:24:10,663 INFO: Plan 0: ḡ=0, γE[v]=0.0, Q=0.0 (fn)
2026-09-22 18:24:10,703 INFO: Plan 2: ḡ=31, γE[v]=0.0, Q=31.0 (fn)
2026-09-22 18:24:10,742 INFO: Plan 2: ḡ=4, γE[v]=0.0, Q=4.0 (fn)
2026-09-22 18:24:10,743 INFO: Plan 0: ḡ=0.1, γE[v]=1.8, Q=1.9 (bayes)
2026-09-22 18:24:10,743 INFO: Plan 1: ḡ=0.2, γE[v]=1.7, Q=1.9 (bayes)
2026-09-22 18:24:10,743 INFO: Plan 2: ḡ=3.3, γE[v]=0.2, Q=3.5 (bayes)
2026-09-22 18:24:10,783 INFO: Plan 1: ḡ=0, γE[v]=0.0, Q=0.0 (fn)
2026-09-22 18:24:10,784 INFO: Plan 2: ḡ=0, γE[v]=0.0, Q=0.0 (fn)
2026-09-22 18:24:10,785 INFO: Plan 0: ḡ=0.0, γE[v]=0.0, Q=0.0 (bayes)
2026-09-22 18:24:10,785 INFO: Plan 1: ḡ=0.0, γE[v]=0.0, Q=0.0 (bayes)
2026-09-22 18:24:10,785 INFO: Plan 2: ḡ=0.0, γE[v]=0.0, Q=0.0 (bayes)
2026-09-22 18:24:11,098 INFO: Plan 1: ḡ=37, γE[v]=1.5, Q=38.5 (fn)
2026-09-22 18:24:11,099 INFO: Plan 0: ḡ=17.5, γE[v]=19.2, Q=36.7 (bayes)
2026-09-22 18:24:11,099 INFO: Plan 1: ḡ=16.7, γE[v]=19.7, Q=36.3 (bayes)
2026-09-22 18:24:11,099 INFO: Plan 2: ḡ=11.2, γE[v]=22.3, Q=33.5 (bayes)
2026-09-22 18:24:12,250 INFO: Plan 1: ḡ=7, γE[v]=0.0, Q=7.0 (fn)
2026-09-22 18:24:12,290 INFO: Plan 2: ḡ=16, γE[v]=17.0, Q=33.0 (fn)
2026-09-22 18:24:12,290 INFO: Plan 0: ḡ=12.3, γE[v]=3.5, Q=15.9 (bayes)
2026-09-22 18:24:12,290 INFO: Plan 1: ḡ=1.7, γE[v]=9.8, Q=11.5 (bayes)
2026-09-22 18:24:12,291 INFO: Plan 2: ḡ=7.5, γE[v]=6.7, Q=14.2 (bayes)
2026-09-22 18:24:12,408 INFO: Plan 2: ḡ=15, γE[v]=0.0, Q=15.0 (fn)
2026-09-22 18:24:12,570 INFO: Plan 0: ḡ=16, γE[v]=0.0, Q=16.0 (fn)
2026-09-22 18:24:12,578 INFO: Plan 0: ḡ=3.5, γE[v]=3.0, Q=6.5 (bayes)
2026-09-22 18:24:12,580 INFO: Plan 1: ḡ=1.8, γE[v]=3.8, Q=5.7 (bayes)
2026-09-22 18:24:12,580 INFO: Plan 2: ḡ=5.0, γE[v]=2.2, Q=7.2 (bayes)
  [57/93] httpx._api seed=42: {'random': 6, 'greedy': 6, 'cov_greedy': 6, 'covqvalue2': 11}
2026-09-22 18:24:14,855 INFO: Plan 2: ḡ=71, γE[v]=0.0, Q=71.0 (fn)
2026-09-22 18:24:15,699 INFO: Plan 1: ḡ=22, γE[v]=0.0, Q=22.0 (fn)
2026-09-22 18:24:18,207 INFO: Plan 0: ḡ=15, γE[v]=0.0, Q=15.0 (fn)
2026-09-22 18:24:18,486 INFO: Plan 2: ḡ=15, γE[v]=0.0, Q=15.0 (fn)
2026-09-22 18:24:19,044 INFO: Plan 1: ḡ=15, γE[v]=0.0, Q=15.0 (fn)
2026-09-22 18:24:19,045 INFO: Plan 0: ḡ=2.5, γE[v]=0.0, Q=2.5 (bayes)
2026-09-22 18:24:19,045 INFO: Plan 1: ḡ=2.5, γE[v]=0.0, Q=2.5 (bayes)
2026-09-22 18:24:19,045 INFO: Plan 2: ḡ=2.5, γE[v]=0.0, Q=2.5 (bayes)
2026-09-22 18:24:19,125 INFO: Plan 0: ḡ=83, γE[v]=46.5, Q=129.5 (fn)
2026-09-22 18:24:19,126 INFO: Plan 0: ḡ=25.8, γE[v]=14.8, Q=40.6 (bayes)
2026-09-22 18:24:19,126 INFO: Plan 1: ḡ=5.5, γE[v]=21.8, Q=27.3 (bayes)
2026-09-22 18:24:19,126 INFO: Plan 2: ḡ=17.8, γE[v]=15.7, Q=33.4 (bayes)
2026-09-22 18:24:23,226 INFO: Plan 0: ḡ=22, γE[v]=0.0, Q=22.0 (fn)
2026-09-22 18:24:23,503 INFO: Plan 2: ḡ=0, γE[v]=0.0, Q=0.0 (fn)
2026-09-22 18:24:23,505 INFO: Plan 2: ḡ=9, γE[v]=0.0, Q=9.0 (fn)
2026-09-22 18:24:25,010 INFO: Plan 1: ḡ=16, γE[v]=0.0, Q=16.0 (fn)
2026-09-22 18:24:25,126 INFO: Plan 2: ḡ=53, γE[v]=0.0, Q=53.0 (fn)
2026-09-22 18:24:25,166 INFO: Plan 0: ḡ=10, γE[v]=3.0, Q=13.0 (fn)
2026-09-22 18:24:25,167 INFO: Plan 0: ḡ=1.2, γE[v]=2.9, Q=4.2 (bayes)
2026-09-22 18:24:25,167 INFO: Plan 1: ḡ=2.0, γE[v]=2.3, Q=4.3 (bayes)
2026-09-22 18:24:25,167 INFO: Plan 2: ḡ=6.6, γE[v]=0.0, Q=6.6 (bayes)
2026-09-22 18:24:25,285 INFO: Plan 0: ḡ=62, γE[v]=0.0, Q=62.0 (fn)
2026-09-22 18:24:25,802 INFO: Plan 1: ḡ=72, γE[v]=0.0, Q=72.0 (fn)
2026-09-22 18:24:25,802 INFO: Plan 0: ḡ=18.5, γE[v]=44.6, Q=63.0 (bayes)
2026-09-22 18:24:25,802 INFO: Plan 1: ḡ=26.2, γE[v]=40.7, Q=66.9 (bayes)
2026-09-22 18:24:25,803 INFO: Plan 2: ḡ=0.0, γE[v]=53.8, Q=53.8 (bayes)
2026-09-22 18:24:26,084 INFO: Plan 1: ḡ=21, γE[v]=4.0, Q=25.0 (fn)
2026-09-22 18:24:26,087 INFO: Plan 0: ḡ=29, γE[v]=0.0, Q=29.0 (fn)
2026-09-22 18:24:26,088 INFO: Plan 0: ḡ=8.8, γE[v]=6.0, Q=14.8 (bayes)
2026-09-22 18:24:26,088 INFO: Plan 1: ḡ=7.5, γE[v]=6.8, Q=14.3 (bayes)
2026-09-22 18:24:26,088 INFO: Plan 2: ḡ=4.5, γE[v]=8.2, Q=12.7 (bayes)
2026-09-22 18:24:26,165 INFO: Plan 2: ḡ=8, γE[v]=0.0, Q=8.0 (fn)
2026-09-22 18:24:26,753 INFO: Plan 1: ḡ=26, γE[v]=0.0, Q=26.0 (fn)
2026-09-22 18:24:26,950 INFO: Plan 0: ḡ=0, γE[v]=0.0, Q=0.0 (fn)
2026-09-22 18:24:26,952 INFO: Plan 2: ḡ=0, γE[v]=0.0, Q=0.0 (fn)
2026-09-22 18:24:27,365 INFO: Plan 1: ḡ=0, γE[v]=0.0, Q=0.0 (fn)
2026-09-22 18:24:27,365 INFO: Plan 0: ḡ=0.0, γE[v]=0.0, Q=0.0 (bayes)
2026-09-22 18:24:27,365 INFO: Plan 1: ḡ=0.0, γE[v]=0.0, Q=0.0 (bayes)
2026-09-22 18:24:27,365 INFO: Plan 2: ḡ=0.0, γE[v]=0.0, Q=0.0 (bayes)
2026-09-22 18:24:27,712 INFO: Plan 1: ḡ=0, γE[v]=0.0, Q=0.0 (fn)
2026-09-22 18:24:27,983 INFO: Plan 2: ḡ=0, γE[v]=0.0, Q=0.0 (fn)
2026-09-22 18:24:27,984 INFO: Plan 0: ḡ=0, γE[v]=0.0, Q=0.0 (fn)
2026-09-22 18:24:27,984 INFO: Plan 0: ḡ=0.0, γE[v]=0.0, Q=0.0 (bayes)
2026-09-22 18:24:27,985 INFO: Plan 1: ḡ=0.0, γE[v]=0.0, Q=0.0 (bayes)
2026-09-22 18:24:27,985 INFO: Plan 2: ḡ=0.0, γE[v]=0.0, Q=0.0 (bayes)
  [58/93] pydantic.json_schema seed=42: {'random': 179, 'greedy': 179, 'cov_greedy': 238, 'covqvalue2': 295}
2026-09-22 18:24:29,572 INFO: Plan 0: ḡ=27, γE[v]=13.5, Q=40.5 (fn)
2026-09-22 18:24:29,573 INFO: Plan 0: ḡ=9.0, γE[v]=5.4, Q=14.4 (bayes)
2026-09-22 18:24:29,573 INFO: Plan 1: ḡ=8.8, γE[v]=4.7, Q=13.5 (bayes)
2026-09-22 18:24:29,573 INFO: Plan 2: ḡ=2.7, γE[v]=7.7, Q=10.4 (bayes)
2026-09-22 18:24:29,692 INFO: Plan 1: ḡ=10, γE[v]=0.0, Q=10.0 (fn)
2026-09-22 18:24:29,845 INFO: Plan 2: ḡ=98, γE[v]=0.0, Q=98.0 (fn)
2026-09-22 18:24:30,115 INFO: Plan 2: ḡ=1, γE[v]=0.0, Q=1.0 (fn)
2026-09-22 18:24:30,117 INFO: Plan 1: ḡ=1, γE[v]=0.0, Q=1.0 (fn)
  [59/93] pydantic.config seed=42: {'random': 1, 'greedy': 1, 'cov_greedy': 1, 'covqvalue2': 1}
2026-09-22 18:24:30,696 INFO: Plan 0: ḡ=1, γE[v]=0.0, Q=1.0 (fn)
2026-09-22 18:24:30,696 INFO: Plan 0: ḡ=0.2, γE[v]=0.4, Q=0.6 (bayes)
2026-09-22 18:24:30,697 INFO: Plan 1: ḡ=0.8, γE[v]=0.1, Q=0.9 (bayes)
2026-09-22 18:24:30,697 INFO: Plan 2: ḡ=0.8, γE[v]=0.1, Q=0.9 (bayes)
2026-09-22 18:24:31,361 INFO: Plan 2: ḡ=32, γE[v]=4.5, Q=36.5 (fn)
2026-09-22 18:24:31,362 INFO: Plan 0: ḡ=9, γE[v]=17.5, Q=26.5 (fn)
2026-09-22 18:24:31,362 INFO: Plan 0: ḡ=1.8, γE[v]=4.7, Q=6.5 (bayes)
2026-09-22 18:24:31,363 INFO: Plan 1: ḡ=1.9, γE[v]=3.4, Q=5.3 (bayes)
2026-09-22 18:24:31,363 INFO: Plan 2: ḡ=6.4, γE[v]=1.5, Q=7.9 (bayes)
2026-09-22 18:24:32,476 INFO: Plan 2: ḡ=0, γE[v]=0.0, Q=0.0 (fn)
2026-09-22 18:24:32,477 INFO: Plan 2: ḡ=1, γE[v]=0.0, Q=1.0 (fn)
2026-09-22 18:24:32,478 INFO: Plan 1: ḡ=0, γE[v]=0.0, Q=0.0 (fn)
2026-09-22 18:24:32,822 INFO: Plan 0: ḡ=6, γE[v]=0.0, Q=6.0 (fn)
2026-09-22 18:24:33,056 INFO: Plan 1: ḡ=0, γE[v]=0.0, Q=0.0 (fn)
2026-09-22 18:24:33,096 INFO: Plan 1: ḡ=0, γE[v]=0.0, Q=0.0 (fn)
2026-09-22 18:24:33,097 INFO: Plan 2: ḡ=0, γE[v]=0.0, Q=0.0 (fn)
2026-09-22 18:24:33,211 INFO: Plan 0: ḡ=7, γE[v]=0.0, Q=7.0 (fn)
2026-09-22 18:24:33,212 INFO: Plan 0: ḡ=1, γE[v]=0.0, Q=1.0 (fn)
2026-09-22 18:24:33,213 INFO: Plan 2: ḡ=1, γE[v]=0.0, Q=1.0 (fn)
2026-09-22 18:24:33,214 INFO: Plan 0: ḡ=1.8, γE[v]=0.0, Q=1.8 (bayes)
2026-09-22 18:24:33,214 INFO: Plan 1: ḡ=0.0, γE[v]=0.9, Q=0.9 (bayes)
2026-09-22 18:24:33,214 INFO: Plan 2: ḡ=0.0, γE[v]=0.9, Q=0.9 (bayes)
2026-09-22 18:24:33,214 INFO: Plan 0: ḡ=0.2, γE[v]=0.0, Q=0.2 (bayes)
2026-09-22 18:24:33,214 INFO: Plan 1: ḡ=0.0, γE[v]=0.1, Q=0.1 (bayes)
2026-09-22 18:24:33,214 INFO: Plan 2: ḡ=0.2, γE[v]=0.0, Q=0.2 (bayes)
2026-09-22 18:24:33,251 INFO: Plan 1: ḡ=1, γE[v]=0.5, Q=1.5 (fn)
2026-09-22 18:24:33,251 INFO: Plan 0: ḡ=1.2, γE[v]=0.3, Q=1.5 (bayes)
2026-09-22 18:24:33,251 INFO: Plan 1: ḡ=0.3, γE[v]=0.8, Q=1.1 (bayes)
2026-09-22 18:24:33,251 INFO: Plan 2: ḡ=0.3, γE[v]=0.8, Q=1.1 (bayes)
2026-09-22 18:24:33,704 INFO: Plan 1: ḡ=30, γE[v]=0.0, Q=30.0 (fn)
2026-09-22 18:24:33,704 INFO: Plan 0: ḡ=14.2, γE[v]=23.5, Q=37.8 (bayes)
2026-09-22 18:24:33,704 INFO: Plan 1: ḡ=12.0, γE[v]=24.6, Q=36.6 (bayes)
2026-09-22 18:24:33,705 INFO: Plan 2: ḡ=36.2, γE[v]=12.5, Q=48.7 (bayes)
2026-09-22 18:24:33,743 INFO: Plan 0: ḡ=53, γE[v]=0.0, Q=53.0 (fn)
2026-09-22 18:24:34,408 INFO: Plan 0: ḡ=0, γE[v]=0.0, Q=0.0 (fn)
2026-09-22 18:24:34,408 INFO: Plan 0: ḡ=0.0, γE[v]=0.0, Q=0.0 (bayes)
2026-09-22 18:24:34,409 INFO: Plan 1: ḡ=0.0, γE[v]=0.0, Q=0.0 (bayes)
2026-09-22 18:24:34,409 INFO: Plan 2: ḡ=0.0, γE[v]=0.0, Q=0.0 (bayes)
2026-09-22 18:24:34,911 INFO: Plan 2: ḡ=96, γE[v]=0.0, Q=96.0 (fn)
2026-09-22 18:24:37,191 INFO: Plan 1: ḡ=79, γE[v]=10.0, Q=89.0 (fn)
2026-09-22 18:24:37,191 INFO: Plan 0: ḡ=16.8, γE[v]=42.8, Q=59.7 (bayes)
2026-09-22 18:24:37,191 INFO: Plan 1: ḡ=30.0, γE[v]=36.9, Q=66.8 (bayes)
2026-09-22 18:24:37,192 INFO: Plan 2: ḡ=46.0, γE[v]=28.2, Q=74.2 (bayes)
2026-09-22 18:24:37,627 INFO: Plan 0: ḡ=3, γE[v]=0.0, Q=3.0 (fn)
2026-09-22 18:24:37,628 INFO: Plan 1: ḡ=3, γE[v]=0.0, Q=3.0 (fn)
2026-09-22 18:24:37,628 INFO: Plan 2: ḡ=3, γE[v]=0.0, Q=3.0 (fn)
2026-09-22 18:24:37,629 INFO: Plan 0: ḡ=0.6, γE[v]=0.0, Q=0.6 (bayes)
2026-09-22 18:24:37,629 INFO: Plan 1: ḡ=0.6, γE[v]=0.0, Q=0.6 (bayes)
2026-09-22 18:24:37,629 INFO: Plan 2: ḡ=0.6, γE[v]=0.0, Q=0.6 (bayes)
2026-09-22 18:24:39,792 INFO: Plan 2: ḡ=26, γE[v]=6.0, Q=32.0 (fn)
2026-09-22 18:24:41,593 INFO: Plan 0: ḡ=41, γE[v]=25.0, Q=66.0 (fn)
2026-09-22 18:24:45,877 INFO: Plan 1: ḡ=0, γE[v]=0.0, Q=0.0 (fn)
2026-09-22 18:24:45,878 INFO: Plan 2: ḡ=0, γE[v]=0.0, Q=0.0 (fn)
2026-09-22 18:24:46,000 INFO: Plan 0: ḡ=15, γE[v]=0.0, Q=15.0 (fn)
2026-09-22 18:24:46,187 INFO: Plan 0: ḡ=2, γE[v]=0.0, Q=2.0 (fn)
2026-09-22 18:24:46,188 INFO: Plan 0: ḡ=0.5, γE[v]=0.0, Q=0.5 (bayes)
2026-09-22 18:24:46,188 INFO: Plan 1: ḡ=0.0, γE[v]=0.2, Q=0.2 (bayes)
2026-09-22 18:24:46,188 INFO: Plan 2: ḡ=0.0, γE[v]=0.2, Q=0.2 (bayes)
2026-09-22 18:24:46,229 INFO: Plan 1: ḡ=55, γE[v]=0.0, Q=55.0 (fn)
2026-09-22 18:24:46,345 INFO: Plan 0: ḡ=20, γE[v]=0.0, Q=20.0 (fn)
2026-09-22 18:24:46,386 INFO: Plan 1: ḡ=42, γE[v]=7.0, Q=49.0 (fn)
2026-09-22 18:24:46,387 INFO: Plan 0: ḡ=20.5, γE[v]=76.5, Q=97.0 (bayes)
2026-09-22 18:24:46,387 INFO: Plan 1: ḡ=21.0, γE[v]=75.5, Q=96.5 (bayes)
2026-09-22 18:24:46,387 INFO: Plan 2: ḡ=9.5, γE[v]=81.2, Q=90.7 (bayes)
2026-09-22 18:24:48,963 INFO: Plan 2: ḡ=15, γE[v]=0.0, Q=15.0 (fn)
2026-09-22 18:24:48,963 INFO: Plan 0: ḡ=1, γE[v]=0.0, Q=1.0 (fn)
2026-09-22 18:24:49,135 INFO: Plan 1: ḡ=1, γE[v]=0.0, Q=1.0 (fn)
2026-09-22 18:24:49,136 INFO: Plan 0: ḡ=0.3, γE[v]=1.4, Q=1.8 (bayes)
2026-09-22 18:24:49,136 INFO: Plan 1: ḡ=0.3, γE[v]=1.4, Q=1.8 (bayes)
2026-09-22 18:24:49,136 INFO: Plan 2: ḡ=2.5, γE[v]=0.3, Q=2.8 (bayes)
2026-09-22 18:24:50,213 INFO: Plan 2: ḡ=0, γE[v]=0.0, Q=0.0 (fn)
2026-09-22 18:24:50,638 INFO: Plan 1: ḡ=2, γE[v]=0.0, Q=2.0 (fn)
2026-09-22 18:24:50,639 INFO: Plan 0: ḡ=2, γE[v]=0.0, Q=2.0 (fn)
2026-09-22 18:24:50,640 INFO: Plan 0: ḡ=0.5, γE[v]=0.0, Q=0.5 (bayes)
2026-09-22 18:24:50,640 INFO: Plan 1: ḡ=0.5, γE[v]=0.0, Q=0.5 (bayes)
2026-09-22 18:24:50,640 INFO: Plan 2: ḡ=0.0, γE[v]=0.2, Q=0.2 (bayes)
2026-09-22 18:24:51,101 INFO: Plan 2: ḡ=9, γE[v]=25.0, Q=34.0 (fn)
2026-09-22 18:24:51,434 INFO: Plan 2: ḡ=11, γE[v]=6.0, Q=17.0 (fn)
2026-09-22 18:24:51,782 INFO: Plan 1: ḡ=22, γE[v]=2.5, Q=24.5 (fn)
2026-09-22 18:24:52,265 INFO: Plan 0: ḡ=13, γE[v]=7.0, Q=20.0 (fn)
2026-09-22 18:24:52,265 INFO: Plan 0: ḡ=3.2, γE[v]=2.1, Q=5.4 (bayes)
2026-09-22 18:24:52,265 INFO: Plan 1: ḡ=5.5, γE[v]=0.7, Q=6.2 (bayes)
2026-09-22 18:24:52,266 INFO: Plan 2: ḡ=2.6, γE[v]=2.4, Q=5.0 (bayes)
2026-09-22 18:24:52,579 INFO: Plan 1: ḡ=17, γE[v]=19.5, Q=36.5 (fn)
2026-09-22 18:24:52,580 INFO: Plan 0: ḡ=7.2, γE[v]=42.7, Q=49.9 (bayes)
2026-09-22 18:24:52,580 INFO: Plan 1: ḡ=6.1, γE[v]=44.1, Q=50.2 (bayes)
2026-09-22 18:24:52,580 INFO: Plan 2: ḡ=4.5, γE[v]=45.2, Q=49.7 (bayes)
2026-09-22 18:24:53,858 INFO: Plan 1: ḡ=1, γE[v]=0.0, Q=1.0 (fn)
2026-09-22 18:24:53,859 INFO: Plan 0: ḡ=1, γE[v]=0.0, Q=1.0 (fn)
2026-09-22 18:24:55,572 INFO: Plan 2: ḡ=6, γE[v]=0.0, Q=6.0 (fn)
2026-09-22 18:24:55,572 INFO: Plan 0: ḡ=0.1, γE[v]=1.8, Q=1.9 (bayes)
2026-09-22 18:24:55,572 INFO: Plan 1: ḡ=0.2, γE[v]=1.8, Q=1.9 (bayes)
2026-09-22 18:24:55,572 INFO: Plan 2: ḡ=3.7, γE[v]=0.0, Q=3.7 (bayes)
2026-09-22 18:24:56,599 INFO: Plan 1: ḡ=3, γE[v]=0.0, Q=3.0 (fn)
2026-09-22 18:24:56,910 INFO: Plan 2: ḡ=17, γE[v]=0.0, Q=17.0 (fn)
2026-09-22 18:24:56,911 INFO: Plan 0: ḡ=2, γE[v]=1.0, Q=3.0 (fn)
2026-09-22 18:24:56,916 INFO: Plan 2: ḡ=85, γE[v]=40.5, Q=125.5 (fn)
2026-09-22 18:24:56,917 INFO: Plan 0: ḡ=10.3, γE[v]=74.8, Q=85.2 (bayes)
2026-09-22 18:24:56,917 INFO: Plan 1: ḡ=27.5, γE[v]=66.2, Q=93.8 (bayes)
2026-09-22 18:24:56,917 INFO: Plan 0: ḡ=0.5, γE[v]=2.5, Q=3.0 (bayes)
2026-09-22 18:24:56,917 INFO: Plan 2: ḡ=32.0, γE[v]=66.1, Q=98.1 (bayes)
2026-09-22 18:24:56,917 INFO: Plan 1: ḡ=0.8, γE[v]=2.3, Q=3.0 (bayes)
2026-09-22 18:24:56,918 INFO: Plan 2: ḡ=5.3, γE[v]=0.0, Q=5.3 (bayes)
2026-09-22 18:24:56,986 INFO: Plan 1: ḡ=10, γE[v]=0.0, Q=10.0 (fn)
2026-09-22 18:24:57,100 INFO: Plan 1: ḡ=6, γE[v]=0.0, Q=6.0 (fn)
2026-09-22 18:24:57,138 INFO: Plan 2: ḡ=2, γE[v]=0.5, Q=2.5 (fn)
2026-09-22 18:24:57,214 INFO: Plan 2: ḡ=16, γE[v]=0.0, Q=16.0 (fn)
2026-09-22 18:24:57,254 INFO: Plan 0: ḡ=22, γE[v]=0.0, Q=22.0 (fn)
2026-09-22 18:24:57,255 INFO: Plan 0: ḡ=7.7, γE[v]=5.8, Q=13.5 (bayes)
2026-09-22 18:24:57,255 INFO: Plan 1: ḡ=3.7, γE[v]=7.8, Q=11.5 (bayes)
2026-09-22 18:24:57,255 INFO: Plan 2: ḡ=6.0, γE[v]=6.7, Q=12.7 (bayes)
2026-09-22 18:25:00,357 INFO: Plan 0: ḡ=12, γE[v]=3.5, Q=15.5 (fn)
2026-09-22 18:25:00,358 INFO: Plan 0: ḡ=2.7, γE[v]=1.1, Q=3.8 (bayes)
2026-09-22 18:25:00,358 INFO: Plan 1: ḡ=1.4, γE[v]=1.6, Q=2.9 (bayes)
2026-09-22 18:25:00,358 INFO: Plan 2: ḡ=0.7, γE[v]=1.9, Q=2.6 (bayes)
2026-09-22 18:25:02,494 INFO: Plan 0: ḡ=43, γE[v]=23.5, Q=66.5 (fn)
2026-09-22 18:25:02,813 INFO: Plan 0: ḡ=31, γE[v]=0.0, Q=31.0 (fn)
2026-09-22 18:25:02,854 INFO: Plan 2: ḡ=13, γE[v]=5.5, Q=18.5 (fn)
2026-09-22 18:25:02,894 INFO: Plan 0: ḡ=53, γE[v]=0.0, Q=53.0 (fn)
2026-09-22 18:25:02,896 INFO: Plan 2: ḡ=53, γE[v]=0.0, Q=53.0 (fn)
2026-09-22 18:25:02,897 INFO: Plan 1: ḡ=53, γE[v]=0.0, Q=53.0 (fn)
2026-09-22 18:25:02,897 INFO: Plan 0: ḡ=17.7, γE[v]=0.0, Q=17.7 (bayes)
2026-09-22 18:25:02,897 INFO: Plan 1: ḡ=17.7, γE[v]=0.0, Q=17.7 (bayes)
2026-09-22 18:25:02,897 INFO: Plan 2: ḡ=17.7, γE[v]=0.0, Q=17.7 (bayes)
2026-09-22 18:25:03,170 INFO: Plan 1: ḡ=73, γE[v]=0.0, Q=73.0 (fn)
2026-09-22 18:25:04,133 INFO: Plan 1: ḡ=42, γE[v]=1.5, Q=43.5 (fn)
2026-09-22 18:25:04,134 INFO: Plan 0: ḡ=15.3, γE[v]=11.5, Q=26.8 (bayes)
2026-09-22 18:25:04,134 INFO: Plan 1: ḡ=17.0, γE[v]=10.8, Q=27.8 (bayes)
2026-09-22 18:25:04,134 INFO: Plan 2: ḡ=6.0, γE[v]=16.5, Q=22.5 (bayes)
2026-09-22 18:25:06,104 INFO: Plan 2: ḡ=154, γE[v]=26.5, Q=180.5 (fn)
2026-09-22 18:25:06,106 INFO: Plan 0: ḡ=21.5, γE[v]=42.1, Q=63.6 (bayes)
2026-09-22 18:25:06,106 INFO: Plan 1: ḡ=36.5, γE[v]=33.5, Q=70.0 (bayes)
2026-09-22 18:25:06,107 INFO: Plan 2: ḡ=77.0, γE[v]=14.4, Q=91.4 (bayes)
2026-09-22 18:25:11,921 INFO: Plan 0: ḡ=15, γE[v]=0.0, Q=15.0 (fn)
2026-09-22 18:25:11,922 INFO: Plan 2: ḡ=15, γE[v]=0.0, Q=15.0 (fn)
2026-09-22 18:25:11,923 INFO: Plan 1: ḡ=15, γE[v]=0.0, Q=15.0 (fn)
2026-09-22 18:25:11,923 INFO: Plan 0: ḡ=2.1, γE[v]=0.0, Q=2.1 (bayes)
2026-09-22 18:25:11,923 INFO: Plan 1: ḡ=2.1, γE[v]=0.0, Q=2.1 (bayes)
2026-09-22 18:25:11,923 INFO: Plan 2: ḡ=2.1, γE[v]=0.0, Q=2.1 (bayes)
2026-09-22 18:25:12,233 INFO: Plan 0: ḡ=14, γE[v]=0.0, Q=14.0 (fn)
2026-09-22 18:25:12,275 INFO: Plan 1: ḡ=1, γE[v]=0.0, Q=1.0 (fn)
2026-09-22 18:25:12,311 INFO: Plan 1: ḡ=19, γE[v]=0.0, Q=19.0 (fn)
2026-09-22 18:25:12,350 INFO: Plan 0: ḡ=1, γE[v]=0.0, Q=1.0 (fn)
2026-09-22 18:25:12,466 INFO: Plan 2: ḡ=8, γE[v]=0.0, Q=8.0 (fn)
2026-09-22 18:25:12,466 INFO: Plan 0: ḡ=3.6, γE[v]=3.2, Q=6.8 (bayes)
2026-09-22 18:25:12,467 INFO: Plan 1: ḡ=4.8, γE[v]=2.7, Q=7.4 (bayes)
2026-09-22 18:25:12,467 INFO: Plan 2: ḡ=2.1, γE[v]=4.0, Q=6.1 (bayes)
2026-09-22 18:25:12,620 INFO: Plan 2: ḡ=2, γE[v]=0.0, Q=2.0 (fn)
2026-09-22 18:25:12,621 INFO: Plan 0: ḡ=0.2, γE[v]=0.4, Q=0.7 (bayes)
2026-09-22 18:25:12,621 INFO: Plan 1: ḡ=0.8, γE[v]=0.1, Q=0.9 (bayes)
2026-09-22 18:25:12,621 INFO: Plan 2: ḡ=1.1, γE[v]=0.0, Q=1.1 (bayes)
2026-09-22 18:25:13,615 INFO: Plan 1: ḡ=22, γE[v]=0.0, Q=22.0 (fn)
2026-09-22 18:25:13,694 INFO: Plan 0: ḡ=0, γE[v]=0.0, Q=0.0 (fn)
2026-09-22 18:25:13,695 INFO: Plan 1: ḡ=0, γE[v]=0.0, Q=0.0 (fn)
2026-09-22 18:25:13,696 INFO: Plan 2: ḡ=0, γE[v]=0.0, Q=0.0 (fn)
2026-09-22 18:25:13,696 INFO: Plan 0: ḡ=0.0, γE[v]=0.0, Q=0.0 (bayes)
2026-09-22 18:25:13,697 INFO: Plan 1: ḡ=0.0, γE[v]=0.0, Q=0.0 (bayes)
2026-09-22 18:25:13,697 INFO: Plan 2: ḡ=0.0, γE[v]=0.0, Q=0.0 (bayes)
2026-09-22 18:25:13,924 INFO: Plan 2: ḡ=0, γE[v]=0.0, Q=0.0 (fn)
2026-09-22 18:25:13,925 INFO: Plan 1: ḡ=0, γE[v]=0.0, Q=0.0 (fn)
2026-09-22 18:25:15,329 INFO: Plan 0: ḡ=0, γE[v]=0.0, Q=0.0 (fn)
2026-09-22 18:25:15,329 INFO: Plan 0: ḡ=0.0, γE[v]=0.0, Q=0.0 (bayes)
2026-09-22 18:25:15,329 INFO: Plan 1: ḡ=0.0, γE[v]=0.0, Q=0.0 (bayes)
2026-09-22 18:25:15,330 INFO: Plan 2: ḡ=0.0, γE[v]=0.0, Q=0.0 (bayes)
2026-09-22 18:25:15,487 INFO: Plan 1: ḡ=0, γE[v]=0.0, Q=0.0 (fn)
2026-09-22 18:25:15,488 INFO: Plan 2: ḡ=0, γE[v]=0.0, Q=0.0 (fn)
2026-09-22 18:25:15,489 INFO: Plan 0: ḡ=0, γE[v]=0.0, Q=0.0 (fn)
2026-09-22 18:25:15,489 INFO: Plan 0: ḡ=0.0, γE[v]=0.0, Q=0.0 (bayes)
2026-09-22 18:25:15,490 INFO: Plan 1: ḡ=0.0, γE[v]=0.0, Q=0.0 (bayes)
2026-09-22 18:25:15,490 INFO: Plan 2: ḡ=0.0, γE[v]=0.0, Q=0.0 (bayes)
2026-09-22 18:25:17,094 INFO: Plan 2: ḡ=86, γE[v]=14.5, Q=100.5 (fn)
2026-09-22 18:25:17,592 INFO: Plan 2: ḡ=0, γE[v]=0.0, Q=0.0 (fn)
2026-09-22 18:25:17,593 INFO: Plan 1: ḡ=0, γE[v]=0.0, Q=0.0 (fn)
2026-09-22 18:25:17,631 INFO: Plan 0: ḡ=83, γE[v]=46.5, Q=129.5 (fn)
2026-09-22 18:25:17,631 INFO: Plan 0: ḡ=19.6, γE[v]=12.6, Q=32.3 (bayes)
2026-09-22 18:25:17,631 INFO: Plan 1: ḡ=4.4, γE[v]=16.9, Q=21.3 (bayes)
2026-09-22 18:25:17,632 INFO: Plan 2: ḡ=17.2, γE[v]=11.6, Q=28.8 (bayes)
2026-09-22 18:25:17,669 INFO: Plan 2: ḡ=1, γE[v]=0.0, Q=1.0 (fn)
2026-09-22 18:25:17,747 INFO: Plan 0: ḡ=1, γE[v]=0.0, Q=1.0 (fn)
2026-09-22 18:25:17,748 INFO: Plan 0: ḡ=0.2, γE[v]=0.0, Q=0.2 (bayes)
2026-09-22 18:25:17,748 INFO: Plan 1: ḡ=0.0, γE[v]=0.1, Q=0.1 (bayes)
2026-09-22 18:25:17,748 INFO: Plan 2: ḡ=0.0, γE[v]=0.1, Q=0.1 (bayes)
2026-09-22 18:25:17,787 INFO: Plan 0: ḡ=6, γE[v]=0.0, Q=6.0 (fn)
2026-09-22 18:25:18,214 INFO: Plan 1: ḡ=1, γE[v]=0.5, Q=1.5 (fn)
2026-09-22 18:25:18,215 INFO: Plan 0: ḡ=1.0, γE[v]=0.3, Q=1.3 (bayes)
2026-09-22 18:25:18,215 INFO: Plan 1: ḡ=0.3, γE[v]=0.7, Q=1.0 (bayes)
2026-09-22 18:25:18,215 INFO: Plan 2: ḡ=0.3, γE[v]=0.7, Q=1.0 (bayes)
  [60/93] werkzeug.utils seed=42: {'random': 10, 'greedy': 10, 'cov_greedy': 15, 'covqvalue2': 68}
  [61/93] werkzeug.routing.rules seed=42: {'random': 16, 'greedy': 16, 'cov_greedy': 16, 'covqvalue2': 116}
2026-09-22 18:25:22,394 INFO: Plan 1: ḡ=16, γE[v]=0.0, Q=16.0 (fn)
2026-09-22 18:25:22,395 INFO: Plan 2: ḡ=3, γE[v]=0.0, Q=3.0 (fn)
2026-09-22 18:25:22,576 INFO: Plan 2: ḡ=53, γE[v]=0.0, Q=53.0 (fn)
2026-09-22 18:25:22,577 INFO: Plan 0: ḡ=10, γE[v]=3.0, Q=13.0 (fn)
2026-09-22 18:25:22,577 INFO: Plan 0: ḡ=1.1, γE[v]=2.6, Q=3.7 (bayes)
2026-09-22 18:25:22,577 INFO: Plan 1: ḡ=1.8, γE[v]=2.1, Q=3.8 (bayes)
2026-09-22 18:25:22,578 INFO: Plan 2: ḡ=5.9, γE[v]=0.0, Q=5.9 (bayes)
2026-09-22 18:25:23,247 INFO: Plan 2: ḡ=3, γE[v]=0.0, Q=3.0 (fn)
2026-09-22 18:25:23,802 INFO: Plan 1: ḡ=14, γE[v]=1.5, Q=15.5 (fn)
2026-09-22 18:25:24,489 INFO: Plan 0: ḡ=9, γE[v]=1.5, Q=10.5 (fn)
2026-09-22 18:25:24,796 INFO: Plan 1: ḡ=7, γE[v]=2.5, Q=9.5 (fn)
2026-09-22 18:25:24,798 INFO: Plan 0: ḡ=29, γE[v]=0.0, Q=29.0 (fn)
2026-09-22 18:25:24,798 INFO: Plan 0: ḡ=1.5, γE[v]=0.4, Q=1.9 (bayes)
2026-09-22 18:25:24,798 INFO: Plan 1: ḡ=1.2, γE[v]=0.6, Q=1.8 (bayes)
2026-09-22 18:25:24,798 INFO: Plan 2: ḡ=0.5, γE[v]=0.8, Q=1.2 (bayes)
2026-09-22 18:25:25,286 INFO: Plan 1: ḡ=14, γE[v]=0.0, Q=14.0 (fn)
  [62/93] httpx._main seed=42: {'random': 57, 'greedy': 57, 'cov_greedy': 57, 'covqvalue2': 71}
2026-09-22 18:25:25,821 INFO: Plan 0: ḡ=53, γE[v]=0.0, Q=53.0 (fn)
2026-09-22 18:25:25,897 INFO: Plan 0: ḡ=19, γE[v]=5.5, Q=24.5 (fn)
2026-09-22 18:25:25,898 INFO: Plan 0: ḡ=6.5, γE[v]=3.0, Q=9.5 (bayes)
2026-09-22 18:25:25,898 INFO: Plan 1: ḡ=7.0, γE[v]=2.6, Q=9.6 (bayes)
2026-09-22 18:25:25,898 INFO: Plan 2: ḡ=1.5, γE[v]=5.2, Q=6.8 (bayes)
2026-09-22 18:25:27,337 INFO: Plan 2: ḡ=15, γE[v]=0.0, Q=15.0 (fn)
2026-09-22 18:25:27,338 INFO: Plan 0: ḡ=1, γE[v]=0.0, Q=1.0 (fn)
2026-09-22 18:25:27,414 INFO: Plan 1: ḡ=1, γE[v]=0.0, Q=1.0 (fn)
2026-09-22 18:25:27,414 INFO: Plan 2: ḡ=54, γE[v]=8.5, Q=62.5 (fn)
2026-09-22 18:25:27,415 INFO: Plan 0: ḡ=0.3, γE[v]=1.2, Q=1.6 (bayes)
2026-09-22 18:25:27,415 INFO: Plan 1: ḡ=0.3, γE[v]=1.2, Q=1.6 (bayes)
2026-09-22 18:25:27,415 INFO: Plan 2: ḡ=2.1, γE[v]=0.3, Q=2.5 (bayes)
2026-09-22 18:25:27,565 INFO: Plan 1: ḡ=71, γE[v]=10.0, Q=81.0 (fn)
2026-09-22 18:25:27,566 INFO: Plan 0: ḡ=16.8, γE[v]=21.0, Q=37.8 (bayes)
2026-09-22 18:25:27,566 INFO: Plan 1: ḡ=26.5, γE[v]=16.8, Q=43.3 (bayes)
2026-09-22 18:25:27,566 INFO: Plan 2: ḡ=22.9, γE[v]=18.4, Q=41.3 (bayes)
2026-09-22 18:25:27,716 INFO: Plan 2: ḡ=23, γE[v]=0.0, Q=23.0 (fn)
2026-09-22 18:25:27,717 INFO: Plan 0: ḡ=14.2, γE[v]=11.0, Q=25.3 (bayes)
2026-09-22 18:25:27,717 INFO: Plan 1: ḡ=5.8, γE[v]=15.2, Q=21.1 (bayes)
2026-09-22 18:25:27,717 INFO: Plan 2: ḡ=6.6, γE[v]=14.9, Q=21.5 (bayes)
  [63/93] werkzeug.http seed=42: {'random': 18, 'greedy': 18, 'cov_greedy': 18, 'covqvalue2': 146}
  [64/93] pydantic.types seed=42: {'random': 101, 'greedy': 102, 'cov_greedy': 100, 'covqvalue2': 137}
2026-09-22 18:25:30,368 INFO: Plan 1: ḡ=16, γE[v]=3.0, Q=19.0 (fn)
2026-09-22 18:25:31,009 INFO: Plan 0: ḡ=7, γE[v]=0.0, Q=7.0 (fn)
2026-09-22 18:25:31,198 INFO: Plan 2: ḡ=19, γE[v]=0.0, Q=19.0 (fn)
2026-09-22 18:25:31,348 INFO: Plan 2: ḡ=16, γE[v]=5.0, Q=21.0 (fn)
2026-09-22 18:25:31,424 INFO: Plan 1: ḡ=0, γE[v]=0.0, Q=0.0 (fn)
2026-09-22 18:25:32,249 INFO: Plan 2: ḡ=0, γE[v]=0.0, Q=0.0 (fn)
2026-09-22 18:25:32,250 INFO: Plan 0: ḡ=0, γE[v]=0.0, Q=0.0 (fn)
2026-09-22 18:25:32,251 INFO: Plan 0: ḡ=0.0, γE[v]=0.0, Q=0.0 (bayes)
2026-09-22 18:25:32,251 INFO: Plan 1: ḡ=0.0, γE[v]=0.0, Q=0.0 (bayes)
2026-09-22 18:25:32,251 INFO: Plan 2: ḡ=0.0, γE[v]=0.0, Q=0.0 (bayes)
2026-09-22 18:25:32,491 INFO: Plan 0: ḡ=13, γE[v]=6.5, Q=19.5 (fn)
2026-09-22 18:25:32,492 INFO: Plan 0: ḡ=2.6, γE[v]=1.8, Q=4.4 (bayes)
2026-09-22 18:25:32,492 INFO: Plan 1: ḡ=3.2, γE[v]=1.3, Q=4.5 (bayes)
2026-09-22 18:25:32,492 INFO: Plan 2: ḡ=3.1, γE[v]=1.5, Q=4.5 (bayes)
2026-09-22 18:25:32,896 INFO: Plan 1: ḡ=0, γE[v]=0.0, Q=0.0 (fn)
2026-09-22 18:25:33,136 INFO: Plan 2: ḡ=0, γE[v]=0.0, Q=0.0 (fn)
2026-09-22 18:25:33,138 INFO: Plan 0: ḡ=0, γE[v]=0.0, Q=0.0 (fn)
2026-09-22 18:25:33,139 INFO: Plan 0: ḡ=0.0, γE[v]=0.0, Q=0.0 (bayes)
2026-09-22 18:25:33,139 INFO: Plan 1: ḡ=0.0, γE[v]=0.0, Q=0.0 (bayes)
2026-09-22 18:25:33,139 INFO: Plan 2: ḡ=0.0, γE[v]=0.0, Q=0.0 (bayes)
2026-09-22 18:25:33,584 INFO: Plan 0: ḡ=1, γE[v]=0.0, Q=1.0 (fn)
2026-09-22 18:25:33,584 INFO: Plan 1: ḡ=1, γE[v]=0.0, Q=1.0 (fn)
2026-09-22 18:25:35,015 INFO: Plan 2: ḡ=6, γE[v]=0.0, Q=6.0 (fn)
2026-09-22 18:25:35,018 INFO: Plan 0: ḡ=0.1, γE[v]=1.8, Q=1.9 (bayes)
2026-09-22 18:25:35,019 INFO: Plan 1: ḡ=0.1, γE[v]=1.8, Q=2.0 (bayes)
2026-09-22 18:25:35,020 INFO: Plan 2: ḡ=3.8, γE[v]=0.0, Q=3.8 (bayes)
2026-09-22 18:25:36,416 INFO: Plan 1: ḡ=47, γE[v]=6.5, Q=53.5 (fn)
2026-09-22 18:25:36,418 INFO: Plan 0: ḡ=2.3, γE[v]=65.1, Q=67.4 (bayes)
2026-09-22 18:25:36,418 INFO: Plan 1: ḡ=23.5, γE[v]=54.8, Q=78.3 (bayes)
2026-09-22 18:25:36,418 INFO: Plan 2: ḡ=7.7, γE[v]=62.4, Q=70.1 (bayes)
2026-09-22 18:25:36,843 INFO: Plan 1: ḡ=14, γE[v]=0.0, Q=14.0 (fn)
  [65/93] jinja2.bccache seed=42: {'random': 3, 'greedy': 3, 'cov_greedy': 5, 'covqvalue2': 21}
2026-09-22 18:25:37,068 INFO: Plan 0: ḡ=15, γE[v]=0.0, Q=15.0 (fn)
2026-09-22 18:25:37,209 INFO: Plan 0: ḡ=23, γE[v]=0.0, Q=23.0 (fn)
2026-09-22 18:25:37,210 INFO: Plan 2: ḡ=16, γE[v]=0.0, Q=16.0 (fn)
2026-09-22 18:25:37,211 INFO: Plan 0: ḡ=7.2, γE[v]=3.3, Q=10.5 (bayes)
2026-09-22 18:25:37,211 INFO: Plan 1: ḡ=4.7, γE[v]=4.6, Q=9.2 (bayes)
2026-09-22 18:25:37,211 INFO: Plan 2: ḡ=6.0, γE[v]=3.9, Q=9.9 (bayes)
2026-09-22 18:25:37,346 INFO: Plan 0: ḡ=3, γE[v]=0.0, Q=3.0 (fn)
2026-09-22 18:25:37,380 INFO: Plan 2: ḡ=2, γE[v]=0.0, Q=2.0 (fn)
2026-09-22 18:25:38,043 INFO: Plan 1: ḡ=3, γE[v]=0.0, Q=3.0 (fn)
2026-09-22 18:25:38,044 INFO: Plan 0: ḡ=0.5, γE[v]=0.5, Q=1.1 (bayes)
2026-09-22 18:25:38,044 INFO: Plan 1: ḡ=0.6, γE[v]=0.5, Q=1.1 (bayes)
2026-09-22 18:25:38,044 INFO: Plan 2: ḡ=0.5, γE[v]=0.6, Q=1.1 (bayes)
2026-09-22 18:25:40,476 INFO: Plan 0: ḡ=2, γE[v]=0.0, Q=2.0 (fn)
2026-09-22 18:25:40,477 INFO: Plan 2: ḡ=2, γE[v]=0.0, Q=2.0 (fn)
2026-09-22 18:25:40,478 INFO: Plan 1: ḡ=2, γE[v]=0.0, Q=2.0 (fn)
2026-09-22 18:25:40,479 INFO: Plan 0: ḡ=0.4, γE[v]=0.0, Q=0.4 (bayes)
2026-09-22 18:25:40,479 INFO: Plan 1: ḡ=0.4, γE[v]=0.0, Q=0.4 (bayes)
2026-09-22 18:25:40,479 INFO: Plan 2: ḡ=0.4, γE[v]=0.0, Q=0.4 (bayes)
2026-09-22 18:25:41,693 INFO: Plan 2: ḡ=4, γE[v]=0.0, Q=4.0 (fn)
2026-09-22 18:25:41,694 INFO: Plan 0: ḡ=4, γE[v]=0.0, Q=4.0 (fn)
2026-09-22 18:25:42,109 INFO: Plan 2: ḡ=30, γE[v]=15.0, Q=45.0 (fn)
2026-09-22 18:25:42,409 INFO: Plan 1: ḡ=19, γE[v]=13.5, Q=32.5 (fn)
2026-09-22 18:25:42,411 INFO: Plan 0: ḡ=7.2, γE[v]=36.2, Q=43.3 (bayes)
2026-09-22 18:25:42,411 INFO: Plan 1: ḡ=6.8, γE[v]=37.1, Q=44.0 (bayes)
2026-09-22 18:25:42,412 INFO: Plan 2: ḡ=15.0, γE[v]=32.9, Q=47.9 (bayes)
2026-09-22 18:25:42,479 INFO: Plan 1: ḡ=2, γE[v]=0.5, Q=2.5 (fn)
2026-09-22 18:25:42,480 INFO: Plan 0: ḡ=0.8, γE[v]=0.0, Q=0.8 (bayes)
2026-09-22 18:25:42,480 INFO: Plan 1: ḡ=0.4, γE[v]=0.2, Q=0.6 (bayes)
2026-09-22 18:25:42,480 INFO: Plan 2: ḡ=0.8, γE[v]=0.0, Q=0.8 (bayes)
2026-09-22 18:25:45,086 INFO: Plan 2: ḡ=12, γE[v]=0.0, Q=12.0 (fn)
2026-09-22 18:25:45,230 INFO: Plan 0: ḡ=27, γE[v]=0.0, Q=27.0 (fn)
2026-09-22 18:25:45,863 INFO: Plan 1: ḡ=16, γE[v]=1.0, Q=17.0 (fn)
2026-09-22 18:25:45,863 INFO: Plan 0: ḡ=13.3, γE[v]=5.2, Q=18.6 (bayes)
2026-09-22 18:25:45,863 INFO: Plan 1: ḡ=5.0, γE[v]=9.5, Q=14.5 (bayes)
2026-09-22 18:25:45,864 INFO: Plan 2: ḡ=5.5, γE[v]=9.2, Q=14.7 (bayes)
2026-09-22 18:25:46,016 INFO: Plan 0: ḡ=11, γE[v]=0.0, Q=11.0 (fn)
2026-09-22 18:25:46,656 INFO: Plan 2: ḡ=23, γE[v]=0.0, Q=23.0 (fn)
2026-09-22 18:25:47,598 INFO: Plan 1: ḡ=40, γE[v]=15.0, Q=55.0 (fn)
2026-09-22 18:25:47,599 INFO: Plan 0: ḡ=3.7, γE[v]=9.8, Q=13.5 (bayes)
2026-09-22 18:25:47,599 INFO: Plan 1: ḡ=13.3, γE[v]=5.9, Q=19.2 (bayes)
2026-09-22 18:25:47,599 INFO: Plan 2: ḡ=7.7, γE[v]=7.8, Q=15.5 (bayes)
2026-09-22 18:25:50,528 INFO: Plan 2: ḡ=1, γE[v]=0.0, Q=1.0 (fn)
2026-09-22 18:25:50,529 INFO: Plan 1: ḡ=1, γE[v]=0.0, Q=1.0 (fn)
2026-09-22 18:25:50,603 INFO: Plan 0: ḡ=1, γE[v]=0.0, Q=1.0 (fn)
2026-09-22 18:25:50,604 INFO: Plan 0: ḡ=0.2, γE[v]=0.4, Q=0.6 (bayes)
2026-09-22 18:25:50,604 INFO: Plan 1: ḡ=0.8, γE[v]=0.1, Q=0.9 (bayes)
2026-09-22 18:25:50,604 INFO: Plan 2: ḡ=0.8, γE[v]=0.1, Q=0.9 (bayes)
2026-09-22 18:25:50,679 INFO: Plan 1: ḡ=51, γE[v]=0.0, Q=51.0 (fn)
2026-09-22 18:25:50,791 INFO: Plan 0: ḡ=34, γE[v]=0.0, Q=34.0 (fn)
2026-09-22 18:25:51,315 INFO: Plan 2: ḡ=65, γE[v]=0.0, Q=65.0 (fn)
2026-09-22 18:25:51,316 INFO: Plan 1: ḡ=26, γE[v]=0.0, Q=26.0 (fn)
2026-09-22 18:25:51,643 INFO: Plan 1: ḡ=42, γE[v]=120.5, Q=162.5 (fn)
2026-09-22 18:25:51,680 INFO: Plan 2: ḡ=44, γE[v]=0.0, Q=44.0 (fn)
2026-09-22 18:25:51,680 INFO: Plan 0: ḡ=13.9, γE[v]=48.3, Q=62.2 (bayes)
2026-09-22 18:25:51,680 INFO: Plan 1: ḡ=25.5, γE[v]=42.5, Q=68.0 (bayes)
2026-09-22 18:25:51,681 INFO: Plan 2: ḡ=16.3, γE[v]=47.1, Q=63.4 (bayes)
  [66/93] starlette.applications seed=42: {'random': 2, 'greedy': 2, 'cov_greedy': 2, 'covqvalue2': 8}
2026-09-22 18:25:52,726 INFO: Plan 2: ḡ=0, γE[v]=0.0, Q=0.0 (fn)
2026-09-22 18:25:52,727 INFO: Plan 0: ḡ=0, γE[v]=0.0, Q=0.0 (fn)
2026-09-22 18:25:53,135 INFO: Plan 1: ḡ=0, γE[v]=0.0, Q=0.0 (fn)
2026-09-22 18:25:53,135 INFO: Plan 0: ḡ=0.0, γE[v]=0.0, Q=0.0 (bayes)
2026-09-22 18:25:53,135 INFO: Plan 1: ḡ=0.0, γE[v]=0.0, Q=0.0 (bayes)
2026-09-22 18:25:53,135 INFO: Plan 2: ḡ=0.0, γE[v]=0.0, Q=0.0 (bayes)
2026-09-22 18:25:53,173 INFO: Plan 0: ḡ=242, γE[v]=21.0, Q=263.0 (fn)
2026-09-22 18:25:53,286 INFO: Plan 2: ḡ=424, γE[v]=4.0, Q=428.0 (fn)
2026-09-22 18:25:53,286 INFO: Plan 0: ḡ=50.9, γE[v]=36.7, Q=87.6 (bayes)
2026-09-22 18:25:53,286 INFO: Plan 1: ḡ=9.7, γE[v]=64.4, Q=74.0 (bayes)
2026-09-22 18:25:53,287 INFO: Plan 2: ḡ=117.2, γE[v]=2.2, Q=119.5 (bayes)
2026-09-22 18:25:56,202 INFO: Plan 0: ḡ=19, γE[v]=28.0, Q=47.0 (fn)
2026-09-22 18:25:56,202 INFO: Plan 0: ḡ=9.5, γE[v]=39.3, Q=48.8 (bayes)
2026-09-22 18:25:56,203 INFO: Plan 1: ḡ=13.0, γE[v]=36.2, Q=49.2 (bayes)
2026-09-22 18:25:56,203 INFO: Plan 2: ḡ=32.5, γE[v]=26.5, Q=59.0 (bayes)
2026-09-22 18:25:57,245 INFO: Plan 1: ḡ=1, γE[v]=0.0, Q=1.0 (fn)
2026-09-22 18:25:57,246 INFO: Plan 0: ḡ=13, γE[v]=0.0, Q=13.0 (fn)
2026-09-22 18:25:57,468 INFO: Plan 0: ḡ=52, γE[v]=0.0, Q=52.0 (fn)
2026-09-22 18:25:57,469 INFO: Plan 1: ḡ=52, γE[v]=0.0, Q=52.0 (fn)
2026-09-22 18:25:57,470 INFO: Plan 2: ḡ=52, γE[v]=0.0, Q=52.0 (fn)
2026-09-22 18:25:57,470 INFO: Plan 0: ḡ=13.0, γE[v]=0.0, Q=13.0 (bayes)
2026-09-22 18:25:57,470 INFO: Plan 1: ḡ=13.0, γE[v]=0.0, Q=13.0 (bayes)
2026-09-22 18:25:57,470 INFO: Plan 2: ḡ=13.0, γE[v]=0.0, Q=13.0 (bayes)
2026-09-22 18:25:57,775 INFO: Plan 0: ḡ=15, γE[v]=0.0, Q=15.0 (fn)
2026-09-22 18:25:57,776 INFO: Plan 1: ḡ=15, γE[v]=0.0, Q=15.0 (fn)
2026-09-22 18:25:57,776 INFO: Plan 2: ḡ=15, γE[v]=0.0, Q=15.0 (fn)
2026-09-22 18:25:57,777 INFO: Plan 0: ḡ=1.9, γE[v]=0.0, Q=1.9 (bayes)
2026-09-22 18:25:57,777 INFO: Plan 1: ḡ=1.9, γE[v]=0.0, Q=1.9 (bayes)
2026-09-22 18:25:57,777 INFO: Plan 2: ḡ=1.9, γE[v]=0.0, Q=1.9 (bayes)
2026-09-22 18:25:57,940 INFO: Plan 2: ḡ=8, γE[v]=6.5, Q=14.5 (fn)
2026-09-22 18:25:57,940 INFO: Plan 0: ḡ=3.2, γE[v]=1.0, Q=4.3 (bayes)
2026-09-22 18:25:57,940 INFO: Plan 1: ḡ=0.3, γE[v]=2.5, Q=2.8 (bayes)
2026-09-22 18:25:57,940 INFO: Plan 2: ḡ=2.1, γE[v]=2.1, Q=4.2 (bayes)
2026-09-22 18:25:58,107 INFO: Plan 2: ḡ=0, γE[v]=0.0, Q=0.0 (fn)
2026-09-22 18:25:58,108 INFO: Plan 1: ḡ=0, γE[v]=0.0, Q=0.0 (fn)
2026-09-22 18:25:58,109 INFO: Plan 0: ḡ=0, γE[v]=0.0, Q=0.0 (fn)
2026-09-22 18:25:58,110 INFO: Plan 0: ḡ=0.0, γE[v]=0.0, Q=0.0 (bayes)
2026-09-22 18:25:58,110 INFO: Plan 1: ḡ=0.0, γE[v]=0.0, Q=0.0 (bayes)
2026-09-22 18:25:58,110 INFO: Plan 2: ḡ=0.0, γE[v]=0.0, Q=0.0 (bayes)
2026-09-22 18:25:59,765 INFO: Plan 2: ḡ=0, γE[v]=0.0, Q=0.0 (fn)
2026-09-22 18:25:59,766 INFO: Plan 1: ḡ=0, γE[v]=0.0, Q=0.0 (fn)
2026-09-22 18:25:59,767 INFO: Plan 0: ḡ=0, γE[v]=0.0, Q=0.0 (fn)
2026-09-22 18:25:59,767 INFO: Plan 0: ḡ=0.0, γE[v]=0.0, Q=0.0 (bayes)
2026-09-22 18:25:59,767 INFO: Plan 1: ḡ=0.0, γE[v]=0.0, Q=0.0 (bayes)
2026-09-22 18:25:59,767 INFO: Plan 2: ḡ=0.0, γE[v]=0.0, Q=0.0 (bayes)
  [67/93] httpx._urlparse seed=42: {'random': 4, 'greedy': 4, 'cov_greedy': 4, 'covqvalue2': 73}
2026-09-22 18:26:01,680 INFO: Plan 2: ḡ=0, γE[v]=0.0, Q=0.0 (fn)
2026-09-22 18:26:01,868 INFO: Plan 0: ḡ=1, γE[v]=0.0, Q=1.0 (fn)
2026-09-22 18:26:01,939 INFO: Plan 1: ḡ=1, γE[v]=0.0, Q=1.0 (fn)
2026-09-22 18:26:01,940 INFO: Plan 0: ḡ=0.3, γE[v]=1.1, Q=1.4 (bayes)
2026-09-22 18:26:01,940 INFO: Plan 1: ḡ=0.3, γE[v]=1.1, Q=1.4 (bayes)
2026-09-22 18:26:01,940 INFO: Plan 2: ḡ=0.0, γE[v]=1.3, Q=1.3 (bayes)
  [68/93] httpx._config seed=42: {'random': 17, 'greedy': 18, 'cov_greedy': 27, 'covqvalue2': 29}
2026-09-22 18:26:03,121 INFO: Plan 0: ḡ=13, γE[v]=2.5, Q=15.5 (fn)
2026-09-22 18:26:03,122 INFO: Plan 2: ḡ=23, γE[v]=0.0, Q=23.0 (fn)
  [69/93] pydantic.type_adapter seed=42: {'random': 16, 'greedy': 16, 'cov_greedy': 16, 'covqvalue2': 16}
2026-09-22 18:26:04,521 INFO: Plan 1: ḡ=11, γE[v]=6.0, Q=17.0 (fn)
2026-09-22 18:26:04,522 INFO: Plan 0: ḡ=2.2, γE[v]=1.0, Q=3.2 (bayes)
2026-09-22 18:26:04,522 INFO: Plan 1: ḡ=1.8, γE[v]=1.5, Q=3.3 (bayes)
2026-09-22 18:26:04,522 INFO: Plan 2: ḡ=3.9, γE[v]=0.0, Q=3.9 (bayes)
2026-09-22 18:26:04,658 INFO: Plan 2: ḡ=71, γE[v]=0.0, Q=71.0 (fn)
2026-09-22 18:26:05,035 INFO: Plan 0: ḡ=25, γE[v]=0.0, Q=25.0 (fn)
2026-09-22 18:26:05,717 INFO: Plan 1: ḡ=12, γE[v]=0.0, Q=12.0 (fn)
2026-09-22 18:26:05,718 INFO: Plan 2: ḡ=12, γE[v]=0.0, Q=12.0 (fn)
2026-09-22 18:26:05,718 INFO: Plan 0: ḡ=9, γE[v]=1.5, Q=10.5 (fn)
2026-09-22 18:26:05,719 INFO: Plan 0: ḡ=1.3, γE[v]=0.3, Q=1.6 (bayes)
2026-09-22 18:26:05,719 INFO: Plan 1: ḡ=1.7, γE[v]=0.0, Q=1.7 (bayes)
2026-09-22 18:26:05,719 INFO: Plan 2: ḡ=1.7, γE[v]=0.0, Q=1.7 (bayes)
  [70/93] werkzeug.wsgi seed=42: {'random': 8, 'greedy': 8, 'cov_greedy': 13, 'covqvalue2': 54}
2026-09-22 18:26:06,697 INFO: Plan 1: ḡ=90, γE[v]=12.5, Q=102.5 (fn)
2026-09-22 18:26:06,697 INFO: Plan 0: ḡ=4.2, γE[v]=7.5, Q=11.7 (bayes)
2026-09-22 18:26:06,697 INFO: Plan 1: ḡ=15.0, γE[v]=3.0, Q=18.0 (bayes)
2026-09-22 18:26:06,697 INFO: Plan 2: ḡ=11.8, γE[v]=3.7, Q=15.5 (bayes)
2026-09-22 18:26:08,185 INFO: Plan 2: ḡ=3, γE[v]=0.0, Q=3.0 (fn)
2026-09-22 18:26:10,047 INFO: Plan 1: ḡ=8, γE[v]=4.5, Q=12.5 (fn)
2026-09-22 18:26:10,722 INFO: Plan 0: ḡ=20, γE[v]=5.0, Q=25.0 (fn)
2026-09-22 18:26:10,722 INFO: Plan 0: ḡ=5.8, γE[v]=2.0, Q=7.8 (bayes)
2026-09-22 18:26:10,722 INFO: Plan 1: ḡ=2.7, γE[v]=3.5, Q=6.2 (bayes)
2026-09-22 18:26:10,722 INFO: Plan 2: ḡ=1.0, γE[v]=4.1, Q=5.1 (bayes)
2026-09-22 18:26:13,028 INFO: Plan 2: ḡ=0, γE[v]=0.0, Q=0.0 (fn)
2026-09-22 18:26:13,029 INFO: Plan 0: ḡ=0, γE[v]=0.0, Q=0.0 (fn)
2026-09-22 18:26:13,260 INFO: Plan 1: ḡ=2, γE[v]=0.0, Q=2.0 (fn)
2026-09-22 18:26:13,261 INFO: Plan 0: ḡ=2, γE[v]=0.0, Q=2.0 (fn)
2026-09-22 18:26:13,698 INFO: Plan 1: ḡ=0, γE[v]=0.0, Q=0.0 (fn)
2026-09-22 18:26:13,699 INFO: Plan 0: ḡ=0.0, γE[v]=0.0, Q=0.0 (bayes)
2026-09-22 18:26:13,699 INFO: Plan 1: ḡ=0.0, γE[v]=0.0, Q=0.0 (bayes)
2026-09-22 18:26:13,699 INFO: Plan 2: ḡ=0.0, γE[v]=0.0, Q=0.0 (bayes)
2026-09-22 18:26:13,729 INFO: Plan 2: ḡ=0, γE[v]=1.0, Q=1.0 (fn)
2026-09-22 18:26:13,729 INFO: Plan 0: ḡ=0.3, γE[v]=0.0, Q=0.3 (bayes)
2026-09-22 18:26:13,729 INFO: Plan 1: ḡ=0.3, γE[v]=0.0, Q=0.3 (bayes)
2026-09-22 18:26:13,729 INFO: Plan 2: ḡ=0.0, γE[v]=0.2, Q=0.2 (bayes)
2026-09-22 18:26:14,392 INFO: Plan 2: ḡ=0, γE[v]=0.0, Q=0.0 (fn)
2026-09-22 18:26:14,512 INFO: Plan 1: ḡ=0, γE[v]=0.0, Q=0.0 (fn)
2026-09-22 18:26:14,719 INFO: Plan 0: ḡ=0, γE[v]=0.0, Q=0.0 (fn)
2026-09-22 18:26:14,719 INFO: Plan 0: ḡ=4, γE[v]=0.0, Q=4.0 (fn)
2026-09-22 18:26:14,721 INFO: Plan 0: ḡ=7, γE[v]=2.5, Q=9.5 (fn)
2026-09-22 18:26:14,722 INFO: Plan 0: ḡ=0.0, γE[v]=0.0, Q=0.0 (bayes)
2026-09-22 18:26:14,722 INFO: Plan 1: ḡ=0.0, γE[v]=0.0, Q=0.0 (bayes)
2026-09-22 18:26:14,722 INFO: Plan 2: ḡ=0.0, γE[v]=0.0, Q=0.0 (bayes)
2026-09-22 18:26:14,841 INFO: Plan 2: ḡ=10, γE[v]=0.0, Q=10.0 (fn)
2026-09-22 18:26:15,947 INFO: Plan 1: ḡ=18, γE[v]=1.0, Q=19.0 (fn)
2026-09-22 18:26:15,948 INFO: Plan 0: ḡ=1.2, γE[v]=3.0, Q=4.2 (bayes)
2026-09-22 18:26:15,948 INFO: Plan 1: ḡ=6.7, γE[v]=0.3, Q=7.0 (bayes)
2026-09-22 18:26:15,948 INFO: Plan 2: ḡ=4.0, γE[v]=1.6, Q=5.6 (bayes)
2026-09-22 18:26:16,527 INFO: Plan 1: ḡ=12, γE[v]=12.5, Q=24.5 (fn)
  [71/93] pydantic.fields seed=42: {'random': 41, 'greedy': 35, 'cov_greedy': 119, 'covqvalue2': 139}
2026-09-22 18:26:17,496 INFO: Plan 2: ḡ=23, γE[v]=26.0, Q=49.0 (fn)
2026-09-22 18:26:17,497 INFO: Plan 0: ḡ=2.3, γE[v]=52.2, Q=54.5 (bayes)
2026-09-22 18:26:17,497 INFO: Plan 1: ḡ=4.8, γE[v]=51.4, Q=56.2 (bayes)
2026-09-22 18:26:17,497 INFO: Plan 2: ḡ=10.7, γE[v]=49.1, Q=59.8 (bayes)
2026-09-22 18:26:20,500 INFO: Plan 2: ḡ=3, γE[v]=0.0, Q=3.0 (fn)
2026-09-22 18:26:20,501 INFO: Plan 0: ḡ=3, γE[v]=0.0, Q=3.0 (fn)
2026-09-22 18:26:20,533 INFO: Plan 1: ḡ=2, γE[v]=0.0, Q=2.0 (fn)
2026-09-22 18:26:20,533 INFO: Plan 0: ḡ=0.5, γE[v]=0.2, Q=0.8 (bayes)
2026-09-22 18:26:20,534 INFO: Plan 1: ḡ=0.5, γE[v]=0.3, Q=0.8 (bayes)
2026-09-22 18:26:20,534 INFO: Plan 2: ḡ=0.5, γE[v]=0.2, Q=0.8 (bayes)
2026-09-22 18:26:21,245 INFO: Plan 0: ḡ=13, γE[v]=0.0, Q=13.0 (fn)
2026-09-22 18:26:24,258 INFO: Plan 0: ḡ=8, γE[v]=0.0, Q=8.0 (fn)
2026-09-22 18:26:24,439 INFO: Plan 1: ḡ=14, γE[v]=0.0, Q=14.0 (fn)
2026-09-22 18:26:24,788 INFO: Plan 2: ḡ=10, γE[v]=4.5, Q=14.5 (fn)
2026-09-22 18:26:25,136 INFO: Plan 2: ḡ=11, γE[v]=6.5, Q=17.5 (fn)
2026-09-22 18:26:25,136 INFO: Plan 0: ḡ=3.3, γE[v]=4.2, Q=7.6 (bayes)
2026-09-22 18:26:25,136 INFO: Plan 1: ḡ=3.5, γE[v]=4.2, Q=7.7 (bayes)
2026-09-22 18:26:25,136 INFO: Plan 2: ḡ=5.2, γE[v]=3.7, Q=9.0 (bayes)
2026-09-22 18:26:25,883 INFO: Plan 1: ḡ=19, γE[v]=14.0, Q=33.0 (fn)
2026-09-22 18:26:25,884 INFO: Plan 0: ḡ=6.5, γE[v]=26.5, Q=33.0 (bayes)
2026-09-22 18:26:25,884 INFO: Plan 1: ḡ=6.3, γE[v]=27.4, Q=33.7 (bayes)
2026-09-22 18:26:25,884 INFO: Plan 2: ḡ=4.2, γE[v]=27.9, Q=32.1 (bayes)
2026-09-22 18:26:25,938 INFO: Plan 1: ḡ=0, γE[v]=0.0, Q=0.0 (fn)
2026-09-22 18:26:25,968 INFO: Plan 2: ḡ=0, γE[v]=0.0, Q=0.0 (fn)
2026-09-22 18:26:25,969 INFO: Plan 2: ḡ=0, γE[v]=0.0, Q=0.0 (fn)
2026-09-22 18:26:26,057 INFO: Plan 0: ḡ=4, γE[v]=0.0, Q=4.0 (fn)
2026-09-22 18:26:26,058 INFO: Plan 0: ḡ=1.0, γE[v]=0.0, Q=1.0 (bayes)
2026-09-22 18:26:26,058 INFO: Plan 1: ḡ=0.0, γE[v]=0.5, Q=0.5 (bayes)
2026-09-22 18:26:26,058 INFO: Plan 2: ḡ=0.0, γE[v]=0.5, Q=0.5 (bayes)
2026-09-22 18:26:26,284 INFO: Plan 1: ḡ=2, γE[v]=0.0, Q=2.0 (fn)
2026-09-22 18:26:26,339 INFO: Plan 0: ḡ=1, γE[v]=0.5, Q=1.5 (fn)
2026-09-22 18:26:26,339 INFO: Plan 0: ḡ=0.2, γE[v]=0.1, Q=0.3 (bayes)
2026-09-22 18:26:26,339 INFO: Plan 1: ḡ=0.3, γE[v]=0.0, Q=0.3 (bayes)
2026-09-22 18:26:26,339 INFO: Plan 2: ḡ=0.0, γE[v]=0.2, Q=0.2 (bayes)
2026-09-22 18:26:28,706 INFO: Plan 2: ḡ=17, γE[v]=0.0, Q=17.0 (fn)
2026-09-22 18:26:28,821 INFO: Plan 0: ḡ=20, γE[v]=0.0, Q=20.0 (fn)
2026-09-22 18:26:28,908 INFO: Plan 2: ḡ=0, γE[v]=0.0, Q=0.0 (fn)
2026-09-22 18:26:28,908 INFO: Plan 0: ḡ=0, γE[v]=0.0, Q=0.0 (fn)
2026-09-22 18:26:28,992 INFO: Plan 1: ḡ=37, γE[v]=0.0, Q=37.0 (fn)
2026-09-22 18:26:28,993 INFO: Plan 0: ḡ=10.0, γE[v]=21.0, Q=31.0 (bayes)
2026-09-22 18:26:28,993 INFO: Plan 1: ḡ=18.5, γE[v]=16.8, Q=35.2 (bayes)
2026-09-22 18:26:28,993 INFO: Plan 2: ḡ=8.5, γE[v]=21.8, Q=30.2 (bayes)
2026-09-22 18:26:29,106 INFO: Plan 1: ḡ=0, γE[v]=0.0, Q=0.0 (fn)
2026-09-22 18:26:29,106 INFO: Plan 0: ḡ=0.0, γE[v]=0.0, Q=0.0 (bayes)
2026-09-22 18:26:29,107 INFO: Plan 1: ḡ=0.0, γE[v]=0.0, Q=0.0 (bayes)
2026-09-22 18:26:29,107 INFO: Plan 2: ḡ=0.0, γE[v]=0.0, Q=0.0 (bayes)
  [72/93] httpx._auth seed=42: {'random': 55, 'greedy': 49, 'cov_greedy': 4, 'covqvalue2': 84}
2026-09-22 18:26:31,540 INFO: Plan 2: ḡ=15, γE[v]=0.0, Q=15.0 (fn)
2026-09-22 18:26:31,541 INFO: Plan 1: ḡ=15, γE[v]=0.0, Q=15.0 (fn)
2026-09-22 18:26:31,542 INFO: Plan 0: ḡ=15, γE[v]=0.0, Q=15.0 (fn)
2026-09-22 18:26:31,543 INFO: Plan 0: ḡ=1.7, γE[v]=0.0, Q=1.7 (bayes)
2026-09-22 18:26:31,543 INFO: Plan 1: ḡ=1.7, γE[v]=0.0, Q=1.7 (bayes)
2026-09-22 18:26:31,543 INFO: Plan 2: ḡ=1.7, γE[v]=0.0, Q=1.7 (bayes)
2026-09-22 18:26:31,768 INFO: Plan 0: ḡ=23, γE[v]=0.0, Q=23.0 (fn)
2026-09-22 18:26:32,166 INFO: Plan 1: ḡ=17, γE[v]=0.0, Q=17.0 (fn)
2026-09-22 18:26:33,371 INFO: Plan 2: ḡ=6, γE[v]=0.0, Q=6.0 (fn)
  [73/93] pydantic.functional_serializers seed=42: {'random': 22, 'greedy': 22, 'cov_greedy': 22, 'covqvalue2': 24}
2026-09-22 18:26:33,866 INFO: Plan 0: ḡ=1, γE[v]=0.0, Q=1.0 (fn)
2026-09-22 18:26:33,983 INFO: Plan 2: ḡ=75, γE[v]=0.0, Q=75.0 (fn)
2026-09-22 18:26:33,987 INFO: Plan 0: ḡ=11.2, γE[v]=36.4, Q=47.6 (bayes)
2026-09-22 18:26:33,990 INFO: Plan 1: ḡ=7.5, γE[v]=38.3, Q=45.8 (bayes)
2026-09-22 18:26:33,990 INFO: Plan 2: ḡ=32.9, γE[v]=25.5, Q=58.5 (bayes)
2026-09-22 18:26:34,421 INFO: Plan 1: ḡ=8, γE[v]=0.0, Q=8.0 (fn)
2026-09-22 18:26:34,620 INFO: Plan 0: ḡ=43, γE[v]=0.0, Q=43.0 (fn)
2026-09-22 18:26:34,621 INFO: Plan 1: ḡ=43, γE[v]=0.0, Q=43.0 (fn)
2026-09-22 18:26:34,622 INFO: Plan 2: ḡ=43, γE[v]=0.0, Q=43.0 (fn)
2026-09-22 18:26:34,623 INFO: Plan 0: ḡ=8.6, γE[v]=0.0, Q=8.6 (bayes)
2026-09-22 18:26:34,623 INFO: Plan 1: ḡ=8.6, γE[v]=0.0, Q=8.6 (bayes)
2026-09-22 18:26:34,623 INFO: Plan 2: ḡ=8.6, γE[v]=0.0, Q=8.6 (bayes)
2026-09-22 18:26:34,702 INFO: Plan 2: ḡ=1, γE[v]=3.5, Q=4.5 (fn)
2026-09-22 18:26:34,702 INFO: Plan 0: ḡ=0.3, γE[v]=0.9, Q=1.2 (bayes)
2026-09-22 18:26:34,702 INFO: Plan 1: ḡ=2.1, γE[v]=0.0, Q=2.1 (bayes)
2026-09-22 18:26:34,702 INFO: Plan 2: ḡ=0.3, γE[v]=1.1, Q=1.4 (bayes)
2026-09-22 18:26:36,989 INFO: Plan 2: ḡ=0, γE[v]=0.0, Q=0.0 (fn)
2026-09-22 18:26:37,107 INFO: Plan 0: ḡ=63, γE[v]=0.0, Q=63.0 (fn)
2026-09-22 18:26:37,482 INFO: Plan 0: ḡ=8, γE[v]=0.0, Q=8.0 (fn)
2026-09-22 18:26:37,511 INFO: Plan 1: ḡ=46, γE[v]=118.0, Q=164.0 (fn)
2026-09-22 18:26:37,710 INFO: Plan 1: ḡ=5, γE[v]=1.5, Q=6.5 (fn)
2026-09-22 18:26:37,710 INFO: Plan 0: ḡ=1.0, γE[v]=0.0, Q=1.0 (bayes)
2026-09-22 18:26:37,710 INFO: Plan 1: ḡ=0.6, γE[v]=0.3, Q=0.9 (bayes)
2026-09-22 18:26:37,711 INFO: Plan 2: ḡ=0.0, γE[v]=0.5, Q=0.5 (bayes)
2026-09-22 18:26:37,911 INFO: Plan 2: ḡ=161, γE[v]=0.0, Q=161.0 (fn)
2026-09-22 18:26:37,912 INFO: Plan 1: ḡ=161, γE[v]=0.0, Q=161.0 (fn)
2026-09-22 18:26:37,912 INFO: Plan 0: ḡ=31.5, γE[v]=24.5, Q=56.0 (bayes)
2026-09-22 18:26:37,912 INFO: Plan 1: ḡ=80.5, γE[v]=0.0, Q=80.5 (bayes)
2026-09-22 18:26:37,912 INFO: Plan 2: ḡ=80.5, γE[v]=0.0, Q=80.5 (bayes)
2026-09-22 18:26:37,966 INFO: Plan 0: ḡ=268, γE[v]=7.5, Q=275.5 (fn)
2026-09-22 18:26:37,967 INFO: Plan 0: ḡ=44.9, γE[v]=11.1, Q=56.0 (bayes)
2026-09-22 18:26:37,967 INFO: Plan 1: ḡ=8.8, γE[v]=37.5, Q=46.3 (bayes)
2026-09-22 18:26:37,967 INFO: Plan 2: ḡ=1.4, γE[v]=32.4, Q=33.9 (bayes)
2026-09-22 18:26:38,108 INFO: Plan 0: ḡ=17, γE[v]=20.5, Q=37.5 (fn)
2026-09-22 18:26:39,235 INFO: Plan 2: ḡ=110, γE[v]=31.0, Q=141.0 (fn)
  [74/93] pydantic.networks seed=42: {'random': 34, 'greedy': 34, 'cov_greedy': 34, 'covqvalue2': 35}
2026-09-22 18:26:40,856 INFO: Plan 1: ḡ=186, γE[v]=0.5, Q=186.5 (fn)
2026-09-22 18:26:40,856 INFO: Plan 0: ḡ=8.5, γE[v]=43.4, Q=51.9 (bayes)
2026-09-22 18:26:40,856 INFO: Plan 1: ḡ=93.0, γE[v]=0.3, Q=93.3 (bayes)
2026-09-22 18:26:40,857 INFO: Plan 2: ḡ=55.0, γE[v]=20.6, Q=75.7 (bayes)
2026-09-22 18:26:42,069 INFO: Plan 2: ḡ=71, γE[v]=0.0, Q=71.0 (fn)
2026-09-22 18:26:42,611 INFO: Plan 0: ḡ=25, γE[v]=0.0, Q=25.0 (fn)
2026-09-22 18:26:42,666 INFO: Plan 0: ḡ=1, γE[v]=0.0, Q=1.0 (fn)
2026-09-22 18:26:42,694 INFO: Plan 1: ḡ=1, γE[v]=0.0, Q=1.0 (fn)
2026-09-22 18:26:42,722 INFO: Plan 2: ḡ=1, γE[v]=0.0, Q=1.0 (fn)
2026-09-22 18:26:42,805 INFO: Plan 2: ḡ=2, γE[v]=0.0, Q=2.0 (fn)
2026-09-22 18:26:42,805 INFO: Plan 0: ḡ=0.2, γE[v]=0.2, Q=0.4 (bayes)
2026-09-22 18:26:42,805 INFO: Plan 1: ḡ=0.2, γE[v]=0.2, Q=0.5 (bayes)
2026-09-22 18:26:42,805 INFO: Plan 2: ḡ=0.5, γE[v]=0.1, Q=0.6 (bayes)
2026-09-22 18:26:43,796 INFO: Plan 1: ḡ=115, γE[v]=0.0, Q=115.0 (fn)
2026-09-22 18:26:43,797 INFO: Plan 0: ḡ=3.6, γE[v]=6.4, Q=10.0 (bayes)
2026-09-22 18:26:43,797 INFO: Plan 1: ḡ=16.4, γE[v]=0.0, Q=16.4 (bayes)
2026-09-22 18:26:43,797 INFO: Plan 2: ḡ=10.1, γE[v]=3.1, Q=13.3 (bayes)
2026-09-22 18:26:43,908 INFO: Plan 1: ḡ=17, γE[v]=0.0, Q=17.0 (fn)
2026-09-22 18:26:44,297 INFO: Plan 0: ḡ=9, γE[v]=4.0, Q=13.0 (fn)
2026-09-22 18:26:44,298 INFO: Plan 0: ḡ=2.2, γE[v]=1.3, Q=3.5 (bayes)
2026-09-22 18:26:44,298 INFO: Plan 1: ḡ=4.2, γE[v]=0.0, Q=4.2 (bayes)
2026-09-22 18:26:44,298 INFO: Plan 2: ḡ=0.2, γE[v]=2.0, Q=2.2 (bayes)
2026-09-22 18:26:45,020 INFO: Plan 2: ḡ=1, γE[v]=0.0, Q=1.0 (fn)
2026-09-22 18:26:45,021 INFO: Plan 0: ḡ=1, γE[v]=0.0, Q=1.0 (fn)
2026-09-22 18:26:45,158 INFO: Plan 1: ḡ=0, γE[v]=0.5, Q=0.5 (fn)
2026-09-22 18:26:45,158 INFO: Plan 0: ḡ=0.1, γE[v]=0.0, Q=0.1 (bayes)
2026-09-22 18:26:45,158 INFO: Plan 1: ḡ=0.0, γE[v]=0.1, Q=0.1 (bayes)
2026-09-22 18:26:45,158 INFO: Plan 2: ḡ=0.1, γE[v]=0.0, Q=0.1 (bayes)
  [75/93] httpx._urls seed=42: {'random': 37, 'greedy': 39, 'cov_greedy': 41, 'covqvalue2': 83}
2026-09-22 18:26:47,592 INFO: Plan 1: ḡ=0, γE[v]=0.0, Q=0.0 (fn)
2026-09-22 18:26:47,621 INFO: Plan 2: ḡ=0, γE[v]=0.0, Q=0.0 (fn)
2026-09-22 18:26:47,678 INFO: Plan 2: ḡ=4, γE[v]=0.0, Q=4.0 (fn)
2026-09-22 18:26:47,706 INFO: Plan 0: ḡ=0, γE[v]=0.0, Q=0.0 (fn)
2026-09-22 18:26:47,707 INFO: Plan 0: ḡ=0.0, γE[v]=0.0, Q=0.0 (bayes)
2026-09-22 18:26:47,707 INFO: Plan 1: ḡ=0.0, γE[v]=0.0, Q=0.0 (bayes)
2026-09-22 18:26:47,707 INFO: Plan 2: ḡ=0.0, γE[v]=0.0, Q=0.0 (bayes)
2026-09-22 18:26:47,739 INFO: Plan 0: ḡ=2, γE[v]=0.0, Q=2.0 (fn)
2026-09-22 18:26:47,739 INFO: Plan 1: ḡ=6, γE[v]=0.0, Q=6.0 (fn)
2026-09-22 18:26:47,741 INFO: Plan 0: ḡ=0.4, γE[v]=1.4, Q=1.8 (bayes)
2026-09-22 18:26:47,741 INFO: Plan 1: ḡ=1.5, γE[v]=0.9, Q=2.4 (bayes)
2026-09-22 18:26:47,741 INFO: Plan 2: ḡ=1.3, γE[v]=0.9, Q=2.3 (bayes)
  [76/93] starlette.testclient seed=42: {'random': 42, 'greedy': 29, 'cov_greedy': 0, 'covqvalue2': 69}
2026-09-22 18:26:50,605 INFO: Plan 0: ḡ=8, γE[v]=0.0, Q=8.0 (fn)
2026-09-22 18:26:52,707 INFO: Plan 2: ḡ=39, γE[v]=18.0, Q=57.0 (fn)
2026-09-22 18:26:53,101 INFO: Plan 1: ḡ=13, γE[v]=12.5, Q=25.5 (fn)
2026-09-22 18:26:53,101 INFO: Plan 0: ḡ=2.8, γE[v]=45.8, Q=48.6 (bayes)
2026-09-22 18:26:53,102 INFO: Plan 1: ḡ=5.2, γE[v]=45.2, Q=50.4 (bayes)
2026-09-22 18:26:53,102 INFO: Plan 2: ḡ=12.6, γE[v]=42.0, Q=54.6 (bayes)
2026-09-22 18:26:55,495 INFO: Plan 2: ḡ=1, γE[v]=0.0, Q=1.0 (fn)
2026-09-22 18:26:55,776 INFO: Plan 0: ḡ=8, γE[v]=0.0, Q=8.0 (fn)
2026-09-22 18:26:55,945 INFO: Plan 1: ḡ=14, γE[v]=0.0, Q=14.0 (fn)
2026-09-22 18:26:55,945 INFO: Plan 0: ḡ=3.3, γE[v]=1.4, Q=4.7 (bayes)
2026-09-22 18:26:55,945 INFO: Plan 1: ḡ=2.8, γE[v]=1.7, Q=4.5 (bayes)
2026-09-22 18:26:55,945 INFO: Plan 2: ḡ=0.2, γE[v]=3.0, Q=3.2 (bayes)
2026-09-22 18:26:57,866 INFO: Plan 0: ḡ=15, γE[v]=0.0, Q=15.0 (fn)
2026-09-22 18:26:59,851 INFO: Plan 2: ḡ=18, γE[v]=5.5, Q=23.5 (fn)
2026-09-22 18:26:59,987 INFO: Plan 2: ḡ=0, γE[v]=0.0, Q=0.0 (fn)
2026-09-22 18:27:00,183 INFO: Plan 0: ḡ=0, γE[v]=0.0, Q=0.0 (fn)
2026-09-22 18:27:00,712 INFO: Plan 1: ḡ=0, γE[v]=0.0, Q=0.0 (fn)
2026-09-22 18:27:00,712 INFO: Plan 0: ḡ=0.0, γE[v]=0.0, Q=0.0 (bayes)
2026-09-22 18:27:00,712 INFO: Plan 1: ḡ=0.0, γE[v]=0.0, Q=0.0 (bayes)
2026-09-22 18:27:00,712 INFO: Plan 2: ḡ=0.0, γE[v]=0.0, Q=0.0 (bayes)
2026-09-22 18:27:00,739 INFO: Plan 2: ḡ=26, γE[v]=0.0, Q=26.0 (fn)
2026-09-22 18:27:00,794 INFO: Plan 1: ḡ=31, γE[v]=0.0, Q=31.0 (fn)
2026-09-22 18:27:01,688 INFO: Plan 0: ḡ=0, γE[v]=0.0, Q=0.0 (fn)
2026-09-22 18:27:01,689 INFO: Plan 2: ḡ=0, γE[v]=0.0, Q=0.0 (fn)
2026-09-22 18:27:01,826 INFO: Plan 0: ḡ=7, γE[v]=9.5, Q=16.5 (fn)
2026-09-22 18:27:01,826 INFO: Plan 0: ḡ=3.5, γE[v]=14.7, Q=18.2 (bayes)
2026-09-22 18:27:01,826 INFO: Plan 1: ḡ=15.5, γE[v]=8.2, Q=23.8 (bayes)
2026-09-22 18:27:01,827 INFO: Plan 2: ḡ=13.0, γE[v]=9.5, Q=22.5 (bayes)
2026-09-22 18:27:01,881 INFO: Plan 1: ḡ=0, γE[v]=0.0, Q=0.0 (fn)
2026-09-22 18:27:01,881 INFO: Plan 0: ḡ=0.0, γE[v]=0.0, Q=0.0 (bayes)
2026-09-22 18:27:01,881 INFO: Plan 1: ḡ=0.0, γE[v]=0.0, Q=0.0 (bayes)
2026-09-22 18:27:01,881 INFO: Plan 2: ḡ=0.0, γE[v]=0.0, Q=0.0 (bayes)
2026-09-22 18:27:01,938 INFO: Plan 1: ḡ=17, γE[v]=9.5, Q=26.5 (fn)
2026-09-22 18:27:01,939 INFO: Plan 0: ḡ=7.2, γE[v]=22.1, Q=29.3 (bayes)
2026-09-22 18:27:01,939 INFO: Plan 1: ḡ=5.1, γE[v]=23.8, Q=28.9 (bayes)
2026-09-22 18:27:01,939 INFO: Plan 2: ḡ=6.3, γE[v]=22.9, Q=29.2 (bayes)
2026-09-22 18:27:02,320 INFO: Plan 0: ḡ=34, γE[v]=0.0, Q=34.0 (fn)
2026-09-22 18:27:02,824 INFO: Plan 1: ḡ=43, γE[v]=0.0, Q=43.0 (fn)
  [77/93] werkzeug.datastructures.structures seed=42: {'random': 3, 'greedy': 3, 'cov_greedy': 13, 'covqvalue2': 133}
2026-09-22 18:27:06,112 INFO: Plan 2: ḡ=1, γE[v]=0.0, Q=1.0 (fn)
2026-09-22 18:27:06,113 INFO: Plan 0: ḡ=1, γE[v]=0.0, Q=1.0 (fn)
2026-09-22 18:27:06,115 INFO: Plan 1: ḡ=1, γE[v]=0.0, Q=1.0 (fn)
2026-09-22 18:27:06,115 INFO: Plan 0: ḡ=0.2, γE[v]=0.0, Q=0.2 (bayes)
2026-09-22 18:27:06,115 INFO: Plan 1: ḡ=0.2, γE[v]=0.0, Q=0.2 (bayes)
2026-09-22 18:27:06,115 INFO: Plan 2: ḡ=0.2, γE[v]=0.0, Q=0.2 (bayes)
2026-09-22 18:27:07,259 INFO: Plan 0: ḡ=9, γE[v]=0.0, Q=9.0 (fn)
2026-09-22 18:27:07,481 INFO: Plan 2: ḡ=49, γE[v]=45.5, Q=94.5 (fn)
2026-09-22 18:27:07,481 INFO: Plan 0: ḡ=13.9, γE[v]=20.7, Q=34.6 (bayes)
2026-09-22 18:27:07,481 INFO: Plan 1: ḡ=14.2, γE[v]=20.5, Q=34.8 (bayes)
2026-09-22 18:27:07,481 INFO: Plan 2: ḡ=15.7, γE[v]=22.5, Q=38.2 (bayes)
2026-09-22 18:27:07,858 INFO: Plan 1: ḡ=17, γE[v]=0.0, Q=17.0 (fn)
2026-09-22 18:27:08,589 INFO: Plan 2: ḡ=1, γE[v]=8.0, Q=9.0 (fn)
2026-09-22 18:27:08,589 INFO: Plan 0: ḡ=1.8, γE[v]=0.8, Q=2.6 (bayes)
2026-09-22 18:27:08,589 INFO: Plan 1: ḡ=3.4, γE[v]=0.0, Q=3.4 (bayes)
2026-09-22 18:27:08,589 INFO: Plan 2: ḡ=0.2, γE[v]=2.2, Q=2.4 (bayes)
2026-09-22 18:27:09,327 INFO: Plan 1: ḡ=0, γE[v]=0.0, Q=0.0 (fn)
2026-09-22 18:27:09,406 INFO: Plan 2: ḡ=1, γE[v]=0.0, Q=1.0 (fn)
2026-09-22 18:27:09,407 INFO: Plan 0: ḡ=1, γE[v]=0.0, Q=1.0 (fn)
2026-09-22 18:27:09,408 INFO: Plan 0: ḡ=0.1, γE[v]=0.0, Q=0.1 (bayes)
2026-09-22 18:27:09,408 INFO: Plan 1: ḡ=0.0, γE[v]=0.1, Q=0.1 (bayes)
2026-09-22 18:27:09,408 INFO: Plan 2: ḡ=0.1, γE[v]=0.0, Q=0.1 (bayes)
  [78/93] werkzeug.wrappers.response seed=42: {'random': 48, 'greedy': 48, 'cov_greedy': 52, 'covqvalue2': 84}
2026-09-22 18:27:11,636 INFO: Plan 2: ḡ=43, γE[v]=0.0, Q=43.0 (fn)
2026-09-22 18:27:11,637 INFO: Plan 0: ḡ=43, γE[v]=0.0, Q=43.0 (fn)
2026-09-22 18:27:11,662 INFO: Plan 1: ḡ=43, γE[v]=0.0, Q=43.0 (fn)
2026-09-22 18:27:11,662 INFO: Plan 0: ḡ=7.2, γE[v]=0.0, Q=7.2 (bayes)
2026-09-22 18:27:11,662 INFO: Plan 1: ḡ=7.2, γE[v]=0.0, Q=7.2 (bayes)
2026-09-22 18:27:11,663 INFO: Plan 2: ḡ=7.2, γE[v]=0.0, Q=7.2 (bayes)
2026-09-22 18:27:14,327 INFO: Plan 2: ḡ=4, γE[v]=0.0, Q=4.0 (fn)
2026-09-22 18:27:14,383 INFO: Plan 0: ḡ=2, γE[v]=0.0, Q=2.0 (fn)
2026-09-22 18:27:14,384 INFO: Plan 1: ḡ=6, γE[v]=0.0, Q=6.0 (fn)
2026-09-22 18:27:14,384 INFO: Plan 0: ḡ=0.4, γE[v]=1.3, Q=1.7 (bayes)
2026-09-22 18:27:14,384 INFO: Plan 1: ḡ=1.2, γE[v]=0.9, Q=2.1 (bayes)
2026-09-22 18:27:14,384 INFO: Plan 2: ḡ=1.3, γE[v]=0.8, Q=2.1 (bayes)
2026-09-22 18:27:14,816 INFO: Plan 2: ḡ=52, γE[v]=0.0, Q=52.0 (fn)
2026-09-22 18:27:15,697 INFO: Plan 1: ḡ=42, γE[v]=0.0, Q=42.0 (fn)
2026-09-22 18:27:15,914 INFO: Plan 2: ḡ=71, γE[v]=0.0, Q=71.0 (fn)
2026-09-22 18:27:16,211 INFO: Plan 0: ḡ=25, γE[v]=0.0, Q=25.0 (fn)
2026-09-22 18:27:18,428 INFO: Plan 2: ḡ=0, γE[v]=0.0, Q=0.0 (fn)
2026-09-22 18:27:18,460 INFO: Plan 1: ḡ=90, γE[v]=12.5, Q=102.5 (fn)
2026-09-22 18:27:18,462 INFO: Plan 0: ḡ=233, γE[v]=21.0, Q=254.0 (fn)
2026-09-22 18:27:18,462 INFO: Plan 0: ḡ=3.1, γE[v]=5.6, Q=8.8 (bayes)
2026-09-22 18:27:18,463 INFO: Plan 1: ḡ=11.2, γE[v]=2.5, Q=13.8 (bayes)
2026-09-22 18:27:18,463 INFO: Plan 0: ḡ=35.7, γE[v]=12.7, Q=48.5 (bayes)
2026-09-22 18:27:18,463 INFO: Plan 2: ḡ=8.9, γE[v]=2.8, Q=11.6 (bayes)
2026-09-22 18:27:18,463 INFO: Plan 1: ḡ=6.6, γE[v]=25.7, Q=32.3 (bayes)
2026-09-22 18:27:18,464 INFO: Plan 2: ḡ=16.7, γE[v]=20.7, Q=37.3 (bayes)
2026-09-22 18:27:18,513 INFO: Plan 1: ḡ=1, γE[v]=0.0, Q=1.0 (fn)
2026-09-22 18:27:18,514 INFO: Plan 0: ḡ=1, γE[v]=0.0, Q=1.0 (fn)
2026-09-22 18:27:18,514 INFO: Plan 0: ḡ=0.7, γE[v]=0.0, Q=0.7 (bayes)
2026-09-22 18:27:18,515 INFO: Plan 1: ḡ=0.7, γE[v]=0.0, Q=0.7 (bayes)
2026-09-22 18:27:18,515 INFO: Plan 2: ḡ=0.0, γE[v]=0.3, Q=0.3 (bayes)
2026-09-22 18:27:22,022 INFO: Plan 0: ḡ=8, γE[v]=0.0, Q=8.0 (fn)
2026-09-22 18:27:24,583 INFO: Plan 1: ḡ=13, γE[v]=12.5, Q=25.5 (fn)
2026-09-22 18:27:25,263 INFO: Plan 2: ḡ=34, γE[v]=26.0, Q=60.0 (fn)
2026-09-22 18:27:25,263 INFO: Plan 0: ḡ=2.8, γE[v]=42.8, Q=45.6 (bayes)
2026-09-22 18:27:25,263 INFO: Plan 1: ḡ=5.2, γE[v]=42.1, Q=47.3 (bayes)
2026-09-22 18:27:25,263 INFO: Plan 2: ḡ=11.0, γE[v]=40.4, Q=51.4 (bayes)
2026-09-22 18:27:27,083 INFO: Plan 2: ḡ=24, γE[v]=0.0, Q=24.0 (fn)
2026-09-22 18:27:27,667 INFO: Plan 1: ḡ=14, γE[v]=0.0, Q=14.0 (fn)
2026-09-22 18:27:27,820 INFO: Plan 0: ḡ=7, γE[v]=0.0, Q=7.0 (fn)
2026-09-22 18:27:27,821 INFO: Plan 0: ḡ=3.5, γE[v]=8.5, Q=12.0 (bayes)
2026-09-22 18:27:27,821 INFO: Plan 1: ḡ=5.0, γE[v]=7.8, Q=12.8 (bayes)
2026-09-22 18:27:27,821 INFO: Plan 2: ḡ=12.0, γE[v]=4.2, Q=16.2 (bayes)
2026-09-22 18:27:27,901 INFO: Plan 1: ḡ=0, γE[v]=0.0, Q=0.0 (fn)
2026-09-22 18:27:28,837 INFO: Plan 0: ḡ=0, γE[v]=0.0, Q=0.0 (fn)
2026-09-22 18:27:28,838 INFO: Plan 2: ḡ=0, γE[v]=0.0, Q=0.0 (fn)
2026-09-22 18:27:28,838 INFO: Plan 0: ḡ=0.0, γE[v]=0.0, Q=0.0 (bayes)
2026-09-22 18:27:28,838 INFO: Plan 1: ḡ=0.0, γE[v]=0.0, Q=0.0 (bayes)
2026-09-22 18:27:28,838 INFO: Plan 2: ḡ=0.0, γE[v]=0.0, Q=0.0 (bayes)
2026-09-22 18:27:28,971 INFO: Plan 2: ḡ=0, γE[v]=0.0, Q=0.0 (fn)
2026-09-22 18:27:29,160 INFO: Plan 2: ḡ=12, γE[v]=0.0, Q=12.0 (fn)
2026-09-22 18:27:29,213 INFO: Plan 1: ḡ=2, γE[v]=0.0, Q=2.0 (fn)
2026-09-22 18:27:29,241 INFO: Plan 1: ḡ=47, γE[v]=0.0, Q=47.0 (fn)
2026-09-22 18:27:29,322 INFO: Plan 2: ḡ=111, γE[v]=0.0, Q=111.0 (fn)
2026-09-22 18:27:29,477 INFO: Plan 0: ḡ=15, γE[v]=0.0, Q=15.0 (fn)
2026-09-22 18:27:29,478 INFO: Plan 0: ḡ=5.0, γE[v]=27.7, Q=32.7 (bayes)
2026-09-22 18:27:29,478 INFO: Plan 1: ḡ=15.7, γE[v]=22.3, Q=38.0 (bayes)
2026-09-22 18:27:29,478 INFO: Plan 2: ḡ=4.0, γE[v]=28.2, Q=32.2 (bayes)
2026-09-22 18:27:29,580 INFO: Plan 0: ḡ=46, γE[v]=32.5, Q=78.5 (fn)
2026-09-22 18:27:29,659 INFO: Plan 0: ḡ=12, γE[v]=1.0, Q=13.0 (fn)
2026-09-22 18:27:29,659 INFO: Plan 0: ḡ=2.4, γE[v]=0.3, Q=2.7 (bayes)
2026-09-22 18:27:29,660 INFO: Plan 1: ḡ=0.4, γE[v]=1.2, Q=1.6 (bayes)
2026-09-22 18:27:29,660 INFO: Plan 2: ḡ=0.0, γE[v]=1.4, Q=1.4 (bayes)
2026-09-22 18:27:29,942 INFO: Plan 1: ḡ=30, γE[v]=40.5, Q=70.5 (fn)
2026-09-22 18:27:29,943 INFO: Plan 0: ḡ=23.0, γE[v]=17.7, Q=40.7 (bayes)
2026-09-22 18:27:29,943 INFO: Plan 1: ḡ=15.0, γE[v]=22.1, Q=37.1 (bayes)
2026-09-22 18:27:29,943 INFO: Plan 2: ḡ=55.5, γE[v]=0.0, Q=55.5 (bayes)
  [79/93] httpx._utils seed=42: {'random': 15, 'greedy': 16, 'cov_greedy': 21, 'covqvalue2': 57}
2026-09-22 18:27:34,935 INFO: Plan 0: ḡ=0, γE[v]=0.0, Q=0.0 (fn)
2026-09-22 18:27:34,936 INFO: Plan 2: ḡ=0, γE[v]=0.0, Q=0.0 (fn)
2026-09-22 18:27:34,937 INFO: Plan 1: ḡ=0, γE[v]=0.0, Q=0.0 (fn)
2026-09-22 18:27:34,937 INFO: Plan 0: ḡ=0.0, γE[v]=0.0, Q=0.0 (bayes)
2026-09-22 18:27:34,938 INFO: Plan 1: ḡ=0.0, γE[v]=0.0, Q=0.0 (bayes)
2026-09-22 18:27:34,938 INFO: Plan 2: ḡ=0.0, γE[v]=0.0, Q=0.0 (bayes)
2026-09-22 18:27:40,075 INFO: Plan 0: ḡ=0, γE[v]=0.0, Q=0.0 (fn)
2026-09-22 18:27:40,103 INFO: Plan 1: ḡ=0, γE[v]=0.0, Q=0.0 (fn)
2026-09-22 18:27:40,104 INFO: Plan 2: ḡ=0, γE[v]=0.0, Q=0.0 (fn)
2026-09-22 18:27:40,104 INFO: Plan 0: ḡ=0.0, γE[v]=0.0, Q=0.0 (bayes)
2026-09-22 18:27:40,104 INFO: Plan 1: ḡ=0.0, γE[v]=0.0, Q=0.0 (bayes)
2026-09-22 18:27:40,104 INFO: Plan 2: ḡ=0.0, γE[v]=0.0, Q=0.0 (bayes)
2026-09-22 18:27:41,302 INFO: Plan 0: ḡ=34, γE[v]=0.0, Q=34.0 (fn)
2026-09-22 18:27:41,385 INFO: Plan 0: ḡ=0, γE[v]=0.0, Q=0.0 (fn)
2026-09-22 18:27:41,386 INFO: Plan 2: ḡ=0, γE[v]=0.0, Q=0.0 (fn)
2026-09-22 18:27:41,387 INFO: Plan 1: ḡ=0, γE[v]=0.0, Q=0.0 (fn)
2026-09-22 18:27:41,387 INFO: Plan 0: ḡ=0.0, γE[v]=0.0, Q=0.0 (bayes)
2026-09-22 18:27:41,387 INFO: Plan 1: ḡ=0.0, γE[v]=0.0, Q=0.0 (bayes)
2026-09-22 18:27:41,387 INFO: Plan 2: ḡ=0.0, γE[v]=0.0, Q=0.0 (bayes)
2026-09-22 18:27:41,540 INFO: Plan 1: ḡ=66, γE[v]=0.0, Q=66.0 (fn)
2026-09-22 18:27:41,795 INFO: Plan 2: ḡ=29, γE[v]=0.0, Q=29.0 (fn)
2026-09-22 18:27:41,795 INFO: Plan 0: ḡ=12.4, γE[v]=10.9, Q=23.3 (bayes)
2026-09-22 18:27:41,795 INFO: Plan 1: ḡ=17.8, γE[v]=8.2, Q=26.0 (bayes)
2026-09-22 18:27:41,796 INFO: Plan 2: ḡ=7.4, γE[v]=13.4, Q=20.8 (bayes)
  [80/93] pydantic.color seed=42: {'random': 0, 'greedy': 0, 'cov_greedy': 17, 'covqvalue2': 94}
2026-09-22 18:27:46,097 INFO: Plan 0: ḡ=43, γE[v]=0.0, Q=43.0 (fn)
2026-09-22 18:27:46,097 INFO: Plan 2: ḡ=43, γE[v]=0.0, Q=43.0 (fn)
2026-09-22 18:27:46,098 INFO: Plan 1: ḡ=43, γE[v]=0.0, Q=43.0 (fn)
2026-09-22 18:27:46,099 INFO: Plan 0: ḡ=6.1, γE[v]=0.0, Q=6.1 (bayes)
2026-09-22 18:27:46,099 INFO: Plan 1: ḡ=6.1, γE[v]=0.0, Q=6.1 (bayes)
2026-09-22 18:27:46,099 INFO: Plan 2: ḡ=6.1, γE[v]=0.0, Q=6.1 (bayes)
2026-09-22 18:27:46,196 INFO: Plan 0: ḡ=2, γE[v]=0.0, Q=2.0 (fn)
2026-09-22 18:27:46,197 INFO: Plan 2: ḡ=6, γE[v]=0.0, Q=6.0 (fn)
2026-09-22 18:27:46,785 INFO: Plan 1: ḡ=6, γE[v]=1.0, Q=7.0 (fn)
2026-09-22 18:27:46,785 INFO: Plan 0: ḡ=0.4, γE[v]=0.6, Q=1.0 (bayes)
2026-09-22 18:27:46,785 INFO: Plan 1: ḡ=1.2, γE[v]=0.3, Q=1.5 (bayes)
2026-09-22 18:27:46,785 INFO: Plan 2: ḡ=1.2, γE[v]=0.2, Q=1.4 (bayes)
2026-09-22 18:27:47,157 INFO: Plan 2: ḡ=71, γE[v]=0.0, Q=71.0 (fn)
2026-09-22 18:27:47,429 INFO: Plan 0: ḡ=25, γE[v]=0.0, Q=25.0 (fn)
  [81/93] werkzeug.sansio.response seed=42: {'random': 56, 'greedy': 60, 'cov_greedy': 70, 'covqvalue2': 76}
2026-09-22 18:27:48,835 INFO: Plan 1: ḡ=90, γE[v]=12.5, Q=102.5 (fn)
2026-09-22 18:27:48,835 INFO: Plan 0: ḡ=2.8, γE[v]=5.0, Q=7.8 (bayes)
2026-09-22 18:27:48,836 INFO: Plan 1: ḡ=10.0, γE[v]=2.4, Q=12.4 (bayes)
2026-09-22 18:27:48,836 INFO: Plan 2: ḡ=7.9, γE[v]=2.4, Q=10.3 (bayes)
2026-09-22 18:27:49,975 INFO: Plan 0: ḡ=0, γE[v]=0.0, Q=0.0 (fn)
2026-09-22 18:27:49,976 INFO: Plan 1: ḡ=0, γE[v]=0.0, Q=0.0 (fn)
2026-09-22 18:27:49,977 INFO: Plan 2: ḡ=0, γE[v]=0.0, Q=0.0 (fn)
2026-09-22 18:27:49,977 INFO: Plan 0: ḡ=0.0, γE[v]=0.0, Q=0.0 (bayes)
2026-09-22 18:27:49,977 INFO: Plan 1: ḡ=0.0, γE[v]=0.0, Q=0.0 (bayes)
2026-09-22 18:27:49,977 INFO: Plan 2: ḡ=0.0, γE[v]=0.0, Q=0.0 (bayes)
2026-09-22 18:27:50,514 INFO: Plan 0: ḡ=7, γE[v]=0.0, Q=7.0 (fn)
  [82/93] werkzeug.routing.map seed=42: {'random': 38, 'greedy': 38, 'cov_greedy': 52, 'covqvalue2': 56}
2026-09-22 18:27:51,765 INFO: Plan 2: ḡ=4, γE[v]=0.0, Q=4.0 (fn)
2026-09-22 18:27:51,936 INFO: Plan 1: ḡ=15, γE[v]=0.0, Q=15.0 (fn)
  [83/93] starlette.staticfiles seed=42: {'random': 3, 'greedy': 3, 'cov_greedy': 8, 'covqvalue2': 46}
2026-09-22 18:27:52,029 INFO: Plan 0: ḡ=4, γE[v]=0.0, Q=4.0 (fn)
2026-09-22 18:27:52,029 INFO: Plan 0: ḡ=2.0, γE[v]=3.6, Q=5.6 (bayes)
2026-09-22 18:27:52,029 INFO: Plan 1: ḡ=5.5, γE[v]=1.8, Q=7.3 (bayes)
2026-09-22 18:27:52,030 INFO: Plan 2: ḡ=1.7, γE[v]=3.7, Q=5.4 (bayes)
2026-09-22 18:27:52,762 INFO: Plan 1: ḡ=12, γE[v]=13.0, Q=25.0 (fn)
2026-09-22 18:27:52,808 INFO: Plan 2: ḡ=39, γE[v]=18.0, Q=57.0 (fn)
2026-09-22 18:27:52,809 INFO: Plan 0: ḡ=2.3, γE[v]=40.3, Q=42.6 (bayes)
2026-09-22 18:27:52,809 INFO: Plan 1: ḡ=4.8, γE[v]=39.6, Q=44.4 (bayes)
2026-09-22 18:27:52,809 INFO: Plan 2: ḡ=7.6, γE[v]=38.9, Q=46.5 (bayes)
2026-09-22 18:27:54,396 INFO: Plan 2: ḡ=52, γE[v]=0.0, Q=52.0 (fn)
2026-09-22 18:27:55,215 INFO: Plan 1: ḡ=42, γE[v]=0.0, Q=42.0 (fn)
2026-09-22 18:27:55,976 INFO: Plan 2: ḡ=0, γE[v]=0.0, Q=0.0 (fn)
2026-09-22 18:27:55,977 INFO: Plan 1: ḡ=0, γE[v]=0.0, Q=0.0 (fn)
2026-09-22 18:27:55,978 INFO: Plan 0: ḡ=0, γE[v]=0.0, Q=0.0 (fn)
2026-09-22 18:27:55,978 INFO: Plan 0: ḡ=0.0, γE[v]=0.0, Q=0.0 (bayes)
2026-09-22 18:27:55,979 INFO: Plan 1: ḡ=0.0, γE[v]=0.0, Q=0.0 (bayes)
2026-09-22 18:27:55,979 INFO: Plan 2: ḡ=0.0, γE[v]=0.0, Q=0.0 (bayes)
2026-09-22 18:27:56,722 INFO: Plan 1: ḡ=1, γE[v]=0.0, Q=1.0 (fn)
2026-09-22 18:27:56,723 INFO: Plan 2: ḡ=1, γE[v]=0.0, Q=1.0 (fn)
2026-09-22 18:27:56,724 INFO: Plan 0: ḡ=1, γE[v]=0.0, Q=1.0 (fn)
2026-09-22 18:27:56,724 INFO: Plan 0: ḡ=0.8, γE[v]=0.0, Q=0.8 (bayes)
2026-09-22 18:27:56,724 INFO: Plan 1: ḡ=0.8, γE[v]=0.0, Q=0.8 (bayes)
2026-09-22 18:27:56,724 INFO: Plan 2: ḡ=0.8, γE[v]=0.0, Q=0.8 (bayes)
2026-09-22 18:27:57,437 INFO: Plan 0: ḡ=273, γE[v]=24.5, Q=297.5 (fn)
2026-09-22 18:27:57,437 INFO: Plan 0: ḡ=37.0, γE[v]=9.5, Q=46.5 (bayes)
2026-09-22 18:27:57,437 INFO: Plan 1: ḡ=5.7, γE[v]=23.6, Q=29.3 (bayes)
2026-09-22 18:27:57,437 INFO: Plan 2: ḡ=16.5, γE[v]=18.2, Q=34.7 (bayes)
2026-09-22 18:27:58,603 INFO: Plan 2: ḡ=0, γE[v]=0.0, Q=0.0 (fn)
2026-09-22 18:27:58,604 INFO: Plan 0: ḡ=0, γE[v]=0.0, Q=0.0 (fn)
2026-09-22 18:27:58,605 INFO: Plan 1: ḡ=0, γE[v]=0.0, Q=0.0 (fn)
2026-09-22 18:27:58,606 INFO: Plan 0: ḡ=0.0, γE[v]=0.0, Q=0.0 (bayes)
2026-09-22 18:27:58,606 INFO: Plan 1: ḡ=0.0, γE[v]=0.0, Q=0.0 (bayes)
2026-09-22 18:27:58,606 INFO: Plan 2: ḡ=0.0, γE[v]=0.0, Q=0.0 (bayes)
2026-09-22 18:28:02,650 INFO: Plan 0: ḡ=15, γE[v]=0.0, Q=15.0 (fn)
2026-09-22 18:28:03,936 INFO: Plan 2: ḡ=44, γE[v]=34.5, Q=78.5 (fn)
2026-09-22 18:28:05,088 INFO: Plan 1: ḡ=180, γE[v]=0.5, Q=180.5 (fn)
2026-09-22 18:28:05,088 INFO: Plan 0: ḡ=4.2, γE[v]=26.1, Q=30.3 (bayes)
2026-09-22 18:28:05,089 INFO: Plan 1: ḡ=56.1, γE[v]=0.2, Q=56.3 (bayes)
2026-09-22 18:28:05,089 INFO: Plan 2: ḡ=14.7, γE[v]=22.9, Q=37.6 (bayes)
2026-09-22 18:28:08,258 INFO: Plan 0: ḡ=23, γE[v]=0.0, Q=23.0 (fn)
2026-09-22 18:28:08,525 INFO: Plan 2: ḡ=21, γE[v]=0.0, Q=21.0 (fn)
2026-09-22 18:28:08,975 INFO: Plan 1: ḡ=21, γE[v]=1.0, Q=22.0 (fn)
2026-09-22 18:28:08,976 INFO: Plan 0: ḡ=10.2, γE[v]=4.6, Q=14.8 (bayes)
2026-09-22 18:28:08,976 INFO: Plan 1: ḡ=4.7, γE[v]=7.5, Q=12.1 (bayes)
2026-09-22 18:28:08,976 INFO: Plan 2: ḡ=4.8, γE[v]=7.3, Q=12.1 (bayes)
2026-09-22 18:28:10,342 INFO: Plan 1: ḡ=0, γE[v]=0.0, Q=0.0 (fn)
2026-09-22 18:28:10,343 INFO: Plan 2: ḡ=0, γE[v]=0.0, Q=0.0 (fn)
2026-09-22 18:28:10,344 INFO: Plan 0: ḡ=0, γE[v]=0.0, Q=0.0 (fn)
2026-09-22 18:28:10,344 INFO: Plan 0: ḡ=0.0, γE[v]=0.0, Q=0.0 (bayes)
2026-09-22 18:28:10,345 INFO: Plan 1: ḡ=0.0, γE[v]=0.0, Q=0.0 (bayes)
2026-09-22 18:28:10,345 INFO: Plan 2: ḡ=0.0, γE[v]=0.0, Q=0.0 (bayes)
  [84/93] starlette.routing seed=42: {'random': 4, 'greedy': 6, 'cov_greedy': 6, 'covqvalue2': 94}
2026-09-22 18:28:11,965 INFO: Plan 2: ḡ=3, γE[v]=0.0, Q=3.0 (fn)
2026-09-22 18:28:12,102 INFO: Plan 1: ḡ=9, γE[v]=0.0, Q=9.0 (fn)
2026-09-22 18:28:12,196 INFO: Plan 0: ḡ=3, γE[v]=0.0, Q=3.0 (fn)
2026-09-22 18:28:12,200 INFO: Plan 0: ḡ=1.5, γE[v]=2.0, Q=3.5 (bayes)
2026-09-22 18:28:12,202 INFO: Plan 1: ḡ=2.8, γE[v]=1.3, Q=4.1 (bayes)
2026-09-22 18:28:12,203 INFO: Plan 2: ḡ=1.2, γE[v]=2.1, Q=3.3 (bayes)
  [85/93] werkzeug.wrappers.request seed=42: {'random': 40, 'greedy': 40, 'cov_greedy': 47, 'covqvalue2': 65}
2026-09-22 18:28:12,869 INFO: Plan 0: ḡ=20, γE[v]=0.0, Q=20.0 (fn)
2026-09-22 18:28:12,892 INFO: Plan 1: ḡ=20, γE[v]=0.0, Q=20.0 (fn)
2026-09-22 18:28:12,893 INFO: Plan 2: ḡ=20, γE[v]=0.0, Q=20.0 (fn)
2026-09-22 18:28:12,893 INFO: Plan 0: ḡ=2.5, γE[v]=0.0, Q=2.5 (bayes)
2026-09-22 18:28:12,893 INFO: Plan 1: ḡ=2.5, γE[v]=0.0, Q=2.5 (bayes)
2026-09-22 18:28:12,893 INFO: Plan 2: ḡ=2.5, γE[v]=0.0, Q=2.5 (bayes)
2026-09-22 18:28:14,960 INFO: Plan 0: ḡ=8, γE[v]=0.0, Q=8.0 (fn)
2026-09-22 18:28:16,865 INFO: Plan 2: ḡ=39, γE[v]=18.0, Q=57.0 (fn)
2026-09-22 18:28:16,957 INFO: Plan 1: ḡ=12, γE[v]=13.0, Q=25.0 (fn)
2026-09-22 18:28:16,958 INFO: Plan 0: ḡ=2.8, γE[v]=38.8, Q=41.6 (bayes)
2026-09-22 18:28:16,958 INFO: Plan 1: ḡ=4.8, γE[v]=38.4, Q=43.2 (bayes)
2026-09-22 18:28:16,958 INFO: Plan 2: ḡ=6.4, γE[v]=38.4, Q=44.7 (bayes)
  [86/93] starlette.datastructures seed=42: {'random': 37, 'greedy': 42, 'cov_greedy': 50, 'covqvalue2': 65}
2026-09-22 18:28:19,955 INFO: Plan 1: ḡ=0, γE[v]=0.0, Q=0.0 (fn)
2026-09-22 18:28:19,956 INFO: Plan 0: ḡ=0, γE[v]=0.0, Q=0.0 (fn)
2026-09-22 18:28:21,156 INFO: Plan 2: ḡ=0, γE[v]=0.0, Q=0.0 (fn)
2026-09-22 18:28:21,156 INFO: Plan 0: ḡ=0.0, γE[v]=0.0, Q=0.0 (bayes)
2026-09-22 18:28:21,156 INFO: Plan 1: ḡ=0.0, γE[v]=0.0, Q=0.0 (bayes)
2026-09-22 18:28:21,157 INFO: Plan 2: ḡ=0.0, γE[v]=0.0, Q=0.0 (bayes)
2026-09-22 18:28:22,065 INFO: Plan 0: ḡ=0, γE[v]=0.0, Q=0.0 (fn)
2026-09-22 18:28:22,066 INFO: Plan 1: ḡ=0, γE[v]=0.0, Q=0.0 (fn)
2026-09-22 18:28:22,085 INFO: Plan 2: ḡ=0, γE[v]=0.0, Q=0.0 (fn)
2026-09-22 18:28:22,085 INFO: Plan 0: ḡ=0.0, γE[v]=0.0, Q=0.0 (bayes)
2026-09-22 18:28:22,085 INFO: Plan 1: ḡ=0.0, γE[v]=0.0, Q=0.0 (bayes)
2026-09-22 18:28:22,085 INFO: Plan 2: ḡ=0.0, γE[v]=0.0, Q=0.0 (bayes)
2026-09-22 18:28:23,505 INFO: Plan 2: ḡ=52, γE[v]=0.0, Q=52.0 (fn)
2026-09-22 18:28:24,103 INFO: Plan 1: ḡ=42, γE[v]=0.0, Q=42.0 (fn)
2026-09-22 18:28:25,137 INFO: Plan 1: ḡ=0, γE[v]=0.0, Q=0.0 (fn)
2026-09-22 18:28:25,202 INFO: Plan 0: ḡ=1, γE[v]=0.0, Q=1.0 (fn)
2026-09-22 18:28:25,223 INFO: Plan 2: ḡ=1, γE[v]=0.0, Q=1.0 (fn)
2026-09-22 18:28:25,224 INFO: Plan 0: ḡ=0.8, γE[v]=0.0, Q=0.8 (bayes)
2026-09-22 18:28:25,224 INFO: Plan 1: ḡ=0.0, γE[v]=0.4, Q=0.4 (bayes)
2026-09-22 18:28:25,224 INFO: Plan 2: ḡ=0.8, γE[v]=0.0, Q=0.8 (bayes)
2026-09-22 18:28:26,126 INFO: Plan 0: ḡ=233, γE[v]=21.0, Q=254.0 (fn)
2026-09-22 18:28:26,127 INFO: Plan 0: ḡ=28.4, γE[v]=10.0, Q=38.4 (bayes)
2026-09-22 18:28:26,127 INFO: Plan 1: ḡ=5.0, γE[v]=20.1, Q=25.1 (bayes)
2026-09-22 18:28:26,127 INFO: Plan 2: ḡ=12.5, γE[v]=16.3, Q=28.8 (bayes)
  [87/93] werkzeug.serving seed=42: {'random': 19, 'greedy': 19, 'cov_greedy': 9, 'covqvalue2': 53}
2026-09-22 18:28:31,791 INFO: Plan 2: ḡ=3, γE[v]=0.0, Q=3.0 (fn)
2026-09-22 18:28:31,833 INFO: Plan 1: ḡ=2, γE[v]=0.0, Q=2.0 (fn)
2026-09-22 18:28:32,257 INFO: Plan 0: ḡ=3, γE[v]=0.0, Q=3.0 (fn)
2026-09-22 18:28:32,258 INFO: Plan 0: ḡ=1.5, γE[v]=0.6, Q=2.1 (bayes)
2026-09-22 18:28:32,258 INFO: Plan 1: ḡ=1.0, γE[v]=0.8, Q=1.8 (bayes)
2026-09-22 18:28:32,258 INFO: Plan 2: ḡ=1.2, γE[v]=0.8, Q=1.9 (bayes)
2026-09-22 18:28:33,355 INFO: Plan 0: ḡ=20, γE[v]=0.0, Q=20.0 (fn)
2026-09-22 18:28:33,376 INFO: Plan 2: ḡ=20, γE[v]=0.0, Q=20.0 (fn)
2026-09-22 18:28:33,377 INFO: Plan 1: ḡ=20, γE[v]=0.0, Q=20.0 (fn)
2026-09-22 18:28:33,377 INFO: Plan 0: ḡ=2.2, γE[v]=0.0, Q=2.2 (bayes)
2026-09-22 18:28:33,377 INFO: Plan 1: ḡ=2.2, γE[v]=0.0, Q=2.2 (bayes)
2026-09-22 18:28:33,377 INFO: Plan 2: ḡ=2.2, γE[v]=0.0, Q=2.2 (bayes)
2026-09-22 18:28:34,385 INFO: Plan 0: ḡ=13, γE[v]=19.5, Q=32.5 (fn)
  [88/93] starlette.middleware.errors seed=42: {'random': 25, 'greedy': 25, 'cov_greedy': 0, 'covqvalue2': 47}
2026-09-22 18:28:35,942 INFO: Plan 2: ḡ=181, γE[v]=0.0, Q=181.0 (fn)
2026-09-22 18:28:36,604 INFO: Plan 1: ḡ=46, γE[v]=65.0, Q=111.0 (fn)
2026-09-22 18:28:36,605 INFO: Plan 0: ḡ=2.9, γE[v]=21.4, Q=24.3 (bayes)
2026-09-22 18:28:36,605 INFO: Plan 1: ḡ=11.0, γE[v]=20.4, Q=31.4 (bayes)
2026-09-22 18:28:36,605 INFO: Plan 2: ḡ=42.9, γE[v]=0.0, Q=42.9 (bayes)
2026-09-22 18:28:40,990 INFO: Plan 1: ḡ=0, γE[v]=0.0, Q=0.0 (fn)
2026-09-22 18:28:41,011 INFO: Plan 2: ḡ=0, γE[v]=0.0, Q=0.0 (fn)
2026-09-22 18:28:41,807 INFO: Plan 0: ḡ=0, γE[v]=0.0, Q=0.0 (fn)
2026-09-22 18:28:41,807 INFO: Plan 0: ḡ=0.0, γE[v]=0.0, Q=0.0 (bayes)
2026-09-22 18:28:41,807 INFO: Plan 1: ḡ=0.0, γE[v]=0.0, Q=0.0 (bayes)
2026-09-22 18:28:41,807 INFO: Plan 2: ḡ=0.0, γE[v]=0.0, Q=0.0 (bayes)
2026-09-22 18:28:42,772 INFO: Plan 1: ḡ=0, γE[v]=0.0, Q=0.0 (fn)
2026-09-22 18:28:42,791 INFO: Plan 0: ḡ=0, γE[v]=0.0, Q=0.0 (fn)
2026-09-22 18:28:42,927 INFO: Plan 2: ḡ=0, γE[v]=0.0, Q=0.0 (fn)
2026-09-22 18:28:42,928 INFO: Plan 0: ḡ=0.0, γE[v]=0.0, Q=0.0 (bayes)
2026-09-22 18:28:42,928 INFO: Plan 1: ḡ=0.0, γE[v]=0.0, Q=0.0 (bayes)
2026-09-22 18:28:42,928 INFO: Plan 2: ḡ=0.0, γE[v]=0.0, Q=0.0 (bayes)
  [89/93] starlette.responses seed=42: {'random': 20, 'greedy': 23, 'cov_greedy': 25, 'covqvalue2': 47}
2026-09-22 18:28:47,799 INFO: Plan 1: ḡ=1, γE[v]=0.0, Q=1.0 (fn)
2026-09-22 18:28:47,839 INFO: Plan 0: ḡ=1, γE[v]=0.0, Q=1.0 (fn)
2026-09-22 18:28:47,993 INFO: Plan 2: ḡ=3, γE[v]=0.5, Q=3.5 (fn)
2026-09-22 18:28:47,994 INFO: Plan 0: ḡ=0.3, γE[v]=0.6, Q=0.9 (bayes)
2026-09-22 18:28:47,994 INFO: Plan 1: ḡ=0.5, γE[v]=0.5, Q=1.0 (bayes)
2026-09-22 18:28:47,994 INFO: Plan 2: ḡ=1.2, γE[v]=0.2, Q=1.4 (bayes)
  [90/93] starlette.requests seed=42: {'random': 35, 'greedy': 35, 'cov_greedy': 35, 'covqvalue2': 68}
2026-09-22 18:28:51,097 INFO: Plan 2: ḡ=0, γE[v]=0.0, Q=0.0 (fn)
2026-09-22 18:28:51,175 INFO: Plan 1: ḡ=1, γE[v]=0.0, Q=1.0 (fn)
2026-09-22 18:28:51,176 INFO: Plan 0: ḡ=1, γE[v]=0.0, Q=1.0 (fn)
2026-09-22 18:28:51,176 INFO: Plan 0: ḡ=0.8, γE[v]=0.0, Q=0.8 (bayes)
2026-09-22 18:28:51,176 INFO: Plan 1: ḡ=0.8, γE[v]=0.0, Q=0.8 (bayes)
2026-09-22 18:28:51,176 INFO: Plan 2: ḡ=0.0, γE[v]=0.4, Q=0.4 (bayes)
2026-09-22 18:29:00,850 INFO: Plan 1: ḡ=47, γE[v]=0.0, Q=47.0 (fn)
2026-09-22 18:29:01,246 INFO: Plan 0: ḡ=15, γE[v]=0.0, Q=15.0 (fn)
2026-09-22 18:29:01,396 INFO: Plan 0: ḡ=0, γE[v]=0.0, Q=0.0 (fn)
2026-09-22 18:29:02,086 INFO: Plan 2: ḡ=0, γE[v]=0.0, Q=0.0 (fn)
2026-09-22 18:29:02,141 INFO: Plan 1: ḡ=0, γE[v]=0.0, Q=0.0 (fn)
2026-09-22 18:29:02,142 INFO: Plan 0: ḡ=0.0, γE[v]=0.0, Q=0.0 (bayes)
2026-09-22 18:29:02,142 INFO: Plan 1: ḡ=0.0, γE[v]=0.0, Q=0.0 (bayes)
2026-09-22 18:29:02,142 INFO: Plan 2: ḡ=0.0, γE[v]=0.0, Q=0.0 (bayes)
2026-09-22 18:29:02,996 INFO: Plan 2: ḡ=181, γE[v]=0.0, Q=181.0 (fn)
2026-09-22 18:29:02,996 INFO: Plan 0: ḡ=2.7, γE[v]=16.0, Q=18.6 (bayes)
2026-09-22 18:29:02,996 INFO: Plan 1: ḡ=7.8, γE[v]=13.4, Q=21.2 (bayes)
2026-09-22 18:29:02,996 INFO: Plan 2: ḡ=34.6, γE[v]=0.0, Q=34.6 (bayes)
2026-09-22 18:29:13,365 INFO: Plan 1: ḡ=0, γE[v]=0.0, Q=0.0 (fn)
2026-09-22 18:29:13,443 INFO: Plan 0: ḡ=1, γE[v]=0.0, Q=1.0 (fn)
2026-09-22 18:29:13,444 INFO: Plan 2: ḡ=1, γE[v]=0.0, Q=1.0 (fn)
2026-09-22 18:29:13,444 INFO: Plan 0: ḡ=0.9, γE[v]=0.0, Q=0.9 (bayes)
2026-09-22 18:29:13,444 INFO: Plan 1: ḡ=0.0, γE[v]=0.4, Q=0.4 (bayes)
2026-09-22 18:29:13,444 INFO: Plan 2: ḡ=0.9, γE[v]=0.0, Q=0.9 (bayes)
2026-09-22 18:29:20,440 INFO: Plan 0: ḡ=0, γE[v]=0.0, Q=0.0 (fn)
2026-09-22 18:29:20,441 INFO: Plan 1: ḡ=0, γE[v]=0.0, Q=0.0 (fn)
2026-09-22 18:29:20,441 INFO: Plan 2: ḡ=0, γE[v]=0.0, Q=0.0 (fn)
2026-09-22 18:29:20,442 INFO: Plan 0: ḡ=0.0, γE[v]=0.0, Q=0.0 (bayes)
2026-09-22 18:29:20,442 INFO: Plan 1: ḡ=0.0, γE[v]=0.0, Q=0.0 (bayes)
2026-09-22 18:29:20,442 INFO: Plan 2: ḡ=0.0, γE[v]=0.0, Q=0.0 (bayes)
2026-09-22 18:29:26,885 INFO: Plan 0: ḡ=15, γE[v]=0.0, Q=15.0 (fn)
2026-09-22 18:29:27,949 INFO: Plan 2: ḡ=61, γE[v]=9.5, Q=70.5 (fn)
2026-09-22 18:29:28,760 INFO: Plan 1: ḡ=180, γE[v]=0.5, Q=180.5 (fn)
2026-09-22 18:29:28,761 INFO: Plan 0: ḡ=2.3, γE[v]=13.4, Q=15.7 (bayes)
2026-09-22 18:29:28,761 INFO: Plan 1: ḡ=28.9, γE[v]=0.1, Q=29.0 (bayes)
2026-09-22 18:29:28,761 INFO: Plan 2: ḡ=10.2, γE[v]=10.2, Q=20.3 (bayes)
2026-09-22 18:29:34,250 INFO: Plan 1: ḡ=0, γE[v]=0.0, Q=0.0 (fn)
2026-09-22 18:29:34,327 INFO: Plan 2: ḡ=1, γE[v]=0.0, Q=1.0 (fn)
2026-09-22 18:29:34,328 INFO: Plan 0: ḡ=1, γE[v]=0.0, Q=1.0 (fn)
2026-09-22 18:29:34,328 INFO: Plan 0: ḡ=0.9, γE[v]=0.0, Q=0.9 (bayes)
2026-09-22 18:29:34,328 INFO: Plan 1: ḡ=0.0, γE[v]=0.4, Q=0.4 (bayes)
2026-09-22 18:29:34,328 INFO: Plan 2: ḡ=0.9, γE[v]=0.0, Q=0.9 (bayes)
2026-09-22 18:29:37,858 INFO: Plan 2: ḡ=0, γE[v]=0.0, Q=0.0 (fn)
2026-09-22 18:29:38,791 INFO: Plan 1: ḡ=0, γE[v]=0.0, Q=0.0 (fn)
2026-09-22 18:29:38,943 INFO: Plan 0: ḡ=0, γE[v]=0.0, Q=0.0 (fn)
2026-09-22 18:29:38,943 INFO: Plan 0: ḡ=0.0, γE[v]=0.0, Q=0.0 (bayes)
2026-09-22 18:29:38,943 INFO: Plan 1: ḡ=0.0, γE[v]=0.0, Q=0.0 (bayes)
2026-09-22 18:29:38,943 INFO: Plan 2: ḡ=0.0, γE[v]=0.0, Q=0.0 (bayes)
2026-09-22 18:29:49,879 INFO: Plan 0: ḡ=15, γE[v]=0.0, Q=15.0 (fn)
2026-09-22 18:29:51,548 INFO: Plan 2: ḡ=164, γE[v]=0.0, Q=164.0 (fn)
2026-09-22 18:29:51,623 INFO: Plan 1: ḡ=163, γE[v]=0.5, Q=163.5 (fn)
2026-09-22 18:29:51,623 INFO: Plan 0: ḡ=2.0, γE[v]=10.3, Q=12.3 (bayes)
2026-09-22 18:29:51,623 INFO: Plan 1: ḡ=22.4, γE[v]=0.1, Q=22.6 (bayes)
2026-09-22 18:29:51,623 INFO: Plan 2: ḡ=22.6, γE[v]=0.0, Q=22.6 (bayes)
2026-09-22 18:29:55,454 INFO: Plan 0: ḡ=0, γE[v]=0.0, Q=0.0 (fn)
2026-09-22 18:29:55,625 INFO: Plan 1: ḡ=0, γE[v]=0.0, Q=0.0 (fn)
2026-09-22 18:29:55,643 INFO: Plan 2: ḡ=0, γE[v]=0.0, Q=0.0 (fn)
2026-09-22 18:29:55,644 INFO: Plan 0: ḡ=0.0, γE[v]=0.0, Q=0.0 (bayes)
2026-09-22 18:29:55,644 INFO: Plan 1: ḡ=0.0, γE[v]=0.0, Q=0.0 (bayes)
2026-09-22 18:29:55,644 INFO: Plan 2: ḡ=0.0, γE[v]=0.0, Q=0.0 (bayes)
  [91/93] starlette.templating seed=42: {'random': 23, 'greedy': 23, 'cov_greedy': 0, 'covqvalue2': 26}
2026-09-22 18:29:58,640 INFO: Plan 0: ḡ=1, γE[v]=0.0, Q=1.0 (fn)
2026-09-22 18:29:58,660 INFO: Plan 1: ḡ=1, γE[v]=0.0, Q=1.0 (fn)
2026-09-22 18:29:58,660 INFO: Plan 2: ḡ=1, γE[v]=0.0, Q=1.0 (fn)
2026-09-22 18:29:58,661 INFO: Plan 0: ḡ=0.9, γE[v]=0.0, Q=0.9 (bayes)
2026-09-22 18:29:58,661 INFO: Plan 1: ḡ=0.9, γE[v]=0.0, Q=0.9 (bayes)
2026-09-22 18:29:58,661 INFO: Plan 2: ḡ=0.9, γE[v]=0.0, Q=0.9 (bayes)
  [92/93] starlette.middleware.base seed=42: {'random': 26, 'greedy': 26, 'cov_greedy': 34, 'covqvalue2': 50}
2026-09-22 18:30:13,704 INFO: Plan 1: ḡ=47, γE[v]=0.0, Q=47.0 (fn)
2026-09-22 18:30:14,189 INFO: Plan 0: ḡ=13, γE[v]=19.5, Q=32.5 (fn)
2026-09-22 18:30:15,375 INFO: Plan 2: ḡ=164, γE[v]=0.0, Q=164.0 (fn)
2026-09-22 18:30:15,375 INFO: Plan 0: ḡ=1.5, γE[v]=10.7, Q=12.2 (bayes)
2026-09-22 18:30:15,375 INFO: Plan 1: ḡ=5.2, γE[v]=7.3, Q=12.5 (bayes)
2026-09-22 18:30:15,375 INFO: Plan 2: ḡ=19.8, γE[v]=0.0, Q=19.9 (bayes)
  [93/93] starlette.formparsers seed=42: {'random': 2, 'greedy': 2, 'cov_greedy': 0, 'covqvalue2': 2}

======================================================================
RESULTS
======================================================================

Module                              seed       random       greedy   cov_greedy   covqvalue2
--------------------------------------------------------------------------------------------
rich.syntax                           42           45           45           52           92
rich.console                          42          145          142          149          296
flask.sessions                        42            4            4            4           17
rich.markdown                         42           59           57           18           83
click.shell_completion                42            4            4            0           34
rich.table                            42          120          111           27          182
requests.adapters                     42           51           51           53           89
rich.pretty                           42            9            9            9          102
jinja2.utils                          42           10           10           10           92
jinja2.parser                         42           71           71           10          205
click.types                           42            8            8            9           94
rich.style                            42           69           69           73          138
flask.config                          42           28           28           25           25
click.formatting                      42           12           25           29           53
flask.app                             42            2            2            2          105
requests.auth                         42            4            4           46           77
click.exceptions                      42            1            1           15           37
click.core                            42           54           54           66          342
rich.color                            42           26           26           26           53
flask.templating                      42            2            2            0           56
rich.traceback                        42           62           62           68           77
jinja2.ext                            42            4            4            4           28
jinja2.runtime                        42           66           66           66          123
flask.json.tag                        42           17           16           21           24
click.testing                         42           27           27           37           66
jinja2.environment                    42           58           58           49          129
flask.ctx                             42            1            1           59           79
requests.cookies                      42            8            8            8           77
requests.models                       42           24           24           28          132
rich.text                             42           27           26           30          219
jinja2.loaders                        42           24           24           24           86
flask.helpers                         42            3            3           10           28
jinja2.compiler                       42           29           29           80          271
requests.utils                        42            5            5            5           99
flask.json.provider                   42           37           39           41           57
flask.testing                         42            6            6            0           30
requests.sessions                     42           11           13           13           40
click.termui                          42            8           11           13           38
jinja2.filters                        42          126          126          137          196
rich.layout                           42           17           19           17           58
jinja2.nodes                          42            8            8            8           41
click.decorators                      42           29           32           35           51
click.utils                           42           15           15           21           53
rich.segment                          42           56           56           60           89
jinja2.lexer                          42            9            9            9           88
rich.progress                         42          121          121          128          144
click.parser                          42           19           19           22           25
flask.cli                             42           70           69            0          123
pydantic.main                         42          119          119          161          202
httpx._client                         42           74           41           41          137
pydantic.functional_validators        42           35           35           36           47
werkzeug.exceptions                   42           17           17           17           37
jinja2.sandbox                        42           54           54            7           88
werkzeug.local                        42           22           22           32           54
httpx._transports.default             42           10            5            2           26
httpx._models                         42           79           86           91          262
httpx._api                            42            6            6            6           11
pydantic.json_schema                  42          179          179          238          295
pydantic.config                       42            1            1            1            1
werkzeug.utils                        42           10           10           15           68
werkzeug.routing.rules                42           16           16           16          116
httpx._main                           42           57           57           57           71
werkzeug.http                         42           18           18           18          146
pydantic.types                        42          101          102          100          137
jinja2.bccache                        42            3            3            5           21
starlette.applications                42            2            2            2            8
httpx._urlparse                       42            4            4            4           73
httpx._config                         42           17           18           27           29
pydantic.type_adapter                 42           16           16           16           16
werkzeug.wsgi                         42            8            8           13           54
pydantic.fields                       42           41           35          119          139
httpx._auth                           42           55           49            4           84
pydantic.functional_serializers       42           22           22           22           24
pydantic.networks                     42           34           34           34           35
httpx._urls                           42           37           39           41           83
starlette.testclient                  42           42           29            0           69
werkzeug.datastructures.structures    42            3            3           13          133
werkzeug.wrappers.response            42           48           48           52           84
httpx._utils                          42           15           16           21           57
pydantic.color                        42            0            0           17           94
werkzeug.sansio.response              42           56           60           70           76
werkzeug.routing.map                  42           38           38           52           56
starlette.staticfiles                 42            3            3            8           46
starlette.routing                     42            4            6            6           94
werkzeug.wrappers.request             42           40           40           47           65
starlette.datastructures              42           37           42           50           65
werkzeug.serving                      42           19           19            9           53
starlette.middleware.errors           42           25           25            0           47
starlette.responses                   42           20           23           25           47
starlette.requests                    42           35           35           35           68
starlette.templating                  42           23           23            0           26
starlette.middleware.base             42           26           26           34           50
starlette.formparsers                 42            2            2            0            2

======================================================================
STATISTICS
======================================================================

Per-strategy means (n=93):
  random               branches=  33.2 ± 3.7  lines=120.2  pass_rate=83%
  greedy               branches=  32.8 ± 3.6  lines=119.0  pass_rate=84%
  cov_greedy           branches=  34.2 ± 4.2  lines=117.1  pass_rate=65%
  covqvalue2           branches=  86.4 ± 7.1  lines=237.0  pass_rate=60%

Paired vs random:
  greedy               Δ=  -0.3 ± 0.5  W=15 L=11 T=67  p=0.4925 d=-0.07 
  cov_greedy           Δ=  +1.0 ± 2.4  W=49 L=19 T=25  p=0.6700 d=0.04 
  covqvalue2           Δ= +53.3 ± 5.3  W=89 L=1 T=3  p=0.0000 d=1.04 ***

Per-repo means:

  click (10 runs):
    random               mean=17.7
    greedy               mean=19.6
    cov_greedy           mean=24.7
    covqvalue2           mean=79.3

  flask (10 runs):
    random               mean=17.0
    greedy               mean=17.0
    cov_greedy           mean=16.2
    covqvalue2           mean=54.4

  httpx (10 runs):
    random               mean=35.4
    greedy               mean=32.1
    cov_greedy           mean=29.4
    covqvalue2           mean=83.3

  jinja2 (12 runs):
    random               mean=38.5
    greedy               mean=38.5
    cov_greedy           mean=34.1
    covqvalue2           mean=114.0

  pydantic (10 runs):
    random               mean=54.8
    greedy               mean=54.3
    cov_greedy           mean=74.4
    covqvalue2           mean=99.0

  requests (6 runs):
    random               mean=17.2
    greedy               mean=17.5
    cov_greedy           mean=25.5
    covqvalue2           mean=85.7

  rich (12 runs):
    random               mean=63.0
    greedy               mean=61.9
    cov_greedy           mean=54.8
    covqvalue2           mean=127.8

  starlette (11 runs):
    random               mean=19.9
    greedy               mean=19.6
    cov_greedy           mean=14.5
    covqvalue2           mean=47.5

  werkzeug (12 runs):
    random               mean=24.6
    greedy               mean=24.9
    cov_greedy           mean=29.5
    covqvalue2           mean=78.5

Cost: $0.0000 | Time: 2642s (44.0m)
Saved to /share/edc/home/aamayuelasfernandez/qcurious-tester/results/repo_explore_bench/final_reb_gemma_s42.json
