2026-09-22 16:59:09,761 INFO: RepoExploreBench: 93 targets across 9 repos
======================================================================
RepoExploreBench v2.0
  Targets: 27 files across 9 repos
  Strategies: ['cov_qvalue_tgt_fnt_touch_calib', 'cov_qvalue_tgt_fnt_bayes_touch_calib']
  Seeds: [42]
  Exec budget: 24 per run
  Map mode: full
  Total runs: 54
======================================================================
  Connectivity: OK

  Fetching source code...
    click.core: 114085 chars
    click.types: 36390 chars
    click.termui: 28323 chars
    requests.utils: 33447 chars
    requests.models: 35222 chars
    requests.sessions: 30372 chars
    flask.app: 59200 chars
    flask.cli: 33820 chars
    flask.helpers: 22991 chars
    rich.console: 99096 chars
    rich.progress: 59691 chars
    rich.text: 47302 chars
    jinja2.compiler: 72198 chars
    jinja2.filters: 53861 chars
    jinja2.environment: 61252 chars
    httpx._client: 67489 chars
    httpx._models: 42302 chars
    httpx._urls: 21747 chars
    pydantic.types: 89470 chars
    pydantic.json_schema: 102806 chars
    pydantic.main: 65891 chars
    werkzeug.http: 43362 chars
    werkzeug.serving: 39331 chars
    werkzeug.datastructures.structures: 31760 chars
    starlette.routing: 35752 chars
    starlette.testclient: 29843 chars
    starlette.datastructures: 23348 chars
  Fetched 27/27 modules

Running 27 targets with 27 workers...
2026-09-22 17:00:12,085 INFO: Plan 0: ḡ=132, γE[v]=0.0, Q=132.0 (fn)
2026-09-22 17:00:12,415 INFO: Plan 0: ḡ=50, γE[v]=0.0, Q=50.0 (fn)
2026-09-22 17:00:12,564 INFO: Plan 0: ḡ=62, γE[v]=22.5, Q=84.5 (fn)
2026-09-22 17:00:12,594 INFO: Plan 2: ḡ=54, γE[v]=10.5, Q=64.5 (fn)
2026-09-22 17:00:12,974 INFO: Plan 0: ḡ=17, γE[v]=0.0, Q=17.0 (fn)
2026-09-22 17:00:13,234 INFO: Plan 2: ḡ=418, γE[v]=0.0, Q=418.0 (fn)
2026-09-22 17:00:14,440 INFO: Plan 1: ḡ=84, γE[v]=0.0, Q=84.0 (fn)
2026-09-22 17:00:14,500 INFO: Plan 1: ḡ=112, γE[v]=7.0, Q=119.0 (fn)
2026-09-22 17:00:14,731 INFO: Plan 2: ḡ=133, γE[v]=0.0, Q=133.0 (fn)
2026-09-22 17:00:16,473 INFO: Plan 1: ḡ=53, γE[v]=0.0, Q=53.0 (fn)
2026-09-22 17:00:16,873 INFO: Plan 1: ḡ=59, γE[v]=2.0, Q=61.0 (fn)
2026-09-22 17:00:17,898 INFO: Plan 2: ḡ=15, γE[v]=2.0, Q=17.0 (fn)
2026-09-22 17:00:17,957 INFO: Plan 1: ḡ=299, γE[v]=206.0, Q=505.0 (fn)
2026-09-22 17:00:19,422 INFO: Plan 0: ḡ=16, γE[v]=0.0, Q=16.0 (fn)
2026-09-22 17:00:19,561 INFO: Plan 2: ḡ=39, γE[v]=0.0, Q=39.0 (fn)
2026-09-22 17:00:19,624 INFO: Plan 0: ḡ=20, γE[v]=0.0, Q=20.0 (fn)
2026-09-22 17:00:20,939 INFO: Plan 0: ḡ=23, γE[v]=0.0, Q=23.0 (fn)
2026-09-22 17:00:20,970 INFO: Plan 1: ḡ=252, γE[v]=24.0, Q=276.0 (fn)
2026-09-22 17:00:21,046 INFO: Plan 0: ḡ=114, γE[v]=0.0, Q=114.0 (fn)
2026-09-22 17:00:21,306 INFO: Plan 2: ḡ=40, γE[v]=19.5, Q=59.5 (fn)
2026-09-22 17:00:22,505 INFO: Plan 0: ḡ=67, γE[v]=14.0, Q=81.0 (fn)
2026-09-22 17:00:22,953 INFO: Plan 1: ḡ=46, γE[v]=21.5, Q=67.5 (fn)
2026-09-22 17:00:23,681 INFO: Plan 0: ḡ=27, γE[v]=45.5, Q=72.5 (fn)
2026-09-22 17:00:23,795 INFO: Plan 1: ḡ=118, γE[v]=10.5, Q=128.5 (fn)
2026-09-22 17:00:24,234 INFO: Plan 1: ḡ=86, γE[v]=0.0, Q=86.0 (fn)
2026-09-22 17:00:24,360 INFO: Plan 1: ḡ=202, γE[v]=0.0, Q=202.0 (fn)
2026-09-22 17:00:24,414 INFO: Plan 2: ḡ=154, γE[v]=32.0, Q=186.0 (fn)
2026-09-22 17:00:24,469 INFO: Plan 1: ḡ=141, γE[v]=43.5, Q=184.5 (fn)
2026-09-22 17:00:24,531 INFO: Plan 0: ḡ=23, γE[v]=0.0, Q=23.0 (fn)
2026-09-22 17:00:24,646 INFO: Plan 1: ḡ=226, γE[v]=0.0, Q=226.0 (fn)
2026-09-22 17:00:24,709 INFO: Plan 0: ḡ=23, γE[v]=0.0, Q=23.0 (fn)
2026-09-22 17:00:24,789 INFO: Plan 1: ḡ=31, γE[v]=0.0, Q=31.0 (fn)
2026-09-22 17:00:24,815 INFO: Plan 1: ḡ=28, γE[v]=0.0, Q=28.0 (fn)
2026-09-22 17:00:25,013 INFO: Plan 0: ḡ=60, γE[v]=0.0, Q=60.0 (fn)
2026-09-22 17:00:25,131 INFO: Plan 0: ḡ=160, γE[v]=0.0, Q=160.0 (fn)
2026-09-22 17:00:25,157 INFO: Plan 2: ḡ=91, γE[v]=0.0, Q=91.0 (fn)
2026-09-22 17:00:25,185 INFO: Plan 2: ḡ=77, γE[v]=0.0, Q=77.0 (fn)
2026-09-22 17:00:25,242 INFO: Plan 1: ḡ=34, γE[v]=0.0, Q=34.0 (fn)
2026-09-22 17:00:25,395 INFO: Plan 2: ḡ=409, γE[v]=186.5, Q=595.5 (fn)
2026-09-22 17:00:25,435 INFO: Plan 2: ḡ=57, γE[v]=0.0, Q=57.0 (fn)
2026-09-22 17:00:25,438 INFO: Plan 0: ḡ=66, γE[v]=138.5, Q=204.5 (fn)
2026-09-22 17:00:25,439 INFO: Plan 0: ḡ=57, γE[v]=0.0, Q=57.0 (fn)
2026-09-22 17:00:25,462 INFO: Plan 1: ḡ=90, γE[v]=0.0, Q=90.0 (fn)
2026-09-22 17:00:25,951 INFO: Plan 1: ḡ=253, γE[v]=0.0, Q=253.0 (fn)
2026-09-22 17:00:25,978 INFO: Plan 0: ḡ=486, γE[v]=46.0, Q=532.0 (fn)
2026-09-22 17:00:26,083 INFO: Plan 2: ḡ=92, γE[v]=33.0, Q=125.0 (fn)
2026-09-22 17:00:26,130 INFO: Plan 2: ḡ=235, γE[v]=85.0, Q=320.0 (fn)
2026-09-22 17:00:26,137 INFO: Plan 2: ḡ=97, γE[v]=65.0, Q=162.0 (fn)
2026-09-22 17:00:26,652 INFO: Plan 2: ḡ=10, γE[v]=18.5, Q=28.5 (fn)
2026-09-22 17:00:28,237 INFO: Plan 2: ḡ=178, γE[v]=0.0, Q=178.0 (fn)
2026-09-22 17:00:28,347 INFO: Plan 1: ḡ=146, γE[v]=48.5, Q=194.5 (fn)
2026-09-22 17:00:28,351 INFO: Plan 0: ḡ=70, γE[v]=47.0, Q=117.0 (fn)
2026-09-22 17:00:28,480 INFO: Plan 0: ḡ=74, γE[v]=85.0, Q=159.0 (fn)
2026-09-22 17:00:29,653 INFO: Plan 2: ḡ=308, γE[v]=59.5, Q=367.5 (fn)
2026-09-22 17:00:29,682 INFO: Plan 1: ḡ=184, γE[v]=36.5, Q=220.5 (fn)
2026-09-22 17:00:30,054 INFO: Plan 0: ḡ=28, γE[v]=21.5, Q=49.5 (fn)
2026-09-22 17:00:30,112 INFO: Plan 0: ḡ=130, γE[v]=101.5, Q=231.5 (fn)
2026-09-22 17:00:30,171 INFO: Plan 1: ḡ=345, γE[v]=101.0, Q=446.0 (fn)
2026-09-22 17:00:30,204 INFO: Plan 2: ḡ=353, γE[v]=0.0, Q=353.0 (fn)
2026-09-22 17:00:30,271 INFO: Plan 1: ḡ=85, γE[v]=25.0, Q=110.0 (fn)
2026-09-22 17:00:30,276 INFO: Plan 2: ḡ=115, γE[v]=31.0, Q=146.0 (fn)
2026-09-22 17:00:30,373 INFO: Plan 2: ḡ=125, γE[v]=108.0, Q=233.0 (fn)
2026-09-22 17:00:30,497 INFO: Plan 2: ḡ=143, γE[v]=139.0, Q=282.0 (fn)
2026-09-22 17:00:31,013 INFO: Plan 2: ḡ=37, γE[v]=0.0, Q=37.0 (fn)
2026-09-22 17:00:31,045 INFO: Plan 2: ḡ=69, γE[v]=0.0, Q=69.0 (fn)
2026-09-22 17:00:31,561 INFO: Plan 1: ḡ=103, γE[v]=0.0, Q=103.0 (fn)
2026-09-22 17:00:31,663 INFO: Plan 0: ḡ=65, γE[v]=0.0, Q=65.0 (fn)
2026-09-22 17:00:32,040 INFO: Plan 0: ḡ=133, γE[v]=0.0, Q=133.0 (fn)
2026-09-22 17:00:32,724 INFO: Plan 2: ḡ=113, γE[v]=0.0, Q=113.0 (fn)
2026-09-22 17:00:33,169 INFO: Plan 0: ḡ=514, γE[v]=0.0, Q=514.0 (fn)
2026-09-22 17:00:33,191 INFO: Plan 2: ḡ=639, γE[v]=77.0, Q=716.0 (fn)
2026-09-22 17:00:33,290 INFO: Plan 0: ḡ=41, γE[v]=25.0, Q=66.0 (fn)
2026-09-22 17:00:33,705 INFO: Plan 1: ḡ=111, γE[v]=20.0, Q=131.0 (fn)
2026-09-22 17:00:34,867 INFO: Plan 0: ḡ=117, γE[v]=57.0, Q=174.0 (fn)
2026-09-22 17:00:35,394 INFO: Plan 1: ḡ=42, γE[v]=7.0, Q=49.0 (fn)
2026-09-22 17:00:35,422 INFO: Plan 1: ḡ=278, γE[v]=74.0, Q=352.0 (fn)
2026-09-22 17:00:35,883 INFO: Plan 2: ḡ=221, γE[v]=88.5, Q=309.5 (fn)
2026-09-22 17:00:36,016 INFO: Plan 0: ḡ=119, γE[v]=0.0, Q=119.0 (fn)
2026-09-22 17:00:37,704 INFO: Plan 1: ḡ=204, γE[v]=101.0, Q=305.0 (fn)
2026-09-22 17:00:46,814 INFO: Plan 2: ḡ=579, γE[v]=0.0, Q=579.0 (fn)
2026-09-22 17:00:59,753 INFO: Plan 1: ḡ=1296, γE[v]=3.5, Q=1299.5 (fn)
2026-09-22 17:01:00,318 INFO: Plan 0: ḡ=17, γE[v]=0.0, Q=17.0 (fn)
2026-09-22 17:01:00,564 INFO: Plan 2: ḡ=111, γE[v]=0.0, Q=111.0 (fn)
2026-09-22 17:01:00,566 INFO: Plan 1: ḡ=53, γE[v]=0.0, Q=53.0 (fn)
2026-09-22 17:01:03,072 INFO: Plan 2: ḡ=71, γE[v]=0.0, Q=71.0 (fn)
2026-09-22 17:01:04,362 INFO: Plan 0: ḡ=13, γE[v]=0.0, Q=13.0 (fn)
2026-09-22 17:01:04,569 INFO: Plan 1: ḡ=32, γE[v]=0.0, Q=32.0 (fn)
2026-09-22 17:01:04,636 INFO: Plan 2: ḡ=27, γE[v]=0.0, Q=27.0 (fn)
2026-09-22 17:01:04,739 INFO: Plan 1: ḡ=73, γE[v]=0.0, Q=73.0 (fn)
2026-09-22 17:01:04,832 INFO: Plan 0: ḡ=48, γE[v]=0.0, Q=48.0 (fn)
2026-09-22 17:01:05,518 INFO: Plan 0: ḡ=48, γE[v]=0.0, Q=48.0 (fn)
2026-09-22 17:01:05,874 INFO: Plan 1: ḡ=34, γE[v]=0.0, Q=34.0 (fn)
2026-09-22 17:01:06,371 INFO: Plan 2: ḡ=57, γE[v]=0.0, Q=57.0 (fn)
2026-09-22 17:01:06,401 INFO: Plan 0: ḡ=57, γE[v]=0.0, Q=57.0 (fn)
2026-09-22 17:01:07,188 INFO: Plan 2: ḡ=55, γE[v]=0.0, Q=55.0 (fn)
2026-09-22 17:01:07,328 INFO: Plan 0: ḡ=11, γE[v]=0.0, Q=11.0 (fn)
2026-09-22 17:01:07,388 INFO: Plan 1: ḡ=36, γE[v]=0.0, Q=36.0 (fn)
2026-09-22 17:01:07,390 INFO: Plan 1: ḡ=62, γE[v]=0.0, Q=62.0 (fn)
2026-09-22 17:01:07,442 INFO: Plan 0: ḡ=12, γE[v]=0.0, Q=12.0 (fn)
2026-09-22 17:01:08,555 INFO: Plan 2: ḡ=22, γE[v]=0.0, Q=22.0 (fn)
2026-09-22 17:01:08,612 INFO: Plan 1: ḡ=94, γE[v]=0.0, Q=94.0 (fn)
2026-09-22 17:01:09,195 INFO: Plan 2: ḡ=25, γE[v]=0.0, Q=25.0 (fn)
2026-09-22 17:01:09,282 INFO: Plan 1: ḡ=28, γE[v]=0.0, Q=28.0 (fn)
2026-09-22 17:01:09,716 INFO: Plan 0: ḡ=58, γE[v]=0.0, Q=58.0 (fn)
2026-09-22 17:01:09,822 INFO: Plan 2: ḡ=8, γE[v]=4.5, Q=12.5 (fn)
2026-09-22 17:01:12,928 INFO: Plan 0: ḡ=46, γE[v]=0.0, Q=46.0 (fn)
2026-09-22 17:01:13,468 INFO: Plan 1: ḡ=66, γE[v]=0.0, Q=66.0 (fn)
2026-09-22 17:01:13,494 INFO: Plan 2: ḡ=94, γE[v]=0.0, Q=94.0 (fn)
2026-09-22 17:01:14,078 INFO: Plan 1: ḡ=56, γE[v]=0.0, Q=56.0 (fn)
2026-09-22 17:01:14,530 INFO: Plan 0: ḡ=20, γE[v]=0.0, Q=20.0 (fn)
2026-09-22 17:01:16,521 INFO: Plan 0: ḡ=17, γE[v]=0.0, Q=17.0 (fn)
2026-09-22 17:01:16,976 INFO: Plan 1: ḡ=10, γE[v]=0.0, Q=10.0 (fn)
2026-09-22 17:01:16,977 INFO: Plan 2: ḡ=104, γE[v]=0.0, Q=104.0 (fn)
2026-09-22 17:01:17,123 INFO: Plan 2: ḡ=8, γE[v]=0.0, Q=8.0 (fn)
2026-09-22 17:01:17,301 INFO: Plan 2: ḡ=30, γE[v]=0.0, Q=30.0 (fn)
2026-09-22 17:01:17,355 INFO: Plan 0: ḡ=81, γE[v]=0.0, Q=81.0 (fn)
2026-09-22 17:01:17,616 INFO: Plan 0: ḡ=39, γE[v]=13.0, Q=52.0 (fn)
2026-09-22 17:01:19,773 INFO: Plan 2: ḡ=39, γE[v]=0.0, Q=39.0 (fn)
2026-09-22 17:01:19,948 INFO: Plan 1: ḡ=20, γE[v]=2.5, Q=22.5 (fn)
2026-09-22 17:01:20,472 INFO: Plan 0: ḡ=54, γE[v]=0.0, Q=54.0 (fn)
2026-09-22 17:01:20,478 INFO: Plan 2: ḡ=33, γE[v]=0.0, Q=33.0 (fn)
2026-09-22 17:01:20,636 INFO: Plan 1: ḡ=82, γE[v]=0.0, Q=82.0 (fn)
2026-09-22 17:01:20,982 INFO: Plan 1: ḡ=24, γE[v]=0.0, Q=24.0 (fn)
2026-09-22 17:01:21,020 INFO: Plan 0: ḡ=482, γE[v]=0.0, Q=482.0 (fn)
2026-09-22 17:01:22,421 INFO: Plan 1: ḡ=209, γE[v]=0.0, Q=209.0 (fn)
2026-09-22 17:01:22,872 INFO: Plan 1: ḡ=180, γE[v]=0.0, Q=180.0 (fn)
2026-09-22 17:01:23,431 INFO: Plan 2: ḡ=70, γE[v]=26.0, Q=96.0 (fn)
2026-09-22 17:01:23,831 INFO: Plan 0: ḡ=65, γE[v]=10.5, Q=75.5 (fn)
2026-09-22 17:01:24,267 INFO: Plan 0: ḡ=77, γE[v]=0.0, Q=77.0 (fn)
2026-09-22 17:01:24,398 INFO: Plan 1: ḡ=120, γE[v]=20.0, Q=140.0 (fn)
2026-09-22 17:01:24,399 INFO: Plan 2: ḡ=117, γE[v]=124.0, Q=241.0 (fn)
2026-09-22 17:01:24,627 INFO: Plan 0: ḡ=79, γE[v]=19.0, Q=98.0 (fn)
2026-09-22 17:01:25,805 INFO: Plan 2: ḡ=9, γE[v]=0.0, Q=9.0 (fn)
2026-09-22 17:01:25,874 INFO: Plan 2: ḡ=67, γE[v]=0.0, Q=67.0 (fn)
2026-09-22 17:01:26,354 INFO: Plan 2: ḡ=159, γE[v]=38.5, Q=197.5 (fn)
2026-09-22 17:01:26,958 INFO: Plan 2: ḡ=23, γE[v]=6.0, Q=29.0 (fn)
2026-09-22 17:01:27,130 INFO: Plan 2: ḡ=59, γE[v]=80.0, Q=139.0 (fn)
2026-09-22 17:01:27,607 INFO: Plan 1: ḡ=47, γE[v]=118.0, Q=165.0 (fn)
2026-09-22 17:01:27,619 INFO: Plan 1: ḡ=145, γE[v]=0.0, Q=145.0 (fn)
2026-09-22 17:01:28,909 INFO: Plan 1: ḡ=194, γE[v]=18.0, Q=212.0 (fn)
2026-09-22 17:01:29,058 INFO: Plan 0: ḡ=41, γE[v]=25.0, Q=66.0 (fn)
2026-09-22 17:01:29,175 INFO: Plan 0: ḡ=229, γE[v]=0.0, Q=229.0 (fn)
2026-09-22 17:01:29,492 INFO: Plan 2: ḡ=149, γE[v]=0.0, Q=149.0 (fn)
2026-09-22 17:01:29,549 INFO: Plan 0: ḡ=117, γE[v]=0.0, Q=117.0 (fn)
2026-09-22 17:01:29,665 INFO: Plan 0: ḡ=130, γE[v]=101.5, Q=231.5 (fn)
2026-09-22 17:01:29,780 INFO: Plan 0: ḡ=139, γE[v]=106.5, Q=245.5 (fn)
2026-09-22 17:01:30,268 INFO: Plan 0: ḡ=33, γE[v]=18.0, Q=51.0 (fn)
2026-09-22 17:01:30,806 INFO: Plan 2: ḡ=136, γE[v]=17.5, Q=153.5 (fn)
2026-09-22 17:01:30,867 INFO: Plan 1: ḡ=39, γE[v]=8.0, Q=47.0 (fn)
2026-09-22 17:01:30,921 INFO: Plan 1: ḡ=88, γE[v]=39.0, Q=127.0 (fn)
2026-09-22 17:01:31,761 INFO: Plan 1: ḡ=827, γE[v]=0.0, Q=827.0 (fn)
2026-09-22 17:01:32,881 INFO: Plan 1: ḡ=111, γE[v]=116.0, Q=227.0 (fn)
2026-09-22 17:01:41,045 INFO: Plan 0: ḡ=22, γE[v]=0.0, Q=22.0 (fn)
2026-09-22 17:01:41,217 INFO: Plan 1: ḡ=56, γE[v]=0.0, Q=56.0 (fn)
2026-09-22 17:01:41,288 INFO: Plan 2: ḡ=55, γE[v]=0.0, Q=55.0 (fn)
2026-09-22 17:01:44,157 INFO: Plan 2: ḡ=702, γE[v]=0.0, Q=702.0 (fn)
2026-09-22 17:01:45,077 INFO: Plan 0: ḡ=13, γE[v]=0.0, Q=13.0 (fn)
2026-09-22 17:01:45,141 INFO: Plan 0: ḡ=8, γE[v]=0.0, Q=8.0 (fn)
2026-09-22 17:01:45,388 INFO: Plan 2: ḡ=97, γE[v]=0.0, Q=97.0 (fn)
2026-09-22 17:01:45,563 INFO: Plan 1: ḡ=33, γE[v]=0.0, Q=33.0 (fn)
2026-09-22 17:01:45,564 INFO: Plan 2: ḡ=25, γE[v]=0.0, Q=25.0 (fn)
2026-09-22 17:01:45,700 INFO: Plan 1: ḡ=11, γE[v]=4.5, Q=15.5 (fn)
2026-09-22 17:01:46,941 INFO: Plan 2: ḡ=16, γE[v]=0.0, Q=16.0 (fn)
2026-09-22 17:01:47,138 INFO: Plan 1: ḡ=14, γE[v]=0.0, Q=14.0 (fn)
2026-09-22 17:01:47,201 INFO: Plan 0: ḡ=44, γE[v]=0.0, Q=44.0 (fn)
2026-09-22 17:01:50,755 INFO: Plan 0: ḡ=11, γE[v]=0.0, Q=11.0 (fn)
2026-09-22 17:01:50,787 INFO: Plan 1: ḡ=61, γE[v]=0.0, Q=61.0 (fn)
2026-09-22 17:01:51,128 INFO: Plan 1: ḡ=47, γE[v]=2.0, Q=49.0 (fn)
2026-09-22 17:01:51,298 INFO: Plan 0: ḡ=57, γE[v]=0.0, Q=57.0 (fn)
2026-09-22 17:01:51,750 INFO: Plan 2: ḡ=55, γE[v]=0.0, Q=55.0 (fn)
2026-09-22 17:01:52,653 INFO: Plan 2: ḡ=78, γE[v]=43.0, Q=121.0 (fn)
2026-09-22 17:01:54,513 INFO: Plan 0: ḡ=10, γE[v]=0.0, Q=10.0 (fn)
2026-09-22 17:01:56,129 INFO: Plan 2: ḡ=9, γE[v]=0.0, Q=9.0 (fn)
2026-09-22 17:01:56,199 INFO: Plan 2: ḡ=15, γE[v]=0.0, Q=15.0 (fn)
2026-09-22 17:01:56,233 INFO: Plan 0: ḡ=14, γE[v]=0.0, Q=14.0 (fn)
2026-09-22 17:01:56,268 INFO: Plan 1: ḡ=8, γE[v]=0.0, Q=8.0 (fn)
2026-09-22 17:01:56,624 INFO: Plan 0: ḡ=407, γE[v]=0.0, Q=407.0 (fn)
2026-09-22 17:01:57,306 INFO: Plan 1: ḡ=20, γE[v]=10.0, Q=30.0 (fn)
2026-09-22 17:02:02,439 INFO: Plan 0: ḡ=59, γE[v]=0.0, Q=59.0 (fn)
2026-09-22 17:02:03,460 INFO: Plan 2: ḡ=90, γE[v]=0.0, Q=90.0 (fn)
2026-09-22 17:02:03,493 INFO: Plan 0: ḡ=52, γE[v]=0.0, Q=52.0 (fn)
2026-09-22 17:02:03,528 INFO: Plan 1: ḡ=66, γE[v]=0.0, Q=66.0 (fn)
2026-09-22 17:02:03,601 INFO: Plan 2: ḡ=15, γE[v]=0.0, Q=15.0 (fn)
2026-09-22 17:02:04,080 INFO: Plan 1: ḡ=36, γE[v]=0.0, Q=36.0 (fn)
2026-09-22 17:02:04,150 INFO: Plan 2: ḡ=513, γE[v]=209.0, Q=722.0 (fn)
2026-09-22 17:02:04,248 INFO: Plan 0: ḡ=50, γE[v]=0.0, Q=50.0 (fn)
2026-09-22 17:02:04,455 INFO: Plan 1: ḡ=18, γE[v]=22.0, Q=40.0 (fn)
2026-09-22 17:02:05,070 INFO: Plan 2: ḡ=33, γE[v]=0.0, Q=33.0 (fn)
2026-09-22 17:02:05,557 INFO: Plan 2: ḡ=41, γE[v]=0.0, Q=41.0 (fn)
2026-09-22 17:02:05,622 INFO: Plan 1: ḡ=82, γE[v]=0.0, Q=82.0 (fn)
2026-09-22 17:02:05,624 INFO: Plan 0: ḡ=58, γE[v]=0.0, Q=58.0 (fn)
2026-09-22 17:02:08,966 INFO: Plan 1: ḡ=113, γE[v]=0.0, Q=113.0 (fn)
2026-09-22 17:02:09,259 INFO: Plan 2: ḡ=55, γE[v]=18.0, Q=73.0 (fn)
2026-09-22 17:02:13,088 INFO: Plan 2: ḡ=23, γE[v]=0.0, Q=23.0 (fn)
2026-09-22 17:02:14,454 INFO: Plan 0: ḡ=63, γE[v]=0.0, Q=63.0 (fn)
2026-09-22 17:02:14,522 INFO: Plan 2: ḡ=32, γE[v]=0.0, Q=32.0 (fn)
2026-09-22 17:02:15,015 INFO: Plan 1: ḡ=71, γE[v]=0.0, Q=71.0 (fn)
2026-09-22 17:02:15,045 INFO: Plan 2: ḡ=43, γE[v]=0.0, Q=43.0 (fn)
2026-09-22 17:02:15,152 INFO: Plan 0: ḡ=91, γE[v]=101.5, Q=192.5 (fn)
2026-09-22 17:02:15,560 INFO: Plan 0: ḡ=84, γE[v]=0.0, Q=84.0 (fn)
2026-09-22 17:02:15,700 INFO: Plan 2: ḡ=54, γE[v]=0.0, Q=54.0 (fn)
2026-09-22 17:02:15,735 INFO: Plan 1: ḡ=1309, γE[v]=0.0, Q=1309.0 (fn)
2026-09-22 17:02:15,912 INFO: Plan 0: ḡ=60, γE[v]=0.0, Q=60.0 (fn)
2026-09-22 17:02:17,185 INFO: Plan 1: ḡ=74, γE[v]=0.0, Q=74.0 (fn)
2026-09-22 17:02:17,250 INFO: Plan 0: ḡ=9, γE[v]=8.0, Q=17.0 (fn)
2026-09-22 17:02:17,837 INFO: Plan 1: ḡ=21, γE[v]=0.0, Q=21.0 (fn)
2026-09-22 17:02:17,925 INFO: Plan 0: ḡ=22, γE[v]=0.0, Q=22.0 (fn)
2026-09-22 17:02:17,954 INFO: Plan 2: ḡ=17, γE[v]=0.0, Q=17.0 (fn)
2026-09-22 17:02:18,024 INFO: Plan 0: ḡ=6, γE[v]=0.0, Q=6.0 (fn)
2026-09-22 17:02:18,382 INFO: Plan 1: ḡ=15, γE[v]=17.5, Q=32.5 (fn)
2026-09-22 17:02:18,837 INFO: Plan 2: ḡ=3, γE[v]=0.0, Q=3.0 (fn)
2026-09-22 17:02:20,353 INFO: Plan 1: ḡ=108, γE[v]=22.0, Q=130.0 (fn)
2026-09-22 17:02:21,143 INFO: Plan 1: ḡ=17, γE[v]=0.0, Q=17.0 (fn)
2026-09-22 17:02:21,420 INFO: Plan 0: ḡ=15, γE[v]=0.0, Q=15.0 (fn)
2026-09-22 17:02:21,448 INFO: Plan 2: ḡ=83, γE[v]=0.0, Q=83.0 (fn)
2026-09-22 17:02:21,543 INFO: Plan 2: ḡ=17, γE[v]=10.5, Q=27.5 (fn)
2026-09-22 17:02:22,197 INFO: Plan 0: ḡ=17, γE[v]=0.0, Q=17.0 (fn)
2026-09-22 17:02:22,217 INFO: Plan 0: ḡ=7, γE[v]=5.0, Q=12.0 (fn)
2026-09-22 17:02:22,247 INFO: Plan 0: ḡ=4, γE[v]=0.0, Q=4.0 (fn)
2026-09-22 17:02:22,248 INFO: Plan 1: ḡ=4, γE[v]=0.0, Q=4.0 (fn)
2026-09-22 17:02:22,358 INFO: Plan 2: ḡ=1, γE[v]=0.0, Q=1.0 (fn)
2026-09-22 17:02:22,470 INFO: Plan 2: ḡ=75, γE[v]=0.0, Q=75.0 (fn)
2026-09-22 17:02:22,473 INFO: Plan 1: ḡ=33, γE[v]=4.5, Q=37.5 (fn)
2026-09-22 17:02:22,496 INFO: Plan 1: ḡ=112, γE[v]=0.0, Q=112.0 (fn)
2026-09-22 17:02:22,524 INFO: Plan 1: ḡ=62, γE[v]=0.0, Q=62.0 (fn)
2026-09-22 17:02:23,111 INFO: Plan 2: ḡ=66, γE[v]=0.0, Q=66.0 (fn)
2026-09-22 17:02:23,297 INFO: Plan 0: ḡ=11, γE[v]=0.0, Q=11.0 (fn)
2026-09-22 17:02:24,698 INFO: Plan 1: ḡ=44, γE[v]=0.0, Q=44.0 (fn)
2026-09-22 17:02:24,760 INFO: Plan 0: ḡ=40, γE[v]=0.0, Q=40.0 (fn)
2026-09-22 17:02:25,716 INFO: Plan 2: ḡ=16, γE[v]=0.0, Q=16.0 (fn)
2026-09-22 17:02:26,107 INFO: Plan 0: ḡ=23, γE[v]=0.0, Q=23.0 (fn)
2026-09-22 17:02:26,155 INFO: Plan 1: ḡ=11, γE[v]=0.0, Q=11.0 (fn)
2026-09-22 17:02:26,694 INFO: Plan 1: ḡ=70, γE[v]=0.0, Q=70.0 (fn)
2026-09-22 17:02:26,921 INFO: Plan 2: ḡ=90, γE[v]=0.0, Q=90.0 (fn)
2026-09-22 17:02:27,094 INFO: Plan 0: ḡ=240, γE[v]=0.0, Q=240.0 (fn)
2026-09-22 17:02:27,589 INFO: Plan 0: ḡ=70, γE[v]=0.0, Q=70.0 (fn)
2026-09-22 17:02:27,612 INFO: Plan 1: ḡ=70, γE[v]=0.0, Q=70.0 (fn)
2026-09-22 17:02:27,786 INFO: Plan 1: ḡ=35, γE[v]=0.0, Q=35.0 (fn)
2026-09-22 17:02:29,127 INFO: Plan 2: ḡ=134, γE[v]=0.0, Q=134.0 (fn)
2026-09-22 17:02:31,320 INFO: Plan 2: ḡ=36, γE[v]=84.5, Q=120.5 (fn)
2026-09-22 17:02:39,607 INFO: Plan 0: ḡ=93, γE[v]=0.0, Q=93.0 (fn)
2026-09-22 17:02:40,129 INFO: Plan 2: ḡ=24, γE[v]=0.0, Q=24.0 (fn)
2026-09-22 17:02:41,030 INFO: Plan 1: ḡ=64, γE[v]=23.0, Q=87.0 (fn)
2026-09-22 17:02:41,069 INFO: Plan 2: ḡ=101, γE[v]=0.0, Q=101.0 (fn)
2026-09-22 17:02:41,104 INFO: Plan 0: ḡ=11, γE[v]=0.0, Q=11.0 (fn)
2026-09-22 17:02:41,142 INFO: Plan 1: ḡ=49, γE[v]=0.0, Q=49.0 (fn)
2026-09-22 17:02:41,492 INFO: Plan 0: ḡ=8, γE[v]=0.0, Q=8.0 (fn)
2026-09-22 17:02:42,402 INFO: Plan 1: ḡ=22, γE[v]=0.0, Q=22.0 (fn)
2026-09-22 17:02:45,777 INFO: Plan 2: ḡ=9, γE[v]=25.0, Q=34.0 (fn)
2026-09-22 17:02:48,875 INFO: Plan 0: ḡ=12, γE[v]=0.0, Q=12.0 (fn)
2026-09-22 17:02:49,870 INFO: Plan 2: ḡ=4, γE[v]=1.5, Q=5.5 (fn)
2026-09-22 17:02:49,874 INFO: Plan 0: ḡ=31, γE[v]=0.0, Q=31.0 (fn)
2026-09-22 17:02:50,405 INFO: Plan 1: ḡ=8, γE[v]=2.0, Q=10.0 (fn)
2026-09-22 17:02:51,067 INFO: Plan 1: ḡ=54, γE[v]=3.0, Q=57.0 (fn)
2026-09-22 17:02:54,081 INFO: Plan 2: ḡ=36, γE[v]=0.0, Q=36.0 (fn)
2026-09-22 17:02:54,257 INFO: Plan 2: ḡ=12, γE[v]=5.0, Q=17.0 (fn)
2026-09-22 17:02:54,574 INFO: Plan 1: ḡ=65, γE[v]=0.0, Q=65.0 (fn)
2026-09-22 17:02:54,747 INFO: Plan 0: ḡ=65, γE[v]=0.0, Q=65.0 (fn)
2026-09-22 17:02:58,116 INFO: Plan 0: ḡ=62, γE[v]=0.0, Q=62.0 (fn)
2026-09-22 17:02:58,321 INFO: Plan 1: ḡ=51, γE[v]=0.0, Q=51.0 (fn)
2026-09-22 17:02:58,494 INFO: Plan 0: ḡ=52, γE[v]=0.0, Q=52.0 (fn)
2026-09-22 17:02:58,523 INFO: Plan 2: ḡ=79, γE[v]=0.0, Q=79.0 (fn)
2026-09-22 17:02:58,643 INFO: Plan 1: ḡ=79, γE[v]=0.0, Q=79.0 (fn)
2026-09-22 17:02:58,916 INFO: Plan 2: ḡ=93, γE[v]=0.0, Q=93.0 (fn)
2026-09-22 17:02:59,229 INFO: Plan 0: ḡ=69, γE[v]=0.0, Q=69.0 (fn)
2026-09-22 17:02:59,317 INFO: Plan 1: ḡ=55, γE[v]=0.0, Q=55.0 (fn)
2026-09-22 17:02:59,436 INFO: Plan 2: ḡ=36, γE[v]=0.0, Q=36.0 (fn)
2026-09-22 17:02:59,465 INFO: Plan 2: ḡ=0, γE[v]=0.0, Q=0.0 (fn)
2026-09-22 17:02:59,466 INFO: Plan 0: ḡ=4, γE[v]=0.0, Q=4.0 (fn)
2026-09-22 17:02:59,580 INFO: Plan 1: ḡ=1, γE[v]=0.0, Q=1.0 (fn)
2026-09-22 17:03:01,562 INFO: Plan 2: ḡ=25, γE[v]=0.0, Q=25.0 (fn)
2026-09-22 17:03:01,643 INFO: Plan 1: ḡ=57, γE[v]=0.0, Q=57.0 (fn)
2026-09-22 17:03:03,198 INFO: Plan 0: ḡ=17, γE[v]=6.5, Q=23.5 (fn)
2026-09-22 17:03:05,140 INFO: Plan 0: ḡ=6, γE[v]=0.0, Q=6.0 (fn)
2026-09-22 17:03:07,078 INFO: Plan 0: ḡ=8, γE[v]=0.0, Q=8.0 (fn)
2026-09-22 17:03:07,139 INFO: Plan 0: ḡ=11, γE[v]=0.0, Q=11.0 (fn)
2026-09-22 17:03:08,133 INFO: Plan 2: ḡ=56, γE[v]=0.0, Q=56.0 (fn)
2026-09-22 17:03:09,643 INFO: Plan 1: ḡ=8, γE[v]=0.0, Q=8.0 (fn)
2026-09-22 17:03:10,010 INFO: Plan 0: ḡ=29, γE[v]=2.0, Q=31.0 (fn)
2026-09-22 17:03:11,214 INFO: Plan 0: ḡ=34, γE[v]=0.0, Q=34.0 (fn)
2026-09-22 17:03:11,327 INFO: Plan 2: ḡ=16, γE[v]=0.0, Q=16.0 (fn)
2026-09-22 17:03:11,328 INFO: Plan 0: ḡ=8, γE[v]=0.0, Q=8.0 (fn)
2026-09-22 17:03:11,367 INFO: Plan 1: ḡ=21, γE[v]=16.0, Q=37.0 (fn)
2026-09-22 17:03:11,401 INFO: Plan 1: ḡ=3, γE[v]=0.0, Q=3.0 (fn)
2026-09-22 17:03:11,434 INFO: Plan 2: ḡ=8, γE[v]=0.0, Q=8.0 (fn)
2026-09-22 17:03:11,830 INFO: Plan 2: ḡ=66, γE[v]=0.0, Q=66.0 (fn)
2026-09-22 17:03:12,177 INFO: Plan 0: ḡ=14, γE[v]=0.0, Q=14.0 (fn)
2026-09-22 17:03:12,178 INFO: Plan 1: ḡ=63, γE[v]=0.0, Q=63.0 (fn)
2026-09-22 17:03:12,247 INFO: Plan 0: ḡ=3, γE[v]=0.0, Q=3.0 (fn)
2026-09-22 17:03:12,247 INFO: Plan 1: ḡ=3, γE[v]=0.0, Q=3.0 (fn)
2026-09-22 17:03:12,281 INFO: Plan 1: ḡ=44, γE[v]=2.5, Q=46.5 (fn)
2026-09-22 17:03:12,321 INFO: Plan 1: ḡ=25, γE[v]=0.0, Q=25.0 (fn)
2026-09-22 17:03:12,322 INFO: Plan 1: ḡ=259, γE[v]=0.0, Q=259.0 (fn)
2026-09-22 17:03:12,378 INFO: Plan 2: ḡ=83, γE[v]=0.0, Q=83.0 (fn)
2026-09-22 17:03:12,469 INFO: Plan 2: ḡ=89, γE[v]=3.5, Q=92.5 (fn)
2026-09-22 17:03:12,473 INFO: Plan 1: ḡ=12, γE[v]=12.5, Q=24.5 (fn)
2026-09-22 17:03:12,496 INFO: Plan 2: ḡ=4, γE[v]=0.0, Q=4.0 (fn)
2026-09-22 17:03:12,528 INFO: Plan 2: ḡ=87, γE[v]=0.0, Q=87.0 (fn)
2026-09-22 17:03:12,556 INFO: Plan 0: ḡ=14, γE[v]=0.0, Q=14.0 (fn)
2026-09-22 17:03:12,585 INFO: Plan 1: ḡ=41, γE[v]=0.0, Q=41.0 (fn)
2026-09-22 17:03:12,616 INFO: Plan 2: ḡ=98, γE[v]=0.0, Q=98.0 (fn)
2026-09-22 17:03:12,619 INFO: Plan 2: ḡ=45, γE[v]=18.0, Q=63.0 (fn)
2026-09-22 17:03:13,310 INFO: Plan 0: ḡ=37, γE[v]=1.0, Q=38.0 (fn)
2026-09-22 17:03:14,167 INFO: Plan 2: ḡ=42, γE[v]=99.0, Q=141.0 (fn)
2026-09-22 17:03:14,223 INFO: Plan 0: ḡ=230, γE[v]=5.0, Q=235.0 (fn)
2026-09-22 17:03:14,284 INFO: Plan 0: ḡ=60, γE[v]=0.0, Q=60.0 (fn)
2026-09-22 17:03:14,558 INFO: Plan 2: ḡ=32, γE[v]=0.0, Q=32.0 (fn)
2026-09-22 17:03:14,613 INFO: Plan 1: ḡ=38, γE[v]=101.0, Q=139.0 (fn)
2026-09-22 17:03:15,943 INFO: Plan 1: ḡ=52, γE[v]=0.0, Q=52.0 (fn)
2026-09-22 17:03:17,394 INFO: Plan 1: ḡ=8, γE[v]=0.0, Q=8.0 (fn)
2026-09-22 17:03:18,007 INFO: Plan 0: ḡ=68, γE[v]=0.0, Q=68.0 (fn)
2026-09-22 17:03:18,207 INFO: Plan 2: ḡ=88, γE[v]=0.0, Q=88.0 (fn)
2026-09-22 17:03:18,445 INFO: Plan 0: ḡ=54, γE[v]=0.0, Q=54.0 (fn)
2026-09-22 17:03:18,515 INFO: Plan 2: ḡ=93, γE[v]=0.0, Q=93.0 (fn)
2026-09-22 17:03:18,764 INFO: Plan 1: ḡ=69, γE[v]=0.0, Q=69.0 (fn)
2026-09-22 17:03:19,848 INFO: Plan 1: ḡ=59, γE[v]=0.0, Q=59.0 (fn)
2026-09-22 17:03:19,984 INFO: Plan 0: ḡ=11, γE[v]=0.0, Q=11.0 (fn)
2026-09-22 17:03:20,963 INFO: Plan 2: ḡ=86, γE[v]=8.5, Q=94.5 (fn)
2026-09-22 17:03:21,353 INFO: Plan 1: ḡ=96, γE[v]=0.0, Q=96.0 (fn)
2026-09-22 17:03:21,353 INFO: Plan 0: ḡ=240, γE[v]=0.0, Q=240.0 (fn)
2026-09-22 17:03:27,264 INFO: Plan 1: ḡ=24, γE[v]=0.0, Q=24.0 (fn)
2026-09-22 17:03:29,933 INFO: Plan 2: ḡ=362, γE[v]=45.5, Q=407.5 (fn)
2026-09-22 17:03:31,797 INFO: Plan 0: ḡ=10, γE[v]=22.5, Q=32.5 (fn)
2026-09-22 17:03:32,668 INFO: Plan 1: ḡ=64, γE[v]=0.0, Q=64.0 (fn)
2026-09-22 17:03:32,935 INFO: Plan 2: ḡ=10, γE[v]=19.5, Q=29.5 (fn)
2026-09-22 17:03:32,937 INFO: Plan 0: ḡ=93, γE[v]=0.0, Q=93.0 (fn)
2026-09-22 17:03:33,109 INFO: Plan 2: ḡ=24, γE[v]=0.0, Q=24.0 (fn)
2026-09-22 17:03:35,791 INFO: Plan 2: ḡ=3, γE[v]=0.0, Q=3.0 (fn)
2026-09-22 17:03:36,670 INFO: Plan 1: ḡ=12, γE[v]=0.0, Q=12.0 (fn)
2026-09-22 17:03:37,765 INFO: Plan 0: ḡ=4, γE[v]=4.0, Q=8.0 (fn)
2026-09-22 17:03:39,184 INFO: Plan 2: ḡ=71, γE[v]=0.0, Q=71.0 (fn)
2026-09-22 17:03:39,217 INFO: Plan 0: ḡ=17, γE[v]=2.5, Q=19.5 (fn)
2026-09-22 17:03:39,251 INFO: Plan 1: ḡ=46, γE[v]=0.0, Q=46.0 (fn)
2026-09-22 17:03:42,473 INFO: Plan 1: ḡ=0, γE[v]=0.0, Q=0.0 (fn)
2026-09-22 17:03:42,474 INFO: Plan 2: ḡ=0, γE[v]=0.0, Q=0.0 (fn)
2026-09-22 17:03:42,609 INFO: Plan 0: ḡ=1, γE[v]=0.0, Q=1.0 (fn)
2026-09-22 17:03:43,031 INFO: Plan 2: ḡ=41, γE[v]=0.0, Q=41.0 (fn)
2026-09-22 17:03:43,234 INFO: Plan 0: ḡ=46, γE[v]=0.0, Q=46.0 (fn)
2026-09-22 17:03:43,299 INFO: Plan 1: ḡ=47, γE[v]=0.0, Q=47.0 (fn)
2026-09-22 17:03:43,912 INFO: Plan 2: ḡ=35, γE[v]=0.0, Q=35.0 (fn)
2026-09-22 17:03:44,041 INFO: Plan 1: ḡ=51, γE[v]=0.0, Q=51.0 (fn)
2026-09-22 17:03:44,810 INFO: Plan 0: ḡ=71, γE[v]=0.0, Q=71.0 (fn)
2026-09-22 17:03:45,481 INFO: Plan 0: ḡ=31, γE[v]=0.0, Q=31.0 (fn)
2026-09-22 17:03:45,568 INFO: Plan 1: ḡ=13, γE[v]=0.0, Q=13.0 (fn)
2026-09-22 17:03:50,125 INFO: Plan 2: ḡ=29, γE[v]=0.0, Q=29.0 (fn)
2026-09-22 17:03:50,527 INFO: Plan 1: ḡ=0, γE[v]=0.0, Q=0.0 (fn)
2026-09-22 17:03:50,528 INFO: Plan 2: ḡ=0, γE[v]=0.0, Q=0.0 (fn)
2026-09-22 17:03:51,042 INFO: Plan 0: ḡ=3, γE[v]=0.0, Q=3.0 (fn)
2026-09-22 17:03:51,691 INFO: Plan 2: ḡ=8, γE[v]=0.0, Q=8.0 (fn)
2026-09-22 17:03:51,753 INFO: Plan 0: ḡ=52, γE[v]=0.0, Q=52.0 (fn)
2026-09-22 17:03:51,780 INFO: Plan 2: ḡ=70, γE[v]=0.0, Q=70.0 (fn)
2026-09-22 17:03:51,986 INFO: Plan 1: ḡ=6, γE[v]=0.0, Q=6.0 (fn)
2026-09-22 17:03:52,075 INFO: Plan 2: ḡ=11, γE[v]=0.0, Q=11.0 (fn)
2026-09-22 17:03:52,192 INFO: Plan 1: ḡ=80, γE[v]=6.0, Q=86.0 (fn)
2026-09-22 17:03:52,193 INFO: Plan 0: ḡ=13, γE[v]=0.5, Q=13.5 (fn)
2026-09-22 17:03:52,365 INFO: Plan 1: ḡ=13, γE[v]=0.0, Q=13.0 (fn)
2026-09-22 17:03:53,601 INFO: Plan 0: ḡ=22, γE[v]=3.0, Q=25.0 (fn)
2026-09-22 17:03:54,967 INFO: Plan 2: ḡ=19, γE[v]=0.0, Q=19.0 (fn)
2026-09-22 17:03:55,199 INFO: Plan 0: ḡ=29, γE[v]=2.0, Q=31.0 (fn)
2026-09-22 17:03:55,260 INFO: Plan 2: ḡ=113, γE[v]=0.0, Q=113.0 (fn)
2026-09-22 17:03:55,464 INFO: Plan 0: ḡ=17, γE[v]=0.0, Q=17.0 (fn)
2026-09-22 17:03:55,953 INFO: Plan 1: ḡ=13, γE[v]=0.5, Q=13.5 (fn)
2026-09-22 17:03:56,589 INFO: Plan 2: ḡ=45, γE[v]=0.0, Q=45.0 (fn)
2026-09-22 17:03:56,958 INFO: Plan 1: ḡ=41, γE[v]=0.0, Q=41.0 (fn)
2026-09-22 17:03:56,988 INFO: Plan 0: ḡ=37, γE[v]=0.0, Q=37.0 (fn)
2026-09-22 17:03:57,490 INFO: Plan 1: ḡ=42, γE[v]=0.0, Q=42.0 (fn)
2026-09-22 17:03:58,062 INFO: Plan 0: ḡ=8, γE[v]=0.0, Q=8.0 (fn)
2026-09-22 17:03:59,570 INFO: Plan 2: ḡ=3, γE[v]=0.0, Q=3.0 (fn)
2026-09-22 17:03:59,571 INFO: Plan 1: ḡ=3, γE[v]=0.0, Q=3.0 (fn)
2026-09-22 17:03:59,573 INFO: Plan 0: ḡ=3, γE[v]=0.0, Q=3.0 (fn)
2026-09-22 17:04:00,965 INFO: Plan 1: ḡ=23, γE[v]=0.0, Q=23.0 (fn)
2026-09-22 17:04:03,412 INFO: Plan 0: ḡ=59, γE[v]=3.5, Q=62.5 (fn)
2026-09-22 17:04:03,674 INFO: Plan 1: ḡ=53, γE[v]=0.0, Q=53.0 (fn)
2026-09-22 17:04:03,850 INFO: Plan 0: ḡ=69, γE[v]=0.0, Q=69.0 (fn)
2026-09-22 17:04:03,851 INFO: Plan 2: ḡ=97, γE[v]=0.0, Q=97.0 (fn)
2026-09-22 17:04:04,001 INFO: Plan 1: ḡ=12, γE[v]=12.5, Q=24.5 (fn)
2026-09-22 17:04:04,198 INFO: Plan 2: ḡ=49, γE[v]=0.0, Q=49.0 (fn)
2026-09-22 17:04:04,209 INFO: Plan 0: ḡ=53, γE[v]=0.0, Q=53.0 (fn)
2026-09-22 17:04:04,260 INFO: Plan 2: ḡ=14, γE[v]=26.0, Q=40.0 (fn)
2026-09-22 17:04:05,103 INFO: Plan 2: ḡ=32, γE[v]=0.0, Q=32.0 (fn)
2026-09-22 17:04:05,129 INFO: Plan 0: ḡ=80, γE[v]=0.0, Q=80.0 (fn)
2026-09-22 17:04:05,244 INFO: Plan 1: ḡ=24, γE[v]=0.0, Q=24.0 (fn)
2026-09-22 17:04:05,273 INFO: Plan 0: ḡ=11, γE[v]=0.0, Q=11.0 (fn)
2026-09-22 17:04:05,555 INFO: Plan 2: ḡ=125, γE[v]=0.0, Q=125.0 (fn)
2026-09-22 17:04:06,345 INFO: Plan 1: ḡ=35, γE[v]=0.0, Q=35.0 (fn)
2026-09-22 17:04:06,512 INFO: Plan 2: ḡ=49, γE[v]=6.5, Q=55.5 (fn)
2026-09-22 17:04:07,326 INFO: Plan 0: ḡ=14, γE[v]=0.0, Q=14.0 (fn)
2026-09-22 17:04:07,400 INFO: Plan 2: ḡ=98, γE[v]=0.0, Q=98.0 (fn)
2026-09-22 17:04:07,682 INFO: Plan 0: ḡ=22, γE[v]=0.0, Q=22.0 (fn)
2026-09-22 17:04:07,732 INFO: Plan 1: ḡ=276, γE[v]=0.0, Q=276.0 (fn)
2026-09-22 17:04:09,340 INFO: Plan 1: ḡ=67, γE[v]=0.0, Q=67.0 (fn)
2026-09-22 17:04:09,758 INFO: Plan 1: ḡ=59, γE[v]=13.0, Q=72.0 (fn)
2026-09-22 17:04:10,404 INFO: Plan 2: ḡ=80, γE[v]=66.5, Q=146.5 (fn)
2026-09-22 17:04:10,686 INFO: Plan 0: ḡ=10, γE[v]=0.0, Q=10.0 (fn)
2026-09-22 17:04:11,019 INFO: Plan 1: ḡ=24, γE[v]=0.0, Q=24.0 (fn)
2026-09-22 17:04:15,040 INFO: Plan 0: ḡ=7, γE[v]=0.0, Q=7.0 (fn)
2026-09-22 17:04:15,477 INFO: Plan 1: ḡ=3, γE[v]=2.0, Q=5.0 (fn)
2026-09-22 17:04:15,503 INFO: Plan 2: ḡ=4, γE[v]=1.5, Q=5.5 (fn)
2026-09-22 17:04:15,710 INFO: Plan 2: ḡ=9, γE[v]=19.5, Q=28.5 (fn)
2026-09-22 17:04:18,607 INFO: Plan 2: ḡ=30, γE[v]=0.0, Q=30.0 (fn)
2026-09-22 17:04:18,707 INFO: Plan 0: ḡ=16, γE[v]=0.0, Q=16.0 (fn)
2026-09-22 17:04:19,143 INFO: Plan 1: ḡ=18, γE[v]=0.0, Q=18.0 (fn)
2026-09-22 17:04:19,655 INFO: Plan 0: ḡ=146, γE[v]=0.0, Q=146.0 (fn)
2026-09-22 17:04:19,803 INFO: Plan 2: ḡ=24, γE[v]=0.0, Q=24.0 (fn)
2026-09-22 17:04:20,416 INFO: Plan 1: ḡ=101, γE[v]=4.5, Q=105.5 (fn)
2026-09-22 17:04:22,893 INFO: Plan 2: ḡ=0, γE[v]=0.0, Q=0.0 (fn)
2026-09-22 17:04:22,894 INFO: Plan 1: ḡ=0, γE[v]=0.0, Q=0.0 (fn)
2026-09-22 17:04:22,895 INFO: Plan 0: ḡ=0, γE[v]=0.0, Q=0.0 (fn)
2026-09-22 17:04:25,154 INFO: Plan 2: ḡ=41, γE[v]=0.0, Q=41.0 (fn)
2026-09-22 17:04:25,360 INFO: Plan 0: ḡ=46, γE[v]=0.0, Q=46.0 (fn)
2026-09-22 17:04:25,539 INFO: Plan 1: ḡ=57, γE[v]=0.0, Q=57.0 (fn)
2026-09-22 17:04:28,887 INFO: Plan 2: ḡ=28, γE[v]=0.0, Q=28.0 (fn)
2026-09-22 17:04:29,428 INFO: Plan 1: ḡ=50, γE[v]=0.0, Q=50.0 (fn)
2026-09-22 17:04:29,602 INFO: Plan 0: ḡ=12, γE[v]=0.0, Q=12.0 (fn)
2026-09-22 17:04:29,846 INFO: Plan 0: ḡ=1, γE[v]=0.0, Q=1.0 (fn)
2026-09-22 17:04:29,847 INFO: Plan 2: ḡ=8, γE[v]=0.0, Q=8.0 (fn)
2026-09-22 17:04:29,914 INFO: Plan 1: ḡ=5, γE[v]=0.0, Q=5.0 (fn)
2026-09-22 17:04:32,506 INFO: Plan 2: ḡ=5, γE[v]=0.0, Q=5.0 (fn)
2026-09-22 17:04:32,541 INFO: Plan 1: ḡ=3, γE[v]=0.0, Q=3.0 (fn)
2026-09-22 17:04:32,608 INFO: Plan 0: ḡ=11, γE[v]=0.0, Q=11.0 (fn)
2026-09-22 17:04:37,271 INFO: Plan 0: ḡ=17, γE[v]=0.0, Q=17.0 (fn)
2026-09-22 17:04:38,153 INFO: Plan 2: ḡ=52, γE[v]=0.0, Q=52.0 (fn)
2026-09-22 17:04:38,696 INFO: Plan 1: ḡ=65, γE[v]=0.0, Q=65.0 (fn)
2026-09-22 17:04:38,726 INFO: Plan 1: ḡ=26, γE[v]=8.0, Q=34.0 (fn)
2026-09-22 17:04:39,400 INFO: Plan 0: ḡ=46, γE[v]=9.5, Q=55.5 (fn)
2026-09-22 17:04:40,233 INFO: Plan 2: ḡ=45, γE[v]=0.0, Q=45.0 (fn)
2026-09-22 17:04:40,386 INFO: Plan 2: ḡ=95, γE[v]=124.0, Q=219.0 (fn)
2026-09-22 17:04:40,618 INFO: Plan 1: ḡ=41, γE[v]=0.0, Q=41.0 (fn)
2026-09-22 17:04:40,648 INFO: Plan 0: ḡ=37, γE[v]=0.0, Q=37.0 (fn)
2026-09-22 17:04:45,624 INFO: Plan 0: ḡ=18, γE[v]=0.0, Q=18.0 (fn)
2026-09-22 17:04:46,248 INFO: Plan 0: ḡ=0, γE[v]=0.0, Q=0.0 (fn)
2026-09-22 17:04:46,249 INFO: Plan 1: ḡ=0, γE[v]=0.0, Q=0.0 (fn)
2026-09-22 17:04:46,280 INFO: Plan 2: ḡ=0, γE[v]=0.0, Q=0.0 (fn)
2026-09-22 17:04:46,375 INFO: Plan 0: ḡ=6, γE[v]=0.0, Q=6.0 (fn)
2026-09-22 17:04:46,489 INFO: Plan 1: ḡ=52, γE[v]=0.0, Q=52.0 (fn)
2026-09-22 17:04:46,665 INFO: Plan 2: ḡ=27, γE[v]=0.0, Q=27.0 (fn)
2026-09-22 17:04:46,698 INFO: Plan 0: ḡ=51, γE[v]=0.0, Q=51.0 (fn)
2026-09-22 17:04:46,989 INFO: Plan 2: ḡ=29, γE[v]=0.0, Q=29.0 (fn)
2026-09-22 17:04:47,047 INFO: Plan 1: ḡ=30, γE[v]=0.0, Q=30.0 (fn)
2026-09-22 17:04:47,425 INFO: Plan 0: ḡ=11, γE[v]=0.0, Q=11.0 (fn)
2026-09-22 17:04:47,598 INFO: Plan 1: ḡ=32, γE[v]=0.0, Q=32.0 (fn)
2026-09-22 17:04:48,758 INFO: Plan 2: ḡ=22, γE[v]=3.5, Q=25.5 (fn)
2026-09-22 17:04:48,816 INFO: Plan 0: ḡ=11, γE[v]=5.0, Q=16.0 (fn)
2026-09-22 17:04:49,661 INFO: Plan 1: ḡ=80, γE[v]=0.0, Q=80.0 (fn)
2026-09-22 17:04:50,543 INFO: Plan 1: ḡ=12, γE[v]=12.5, Q=24.5 (fn)
2026-09-22 17:04:51,386 INFO: Plan 2: ḡ=49, γE[v]=0.0, Q=49.0 (fn)
2026-09-22 17:04:51,848 INFO: Plan 2: ḡ=47, γE[v]=18.0, Q=65.0 (fn)
2026-09-22 17:04:52,104 INFO: Plan 0: ḡ=15, γE[v]=0.0, Q=15.0 (fn)
2026-09-22 17:04:52,360 INFO: Plan 2: ḡ=95, γE[v]=8.0, Q=103.0 (fn)
2026-09-22 17:04:52,564 INFO: Plan 2: ḡ=88, γE[v]=0.0, Q=88.0 (fn)
2026-09-22 17:04:53,144 INFO: Plan 0: ḡ=53, γE[v]=0.0, Q=53.0 (fn)
2026-09-22 17:04:53,312 INFO: Plan 1: ḡ=23, γE[v]=0.0, Q=23.0 (fn)
2026-09-22 17:04:53,838 INFO: Plan 0: ḡ=16, γE[v]=0.0, Q=16.0 (fn)
2026-09-22 17:04:53,866 INFO: Plan 1: ḡ=13, γE[v]=0.0, Q=13.0 (fn)
2026-09-22 17:04:53,921 INFO: Plan 2: ḡ=14, γE[v]=0.0, Q=14.0 (fn)
2026-09-22 17:04:55,876 INFO: Plan 1: ḡ=19, γE[v]=20.5, Q=39.5 (fn)
2026-09-22 17:04:57,961 INFO: Plan 0: ḡ=14, γE[v]=0.0, Q=14.0 (fn)
2026-09-22 17:04:58,017 INFO: Plan 0: ḡ=10, γE[v]=0.0, Q=10.0 (fn)
2026-09-22 17:04:58,039 INFO: Plan 2: ḡ=25, γE[v]=0.0, Q=25.0 (fn)
2026-09-22 17:04:58,960 INFO: Plan 2: ḡ=103, γE[v]=0.0, Q=103.0 (fn)
2026-09-22 17:04:58,962 INFO: Plan 1: ḡ=24, γE[v]=0.0, Q=24.0 (fn)
2026-09-22 17:04:59,311 INFO: Plan 1: ḡ=284, γE[v]=0.0, Q=284.0 (fn)
2026-09-22 17:05:00,787 INFO: Plan 0: ḡ=36, γE[v]=13.0, Q=49.0 (fn)
2026-09-22 17:05:02,871 INFO: Plan 1: ḡ=23, γE[v]=20.0, Q=43.0 (fn)
2026-09-22 17:05:02,940 INFO: Plan 0: ḡ=41, γE[v]=0.0, Q=41.0 (fn)
2026-09-22 17:05:03,991 INFO: Plan 2: ḡ=28, γE[v]=11.0, Q=39.0 (fn)
2026-09-22 17:05:05,142 INFO: Plan 2: ḡ=47, γE[v]=39.5, Q=86.5 (fn)
2026-09-22 17:05:05,787 INFO: Plan 1: ḡ=56, γE[v]=3.0, Q=59.0 (fn)
2026-09-22 17:05:06,496 INFO: Plan 2: ḡ=0, γE[v]=0.0, Q=0.0 (fn)
2026-09-22 17:05:07,218 INFO: Plan 0: ḡ=54, γE[v]=0.0, Q=54.0 (fn)
2026-09-22 17:05:07,422 INFO: Plan 1: ḡ=2, γE[v]=0.5, Q=2.5 (fn)
2026-09-22 17:05:07,526 INFO: Plan 2: ḡ=93, γE[v]=0.0, Q=93.0 (fn)
2026-09-22 17:05:07,697 INFO: Plan 0: ḡ=2, γE[v]=1.0, Q=3.0 (fn)
2026-09-22 17:05:07,801 INFO: Plan 1: ḡ=128, γE[v]=4.5, Q=132.5 (fn)
2026-09-22 17:05:09,683 INFO: Plan 2: ḡ=4, γE[v]=0.0, Q=4.0 (fn)
2026-09-22 17:05:09,750 INFO: Plan 1: ḡ=0, γE[v]=0.0, Q=0.0 (fn)
2026-09-22 17:05:09,751 INFO: Plan 2: ḡ=0, γE[v]=0.0, Q=0.0 (fn)
2026-09-22 17:05:09,751 INFO: Plan 0: ḡ=0, γE[v]=0.0, Q=0.0 (fn)
2026-09-22 17:05:09,752 INFO: Plan 0: ḡ=2, γE[v]=0.0, Q=2.0 (fn)
2026-09-22 17:05:11,564 INFO: Plan 1: ḡ=2, γE[v]=3.0, Q=5.0 (fn)
2026-09-22 17:05:12,317 INFO: Plan 2: ḡ=18, γE[v]=0.0, Q=18.0 (fn)
2026-09-22 17:05:12,384 INFO: Plan 1: ḡ=30, γE[v]=0.0, Q=30.0 (fn)
2026-09-22 17:05:12,488 INFO: Plan 0: ḡ=15, γE[v]=0.0, Q=15.0 (fn)
2026-09-22 17:05:13,995 INFO: Plan 1: ḡ=97, γE[v]=0.0, Q=97.0 (fn)
2026-09-22 17:05:16,169 INFO: Plan 2: ḡ=0, γE[v]=0.0, Q=0.0 (fn)
2026-09-22 17:05:16,313 INFO: Plan 2: ḡ=29, γE[v]=0.0, Q=29.0 (fn)
2026-09-22 17:05:16,377 INFO: Plan 0: ḡ=1, γE[v]=0.0, Q=1.0 (fn)
2026-09-22 17:05:16,446 INFO: Plan 1: ḡ=5, γE[v]=0.0, Q=5.0 (fn)
2026-09-22 17:05:16,584 INFO: Plan 0: ḡ=188, γE[v]=0.0, Q=188.0 (fn)
2026-09-22 17:05:16,654 INFO: Plan 2: ḡ=239, γE[v]=0.0, Q=239.0 (fn)
2026-09-22 17:05:16,688 INFO: Plan 0: ḡ=46, γE[v]=0.0, Q=46.0 (fn)
2026-09-22 17:05:16,824 INFO: Plan 1: ḡ=73, γE[v]=0.0, Q=73.0 (fn)
2026-09-22 17:05:24,933 INFO: Plan 1: ḡ=30, γE[v]=0.0, Q=30.0 (fn)
2026-09-22 17:05:24,969 INFO: Plan 2: ḡ=245, γE[v]=0.0, Q=245.0 (fn)
2026-09-22 17:05:25,460 INFO: Plan 0: ḡ=17, γE[v]=0.0, Q=17.0 (fn)
2026-09-22 17:05:28,033 INFO: Plan 2: ḡ=45, γE[v]=0.0, Q=45.0 (fn)
2026-09-22 17:05:28,222 INFO: Plan 0: ḡ=21, γE[v]=0.0, Q=21.0 (fn)
2026-09-22 17:05:28,436 INFO: Plan 2: ḡ=17, γE[v]=0.0, Q=17.0 (fn)
2026-09-22 17:05:28,506 INFO: Plan 1: ḡ=41, γE[v]=0.0, Q=41.0 (fn)
2026-09-22 17:05:28,508 INFO: Plan 2: ḡ=31, γE[v]=0.0, Q=31.0 (fn)
2026-09-22 17:05:28,717 INFO: Plan 1: ḡ=44, γE[v]=0.0, Q=44.0 (fn)
2026-09-22 17:05:28,926 INFO: Plan 0: ḡ=34, γE[v]=0.0, Q=34.0 (fn)
2026-09-22 17:05:29,134 INFO: Plan 1: ḡ=15, γE[v]=0.0, Q=15.0 (fn)
2026-09-22 17:05:29,237 INFO: Plan 0: ḡ=10, γE[v]=0.0, Q=10.0 (fn)
2026-09-22 17:05:31,504 INFO: Plan 0: ḡ=20, γE[v]=0.0, Q=20.0 (fn)
2026-09-22 17:05:32,131 INFO: Plan 0: ḡ=0, γE[v]=0.0, Q=0.0 (fn)
2026-09-22 17:05:32,485 INFO: Plan 2: ḡ=11, γE[v]=5.5, Q=16.5 (fn)
2026-09-22 17:05:32,514 INFO: Plan 2: ḡ=0, γE[v]=0.0, Q=0.0 (fn)
2026-09-22 17:05:32,601 INFO: Plan 1: ḡ=0, γE[v]=0.0, Q=0.0 (fn)
2026-09-22 17:05:33,477 INFO: Plan 0: ḡ=0, γE[v]=0.0, Q=0.0 (fn)
2026-09-22 17:05:33,534 INFO: Plan 1: ḡ=0, γE[v]=0.0, Q=0.0 (fn)
2026-09-22 17:05:33,822 INFO: Plan 2: ḡ=0, γE[v]=0.0, Q=0.0 (fn)
2026-09-22 17:05:34,330 INFO: Plan 1: ḡ=67, γE[v]=0.0, Q=67.0 (fn)
2026-09-22 17:05:39,550 INFO: Plan 0: ḡ=17, γE[v]=0.0, Q=17.0 (fn)
2026-09-22 17:05:39,826 INFO: Plan 1: ḡ=11, γE[v]=0.0, Q=11.0 (fn)
2026-09-22 17:05:40,479 INFO: Plan 0: ḡ=14, γE[v]=0.0, Q=14.0 (fn)
2026-09-22 17:05:40,825 INFO: Plan 2: ḡ=25, γE[v]=4.0, Q=29.0 (fn)
2026-09-22 17:05:40,895 INFO: Plan 1: ḡ=42, γE[v]=0.0, Q=42.0 (fn)
2026-09-22 17:05:41,313 INFO: Plan 0: ḡ=10, γE[v]=9.5, Q=19.5 (fn)
2026-09-22 17:05:41,417 INFO: Plan 2: ḡ=163, γE[v]=0.0, Q=163.0 (fn)
2026-09-22 17:05:41,418 INFO: Plan 0: ḡ=8.5, γE[v]=166.8, Q=175.2 (bayes)
2026-09-22 17:05:41,418 INFO: Plan 1: ḡ=21.0, γE[v]=160.5, Q=181.5 (bayes)
2026-09-22 17:05:41,418 INFO: Plan 2: ḡ=81.5, γE[v]=130.2, Q=211.8 (bayes)
2026-09-22 17:05:42,255 INFO: Plan 1: ḡ=66, γE[v]=0.0, Q=66.0 (fn)
2026-09-22 17:05:42,256 INFO: Plan 0: ḡ=66, γE[v]=0.0, Q=66.0 (fn)
2026-09-22 17:05:42,263 INFO: Plan 0: ḡ=52, γE[v]=0.0, Q=52.0 (fn)
2026-09-22 17:05:42,456 INFO: Plan 2: ḡ=90, γE[v]=0.0, Q=90.0 (fn)
2026-09-22 17:05:42,731 INFO: Plan 1: ḡ=6, γE[v]=0.0, Q=6.0 (fn)
2026-09-22 17:05:42,762 INFO: Plan 0: ḡ=25, γE[v]=0.0, Q=25.0 (fn)
2026-09-22 17:05:42,763 INFO: Plan 1: ḡ=17, γE[v]=0.0, Q=17.0 (fn)
2026-09-22 17:05:43,495 INFO: Plan 0: ḡ=6, γE[v]=0.0, Q=6.0 (fn)
2026-09-22 17:05:43,584 INFO: Plan 1: ḡ=27, γE[v]=0.0, Q=27.0 (fn)
2026-09-22 17:05:43,733 INFO: Plan 2: ḡ=91, γE[v]=0.0, Q=91.0 (fn)
2026-09-22 17:05:43,762 INFO: Plan 2: ḡ=77, γE[v]=0.0, Q=77.0 (fn)
2026-09-22 17:05:45,047 INFO: Plan 2: ḡ=171, γE[v]=0.0, Q=171.0 (fn)
2026-09-22 17:05:45,945 INFO: Plan 2: ḡ=30, γE[v]=18.0, Q=48.0 (fn)
2026-09-22 17:05:45,974 INFO: Plan 1: ḡ=12, γE[v]=12.5, Q=24.5 (fn)
2026-09-22 17:05:46,255 INFO: Plan 2: ḡ=4, γE[v]=0.0, Q=4.0 (fn)
2026-09-22 17:05:46,312 INFO: Plan 0: ḡ=2, γE[v]=0.0, Q=2.0 (fn)
2026-09-22 17:05:46,313 INFO: Plan 1: ḡ=2, γE[v]=0.0, Q=2.0 (fn)
2026-09-22 17:05:47,647 INFO: Plan 2: ḡ=7, γE[v]=0.0, Q=7.0 (fn)
2026-09-22 17:05:48,561 INFO: Plan 1: ḡ=12, γE[v]=0.0, Q=12.0 (fn)
2026-09-22 17:05:49,123 INFO: Plan 0: ḡ=8, γE[v]=0.0, Q=8.0 (fn)
2026-09-22 17:05:50,861 INFO: Plan 2: ḡ=6, γE[v]=0.0, Q=6.0 (fn)
2026-09-22 17:05:50,891 INFO: Plan 1: ḡ=6, γE[v]=0.0, Q=6.0 (fn)
2026-09-22 17:05:51,576 INFO: Plan 0: ḡ=14, γE[v]=0.0, Q=14.0 (fn)
2026-09-22 17:05:51,601 INFO: Plan 2: ḡ=66, γE[v]=0.0, Q=66.0 (fn)
2026-09-22 17:05:52,237 INFO: Plan 1: ḡ=263, γE[v]=0.0, Q=263.0 (fn)
2026-09-22 17:05:53,060 INFO: Plan 2: ḡ=55, γE[v]=0.0, Q=55.0 (fn)
2026-09-22 17:05:53,074 INFO: Plan 0: ḡ=41, γE[v]=0.0, Q=41.0 (fn)
2026-09-22 17:05:53,075 INFO: Plan 0: ḡ=181, γE[v]=8.5, Q=189.5 (fn)
2026-09-22 17:05:53,335 INFO: Plan 0: ḡ=54, γE[v]=0.0, Q=54.0 (fn)
2026-09-22 17:05:54,001 INFO: Plan 2: ḡ=96, γE[v]=0.0, Q=96.0 (fn)
2026-09-22 17:05:54,518 INFO: Plan 1: ḡ=82, γE[v]=4.5, Q=86.5 (fn)
2026-09-22 17:05:55,400 INFO: Plan 1: ḡ=52, γE[v]=1.5, Q=53.5 (fn)
2026-09-22 17:05:58,027 INFO: Plan 2: ḡ=0, γE[v]=0.0, Q=0.0 (fn)
2026-09-22 17:05:58,300 INFO: Plan 1: ḡ=2, γE[v]=0.0, Q=2.0 (fn)
2026-09-22 17:05:58,370 INFO: Plan 0: ḡ=47, γE[v]=0.0, Q=47.0 (fn)
2026-09-22 17:05:58,403 INFO: Plan 1: ḡ=28, γE[v]=0.0, Q=28.0 (fn)
2026-09-22 17:05:58,406 INFO: Plan 2: ḡ=46, γE[v]=0.0, Q=46.0 (fn)
2026-09-22 17:05:58,535 INFO: Plan 0: ḡ=1, γE[v]=0.5, Q=1.5 (fn)
2026-09-22 17:05:59,088 INFO: Plan 0: ḡ=56, γE[v]=0.0, Q=56.0 (fn)
2026-09-22 17:05:59,155 INFO: Plan 2: ḡ=77, γE[v]=0.0, Q=77.0 (fn)
2026-09-22 17:05:59,156 INFO: Plan 0: ḡ=23.5, γE[v]=29.5, Q=53.0 (bayes)
2026-09-22 17:05:59,156 INFO: Plan 1: ḡ=14.0, γE[v]=34.2, Q=48.2 (bayes)
2026-09-22 17:05:59,156 INFO: Plan 2: ḡ=38.5, γE[v]=22.0, Q=60.5 (bayes)
2026-09-22 17:05:59,423 INFO: Plan 1: ḡ=18, γE[v]=0.0, Q=18.0 (fn)
2026-09-22 17:06:00,659 INFO: Plan 1: ḡ=0, γE[v]=0.0, Q=0.0 (fn)
2026-09-22 17:06:00,660 INFO: Plan 2: ḡ=0, γE[v]=0.0, Q=0.0 (fn)
2026-09-22 17:06:00,840 INFO: Plan 0: ḡ=1, γE[v]=0.0, Q=1.0 (fn)
2026-09-22 17:06:07,372 INFO: Plan 2: ḡ=33, γE[v]=0.0, Q=33.0 (fn)
2026-09-22 17:06:08,103 INFO: Plan 0: ḡ=46, γE[v]=0.0, Q=46.0 (fn)
2026-09-22 17:06:08,171 INFO: Plan 1: ḡ=77, γE[v]=0.0, Q=77.0 (fn)
2026-09-22 17:06:08,517 INFO: Plan 2: ḡ=124, γE[v]=0.0, Q=124.0 (fn)
2026-09-22 17:06:09,368 INFO: Plan 0: ḡ=35, γE[v]=0.0, Q=35.0 (fn)
2026-09-22 17:06:10,778 INFO: Plan 2: ḡ=28, γE[v]=0.0, Q=28.0 (fn)
2026-09-22 17:06:11,428 INFO: Plan 0: ḡ=22, γE[v]=0.0, Q=22.0 (fn)
2026-09-22 17:06:11,429 INFO: Plan 1: ḡ=36, γE[v]=0.0, Q=36.0 (fn)
2026-09-22 17:06:12,171 INFO: Plan 2: ḡ=30, γE[v]=0.0, Q=30.0 (fn)
2026-09-22 17:06:12,376 INFO: Plan 0: ḡ=20, γE[v]=0.0, Q=20.0 (fn)
2026-09-22 17:06:13,237 INFO: Plan 1: ḡ=0, γE[v]=0.0, Q=0.0 (fn)
2026-09-22 17:06:13,238 INFO: Plan 2: ḡ=0, γE[v]=0.0, Q=0.0 (fn)
2026-09-22 17:06:13,305 INFO: Plan 0: ḡ=0, γE[v]=0.0, Q=0.0 (fn)
2026-09-22 17:06:14,697 INFO: Plan 1: ḡ=61, γE[v]=19.5, Q=80.5 (fn)
2026-09-22 17:06:14,697 INFO: Plan 0: ḡ=10.0, γE[v]=119.0, Q=129.0 (bayes)
2026-09-22 17:06:14,698 INFO: Plan 1: ḡ=30.5, γE[v]=109.6, Q=140.1 (bayes)
2026-09-22 17:06:14,698 INFO: Plan 2: ḡ=15.0, γE[v]=116.5, Q=131.5 (bayes)
2026-09-22 17:06:15,122 INFO: Plan 1: ḡ=410, γE[v]=199.5, Q=609.5 (fn)
2026-09-22 17:06:15,123 INFO: Plan 0: ḡ=17.5, γE[v]=285.2, Q=302.8 (bayes)
2026-09-22 17:06:15,123 INFO: Plan 1: ḡ=205.0, γE[v]=200.5, Q=405.5 (bayes)
2026-09-22 17:06:15,123 INFO: Plan 2: ḡ=62.0, γE[v]=263.0, Q=325.0 (bayes)
2026-09-22 17:06:18,419 INFO: Plan 1: ḡ=0, γE[v]=0.0, Q=0.0 (fn)
2026-09-22 17:06:18,420 INFO: Plan 0: ḡ=0, γE[v]=0.0, Q=0.0 (fn)
2026-09-22 17:06:18,572 INFO: Plan 2: ḡ=45, γE[v]=0.0, Q=45.0 (fn)
2026-09-22 17:06:19,048 INFO: Plan 0: ḡ=21, γE[v]=0.0, Q=21.0 (fn)
2026-09-22 17:06:19,138 INFO: Plan 2: ḡ=0, γE[v]=0.0, Q=0.0 (fn)
2026-09-22 17:06:19,289 INFO: Plan 1: ḡ=41, γE[v]=0.0, Q=41.0 (fn)
2026-09-22 17:06:19,349 INFO: Plan 0: ḡ=240, γE[v]=0.0, Q=240.0 (fn)
2026-09-22 17:06:19,350 INFO: Plan 1: ḡ=76, γE[v]=0.0, Q=76.0 (fn)
2026-09-22 17:06:19,955 INFO: Plan 2: ḡ=10, γE[v]=0.0, Q=10.0 (fn)
2026-09-22 17:06:23,407 INFO: Plan 1: ḡ=16, γE[v]=5.0, Q=21.0 (fn)
2026-09-22 17:06:23,411 INFO: Plan 2: ḡ=74, γE[v]=0.0, Q=74.0 (fn)
2026-09-22 17:06:23,495 INFO: Plan 0: ḡ=22, γE[v]=0.0, Q=22.0 (fn)
2026-09-22 17:06:23,525 INFO: Plan 1: ḡ=34, γE[v]=0.0, Q=34.0 (fn)
2026-09-22 17:06:23,525 INFO: Plan 0: ḡ=11.0, γE[v]=90.0, Q=101.0 (bayes)
2026-09-22 17:06:23,525 INFO: Plan 1: ḡ=17.0, γE[v]=87.0, Q=104.0 (bayes)
2026-09-22 17:06:23,525 INFO: Plan 2: ḡ=37.0, γE[v]=77.0, Q=114.0 (bayes)
2026-09-22 17:06:23,584 INFO: Plan 2: ḡ=390, γE[v]=26.0, Q=416.0 (fn)
2026-09-22 17:06:23,760 INFO: Plan 0: ḡ=21, γE[v]=10.5, Q=31.5 (fn)
2026-09-22 17:06:26,415 INFO: Plan 0: ḡ=23, γE[v]=0.0, Q=23.0 (fn)
2026-09-22 17:06:27,636 INFO: Plan 0: ḡ=14, γE[v]=0.0, Q=14.0 (fn)
2026-09-22 17:06:28,708 INFO: Plan 2: ḡ=22, γE[v]=0.0, Q=22.0 (fn)
2026-09-22 17:06:30,751 INFO: Plan 1: ḡ=48, γE[v]=0.0, Q=48.0 (fn)
2026-09-22 17:06:31,219 INFO: Plan 1: ḡ=173, γE[v]=0.0, Q=173.0 (fn)
2026-09-22 17:06:31,878 INFO: Plan 0: ḡ=8, γE[v]=6.5, Q=14.5 (fn)
2026-09-22 17:06:31,986 INFO: Plan 2: ḡ=11, γE[v]=18.5, Q=29.5 (fn)
2026-09-22 17:06:33,585 INFO: Plan 1: ḡ=23, γE[v]=3.0, Q=26.0 (fn)
2026-09-22 17:06:34,462 INFO: Plan 2: ḡ=21, γE[v]=5.0, Q=26.0 (fn)
2026-09-22 17:06:34,705 INFO: Plan 1: ḡ=49, γE[v]=30.5, Q=79.5 (fn)
2026-09-22 17:06:34,706 INFO: Plan 0: ḡ=11.5, γE[v]=90.2, Q=101.8 (bayes)
2026-09-22 17:06:34,706 INFO: Plan 1: ḡ=24.5, γE[v]=85.1, Q=109.6 (bayes)
2026-09-22 17:06:34,706 INFO: Plan 2: ḡ=5.5, γE[v]=94.1, Q=99.6 (bayes)
2026-09-22 17:06:34,980 INFO: Plan 1: ḡ=6, γE[v]=0.0, Q=6.0 (fn)
2026-09-22 17:06:35,366 INFO: Plan 0: ḡ=36, γE[v]=0.0, Q=36.0 (fn)
2026-09-22 17:06:36,213 INFO: Plan 2: ḡ=55, γE[v]=0.0, Q=55.0 (fn)
2026-09-22 17:06:36,372 INFO: Plan 0: ḡ=8, γE[v]=0.0, Q=8.0 (fn)
2026-09-22 17:06:36,395 INFO: Plan 2: ḡ=114, γE[v]=102.0, Q=216.0 (fn)
2026-09-22 17:06:36,547 INFO: Plan 0: ḡ=73, γE[v]=85.0, Q=158.0 (fn)
2026-09-22 17:06:36,550 INFO: Plan 0: ḡ=36.5, γE[v]=153.6, Q=190.1 (bayes)
2026-09-22 17:06:36,550 INFO: Plan 1: ḡ=86.5, γE[v]=124.8, Q=211.2 (bayes)
2026-09-22 17:06:36,550 INFO: Plan 2: ḡ=57.0, γE[v]=144.1, Q=201.1 (bayes)
2026-09-22 17:06:37,736 INFO: Plan 0: ḡ=41, γE[v]=0.0, Q=41.0 (fn)
2026-09-22 17:06:38,270 INFO: Plan 2: ḡ=66, γE[v]=0.5, Q=66.5 (fn)
2026-09-22 17:06:39,330 INFO: Plan 1: ḡ=54, γE[v]=0.5, Q=54.5 (fn)
2026-09-22 17:06:39,509 INFO: Plan 0: ḡ=125, γE[v]=14.0, Q=139.0 (fn)
2026-09-22 17:06:39,540 INFO: Plan 0: ḡ=14, γE[v]=0.0, Q=14.0 (fn)
2026-09-22 17:06:39,593 INFO: Plan 2: ḡ=98, γE[v]=0.0, Q=98.0 (fn)
2026-09-22 17:06:39,738 INFO: Plan 2: ḡ=30, γE[v]=18.0, Q=48.0 (fn)
2026-09-22 17:06:39,766 INFO: Plan 1: ḡ=12, γE[v]=12.5, Q=24.5 (fn)
2026-09-22 17:06:40,105 INFO: Plan 1: ḡ=259, γE[v]=0.0, Q=259.0 (fn)
2026-09-22 17:06:40,389 INFO: Plan 1: ḡ=118, γE[v]=47.0, Q=165.0 (fn)
2026-09-22 17:06:40,475 INFO: Plan 2: ḡ=125, γE[v]=53.5, Q=178.5 (fn)
2026-09-22 17:06:40,475 INFO: Plan 0: ḡ=62.5, γE[v]=121.9, Q=184.4 (bayes)
2026-09-22 17:06:40,475 INFO: Plan 1: ḡ=59.0, γE[v]=125.1, Q=184.1 (bayes)
2026-09-22 17:06:40,476 INFO: Plan 2: ḡ=62.5, γE[v]=123.7, Q=186.2 (bayes)
2026-09-22 17:06:41,002 INFO: Plan 2: ḡ=89, γE[v]=0.0, Q=89.0 (fn)
2026-09-22 17:06:41,492 INFO: Plan 1: ḡ=31, γE[v]=0.0, Q=31.0 (fn)
2026-09-22 17:06:41,521 INFO: Plan 0: ḡ=68, γE[v]=0.0, Q=68.0 (fn)
2026-09-22 17:06:42,502 INFO: Plan 1: ḡ=28, γE[v]=0.0, Q=28.0 (fn)
2026-09-22 17:06:42,530 INFO: Plan 0: ḡ=58, γE[v]=0.0, Q=58.0 (fn)
2026-09-22 17:06:42,644 INFO: Plan 2: ḡ=32, γE[v]=0.0, Q=32.0 (fn)
2026-09-22 17:06:42,645 INFO: Plan 0: ḡ=29.0, γE[v]=8.5, Q=37.5 (bayes)
2026-09-22 17:06:42,645 INFO: Plan 1: ḡ=14.0, γE[v]=16.0, Q=30.0 (bayes)
2026-09-22 17:06:42,645 INFO: Plan 2: ḡ=14.5, γE[v]=15.8, Q=30.2 (bayes)
2026-09-22 17:06:45,827 INFO: Plan 1: ḡ=34, γE[v]=0.0, Q=34.0 (fn)
2026-09-22 17:06:46,000 INFO: Plan 2: ḡ=57, γE[v]=0.0, Q=57.0 (fn)
2026-09-22 17:06:46,030 INFO: Plan 0: ḡ=57, γE[v]=0.0, Q=57.0 (fn)
2026-09-22 17:06:46,030 INFO: Plan 0: ḡ=28.5, γE[v]=113.5, Q=142.0 (bayes)
2026-09-22 17:06:46,034 INFO: Plan 1: ḡ=17.0, γE[v]=119.2, Q=136.2 (bayes)
2026-09-22 17:06:46,034 INFO: Plan 2: ḡ=28.5, γE[v]=113.5, Q=142.0 (bayes)
2026-09-22 17:06:46,971 INFO: Plan 2: ḡ=45, γE[v]=0.0, Q=45.0 (fn)
2026-09-22 17:06:47,532 INFO: Plan 0: ḡ=12, γE[v]=0.0, Q=12.0 (fn)
2026-09-22 17:06:48,180 INFO: Plan 1: ḡ=41, γE[v]=0.0, Q=41.0 (fn)
2026-09-22 17:06:48,550 INFO: Plan 1: ḡ=186, γE[v]=0.0, Q=186.0 (fn)
2026-09-22 17:06:49,271 INFO: Plan 0: ḡ=79, γE[v]=10.0, Q=89.0 (fn)
2026-09-22 17:06:49,357 INFO: Plan 2: ḡ=54, γE[v]=12.5, Q=66.5 (fn)
2026-09-22 17:06:50,868 INFO: Plan 2: ḡ=287, γE[v]=36.0, Q=323.0 (fn)
2026-09-22 17:06:51,112 INFO: Plan 0: ḡ=66, γE[v]=138.5, Q=204.5 (fn)
2026-09-22 17:06:51,113 INFO: Plan 0: ḡ=33.0, γE[v]=126.2, Q=159.2 (bayes)
2026-09-22 17:06:51,113 INFO: Plan 1: ḡ=93.0, γE[v]=90.0, Q=183.0 (bayes)
2026-09-22 17:06:51,113 INFO: Plan 2: ḡ=143.5, γE[v]=66.4, Q=209.9 (bayes)
2026-09-22 17:06:51,295 INFO: Plan 1: ḡ=106, γE[v]=12.0, Q=118.0 (fn)
2026-09-22 17:06:51,295 INFO: Plan 0: ḡ=39.5, γE[v]=30.4, Q=70.0 (bayes)
2026-09-22 17:06:51,295 INFO: Plan 1: ḡ=53.0, γE[v]=23.8, Q=76.8 (bayes)
2026-09-22 17:06:51,296 INFO: Plan 2: ḡ=27.0, γE[v]=36.8, Q=63.8 (bayes)
2026-09-22 17:06:56,088 INFO: Plan 0: ḡ=22, γE[v]=0.0, Q=22.0 (fn)
2026-09-22 17:06:58,004 INFO: Plan 2: ḡ=71, γE[v]=46.5, Q=117.5 (fn)
2026-09-22 17:06:58,353 INFO: Plan 1: ḡ=69, γE[v]=6.5, Q=75.5 (fn)
2026-09-22 17:06:58,354 INFO: Plan 0: ḡ=11.0, γE[v]=100.6, Q=111.6 (bayes)
2026-09-22 17:06:58,354 INFO: Plan 1: ḡ=34.3, γE[v]=89.2, Q=123.5 (bayes)
2026-09-22 17:06:58,354 INFO: Plan 2: ḡ=35.5, γE[v]=90.4, Q=125.9 (bayes)
2026-09-22 17:06:59,358 INFO: Plan 2: ḡ=105, γE[v]=0.0, Q=105.0 (fn)
2026-09-22 17:06:59,395 INFO: Plan 2: ḡ=37, γE[v]=0.0, Q=37.0 (fn)
2026-09-22 17:06:59,426 INFO: Plan 0: ḡ=114, γE[v]=0.0, Q=114.0 (fn)
2026-09-22 17:06:59,496 INFO: Plan 0: ḡ=50, γE[v]=0.0, Q=50.0 (fn)
2026-09-22 17:06:59,531 INFO: Plan 1: ḡ=141, γE[v]=0.0, Q=141.0 (fn)
2026-09-22 17:06:59,531 INFO: Plan 0: ḡ=57.0, γE[v]=28.5, Q=85.5 (bayes)
2026-09-22 17:06:59,531 INFO: Plan 1: ḡ=70.5, γE[v]=21.8, Q=92.2 (bayes)
2026-09-22 17:06:59,531 INFO: Plan 2: ḡ=52.5, γE[v]=30.8, Q=83.2 (bayes)
2026-09-22 17:06:59,670 INFO: Plan 1: ḡ=103, γE[v]=0.0, Q=103.0 (fn)
2026-09-22 17:06:59,670 INFO: Plan 0: ḡ=25.0, γE[v]=132.2, Q=157.2 (bayes)
2026-09-22 17:06:59,670 INFO: Plan 1: ḡ=51.5, γE[v]=119.0, Q=170.5 (bayes)
2026-09-22 17:06:59,670 INFO: Plan 2: ḡ=18.5, γE[v]=135.5, Q=154.0 (bayes)
2026-09-22 17:07:00,942 INFO: Plan 1: ḡ=34, γE[v]=0.0, Q=34.0 (fn)
2026-09-22 17:07:01,041 INFO: Plan 2: ḡ=18, γE[v]=0.0, Q=18.0 (fn)
2026-09-22 17:07:01,212 INFO: Plan 0: ḡ=13, γE[v]=0.0, Q=13.0 (fn)
2026-09-22 17:07:01,213 INFO: Plan 0: ḡ=6.5, γE[v]=130.2, Q=136.8 (bayes)
2026-09-22 17:07:01,213 INFO: Plan 1: ḡ=17.0, γE[v]=125.0, Q=142.0 (bayes)
2026-09-22 17:07:01,213 INFO: Plan 2: ḡ=9.0, γE[v]=129.0, Q=138.0 (bayes)
2026-09-22 17:07:02,005 INFO: Plan 2: ḡ=91, γE[v]=0.0, Q=91.0 (fn)
2026-09-22 17:07:02,006 INFO: Plan 0: ḡ=160, γE[v]=0.0, Q=160.0 (fn)
2026-09-22 17:07:02,409 INFO: Plan 1: ḡ=90, γE[v]=0.0, Q=90.0 (fn)
2026-09-22 17:07:02,409 INFO: Plan 0: ḡ=80.0, γE[v]=107.2, Q=187.2 (bayes)
2026-09-22 17:07:02,410 INFO: Plan 1: ḡ=45.0, γE[v]=124.8, Q=169.8 (bayes)
2026-09-22 17:07:02,410 INFO: Plan 2: ḡ=45.5, γE[v]=124.5, Q=170.0 (bayes)
2026-09-22 17:07:06,270 INFO: Plan 0: ḡ=22, γE[v]=0.0, Q=22.0 (fn)
2026-09-22 17:07:06,341 INFO: Plan 1: ḡ=41, γE[v]=0.0, Q=41.0 (fn)
2026-09-22 17:07:06,903 INFO: Plan 2: ḡ=57, γE[v]=0.0, Q=57.0 (fn)
2026-09-22 17:07:06,903 INFO: Plan 0: ḡ=11.0, γE[v]=75.3, Q=86.3 (bayes)
2026-09-22 17:07:06,903 INFO: Plan 1: ḡ=20.5, γE[v]=70.6, Q=91.1 (bayes)
2026-09-22 17:07:06,903 INFO: Plan 2: ḡ=24.7, γE[v]=68.5, Q=93.2 (bayes)
2026-09-22 17:07:13,851 INFO: Plan 2: ḡ=113, γE[v]=0.0, Q=113.0 (fn)
2026-09-22 17:07:15,520 INFO: Plan 0: ḡ=133, γE[v]=34.5, Q=167.5 (fn)
2026-09-22 17:07:16,302 INFO: Plan 1: ḡ=37, γE[v]=0.0, Q=37.0 (fn)
2026-09-22 17:07:16,377 INFO: Plan 1: ḡ=103, γE[v]=20.0, Q=123.0 (fn)
2026-09-22 17:07:16,378 INFO: Plan 0: ḡ=66.5, γE[v]=124.6, Q=191.1 (bayes)
2026-09-22 17:07:16,378 INFO: Plan 1: ḡ=51.5, γE[v]=131.4, Q=182.9 (bayes)
2026-09-22 17:07:16,378 INFO: Plan 2: ḡ=56.5, γE[v]=128.0, Q=184.5 (bayes)
2026-09-22 17:07:17,664 INFO: Plan 2: ḡ=6, γE[v]=0.0, Q=6.0 (fn)
2026-09-22 17:07:17,977 INFO: Plan 1: ḡ=15, γE[v]=0.0, Q=15.0 (fn)
2026-09-22 17:07:18,481 INFO: Plan 0: ḡ=28, γE[v]=0.0, Q=28.0 (fn)
2026-09-22 17:07:18,482 INFO: Plan 0: ḡ=38, γE[v]=0.0, Q=38.0 (fn)
2026-09-22 17:07:19,139 INFO: Plan 0: ḡ=233, γE[v]=21.0, Q=254.0 (fn)
2026-09-22 17:07:19,596 INFO: Plan 0: ḡ=36, γE[v]=36.0, Q=72.0 (fn)
2026-09-22 17:07:19,693 INFO: Plan 2: ḡ=371, γE[v]=4.5, Q=375.5 (fn)
2026-09-22 17:07:19,698 INFO: Plan 1: ḡ=101, γE[v]=77.0, Q=178.0 (fn)
2026-09-22 17:07:20,348 INFO: Plan 1: ḡ=34, γE[v]=0.0, Q=34.0 (fn)
2026-09-22 17:07:20,469 INFO: Plan 2: ḡ=15, γE[v]=0.0, Q=15.0 (fn)
2026-09-22 17:07:21,243 INFO: Plan 2: ḡ=194, γE[v]=31.0, Q=225.0 (fn)
2026-09-22 17:07:21,243 INFO: Plan 0: ḡ=18.0, γE[v]=159.4, Q=177.4 (bayes)
2026-09-22 17:07:21,244 INFO: Plan 1: ḡ=50.5, γE[v]=145.0, Q=195.5 (bayes)
2026-09-22 17:07:21,244 INFO: Plan 2: ḡ=97.0, γE[v]=119.6, Q=216.6 (bayes)
2026-09-22 17:07:22,104 INFO: Plan 1: ḡ=59, γE[v]=2.0, Q=61.0 (fn)
2026-09-22 17:07:22,104 INFO: Plan 0: ḡ=19.0, γE[v]=95.5, Q=114.5 (bayes)
2026-09-22 17:07:22,104 INFO: Plan 1: ḡ=29.5, γE[v]=90.3, Q=119.8 (bayes)
2026-09-22 17:07:22,104 INFO: Plan 2: ḡ=7.5, γE[v]=101.2, Q=108.8 (bayes)
2026-09-22 17:07:22,201 INFO: Plan 2: ḡ=266, γE[v]=0.0, Q=266.0 (fn)
2026-09-22 17:07:23,093 INFO: Plan 0: ḡ=35, γE[v]=29.5, Q=64.5 (fn)
2026-09-22 17:07:23,093 INFO: Plan 0: ḡ=17.5, γE[v]=63.2, Q=80.7 (bayes)
2026-09-22 17:07:23,093 INFO: Plan 1: ḡ=5.5, γE[v]=67.9, Q=73.4 (bayes)
2026-09-22 17:07:23,093 INFO: Plan 2: ḡ=3.0, γE[v]=69.2, Q=72.2 (bayes)
2026-09-22 17:07:24,390 INFO: Plan 2: ḡ=288, γE[v]=56.5, Q=344.5 (fn)
2026-09-22 17:07:24,391 INFO: Plan 0: ḡ=14.0, γE[v]=114.5, Q=128.5 (bayes)
2026-09-22 17:07:24,391 INFO: Plan 1: ḡ=17.0, γE[v]=113.0, Q=130.0 (bayes)
2026-09-22 17:07:24,391 INFO: Plan 2: ḡ=144.0, γE[v]=52.0, Q=196.0 (bayes)
2026-09-22 17:07:24,662 INFO: Plan 0: ḡ=23, γE[v]=0.0, Q=23.0 (fn)
2026-09-22 17:07:25,489 INFO: Plan 1: ḡ=248, γE[v]=44.0, Q=292.0 (fn)
2026-09-22 17:07:27,631 INFO: Plan 0: ḡ=78, γE[v]=49.0, Q=127.0 (fn)
2026-09-22 17:07:27,686 INFO: Plan 1: ḡ=173, γE[v]=47.5, Q=220.5 (fn)
2026-09-22 17:07:27,804 INFO: Plan 0: ḡ=13, γE[v]=0.0, Q=13.0 (fn)
2026-09-22 17:07:27,839 INFO: Plan 0: ḡ=14, γE[v]=0.0, Q=14.0 (fn)
2026-09-22 17:07:27,924 INFO: Plan 2: ḡ=98, γE[v]=0.0, Q=98.0 (fn)
2026-09-22 17:07:27,955 INFO: Plan 2: ḡ=9, γE[v]=0.0, Q=9.0 (fn)
2026-09-22 17:07:28,523 INFO: Plan 1: ḡ=20, γE[v]=0.0, Q=20.0 (fn)
2026-09-22 17:07:28,523 INFO: Plan 0: ḡ=5.7, γE[v]=6.5, Q=12.2 (bayes)
2026-09-22 17:07:28,524 INFO: Plan 1: ḡ=10.0, γE[v]=4.3, Q=14.3 (bayes)
2026-09-22 17:07:28,524 INFO: Plan 2: ḡ=3.0, γE[v]=7.8, Q=10.8 (bayes)
2026-09-22 17:07:28,557 INFO: Plan 2: ḡ=61, γE[v]=7.5, Q=68.5 (fn)
2026-09-22 17:07:28,877 INFO: Plan 0: ḡ=40, γE[v]=25.0, Q=65.0 (fn)
2026-09-22 17:07:28,994 INFO: Plan 2: ḡ=117, γE[v]=26.5, Q=143.5 (fn)
2026-09-22 17:07:28,998 INFO: Plan 2: ḡ=118, γE[v]=42.5, Q=160.5 (fn)
2026-09-22 17:07:28,999 INFO: Plan 0: ḡ=39.0, γE[v]=136.7, Q=175.7 (bayes)
2026-09-22 17:07:28,999 INFO: Plan 1: ḡ=86.5, γE[v]=112.9, Q=199.4 (bayes)
2026-09-22 17:07:28,999 INFO: Plan 2: ḡ=59.0, γE[v]=126.4, Q=185.4 (bayes)
2026-09-22 17:07:29,800 INFO: Plan 1: ḡ=80, γE[v]=0.0, Q=80.0 (fn)
2026-09-22 17:07:30,057 INFO: Plan 2: ḡ=79, γE[v]=0.0, Q=79.0 (fn)
2026-09-22 17:07:30,372 INFO: Plan 1: ḡ=102, γE[v]=39.5, Q=141.5 (fn)
2026-09-22 17:07:30,373 INFO: Plan 0: ḡ=11.5, γE[v]=155.5, Q=167.0 (bayes)
2026-09-22 17:07:30,373 INFO: Plan 1: ḡ=51.0, γE[v]=137.5, Q=188.5 (bayes)
2026-09-22 17:07:30,373 INFO: Plan 2: ḡ=58.5, γE[v]=133.2, Q=191.7 (bayes)
2026-09-22 17:07:30,425 INFO: Plan 0: ḡ=86, γE[v]=0.0, Q=86.0 (fn)
2026-09-22 17:07:30,425 INFO: Plan 0: ḡ=43.0, γE[v]=90.8, Q=133.8 (bayes)
2026-09-22 17:07:30,425 INFO: Plan 1: ḡ=40.0, γE[v]=92.2, Q=132.2 (bayes)
2026-09-22 17:07:30,425 INFO: Plan 2: ḡ=39.5, γE[v]=92.5, Q=132.0 (bayes)
2026-09-22 17:07:30,850 INFO: Plan 1: ḡ=330, γE[v]=0.0, Q=330.0 (fn)
2026-09-22 17:07:32,142 INFO: Plan 0: ḡ=687, γE[v]=30.0, Q=717.0 (fn)
2026-09-22 17:07:32,142 INFO: Plan 0: ḡ=343.5, γE[v]=218.3, Q=561.9 (bayes)
2026-09-22 17:07:32,145 INFO: Plan 1: ḡ=124.0, γE[v]=328.7, Q=452.7 (bayes)
2026-09-22 17:07:32,145 INFO: Plan 2: ḡ=133.0, γE[v]=322.2, Q=455.2 (bayes)
2026-09-22 17:07:32,254 INFO: Plan 1: ḡ=43, γE[v]=6.5, Q=49.5 (fn)
2026-09-22 17:07:32,256 INFO: Plan 0: ḡ=20.0, γE[v]=83.1, Q=103.1 (bayes)
2026-09-22 17:07:32,256 INFO: Plan 1: ḡ=21.5, γE[v]=81.5, Q=103.0 (bayes)
2026-09-22 17:07:32,257 INFO: Plan 2: ḡ=30.5, γE[v]=77.1, Q=107.6 (bayes)
2026-09-22 17:07:32,821 INFO: Plan 0: ḡ=125, γE[v]=13.0, Q=138.0 (fn)
2026-09-22 17:07:32,955 INFO: Plan 2: ḡ=32, γE[v]=30.5, Q=62.5 (fn)
2026-09-22 17:07:33,068 INFO: Plan 1: ḡ=181, γE[v]=10.5, Q=191.5 (fn)
2026-09-22 17:07:33,069 INFO: Plan 0: ḡ=62.5, γE[v]=80.8, Q=143.3 (bayes)
2026-09-22 17:07:33,069 INFO: Plan 1: ḡ=90.5, γE[v]=66.7, Q=157.2 (bayes)
2026-09-22 17:07:33,069 INFO: Plan 2: ḡ=11.2, γE[v]=107.7, Q=118.9 (bayes)
2026-09-22 17:07:33,207 INFO: Plan 0: ḡ=149, γE[v]=0.0, Q=149.0 (fn)
2026-09-22 17:07:33,279 INFO: Plan 1: ḡ=244, γE[v]=0.0, Q=244.0 (fn)
2026-09-22 17:07:33,291 INFO: Plan 1: ḡ=74, γE[v]=4.5, Q=78.5 (fn)
2026-09-22 17:07:33,610 INFO: Plan 2: ḡ=59, γE[v]=0.0, Q=59.0 (fn)
2026-09-22 17:07:33,611 INFO: Plan 0: ḡ=66.7, γE[v]=88.0, Q=154.7 (bayes)
2026-09-22 17:07:33,611 INFO: Plan 1: ḡ=37.0, γE[v]=103.0, Q=140.0 (bayes)
2026-09-22 17:07:33,611 INFO: Plan 2: ḡ=29.5, γE[v]=106.6, Q=136.1 (bayes)
2026-09-22 17:07:36,662 INFO: Plan 0: ḡ=424, γE[v]=0.0, Q=424.0 (fn)
2026-09-22 17:07:37,208 INFO: Plan 2: ḡ=64, γE[v]=0.0, Q=64.0 (fn)
2026-09-22 17:07:37,314 INFO: Plan 1: ḡ=107, γE[v]=0.0, Q=107.0 (fn)
2026-09-22 17:07:37,423 INFO: Plan 0: ḡ=54, γE[v]=0.0, Q=54.0 (fn)
2026-09-22 17:07:37,424 INFO: Plan 0: ḡ=26.2, γE[v]=34.7, Q=60.8 (bayes)
2026-09-22 17:07:37,424 INFO: Plan 1: ḡ=42.3, γE[v]=26.6, Q=68.9 (bayes)
2026-09-22 17:07:37,424 INFO: Plan 2: ḡ=32.0, γE[v]=31.8, Q=63.8 (bayes)
2026-09-22 17:07:37,500 INFO: Plan 2: ḡ=385, γE[v]=0.0, Q=385.0 (fn)
2026-09-22 17:07:37,503 INFO: Plan 0: ḡ=212.0, γE[v]=174.5, Q=386.5 (bayes)
2026-09-22 17:07:37,503 INFO: Plan 1: ḡ=122.0, γE[v]=219.5, Q=341.5 (bayes)
2026-09-22 17:07:37,503 INFO: Plan 2: ḡ=192.5, γE[v]=184.2, Q=376.8 (bayes)
2026-09-22 17:07:45,260 INFO: Plan 0: ḡ=11, γE[v]=0.0, Q=11.0 (fn)
2026-09-22 17:07:45,432 INFO: Plan 0: ḡ=13, γE[v]=0.0, Q=13.0 (fn)
2026-09-22 17:07:45,536 INFO: Plan 2: ḡ=8, γE[v]=0.0, Q=8.0 (fn)
2026-09-22 17:07:45,537 INFO: Plan 2: ḡ=57, γE[v]=0.0, Q=57.0 (fn)
2026-09-22 17:07:45,674 INFO: Plan 2: ḡ=19, γE[v]=0.0, Q=19.0 (fn)
2026-09-22 17:07:45,741 INFO: Plan 1: ḡ=25, γE[v]=0.0, Q=25.0 (fn)
2026-09-22 17:07:46,015 INFO: Plan 0: ḡ=68, γE[v]=0.0, Q=68.0 (fn)
2026-09-22 17:07:46,016 INFO: Plan 0: ḡ=30.7, γE[v]=10.6, Q=41.2 (bayes)
2026-09-22 17:07:46,016 INFO: Plan 1: ḡ=11.7, γE[v]=20.1, Q=31.8 (bayes)
2026-09-22 17:07:46,016 INFO: Plan 2: ḡ=9.5, γE[v]=21.2, Q=30.7 (bayes)
2026-09-22 17:07:46,660 INFO: Plan 0: ḡ=119, γE[v]=0.0, Q=119.0 (fn)
2026-09-22 17:07:46,756 INFO: Plan 1: ḡ=184, γE[v]=0.0, Q=184.0 (fn)
2026-09-22 17:07:48,676 INFO: Plan 1: ḡ=60, γE[v]=0.0, Q=60.0 (fn)
2026-09-22 17:07:48,677 INFO: Plan 0: ḡ=5.3, γE[v]=16.9, Q=22.2 (bayes)
2026-09-22 17:07:48,677 INFO: Plan 1: ḡ=27.5, γE[v]=5.8, Q=33.3 (bayes)
2026-09-22 17:07:48,677 INFO: Plan 2: ḡ=3.8, γE[v]=17.7, Q=21.5 (bayes)
2026-09-22 17:07:48,887 INFO: Plan 1: ḡ=66, γE[v]=0.0, Q=66.0 (fn)
2026-09-22 17:07:49,356 INFO: Plan 2: ḡ=94, γE[v]=0.0, Q=94.0 (fn)
2026-09-22 17:07:49,491 INFO: Plan 0: ḡ=56, γE[v]=0.0, Q=56.0 (fn)
2026-09-22 17:07:49,492 INFO: Plan 0: ḡ=26.7, γE[v]=95.2, Q=121.9 (bayes)
2026-09-22 17:07:49,492 INFO: Plan 1: ḡ=33.0, γE[v]=92.1, Q=125.1 (bayes)
2026-09-22 17:07:49,492 INFO: Plan 2: ḡ=47.0, γE[v]=85.1, Q=132.1 (bayes)
2026-09-22 17:07:49,562 INFO: Plan 1: ḡ=62, γE[v]=15.5, Q=77.5 (fn)
2026-09-22 17:07:49,563 INFO: Plan 0: ḡ=5.5, γE[v]=77.8, Q=83.3 (bayes)
2026-09-22 17:07:49,563 INFO: Plan 1: ḡ=24.3, γE[v]=69.1, Q=93.5 (bayes)
2026-09-22 17:07:49,563 INFO: Plan 2: ḡ=26.8, γE[v]=67.2, Q=94.0 (bayes)
2026-09-22 17:07:50,354 INFO: Plan 2: ḡ=33, γE[v]=0.0, Q=33.0 (fn)
2026-09-22 17:07:50,463 INFO: Plan 0: ḡ=13, γE[v]=0.0, Q=13.0 (fn)
2026-09-22 17:07:50,555 INFO: Plan 1: ḡ=82, γE[v]=0.0, Q=82.0 (fn)
2026-09-22 17:07:50,657 INFO: Plan 1: ḡ=25, γE[v]=0.0, Q=25.0 (fn)
2026-09-22 17:07:50,779 INFO: Plan 0: ḡ=65, γE[v]=0.0, Q=65.0 (fn)
2026-09-22 17:07:50,779 INFO: Plan 0: ḡ=32.5, γE[v]=115.8, Q=148.2 (bayes)
2026-09-22 17:07:50,780 INFO: Plan 1: ḡ=28.0, γE[v]=118.0, Q=146.0 (bayes)
2026-09-22 17:07:50,780 INFO: Plan 2: ḡ=16.5, γE[v]=123.7, Q=140.2 (bayes)
2026-09-22 17:07:51,046 INFO: Plan 2: ḡ=74, γE[v]=0.0, Q=74.0 (fn)
2026-09-22 17:07:51,046 INFO: Plan 0: ḡ=6.5, γE[v]=125.8, Q=132.2 (bayes)
2026-09-22 17:07:51,047 INFO: Plan 1: ḡ=13.5, γE[v]=122.3, Q=135.8 (bayes)
2026-09-22 17:07:51,047 INFO: Plan 2: ḡ=29.0, γE[v]=114.5, Q=143.5 (bayes)
2026-09-22 17:07:53,280 INFO: Plan 2: ḡ=154, γE[v]=29.5, Q=183.5 (fn)
2026-09-22 17:07:53,281 INFO: Plan 0: ḡ=59.5, γE[v]=119.0, Q=178.5 (bayes)
2026-09-22 17:07:53,281 INFO: Plan 1: ḡ=92.0, γE[v]=102.8, Q=194.8 (bayes)
2026-09-22 17:07:53,281 INFO: Plan 2: ḡ=77.0, γE[v]=111.6, Q=188.6 (bayes)
2026-09-22 17:07:53,616 INFO: Plan 0: ḡ=22, γE[v]=0.0, Q=22.0 (fn)
2026-09-22 17:07:53,648 INFO: Plan 2: ḡ=38, γE[v]=0.0, Q=38.0 (fn)
2026-09-22 17:07:53,684 INFO: Plan 1: ḡ=53, γE[v]=0.0, Q=53.0 (fn)
2026-09-22 17:07:53,684 INFO: Plan 0: ḡ=11.0, γE[v]=55.5, Q=66.5 (bayes)
2026-09-22 17:07:53,685 INFO: Plan 1: ḡ=26.5, γE[v]=47.8, Q=74.2 (bayes)
2026-09-22 17:07:53,685 INFO: Plan 2: ḡ=16.0, γE[v]=53.0, Q=69.0 (bayes)
2026-09-22 17:07:54,677 INFO: Plan 2: ḡ=6, γE[v]=0.0, Q=6.0 (fn)
2026-09-22 17:07:54,677 INFO: Plan 1: ḡ=13, γE[v]=0.0, Q=13.0 (fn)
2026-09-22 17:07:55,020 INFO: Plan 0: ḡ=9, γE[v]=0.0, Q=9.0 (fn)
2026-09-22 17:07:55,020 INFO: Plan 0: ḡ=3.7, γE[v]=56.3, Q=60.0 (bayes)
2026-09-22 17:07:55,020 INFO: Plan 1: ḡ=5.2, γE[v]=55.6, Q=60.8 (bayes)
2026-09-22 17:07:55,021 INFO: Plan 2: ḡ=2.8, γE[v]=56.8, Q=59.6 (bayes)
2026-09-22 17:08:06,523 INFO: Plan 0: ḡ=49, γE[v]=0.0, Q=49.0 (fn)
2026-09-22 17:08:08,148 INFO: Plan 0: ḡ=9, γE[v]=0.0, Q=9.0 (fn)
2026-09-22 17:08:08,184 INFO: Plan 2: ḡ=6, γE[v]=0.0, Q=6.0 (fn)
2026-09-22 17:08:08,217 INFO: Plan 1: ḡ=7, γE[v]=0.0, Q=7.0 (fn)
2026-09-22 17:08:08,218 INFO: Plan 0: ḡ=3.7, γE[v]=2.5, Q=6.2 (bayes)
2026-09-22 17:08:08,218 INFO: Plan 1: ḡ=3.0, γE[v]=2.8, Q=5.8 (bayes)
2026-09-22 17:08:08,218 INFO: Plan 2: ḡ=2.0, γE[v]=3.3, Q=5.3 (bayes)
2026-09-22 17:08:08,530 INFO: Plan 1: ḡ=62, γE[v]=0.0, Q=62.0 (fn)
2026-09-22 17:08:08,765 INFO: Plan 2: ḡ=17, γE[v]=0.0, Q=17.0 (fn)
2026-09-22 17:08:08,766 INFO: Plan 0: ḡ=24.5, γE[v]=76.0, Q=100.5 (bayes)
2026-09-22 17:08:08,766 INFO: Plan 1: ḡ=31.0, γE[v]=72.8, Q=103.8 (bayes)
2026-09-22 17:08:08,766 INFO: Plan 2: ḡ=8.5, γE[v]=84.0, Q=92.5 (bayes)
2026-09-22 17:08:11,372 INFO: Plan 2: ḡ=31, γE[v]=0.0, Q=31.0 (fn)
2026-09-22 17:08:12,494 INFO: Plan 1: ḡ=76, γE[v]=0.0, Q=76.0 (fn)
2026-09-22 17:08:13,147 INFO: Plan 0: ḡ=33, γE[v]=0.0, Q=33.0 (fn)
2026-09-22 17:08:13,149 INFO: Plan 0: ḡ=74, γE[v]=17.5, Q=91.5 (fn)
2026-09-22 17:08:13,150 INFO: Plan 0: ḡ=12.5, γE[v]=84.2, Q=96.7 (bayes)
2026-09-22 17:08:13,150 INFO: Plan 1: ḡ=38.0, γE[v]=71.4, Q=109.4 (bayes)
2026-09-22 17:08:13,150 INFO: Plan 2: ḡ=15.5, γE[v]=82.7, Q=98.2 (bayes)
2026-09-22 17:08:14,353 INFO: Plan 2: ḡ=251, γE[v]=0.0, Q=251.0 (fn)
2026-09-22 17:08:14,446 INFO: Plan 0: ḡ=63, γE[v]=0.0, Q=63.0 (fn)
2026-09-22 17:08:14,828 INFO: Plan 1: ḡ=36, γE[v]=0.0, Q=36.0 (fn)
2026-09-22 17:08:14,882 INFO: Plan 2: ḡ=15, γE[v]=14.5, Q=29.5 (fn)
2026-09-22 17:08:14,885 INFO: Plan 0: ḡ=33, γE[v]=0.0, Q=33.0 (fn)
2026-09-22 17:08:15,468 INFO: Plan 0: ḡ=44, γE[v]=0.0, Q=44.0 (fn)
2026-09-22 17:08:16,278 INFO: Plan 1: ḡ=127, γE[v]=82.0, Q=209.0 (fn)
2026-09-22 17:08:16,279 INFO: Plan 0: ḡ=33.5, γE[v]=92.5, Q=126.0 (bayes)
2026-09-22 17:08:16,280 INFO: Plan 1: ḡ=55.5, γE[v]=84.3, Q=139.8 (bayes)
2026-09-22 17:08:16,280 INFO: Plan 2: ḡ=123.3, γE[v]=46.6, Q=169.9 (bayes)
2026-09-22 17:08:17,041 INFO: Plan 2: ḡ=66, γE[v]=0.0, Q=66.0 (fn)
2026-09-22 17:08:17,217 INFO: Plan 2: ḡ=16, γE[v]=0.0, Q=16.0 (fn)
2026-09-22 17:08:17,709 INFO: Plan 0: ḡ=34, γE[v]=0.0, Q=34.0 (fn)
2026-09-22 17:08:17,766 INFO: Plan 1: ḡ=14, γE[v]=0.0, Q=14.0 (fn)
2026-09-22 17:08:17,766 INFO: Plan 0: ḡ=11.2, γE[v]=7.5, Q=18.7 (bayes)
2026-09-22 17:08:17,766 INFO: Plan 1: ḡ=7.0, γE[v]=9.6, Q=16.6 (bayes)
2026-09-22 17:08:17,766 INFO: Plan 2: ḡ=8.0, γE[v]=9.1, Q=17.1 (bayes)
2026-09-22 17:08:19,516 INFO: Plan 1: ḡ=82, γE[v]=31.0, Q=113.0 (fn)
2026-09-22 17:08:19,607 INFO: Plan 0: ḡ=167, γE[v]=0.0, Q=167.0 (fn)
2026-09-22 17:08:19,608 INFO: Plan 0: ḡ=77.8, γE[v]=78.8, Q=156.6 (bayes)
2026-09-22 17:08:19,608 INFO: Plan 1: ḡ=18.0, γE[v]=108.7, Q=126.7 (bayes)
2026-09-22 17:08:19,610 INFO: Plan 2: ḡ=7.5, γE[v]=114.8, Q=122.3 (bayes)
2026-09-22 17:08:20,087 INFO: Plan 2: ḡ=101, γE[v]=0.0, Q=101.0 (fn)
2026-09-22 17:08:20,108 INFO: Plan 0: ḡ=60, γE[v]=0.0, Q=60.0 (fn)
2026-09-22 17:08:20,554 INFO: Plan 2: ḡ=43, γE[v]=65.0, Q=108.0 (fn)
2026-09-22 17:08:20,555 INFO: Plan 0: ḡ=31.5, γE[v]=79.9, Q=111.4 (bayes)
2026-09-22 17:08:20,555 INFO: Plan 1: ḡ=36.3, γE[v]=79.0, Q=115.3 (bayes)
2026-09-22 17:08:20,555 INFO: Plan 2: ḡ=20.5, γE[v]=89.1, Q=109.6 (bayes)
2026-09-22 17:08:20,876 INFO: Plan 1: ḡ=347, γE[v]=0.0, Q=347.0 (fn)
2026-09-22 17:08:20,877 INFO: Plan 0: ḡ=18.2, γE[v]=230.9, Q=249.1 (bayes)
2026-09-22 17:08:20,877 INFO: Plan 1: ḡ=138.7, γE[v]=170.7, Q=309.3 (bayes)
2026-09-22 17:08:20,877 INFO: Plan 2: ḡ=30.2, γE[v]=224.9, Q=255.1 (bayes)
2026-09-22 17:08:20,904 INFO: Plan 2: ḡ=33, γE[v]=0.0, Q=33.0 (fn)
2026-09-22 17:08:20,935 INFO: Plan 0: ḡ=43, γE[v]=26.5, Q=69.5 (fn)
2026-09-22 17:08:20,994 INFO: Plan 1: ḡ=6, γE[v]=0.0, Q=6.0 (fn)
2026-09-22 17:08:21,002 INFO: Plan 2: ḡ=33, γE[v]=0.0, Q=33.0 (fn)
2026-09-22 17:08:21,022 INFO: Plan 2: ḡ=66, γE[v]=12.0, Q=78.0 (fn)
2026-09-22 17:08:21,107 INFO: Plan 1: ḡ=110, γE[v]=4.5, Q=114.5 (fn)
2026-09-22 17:08:21,108 INFO: Plan 0: ḡ=25.2, γE[v]=77.8, Q=103.0 (bayes)
2026-09-22 17:08:21,108 INFO: Plan 1: ḡ=55.0, γE[v]=63.1, Q=118.1 (bayes)
2026-09-22 17:08:21,108 INFO: Plan 2: ḡ=16.5, γE[v]=82.1, Q=98.6 (bayes)
2026-09-22 17:08:21,138 INFO: Plan 1: ḡ=43, γE[v]=34.5, Q=77.5 (fn)
2026-09-22 17:08:21,139 INFO: Plan 0: ḡ=21.5, γE[v]=95.4, Q=116.9 (bayes)
2026-09-22 17:08:21,139 INFO: Plan 1: ḡ=19.0, γE[v]=97.4, Q=116.3 (bayes)
2026-09-22 17:08:21,139 INFO: Plan 2: ḡ=42.7, γE[v]=83.6, Q=126.2 (bayes)
2026-09-22 17:08:21,165 INFO: Plan 2: ḡ=6, γE[v]=0.0, Q=6.0 (fn)
2026-09-22 17:08:21,250 INFO: Plan 1: ḡ=30, γE[v]=0.0, Q=30.0 (fn)
2026-09-22 17:08:22,482 INFO: Plan 0: ḡ=169, γE[v]=0.0, Q=169.0 (fn)
2026-09-22 17:08:22,512 INFO: Plan 0: ḡ=106, γE[v]=13.0, Q=119.0 (fn)
2026-09-22 17:08:22,513 INFO: Plan 0: ḡ=53.0, γE[v]=35.0, Q=88.0 (bayes)
2026-09-22 17:08:22,513 INFO: Plan 1: ḡ=13.7, γE[v]=54.0, Q=67.7 (bayes)
2026-09-22 17:08:22,513 INFO: Plan 2: ḡ=22.0, γE[v]=50.6, Q=72.5 (bayes)
2026-09-22 17:08:22,858 INFO: Plan 2: ḡ=54, γE[v]=0.0, Q=54.0 (fn)
2026-09-22 17:08:22,915 INFO: Plan 2: ḡ=141, γE[v]=15.0, Q=156.0 (fn)
2026-09-22 17:08:22,971 INFO: Plan 1: ḡ=125, γE[v]=23.0, Q=148.0 (fn)
2026-09-22 17:08:22,971 INFO: Plan 0: ḡ=11.7, γE[v]=27.5, Q=39.2 (bayes)
2026-09-22 17:08:22,971 INFO: Plan 1: ḡ=49.5, γE[v]=9.9, Q=59.4 (bayes)
2026-09-22 17:08:22,971 INFO: Plan 2: ḡ=56.7, γE[v]=5.9, Q=62.6 (bayes)
2026-09-22 17:08:23,111 INFO: Plan 0: ḡ=38, γE[v]=0.0, Q=38.0 (fn)
2026-09-22 17:08:23,196 INFO: Plan 1: ḡ=134, γE[v]=0.0, Q=134.0 (fn)
2026-09-22 17:08:23,196 INFO: Plan 0: ḡ=16.3, γE[v]=26.7, Q=43.0 (bayes)
2026-09-22 17:08:23,197 INFO: Plan 1: ḡ=45.4, γE[v]=12.2, Q=57.6 (bayes)
2026-09-22 17:08:23,197 INFO: Plan 2: ḡ=27.0, γE[v]=21.4, Q=48.4 (bayes)
2026-09-22 17:08:25,035 INFO: Plan 0: ḡ=85, γE[v]=0.0, Q=85.0 (fn)
2026-09-22 17:08:25,195 INFO: Plan 0: ḡ=41, γE[v]=25.0, Q=66.0 (fn)
2026-09-22 17:08:25,332 INFO: Plan 1: ḡ=36, γE[v]=0.0, Q=36.0 (fn)
2026-09-22 17:08:25,470 INFO: Plan 2: ḡ=118, γE[v]=0.0, Q=118.0 (fn)
2026-09-22 17:08:25,470 INFO: Plan 0: ḡ=38.5, γE[v]=98.8, Q=137.2 (bayes)
2026-09-22 17:08:25,470 INFO: Plan 1: ḡ=18.0, γE[v]=109.0, Q=127.0 (bayes)
2026-09-22 17:08:25,470 INFO: Plan 2: ḡ=59.0, γE[v]=88.5, Q=147.5 (bayes)
2026-09-22 17:08:27,018 INFO: Plan 1: ḡ=42, γE[v]=7.0, Q=49.0 (fn)
2026-09-22 17:08:27,019 INFO: Plan 0: ḡ=20.5, γE[v]=74.0, Q=94.5 (bayes)
2026-09-22 17:08:27,019 INFO: Plan 1: ḡ=21.0, γE[v]=73.0, Q=94.0 (bayes)
2026-09-22 17:08:27,019 INFO: Plan 2: ḡ=11.0, γE[v]=77.7, Q=88.7 (bayes)
2026-09-22 17:08:30,329 INFO: Plan 0: ḡ=11, γE[v]=0.0, Q=11.0 (fn)
2026-09-22 17:08:31,742 INFO: Plan 2: ḡ=42, γE[v]=0.0, Q=42.0 (fn)
2026-09-22 17:08:32,404 INFO: Plan 1: ḡ=36, γE[v]=0.0, Q=36.0 (fn)
2026-09-22 17:08:32,405 INFO: Plan 0: ḡ=5.5, γE[v]=114.3, Q=119.8 (bayes)
2026-09-22 17:08:32,405 INFO: Plan 1: ḡ=17.0, γE[v]=108.6, Q=125.6 (bayes)
2026-09-22 17:08:32,405 INFO: Plan 2: ḡ=16.5, γE[v]=108.8, Q=125.3 (bayes)
2026-09-22 17:08:34,488 INFO: Plan 1: ḡ=54, γE[v]=0.0, Q=54.0 (fn)
2026-09-22 17:08:34,582 INFO: Plan 2: ḡ=109, γE[v]=0.0, Q=109.0 (fn)
2026-09-22 17:08:34,639 INFO: Plan 0: ḡ=11, γE[v]=0.0, Q=11.0 (fn)
2026-09-22 17:08:34,640 INFO: Plan 0: ḡ=5.5, γE[v]=69.2, Q=74.8 (bayes)
2026-09-22 17:08:34,640 INFO: Plan 1: ḡ=19.7, γE[v]=62.2, Q=81.8 (bayes)
2026-09-22 17:08:34,640 INFO: Plan 2: ḡ=36.5, γE[v]=53.7, Q=90.2 (bayes)
2026-09-22 17:08:36,536 INFO: Plan 0: ḡ=458, γE[v]=164.5, Q=622.5 (fn)
2026-09-22 17:08:37,170 INFO: Plan 2: ḡ=36, γE[v]=0.0, Q=36.0 (fn)
2026-09-22 17:08:37,545 INFO: Plan 0: ḡ=46, γE[v]=0.0, Q=46.0 (fn)
2026-09-22 17:08:37,579 INFO: Plan 1: ḡ=82, γE[v]=0.0, Q=82.0 (fn)
2026-09-22 17:08:37,580 INFO: Plan 0: ḡ=23.0, γE[v]=104.2, Q=127.2 (bayes)
2026-09-22 17:08:37,580 INFO: Plan 1: ḡ=34.0, γE[v]=98.8, Q=132.8 (bayes)
2026-09-22 17:08:37,580 INFO: Plan 2: ḡ=18.0, γE[v]=106.8, Q=124.8 (bayes)
2026-09-22 17:08:37,620 INFO: Plan 2: ḡ=539, γE[v]=130.0, Q=669.0 (fn)
2026-09-22 17:08:39,706 INFO: Plan 1: ḡ=17, γE[v]=0.0, Q=17.0 (fn)
2026-09-22 17:08:40,099 INFO: Plan 2: ḡ=7, γE[v]=0.0, Q=7.0 (fn)
2026-09-22 17:08:40,165 INFO: Plan 0: ḡ=21, γE[v]=0.0, Q=21.0 (fn)
2026-09-22 17:08:40,166 INFO: Plan 0: ḡ=7.5, γE[v]=47.7, Q=55.2 (bayes)
2026-09-22 17:08:40,166 INFO: Plan 1: ḡ=6.0, γE[v]=48.4, Q=54.4 (bayes)
2026-09-22 17:08:40,166 INFO: Plan 2: ḡ=3.3, γE[v]=49.8, Q=53.1 (bayes)
2026-09-22 17:08:40,874 INFO: Plan 1: ḡ=14, γE[v]=0.0, Q=14.0 (fn)
2026-09-22 17:08:40,879 INFO: Plan 0: ḡ=20, γE[v]=0.0, Q=20.0 (fn)
2026-09-22 17:08:40,905 INFO: Plan 1: ḡ=52, γE[v]=0.0, Q=52.0 (fn)
2026-09-22 17:08:41,237 INFO: Plan 2: ḡ=96, γE[v]=0.0, Q=96.0 (fn)
2026-09-22 17:08:41,651 INFO: Plan 0: ḡ=22, γE[v]=0.0, Q=22.0 (fn)
2026-09-22 17:08:41,652 INFO: Plan 0: ḡ=52, γE[v]=0.0, Q=52.0 (fn)
2026-09-22 17:08:42,031 INFO: Plan 1: ḡ=66, γE[v]=0.0, Q=66.0 (fn)
2026-09-22 17:08:42,032 INFO: Plan 0: ḡ=24.7, γE[v]=55.8, Q=80.5 (bayes)
2026-09-22 17:08:42,032 INFO: Plan 1: ḡ=33.0, γE[v]=51.7, Q=84.7 (bayes)
2026-09-22 17:08:42,032 INFO: Plan 2: ḡ=39.7, γE[v]=48.3, Q=88.0 (bayes)
2026-09-22 17:08:42,590 INFO: Plan 2: ḡ=42, γE[v]=0.0, Q=42.0 (fn)
2026-09-22 17:08:42,591 INFO: Plan 0: ḡ=11.0, γE[v]=45.8, Q=56.8 (bayes)
2026-09-22 17:08:42,591 INFO: Plan 1: ḡ=5.8, γE[v]=48.3, Q=54.2 (bayes)
2026-09-22 17:08:42,591 INFO: Plan 2: ḡ=18.0, γE[v]=42.2, Q=60.2 (bayes)
2026-09-22 17:08:43,196 INFO: Plan 2: ḡ=73, γE[v]=0.0, Q=73.0 (fn)
2026-09-22 17:08:43,196 INFO: Plan 0: ḡ=10.0, γE[v]=85.4, Q=95.4 (bayes)
2026-09-22 17:08:43,196 INFO: Plan 1: ḡ=26.0, γE[v]=77.4, Q=103.4 (bayes)
2026-09-22 17:08:43,196 INFO: Plan 2: ḡ=36.5, γE[v]=72.2, Q=108.7 (bayes)
2026-09-22 17:08:43,469 INFO: Plan 1: ḡ=31, γE[v]=0.0, Q=31.0 (fn)
2026-09-22 17:08:43,588 INFO: Plan 2: ḡ=16, γE[v]=0.0, Q=16.0 (fn)
2026-09-22 17:08:44,030 INFO: Plan 0: ḡ=37, γE[v]=2.0, Q=39.0 (fn)
2026-09-22 17:08:44,031 INFO: Plan 0: ḡ=11.8, γE[v]=6.5, Q=18.2 (bayes)
2026-09-22 17:08:44,031 INFO: Plan 1: ḡ=10.7, γE[v]=6.9, Q=17.5 (bayes)
2026-09-22 17:08:44,031 INFO: Plan 2: ḡ=8.0, γE[v]=8.2, Q=16.2 (bayes)
2026-09-22 17:08:47,297 INFO: Plan 1: ḡ=1322, γE[v]=7.5, Q=1329.5 (fn)
2026-09-22 17:08:47,298 INFO: Plan 0: ḡ=229.0, γE[v]=252.4, Q=481.4 (bayes)
2026-09-22 17:08:47,298 INFO: Plan 1: ḡ=661.0, γE[v]=29.3, Q=690.3 (bayes)
2026-09-22 17:08:47,298 INFO: Plan 2: ḡ=269.5, γE[v]=230.6, Q=500.1 (bayes)
2026-09-22 17:08:49,015 INFO: Plan 0: ḡ=4, γE[v]=0.0, Q=4.0 (fn)
2026-09-22 17:08:49,134 INFO: Plan 1: ḡ=3, γE[v]=0.0, Q=3.0 (fn)
2026-09-22 17:08:49,163 INFO: Plan 2: ḡ=6, γE[v]=0.0, Q=6.0 (fn)
2026-09-22 17:08:49,164 INFO: Plan 0: ḡ=2.0, γE[v]=1.5, Q=3.5 (bayes)
2026-09-22 17:08:49,164 INFO: Plan 1: ḡ=1.0, γE[v]=2.0, Q=3.0 (bayes)
2026-09-22 17:08:49,164 INFO: Plan 2: ḡ=2.0, γE[v]=1.5, Q=3.5 (bayes)
2026-09-22 17:08:56,334 INFO: Plan 0: ḡ=49, γE[v]=0.0, Q=49.0 (fn)
2026-09-22 17:08:56,819 INFO: Plan 1: ḡ=74, γE[v]=0.0, Q=74.0 (fn)
2026-09-22 17:08:57,338 INFO: Plan 0: ḡ=69, γE[v]=0.0, Q=69.0 (fn)
2026-09-22 17:08:57,598 INFO: Plan 2: ḡ=100, γE[v]=0.0, Q=100.0 (fn)
2026-09-22 17:08:57,599 INFO: Plan 0: ḡ=34.5, γE[v]=50.0, Q=84.5 (bayes)
2026-09-22 17:08:57,599 INFO: Plan 1: ḡ=36.2, γE[v]=49.2, Q=85.3 (bayes)
2026-09-22 17:08:57,599 INFO: Plan 2: ḡ=50.0, γE[v]=42.2, Q=92.2 (bayes)
2026-09-22 17:08:58,255 INFO: Plan 1: ḡ=22, γE[v]=0.0, Q=22.0 (fn)
2026-09-22 17:08:58,533 INFO: Plan 2: ḡ=16, γE[v]=0.0, Q=16.0 (fn)
2026-09-22 17:08:58,567 INFO: Plan 1: ḡ=84, γE[v]=3.0, Q=87.0 (fn)
2026-09-22 17:08:58,568 INFO: Plan 0: ḡ=24.5, γE[v]=65.8, Q=90.3 (bayes)
2026-09-22 17:08:58,568 INFO: Plan 1: ḡ=36.3, γE[v]=60.1, Q=96.4 (bayes)
2026-09-22 17:08:58,568 INFO: Plan 2: ḡ=8.0, γE[v]=74.1, Q=82.1 (bayes)
2026-09-22 17:08:58,607 INFO: Plan 2: ḡ=66, γE[v]=18.0, Q=84.0 (fn)
2026-09-22 17:08:59,537 INFO: Plan 0: ḡ=77, γE[v]=0.0, Q=77.0 (fn)
2026-09-22 17:08:59,537 INFO: Plan 0: ḡ=27.0, γE[v]=22.5, Q=49.5 (bayes)
2026-09-22 17:08:59,538 INFO: Plan 1: ḡ=11.0, γE[v]=30.5, Q=41.5 (bayes)
2026-09-22 17:08:59,538 INFO: Plan 2: ḡ=22.0, γE[v]=26.1, Q=48.1 (bayes)
2026-09-22 17:08:59,640 INFO: Plan 2: ḡ=46, γE[v]=0.0, Q=46.0 (fn)
2026-09-22 17:08:59,770 INFO: Plan 2: ḡ=16, γE[v]=0.0, Q=16.0 (fn)
2026-09-22 17:08:59,835 INFO: Plan 0: ḡ=23, γE[v]=0.0, Q=23.0 (fn)
2026-09-22 17:08:59,896 INFO: Plan 1: ḡ=11, γE[v]=0.0, Q=11.0 (fn)
2026-09-22 17:08:59,896 INFO: Plan 0: ḡ=5.5, γE[v]=6.8, Q=12.2 (bayes)
2026-09-22 17:08:59,896 INFO: Plan 1: ḡ=5.5, γE[v]=6.8, Q=12.2 (bayes)
2026-09-22 17:08:59,896 INFO: Plan 2: ḡ=8.0, γE[v]=5.5, Q=13.5 (bayes)
2026-09-22 17:08:59,987 INFO: Plan 0: ḡ=29, γE[v]=0.0, Q=29.0 (fn)
2026-09-22 17:09:00,165 INFO: Plan 1: ḡ=80, γE[v]=0.0, Q=80.0 (fn)
2026-09-22 17:09:00,166 INFO: Plan 0: ḡ=11.3, γE[v]=22.0, Q=33.3 (bayes)
2026-09-22 17:09:00,166 INFO: Plan 1: ḡ=28.0, γE[v]=13.7, Q=41.7 (bayes)
2026-09-22 17:09:00,166 INFO: Plan 2: ḡ=15.5, γE[v]=19.9, Q=35.4 (bayes)
2026-09-22 17:09:04,549 INFO: Plan 0: ḡ=7, γE[v]=0.0, Q=7.0 (fn)
2026-09-22 17:09:05,679 INFO: Plan 0: ḡ=55, γE[v]=0.0, Q=55.0 (fn)
2026-09-22 17:09:05,738 INFO: Plan 0: ḡ=24, γE[v]=0.0, Q=24.0 (fn)
2026-09-22 17:09:05,849 INFO: Plan 2: ḡ=32, γE[v]=0.0, Q=32.0 (fn)
2026-09-22 17:09:06,074 INFO: Plan 1: ḡ=84, γE[v]=0.0, Q=84.0 (fn)
2026-09-22 17:09:06,718 INFO: Plan 2: ḡ=26, γE[v]=0.0, Q=26.0 (fn)
2026-09-22 17:09:06,719 INFO: Plan 0: ḡ=8.2, γE[v]=132.0, Q=140.2 (bayes)
2026-09-22 17:09:06,719 INFO: Plan 1: ḡ=35.3, γE[v]=118.4, Q=153.8 (bayes)
2026-09-22 17:09:06,719 INFO: Plan 2: ḡ=13.0, γE[v]=129.6, Q=142.6 (bayes)
2026-09-22 17:09:07,821 INFO: Plan 0: ḡ=60, γE[v]=0.0, Q=60.0 (fn)
2026-09-22 17:09:08,024 INFO: Plan 2: ḡ=21, γE[v]=8.5, Q=29.5 (fn)
2026-09-22 17:09:08,109 INFO: Plan 1: ḡ=90, γE[v]=0.0, Q=90.0 (fn)
2026-09-22 17:09:10,340 INFO: Plan 1: ḡ=33, γE[v]=4.5, Q=37.5 (fn)
2026-09-22 17:09:10,340 INFO: Plan 0: ḡ=2.3, γE[v]=67.8, Q=70.1 (bayes)
2026-09-22 17:09:10,341 INFO: Plan 1: ḡ=16.5, γE[v]=60.9, Q=77.4 (bayes)
2026-09-22 17:09:10,341 INFO: Plan 2: ḡ=7.7, γE[v]=65.6, Q=73.2 (bayes)
2026-09-22 17:09:10,404 INFO: Plan 2: ḡ=44, γE[v]=0.5, Q=44.5 (fn)
2026-09-22 17:09:10,405 INFO: Plan 0: ḡ=25.2, γE[v]=60.2, Q=85.4 (bayes)
2026-09-22 17:09:10,405 INFO: Plan 1: ḡ=32.8, γE[v]=56.4, Q=89.2 (bayes)
2026-09-22 17:09:10,405 INFO: Plan 2: ḡ=22.0, γE[v]=61.8, Q=83.8 (bayes)
2026-09-22 17:09:10,677 INFO: Plan 2: ḡ=13, γE[v]=0.0, Q=13.0 (fn)
2026-09-22 17:09:10,801 INFO: Plan 2: ḡ=47, γE[v]=0.0, Q=47.0 (fn)
2026-09-22 17:09:10,803 INFO: Plan 1: ḡ=100, γE[v]=23.0, Q=123.0 (fn)
2026-09-22 17:09:10,803 INFO: Plan 0: ḡ=27.5, γE[v]=63.2, Q=90.8 (bayes)
2026-09-22 17:09:10,804 INFO: Plan 1: ḡ=33.9, γE[v]=61.2, Q=95.2 (bayes)
2026-09-22 17:09:10,804 INFO: Plan 2: ḡ=14.8, γE[v]=69.6, Q=84.4 (bayes)
2026-09-22 17:09:10,857 INFO: Plan 2: ḡ=4, γE[v]=0.0, Q=4.0 (fn)
2026-09-22 17:09:10,973 INFO: Plan 1: ḡ=75, γE[v]=0.0, Q=75.0 (fn)
2026-09-22 17:09:11,063 INFO: Plan 0: ḡ=26, γE[v]=0.0, Q=26.0 (fn)
2026-09-22 17:09:11,065 INFO: Plan 0: ḡ=12.3, γE[v]=11.6, Q=23.9 (bayes)
2026-09-22 17:09:11,066 INFO: Plan 1: ḡ=16.6, γE[v]=9.4, Q=26.0 (bayes)
2026-09-22 17:09:11,066 INFO: Plan 2: ḡ=6.5, γE[v]=14.5, Q=21.0 (bayes)
2026-09-22 17:09:11,094 INFO: Plan 0: ḡ=4, γE[v]=0.0, Q=4.0 (fn)
2026-09-22 17:09:12,213 INFO: Plan 2: ḡ=77, γE[v]=0.0, Q=77.0 (fn)
2026-09-22 17:09:12,795 INFO: Plan 1: ḡ=17, γE[v]=0.0, Q=17.0 (fn)
2026-09-22 17:09:12,795 INFO: Plan 0: ḡ=1.3, γE[v]=2.2, Q=3.5 (bayes)
2026-09-22 17:09:12,795 INFO: Plan 1: ḡ=5.7, γE[v]=0.0, Q=5.7 (bayes)
2026-09-22 17:09:12,795 INFO: Plan 2: ḡ=1.3, γE[v]=2.2, Q=3.5 (bayes)
2026-09-22 17:09:13,590 INFO: Plan 1: ḡ=22, γE[v]=19.5, Q=41.5 (fn)
2026-09-22 17:09:13,791 INFO: Plan 1: ḡ=143, γE[v]=0.0, Q=143.0 (fn)
2026-09-22 17:09:13,854 INFO: Plan 2: ḡ=55, γE[v]=0.0, Q=55.0 (fn)
2026-09-22 17:09:13,942 INFO: Plan 0: ḡ=45, γE[v]=26.5, Q=71.5 (fn)
2026-09-22 17:09:13,943 INFO: Plan 0: ḡ=22.5, γE[v]=88.4, Q=110.9 (bayes)
2026-09-22 17:09:13,943 INFO: Plan 1: ḡ=8.2, γE[v]=95.6, Q=103.8 (bayes)
2026-09-22 17:09:13,943 INFO: Plan 2: ḡ=21.8, γE[v]=87.6, Q=109.3 (bayes)
2026-09-22 17:09:14,538 INFO: Plan 0: ḡ=11, γE[v]=0.0, Q=11.0 (fn)
2026-09-22 17:09:15,614 INFO: Plan 0: ḡ=16, γE[v]=10.0, Q=26.0 (fn)
2026-09-22 17:09:15,614 INFO: Plan 0: ḡ=8.0, γE[v]=66.0, Q=74.0 (bayes)
2026-09-22 17:09:15,615 INFO: Plan 1: ḡ=71.5, γE[v]=33.8, Q=105.3 (bayes)
2026-09-22 17:09:15,615 INFO: Plan 2: ḡ=23.5, γE[v]=57.8, Q=81.3 (bayes)
2026-09-22 17:09:15,642 INFO: Plan 1: ḡ=45, γE[v]=0.0, Q=45.0 (fn)
2026-09-22 17:09:15,647 INFO: Plan 2: ḡ=36, γE[v]=0.0, Q=36.0 (fn)
2026-09-22 17:09:15,648 INFO: Plan 0: ḡ=5.5, γE[v]=110.6, Q=116.1 (bayes)
2026-09-22 17:09:15,648 INFO: Plan 1: ḡ=19.8, γE[v]=103.4, Q=123.2 (bayes)
2026-09-22 17:09:15,648 INFO: Plan 2: ḡ=20.8, γE[v]=102.9, Q=123.8 (bayes)
2026-09-22 17:09:15,960 INFO: Plan 0: ḡ=46, γE[v]=0.0, Q=46.0 (fn)
2026-09-22 17:09:15,989 INFO: Plan 1: ḡ=104, γE[v]=0.0, Q=104.0 (fn)
2026-09-22 17:09:15,990 INFO: Plan 0: ḡ=23.0, γE[v]=96.5, Q=119.5 (bayes)
2026-09-22 17:09:15,990 INFO: Plan 1: ḡ=32.3, γE[v]=91.8, Q=124.2 (bayes)
2026-09-22 17:09:15,990 INFO: Plan 2: ḡ=18.0, γE[v]=99.0, Q=117.0 (bayes)
2026-09-22 17:09:16,507 INFO: Plan 2: ḡ=34, γE[v]=0.0, Q=34.0 (fn)
2026-09-22 17:09:16,707 INFO: Plan 0: ḡ=11, γE[v]=0.0, Q=11.0 (fn)
2026-09-22 17:09:16,740 INFO: Plan 1: ḡ=35, γE[v]=0.0, Q=35.0 (fn)
2026-09-22 17:09:16,791 INFO: Plan 1: ḡ=50, γE[v]=0.0, Q=50.0 (fn)
2026-09-22 17:09:16,792 INFO: Plan 0: ḡ=5.3, γE[v]=54.9, Q=60.2 (bayes)
2026-09-22 17:09:16,792 INFO: Plan 1: ḡ=17.7, γE[v]=48.7, Q=66.4 (bayes)
2026-09-22 17:09:16,792 INFO: Plan 2: ḡ=9.8, γE[v]=52.7, Q=62.4 (bayes)
2026-09-22 17:09:17,019 INFO: Plan 2: ḡ=115, γE[v]=0.0, Q=115.0 (fn)
2026-09-22 17:09:17,047 INFO: Plan 0: ḡ=88, γE[v]=0.0, Q=88.0 (fn)
2026-09-22 17:09:17,048 INFO: Plan 0: ḡ=40.0, γE[v]=82.9, Q=122.9 (bayes)
2026-09-22 17:09:17,048 INFO: Plan 1: ḡ=17.5, γE[v]=94.2, Q=111.7 (bayes)
2026-09-22 17:09:17,048 INFO: Plan 2: ḡ=42.8, γE[v]=81.5, Q=124.3 (bayes)
2026-09-22 17:09:21,213 INFO: Plan 0: ḡ=10, γE[v]=0.0, Q=10.0 (fn)
2026-09-22 17:09:23,665 INFO: Plan 0: ḡ=22, γE[v]=0.0, Q=22.0 (fn)
2026-09-22 17:09:24,015 INFO: Plan 1: ḡ=70, γE[v]=0.0, Q=70.0 (fn)
2026-09-22 17:09:25,297 INFO: Plan 2: ḡ=81, γE[v]=0.0, Q=81.0 (fn)
2026-09-22 17:09:25,298 INFO: Plan 0: ḡ=10.3, γE[v]=37.8, Q=48.1 (bayes)
2026-09-22 17:09:25,298 INFO: Plan 1: ḡ=32.2, γE[v]=26.8, Q=59.0 (bayes)
2026-09-22 17:09:25,298 INFO: Plan 2: ḡ=40.5, γE[v]=22.7, Q=63.2 (bayes)
2026-09-22 17:09:26,542 INFO: Plan 2: ḡ=9, γE[v]=24.0, Q=33.0 (fn)
2026-09-22 17:09:29,231 INFO: Plan 1: ḡ=22, γE[v]=22.0, Q=44.0 (fn)
2026-09-22 17:09:29,232 INFO: Plan 0: ḡ=3.4, γE[v]=44.5, Q=47.9 (bayes)
2026-09-22 17:09:29,232 INFO: Plan 1: ḡ=8.0, γE[v]=43.2, Q=51.2 (bayes)
2026-09-22 17:09:29,232 INFO: Plan 2: ḡ=4.5, γE[v]=45.0, Q=49.5 (bayes)
2026-09-22 17:09:32,255 INFO: Plan 0: ḡ=23, γE[v]=0.0, Q=23.0 (fn)
2026-09-22 17:09:33,196 INFO: Plan 1: ḡ=31, γE[v]=3.0, Q=34.0 (fn)
2026-09-22 17:09:33,198 INFO: Plan 2: ḡ=69, γE[v]=0.0, Q=69.0 (fn)
2026-09-22 17:09:33,385 INFO: Plan 0: ḡ=52, γE[v]=0.0, Q=52.0 (fn)
2026-09-22 17:09:34,234 INFO: Plan 2: ḡ=35, γE[v]=0.0, Q=35.0 (fn)
2026-09-22 17:09:34,234 INFO: Plan 0: ḡ=10.2, γE[v]=52.0, Q=62.2 (bayes)
2026-09-22 17:09:34,234 INFO: Plan 1: ḡ=15.5, γE[v]=49.5, Q=65.0 (bayes)
2026-09-22 17:09:34,234 INFO: Plan 2: ḡ=17.5, γE[v]=48.3, Q=65.8 (bayes)
2026-09-22 17:09:34,915 INFO: Plan 1: ḡ=92, γE[v]=17.5, Q=109.5 (fn)
2026-09-22 17:09:34,916 INFO: Plan 0: ḡ=24.7, γE[v]=38.9, Q=63.5 (bayes)
2026-09-22 17:09:34,916 INFO: Plan 1: ḡ=46.0, γE[v]=29.3, Q=75.2 (bayes)
2026-09-22 17:09:34,916 INFO: Plan 2: ḡ=28.8, γE[v]=36.8, Q=65.6 (bayes)
2026-09-22 17:09:35,131 INFO: Plan 2: ḡ=14, γE[v]=0.0, Q=14.0 (fn)
2026-09-22 17:09:35,350 INFO: Plan 2: ḡ=257, γE[v]=0.0, Q=257.0 (fn)
2026-09-22 17:09:35,445 INFO: Plan 1: ḡ=8, γE[v]=0.0, Q=8.0 (fn)
2026-09-22 17:09:36,226 INFO: Plan 1: ḡ=446, γE[v]=0.0, Q=446.0 (fn)
2026-09-22 17:09:36,361 INFO: Plan 2: ḡ=3, γE[v]=0.0, Q=3.0 (fn)
2026-09-22 17:09:36,362 INFO: Plan 0: ḡ=3, γE[v]=0.0, Q=3.0 (fn)
2026-09-22 17:09:36,394 INFO: Plan 1: ḡ=6, γE[v]=0.0, Q=6.0 (fn)
2026-09-22 17:09:36,395 INFO: Plan 0: ḡ=1.0, γE[v]=1.0, Q=2.0 (bayes)
2026-09-22 17:09:36,395 INFO: Plan 1: ḡ=2.0, γE[v]=0.5, Q=2.5 (bayes)
2026-09-22 17:09:36,395 INFO: Plan 2: ḡ=1.0, γE[v]=1.0, Q=2.0 (bayes)
2026-09-22 17:09:38,710 INFO: Plan 0: ḡ=20, γE[v]=0.0, Q=20.0 (fn)
2026-09-22 17:09:38,710 INFO: Plan 1: ḡ=3, γE[v]=0.0, Q=3.0 (fn)
2026-09-22 17:09:38,777 INFO: Plan 2: ḡ=3, γE[v]=0.0, Q=3.0 (fn)
2026-09-22 17:09:38,777 INFO: Plan 0: ḡ=4.0, γE[v]=1.5, Q=5.5 (bayes)
2026-09-22 17:09:38,777 INFO: Plan 1: ḡ=1.5, γE[v]=2.8, Q=4.2 (bayes)
2026-09-22 17:09:38,777 INFO: Plan 2: ḡ=1.5, γE[v]=2.8, Q=4.2 (bayes)
2026-09-22 17:09:39,360 INFO: Plan 0: ḡ=31, γE[v]=11.0, Q=42.0 (fn)
2026-09-22 17:09:39,360 INFO: Plan 0: ḡ=8.1, γE[v]=5.7, Q=13.8 (bayes)
2026-09-22 17:09:39,360 INFO: Plan 1: ḡ=3.3, γE[v]=7.6, Q=10.9 (bayes)
2026-09-22 17:09:39,360 INFO: Plan 2: ḡ=7.0, γE[v]=5.7, Q=12.7 (bayes)
2026-09-22 17:09:43,406 INFO: Plan 0: ḡ=425, γE[v]=163.5, Q=588.5 (fn)
2026-09-22 17:09:43,408 INFO: Plan 2: ḡ=83, γE[v]=0.0, Q=83.0 (fn)
2026-09-22 17:09:43,408 INFO: Plan 0: ḡ=143.0, γE[v]=176.2, Q=319.2 (bayes)
2026-09-22 17:09:43,409 INFO: Plan 1: ḡ=149.5, γE[v]=163.2, Q=312.7 (bayes)
2026-09-22 17:09:43,409 INFO: Plan 2: ḡ=85.7, γE[v]=195.1, Q=280.8 (bayes)
2026-09-22 17:09:44,047 INFO: Plan 0: ḡ=29, γE[v]=0.0, Q=29.0 (fn)
2026-09-22 17:09:44,086 INFO: Plan 1: ḡ=9, γE[v]=0.0, Q=9.0 (fn)
2026-09-22 17:09:44,119 INFO: Plan 2: ḡ=104, γE[v]=0.0, Q=104.0 (fn)
2026-09-22 17:09:44,187 INFO: Plan 1: ḡ=36, γE[v]=0.0, Q=36.0 (fn)
2026-09-22 17:09:44,187 INFO: Plan 0: ḡ=11.3, γE[v]=17.0, Q=28.3 (bayes)
2026-09-22 17:09:44,187 INFO: Plan 1: ḡ=9.2, γE[v]=18.0, Q=27.3 (bayes)
2026-09-22 17:09:44,187 INFO: Plan 2: ḡ=24.8, γE[v]=10.3, Q=35.0 (bayes)
2026-09-22 17:09:44,359 INFO: Plan 0: ḡ=26, γE[v]=0.0, Q=26.0 (fn)
2026-09-22 17:09:44,360 INFO: Plan 0: ḡ=11.8, γE[v]=17.8, Q=29.6 (bayes)
2026-09-22 17:09:44,360 INFO: Plan 1: ḡ=3.5, γE[v]=21.9, Q=25.4 (bayes)
2026-09-22 17:09:44,360 INFO: Plan 2: ḡ=36.0, γE[v]=5.7, Q=41.7 (bayes)
2026-09-22 17:09:45,995 INFO: Plan 1: ḡ=29, γE[v]=0.0, Q=29.0 (fn)
2026-09-22 17:09:46,834 INFO: Plan 0: ḡ=49, γE[v]=7.0, Q=56.0 (fn)
2026-09-22 17:09:47,389 INFO: Plan 2: ḡ=75, γE[v]=0.0, Q=75.0 (fn)
2026-09-22 17:09:47,492 INFO: Plan 1: ḡ=39, γE[v]=0.0, Q=39.0 (fn)
2026-09-22 17:09:47,769 INFO: Plan 0: ḡ=71, γE[v]=0.0, Q=71.0 (fn)
2026-09-22 17:09:47,776 INFO: Plan 0: ḡ=35.5, γE[v]=26.8, Q=62.3 (bayes)
2026-09-22 17:09:47,776 INFO: Plan 1: ḡ=18.5, γE[v]=35.3, Q=53.8 (bayes)
2026-09-22 17:09:47,776 INFO: Plan 2: ḡ=35.2, γE[v]=27.0, Q=62.2 (bayes)
2026-09-22 17:09:49,515 INFO: Plan 2: ḡ=77, γE[v]=0.0, Q=77.0 (fn)
2026-09-22 17:09:49,516 INFO: Plan 2: ḡ=26, γE[v]=0.0, Q=26.0 (fn)
2026-09-22 17:09:49,517 INFO: Plan 0: ḡ=24.5, γE[v]=51.1, Q=75.7 (bayes)
2026-09-22 17:09:49,517 INFO: Plan 1: ḡ=9.4, γE[v]=58.4, Q=67.8 (bayes)
2026-09-22 17:09:49,517 INFO: Plan 2: ḡ=13.0, γE[v]=56.6, Q=69.6 (bayes)
2026-09-22 17:09:49,924 INFO: Plan 1: ḡ=93, γE[v]=0.0, Q=93.0 (fn)
2026-09-22 17:09:50,364 INFO: Plan 0: ḡ=53, γE[v]=0.0, Q=53.0 (fn)
2026-09-22 17:09:53,186 INFO: Plan 1: ḡ=13, γE[v]=0.0, Q=13.0 (fn)
2026-09-22 17:09:53,275 INFO: Plan 0: ḡ=13, γE[v]=0.0, Q=13.0 (fn)
2026-09-22 17:09:53,305 INFO: Plan 2: ḡ=13, γE[v]=0.0, Q=13.0 (fn)
2026-09-22 17:09:53,305 INFO: Plan 0: ḡ=6.5, γE[v]=6.2, Q=12.7 (bayes)
2026-09-22 17:09:53,305 INFO: Plan 1: ḡ=5.8, γE[v]=6.5, Q=12.3 (bayes)
2026-09-22 17:09:53,305 INFO: Plan 2: ḡ=6.5, γE[v]=6.2, Q=12.7 (bayes)
2026-09-22 17:09:54,485 INFO: Plan 0: ḡ=55, γE[v]=0.0, Q=55.0 (fn)
2026-09-22 17:09:55,253 INFO: Plan 2: ḡ=91, γE[v]=0.0, Q=91.0 (fn)
2026-09-22 17:09:55,283 INFO: Plan 0: ḡ=60, γE[v]=0.0, Q=60.0 (fn)
2026-09-22 17:09:55,633 INFO: Plan 1: ḡ=66, γE[v]=5.5, Q=71.5 (fn)
2026-09-22 17:09:55,634 INFO: Plan 0: ḡ=25.2, γE[v]=40.8, Q=66.0 (bayes)
2026-09-22 17:09:55,634 INFO: Plan 1: ḡ=33.0, γE[v]=37.1, Q=70.1 (bayes)
2026-09-22 17:09:55,634 INFO: Plan 2: ḡ=45.5, γE[v]=30.6, Q=76.1 (bayes)
2026-09-22 17:09:55,837 INFO: Plan 2: ḡ=25, γE[v]=14.5, Q=39.5 (fn)
2026-09-22 17:09:59,584 INFO: Plan 2: ḡ=0, γE[v]=0.0, Q=0.0 (fn)
2026-09-22 17:10:00,761 INFO: Plan 2: ḡ=39, γE[v]=0.0, Q=39.0 (fn)
2026-09-22 17:10:00,932 INFO: Plan 1: ḡ=33, γE[v]=0.0, Q=33.0 (fn)
2026-09-22 17:10:01,037 INFO: Plan 0: ḡ=55, γE[v]=0.0, Q=55.0 (fn)
2026-09-22 17:10:01,038 INFO: Plan 0: ḡ=22.7, γE[v]=75.2, Q=97.8 (bayes)
2026-09-22 17:10:01,038 INFO: Plan 1: ḡ=16.5, γE[v]=78.2, Q=94.8 (bayes)
2026-09-22 17:10:01,038 INFO: Plan 2: ḡ=0.0, γE[v]=86.5, Q=86.5 (bayes)
2026-09-22 17:10:01,098 INFO: Plan 0: ḡ=11, γE[v]=0.0, Q=11.0 (fn)
2026-09-22 17:10:01,399 INFO: Plan 2: ḡ=36, γE[v]=0.0, Q=36.0 (fn)
2026-09-22 17:10:01,698 INFO: Plan 1: ḡ=48, γE[v]=0.0, Q=48.0 (fn)
2026-09-22 17:10:01,704 INFO: Plan 0: ḡ=5.5, γE[v]=101.3, Q=106.8 (bayes)
2026-09-22 17:10:01,704 INFO: Plan 1: ḡ=22.5, γE[v]=92.8, Q=115.3 (bayes)
2026-09-22 17:10:01,705 INFO: Plan 2: ḡ=16.8, γE[v]=95.7, Q=112.4 (bayes)
2026-09-22 17:10:01,727 INFO: Plan 0: ḡ=46, γE[v]=0.0, Q=46.0 (fn)
2026-09-22 17:10:01,732 INFO: Plan 2: ḡ=34, γE[v]=0.0, Q=34.0 (fn)
2026-09-22 17:10:02,317 INFO: Plan 2: ḡ=47, γE[v]=0.0, Q=47.0 (fn)
2026-09-22 17:10:02,347 INFO: Plan 1: ḡ=82, γE[v]=36.0, Q=118.0 (fn)
2026-09-22 17:10:02,348 INFO: Plan 0: ḡ=11, γE[v]=0.0, Q=11.0 (fn)
2026-09-22 17:10:02,349 INFO: Plan 1: ḡ=107, γE[v]=0.0, Q=107.0 (fn)
2026-09-22 17:10:02,350 INFO: Plan 0: ḡ=27.5, γE[v]=51.1, Q=78.6 (bayes)
2026-09-22 17:10:02,350 INFO: Plan 1: ḡ=21.3, γE[v]=56.3, Q=77.6 (bayes)
2026-09-22 17:10:02,350 INFO: Plan 2: ḡ=12.5, γE[v]=59.3, Q=71.8 (bayes)
2026-09-22 17:10:02,350 INFO: Plan 0: ḡ=23.0, γE[v]=90.0, Q=113.0 (bayes)
2026-09-22 17:10:02,351 INFO: Plan 1: ḡ=31.2, γE[v]=85.9, Q=117.1 (bayes)
2026-09-22 17:10:02,351 INFO: Plan 2: ḡ=18.0, γE[v]=92.5, Q=110.5 (bayes)
2026-09-22 17:10:03,462 INFO: Plan 1: ḡ=42, γE[v]=0.0, Q=42.0 (fn)
2026-09-22 17:10:03,463 INFO: Plan 0: ḡ=6.2, γE[v]=48.1, Q=54.2 (bayes)
2026-09-22 17:10:03,463 INFO: Plan 1: ḡ=19.6, γE[v]=41.4, Q=61.0 (bayes)
2026-09-22 17:10:03,463 INFO: Plan 2: ḡ=9.1, γE[v]=46.6, Q=55.7 (bayes)
2026-09-22 17:10:03,611 INFO: Plan 1: ḡ=22, γE[v]=0.0, Q=22.0 (fn)
2026-09-22 17:10:04,030 INFO: Plan 2: ḡ=41, γE[v]=0.0, Q=41.0 (fn)
2026-09-22 17:10:04,122 INFO: Plan 0: ḡ=7, γE[v]=0.0, Q=7.0 (fn)
2026-09-22 17:10:04,203 INFO: Plan 1: ḡ=55, γE[v]=0.0, Q=55.0 (fn)
2026-09-22 17:10:05,396 INFO: Plan 0: ḡ=35, γE[v]=6.5, Q=41.5 (fn)
2026-09-22 17:10:05,397 INFO: Plan 0: ḡ=12.0, γE[v]=113.3, Q=125.3 (bayes)
2026-09-22 17:10:05,397 INFO: Plan 1: ḡ=25.0, γE[v]=106.4, Q=131.4 (bayes)
2026-09-22 17:10:05,397 INFO: Plan 2: ḡ=19.5, γE[v]=109.2, Q=128.7 (bayes)
2026-09-22 17:10:06,169 INFO: Plan 0: ḡ=3, γE[v]=0.0, Q=3.0 (fn)
2026-09-22 17:10:06,170 INFO: Plan 1: ḡ=3, γE[v]=0.0, Q=3.0 (fn)
2026-09-22 17:10:06,199 INFO: Plan 0: ḡ=13, γE[v]=10.0, Q=23.0 (fn)
2026-09-22 17:10:06,200 INFO: Plan 0: ḡ=4.7, γE[v]=55.9, Q=60.6 (bayes)
2026-09-22 17:10:06,200 INFO: Plan 1: ḡ=7.3, γE[v]=54.0, Q=61.3 (bayes)
2026-09-22 17:10:06,200 INFO: Plan 2: ḡ=23.5, γE[v]=45.9, Q=69.4 (bayes)
2026-09-22 17:10:06,397 INFO: Plan 2: ḡ=4, γE[v]=0.0, Q=4.0 (fn)
2026-09-22 17:10:06,398 INFO: Plan 0: ḡ=0.8, γE[v]=0.1, Q=0.9 (bayes)
2026-09-22 17:10:06,398 INFO: Plan 1: ḡ=0.8, γE[v]=0.1, Q=0.9 (bayes)
2026-09-22 17:10:06,398 INFO: Plan 2: ḡ=1.0, γE[v]=0.0, Q=1.0 (bayes)
2026-09-22 17:10:06,911 INFO: Plan 2: ḡ=16, γE[v]=0.0, Q=16.0 (fn)
2026-09-22 17:10:06,995 INFO: Plan 0: ḡ=22, γE[v]=0.0, Q=22.0 (fn)
2026-09-22 17:10:07,026 INFO: Plan 2: ḡ=17, γE[v]=24.5, Q=41.5 (fn)
2026-09-22 17:10:07,220 INFO: Plan 1: ḡ=12, γE[v]=12.5, Q=24.5 (fn)
2026-09-22 17:10:07,221 INFO: Plan 0: ḡ=2.3, γE[v]=58.4, Q=60.8 (bayes)
2026-09-22 17:10:07,221 INFO: Plan 1: ḡ=4.8, γE[v]=57.7, Q=62.6 (bayes)
2026-09-22 17:10:07,221 INFO: Plan 2: ḡ=6.8, γE[v]=57.3, Q=64.1 (bayes)
2026-09-22 17:10:09,586 INFO: Plan 0: ḡ=42, γE[v]=0.0, Q=42.0 (fn)
2026-09-22 17:10:10,086 INFO: Plan 2: ḡ=0, γE[v]=0.0, Q=0.0 (fn)
2026-09-22 17:10:12,158 INFO: Plan 0: ḡ=5, γE[v]=0.0, Q=5.0 (fn)
2026-09-22 17:10:12,368 INFO: Plan 1: ḡ=71, γE[v]=19.0, Q=90.0 (fn)
2026-09-22 17:10:12,369 INFO: Plan 0: ḡ=10.3, γE[v]=19.2, Q=29.5 (bayes)
2026-09-22 17:10:12,370 INFO: Plan 1: ḡ=33.0, γE[v]=8.8, Q=41.8 (bayes)
2026-09-22 17:10:12,372 INFO: Plan 2: ḡ=5.3, γE[v]=21.7, Q=27.0 (bayes)
2026-09-22 17:10:12,622 INFO: Plan 1: ḡ=28, γE[v]=3.5, Q=31.5 (fn)
2026-09-22 17:10:12,829 INFO: Plan 1: ḡ=6, γE[v]=2.0, Q=8.0 (fn)
2026-09-22 17:10:13,425 INFO: Plan 1: ḡ=3, γE[v]=0.0, Q=3.0 (fn)
2026-09-22 17:10:13,426 INFO: Plan 0: ḡ=20, γE[v]=0.0, Q=20.0 (fn)
2026-09-22 17:10:13,482 INFO: Plan 2: ḡ=3, γE[v]=0.0, Q=3.0 (fn)
2026-09-22 17:10:13,482 INFO: Plan 0: ḡ=3.3, γE[v]=1.5, Q=4.8 (bayes)
2026-09-22 17:10:13,483 INFO: Plan 1: ḡ=1.5, γE[v]=2.4, Q=3.9 (bayes)
2026-09-22 17:10:13,483 INFO: Plan 2: ḡ=1.5, γE[v]=2.4, Q=3.9 (bayes)
2026-09-22 17:10:14,684 INFO: Plan 0: ḡ=6, γE[v]=0.0, Q=6.0 (fn)
2026-09-22 17:10:16,246 INFO: Plan 2: ḡ=75, γE[v]=26.0, Q=101.0 (fn)
2026-09-22 17:10:16,247 INFO: Plan 0: ḡ=14.0, γE[v]=74.0, Q=88.0 (bayes)
2026-09-22 17:10:16,247 INFO: Plan 1: ḡ=10.7, γE[v]=75.8, Q=86.5 (bayes)
2026-09-22 17:10:16,247 INFO: Plan 2: ḡ=27.8, γE[v]=68.3, Q=96.1 (bayes)
2026-09-22 17:10:18,613 INFO: Plan 1: ḡ=0, γE[v]=0.0, Q=0.0 (fn)
2026-09-22 17:10:18,614 INFO: Plan 2: ḡ=0, γE[v]=0.0, Q=0.0 (fn)
2026-09-22 17:10:18,730 INFO: Plan 0: ḡ=3, γE[v]=0.0, Q=3.0 (fn)
2026-09-22 17:10:18,731 INFO: Plan 0: ḡ=1.0, γE[v]=0.0, Q=1.0 (bayes)
2026-09-22 17:10:18,731 INFO: Plan 1: ḡ=0.0, γE[v]=0.5, Q=0.5 (bayes)
2026-09-22 17:10:18,731 INFO: Plan 2: ḡ=0.0, γE[v]=0.5, Q=0.5 (bayes)
2026-09-22 17:10:20,217 INFO: Plan 1: ḡ=19, γE[v]=13.0, Q=32.0 (fn)
2026-09-22 17:10:20,455 INFO: Plan 2: ḡ=30, γE[v]=15.0, Q=45.0 (fn)
2026-09-22 17:10:20,456 INFO: Plan 0: ḡ=2.2, γE[v]=35.1, Q=37.3 (bayes)
2026-09-22 17:10:20,456 INFO: Plan 1: ḡ=7.0, γE[v]=33.5, Q=40.5 (bayes)
2026-09-22 17:10:20,456 INFO: Plan 2: ḡ=15.0, γE[v]=29.4, Q=44.4 (bayes)
2026-09-22 17:10:23,950 INFO: Plan 0: ḡ=34, γE[v]=0.0, Q=34.0 (fn)
2026-09-22 17:10:24,191 INFO: Plan 1: ḡ=82, γE[v]=0.0, Q=82.0 (fn)
2026-09-22 17:10:24,697 INFO: Plan 2: ḡ=64, γE[v]=0.0, Q=64.0 (fn)
2026-09-22 17:10:24,698 INFO: Plan 0: ḡ=15.7, γE[v]=37.5, Q=53.2 (bayes)
2026-09-22 17:10:24,698 INFO: Plan 1: ḡ=35.8, γE[v]=27.4, Q=63.2 (bayes)
2026-09-22 17:10:24,698 INFO: Plan 2: ḡ=31.5, γE[v]=29.6, Q=61.1 (bayes)
2026-09-22 17:10:27,818 INFO: Plan 0: ḡ=6, γE[v]=0.0, Q=6.0 (fn)
2026-09-22 17:10:27,852 INFO: Plan 1: ḡ=8, γE[v]=0.0, Q=8.0 (fn)
2026-09-22 17:10:27,991 INFO: Plan 2: ḡ=51, γE[v]=0.0, Q=51.0 (fn)
2026-09-22 17:10:28,963 INFO: Plan 2: ḡ=83, γE[v]=0.0, Q=83.0 (fn)
2026-09-22 17:10:29,134 INFO: Plan 2: ḡ=18, γE[v]=0.0, Q=18.0 (fn)
2026-09-22 17:10:29,202 INFO: Plan 0: ḡ=29, γE[v]=0.0, Q=29.0 (fn)
2026-09-22 17:10:29,237 INFO: Plan 1: ḡ=42, γE[v]=0.0, Q=42.0 (fn)
2026-09-22 17:10:29,341 INFO: Plan 1: ḡ=36, γE[v]=0.0, Q=36.0 (fn)
2026-09-22 17:10:29,342 INFO: Plan 0: ḡ=11.3, γE[v]=14.1, Q=25.4 (bayes)
2026-09-22 17:10:29,342 INFO: Plan 1: ḡ=9.2, γE[v]=15.2, Q=24.4 (bayes)
2026-09-22 17:10:29,342 INFO: Plan 2: ḡ=19.0, γE[v]=10.3, Q=29.3 (bayes)
2026-09-22 17:10:29,480 INFO: Plan 1: ḡ=71, γE[v]=0.0, Q=71.0 (fn)
2026-09-22 17:10:29,721 INFO: Plan 0: ḡ=26, γE[v]=0.0, Q=26.0 (fn)
2026-09-22 17:10:29,722 INFO: Plan 0: ḡ=52, γE[v]=0.5, Q=52.5 (fn)
2026-09-22 17:10:29,722 INFO: Plan 0: ḡ=11.8, γE[v]=21.1, Q=32.9 (bayes)
2026-09-22 17:10:29,723 INFO: Plan 0: ḡ=24.7, γE[v]=17.3, Q=42.0 (bayes)
2026-09-22 17:10:29,723 INFO: Plan 1: ḡ=35.5, γE[v]=9.2, Q=44.8 (bayes)
2026-09-22 17:10:29,723 INFO: Plan 1: ḡ=18.0, γE[v]=20.6, Q=38.6 (bayes)
2026-09-22 17:10:29,723 INFO: Plan 2: ḡ=6.7, γE[v]=23.7, Q=30.3 (bayes)
2026-09-22 17:10:29,723 INFO: Plan 2: ḡ=16.6, γE[v]=21.3, Q=37.9 (bayes)
2026-09-22 17:10:29,798 INFO: Plan 2: ḡ=257, γE[v]=0.0, Q=257.0 (fn)
2026-09-22 17:10:29,822 INFO: Plan 1: ḡ=136, γE[v]=0.0, Q=136.0 (fn)
2026-09-22 17:10:30,654 INFO: Plan 2: ḡ=10, γE[v]=6.0, Q=16.0 (fn)
2026-09-22 17:10:30,655 INFO: Plan 0: ḡ=1.7, γE[v]=2.7, Q=4.3 (bayes)
2026-09-22 17:10:30,655 INFO: Plan 1: ḡ=2.7, γE[v]=2.2, Q=4.8 (bayes)
2026-09-22 17:10:30,655 INFO: Plan 2: ḡ=3.2, γE[v]=2.2, Q=5.5 (bayes)
2026-09-22 17:10:31,247 INFO: Plan 0: ḡ=397, γE[v]=0.0, Q=397.0 (fn)
2026-09-22 17:10:31,248 INFO: Plan 0: ḡ=101.2, γE[v]=154.0, Q=255.2 (bayes)
2026-09-22 17:10:31,248 INFO: Plan 1: ḡ=37.0, γE[v]=186.1, Q=223.1 (bayes)
2026-09-22 17:10:31,248 INFO: Plan 2: ḡ=67.6, γE[v]=170.8, Q=238.4 (bayes)
2026-09-22 17:10:31,853 INFO: Plan 2: ḡ=0, γE[v]=0.0, Q=0.0 (fn)
2026-09-22 17:10:32,761 INFO: Plan 0: ḡ=13, γE[v]=0.0, Q=13.0 (fn)
2026-09-22 17:10:32,879 INFO: Plan 1: ḡ=13, γE[v]=0.0, Q=13.0 (fn)
2026-09-22 17:10:32,880 INFO: Plan 0: ḡ=5.8, γE[v]=3.2, Q=9.1 (bayes)
2026-09-22 17:10:32,880 INFO: Plan 1: ḡ=6.5, γE[v]=2.9, Q=9.4 (bayes)
2026-09-22 17:10:32,880 INFO: Plan 2: ḡ=0.0, γE[v]=6.2, Q=6.2 (bayes)
2026-09-22 17:10:33,321 INFO: Plan 0: ḡ=53, γE[v]=0.0, Q=53.0 (fn)
2026-09-22 17:10:33,350 INFO: Plan 1: ḡ=29, γE[v]=0.0, Q=29.0 (fn)
2026-09-22 17:10:33,378 INFO: Plan 2: ḡ=43, γE[v]=0.0, Q=43.0 (fn)
2026-09-22 17:10:33,379 INFO: Plan 0: ḡ=21.8, γE[v]=17.2, Q=39.0 (bayes)
2026-09-22 17:10:33,379 INFO: Plan 1: ḡ=14.5, γE[v]=20.9, Q=35.4 (bayes)
2026-09-22 17:10:33,379 INFO: Plan 2: ḡ=20.0, γE[v]=18.1, Q=38.1 (bayes)
2026-09-22 17:10:35,913 INFO: Plan 1: ḡ=39, γE[v]=0.0, Q=39.0 (fn)
2026-09-22 17:10:35,939 INFO: Plan 0: ḡ=32, γE[v]=0.0, Q=32.0 (fn)
2026-09-22 17:10:37,741 INFO: Plan 2: ḡ=23, γE[v]=0.0, Q=23.0 (fn)
2026-09-22 17:10:37,741 INFO: Plan 0: ḡ=14.3, γE[v]=42.7, Q=57.0 (bayes)
2026-09-22 17:10:37,741 INFO: Plan 1: ḡ=14.0, γE[v]=42.8, Q=56.8 (bayes)
2026-09-22 17:10:37,741 INFO: Plan 2: ḡ=11.5, γE[v]=44.1, Q=55.6 (bayes)
2026-09-22 17:10:38,407 INFO: Plan 0: ḡ=10, γE[v]=0.0, Q=10.0 (fn)
2026-09-22 17:10:40,050 INFO: Plan 2: ḡ=103, γE[v]=0.0, Q=103.0 (fn)
2026-09-22 17:10:40,167 INFO: Plan 1: ḡ=54, γE[v]=0.0, Q=54.0 (fn)
2026-09-22 17:10:40,168 INFO: Plan 0: ḡ=5.0, γE[v]=100.7, Q=105.7 (bayes)
2026-09-22 17:10:40,168 INFO: Plan 1: ḡ=23.8, γE[v]=91.3, Q=115.1 (bayes)
2026-09-22 17:10:40,168 INFO: Plan 2: ḡ=36.5, γE[v]=85.0, Q=121.5 (bayes)
2026-09-22 17:10:44,519 INFO: Plan 2: ḡ=34, γE[v]=0.0, Q=34.0 (fn)
2026-09-22 17:10:44,719 INFO: Plan 0: ḡ=11, γE[v]=0.0, Q=11.0 (fn)
2026-09-22 17:10:45,494 INFO: Plan 1: ḡ=56, γE[v]=0.0, Q=56.0 (fn)
2026-09-22 17:10:45,494 INFO: Plan 0: ḡ=6.2, γE[v]=44.9, Q=51.1 (bayes)
2026-09-22 17:10:45,494 INFO: Plan 1: ḡ=20.4, γE[v]=37.8, Q=58.2 (bayes)
2026-09-22 17:10:45,495 INFO: Plan 2: ḡ=8.9, γE[v]=43.5, Q=52.5 (bayes)
2026-09-22 17:10:45,812 INFO: Plan 1: ḡ=3, γE[v]=0.0, Q=3.0 (fn)
2026-09-22 17:10:45,813 INFO: Plan 0: ḡ=20, γE[v]=0.0, Q=20.0 (fn)
2026-09-22 17:10:46,226 INFO: Plan 2: ḡ=3, γE[v]=0.0, Q=3.0 (fn)
2026-09-22 17:10:46,227 INFO: Plan 0: ḡ=2.9, γE[v]=1.5, Q=4.4 (bayes)
2026-09-22 17:10:46,227 INFO: Plan 1: ḡ=1.5, γE[v]=2.2, Q=3.7 (bayes)
2026-09-22 17:10:46,227 INFO: Plan 2: ḡ=1.5, γE[v]=2.2, Q=3.7 (bayes)
2026-09-22 17:10:48,289 INFO: Plan 0: ḡ=75, γE[v]=0.0, Q=75.0 (fn)
2026-09-22 17:10:48,457 INFO: Plan 2: ḡ=33, γE[v]=0.0, Q=33.0 (fn)
2026-09-22 17:10:49,240 INFO: Plan 1: ḡ=69, γE[v]=0.0, Q=69.0 (fn)
2026-09-22 17:10:49,240 INFO: Plan 0: ḡ=46, γE[v]=0.0, Q=46.0 (fn)
2026-09-22 17:10:49,327 INFO: Plan 1: ḡ=117, γE[v]=0.0, Q=117.0 (fn)
2026-09-22 17:10:49,328 INFO: Plan 0: ḡ=23.0, γE[v]=85.4, Q=108.4 (bayes)
2026-09-22 17:10:49,328 INFO: Plan 1: ḡ=29.5, γE[v]=82.2, Q=111.7 (bayes)
2026-09-22 17:10:49,328 INFO: Plan 2: ḡ=16.5, γE[v]=88.7, Q=105.2 (bayes)
2026-09-22 17:10:51,016 INFO: Plan 0: ḡ=8, γE[v]=0.0, Q=8.0 (fn)
2026-09-22 17:10:51,075 INFO: Plan 2: ḡ=24, γE[v]=23.0, Q=47.0 (fn)
2026-09-22 17:10:51,078 INFO: Plan 0: ḡ=34.5, γE[v]=33.0, Q=67.5 (bayes)
2026-09-22 17:10:51,078 INFO: Plan 1: ḡ=26.8, γE[v]=36.9, Q=63.6 (bayes)
2026-09-22 17:10:51,079 INFO: Plan 2: ḡ=11.3, γE[v]=46.0, Q=57.4 (bayes)
2026-09-22 17:10:55,694 INFO: Plan 2: ḡ=36, γE[v]=0.0, Q=36.0 (fn)
2026-09-22 17:10:55,765 INFO: Plan 1: ḡ=45, γE[v]=0.0, Q=45.0 (fn)
2026-09-22 17:10:55,795 INFO: Plan 0: ḡ=26, γE[v]=4.5, Q=30.5 (fn)
2026-09-22 17:10:55,935 INFO: Plan 2: ḡ=35, γE[v]=18.0, Q=53.0 (fn)
2026-09-22 17:10:56,109 INFO: Plan 1: ḡ=17, γE[v]=0.0, Q=17.0 (fn)
2026-09-22 17:10:56,206 INFO: Plan 1: ḡ=3, γE[v]=0.0, Q=3.0 (fn)
2026-09-22 17:10:56,207 INFO: Plan 0: ḡ=3, γE[v]=0.0, Q=3.0 (fn)
2026-09-22 17:10:56,208 INFO: Plan 2: ḡ=3, γE[v]=0.0, Q=3.0 (fn)
2026-09-22 17:10:56,209 INFO: Plan 0: ḡ=0.6, γE[v]=0.0, Q=0.6 (bayes)
2026-09-22 17:10:56,209 INFO: Plan 1: ḡ=0.6, γE[v]=0.0, Q=0.6 (bayes)
2026-09-22 17:10:56,209 INFO: Plan 2: ḡ=0.6, γE[v]=0.0, Q=0.6 (bayes)
2026-09-22 17:10:56,388 INFO: Plan 0: ḡ=16, γE[v]=0.0, Q=16.0 (fn)
2026-09-22 17:10:56,417 INFO: Plan 2: ḡ=23, γE[v]=0.0, Q=23.0 (fn)
2026-09-22 17:10:56,417 INFO: Plan 0: ḡ=8.2, γE[v]=46.5, Q=54.6 (bayes)
2026-09-22 17:10:56,417 INFO: Plan 1: ḡ=19.0, γE[v]=40.7, Q=59.8 (bayes)
2026-09-22 17:10:56,418 INFO: Plan 2: ḡ=10.5, γE[v]=45.0, Q=55.5 (bayes)
2026-09-22 17:10:56,449 INFO: Plan 1: ḡ=12, γE[v]=12.5, Q=24.5 (fn)
2026-09-22 17:10:56,449 INFO: Plan 0: ḡ=2.8, γE[v]=53.1, Q=55.9 (bayes)
2026-09-22 17:10:56,449 INFO: Plan 1: ḡ=4.8, γE[v]=52.6, Q=57.5 (bayes)
2026-09-22 17:10:56,450 INFO: Plan 2: ḡ=10.8, γE[v]=50.2, Q=61.0 (bayes)
2026-09-22 17:10:56,476 INFO: Plan 1: ḡ=42, γE[v]=0.0, Q=42.0 (fn)
2026-09-22 17:10:56,592 INFO: Plan 2: ḡ=16, γE[v]=0.0, Q=16.0 (fn)
2026-09-22 17:10:56,593 INFO: Plan 0: ḡ=5.0, γE[v]=8.5, Q=13.5 (bayes)
2026-09-22 17:10:56,593 INFO: Plan 1: ḡ=13.0, γE[v]=4.5, Q=17.5 (bayes)
2026-09-22 17:10:56,593 INFO: Plan 2: ḡ=4.0, γE[v]=9.0, Q=13.0 (bayes)
2026-09-22 17:10:57,397 INFO: Plan 0: ḡ=60, γE[v]=0.0, Q=60.0 (fn)
2026-09-22 17:10:58,180 INFO: Plan 2: ḡ=2, γE[v]=0.0, Q=2.0 (fn)
2026-09-22 17:10:58,181 INFO: Plan 2: ḡ=59, γE[v]=0.0, Q=59.0 (fn)
2026-09-22 17:10:58,182 INFO: Plan 0: ḡ=23.1, γE[v]=66.5, Q=89.6 (bayes)
2026-09-22 17:10:58,182 INFO: Plan 1: ḡ=8.5, γE[v]=73.8, Q=82.3 (bayes)
2026-09-22 17:10:58,182 INFO: Plan 2: ḡ=21.3, γE[v]=67.4, Q=88.7 (bayes)
2026-09-22 17:10:58,354 INFO: Plan 1: ḡ=4, γE[v]=0.0, Q=4.0 (fn)
2026-09-22 17:10:58,413 INFO: Plan 0: ḡ=4, γE[v]=0.0, Q=4.0 (fn)
2026-09-22 17:10:59,606 INFO: Plan 0: ḡ=0, γE[v]=0.0, Q=0.0 (fn)
2026-09-22 17:10:59,607 INFO: Plan 2: ḡ=0, γE[v]=0.0, Q=0.0 (fn)
2026-09-22 17:10:59,608 INFO: Plan 1: ḡ=0, γE[v]=0.0, Q=0.0 (fn)
2026-09-22 17:10:59,611 INFO: Plan 0: ḡ=16, γE[v]=10.0, Q=26.0 (fn)
2026-09-22 17:10:59,611 INFO: Plan 0: ḡ=0.0, γE[v]=0.0, Q=0.0 (bayes)
2026-09-22 17:10:59,611 INFO: Plan 1: ḡ=0.0, γE[v]=0.0, Q=0.0 (bayes)
2026-09-22 17:10:59,612 INFO: Plan 2: ḡ=0.0, γE[v]=0.0, Q=0.0 (bayes)
2026-09-22 17:11:00,470 INFO: Plan 1: ḡ=170, γE[v]=0.0, Q=170.0 (fn)
2026-09-22 17:11:00,471 INFO: Plan 0: ḡ=5.7, γE[v]=43.7, Q=49.3 (bayes)
2026-09-22 17:11:00,471 INFO: Plan 1: ḡ=61.2, γE[v]=15.3, Q=76.5 (bayes)
2026-09-22 17:11:00,471 INFO: Plan 2: ḡ=17.5, γE[v]=37.2, Q=54.7 (bayes)
2026-09-22 17:11:00,557 INFO: Plan 0: ḡ=3, γE[v]=0.0, Q=3.0 (fn)
2026-09-22 17:11:01,315 INFO: Plan 2: ḡ=2, γE[v]=1.5, Q=3.5 (fn)
2026-09-22 17:11:01,430 INFO: Plan 1: ḡ=2, γE[v]=1.5, Q=3.5 (fn)
  [1/27] rich.text seed=42: {'cov_qvalue_tgt_fnt_touch_calib': 232, 'cov_qvalue_tgt_fnt_bayes_touch_calib': 237}
2026-09-22 17:11:07,045 INFO: Plan 2: ḡ=14, γE[v]=0.0, Q=14.0 (fn)
2026-09-22 17:11:07,201 INFO: Plan 0: ḡ=6, γE[v]=0.0, Q=6.0 (fn)
2026-09-22 17:11:07,222 INFO: Plan 1: ḡ=24, γE[v]=0.0, Q=24.0 (fn)
2026-09-22 17:11:07,251 INFO: Plan 0: ḡ=6, γE[v]=0.0, Q=6.0 (fn)
2026-09-22 17:11:07,252 INFO: Plan 0: ḡ=2.7, γE[v]=7.9, Q=10.6 (bayes)
2026-09-22 17:11:07,252 INFO: Plan 1: ḡ=11.2, γE[v]=3.7, Q=14.8 (bayes)
2026-09-22 17:11:07,252 INFO: Plan 2: ḡ=4.7, γE[v]=6.9, Q=11.6 (bayes)
2026-09-22 17:11:07,340 INFO: Plan 2: ḡ=22, γE[v]=0.0, Q=22.0 (fn)
  [2/27] flask.helpers seed=42: {'cov_qvalue_tgt_fnt_touch_calib': 27, 'cov_qvalue_tgt_fnt_bayes_touch_calib': 26}
2026-09-22 17:11:12,775 INFO: Plan 1: ḡ=20, γE[v]=13.5, Q=33.5 (fn)
2026-09-22 17:11:12,775 INFO: Plan 0: ḡ=2.2, γE[v]=27.4, Q=29.7 (bayes)
2026-09-22 17:11:12,775 INFO: Plan 1: ḡ=6.8, γE[v]=25.9, Q=32.7 (bayes)
2026-09-22 17:11:12,775 INFO: Plan 2: ḡ=7.8, γE[v]=24.6, Q=32.5 (bayes)
2026-09-22 17:11:13,851 INFO: Plan 0: ḡ=42, γE[v]=0.0, Q=42.0 (fn)
2026-09-22 17:11:13,992 INFO: Plan 1: ḡ=39, γE[v]=0.0, Q=39.0 (fn)
2026-09-22 17:11:14,163 INFO: Plan 1: ḡ=29, γE[v]=0.0, Q=29.0 (fn)
2026-09-22 17:11:14,462 INFO: Plan 2: ḡ=51, γE[v]=0.0, Q=51.0 (fn)
2026-09-22 17:11:14,491 INFO: Plan 0: ḡ=34, γE[v]=0.0, Q=34.0 (fn)
2026-09-22 17:11:14,501 INFO: Plan 1: ḡ=121, γE[v]=0.0, Q=121.0 (fn)
2026-09-22 17:11:14,660 INFO: Plan 0: ḡ=29, γE[v]=0.0, Q=29.0 (fn)
2026-09-22 17:11:14,660 INFO: Plan 0: ḡ=9.7, γE[v]=15.1, Q=24.7 (bayes)
2026-09-22 17:11:14,661 INFO: Plan 1: ḡ=13.5, γE[v]=13.1, Q=26.6 (bayes)
2026-09-22 17:11:14,661 INFO: Plan 2: ḡ=16.6, γE[v]=11.6, Q=28.2 (bayes)
2026-09-22 17:11:14,772 INFO: Plan 2: ḡ=0, γE[v]=0.0, Q=0.0 (fn)
2026-09-22 17:11:15,119 INFO: Plan 1: ḡ=4, γE[v]=0.0, Q=4.0 (fn)
2026-09-22 17:11:15,147 INFO: Plan 2: ḡ=41, γE[v]=0.0, Q=41.0 (fn)
2026-09-22 17:11:15,175 INFO: Plan 0: ḡ=9, γE[v]=0.0, Q=9.0 (fn)
2026-09-22 17:11:15,175 INFO: Plan 0: ḡ=4.5, γE[v]=0.7, Q=5.2 (bayes)
2026-09-22 17:11:15,175 INFO: Plan 1: ḡ=1.3, γE[v]=2.2, Q=3.6 (bayes)
2026-09-22 17:11:15,176 INFO: Plan 2: ḡ=0.0, γE[v]=2.9, Q=2.9 (bayes)
2026-09-22 17:11:15,288 INFO: Plan 2: ḡ=177, γE[v]=0.0, Q=177.0 (fn)
2026-09-22 17:11:15,315 INFO: Plan 1: ḡ=52, γE[v]=9.5, Q=61.5 (fn)
2026-09-22 17:11:15,315 INFO: Plan 0: ḡ=15.7, γE[v]=27.2, Q=42.9 (bayes)
2026-09-22 17:11:15,315 INFO: Plan 1: ḡ=19.3, γE[v]=25.9, Q=45.2 (bayes)
2026-09-22 17:11:15,315 INFO: Plan 2: ḡ=20.0, γE[v]=25.1, Q=45.1 (bayes)
2026-09-22 17:11:15,535 INFO: Plan 2: ḡ=80, γE[v]=0.0, Q=80.0 (fn)
2026-09-22 17:11:15,536 INFO: Plan 0: ḡ=14.0, γE[v]=56.7, Q=70.7 (bayes)
2026-09-22 17:11:15,536 INFO: Plan 1: ḡ=14.0, γE[v]=56.7, Q=70.7 (bayes)
2026-09-22 17:11:15,536 INFO: Plan 2: ḡ=23.6, γE[v]=51.9, Q=75.5 (bayes)
2026-09-22 17:11:15,700 INFO: Plan 2: ḡ=101, γE[v]=0.0, Q=101.0 (fn)
2026-09-22 17:11:15,755 INFO: Plan 0: ḡ=29, γE[v]=0.0, Q=29.0 (fn)
2026-09-22 17:11:15,860 INFO: Plan 1: ḡ=36, γE[v]=0.0, Q=36.0 (fn)
2026-09-22 17:11:15,861 INFO: Plan 0: ḡ=11.3, γE[v]=12.2, Q=23.5 (bayes)
2026-09-22 17:11:15,861 INFO: Plan 1: ḡ=9.2, γE[v]=13.2, Q=22.5 (bayes)
2026-09-22 17:11:15,861 INFO: Plan 2: ḡ=21.5, γE[v]=7.1, Q=28.6 (bayes)
2026-09-22 17:11:17,867 INFO: Plan 0: ḡ=4, γE[v]=0.0, Q=4.0 (fn)
2026-09-22 17:11:17,868 INFO: Plan 1: ḡ=2, γE[v]=0.0, Q=2.0 (fn)
2026-09-22 17:11:17,869 INFO: Plan 2: ḡ=6, γE[v]=0.0, Q=6.0 (fn)
2026-09-22 17:11:17,869 INFO: Plan 0: ḡ=0.9, γE[v]=1.0, Q=1.9 (bayes)
2026-09-22 17:11:17,870 INFO: Plan 1: ḡ=0.5, γE[v]=1.2, Q=1.7 (bayes)
2026-09-22 17:11:17,870 INFO: Plan 2: ḡ=1.5, γE[v]=0.7, Q=2.2 (bayes)
2026-09-22 17:11:18,736 INFO: Plan 1: ḡ=3, γE[v]=0.0, Q=3.0 (fn)
2026-09-22 17:11:18,737 INFO: Plan 0: ḡ=20, γE[v]=0.0, Q=20.0 (fn)
2026-09-22 17:11:18,790 INFO: Plan 2: ḡ=3, γE[v]=0.0, Q=3.0 (fn)
2026-09-22 17:11:18,791 INFO: Plan 0: ḡ=2.5, γE[v]=1.5, Q=4.0 (bayes)
2026-09-22 17:11:18,791 INFO: Plan 1: ḡ=1.5, γE[v]=2.0, Q=3.5 (bayes)
2026-09-22 17:11:18,791 INFO: Plan 2: ḡ=1.5, γE[v]=2.0, Q=3.5 (bayes)
2026-09-22 17:11:19,392 INFO: Plan 0: ḡ=17, γE[v]=0.0, Q=17.0 (fn)
2026-09-22 17:11:19,749 INFO: Plan 1: ḡ=42, γE[v]=0.0, Q=42.0 (fn)
2026-09-22 17:11:19,965 INFO: Plan 0: ḡ=21, γE[v]=0.0, Q=21.0 (fn)
2026-09-22 17:11:20,019 INFO: Plan 2: ḡ=21, γE[v]=0.0, Q=21.0 (fn)
2026-09-22 17:11:20,324 INFO: Plan 0: ḡ=395, γE[v]=164.5, Q=559.5 (fn)
2026-09-22 17:11:20,325 INFO: Plan 0: ḡ=86.2, γE[v]=160.7, Q=246.8 (bayes)
2026-09-22 17:11:20,325 INFO: Plan 1: ḡ=26.3, γE[v]=179.6, Q=205.9 (bayes)
2026-09-22 17:11:20,325 INFO: Plan 2: ḡ=41.7, γE[v]=171.9, Q=213.6 (bayes)
2026-09-22 17:11:21,019 INFO: Plan 2: ḡ=75, γE[v]=0.0, Q=75.0 (fn)
2026-09-22 17:11:21,019 INFO: Plan 0: ḡ=7.2, γE[v]=81.1, Q=88.2 (bayes)
2026-09-22 17:11:21,019 INFO: Plan 1: ḡ=16.0, γE[v]=76.7, Q=92.7 (bayes)
2026-09-22 17:11:21,020 INFO: Plan 2: ḡ=27.5, γE[v]=70.9, Q=98.4 (bayes)
2026-09-22 17:11:21,348 INFO: Plan 1: ḡ=45, γE[v]=20.5, Q=65.5 (fn)
2026-09-22 17:11:21,348 INFO: Plan 0: ḡ=6.3, γE[v]=15.5, Q=21.8 (bayes)
2026-09-22 17:11:21,348 INFO: Plan 1: ḡ=22.5, γE[v]=8.6, Q=31.1 (bayes)
2026-09-22 17:11:21,349 INFO: Plan 2: ḡ=9.0, γE[v]=14.2, Q=23.1 (bayes)
2026-09-22 17:11:25,014 INFO: Plan 0: ḡ=29, γE[v]=0.0, Q=29.0 (fn)
  [3/27] click.termui seed=42: {'cov_qvalue_tgt_fnt_touch_calib': 47, 'cov_qvalue_tgt_fnt_bayes_touch_calib': 38}
2026-09-22 17:11:26,145 INFO: Plan 2: ḡ=79, γE[v]=0.0, Q=79.0 (fn)
2026-09-22 17:11:26,259 INFO: Plan 1: ḡ=9, γE[v]=3.0, Q=12.0 (fn)
2026-09-22 17:11:26,259 INFO: Plan 0: ḡ=14.3, γE[v]=35.0, Q=49.3 (bayes)
2026-09-22 17:11:26,259 INFO: Plan 1: ḡ=4.5, γE[v]=40.1, Q=44.5 (bayes)
2026-09-22 17:11:26,259 INFO: Plan 2: ḡ=39.5, γE[v]=22.4, Q=61.9 (bayes)
2026-09-22 17:11:28,180 INFO: Plan 0: ḡ=11, γE[v]=0.0, Q=11.0 (fn)
2026-09-22 17:11:30,481 INFO: Plan 1: ḡ=72, γE[v]=0.0, Q=72.0 (fn)
2026-09-22 17:11:30,863 INFO: Plan 2: ḡ=76, γE[v]=15.5, Q=91.5 (fn)
2026-09-22 17:11:30,863 INFO: Plan 0: ḡ=6.1, γE[v]=40.7, Q=46.8 (bayes)
2026-09-22 17:11:30,863 INFO: Plan 1: ḡ=26.3, γE[v]=30.6, Q=56.9 (bayes)
2026-09-22 17:11:30,863 INFO: Plan 2: ḡ=33.6, γE[v]=27.8, Q=61.4 (bayes)
  [4/27] rich.console seed=42: {'cov_qvalue_tgt_fnt_touch_calib': 292, 'cov_qvalue_tgt_fnt_bayes_touch_calib': 221}
2026-09-22 17:11:31,127 INFO: Plan 1: ḡ=60, γE[v]=0.0, Q=60.0 (fn)
2026-09-22 17:11:31,183 INFO: Plan 0: ḡ=46, γE[v]=0.0, Q=46.0 (fn)
2026-09-22 17:11:34,755 INFO: Plan 2: ḡ=66, γE[v]=6.0, Q=72.0 (fn)
2026-09-22 17:11:34,756 INFO: Plan 0: ḡ=23.0, γE[v]=75.2, Q=98.2 (bayes)
2026-09-22 17:11:34,756 INFO: Plan 1: ḡ=14.4, γE[v]=79.5, Q=93.9 (bayes)
2026-09-22 17:11:34,756 INFO: Plan 2: ḡ=33.0, γE[v]=70.5, Q=103.5 (bayes)
2026-09-22 17:11:37,468 INFO: Plan 0: ḡ=2, γE[v]=0.0, Q=2.0 (fn)
2026-09-22 17:11:37,469 INFO: Plan 1: ḡ=2, γE[v]=0.0, Q=2.0 (fn)
2026-09-22 17:11:37,470 INFO: Plan 2: ḡ=2, γE[v]=0.0, Q=2.0 (fn)
2026-09-22 17:11:37,470 INFO: Plan 0: ḡ=0.3, γE[v]=0.0, Q=0.3 (bayes)
2026-09-22 17:11:37,470 INFO: Plan 1: ḡ=0.3, γE[v]=0.0, Q=0.3 (bayes)
2026-09-22 17:11:37,470 INFO: Plan 2: ḡ=0.3, γE[v]=0.0, Q=0.3 (bayes)
2026-09-22 17:11:37,615 INFO: Plan 1: ḡ=43, γE[v]=0.0, Q=43.0 (fn)
  [5/27] click.types seed=42: {'cov_qvalue_tgt_fnt_touch_calib': 88, 'cov_qvalue_tgt_fnt_bayes_touch_calib': 63}
2026-09-22 17:11:37,842 INFO: Plan 2: ḡ=72, γE[v]=3.5, Q=75.5 (fn)
2026-09-22 17:11:38,038 INFO: Plan 0: ḡ=27, γE[v]=0.0, Q=27.0 (fn)
2026-09-22 17:11:38,604 INFO: Plan 1: ḡ=89, γE[v]=5.0, Q=94.0 (fn)
2026-09-22 17:11:38,689 INFO: Plan 0: ḡ=46, γE[v]=25.0, Q=71.0 (fn)
2026-09-22 17:11:38,689 INFO: Plan 0: ḡ=12.6, γE[v]=28.2, Q=40.9 (bayes)
2026-09-22 17:11:38,690 INFO: Plan 1: ḡ=34.8, γE[v]=15.8, Q=50.6 (bayes)
2026-09-22 17:11:38,690 INFO: Plan 2: ḡ=26.4, γE[v]=20.0, Q=46.4 (bayes)
2026-09-22 17:11:38,914 INFO: Plan 2: ḡ=49, γE[v]=0.0, Q=49.0 (fn)
2026-09-22 17:11:38,914 INFO: Plan 0: ḡ=8.7, γE[v]=38.5, Q=47.2 (bayes)
2026-09-22 17:11:38,914 INFO: Plan 1: ḡ=17.8, γE[v]=34.0, Q=51.8 (bayes)
2026-09-22 17:11:38,914 INFO: Plan 2: ḡ=23.5, γE[v]=31.1, Q=54.6 (bayes)
2026-09-22 17:11:39,810 INFO: Plan 1: ḡ=8, γE[v]=0.0, Q=8.0 (fn)
2026-09-22 17:11:39,892 INFO: Plan 2: ḡ=8, γE[v]=0.0, Q=8.0 (fn)
2026-09-22 17:11:40,420 INFO: Plan 0: ḡ=20, γE[v]=0.0, Q=20.0 (fn)
2026-09-22 17:11:40,421 INFO: Plan 0: ḡ=7.3, γE[v]=0.0, Q=7.3 (bayes)
2026-09-22 17:11:40,421 INFO: Plan 1: ḡ=2.7, γE[v]=2.3, Q=5.0 (bayes)
2026-09-22 17:11:40,421 INFO: Plan 2: ḡ=2.7, γE[v]=2.3, Q=5.0 (bayes)
2026-09-22 17:11:43,514 INFO: Plan 0: ḡ=8, γE[v]=0.0, Q=8.0 (fn)
2026-09-22 17:11:43,902 INFO: Plan 2: ḡ=36, γE[v]=0.0, Q=36.0 (fn)
2026-09-22 17:11:47,154 INFO: Plan 0: ḡ=74, γE[v]=0.0, Q=74.0 (fn)
2026-09-22 17:11:47,366 INFO: Plan 1: ḡ=12, γE[v]=12.5, Q=24.5 (fn)
2026-09-22 17:11:47,422 INFO: Plan 2: ḡ=45, γE[v]=18.0, Q=63.0 (fn)
2026-09-22 17:11:47,422 INFO: Plan 0: ḡ=2.8, γE[v]=50.3, Q=53.1 (bayes)
2026-09-22 17:11:47,423 INFO: Plan 1: ḡ=4.8, γE[v]=49.9, Q=54.7 (bayes)
2026-09-22 17:11:47,423 INFO: Plan 2: ḡ=11.6, γE[v]=47.1, Q=58.7 (bayes)
2026-09-22 17:11:47,697 INFO: Plan 0: ḡ=13, γE[v]=10.0, Q=23.0 (fn)
2026-09-22 17:11:47,806 INFO: Plan 2: ḡ=33, γE[v]=0.0, Q=33.0 (fn)
2026-09-22 17:11:47,970 INFO: Plan 1: ḡ=71, γE[v]=0.0, Q=71.0 (fn)
2026-09-22 17:11:47,970 INFO: Plan 0: ḡ=30.1, γE[v]=53.6, Q=83.7 (bayes)
2026-09-22 17:11:47,971 INFO: Plan 1: ḡ=35.5, γE[v]=50.9, Q=86.4 (bayes)
2026-09-22 17:11:47,971 INFO: Plan 2: ḡ=14.8, γE[v]=61.3, Q=76.0 (bayes)
2026-09-22 17:11:48,246 INFO: Plan 1: ḡ=22, γE[v]=9.0, Q=31.0 (fn)
2026-09-22 17:11:48,247 INFO: Plan 0: ḡ=3.4, γE[v]=36.7, Q=40.1 (bayes)
2026-09-22 17:11:48,247 INFO: Plan 1: ḡ=5.5, γE[v]=35.5, Q=41.0 (bayes)
2026-09-22 17:11:48,247 INFO: Plan 2: ḡ=17.5, γE[v]=29.0, Q=46.5 (bayes)
2026-09-22 17:11:48,747 INFO: Plan 0: ḡ=10, γE[v]=0.0, Q=10.0 (fn)
  [6/27] pydantic.main seed=42: {'cov_qvalue_tgt_fnt_touch_calib': 204, 'cov_qvalue_tgt_fnt_bayes_touch_calib': 222}
2026-09-22 17:11:49,916 INFO: Plan 1: ḡ=0, γE[v]=0.0, Q=0.0 (fn)
2026-09-22 17:11:49,917 INFO: Plan 2: ḡ=0, γE[v]=0.0, Q=0.0 (fn)
2026-09-22 17:11:50,025 INFO: Plan 0: ḡ=4, γE[v]=0.0, Q=4.0 (fn)
2026-09-22 17:11:50,025 INFO: Plan 0: ḡ=1.3, γE[v]=0.0, Q=1.3 (bayes)
2026-09-22 17:11:50,026 INFO: Plan 1: ḡ=0.0, γE[v]=0.7, Q=0.7 (bayes)
2026-09-22 17:11:50,026 INFO: Plan 2: ḡ=0.0, γE[v]=0.7, Q=0.7 (bayes)
2026-09-22 17:11:51,366 INFO: Plan 1: ḡ=16, γE[v]=8.0, Q=24.0 (fn)
2026-09-22 17:11:51,368 INFO: Plan 2: ḡ=18, γE[v]=2.5, Q=20.5 (fn)
2026-09-22 17:11:51,391 INFO: Plan 0: ḡ=17, γE[v]=0.0, Q=17.0 (fn)
2026-09-22 17:11:51,850 INFO: Plan 1: ḡ=23, γE[v]=9.0, Q=32.0 (fn)
2026-09-22 17:11:51,851 INFO: Plan 0: ḡ=5.7, γE[v]=8.8, Q=14.4 (bayes)
2026-09-22 17:11:51,851 INFO: Plan 1: ḡ=8.5, γE[v]=7.7, Q=16.2 (bayes)
2026-09-22 17:11:51,851 INFO: Plan 2: ḡ=9.0, γE[v]=7.2, Q=16.2 (bayes)
2026-09-22 17:11:52,192 INFO: Plan 2: ḡ=30, γE[v]=6.0, Q=36.0 (fn)
2026-09-22 17:11:52,193 INFO: Plan 0: ḡ=3.4, γE[v]=22.4, Q=25.8 (bayes)
2026-09-22 17:11:52,193 INFO: Plan 1: ḡ=4.2, γE[v]=22.5, Q=26.7 (bayes)
2026-09-22 17:11:52,193 INFO: Plan 2: ḡ=10.0, γE[v]=19.4, Q=29.4 (bayes)
2026-09-22 17:11:53,732 INFO: Plan 1: ḡ=86, γE[v]=0.0, Q=86.0 (fn)
2026-09-22 17:11:53,978 INFO: Plan 2: ḡ=82, γE[v]=0.0, Q=82.0 (fn)
2026-09-22 17:11:54,540 INFO: Plan 0: ḡ=29, γE[v]=0.0, Q=29.0 (fn)
2026-09-22 17:11:54,640 INFO: Plan 1: ḡ=36, γE[v]=0.0, Q=36.0 (fn)
2026-09-22 17:11:54,640 INFO: Plan 0: ḡ=9.8, γE[v]=11.0, Q=20.8 (bayes)
2026-09-22 17:11:54,640 INFO: Plan 1: ḡ=9.2, γE[v]=11.3, Q=20.5 (bayes)
2026-09-22 17:11:54,640 INFO: Plan 2: ḡ=12.8, γE[v]=9.5, Q=22.3 (bayes)
2026-09-22 17:11:55,857 INFO: Plan 0: ḡ=34, γE[v]=0.0, Q=34.0 (fn)
2026-09-22 17:11:56,182 INFO: Plan 1: ḡ=33, γE[v]=0.0, Q=33.0 (fn)
2026-09-22 17:11:57,800 INFO: Plan 2: ḡ=55, γE[v]=17.5, Q=72.5 (fn)
2026-09-22 17:11:57,801 INFO: Plan 0: ḡ=15.7, γE[v]=19.7, Q=35.4 (bayes)
2026-09-22 17:11:57,801 INFO: Plan 1: ḡ=9.4, γE[v]=22.8, Q=32.2 (bayes)
2026-09-22 17:11:57,801 INFO: Plan 2: ḡ=25.7, γE[v]=15.7, Q=41.3 (bayes)
2026-09-22 17:11:58,288 INFO: Plan 0: ḡ=51, γE[v]=141.0, Q=192.0 (fn)
2026-09-22 17:11:58,955 INFO: Plan 2: ḡ=143, γE[v]=139.0, Q=282.0 (fn)
2026-09-22 17:11:58,955 INFO: Plan 0: ḡ=25.5, γE[v]=164.8, Q=190.3 (bayes)
2026-09-22 17:11:58,955 INFO: Plan 1: ḡ=43.0, γE[v]=149.8, Q=192.8 (bayes)
2026-09-22 17:11:58,955 INFO: Plan 2: ḡ=71.5, γE[v]=141.8, Q=213.2 (bayes)
2026-09-22 17:11:59,462 INFO: Plan 1: ḡ=122, γE[v]=0.0, Q=122.0 (fn)
  [7/27] flask.app seed=42: {'cov_qvalue_tgt_fnt_touch_calib': 191, 'cov_qvalue_tgt_fnt_bayes_touch_calib': 201}
2026-09-22 17:11:59,868 INFO: Plan 2: ḡ=20, γE[v]=0.0, Q=20.0 (fn)
2026-09-22 17:11:59,920 INFO: Plan 0: ḡ=21, γE[v]=0.0, Q=21.0 (fn)
2026-09-22 17:12:00,047 INFO: Plan 1: ḡ=29, γE[v]=0.0, Q=29.0 (fn)
2026-09-22 17:12:00,047 INFO: Plan 0: ḡ=4.7, γE[v]=6.6, Q=11.3 (bayes)
2026-09-22 17:12:00,047 INFO: Plan 1: ḡ=9.7, γE[v]=4.1, Q=13.8 (bayes)
2026-09-22 17:12:00,047 INFO: Plan 2: ḡ=5.9, γE[v]=6.0, Q=11.9 (bayes)
  [8/27] werkzeug.datastructures.structures seed=42: {'cov_qvalue_tgt_fnt_touch_calib': 113, 'cov_qvalue_tgt_fnt_bayes_touch_calib': 125}
2026-09-22 17:12:02,754 INFO: Plan 2: ḡ=206, γE[v]=122.0, Q=328.0 (fn)
2026-09-22 17:12:02,828 INFO: Plan 2: ḡ=0, γE[v]=0.0, Q=0.0 (fn)
2026-09-22 17:12:03,675 INFO: Plan 1: ḡ=2, γE[v]=0.0, Q=2.0 (fn)
2026-09-22 17:12:03,676 INFO: Plan 0: ḡ=4, γE[v]=0.0, Q=4.0 (fn)
2026-09-22 17:12:03,677 INFO: Plan 0: ḡ=0.9, γE[v]=0.2, Q=1.1 (bayes)
2026-09-22 17:12:03,677 INFO: Plan 1: ḡ=0.5, γE[v]=0.4, Q=0.9 (bayes)
2026-09-22 17:12:03,677 INFO: Plan 2: ḡ=0.0, γE[v]=0.7, Q=0.7 (bayes)
2026-09-22 17:12:04,681 INFO: Plan 0: ḡ=428, γE[v]=170.5, Q=598.5 (fn)
2026-09-22 17:12:04,681 INFO: Plan 0: ḡ=77.4, γE[v]=149.8, Q=227.2 (bayes)
2026-09-22 17:12:04,681 INFO: Plan 1: ḡ=23.0, γE[v]=164.8, Q=187.8 (bayes)
2026-09-22 17:12:04,682 INFO: Plan 2: ḡ=44.8, γE[v]=162.4, Q=207.2 (bayes)
2026-09-22 17:12:04,757 INFO: Plan 0: ḡ=42, γE[v]=0.0, Q=42.0 (fn)
2026-09-22 17:12:04,885 INFO: Plan 1: ḡ=39, γE[v]=0.0, Q=39.0 (fn)
2026-09-22 17:12:05,186 INFO: Plan 2: ḡ=60, γE[v]=0.0, Q=60.0 (fn)
2026-09-22 17:12:05,190 INFO: Plan 0: ḡ=12.8, γE[v]=54.6, Q=67.3 (bayes)
2026-09-22 17:12:05,190 INFO: Plan 1: ḡ=14.0, γE[v]=53.9, Q=68.0 (bayes)
2026-09-22 17:12:05,190 INFO: Plan 2: ḡ=13.1, γE[v]=54.4, Q=67.5 (bayes)
  [9/27] werkzeug.http seed=42: {'cov_qvalue_tgt_fnt_touch_calib': 94, 'cov_qvalue_tgt_fnt_bayes_touch_calib': 151}
2026-09-22 17:12:08,354 INFO: Plan 0: ḡ=30, γE[v]=0.0, Q=30.0 (fn)
2026-09-22 17:12:08,784 INFO: Plan 2: ḡ=24, γE[v]=0.0, Q=24.0 (fn)
2026-09-22 17:12:09,089 INFO: Plan 1: ḡ=40, γE[v]=0.0, Q=40.0 (fn)
2026-09-22 17:12:09,090 INFO: Plan 0: ḡ=14.6, γE[v]=25.5, Q=40.0 (bayes)
2026-09-22 17:12:09,090 INFO: Plan 1: ḡ=14.5, γE[v]=25.5, Q=40.0 (bayes)
2026-09-22 17:12:09,090 INFO: Plan 2: ḡ=8.8, γE[v]=28.3, Q=37.2 (bayes)
2026-09-22 17:12:11,459 INFO: Plan 0: ḡ=46, γE[v]=0.0, Q=46.0 (fn)
2026-09-22 17:12:11,841 INFO: Plan 1: ḡ=79, γE[v]=0.0, Q=79.0 (fn)
2026-09-22 17:12:13,678 INFO: Plan 1: ḡ=0, γE[v]=0.0, Q=0.0 (fn)
2026-09-22 17:12:13,702 INFO: Plan 2: ḡ=0, γE[v]=0.0, Q=0.0 (fn)
2026-09-22 17:12:14,612 INFO: Plan 0: ḡ=0, γE[v]=0.0, Q=0.0 (fn)
2026-09-22 17:12:14,612 INFO: Plan 0: ḡ=0.0, γE[v]=0.0, Q=0.0 (bayes)
2026-09-22 17:12:14,612 INFO: Plan 1: ḡ=0.0, γE[v]=0.0, Q=0.0 (bayes)
2026-09-22 17:12:14,612 INFO: Plan 2: ḡ=0.0, γE[v]=0.0, Q=0.0 (bayes)
2026-09-22 17:12:14,819 INFO: Plan 2: ḡ=66, γE[v]=6.0, Q=72.0 (fn)
2026-09-22 17:12:14,819 INFO: Plan 0: ḡ=23.0, γE[v]=68.7, Q=91.7 (bayes)
2026-09-22 17:12:14,819 INFO: Plan 1: ḡ=23.9, γE[v]=68.2, Q=92.2 (bayes)
2026-09-22 17:12:14,819 INFO: Plan 2: ḡ=22.0, γE[v]=69.6, Q=91.6 (bayes)
2026-09-22 17:12:19,396 INFO: Plan 1: ḡ=54, γE[v]=0.0, Q=54.0 (fn)
2026-09-22 17:12:19,753 INFO: Plan 1: ḡ=45, γE[v]=0.0, Q=45.0 (fn)
2026-09-22 17:12:19,942 INFO: Plan 0: ḡ=35, γE[v]=0.0, Q=35.0 (fn)
2026-09-22 17:12:19,997 INFO: Plan 2: ḡ=54, γE[v]=2.5, Q=56.5 (fn)
  [10/27] jinja2.filters seed=42: {'cov_qvalue_tgt_fnt_touch_calib': 168, 'cov_qvalue_tgt_fnt_bayes_touch_calib': 162}
2026-09-22 17:12:22,649 INFO: Plan 2: ḡ=51, γE[v]=1.0, Q=52.0 (fn)
2026-09-22 17:12:22,650 INFO: Plan 0: ḡ=10.7, γE[v]=26.2, Q=36.9 (bayes)
2026-09-22 17:12:22,650 INFO: Plan 1: ḡ=18.2, γE[v]=22.4, Q=40.7 (bayes)
2026-09-22 17:12:22,650 INFO: Plan 2: ḡ=21.3, γE[v]=20.9, Q=42.3 (bayes)
2026-09-22 17:12:22,929 INFO: Plan 0: ḡ=7, γE[v]=0.0, Q=7.0 (fn)
2026-09-22 17:12:23,145 INFO: Plan 2: ḡ=18, γE[v]=0.0, Q=18.0 (fn)
2026-09-22 17:12:23,415 INFO: Plan 0: ḡ=72, γE[v]=38.5, Q=110.5 (fn)
2026-09-22 17:12:23,416 INFO: Plan 0: ḡ=20.4, γE[v]=17.4, Q=37.9 (bayes)
2026-09-22 17:12:23,416 INFO: Plan 1: ḡ=18.3, γE[v]=16.0, Q=34.3 (bayes)
2026-09-22 17:12:23,416 INFO: Plan 2: ḡ=16.0, γE[v]=17.3, Q=33.3 (bayes)
2026-09-22 17:12:25,801 INFO: Plan 1: ḡ=12, γE[v]=12.5, Q=24.5 (fn)
2026-09-22 17:12:26,015 INFO: Plan 2: ḡ=32, γE[v]=18.0, Q=50.0 (fn)
2026-09-22 17:12:26,016 INFO: Plan 0: ḡ=2.3, γE[v]=48.4, Q=50.8 (bayes)
2026-09-22 17:12:26,016 INFO: Plan 1: ḡ=4.8, γE[v]=47.7, Q=52.6 (bayes)
2026-09-22 17:12:26,016 INFO: Plan 2: ḡ=6.7, γE[v]=47.6, Q=54.2 (bayes)
2026-09-22 17:12:26,121 INFO: Plan 2: ḡ=45, γE[v]=0.0, Q=45.0 (fn)
2026-09-22 17:12:26,473 INFO: Plan 0: ḡ=29, γE[v]=0.0, Q=29.0 (fn)
2026-09-22 17:12:26,583 INFO: Plan 1: ḡ=36, γE[v]=0.0, Q=36.0 (fn)
2026-09-22 17:12:26,584 INFO: Plan 0: ḡ=9.8, γE[v]=7.8, Q=17.6 (bayes)
2026-09-22 17:12:26,584 INFO: Plan 1: ḡ=9.2, γE[v]=8.1, Q=17.3 (bayes)
2026-09-22 17:12:26,584 INFO: Plan 2: ḡ=6.4, γE[v]=9.5, Q=15.9 (bayes)
2026-09-22 17:12:26,743 INFO: Plan 0: ḡ=16, γE[v]=10.0, Q=26.0 (fn)
2026-09-22 17:12:26,849 INFO: Plan 2: ḡ=0, γE[v]=0.0, Q=0.0 (fn)
2026-09-22 17:12:27,660 INFO: Plan 0: ḡ=91, γE[v]=0.0, Q=91.0 (fn)
2026-09-22 17:12:27,688 INFO: Plan 1: ḡ=148, γE[v]=5.5, Q=153.5 (fn)
2026-09-22 17:12:27,689 INFO: Plan 2: ḡ=0, γE[v]=0.0, Q=0.0 (fn)
2026-09-22 17:12:27,690 INFO: Plan 0: ḡ=4.2, γE[v]=29.0, Q=33.2 (bayes)
2026-09-22 17:12:27,690 INFO: Plan 1: ḡ=38.5, γE[v]=11.6, Q=50.1 (bayes)
2026-09-22 17:12:27,690 INFO: Plan 2: ḡ=6.8, γE[v]=27.0, Q=33.9 (bayes)
2026-09-22 17:12:27,842 INFO: Plan 1: ḡ=98, γE[v]=0.0, Q=98.0 (fn)
2026-09-22 17:12:27,843 INFO: Plan 0: ḡ=38.6, γE[v]=40.9, Q=79.5 (bayes)
2026-09-22 17:12:27,843 INFO: Plan 1: ḡ=37.7, γE[v]=41.3, Q=79.0 (bayes)
2026-09-22 17:12:27,843 INFO: Plan 2: ḡ=0.0, γE[v]=60.2, Q=60.2 (bayes)
2026-09-22 17:12:27,916 INFO: Plan 0: ḡ=16, γE[v]=0.0, Q=16.0 (fn)
2026-09-22 17:12:28,017 INFO: Plan 1: ḡ=17, γE[v]=0.0, Q=17.0 (fn)
2026-09-22 17:12:28,018 INFO: Plan 0: ḡ=5.3, γE[v]=2.8, Q=8.2 (bayes)
2026-09-22 17:12:28,018 INFO: Plan 1: ḡ=5.7, γE[v]=2.7, Q=8.3 (bayes)
2026-09-22 17:12:28,018 INFO: Plan 2: ḡ=0.0, γE[v]=5.5, Q=5.5 (bayes)
2026-09-22 17:12:32,831 INFO: Plan 2: ḡ=74, γE[v]=0.0, Q=74.0 (fn)
2026-09-22 17:12:33,232 INFO: Plan 1: ḡ=60, γE[v]=0.0, Q=60.0 (fn)
2026-09-22 17:12:33,759 INFO: Plan 0: ḡ=51, γE[v]=0.0, Q=51.0 (fn)
2026-09-22 17:12:35,561 INFO: Plan 1: ḡ=49, γE[v]=0.0, Q=49.0 (fn)
2026-09-22 17:12:36,037 INFO: Plan 0: ḡ=23, γE[v]=0.0, Q=23.0 (fn)
  [11/27] flask.cli seed=42: {'cov_qvalue_tgt_fnt_touch_calib': 124, 'cov_qvalue_tgt_fnt_bayes_touch_calib': 125}
2026-09-22 17:12:36,478 INFO: Plan 2: ḡ=19, γE[v]=0.0, Q=19.0 (fn)
2026-09-22 17:12:36,478 INFO: Plan 0: ḡ=10.2, γE[v]=9.5, Q=19.7 (bayes)
2026-09-22 17:12:36,478 INFO: Plan 1: ḡ=13.2, γE[v]=8.0, Q=21.2 (bayes)
2026-09-22 17:12:36,478 INFO: Plan 2: ḡ=5.9, γE[v]=11.7, Q=17.6 (bayes)
2026-09-22 17:12:36,503 INFO: Plan 2: ḡ=0, γE[v]=0.0, Q=0.0 (fn)
2026-09-22 17:12:36,505 INFO: Plan 1: ḡ=0, γE[v]=0.0, Q=0.0 (fn)
2026-09-22 17:12:36,578 INFO: Plan 0: ḡ=1, γE[v]=0.0, Q=1.0 (fn)
2026-09-22 17:12:36,578 INFO: Plan 0: ḡ=0.2, γE[v]=0.0, Q=0.2 (bayes)
2026-09-22 17:12:36,579 INFO: Plan 1: ḡ=0.0, γE[v]=0.1, Q=0.1 (bayes)
2026-09-22 17:12:36,579 INFO: Plan 2: ḡ=0.0, γE[v]=0.1, Q=0.1 (bayes)
  [12/27] requests.utils seed=42: {'cov_qvalue_tgt_fnt_touch_calib': 115, 'cov_qvalue_tgt_fnt_bayes_touch_calib': 110}
2026-09-22 17:12:39,825 INFO: Plan 2: ḡ=72, γE[v]=0.0, Q=72.0 (fn)
2026-09-22 17:12:39,900 INFO: Plan 1: ḡ=42, γE[v]=0.0, Q=42.0 (fn)
2026-09-22 17:12:42,543 INFO: Plan 1: ḡ=121, γE[v]=0.0, Q=121.0 (fn)
2026-09-22 17:12:43,362 INFO: Plan 0: ḡ=34, γE[v]=0.0, Q=34.0 (fn)
2026-09-22 17:12:43,654 INFO: Plan 1: ḡ=8, γE[v]=0.0, Q=8.0 (fn)
2026-09-22 17:12:43,893 INFO: Plan 2: ḡ=85, γE[v]=0.0, Q=85.0 (fn)
2026-09-22 17:12:43,893 INFO: Plan 0: ḡ=10.9, γE[v]=20.1, Q=31.0 (bayes)
2026-09-22 17:12:43,894 INFO: Plan 1: ḡ=4.0, γE[v]=23.6, Q=27.6 (bayes)
2026-09-22 17:12:43,894 INFO: Plan 2: ḡ=31.3, γE[v]=9.9, Q=41.2 (bayes)
2026-09-22 17:12:44,461 INFO: Plan 0: ḡ=130, γE[v]=101.5, Q=231.5 (fn)
2026-09-22 17:12:44,462 INFO: Plan 0: ḡ=51.7, γE[v]=95.1, Q=146.8 (bayes)
2026-09-22 17:12:44,462 INFO: Plan 1: ḡ=14.2, γE[v]=107.8, Q=122.0 (bayes)
2026-09-22 17:12:44,462 INFO: Plan 2: ḡ=30.2, γE[v]=99.8, Q=130.0 (bayes)
2026-09-22 17:12:46,366 INFO: Plan 2: ḡ=488, γE[v]=0.0, Q=488.0 (fn)
2026-09-22 17:12:47,058 INFO: Plan 0: ḡ=386, γE[v]=172.0, Q=558.0 (fn)
2026-09-22 17:12:47,058 INFO: Plan 0: ḡ=59.4, γE[v]=147.4, Q=206.9 (bayes)
2026-09-22 17:12:47,059 INFO: Plan 1: ḡ=19.8, γE[v]=154.4, Q=174.2 (bayes)
2026-09-22 17:12:47,059 INFO: Plan 2: ḡ=94.7, γE[v]=116.9, Q=211.6 (bayes)
2026-09-22 17:12:47,576 INFO: Plan 2: ḡ=102, γE[v]=0.0, Q=102.0 (fn)
2026-09-22 17:12:47,809 INFO: Plan 1: ḡ=9, γE[v]=0.0, Q=9.0 (fn)
2026-09-22 17:12:47,879 INFO: Plan 0: ḡ=20, γE[v]=0.0, Q=20.0 (fn)
2026-09-22 17:12:47,879 INFO: Plan 0: ḡ=8.8, γE[v]=14.6, Q=23.4 (bayes)
2026-09-22 17:12:47,879 INFO: Plan 1: ḡ=3.2, γE[v]=17.4, Q=20.6 (bayes)
2026-09-22 17:12:47,879 INFO: Plan 2: ḡ=26.0, γE[v]=6.0, Q=32.0 (bayes)
  [13/27] httpx._urls seed=42: {'cov_qvalue_tgt_fnt_touch_calib': 79, 'cov_qvalue_tgt_fnt_bayes_touch_calib': 81}
2026-09-22 17:12:49,415 INFO: Plan 2: ḡ=47, γE[v]=0.0, Q=47.0 (fn)
2026-09-22 17:12:50,097 INFO: Plan 1: ḡ=29, γE[v]=16.0, Q=45.0 (fn)
2026-09-22 17:12:50,119 INFO: Plan 0: ḡ=27, γE[v]=6.0, Q=33.0 (fn)
2026-09-22 17:12:50,120 INFO: Plan 0: ḡ=8.2, γE[v]=42.1, Q=50.4 (bayes)
2026-09-22 17:12:50,120 INFO: Plan 1: ḡ=12.1, γE[v]=40.9, Q=53.0 (bayes)
2026-09-22 17:12:50,120 INFO: Plan 2: ḡ=14.7, γE[v]=38.6, Q=53.3 (bayes)
2026-09-22 17:12:52,981 INFO: Plan 0: ḡ=0, γE[v]=0.0, Q=0.0 (fn)
2026-09-22 17:12:53,100 INFO: Plan 2: ḡ=0, γE[v]=0.0, Q=0.0 (fn)
  [14/27] pydantic.types seed=42: {'cov_qvalue_tgt_fnt_touch_calib': 146, 'cov_qvalue_tgt_fnt_bayes_touch_calib': 145}
2026-09-22 17:12:53,325 INFO: Plan 1: ḡ=0, γE[v]=0.0, Q=0.0 (fn)
2026-09-22 17:12:53,326 INFO: Plan 0: ḡ=0.0, γE[v]=0.0, Q=0.0 (bayes)
2026-09-22 17:12:53,326 INFO: Plan 1: ḡ=0.0, γE[v]=0.0, Q=0.0 (bayes)
2026-09-22 17:12:53,326 INFO: Plan 2: ḡ=0.0, γE[v]=0.0, Q=0.0 (bayes)
2026-09-22 17:12:54,017 INFO: Plan 2: ḡ=28, γE[v]=11.0, Q=39.0 (fn)
2026-09-22 17:12:54,679 INFO: Plan 1: ḡ=40, γE[v]=12.0, Q=52.0 (fn)
2026-09-22 17:12:57,795 INFO: Plan 0: ḡ=54, γE[v]=21.5, Q=75.5 (fn)
2026-09-22 17:12:57,795 INFO: Plan 0: ḡ=12.5, γE[v]=6.7, Q=19.2 (bayes)
2026-09-22 17:12:57,796 INFO: Plan 1: ḡ=9.7, γE[v]=7.4, Q=17.1 (bayes)
2026-09-22 17:12:57,796 INFO: Plan 2: ḡ=7.0, γE[v]=8.7, Q=15.7 (bayes)
2026-09-22 17:12:58,859 INFO: Plan 2: ḡ=19, γE[v]=0.0, Q=19.0 (fn)
2026-09-22 17:12:59,350 INFO: Plan 0: ḡ=8, γE[v]=0.0, Q=8.0 (fn)
2026-09-22 17:12:59,842 INFO: Plan 1: ḡ=20, γE[v]=0.0, Q=20.0 (fn)
2026-09-22 17:12:59,843 INFO: Plan 0: ḡ=27, γE[v]=0.0, Q=27.0 (fn)
2026-09-22 17:13:00,358 INFO: Plan 2: ḡ=29, γE[v]=0.0, Q=29.0 (fn)
2026-09-22 17:13:00,358 INFO: Plan 0: ḡ=8.7, γE[v]=19.7, Q=28.4 (bayes)
2026-09-22 17:13:00,359 INFO: Plan 1: ḡ=5.5, γE[v]=21.3, Q=26.8 (bayes)
2026-09-22 17:13:00,359 INFO: Plan 2: ḡ=11.3, γE[v]=18.4, Q=29.7 (bayes)
2026-09-22 17:13:01,261 INFO: Plan 1: ḡ=12, γE[v]=12.5, Q=24.5 (fn)
2026-09-22 17:13:01,440 INFO: Plan 0: ḡ=13, γE[v]=10.0, Q=23.0 (fn)
2026-09-22 17:13:02,026 INFO: Plan 2: ḡ=30, γE[v]=18.0, Q=48.0 (fn)
2026-09-22 17:13:02,027 INFO: Plan 0: ḡ=2.8, γE[v]=47.0, Q=49.8 (bayes)
2026-09-22 17:13:02,027 INFO: Plan 1: ḡ=4.8, γE[v]=46.5, Q=51.4 (bayes)
2026-09-22 17:13:02,027 INFO: Plan 2: ḡ=4.8, γE[v]=47.3, Q=52.1 (bayes)
2026-09-22 17:13:02,133 INFO: Plan 1: ḡ=148, γE[v]=6.5, Q=154.5 (fn)
2026-09-22 17:13:02,133 INFO: Plan 0: ḡ=2.9, γE[v]=25.4, Q=28.2 (bayes)
2026-09-22 17:13:02,133 INFO: Plan 1: ḡ=30.5, γE[v]=11.3, Q=41.8 (bayes)
2026-09-22 17:13:02,133 INFO: Plan 2: ḡ=7.3, γE[v]=22.4, Q=29.8 (bayes)
2026-09-22 17:13:02,897 INFO: Plan 0: ḡ=37, γE[v]=0.0, Q=37.0 (fn)
2026-09-22 17:13:03,163 INFO: Plan 2: ḡ=43, γE[v]=0.0, Q=43.0 (fn)
  [15/27] starlette.testclient seed=42: {'cov_qvalue_tgt_fnt_touch_calib': 65, 'cov_qvalue_tgt_fnt_bayes_touch_calib': 62}
2026-09-22 17:13:03,634 INFO: Plan 0: ḡ=10, γE[v]=0.5, Q=10.5 (fn)
2026-09-22 17:13:03,636 INFO: Plan 1: ḡ=93, γE[v]=0.0, Q=93.0 (fn)
2026-09-22 17:13:03,637 INFO: Plan 0: ḡ=8.8, γE[v]=45.7, Q=54.5 (bayes)
2026-09-22 17:13:03,637 INFO: Plan 1: ḡ=35.2, γE[v]=32.5, Q=67.7 (bayes)
2026-09-22 17:13:03,637 INFO: Plan 2: ḡ=18.7, γE[v]=40.8, Q=59.5 (bayes)
2026-09-22 17:13:03,696 INFO: Plan 2: ḡ=14, γE[v]=0.0, Q=14.0 (fn)
2026-09-22 17:13:04,256 INFO: Plan 1: ḡ=9, γE[v]=1.0, Q=10.0 (fn)
2026-09-22 17:13:04,256 INFO: Plan 0: ḡ=3.7, γE[v]=3.2, Q=6.9 (bayes)
2026-09-22 17:13:04,256 INFO: Plan 1: ḡ=2.8, γE[v]=3.7, Q=6.5 (bayes)
2026-09-22 17:13:04,256 INFO: Plan 2: ḡ=4.7, γE[v]=2.7, Q=7.4 (bayes)
  [16/27] jinja2.environment seed=42: {'cov_qvalue_tgt_fnt_touch_calib': 118, 'cov_qvalue_tgt_fnt_bayes_touch_calib': 131}
  [17/27] starlette.datastructures seed=42: {'cov_qvalue_tgt_fnt_touch_calib': 50, 'cov_qvalue_tgt_fnt_bayes_touch_calib': 50}
  [18/27] click.core seed=42: {'cov_qvalue_tgt_fnt_touch_calib': 314, 'cov_qvalue_tgt_fnt_bayes_touch_calib': 352}
  [19/27] rich.progress seed=42: {'cov_qvalue_tgt_fnt_touch_calib': 175, 'cov_qvalue_tgt_fnt_bayes_touch_calib': 143}
  [20/27] starlette.routing seed=42: {'cov_qvalue_tgt_fnt_touch_calib': 84, 'cov_qvalue_tgt_fnt_bayes_touch_calib': 85}
  [21/27] pydantic.json_schema seed=42: {'cov_qvalue_tgt_fnt_touch_calib': 230, 'cov_qvalue_tgt_fnt_bayes_touch_calib': 300}
2026-09-22 17:13:14,785 INFO: Plan 2: ḡ=11, γE[v]=0.0, Q=11.0 (fn)
2026-09-22 17:13:14,926 INFO: Plan 1: ḡ=5, γE[v]=0.0, Q=5.0 (fn)
2026-09-22 17:13:15,088 INFO: Plan 0: ḡ=19, γE[v]=0.0, Q=19.0 (fn)
2026-09-22 17:13:15,089 INFO: Plan 0: ḡ=8.3, γE[v]=2.6, Q=10.9 (bayes)
2026-09-22 17:13:15,090 INFO: Plan 1: ḡ=2.0, γE[v]=5.8, Q=7.8 (bayes)
2026-09-22 17:13:15,090 INFO: Plan 2: ḡ=3.2, γE[v]=5.2, Q=8.3 (bayes)
2026-09-22 17:13:16,866 INFO: Plan 1: ḡ=134, γE[v]=0.0, Q=134.0 (fn)
2026-09-22 17:13:17,714 INFO: Plan 1: ḡ=64, γE[v]=0.0, Q=64.0 (fn)
2026-09-22 17:13:17,869 INFO: Plan 0: ḡ=248, γE[v]=0.0, Q=248.0 (fn)
2026-09-22 17:13:17,907 INFO: Plan 2: ḡ=67, γE[v]=0.0, Q=67.0 (fn)
2026-09-22 17:13:17,908 INFO: Plan 0: ḡ=63.9, γE[v]=58.6, Q=122.5 (bayes)
2026-09-22 17:13:17,908 INFO: Plan 1: ḡ=30.2, γE[v]=75.4, Q=105.7 (bayes)
2026-09-22 17:13:17,908 INFO: Plan 2: ḡ=27.7, γE[v]=76.7, Q=104.4 (bayes)
2026-09-22 17:13:18,569 INFO: Plan 2: ḡ=188, γE[v]=109.0, Q=297.0 (fn)
2026-09-22 17:13:20,463 INFO: Plan 0: ḡ=492, γE[v]=162.0, Q=654.0 (fn)
2026-09-22 17:13:20,464 INFO: Plan 0: ḡ=84.1, γE[v]=125.6, Q=209.7 (bayes)
2026-09-22 17:13:20,464 INFO: Plan 1: ḡ=19.4, γE[v]=145.9, Q=165.4 (bayes)
2026-09-22 17:13:20,464 INFO: Plan 2: ḡ=30.0, γE[v]=148.7, Q=178.7 (bayes)
2026-09-22 17:13:21,413 INFO: Plan 2: ḡ=1, γE[v]=0.0, Q=1.0 (fn)
2026-09-22 17:13:21,523 INFO: Plan 1: ḡ=2, γE[v]=0.0, Q=2.0 (fn)
2026-09-22 17:13:21,666 INFO: Plan 0: ḡ=3, γE[v]=0.0, Q=3.0 (fn)
2026-09-22 17:13:21,826 INFO: Plan 0: ḡ=27, γE[v]=0.0, Q=27.0 (fn)
2026-09-22 17:13:22,742 INFO: Plan 2: ḡ=63, γE[v]=0.0, Q=63.0 (fn)
2026-09-22 17:13:23,349 INFO: Plan 1: ḡ=15, γE[v]=16.5, Q=31.5 (fn)
2026-09-22 17:13:23,350 INFO: Plan 0: ḡ=8.2, γE[v]=32.3, Q=40.6 (bayes)
2026-09-22 17:13:23,350 INFO: Plan 1: ḡ=4.6, γE[v]=35.1, Q=39.7 (bayes)
2026-09-22 17:13:23,350 INFO: Plan 2: ḡ=20.6, γE[v]=26.2, Q=46.7 (bayes)
  [22/27] httpx._models seed=42: {'cov_qvalue_tgt_fnt_touch_calib': 284, 'cov_qvalue_tgt_fnt_bayes_touch_calib': 260}
2026-09-22 17:13:38,142 INFO: Plan 2: ḡ=78, γE[v]=0.0, Q=78.0 (fn)
2026-09-22 17:13:38,306 INFO: Plan 1: ḡ=42, γE[v]=0.0, Q=42.0 (fn)
2026-09-22 17:13:38,448 INFO: Plan 0: ḡ=40, γE[v]=0.0, Q=40.0 (fn)
2026-09-22 17:13:39,389 INFO: Plan 2: ḡ=1, γE[v]=0.0, Q=1.0 (fn)
2026-09-22 17:13:39,470 INFO: Plan 0: ḡ=2, γE[v]=0.0, Q=2.0 (fn)
2026-09-22 17:13:39,645 INFO: Plan 1: ḡ=6, γE[v]=0.0, Q=6.0 (fn)
2026-09-22 17:13:39,645 INFO: Plan 0: ḡ=0.8, γE[v]=1.4, Q=2.2 (bayes)
2026-09-22 17:13:39,645 INFO: Plan 1: ḡ=2.0, γE[v]=0.8, Q=2.8 (bayes)
2026-09-22 17:13:39,645 INFO: Plan 2: ḡ=0.3, γE[v]=1.7, Q=2.0 (bayes)
2026-09-22 17:13:43,633 INFO: Plan 2: ḡ=1, γE[v]=0.0, Q=1.0 (fn)
2026-09-22 17:13:43,670 INFO: Plan 0: ḡ=1, γE[v]=0.0, Q=1.0 (fn)
2026-09-22 17:13:43,689 INFO: Plan 1: ḡ=1, γE[v]=0.0, Q=1.0 (fn)
2026-09-22 17:13:46,094 INFO: Plan 0: ḡ=267, γE[v]=0.0, Q=267.0 (fn)
2026-09-22 17:13:46,243 INFO: Plan 1: ḡ=122, γE[v]=0.0, Q=122.0 (fn)
2026-09-22 17:13:46,261 INFO: Plan 1: ḡ=110, γE[v]=3.0, Q=113.0 (fn)
2026-09-22 17:13:47,957 INFO: Plan 2: ḡ=115, γE[v]=137.0, Q=252.0 (fn)
2026-09-22 17:13:47,958 INFO: Plan 0: ḡ=57.1, γE[v]=55.0, Q=112.1 (bayes)
2026-09-22 17:13:47,958 INFO: Plan 1: ḡ=53.5, γE[v]=56.9, Q=110.4 (bayes)
2026-09-22 17:13:47,958 INFO: Plan 2: ḡ=51.7, γE[v]=67.4, Q=119.0 (bayes)
2026-09-22 17:13:48,186 INFO: Plan 2: ḡ=494, γE[v]=0.0, Q=494.0 (fn)
  [23/27] requests.models seed=42: {'cov_qvalue_tgt_fnt_touch_calib': 125, 'cov_qvalue_tgt_fnt_bayes_touch_calib': 142}
2026-09-22 17:13:48,655 INFO: Plan 0: ḡ=395, γE[v]=176.0, Q=571.0 (fn)
2026-09-22 17:13:48,656 INFO: Plan 0: ḡ=48.7, γE[v]=133.5, Q=182.1 (bayes)
2026-09-22 17:13:48,656 INFO: Plan 1: ḡ=16.4, γE[v]=136.0, Q=152.4 (bayes)
2026-09-22 17:13:48,656 INFO: Plan 2: ḡ=71.2, γE[v]=108.6, Q=179.8 (bayes)
  [24/27] jinja2.compiler seed=42: {'cov_qvalue_tgt_fnt_touch_calib': 218, 'cov_qvalue_tgt_fnt_bayes_touch_calib': 46}
2026-09-22 17:14:06,079 INFO: Plan 2: ḡ=67, γE[v]=0.0, Q=67.0 (fn)
2026-09-22 17:14:06,116 INFO: Plan 1: ḡ=21, γE[v]=0.0, Q=21.0 (fn)
2026-09-22 17:14:06,499 INFO: Plan 0: ḡ=10, γE[v]=0.0, Q=10.0 (fn)
2026-09-22 17:14:06,650 INFO: Plan 1: ḡ=1, γE[v]=0.0, Q=1.0 (fn)
2026-09-22 17:14:06,651 INFO: Plan 2: ḡ=0, γE[v]=0.0, Q=0.0 (fn)
2026-09-22 17:14:06,723 INFO: Plan 0: ḡ=2, γE[v]=0.0, Q=2.0 (fn)
2026-09-22 17:14:16,347 INFO: Plan 1: ḡ=91, γE[v]=0.0, Q=91.0 (fn)
2026-09-22 17:14:16,476 INFO: Plan 0: ḡ=240, γE[v]=0.0, Q=240.0 (fn)
2026-09-22 17:14:18,673 INFO: Plan 2: ḡ=369, γE[v]=38.0, Q=407.0 (fn)
2026-09-22 17:14:18,673 INFO: Plan 0: ḡ=42.3, γE[v]=40.0, Q=82.3 (bayes)
2026-09-22 17:14:18,674 INFO: Plan 1: ḡ=36.8, γE[v]=42.8, Q=79.5 (bayes)
2026-09-22 17:14:18,674 INFO: Plan 2: ḡ=86.6, γE[v]=19.7, Q=106.3 (bayes)
2026-09-22 17:14:33,255 INFO: Plan 2: ḡ=21, γE[v]=0.0, Q=21.0 (fn)
2026-09-22 17:14:33,273 INFO: Plan 1: ḡ=6, γE[v]=0.0, Q=6.0 (fn)
2026-09-22 17:14:33,441 INFO: Plan 0: ḡ=9, γE[v]=0.0, Q=9.0 (fn)
2026-09-22 17:14:34,639 INFO: Plan 0: ḡ=69, γE[v]=0.0, Q=69.0 (fn)
2026-09-22 17:14:36,814 INFO: Plan 2: ḡ=219, γE[v]=88.5, Q=307.5 (fn)
2026-09-22 17:14:38,078 INFO: Plan 1: ḡ=209, γE[v]=127.5, Q=336.5 (fn)
2026-09-22 17:14:38,078 INFO: Plan 0: ḡ=34.5, γE[v]=99.8, Q=134.2 (bayes)
2026-09-22 17:14:38,078 INFO: Plan 1: ḡ=104.5, γE[v]=70.5, Q=175.0 (bayes)
2026-09-22 17:14:38,078 INFO: Plan 2: ḡ=109.5, γE[v]=66.2, Q=175.7 (bayes)
2026-09-22 17:14:43,265 INFO: Plan 1: ḡ=41, γE[v]=0.0, Q=41.0 (fn)
2026-09-22 17:14:44,684 INFO: Plan 2: ḡ=78, γE[v]=134.0, Q=212.0 (fn)
2026-09-22 17:14:44,685 INFO: Plan 0: ḡ=266, γE[v]=40.0, Q=306.0 (fn)
2026-09-22 17:14:44,686 INFO: Plan 0: ḡ=41.1, γE[v]=13.2, Q=54.2 (bayes)
2026-09-22 17:14:44,686 INFO: Plan 1: ḡ=6.8, γE[v]=27.7, Q=34.4 (bayes)
2026-09-22 17:14:44,686 INFO: Plan 2: ḡ=20.8, γE[v]=30.9, Q=51.6 (bayes)
2026-09-22 17:14:59,354 INFO: Plan 2: ḡ=4, γE[v]=0.0, Q=4.0 (fn)
2026-09-22 17:14:59,623 INFO: Plan 1: ḡ=6, γE[v]=0.0, Q=6.0 (fn)
2026-09-22 17:14:59,642 INFO: Plan 0: ḡ=8, γE[v]=0.0, Q=8.0 (fn)
2026-09-22 17:15:05,045 INFO: Plan 0: ḡ=7, γE[v]=0.0, Q=7.0 (fn)
2026-09-22 17:15:06,582 INFO: Plan 2: ḡ=270, γE[v]=5.5, Q=275.5 (fn)
2026-09-22 17:15:07,084 INFO: Plan 1: ḡ=67, γE[v]=96.5, Q=163.5 (fn)
2026-09-22 17:15:07,085 INFO: Plan 0: ḡ=3.5, γE[v]=51.1, Q=54.6 (bayes)
2026-09-22 17:15:07,085 INFO: Plan 1: ḡ=22.7, γE[v]=46.9, Q=69.6 (bayes)
2026-09-22 17:15:07,085 INFO: Plan 2: ḡ=100.8, γE[v]=2.7, Q=103.5 (bayes)
2026-09-22 17:15:11,866 INFO: Plan 1: ḡ=36, γE[v]=0.0, Q=36.0 (fn)
2026-09-22 17:15:13,477 INFO: Plan 2: ḡ=337, γE[v]=4.5, Q=341.5 (fn)
2026-09-22 17:15:13,707 INFO: Plan 0: ḡ=232, γE[v]=21.0, Q=253.0 (fn)
2026-09-22 17:15:13,708 INFO: Plan 0: ḡ=31.3, γE[v]=12.3, Q=43.6 (bayes)
2026-09-22 17:15:13,708 INFO: Plan 1: ḡ=5.1, γE[v]=23.8, Q=28.9 (bayes)
2026-09-22 17:15:13,708 INFO: Plan 2: ḡ=49.2, γE[v]=2.0, Q=51.2 (bayes)
2026-09-22 17:15:29,730 INFO: Plan 0: ḡ=16, γE[v]=0.0, Q=16.0 (fn)
2026-09-22 17:15:32,600 INFO: Plan 2: ḡ=4, γE[v]=0.0, Q=4.0 (fn)
2026-09-22 17:15:32,808 INFO: Plan 0: ḡ=43, γE[v]=0.0, Q=43.0 (fn)
2026-09-22 17:15:32,827 INFO: Plan 1: ḡ=35, γE[v]=0.0, Q=35.0 (fn)
2026-09-22 17:15:32,827 INFO: Plan 0: ḡ=11.9, γE[v]=6.3, Q=18.2 (bayes)
2026-09-22 17:15:32,827 INFO: Plan 1: ḡ=11.7, γE[v]=6.5, Q=18.1 (bayes)
2026-09-22 17:15:32,827 INFO: Plan 2: ḡ=1.0, γE[v]=11.8, Q=12.8 (bayes)
2026-09-22 17:15:33,366 INFO: Plan 1: ḡ=368, γE[v]=65.0, Q=433.0 (fn)
2026-09-22 17:15:35,299 INFO: Plan 2: ḡ=651, γE[v]=81.5, Q=732.5 (fn)
2026-09-22 17:15:35,300 INFO: Plan 0: ḡ=8.0, γE[v]=241.5, Q=249.5 (bayes)
2026-09-22 17:15:35,300 INFO: Plan 1: ḡ=184.0, γE[v]=156.4, Q=340.4 (bayes)
2026-09-22 17:15:35,300 INFO: Plan 2: ḡ=325.5, γE[v]=86.4, Q=411.9 (bayes)
2026-09-22 17:15:44,228 INFO: Plan 0: ḡ=5, γE[v]=0.0, Q=5.0 (fn)
2026-09-22 17:15:44,229 INFO: Plan 1: ḡ=5, γE[v]=0.0, Q=5.0 (fn)
2026-09-22 17:15:44,246 INFO: Plan 2: ḡ=5, γE[v]=0.0, Q=5.0 (fn)
2026-09-22 17:15:44,247 INFO: Plan 0: ḡ=2.9, γE[v]=0.0, Q=2.9 (bayes)
2026-09-22 17:15:44,247 INFO: Plan 1: ḡ=2.9, γE[v]=0.0, Q=2.9 (bayes)
2026-09-22 17:15:44,247 INFO: Plan 2: ḡ=2.9, γE[v]=0.0, Q=2.9 (bayes)
2026-09-22 17:15:56,701 INFO: Plan 1: ḡ=19, γE[v]=0.0, Q=19.0 (fn)
2026-09-22 17:15:56,812 INFO: Plan 0: ḡ=32, γE[v]=0.0, Q=32.0 (fn)
2026-09-22 17:15:57,099 INFO: Plan 2: ḡ=51, γE[v]=0.0, Q=51.0 (fn)
2026-09-22 17:15:57,099 INFO: Plan 0: ḡ=9.5, γE[v]=3.3, Q=12.8 (bayes)
2026-09-22 17:15:57,099 INFO: Plan 1: ḡ=6.2, γE[v]=5.0, Q=11.2 (bayes)
2026-09-22 17:15:57,099 INFO: Plan 2: ḡ=15.7, γE[v]=0.2, Q=15.9 (bayes)
  [25/27] werkzeug.serving seed=42: {'cov_qvalue_tgt_fnt_touch_calib': 106, 'cov_qvalue_tgt_fnt_bayes_touch_calib': 98}
2026-09-22 17:16:09,795 INFO: Plan 1: ḡ=130, γE[v]=0.0, Q=130.0 (fn)
2026-09-22 17:16:12,720 INFO: Plan 0: ḡ=271, γE[v]=55.5, Q=326.5 (fn)
2026-09-22 17:16:12,863 INFO: Plan 2: ḡ=316, γE[v]=60.0, Q=376.0 (fn)
2026-09-22 17:16:12,864 INFO: Plan 0: ḡ=92.8, γE[v]=61.2, Q=154.1 (bayes)
2026-09-22 17:16:12,864 INFO: Plan 1: ḡ=47.0, γE[v]=81.4, Q=128.4 (bayes)
2026-09-22 17:16:12,864 INFO: Plan 2: ḡ=108.2, γE[v]=53.9, Q=162.0 (bayes)
2026-09-22 17:16:18,990 INFO: Plan 1: ḡ=0, γE[v]=0.0, Q=0.0 (fn)
2026-09-22 17:16:19,008 INFO: Plan 2: ḡ=0, γE[v]=0.0, Q=0.0 (fn)
2026-09-22 17:16:19,008 INFO: Plan 0: ḡ=2, γE[v]=0.0, Q=2.0 (fn)
2026-09-22 17:16:19,009 INFO: Plan 0: ḡ=0.5, γE[v]=0.0, Q=0.5 (bayes)
2026-09-22 17:16:19,009 INFO: Plan 1: ḡ=0.0, γE[v]=0.2, Q=0.2 (bayes)
2026-09-22 17:16:19,009 INFO: Plan 2: ḡ=0.0, γE[v]=0.2, Q=0.2 (bayes)
2026-09-22 17:16:43,977 INFO: Plan 0: ḡ=0, γE[v]=0.0, Q=0.0 (fn)
2026-09-22 17:16:43,977 INFO: Plan 2: ḡ=0, γE[v]=0.0, Q=0.0 (fn)
2026-09-22 17:16:45,647 INFO: Plan 1: ḡ=0, γE[v]=0.0, Q=0.0 (fn)
2026-09-22 17:16:45,648 INFO: Plan 0: ḡ=0.0, γE[v]=0.0, Q=0.0 (bayes)
2026-09-22 17:16:45,648 INFO: Plan 1: ḡ=0.0, γE[v]=0.0, Q=0.0 (bayes)
2026-09-22 17:16:45,648 INFO: Plan 2: ḡ=0.0, γE[v]=0.0, Q=0.0 (bayes)
2026-09-22 17:16:46,266 INFO: Plan 0: ḡ=37, γE[v]=0.0, Q=37.0 (fn)
2026-09-22 17:16:46,284 INFO: Plan 1: ḡ=104, γE[v]=0.0, Q=104.0 (fn)
2026-09-22 17:16:46,775 INFO: Plan 2: ḡ=151, γE[v]=0.0, Q=151.0 (fn)
2026-09-22 17:16:46,776 INFO: Plan 0: ḡ=10.6, γE[v]=44.9, Q=55.5 (bayes)
2026-09-22 17:16:46,776 INFO: Plan 1: ḡ=32.2, γE[v]=34.1, Q=66.3 (bayes)
2026-09-22 17:16:46,776 INFO: Plan 2: ḡ=56.5, γE[v]=22.0, Q=78.5 (bayes)
2026-09-22 17:17:17,544 INFO: Plan 0: ḡ=37, γE[v]=0.0, Q=37.0 (fn)
2026-09-22 17:17:17,561 INFO: Plan 1: ḡ=96, γE[v]=0.0, Q=96.0 (fn)
2026-09-22 17:17:17,612 INFO: Plan 2: ḡ=102, γE[v]=0.0, Q=102.0 (fn)
2026-09-22 17:17:17,613 INFO: Plan 0: ḡ=8.8, γE[v]=33.5, Q=42.3 (bayes)
2026-09-22 17:17:17,613 INFO: Plan 1: ḡ=27.1, γE[v]=24.3, Q=51.4 (bayes)
2026-09-22 17:17:17,613 INFO: Plan 2: ḡ=28.1, γE[v]=23.8, Q=51.9 (bayes)
2026-09-22 17:17:45,979 INFO: Plan 1: ḡ=78, γE[v]=0.0, Q=78.0 (fn)
2026-09-22 17:17:46,114 INFO: Plan 0: ḡ=21, γE[v]=0.0, Q=21.0 (fn)
2026-09-22 17:17:46,376 INFO: Plan 2: ḡ=106, γE[v]=0.0, Q=106.0 (fn)
2026-09-22 17:17:46,376 INFO: Plan 0: ḡ=5.2, γE[v]=25.0, Q=30.2 (bayes)
2026-09-22 17:17:46,376 INFO: Plan 1: ḡ=21.1, γE[v]=17.1, Q=38.1 (bayes)
2026-09-22 17:17:46,376 INFO: Plan 2: ḡ=30.6, γE[v]=12.3, Q=42.9 (bayes)
2026-09-22 17:17:51,112 INFO: Plan 0: ḡ=0, γE[v]=0.0, Q=0.0 (fn)
2026-09-22 17:17:51,147 INFO: Plan 2: ḡ=0, γE[v]=0.0, Q=0.0 (fn)
2026-09-22 17:17:51,148 INFO: Plan 1: ḡ=0, γE[v]=0.0, Q=0.0 (fn)
2026-09-22 17:17:51,148 INFO: Plan 0: ḡ=0.0, γE[v]=0.0, Q=0.0 (bayes)
2026-09-22 17:17:51,149 INFO: Plan 1: ḡ=0.0, γE[v]=0.0, Q=0.0 (bayes)
2026-09-22 17:17:51,149 INFO: Plan 2: ḡ=0.0, γE[v]=0.0, Q=0.0 (bayes)
2026-09-22 17:18:12,897 INFO: Plan 1: ḡ=0, γE[v]=0.0, Q=0.0 (fn)
2026-09-22 17:18:12,898 INFO: Plan 0: ḡ=0, γE[v]=0.0, Q=0.0 (fn)
2026-09-22 17:18:12,915 INFO: Plan 2: ḡ=0, γE[v]=0.0, Q=0.0 (fn)
2026-09-22 17:18:12,915 INFO: Plan 0: ḡ=0.0, γE[v]=0.0, Q=0.0 (bayes)
2026-09-22 17:18:12,915 INFO: Plan 1: ḡ=0.0, γE[v]=0.0, Q=0.0 (bayes)
2026-09-22 17:18:12,915 INFO: Plan 2: ḡ=0.0, γE[v]=0.0, Q=0.0 (bayes)
2026-09-22 17:18:20,217 INFO: Plan 1: ḡ=81, γE[v]=0.0, Q=81.0 (fn)
2026-09-22 17:18:20,303 INFO: Plan 0: ḡ=21, γE[v]=0.0, Q=21.0 (fn)
2026-09-22 17:18:21,548 INFO: Plan 2: ḡ=55, γE[v]=31.0, Q=86.0 (fn)
2026-09-22 17:18:21,549 INFO: Plan 0: ḡ=4.7, γE[v]=13.3, Q=18.0 (bayes)
2026-09-22 17:18:21,549 INFO: Plan 1: ḡ=22.1, γE[v]=4.6, Q=26.7 (bayes)
2026-09-22 17:18:21,549 INFO: Plan 2: ḡ=12.6, γE[v]=11.4, Q=24.0 (bayes)
  [26/27] requests.sessions seed=42: {'cov_qvalue_tgt_fnt_touch_calib': 83, 'cov_qvalue_tgt_fnt_bayes_touch_calib': 83}
2026-09-22 17:18:48,839 INFO: Plan 2: ḡ=18, γE[v]=0.0, Q=18.0 (fn)
2026-09-22 17:18:48,994 INFO: Plan 0: ḡ=8, γE[v]=0.0, Q=8.0 (fn)
2026-09-22 17:18:49,841 INFO: Plan 1: ḡ=31, γE[v]=4.0, Q=35.0 (fn)
2026-09-22 17:18:49,842 INFO: Plan 0: ḡ=1.3, γE[v]=3.3, Q=4.6 (bayes)
2026-09-22 17:18:49,842 INFO: Plan 1: ḡ=6.6, γE[v]=1.0, Q=7.5 (bayes)
2026-09-22 17:18:49,842 INFO: Plan 2: ḡ=3.9, γE[v]=2.0, Q=5.9 (bayes)
2026-09-22 17:19:17,878 INFO: Plan 1: ḡ=11, γE[v]=0.0, Q=11.0 (fn)
2026-09-22 17:19:18,016 INFO: Plan 2: ḡ=8, γE[v]=0.0, Q=8.0 (fn)
2026-09-22 17:19:18,219 INFO: Plan 0: ḡ=8, γE[v]=5.5, Q=13.5 (fn)
2026-09-22 17:19:18,219 INFO: Plan 0: ḡ=1.2, γE[v]=1.5, Q=2.8 (bayes)
2026-09-22 17:19:18,219 INFO: Plan 1: ḡ=2.2, γE[v]=0.6, Q=2.8 (bayes)
2026-09-22 17:19:18,220 INFO: Plan 2: ḡ=1.2, γE[v]=1.1, Q=2.4 (bayes)
  [27/27] httpx._client seed=42: {'cov_qvalue_tgt_fnt_touch_calib': 147, 'cov_qvalue_tgt_fnt_bayes_touch_calib': 148}

======================================================================
RESULTS
======================================================================

Module                              seed  cov_qvalue_  cov_qvalue_
------------------------------------------------------------------
rich.text                             42          232          237
flask.helpers                         42           27           26
click.termui                          42           47           38
rich.console                          42          292          221
click.types                           42           88           63
pydantic.main                         42          204          222
flask.app                             42          191          201
werkzeug.datastructures.structures    42          113          125
werkzeug.http                         42           94          151
jinja2.filters                        42          168          162
flask.cli                             42          124          125
requests.utils                        42          115          110
httpx._urls                           42           79           81
pydantic.types                        42          146          145
starlette.testclient                  42           65           62
jinja2.environment                    42          118          131
starlette.datastructures              42           50           50
click.core                            42          314          352
rich.progress                         42          175          143
starlette.routing                     42           84           85
pydantic.json_schema                  42          230          300
httpx._models                         42          284          260
requests.models                       42          125          142
jinja2.compiler                       42          218           46
werkzeug.serving                      42          106           98
requests.sessions                     42           83           83
httpx._client                         42          147          148

======================================================================
STATISTICS
======================================================================

Per-strategy means (n=27):
  cov_qvalue_tgt_fnt_touch_calib branches= 145.1 ± 15.0  lines=379.1  pass_rate=52%
  cov_qvalue_tgt_fnt_bayes_touch_calib branches= 141.0 ± 15.9  lines=364.3  pass_rate=54%

Per-repo means:

  click (3 runs):
    cov_qvalue_tgt_fnt_touch_calib mean=149.7
    cov_qvalue_tgt_fnt_bayes_touch_calib mean=151.0

  flask (3 runs):
    cov_qvalue_tgt_fnt_touch_calib mean=114.0
    cov_qvalue_tgt_fnt_bayes_touch_calib mean=117.3

  httpx (3 runs):
    cov_qvalue_tgt_fnt_touch_calib mean=170.0
    cov_qvalue_tgt_fnt_bayes_touch_calib mean=163.0

  jinja2 (3 runs):
    cov_qvalue_tgt_fnt_touch_calib mean=168.0
    cov_qvalue_tgt_fnt_bayes_touch_calib mean=113.0

  pydantic (3 runs):
    cov_qvalue_tgt_fnt_touch_calib mean=193.3
    cov_qvalue_tgt_fnt_bayes_touch_calib mean=222.3

  requests (3 runs):
    cov_qvalue_tgt_fnt_touch_calib mean=107.7
    cov_qvalue_tgt_fnt_bayes_touch_calib mean=111.7

  rich (3 runs):
    cov_qvalue_tgt_fnt_touch_calib mean=233.0
    cov_qvalue_tgt_fnt_bayes_touch_calib mean=200.3

  starlette (3 runs):
    cov_qvalue_tgt_fnt_touch_calib mean=66.3
    cov_qvalue_tgt_fnt_bayes_touch_calib mean=65.7

  werkzeug (3 runs):
    cov_qvalue_tgt_fnt_touch_calib mean=104.3
    cov_qvalue_tgt_fnt_bayes_touch_calib mean=124.7

Cost: $0.0000 | Time: 1195s (19.9m)
Saved to /share/edc/home/aamayuelasfernandez/qcurious-tester/results/repo_explore_bench/pilot_bayes_oldmap_gemma.json
