2026-09-23 16:30:29,044 INFO: RepoExploreBench: 93 targets across 9 repos
======================================================================
RepoExploreBench v2.0
  Targets: 93 files across 9 repos
  Strategies: ['cov_qvalue_tgt_fnt_bayes', 'cov_qvalue_tgt_rnd', 'divhints_oracle']
  Seeds: [42]
  Exec budget: 24 per run
  Map mode: full
  Total runs: 279
======================================================================
  Connectivity: OK

  Fetching source code...
    click.core: 114085 chars
    click.types: 36390 chars
    click.termui: 28323 chars
    click.utils: 20295 chars
    click.shell_completion: 18459 chars
    click.decorators: 18718 chars
    click.parser: 19066 chars
    click.testing: 16083 chars
    click.formatting: 9705 chars
    click.exceptions: 9272 chars
    requests.utils: 33447 chars
    requests.models: 35222 chars
    requests.sessions: 30372 chars
    requests.cookies: 18559 chars
    requests.adapters: 19552 chars
    requests.auth: 10186 chars
    flask.app: 59200 chars
    flask.cli: 33820 chars
    flask.helpers: 22991 chars
    flask.ctx: 14840 chars
    flask.sessions: 14168 chars
    flask.config: 12855 chars
    flask.json.tag: 8870 chars
    flask.testing: 10016 chars
    flask.templating: 7537 chars
    flask.json.provider: 7639 chars
    rich.console: 99096 chars
    rich.progress: 59691 chars
    rich.text: 47302 chars
    rich.table: 39643 chars
    rich.pretty: 35811 chars
    rich.syntax: 35364 chars
    rich.markdown: 26159 chars
    rich.style: 27072 chars
    rich.traceback: 29466 chars
    rich.segment: 24209 chars
    rich.color: 18220 chars
    rich.layout: 13939 chars
    jinja2.compiler: 72198 chars
    jinja2.filters: 53861 chars
    jinja2.environment: 61252 chars
    jinja2.nodes: 34549 chars
    jinja2.runtime: 33405 chars
    jinja2.parser: 39735 chars
    jinja2.ext: 31843 chars
    jinja2.lexer: 29725 chars
    jinja2.utils: 23932 chars
    jinja2.loaders: 23084 chars
    jinja2.sandbox: 14583 chars
    jinja2.bccache: 14060 chars
    httpx._client: 67489 chars
    httpx._models: 42302 chars
    httpx._urls: 21747 chars
    httpx._main: 15634 chars
    httpx._urlparse: 17719 chars
    httpx._api: 12927 chars
    httpx._utils: 13857 chars
    httpx._transports.default: 13289 chars
    httpx._config: 12203 chars
    httpx._auth: 11829 chars
    pydantic.types: 89470 chars
    pydantic.json_schema: 102806 chars
    pydantic.main: 65891 chars
    pydantic.fields: 45929 chars
    pydantic.config: 29138 chars
    pydantic.networks: 21214 chars
    pydantic.functional_validators: 23599 chars
    pydantic.color: 21492 chars
    pydantic.type_adapter: 18033 chars
    pydantic.functional_serializers: 14619 chars
    werkzeug.http: 43362 chars
    werkzeug.serving: 39331 chars
    werkzeug.datastructures.structures: 31760 chars
    werkzeug.routing.map: 36349 chars
    werkzeug.routing.rules: 31894 chars
    werkzeug.exceptions: 26061 chars
    werkzeug.wrappers.response: 32586 chars
    werkzeug.sansio.response: 27646 chars
    werkzeug.utils: 24653 chars
    werkzeug.wrappers.request: 24619 chars
    werkzeug.local: 22002 chars
    werkzeug.wsgi: 20893 chars
    starlette.routing: 35752 chars
    starlette.testclient: 29843 chars
    starlette.datastructures: 23348 chars
    starlette.responses: 12650 chars
    starlette.requests: 11196 chars
    starlette.formparsers: 10433 chars
    starlette.applications: 10922 chars
    starlette.middleware.errors: 7937 chars
    starlette.staticfiles: 8723 chars
    starlette.templating: 8984 chars
    starlette.middleware.base: 8794 chars
  Fetched 93/93 modules

Running 93 targets with 48 workers...
2026-09-23 16:32:24,115 INFO: Plan 0: ḡ=14, γE[v]=0.0, Q=14.0 (fn)
2026-09-23 16:32:24,864 INFO: Plan 1: ḡ=87, γE[v]=0.0, Q=87.0 (fn)
2026-09-23 16:32:25,283 INFO: Plan 0: ḡ=20, γE[v]=0.0, Q=20.0 (fn)
2026-09-23 16:32:25,682 INFO: Plan 0: ḡ=60, γE[v]=0.0, Q=60.0 (fn)
2026-09-23 16:32:25,683 INFO: Plan 1: ḡ=46, γE[v]=0.0, Q=46.0 (fn)
2026-09-23 16:32:25,718 INFO: Plan 2: ḡ=85, γE[v]=13.0, Q=98.0 (fn)
2026-09-23 16:32:26,280 INFO: Plan 0: ḡ=17, γE[v]=0.0, Q=17.0 (fn)
2026-09-23 16:32:26,614 INFO: Plan 0: ḡ=30, γE[v]=0.0, Q=30.0 (fn)
2026-09-23 16:32:26,734 INFO: Plan 2: ḡ=40, γE[v]=19.5, Q=59.5 (fn)
2026-09-23 16:32:26,735 INFO: Plan 0: ḡ=10.0, γE[v]=119.0, Q=129.0 (bayes)
2026-09-23 16:32:26,735 INFO: Plan 1: ḡ=23.0, γE[v]=112.5, Q=135.5 (bayes)
2026-09-23 16:32:26,735 INFO: Plan 2: ḡ=20.0, γE[v]=114.9, Q=134.9 (bayes)
2026-09-23 16:32:26,773 INFO: Plan 0: ḡ=55, γE[v]=0.0, Q=55.0 (fn)
2026-09-23 16:32:27,411 INFO: Plan 2: ḡ=110, γE[v]=0.0, Q=110.0 (fn)
2026-09-23 16:32:27,749 INFO: Plan 2: ḡ=23, γE[v]=39.5, Q=62.5 (fn)
2026-09-23 16:32:28,150 INFO: Plan 1: ḡ=48, γE[v]=0.0, Q=48.0 (fn)
2026-09-23 16:32:28,353 INFO: Plan 2: ḡ=57, γE[v]=0.0, Q=57.0 (fn)
2026-09-23 16:32:28,600 INFO: Plan 1: ḡ=53, γE[v]=63.5, Q=116.5 (fn)
2026-09-23 16:32:28,601 INFO: Plan 0: ḡ=15.0, γE[v]=48.8, Q=63.8 (bayes)
2026-09-23 16:32:28,601 INFO: Plan 1: ḡ=26.5, γE[v]=45.9, Q=72.4 (bayes)
2026-09-23 16:32:28,601 INFO: Plan 2: ḡ=55.0, γE[v]=28.8, Q=83.8 (bayes)
2026-09-23 16:32:28,939 INFO: Plan 0: ḡ=18, γE[v]=0.0, Q=18.0 (fn)
2026-09-23 16:32:29,659 INFO: Plan 0: ḡ=44, γE[v]=47.0, Q=91.0 (fn)
2026-09-23 16:32:29,660 INFO: Plan 0: ḡ=22.0, γE[v]=25.6, Q=47.6 (bayes)
2026-09-23 16:32:29,660 INFO: Plan 1: ḡ=43.5, γE[v]=12.8, Q=56.2 (bayes)
2026-09-23 16:32:29,660 INFO: Plan 2: ḡ=11.5, γE[v]=30.5, Q=42.0 (bayes)
2026-09-23 16:32:29,698 INFO: Plan 2: ḡ=36, γE[v]=0.0, Q=36.0 (fn)
2026-09-23 16:32:29,996 INFO: Plan 2: ḡ=101, γE[v]=0.0, Q=101.0 (fn)
2026-09-23 16:32:30,033 INFO: Plan 0: ḡ=114, γE[v]=0.0, Q=114.0 (fn)
2026-09-23 16:32:30,494 INFO: Plan 1: ḡ=141, γE[v]=0.0, Q=141.0 (fn)
2026-09-23 16:32:30,499 INFO: Plan 0: ḡ=66, γE[v]=151.0, Q=217.0 (fn)
2026-09-23 16:32:30,499 INFO: Plan 0: ḡ=57.0, γE[v]=28.5, Q=85.5 (bayes)
2026-09-23 16:32:30,499 INFO: Plan 1: ḡ=70.5, γE[v]=21.8, Q=92.2 (bayes)
2026-09-23 16:32:30,500 INFO: Plan 2: ḡ=50.5, γE[v]=31.8, Q=82.2 (bayes)
2026-09-23 16:32:30,760 INFO: Plan 1: ḡ=47, γE[v]=0.5, Q=47.5 (fn)
2026-09-23 16:32:30,760 INFO: Plan 0: ḡ=30.0, γE[v]=53.2, Q=83.2 (bayes)
2026-09-23 16:32:30,761 INFO: Plan 1: ḡ=23.5, γE[v]=56.5, Q=80.0 (bayes)
2026-09-23 16:32:30,761 INFO: Plan 2: ḡ=28.5, γE[v]=54.0, Q=82.5 (bayes)
2026-09-23 16:32:31,527 INFO: Plan 1: ḡ=26, γE[v]=44.5, Q=70.5 (fn)
2026-09-23 16:32:31,897 INFO: Plan 0: ḡ=15, γE[v]=0.0, Q=15.0 (fn)
2026-09-23 16:32:32,277 INFO: Plan 1: ḡ=119, γE[v]=14.0, Q=133.0 (fn)
2026-09-23 16:32:32,278 INFO: Plan 0: ḡ=7.0, γE[v]=36.8, Q=43.8 (bayes)
2026-09-23 16:32:32,278 INFO: Plan 1: ḡ=59.5, γE[v]=11.1, Q=70.6 (bayes)
2026-09-23 16:32:32,278 INFO: Plan 2: ḡ=42.5, γE[v]=19.6, Q=62.1 (bayes)
2026-09-23 16:32:32,317 INFO: Plan 0: ḡ=68, γE[v]=7.0, Q=75.0 (fn)
2026-09-23 16:32:32,320 INFO: Plan 1: ḡ=28, γE[v]=0.0, Q=28.0 (fn)
2026-09-23 16:32:32,741 INFO: Plan 0: ḡ=60, γE[v]=0.0, Q=60.0 (fn)
2026-09-23 16:32:33,196 INFO: Plan 1: ḡ=153, γE[v]=7.5, Q=160.5 (fn)
2026-09-23 16:32:33,239 INFO: Plan 1: ḡ=199, γE[v]=109.0, Q=308.0 (fn)
2026-09-23 16:32:33,426 INFO: Plan 2: ḡ=77, γE[v]=0.0, Q=77.0 (fn)
2026-09-23 16:32:33,428 INFO: Plan 0: ḡ=23, γE[v]=0.0, Q=23.0 (fn)
2026-09-23 16:32:33,428 INFO: Plan 0: ḡ=30.0, γE[v]=26.2, Q=56.2 (bayes)
2026-09-23 16:32:33,428 INFO: Plan 1: ḡ=14.0, γE[v]=34.2, Q=48.2 (bayes)
2026-09-23 16:32:33,429 INFO: Plan 2: ḡ=38.5, γE[v]=22.0, Q=60.5 (bayes)
2026-09-23 16:32:34,020 INFO: Plan 2: ḡ=49, γE[v]=32.0, Q=81.0 (fn)
2026-09-23 16:32:34,021 INFO: Plan 0: ḡ=27.5, γE[v]=28.2, Q=55.8 (bayes)
2026-09-23 16:32:34,021 INFO: Plan 1: ḡ=76.5, γE[v]=4.1, Q=80.6 (bayes)
2026-09-23 16:32:34,021 INFO: Plan 2: ḡ=24.5, γE[v]=31.2, Q=55.7 (bayes)
2026-09-23 16:32:34,332 INFO: Plan 2: ḡ=31, γE[v]=0.0, Q=31.0 (fn)
2026-09-23 16:32:34,333 INFO: Plan 0: ḡ=11, γE[v]=50.0, Q=61.0 (fn)
2026-09-23 16:32:34,625 INFO: Plan 2: ḡ=301, γE[v]=71.5, Q=372.5 (fn)
2026-09-23 16:32:34,626 INFO: Plan 0: ḡ=33.0, γE[v]=126.8, Q=159.8 (bayes)
2026-09-23 16:32:34,626 INFO: Plan 1: ḡ=99.5, γE[v]=91.7, Q=191.2 (bayes)
2026-09-23 16:32:34,626 INFO: Plan 2: ḡ=150.5, γE[v]=64.5, Q=215.0 (bayes)
2026-09-23 16:32:34,829 INFO: Plan 1: ḡ=69, γE[v]=21.0, Q=90.0 (fn)
2026-09-23 16:32:34,830 INFO: Plan 0: ḡ=5.5, γE[v]=27.3, Q=32.8 (bayes)
2026-09-23 16:32:34,830 INFO: Plan 1: ḡ=34.5, γE[v]=11.4, Q=46.0 (bayes)
2026-09-23 16:32:34,830 INFO: Plan 2: ḡ=18.0, γE[v]=18.8, Q=36.8 (bayes)
2026-09-23 16:32:35,624 INFO: Plan 0: ḡ=160, γE[v]=0.0, Q=160.0 (fn)
2026-09-23 16:32:35,625 INFO: Plan 2: ḡ=91, γE[v]=0.0, Q=91.0 (fn)
2026-09-23 16:32:36,026 INFO: Plan 2: ḡ=148, γE[v]=16.0, Q=164.0 (fn)
2026-09-23 16:32:36,027 INFO: Plan 0: ḡ=9.0, γE[v]=41.2, Q=50.2 (bayes)
2026-09-23 16:32:36,027 INFO: Plan 1: ḡ=13.0, γE[v]=41.3, Q=54.2 (bayes)
2026-09-23 16:32:36,027 INFO: Plan 2: ḡ=74.0, γE[v]=9.5, Q=83.5 (bayes)
2026-09-23 16:32:36,077 INFO: Plan 1: ḡ=261, γE[v]=48.0, Q=309.0 (fn)
2026-09-23 16:32:36,318 INFO: Plan 0: ḡ=97, γE[v]=6.5, Q=103.5 (fn)
2026-09-23 16:32:36,355 INFO: Plan 1: ḡ=132, γE[v]=45.0, Q=177.0 (fn)
2026-09-23 16:32:37,113 INFO: Plan 2: ḡ=37, γE[v]=0.0, Q=37.0 (fn)
2026-09-23 16:32:37,189 INFO: Plan 0: ḡ=50, γE[v]=0.0, Q=50.0 (fn)
2026-09-23 16:32:37,480 INFO: Plan 1: ḡ=103, γE[v]=0.0, Q=103.0 (fn)
2026-09-23 16:32:37,481 INFO: Plan 0: ḡ=25.0, γE[v]=132.2, Q=157.2 (bayes)
2026-09-23 16:32:37,481 INFO: Plan 1: ḡ=51.5, γE[v]=119.0, Q=170.5 (bayes)
2026-09-23 16:32:37,481 INFO: Plan 2: ḡ=18.5, γE[v]=135.5, Q=154.0 (bayes)
2026-09-23 16:32:37,927 INFO: Plan 0: ḡ=212, γE[v]=46.0, Q=258.0 (fn)
2026-09-23 16:32:38,042 INFO: Plan 0: ḡ=23, γE[v]=0.0, Q=23.0 (fn)
2026-09-23 16:32:38,433 INFO: Plan 1: ḡ=90, γE[v]=20.5, Q=110.5 (fn)
2026-09-23 16:32:38,434 INFO: Plan 0: ḡ=80.0, γE[v]=107.2, Q=187.2 (bayes)
2026-09-23 16:32:38,434 INFO: Plan 1: ḡ=45.0, γE[v]=125.7, Q=170.7 (bayes)
2026-09-23 16:32:38,434 INFO: Plan 2: ḡ=45.5, γE[v]=124.5, Q=170.0 (bayes)
2026-09-23 16:32:38,967 INFO: Plan 2: ḡ=232, γE[v]=13.5, Q=245.5 (fn)
2026-09-23 16:32:38,968 INFO: Plan 0: ḡ=8.5, γE[v]=60.5, Q=69.0 (bayes)
2026-09-23 16:32:38,968 INFO: Plan 1: ḡ=24.0, γE[v]=52.8, Q=76.8 (bayes)
2026-09-23 16:32:38,968 INFO: Plan 2: ḡ=116.0, γE[v]=7.4, Q=123.4 (bayes)
2026-09-23 16:32:39,274 INFO: Plan 0: ḡ=164, γE[v]=0.0, Q=164.0 (fn)
2026-09-23 16:32:39,520 INFO: Plan 2: ḡ=111, γE[v]=65.0, Q=176.0 (fn)
2026-09-23 16:32:39,521 INFO: Plan 0: ḡ=34.0, γE[v]=135.8, Q=169.8 (bayes)
2026-09-23 16:32:39,521 INFO: Plan 1: ḡ=66.0, γE[v]=121.5, Q=187.5 (bayes)
2026-09-23 16:32:39,521 INFO: Plan 2: ḡ=55.5, γE[v]=127.7, Q=183.2 (bayes)
2026-09-23 16:32:40,249 INFO: Plan 2: ḡ=404, γE[v]=154.0, Q=558.0 (fn)
2026-09-23 16:32:40,250 INFO: Plan 0: ḡ=106.0, γE[v]=337.8, Q=443.8 (bayes)
2026-09-23 16:32:40,250 INFO: Plan 1: ḡ=130.5, γE[v]=325.7, Q=456.2 (bayes)
2026-09-23 16:32:40,250 INFO: Plan 2: ḡ=202.0, γE[v]=294.7, Q=496.7 (bayes)
2026-09-23 16:32:40,285 INFO: Plan 1: ḡ=208, γE[v]=0.0, Q=208.0 (fn)
2026-09-23 16:32:41,166 INFO: Plan 2: ḡ=20, γE[v]=8.5, Q=28.5 (fn)
2026-09-23 16:32:41,500 INFO: Plan 1: ḡ=89, γE[v]=15.0, Q=104.0 (fn)
2026-09-23 16:32:41,500 INFO: Plan 0: ḡ=7.5, γE[v]=26.0, Q=33.5 (bayes)
2026-09-23 16:32:41,500 INFO: Plan 1: ḡ=44.5, γE[v]=8.2, Q=52.7 (bayes)
2026-09-23 16:32:41,501 INFO: Plan 2: ḡ=15.5, γE[v]=22.0, Q=37.5 (bayes)
2026-09-23 16:32:41,910 INFO: Plan 0: ḡ=42, γE[v]=1.0, Q=43.0 (fn)
2026-09-23 16:32:42,529 INFO: Plan 2: ḡ=116, γE[v]=31.0, Q=147.0 (fn)
2026-09-23 16:32:42,531 INFO: Plan 1: ḡ=114, γE[v]=30.0, Q=144.0 (fn)
2026-09-23 16:32:42,532 INFO: Plan 0: ḡ=11.5, γE[v]=155.5, Q=167.0 (bayes)
2026-09-23 16:32:42,532 INFO: Plan 1: ḡ=57.0, γE[v]=134.1, Q=191.1 (bayes)
2026-09-23 16:32:42,532 INFO: Plan 2: ḡ=58.0, γE[v]=133.6, Q=191.6 (bayes)
2026-09-23 16:32:43,704 INFO: Plan 0: ḡ=133, γE[v]=0.0, Q=133.0 (fn)
2026-09-23 16:32:43,738 INFO: Plan 1: ḡ=77, γE[v]=86.0, Q=163.0 (fn)
2026-09-23 16:32:44,105 INFO: Plan 0: ḡ=23, γE[v]=5.0, Q=28.0 (fn)
2026-09-23 16:32:44,425 INFO: Plan 2: ḡ=219, γE[v]=88.5, Q=307.5 (fn)
2026-09-23 16:32:45,211 INFO: Plan 2: ḡ=113, γE[v]=0.0, Q=113.0 (fn)
2026-09-23 16:32:45,410 INFO: Plan 0: ḡ=12, γE[v]=0.0, Q=12.0 (fn)
2026-09-23 16:32:45,623 INFO: Plan 1: ḡ=204, γE[v]=98.0, Q=302.0 (fn)
2026-09-23 16:32:45,863 INFO: Plan 1: ḡ=41, γE[v]=19.0, Q=60.0 (fn)
2026-09-23 16:32:45,864 INFO: Plan 0: ḡ=11.5, γE[v]=56.5, Q=68.0 (bayes)
2026-09-23 16:32:45,864 INFO: Plan 1: ḡ=20.5, γE[v]=52.6, Q=73.1 (bayes)
2026-09-23 16:32:45,864 INFO: Plan 2: ḡ=10.0, γE[v]=57.4, Q=67.4 (bayes)
2026-09-23 16:32:46,057 INFO: Plan 2: ḡ=279, γE[v]=22.0, Q=301.0 (fn)
2026-09-23 16:32:46,057 INFO: Plan 0: ḡ=48.5, γE[v]=56.8, Q=105.3 (bayes)
2026-09-23 16:32:46,057 INFO: Plan 1: ḡ=38.5, γE[v]=65.4, Q=103.9 (bayes)
2026-09-23 16:32:46,058 INFO: Plan 2: ḡ=139.5, γE[v]=12.0, Q=151.5 (bayes)
2026-09-23 16:32:46,510 INFO: Plan 0: ḡ=412, γE[v]=20.0, Q=432.0 (fn)
2026-09-23 16:32:46,511 INFO: Plan 0: ḡ=206.0, γE[v]=14.9, Q=220.9 (bayes)
2026-09-23 16:32:46,511 INFO: Plan 1: ḡ=102.0, γE[v]=70.4, Q=172.4 (bayes)
2026-09-23 16:32:46,511 INFO: Plan 2: ḡ=109.5, γE[v]=66.2, Q=175.7 (bayes)
2026-09-23 16:32:46,548 INFO: Plan 2: ḡ=177, γE[v]=42.0, Q=219.0 (fn)
2026-09-23 16:32:47,024 INFO: Plan 1: ḡ=7, γE[v]=0.0, Q=7.0 (fn)
2026-09-23 16:32:47,345 INFO: Plan 1: ḡ=103, γE[v]=20.0, Q=123.0 (fn)
2026-09-23 16:32:47,345 INFO: Plan 0: ḡ=66.5, γE[v]=123.0, Q=189.5 (bayes)
2026-09-23 16:32:47,345 INFO: Plan 1: ḡ=51.5, γE[v]=131.4, Q=182.9 (bayes)
2026-09-23 16:32:47,345 INFO: Plan 2: ḡ=56.5, γE[v]=128.0, Q=184.5 (bayes)
2026-09-23 16:32:47,383 INFO: Plan 2: ḡ=176, γE[v]=0.0, Q=176.0 (fn)
2026-09-23 16:32:47,594 INFO: Plan 0: ḡ=27, γE[v]=117.5, Q=144.5 (fn)
2026-09-23 16:32:48,033 INFO: Plan 2: ḡ=495, γE[v]=0.0, Q=495.0 (fn)
2026-09-23 16:32:48,033 INFO: Plan 0: ḡ=82.0, γE[v]=318.5, Q=400.5 (bayes)
2026-09-23 16:32:48,034 INFO: Plan 1: ḡ=104.0, γE[v]=307.5, Q=411.5 (bayes)
2026-09-23 16:32:48,034 INFO: Plan 2: ḡ=247.5, γE[v]=235.8, Q=483.2 (bayes)
2026-09-23 16:32:48,456 INFO: Plan 1: ḡ=142, γE[v]=60.0, Q=202.0 (fn)
2026-09-23 16:32:48,457 INFO: Plan 0: ḡ=13.5, γE[v]=64.0, Q=77.5 (bayes)
2026-09-23 16:32:48,457 INFO: Plan 1: ḡ=71.0, γE[v]=32.7, Q=103.7 (bayes)
2026-09-23 16:32:48,457 INFO: Plan 2: ḡ=88.5, γE[v]=23.1, Q=111.6 (bayes)
2026-09-23 16:32:49,041 INFO: Plan 2: ḡ=19, γE[v]=34.5, Q=53.5 (fn)
2026-09-23 16:32:49,656 INFO: Plan 0: ḡ=18, γE[v]=0.0, Q=18.0 (fn)
2026-09-23 16:32:50,456 INFO: Plan 1: ḡ=52, γE[v]=72.5, Q=124.5 (fn)
2026-09-23 16:32:50,457 INFO: Plan 0: ḡ=11.5, γE[v]=48.8, Q=60.2 (bayes)
2026-09-23 16:32:50,457 INFO: Plan 1: ḡ=26.0, γE[v]=44.8, Q=70.8 (bayes)
2026-09-23 16:32:50,457 INFO: Plan 2: ḡ=9.5, γE[v]=51.3, Q=60.8 (bayes)
2026-09-23 16:32:50,978 INFO: Plan 1: ḡ=121, γE[v]=50.5, Q=171.5 (fn)
2026-09-23 16:32:50,979 INFO: Plan 0: ḡ=21.0, γE[v]=45.0, Q=66.0 (bayes)
2026-09-23 16:32:50,979 INFO: Plan 1: ḡ=60.5, γE[v]=27.5, Q=88.0 (bayes)
2026-09-23 16:32:50,979 INFO: Plan 2: ḡ=88.0, γE[v]=11.5, Q=99.5 (bayes)
2026-09-23 16:32:57,683 INFO: Plan 2: ḡ=82, γE[v]=8.0, Q=90.0 (fn)
2026-09-23 16:32:57,684 INFO: Plan 0: ḡ=6.0, γE[v]=22.0, Q=28.0 (bayes)
2026-09-23 16:32:57,684 INFO: Plan 1: ḡ=3.5, γE[v]=23.2, Q=26.8 (bayes)
2026-09-23 16:32:57,684 INFO: Plan 2: ḡ=41.0, γE[v]=4.9, Q=45.9 (bayes)
2026-09-23 16:32:59,783 INFO: Plan 2: ḡ=225, γE[v]=0.0, Q=225.0 (fn)
2026-09-23 16:33:00,401 INFO: Plan 0: ḡ=5, γE[v]=0.0, Q=5.0 (fn)
2026-09-23 16:33:00,627 INFO: Plan 1: ḡ=15, γE[v]=0.0, Q=15.0 (fn)
2026-09-23 16:33:02,944 INFO: Plan 2: ḡ=31, γE[v]=7.5, Q=38.5 (fn)
2026-09-23 16:33:02,945 INFO: Plan 0: ḡ=2.5, γE[v]=10.2, Q=12.8 (bayes)
2026-09-23 16:33:02,945 INFO: Plan 1: ḡ=7.5, γE[v]=7.8, Q=15.2 (bayes)
2026-09-23 16:33:02,945 INFO: Plan 2: ḡ=15.5, γE[v]=4.1, Q=19.6 (bayes)
2026-09-23 16:33:03,026 INFO: Plan 0: ḡ=5, γE[v]=0.0, Q=5.0 (fn)
2026-09-23 16:33:03,478 INFO: Plan 1: ḡ=260, γE[v]=0.0, Q=260.0 (fn)
2026-09-23 16:33:03,479 INFO: Plan 0: ḡ=9.0, γE[v]=79.2, Q=88.2 (bayes)
2026-09-23 16:33:03,479 INFO: Plan 1: ḡ=130.0, γE[v]=18.8, Q=148.8 (bayes)
2026-09-23 16:33:03,479 INFO: Plan 2: ḡ=112.5, γE[v]=27.5, Q=140.0 (bayes)
2026-09-23 16:33:05,341 INFO: Plan 0: ḡ=17, γE[v]=0.0, Q=17.0 (fn)
2026-09-23 16:33:05,637 INFO: Plan 1: ḡ=81, γE[v]=0.0, Q=81.0 (fn)
2026-09-23 16:33:05,991 INFO: Plan 2: ḡ=134, γE[v]=0.0, Q=134.0 (fn)
2026-09-23 16:33:05,992 INFO: Plan 0: ḡ=8.5, γE[v]=166.8, Q=175.2 (bayes)
2026-09-23 16:33:05,992 INFO: Plan 1: ḡ=40.5, γE[v]=150.8, Q=191.2 (bayes)
2026-09-23 16:33:05,992 INFO: Plan 2: ḡ=67.0, γE[v]=137.5, Q=204.5 (bayes)
2026-09-23 16:33:06,381 INFO: Plan 1: ḡ=29, γE[v]=0.0, Q=29.0 (fn)
2026-09-23 16:33:07,025 INFO: Plan 2: ḡ=13, γE[v]=13.5, Q=26.5 (fn)
2026-09-23 16:33:07,025 INFO: Plan 0: ḡ=2.5, γE[v]=15.5, Q=18.0 (bayes)
2026-09-23 16:33:07,025 INFO: Plan 1: ḡ=14.5, γE[v]=9.5, Q=24.0 (bayes)
2026-09-23 16:33:07,026 INFO: Plan 2: ḡ=6.5, γE[v]=14.1, Q=20.6 (bayes)
2026-09-23 16:33:07,700 INFO: Plan 0: ḡ=8, γE[v]=0.0, Q=8.0 (fn)
2026-09-23 16:33:12,099 INFO: Plan 0: ḡ=35, γE[v]=0.0, Q=35.0 (fn)
2026-09-23 16:33:13,562 INFO: Plan 2: ḡ=116, γE[v]=123.0, Q=239.0 (fn)
2026-09-23 16:33:13,832 INFO: Plan 2: ḡ=172, γE[v]=0.0, Q=172.0 (fn)
2026-09-23 16:33:16,014 INFO: Plan 2: ḡ=90, γE[v]=0.0, Q=90.0 (fn)
2026-09-23 16:33:16,053 INFO: Plan 1: ḡ=96, γE[v]=165.5, Q=261.5 (fn)
2026-09-23 16:33:16,054 INFO: Plan 0: ḡ=4.0, γE[v]=121.0, Q=125.0 (bayes)
2026-09-23 16:33:16,054 INFO: Plan 1: ḡ=48.0, γE[v]=106.4, Q=154.4 (bayes)
2026-09-23 16:33:16,054 INFO: Plan 2: ḡ=58.0, γE[v]=99.5, Q=157.5 (bayes)
2026-09-23 16:33:16,309 INFO: Plan 0: ḡ=58, γE[v]=0.0, Q=58.0 (fn)
2026-09-23 16:33:17,799 INFO: Plan 1: ḡ=178, γE[v]=195.5, Q=373.5 (fn)
2026-09-23 16:33:17,800 INFO: Plan 0: ḡ=17.5, γE[v]=285.2, Q=302.8 (bayes)
2026-09-23 16:33:17,802 INFO: Plan 1: ḡ=89.0, γE[v]=258.3, Q=347.3 (bayes)
2026-09-23 16:33:17,803 INFO: Plan 2: ḡ=86.0, γE[v]=251.0, Q=337.0 (bayes)
2026-09-23 16:33:18,150 INFO: Plan 0: ḡ=26, γE[v]=0.0, Q=26.0 (fn)
2026-09-23 16:33:19,453 INFO: Plan 1: ḡ=87, γE[v]=51.5, Q=138.5 (fn)
2026-09-23 16:33:19,454 INFO: Plan 0: ḡ=29.0, γE[v]=61.2, Q=90.2 (bayes)
2026-09-23 16:33:19,454 INFO: Plan 1: ḡ=43.5, γE[v]=56.3, Q=99.8 (bayes)
2026-09-23 16:33:19,454 INFO: Plan 2: ḡ=45.0, γE[v]=53.2, Q=98.2 (bayes)
2026-09-23 16:33:20,758 INFO: Plan 1: ḡ=243, γE[v]=148.5, Q=391.5 (fn)
2026-09-23 16:33:20,759 INFO: Plan 0: ḡ=537, γE[v]=4.5, Q=541.5 (fn)
2026-09-23 16:33:21,484 INFO: Plan 2: ḡ=532, γE[v]=7.0, Q=539.0 (fn)
2026-09-23 16:33:21,485 INFO: Plan 0: ḡ=268.5, γE[v]=2.5, Q=270.9 (bayes)
2026-09-23 16:33:21,485 INFO: Plan 1: ḡ=121.5, γE[v]=82.4, Q=203.9 (bayes)
2026-09-23 16:33:21,485 INFO: Plan 2: ḡ=266.0, γE[v]=3.8, Q=269.8 (bayes)
2026-09-23 16:33:21,855 INFO: Plan 0: ḡ=457, γE[v]=0.0, Q=457.0 (fn)
2026-09-23 16:33:22,342 INFO: Plan 1: ḡ=373, γE[v]=42.0, Q=415.0 (fn)
2026-09-23 16:33:22,504 INFO: Plan 0: ḡ=78, γE[v]=7.5, Q=85.5 (fn)
2026-09-23 16:33:22,855 INFO: Plan 2: ḡ=437, γE[v]=10.0, Q=447.0 (fn)
2026-09-23 16:33:22,855 INFO: Plan 0: ḡ=228.5, γE[v]=0.0, Q=228.5 (bayes)
2026-09-23 16:33:22,856 INFO: Plan 1: ḡ=186.5, γE[v]=22.9, Q=209.4 (bayes)
2026-09-23 16:33:22,856 INFO: Plan 2: ḡ=218.5, γE[v]=5.5, Q=223.9 (bayes)
2026-09-23 16:33:23,056 INFO: Plan 0: ḡ=15, γE[v]=0.0, Q=15.0 (fn)
2026-09-23 16:33:23,485 INFO: Plan 2: ḡ=39, γE[v]=0.0, Q=39.0 (fn)
2026-09-23 16:33:24,493 INFO: Plan 1: ḡ=161, γE[v]=32.0, Q=193.0 (fn)
2026-09-23 16:33:24,525 INFO: Plan 2: ḡ=121, γE[v]=24.5, Q=145.5 (fn)
2026-09-23 16:33:25,674 INFO: Plan 0: ḡ=70, γE[v]=47.0, Q=117.0 (fn)
2026-09-23 16:33:26,127 INFO: Plan 0: ḡ=55, γE[v]=50.0, Q=105.0 (fn)
2026-09-23 16:33:26,167 INFO: Plan 1: ḡ=76, γE[v]=0.0, Q=76.0 (fn)
2026-09-23 16:33:26,417 INFO: Plan 1: ḡ=31, γE[v]=53.0, Q=84.0 (fn)
2026-09-23 16:33:26,417 INFO: Plan 0: ḡ=13.0, γE[v]=41.0, Q=54.0 (bayes)
2026-09-23 16:33:26,417 INFO: Plan 1: ḡ=15.5, γE[v]=42.1, Q=57.6 (bayes)
2026-09-23 16:33:26,418 INFO: Plan 2: ḡ=60.5, γE[v]=18.4, Q=78.8 (bayes)
2026-09-23 16:33:27,115 INFO: Plan 2: ḡ=113, γE[v]=52.5, Q=165.5 (fn)
2026-09-23 16:33:27,115 INFO: Plan 0: ḡ=35.0, γE[v]=138.6, Q=173.6 (bayes)
2026-09-23 16:33:27,116 INFO: Plan 1: ḡ=80.5, γE[v]=115.2, Q=195.7 (bayes)
2026-09-23 16:33:27,116 INFO: Plan 2: ḡ=56.5, γE[v]=128.1, Q=184.6 (bayes)
2026-09-23 16:33:27,369 INFO: Plan 0: ḡ=41, γE[v]=37.0, Q=78.0 (fn)
2026-09-23 16:33:27,677 INFO: Plan 2: ḡ=102, γE[v]=15.5, Q=117.5 (fn)
2026-09-23 16:33:27,706 INFO: Plan 1: ḡ=23, γE[v]=28.0, Q=51.0 (fn)
2026-09-23 16:33:27,707 INFO: Plan 0: ḡ=39.0, γE[v]=58.6, Q=97.6 (bayes)
2026-09-23 16:33:27,707 INFO: Plan 1: ḡ=11.5, γE[v]=73.3, Q=84.8 (bayes)
2026-09-23 16:33:27,707 INFO: Plan 2: ḡ=19.5, γE[v]=68.0, Q=87.5 (bayes)
2026-09-23 16:33:28,172 INFO: Plan 0: ḡ=68, γE[v]=0.0, Q=68.0 (fn)
2026-09-23 16:33:28,507 INFO: Plan 2: ḡ=170, γE[v]=0.0, Q=170.0 (fn)
2026-09-23 16:33:28,511 INFO: Plan 0: ḡ=12, γE[v]=0.0, Q=12.0 (fn)
2026-09-23 16:33:29,304 INFO: Plan 2: ḡ=13, γE[v]=0.0, Q=13.0 (fn)
2026-09-23 16:33:29,308 INFO: Plan 1: ḡ=22, γE[v]=19.0, Q=41.0 (fn)
2026-09-23 16:33:29,309 INFO: Plan 0: ḡ=20.5, γE[v]=100.7, Q=121.2 (bayes)
2026-09-23 16:33:29,309 INFO: Plan 1: ḡ=11.0, γE[v]=104.6, Q=115.6 (bayes)
2026-09-23 16:33:29,309 INFO: Plan 2: ḡ=51.0, γE[v]=84.4, Q=135.4 (bayes)
2026-09-23 16:33:29,846 INFO: Plan 2: ḡ=10, γE[v]=0.0, Q=10.0 (fn)
2026-09-23 16:33:30,371 INFO: Plan 1: ḡ=354, γE[v]=34.0, Q=388.0 (fn)
2026-09-23 16:33:30,568 INFO: Plan 0: ḡ=13, γE[v]=0.5, Q=13.5 (fn)
2026-09-23 16:33:31,012 INFO: Plan 0: ḡ=11, γE[v]=5.0, Q=16.0 (fn)
2026-09-23 16:33:31,012 INFO: Plan 1: ḡ=7, γE[v]=3.5, Q=10.5 (fn)
2026-09-23 16:33:31,013 INFO: Plan 0: ḡ=4.3, γE[v]=2.4, Q=6.7 (bayes)
2026-09-23 16:33:31,013 INFO: Plan 1: ḡ=2.3, γE[v]=3.5, Q=5.9 (bayes)
2026-09-23 16:33:31,013 INFO: Plan 2: ḡ=4.3, γE[v]=2.3, Q=6.7 (bayes)
2026-09-23 16:33:31,271 INFO: Plan 1: ḡ=53, γE[v]=4.0, Q=57.0 (fn)
2026-09-23 16:33:31,753 INFO: Plan 0: ḡ=92, γE[v]=11.5, Q=103.5 (fn)
2026-09-23 16:33:32,506 INFO: Plan 2: ḡ=69, γE[v]=23.0, Q=92.0 (fn)
2026-09-23 16:33:32,507 INFO: Plan 0: ḡ=46.0, γE[v]=6.3, Q=52.3 (bayes)
2026-09-23 16:33:32,507 INFO: Plan 1: ḡ=26.5, γE[v]=15.7, Q=42.2 (bayes)
2026-09-23 16:33:32,507 INFO: Plan 2: ḡ=34.5, γE[v]=12.5, Q=47.0 (bayes)
2026-09-23 16:33:32,690 INFO: Plan 2: ḡ=343, γE[v]=49.5, Q=392.5 (fn)
2026-09-23 16:33:32,691 INFO: Plan 1: ḡ=175, γE[v]=179.5, Q=354.5 (fn)
2026-09-23 16:33:32,691 INFO: Plan 0: ḡ=27.5, γE[v]=99.0, Q=126.5 (bayes)
2026-09-23 16:33:32,692 INFO: Plan 1: ḡ=177.0, γE[v]=23.5, Q=200.5 (bayes)
2026-09-23 16:33:32,692 INFO: Plan 2: ḡ=171.5, γE[v]=27.0, Q=198.5 (bayes)
2026-09-23 16:33:33,219 INFO: Plan 1: ḡ=27, γE[v]=3.0, Q=30.0 (fn)
2026-09-23 16:33:33,221 INFO: Plan 2: ḡ=8, γE[v]=0.0, Q=8.0 (fn)
2026-09-23 16:33:33,221 INFO: Plan 0: ḡ=3.7, γE[v]=4.0, Q=7.6 (bayes)
2026-09-23 16:33:33,221 INFO: Plan 1: ḡ=9.0, γE[v]=1.2, Q=10.2 (bayes)
2026-09-23 16:33:33,221 INFO: Plan 2: ḡ=3.3, γE[v]=3.8, Q=7.2 (bayes)
2026-09-23 16:33:34,313 INFO: Plan 0: ḡ=10, γE[v]=0.0, Q=10.0 (fn)
2026-09-23 16:33:34,477 INFO: Plan 2: ḡ=16, γE[v]=0.0, Q=16.0 (fn)
2026-09-23 16:33:34,524 INFO: Plan 2: ḡ=188, γE[v]=0.0, Q=188.0 (fn)
2026-09-23 16:33:34,852 INFO: Plan 0: ḡ=89, γE[v]=123.0, Q=212.0 (fn)
2026-09-23 16:33:34,852 INFO: Plan 0: ḡ=44.5, γE[v]=84.0, Q=128.5 (bayes)
2026-09-23 16:33:34,853 INFO: Plan 1: ḡ=38.0, γE[v]=81.8, Q=119.8 (bayes)
2026-09-23 16:33:34,853 INFO: Plan 2: ḡ=85.0, γE[v]=58.2, Q=143.2 (bayes)
2026-09-23 16:33:35,121 INFO: Plan 1: ḡ=31, γE[v]=17.5, Q=48.5 (fn)
2026-09-23 16:33:36,142 INFO: Plan 1: ḡ=8, γE[v]=0.0, Q=8.0 (fn)
2026-09-23 16:33:36,370 INFO: Plan 0: ḡ=5, γE[v]=0.0, Q=5.0 (fn)
2026-09-23 16:33:36,371 INFO: Plan 2: ḡ=0, γE[v]=0.0, Q=0.0 (fn)
2026-09-23 16:33:36,372 INFO: Plan 0: ḡ=1.7, γE[v]=3.8, Q=5.5 (bayes)
2026-09-23 16:33:36,372 INFO: Plan 1: ḡ=2.7, γE[v]=3.3, Q=6.0 (bayes)
2026-09-23 16:33:36,372 INFO: Plan 2: ḡ=5.3, γE[v]=2.0, Q=7.3 (bayes)
2026-09-23 16:33:36,560 INFO: Plan 2: ḡ=27, γE[v]=0.0, Q=27.0 (fn)
2026-09-23 16:33:36,893 INFO: Plan 2: ḡ=400, γE[v]=78.0, Q=478.0 (fn)
2026-09-23 16:33:36,894 INFO: Plan 0: ḡ=7.5, γE[v]=135.2, Q=142.8 (bayes)
2026-09-23 16:33:36,894 INFO: Plan 1: ḡ=87.5, γE[v]=103.3, Q=190.8 (bayes)
2026-09-23 16:33:36,895 INFO: Plan 2: ḡ=200.0, γE[v]=42.5, Q=242.5 (bayes)
2026-09-23 16:33:36,927 INFO: Plan 1: ḡ=9, γE[v]=0.0, Q=9.0 (fn)
2026-09-23 16:33:37,182 INFO: Plan 0: ḡ=69, γE[v]=0.0, Q=69.0 (fn)
2026-09-23 16:33:37,183 INFO: Plan 0: ḡ=6, γE[v]=0.0, Q=6.0 (fn)
2026-09-23 16:33:37,183 INFO: Plan 0: ḡ=3.0, γE[v]=2.2, Q=5.2 (bayes)
2026-09-23 16:33:37,183 INFO: Plan 1: ḡ=4.5, γE[v]=1.5, Q=6.0 (bayes)
2026-09-23 16:33:37,183 INFO: Plan 2: ḡ=0.0, γE[v]=3.8, Q=3.8 (bayes)
2026-09-23 16:33:37,226 INFO: Plan 0: ḡ=11, γE[v]=0.0, Q=11.0 (fn)
2026-09-23 16:33:37,724 INFO: Plan 0: ḡ=14, γE[v]=0.0, Q=14.0 (fn)
2026-09-23 16:33:37,765 INFO: Plan 0: ḡ=22, γE[v]=54.0, Q=76.0 (fn)
2026-09-23 16:33:38,090 INFO: Plan 2: ḡ=57, γE[v]=22.0, Q=79.0 (fn)
2026-09-23 16:33:38,498 INFO: Plan 1: ḡ=43, γE[v]=28.0, Q=71.0 (fn)
2026-09-23 16:33:38,749 INFO: Plan 1: ḡ=68, γE[v]=0.0, Q=68.0 (fn)
2026-09-23 16:33:39,071 INFO: Plan 1: ḡ=12, γE[v]=6.0, Q=18.0 (fn)
2026-09-23 16:33:39,072 INFO: Plan 0: ḡ=3.3, γE[v]=3.2, Q=6.5 (bayes)
2026-09-23 16:33:39,072 INFO: Plan 1: ḡ=4.7, γE[v]=2.8, Q=7.5 (bayes)
2026-09-23 16:33:39,072 INFO: Plan 2: ḡ=3.3, γE[v]=3.2, Q=6.5 (bayes)
2026-09-23 16:33:39,575 INFO: Plan 0: ḡ=51, γE[v]=25.5, Q=76.5 (fn)
2026-09-23 16:33:39,576 INFO: Plan 0: ḡ=25.5, γE[v]=13.9, Q=39.4 (bayes)
2026-09-23 16:33:39,576 INFO: Plan 1: ḡ=21.5, γE[v]=16.0, Q=37.5 (bayes)
2026-09-23 16:33:39,576 INFO: Plan 2: ḡ=28.5, γE[v]=12.2, Q=40.7 (bayes)
2026-09-23 16:33:39,823 INFO: Plan 2: ḡ=66, γE[v]=46.5, Q=112.5 (fn)
2026-09-23 16:33:39,823 INFO: Plan 0: ḡ=5.5, γE[v]=107.0, Q=112.5 (bayes)
2026-09-23 16:33:39,824 INFO: Plan 1: ḡ=34.0, γE[v]=92.8, Q=126.8 (bayes)
2026-09-23 16:33:39,824 INFO: Plan 2: ḡ=33.0, γE[v]=95.3, Q=128.3 (bayes)
2026-09-23 16:33:39,943 INFO: Plan 2: ḡ=180, γE[v]=126.5, Q=306.5 (fn)
2026-09-23 16:33:39,944 INFO: Plan 0: ḡ=34.0, γE[v]=112.0, Q=146.0 (bayes)
2026-09-23 16:33:39,944 INFO: Plan 1: ḡ=15.5, γE[v]=122.0, Q=137.5 (bayes)
2026-09-23 16:33:39,944 INFO: Plan 2: ḡ=90.0, γE[v]=89.7, Q=179.7 (bayes)
2026-09-23 16:33:39,977 INFO: Plan 1: ḡ=118, γE[v]=30.0, Q=148.0 (fn)
2026-09-23 16:33:39,978 INFO: Plan 0: ḡ=23.5, γE[v]=25.2, Q=48.7 (bayes)
2026-09-23 16:33:39,978 INFO: Plan 1: ḡ=43.8, γE[v]=16.4, Q=60.2 (bayes)
2026-09-23 16:33:39,978 INFO: Plan 2: ḡ=13.5, γE[v]=30.2, Q=43.7 (bayes)
2026-09-23 16:33:40,791 INFO: Plan 1: ḡ=66, γE[v]=0.0, Q=66.0 (fn)
2026-09-23 16:33:40,791 INFO: Plan 0: ḡ=56, γE[v]=0.0, Q=56.0 (fn)
2026-09-23 16:33:40,831 INFO: Plan 2: ḡ=94, γE[v]=0.0, Q=94.0 (fn)
2026-09-23 16:33:40,832 INFO: Plan 1: ḡ=25, γE[v]=34.5, Q=59.5 (fn)
2026-09-23 16:33:40,832 INFO: Plan 0: ḡ=26.7, γE[v]=95.2, Q=121.9 (bayes)
2026-09-23 16:33:40,833 INFO: Plan 1: ḡ=33.0, γE[v]=92.1, Q=125.1 (bayes)
2026-09-23 16:33:40,833 INFO: Plan 2: ḡ=47.0, γE[v]=85.1, Q=132.1 (bayes)
2026-09-23 16:33:41,589 INFO: Plan 1: ḡ=28, γE[v]=0.0, Q=28.0 (fn)
2026-09-23 16:33:41,633 INFO: Plan 1: ḡ=33, γE[v]=19.0, Q=52.0 (fn)
2026-09-23 16:33:41,635 INFO: Plan 0: ḡ=58, γE[v]=0.0, Q=58.0 (fn)
2026-09-23 16:33:42,577 INFO: Plan 2: ḡ=28, γE[v]=0.0, Q=28.0 (fn)
2026-09-23 16:33:42,577 INFO: Plan 0: ḡ=29.0, γE[v]=8.5, Q=37.5 (bayes)
2026-09-23 16:33:42,578 INFO: Plan 1: ḡ=14.0, γE[v]=16.0, Q=30.0 (bayes)
2026-09-23 16:33:42,578 INFO: Plan 2: ḡ=12.5, γE[v]=16.8, Q=29.2 (bayes)
2026-09-23 16:33:43,046 INFO: Plan 2: ḡ=61, γE[v]=14.0, Q=75.0 (fn)
2026-09-23 16:33:43,047 INFO: Plan 0: ḡ=6.0, γE[v]=76.0, Q=82.0 (bayes)
2026-09-23 16:33:43,047 INFO: Plan 1: ḡ=16.5, γE[v]=71.6, Q=88.1 (bayes)
2026-09-23 16:33:43,047 INFO: Plan 2: ḡ=30.5, γE[v]=64.4, Q=94.9 (bayes)
2026-09-23 16:33:43,988 INFO: Plan 2: ḡ=23, γE[v]=0.0, Q=23.0 (fn)
2026-09-23 16:33:44,229 INFO: Plan 0: ḡ=21, γE[v]=0.0, Q=21.0 (fn)
2026-09-23 16:33:44,234 INFO: Plan 2: ḡ=33, γE[v]=0.0, Q=33.0 (fn)
2026-09-23 16:33:44,737 INFO: Plan 1: ḡ=82, γE[v]=0.0, Q=82.0 (fn)
2026-09-23 16:33:44,987 INFO: Plan 1: ḡ=6, γE[v]=0.0, Q=6.0 (fn)
2026-09-23 16:33:45,023 INFO: Plan 2: ḡ=67, γE[v]=19.0, Q=86.0 (fn)
2026-09-23 16:33:45,024 INFO: Plan 0: ḡ=5.0, γE[v]=15.2, Q=20.2 (bayes)
2026-09-23 16:33:45,024 INFO: Plan 1: ḡ=8.3, γE[v]=15.6, Q=23.9 (bayes)
2026-09-23 16:33:45,024 INFO: Plan 2: ḡ=22.3, γE[v]=7.6, Q=30.0 (bayes)
2026-09-23 16:33:45,241 INFO: Plan 2: ḡ=49, γE[v]=0.0, Q=49.0 (fn)
2026-09-23 16:33:45,312 INFO: Plan 0: ḡ=65, γE[v]=0.0, Q=65.0 (fn)
2026-09-23 16:33:45,313 INFO: Plan 0: ḡ=32.5, γE[v]=115.8, Q=148.2 (bayes)
2026-09-23 16:33:45,313 INFO: Plan 1: ḡ=28.0, γE[v]=118.0, Q=146.0 (bayes)
2026-09-23 16:33:45,313 INFO: Plan 2: ḡ=16.5, γE[v]=123.7, Q=140.2 (bayes)
2026-09-23 16:33:46,542 INFO: Plan 0: ḡ=42, γE[v]=0.0, Q=42.0 (fn)
2026-09-23 16:33:46,543 INFO: Plan 0: ḡ=21.0, γE[v]=42.8, Q=63.8 (bayes)
2026-09-23 16:33:46,543 INFO: Plan 1: ḡ=3.0, γE[v]=51.8, Q=54.8 (bayes)
2026-09-23 16:33:46,543 INFO: Plan 2: ḡ=24.5, γE[v]=41.0, Q=65.5 (bayes)
2026-09-23 16:33:48,166 INFO: Plan 1: ḡ=78, γE[v]=15.5, Q=93.5 (fn)
2026-09-23 16:33:48,167 INFO: Plan 0: ḡ=7.0, γE[v]=14.7, Q=21.7 (bayes)
2026-09-23 16:33:48,167 INFO: Plan 1: ḡ=26.0, γE[v]=6.1, Q=32.1 (bayes)
2026-09-23 16:33:48,167 INFO: Plan 2: ḡ=7.7, γE[v]=14.3, Q=22.0 (bayes)
2026-09-23 16:33:48,290 INFO: Plan 0: ḡ=74, γE[v]=0.0, Q=74.0 (fn)
2026-09-23 16:33:49,080 INFO: Plan 2: ḡ=50, γE[v]=0.0, Q=50.0 (fn)
2026-09-23 16:33:50,285 INFO: Plan 1: ḡ=482, γE[v]=61.5, Q=543.5 (fn)
2026-09-23 16:33:50,286 INFO: Plan 0: ḡ=11.0, γE[v]=187.4, Q=198.4 (bayes)
2026-09-23 16:33:50,286 INFO: Plan 1: ḡ=241.0, γE[v]=72.8, Q=313.8 (bayes)
2026-09-23 16:33:50,286 INFO: Plan 2: ḡ=94.0, γE[v]=143.5, Q=237.5 (bayes)
2026-09-23 16:33:54,678 INFO: Plan 1: ḡ=54, γE[v]=9.0, Q=63.0 (fn)
2026-09-23 16:33:54,678 INFO: Plan 0: ḡ=33.3, γE[v]=75.7, Q=109.1 (bayes)
2026-09-23 16:33:54,679 INFO: Plan 1: ḡ=27.0, γE[v]=79.3, Q=106.3 (bayes)
2026-09-23 16:33:54,679 INFO: Plan 2: ḡ=25.0, γE[v]=79.9, Q=104.9 (bayes)
2026-09-23 16:33:55,930 INFO: Plan 0: ḡ=106, γE[v]=7.0, Q=113.0 (fn)
2026-09-23 16:33:59,939 INFO: Plan 1: ḡ=126, γE[v]=86.5, Q=212.5 (fn)
2026-09-23 16:34:00,711 INFO: Plan 2: ḡ=129, γE[v]=48.5, Q=177.5 (fn)
2026-09-23 16:34:00,711 INFO: Plan 0: ḡ=53.0, γE[v]=81.3, Q=134.3 (bayes)
2026-09-23 16:34:00,711 INFO: Plan 1: ḡ=51.5, γE[v]=85.6, Q=137.1 (bayes)
2026-09-23 16:34:00,711 INFO: Plan 2: ḡ=64.5, γE[v]=77.4, Q=141.9 (bayes)
2026-09-23 16:34:01,027 INFO: Plan 0: ḡ=9, γE[v]=0.0, Q=9.0 (fn)
2026-09-23 16:34:02,977 INFO: Plan 2: ḡ=31, γE[v]=0.0, Q=31.0 (fn)
2026-09-23 16:34:04,445 INFO: Plan 0: ḡ=26, γE[v]=0.0, Q=26.0 (fn)
2026-09-23 16:34:05,081 INFO: Plan 1: ḡ=52, γE[v]=0.0, Q=52.0 (fn)
2026-09-23 16:34:06,631 INFO: Plan 2: ḡ=50, γE[v]=0.0, Q=50.0 (fn)
2026-09-23 16:34:06,632 INFO: Plan 0: ḡ=13.0, γE[v]=69.5, Q=82.5 (bayes)
2026-09-23 16:34:06,632 INFO: Plan 1: ḡ=26.0, γE[v]=63.0, Q=89.0 (bayes)
2026-09-23 16:34:06,632 INFO: Plan 2: ḡ=25.0, γE[v]=63.5, Q=88.5 (bayes)
2026-09-23 16:34:08,032 INFO: Plan 1: ḡ=107, γE[v]=0.0, Q=107.0 (fn)
2026-09-23 16:34:08,742 INFO: Plan 2: ḡ=81, γE[v]=0.0, Q=81.0 (fn)
2026-09-23 16:34:09,184 INFO: Plan 0: ḡ=54, γE[v]=0.0, Q=54.0 (fn)
2026-09-23 16:34:09,185 INFO: Plan 0: ḡ=24.7, γE[v]=31.8, Q=56.5 (bayes)
2026-09-23 16:34:09,185 INFO: Plan 1: ḡ=38.3, γE[v]=25.0, Q=63.3 (bayes)
2026-09-23 16:34:09,185 INFO: Plan 2: ḡ=29.7, γE[v]=29.3, Q=59.0 (bayes)
2026-09-23 16:34:11,959 INFO: Plan 0: ḡ=180, γE[v]=0.0, Q=180.0 (fn)
2026-09-23 16:34:12,055 INFO: Plan 1: ḡ=35, γE[v]=12.0, Q=47.0 (fn)
2026-09-23 16:34:12,055 INFO: Plan 0: ḡ=4.2, γE[v]=26.2, Q=30.4 (bayes)
2026-09-23 16:34:12,055 INFO: Plan 1: ḡ=12.8, γE[v]=22.5, Q=35.4 (bayes)
2026-09-23 16:34:12,056 INFO: Plan 2: ḡ=15.5, γE[v]=20.6, Q=36.1 (bayes)
2026-09-23 16:34:12,600 INFO: Plan 2: ḡ=170, γE[v]=0.0, Q=170.0 (fn)
2026-09-23 16:34:13,728 INFO: Plan 2: ḡ=138, γE[v]=0.0, Q=138.0 (fn)
2026-09-23 16:34:13,808 INFO: Plan 1: ḡ=43, γE[v]=0.0, Q=43.0 (fn)
2026-09-23 16:34:14,300 INFO: Plan 0: ḡ=43, γE[v]=0.5, Q=43.5 (fn)
2026-09-23 16:34:14,301 INFO: Plan 0: ḡ=21.5, γE[v]=18.1, Q=39.6 (bayes)
2026-09-23 16:34:14,301 INFO: Plan 1: ḡ=21.5, γE[v]=18.1, Q=39.6 (bayes)
2026-09-23 16:34:14,301 INFO: Plan 2: ḡ=51.7, γE[v]=3.0, Q=54.7 (bayes)
2026-09-23 16:34:15,335 INFO: Plan 2: ḡ=201, γE[v]=24.0, Q=225.0 (fn)
2026-09-23 16:34:16,260 INFO: Plan 0: ḡ=3, γE[v]=0.0, Q=3.0 (fn)
2026-09-23 16:34:16,628 INFO: Plan 0: ḡ=9, γE[v]=0.0, Q=9.0 (fn)
2026-09-23 16:34:16,746 INFO: Plan 0: ḡ=228, γE[v]=47.5, Q=275.5 (fn)
2026-09-23 16:34:16,787 INFO: Plan 0: ḡ=178, γE[v]=0.0, Q=178.0 (fn)
2026-09-23 16:34:16,787 INFO: Plan 2: ḡ=12, γE[v]=0.0, Q=12.0 (fn)
2026-09-23 16:34:16,958 INFO: Plan 1: ḡ=80, γE[v]=0.0, Q=80.0 (fn)
2026-09-23 16:34:16,958 INFO: Plan 0: ḡ=1.2, γE[v]=15.0, Q=16.2 (bayes)
2026-09-23 16:34:16,958 INFO: Plan 1: ḡ=26.7, γE[v]=2.2, Q=28.9 (bayes)
2026-09-23 16:34:16,958 INFO: Plan 2: ḡ=4.2, γE[v]=13.5, Q=17.7 (bayes)
2026-09-23 16:34:17,567 INFO: Plan 1: ḡ=249, γE[v]=37.0, Q=286.0 (fn)
2026-09-23 16:34:17,567 INFO: Plan 0: ḡ=76.0, γE[v]=18.7, Q=94.7 (bayes)
2026-09-23 16:34:17,567 INFO: Plan 1: ḡ=83.0, γE[v]=14.6, Q=97.5 (bayes)
2026-09-23 16:34:17,567 INFO: Plan 2: ḡ=67.0, γE[v]=21.8, Q=88.8 (bayes)
2026-09-23 16:34:18,559 INFO: Plan 2: ḡ=4, γE[v]=0.0, Q=4.0 (fn)
2026-09-23 16:34:19,477 INFO: Plan 0: ḡ=2, γE[v]=0.0, Q=2.0 (fn)
2026-09-23 16:34:19,516 INFO: Plan 2: ḡ=186, γE[v]=0.0, Q=186.0 (fn)
2026-09-23 16:34:20,129 INFO: Plan 1: ḡ=2, γE[v]=0.0, Q=2.0 (fn)
2026-09-23 16:34:21,523 INFO: Plan 0: ḡ=5, γE[v]=0.0, Q=5.0 (fn)
2026-09-23 16:34:21,554 INFO: Plan 2: ḡ=4, γE[v]=0.0, Q=4.0 (fn)
2026-09-23 16:34:21,793 INFO: Plan 1: ḡ=16, γE[v]=0.0, Q=16.0 (fn)
2026-09-23 16:34:21,794 INFO: Plan 0: ḡ=1.2, γE[v]=2.5, Q=3.8 (bayes)
2026-09-23 16:34:21,794 INFO: Plan 1: ḡ=4.0, γE[v]=1.1, Q=5.1 (bayes)
2026-09-23 16:34:21,794 INFO: Plan 2: ḡ=1.0, γE[v]=2.6, Q=3.6 (bayes)
2026-09-23 16:34:21,940 INFO: Plan 0: ḡ=109, γE[v]=28.5, Q=137.5 (fn)
2026-09-23 16:34:21,940 INFO: Plan 1: ḡ=4, γE[v]=4.5, Q=8.5 (fn)
2026-09-23 16:34:21,941 INFO: Plan 0: ḡ=3.0, γE[v]=0.8, Q=3.8 (bayes)
2026-09-23 16:34:21,941 INFO: Plan 1: ḡ=1.7, γE[v]=1.8, Q=3.4 (bayes)
2026-09-23 16:34:21,941 INFO: Plan 2: ḡ=1.7, γE[v]=1.5, Q=3.2 (bayes)
2026-09-23 16:34:22,118 INFO: Plan 2: ḡ=16, γE[v]=1.5, Q=17.5 (fn)
2026-09-23 16:34:22,118 INFO: Plan 0: ḡ=0.7, γE[v]=2.8, Q=3.5 (bayes)
2026-09-23 16:34:22,118 INFO: Plan 1: ḡ=0.7, γE[v]=2.8, Q=3.5 (bayes)
2026-09-23 16:34:22,118 INFO: Plan 2: ḡ=5.3, γE[v]=0.6, Q=5.9 (bayes)
2026-09-23 16:34:22,411 INFO: Plan 0: ḡ=37, γE[v]=0.0, Q=37.0 (fn)
2026-09-23 16:34:22,535 INFO: Plan 0: ḡ=17, γE[v]=0.0, Q=17.0 (fn)
2026-09-23 16:34:23,502 INFO: Plan 0: ḡ=12, γE[v]=0.0, Q=12.0 (fn)
2026-09-23 16:34:23,536 INFO: Plan 2: ḡ=4, γE[v]=0.0, Q=4.0 (fn)
2026-09-23 16:34:23,833 INFO: Plan 0: ḡ=5, γE[v]=0.0, Q=5.0 (fn)
2026-09-23 16:34:23,987 INFO: Plan 1: ḡ=5, γE[v]=0.0, Q=5.0 (fn)
2026-09-23 16:34:24,029 INFO: Plan 1: ḡ=46, γE[v]=0.0, Q=46.0 (fn)
2026-09-23 16:34:24,030 INFO: Plan 2: ḡ=129, γE[v]=0.0, Q=129.0 (fn)
2026-09-23 16:34:24,030 INFO: Plan 0: ḡ=8.5, γE[v]=94.0, Q=102.5 (bayes)
2026-09-23 16:34:24,030 INFO: Plan 1: ḡ=23.0, γE[v]=86.8, Q=109.8 (bayes)
2026-09-23 16:34:24,031 INFO: Plan 2: ḡ=64.5, γE[v]=66.0, Q=130.5 (bayes)
2026-09-23 16:34:24,675 INFO: Plan 0: ḡ=8, γE[v]=0.0, Q=8.0 (fn)
2026-09-23 16:34:25,251 INFO: Plan 0: ḡ=623, γE[v]=0.0, Q=623.0 (fn)
2026-09-23 16:34:25,275 INFO: Plan 2: ḡ=13, γE[v]=0.0, Q=13.0 (fn)
2026-09-23 16:34:25,275 INFO: Plan 1: ḡ=1, γE[v]=0.0, Q=1.0 (fn)
2026-09-23 16:34:25,276 INFO: Plan 2: ḡ=6, γE[v]=0.0, Q=6.0 (fn)
2026-09-23 16:34:25,277 INFO: Plan 0: ḡ=2.5, γE[v]=2.2, Q=4.8 (bayes)
2026-09-23 16:34:25,277 INFO: Plan 1: ḡ=2.5, γE[v]=2.2, Q=4.8 (bayes)
2026-09-23 16:34:25,277 INFO: Plan 2: ḡ=3.0, γE[v]=2.0, Q=5.0 (bayes)
2026-09-23 16:34:25,765 INFO: Plan 1: ḡ=107, γE[v]=77.5, Q=184.5 (fn)
2026-09-23 16:34:25,765 INFO: Plan 0: ḡ=54.5, γE[v]=88.0, Q=142.5 (bayes)
2026-09-23 16:34:25,765 INFO: Plan 1: ḡ=53.5, γE[v]=90.7, Q=144.2 (bayes)
2026-09-23 16:34:25,765 INFO: Plan 2: ḡ=93.0, γE[v]=67.5, Q=160.5 (bayes)
2026-09-23 16:34:26,520 INFO: Plan 0: ḡ=5, γE[v]=0.5, Q=5.5 (fn)
2026-09-23 16:34:26,520 INFO: Plan 0: ḡ=1.2, γE[v]=2.3, Q=3.6 (bayes)
2026-09-23 16:34:26,520 INFO: Plan 1: ḡ=0.2, γE[v]=2.8, Q=3.0 (bayes)
2026-09-23 16:34:26,521 INFO: Plan 2: ḡ=4.3, γE[v]=0.8, Q=5.1 (bayes)
2026-09-23 16:34:26,946 INFO: Plan 2: ḡ=0, γE[v]=0.0, Q=0.0 (fn)
2026-09-23 16:34:27,145 INFO: Plan 2: ḡ=56, γE[v]=6.0, Q=62.0 (fn)
2026-09-23 16:34:27,458 INFO: Plan 0: ḡ=13, γE[v]=0.0, Q=13.0 (fn)
2026-09-23 16:34:27,459 INFO: Plan 2: ḡ=18, γE[v]=0.0, Q=18.0 (fn)
2026-09-23 16:34:27,674 INFO: Plan 2: ḡ=138, γE[v]=83.0, Q=221.0 (fn)
2026-09-23 16:34:27,884 INFO: Plan 0: ḡ=6, γE[v]=0.0, Q=6.0 (fn)
2026-09-23 16:34:27,886 INFO: Plan 1: ḡ=41, γE[v]=0.0, Q=41.0 (fn)
2026-09-23 16:34:27,886 INFO: Plan 1: ḡ=6, γE[v]=0.0, Q=6.0 (fn)
2026-09-23 16:34:27,887 INFO: Plan 0: ḡ=3.0, γE[v]=0.0, Q=3.0 (bayes)
2026-09-23 16:34:27,887 INFO: Plan 0: ḡ=6.5, γE[v]=142.8, Q=149.3 (bayes)
2026-09-23 16:34:27,887 INFO: Plan 1: ḡ=3.0, γE[v]=0.0, Q=3.0 (bayes)
2026-09-23 16:34:27,887 INFO: Plan 1: ḡ=20.5, γE[v]=135.8, Q=156.3 (bayes)
2026-09-23 16:34:27,887 INFO: Plan 2: ḡ=0.0, γE[v]=1.5, Q=1.5 (bayes)
2026-09-23 16:34:27,888 INFO: Plan 2: ḡ=9.0, γE[v]=141.6, Q=150.6 (bayes)
2026-09-23 16:34:27,921 INFO: Plan 1: ḡ=170, γE[v]=77.0, Q=247.0 (fn)
2026-09-23 16:34:27,922 INFO: Plan 0: ḡ=59.7, γE[v]=24.6, Q=84.2 (bayes)
2026-09-23 16:34:27,922 INFO: Plan 1: ḡ=56.7, γE[v]=30.7, Q=87.3 (bayes)
2026-09-23 16:34:27,922 INFO: Plan 2: ḡ=46.3, γE[v]=36.2, Q=82.6 (bayes)
2026-09-23 16:34:28,275 INFO: Plan 1: ḡ=0, γE[v]=0.0, Q=0.0 (fn)
2026-09-23 16:34:28,458 INFO: Plan 1: ḡ=5, γE[v]=6.0, Q=11.0 (fn)
2026-09-23 16:34:28,459 INFO: Plan 1: ḡ=30, γE[v]=19.0, Q=49.0 (fn)
2026-09-23 16:34:28,459 INFO: Plan 0: ḡ=2.0, γE[v]=1.3, Q=3.3 (bayes)
2026-09-23 16:34:28,460 INFO: Plan 0: ḡ=4.0, γE[v]=9.3, Q=13.3 (bayes)
2026-09-23 16:34:28,460 INFO: Plan 1: ḡ=1.3, γE[v]=2.1, Q=3.4 (bayes)
2026-09-23 16:34:28,460 INFO: Plan 1: ḡ=10.0, γE[v]=7.5, Q=17.5 (bayes)
2026-09-23 16:34:28,460 INFO: Plan 2: ḡ=1.3, γE[v]=1.7, Q=3.0 (bayes)
2026-09-23 16:34:28,460 INFO: Plan 2: ḡ=18.7, γE[v]=2.4, Q=21.0 (bayes)
2026-09-23 16:34:28,534 INFO: Plan 0: ḡ=20, γE[v]=0.0, Q=20.0 (fn)
2026-09-23 16:34:28,726 INFO: Plan 2: ḡ=0, γE[v]=0.0, Q=0.0 (fn)
2026-09-23 16:34:28,726 INFO: Plan 0: ḡ=6.7, γE[v]=0.0, Q=6.7 (bayes)
2026-09-23 16:34:28,726 INFO: Plan 1: ḡ=0.0, γE[v]=3.3, Q=3.3 (bayes)
2026-09-23 16:34:28,726 INFO: Plan 2: ḡ=0.0, γE[v]=3.3, Q=3.3 (bayes)
2026-09-23 16:34:28,854 INFO: Plan 2: ḡ=645, γE[v]=0.0, Q=645.0 (fn)
2026-09-23 16:34:29,446 INFO: Plan 2: ḡ=107, γE[v]=8.5, Q=115.5 (fn)
2026-09-23 16:34:29,846 INFO: Plan 0: ḡ=35, γE[v]=0.0, Q=35.0 (fn)
2026-09-23 16:34:29,878 INFO: Plan 2: ḡ=6, γE[v]=0.5, Q=6.5 (fn)
2026-09-23 16:34:30,192 INFO: Plan 1: ḡ=71, γE[v]=0.0, Q=71.0 (fn)
2026-09-23 16:34:31,183 INFO: Plan 2: ḡ=32, γE[v]=1.0, Q=33.0 (fn)
2026-09-23 16:34:31,184 INFO: Plan 0: ḡ=17.5, γE[v]=39.2, Q=56.7 (bayes)
2026-09-23 16:34:31,184 INFO: Plan 1: ḡ=35.5, γE[v]=30.2, Q=65.7 (bayes)
2026-09-23 16:34:31,184 INFO: Plan 2: ḡ=11.3, γE[v]=42.3, Q=53.6 (bayes)
2026-09-23 16:34:31,469 INFO: Plan 2: ḡ=27, γE[v]=0.0, Q=27.0 (fn)
2026-09-23 16:34:31,671 INFO: Plan 0: ḡ=22, γE[v]=0.0, Q=22.0 (fn)
2026-09-23 16:34:31,880 INFO: Plan 1: ḡ=7, γE[v]=2.5, Q=9.5 (fn)
2026-09-23 16:34:32,142 INFO: Plan 0: ḡ=69, γE[v]=0.0, Q=69.0 (fn)
2026-09-23 16:34:32,467 INFO: Plan 2: ḡ=108, γE[v]=0.0, Q=108.0 (fn)
2026-09-23 16:34:32,468 INFO: Plan 0: ḡ=4, γE[v]=1.5, Q=5.5 (fn)
2026-09-23 16:34:32,468 INFO: Plan 0: ḡ=1.3, γE[v]=1.4, Q=2.8 (bayes)
2026-09-23 16:34:32,469 INFO: Plan 1: ḡ=2.3, γE[v]=1.0, Q=3.3 (bayes)
2026-09-23 16:34:32,469 INFO: Plan 2: ḡ=2.0, γE[v]=1.0, Q=3.0 (bayes)
2026-09-23 16:34:33,059 INFO: Plan 1: ḡ=119, γE[v]=0.0, Q=119.0 (fn)
2026-09-23 16:34:33,060 INFO: Plan 0: ḡ=17.5, γE[v]=12.0, Q=29.5 (bayes)
2026-09-23 16:34:33,060 INFO: Plan 1: ḡ=32.5, γE[v]=4.5, Q=37.0 (bayes)
2026-09-23 16:34:33,060 INFO: Plan 2: ḡ=9.0, γE[v]=16.2, Q=25.2 (bayes)
2026-09-23 16:34:34,011 INFO: Plan 1: ḡ=162, γE[v]=0.0, Q=162.0 (fn)
2026-09-23 16:34:34,420 INFO: Plan 1: ḡ=68, γE[v]=19.0, Q=87.0 (fn)
2026-09-23 16:34:34,426 INFO: Plan 0: ḡ=12.3, γE[v]=17.8, Q=30.1 (bayes)
2026-09-23 16:34:34,428 INFO: Plan 1: ḡ=31.2, γE[v]=9.3, Q=40.5 (bayes)
2026-09-23 16:34:34,428 INFO: Plan 2: ḡ=47.8, γE[v]=0.0, Q=47.8 (bayes)
2026-09-23 16:34:35,118 INFO: Plan 0: ḡ=44, γE[v]=12.5, Q=56.5 (fn)
2026-09-23 16:34:35,503 INFO: Plan 0: ḡ=127, γE[v]=17.5, Q=144.5 (fn)
2026-09-23 16:34:35,503 INFO: Plan 0: ḡ=42.8, γE[v]=7.9, Q=50.7 (bayes)
2026-09-23 16:34:35,504 INFO: Plan 1: ḡ=56.2, γE[v]=0.2, Q=56.4 (bayes)
2026-09-23 16:34:35,504 INFO: Plan 2: ḡ=36.5, γE[v]=10.6, Q=47.1 (bayes)
2026-09-23 16:34:35,861 INFO: Plan 1: ḡ=628, γE[v]=133.5, Q=761.5 (fn)
2026-09-23 16:34:35,862 INFO: Plan 0: ḡ=64.8, γE[v]=233.3, Q=298.2 (bayes)
2026-09-23 16:34:35,862 INFO: Plan 1: ḡ=263.8, γE[v]=140.2, Q=404.0 (bayes)
2026-09-23 16:34:35,862 INFO: Plan 2: ḡ=57.2, γE[v]=237.2, Q=294.3 (bayes)
2026-09-23 16:34:36,773 INFO: Plan 1: ḡ=42, γE[v]=0.0, Q=42.0 (fn)
2026-09-23 16:34:36,933 INFO: Plan 0: ḡ=37, γE[v]=0.0, Q=37.0 (fn)
2026-09-23 16:34:36,968 INFO: Plan 2: ḡ=39, γE[v]=0.0, Q=39.0 (fn)
2026-09-23 16:34:37,712 INFO: Plan 0: ḡ=137, γE[v]=2.5, Q=139.5 (fn)
2026-09-23 16:34:37,712 INFO: Plan 0: ḡ=65.2, γE[v]=25.4, Q=90.5 (bayes)
2026-09-23 16:34:37,713 INFO: Plan 1: ḡ=20.2, γE[v]=47.8, Q=67.9 (bayes)
2026-09-23 16:34:37,713 INFO: Plan 2: ḡ=19.5, γE[v]=48.1, Q=67.6 (bayes)
2026-09-23 16:34:38,293 INFO: Plan 0: ḡ=55, γE[v]=0.0, Q=55.0 (fn)
2026-09-23 16:34:39,215 INFO: Plan 1: ḡ=88, γE[v]=22.0, Q=110.0 (fn)
2026-09-23 16:34:39,217 INFO: Plan 2: ḡ=87, γE[v]=15.5, Q=102.5 (fn)
2026-09-23 16:34:40,182 INFO: Plan 2: ḡ=30, γE[v]=0.0, Q=30.0 (fn)
2026-09-23 16:34:40,311 INFO: Plan 1: ḡ=335, γE[v]=47.5, Q=382.5 (fn)
2026-09-23 16:34:40,506 INFO: Plan 2: ḡ=341, γE[v]=32.0, Q=373.0 (fn)
2026-09-23 16:34:40,507 INFO: Plan 0: ḡ=22.0, γE[v]=76.4, Q=98.4 (bayes)
2026-09-23 16:34:40,507 INFO: Plan 1: ḡ=126.2, γE[v]=26.4, Q=152.6 (bayes)
2026-09-23 16:34:40,507 INFO: Plan 2: ḡ=122.0, γE[v]=27.5, Q=149.5 (bayes)
2026-09-23 16:34:41,281 INFO: Plan 1: ḡ=7, γE[v]=0.0, Q=7.0 (fn)
2026-09-23 16:34:41,322 INFO: Plan 1: ḡ=31, γE[v]=43.5, Q=74.5 (fn)
2026-09-23 16:34:41,323 INFO: Plan 0: ḡ=7.3, γE[v]=17.7, Q=25.0 (bayes)
2026-09-23 16:34:41,323 INFO: Plan 1: ḡ=10.3, γE[v]=18.6, Q=29.0 (bayes)
2026-09-23 16:34:41,323 INFO: Plan 2: ḡ=29.0, γE[v]=7.6, Q=36.6 (bayes)
2026-09-23 16:34:41,681 INFO: Plan 0: ḡ=15, γE[v]=0.0, Q=15.0 (fn)
2026-09-23 16:34:41,922 INFO: Plan 2: ḡ=160, γE[v]=0.0, Q=160.0 (fn)
2026-09-23 16:34:41,923 INFO: Plan 0: ḡ=12.7, γE[v]=20.9, Q=33.6 (bayes)
2026-09-23 16:34:41,923 INFO: Plan 1: ḡ=30.0, γE[v]=13.6, Q=43.6 (bayes)
2026-09-23 16:34:41,923 INFO: Plan 2: ḡ=54.5, γE[v]=0.0, Q=54.5 (bayes)
2026-09-23 16:34:42,635 INFO: Plan 2: ḡ=23, γE[v]=4.0, Q=27.0 (fn)
2026-09-23 16:34:42,636 INFO: Plan 0: ḡ=5.0, γE[v]=2.7, Q=7.7 (bayes)
2026-09-23 16:34:42,636 INFO: Plan 1: ḡ=2.3, γE[v]=4.0, Q=6.3 (bayes)
2026-09-23 16:34:42,636 INFO: Plan 2: ḡ=7.7, γE[v]=1.6, Q=9.2 (bayes)
2026-09-23 16:34:45,016 INFO: Plan 1: ḡ=119, γE[v]=20.0, Q=139.0 (fn)
2026-09-23 16:34:45,016 INFO: Plan 0: ḡ=22.3, γE[v]=81.3, Q=103.7 (bayes)
2026-09-23 16:34:45,016 INFO: Plan 1: ḡ=54.7, γE[v]=66.1, Q=120.7 (bayes)
2026-09-23 16:34:45,016 INFO: Plan 2: ḡ=15.0, γE[v]=85.0, Q=100.0 (bayes)
2026-09-23 16:34:45,750 INFO: Plan 0: ḡ=50, γE[v]=28.0, Q=78.0 (fn)
2026-09-23 16:34:46,777 INFO: Plan 1: ḡ=59, γE[v]=0.0, Q=59.0 (fn)
2026-09-23 16:34:47,186 INFO: Plan 0: ḡ=91, γE[v]=0.0, Q=91.0 (fn)
2026-09-23 16:34:47,575 INFO: Plan 2: ḡ=11, γE[v]=0.0, Q=11.0 (fn)
2026-09-23 16:34:47,975 INFO: Plan 2: ḡ=132, γE[v]=0.0, Q=132.0 (fn)
2026-09-23 16:34:47,976 INFO: Plan 0: ḡ=17.2, γE[v]=38.6, Q=55.8 (bayes)
2026-09-23 16:34:47,976 INFO: Plan 1: ḡ=27.2, γE[v]=31.9, Q=59.1 (bayes)
2026-09-23 16:34:47,976 INFO: Plan 2: ḡ=48.8, γE[v]=21.1, Q=69.9 (bayes)
2026-09-23 16:34:48,301 INFO: Plan 1: ḡ=1287, γE[v]=0.0, Q=1287.0 (fn)
2026-09-23 16:34:48,302 INFO: Plan 0: ḡ=248.0, γE[v]=183.0, Q=431.0 (bayes)
2026-09-23 16:34:48,302 INFO: Plan 1: ḡ=561.0, γE[v]=26.5, Q=587.5 (bayes)
2026-09-23 16:34:48,302 INFO: Plan 2: ḡ=250.7, γE[v]=181.7, Q=432.3 (bayes)
2026-09-23 16:34:50,318 INFO: Plan 2: ḡ=28, γE[v]=0.0, Q=28.0 (fn)
2026-09-23 16:34:51,726 INFO: Plan 1: ḡ=68, γE[v]=52.5, Q=120.5 (fn)
2026-09-23 16:34:51,727 INFO: Plan 0: ḡ=30.3, γE[v]=13.7, Q=44.0 (bayes)
2026-09-23 16:34:51,727 INFO: Plan 1: ḡ=22.7, γE[v]=20.6, Q=43.3 (bayes)
2026-09-23 16:34:51,727 INFO: Plan 2: ḡ=3.7, γE[v]=27.0, Q=30.7 (bayes)
2026-09-23 16:34:51,918 INFO: Plan 0: ḡ=11, γE[v]=0.0, Q=11.0 (fn)
2026-09-23 16:34:53,916 INFO: Plan 2: ḡ=37, γE[v]=37.0, Q=74.0 (fn)
2026-09-23 16:34:55,140 INFO: Plan 0: ḡ=42, γE[v]=40.0, Q=82.0 (fn)
2026-09-23 16:34:55,491 INFO: Plan 1: ḡ=109, γE[v]=11.5, Q=120.5 (fn)
2026-09-23 16:34:55,492 INFO: Plan 0: ḡ=5.5, γE[v]=82.0, Q=87.5 (bayes)
2026-09-23 16:34:55,492 INFO: Plan 1: ḡ=54.5, γE[v]=58.0, Q=112.5 (bayes)
2026-09-23 16:34:55,492 INFO: Plan 2: ḡ=14.8, γE[v]=79.6, Q=94.4 (bayes)
2026-09-23 16:34:55,807 INFO: Plan 1: ḡ=27, γE[v]=18.0, Q=45.0 (fn)
2026-09-23 16:34:55,808 INFO: Plan 0: ḡ=21.0, γE[v]=71.0, Q=92.0 (bayes)
2026-09-23 16:34:55,808 INFO: Plan 1: ḡ=13.5, γE[v]=73.7, Q=87.2 (bayes)
2026-09-23 16:34:55,808 INFO: Plan 2: ḡ=10.0, γE[v]=74.7, Q=84.7 (bayes)
2026-09-23 16:34:57,048 INFO: Plan 0: ḡ=36, γE[v]=0.0, Q=36.0 (fn)
2026-09-23 16:34:57,808 INFO: Plan 2: ḡ=20, γE[v]=0.0, Q=20.0 (fn)
2026-09-23 16:35:00,911 INFO: Plan 1: ḡ=43, γE[v]=3.5, Q=46.5 (fn)
2026-09-23 16:35:00,912 INFO: Plan 0: ḡ=18.0, γE[v]=52.0, Q=70.0 (bayes)
2026-09-23 16:35:00,912 INFO: Plan 1: ḡ=16.2, γE[v]=53.1, Q=69.3 (bayes)
2026-09-23 16:35:00,912 INFO: Plan 2: ḡ=8.0, γE[v]=57.0, Q=65.0 (bayes)
2026-09-23 16:35:02,427 INFO: Plan 1: ḡ=12, γE[v]=0.0, Q=12.0 (fn)
2026-09-23 16:35:03,835 INFO: Plan 0: ḡ=23, γE[v]=6.0, Q=29.0 (fn)
2026-09-23 16:35:04,034 INFO: Plan 2: ḡ=15, γE[v]=10.0, Q=25.0 (fn)
2026-09-23 16:35:04,034 INFO: Plan 0: ḡ=7.7, γE[v]=2.4, Q=10.0 (bayes)
2026-09-23 16:35:04,035 INFO: Plan 1: ḡ=4.0, γE[v]=3.8, Q=7.8 (bayes)
2026-09-23 16:35:04,035 INFO: Plan 2: ḡ=5.0, γE[v]=3.9, Q=8.9 (bayes)
2026-09-23 16:35:05,460 INFO: Plan 0: ḡ=13, γE[v]=0.0, Q=13.0 (fn)
2026-09-23 16:35:06,210 INFO: Plan 2: ḡ=9, γE[v]=0.0, Q=9.0 (fn)
2026-09-23 16:35:06,419 INFO: Plan 1: ḡ=20, γE[v]=0.0, Q=20.0 (fn)
2026-09-23 16:35:06,419 INFO: Plan 0: ḡ=5.7, γE[v]=6.5, Q=12.2 (bayes)
2026-09-23 16:35:06,419 INFO: Plan 1: ḡ=10.0, γE[v]=4.3, Q=14.3 (bayes)
2026-09-23 16:35:06,419 INFO: Plan 2: ḡ=3.0, γE[v]=7.8, Q=10.8 (bayes)
2026-09-23 16:35:07,759 INFO: Plan 0: ḡ=13, γE[v]=0.0, Q=13.0 (fn)
2026-09-23 16:35:08,241 INFO: Plan 1: ḡ=32, γE[v]=17.5, Q=49.5 (fn)
2026-09-23 16:35:09,628 INFO: Plan 0: ḡ=167, γE[v]=140.5, Q=307.5 (fn)
2026-09-23 16:35:10,161 INFO: Plan 2: ḡ=57, γE[v]=12.5, Q=69.5 (fn)
2026-09-23 16:35:10,474 INFO: Plan 0: ḡ=20, γE[v]=0.0, Q=20.0 (fn)
2026-09-23 16:35:11,635 INFO: Plan 2: ḡ=36, γE[v]=0.0, Q=36.0 (fn)
2026-09-23 16:35:11,989 INFO: Plan 0: ḡ=46, γE[v]=0.0, Q=46.0 (fn)
2026-09-23 16:35:12,398 INFO: Plan 1: ḡ=82, γE[v]=0.0, Q=82.0 (fn)
2026-09-23 16:35:12,399 INFO: Plan 0: ḡ=23.0, γE[v]=104.2, Q=127.2 (bayes)
2026-09-23 16:35:12,399 INFO: Plan 1: ḡ=34.0, γE[v]=98.8, Q=132.8 (bayes)
2026-09-23 16:35:12,399 INFO: Plan 2: ḡ=18.0, γE[v]=106.8, Q=124.8 (bayes)
2026-09-23 16:35:12,699 INFO: Plan 1: ḡ=24, γE[v]=34.0, Q=58.0 (fn)
2026-09-23 16:35:12,700 INFO: Plan 0: ḡ=3.4, γE[v]=9.9, Q=13.3 (bayes)
2026-09-23 16:35:12,700 INFO: Plan 1: ḡ=6.0, γE[v]=10.9, Q=16.9 (bayes)
2026-09-23 16:35:12,700 INFO: Plan 2: ḡ=14.4, γE[v]=5.2, Q=19.6 (bayes)
2026-09-23 16:35:13,517 INFO: Plan 2: ḡ=362, γE[v]=25.5, Q=387.5 (fn)
2026-09-23 16:35:13,518 INFO: Plan 0: ḡ=64.2, γE[v]=65.9, Q=130.1 (bayes)
2026-09-23 16:35:13,518 INFO: Plan 1: ḡ=12.3, γE[v]=84.5, Q=96.8 (bayes)
2026-09-23 16:35:13,518 INFO: Plan 2: ḡ=123.0, γE[v]=29.4, Q=152.4 (bayes)
2026-09-23 16:35:13,764 INFO: Plan 1: ḡ=10, γE[v]=0.0, Q=10.0 (fn)
2026-09-23 16:35:13,888 INFO: Plan 0: ḡ=10, γE[v]=0.0, Q=10.0 (fn)
2026-09-23 16:35:13,889 INFO: Plan 1: ḡ=89, γE[v]=10.0, Q=99.0 (fn)
2026-09-23 16:35:14,291 INFO: Plan 2: ḡ=8, γE[v]=0.0, Q=8.0 (fn)
2026-09-23 16:35:14,291 INFO: Plan 0: ḡ=3, γE[v]=0.0, Q=3.0 (fn)
2026-09-23 16:35:14,760 INFO: Plan 2: ḡ=30, γE[v]=39.5, Q=69.5 (fn)
2026-09-23 16:35:14,761 INFO: Plan 0: ḡ=5.0, γE[v]=11.1, Q=16.1 (bayes)
2026-09-23 16:35:14,761 INFO: Plan 1: ḡ=22.2, γE[v]=3.2, Q=25.4 (bayes)
2026-09-23 16:35:14,761 INFO: Plan 2: ḡ=7.5, γE[v]=12.5, Q=20.0 (bayes)
2026-09-23 16:35:15,627 INFO: Plan 1: ḡ=40, γE[v]=0.0, Q=40.0 (fn)
2026-09-23 16:35:15,629 INFO: Plan 1: ḡ=76, γE[v]=0.0, Q=76.0 (fn)
2026-09-23 16:35:15,630 INFO: Plan 0: ḡ=1.1, γE[v]=6.2, Q=7.3 (bayes)
2026-09-23 16:35:15,630 INFO: Plan 1: ḡ=10.5, γE[v]=1.5, Q=12.0 (bayes)
2026-09-23 16:35:15,630 INFO: Plan 2: ḡ=2.7, γE[v]=5.4, Q=8.1 (bayes)
2026-09-23 16:35:15,671 INFO: Plan 2: ḡ=6, γE[v]=2.0, Q=8.0 (fn)
2026-09-23 16:35:15,672 INFO: Plan 1: ḡ=2, γE[v]=0.0, Q=2.0 (fn)
2026-09-23 16:35:15,673 INFO: Plan 0: ḡ=5.0, γE[v]=0.0, Q=5.0 (bayes)
2026-09-23 16:35:15,674 INFO: Plan 1: ḡ=5.0, γE[v]=0.0, Q=5.0 (bayes)
2026-09-23 16:35:15,679 INFO: Plan 2: ḡ=3.0, γE[v]=1.1, Q=4.1 (bayes)
2026-09-23 16:35:15,916 INFO: Plan 2: ḡ=107, γE[v]=0.0, Q=107.0 (fn)
2026-09-23 16:35:16,382 INFO: Plan 0: ḡ=56, γE[v]=0.0, Q=56.0 (fn)
2026-09-23 16:35:16,382 INFO: Plan 0: ḡ=26.7, γE[v]=85.9, Q=112.6 (bayes)
2026-09-23 16:35:16,382 INFO: Plan 1: ḡ=38.0, γE[v]=80.2, Q=118.2 (bayes)
2026-09-23 16:35:16,382 INFO: Plan 2: ḡ=39.3, γE[v]=79.6, Q=118.9 (bayes)
2026-09-23 16:35:17,008 INFO: Plan 2: ḡ=0, γE[v]=0.0, Q=0.0 (fn)
2026-09-23 16:35:17,247 INFO: Plan 1: ḡ=1, γE[v]=0.0, Q=1.0 (fn)
2026-09-23 16:35:17,462 INFO: Plan 2: ḡ=6, γE[v]=0.0, Q=6.0 (fn)
2026-09-23 16:35:17,751 INFO: Plan 0: ḡ=4, γE[v]=1.0, Q=5.0 (fn)
2026-09-23 16:35:17,752 INFO: Plan 0: ḡ=1.0, γE[v]=0.3, Q=1.3 (bayes)
2026-09-23 16:35:17,752 INFO: Plan 1: ḡ=0.5, γE[v]=0.5, Q=1.0 (bayes)
2026-09-23 16:35:17,752 INFO: Plan 2: ḡ=1.5, γE[v]=0.0, Q=1.5 (bayes)
2026-09-23 16:35:17,994 INFO: Plan 0: ḡ=5, γE[v]=0.5, Q=5.5 (fn)
2026-09-23 16:35:17,995 INFO: Plan 0: ḡ=1.2, γE[v]=0.2, Q=1.4 (bayes)
2026-09-23 16:35:17,995 INFO: Plan 1: ḡ=0.2, γE[v]=0.6, Q=0.9 (bayes)
2026-09-23 16:35:17,995 INFO: Plan 2: ḡ=0.0, γE[v]=0.8, Q=0.8 (bayes)
2026-09-23 16:35:18,419 INFO: Plan 2: ḡ=0, γE[v]=0.0, Q=0.0 (fn)
2026-09-23 16:35:19,149 INFO: Plan 1: ḡ=88, γE[v]=0.0, Q=88.0 (fn)
2026-09-23 16:35:19,359 INFO: Plan 0: ḡ=5, γE[v]=0.0, Q=5.0 (fn)
2026-09-23 16:35:19,360 INFO: Plan 1: ḡ=2, γE[v]=0.0, Q=2.0 (fn)
2026-09-23 16:35:19,598 INFO: Plan 2: ḡ=5, γE[v]=0.0, Q=5.0 (fn)
2026-09-23 16:35:19,598 INFO: Plan 0: ḡ=6, γE[v]=0.0, Q=6.0 (fn)
2026-09-23 16:35:19,599 INFO: Plan 0: ḡ=1.6, γE[v]=0.5, Q=2.1 (bayes)
2026-09-23 16:35:19,599 INFO: Plan 1: ḡ=1.0, γE[v]=0.8, Q=1.8 (bayes)
2026-09-23 16:35:19,599 INFO: Plan 2: ḡ=0.0, γE[v]=1.3, Q=1.3 (bayes)
2026-09-23 16:35:19,638 INFO: Plan 0: ḡ=106, γE[v]=13.0, Q=119.0 (fn)
2026-09-23 16:35:19,639 INFO: Plan 1: ḡ=4, γE[v]=0.0, Q=4.0 (fn)
2026-09-23 16:35:19,640 INFO: Plan 0: ḡ=1.2, γE[v]=0.5, Q=1.8 (bayes)
2026-09-23 16:35:19,640 INFO: Plan 1: ḡ=1.0, γE[v]=0.6, Q=1.6 (bayes)
2026-09-23 16:35:19,640 INFO: Plan 2: ḡ=1.2, γE[v]=0.5, Q=1.8 (bayes)
2026-09-23 16:35:20,085 INFO: Plan 2: ḡ=48, γE[v]=30.5, Q=78.5 (fn)
2026-09-23 16:35:20,086 INFO: Plan 0: ḡ=53.0, γE[v]=44.7, Q=97.7 (bayes)
2026-09-23 16:35:20,086 INFO: Plan 1: ḡ=32.2, γE[v]=54.4, Q=86.6 (bayes)
2026-09-23 16:35:20,086 INFO: Plan 2: ḡ=16.0, γE[v]=64.3, Q=80.3 (bayes)
2026-09-23 16:35:20,290 INFO: Plan 2: ḡ=47, γE[v]=0.0, Q=47.0 (fn)
2026-09-23 16:35:20,551 INFO: Plan 0: ḡ=40, γE[v]=4.0, Q=44.0 (fn)
2026-09-23 16:35:20,867 INFO: Plan 1: ḡ=8, γE[v]=2.0, Q=10.0 (fn)
2026-09-23 16:35:21,348 INFO: Plan 0: ḡ=8, γE[v]=2.0, Q=10.0 (fn)
2026-09-23 16:35:21,426 INFO: Plan 1: ḡ=44, γE[v]=6.0, Q=50.0 (fn)
2026-09-23 16:35:21,781 INFO: Plan 1: ḡ=387, γE[v]=0.0, Q=387.0 (fn)
2026-09-23 16:35:22,232 INFO: Plan 1: ḡ=0, γE[v]=0.0, Q=0.0 (fn)
2026-09-23 16:35:22,774 INFO: Plan 2: ḡ=0, γE[v]=0.0, Q=0.0 (fn)
2026-09-23 16:35:22,775 INFO: Plan 0: ḡ=0, γE[v]=0.0, Q=0.0 (fn)
2026-09-23 16:35:22,776 INFO: Plan 0: ḡ=0.0, γE[v]=0.0, Q=0.0 (bayes)
2026-09-23 16:35:22,776 INFO: Plan 1: ḡ=0.0, γE[v]=0.0, Q=0.0 (bayes)
2026-09-23 16:35:22,776 INFO: Plan 2: ḡ=0.0, γE[v]=0.0, Q=0.0 (bayes)
2026-09-23 16:35:22,818 INFO: Plan 0: ḡ=17, γE[v]=0.0, Q=17.0 (fn)
2026-09-23 16:35:23,060 INFO: Plan 2: ḡ=4, γE[v]=4.0, Q=8.0 (fn)
2026-09-23 16:35:23,060 INFO: Plan 0: ḡ=1.6, γE[v]=0.6, Q=2.2 (bayes)
2026-09-23 16:35:23,060 INFO: Plan 1: ḡ=1.6, γE[v]=0.6, Q=2.2 (bayes)
2026-09-23 16:35:23,060 INFO: Plan 2: ḡ=1.0, γE[v]=1.1, Q=2.1 (bayes)
2026-09-23 16:35:23,642 INFO: Plan 1: ḡ=53, γE[v]=0.0, Q=53.0 (fn)
2026-09-23 16:35:24,213 INFO: Plan 2: ḡ=48, γE[v]=0.0, Q=48.0 (fn)
2026-09-23 16:35:24,214 INFO: Plan 0: ḡ=8.5, γE[v]=66.1, Q=74.6 (bayes)
2026-09-23 16:35:24,214 INFO: Plan 1: ḡ=26.5, γE[v]=57.1, Q=83.6 (bayes)
2026-09-23 16:35:24,214 INFO: Plan 2: ḡ=19.7, γE[v]=60.5, Q=80.2 (bayes)
2026-09-23 16:35:24,523 INFO: Plan 0: ḡ=91, γE[v]=6.5, Q=97.5 (fn)
2026-09-23 16:35:25,072 INFO: Plan 2: ḡ=245, γE[v]=91.5, Q=336.5 (fn)
2026-09-23 16:35:25,074 INFO: Plan 2: ḡ=120, γE[v]=21.5, Q=141.5 (fn)
2026-09-23 16:35:25,074 INFO: Plan 0: ḡ=20.0, γE[v]=31.2, Q=51.2 (bayes)
2026-09-23 16:35:25,074 INFO: Plan 1: ḡ=22.0, γE[v]=30.3, Q=52.3 (bayes)
2026-09-23 16:35:25,074 INFO: Plan 2: ḡ=60.0, γE[v]=12.0, Q=72.0 (bayes)
2026-09-23 16:35:25,733 INFO: Plan 0: ḡ=9, γE[v]=0.0, Q=9.0 (fn)
2026-09-23 16:35:26,134 INFO: Plan 2: ḡ=5, γE[v]=0.0, Q=5.0 (fn)
2026-09-23 16:35:26,218 INFO: Plan 0: ḡ=16, γE[v]=10.0, Q=26.0 (fn)
2026-09-23 16:35:26,525 INFO: Plan 1: ḡ=9, γE[v]=0.0, Q=9.0 (fn)
2026-09-23 16:35:27,144 INFO: Plan 1: ḡ=16, γE[v]=11.0, Q=27.0 (fn)
2026-09-23 16:35:27,145 INFO: Plan 0: ḡ=8.0, γE[v]=65.9, Q=74.0 (bayes)
2026-09-23 16:35:27,145 INFO: Plan 1: ḡ=8.0, γE[v]=66.0, Q=74.0 (bayes)
2026-09-23 16:35:27,145 INFO: Plan 2: ḡ=23.5, γE[v]=57.8, Q=81.2 (bayes)
2026-09-23 16:35:27,181 INFO: Plan 0: ḡ=146, γE[v]=0.0, Q=146.0 (fn)
2026-09-23 16:35:27,182 INFO: Plan 0: ḡ=36.7, γE[v]=1.1, Q=37.8 (bayes)
2026-09-23 16:35:27,182 INFO: Plan 1: ḡ=2.6, γE[v]=18.2, Q=20.8 (bayes)
2026-09-23 16:35:27,182 INFO: Plan 2: ḡ=1.5, γE[v]=18.7, Q=20.2 (bayes)
2026-09-23 16:35:27,455 INFO: Plan 1: ḡ=29, γE[v]=0.0, Q=29.0 (fn)
2026-09-23 16:35:28,486 INFO: Plan 2: ḡ=2, γE[v]=0.0, Q=2.0 (fn)
2026-09-23 16:35:28,526 INFO: Plan 0: ḡ=3, γE[v]=0.0, Q=3.0 (fn)
2026-09-23 16:35:29,786 INFO: Plan 1: ḡ=204, γE[v]=33.5, Q=237.5 (fn)
2026-09-23 16:35:30,091 INFO: Plan 0: ḡ=408, γE[v]=52.5, Q=460.5 (fn)
2026-09-23 16:35:30,092 INFO: Plan 0: ḡ=147.7, γE[v]=62.0, Q=209.7 (bayes)
2026-09-23 16:35:30,092 INFO: Plan 1: ḡ=139.5, γE[v]=62.9, Q=202.4 (bayes)
2026-09-23 16:35:30,092 INFO: Plan 2: ḡ=87.8, γE[v]=94.2, Q=182.1 (bayes)
2026-09-23 16:35:30,445 INFO: Plan 1: ḡ=10, γE[v]=0.0, Q=10.0 (fn)
2026-09-23 16:35:30,446 INFO: Plan 0: ḡ=1.2, γE[v]=1.8, Q=2.9 (bayes)
2026-09-23 16:35:30,446 INFO: Plan 1: ḡ=4.7, γE[v]=0.0, Q=4.7 (bayes)
2026-09-23 16:35:30,446 INFO: Plan 2: ḡ=1.0, γE[v]=1.8, Q=2.8 (bayes)
2026-09-23 16:35:31,044 INFO: Plan 2: ḡ=187, γE[v]=42.0, Q=229.0 (fn)
2026-09-23 16:35:31,045 INFO: Plan 0: ḡ=22.8, γE[v]=22.9, Q=45.7 (bayes)
2026-09-23 16:35:31,045 INFO: Plan 1: ḡ=51.0, γE[v]=10.6, Q=61.6 (bayes)
2026-09-23 16:35:31,045 INFO: Plan 2: ḡ=46.8, γE[v]=13.3, Q=60.1 (bayes)
2026-09-23 16:35:31,394 INFO: Plan 0: ḡ=2, γE[v]=0.0, Q=2.0 (fn)
2026-09-23 16:35:31,614 INFO: Plan 2: ḡ=5, γE[v]=0.0, Q=5.0 (fn)
2026-09-23 16:35:31,922 INFO: Plan 1: ḡ=2, γE[v]=0.0, Q=2.0 (fn)
2026-09-23 16:35:31,923 INFO: Plan 0: ḡ=0.5, γE[v]=0.6, Q=1.1 (bayes)
2026-09-23 16:35:31,923 INFO: Plan 1: ḡ=0.5, γE[v]=0.6, Q=1.1 (bayes)
2026-09-23 16:35:31,923 INFO: Plan 2: ḡ=1.2, γE[v]=0.2, Q=1.5 (bayes)
2026-09-23 16:35:33,531 INFO: Plan 2: ḡ=49, γE[v]=16.5, Q=65.5 (fn)
2026-09-23 16:35:33,531 INFO: Plan 0: ḡ=4.2, γE[v]=19.7, Q=23.8 (bayes)
2026-09-23 16:35:33,532 INFO: Plan 1: ḡ=10.0, γE[v]=16.8, Q=26.8 (bayes)
2026-09-23 16:35:33,532 INFO: Plan 2: ḡ=22.2, γE[v]=11.6, Q=33.8 (bayes)
2026-09-23 16:35:34,811 INFO: Plan 1: ḡ=30, γE[v]=6.0, Q=36.0 (fn)
2026-09-23 16:35:35,915 INFO: Plan 2: ḡ=41, γE[v]=0.5, Q=41.5 (fn)
2026-09-23 16:35:36,033 INFO: Plan 0: ḡ=12, γE[v]=15.0, Q=27.0 (fn)
2026-09-23 16:35:36,034 INFO: Plan 0: ḡ=3.0, γE[v]=4.8, Q=7.8 (bayes)
2026-09-23 16:35:36,034 INFO: Plan 1: ḡ=7.5, γE[v]=1.9, Q=9.4 (bayes)
2026-09-23 16:35:36,034 INFO: Plan 2: ḡ=10.2, γE[v]=0.2, Q=10.4 (bayes)
2026-09-23 16:35:39,956 INFO: Plan 2: ḡ=8, γE[v]=0.0, Q=8.0 (fn)
2026-09-23 16:35:39,957 INFO: Plan 0: ḡ=38, γE[v]=0.0, Q=38.0 (fn)
2026-09-23 16:35:40,381 INFO: Plan 1: ḡ=56, γE[v]=0.0, Q=56.0 (fn)
2026-09-23 16:35:40,382 INFO: Plan 0: ḡ=19.0, γE[v]=20.6, Q=39.6 (bayes)
2026-09-23 16:35:40,382 INFO: Plan 1: ḡ=25.3, γE[v]=17.4, Q=42.8 (bayes)
2026-09-23 16:35:40,382 INFO: Plan 2: ḡ=4.0, γE[v]=28.1, Q=32.1 (bayes)
2026-09-23 16:35:42,122 INFO: Plan 0: ḡ=36, γE[v]=0.0, Q=36.0 (fn)
2026-09-23 16:35:44,017 INFO: Plan 1: ḡ=0, γE[v]=0.0, Q=0.0 (fn)
2026-09-23 16:35:44,139 INFO: Plan 0: ḡ=20, γE[v]=0.0, Q=20.0 (fn)
2026-09-23 16:35:44,415 INFO: Plan 2: ḡ=47, γE[v]=0.0, Q=47.0 (fn)
2026-09-23 16:35:44,451 INFO: Plan 2: ḡ=0, γE[v]=0.0, Q=0.0 (fn)
2026-09-23 16:35:44,452 INFO: Plan 0: ḡ=5.0, γE[v]=0.0, Q=5.0 (bayes)
2026-09-23 16:35:44,452 INFO: Plan 1: ḡ=0.0, γE[v]=2.5, Q=2.5 (bayes)
2026-09-23 16:35:44,452 INFO: Plan 2: ḡ=0.0, γE[v]=2.5, Q=2.5 (bayes)
2026-09-23 16:35:46,616 INFO: Plan 2: ḡ=186, γE[v]=0.0, Q=186.0 (fn)
2026-09-23 16:35:46,867 INFO: Plan 1: ḡ=66, γE[v]=0.0, Q=66.0 (fn)
2026-09-23 16:35:47,096 INFO: Plan 1: ḡ=21, γE[v]=0.0, Q=21.0 (fn)
2026-09-23 16:35:47,331 INFO: Plan 1: ḡ=93, γE[v]=0.0, Q=93.0 (fn)
2026-09-23 16:35:47,331 INFO: Plan 0: ḡ=9.0, γE[v]=9.5, Q=18.5 (bayes)
2026-09-23 16:35:47,332 INFO: Plan 1: ḡ=28.0, γE[v]=0.0, Q=28.0 (bayes)
2026-09-23 16:35:47,332 INFO: Plan 2: ḡ=15.7, γE[v]=6.2, Q=21.8 (bayes)
2026-09-23 16:35:48,027 INFO: Plan 0: ḡ=13, γE[v]=0.0, Q=13.0 (fn)
2026-09-23 16:35:48,821 INFO: Plan 0: ḡ=21, γE[v]=0.0, Q=21.0 (fn)
2026-09-23 16:35:49,048 INFO: Plan 2: ḡ=68, γE[v]=0.0, Q=68.0 (fn)
2026-09-23 16:35:49,048 INFO: Plan 0: ḡ=6.5, γE[v]=136.1, Q=142.6 (bayes)
2026-09-23 16:35:49,048 INFO: Plan 1: ḡ=8.2, γE[v]=135.2, Q=143.4 (bayes)
2026-09-23 16:35:49,049 INFO: Plan 2: ḡ=34.0, γE[v]=122.3, Q=156.3 (bayes)
2026-09-23 16:35:50,225 INFO: Plan 2: ḡ=16, γE[v]=0.0, Q=16.0 (fn)
2026-09-23 16:35:50,649 INFO: Plan 1: ḡ=11, γE[v]=0.0, Q=11.0 (fn)
2026-09-23 16:35:50,827 INFO: Plan 0: ḡ=23, γE[v]=0.0, Q=23.0 (fn)
2026-09-23 16:35:50,828 INFO: Plan 0: ḡ=4.8, γE[v]=4.5, Q=9.2 (bayes)
2026-09-23 16:35:50,828 INFO: Plan 1: ḡ=3.7, γE[v]=5.0, Q=8.7 (bayes)
2026-09-23 16:35:50,828 INFO: Plan 2: ḡ=5.3, γE[v]=4.2, Q=9.5 (bayes)
2026-09-23 16:35:51,154 INFO: Plan 2: ḡ=37, γE[v]=0.0, Q=37.0 (fn)
2026-09-23 16:35:51,384 INFO: Plan 0: ḡ=59, γE[v]=40.0, Q=99.0 (fn)
2026-09-23 16:35:51,384 INFO: Plan 0: ḡ=29.5, γE[v]=63.5, Q=93.0 (bayes)
2026-09-23 16:35:51,385 INFO: Plan 1: ḡ=33.0, γE[v]=60.0, Q=93.0 (bayes)
2026-09-23 16:35:51,385 INFO: Plan 2: ḡ=62.0, γE[v]=45.5, Q=107.5 (bayes)
2026-09-23 16:35:51,906 INFO: Plan 1: ḡ=37, γE[v]=0.0, Q=37.0 (fn)
2026-09-23 16:35:51,907 INFO: Plan 0: ḡ=10.5, γE[v]=60.5, Q=71.0 (bayes)
2026-09-23 16:35:51,907 INFO: Plan 1: ḡ=13.8, γE[v]=58.8, Q=72.7 (bayes)
2026-09-23 16:35:51,907 INFO: Plan 2: ḡ=18.5, γE[v]=56.5, Q=75.0 (bayes)
2026-09-23 16:35:53,835 INFO: Plan 1: ḡ=37, γE[v]=0.0, Q=37.0 (fn)
2026-09-23 16:35:55,097 INFO: Plan 2: ḡ=45, γE[v]=0.0, Q=45.0 (fn)
2026-09-23 16:35:55,133 INFO: Plan 0: ḡ=42, γE[v]=1.0, Q=43.0 (fn)
2026-09-23 16:35:55,133 INFO: Plan 0: ḡ=10.6, γE[v]=0.5, Q=11.1 (bayes)
2026-09-23 16:35:55,133 INFO: Plan 1: ḡ=9.4, γE[v]=1.0, Q=10.5 (bayes)
2026-09-23 16:35:55,134 INFO: Plan 2: ḡ=11.5, γE[v]=0.0, Q=11.5 (bayes)
2026-09-23 16:35:57,174 INFO: Plan 0: ḡ=24, γE[v]=0.0, Q=24.0 (fn)
2026-09-23 16:35:57,210 INFO: Plan 2: ḡ=59, γE[v]=0.0, Q=59.0 (fn)
2026-09-23 16:35:58,286 INFO: Plan 2: ḡ=5, γE[v]=0.0, Q=5.0 (fn)
2026-09-23 16:35:58,544 INFO: Plan 2: ḡ=61, γE[v]=0.0, Q=61.0 (fn)
2026-09-23 16:35:58,673 INFO: Plan 0: ḡ=10, γE[v]=0.0, Q=10.0 (fn)
2026-09-23 16:35:59,462 INFO: Plan 1: ḡ=19, γE[v]=0.0, Q=19.0 (fn)
2026-09-23 16:35:59,462 INFO: Plan 0: ḡ=2.1, γE[v]=2.6, Q=4.7 (bayes)
2026-09-23 16:35:59,462 INFO: Plan 1: ḡ=3.9, γE[v]=1.7, Q=5.6 (bayes)
2026-09-23 16:35:59,463 INFO: Plan 2: ḡ=1.2, γE[v]=3.0, Q=4.2 (bayes)
2026-09-23 16:35:59,874 INFO: Plan 0: ḡ=105, γE[v]=0.0, Q=105.0 (fn)
2026-09-23 16:36:00,565 INFO: Plan 1: ḡ=33, γE[v]=0.0, Q=33.0 (fn)
2026-09-23 16:36:01,104 INFO: Plan 1: ḡ=63, γE[v]=25.5, Q=88.5 (fn)
2026-09-23 16:36:01,424 INFO: Plan 2: ḡ=44, γE[v]=0.0, Q=44.0 (fn)
2026-09-23 16:36:01,425 INFO: Plan 0: ḡ=89, γE[v]=12.5, Q=101.5 (fn)
2026-09-23 16:36:02,043 INFO: Plan 2: ḡ=82, γE[v]=16.0, Q=98.0 (fn)
2026-09-23 16:36:02,043 INFO: Plan 0: ḡ=27.0, γE[v]=4.9, Q=31.9 (bayes)
2026-09-23 16:36:02,043 INFO: Plan 1: ḡ=21.0, γE[v]=8.8, Q=29.8 (bayes)
2026-09-23 16:36:02,043 INFO: Plan 2: ḡ=27.3, γE[v]=5.1, Q=32.4 (bayes)
2026-09-23 16:36:02,518 INFO: Plan 0: ḡ=44, γE[v]=0.0, Q=44.0 (fn)
2026-09-23 16:36:02,884 INFO: Plan 2: ḡ=118, γE[v]=0.0, Q=118.0 (fn)
2026-09-23 16:36:02,933 INFO: Plan 0: ḡ=11, γE[v]=0.0, Q=11.0 (fn)
2026-09-23 16:36:02,934 INFO: Plan 1: ḡ=67, γE[v]=12.0, Q=79.0 (fn)
2026-09-23 16:36:02,936 INFO: Plan 0: ḡ=6.0, γE[v]=8.4, Q=14.4 (bayes)
2026-09-23 16:36:02,936 INFO: Plan 1: ḡ=16.8, γE[v]=3.8, Q=20.6 (bayes)
2026-09-23 16:36:02,936 INFO: Plan 2: ḡ=14.8, γE[v]=4.0, Q=18.8 (bayes)
2026-09-23 16:36:02,966 INFO: Plan 0: ḡ=24, γE[v]=0.0, Q=24.0 (fn)
2026-09-23 16:36:03,679 INFO: Plan 1: ḡ=4, γE[v]=0.0, Q=4.0 (fn)
2026-09-23 16:36:03,966 INFO: Plan 1: ḡ=53, γE[v]=0.0, Q=53.0 (fn)
2026-09-23 16:36:04,177 INFO: Plan 0: ḡ=4, γE[v]=2.0, Q=6.0 (fn)
2026-09-23 16:36:04,292 INFO: Plan 2: ḡ=37, γE[v]=0.0, Q=37.0 (fn)
2026-09-23 16:36:04,331 INFO: Plan 0: ḡ=58, γE[v]=14.0, Q=72.0 (fn)
2026-09-23 16:36:04,331 INFO: Plan 2: ḡ=8, γE[v]=0.0, Q=8.0 (fn)
2026-09-23 16:36:04,332 INFO: Plan 0: ḡ=1.0, γE[v]=0.6, Q=1.6 (bayes)
2026-09-23 16:36:04,333 INFO: Plan 0: ḡ=22.2, γE[v]=38.8, Q=61.0 (bayes)
2026-09-23 16:36:04,333 INFO: Plan 1: ḡ=1.0, γE[v]=0.5, Q=1.5 (bayes)
2026-09-23 16:36:04,333 INFO: Plan 1: ḡ=13.5, γE[v]=42.3, Q=55.8 (bayes)
2026-09-23 16:36:04,333 INFO: Plan 2: ḡ=2.0, γE[v]=0.0, Q=2.0 (bayes)
2026-09-23 16:36:04,333 INFO: Plan 2: ḡ=17.3, γE[v]=40.4, Q=57.7 (bayes)
2026-09-23 16:36:05,178 INFO: Plan 0: ḡ=1, γE[v]=0.0, Q=1.0 (fn)
2026-09-23 16:36:05,341 INFO: Plan 2: ḡ=24, γE[v]=0.0, Q=24.0 (fn)
2026-09-23 16:36:05,342 INFO: Plan 0: ḡ=12.0, γE[v]=17.6, Q=29.6 (bayes)
2026-09-23 16:36:05,342 INFO: Plan 1: ḡ=24.2, γE[v]=11.5, Q=35.7 (bayes)
2026-09-23 16:36:05,342 INFO: Plan 2: ḡ=9.5, γE[v]=18.8, Q=28.3 (bayes)
2026-09-23 16:36:05,666 INFO: Plan 1: ḡ=112, γE[v]=0.0, Q=112.0 (fn)
2026-09-23 16:36:05,667 INFO: Plan 0: ḡ=15.0, γE[v]=30.0, Q=45.0 (bayes)
2026-09-23 16:36:05,667 INFO: Plan 1: ḡ=34.9, γE[v]=20.0, Q=54.9 (bayes)
2026-09-23 16:36:05,667 INFO: Plan 2: ḡ=36.1, γE[v]=19.4, Q=55.5 (bayes)
2026-09-23 16:36:05,704 INFO: Plan 2: ḡ=3, γE[v]=0.0, Q=3.0 (fn)
2026-09-23 16:36:06,248 INFO: Plan 1: ḡ=2, γE[v]=0.5, Q=2.5 (fn)
2026-09-23 16:36:06,249 INFO: Plan 0: ḡ=0.3, γE[v]=0.3, Q=0.7 (bayes)
2026-09-23 16:36:06,249 INFO: Plan 1: ḡ=0.7, γE[v]=0.2, Q=0.9 (bayes)
2026-09-23 16:36:06,249 INFO: Plan 2: ḡ=1.0, γE[v]=0.0, Q=1.0 (bayes)
2026-09-23 16:36:06,547 INFO: Plan 0: ḡ=79, γE[v]=0.0, Q=79.0 (fn)
2026-09-23 16:36:07,745 INFO: Plan 0: ḡ=157, γE[v]=0.0, Q=157.0 (fn)
2026-09-23 16:36:08,000 INFO: Plan 2: ḡ=64, γE[v]=0.0, Q=64.0 (fn)
2026-09-23 16:36:08,166 INFO: Plan 0: ḡ=60, γE[v]=0.0, Q=60.0 (fn)
2026-09-23 16:36:08,201 INFO: Plan 1: ḡ=49, γE[v]=0.0, Q=49.0 (fn)
2026-09-23 16:36:08,202 INFO: Plan 0: ḡ=28.0, γE[v]=21.5, Q=49.5 (bayes)
2026-09-23 16:36:08,202 INFO: Plan 1: ḡ=23.7, γE[v]=23.7, Q=47.3 (bayes)
2026-09-23 16:36:08,202 INFO: Plan 2: ḡ=31.2, γE[v]=19.9, Q=51.1 (bayes)
2026-09-23 16:36:08,244 INFO: Plan 0: ḡ=24, γE[v]=0.0, Q=24.0 (fn)
2026-09-23 16:36:08,865 INFO: Plan 1: ḡ=88, γE[v]=12.0, Q=100.0 (fn)
2026-09-23 16:36:08,865 INFO: Plan 0: ḡ=5.5, γE[v]=71.0, Q=76.5 (bayes)
2026-09-23 16:36:08,865 INFO: Plan 1: ḡ=33.8, γE[v]=57.5, Q=91.3 (bayes)
2026-09-23 16:36:08,866 INFO: Plan 2: ḡ=14.8, γE[v]=66.3, Q=81.2 (bayes)
2026-09-23 16:36:08,902 INFO: Plan 2: ḡ=27, γE[v]=0.0, Q=27.0 (fn)
2026-09-23 16:36:09,585 INFO: Plan 2: ḡ=31, γE[v]=0.0, Q=31.0 (fn)
2026-09-23 16:36:09,866 INFO: Plan 1: ḡ=324, γE[v]=79.5, Q=403.5 (fn)
2026-09-23 16:36:09,872 INFO: Plan 0: ḡ=35.2, γE[v]=87.0, Q=122.2 (bayes)
2026-09-23 16:36:09,873 INFO: Plan 1: ḡ=106.3, γE[v]=56.3, Q=162.6 (bayes)
2026-09-23 16:36:09,873 INFO: Plan 2: ḡ=19.8, γE[v]=94.7, Q=114.5 (bayes)
2026-09-23 16:36:11,148 INFO: Plan 1: ḡ=13, γE[v]=0.0, Q=13.0 (fn)
2026-09-23 16:36:11,364 INFO: Plan 0: ḡ=9, γE[v]=0.0, Q=9.0 (fn)
2026-09-23 16:36:11,412 INFO: Plan 2: ḡ=36, γE[v]=0.0, Q=36.0 (fn)
2026-09-23 16:36:11,413 INFO: Plan 0: ḡ=29, γE[v]=0.0, Q=29.0 (fn)
2026-09-23 16:36:11,414 INFO: Plan 1: ḡ=33, γE[v]=7.5, Q=40.5 (fn)
2026-09-23 16:36:11,415 INFO: Plan 0: ḡ=77.8, γE[v]=12.6, Q=90.4 (bayes)
2026-09-23 16:36:11,415 INFO: Plan 1: ḡ=11.2, γE[v]=46.3, Q=57.5 (bayes)
2026-09-23 16:36:11,415 INFO: Plan 2: ḡ=11.7, γE[v]=45.7, Q=57.3 (bayes)
2026-09-23 16:36:12,247 INFO: Plan 0: ḡ=46, γE[v]=0.0, Q=46.0 (fn)
2026-09-23 16:36:12,553 INFO: Plan 2: ḡ=0, γE[v]=0.0, Q=0.0 (fn)
2026-09-23 16:36:12,705 INFO: Plan 1: ḡ=80, γE[v]=0.0, Q=80.0 (fn)
2026-09-23 16:36:12,705 INFO: Plan 0: ḡ=23.0, γE[v]=93.0, Q=116.0 (bayes)
2026-09-23 16:36:12,705 INFO: Plan 1: ḡ=27.3, γE[v]=90.8, Q=118.2 (bayes)
2026-09-23 16:36:12,706 INFO: Plan 2: ḡ=18.0, γE[v]=95.5, Q=113.5 (bayes)
2026-09-23 16:36:12,986 INFO: Plan 0: ḡ=5, γE[v]=0.0, Q=5.0 (fn)
2026-09-23 16:36:13,105 INFO: Plan 1: ḡ=1, γE[v]=2.5, Q=3.5 (fn)
2026-09-23 16:36:13,105 INFO: Plan 0: ḡ=1.0, γE[v]=0.1, Q=1.1 (bayes)
2026-09-23 16:36:13,105 INFO: Plan 1: ḡ=0.2, γE[v]=0.7, Q=0.9 (bayes)
2026-09-23 16:36:13,105 INFO: Plan 2: ḡ=0.0, γE[v]=0.6, Q=0.6 (bayes)
2026-09-23 16:36:13,146 INFO: Plan 0: ḡ=2, γE[v]=0.0, Q=2.0 (fn)
2026-09-23 16:36:13,184 INFO: Plan 2: ḡ=9, γE[v]=0.0, Q=9.0 (fn)
2026-09-23 16:36:13,185 INFO: Plan 0: ḡ=3.7, γE[v]=4.0, Q=7.7 (bayes)
2026-09-23 16:36:13,185 INFO: Plan 1: ḡ=5.0, γE[v]=3.3, Q=8.3 (bayes)
2026-09-23 16:36:13,185 INFO: Plan 2: ḡ=3.0, γE[v]=4.3, Q=7.3 (bayes)
2026-09-23 16:36:13,513 INFO: Plan 1: ḡ=8, γE[v]=0.0, Q=8.0 (fn)
2026-09-23 16:36:14,202 INFO: Plan 2: ḡ=10, γE[v]=0.0, Q=10.0 (fn)
2026-09-23 16:36:14,202 INFO: Plan 0: ḡ=0.7, γE[v]=1.3, Q=2.0 (bayes)
2026-09-23 16:36:14,202 INFO: Plan 1: ḡ=2.7, γE[v]=0.3, Q=3.0 (bayes)
2026-09-23 16:36:14,202 INFO: Plan 2: ḡ=3.3, γE[v]=0.0, Q=3.3 (bayes)
2026-09-23 16:36:15,496 INFO: Plan 1: ḡ=2, γE[v]=0.0, Q=2.0 (fn)
2026-09-23 16:36:15,736 INFO: Plan 0: ḡ=38, γE[v]=0.0, Q=38.0 (fn)
2026-09-23 16:36:15,773 INFO: Plan 2: ḡ=78, γE[v]=0.0, Q=78.0 (fn)
2026-09-23 16:36:15,987 INFO: Plan 1: ḡ=34, γE[v]=16.0, Q=50.0 (fn)
2026-09-23 16:36:16,329 INFO: Plan 1: ḡ=35, γE[v]=63.5, Q=98.5 (fn)
2026-09-23 16:36:16,365 INFO: Plan 0: ḡ=3, γE[v]=1.5, Q=4.5 (fn)
2026-09-23 16:36:16,674 INFO: Plan 1: ḡ=53, γE[v]=28.5, Q=81.5 (fn)
2026-09-23 16:36:16,674 INFO: Plan 1: ḡ=148, γE[v]=0.0, Q=148.0 (fn)
2026-09-23 16:36:16,675 INFO: Plan 0: ḡ=24.8, γE[v]=48.5, Q=73.3 (bayes)
2026-09-23 16:36:16,675 INFO: Plan 0: ḡ=13.9, γE[v]=25.3, Q=39.2 (bayes)
2026-09-23 16:36:16,675 INFO: Plan 1: ḡ=17.6, γE[v]=53.4, Q=71.0 (bayes)
2026-09-23 16:36:16,676 INFO: Plan 1: ḡ=42.7, γE[v]=11.0, Q=53.6 (bayes)
2026-09-23 16:36:16,676 INFO: Plan 2: ḡ=13.3, γE[v]=54.2, Q=67.5 (bayes)
2026-09-23 16:36:16,676 INFO: Plan 2: ḡ=27.1, γE[v]=18.8, Q=45.8 (bayes)
2026-09-23 16:36:16,910 INFO: Plan 2: ḡ=127, γE[v]=18.0, Q=145.0 (fn)
2026-09-23 16:36:16,910 INFO: Plan 0: ḡ=6.4, γE[v]=17.8, Q=24.2 (bayes)
2026-09-23 16:36:16,910 INFO: Plan 1: ḡ=9.4, γE[v]=20.6, Q=30.0 (bayes)
2026-09-23 16:36:16,911 INFO: Plan 2: ḡ=32.5, γE[v]=6.0, Q=38.5 (bayes)
2026-09-23 16:36:17,401 INFO: Plan 2: ḡ=0, γE[v]=0.0, Q=0.0 (fn)
2026-09-23 16:36:17,727 INFO: Plan 0: ḡ=12, γE[v]=0.0, Q=12.0 (fn)
2026-09-23 16:36:17,967 INFO: Plan 2: ḡ=4, γE[v]=1.0, Q=5.0 (fn)
2026-09-23 16:36:17,967 INFO: Plan 0: ḡ=0.6, γE[v]=0.4, Q=1.0 (bayes)
2026-09-23 16:36:17,968 INFO: Plan 1: ḡ=0.4, γE[v]=0.4, Q=0.8 (bayes)
2026-09-23 16:36:17,968 INFO: Plan 2: ḡ=0.8, γE[v]=0.3, Q=1.1 (bayes)
2026-09-23 16:36:18,002 INFO: Plan 1: ḡ=12, γE[v]=0.0, Q=12.0 (fn)
2026-09-23 16:36:18,003 INFO: Plan 0: ḡ=3.0, γE[v]=0.0, Q=3.0 (bayes)
2026-09-23 16:36:18,003 INFO: Plan 1: ḡ=3.0, γE[v]=0.0, Q=3.0 (bayes)
2026-09-23 16:36:18,003 INFO: Plan 2: ḡ=0.0, γE[v]=1.5, Q=1.5 (bayes)
2026-09-23 16:36:18,881 INFO: Plan 2: ḡ=33, γE[v]=5.0, Q=38.0 (fn)
2026-09-23 16:36:19,095 INFO: Plan 1: ḡ=24, γE[v]=12.5, Q=36.5 (fn)
2026-09-23 16:36:19,096 INFO: Plan 0: ḡ=9.7, γE[v]=56.9, Q=66.6 (bayes)
2026-09-23 16:36:19,096 INFO: Plan 1: ḡ=12.0, γE[v]=56.3, Q=68.3 (bayes)
2026-09-23 16:36:19,096 INFO: Plan 2: ḡ=15.2, γE[v]=54.4, Q=69.6 (bayes)
2026-09-23 16:36:19,688 INFO: Plan 2: ḡ=378, γE[v]=31.0, Q=409.0 (fn)
2026-09-23 16:36:21,067 INFO: Plan 0: ḡ=492, γE[v]=2.0, Q=494.0 (fn)
2026-09-23 16:36:21,067 INFO: Plan 0: ḡ=139.6, γE[v]=0.9, Q=140.4 (bayes)
2026-09-23 16:36:21,067 INFO: Plan 1: ḡ=9.3, γE[v]=67.0, Q=76.3 (bayes)
2026-09-23 16:36:21,067 INFO: Plan 2: ḡ=96.8, γE[v]=24.1, Q=120.8 (bayes)
2026-09-23 16:36:21,991 INFO: Plan 2: ḡ=23, γE[v]=0.0, Q=23.0 (fn)
2026-09-23 16:36:23,563 INFO: Plan 0: ḡ=3, γE[v]=0.0, Q=3.0 (fn)
2026-09-23 16:36:23,875 INFO: Plan 1: ḡ=1, γE[v]=0.0, Q=1.0 (fn)
2026-09-23 16:36:24,033 INFO: Plan 2: ḡ=0, γE[v]=0.0, Q=0.0 (fn)
2026-09-23 16:36:24,033 INFO: Plan 0: ḡ=0.8, γE[v]=0.1, Q=0.9 (bayes)
2026-09-23 16:36:24,034 INFO: Plan 1: ḡ=0.2, γE[v]=0.4, Q=0.6 (bayes)
2026-09-23 16:36:24,034 INFO: Plan 2: ḡ=0.0, γE[v]=0.5, Q=0.5 (bayes)
2026-09-23 16:36:24,680 INFO: Plan 1: ḡ=78, γE[v]=15.5, Q=93.5 (fn)
2026-09-23 16:36:25,513 INFO: Plan 0: ḡ=20, γE[v]=44.5, Q=64.5 (fn)
2026-09-23 16:36:25,514 INFO: Plan 0: ḡ=4.0, γE[v]=12.1, Q=16.1 (bayes)
2026-09-23 16:36:25,514 INFO: Plan 1: ḡ=15.6, γE[v]=4.2, Q=19.8 (bayes)
2026-09-23 16:36:25,514 INFO: Plan 2: ḡ=4.6, γE[v]=8.6, Q=13.2 (bayes)
2026-09-23 16:36:33,914 INFO: Plan 0: ḡ=56, γE[v]=0.0, Q=56.0 (fn)
2026-09-23 16:36:34,766 INFO: Plan 2: ḡ=73, γE[v]=0.0, Q=73.0 (fn)
2026-09-23 16:36:34,767 INFO: Plan 0: ḡ=6, γE[v]=0.0, Q=6.0 (fn)
2026-09-23 16:36:34,804 INFO: Plan 1: ḡ=65, γE[v]=12.5, Q=77.5 (fn)
2026-09-23 16:36:34,804 INFO: Plan 0: ḡ=26.7, γE[v]=52.1, Q=78.8 (bayes)
2026-09-23 16:36:34,805 INFO: Plan 1: ḡ=32.5, γE[v]=49.8, Q=82.3 (bayes)
2026-09-23 16:36:34,805 INFO: Plan 2: ḡ=31.2, γE[v]=49.8, Q=81.1 (bayes)
2026-09-23 16:36:35,793 INFO: Plan 1: ḡ=2, γE[v]=2.5, Q=4.5 (fn)
2026-09-23 16:36:36,088 INFO: Plan 2: ḡ=2, γE[v]=2.5, Q=4.5 (fn)
2026-09-23 16:36:36,095 INFO: Plan 0: ḡ=1.5, γE[v]=0.2, Q=1.8 (bayes)
2026-09-23 16:36:36,095 INFO: Plan 1: ḡ=1.0, γE[v]=0.7, Q=1.7 (bayes)
2026-09-23 16:36:36,095 INFO: Plan 2: ḡ=1.0, γE[v]=0.7, Q=1.7 (bayes)
2026-09-23 16:36:37,596 INFO: Plan 1: ḡ=0, γE[v]=0.0, Q=0.0 (fn)
2026-09-23 16:36:38,093 INFO: Plan 2: ḡ=0, γE[v]=0.0, Q=0.0 (fn)
2026-09-23 16:36:38,094 INFO: Plan 0: ḡ=0, γE[v]=0.0, Q=0.0 (fn)
2026-09-23 16:36:38,094 INFO: Plan 0: ḡ=0.0, γE[v]=0.0, Q=0.0 (bayes)
2026-09-23 16:36:38,094 INFO: Plan 1: ḡ=0.0, γE[v]=0.0, Q=0.0 (bayes)
2026-09-23 16:36:38,094 INFO: Plan 2: ḡ=0.0, γE[v]=0.0, Q=0.0 (bayes)
2026-09-23 16:36:39,841 INFO: Plan 1: ḡ=20, γE[v]=0.0, Q=20.0 (fn)
2026-09-23 16:36:40,573 INFO: Plan 0: ḡ=112, γE[v]=0.0, Q=112.0 (fn)
2026-09-23 16:36:41,877 INFO: Plan 2: ḡ=75, γE[v]=20.0, Q=95.0 (fn)
2026-09-23 16:36:41,878 INFO: Plan 0: ḡ=37.7, γE[v]=23.5, Q=61.2 (bayes)
2026-09-23 16:36:41,878 INFO: Plan 1: ḡ=8.7, γE[v]=38.0, Q=46.7 (bayes)
2026-09-23 16:36:41,878 INFO: Plan 2: ḡ=25.0, γE[v]=31.0, Q=56.0 (bayes)
2026-09-23 16:36:42,533 INFO: Plan 0: ḡ=16, γE[v]=0.0, Q=16.0 (fn)
2026-09-23 16:36:42,936 INFO: Plan 0: ḡ=72, γE[v]=0.0, Q=72.0 (fn)
2026-09-23 16:36:43,195 INFO: Plan 2: ḡ=139, γE[v]=0.0, Q=139.0 (fn)
2026-09-23 16:36:43,551 INFO: Plan 1: ḡ=62, γE[v]=0.0, Q=62.0 (fn)
2026-09-23 16:36:43,552 INFO: Plan 0: ḡ=18.3, γE[v]=46.8, Q=65.1 (bayes)
2026-09-23 16:36:43,552 INFO: Plan 1: ḡ=18.7, γE[v]=46.6, Q=65.2 (bayes)
2026-09-23 16:36:43,552 INFO: Plan 2: ḡ=37.4, γE[v]=37.2, Q=74.6 (bayes)
2026-09-23 16:36:43,790 INFO: Plan 2: ḡ=5, γE[v]=0.0, Q=5.0 (fn)
2026-09-23 16:36:43,971 INFO: Plan 1: ḡ=2, γE[v]=0.0, Q=2.0 (fn)
2026-09-23 16:36:43,972 INFO: Plan 0: ḡ=2, γE[v]=0.0, Q=2.0 (fn)
2026-09-23 16:36:44,006 INFO: Plan 2: ḡ=2, γE[v]=0.0, Q=2.0 (fn)
2026-09-23 16:36:44,006 INFO: Plan 0: ḡ=0.5, γE[v]=0.0, Q=0.5 (bayes)
2026-09-23 16:36:44,006 INFO: Plan 1: ḡ=0.5, γE[v]=0.0, Q=0.5 (bayes)
2026-09-23 16:36:44,006 INFO: Plan 2: ḡ=0.5, γE[v]=0.0, Q=0.5 (bayes)
2026-09-23 16:36:45,194 INFO: Plan 0: ḡ=34, γE[v]=0.0, Q=34.0 (fn)
2026-09-23 16:36:45,659 INFO: Plan 1: ḡ=30, γE[v]=0.0, Q=30.0 (fn)
2026-09-23 16:36:45,699 INFO: Plan 2: ḡ=6, γE[v]=0.0, Q=6.0 (fn)
2026-09-23 16:36:46,053 INFO: Plan 2: ḡ=63, γE[v]=0.0, Q=63.0 (fn)
2026-09-23 16:36:46,089 INFO: Plan 1: ḡ=41, γE[v]=0.0, Q=41.0 (fn)
2026-09-23 16:36:46,090 INFO: Plan 0: ḡ=3.2, γE[v]=3.1, Q=6.3 (bayes)
2026-09-23 16:36:46,090 INFO: Plan 1: ḡ=9.4, γE[v]=0.0, Q=9.4 (bayes)
2026-09-23 16:36:46,090 INFO: Plan 2: ḡ=1.2, γE[v]=4.1, Q=5.3 (bayes)
2026-09-23 16:36:46,910 INFO: Plan 0: ḡ=4, γE[v]=0.0, Q=4.0 (fn)
2026-09-23 16:36:47,109 INFO: Plan 0: ḡ=12, γE[v]=15.0, Q=27.0 (fn)
2026-09-23 16:36:47,359 INFO: Plan 1: ḡ=4, γE[v]=2.0, Q=6.0 (fn)
2026-09-23 16:36:47,813 INFO: Plan 2: ḡ=30, γE[v]=6.0, Q=36.0 (fn)
2026-09-23 16:36:47,814 INFO: Plan 0: ḡ=2.4, γE[v]=4.1, Q=6.5 (bayes)
2026-09-23 16:36:47,814 INFO: Plan 1: ḡ=6.0, γE[v]=1.2, Q=7.2 (bayes)
2026-09-23 16:36:47,814 INFO: Plan 2: ḡ=6.0, γE[v]=1.6, Q=7.6 (bayes)
2026-09-23 16:36:47,854 INFO: Plan 2: ḡ=4, γE[v]=2.0, Q=6.0 (fn)
2026-09-23 16:36:47,854 INFO: Plan 0: ḡ=0.7, γE[v]=0.4, Q=1.1 (bayes)
2026-09-23 16:36:47,855 INFO: Plan 1: ḡ=0.8, γE[v]=0.5, Q=1.3 (bayes)
2026-09-23 16:36:47,855 INFO: Plan 2: ḡ=0.8, γE[v]=0.5, Q=1.3 (bayes)
2026-09-23 16:36:47,987 INFO: Plan 1: ḡ=50, γE[v]=2.5, Q=52.5 (fn)
2026-09-23 16:36:47,988 INFO: Plan 0: ḡ=17.0, γE[v]=10.8, Q=27.8 (bayes)
2026-09-23 16:36:47,988 INFO: Plan 1: ḡ=19.1, γE[v]=9.9, Q=28.9 (bayes)
2026-09-23 16:36:47,988 INFO: Plan 2: ḡ=3.0, γE[v]=17.8, Q=20.8 (bayes)
2026-09-23 16:36:48,311 INFO: Plan 0: ḡ=42, γE[v]=0.0, Q=42.0 (fn)
2026-09-23 16:36:48,354 INFO: Plan 0: ḡ=17, γE[v]=0.0, Q=17.0 (fn)
2026-09-23 16:36:49,312 INFO: Plan 1: ḡ=46, γE[v]=0.0, Q=46.0 (fn)
2026-09-23 16:36:49,313 INFO: Plan 0: ḡ=14.0, γE[v]=10.7, Q=24.8 (bayes)
2026-09-23 16:36:49,313 INFO: Plan 1: ḡ=15.5, γE[v]=10.0, Q=25.5 (bayes)
2026-09-23 16:36:49,313 INFO: Plan 2: ḡ=21.2, γE[v]=7.2, Q=28.3 (bayes)
2026-09-23 16:36:49,925 INFO: Plan 1: ḡ=50, γE[v]=0.0, Q=50.0 (fn)
2026-09-23 16:36:50,240 INFO: Plan 2: ḡ=54, γE[v]=0.0, Q=54.0 (fn)
2026-09-23 16:36:50,241 INFO: Plan 0: ḡ=8.5, γE[v]=53.5, Q=62.0 (bayes)
2026-09-23 16:36:50,242 INFO: Plan 1: ḡ=24.3, γE[v]=45.6, Q=69.9 (bayes)
2026-09-23 16:36:50,245 INFO: Plan 2: ḡ=25.2, γE[v]=45.2, Q=70.3 (bayes)
2026-09-23 16:36:51,291 INFO: Plan 0: ḡ=91, γE[v]=6.5, Q=97.5 (fn)
2026-09-23 16:36:51,671 INFO: Plan 1: ḡ=20, γE[v]=0.0, Q=20.0 (fn)
2026-09-23 16:36:51,673 INFO: Plan 0: ḡ=9, γE[v]=0.0, Q=9.0 (fn)
2026-09-23 16:36:52,017 INFO: Plan 0: ḡ=3, γE[v]=0.0, Q=3.0 (fn)
2026-09-23 16:36:52,447 INFO: Plan 2: ḡ=3, γE[v]=0.0, Q=3.0 (fn)
2026-09-23 16:36:52,448 INFO: Plan 0: ḡ=0.8, γE[v]=2.5, Q=3.2 (bayes)
2026-09-23 16:36:52,448 INFO: Plan 1: ḡ=4.0, γE[v]=0.9, Q=4.9 (bayes)
2026-09-23 16:36:52,448 INFO: Plan 2: ḡ=1.0, γE[v]=2.4, Q=3.4 (bayes)
2026-09-23 16:36:52,763 INFO: Plan 1: ḡ=0, γE[v]=0.0, Q=0.0 (fn)
2026-09-23 16:36:52,918 INFO: Plan 2: ḡ=0, γE[v]=0.0, Q=0.0 (fn)
2026-09-23 16:36:53,118 INFO: Plan 0: ḡ=20, γE[v]=0.0, Q=20.0 (fn)
2026-09-23 16:36:53,118 INFO: Plan 0: ḡ=4.0, γE[v]=0.0, Q=4.0 (bayes)
2026-09-23 16:36:53,119 INFO: Plan 1: ḡ=0.0, γE[v]=2.0, Q=2.0 (bayes)
2026-09-23 16:36:53,119 INFO: Plan 2: ḡ=0.0, γE[v]=2.0, Q=2.0 (bayes)
2026-09-23 16:36:53,844 INFO: Plan 2: ḡ=37, γE[v]=0.0, Q=37.0 (fn)
2026-09-23 16:36:54,114 INFO: Plan 0: ḡ=3, γE[v]=0.0, Q=3.0 (fn)
2026-09-23 16:36:54,588 INFO: Plan 1: ḡ=20, γE[v]=6.5, Q=26.5 (fn)
2026-09-23 16:36:54,918 INFO: Plan 1: ḡ=7, γE[v]=0.0, Q=7.0 (fn)
2026-09-23 16:36:55,272 INFO: Plan 2: ḡ=7, γE[v]=0.0, Q=7.0 (fn)
2026-09-23 16:36:55,272 INFO: Plan 0: ḡ=0.8, γE[v]=0.7, Q=1.5 (bayes)
2026-09-23 16:36:55,272 INFO: Plan 1: ḡ=2.2, γE[v]=0.0, Q=2.2 (bayes)
2026-09-23 16:36:55,272 INFO: Plan 2: ḡ=2.2, γE[v]=0.0, Q=2.2 (bayes)
2026-09-23 16:36:55,715 INFO: Plan 0: ḡ=10, γE[v]=0.0, Q=10.0 (fn)
2026-09-23 16:36:56,771 INFO: Plan 2: ḡ=1, γE[v]=0.0, Q=1.0 (fn)
2026-09-23 16:36:57,063 INFO: Plan 1: ḡ=204, γE[v]=33.5, Q=237.5 (fn)
2026-09-23 16:36:57,274 INFO: Plan 1: ḡ=38, γE[v]=0.0, Q=38.0 (fn)
2026-09-23 16:36:57,902 INFO: Plan 1: ḡ=5, γE[v]=0.0, Q=5.0 (fn)
2026-09-23 16:36:57,944 INFO: Plan 2: ḡ=203, γE[v]=34.0, Q=237.0 (fn)
2026-09-23 16:36:57,944 INFO: Plan 0: ḡ=18.2, γE[v]=18.5, Q=36.7 (bayes)
2026-09-23 16:36:57,944 INFO: Plan 1: ḡ=40.8, γE[v]=9.1, Q=49.9 (bayes)
2026-09-23 16:36:57,944 INFO: Plan 2: ḡ=40.6, γE[v]=9.2, Q=49.9 (bayes)
2026-09-23 16:36:58,605 INFO: Plan 2: ḡ=58, γE[v]=11.0, Q=69.0 (fn)
2026-09-23 16:36:58,617 INFO: Plan 0: ḡ=4.0, γE[v]=12.9, Q=16.9 (bayes)
2026-09-23 16:36:58,617 INFO: Plan 1: ḡ=5.2, γE[v]=12.7, Q=17.9 (bayes)
2026-09-23 16:36:58,617 INFO: Plan 2: ḡ=20.6, γE[v]=5.3, Q=25.9 (bayes)
2026-09-23 16:36:59,425 INFO: Plan 2: ḡ=41, γE[v]=13.5, Q=54.5 (fn)
2026-09-23 16:36:59,425 INFO: Plan 0: ḡ=5.0, γE[v]=120.8, Q=125.8 (bayes)
2026-09-23 16:36:59,425 INFO: Plan 1: ḡ=14.7, γE[v]=115.9, Q=130.6 (bayes)
2026-09-23 16:36:59,426 INFO: Plan 2: ḡ=18.3, γE[v]=114.7, Q=133.0 (bayes)
2026-09-23 16:37:00,644 INFO: Plan 0: ḡ=146, γE[v]=2.0, Q=148.0 (fn)
2026-09-23 16:37:00,645 INFO: Plan 0: ḡ=29.4, γE[v]=0.7, Q=30.1 (bayes)
2026-09-23 16:37:00,645 INFO: Plan 1: ḡ=1.4, γE[v]=14.6, Q=16.0 (bayes)
2026-09-23 16:37:00,645 INFO: Plan 2: ḡ=0.3, γE[v]=15.1, Q=15.4 (bayes)
2026-09-23 16:37:00,686 INFO: Plan 0: ḡ=19, γE[v]=10.0, Q=29.0 (fn)
2026-09-23 16:37:01,335 INFO: Plan 1: ḡ=26, γE[v]=8.0, Q=34.0 (fn)
2026-09-23 16:37:01,336 INFO: Plan 0: ḡ=9.5, γE[v]=53.5, Q=63.0 (bayes)
2026-09-23 16:37:01,336 INFO: Plan 1: ḡ=13.0, γE[v]=51.6, Q=64.6 (bayes)
2026-09-23 16:37:01,336 INFO: Plan 2: ḡ=17.8, γE[v]=48.8, Q=66.7 (bayes)
2026-09-23 16:37:02,078 INFO: Plan 2: ḡ=5, γE[v]=0.0, Q=5.0 (fn)
2026-09-23 16:37:02,838 INFO: Plan 0: ḡ=10, γE[v]=0.0, Q=10.0 (fn)
2026-09-23 16:37:03,795 INFO: Plan 0: ḡ=2, γE[v]=0.0, Q=2.0 (fn)
2026-09-23 16:37:03,983 INFO: Plan 1: ḡ=2, γE[v]=0.0, Q=2.0 (fn)
2026-09-23 16:37:04,546 INFO: Plan 2: ḡ=152, γE[v]=0.0, Q=152.0 (fn)
2026-09-23 16:37:04,547 INFO: Plan 0: ḡ=29, γE[v]=0.0, Q=29.0 (fn)
2026-09-23 16:37:05,149 INFO: Plan 2: ḡ=45, γE[v]=0.0, Q=45.0 (fn)
2026-09-23 16:37:05,150 INFO: Plan 0: ḡ=0.5, γE[v]=4.3, Q=4.8 (bayes)
2026-09-23 16:37:05,150 INFO: Plan 1: ḡ=0.5, γE[v]=4.3, Q=4.8 (bayes)
2026-09-23 16:37:05,150 INFO: Plan 2: ḡ=9.2, γE[v]=0.0, Q=9.2 (bayes)
2026-09-23 16:37:05,434 INFO: Plan 1: ḡ=2, γE[v]=0.0, Q=2.0 (fn)
2026-09-23 16:37:05,715 INFO: Plan 0: ḡ=1, γE[v]=0.5, Q=1.5 (fn)
2026-09-23 16:37:05,875 INFO: Plan 2: ḡ=7, γE[v]=0.0, Q=7.0 (fn)
2026-09-23 16:37:05,875 INFO: Plan 0: ḡ=0.2, γE[v]=1.0, Q=1.3 (bayes)
2026-09-23 16:37:05,875 INFO: Plan 1: ḡ=0.5, γE[v]=0.9, Q=1.4 (bayes)
2026-09-23 16:37:05,875 INFO: Plan 2: ḡ=1.8, γE[v]=0.2, Q=2.0 (bayes)
2026-09-23 16:37:07,274 INFO: Plan 1: ḡ=19, γE[v]=7.5, Q=26.5 (fn)
2026-09-23 16:37:07,275 INFO: Plan 0: ḡ=2.1, γE[v]=2.2, Q=4.3 (bayes)
2026-09-23 16:37:07,275 INFO: Plan 1: ḡ=3.2, γE[v]=2.2, Q=5.4 (bayes)
2026-09-23 16:37:07,275 INFO: Plan 2: ḡ=1.2, γE[v]=2.7, Q=3.9 (bayes)
2026-09-23 16:37:08,301 INFO: Plan 2: ḡ=16, γE[v]=0.0, Q=16.0 (fn)
2026-09-23 16:37:10,736 INFO: Plan 0: ḡ=24, γE[v]=0.0, Q=24.0 (fn)
2026-09-23 16:37:10,817 INFO: Plan 1: ḡ=98, γE[v]=85.5, Q=183.5 (fn)
2026-09-23 16:37:10,817 INFO: Plan 0: ḡ=14.5, γE[v]=57.1, Q=71.6 (bayes)
2026-09-23 16:37:10,817 INFO: Plan 1: ḡ=49.0, γE[v]=45.1, Q=94.1 (bayes)
2026-09-23 16:37:10,817 INFO: Plan 2: ḡ=38.2, γE[v]=45.2, Q=83.5 (bayes)
2026-09-23 16:37:11,064 INFO: Plan 1: ḡ=6, γE[v]=0.0, Q=6.0 (fn)
2026-09-23 16:37:11,382 INFO: Plan 2: ḡ=59, γE[v]=0.0, Q=59.0 (fn)
2026-09-23 16:37:11,635 INFO: Plan 2: ḡ=5, γE[v]=0.0, Q=5.0 (fn)
2026-09-23 16:37:11,803 INFO: Plan 0: ḡ=173, γE[v]=0.0, Q=173.0 (fn)
2026-09-23 16:37:12,076 INFO: Plan 0: ḡ=51, γE[v]=0.0, Q=51.0 (fn)
2026-09-23 16:37:12,078 INFO: Plan 0: ḡ=11.2, γE[v]=0.0, Q=11.2 (bayes)
2026-09-23 16:37:12,080 INFO: Plan 1: ḡ=1.5, γE[v]=4.8, Q=6.3 (bayes)
2026-09-23 16:37:12,081 INFO: Plan 2: ḡ=1.2, γE[v]=5.0, Q=6.2 (bayes)
2026-09-23 16:37:12,826 INFO: Plan 2: ḡ=0, γE[v]=0.0, Q=0.0 (fn)
2026-09-23 16:37:13,244 INFO: Plan 1: ḡ=28, γE[v]=10.0, Q=38.0 (fn)
2026-09-23 16:37:13,245 INFO: Plan 0: ḡ=58.0, γE[v]=6.9, Q=64.9 (bayes)
2026-09-23 16:37:13,245 INFO: Plan 1: ḡ=10.0, γE[v]=31.5, Q=41.5 (bayes)
2026-09-23 16:37:13,245 INFO: Plan 2: ḡ=8.0, γE[v]=31.9, Q=39.9 (bayes)
2026-09-23 16:37:13,525 INFO: Plan 0: ḡ=5, γE[v]=0.5, Q=5.5 (fn)
2026-09-23 16:37:13,904 INFO: Plan 1: ḡ=1, γE[v]=2.5, Q=3.5 (fn)
2026-09-23 16:37:13,904 INFO: Plan 0: ḡ=0.8, γE[v]=0.1, Q=1.0 (bayes)
2026-09-23 16:37:13,904 INFO: Plan 1: ḡ=0.2, γE[v]=0.6, Q=0.8 (bayes)
2026-09-23 16:37:13,904 INFO: Plan 2: ḡ=0.0, γE[v]=0.5, Q=0.5 (bayes)
2026-09-23 16:37:14,481 INFO: Plan 2: ḡ=4, γE[v]=0.0, Q=4.0 (fn)
2026-09-23 16:37:14,522 INFO: Plan 1: ḡ=2, γE[v]=0.0, Q=2.0 (fn)
2026-09-23 16:37:15,080 INFO: Plan 1: ḡ=45, γE[v]=0.0, Q=45.0 (fn)
2026-09-23 16:37:15,806 INFO: Plan 0: ḡ=4, γE[v]=1.0, Q=5.0 (fn)
2026-09-23 16:37:15,807 INFO: Plan 0: ḡ=51, γE[v]=0.0, Q=51.0 (fn)
2026-09-23 16:37:15,808 INFO: Plan 0: ḡ=0.7, γE[v]=0.2, Q=0.9 (bayes)
2026-09-23 16:37:15,808 INFO: Plan 1: ḡ=0.3, γE[v]=0.3, Q=0.7 (bayes)
2026-09-23 16:37:15,808 INFO: Plan 2: ḡ=0.7, γE[v]=0.2, Q=0.8 (bayes)
2026-09-23 16:37:16,254 INFO: Plan 2: ḡ=10, γE[v]=0.0, Q=10.0 (fn)
2026-09-23 16:37:16,255 INFO: Plan 0: ḡ=14.4, γE[v]=35.6, Q=50.1 (bayes)
2026-09-23 16:37:16,255 INFO: Plan 1: ḡ=10.6, γE[v]=37.6, Q=48.1 (bayes)
2026-09-23 16:37:16,255 INFO: Plan 2: ḡ=4.2, γE[v]=40.8, Q=44.9 (bayes)
2026-09-23 16:37:16,908 INFO: Plan 0: ḡ=11, γE[v]=0.0, Q=11.0 (fn)
2026-09-23 16:37:16,946 INFO: Plan 1: ḡ=45, γE[v]=0.0, Q=45.0 (fn)
2026-09-23 16:37:17,380 INFO: Plan 1: ḡ=0, γE[v]=0.0, Q=0.0 (fn)
2026-09-23 16:37:17,380 INFO: Plan 0: ḡ=0, γE[v]=0.0, Q=0.0 (fn)
2026-09-23 16:37:17,575 INFO: Plan 2: ḡ=0, γE[v]=0.0, Q=0.0 (fn)
2026-09-23 16:37:17,576 INFO: Plan 0: ḡ=0.0, γE[v]=0.0, Q=0.0 (bayes)
2026-09-23 16:37:17,576 INFO: Plan 1: ḡ=0.0, γE[v]=0.0, Q=0.0 (bayes)
2026-09-23 16:37:17,576 INFO: Plan 2: ḡ=0.0, γE[v]=0.0, Q=0.0 (bayes)
2026-09-23 16:37:17,826 INFO: Plan 1: ḡ=11, γE[v]=33.0, Q=44.0 (fn)
2026-09-23 16:37:17,827 INFO: Plan 0: ḡ=4.8, γE[v]=6.7, Q=11.5 (bayes)
2026-09-23 16:37:17,827 INFO: Plan 1: ḡ=2.2, γE[v]=10.4, Q=12.6 (bayes)
2026-09-23 16:37:17,827 INFO: Plan 2: ḡ=11.8, γE[v]=3.2, Q=15.0 (bayes)
2026-09-23 16:37:18,452 INFO: Plan 2: ḡ=110, γE[v]=0.0, Q=110.0 (fn)
2026-09-23 16:37:18,453 INFO: Plan 0: ḡ=5.5, γE[v]=55.1, Q=60.6 (bayes)
2026-09-23 16:37:18,453 INFO: Plan 1: ḡ=14.5, γE[v]=50.6, Q=65.1 (bayes)
2026-09-23 16:37:18,453 INFO: Plan 2: ḡ=39.0, γE[v]=38.3, Q=77.3 (bayes)
2026-09-23 16:37:19,103 INFO: Plan 0: ḡ=1, γE[v]=0.0, Q=1.0 (fn)
2026-09-23 16:37:19,428 INFO: Plan 0: ḡ=24, γE[v]=0.0, Q=24.0 (fn)
2026-09-23 16:37:19,429 INFO: Plan 2: ḡ=17, γE[v]=0.0, Q=17.0 (fn)
2026-09-23 16:37:19,929 INFO: Plan 2: ḡ=1, γE[v]=0.0, Q=1.0 (fn)
2026-09-23 16:37:20,320 INFO: Plan 2: ḡ=0, γE[v]=0.0, Q=0.0 (fn)
2026-09-23 16:37:20,401 INFO: Plan 0: ḡ=9, γE[v]=0.0, Q=9.0 (fn)
2026-09-23 16:37:20,443 INFO: Plan 1: ḡ=1, γE[v]=0.0, Q=1.0 (fn)
2026-09-23 16:37:20,444 INFO: Plan 0: ḡ=0.2, γE[v]=0.0, Q=0.2 (bayes)
2026-09-23 16:37:20,444 INFO: Plan 1: ḡ=0.2, γE[v]=0.0, Q=0.2 (bayes)
2026-09-23 16:37:20,444 INFO: Plan 2: ḡ=0.2, γE[v]=0.0, Q=0.2 (bayes)
2026-09-23 16:37:21,280 INFO: Plan 1: ḡ=9, γE[v]=0.0, Q=9.0 (fn)
2026-09-23 16:37:21,281 INFO: Plan 0: ḡ=3.7, γE[v]=1.5, Q=5.2 (bayes)
2026-09-23 16:37:21,281 INFO: Plan 1: ḡ=3.0, γE[v]=1.8, Q=4.8 (bayes)
2026-09-23 16:37:21,281 INFO: Plan 2: ḡ=0.0, γE[v]=3.3, Q=3.3 (bayes)
2026-09-23 16:37:22,991 INFO: Plan 0: ḡ=16, γE[v]=0.0, Q=16.0 (fn)
2026-09-23 16:37:24,999 INFO: Plan 0: ḡ=78, γE[v]=0.0, Q=78.0 (fn)
2026-09-23 16:37:25,000 INFO: Plan 1: ḡ=56, γE[v]=0.0, Q=56.0 (fn)
2026-09-23 16:37:25,002 INFO: Plan 1: ḡ=45, γE[v]=22.5, Q=67.5 (fn)
2026-09-23 16:37:25,005 INFO: Plan 0: ḡ=12.0, γE[v]=12.0, Q=24.0 (bayes)
2026-09-23 16:37:25,006 INFO: Plan 1: ḡ=16.0, γE[v]=11.1, Q=27.1 (bayes)
2026-09-23 16:37:25,006 INFO: Plan 2: ḡ=6.0, γE[v]=15.0, Q=21.0 (bayes)
2026-09-23 16:37:25,031 INFO: Plan 2: ḡ=40, γE[v]=0.0, Q=40.0 (fn)
2026-09-23 16:37:25,031 INFO: Plan 0: ḡ=4.4, γE[v]=32.6, Q=37.0 (bayes)
2026-09-23 16:37:25,031 INFO: Plan 1: ḡ=19.8, γE[v]=24.9, Q=44.7 (bayes)
2026-09-23 16:37:25,031 INFO: Plan 2: ḡ=18.0, γE[v]=25.8, Q=43.8 (bayes)
2026-09-23 16:37:28,447 INFO: Plan 2: ḡ=37, γE[v]=0.0, Q=37.0 (fn)
2026-09-23 16:37:28,657 INFO: Plan 1: ḡ=32, γE[v]=0.0, Q=32.0 (fn)
2026-09-23 16:37:28,996 INFO: Plan 2: ḡ=43, γE[v]=37.0, Q=80.0 (fn)
2026-09-23 16:37:30,266 INFO: Plan 0: ḡ=44, γE[v]=0.0, Q=44.0 (fn)
2026-09-23 16:37:30,844 INFO: Plan 1: ḡ=41, γE[v]=38.0, Q=79.0 (fn)
2026-09-23 16:37:30,845 INFO: Plan 0: ḡ=27.3, γE[v]=8.8, Q=36.1 (bayes)
2026-09-23 16:37:30,845 INFO: Plan 1: ḡ=19.5, γE[v]=14.9, Q=34.5 (bayes)
2026-09-23 16:37:30,845 INFO: Plan 2: ḡ=18.5, γE[v]=15.3, Q=33.8 (bayes)
2026-09-23 16:37:31,228 INFO: Plan 0: ḡ=1, γE[v]=0.0, Q=1.0 (fn)
2026-09-23 16:37:31,318 INFO: Plan 2: ḡ=0, γE[v]=0.0, Q=0.0 (fn)
2026-09-23 16:37:31,319 INFO: Plan 1: ḡ=0, γE[v]=0.0, Q=0.0 (fn)
2026-09-23 16:37:31,320 INFO: Plan 0: ḡ=0.2, γE[v]=0.0, Q=0.2 (bayes)
2026-09-23 16:37:31,320 INFO: Plan 1: ḡ=0.0, γE[v]=0.1, Q=0.1 (bayes)
2026-09-23 16:37:31,320 INFO: Plan 2: ḡ=0.0, γE[v]=0.1, Q=0.1 (bayes)
2026-09-23 16:37:31,584 INFO: Plan 2: ḡ=113, γE[v]=0.0, Q=113.0 (fn)
2026-09-23 16:37:32,283 INFO: Plan 0: ḡ=32, γE[v]=12.5, Q=44.5 (fn)
2026-09-23 16:37:32,284 INFO: Plan 0: ḡ=15.5, γE[v]=55.5, Q=71.0 (bayes)
2026-09-23 16:37:32,284 INFO: Plan 1: ḡ=10.8, γE[v]=57.3, Q=68.1 (bayes)
2026-09-23 16:37:32,284 INFO: Plan 2: ḡ=12.3, γE[v]=56.5, Q=68.8 (bayes)
2026-09-23 16:37:32,584 INFO: Plan 2: ḡ=29, γE[v]=0.0, Q=29.0 (fn)
2026-09-23 16:37:32,876 INFO: Plan 0: ḡ=46, γE[v]=0.0, Q=46.0 (fn)
2026-09-23 16:37:32,915 INFO: Plan 1: ḡ=93, γE[v]=0.0, Q=93.0 (fn)
2026-09-23 16:37:32,916 INFO: Plan 0: ḡ=23.0, γE[v]=88.4, Q=111.4 (bayes)
2026-09-23 16:37:32,916 INFO: Plan 1: ḡ=27.7, γE[v]=86.1, Q=113.8 (bayes)
2026-09-23 16:37:32,916 INFO: Plan 2: ḡ=14.5, γE[v]=92.7, Q=107.2 (bayes)
2026-09-23 16:37:35,546 INFO: Plan 0: ḡ=19, γE[v]=0.0, Q=19.0 (fn)
2026-09-23 16:37:38,121 INFO: Plan 1: ḡ=8, γE[v]=13.0, Q=21.0 (fn)
2026-09-23 16:37:38,397 INFO: Plan 1: ḡ=116, γE[v]=57.0, Q=173.0 (fn)
2026-09-23 16:37:38,397 INFO: Plan 0: ḡ=14.8, γE[v]=25.1, Q=39.9 (bayes)
2026-09-23 16:37:38,397 INFO: Plan 1: ḡ=36.0, γE[v]=18.4, Q=54.4 (bayes)
2026-09-23 16:37:38,398 INFO: Plan 2: ḡ=25.8, γE[v]=19.6, Q=45.4 (bayes)
2026-09-23 16:37:38,435 INFO: Plan 0: ḡ=0, γE[v]=0.0, Q=0.0 (fn)
2026-09-23 16:37:38,569 INFO: Plan 2: ḡ=23, γE[v]=0.0, Q=23.0 (fn)
2026-09-23 16:37:39,084 INFO: Plan 0: ḡ=21, γE[v]=0.0, Q=21.0 (fn)
2026-09-23 16:37:39,085 INFO: Plan 1: ḡ=0, γE[v]=0.0, Q=0.0 (fn)
2026-09-23 16:37:39,647 INFO: Plan 2: ḡ=0, γE[v]=0.0, Q=0.0 (fn)
2026-09-23 16:37:39,648 INFO: Plan 0: ḡ=0.0, γE[v]=0.0, Q=0.0 (bayes)
2026-09-23 16:37:39,648 INFO: Plan 1: ḡ=0.0, γE[v]=0.0, Q=0.0 (bayes)
2026-09-23 16:37:39,648 INFO: Plan 2: ḡ=0.0, γE[v]=0.0, Q=0.0 (bayes)
2026-09-23 16:37:41,053 INFO: Plan 0: ḡ=0, γE[v]=0.0, Q=0.0 (fn)
2026-09-23 16:37:41,136 INFO: Plan 1: ḡ=0, γE[v]=0.0, Q=0.0 (fn)
2026-09-23 16:37:41,384 INFO: Plan 2: ḡ=0, γE[v]=0.0, Q=0.0 (fn)
2026-09-23 16:37:41,385 INFO: Plan 0: ḡ=15, γE[v]=0.0, Q=15.0 (fn)
2026-09-23 16:37:41,385 INFO: Plan 0: ḡ=0.0, γE[v]=0.0, Q=0.0 (bayes)
2026-09-23 16:37:41,386 INFO: Plan 1: ḡ=0.0, γE[v]=0.0, Q=0.0 (bayes)
2026-09-23 16:37:41,386 INFO: Plan 2: ḡ=0.0, γE[v]=0.0, Q=0.0 (bayes)
2026-09-23 16:37:41,603 INFO: Plan 2: ḡ=28, γE[v]=11.5, Q=39.5 (fn)
2026-09-23 16:37:41,604 INFO: Plan 0: ḡ=4.5, γE[v]=3.5, Q=8.0 (bayes)
2026-09-23 16:37:41,604 INFO: Plan 1: ḡ=1.6, γE[v]=5.9, Q=7.5 (bayes)
2026-09-23 16:37:41,604 INFO: Plan 2: ḡ=5.6, γE[v]=3.8, Q=9.4 (bayes)
2026-09-23 16:37:42,623 INFO: Plan 1: ḡ=15, γE[v]=0.0, Q=15.0 (fn)
2026-09-23 16:37:42,825 INFO: Plan 1: ḡ=71, γE[v]=19.0, Q=90.0 (fn)
2026-09-23 16:37:42,825 INFO: Plan 0: ḡ=3.5, γE[v]=7.3, Q=10.8 (bayes)
2026-09-23 16:37:42,825 INFO: Plan 1: ḡ=11.8, γE[v]=4.6, Q=16.4 (bayes)
2026-09-23 16:37:42,825 INFO: Plan 2: ḡ=3.8, γE[v]=7.2, Q=11.0 (bayes)
2026-09-23 16:37:43,803 INFO: Plan 2: ḡ=30, γE[v]=0.0, Q=30.0 (fn)
2026-09-23 16:37:43,803 INFO: Plan 0: ḡ=2.5, γE[v]=1.5, Q=4.0 (bayes)
2026-09-23 16:37:43,803 INFO: Plan 1: ḡ=3.0, γE[v]=1.2, Q=4.2 (bayes)
2026-09-23 16:37:43,803 INFO: Plan 2: ḡ=5.5, γE[v]=0.0, Q=5.5 (bayes)
2026-09-23 16:37:43,847 INFO: Plan 0: ḡ=80, γE[v]=0.0, Q=80.0 (fn)
2026-09-23 16:37:44,331 INFO: Plan 0: ḡ=30, γE[v]=0.0, Q=30.0 (fn)
2026-09-23 16:37:44,357 INFO: Plan 1: ḡ=0, γE[v]=0.0, Q=0.0 (fn)
2026-09-23 16:37:44,970 INFO: Plan 0: ḡ=1, γE[v]=0.0, Q=1.0 (fn)
2026-09-23 16:37:45,012 INFO: Plan 2: ḡ=26, γE[v]=0.0, Q=26.0 (fn)
2026-09-23 16:37:45,012 INFO: Plan 2: ḡ=1, γE[v]=0.0, Q=1.0 (fn)
2026-09-23 16:37:45,013 INFO: Plan 0: ḡ=0.2, γE[v]=0.0, Q=0.2 (bayes)
2026-09-23 16:37:45,013 INFO: Plan 1: ḡ=0.0, γE[v]=0.1, Q=0.1 (bayes)
2026-09-23 16:37:45,013 INFO: Plan 2: ḡ=0.2, γE[v]=0.0, Q=0.2 (bayes)
2026-09-23 16:37:45,568 INFO: Plan 1: ḡ=74, γE[v]=0.0, Q=74.0 (fn)
2026-09-23 16:37:46,731 INFO: Plan 1: ḡ=20, γE[v]=0.0, Q=20.0 (fn)
2026-09-23 16:37:46,880 INFO: Plan 2: ḡ=3, γE[v]=0.0, Q=3.0 (fn)
2026-09-23 16:37:46,999 INFO: Plan 0: ḡ=3, γE[v]=0.0, Q=3.0 (fn)
2026-09-23 16:37:46,999 INFO: Plan 0: ḡ=0.8, γE[v]=2.2, Q=2.9 (bayes)
2026-09-23 16:37:46,999 INFO: Plan 1: ḡ=3.3, γE[v]=0.9, Q=4.2 (bayes)
2026-09-23 16:37:46,999 INFO: Plan 2: ḡ=1.0, γE[v]=2.0, Q=3.0 (bayes)
2026-09-23 16:37:48,127 INFO: Plan 0: ḡ=2, γE[v]=0.0, Q=2.0 (fn)
2026-09-23 16:37:48,511 INFO: Plan 1: ḡ=2, γE[v]=0.0, Q=2.0 (fn)
2026-09-23 16:37:48,550 INFO: Plan 2: ḡ=71, γE[v]=3.5, Q=74.5 (fn)
2026-09-23 16:37:48,550 INFO: Plan 0: ḡ=34.8, γE[v]=34.7, Q=69.5 (bayes)
2026-09-23 16:37:48,551 INFO: Plan 1: ḡ=29.3, γE[v]=37.5, Q=66.8 (bayes)
2026-09-23 16:37:48,551 INFO: Plan 2: ḡ=32.7, γE[v]=35.9, Q=68.6 (bayes)
2026-09-23 16:37:48,896 INFO: Plan 2: ḡ=2, γE[v]=0.0, Q=2.0 (fn)
2026-09-23 16:37:48,897 INFO: Plan 0: ḡ=0.8, γE[v]=0.0, Q=0.8 (bayes)
2026-09-23 16:37:48,897 INFO: Plan 1: ḡ=0.8, γE[v]=0.0, Q=0.8 (bayes)
2026-09-23 16:37:48,897 INFO: Plan 2: ḡ=0.8, γE[v]=0.0, Q=0.8 (bayes)
2026-09-23 16:37:49,188 INFO: Plan 0: ḡ=12, γE[v]=0.0, Q=12.0 (fn)
2026-09-23 16:37:49,509 INFO: Plan 2: ḡ=1, γE[v]=0.0, Q=1.0 (fn)
2026-09-23 16:37:49,510 INFO: Plan 0: ḡ=30, γE[v]=0.0, Q=30.0 (fn)
2026-09-23 16:37:50,376 INFO: Plan 2: ḡ=107, γE[v]=8.5, Q=115.5 (fn)
2026-09-23 16:37:50,631 INFO: Plan 2: ḡ=6, γE[v]=0.0, Q=6.0 (fn)
2026-09-23 16:37:51,316 INFO: Plan 1: ḡ=30, γE[v]=6.0, Q=36.0 (fn)
2026-09-23 16:37:51,317 INFO: Plan 0: ḡ=2.0, γE[v]=2.5, Q=4.5 (bayes)
2026-09-23 16:37:51,317 INFO: Plan 1: ḡ=5.0, γE[v]=1.4, Q=6.5 (bayes)
2026-09-23 16:37:51,317 INFO: Plan 2: ḡ=0.2, γE[v]=3.4, Q=3.6 (bayes)
2026-09-23 16:37:51,889 INFO: Plan 1: ḡ=19, γE[v]=2.0, Q=21.0 (fn)
2026-09-23 16:37:51,890 INFO: Plan 0: ḡ=15.0, γE[v]=3.6, Q=18.6 (bayes)
2026-09-23 16:37:51,890 INFO: Plan 1: ḡ=5.9, γE[v]=8.3, Q=14.2 (bayes)
2026-09-23 16:37:51,890 INFO: Plan 2: ḡ=2.0, γE[v]=10.1, Q=12.1 (bayes)
2026-09-23 16:37:52,899 INFO: Plan 1: ḡ=10, γE[v]=24.5, Q=34.5 (fn)
2026-09-23 16:37:52,902 INFO: Plan 0: ḡ=10.0, γE[v]=49.3, Q=59.3 (bayes)
2026-09-23 16:37:52,904 INFO: Plan 1: ḡ=5.0, γE[v]=53.1, Q=58.1 (bayes)
2026-09-23 16:37:52,905 INFO: Plan 2: ḡ=8.0, γE[v]=50.3, Q=58.3 (bayes)
2026-09-23 16:37:53,698 INFO: Plan 0: ḡ=72, γE[v]=0.0, Q=72.0 (fn)
2026-09-23 16:37:53,854 INFO: Plan 0: ḡ=24, γE[v]=12.5, Q=36.5 (fn)
2026-09-23 16:37:54,094 INFO: Plan 0: ḡ=4, γE[v]=0.0, Q=4.0 (fn)
2026-09-23 16:37:54,095 INFO: Plan 1: ḡ=4, γE[v]=0.0, Q=4.0 (fn)
2026-09-23 16:37:54,462 INFO: Plan 2: ḡ=139, γE[v]=0.0, Q=139.0 (fn)
2026-09-23 16:37:54,645 INFO: Plan 1: ḡ=128, γE[v]=0.0, Q=128.0 (fn)
2026-09-23 16:37:54,646 INFO: Plan 0: ḡ=18.3, γE[v]=42.7, Q=61.1 (bayes)
2026-09-23 16:37:54,646 INFO: Plan 1: ḡ=34.1, γE[v]=34.8, Q=69.0 (bayes)
2026-09-23 16:37:54,646 INFO: Plan 2: ḡ=29.4, γE[v]=37.2, Q=66.6 (bayes)
2026-09-23 16:37:55,162 INFO: Plan 1: ḡ=52, γE[v]=52.5, Q=104.5 (fn)
2026-09-23 16:37:55,162 INFO: Plan 0: ḡ=5.0, γE[v]=15.1, Q=20.1 (bayes)
2026-09-23 16:37:55,162 INFO: Plan 1: ḡ=10.8, γE[v]=15.1, Q=25.9 (bayes)
2026-09-23 16:37:55,162 INFO: Plan 2: ḡ=21.7, γE[v]=6.5, Q=28.1 (bayes)
2026-09-23 16:37:55,364 INFO: Plan 2: ḡ=8, γE[v]=0.0, Q=8.0 (fn)
2026-09-23 16:37:55,365 INFO: Plan 0: ḡ=0.6, γE[v]=0.3, Q=0.9 (bayes)
2026-09-23 16:37:55,365 INFO: Plan 1: ḡ=0.7, γE[v]=0.3, Q=0.9 (bayes)
2026-09-23 16:37:55,365 INFO: Plan 2: ḡ=1.2, γE[v]=0.0, Q=1.2 (bayes)
2026-09-23 16:37:56,741 INFO: Plan 0: ḡ=23, γE[v]=0.0, Q=23.0 (fn)
2026-09-23 16:37:57,186 INFO: Plan 1: ḡ=61, γE[v]=0.0, Q=61.0 (fn)
2026-09-23 16:37:57,493 INFO: Plan 2: ḡ=71, γE[v]=0.0, Q=71.0 (fn)
2026-09-23 16:37:57,494 INFO: Plan 0: ḡ=11.5, γE[v]=44.4, Q=55.9 (bayes)
2026-09-23 16:37:57,494 INFO: Plan 1: ḡ=29.8, γE[v]=35.2, Q=65.1 (bayes)
2026-09-23 16:37:57,494 INFO: Plan 2: ḡ=28.0, γE[v]=36.2, Q=64.2 (bayes)
2026-09-23 16:37:58,370 INFO: Plan 1: ḡ=14, γE[v]=0.0, Q=14.0 (fn)
2026-09-23 16:37:58,408 INFO: Plan 0: ḡ=26, γE[v]=0.0, Q=26.0 (fn)
2026-09-23 16:37:59,381 INFO: Plan 2: ḡ=53, γE[v]=0.0, Q=53.0 (fn)
2026-09-23 16:38:00,172 INFO: Plan 0: ḡ=56, γE[v]=0.0, Q=56.0 (fn)
2026-09-23 16:38:00,515 INFO: Plan 0: ḡ=6, γE[v]=0.0, Q=6.0 (fn)
2026-09-23 16:38:00,818 INFO: Plan 1: ḡ=6, γE[v]=0.0, Q=6.0 (fn)
2026-09-23 16:38:01,228 INFO: Plan 1: ḡ=63, γE[v]=0.0, Q=63.0 (fn)
2026-09-23 16:38:01,229 INFO: Plan 0: ḡ=26.7, γE[v]=33.8, Q=60.5 (bayes)
2026-09-23 16:38:01,229 INFO: Plan 1: ḡ=27.3, γE[v]=33.5, Q=60.8 (bayes)
2026-09-23 16:38:01,229 INFO: Plan 2: ḡ=21.2, γE[v]=36.5, Q=57.8 (bayes)
2026-09-23 16:38:01,825 INFO: Plan 2: ḡ=96, γE[v]=10.0, Q=106.0 (fn)
2026-09-23 16:38:01,825 INFO: Plan 0: ḡ=10.5, γE[v]=18.9, Q=29.4 (bayes)
2026-09-23 16:38:01,825 INFO: Plan 1: ḡ=5.2, γE[v]=21.6, Q=26.8 (bayes)
2026-09-23 16:38:01,826 INFO: Plan 2: ḡ=32.0, γE[v]=8.8, Q=40.8 (bayes)
2026-09-23 16:38:02,174 INFO: Plan 0: ḡ=2, γE[v]=0.0, Q=2.0 (fn)
2026-09-23 16:38:02,332 INFO: Plan 1: ḡ=9, γE[v]=0.0, Q=9.0 (fn)
2026-09-23 16:38:03,579 INFO: Plan 2: ḡ=5, γE[v]=4.5, Q=9.5 (fn)
2026-09-23 16:38:03,579 INFO: Plan 0: ḡ=0.4, γE[v]=1.2, Q=1.6 (bayes)
2026-09-23 16:38:03,579 INFO: Plan 1: ḡ=1.5, γE[v]=0.7, Q=2.2 (bayes)
2026-09-23 16:38:03,579 INFO: Plan 2: ḡ=1.0, γE[v]=1.3, Q=2.3 (bayes)
2026-09-23 16:38:04,401 INFO: Plan 0: ḡ=16, γE[v]=0.0, Q=16.0 (fn)
2026-09-23 16:38:04,435 INFO: Plan 0: ḡ=3, γE[v]=0.0, Q=3.0 (fn)
2026-09-23 16:38:04,654 INFO: Plan 2: ḡ=17, γE[v]=2.5, Q=19.5 (fn)
2026-09-23 16:38:04,655 INFO: Plan 0: ḡ=3.0, γE[v]=2.5, Q=5.5 (bayes)
2026-09-23 16:38:04,655 INFO: Plan 1: ḡ=1.6, γE[v]=3.2, Q=4.8 (bayes)
2026-09-23 16:38:04,655 INFO: Plan 2: ḡ=3.5, γE[v]=2.5, Q=5.9 (bayes)
2026-09-23 16:38:05,045 INFO: Plan 1: ḡ=39, γE[v]=1.5, Q=40.5 (fn)
2026-09-23 16:38:05,490 INFO: Plan 2: ḡ=89, γE[v]=0.0, Q=89.0 (fn)
2026-09-23 16:38:05,532 INFO: Plan 0: ḡ=40, γE[v]=3.5, Q=43.5 (fn)
2026-09-23 16:38:05,933 INFO: Plan 2: ḡ=103, γE[v]=0.0, Q=103.0 (fn)
2026-09-23 16:38:05,933 INFO: Plan 0: ḡ=13.3, γE[v]=8.2, Q=21.6 (bayes)
2026-09-23 16:38:05,933 INFO: Plan 1: ḡ=13.0, γE[v]=8.3, Q=21.3 (bayes)
2026-09-23 16:38:05,934 INFO: Plan 2: ḡ=29.3, γE[v]=0.0, Q=29.3 (bayes)
2026-09-23 16:38:06,012 INFO: Plan 1: ḡ=45, γE[v]=0.0, Q=45.0 (fn)
2026-09-23 16:38:06,013 INFO: Plan 0: ḡ=8.0, γE[v]=104.3, Q=112.3 (bayes)
2026-09-23 16:38:06,013 INFO: Plan 1: ḡ=17.8, γE[v]=99.4, Q=117.2 (bayes)
2026-09-23 16:38:06,013 INFO: Plan 2: ḡ=41.2, γE[v]=87.8, Q=128.9 (bayes)
2026-09-23 16:38:06,416 INFO: Plan 1: ḡ=7, γE[v]=0.0, Q=7.0 (fn)
2026-09-23 16:38:06,585 INFO: Plan 2: ḡ=7, γE[v]=0.0, Q=7.0 (fn)
2026-09-23 16:38:06,586 INFO: Plan 0: ḡ=0.7, γE[v]=0.5, Q=1.1 (bayes)
2026-09-23 16:38:06,586 INFO: Plan 1: ḡ=1.6, γE[v]=0.0, Q=1.6 (bayes)
2026-09-23 16:38:06,586 INFO: Plan 2: ḡ=1.6, γE[v]=0.0, Q=1.6 (bayes)
2026-09-23 16:38:07,149 INFO: Plan 1: ḡ=0, γE[v]=0.0, Q=0.0 (fn)
2026-09-23 16:38:07,150 INFO: Plan 0: ḡ=0, γE[v]=0.0, Q=0.0 (fn)
2026-09-23 16:38:07,150 INFO: Plan 2: ḡ=0, γE[v]=0.0, Q=0.0 (fn)
2026-09-23 16:38:07,150 INFO: Plan 0: ḡ=0.0, γE[v]=0.0, Q=0.0 (bayes)
2026-09-23 16:38:07,151 INFO: Plan 1: ḡ=0.0, γE[v]=0.0, Q=0.0 (bayes)
2026-09-23 16:38:07,151 INFO: Plan 2: ḡ=0.0, γE[v]=0.0, Q=0.0 (bayes)
2026-09-23 16:38:13,138 INFO: Plan 2: ḡ=1, γE[v]=0.0, Q=1.0 (fn)
2026-09-23 16:38:13,524 INFO: Plan 1: ḡ=4, γE[v]=0.0, Q=4.0 (fn)
2026-09-23 16:38:13,721 INFO: Plan 0: ḡ=20, γE[v]=0.0, Q=20.0 (fn)
2026-09-23 16:38:13,722 INFO: Plan 0: ḡ=3.5, γE[v]=0.5, Q=3.9 (bayes)
2026-09-23 16:38:13,722 INFO: Plan 1: ḡ=0.9, γE[v]=1.7, Q=2.6 (bayes)
2026-09-23 16:38:13,722 INFO: Plan 2: ḡ=0.2, γE[v]=2.0, Q=2.3 (bayes)
2026-09-23 16:38:14,202 INFO: Plan 1: ḡ=2, γE[v]=0.0, Q=2.0 (fn)
2026-09-23 16:38:14,484 INFO: Plan 0: ḡ=91, γE[v]=6.5, Q=97.5 (fn)
2026-09-23 16:38:15,703 INFO: Plan 0: ḡ=45, γE[v]=0.0, Q=45.0 (fn)
2026-09-23 16:38:15,899 INFO: Plan 2: ḡ=45, γE[v]=0.0, Q=45.0 (fn)
2026-09-23 16:38:15,899 INFO: Plan 0: ḡ=7.6, γE[v]=0.0, Q=7.6 (bayes)
2026-09-23 16:38:15,900 INFO: Plan 1: ḡ=0.4, γE[v]=3.6, Q=4.0 (bayes)
2026-09-23 16:38:15,900 INFO: Plan 2: ḡ=7.6, γE[v]=0.0, Q=7.6 (bayes)
2026-09-23 16:38:17,376 INFO: Plan 0: ḡ=1, γE[v]=0.5, Q=1.5 (fn)
2026-09-23 16:38:17,813 INFO: Plan 1: ḡ=2, γE[v]=0.0, Q=2.0 (fn)
2026-09-23 16:38:18,174 INFO: Plan 2: ḡ=2, γE[v]=0.0, Q=2.0 (fn)
2026-09-23 16:38:18,176 INFO: Plan 0: ḡ=0.2, γE[v]=0.2, Q=0.4 (bayes)
2026-09-23 16:38:18,176 INFO: Plan 1: ḡ=0.5, γE[v]=0.0, Q=0.5 (bayes)
2026-09-23 16:38:18,176 INFO: Plan 2: ḡ=0.5, γE[v]=0.0, Q=0.5 (bayes)
2026-09-23 16:38:19,273 INFO: Plan 1: ḡ=271, γE[v]=0.0, Q=271.0 (fn)
2026-09-23 16:38:20,530 INFO: Plan 0: ḡ=16, γE[v]=0.0, Q=16.0 (fn)
2026-09-23 16:38:20,607 INFO: Plan 2: ḡ=28, γE[v]=0.0, Q=28.0 (fn)
2026-09-23 16:38:21,201 INFO: Plan 2: ḡ=207, γE[v]=32.0, Q=239.0 (fn)
2026-09-23 16:38:21,202 INFO: Plan 0: ḡ=15.2, γE[v]=15.5, Q=30.6 (bayes)
2026-09-23 16:38:21,202 INFO: Plan 1: ḡ=45.2, γE[v]=0.0, Q=45.2 (bayes)
2026-09-23 16:38:21,202 INFO: Plan 2: ḡ=34.5, γE[v]=7.7, Q=42.2 (bayes)
2026-09-23 16:38:26,595 INFO: Plan 1: ḡ=19, γE[v]=9.0, Q=28.0 (fn)
2026-09-23 16:38:26,596 INFO: Plan 0: ḡ=8.0, γE[v]=49.5, Q=57.5 (bayes)
2026-09-23 16:38:26,596 INFO: Plan 1: ḡ=9.5, γE[v]=49.2, Q=58.7 (bayes)
2026-09-23 16:38:26,596 INFO: Plan 2: ḡ=9.3, γE[v]=48.8, Q=58.2 (bayes)
2026-09-23 16:38:27,027 INFO: Plan 2: ḡ=16, γE[v]=0.0, Q=16.0 (fn)
2026-09-23 16:38:27,071 INFO: Plan 1: ḡ=37, γE[v]=0.0, Q=37.0 (fn)
2026-09-23 16:38:27,414 INFO: Plan 0: ḡ=1, γE[v]=0.0, Q=1.0 (fn)
2026-09-23 16:38:27,679 INFO: Plan 1: ḡ=1, γE[v]=0.0, Q=1.0 (fn)
2026-09-23 16:38:27,680 INFO: Plan 2: ḡ=1, γE[v]=0.0, Q=1.0 (fn)
2026-09-23 16:38:27,680 INFO: Plan 2: ḡ=0, γE[v]=0.0, Q=0.0 (fn)
2026-09-23 16:38:27,681 INFO: Plan 0: ḡ=0.2, γE[v]=0.0, Q=0.2 (bayes)
2026-09-23 16:38:27,681 INFO: Plan 1: ḡ=0.2, γE[v]=0.0, Q=0.2 (bayes)
2026-09-23 16:38:27,681 INFO: Plan 2: ḡ=0.2, γE[v]=0.0, Q=0.2 (bayes)
2026-09-23 16:38:28,017 INFO: Plan 1: ḡ=1, γE[v]=0.0, Q=1.0 (fn)
2026-09-23 16:38:28,568 INFO: Plan 0: ḡ=5, γE[v]=0.5, Q=5.5 (fn)
2026-09-23 16:38:28,569 INFO: Plan 0: ḡ=0.7, γE[v]=0.1, Q=0.8 (bayes)
2026-09-23 16:38:28,569 INFO: Plan 1: ḡ=0.2, γE[v]=0.4, Q=0.5 (bayes)
2026-09-23 16:38:28,569 INFO: Plan 2: ḡ=0.0, γE[v]=0.4, Q=0.4 (bayes)
2026-09-23 16:38:28,897 INFO: Plan 1: ḡ=1, γE[v]=0.0, Q=1.0 (fn)
2026-09-23 16:38:29,239 INFO: Plan 2: ḡ=46, γE[v]=0.0, Q=46.0 (fn)
2026-09-23 16:38:29,241 INFO: Plan 2: ḡ=13, γE[v]=0.0, Q=13.0 (fn)
2026-09-23 16:38:29,793 INFO: Plan 1: ḡ=106, γE[v]=0.0, Q=106.0 (fn)
2026-09-23 16:38:30,265 INFO: Plan 1: ḡ=75, γE[v]=0.0, Q=75.0 (fn)
2026-09-23 16:38:30,340 INFO: Plan 2: ḡ=6, γE[v]=0.0, Q=6.0 (fn)
2026-09-23 16:38:30,340 INFO: Plan 0: ḡ=5, γE[v]=0.5, Q=5.5 (fn)
2026-09-23 16:38:30,341 INFO: Plan 0: ḡ=1.0, γE[v]=0.1, Q=1.1 (bayes)
2026-09-23 16:38:30,341 INFO: Plan 1: ḡ=0.2, γE[v]=0.5, Q=0.7 (bayes)
2026-09-23 16:38:30,341 INFO: Plan 2: ḡ=1.2, γE[v]=0.0, Q=1.2 (bayes)
2026-09-23 16:38:30,684 INFO: Plan 0: ḡ=11, γE[v]=0.0, Q=11.0 (fn)
2026-09-23 16:38:30,684 INFO: Plan 0: ḡ=26, γE[v]=0.0, Q=26.0 (fn)
2026-09-23 16:38:30,685 INFO: Plan 0: ḡ=5.5, γE[v]=16.1, Q=21.6 (bayes)
2026-09-23 16:38:30,685 INFO: Plan 1: ḡ=22.8, γE[v]=7.5, Q=30.2 (bayes)
2026-09-23 16:38:30,685 INFO: Plan 2: ḡ=9.5, γE[v]=14.1, Q=23.6 (bayes)
2026-09-23 16:38:30,685 INFO: Plan 0: ḡ=10.8, γE[v]=11.1, Q=21.9 (bayes)
2026-09-23 16:38:30,685 INFO: Plan 1: ḡ=15.7, γE[v]=8.7, Q=24.4 (bayes)
2026-09-23 16:38:30,685 INFO: Plan 2: ḡ=6.5, γE[v]=13.3, Q=19.8 (bayes)
2026-09-23 16:38:31,595 INFO: Plan 1: ḡ=2, γE[v]=0.0, Q=2.0 (fn)
2026-09-23 16:38:31,596 INFO: Plan 0: ḡ=2, γE[v]=0.0, Q=2.0 (fn)
2026-09-23 16:38:31,636 INFO: Plan 2: ḡ=2, γE[v]=0.0, Q=2.0 (fn)
2026-09-23 16:38:31,636 INFO: Plan 0: ḡ=0.3, γE[v]=0.0, Q=0.3 (bayes)
2026-09-23 16:38:31,636 INFO: Plan 1: ḡ=0.3, γE[v]=0.0, Q=0.3 (bayes)
2026-09-23 16:38:31,636 INFO: Plan 2: ḡ=0.3, γE[v]=0.0, Q=0.3 (bayes)
2026-09-23 16:38:32,409 INFO: Plan 0: ḡ=0, γE[v]=0.0, Q=0.0 (fn)
2026-09-23 16:38:32,491 INFO: Plan 1: ḡ=0, γE[v]=0.0, Q=0.0 (fn)
2026-09-23 16:38:32,491 INFO: Plan 2: ḡ=0, γE[v]=0.0, Q=0.0 (fn)
2026-09-23 16:38:32,492 INFO: Plan 0: ḡ=0.0, γE[v]=0.0, Q=0.0 (bayes)
2026-09-23 16:38:32,492 INFO: Plan 1: ḡ=0.0, γE[v]=0.0, Q=0.0 (bayes)
2026-09-23 16:38:32,492 INFO: Plan 2: ḡ=0.0, γE[v]=0.0, Q=0.0 (bayes)
2026-09-23 16:38:33,120 INFO: Plan 0: ḡ=36, γE[v]=6.5, Q=42.5 (fn)
2026-09-23 16:38:33,121 INFO: Plan 0: ḡ=9.3, γE[v]=8.1, Q=17.4 (bayes)
2026-09-23 16:38:33,121 INFO: Plan 1: ḡ=10.6, γE[v]=7.1, Q=17.6 (bayes)
2026-09-23 16:38:33,121 INFO: Plan 2: ḡ=8.0, γE[v]=8.4, Q=16.4 (bayes)
2026-09-23 16:38:33,306 INFO: Plan 0: ḡ=11, γE[v]=0.0, Q=11.0 (fn)
2026-09-23 16:38:33,307 INFO: Plan 1: ḡ=59, γE[v]=0.0, Q=59.0 (fn)
2026-09-23 16:38:33,675 INFO: Plan 2: ḡ=36, γE[v]=0.0, Q=36.0 (fn)
2026-09-23 16:38:33,676 INFO: Plan 0: ḡ=5.5, γE[v]=38.8, Q=44.3 (bayes)
2026-09-23 16:38:33,676 INFO: Plan 1: ḡ=21.8, γE[v]=30.7, Q=52.4 (bayes)
2026-09-23 16:38:33,676 INFO: Plan 2: ḡ=13.9, γE[v]=34.6, Q=48.5 (bayes)
2026-09-23 16:38:33,983 INFO: Plan 0: ḡ=0, γE[v]=0.0, Q=0.0 (fn)
2026-09-23 16:38:34,316 INFO: Plan 1: ḡ=0, γE[v]=0.0, Q=0.0 (fn)
2026-09-23 16:38:34,489 INFO: Plan 2: ḡ=0, γE[v]=0.0, Q=0.0 (fn)
2026-09-23 16:38:34,489 INFO: Plan 0: ḡ=0.0, γE[v]=0.0, Q=0.0 (bayes)
2026-09-23 16:38:34,490 INFO: Plan 1: ḡ=0.0, γE[v]=0.0, Q=0.0 (bayes)
2026-09-23 16:38:34,490 INFO: Plan 2: ḡ=0.0, γE[v]=0.0, Q=0.0 (bayes)
2026-09-23 16:38:34,755 INFO: Plan 2: ḡ=3, γE[v]=0.0, Q=3.0 (fn)
2026-09-23 16:38:34,756 INFO: Plan 0: ḡ=3, γE[v]=0.0, Q=3.0 (fn)
2026-09-23 16:38:34,756 INFO: Plan 1: ḡ=6, γE[v]=0.0, Q=6.0 (fn)
2026-09-23 16:38:34,756 INFO: Plan 0: ḡ=1.0, γE[v]=1.0, Q=2.0 (bayes)
2026-09-23 16:38:34,757 INFO: Plan 1: ḡ=2.0, γE[v]=0.5, Q=2.5 (bayes)
2026-09-23 16:38:34,757 INFO: Plan 2: ḡ=1.0, γE[v]=1.0, Q=2.0 (bayes)
2026-09-23 16:38:35,206 INFO: Plan 1: ḡ=10, γE[v]=0.0, Q=10.0 (fn)
2026-09-23 16:38:36,318 INFO: Plan 2: ḡ=15, γE[v]=0.0, Q=15.0 (fn)
2026-09-23 16:38:36,598 INFO: Plan 0: ḡ=24, γE[v]=0.0, Q=24.0 (fn)
2026-09-23 16:38:36,789 INFO: Plan 2: ḡ=3, γE[v]=0.0, Q=3.0 (fn)
2026-09-23 16:38:36,826 INFO: Plan 1: ḡ=28, γE[v]=0.0, Q=28.0 (fn)
2026-09-23 16:38:36,827 INFO: Plan 0: ḡ=24, γE[v]=0.0, Q=24.0 (fn)
2026-09-23 16:38:36,828 INFO: Plan 0: ḡ=8.0, γE[v]=5.9, Q=13.9 (bayes)
2026-09-23 16:38:36,828 INFO: Plan 1: ḡ=8.0, γE[v]=5.9, Q=13.9 (bayes)
2026-09-23 16:38:36,828 INFO: Plan 2: ḡ=3.8, γE[v]=8.0, Q=11.8 (bayes)
2026-09-23 16:38:37,849 INFO: Plan 0: ḡ=12, γE[v]=0.0, Q=12.0 (fn)
2026-09-23 16:38:38,337 INFO: Plan 1: ḡ=58, γE[v]=0.0, Q=58.0 (fn)
2026-09-23 16:38:38,337 INFO: Plan 0: ḡ=3.6, γE[v]=34.6, Q=38.2 (bayes)
2026-09-23 16:38:38,337 INFO: Plan 1: ḡ=14.6, γE[v]=29.1, Q=43.6 (bayes)
2026-09-23 16:38:38,338 INFO: Plan 2: ḡ=1.5, γE[v]=35.6, Q=37.1 (bayes)
2026-09-23 16:38:38,673 INFO: Plan 0: ḡ=0, γE[v]=0.0, Q=0.0 (fn)
2026-09-23 16:38:38,897 INFO: Plan 1: ḡ=0, γE[v]=0.0, Q=0.0 (fn)
2026-09-23 16:38:38,898 INFO: Plan 2: ḡ=0, γE[v]=0.0, Q=0.0 (fn)
2026-09-23 16:38:38,898 INFO: Plan 0: ḡ=0.0, γE[v]=0.0, Q=0.0 (bayes)
2026-09-23 16:38:38,898 INFO: Plan 1: ḡ=0.0, γE[v]=0.0, Q=0.0 (bayes)
2026-09-23 16:38:38,898 INFO: Plan 2: ḡ=0.0, γE[v]=0.0, Q=0.0 (bayes)
2026-09-23 16:38:39,397 INFO: Plan 0: ḡ=0, γE[v]=0.0, Q=0.0 (fn)
2026-09-23 16:38:39,439 INFO: Plan 1: ḡ=0, γE[v]=0.0, Q=0.0 (fn)
2026-09-23 16:38:39,611 INFO: Plan 2: ḡ=0, γE[v]=0.0, Q=0.0 (fn)
2026-09-23 16:38:39,612 INFO: Plan 0: ḡ=0.0, γE[v]=0.0, Q=0.0 (bayes)
2026-09-23 16:38:39,612 INFO: Plan 1: ḡ=0.0, γE[v]=0.0, Q=0.0 (bayes)
2026-09-23 16:38:39,612 INFO: Plan 2: ḡ=0.0, γE[v]=0.0, Q=0.0 (bayes)
2026-09-23 16:38:40,066 INFO: Plan 0: ḡ=20, γE[v]=0.0, Q=20.0 (fn)
2026-09-23 16:38:40,354 INFO: Plan 2: ḡ=29, γE[v]=0.0, Q=29.0 (fn)
2026-09-23 16:38:41,093 INFO: Plan 0: ḡ=16, γE[v]=0.0, Q=16.0 (fn)
2026-09-23 16:38:41,759 INFO: Plan 1: ḡ=15, γE[v]=0.0, Q=15.0 (fn)
2026-09-23 16:38:43,005 INFO: Plan 2: ḡ=30, γE[v]=0.0, Q=30.0 (fn)
2026-09-23 16:38:43,005 INFO: Plan 0: ḡ=2.3, γE[v]=1.2, Q=3.5 (bayes)
2026-09-23 16:38:43,005 INFO: Plan 1: ḡ=2.5, γE[v]=1.1, Q=3.5 (bayes)
2026-09-23 16:38:43,005 INFO: Plan 2: ḡ=4.6, γE[v]=0.0, Q=4.6 (bayes)
2026-09-23 16:38:43,356 INFO: Plan 1: ḡ=78, γE[v]=15.5, Q=93.5 (fn)
2026-09-23 16:38:43,356 INFO: Plan 0: ḡ=2.9, γE[v]=6.4, Q=9.2 (bayes)
2026-09-23 16:38:43,356 INFO: Plan 1: ḡ=11.1, γE[v]=3.4, Q=14.6 (bayes)
2026-09-23 16:38:43,356 INFO: Plan 2: ḡ=4.1, γE[v]=5.7, Q=9.9 (bayes)
2026-09-23 16:38:43,578 INFO: Plan 2: ḡ=59, γE[v]=16.0, Q=75.0 (fn)
2026-09-23 16:38:43,579 INFO: Plan 0: ḡ=4.8, γE[v]=5.7, Q=10.5 (bayes)
2026-09-23 16:38:43,581 INFO: Plan 1: ḡ=2.0, γE[v]=7.1, Q=9.1 (bayes)
2026-09-23 16:38:43,583 INFO: Plan 2: ḡ=9.8, γE[v]=4.4, Q=14.2 (bayes)
2026-09-23 16:38:46,445 INFO: Plan 1: ḡ=19, γE[v]=3.0, Q=22.0 (fn)
2026-09-23 16:38:46,801 INFO: Plan 0: ḡ=16, γE[v]=0.0, Q=16.0 (fn)
2026-09-23 16:38:47,729 INFO: Plan 2: ḡ=46, γE[v]=0.0, Q=46.0 (fn)
2026-09-23 16:38:47,729 INFO: Plan 0: ḡ=4.4, γE[v]=23.7, Q=28.1 (bayes)
2026-09-23 16:38:47,729 INFO: Plan 1: ḡ=7.2, γE[v]=22.5, Q=29.6 (bayes)
2026-09-23 16:38:47,730 INFO: Plan 2: ḡ=23.0, γE[v]=14.4, Q=37.4 (bayes)
2026-09-23 16:38:49,838 INFO: Plan 0: ḡ=19, γE[v]=0.0, Q=19.0 (fn)
2026-09-23 16:38:50,697 INFO: Plan 2: ḡ=0, γE[v]=0.0, Q=0.0 (fn)
2026-09-23 16:38:51,147 INFO: Plan 1: ḡ=0, γE[v]=0.0, Q=0.0 (fn)
2026-09-23 16:38:51,616 INFO: Plan 1: ḡ=20, γE[v]=0.0, Q=20.0 (fn)
2026-09-23 16:38:51,763 INFO: Plan 0: ḡ=3, γE[v]=0.0, Q=3.0 (fn)
2026-09-23 16:38:51,886 INFO: Plan 2: ḡ=3, γE[v]=0.0, Q=3.0 (fn)
2026-09-23 16:38:51,887 INFO: Plan 0: ḡ=0.8, γE[v]=1.9, Q=2.7 (bayes)
2026-09-23 16:38:51,887 INFO: Plan 1: ḡ=2.9, γE[v]=0.9, Q=3.7 (bayes)
2026-09-23 16:38:51,887 INFO: Plan 2: ḡ=1.0, γE[v]=1.8, Q=2.8 (bayes)
2026-09-23 16:38:52,623 INFO: Plan 0: ḡ=0, γE[v]=0.0, Q=0.0 (fn)
2026-09-23 16:38:52,624 INFO: Plan 0: ḡ=0.0, γE[v]=0.0, Q=0.0 (bayes)
2026-09-23 16:38:52,624 INFO: Plan 1: ḡ=0.0, γE[v]=0.0, Q=0.0 (bayes)
2026-09-23 16:38:52,624 INFO: Plan 2: ḡ=0.0, γE[v]=0.0, Q=0.0 (bayes)
2026-09-23 16:38:53,305 INFO: Plan 1: ḡ=8, γE[v]=13.0, Q=21.0 (fn)
2026-09-23 16:38:53,996 INFO: Plan 2: ḡ=27, γE[v]=11.5, Q=38.5 (fn)
2026-09-23 16:38:53,997 INFO: Plan 0: ḡ=3.8, γE[v]=3.0, Q=6.8 (bayes)
2026-09-23 16:38:53,997 INFO: Plan 1: ḡ=1.3, γE[v]=5.2, Q=6.5 (bayes)
2026-09-23 16:38:53,997 INFO: Plan 2: ḡ=4.5, γE[v]=3.5, Q=8.0 (bayes)
2026-09-23 16:38:54,526 INFO: Plan 0: ḡ=44, γE[v]=0.0, Q=44.0 (fn)
2026-09-23 16:38:55,574 INFO: Plan 2: ḡ=41, γE[v]=0.0, Q=41.0 (fn)
2026-09-23 16:38:56,092 INFO: Plan 0: ḡ=46, γE[v]=0.0, Q=46.0 (fn)
2026-09-23 16:38:56,093 INFO: Plan 1: ḡ=80, γE[v]=0.0, Q=80.0 (fn)
2026-09-23 16:38:56,093 INFO: Plan 0: ḡ=23.0, γE[v]=83.9, Q=106.9 (bayes)
2026-09-23 16:38:56,093 INFO: Plan 1: ḡ=18.9, γE[v]=85.9, Q=104.8 (bayes)
2026-09-23 16:38:56,093 INFO: Plan 2: ḡ=20.5, γE[v]=85.1, Q=105.6 (bayes)
2026-09-23 16:38:56,587 INFO: Plan 0: ḡ=1, γE[v]=0.0, Q=1.0 (fn)
2026-09-23 16:38:56,709 INFO: Plan 2: ḡ=0, γE[v]=0.0, Q=0.0 (fn)
2026-09-23 16:38:56,709 INFO: Plan 1: ḡ=0, γE[v]=0.0, Q=0.0 (fn)
2026-09-23 16:38:56,710 INFO: Plan 0: ḡ=0.3, γE[v]=0.0, Q=0.3 (bayes)
2026-09-23 16:38:56,710 INFO: Plan 1: ḡ=0.0, γE[v]=0.2, Q=0.2 (bayes)
2026-09-23 16:38:56,710 INFO: Plan 2: ḡ=0.0, γE[v]=0.2, Q=0.2 (bayes)
2026-09-23 16:38:57,666 INFO: Plan 0: ḡ=18, γE[v]=0.0, Q=18.0 (fn)
2026-09-23 16:38:58,529 INFO: Plan 2: ḡ=6, γE[v]=0.0, Q=6.0 (fn)
2026-09-23 16:38:59,827 INFO: Plan 1: ḡ=15, γE[v]=2.0, Q=17.0 (fn)
2026-09-23 16:38:59,830 INFO: Plan 0: ḡ=6.7, γE[v]=2.6, Q=9.3 (bayes)
2026-09-23 16:38:59,833 INFO: Plan 1: ḡ=3.9, γE[v]=4.1, Q=8.0 (bayes)
2026-09-23 16:38:59,834 INFO: Plan 2: ḡ=2.0, γE[v]=5.0, Q=7.0 (bayes)
2026-09-23 16:39:00,195 INFO: Plan 0: ḡ=78, γE[v]=0.0, Q=78.0 (fn)
2026-09-23 16:39:00,803 INFO: Plan 1: ḡ=58, γE[v]=57.5, Q=115.5 (fn)
2026-09-23 16:39:01,052 INFO: Plan 0: ḡ=1, γE[v]=0.0, Q=1.0 (fn)
2026-09-23 16:39:01,949 INFO: Plan 1: ḡ=12, γE[v]=0.0, Q=12.0 (fn)
2026-09-23 16:39:02,681 INFO: Plan 2: ḡ=170, γE[v]=7.5, Q=177.5 (fn)
2026-09-23 16:39:02,682 INFO: Plan 0: ḡ=11.5, γE[v]=13.9, Q=25.4 (bayes)
2026-09-23 16:39:02,682 INFO: Plan 1: ḡ=11.8, γE[v]=17.9, Q=29.6 (bayes)
2026-09-23 16:39:02,682 INFO: Plan 2: ḡ=35.1, γE[v]=2.6, Q=37.7 (bayes)
2026-09-23 16:39:02,940 INFO: Plan 0: ḡ=4, γE[v]=0.0, Q=4.0 (fn)
2026-09-23 16:39:02,974 INFO: Plan 2: ḡ=43, γE[v]=0.0, Q=43.0 (fn)
2026-09-23 16:39:03,582 INFO: Plan 2: ḡ=29, γE[v]=6.0, Q=35.0 (fn)
2026-09-23 16:39:03,582 INFO: Plan 0: ḡ=0.1, γE[v]=2.9, Q=3.0 (bayes)
2026-09-23 16:39:03,583 INFO: Plan 1: ḡ=1.7, γE[v]=2.1, Q=3.8 (bayes)
2026-09-23 16:39:03,583 INFO: Plan 2: ḡ=4.1, γE[v]=1.3, Q=5.5 (bayes)
2026-09-23 16:39:03,623 INFO: Plan 2: ḡ=8, γE[v]=0.0, Q=8.0 (fn)
2026-09-23 16:39:03,625 INFO: Plan 0: ḡ=23, γE[v]=0.0, Q=23.0 (fn)
2026-09-23 16:39:04,123 INFO: Plan 1: ḡ=51, γE[v]=0.0, Q=51.0 (fn)
2026-09-23 16:39:04,163 INFO: Plan 1: ḡ=48, γE[v]=34.5, Q=82.5 (fn)
2026-09-23 16:39:04,164 INFO: Plan 0: ḡ=20.1, γE[v]=8.8, Q=28.9 (bayes)
2026-09-23 16:39:04,164 INFO: Plan 1: ḡ=19.1, γE[v]=11.5, Q=30.7 (bayes)
2026-09-23 16:39:04,164 INFO: Plan 2: ḡ=18.3, γE[v]=9.7, Q=28.0 (bayes)
2026-09-23 16:39:04,334 INFO: Plan 1: ḡ=4, γE[v]=2.0, Q=6.0 (fn)
2026-09-23 16:39:04,334 INFO: Plan 0: ḡ=0.5, γE[v]=0.3, Q=0.8 (bayes)
2026-09-23 16:39:04,334 INFO: Plan 1: ḡ=0.6, γE[v]=0.4, Q=1.0 (bayes)
2026-09-23 16:39:04,334 INFO: Plan 2: ḡ=1.1, γE[v]=0.0, Q=1.1 (bayes)
2026-09-23 16:39:04,888 INFO: Plan 2: ḡ=93, γE[v]=0.0, Q=93.0 (fn)
2026-09-23 16:39:04,888 INFO: Plan 0: ḡ=11.5, γE[v]=31.8, Q=43.2 (bayes)
2026-09-23 16:39:04,889 INFO: Plan 1: ḡ=19.5, γE[v]=27.8, Q=47.2 (bayes)
2026-09-23 16:39:04,889 INFO: Plan 2: ḡ=39.0, γE[v]=18.0, Q=57.0 (bayes)
2026-09-23 16:39:05,386 INFO: Plan 2: ḡ=3, γE[v]=0.0, Q=3.0 (fn)
2026-09-23 16:39:05,503 INFO: Plan 0: ḡ=5, γE[v]=0.0, Q=5.0 (fn)
2026-09-23 16:39:05,810 INFO: Plan 0: ḡ=6, γE[v]=2.0, Q=8.0 (fn)
2026-09-23 16:39:06,385 INFO: Plan 2: ḡ=5, γE[v]=2.5, Q=7.5 (fn)
2026-09-23 16:39:06,705 INFO: Plan 2: ḡ=40, γE[v]=0.0, Q=40.0 (fn)
2026-09-23 16:39:06,940 INFO: Plan 1: ḡ=27, γE[v]=0.0, Q=27.0 (fn)
2026-09-23 16:39:06,941 INFO: Plan 1: ḡ=4, γE[v]=3.0, Q=7.0 (fn)
2026-09-23 16:39:06,942 INFO: Plan 0: ḡ=1.5, γE[v]=0.6, Q=2.1 (bayes)
2026-09-23 16:39:06,942 INFO: Plan 1: ḡ=1.0, γE[v]=1.0, Q=1.9 (bayes)
2026-09-23 16:39:06,942 INFO: Plan 2: ḡ=1.2, γE[v]=0.8, Q=2.0 (bayes)
2026-09-23 16:39:07,409 INFO: Plan 0: ḡ=40, γE[v]=0.0, Q=40.0 (fn)
2026-09-23 16:39:07,410 INFO: Plan 0: ḡ=13.3, γE[v]=49.4, Q=62.8 (bayes)
2026-09-23 16:39:07,410 INFO: Plan 1: ḡ=11.0, γE[v]=50.6, Q=61.6 (bayes)
2026-09-23 16:39:07,410 INFO: Plan 2: ḡ=16.2, γE[v]=48.0, Q=64.2 (bayes)
2026-09-23 16:39:07,781 INFO: Plan 1: ḡ=5, γE[v]=2.5, Q=7.5 (fn)
2026-09-23 16:39:07,782 INFO: Plan 0: ḡ=2.5, γE[v]=0.8, Q=3.3 (bayes)
2026-09-23 16:39:07,782 INFO: Plan 1: ḡ=1.5, γE[v]=1.4, Q=2.9 (bayes)
2026-09-23 16:39:07,782 INFO: Plan 2: ḡ=0.5, γE[v]=1.8, Q=2.3 (bayes)
2026-09-23 16:39:09,192 INFO: Plan 1: ḡ=17, γE[v]=0.0, Q=17.0 (fn)
2026-09-23 16:39:09,418 INFO: Plan 2: ḡ=11, γE[v]=0.0, Q=11.0 (fn)
2026-09-23 16:39:09,909 INFO: Plan 0: ḡ=18, γE[v]=0.0, Q=18.0 (fn)
2026-09-23 16:39:10,211 INFO: Plan 0: ḡ=13, γE[v]=3.0, Q=16.0 (fn)
2026-09-23 16:39:10,211 INFO: Plan 0: ḡ=5.0, γE[v]=3.8, Q=8.8 (bayes)
2026-09-23 16:39:10,211 INFO: Plan 1: ḡ=7.1, γE[v]=2.6, Q=9.7 (bayes)
2026-09-23 16:39:10,211 INFO: Plan 2: ḡ=3.1, γE[v]=4.6, Q=7.7 (bayes)
2026-09-23 16:39:10,916 INFO: Plan 0: ḡ=2, γE[v]=0.0, Q=2.0 (fn)
2026-09-23 16:39:11,449 INFO: Plan 1: ḡ=34, γE[v]=0.0, Q=34.0 (fn)
2026-09-23 16:39:11,488 INFO: Plan 0: ḡ=65, γE[v]=0.0, Q=65.0 (fn)
2026-09-23 16:39:11,659 INFO: Plan 2: ḡ=51, γE[v]=2.5, Q=53.5 (fn)
2026-09-23 16:39:11,936 INFO: Plan 2: ḡ=11, γE[v]=0.0, Q=11.0 (fn)
2026-09-23 16:39:11,936 INFO: Plan 1: ḡ=11, γE[v]=0.0, Q=11.0 (fn)
2026-09-23 16:39:11,937 INFO: Plan 0: ḡ=0.4, γE[v]=0.6, Q=1.0 (bayes)
2026-09-23 16:39:11,937 INFO: Plan 1: ḡ=1.7, γE[v]=0.0, Q=1.7 (bayes)
2026-09-23 16:39:11,937 INFO: Plan 2: ḡ=1.7, γE[v]=0.0, Q=1.7 (bayes)
2026-09-23 16:39:12,359 INFO: Plan 2: ḡ=125, γE[v]=0.0, Q=125.0 (fn)
2026-09-23 16:39:12,360 INFO: Plan 0: ḡ=16.2, γE[v]=24.8, Q=41.1 (bayes)
2026-09-23 16:39:12,360 INFO: Plan 1: ḡ=10.9, γE[v]=27.5, Q=38.4 (bayes)
2026-09-23 16:39:12,360 INFO: Plan 2: ḡ=37.4, γE[v]=14.2, Q=51.6 (bayes)
2026-09-23 16:39:12,725 INFO: Plan 1: ḡ=43, γE[v]=6.0, Q=49.0 (fn)
2026-09-23 16:39:12,726 INFO: Plan 0: ḡ=5.8, γE[v]=32.9, Q=38.8 (bayes)
2026-09-23 16:39:12,726 INFO: Plan 1: ḡ=17.3, γE[v]=27.5, Q=44.8 (bayes)
2026-09-23 16:39:12,726 INFO: Plan 2: ḡ=25.0, γE[v]=23.4, Q=48.5 (bayes)
2026-09-23 16:39:13,703 INFO: Plan 0: ḡ=17, γE[v]=0.0, Q=17.0 (fn)
2026-09-23 16:39:14,082 INFO: Plan 0: ḡ=2, γE[v]=0.5, Q=2.5 (fn)
2026-09-23 16:39:14,411 INFO: Plan 2: ḡ=105, γE[v]=0.0, Q=105.0 (fn)
2026-09-23 16:39:14,678 INFO: Plan 1: ḡ=45, γE[v]=0.0, Q=45.0 (fn)
2026-09-23 16:39:14,679 INFO: Plan 0: ḡ=8.5, γE[v]=84.3, Q=92.8 (bayes)
2026-09-23 16:39:14,679 INFO: Plan 1: ḡ=19.0, γE[v]=79.1, Q=98.1 (bayes)
2026-09-23 16:39:14,679 INFO: Plan 2: ḡ=48.7, γE[v]=64.2, Q=112.9 (bayes)
2026-09-23 16:39:14,894 INFO: Plan 0: ḡ=54, γE[v]=0.0, Q=54.0 (fn)
2026-09-23 16:39:15,079 INFO: Plan 2: ḡ=7, γE[v]=0.0, Q=7.0 (fn)
2026-09-23 16:39:16,260 INFO: Plan 1: ḡ=3, γE[v]=2.0, Q=5.0 (fn)
2026-09-23 16:39:16,260 INFO: Plan 0: ḡ=0.4, γE[v]=0.5, Q=0.9 (bayes)
2026-09-23 16:39:16,261 INFO: Plan 1: ḡ=0.5, γE[v]=0.5, Q=1.1 (bayes)
2026-09-23 16:39:16,261 INFO: Plan 2: ḡ=1.3, γE[v]=0.0, Q=1.3 (bayes)
2026-09-23 16:39:16,574 INFO: Plan 2: ḡ=26, γE[v]=0.0, Q=26.0 (fn)
2026-09-23 16:39:17,124 INFO: Plan 0: ḡ=1, γE[v]=0.0, Q=1.0 (fn)
2026-09-23 16:39:17,285 INFO: Plan 1: ḡ=62, γE[v]=0.0, Q=62.0 (fn)
2026-09-23 16:39:17,431 INFO: Plan 1: ḡ=1, γE[v]=0.0, Q=1.0 (fn)
2026-09-23 16:39:17,665 INFO: Plan 2: ḡ=48, γE[v]=0.0, Q=48.0 (fn)
2026-09-23 16:39:17,782 INFO: Plan 0: ḡ=56, γE[v]=0.0, Q=56.0 (fn)
2026-09-23 16:39:17,782 INFO: Plan 0: ḡ=26.7, γE[v]=23.3, Q=50.0 (bayes)
2026-09-23 16:39:17,783 INFO: Plan 1: ḡ=22.6, γE[v]=25.3, Q=47.9 (bayes)
2026-09-23 16:39:17,783 INFO: Plan 2: ḡ=24.0, γE[v]=24.6, Q=48.6 (bayes)
2026-09-23 16:39:18,639 INFO: Plan 1: ḡ=18, γE[v]=5.5, Q=23.5 (fn)
2026-09-23 16:39:18,640 INFO: Plan 0: ḡ=16.9, γE[v]=41.3, Q=58.2 (bayes)
2026-09-23 16:39:18,640 INFO: Plan 1: ḡ=9.0, γE[v]=45.5, Q=54.5 (bayes)
2026-09-23 16:39:18,640 INFO: Plan 2: ḡ=8.0, γE[v]=45.8, Q=53.8 (bayes)
2026-09-23 16:39:19,076 INFO: Plan 2: ḡ=1, γE[v]=0.0, Q=1.0 (fn)
2026-09-23 16:39:19,076 INFO: Plan 0: ḡ=0.2, γE[v]=0.0, Q=0.2 (bayes)
2026-09-23 16:39:19,076 INFO: Plan 1: ḡ=0.2, γE[v]=0.0, Q=0.2 (bayes)
2026-09-23 16:39:19,076 INFO: Plan 2: ḡ=0.2, γE[v]=0.0, Q=0.2 (bayes)
2026-09-23 16:39:23,437 INFO: Plan 0: ḡ=24, γE[v]=0.0, Q=24.0 (fn)
2026-09-23 16:39:23,556 INFO: Plan 1: ḡ=0, γE[v]=0.0, Q=0.0 (fn)
2026-09-23 16:39:24,042 INFO: Plan 0: ḡ=0, γE[v]=0.0, Q=0.0 (fn)
2026-09-23 16:39:24,042 INFO: Plan 2: ḡ=0, γE[v]=0.0, Q=0.0 (fn)
2026-09-23 16:39:24,043 INFO: Plan 0: ḡ=0.0, γE[v]=0.0, Q=0.0 (bayes)
2026-09-23 16:39:24,043 INFO: Plan 1: ḡ=0.0, γE[v]=0.0, Q=0.0 (bayes)
2026-09-23 16:39:24,043 INFO: Plan 2: ḡ=0.0, γE[v]=0.0, Q=0.0 (bayes)
2026-09-23 16:39:25,224 INFO: Plan 2: ḡ=107, γE[v]=8.5, Q=115.5 (fn)
2026-09-23 16:39:26,280 INFO: Plan 1: ḡ=36, γE[v]=0.0, Q=36.0 (fn)
2026-09-23 16:39:26,280 INFO: Plan 0: ḡ=4.5, γE[v]=12.3, Q=16.8 (bayes)
2026-09-23 16:39:26,281 INFO: Plan 1: ḡ=7.7, γE[v]=10.7, Q=18.4 (bayes)
2026-09-23 16:39:26,281 INFO: Plan 2: ḡ=18.0, γE[v]=6.2, Q=24.2 (bayes)
2026-09-23 16:39:27,220 INFO: Plan 2: ḡ=0, γE[v]=0.0, Q=0.0 (fn)
2026-09-23 16:39:27,300 INFO: Plan 1: ḡ=0, γE[v]=0.0, Q=0.0 (fn)
2026-09-23 16:39:27,510 INFO: Plan 0: ḡ=1, γE[v]=0.0, Q=1.0 (fn)
2026-09-23 16:39:27,511 INFO: Plan 0: ḡ=0.1, γE[v]=0.0, Q=0.1 (bayes)
2026-09-23 16:39:27,511 INFO: Plan 1: ḡ=0.0, γE[v]=0.1, Q=0.1 (bayes)
2026-09-23 16:39:27,511 INFO: Plan 2: ḡ=0.0, γE[v]=0.1, Q=0.1 (bayes)
2026-09-23 16:39:27,736 INFO: Plan 0: ḡ=7, γE[v]=0.0, Q=7.0 (fn)
2026-09-23 16:39:28,367 INFO: Plan 1: ḡ=8, γE[v]=0.0, Q=8.0 (fn)
2026-09-23 16:39:29,380 INFO: Plan 2: ḡ=45, γE[v]=0.0, Q=45.0 (fn)
2026-09-23 16:39:29,380 INFO: Plan 0: ḡ=1.0, γE[v]=2.7, Q=3.8 (bayes)
2026-09-23 16:39:29,380 INFO: Plan 1: ḡ=1.2, γE[v]=2.7, Q=3.9 (bayes)
2026-09-23 16:39:29,380 INFO: Plan 2: ḡ=6.5, γE[v]=0.0, Q=6.5 (bayes)
2026-09-23 16:39:30,848 INFO: Plan 2: ḡ=16, γE[v]=0.0, Q=16.0 (fn)
2026-09-23 16:39:30,882 INFO: Plan 1: ḡ=28, γE[v]=0.0, Q=28.0 (fn)
2026-09-23 16:39:31,923 INFO: Plan 0: ḡ=91, γE[v]=6.5, Q=97.5 (fn)
2026-09-23 16:39:33,758 INFO: Plan 0: ḡ=49, γE[v]=0.0, Q=49.0 (fn)
2026-09-23 16:39:33,758 INFO: Plan 0: ḡ=11.5, γE[v]=4.2, Q=15.7 (bayes)
2026-09-23 16:39:33,758 INFO: Plan 1: ḡ=6.0, γE[v]=6.9, Q=12.9 (bayes)
2026-09-23 16:39:33,758 INFO: Plan 2: ḡ=8.0, γE[v]=5.9, Q=13.9 (bayes)
2026-09-23 16:39:34,891 INFO: Plan 0: ḡ=13, γE[v]=0.0, Q=13.0 (fn)
2026-09-23 16:39:35,647 INFO: Plan 1: ḡ=22, γE[v]=0.0, Q=22.0 (fn)
2026-09-23 16:39:35,648 INFO: Plan 2: ḡ=13, γE[v]=0.0, Q=13.0 (fn)
2026-09-23 16:39:35,648 INFO: Plan 0: ḡ=6.5, γE[v]=5.4, Q=11.9 (bayes)
2026-09-23 16:39:35,648 INFO: Plan 1: ḡ=8.8, γE[v]=4.2, Q=13.1 (bayes)
2026-09-23 16:39:35,648 INFO: Plan 2: ḡ=6.5, γE[v]=5.4, Q=11.9 (bayes)
2026-09-23 16:39:36,116 INFO: Plan 2: ḡ=0, γE[v]=0.0, Q=0.0 (fn)
2026-09-23 16:39:36,927 INFO: Plan 1: ḡ=5, γE[v]=0.0, Q=5.0 (fn)
2026-09-23 16:39:36,968 INFO: Plan 1: ḡ=1, γE[v]=0.0, Q=1.0 (fn)
2026-09-23 16:39:36,969 INFO: Plan 0: ḡ=1, γE[v]=0.0, Q=1.0 (fn)
2026-09-23 16:39:36,970 INFO: Plan 0: ḡ=1, γE[v]=0.0, Q=1.0 (fn)
2026-09-23 16:39:37,144 INFO: Plan 2: ḡ=1, γE[v]=0.0, Q=1.0 (fn)
2026-09-23 16:39:37,144 INFO: Plan 0: ḡ=0.2, γE[v]=0.0, Q=0.2 (bayes)
2026-09-23 16:39:37,144 INFO: Plan 1: ḡ=0.2, γE[v]=0.0, Q=0.2 (bayes)
2026-09-23 16:39:37,144 INFO: Plan 2: ḡ=0.2, γE[v]=0.0, Q=0.2 (bayes)
2026-09-23 16:39:37,455 INFO: Plan 1: ḡ=1, γE[v]=0.0, Q=1.0 (fn)
2026-09-23 16:39:37,457 INFO: Plan 0: ḡ=0, γE[v]=0.0, Q=0.0 (fn)
2026-09-23 16:39:37,457 INFO: Plan 2: ḡ=1, γE[v]=0.0, Q=1.0 (fn)
2026-09-23 16:39:37,458 INFO: Plan 0: ḡ=0.2, γE[v]=0.0, Q=0.2 (bayes)
2026-09-23 16:39:37,458 INFO: Plan 1: ḡ=0.2, γE[v]=0.0, Q=0.2 (bayes)
2026-09-23 16:39:37,458 INFO: Plan 2: ḡ=0.2, γE[v]=0.0, Q=0.2 (bayes)
2026-09-23 16:39:38,076 INFO: Plan 0: ḡ=22, γE[v]=0.5, Q=22.5 (fn)
2026-09-23 16:39:38,076 INFO: Plan 0: ḡ=3.5, γE[v]=0.1, Q=3.6 (bayes)
2026-09-23 16:39:38,076 INFO: Plan 1: ḡ=1.1, γE[v]=1.3, Q=2.4 (bayes)
2026-09-23 16:39:38,076 INFO: Plan 2: ḡ=0.0, γE[v]=1.8, Q=1.8 (bayes)
2026-09-23 16:39:38,390 INFO: Plan 1: ḡ=0, γE[v]=0.0, Q=0.0 (fn)
2026-09-23 16:39:38,797 INFO: Plan 2: ḡ=186, γE[v]=9.0, Q=195.0 (fn)
2026-09-23 16:39:38,798 INFO: Plan 2: ḡ=0, γE[v]=0.0, Q=0.0 (fn)
2026-09-23 16:39:38,799 INFO: Plan 1: ḡ=204, γE[v]=33.5, Q=237.5 (fn)
2026-09-23 16:39:38,800 INFO: Plan 0: ḡ=0.0, γE[v]=0.0, Q=0.0 (bayes)
2026-09-23 16:39:38,800 INFO: Plan 1: ḡ=0.0, γE[v]=0.0, Q=0.0 (bayes)
2026-09-23 16:39:38,800 INFO: Plan 2: ḡ=0.0, γE[v]=0.0, Q=0.0 (bayes)
2026-09-23 16:39:38,800 INFO: Plan 0: ḡ=13.0, γE[v]=13.4, Q=26.4 (bayes)
2026-09-23 16:39:38,801 INFO: Plan 1: ḡ=29.1, γE[v]=7.4, Q=36.5 (bayes)
2026-09-23 16:39:38,801 INFO: Plan 2: ḡ=26.6, γE[v]=6.8, Q=33.3 (bayes)
2026-09-23 16:39:39,887 INFO: Plan 1: ḡ=2, γE[v]=0.0, Q=2.0 (fn)
2026-09-23 16:39:39,929 INFO: Plan 0: ḡ=2, γE[v]=0.0, Q=2.0 (fn)
2026-09-23 16:39:39,929 INFO: Plan 2: ḡ=2, γE[v]=0.0, Q=2.0 (fn)
2026-09-23 16:39:39,930 INFO: Plan 0: ḡ=0.2, γE[v]=0.0, Q=0.2 (bayes)
2026-09-23 16:39:39,930 INFO: Plan 1: ḡ=0.2, γE[v]=0.0, Q=0.2 (bayes)
2026-09-23 16:39:39,930 INFO: Plan 2: ḡ=0.2, γE[v]=0.0, Q=0.2 (bayes)
2026-09-23 16:39:40,430 INFO: Plan 1: ḡ=59, γE[v]=0.0, Q=59.0 (fn)
2026-09-23 16:39:40,863 INFO: Plan 2: ḡ=36, γE[v]=0.0, Q=36.0 (fn)
2026-09-23 16:39:41,014 INFO: Plan 2: ḡ=28, γE[v]=0.0, Q=28.0 (fn)
2026-09-23 16:39:41,503 INFO: Plan 0: ḡ=26, γE[v]=0.0, Q=26.0 (fn)
2026-09-23 16:39:41,503 INFO: Plan 0: ḡ=10.5, γE[v]=33.2, Q=43.7 (bayes)
2026-09-23 16:39:41,503 INFO: Plan 1: ḡ=15.5, γE[v]=30.7, Q=46.2 (bayes)
2026-09-23 16:39:41,504 INFO: Plan 2: ḡ=13.9, γE[v]=31.5, Q=45.4 (bayes)
2026-09-23 16:39:42,323 INFO: Plan 0: ḡ=0, γE[v]=0.0, Q=0.0 (fn)
2026-09-23 16:39:42,601 INFO: Plan 1: ḡ=0, γE[v]=0.0, Q=0.0 (fn)
2026-09-23 16:39:42,910 INFO: Plan 0: ḡ=16, γE[v]=0.0, Q=16.0 (fn)
2026-09-23 16:39:42,911 INFO: Plan 2: ḡ=0, γE[v]=0.0, Q=0.0 (fn)
2026-09-23 16:39:42,911 INFO: Plan 0: ḡ=0.0, γE[v]=0.0, Q=0.0 (bayes)
2026-09-23 16:39:42,912 INFO: Plan 1: ḡ=0.0, γE[v]=0.0, Q=0.0 (bayes)
2026-09-23 16:39:42,912 INFO: Plan 2: ḡ=0.0, γE[v]=0.0, Q=0.0 (bayes)
2026-09-23 16:39:43,196 INFO: Plan 0: ḡ=3, γE[v]=0.0, Q=3.0 (fn)
2026-09-23 16:39:43,334 INFO: Plan 1: ḡ=20, γE[v]=0.0, Q=20.0 (fn)
2026-09-23 16:39:43,334 INFO: Plan 1: ḡ=0, γE[v]=0.0, Q=0.0 (fn)
2026-09-23 16:39:43,545 INFO: Plan 1: ḡ=15, γE[v]=0.0, Q=15.0 (fn)
2026-09-23 16:39:43,545 INFO: Plan 2: ḡ=3, γE[v]=0.0, Q=3.0 (fn)
2026-09-23 16:39:43,546 INFO: Plan 0: ḡ=0.8, γE[v]=1.8, Q=2.5 (bayes)
2026-09-23 16:39:43,546 INFO: Plan 1: ḡ=2.5, γE[v]=0.9, Q=3.4 (bayes)
2026-09-23 16:39:43,546 INFO: Plan 2: ḡ=1.0, γE[v]=1.6, Q=2.6 (bayes)
2026-09-23 16:39:43,781 INFO: Plan 2: ḡ=0, γE[v]=0.0, Q=0.0 (fn)
2026-09-23 16:39:44,802 INFO: Plan 0: ḡ=0, γE[v]=0.0, Q=0.0 (fn)
2026-09-23 16:39:44,803 INFO: Plan 1: ḡ=0, γE[v]=0.0, Q=0.0 (fn)
2026-09-23 16:39:45,089 INFO: Plan 2: ḡ=0, γE[v]=0.0, Q=0.0 (fn)
2026-09-23 16:39:45,089 INFO: Plan 0: ḡ=0.0, γE[v]=0.0, Q=0.0 (bayes)
2026-09-23 16:39:45,089 INFO: Plan 1: ḡ=0.0, γE[v]=0.0, Q=0.0 (bayes)
2026-09-23 16:39:45,090 INFO: Plan 2: ḡ=0.0, γE[v]=0.0, Q=0.0 (bayes)
2026-09-23 16:39:45,240 INFO: Plan 2: ḡ=30, γE[v]=0.0, Q=30.0 (fn)
2026-09-23 16:39:45,241 INFO: Plan 0: ḡ=2.0, γE[v]=1.0, Q=3.0 (bayes)
2026-09-23 16:39:45,241 INFO: Plan 1: ḡ=2.1, γE[v]=0.9, Q=3.1 (bayes)
2026-09-23 16:39:45,241 INFO: Plan 2: ḡ=4.0, γE[v]=0.0, Q=4.0 (bayes)
2026-09-23 16:39:45,279 INFO: Plan 0: ḡ=20, γE[v]=0.0, Q=20.0 (fn)
2026-09-23 16:39:45,702 INFO: Plan 1: ḡ=8, γE[v]=0.0, Q=8.0 (fn)
2026-09-23 16:39:45,912 INFO: Plan 0: ḡ=0, γE[v]=0.0, Q=0.0 (fn)
2026-09-23 16:39:45,912 INFO: Plan 0: ḡ=0.0, γE[v]=0.0, Q=0.0 (bayes)
2026-09-23 16:39:45,912 INFO: Plan 1: ḡ=0.0, γE[v]=0.0, Q=0.0 (bayes)
2026-09-23 16:39:45,913 INFO: Plan 2: ḡ=0.0, γE[v]=0.0, Q=0.0 (bayes)
2026-09-23 16:39:46,130 INFO: Plan 2: ḡ=15, γE[v]=0.0, Q=15.0 (fn)
2026-09-23 16:39:46,130 INFO: Plan 0: ḡ=5.3, γE[v]=3.2, Q=8.5 (bayes)
2026-09-23 16:39:46,130 INFO: Plan 1: ḡ=2.7, γE[v]=4.5, Q=7.2 (bayes)
2026-09-23 16:39:46,130 INFO: Plan 2: ḡ=3.8, γE[v]=4.0, Q=7.8 (bayes)
2026-09-23 16:39:46,208 INFO: Plan 1: ḡ=36, γE[v]=0.0, Q=36.0 (fn)
2026-09-23 16:39:46,505 INFO: Plan 1: ḡ=0, γE[v]=0.0, Q=0.0 (fn)
2026-09-23 16:39:46,548 INFO: Plan 2: ḡ=0, γE[v]=0.0, Q=0.0 (fn)
2026-09-23 16:39:47,022 INFO: Plan 0: ḡ=3, γE[v]=0.0, Q=3.0 (fn)
2026-09-23 16:39:47,022 INFO: Plan 0: ḡ=1.0, γE[v]=0.0, Q=1.0 (bayes)
2026-09-23 16:39:47,022 INFO: Plan 1: ḡ=0.0, γE[v]=0.5, Q=0.5 (bayes)
2026-09-23 16:39:47,022 INFO: Plan 2: ḡ=0.0, γE[v]=0.5, Q=0.5 (bayes)
2026-09-23 16:39:48,733 INFO: Plan 0: ḡ=19, γE[v]=9.0, Q=28.0 (fn)
2026-09-23 16:39:48,733 INFO: Plan 0: ḡ=6.8, γE[v]=47.5, Q=54.4 (bayes)
2026-09-23 16:39:48,733 INFO: Plan 1: ḡ=12.2, γE[v]=44.3, Q=56.5 (bayes)
2026-09-23 16:39:48,733 INFO: Plan 2: ḡ=9.3, γE[v]=45.8, Q=55.1 (bayes)
2026-09-23 16:39:50,154 INFO: Plan 0: ḡ=4, γE[v]=0.0, Q=4.0 (fn)
2026-09-23 16:39:51,370 INFO: Plan 1: ḡ=106, γE[v]=0.0, Q=106.0 (fn)
2026-09-23 16:39:51,561 INFO: Plan 2: ḡ=46, γE[v]=0.0, Q=46.0 (fn)
2026-09-23 16:39:51,778 INFO: Plan 1: ḡ=0, γE[v]=0.0, Q=0.0 (fn)
2026-09-23 16:39:52,139 INFO: Plan 2: ḡ=0, γE[v]=0.0, Q=0.0 (fn)
2026-09-23 16:39:52,410 INFO: Plan 0: ḡ=11, γE[v]=0.0, Q=11.0 (fn)
2026-09-23 16:39:52,411 INFO: Plan 0: ḡ=5.5, γE[v]=14.1, Q=19.6 (bayes)
2026-09-23 16:39:52,411 INFO: Plan 1: ḡ=18.7, γE[v]=7.5, Q=26.2 (bayes)
2026-09-23 16:39:52,411 INFO: Plan 2: ḡ=9.5, γE[v]=12.1, Q=21.6 (bayes)
2026-09-23 16:39:52,694 INFO: Plan 2: ḡ=6, γE[v]=0.0, Q=6.0 (fn)
2026-09-23 16:39:53,061 INFO: Plan 1: ḡ=61, γE[v]=0.0, Q=61.0 (fn)
2026-09-23 16:39:53,062 INFO: Plan 0: ḡ=1.3, γE[v]=34.2, Q=35.6 (bayes)
2026-09-23 16:39:53,062 INFO: Plan 1: ḡ=12.6, γE[v]=28.6, Q=41.2 (bayes)
2026-09-23 16:39:53,062 INFO: Plan 2: ḡ=3.0, γE[v]=33.4, Q=36.4 (bayes)
2026-09-23 16:39:53,730 INFO: Plan 0: ḡ=0, γE[v]=0.0, Q=0.0 (fn)
2026-09-23 16:39:53,731 INFO: Plan 0: ḡ=0.0, γE[v]=0.0, Q=0.0 (bayes)
2026-09-23 16:39:53,731 INFO: Plan 1: ḡ=0.0, γE[v]=0.0, Q=0.0 (bayes)
2026-09-23 16:39:53,731 INFO: Plan 2: ḡ=0.0, γE[v]=0.0, Q=0.0 (bayes)
2026-09-23 16:39:56,061 INFO: Plan 1: ḡ=4, γE[v]=1.0, Q=5.0 (fn)
2026-09-23 16:39:56,405 INFO: Plan 2: ḡ=6, γE[v]=0.0, Q=6.0 (fn)
2026-09-23 16:39:56,986 INFO: Plan 1: ḡ=1, γE[v]=0.0, Q=1.0 (fn)
2026-09-23 16:39:57,199 INFO: Plan 0: ḡ=1, γE[v]=0.0, Q=1.0 (fn)
2026-09-23 16:39:57,488 INFO: Plan 2: ḡ=1, γE[v]=0.0, Q=1.0 (fn)
2026-09-23 16:39:57,489 INFO: Plan 0: ḡ=0.2, γE[v]=0.0, Q=0.2 (bayes)
2026-09-23 16:39:57,489 INFO: Plan 1: ḡ=0.2, γE[v]=0.0, Q=0.2 (bayes)
2026-09-23 16:39:57,489 INFO: Plan 2: ḡ=0.2, γE[v]=0.0, Q=0.2 (bayes)
2026-09-23 16:39:57,609 INFO: Plan 0: ḡ=27, γE[v]=2.5, Q=29.5 (fn)
2026-09-23 16:39:57,609 INFO: Plan 0: ḡ=6.8, γE[v]=1.0, Q=7.8 (bayes)
2026-09-23 16:39:57,609 INFO: Plan 1: ḡ=1.3, γE[v]=3.6, Q=5.0 (bayes)
2026-09-23 16:39:57,610 INFO: Plan 2: ḡ=2.0, γE[v]=3.2, Q=5.2 (bayes)
2026-09-23 16:40:01,040 INFO: Plan 2: ḡ=44, γE[v]=0.0, Q=44.0 (fn)
2026-09-23 16:40:01,630 INFO: Plan 0: ḡ=24, γE[v]=0.0, Q=24.0 (fn)
2026-09-23 16:40:03,293 INFO: Plan 1: ḡ=11, γE[v]=19.0, Q=30.0 (fn)
2026-09-23 16:40:03,293 INFO: Plan 0: ḡ=4.0, γE[v]=3.9, Q=7.9 (bayes)
2026-09-23 16:40:03,293 INFO: Plan 1: ḡ=1.8, γE[v]=6.4, Q=8.2 (bayes)
2026-09-23 16:40:03,293 INFO: Plan 2: ḡ=6.3, γE[v]=2.7, Q=9.0 (bayes)
2026-09-23 16:40:06,350 INFO: Plan 2: ḡ=1, γE[v]=0.0, Q=1.0 (fn)
2026-09-23 16:40:06,820 INFO: Plan 2: ḡ=23, γE[v]=0.0, Q=23.0 (fn)
2026-09-23 16:40:06,820 INFO: Plan 0: ḡ=9, γE[v]=0.0, Q=9.0 (fn)
2026-09-23 16:40:07,075 INFO: Plan 0: ḡ=1, γE[v]=0.0, Q=1.0 (fn)
2026-09-23 16:40:07,396 INFO: Plan 1: ḡ=12, γE[v]=0.0, Q=12.0 (fn)
2026-09-23 16:40:07,397 INFO: Plan 1: ḡ=6, γE[v]=0.0, Q=6.0 (fn)
2026-09-23 16:40:07,397 INFO: Plan 0: ḡ=3.0, γE[v]=1.1, Q=4.1 (bayes)
2026-09-23 16:40:07,397 INFO: Plan 1: ḡ=1.8, γE[v]=1.7, Q=3.5 (bayes)
2026-09-23 16:40:07,397 INFO: Plan 2: ḡ=0.3, γE[v]=2.4, Q=2.8 (bayes)
2026-09-23 16:40:08,926 INFO: Plan 2: ḡ=29, γE[v]=6.0, Q=35.0 (fn)
2026-09-23 16:40:08,927 INFO: Plan 0: ḡ=0.1, γE[v]=2.5, Q=2.6 (bayes)
2026-09-23 16:40:08,927 INFO: Plan 1: ḡ=1.5, γE[v]=1.8, Q=3.3 (bayes)
2026-09-23 16:40:08,927 INFO: Plan 2: ḡ=3.6, γE[v]=1.2, Q=4.8 (bayes)
2026-09-23 16:40:09,531 INFO: Plan 0: ḡ=20, γE[v]=44.5, Q=64.5 (fn)
2026-09-23 16:40:09,851 INFO: Plan 1: ḡ=71, γE[v]=19.0, Q=90.0 (fn)
2026-09-23 16:40:09,854 INFO: Plan 2: ḡ=35, γE[v]=0.0, Q=35.0 (fn)
2026-09-23 16:40:09,855 INFO: Plan 0: ḡ=2.5, γE[v]=9.1, Q=11.6 (bayes)
2026-09-23 16:40:09,855 INFO: Plan 1: ḡ=8.9, γE[v]=3.9, Q=12.8 (bayes)
2026-09-23 16:40:09,855 INFO: Plan 2: ḡ=2.9, γE[v]=5.4, Q=8.2 (bayes)
2026-09-23 16:40:10,308 INFO: Plan 0: ḡ=19, γE[v]=0.0, Q=19.0 (fn)
2026-09-23 16:40:10,519 INFO: Plan 0: ḡ=58, γE[v]=0.0, Q=58.0 (fn)
2026-09-23 16:40:11,053 INFO: Plan 1: ḡ=65, γE[v]=0.0, Q=65.0 (fn)
2026-09-23 16:40:11,054 INFO: Plan 0: ḡ=27.8, γE[v]=71.1, Q=99.0 (bayes)
2026-09-23 16:40:11,054 INFO: Plan 1: ḡ=28.3, γE[v]=70.9, Q=99.2 (bayes)
2026-09-23 16:40:11,054 INFO: Plan 2: ḡ=17.5, γE[v]=76.3, Q=93.8 (bayes)
2026-09-23 16:40:11,824 INFO: Plan 1: ḡ=0, γE[v]=0.0, Q=0.0 (fn)
2026-09-23 16:40:12,602 INFO: Plan 2: ḡ=0, γE[v]=0.0, Q=0.0 (fn)
2026-09-23 16:40:12,722 INFO: Plan 0: ḡ=4, γE[v]=0.0, Q=4.0 (fn)
2026-09-23 16:40:12,722 INFO: Plan 0: ḡ=0.5, γE[v]=0.0, Q=0.5 (bayes)
2026-09-23 16:40:12,722 INFO: Plan 1: ḡ=0.0, γE[v]=0.2, Q=0.2 (bayes)
2026-09-23 16:40:12,722 INFO: Plan 2: ḡ=0.0, γE[v]=0.2, Q=0.2 (bayes)
2026-09-23 16:40:13,590 INFO: Plan 1: ḡ=9, γE[v]=13.0, Q=22.0 (fn)
2026-09-23 16:40:15,325 INFO: Plan 2: ḡ=2, γE[v]=0.0, Q=2.0 (fn)
2026-09-23 16:40:15,686 INFO: Plan 2: ḡ=43, γE[v]=5.0, Q=48.0 (fn)
2026-09-23 16:40:15,686 INFO: Plan 0: ḡ=3.3, γE[v]=2.6, Q=5.9 (bayes)
2026-09-23 16:40:15,686 INFO: Plan 1: ḡ=1.4, γE[v]=4.5, Q=5.9 (bayes)
2026-09-23 16:40:15,686 INFO: Plan 2: ḡ=6.4, γE[v]=1.4, Q=7.8 (bayes)
2026-09-23 16:40:16,095 INFO: Plan 0: ḡ=17, γE[v]=0.0, Q=17.0 (fn)
2026-09-23 16:40:16,467 INFO: Plan 1: ḡ=31, γE[v]=0.0, Q=31.0 (fn)
2026-09-23 16:40:16,880 INFO: Plan 2: ḡ=23, γE[v]=0.0, Q=23.0 (fn)
2026-09-23 16:40:16,880 INFO: Plan 0: ḡ=8.5, γE[v]=10.5, Q=19.0 (bayes)
2026-09-23 16:40:16,880 INFO: Plan 1: ḡ=11.8, γE[v]=8.8, Q=20.7 (bayes)
2026-09-23 16:40:16,880 INFO: Plan 2: ḡ=9.2, γE[v]=10.2, Q=19.3 (bayes)
2026-09-23 16:40:17,145 INFO: Plan 1: ḡ=10, γE[v]=0.0, Q=10.0 (fn)
2026-09-23 16:40:17,599 INFO: Plan 1: ḡ=0, γE[v]=0.0, Q=0.0 (fn)
2026-09-23 16:40:17,818 INFO: Plan 0: ḡ=0, γE[v]=0.0, Q=0.0 (fn)
2026-09-23 16:40:18,112 INFO: Plan 2: ḡ=0, γE[v]=0.0, Q=0.0 (fn)
2026-09-23 16:40:18,113 INFO: Plan 0: ḡ=0.0, γE[v]=0.0, Q=0.0 (bayes)
2026-09-23 16:40:18,113 INFO: Plan 1: ḡ=0.0, γE[v]=0.0, Q=0.0 (bayes)
2026-09-23 16:40:18,113 INFO: Plan 2: ḡ=0.0, γE[v]=0.0, Q=0.0 (bayes)
2026-09-23 16:40:18,416 INFO: Plan 0: ḡ=3, γE[v]=0.0, Q=3.0 (fn)
2026-09-23 16:40:18,644 INFO: Plan 2: ḡ=1, γE[v]=0.0, Q=1.0 (fn)
2026-09-23 16:40:18,683 INFO: Plan 0: ḡ=2, γE[v]=0.0, Q=2.0 (fn)
2026-09-23 16:40:19,301 INFO: Plan 1: ḡ=3, γE[v]=0.0, Q=3.0 (fn)
2026-09-23 16:40:19,302 INFO: Plan 0: ḡ=1.0, γE[v]=0.3, Q=1.3 (bayes)
2026-09-23 16:40:19,302 INFO: Plan 1: ḡ=0.5, γE[v]=0.5, Q=1.0 (bayes)
2026-09-23 16:40:19,302 INFO: Plan 2: ḡ=0.5, γE[v]=0.5, Q=1.0 (bayes)
2026-09-23 16:40:19,514 INFO: Plan 0: ḡ=2, γE[v]=0.0, Q=2.0 (fn)
2026-09-23 16:40:19,556 INFO: Plan 0: ḡ=4, γE[v]=3.0, Q=7.0 (fn)
2026-09-23 16:40:19,556 INFO: Plan 0: ḡ=0.8, γE[v]=0.8, Q=1.6 (bayes)
2026-09-23 16:40:19,556 INFO: Plan 1: ḡ=2.0, γE[v]=0.0, Q=2.0 (bayes)
2026-09-23 16:40:19,557 INFO: Plan 2: ḡ=0.4, γE[v]=0.8, Q=1.2 (bayes)
2026-09-23 16:40:19,594 INFO: Plan 1: ḡ=2, γE[v]=0.0, Q=2.0 (fn)
2026-09-23 16:40:19,859 INFO: Plan 2: ḡ=7, γE[v]=0.0, Q=7.0 (fn)
2026-09-23 16:40:19,859 INFO: Plan 2: ḡ=2, γE[v]=0.0, Q=2.0 (fn)
2026-09-23 16:40:19,860 INFO: Plan 1: ḡ=5, γE[v]=1.0, Q=6.0 (fn)
2026-09-23 16:40:19,861 INFO: Plan 0: ḡ=0.3, γE[v]=0.0, Q=0.3 (bayes)
2026-09-23 16:40:19,861 INFO: Plan 0: ḡ=0.5, γE[v]=0.3, Q=0.8 (bayes)
2026-09-23 16:40:19,861 INFO: Plan 1: ḡ=0.3, γE[v]=0.0, Q=0.3 (bayes)
2026-09-23 16:40:19,861 INFO: Plan 1: ḡ=0.8, γE[v]=0.2, Q=1.0 (bayes)
2026-09-23 16:40:19,861 INFO: Plan 2: ḡ=0.3, γE[v]=0.0, Q=0.3 (bayes)
2026-09-23 16:40:19,861 INFO: Plan 2: ḡ=1.1, γE[v]=0.0, Q=1.1 (bayes)
2026-09-23 16:40:21,394 INFO: Plan 2: ḡ=17, γE[v]=0.0, Q=17.0 (fn)
2026-09-23 16:40:21,715 INFO: Plan 0: ḡ=65, γE[v]=0.0, Q=65.0 (fn)
2026-09-23 16:40:21,968 INFO: Plan 1: ḡ=47, γE[v]=0.0, Q=47.0 (fn)
2026-09-23 16:40:21,969 INFO: Plan 0: ḡ=16.2, γE[v]=6.1, Q=22.4 (bayes)
2026-09-23 16:40:21,969 INFO: Plan 1: ḡ=11.6, γE[v]=8.5, Q=20.0 (bayes)
2026-09-23 16:40:21,969 INFO: Plan 2: ḡ=6.8, γE[v]=10.8, Q=17.6 (bayes)
2026-09-23 16:40:22,733 INFO: Plan 0: ḡ=44, γE[v]=0.0, Q=44.0 (fn)
2026-09-23 16:40:23,515 INFO: Plan 0: ḡ=16, γE[v]=0.0, Q=16.0 (fn)
2026-09-23 16:40:24,640 INFO: Plan 2: ḡ=170, γE[v]=0.0, Q=170.0 (fn)
2026-09-23 16:40:25,050 INFO: Plan 0: ḡ=4, γE[v]=0.0, Q=4.0 (fn)
2026-09-23 16:40:25,132 INFO: Plan 1: ḡ=38, γE[v]=0.0, Q=38.0 (fn)
2026-09-23 16:40:25,582 INFO: Plan 2: ḡ=37, γE[v]=0.0, Q=37.0 (fn)
2026-09-23 16:40:25,582 INFO: Plan 0: ḡ=25, γE[v]=0.0, Q=25.0 (fn)
2026-09-23 16:40:25,873 INFO: Plan 2: ḡ=8, γE[v]=0.0, Q=8.0 (fn)
2026-09-23 16:40:26,087 INFO: Plan 1: ḡ=5, γE[v]=0.0, Q=5.0 (fn)
2026-09-23 16:40:26,087 INFO: Plan 0: ḡ=2.0, γE[v]=3.2, Q=5.2 (bayes)
2026-09-23 16:40:26,087 INFO: Plan 1: ḡ=2.5, γE[v]=3.0, Q=5.5 (bayes)
2026-09-23 16:40:26,087 INFO: Plan 2: ḡ=4.0, γE[v]=2.2, Q=6.2 (bayes)
2026-09-23 16:40:26,384 INFO: Plan 1: ḡ=48, γE[v]=0.0, Q=48.0 (fn)
2026-09-23 16:40:26,385 INFO: Plan 0: ḡ=9.3, γE[v]=18.6, Q=28.0 (bayes)
2026-09-23 16:40:26,385 INFO: Plan 1: ḡ=18.8, γE[v]=13.9, Q=32.7 (bayes)
2026-09-23 16:40:26,385 INFO: Plan 2: ḡ=18.5, γE[v]=14.0, Q=32.5 (bayes)
2026-09-23 16:40:26,613 INFO: Plan 2: ḡ=77, γE[v]=116.5, Q=193.5 (fn)
2026-09-23 16:40:26,613 INFO: Plan 0: ḡ=8.0, γE[v]=60.2, Q=68.2 (bayes)
2026-09-23 16:40:26,614 INFO: Plan 1: ḡ=15.5, γE[v]=56.5, Q=72.0 (bayes)
2026-09-23 16:40:26,614 INFO: Plan 2: ḡ=28.0, γE[v]=57.2, Q=85.2 (bayes)
2026-09-23 16:40:27,229 INFO: Plan 1: ḡ=185, γE[v]=0.0, Q=185.0 (fn)
2026-09-23 16:40:27,231 INFO: Plan 2: ḡ=12, γE[v]=0.0, Q=12.0 (fn)
2026-09-23 16:40:27,231 INFO: Plan 0: ḡ=9.1, γE[v]=11.5, Q=20.6 (bayes)
2026-09-23 16:40:27,231 INFO: Plan 1: ḡ=32.2, γE[v]=0.0, Q=32.2 (bayes)
2026-09-23 16:40:27,231 INFO: Plan 2: ḡ=28.9, γE[v]=1.6, Q=30.6 (bayes)
2026-09-23 16:40:27,532 INFO: Plan 0: ḡ=64, γE[v]=0.0, Q=64.0 (fn)
2026-09-23 16:40:28,103 INFO: Plan 1: ḡ=24, γE[v]=0.0, Q=24.0 (fn)
2026-09-23 16:40:28,103 INFO: Plan 0: ḡ=12.8, γE[v]=3.5, Q=16.3 (bayes)
2026-09-23 16:40:28,103 INFO: Plan 1: ḡ=7.0, γE[v]=6.4, Q=13.4 (bayes)
2026-09-23 16:40:28,103 INFO: Plan 2: ḡ=3.0, γE[v]=8.4, Q=11.4 (bayes)
2026-09-23 16:40:29,706 INFO: Plan 2: ḡ=37, γE[v]=0.0, Q=37.0 (fn)
2026-09-23 16:40:30,115 INFO: Plan 0: ḡ=18, γE[v]=0.0, Q=18.0 (fn)
2026-09-23 16:40:31,058 INFO: Plan 1: ḡ=0, γE[v]=0.0, Q=0.0
2026-09-23 16:40:31,215 INFO: Plan 2: ḡ=0, γE[v]=0.0, Q=0.0
2026-09-23 16:40:31,295 INFO: Plan 0: ḡ=10, γE[v]=15.0, Q=25.0
2026-09-23 16:40:31,764 INFO: Plan 2: ḡ=12, γE[v]=0.0, Q=12.0 (fn)
2026-09-23 16:40:32,937 INFO: Plan 0: ḡ=48, γE[v]=8.5, Q=56.5 (fn)
2026-09-23 16:40:33,461 INFO: Plan 1: ḡ=38, γE[v]=0.0, Q=38.0 (fn)
2026-09-23 16:40:33,462 INFO: Plan 0: ḡ=14.1, γE[v]=39.5, Q=53.5 (bayes)
2026-09-23 16:40:33,462 INFO: Plan 1: ḡ=19.0, γE[v]=36.6, Q=55.6 (bayes)
2026-09-23 16:40:33,462 INFO: Plan 2: ḡ=3.3, γE[v]=44.4, Q=47.8 (bayes)
2026-09-23 16:40:33,898 INFO: Plan 0: ḡ=0, γE[v]=0.0, Q=0.0 (fn)
2026-09-23 16:40:33,898 INFO: Plan 1: ḡ=0, γE[v]=0.0, Q=0.0 (fn)
2026-09-23 16:40:34,170 INFO: Plan 2: ḡ=0, γE[v]=0.0, Q=0.0 (fn)
2026-09-23 16:40:34,170 INFO: Plan 0: ḡ=0.0, γE[v]=0.0, Q=0.0 (bayes)
2026-09-23 16:40:34,171 INFO: Plan 1: ḡ=0.0, γE[v]=0.0, Q=0.0 (bayes)
2026-09-23 16:40:34,171 INFO: Plan 2: ḡ=0.0, γE[v]=0.0, Q=0.0 (bayes)
2026-09-23 16:40:34,650 INFO: Plan 1: ḡ=48, γE[v]=10.5, Q=58.5 (fn)
2026-09-23 16:40:34,651 INFO: Plan 0: ḡ=5.8, γE[v]=21.2, Q=27.0 (bayes)
2026-09-23 16:40:34,652 INFO: Plan 1: ḡ=19.8, γE[v]=14.7, Q=34.6 (bayes)
2026-09-23 16:40:34,652 INFO: Plan 2: ḡ=13.5, γE[v]=17.3, Q=30.8 (bayes)
2026-09-23 16:40:37,234 INFO: Plan 2: ḡ=10, γE[v]=0.0, Q=10.0 (fn)
2026-09-23 16:40:37,276 INFO: Plan 0: ḡ=12, γE[v]=0.0, Q=12.0 (fn)
2026-09-23 16:40:38,123 INFO: Plan 1: ḡ=14, γE[v]=1.0, Q=15.0 (fn)
2026-09-23 16:40:38,124 INFO: Plan 0: ḡ=2.3, γE[v]=4.0, Q=6.3 (bayes)
2026-09-23 16:40:38,124 INFO: Plan 1: ḡ=7.0, γE[v]=1.7, Q=8.7 (bayes)
2026-09-23 16:40:38,127 INFO: Plan 2: ḡ=5.0, γE[v]=2.6, Q=7.6 (bayes)
2026-09-23 16:40:38,161 INFO: Plan 0: ḡ=8, γE[v]=0.0, Q=8.0 (fn)
2026-09-23 16:40:38,765 INFO: Plan 1: ḡ=2, γE[v]=0.0, Q=2.0 (fn)
2026-09-23 16:40:40,898 INFO: Plan 2: ḡ=39, γE[v]=3.0, Q=42.0 (fn)
2026-09-23 16:40:40,899 INFO: Plan 0: ḡ=1.0, γE[v]=2.3, Q=3.4 (bayes)
2026-09-23 16:40:40,899 INFO: Plan 1: ḡ=0.3, γE[v]=2.7, Q=3.0 (bayes)
2026-09-23 16:40:40,900 INFO: Plan 2: ḡ=4.9, γE[v]=0.6, Q=5.5 (bayes)
2026-09-23 16:40:41,412 INFO: Plan 1: ḡ=1, γE[v]=0.0, Q=1.0 (fn)
2026-09-23 16:40:41,614 INFO: Plan 0: ḡ=2, γE[v]=0.0, Q=2.0 (fn)
2026-09-23 16:40:42,448 INFO: Plan 2: ḡ=1, γE[v]=1.0, Q=2.0 (fn)
2026-09-23 16:40:42,448 INFO: Plan 0: ḡ=0.4, γE[v]=0.1, Q=0.5 (bayes)
2026-09-23 16:40:42,448 INFO: Plan 1: ḡ=0.2, γE[v]=0.2, Q=0.4 (bayes)
2026-09-23 16:40:42,448 INFO: Plan 2: ḡ=0.2, γE[v]=0.3, Q=0.4 (bayes)
2026-09-23 16:40:45,176 INFO: Plan 0: ḡ=40, γE[v]=0.0, Q=40.0 (fn)
2026-09-23 16:40:45,483 INFO: Plan 1: ḡ=21, γE[v]=0.0, Q=21.0 (fn)
2026-09-23 16:40:45,780 INFO: Plan 2: ḡ=0, γE[v]=0.0, Q=0.0
2026-09-23 16:40:45,781 INFO: Plan 1: ḡ=0, γE[v]=0.0, Q=0.0
2026-09-23 16:40:46,015 INFO: Plan 0: ḡ=10, γE[v]=7.5, Q=17.5
2026-09-23 16:40:46,398 INFO: Plan 2: ḡ=74, γE[v]=0.0, Q=74.0 (fn)
2026-09-23 16:40:46,399 INFO: Plan 0: ḡ=13.3, γE[v]=47.0, Q=60.4 (bayes)
2026-09-23 16:40:46,399 INFO: Plan 1: ḡ=7.8, γE[v]=49.8, Q=57.6 (bayes)
2026-09-23 16:40:46,399 INFO: Plan 2: ḡ=28.4, γE[v]=39.5, Q=67.9 (bayes)
2026-09-23 16:40:48,452 INFO: Plan 0: ḡ=0, γE[v]=0.0, Q=0.0 (fn)
2026-09-23 16:40:48,493 INFO: Plan 2: ḡ=78, γE[v]=8.5, Q=86.5 (fn)
2026-09-23 16:40:48,945 INFO: Plan 1: ḡ=0, γE[v]=0.0, Q=0.0 (fn)
2026-09-23 16:40:49,460 INFO: Plan 2: ḡ=0, γE[v]=0.0, Q=0.0 (fn)
2026-09-23 16:40:49,460 INFO: Plan 0: ḡ=0.0, γE[v]=0.0, Q=0.0 (bayes)
2026-09-23 16:40:49,460 INFO: Plan 1: ḡ=0.0, γE[v]=0.0, Q=0.0 (bayes)
2026-09-23 16:40:49,460 INFO: Plan 2: ḡ=0.0, γE[v]=0.0, Q=0.0 (bayes)
2026-09-23 16:40:50,260 INFO: Plan 1: ḡ=19, γE[v]=0.0, Q=19.0 (fn)
2026-09-23 16:40:50,696 INFO: Plan 0: ḡ=26, γE[v]=0.0, Q=26.0 (fn)
2026-09-23 16:40:51,148 INFO: Plan 0: ḡ=25, γE[v]=15.5, Q=40.5 (fn)
2026-09-23 16:40:51,252 INFO: Plan 1: ḡ=0, γE[v]=0.0, Q=0.0 (fn)
2026-09-23 16:40:51,526 INFO: Plan 0: ḡ=0, γE[v]=0.0, Q=0.0 (fn)
2026-09-23 16:40:51,527 INFO: Plan 2: ḡ=0, γE[v]=0.0, Q=0.0 (fn)
2026-09-23 16:40:51,527 INFO: Plan 0: ḡ=0.0, γE[v]=0.0, Q=0.0 (bayes)
2026-09-23 16:40:51,528 INFO: Plan 1: ḡ=0.0, γE[v]=0.0, Q=0.0 (bayes)
2026-09-23 16:40:51,528 INFO: Plan 2: ḡ=0.0, γE[v]=0.0, Q=0.0 (bayes)
2026-09-23 16:40:52,022 INFO: Plan 2: ḡ=27, γE[v]=7.5, Q=34.5 (fn)
2026-09-23 16:40:52,023 INFO: Plan 0: ḡ=9.2, γE[v]=28.0, Q=37.3 (bayes)
2026-09-23 16:40:52,023 INFO: Plan 1: ḡ=5.0, γE[v]=30.2, Q=35.2 (bayes)
2026-09-23 16:40:52,023 INFO: Plan 2: ḡ=9.4, γE[v]=28.3, Q=37.7 (bayes)
2026-09-23 16:40:53,067 INFO: Plan 1: ḡ=2, γE[v]=0.0, Q=2.0 (fn)
2026-09-23 16:40:53,068 INFO: Plan 0: ḡ=2, γE[v]=0.0, Q=2.0 (fn)
2026-09-23 16:40:53,229 INFO: Plan 2: ḡ=2, γE[v]=0.0, Q=2.0 (fn)
2026-09-23 16:40:53,230 INFO: Plan 0: ḡ=0.2, γE[v]=0.0, Q=0.2 (bayes)
2026-09-23 16:40:53,231 INFO: Plan 1: ḡ=0.2, γE[v]=0.0, Q=0.2 (bayes)
2026-09-23 16:40:53,231 INFO: Plan 2: ḡ=0.2, γE[v]=0.0, Q=0.2 (bayes)
2026-09-23 16:40:53,891 INFO: Plan 0: ḡ=16, γE[v]=0.0, Q=16.0 (fn)
2026-09-23 16:40:53,931 INFO: Plan 1: ḡ=0, γE[v]=0.0, Q=0.0 (fn)
2026-09-23 16:40:54,083 INFO: Plan 0: ḡ=0, γE[v]=0.0, Q=0.0 (fn)
2026-09-23 16:40:54,083 INFO: Plan 2: ḡ=0, γE[v]=0.0, Q=0.0 (fn)
2026-09-23 16:40:54,084 INFO: Plan 0: ḡ=0.0, γE[v]=0.0, Q=0.0 (bayes)
2026-09-23 16:40:54,084 INFO: Plan 1: ḡ=0.0, γE[v]=0.0, Q=0.0 (bayes)
2026-09-23 16:40:54,084 INFO: Plan 2: ḡ=0.0, γE[v]=0.0, Q=0.0 (bayes)
2026-09-23 16:40:54,358 INFO: Plan 0: ḡ=0, γE[v]=0.0, Q=0.0 (fn)
2026-09-23 16:40:54,546 INFO: Plan 1: ḡ=0, γE[v]=0.0, Q=0.0 (fn)
2026-09-23 16:40:54,547 INFO: Plan 2: ḡ=0, γE[v]=0.0, Q=0.0 (fn)
2026-09-23 16:40:54,548 INFO: Plan 0: ḡ=0.0, γE[v]=0.0, Q=0.0 (bayes)
2026-09-23 16:40:54,548 INFO: Plan 1: ḡ=0.0, γE[v]=0.0, Q=0.0 (bayes)
2026-09-23 16:40:54,548 INFO: Plan 2: ḡ=0.0, γE[v]=0.0, Q=0.0 (bayes)
2026-09-23 16:40:54,992 INFO: Plan 1: ḡ=0, γE[v]=0.0, Q=0.0
2026-09-23 16:40:54,992 INFO: Plan 2: ḡ=0, γE[v]=0.0, Q=0.0
2026-09-23 16:40:55,175 INFO: Plan 0: ḡ=91, γE[v]=6.5, Q=97.5 (fn)
2026-09-23 16:40:55,176 INFO: Plan 1: ḡ=31, γE[v]=48.0, Q=79.0 (fn)
2026-09-23 16:40:55,177 INFO: Plan 0: ḡ=4.3, γE[v]=9.4, Q=13.7 (bayes)
2026-09-23 16:40:55,177 INFO: Plan 1: ḡ=6.4, γE[v]=10.9, Q=17.3 (bayes)
2026-09-23 16:40:55,177 INFO: Plan 2: ḡ=11.8, γE[v]=5.2, Q=17.0 (bayes)
2026-09-23 16:40:55,209 INFO: Plan 0: ḡ=12, γE[v]=7.5, Q=19.5
2026-09-23 16:40:55,568 INFO: Plan 2: ḡ=0, γE[v]=0.0, Q=0.0
2026-09-23 16:40:55,569 INFO: Plan 1: ḡ=0, γE[v]=0.0, Q=0.0
2026-09-23 16:40:55,608 INFO: Plan 0: ḡ=1, γE[v]=7.5, Q=8.5
2026-09-23 16:40:56,293 INFO: Plan 1: ḡ=0, γE[v]=0.0, Q=0.0 (fn)
2026-09-23 16:40:56,625 INFO: Plan 1: ḡ=30, γE[v]=0.0, Q=30.0 (fn)
2026-09-23 16:40:57,101 INFO: Plan 2: ḡ=30, γE[v]=0.0, Q=30.0 (fn)
2026-09-23 16:40:57,101 INFO: Plan 0: ḡ=1.8, γE[v]=0.9, Q=2.6 (bayes)
2026-09-23 16:40:57,101 INFO: Plan 1: ḡ=3.5, γE[v]=0.0, Q=3.5 (bayes)
2026-09-23 16:40:57,102 INFO: Plan 2: ḡ=3.5, γE[v]=0.0, Q=3.5 (bayes)
2026-09-23 16:40:57,249 INFO: Plan 0: ḡ=0, γE[v]=0.0, Q=0.0 (fn)
2026-09-23 16:40:57,827 INFO: Plan 2: ḡ=4, γE[v]=0.5, Q=4.5 (fn)
2026-09-23 16:40:58,245 INFO: Plan 1: ḡ=2, γE[v]=1.5, Q=3.5 (fn)
2026-09-23 16:40:58,494 INFO: Plan 1: ḡ=0, γE[v]=0.0, Q=0.0 (fn)
2026-09-23 16:40:58,693 INFO: Plan 0: ḡ=14, γE[v]=2.0, Q=16.0 (fn)
2026-09-23 16:40:58,694 INFO: Plan 0: ḡ=1, γE[v]=0.0, Q=1.0 (fn)
2026-09-23 16:40:58,695 INFO: Plan 0: ḡ=2.9, γE[v]=0.6, Q=3.5 (bayes)
2026-09-23 16:40:58,695 INFO: Plan 1: ḡ=0.5, γE[v]=1.8, Q=2.3 (bayes)
2026-09-23 16:40:58,695 INFO: Plan 2: ḡ=1.0, γE[v]=1.5, Q=2.5 (bayes)
2026-09-23 16:40:58,971 INFO: Plan 2: ḡ=0, γE[v]=0.0, Q=0.0 (fn)
2026-09-23 16:40:58,972 INFO: Plan 0: ḡ=0.2, γE[v]=0.0, Q=0.2 (bayes)
2026-09-23 16:40:58,972 INFO: Plan 1: ḡ=0.0, γE[v]=0.1, Q=0.1 (bayes)
2026-09-23 16:40:58,972 INFO: Plan 2: ḡ=0.0, γE[v]=0.1, Q=0.1 (bayes)
2026-09-23 16:41:02,034 INFO: Plan 1: ḡ=204, γE[v]=33.5, Q=237.5 (fn)
2026-09-23 16:41:02,462 INFO: Plan 2: ḡ=34, γE[v]=0.0, Q=34.0 (fn)
2026-09-23 16:41:02,943 INFO: Plan 0: ḡ=20, γE[v]=0.0, Q=20.0 (fn)
2026-09-23 16:41:03,221 INFO: Plan 2: ḡ=0, γE[v]=0.0, Q=0.0 (fn)
2026-09-23 16:41:03,548 INFO: Plan 2: ḡ=0, γE[v]=0.0, Q=0.0 (fn)
2026-09-23 16:41:03,549 INFO: Plan 0: ḡ=0.0, γE[v]=0.0, Q=0.0 (bayes)
2026-09-23 16:41:03,550 INFO: Plan 1: ḡ=0.0, γE[v]=0.0, Q=0.0 (bayes)
2026-09-23 16:41:03,551 INFO: Plan 2: ḡ=0.0, γE[v]=0.0, Q=0.0 (bayes)
2026-09-23 16:41:03,586 INFO: Plan 1: ḡ=26, γE[v]=0.0, Q=26.0 (fn)
2026-09-23 16:41:04,023 INFO: Plan 0: ḡ=3, γE[v]=0.0, Q=3.0 (fn)
2026-09-23 16:41:04,380 INFO: Plan 2: ḡ=0, γE[v]=0.0, Q=0.0 (fn)
2026-09-23 16:41:04,380 INFO: Plan 1: ḡ=15, γE[v]=0.0, Q=15.0 (fn)
2026-09-23 16:41:04,734 INFO: Plan 0: ḡ=8, γE[v]=0.0, Q=8.0 (fn)
2026-09-23 16:41:04,735 INFO: Plan 0: ḡ=2.7, γE[v]=1.9, Q=4.5 (bayes)
2026-09-23 16:41:04,735 INFO: Plan 1: ḡ=3.8, γE[v]=1.3, Q=5.1 (bayes)
2026-09-23 16:41:04,735 INFO: Plan 2: ḡ=0.0, γE[v]=3.2, Q=3.2 (bayes)
2026-09-23 16:41:04,773 INFO: Plan 2: ḡ=40, γE[v]=0.0, Q=40.0 (fn)
2026-09-23 16:41:04,773 INFO: Plan 0: ḡ=5.8, γE[v]=13.8, Q=19.6 (bayes)
2026-09-23 16:41:04,773 INFO: Plan 1: ḡ=9.3, γE[v]=12.1, Q=21.4 (bayes)
2026-09-23 16:41:04,774 INFO: Plan 2: ḡ=15.7, γE[v]=8.9, Q=24.6 (bayes)
2026-09-23 16:41:05,063 INFO: Plan 2: ḡ=178, γE[v]=46.5, Q=224.5 (fn)
2026-09-23 16:41:05,064 INFO: Plan 0: ḡ=11.4, γE[v]=11.8, Q=23.1 (bayes)
2026-09-23 16:41:05,064 INFO: Plan 1: ḡ=25.5, γE[v]=6.8, Q=32.3 (bayes)
2026-09-23 16:41:05,064 INFO: Plan 2: ḡ=22.2, γE[v]=9.5, Q=31.7 (bayes)
2026-09-23 16:41:05,310 INFO: Plan 1: ḡ=5, γE[v]=1.0, Q=6.0 (fn)
2026-09-23 16:41:05,311 INFO: Plan 0: ḡ=1.2, γE[v]=0.5, Q=1.7 (bayes)
2026-09-23 16:41:05,311 INFO: Plan 1: ḡ=1.3, γE[v]=0.5, Q=1.8 (bayes)
2026-09-23 16:41:05,311 INFO: Plan 2: ḡ=0.0, γE[v]=1.1, Q=1.1 (bayes)
2026-09-23 16:41:08,523 INFO: Plan 1: ḡ=46, γE[v]=0.0, Q=46.0 (fn)
2026-09-23 16:41:09,092 INFO: Plan 0: ḡ=170, γE[v]=0.0, Q=170.0 (fn)
2026-09-23 16:41:09,092 INFO: Plan 0: ḡ=75.8, γE[v]=11.0, Q=86.8 (bayes)
2026-09-23 16:41:09,092 INFO: Plan 1: ḡ=13.8, γE[v]=42.0, Q=55.8 (bayes)
2026-09-23 16:41:09,093 INFO: Plan 2: ḡ=11.3, γE[v]=43.2, Q=54.5 (bayes)
2026-09-23 16:41:10,307 INFO: Plan 0: ḡ=10, γE[v]=7.5, Q=17.5
2026-09-23 16:41:10,390 INFO: Plan 1: ḡ=0, γE[v]=0.0, Q=0.0
2026-09-23 16:41:10,390 INFO: Plan 2: ḡ=0, γE[v]=0.0, Q=0.0
2026-09-23 16:41:12,494 INFO: Plan 2: ḡ=46, γE[v]=0.0, Q=46.0 (fn)
2026-09-23 16:41:12,698 INFO: Plan 0: ḡ=6, γE[v]=0.0, Q=6.0 (fn)
2026-09-23 16:41:12,699 INFO: Plan 1: ḡ=106, γE[v]=0.0, Q=106.0 (fn)
2026-09-23 16:41:13,322 INFO: Plan 0: ḡ=11, γE[v]=0.0, Q=11.0 (fn)
2026-09-23 16:41:13,323 INFO: Plan 0: ḡ=5.5, γE[v]=12.7, Q=18.2 (bayes)
2026-09-23 16:41:13,323 INFO: Plan 1: ḡ=15.9, γE[v]=7.5, Q=23.4 (bayes)
2026-09-23 16:41:13,323 INFO: Plan 2: ḡ=9.5, γE[v]=10.7, Q=20.2 (bayes)
2026-09-23 16:41:13,803 INFO: Plan 2: ḡ=4, γE[v]=0.0, Q=4.0 (fn)
2026-09-23 16:41:14,030 INFO: Plan 1: ḡ=56, γE[v]=0.0, Q=56.0 (fn)
2026-09-23 16:41:14,031 INFO: Plan 0: ḡ=1.6, γE[v]=30.3, Q=31.9 (bayes)
2026-09-23 16:41:14,031 INFO: Plan 1: ḡ=11.5, γE[v]=25.4, Q=36.9 (bayes)
2026-09-23 16:41:14,031 INFO: Plan 2: ḡ=2.0, γE[v]=30.1, Q=32.1 (bayes)
2026-09-23 16:41:14,218 INFO: Plan 0: ḡ=1, γE[v]=0.0, Q=1.0 (fn)
2026-09-23 16:41:14,257 INFO: Plan 1: ḡ=11, γE[v]=0.0, Q=11.0 (fn)
2026-09-23 16:41:15,186 INFO: Plan 0: ḡ=22, γE[v]=0.0, Q=22.0 (fn)
2026-09-23 16:41:15,478 INFO: Plan 2: ḡ=44, γE[v]=0.0, Q=44.0 (fn)
2026-09-23 16:41:15,889 INFO: Plan 2: ḡ=40, γE[v]=0.5, Q=40.5 (fn)
2026-09-23 16:41:15,889 INFO: Plan 0: ḡ=0.1, γE[v]=2.2, Q=2.3 (bayes)
2026-09-23 16:41:15,890 INFO: Plan 1: ḡ=1.2, γE[v]=1.7, Q=2.9 (bayes)
2026-09-23 16:41:15,890 INFO: Plan 2: ḡ=4.4, γE[v]=0.1, Q=4.5 (bayes)
2026-09-23 16:41:16,104 INFO: Plan 1: ḡ=0, γE[v]=0.0, Q=0.0
2026-09-23 16:41:16,149 INFO: Plan 2: ḡ=0, γE[v]=0.0, Q=0.0
2026-09-23 16:41:16,150 INFO: Plan 0: ḡ=2, γE[v]=0.0, Q=2.0
2026-09-23 16:41:16,895 INFO: Plan 1: ḡ=10, γE[v]=10.5, Q=20.5 (fn)
2026-09-23 16:41:16,895 INFO: Plan 0: ḡ=3.7, γE[v]=3.7, Q=7.3 (bayes)
2026-09-23 16:41:16,895 INFO: Plan 1: ḡ=1.6, γE[v]=5.5, Q=7.1 (bayes)
2026-09-23 16:41:16,895 INFO: Plan 2: ḡ=5.5, γE[v]=2.7, Q=8.2 (bayes)
2026-09-23 16:41:17,369 INFO: Plan 2: ḡ=11, γE[v]=0.0, Q=11.0 (fn)
2026-09-23 16:41:17,650 INFO: Plan 0: ḡ=12, γE[v]=0.0, Q=12.0 (fn)
2026-09-23 16:41:17,692 INFO: Plan 1: ḡ=17, γE[v]=0.0, Q=17.0 (fn)
2026-09-23 16:41:17,693 INFO: Plan 0: ḡ=6.0, γE[v]=5.8, Q=11.8 (bayes)
2026-09-23 16:41:17,693 INFO: Plan 1: ḡ=6.2, γE[v]=5.8, Q=11.9 (bayes)
2026-09-23 16:41:17,693 INFO: Plan 2: ḡ=5.5, γE[v]=6.1, Q=11.6 (bayes)
2026-09-23 16:41:21,731 INFO: Plan 2: ḡ=23, γE[v]=0.0, Q=23.0 (fn)
2026-09-23 16:41:23,373 INFO: Plan 0: ḡ=56, γE[v]=0.0, Q=56.0 (fn)
2026-09-23 16:41:24,284 INFO: Plan 1: ḡ=77, γE[v]=16.0, Q=93.0 (fn)
2026-09-23 16:41:24,408 INFO: Plan 1: ḡ=45, γE[v]=0.0, Q=45.0 (fn)
2026-09-23 16:41:24,919 INFO: Plan 0: ḡ=21, γE[v]=44.0, Q=65.0 (fn)
2026-09-23 16:41:24,919 INFO: Plan 0: ḡ=2.3, γE[v]=8.4, Q=10.7 (bayes)
2026-09-23 16:41:24,919 INFO: Plan 1: ḡ=8.6, γE[v]=3.1, Q=11.6 (bayes)
2026-09-23 16:41:24,919 INFO: Plan 2: ḡ=2.6, γE[v]=4.8, Q=7.3 (bayes)
2026-09-23 16:41:25,531 INFO: Plan 2: ḡ=0, γE[v]=0.0, Q=0.0 (fn)
2026-09-23 16:41:25,956 INFO: Plan 0: ḡ=5, γE[v]=0.0, Q=5.0 (fn)
2026-09-23 16:41:26,191 INFO: Plan 1: ḡ=3, γE[v]=0.0, Q=3.0 (fn)
2026-09-23 16:41:26,232 INFO: Plan 0: ḡ=3, γE[v]=0.0, Q=3.0 (fn)
2026-09-23 16:41:26,232 INFO: Plan 0: ḡ=0.5, γE[v]=0.0, Q=0.5 (bayes)
2026-09-23 16:41:26,232 INFO: Plan 1: ḡ=0.5, γE[v]=0.0, Q=0.5 (bayes)
2026-09-23 16:41:26,232 INFO: Plan 2: ḡ=0.0, γE[v]=0.3, Q=0.3 (bayes)
2026-09-23 16:41:26,544 INFO: Plan 1: ḡ=5, γE[v]=0.0, Q=5.0 (fn)
2026-09-23 16:41:26,580 INFO: Plan 2: ḡ=5, γE[v]=0.0, Q=5.0 (fn)
2026-09-23 16:41:26,580 INFO: Plan 0: ḡ=0.8, γE[v]=0.0, Q=0.8 (bayes)
2026-09-23 16:41:26,580 INFO: Plan 1: ḡ=0.8, γE[v]=0.0, Q=0.8 (bayes)
2026-09-23 16:41:26,580 INFO: Plan 2: ḡ=0.8, γE[v]=0.0, Q=0.8 (bayes)
2026-09-23 16:41:28,010 INFO: Plan 0: ḡ=3, γE[v]=0.0, Q=3.0 (fn)
2026-09-23 16:41:28,567 INFO: Plan 1: ḡ=7, γE[v]=0.0, Q=7.0 (fn)
2026-09-23 16:41:29,288 INFO: Plan 2: ḡ=7, γE[v]=0.0, Q=7.0 (fn)
2026-09-23 16:41:29,289 INFO: Plan 0: ḡ=0.4, γE[v]=0.3, Q=0.7 (bayes)
2026-09-23 16:41:29,289 INFO: Plan 1: ḡ=1.0, γE[v]=0.0, Q=1.0 (bayes)
2026-09-23 16:41:29,289 INFO: Plan 2: ḡ=1.0, γE[v]=0.0, Q=1.0 (bayes)
2026-09-23 16:41:30,105 INFO: Plan 0: ḡ=37, γE[v]=0.0, Q=37.0 (fn)
2026-09-23 16:41:30,354 INFO: Plan 2: ḡ=10, γE[v]=0.0, Q=10.0 (fn)
2026-09-23 16:41:30,354 INFO: Plan 1: ḡ=21, γE[v]=0.0, Q=21.0 (fn)
2026-09-23 16:41:30,355 INFO: Plan 0: ḡ=8.1, γE[v]=5.1, Q=13.2 (bayes)
2026-09-23 16:41:30,355 INFO: Plan 1: ḡ=6.8, γE[v]=5.7, Q=12.5 (bayes)
2026-09-23 16:41:30,355 INFO: Plan 2: ḡ=3.3, γE[v]=7.4, Q=10.8 (bayes)
2026-09-23 16:41:30,685 INFO: Plan 2: ḡ=66, γE[v]=6.0, Q=72.0 (fn)
2026-09-23 16:41:30,686 INFO: Plan 0: ḡ=26.8, γE[v]=60.8, Q=87.6 (bayes)
2026-09-23 16:41:30,687 INFO: Plan 1: ḡ=14.6, γE[v]=66.9, Q=81.5 (bayes)
2026-09-23 16:41:30,687 INFO: Plan 2: ḡ=33.0, γE[v]=58.0, Q=91.0 (bayes)
2026-09-23 16:41:33,940 INFO: Plan 0: ḡ=19, γE[v]=0.0, Q=19.0 (fn)
2026-09-23 16:41:35,846 INFO: Plan 1: ḡ=9, γE[v]=12.0, Q=21.0 (fn)
2026-09-23 16:41:36,609 INFO: Plan 0: ḡ=0, γE[v]=0.0, Q=0.0
2026-09-23 16:41:36,790 INFO: Plan 1: ḡ=21, γE[v]=0.0, Q=21.0 (fn)
2026-09-23 16:41:37,207 INFO: Plan 1: ḡ=0, γE[v]=0.0, Q=0.0
2026-09-23 16:41:37,207 INFO: Plan 2: ḡ=0, γE[v]=0.0, Q=0.0
2026-09-23 16:41:37,208 INFO: Plan 0: ḡ=4, γE[v]=0.0, Q=4.0 (fn)
2026-09-23 16:41:37,208 INFO: Plan 2: ḡ=0, γE[v]=0.0, Q=0.0 (fn)
2026-09-23 16:41:37,729 INFO: Plan 2: ḡ=12, γE[v]=4.0, Q=16.0
2026-09-23 16:41:37,730 INFO: Plan 0: ḡ=6, γE[v]=6.0, Q=12.0
2026-09-23 16:41:37,730 INFO: Plan 2: ḡ=21, γE[v]=0.0, Q=21.0 (fn)
2026-09-23 16:41:37,762 INFO: Plan 1: ḡ=12, γE[v]=7.5, Q=19.5
2026-09-23 16:41:37,992 INFO: Plan 0: ḡ=23, γE[v]=0.0, Q=23.0 (fn)
2026-09-23 16:41:37,993 INFO: Plan 0: ḡ=8.7, γE[v]=10.1, Q=18.8 (bayes)
2026-09-23 16:41:37,993 INFO: Plan 1: ḡ=9.7, γE[v]=9.6, Q=19.2 (bayes)
2026-09-23 16:41:37,993 INFO: Plan 2: ḡ=10.5, γE[v]=9.2, Q=19.7 (bayes)
2026-09-23 16:41:38,266 INFO: Plan 1: ḡ=5, γE[v]=0.0, Q=5.0 (fn)
2026-09-23 16:41:38,267 INFO: Plan 0: ḡ=2.0, γE[v]=1.2, Q=3.2 (bayes)
2026-09-23 16:41:38,267 INFO: Plan 1: ḡ=2.5, γE[v]=1.0, Q=3.5 (bayes)
2026-09-23 16:41:38,267 INFO: Plan 2: ḡ=0.0, γE[v]=2.2, Q=2.2 (bayes)
2026-09-23 16:41:38,305 INFO: Plan 2: ḡ=28, γE[v]=11.5, Q=39.5 (fn)
2026-09-23 16:41:38,306 INFO: Plan 0: ḡ=2.9, γE[v]=2.2, Q=5.1 (bayes)
2026-09-23 16:41:38,306 INFO: Plan 1: ḡ=1.2, γE[v]=4.0, Q=5.2 (bayes)
2026-09-23 16:41:38,306 INFO: Plan 2: ḡ=3.5, γE[v]=2.8, Q=6.3 (bayes)
2026-09-23 16:41:39,070 INFO: Plan 0: ḡ=0, γE[v]=0.0, Q=0.0 (fn)
2026-09-23 16:41:39,228 INFO: Plan 1: ḡ=2, γE[v]=0.0, Q=2.0 (fn)
2026-09-23 16:41:39,272 INFO: Plan 2: ḡ=2, γE[v]=0.0, Q=2.0 (fn)
2026-09-23 16:41:39,615 INFO: Plan 0: ḡ=10, γE[v]=0.0, Q=10.0 (fn)
2026-09-23 16:41:39,616 INFO: Plan 0: ḡ=1.8, γE[v]=0.6, Q=2.4 (bayes)
2026-09-23 16:41:39,616 INFO: Plan 1: ḡ=0.5, γE[v]=1.2, Q=1.7 (bayes)
2026-09-23 16:41:39,616 INFO: Plan 2: ḡ=0.7, γE[v]=1.1, Q=1.8 (bayes)
2026-09-23 16:41:39,903 INFO: Plan 2: ḡ=0, γE[v]=0.0, Q=0.0
2026-09-23 16:41:39,904 INFO: Plan 0: ḡ=1, γE[v]=0.0, Q=1.0
2026-09-23 16:41:39,905 INFO: Plan 1: ḡ=0, γE[v]=0.0, Q=0.0
2026-09-23 16:41:40,345 INFO: Plan 1: ḡ=0, γE[v]=0.0, Q=0.0 (fn)
2026-09-23 16:41:40,497 INFO: Plan 2: ḡ=0, γE[v]=0.0, Q=0.0 (fn)
2026-09-23 16:41:40,498 INFO: Plan 0: ḡ=0.0, γE[v]=0.0, Q=0.0 (bayes)
2026-09-23 16:41:40,498 INFO: Plan 1: ḡ=0.0, γE[v]=0.0, Q=0.0 (bayes)
2026-09-23 16:41:40,498 INFO: Plan 2: ḡ=0.0, γE[v]=0.0, Q=0.0 (bayes)
2026-09-23 16:41:42,395 INFO: Plan 2: ḡ=239, γE[v]=0.0, Q=239.0 (fn)
2026-09-23 16:41:43,227 INFO: Plan 1: ḡ=36, γE[v]=0.0, Q=36.0 (fn)
2026-09-23 16:41:43,535 INFO: Plan 1: ḡ=22, γE[v]=0.0, Q=22.0 (fn)
2026-09-23 16:41:43,660 INFO: Plan 0: ḡ=12, γE[v]=2.5, Q=14.5 (fn)
2026-09-23 16:41:43,660 INFO: Plan 0: ḡ=6.0, γE[v]=36.6, Q=42.6 (bayes)
2026-09-23 16:41:43,661 INFO: Plan 1: ḡ=13.3, γE[v]=32.8, Q=46.1 (bayes)
2026-09-23 16:41:43,661 INFO: Plan 2: ḡ=61.1, γE[v]=8.9, Q=70.0 (bayes)
2026-09-23 16:41:43,893 INFO: Plan 1: ḡ=0, γE[v]=0.0, Q=0.0
2026-09-23 16:41:43,894 INFO: Plan 0: ḡ=44, γE[v]=0.0, Q=44.0 (fn)
2026-09-23 16:41:44,121 INFO: Plan 0: ḡ=0, γE[v]=0.0, Q=0.0
2026-09-23 16:41:44,201 INFO: Plan 2: ḡ=12, γE[v]=15.0, Q=27.0
2026-09-23 16:41:46,102 INFO: Plan 2: ḡ=7, γE[v]=0.0, Q=7.0 (fn)
2026-09-23 16:41:47,091 INFO: Plan 0: ḡ=48, γE[v]=8.5, Q=56.5 (fn)
2026-09-23 16:41:47,635 INFO: Plan 1: ḡ=27, γE[v]=0.0, Q=27.0 (fn)
2026-09-23 16:41:47,636 INFO: Plan 0: ḡ=14.1, γE[v]=32.5, Q=46.6 (bayes)
2026-09-23 16:41:47,636 INFO: Plan 1: ḡ=10.7, γE[v]=33.9, Q=44.5 (bayes)
2026-09-23 16:41:47,636 INFO: Plan 2: ḡ=2.3, γE[v]=38.0, Q=40.4 (bayes)
2026-09-23 16:41:49,680 INFO: Plan 2: ḡ=154, γE[v]=6.0, Q=160.0 (fn)
2026-09-23 16:41:49,680 INFO: Plan 0: ḡ=7.5, γE[v]=8.3, Q=15.8 (bayes)
2026-09-23 16:41:49,680 INFO: Plan 1: ḡ=3.6, γE[v]=10.2, Q=13.9 (bayes)
2026-09-23 16:41:49,680 INFO: Plan 2: ḡ=21.9, γE[v]=1.6, Q=23.4 (bayes)
2026-09-23 16:41:50,294 INFO: Plan 1: ḡ=0, γE[v]=0.0, Q=0.0
2026-09-23 16:41:50,333 INFO: Plan 0: ḡ=12, γE[v]=5.0, Q=17.0
2026-09-23 16:41:50,483 INFO: Plan 2: ḡ=0, γE[v]=0.0, Q=0.0
2026-09-23 16:41:50,952 INFO: Plan 1: ḡ=3, γE[v]=0.0, Q=3.0 (fn)
2026-09-23 16:41:51,750 INFO: Plan 2: ḡ=45, γE[v]=0.0, Q=45.0 (fn)
2026-09-23 16:41:52,349 INFO: Plan 0: ḡ=9, γE[v]=18.0, Q=27.0 (fn)
2026-09-23 16:41:52,350 INFO: Plan 0: ḡ=1.0, γE[v]=3.4, Q=4.5 (bayes)
2026-09-23 16:41:52,350 INFO: Plan 1: ḡ=0.4, γE[v]=2.3, Q=2.7 (bayes)
2026-09-23 16:41:52,350 INFO: Plan 2: ḡ=5.0, γE[v]=0.0, Q=5.0 (bayes)
2026-09-23 16:41:54,049 INFO: Plan 0: ḡ=64, γE[v]=0.0, Q=64.0 (fn)
2026-09-23 16:41:54,345 INFO: Plan 2: ḡ=12, γE[v]=0.0, Q=12.0 (fn)
2026-09-23 16:41:54,913 INFO: Plan 1: ḡ=12, γE[v]=7.5, Q=19.5
2026-09-23 16:41:54,913 INFO: Plan 2: ḡ=6, γE[v]=6.0, Q=12.0
2026-09-23 16:41:54,950 INFO: Plan 0: ḡ=12, γE[v]=12.5, Q=24.5
2026-09-23 16:41:55,101 INFO: Plan 1: ḡ=24, γE[v]=0.0, Q=24.0 (fn)
2026-09-23 16:41:55,101 INFO: Plan 0: ḡ=10.7, γE[v]=3.5, Q=14.2 (bayes)
2026-09-23 16:41:55,101 INFO: Plan 1: ḡ=7.0, γE[v]=5.3, Q=12.3 (bayes)
2026-09-23 16:41:55,102 INFO: Plan 2: ḡ=3.0, γE[v]=7.3, Q=10.3 (bayes)
2026-09-23 16:41:55,627 INFO: Plan 1: ḡ=0, γE[v]=5.0, Q=5.0
2026-09-23 16:41:55,670 INFO: Plan 2: ḡ=0, γE[v]=5.0, Q=5.0
2026-09-23 16:41:55,670 INFO: Plan 0: ḡ=10, γE[v]=15.0, Q=25.0
2026-09-23 16:41:56,538 INFO: Plan 1: ḡ=0, γE[v]=0.0, Q=0.0 (fn)
2026-09-23 16:41:56,541 INFO: Plan 0: ḡ=0, γE[v]=0.0, Q=0.0 (fn)
2026-09-23 16:41:56,576 INFO: Plan 2: ḡ=0, γE[v]=0.0, Q=0.0 (fn)
2026-09-23 16:41:56,577 INFO: Plan 0: ḡ=0.0, γE[v]=0.0, Q=0.0 (bayes)
2026-09-23 16:41:56,577 INFO: Plan 1: ḡ=0.0, γE[v]=0.0, Q=0.0 (bayes)
2026-09-23 16:41:56,577 INFO: Plan 2: ḡ=0.0, γE[v]=0.0, Q=0.0 (bayes)
2026-09-23 16:41:58,060 INFO: Plan 0: ḡ=0, γE[v]=0.0, Q=0.0
2026-09-23 16:41:58,060 INFO: Plan 1: ḡ=0, γE[v]=0.0, Q=0.0
2026-09-23 16:41:58,210 INFO: Plan 2: ḡ=0, γE[v]=0.0, Q=0.0
2026-09-23 16:42:00,138 INFO: Plan 0: ḡ=6, γE[v]=5.0, Q=11.0
2026-09-23 16:42:00,562 INFO: Plan 1: ḡ=0, γE[v]=0.0, Q=0.0
2026-09-23 16:42:00,644 INFO: Plan 2: ḡ=0, γE[v]=0.0, Q=0.0
2026-09-23 16:42:02,516 INFO: Plan 1: ḡ=1, γE[v]=0.0, Q=1.0 (fn)
2026-09-23 16:42:02,518 INFO: Plan 0: ḡ=1, γE[v]=0.0, Q=1.0 (fn)
2026-09-23 16:42:02,552 INFO: Plan 2: ḡ=1, γE[v]=0.0, Q=1.0 (fn)
2026-09-23 16:42:02,552 INFO: Plan 0: ḡ=0.2, γE[v]=0.0, Q=0.2 (bayes)
2026-09-23 16:42:02,552 INFO: Plan 1: ḡ=0.2, γE[v]=0.0, Q=0.2 (bayes)
2026-09-23 16:42:02,552 INFO: Plan 2: ḡ=0.2, γE[v]=0.0, Q=0.2 (bayes)
2026-09-23 16:42:02,745 INFO: Plan 1: ḡ=0, γE[v]=0.0, Q=0.0
2026-09-23 16:42:02,944 INFO: Plan 2: ḡ=0, γE[v]=0.0, Q=0.0
2026-09-23 16:42:02,944 INFO: Plan 0: ḡ=0, γE[v]=0.0, Q=0.0
2026-09-23 16:42:03,240 INFO: Plan 0: ḡ=0, γE[v]=0.0, Q=0.0
2026-09-23 16:42:03,241 INFO: Plan 1: ḡ=0, γE[v]=0.0, Q=0.0
2026-09-23 16:42:03,241 INFO: Plan 2: ḡ=0, γE[v]=0.0, Q=0.0
2026-09-23 16:42:03,995 INFO: Plan 0: ḡ=17, γE[v]=0.0, Q=17.0 (fn)
2026-09-23 16:42:04,717 INFO: Plan 2: ḡ=16, γE[v]=8.5, Q=24.5 (fn)
2026-09-23 16:42:04,937 INFO: Plan 1: ḡ=30, γE[v]=8.5, Q=38.5 (fn)
2026-09-23 16:42:04,938 INFO: Plan 0: ḡ=5.5, γE[v]=10.5, Q=16.0 (bayes)
2026-09-23 16:42:04,938 INFO: Plan 1: ḡ=9.0, γE[v]=9.3, Q=18.3 (bayes)
2026-09-23 16:42:04,938 INFO: Plan 2: ḡ=5.3, γE[v]=11.1, Q=16.4 (bayes)
2026-09-23 16:42:06,890 INFO: Plan 1: ḡ=10, γE[v]=20.0, Q=30.0
2026-09-23 16:42:06,891 INFO: Plan 0: ḡ=10, γE[v]=15.0, Q=25.0
2026-09-23 16:42:06,891 INFO: Plan 2: ḡ=10, γE[v]=15.0, Q=25.0
2026-09-23 16:42:09,532 INFO: Plan 0: ḡ=0, γE[v]=0.0, Q=0.0
2026-09-23 16:42:09,801 INFO: Plan 1: ḡ=12, γE[v]=17.5, Q=29.5
2026-09-23 16:42:10,133 INFO: Plan 2: ḡ=0, γE[v]=0.0, Q=0.0
2026-09-23 16:42:14,661 INFO: Plan 2: ḡ=0, γE[v]=0.0, Q=0.0 (fn)
2026-09-23 16:42:15,349 INFO: Plan 0: ḡ=8, γE[v]=0.0, Q=8.0 (fn)
2026-09-23 16:42:15,958 INFO: Plan 0: ḡ=0, γE[v]=0.0, Q=0.0 (fn)
2026-09-23 16:42:16,376 INFO: Plan 2: ḡ=0, γE[v]=0.0, Q=0.0 (fn)
2026-09-23 16:42:16,636 INFO: Plan 1: ḡ=0, γE[v]=0.0, Q=0.0 (fn)
2026-09-23 16:42:16,636 INFO: Plan 0: ḡ=0.0, γE[v]=0.0, Q=0.0 (bayes)
2026-09-23 16:42:16,636 INFO: Plan 1: ḡ=0.0, γE[v]=0.0, Q=0.0 (bayes)
2026-09-23 16:42:16,636 INFO: Plan 2: ḡ=0.0, γE[v]=0.0, Q=0.0 (bayes)
2026-09-23 16:42:18,032 INFO: Plan 1: ḡ=15, γE[v]=4.0, Q=19.0 (fn)
2026-09-23 16:42:18,033 INFO: Plan 0: ḡ=2.7, γE[v]=1.5, Q=4.2 (bayes)
2026-09-23 16:42:18,033 INFO: Plan 1: ḡ=3.0, γE[v]=1.6, Q=4.6 (bayes)
2026-09-23 16:42:18,033 INFO: Plan 2: ḡ=0.0, γE[v]=2.8, Q=2.8 (bayes)
2026-09-23 16:42:18,160 INFO: Plan 0: ḡ=16, γE[v]=0.0, Q=16.0 (fn)
2026-09-23 16:42:19,724 INFO: Plan 2: ḡ=21, γE[v]=0.0, Q=21.0 (fn)
2026-09-23 16:42:20,101 INFO: Plan 0: ḡ=0, γE[v]=0.0, Q=0.0
2026-09-23 16:42:20,102 INFO: Plan 2: ḡ=0, γE[v]=0.0, Q=0.0
2026-09-23 16:42:20,103 INFO: Plan 1: ḡ=0, γE[v]=0.0, Q=0.0
2026-09-23 16:42:20,460 INFO: Plan 1: ḡ=10, γE[v]=8.5, Q=18.5 (fn)
2026-09-23 16:42:20,461 INFO: Plan 0: ḡ=4.4, γE[v]=9.1, Q=13.6 (bayes)
2026-09-23 16:42:20,461 INFO: Plan 1: ḡ=3.8, γE[v]=9.9, Q=13.8 (bayes)
2026-09-23 16:42:20,461 INFO: Plan 2: ḡ=6.9, γE[v]=7.9, Q=14.8 (bayes)
2026-09-23 16:42:20,868 INFO: Plan 0: ḡ=96, γE[v]=15.5, Q=111.5 (fn)
2026-09-23 16:42:20,908 INFO: Plan 2: ḡ=99, γE[v]=14.0, Q=113.0 (fn)
2026-09-23 16:42:21,486 INFO: Plan 0: ḡ=91, γE[v]=6.5, Q=97.5 (fn)
2026-09-23 16:42:21,528 INFO: Plan 1: ḡ=0, γE[v]=0.0, Q=0.0
2026-09-23 16:42:21,528 INFO: Plan 0: ḡ=0, γE[v]=0.0, Q=0.0
2026-09-23 16:42:21,569 INFO: Plan 2: ḡ=0, γE[v]=0.0, Q=0.0
2026-09-23 16:42:22,093 INFO: Plan 0: ḡ=12, γE[v]=7.5, Q=19.5
2026-09-23 16:42:22,127 INFO: Plan 1: ḡ=12, γE[v]=17.5, Q=29.5
2026-09-23 16:42:22,127 INFO: Plan 2: ḡ=35, γE[v]=7.5, Q=42.5
2026-09-23 16:42:23,029 INFO: Plan 2: ḡ=35, γE[v]=10.0, Q=45.0
2026-09-23 16:42:23,030 INFO: Plan 1: ḡ=12, γE[v]=17.5, Q=29.5
2026-09-23 16:42:23,031 INFO: Plan 0: ḡ=12, γE[v]=17.5, Q=29.5
2026-09-23 16:42:23,472 INFO: Plan 1: ḡ=29, γE[v]=49.0, Q=78.0 (fn)
2026-09-23 16:42:23,472 INFO: Plan 0: ḡ=12.5, γE[v]=3.8, Q=16.3 (bayes)
2026-09-23 16:42:23,472 INFO: Plan 1: ḡ=5.0, γE[v]=10.3, Q=15.2 (bayes)
2026-09-23 16:42:23,472 INFO: Plan 2: ḡ=13.2, γE[v]=3.4, Q=16.6 (bayes)
2026-09-23 16:42:24,263 INFO: Plan 0: ḡ=40, γE[v]=0.0, Q=40.0 (fn)
2026-09-23 16:42:24,504 INFO: Plan 1: ḡ=27, γE[v]=0.0, Q=27.0 (fn)
2026-09-23 16:42:24,811 INFO: Plan 2: ḡ=82, γE[v]=0.0, Q=82.0 (fn)
2026-09-23 16:42:24,811 INFO: Plan 0: ḡ=13.3, γE[v]=42.9, Q=56.3 (bayes)
2026-09-23 16:42:24,811 INFO: Plan 1: ḡ=10.8, γE[v]=44.2, Q=55.0 (bayes)
2026-09-23 16:42:24,811 INFO: Plan 2: ḡ=22.9, γE[v]=38.1, Q=61.1 (bayes)
2026-09-23 16:42:25,172 INFO: Plan 1: ḡ=0, γE[v]=0.0, Q=0.0
2026-09-23 16:42:25,212 INFO: Plan 2: ḡ=0, γE[v]=0.0, Q=0.0
2026-09-23 16:42:25,346 INFO: Plan 0: ḡ=6, γE[v]=5.0, Q=11.0
2026-09-23 16:42:25,479 INFO: Plan 2: ḡ=35, γE[v]=0.0, Q=35.0 (fn)
2026-09-23 16:42:25,777 INFO: Plan 0: ḡ=12, γE[v]=17.5, Q=29.5
2026-09-23 16:42:25,818 INFO: Plan 1: ḡ=12, γE[v]=7.5, Q=19.5
2026-09-23 16:42:25,858 INFO: Plan 2: ḡ=12, γE[v]=5.0, Q=17.0
2026-09-23 16:42:25,900 INFO: Plan 1: ḡ=12, γE[v]=17.5, Q=29.5
2026-09-23 16:42:25,901 INFO: Plan 0: ḡ=10, γE[v]=20.0, Q=30.0
2026-09-23 16:42:25,901 INFO: Plan 2: ḡ=12, γE[v]=17.5, Q=29.5
2026-09-23 16:42:26,621 INFO: Plan 0: ḡ=3, γE[v]=0.0, Q=3.0 (fn)
2026-09-23 16:42:26,995 INFO: Plan 0: ḡ=24, γE[v]=0.0, Q=24.0 (fn)
2026-09-23 16:42:27,440 INFO: Plan 1: ḡ=32, γE[v]=0.0, Q=32.0 (fn)
2026-09-23 16:42:27,440 INFO: Plan 0: ḡ=4.0, γE[v]=3.2, Q=7.2 (bayes)
2026-09-23 16:42:27,441 INFO: Plan 1: ḡ=4.1, γE[v]=3.1, Q=7.2 (bayes)
2026-09-23 16:42:27,441 INFO: Plan 2: ḡ=3.9, γE[v]=3.2, Q=7.1 (bayes)
2026-09-23 16:42:28,315 INFO: Plan 2: ḡ=5, γE[v]=0.0, Q=5.0 (fn)
2026-09-23 16:42:28,554 INFO: Plan 1: ḡ=204, γE[v]=33.5, Q=237.5 (fn)
2026-09-23 16:42:28,839 INFO: Plan 1: ḡ=56, γE[v]=0.0, Q=56.0 (fn)
2026-09-23 16:42:28,840 INFO: Plan 0: ḡ=1.0, γE[v]=27.7, Q=28.7 (bayes)
2026-09-23 16:42:28,840 INFO: Plan 1: ḡ=12.9, γE[v]=21.8, Q=34.7 (bayes)
2026-09-23 16:42:28,840 INFO: Plan 2: ḡ=2.5, γE[v]=27.0, Q=29.5 (bayes)
2026-09-23 16:42:28,984 INFO: Plan 1: ḡ=0, γE[v]=0.0, Q=0.0
2026-09-23 16:42:29,240 INFO: Plan 0: ḡ=10, γE[v]=7.5, Q=17.5
2026-09-23 16:42:29,242 INFO: Plan 2: ḡ=28, γE[v]=0.0, Q=28.0 (fn)
2026-09-23 16:42:29,242 INFO: Plan 2: ḡ=0, γE[v]=0.0, Q=0.0
2026-09-23 16:42:29,552 INFO: Plan 0: ḡ=14, γE[v]=0.0, Q=14.0 (fn)
2026-09-23 16:42:30,163 INFO: Plan 2: ḡ=187, γE[v]=42.0, Q=229.0 (fn)
2026-09-23 16:42:30,164 INFO: Plan 1: ḡ=17, γE[v]=0.0, Q=17.0 (fn)
2026-09-23 16:42:30,164 INFO: Plan 0: ḡ=10.1, γE[v]=10.5, Q=20.6 (bayes)
2026-09-23 16:42:30,165 INFO: Plan 1: ḡ=22.7, γE[v]=6.4, Q=29.1 (bayes)
2026-09-23 16:42:30,165 INFO: Plan 2: ḡ=20.8, γE[v]=8.0, Q=28.8 (bayes)
2026-09-23 16:42:31,825 INFO: Plan 0: ḡ=0, γE[v]=0.0, Q=0.0
2026-09-23 16:42:31,933 INFO: Plan 2: ḡ=31, γE[v]=0.0, Q=31.0 (fn)
2026-09-23 16:42:31,933 INFO: Plan 0: ḡ=3.3, γE[v]=3.4, Q=6.7 (bayes)
2026-09-23 16:42:31,934 INFO: Plan 1: ḡ=6.8, γE[v]=1.6, Q=8.5 (bayes)
2026-09-23 16:42:31,934 INFO: Plan 2: ḡ=10.1, γE[v]=0.0, Q=10.1 (bayes)
2026-09-23 16:42:32,233 INFO: Plan 1: ḡ=0, γE[v]=0.0, Q=0.0
2026-09-23 16:42:32,397 INFO: Plan 2: ḡ=10, γE[v]=10.0, Q=20.0
2026-09-23 16:42:36,683 INFO: Plan 0: ḡ=85, γE[v]=10.0, Q=95.0 (fn)
2026-09-23 16:42:37,168 INFO: Plan 1: ḡ=88, γE[v]=9.0, Q=97.0 (fn)
2026-09-23 16:42:37,169 INFO: Plan 0: ḡ=26.6, γE[v]=24.3, Q=50.9 (bayes)
2026-09-23 16:42:37,169 INFO: Plan 1: ḡ=27.1, γE[v]=24.0, Q=51.1 (bayes)
2026-09-23 16:42:37,169 INFO: Plan 2: ḡ=9.3, γE[v]=32.2, Q=41.5 (bayes)
2026-09-23 16:42:37,608 INFO: Plan 0: ḡ=12, γE[v]=17.5, Q=29.5
2026-09-23 16:42:38,218 INFO: Plan 1: ḡ=12, γE[v]=12.5, Q=24.5
2026-09-23 16:42:38,730 INFO: Plan 2: ḡ=12, γE[v]=12.5, Q=24.5
2026-09-23 16:42:40,079 INFO: Plan 2: ḡ=0, γE[v]=0.0, Q=0.0
2026-09-23 16:42:40,080 INFO: Plan 1: ḡ=0, γE[v]=0.0, Q=0.0
2026-09-23 16:42:40,080 INFO: Plan 0: ḡ=3, γE[v]=0.0, Q=3.0
2026-09-23 16:42:44,204 INFO: Plan 2: ḡ=1, γE[v]=0.0, Q=1.0 (fn)
2026-09-23 16:42:44,595 INFO: Plan 1: ḡ=114, γE[v]=0.0, Q=114.0 (fn)
2026-09-23 16:42:44,637 INFO: Plan 0: ḡ=11, γE[v]=0.0, Q=11.0 (fn)
2026-09-23 16:42:44,637 INFO: Plan 0: ḡ=5.5, γE[v]=9.3, Q=14.8 (bayes)
2026-09-23 16:42:44,637 INFO: Plan 1: ḡ=18.2, γE[v]=3.0, Q=21.2 (bayes)
2026-09-23 16:42:44,637 INFO: Plan 2: ḡ=0.5, γE[v]=11.8, Q=12.3 (bayes)
2026-09-23 16:42:47,414 INFO: Plan 0: ḡ=1, γE[v]=0.0, Q=1.0
2026-09-23 16:42:47,453 INFO: Plan 1: ḡ=0, γE[v]=0.0, Q=0.0
2026-09-23 16:42:47,683 INFO: Plan 2: ḡ=0, γE[v]=0.0, Q=0.0
2026-09-23 16:42:51,219 INFO: Plan 0: ḡ=19, γE[v]=0.0, Q=19.0 (fn)
2026-09-23 16:42:51,780 INFO: Plan 2: ḡ=12, γE[v]=17.5, Q=29.5
2026-09-23 16:42:51,781 INFO: Plan 1: ḡ=12, γE[v]=17.5, Q=29.5
2026-09-23 16:42:51,781 INFO: Plan 0: ḡ=10, γE[v]=20.0, Q=30.0
2026-09-23 16:42:53,033 INFO: Plan 0: ḡ=0, γE[v]=0.0, Q=0.0
2026-09-23 16:42:53,143 INFO: Plan 1: ḡ=10, γE[v]=15.0, Q=25.0
2026-09-23 16:42:53,541 INFO: Plan 1: ḡ=0, γE[v]=0.0, Q=0.0
2026-09-23 16:42:53,542 INFO: Plan 0: ḡ=10, γE[v]=20.0, Q=30.0
2026-09-23 16:42:53,543 INFO: Plan 2: ḡ=10, γE[v]=15.0, Q=25.0
2026-09-23 16:42:53,949 INFO: Plan 2: ḡ=12, γE[v]=17.5, Q=29.5
2026-09-23 16:42:54,394 INFO: Plan 1: ḡ=0, γE[v]=0.0, Q=0.0 (fn)
2026-09-23 16:42:54,514 INFO: Plan 0: ḡ=4, γE[v]=0.0, Q=4.0 (fn)
2026-09-23 16:42:54,772 INFO: Plan 1: ḡ=9, γE[v]=13.0, Q=22.0 (fn)
2026-09-23 16:42:54,812 INFO: Plan 2: ḡ=4, γE[v]=0.0, Q=4.0 (fn)
2026-09-23 16:42:54,812 INFO: Plan 0: ḡ=2.0, γE[v]=0.0, Q=2.0 (bayes)
2026-09-23 16:42:54,812 INFO: Plan 1: ḡ=0.0, γE[v]=1.0, Q=1.0 (bayes)
2026-09-23 16:42:54,812 INFO: Plan 2: ḡ=2.0, γE[v]=0.0, Q=2.0 (bayes)
2026-09-23 16:42:55,201 INFO: Plan 2: ḡ=28, γE[v]=3.0, Q=31.0 (fn)
2026-09-23 16:42:55,202 INFO: Plan 0: ḡ=2.6, γE[v]=2.0, Q=4.6 (bayes)
2026-09-23 16:42:55,202 INFO: Plan 1: ḡ=1.1, γE[v]=3.8, Q=4.9 (bayes)
2026-09-23 16:42:55,202 INFO: Plan 2: ḡ=3.1, γE[v]=2.0, Q=5.1 (bayes)
2026-09-23 16:42:55,735 INFO: Plan 2: ḡ=2, γE[v]=19.0, Q=21.0
2026-09-23 16:42:55,776 INFO: Plan 1: ḡ=22, γE[v]=9.0, Q=31.0
2026-09-23 16:42:55,776 INFO: Plan 0: ḡ=12, γE[v]=15.0, Q=27.0
2026-09-23 16:42:56,125 INFO: Plan 0: ḡ=10, γE[v]=10.0, Q=20.0
2026-09-23 16:42:56,126 INFO: Plan 1: ḡ=12, γE[v]=7.5, Q=19.5
2026-09-23 16:42:56,565 INFO: Plan 2: ḡ=12, γE[v]=5.0, Q=17.0
2026-09-23 16:42:56,947 INFO: Plan 1: ḡ=0, γE[v]=0.0, Q=0.0
2026-09-23 16:42:56,948 INFO: Plan 0: ḡ=0, γE[v]=0.0, Q=0.0
2026-09-23 16:42:56,949 INFO: Plan 2: ḡ=0, γE[v]=0.0, Q=0.0
2026-09-23 16:42:57,169 INFO: Plan 0: ḡ=0, γE[v]=0.0, Q=0.0
2026-09-23 16:42:57,170 INFO: Plan 2: ḡ=0, γE[v]=0.0, Q=0.0
2026-09-23 16:42:57,171 INFO: Plan 1: ḡ=0, γE[v]=0.0, Q=0.0
2026-09-23 16:42:57,545 INFO: Plan 1: ḡ=12, γE[v]=7.5, Q=19.5
2026-09-23 16:42:57,736 INFO: Plan 2: ḡ=12, γE[v]=7.5, Q=19.5
2026-09-23 16:42:57,736 INFO: Plan 0: ḡ=12, γE[v]=10.0, Q=22.0
2026-09-23 16:42:58,225 INFO: Plan 1: ḡ=0, γE[v]=0.0, Q=0.0
2026-09-23 16:42:58,265 INFO: Plan 2: ḡ=0, γE[v]=0.0, Q=0.0
2026-09-23 16:42:58,265 INFO: Plan 2: ḡ=0, γE[v]=0.0, Q=0.0
2026-09-23 16:42:58,306 INFO: Plan 0: ḡ=12, γE[v]=7.5, Q=19.5
2026-09-23 16:42:58,306 INFO: Plan 0: ḡ=2, γE[v]=5.0, Q=7.0
2026-09-23 16:42:58,344 INFO: Plan 1: ḡ=10, γE[v]=15.0, Q=25.0
2026-09-23 16:43:01,182 INFO: Plan 0: ḡ=31, γE[v]=0.0, Q=31.0 (fn)
2026-09-23 16:43:01,432 INFO: Plan 1: ḡ=22, γE[v]=0.0, Q=22.0 (fn)
2026-09-23 16:43:02,041 INFO: Plan 2: ḡ=123, γE[v]=0.0, Q=123.0 (fn)
2026-09-23 16:43:02,042 INFO: Plan 0: ḡ=4.6, γE[v]=8.2, Q=12.8 (bayes)
2026-09-23 16:43:02,042 INFO: Plan 1: ḡ=3.1, γE[v]=8.9, Q=12.1 (bayes)
2026-09-23 16:43:02,042 INFO: Plan 2: ḡ=14.7, γE[v]=3.1, Q=17.9 (bayes)
2026-09-23 16:43:03,607 INFO: Plan 1: ḡ=5, γE[v]=7.5, Q=12.5
2026-09-23 16:43:03,607 INFO: Plan 0: ḡ=0, γE[v]=10.0, Q=10.0
2026-09-23 16:43:04,868 INFO: Plan 2: ḡ=5, γE[v]=7.5, Q=12.5
2026-09-23 16:43:05,274 INFO: Plan 0: ḡ=64, γE[v]=0.0, Q=64.0 (fn)
2026-09-23 16:43:05,794 INFO: Plan 2: ḡ=12, γE[v]=0.0, Q=12.0 (fn)
2026-09-23 16:43:05,875 INFO: Plan 1: ḡ=24, γE[v]=0.0, Q=24.0 (fn)
2026-09-23 16:43:05,876 INFO: Plan 0: ḡ=9.1, γE[v]=3.5, Q=12.6 (bayes)
2026-09-23 16:43:05,876 INFO: Plan 1: ḡ=7.0, γE[v]=4.6, Q=11.6 (bayes)
2026-09-23 16:43:05,876 INFO: Plan 2: ḡ=3.0, γE[v]=6.6, Q=9.6 (bayes)
2026-09-23 16:43:07,968 INFO: Plan 0: ḡ=42, γE[v]=0.0, Q=42.0 (fn)
2026-09-23 16:43:08,523 INFO: Plan 2: ḡ=9, γE[v]=0.0, Q=9.0 (fn)
2026-09-23 16:43:08,706 INFO: Plan 0: ḡ=0, γE[v]=0.0, Q=0.0
2026-09-23 16:43:09,143 INFO: Plan 1: ḡ=0, γE[v]=25.0, Q=25.0
2026-09-23 16:43:09,362 INFO: Plan 2: ḡ=12, γE[v]=17.5, Q=29.5
2026-09-23 16:43:10,026 INFO: Plan 0: ḡ=6, γE[v]=6.0, Q=12.0
2026-09-23 16:43:10,065 INFO: Plan 1: ḡ=12, γE[v]=7.5, Q=19.5
2026-09-23 16:43:10,066 INFO: Plan 2: ḡ=12, γE[v]=7.5, Q=19.5
2026-09-23 16:43:10,423 INFO: Plan 2: ḡ=12, γE[v]=7.5, Q=19.5
2026-09-23 16:43:10,424 INFO: Plan 1: ḡ=12, γE[v]=17.5, Q=29.5
2026-09-23 16:43:10,425 INFO: Plan 0: ḡ=12, γE[v]=12.5, Q=24.5
2026-09-23 16:43:12,092 INFO: Plan 1: ḡ=31, γE[v]=10.5, Q=41.5 (fn)
2026-09-23 16:43:12,093 INFO: Plan 0: ḡ=16.3, γE[v]=22.6, Q=38.9 (bayes)
2026-09-23 16:43:12,093 INFO: Plan 1: ḡ=11.5, γE[v]=25.6, Q=37.1 (bayes)
2026-09-23 16:43:12,093 INFO: Plan 2: ḡ=3.0, γE[v]=29.2, Q=32.2 (bayes)
2026-09-23 16:43:16,938 INFO: Plan 0: ḡ=2, γE[v]=0.0, Q=2.0
2026-09-23 16:43:16,979 INFO: Plan 1: ḡ=2, γE[v]=0.0, Q=2.0
2026-09-23 16:43:17,021 INFO: Plan 2: ḡ=12, γE[v]=17.5, Q=29.5
2026-09-23 16:43:17,022 INFO: Plan 0: ḡ=12, γE[v]=17.5, Q=29.5
2026-09-23 16:43:17,022 INFO: Plan 1: ḡ=12, γE[v]=17.5, Q=29.5
2026-09-23 16:43:17,188 INFO: Plan 2: ḡ=0, γE[v]=0.0, Q=0.0
2026-09-23 16:43:22,960 INFO: Plan 2: ḡ=0, γE[v]=0.0, Q=0.0
2026-09-23 16:43:23,001 INFO: Plan 0: ḡ=4, γE[v]=20.0, Q=24.0
2026-09-23 16:43:23,041 INFO: Plan 1: ḡ=10, γE[v]=20.0, Q=30.0
2026-09-23 16:43:23,565 INFO: Plan 0: ḡ=12, γE[v]=12.5, Q=24.5
2026-09-23 16:43:23,608 INFO: Plan 2: ḡ=12, γE[v]=17.5, Q=29.5
2026-09-23 16:43:23,608 INFO: Plan 1: ḡ=12, γE[v]=12.5, Q=24.5
2026-09-23 16:43:23,644 INFO: Plan 0: ḡ=12, γE[v]=7.5, Q=19.5
2026-09-23 16:43:24,065 INFO: Plan 2: ḡ=12, γE[v]=15.0, Q=27.0
2026-09-23 16:43:24,065 INFO: Plan 1: ḡ=12, γE[v]=15.0, Q=27.0
2026-09-23 16:43:25,968 INFO: Plan 2: ḡ=22, γE[v]=0.0, Q=22.0 (fn)
2026-09-23 16:43:26,208 INFO: Plan 0: ḡ=12, γE[v]=0.0, Q=12.0 (fn)
2026-09-23 16:43:26,666 INFO: Plan 1: ḡ=17, γE[v]=0.0, Q=17.0 (fn)
2026-09-23 16:43:26,666 INFO: Plan 0: ḡ=4.2, γE[v]=6.0, Q=10.3 (bayes)
2026-09-23 16:43:26,666 INFO: Plan 1: ḡ=6.2, γE[v]=5.1, Q=11.2 (bayes)
2026-09-23 16:43:26,666 INFO: Plan 2: ḡ=5.9, γE[v]=5.2, Q=11.1 (bayes)
2026-09-23 16:43:28,765 INFO: Plan 1: ḡ=12, γE[v]=10.0, Q=22.0
2026-09-23 16:43:28,765 INFO: Plan 0: ḡ=12, γE[v]=7.5, Q=19.5
2026-09-23 16:43:29,053 INFO: Plan 2: ḡ=12, γE[v]=10.0, Q=22.0
2026-09-23 16:43:29,240 INFO: Plan 1: ḡ=12, γE[v]=17.5, Q=29.5
2026-09-23 16:43:29,240 INFO: Plan 0: ḡ=12, γE[v]=17.5, Q=29.5
2026-09-23 16:43:29,360 INFO: Plan 2: ḡ=0, γE[v]=25.0, Q=25.0
2026-09-23 16:43:30,634 INFO: Plan 1: ḡ=0, γE[v]=0.0, Q=0.0
2026-09-23 16:43:30,635 INFO: Plan 2: ḡ=0, γE[v]=0.0, Q=0.0
2026-09-23 16:43:30,636 INFO: Plan 0: ḡ=0, γE[v]=0.0, Q=0.0
2026-09-23 16:43:30,966 INFO: Plan 0: ḡ=12, γE[v]=14.0, Q=26.0
2026-09-23 16:43:31,006 INFO: Plan 1: ḡ=12, γE[v]=10.0, Q=22.0
2026-09-23 16:43:31,086 INFO: Plan 2: ḡ=12, γE[v]=10.0, Q=22.0
2026-09-23 16:43:31,663 INFO: Plan 0: ḡ=0, γE[v]=0.0, Q=0.0
2026-09-23 16:43:32,040 INFO: Plan 2: ḡ=12, γE[v]=17.5, Q=29.5
2026-09-23 16:43:32,041 INFO: Plan 1: ḡ=12, γE[v]=17.5, Q=29.5
2026-09-23 16:43:32,263 INFO: Plan 1: ḡ=0, γE[v]=0.0, Q=0.0
2026-09-23 16:43:32,264 INFO: Plan 2: ḡ=0, γE[v]=0.0, Q=0.0
2026-09-23 16:43:32,264 INFO: Plan 0: ḡ=0, γE[v]=0.0, Q=0.0
2026-09-23 16:43:35,087 INFO: Plan 1: ḡ=0, γE[v]=0.0, Q=0.0
2026-09-23 16:43:35,168 INFO: Plan 0: ḡ=12, γE[v]=17.5, Q=29.5
2026-09-23 16:43:35,209 INFO: Plan 2: ḡ=0, γE[v]=0.0, Q=0.0
2026-09-23 16:43:35,210 INFO: Plan 1: ḡ=0, γE[v]=0.0, Q=0.0
2026-09-23 16:43:35,615 INFO: Plan 0: ḡ=0, γE[v]=0.0, Q=0.0
2026-09-23 16:43:35,616 INFO: Plan 2: ḡ=0, γE[v]=0.0, Q=0.0
2026-09-23 16:43:35,617 INFO: Plan 0: ḡ=4, γE[v]=5.0, Q=9.0
2026-09-23 16:43:35,963 INFO: Plan 1: ḡ=12, γE[v]=7.5, Q=19.5
2026-09-23 16:43:36,073 INFO: Plan 0: ḡ=16, γE[v]=0.0, Q=16.0 (fn)
2026-09-23 16:43:36,141 INFO: Plan 2: ḡ=12, γE[v]=15.0, Q=27.0
2026-09-23 16:43:36,141 INFO: Plan 1: ḡ=25, γE[v]=7.5, Q=32.5
2026-09-23 16:43:36,669 INFO: Plan 0: ḡ=12, γE[v]=17.5, Q=29.5
2026-09-23 16:43:36,711 INFO: Plan 2: ḡ=25, γE[v]=7.5, Q=32.5
2026-09-23 16:43:37,083 INFO: Plan 1: ḡ=9, γE[v]=0.0, Q=9.0 (fn)
2026-09-23 16:43:37,366 INFO: Plan 1: ḡ=15, γE[v]=8.5, Q=23.5 (fn)
2026-09-23 16:43:38,408 INFO: Plan 0: ḡ=0, γE[v]=0.0, Q=0.0
2026-09-23 16:43:38,491 INFO: Plan 2: ḡ=120, γE[v]=0.0, Q=120.0 (fn)
2026-09-23 16:43:38,679 INFO: Plan 2: ḡ=0, γE[v]=0.0, Q=0.0
2026-09-23 16:43:38,679 INFO: Plan 1: ḡ=0, γE[v]=0.0, Q=0.0
2026-09-23 16:43:40,665 INFO: Plan 2: ḡ=28, γE[v]=1.0, Q=29.0 (fn)
2026-09-23 16:43:40,666 INFO: Plan 0: ḡ=4.4, γE[v]=6.8, Q=11.3 (bayes)
2026-09-23 16:43:40,666 INFO: Plan 1: ḡ=3.2, γE[v]=7.5, Q=10.6 (bayes)
2026-09-23 16:43:40,666 INFO: Plan 2: ḡ=8.8, γE[v]=4.7, Q=13.5 (bayes)
2026-09-23 16:43:40,870 INFO: Plan 0: ḡ=94, γE[v]=13.0, Q=107.0 (fn)
2026-09-23 16:43:40,873 INFO: Plan 0: ḡ=10.7, γE[v]=2.9, Q=13.6 (bayes)
2026-09-23 16:43:40,876 INFO: Plan 1: ḡ=2.2, γE[v]=6.8, Q=9.0 (bayes)
2026-09-23 16:43:40,876 INFO: Plan 2: ḡ=14.5, γE[v]=0.0, Q=14.4 (bayes)
2026-09-23 16:43:43,451 INFO: Plan 1: ḡ=0, γE[v]=0.0, Q=0.0
2026-09-23 16:43:43,490 INFO: Plan 0: ḡ=2, γE[v]=7.5, Q=9.5
2026-09-23 16:43:43,556 INFO: Plan 2: ḡ=0, γE[v]=0.0, Q=0.0
2026-09-23 16:43:46,283 INFO: Plan 1: ḡ=12, γE[v]=7.5, Q=19.5
2026-09-23 16:43:46,388 INFO: Plan 0: ḡ=12, γE[v]=15.0, Q=27.0
2026-09-23 16:43:46,855 INFO: Plan 2: ḡ=12, γE[v]=17.5, Q=29.5
2026-09-23 16:43:50,673 INFO: Plan 2: ḡ=0, γE[v]=0.0, Q=0.0
2026-09-23 16:43:50,714 INFO: Plan 1: ḡ=0, γE[v]=25.0, Q=25.0
2026-09-23 16:43:50,714 INFO: Plan 0: ḡ=0, γE[v]=25.0, Q=25.0
2026-09-23 16:43:52,196 INFO: Plan 1: ḡ=12, γE[v]=4.0, Q=16.0
2026-09-23 16:43:52,274 INFO: Plan 0: ḡ=10, γE[v]=10.0, Q=20.0
2026-09-23 16:43:52,434 INFO: Plan 2: ḡ=10, γE[v]=7.5, Q=17.5
2026-09-23 16:43:52,689 INFO: Plan 2: ḡ=31, γE[v]=0.0, Q=31.0 (fn)
2026-09-23 16:43:53,487 INFO: Plan 0: ḡ=10, γE[v]=15.0, Q=25.0
2026-09-23 16:43:53,525 INFO: Plan 0: ḡ=40, γE[v]=0.0, Q=40.0 (fn)
2026-09-23 16:43:53,776 INFO: Plan 1: ḡ=12, γE[v]=7.5, Q=19.5
2026-09-23 16:43:54,074 INFO: Plan 2: ḡ=12, γE[v]=10.0, Q=22.0
2026-09-23 16:43:54,075 INFO: Plan 1: ḡ=27, γE[v]=0.0, Q=27.0 (fn)
2026-09-23 16:43:54,075 INFO: Plan 0: ḡ=13.3, γE[v]=40.4, Q=53.7 (bayes)
2026-09-23 16:43:54,076 INFO: Plan 1: ḡ=10.8, γE[v]=41.6, Q=52.4 (bayes)
2026-09-23 16:43:54,076 INFO: Plan 2: ḡ=5.7, γE[v]=44.2, Q=49.9 (bayes)
2026-09-23 16:43:54,832 INFO: Plan 0: ḡ=12, γE[v]=15.0, Q=27.0
2026-09-23 16:43:54,833 INFO: Plan 1: ḡ=25, γE[v]=7.5, Q=32.5
2026-09-23 16:43:54,958 INFO: Plan 2: ḡ=12, γE[v]=10.0, Q=22.0
2026-09-23 16:43:55,821 INFO: Plan 1: ḡ=25, γE[v]=15.0, Q=40.0
2026-09-23 16:43:55,822 INFO: Plan 0: ḡ=12, γE[v]=15.0, Q=27.0
2026-09-23 16:43:55,902 INFO: Plan 2: ḡ=0, γE[v]=0.0, Q=0.0
2026-09-23 16:43:55,903 INFO: Plan 1: ḡ=0, γE[v]=0.0, Q=0.0
2026-09-23 16:43:55,903 INFO: Plan 0: ḡ=0, γE[v]=0.0, Q=0.0
2026-09-23 16:43:55,939 INFO: Plan 2: ḡ=12, γE[v]=17.5, Q=29.5
2026-09-23 16:43:57,288 INFO: Plan 1: ḡ=12, γE[v]=7.5, Q=19.5
2026-09-23 16:43:57,288 INFO: Plan 0: ḡ=12, γE[v]=7.5, Q=19.5
2026-09-23 16:43:57,325 INFO: Plan 2: ḡ=12, γE[v]=7.5, Q=19.5
2026-09-23 16:43:57,585 INFO: Plan 1: ḡ=0, γE[v]=0.0, Q=0.0
2026-09-23 16:43:57,733 INFO: Plan 2: ḡ=6, γE[v]=6.0, Q=12.0
2026-09-23 16:43:57,775 INFO: Plan 0: ḡ=12, γE[v]=5.0, Q=17.0
2026-09-23 16:43:57,812 INFO: Plan 1: ḡ=0, γE[v]=0.0, Q=0.0
2026-09-23 16:43:57,994 INFO: Plan 0: ḡ=2, γE[v]=15.0, Q=17.0
2026-09-23 16:43:58,034 INFO: Plan 2: ḡ=10, γE[v]=15.0, Q=25.0
2026-09-23 16:43:58,072 INFO: Plan 0: ḡ=6, γE[v]=7.5, Q=13.5
2026-09-23 16:43:58,604 INFO: Plan 1: ḡ=12, γE[v]=7.5, Q=19.5
2026-09-23 16:43:58,604 INFO: Plan 2: ḡ=10, γE[v]=7.5, Q=17.5
2026-09-23 16:43:59,105 INFO: Plan 0: ḡ=1, γE[v]=0.0, Q=1.0
2026-09-23 16:43:59,150 INFO: Plan 1: ḡ=5, γE[v]=15.0, Q=20.0
2026-09-23 16:43:59,201 INFO: Plan 1: ḡ=12, γE[v]=7.5, Q=19.5
2026-09-23 16:43:59,203 INFO: Plan 2: ḡ=12, γE[v]=17.5, Q=29.5
2026-09-23 16:43:59,226 INFO: Plan 2: ḡ=12, γE[v]=4.0, Q=16.0
2026-09-23 16:43:59,495 INFO: Plan 0: ḡ=12, γE[v]=7.5, Q=19.5
2026-09-23 16:43:59,801 INFO: Plan 1: ḡ=0, γE[v]=0.0, Q=0.0
2026-09-23 16:43:59,802 INFO: Plan 2: ḡ=0, γE[v]=0.0, Q=0.0
2026-09-23 16:43:59,803 INFO: Plan 0: ḡ=0, γE[v]=0.0, Q=0.0
2026-09-23 16:44:00,053 INFO: Plan 0: ḡ=0, γE[v]=10.0, Q=10.0
2026-09-23 16:44:00,308 INFO: Plan 1: ḡ=0, γE[v]=5.0, Q=5.0
2026-09-23 16:44:00,308 INFO: Plan 2: ḡ=4, γE[v]=6.0, Q=10.0
2026-09-23 16:44:00,648 INFO: Plan 0: ḡ=0, γE[v]=0.0, Q=0.0
2026-09-23 16:44:00,772 INFO: Plan 2: ḡ=12, γE[v]=17.5, Q=29.5
2026-09-23 16:44:00,772 INFO: Plan 1: ḡ=10, γE[v]=15.0, Q=25.0
2026-09-23 16:44:05,099 INFO: Plan 2: ḡ=0, γE[v]=0.0, Q=0.0
2026-09-23 16:44:05,100 INFO: Plan 1: ḡ=0, γE[v]=0.0, Q=0.0
2026-09-23 16:44:05,284 INFO: Plan 0: ḡ=12, γE[v]=7.5, Q=19.5
2026-09-23 16:44:12,294 INFO: Plan 0: ḡ=25, γE[v]=7.5, Q=32.5
2026-09-23 16:44:12,643 INFO: Plan 1: ḡ=25, γE[v]=12.5, Q=37.5
2026-09-23 16:44:12,644 INFO: Plan 2: ḡ=12, γE[v]=19.0, Q=31.0
2026-09-23 16:44:15,979 INFO: Plan 1: ḡ=0, γE[v]=0.0, Q=0.0
2026-09-23 16:44:15,980 INFO: Plan 0: ḡ=0, γE[v]=0.0, Q=0.0
2026-09-23 16:44:16,225 INFO: Plan 2: ḡ=10, γE[v]=20.0, Q=30.0
2026-09-23 16:44:17,581 INFO: Plan 0: ḡ=12, γE[v]=17.5, Q=29.5
2026-09-23 16:44:17,582 INFO: Plan 1: ḡ=12, γE[v]=10.0, Q=22.0
2026-09-23 16:44:17,619 INFO: Plan 2: ḡ=12, γE[v]=17.5, Q=29.5
2026-09-23 16:44:23,246 INFO: Plan 0: ḡ=12, γE[v]=7.5, Q=19.5
2026-09-23 16:44:23,247 INFO: Plan 1: ḡ=20, γE[v]=15.0, Q=35.0
2026-09-23 16:44:23,248 INFO: Plan 2: ḡ=12, γE[v]=7.5, Q=19.5
2026-09-23 16:44:23,621 INFO: Plan 1: ḡ=0, γE[v]=0.0, Q=0.0
2026-09-23 16:44:23,622 INFO: Plan 0: ḡ=0, γE[v]=0.0, Q=0.0
2026-09-23 16:44:23,623 INFO: Plan 2: ḡ=0, γE[v]=0.0, Q=0.0
2026-09-23 16:44:24,092 INFO: Plan 1: ḡ=35, γE[v]=10.0, Q=45.0
2026-09-23 16:44:24,093 INFO: Plan 0: ḡ=10, γE[v]=15.0, Q=25.0
2026-09-23 16:44:24,094 INFO: Plan 2: ḡ=30, γE[v]=10.0, Q=40.0
2026-09-23 16:44:25,261 INFO: Plan 1: ḡ=0, γE[v]=0.0, Q=0.0
2026-09-23 16:44:25,442 INFO: Plan 0: ḡ=6, γE[v]=7.5, Q=13.5
2026-09-23 16:44:25,706 INFO: Plan 2: ḡ=0, γE[v]=0.0, Q=0.0
2026-09-23 16:44:26,291 INFO: Plan 2: ḡ=0, γE[v]=0.0, Q=0.0
2026-09-23 16:44:26,402 INFO: Plan 1: ḡ=12, γE[v]=17.5, Q=29.5
2026-09-23 16:44:26,402 INFO: Plan 0: ḡ=12, γE[v]=15.0, Q=27.0
2026-09-23 16:44:26,584 INFO: Plan 0: ḡ=12, γE[v]=16.5, Q=28.5
2026-09-23 16:44:26,585 INFO: Plan 1: ḡ=12, γE[v]=7.5, Q=19.5
2026-09-23 16:44:26,880 INFO: Plan 2: ḡ=12, γE[v]=7.5, Q=19.5
2026-09-23 16:44:27,087 INFO: Plan 0: ḡ=12, γE[v]=7.5, Q=19.5
2026-09-23 16:44:27,124 INFO: Plan 2: ḡ=0, γE[v]=0.0, Q=0.0
2026-09-23 16:44:27,233 INFO: Plan 1: ḡ=10, γE[v]=20.0, Q=30.0
2026-09-23 16:44:27,272 INFO: Plan 0: ḡ=0, γE[v]=0.0, Q=0.0
2026-09-23 16:44:27,508 INFO: Plan 1: ḡ=10, γE[v]=15.0, Q=25.0
2026-09-23 16:44:27,508 INFO: Plan 2: ḡ=1, γE[v]=0.0, Q=1.0
2026-09-23 16:44:28,129 INFO: Plan 0: ḡ=10, γE[v]=7.5, Q=17.5
2026-09-23 16:44:28,172 INFO: Plan 1: ḡ=30, γE[v]=10.0, Q=40.0
2026-09-23 16:44:28,173 INFO: Plan 2: ḡ=12, γE[v]=7.5, Q=19.5
2026-09-23 16:44:28,665 INFO: Plan 0: ḡ=0, γE[v]=0.0, Q=0.0
2026-09-23 16:44:28,707 INFO: Plan 1: ḡ=0, γE[v]=0.0, Q=0.0
2026-09-23 16:44:28,708 INFO: Plan 2: ḡ=0, γE[v]=0.0, Q=0.0
2026-09-23 16:44:28,922 INFO: Plan 0: ḡ=12, γE[v]=10.0, Q=22.0
2026-09-23 16:44:28,922 INFO: Plan 2: ḡ=12, γE[v]=17.5, Q=29.5
2026-09-23 16:44:28,923 INFO: Plan 1: ḡ=12, γE[v]=17.5, Q=29.5
2026-09-23 16:44:29,363 INFO: Plan 1: ḡ=12, γE[v]=7.5, Q=19.5
2026-09-23 16:44:29,363 INFO: Plan 0: ḡ=12, γE[v]=17.5, Q=29.5
2026-09-23 16:44:29,608 INFO: Plan 2: ḡ=12, γE[v]=7.5, Q=19.5
2026-09-23 16:44:30,097 INFO: Plan 0: ḡ=0, γE[v]=0.0, Q=0.0
2026-09-23 16:44:30,598 INFO: Plan 1: ḡ=10, γE[v]=15.0, Q=25.0
2026-09-23 16:44:30,678 INFO: Plan 2: ḡ=0, γE[v]=0.0, Q=0.0
2026-09-23 16:44:31,701 INFO: Plan 1: ḡ=25, γE[v]=15.0, Q=40.0
2026-09-23 16:44:31,701 INFO: Plan 0: ḡ=12, γE[v]=17.5, Q=29.5
2026-09-23 16:44:32,007 INFO: Plan 2: ḡ=12, γE[v]=17.5, Q=29.5
2026-09-23 16:44:32,008 INFO: Plan 0: ḡ=12, γE[v]=7.5, Q=19.5
2026-09-23 16:44:32,008 INFO: Plan 2: ḡ=2, γE[v]=7.5, Q=9.5
2026-09-23 16:44:32,009 INFO: Plan 1: ḡ=0, γE[v]=10.0, Q=10.0
2026-09-23 16:44:34,085 INFO: Plan 1: ḡ=0, γE[v]=0.0, Q=0.0
2026-09-23 16:44:34,206 INFO: Plan 0: ḡ=0, γE[v]=0.0, Q=0.0
2026-09-23 16:44:34,245 INFO: Plan 2: ḡ=0, γE[v]=20.0, Q=20.0
2026-09-23 16:44:37,954 INFO: Plan 0: ḡ=5, γE[v]=15.0, Q=20.0
2026-09-23 16:44:37,998 INFO: Plan 2: ḡ=12, γE[v]=7.5, Q=19.5
2026-09-23 16:44:37,999 INFO: Plan 1: ḡ=25, γE[v]=7.5, Q=32.5
2026-09-23 16:44:41,862 INFO: Plan 0: ḡ=12, γE[v]=17.5, Q=29.5
2026-09-23 16:44:41,863 INFO: Plan 1: ḡ=12, γE[v]=17.5, Q=29.5
2026-09-23 16:44:41,863 INFO: Plan 2: ḡ=12, γE[v]=7.5, Q=19.5
2026-09-23 16:44:46,278 INFO: Plan 0: ḡ=12, γE[v]=10.0, Q=22.0
2026-09-23 16:44:46,321 INFO: Plan 2: ḡ=12, γE[v]=10.0, Q=22.0
2026-09-23 16:44:46,321 INFO: Plan 1: ḡ=12, γE[v]=10.0, Q=22.0
2026-09-23 16:44:48,535 INFO: Plan 2: ḡ=0, γE[v]=0.0, Q=0.0
2026-09-23 16:44:48,618 INFO: Plan 1: ḡ=12, γE[v]=10.0, Q=22.0
2026-09-23 16:44:48,618 INFO: Plan 0: ḡ=12, γE[v]=13.0, Q=25.0
2026-09-23 16:44:49,094 INFO: Plan 0: ḡ=10, γE[v]=10.0, Q=20.0
2026-09-23 16:44:49,096 INFO: Plan 2: ḡ=10, γE[v]=10.0, Q=20.0
2026-09-23 16:44:49,096 INFO: Plan 1: ḡ=20, γE[v]=7.5, Q=27.5
2026-09-23 16:44:50,445 INFO: Plan 0: ḡ=12, γE[v]=17.5, Q=29.5
2026-09-23 16:44:50,446 INFO: Plan 1: ḡ=12, γE[v]=17.5, Q=29.5
2026-09-23 16:44:50,610 INFO: Plan 2: ḡ=12, γE[v]=17.5, Q=29.5
2026-09-23 16:44:50,903 INFO: Plan 0: ḡ=12, γE[v]=17.5, Q=29.5
2026-09-23 16:44:51,141 INFO: Plan 0: ḡ=0, γE[v]=0.0, Q=0.0
2026-09-23 16:44:51,142 INFO: Plan 1: ḡ=12, γE[v]=10.0, Q=22.0
2026-09-23 16:44:51,142 INFO: Plan 2: ḡ=12, γE[v]=17.5, Q=29.5
2026-09-23 16:44:51,178 INFO: Plan 1: ḡ=0, γE[v]=0.0, Q=0.0
2026-09-23 16:44:51,178 INFO: Plan 2: ḡ=0, γE[v]=0.0, Q=0.0
2026-09-23 16:44:51,600 INFO: Plan 1: ḡ=0, γE[v]=0.0, Q=0.0
2026-09-23 16:44:51,716 INFO: Plan 2: ḡ=0, γE[v]=0.0, Q=0.0
2026-09-23 16:44:51,717 INFO: Plan 2: ḡ=10, γE[v]=7.5, Q=17.5
2026-09-23 16:44:51,717 INFO: Plan 0: ḡ=12, γE[v]=7.5, Q=19.5
2026-09-23 16:44:51,758 INFO: Plan 0: ḡ=2, γE[v]=20.0, Q=22.0
2026-09-23 16:44:51,906 INFO: Plan 0: ḡ=0, γE[v]=5.0, Q=5.0
2026-09-23 16:44:51,907 INFO: Plan 1: ḡ=10, γE[v]=20.0, Q=30.0
2026-09-23 16:44:52,116 INFO: Plan 1: ḡ=12, γE[v]=10.0, Q=22.0
2026-09-23 16:44:52,296 INFO: Plan 2: ḡ=10, γE[v]=15.0, Q=25.0
2026-09-23 16:44:52,589 INFO: Plan 2: ḡ=0, γE[v]=0.0, Q=0.0
2026-09-23 16:44:52,589 INFO: Plan 0: ḡ=0, γE[v]=0.0, Q=0.0
2026-09-23 16:44:52,670 INFO: Plan 1: ḡ=12, γE[v]=15.0, Q=27.0
2026-09-23 16:44:52,671 INFO: Plan 2: ḡ=0, γE[v]=0.0, Q=0.0
2026-09-23 16:44:52,707 INFO: Plan 1: ḡ=1, γE[v]=5.0, Q=6.0
2026-09-23 16:44:52,708 INFO: Plan 0: ḡ=6, γE[v]=5.0, Q=11.0
2026-09-23 16:44:54,834 INFO: Plan 0: ḡ=12, γE[v]=10.0, Q=22.0
2026-09-23 16:44:55,366 INFO: Plan 1: ḡ=12, γE[v]=7.5, Q=19.5
2026-09-23 16:44:55,405 INFO: Plan 2: ḡ=12, γE[v]=7.5, Q=19.5
2026-09-23 16:44:55,717 INFO: Plan 2: ḡ=12, γE[v]=7.5, Q=19.5
2026-09-23 16:44:55,718 INFO: Plan 1: ḡ=15, γE[v]=5.0, Q=20.0
2026-09-23 16:44:55,718 INFO: Plan 0: ḡ=15, γE[v]=15.0, Q=30.0
2026-09-23 16:44:55,825 INFO: Plan 0: ḡ=4, γE[v]=6.0, Q=10.0
2026-09-23 16:44:55,861 INFO: Plan 1: ḡ=10, γE[v]=10.0, Q=20.0
2026-09-23 16:44:56,222 INFO: Plan 2: ḡ=12, γE[v]=7.5, Q=19.5
2026-09-23 16:44:57,283 INFO: Plan 1: ḡ=12, γE[v]=7.5, Q=19.5
2026-09-23 16:44:57,283 INFO: Plan 0: ḡ=12, γE[v]=7.5, Q=19.5
2026-09-23 16:44:57,323 INFO: Plan 2: ḡ=6, γE[v]=6.0, Q=12.0
2026-09-23 16:44:58,651 INFO: Plan 0: ḡ=12, γE[v]=12.5, Q=24.5
2026-09-23 16:44:58,922 INFO: Plan 1: ḡ=12, γE[v]=10.0, Q=22.0
2026-09-23 16:44:59,196 INFO: Plan 2: ḡ=0, γE[v]=5.0, Q=5.0
2026-09-23 16:45:10,687 INFO: Plan 1: ḡ=30, γE[v]=10.0, Q=40.0
2026-09-23 16:45:10,769 INFO: Plan 0: ḡ=0, γE[v]=5.0, Q=5.0
2026-09-23 16:45:10,808 INFO: Plan 2: ḡ=10, γE[v]=20.0, Q=30.0
2026-09-23 16:45:11,254 INFO: Plan 0: ḡ=12, γE[v]=17.5, Q=29.5
2026-09-23 16:45:11,301 INFO: Plan 1: ḡ=25, γE[v]=15.0, Q=40.0
2026-09-23 16:45:11,301 INFO: Plan 2: ḡ=25, γE[v]=7.5, Q=32.5
2026-09-23 16:45:11,867 INFO: Plan 2: ḡ=0, γE[v]=0.0, Q=0.0
2026-09-23 16:45:12,207 INFO: Plan 1: ḡ=0, γE[v]=0.0, Q=0.0
2026-09-23 16:45:12,594 INFO: Plan 0: ḡ=6, γE[v]=7.5, Q=13.5
2026-09-23 16:45:13,157 INFO: Plan 1: ḡ=12, γE[v]=7.5, Q=19.5
2026-09-23 16:45:13,382 INFO: Plan 2: ḡ=12, γE[v]=4.0, Q=16.0
2026-09-23 16:45:13,642 INFO: Plan 0: ḡ=0, γE[v]=0.0, Q=0.0
2026-09-23 16:45:16,738 INFO: Plan 1: ḡ=30, γE[v]=20.0, Q=50.0
2026-09-23 16:45:17,142 INFO: Plan 0: ḡ=12, γE[v]=17.5, Q=29.5
2026-09-23 16:45:17,262 INFO: Plan 2: ḡ=35, γE[v]=7.5, Q=42.5
2026-09-23 16:45:18,137 INFO: Plan 0: ḡ=12, γE[v]=7.5, Q=19.5
2026-09-23 16:45:18,872 INFO: Plan 2: ḡ=0, γE[v]=20.0, Q=20.0
2026-09-23 16:45:18,872 INFO: Plan 1: ḡ=12, γE[v]=7.5, Q=19.5
2026-09-23 16:45:19,110 INFO: Plan 0: ḡ=6, γE[v]=6.0, Q=12.0
2026-09-23 16:45:19,112 INFO: Plan 2: ḡ=8, γE[v]=10.0, Q=18.0
2026-09-23 16:45:19,112 INFO: Plan 1: ḡ=8, γE[v]=6.0, Q=14.0
2026-09-23 16:45:19,619 INFO: Plan 0: ḡ=12, γE[v]=7.5, Q=19.5
2026-09-23 16:45:20,141 INFO: Plan 1: ḡ=12, γE[v]=7.5, Q=19.5
2026-09-23 16:45:20,183 INFO: Plan 2: ḡ=16, γE[v]=0.0, Q=16.0 (fn)
2026-09-23 16:45:20,222 INFO: Plan 2: ḡ=25, γE[v]=7.5, Q=32.5
2026-09-23 16:45:20,629 INFO: Plan 1: ḡ=12, γE[v]=17.5, Q=29.5
2026-09-23 16:45:20,630 INFO: Plan 2: ḡ=12, γE[v]=17.5, Q=29.5
2026-09-23 16:45:20,631 INFO: Plan 0: ḡ=12, γE[v]=17.5, Q=29.5
2026-09-23 16:45:20,843 INFO: Plan 1: ḡ=0, γE[v]=0.0, Q=0.0
2026-09-23 16:45:20,920 INFO: Plan 0: ḡ=35, γE[v]=7.5, Q=42.5
2026-09-23 16:45:20,963 INFO: Plan 2: ḡ=20, γE[v]=15.0, Q=35.0
2026-09-23 16:45:20,964 INFO: Plan 0: ḡ=2, γE[v]=7.5, Q=9.5
2026-09-23 16:45:21,005 INFO: Plan 1: ḡ=25, γE[v]=15.0, Q=40.0
2026-09-23 16:45:21,006 INFO: Plan 2: ḡ=35, γE[v]=7.5, Q=42.5
2026-09-23 16:45:22,212 INFO: Plan 0: ḡ=12, γE[v]=17.5, Q=29.5
2026-09-23 16:45:22,213 INFO: Plan 1: ḡ=12, γE[v]=17.5, Q=29.5
2026-09-23 16:45:22,213 INFO: Plan 2: ḡ=12, γE[v]=15.0, Q=27.0
2026-09-23 16:45:22,851 INFO: Plan 1: ḡ=12, γE[v]=7.5, Q=19.5
2026-09-23 16:45:22,851 INFO: Plan 0: ḡ=12, γE[v]=10.0, Q=22.0
2026-09-23 16:45:22,852 INFO: Plan 2: ḡ=12, γE[v]=7.5, Q=19.5
2026-09-23 16:45:23,564 INFO: Plan 1: ḡ=27, γE[v]=0.0, Q=27.0 (fn)
2026-09-23 16:45:24,037 INFO: Plan 1: ḡ=12, γE[v]=7.5, Q=19.5
2026-09-23 16:45:24,038 INFO: Plan 0: ḡ=12, γE[v]=7.5, Q=19.5
2026-09-23 16:45:24,039 INFO: Plan 2: ḡ=12, γE[v]=7.5, Q=19.5
2026-09-23 16:45:24,375 INFO: Plan 0: ḡ=0, γE[v]=0.0, Q=0.0
2026-09-23 16:45:24,496 INFO: Plan 2: ḡ=12, γE[v]=7.5, Q=19.5
2026-09-23 16:45:24,497 INFO: Plan 1: ḡ=20, γE[v]=15.0, Q=35.0
2026-09-23 16:45:25,439 INFO: Plan 0: ḡ=40, γE[v]=16.5, Q=56.5 (fn)
2026-09-23 16:45:25,440 INFO: Plan 0: ḡ=10.0, γE[v]=41.1, Q=51.1 (bayes)
2026-09-23 16:45:25,440 INFO: Plan 1: ḡ=10.8, γE[v]=40.0, Q=50.7 (bayes)
2026-09-23 16:45:25,440 INFO: Plan 2: ḡ=3.2, γE[v]=43.8, Q=47.0 (bayes)
2026-09-23 16:45:25,833 INFO: Plan 0: ḡ=0, γE[v]=0.0, Q=0.0
2026-09-23 16:45:25,833 INFO: Plan 1: ḡ=0, γE[v]=0.0, Q=0.0
2026-09-23 16:45:26,109 INFO: Plan 2: ḡ=0, γE[v]=0.0, Q=0.0
2026-09-23 16:45:26,433 INFO: Plan 0: ḡ=12, γE[v]=7.5, Q=19.5
2026-09-23 16:45:26,470 INFO: Plan 1: ḡ=12, γE[v]=15.0, Q=27.0
2026-09-23 16:45:26,878 INFO: Plan 2: ḡ=12, γE[v]=15.0, Q=27.0
2026-09-23 16:45:27,289 INFO: Plan 0: ḡ=5, γE[v]=7.5, Q=12.5
2026-09-23 16:45:27,370 INFO: Plan 1: ḡ=10, γE[v]=10.0, Q=20.0
2026-09-23 16:45:27,549 INFO: Plan 2: ḡ=12, γE[v]=15.0, Q=27.0
2026-09-23 16:45:27,851 INFO: Plan 0: ḡ=25, γE[v]=7.5, Q=32.5
2026-09-23 16:45:27,891 INFO: Plan 1: ḡ=0, γE[v]=20.0, Q=20.0
2026-09-23 16:45:27,932 INFO: Plan 2: ḡ=12, γE[v]=17.5, Q=29.5
2026-09-23 16:45:31,457 INFO: Plan 0: ḡ=5, γE[v]=7.5, Q=12.5
2026-09-23 16:45:31,501 INFO: Plan 0: ḡ=12, γE[v]=17.5, Q=29.5
2026-09-23 16:45:31,501 INFO: Plan 2: ḡ=12, γE[v]=7.5, Q=19.5
2026-09-23 16:45:31,502 INFO: Plan 1: ḡ=12, γE[v]=7.5, Q=19.5
2026-09-23 16:45:31,503 INFO: Plan 2: ḡ=22, γE[v]=9.0, Q=31.0
2026-09-23 16:45:31,503 INFO: Plan 1: ḡ=12, γE[v]=17.5, Q=29.5
2026-09-23 16:45:32,285 INFO: Plan 1: ḡ=25, γE[v]=15.0, Q=40.0
2026-09-23 16:45:32,286 INFO: Plan 0: ḡ=12, γE[v]=10.0, Q=22.0
2026-09-23 16:45:32,365 INFO: Plan 2: ḡ=12, γE[v]=10.0, Q=22.0
2026-09-23 16:45:40,044 INFO: Plan 1: ḡ=0, γE[v]=20.0, Q=20.0
2026-09-23 16:45:40,087 INFO: Plan 0: ḡ=12, γE[v]=17.5, Q=29.5
2026-09-23 16:45:40,087 INFO: Plan 2: ḡ=10, γE[v]=35.0, Q=45.0
2026-09-23 16:45:40,553 INFO: Plan 2: ḡ=12, γE[v]=10.0, Q=22.0
2026-09-23 16:45:40,554 INFO: Plan 1: ḡ=12, γE[v]=10.0, Q=22.0
2026-09-23 16:45:40,555 INFO: Plan 0: ḡ=12, γE[v]=10.0, Q=22.0
2026-09-23 16:45:46,466 INFO: Plan 0: ḡ=12, γE[v]=15.0, Q=27.0
2026-09-23 16:45:47,275 INFO: Plan 1: ḡ=12, γE[v]=15.0, Q=27.0
2026-09-23 16:45:47,317 INFO: Plan 2: ḡ=12, γE[v]=17.5, Q=29.5
2026-09-23 16:45:47,970 INFO: Plan 2: ḡ=12, γE[v]=10.0, Q=22.0
2026-09-23 16:45:48,012 INFO: Plan 0: ḡ=12, γE[v]=17.5, Q=29.5
2026-09-23 16:45:48,012 INFO: Plan 0: ḡ=12, γE[v]=7.5, Q=19.5
2026-09-23 16:45:48,294 INFO: Plan 1: ḡ=12, γE[v]=7.5, Q=19.5
2026-09-23 16:45:48,296 INFO: Plan 1: ḡ=12, γE[v]=15.0, Q=27.0
2026-09-23 16:45:48,296 INFO: Plan 2: ḡ=10, γE[v]=7.5, Q=17.5
2026-09-23 16:45:50,742 INFO: Plan 0: ḡ=5, γE[v]=7.5, Q=12.5
2026-09-23 16:45:50,781 INFO: Plan 1: ḡ=12, γE[v]=7.5, Q=19.5
2026-09-23 16:45:50,822 INFO: Plan 2: ḡ=12, γE[v]=10.0, Q=22.0
2026-09-23 16:45:50,867 INFO: Plan 0: ḡ=35, γE[v]=20.0, Q=55.0
2026-09-23 16:45:50,868 INFO: Plan 2: ḡ=12, γE[v]=17.5, Q=29.5
2026-09-23 16:45:50,868 INFO: Plan 1: ḡ=25, γE[v]=20.0, Q=45.0
2026-09-23 16:45:51,071 INFO: Plan 2: ḡ=0, γE[v]=5.0, Q=5.0
2026-09-23 16:45:51,341 INFO: Plan 1: ḡ=12, γE[v]=10.0, Q=22.0
2026-09-23 16:45:51,342 INFO: Plan 0: ḡ=12, γE[v]=7.5, Q=19.5
2026-09-23 16:45:51,600 INFO: Plan 0: ḡ=35, γE[v]=10.0, Q=45.0
2026-09-23 16:45:51,600 INFO: Plan 2: ḡ=12, γE[v]=17.5, Q=29.5
2026-09-23 16:45:51,601 INFO: Plan 1: ḡ=12, γE[v]=17.5, Q=29.5
2026-09-23 16:45:51,635 INFO: Plan 2: ḡ=12, γE[v]=10.0, Q=22.0
2026-09-23 16:45:51,636 INFO: Plan 1: ḡ=5, γE[v]=15.0, Q=20.0
2026-09-23 16:45:51,638 INFO: Plan 0: ḡ=12, γE[v]=17.5, Q=29.5
2026-09-23 16:45:51,638 INFO: Plan 0: ḡ=10, γE[v]=15.0, Q=25.0
2026-09-23 16:45:51,638 INFO: Plan 1: ḡ=12, γE[v]=7.5, Q=19.5
2026-09-23 16:45:52,218 INFO: Plan 2: ḡ=12, γE[v]=17.5, Q=29.5
2026-09-23 16:45:52,932 INFO: Plan 0: ḡ=12, γE[v]=7.5, Q=19.5
2026-09-23 16:45:52,932 INFO: Plan 1: ḡ=12, γE[v]=7.5, Q=19.5
2026-09-23 16:45:52,970 INFO: Plan 2: ḡ=12, γE[v]=7.5, Q=19.5
2026-09-23 16:45:53,215 INFO: Plan 0: ḡ=35, γE[v]=10.0, Q=45.0
2026-09-23 16:45:53,447 INFO: Plan 1: ḡ=35, γE[v]=7.5, Q=42.5
2026-09-23 16:45:53,450 INFO: Plan 2: ḡ=12, γE[v]=17.5, Q=29.5
2026-09-23 16:45:53,456 INFO: Plan 0: ḡ=35, γE[v]=10.0, Q=45.0
2026-09-23 16:45:54,073 INFO: Plan 1: ḡ=35, γE[v]=10.0, Q=45.0
2026-09-23 16:45:54,074 INFO: Plan 2: ḡ=35, γE[v]=10.0, Q=45.0
2026-09-23 16:45:54,111 INFO: Plan 0: ḡ=12, γE[v]=17.5, Q=29.5
2026-09-23 16:45:54,112 INFO: Plan 1: ḡ=0, γE[v]=20.0, Q=20.0
2026-09-23 16:45:54,332 INFO: Plan 2: ḡ=12, γE[v]=17.5, Q=29.5
2026-09-23 16:45:56,425 INFO: Plan 0: ḡ=12, γE[v]=7.5, Q=19.5
2026-09-23 16:45:56,471 INFO: Plan 2: ḡ=2, γE[v]=6.0, Q=8.0
2026-09-23 16:45:56,473 INFO: Plan 1: ḡ=0, γE[v]=7.5, Q=7.5
2026-09-23 16:45:57,039 INFO: Plan 0: ḡ=0, γE[v]=0.0, Q=0.0
2026-09-23 16:45:57,039 INFO: Plan 1: ḡ=0, γE[v]=0.0, Q=0.0
2026-09-23 16:45:57,120 INFO: Plan 2: ḡ=12, γE[v]=7.5, Q=19.5
2026-09-23 16:45:57,121 INFO: Plan 0: ḡ=15, γE[v]=10.0, Q=25.0
2026-09-23 16:45:57,372 INFO: Plan 1: ḡ=0, γE[v]=0.0, Q=0.0
2026-09-23 16:45:57,372 INFO: Plan 2: ḡ=0, γE[v]=0.0, Q=0.0
2026-09-23 16:46:03,606 INFO: Plan 0: ḡ=10, γE[v]=7.5, Q=17.5
2026-09-23 16:46:03,844 INFO: Plan 1: ḡ=12, γE[v]=7.5, Q=19.5
2026-09-23 16:46:03,845 INFO: Plan 2: ḡ=12, γE[v]=7.5, Q=19.5
2026-09-23 16:46:08,802 INFO: Plan 0: ḡ=12, γE[v]=7.5, Q=19.5
2026-09-23 16:46:09,740 INFO: Plan 2: ḡ=0, γE[v]=15.0, Q=15.0
2026-09-23 16:46:09,741 INFO: Plan 1: ḡ=12, γE[v]=7.5, Q=19.5
2026-09-23 16:46:11,345 INFO: Plan 1: ḡ=0, γE[v]=0.0, Q=0.0
2026-09-23 16:46:11,427 INFO: Plan 0: ḡ=12, γE[v]=15.0, Q=27.0
2026-09-23 16:46:11,665 INFO: Plan 2: ḡ=12, γE[v]=7.5, Q=19.5
2026-09-23 16:46:12,690 INFO: Plan 0: ḡ=25, γE[v]=15.0, Q=40.0
2026-09-23 16:46:12,691 INFO: Plan 2: ḡ=10, γE[v]=15.0, Q=25.0
2026-09-23 16:46:12,691 INFO: Plan 1: ḡ=20, γE[v]=15.0, Q=35.0
2026-09-23 16:46:13,369 INFO: Plan 1: ḡ=12, γE[v]=10.0, Q=22.0
2026-09-23 16:46:13,666 INFO: Plan 0: ḡ=12, γE[v]=7.5, Q=19.5
2026-09-23 16:46:13,932 INFO: Plan 2: ḡ=25, γE[v]=7.5, Q=32.5
2026-09-23 16:46:14,291 INFO: Plan 2: ḡ=12, γE[v]=4.0, Q=16.0
2026-09-23 16:46:14,292 INFO: Plan 1: ḡ=6, γE[v]=5.0, Q=11.0
2026-09-23 16:46:14,292 INFO: Plan 0: ḡ=12, γE[v]=7.5, Q=19.5
2026-09-23 16:46:17,177 INFO: Plan 0: ḡ=6, γE[v]=5.0, Q=11.0
2026-09-23 16:46:17,220 INFO: Plan 2: ḡ=12, γE[v]=7.5, Q=19.5
2026-09-23 16:46:17,220 INFO: Plan 1: ḡ=12, γE[v]=7.5, Q=19.5
2026-09-23 16:46:17,638 INFO: Plan 0: ḡ=6, γE[v]=11.5, Q=17.5
2026-09-23 16:46:17,638 INFO: Plan 1: ḡ=6, γE[v]=6.0, Q=12.0
2026-09-23 16:46:17,745 INFO: Plan 2: ḡ=8, γE[v]=6.0, Q=14.0
2026-09-23 16:46:18,155 INFO: Plan 0: ḡ=5, γE[v]=10.0, Q=15.0
2026-09-23 16:46:18,898 INFO: Plan 2: ḡ=0, γE[v]=10.0, Q=10.0
2026-09-23 16:46:18,939 INFO: Plan 1: ḡ=12, γE[v]=10.0, Q=22.0
2026-09-23 16:46:19,408 INFO: Plan 0: ḡ=12, γE[v]=7.5, Q=19.5
2026-09-23 16:46:19,450 INFO: Plan 1: ḡ=0, γE[v]=0.0, Q=0.0
2026-09-23 16:46:19,685 INFO: Plan 2: ḡ=12, γE[v]=7.5, Q=19.5
2026-09-23 16:46:20,069 INFO: Plan 0: ḡ=0, γE[v]=0.0, Q=0.0
2026-09-23 16:46:20,177 INFO: Plan 1: ḡ=10, γE[v]=15.0, Q=25.0
2026-09-23 16:46:20,258 INFO: Plan 2: ḡ=15, γE[v]=15.0, Q=30.0
2026-09-23 16:46:20,711 INFO: Plan 0: ḡ=12, γE[v]=17.5, Q=29.5
2026-09-23 16:46:21,007 INFO: Plan 1: ḡ=12, γE[v]=20.0, Q=32.0
2026-09-23 16:46:22,109 INFO: Plan 2: ḡ=12, γE[v]=17.5, Q=29.5
2026-09-23 16:46:22,366 INFO: Plan 0: ḡ=12, γE[v]=10.0, Q=22.0
2026-09-23 16:46:22,367 INFO: Plan 2: ḡ=12, γE[v]=7.5, Q=19.5
2026-09-23 16:46:22,367 INFO: Plan 1: ḡ=25, γE[v]=7.5, Q=32.5
2026-09-23 16:46:22,719 INFO: Plan 0: ḡ=10, γE[v]=7.5, Q=17.5
2026-09-23 16:46:22,882 INFO: Plan 2: ḡ=12, γE[v]=10.0, Q=22.0
2026-09-23 16:46:22,882 INFO: Plan 1: ḡ=12, γE[v]=7.5, Q=19.5
2026-09-23 16:46:24,679 INFO: Plan 1: ḡ=10, γE[v]=15.0, Q=25.0
2026-09-23 16:46:24,882 INFO: Plan 0: ḡ=10, γE[v]=15.0, Q=25.0
2026-09-23 16:46:24,882 INFO: Plan 2: ḡ=30, γE[v]=10.0, Q=40.0
2026-09-23 16:46:27,873 INFO: Plan 1: ḡ=25, γE[v]=15.0, Q=40.0
2026-09-23 16:46:27,874 INFO: Plan 2: ḡ=25, γE[v]=15.0, Q=40.0
2026-09-23 16:46:27,874 INFO: Plan 0: ḡ=12, γE[v]=17.5, Q=29.5
2026-09-23 16:46:28,513 INFO: Plan 0: ḡ=0, γE[v]=0.0, Q=0.0
2026-09-23 16:46:28,557 INFO: Plan 1: ḡ=0, γE[v]=7.5, Q=7.5
2026-09-23 16:46:28,592 INFO: Plan 2: ḡ=10, γE[v]=7.5, Q=17.5
2026-09-23 16:46:28,994 INFO: Plan 2: ḡ=0, γE[v]=5.0, Q=5.0
2026-09-23 16:46:29,029 INFO: Plan 0: ḡ=15, γE[v]=15.0, Q=30.0
2026-09-23 16:46:29,029 INFO: Plan 1: ḡ=10, γE[v]=15.0, Q=25.0
2026-09-23 16:46:32,742 INFO: Plan 0: ḡ=12, γE[v]=10.0, Q=22.0
2026-09-23 16:46:32,743 INFO: Plan 1: ḡ=12, γE[v]=10.0, Q=22.0
2026-09-23 16:46:32,863 INFO: Plan 2: ḡ=12, γE[v]=10.0, Q=22.0
2026-09-23 16:46:37,576 INFO: Plan 2: ḡ=12, γE[v]=7.5, Q=19.5
2026-09-23 16:46:37,578 INFO: Plan 0: ḡ=10, γE[v]=7.5, Q=17.5
2026-09-23 16:46:37,579 INFO: Plan 1: ḡ=12, γE[v]=7.5, Q=19.5
2026-09-23 16:46:38,556 INFO: Plan 2: ḡ=25, γE[v]=15.0, Q=40.0
2026-09-23 16:46:38,557 INFO: Plan 1: ḡ=12, γE[v]=7.5, Q=19.5
2026-09-23 16:46:38,557 INFO: Plan 0: ḡ=25, γE[v]=7.5, Q=32.5
2026-09-23 16:46:39,356 INFO: Plan 0: ḡ=12, γE[v]=15.0, Q=27.0
2026-09-23 16:46:39,356 INFO: Plan 1: ḡ=12, γE[v]=17.5, Q=29.5
2026-09-23 16:46:39,433 INFO: Plan 2: ḡ=12, γE[v]=17.5, Q=29.5
2026-09-23 16:46:39,473 INFO: Plan 0: ḡ=12, γE[v]=17.5, Q=29.5
2026-09-23 16:46:39,811 INFO: Plan 2: ḡ=12, γE[v]=7.5, Q=19.5
2026-09-23 16:46:39,811 INFO: Plan 1: ḡ=12, γE[v]=7.5, Q=19.5
2026-09-23 16:46:40,391 INFO: Plan 0: ḡ=10, γE[v]=15.0, Q=25.0
2026-09-23 16:46:40,392 INFO: Plan 1: ḡ=0, γE[v]=15.0, Q=15.0
2026-09-23 16:46:40,423 INFO: Plan 2: ḡ=0, γE[v]=0.0, Q=0.0
2026-09-23 16:46:41,103 INFO: Plan 1: ḡ=12, γE[v]=7.5, Q=19.5
2026-09-23 16:46:41,105 INFO: Plan 2: ḡ=12, γE[v]=15.0, Q=27.0
2026-09-23 16:46:41,105 INFO: Plan 0: ḡ=12, γE[v]=17.5, Q=29.5
2026-09-23 16:46:42,678 INFO: Plan 1: ḡ=12, γE[v]=10.0, Q=22.0
2026-09-23 16:46:42,991 INFO: Plan 0: ḡ=5, γE[v]=7.5, Q=12.5
2026-09-23 16:46:43,572 INFO: Plan 1: ḡ=12, γE[v]=17.5, Q=29.5
2026-09-23 16:46:43,573 INFO: Plan 0: ḡ=12, γE[v]=15.0, Q=27.0
2026-09-23 16:46:43,573 INFO: Plan 2: ḡ=20, γE[v]=15.0, Q=35.0
2026-09-23 16:46:43,946 INFO: Plan 2: ḡ=12, γE[v]=10.0, Q=22.0
2026-09-23 16:46:44,207 INFO: Plan 0: ḡ=0, γE[v]=0.0, Q=0.0
2026-09-23 16:46:44,437 INFO: Plan 1: ḡ=10, γE[v]=15.0, Q=25.0
2026-09-23 16:46:44,438 INFO: Plan 2: ḡ=12, γE[v]=15.0, Q=27.0
2026-09-23 16:46:44,477 INFO: Plan 2: ḡ=25, γE[v]=15.0, Q=40.0
2026-09-23 16:46:44,478 INFO: Plan 1: ḡ=35, γE[v]=20.0, Q=55.0
2026-09-23 16:46:44,478 INFO: Plan 0: ḡ=25, γE[v]=40.0, Q=65.0
2026-09-23 16:46:44,810 INFO: Plan 0: ḡ=12, γE[v]=17.5, Q=29.5
2026-09-23 16:46:44,810 INFO: Plan 1: ḡ=12, γE[v]=15.0, Q=27.0
2026-09-23 16:46:44,846 INFO: Plan 2: ḡ=12, γE[v]=7.5, Q=19.5
2026-09-23 16:46:45,097 INFO: Plan 0: ḡ=12, γE[v]=7.5, Q=19.5
2026-09-23 16:46:45,098 INFO: Plan 1: ḡ=25, γE[v]=15.0, Q=40.0
2026-09-23 16:46:45,098 INFO: Plan 2: ḡ=12, γE[v]=15.0, Q=27.0
2026-09-23 16:46:45,426 INFO: Plan 0: ḡ=10, γE[v]=15.0, Q=25.0
2026-09-23 16:46:45,468 INFO: Plan 1: ḡ=12, γE[v]=7.5, Q=19.5
2026-09-23 16:46:45,468 INFO: Plan 2: ḡ=12, γE[v]=10.0, Q=22.0
2026-09-23 16:46:48,014 INFO: Plan 1: ḡ=12, γE[v]=15.0, Q=27.0
2026-09-23 16:46:48,136 INFO: Plan 0: ḡ=5, γE[v]=7.5, Q=12.5
2026-09-23 16:46:48,173 INFO: Plan 2: ḡ=12, γE[v]=17.5, Q=29.5
2026-09-23 16:46:51,160 INFO: Plan 0: ḡ=12, γE[v]=10.0, Q=22.0
2026-09-23 16:46:51,307 INFO: Plan 1: ḡ=12, γE[v]=7.5, Q=19.5
2026-09-23 16:46:51,755 INFO: Plan 2: ḡ=12, γE[v]=10.0, Q=22.0
2026-09-23 16:46:51,939 INFO: Plan 0: ḡ=12, γE[v]=10.0, Q=22.0
2026-09-23 16:46:52,298 INFO: Plan 1: ḡ=12, γE[v]=7.5, Q=19.5
2026-09-23 16:46:52,299 INFO: Plan 2: ḡ=12, γE[v]=10.0, Q=22.0
2026-09-23 16:46:52,337 INFO: Plan 1: ḡ=2, γE[v]=22.5, Q=24.5
2026-09-23 16:46:52,338 INFO: Plan 2: ḡ=5, γE[v]=17.5, Q=22.5
2026-09-23 16:46:52,517 INFO: Plan 0: ḡ=12, γE[v]=9.0, Q=21.0
2026-09-23 16:46:54,938 INFO: Plan 0: ḡ=10, γE[v]=15.0, Q=25.0
2026-09-23 16:46:54,939 INFO: Plan 1: ḡ=12, γE[v]=5.0, Q=17.0
2026-09-23 16:46:54,940 INFO: Plan 2: ḡ=12, γE[v]=7.5, Q=19.5
2026-09-23 16:47:02,769 INFO: Plan 0: ḡ=15, γE[v]=15.0, Q=30.0
2026-09-23 16:47:03,030 INFO: Plan 1: ḡ=12, γE[v]=10.0, Q=22.0
2026-09-23 16:47:03,191 INFO: Plan 2: ḡ=12, γE[v]=15.0, Q=27.0
2026-09-23 16:47:04,910 INFO: Plan 1: ḡ=5, γE[v]=7.5, Q=12.5
2026-09-23 16:47:04,952 INFO: Plan 2: ḡ=25, γE[v]=15.0, Q=40.0
2026-09-23 16:47:04,953 INFO: Plan 0: ḡ=12, γE[v]=17.5, Q=29.5
2026-09-23 16:47:05,254 INFO: Plan 0: ḡ=12, γE[v]=7.5, Q=19.5
2026-09-23 16:47:05,543 INFO: Plan 1: ḡ=12, γE[v]=7.5, Q=19.5
2026-09-23 16:47:05,610 INFO: Plan 2: ḡ=12, γE[v]=7.5, Q=19.5
2026-09-23 16:47:05,845 INFO: Plan 1: ḡ=12, γE[v]=17.5, Q=29.5
2026-09-23 16:47:06,040 INFO: Plan 0: ḡ=12, γE[v]=10.0, Q=22.0
2026-09-23 16:47:06,230 INFO: Plan 2: ḡ=12, γE[v]=15.0, Q=27.0
2026-09-23 16:47:07,556 INFO: Plan 1: ḡ=0, γE[v]=5.0, Q=5.0
2026-09-23 16:47:07,556 INFO: Plan 0: ḡ=0, γE[v]=5.0, Q=5.0
2026-09-23 16:47:07,789 INFO: Plan 2: ḡ=2, γE[v]=5.0, Q=7.0
2026-09-23 16:47:07,950 INFO: Plan 0: ḡ=5, γE[v]=5.0, Q=10.0
2026-09-23 16:47:07,951 INFO: Plan 1: ḡ=5, γE[v]=7.5, Q=12.5
2026-09-23 16:47:08,141 INFO: Plan 2: ḡ=4, γE[v]=6.0, Q=10.0
2026-09-23 16:47:09,044 INFO: Plan 0: ḡ=12, γE[v]=17.5, Q=29.5
2026-09-23 16:47:09,089 INFO: Plan 1: ḡ=12, γE[v]=17.5, Q=29.5
2026-09-23 16:47:09,090 INFO: Plan 2: ḡ=35, γE[v]=10.0, Q=45.0
2026-09-23 16:47:09,761 INFO: Plan 1: ḡ=0, γE[v]=0.0, Q=0.0
2026-09-23 16:47:09,761 INFO: Plan 2: ḡ=0, γE[v]=0.0, Q=0.0
2026-09-23 16:47:09,802 INFO: Plan 1: ḡ=0, γE[v]=5.0, Q=5.0
2026-09-23 16:47:09,803 INFO: Plan 1: ḡ=0, γE[v]=0.0, Q=0.0
2026-09-23 16:47:09,803 INFO: Plan 2: ḡ=0, γE[v]=20.0, Q=20.0
2026-09-23 16:47:09,907 INFO: Plan 0: ḡ=12, γE[v]=17.5, Q=29.5
2026-09-23 16:47:09,908 INFO: Plan 0: ḡ=12, γE[v]=10.0, Q=22.0
2026-09-23 16:47:10,049 INFO: Plan 0: ḡ=1, γE[v]=0.0, Q=1.0
2026-09-23 16:47:10,490 INFO: Plan 2: ḡ=0, γE[v]=0.0, Q=0.0
2026-09-23 16:47:10,742 INFO: Plan 1: ḡ=35, γE[v]=10.0, Q=45.0
2026-09-23 16:47:10,785 INFO: Plan 2: ḡ=35, γE[v]=20.0, Q=55.0
2026-09-23 16:47:10,786 INFO: Plan 1: ḡ=5, γE[v]=20.0, Q=25.0
2026-09-23 16:47:10,786 INFO: Plan 0: ḡ=25, γE[v]=15.0, Q=40.0
2026-09-23 16:47:10,786 INFO: Plan 0: ḡ=12, γE[v]=7.5, Q=19.5
2026-09-23 16:47:10,852 INFO: Plan 2: ḡ=12, γE[v]=10.0, Q=22.0
2026-09-23 16:47:11,356 INFO: Plan 0: ḡ=12, γE[v]=7.5, Q=19.5
2026-09-23 16:47:11,357 INFO: Plan 1: ḡ=12, γE[v]=7.5, Q=19.5
2026-09-23 16:47:11,391 INFO: Plan 2: ḡ=0, γE[v]=0.0, Q=0.0
2026-09-23 16:47:11,836 INFO: Plan 1: ḡ=0, γE[v]=0.0, Q=0.0
2026-09-23 16:47:11,837 INFO: Plan 0: ḡ=0, γE[v]=0.0, Q=0.0
2026-09-23 16:47:11,874 INFO: Plan 2: ḡ=0, γE[v]=0.0, Q=0.0
2026-09-23 16:47:12,442 INFO: Plan 0: ḡ=10, γE[v]=7.5, Q=17.5
2026-09-23 16:47:12,443 INFO: Plan 1: ḡ=12, γE[v]=7.5, Q=19.5
2026-09-23 16:47:12,443 INFO: Plan 2: ḡ=10, γE[v]=7.5, Q=17.5
2026-09-23 16:47:15,007 INFO: Plan 1: ḡ=12, γE[v]=14.0, Q=26.0
2026-09-23 16:47:15,008 INFO: Plan 0: ḡ=12, γE[v]=7.5, Q=19.5
2026-09-23 16:47:15,008 INFO: Plan 2: ḡ=0, γE[v]=15.0, Q=15.0
2026-09-23 16:47:17,050 INFO: Plan 2: ḡ=12, γE[v]=7.5, Q=19.5
2026-09-23 16:47:17,052 INFO: Plan 0: ḡ=12, γE[v]=7.5, Q=19.5
2026-09-23 16:47:17,052 INFO: Plan 1: ḡ=12, γE[v]=10.0, Q=22.0
2026-09-23 16:47:17,090 INFO: Plan 2: ḡ=5, γE[v]=7.5, Q=12.5
2026-09-23 16:47:17,091 INFO: Plan 0: ḡ=5, γE[v]=7.5, Q=12.5
2026-09-23 16:47:17,091 INFO: Plan 1: ḡ=4, γE[v]=7.5, Q=11.5
2026-09-23 16:47:29,797 INFO: Plan 0: ḡ=25, γE[v]=15.0, Q=40.0
2026-09-23 16:47:29,798 INFO: Plan 2: ḡ=12, γE[v]=10.0, Q=22.0
2026-09-23 16:47:29,798 INFO: Plan 1: ḡ=12, γE[v]=10.0, Q=22.0
2026-09-23 16:47:30,396 INFO: Plan 0: ḡ=12, γE[v]=7.5, Q=19.5
2026-09-23 16:47:30,397 INFO: Plan 2: ḡ=12, γE[v]=10.0, Q=22.0
2026-09-23 16:47:30,397 INFO: Plan 1: ḡ=12, γE[v]=10.0, Q=22.0
2026-09-23 16:47:31,767 INFO: Plan 1: ḡ=12, γE[v]=2.0, Q=14.0
2026-09-23 16:47:31,849 INFO: Plan 0: ḡ=12, γE[v]=5.0, Q=17.0
2026-09-23 16:47:31,849 INFO: Plan 2: ḡ=12, γE[v]=4.0, Q=16.0
2026-09-23 16:47:32,266 INFO: Plan 0: ḡ=5, γE[v]=12.5, Q=17.5
2026-09-23 16:47:32,411 INFO: Plan 2: ḡ=12, γE[v]=17.5, Q=29.5
2026-09-23 16:47:32,412 INFO: Plan 1: ḡ=12, γE[v]=10.0, Q=22.0
2026-09-23 16:47:34,892 INFO: Plan 1: ḡ=5, γE[v]=7.5, Q=12.5
2026-09-23 16:47:35,157 INFO: Plan 0: ḡ=0, γE[v]=0.0, Q=0.0
2026-09-23 16:47:35,469 INFO: Plan 2: ḡ=12, γE[v]=7.5, Q=19.5
2026-09-23 16:47:35,511 INFO: Plan 1: ḡ=12, γE[v]=7.5, Q=19.5
2026-09-23 16:47:35,885 INFO: Plan 2: ḡ=20, γE[v]=7.5, Q=27.5
2026-09-23 16:47:35,886 INFO: Plan 0: ḡ=12, γE[v]=7.5, Q=19.5
2026-09-23 16:47:35,920 INFO: Plan 0: ḡ=12, γE[v]=7.5, Q=19.5
2026-09-23 16:47:36,338 INFO: Plan 0: ḡ=2, γE[v]=5.0, Q=7.0
2026-09-23 16:47:36,339 INFO: Plan 2: ḡ=12, γE[v]=10.0, Q=22.0
2026-09-23 16:47:36,339 INFO: Plan 1: ḡ=12, γE[v]=7.5, Q=19.5
2026-09-23 16:47:36,429 INFO: Plan 1: ḡ=12, γE[v]=15.0, Q=27.0
2026-09-23 16:47:36,430 INFO: Plan 2: ḡ=25, γE[v]=15.0, Q=40.0
2026-09-23 16:47:36,431 INFO: Plan 1: ḡ=2, γE[v]=0.0, Q=2.0
2026-09-23 16:47:36,432 INFO: Plan 0: ḡ=0, γE[v]=0.0, Q=0.0
2026-09-23 16:47:36,738 INFO: Plan 2: ḡ=0, γE[v]=0.0, Q=0.0
2026-09-23 16:47:37,101 INFO: Plan 0: ḡ=0, γE[v]=0.0, Q=0.0
2026-09-23 16:47:37,288 INFO: Plan 2: ḡ=25, γE[v]=7.5, Q=32.5
2026-09-23 16:47:37,289 INFO: Plan 1: ḡ=22, γE[v]=9.0, Q=31.0
2026-09-23 16:47:37,289 INFO: Plan 2: ḡ=5, γE[v]=7.5, Q=12.5
2026-09-23 16:47:37,330 INFO: Plan 0: ḡ=10, γE[v]=15.0, Q=25.0
2026-09-23 16:47:37,330 INFO: Plan 0: ḡ=12, γE[v]=15.0, Q=27.0
2026-09-23 16:47:37,331 INFO: Plan 0: ḡ=0, γE[v]=10.0, Q=10.0
2026-09-23 16:47:37,332 INFO: Plan 1: ḡ=22, γE[v]=9.0, Q=31.0
2026-09-23 16:47:37,333 INFO: Plan 1: ḡ=10, γE[v]=15.0, Q=25.0
2026-09-23 16:47:37,536 INFO: Plan 1: ḡ=10, γE[v]=7.5, Q=17.5
2026-09-23 16:47:37,537 INFO: Plan 0: ḡ=10, γE[v]=15.0, Q=25.0
2026-09-23 16:47:37,537 INFO: Plan 1: ḡ=12, γE[v]=15.0, Q=27.0
2026-09-23 16:47:37,538 INFO: Plan 2: ḡ=12, γE[v]=17.5, Q=29.5
2026-09-23 16:47:37,539 INFO: Plan 2: ḡ=22, γE[v]=15.0, Q=37.0
2026-09-23 16:47:37,738 INFO: Plan 2: ḡ=12, γE[v]=7.5, Q=19.5
2026-09-23 16:47:38,672 INFO: Plan 0: ḡ=12, γE[v]=10.0, Q=22.0
2026-09-23 16:47:38,674 INFO: Plan 2: ḡ=12, γE[v]=7.5, Q=19.5
2026-09-23 16:47:38,674 INFO: Plan 1: ḡ=12, γE[v]=15.0, Q=27.0
2026-09-23 16:47:38,971 INFO: Plan 2: ḡ=25, γE[v]=15.0, Q=40.0
2026-09-23 16:47:38,972 INFO: Plan 1: ḡ=25, γE[v]=15.0, Q=40.0
2026-09-23 16:47:38,972 INFO: Plan 0: ḡ=12, γE[v]=17.5, Q=29.5
2026-09-23 16:47:42,305 INFO: Plan 2: ḡ=12, γE[v]=17.5, Q=29.5
2026-09-23 16:47:42,306 INFO: Plan 0: ḡ=12, γE[v]=10.0, Q=22.0
2026-09-23 16:47:42,306 INFO: Plan 1: ḡ=12, γE[v]=7.5, Q=19.5
2026-09-23 16:47:42,374 INFO: Plan 0: ḡ=10, γE[v]=10.0, Q=20.0
2026-09-23 16:47:42,374 INFO: Plan 1: ḡ=10, γE[v]=7.5, Q=17.5
2026-09-23 16:47:43,023 INFO: Plan 2: ḡ=10, γE[v]=10.0, Q=20.0
2026-09-23 16:47:43,066 INFO: Plan 0: ḡ=12, γE[v]=15.0, Q=27.0
2026-09-23 16:47:43,067 INFO: Plan 2: ḡ=0, γE[v]=20.0, Q=20.0
2026-09-23 16:47:43,067 INFO: Plan 1: ḡ=10, γE[v]=15.0, Q=25.0
2026-09-23 16:47:43,487 INFO: Plan 1: ḡ=22, γE[v]=17.5, Q=39.5
2026-09-23 16:47:43,487 INFO: Plan 2: ḡ=25, γE[v]=20.0, Q=45.0
2026-09-23 16:47:43,488 INFO: Plan 0: ḡ=12, γE[v]=17.5, Q=29.5
2026-09-23 16:47:54,332 INFO: Plan 0: ḡ=12, γE[v]=10.0, Q=22.0
2026-09-23 16:47:54,371 INFO: Plan 1: ḡ=12, γE[v]=10.0, Q=22.0
2026-09-23 16:47:54,639 INFO: Plan 2: ḡ=12, γE[v]=10.0, Q=22.0
2026-09-23 16:47:55,055 INFO: Plan 1: ḡ=12, γE[v]=7.5, Q=19.5
2026-09-23 16:47:55,518 INFO: Plan 0: ḡ=5, γE[v]=15.0, Q=20.0
2026-09-23 16:47:55,559 INFO: Plan 2: ḡ=12, γE[v]=10.0, Q=22.0
2026-09-23 16:47:55,783 INFO: Plan 2: ḡ=10, γE[v]=10.0, Q=20.0
2026-09-23 16:47:55,785 INFO: Plan 0: ḡ=10, γE[v]=15.0, Q=25.0
2026-09-23 16:47:55,785 INFO: Plan 1: ḡ=10, γE[v]=15.0, Q=25.0
2026-09-23 16:47:56,252 INFO: Plan 0: ḡ=12, γE[v]=7.5, Q=19.5
2026-09-23 16:47:56,378 INFO: Plan 1: ḡ=12, γE[v]=7.5, Q=19.5
2026-09-23 16:47:56,378 INFO: Plan 2: ḡ=12, γE[v]=7.5, Q=19.5
2026-09-23 16:47:59,703 INFO: Plan 0: ḡ=20, γE[v]=15.0, Q=35.0
2026-09-23 16:48:00,050 INFO: Plan 1: ḡ=12, γE[v]=17.5, Q=29.5
2026-09-23 16:48:00,234 INFO: Plan 2: ḡ=12, γE[v]=17.5, Q=29.5
2026-09-23 16:48:00,360 INFO: Plan 0: ḡ=12, γE[v]=10.0, Q=22.0
2026-09-23 16:48:00,758 INFO: Plan 1: ḡ=12, γE[v]=7.5, Q=19.5
2026-09-23 16:48:00,759 INFO: Plan 2: ḡ=12, γE[v]=10.0, Q=22.0
2026-09-23 16:48:00,799 INFO: Plan 1: ḡ=12, γE[v]=10.0, Q=22.0
2026-09-23 16:48:00,800 INFO: Plan 2: ḡ=12, γE[v]=10.0, Q=22.0
2026-09-23 16:48:00,801 INFO: Plan 0: ḡ=12, γE[v]=10.0, Q=22.0
2026-09-23 16:48:01,269 INFO: Plan 1: ḡ=0, γE[v]=0.0, Q=0.0
2026-09-23 16:48:01,308 INFO: Plan 0: ḡ=0, γE[v]=0.0, Q=0.0
2026-09-23 16:48:01,378 INFO: Plan 0: ḡ=10, γE[v]=7.5, Q=17.5
2026-09-23 16:48:01,379 INFO: Plan 1: ḡ=2, γE[v]=5.0, Q=7.0
2026-09-23 16:48:01,417 INFO: Plan 2: ḡ=12, γE[v]=7.5, Q=19.5
2026-09-23 16:48:01,743 INFO: Plan 2: ḡ=2, γE[v]=5.0, Q=7.0
2026-09-23 16:48:01,903 INFO: Plan 1: ḡ=12, γE[v]=7.5, Q=19.5
2026-09-23 16:48:01,904 INFO: Plan 0: ḡ=12, γE[v]=7.5, Q=19.5
2026-09-23 16:48:01,904 INFO: Plan 2: ḡ=25, γE[v]=7.5, Q=32.5
2026-09-23 16:48:02,407 INFO: Plan 1: ḡ=0, γE[v]=20.0, Q=20.0
2026-09-23 16:48:02,449 INFO: Plan 0: ḡ=12, γE[v]=7.5, Q=19.5
2026-09-23 16:48:02,449 INFO: Plan 2: ḡ=12, γE[v]=17.5, Q=29.5
2026-09-23 16:48:02,745 INFO: Plan 0: ḡ=0, γE[v]=0.0, Q=0.0
2026-09-23 16:48:02,905 INFO: Plan 1: ḡ=12, γE[v]=17.5, Q=29.5
2026-09-23 16:48:02,905 INFO: Plan 2: ḡ=12, γE[v]=17.5, Q=29.5
2026-09-23 16:48:03,338 INFO: Plan 1: ḡ=4, γE[v]=6.0, Q=10.0
2026-09-23 16:48:03,339 INFO: Plan 2: ḡ=4, γE[v]=5.0, Q=9.0
2026-09-23 16:48:03,378 INFO: Plan 0: ḡ=10, γE[v]=7.5, Q=17.5
2026-09-23 16:48:07,868 INFO: Plan 1: ḡ=12, γE[v]=15.0, Q=27.0
2026-09-23 16:48:07,868 INFO: Plan 0: ḡ=12, γE[v]=15.0, Q=27.0
2026-09-23 16:48:07,909 INFO: Plan 2: ḡ=35, γE[v]=20.0, Q=55.0
2026-09-23 16:48:08,924 INFO: Plan 2: ḡ=35, γE[v]=20.0, Q=55.0
2026-09-23 16:48:08,925 INFO: Plan 0: ḡ=35, γE[v]=10.0, Q=45.0
2026-09-23 16:48:08,925 INFO: Plan 1: ḡ=35, γE[v]=20.0, Q=55.0
2026-09-23 16:48:09,570 INFO: Plan 1: ḡ=12, γE[v]=10.0, Q=22.0
2026-09-23 16:48:09,571 INFO: Plan 2: ḡ=12, γE[v]=15.0, Q=27.0
2026-09-23 16:48:09,572 INFO: Plan 0: ḡ=12, γE[v]=15.0, Q=27.0
2026-09-23 16:48:12,658 INFO: Plan 0: ḡ=0, γE[v]=0.0, Q=0.0
2026-09-23 16:48:12,659 INFO: Plan 1: ḡ=0, γE[v]=0.0, Q=0.0
2026-09-23 16:48:12,659 INFO: Plan 2: ḡ=0, γE[v]=0.0, Q=0.0
2026-09-23 16:48:20,723 INFO: Plan 0: ḡ=10, γE[v]=10.0, Q=20.0
2026-09-23 16:48:21,096 INFO: Plan 1: ḡ=10, γE[v]=10.0, Q=20.0
2026-09-23 16:48:21,389 INFO: Plan 2: ḡ=0, γE[v]=5.0, Q=5.0
2026-09-23 16:48:21,390 INFO: Plan 2: ḡ=0, γE[v]=0.0, Q=0.0
2026-09-23 16:48:21,426 INFO: Plan 1: ḡ=0, γE[v]=20.0, Q=20.0
2026-09-23 16:48:21,605 INFO: Plan 0: ḡ=10, γE[v]=10.0, Q=20.0
2026-09-23 16:48:21,965 INFO: Plan 1: ḡ=10, γE[v]=7.5, Q=17.5
2026-09-23 16:48:21,965 INFO: Plan 0: ḡ=35, γE[v]=7.5, Q=42.5
2026-09-23 16:48:22,046 INFO: Plan 2: ḡ=10, γE[v]=7.5, Q=17.5
2026-09-23 16:48:22,047 INFO: Plan 0: ḡ=12, γE[v]=17.5, Q=29.5
2026-09-23 16:48:22,084 INFO: Plan 1: ḡ=12, γE[v]=7.5, Q=19.5
2026-09-23 16:48:22,326 INFO: Plan 2: ḡ=12, γE[v]=15.0, Q=27.0
2026-09-23 16:48:23,868 INFO: Plan 1: ḡ=35, γE[v]=20.0, Q=55.0
2026-09-23 16:48:24,055 INFO: Plan 0: ḡ=35, γE[v]=20.0, Q=55.0
2026-09-23 16:48:24,957 INFO: Plan 2: ḡ=25, γE[v]=15.0, Q=40.0
2026-09-23 16:48:25,854 INFO: Plan 0: ḡ=0, γE[v]=0.0, Q=0.0
2026-09-23 16:48:25,935 INFO: Plan 0: ḡ=12, γE[v]=12.5, Q=24.5
2026-09-23 16:48:25,936 INFO: Plan 1: ḡ=12, γE[v]=12.5, Q=24.5
2026-09-23 16:48:25,937 INFO: Plan 2: ḡ=12, γE[v]=12.5, Q=24.5
2026-09-23 16:48:26,187 INFO: Plan 2: ḡ=5, γE[v]=7.5, Q=12.5
2026-09-23 16:48:26,188 INFO: Plan 1: ḡ=0, γE[v]=20.0, Q=20.0
2026-09-23 16:48:26,804 INFO: Plan 1: ḡ=12, γE[v]=7.5, Q=19.5
2026-09-23 16:48:26,805 INFO: Plan 2: ḡ=12, γE[v]=7.5, Q=19.5
2026-09-23 16:48:26,805 INFO: Plan 0: ḡ=12, γE[v]=7.5, Q=19.5
2026-09-23 16:48:27,532 INFO: Plan 0: ḡ=10, γE[v]=7.5, Q=17.5
2026-09-23 16:48:27,533 INFO: Plan 0: ḡ=5, γE[v]=7.5, Q=12.5
2026-09-23 16:48:27,535 INFO: Plan 1: ḡ=12, γE[v]=17.5, Q=29.5
2026-09-23 16:48:27,535 INFO: Plan 1: ḡ=8, γE[v]=6.0, Q=14.0
2026-09-23 16:48:27,572 INFO: Plan 2: ḡ=12, γE[v]=17.5, Q=29.5
2026-09-23 16:48:27,867 INFO: Plan 2: ḡ=5, γE[v]=7.5, Q=12.5
2026-09-23 16:48:27,904 INFO: Plan 2: ḡ=0, γE[v]=15.0, Q=15.0
2026-09-23 16:48:27,978 INFO: Plan 1: ḡ=12, γE[v]=7.5, Q=19.5
2026-09-23 16:48:27,979 INFO: Plan 0: ḡ=12, γE[v]=7.5, Q=19.5
2026-09-23 16:48:28,241 INFO: Plan 1: ḡ=12, γE[v]=7.5, Q=19.5
2026-09-23 16:48:28,241 INFO: Plan 0: ḡ=0, γE[v]=20.0, Q=20.0
2026-09-23 16:48:28,693 INFO: Plan 2: ḡ=12, γE[v]=12.5, Q=24.5
2026-09-23 16:48:32,267 INFO: Plan 0: ḡ=12, γE[v]=7.5, Q=19.5
2026-09-23 16:48:32,267 INFO: Plan 1: ḡ=10, γE[v]=15.0, Q=25.0
2026-09-23 16:48:32,389 INFO: Plan 2: ḡ=10, γE[v]=15.0, Q=25.0
2026-09-23 16:48:32,426 INFO: Plan 1: ḡ=10, γE[v]=7.5, Q=17.5
2026-09-23 16:48:32,772 INFO: Plan 2: ḡ=12, γE[v]=7.5, Q=19.5
2026-09-23 16:48:32,773 INFO: Plan 0: ḡ=10, γE[v]=7.5, Q=17.5
2026-09-23 16:48:33,225 INFO: Plan 0: ḡ=5, γE[v]=5.0, Q=10.0
2026-09-23 16:48:33,269 INFO: Plan 2: ḡ=25, γE[v]=15.0, Q=40.0
2026-09-23 16:48:33,270 INFO: Plan 0: ḡ=25, γE[v]=15.0, Q=40.0
2026-09-23 16:48:33,271 INFO: Plan 1: ḡ=20, γE[v]=15.0, Q=35.0
2026-09-23 16:48:33,305 INFO: Plan 1: ḡ=35, γE[v]=20.0, Q=55.0
2026-09-23 16:48:33,484 INFO: Plan 0: ḡ=10, γE[v]=15.0, Q=25.0
2026-09-23 16:48:33,485 INFO: Plan 2: ḡ=10, γE[v]=15.0, Q=25.0
2026-09-23 16:48:33,522 INFO: Plan 1: ḡ=12, γE[v]=10.0, Q=22.0
2026-09-23 16:48:33,523 INFO: Plan 2: ḡ=35, γE[v]=7.5, Q=42.5
2026-09-23 16:48:35,791 INFO: Plan 0: ḡ=12, γE[v]=4.0, Q=16.0
2026-09-23 16:48:35,791 INFO: Plan 2: ḡ=12, γE[v]=4.0, Q=16.0
2026-09-23 16:48:35,830 INFO: Plan 1: ḡ=12, γE[v]=7.5, Q=19.5
2026-09-23 16:48:45,804 INFO: Plan 1: ḡ=12, γE[v]=17.5, Q=29.5
2026-09-23 16:48:46,360 INFO: Plan 0: ḡ=12, γE[v]=15.0, Q=27.0
2026-09-23 16:48:46,591 INFO: Plan 2: ḡ=12, γE[v]=10.0, Q=22.0
2026-09-23 16:48:46,917 INFO: Plan 1: ḡ=12, γE[v]=10.0, Q=22.0
2026-09-23 16:48:46,959 INFO: Plan 2: ḡ=25, γE[v]=7.5, Q=32.5
2026-09-23 16:48:46,959 INFO: Plan 0: ḡ=12, γE[v]=10.0, Q=22.0
2026-09-23 16:48:47,800 INFO: Plan 0: ḡ=0, γE[v]=7.5, Q=7.5
2026-09-23 16:48:47,800 INFO: Plan 1: ḡ=2, γE[v]=5.0, Q=7.0
2026-09-23 16:48:48,002 INFO: Plan 0: ḡ=12, γE[v]=15.0, Q=27.0
2026-09-23 16:48:48,110 INFO: Plan 2: ḡ=0, γE[v]=0.0, Q=0.0
2026-09-23 16:48:48,149 INFO: Plan 1: ḡ=12, γE[v]=15.0, Q=27.0
2026-09-23 16:48:48,348 INFO: Plan 2: ḡ=12, γE[v]=15.0, Q=27.0
2026-09-23 16:48:50,590 INFO: Plan 0: ḡ=12, γE[v]=7.5, Q=19.5
2026-09-23 16:48:51,108 INFO: Plan 1: ḡ=12, γE[v]=10.0, Q=22.0
2026-09-23 16:48:51,108 INFO: Plan 2: ḡ=12, γE[v]=10.0, Q=22.0
2026-09-23 16:48:51,520 INFO: Plan 0: ḡ=10, γE[v]=15.0, Q=25.0
2026-09-23 16:48:51,521 INFO: Plan 2: ḡ=12, γE[v]=15.0, Q=27.0
2026-09-23 16:48:51,522 INFO: Plan 1: ḡ=12, γE[v]=7.5, Q=19.5
2026-09-23 16:48:51,791 INFO: Plan 1: ḡ=4, γE[v]=7.5, Q=11.5
2026-09-23 16:48:51,901 INFO: Plan 0: ḡ=0, γE[v]=0.0, Q=0.0
2026-09-23 16:48:51,985 INFO: Plan 2: ḡ=4, γE[v]=6.0, Q=10.0
2026-09-23 16:48:52,027 INFO: Plan 1: ḡ=12, γE[v]=7.5, Q=19.5
2026-09-23 16:48:52,027 INFO: Plan 0: ḡ=25, γE[v]=15.0, Q=40.0
2026-09-23 16:48:52,651 INFO: Plan 2: ḡ=25, γE[v]=15.0, Q=40.0
2026-09-23 16:48:52,758 INFO: Plan 0: ḡ=0, γE[v]=0.0, Q=0.0
2026-09-23 16:48:52,955 INFO: Plan 1: ḡ=12, γE[v]=7.5, Q=19.5
2026-09-23 16:48:52,991 INFO: Plan 2: ḡ=25, γE[v]=7.5, Q=32.5
2026-09-23 16:48:53,173 INFO: Plan 1: ḡ=25, γE[v]=20.0, Q=45.0
2026-09-23 16:48:53,173 INFO: Plan 2: ḡ=12, γE[v]=17.5, Q=29.5
2026-09-23 16:48:53,175 INFO: Plan 0: ḡ=12, γE[v]=15.0, Q=27.0
2026-09-23 16:48:53,319 INFO: Plan 1: ḡ=22, γE[v]=9.0, Q=31.0
2026-09-23 16:48:53,320 INFO: Plan 0: ḡ=20, γE[v]=15.0, Q=35.0
2026-09-23 16:48:53,545 INFO: Plan 1: ḡ=2, γE[v]=7.5, Q=9.5
2026-09-23 16:48:53,546 INFO: Plan 0: ḡ=2, γE[v]=22.5, Q=24.5
2026-09-23 16:48:53,547 INFO: Plan 2: ḡ=25, γE[v]=15.0, Q=40.0
2026-09-23 16:48:53,585 INFO: Plan 2: ḡ=12, γE[v]=17.5, Q=29.5
2026-09-23 16:48:53,586 INFO: Plan 0: ḡ=0, γE[v]=0.0, Q=0.0
2026-09-23 16:48:53,783 INFO: Plan 1: ḡ=2, γE[v]=5.0, Q=7.0
2026-09-23 16:48:53,784 INFO: Plan 2: ḡ=2, γE[v]=5.0, Q=7.0
2026-09-23 16:48:54,062 INFO: Plan 0: ḡ=5, γE[v]=15.0, Q=20.0
2026-09-23 16:48:54,267 INFO: Plan 1: ḡ=0, γE[v]=5.0, Q=5.0
2026-09-23 16:48:54,305 INFO: Plan 2: ḡ=10, γE[v]=15.0, Q=25.0
2026-09-23 16:48:54,956 INFO: Plan 0: ḡ=0, γE[v]=20.0, Q=20.0
2026-09-23 16:48:54,995 INFO: Plan 1: ḡ=12, γE[v]=10.0, Q=22.0
2026-09-23 16:48:55,036 INFO: Plan 2: ḡ=12, γE[v]=17.5, Q=29.5
2026-09-23 16:48:57,341 INFO: Plan 0: ḡ=12, γE[v]=10.0, Q=22.0
2026-09-23 16:48:57,713 INFO: Plan 1: ḡ=35, γE[v]=7.5, Q=42.5
2026-09-23 16:48:57,832 INFO: Plan 2: ḡ=35, γE[v]=7.5, Q=42.5
2026-09-23 16:48:57,876 INFO: Plan 0: ḡ=10, γE[v]=10.0, Q=20.0
2026-09-23 16:48:58,229 INFO: Plan 2: ḡ=12, γE[v]=7.5, Q=19.5
2026-09-23 16:48:58,229 INFO: Plan 1: ḡ=10, γE[v]=10.0, Q=20.0
2026-09-23 16:48:58,777 INFO: Plan 2: ḡ=5, γE[v]=7.5, Q=12.5
2026-09-23 16:48:58,816 INFO: Plan 0: ḡ=10, γE[v]=15.0, Q=25.0
2026-09-23 16:48:58,816 INFO: Plan 1: ḡ=10, γE[v]=15.0, Q=25.0
2026-09-23 16:48:58,966 INFO: Plan 0: ḡ=0, γE[v]=0.0, Q=0.0
2026-09-23 16:48:58,967 INFO: Plan 1: ḡ=0, γE[v]=0.0, Q=0.0
2026-09-23 16:48:59,184 INFO: Plan 2: ḡ=0, γE[v]=0.0, Q=0.0
2026-09-23 16:49:17,174 INFO: Plan 0: ḡ=25, γE[v]=15.0, Q=40.0
2026-09-23 16:49:17,599 INFO: Plan 2: ḡ=12, γE[v]=17.5, Q=29.5
2026-09-23 16:49:17,600 INFO: Plan 1: ḡ=25, γE[v]=15.0, Q=40.0
2026-09-23 16:49:17,869 INFO: Plan 0: ḡ=25, γE[v]=15.0, Q=40.0
2026-09-23 16:49:17,870 INFO: Plan 1: ḡ=12, γE[v]=17.5, Q=29.5
2026-09-23 16:49:18,181 INFO: Plan 1: ḡ=12, γE[v]=7.5, Q=19.5
2026-09-23 16:49:18,181 INFO: Plan 2: ḡ=12, γE[v]=17.5, Q=29.5
2026-09-23 16:49:18,359 INFO: Plan 2: ḡ=12, γE[v]=7.5, Q=19.5
2026-09-23 16:49:18,359 INFO: Plan 0: ḡ=12, γE[v]=20.0, Q=32.0
2026-09-23 16:49:18,401 INFO: Plan 1: ḡ=12, γE[v]=7.5, Q=19.5
2026-09-23 16:49:18,402 INFO: Plan 0: ḡ=12, γE[v]=10.0, Q=22.0
2026-09-23 16:49:18,510 INFO: Plan 0: ḡ=0, γE[v]=0.0, Q=0.0
2026-09-23 16:49:18,708 INFO: Plan 2: ḡ=12, γE[v]=15.0, Q=27.0
2026-09-23 16:49:18,849 INFO: Plan 1: ḡ=12, γE[v]=7.5, Q=19.5
2026-09-23 16:49:18,849 INFO: Plan 2: ḡ=12, γE[v]=7.5, Q=19.5
2026-09-23 16:49:19,153 INFO: Plan 1: ḡ=12, γE[v]=17.5, Q=29.5
2026-09-23 16:49:19,340 INFO: Plan 2: ḡ=12, γE[v]=17.5, Q=29.5
2026-09-23 16:49:19,340 INFO: Plan 0: ḡ=25, γE[v]=20.0, Q=45.0
2026-09-23 16:49:19,380 INFO: Plan 0: ḡ=10, γE[v]=7.5, Q=17.5
2026-09-23 16:49:19,381 INFO: Plan 2: ḡ=12, γE[v]=7.5, Q=19.5
2026-09-23 16:49:19,381 INFO: Plan 2: ḡ=0, γE[v]=0.0, Q=0.0
2026-09-23 16:49:19,381 INFO: Plan 1: ḡ=12, γE[v]=7.5, Q=19.5
2026-09-23 16:49:19,547 INFO: Plan 0: ḡ=15, γE[v]=10.0, Q=25.0
2026-09-23 16:49:19,769 INFO: Plan 1: ḡ=15, γE[v]=10.0, Q=25.0
2026-09-23 16:49:19,770 INFO: Plan 0: ḡ=12, γE[v]=2.5, Q=14.5
2026-09-23 16:49:19,771 INFO: Plan 1: ḡ=12, γE[v]=0.0, Q=12.0
2026-09-23 16:49:20,026 INFO: Plan 2: ḡ=12, γE[v]=7.5, Q=19.5
2026-09-23 16:49:20,066 INFO: Plan 1: ḡ=12, γE[v]=17.5, Q=29.5
2026-09-23 16:49:20,067 INFO: Plan 0: ḡ=12, γE[v]=15.0, Q=27.0
2026-09-23 16:49:20,260 INFO: Plan 0: ḡ=12, γE[v]=7.5, Q=19.5
2026-09-23 16:49:20,262 INFO: Plan 2: ḡ=12, γE[v]=10.0, Q=22.0
2026-09-23 16:49:20,299 INFO: Plan 2: ḡ=12, γE[v]=7.5, Q=19.5
2026-09-23 16:49:20,300 INFO: Plan 1: ḡ=12, γE[v]=10.0, Q=22.0
2026-09-23 16:49:20,302 INFO: Plan 0: ḡ=12, γE[v]=10.0, Q=22.0
2026-09-23 16:49:20,303 INFO: Plan 1: ḡ=12, γE[v]=7.5, Q=19.5
2026-09-23 16:49:20,623 INFO: Plan 2: ḡ=12, γE[v]=7.5, Q=19.5
2026-09-23 16:49:20,624 INFO: Plan 1: ḡ=0, γE[v]=5.0, Q=5.0
2026-09-23 16:49:20,884 INFO: Plan 0: ḡ=12, γE[v]=15.0, Q=27.0
2026-09-23 16:49:20,884 INFO: Plan 2: ḡ=12, γE[v]=10.0, Q=22.0
2026-09-23 16:49:21,165 INFO: Plan 2: ḡ=0, γE[v]=0.0, Q=0.0
2026-09-23 16:49:21,360 INFO: Plan 1: ḡ=0, γE[v]=5.0, Q=5.0
2026-09-23 16:49:21,469 INFO: Plan 0: ḡ=12, γE[v]=7.5, Q=19.5
2026-09-23 16:49:37,760 INFO: Plan 1: ḡ=10, γE[v]=15.0, Q=25.0
2026-09-23 16:49:37,761 INFO: Plan 0: ḡ=10, γE[v]=10.0, Q=20.0
2026-09-23 16:49:37,761 INFO: Plan 2: ḡ=12, γE[v]=7.5, Q=19.5
2026-09-23 16:49:38,282 INFO: Plan 1: ḡ=0, γE[v]=0.0, Q=0.0
2026-09-23 16:49:38,389 INFO: Plan 0: ḡ=12, γE[v]=7.5, Q=19.5
2026-09-23 16:49:38,632 INFO: Plan 2: ḡ=12, γE[v]=17.5, Q=29.5
2026-09-23 16:49:39,037 INFO: Plan 0: ḡ=0, γE[v]=10.0, Q=10.0
2026-09-23 16:49:39,621 INFO: Plan 1: ḡ=12, γE[v]=7.5, Q=19.5
2026-09-23 16:49:39,788 INFO: Plan 2: ḡ=10, γE[v]=10.0, Q=20.0
2026-09-23 16:49:40,001 INFO: Plan 1: ḡ=12, γE[v]=10.0, Q=22.0
2026-09-23 16:49:40,146 INFO: Plan 0: ḡ=12, γE[v]=10.0, Q=22.0
2026-09-23 16:49:40,147 INFO: Plan 2: ḡ=12, γE[v]=17.5, Q=29.5
2026-09-23 16:49:40,375 INFO: Plan 1: ḡ=12, γE[v]=17.5, Q=29.5
2026-09-23 16:49:40,375 INFO: Plan 0: ḡ=25, γE[v]=15.0, Q=40.0
2026-09-23 16:49:40,482 INFO: Plan 2: ḡ=12, γE[v]=17.5, Q=29.5
2026-09-23 16:49:40,666 INFO: Plan 0: ḡ=5, γE[v]=7.5, Q=12.5
2026-09-23 16:49:40,703 INFO: Plan 1: ḡ=12, γE[v]=10.0, Q=22.0
2026-09-23 16:49:40,744 INFO: Plan 2: ḡ=0, γE[v]=0.0, Q=0.0
2026-09-23 16:49:41,514 INFO: Plan 0: ḡ=12, γE[v]=7.5, Q=19.5
2026-09-23 16:49:41,553 INFO: Plan 1: ḡ=12, γE[v]=14.0, Q=26.0
2026-09-23 16:49:41,802 INFO: Plan 2: ḡ=0, γE[v]=15.0, Q=15.0
2026-09-23 16:49:42,125 INFO: Plan 0: ḡ=0, γE[v]=20.0, Q=20.0
2026-09-23 16:49:42,344 INFO: Plan 1: ḡ=0, γE[v]=20.0, Q=20.0
2026-09-23 16:49:42,561 INFO: Plan 1: ḡ=0, γE[v]=0.0, Q=0.0
2026-09-23 16:49:42,599 INFO: Plan 2: ḡ=12, γE[v]=15.0, Q=27.0
2026-09-23 16:49:42,642 INFO: Plan 2: ḡ=10, γE[v]=10.0, Q=20.0
2026-09-23 16:49:42,643 INFO: Plan 0: ḡ=15, γE[v]=5.0, Q=20.0
2026-09-23 16:49:43,718 INFO: Plan 1: ḡ=12, γE[v]=10.0, Q=22.0
2026-09-23 16:49:43,719 INFO: Plan 2: ḡ=25, γE[v]=15.0, Q=40.0
2026-09-23 16:49:43,719 INFO: Plan 0: ḡ=10, γE[v]=10.0, Q=20.0
2026-09-23 16:49:43,756 INFO: Plan 0: ḡ=10, γE[v]=15.0, Q=25.0
2026-09-23 16:49:43,933 INFO: Plan 1: ḡ=0, γE[v]=0.0, Q=0.0
2026-09-23 16:49:43,933 INFO: Plan 0: ḡ=2, γE[v]=2.5, Q=4.5
2026-09-23 16:49:43,970 INFO: Plan 2: ḡ=12, γE[v]=10.0, Q=22.0
2026-09-23 16:49:43,971 INFO: Plan 1: ḡ=12, γE[v]=15.0, Q=27.0
2026-09-23 16:49:44,140 INFO: Plan 2: ḡ=10, γE[v]=15.0, Q=25.0
2026-09-23 16:49:45,010 INFO: Plan 1: ḡ=10, γE[v]=10.0, Q=20.0
2026-09-23 16:49:45,051 INFO: Plan 0: ḡ=0, γE[v]=0.0, Q=0.0
2026-09-23 16:49:45,132 INFO: Plan 2: ḡ=10, γE[v]=10.0, Q=20.0
2026-09-23 16:49:48,972 INFO: Plan 1: ḡ=12, γE[v]=17.5, Q=29.5
2026-09-23 16:49:49,213 INFO: Plan 0: ḡ=12, γE[v]=15.0, Q=27.0
2026-09-23 16:49:49,213 INFO: Plan 2: ḡ=0, γE[v]=0.0, Q=0.0
2026-09-23 16:49:49,980 INFO: Plan 1: ḡ=12, γE[v]=7.5, Q=19.5
2026-09-23 16:49:49,981 INFO: Plan 0: ḡ=12, γE[v]=7.5, Q=19.5
2026-09-23 16:49:49,982 INFO: Plan 2: ḡ=12, γE[v]=7.5, Q=19.5
2026-09-23 16:49:51,077 INFO: Plan 1: ḡ=12, γE[v]=17.5, Q=29.5
2026-09-23 16:49:51,119 INFO: Plan 2: ḡ=10, γE[v]=15.0, Q=25.0
2026-09-23 16:49:51,119 INFO: Plan 0: ḡ=25, γE[v]=15.0, Q=40.0
2026-09-23 16:49:52,948 INFO: Plan 0: ḡ=0, γE[v]=0.0, Q=0.0
2026-09-23 16:49:52,994 INFO: Plan 1: ḡ=8, γE[v]=7.5, Q=15.5
2026-09-23 16:49:53,430 INFO: Plan 2: ḡ=8, γE[v]=7.5, Q=15.5
2026-09-23 16:49:58,926 INFO: Plan 0: ḡ=12, γE[v]=7.5, Q=19.5
2026-09-23 16:49:59,507 INFO: Plan 1: ḡ=12, γE[v]=7.5, Q=19.5
2026-09-23 16:49:59,507 INFO: Plan 2: ḡ=12, γE[v]=5.0, Q=17.0
2026-09-23 16:50:00,226 INFO: Plan 0: ḡ=0, γE[v]=0.0, Q=0.0
2026-09-23 16:50:00,339 INFO: Plan 2: ḡ=2, γE[v]=5.0, Q=7.0
2026-09-23 16:50:00,339 INFO: Plan 1: ḡ=2, γE[v]=5.0, Q=7.0
2026-09-23 16:50:00,376 INFO: Plan 1: ḡ=25, γE[v]=7.5, Q=32.5
2026-09-23 16:50:00,793 INFO: Plan 0: ḡ=0, γE[v]=0.0, Q=0.0
2026-09-23 16:50:00,878 INFO: Plan 2: ḡ=25, γE[v]=7.5, Q=32.5
2026-09-23 16:50:00,878 INFO: Plan 1: ḡ=0, γE[v]=0.0, Q=0.0
2026-09-23 16:50:00,878 INFO: Plan 0: ḡ=0, γE[v]=0.0, Q=0.0
2026-09-23 16:50:00,879 INFO: Plan 2: ḡ=0, γE[v]=0.0, Q=0.0
2026-09-23 16:50:02,254 INFO: Plan 1: ḡ=12, γE[v]=15.0, Q=27.0
2026-09-23 16:50:02,590 INFO: Plan 0: ḡ=12, γE[v]=15.0, Q=27.0
2026-09-23 16:50:02,623 INFO: Plan 2: ḡ=10, γE[v]=15.0, Q=25.0
2026-09-23 16:50:04,677 INFO: Plan 0: ḡ=12, γE[v]=17.5, Q=29.5
2026-09-23 16:50:04,678 INFO: Plan 1: ḡ=25, γE[v]=20.0, Q=45.0
2026-09-23 16:50:04,678 INFO: Plan 2: ḡ=12, γE[v]=15.0, Q=27.0
2026-09-23 16:50:04,886 INFO: Plan 0: ḡ=12, γE[v]=10.0, Q=22.0
2026-09-23 16:50:04,887 INFO: Plan 2: ḡ=25, γE[v]=15.0, Q=40.0
2026-09-23 16:50:04,888 INFO: Plan 1: ḡ=25, γE[v]=15.0, Q=40.0
2026-09-23 16:50:05,577 INFO: Plan 1: ḡ=25, γE[v]=7.5, Q=32.5
2026-09-23 16:50:05,578 INFO: Plan 0: ḡ=25, γE[v]=7.5, Q=32.5
2026-09-23 16:50:05,579 INFO: Plan 2: ḡ=25, γE[v]=7.5, Q=32.5
2026-09-23 16:50:05,829 INFO: Plan 1: ḡ=12, γE[v]=15.0, Q=27.0
2026-09-23 16:50:05,829 INFO: Plan 0: ḡ=5, γE[v]=5.0, Q=10.0
2026-09-23 16:50:06,016 INFO: Plan 2: ḡ=0, γE[v]=0.0, Q=0.0
2026-09-23 16:50:06,210 INFO: Plan 0: ḡ=12, γE[v]=15.0, Q=27.0
2026-09-23 16:50:06,467 INFO: Plan 2: ḡ=22, γE[v]=17.5, Q=39.5
2026-09-23 16:50:06,468 INFO: Plan 1: ḡ=12, γE[v]=17.5, Q=29.5
2026-09-23 16:50:09,376 INFO: Plan 1: ḡ=12, γE[v]=7.5, Q=19.5
2026-09-23 16:50:09,377 INFO: Plan 0: ḡ=12, γE[v]=7.5, Q=19.5
2026-09-23 16:50:09,563 INFO: Plan 2: ḡ=12, γE[v]=7.5, Q=19.5
2026-09-23 16:50:09,940 INFO: Plan 0: ḡ=35, γE[v]=20.0, Q=55.0
2026-09-23 16:50:10,051 INFO: Plan 1: ḡ=35, γE[v]=20.0, Q=55.0
2026-09-23 16:50:10,373 INFO: Plan 2: ḡ=12, γE[v]=17.5, Q=29.5
2026-09-23 16:50:12,032 INFO: Plan 0: ḡ=12, γE[v]=7.5, Q=19.5
2026-09-23 16:50:12,033 INFO: Plan 1: ḡ=10, γE[v]=7.5, Q=17.5
2026-09-23 16:50:12,033 INFO: Plan 2: ḡ=10, γE[v]=15.0, Q=25.0
2026-09-23 16:50:14,005 INFO: Plan 1: ḡ=22, γE[v]=9.0, Q=31.0
2026-09-23 16:50:14,006 INFO: Plan 0: ḡ=22, γE[v]=9.0, Q=31.0
2026-09-23 16:50:14,161 INFO: Plan 2: ḡ=12, γE[v]=17.5, Q=29.5
2026-09-23 16:50:17,135 INFO: Plan 0: ḡ=25, γE[v]=15.0, Q=40.0
2026-09-23 16:50:17,135 INFO: Plan 1: ḡ=12, γE[v]=10.0, Q=22.0
2026-09-23 16:50:17,357 INFO: Plan 0: ḡ=5, γE[v]=7.5, Q=12.5
2026-09-23 16:50:17,358 INFO: Plan 2: ḡ=12, γE[v]=10.0, Q=22.0
2026-09-23 16:50:17,400 INFO: Plan 2: ḡ=12, γE[v]=17.5, Q=29.5
2026-09-23 16:50:17,401 INFO: Plan 1: ḡ=0, γE[v]=0.0, Q=0.0
2026-09-23 16:50:17,402 INFO: Plan 1: ḡ=12, γE[v]=17.5, Q=29.5
2026-09-23 16:50:17,465 INFO: Plan 2: ḡ=12, γE[v]=2.5, Q=14.5
2026-09-23 16:50:17,662 INFO: Plan 0: ḡ=10, γE[v]=7.5, Q=17.5
2026-09-23 16:50:18,076 INFO: Plan 0: ḡ=12, γE[v]=15.0, Q=27.0
2026-09-23 16:50:18,077 INFO: Plan 1: ḡ=12, γE[v]=10.0, Q=22.0
2026-09-23 16:50:18,077 INFO: Plan 2: ḡ=22, γE[v]=9.0, Q=31.0
2026-09-23 16:50:18,118 INFO: Plan 0: ḡ=12, γE[v]=10.0, Q=22.0
2026-09-23 16:50:18,289 INFO: Plan 2: ḡ=12, γE[v]=7.5, Q=19.5
2026-09-23 16:50:18,290 INFO: Plan 1: ḡ=12, γE[v]=7.5, Q=19.5
2026-09-23 16:50:18,834 INFO: Plan 1: ḡ=5, γE[v]=7.5, Q=12.5
2026-09-23 16:50:18,878 INFO: Plan 2: ḡ=12, γE[v]=17.5, Q=29.5
2026-09-23 16:50:18,879 INFO: Plan 0: ḡ=12, γE[v]=17.5, Q=29.5
2026-09-23 16:50:19,863 INFO: Plan 0: ḡ=12, γE[v]=17.5, Q=29.5
2026-09-23 16:50:19,864 INFO: Plan 1: ḡ=12, γE[v]=10.0, Q=22.0
2026-09-23 16:50:19,903 INFO: Plan 2: ḡ=12, γE[v]=17.5, Q=29.5
2026-09-23 16:50:20,895 INFO: Plan 0: ḡ=0, γE[v]=0.0, Q=0.0
2026-09-23 16:50:20,979 INFO: Plan 1: ḡ=12, γE[v]=19.0, Q=31.0
2026-09-23 16:50:20,979 INFO: Plan 2: ḡ=12, γE[v]=19.0, Q=31.0
2026-09-23 16:50:21,460 INFO: Plan 2: ḡ=12, γE[v]=7.5, Q=19.5
2026-09-23 16:50:21,461 INFO: Plan 1: ḡ=12, γE[v]=10.0, Q=22.0
2026-09-23 16:50:21,461 INFO: Plan 0: ḡ=12, γE[v]=10.0, Q=22.0
2026-09-23 16:50:30,632 INFO: Plan 0: ḡ=6, γE[v]=6.0, Q=12.0
2026-09-23 16:50:30,632 INFO: Plan 2: ḡ=6, γE[v]=6.0, Q=12.0
2026-09-23 16:50:30,671 INFO: Plan 1: ḡ=12, γE[v]=7.5, Q=19.5
2026-09-23 16:50:33,436 INFO: Plan 0: ḡ=0, γE[v]=5.0, Q=5.0
2026-09-23 16:50:33,475 INFO: Plan 1: ḡ=12, γE[v]=10.0, Q=22.0
2026-09-23 16:50:33,549 INFO: Plan 2: ḡ=0, γE[v]=0.0, Q=0.0
2026-09-23 16:50:37,846 INFO: Plan 0: ḡ=12, γE[v]=7.5, Q=19.5
2026-09-23 16:50:37,927 INFO: Plan 2: ḡ=0, γE[v]=10.0, Q=10.0
2026-09-23 16:50:37,969 INFO: Plan 1: ḡ=12, γE[v]=10.0, Q=22.0
2026-09-23 16:50:38,430 INFO: Plan 1: ḡ=12, γE[v]=15.0, Q=27.0
2026-09-23 16:50:38,431 INFO: Plan 0: ḡ=12, γE[v]=17.5, Q=29.5
2026-09-23 16:50:38,989 INFO: Plan 2: ḡ=12, γE[v]=17.5, Q=29.5
2026-09-23 16:50:40,763 INFO: Plan 1: ḡ=12, γE[v]=17.5, Q=29.5
2026-09-23 16:50:40,764 INFO: Plan 0: ḡ=12, γE[v]=17.5, Q=29.5
2026-09-23 16:50:40,765 INFO: Plan 2: ḡ=25, γE[v]=15.0, Q=40.0
2026-09-23 16:50:42,287 INFO: Plan 0: ḡ=0, γE[v]=0.0, Q=0.0
2026-09-23 16:50:42,371 INFO: Plan 1: ḡ=10, γE[v]=15.0, Q=25.0
2026-09-23 16:50:42,371 INFO: Plan 2: ḡ=10, γE[v]=15.0, Q=25.0
2026-09-23 16:50:47,072 INFO: Plan 0: ḡ=12, γE[v]=7.5, Q=19.5
2026-09-23 16:50:47,073 INFO: Plan 1: ḡ=12, γE[v]=7.5, Q=19.5
2026-09-23 16:50:47,376 INFO: Plan 2: ḡ=0, γE[v]=15.0, Q=15.0
2026-09-23 16:50:47,840 INFO: Plan 1: ḡ=12, γE[v]=10.0, Q=22.0
2026-09-23 16:50:47,841 INFO: Plan 0: ḡ=12, γE[v]=9.0, Q=21.0
2026-09-23 16:50:47,841 INFO: Plan 2: ḡ=12, γE[v]=17.5, Q=29.5
2026-09-23 16:50:48,881 INFO: Plan 2: ḡ=12, γE[v]=15.0, Q=27.0
2026-09-23 16:50:48,882 INFO: Plan 1: ḡ=12, γE[v]=17.5, Q=29.5
2026-09-23 16:50:48,882 INFO: Plan 0: ḡ=12, γE[v]=15.0, Q=27.0
2026-09-23 16:50:53,887 INFO: Plan 0: ḡ=12, γE[v]=7.5, Q=19.5
2026-09-23 16:50:54,038 INFO: Plan 1: ḡ=12, γE[v]=7.5, Q=19.5
2026-09-23 16:50:54,462 INFO: Plan 2: ḡ=12, γE[v]=10.0, Q=22.0
2026-09-23 16:51:00,414 INFO: Plan 0: ḡ=10, γE[v]=15.0, Q=25.0
2026-09-23 16:51:00,686 INFO: Plan 1: ḡ=10, γE[v]=20.0, Q=30.0
2026-09-23 16:51:00,756 INFO: Plan 2: ḡ=10, γE[v]=15.0, Q=25.0
2026-09-23 16:51:01,013 INFO: Plan 0: ḡ=0, γE[v]=0.0, Q=0.0
2026-09-23 16:51:01,244 INFO: Plan 1: ḡ=12, γE[v]=7.5, Q=19.5
2026-09-23 16:51:01,285 INFO: Plan 2: ḡ=25, γE[v]=7.5, Q=32.5
2026-09-23 16:51:04,015 INFO: Plan 1: ḡ=12, γE[v]=15.0, Q=27.0
2026-09-23 16:51:04,476 INFO: Plan 2: ḡ=10, γE[v]=7.5, Q=17.5
2026-09-23 16:51:04,476 INFO: Plan 0: ḡ=12, γE[v]=15.0, Q=27.0
2026-09-23 16:51:04,969 INFO: Plan 2: ḡ=12, γE[v]=17.5, Q=29.5
2026-09-23 16:51:04,970 INFO: Plan 0: ḡ=12, γE[v]=17.5, Q=29.5
2026-09-23 16:51:04,970 INFO: Plan 1: ḡ=25, γE[v]=15.0, Q=40.0
2026-09-23 16:51:05,410 INFO: Plan 1: ḡ=12, γE[v]=4.0, Q=16.0
2026-09-23 16:51:05,455 INFO: Plan 2: ḡ=12, γE[v]=7.5, Q=19.5
2026-09-23 16:51:05,455 INFO: Plan 0: ḡ=12, γE[v]=5.0, Q=17.0
2026-09-23 16:51:06,086 INFO: Plan 2: ḡ=10, γE[v]=10.0, Q=20.0
2026-09-23 16:51:06,087 INFO: Plan 1: ḡ=25, γE[v]=15.0, Q=40.0
2026-09-23 16:51:06,088 INFO: Plan 0: ḡ=12, γE[v]=15.0, Q=27.0
2026-09-23 16:51:06,404 INFO: Plan 2: ḡ=0, γE[v]=5.0, Q=5.0
2026-09-23 16:51:06,446 INFO: Plan 0: ḡ=10, γE[v]=7.5, Q=17.5
2026-09-23 16:51:06,446 INFO: Plan 1: ḡ=12, γE[v]=10.0, Q=22.0
2026-09-23 16:51:06,598 INFO: Plan 0: ḡ=30, γE[v]=7.5, Q=37.5
2026-09-23 16:51:06,598 INFO: Plan 1: ḡ=12, γE[v]=10.0, Q=22.0
2026-09-23 16:51:06,636 INFO: Plan 2: ḡ=12, γE[v]=10.0, Q=22.0
2026-09-23 16:51:16,715 INFO: Plan 0: ḡ=12, γE[v]=7.5, Q=19.5
2026-09-23 16:51:16,756 INFO: Plan 1: ḡ=12, γE[v]=10.0, Q=22.0
2026-09-23 16:51:16,907 INFO: Plan 2: ḡ=12, γE[v]=15.0, Q=27.0
2026-09-23 16:51:17,421 INFO: Plan 1: ḡ=0, γE[v]=0.0, Q=0.0
2026-09-23 16:51:17,462 INFO: Plan 2: ḡ=5, γE[v]=5.0, Q=10.0
2026-09-23 16:51:17,505 INFO: Plan 0: ḡ=0, γE[v]=0.0, Q=0.0
2026-09-23 16:51:18,748 INFO: Plan 1: ḡ=12, γE[v]=10.0, Q=22.0
2026-09-23 16:51:18,748 INFO: Plan 0: ḡ=10, γE[v]=10.0, Q=20.0
2026-09-23 16:51:19,218 INFO: Plan 2: ḡ=12, γE[v]=7.5, Q=19.5
2026-09-23 16:51:19,851 INFO: Plan 0: ḡ=12, γE[v]=7.5, Q=19.5
2026-09-23 16:51:19,852 INFO: Plan 2: ḡ=10, γE[v]=15.0, Q=25.0
2026-09-23 16:51:19,852 INFO: Plan 1: ḡ=12, γE[v]=10.0, Q=22.0
2026-09-23 16:51:20,406 INFO: Plan 0: ḡ=12, γE[v]=10.0, Q=22.0
2026-09-23 16:51:20,407 INFO: Plan 2: ḡ=12, γE[v]=10.0, Q=22.0
2026-09-23 16:51:20,407 INFO: Plan 1: ḡ=12, γE[v]=15.0, Q=27.0
2026-09-23 16:51:20,447 INFO: Plan 0: ḡ=5, γE[v]=7.5, Q=12.5
2026-09-23 16:51:20,447 INFO: Plan 1: ḡ=0, γE[v]=0.0, Q=0.0
2026-09-23 16:51:20,619 INFO: Plan 2: ḡ=0, γE[v]=5.0, Q=5.0
2026-09-23 16:51:25,895 INFO: Plan 0: ḡ=12, γE[v]=15.0, Q=27.0
2026-09-23 16:51:26,715 INFO: Plan 1: ḡ=25, γE[v]=15.0, Q=40.0
2026-09-23 16:51:27,472 INFO: Plan 2: ḡ=12, γE[v]=7.5, Q=19.5
2026-09-23 16:51:35,620 INFO: Plan 0: ḡ=0, γE[v]=5.0, Q=5.0
2026-09-23 16:51:35,663 INFO: Plan 2: ḡ=12, γE[v]=10.0, Q=22.0
2026-09-23 16:51:35,663 INFO: Plan 1: ḡ=12, γE[v]=10.0, Q=22.0
2026-09-23 16:51:37,006 INFO: Plan 0: ḡ=12, γE[v]=15.0, Q=27.0
2026-09-23 16:51:37,171 INFO: Plan 1: ḡ=12, γE[v]=17.5, Q=29.5
2026-09-23 16:51:37,171 INFO: Plan 2: ḡ=12, γE[v]=17.5, Q=29.5
2026-09-23 16:51:39,520 INFO: Plan 0: ḡ=12, γE[v]=7.5, Q=19.5
2026-09-23 16:51:39,642 INFO: Plan 1: ḡ=12, γE[v]=7.5, Q=19.5
2026-09-23 16:51:39,724 INFO: Plan 2: ḡ=12, γE[v]=10.0, Q=22.0
2026-09-23 16:51:51,880 INFO: Plan 0: ḡ=0, γE[v]=5.0, Q=5.0
2026-09-23 16:51:51,919 INFO: Plan 2: ḡ=0, γE[v]=0.0, Q=0.0
2026-09-23 16:51:52,005 INFO: Plan 1: ḡ=10, γE[v]=10.0, Q=20.0
2026-09-23 16:51:52,801 INFO: Plan 1: ḡ=10, γE[v]=15.0, Q=25.0
2026-09-23 16:51:52,842 INFO: Plan 0: ḡ=5, γE[v]=7.5, Q=12.5
2026-09-23 16:51:52,883 INFO: Plan 2: ḡ=10, γE[v]=10.0, Q=20.0
2026-09-23 16:51:57,833 INFO: Plan 0: ḡ=12, γE[v]=15.0, Q=27.0
2026-09-23 16:51:57,833 INFO: Plan 1: ḡ=10, γE[v]=7.5, Q=17.5
2026-09-23 16:51:57,874 INFO: Plan 2: ḡ=12, γE[v]=7.5, Q=19.5
2026-09-23 16:51:58,592 INFO: Plan 0: ḡ=0, γE[v]=0.0, Q=0.0
2026-09-23 16:51:58,896 INFO: Plan 1: ḡ=25, γE[v]=7.5, Q=32.5
2026-09-23 16:51:59,230 INFO: Plan 2: ḡ=25, γE[v]=15.0, Q=40.0
2026-09-23 16:52:02,962 INFO: Plan 1: ḡ=0, γE[v]=0.0, Q=0.0
2026-09-23 16:52:03,049 INFO: Plan 2: ḡ=12, γE[v]=7.5, Q=19.5
2026-09-23 16:52:03,049 INFO: Plan 0: ḡ=10, γE[v]=7.5, Q=17.5
2026-09-23 16:52:12,317 INFO: Plan 0: ḡ=25, γE[v]=15.0, Q=40.0
2026-09-23 16:52:12,437 INFO: Plan 1: ḡ=35, γE[v]=20.0, Q=55.0
2026-09-23 16:52:12,438 INFO: Plan 2: ḡ=12, γE[v]=15.0, Q=27.0
2026-09-23 16:52:12,916 INFO: Plan 1: ḡ=12, γE[v]=10.0, Q=22.0
2026-09-23 16:52:12,917 INFO: Plan 2: ḡ=12, γE[v]=10.0, Q=22.0
2026-09-23 16:52:12,918 INFO: Plan 0: ḡ=12, γE[v]=10.0, Q=22.0
2026-09-23 16:52:14,931 INFO: Plan 2: ḡ=25, γE[v]=7.5, Q=32.5
2026-09-23 16:52:14,932 INFO: Plan 1: ḡ=25, γE[v]=7.5, Q=32.5
2026-09-23 16:52:14,932 INFO: Plan 0: ḡ=25, γE[v]=7.5, Q=32.5
2026-09-23 16:52:18,059 INFO: Plan 1: ḡ=12, γE[v]=7.5, Q=19.5
2026-09-23 16:52:18,791 INFO: Plan 0: ḡ=25, γE[v]=7.5, Q=32.5
2026-09-23 16:52:18,831 INFO: Plan 2: ḡ=12, γE[v]=7.5, Q=19.5
2026-09-23 16:52:22,164 INFO: Plan 0: ḡ=5, γE[v]=15.0, Q=20.0
2026-09-23 16:52:22,204 INFO: Plan 1: ḡ=12, γE[v]=7.5, Q=19.5
2026-09-23 16:52:22,287 INFO: Plan 2: ḡ=12, γE[v]=10.0, Q=22.0
2026-09-23 16:52:40,666 INFO: Plan 1: ḡ=12, γE[v]=10.0, Q=22.0
2026-09-23 16:52:40,933 INFO: Plan 2: ḡ=0, γE[v]=0.0, Q=0.0
2026-09-23 16:52:40,976 INFO: Plan 0: ḡ=2, γE[v]=5.0, Q=7.0
2026-09-23 16:53:00,829 INFO: Plan 2: ḡ=0, γE[v]=5.0, Q=5.0
2026-09-23 16:53:00,830 INFO: Plan 0: ḡ=12, γE[v]=7.5, Q=19.5
2026-09-23 16:53:00,871 INFO: Plan 1: ḡ=12, γE[v]=7.5, Q=19.5
2026-09-23 16:53:02,052 INFO: Plan 0: ḡ=10, γE[v]=15.0, Q=25.0
2026-09-23 16:53:02,053 INFO: Plan 1: ḡ=12, γE[v]=10.0, Q=22.0
2026-09-23 16:53:02,091 INFO: Plan 2: ḡ=12, γE[v]=10.0, Q=22.0
2026-09-23 16:53:12,774 INFO: Plan 1: ḡ=12, γE[v]=15.0, Q=27.0
2026-09-23 16:53:12,855 INFO: Plan 0: ḡ=12, γE[v]=15.0, Q=27.0
2026-09-23 16:53:13,127 INFO: Plan 2: ḡ=12, γE[v]=15.0, Q=27.0
2026-09-23 16:53:41,853 INFO: Plan 0: ḡ=5, γE[v]=7.5, Q=12.5
2026-09-23 16:53:42,219 INFO: Plan 1: ḡ=0, γE[v]=0.0, Q=0.0
2026-09-23 16:53:42,520 INFO: Plan 2: ḡ=12, γE[v]=10.0, Q=22.0
  [1/93] click.formatting seed=42: {'cov_qvalue_tgt_fnt_bayes': 50, 'cov_qvalue_tgt_rnd': 46, 'divhints_oracle': 31}
  [2/93] click.testing seed=42: {'cov_qvalue_tgt_fnt_bayes': 64, 'cov_qvalue_tgt_rnd': 63, 'divhints_oracle': 37}
2026-09-23 16:54:59,058 INFO: Plan 0: ḡ=5, γE[v]=7.5, Q=12.5
2026-09-23 16:54:59,242 INFO: Plan 2: ḡ=0, γE[v]=0.0, Q=0.0
2026-09-23 16:54:59,243 INFO: Plan 1: ḡ=12, γE[v]=15.0, Q=27.0
  [3/93] click.exceptions seed=42: {'cov_qvalue_tgt_fnt_bayes': 38, 'cov_qvalue_tgt_rnd': 37, 'divhints_oracle': 14}
  [4/93] flask.ctx seed=42: {'cov_qvalue_tgt_fnt_bayes': 85, 'cov_qvalue_tgt_rnd': 80, 'divhints_oracle': 61}
  [5/93] flask.testing seed=42: {'cov_qvalue_tgt_fnt_bayes': 31, 'cov_qvalue_tgt_rnd': 29, 'divhints_oracle': 9}
2026-09-23 16:55:21,658 INFO: Plan 1: ḡ=39, γE[v]=22.0, Q=61.0 (fn)
2026-09-23 16:55:22,183 INFO: Plan 2: ḡ=87, γE[v]=6.0, Q=93.0 (fn)
2026-09-23 16:55:24,315 INFO: Plan 0: ḡ=24, γE[v]=0.0, Q=24.0 (fn)
2026-09-23 16:55:25,435 INFO: Plan 0: ḡ=54, γE[v]=39.5, Q=93.5 (fn)
2026-09-23 16:55:25,437 INFO: Plan 0: ḡ=27.0, γE[v]=22.5, Q=49.5 (bayes)
2026-09-23 16:55:25,437 INFO: Plan 1: ḡ=19.5, γE[v]=25.5, Q=45.0 (bayes)
2026-09-23 16:55:25,437 INFO: Plan 2: ḡ=43.5, γE[v]=12.8, Q=56.3 (bayes)
2026-09-23 16:55:32,419 INFO: Plan 1: ḡ=25, γE[v]=40.0, Q=65.0 (fn)
  [6/93] click.types seed=42: {'cov_qvalue_tgt_fnt_bayes': 75, 'cov_qvalue_tgt_rnd': 61, 'divhints_oracle': 10}
2026-09-23 16:55:34,114 INFO: Plan 2: ḡ=122, γE[v]=26.0, Q=148.0 (fn)
2026-09-23 16:55:34,115 INFO: Plan 0: ḡ=12.0, γE[v]=37.5, Q=49.5 (bayes)
2026-09-23 16:55:34,115 INFO: Plan 1: ḡ=12.5, γE[v]=39.1, Q=51.5 (bayes)
2026-09-23 16:55:34,115 INFO: Plan 2: ḡ=61.0, γE[v]=14.2, Q=75.2 (bayes)
  [7/93] click.termui seed=42: {'cov_qvalue_tgt_fnt_bayes': 41, 'cov_qvalue_tgt_rnd': 41, 'divhints_oracle': 18}
2026-09-23 16:56:09,098 INFO: Plan 0: ḡ=36, γE[v]=39.5, Q=75.5 (fn)
2026-09-23 16:56:10,653 INFO: Plan 1: ḡ=101, γE[v]=74.5, Q=175.5 (fn)
2026-09-23 16:56:11,180 INFO: Plan 2: ḡ=165, γE[v]=36.0, Q=201.0 (fn)
2026-09-23 16:56:11,181 INFO: Plan 0: ḡ=18.0, γE[v]=159.5, Q=177.5 (bayes)
2026-09-23 16:56:11,181 INFO: Plan 1: ḡ=50.5, γE[v]=144.9, Q=195.3 (bayes)
2026-09-23 16:56:11,181 INFO: Plan 2: ḡ=82.5, γE[v]=127.1, Q=209.6 (bayes)
2026-09-23 16:56:11,799 INFO: Plan 2: ḡ=0, γE[v]=0.0, Q=0.0
2026-09-23 16:56:12,186 INFO: Plan 0: ḡ=5, γE[v]=7.5, Q=12.5
2026-09-23 16:56:12,306 INFO: Plan 1: ḡ=12, γE[v]=15.0, Q=27.0
2026-09-23 16:56:15,345 INFO: Plan 0: ḡ=16, γE[v]=0.0, Q=16.0 (fn)
  [8/93] jinja2.utils seed=42: {'cov_qvalue_tgt_fnt_bayes': 82, 'cov_qvalue_tgt_rnd': 87, 'divhints_oracle': 11}
  [9/93] requests.auth seed=42: {'cov_qvalue_tgt_fnt_bayes': 67, 'cov_qvalue_tgt_rnd': 65, 'divhints_oracle': 50}
2026-09-23 16:56:15,905 INFO: Plan 2: ḡ=54, γE[v]=6.0, Q=60.0 (fn)
  [10/93] rich.markdown seed=42: {'cov_qvalue_tgt_fnt_bayes': 82, 'cov_qvalue_tgt_rnd': 34, 'divhints_oracle': 18}
2026-09-23 16:56:18,424 INFO: Plan 0: ḡ=56, γE[v]=12.5, Q=68.5 (fn)
  [11/93] click.utils seed=42: {'cov_qvalue_tgt_fnt_bayes': 51, 'cov_qvalue_tgt_rnd': 51, 'divhints_oracle': 21}
  [12/93] flask.sessions seed=42: {'cov_qvalue_tgt_fnt_bayes': 18, 'cov_qvalue_tgt_rnd': 13, 'divhints_oracle': 4}
2026-09-23 16:56:21,731 INFO: Plan 1: ḡ=109, γE[v]=9.5, Q=118.5 (fn)
2026-09-23 16:56:21,731 INFO: Plan 0: ḡ=28.0, γE[v]=36.3, Q=64.3 (bayes)
2026-09-23 16:56:21,731 INFO: Plan 1: ḡ=54.5, γE[v]=22.9, Q=77.4 (bayes)
2026-09-23 16:56:21,731 INFO: Plan 2: ḡ=27.0, γE[v]=36.5, Q=63.5 (bayes)
2026-09-23 16:56:23,544 INFO: Plan 1: ḡ=178, γE[v]=80.5, Q=258.5 (fn)
2026-09-23 16:56:30,482 INFO: Plan 0: ḡ=15, γE[v]=0.0, Q=15.0 (fn)
2026-09-23 16:56:31,098 INFO: Plan 1: ḡ=20, γE[v]=0.0, Q=20.0 (fn)
2026-09-23 16:56:31,689 INFO: Plan 2: ḡ=15, γE[v]=0.0, Q=15.0 (fn)
2026-09-23 16:56:31,690 INFO: Plan 0: ḡ=7.5, γE[v]=5.2, Q=12.7 (bayes)
2026-09-23 16:56:31,690 INFO: Plan 1: ḡ=6.7, γE[v]=5.6, Q=12.2 (bayes)
2026-09-23 16:56:31,690 INFO: Plan 2: ḡ=5.7, γE[v]=6.1, Q=11.8 (bayes)
2026-09-23 16:56:35,669 INFO: Plan 2: ḡ=738, γE[v]=77.5, Q=815.5 (fn)
2026-09-23 16:56:35,670 INFO: Plan 0: ḡ=8.0, γE[v]=241.5, Q=249.5 (bayes)
2026-09-23 16:56:35,670 INFO: Plan 1: ḡ=89.0, γE[v]=204.6, Q=293.6 (bayes)
2026-09-23 16:56:35,670 INFO: Plan 2: ḡ=369.0, γE[v]=64.5, Q=433.5 (bayes)
2026-09-23 16:56:37,527 INFO: Plan 0: ḡ=104, γE[v]=0.0, Q=104.0 (fn)
2026-09-23 16:56:37,567 INFO: Plan 1: ḡ=88, γE[v]=0.0, Q=88.0 (fn)
2026-09-23 16:56:37,876 INFO: Plan 0: ḡ=163, γE[v]=0.0, Q=163.0 (fn)
2026-09-23 16:56:38,018 INFO: Plan 1: ḡ=57, γE[v]=0.0, Q=57.0 (fn)
2026-09-23 16:56:38,681 INFO: Plan 2: ḡ=42, γE[v]=0.0, Q=42.0 (fn)
2026-09-23 16:56:38,682 INFO: Plan 0: ḡ=81.5, γE[v]=32.2, Q=113.8 (bayes)
2026-09-23 16:56:38,682 INFO: Plan 1: ḡ=44.0, γE[v]=51.0, Q=95.0 (bayes)
2026-09-23 16:56:38,682 INFO: Plan 2: ḡ=21.0, γE[v]=62.5, Q=83.5 (bayes)
2026-09-23 16:56:40,237 INFO: Plan 2: ḡ=256, γE[v]=0.0, Q=256.0 (fn)
2026-09-23 16:56:40,238 INFO: Plan 0: ḡ=52.0, γE[v]=38.0, Q=90.0 (bayes)
2026-09-23 16:56:40,238 INFO: Plan 1: ḡ=28.5, γE[v]=49.8, Q=78.2 (bayes)
2026-09-23 16:56:40,238 INFO: Plan 2: ḡ=128.0, γE[v]=0.0, Q=128.0 (bayes)
2026-09-23 16:56:46,078 INFO: Plan 1: ḡ=124, γE[v]=10.0, Q=134.0 (fn)
2026-09-23 16:56:46,743 INFO: Plan 2: ḡ=99, γE[v]=23.5, Q=122.5 (fn)
2026-09-23 16:56:47,139 INFO: Plan 0: ḡ=92, γE[v]=27.0, Q=119.0 (fn)
2026-09-23 16:56:47,139 INFO: Plan 0: ḡ=30.7, γE[v]=10.6, Q=41.3 (bayes)
2026-09-23 16:56:47,139 INFO: Plan 1: ḡ=41.3, γE[v]=4.3, Q=45.6 (bayes)
2026-09-23 16:56:47,139 INFO: Plan 2: ḡ=33.0, γE[v]=9.2, Q=42.2 (bayes)
  [13/93] rich.color seed=42: {'cov_qvalue_tgt_fnt_bayes': 57, 'cov_qvalue_tgt_rnd': 54, 'divhints_oracle': 26}
  [14/93] rich.style seed=42: {'cov_qvalue_tgt_fnt_bayes': 132, 'cov_qvalue_tgt_rnd': 128, 'divhints_oracle': 92}
  [15/93] requests.models seed=42: {'cov_qvalue_tgt_fnt_bayes': 141, 'cov_qvalue_tgt_rnd': 138, 'divhints_oracle': 28}
  [16/93] flask.json.provider seed=42: {'cov_qvalue_tgt_fnt_bayes': 57, 'cov_qvalue_tgt_rnd': 57, 'divhints_oracle': 46}
  [17/93] rich.table seed=42: {'cov_qvalue_tgt_fnt_bayes': 181, 'cov_qvalue_tgt_rnd': 206, 'divhints_oracle': 201}
  [18/93] rich.text seed=42: {'cov_qvalue_tgt_fnt_bayes': 247, 'cov_qvalue_tgt_rnd': 195, 'divhints_oracle': 30}
2026-09-23 16:57:13,568 INFO: Plan 2: ḡ=93, γE[v]=0.0, Q=93.0 (fn)
2026-09-23 16:57:13,994 INFO: Plan 0: ḡ=93, γE[v]=13.0, Q=106.0 (fn)
2026-09-23 16:57:15,373 INFO: Plan 1: ḡ=70, γE[v]=0.0, Q=70.0 (fn)
2026-09-23 16:57:15,374 INFO: Plan 2: ḡ=74, γE[v]=0.0, Q=74.0 (fn)
2026-09-23 16:57:15,946 INFO: Plan 1: ḡ=75, γE[v]=0.0, Q=75.0 (fn)
2026-09-23 16:57:16,320 INFO: Plan 2: ḡ=42, γE[v]=0.0, Q=42.0 (fn)
2026-09-23 16:57:16,712 INFO: Plan 0: ḡ=77, γE[v]=41.5, Q=118.5 (fn)
2026-09-23 16:57:16,712 INFO: Plan 0: ḡ=38.5, γE[v]=22.6, Q=61.1 (bayes)
2026-09-23 16:57:16,712 INFO: Plan 1: ḡ=35.0, γE[v]=22.5, Q=57.5 (bayes)
2026-09-23 16:57:16,712 INFO: Plan 2: ḡ=37.0, γE[v]=21.5, Q=58.5 (bayes)
  [19/93] rich.console seed=42: {'cov_qvalue_tgt_fnt_bayes': 295, 'cov_qvalue_tgt_rnd': 163, 'divhints_oracle': 225}
2026-09-23 16:57:17,719 INFO: Plan 0: ḡ=99, γE[v]=0.0, Q=99.0 (fn)
2026-09-23 16:57:17,728 INFO: Plan 0: ḡ=49.5, γE[v]=24.5, Q=74.0 (bayes)
2026-09-23 16:57:17,728 INFO: Plan 1: ḡ=37.5, γE[v]=30.5, Q=68.0 (bayes)
2026-09-23 16:57:17,728 INFO: Plan 2: ḡ=21.0, γE[v]=38.8, Q=59.8 (bayes)
2026-09-23 16:57:19,682 INFO: Plan 1: ḡ=163, γE[v]=27.5, Q=190.5 (fn)
2026-09-23 16:57:19,682 INFO: Plan 0: ḡ=46.5, γE[v]=31.8, Q=78.3 (bayes)
2026-09-23 16:57:19,683 INFO: Plan 1: ḡ=81.5, γE[v]=15.0, Q=96.5 (bayes)
2026-09-23 16:57:19,683 INFO: Plan 2: ḡ=46.5, γE[v]=31.2, Q=77.8 (bayes)
2026-09-23 16:57:21,490 INFO: Plan 0: ḡ=13, γE[v]=0.0, Q=13.0 (fn)
2026-09-23 16:57:22,924 INFO: Plan 2: ḡ=8, γE[v]=0.0, Q=8.0 (fn)
  [20/93] flask.helpers seed=42: {'cov_qvalue_tgt_fnt_bayes': 26, 'cov_qvalue_tgt_rnd': 27, 'divhints_oracle': 11}
2026-09-23 16:57:24,724 INFO: Plan 1: ḡ=60, γE[v]=0.0, Q=60.0 (fn)
2026-09-23 16:57:24,725 INFO: Plan 0: ḡ=5.3, γE[v]=16.8, Q=22.2 (bayes)
2026-09-23 16:57:24,725 INFO: Plan 1: ḡ=27.8, γE[v]=5.6, Q=33.4 (bayes)
2026-09-23 16:57:24,725 INFO: Plan 2: ḡ=3.8, γE[v]=17.6, Q=21.4 (bayes)
  [21/93] rich.traceback seed=42: {'cov_qvalue_tgt_fnt_bayes': 77, 'cov_qvalue_tgt_rnd': 83, 'divhints_oracle': 72}
  [22/93] rich.layout seed=42: {'cov_qvalue_tgt_fnt_bayes': 67, 'cov_qvalue_tgt_rnd': 66, 'divhints_oracle': 17}
2026-09-23 16:57:30,721 INFO: Plan 0: ḡ=31, γE[v]=0.0, Q=31.0 (fn)
2026-09-23 16:57:30,956 INFO: Plan 0: ḡ=2, γE[v]=0.0, Q=2.0 (fn)
2026-09-23 16:57:31,521 INFO: Plan 2: ḡ=4, γE[v]=0.0, Q=4.0 (fn)
2026-09-23 16:57:31,607 INFO: Plan 1: ḡ=25, γE[v]=0.0, Q=25.0 (fn)
2026-09-23 16:57:31,608 INFO: Plan 0: ḡ=0.7, γE[v]=4.8, Q=5.5 (bayes)
2026-09-23 16:57:31,608 INFO: Plan 1: ḡ=8.3, γE[v]=1.0, Q=9.3 (bayes)
2026-09-23 16:57:31,608 INFO: Plan 2: ḡ=1.3, γE[v]=4.5, Q=5.8 (bayes)
2026-09-23 16:57:33,220 INFO: Plan 2: ḡ=132, γE[v]=0.0, Q=132.0 (fn)
2026-09-23 16:57:35,283 INFO: Plan 0: ḡ=52, γE[v]=0.0, Q=52.0 (fn)
2026-09-23 16:57:36,168 INFO: Plan 2: ḡ=64, γE[v]=0.0, Q=64.0 (fn)
2026-09-23 16:57:37,224 INFO: Plan 1: ḡ=26, γE[v]=64.0, Q=90.0 (fn)
2026-09-23 16:57:37,227 INFO: Plan 0: ḡ=35, γE[v]=0.0, Q=35.0 (fn)
2026-09-23 16:57:37,228 INFO: Plan 0: ḡ=15.5, γE[v]=39.0, Q=54.5 (bayes)
2026-09-23 16:57:37,228 INFO: Plan 1: ḡ=13.0, γE[v]=43.1, Q=56.1 (bayes)
2026-09-23 16:57:37,228 INFO: Plan 2: ḡ=66.0, γE[v]=13.8, Q=79.8 (bayes)
2026-09-23 16:57:38,233 INFO: Plan 1: ḡ=55, γE[v]=0.0, Q=55.0 (fn)
2026-09-23 16:57:38,887 INFO: Plan 1: ḡ=10, γE[v]=6.0, Q=16.0 (fn)
2026-09-23 16:57:38,887 INFO: Plan 0: ḡ=26.0, γE[v]=72.7, Q=98.7 (bayes)
2026-09-23 16:57:38,887 INFO: Plan 1: ḡ=3.8, γE[v]=84.1, Q=87.9 (bayes)
2026-09-23 16:57:38,888 INFO: Plan 2: ḡ=30.8, γE[v]=70.2, Q=101.1 (bayes)
  [23/93] requests.cookies seed=42: {'cov_qvalue_tgt_fnt_bayes': 83, 'cov_qvalue_tgt_rnd': 86, 'divhints_oracle': 8}
2026-09-23 16:57:41,202 INFO: Plan 2: ḡ=61, γE[v]=1.0, Q=62.0 (fn)
2026-09-23 16:57:41,203 INFO: Plan 0: ḡ=17.5, γE[v]=45.2, Q=62.8 (bayes)
2026-09-23 16:57:41,203 INFO: Plan 1: ḡ=27.5, γE[v]=40.2, Q=67.8 (bayes)
2026-09-23 16:57:41,203 INFO: Plan 2: ḡ=30.5, γE[v]=38.8, Q=69.3 (bayes)
2026-09-23 16:57:41,581 INFO: Plan 2: ḡ=0, γE[v]=0.0, Q=0.0 (fn)
2026-09-23 16:57:41,845 INFO: Plan 0: ḡ=7, γE[v]=0.0, Q=7.0 (fn)
2026-09-23 16:57:41,885 INFO: Plan 1: ḡ=7, γE[v]=0.0, Q=7.0 (fn)
2026-09-23 16:57:41,887 INFO: Plan 0: ḡ=3.5, γE[v]=0.0, Q=3.5 (bayes)
2026-09-23 16:57:41,887 INFO: Plan 1: ḡ=3.5, γE[v]=0.0, Q=3.5 (bayes)
2026-09-23 16:57:41,887 INFO: Plan 2: ḡ=0.0, γE[v]=1.8, Q=1.8 (bayes)
2026-09-23 16:57:45,204 INFO: Plan 2: ḡ=91, γE[v]=0.0, Q=91.0 (fn)
2026-09-23 16:57:45,603 INFO: Plan 1: ḡ=93, γE[v]=0.0, Q=93.0 (fn)
2026-09-23 16:57:46,321 INFO: Plan 0: ḡ=69, γE[v]=0.0, Q=69.0 (fn)
2026-09-23 16:57:46,321 INFO: Plan 0: ḡ=25.7, γE[v]=43.2, Q=68.9 (bayes)
2026-09-23 16:57:46,321 INFO: Plan 1: ḡ=31.0, γE[v]=40.6, Q=71.6 (bayes)
2026-09-23 16:57:46,321 INFO: Plan 2: ḡ=36.7, γE[v]=37.7, Q=74.4 (bayes)
2026-09-23 16:57:47,592 INFO: Plan 0: ḡ=38, γE[v]=0.0, Q=38.0 (fn)
  [24/93] flask.config seed=42: {'cov_qvalue_tgt_fnt_bayes': 25, 'cov_qvalue_tgt_rnd': 41, 'divhints_oracle': 31}
  [25/93] click.decorators seed=42: {'cov_qvalue_tgt_fnt_bayes': 48, 'cov_qvalue_tgt_rnd': 50, 'divhints_oracle': 23}
2026-09-23 16:57:51,943 INFO: Plan 1: ḡ=62, γE[v]=0.5, Q=62.5 (fn)
2026-09-23 16:57:53,684 INFO: Plan 2: ḡ=15, γE[v]=2.0, Q=17.0 (fn)
2026-09-23 16:57:53,685 INFO: Plan 0: ḡ=19.0, γE[v]=95.5, Q=114.5 (bayes)
2026-09-23 16:57:53,685 INFO: Plan 1: ḡ=31.0, γE[v]=89.5, Q=120.5 (bayes)
2026-09-23 16:57:53,685 INFO: Plan 2: ḡ=7.5, γE[v]=101.3, Q=108.8 (bayes)
2026-09-23 16:57:57,635 INFO: Plan 0: ḡ=17, γE[v]=0.0, Q=17.0 (fn)
2026-09-23 16:57:59,061 INFO: Plan 1: ḡ=13, γE[v]=0.0, Q=13.0 (fn)
  [26/93] requests.adapters seed=42: {'cov_qvalue_tgt_fnt_bayes': 95, 'cov_qvalue_tgt_rnd': 92, 'divhints_oracle': 91}
2026-09-23 16:57:59,891 INFO: Plan 2: ḡ=23, γE[v]=0.0, Q=23.0 (fn)
2026-09-23 16:57:59,891 INFO: Plan 0: ḡ=4.3, γE[v]=2.5, Q=6.9 (bayes)
2026-09-23 16:57:59,892 INFO: Plan 1: ḡ=3.3, γE[v]=3.0, Q=6.4 (bayes)
2026-09-23 16:57:59,892 INFO: Plan 2: ḡ=5.8, γE[v]=1.8, Q=7.6 (bayes)
2026-09-23 16:58:01,226 INFO: Plan 2: ḡ=34, γE[v]=0.0, Q=34.0 (fn)
2026-09-23 16:58:02,713 INFO: Plan 0: ḡ=30, γE[v]=6.0, Q=36.0 (fn)
2026-09-23 16:58:03,647 INFO: Plan 1: ḡ=223, γE[v]=0.0, Q=223.0 (fn)
2026-09-23 16:58:03,853 INFO: Plan 1: ḡ=77, γE[v]=7.5, Q=84.5 (fn)
2026-09-23 16:58:03,854 INFO: Plan 0: ḡ=10.0, γE[v]=10.7, Q=20.7 (bayes)
2026-09-23 16:58:03,854 INFO: Plan 1: ḡ=25.7, γE[v]=2.9, Q=28.6 (bayes)
2026-09-23 16:58:03,854 INFO: Plan 2: ḡ=11.3, γE[v]=9.7, Q=21.0 (bayes)
  [27/93] jinja2.parser seed=42: {'cov_qvalue_tgt_fnt_bayes': 204, 'cov_qvalue_tgt_rnd': 199, 'divhints_oracle': 13}
2026-09-23 16:58:06,725 INFO: Plan 2: ḡ=0, γE[v]=0.0, Q=0.0 (fn)
2026-09-23 16:58:06,915 INFO: Plan 1: ḡ=0, γE[v]=0.0, Q=0.0 (fn)
2026-09-23 16:58:07,200 INFO: Plan 0: ḡ=0, γE[v]=0.0, Q=0.0 (fn)
2026-09-23 16:58:07,200 INFO: Plan 0: ḡ=0.0, γE[v]=0.0, Q=0.0 (bayes)
2026-09-23 16:58:07,201 INFO: Plan 1: ḡ=0.0, γE[v]=0.0, Q=0.0 (bayes)
2026-09-23 16:58:07,201 INFO: Plan 2: ḡ=0.0, γE[v]=0.0, Q=0.0 (bayes)
  [28/93] flask.app seed=42: {'cov_qvalue_tgt_fnt_bayes': 95, 'cov_qvalue_tgt_rnd': 95, 'divhints_oracle': 171}
2026-09-23 16:58:09,517 INFO: Plan 1: ḡ=173, γE[v]=0.0, Q=173.0 (fn)
2026-09-23 16:58:09,743 INFO: Plan 2: ḡ=349, γE[v]=0.0, Q=349.0 (fn)
2026-09-23 16:58:10,407 INFO: Plan 0: ḡ=440, γE[v]=0.0, Q=440.0 (fn)
2026-09-23 16:58:10,408 INFO: Plan 0: ḡ=220.0, γE[v]=170.5, Q=390.5 (bayes)
2026-09-23 16:58:10,408 INFO: Plan 1: ḡ=111.5, γE[v]=224.8, Q=336.2 (bayes)
2026-09-23 16:58:10,408 INFO: Plan 2: ḡ=174.5, γE[v]=193.2, Q=367.8 (bayes)
  [29/93] jinja2.loaders seed=42: {'cov_qvalue_tgt_fnt_bayes': 75, 'cov_qvalue_tgt_rnd': 90, 'divhints_oracle': 25}
2026-09-23 16:58:14,708 INFO: Plan 0: ḡ=73, γE[v]=85.0, Q=158.0 (fn)
2026-09-23 16:58:15,240 INFO: Plan 2: ḡ=114, γE[v]=108.0, Q=222.0 (fn)
2026-09-23 16:58:15,241 INFO: Plan 0: ḡ=36.5, γE[v]=153.6, Q=190.1 (bayes)
2026-09-23 16:58:15,241 INFO: Plan 1: ḡ=86.5, γE[v]=124.8, Q=211.2 (bayes)
2026-09-23 16:58:15,241 INFO: Plan 2: ḡ=57.0, γE[v]=144.4, Q=201.4 (bayes)
  [30/93] rich.segment seed=42: {'cov_qvalue_tgt_fnt_bayes': 154, 'cov_qvalue_tgt_rnd': 132, 'divhints_oracle': 60}
2026-09-23 16:58:18,344 INFO: Plan 2: ḡ=52, γE[v]=0.0, Q=52.0 (fn)
2026-09-23 16:58:19,524 INFO: Plan 0: ḡ=33, γE[v]=5.5, Q=38.5 (fn)
2026-09-23 16:58:22,452 INFO: Plan 2: ḡ=46, γE[v]=0.0, Q=46.0 (fn)
2026-09-23 16:58:23,685 INFO: Plan 1: ḡ=32, γE[v]=8.0, Q=40.0 (fn)
2026-09-23 16:58:23,686 INFO: Plan 0: ḡ=16.5, γE[v]=22.2, Q=38.8 (bayes)
2026-09-23 16:58:23,686 INFO: Plan 1: ḡ=16.0, γE[v]=22.6, Q=38.6 (bayes)
2026-09-23 16:58:23,686 INFO: Plan 2: ḡ=26.0, γE[v]=17.2, Q=43.2 (bayes)
2026-09-23 16:58:25,633 INFO: Plan 1: ḡ=169, γE[v]=38.0, Q=207.0 (fn)
2026-09-23 16:58:25,671 INFO: Plan 0: ḡ=175, γE[v]=15.5, Q=190.5 (fn)
2026-09-23 16:58:25,672 INFO: Plan 0: ḡ=87.5, γE[v]=48.7, Q=136.2 (bayes)
2026-09-23 16:58:25,672 INFO: Plan 1: ḡ=84.5, γE[v]=51.2, Q=135.7 (bayes)
2026-09-23 16:58:25,672 INFO: Plan 2: ḡ=23.0, γE[v]=80.2, Q=103.2 (bayes)
2026-09-23 16:58:26,265 INFO: Plan 0: ḡ=30, γE[v]=0.0, Q=30.0 (fn)
2026-09-23 16:58:26,266 INFO: Plan 2: ḡ=34, γE[v]=0.0, Q=34.0 (fn)
2026-09-23 16:58:26,498 INFO: Plan 1: ḡ=38, γE[v]=0.0, Q=38.0 (fn)
2026-09-23 16:58:26,498 INFO: Plan 0: ḡ=10.0, γE[v]=12.0, Q=22.0 (bayes)
2026-09-23 16:58:26,498 INFO: Plan 1: ḡ=12.7, γE[v]=10.7, Q=23.3 (bayes)
2026-09-23 16:58:26,498 INFO: Plan 2: ḡ=11.3, γE[v]=11.3, Q=22.7 (bayes)
2026-09-23 16:58:28,544 INFO: Plan 2: ḡ=9, γE[v]=0.0, Q=9.0 (fn)
2026-09-23 16:58:28,878 INFO: Plan 0: ḡ=20, γE[v]=0.0, Q=20.0 (fn)
2026-09-23 16:58:29,204 INFO: Plan 2: ḡ=27, γE[v]=0.0, Q=27.0 (fn)
  [31/93] jinja2.filters seed=42: {'cov_qvalue_tgt_fnt_bayes': 182, 'cov_qvalue_tgt_rnd': 154, 'divhints_oracle': 139}
2026-09-23 16:58:29,895 INFO: Plan 1: ḡ=27, γE[v]=6.0, Q=33.0 (fn)
2026-09-23 16:58:29,895 INFO: Plan 0: ḡ=10.0, γE[v]=9.8, Q=19.8 (bayes)
2026-09-23 16:58:29,895 INFO: Plan 1: ḡ=13.5, γE[v]=8.3, Q=21.8 (bayes)
2026-09-23 16:58:29,895 INFO: Plan 2: ḡ=13.5, γE[v]=8.0, Q=21.5 (bayes)
2026-09-23 16:58:30,895 INFO: Plan 0: ḡ=1, γE[v]=0.0, Q=1.0 (fn)
2026-09-23 16:58:30,979 INFO: Plan 1: ḡ=1, γE[v]=0.0, Q=1.0 (fn)
2026-09-23 16:58:31,453 INFO: Plan 2: ḡ=4, γE[v]=0.0, Q=4.0 (fn)
2026-09-23 16:58:31,454 INFO: Plan 0: ḡ=0.3, γE[v]=0.8, Q=1.2 (bayes)
2026-09-23 16:58:31,454 INFO: Plan 1: ḡ=0.3, γE[v]=0.8, Q=1.2 (bayes)
2026-09-23 16:58:31,454 INFO: Plan 2: ḡ=1.3, γE[v]=0.3, Q=1.7 (bayes)
2026-09-23 16:58:32,982 INFO: Plan 0: ḡ=6, γE[v]=0.0, Q=6.0 (fn)
2026-09-23 16:58:34,185 INFO: Plan 1: ḡ=78, γE[v]=0.0, Q=78.0 (fn)
2026-09-23 16:58:36,013 INFO: Plan 0: ḡ=66, γE[v]=6.0, Q=72.0 (fn)
2026-09-23 16:58:36,014 INFO: Plan 0: ḡ=33.0, γE[v]=3.3, Q=36.3 (bayes)
2026-09-23 16:58:36,014 INFO: Plan 1: ḡ=39.0, γE[v]=0.0, Q=39.0 (bayes)
2026-09-23 16:58:36,014 INFO: Plan 2: ḡ=4.5, γE[v]=17.2, Q=21.8 (bayes)
2026-09-23 16:58:36,397 INFO: Plan 2: ḡ=95, γE[v]=2.0, Q=97.0 (fn)
  [32/93] rich.syntax seed=42: {'cov_qvalue_tgt_fnt_bayes': 75, 'cov_qvalue_tgt_rnd': 63, 'divhints_oracle': 66}
2026-09-23 16:58:37,210 INFO: Plan 0: ḡ=28, γE[v]=0.0, Q=28.0 (fn)
2026-09-23 16:58:37,211 INFO: Plan 1: ḡ=43, γE[v]=0.0, Q=43.0 (fn)
2026-09-23 16:58:37,984 INFO: Plan 1: ḡ=67, γE[v]=16.0, Q=83.0 (fn)
2026-09-23 16:58:37,984 INFO: Plan 0: ḡ=2.0, γE[v]=15.5, Q=17.5 (bayes)
2026-09-23 16:58:37,984 INFO: Plan 1: ḡ=22.3, γE[v]=6.3, Q=28.6 (bayes)
2026-09-23 16:58:37,984 INFO: Plan 2: ḡ=31.7, γE[v]=0.8, Q=32.5 (bayes)
2026-09-23 16:58:38,024 INFO: Plan 2: ḡ=106, γE[v]=2.0, Q=108.0 (fn)
2026-09-23 16:58:38,281 INFO: Plan 2: ḡ=38, γE[v]=6.5, Q=44.5 (fn)
2026-09-23 16:58:38,282 INFO: Plan 0: ḡ=14.0, γE[v]=5.8, Q=19.8 (bayes)
2026-09-23 16:58:38,282 INFO: Plan 1: ḡ=21.5, γE[v]=2.0, Q=23.5 (bayes)
2026-09-23 16:58:38,282 INFO: Plan 2: ḡ=19.0, γE[v]=3.5, Q=22.5 (bayes)
2026-09-23 16:58:38,735 INFO: Plan 0: ḡ=14, γE[v]=0.0, Q=14.0 (fn)
2026-09-23 16:58:38,846 INFO: Plan 2: ḡ=8, γE[v]=0.0, Q=8.0 (fn)
2026-09-23 16:58:38,886 INFO: Plan 1: ḡ=58, γE[v]=26.0, Q=84.0 (fn)
2026-09-23 16:58:40,034 INFO: Plan 0: ḡ=66, γE[v]=22.0, Q=88.0 (fn)
2026-09-23 16:58:40,035 INFO: Plan 0: ḡ=33.0, γE[v]=12.0, Q=45.0 (bayes)
2026-09-23 16:58:40,035 INFO: Plan 1: ḡ=29.0, γE[v]=14.2, Q=43.2 (bayes)
2026-09-23 16:58:40,035 INFO: Plan 2: ḡ=53.0, γE[v]=1.1, Q=54.1 (bayes)
2026-09-23 16:58:40,625 INFO: Plan 1: ḡ=34, γE[v]=0.0, Q=34.0 (fn)
2026-09-23 16:58:40,955 INFO: Plan 0: ḡ=57, γE[v]=0.0, Q=57.0 (fn)
2026-09-23 16:58:41,192 INFO: Plan 2: ḡ=57, γE[v]=0.0, Q=57.0 (fn)
2026-09-23 16:58:41,194 INFO: Plan 0: ḡ=28.5, γE[v]=113.5, Q=142.0 (bayes)
2026-09-23 16:58:41,195 INFO: Plan 1: ḡ=17.0, γE[v]=119.2, Q=136.2 (bayes)
2026-09-23 16:58:41,195 INFO: Plan 2: ḡ=28.5, γE[v]=113.5, Q=142.0 (bayes)
2026-09-23 16:58:41,560 INFO: Plan 0: ḡ=33, γE[v]=0.0, Q=33.0 (fn)
2026-09-23 16:58:42,432 INFO: Plan 2: ḡ=46, γE[v]=0.0, Q=46.0 (fn)
  [33/93] rich.pretty seed=42: {'cov_qvalue_tgt_fnt_bayes': 99, 'cov_qvalue_tgt_rnd': 92, 'divhints_oracle': 9}
2026-09-23 16:58:44,549 INFO: Plan 1: ḡ=9, γE[v]=15.0, Q=24.0 (fn)
2026-09-23 16:58:44,549 INFO: Plan 0: ḡ=16.5, γE[v]=5.5, Q=22.0 (bayes)
2026-09-23 16:58:44,549 INFO: Plan 1: ḡ=4.5, γE[v]=12.2, Q=16.7 (bayes)
2026-09-23 16:58:44,549 INFO: Plan 2: ḡ=23.0, γE[v]=2.2, Q=25.2 (bayes)
2026-09-23 16:58:44,757 INFO: Plan 1: ḡ=25, γE[v]=0.0, Q=25.0 (fn)
2026-09-23 16:58:45,464 INFO: Plan 0: ḡ=6, γE[v]=0.0, Q=6.0 (fn)
2026-09-23 16:58:45,502 INFO: Plan 1: ḡ=0, γE[v]=0.0, Q=0.0 (fn)
2026-09-23 16:58:45,693 INFO: Plan 2: ḡ=0, γE[v]=0.0, Q=0.0 (fn)
2026-09-23 16:58:45,694 INFO: Plan 0: ḡ=2.0, γE[v]=0.0, Q=2.0 (bayes)
2026-09-23 16:58:45,694 INFO: Plan 1: ḡ=0.0, γE[v]=1.0, Q=1.0 (bayes)
2026-09-23 16:58:45,694 INFO: Plan 2: ḡ=0.0, γE[v]=1.0, Q=1.0 (bayes)
2026-09-23 16:58:46,561 INFO: Plan 0: ḡ=31, γE[v]=17.0, Q=48.0 (fn)
2026-09-23 16:58:46,599 INFO: Plan 1: ḡ=52, γE[v]=0.0, Q=52.0 (fn)
2026-09-23 16:58:47,397 INFO: Plan 2: ḡ=51, γE[v]=0.0, Q=51.0 (fn)
2026-09-23 16:58:47,400 INFO: Plan 0: ḡ=15.5, γE[v]=53.6, Q=69.1 (bayes)
2026-09-23 16:58:47,400 INFO: Plan 1: ḡ=8.5, γE[v]=56.3, Q=64.8 (bayes)
2026-09-23 16:58:47,400 INFO: Plan 2: ḡ=24.2, γE[v]=48.5, Q=72.7 (bayes)
2026-09-23 16:58:47,733 INFO: Plan 0: ḡ=35, γE[v]=0.0, Q=35.0 (fn)
2026-09-23 16:58:47,815 INFO: Plan 2: ḡ=110, γE[v]=29.0, Q=139.0 (fn)
2026-09-23 16:58:48,183 INFO: Plan 1: ḡ=55, γE[v]=10.5, Q=65.5 (fn)
2026-09-23 16:58:48,184 INFO: Plan 0: ḡ=4.1, γE[v]=11.5, Q=15.6 (bayes)
2026-09-23 16:58:48,184 INFO: Plan 1: ḡ=17.8, γE[v]=5.2, Q=22.9 (bayes)
2026-09-23 16:58:48,184 INFO: Plan 2: ḡ=3.8, γE[v]=11.6, Q=15.5 (bayes)
2026-09-23 16:58:48,221 INFO: Plan 0: ḡ=102, γE[v]=22.5, Q=124.5 (fn)
2026-09-23 16:58:48,763 INFO: Plan 2: ḡ=59, γE[v]=0.5, Q=59.5 (fn)
2026-09-23 16:58:48,763 INFO: Plan 0: ḡ=17.5, γE[v]=39.7, Q=57.2 (bayes)
2026-09-23 16:58:48,763 INFO: Plan 1: ḡ=26.0, γE[v]=35.4, Q=61.4 (bayes)
2026-09-23 16:58:48,764 INFO: Plan 2: ḡ=19.7, γE[v]=38.6, Q=58.3 (bayes)
2026-09-23 16:58:49,012 INFO: Plan 1: ḡ=178, γE[v]=0.0, Q=178.0 (fn)
2026-09-23 16:58:49,012 INFO: Plan 0: ḡ=51.0, γE[v]=20.0, Q=71.0 (bayes)
2026-09-23 16:58:49,013 INFO: Plan 1: ḡ=89.0, γE[v]=0.0, Q=89.0 (bayes)
2026-09-23 16:58:49,013 INFO: Plan 2: ḡ=55.0, γE[v]=18.3, Q=73.3 (bayes)
2026-09-23 16:58:52,742 INFO: Plan 0: ḡ=49, γE[v]=0.0, Q=49.0 (fn)
2026-09-23 16:58:55,635 INFO: Plan 1: ḡ=62, γE[v]=0.0, Q=62.0 (fn)
2026-09-23 16:58:56,749 INFO: Plan 2: ḡ=22, γE[v]=0.0, Q=22.0 (fn)
2026-09-23 16:58:56,749 INFO: Plan 0: ḡ=24.5, γE[v]=76.0, Q=100.5 (bayes)
2026-09-23 16:58:56,749 INFO: Plan 1: ḡ=31.0, γE[v]=72.8, Q=103.8 (bayes)
2026-09-23 16:58:56,749 INFO: Plan 2: ḡ=11.0, γE[v]=82.8, Q=93.8 (bayes)
2026-09-23 16:58:57,610 INFO: Plan 1: ḡ=91, γE[v]=0.0, Q=91.0 (fn)
  [34/93] requests.sessions seed=42: {'cov_qvalue_tgt_fnt_bayes': 52, 'cov_qvalue_tgt_rnd': 36, 'divhints_oracle': 13}
2026-09-23 16:59:02,180 INFO: Plan 0: ḡ=130, γE[v]=101.5, Q=231.5 (fn)
  [35/93] requests.utils seed=42: {'cov_qvalue_tgt_fnt_bayes': 111, 'cov_qvalue_tgt_rnd': 95, 'divhints_oracle': 7}
2026-09-23 16:59:04,916 INFO: Plan 2: ḡ=383, γE[v]=9.0, Q=392.0 (fn)
2026-09-23 16:59:04,924 INFO: Plan 0: ḡ=23, γE[v]=0.0, Q=23.0 (fn)
2026-09-23 16:59:04,925 INFO: Plan 0: ḡ=65.0, γE[v]=143.3, Q=208.3 (bayes)
2026-09-23 16:59:04,925 INFO: Plan 1: ḡ=45.5, γE[v]=148.5, Q=194.0 (bayes)
2026-09-23 16:59:04,925 INFO: Plan 2: ḡ=191.5, γE[v]=75.9, Q=267.4 (bayes)
2026-09-23 16:59:12,212 INFO: Plan 2: ḡ=29, γE[v]=18.5, Q=47.5 (fn)
2026-09-23 16:59:14,473 INFO: Plan 1: ḡ=62, γE[v]=25.0, Q=87.0 (fn)
2026-09-23 16:59:14,473 INFO: Plan 0: ḡ=11.5, γE[v]=90.2, Q=101.8 (bayes)
2026-09-23 16:59:14,473 INFO: Plan 1: ḡ=31.0, γE[v]=81.6, Q=112.6 (bayes)
2026-09-23 16:59:14,473 INFO: Plan 2: ḡ=14.5, γE[v]=89.6, Q=104.1 (bayes)
2026-09-23 16:59:15,460 INFO: Plan 1: ḡ=17, γE[v]=0.0, Q=17.0 (fn)
2026-09-23 16:59:15,872 INFO: Plan 0: ḡ=17, γE[v]=0.0, Q=17.0 (fn)
2026-09-23 16:59:15,906 INFO: Plan 2: ḡ=12, γE[v]=0.0, Q=12.0 (fn)
2026-09-23 16:59:15,907 INFO: Plan 0: ḡ=3.5, γE[v]=1.7, Q=5.2 (bayes)
2026-09-23 16:59:15,907 INFO: Plan 1: ḡ=3.7, γE[v]=1.6, Q=5.3 (bayes)
2026-09-23 16:59:15,907 INFO: Plan 2: ḡ=3.0, γE[v]=1.9, Q=4.9 (bayes)
2026-09-23 16:59:16,741 INFO: Plan 1: ḡ=78, γE[v]=0.0, Q=78.0 (fn)
2026-09-23 16:59:17,456 INFO: Plan 0: ḡ=39, γE[v]=0.0, Q=39.0 (fn)
2026-09-23 16:59:17,875 INFO: Plan 2: ḡ=109, γE[v]=0.0, Q=109.0 (fn)
2026-09-23 16:59:17,876 INFO: Plan 0: ḡ=14.8, γE[v]=33.0, Q=47.8 (bayes)
2026-09-23 16:59:17,876 INFO: Plan 1: ḡ=26.0, γE[v]=27.4, Q=53.4 (bayes)
2026-09-23 16:59:17,876 INFO: Plan 2: ḡ=40.5, γE[v]=20.2, Q=60.7 (bayes)
  [36/93] jinja2.ext seed=42: {'cov_qvalue_tgt_fnt_bayes': 39, 'cov_qvalue_tgt_rnd': 34, 'divhints_oracle': 4}
2026-09-23 16:59:19,862 INFO: Plan 1: ḡ=0, γE[v]=0.0, Q=0.0 (fn)
2026-09-23 16:59:19,864 INFO: Plan 0: ḡ=0, γE[v]=0.0, Q=0.0 (fn)
2026-09-23 16:59:20,919 INFO: Plan 2: ḡ=0, γE[v]=0.0, Q=0.0 (fn)
2026-09-23 16:59:20,919 INFO: Plan 0: ḡ=0.0, γE[v]=0.0, Q=0.0 (bayes)
2026-09-23 16:59:20,920 INFO: Plan 1: ḡ=0.0, γE[v]=0.0, Q=0.0 (bayes)
2026-09-23 16:59:20,920 INFO: Plan 2: ḡ=0.0, γE[v]=0.0, Q=0.0 (bayes)
2026-09-23 16:59:22,258 INFO: Plan 2: ḡ=34, γE[v]=0.0, Q=34.0 (fn)
2026-09-23 16:59:23,073 INFO: Plan 0: ḡ=38, γE[v]=0.0, Q=38.0 (fn)
2026-09-23 16:59:23,774 INFO: Plan 0: ḡ=34, γE[v]=0.0, Q=34.0 (fn)
2026-09-23 16:59:24,160 INFO: Plan 0: ḡ=30, γE[v]=6.0, Q=36.0 (fn)
2026-09-23 16:59:24,205 INFO: Plan 2: ḡ=46, γE[v]=0.0, Q=46.0 (fn)
2026-09-23 16:59:24,518 INFO: Plan 1: ḡ=37, γE[v]=0.0, Q=37.0 (fn)
2026-09-23 16:59:24,519 INFO: Plan 0: ḡ=17.0, γE[v]=19.2, Q=36.2 (bayes)
2026-09-23 16:59:24,519 INFO: Plan 1: ḡ=18.5, γE[v]=18.5, Q=37.0 (bayes)
2026-09-23 16:59:24,519 INFO: Plan 2: ḡ=23.0, γE[v]=16.2, Q=39.2 (bayes)
  [37/93] click.parser seed=42: {'cov_qvalue_tgt_fnt_bayes': 14, 'cov_qvalue_tgt_rnd': 41, 'divhints_oracle': 22}
2026-09-23 16:59:24,961 INFO: Plan 1: ḡ=77, γE[v]=7.5, Q=84.5 (fn)
2026-09-23 16:59:24,962 INFO: Plan 0: ḡ=7.5, γE[v]=8.2, Q=15.7 (bayes)
2026-09-23 16:59:24,962 INFO: Plan 1: ḡ=19.2, γE[v]=2.4, Q=21.6 (bayes)
2026-09-23 16:59:24,962 INFO: Plan 2: ḡ=8.5, γE[v]=7.2, Q=15.8 (bayes)
2026-09-23 16:59:25,530 INFO: Plan 1: ḡ=88, γE[v]=0.0, Q=88.0 (fn)
2026-09-23 16:59:26,104 INFO: Plan 0: ḡ=84, γE[v]=0.0, Q=84.0 (fn)
2026-09-23 16:59:26,444 INFO: Plan 0: ḡ=22, γE[v]=0.0, Q=22.0 (fn)
2026-09-23 16:59:26,884 INFO: Plan 2: ḡ=75, γE[v]=0.0, Q=75.0 (fn)
2026-09-23 16:59:26,885 INFO: Plan 0: ḡ=42.0, γE[v]=97.2, Q=139.2 (bayes)
2026-09-23 16:59:26,885 INFO: Plan 1: ḡ=44.0, γE[v]=96.2, Q=140.2 (bayes)
2026-09-23 16:59:26,885 INFO: Plan 2: ḡ=37.5, γE[v]=99.4, Q=136.9 (bayes)
2026-09-23 16:59:27,437 INFO: Plan 2: ḡ=15, γE[v]=0.0, Q=15.0 (fn)
2026-09-23 16:59:27,557 INFO: Plan 0: ḡ=2, γE[v]=0.0, Q=2.0 (fn)
2026-09-23 16:59:28,019 INFO: Plan 1: ḡ=123, γE[v]=72.5, Q=195.5 (fn)
2026-09-23 16:59:28,020 INFO: Plan 1: ḡ=2, γE[v]=0.0, Q=2.0 (fn)
2026-09-23 16:59:28,021 INFO: Plan 0: ḡ=0.7, γE[v]=2.8, Q=3.5 (bayes)
2026-09-23 16:59:28,021 INFO: Plan 1: ḡ=0.7, γE[v]=2.8, Q=3.5 (bayes)
2026-09-23 16:59:28,021 INFO: Plan 2: ḡ=5.0, γE[v]=0.7, Q=5.7 (bayes)
2026-09-23 16:59:28,053 INFO: Plan 1: ḡ=39, γE[v]=0.0, Q=39.0 (fn)
2026-09-23 16:59:28,525 INFO: Plan 2: ḡ=303, γE[v]=20.5, Q=323.5 (fn)
2026-09-23 16:59:29,099 INFO: Plan 2: ḡ=38, γE[v]=0.0, Q=38.0 (fn)
2026-09-23 16:59:29,330 INFO: Plan 0: ḡ=157, γE[v]=89.0, Q=246.0 (fn)
2026-09-23 16:59:29,839 INFO: Plan 0: ḡ=20, γE[v]=0.0, Q=20.0 (fn)
2026-09-23 16:59:29,840 INFO: Plan 2: ḡ=27, γE[v]=0.0, Q=27.0 (fn)
2026-09-23 16:59:30,169 INFO: Plan 2: ḡ=165, γE[v]=104.0, Q=269.0 (fn)
2026-09-23 16:59:30,169 INFO: Plan 0: ḡ=78.5, γE[v]=58.5, Q=137.0 (bayes)
2026-09-23 16:59:30,169 INFO: Plan 1: ḡ=61.5, γE[v]=66.3, Q=127.8 (bayes)
2026-09-23 16:59:30,169 INFO: Plan 2: ḡ=82.5, γE[v]=57.2, Q=139.7 (bayes)
2026-09-23 16:59:30,210 INFO: Plan 2: ḡ=35, γE[v]=0.0, Q=35.0 (fn)
2026-09-23 16:59:30,800 INFO: Plan 1: ḡ=34, γE[v]=2.5, Q=36.5 (fn)
2026-09-23 16:59:30,800 INFO: Plan 0: ḡ=10.0, γE[v]=6.5, Q=16.5 (bayes)
2026-09-23 16:59:30,800 INFO: Plan 1: ḡ=11.3, γE[v]=6.0, Q=17.3 (bayes)
2026-09-23 16:59:30,801 INFO: Plan 2: ḡ=9.0, γE[v]=7.0, Q=16.0 (bayes)
2026-09-23 16:59:31,147 INFO: Plan 1: ḡ=91, γE[v]=47.5, Q=138.5 (fn)
2026-09-23 16:59:31,148 INFO: Plan 0: ḡ=19.0, γE[v]=99.8, Q=118.8 (bayes)
2026-09-23 16:59:31,148 INFO: Plan 1: ḡ=45.5, γE[v]=88.6, Q=134.1 (bayes)
2026-09-23 16:59:31,148 INFO: Plan 2: ḡ=151.5, γE[v]=34.4, Q=185.9 (bayes)
2026-09-23 16:59:31,574 INFO: Plan 1: ḡ=43, γE[v]=0.0, Q=43.0 (fn)
2026-09-23 16:59:31,830 INFO: Plan 1: ḡ=10, γE[v]=0.0, Q=10.0 (fn)
2026-09-23 16:59:32,583 INFO: Plan 2: ḡ=11, γE[v]=0.0, Q=11.0 (fn)
2026-09-23 16:59:33,158 INFO: Plan 0: ḡ=22, γE[v]=0.0, Q=22.0 (fn)
2026-09-23 16:59:33,159 INFO: Plan 0: ḡ=7.3, γE[v]=1.8, Q=9.2 (bayes)
2026-09-23 16:59:33,159 INFO: Plan 1: ḡ=3.3, γE[v]=3.8, Q=7.2 (bayes)
2026-09-23 16:59:33,159 INFO: Plan 2: ḡ=3.7, γE[v]=3.7, Q=7.3 (bayes)
2026-09-23 16:59:33,574 INFO: Plan 2: ḡ=53, γE[v]=0.0, Q=53.0 (fn)
2026-09-23 16:59:33,774 INFO: Plan 1: ḡ=203, γE[v]=0.0, Q=203.0 (fn)
2026-09-23 16:59:34,204 INFO: Plan 0: ḡ=33, γE[v]=0.0, Q=33.0 (fn)
2026-09-23 16:59:34,205 INFO: Plan 0: ḡ=16.5, γE[v]=67.5, Q=84.0 (bayes)
2026-09-23 16:59:34,205 INFO: Plan 1: ḡ=101.5, γE[v]=25.0, Q=126.5 (bayes)
2026-09-23 16:59:34,205 INFO: Plan 2: ḡ=26.5, γE[v]=62.5, Q=89.0 (bayes)
2026-09-23 16:59:34,733 INFO: Plan 2: ḡ=196, γE[v]=0.0, Q=196.0 (fn)
2026-09-23 16:59:35,484 INFO: Plan 1: ḡ=69, γE[v]=0.0, Q=69.0 (fn)
2026-09-23 16:59:35,985 INFO: Plan 0: ḡ=72, γE[v]=0.0, Q=72.0 (fn)
2026-09-23 16:59:36,098 INFO: Plan 0: ḡ=83, γE[v]=0.0, Q=83.0 (fn)
2026-09-23 16:59:36,657 INFO: Plan 0: ḡ=69, γE[v]=34.0, Q=103.0 (fn)
2026-09-23 16:59:36,658 INFO: Plan 0: ḡ=34.5, γE[v]=21.8, Q=56.3 (bayes)
2026-09-23 16:59:36,658 INFO: Plan 1: ḡ=19.5, γE[v]=27.8, Q=47.2 (bayes)
2026-09-23 16:59:36,658 INFO: Plan 2: ḡ=19.0, γE[v]=28.0, Q=47.0 (bayes)
2026-09-23 16:59:36,914 INFO: Plan 2: ḡ=0, γE[v]=0.0, Q=0.0 (fn)
2026-09-23 16:59:37,589 INFO: Plan 0: ḡ=44, γE[v]=62.0, Q=106.0 (fn)
2026-09-23 16:59:37,589 INFO: Plan 0: ḡ=22.0, γE[v]=64.0, Q=86.0 (bayes)
2026-09-23 16:59:37,590 INFO: Plan 1: ḡ=21.5, γE[v]=61.5, Q=83.0 (bayes)
2026-09-23 16:59:37,590 INFO: Plan 2: ḡ=98.0, γE[v]=23.2, Q=121.2 (bayes)
2026-09-23 16:59:37,632 INFO: Plan 2: ḡ=41, γE[v]=6.0, Q=47.0 (fn)
2026-09-23 16:59:38,367 INFO: Plan 2: ḡ=129, γE[v]=0.0, Q=129.0 (fn)
2026-09-23 16:59:38,368 INFO: Plan 0: ḡ=30.5, γE[v]=113.8, Q=144.3 (bayes)
2026-09-23 16:59:38,368 INFO: Plan 1: ḡ=33.7, γE[v]=112.2, Q=145.9 (bayes)
2026-09-23 16:59:38,368 INFO: Plan 2: ḡ=64.5, γE[v]=96.8, Q=161.3 (bayes)
2026-09-23 16:59:38,595 INFO: Plan 1: ḡ=19, γE[v]=19.0, Q=38.0 (fn)
2026-09-23 16:59:38,597 INFO: Plan 0: ḡ=30, γE[v]=4.0, Q=34.0 (fn)
2026-09-23 16:59:38,597 INFO: Plan 1: ḡ=38, γE[v]=0.0, Q=38.0 (fn)
2026-09-23 16:59:38,598 INFO: Plan 0: ḡ=11.0, γE[v]=8.5, Q=19.5 (bayes)
2026-09-23 16:59:38,598 INFO: Plan 1: ḡ=9.5, γE[v]=10.1, Q=19.6 (bayes)
2026-09-23 16:59:38,598 INFO: Plan 2: ḡ=17.0, γE[v]=5.5, Q=22.5 (bayes)
2026-09-23 16:59:38,936 INFO: Plan 2: ḡ=38, γE[v]=0.0, Q=38.0 (fn)
2026-09-23 16:59:38,937 INFO: Plan 0: ḡ=10.0, γE[v]=2.2, Q=12.2 (bayes)
2026-09-23 16:59:38,937 INFO: Plan 1: ḡ=14.0, γE[v]=0.0, Q=14.0 (bayes)
2026-09-23 16:59:38,937 INFO: Plan 2: ḡ=14.0, γE[v]=0.0, Q=14.0 (bayes)
2026-09-23 16:59:39,369 INFO: Plan 0: ḡ=1, γE[v]=0.5, Q=1.5 (fn)
2026-09-23 16:59:39,846 INFO: Plan 1: ḡ=1, γE[v]=0.5, Q=1.5 (fn)
2026-09-23 16:59:39,846 INFO: Plan 0: ḡ=0.3, γE[v]=0.2, Q=0.5 (bayes)
2026-09-23 16:59:39,846 INFO: Plan 1: ḡ=0.3, γE[v]=0.2, Q=0.5 (bayes)
2026-09-23 16:59:39,847 INFO: Plan 2: ḡ=0.0, γE[v]=0.3, Q=0.3 (bayes)
  [38/93] jinja2.environment seed=42: {'cov_qvalue_tgt_fnt_bayes': 150, 'cov_qvalue_tgt_rnd': 122, 'divhints_oracle': 88}
2026-09-23 16:59:40,521 INFO: Plan 0: ḡ=30, γE[v]=0.0, Q=30.0 (fn)
2026-09-23 16:59:40,562 INFO: Plan 1: ḡ=34, γE[v]=0.0, Q=34.0 (fn)
2026-09-23 16:59:40,602 INFO: Plan 2: ḡ=0, γE[v]=0.0, Q=0.0 (fn)
2026-09-23 16:59:40,603 INFO: Plan 0: ḡ=10.0, γE[v]=5.7, Q=15.7 (bayes)
2026-09-23 16:59:40,603 INFO: Plan 1: ḡ=11.3, γE[v]=5.0, Q=16.3 (bayes)
2026-09-23 16:59:40,603 INFO: Plan 2: ḡ=0.0, γE[v]=10.7, Q=10.7 (bayes)
2026-09-23 16:59:41,052 INFO: Plan 0: ḡ=57, γE[v]=0.0, Q=57.0 (fn)
2026-09-23 16:59:41,086 INFO: Plan 1: ḡ=34, γE[v]=0.0, Q=34.0 (fn)
2026-09-23 16:59:41,782 INFO: Plan 2: ḡ=57, γE[v]=0.0, Q=57.0 (fn)
2026-09-23 16:59:41,782 INFO: Plan 0: ḡ=19.0, γE[v]=113.5, Q=132.5 (bayes)
2026-09-23 16:59:41,782 INFO: Plan 1: ḡ=17.0, γE[v]=114.5, Q=131.5 (bayes)
2026-09-23 16:59:41,783 INFO: Plan 2: ḡ=28.5, γE[v]=108.8, Q=137.2 (bayes)
2026-09-23 16:59:42,967 INFO: Plan 1: ḡ=140, γE[v]=58.0, Q=198.0 (fn)
2026-09-23 16:59:42,968 INFO: Plan 0: ḡ=29.7, γE[v]=41.2, Q=70.9 (bayes)
2026-09-23 16:59:42,968 INFO: Plan 1: ḡ=65.0, γE[v]=26.7, Q=91.7 (bayes)
2026-09-23 16:59:42,968 INFO: Plan 2: ḡ=20.5, γE[v]=46.1, Q=66.6 (bayes)
2026-09-23 16:59:43,697 INFO: Plan 2: ḡ=4, γE[v]=0.0, Q=4.0 (fn)
2026-09-23 16:59:45,003 INFO: Plan 1: ḡ=7, γE[v]=1.5, Q=8.5 (fn)
2026-09-23 16:59:45,003 INFO: Plan 0: ḡ=6, γE[v]=2.0, Q=8.0 (fn)
2026-09-23 16:59:45,004 INFO: Plan 0: ḡ=1.5, γE[v]=0.6, Q=2.1 (bayes)
2026-09-23 16:59:45,004 INFO: Plan 1: ḡ=1.8, γE[v]=0.5, Q=2.2 (bayes)
2026-09-23 16:59:45,004 INFO: Plan 2: ḡ=1.0, γE[v]=0.8, Q=1.8 (bayes)
  [39/93] jinja2.runtime seed=42: {'cov_qvalue_tgt_fnt_bayes': 126, 'cov_qvalue_tgt_rnd': 104, 'divhints_oracle': 77}
  [40/93] flask.templating seed=42: {'cov_qvalue_tgt_fnt_bayes': 51, 'cov_qvalue_tgt_rnd': 59, 'divhints_oracle': 51}
  [41/93] flask.json.tag seed=42: {'cov_qvalue_tgt_fnt_bayes': 23, 'cov_qvalue_tgt_rnd': 24, 'divhints_oracle': 22}
  [42/93] flask.cli seed=42: {'cov_qvalue_tgt_fnt_bayes': 119, 'cov_qvalue_tgt_rnd': 123, 'divhints_oracle': 78}
2026-09-23 16:59:51,759 INFO: Plan 1: ḡ=37, γE[v]=50.0, Q=87.0 (fn)
2026-09-23 16:59:52,729 INFO: Plan 2: ḡ=96, γE[v]=20.5, Q=116.5 (fn)
2026-09-23 16:59:53,832 INFO: Plan 0: ḡ=79, γE[v]=41.0, Q=120.0 (fn)
2026-09-23 16:59:53,833 INFO: Plan 0: ḡ=39.5, γE[v]=22.8, Q=62.3 (bayes)
2026-09-23 16:59:53,833 INFO: Plan 1: ḡ=18.5, γE[v]=33.8, Q=52.2 (bayes)
2026-09-23 16:59:53,833 INFO: Plan 2: ḡ=48.0, γE[v]=17.7, Q=65.7 (bayes)
2026-09-23 17:00:03,369 INFO: Plan 1: ḡ=9, γE[v]=0.5, Q=9.5 (fn)
2026-09-23 17:00:04,337 INFO: Plan 2: ḡ=15, γE[v]=0.0, Q=15.0 (fn)
2026-09-23 17:00:05,034 INFO: Plan 1: ḡ=0, γE[v]=0.0, Q=0.0 (fn)
2026-09-23 17:00:05,035 INFO: Plan 0: ḡ=0, γE[v]=0.0, Q=0.0 (fn)
2026-09-23 17:00:05,068 INFO: Plan 2: ḡ=0, γE[v]=0.0, Q=0.0 (fn)
2026-09-23 17:00:05,069 INFO: Plan 0: ḡ=0.0, γE[v]=0.0, Q=0.0 (bayes)
2026-09-23 17:00:05,069 INFO: Plan 1: ḡ=0.0, γE[v]=0.0, Q=0.0 (bayes)
2026-09-23 17:00:05,069 INFO: Plan 2: ḡ=0.0, γE[v]=0.0, Q=0.0 (bayes)
  [43/93] jinja2.lexer seed=42: {'cov_qvalue_tgt_fnt_bayes': 89, 'cov_qvalue_tgt_rnd': 99, 'divhints_oracle': 41}
2026-09-23 17:00:05,905 INFO: Plan 0: ḡ=15, γE[v]=3.5, Q=18.5 (fn)
2026-09-23 17:00:05,906 INFO: Plan 0: ḡ=5.0, γE[v]=3.5, Q=8.5 (bayes)
2026-09-23 17:00:05,906 INFO: Plan 1: ḡ=3.0, γE[v]=4.4, Q=7.4 (bayes)
2026-09-23 17:00:05,906 INFO: Plan 2: ḡ=5.0, γE[v]=3.3, Q=8.3 (bayes)
2026-09-23 17:00:05,945 INFO: Plan 0: ḡ=31, γE[v]=0.0, Q=31.0 (fn)
2026-09-23 17:00:08,856 INFO: Plan 1: ḡ=9, γE[v]=15.0, Q=24.0 (fn)
2026-09-23 17:00:08,894 INFO: Plan 2: ḡ=22, γE[v]=8.5, Q=30.5 (fn)
2026-09-23 17:00:08,895 INFO: Plan 0: ḡ=10.5, γE[v]=2.0, Q=12.5 (bayes)
2026-09-23 17:00:08,895 INFO: Plan 1: ḡ=4.5, γE[v]=5.9, Q=10.4 (bayes)
2026-09-23 17:00:08,895 INFO: Plan 2: ḡ=8.5, γE[v]=3.5, Q=12.0 (bayes)
2026-09-23 17:00:09,233 INFO: Plan 1: ḡ=45, γE[v]=0.0, Q=45.0 (fn)
2026-09-23 17:00:10,027 INFO: Plan 2: ḡ=128, γE[v]=0.0, Q=128.0 (fn)
  [44/93] rich.progress seed=42: {'cov_qvalue_tgt_fnt_bayes': 143, 'cov_qvalue_tgt_rnd': 142, 'divhints_oracle': 54}
2026-09-23 17:00:10,678 INFO: Plan 2: ḡ=15, γE[v]=0.0, Q=15.0 (fn)
2026-09-23 17:00:10,679 INFO: Plan 0: ḡ=13, γE[v]=0.0, Q=13.0 (fn)
2026-09-23 17:00:11,006 INFO: Plan 1: ḡ=9, γE[v]=0.0, Q=9.0 (fn)
2026-09-23 17:00:11,007 INFO: Plan 0: ḡ=3.0, γE[v]=3.5, Q=6.5 (bayes)
2026-09-23 17:00:11,007 INFO: Plan 1: ḡ=2.6, γE[v]=3.7, Q=6.3 (bayes)
2026-09-23 17:00:11,007 INFO: Plan 2: ḡ=4.8, γE[v]=2.6, Q=7.4 (bayes)
2026-09-23 17:00:12,707 INFO: Plan 0: ḡ=49, γE[v]=0.0, Q=49.0 (fn)
2026-09-23 17:00:14,377 INFO: Plan 1: ḡ=8, γE[v]=0.0, Q=8.0 (fn)
2026-09-23 17:00:14,614 INFO: Plan 0: ḡ=21, γE[v]=25.0, Q=46.0 (fn)
2026-09-23 17:00:14,615 INFO: Plan 0: ḡ=10.5, γE[v]=42.4, Q=52.9 (bayes)
2026-09-23 17:00:14,615 INFO: Plan 1: ḡ=22.5, γE[v]=35.2, Q=57.8 (bayes)
2026-09-23 17:00:14,615 INFO: Plan 2: ḡ=64.0, γE[v]=14.5, Q=78.5 (bayes)
2026-09-23 17:00:14,975 INFO: Plan 2: ḡ=7, γE[v]=0.0, Q=7.0 (fn)
2026-09-23 17:00:15,537 INFO: Plan 0: ḡ=1, γE[v]=0.0, Q=1.0 (fn)
2026-09-23 17:00:16,188 INFO: Plan 1: ḡ=12, γE[v]=0.0, Q=12.0 (fn)
2026-09-23 17:00:16,395 INFO: Plan 0: ḡ=39, γE[v]=0.0, Q=39.0 (fn)
2026-09-23 17:00:16,395 INFO: Plan 2: ḡ=12, γE[v]=0.0, Q=12.0 (fn)
2026-09-23 17:00:16,396 INFO: Plan 0: ḡ=0.2, γE[v]=1.5, Q=1.7 (bayes)
2026-09-23 17:00:16,396 INFO: Plan 1: ḡ=3.0, γE[v]=0.1, Q=3.1 (bayes)
2026-09-23 17:00:16,396 INFO: Plan 2: ḡ=3.0, γE[v]=0.1, Q=3.1 (bayes)
2026-09-23 17:00:16,768 INFO: Plan 2: ḡ=28, γE[v]=0.0, Q=28.0 (fn)
2026-09-23 17:00:17,588 INFO: Plan 1: ḡ=46, γE[v]=22.0, Q=68.0 (fn)
2026-09-23 17:00:17,631 INFO: Plan 0: ḡ=23, γE[v]=0.0, Q=23.0 (fn)
2026-09-23 17:00:18,060 INFO: Plan 0: ḡ=35, γE[v]=0.0, Q=35.0 (fn)
2026-09-23 17:00:18,100 INFO: Plan 2: ḡ=18, γE[v]=0.0, Q=18.0 (fn)
2026-09-23 17:00:18,101 INFO: Plan 0: ḡ=24.5, γE[v]=65.8, Q=90.3 (bayes)
2026-09-23 17:00:18,101 INFO: Plan 1: ḡ=17.3, γE[v]=70.4, Q=87.7 (bayes)
2026-09-23 17:00:18,101 INFO: Plan 2: ḡ=9.0, γE[v]=73.6, Q=82.6 (bayes)
2026-09-23 17:00:18,436 INFO: Plan 2: ḡ=53, γE[v]=0.0, Q=53.0 (fn)
2026-09-23 17:00:18,791 INFO: Plan 1: ḡ=37, γE[v]=1.5, Q=38.5 (fn)
2026-09-23 17:00:18,791 INFO: Plan 0: ḡ=17.5, γE[v]=25.9, Q=43.4 (bayes)
2026-09-23 17:00:18,791 INFO: Plan 1: ḡ=16.8, γE[v]=26.3, Q=43.2 (bayes)
2026-09-23 17:00:18,791 INFO: Plan 2: ḡ=18.5, γE[v]=25.4, Q=43.9 (bayes)
2026-09-23 17:00:19,145 INFO: Plan 0: ḡ=65, γE[v]=0.0, Q=65.0 (fn)
2026-09-23 17:00:19,703 INFO: Plan 1: ḡ=19, γE[v]=0.0, Q=19.0 (fn)
2026-09-23 17:00:19,886 INFO: Plan 1: ḡ=23, γE[v]=2.0, Q=25.0 (fn)
2026-09-23 17:00:19,886 INFO: Plan 0: ḡ=19.5, γE[v]=34.1, Q=53.6 (bayes)
2026-09-23 17:00:19,886 INFO: Plan 1: ḡ=8.0, γE[v]=40.0, Q=48.0 (bayes)
2026-09-23 17:00:19,886 INFO: Plan 2: ḡ=13.1, γE[v]=37.3, Q=50.4 (bayes)
2026-09-23 17:00:21,293 INFO: Plan 1: ḡ=21, γE[v]=0.0, Q=21.0 (fn)
2026-09-23 17:00:21,787 INFO: Plan 0: ḡ=31, γE[v]=0.0, Q=31.0 (fn)
2026-09-23 17:00:22,230 INFO: Plan 0: ḡ=33, γE[v]=32.5, Q=65.5 (fn)
2026-09-23 17:00:22,231 INFO: Plan 0: ḡ=16.5, γE[v]=61.7, Q=78.2 (bayes)
2026-09-23 17:00:22,231 INFO: Plan 1: ḡ=3.2, γE[v]=66.9, Q=70.1 (bayes)
2026-09-23 17:00:22,231 INFO: Plan 2: ḡ=3.5, γE[v]=66.8, Q=70.2 (bayes)
2026-09-23 17:00:22,263 INFO: Plan 2: ḡ=15, γE[v]=0.0, Q=15.0 (fn)
2026-09-23 17:00:22,802 INFO: Plan 1: ḡ=2, γE[v]=0.0, Q=2.0 (fn)
2026-09-23 17:00:24,104 INFO: Plan 0: ḡ=2, γE[v]=8.5, Q=10.5 (fn)
2026-09-23 17:00:24,105 INFO: Plan 0: ḡ=0.7, γE[v]=2.8, Q=3.4 (bayes)
2026-09-23 17:00:24,105 INFO: Plan 1: ḡ=0.7, γE[v]=2.2, Q=2.9 (bayes)
2026-09-23 17:00:24,105 INFO: Plan 2: ḡ=3.8, γE[v]=0.7, Q=4.4 (bayes)
2026-09-23 17:00:24,688 INFO: Plan 2: ḡ=52, γE[v]=38.0, Q=90.0 (fn)
2026-09-23 17:00:24,689 INFO: Plan 0: ḡ=32.5, γE[v]=42.0, Q=74.5 (bayes)
2026-09-23 17:00:24,689 INFO: Plan 1: ḡ=9.5, γE[v]=53.5, Q=63.0 (bayes)
2026-09-23 17:00:24,689 INFO: Plan 2: ḡ=26.0, γE[v]=47.0, Q=73.0 (bayes)
2026-09-23 17:00:25,021 INFO: Plan 1: ḡ=184, γE[v]=45.0, Q=229.0 (fn)
2026-09-23 17:00:26,344 INFO: Plan 2: ḡ=114, γE[v]=41.0, Q=155.0 (fn)
2026-09-23 17:00:26,345 INFO: Plan 0: ḡ=11.5, γE[v]=143.0, Q=154.5 (bayes)
2026-09-23 17:00:26,345 INFO: Plan 1: ḡ=92.0, γE[v]=104.8, Q=196.8 (bayes)
2026-09-23 17:00:26,345 INFO: Plan 2: ḡ=57.0, γE[v]=122.1, Q=179.1 (bayes)
2026-09-23 17:00:27,464 INFO: Plan 1: ḡ=65, γE[v]=0.0, Q=65.0 (fn)
2026-09-23 17:00:27,468 INFO: Plan 1: ḡ=30, γE[v]=0.0, Q=30.0 (fn)
2026-09-23 17:00:27,495 INFO: Plan 2: ḡ=46, γE[v]=13.5, Q=59.5 (fn)
2026-09-23 17:00:27,495 INFO: Plan 0: ḡ=15.5, γE[v]=9.8, Q=25.2 (bayes)
2026-09-23 17:00:27,495 INFO: Plan 1: ḡ=10.5, γE[v]=12.2, Q=22.8 (bayes)
2026-09-23 17:00:27,495 INFO: Plan 2: ḡ=21.5, γE[v]=7.4, Q=28.9 (bayes)
2026-09-23 17:00:28,290 INFO: Plan 0: ḡ=82, γE[v]=0.0, Q=82.0 (fn)
2026-09-23 17:00:28,329 INFO: Plan 2: ḡ=42, γE[v]=0.0, Q=42.0 (fn)
2026-09-23 17:00:28,330 INFO: Plan 0: ḡ=41.0, γE[v]=75.4, Q=116.4 (bayes)
2026-09-23 17:00:28,330 INFO: Plan 1: ḡ=26.8, γE[v]=82.5, Q=109.3 (bayes)
2026-09-23 17:00:28,330 INFO: Plan 2: ḡ=21.0, γE[v]=85.4, Q=106.4 (bayes)
2026-09-23 17:00:28,913 INFO: Plan 1: ḡ=0, γE[v]=0.0, Q=0.0 (fn)
2026-09-23 17:00:29,079 INFO: Plan 2: ḡ=0, γE[v]=0.0, Q=0.0 (fn)
2026-09-23 17:00:29,080 INFO: Plan 0: ḡ=0, γE[v]=0.0, Q=0.0 (fn)
2026-09-23 17:00:29,081 INFO: Plan 0: ḡ=0.0, γE[v]=0.0, Q=0.0 (bayes)
2026-09-23 17:00:29,081 INFO: Plan 1: ḡ=0.0, γE[v]=0.0, Q=0.0 (bayes)
2026-09-23 17:00:29,081 INFO: Plan 2: ḡ=0.0, γE[v]=0.0, Q=0.0 (bayes)
2026-09-23 17:00:29,535 INFO: Plan 1: ḡ=51, γE[v]=0.0, Q=51.0 (fn)
2026-09-23 17:00:29,536 INFO: Plan 0: ḡ=20, γE[v]=0.0, Q=20.0 (fn)
2026-09-23 17:00:30,673 INFO: Plan 2: ḡ=27, γE[v]=0.0, Q=27.0 (fn)
2026-09-23 17:00:31,315 INFO: Plan 1: ḡ=39, γE[v]=0.0, Q=39.0 (fn)
2026-09-23 17:00:31,316 INFO: Plan 0: ḡ=10.0, γE[v]=4.9, Q=14.9 (bayes)
2026-09-23 17:00:31,316 INFO: Plan 1: ḡ=9.8, γE[v]=5.0, Q=14.8 (bayes)
2026-09-23 17:00:31,316 INFO: Plan 2: ḡ=6.8, γE[v]=6.5, Q=13.2 (bayes)
2026-09-23 17:00:35,792 INFO: Plan 2: ḡ=308, γE[v]=56.5, Q=364.5 (fn)
2026-09-23 17:00:35,998 INFO: Plan 0: ḡ=28, γE[v]=18.0, Q=46.0 (fn)
2026-09-23 17:00:35,999 INFO: Plan 0: ḡ=14.0, γE[v]=115.3, Q=129.3 (bayes)
2026-09-23 17:00:35,999 INFO: Plan 1: ḡ=15.0, γE[v]=114.0, Q=129.0 (bayes)
2026-09-23 17:00:35,999 INFO: Plan 2: ḡ=154.0, γE[v]=47.0, Q=201.0 (bayes)
2026-09-23 17:00:36,841 INFO: Plan 0: ḡ=130, γE[v]=99.0, Q=229.0 (fn)
2026-09-23 17:00:37,259 INFO: Plan 2: ḡ=34, γE[v]=0.0, Q=34.0 (fn)
2026-09-23 17:00:37,496 INFO: Plan 0: ḡ=30, γE[v]=0.0, Q=30.0 (fn)
2026-09-23 17:00:38,934 INFO: Plan 0: ḡ=14, γE[v]=0.0, Q=14.0 (fn)
2026-09-23 17:00:38,972 INFO: Plan 1: ḡ=4, γE[v]=0.0, Q=4.0 (fn)
2026-09-23 17:00:39,393 INFO: Plan 1: ḡ=77, γE[v]=7.5, Q=84.5 (fn)
2026-09-23 17:00:39,393 INFO: Plan 0: ḡ=6.0, γE[v]=6.2, Q=12.2 (bayes)
2026-09-23 17:00:39,394 INFO: Plan 1: ḡ=15.4, γE[v]=2.0, Q=17.4 (bayes)
2026-09-23 17:00:39,394 INFO: Plan 2: ḡ=6.8, γE[v]=5.8, Q=12.6 (bayes)
2026-09-23 17:00:39,434 INFO: Plan 2: ḡ=99, γE[v]=0.0, Q=99.0 (fn)
2026-09-23 17:00:39,757 INFO: Plan 1: ḡ=93, γE[v]=0.0, Q=93.0 (fn)
2026-09-23 17:00:40,138 INFO: Plan 0: ḡ=21, γE[v]=0.0, Q=21.0 (fn)
2026-09-23 17:00:40,139 INFO: Plan 0: ḡ=7.6, γE[v]=27.2, Q=34.8 (bayes)
2026-09-23 17:00:40,139 INFO: Plan 1: ḡ=29.8, γE[v]=16.1, Q=45.9 (bayes)
2026-09-23 17:00:40,139 INFO: Plan 2: ḡ=26.4, γE[v]=17.8, Q=44.2 (bayes)
2026-09-23 17:00:41,257 INFO: Plan 2: ḡ=385, γE[v]=48.0, Q=433.0 (fn)
2026-09-23 17:00:41,258 INFO: Plan 0: ḡ=51.7, γE[v]=116.4, Q=168.1 (bayes)
2026-09-23 17:00:41,258 INFO: Plan 1: ḡ=19.7, γE[v]=126.5, Q=146.2 (bayes)
2026-09-23 17:00:41,258 INFO: Plan 2: ḡ=130.8, γE[v]=73.2, Q=204.1 (bayes)
2026-09-23 17:00:41,632 INFO: Plan 0: ḡ=29, γE[v]=0.0, Q=29.0 (fn)
2026-09-23 17:00:41,952 INFO: Plan 2: ḡ=14, γE[v]=5.5, Q=19.5 (fn)
2026-09-23 17:00:41,952 INFO: Plan 0: ḡ=3.5, γE[v]=1.8, Q=5.3 (bayes)
2026-09-23 17:00:41,952 INFO: Plan 1: ḡ=1.3, γE[v]=2.9, Q=4.2 (bayes)
2026-09-23 17:00:41,952 INFO: Plan 2: ḡ=4.4, γE[v]=1.7, Q=6.2 (bayes)
2026-09-23 17:00:42,481 INFO: Plan 1: ḡ=35, γE[v]=0.0, Q=35.0 (fn)
2026-09-23 17:00:42,763 INFO: Plan 2: ḡ=39, γE[v]=0.0, Q=39.0 (fn)
2026-09-23 17:00:42,764 INFO: Plan 0: ḡ=14.5, γE[v]=19.7, Q=34.2 (bayes)
2026-09-23 17:00:42,764 INFO: Plan 1: ḡ=17.5, γE[v]=18.2, Q=35.7 (bayes)
2026-09-23 17:00:42,764 INFO: Plan 2: ḡ=13.0, γE[v]=20.4, Q=33.4 (bayes)
2026-09-23 17:00:47,563 INFO: Plan 2: ḡ=76, γE[v]=0.0, Q=76.0 (fn)
2026-09-23 17:00:49,441 INFO: Plan 0: ḡ=41, γE[v]=25.0, Q=66.0 (fn)
2026-09-23 17:00:50,480 INFO: Plan 2: ḡ=67, γE[v]=0.0, Q=67.0 (fn)
2026-09-23 17:00:50,558 INFO: Plan 1: ḡ=47, γE[v]=3.0, Q=50.0 (fn)
2026-09-23 17:00:50,559 INFO: Plan 0: ḡ=20.5, γE[v]=82.9, Q=103.4 (bayes)
2026-09-23 17:00:50,559 INFO: Plan 1: ḡ=23.5, γE[v]=80.4, Q=103.9 (bayes)
2026-09-23 17:00:50,559 INFO: Plan 2: ḡ=38.0, γE[v]=73.0, Q=111.0 (bayes)
2026-09-23 17:00:50,785 INFO: Plan 0: ḡ=28, γE[v]=0.0, Q=28.0 (fn)
2026-09-23 17:00:50,826 INFO: Plan 0: ḡ=22, γE[v]=0.0, Q=22.0 (fn)
2026-09-23 17:00:51,097 INFO: Plan 2: ḡ=16, γE[v]=0.0, Q=16.0 (fn)
2026-09-23 17:00:52,799 INFO: Plan 1: ḡ=18, γE[v]=0.0, Q=18.0 (fn)
2026-09-23 17:00:53,347 INFO: Plan 2: ḡ=16, γE[v]=0.0, Q=16.0 (fn)
2026-09-23 17:00:53,467 INFO: Plan 0: ḡ=36, γE[v]=0.0, Q=36.0 (fn)
2026-09-23 17:00:53,468 INFO: Plan 0: ḡ=15.0, γE[v]=18.2, Q=33.2 (bayes)
2026-09-23 17:00:53,468 INFO: Plan 1: ḡ=9.0, γE[v]=21.2, Q=30.2 (bayes)
2026-09-23 17:00:53,468 INFO: Plan 2: ḡ=8.0, γE[v]=21.7, Q=29.7 (bayes)
2026-09-23 17:00:53,506 INFO: Plan 1: ḡ=38, γE[v]=0.0, Q=38.0 (fn)
2026-09-23 17:00:53,507 INFO: Plan 0: ḡ=11.0, γE[v]=2.7, Q=13.7 (bayes)
2026-09-23 17:00:53,507 INFO: Plan 1: ḡ=16.3, γE[v]=0.0, Q=16.3 (bayes)
2026-09-23 17:00:53,507 INFO: Plan 2: ḡ=5.3, γE[v]=5.5, Q=10.8 (bayes)
2026-09-23 17:00:54,712 INFO: Plan 0: ḡ=43, γE[v]=23.5, Q=66.5 (fn)
2026-09-23 17:00:55,206 INFO: Plan 0: ḡ=37, γE[v]=0.0, Q=37.0 (fn)
2026-09-23 17:00:55,919 INFO: Plan 2: ḡ=16, γE[v]=0.0, Q=16.0 (fn)
2026-09-23 17:00:55,919 INFO: Plan 1: ḡ=19, γE[v]=0.0, Q=19.0 (fn)
2026-09-23 17:00:55,920 INFO: Plan 0: ḡ=14.2, γE[v]=7.5, Q=21.7 (bayes)
2026-09-23 17:00:55,920 INFO: Plan 1: ḡ=6.7, γE[v]=11.2, Q=17.9 (bayes)
2026-09-23 17:00:55,920 INFO: Plan 2: ḡ=5.3, γE[v]=11.9, Q=17.2 (bayes)
2026-09-23 17:00:56,858 INFO: Plan 1: ḡ=188, γE[v]=26.5, Q=214.5 (fn)
2026-09-23 17:00:56,858 INFO: Plan 0: ḡ=14.0, γE[v]=41.2, Q=55.2 (bayes)
2026-09-23 17:00:56,858 INFO: Plan 1: ḡ=69.8, γE[v]=14.4, Q=84.3 (bayes)
2026-09-23 17:00:56,858 INFO: Plan 2: ḡ=33.5, γE[v]=31.4, Q=64.9 (bayes)
2026-09-23 17:00:56,898 INFO: Plan 2: ḡ=133, γE[v]=51.0, Q=184.0 (fn)
2026-09-23 17:00:58,477 INFO: Plan 1: ḡ=108, γE[v]=108.5, Q=216.5 (fn)
2026-09-23 17:00:59,258 INFO: Plan 0: ḡ=15, γE[v]=0.0, Q=15.0 (fn)
2026-09-23 17:00:59,302 INFO: Plan 2: ḡ=0, γE[v]=0.0, Q=0.0 (fn)
2026-09-23 17:00:59,302 INFO: Plan 1: ḡ=15, γE[v]=0.0, Q=15.0 (fn)
2026-09-23 17:00:59,308 INFO: Plan 0: ḡ=5.0, γE[v]=2.5, Q=7.5 (bayes)
2026-09-23 17:00:59,309 INFO: Plan 1: ḡ=5.0, γE[v]=2.5, Q=7.5 (bayes)
2026-09-23 17:00:59,309 INFO: Plan 2: ḡ=0.0, γE[v]=5.0, Q=5.0 (bayes)
2026-09-23 17:01:00,299 INFO: Plan 0: ḡ=114, γE[v]=97.5, Q=211.5 (fn)
2026-09-23 17:01:00,299 INFO: Plan 0: ḡ=38.3, γE[v]=45.0, Q=83.3 (bayes)
2026-09-23 17:01:00,299 INFO: Plan 1: ḡ=36.0, γE[v]=46.8, Q=82.8 (bayes)
2026-09-23 17:01:00,299 INFO: Plan 2: ḡ=44.3, γE[v]=39.2, Q=83.6 (bayes)
2026-09-23 17:01:00,442 INFO: Plan 1: ḡ=15, γE[v]=7.5, Q=22.5 (fn)
2026-09-23 17:01:00,478 INFO: Plan 2: ḡ=154, γE[v]=24.5, Q=178.5 (fn)
2026-09-23 17:01:00,884 INFO: Plan 0: ḡ=15, γE[v]=7.5, Q=22.5 (fn)
2026-09-23 17:01:01,156 INFO: Plan 1: ḡ=102, γE[v]=52.5, Q=154.5 (fn)
2026-09-23 17:01:01,157 INFO: Plan 0: ḡ=21.5, γE[v]=42.1, Q=63.6 (bayes)
2026-09-23 17:01:01,157 INFO: Plan 1: ḡ=51.0, γE[v]=28.6, Q=79.6 (bayes)
2026-09-23 17:01:01,157 INFO: Plan 2: ḡ=77.0, γE[v]=14.4, Q=91.3 (bayes)
2026-09-23 17:01:01,584 INFO: Plan 2: ḡ=15, γE[v]=7.5, Q=22.5 (fn)
2026-09-23 17:01:01,584 INFO: Plan 0: ḡ=3.8, γE[v]=2.4, Q=6.1 (bayes)
2026-09-23 17:01:01,584 INFO: Plan 1: ḡ=3.8, γE[v]=2.4, Q=6.1 (bayes)
2026-09-23 17:01:01,584 INFO: Plan 2: ḡ=3.8, γE[v]=2.4, Q=6.1 (bayes)
2026-09-23 17:01:01,627 INFO: Plan 2: ḡ=0, γE[v]=0.0, Q=0.0 (fn)
2026-09-23 17:01:02,538 INFO: Plan 1: ḡ=27, γE[v]=0.0, Q=27.0 (fn)
2026-09-23 17:01:03,288 INFO: Plan 1: ḡ=1, γE[v]=0.5, Q=1.5 (fn)
2026-09-23 17:01:03,330 INFO: Plan 0: ḡ=57, γE[v]=0.0, Q=57.0 (fn)
2026-09-23 17:01:03,591 INFO: Plan 2: ḡ=39, γE[v]=0.0, Q=39.0 (fn)
2026-09-23 17:01:03,592 INFO: Plan 0: ḡ=19.0, γE[v]=103.4, Q=122.4 (bayes)
2026-09-23 17:01:03,592 INFO: Plan 1: ḡ=13.5, γE[v]=106.2, Q=119.7 (bayes)
2026-09-23 17:01:03,592 INFO: Plan 2: ḡ=15.3, γE[v]=105.2, Q=120.6 (bayes)
2026-09-23 17:01:03,875 INFO: Plan 0: ḡ=1, γE[v]=0.5, Q=1.5 (fn)
2026-09-23 17:01:03,876 INFO: Plan 0: ḡ=0.2, γE[v]=0.2, Q=0.4 (bayes)
2026-09-23 17:01:03,876 INFO: Plan 1: ḡ=0.2, γE[v]=0.2, Q=0.4 (bayes)
2026-09-23 17:01:03,876 INFO: Plan 2: ḡ=0.0, γE[v]=0.2, Q=0.2 (bayes)
2026-09-23 17:01:05,070 INFO: Plan 2: ḡ=65, γE[v]=0.0, Q=65.0 (fn)
2026-09-23 17:01:05,275 INFO: Plan 1: ḡ=39, γE[v]=0.0, Q=39.0 (fn)
2026-09-23 17:01:06,117 INFO: Plan 1: ḡ=31, γE[v]=0.0, Q=31.0 (fn)
2026-09-23 17:01:06,148 INFO: Plan 0: ḡ=25, γE[v]=0.0, Q=25.0 (fn)
2026-09-23 17:01:06,184 INFO: Plan 2: ḡ=8, γE[v]=0.0, Q=8.0 (fn)
2026-09-23 17:01:07,238 INFO: Plan 0: ḡ=61, γE[v]=0.0, Q=61.0 (fn)
2026-09-23 17:01:08,928 INFO: Plan 0: ḡ=6, γE[v]=0.0, Q=6.0 (fn)
2026-09-23 17:01:09,170 INFO: Plan 1: ḡ=6, γE[v]=0.0, Q=6.0 (fn)
2026-09-23 17:01:09,484 INFO: Plan 2: ḡ=6, γE[v]=0.0, Q=6.0 (fn)
2026-09-23 17:01:09,484 INFO: Plan 0: ḡ=1.2, γE[v]=0.0, Q=1.2 (bayes)
2026-09-23 17:01:09,484 INFO: Plan 1: ḡ=1.2, γE[v]=0.0, Q=1.2 (bayes)
2026-09-23 17:01:09,485 INFO: Plan 2: ḡ=1.2, γE[v]=0.0, Q=1.2 (bayes)
2026-09-23 17:01:09,532 INFO: Plan 0: ḡ=47, γE[v]=31.5, Q=78.5 (fn)
2026-09-23 17:01:10,283 INFO: Plan 1: ḡ=26, γE[v]=14.0, Q=40.0 (fn)
2026-09-23 17:01:10,284 INFO: Plan 2: ḡ=73, γE[v]=19.0, Q=92.0 (fn)
2026-09-23 17:01:10,284 INFO: Plan 0: ḡ=12.5, γE[v]=4.9, Q=17.4 (bayes)
2026-09-23 17:01:10,284 INFO: Plan 1: ḡ=9.7, γE[v]=7.0, Q=16.7 (bayes)
2026-09-23 17:01:10,284 INFO: Plan 2: ḡ=2.7, γE[v]=9.8, Q=12.5 (bayes)
2026-09-23 17:01:10,785 INFO: Plan 2: ḡ=24, γE[v]=0.0, Q=24.0 (fn)
2026-09-23 17:01:10,827 INFO: Plan 0: ḡ=101, γE[v]=0.0, Q=101.0 (fn)
2026-09-23 17:01:11,125 INFO: Plan 1: ḡ=3, γE[v]=0.0, Q=3.0 (fn)
2026-09-23 17:01:11,284 INFO: Plan 1: ḡ=24, γE[v]=30.5, Q=54.5 (fn)
2026-09-23 17:01:11,285 INFO: Plan 0: ḡ=23.5, γE[v]=17.4, Q=40.9 (bayes)
2026-09-23 17:01:11,285 INFO: Plan 1: ḡ=12.0, γE[v]=23.1, Q=35.1 (bayes)
2026-09-23 17:01:11,285 INFO: Plan 2: ḡ=36.5, γE[v]=10.4, Q=46.9 (bayes)
2026-09-23 17:01:11,324 INFO: Plan 2: ḡ=64, γE[v]=18.5, Q=82.5 (fn)
2026-09-23 17:01:11,682 INFO: Plan 0: ḡ=10, γE[v]=6.5, Q=16.5 (fn)
2026-09-23 17:01:11,841 INFO: Plan 1: ḡ=56, γE[v]=22.5, Q=78.5 (fn)
2026-09-23 17:01:11,842 INFO: Plan 0: ḡ=50.5, γE[v]=0.0, Q=50.5 (bayes)
2026-09-23 17:01:11,842 INFO: Plan 1: ḡ=28.0, γE[v]=12.3, Q=40.3 (bayes)
2026-09-23 17:01:11,842 INFO: Plan 2: ḡ=32.0, γE[v]=10.1, Q=42.1 (bayes)
2026-09-23 17:01:12,040 INFO: Plan 1: ḡ=41, γE[v]=0.0, Q=41.0 (fn)
2026-09-23 17:01:12,421 INFO: Plan 0: ḡ=19, γE[v]=28.0, Q=47.0 (fn)
2026-09-23 17:01:12,421 INFO: Plan 0: ḡ=9.5, γE[v]=39.3, Q=48.8 (bayes)
2026-09-23 17:01:12,421 INFO: Plan 1: ḡ=19.5, γE[v]=33.0, Q=52.5 (bayes)
2026-09-23 17:01:12,421 INFO: Plan 2: ḡ=32.5, γE[v]=26.5, Q=59.0 (bayes)
2026-09-23 17:01:12,907 INFO: Plan 2: ḡ=20, γE[v]=1.5, Q=21.5 (fn)
2026-09-23 17:01:12,907 INFO: Plan 0: ḡ=2.5, γE[v]=2.6, Q=5.1 (bayes)
2026-09-23 17:01:12,908 INFO: Plan 1: ḡ=0.8, γE[v]=3.0, Q=3.8 (bayes)
2026-09-23 17:01:12,908 INFO: Plan 2: ḡ=6.1, γE[v]=0.5, Q=6.6 (bayes)
2026-09-23 17:01:13,953 INFO: Plan 0: ḡ=0, γE[v]=0.0, Q=0.0 (fn)
2026-09-23 17:01:14,114 INFO: Plan 1: ḡ=0, γE[v]=0.0, Q=0.0 (fn)
  [45/93] click.core seed=42: {'cov_qvalue_tgt_fnt_bayes': 349, 'cov_qvalue_tgt_rnd': 232, 'divhints_oracle': 89}
2026-09-23 17:01:14,766 INFO: Plan 2: ḡ=0, γE[v]=0.0, Q=0.0 (fn)
2026-09-23 17:01:14,766 INFO: Plan 0: ḡ=0.0, γE[v]=0.0, Q=0.0 (bayes)
2026-09-23 17:01:14,766 INFO: Plan 1: ḡ=0.0, γE[v]=0.0, Q=0.0 (bayes)
2026-09-23 17:01:14,766 INFO: Plan 2: ḡ=0.0, γE[v]=0.0, Q=0.0 (bayes)
2026-09-23 17:01:16,557 INFO: Plan 2: ḡ=111, γE[v]=0.0, Q=111.0 (fn)
2026-09-23 17:01:16,637 INFO: Plan 0: ḡ=80, γE[v]=20.5, Q=100.5 (fn)
2026-09-23 17:01:16,638 INFO: Plan 0: ḡ=21.0, γE[v]=8.0, Q=29.0 (bayes)
2026-09-23 17:01:16,638 INFO: Plan 1: ḡ=13.5, γE[v]=10.5, Q=24.0 (bayes)
2026-09-23 17:01:16,638 INFO: Plan 2: ḡ=8.0, γE[v]=13.2, Q=21.2 (bayes)
2026-09-23 17:01:16,859 INFO: Plan 0: ḡ=46, γE[v]=32.5, Q=78.5 (fn)
2026-09-23 17:01:17,237 INFO: Plan 2: ḡ=6, γE[v]=0.0, Q=6.0 (fn)
2026-09-23 17:01:17,453 INFO: Plan 1: ḡ=30, γE[v]=40.5, Q=70.5 (fn)
2026-09-23 17:01:17,456 INFO: Plan 0: ḡ=23.0, γE[v]=17.7, Q=40.7 (bayes)
2026-09-23 17:01:17,458 INFO: Plan 1: ḡ=15.0, γE[v]=22.1, Q=37.1 (bayes)
2026-09-23 17:01:17,460 INFO: Plan 2: ḡ=55.5, γE[v]=0.0, Q=55.5 (bayes)
2026-09-23 17:01:17,489 INFO: Plan 0: ḡ=12, γE[v]=0.0, Q=12.0 (fn)
2026-09-23 17:01:17,699 INFO: Plan 1: ḡ=7, γE[v]=0.0, Q=7.0 (fn)
2026-09-23 17:01:17,699 INFO: Plan 0: ḡ=2.7, γE[v]=1.8, Q=4.4 (bayes)
2026-09-23 17:01:17,699 INFO: Plan 1: ḡ=1.9, γE[v]=2.2, Q=4.1 (bayes)
2026-09-23 17:01:17,699 INFO: Plan 2: ḡ=1.7, γE[v]=2.3, Q=4.0 (bayes)
2026-09-23 17:01:18,464 INFO: Plan 0: ḡ=2, γE[v]=0.0, Q=2.0 (fn)
2026-09-23 17:01:19,013 INFO: Plan 1: ḡ=6, γE[v]=0.0, Q=6.0 (fn)
2026-09-23 17:01:19,334 INFO: Plan 2: ḡ=42, γE[v]=0.0, Q=42.0 (fn)
2026-09-23 17:01:19,796 INFO: Plan 2: ḡ=6, γE[v]=1.0, Q=7.0 (fn)
2026-09-23 17:01:19,797 INFO: Plan 0: ḡ=1.0, γE[v]=1.5, Q=2.5 (bayes)
2026-09-23 17:01:19,797 INFO: Plan 1: ḡ=3.0, γE[v]=0.5, Q=3.5 (bayes)
2026-09-23 17:01:19,797 INFO: Plan 2: ḡ=3.0, γE[v]=0.5, Q=3.5 (bayes)
2026-09-23 17:01:22,902 INFO: Plan 0: ḡ=17, γE[v]=20.5, Q=37.5 (fn)
2026-09-23 17:01:22,944 INFO: Plan 0: ḡ=59, γE[v]=43.0, Q=102.0 (fn)
2026-09-23 17:01:24,445 INFO: Plan 1: ḡ=65, γE[v]=40.0, Q=105.0 (fn)
2026-09-23 17:01:24,445 INFO: Plan 0: ḡ=29.5, γE[v]=23.4, Q=52.9 (bayes)
2026-09-23 17:01:24,445 INFO: Plan 1: ḡ=32.5, γE[v]=21.8, Q=54.3 (bayes)
2026-09-23 17:01:24,445 INFO: Plan 2: ḡ=21.0, γE[v]=25.8, Q=46.8 (bayes)
  [46/93] click.shell_completion seed=42: {'cov_qvalue_tgt_fnt_bayes': 19, 'cov_qvalue_tgt_rnd': 41, 'divhints_oracle': 10}
2026-09-23 17:01:27,682 INFO: Plan 2: ḡ=187, γE[v]=0.0, Q=187.0 (fn)
2026-09-23 17:01:29,854 INFO: Plan 1: ḡ=81, γE[v]=50.5, Q=131.5 (fn)
2026-09-23 17:01:29,855 INFO: Plan 0: ḡ=8.5, γE[v]=43.4, Q=51.9 (bayes)
2026-09-23 17:01:29,857 INFO: Plan 1: ḡ=40.5, γE[v]=28.8, Q=69.3 (bayes)
2026-09-23 17:01:29,859 INFO: Plan 2: ḡ=93.5, γE[v]=0.0, Q=93.5 (bayes)
2026-09-23 17:01:30,963 INFO: Plan 2: ḡ=15, γE[v]=0.0, Q=15.0 (fn)
2026-09-23 17:01:31,507 INFO: Plan 1: ḡ=2, γE[v]=0.0, Q=2.0 (fn)
2026-09-23 17:01:31,986 INFO: Plan 1: ḡ=4, γE[v]=0.0, Q=4.0 (fn)
2026-09-23 17:01:32,765 INFO: Plan 0: ḡ=1, γE[v]=2.0, Q=3.0 (fn)
2026-09-23 17:01:32,806 INFO: Plan 2: ḡ=19, γE[v]=0.0, Q=19.0 (fn)
2026-09-23 17:01:32,847 INFO: Plan 0: ḡ=29, γE[v]=0.0, Q=29.0 (fn)
2026-09-23 17:01:32,885 INFO: Plan 1: ḡ=13, γE[v]=0.0, Q=13.0 (fn)
2026-09-23 17:01:32,886 INFO: Plan 0: ḡ=9.7, γE[v]=3.5, Q=13.2 (bayes)
2026-09-23 17:01:32,886 INFO: Plan 1: ḡ=4.3, γE[v]=6.2, Q=10.5 (bayes)
2026-09-23 17:01:32,886 INFO: Plan 2: ḡ=6.3, γE[v]=5.2, Q=11.5 (bayes)
2026-09-23 17:01:33,130 INFO: Plan 2: ḡ=433, γE[v]=0.0, Q=433.0 (fn)
2026-09-23 17:01:33,131 INFO: Plan 0: ḡ=25.5, γE[v]=100.4, Q=125.9 (bayes)
2026-09-23 17:01:33,131 INFO: Plan 1: ḡ=15.5, γE[v]=105.4, Q=120.9 (bayes)
2026-09-23 17:01:33,131 INFO: Plan 2: ḡ=194.2, γE[v]=16.1, Q=210.2 (bayes)
2026-09-23 17:01:33,477 INFO: Plan 2: ḡ=1, γE[v]=0.0, Q=1.0 (fn)
2026-09-23 17:01:33,478 INFO: Plan 0: ḡ=0.2, γE[v]=0.5, Q=0.7 (bayes)
2026-09-23 17:01:33,478 INFO: Plan 1: ḡ=0.8, γE[v]=0.1, Q=0.9 (bayes)
2026-09-23 17:01:33,478 INFO: Plan 2: ḡ=0.2, γE[v]=0.4, Q=0.6 (bayes)
2026-09-23 17:01:33,726 INFO: Plan 0: ḡ=2, γE[v]=8.5, Q=10.5 (fn)
2026-09-23 17:01:33,726 INFO: Plan 0: ḡ=0.7, γE[v]=2.4, Q=3.1 (bayes)
2026-09-23 17:01:33,726 INFO: Plan 1: ḡ=0.7, γE[v]=1.8, Q=2.5 (bayes)
2026-09-23 17:01:33,726 INFO: Plan 2: ḡ=3.0, γE[v]=0.7, Q=3.7 (bayes)
2026-09-23 17:01:35,483 INFO: Plan 2: ḡ=17, γE[v]=0.0, Q=17.0 (fn)
2026-09-23 17:01:35,567 INFO: Plan 0: ḡ=6, γE[v]=0.0, Q=6.0 (fn)
2026-09-23 17:01:36,354 INFO: Plan 2: ḡ=6, γE[v]=0.0, Q=6.0 (fn)
2026-09-23 17:01:36,708 INFO: Plan 0: ḡ=24, γE[v]=7.0, Q=31.0 (fn)
2026-09-23 17:01:37,710 INFO: Plan 1: ḡ=35, γE[v]=4.0, Q=39.0 (fn)
2026-09-23 17:01:37,711 INFO: Plan 0: ḡ=12.0, γE[v]=8.2, Q=20.2 (bayes)
2026-09-23 17:01:37,711 INFO: Plan 1: ḡ=17.5, γE[v]=5.3, Q=22.9 (bayes)
2026-09-23 17:01:37,711 INFO: Plan 2: ḡ=8.3, γE[v]=9.8, Q=18.1 (bayes)
2026-09-23 17:01:39,431 INFO: Plan 1: ḡ=27, γE[v]=9.5, Q=36.5 (fn)
2026-09-23 17:01:39,432 INFO: Plan 0: ḡ=2.8, γE[v]=51.3, Q=54.2 (bayes)
2026-09-23 17:01:39,432 INFO: Plan 1: ḡ=9.3, γE[v]=48.7, Q=58.0 (bayes)
2026-09-23 17:01:39,432 INFO: Plan 2: ḡ=3.0, γE[v]=51.2, Q=54.2 (bayes)
2026-09-23 17:01:40,087 INFO: Plan 0: ḡ=32, γE[v]=0.0, Q=32.0 (fn)
2026-09-23 17:01:40,471 INFO: Plan 1: ḡ=87, γE[v]=0.0, Q=87.0 (fn)
2026-09-23 17:01:40,949 INFO: Plan 0: ḡ=35, γE[v]=0.0, Q=35.0 (fn)
2026-09-23 17:01:41,751 INFO: Plan 1: ḡ=37, γE[v]=1.5, Q=38.5 (fn)
2026-09-23 17:01:41,751 INFO: Plan 2: ḡ=53, γE[v]=0.0, Q=53.0 (fn)
2026-09-23 17:01:41,752 INFO: Plan 0: ḡ=17.5, γE[v]=23.5, Q=41.0 (bayes)
2026-09-23 17:01:41,752 INFO: Plan 1: ḡ=16.8, γE[v]=23.9, Q=40.8 (bayes)
2026-09-23 17:01:41,752 INFO: Plan 2: ḡ=13.7, γE[v]=25.4, Q=39.1 (bayes)
2026-09-23 17:01:42,429 INFO: Plan 2: ḡ=16, γE[v]=0.0, Q=16.0 (fn)
2026-09-23 17:01:42,429 INFO: Plan 0: ḡ=15.8, γE[v]=58.1, Q=73.9 (bayes)
2026-09-23 17:01:42,430 INFO: Plan 1: ḡ=38.3, γE[v]=46.8, Q=85.2 (bayes)
2026-09-23 17:01:42,430 INFO: Plan 2: ḡ=8.0, γE[v]=62.0, Q=70.0 (bayes)
2026-09-23 17:01:42,927 INFO: Plan 0: ḡ=24, γE[v]=0.0, Q=24.0 (fn)
2026-09-23 17:01:43,392 INFO: Plan 0: ḡ=47, γE[v]=1.0, Q=48.0 (fn)
2026-09-23 17:01:45,242 INFO: Plan 0: ḡ=0, γE[v]=0.0, Q=0.0 (fn)
2026-09-23 17:01:45,247 INFO: Plan 1: ḡ=55, γE[v]=0.0, Q=55.0 (fn)
2026-09-23 17:01:45,319 INFO: Plan 0: ḡ=20, γE[v]=0.0, Q=20.0 (fn)
2026-09-23 17:01:45,853 INFO: Plan 2: ḡ=42, γE[v]=0.0, Q=42.0 (fn)
2026-09-23 17:01:46,146 INFO: Plan 1: ḡ=0, γE[v]=0.0, Q=0.0 (fn)
2026-09-23 17:01:46,148 INFO: Plan 2: ḡ=55, γE[v]=11.5, Q=66.5 (fn)
2026-09-23 17:01:46,364 INFO: Plan 1: ḡ=21, γE[v]=16.0, Q=37.0 (fn)
2026-09-23 17:01:46,365 INFO: Plan 0: ḡ=9.8, γE[v]=29.2, Q=39.0 (bayes)
2026-09-23 17:01:46,365 INFO: Plan 1: ḡ=10.5, γE[v]=29.8, Q=40.3 (bayes)
2026-09-23 17:01:46,365 INFO: Plan 2: ḡ=19.7, γE[v]=24.3, Q=44.0 (bayes)
2026-09-23 17:01:46,407 INFO: Plan 2: ḡ=65, γE[v]=0.0, Q=65.0 (fn)
2026-09-23 17:01:46,997 INFO: Plan 2: ḡ=0, γE[v]=0.0, Q=0.0 (fn)
2026-09-23 17:01:46,997 INFO: Plan 0: ḡ=0.0, γE[v]=0.0, Q=0.0 (bayes)
2026-09-23 17:01:46,997 INFO: Plan 1: ḡ=0.0, γE[v]=0.0, Q=0.0 (bayes)
2026-09-23 17:01:46,997 INFO: Plan 2: ḡ=0.0, γE[v]=0.0, Q=0.0 (bayes)
2026-09-23 17:01:47,326 INFO: Plan 1: ḡ=87, γE[v]=0.0, Q=87.0 (fn)
2026-09-23 17:01:47,797 INFO: Plan 1: ḡ=65, γE[v]=2.0, Q=67.0 (fn)
2026-09-23 17:01:47,798 INFO: Plan 0: ḡ=18.3, γE[v]=38.0, Q=56.4 (bayes)
2026-09-23 17:01:47,798 INFO: Plan 1: ḡ=32.5, γE[v]=31.0, Q=63.5 (bayes)
2026-09-23 17:01:47,798 INFO: Plan 2: ḡ=27.5, γE[v]=33.9, Q=61.4 (bayes)
2026-09-23 17:01:47,984 INFO: Plan 0: ḡ=13, γE[v]=0.0, Q=13.0 (fn)
2026-09-23 17:01:47,984 INFO: Plan 0: ḡ=6.3, γE[v]=66.8, Q=73.1 (bayes)
2026-09-23 17:01:47,985 INFO: Plan 1: ḡ=43.5, γE[v]=48.2, Q=91.7 (bayes)
2026-09-23 17:01:47,985 INFO: Plan 2: ḡ=32.5, γE[v]=53.7, Q=86.2 (bayes)
2026-09-23 17:01:48,278 INFO: Plan 0: ḡ=20, γE[v]=0.0, Q=20.0 (fn)
2026-09-23 17:01:48,312 INFO: Plan 2: ḡ=27, γE[v]=0.0, Q=27.0 (fn)
2026-09-23 17:01:48,826 INFO: Plan 2: ḡ=67, γE[v]=0.0, Q=67.0 (fn)
2026-09-23 17:01:48,826 INFO: Plan 0: ḡ=10.0, γE[v]=77.9, Q=87.9 (bayes)
2026-09-23 17:01:48,826 INFO: Plan 1: ḡ=26.7, γE[v]=69.6, Q=96.2 (bayes)
2026-09-23 17:01:48,826 INFO: Plan 2: ḡ=30.5, γE[v]=67.7, Q=98.2 (bayes)
2026-09-23 17:01:49,166 INFO: Plan 1: ḡ=39, γE[v]=0.0, Q=39.0 (fn)
2026-09-23 17:01:49,167 INFO: Plan 0: ḡ=6.7, γE[v]=4.9, Q=11.5 (bayes)
2026-09-23 17:01:49,167 INFO: Plan 1: ḡ=9.8, γE[v]=3.3, Q=13.1 (bayes)
2026-09-23 17:01:49,167 INFO: Plan 2: ḡ=6.8, γE[v]=4.8, Q=11.6 (bayes)
2026-09-23 17:01:49,566 INFO: Plan 2: ḡ=33, γE[v]=0.0, Q=33.0 (fn)
2026-09-23 17:01:50,001 INFO: Plan 0: ḡ=7, γE[v]=0.0, Q=7.0 (fn)
2026-09-23 17:01:53,058 INFO: Plan 1: ḡ=85, γE[v]=6.5, Q=91.5 (fn)
2026-09-23 17:01:53,058 INFO: Plan 0: ḡ=3.2, γE[v]=12.5, Q=15.8 (bayes)
2026-09-23 17:01:53,058 INFO: Plan 1: ḡ=22.9, γE[v]=3.0, Q=25.9 (bayes)
2026-09-23 17:01:53,059 INFO: Plan 2: ḡ=9.8, γE[v]=9.2, Q=19.0 (bayes)
2026-09-23 17:01:53,307 INFO: Plan 0: ḡ=22, γE[v]=0.0, Q=22.0 (fn)
2026-09-23 17:01:53,595 INFO: Plan 0: ḡ=4, γE[v]=4.0, Q=8.0 (fn)
2026-09-23 17:01:53,596 INFO: Plan 1: ḡ=12, γE[v]=0.5, Q=12.5 (fn)
2026-09-23 17:01:53,795 INFO: Plan 2: ḡ=13, γE[v]=0.0, Q=13.0 (fn)
2026-09-23 17:01:53,795 INFO: Plan 0: ḡ=1.3, γE[v]=1.7, Q=3.0 (bayes)
2026-09-23 17:01:53,796 INFO: Plan 1: ḡ=4.0, γE[v]=0.2, Q=4.2 (bayes)
2026-09-23 17:01:53,796 INFO: Plan 2: ḡ=4.2, γE[v]=0.0, Q=4.2 (bayes)
2026-09-23 17:01:53,916 INFO: Plan 1: ḡ=55, γE[v]=0.0, Q=55.0 (fn)
2026-09-23 17:01:54,535 INFO: Plan 2: ḡ=11, γE[v]=0.0, Q=11.0 (fn)
2026-09-23 17:01:54,536 INFO: Plan 0: ḡ=8.4, γE[v]=14.7, Q=23.1 (bayes)
2026-09-23 17:01:54,536 INFO: Plan 1: ḡ=20.3, γE[v]=8.7, Q=29.0 (bayes)
2026-09-23 17:01:54,536 INFO: Plan 2: ḡ=5.5, γE[v]=16.1, Q=21.6 (bayes)
2026-09-23 17:01:55,625 INFO: Plan 2: ḡ=34, γE[v]=0.0, Q=34.0 (fn)
  [47/93] jinja2.compiler seed=42: {'cov_qvalue_tgt_fnt_bayes': 296, 'cov_qvalue_tgt_rnd': 231, 'divhints_oracle': 31}
2026-09-23 17:01:57,525 INFO: Plan 0: ḡ=14, γE[v]=0.0, Q=14.0 (fn)
2026-09-23 17:01:57,646 INFO: Plan 0: ḡ=30, γE[v]=6.0, Q=36.0 (fn)
2026-09-23 17:01:58,506 INFO: Plan 2: ḡ=4, γE[v]=0.0, Q=4.0 (fn)
2026-09-23 17:01:58,507 INFO: Plan 1: ḡ=58, γE[v]=17.0, Q=75.0 (fn)
2026-09-23 17:01:58,507 INFO: Plan 0: ḡ=5.0, γE[v]=5.6, Q=10.6 (bayes)
2026-09-23 17:01:58,507 INFO: Plan 1: ḡ=9.7, γE[v]=4.1, Q=13.8 (bayes)
2026-09-23 17:01:58,507 INFO: Plan 2: ḡ=5.7, γE[v]=4.8, Q=10.5 (bayes)
2026-09-23 17:01:58,892 INFO: Plan 2: ḡ=28, γE[v]=4.5, Q=32.5 (fn)
2026-09-23 17:02:00,807 INFO: Plan 1: ḡ=7, γE[v]=5.5, Q=12.5 (fn)
2026-09-23 17:02:00,807 INFO: Plan 0: ḡ=2.8, γE[v]=0.5, Q=3.3 (bayes)
2026-09-23 17:02:00,807 INFO: Plan 1: ḡ=1.6, γE[v]=1.5, Q=3.1 (bayes)
2026-09-23 17:02:00,807 INFO: Plan 2: ḡ=1.0, γE[v]=1.4, Q=2.4 (bayes)
2026-09-23 17:02:01,431 INFO: Plan 1: ḡ=21, γE[v]=0.0, Q=21.0 (fn)
2026-09-23 17:02:01,878 INFO: Plan 2: ḡ=26, γE[v]=0.0, Q=26.0 (fn)
2026-09-23 17:02:01,878 INFO: Plan 0: ḡ=22, γE[v]=0.0, Q=22.0 (fn)
2026-09-23 17:02:01,879 INFO: Plan 0: ḡ=11.0, γE[v]=8.5, Q=19.5 (bayes)
2026-09-23 17:02:01,879 INFO: Plan 1: ḡ=8.3, γE[v]=9.8, Q=18.2 (bayes)
2026-09-23 17:02:01,879 INFO: Plan 2: ḡ=8.7, γE[v]=9.7, Q=18.3 (bayes)
2026-09-23 17:02:03,211 INFO: Plan 2: ḡ=29, γE[v]=0.0, Q=29.0 (fn)
2026-09-23 17:02:03,215 INFO: Plan 0: ḡ=41, γE[v]=25.0, Q=66.0 (fn)
2026-09-23 17:02:03,855 INFO: Plan 1: ḡ=161, γE[v]=0.0, Q=161.0 (fn)
2026-09-23 17:02:03,896 INFO: Plan 0: ḡ=28, γE[v]=0.0, Q=28.0 (fn)
2026-09-23 17:02:03,897 INFO: Plan 0: ḡ=9.3, γE[v]=25.5, Q=34.8 (bayes)
2026-09-23 17:02:03,897 INFO: Plan 1: ḡ=41.6, γE[v]=9.3, Q=50.9 (bayes)
2026-09-23 17:02:03,897 INFO: Plan 2: ḡ=9.7, γE[v]=25.3, Q=35.0 (bayes)
2026-09-23 17:02:04,800 INFO: Plan 0: ḡ=41, γE[v]=16.0, Q=57.0 (fn)
2026-09-23 17:02:05,678 INFO: Plan 1: ḡ=39, γE[v]=8.0, Q=47.0 (fn)
2026-09-23 17:02:05,679 INFO: Plan 0: ḡ=20.5, γE[v]=74.0, Q=94.5 (bayes)
2026-09-23 17:02:05,679 INFO: Plan 1: ḡ=19.5, γE[v]=73.8, Q=93.3 (bayes)
2026-09-23 17:02:05,679 INFO: Plan 2: ḡ=9.3, γE[v]=78.8, Q=88.1 (bayes)
2026-09-23 17:02:06,390 INFO: Plan 1: ḡ=85, γE[v]=43.0, Q=128.0 (fn)
2026-09-23 17:02:07,415 INFO: Plan 0: ḡ=11, γE[v]=0.0, Q=11.0 (fn)
2026-09-23 17:02:07,570 INFO: Plan 0: ḡ=15, γE[v]=0.0, Q=15.0 (fn)
2026-09-23 17:02:08,009 INFO: Plan 1: ḡ=0, γE[v]=0.0, Q=0.0 (fn)
2026-09-23 17:02:08,365 INFO: Plan 2: ḡ=23, γE[v]=0.0, Q=23.0 (fn)
2026-09-23 17:02:08,775 INFO: Plan 2: ḡ=119, γE[v]=26.0, Q=145.0 (fn)
2026-09-23 17:02:08,776 INFO: Plan 0: ḡ=15.7, γE[v]=26.2, Q=41.9 (bayes)
2026-09-23 17:02:08,776 INFO: Plan 1: ḡ=34.8, γE[v]=18.4, Q=53.2 (bayes)
2026-09-23 17:02:08,776 INFO: Plan 2: ḡ=46.5, γE[v]=11.5, Q=58.0 (bayes)
2026-09-23 17:02:08,955 INFO: Plan 1: ḡ=40, γE[v]=13.0, Q=53.0 (fn)
2026-09-23 17:02:08,955 INFO: Plan 0: ḡ=3.7, γE[v]=10.2, Q=13.8 (bayes)
2026-09-23 17:02:08,955 INFO: Plan 1: ḡ=13.3, γE[v]=6.1, Q=19.4 (bayes)
2026-09-23 17:02:08,955 INFO: Plan 2: ḡ=8.3, γE[v]=7.8, Q=16.2 (bayes)
2026-09-23 17:02:08,990 INFO: Plan 2: ḡ=0, γE[v]=0.0, Q=0.0 (fn)
2026-09-23 17:02:08,991 INFO: Plan 0: ḡ=5.0, γE[v]=0.0, Q=5.0 (bayes)
2026-09-23 17:02:08,991 INFO: Plan 1: ḡ=0.0, γE[v]=2.5, Q=2.5 (bayes)
2026-09-23 17:02:08,991 INFO: Plan 2: ḡ=0.0, γE[v]=2.5, Q=2.5 (bayes)
2026-09-23 17:02:10,704 INFO: Plan 0: ḡ=15, γE[v]=0.0, Q=15.0 (fn)
2026-09-23 17:02:10,705 INFO: Plan 1: ḡ=15, γE[v]=0.0, Q=15.0 (fn)
2026-09-23 17:02:11,028 INFO: Plan 2: ḡ=15, γE[v]=0.0, Q=15.0 (fn)
2026-09-23 17:02:11,028 INFO: Plan 0: ḡ=3.0, γE[v]=0.0, Q=3.0 (bayes)
2026-09-23 17:02:11,029 INFO: Plan 1: ḡ=3.0, γE[v]=0.0, Q=3.0 (bayes)
2026-09-23 17:02:11,029 INFO: Plan 2: ḡ=3.0, γE[v]=0.0, Q=3.0 (bayes)
2026-09-23 17:02:11,423 INFO: Plan 0: ḡ=14, γE[v]=0.0, Q=14.0 (fn)
2026-09-23 17:02:12,070 INFO: Plan 1: ḡ=21, γE[v]=0.0, Q=21.0 (fn)
2026-09-23 17:02:12,198 INFO: Plan 2: ḡ=51, γE[v]=0.0, Q=51.0 (fn)
2026-09-23 17:02:12,405 INFO: Plan 2: ḡ=8, γE[v]=0.0, Q=8.0 (fn)
2026-09-23 17:02:12,405 INFO: Plan 0: ḡ=4.8, γE[v]=4.7, Q=9.5 (bayes)
2026-09-23 17:02:12,405 INFO: Plan 1: ḡ=7.2, γE[v]=3.5, Q=10.7 (bayes)
2026-09-23 17:02:12,406 INFO: Plan 2: ḡ=2.7, γE[v]=5.8, Q=8.4 (bayes)
2026-09-23 17:02:13,981 INFO: Plan 0: ḡ=130, γE[v]=77.0, Q=207.0 (fn)
2026-09-23 17:02:14,172 INFO: Plan 1: ḡ=27, γE[v]=0.0, Q=27.0 (fn)
2026-09-23 17:02:14,829 INFO: Plan 1: ḡ=3, γE[v]=0.0, Q=3.0 (fn)
2026-09-23 17:02:15,464 INFO: Plan 0: ḡ=93, γE[v]=0.0, Q=93.0 (fn)
2026-09-23 17:02:15,837 INFO: Plan 0: ḡ=31, γE[v]=0.0, Q=31.0 (fn)
2026-09-23 17:02:16,150 INFO: Plan 2: ḡ=18, γE[v]=0.0, Q=18.0 (fn)
2026-09-23 17:02:16,151 INFO: Plan 0: ḡ=10.3, γE[v]=3.5, Q=13.8 (bayes)
2026-09-23 17:02:16,151 INFO: Plan 1: ḡ=1.0, γE[v]=8.2, Q=9.2 (bayes)
2026-09-23 17:02:16,151 INFO: Plan 2: ḡ=6.0, γE[v]=5.7, Q=11.7 (bayes)
2026-09-23 17:02:16,825 INFO: Plan 0: ḡ=5, γE[v]=0.0, Q=5.0 (fn)
2026-09-23 17:02:16,862 INFO: Plan 2: ḡ=0, γE[v]=0.0, Q=0.0 (fn)
2026-09-23 17:02:17,074 INFO: Plan 1: ḡ=5, γE[v]=0.0, Q=5.0 (fn)
2026-09-23 17:02:17,075 INFO: Plan 0: ḡ=0.8, γE[v]=0.0, Q=0.8 (bayes)
2026-09-23 17:02:17,075 INFO: Plan 1: ḡ=0.8, γE[v]=0.0, Q=0.8 (bayes)
2026-09-23 17:02:17,075 INFO: Plan 2: ḡ=0.0, γE[v]=0.4, Q=0.4 (bayes)
2026-09-23 17:02:17,335 INFO: Plan 1: ḡ=42, γE[v]=121.0, Q=163.0 (fn)
2026-09-23 17:02:17,335 INFO: Plan 0: ḡ=45.0, γE[v]=81.3, Q=126.3 (bayes)
2026-09-23 17:02:17,336 INFO: Plan 1: ḡ=10.5, γE[v]=101.5, Q=112.0 (bayes)
2026-09-23 17:02:17,336 INFO: Plan 2: ḡ=22.8, γE[v]=87.2, Q=110.0 (bayes)
2026-09-23 17:02:17,762 INFO: Plan 2: ḡ=0, γE[v]=0.0, Q=0.0 (fn)
2026-09-23 17:02:18,222 INFO: Plan 0: ḡ=2, γE[v]=0.0, Q=2.0 (fn)
2026-09-23 17:02:18,380 INFO: Plan 1: ḡ=2, γE[v]=0.0, Q=2.0 (fn)
2026-09-23 17:02:18,381 INFO: Plan 0: ḡ=0.4, γE[v]=0.0, Q=0.4 (bayes)
2026-09-23 17:02:18,381 INFO: Plan 1: ḡ=0.4, γE[v]=0.0, Q=0.4 (bayes)
2026-09-23 17:02:18,381 INFO: Plan 2: ḡ=0.0, γE[v]=0.2, Q=0.2 (bayes)
2026-09-23 17:02:18,464 INFO: Plan 2: ḡ=59, γE[v]=8.5, Q=67.5 (fn)
2026-09-23 17:02:18,465 INFO: Plan 0: ḡ=32.5, γE[v]=94.2, Q=126.7 (bayes)
2026-09-23 17:02:18,465 INFO: Plan 1: ḡ=13.5, γE[v]=103.7, Q=117.2 (bayes)
2026-09-23 17:02:18,465 INFO: Plan 2: ḡ=25.3, γE[v]=98.1, Q=123.5 (bayes)
2026-09-23 17:02:19,841 INFO: Plan 0: ḡ=8, γE[v]=1.0, Q=9.0 (fn)
2026-09-23 17:02:20,210 INFO: Plan 1: ḡ=2, γE[v]=4.0, Q=6.0 (fn)
2026-09-23 17:02:20,552 INFO: Plan 2: ḡ=10, γE[v]=0.0, Q=10.0 (fn)
2026-09-23 17:02:20,552 INFO: Plan 0: ḡ=1.6, γE[v]=0.3, Q=1.9 (bayes)
2026-09-23 17:02:20,552 INFO: Plan 1: ḡ=0.4, γE[v]=1.1, Q=1.5 (bayes)
2026-09-23 17:02:20,553 INFO: Plan 2: ḡ=2.0, γE[v]=0.0, Q=2.0 (bayes)
2026-09-23 17:02:21,461 INFO: Plan 1: ḡ=10, γE[v]=0.0, Q=10.0 (fn)
2026-09-23 17:02:22,438 INFO: Plan 0: ḡ=44, γE[v]=0.5, Q=44.5 (fn)
2026-09-23 17:02:22,648 INFO: Plan 2: ḡ=16, γE[v]=0.0, Q=16.0 (fn)
2026-09-23 17:02:22,649 INFO: Plan 0: ḡ=12.8, γE[v]=4.3, Q=17.0 (bayes)
2026-09-23 17:02:22,649 INFO: Plan 1: ḡ=3.7, γE[v]=8.8, Q=12.5 (bayes)
2026-09-23 17:02:22,649 INFO: Plan 2: ḡ=5.3, γE[v]=8.0, Q=13.3 (bayes)
2026-09-23 17:02:24,286 INFO: Plan 2: ḡ=5, γE[v]=0.0, Q=5.0 (fn)
2026-09-23 17:02:24,536 INFO: Plan 1: ḡ=3, γE[v]=0.0, Q=3.0 (fn)
2026-09-23 17:02:25,499 INFO: Plan 0: ḡ=9, γE[v]=2.0, Q=11.0 (fn)
2026-09-23 17:02:25,499 INFO: Plan 0: ḡ=2.6, γE[v]=0.6, Q=3.2 (bayes)
2026-09-23 17:02:25,500 INFO: Plan 1: ḡ=0.9, γE[v]=1.3, Q=2.2 (bayes)
2026-09-23 17:02:25,500 INFO: Plan 2: ḡ=1.3, γE[v]=1.1, Q=2.5 (bayes)
2026-09-23 17:02:26,521 INFO: Plan 2: ḡ=89, γE[v]=73.0, Q=162.0 (fn)
2026-09-23 17:02:26,927 INFO: Plan 0: ḡ=53, γE[v]=0.0, Q=53.0 (fn)
2026-09-23 17:02:27,295 INFO: Plan 1: ḡ=108, γE[v]=63.5, Q=171.5 (fn)
2026-09-23 17:02:27,454 INFO: Plan 1: ḡ=53, γE[v]=0.0, Q=53.0 (fn)
2026-09-23 17:02:27,968 INFO: Plan 2: ḡ=53, γE[v]=0.0, Q=53.0 (fn)
2026-09-23 17:02:27,968 INFO: Plan 0: ḡ=17.7, γE[v]=0.0, Q=17.7 (bayes)
2026-09-23 17:02:27,968 INFO: Plan 1: ḡ=17.7, γE[v]=0.0, Q=17.7 (bayes)
2026-09-23 17:02:27,969 INFO: Plan 2: ḡ=17.7, γE[v]=0.0, Q=17.7 (bayes)
2026-09-23 17:02:28,598 INFO: Plan 2: ḡ=17, γE[v]=0.0, Q=17.0 (fn)
2026-09-23 17:02:28,890 INFO: Plan 1: ḡ=13, γE[v]=0.0, Q=13.0 (fn)
2026-09-23 17:02:29,116 INFO: Plan 0: ḡ=125, γE[v]=109.5, Q=234.5 (fn)
2026-09-23 17:02:29,117 INFO: Plan 0: ḡ=40.6, γE[v]=35.6, Q=76.2 (bayes)
2026-09-23 17:02:29,117 INFO: Plan 1: ḡ=27.0, γE[v]=39.3, Q=66.3 (bayes)
2026-09-23 17:02:29,117 INFO: Plan 2: ḡ=22.2, γE[v]=42.3, Q=64.6 (bayes)
2026-09-23 17:02:30,932 INFO: Plan 0: ḡ=0, γE[v]=0.0, Q=0.0 (fn)
2026-09-23 17:02:31,079 INFO: Plan 1: ḡ=0, γE[v]=0.0, Q=0.0 (fn)
2026-09-23 17:02:31,458 INFO: Plan 2: ḡ=0, γE[v]=0.0, Q=0.0 (fn)
2026-09-23 17:02:31,459 INFO: Plan 0: ḡ=0.0, γE[v]=0.0, Q=0.0 (bayes)
2026-09-23 17:02:31,459 INFO: Plan 1: ḡ=0.0, γE[v]=0.0, Q=0.0 (bayes)
2026-09-23 17:02:31,459 INFO: Plan 2: ḡ=0.0, γE[v]=0.0, Q=0.0 (bayes)
2026-09-23 17:02:32,214 INFO: Plan 2: ḡ=15, γE[v]=0.0, Q=15.0 (fn)
2026-09-23 17:02:32,255 INFO: Plan 1: ḡ=2, γE[v]=0.0, Q=2.0 (fn)
2026-09-23 17:02:33,979 INFO: Plan 0: ḡ=2, γE[v]=8.5, Q=10.5 (fn)
2026-09-23 17:02:33,979 INFO: Plan 0: ḡ=0.7, γE[v]=2.2, Q=2.9 (bayes)
2026-09-23 17:02:33,979 INFO: Plan 1: ḡ=0.7, γE[v]=1.6, Q=2.2 (bayes)
2026-09-23 17:02:33,979 INFO: Plan 2: ḡ=2.5, γE[v]=0.7, Q=3.2 (bayes)
2026-09-23 17:02:34,164 INFO: Plan 0: ḡ=9, γE[v]=0.0, Q=9.0 (fn)
2026-09-23 17:02:34,856 INFO: Plan 2: ḡ=24, γE[v]=0.0, Q=24.0 (fn)
2026-09-23 17:02:35,061 INFO: Plan 1: ḡ=32, γE[v]=0.0, Q=32.0 (fn)
2026-09-23 17:02:35,062 INFO: Plan 0: ḡ=2.1, γE[v]=4.0, Q=6.2 (bayes)
2026-09-23 17:02:35,062 INFO: Plan 1: ḡ=8.0, γE[v]=1.1, Q=9.1 (bayes)
2026-09-23 17:02:35,062 INFO: Plan 2: ḡ=6.0, γE[v]=2.1, Q=8.1 (bayes)
2026-09-23 17:02:35,903 INFO: Plan 2: ḡ=2, γE[v]=0.0, Q=2.0 (fn)
2026-09-23 17:02:35,904 INFO: Plan 0: ḡ=20, γE[v]=24.5, Q=44.5 (fn)
2026-09-23 17:02:35,905 INFO: Plan 0: ḡ=10.0, γE[v]=22.1, Q=32.1 (bayes)
2026-09-23 17:02:35,905 INFO: Plan 1: ḡ=6.5, γE[v]=22.8, Q=29.2 (bayes)
2026-09-23 17:02:35,905 INFO: Plan 2: ḡ=8.5, γE[v]=21.8, Q=30.2 (bayes)
2026-09-23 17:02:36,174 INFO: Plan 1: ḡ=11, γE[v]=0.0, Q=11.0 (fn)
2026-09-23 17:02:36,338 INFO: Plan 0: ḡ=14, γE[v]=0.0, Q=14.0 (fn)
2026-09-23 17:02:36,339 INFO: Plan 0: ḡ=6.3, γE[v]=1.5, Q=7.8 (bayes)
2026-09-23 17:02:36,339 INFO: Plan 1: ḡ=3.7, γE[v]=2.8, Q=6.5 (bayes)
2026-09-23 17:02:36,339 INFO: Plan 2: ḡ=0.7, γE[v]=4.3, Q=5.0 (bayes)
2026-09-23 17:02:38,598 INFO: Plan 1: ḡ=7, γE[v]=0.0, Q=7.0 (fn)
2026-09-23 17:02:39,273 INFO: Plan 2: ḡ=12, γE[v]=0.0, Q=12.0 (fn)
2026-09-23 17:02:39,314 INFO: Plan 0: ḡ=6, γE[v]=0.0, Q=6.0 (fn)
2026-09-23 17:02:39,314 INFO: Plan 0: ḡ=1.7, γE[v]=3.2, Q=4.8 (bayes)
2026-09-23 17:02:39,314 INFO: Plan 1: ḡ=2.3, γE[v]=2.8, Q=5.2 (bayes)
2026-09-23 17:02:39,314 INFO: Plan 2: ḡ=4.0, γE[v]=2.0, Q=6.0 (bayes)
2026-09-23 17:02:39,819 INFO: Plan 0: ḡ=5, γE[v]=0.0, Q=5.0 (fn)
2026-09-23 17:02:40,787 INFO: Plan 2: ḡ=0, γE[v]=0.0, Q=0.0 (fn)
2026-09-23 17:02:41,333 INFO: Plan 1: ḡ=4, γE[v]=0.0, Q=4.0 (fn)
2026-09-23 17:02:41,557 INFO: Plan 0: ḡ=1, γE[v]=0.0, Q=1.0 (fn)
2026-09-23 17:02:41,822 INFO: Plan 2: ḡ=1, γE[v]=0.0, Q=1.0 (fn)
2026-09-23 17:02:41,822 INFO: Plan 0: ḡ=0.2, γE[v]=0.3, Q=0.5 (bayes)
2026-09-23 17:02:41,823 INFO: Plan 1: ḡ=0.7, γE[v]=0.1, Q=0.8 (bayes)
2026-09-23 17:02:41,823 INFO: Plan 2: ḡ=0.2, γE[v]=0.3, Q=0.5 (bayes)
2026-09-23 17:02:41,983 INFO: Plan 0: ḡ=20, γE[v]=0.0, Q=20.0 (fn)
2026-09-23 17:02:42,282 INFO: Plan 1: ḡ=35, γE[v]=0.0, Q=35.0 (fn)
2026-09-23 17:02:42,723 INFO: Plan 2: ḡ=0, γE[v]=0.0, Q=0.0 (fn)
2026-09-23 17:02:43,067 INFO: Plan 1: ḡ=12, γE[v]=6.5, Q=18.5 (fn)
2026-09-23 17:02:43,068 INFO: Plan 0: ḡ=6.7, γE[v]=0.5, Q=7.2 (bayes)
2026-09-23 17:02:43,068 INFO: Plan 1: ḡ=3.3, γE[v]=2.6, Q=5.9 (bayes)
2026-09-23 17:02:43,068 INFO: Plan 2: ḡ=0.0, γE[v]=3.8, Q=3.8 (bayes)
2026-09-23 17:02:43,645 INFO: Plan 1: ḡ=161, γE[v]=0.0, Q=161.0 (fn)
2026-09-23 17:02:43,685 INFO: Plan 0: ḡ=2, γE[v]=0.0, Q=2.0 (fn)
2026-09-23 17:02:43,909 INFO: Plan 1: ḡ=2, γE[v]=0.0, Q=2.0 (fn)
2026-09-23 17:02:43,910 INFO: Plan 0: ḡ=0.7, γE[v]=0.0, Q=0.7 (bayes)
2026-09-23 17:02:43,910 INFO: Plan 1: ḡ=0.7, γE[v]=0.0, Q=0.7 (bayes)
2026-09-23 17:02:43,910 INFO: Plan 2: ḡ=0.0, γE[v]=0.3, Q=0.3 (bayes)
2026-09-23 17:02:44,353 INFO: Plan 0: ḡ=0, γE[v]=0.0, Q=0.0 (fn)
2026-09-23 17:02:44,814 INFO: Plan 0: ḡ=64, γE[v]=48.5, Q=112.5 (fn)
2026-09-23 17:02:45,329 INFO: Plan 2: ḡ=100, γE[v]=30.5, Q=130.5 (fn)
2026-09-23 17:02:45,330 INFO: Plan 0: ḡ=32.0, γE[v]=26.4, Q=58.4 (bayes)
2026-09-23 17:02:45,330 INFO: Plan 1: ḡ=80.5, γE[v]=0.0, Q=80.5 (bayes)
2026-09-23 17:02:45,330 INFO: Plan 2: ḡ=50.0, γE[v]=16.6, Q=66.6 (bayes)
2026-09-23 17:02:45,819 INFO: Plan 2: ḡ=21, γE[v]=0.0, Q=21.0 (fn)
2026-09-23 17:02:45,981 INFO: Plan 1: ḡ=15, γE[v]=0.0, Q=15.0 (fn)
2026-09-23 17:02:46,960 INFO: Plan 2: ḡ=77, γE[v]=0.0, Q=77.0 (fn)
2026-09-23 17:02:46,961 INFO: Plan 0: ḡ=1.7, γE[v]=77.2, Q=78.9 (bayes)
2026-09-23 17:02:46,961 INFO: Plan 1: ḡ=12.3, γE[v]=71.9, Q=84.2 (bayes)
2026-09-23 17:02:46,961 INFO: Plan 2: ḡ=23.1, γE[v]=66.5, Q=89.6 (bayes)
2026-09-23 17:02:47,003 INFO: Plan 0: ḡ=20, γE[v]=0.0, Q=20.0 (fn)
2026-09-23 17:02:47,491 INFO: Plan 1: ḡ=0, γE[v]=0.0, Q=0.0 (fn)
2026-09-23 17:02:47,934 INFO: Plan 0: ḡ=32, γE[v]=10.5, Q=42.5 (fn)
2026-09-23 17:02:47,934 INFO: Plan 0: ḡ=10.7, γE[v]=4.1, Q=14.8 (bayes)
2026-09-23 17:02:47,934 INFO: Plan 1: ḡ=5.0, γE[v]=6.3, Q=11.3 (bayes)
2026-09-23 17:02:47,934 INFO: Plan 2: ḡ=7.0, γE[v]=5.3, Q=12.3 (bayes)
2026-09-23 17:02:48,576 INFO: Plan 2: ḡ=0, γE[v]=0.0, Q=0.0 (fn)
2026-09-23 17:02:48,576 INFO: Plan 1: ḡ=12, γE[v]=0.0, Q=12.0 (fn)
2026-09-23 17:02:48,577 INFO: Plan 0: ḡ=0.0, γE[v]=0.0, Q=0.0 (bayes)
2026-09-23 17:02:48,577 INFO: Plan 1: ḡ=0.0, γE[v]=0.0, Q=0.0 (bayes)
2026-09-23 17:02:48,577 INFO: Plan 2: ḡ=0.0, γE[v]=0.0, Q=0.0 (bayes)
2026-09-23 17:02:49,224 INFO: Plan 0: ḡ=4, γE[v]=4.0, Q=8.0 (fn)
2026-09-23 17:02:49,225 INFO: Plan 2: ḡ=9, γE[v]=1.5, Q=10.5 (fn)
2026-09-23 17:02:49,225 INFO: Plan 0: ḡ=1.0, γE[v]=1.3, Q=2.3 (bayes)
2026-09-23 17:02:49,225 INFO: Plan 1: ḡ=3.0, γE[v]=0.0, Q=3.0 (bayes)
2026-09-23 17:02:49,225 INFO: Plan 2: ḡ=2.2, γE[v]=0.5, Q=2.7 (bayes)
2026-09-23 17:02:50,232 INFO: Plan 0: ḡ=32, γE[v]=0.0, Q=32.0 (fn)
2026-09-23 17:02:50,370 INFO: Plan 0: ḡ=0, γE[v]=0.0, Q=0.0 (fn)
2026-09-23 17:02:50,412 INFO: Plan 1: ḡ=0, γE[v]=0.0, Q=0.0 (fn)
2026-09-23 17:02:50,413 INFO: Plan 1: ḡ=38, γE[v]=0.0, Q=38.0 (fn)
2026-09-23 17:02:51,446 INFO: Plan 2: ḡ=0, γE[v]=0.0, Q=0.0 (fn)
2026-09-23 17:02:51,447 INFO: Plan 0: ḡ=0.0, γE[v]=0.0, Q=0.0 (bayes)
2026-09-23 17:02:51,447 INFO: Plan 1: ḡ=0.0, γE[v]=0.0, Q=0.0 (bayes)
2026-09-23 17:02:51,447 INFO: Plan 2: ḡ=0.0, γE[v]=0.0, Q=0.0 (bayes)
2026-09-23 17:02:53,039 INFO: Plan 2: ḡ=93, γE[v]=0.0, Q=93.0 (fn)
2026-09-23 17:02:53,077 INFO: Plan 1: ḡ=104, γE[v]=0.0, Q=104.0 (fn)
2026-09-23 17:02:53,786 INFO: Plan 2: ḡ=22, γE[v]=0.0, Q=22.0 (fn)
2026-09-23 17:02:53,787 INFO: Plan 0: ḡ=15.8, γE[v]=42.8, Q=58.6 (bayes)
2026-09-23 17:02:53,787 INFO: Plan 1: ḡ=11.1, γE[v]=45.2, Q=56.2 (bayes)
2026-09-23 17:02:53,787 INFO: Plan 2: ḡ=11.0, γE[v]=45.2, Q=56.2 (bayes)
2026-09-23 17:02:53,830 INFO: Plan 1: ḡ=31, γE[v]=17.0, Q=48.0 (fn)
2026-09-23 17:02:54,268 INFO: Plan 0: ḡ=10, γE[v]=0.0, Q=10.0 (fn)
2026-09-23 17:02:54,268 INFO: Plan 0: ḡ=4.8, γE[v]=54.8, Q=59.6 (bayes)
2026-09-23 17:02:54,268 INFO: Plan 1: ḡ=42.0, γE[v]=36.2, Q=78.2 (bayes)
2026-09-23 17:02:54,268 INFO: Plan 2: ḡ=46.5, γE[v]=33.9, Q=80.4 (bayes)
2026-09-23 17:02:54,627 INFO: Plan 0: ḡ=35, γE[v]=0.0, Q=35.0 (fn)
2026-09-23 17:02:54,842 INFO: Plan 2: ḡ=15, γE[v]=24.0, Q=39.0 (fn)
2026-09-23 17:02:54,843 INFO: Plan 0: ḡ=7.3, γE[v]=43.6, Q=51.0 (bayes)
2026-09-23 17:02:54,843 INFO: Plan 1: ḡ=11.0, γE[v]=42.6, Q=53.6 (bayes)
2026-09-23 17:02:54,843 INFO: Plan 2: ḡ=7.5, γE[v]=44.6, Q=52.1 (bayes)
2026-09-23 17:02:56,260 INFO: Plan 0: ḡ=24, γE[v]=0.0, Q=24.0 (fn)
2026-09-23 17:02:57,222 INFO: Plan 2: ḡ=18, γE[v]=0.0, Q=18.0 (fn)
2026-09-23 17:02:57,603 INFO: Plan 0: ḡ=23, γE[v]=0.0, Q=23.0 (fn)
2026-09-23 17:02:57,603 INFO: Plan 2: ḡ=41, γE[v]=8.5, Q=49.5 (fn)
2026-09-23 17:02:58,738 INFO: Plan 1: ḡ=52, γE[v]=4.5, Q=56.5 (fn)
2026-09-23 17:02:58,739 INFO: Plan 0: ḡ=17.5, γE[v]=14.8, Q=32.2 (bayes)
2026-09-23 17:02:58,739 INFO: Plan 1: ḡ=14.1, γE[v]=16.8, Q=30.9 (bayes)
2026-09-23 17:02:58,739 INFO: Plan 2: ḡ=11.9, γE[v]=18.1, Q=30.0 (bayes)
2026-09-23 17:02:59,223 INFO: Plan 2: ḡ=37, γE[v]=0.0, Q=37.0 (fn)
2026-09-23 17:02:59,378 INFO: Plan 1: ḡ=52, γE[v]=4.5, Q=56.5 (fn)
2026-09-23 17:02:59,379 INFO: Plan 0: ḡ=11.5, γE[v]=49.3, Q=60.8 (bayes)
2026-09-23 17:02:59,379 INFO: Plan 1: ḡ=25.2, γE[v]=42.7, Q=67.9 (bayes)
2026-09-23 17:02:59,379 INFO: Plan 2: ḡ=12.5, γE[v]=48.8, Q=61.3 (bayes)
2026-09-23 17:03:00,346 INFO: Plan 0: ḡ=22, γE[v]=0.0, Q=22.0 (fn)
2026-09-23 17:03:00,612 INFO: Plan 1: ḡ=13, γE[v]=17.0, Q=30.0 (fn)
2026-09-23 17:03:00,613 INFO: Plan 0: ḡ=9.8, γE[v]=20.2, Q=30.0 (bayes)
2026-09-23 17:03:00,613 INFO: Plan 1: ḡ=5.0, γE[v]=23.6, Q=28.6 (bayes)
2026-09-23 17:03:00,613 INFO: Plan 2: ḡ=6.1, γE[v]=22.1, Q=28.2 (bayes)
2026-09-23 17:03:00,687 INFO: Plan 2: ḡ=17, γE[v]=0.0, Q=17.0 (fn)
2026-09-23 17:03:01,430 INFO: Plan 1: ḡ=52, γE[v]=0.0, Q=52.0 (fn)
2026-09-23 17:03:01,430 INFO: Plan 0: ḡ=8.4, γE[v]=9.9, Q=18.3 (bayes)
2026-09-23 17:03:01,430 INFO: Plan 1: ḡ=15.2, γE[v]=6.5, Q=21.7 (bayes)
2026-09-23 17:03:01,430 INFO: Plan 2: ḡ=7.2, γE[v]=10.5, Q=17.7 (bayes)
2026-09-23 17:03:02,407 INFO: Plan 2: ḡ=18, γE[v]=0.0, Q=18.0 (fn)
2026-09-23 17:03:02,754 INFO: Plan 0: ḡ=15, γE[v]=0.0, Q=15.0 (fn)
2026-09-23 17:03:02,973 INFO: Plan 0: ḡ=6, γE[v]=0.0, Q=6.0 (fn)
2026-09-23 17:03:05,008 INFO: Plan 1: ḡ=57, γE[v]=5.5, Q=62.5 (fn)
2026-09-23 17:03:05,009 INFO: Plan 0: ḡ=2.0, γE[v]=7.5, Q=9.5 (bayes)
2026-09-23 17:03:05,009 INFO: Plan 1: ḡ=12.2, γE[v]=2.7, Q=14.9 (bayes)
2026-09-23 17:03:05,009 INFO: Plan 2: ḡ=4.5, γE[v]=6.2, Q=10.7 (bayes)
2026-09-23 17:03:08,651 INFO: Plan 0: ḡ=49, γE[v]=0.0, Q=49.0 (fn)
2026-09-23 17:03:09,227 INFO: Plan 2: ḡ=181, γE[v]=0.0, Q=181.0 (fn)
2026-09-23 17:03:10,174 INFO: Plan 2: ḡ=76, γE[v]=1.0, Q=77.0 (fn)
2026-09-23 17:03:10,807 INFO: Plan 1: ḡ=2, γE[v]=0.0, Q=2.0 (fn)
2026-09-23 17:03:10,845 INFO: Plan 0: ḡ=2, γE[v]=0.0, Q=2.0 (fn)
2026-09-23 17:03:10,846 INFO: Plan 2: ḡ=17, γE[v]=0.0, Q=17.0 (fn)
2026-09-23 17:03:10,846 INFO: Plan 0: ḡ=0.7, γE[v]=3.2, Q=3.8 (bayes)
2026-09-23 17:03:10,846 INFO: Plan 1: ḡ=0.7, γE[v]=3.2, Q=3.8 (bayes)
2026-09-23 17:03:10,846 INFO: Plan 2: ḡ=5.7, γE[v]=0.7, Q=6.3 (bayes)
2026-09-23 17:03:11,556 INFO: Plan 1: ḡ=46, γE[v]=65.0, Q=111.0 (fn)
2026-09-23 17:03:11,557 INFO: Plan 0: ḡ=5.0, γE[v]=27.7, Q=32.7 (bayes)
2026-09-23 17:03:11,557 INFO: Plan 1: ḡ=15.3, γE[v]=26.4, Q=41.7 (bayes)
2026-09-23 17:03:11,557 INFO: Plan 2: ḡ=60.3, γE[v]=0.0, Q=60.3 (bayes)
2026-09-23 17:03:11,871 INFO: Plan 2: ḡ=34, γE[v]=0.0, Q=34.0 (fn)
2026-09-23 17:03:12,644 INFO: Plan 1: ḡ=4, γE[v]=0.0, Q=4.0 (fn)
2026-09-23 17:03:12,732 INFO: Plan 2: ḡ=4, γE[v]=0.0, Q=4.0 (fn)
2026-09-23 17:03:12,925 INFO: Plan 1: ḡ=17, γE[v]=36.5, Q=53.5 (fn)
2026-09-23 17:03:12,925 INFO: Plan 0: ḡ=19.3, γE[v]=21.8, Q=41.1 (bayes)
2026-09-23 17:03:12,926 INFO: Plan 1: ḡ=7.0, γE[v]=29.6, Q=36.6 (bayes)
2026-09-23 17:03:12,926 INFO: Plan 2: ḡ=38.0, γE[v]=12.5, Q=50.5 (bayes)
2026-09-23 17:03:13,278 INFO: Plan 0: ḡ=30, γE[v]=6.0, Q=36.0 (fn)
2026-09-23 17:03:14,407 INFO: Plan 1: ḡ=58, γE[v]=17.0, Q=75.0 (fn)
2026-09-23 17:03:14,408 INFO: Plan 0: ḡ=4.3, γE[v]=4.9, Q=9.2 (bayes)
2026-09-23 17:03:14,408 INFO: Plan 1: ḡ=8.3, γE[v]=3.7, Q=12.0 (bayes)
2026-09-23 17:03:14,408 INFO: Plan 2: ḡ=4.9, γE[v]=4.1, Q=9.0 (bayes)
2026-09-23 17:03:14,941 INFO: Plan 0: ḡ=3, γE[v]=2.0, Q=5.0 (fn)
2026-09-23 17:03:14,942 INFO: Plan 0: ḡ=0.5, γE[v]=0.6, Q=1.1 (bayes)
2026-09-23 17:03:14,942 INFO: Plan 1: ḡ=1.0, γE[v]=0.2, Q=1.2 (bayes)
2026-09-23 17:03:14,942 INFO: Plan 2: ḡ=1.0, γE[v]=0.2, Q=1.2 (bayes)
2026-09-23 17:03:17,628 INFO: Plan 2: ḡ=29, γE[v]=0.0, Q=29.0 (fn)
2026-09-23 17:03:17,668 INFO: Plan 0: ḡ=7, γE[v]=0.0, Q=7.0 (fn)
2026-09-23 17:03:17,903 INFO: Plan 1: ḡ=160, γE[v]=0.0, Q=160.0 (fn)
2026-09-23 17:03:18,284 INFO: Plan 0: ḡ=28, γE[v]=0.0, Q=28.0 (fn)
2026-09-23 17:03:18,285 INFO: Plan 0: ḡ=9.2, γE[v]=21.2, Q=30.5 (bayes)
2026-09-23 17:03:18,285 INFO: Plan 1: ḡ=32.8, γE[v]=9.5, Q=42.2 (bayes)
2026-09-23 17:03:18,285 INFO: Plan 2: ḡ=9.7, γE[v]=21.0, Q=30.7 (bayes)
2026-09-23 17:03:19,328 INFO: Plan 2: ḡ=3, γE[v]=0.0, Q=3.0 (fn)
2026-09-23 17:03:19,486 INFO: Plan 0: ḡ=21, γE[v]=0.0, Q=21.0 (fn)
2026-09-23 17:03:20,202 INFO: Plan 2: ḡ=11, γE[v]=0.0, Q=11.0 (fn)
2026-09-23 17:03:20,525 INFO: Plan 1: ḡ=2, γE[v]=0.0, Q=2.0 (fn)
2026-09-23 17:03:20,788 INFO: Plan 2: ḡ=0, γE[v]=0.0, Q=0.0 (fn)
2026-09-23 17:03:20,939 INFO: Plan 0: ḡ=3, γE[v]=1.0, Q=4.0 (fn)
2026-09-23 17:03:20,940 INFO: Plan 0: ḡ=0.4, γE[v]=0.2, Q=0.7 (bayes)
2026-09-23 17:03:20,940 INFO: Plan 1: ḡ=0.3, γE[v]=0.2, Q=0.5 (bayes)
2026-09-23 17:03:20,940 INFO: Plan 2: ḡ=0.0, γE[v]=0.4, Q=0.4 (bayes)
2026-09-23 17:03:20,977 INFO: Plan 1: ḡ=13, γE[v]=0.0, Q=13.0 (fn)
2026-09-23 17:03:21,307 INFO: Plan 1: ḡ=37, γE[v]=1.5, Q=38.5 (fn)
2026-09-23 17:03:21,307 INFO: Plan 0: ḡ=8.2, γE[v]=6.8, Q=14.9 (bayes)
2026-09-23 17:03:21,307 INFO: Plan 1: ḡ=12.5, γE[v]=4.7, Q=17.2 (bayes)
2026-09-23 17:03:21,307 INFO: Plan 2: ḡ=1.0, γE[v]=10.3, Q=11.3 (bayes)
2026-09-23 17:03:21,780 INFO: Plan 0: ḡ=27, γE[v]=0.0, Q=27.0 (fn)
2026-09-23 17:03:21,781 INFO: Plan 0: ḡ=9.0, γE[v]=0.0, Q=9.0 (bayes)
2026-09-23 17:03:21,781 INFO: Plan 1: ḡ=4.3, γE[v]=2.3, Q=6.7 (bayes)
2026-09-23 17:03:21,781 INFO: Plan 2: ḡ=3.7, γE[v]=2.7, Q=6.3 (bayes)
2026-09-23 17:03:21,861 INFO: Plan 0: ḡ=15, γE[v]=0.0, Q=15.0 (fn)
2026-09-23 17:03:22,154 INFO: Plan 1: ḡ=15, γE[v]=0.0, Q=15.0 (fn)
2026-09-23 17:03:22,581 INFO: Plan 2: ḡ=17, γE[v]=10.5, Q=27.5 (fn)
2026-09-23 17:03:22,582 INFO: Plan 2: ḡ=15, γE[v]=0.0, Q=15.0 (fn)
2026-09-23 17:03:22,583 INFO: Plan 0: ḡ=2.5, γE[v]=0.0, Q=2.5 (bayes)
2026-09-23 17:03:22,583 INFO: Plan 1: ḡ=2.5, γE[v]=0.0, Q=2.5 (bayes)
2026-09-23 17:03:22,583 INFO: Plan 2: ḡ=2.5, γE[v]=0.0, Q=2.5 (bayes)
2026-09-23 17:03:23,104 INFO: Plan 1: ḡ=33, γE[v]=4.5, Q=37.5 (fn)
2026-09-23 17:03:23,105 INFO: Plan 0: ḡ=2.3, γE[v]=67.8, Q=70.1 (bayes)
2026-09-23 17:03:23,105 INFO: Plan 1: ḡ=16.5, γE[v]=60.9, Q=77.4 (bayes)
2026-09-23 17:03:23,105 INFO: Plan 2: ḡ=6.3, γE[v]=66.4, Q=72.7 (bayes)
2026-09-23 17:03:23,564 INFO: Plan 2: ḡ=0, γE[v]=0.0, Q=0.0 (fn)
2026-09-23 17:03:23,566 INFO: Plan 1: ḡ=0, γE[v]=0.0, Q=0.0 (fn)
2026-09-23 17:03:23,648 INFO: Plan 0: ḡ=4, γE[v]=0.0, Q=4.0 (fn)
2026-09-23 17:03:23,648 INFO: Plan 0: ḡ=2.0, γE[v]=0.0, Q=2.0 (bayes)
2026-09-23 17:03:23,648 INFO: Plan 1: ḡ=0.0, γE[v]=1.0, Q=1.0 (bayes)
2026-09-23 17:03:23,648 INFO: Plan 2: ḡ=0.0, γE[v]=1.0, Q=1.0 (bayes)
2026-09-23 17:03:25,128 INFO: Plan 0: ḡ=2, γE[v]=0.0, Q=2.0 (fn)
2026-09-23 17:03:25,128 INFO: Plan 1: ḡ=2, γE[v]=0.0, Q=2.0 (fn)
2026-09-23 17:03:25,444 INFO: Plan 0: ḡ=0, γE[v]=0.0, Q=0.0 (fn)
2026-09-23 17:03:25,487 INFO: Plan 1: ḡ=0, γE[v]=0.0, Q=0.0 (fn)
2026-09-23 17:03:25,707 INFO: Plan 2: ḡ=0, γE[v]=0.0, Q=0.0 (fn)
2026-09-23 17:03:25,708 INFO: Plan 0: ḡ=0.0, γE[v]=0.0, Q=0.0 (bayes)
2026-09-23 17:03:25,708 INFO: Plan 1: ḡ=0.0, γE[v]=0.0, Q=0.0 (bayes)
2026-09-23 17:03:25,708 INFO: Plan 2: ḡ=0.0, γE[v]=0.0, Q=0.0 (bayes)
2026-09-23 17:03:26,220 INFO: Plan 0: ḡ=10, γE[v]=0.0, Q=10.0 (fn)
2026-09-23 17:03:26,515 INFO: Plan 2: ḡ=8, γE[v]=0.0, Q=8.0 (fn)
2026-09-23 17:03:26,516 INFO: Plan 0: ḡ=0.5, γE[v]=0.7, Q=1.1 (bayes)
2026-09-23 17:03:26,516 INFO: Plan 1: ḡ=0.5, γE[v]=0.6, Q=1.1 (bayes)
2026-09-23 17:03:26,516 INFO: Plan 2: ḡ=1.8, γE[v]=0.0, Q=1.8 (bayes)
2026-09-23 17:03:27,027 INFO: Plan 2: ḡ=3, γE[v]=3.5, Q=6.5 (fn)
2026-09-23 17:03:27,478 INFO: Plan 1: ḡ=2, γE[v]=4.0, Q=6.0 (fn)
2026-09-23 17:03:27,479 INFO: Plan 0: ḡ=1.7, γE[v]=0.0, Q=1.7 (bayes)
2026-09-23 17:03:27,479 INFO: Plan 1: ḡ=0.3, γE[v]=1.0, Q=1.3 (bayes)
2026-09-23 17:03:27,479 INFO: Plan 2: ḡ=0.5, γE[v]=0.8, Q=1.4 (bayes)
2026-09-23 17:03:27,967 INFO: Plan 0: ḡ=14, γE[v]=0.0, Q=14.0 (fn)
2026-09-23 17:03:28,165 INFO: Plan 2: ḡ=1, γE[v]=0.0, Q=1.0 (fn)
2026-09-23 17:03:28,666 INFO: Plan 2: ḡ=15, γE[v]=0.0, Q=15.0 (fn)
2026-09-23 17:03:29,070 INFO: Plan 0: ḡ=2, γE[v]=0.0, Q=2.0 (fn)
2026-09-23 17:03:29,189 INFO: Plan 1: ḡ=2, γE[v]=0.0, Q=2.0 (fn)
2026-09-23 17:03:29,190 INFO: Plan 0: ḡ=0.7, γE[v]=1.4, Q=2.1 (bayes)
2026-09-23 17:03:29,190 INFO: Plan 1: ḡ=0.7, γE[v]=1.4, Q=2.1 (bayes)
2026-09-23 17:03:29,190 INFO: Plan 2: ḡ=2.1, γE[v]=0.7, Q=2.8 (bayes)
2026-09-23 17:03:29,229 INFO: Plan 1: ḡ=9, γE[v]=0.0, Q=9.0 (fn)
2026-09-23 17:03:29,229 INFO: Plan 0: ḡ=4.7, γE[v]=1.3, Q=6.0 (bayes)
2026-09-23 17:03:29,229 INFO: Plan 1: ḡ=3.0, γE[v]=2.2, Q=5.2 (bayes)
2026-09-23 17:03:29,229 INFO: Plan 2: ḡ=0.3, γE[v]=3.5, Q=3.8 (bayes)
2026-09-23 17:03:30,372 INFO: Plan 2: ḡ=0, γE[v]=0.0, Q=0.0 (fn)
2026-09-23 17:03:30,378 INFO: Plan 1: ḡ=27, γE[v]=0.0, Q=27.0 (fn)
2026-09-23 17:03:31,437 INFO: Plan 1: ḡ=2, γE[v]=0.0, Q=2.0 (fn)
2026-09-23 17:03:32,717 INFO: Plan 0: ḡ=1, γE[v]=0.5, Q=1.5 (fn)
2026-09-23 17:03:32,717 INFO: Plan 0: ḡ=0.2, γE[v]=0.1, Q=0.3 (bayes)
2026-09-23 17:03:32,718 INFO: Plan 1: ḡ=0.3, γE[v]=0.0, Q=0.3 (bayes)
2026-09-23 17:03:32,718 INFO: Plan 2: ḡ=0.0, γE[v]=0.2, Q=0.2 (bayes)
2026-09-23 17:03:33,307 INFO: Plan 2: ḡ=59, γE[v]=8.5, Q=67.5 (fn)
2026-09-23 17:03:34,238 INFO: Plan 0: ḡ=93, γE[v]=61.5, Q=154.5 (fn)
2026-09-23 17:03:34,238 INFO: Plan 0: ḡ=23.5, γE[v]=96.9, Q=120.5 (bayes)
2026-09-23 17:03:34,238 INFO: Plan 1: ḡ=13.5, γE[v]=99.2, Q=112.7 (bayes)
2026-09-23 17:03:34,239 INFO: Plan 2: ḡ=25.3, γE[v]=93.6, Q=119.0 (bayes)
2026-09-23 17:03:36,106 INFO: Plan 1: ḡ=7, γE[v]=0.0, Q=7.0 (fn)
2026-09-23 17:03:36,305 INFO: Plan 0: ḡ=2, γE[v]=0.0, Q=2.0 (fn)
2026-09-23 17:03:37,016 INFO: Plan 2: ḡ=0, γE[v]=0.0, Q=0.0 (fn)
2026-09-23 17:03:37,016 INFO: Plan 0: ḡ=0.4, γE[v]=0.9, Q=1.3 (bayes)
2026-09-23 17:03:37,017 INFO: Plan 1: ḡ=1.8, γE[v]=0.2, Q=1.9 (bayes)
2026-09-23 17:03:37,017 INFO: Plan 2: ḡ=0.0, γE[v]=1.1, Q=1.1 (bayes)
2026-09-23 17:03:37,337 INFO: Plan 1: ḡ=64, γE[v]=0.0, Q=64.0 (fn)
2026-09-23 17:03:41,286 INFO: Plan 0: ḡ=240, γE[v]=17.0, Q=257.0 (fn)
2026-09-23 17:03:42,644 INFO: Plan 2: ḡ=0, γE[v]=0.0, Q=0.0 (fn)
2026-09-23 17:03:42,868 INFO: Plan 1: ḡ=7, γE[v]=0.0, Q=7.0 (fn)
2026-09-23 17:03:42,987 INFO: Plan 1: ḡ=2, γE[v]=0.0, Q=2.0 (fn)
2026-09-23 17:03:43,213 INFO: Plan 0: ḡ=6, γE[v]=0.0, Q=6.0 (fn)
2026-09-23 17:03:43,599 INFO: Plan 2: ḡ=16, γE[v]=0.0, Q=16.0 (fn)
2026-09-23 17:03:43,603 INFO: Plan 0: ḡ=1.7, γE[v]=2.7, Q=4.3 (bayes)
2026-09-23 17:03:43,605 INFO: Plan 1: ḡ=2.3, γE[v]=2.3, Q=4.7 (bayes)
2026-09-23 17:03:43,605 INFO: Plan 2: ḡ=4.0, γE[v]=1.5, Q=5.5 (bayes)
2026-09-23 17:03:44,816 INFO: Plan 0: ḡ=7, γE[v]=1.0, Q=8.0 (fn)
2026-09-23 17:03:44,817 INFO: Plan 0: ḡ=2.3, γE[v]=0.4, Q=2.7 (bayes)
2026-09-23 17:03:44,817 INFO: Plan 1: ḡ=0.7, γE[v]=1.2, Q=1.8 (bayes)
2026-09-23 17:03:44,817 INFO: Plan 2: ḡ=0.0, γE[v]=1.5, Q=1.5 (bayes)
2026-09-23 17:03:45,260 INFO: Plan 1: ḡ=10, γE[v]=0.0, Q=10.0 (fn)
2026-09-23 17:03:45,702 INFO: Plan 0: ḡ=45, γE[v]=0.0, Q=45.0 (fn)
2026-09-23 17:03:45,803 INFO: Plan 2: ḡ=16, γE[v]=0.0, Q=16.0 (fn)
2026-09-23 17:03:45,804 INFO: Plan 0: ḡ=10.2, γE[v]=4.0, Q=14.2 (bayes)
2026-09-23 17:03:45,804 INFO: Plan 1: ḡ=3.3, γE[v]=7.4, Q=10.8 (bayes)
2026-09-23 17:03:45,804 INFO: Plan 2: ḡ=5.3, γE[v]=6.4, Q=11.8 (bayes)
2026-09-23 17:03:45,844 INFO: Plan 2: ḡ=70, γE[v]=137.0, Q=207.0 (fn)
2026-09-23 17:03:45,844 INFO: Plan 0: ḡ=48.8, γE[v]=55.4, Q=104.1 (bayes)
2026-09-23 17:03:45,844 INFO: Plan 1: ḡ=30.2, γE[v]=63.5, Q=93.7 (bayes)
2026-09-23 17:03:45,844 INFO: Plan 2: ḡ=27.2, γE[v]=74.8, Q=101.9 (bayes)
  [48/93] jinja2.nodes seed=42: {'cov_qvalue_tgt_fnt_bayes': 26, 'cov_qvalue_tgt_rnd': 22, 'divhints_oracle': 12}
2026-09-23 17:03:47,884 INFO: Plan 0: ḡ=0, γE[v]=0.0, Q=0.0 (fn)
2026-09-23 17:03:48,127 INFO: Plan 1: ḡ=0, γE[v]=0.0, Q=0.0 (fn)
2026-09-23 17:03:48,128 INFO: Plan 2: ḡ=0, γE[v]=0.0, Q=0.0 (fn)
2026-09-23 17:03:48,129 INFO: Plan 0: ḡ=0.0, γE[v]=0.0, Q=0.0 (bayes)
2026-09-23 17:03:48,129 INFO: Plan 1: ḡ=0.0, γE[v]=0.0, Q=0.0 (bayes)
2026-09-23 17:03:48,129 INFO: Plan 2: ḡ=0.0, γE[v]=0.0, Q=0.0 (bayes)
2026-09-23 17:03:49,303 INFO: Plan 1: ḡ=4, γE[v]=0.0, Q=4.0 (fn)
2026-09-23 17:03:49,586 INFO: Plan 0: ḡ=1, γE[v]=0.0, Q=1.0 (fn)
2026-09-23 17:03:49,586 INFO: Plan 0: ḡ=53, γE[v]=0.0, Q=53.0 (fn)
2026-09-23 17:03:49,982 INFO: Plan 2: ḡ=1, γE[v]=0.0, Q=1.0 (fn)
2026-09-23 17:03:49,983 INFO: Plan 0: ḡ=0.2, γE[v]=0.3, Q=0.5 (bayes)
2026-09-23 17:03:49,983 INFO: Plan 1: ḡ=0.6, γE[v]=0.1, Q=0.7 (bayes)
2026-09-23 17:03:49,983 INFO: Plan 2: ḡ=0.2, γE[v]=0.3, Q=0.5 (bayes)
2026-09-23 17:03:50,366 INFO: Plan 1: ḡ=53, γE[v]=0.0, Q=53.0 (fn)
2026-09-23 17:03:50,410 INFO: Plan 2: ḡ=53, γE[v]=0.0, Q=53.0 (fn)
2026-09-23 17:03:50,411 INFO: Plan 0: ḡ=13.2, γE[v]=0.0, Q=13.2 (bayes)
2026-09-23 17:03:50,411 INFO: Plan 1: ḡ=13.2, γE[v]=0.0, Q=13.2 (bayes)
2026-09-23 17:03:50,411 INFO: Plan 2: ḡ=13.2, γE[v]=0.0, Q=13.2 (bayes)
2026-09-23 17:03:51,705 INFO: Plan 1: ḡ=164, γE[v]=51.0, Q=215.0 (fn)
2026-09-23 17:03:51,705 INFO: Plan 0: ḡ=21, γE[v]=0.0, Q=21.0 (fn)
2026-09-23 17:03:52,144 INFO: Plan 1: ḡ=0, γE[v]=0.0, Q=0.0 (fn)
2026-09-23 17:03:52,567 INFO: Plan 1: ḡ=23, γE[v]=0.0, Q=23.0 (fn)
2026-09-23 17:03:52,672 INFO: Plan 0: ḡ=132, γE[v]=67.0, Q=199.0 (fn)
2026-09-23 17:03:52,710 INFO: Plan 2: ḡ=0, γE[v]=0.0, Q=0.0 (fn)
2026-09-23 17:03:52,710 INFO: Plan 0: ḡ=5.2, γE[v]=0.0, Q=5.2 (bayes)
2026-09-23 17:03:52,710 INFO: Plan 1: ḡ=0.0, γE[v]=2.6, Q=2.6 (bayes)
2026-09-23 17:03:52,710 INFO: Plan 2: ḡ=0.0, γE[v]=2.6, Q=2.6 (bayes)
2026-09-23 17:03:53,030 INFO: Plan 2: ḡ=27, γE[v]=0.0, Q=27.0 (fn)
2026-09-23 17:03:53,069 INFO: Plan 2: ḡ=0, γE[v]=0.0, Q=0.0 (fn)
2026-09-23 17:03:53,380 INFO: Plan 2: ḡ=132, γE[v]=67.0, Q=199.0 (fn)
2026-09-23 17:03:53,381 INFO: Plan 0: ḡ=28.5, γE[v]=18.3, Q=46.7 (bayes)
2026-09-23 17:03:53,381 INFO: Plan 1: ḡ=34.4, γE[v]=14.1, Q=48.5 (bayes)
2026-09-23 17:03:53,381 INFO: Plan 2: ḡ=27.9, γE[v]=18.6, Q=46.4 (bayes)
2026-09-23 17:03:53,422 INFO: Plan 0: ḡ=34, γE[v]=0.0, Q=34.0 (fn)
2026-09-23 17:03:53,423 INFO: Plan 0: ḡ=12.7, γE[v]=11.1, Q=23.8 (bayes)
2026-09-23 17:03:53,423 INFO: Plan 1: ḡ=7.7, γE[v]=13.6, Q=21.2 (bayes)
2026-09-23 17:03:53,423 INFO: Plan 2: ḡ=13.5, γE[v]=10.7, Q=24.2 (bayes)
2026-09-23 17:03:53,694 INFO: Plan 1: ḡ=5, γE[v]=0.0, Q=5.0 (fn)
2026-09-23 17:03:53,694 INFO: Plan 0: ḡ=7, γE[v]=0.0, Q=7.0 (fn)
2026-09-23 17:03:53,733 INFO: Plan 2: ḡ=0, γE[v]=0.0, Q=0.0 (fn)
2026-09-23 17:03:53,734 INFO: Plan 0: ḡ=1.8, γE[v]=0.5, Q=2.2 (bayes)
2026-09-23 17:03:53,734 INFO: Plan 1: ḡ=1.0, γE[v]=0.9, Q=1.9 (bayes)
2026-09-23 17:03:53,734 INFO: Plan 2: ḡ=0.0, γE[v]=1.4, Q=1.4 (bayes)
2026-09-23 17:03:54,307 INFO: Plan 2: ḡ=47, γE[v]=0.0, Q=47.0 (fn)
2026-09-23 17:03:54,646 INFO: Plan 2: ḡ=0, γE[v]=0.0, Q=0.0 (fn)
2026-09-23 17:03:54,684 INFO: Plan 0: ḡ=0, γE[v]=0.0, Q=0.0 (fn)
2026-09-23 17:03:54,828 INFO: Plan 1: ḡ=0, γE[v]=0.0, Q=0.0 (fn)
2026-09-23 17:03:54,829 INFO: Plan 0: ḡ=0.0, γE[v]=0.0, Q=0.0 (bayes)
2026-09-23 17:03:54,829 INFO: Plan 1: ḡ=0.0, γE[v]=0.0, Q=0.0 (bayes)
2026-09-23 17:03:54,829 INFO: Plan 2: ḡ=0.0, γE[v]=0.0, Q=0.0 (bayes)
2026-09-23 17:03:55,098 INFO: Plan 1: ḡ=62, γE[v]=0.0, Q=62.0 (fn)
2026-09-23 17:03:56,235 INFO: Plan 1: ḡ=0, γE[v]=0.0, Q=0.0 (fn)
2026-09-23 17:03:56,896 INFO: Plan 0: ḡ=0, γE[v]=0.0, Q=0.0 (fn)
2026-09-23 17:03:56,896 INFO: Plan 0: ḡ=0.0, γE[v]=0.0, Q=0.0 (bayes)
2026-09-23 17:03:56,896 INFO: Plan 1: ḡ=0.0, γE[v]=0.0, Q=0.0 (bayes)
2026-09-23 17:03:56,896 INFO: Plan 2: ḡ=0.0, γE[v]=0.0, Q=0.0 (bayes)
2026-09-23 17:03:57,499 INFO: Plan 0: ḡ=83, γE[v]=0.0, Q=83.0 (fn)
2026-09-23 17:03:57,500 INFO: Plan 0: ḡ=24.8, γE[v]=59.0, Q=83.8 (bayes)
2026-09-23 17:03:57,500 INFO: Plan 1: ḡ=17.6, γE[v]=62.6, Q=80.2 (bayes)
2026-09-23 17:03:57,500 INFO: Plan 2: ḡ=12.4, γE[v]=65.2, Q=77.7 (bayes)
2026-09-23 17:03:58,082 INFO: Plan 1: ḡ=74, γE[v]=0.0, Q=74.0 (fn)
2026-09-23 17:03:58,299 INFO: Plan 1: ḡ=0, γE[v]=0.0, Q=0.0 (fn)
2026-09-23 17:03:58,336 INFO: Plan 2: ḡ=72, γE[v]=0.0, Q=72.0 (fn)
2026-09-23 17:03:58,834 INFO: Plan 0: ḡ=0, γE[v]=0.0, Q=0.0 (fn)
2026-09-23 17:03:59,372 INFO: Plan 2: ḡ=0, γE[v]=0.0, Q=0.0 (fn)
2026-09-23 17:03:59,372 INFO: Plan 0: ḡ=0.0, γE[v]=0.0, Q=0.0 (bayes)
2026-09-23 17:03:59,373 INFO: Plan 1: ḡ=0.0, γE[v]=0.0, Q=0.0 (bayes)
2026-09-23 17:03:59,373 INFO: Plan 2: ḡ=0.0, γE[v]=0.0, Q=0.0 (bayes)
2026-09-23 17:03:59,864 INFO: Plan 0: ḡ=10, γE[v]=0.0, Q=10.0 (fn)
2026-09-23 17:03:59,865 INFO: Plan 0: ḡ=4.8, γE[v]=31.5, Q=36.3 (bayes)
2026-09-23 17:03:59,865 INFO: Plan 1: ḡ=27.7, γE[v]=20.1, Q=47.8 (bayes)
2026-09-23 17:03:59,865 INFO: Plan 2: ḡ=35.3, γE[v]=16.2, Q=51.6 (bayes)
2026-09-23 17:04:01,840 INFO: Plan 0: ḡ=18, γE[v]=0.0, Q=18.0 (fn)
2026-09-23 17:04:07,595 INFO: Plan 1: ḡ=23, γE[v]=8.5, Q=31.5 (fn)
2026-09-23 17:04:08,142 INFO: Plan 2: ḡ=26, γE[v]=16.5, Q=42.5 (fn)
2026-09-23 17:04:08,143 INFO: Plan 0: ḡ=6.3, γE[v]=34.0, Q=40.3 (bayes)
2026-09-23 17:04:08,143 INFO: Plan 1: ḡ=8.0, γE[v]=33.6, Q=41.6 (bayes)
2026-09-23 17:04:08,143 INFO: Plan 2: ḡ=13.0, γE[v]=31.4, Q=44.4 (bayes)
2026-09-23 17:04:09,147 INFO: Plan 0: ḡ=30, γE[v]=0.0, Q=30.0 (fn)
2026-09-23 17:04:09,483 INFO: Plan 1: ḡ=0, γE[v]=0.0, Q=0.0 (fn)
2026-09-23 17:04:09,707 INFO: Plan 0: ḡ=1, γE[v]=0.0, Q=1.0 (fn)
2026-09-23 17:04:10,480 INFO: Plan 2: ḡ=1, γE[v]=0.0, Q=1.0 (fn)
2026-09-23 17:04:10,481 INFO: Plan 0: ḡ=0.3, γE[v]=0.0, Q=0.3 (bayes)
2026-09-23 17:04:10,481 INFO: Plan 1: ḡ=0.0, γE[v]=0.2, Q=0.2 (bayes)
2026-09-23 17:04:10,481 INFO: Plan 2: ḡ=0.3, γE[v]=0.0, Q=0.3 (bayes)
2026-09-23 17:04:11,245 INFO: Plan 1: ḡ=9, γE[v]=3.0, Q=12.0 (fn)
2026-09-23 17:04:12,287 INFO: Plan 0: ḡ=10, γE[v]=0.0, Q=10.0 (fn)
2026-09-23 17:04:12,535 INFO: Plan 2: ḡ=10, γE[v]=0.0, Q=10.0 (fn)
2026-09-23 17:04:12,914 INFO: Plan 1: ḡ=6, γE[v]=2.0, Q=8.0 (fn)
2026-09-23 17:04:12,915 INFO: Plan 0: ḡ=2.0, γE[v]=0.0, Q=2.0 (bayes)
2026-09-23 17:04:12,915 INFO: Plan 1: ḡ=1.2, γE[v]=0.5, Q=1.7 (bayes)
2026-09-23 17:04:12,915 INFO: Plan 2: ḡ=2.0, γE[v]=0.0, Q=2.0 (bayes)
2026-09-23 17:04:13,302 INFO: Plan 2: ḡ=18, γE[v]=0.0, Q=18.0 (fn)
2026-09-23 17:04:13,966 INFO: Plan 0: ḡ=6, γE[v]=0.0, Q=6.0 (fn)
2026-09-23 17:04:14,290 INFO: Plan 0: ḡ=35, γE[v]=0.0, Q=35.0 (fn)
2026-09-23 17:04:14,772 INFO: Plan 2: ḡ=0, γE[v]=0.0, Q=0.0 (fn)
2026-09-23 17:04:15,326 INFO: Plan 0: ḡ=2, γE[v]=0.0, Q=2.0 (fn)
2026-09-23 17:04:15,326 INFO: Plan 1: ḡ=60, γE[v]=0.0, Q=60.0 (fn)
2026-09-23 17:04:15,820 INFO: Plan 1: ḡ=2, γE[v]=0.0, Q=2.0 (fn)
2026-09-23 17:04:15,820 INFO: Plan 0: ḡ=0.7, γE[v]=0.3, Q=1.0 (bayes)
2026-09-23 17:04:15,820 INFO: Plan 1: ḡ=0.7, γE[v]=0.3, Q=1.0 (bayes)
2026-09-23 17:04:15,820 INFO: Plan 2: ḡ=0.0, γE[v]=0.7, Q=0.7 (bayes)
2026-09-23 17:04:15,859 INFO: Plan 1: ḡ=28, γE[v]=10.0, Q=38.0 (fn)
2026-09-23 17:04:15,860 INFO: Plan 0: ḡ=2.0, γE[v]=4.0, Q=6.0 (bayes)
2026-09-23 17:04:15,860 INFO: Plan 1: ḡ=5.6, γE[v]=2.8, Q=8.5 (bayes)
2026-09-23 17:04:15,860 INFO: Plan 2: ḡ=3.6, γE[v]=3.1, Q=6.8 (bayes)
2026-09-23 17:04:15,981 INFO: Plan 2: ḡ=36, γE[v]=0.0, Q=36.0 (fn)
2026-09-23 17:04:16,551 INFO: Plan 0: ḡ=11, γE[v]=0.0, Q=11.0 (fn)
2026-09-23 17:04:16,588 INFO: Plan 2: ḡ=40, γE[v]=9.0, Q=49.0 (fn)
2026-09-23 17:04:16,588 INFO: Plan 0: ḡ=14.7, γE[v]=8.1, Q=22.8 (bayes)
2026-09-23 17:04:16,589 INFO: Plan 1: ḡ=16.0, γE[v]=7.4, Q=23.4 (bayes)
2026-09-23 17:04:16,589 INFO: Plan 2: ḡ=11.7, γE[v]=10.2, Q=21.9 (bayes)
2026-09-23 17:04:16,705 INFO: Plan 0: ḡ=34, γE[v]=0.0, Q=34.0 (fn)
2026-09-23 17:04:17,107 INFO: Plan 1: ḡ=0, γE[v]=0.0, Q=0.0 (fn)
2026-09-23 17:04:17,729 INFO: Plan 0: ḡ=2, γE[v]=0.0, Q=2.0 (fn)
2026-09-23 17:04:17,957 INFO: Plan 2: ḡ=0, γE[v]=0.0, Q=0.0 (fn)
2026-09-23 17:04:17,958 INFO: Plan 0: ḡ=0.2, γE[v]=0.0, Q=0.2 (bayes)
2026-09-23 17:04:17,958 INFO: Plan 1: ḡ=0.0, γE[v]=0.1, Q=0.1 (bayes)
2026-09-23 17:04:17,958 INFO: Plan 2: ḡ=0.0, γE[v]=0.1, Q=0.1 (bayes)
2026-09-23 17:04:18,353 INFO: Plan 2: ḡ=2, γE[v]=0.0, Q=2.0 (fn)
2026-09-23 17:04:18,649 INFO: Plan 1: ḡ=44, γE[v]=0.0, Q=44.0 (fn)
2026-09-23 17:04:18,649 INFO: Plan 0: ḡ=17.0, γE[v]=33.2, Q=50.2 (bayes)
2026-09-23 17:04:18,649 INFO: Plan 1: ḡ=15.3, γE[v]=34.1, Q=49.4 (bayes)
2026-09-23 17:04:18,649 INFO: Plan 2: ḡ=12.5, γE[v]=35.5, Q=48.0 (bayes)
2026-09-23 17:04:18,688 INFO: Plan 2: ḡ=11, γE[v]=0.0, Q=11.0 (fn)
2026-09-23 17:04:19,018 INFO: Plan 0: ḡ=3, γE[v]=0.0, Q=3.0 (fn)
2026-09-23 17:04:19,180 INFO: Plan 1: ḡ=3, γE[v]=0.0, Q=3.0 (fn)
2026-09-23 17:04:19,181 INFO: Plan 0: ḡ=0.5, γE[v]=0.4, Q=0.9 (bayes)
2026-09-23 17:04:19,181 INFO: Plan 1: ḡ=0.6, γE[v]=0.3, Q=0.9 (bayes)
2026-09-23 17:04:19,181 INFO: Plan 2: ḡ=0.3, γE[v]=0.5, Q=0.8 (bayes)
2026-09-23 17:04:19,222 INFO: Plan 2: ḡ=19, γE[v]=0.0, Q=19.0 (fn)
2026-09-23 17:04:19,512 INFO: Plan 2: ḡ=91, γE[v]=1.5, Q=92.5 (fn)
2026-09-23 17:04:19,513 INFO: Plan 1: ḡ=6, γE[v]=0.0, Q=6.0 (fn)
2026-09-23 17:04:19,513 INFO: Plan 0: ḡ=14.7, γE[v]=35.0, Q=49.6 (bayes)
2026-09-23 17:04:19,513 INFO: Plan 1: ḡ=4.5, γE[v]=40.2, Q=44.7 (bayes)
2026-09-23 17:04:19,514 INFO: Plan 0: ḡ=3.5, γE[v]=19.0, Q=22.5 (bayes)
2026-09-23 17:04:19,514 INFO: Plan 2: ḡ=45.5, γE[v]=19.6, Q=65.1 (bayes)
2026-09-23 17:04:19,514 INFO: Plan 1: ḡ=3.0, γE[v]=19.2, Q=22.2 (bayes)
2026-09-23 17:04:19,514 INFO: Plan 2: ḡ=6.2, γE[v]=17.6, Q=23.8 (bayes)
2026-09-23 17:04:19,909 INFO: Plan 1: ḡ=26, γE[v]=0.0, Q=26.0 (fn)
2026-09-23 17:04:19,910 INFO: Plan 1: ḡ=2, γE[v]=0.0, Q=2.0 (fn)
2026-09-23 17:04:20,152 INFO: Plan 0: ḡ=2, γE[v]=0.0, Q=2.0 (fn)
2026-09-23 17:04:20,152 INFO: Plan 2: ḡ=2, γE[v]=0.0, Q=2.0 (fn)
2026-09-23 17:04:20,153 INFO: Plan 0: ḡ=0.3, γE[v]=0.0, Q=0.3 (bayes)
2026-09-23 17:04:20,153 INFO: Plan 1: ḡ=0.3, γE[v]=0.0, Q=0.3 (bayes)
2026-09-23 17:04:20,153 INFO: Plan 2: ḡ=0.3, γE[v]=0.0, Q=0.3 (bayes)
2026-09-23 17:04:20,190 INFO: Plan 0: ḡ=49, γE[v]=0.0, Q=49.0 (fn)
2026-09-23 17:04:20,190 INFO: Plan 0: ḡ=19.3, γE[v]=2.6, Q=21.9 (bayes)
2026-09-23 17:04:20,191 INFO: Plan 1: ḡ=11.8, γE[v]=6.3, Q=18.2 (bayes)
2026-09-23 17:04:20,191 INFO: Plan 2: ḡ=3.7, γE[v]=10.4, Q=14.1 (bayes)
2026-09-23 17:04:20,704 INFO: Plan 0: ḡ=19, γE[v]=0.0, Q=19.0 (fn)
2026-09-23 17:04:21,008 INFO: Plan 2: ḡ=34, γE[v]=0.0, Q=34.0 (fn)
2026-09-23 17:04:21,192 INFO: Plan 2: ḡ=17, γE[v]=0.0, Q=17.0 (fn)
2026-09-23 17:04:21,498 INFO: Plan 1: ḡ=3, γE[v]=0.0, Q=3.0 (fn)
2026-09-23 17:04:21,687 INFO: Plan 2: ḡ=29, γE[v]=0.0, Q=29.0 (fn)
2026-09-23 17:04:21,732 INFO: Plan 2: ḡ=3, γE[v]=0.0, Q=3.0 (fn)
2026-09-23 17:04:21,769 INFO: Plan 2: ḡ=11, γE[v]=0.0, Q=11.0 (fn)
2026-09-23 17:04:21,939 INFO: Plan 0: ḡ=21, γE[v]=0.0, Q=21.0 (fn)
2026-09-23 17:04:22,588 INFO: Plan 1: ḡ=161, γE[v]=0.0, Q=161.0 (fn)
2026-09-23 17:04:22,588 INFO: Plan 2: ḡ=0, γE[v]=0.0, Q=0.0 (fn)
2026-09-23 17:04:22,626 INFO: Plan 0: ḡ=28, γE[v]=0.0, Q=28.0 (fn)
2026-09-23 17:04:22,627 INFO: Plan 0: ḡ=9.2, γE[v]=18.4, Q=27.7 (bayes)
2026-09-23 17:04:22,627 INFO: Plan 1: ḡ=27.4, γE[v]=9.3, Q=36.8 (bayes)
2026-09-23 17:04:22,627 INFO: Plan 2: ḡ=9.7, γE[v]=18.2, Q=27.9 (bayes)
2026-09-23 17:04:22,844 INFO: Plan 0: ḡ=9, γE[v]=0.0, Q=9.0 (fn)
2026-09-23 17:04:22,845 INFO: Plan 0: ḡ=2.2, γE[v]=1.4, Q=3.6 (bayes)
2026-09-23 17:04:22,845 INFO: Plan 1: ḡ=0.8, γE[v]=2.1, Q=2.9 (bayes)
2026-09-23 17:04:22,845 INFO: Plan 2: ḡ=2.8, γE[v]=1.1, Q=3.9 (bayes)
2026-09-23 17:04:23,138 INFO: Plan 1: ḡ=1, γE[v]=0.5, Q=1.5 (fn)
2026-09-23 17:04:23,396 INFO: Plan 0: ḡ=30, γE[v]=6.0, Q=36.0 (fn)
2026-09-23 17:04:23,762 INFO: Plan 0: ḡ=1, γE[v]=0.5, Q=1.5 (fn)
2026-09-23 17:04:23,762 INFO: Plan 0: ḡ=0.2, γE[v]=0.2, Q=0.4 (bayes)
2026-09-23 17:04:23,762 INFO: Plan 1: ḡ=0.2, γE[v]=0.2, Q=0.4 (bayes)
2026-09-23 17:04:23,763 INFO: Plan 2: ḡ=0.0, γE[v]=0.2, Q=0.2 (bayes)
2026-09-23 17:04:24,570 INFO: Plan 1: ḡ=37, γE[v]=1.5, Q=38.5 (fn)
2026-09-23 17:04:24,571 INFO: Plan 0: ḡ=8.2, γE[v]=5.0, Q=13.2 (bayes)
2026-09-23 17:04:24,571 INFO: Plan 1: ḡ=9.3, γE[v]=4.6, Q=13.9 (bayes)
2026-09-23 17:04:24,571 INFO: Plan 2: ḡ=0.8, γE[v]=8.8, Q=9.5 (bayes)
2026-09-23 17:04:24,837 INFO: Plan 1: ḡ=77, γE[v]=7.5, Q=84.5 (fn)
2026-09-23 17:04:24,838 INFO: Plan 0: ḡ=3.8, γE[v]=4.3, Q=8.1 (bayes)
2026-09-23 17:04:24,838 INFO: Plan 1: ḡ=9.6, γE[v]=1.5, Q=11.2 (bayes)
2026-09-23 17:04:24,838 INFO: Plan 2: ḡ=4.2, γE[v]=3.6, Q=7.9 (bayes)
2026-09-23 17:04:24,998 INFO: Plan 1: ḡ=72, γE[v]=0.0, Q=72.0 (fn)
2026-09-23 17:04:24,999 INFO: Plan 0: ḡ=6.9, γE[v]=7.6, Q=14.6 (bayes)
2026-09-23 17:04:24,999 INFO: Plan 1: ḡ=22.2, γE[v]=0.0, Q=22.2 (bayes)
2026-09-23 17:04:24,999 INFO: Plan 2: ḡ=7.2, γE[v]=7.5, Q=14.7 (bayes)
2026-09-23 17:04:25,715 INFO: Plan 0: ḡ=7, γE[v]=0.0, Q=7.0 (fn)
2026-09-23 17:04:26,404 INFO: Plan 2: ḡ=21, γE[v]=0.0, Q=21.0 (fn)
2026-09-23 17:04:27,353 INFO: Plan 1: ḡ=15, γE[v]=0.0, Q=15.0 (fn)
2026-09-23 17:04:27,495 INFO: Plan 0: ḡ=15, γE[v]=0.0, Q=15.0 (fn)
2026-09-23 17:04:28,110 INFO: Plan 2: ḡ=15, γE[v]=0.0, Q=15.0 (fn)
2026-09-23 17:04:28,111 INFO: Plan 0: ḡ=2.1, γE[v]=0.0, Q=2.1 (bayes)
2026-09-23 17:04:28,111 INFO: Plan 1: ḡ=2.1, γE[v]=0.0, Q=2.1 (bayes)
2026-09-23 17:04:28,111 INFO: Plan 2: ḡ=2.1, γE[v]=0.0, Q=2.1 (bayes)
2026-09-23 17:04:31,779 INFO: Plan 1: ḡ=11, γE[v]=13.5, Q=24.5 (fn)
2026-09-23 17:04:31,780 INFO: Plan 0: ḡ=2.3, γE[v]=58.6, Q=60.9 (bayes)
2026-09-23 17:04:31,780 INFO: Plan 1: ḡ=4.2, γE[v]=58.3, Q=62.4 (bayes)
2026-09-23 17:04:31,780 INFO: Plan 2: ḡ=7.7, γE[v]=55.9, Q=63.6 (bayes)
2026-09-23 17:04:39,240 INFO: Plan 0: ḡ=15, γE[v]=18.5, Q=33.5 (fn)
2026-09-23 17:04:39,390 INFO: Plan 0: ḡ=2, γE[v]=0.0, Q=2.0 (fn)
2026-09-23 17:04:40,146 INFO: Plan 2: ḡ=15, γE[v]=0.0, Q=15.0 (fn)
2026-09-23 17:04:40,624 INFO: Plan 1: ḡ=2, γE[v]=0.0, Q=2.0 (fn)
2026-09-23 17:04:40,625 INFO: Plan 0: ḡ=0.7, γE[v]=1.3, Q=1.9 (bayes)
2026-09-23 17:04:40,625 INFO: Plan 1: ḡ=0.7, γE[v]=1.3, Q=1.9 (bayes)
2026-09-23 17:04:40,625 INFO: Plan 2: ḡ=1.9, γE[v]=0.7, Q=2.5 (bayes)
2026-09-23 17:04:41,184 INFO: Plan 2: ḡ=181, γE[v]=0.0, Q=181.0 (fn)
2026-09-23 17:04:41,656 INFO: Plan 1: ḡ=180, γE[v]=0.5, Q=180.5 (fn)
2026-09-23 17:04:41,657 INFO: Plan 0: ḡ=3.8, γE[v]=22.0, Q=25.8 (bayes)
2026-09-23 17:04:41,657 INFO: Plan 1: ḡ=45.0, γE[v]=0.2, Q=45.2 (bayes)
2026-09-23 17:04:41,657 INFO: Plan 2: ḡ=45.2, γE[v]=0.0, Q=45.2 (bayes)
2026-09-23 17:04:42,830 INFO: Plan 1: ḡ=0, γE[v]=0.0, Q=0.0 (fn)
2026-09-23 17:04:43,552 INFO: Plan 0: ḡ=0, γE[v]=0.0, Q=0.0 (fn)
2026-09-23 17:04:43,978 INFO: Plan 2: ḡ=0, γE[v]=0.0, Q=0.0 (fn)
2026-09-23 17:04:43,978 INFO: Plan 0: ḡ=0.0, γE[v]=0.0, Q=0.0 (bayes)
2026-09-23 17:04:43,978 INFO: Plan 1: ḡ=0.0, γE[v]=0.0, Q=0.0 (bayes)
2026-09-23 17:04:43,978 INFO: Plan 2: ḡ=0.0, γE[v]=0.0, Q=0.0 (bayes)
2026-09-23 17:04:45,798 INFO: Plan 1: ḡ=0, γE[v]=0.0, Q=0.0 (fn)
2026-09-23 17:04:45,799 INFO: Plan 0: ḡ=1, γE[v]=0.0, Q=1.0 (fn)
2026-09-23 17:04:46,183 INFO: Plan 0: ḡ=0, γE[v]=0.0, Q=0.0 (fn)
2026-09-23 17:04:46,183 INFO: Plan 1: ḡ=7, γE[v]=0.0, Q=7.0 (fn)
2026-09-23 17:04:47,097 INFO: Plan 2: ḡ=0, γE[v]=0.0, Q=0.0 (fn)
2026-09-23 17:04:47,098 INFO: Plan 0: ḡ=0.0, γE[v]=0.0, Q=0.0 (bayes)
2026-09-23 17:04:47,098 INFO: Plan 1: ḡ=0.0, γE[v]=0.0, Q=0.0 (bayes)
2026-09-23 17:04:47,098 INFO: Plan 2: ḡ=0.0, γE[v]=0.0, Q=0.0 (bayes)
2026-09-23 17:04:47,459 INFO: Plan 2: ḡ=0, γE[v]=0.0, Q=0.0 (fn)
2026-09-23 17:04:47,666 INFO: Plan 0: ḡ=2, γE[v]=0.0, Q=2.0 (fn)
2026-09-23 17:04:47,753 INFO: Plan 2: ḡ=1, γE[v]=3.5, Q=4.5 (fn)
2026-09-23 17:04:47,758 INFO: Plan 0: ḡ=0.3, γE[v]=1.2, Q=1.5 (bayes)
2026-09-23 17:04:47,760 INFO: Plan 1: ḡ=2.3, γE[v]=0.2, Q=2.5 (bayes)
2026-09-23 17:04:47,760 INFO: Plan 2: ḡ=0.3, γE[v]=1.4, Q=1.7 (bayes)
2026-09-23 17:04:48,192 INFO: Plan 1: ḡ=0, γE[v]=0.0, Q=0.0 (fn)
2026-09-23 17:04:48,483 INFO: Plan 0: ḡ=0, γE[v]=0.0, Q=0.0
2026-09-23 17:04:48,563 INFO: Plan 1: ḡ=10, γE[v]=15.0, Q=25.0
2026-09-23 17:04:48,603 INFO: Plan 2: ḡ=0, γE[v]=0.0, Q=0.0 (fn)
2026-09-23 17:04:48,759 INFO: Plan 2: ḡ=10, γE[v]=15.0, Q=25.0
2026-09-23 17:04:48,800 INFO: Plan 0: ḡ=6, γE[v]=0.0, Q=6.0 (fn)
2026-09-23 17:04:48,845 INFO: Plan 1: ḡ=0, γE[v]=0.0, Q=0.0 (fn)
2026-09-23 17:04:48,846 INFO: Plan 2: ḡ=0, γE[v]=0.0, Q=0.0 (fn)
2026-09-23 17:04:49,485 INFO: Plan 0: ḡ=0, γE[v]=0.0, Q=0.0 (fn)
2026-09-23 17:04:49,524 INFO: Plan 1: ḡ=0, γE[v]=0.0, Q=0.0 (fn)
2026-09-23 17:04:49,869 INFO: Plan 0: ḡ=2, γE[v]=0.0, Q=2.0 (fn)
2026-09-23 17:04:49,869 INFO: Plan 0: ḡ=0.4, γE[v]=0.0, Q=0.4 (bayes)
2026-09-23 17:04:49,869 INFO: Plan 1: ḡ=0.0, γE[v]=0.2, Q=0.2 (bayes)
2026-09-23 17:04:49,869 INFO: Plan 2: ḡ=0.0, γE[v]=0.2, Q=0.2 (bayes)
2026-09-23 17:04:50,044 INFO: Plan 2: ḡ=0, γE[v]=0.0, Q=0.0 (fn)
2026-09-23 17:04:50,044 INFO: Plan 0: ḡ=0.0, γE[v]=0.0, Q=0.0 (bayes)
2026-09-23 17:04:50,045 INFO: Plan 1: ḡ=0.0, γE[v]=0.0, Q=0.0 (bayes)
2026-09-23 17:04:50,045 INFO: Plan 2: ḡ=0.0, γE[v]=0.0, Q=0.0 (bayes)
2026-09-23 17:04:50,527 INFO: Plan 2: ḡ=11, γE[v]=1.0, Q=12.0 (fn)
2026-09-23 17:04:50,666 INFO: Plan 1: ḡ=5, γE[v]=1.0, Q=6.0 (fn)
2026-09-23 17:04:50,667 INFO: Plan 0: ḡ=0.4, γE[v]=0.4, Q=0.8 (bayes)
2026-09-23 17:04:50,667 INFO: Plan 1: ḡ=0.9, γE[v]=0.3, Q=1.1 (bayes)
2026-09-23 17:04:50,667 INFO: Plan 2: ḡ=0.0, γE[v]=0.6, Q=0.6 (bayes)
2026-09-23 17:04:51,159 INFO: Plan 0: ḡ=0, γE[v]=0.0, Q=0.0 (fn)
2026-09-23 17:04:51,160 INFO: Plan 0: ḡ=0.0, γE[v]=0.0, Q=0.0 (bayes)
2026-09-23 17:04:51,160 INFO: Plan 1: ḡ=0.0, γE[v]=0.0, Q=0.0 (bayes)
2026-09-23 17:04:51,160 INFO: Plan 2: ḡ=0.0, γE[v]=0.0, Q=0.0 (bayes)
2026-09-23 17:04:51,347 INFO: Plan 1: ḡ=10, γE[v]=1.5, Q=11.5 (fn)
2026-09-23 17:04:51,350 INFO: Plan 0: ḡ=1.5, γE[v]=1.2, Q=2.6 (bayes)
2026-09-23 17:04:51,352 INFO: Plan 1: ḡ=2.8, γE[v]=0.6, Q=3.4 (bayes)
2026-09-23 17:04:51,353 INFO: Plan 2: ḡ=3.1, γE[v]=0.4, Q=3.5 (bayes)
2026-09-23 17:04:52,453 INFO: Plan 1: ḡ=27, γE[v]=0.0, Q=27.0 (fn)
2026-09-23 17:04:53,060 INFO: Plan 0: ḡ=0, γE[v]=0.0, Q=0.0
2026-09-23 17:04:53,141 INFO: Plan 2: ḡ=0, γE[v]=0.0, Q=0.0
2026-09-23 17:04:53,141 INFO: Plan 1: ḡ=12, γE[v]=7.5, Q=19.5
2026-09-23 17:04:53,552 INFO: Plan 1: ḡ=10, γE[v]=0.0, Q=10.0 (fn)
2026-09-23 17:04:53,588 INFO: Plan 0: ḡ=93, γE[v]=0.0, Q=93.0 (fn)
2026-09-23 17:04:54,255 INFO: Plan 1: ḡ=0, γE[v]=0.0, Q=0.0 (fn)
2026-09-23 17:04:54,472 INFO: Plan 2: ḡ=16, γE[v]=0.0, Q=16.0 (fn)
2026-09-23 17:04:54,511 INFO: Plan 2: ḡ=0, γE[v]=0.0, Q=0.0 (fn)
2026-09-23 17:04:54,512 INFO: Plan 0: ḡ=5, γE[v]=0.0, Q=5.0 (fn)
2026-09-23 17:04:54,512 INFO: Plan 0: ḡ=1.0, γE[v]=0.0, Q=1.0 (bayes)
2026-09-23 17:04:54,512 INFO: Plan 1: ḡ=0.0, γE[v]=0.5, Q=0.5 (bayes)
2026-09-23 17:04:54,512 INFO: Plan 2: ḡ=0.0, γE[v]=0.5, Q=0.5 (bayes)
2026-09-23 17:04:55,188 INFO: Plan 0: ḡ=44, γE[v]=0.5, Q=44.5 (fn)
2026-09-23 17:04:55,189 INFO: Plan 0: ḡ=18, γE[v]=0.0, Q=18.0 (fn)
2026-09-23 17:04:55,190 INFO: Plan 0: ḡ=8.0, γE[v]=4.2, Q=12.2 (bayes)
2026-09-23 17:04:55,190 INFO: Plan 1: ḡ=3.2, γE[v]=6.5, Q=9.7 (bayes)
2026-09-23 17:04:55,190 INFO: Plan 2: ḡ=5.3, γE[v]=5.5, Q=10.8 (bayes)
2026-09-23 17:04:55,226 INFO: Plan 2: ḡ=59, γE[v]=8.0, Q=67.0 (fn)
2026-09-23 17:04:55,227 INFO: Plan 0: ḡ=18.6, γE[v]=83.9, Q=102.5 (bayes)
2026-09-23 17:04:55,227 INFO: Plan 1: ḡ=9.5, γE[v]=88.5, Q=98.0 (bayes)
2026-09-23 17:04:55,227 INFO: Plan 2: ḡ=25.3, γE[v]=80.9, Q=106.2 (bayes)
2026-09-23 17:04:56,668 INFO: Plan 1: ḡ=20, γE[v]=0.0, Q=20.0 (fn)
2026-09-23 17:04:56,962 INFO: Plan 0: ḡ=23, γE[v]=0.0, Q=23.0 (fn)
2026-09-23 17:04:57,561 INFO: Plan 2: ḡ=33, γE[v]=0.0, Q=33.0 (fn)
2026-09-23 17:04:57,562 INFO: Plan 0: ḡ=7.7, γE[v]=6.3, Q=14.0 (bayes)
2026-09-23 17:04:57,562 INFO: Plan 1: ḡ=8.0, γE[v]=6.2, Q=14.2 (bayes)
2026-09-23 17:04:57,562 INFO: Plan 2: ḡ=11.0, γE[v]=4.7, Q=15.7 (bayes)
2026-09-23 17:04:59,348 INFO: Plan 0: ḡ=240, γE[v]=0.0, Q=240.0 (fn)
2026-09-23 17:04:59,750 INFO: Plan 0: ḡ=53, γE[v]=0.0, Q=53.0 (fn)
2026-09-23 17:04:59,870 INFO: Plan 1: ḡ=53, γE[v]=0.0, Q=53.0 (fn)
2026-09-23 17:05:00,064 INFO: Plan 1: ḡ=64, γE[v]=0.0, Q=64.0 (fn)
2026-09-23 17:05:00,288 INFO: Plan 0: ḡ=0, γE[v]=0.0, Q=0.0 (fn)
2026-09-23 17:05:00,327 INFO: Plan 1: ḡ=0, γE[v]=0.0, Q=0.0 (fn)
2026-09-23 17:05:00,408 INFO: Plan 2: ḡ=53, γE[v]=0.0, Q=53.0 (fn)
2026-09-23 17:05:00,408 INFO: Plan 0: ḡ=10.6, γE[v]=0.0, Q=10.6 (bayes)
2026-09-23 17:05:00,408 INFO: Plan 1: ḡ=10.6, γE[v]=0.0, Q=10.6 (bayes)
2026-09-23 17:05:00,408 INFO: Plan 2: ḡ=10.6, γE[v]=0.0, Q=10.6 (bayes)
2026-09-23 17:05:01,180 INFO: Plan 2: ḡ=0, γE[v]=0.0, Q=0.0 (fn)
2026-09-23 17:05:01,180 INFO: Plan 0: ḡ=0.0, γE[v]=0.0, Q=0.0 (bayes)
2026-09-23 17:05:01,181 INFO: Plan 1: ḡ=0.0, γE[v]=0.0, Q=0.0 (bayes)
2026-09-23 17:05:01,181 INFO: Plan 2: ḡ=0.0, γE[v]=0.0, Q=0.0 (bayes)
2026-09-23 17:05:02,857 INFO: Plan 2: ḡ=52, γE[v]=0.0, Q=52.0 (fn)
2026-09-23 17:05:03,306 INFO: Plan 1: ḡ=22, γE[v]=0.0, Q=22.0 (fn)
2026-09-23 17:05:03,352 INFO: Plan 1: ḡ=16, γE[v]=14.0, Q=30.0 (fn)
2026-09-23 17:05:04,216 INFO: Plan 0: ḡ=6, γE[v]=0.0, Q=6.0 (fn)
2026-09-23 17:05:04,219 INFO: Plan 2: ḡ=13, γE[v]=8.0, Q=21.0 (fn)
2026-09-23 17:05:04,219 INFO: Plan 0: ḡ=2.8, γE[v]=13.8, Q=16.7 (bayes)
2026-09-23 17:05:04,220 INFO: Plan 0: ḡ=6.3, γE[v]=24.7, Q=31.0 (bayes)
2026-09-23 17:05:04,220 INFO: Plan 1: ḡ=10.3, γE[v]=10.1, Q=20.4 (bayes)
2026-09-23 17:05:04,220 INFO: Plan 1: ḡ=5.9, γE[v]=25.7, Q=31.7 (bayes)
2026-09-23 17:05:04,220 INFO: Plan 2: ḡ=17.3, γE[v]=6.6, Q=23.9 (bayes)
2026-09-23 17:05:04,220 INFO: Plan 2: ḡ=5.0, γE[v]=25.8, Q=30.8 (bayes)
2026-09-23 17:05:06,576 INFO: Plan 0: ḡ=9, γE[v]=0.0, Q=9.0 (fn)
2026-09-23 17:05:06,694 INFO: Plan 2: ḡ=9, γE[v]=0.0, Q=9.0 (fn)
2026-09-23 17:05:06,733 INFO: Plan 1: ḡ=6, γE[v]=1.5, Q=7.5 (fn)
2026-09-23 17:05:06,734 INFO: Plan 0: ḡ=1.5, γE[v]=0.0, Q=1.5 (bayes)
2026-09-23 17:05:06,734 INFO: Plan 1: ḡ=1.0, γE[v]=0.4, Q=1.4 (bayes)
2026-09-23 17:05:06,734 INFO: Plan 2: ḡ=1.5, γE[v]=0.0, Q=1.5 (bayes)
2026-09-23 17:05:08,185 INFO: Plan 1: ḡ=7, γE[v]=0.0, Q=7.0 (fn)
2026-09-23 17:05:08,670 INFO: Plan 2: ḡ=4, γE[v]=0.0, Q=4.0 (fn)
2026-09-23 17:05:10,041 INFO: Plan 0: ḡ=7, γE[v]=4.5, Q=11.5 (fn)
2026-09-23 17:05:10,042 INFO: Plan 0: ḡ=2.8, γE[v]=1.8, Q=4.6 (bayes)
2026-09-23 17:05:10,042 INFO: Plan 1: ḡ=2.3, γE[v]=1.7, Q=4.1 (bayes)
2026-09-23 17:05:10,042 INFO: Plan 2: ḡ=1.3, γE[v]=2.2, Q=3.6 (bayes)
2026-09-23 17:05:10,393 INFO: Plan 0: ḡ=23, γE[v]=0.0, Q=23.0 (fn)
2026-09-23 17:05:10,856 INFO: Plan 0: ḡ=0, γE[v]=0.0, Q=0.0 (fn)
2026-09-23 17:05:11,331 INFO: Plan 1: ḡ=3, γE[v]=0.5, Q=3.5 (fn)
2026-09-23 17:05:11,532 INFO: Plan 1: ḡ=0, γE[v]=0.0, Q=0.0 (fn)
2026-09-23 17:05:11,977 INFO: Plan 2: ḡ=340, γE[v]=83.5, Q=423.5 (fn)
2026-09-23 17:05:11,978 INFO: Plan 0: ḡ=40.5, γE[v]=53.4, Q=93.9 (bayes)
2026-09-23 17:05:11,978 INFO: Plan 1: ḡ=29.9, γE[v]=58.7, Q=88.6 (bayes)
2026-09-23 17:05:11,979 INFO: Plan 2: ḡ=73.7, γE[v]=41.0, Q=114.7 (bayes)
2026-09-23 17:05:12,311 INFO: Plan 2: ḡ=0, γE[v]=0.0, Q=0.0 (fn)
2026-09-23 17:05:12,312 INFO: Plan 0: ḡ=0.0, γE[v]=0.0, Q=0.0 (bayes)
2026-09-23 17:05:12,312 INFO: Plan 1: ḡ=0.0, γE[v]=0.0, Q=0.0 (bayes)
2026-09-23 17:05:12,312 INFO: Plan 2: ḡ=0.0, γE[v]=0.0, Q=0.0 (bayes)
2026-09-23 17:05:12,814 INFO: Plan 2: ḡ=11, γE[v]=1.0, Q=12.0 (fn)
2026-09-23 17:05:12,814 INFO: Plan 0: ḡ=10.7, γE[v]=2.5, Q=13.2 (bayes)
2026-09-23 17:05:12,814 INFO: Plan 1: ḡ=0.7, γE[v]=7.6, Q=8.2 (bayes)
2026-09-23 17:05:12,814 INFO: Plan 2: ḡ=4.4, γE[v]=5.7, Q=10.1 (bayes)
2026-09-23 17:05:13,419 INFO: Plan 0: ḡ=0, γE[v]=0.0, Q=0.0 (fn)
2026-09-23 17:05:13,458 INFO: Plan 1: ḡ=0, γE[v]=0.0, Q=0.0 (fn)
2026-09-23 17:05:13,576 INFO: Plan 2: ḡ=0, γE[v]=0.0, Q=0.0 (fn)
2026-09-23 17:05:13,577 INFO: Plan 0: ḡ=0.0, γE[v]=0.0, Q=0.0 (bayes)
2026-09-23 17:05:13,578 INFO: Plan 1: ḡ=0.0, γE[v]=0.0, Q=0.0 (bayes)
2026-09-23 17:05:13,578 INFO: Plan 2: ḡ=0.0, γE[v]=0.0, Q=0.0 (bayes)
2026-09-23 17:05:14,212 INFO: Plan 1: ḡ=0, γE[v]=0.0, Q=0.0 (fn)
2026-09-23 17:05:14,253 INFO: Plan 0: ḡ=0, γE[v]=0.0, Q=0.0 (fn)
2026-09-23 17:05:14,695 INFO: Plan 2: ḡ=0, γE[v]=0.0, Q=0.0 (fn)
2026-09-23 17:05:14,695 INFO: Plan 0: ḡ=0.0, γE[v]=0.0, Q=0.0 (bayes)
2026-09-23 17:05:14,695 INFO: Plan 1: ḡ=0.0, γE[v]=0.0, Q=0.0 (bayes)
2026-09-23 17:05:14,695 INFO: Plan 2: ḡ=0.0, γE[v]=0.0, Q=0.0 (bayes)
2026-09-23 17:05:18,806 INFO: Plan 1: ḡ=152, γE[v]=57.0, Q=209.0 (fn)
2026-09-23 17:05:19,139 INFO: Plan 2: ḡ=135, γE[v]=65.5, Q=200.5 (fn)
2026-09-23 17:05:19,893 INFO: Plan 0: ḡ=132, γE[v]=67.0, Q=199.0 (fn)
2026-09-23 17:05:19,894 INFO: Plan 0: ḡ=23.3, γE[v]=16.2, Q=39.5 (bayes)
2026-09-23 17:05:19,894 INFO: Plan 1: ḡ=26.4, γE[v]=13.9, Q=40.3 (bayes)
2026-09-23 17:05:19,894 INFO: Plan 2: ḡ=23.6, γE[v]=16.0, Q=39.5 (bayes)
2026-09-23 17:05:20,499 INFO: Plan 2: ḡ=0, γE[v]=0.0, Q=0.0 (fn)
2026-09-23 17:05:21,027 INFO: Plan 0: ḡ=1, γE[v]=0.5, Q=1.5 (fn)
2026-09-23 17:05:21,599 INFO: Plan 2: ḡ=3, γE[v]=0.0, Q=3.0 (fn)
2026-09-23 17:05:21,640 INFO: Plan 1: ḡ=3, γE[v]=0.0, Q=3.0 (fn)
2026-09-23 17:05:22,460 INFO: Plan 1: ḡ=1, γE[v]=0.5, Q=1.5 (fn)
2026-09-23 17:05:22,460 INFO: Plan 0: ḡ=0.2, γE[v]=0.1, Q=0.3 (bayes)
2026-09-23 17:05:22,460 INFO: Plan 1: ḡ=0.2, γE[v]=0.1, Q=0.3 (bayes)
2026-09-23 17:05:22,461 INFO: Plan 2: ḡ=0.0, γE[v]=0.2, Q=0.2 (bayes)
2026-09-23 17:05:23,010 INFO: Plan 0: ḡ=49, γE[v]=0.0, Q=49.0 (fn)
2026-09-23 17:05:23,674 INFO: Plan 2: ḡ=53, γE[v]=0.0, Q=53.0 (fn)
2026-09-23 17:05:24,067 INFO: Plan 1: ḡ=32, γE[v]=0.0, Q=32.0 (fn)
2026-09-23 17:05:24,067 INFO: Plan 0: ḡ=12.0, γE[v]=49.4, Q=61.4 (bayes)
2026-09-23 17:05:24,068 INFO: Plan 1: ḡ=9.4, γE[v]=50.7, Q=60.1 (bayes)
2026-09-23 17:05:24,068 INFO: Plan 2: ḡ=13.0, γE[v]=48.9, Q=61.9 (bayes)
2026-09-23 17:05:24,207 INFO: Plan 0: ḡ=3, γE[v]=2.0, Q=5.0 (fn)
2026-09-23 17:05:24,207 INFO: Plan 0: ḡ=0.5, γE[v]=0.5, Q=1.0 (bayes)
2026-09-23 17:05:24,207 INFO: Plan 1: ḡ=0.5, γE[v]=0.3, Q=0.8 (bayes)
2026-09-23 17:05:24,207 INFO: Plan 2: ḡ=0.5, γE[v]=0.3, Q=0.8 (bayes)
2026-09-23 17:05:24,549 INFO: Plan 0: ḡ=27, γE[v]=5.5, Q=32.5 (fn)
2026-09-23 17:05:24,839 INFO: Plan 2: ḡ=0, γE[v]=0.0, Q=0.0 (fn)
2026-09-23 17:05:24,839 INFO: Plan 0: ḡ=1, γE[v]=0.0, Q=1.0 (fn)
2026-09-23 17:05:25,312 INFO: Plan 1: ḡ=13, γE[v]=0.0, Q=13.0 (fn)
2026-09-23 17:05:25,313 INFO: Plan 1: ḡ=1, γE[v]=0.0, Q=1.0 (fn)
2026-09-23 17:05:25,313 INFO: Plan 0: ḡ=0.3, γE[v]=0.2, Q=0.5 (bayes)
2026-09-23 17:05:25,313 INFO: Plan 1: ḡ=0.3, γE[v]=0.2, Q=0.5 (bayes)
2026-09-23 17:05:25,313 INFO: Plan 2: ḡ=0.0, γE[v]=0.3, Q=0.3 (bayes)
2026-09-23 17:05:25,350 INFO: Plan 2: ḡ=8, γE[v]=0.0, Q=8.0 (fn)
2026-09-23 17:05:25,712 INFO: Plan 0: ḡ=9, γE[v]=0.0, Q=9.0 (fn)
2026-09-23 17:05:25,751 INFO: Plan 0: ḡ=2, γE[v]=0.0, Q=2.0 (fn)
2026-09-23 17:05:26,305 INFO: Plan 1: ḡ=2, γE[v]=0.0, Q=2.0 (fn)
2026-09-23 17:05:26,344 INFO: Plan 2: ḡ=2, γE[v]=0.0, Q=2.0 (fn)
2026-09-23 17:05:26,344 INFO: Plan 0: ḡ=0.2, γE[v]=0.0, Q=0.2 (bayes)
2026-09-23 17:05:26,344 INFO: Plan 1: ḡ=0.2, γE[v]=0.0, Q=0.2 (bayes)
2026-09-23 17:05:26,345 INFO: Plan 2: ḡ=0.2, γE[v]=0.0, Q=0.2 (bayes)
2026-09-23 17:05:27,175 INFO: Plan 1: ḡ=27, γE[v]=1.0, Q=28.0 (fn)
2026-09-23 17:05:27,176 INFO: Plan 0: ḡ=1.7, γE[v]=1.7, Q=3.3 (bayes)
2026-09-23 17:05:27,176 INFO: Plan 1: ḡ=4.5, γE[v]=0.3, Q=4.8 (bayes)
2026-09-23 17:05:27,176 INFO: Plan 2: ḡ=1.4, γE[v]=1.8, Q=3.2 (bayes)
2026-09-23 17:05:30,409 INFO: Plan 1: ḡ=9, γE[v]=0.0, Q=9.0 (fn)
2026-09-23 17:05:31,383 INFO: Plan 0: ḡ=30, γE[v]=0.0, Q=30.0 (fn)
2026-09-23 17:05:31,420 INFO: Plan 1: ḡ=3, γE[v]=3.0, Q=6.0 (fn)
2026-09-23 17:05:32,322 INFO: Plan 0: ḡ=9, γE[v]=0.0, Q=9.0 (fn)
2026-09-23 17:05:33,128 INFO: Plan 0: ḡ=1, γE[v]=0.0, Q=1.0 (fn)
2026-09-23 17:05:33,569 INFO: Plan 1: ḡ=0, γE[v]=0.0, Q=0.0 (fn)
2026-09-23 17:05:33,851 INFO: Plan 2: ḡ=1, γE[v]=0.0, Q=1.0 (fn)
2026-09-23 17:05:33,851 INFO: Plan 0: ḡ=0.2, γE[v]=0.0, Q=0.2 (bayes)
2026-09-23 17:05:33,851 INFO: Plan 1: ḡ=0.0, γE[v]=0.1, Q=0.1 (bayes)
2026-09-23 17:05:33,851 INFO: Plan 2: ḡ=0.2, γE[v]=0.0, Q=0.2 (bayes)
2026-09-23 17:05:33,972 INFO: Plan 2: ḡ=3, γE[v]=3.0, Q=6.0 (fn)
2026-09-23 17:05:33,972 INFO: Plan 0: ḡ=2.2, γE[v]=0.0, Q=2.2 (bayes)
2026-09-23 17:05:33,972 INFO: Plan 1: ḡ=0.8, γE[v]=1.0, Q=1.7 (bayes)
2026-09-23 17:05:33,972 INFO: Plan 2: ḡ=0.8, γE[v]=1.0, Q=1.7 (bayes)
2026-09-23 17:05:34,347 INFO: Plan 0: ḡ=27, γE[v]=0.0, Q=27.0 (fn)
2026-09-23 17:05:34,597 INFO: Plan 2: ḡ=174, γE[v]=0.0, Q=174.0 (fn)
2026-09-23 17:05:35,571 INFO: Plan 2: ḡ=48, γE[v]=51.5, Q=99.5 (fn)
2026-09-23 17:05:35,571 INFO: Plan 0: ḡ=10.8, γE[v]=28.7, Q=39.5 (bayes)
2026-09-23 17:05:35,571 INFO: Plan 1: ḡ=4.8, γE[v]=31.3, Q=36.2 (bayes)
2026-09-23 17:05:35,571 INFO: Plan 2: ḡ=18.5, γE[v]=27.4, Q=45.9 (bayes)
2026-09-23 17:05:36,193 INFO: Plan 1: ḡ=166, γE[v]=4.0, Q=170.0 (fn)
2026-09-23 17:05:36,193 INFO: Plan 0: ḡ=9.0, γE[v]=15.4, Q=24.4 (bayes)
2026-09-23 17:05:36,194 INFO: Plan 1: ḡ=27.4, γE[v]=6.4, Q=33.8 (bayes)
2026-09-23 17:05:36,194 INFO: Plan 2: ḡ=30.4, γE[v]=4.7, Q=35.1 (bayes)
2026-09-23 17:05:36,867 INFO: Plan 0: ḡ=19, γE[v]=0.0, Q=19.0 (fn)
2026-09-23 17:05:38,183 INFO: Plan 1: ḡ=21, γE[v]=0.0, Q=21.0 (fn)
2026-09-23 17:05:38,183 INFO: Plan 2: ḡ=21, γE[v]=0.0, Q=21.0 (fn)
2026-09-23 17:05:38,184 INFO: Plan 0: ḡ=6.0, γE[v]=14.6, Q=20.6 (bayes)
2026-09-23 17:05:38,184 INFO: Plan 1: ḡ=10.5, γE[v]=12.4, Q=22.9 (bayes)
2026-09-23 17:05:38,184 INFO: Plan 2: ḡ=7.6, γE[v]=13.8, Q=21.4 (bayes)
2026-09-23 17:05:39,454 INFO: Plan 2: ḡ=15, γE[v]=0.0, Q=15.0 (fn)
2026-09-23 17:05:40,390 INFO: Plan 0: ḡ=2, γE[v]=0.0, Q=2.0 (fn)
2026-09-23 17:05:40,473 INFO: Plan 1: ḡ=2, γE[v]=0.0, Q=2.0 (fn)
2026-09-23 17:05:40,473 INFO: Plan 0: ḡ=0.7, γE[v]=1.2, Q=1.8 (bayes)
2026-09-23 17:05:40,473 INFO: Plan 1: ḡ=0.7, γE[v]=1.2, Q=1.8 (bayes)
2026-09-23 17:05:40,473 INFO: Plan 2: ḡ=1.7, γE[v]=0.7, Q=2.3 (bayes)
2026-09-23 17:05:40,753 INFO: Plan 0: ḡ=21, γE[v]=0.0, Q=21.0 (fn)
2026-09-23 17:05:40,941 INFO: Plan 2: ḡ=84, γE[v]=5.0, Q=89.0 (fn)
2026-09-23 17:05:40,942 INFO: Plan 0: ḡ=14.7, γE[v]=27.1, Q=41.8 (bayes)
2026-09-23 17:05:40,942 INFO: Plan 1: ḡ=3.5, γE[v]=32.7, Q=36.2 (bayes)
2026-09-23 17:05:40,942 INFO: Plan 2: ḡ=28.0, γE[v]=20.8, Q=48.8 (bayes)
2026-09-23 17:05:41,296 INFO: Plan 0: ḡ=2, γE[v]=0.0, Q=2.0 (fn)
2026-09-23 17:05:41,553 INFO: Plan 1: ḡ=37, γE[v]=0.0, Q=37.0 (fn)
2026-09-23 17:05:41,687 INFO: Plan 2: ḡ=3, γE[v]=0.0, Q=3.0 (fn)
2026-09-23 17:05:41,688 INFO: Plan 0: ḡ=8.2, γE[v]=4.0, Q=12.2 (bayes)
2026-09-23 17:05:41,688 INFO: Plan 1: ḡ=7.5, γE[v]=4.4, Q=11.8 (bayes)
2026-09-23 17:05:41,688 INFO: Plan 2: ḡ=0.6, γE[v]=7.8, Q=8.4 (bayes)
2026-09-23 17:05:42,068 INFO: Plan 0: ḡ=15, γE[v]=0.0, Q=15.0 (fn)
2026-09-23 17:05:42,231 INFO: Plan 1: ḡ=15, γE[v]=0.0, Q=15.0 (fn)
2026-09-23 17:05:42,271 INFO: Plan 2: ḡ=4, γE[v]=1.0, Q=5.0 (fn)
2026-09-23 17:05:42,272 INFO: Plan 1: ḡ=4, γE[v]=1.0, Q=5.0 (fn)
2026-09-23 17:05:42,273 INFO: Plan 0: ḡ=0.5, γE[v]=0.3, Q=0.8 (bayes)
2026-09-23 17:05:42,273 INFO: Plan 1: ḡ=0.7, γE[v]=0.3, Q=1.0 (bayes)
2026-09-23 17:05:42,273 INFO: Plan 2: ḡ=0.7, γE[v]=0.3, Q=1.0 (bayes)
2026-09-23 17:05:42,801 INFO: Plan 2: ḡ=15, γE[v]=0.0, Q=15.0 (fn)
2026-09-23 17:05:42,802 INFO: Plan 0: ḡ=1.9, γE[v]=0.0, Q=1.9 (bayes)
2026-09-23 17:05:42,802 INFO: Plan 1: ḡ=1.9, γE[v]=0.0, Q=1.9 (bayes)
2026-09-23 17:05:42,804 INFO: Plan 2: ḡ=1.9, γE[v]=0.0, Q=1.9 (bayes)
2026-09-23 17:05:43,298 INFO: Plan 2: ḡ=34, γE[v]=0.0, Q=34.0 (fn)
2026-09-23 17:05:43,410 INFO: Plan 0: ḡ=7, γE[v]=0.0, Q=7.0 (fn)
2026-09-23 17:05:44,039 INFO: Plan 0: ḡ=0, γE[v]=0.0, Q=0.0 (fn)
2026-09-23 17:05:44,221 INFO: Plan 1: ḡ=0, γE[v]=0.0, Q=0.0 (fn)
2026-09-23 17:05:44,260 INFO: Plan 2: ḡ=0, γE[v]=0.0, Q=0.0 (fn)
2026-09-23 17:05:44,261 INFO: Plan 0: ḡ=0.0, γE[v]=0.0, Q=0.0 (bayes)
2026-09-23 17:05:44,261 INFO: Plan 1: ḡ=0.0, γE[v]=0.0, Q=0.0 (bayes)
2026-09-23 17:05:44,261 INFO: Plan 2: ḡ=0.0, γE[v]=0.0, Q=0.0 (bayes)
2026-09-23 17:05:44,821 INFO: Plan 2: ḡ=27, γE[v]=0.0, Q=27.0 (fn)
2026-09-23 17:05:45,162 INFO: Plan 0: ḡ=30, γE[v]=6.0, Q=36.0 (fn)
2026-09-23 17:05:45,708 INFO: Plan 1: ḡ=77, γE[v]=7.5, Q=84.5 (fn)
2026-09-23 17:05:45,709 INFO: Plan 0: ḡ=3.3, γE[v]=3.9, Q=7.3 (bayes)
2026-09-23 17:05:45,709 INFO: Plan 1: ḡ=8.6, γE[v]=1.4, Q=10.0 (bayes)
2026-09-23 17:05:45,709 INFO: Plan 2: ḡ=3.8, γE[v]=3.2, Q=7.0 (bayes)
2026-09-23 17:05:46,314 INFO: Plan 0: ḡ=25, γE[v]=7.5, Q=32.5
2026-09-23 17:05:46,354 INFO: Plan 1: ḡ=12, γE[v]=15.0, Q=27.0
2026-09-23 17:05:46,399 INFO: Plan 2: ḡ=25, γE[v]=7.5, Q=32.5
2026-09-23 17:05:46,870 INFO: Plan 0: ḡ=0, γE[v]=0.0, Q=0.0 (fn)
2026-09-23 17:05:47,848 INFO: Plan 2: ḡ=0, γE[v]=0.0, Q=0.0 (fn)
2026-09-23 17:05:48,167 INFO: Plan 1: ḡ=0, γE[v]=0.0, Q=0.0 (fn)
2026-09-23 17:05:48,167 INFO: Plan 0: ḡ=0.0, γE[v]=0.0, Q=0.0 (bayes)
2026-09-23 17:05:48,167 INFO: Plan 1: ḡ=0.0, γE[v]=0.0, Q=0.0 (bayes)
2026-09-23 17:05:48,167 INFO: Plan 2: ḡ=0.0, γE[v]=0.0, Q=0.0 (bayes)
2026-09-23 17:05:49,976 INFO: Plan 0: ḡ=9, γE[v]=0.0, Q=9.0 (fn)
2026-09-23 17:05:50,505 INFO: Plan 1: ḡ=11, γE[v]=13.5, Q=24.5 (fn)
2026-09-23 17:05:50,505 INFO: Plan 0: ḡ=2.3, γE[v]=57.5, Q=59.9 (bayes)
2026-09-23 17:05:50,506 INFO: Plan 1: ḡ=4.2, γE[v]=57.2, Q=61.4 (bayes)
2026-09-23 17:05:50,506 INFO: Plan 2: ḡ=7.9, γE[v]=54.8, Q=62.7 (bayes)
2026-09-23 17:05:50,713 INFO: Plan 2: ḡ=10, γE[v]=0.0, Q=10.0 (fn)
2026-09-23 17:05:51,243 INFO: Plan 1: ḡ=0, γE[v]=0.0, Q=0.0 (fn)
2026-09-23 17:05:51,244 INFO: Plan 0: ḡ=0, γE[v]=0.0, Q=0.0 (fn)
2026-09-23 17:05:51,705 INFO: Plan 2: ḡ=0, γE[v]=0.0, Q=0.0 (fn)
2026-09-23 17:05:51,711 INFO: Plan 0: ḡ=0.0, γE[v]=0.0, Q=0.0 (bayes)
2026-09-23 17:05:51,711 INFO: Plan 1: ḡ=0.0, γE[v]=0.0, Q=0.0 (bayes)
2026-09-23 17:05:51,711 INFO: Plan 2: ḡ=0.0, γE[v]=0.0, Q=0.0 (bayes)
2026-09-23 17:05:52,073 INFO: Plan 0: ḡ=0, γE[v]=0.0, Q=0.0
2026-09-23 17:05:52,235 INFO: Plan 2: ḡ=0, γE[v]=0.0, Q=0.0
2026-09-23 17:05:52,236 INFO: Plan 1: ḡ=0, γE[v]=0.0, Q=0.0
2026-09-23 17:05:53,728 INFO: Plan 1: ḡ=0, γE[v]=0.0, Q=0.0 (fn)
2026-09-23 17:05:53,812 INFO: Plan 1: ḡ=8, γE[v]=8.5, Q=16.5 (fn)
2026-09-23 17:05:53,812 INFO: Plan 0: ḡ=2.9, γE[v]=2.7, Q=5.5 (bayes)
2026-09-23 17:05:53,813 INFO: Plan 1: ḡ=2.7, γE[v]=3.3, Q=6.0 (bayes)
2026-09-23 17:05:53,813 INFO: Plan 2: ḡ=3.3, γE[v]=2.4, Q=5.8 (bayes)
2026-09-23 17:05:54,033 INFO: Plan 1: ḡ=0, γE[v]=0.0, Q=0.0 (fn)
2026-09-23 17:05:54,073 INFO: Plan 0: ḡ=1, γE[v]=0.0, Q=1.0 (fn)
2026-09-23 17:05:54,255 INFO: Plan 2: ḡ=0, γE[v]=0.0, Q=0.0 (fn)
2026-09-23 17:05:54,256 INFO: Plan 0: ḡ=0.3, γE[v]=0.0, Q=0.3 (bayes)
2026-09-23 17:05:54,256 INFO: Plan 1: ḡ=0.0, γE[v]=0.2, Q=0.2 (bayes)
2026-09-23 17:05:54,256 INFO: Plan 2: ḡ=0.0, γE[v]=0.2, Q=0.2 (bayes)
2026-09-23 17:05:54,575 INFO: Plan 2: ḡ=0, γE[v]=0.0, Q=0.0 (fn)
2026-09-23 17:05:54,764 INFO: Plan 0: ḡ=0, γE[v]=0.0, Q=0.0 (fn)
2026-09-23 17:05:54,764 INFO: Plan 0: ḡ=0.0, γE[v]=0.0, Q=0.0 (bayes)
2026-09-23 17:05:54,764 INFO: Plan 1: ḡ=0.0, γE[v]=0.0, Q=0.0 (bayes)
2026-09-23 17:05:54,764 INFO: Plan 2: ḡ=0.0, γE[v]=0.0, Q=0.0 (bayes)
2026-09-23 17:05:56,566 INFO: Plan 1: ḡ=24, γE[v]=0.0, Q=24.0 (fn)
2026-09-23 17:05:56,777 INFO: Plan 1: ḡ=0, γE[v]=0.0, Q=0.0
2026-09-23 17:05:56,821 INFO: Plan 0: ḡ=2, γE[v]=5.0, Q=7.0
2026-09-23 17:05:57,006 INFO: Plan 2: ḡ=0, γE[v]=0.0, Q=0.0
2026-09-23 17:05:57,592 INFO: Plan 0: ḡ=93, γE[v]=0.0, Q=93.0 (fn)
2026-09-23 17:05:57,593 INFO: Plan 0: ḡ=0, γE[v]=0.0, Q=0.0 (fn)
2026-09-23 17:05:58,179 INFO: Plan 2: ḡ=0, γE[v]=0.0, Q=0.0 (fn)
2026-09-23 17:05:58,597 INFO: Plan 1: ḡ=0, γE[v]=0.0, Q=0.0 (fn)
2026-09-23 17:05:58,597 INFO: Plan 0: ḡ=0.0, γE[v]=0.0, Q=0.0 (bayes)
2026-09-23 17:05:58,597 INFO: Plan 1: ḡ=0.0, γE[v]=0.0, Q=0.0 (bayes)
2026-09-23 17:05:58,597 INFO: Plan 2: ḡ=0.0, γE[v]=0.0, Q=0.0 (bayes)
2026-09-23 17:05:58,719 INFO: Plan 2: ḡ=30, γE[v]=0.0, Q=30.0 (fn)
2026-09-23 17:05:58,720 INFO: Plan 0: ḡ=18.6, γE[v]=70.3, Q=88.9 (bayes)
2026-09-23 17:05:58,720 INFO: Plan 1: ḡ=8.0, γE[v]=75.6, Q=83.6 (bayes)
2026-09-23 17:05:58,720 INFO: Plan 2: ḡ=11.6, γE[v]=73.8, Q=85.4 (bayes)
2026-09-23 17:05:59,388 INFO: Plan 0: ḡ=10, γE[v]=7.5, Q=17.5
2026-09-23 17:05:59,389 INFO: Plan 1: ḡ=12, γE[v]=7.5, Q=19.5
2026-09-23 17:05:59,566 INFO: Plan 2: ḡ=12, γE[v]=7.5, Q=19.5
2026-09-23 17:05:59,953 INFO: Plan 0: ḡ=22, γE[v]=0.0, Q=22.0 (fn)
2026-09-23 17:06:00,082 INFO: Plan 2: ḡ=8, γE[v]=0.0, Q=8.0 (fn)
2026-09-23 17:06:00,986 INFO: Plan 1: ḡ=0, γE[v]=0.0, Q=0.0
2026-09-23 17:06:00,987 INFO: Plan 1: ḡ=13, γE[v]=0.0, Q=13.0 (fn)
2026-09-23 17:06:00,988 INFO: Plan 0: ḡ=0, γE[v]=0.0, Q=0.0
2026-09-23 17:06:00,989 INFO: Plan 0: ḡ=15, γE[v]=0.0, Q=15.0 (fn)
2026-09-23 17:06:00,989 INFO: Plan 2: ḡ=0, γE[v]=0.0, Q=0.0
2026-09-23 17:06:00,990 INFO: Plan 0: ḡ=5.8, γE[v]=4.2, Q=9.9 (bayes)
2026-09-23 17:06:00,990 INFO: Plan 1: ḡ=5.7, γE[v]=4.2, Q=9.9 (bayes)
2026-09-23 17:06:00,990 INFO: Plan 2: ḡ=2.7, γE[v]=5.7, Q=8.4 (bayes)
2026-09-23 17:06:02,976 INFO: Plan 0: ḡ=9, γE[v]=0.0, Q=9.0 (fn)
2026-09-23 17:06:02,977 INFO: Plan 1: ḡ=9, γE[v]=0.0, Q=9.0 (fn)
2026-09-23 17:06:02,978 INFO: Plan 2: ḡ=9, γE[v]=0.0, Q=9.0 (fn)
2026-09-23 17:06:02,978 INFO: Plan 0: ḡ=1.3, γE[v]=0.0, Q=1.3 (bayes)
2026-09-23 17:06:02,978 INFO: Plan 1: ḡ=1.3, γE[v]=0.0, Q=1.3 (bayes)
2026-09-23 17:06:02,978 INFO: Plan 2: ḡ=1.3, γE[v]=0.0, Q=1.3 (bayes)
2026-09-23 17:06:04,953 INFO: Plan 0: ḡ=19, γE[v]=0.0, Q=19.0 (fn)
2026-09-23 17:06:06,168 INFO: Plan 2: ḡ=181, γE[v]=0.0, Q=181.0 (fn)
2026-09-23 17:06:07,711 INFO: Plan 2: ḡ=9, γE[v]=0.0, Q=9.0 (fn)
2026-09-23 17:06:08,928 INFO: Plan 1: ḡ=46, γE[v]=67.0, Q=113.0 (fn)
2026-09-23 17:06:08,929 INFO: Plan 0: ḡ=3.0, γE[v]=16.6, Q=19.6 (bayes)
2026-09-23 17:06:08,929 INFO: Plan 1: ḡ=9.2, γE[v]=18.3, Q=27.5 (bayes)
2026-09-23 17:06:08,929 INFO: Plan 2: ḡ=36.2, γE[v]=0.0, Q=36.2 (bayes)
2026-09-23 17:06:09,536 INFO: Plan 1: ḡ=72, γE[v]=0.0, Q=72.0 (fn)
2026-09-23 17:06:09,537 INFO: Plan 0: ḡ=5.0, γE[v]=5.8, Q=10.8 (bayes)
2026-09-23 17:06:09,537 INFO: Plan 1: ḡ=16.5, γE[v]=0.0, Q=16.5 (bayes)
2026-09-23 17:06:09,537 INFO: Plan 2: ḡ=3.0, γE[v]=6.7, Q=9.8 (bayes)
2026-09-23 17:06:10,212 INFO: Plan 0: ḡ=53, γE[v]=0.0, Q=53.0 (fn)
2026-09-23 17:06:10,251 INFO: Plan 1: ḡ=53, γE[v]=0.0, Q=53.0 (fn)
2026-09-23 17:06:10,295 INFO: Plan 2: ḡ=53, γE[v]=0.0, Q=53.0 (fn)
2026-09-23 17:06:10,296 INFO: Plan 0: ḡ=8.8, γE[v]=0.0, Q=8.8 (bayes)
2026-09-23 17:06:10,296 INFO: Plan 1: ḡ=8.8, γE[v]=0.0, Q=8.8 (bayes)
2026-09-23 17:06:10,296 INFO: Plan 2: ḡ=8.8, γE[v]=0.0, Q=8.8 (bayes)
2026-09-23 17:06:10,679 INFO: Plan 1: ḡ=11, γE[v]=0.0, Q=11.0 (fn)
2026-09-23 17:06:11,270 INFO: Plan 2: ḡ=18, γE[v]=0.0, Q=18.0 (fn)
2026-09-23 17:06:11,554 INFO: Plan 0: ḡ=4, γE[v]=0.0, Q=4.0 (fn)
2026-09-23 17:06:11,555 INFO: Plan 0: ḡ=1.8, γE[v]=5.0, Q=6.8 (bayes)
2026-09-23 17:06:11,555 INFO: Plan 1: ḡ=5.5, γE[v]=3.2, Q=8.7 (bayes)
2026-09-23 17:06:11,555 INFO: Plan 2: ḡ=9.0, γE[v]=1.4, Q=10.4 (bayes)
2026-09-23 17:06:14,647 INFO: Plan 0: ḡ=10, γE[v]=0.0, Q=10.0 (fn)
2026-09-23 17:06:16,981 INFO: Plan 2: ḡ=21, γE[v]=2.5, Q=23.5 (fn)
2026-09-23 17:06:18,349 INFO: Plan 2: ḡ=5, γE[v]=0.0, Q=5.0 (fn)
2026-09-23 17:06:18,915 INFO: Plan 0: ḡ=21, γE[v]=0.5, Q=21.5 (fn)
2026-09-23 17:06:18,957 INFO: Plan 1: ḡ=20, γE[v]=5.5, Q=25.5 (fn)
2026-09-23 17:06:18,957 INFO: Plan 0: ḡ=3.7, γE[v]=19.8, Q=23.5 (bayes)
2026-09-23 17:06:18,958 INFO: Plan 1: ḡ=5.1, γE[v]=19.5, Q=24.5 (bayes)
2026-09-23 17:06:18,958 INFO: Plan 2: ḡ=7.2, γE[v]=18.2, Q=25.4 (bayes)
2026-09-23 17:06:19,767 INFO: Plan 1: ḡ=7, γE[v]=0.5, Q=7.5 (fn)
2026-09-23 17:06:19,767 INFO: Plan 0: ḡ=6.7, γE[v]=2.2, Q=8.9 (bayes)
2026-09-23 17:06:19,768 INFO: Plan 1: ḡ=2.1, γE[v]=4.5, Q=6.6 (bayes)
2026-09-23 17:06:19,768 INFO: Plan 2: ḡ=2.5, γE[v]=4.3, Q=6.8 (bayes)
2026-09-23 17:06:21,149 INFO: Plan 2: ḡ=0, γE[v]=0.0, Q=0.0 (fn)
2026-09-23 17:06:21,349 INFO: Plan 0: ḡ=1, γE[v]=0.0, Q=1.0 (fn)
2026-09-23 17:06:22,100 INFO: Plan 0: ḡ=4, γE[v]=0.0, Q=4.0 (fn)
2026-09-23 17:06:22,319 INFO: Plan 2: ḡ=2, γE[v]=0.0, Q=2.0 (fn)
2026-09-23 17:06:23,393 INFO: Plan 1: ḡ=1, γE[v]=0.5, Q=1.5 (fn)
2026-09-23 17:06:23,393 INFO: Plan 0: ḡ=0.2, γE[v]=0.1, Q=0.2 (bayes)
2026-09-23 17:06:23,393 INFO: Plan 1: ḡ=0.2, γE[v]=0.1, Q=0.3 (bayes)
2026-09-23 17:06:23,393 INFO: Plan 2: ḡ=0.0, γE[v]=0.2, Q=0.2 (bayes)
2026-09-23 17:06:23,849 INFO: Plan 1: ḡ=7, γE[v]=3.0, Q=10.0 (fn)
2026-09-23 17:06:23,850 INFO: Plan 0: ḡ=1.0, γE[v]=1.1, Q=2.1 (bayes)
2026-09-23 17:06:23,850 INFO: Plan 1: ḡ=1.8, γE[v]=1.0, Q=2.7 (bayes)
2026-09-23 17:06:23,850 INFO: Plan 2: ḡ=0.5, γE[v]=1.4, Q=1.9 (bayes)
2026-09-23 17:06:25,606 INFO: Plan 0: ḡ=3, γE[v]=0.0, Q=3.0 (fn)
2026-09-23 17:06:26,578 INFO: Plan 1: ḡ=4, γE[v]=0.0, Q=4.0 (fn)
2026-09-23 17:06:26,754 INFO: Plan 0: ḡ=0, γE[v]=0.0, Q=0.0
2026-09-23 17:06:26,755 INFO: Plan 2: ḡ=4, γE[v]=0.0, Q=4.0 (fn)
2026-09-23 17:06:26,755 INFO: Plan 0: ḡ=0.4, γE[v]=0.3, Q=0.7 (bayes)
2026-09-23 17:06:26,756 INFO: Plan 1: ḡ=0.6, γE[v]=0.2, Q=0.8 (bayes)
2026-09-23 17:06:26,756 INFO: Plan 2: ḡ=0.6, γE[v]=0.2, Q=0.8 (bayes)
2026-09-23 17:06:26,913 INFO: Plan 1: ḡ=0, γE[v]=0.0, Q=0.0
2026-09-23 17:06:27,111 INFO: Plan 2: ḡ=10, γE[v]=20.0, Q=30.0
2026-09-23 17:06:27,754 INFO: Plan 1: ḡ=0, γE[v]=0.0, Q=0.0 (fn)
2026-09-23 17:06:29,341 INFO: Plan 1: ḡ=91, γE[v]=0.0, Q=91.0 (fn)
2026-09-23 17:06:29,342 INFO: Plan 0: ḡ=240, γE[v]=0.0, Q=240.0 (fn)
2026-09-23 17:06:30,068 INFO: Plan 1: ḡ=0, γE[v]=0.0, Q=0.0 (fn)
2026-09-23 17:06:30,107 INFO: Plan 2: ḡ=0, γE[v]=0.0, Q=0.0 (fn)
2026-09-23 17:06:30,635 INFO: Plan 0: ḡ=1, γE[v]=0.0, Q=1.0 (fn)
2026-09-23 17:06:30,636 INFO: Plan 0: ḡ=0.3, γE[v]=0.0, Q=0.3 (bayes)
2026-09-23 17:06:30,636 INFO: Plan 1: ḡ=0.0, γE[v]=0.2, Q=0.2 (bayes)
2026-09-23 17:06:30,636 INFO: Plan 2: ḡ=0.0, γE[v]=0.2, Q=0.2 (bayes)
2026-09-23 17:06:30,674 INFO: Plan 0: ḡ=0, γE[v]=0.0, Q=0.0 (fn)
2026-09-23 17:06:30,983 INFO: Plan 1: ḡ=0, γE[v]=0.0, Q=0.0 (fn)
2026-09-23 17:06:31,171 INFO: Plan 2: ḡ=0, γE[v]=0.0, Q=0.0 (fn)
2026-09-23 17:06:31,172 INFO: Plan 0: ḡ=0.0, γE[v]=0.0, Q=0.0 (bayes)
2026-09-23 17:06:31,172 INFO: Plan 1: ḡ=0.0, γE[v]=0.0, Q=0.0 (bayes)
2026-09-23 17:06:31,172 INFO: Plan 2: ḡ=0.0, γE[v]=0.0, Q=0.0 (bayes)
2026-09-23 17:06:31,622 INFO: Plan 0: ḡ=0, γE[v]=0.0, Q=0.0 (fn)
2026-09-23 17:06:31,861 INFO: Plan 2: ḡ=0, γE[v]=0.0, Q=0.0 (fn)
2026-09-23 17:06:31,861 INFO: Plan 0: ḡ=0.0, γE[v]=0.0, Q=0.0 (bayes)
2026-09-23 17:06:31,862 INFO: Plan 1: ḡ=0.0, γE[v]=0.0, Q=0.0 (bayes)
2026-09-23 17:06:31,862 INFO: Plan 2: ḡ=0.0, γE[v]=0.0, Q=0.0 (bayes)
2026-09-23 17:06:33,633 INFO: Plan 0: ḡ=3, γE[v]=0.0, Q=3.0 (fn)
2026-09-23 17:06:33,928 INFO: Plan 2: ḡ=3, γE[v]=0.0, Q=3.0 (fn)
2026-09-23 17:06:33,928 INFO: Plan 1: ḡ=3, γE[v]=0.0, Q=3.0 (fn)
2026-09-23 17:06:33,929 INFO: Plan 0: ḡ=0.6, γE[v]=0.0, Q=0.6 (bayes)
2026-09-23 17:06:33,929 INFO: Plan 1: ḡ=0.6, γE[v]=0.0, Q=0.6 (bayes)
2026-09-23 17:06:33,929 INFO: Plan 2: ḡ=0.6, γE[v]=0.0, Q=0.6 (bayes)
2026-09-23 17:06:35,679 INFO: Plan 0: ḡ=4, γE[v]=0.0, Q=4.0 (fn)
2026-09-23 17:06:35,719 INFO: Plan 2: ḡ=4, γE[v]=0.0, Q=4.0 (fn)
2026-09-23 17:06:36,034 INFO: Plan 1: ḡ=2, γE[v]=1.0, Q=3.0 (fn)
2026-09-23 17:06:36,035 INFO: Plan 0: ḡ=0.7, γE[v]=0.0, Q=0.7 (bayes)
2026-09-23 17:06:36,035 INFO: Plan 1: ḡ=0.3, γE[v]=0.3, Q=0.6 (bayes)
2026-09-23 17:06:36,035 INFO: Plan 2: ḡ=0.7, γE[v]=0.0, Q=0.7 (bayes)
2026-09-23 17:06:36,966 INFO: Plan 1: ḡ=12, γE[v]=10.0, Q=22.0
2026-09-23 17:06:36,966 INFO: Plan 0: ḡ=12, γE[v]=10.0, Q=22.0
2026-09-23 17:06:37,229 INFO: Plan 2: ḡ=12, γE[v]=7.5, Q=19.5
2026-09-23 17:06:37,269 INFO: Plan 0: ḡ=0, γE[v]=0.0, Q=0.0
2026-09-23 17:06:37,506 INFO: Plan 1: ḡ=10, γE[v]=20.0, Q=30.0
2026-09-23 17:06:37,816 INFO: Plan 2: ḡ=10, γE[v]=20.0, Q=30.0
2026-09-23 17:06:37,817 INFO: Plan 0: ḡ=30, γE[v]=0.0, Q=30.0 (fn)
2026-09-23 17:06:38,236 INFO: Plan 1: ḡ=31, γE[v]=0.0, Q=31.0 (fn)
2026-09-23 17:06:38,661 INFO: Plan 2: ḡ=53, γE[v]=0.0, Q=53.0 (fn)
2026-09-23 17:06:38,848 INFO: Plan 0: ḡ=15, γE[v]=0.0, Q=15.0 (fn)
2026-09-23 17:06:39,479 INFO: Plan 1: ḡ=14, γE[v]=0.0, Q=14.0 (fn)
2026-09-23 17:06:39,736 INFO: Plan 1: ḡ=36, γE[v]=0.0, Q=36.0 (fn)
2026-09-23 17:06:39,776 INFO: Plan 2: ḡ=3, γE[v]=0.0, Q=3.0 (fn)
2026-09-23 17:06:39,776 INFO: Plan 0: ḡ=3.8, γE[v]=3.9, Q=7.7 (bayes)
2026-09-23 17:06:39,776 INFO: Plan 1: ḡ=7.2, γE[v]=2.2, Q=9.4 (bayes)
2026-09-23 17:06:39,777 INFO: Plan 2: ḡ=0.6, γE[v]=5.5, Q=6.1 (bayes)
2026-09-23 17:06:39,942 INFO: Plan 2: ḡ=135, γE[v]=64.5, Q=199.5 (fn)
2026-09-23 17:06:40,173 INFO: Plan 0: ḡ=12, γE[v]=15.0, Q=27.0
2026-09-23 17:06:40,174 INFO: Plan 1: ḡ=164, γE[v]=51.0, Q=215.0 (fn)
2026-09-23 17:06:40,213 INFO: Plan 1: ḡ=10, γE[v]=20.0, Q=30.0
2026-09-23 17:06:40,214 INFO: Plan 2: ḡ=10, γE[v]=15.0, Q=25.0
2026-09-23 17:06:40,713 INFO: Plan 0: ḡ=73, γE[v]=0.0, Q=73.0 (fn)
2026-09-23 17:06:40,713 INFO: Plan 0: ḡ=22.4, γE[v]=42.9, Q=65.3 (bayes)
2026-09-23 17:06:40,713 INFO: Plan 1: ḡ=9.1, γE[v]=49.5, Q=58.6 (bayes)
2026-09-23 17:06:40,713 INFO: Plan 2: ḡ=10.4, γE[v]=48.9, Q=59.2 (bayes)
2026-09-23 17:06:41,073 INFO: Plan 0: ḡ=132, γE[v]=67.0, Q=199.0 (fn)
2026-09-23 17:06:41,074 INFO: Plan 0: ḡ=19.8, γE[v]=14.8, Q=34.5 (bayes)
2026-09-23 17:06:41,074 INFO: Plan 1: ḡ=24.2, γE[v]=11.3, Q=35.5 (bayes)
2026-09-23 17:06:41,074 INFO: Plan 2: ḡ=20.0, γE[v]=14.4, Q=34.5 (bayes)
2026-09-23 17:06:41,349 INFO: Plan 1: ḡ=0, γE[v]=0.0, Q=0.0
2026-09-23 17:06:41,392 INFO: Plan 0: ḡ=3, γE[v]=5.0, Q=8.0
2026-09-23 17:06:41,432 INFO: Plan 2: ḡ=0, γE[v]=0.0, Q=0.0
2026-09-23 17:06:41,433 INFO: Plan 0: ḡ=1, γE[v]=0.0, Q=1.0 (fn)
2026-09-23 17:06:41,714 INFO: Plan 1: ḡ=1, γE[v]=0.0, Q=1.0 (fn)
2026-09-23 17:06:41,748 INFO: Plan 2: ḡ=1, γE[v]=0.0, Q=1.0 (fn)
2026-09-23 17:06:41,748 INFO: Plan 0: ḡ=0.1, γE[v]=0.0, Q=0.1 (bayes)
2026-09-23 17:06:41,748 INFO: Plan 1: ḡ=0.1, γE[v]=0.0, Q=0.1 (bayes)
2026-09-23 17:06:41,748 INFO: Plan 2: ḡ=0.1, γE[v]=0.0, Q=0.1 (bayes)
2026-09-23 17:06:41,928 INFO: Plan 2: ḡ=132, γE[v]=0.0, Q=132.0 (fn)
2026-09-23 17:06:42,469 INFO: Plan 1: ḡ=0, γE[v]=0.0, Q=0.0
2026-09-23 17:06:42,550 INFO: Plan 0: ḡ=1, γE[v]=5.0, Q=6.0
2026-09-23 17:06:42,658 INFO: Plan 0: ḡ=27, γE[v]=0.0, Q=27.0 (fn)
2026-09-23 17:06:42,880 INFO: Plan 2: ḡ=0, γE[v]=0.0, Q=0.0
2026-09-23 17:06:43,068 INFO: Plan 2: ḡ=75, γE[v]=162.0, Q=237.0 (fn)
2026-09-23 17:06:43,069 INFO: Plan 0: ḡ=34.6, γE[v]=34.1, Q=68.7 (bayes)
2026-09-23 17:06:43,069 INFO: Plan 1: ḡ=24.7, γE[v]=39.1, Q=63.7 (bayes)
2026-09-23 17:06:43,069 INFO: Plan 2: ḡ=23.5, γE[v]=51.8, Q=75.4 (bayes)
2026-09-23 17:06:43,490 INFO: Plan 1: ḡ=29, γE[v]=0.0, Q=29.0 (fn)
2026-09-23 17:06:43,493 INFO: Plan 0: ḡ=9.0, γE[v]=8.4, Q=17.4 (bayes)
2026-09-23 17:06:43,493 INFO: Plan 1: ḡ=9.4, γE[v]=8.2, Q=17.6 (bayes)
2026-09-23 17:06:43,494 INFO: Plan 2: ḡ=16.5, γE[v]=4.6, Q=21.1 (bayes)
2026-09-23 17:06:44,359 INFO: Plan 0: ḡ=15, γE[v]=0.0, Q=15.0 (fn)
2026-09-23 17:06:44,519 INFO: Plan 1: ḡ=15, γE[v]=0.0, Q=15.0 (fn)
2026-09-23 17:06:44,793 INFO: Plan 2: ḡ=15, γE[v]=0.0, Q=15.0 (fn)
2026-09-23 17:06:44,793 INFO: Plan 0: ḡ=1.7, γE[v]=0.0, Q=1.7 (bayes)
2026-09-23 17:06:44,793 INFO: Plan 1: ḡ=1.7, γE[v]=0.0, Q=1.7 (bayes)
2026-09-23 17:06:44,793 INFO: Plan 2: ḡ=1.7, γE[v]=0.0, Q=1.7 (bayes)
2026-09-23 17:06:49,251 INFO: Plan 0: ḡ=0, γE[v]=0.0, Q=0.0
2026-09-23 17:06:49,252 INFO: Plan 2: ḡ=58, γE[v]=35.5, Q=93.5 (fn)
2026-09-23 17:06:49,253 INFO: Plan 0: ḡ=8.5, γE[v]=15.0, Q=23.5 (bayes)
2026-09-23 17:06:49,253 INFO: Plan 1: ḡ=4.8, γE[v]=16.8, Q=21.6 (bayes)
2026-09-23 17:06:49,253 INFO: Plan 2: ḡ=17.9, γE[v]=12.5, Q=30.5 (bayes)
2026-09-23 17:06:49,488 INFO: Plan 2: ḡ=0, γE[v]=0.0, Q=0.0
2026-09-23 17:06:49,488 INFO: Plan 1: ḡ=0, γE[v]=0.0, Q=0.0
2026-09-23 17:06:52,428 INFO: Plan 0: ḡ=30, γE[v]=0.0, Q=30.0 (fn)
2026-09-23 17:06:53,091 INFO: Plan 2: ḡ=84, γE[v]=0.0, Q=84.0 (fn)
2026-09-23 17:06:53,459 INFO: Plan 1: ḡ=46, γE[v]=0.0, Q=46.0 (fn)
2026-09-23 17:06:53,460 INFO: Plan 0: ḡ=14.7, γE[v]=20.2, Q=34.9 (bayes)
2026-09-23 17:06:53,460 INFO: Plan 1: ḡ=13.5, γE[v]=20.8, Q=34.3 (bayes)
2026-09-23 17:06:53,460 INFO: Plan 2: ḡ=26.0, γE[v]=14.5, Q=40.5 (bayes)
2026-09-23 17:06:59,898 INFO: Plan 0: ḡ=12, γE[v]=17.5, Q=29.5
2026-09-23 17:07:00,358 INFO: Plan 1: ḡ=12, γE[v]=17.5, Q=29.5
2026-09-23 17:07:00,740 INFO: Plan 2: ḡ=12, γE[v]=17.5, Q=29.5
2026-09-23 17:07:04,566 INFO: Plan 0: ḡ=7, γE[v]=0.0, Q=7.0 (fn)
2026-09-23 17:07:04,880 INFO: Plan 1: ḡ=11, γE[v]=0.0, Q=11.0 (fn)
2026-09-23 17:07:04,918 INFO: Plan 0: ḡ=7, γE[v]=0.0, Q=7.0 (fn)
2026-09-23 17:07:05,580 INFO: Plan 2: ḡ=0, γE[v]=0.0, Q=0.0
2026-09-23 17:07:05,619 INFO: Plan 0: ḡ=0, γE[v]=0.0, Q=0.0 (fn)
2026-09-23 17:07:05,940 INFO: Plan 2: ḡ=4, γE[v]=0.0, Q=4.0 (fn)
2026-09-23 17:07:05,980 INFO: Plan 0: ḡ=6, γE[v]=5.0, Q=11.0
2026-09-23 17:07:05,980 INFO: Plan 1: ḡ=0, γE[v]=0.0, Q=0.0 (fn)
2026-09-23 17:07:06,112 INFO: Plan 2: ḡ=0, γE[v]=0.0, Q=0.0 (fn)
2026-09-23 17:07:06,243 INFO: Plan 1: ḡ=12, γE[v]=4.0, Q=16.0
2026-09-23 17:07:06,679 INFO: Plan 0: ḡ=0, γE[v]=0.0, Q=0.0 (fn)
2026-09-23 17:07:06,720 INFO: Plan 1: ḡ=0, γE[v]=0.0, Q=0.0 (fn)
2026-09-23 17:07:06,720 INFO: Plan 0: ḡ=0.0, γE[v]=0.0, Q=0.0 (bayes)
2026-09-23 17:07:06,721 INFO: Plan 1: ḡ=0.0, γE[v]=0.0, Q=0.0 (bayes)
2026-09-23 17:07:06,721 INFO: Plan 2: ḡ=0.0, γE[v]=0.0, Q=0.0 (bayes)
2026-09-23 17:07:07,019 INFO: Plan 1: ḡ=10, γE[v]=0.0, Q=10.0 (fn)
2026-09-23 17:07:07,019 INFO: Plan 0: ḡ=0, γE[v]=0.0, Q=0.0 (fn)
2026-09-23 17:07:07,020 INFO: Plan 0: ḡ=1.7, γE[v]=1.2, Q=2.9 (bayes)
2026-09-23 17:07:07,020 INFO: Plan 1: ḡ=2.5, γE[v]=0.8, Q=3.3 (bayes)
2026-09-23 17:07:07,020 INFO: Plan 2: ḡ=1.0, γE[v]=1.6, Q=2.6 (bayes)
2026-09-23 17:07:07,490 INFO: Plan 2: ḡ=0, γE[v]=0.0, Q=0.0 (fn)
2026-09-23 17:07:07,490 INFO: Plan 1: ḡ=0, γE[v]=0.0, Q=0.0 (fn)
2026-09-23 17:07:07,491 INFO: Plan 0: ḡ=0.0, γE[v]=0.0, Q=0.0 (bayes)
2026-09-23 17:07:07,491 INFO: Plan 1: ḡ=0.0, γE[v]=0.0, Q=0.0 (bayes)
2026-09-23 17:07:07,491 INFO: Plan 2: ḡ=0.0, γE[v]=0.0, Q=0.0 (bayes)
2026-09-23 17:07:07,801 INFO: Plan 2: ḡ=0, γE[v]=0.0, Q=0.0 (fn)
2026-09-23 17:07:07,801 INFO: Plan 0: ḡ=0.0, γE[v]=0.0, Q=0.0 (bayes)
2026-09-23 17:07:07,801 INFO: Plan 1: ḡ=0.0, γE[v]=0.0, Q=0.0 (bayes)
2026-09-23 17:07:07,801 INFO: Plan 2: ḡ=0.0, γE[v]=0.0, Q=0.0 (bayes)
2026-09-23 17:07:07,975 INFO: Plan 2: ḡ=27, γE[v]=0.0, Q=27.0 (fn)
2026-09-23 17:07:07,975 INFO: Plan 0: ḡ=2.3, γE[v]=56.6, Q=59.0 (bayes)
2026-09-23 17:07:07,975 INFO: Plan 1: ḡ=4.2, γE[v]=55.7, Q=59.9 (bayes)
2026-09-23 17:07:07,975 INFO: Plan 2: ḡ=6.1, γE[v]=54.8, Q=60.8 (bayes)
2026-09-23 17:07:08,213 INFO: Plan 0: ḡ=0, γE[v]=0.0, Q=0.0 (fn)
2026-09-23 17:07:08,214 INFO: Plan 1: ḡ=0, γE[v]=0.0, Q=0.0 (fn)
2026-09-23 17:07:08,580 INFO: Plan 2: ḡ=0, γE[v]=0.0, Q=0.0 (fn)
2026-09-23 17:07:08,580 INFO: Plan 0: ḡ=0.0, γE[v]=0.0, Q=0.0 (bayes)
2026-09-23 17:07:08,580 INFO: Plan 1: ḡ=0.0, γE[v]=0.0, Q=0.0 (bayes)
2026-09-23 17:07:08,580 INFO: Plan 2: ḡ=0.0, γE[v]=0.0, Q=0.0 (bayes)
2026-09-23 17:07:08,618 INFO: Plan 1: ḡ=0, γE[v]=0.0, Q=0.0 (fn)
2026-09-23 17:07:08,619 INFO: Plan 0: ḡ=0, γE[v]=0.0, Q=0.0 (fn)
2026-09-23 17:07:08,945 INFO: Plan 2: ḡ=0, γE[v]=0.0, Q=0.0 (fn)
2026-09-23 17:07:08,946 INFO: Plan 0: ḡ=0.0, γE[v]=0.0, Q=0.0 (bayes)
2026-09-23 17:07:08,946 INFO: Plan 1: ḡ=0.0, γE[v]=0.0, Q=0.0 (bayes)
2026-09-23 17:07:08,946 INFO: Plan 2: ḡ=0.0, γE[v]=0.0, Q=0.0 (bayes)
2026-09-23 17:07:09,326 INFO: Plan 0: ḡ=0, γE[v]=0.0, Q=0.0
2026-09-23 17:07:09,327 INFO: Plan 1: ḡ=0, γE[v]=0.0, Q=0.0
2026-09-23 17:07:09,366 INFO: Plan 2: ḡ=0, γE[v]=0.0, Q=0.0
2026-09-23 17:07:10,591 INFO: Plan 2: ḡ=4, γE[v]=0.0, Q=4.0 (fn)
2026-09-23 17:07:10,631 INFO: Plan 0: ḡ=9, γE[v]=0.0, Q=9.0 (fn)
2026-09-23 17:07:10,820 INFO: Plan 1: ḡ=8, γE[v]=0.0, Q=8.0 (fn)
2026-09-23 17:07:10,820 INFO: Plan 0: ḡ=4.3, γE[v]=2.0, Q=6.3 (bayes)
2026-09-23 17:07:10,820 INFO: Plan 1: ḡ=2.7, γE[v]=2.8, Q=5.5 (bayes)
2026-09-23 17:07:10,820 INFO: Plan 2: ḡ=1.3, γE[v]=3.5, Q=4.8 (bayes)
2026-09-23 17:07:11,128 INFO: Plan 1: ḡ=27, γE[v]=0.0, Q=27.0 (fn)
2026-09-23 17:07:11,167 INFO: Plan 1: ḡ=25, γE[v]=7.5, Q=32.5
2026-09-23 17:07:11,454 INFO: Plan 0: ḡ=12, γE[v]=10.0, Q=22.0
2026-09-23 17:07:11,627 INFO: Plan 2: ḡ=0, γE[v]=0.0, Q=0.0
2026-09-23 17:07:11,882 INFO: Plan 0: ḡ=12, γE[v]=7.5, Q=19.5
2026-09-23 17:07:11,922 INFO: Plan 1: ḡ=12, γE[v]=7.5, Q=19.5
2026-09-23 17:07:11,964 INFO: Plan 2: ḡ=12, γE[v]=10.0, Q=22.0
2026-09-23 17:07:12,237 INFO: Plan 0: ḡ=146, γE[v]=0.0, Q=146.0 (fn)
2026-09-23 17:07:12,654 INFO: Plan 2: ḡ=30, γE[v]=0.0, Q=30.0 (fn)
2026-09-23 17:07:12,655 INFO: Plan 0: ḡ=39.7, γE[v]=53.8, Q=93.5 (bayes)
2026-09-23 17:07:12,655 INFO: Plan 1: ḡ=9.5, γE[v]=68.9, Q=78.4 (bayes)
2026-09-23 17:07:12,655 INFO: Plan 2: ḡ=11.6, γE[v]=67.9, Q=79.4 (bayes)
2026-09-23 17:07:15,996 INFO: Plan 2: ḡ=2, γE[v]=0.0, Q=2.0 (fn)
2026-09-23 17:07:15,997 INFO: Plan 1: ḡ=2, γE[v]=0.0, Q=2.0 (fn)
2026-09-23 17:07:17,188 INFO: Plan 0: ḡ=1, γE[v]=0.5, Q=1.5 (fn)
2026-09-23 17:07:17,189 INFO: Plan 0: ḡ=0.1, γE[v]=0.1, Q=0.2 (bayes)
2026-09-23 17:07:17,191 INFO: Plan 1: ḡ=0.3, γE[v]=0.0, Q=0.3 (bayes)
2026-09-23 17:07:17,194 INFO: Plan 2: ḡ=0.3, γE[v]=0.0, Q=0.3 (bayes)
2026-09-23 17:07:17,223 INFO: Plan 1: ḡ=12, γE[v]=17.5, Q=29.5
2026-09-23 17:07:17,727 INFO: Plan 2: ḡ=0, γE[v]=0.0, Q=0.0
2026-09-23 17:07:17,944 INFO: Plan 0: ḡ=12, γE[v]=17.5, Q=29.5
2026-09-23 17:07:24,737 INFO: Plan 1: ḡ=0, γE[v]=0.0, Q=0.0
2026-09-23 17:07:24,738 INFO: Plan 0: ḡ=0, γE[v]=0.0, Q=0.0
2026-09-23 17:07:24,739 INFO: Plan 2: ḡ=0, γE[v]=0.0, Q=0.0
2026-09-23 17:07:25,288 INFO: Plan 0: ḡ=0, γE[v]=0.0, Q=0.0
2026-09-23 17:07:25,289 INFO: Plan 1: ḡ=0, γE[v]=0.0, Q=0.0
2026-09-23 17:07:25,328 INFO: Plan 2: ḡ=12, γE[v]=15.0, Q=27.0
2026-09-23 17:07:25,329 INFO: Plan 1: ḡ=12, γE[v]=15.0, Q=27.0
2026-09-23 17:07:25,330 INFO: Plan 0: ḡ=12, γE[v]=17.5, Q=29.5
2026-09-23 17:07:25,469 INFO: Plan 2: ḡ=0, γE[v]=0.0, Q=0.0
2026-09-23 17:07:26,415 INFO: Plan 0: ḡ=10, γE[v]=0.0, Q=10.0 (fn)
2026-09-23 17:07:26,965 INFO: Plan 0: ḡ=0, γE[v]=0.0, Q=0.0 (fn)
2026-09-23 17:07:27,092 INFO: Plan 1: ḡ=0, γE[v]=0.0, Q=0.0 (fn)
2026-09-23 17:07:27,224 INFO: Plan 2: ḡ=0, γE[v]=0.0, Q=0.0 (fn)
2026-09-23 17:07:27,225 INFO: Plan 0: ḡ=0.0, γE[v]=0.0, Q=0.0 (bayes)
2026-09-23 17:07:27,225 INFO: Plan 1: ḡ=0.0, γE[v]=0.0, Q=0.0 (bayes)
2026-09-23 17:07:27,225 INFO: Plan 2: ḡ=0.0, γE[v]=0.0, Q=0.0 (bayes)
2026-09-23 17:07:27,523 INFO: Plan 0: ḡ=0, γE[v]=0.0, Q=0.0
2026-09-23 17:07:27,567 INFO: Plan 2: ḡ=0, γE[v]=0.0, Q=0.0
2026-09-23 17:07:27,567 INFO: Plan 1: ḡ=0, γE[v]=0.0, Q=0.0
2026-09-23 17:07:28,317 INFO: Plan 0: ḡ=19, γE[v]=0.0, Q=19.0 (fn)
2026-09-23 17:07:28,355 INFO: Plan 2: ḡ=9, γE[v]=0.0, Q=9.0 (fn)
2026-09-23 17:07:29,039 INFO: Plan 2: ḡ=0, γE[v]=0.0, Q=0.0 (fn)
2026-09-23 17:07:29,336 INFO: Plan 0: ḡ=4, γE[v]=0.0, Q=4.0 (fn)
2026-09-23 17:07:29,336 INFO: Plan 1: ḡ=7, γE[v]=0.0, Q=7.0 (fn)
2026-09-23 17:07:29,337 INFO: Plan 0: ḡ=0.8, γE[v]=0.7, Q=1.5 (bayes)
2026-09-23 17:07:29,337 INFO: Plan 1: ḡ=1.4, γE[v]=0.4, Q=1.8 (bayes)
2026-09-23 17:07:29,337 INFO: Plan 2: ḡ=0.0, γE[v]=1.1, Q=1.1 (bayes)
2026-09-23 17:07:29,850 INFO: Plan 1: ḡ=53, γE[v]=0.0, Q=53.0 (fn)
2026-09-23 17:07:30,188 INFO: Plan 2: ḡ=53, γE[v]=0.0, Q=53.0 (fn)
2026-09-23 17:07:30,986 INFO: Plan 1: ḡ=20, γE[v]=5.5, Q=25.5 (fn)
2026-09-23 17:07:31,023 INFO: Plan 0: ḡ=32, γE[v]=10.5, Q=42.5 (fn)
2026-09-23 17:07:31,024 INFO: Plan 0: ḡ=4.6, γE[v]=2.3, Q=6.9 (bayes)
2026-09-23 17:07:31,024 INFO: Plan 1: ḡ=7.6, γE[v]=0.0, Q=7.6 (bayes)
2026-09-23 17:07:31,024 INFO: Plan 2: ḡ=7.6, γE[v]=0.0, Q=7.6 (bayes)
2026-09-23 17:07:32,138 INFO: Plan 0: ḡ=0, γE[v]=0.0, Q=0.0 (fn)
2026-09-23 17:07:32,960 INFO: Plan 1: ḡ=43, γE[v]=11.5, Q=54.5 (fn)
2026-09-23 17:07:32,960 INFO: Plan 0: ḡ=3.9, γE[v]=4.5, Q=8.4 (bayes)
2026-09-23 17:07:32,961 INFO: Plan 1: ḡ=7.0, γE[v]=3.8, Q=10.8 (bayes)
2026-09-23 17:07:32,961 INFO: Plan 2: ḡ=2.2, γE[v]=5.4, Q=7.6 (bayes)
2026-09-23 17:07:33,160 INFO: Plan 2: ḡ=0, γE[v]=0.0, Q=0.0 (fn)
2026-09-23 17:07:33,161 INFO: Plan 1: ḡ=0, γE[v]=0.0, Q=0.0
2026-09-23 17:07:33,162 INFO: Plan 2: ḡ=0, γE[v]=0.0, Q=0.0
2026-09-23 17:07:33,373 INFO: Plan 0: ḡ=10, γE[v]=7.5, Q=17.5
2026-09-23 17:07:33,415 INFO: Plan 2: ḡ=21, γE[v]=8.5, Q=29.5 (fn)
2026-09-23 17:07:33,416 INFO: Plan 0: ḡ=3.7, γE[v]=18.4, Q=22.1 (bayes)
2026-09-23 17:07:33,416 INFO: Plan 1: ḡ=5.1, γE[v]=18.1, Q=23.2 (bayes)
2026-09-23 17:07:33,416 INFO: Plan 2: ḡ=5.2, γE[v]=18.1, Q=23.4 (bayes)
2026-09-23 17:07:34,266 INFO: Plan 0: ḡ=0, γE[v]=0.0, Q=0.0 (fn)
2026-09-23 17:07:34,267 INFO: Plan 0: ḡ=13, γE[v]=19.5, Q=32.5 (fn)
2026-09-23 17:07:34,305 INFO: Plan 1: ḡ=0, γE[v]=0.0, Q=0.0 (fn)
2026-09-23 17:07:34,306 INFO: Plan 0: ḡ=0.0, γE[v]=0.0, Q=0.0 (bayes)
2026-09-23 17:07:34,306 INFO: Plan 1: ḡ=0.0, γE[v]=0.0, Q=0.0 (bayes)
2026-09-23 17:07:34,306 INFO: Plan 2: ḡ=0.0, γE[v]=0.0, Q=0.0 (bayes)
2026-09-23 17:07:34,415 INFO: Plan 2: ḡ=0, γE[v]=0.0, Q=0.0 (fn)
2026-09-23 17:07:34,416 INFO: Plan 1: ḡ=0, γE[v]=0.0, Q=0.0 (fn)
2026-09-23 17:07:34,416 INFO: Plan 0: ḡ=0.0, γE[v]=0.0, Q=0.0 (bayes)
2026-09-23 17:07:34,416 INFO: Plan 1: ḡ=0.0, γE[v]=0.0, Q=0.0 (bayes)
2026-09-23 17:07:34,416 INFO: Plan 2: ḡ=0.0, γE[v]=0.0, Q=0.0 (bayes)
2026-09-23 17:07:35,481 INFO: Plan 0: ḡ=12, γE[v]=17.5, Q=29.5
2026-09-23 17:07:35,482 INFO: Plan 1: ḡ=12, γE[v]=15.0, Q=27.0
2026-09-23 17:07:35,710 INFO: Plan 2: ḡ=12, γE[v]=10.0, Q=22.0
2026-09-23 17:07:35,711 INFO: Plan 0: ḡ=15, γE[v]=0.0, Q=15.0 (fn)
2026-09-23 17:07:36,294 INFO: Plan 1: ḡ=36, γE[v]=0.0, Q=36.0 (fn)
2026-09-23 17:07:36,635 INFO: Plan 2: ḡ=3, γE[v]=0.0, Q=3.0 (fn)
2026-09-23 17:07:36,635 INFO: Plan 0: ḡ=3.8, γE[v]=3.3, Q=7.0 (bayes)
2026-09-23 17:07:36,635 INFO: Plan 1: ḡ=6.0, γE[v]=2.2, Q=8.2 (bayes)
2026-09-23 17:07:36,635 INFO: Plan 2: ḡ=0.6, γE[v]=4.9, Q=5.5 (bayes)
2026-09-23 17:07:38,285 INFO: Plan 2: ḡ=62, γE[v]=34.0, Q=96.0 (fn)
2026-09-23 17:07:39,328 INFO: Plan 1: ḡ=20, γE[v]=15.0, Q=35.0
2026-09-23 17:07:39,329 INFO: Plan 2: ḡ=15, γE[v]=15.0, Q=30.0
2026-09-23 17:07:39,329 INFO: Plan 0: ḡ=20, γE[v]=7.5, Q=27.5
2026-09-23 17:07:40,236 INFO: Plan 1: ḡ=12, γE[v]=7.5, Q=19.5
2026-09-23 17:07:40,517 INFO: Plan 0: ḡ=12, γE[v]=7.5, Q=19.5
2026-09-23 17:07:40,517 INFO: Plan 2: ḡ=12, γE[v]=10.0, Q=22.0
2026-09-23 17:07:42,128 INFO: Plan 1: ḡ=33, γE[v]=71.5, Q=104.5 (fn)
2026-09-23 17:07:42,128 INFO: Plan 0: ḡ=2.2, γE[v]=15.5, Q=17.6 (bayes)
2026-09-23 17:07:42,128 INFO: Plan 1: ḡ=5.5, γE[v]=17.7, Q=23.2 (bayes)
2026-09-23 17:07:42,128 INFO: Plan 2: ḡ=10.3, γE[v]=12.5, Q=22.8 (bayes)
2026-09-23 17:07:48,159 INFO: Plan 0: ḡ=1, γE[v]=0.0, Q=1.0
2026-09-23 17:07:48,241 INFO: Plan 1: ḡ=0, γE[v]=0.0, Q=0.0
2026-09-23 17:07:48,241 INFO: Plan 2: ḡ=0, γE[v]=0.0, Q=0.0
2026-09-23 17:07:48,469 INFO: Plan 1: ḡ=164, γE[v]=51.0, Q=215.0 (fn)
2026-09-23 17:07:48,508 INFO: Plan 0: ḡ=132, γE[v]=67.0, Q=199.0 (fn)
2026-09-23 17:07:48,843 INFO: Plan 2: ḡ=135, γE[v]=65.5, Q=200.5 (fn)
2026-09-23 17:07:48,844 INFO: Plan 0: ḡ=17.2, γE[v]=13.7, Q=30.8 (bayes)
2026-09-23 17:07:48,844 INFO: Plan 1: ḡ=21.1, γE[v]=10.5, Q=31.5 (bayes)
2026-09-23 17:07:48,844 INFO: Plan 2: ḡ=17.4, γE[v]=13.4, Q=30.9 (bayes)
2026-09-23 17:07:49,839 INFO: Plan 0: ḡ=10, γE[v]=15.0, Q=25.0
2026-09-23 17:07:50,071 INFO: Plan 1: ḡ=12, γE[v]=7.5, Q=19.5
2026-09-23 17:07:50,721 INFO: Plan 2: ḡ=10, γE[v]=15.0, Q=25.0
2026-09-23 17:07:54,947 INFO: Plan 2: ḡ=131, γE[v]=0.0, Q=131.0 (fn)
2026-09-23 17:07:55,189 INFO: Plan 0: ḡ=27, γE[v]=0.0, Q=27.0 (fn)
2026-09-23 17:07:55,667 INFO: Plan 0: ḡ=0, γE[v]=0.0, Q=0.0
2026-09-23 17:07:55,668 INFO: Plan 2: ḡ=0, γE[v]=0.0, Q=0.0
2026-09-23 17:07:55,669 INFO: Plan 1: ḡ=0, γE[v]=0.0, Q=0.0
2026-09-23 17:07:56,501 INFO: Plan 1: ḡ=28, γE[v]=0.0, Q=28.0 (fn)
2026-09-23 17:07:56,502 INFO: Plan 0: ḡ=9.0, γE[v]=7.4, Q=16.4 (bayes)
2026-09-23 17:07:56,502 INFO: Plan 1: ḡ=9.2, γE[v]=7.3, Q=16.5 (bayes)
2026-09-23 17:07:56,502 INFO: Plan 2: ḡ=14.6, γE[v]=4.6, Q=19.2 (bayes)
2026-09-23 17:07:57,643 INFO: Plan 0: ḡ=0, γE[v]=0.0, Q=0.0
2026-09-23 17:07:58,115 INFO: Plan 1: ḡ=0, γE[v]=0.0, Q=0.0
2026-09-23 17:07:58,153 INFO: Plan 2: ḡ=6, γE[v]=6.0, Q=12.0
2026-09-23 17:07:59,327 INFO: Plan 0: ḡ=60, γE[v]=0.0, Q=60.0 (fn)
2026-09-23 17:07:59,370 INFO: Plan 1: ḡ=64, γE[v]=0.0, Q=64.0 (fn)
2026-09-23 17:07:59,913 INFO: Plan 2: ḡ=47, γE[v]=0.0, Q=47.0 (fn)
2026-09-23 17:07:59,913 INFO: Plan 0: ḡ=17.0, γE[v]=38.9, Q=55.9 (bayes)
2026-09-23 17:07:59,913 INFO: Plan 1: ḡ=21.3, γE[v]=36.8, Q=58.1 (bayes)
2026-09-23 17:07:59,913 INFO: Plan 2: ḡ=14.2, γE[v]=40.4, Q=54.5 (bayes)
2026-09-23 17:08:01,004 INFO: Plan 1: ḡ=46, γE[v]=0.0, Q=46.0 (fn)
2026-09-23 17:08:01,324 INFO: Plan 0: ḡ=4, γE[v]=0.0, Q=4.0 (fn)
2026-09-23 17:08:01,324 INFO: Plan 1: ḡ=4, γE[v]=0.0, Q=4.0 (fn)
2026-09-23 17:08:01,857 INFO: Plan 2: ḡ=4, γE[v]=0.0, Q=4.0 (fn)
2026-09-23 17:08:01,857 INFO: Plan 0: ḡ=1.3, γE[v]=1.3, Q=2.7 (bayes)
2026-09-23 17:08:01,857 INFO: Plan 1: ḡ=1.3, γE[v]=1.3, Q=2.7 (bayes)
2026-09-23 17:08:01,858 INFO: Plan 2: ḡ=1.3, γE[v]=1.3, Q=2.7 (bayes)
2026-09-23 17:08:02,002 INFO: Plan 0: ḡ=240, γE[v]=0.0, Q=240.0 (fn)
2026-09-23 17:08:02,281 INFO: Plan 1: ḡ=0, γE[v]=0.0, Q=0.0
2026-09-23 17:08:02,322 INFO: Plan 0: ḡ=10, γE[v]=20.0, Q=30.0
2026-09-23 17:08:02,362 INFO: Plan 2: ḡ=0, γE[v]=0.0, Q=0.0
2026-09-23 17:08:02,362 INFO: Plan 0: ḡ=10, γE[v]=7.5, Q=17.5
2026-09-23 17:08:02,537 INFO: Plan 2: ḡ=0, γE[v]=0.0, Q=0.0
2026-09-23 17:08:02,537 INFO: Plan 1: ḡ=5, γE[v]=7.5, Q=12.5
2026-09-23 17:08:02,882 INFO: Plan 1: ḡ=12, γE[v]=10.0, Q=22.0
2026-09-23 17:08:02,883 INFO: Plan 2: ḡ=35, γE[v]=7.5, Q=42.5
2026-09-23 17:08:02,884 INFO: Plan 0: ḡ=12, γE[v]=17.5, Q=29.5
2026-09-23 17:08:03,224 INFO: Plan 0: ḡ=0, γE[v]=0.0, Q=0.0
2026-09-23 17:08:03,267 INFO: Plan 2: ḡ=0, γE[v]=0.0, Q=0.0
2026-09-23 17:08:03,267 INFO: Plan 1: ḡ=0, γE[v]=0.0, Q=0.0
2026-09-23 17:08:05,589 INFO: Plan 0: ḡ=32, γE[v]=0.0, Q=32.0 (fn)
2026-09-23 17:08:07,822 INFO: Plan 2: ḡ=12, γE[v]=17.5, Q=29.5
2026-09-23 17:08:07,823 INFO: Plan 1: ḡ=30, γE[v]=20.0, Q=50.0
2026-09-23 17:08:07,823 INFO: Plan 0: ḡ=25, γE[v]=10.0, Q=35.0
2026-09-23 17:08:08,228 INFO: Plan 1: ḡ=42, γE[v]=1.0, Q=43.0 (fn)
2026-09-23 17:08:08,596 INFO: Plan 0: ḡ=7, γE[v]=0.0, Q=7.0 (fn)
2026-09-23 17:08:08,725 INFO: Plan 2: ḡ=4, γE[v]=0.0, Q=4.0 (fn)
2026-09-23 17:08:08,726 INFO: Plan 2: ḡ=24, γE[v]=0.0, Q=24.0 (fn)
2026-09-23 17:08:08,727 INFO: Plan 0: ḡ=7.2, γE[v]=7.4, Q=14.6 (bayes)
2026-09-23 17:08:08,727 INFO: Plan 1: ḡ=9.0, γE[v]=6.5, Q=15.6 (bayes)
2026-09-23 17:08:08,727 INFO: Plan 2: ḡ=6.0, γE[v]=8.0, Q=14.0 (bayes)
2026-09-23 17:08:08,933 INFO: Plan 2: ḡ=396, γE[v]=4.5, Q=400.5 (fn)
2026-09-23 17:08:08,934 INFO: Plan 0: ḡ=30.3, γE[v]=18.8, Q=49.1 (bayes)
2026-09-23 17:08:08,934 INFO: Plan 1: ḡ=9.7, γE[v]=29.1, Q=38.8 (bayes)
2026-09-23 17:08:08,934 INFO: Plan 2: ḡ=66.7, γE[v]=1.0, Q=67.7 (bayes)
2026-09-23 17:08:09,561 INFO: Plan 2: ḡ=0, γE[v]=0.0, Q=0.0
2026-09-23 17:08:09,562 INFO: Plan 1: ḡ=0, γE[v]=0.0, Q=0.0
2026-09-23 17:08:09,598 INFO: Plan 1: ḡ=10, γE[v]=0.0, Q=10.0 (fn)
2026-09-23 17:08:09,599 INFO: Plan 0: ḡ=1.7, γE[v]=1.0, Q=2.7 (bayes)
2026-09-23 17:08:09,599 INFO: Plan 1: ḡ=2.0, γE[v]=0.8, Q=2.8 (bayes)
2026-09-23 17:08:09,599 INFO: Plan 2: ḡ=0.8, γE[v]=1.4, Q=2.2 (bayes)
2026-09-23 17:08:09,664 INFO: Plan 0: ḡ=10, γE[v]=15.0, Q=25.0
2026-09-23 17:08:10,064 INFO: Plan 1: ḡ=12, γE[v]=7.5, Q=19.5
2026-09-23 17:08:10,064 INFO: Plan 0: ḡ=12, γE[v]=7.5, Q=19.5
2026-09-23 17:08:10,273 INFO: Plan 2: ḡ=12, γE[v]=7.5, Q=19.5
2026-09-23 17:08:10,530 INFO: Plan 0: ḡ=8, γE[v]=0.0, Q=8.0 (fn)
2026-09-23 17:08:12,084 INFO: Plan 0: ḡ=0, γE[v]=15.0, Q=15.0
2026-09-23 17:08:12,085 INFO: Plan 2: ḡ=6, γE[v]=6.0, Q=12.0
2026-09-23 17:08:12,124 INFO: Plan 1: ḡ=12, γE[v]=7.5, Q=19.5
2026-09-23 17:08:14,228 INFO: Plan 0: ḡ=0, γE[v]=0.0, Q=0.0 (fn)
2026-09-23 17:08:14,881 INFO: Plan 2: ḡ=0, γE[v]=0.0, Q=0.0 (fn)
2026-09-23 17:08:14,923 INFO: Plan 2: ḡ=0, γE[v]=0.0, Q=0.0
2026-09-23 17:08:15,112 INFO: Plan 1: ḡ=35, γE[v]=5.0, Q=40.0
2026-09-23 17:08:15,113 INFO: Plan 0: ḡ=12, γE[v]=7.5, Q=19.5
2026-09-23 17:08:15,486 INFO: Plan 0: ḡ=12, γE[v]=10.0, Q=22.0
2026-09-23 17:08:15,527 INFO: Plan 2: ḡ=6, γE[v]=6.0, Q=12.0
2026-09-23 17:08:15,566 INFO: Plan 1: ḡ=12, γE[v]=10.0, Q=22.0
2026-09-23 17:08:16,041 INFO: Plan 1: ḡ=0, γE[v]=0.0, Q=0.0 (fn)
2026-09-23 17:08:16,042 INFO: Plan 0: ḡ=0.0, γE[v]=0.0, Q=0.0 (bayes)
2026-09-23 17:08:16,042 INFO: Plan 1: ḡ=0.0, γE[v]=0.0, Q=0.0 (bayes)
2026-09-23 17:08:16,042 INFO: Plan 2: ḡ=0.0, γE[v]=0.0, Q=0.0 (bayes)
2026-09-23 17:08:16,673 INFO: Plan 0: ḡ=0, γE[v]=0.0, Q=0.0
2026-09-23 17:08:16,674 INFO: Plan 1: ḡ=0, γE[v]=0.0, Q=0.0
2026-09-23 17:08:16,902 INFO: Plan 2: ḡ=12, γE[v]=17.5, Q=29.5
2026-09-23 17:08:17,790 INFO: Plan 2: ḡ=30, γE[v]=26.0, Q=56.0 (fn)
2026-09-23 17:08:20,733 INFO: Plan 1: ḡ=0, γE[v]=0.0, Q=0.0 (fn)
2026-09-23 17:08:20,907 INFO: Plan 0: ḡ=0, γE[v]=0.0, Q=0.0 (fn)
2026-09-23 17:08:21,120 INFO: Plan 2: ḡ=0, γE[v]=0.0, Q=0.0 (fn)
2026-09-23 17:08:21,121 INFO: Plan 0: ḡ=0.0, γE[v]=0.0, Q=0.0 (bayes)
2026-09-23 17:08:21,121 INFO: Plan 1: ḡ=0.0, γE[v]=0.0, Q=0.0 (bayes)
2026-09-23 17:08:21,121 INFO: Plan 2: ḡ=0.0, γE[v]=0.0, Q=0.0 (bayes)
2026-09-23 17:08:21,165 INFO: Plan 1: ḡ=17, γE[v]=10.0, Q=27.0 (fn)
2026-09-23 17:08:21,166 INFO: Plan 0: ḡ=2.8, γE[v]=54.4, Q=57.2 (bayes)
2026-09-23 17:08:21,166 INFO: Plan 1: ḡ=7.2, γE[v]=52.7, Q=59.8 (bayes)
2026-09-23 17:08:21,166 INFO: Plan 2: ḡ=8.1, γE[v]=52.9, Q=61.0 (bayes)
2026-09-23 17:08:21,419 INFO: Plan 1: ḡ=0, γE[v]=0.0, Q=0.0 (fn)
2026-09-23 17:08:21,890 INFO: Plan 0: ḡ=0, γE[v]=0.0, Q=0.0 (fn)
2026-09-23 17:08:22,165 INFO: Plan 2: ḡ=0, γE[v]=0.0, Q=0.0 (fn)
2026-09-23 17:08:22,166 INFO: Plan 0: ḡ=0.0, γE[v]=0.0, Q=0.0 (bayes)
2026-09-23 17:08:22,166 INFO: Plan 1: ḡ=0.0, γE[v]=0.0, Q=0.0 (bayes)
2026-09-23 17:08:22,166 INFO: Plan 2: ḡ=0.0, γE[v]=0.0, Q=0.0 (bayes)
2026-09-23 17:08:27,378 INFO: Plan 0: ḡ=0, γE[v]=0.0, Q=0.0 (fn)
2026-09-23 17:08:28,213 INFO: Plan 1: ḡ=0, γE[v]=0.0, Q=0.0 (fn)
2026-09-23 17:08:28,752 INFO: Plan 2: ḡ=0, γE[v]=0.0, Q=0.0 (fn)
2026-09-23 17:08:28,752 INFO: Plan 0: ḡ=0.0, γE[v]=0.0, Q=0.0 (bayes)
2026-09-23 17:08:28,752 INFO: Plan 1: ḡ=0.0, γE[v]=0.0, Q=0.0 (bayes)
2026-09-23 17:08:28,752 INFO: Plan 2: ḡ=0.0, γE[v]=0.0, Q=0.0 (bayes)
2026-09-23 17:08:29,054 INFO: Plan 0: ḡ=12, γE[v]=7.5, Q=19.5
2026-09-23 17:08:29,055 INFO: Plan 2: ḡ=12, γE[v]=10.0, Q=22.0
2026-09-23 17:08:29,055 INFO: Plan 1: ḡ=12, γE[v]=10.0, Q=22.0
2026-09-23 17:08:29,217 INFO: Plan 1: ḡ=12, γE[v]=10.0, Q=22.0
2026-09-23 17:08:29,631 INFO: Plan 0: ḡ=12, γE[v]=10.0, Q=22.0
2026-09-23 17:08:29,632 INFO: Plan 2: ḡ=12, γE[v]=17.5, Q=29.5
2026-09-23 17:08:32,138 INFO: Plan 1: ḡ=10, γE[v]=15.0, Q=25.0
2026-09-23 17:08:32,139 INFO: Plan 0: ḡ=12, γE[v]=17.5, Q=29.5
2026-09-23 17:08:32,139 INFO: Plan 2: ḡ=12, γE[v]=17.5, Q=29.5
2026-09-23 17:08:33,561 INFO: Plan 2: ḡ=0, γE[v]=0.0, Q=0.0 (fn)
2026-09-23 17:08:33,599 INFO: Plan 0: ḡ=12, γE[v]=7.5, Q=19.5
2026-09-23 17:08:33,688 INFO: Plan 0: ḡ=4, γE[v]=0.0, Q=4.0 (fn)
2026-09-23 17:08:33,951 INFO: Plan 2: ḡ=0, γE[v]=0.0, Q=0.0
2026-09-23 17:08:33,997 INFO: Plan 1: ḡ=0, γE[v]=5.0, Q=5.0
2026-09-23 17:08:34,059 INFO: Plan 0: ḡ=0, γE[v]=0.0, Q=0.0
2026-09-23 17:08:34,060 INFO: Plan 1: ḡ=0, γE[v]=0.0, Q=0.0
2026-09-23 17:08:34,589 INFO: Plan 2: ḡ=0, γE[v]=0.0, Q=0.0
2026-09-23 17:08:35,077 INFO: Plan 1: ḡ=7, γE[v]=2.0, Q=9.0 (fn)
2026-09-23 17:08:35,078 INFO: Plan 0: ḡ=0.8, γE[v]=0.6, Q=1.4 (bayes)
2026-09-23 17:08:35,078 INFO: Plan 1: ḡ=1.2, γE[v]=0.5, Q=1.7 (bayes)
2026-09-23 17:08:35,078 INFO: Plan 2: ḡ=0.0, γE[v]=1.0, Q=1.0 (bayes)
2026-09-23 17:08:37,127 INFO: Plan 1: ḡ=0, γE[v]=0.0, Q=0.0
2026-09-23 17:08:37,127 INFO: Plan 2: ḡ=0, γE[v]=0.0, Q=0.0
2026-09-23 17:08:37,206 INFO: Plan 0: ḡ=12, γE[v]=7.5, Q=19.5
2026-09-23 17:08:38,018 INFO: Plan 0: ḡ=0, γE[v]=0.0, Q=0.0 (fn)
2026-09-23 17:08:38,097 INFO: Plan 1: ḡ=0, γE[v]=0.0, Q=0.0 (fn)
2026-09-23 17:08:38,427 INFO: Plan 2: ḡ=7, γE[v]=0.0, Q=7.0 (fn)
2026-09-23 17:08:38,750 INFO: Plan 2: ḡ=0, γE[v]=0.0, Q=0.0 (fn)
2026-09-23 17:08:38,751 INFO: Plan 0: ḡ=0.0, γE[v]=0.0, Q=0.0 (bayes)
2026-09-23 17:08:38,751 INFO: Plan 1: ḡ=0.0, γE[v]=0.0, Q=0.0 (bayes)
2026-09-23 17:08:38,751 INFO: Plan 2: ḡ=0.0, γE[v]=0.0, Q=0.0 (bayes)
2026-09-23 17:08:39,187 INFO: Plan 0: ḡ=20, γE[v]=0.0, Q=20.0 (fn)
2026-09-23 17:08:40,529 INFO: Plan 2: ḡ=0, γE[v]=0.0, Q=0.0
2026-09-23 17:08:40,530 INFO: Plan 1: ḡ=0, γE[v]=0.0, Q=0.0
2026-09-23 17:08:40,730 INFO: Plan 0: ḡ=11, γE[v]=2.0, Q=13.0
2026-09-23 17:08:41,128 INFO: Plan 0: ḡ=0, γE[v]=0.0, Q=0.0 (fn)
2026-09-23 17:08:41,168 INFO: Plan 2: ḡ=0, γE[v]=0.0, Q=0.0 (fn)
2026-09-23 17:08:41,169 INFO: Plan 1: ḡ=0, γE[v]=0.0, Q=0.0 (fn)
2026-09-23 17:08:41,169 INFO: Plan 0: ḡ=0.0, γE[v]=0.0, Q=0.0 (bayes)
2026-09-23 17:08:41,169 INFO: Plan 1: ḡ=0.0, γE[v]=0.0, Q=0.0 (bayes)
2026-09-23 17:08:41,169 INFO: Plan 2: ḡ=0.0, γE[v]=0.0, Q=0.0 (bayes)
2026-09-23 17:08:42,133 INFO: Plan 0: ḡ=0, γE[v]=2.5, Q=2.5
2026-09-23 17:08:42,257 INFO: Plan 1: ḡ=12, γE[v]=7.5, Q=19.5
2026-09-23 17:08:42,257 INFO: Plan 2: ḡ=12, γE[v]=10.0, Q=22.0
2026-09-23 17:08:42,768 INFO: Plan 0: ḡ=0, γE[v]=0.0, Q=0.0 (fn)
2026-09-23 17:08:42,768 INFO: Plan 1: ḡ=0, γE[v]=0.0, Q=0.0 (fn)
2026-09-23 17:08:43,066 INFO: Plan 1: ḡ=0, γE[v]=5.0, Q=5.0
2026-09-23 17:08:43,109 INFO: Plan 0: ḡ=12, γE[v]=15.0, Q=27.0
2026-09-23 17:08:43,109 INFO: Plan 2: ḡ=0, γE[v]=0.0, Q=0.0 (fn)
2026-09-23 17:08:43,110 INFO: Plan 0: ḡ=0.0, γE[v]=0.0, Q=0.0 (bayes)
2026-09-23 17:08:43,110 INFO: Plan 1: ḡ=0.0, γE[v]=0.0, Q=0.0 (bayes)
2026-09-23 17:08:43,110 INFO: Plan 2: ḡ=0.0, γE[v]=0.0, Q=0.0 (bayes)
2026-09-23 17:08:43,147 INFO: Plan 2: ḡ=12, γE[v]=10.0, Q=22.0
2026-09-23 17:08:43,582 INFO: Plan 0: ḡ=0, γE[v]=0.0, Q=0.0 (fn)
2026-09-23 17:08:44,420 INFO: Plan 1: ḡ=42, γE[v]=12.5, Q=54.5 (fn)
2026-09-23 17:08:44,421 INFO: Plan 0: ḡ=3.6, γE[v]=3.4, Q=7.0 (bayes)
2026-09-23 17:08:44,421 INFO: Plan 1: ḡ=5.8, γE[v]=3.2, Q=9.1 (bayes)
2026-09-23 17:08:44,421 INFO: Plan 2: ḡ=1.4, γE[v]=4.5, Q=5.9 (bayes)
2026-09-23 17:08:44,699 INFO: Plan 0: ḡ=12, γE[v]=14.0, Q=26.0
2026-09-23 17:08:44,742 INFO: Plan 2: ḡ=0, γE[v]=0.0, Q=0.0 (fn)
2026-09-23 17:08:45,102 INFO: Plan 1: ḡ=0, γE[v]=0.0, Q=0.0 (fn)
2026-09-23 17:08:45,102 INFO: Plan 0: ḡ=0.0, γE[v]=0.0, Q=0.0 (bayes)
2026-09-23 17:08:45,102 INFO: Plan 1: ḡ=0.0, γE[v]=0.0, Q=0.0 (bayes)
2026-09-23 17:08:45,102 INFO: Plan 2: ḡ=0.0, γE[v]=0.0, Q=0.0 (bayes)
2026-09-23 17:08:45,478 INFO: Plan 2: ḡ=12, γE[v]=7.5, Q=19.5
2026-09-23 17:08:45,479 INFO: Plan 1: ḡ=10, γE[v]=7.5, Q=17.5
2026-09-23 17:08:48,616 INFO: Plan 0: ḡ=0, γE[v]=0.0, Q=0.0
2026-09-23 17:08:48,836 INFO: Plan 2: ḡ=0, γE[v]=0.0, Q=0.0
2026-09-23 17:08:48,837 INFO: Plan 1: ḡ=2, γE[v]=5.0, Q=7.0
2026-09-23 17:08:54,486 INFO: Plan 1: ḡ=4, γE[v]=0.0, Q=4.0 (fn)
2026-09-23 17:08:54,885 INFO: Plan 0: ḡ=4, γE[v]=2.0, Q=6.0 (fn)
2026-09-23 17:08:55,630 INFO: Plan 2: ḡ=0, γE[v]=0.0, Q=0.0 (fn)
2026-09-23 17:08:55,630 INFO: Plan 0: ḡ=1.3, γE[v]=0.8, Q=2.1 (bayes)
2026-09-23 17:08:55,630 INFO: Plan 1: ḡ=1.3, γE[v]=0.7, Q=2.0 (bayes)
2026-09-23 17:08:55,630 INFO: Plan 2: ḡ=0.0, γE[v]=1.3, Q=1.3 (bayes)
2026-09-23 17:08:58,253 INFO: Plan 1: ḡ=0, γE[v]=0.0, Q=0.0
2026-09-23 17:08:58,401 INFO: Plan 0: ḡ=12, γE[v]=17.5, Q=29.5
2026-09-23 17:08:58,747 INFO: Plan 2: ḡ=10, γE[v]=20.0, Q=30.0
2026-09-23 17:09:02,318 INFO: Plan 0: ḡ=12, γE[v]=10.0, Q=22.0
2026-09-23 17:09:02,319 INFO: Plan 2: ḡ=25, γE[v]=10.0, Q=35.0
2026-09-23 17:09:02,319 INFO: Plan 1: ḡ=25, γE[v]=7.5, Q=32.5
2026-09-23 17:09:02,423 INFO: Plan 0: ḡ=4, γE[v]=6.0, Q=10.0
2026-09-23 17:09:02,463 INFO: Plan 1: ḡ=12, γE[v]=15.0, Q=27.0
2026-09-23 17:09:02,766 INFO: Plan 2: ḡ=12, γE[v]=7.5, Q=19.5
2026-09-23 17:09:05,563 INFO: Plan 1: ḡ=164, γE[v]=51.0, Q=215.0 (fn)
2026-09-23 17:09:05,751 INFO: Plan 0: ḡ=30, γE[v]=20.0, Q=50.0
2026-09-23 17:09:05,752 INFO: Plan 1: ḡ=12, γE[v]=7.5, Q=19.5
2026-09-23 17:09:05,752 INFO: Plan 2: ḡ=12, γE[v]=7.5, Q=19.5
2026-09-23 17:09:06,093 INFO: Plan 2: ḡ=147, γE[v]=59.5, Q=206.5 (fn)
2026-09-23 17:09:06,131 INFO: Plan 0: ḡ=0, γE[v]=0.0, Q=0.0
2026-09-23 17:09:06,350 INFO: Plan 0: ḡ=0, γE[v]=0.0, Q=0.0
2026-09-23 17:09:06,457 INFO: Plan 2: ḡ=12, γE[v]=7.5, Q=19.5
2026-09-23 17:09:06,458 INFO: Plan 1: ḡ=12, γE[v]=7.5, Q=19.5
2026-09-23 17:09:06,496 INFO: Plan 1: ḡ=0, γE[v]=0.0, Q=0.0
2026-09-23 17:09:06,497 INFO: Plan 2: ḡ=0, γE[v]=0.0, Q=0.0
2026-09-23 17:09:06,699 INFO: Plan 0: ḡ=0, γE[v]=0.0, Q=0.0
2026-09-23 17:09:06,847 INFO: Plan 0: ḡ=132, γE[v]=67.0, Q=199.0 (fn)
2026-09-23 17:09:06,847 INFO: Plan 0: ḡ=15.2, γE[v]=12.8, Q=28.0 (bayes)
2026-09-23 17:09:06,847 INFO: Plan 1: ḡ=18.7, γE[v]=9.8, Q=28.5 (bayes)
2026-09-23 17:09:06,847 INFO: Plan 2: ḡ=16.7, γE[v]=11.4, Q=28.2 (bayes)
2026-09-23 17:09:07,140 INFO: Plan 1: ḡ=12, γE[v]=15.0, Q=27.0
2026-09-23 17:09:07,225 INFO: Plan 2: ḡ=12, γE[v]=7.5, Q=19.5
2026-09-23 17:09:07,227 INFO: Plan 1: ḡ=12, γE[v]=7.5, Q=19.5
2026-09-23 17:09:07,227 INFO: Plan 0: ḡ=12, γE[v]=7.5, Q=19.5
2026-09-23 17:09:07,228 INFO: Plan 2: ḡ=12, γE[v]=10.0, Q=22.0
2026-09-23 17:09:07,910 INFO: Plan 2: ḡ=12, γE[v]=4.0, Q=16.0
2026-09-23 17:09:07,949 INFO: Plan 1: ḡ=12, γE[v]=7.5, Q=19.5
2026-09-23 17:09:07,950 INFO: Plan 0: ḡ=12, γE[v]=7.5, Q=19.5
2026-09-23 17:09:08,410 INFO: Plan 1: ḡ=0, γE[v]=0.0, Q=0.0
2026-09-23 17:09:08,453 INFO: Plan 0: ḡ=2, γE[v]=5.0, Q=7.0
2026-09-23 17:09:08,453 INFO: Plan 2: ḡ=0, γE[v]=0.0, Q=0.0
2026-09-23 17:09:08,900 INFO: Plan 0: ḡ=12, γE[v]=15.0, Q=27.0
2026-09-23 17:09:08,901 INFO: Plan 1: ḡ=25, γE[v]=15.0, Q=40.0
2026-09-23 17:09:09,246 INFO: Plan 2: ḡ=25, γE[v]=15.0, Q=40.0
2026-09-23 17:09:11,033 INFO: Plan 0: ḡ=12, γE[v]=7.5, Q=19.5
2026-09-23 17:09:11,071 INFO: Plan 1: ḡ=25, γE[v]=7.5, Q=32.5
2026-09-23 17:09:11,799 INFO: Plan 2: ḡ=12, γE[v]=5.0, Q=17.0
2026-09-23 17:09:12,887 INFO: Plan 0: ḡ=12, γE[v]=7.5, Q=19.5
2026-09-23 17:09:12,887 INFO: Plan 1: ḡ=12, γE[v]=7.5, Q=19.5
2026-09-23 17:09:12,923 INFO: Plan 0: ḡ=13, γE[v]=19.5, Q=32.5 (fn)
2026-09-23 17:09:13,361 INFO: Plan 2: ḡ=0, γE[v]=5.0, Q=5.0
2026-09-23 17:09:15,455 INFO: Plan 0: ḡ=30, γE[v]=1.0, Q=31.0 (fn)
2026-09-23 17:09:15,782 INFO: Plan 1: ḡ=47, γE[v]=0.0, Q=47.0 (fn)
2026-09-23 17:09:16,847 INFO: Plan 2: ḡ=23, γE[v]=0.0, Q=23.0 (fn)
2026-09-23 17:09:16,848 INFO: Plan 0: ḡ=6.6, γE[v]=6.7, Q=13.3 (bayes)
2026-09-23 17:09:16,848 INFO: Plan 1: ḡ=9.1, γE[v]=5.4, Q=14.5 (bayes)
2026-09-23 17:09:16,848 INFO: Plan 2: ḡ=5.7, γE[v]=7.1, Q=12.7 (bayes)
2026-09-23 17:09:17,718 INFO: Plan 2: ḡ=181, γE[v]=0.0, Q=181.0 (fn)
2026-09-23 17:09:19,666 INFO: Plan 1: ḡ=46, γE[v]=65.0, Q=111.0 (fn)
2026-09-23 17:09:19,667 INFO: Plan 0: ḡ=2.0, γE[v]=13.5, Q=15.5 (bayes)
2026-09-23 17:09:19,667 INFO: Plan 1: ḡ=6.6, γE[v]=14.7, Q=21.3 (bayes)
2026-09-23 17:09:19,667 INFO: Plan 2: ḡ=26.0, γE[v]=0.0, Q=26.0 (bayes)
2026-09-23 17:09:22,441 INFO: Plan 1: ḡ=0, γE[v]=0.0, Q=0.0 (fn)
2026-09-23 17:09:22,484 INFO: Plan 2: ḡ=0, γE[v]=0.0, Q=0.0 (fn)
2026-09-23 17:09:23,061 INFO: Plan 0: ḡ=0, γE[v]=0.0, Q=0.0
2026-09-23 17:09:23,184 INFO: Plan 1: ḡ=0, γE[v]=0.0, Q=0.0
2026-09-23 17:09:23,185 INFO: Plan 0: ḡ=0, γE[v]=0.0, Q=0.0 (fn)
2026-09-23 17:09:23,186 INFO: Plan 2: ḡ=0, γE[v]=0.0, Q=0.0
2026-09-23 17:09:23,187 INFO: Plan 0: ḡ=0.0, γE[v]=0.0, Q=0.0 (bayes)
2026-09-23 17:09:23,187 INFO: Plan 1: ḡ=0.0, γE[v]=0.0, Q=0.0 (bayes)
2026-09-23 17:09:23,187 INFO: Plan 2: ḡ=0.0, γE[v]=0.0, Q=0.0 (bayes)
2026-09-23 17:09:24,938 INFO: Plan 0: ḡ=12, γE[v]=7.5, Q=19.5
2026-09-23 17:09:24,939 INFO: Plan 1: ḡ=12, γE[v]=7.5, Q=19.5
2026-09-23 17:09:25,235 INFO: Plan 2: ḡ=12, γE[v]=5.0, Q=17.0
2026-09-23 17:09:25,792 INFO: Plan 0: ḡ=12, γE[v]=17.5, Q=29.5
2026-09-23 17:09:25,834 INFO: Plan 1: ḡ=12, γE[v]=17.5, Q=29.5
2026-09-23 17:09:25,835 INFO: Plan 2: ḡ=12, γE[v]=10.0, Q=22.0
2026-09-23 17:09:26,312 INFO: Plan 1: ḡ=10, γE[v]=10.0, Q=20.0
2026-09-23 17:09:26,313 INFO: Plan 2: ḡ=10, γE[v]=10.0, Q=20.0
2026-09-23 17:09:26,314 INFO: Plan 0: ḡ=12, γE[v]=10.0, Q=22.0
2026-09-23 17:09:26,798 INFO: Plan 1: ḡ=51, γE[v]=0.0, Q=51.0 (fn)
2026-09-23 17:09:26,840 INFO: Plan 0: ḡ=35, γE[v]=10.0, Q=45.0
2026-09-23 17:09:26,841 INFO: Plan 1: ḡ=35, γE[v]=10.0, Q=45.0
2026-09-23 17:09:27,340 INFO: Plan 2: ḡ=0, γE[v]=0.0, Q=0.0
2026-09-23 17:09:27,422 INFO: Plan 2: ḡ=25, γE[v]=15.0, Q=40.0
2026-09-23 17:09:27,423 INFO: Plan 1: ḡ=12, γE[v]=17.5, Q=29.5
2026-09-23 17:09:27,423 INFO: Plan 0: ḡ=25, γE[v]=15.0, Q=40.0
2026-09-23 17:09:28,882 INFO: Plan 0: ḡ=12, γE[v]=9.0, Q=21.0
2026-09-23 17:09:28,924 INFO: Plan 1: ḡ=12, γE[v]=9.0, Q=21.0
2026-09-23 17:09:28,925 INFO: Plan 2: ḡ=12, γE[v]=9.0, Q=21.0
2026-09-23 17:09:29,477 INFO: Plan 0: ḡ=240, γE[v]=17.0, Q=257.0 (fn)
2026-09-23 17:09:30,538 INFO: Plan 0: ḡ=0, γE[v]=0.0, Q=0.0 (fn)
2026-09-23 17:09:30,538 INFO: Plan 1: ḡ=0, γE[v]=0.0, Q=0.0 (fn)
2026-09-23 17:09:31,133 INFO: Plan 2: ḡ=0, γE[v]=0.0, Q=0.0 (fn)
2026-09-23 17:09:31,134 INFO: Plan 0: ḡ=0.0, γE[v]=0.0, Q=0.0 (bayes)
2026-09-23 17:09:31,134 INFO: Plan 1: ḡ=0.0, γE[v]=0.0, Q=0.0 (bayes)
2026-09-23 17:09:31,134 INFO: Plan 2: ḡ=0.0, γE[v]=0.0, Q=0.0 (bayes)
2026-09-23 17:09:33,555 INFO: Plan 0: ḡ=5, γE[v]=7.5, Q=12.5
2026-09-23 17:09:33,641 INFO: Plan 1: ḡ=12, γE[v]=15.0, Q=27.0
2026-09-23 17:09:34,077 INFO: Plan 2: ḡ=10, γE[v]=15.0, Q=25.0
2026-09-23 17:09:34,161 INFO: Plan 0: ḡ=8, γE[v]=0.0, Q=8.0 (fn)
2026-09-23 17:09:35,426 INFO: Plan 0: ḡ=12, γE[v]=17.5, Q=29.5
2026-09-23 17:09:35,466 INFO: Plan 1: ḡ=0, γE[v]=25.0, Q=25.0
2026-09-23 17:09:35,508 INFO: Plan 2: ḡ=12, γE[v]=17.5, Q=29.5
2026-09-23 17:09:36,183 INFO: Plan 0: ḡ=12, γE[v]=7.5, Q=19.5
2026-09-23 17:09:36,224 INFO: Plan 2: ḡ=0, γE[v]=20.0, Q=20.0
2026-09-23 17:09:36,569 INFO: Plan 1: ḡ=17, γE[v]=0.0, Q=17.0 (fn)
2026-09-23 17:09:36,806 INFO: Plan 0: ḡ=12, γE[v]=17.5, Q=29.5
2026-09-23 17:09:37,000 INFO: Plan 1: ḡ=0, γE[v]=5.0, Q=5.0
2026-09-23 17:09:37,043 INFO: Plan 2: ḡ=12, γE[v]=17.5, Q=29.5
2026-09-23 17:09:37,044 INFO: Plan 1: ḡ=12, γE[v]=10.0, Q=22.0
2026-09-23 17:09:37,848 INFO: Plan 2: ḡ=93, γE[v]=137.0, Q=230.0 (fn)
2026-09-23 17:09:37,848 INFO: Plan 0: ḡ=26.9, γE[v]=13.9, Q=40.7 (bayes)
2026-09-23 17:09:37,849 INFO: Plan 1: ḡ=8.4, γE[v]=21.8, Q=30.2 (bayes)
2026-09-23 17:09:37,849 INFO: Plan 2: ḡ=16.6, γE[v]=28.6, Q=45.2 (bayes)
2026-09-23 17:09:39,582 INFO: Plan 1: ḡ=0, γE[v]=0.0, Q=0.0
2026-09-23 17:09:39,583 INFO: Plan 2: ḡ=0, γE[v]=0.0, Q=0.0
2026-09-23 17:09:39,584 INFO: Plan 0: ḡ=0, γE[v]=0.0, Q=0.0
2026-09-23 17:09:39,625 INFO: Plan 2: ḡ=38, γE[v]=18.0, Q=56.0 (fn)
2026-09-23 17:09:39,625 INFO: Plan 0: ḡ=2.8, γE[v]=49.1, Q=52.0 (bayes)
2026-09-23 17:09:39,625 INFO: Plan 1: ḡ=7.2, γE[v]=47.0, Q=54.1 (bayes)
2026-09-23 17:09:39,626 INFO: Plan 2: ḡ=9.8, γE[v]=46.8, Q=56.5 (bayes)
2026-09-23 17:09:40,753 INFO: Plan 0: ḡ=5, γE[v]=7.5, Q=12.5
2026-09-23 17:09:40,795 INFO: Plan 1: ḡ=12, γE[v]=7.5, Q=19.5
2026-09-23 17:09:41,012 INFO: Plan 2: ḡ=12, γE[v]=10.0, Q=22.0
2026-09-23 17:09:41,930 INFO: Plan 1: ḡ=5, γE[v]=7.5, Q=12.5
2026-09-23 17:09:41,973 INFO: Plan 2: ḡ=12, γE[v]=10.0, Q=22.0
2026-09-23 17:09:41,974 INFO: Plan 1: ḡ=0, γE[v]=0.0, Q=0.0
2026-09-23 17:09:41,974 INFO: Plan 0: ḡ=12, γE[v]=15.0, Q=27.0
2026-09-23 17:09:42,379 INFO: Plan 2: ḡ=0, γE[v]=0.0, Q=0.0
2026-09-23 17:09:42,379 INFO: Plan 0: ḡ=10, γE[v]=7.5, Q=17.5
2026-09-23 17:09:44,688 INFO: Plan 0: ḡ=12, γE[v]=17.5, Q=29.5
2026-09-23 17:09:45,113 INFO: Plan 1: ḡ=12, γE[v]=17.5, Q=29.5
2026-09-23 17:09:46,525 INFO: Plan 2: ḡ=12, γE[v]=17.5, Q=29.5
2026-09-23 17:09:50,907 INFO: Plan 1: ḡ=0, γE[v]=7.5, Q=7.5
2026-09-23 17:09:51,085 INFO: Plan 0: ḡ=12, γE[v]=7.5, Q=19.5
2026-09-23 17:09:51,086 INFO: Plan 2: ḡ=12, γE[v]=7.5, Q=19.5
2026-09-23 17:09:51,459 INFO: Plan 1: ḡ=0, γE[v]=0.0, Q=0.0
2026-09-23 17:09:51,497 INFO: Plan 0: ḡ=2, γE[v]=22.5, Q=24.5
2026-09-23 17:09:51,669 INFO: Plan 2: ḡ=12, γE[v]=17.5, Q=29.5
2026-09-23 17:09:51,707 INFO: Plan 0: ḡ=0, γE[v]=0.0, Q=0.0 (fn)
2026-09-23 17:09:51,971 INFO: Plan 2: ḡ=0, γE[v]=0.0, Q=0.0 (fn)
2026-09-23 17:09:54,992 INFO: Plan 0: ḡ=0, γE[v]=0.0, Q=0.0 (fn)
2026-09-23 17:09:55,172 INFO: Plan 2: ḡ=0, γE[v]=0.0, Q=0.0 (fn)
2026-09-23 17:09:55,172 INFO: Plan 1: ḡ=0, γE[v]=0.0, Q=0.0 (fn)
2026-09-23 17:09:55,173 INFO: Plan 0: ḡ=0.0, γE[v]=0.0, Q=0.0 (bayes)
2026-09-23 17:09:55,173 INFO: Plan 1: ḡ=0.0, γE[v]=0.0, Q=0.0 (bayes)
2026-09-23 17:09:55,173 INFO: Plan 2: ḡ=0.0, γE[v]=0.0, Q=0.0 (bayes)
2026-09-23 17:09:55,729 INFO: Plan 1: ḡ=0, γE[v]=0.0, Q=0.0 (fn)
2026-09-23 17:09:55,730 INFO: Plan 0: ḡ=0.0, γE[v]=0.0, Q=0.0 (bayes)
2026-09-23 17:09:55,730 INFO: Plan 1: ḡ=0.0, γE[v]=0.0, Q=0.0 (bayes)
2026-09-23 17:09:55,730 INFO: Plan 2: ḡ=0.0, γE[v]=0.0, Q=0.0 (bayes)
2026-09-23 17:09:56,071 INFO: Plan 1: ḡ=0, γE[v]=0.0, Q=0.0
2026-09-23 17:09:56,153 INFO: Plan 0: ḡ=0, γE[v]=0.0, Q=0.0 (fn)
2026-09-23 17:09:56,194 INFO: Plan 1: ḡ=0, γE[v]=0.0, Q=0.0 (fn)
2026-09-23 17:09:56,195 INFO: Plan 2: ḡ=0, γE[v]=0.0, Q=0.0 (fn)
2026-09-23 17:09:56,195 INFO: Plan 0: ḡ=0.0, γE[v]=0.0, Q=0.0 (bayes)
2026-09-23 17:09:56,195 INFO: Plan 1: ḡ=0.0, γE[v]=0.0, Q=0.0 (bayes)
2026-09-23 17:09:56,195 INFO: Plan 2: ḡ=0.0, γE[v]=0.0, Q=0.0 (bayes)
2026-09-23 17:09:56,687 INFO: Plan 2: ḡ=0, γE[v]=0.0, Q=0.0
2026-09-23 17:09:56,768 INFO: Plan 0: ḡ=12, γE[v]=7.5, Q=19.5
2026-09-23 17:09:58,218 INFO: Plan 0: ḡ=0, γE[v]=0.0, Q=0.0
2026-09-23 17:09:58,257 INFO: Plan 1: ḡ=0, γE[v]=5.0, Q=5.0
2026-09-23 17:09:58,338 INFO: Plan 2: ḡ=12, γE[v]=7.5, Q=19.5
2026-09-23 17:09:58,879 INFO: Plan 0: ḡ=0, γE[v]=0.0, Q=0.0
2026-09-23 17:09:59,254 INFO: Plan 1: ḡ=0, γE[v]=0.0, Q=0.0
2026-09-23 17:09:59,511 INFO: Plan 2: ḡ=12, γE[v]=7.5, Q=19.5
2026-09-23 17:09:59,750 INFO: Plan 0: ḡ=2, γE[v]=0.0, Q=2.0
2026-09-23 17:09:59,751 INFO: Plan 1: ḡ=0, γE[v]=0.0, Q=0.0
2026-09-23 17:10:00,027 INFO: Plan 2: ḡ=10, γE[v]=15.0, Q=25.0
2026-09-23 17:10:00,441 INFO: Plan 2: ḡ=5, γE[v]=7.5, Q=12.5
2026-09-23 17:10:00,442 INFO: Plan 0: ḡ=6, γE[v]=6.0, Q=12.0
2026-09-23 17:10:00,442 INFO: Plan 1: ḡ=5, γE[v]=7.5, Q=12.5
2026-09-23 17:10:02,193 INFO: Plan 1: ḡ=15, γE[v]=10.0, Q=25.0
2026-09-23 17:10:02,733 INFO: Plan 0: ḡ=12, γE[v]=7.5, Q=19.5
2026-09-23 17:10:02,734 INFO: Plan 2: ḡ=20, γE[v]=15.0, Q=35.0
2026-09-23 17:10:03,451 INFO: Plan 1: ḡ=12, γE[v]=15.0, Q=27.0
2026-09-23 17:10:04,071 INFO: Plan 2: ḡ=0, γE[v]=0.0, Q=0.0
2026-09-23 17:10:04,287 INFO: Plan 0: ḡ=12, γE[v]=7.5, Q=19.5
2026-09-23 17:10:06,125 INFO: Plan 0: ḡ=35, γE[v]=20.0, Q=55.0
2026-09-23 17:10:06,207 INFO: Plan 2: ḡ=12, γE[v]=7.5, Q=19.5
2026-09-23 17:10:06,208 INFO: Plan 1: ḡ=12, γE[v]=7.5, Q=19.5
2026-09-23 17:10:08,153 INFO: Plan 0: ḡ=0, γE[v]=0.0, Q=0.0
2026-09-23 17:10:08,195 INFO: Plan 2: ḡ=20, γE[v]=7.5, Q=27.5
2026-09-23 17:10:08,196 INFO: Plan 1: ḡ=35, γE[v]=7.5, Q=42.5
2026-09-23 17:10:08,196 INFO: Plan 0: ḡ=12, γE[v]=17.5, Q=29.5
2026-09-23 17:10:08,372 INFO: Plan 1: ḡ=0, γE[v]=0.0, Q=0.0
2026-09-23 17:10:08,630 INFO: Plan 2: ḡ=0, γE[v]=0.0, Q=0.0
2026-09-23 17:10:09,191 INFO: Plan 1: ḡ=0, γE[v]=0.0, Q=0.0
2026-09-23 17:10:09,231 INFO: Plan 0: ḡ=12, γE[v]=15.0, Q=27.0
2026-09-23 17:10:09,271 INFO: Plan 2: ḡ=12, γE[v]=15.0, Q=27.0
2026-09-23 17:10:13,247 INFO: Plan 1: ḡ=0, γE[v]=0.0, Q=0.0
2026-09-23 17:10:13,286 INFO: Plan 0: ḡ=0, γE[v]=5.0, Q=5.0
2026-09-23 17:10:13,327 INFO: Plan 2: ḡ=10, γE[v]=7.5, Q=17.5
2026-09-23 17:10:13,778 INFO: Plan 0: ḡ=12, γE[v]=17.5, Q=29.5
2026-09-23 17:10:13,779 INFO: Plan 1: ḡ=12, γE[v]=17.5, Q=29.5
2026-09-23 17:10:14,235 INFO: Plan 2: ḡ=12, γE[v]=17.5, Q=29.5
2026-09-23 17:10:14,422 INFO: Plan 0: ḡ=12, γE[v]=17.5, Q=29.5
2026-09-23 17:10:14,423 INFO: Plan 1: ḡ=12, γE[v]=15.0, Q=27.0
2026-09-23 17:10:14,502 INFO: Plan 2: ḡ=0, γE[v]=0.0, Q=0.0
2026-09-23 17:10:15,782 INFO: Plan 1: ḡ=10, γE[v]=20.0, Q=30.0
2026-09-23 17:10:15,783 INFO: Plan 0: ḡ=10, γE[v]=20.0, Q=30.0
2026-09-23 17:10:15,889 INFO: Plan 2: ḡ=0, γE[v]=0.0, Q=0.0
2026-09-23 17:10:17,731 INFO: Plan 0: ḡ=25, γE[v]=15.0, Q=40.0
2026-09-23 17:10:17,958 INFO: Plan 1: ḡ=12, γE[v]=7.5, Q=19.5
2026-09-23 17:10:18,897 INFO: Plan 2: ḡ=35, γE[v]=10.0, Q=45.0
2026-09-23 17:10:21,672 INFO: Plan 2: ḡ=5, γE[v]=7.5, Q=12.5
2026-09-23 17:10:21,716 INFO: Plan 0: ḡ=12, γE[v]=10.0, Q=22.0
2026-09-23 17:10:21,716 INFO: Plan 1: ḡ=10, γE[v]=15.0, Q=25.0
2026-09-23 17:10:22,192 INFO: Plan 0: ḡ=12, γE[v]=10.0, Q=22.0
2026-09-23 17:10:22,193 INFO: Plan 1: ḡ=12, γE[v]=10.0, Q=22.0
2026-09-23 17:10:22,193 INFO: Plan 2: ḡ=12, γE[v]=10.0, Q=22.0
2026-09-23 17:10:22,624 INFO: Plan 0: ḡ=5, γE[v]=7.5, Q=12.5
2026-09-23 17:10:22,666 INFO: Plan 1: ḡ=12, γE[v]=7.5, Q=19.5
2026-09-23 17:10:22,666 INFO: Plan 2: ḡ=12, γE[v]=7.5, Q=19.5
2026-09-23 17:10:24,143 INFO: Plan 0: ḡ=12, γE[v]=17.5, Q=29.5
2026-09-23 17:10:24,642 INFO: Plan 2: ḡ=12, γE[v]=7.5, Q=19.5
2026-09-23 17:10:24,642 INFO: Plan 1: ḡ=12, γE[v]=17.5, Q=29.5
2026-09-23 17:10:26,107 INFO: Plan 0: ḡ=12, γE[v]=10.0, Q=22.0
2026-09-23 17:10:26,436 INFO: Plan 2: ḡ=25, γE[v]=15.0, Q=40.0
2026-09-23 17:10:26,436 INFO: Plan 1: ḡ=25, γE[v]=15.0, Q=40.0
2026-09-23 17:10:27,107 INFO: Plan 2: ḡ=0, γE[v]=7.0, Q=7.0
2026-09-23 17:10:27,108 INFO: Plan 2: ḡ=0, γE[v]=0.0, Q=0.0
2026-09-23 17:10:27,108 INFO: Plan 1: ḡ=0, γE[v]=0.0, Q=0.0
2026-09-23 17:10:27,147 INFO: Plan 0: ḡ=12, γE[v]=12.0, Q=24.0
2026-09-23 17:10:27,148 INFO: Plan 1: ḡ=12, γE[v]=10.0, Q=22.0
2026-09-23 17:10:27,148 INFO: Plan 0: ḡ=1, γE[v]=20.0, Q=21.0
2026-09-23 17:10:27,580 INFO: Plan 0: ḡ=0, γE[v]=20.0, Q=20.0
2026-09-23 17:10:27,741 INFO: Plan 2: ḡ=12, γE[v]=10.0, Q=22.0
2026-09-23 17:10:27,741 INFO: Plan 1: ḡ=12, γE[v]=10.0, Q=22.0
2026-09-23 17:10:29,966 INFO: Plan 2: ḡ=25, γE[v]=15.0, Q=40.0
2026-09-23 17:10:29,967 INFO: Plan 0: ḡ=35, γE[v]=10.0, Q=45.0
2026-09-23 17:10:29,967 INFO: Plan 1: ḡ=35, γE[v]=7.5, Q=42.5
2026-09-23 17:10:30,396 INFO: Plan 0: ḡ=5, γE[v]=7.5, Q=12.5
2026-09-23 17:10:30,397 INFO: Plan 1: ḡ=5, γE[v]=7.5, Q=12.5
2026-09-23 17:10:30,433 INFO: Plan 2: ḡ=12, γE[v]=10.0, Q=22.0
2026-09-23 17:10:33,136 INFO: Plan 0: ḡ=5, γE[v]=7.5, Q=12.5
2026-09-23 17:10:33,177 INFO: Plan 2: ḡ=12, γE[v]=17.5, Q=29.5
2026-09-23 17:10:33,178 INFO: Plan 1: ḡ=12, γE[v]=15.0, Q=27.0
2026-09-23 17:10:33,328 INFO: Plan 0: ḡ=0, γE[v]=20.0, Q=20.0
2026-09-23 17:10:33,329 INFO: Plan 1: ḡ=0, γE[v]=5.0, Q=5.0
2026-09-23 17:10:33,650 INFO: Plan 2: ḡ=12, γE[v]=7.5, Q=19.5
2026-09-23 17:10:34,731 INFO: Plan 0: ḡ=4, γE[v]=6.0, Q=10.0
2026-09-23 17:10:34,731 INFO: Plan 2: ḡ=0, γE[v]=0.0, Q=0.0
2026-09-23 17:10:34,811 INFO: Plan 1: ḡ=10, γE[v]=15.0, Q=25.0
2026-09-23 17:10:37,041 INFO: Plan 1: ḡ=0, γE[v]=20.0, Q=20.0
2026-09-23 17:10:37,647 INFO: Plan 0: ḡ=3, γE[v]=20.0, Q=23.0
2026-09-23 17:10:37,864 INFO: Plan 2: ḡ=12, γE[v]=17.5, Q=29.5
2026-09-23 17:10:40,994 INFO: Plan 0: ḡ=15, γE[v]=0.0, Q=15.0 (fn)
2026-09-23 17:10:43,746 INFO: Plan 1: ḡ=0, γE[v]=2.5, Q=2.5
2026-09-23 17:10:43,826 INFO: Plan 2: ḡ=0, γE[v]=0.0, Q=0.0
2026-09-23 17:10:43,867 INFO: Plan 0: ḡ=5, γE[v]=5.0, Q=10.0
2026-09-23 17:10:45,199 INFO: Plan 1: ḡ=25, γE[v]=15.0, Q=40.0
2026-09-23 17:10:45,321 INFO: Plan 2: ḡ=44, γE[v]=10.0, Q=54.0 (fn)
2026-09-23 17:10:45,703 INFO: Plan 0: ḡ=25, γE[v]=15.0, Q=40.0
2026-09-23 17:10:45,704 INFO: Plan 2: ḡ=12, γE[v]=15.0, Q=27.0
2026-09-23 17:10:46,149 INFO: Plan 0: ḡ=5, γE[v]=15.0, Q=20.0
2026-09-23 17:10:46,190 INFO: Plan 2: ḡ=25, γE[v]=7.5, Q=32.5
2026-09-23 17:10:46,191 INFO: Plan 1: ḡ=12, γE[v]=7.5, Q=19.5
2026-09-23 17:10:46,545 INFO: Plan 0: ḡ=0, γE[v]=0.0, Q=0.0
2026-09-23 17:10:46,586 INFO: Plan 2: ḡ=0, γE[v]=0.0, Q=0.0
2026-09-23 17:10:46,587 INFO: Plan 1: ḡ=0, γE[v]=0.0, Q=0.0
2026-09-23 17:10:48,381 INFO: Plan 1: ḡ=12, γE[v]=14.0, Q=26.0
2026-09-23 17:10:48,382 INFO: Plan 0: ḡ=12, γE[v]=10.0, Q=22.0
2026-09-23 17:10:48,526 INFO: Plan 2: ḡ=12, γE[v]=10.0, Q=22.0
2026-09-23 17:10:49,100 INFO: Plan 1: ḡ=12, γE[v]=15.0, Q=27.0
2026-09-23 17:10:49,225 INFO: Plan 0: ḡ=12, γE[v]=17.5, Q=29.5
2026-09-23 17:10:49,342 INFO: Plan 0: ḡ=5, γE[v]=7.5, Q=12.5
2026-09-23 17:10:49,544 INFO: Plan 2: ḡ=2, γE[v]=7.5, Q=9.5
2026-09-23 17:10:49,545 INFO: Plan 2: ḡ=12, γE[v]=10.0, Q=22.0
2026-09-23 17:10:49,581 INFO: Plan 1: ḡ=10, γE[v]=15.0, Q=25.0
2026-09-23 17:10:50,553 INFO: Plan 1: ḡ=38, γE[v]=68.0, Q=106.0 (fn)
2026-09-23 17:10:50,553 INFO: Plan 0: ḡ=2.0, γE[v]=10.4, Q=12.3 (bayes)
2026-09-23 17:10:50,553 INFO: Plan 1: ḡ=4.8, γE[v]=14.3, Q=19.1 (bayes)
2026-09-23 17:10:50,553 INFO: Plan 2: ḡ=5.5, γE[v]=9.4, Q=14.9 (bayes)
2026-09-23 17:10:50,591 INFO: Plan 2: ḡ=0, γE[v]=0.0, Q=0.0
2026-09-23 17:10:50,591 INFO: Plan 0: ḡ=25, γE[v]=7.5, Q=32.5
2026-09-23 17:10:50,843 INFO: Plan 1: ḡ=25, γE[v]=15.0, Q=40.0
2026-09-23 17:10:50,961 INFO: Plan 1: ḡ=12, γE[v]=15.0, Q=27.0
2026-09-23 17:10:50,961 INFO: Plan 0: ḡ=12, γE[v]=7.5, Q=19.5
2026-09-23 17:10:50,998 INFO: Plan 2: ḡ=0, γE[v]=0.0, Q=0.0
2026-09-23 17:10:50,999 INFO: Plan 1: ḡ=0, γE[v]=0.0, Q=0.0
2026-09-23 17:10:51,182 INFO: Plan 0: ḡ=10, γE[v]=7.5, Q=17.5
2026-09-23 17:10:51,182 INFO: Plan 2: ḡ=12, γE[v]=5.0, Q=17.0
2026-09-23 17:10:51,920 INFO: Plan 1: ḡ=12, γE[v]=10.0, Q=22.0
2026-09-23 17:10:52,147 INFO: Plan 0: ḡ=12, γE[v]=10.0, Q=22.0
2026-09-23 17:10:52,187 INFO: Plan 2: ḡ=0, γE[v]=0.0, Q=0.0
2026-09-23 17:10:52,733 INFO: Plan 1: ḡ=12, γE[v]=7.5, Q=19.5
2026-09-23 17:10:52,774 INFO: Plan 2: ḡ=12, γE[v]=7.5, Q=19.5
2026-09-23 17:10:52,775 INFO: Plan 0: ḡ=12, γE[v]=7.5, Q=19.5
2026-09-23 17:10:53,017 INFO: Plan 1: ḡ=4, γE[v]=6.0, Q=10.0
2026-09-23 17:10:53,053 INFO: Plan 0: ḡ=6, γE[v]=6.0, Q=12.0
2026-09-23 17:10:53,214 INFO: Plan 2: ḡ=12, γE[v]=7.5, Q=19.5
2026-09-23 17:10:58,628 INFO: Plan 1: ḡ=12, γE[v]=7.5, Q=19.5
2026-09-23 17:10:58,669 INFO: Plan 0: ḡ=2, γE[v]=0.0, Q=2.0
2026-09-23 17:10:58,669 INFO: Plan 2: ḡ=0, γE[v]=0.0, Q=0.0
2026-09-23 17:10:58,800 INFO: Plan 0: ḡ=12, γE[v]=5.0, Q=17.0
2026-09-23 17:10:59,140 INFO: Plan 1: ḡ=10, γE[v]=7.5, Q=17.5
2026-09-23 17:10:59,140 INFO: Plan 2: ḡ=12, γE[v]=2.5, Q=14.5
2026-09-23 17:11:01,048 INFO: Plan 1: ḡ=0, γE[v]=0.0, Q=0.0
2026-09-23 17:11:01,125 INFO: Plan 0: ḡ=12, γE[v]=7.5, Q=19.5
2026-09-23 17:11:01,125 INFO: Plan 2: ḡ=12, γE[v]=4.0, Q=16.0
2026-09-23 17:11:04,093 INFO: Plan 1: ḡ=5, γE[v]=5.0, Q=10.0
2026-09-23 17:11:04,439 INFO: Plan 0: ḡ=0, γE[v]=0.0, Q=0.0
2026-09-23 17:11:04,861 INFO: Plan 2: ḡ=12, γE[v]=7.5, Q=19.5
2026-09-23 17:11:07,413 INFO: Plan 1: ḡ=0, γE[v]=5.0, Q=5.0
2026-09-23 17:11:07,414 INFO: Plan 0: ḡ=0, γE[v]=5.0, Q=5.0
2026-09-23 17:11:07,453 INFO: Plan 2: ḡ=5, γE[v]=7.5, Q=12.5
2026-09-23 17:11:11,129 INFO: Plan 0: ḡ=0, γE[v]=0.0, Q=0.0
2026-09-23 17:11:11,130 INFO: Plan 1: ḡ=0, γE[v]=0.0, Q=0.0
2026-09-23 17:11:11,130 INFO: Plan 2: ḡ=0, γE[v]=0.0, Q=0.0
2026-09-23 17:11:12,864 INFO: Plan 1: ḡ=12, γE[v]=7.5, Q=19.5
2026-09-23 17:11:12,904 INFO: Plan 0: ḡ=25, γE[v]=15.0, Q=40.0
2026-09-23 17:11:13,431 INFO: Plan 2: ḡ=12, γE[v]=7.5, Q=19.5
2026-09-23 17:11:13,431 INFO: Plan 0: ḡ=4, γE[v]=6.0, Q=10.0
2026-09-23 17:11:13,791 INFO: Plan 1: ḡ=10, γE[v]=15.0, Q=25.0
2026-09-23 17:11:13,791 INFO: Plan 2: ḡ=12, γE[v]=7.5, Q=19.5
2026-09-23 17:11:14,770 INFO: Plan 1: ḡ=5, γE[v]=7.5, Q=12.5
2026-09-23 17:11:14,813 INFO: Plan 0: ḡ=12, γE[v]=7.5, Q=19.5
2026-09-23 17:11:14,814 INFO: Plan 2: ḡ=12, γE[v]=7.5, Q=19.5
2026-09-23 17:11:14,814 INFO: Plan 0: ḡ=12, γE[v]=17.5, Q=29.5
2026-09-23 17:11:15,214 INFO: Plan 1: ḡ=12, γE[v]=7.5, Q=19.5
2026-09-23 17:11:15,215 INFO: Plan 2: ḡ=10, γE[v]=10.0, Q=20.0
2026-09-23 17:11:15,893 INFO: Plan 1: ḡ=12, γE[v]=10.0, Q=22.0
2026-09-23 17:11:15,894 INFO: Plan 2: ḡ=12, γE[v]=15.0, Q=27.0
2026-09-23 17:11:15,894 INFO: Plan 0: ḡ=12, γE[v]=17.5, Q=29.5
2026-09-23 17:11:16,284 INFO: Plan 2: ḡ=40, γE[v]=5.0, Q=45.0
2026-09-23 17:11:16,285 INFO: Plan 0: ḡ=10, γE[v]=10.0, Q=20.0
2026-09-23 17:11:16,285 INFO: Plan 1: ḡ=12, γE[v]=15.0, Q=27.0
2026-09-23 17:11:16,498 INFO: Plan 2: ḡ=12, γE[v]=7.5, Q=19.5
2026-09-23 17:11:16,499 INFO: Plan 1: ḡ=12, γE[v]=17.5, Q=29.5
2026-09-23 17:11:16,499 INFO: Plan 0: ḡ=12, γE[v]=17.5, Q=29.5
2026-09-23 17:11:16,954 INFO: Plan 0: ḡ=0, γE[v]=5.0, Q=5.0
2026-09-23 17:11:16,954 INFO: Plan 1: ḡ=0, γE[v]=5.0, Q=5.0
2026-09-23 17:11:17,036 INFO: Plan 2: ḡ=12, γE[v]=7.5, Q=19.5
2026-09-23 17:11:17,588 INFO: Plan 0: ḡ=12, γE[v]=17.5, Q=29.5
2026-09-23 17:11:17,588 INFO: Plan 1: ḡ=12, γE[v]=10.0, Q=22.0
2026-09-23 17:11:17,626 INFO: Plan 2: ḡ=20, γE[v]=15.0, Q=35.0
2026-09-23 17:11:18,168 INFO: Plan 1: ḡ=0, γE[v]=0.0, Q=0.0 (fn)
2026-09-23 17:11:18,693 INFO: Plan 1: ḡ=25, γE[v]=10.0, Q=35.0
2026-09-23 17:11:18,694 INFO: Plan 0: ḡ=12, γE[v]=10.0, Q=22.0
2026-09-23 17:11:18,882 INFO: Plan 0: ḡ=0, γE[v]=0.0, Q=0.0 (fn)
2026-09-23 17:11:18,924 INFO: Plan 2: ḡ=10, γE[v]=20.0, Q=30.0
2026-09-23 17:11:18,925 INFO: Plan 2: ḡ=0, γE[v]=0.0, Q=0.0 (fn)
2026-09-23 17:11:18,926 INFO: Plan 0: ḡ=0.0, γE[v]=0.0, Q=0.0 (bayes)
2026-09-23 17:11:18,926 INFO: Plan 1: ḡ=0.0, γE[v]=0.0, Q=0.0 (bayes)
2026-09-23 17:11:18,926 INFO: Plan 2: ḡ=0.0, γE[v]=0.0, Q=0.0 (bayes)
2026-09-23 17:11:23,199 INFO: Plan 0: ḡ=12, γE[v]=17.5, Q=29.5
2026-09-23 17:11:23,339 INFO: Plan 2: ḡ=12, γE[v]=17.5, Q=29.5
2026-09-23 17:11:23,340 INFO: Plan 1: ḡ=12, γE[v]=15.0, Q=27.0
2026-09-23 17:11:26,488 INFO: Plan 1: ḡ=12, γE[v]=7.5, Q=19.5
2026-09-23 17:11:26,766 INFO: Plan 0: ḡ=35, γE[v]=10.0, Q=45.0
2026-09-23 17:11:26,767 INFO: Plan 2: ḡ=10, γE[v]=7.5, Q=17.5
2026-09-23 17:11:28,385 INFO: Plan 1: ḡ=0, γE[v]=2.5, Q=2.5
2026-09-23 17:11:28,386 INFO: Plan 0: ḡ=0, γE[v]=2.5, Q=2.5
2026-09-23 17:11:28,424 INFO: Plan 2: ḡ=12, γE[v]=2.5, Q=14.5
2026-09-23 17:11:31,730 INFO: Plan 1: ḡ=0, γE[v]=0.0, Q=0.0
2026-09-23 17:11:31,837 INFO: Plan 0: ḡ=12, γE[v]=12.5, Q=24.5
2026-09-23 17:11:32,132 INFO: Plan 2: ḡ=5, γE[v]=7.5, Q=12.5
2026-09-23 17:11:32,399 INFO: Plan 1: ḡ=20, γE[v]=15.0, Q=35.0
2026-09-23 17:11:32,400 INFO: Plan 0: ḡ=12, γE[v]=17.5, Q=29.5
2026-09-23 17:11:32,480 INFO: Plan 2: ḡ=22, γE[v]=9.0, Q=31.0
2026-09-23 17:11:33,968 INFO: Plan 0: ḡ=2, γE[v]=15.0, Q=17.0
2026-09-23 17:11:33,968 INFO: Plan 1: ḡ=0, γE[v]=5.0, Q=5.0
2026-09-23 17:11:34,005 INFO: Plan 2: ḡ=12, γE[v]=10.0, Q=22.0
2026-09-23 17:11:34,443 INFO: Plan 0: ḡ=0, γE[v]=5.0, Q=5.0
2026-09-23 17:11:34,484 INFO: Plan 2: ḡ=0, γE[v]=0.0, Q=0.0
2026-09-23 17:11:34,485 INFO: Plan 1: ḡ=0, γE[v]=5.0, Q=5.0
2026-09-23 17:11:36,942 INFO: Plan 0: ḡ=8, γE[v]=7.5, Q=15.5
2026-09-23 17:11:36,984 INFO: Plan 1: ḡ=12, γE[v]=12.5, Q=24.5
2026-09-23 17:11:36,985 INFO: Plan 2: ḡ=12, γE[v]=17.5, Q=29.5
2026-09-23 17:11:37,408 INFO: Plan 0: ḡ=15, γE[v]=10.0, Q=25.0
2026-09-23 17:11:37,866 INFO: Plan 1: ḡ=12, γE[v]=10.0, Q=22.0
2026-09-23 17:11:38,130 INFO: Plan 2: ḡ=12, γE[v]=10.0, Q=22.0
2026-09-23 17:11:38,398 INFO: Plan 1: ḡ=10, γE[v]=20.0, Q=30.0
2026-09-23 17:11:38,835 INFO: Plan 0: ḡ=10, γE[v]=20.0, Q=30.0
2026-09-23 17:11:39,190 INFO: Plan 2: ḡ=25, γE[v]=7.5, Q=32.5
2026-09-23 17:11:39,190 INFO: Plan 0: ḡ=12, γE[v]=10.0, Q=22.0
2026-09-23 17:11:39,229 INFO: Plan 2: ḡ=20, γE[v]=15.0, Q=35.0
2026-09-23 17:11:39,229 INFO: Plan 1: ḡ=12, γE[v]=15.0, Q=27.0
2026-09-23 17:11:40,896 INFO: Plan 1: ḡ=12, γE[v]=10.0, Q=22.0
2026-09-23 17:11:40,939 INFO: Plan 2: ḡ=12, γE[v]=10.0, Q=22.0
2026-09-23 17:11:40,939 INFO: Plan 0: ḡ=10, γE[v]=10.0, Q=20.0
2026-09-23 17:11:40,982 INFO: Plan 0: ḡ=25, γE[v]=15.0, Q=40.0
2026-09-23 17:11:40,982 INFO: Plan 1: ḡ=12, γE[v]=17.5, Q=29.5
2026-09-23 17:11:41,354 INFO: Plan 2: ḡ=12, γE[v]=17.5, Q=29.5
2026-09-23 17:11:41,506 INFO: Plan 0: ḡ=35, γE[v]=10.0, Q=45.0
2026-09-23 17:11:41,688 INFO: Plan 1: ḡ=12, γE[v]=17.5, Q=29.5
2026-09-23 17:11:42,053 INFO: Plan 2: ḡ=12, γE[v]=17.5, Q=29.5
2026-09-23 17:11:44,341 INFO: Plan 0: ḡ=0, γE[v]=0.0, Q=0.0
2026-09-23 17:11:44,341 INFO: Plan 1: ḡ=0, γE[v]=0.0, Q=0.0
2026-09-23 17:11:44,748 INFO: Plan 2: ḡ=0, γE[v]=0.0, Q=0.0
2026-09-23 17:11:46,307 INFO: Plan 0: ḡ=0, γE[v]=0.0, Q=0.0
2026-09-23 17:11:46,307 INFO: Plan 2: ḡ=0, γE[v]=0.0, Q=0.0
2026-09-23 17:11:46,474 INFO: Plan 1: ḡ=8, γE[v]=6.0, Q=14.0
2026-09-23 17:11:46,805 INFO: Plan 1: ḡ=2, γE[v]=2.5, Q=4.5
2026-09-23 17:11:47,042 INFO: Plan 0: ḡ=5, γE[v]=7.5, Q=12.5
2026-09-23 17:11:47,280 INFO: Plan 2: ḡ=25, γE[v]=7.5, Q=32.5
2026-09-23 17:11:50,264 INFO: Plan 0: ḡ=35, γE[v]=10.0, Q=45.0
2026-09-23 17:11:50,304 INFO: Plan 1: ḡ=35, γE[v]=10.0, Q=45.0
2026-09-23 17:11:50,425 INFO: Plan 2: ḡ=35, γE[v]=20.0, Q=55.0
2026-09-23 17:11:53,778 INFO: Plan 0: ḡ=12, γE[v]=10.0, Q=22.0
2026-09-23 17:11:53,779 INFO: Plan 1: ḡ=12, γE[v]=17.5, Q=29.5
2026-09-23 17:11:54,497 INFO: Plan 2: ḡ=12, γE[v]=17.5, Q=29.5
2026-09-23 17:11:55,146 INFO: Plan 0: ḡ=12, γE[v]=7.5, Q=19.5
2026-09-23 17:11:55,147 INFO: Plan 1: ḡ=12, γE[v]=7.5, Q=19.5
2026-09-23 17:11:55,182 INFO: Plan 2: ḡ=12, γE[v]=12.5, Q=24.5
2026-09-23 17:11:55,575 INFO: Plan 1: ḡ=8, γE[v]=6.0, Q=14.0
2026-09-23 17:11:55,575 INFO: Plan 0: ḡ=5, γE[v]=5.0, Q=10.0
2026-09-23 17:11:55,611 INFO: Plan 2: ḡ=12, γE[v]=7.5, Q=19.5
2026-09-23 17:11:56,594 INFO: Plan 2: ḡ=0, γE[v]=0.0, Q=0.0
2026-09-23 17:11:56,629 INFO: Plan 0: ḡ=12, γE[v]=15.0, Q=27.0
2026-09-23 17:11:56,810 INFO: Plan 1: ḡ=25, γE[v]=7.5, Q=32.5
2026-09-23 17:11:57,015 INFO: Plan 0: ḡ=12, γE[v]=10.0, Q=22.0
2026-09-23 17:11:57,016 INFO: Plan 1: ḡ=12, γE[v]=10.0, Q=22.0
2026-09-23 17:11:57,181 INFO: Plan 0: ḡ=0, γE[v]=0.0, Q=0.0
2026-09-23 17:11:57,292 INFO: Plan 2: ḡ=25, γE[v]=15.0, Q=40.0
2026-09-23 17:11:57,535 INFO: Plan 2: ḡ=12, γE[v]=7.5, Q=19.5
2026-09-23 17:11:57,535 INFO: Plan 1: ḡ=12, γE[v]=7.5, Q=19.5
2026-09-23 17:11:57,573 INFO: Plan 1: ḡ=12, γE[v]=7.5, Q=19.5
2026-09-23 17:11:57,574 INFO: Plan 2: ḡ=12, γE[v]=7.5, Q=19.5
2026-09-23 17:11:57,574 INFO: Plan 0: ḡ=12, γE[v]=14.0, Q=26.0
2026-09-23 17:11:57,944 INFO: Plan 1: ḡ=10, γE[v]=10.0, Q=20.0
2026-09-23 17:11:57,944 INFO: Plan 0: ḡ=20, γE[v]=7.5, Q=27.5
2026-09-23 17:11:58,136 INFO: Plan 2: ḡ=12, γE[v]=12.0, Q=24.0
2026-09-23 17:11:58,500 INFO: Plan 1: ḡ=0, γE[v]=15.0, Q=15.0
2026-09-23 17:11:58,501 INFO: Plan 0: ḡ=12, γE[v]=17.5, Q=29.5
2026-09-23 17:11:58,501 INFO: Plan 1: ḡ=22, γE[v]=9.0, Q=31.0
2026-09-23 17:11:58,542 INFO: Plan 2: ḡ=12, γE[v]=10.0, Q=22.0
2026-09-23 17:11:58,543 INFO: Plan 0: ḡ=10, γE[v]=7.5, Q=17.5
2026-09-23 17:11:58,717 INFO: Plan 2: ḡ=10, γE[v]=7.5, Q=17.5
2026-09-23 17:11:59,266 INFO: Plan 0: ḡ=2, γE[v]=5.0, Q=7.0
2026-09-23 17:11:59,267 INFO: Plan 1: ḡ=5, γE[v]=7.5, Q=12.5
2026-09-23 17:11:59,307 INFO: Plan 2: ḡ=12, γE[v]=7.5, Q=19.5
2026-09-23 17:11:59,382 INFO: Plan 1: ḡ=12, γE[v]=7.5, Q=19.5
2026-09-23 17:11:59,384 INFO: Plan 0: ḡ=12, γE[v]=7.5, Q=19.5
2026-09-23 17:11:59,827 INFO: Plan 2: ḡ=12, γE[v]=7.5, Q=19.5
2026-09-23 17:12:03,867 INFO: Plan 0: ḡ=13, γE[v]=19.5, Q=32.5 (fn)
2026-09-23 17:12:07,776 INFO: Plan 1: ḡ=163, γE[v]=0.5, Q=163.5 (fn)
2026-09-23 17:12:11,006 INFO: Plan 2: ḡ=132, γE[v]=16.0, Q=148.0 (fn)
2026-09-23 17:12:11,007 INFO: Plan 0: ḡ=1.6, γE[v]=9.9, Q=11.6 (bayes)
2026-09-23 17:12:11,007 INFO: Plan 1: ḡ=18.3, γE[v]=0.1, Q=18.4 (bayes)
2026-09-23 17:12:11,007 INFO: Plan 2: ḡ=14.7, γE[v]=3.1, Q=17.8 (bayes)
2026-09-23 17:12:11,513 INFO: Plan 0: ḡ=12, γE[v]=2.5, Q=14.5
2026-09-23 17:12:11,835 INFO: Plan 1: ḡ=12, γE[v]=2.5, Q=14.5
2026-09-23 17:12:11,836 INFO: Plan 2: ḡ=12, γE[v]=4.0, Q=16.0
2026-09-23 17:12:15,427 INFO: Plan 1: ḡ=0, γE[v]=0.0, Q=0.0
2026-09-23 17:12:15,981 INFO: Plan 0: ḡ=12, γE[v]=12.5, Q=24.5
2026-09-23 17:12:16,219 INFO: Plan 2: ḡ=12, γE[v]=10.0, Q=22.0
2026-09-23 17:12:16,717 INFO: Plan 2: ḡ=12, γE[v]=4.0, Q=16.0
2026-09-23 17:12:16,756 INFO: Plan 1: ḡ=12, γE[v]=17.5, Q=29.5
2026-09-23 17:12:16,756 INFO: Plan 0: ḡ=25, γE[v]=15.0, Q=40.0
2026-09-23 17:12:17,924 INFO: Plan 0: ḡ=0, γE[v]=0.0, Q=0.0
2026-09-23 17:12:17,925 INFO: Plan 1: ḡ=0, γE[v]=0.0, Q=0.0
2026-09-23 17:12:17,925 INFO: Plan 2: ḡ=0, γE[v]=0.0, Q=0.0
2026-09-23 17:12:18,068 INFO: Plan 2: ḡ=5, γE[v]=7.5, Q=12.5
2026-09-23 17:12:18,247 INFO: Plan 1: ḡ=12, γE[v]=7.5, Q=19.5
2026-09-23 17:12:18,247 INFO: Plan 0: ḡ=12, γE[v]=7.5, Q=19.5
2026-09-23 17:12:18,387 INFO: Plan 1: ḡ=12, γE[v]=10.0, Q=22.0
2026-09-23 17:12:18,387 INFO: Plan 0: ḡ=12, γE[v]=10.0, Q=22.0
2026-09-23 17:12:18,388 INFO: Plan 0: ḡ=12, γE[v]=7.5, Q=19.5
2026-09-23 17:12:18,389 INFO: Plan 2: ḡ=20, γE[v]=15.0, Q=35.0
2026-09-23 17:12:18,489 INFO: Plan 1: ḡ=12, γE[v]=10.0, Q=22.0
2026-09-23 17:12:18,707 INFO: Plan 0: ḡ=12, γE[v]=4.0, Q=16.0
2026-09-23 17:12:18,708 INFO: Plan 2: ḡ=12, γE[v]=15.0, Q=27.0
2026-09-23 17:12:18,905 INFO: Plan 2: ḡ=12, γE[v]=4.0, Q=16.0
2026-09-23 17:12:18,906 INFO: Plan 1: ḡ=12, γE[v]=4.0, Q=16.0
2026-09-23 17:12:19,015 INFO: Plan 1: ḡ=0, γE[v]=7.5, Q=7.5
2026-09-23 17:12:19,384 INFO: Plan 2: ḡ=12, γE[v]=7.5, Q=19.5
2026-09-23 17:12:19,384 INFO: Plan 0: ḡ=12, γE[v]=7.5, Q=19.5
2026-09-23 17:12:19,806 INFO: Plan 0: ḡ=10, γE[v]=10.0, Q=20.0
2026-09-23 17:12:19,848 INFO: Plan 2: ḡ=30, γE[v]=10.0, Q=40.0
2026-09-23 17:12:19,848 INFO: Plan 1: ḡ=20, γE[v]=15.0, Q=35.0
2026-09-23 17:12:20,304 INFO: Plan 2: ḡ=15, γE[v]=15.0, Q=30.0
2026-09-23 17:12:20,305 INFO: Plan 1: ḡ=35, γE[v]=10.0, Q=45.0
2026-09-23 17:12:20,894 INFO: Plan 2: ḡ=25, γE[v]=15.0, Q=40.0
2026-09-23 17:12:20,895 INFO: Plan 0: ḡ=35, γE[v]=10.0, Q=45.0
2026-09-23 17:12:20,895 INFO: Plan 1: ḡ=25, γE[v]=15.0, Q=40.0
2026-09-23 17:12:20,895 INFO: Plan 0: ḡ=12, γE[v]=17.5, Q=29.5
2026-09-23 17:12:21,474 INFO: Plan 1: ḡ=0, γE[v]=0.0, Q=0.0
2026-09-23 17:12:21,510 INFO: Plan 0: ḡ=0, γE[v]=5.0, Q=5.0
2026-09-23 17:12:21,553 INFO: Plan 2: ḡ=0, γE[v]=0.0, Q=0.0
2026-09-23 17:12:28,111 INFO: Plan 0: ḡ=12, γE[v]=17.5, Q=29.5
2026-09-23 17:12:28,219 INFO: Plan 1: ḡ=12, γE[v]=15.0, Q=27.0
2026-09-23 17:12:28,523 INFO: Plan 2: ḡ=12, γE[v]=15.0, Q=27.0
2026-09-23 17:12:31,099 INFO: Plan 1: ḡ=12, γE[v]=22.5, Q=34.5
2026-09-23 17:12:31,099 INFO: Plan 0: ḡ=12, γE[v]=17.5, Q=29.5
2026-09-23 17:12:31,100 INFO: Plan 2: ḡ=12, γE[v]=20.0, Q=32.0
2026-09-23 17:12:35,428 INFO: Plan 0: ḡ=0, γE[v]=25.0, Q=25.0
2026-09-23 17:12:35,429 INFO: Plan 2: ḡ=0, γE[v]=20.0, Q=20.0
2026-09-23 17:12:35,429 INFO: Plan 0: ḡ=2, γE[v]=5.0, Q=7.0
2026-09-23 17:12:35,466 INFO: Plan 1: ḡ=35, γE[v]=7.5, Q=42.5
2026-09-23 17:12:35,552 INFO: Plan 0: ḡ=0, γE[v]=0.0, Q=0.0
2026-09-23 17:12:35,703 INFO: Plan 1: ḡ=10, γE[v]=20.0, Q=30.0
2026-09-23 17:12:35,704 INFO: Plan 2: ḡ=25, γE[v]=7.5, Q=32.5
2026-09-23 17:12:36,173 INFO: Plan 0: ḡ=0, γE[v]=0.0, Q=0.0
2026-09-23 17:12:36,356 INFO: Plan 1: ḡ=12, γE[v]=10.0, Q=22.0
2026-09-23 17:12:36,356 INFO: Plan 2: ḡ=12, γE[v]=10.0, Q=22.0
2026-09-23 17:12:36,392 INFO: Plan 1: ḡ=12, γE[v]=12.5, Q=24.5
2026-09-23 17:12:36,606 INFO: Plan 2: ḡ=12, γE[v]=12.5, Q=24.5
2026-09-23 17:12:36,645 INFO: Plan 2: ḡ=15, γE[v]=10.0, Q=25.0
2026-09-23 17:12:36,646 INFO: Plan 0: ḡ=25, γE[v]=15.0, Q=40.0
2026-09-23 17:12:36,648 INFO: Plan 1: ḡ=12, γE[v]=7.5, Q=19.5
2026-09-23 17:12:37,163 INFO: Plan 1: ḡ=10, γE[v]=15.0, Q=25.0
2026-09-23 17:12:37,205 INFO: Plan 0: ḡ=25, γE[v]=15.0, Q=40.0
2026-09-23 17:12:37,207 INFO: Plan 2: ḡ=35, γE[v]=20.0, Q=55.0
2026-09-23 17:12:37,440 INFO: Plan 1: ḡ=0, γE[v]=0.0, Q=0.0 (fn)
2026-09-23 17:12:37,441 INFO: Plan 0: ḡ=0, γE[v]=0.0, Q=0.0 (fn)
2026-09-23 17:12:37,874 INFO: Plan 2: ḡ=0, γE[v]=0.0, Q=0.0 (fn)
2026-09-23 17:12:37,875 INFO: Plan 0: ḡ=0.0, γE[v]=0.0, Q=0.0 (bayes)
2026-09-23 17:12:37,875 INFO: Plan 1: ḡ=0.0, γE[v]=0.0, Q=0.0 (bayes)
2026-09-23 17:12:37,875 INFO: Plan 2: ḡ=0.0, γE[v]=0.0, Q=0.0 (bayes)
2026-09-23 17:12:38,146 INFO: Plan 1: ḡ=0, γE[v]=0.0, Q=0.0
2026-09-23 17:12:38,186 INFO: Plan 2: ḡ=5, γE[v]=5.0, Q=10.0
2026-09-23 17:12:38,188 INFO: Plan 0: ḡ=0, γE[v]=5.0, Q=5.0
2026-09-23 17:12:38,641 INFO: Plan 1: ḡ=20, γE[v]=15.0, Q=35.0
2026-09-23 17:12:38,684 INFO: Plan 2: ḡ=20, γE[v]=15.0, Q=35.0
2026-09-23 17:12:38,685 INFO: Plan 0: ḡ=12, γE[v]=10.0, Q=22.0
2026-09-23 17:12:38,941 INFO: Plan 0: ḡ=0, γE[v]=5.0, Q=5.0
2026-09-23 17:12:38,941 INFO: Plan 1: ḡ=12, γE[v]=7.5, Q=19.5
2026-09-23 17:12:39,088 INFO: Plan 2: ḡ=12, γE[v]=7.5, Q=19.5
2026-09-23 17:12:40,214 INFO: Plan 1: ḡ=12, γE[v]=7.5, Q=19.5
2026-09-23 17:12:40,215 INFO: Plan 0: ḡ=12, γE[v]=17.5, Q=29.5
2026-09-23 17:12:40,589 INFO: Plan 2: ḡ=20, γE[v]=15.0, Q=35.0
2026-09-23 17:12:43,873 INFO: Plan 0: ḡ=10, γE[v]=10.0, Q=20.0
2026-09-23 17:12:44,094 INFO: Plan 2: ḡ=0, γE[v]=0.0, Q=0.0
2026-09-23 17:12:44,392 INFO: Plan 1: ḡ=12, γE[v]=7.5, Q=19.5
2026-09-23 17:12:50,463 INFO: Plan 0: ḡ=12, γE[v]=10.0, Q=22.0
2026-09-23 17:12:50,918 INFO: Plan 1: ḡ=12, γE[v]=15.0, Q=27.0
2026-09-23 17:12:51,181 INFO: Plan 2: ḡ=12, γE[v]=7.5, Q=19.5
2026-09-23 17:12:51,789 INFO: Plan 1: ḡ=35, γE[v]=20.0, Q=55.0
2026-09-23 17:12:51,789 INFO: Plan 2: ḡ=35, γE[v]=10.0, Q=45.0
2026-09-23 17:12:51,790 INFO: Plan 0: ḡ=35, γE[v]=10.0, Q=45.0
2026-09-23 17:12:51,791 INFO: Plan 1: ḡ=12, γE[v]=7.5, Q=19.5
2026-09-23 17:12:51,827 INFO: Plan 2: ḡ=12, γE[v]=18.0, Q=30.0
2026-09-23 17:12:51,828 INFO: Plan 0: ḡ=12, γE[v]=7.5, Q=19.5
2026-09-23 17:12:53,537 INFO: Plan 1: ḡ=12, γE[v]=17.5, Q=29.5
2026-09-23 17:12:53,615 INFO: Plan 0: ḡ=12, γE[v]=7.5, Q=19.5
2026-09-23 17:12:53,812 INFO: Plan 2: ḡ=0, γE[v]=12.5, Q=12.5
2026-09-23 17:12:57,037 INFO: Plan 0: ḡ=0, γE[v]=0.0, Q=0.0
2026-09-23 17:12:57,257 INFO: Plan 2: ḡ=0, γE[v]=0.0, Q=0.0
2026-09-23 17:12:57,257 INFO: Plan 1: ḡ=0, γE[v]=0.0, Q=0.0
2026-09-23 17:12:57,566 INFO: Plan 0: ḡ=6, γE[v]=6.0, Q=12.0
2026-09-23 17:12:57,567 INFO: Plan 1: ḡ=5, γE[v]=7.5, Q=12.5
2026-09-23 17:12:57,607 INFO: Plan 2: ḡ=12, γE[v]=7.5, Q=19.5
2026-09-23 17:12:57,856 INFO: Plan 0: ḡ=10, γE[v]=10.0, Q=20.0
2026-09-23 17:12:57,857 INFO: Plan 1: ḡ=10, γE[v]=15.0, Q=25.0
2026-09-23 17:12:57,857 INFO: Plan 2: ḡ=12, γE[v]=10.0, Q=22.0
2026-09-23 17:12:58,229 INFO: Plan 0: ḡ=0, γE[v]=0.0, Q=0.0
2026-09-23 17:12:58,934 INFO: Plan 2: ḡ=10, γE[v]=7.5, Q=17.5
2026-09-23 17:12:58,934 INFO: Plan 1: ḡ=12, γE[v]=7.5, Q=19.5
2026-09-23 17:12:58,973 INFO: Plan 0: ḡ=12, γE[v]=10.0, Q=22.0
2026-09-23 17:12:59,310 INFO: Plan 1: ḡ=5, γE[v]=20.0, Q=25.0
2026-09-23 17:12:59,703 INFO: Plan 2: ḡ=12, γE[v]=17.5, Q=29.5
2026-09-23 17:13:00,658 INFO: Plan 0: ḡ=12, γE[v]=17.5, Q=29.5
2026-09-23 17:13:00,832 INFO: Plan 1: ḡ=10, γE[v]=10.0, Q=20.0
2026-09-23 17:13:01,229 INFO: Plan 2: ḡ=12, γE[v]=10.0, Q=22.0
2026-09-23 17:13:03,670 INFO: Plan 1: ḡ=5, γE[v]=7.5, Q=12.5
2026-09-23 17:13:03,889 INFO: Plan 0: ḡ=5, γE[v]=7.5, Q=12.5
2026-09-23 17:13:04,031 INFO: Plan 2: ḡ=12, γE[v]=10.0, Q=22.0
2026-09-23 17:13:04,300 INFO: Plan 0: ḡ=0, γE[v]=0.0, Q=0.0
2026-09-23 17:13:04,515 INFO: Plan 1: ḡ=4, γE[v]=6.0, Q=10.0
2026-09-23 17:13:04,554 INFO: Plan 2: ḡ=12, γE[v]=7.5, Q=19.5
2026-09-23 17:13:06,818 INFO: Plan 2: ḡ=5, γE[v]=7.5, Q=12.5
2026-09-23 17:13:07,015 INFO: Plan 1: ḡ=25, γE[v]=7.5, Q=32.5
2026-09-23 17:13:07,015 INFO: Plan 0: ḡ=12, γE[v]=17.5, Q=29.5
2026-09-23 17:13:08,075 INFO: Plan 1: ḡ=12, γE[v]=15.0, Q=27.0
2026-09-23 17:13:08,076 INFO: Plan 0: ḡ=12, γE[v]=10.0, Q=22.0
2026-09-23 17:13:08,233 INFO: Plan 2: ḡ=12, γE[v]=7.5, Q=19.5
2026-09-23 17:13:10,242 INFO: Plan 0: ḡ=12, γE[v]=7.5, Q=19.5
2026-09-23 17:13:10,825 INFO: Plan 2: ḡ=0, γE[v]=0.0, Q=0.0
2026-09-23 17:13:10,826 INFO: Plan 1: ḡ=0, γE[v]=0.0, Q=0.0
2026-09-23 17:13:11,100 INFO: Plan 1: ḡ=0, γE[v]=0.0, Q=0.0
2026-09-23 17:13:11,101 INFO: Plan 0: ḡ=0, γE[v]=0.0, Q=0.0
2026-09-23 17:13:11,334 INFO: Plan 2: ḡ=12, γE[v]=15.0, Q=27.0
2026-09-23 17:13:11,335 INFO: Plan 0: ḡ=12, γE[v]=10.0, Q=22.0
2026-09-23 17:13:11,336 INFO: Plan 1: ḡ=16, γE[v]=6.0, Q=22.0
2026-09-23 17:13:11,598 INFO: Plan 2: ḡ=12, γE[v]=10.0, Q=22.0
2026-09-23 17:13:11,832 INFO: Plan 1: ḡ=0, γE[v]=0.0, Q=0.0
2026-09-23 17:13:11,872 INFO: Plan 2: ḡ=0, γE[v]=0.0, Q=0.0
2026-09-23 17:13:11,872 INFO: Plan 0: ḡ=0, γE[v]=0.0, Q=0.0
2026-09-23 17:13:13,132 INFO: Plan 1: ḡ=0, γE[v]=5.0, Q=5.0
2026-09-23 17:13:13,642 INFO: Plan 0: ḡ=0, γE[v]=5.0, Q=5.0
2026-09-23 17:13:13,764 INFO: Plan 2: ḡ=12, γE[v]=15.0, Q=27.0
2026-09-23 17:13:13,806 INFO: Plan 2: ḡ=12, γE[v]=7.5, Q=19.5
2026-09-23 17:13:13,807 INFO: Plan 1: ḡ=18, γE[v]=15.0, Q=33.0
2026-09-23 17:13:13,807 INFO: Plan 0: ḡ=12, γE[v]=10.0, Q=22.0
2026-09-23 17:13:14,439 INFO: Plan 1: ḡ=12, γE[v]=7.5, Q=19.5
2026-09-23 17:13:14,440 INFO: Plan 0: ḡ=10, γE[v]=7.5, Q=17.5
2026-09-23 17:13:14,628 INFO: Plan 2: ḡ=12, γE[v]=15.0, Q=27.0
2026-09-23 17:13:15,445 INFO: Plan 0: ḡ=5, γE[v]=5.0, Q=10.0
2026-09-23 17:13:15,535 INFO: Plan 1: ḡ=0, γE[v]=0.0, Q=0.0
2026-09-23 17:13:15,536 INFO: Plan 2: ḡ=4, γE[v]=1.0, Q=5.0
2026-09-23 17:13:18,323 INFO: Plan 2: ḡ=12, γE[v]=15.0, Q=27.0
2026-09-23 17:13:18,324 INFO: Plan 1: ḡ=12, γE[v]=17.5, Q=29.5
2026-09-23 17:13:18,325 INFO: Plan 0: ḡ=12, γE[v]=17.5, Q=29.5
2026-09-23 17:13:18,593 INFO: Plan 0: ḡ=12, γE[v]=7.5, Q=19.5
2026-09-23 17:13:18,857 INFO: Plan 1: ḡ=10, γE[v]=10.0, Q=20.0
2026-09-23 17:13:18,858 INFO: Plan 2: ḡ=10, γE[v]=15.0, Q=25.0
2026-09-23 17:13:19,114 INFO: Plan 0: ḡ=4, γE[v]=6.0, Q=10.0
2026-09-23 17:13:19,236 INFO: Plan 2: ḡ=5, γE[v]=15.0, Q=20.0
2026-09-23 17:13:19,278 INFO: Plan 1: ḡ=12, γE[v]=10.0, Q=22.0
2026-09-23 17:13:20,941 INFO: Plan 0: ḡ=12, γE[v]=20.0, Q=32.0
2026-09-23 17:13:21,025 INFO: Plan 1: ḡ=12, γE[v]=17.5, Q=29.5
2026-09-23 17:13:21,026 INFO: Plan 2: ḡ=25, γE[v]=15.0, Q=40.0
2026-09-23 17:13:25,761 INFO: Plan 0: ḡ=15, γE[v]=15.0, Q=30.0
2026-09-23 17:13:25,841 INFO: Plan 1: ḡ=12, γE[v]=17.5, Q=29.5
2026-09-23 17:13:26,063 INFO: Plan 2: ḡ=35, γE[v]=7.5, Q=42.5
2026-09-23 17:13:27,146 INFO: Plan 0: ḡ=11, γE[v]=0.0, Q=11.0
2026-09-23 17:13:27,603 INFO: Plan 1: ḡ=11, γE[v]=14.0, Q=25.0
2026-09-23 17:13:27,940 INFO: Plan 2: ḡ=0, γE[v]=0.0, Q=0.0
2026-09-23 17:13:28,229 INFO: Plan 1: ḡ=0, γE[v]=0.0, Q=0.0
2026-09-23 17:13:28,269 INFO: Plan 0: ḡ=2, γE[v]=5.0, Q=7.0
2026-09-23 17:13:28,311 INFO: Plan 2: ḡ=0, γE[v]=0.0, Q=0.0
2026-09-23 17:13:30,057 INFO: Plan 0: ḡ=12, γE[v]=14.0, Q=26.0
2026-09-23 17:13:30,262 INFO: Plan 1: ḡ=12, γE[v]=17.5, Q=29.5
2026-09-23 17:13:30,511 INFO: Plan 2: ḡ=12, γE[v]=12.5, Q=24.5
2026-09-23 17:13:31,919 INFO: Plan 2: ḡ=6, γE[v]=16.0, Q=22.0
2026-09-23 17:13:31,959 INFO: Plan 0: ḡ=12, γE[v]=17.5, Q=29.5
2026-09-23 17:13:31,960 INFO: Plan 1: ḡ=12, γE[v]=17.5, Q=29.5
2026-09-23 17:13:32,027 INFO: Plan 1: ḡ=25, γE[v]=20.0, Q=45.0
2026-09-23 17:13:32,291 INFO: Plan 0: ḡ=12, γE[v]=17.5, Q=29.5
2026-09-23 17:13:32,476 INFO: Plan 2: ḡ=12, γE[v]=17.5, Q=29.5
2026-09-23 17:13:33,512 INFO: Plan 0: ḡ=10, γE[v]=10.0, Q=20.0
2026-09-23 17:13:33,552 INFO: Plan 1: ḡ=12, γE[v]=7.5, Q=19.5
2026-09-23 17:13:33,553 INFO: Plan 2: ḡ=12, γE[v]=7.5, Q=19.5
2026-09-23 17:13:34,113 INFO: Plan 0: ḡ=12, γE[v]=17.5, Q=29.5
2026-09-23 17:13:34,196 INFO: Plan 2: ḡ=25, γE[v]=15.0, Q=40.0
2026-09-23 17:13:34,196 INFO: Plan 1: ḡ=12, γE[v]=10.0, Q=22.0
2026-09-23 17:13:34,237 INFO: Plan 1: ḡ=12, γE[v]=7.5, Q=19.5
2026-09-23 17:13:34,238 INFO: Plan 0: ḡ=10, γE[v]=10.0, Q=20.0
2026-09-23 17:13:34,437 INFO: Plan 2: ḡ=12, γE[v]=7.5, Q=19.5
2026-09-23 17:13:35,274 INFO: Plan 0: ḡ=0, γE[v]=0.0, Q=0.0
2026-09-23 17:13:35,316 INFO: Plan 0: ḡ=5, γE[v]=7.5, Q=12.5
2026-09-23 17:13:35,316 INFO: Plan 2: ḡ=5, γE[v]=15.0, Q=20.0
2026-09-23 17:13:35,356 INFO: Plan 1: ḡ=25, γE[v]=15.0, Q=40.0
2026-09-23 17:13:35,357 INFO: Plan 2: ḡ=35, γE[v]=7.5, Q=42.5
2026-09-23 17:13:35,357 INFO: Plan 1: ḡ=12, γE[v]=7.5, Q=19.5
2026-09-23 17:13:40,965 INFO: Plan 1: ḡ=12, γE[v]=15.0, Q=27.0
2026-09-23 17:13:40,965 INFO: Plan 2: ḡ=43, γE[v]=6.0, Q=49.0
2026-09-23 17:13:40,966 INFO: Plan 0: ḡ=12, γE[v]=60.0, Q=72.0
2026-09-23 17:13:44,253 INFO: Plan 0: ḡ=0, γE[v]=5.0, Q=5.0
2026-09-23 17:13:44,291 INFO: Plan 1: ḡ=0, γE[v]=0.0, Q=0.0
2026-09-23 17:13:44,557 INFO: Plan 2: ḡ=12, γE[v]=7.5, Q=19.5
2026-09-23 17:13:45,109 INFO: Plan 0: ḡ=5, γE[v]=5.0, Q=10.0
2026-09-23 17:13:45,229 INFO: Plan 2: ḡ=5, γE[v]=7.5, Q=12.5
2026-09-23 17:13:45,270 INFO: Plan 1: ḡ=12, γE[v]=7.5, Q=19.5
2026-09-23 17:13:46,830 INFO: Plan 2: ḡ=0, γE[v]=0.0, Q=0.0
2026-09-23 17:13:46,830 INFO: Plan 0: ḡ=0, γE[v]=0.0, Q=0.0
2026-09-23 17:13:46,870 INFO: Plan 1: ḡ=0, γE[v]=20.0, Q=20.0
2026-09-23 17:13:47,453 INFO: Plan 2: ḡ=12, γE[v]=7.5, Q=19.5
2026-09-23 17:13:47,454 INFO: Plan 1: ḡ=12, γE[v]=7.5, Q=19.5
2026-09-23 17:13:47,455 INFO: Plan 0: ḡ=12, γE[v]=7.5, Q=19.5
2026-09-23 17:13:47,562 INFO: Plan 0: ḡ=5, γE[v]=5.0, Q=10.0
2026-09-23 17:13:47,562 INFO: Plan 1: ḡ=5, γE[v]=7.5, Q=12.5
2026-09-23 17:13:47,954 INFO: Plan 2: ḡ=12, γE[v]=7.5, Q=19.5
2026-09-23 17:13:49,089 INFO: Plan 0: ḡ=12, γE[v]=17.5, Q=29.5
2026-09-23 17:13:49,250 INFO: Plan 2: ḡ=15, γE[v]=15.0, Q=30.0
2026-09-23 17:13:49,251 INFO: Plan 1: ḡ=12, γE[v]=10.0, Q=22.0
2026-09-23 17:13:49,792 INFO: Plan 2: ḡ=25, γE[v]=15.0, Q=40.0
2026-09-23 17:13:49,792 INFO: Plan 0: ḡ=25, γE[v]=15.0, Q=40.0
2026-09-23 17:13:49,793 INFO: Plan 0: ḡ=10, γE[v]=15.0, Q=25.0
2026-09-23 17:13:49,876 INFO: Plan 1: ḡ=25, γE[v]=15.0, Q=40.0
2026-09-23 17:13:50,375 INFO: Plan 2: ḡ=0, γE[v]=0.0, Q=0.0
2026-09-23 17:13:50,485 INFO: Plan 1: ḡ=12, γE[v]=12.5, Q=24.5
2026-09-23 17:13:50,636 INFO: Plan 0: ḡ=12, γE[v]=15.0, Q=27.0
2026-09-23 17:13:50,755 INFO: Plan 1: ḡ=25, γE[v]=15.0, Q=40.0
2026-09-23 17:13:50,835 INFO: Plan 2: ḡ=35, γE[v]=10.0, Q=45.0
2026-09-23 17:13:51,768 INFO: Plan 1: ḡ=35, γE[v]=20.0, Q=55.0
2026-09-23 17:13:51,942 INFO: Plan 0: ḡ=35, γE[v]=10.0, Q=45.0
2026-09-23 17:13:52,310 INFO: Plan 2: ḡ=35, γE[v]=10.0, Q=45.0
2026-09-23 17:13:57,568 INFO: Plan 0: ḡ=10, γE[v]=15.0, Q=25.0
2026-09-23 17:13:57,569 INFO: Plan 1: ḡ=10, γE[v]=15.0, Q=25.0
2026-09-23 17:13:57,569 INFO: Plan 2: ḡ=12, γE[v]=10.0, Q=22.0
2026-09-23 17:13:58,214 INFO: Plan 1: ḡ=0, γE[v]=0.0, Q=0.0
2026-09-23 17:13:58,215 INFO: Plan 0: ḡ=0, γE[v]=0.0, Q=0.0
2026-09-23 17:13:58,708 INFO: Plan 2: ḡ=0, γE[v]=0.0, Q=0.0
2026-09-23 17:13:58,959 INFO: Plan 0: ḡ=12, γE[v]=10.0, Q=22.0
2026-09-23 17:13:59,252 INFO: Plan 1: ḡ=12, γE[v]=15.0, Q=27.0
2026-09-23 17:13:59,252 INFO: Plan 2: ḡ=12, γE[v]=12.5, Q=24.5
2026-09-23 17:14:04,269 INFO: Plan 0: ḡ=12, γE[v]=7.5, Q=19.5
2026-09-23 17:14:04,610 INFO: Plan 1: ḡ=0, γE[v]=0.0, Q=0.0
2026-09-23 17:14:04,610 INFO: Plan 2: ḡ=0, γE[v]=0.0, Q=0.0
2026-09-23 17:14:06,640 INFO: Plan 0: ḡ=5, γE[v]=7.5, Q=12.5
2026-09-23 17:14:06,968 INFO: Plan 1: ḡ=12, γE[v]=15.0, Q=27.0
2026-09-23 17:14:07,156 INFO: Plan 2: ḡ=12, γE[v]=7.5, Q=19.5
2026-09-23 17:14:07,195 INFO: Plan 1: ḡ=5, γE[v]=7.5, Q=12.5
2026-09-23 17:14:07,372 INFO: Plan 0: ḡ=12, γE[v]=7.5, Q=19.5
2026-09-23 17:14:07,373 INFO: Plan 2: ḡ=12, γE[v]=7.5, Q=19.5
2026-09-23 17:14:08,261 INFO: Plan 0: ḡ=10, γE[v]=15.0, Q=25.0
2026-09-23 17:14:08,263 INFO: Plan 2: ḡ=12, γE[v]=7.5, Q=19.5
2026-09-23 17:14:08,263 INFO: Plan 1: ḡ=12, γE[v]=7.5, Q=19.5
2026-09-23 17:14:08,884 INFO: Plan 1: ḡ=12, γE[v]=9.0, Q=21.0
2026-09-23 17:14:08,885 INFO: Plan 0: ḡ=12, γE[v]=12.5, Q=24.5
2026-09-23 17:14:08,886 INFO: Plan 2: ḡ=12, γE[v]=10.0, Q=22.0
2026-09-23 17:14:08,927 INFO: Plan 1: ḡ=12, γE[v]=7.5, Q=19.5
2026-09-23 17:14:08,928 INFO: Plan 0: ḡ=12, γE[v]=10.0, Q=22.0
2026-09-23 17:14:09,239 INFO: Plan 2: ḡ=5, γE[v]=15.0, Q=20.0
2026-09-23 17:14:09,428 INFO: Plan 0: ḡ=0, γE[v]=0.0, Q=0.0
2026-09-23 17:14:09,469 INFO: Plan 1: ḡ=0, γE[v]=0.0, Q=0.0
2026-09-23 17:14:09,470 INFO: Plan 2: ḡ=0, γE[v]=0.0, Q=0.0
2026-09-23 17:14:09,947 INFO: Plan 0: ḡ=12, γE[v]=10.0, Q=22.0
2026-09-23 17:14:10,196 INFO: Plan 1: ḡ=12, γE[v]=7.5, Q=19.5
2026-09-23 17:14:10,238 INFO: Plan 2: ḡ=12, γE[v]=7.5, Q=19.5
2026-09-23 17:14:10,240 INFO: Plan 0: ḡ=12, γE[v]=10.0, Q=22.0
2026-09-23 17:14:10,241 INFO: Plan 1: ḡ=12, γE[v]=10.0, Q=22.0
2026-09-23 17:14:10,242 INFO: Plan 2: ḡ=12, γE[v]=10.0, Q=22.0
2026-09-23 17:14:16,247 INFO: Plan 1: ḡ=5, γE[v]=5.0, Q=10.0
2026-09-23 17:14:16,248 INFO: Plan 0: ḡ=10, γE[v]=7.5, Q=17.5
2026-09-23 17:14:16,288 INFO: Plan 2: ḡ=12, γE[v]=10.0, Q=22.0
2026-09-23 17:14:20,673 INFO: Plan 0: ḡ=12, γE[v]=17.5, Q=29.5
2026-09-23 17:14:20,754 INFO: Plan 2: ḡ=5, γE[v]=7.5, Q=12.5
2026-09-23 17:14:20,795 INFO: Plan 1: ḡ=12, γE[v]=17.5, Q=29.5
2026-09-23 17:14:21,142 INFO: Plan 0: ḡ=0, γE[v]=0.0, Q=0.0
2026-09-23 17:14:21,346 INFO: Plan 2: ḡ=4, γE[v]=1.0, Q=5.0
2026-09-23 17:14:21,346 INFO: Plan 1: ḡ=2, γE[v]=0.0, Q=2.0
2026-09-23 17:14:22,422 INFO: Plan 1: ḡ=0, γE[v]=2.5, Q=2.5
2026-09-23 17:14:22,462 INFO: Plan 0: ḡ=12, γE[v]=10.0, Q=22.0
2026-09-23 17:14:22,531 INFO: Plan 2: ḡ=0, γE[v]=0.0, Q=0.0
2026-09-23 17:14:24,219 INFO: Plan 0: ḡ=12, γE[v]=15.0, Q=27.0
2026-09-23 17:14:24,765 INFO: Plan 1: ḡ=25, γE[v]=7.5, Q=32.5
2026-09-23 17:14:24,765 INFO: Plan 2: ḡ=25, γE[v]=7.5, Q=32.5
2026-09-23 17:14:25,312 INFO: Plan 0: ḡ=4, γE[v]=5.0, Q=9.0
2026-09-23 17:14:25,353 INFO: Plan 1: ḡ=12, γE[v]=10.0, Q=22.0
2026-09-23 17:14:25,353 INFO: Plan 2: ḡ=12, γE[v]=7.5, Q=19.5
2026-09-23 17:14:25,462 INFO: Plan 1: ḡ=12, γE[v]=17.5, Q=29.5
2026-09-23 17:14:25,463 INFO: Plan 0: ḡ=12, γE[v]=17.5, Q=29.5
2026-09-23 17:14:25,802 INFO: Plan 2: ḡ=12, γE[v]=17.5, Q=29.5
2026-09-23 17:14:27,253 INFO: Plan 0: ḡ=12, γE[v]=17.5, Q=29.5
2026-09-23 17:14:27,254 INFO: Plan 2: ḡ=12, γE[v]=15.0, Q=27.0
2026-09-23 17:14:27,254 INFO: Plan 1: ḡ=12, γE[v]=17.5, Q=29.5
2026-09-23 17:14:27,935 INFO: Plan 0: ḡ=10, γE[v]=7.5, Q=17.5
2026-09-23 17:14:27,936 INFO: Plan 1: ḡ=10, γE[v]=10.0, Q=20.0
2026-09-23 17:14:27,937 INFO: Plan 2: ḡ=12, γE[v]=15.0, Q=27.0
2026-09-23 17:14:28,659 INFO: Plan 1: ḡ=12, γE[v]=17.5, Q=29.5
2026-09-23 17:14:28,660 INFO: Plan 2: ḡ=20, γE[v]=15.0, Q=35.0
2026-09-23 17:14:28,660 INFO: Plan 0: ḡ=12, γE[v]=17.5, Q=29.5
2026-09-23 17:14:28,825 INFO: Plan 1: ḡ=12, γE[v]=19.0, Q=31.0
2026-09-23 17:14:29,073 INFO: Plan 0: ḡ=0, γE[v]=0.0, Q=0.0
2026-09-23 17:14:29,115 INFO: Plan 2: ḡ=4, γE[v]=23.0, Q=27.0
2026-09-23 17:14:29,905 INFO: Plan 0: ḡ=12, γE[v]=7.5, Q=19.5
2026-09-23 17:14:30,540 INFO: Plan 1: ḡ=12, γE[v]=7.5, Q=19.5
2026-09-23 17:14:30,691 INFO: Plan 1: ḡ=25, γE[v]=7.5, Q=32.5
2026-09-23 17:14:30,693 INFO: Plan 0: ḡ=12, γE[v]=7.5, Q=19.5
2026-09-23 17:14:30,693 INFO: Plan 2: ḡ=12, γE[v]=7.5, Q=19.5
2026-09-23 17:14:30,915 INFO: Plan 2: ḡ=25, γE[v]=7.5, Q=32.5
2026-09-23 17:14:32,151 INFO: Plan 0: ḡ=0, γE[v]=0.0, Q=0.0
2026-09-23 17:14:32,917 INFO: Plan 1: ḡ=5, γE[v]=7.5, Q=12.5
2026-09-23 17:14:33,039 INFO: Plan 2: ḡ=5, γE[v]=5.0, Q=10.0
2026-09-23 17:14:35,976 INFO: Plan 0: ḡ=12, γE[v]=9.0, Q=21.0
2026-09-23 17:14:36,015 INFO: Plan 0: ḡ=0, γE[v]=0.0, Q=0.0
2026-09-23 17:14:36,016 INFO: Plan 2: ḡ=0, γE[v]=20.0, Q=20.0
2026-09-23 17:14:36,167 INFO: Plan 1: ḡ=12, γE[v]=10.0, Q=22.0
2026-09-23 17:14:36,168 INFO: Plan 1: ḡ=0, γE[v]=0.0, Q=0.0
2026-09-23 17:14:36,413 INFO: Plan 2: ḡ=0, γE[v]=0.0, Q=0.0
2026-09-23 17:14:38,735 INFO: Plan 0: ḡ=5, γE[v]=60.0, Q=65.0
2026-09-23 17:14:39,366 INFO: Plan 1: ḡ=2, γE[v]=2.5, Q=4.5
2026-09-23 17:14:39,588 INFO: Plan 2: ḡ=35, γE[v]=7.5, Q=42.5
2026-09-23 17:14:41,149 INFO: Plan 0: ḡ=10, γE[v]=7.5, Q=17.5
2026-09-23 17:14:41,404 INFO: Plan 2: ḡ=10, γE[v]=7.5, Q=17.5
2026-09-23 17:14:41,404 INFO: Plan 1: ḡ=10, γE[v]=7.5, Q=17.5
2026-09-23 17:14:41,824 INFO: Plan 1: ḡ=10, γE[v]=2.5, Q=12.5
2026-09-23 17:14:41,866 INFO: Plan 2: ḡ=10, γE[v]=7.5, Q=17.5
2026-09-23 17:14:41,866 INFO: Plan 0: ḡ=12, γE[v]=7.5, Q=19.5
2026-09-23 17:14:42,404 INFO: Plan 0: ḡ=12, γE[v]=7.5, Q=19.5
2026-09-23 17:14:42,513 INFO: Plan 1: ḡ=0, γE[v]=0.0, Q=0.0
2026-09-23 17:14:42,677 INFO: Plan 2: ḡ=0, γE[v]=0.0, Q=0.0
2026-09-23 17:14:44,572 INFO: Plan 0: ḡ=2, γE[v]=5.0, Q=7.0
2026-09-23 17:14:44,613 INFO: Plan 2: ḡ=35, γE[v]=7.5, Q=42.5
2026-09-23 17:14:44,614 INFO: Plan 1: ḡ=35, γE[v]=10.0, Q=45.0
2026-09-23 17:14:44,795 INFO: Plan 0: ḡ=12, γE[v]=7.5, Q=19.5
2026-09-23 17:14:45,091 INFO: Plan 2: ḡ=2, γE[v]=5.0, Q=7.0
2026-09-23 17:14:45,092 INFO: Plan 1: ḡ=12, γE[v]=7.5, Q=19.5
2026-09-23 17:14:46,358 INFO: Plan 0: ḡ=12, γE[v]=15.0, Q=27.0
2026-09-23 17:14:46,441 INFO: Plan 1: ḡ=12, γE[v]=17.5, Q=29.5
2026-09-23 17:14:46,441 INFO: Plan 2: ḡ=12, γE[v]=21.5, Q=33.5
2026-09-23 17:14:51,459 INFO: Plan 0: ḡ=0, γE[v]=0.0, Q=0.0
2026-09-23 17:14:51,584 INFO: Plan 1: ḡ=0, γE[v]=0.0, Q=0.0
2026-09-23 17:14:52,276 INFO: Plan 2: ḡ=0, γE[v]=0.0, Q=0.0
2026-09-23 17:14:53,280 INFO: Plan 0: ḡ=25, γE[v]=7.5, Q=32.5
2026-09-23 17:14:53,281 INFO: Plan 1: ḡ=20, γE[v]=15.0, Q=35.0
2026-09-23 17:14:53,281 INFO: Plan 2: ḡ=20, γE[v]=15.0, Q=35.0
2026-09-23 17:14:57,889 INFO: Plan 1: ḡ=22, γE[v]=15.0, Q=37.0
2026-09-23 17:14:57,889 INFO: Plan 2: ḡ=35, γE[v]=20.0, Q=55.0
2026-09-23 17:14:57,889 INFO: Plan 0: ḡ=12, γE[v]=17.5, Q=29.5
2026-09-23 17:14:58,257 INFO: Plan 1: ḡ=12, γE[v]=17.5, Q=29.5
2026-09-23 17:14:58,258 INFO: Plan 0: ḡ=12, γE[v]=17.5, Q=29.5
2026-09-23 17:14:58,518 INFO: Plan 2: ḡ=12, γE[v]=15.0, Q=27.0
2026-09-23 17:15:00,314 INFO: Plan 0: ḡ=12, γE[v]=7.5, Q=19.5
2026-09-23 17:15:00,316 INFO: Plan 1: ḡ=12, γE[v]=7.5, Q=19.5
2026-09-23 17:15:00,528 INFO: Plan 2: ḡ=10, γE[v]=15.0, Q=25.0
2026-09-23 17:15:02,399 INFO: Plan 0: ḡ=35, γE[v]=20.0, Q=55.0
2026-09-23 17:15:02,400 INFO: Plan 1: ḡ=35, γE[v]=10.0, Q=45.0
2026-09-23 17:15:02,439 INFO: Plan 2: ḡ=35, γE[v]=20.0, Q=55.0
2026-09-23 17:15:02,835 INFO: Plan 1: ḡ=0, γE[v]=0.0, Q=0.0
2026-09-23 17:15:02,918 INFO: Plan 0: ḡ=12, γE[v]=7.5, Q=19.5
2026-09-23 17:15:02,919 INFO: Plan 2: ḡ=12, γE[v]=10.0, Q=22.0
2026-09-23 17:15:08,114 INFO: Plan 1: ḡ=12, γE[v]=7.5, Q=19.5
2026-09-23 17:15:08,115 INFO: Plan 2: ḡ=12, γE[v]=15.0, Q=27.0
2026-09-23 17:15:08,115 INFO: Plan 0: ḡ=18, γE[v]=11.0, Q=29.0
2026-09-23 17:15:08,352 INFO: Plan 0: ḡ=6, γE[v]=37.0, Q=43.0
2026-09-23 17:15:08,694 INFO: Plan 1: ḡ=12, γE[v]=17.5, Q=29.5
2026-09-23 17:15:08,694 INFO: Plan 2: ḡ=12, γE[v]=17.5, Q=29.5
2026-09-23 17:15:09,077 INFO: Plan 0: ḡ=12, γE[v]=10.0, Q=22.0
2026-09-23 17:15:09,161 INFO: Plan 2: ḡ=12, γE[v]=14.0, Q=26.0
2026-09-23 17:15:09,162 INFO: Plan 1: ḡ=12, γE[v]=10.0, Q=22.0
2026-09-23 17:15:10,748 INFO: Plan 1: ḡ=12, γE[v]=7.5, Q=19.5
2026-09-23 17:15:11,124 INFO: Plan 0: ḡ=0, γE[v]=7.5, Q=7.5
2026-09-23 17:15:11,285 INFO: Plan 2: ḡ=12, γE[v]=9.0, Q=21.0
2026-09-23 17:15:12,133 INFO: Plan 0: ḡ=12, γE[v]=17.5, Q=29.5
2026-09-23 17:15:12,431 INFO: Plan 2: ḡ=12, γE[v]=7.5, Q=19.5
2026-09-23 17:15:12,431 INFO: Plan 1: ḡ=22, γE[v]=17.5, Q=39.5
2026-09-23 17:15:18,870 INFO: Plan 0: ḡ=12, γE[v]=15.0, Q=27.0
2026-09-23 17:15:19,012 INFO: Plan 2: ḡ=12, γE[v]=15.0, Q=27.0
2026-09-23 17:15:19,013 INFO: Plan 1: ḡ=12, γE[v]=15.0, Q=27.0
2026-09-23 17:15:19,518 INFO: Plan 0: ḡ=20, γE[v]=15.0, Q=35.0
2026-09-23 17:15:19,519 INFO: Plan 2: ḡ=5, γE[v]=20.0, Q=25.0
2026-09-23 17:15:19,558 INFO: Plan 1: ḡ=12, γE[v]=17.5, Q=29.5
2026-09-23 17:15:20,288 INFO: Plan 0: ḡ=12, γE[v]=7.5, Q=19.5
2026-09-23 17:15:20,288 INFO: Plan 1: ḡ=12, γE[v]=7.5, Q=19.5
2026-09-23 17:15:20,926 INFO: Plan 2: ḡ=12, γE[v]=7.5, Q=19.5
2026-09-23 17:15:20,961 INFO: Plan 0: ḡ=12, γE[v]=10.0, Q=22.0
2026-09-23 17:15:20,962 INFO: Plan 2: ḡ=25, γE[v]=15.0, Q=40.0
2026-09-23 17:15:20,963 INFO: Plan 1: ḡ=12, γE[v]=10.0, Q=22.0
2026-09-23 17:15:21,430 INFO: Plan 0: ḡ=25, γE[v]=15.0, Q=40.0
2026-09-23 17:15:21,474 INFO: Plan 1: ḡ=12, γE[v]=17.5, Q=29.5
2026-09-23 17:15:21,475 INFO: Plan 2: ḡ=12, γE[v]=17.5, Q=29.5
2026-09-23 17:15:21,475 INFO: Plan 2: ḡ=6, γE[v]=1.0, Q=7.0
2026-09-23 17:15:21,514 INFO: Plan 0: ḡ=2, γE[v]=2.5, Q=4.5
2026-09-23 17:15:21,514 INFO: Plan 0: ḡ=4, γE[v]=6.0, Q=10.0
2026-09-23 17:15:21,786 INFO: Plan 1: ḡ=10, γE[v]=7.5, Q=17.5
2026-09-23 17:15:21,787 INFO: Plan 2: ḡ=0, γE[v]=5.0, Q=5.0
2026-09-23 17:15:21,790 INFO: Plan 1: ḡ=5, γE[v]=5.0, Q=10.0
2026-09-23 17:15:22,461 INFO: Plan 0: ḡ=0, γE[v]=0.0, Q=0.0
2026-09-23 17:15:22,576 INFO: Plan 2: ḡ=5, γE[v]=7.5, Q=12.5
2026-09-23 17:15:22,577 INFO: Plan 1: ḡ=5, γE[v]=7.5, Q=12.5
2026-09-23 17:15:23,367 INFO: Plan 0: ḡ=0, γE[v]=20.0, Q=20.0
2026-09-23 17:15:23,409 INFO: Plan 1: ḡ=43, γE[v]=7.5, Q=50.5
2026-09-23 17:15:23,410 INFO: Plan 2: ḡ=43, γE[v]=10.0, Q=53.0
2026-09-23 17:15:31,673 INFO: Plan 1: ḡ=10, γE[v]=10.0, Q=20.0
2026-09-23 17:15:31,674 INFO: Plan 0: ḡ=12, γE[v]=15.0, Q=27.0
2026-09-23 17:15:31,675 INFO: Plan 2: ḡ=0, γE[v]=0.0, Q=0.0
2026-09-23 17:15:38,724 INFO: Plan 2: ḡ=0, γE[v]=20.0, Q=20.0
2026-09-23 17:15:38,767 INFO: Plan 1: ḡ=25, γE[v]=7.5, Q=32.5
2026-09-23 17:15:38,767 INFO: Plan 0: ḡ=12, γE[v]=10.0, Q=22.0
2026-09-23 17:15:39,632 INFO: Plan 0: ḡ=10, γE[v]=15.0, Q=25.0
2026-09-23 17:15:39,670 INFO: Plan 1: ḡ=12, γE[v]=7.5, Q=19.5
2026-09-23 17:15:39,670 INFO: Plan 2: ḡ=12, γE[v]=7.5, Q=19.5
2026-09-23 17:15:40,136 INFO: Plan 0: ḡ=10, γE[v]=7.5, Q=17.5
2026-09-23 17:15:40,389 INFO: Plan 2: ḡ=5, γE[v]=1.0, Q=6.0
2026-09-23 17:15:40,541 INFO: Plan 1: ḡ=10, γE[v]=7.5, Q=17.5
2026-09-23 17:15:40,994 INFO: Plan 1: ḡ=12, γE[v]=10.0, Q=22.0
2026-09-23 17:15:41,539 INFO: Plan 2: ḡ=12, γE[v]=11.0, Q=23.0
2026-09-23 17:15:41,540 INFO: Plan 0: ḡ=12, γE[v]=10.0, Q=22.0
2026-09-23 17:15:41,831 INFO: Plan 1: ḡ=2, γE[v]=5.0, Q=7.0
2026-09-23 17:15:41,875 INFO: Plan 2: ḡ=10, γE[v]=10.0, Q=20.0
2026-09-23 17:15:41,876 INFO: Plan 0: ḡ=10, γE[v]=7.5, Q=17.5
2026-09-23 17:15:42,196 INFO: Plan 0: ḡ=15, γE[v]=15.0, Q=30.0
2026-09-23 17:15:42,452 INFO: Plan 1: ḡ=12, γE[v]=7.5, Q=19.5
2026-09-23 17:15:42,706 INFO: Plan 2: ḡ=15, γE[v]=10.0, Q=25.0
2026-09-23 17:15:44,478 INFO: Plan 2: ḡ=5, γE[v]=7.5, Q=12.5
2026-09-23 17:15:44,514 INFO: Plan 0: ḡ=12, γE[v]=7.5, Q=19.5
2026-09-23 17:15:44,514 INFO: Plan 1: ḡ=12, γE[v]=10.0, Q=22.0
2026-09-23 17:15:50,491 INFO: Plan 0: ḡ=12, γE[v]=10.0, Q=22.0
2026-09-23 17:15:50,945 INFO: Plan 1: ḡ=0, γE[v]=5.0, Q=5.0
2026-09-23 17:15:50,988 INFO: Plan 2: ḡ=12, γE[v]=7.5, Q=19.5
2026-09-23 17:15:51,361 INFO: Plan 1: ḡ=0, γE[v]=0.0, Q=0.0
2026-09-23 17:15:51,362 INFO: Plan 0: ḡ=0, γE[v]=0.0, Q=0.0
2026-09-23 17:15:51,467 INFO: Plan 2: ḡ=5, γE[v]=7.5, Q=12.5
2026-09-23 17:15:56,337 INFO: Plan 0: ḡ=12, γE[v]=10.0, Q=22.0
2026-09-23 17:15:56,377 INFO: Plan 1: ḡ=0, γE[v]=5.0, Q=5.0
2026-09-23 17:15:56,529 INFO: Plan 0: ḡ=0, γE[v]=15.0, Q=15.0
2026-09-23 17:15:56,529 INFO: Plan 2: ḡ=12, γE[v]=10.0, Q=22.0
2026-09-23 17:15:56,567 INFO: Plan 1: ḡ=12, γE[v]=7.5, Q=19.5
2026-09-23 17:15:56,779 INFO: Plan 2: ḡ=12, γE[v]=9.0, Q=21.0
2026-09-23 17:15:59,724 INFO: Plan 1: ḡ=0, γE[v]=5.0, Q=5.0
2026-09-23 17:15:59,764 INFO: Plan 0: ḡ=12, γE[v]=7.5, Q=19.5
2026-09-23 17:15:59,957 INFO: Plan 2: ḡ=0, γE[v]=0.0, Q=0.0
2026-09-23 17:16:04,478 INFO: Plan 0: ḡ=0, γE[v]=20.0, Q=20.0
2026-09-23 17:16:04,521 INFO: Plan 2: ḡ=25, γE[v]=15.0, Q=40.0
2026-09-23 17:16:04,521 INFO: Plan 1: ḡ=10, γE[v]=15.0, Q=25.0
2026-09-23 17:16:06,578 INFO: Plan 0: ḡ=12, γE[v]=7.5, Q=19.5
2026-09-23 17:16:06,580 INFO: Plan 1: ḡ=12, γE[v]=10.0, Q=22.0
2026-09-23 17:16:07,111 INFO: Plan 2: ḡ=0, γE[v]=2.5, Q=2.5
2026-09-23 17:16:07,612 INFO: Plan 1: ḡ=12, γE[v]=17.5, Q=29.5
2026-09-23 17:16:07,613 INFO: Plan 2: ḡ=12, γE[v]=17.5, Q=29.5
2026-09-23 17:16:07,614 INFO: Plan 0: ḡ=12, γE[v]=15.0, Q=27.0
2026-09-23 17:16:08,067 INFO: Plan 0: ḡ=12, γE[v]=7.5, Q=19.5
2026-09-23 17:16:08,176 INFO: Plan 1: ḡ=0, γE[v]=0.0, Q=0.0
2026-09-23 17:16:09,413 INFO: Plan 2: ḡ=12, γE[v]=17.5, Q=29.5
2026-09-23 17:16:11,634 INFO: Plan 0: ḡ=12, γE[v]=7.5, Q=19.5
2026-09-23 17:16:11,907 INFO: Plan 1: ḡ=12, γE[v]=15.0, Q=27.0
2026-09-23 17:16:12,103 INFO: Plan 2: ḡ=12, γE[v]=15.0, Q=27.0
2026-09-23 17:16:12,338 INFO: Plan 2: ḡ=12, γE[v]=15.0, Q=27.0
2026-09-23 17:16:12,339 INFO: Plan 1: ḡ=12, γE[v]=15.0, Q=27.0
2026-09-23 17:16:12,340 INFO: Plan 0: ḡ=12, γE[v]=10.0, Q=22.0
2026-09-23 17:16:13,740 INFO: Plan 0: ḡ=4, γE[v]=5.0, Q=9.0
2026-09-23 17:16:13,866 INFO: Plan 1: ḡ=0, γE[v]=0.0, Q=0.0
2026-09-23 17:16:13,866 INFO: Plan 2: ḡ=0, γE[v]=2.5, Q=2.5
2026-09-23 17:16:20,200 INFO: Plan 0: ḡ=10, γE[v]=15.0, Q=25.0
2026-09-23 17:16:20,278 INFO: Plan 1: ḡ=0, γE[v]=10.0, Q=10.0
2026-09-23 17:16:20,362 INFO: Plan 2: ḡ=0, γE[v]=0.0, Q=0.0
2026-09-23 17:16:21,214 INFO: Plan 0: ḡ=12, γE[v]=17.5, Q=29.5
2026-09-23 17:16:21,425 INFO: Plan 1: ḡ=12, γE[v]=10.0, Q=22.0
2026-09-23 17:16:21,588 INFO: Plan 2: ḡ=12, γE[v]=17.5, Q=29.5
2026-09-23 17:16:22,713 INFO: Plan 0: ḡ=5, γE[v]=7.5, Q=12.5
2026-09-23 17:16:22,799 INFO: Plan 2: ḡ=2, γE[v]=24.0, Q=26.0
2026-09-23 17:16:22,800 INFO: Plan 1: ḡ=3, γE[v]=6.0, Q=9.0
2026-09-23 17:16:22,836 INFO: Plan 0: ḡ=12, γE[v]=4.0, Q=16.0
2026-09-23 17:16:23,135 INFO: Plan 1: ḡ=12, γE[v]=7.0, Q=19.0
2026-09-23 17:16:23,573 INFO: Plan 2: ḡ=12, γE[v]=7.0, Q=19.0
2026-09-23 17:16:23,941 INFO: Plan 1: ḡ=12, γE[v]=15.0, Q=27.0
2026-09-23 17:16:23,986 INFO: Plan 0: ḡ=12, γE[v]=17.5, Q=29.5
2026-09-23 17:16:23,988 INFO: Plan 2: ḡ=12, γE[v]=10.0, Q=22.0
2026-09-23 17:16:24,644 INFO: Plan 0: ḡ=12, γE[v]=10.0, Q=22.0
2026-09-23 17:16:24,756 INFO: Plan 1: ḡ=25, γE[v]=15.0, Q=40.0
2026-09-23 17:16:25,154 INFO: Plan 2: ḡ=12, γE[v]=10.0, Q=22.0
2026-09-23 17:16:41,189 INFO: Plan 1: ḡ=0, γE[v]=0.0, Q=0.0
2026-09-23 17:16:41,313 INFO: Plan 0: ḡ=12, γE[v]=7.5, Q=19.5
2026-09-23 17:16:41,313 INFO: Plan 2: ḡ=12, γE[v]=7.5, Q=19.5
2026-09-23 17:16:41,709 INFO: Plan 1: ḡ=0, γE[v]=0.0, Q=0.0
2026-09-23 17:16:41,898 INFO: Plan 2: ḡ=10, γE[v]=10.0, Q=20.0
2026-09-23 17:16:41,899 INFO: Plan 0: ḡ=10, γE[v]=7.5, Q=17.5
2026-09-23 17:16:45,648 INFO: Plan 1: ḡ=25, γE[v]=15.0, Q=40.0
2026-09-23 17:16:45,648 INFO: Plan 0: ḡ=35, γE[v]=10.0, Q=45.0
2026-09-23 17:16:46,099 INFO: Plan 2: ḡ=25, γE[v]=15.0, Q=40.0
2026-09-23 17:16:51,682 INFO: Plan 0: ḡ=12, γE[v]=7.5, Q=19.5
2026-09-23 17:16:51,766 INFO: Plan 2: ḡ=12, γE[v]=10.0, Q=22.0
2026-09-23 17:16:51,766 INFO: Plan 1: ḡ=12, γE[v]=10.0, Q=22.0
2026-09-23 17:16:54,166 INFO: Plan 0: ḡ=12, γE[v]=10.0, Q=22.0
2026-09-23 17:16:54,274 INFO: Plan 1: ḡ=5, γE[v]=7.5, Q=12.5
2026-09-23 17:16:54,437 INFO: Plan 2: ḡ=12, γE[v]=10.0, Q=22.0
2026-09-23 17:16:55,008 INFO: Plan 0: ḡ=12, γE[v]=17.5, Q=29.5
2026-09-23 17:16:55,131 INFO: Plan 2: ḡ=12, γE[v]=17.5, Q=29.5
2026-09-23 17:16:55,132 INFO: Plan 1: ḡ=12, γE[v]=17.5, Q=29.5
2026-09-23 17:17:02,081 INFO: Plan 1: ḡ=5, γE[v]=5.0, Q=10.0
2026-09-23 17:17:02,233 INFO: Plan 0: ḡ=10, γE[v]=15.0, Q=25.0
2026-09-23 17:17:02,506 INFO: Plan 2: ḡ=10, γE[v]=15.0, Q=25.0
2026-09-23 17:17:02,506 INFO: Plan 0: ḡ=12, γE[v]=17.5, Q=29.5
2026-09-23 17:17:02,614 INFO: Plan 1: ḡ=12, γE[v]=15.0, Q=27.0
2026-09-23 17:17:02,857 INFO: Plan 2: ḡ=12, γE[v]=17.5, Q=29.5
2026-09-23 17:17:03,978 INFO: Plan 0: ḡ=2, γE[v]=0.0, Q=2.0
2026-09-23 17:17:03,979 INFO: Plan 1: ḡ=0, γE[v]=0.0, Q=0.0
2026-09-23 17:17:04,020 INFO: Plan 2: ḡ=0, γE[v]=5.0, Q=5.0
2026-09-23 17:17:04,692 INFO: Plan 0: ḡ=10, γE[v]=15.0, Q=25.0
2026-09-23 17:17:04,693 INFO: Plan 1: ḡ=0, γE[v]=0.0, Q=0.0
2026-09-23 17:17:04,693 INFO: Plan 2: ḡ=0, γE[v]=0.0, Q=0.0
2026-09-23 17:17:05,543 INFO: Plan 0: ḡ=12, γE[v]=17.5, Q=29.5
2026-09-23 17:17:05,543 INFO: Plan 1: ḡ=12, γE[v]=7.5, Q=19.5
2026-09-23 17:17:05,544 INFO: Plan 2: ḡ=12, γE[v]=7.5, Q=19.5
2026-09-23 17:17:05,976 INFO: Plan 2: ḡ=12, γE[v]=4.0, Q=16.0
2026-09-23 17:17:06,053 INFO: Plan 0: ḡ=12, γE[v]=5.0, Q=17.0
2026-09-23 17:17:06,054 INFO: Plan 1: ḡ=10, γE[v]=7.5, Q=17.5
2026-09-23 17:17:07,662 INFO: Plan 2: ḡ=12, γE[v]=7.5, Q=19.5
2026-09-23 17:17:07,663 INFO: Plan 0: ḡ=12, γE[v]=7.5, Q=19.5
2026-09-23 17:17:07,664 INFO: Plan 1: ḡ=12, γE[v]=7.5, Q=19.5
2026-09-23 17:17:15,581 INFO: Plan 0: ḡ=2, γE[v]=7.5, Q=9.5
2026-09-23 17:17:15,921 INFO: Plan 1: ḡ=3, γE[v]=20.0, Q=23.0
2026-09-23 17:17:15,922 INFO: Plan 2: ḡ=2, γE[v]=7.5, Q=9.5
2026-09-23 17:17:20,692 INFO: Plan 0: ḡ=10, γE[v]=15.0, Q=25.0
2026-09-23 17:17:20,981 INFO: Plan 2: ḡ=0, γE[v]=5.0, Q=5.0
2026-09-23 17:17:21,023 INFO: Plan 1: ḡ=12, γE[v]=7.5, Q=19.5
2026-09-23 17:17:35,435 INFO: Plan 0: ḡ=12, γE[v]=7.5, Q=19.5
2026-09-23 17:17:35,796 INFO: Plan 1: ḡ=12, γE[v]=7.5, Q=19.5
2026-09-23 17:17:35,797 INFO: Plan 2: ḡ=12, γE[v]=7.5, Q=19.5
2026-09-23 17:17:40,063 INFO: Plan 0: ḡ=12, γE[v]=17.5, Q=29.5
2026-09-23 17:17:40,065 INFO: Plan 2: ḡ=12, γE[v]=15.0, Q=27.0
2026-09-23 17:17:40,066 INFO: Plan 1: ḡ=10, γE[v]=15.0, Q=25.0
2026-09-23 17:17:45,615 INFO: Plan 1: ḡ=12, γE[v]=7.5, Q=19.5
2026-09-23 17:17:45,696 INFO: Plan 2: ḡ=5, γE[v]=7.5, Q=12.5
2026-09-23 17:17:45,742 INFO: Plan 0: ḡ=12, γE[v]=7.5, Q=19.5
2026-09-23 17:17:46,630 INFO: Plan 0: ḡ=2, γE[v]=5.0, Q=7.0
2026-09-23 17:17:46,631 INFO: Plan 1: ḡ=0, γE[v]=0.0, Q=0.0
2026-09-23 17:17:46,820 INFO: Plan 2: ḡ=10, γE[v]=10.0, Q=20.0
2026-09-23 17:17:56,551 INFO: Plan 2: ḡ=12, γE[v]=4.0, Q=16.0
2026-09-23 17:17:56,592 INFO: Plan 0: ḡ=12, γE[v]=5.0, Q=17.0
2026-09-23 17:17:57,054 INFO: Plan 1: ḡ=10, γE[v]=7.5, Q=17.5
2026-09-23 17:17:59,588 INFO: Plan 0: ḡ=12, γE[v]=19.0, Q=31.0
2026-09-23 17:17:59,631 INFO: Plan 1: ḡ=12, γE[v]=9.0, Q=21.0
2026-09-23 17:17:59,631 INFO: Plan 2: ḡ=12, γE[v]=7.5, Q=19.5
2026-09-23 17:18:29,057 INFO: Plan 0: ḡ=12, γE[v]=17.5, Q=29.5
2026-09-23 17:18:29,288 INFO: Plan 2: ḡ=12, γE[v]=10.0, Q=22.0
2026-09-23 17:18:29,289 INFO: Plan 1: ḡ=12, γE[v]=7.5, Q=19.5
2026-09-23 17:18:31,670 INFO: Plan 0: ḡ=0, γE[v]=5.0, Q=5.0
2026-09-23 17:18:32,012 INFO: Plan 1: ḡ=12, γE[v]=7.5, Q=19.5
2026-09-23 17:18:32,054 INFO: Plan 2: ḡ=0, γE[v]=2.5, Q=2.5
2026-09-23 17:18:33,263 INFO: Plan 1: ḡ=12, γE[v]=7.5, Q=19.5
2026-09-23 17:18:33,264 INFO: Plan 0: ḡ=0, γE[v]=0.0, Q=0.0
2026-09-23 17:18:33,584 INFO: Plan 2: ḡ=0, γE[v]=0.0, Q=0.0
2026-09-23 17:18:43,332 INFO: Plan 1: ḡ=0, γE[v]=0.0, Q=0.0
2026-09-23 17:18:43,373 INFO: Plan 0: ḡ=5, γE[v]=7.5, Q=12.5
2026-09-23 17:18:43,420 INFO: Plan 2: ḡ=10, γE[v]=10.0, Q=20.0
2026-09-23 17:18:47,010 INFO: Plan 2: ḡ=5, γE[v]=5.0, Q=10.0
2026-09-23 17:18:47,011 INFO: Plan 1: ḡ=8, γE[v]=6.0, Q=14.0
2026-09-23 17:18:47,048 INFO: Plan 0: ḡ=12, γE[v]=12.5, Q=24.5
  [49/93] jinja2.bccache seed=42: {'cov_qvalue_tgt_fnt_bayes': 19, 'cov_qvalue_tgt_rnd': 22, 'divhints_oracle': 5}
2026-09-23 17:19:36,000 INFO: Plan 1: ḡ=0, γE[v]=0.0, Q=0.0
2026-09-23 17:19:36,041 INFO: Plan 2: ḡ=5, γE[v]=7.5, Q=12.5
2026-09-23 17:19:36,042 INFO: Plan 0: ḡ=2, γE[v]=5.0, Q=7.0
  [50/93] werkzeug.exceptions seed=42: {'cov_qvalue_tgt_fnt_bayes': 34, 'cov_qvalue_tgt_rnd': 34, 'divhints_oracle': 23}
2026-09-23 17:19:39,900 INFO: Plan 0: ḡ=12, γE[v]=7.5, Q=19.5
2026-09-23 17:19:39,978 INFO: Plan 1: ḡ=12, γE[v]=7.5, Q=19.5
2026-09-23 17:19:40,138 INFO: Plan 2: ḡ=12, γE[v]=7.5, Q=19.5
  [51/93] jinja2.sandbox seed=42: {'cov_qvalue_tgt_fnt_bayes': 84, 'cov_qvalue_tgt_rnd': 88, 'divhints_oracle': 93}
  [52/93] httpx._config seed=42: {'cov_qvalue_tgt_fnt_bayes': 28, 'cov_qvalue_tgt_rnd': 27, 'divhints_oracle': 27}
  [53/93] pydantic.config seed=42: {'cov_qvalue_tgt_fnt_bayes': 1, 'cov_qvalue_tgt_rnd': 1, 'divhints_oracle': 1}
2026-09-23 17:20:24,307 INFO: Plan 1: ḡ=4, γE[v]=6.0, Q=10.0
2026-09-23 17:20:24,348 INFO: Plan 0: ḡ=12, γE[v]=12.5, Q=24.5
2026-09-23 17:20:24,349 INFO: Plan 2: ḡ=12, γE[v]=7.5, Q=19.5
  [54/93] werkzeug.local seed=42: {'cov_qvalue_tgt_fnt_bayes': 58, 'cov_qvalue_tgt_rnd': 55, 'divhints_oracle': 32}
2026-09-23 17:20:27,217 INFO: Plan 1: ḡ=0, γE[v]=0.0, Q=0.0
2026-09-23 17:20:27,298 INFO: Plan 0: ḡ=10, γE[v]=10.0, Q=20.0
2026-09-23 17:20:27,300 INFO: Plan 2: ḡ=10, γE[v]=10.0, Q=20.0
  [55/93] pydantic.type_adapter seed=42: {'cov_qvalue_tgt_fnt_bayes': 16, 'cov_qvalue_tgt_rnd': 17, 'divhints_oracle': 18}
  [56/93] httpx._transports.default seed=42: {'cov_qvalue_tgt_fnt_bayes': 25, 'cov_qvalue_tgt_rnd': 24, 'divhints_oracle': 5}
  [57/93] httpx._urls seed=42: {'cov_qvalue_tgt_fnt_bayes': 84, 'cov_qvalue_tgt_rnd': 79, 'divhints_oracle': 43}
  [58/93] pydantic.main seed=42: {'cov_qvalue_tgt_fnt_bayes': 206, 'cov_qvalue_tgt_rnd': 211, 'divhints_oracle': 186}
  [59/93] pydantic.functional_validators seed=42: {'cov_qvalue_tgt_fnt_bayes': 47, 'cov_qvalue_tgt_rnd': 48, 'divhints_oracle': 36}
  [60/93] httpx._urlparse seed=42: {'cov_qvalue_tgt_fnt_bayes': 73, 'cov_qvalue_tgt_rnd': 65, 'divhints_oracle': 4}
  [61/93] pydantic.color seed=42: {'cov_qvalue_tgt_fnt_bayes': 93, 'cov_qvalue_tgt_rnd': 94, 'divhints_oracle': 88}
  [62/93] httpx._models seed=42: {'cov_qvalue_tgt_fnt_bayes': 270, 'cov_qvalue_tgt_rnd': 266, 'divhints_oracle': 114}
  [63/93] httpx._utils seed=42: {'cov_qvalue_tgt_fnt_bayes': 59, 'cov_qvalue_tgt_rnd': 59, 'divhints_oracle': 26}
  [64/93] httpx._api seed=42: {'cov_qvalue_tgt_fnt_bayes': 11, 'cov_qvalue_tgt_rnd': 11, 'divhints_oracle': 6}
  [65/93] werkzeug.datastructures.structures seed=42: {'cov_qvalue_tgt_fnt_bayes': 130, 'cov_qvalue_tgt_rnd': 81, 'divhints_oracle': 23}
  [66/93] pydantic.networks seed=42: {'cov_qvalue_tgt_fnt_bayes': 35, 'cov_qvalue_tgt_rnd': 35, 'divhints_oracle': 35}
  [67/93] pydantic.fields seed=42: {'cov_qvalue_tgt_fnt_bayes': 142, 'cov_qvalue_tgt_rnd': 135, 'divhints_oracle': 121}
  [68/93] starlette.applications seed=42: {'cov_qvalue_tgt_fnt_bayes': 8, 'cov_qvalue_tgt_rnd': 9, 'divhints_oracle': 8}
  [69/93] werkzeug.http seed=42: {'cov_qvalue_tgt_fnt_bayes': 76, 'cov_qvalue_tgt_rnd': 163, 'divhints_oracle': 20}
  [70/93] werkzeug.utils seed=42: {'cov_qvalue_tgt_fnt_bayes': 33, 'cov_qvalue_tgt_rnd': 55, 'divhints_oracle': 16}
  [71/93] httpx._main seed=42: {'cov_qvalue_tgt_fnt_bayes': 71, 'cov_qvalue_tgt_rnd': 80, 'divhints_oracle': 72}
  [72/93] werkzeug.routing.rules seed=42: {'cov_qvalue_tgt_fnt_bayes': 119, 'cov_qvalue_tgt_rnd': 125, 'divhints_oracle': 17}
  [73/93] starlette.requests seed=42: {'cov_qvalue_tgt_fnt_bayes': 76, 'cov_qvalue_tgt_rnd': 69, 'divhints_oracle': 35}
  [74/93] werkzeug.wsgi seed=42: {'cov_qvalue_tgt_fnt_bayes': 46, 'cov_qvalue_tgt_rnd': 59, 'divhints_oracle': 13}
  [75/93] pydantic.functional_serializers seed=42: {'cov_qvalue_tgt_fnt_bayes': 24, 'cov_qvalue_tgt_rnd': 24, 'divhints_oracle': 22}
  [76/93] pydantic.types seed=42: {'cov_qvalue_tgt_fnt_bayes': 145, 'cov_qvalue_tgt_rnd': 136, 'divhints_oracle': 152}
  [77/93] httpx._client seed=42: {'cov_qvalue_tgt_fnt_bayes': 141, 'cov_qvalue_tgt_rnd': 121, 'divhints_oracle': 118}
  [78/93] werkzeug.wrappers.response seed=42: {'cov_qvalue_tgt_fnt_bayes': 75, 'cov_qvalue_tgt_rnd': 81, 'divhints_oracle': 57}
  [79/93] starlette.datastructures seed=42: {'cov_qvalue_tgt_fnt_bayes': 54, 'cov_qvalue_tgt_rnd': 74, 'divhints_oracle': 50}
  [80/93] httpx._auth seed=42: {'cov_qvalue_tgt_fnt_bayes': 87, 'cov_qvalue_tgt_rnd': 79, 'divhints_oracle': 55}
  [81/93] werkzeug.sansio.response seed=42: {'cov_qvalue_tgt_fnt_bayes': 85, 'cov_qvalue_tgt_rnd': 84, 'divhints_oracle': 73}
  [82/93] werkzeug.routing.map seed=42: {'cov_qvalue_tgt_fnt_bayes': 38, 'cov_qvalue_tgt_rnd': 73, 'divhints_oracle': 61}
  [83/93] pydantic.json_schema seed=42: {'cov_qvalue_tgt_fnt_bayes': 273, 'cov_qvalue_tgt_rnd': 283, 'divhints_oracle': 288}
  [84/93] starlette.responses seed=42: {'cov_qvalue_tgt_fnt_bayes': 50, 'cov_qvalue_tgt_rnd': 50, 'divhints_oracle': 25}
  [85/93] starlette.staticfiles seed=42: {'cov_qvalue_tgt_fnt_bayes': 54, 'cov_qvalue_tgt_rnd': 54, 'divhints_oracle': 37}
  [86/93] werkzeug.wrappers.request seed=42: {'cov_qvalue_tgt_fnt_bayes': 69, 'cov_qvalue_tgt_rnd': 65, 'divhints_oracle': 60}
  [87/93] starlette.testclient seed=42: {'cov_qvalue_tgt_fnt_bayes': 60, 'cov_qvalue_tgt_rnd': 59, 'divhints_oracle': 4}
  [88/93] starlette.routing seed=42: {'cov_qvalue_tgt_fnt_bayes': 82, 'cov_qvalue_tgt_rnd': 69, 'divhints_oracle': 6}
  [89/93] starlette.templating seed=42: {'cov_qvalue_tgt_fnt_bayes': 26, 'cov_qvalue_tgt_rnd': 26, 'divhints_oracle': 27}
  [90/93] werkzeug.serving seed=42: {'cov_qvalue_tgt_fnt_bayes': 55, 'cov_qvalue_tgt_rnd': 61, 'divhints_oracle': 23}
  [91/93] starlette.formparsers seed=42: {'cov_qvalue_tgt_fnt_bayes': 2, 'cov_qvalue_tgt_rnd': 2, 'divhints_oracle': 2}
  [92/93] starlette.middleware.base seed=42: {'cov_qvalue_tgt_fnt_bayes': 58, 'cov_qvalue_tgt_rnd': 57, 'divhints_oracle': 35}
  [93/93] starlette.middleware.errors seed=42: {'cov_qvalue_tgt_fnt_bayes': 47, 'cov_qvalue_tgt_rnd': 45, 'divhints_oracle': 35}

======================================================================
RESULTS
======================================================================

Module                              seed  cov_qvalue_  cov_qvalue_  divhints_or
-------------------------------------------------------------------------------
click.formatting                      42           50           46           31
click.testing                         42           64           63           37
click.exceptions                      42           38           37           14
flask.ctx                             42           85           80           61
flask.testing                         42           31           29            9
click.types                           42           75           61           10
click.termui                          42           41           41           18
jinja2.utils                          42           82           87           11
requests.auth                         42           67           65           50
rich.markdown                         42           82           34           18
click.utils                           42           51           51           21
flask.sessions                        42           18           13            4
rich.color                            42           57           54           26
rich.style                            42          132          128           92
requests.models                       42          141          138           28
flask.json.provider                   42           57           57           46
rich.table                            42          181          206          201
rich.text                             42          247          195           30
rich.console                          42          295          163          225
flask.helpers                         42           26           27           11
rich.traceback                        42           77           83           72
rich.layout                           42           67           66           17
requests.cookies                      42           83           86            8
flask.config                          42           25           41           31
click.decorators                      42           48           50           23
requests.adapters                     42           95           92           91
jinja2.parser                         42          204          199           13
flask.app                             42           95           95          171
jinja2.loaders                        42           75           90           25
rich.segment                          42          154          132           60
jinja2.filters                        42          182          154          139
rich.syntax                           42           75           63           66
rich.pretty                           42           99           92            9
requests.sessions                     42           52           36           13
requests.utils                        42          111           95            7
jinja2.ext                            42           39           34            4
click.parser                          42           14           41           22
jinja2.environment                    42          150          122           88
jinja2.runtime                        42          126          104           77
flask.templating                      42           51           59           51
flask.json.tag                        42           23           24           22
flask.cli                             42          119          123           78
jinja2.lexer                          42           89           99           41
rich.progress                         42          143          142           54
click.core                            42          349          232           89
click.shell_completion                42           19           41           10
jinja2.compiler                       42          296          231           31
jinja2.nodes                          42           26           22           12
jinja2.bccache                        42           19           22            5
werkzeug.exceptions                   42           34           34           23
jinja2.sandbox                        42           84           88           93
httpx._config                         42           28           27           27
pydantic.config                       42            1            1            1
werkzeug.local                        42           58           55           32
pydantic.type_adapter                 42           16           17           18
httpx._transports.default             42           25           24            5
httpx._urls                           42           84           79           43
pydantic.main                         42          206          211          186
pydantic.functional_validators        42           47           48           36
httpx._urlparse                       42           73           65            4
pydantic.color                        42           93           94           88
httpx._models                         42          270          266          114
httpx._utils                          42           59           59           26
httpx._api                            42           11           11            6
werkzeug.datastructures.structures    42          130           81           23
pydantic.networks                     42           35           35           35
pydantic.fields                       42          142          135          121
starlette.applications                42            8            9            8
werkzeug.http                         42           76          163           20
werkzeug.utils                        42           33           55           16
httpx._main                           42           71           80           72
werkzeug.routing.rules                42          119          125           17
starlette.requests                    42           76           69           35
werkzeug.wsgi                         42           46           59           13
pydantic.functional_serializers       42           24           24           22
pydantic.types                        42          145          136          152
httpx._client                         42          141          121          118
werkzeug.wrappers.response            42           75           81           57
starlette.datastructures              42           54           74           50
httpx._auth                           42           87           79           55
werkzeug.sansio.response              42           85           84           73
werkzeug.routing.map                  42           38           73           61
pydantic.json_schema                  42          273          283          288
starlette.responses                   42           50           50           25
starlette.staticfiles                 42           54           54           37
werkzeug.wrappers.request             42           69           65           60
starlette.testclient                  42           60           59            4
starlette.routing                     42           82           69            6
starlette.templating                  42           26           26           27
werkzeug.serving                      42           55           61           23
starlette.formparsers                 42            2            2            2
starlette.middleware.base             42           58           57           35
starlette.middleware.errors           42           47           45           35

======================================================================
STATISTICS
======================================================================

Per-strategy means (n=93):
  cov_qvalue_tgt_fnt_bayes branches=  85.8 ± 7.3  lines=235.5  pass_rate=56%
  cov_qvalue_tgt_rnd   branches=  81.5 ± 6.1  lines=227.2  pass_rate=60%
  divhints_oracle      branches=  48.0 ± 5.4  lines=140.8  pass_rate=75%

Per-repo means:

  click (10 runs):
    cov_qvalue_tgt_fnt_bayes mean=74.9
    cov_qvalue_tgt_rnd   mean=66.3
    divhints_oracle      mean=27.5

  flask (10 runs):
    cov_qvalue_tgt_fnt_bayes mean=53.0
    cov_qvalue_tgt_rnd   mean=54.8
    divhints_oracle      mean=48.4

  httpx (10 runs):
    cov_qvalue_tgt_fnt_bayes mean=84.9
    cov_qvalue_tgt_rnd   mean=81.1
    divhints_oracle      mean=47.0

  jinja2 (12 runs):
    cov_qvalue_tgt_fnt_bayes mean=114.3
    cov_qvalue_tgt_rnd   mean=104.3
    divhints_oracle      mean=44.9

  pydantic (10 runs):
    cov_qvalue_tgt_fnt_bayes mean=98.2
    cov_qvalue_tgt_rnd   mean=98.4
    divhints_oracle      mean=94.7

  requests (6 runs):
    cov_qvalue_tgt_fnt_bayes mean=91.5
    cov_qvalue_tgt_rnd   mean=85.3
    divhints_oracle      mean=32.8

  rich (12 runs):
    cov_qvalue_tgt_fnt_bayes mean=134.1
    cov_qvalue_tgt_rnd   mean=113.2
    divhints_oracle      mean=72.5

  starlette (11 runs):
    cov_qvalue_tgt_fnt_bayes mean=47.0
    cov_qvalue_tgt_rnd   mean=46.7
    divhints_oracle      mean=24.0

  werkzeug (12 runs):
    cov_qvalue_tgt_fnt_bayes mean=68.2
    cov_qvalue_tgt_rnd   mean=78.0
    divhints_oracle      mean=34.8

Cost: $0.0000 | Time: 3235s (53.9m)
Saved to /share/edc/home/aamayuelasfernandez/qcurious-tester/results/ablations/ablation_selection_gemma.json
