2026-09-23 15:39:51,072 INFO: RepoExploreBench: 93 targets across 9 repos
======================================================================
RepoExploreBench v2.0
  Targets: 93 files across 9 repos
  Strategies: ['cov_qvalue_tgt_fnt_bayes']
  Seeds: [42]
  Exec budget: 24 per run
  Map mode: full
  Total runs: 93
======================================================================
  Connectivity: OK

  Fetching source code...
    click.core: 114085 chars
    click.types: 36390 chars
    click.termui: 28323 chars
    click.utils: 20295 chars
    click.shell_completion: 18459 chars
    click.decorators: 18718 chars
    click.parser: 19066 chars
    click.testing: 16083 chars
    click.formatting: 9705 chars
    click.exceptions: 9272 chars
    requests.utils: 33447 chars
    requests.models: 35222 chars
    requests.sessions: 30372 chars
    requests.cookies: 18559 chars
    requests.adapters: 19552 chars
    requests.auth: 10186 chars
    flask.app: 59200 chars
    flask.cli: 33820 chars
    flask.helpers: 22991 chars
    flask.ctx: 14840 chars
    flask.sessions: 14168 chars
    flask.config: 12855 chars
    flask.json.tag: 8870 chars
    flask.testing: 10016 chars
    flask.templating: 7537 chars
    flask.json.provider: 7639 chars
    rich.console: 99096 chars
    rich.progress: 59691 chars
    rich.text: 47302 chars
    rich.table: 39643 chars
    rich.pretty: 35811 chars
    rich.syntax: 35364 chars
    rich.markdown: 26159 chars
    rich.style: 27072 chars
    rich.traceback: 29466 chars
    rich.segment: 24209 chars
    rich.color: 18220 chars
    rich.layout: 13939 chars
    jinja2.compiler: 72198 chars
    jinja2.filters: 53861 chars
    jinja2.environment: 61252 chars
    jinja2.nodes: 34549 chars
    jinja2.runtime: 33405 chars
    jinja2.parser: 39735 chars
    jinja2.ext: 31843 chars
    jinja2.lexer: 29725 chars
    jinja2.utils: 23932 chars
    jinja2.loaders: 23084 chars
    jinja2.sandbox: 14583 chars
    jinja2.bccache: 14060 chars
    httpx._client: 67489 chars
    httpx._models: 42302 chars
    httpx._urls: 21747 chars
    httpx._main: 15634 chars
    httpx._urlparse: 17719 chars
    httpx._api: 12927 chars
    httpx._utils: 13857 chars
    httpx._transports.default: 13289 chars
    httpx._config: 12203 chars
    httpx._auth: 11829 chars
    pydantic.types: 89470 chars
    pydantic.json_schema: 102806 chars
    pydantic.main: 65891 chars
    pydantic.fields: 45929 chars
    pydantic.config: 29138 chars
    pydantic.networks: 21214 chars
    pydantic.functional_validators: 23599 chars
    pydantic.color: 21492 chars
    pydantic.type_adapter: 18033 chars
    pydantic.functional_serializers: 14619 chars
    werkzeug.http: 43362 chars
    werkzeug.serving: 39331 chars
    werkzeug.datastructures.structures: 31760 chars
    werkzeug.routing.map: 36349 chars
    werkzeug.routing.rules: 31894 chars
    werkzeug.exceptions: 26061 chars
    werkzeug.wrappers.response: 32586 chars
    werkzeug.sansio.response: 27646 chars
    werkzeug.utils: 24653 chars
    werkzeug.wrappers.request: 24619 chars
    werkzeug.local: 22002 chars
    werkzeug.wsgi: 20893 chars
    starlette.routing: 35752 chars
    starlette.testclient: 29843 chars
    starlette.datastructures: 23348 chars
    starlette.responses: 12650 chars
    starlette.requests: 11196 chars
    starlette.formparsers: 10433 chars
    starlette.applications: 10922 chars
    starlette.middleware.errors: 7937 chars
    starlette.staticfiles: 8723 chars
    starlette.templating: 8984 chars
    starlette.middleware.base: 8794 chars
  Fetched 93/93 modules

Running 93 targets with 48 workers...
2026-09-23 15:42:55,883 INFO: Plan 0: ḡ=55, γE[v]=0.0, Q=55.0 (fn)
2026-09-23 15:42:57,887 INFO: Plan 0: ḡ=60, γE[v]=0.0, Q=60.0 (fn)
2026-09-23 15:42:59,666 INFO: Plan 2: ḡ=50, γE[v]=0.0, Q=50.0 (fn)
2026-09-23 15:42:59,713 INFO: Plan 2: ḡ=124, γE[v]=0.0, Q=124.0 (fn)
2026-09-23 15:43:00,779 INFO: Plan 0: ḡ=132, γE[v]=0.0, Q=132.0 (fn)
2026-09-23 15:43:01,068 INFO: Plan 0: ḡ=97, γE[v]=6.5, Q=103.5 (fn)
2026-09-23 15:43:01,364 INFO: Plan 1: ḡ=53, γE[v]=0.0, Q=53.0 (fn)
2026-09-23 15:43:01,402 INFO: Plan 0: ḡ=13, γE[v]=0.0, Q=13.0 (fn)
2026-09-23 15:43:02,485 INFO: Plan 0: ḡ=20, γE[v]=0.0, Q=20.0 (fn)
2026-09-23 15:43:02,728 INFO: Plan 0: ḡ=30, γE[v]=8.0, Q=38.0 (fn)
2026-09-23 15:43:02,767 INFO: Plan 1: ḡ=47, γE[v]=0.0, Q=47.0 (fn)
2026-09-23 15:43:03,374 INFO: Plan 1: ḡ=47, γE[v]=0.0, Q=47.0 (fn)
2026-09-23 15:43:03,879 INFO: Plan 0: ḡ=42, γE[v]=1.0, Q=43.0 (fn)
2026-09-23 15:43:03,883 INFO: Plan 2: ḡ=204, γE[v]=28.5, Q=232.5 (fn)
2026-09-23 15:43:03,987 INFO: Plan 1: ḡ=155, γE[v]=6.5, Q=161.5 (fn)
2026-09-23 15:43:03,990 INFO: Plan 0: ḡ=32, γE[v]=0.0, Q=32.0 (fn)
2026-09-23 15:43:04,385 INFO: Plan 2: ḡ=30, γE[v]=19.5, Q=49.5 (fn)
2026-09-23 15:43:04,386 INFO: Plan 0: ḡ=10.0, γE[v]=119.0, Q=129.0 (bayes)
2026-09-23 15:43:04,386 INFO: Plan 1: ḡ=23.5, γE[v]=112.2, Q=135.8 (bayes)
2026-09-23 15:43:04,386 INFO: Plan 2: ḡ=15.0, γE[v]=117.4, Q=132.4 (bayes)
2026-09-23 15:43:04,874 INFO: Plan 1: ḡ=230, γE[v]=16.0, Q=246.0 (fn)
2026-09-23 15:43:05,318 INFO: Plan 2: ḡ=110, γE[v]=34.5, Q=144.5 (fn)
2026-09-23 15:43:05,318 INFO: Plan 0: ḡ=15.0, γE[v]=49.1, Q=64.1 (bayes)
2026-09-23 15:43:05,318 INFO: Plan 1: ḡ=26.5, γE[v]=43.0, Q=69.5 (bayes)
2026-09-23 15:43:05,319 INFO: Plan 2: ḡ=55.0, γE[v]=30.3, Q=85.3 (bayes)
2026-09-23 15:43:05,625 INFO: Plan 0: ḡ=160, γE[v]=0.0, Q=160.0 (fn)
2026-09-23 15:43:05,628 INFO: Plan 0: ḡ=29, γE[v]=0.0, Q=29.0 (fn)
2026-09-23 15:43:05,837 INFO: Plan 2: ḡ=91, γE[v]=0.0, Q=91.0 (fn)
2026-09-23 15:43:06,123 INFO: Plan 0: ḡ=18, γE[v]=0.0, Q=18.0 (fn)
2026-09-23 15:43:06,124 INFO: Plan 2: ḡ=49, γE[v]=32.0, Q=81.0 (fn)
2026-09-23 15:43:06,125 INFO: Plan 0: ḡ=27.5, γE[v]=28.2, Q=55.8 (bayes)
2026-09-23 15:43:06,125 INFO: Plan 1: ḡ=77.5, γE[v]=3.5, Q=81.0 (bayes)
2026-09-23 15:43:06,125 INFO: Plan 2: ḡ=24.5, γE[v]=31.2, Q=55.7 (bayes)
2026-09-23 15:43:06,525 INFO: Plan 2: ḡ=57, γE[v]=0.0, Q=57.0 (fn)
2026-09-23 15:43:06,692 INFO: Plan 1: ḡ=373, γE[v]=42.0, Q=415.0 (fn)
2026-09-23 15:43:06,735 INFO: Plan 2: ḡ=206, γE[v]=18.5, Q=224.5 (fn)
2026-09-23 15:43:06,740 INFO: Plan 1: ḡ=89, γE[v]=244.5, Q=333.5 (fn)
2026-09-23 15:43:06,740 INFO: Plan 0: ḡ=6.5, γE[v]=61.5, Q=68.0 (bayes)
2026-09-23 15:43:06,741 INFO: Plan 1: ḡ=23.5, γE[v]=53.0, Q=76.5 (bayes)
2026-09-23 15:43:06,741 INFO: Plan 0: ḡ=66.0, γE[v]=261.0, Q=327.0 (bayes)
2026-09-23 15:43:06,741 INFO: Plan 2: ḡ=103.0, γE[v]=14.1, Q=117.1 (bayes)
2026-09-23 15:43:06,741 INFO: Plan 1: ḡ=44.5, γE[v]=282.8, Q=327.2 (bayes)
2026-09-23 15:43:06,742 INFO: Plan 2: ḡ=62.0, γE[v]=263.0, Q=325.0 (bayes)
2026-09-23 15:43:07,106 INFO: Plan 2: ḡ=176, γE[v]=0.0, Q=176.0 (fn)
2026-09-23 15:43:07,145 INFO: Plan 1: ḡ=90, γE[v]=0.0, Q=90.0 (fn)
2026-09-23 15:43:07,148 INFO: Plan 0: ḡ=27, γE[v]=117.5, Q=144.5 (fn)
2026-09-23 15:43:07,148 INFO: Plan 0: ḡ=437, γE[v]=10.0, Q=447.0 (fn)
2026-09-23 15:43:07,149 INFO: Plan 0: ḡ=80.0, γE[v]=107.2, Q=187.2 (bayes)
2026-09-23 15:43:07,149 INFO: Plan 0: ḡ=13.5, γE[v]=64.0, Q=77.5 (bayes)
2026-09-23 15:43:07,149 INFO: Plan 1: ḡ=45.0, γE[v]=124.8, Q=169.8 (bayes)
2026-09-23 15:43:07,150 INFO: Plan 1: ḡ=115.0, γE[v]=8.7, Q=123.7 (bayes)
2026-09-23 15:43:07,150 INFO: Plan 2: ḡ=45.5, γE[v]=124.5, Q=170.0 (bayes)
2026-09-23 15:43:07,150 INFO: Plan 2: ḡ=102.0, γE[v]=15.8, Q=117.8 (bayes)
2026-09-23 15:43:07,866 INFO: Plan 2: ḡ=437, γE[v]=10.0, Q=447.0 (fn)
2026-09-23 15:43:07,867 INFO: Plan 0: ḡ=218.5, γE[v]=5.5, Q=223.9 (bayes)
2026-09-23 15:43:07,867 INFO: Plan 1: ḡ=186.5, γE[v]=22.9, Q=209.4 (bayes)
2026-09-23 15:43:07,867 INFO: Plan 2: ḡ=218.5, γE[v]=5.5, Q=223.9 (bayes)
2026-09-23 15:43:08,202 INFO: Plan 2: ḡ=39, γE[v]=0.0, Q=39.0 (fn)
2026-09-23 15:43:08,204 INFO: Plan 1: ḡ=29, γE[v]=9.5, Q=38.5 (fn)
2026-09-23 15:43:08,205 INFO: Plan 0: ḡ=30.0, γE[v]=53.2, Q=83.2 (bayes)
2026-09-23 15:43:08,205 INFO: Plan 1: ḡ=14.5, γE[v]=61.4, Q=75.9 (bayes)
2026-09-23 15:43:08,205 INFO: Plan 2: ḡ=25.0, γE[v]=55.8, Q=80.8 (bayes)
2026-09-23 15:43:08,648 INFO: Plan 2: ḡ=28, γE[v]=0.0, Q=28.0 (fn)
2026-09-23 15:43:08,688 INFO: Plan 2: ḡ=23, γE[v]=0.0, Q=23.0 (fn)
2026-09-23 15:43:08,688 INFO: Plan 0: ḡ=35, γE[v]=0.0, Q=35.0 (fn)
2026-09-23 15:43:09,269 INFO: Plan 0: ḡ=114, γE[v]=0.0, Q=114.0 (fn)
2026-09-23 15:43:09,494 INFO: Plan 1: ḡ=141, γE[v]=0.0, Q=141.0 (fn)
2026-09-23 15:43:09,495 INFO: Plan 0: ḡ=57.0, γE[v]=28.5, Q=85.5 (bayes)
2026-09-23 15:43:09,495 INFO: Plan 1: ḡ=70.5, γE[v]=21.8, Q=92.2 (bayes)
2026-09-23 15:43:09,495 INFO: Plan 2: ḡ=19.5, γE[v]=47.2, Q=66.8 (bayes)
2026-09-23 15:43:09,619 INFO: Plan 0: ḡ=10, γE[v]=0.0, Q=10.0 (fn)
2026-09-23 15:43:09,662 INFO: Plan 0: ḡ=17, γE[v]=0.0, Q=17.0 (fn)
2026-09-23 15:43:09,881 INFO: Plan 1: ḡ=202, γE[v]=0.0, Q=202.0 (fn)
2026-09-23 15:43:10,122 INFO: Plan 1: ḡ=93, γE[v]=0.0, Q=93.0 (fn)
2026-09-23 15:43:10,608 INFO: Plan 2: ḡ=105, γE[v]=0.0, Q=105.0 (fn)
2026-09-23 15:43:10,900 INFO: Plan 1: ḡ=62, γE[v]=0.0, Q=62.0 (fn)
2026-09-23 15:43:10,910 INFO: Plan 2: ḡ=371, γE[v]=0.0, Q=371.0 (fn)
2026-09-23 15:43:11,110 INFO: Plan 0: ḡ=190, γE[v]=0.0, Q=190.0 (fn)
2026-09-23 15:43:11,768 INFO: Plan 0: ḡ=51, γE[v]=0.0, Q=51.0 (fn)
2026-09-23 15:43:11,770 INFO: Plan 0: ḡ=47, γE[v]=0.0, Q=47.0 (fn)
2026-09-23 15:43:11,805 INFO: Plan 1: ḡ=28, γE[v]=0.0, Q=28.0 (fn)
2026-09-23 15:43:11,806 INFO: Plan 2: ḡ=123, γE[v]=0.0, Q=123.0 (fn)
2026-09-23 15:43:11,809 INFO: Plan 0: ḡ=58, γE[v]=148.0, Q=206.0 (fn)
2026-09-23 15:43:11,809 INFO: Plan 0: ḡ=8.5, γE[v]=166.8, Q=175.2 (bayes)
2026-09-23 15:43:11,810 INFO: Plan 1: ḡ=31.0, γE[v]=155.5, Q=186.5 (bayes)
2026-09-23 15:43:11,810 INFO: Plan 2: ḡ=61.5, γE[v]=140.2, Q=201.8 (bayes)
2026-09-23 15:43:12,016 INFO: Plan 1: ḡ=54, γE[v]=86.0, Q=140.0 (fn)
2026-09-23 15:43:12,706 INFO: Plan 0: ḡ=32, γE[v]=0.0, Q=32.0 (fn)
2026-09-23 15:43:12,823 INFO: Plan 2: ḡ=242, γE[v]=40.5, Q=282.5 (fn)
2026-09-23 15:43:12,824 INFO: Plan 0: ḡ=48.5, γE[v]=56.8, Q=105.3 (bayes)
2026-09-23 15:43:12,824 INFO: Plan 1: ḡ=27.0, γE[v]=71.1, Q=98.1 (bayes)
2026-09-23 15:43:12,824 INFO: Plan 2: ḡ=121.0, γE[v]=22.1, Q=143.1 (bayes)
2026-09-23 15:43:13,271 INFO: Plan 2: ḡ=77, γE[v]=0.0, Q=77.0 (fn)
2026-09-23 15:43:13,272 INFO: Plan 0: ḡ=23.5, γE[v]=29.5, Q=53.0 (bayes)
2026-09-23 15:43:13,272 INFO: Plan 1: ḡ=14.0, γE[v]=34.2, Q=48.2 (bayes)
2026-09-23 15:43:13,272 INFO: Plan 2: ḡ=38.5, γE[v]=22.0, Q=60.5 (bayes)
2026-09-23 15:43:13,314 INFO: Plan 0: ḡ=44, γE[v]=42.5, Q=86.5 (fn)
2026-09-23 15:43:13,315 INFO: Plan 1: ḡ=29, γE[v]=0.0, Q=29.0 (fn)
2026-09-23 15:43:13,316 INFO: Plan 0: ḡ=22.0, γE[v]=25.4, Q=47.4 (bayes)
2026-09-23 15:43:13,316 INFO: Plan 1: ḡ=46.5, γE[v]=11.2, Q=57.8 (bayes)
2026-09-23 15:43:13,316 INFO: Plan 2: ḡ=11.5, γE[v]=28.8, Q=40.2 (bayes)
2026-09-23 15:43:13,964 INFO: Plan 1: ḡ=122, γE[v]=10.5, Q=132.5 (fn)
2026-09-23 15:43:13,965 INFO: Plan 0: ḡ=95.0, γE[v]=108.8, Q=203.8 (bayes)
2026-09-23 15:43:13,965 INFO: Plan 1: ḡ=61.0, γE[v]=126.2, Q=187.2 (bayes)
2026-09-23 15:43:13,965 INFO: Plan 2: ḡ=52.5, γE[v]=130.0, Q=182.5 (bayes)
2026-09-23 15:43:14,410 INFO: Plan 1: ḡ=76, γE[v]=0.0, Q=76.0 (fn)
2026-09-23 15:43:14,708 INFO: Plan 1: ḡ=154, γE[v]=34.0, Q=188.0 (fn)
2026-09-23 15:43:14,709 INFO: Plan 0: ḡ=21.0, γE[v]=45.0, Q=66.0 (bayes)
2026-09-23 15:43:14,709 INFO: Plan 1: ḡ=77.0, γE[v]=18.5, Q=95.5 (bayes)
2026-09-23 15:43:14,709 INFO: Plan 2: ḡ=88.0, γE[v]=11.5, Q=99.5 (bayes)
2026-09-23 15:43:16,072 INFO: Plan 2: ḡ=176, γE[v]=0.0, Q=176.0 (fn)
2026-09-23 15:43:16,115 INFO: Plan 1: ḡ=53, γE[v]=77.5, Q=130.5 (fn)
2026-09-23 15:43:16,115 INFO: Plan 0: ḡ=16.0, γE[v]=46.5, Q=62.5 (bayes)
2026-09-23 15:43:16,116 INFO: Plan 1: ḡ=26.5, γE[v]=44.7, Q=71.2 (bayes)
2026-09-23 15:43:16,116 INFO: Plan 2: ḡ=28.5, γE[v]=40.2, Q=68.8 (bayes)
2026-09-23 15:43:16,365 INFO: Plan 0: ḡ=237, γE[v]=30.0, Q=267.0 (fn)
2026-09-23 15:43:16,701 INFO: Plan 0: ḡ=23, γE[v]=5.0, Q=28.0 (fn)
2026-09-23 15:43:17,571 INFO: Plan 1: ḡ=132, γE[v]=45.5, Q=177.5 (fn)
2026-09-23 15:43:17,610 INFO: Plan 2: ḡ=37, γE[v]=0.0, Q=37.0 (fn)
2026-09-23 15:43:18,224 INFO: Plan 1: ḡ=87, γE[v]=16.0, Q=103.0 (fn)
2026-09-23 15:43:18,225 INFO: Plan 0: ḡ=17.5, γE[v]=21.0, Q=38.5 (bayes)
2026-09-23 15:43:18,225 INFO: Plan 1: ḡ=43.5, γE[v]=8.7, Q=52.2 (bayes)
2026-09-23 15:43:18,225 INFO: Plan 2: ḡ=14.0, γE[v]=22.8, Q=36.8 (bayes)
2026-09-23 15:43:18,264 INFO: Plan 1: ḡ=103, γE[v]=0.0, Q=103.0 (fn)
2026-09-23 15:43:18,707 INFO: Plan 0: ḡ=58, γE[v]=3.5, Q=61.5 (fn)
2026-09-23 15:43:18,713 INFO: Plan 2: ḡ=221, γE[v]=0.0, Q=221.0 (fn)
2026-09-23 15:43:18,714 INFO: Plan 0: ḡ=29.0, γE[v]=130.4, Q=159.4 (bayes)
2026-09-23 15:43:18,714 INFO: Plan 1: ḡ=51.5, γE[v]=119.0, Q=170.5 (bayes)
2026-09-23 15:43:18,714 INFO: Plan 2: ḡ=18.5, γE[v]=135.5, Q=154.0 (bayes)
2026-09-23 15:43:18,747 INFO: Plan 1: ḡ=30, γE[v]=59.5, Q=89.5 (fn)
2026-09-23 15:43:19,445 INFO: Plan 2: ḡ=58, γE[v]=16.0, Q=74.0 (fn)
2026-09-23 15:43:19,790 INFO: Plan 2: ḡ=301, γE[v]=95.5, Q=396.5 (fn)
2026-09-23 15:43:19,790 INFO: Plan 0: ḡ=29.0, γE[v]=128.7, Q=157.7 (bayes)
2026-09-23 15:43:19,790 INFO: Plan 1: ḡ=101.0, γE[v]=86.0, Q=187.0 (bayes)
2026-09-23 15:43:19,791 INFO: Plan 2: ḡ=150.5, γE[v]=65.5, Q=216.1 (bayes)
2026-09-23 15:43:20,189 INFO: Plan 2: ḡ=111, γE[v]=65.0, Q=176.0 (fn)
2026-09-23 15:43:20,541 INFO: Plan 0: ḡ=128, γE[v]=79.0, Q=207.0 (fn)
2026-09-23 15:43:20,542 INFO: Plan 0: ḡ=64.0, γE[v]=72.3, Q=136.3 (bayes)
2026-09-23 15:43:20,542 INFO: Plan 1: ḡ=38.0, γE[v]=81.8, Q=119.8 (bayes)
2026-09-23 15:43:20,542 INFO: Plan 2: ḡ=88.0, γE[v]=56.8, Q=144.8 (bayes)
2026-09-23 15:43:20,918 INFO: Plan 1: ḡ=51, γE[v]=16.5, Q=67.5 (fn)
2026-09-23 15:43:20,918 INFO: Plan 0: ḡ=11.5, γE[v]=56.5, Q=68.0 (bayes)
2026-09-23 15:43:20,918 INFO: Plan 1: ḡ=25.5, γE[v]=50.0, Q=75.5 (bayes)
2026-09-23 15:43:20,918 INFO: Plan 2: ḡ=29.0, γE[v]=48.2, Q=77.2 (bayes)
2026-09-23 15:43:21,455 INFO: Plan 2: ḡ=228, γE[v]=101.0, Q=329.0 (fn)
2026-09-23 15:43:21,459 INFO: Plan 0: ḡ=55, γE[v]=50.0, Q=105.0 (fn)
2026-09-23 15:43:21,764 INFO: Plan 1: ḡ=457, γE[v]=49.5, Q=506.5 (fn)
2026-09-23 15:43:22,288 INFO: Plan 0: ḡ=125, γE[v]=107.5, Q=232.5 (fn)
2026-09-23 15:43:22,289 INFO: Plan 0: ḡ=62.5, γE[v]=126.1, Q=188.6 (bayes)
2026-09-23 15:43:22,289 INFO: Plan 1: ḡ=66.0, γE[v]=121.5, Q=187.6 (bayes)
2026-09-23 15:43:22,289 INFO: Plan 2: ḡ=55.5, γE[v]=127.7, Q=183.2 (bayes)
2026-09-23 15:43:22,558 INFO: Plan 1: ḡ=205, γE[v]=127.5, Q=332.5 (fn)
2026-09-23 15:43:22,559 INFO: Plan 0: ḡ=14.5, γE[v]=109.8, Q=124.2 (bayes)
2026-09-23 15:43:22,559 INFO: Plan 1: ḡ=102.5, γE[v]=71.5, Q=174.0 (bayes)
2026-09-23 15:43:22,559 INFO: Plan 2: ḡ=114.0, γE[v]=64.5, Q=178.6 (bayes)
2026-09-23 15:43:23,138 INFO: Plan 2: ḡ=22, γE[v]=17.0, Q=39.0 (fn)
2026-09-23 15:43:23,138 INFO: Plan 0: ḡ=5.0, γE[v]=14.2, Q=19.2 (bayes)
2026-09-23 15:43:23,139 INFO: Plan 1: ḡ=14.5, γE[v]=9.5, Q=24.0 (bayes)
2026-09-23 15:43:23,139 INFO: Plan 2: ḡ=11.0, γE[v]=12.0, Q=23.0 (bayes)
2026-09-23 15:43:23,174 INFO: Plan 2: ḡ=400, γE[v]=78.0, Q=478.0 (fn)
2026-09-23 15:43:23,175 INFO: Plan 0: ḡ=25.5, γE[v]=126.2, Q=151.8 (bayes)
2026-09-23 15:43:23,175 INFO: Plan 1: ḡ=228.5, γE[v]=27.0, Q=255.5 (bayes)
2026-09-23 15:43:23,175 INFO: Plan 2: ḡ=200.0, γE[v]=42.5, Q=242.5 (bayes)
2026-09-23 15:43:23,907 INFO: Plan 2: ḡ=77, γE[v]=35.0, Q=112.0 (fn)
2026-09-23 15:43:24,022 INFO: Plan 0: ḡ=4, γE[v]=0.0, Q=4.0 (fn)
2026-09-23 15:43:24,066 INFO: Plan 0: ḡ=533, γE[v]=6.5, Q=539.5 (fn)
2026-09-23 15:43:24,067 INFO: Plan 1: ḡ=243, γE[v]=150.0, Q=393.0 (fn)
2026-09-23 15:43:24,070 INFO: Plan 2: ḡ=92, γE[v]=33.5, Q=125.5 (fn)
2026-09-23 15:43:24,070 INFO: Plan 0: ḡ=16.0, γE[v]=39.5, Q=55.5 (bayes)
2026-09-23 15:43:24,070 INFO: Plan 1: ḡ=15.0, γE[v]=42.7, Q=57.7 (bayes)
2026-09-23 15:43:24,070 INFO: Plan 2: ḡ=46.0, γE[v]=26.0, Q=72.0 (bayes)
2026-09-23 15:43:24,236 INFO: Plan 1: ḡ=244, γE[v]=0.0, Q=244.0 (fn)
2026-09-23 15:43:24,236 INFO: Plan 0: ḡ=9.0, γE[v]=79.2, Q=88.2 (bayes)
2026-09-23 15:43:24,236 INFO: Plan 1: ḡ=122.0, γE[v]=22.8, Q=144.8 (bayes)
2026-09-23 15:43:24,237 INFO: Plan 2: ḡ=110.5, γE[v]=28.5, Q=139.0 (bayes)
2026-09-23 15:43:24,636 INFO: Plan 0: ḡ=79, γE[v]=51.0, Q=130.0 (fn)
2026-09-23 15:43:25,084 INFO: Plan 1: ḡ=153, γE[v]=52.0, Q=205.0 (fn)
2026-09-23 15:43:25,084 INFO: Plan 0: ḡ=39.5, γE[v]=136.5, Q=176.1 (bayes)
2026-09-23 15:43:25,084 INFO: Plan 1: ḡ=76.5, γE[v]=118.1, Q=194.6 (bayes)
2026-09-23 15:43:25,084 INFO: Plan 2: ḡ=38.5, γE[v]=136.3, Q=174.8 (bayes)
2026-09-23 15:43:25,345 INFO: Plan 2: ḡ=521, γE[v]=12.5, Q=533.5 (fn)
2026-09-23 15:43:25,345 INFO: Plan 0: ḡ=266.5, γE[v]=3.5, Q=270.0 (bayes)
2026-09-23 15:43:25,346 INFO: Plan 1: ḡ=121.5, γE[v]=82.5, Q=204.0 (bayes)
2026-09-23 15:43:25,346 INFO: Plan 2: ḡ=260.5, γE[v]=6.8, Q=267.3 (bayes)
2026-09-23 15:43:27,277 INFO: Plan 2: ḡ=90, γE[v]=0.0, Q=90.0 (fn)
2026-09-23 15:43:27,811 INFO: Plan 1: ḡ=720, γE[v]=118.0, Q=838.0 (fn)
2026-09-23 15:43:27,812 INFO: Plan 0: ḡ=118.5, γE[v]=330.9, Q=449.4 (bayes)
2026-09-23 15:43:27,812 INFO: Plan 1: ḡ=360.0, γE[v]=214.1, Q=574.1 (bayes)
2026-09-23 15:43:27,812 INFO: Plan 2: ḡ=185.5, γE[v]=296.0, Q=481.5 (bayes)
2026-09-23 15:43:28,384 INFO: Plan 1: ḡ=16, γE[v]=14.5, Q=30.5 (fn)
2026-09-23 15:43:28,876 INFO: Plan 2: ḡ=40, γE[v]=3.0, Q=43.0 (fn)
2026-09-23 15:43:28,876 INFO: Plan 0: ḡ=2.0, γE[v]=10.5, Q=12.5 (bayes)
2026-09-23 15:43:28,877 INFO: Plan 1: ḡ=8.0, γE[v]=8.2, Q=16.1 (bayes)
2026-09-23 15:43:28,877 INFO: Plan 2: ḡ=20.0, γE[v]=1.6, Q=21.6 (bayes)
2026-09-23 15:43:29,445 INFO: Plan 1: ḡ=381, γE[v]=30.5, Q=411.5 (fn)
2026-09-23 15:43:29,801 INFO: Plan 0: ḡ=58, γE[v]=49.5, Q=107.5 (fn)
2026-09-23 15:43:30,614 INFO: Plan 2: ḡ=336, γE[v]=53.0, Q=389.0 (fn)
2026-09-23 15:43:30,615 INFO: Plan 0: ḡ=27.5, γE[v]=99.0, Q=126.5 (bayes)
2026-09-23 15:43:30,615 INFO: Plan 1: ḡ=190.5, γE[v]=16.6, Q=207.1 (bayes)
2026-09-23 15:43:30,615 INFO: Plan 2: ḡ=168.0, γE[v]=28.9, Q=196.9 (bayes)
2026-09-23 15:43:31,068 INFO: Plan 1: ḡ=89, γE[v]=51.5, Q=140.5 (fn)
2026-09-23 15:43:31,069 INFO: Plan 0: ḡ=29.0, γE[v]=63.5, Q=92.5 (bayes)
2026-09-23 15:43:31,069 INFO: Plan 1: ḡ=44.5, γE[v]=55.8, Q=100.3 (bayes)
2026-09-23 15:43:31,069 INFO: Plan 2: ḡ=45.0, γE[v]=53.2, Q=98.2 (bayes)
2026-09-23 15:43:37,143 INFO: Plan 0: ḡ=43, γE[v]=29.5, Q=72.5 (fn)
2026-09-23 15:43:37,353 INFO: Plan 2: ḡ=66, γE[v]=18.0, Q=84.0 (fn)
2026-09-23 15:43:37,479 INFO: Plan 1: ḡ=46, γE[v]=28.0, Q=74.0 (fn)
2026-09-23 15:43:37,479 INFO: Plan 0: ḡ=21.5, γE[v]=16.1, Q=37.6 (bayes)
2026-09-23 15:43:37,479 INFO: Plan 1: ḡ=23.0, γE[v]=15.3, Q=38.3 (bayes)
2026-09-23 15:43:37,479 INFO: Plan 2: ḡ=33.0, γE[v]=9.8, Q=42.8 (bayes)
2026-09-23 15:43:50,041 INFO: Plan 0: ḡ=12, γE[v]=0.0, Q=12.0 (fn)
2026-09-23 15:43:52,917 INFO: Plan 2: ḡ=85, γE[v]=0.0, Q=85.0 (fn)
2026-09-23 15:43:53,398 INFO: Plan 0: ḡ=14, γE[v]=0.0, Q=14.0 (fn)
2026-09-23 15:43:53,964 INFO: Plan 0: ḡ=12, γE[v]=0.0, Q=12.0 (fn)
2026-09-23 15:43:54,290 INFO: Plan 1: ḡ=5, γE[v]=0.0, Q=5.0 (fn)
2026-09-23 15:43:55,798 INFO: Plan 0: ḡ=23, γE[v]=0.0, Q=23.0 (fn)
2026-09-23 15:43:56,918 INFO: Plan 2: ḡ=138, γE[v]=0.0, Q=138.0 (fn)
2026-09-23 15:43:58,942 INFO: Plan 1: ḡ=44, γE[v]=12.0, Q=56.0 (fn)
2026-09-23 15:43:59,833 INFO: Plan 2: ḡ=46, γE[v]=22.0, Q=68.0 (fn)
2026-09-23 15:43:59,833 INFO: Plan 0: ḡ=6.0, γE[v]=76.0, Q=82.0 (bayes)
2026-09-23 15:43:59,833 INFO: Plan 1: ḡ=22.0, γE[v]=68.5, Q=90.5 (bayes)
2026-09-23 15:43:59,833 INFO: Plan 2: ḡ=23.0, γE[v]=68.5, Q=91.5 (bayes)
2026-09-23 15:44:00,267 INFO: Plan 1: ḡ=256, γE[v]=0.0, Q=256.0 (fn)
2026-09-23 15:44:01,523 INFO: Plan 0: ḡ=17, γE[v]=77.0, Q=94.0 (fn)
2026-09-23 15:44:01,523 INFO: Plan 0: ḡ=8.5, γE[v]=189.7, Q=198.2 (bayes)
2026-09-23 15:44:01,523 INFO: Plan 1: ḡ=128.0, γE[v]=126.5, Q=254.5 (bayes)
2026-09-23 15:44:01,523 INFO: Plan 2: ḡ=69.0, γE[v]=156.0, Q=225.0 (bayes)
2026-09-23 15:44:02,745 INFO: Plan 2: ḡ=115, γE[v]=28.5, Q=143.5 (fn)
2026-09-23 15:44:02,935 INFO: Plan 1: ḡ=119, γE[v]=14.0, Q=133.0 (fn)
2026-09-23 15:44:02,935 INFO: Plan 0: ḡ=7.0, γE[v]=36.8, Q=43.8 (bayes)
2026-09-23 15:44:02,935 INFO: Plan 1: ḡ=59.5, γE[v]=11.1, Q=70.6 (bayes)
2026-09-23 15:44:02,935 INFO: Plan 2: ḡ=42.5, γE[v]=19.0, Q=61.5 (bayes)
2026-09-23 15:44:04,294 INFO: Plan 2: ḡ=78, γE[v]=6.5, Q=84.5 (fn)
2026-09-23 15:44:04,295 INFO: Plan 0: ḡ=6.0, γE[v]=22.0, Q=28.0 (bayes)
2026-09-23 15:44:04,295 INFO: Plan 1: ḡ=2.5, γE[v]=23.8, Q=26.2 (bayes)
2026-09-23 15:44:04,295 INFO: Plan 2: ḡ=39.0, γE[v]=5.8, Q=44.8 (bayes)
2026-09-23 15:44:05,213 INFO: Plan 0: ḡ=171, γE[v]=0.0, Q=171.0 (fn)
2026-09-23 15:44:05,972 INFO: Plan 1: ḡ=208, γE[v]=0.0, Q=208.0 (fn)
2026-09-23 15:44:08,922 INFO: Plan 1: ḡ=206, γE[v]=43.5, Q=249.5 (fn)
2026-09-23 15:44:08,923 INFO: Plan 0: ḡ=11.5, γE[v]=155.5, Q=167.0 (bayes)
2026-09-23 15:44:08,923 INFO: Plan 1: ḡ=103.0, γE[v]=111.7, Q=214.7 (bayes)
2026-09-23 15:44:08,923 INFO: Plan 2: ḡ=57.5, γE[v]=133.8, Q=191.3 (bayes)
2026-09-23 15:44:09,704 INFO: Plan 0: ḡ=11, γE[v]=0.0, Q=11.0 (fn)
2026-09-23 15:44:12,281 INFO: Plan 0: ḡ=30, γE[v]=42.5, Q=72.5 (fn)
2026-09-23 15:44:13,155 INFO: Plan 2: ḡ=102, γE[v]=15.5, Q=117.5 (fn)
2026-09-23 15:44:13,394 INFO: Plan 2: ḡ=36, γE[v]=37.5, Q=73.5 (fn)
2026-09-23 15:44:13,398 INFO: Plan 1: ḡ=22, γE[v]=21.5, Q=43.5 (fn)
2026-09-23 15:44:13,399 INFO: Plan 0: ḡ=15.0, γE[v]=103.7, Q=118.7 (bayes)
2026-09-23 15:44:13,399 INFO: Plan 1: ḡ=11.0, γE[v]=104.7, Q=115.7 (bayes)
2026-09-23 15:44:13,399 INFO: Plan 2: ḡ=51.0, γE[v]=84.4, Q=135.4 (bayes)
2026-09-23 15:44:13,893 INFO: Plan 1: ḡ=80, γE[v]=15.5, Q=95.5 (fn)
2026-09-23 15:44:13,893 INFO: Plan 0: ḡ=5.5, γE[v]=25.0, Q=30.5 (bayes)
2026-09-23 15:44:13,893 INFO: Plan 1: ḡ=40.0, γE[v]=8.4, Q=48.5 (bayes)
2026-09-23 15:44:13,893 INFO: Plan 2: ḡ=18.0, γE[v]=20.4, Q=38.4 (bayes)
2026-09-23 15:44:14,562 INFO: Plan 2: ḡ=605, γE[v]=0.0, Q=605.0 (fn)
2026-09-23 15:44:14,563 INFO: Plan 0: ḡ=85.5, γE[v]=316.8, Q=402.2 (bayes)
2026-09-23 15:44:14,563 INFO: Plan 1: ḡ=104.0, γE[v]=307.5, Q=411.5 (bayes)
2026-09-23 15:44:14,563 INFO: Plan 2: ḡ=302.5, γE[v]=208.2, Q=510.8 (bayes)
2026-09-23 15:44:16,979 INFO: Plan 0: ḡ=18, γE[v]=0.0, Q=18.0 (fn)
2026-09-23 15:44:19,240 INFO: Plan 1: ḡ=26, γE[v]=62.5, Q=88.5 (fn)
2026-09-23 15:44:24,773 INFO: Plan 2: ḡ=139, γE[v]=20.5, Q=159.5 (fn)
2026-09-23 15:44:24,774 INFO: Plan 0: ḡ=9.0, γE[v]=41.2, Q=50.2 (bayes)
2026-09-23 15:44:24,774 INFO: Plan 1: ḡ=13.0, γE[v]=42.1, Q=55.1 (bayes)
2026-09-23 15:44:24,774 INFO: Plan 2: ḡ=69.5, γE[v]=11.9, Q=81.4 (bayes)
2026-09-23 15:44:32,311 INFO: Plan 0: ḡ=53, γE[v]=0.0, Q=53.0 (fn)
2026-09-23 15:44:36,830 INFO: Plan 1: ḡ=18, γE[v]=0.0, Q=18.0 (fn)
2026-09-23 15:44:37,394 INFO: Plan 0: ḡ=93, γE[v]=0.0, Q=93.0 (fn)
2026-09-23 15:44:38,756 INFO: Plan 1: ḡ=31, γE[v]=17.5, Q=48.5 (fn)
2026-09-23 15:44:40,366 INFO: Plan 2: ḡ=74, γE[v]=10.5, Q=84.5 (fn)
2026-09-23 15:44:40,366 INFO: Plan 0: ḡ=46.5, γE[v]=54.5, Q=101.0 (bayes)
2026-09-23 15:44:40,366 INFO: Plan 1: ḡ=9.0, γE[v]=73.2, Q=82.2 (bayes)
2026-09-23 15:44:40,367 INFO: Plan 2: ḡ=37.0, γE[v]=59.7, Q=96.7 (bayes)
2026-09-23 15:44:43,117 INFO: Plan 2: ḡ=406, γE[v]=33.5, Q=439.5 (fn)
2026-09-23 15:44:43,117 INFO: Plan 0: ḡ=26.5, γE[v]=115.8, Q=142.2 (bayes)
2026-09-23 15:44:43,117 INFO: Plan 1: ḡ=15.5, γE[v]=122.0, Q=137.5 (bayes)
2026-09-23 15:44:43,118 INFO: Plan 2: ḡ=203.0, γE[v]=29.0, Q=232.0 (bayes)
2026-09-23 15:44:43,372 INFO: Plan 0: ḡ=9, γE[v]=0.0, Q=9.0 (fn)
2026-09-23 15:44:45,581 INFO: Plan 2: ḡ=22, γE[v]=0.0, Q=22.0 (fn)
2026-09-23 15:44:48,561 INFO: Plan 0: ḡ=26, γE[v]=6.5, Q=32.5 (fn)
2026-09-23 15:44:49,004 INFO: Plan 1: ḡ=36, γE[v]=0.0, Q=36.0 (fn)
2026-09-23 15:44:49,005 INFO: Plan 0: ḡ=13.0, γE[v]=69.8, Q=82.8 (bayes)
2026-09-23 15:44:49,005 INFO: Plan 1: ḡ=18.0, γE[v]=67.0, Q=85.0 (bayes)
2026-09-23 15:44:49,005 INFO: Plan 2: ḡ=11.0, γE[v]=70.5, Q=81.5 (bayes)
2026-09-23 15:44:57,711 INFO: Plan 2: ḡ=116, γE[v]=136.0, Q=252.0 (fn)
2026-09-23 15:44:57,931 INFO: Plan 1: ḡ=96, γE[v]=121.0, Q=217.0 (fn)
2026-09-23 15:44:57,931 INFO: Plan 0: ḡ=4.5, γE[v]=120.8, Q=125.2 (bayes)
2026-09-23 15:44:57,932 INFO: Plan 1: ḡ=48.0, γE[v]=104.4, Q=152.4 (bayes)
2026-09-23 15:44:57,932 INFO: Plan 2: ḡ=58.0, γE[v]=100.1, Q=158.1 (bayes)
2026-09-23 15:45:01,705 INFO: Plan 0: ḡ=7, γE[v]=0.0, Q=7.0 (fn)
2026-09-23 15:45:01,743 INFO: Plan 2: ḡ=9, γE[v]=0.0, Q=9.0 (fn)
2026-09-23 15:45:02,262 INFO: Plan 2: ḡ=2, γE[v]=0.0, Q=2.0 (fn)
2026-09-23 15:45:02,590 INFO: Plan 1: ḡ=8, γE[v]=3.5, Q=11.5 (fn)
2026-09-23 15:45:02,591 INFO: Plan 0: ḡ=2.5, γE[v]=2.2, Q=4.8 (bayes)
2026-09-23 15:45:02,591 INFO: Plan 1: ḡ=3.0, γE[v]=2.2, Q=5.2 (bayes)
2026-09-23 15:45:02,591 INFO: Plan 2: ḡ=4.5, γE[v]=1.2, Q=5.8 (bayes)
2026-09-23 15:45:03,960 INFO: Plan 2: ḡ=23, γE[v]=0.0, Q=23.0 (fn)
2026-09-23 15:45:04,341 INFO: Plan 0: ḡ=60, γE[v]=0.0, Q=60.0 (fn)
2026-09-23 15:45:04,829 INFO: Plan 0: ḡ=35, γE[v]=4.5, Q=39.5 (fn)
2026-09-23 15:45:05,192 INFO: Plan 2: ḡ=55, γE[v]=0.0, Q=55.0 (fn)
2026-09-23 15:45:05,229 INFO: Plan 1: ḡ=43, γE[v]=1.5, Q=44.5 (fn)
2026-09-23 15:45:05,230 INFO: Plan 0: ḡ=17.5, γE[v]=3.0, Q=20.4 (bayes)
2026-09-23 15:45:05,230 INFO: Plan 1: ḡ=21.5, γE[v]=0.8, Q=22.3 (bayes)
2026-09-23 15:45:05,230 INFO: Plan 2: ḡ=1.0, γE[v]=11.0, Q=12.0 (bayes)
2026-09-23 15:45:05,808 INFO: Plan 0: ḡ=16, γE[v]=0.0, Q=16.0 (fn)
2026-09-23 15:45:05,919 INFO: Plan 2: ḡ=10, γE[v]=0.0, Q=10.0 (fn)
2026-09-23 15:45:06,288 INFO: Plan 0: ḡ=11, γE[v]=5.0, Q=16.0 (fn)
2026-09-23 15:45:08,245 INFO: Plan 2: ḡ=0, γE[v]=0.0, Q=0.0 (fn)
2026-09-23 15:45:08,292 INFO: Plan 0: ḡ=11, γE[v]=0.0, Q=11.0 (fn)
2026-09-23 15:45:08,512 INFO: Plan 1: ḡ=11, γE[v]=3.5, Q=14.5 (fn)
2026-09-23 15:45:08,513 INFO: Plan 1: ḡ=27, γE[v]=3.0, Q=30.0 (fn)
2026-09-23 15:45:08,514 INFO: Plan 0: ḡ=7.0, γE[v]=4.3, Q=11.3 (bayes)
2026-09-23 15:45:08,514 INFO: Plan 0: ḡ=3.7, γE[v]=4.0, Q=7.6 (bayes)
2026-09-23 15:45:08,514 INFO: Plan 1: ḡ=4.5, γE[v]=5.7, Q=10.2 (bayes)
2026-09-23 15:45:08,514 INFO: Plan 1: ḡ=9.0, γE[v]=1.2, Q=10.2 (bayes)
2026-09-23 15:45:08,514 INFO: Plan 2: ḡ=7.7, γE[v]=4.0, Q=11.7 (bayes)
2026-09-23 15:45:08,514 INFO: Plan 2: ḡ=3.3, γE[v]=3.8, Q=7.2 (bayes)
2026-09-23 15:45:09,085 INFO: Plan 1: ḡ=14, γE[v]=0.0, Q=14.0 (fn)
2026-09-23 15:45:09,838 INFO: Plan 0: ḡ=12, γE[v]=0.5, Q=12.5 (fn)
2026-09-23 15:45:09,839 INFO: Plan 0: ḡ=4.0, γE[v]=2.4, Q=6.4 (bayes)
2026-09-23 15:45:09,839 INFO: Plan 1: ḡ=4.7, γE[v]=2.0, Q=6.7 (bayes)
2026-09-23 15:45:09,839 INFO: Plan 2: ḡ=0.0, γE[v]=4.3, Q=4.3 (bayes)
2026-09-23 15:45:12,458 INFO: Plan 1: ḡ=38, γE[v]=5.0, Q=43.0 (fn)
2026-09-23 15:45:12,459 INFO: Plan 0: ḡ=20.0, γE[v]=53.2, Q=73.2 (bayes)
2026-09-23 15:45:12,459 INFO: Plan 1: ḡ=19.0, γE[v]=54.0, Q=73.0 (bayes)
2026-09-23 15:45:12,459 INFO: Plan 2: ḡ=27.5, γE[v]=49.5, Q=77.0 (bayes)
2026-09-23 15:45:13,126 INFO: Plan 2: ḡ=71, γE[v]=46.5, Q=117.5 (fn)
2026-09-23 15:45:13,386 INFO: Plan 1: ḡ=83, γE[v]=0.0, Q=83.0 (fn)
2026-09-23 15:45:13,386 INFO: Plan 0: ḡ=5.3, γE[v]=107.0, Q=112.3 (bayes)
2026-09-23 15:45:13,386 INFO: Plan 1: ḡ=41.5, γE[v]=88.9, Q=130.4 (bayes)
2026-09-23 15:45:13,387 INFO: Plan 2: ḡ=35.5, γE[v]=94.0, Q=129.5 (bayes)
2026-09-23 15:45:14,313 INFO: Plan 0: ḡ=17, γE[v]=0.0, Q=17.0 (fn)
2026-09-23 15:45:14,350 INFO: Plan 2: ḡ=109, γE[v]=0.0, Q=109.0 (fn)
2026-09-23 15:45:15,014 INFO: Plan 1: ḡ=53, γE[v]=0.0, Q=53.0 (fn)
2026-09-23 15:45:15,015 INFO: Plan 0: ḡ=8.5, γE[v]=102.1, Q=110.6 (bayes)
2026-09-23 15:45:15,015 INFO: Plan 1: ḡ=26.5, γE[v]=93.1, Q=119.6 (bayes)
2026-09-23 15:45:15,015 INFO: Plan 2: ḡ=53.0, γE[v]=79.8, Q=132.8 (bayes)
2026-09-23 15:45:15,533 INFO: Plan 1: ḡ=34, γE[v]=0.0, Q=34.0 (fn)
2026-09-23 15:45:16,037 INFO: Plan 0: ḡ=13, γE[v]=0.0, Q=13.0 (fn)
2026-09-23 15:45:17,034 INFO: Plan 1: ḡ=8, γE[v]=0.0, Q=8.0 (fn)
2026-09-23 15:45:17,071 INFO: Plan 1: ḡ=53, γE[v]=0.0, Q=53.0 (fn)
2026-09-23 15:45:17,247 INFO: Plan 0: ḡ=35, γE[v]=0.0, Q=35.0 (fn)
2026-09-23 15:45:17,377 INFO: Plan 2: ḡ=30, γE[v]=0.0, Q=30.0 (fn)
2026-09-23 15:45:17,378 INFO: Plan 0: ḡ=6.5, γE[v]=139.3, Q=145.8 (bayes)
2026-09-23 15:45:17,378 INFO: Plan 1: ḡ=17.0, γE[v]=134.1, Q=151.1 (bayes)
2026-09-23 15:45:17,378 INFO: Plan 2: ḡ=15.0, γE[v]=135.1, Q=150.1 (bayes)
2026-09-23 15:45:18,006 INFO: Plan 2: ḡ=39, γE[v]=0.0, Q=39.0 (fn)
2026-09-23 15:45:18,334 INFO: Plan 2: ḡ=11, γE[v]=1.0, Q=12.0 (fn)
2026-09-23 15:45:18,335 INFO: Plan 0: ḡ=17.5, γE[v]=35.5, Q=53.0 (bayes)
2026-09-23 15:45:18,335 INFO: Plan 1: ḡ=4.0, γE[v]=42.2, Q=46.2 (bayes)
2026-09-23 15:45:18,335 INFO: Plan 2: ḡ=5.5, γE[v]=41.5, Q=47.0 (bayes)
2026-09-23 15:45:18,635 INFO: Plan 1: ḡ=75, γE[v]=0.0, Q=75.0 (fn)
2026-09-23 15:45:18,636 INFO: Plan 0: ḡ=69, γE[v]=0.0, Q=69.0 (fn)
2026-09-23 15:45:18,636 INFO: Plan 0: ḡ=23.5, γE[v]=33.5, Q=57.0 (bayes)
2026-09-23 15:45:18,636 INFO: Plan 1: ḡ=25.0, γE[v]=32.8, Q=57.8 (bayes)
2026-09-23 15:45:18,636 INFO: Plan 2: ḡ=19.5, γE[v]=35.5, Q=55.0 (bayes)
2026-09-23 15:45:18,792 INFO: Plan 0: ḡ=92, γE[v]=3.5, Q=95.5 (fn)
2026-09-23 15:45:19,781 INFO: Plan 2: ḡ=69, γE[v]=23.0, Q=92.0 (fn)
2026-09-23 15:45:19,782 INFO: Plan 0: ḡ=38.3, γE[v]=4.0, Q=42.4 (bayes)
2026-09-23 15:45:19,782 INFO: Plan 1: ḡ=17.7, γE[v]=14.2, Q=31.8 (bayes)
2026-09-23 15:45:19,782 INFO: Plan 2: ḡ=23.0, γE[v]=12.5, Q=35.5 (bayes)
2026-09-23 15:45:23,114 INFO: Plan 1: ḡ=0, γE[v]=0.0, Q=0.0 (fn)
2026-09-23 15:45:23,575 INFO: Plan 0: ḡ=20, γE[v]=0.0, Q=20.0 (fn)
2026-09-23 15:45:23,575 INFO: Plan 2: ḡ=0, γE[v]=0.0, Q=0.0 (fn)
2026-09-23 15:45:23,576 INFO: Plan 0: ḡ=6.7, γE[v]=0.0, Q=6.7 (bayes)
2026-09-23 15:45:23,576 INFO: Plan 1: ḡ=0.0, γE[v]=3.3, Q=3.3 (bayes)
2026-09-23 15:45:23,576 INFO: Plan 2: ḡ=0.0, γE[v]=3.3, Q=3.3 (bayes)
2026-09-23 15:45:24,238 INFO: Plan 0: ḡ=45, γE[v]=0.0, Q=45.0 (fn)
2026-09-23 15:45:24,477 INFO: Plan 2: ḡ=25, γE[v]=0.0, Q=25.0 (fn)
2026-09-23 15:45:24,515 INFO: Plan 1: ḡ=28, γE[v]=0.0, Q=28.0 (fn)
2026-09-23 15:45:24,516 INFO: Plan 0: ḡ=22.5, γE[v]=11.2, Q=33.8 (bayes)
2026-09-23 15:45:24,516 INFO: Plan 1: ḡ=14.0, γE[v]=15.5, Q=29.5 (bayes)
2026-09-23 15:45:24,516 INFO: Plan 2: ḡ=11.5, γE[v]=16.8, Q=28.2 (bayes)
2026-09-23 15:45:26,995 INFO: Plan 1: ḡ=66, γE[v]=0.0, Q=66.0 (fn)
2026-09-23 15:45:27,353 INFO: Plan 2: ḡ=7, γE[v]=0.0, Q=7.0 (fn)
2026-09-23 15:45:27,909 INFO: Plan 0: ḡ=56, γE[v]=0.0, Q=56.0 (fn)
2026-09-23 15:45:28,251 INFO: Plan 0: ḡ=3, γE[v]=4.5, Q=7.5 (fn)
2026-09-23 15:45:28,453 INFO: Plan 2: ḡ=94, γE[v]=0.0, Q=94.0 (fn)
2026-09-23 15:45:28,454 INFO: Plan 0: ḡ=26.7, γE[v]=95.2, Q=121.9 (bayes)
2026-09-23 15:45:28,454 INFO: Plan 1: ḡ=33.0, γE[v]=92.1, Q=125.1 (bayes)
2026-09-23 15:45:28,454 INFO: Plan 2: ḡ=47.0, γE[v]=85.1, Q=132.1 (bayes)
2026-09-23 15:45:28,926 INFO: Plan 1: ḡ=68, γE[v]=0.0, Q=68.0 (fn)
2026-09-23 15:45:28,927 INFO: Plan 0: ḡ=1.0, γE[v]=11.4, Q=12.4 (bayes)
2026-09-23 15:45:28,927 INFO: Plan 1: ḡ=22.7, γE[v]=0.3, Q=23.0 (bayes)
2026-09-23 15:45:28,927 INFO: Plan 2: ḡ=2.3, γE[v]=10.5, Q=12.8 (bayes)
2026-09-23 15:45:39,565 INFO: Plan 0: ḡ=17, γE[v]=0.0, Q=17.0 (fn)
2026-09-23 15:45:42,740 INFO: Plan 2: ḡ=57, γE[v]=0.0, Q=57.0 (fn)
2026-09-23 15:45:44,621 INFO: Plan 1: ḡ=70, γE[v]=0.0, Q=70.0 (fn)
2026-09-23 15:45:44,622 INFO: Plan 0: ḡ=5.7, γE[v]=22.8, Q=28.4 (bayes)
2026-09-23 15:45:44,622 INFO: Plan 1: ḡ=32.2, γE[v]=9.5, Q=41.7 (bayes)
2026-09-23 15:45:44,622 INFO: Plan 2: ḡ=28.5, γE[v]=11.3, Q=39.8 (bayes)
2026-09-23 15:45:50,509 INFO: Plan 0: ḡ=5, γE[v]=0.0, Q=5.0 (fn)
2026-09-23 15:45:50,983 INFO: Plan 2: ḡ=4, γE[v]=0.0, Q=4.0 (fn)
2026-09-23 15:45:52,151 INFO: Plan 2: ḡ=14, γE[v]=0.0, Q=14.0 (fn)
2026-09-23 15:45:52,709 INFO: Plan 0: ḡ=14, γE[v]=0.0, Q=14.0 (fn)
2026-09-23 15:45:52,962 INFO: Plan 1: ḡ=104, γE[v]=0.0, Q=104.0 (fn)
2026-09-23 15:45:52,963 INFO: Plan 0: ḡ=4.7, γE[v]=17.5, Q=22.2 (bayes)
2026-09-23 15:45:52,963 INFO: Plan 1: ḡ=34.7, γE[v]=2.5, Q=37.2 (bayes)
2026-09-23 15:45:52,963 INFO: Plan 2: ḡ=4.7, γE[v]=17.5, Q=22.2 (bayes)
2026-09-23 15:45:54,596 INFO: Plan 1: ḡ=7, γE[v]=3.0, Q=10.0 (fn)
2026-09-23 15:45:54,597 INFO: Plan 0: ḡ=2.5, γE[v]=2.0, Q=4.5 (bayes)
2026-09-23 15:45:54,597 INFO: Plan 1: ḡ=3.5, γE[v]=1.6, Q=5.1 (bayes)
2026-09-23 15:45:54,597 INFO: Plan 2: ḡ=2.0, γE[v]=2.2, Q=4.2 (bayes)
2026-09-23 15:45:57,233 INFO: Plan 0: ḡ=12, γE[v]=0.0, Q=12.0 (fn)
2026-09-23 15:45:57,571 INFO: Plan 1: ḡ=30, γE[v]=0.0, Q=30.0 (fn)
2026-09-23 15:45:59,145 INFO: Plan 2: ḡ=55, γE[v]=6.5, Q=61.5 (fn)
2026-09-23 15:45:59,146 INFO: Plan 0: ḡ=4.0, γE[v]=9.3, Q=13.3 (bayes)
2026-09-23 15:45:59,146 INFO: Plan 1: ḡ=10.0, γE[v]=6.3, Q=16.3 (bayes)
2026-09-23 15:45:59,146 INFO: Plan 2: ḡ=18.3, γE[v]=2.6, Q=20.9 (bayes)
2026-09-23 15:46:00,377 INFO: Plan 2: ḡ=2, γE[v]=0.0, Q=2.0 (fn)
2026-09-23 15:46:00,738 INFO: Plan 0: ḡ=2, γE[v]=0.0, Q=2.0 (fn)
2026-09-23 15:46:00,739 INFO: Plan 1: ḡ=2, γE[v]=0.0, Q=2.0 (fn)
2026-09-23 15:46:00,739 INFO: Plan 0: ḡ=0.7, γE[v]=0.7, Q=1.3 (bayes)
2026-09-23 15:46:00,739 INFO: Plan 1: ḡ=0.7, γE[v]=0.7, Q=1.3 (bayes)
2026-09-23 15:46:00,739 INFO: Plan 2: ḡ=0.7, γE[v]=0.7, Q=1.3 (bayes)
2026-09-23 15:46:02,460 INFO: Plan 1: ḡ=17, γE[v]=0.0, Q=17.0 (fn)
2026-09-23 15:46:06,157 INFO: Plan 0: ḡ=25, γE[v]=4.0, Q=29.0 (fn)
2026-09-23 15:46:09,453 INFO: Plan 1: ḡ=102, γE[v]=0.0, Q=102.0 (fn)
2026-09-23 15:46:09,732 INFO: Plan 2: ḡ=32, γE[v]=9.0, Q=41.0 (fn)
2026-09-23 15:46:09,733 INFO: Plan 0: ḡ=12.5, γE[v]=29.7, Q=42.2 (bayes)
2026-09-23 15:46:09,733 INFO: Plan 1: ḡ=8.5, γE[v]=31.5, Q=40.0 (bayes)
2026-09-23 15:46:09,733 INFO: Plan 2: ḡ=11.8, γE[v]=30.3, Q=42.2 (bayes)
2026-09-23 15:46:10,637 INFO: Plan 2: ḡ=3, γE[v]=0.0, Q=3.0 (fn)
2026-09-23 15:46:10,718 INFO: Plan 2: ḡ=36, γE[v]=0.0, Q=36.0 (fn)
2026-09-23 15:46:10,996 INFO: Plan 1: ḡ=12, γE[v]=0.0, Q=12.0 (fn)
2026-09-23 15:46:11,314 INFO: Plan 0: ḡ=65, γE[v]=10.5, Q=75.5 (fn)
2026-09-23 15:46:11,315 INFO: Plan 0: ḡ=32.5, γE[v]=115.4, Q=147.9 (bayes)
2026-09-23 15:46:11,315 INFO: Plan 1: ḡ=38.8, γE[v]=111.8, Q=150.6 (bayes)
2026-09-23 15:46:11,315 INFO: Plan 2: ḡ=18.0, γE[v]=122.2, Q=140.2 (bayes)
2026-09-23 15:46:11,634 INFO: Plan 0: ḡ=22, γE[v]=0.0, Q=22.0 (fn)
2026-09-23 15:46:11,841 INFO: Plan 2: ḡ=59, γE[v]=0.0, Q=59.0 (fn)
2026-09-23 15:46:12,142 INFO: Plan 1: ḡ=18, γE[v]=0.0, Q=18.0 (fn)
2026-09-23 15:46:12,143 INFO: Plan 0: ḡ=9.8, γE[v]=11.4, Q=21.2 (bayes)
2026-09-23 15:46:12,143 INFO: Plan 1: ḡ=6.0, γE[v]=13.3, Q=19.3 (bayes)
2026-09-23 15:46:12,143 INFO: Plan 2: ḡ=19.7, γE[v]=6.5, Q=26.2 (bayes)
2026-09-23 15:46:12,539 INFO: Plan 0: ḡ=23, γE[v]=6.0, Q=29.0 (fn)
2026-09-23 15:46:12,539 INFO: Plan 0: ḡ=7.7, γE[v]=2.4, Q=10.0 (bayes)
2026-09-23 15:46:12,539 INFO: Plan 1: ḡ=4.0, γE[v]=3.8, Q=7.8 (bayes)
2026-09-23 15:46:12,539 INFO: Plan 2: ḡ=1.0, γE[v]=5.3, Q=6.3 (bayes)
2026-09-23 15:46:12,690 INFO: Plan 0: ḡ=109, γE[v]=0.0, Q=109.0 (fn)
2026-09-23 15:46:13,727 INFO: Plan 1: ḡ=107, γE[v]=0.0, Q=107.0 (fn)
2026-09-23 15:46:13,928 INFO: Plan 2: ḡ=248, γE[v]=0.0, Q=248.0 (fn)
2026-09-23 15:46:13,929 INFO: Plan 0: ḡ=45.0, γE[v]=86.8, Q=131.8 (bayes)
2026-09-23 15:46:13,929 INFO: Plan 1: ḡ=53.5, γE[v]=82.5, Q=136.0 (bayes)
2026-09-23 15:46:13,929 INFO: Plan 2: ḡ=124.0, γE[v]=47.2, Q=171.2 (bayes)
2026-09-23 15:46:15,679 INFO: Plan 0: ḡ=54, γE[v]=0.0, Q=54.0 (fn)
2026-09-23 15:46:16,698 INFO: Plan 0: ḡ=97, γE[v]=6.5, Q=103.5 (fn)
2026-09-23 15:46:17,486 INFO: Plan 2: ḡ=106, γE[v]=0.0, Q=106.0 (fn)
2026-09-23 15:46:18,283 INFO: Plan 1: ḡ=153, γE[v]=0.0, Q=153.0 (fn)
2026-09-23 15:46:18,283 INFO: Plan 0: ḡ=21.7, γE[v]=46.1, Q=67.8 (bayes)
2026-09-23 15:46:18,283 INFO: Plan 1: ḡ=52.2, γE[v]=30.8, Q=83.0 (bayes)
2026-09-23 15:46:18,283 INFO: Plan 2: ḡ=37.3, γE[v]=38.2, Q=75.6 (bayes)
2026-09-23 15:46:20,855 INFO: Plan 1: ḡ=67, γE[v]=0.0, Q=67.0 (fn)
2026-09-23 15:46:21,471 INFO: Plan 2: ḡ=68, γE[v]=0.0, Q=68.0 (fn)
2026-09-23 15:46:24,873 INFO: Plan 1: ḡ=250, γE[v]=36.5, Q=286.5 (fn)
2026-09-23 15:46:27,172 INFO: Plan 2: ḡ=198, γE[v]=61.0, Q=259.0 (fn)
2026-09-23 15:46:27,173 INFO: Plan 0: ḡ=32.3, γE[v]=38.1, Q=70.4 (bayes)
2026-09-23 15:46:27,173 INFO: Plan 1: ḡ=83.3, γE[v]=14.4, Q=97.7 (bayes)
2026-09-23 15:46:27,173 INFO: Plan 2: ḡ=66.0, γE[v]=24.5, Q=90.5 (bayes)
2026-09-23 15:46:28,183 INFO: Plan 2: ḡ=72, γE[v]=0.0, Q=72.0 (fn)
2026-09-23 15:46:28,636 INFO: Plan 0: ḡ=268, γE[v]=6.5, Q=274.5 (fn)
2026-09-23 15:46:28,637 INFO: Plan 0: ḡ=90.5, γE[v]=3.2, Q=93.7 (bayes)
2026-09-23 15:46:28,637 INFO: Plan 1: ḡ=23.0, γE[v]=36.7, Q=59.7 (bayes)
2026-09-23 15:46:28,637 INFO: Plan 2: ḡ=23.2, γE[v]=36.6, Q=59.8 (bayes)
2026-09-23 15:46:31,804 INFO: Plan 0: ḡ=84, γE[v]=0.0, Q=84.0 (fn)
2026-09-23 15:46:32,582 INFO: Plan 2: ḡ=125, γE[v]=14.0, Q=139.0 (fn)
2026-09-23 15:46:32,791 INFO: Plan 1: ḡ=132, γE[v]=49.0, Q=181.0 (fn)
2026-09-23 15:46:33,064 INFO: Plan 1: ḡ=37, γE[v]=62.0, Q=99.0 (fn)
2026-09-23 15:46:33,420 INFO: Plan 0: ḡ=24, γE[v]=0.0, Q=24.0 (fn)
2026-09-23 15:46:33,972 INFO: Plan 2: ḡ=59, γE[v]=0.0, Q=59.0 (fn)
2026-09-23 15:46:34,390 INFO: Plan 0: ḡ=33, γE[v]=64.0, Q=97.0 (fn)
2026-09-23 15:46:34,390 INFO: Plan 0: ḡ=11.5, γE[v]=25.6, Q=37.0 (bayes)
2026-09-23 15:46:34,390 INFO: Plan 1: ḡ=13.7, γE[v]=24.4, Q=38.0 (bayes)
2026-09-23 15:46:34,390 INFO: Plan 2: ḡ=41.8, γE[v]=7.4, Q=49.2 (bayes)
2026-09-23 15:46:35,470 INFO: Plan 2: ḡ=11, γE[v]=0.0, Q=11.0 (fn)
2026-09-23 15:46:36,696 INFO: Plan 0: ḡ=6, γE[v]=0.0, Q=6.0 (fn)
2026-09-23 15:46:37,083 INFO: Plan 0: ḡ=107, γE[v]=106.0, Q=213.0 (fn)
2026-09-23 15:46:37,085 INFO: Plan 0: ḡ=35.8, γE[v]=109.4, Q=145.3 (bayes)
2026-09-23 15:46:37,087 INFO: Plan 1: ḡ=44.0, γE[v]=101.7, Q=145.7 (bayes)
2026-09-23 15:46:37,090 INFO: Plan 2: ḡ=33.7, γE[v]=104.2, Q=137.8 (bayes)
2026-09-23 15:46:37,120 INFO: Plan 1: ḡ=7, γE[v]=0.0, Q=7.0 (fn)
2026-09-23 15:46:37,121 INFO: Plan 2: ḡ=5, γE[v]=0.0, Q=5.0 (fn)
2026-09-23 15:46:37,121 INFO: Plan 0: ḡ=2.0, γE[v]=2.4, Q=4.4 (bayes)
2026-09-23 15:46:37,121 INFO: Plan 1: ḡ=2.3, γE[v]=2.2, Q=4.6 (bayes)
2026-09-23 15:46:37,121 INFO: Plan 2: ḡ=2.5, γE[v]=2.2, Q=4.7 (bayes)
2026-09-23 15:46:37,315 INFO: Plan 2: ḡ=14, γE[v]=0.0, Q=14.0 (fn)
2026-09-23 15:46:38,227 INFO: Plan 1: ḡ=11, γE[v]=0.0, Q=11.0 (fn)
2026-09-23 15:46:38,609 INFO: Plan 0: ḡ=36, γE[v]=0.0, Q=36.0 (fn)
2026-09-23 15:46:38,751 INFO: Plan 1: ḡ=16, γE[v]=19.0, Q=35.0 (fn)
2026-09-23 15:46:38,752 INFO: Plan 0: ḡ=8.0, γE[v]=11.2, Q=19.2 (bayes)
2026-09-23 15:46:38,752 INFO: Plan 1: ḡ=5.3, γE[v]=13.6, Q=19.0 (bayes)
2026-09-23 15:46:38,752 INFO: Plan 2: ḡ=19.7, γE[v]=5.3, Q=25.0 (bayes)
2026-09-23 15:46:39,040 INFO: Plan 2: ḡ=34, γE[v]=0.0, Q=34.0 (fn)
2026-09-23 15:46:39,068 INFO: Plan 0: ḡ=15, γE[v]=0.0, Q=15.0 (fn)
2026-09-23 15:46:39,267 INFO: Plan 2: ḡ=80, γE[v]=0.0, Q=80.0 (fn)
2026-09-23 15:46:39,831 INFO: Plan 2: ḡ=18, γE[v]=0.0, Q=18.0 (fn)
2026-09-23 15:46:40,389 INFO: Plan 1: ḡ=77, γE[v]=0.0, Q=77.0 (fn)
2026-09-23 15:46:40,625 INFO: Plan 0: ḡ=104, γE[v]=0.0, Q=104.0 (fn)
2026-09-23 15:46:41,312 INFO: Plan 0: ḡ=110, γE[v]=0.0, Q=110.0 (fn)
2026-09-23 15:46:41,313 INFO: Plan 0: ḡ=55.0, γE[v]=39.8, Q=94.8 (bayes)
2026-09-23 15:46:41,313 INFO: Plan 1: ḡ=38.5, γE[v]=48.0, Q=86.5 (bayes)
2026-09-23 15:46:41,313 INFO: Plan 2: ḡ=40.0, γE[v]=47.2, Q=87.2 (bayes)
2026-09-23 15:46:41,488 INFO: Plan 2: ḡ=36, γE[v]=36.5, Q=72.5 (fn)
2026-09-23 15:46:41,889 INFO: Plan 0: ḡ=56, γE[v]=0.0, Q=56.0 (fn)
2026-09-23 15:46:42,103 INFO: Plan 1: ḡ=138, γE[v]=20.0, Q=158.0 (fn)
2026-09-23 15:46:42,103 INFO: Plan 0: ḡ=32.5, γE[v]=73.3, Q=105.8 (bayes)
2026-09-23 15:46:42,104 INFO: Plan 1: ḡ=57.8, γE[v]=61.6, Q=119.4 (bayes)
2026-09-23 15:46:42,104 INFO: Plan 2: ḡ=17.0, γE[v]=83.0, Q=100.0 (bayes)
2026-09-23 15:46:42,143 INFO: Plan 0: ḡ=29, γE[v]=0.0, Q=29.0 (fn)
2026-09-23 15:46:42,869 INFO: Plan 1: ḡ=87, γE[v]=0.0, Q=87.0 (fn)
2026-09-23 15:46:42,905 INFO: Plan 2: ḡ=112, γE[v]=0.0, Q=112.0 (fn)
2026-09-23 15:46:42,906 INFO: Plan 0: ḡ=20.2, γE[v]=45.5, Q=65.7 (bayes)
2026-09-23 15:46:42,906 INFO: Plan 1: ḡ=32.8, γE[v]=39.2, Q=72.0 (bayes)
2026-09-23 15:46:42,906 INFO: Plan 2: ḡ=40.8, γE[v]=35.2, Q=76.0 (bayes)
2026-09-23 15:46:43,342 INFO: Plan 0: ḡ=52, γE[v]=0.0, Q=52.0 (fn)
2026-09-23 15:46:43,523 INFO: Plan 2: ḡ=67, γE[v]=0.0, Q=67.0 (fn)
2026-09-23 15:46:43,782 INFO: Plan 0: ḡ=13, γE[v]=5.5, Q=18.5 (fn)
2026-09-23 15:46:43,783 INFO: Plan 0: ḡ=4.8, γE[v]=3.5, Q=8.3 (bayes)
2026-09-23 15:46:43,783 INFO: Plan 1: ḡ=4.8, γE[v]=3.2, Q=8.0 (bayes)
2026-09-23 15:46:43,783 INFO: Plan 2: ḡ=4.8, γE[v]=3.2, Q=8.0 (bayes)
2026-09-23 15:46:44,692 INFO: Plan 2: ḡ=23, γE[v]=0.0, Q=23.0 (fn)
2026-09-23 15:46:44,730 INFO: Plan 0: ḡ=20, γE[v]=0.0, Q=20.0 (fn)
2026-09-23 15:46:45,076 INFO: Plan 2: ḡ=59, γE[v]=0.0, Q=59.0 (fn)
2026-09-23 15:46:46,237 INFO: Plan 1: ḡ=31, γE[v]=11.5, Q=42.5 (fn)
2026-09-23 15:46:46,238 INFO: Plan 0: ḡ=5.5, γE[v]=6.5, Q=12.0 (bayes)
2026-09-23 15:46:46,238 INFO: Plan 1: ḡ=10.3, γE[v]=4.8, Q=15.1 (bayes)
2026-09-23 15:46:46,238 INFO: Plan 2: ḡ=4.7, γE[v]=6.9, Q=11.6 (bayes)
2026-09-23 15:46:47,246 INFO: Plan 1: ḡ=21, γE[v]=15.5, Q=36.5 (fn)
2026-09-23 15:46:47,247 INFO: Plan 0: ḡ=18.0, γE[v]=50.2, Q=68.2 (bayes)
2026-09-23 15:46:47,247 INFO: Plan 1: ḡ=8.3, γE[v]=55.9, Q=64.2 (bayes)
2026-09-23 15:46:47,247 INFO: Plan 2: ḡ=7.0, γE[v]=55.7, Q=62.7 (bayes)
2026-09-23 15:46:47,738 INFO: Plan 1: ḡ=281, γE[v]=0.0, Q=281.0 (fn)
2026-09-23 15:46:47,739 INFO: Plan 0: ḡ=14.5, γE[v]=180.8, Q=195.3 (bayes)
2026-09-23 15:46:47,739 INFO: Plan 1: ḡ=117.3, γE[v]=129.4, Q=246.8 (bayes)
2026-09-23 15:46:47,739 INFO: Plan 2: ḡ=33.5, γE[v]=171.3, Q=204.8 (bayes)
2026-09-23 15:46:47,987 INFO: Plan 1: ḡ=46, γE[v]=0.0, Q=46.0 (fn)
2026-09-23 15:46:47,988 INFO: Plan 0: ḡ=26.0, γE[v]=66.4, Q=92.4 (bayes)
2026-09-23 15:46:47,988 INFO: Plan 1: ḡ=21.5, γE[v]=68.7, Q=90.2 (bayes)
2026-09-23 15:46:47,988 INFO: Plan 2: ḡ=27.3, γE[v]=65.7, Q=93.1 (bayes)
2026-09-23 15:46:48,401 INFO: Plan 0: ḡ=184, γE[v]=116.0, Q=300.0 (fn)
2026-09-23 15:46:48,938 INFO: Plan 2: ḡ=100, γE[v]=8.0, Q=108.0 (fn)
2026-09-23 15:46:49,778 INFO: Plan 0: ḡ=1, γE[v]=0.0, Q=1.0 (fn)
2026-09-23 15:46:49,860 INFO: Plan 1: ḡ=65, γE[v]=22.0, Q=87.0 (fn)
2026-09-23 15:46:49,861 INFO: Plan 0: ḡ=6.7, γE[v]=14.8, Q=21.5 (bayes)
2026-09-23 15:46:49,861 INFO: Plan 1: ḡ=21.7, γE[v]=8.7, Q=30.3 (bayes)
2026-09-23 15:46:49,861 INFO: Plan 2: ḡ=7.7, γE[v]=14.3, Q=22.0 (bayes)
2026-09-23 15:46:49,901 INFO: Plan 1: ḡ=37, γE[v]=0.0, Q=37.0 (fn)
2026-09-23 15:46:50,278 INFO: Plan 1: ḡ=6, γE[v]=0.0, Q=6.0 (fn)
2026-09-23 15:46:50,279 INFO: Plan 2: ḡ=6, γE[v]=0.0, Q=6.0 (fn)
2026-09-23 15:46:50,279 INFO: Plan 0: ḡ=0.5, γE[v]=1.0, Q=1.5 (bayes)
2026-09-23 15:46:50,279 INFO: Plan 1: ḡ=2.0, γE[v]=0.2, Q=2.2 (bayes)
2026-09-23 15:46:50,279 INFO: Plan 2: ḡ=2.0, γE[v]=0.2, Q=2.2 (bayes)
2026-09-23 15:46:50,466 INFO: Plan 2: ḡ=43, γE[v]=0.0, Q=43.0 (fn)
2026-09-23 15:46:50,716 INFO: Plan 0: ḡ=142, γE[v]=0.0, Q=142.0 (fn)
2026-09-23 15:46:50,717 INFO: Plan 0: ḡ=67.7, γE[v]=24.0, Q=91.7 (bayes)
2026-09-23 15:46:50,717 INFO: Plan 1: ḡ=17.7, γE[v]=49.0, Q=66.7 (bayes)
2026-09-23 15:46:50,717 INFO: Plan 2: ḡ=20.7, γE[v]=47.5, Q=68.2 (bayes)
2026-09-23 15:46:50,997 INFO: Plan 0: ḡ=42, γE[v]=40.0, Q=82.0 (fn)
2026-09-23 15:46:51,463 INFO: Plan 1: ḡ=89, γE[v]=84.5, Q=173.5 (fn)
2026-09-23 15:46:51,463 INFO: Plan 0: ḡ=42.2, γE[v]=111.3, Q=153.5 (bayes)
2026-09-23 15:46:51,464 INFO: Plan 1: ḡ=32.3, γE[v]=121.1, Q=153.4 (bayes)
2026-09-23 15:46:51,464 INFO: Plan 2: ḡ=15.2, γE[v]=124.8, Q=140.0 (bayes)
2026-09-23 15:46:52,497 INFO: Plan 0: ḡ=17, γE[v]=0.0, Q=17.0 (fn)
2026-09-23 15:46:53,321 INFO: Plan 1: ḡ=22, γE[v]=19.0, Q=41.0 (fn)
2026-09-23 15:46:53,322 INFO: Plan 0: ḡ=21.0, γE[v]=85.6, Q=106.6 (bayes)
2026-09-23 15:46:53,322 INFO: Plan 1: ḡ=11.0, γE[v]=89.7, Q=100.7 (bayes)
2026-09-23 15:46:53,322 INFO: Plan 2: ḡ=33.3, γE[v]=78.1, Q=111.5 (bayes)
2026-09-23 15:46:54,245 INFO: Plan 1: ḡ=32, γE[v]=17.5, Q=49.5 (fn)
2026-09-23 15:46:54,597 INFO: Plan 1: ḡ=36, γE[v]=0.0, Q=36.0 (fn)
2026-09-23 15:46:55,068 INFO: Plan 2: ḡ=88, γE[v]=0.0, Q=88.0 (fn)
2026-09-23 15:46:55,069 INFO: Plan 0: ḡ=7.5, γE[v]=63.0, Q=70.5 (bayes)
2026-09-23 15:46:55,069 INFO: Plan 1: ḡ=12.2, γE[v]=60.7, Q=72.8 (bayes)
2026-09-23 15:46:55,069 INFO: Plan 2: ḡ=43.0, γE[v]=45.3, Q=88.2 (bayes)
2026-09-23 15:47:00,393 INFO: Plan 2: ḡ=356, γE[v]=34.0, Q=390.0 (fn)
2026-09-23 15:47:00,394 INFO: Plan 0: ḡ=67.7, γE[v]=59.4, Q=127.0 (bayes)
2026-09-23 15:47:00,394 INFO: Plan 1: ḡ=10.7, γE[v]=82.0, Q=92.6 (bayes)
2026-09-23 15:47:00,394 INFO: Plan 2: ḡ=119.0, γE[v]=28.8, Q=147.8 (bayes)
2026-09-23 15:47:01,695 INFO: Plan 0: ḡ=1, γE[v]=0.0, Q=1.0 (fn)
2026-09-23 15:47:02,428 INFO: Plan 1: ḡ=3, γE[v]=0.0, Q=3.0 (fn)
2026-09-23 15:47:03,444 INFO: Plan 2: ḡ=1, γE[v]=1.0, Q=2.0 (fn)
2026-09-23 15:47:03,445 INFO: Plan 0: ḡ=0.3, γE[v]=0.3, Q=0.7 (bayes)
2026-09-23 15:47:03,445 INFO: Plan 1: ḡ=1.0, γE[v]=0.0, Q=1.0 (bayes)
2026-09-23 15:47:03,445 INFO: Plan 2: ḡ=0.3, γE[v]=0.4, Q=0.7 (bayes)
2026-09-23 15:47:03,523 INFO: Plan 0: ḡ=5, γE[v]=0.0, Q=5.0 (fn)
2026-09-23 15:47:03,734 INFO: Plan 1: ḡ=16, γE[v]=0.0, Q=16.0 (fn)
2026-09-23 15:47:03,917 INFO: Plan 2: ḡ=4, γE[v]=0.0, Q=4.0 (fn)
2026-09-23 15:47:03,918 INFO: Plan 0: ḡ=1.2, γE[v]=2.5, Q=3.8 (bayes)
2026-09-23 15:47:03,918 INFO: Plan 1: ḡ=4.0, γE[v]=1.1, Q=5.1 (bayes)
2026-09-23 15:47:03,918 INFO: Plan 2: ḡ=1.0, γE[v]=2.6, Q=3.6 (bayes)
2026-09-23 15:47:06,005 INFO: Plan 2: ḡ=2, γE[v]=0.0, Q=2.0 (fn)
2026-09-23 15:47:09,067 INFO: Plan 2: ḡ=0, γE[v]=0.0, Q=0.0 (fn)
2026-09-23 15:47:09,067 INFO: Plan 0: ḡ=13, γE[v]=1.5, Q=14.5 (fn)
2026-09-23 15:47:09,396 INFO: Plan 1: ḡ=5, γE[v]=0.0, Q=5.0 (fn)
2026-09-23 15:47:09,644 INFO: Plan 0: ḡ=12, γE[v]=0.0, Q=12.0 (fn)
2026-09-23 15:47:09,644 INFO: Plan 0: ḡ=4.0, γE[v]=0.0, Q=4.0 (bayes)
2026-09-23 15:47:09,644 INFO: Plan 1: ḡ=1.7, γE[v]=1.2, Q=2.8 (bayes)
2026-09-23 15:47:09,644 INFO: Plan 2: ḡ=0.0, γE[v]=2.0, Q=2.0 (bayes)
2026-09-23 15:47:11,046 INFO: Plan 1: ḡ=14, γE[v]=2.0, Q=16.0 (fn)
2026-09-23 15:47:11,046 INFO: Plan 0: ḡ=5.5, γE[v]=1.3, Q=6.8 (bayes)
2026-09-23 15:47:11,046 INFO: Plan 1: ḡ=6.0, γE[v]=1.1, Q=7.1 (bayes)
2026-09-23 15:47:11,046 INFO: Plan 2: ḡ=1.0, γE[v]=3.5, Q=4.5 (bayes)
2026-09-23 15:47:11,686 INFO: Plan 1: ḡ=115, γE[v]=125.0, Q=240.0 (fn)
2026-09-23 15:47:16,121 INFO: Plan 2: ḡ=274, γE[v]=57.5, Q=331.5 (fn)
2026-09-23 15:47:16,765 INFO: Plan 0: ḡ=45, γE[v]=163.0, Q=208.0 (fn)
2026-09-23 15:47:16,766 INFO: Plan 0: ḡ=18.0, γE[v]=74.3, Q=92.3 (bayes)
2026-09-23 15:47:16,766 INFO: Plan 1: ḡ=47.8, γE[v]=57.4, Q=105.2 (bayes)
2026-09-23 15:47:16,766 INFO: Plan 2: ḡ=95.3, γE[v]=29.2, Q=124.5 (bayes)
2026-09-23 15:47:40,285 INFO: Plan 1: ḡ=20, γE[v]=0.0, Q=20.0 (fn)
2026-09-23 15:47:40,402 INFO: Plan 0: ḡ=52, γE[v]=0.0, Q=52.0 (fn)
2026-09-23 15:47:41,583 INFO: Plan 2: ḡ=8, γE[v]=1.0, Q=9.0 (fn)
2026-09-23 15:47:41,584 INFO: Plan 0: ḡ=20.8, γE[v]=30.2, Q=51.1 (bayes)
2026-09-23 15:47:41,584 INFO: Plan 1: ḡ=10.0, γE[v]=35.7, Q=45.7 (bayes)
2026-09-23 15:47:41,584 INFO: Plan 2: ḡ=4.0, γE[v]=38.7, Q=42.7 (bayes)
2026-09-23 15:47:48,627 INFO: Plan 1: ḡ=49, γE[v]=0.0, Q=49.0 (fn)
2026-09-23 15:47:49,033 INFO: Plan 0: ḡ=11, γE[v]=0.0, Q=11.0 (fn)
2026-09-23 15:47:49,814 INFO: Plan 2: ḡ=152, γE[v]=0.0, Q=152.0 (fn)
2026-09-23 15:47:49,815 INFO: Plan 0: ḡ=5.3, γE[v]=87.9, Q=93.2 (bayes)
2026-09-23 15:47:49,815 INFO: Plan 1: ḡ=23.2, γE[v]=79.0, Q=102.2 (bayes)
2026-09-23 15:47:49,815 INFO: Plan 2: ḡ=76.0, γE[v]=52.6, Q=128.6 (bayes)
2026-09-23 15:47:51,370 INFO: Plan 0: ḡ=17, γE[v]=0.0, Q=17.0 (fn)
2026-09-23 15:47:52,235 INFO: Plan 1: ḡ=56, γE[v]=0.0, Q=56.0 (fn)
2026-09-23 15:47:52,830 INFO: Plan 2: ḡ=104, γE[v]=0.0, Q=104.0 (fn)
2026-09-23 15:47:52,831 INFO: Plan 0: ḡ=8.5, γE[v]=85.2, Q=93.8 (bayes)
2026-09-23 15:47:52,831 INFO: Plan 1: ḡ=28.0, γE[v]=75.5, Q=103.5 (bayes)
2026-09-23 15:47:52,831 INFO: Plan 2: ḡ=42.2, γE[v]=68.4, Q=110.6 (bayes)
2026-09-23 15:48:08,071 INFO: Plan 2: ḡ=18, γE[v]=0.0, Q=18.0 (fn)
2026-09-23 15:48:09,694 INFO: Plan 0: ḡ=21, γE[v]=8.0, Q=29.0 (fn)
2026-09-23 15:48:11,813 INFO: Plan 1: ḡ=44, γE[v]=0.0, Q=44.0 (fn)
2026-09-23 15:48:12,686 INFO: Plan 0: ḡ=95, γE[v]=3.0, Q=98.0 (fn)
2026-09-23 15:48:12,828 INFO: Plan 2: ḡ=130, γE[v]=0.0, Q=130.0 (fn)
2026-09-23 15:48:12,829 INFO: Plan 0: ḡ=37.7, γE[v]=31.8, Q=69.5 (bayes)
2026-09-23 15:48:12,829 INFO: Plan 1: ḡ=22.0, γE[v]=39.5, Q=61.5 (bayes)
2026-09-23 15:48:12,829 INFO: Plan 2: ḡ=54.0, γE[v]=23.5, Q=77.5 (bayes)
2026-09-23 15:48:13,501 INFO: Plan 1: ḡ=1, γE[v]=0.0, Q=1.0 (fn)
2026-09-23 15:48:13,540 INFO: Plan 0: ḡ=1, γE[v]=0.0, Q=1.0 (fn)
2026-09-23 15:48:13,990 INFO: Plan 2: ḡ=2, γE[v]=0.0, Q=2.0 (fn)
2026-09-23 15:48:13,991 INFO: Plan 0: ḡ=0.3, γE[v]=0.2, Q=0.5 (bayes)
2026-09-23 15:48:13,991 INFO: Plan 1: ḡ=0.3, γE[v]=0.2, Q=0.5 (bayes)
2026-09-23 15:48:13,991 INFO: Plan 2: ḡ=0.7, γE[v]=0.0, Q=0.7 (bayes)
2026-09-23 15:48:14,033 INFO: Plan 1: ḡ=46, γE[v]=9.0, Q=55.0 (fn)
2026-09-23 15:48:14,033 INFO: Plan 0: ḡ=6.2, γE[v]=10.5, Q=16.8 (bayes)
2026-09-23 15:48:14,034 INFO: Plan 1: ḡ=17.1, γE[v]=5.2, Q=22.2 (bayes)
2026-09-23 15:48:14,034 INFO: Plan 2: ḡ=9.0, γE[v]=8.8, Q=17.8 (bayes)
2026-09-23 15:48:16,652 INFO: Plan 2: ḡ=13, γE[v]=0.0, Q=13.0 (fn)
2026-09-23 15:48:17,050 INFO: Plan 0: ḡ=5, γE[v]=0.0, Q=5.0 (fn)
2026-09-23 15:48:17,170 INFO: Plan 1: ḡ=1, γE[v]=0.0, Q=1.0 (fn)
2026-09-23 15:48:17,251 INFO: Plan 0: ḡ=1, γE[v]=0.0, Q=1.0 (fn)
2026-09-23 15:48:17,494 INFO: Plan 2: ḡ=2, γE[v]=0.0, Q=2.0 (fn)
2026-09-23 15:48:17,494 INFO: Plan 0: ḡ=0.3, γE[v]=0.5, Q=0.8 (bayes)
2026-09-23 15:48:17,495 INFO: Plan 1: ḡ=0.3, γE[v]=0.5, Q=0.8 (bayes)
2026-09-23 15:48:17,495 INFO: Plan 2: ḡ=0.7, γE[v]=0.3, Q=1.0 (bayes)
2026-09-23 15:48:17,531 INFO: Plan 1: ḡ=10, γE[v]=0.0, Q=10.0 (fn)
2026-09-23 15:48:17,538 INFO: Plan 0: ḡ=13, γE[v]=0.0, Q=13.0 (fn)
2026-09-23 15:48:17,538 INFO: Plan 0: ḡ=1.7, γE[v]=3.3, Q=5.0 (bayes)
2026-09-23 15:48:17,538 INFO: Plan 1: ḡ=3.3, γE[v]=2.5, Q=5.8 (bayes)
2026-09-23 15:48:17,538 INFO: Plan 2: ḡ=3.2, γE[v]=2.5, Q=5.8 (bayes)
2026-09-23 15:48:18,120 INFO: Plan 1: ḡ=26, γE[v]=1.0, Q=27.0 (fn)
2026-09-23 15:48:18,408 INFO: Plan 2: ḡ=59, γE[v]=0.0, Q=59.0 (fn)
2026-09-23 15:48:18,409 INFO: Plan 0: ḡ=6.5, γE[v]=132.5, Q=139.0 (bayes)
2026-09-23 15:48:18,409 INFO: Plan 1: ḡ=11.3, γE[v]=130.1, Q=141.5 (bayes)
2026-09-23 15:48:18,409 INFO: Plan 2: ḡ=28.8, γE[v]=121.3, Q=150.2 (bayes)
2026-09-23 15:48:21,300 INFO: Plan 2: ḡ=0, γE[v]=0.0, Q=0.0 (fn)
2026-09-23 15:48:21,301 INFO: Plan 1: ḡ=0, γE[v]=0.0, Q=0.0 (fn)
2026-09-23 15:48:21,337 INFO: Plan 1: ḡ=7, γE[v]=0.0, Q=7.0 (fn)
2026-09-23 15:48:21,338 INFO: Plan 0: ḡ=7, γE[v]=0.0, Q=7.0 (fn)
2026-09-23 15:48:22,032 INFO: Plan 0: ḡ=12, γE[v]=0.0, Q=12.0 (fn)
2026-09-23 15:48:22,032 INFO: Plan 2: ḡ=23, γE[v]=0.0, Q=23.0 (fn)
2026-09-23 15:48:22,033 INFO: Plan 0: ḡ=3.0, γE[v]=0.0, Q=3.0 (bayes)
2026-09-23 15:48:22,033 INFO: Plan 0: ḡ=1.8, γE[v]=2.7, Q=4.4 (bayes)
2026-09-23 15:48:22,033 INFO: Plan 1: ḡ=0.0, γE[v]=1.5, Q=1.5 (bayes)
2026-09-23 15:48:22,034 INFO: Plan 1: ḡ=1.8, γE[v]=2.7, Q=4.4 (bayes)
2026-09-23 15:48:22,034 INFO: Plan 2: ḡ=0.0, γE[v]=1.5, Q=1.5 (bayes)
2026-09-23 15:48:22,034 INFO: Plan 2: ḡ=7.1, γE[v]=0.0, Q=7.1 (bayes)
2026-09-23 15:48:24,814 INFO: Plan 0: ḡ=17, γE[v]=0.0, Q=17.0 (fn)
2026-09-23 15:48:26,645 INFO: Plan 1: ḡ=24, γE[v]=0.0, Q=24.0 (fn)
2026-09-23 15:48:26,684 INFO: Plan 0: ḡ=12, γE[v]=0.0, Q=12.0 (fn)
2026-09-23 15:48:27,004 INFO: Plan 2: ḡ=30, γE[v]=0.0, Q=30.0 (fn)
2026-09-23 15:48:27,005 INFO: Plan 2: ḡ=25, γE[v]=0.0, Q=25.0 (fn)
2026-09-23 15:48:27,005 INFO: Plan 0: ḡ=8.5, γE[v]=7.0, Q=15.5 (bayes)
2026-09-23 15:48:27,006 INFO: Plan 1: ḡ=12.0, γE[v]=5.2, Q=17.2 (bayes)
2026-09-23 15:48:27,006 INFO: Plan 2: ḡ=11.5, γE[v]=5.5, Q=17.0 (bayes)
2026-09-23 15:48:27,195 INFO: Plan 0: ḡ=20, γE[v]=0.0, Q=20.0 (fn)
2026-09-23 15:48:27,236 INFO: Plan 1: ḡ=74, γE[v]=0.0, Q=74.0 (fn)
2026-09-23 15:48:27,548 INFO: Plan 1: ḡ=30, γE[v]=0.0, Q=30.0 (fn)
2026-09-23 15:48:27,580 INFO: Plan 0: ḡ=69, γE[v]=0.0, Q=69.0 (fn)
2026-09-23 15:48:27,581 INFO: Plan 0: ḡ=23.5, γE[v]=23.5, Q=47.0 (bayes)
2026-09-23 15:48:27,581 INFO: Plan 1: ḡ=32.0, γE[v]=19.2, Q=51.2 (bayes)
2026-09-23 15:48:27,581 INFO: Plan 2: ḡ=15.0, γE[v]=27.8, Q=42.8 (bayes)
2026-09-23 15:48:27,898 INFO: Plan 0: ḡ=22, γE[v]=0.0, Q=22.0 (fn)
2026-09-23 15:48:28,114 INFO: Plan 1: ḡ=14, γE[v]=0.0, Q=14.0 (fn)
2026-09-23 15:48:28,115 INFO: Plan 1: ḡ=0, γE[v]=0.0, Q=0.0 (fn)
2026-09-23 15:48:28,116 INFO: Plan 2: ḡ=0, γE[v]=0.0, Q=0.0 (fn)
2026-09-23 15:48:28,116 INFO: Plan 0: ḡ=5.0, γE[v]=0.0, Q=5.0 (bayes)
2026-09-23 15:48:28,116 INFO: Plan 1: ḡ=0.0, γE[v]=2.5, Q=2.5 (bayes)
2026-09-23 15:48:28,116 INFO: Plan 2: ḡ=0.0, γE[v]=2.5, Q=2.5 (bayes)
2026-09-23 15:48:29,200 INFO: Plan 2: ḡ=53, γE[v]=4.5, Q=57.5 (fn)
2026-09-23 15:48:29,200 INFO: Plan 0: ḡ=9.3, γE[v]=9.2, Q=18.5 (bayes)
2026-09-23 15:48:29,200 INFO: Plan 1: ḡ=4.7, γE[v]=11.5, Q=16.2 (bayes)
2026-09-23 15:48:29,200 INFO: Plan 2: ḡ=13.2, γE[v]=7.5, Q=20.8 (bayes)
2026-09-23 15:48:29,369 INFO: Plan 2: ḡ=30, γE[v]=6.0, Q=36.0 (fn)
2026-09-23 15:48:29,369 INFO: Plan 0: ḡ=3.0, γE[v]=3.8, Q=6.8 (bayes)
2026-09-23 15:48:29,369 INFO: Plan 1: ḡ=7.5, γE[v]=1.5, Q=9.0 (bayes)
2026-09-23 15:48:29,369 INFO: Plan 2: ḡ=7.5, γE[v]=1.9, Q=9.4 (bayes)
2026-09-23 15:48:29,863 INFO: Plan 0: ḡ=5, γE[v]=0.0, Q=5.0 (fn)
2026-09-23 15:48:30,074 INFO: Plan 2: ḡ=8, γE[v]=0.0, Q=8.0 (fn)
2026-09-23 15:48:30,109 INFO: Plan 1: ḡ=2, γE[v]=0.0, Q=2.0 (fn)
2026-09-23 15:48:30,110 INFO: Plan 0: ḡ=1.6, γE[v]=1.8, Q=3.3 (bayes)
2026-09-23 15:48:30,110 INFO: Plan 1: ḡ=0.5, γE[v]=2.3, Q=2.8 (bayes)
2026-09-23 15:48:30,110 INFO: Plan 2: ḡ=3.0, γE[v]=1.0, Q=4.0 (bayes)
2026-09-23 15:48:30,810 INFO: Plan 0: ḡ=3, γE[v]=0.0, Q=3.0 (fn)
2026-09-23 15:48:30,841 INFO: Plan 0: ḡ=4, γE[v]=1.0, Q=5.0 (fn)
2026-09-23 15:48:30,842 INFO: Plan 1: ḡ=11, γE[v]=0.0, Q=11.0 (fn)
2026-09-23 15:48:31,215 INFO: Plan 2: ḡ=2, γE[v]=0.0, Q=2.0 (fn)
2026-09-23 15:48:31,252 INFO: Plan 2: ḡ=2, γE[v]=2.5, Q=4.5 (fn)
2026-09-23 15:48:31,253 INFO: Plan 0: ḡ=1.3, γE[v]=1.6, Q=2.9 (bayes)
2026-09-23 15:48:31,253 INFO: Plan 1: ḡ=3.7, γE[v]=0.3, Q=4.0 (bayes)
2026-09-23 15:48:31,253 INFO: Plan 2: ḡ=0.7, γE[v]=2.0, Q=2.6 (bayes)
2026-09-23 15:48:32,175 INFO: Plan 2: ḡ=5, γE[v]=0.0, Q=5.0 (fn)
2026-09-23 15:48:32,343 INFO: Plan 2: ḡ=63, γE[v]=0.0, Q=63.0 (fn)
2026-09-23 15:48:32,705 INFO: Plan 0: ḡ=8, γE[v]=0.0, Q=8.0 (fn)
2026-09-23 15:48:33,528 INFO: Plan 1: ḡ=43, γE[v]=0.0, Q=43.0 (fn)
2026-09-23 15:48:33,568 INFO: Plan 0: ḡ=39, γE[v]=0.0, Q=39.0 (fn)
2026-09-23 15:48:33,569 INFO: Plan 0: ḡ=16.8, γE[v]=34.0, Q=50.8 (bayes)
2026-09-23 15:48:33,569 INFO: Plan 1: ḡ=21.5, γE[v]=31.7, Q=53.2 (bayes)
2026-09-23 15:48:33,569 INFO: Plan 2: ḡ=31.5, γE[v]=26.7, Q=58.2 (bayes)
2026-09-23 15:48:33,647 INFO: Plan 0: ḡ=56, γE[v]=0.0, Q=56.0 (fn)
2026-09-23 15:48:34,231 INFO: Plan 0: ḡ=26, γE[v]=0.0, Q=26.0 (fn)
2026-09-23 15:48:34,231 INFO: Plan 2: ḡ=74, γE[v]=0.0, Q=74.0 (fn)
2026-09-23 15:48:34,268 INFO: Plan 1: ḡ=6, γE[v]=2.0, Q=8.0 (fn)
2026-09-23 15:48:34,269 INFO: Plan 0: ḡ=1.0, γE[v]=1.2, Q=2.2 (bayes)
2026-09-23 15:48:34,269 INFO: Plan 1: ḡ=2.0, γE[v]=0.8, Q=2.8 (bayes)
2026-09-23 15:48:34,269 INFO: Plan 2: ḡ=0.7, γE[v]=1.3, Q=2.0 (bayes)
2026-09-23 15:48:34,473 INFO: Plan 1: ḡ=55, γE[v]=0.0, Q=55.0 (fn)
2026-09-23 15:48:34,473 INFO: Plan 0: ḡ=12.3, γE[v]=22.9, Q=35.2 (bayes)
2026-09-23 15:48:34,473 INFO: Plan 1: ḡ=18.3, γE[v]=19.9, Q=38.2 (bayes)
2026-09-23 15:48:34,473 INFO: Plan 2: ḡ=27.5, γE[v]=15.3, Q=42.8 (bayes)
2026-09-23 15:48:34,705 INFO: Plan 1: ḡ=8, γE[v]=2.0, Q=10.0 (fn)
2026-09-23 15:48:35,312 INFO: Plan 2: ḡ=17, γE[v]=0.0, Q=17.0 (fn)
2026-09-23 15:48:35,876 INFO: Plan 0: ḡ=199, γE[v]=0.0, Q=199.0 (fn)
2026-09-23 15:48:35,878 INFO: Plan 0: ḡ=49.8, γE[v]=1.9, Q=51.6 (bayes)
2026-09-23 15:48:35,878 INFO: Plan 1: ḡ=2.5, γE[v]=25.6, Q=28.1 (bayes)
2026-09-23 15:48:35,878 INFO: Plan 2: ḡ=1.5, γE[v]=26.0, Q=27.5 (bayes)
2026-09-23 15:48:35,987 INFO: Plan 0: ḡ=172, γE[v]=0.0, Q=172.0 (fn)
2026-09-23 15:48:36,824 INFO: Plan 1: ḡ=20, γE[v]=0.0, Q=20.0 (fn)
2026-09-23 15:48:38,168 INFO: Plan 1: ḡ=12, γE[v]=0.0, Q=12.0 (fn)
2026-09-23 15:48:38,171 INFO: Plan 1: ḡ=7, γE[v]=0.0, Q=7.0 (fn)
2026-09-23 15:48:38,171 INFO: Plan 0: ḡ=24, γE[v]=0.0, Q=24.0 (fn)
2026-09-23 15:48:38,633 INFO: Plan 0: ḡ=15, γE[v]=0.0, Q=15.0 (fn)
2026-09-23 15:48:38,925 INFO: Plan 0: ḡ=56, γE[v]=0.0, Q=56.0 (fn)
2026-09-23 15:48:39,068 INFO: Plan 2: ḡ=95, γE[v]=0.0, Q=95.0 (fn)
2026-09-23 15:48:39,262 INFO: Plan 2: ḡ=14, γE[v]=0.5, Q=14.5 (fn)
2026-09-23 15:48:39,263 INFO: Plan 0: ḡ=4.0, γE[v]=2.1, Q=6.1 (bayes)
2026-09-23 15:48:39,263 INFO: Plan 1: ḡ=1.8, γE[v]=3.2, Q=5.0 (bayes)
2026-09-23 15:48:39,263 INFO: Plan 2: ḡ=3.5, γE[v]=2.4, Q=5.9 (bayes)
2026-09-23 15:48:39,646 INFO: Plan 1: ḡ=90, γE[v]=0.0, Q=90.0 (fn)
2026-09-23 15:48:39,646 INFO: Plan 0: ḡ=26.7, γE[v]=62.3, Q=89.0 (bayes)
2026-09-23 15:48:39,647 INFO: Plan 1: ḡ=45.0, γE[v]=53.2, Q=98.2 (bayes)
2026-09-23 15:48:39,647 INFO: Plan 2: ḡ=39.2, γE[v]=56.1, Q=95.2 (bayes)
2026-09-23 15:48:39,981 INFO: Plan 2: ḡ=36, γE[v]=0.0, Q=36.0 (fn)
2026-09-23 15:48:40,977 INFO: Plan 1: ḡ=60, γE[v]=0.0, Q=60.0 (fn)
2026-09-23 15:48:40,978 INFO: Plan 0: ḡ=58, γE[v]=0.0, Q=58.0 (fn)
2026-09-23 15:48:40,978 INFO: Plan 0: ḡ=29.0, γE[v]=101.1, Q=130.1 (bayes)
2026-09-23 15:48:40,979 INFO: Plan 1: ḡ=22.2, γE[v]=104.5, Q=126.8 (bayes)
2026-09-23 15:48:40,979 INFO: Plan 2: ḡ=18.0, γE[v]=106.6, Q=124.6 (bayes)
2026-09-23 15:48:41,014 INFO: Plan 1: ḡ=58, γE[v]=85.5, Q=143.5 (fn)
2026-09-23 15:48:41,613 INFO: Plan 0: ḡ=19, γE[v]=0.0, Q=19.0 (fn)
2026-09-23 15:48:42,310 INFO: Plan 0: ḡ=91, γE[v]=6.5, Q=97.5 (fn)
2026-09-23 15:48:42,538 INFO: Plan 2: ḡ=128, γE[v]=49.0, Q=177.0 (fn)
2026-09-23 15:48:42,538 INFO: Plan 0: ḡ=18.8, γE[v]=71.3, Q=90.1 (bayes)
2026-09-23 15:48:42,539 INFO: Plan 1: ḡ=29.0, γE[v]=70.1, Q=99.1 (bayes)
2026-09-23 15:48:42,539 INFO: Plan 2: ḡ=64.0, γE[v]=50.9, Q=114.9 (bayes)
2026-09-23 15:48:43,957 INFO: Plan 1: ḡ=33, γE[v]=8.0, Q=41.0 (fn)
2026-09-23 15:48:43,957 INFO: Plan 0: ḡ=82.8, γE[v]=8.2, Q=91.1 (bayes)
2026-09-23 15:48:43,958 INFO: Plan 1: ḡ=11.3, γE[v]=44.4, Q=55.8 (bayes)
2026-09-23 15:48:43,958 INFO: Plan 2: ḡ=8.3, γE[v]=45.5, Q=53.8 (bayes)
2026-09-23 15:48:44,336 INFO: Plan 1: ḡ=37, γE[v]=0.0, Q=37.0 (fn)
2026-09-23 15:48:44,815 INFO: Plan 1: ḡ=107, γE[v]=0.0, Q=107.0 (fn)
2026-09-23 15:48:44,854 INFO: Plan 2: ḡ=238, γE[v]=0.0, Q=238.0 (fn)
2026-09-23 15:48:44,858 INFO: Plan 0: ḡ=60, γE[v]=0.0, Q=60.0 (fn)
2026-09-23 15:48:45,036 INFO: Plan 2: ḡ=62, γE[v]=31.0, Q=93.0 (fn)
2026-09-23 15:48:45,037 INFO: Plan 0: ḡ=5.2, γE[v]=18.1, Q=23.3 (bayes)
2026-09-23 15:48:45,037 INFO: Plan 1: ḡ=10.6, γE[v]=15.4, Q=26.0 (bayes)
2026-09-23 15:48:45,037 INFO: Plan 2: ḡ=15.5, γE[v]=15.1, Q=30.6 (bayes)
2026-09-23 15:48:45,352 INFO: Plan 1: ḡ=0, γE[v]=0.0, Q=0.0 (fn)
2026-09-23 15:48:45,389 INFO: Plan 2: ḡ=0, γE[v]=0.0, Q=0.0 (fn)
2026-09-23 15:48:46,061 INFO: Plan 0: ḡ=1, γE[v]=0.0, Q=1.0 (fn)
2026-09-23 15:48:46,062 INFO: Plan 0: ḡ=0.5, γE[v]=0.0, Q=0.5 (bayes)
2026-09-23 15:48:46,062 INFO: Plan 1: ḡ=0.0, γE[v]=0.2, Q=0.2 (bayes)
2026-09-23 15:48:46,062 INFO: Plan 2: ḡ=0.0, γE[v]=0.2, Q=0.2 (bayes)
2026-09-23 15:48:46,293 INFO: Plan 2: ḡ=26, γE[v]=12.5, Q=38.5 (fn)
2026-09-23 15:48:46,293 INFO: Plan 0: ḡ=2.7, γE[v]=27.5, Q=30.2 (bayes)
2026-09-23 15:48:46,293 INFO: Plan 1: ḡ=7.2, γE[v]=25.2, Q=32.4 (bayes)
2026-09-23 15:48:46,294 INFO: Plan 2: ḡ=10.7, γE[v]=24.2, Q=34.9 (bayes)
2026-09-23 15:48:47,025 INFO: Plan 0: ḡ=74, γE[v]=0.0, Q=74.0 (fn)
2026-09-23 15:48:47,288 INFO: Plan 2: ḡ=41, γE[v]=0.0, Q=41.0 (fn)
2026-09-23 15:48:47,328 INFO: Plan 2: ḡ=62, γE[v]=14.5, Q=76.5 (fn)
2026-09-23 15:48:47,329 INFO: Plan 0: ḡ=8.0, γE[v]=8.7, Q=16.7 (bayes)
2026-09-23 15:48:47,329 INFO: Plan 1: ḡ=3.9, γE[v]=10.8, Q=14.7 (bayes)
2026-09-23 15:48:47,329 INFO: Plan 2: ḡ=15.8, γE[v]=5.7, Q=21.5 (bayes)
2026-09-23 15:48:47,968 INFO: Plan 1: ḡ=55, γE[v]=0.0, Q=55.0 (fn)
2026-09-23 15:48:48,001 INFO: Plan 1: ḡ=87, γE[v]=0.0, Q=87.0 (fn)
2026-09-23 15:48:48,002 INFO: Plan 0: ḡ=26.1, γE[v]=26.7, Q=52.8 (bayes)
2026-09-23 15:48:48,002 INFO: Plan 1: ḡ=32.8, γE[v]=23.3, Q=56.1 (bayes)
2026-09-23 15:48:48,002 INFO: Plan 2: ḡ=20.5, γE[v]=29.5, Q=50.0 (bayes)
2026-09-23 15:48:48,463 INFO: Plan 2: ḡ=31, γE[v]=0.0, Q=31.0 (fn)
2026-09-23 15:48:48,709 INFO: Plan 0: ḡ=52, γE[v]=0.0, Q=52.0 (fn)
2026-09-23 15:48:49,883 INFO: Plan 0: ḡ=69, γE[v]=0.0, Q=69.0 (fn)
2026-09-23 15:48:49,883 INFO: Plan 0: ḡ=34.5, γE[v]=100.0, Q=134.5 (bayes)
2026-09-23 15:48:49,884 INFO: Plan 1: ḡ=25.7, γE[v]=104.4, Q=130.1 (bayes)
2026-09-23 15:48:49,884 INFO: Plan 2: ḡ=15.5, γE[v]=109.5, Q=125.0 (bayes)
2026-09-23 15:48:50,385 INFO: Plan 0: ḡ=109, γE[v]=88.5, Q=197.5 (fn)
2026-09-23 15:48:50,385 INFO: Plan 0: ḡ=45.0, γE[v]=71.4, Q=116.4 (bayes)
2026-09-23 15:48:50,386 INFO: Plan 1: ḡ=42.7, γE[v]=67.2, Q=109.9 (bayes)
2026-09-23 15:48:50,386 INFO: Plan 2: ḡ=79.8, γE[v]=48.7, Q=128.5 (bayes)
2026-09-23 15:48:50,762 INFO: Plan 2: ḡ=49, γE[v]=0.0, Q=49.0 (fn)
2026-09-23 15:48:51,385 INFO: Plan 1: ḡ=178, γE[v]=46.5, Q=224.5 (fn)
2026-09-23 15:48:51,627 INFO: Plan 2: ḡ=179, γE[v]=12.5, Q=191.5 (fn)
2026-09-23 15:48:51,627 INFO: Plan 0: ḡ=22.8, γE[v]=22.9, Q=45.7 (bayes)
2026-09-23 15:48:51,627 INFO: Plan 1: ḡ=44.5, γE[v]=14.8, Q=59.3 (bayes)
2026-09-23 15:48:51,627 INFO: Plan 2: ḡ=44.8, γE[v]=12.3, Q=57.1 (bayes)
2026-09-23 15:48:53,544 INFO: Plan 2: ḡ=45, γE[v]=32.0, Q=77.0 (fn)
2026-09-23 15:48:55,189 INFO: Plan 1: ḡ=49, γE[v]=0.0, Q=49.0 (fn)
2026-09-23 15:48:56,667 INFO: Plan 2: ḡ=23, γE[v]=0.0, Q=23.0 (fn)
2026-09-23 15:48:56,753 INFO: Plan 1: ḡ=71, γE[v]=40.0, Q=111.0 (fn)
2026-09-23 15:48:56,753 INFO: Plan 0: ḡ=25.3, γE[v]=50.2, Q=75.5 (bayes)
2026-09-23 15:48:56,753 INFO: Plan 1: ḡ=21.0, γE[v]=54.2, Q=75.2 (bayes)
2026-09-23 15:48:56,753 INFO: Plan 2: ḡ=16.2, γE[v]=56.3, Q=72.5 (bayes)
2026-09-23 15:48:57,941 INFO: Plan 1: ḡ=32, γE[v]=6.0, Q=38.0 (fn)
2026-09-23 15:48:57,944 INFO: Plan 2: ḡ=101, γE[v]=0.0, Q=101.0 (fn)
2026-09-23 15:48:57,946 INFO: Plan 0: ḡ=26.0, γE[v]=54.4, Q=80.4 (bayes)
2026-09-23 15:48:57,947 INFO: Plan 1: ḡ=14.7, γE[v]=60.3, Q=75.0 (bayes)
2026-09-23 15:48:57,947 INFO: Plan 2: ḡ=21.2, γE[v]=56.8, Q=78.0 (bayes)
2026-09-23 15:48:58,911 INFO: Plan 1: ḡ=0, γE[v]=0.0, Q=0.0 (fn)
2026-09-23 15:48:58,911 INFO: Plan 2: ḡ=0, γE[v]=0.0, Q=0.0 (fn)
2026-09-23 15:48:58,953 INFO: Plan 0: ḡ=42, γE[v]=29.5, Q=71.5 (fn)
2026-09-23 15:48:58,954 INFO: Plan 0: ḡ=20.2, γE[v]=16.1, Q=36.2 (bayes)
2026-09-23 15:48:58,954 INFO: Plan 1: ḡ=23.7, γE[v]=13.0, Q=36.7 (bayes)
2026-09-23 15:48:58,954 INFO: Plan 2: ḡ=49.7, γE[v]=0.0, Q=49.7 (bayes)
2026-09-23 15:48:59,211 INFO: Plan 0: ḡ=1, γE[v]=0.0, Q=1.0 (fn)
2026-09-23 15:48:59,212 INFO: Plan 0: ḡ=0.2, γE[v]=0.0, Q=0.2 (bayes)
2026-09-23 15:48:59,212 INFO: Plan 1: ḡ=0.0, γE[v]=0.1, Q=0.1 (bayes)
2026-09-23 15:48:59,212 INFO: Plan 2: ḡ=0.0, γE[v]=0.1, Q=0.1 (bayes)
2026-09-23 15:49:00,193 INFO: Plan 1: ḡ=71, γE[v]=19.0, Q=90.0 (fn)
2026-09-23 15:49:01,170 INFO: Plan 0: ḡ=20, γE[v]=44.5, Q=64.5 (fn)
2026-09-23 15:49:01,171 INFO: Plan 0: ḡ=5.0, γE[v]=14.1, Q=19.1 (bayes)
2026-09-23 15:49:01,171 INFO: Plan 1: ḡ=17.8, γE[v]=6.0, Q=23.8 (bayes)
2026-09-23 15:49:01,171 INFO: Plan 2: ḡ=5.8, γE[v]=10.8, Q=16.5 (bayes)
2026-09-23 15:49:02,534 INFO: Plan 0: ḡ=15, γE[v]=0.0, Q=15.0 (fn)
2026-09-23 15:49:04,877 INFO: Plan 1: ḡ=62, γE[v]=0.0, Q=62.0 (fn)
2026-09-23 15:49:07,019 INFO: Plan 2: ḡ=81, γE[v]=0.0, Q=81.0 (fn)
2026-09-23 15:49:07,020 INFO: Plan 0: ḡ=5.8, γE[v]=109.9, Q=115.8 (bayes)
2026-09-23 15:49:07,020 INFO: Plan 1: ḡ=23.3, γE[v]=101.2, Q=124.5 (bayes)
2026-09-23 15:49:07,020 INFO: Plan 2: ḡ=40.3, γE[v]=92.7, Q=133.0 (bayes)
2026-09-23 15:49:11,502 INFO: Plan 2: ḡ=95, γE[v]=0.0, Q=95.0 (fn)
2026-09-23 15:49:14,581 INFO: Plan 0: ḡ=2, γE[v]=0.0, Q=2.0 (fn)
2026-09-23 15:49:15,173 INFO: Plan 1: ḡ=2, γE[v]=0.0, Q=2.0 (fn)
2026-09-23 15:49:15,173 INFO: Plan 2: ḡ=2, γE[v]=0.0, Q=2.0 (fn)
2026-09-23 15:49:15,174 INFO: Plan 0: ḡ=0.7, γE[v]=0.3, Q=1.0 (bayes)
2026-09-23 15:49:15,174 INFO: Plan 1: ḡ=0.7, γE[v]=0.3, Q=1.0 (bayes)
2026-09-23 15:49:15,174 INFO: Plan 2: ḡ=0.7, γE[v]=0.3, Q=1.0 (bayes)
2026-09-23 15:49:17,828 INFO: Plan 1: ḡ=35, γE[v]=20.5, Q=55.5 (fn)
2026-09-23 15:49:18,359 INFO: Plan 0: ḡ=42, γE[v]=37.0, Q=79.0 (fn)
2026-09-23 15:49:18,359 INFO: Plan 0: ḡ=21.0, γE[v]=77.2, Q=98.2 (bayes)
2026-09-23 15:49:18,359 INFO: Plan 1: ḡ=17.5, γE[v]=78.2, Q=95.7 (bayes)
2026-09-23 15:49:18,359 INFO: Plan 2: ḡ=25.0, γE[v]=73.5, Q=98.5 (bayes)
2026-09-23 15:49:21,038 INFO: Plan 0: ḡ=34, γE[v]=0.0, Q=34.0 (fn)
2026-09-23 15:49:25,936 INFO: Plan 1: ḡ=30, γE[v]=17.5, Q=47.5 (fn)
2026-09-23 15:49:30,424 INFO: Plan 2: ḡ=284, γE[v]=29.0, Q=313.0 (fn)
2026-09-23 15:49:30,424 INFO: Plan 0: ḡ=12.0, γE[v]=38.6, Q=50.6 (bayes)
2026-09-23 15:49:30,425 INFO: Plan 1: ḡ=7.6, γE[v]=42.0, Q=49.6 (bayes)
2026-09-23 15:49:30,425 INFO: Plan 2: ḡ=74.7, γE[v]=9.2, Q=83.9 (bayes)
2026-09-23 15:49:43,881 INFO: Plan 0: ḡ=17, γE[v]=0.0, Q=17.0 (fn)
2026-09-23 15:49:45,103 INFO: Plan 1: ḡ=36, γE[v]=0.0, Q=36.0 (fn)
2026-09-23 15:49:45,687 INFO: Plan 2: ḡ=55, γE[v]=0.0, Q=55.0 (fn)
2026-09-23 15:49:45,687 INFO: Plan 0: ḡ=7.0, γE[v]=56.2, Q=63.2 (bayes)
2026-09-23 15:49:45,687 INFO: Plan 1: ḡ=11.7, γE[v]=53.8, Q=65.5 (bayes)
2026-09-23 15:49:45,688 INFO: Plan 2: ḡ=18.0, γE[v]=50.7, Q=68.7 (bayes)
2026-09-23 15:49:45,928 INFO: Plan 0: ḡ=5, γE[v]=0.0, Q=5.0 (fn)
2026-09-23 15:49:46,520 INFO: Plan 1: ḡ=4, γE[v]=0.0, Q=4.0 (fn)
2026-09-23 15:49:47,085 INFO: Plan 2: ḡ=5, γE[v]=0.0, Q=5.0 (fn)
2026-09-23 15:49:47,086 INFO: Plan 0: ḡ=1.2, γE[v]=0.5, Q=1.8 (bayes)
2026-09-23 15:49:47,086 INFO: Plan 1: ḡ=1.0, γE[v]=0.6, Q=1.6 (bayes)
2026-09-23 15:49:47,086 INFO: Plan 2: ḡ=1.2, γE[v]=0.5, Q=1.8 (bayes)
2026-09-23 15:49:48,394 INFO: Plan 1: ḡ=0, γE[v]=0.0, Q=0.0 (fn)
2026-09-23 15:49:48,722 INFO: Plan 2: ḡ=0, γE[v]=0.0, Q=0.0 (fn)
2026-09-23 15:49:48,841 INFO: Plan 0: ḡ=5, γE[v]=0.0, Q=5.0 (fn)
2026-09-23 15:49:48,842 INFO: Plan 0: ḡ=1.2, γE[v]=0.0, Q=1.2 (bayes)
2026-09-23 15:49:48,842 INFO: Plan 1: ḡ=0.0, γE[v]=0.6, Q=0.6 (bayes)
2026-09-23 15:49:48,842 INFO: Plan 2: ḡ=0.0, γE[v]=0.6, Q=0.6 (bayes)
2026-09-23 15:49:59,215 INFO: Plan 1: ḡ=0, γE[v]=0.0, Q=0.0 (fn)
2026-09-23 15:49:59,258 INFO: Plan 0: ḡ=0, γE[v]=0.0, Q=0.0 (fn)
2026-09-23 15:49:59,479 INFO: Plan 2: ḡ=0, γE[v]=0.0, Q=0.0 (fn)
2026-09-23 15:49:59,480 INFO: Plan 0: ḡ=0.0, γE[v]=0.0, Q=0.0 (bayes)
2026-09-23 15:49:59,480 INFO: Plan 1: ḡ=0.0, γE[v]=0.0, Q=0.0 (bayes)
2026-09-23 15:49:59,480 INFO: Plan 2: ḡ=0.0, γE[v]=0.0, Q=0.0 (bayes)
2026-09-23 15:49:59,819 INFO: Plan 0: ḡ=1, γE[v]=0.0, Q=1.0 (fn)
2026-09-23 15:49:59,857 INFO: Plan 1: ḡ=1, γE[v]=0.0, Q=1.0 (fn)
2026-09-23 15:50:00,018 INFO: Plan 1: ḡ=1, γE[v]=0.0, Q=1.0 (fn)
2026-09-23 15:50:00,298 INFO: Plan 2: ḡ=2, γE[v]=0.0, Q=2.0 (fn)
2026-09-23 15:50:00,573 INFO: Plan 2: ḡ=1, γE[v]=0.5, Q=1.5 (fn)
2026-09-23 15:50:00,574 INFO: Plan 0: ḡ=0.2, γE[v]=0.1, Q=0.4 (bayes)
2026-09-23 15:50:00,574 INFO: Plan 1: ḡ=0.2, γE[v]=0.1, Q=0.4 (bayes)
2026-09-23 15:50:00,574 INFO: Plan 2: ḡ=0.2, γE[v]=0.2, Q=0.4 (bayes)
2026-09-23 15:50:00,746 INFO: Plan 0: ḡ=1, γE[v]=0.5, Q=1.5 (fn)
2026-09-23 15:50:00,746 INFO: Plan 0: ḡ=0.3, γE[v]=0.2, Q=0.5 (bayes)
2026-09-23 15:50:00,746 INFO: Plan 1: ḡ=0.3, γE[v]=0.2, Q=0.5 (bayes)
2026-09-23 15:50:00,746 INFO: Plan 2: ḡ=0.7, γE[v]=0.0, Q=0.7 (bayes)
2026-09-23 15:50:06,135 INFO: Plan 1: ḡ=103, γE[v]=0.0, Q=103.0 (fn)
2026-09-23 15:50:06,135 INFO: Plan 2: ḡ=8, γE[v]=0.0, Q=8.0 (fn)
2026-09-23 15:50:06,563 INFO: Plan 0: ḡ=41, γE[v]=0.0, Q=41.0 (fn)
2026-09-23 15:50:06,564 INFO: Plan 0: ḡ=12.1, γE[v]=28.2, Q=40.3 (bayes)
2026-09-23 15:50:06,564 INFO: Plan 1: ḡ=51.5, γE[v]=8.5, Q=60.0 (bayes)
2026-09-23 15:50:06,564 INFO: Plan 2: ḡ=4.0, γE[v]=32.3, Q=36.3 (bayes)
2026-09-23 15:50:07,843 INFO: Plan 1: ḡ=30, γE[v]=0.0, Q=30.0 (fn)
2026-09-23 15:50:07,879 INFO: Plan 2: ḡ=18, γE[v]=0.0, Q=18.0 (fn)
2026-09-23 15:50:08,866 INFO: Plan 0: ḡ=37, γE[v]=0.0, Q=37.0 (fn)
2026-09-23 15:50:08,866 INFO: Plan 0: ḡ=10.2, γE[v]=4.2, Q=14.5 (bayes)
2026-09-23 15:50:08,866 INFO: Plan 1: ḡ=9.3, γE[v]=4.7, Q=14.0 (bayes)
2026-09-23 15:50:08,866 INFO: Plan 2: ḡ=6.0, γE[v]=6.4, Q=12.4 (bayes)
2026-09-23 15:50:10,915 INFO: Plan 1: ḡ=45, γE[v]=0.0, Q=45.0 (fn)
2026-09-23 15:50:11,335 INFO: Plan 0: ḡ=11, γE[v]=0.0, Q=11.0 (fn)
2026-09-23 15:50:11,824 INFO: Plan 0: ḡ=5, γE[v]=0.0, Q=5.0 (fn)
2026-09-23 15:50:11,906 INFO: Plan 2: ḡ=8, γE[v]=0.0, Q=8.0 (fn)
2026-09-23 15:50:12,157 INFO: Plan 1: ḡ=2, γE[v]=0.0, Q=2.0 (fn)
2026-09-23 15:50:12,158 INFO: Plan 0: ḡ=1.6, γE[v]=1.3, Q=2.9 (bayes)
2026-09-23 15:50:12,158 INFO: Plan 1: ḡ=0.5, γE[v]=1.9, Q=2.4 (bayes)
2026-09-23 15:50:12,158 INFO: Plan 2: ḡ=2.1, γE[v]=1.0, Q=3.2 (bayes)
2026-09-23 15:50:12,360 INFO: Plan 0: ḡ=5, γE[v]=0.0, Q=5.0 (fn)
2026-09-23 15:50:13,708 INFO: Plan 2: ḡ=65, γE[v]=0.0, Q=65.0 (fn)
2026-09-23 15:50:13,998 INFO: Plan 0: ḡ=11, γE[v]=0.0, Q=11.0 (fn)
2026-09-23 15:50:14,363 INFO: Plan 1: ḡ=28, γE[v]=0.0, Q=28.0 (fn)
2026-09-23 15:50:14,830 INFO: Plan 2: ḡ=13, γE[v]=7.5, Q=20.5 (fn)
2026-09-23 15:50:14,830 INFO: Plan 0: ḡ=1.7, γE[v]=2.9, Q=4.5 (bayes)
2026-09-23 15:50:14,830 INFO: Plan 1: ḡ=7.4, γE[v]=0.0, Q=7.4 (bayes)
2026-09-23 15:50:14,830 INFO: Plan 2: ḡ=3.2, γE[v]=2.6, Q=5.8 (bayes)
2026-09-23 15:50:14,872 INFO: Plan 2: ḡ=88, γE[v]=10.0, Q=98.0 (fn)
2026-09-23 15:50:14,872 INFO: Plan 0: ḡ=5.3, γE[v]=61.8, Q=67.2 (bayes)
2026-09-23 15:50:14,873 INFO: Plan 1: ḡ=22.3, γE[v]=53.3, Q=75.7 (bayes)
2026-09-23 15:50:14,873 INFO: Plan 2: ḡ=30.8, γE[v]=49.5, Q=80.4 (bayes)
2026-09-23 15:50:15,493 INFO: Plan 1: ḡ=33, γE[v]=1.0, Q=34.0 (fn)
2026-09-23 15:50:15,493 INFO: Plan 0: ḡ=5.5, γE[v]=115.6, Q=121.1 (bayes)
2026-09-23 15:50:15,493 INFO: Plan 1: ḡ=14.8, γE[v]=111.0, Q=125.8 (bayes)
2026-09-23 15:50:15,493 INFO: Plan 2: ḡ=27.3, γE[v]=104.7, Q=132.0 (bayes)
2026-09-23 15:50:15,811 INFO: Plan 1: ḡ=88, γE[v]=0.0, Q=88.0 (fn)
2026-09-23 15:50:16,359 INFO: Plan 2: ḡ=60, γE[v]=0.0, Q=60.0 (fn)
2026-09-23 15:50:16,837 INFO: Plan 0: ḡ=17, γE[v]=6.5, Q=23.5 (fn)
2026-09-23 15:50:16,838 INFO: Plan 0: ḡ=8.5, γE[v]=56.8, Q=65.3 (bayes)
2026-09-23 15:50:16,838 INFO: Plan 1: ḡ=44.0, γE[v]=38.8, Q=82.8 (bayes)
2026-09-23 15:50:16,838 INFO: Plan 2: ḡ=27.2, γE[v]=47.2, Q=74.4 (bayes)
2026-09-23 15:50:17,953 INFO: Plan 0: ḡ=4, γE[v]=0.0, Q=4.0 (fn)
2026-09-23 15:50:18,086 INFO: Plan 2: ḡ=1, γE[v]=0.0, Q=1.0 (fn)
2026-09-23 15:50:18,770 INFO: Plan 1: ḡ=7, γE[v]=0.0, Q=7.0 (fn)
2026-09-23 15:50:18,771 INFO: Plan 0: ḡ=1.0, γE[v]=1.0, Q=2.0 (bayes)
2026-09-23 15:50:18,771 INFO: Plan 1: ḡ=1.9, γE[v]=0.5, Q=2.4 (bayes)
2026-09-23 15:50:18,771 INFO: Plan 2: ḡ=0.3, γE[v]=1.3, Q=1.6 (bayes)
2026-09-23 15:50:20,242 INFO: Plan 0: ḡ=22, γE[v]=0.0, Q=22.0 (fn)
2026-09-23 15:50:20,378 INFO: Plan 1: ḡ=14, γE[v]=0.0, Q=14.0 (fn)
2026-09-23 15:50:20,415 INFO: Plan 0: ḡ=59, γE[v]=0.0, Q=59.0 (fn)
2026-09-23 15:50:21,371 INFO: Plan 0: ḡ=44, γE[v]=0.0, Q=44.0 (fn)
2026-09-23 15:50:21,407 INFO: Plan 1: ḡ=0, γE[v]=0.0, Q=0.0 (fn)
2026-09-23 15:50:21,588 INFO: Plan 2: ḡ=0, γE[v]=0.0, Q=0.0 (fn)
2026-09-23 15:50:22,255 INFO: Plan 0: ḡ=20, γE[v]=0.0, Q=20.0 (fn)
2026-09-23 15:50:22,256 INFO: Plan 0: ḡ=4.0, γE[v]=0.0, Q=4.0 (bayes)
2026-09-23 15:50:22,256 INFO: Plan 1: ḡ=0.0, γE[v]=2.0, Q=2.0 (bayes)
2026-09-23 15:50:22,256 INFO: Plan 2: ḡ=0.0, γE[v]=2.0, Q=2.0 (bayes)
2026-09-23 15:50:22,897 INFO: Plan 2: ḡ=53, γE[v]=6.5, Q=59.5 (fn)
2026-09-23 15:50:22,898 INFO: Plan 0: ḡ=9.3, γE[v]=7.5, Q=16.8 (bayes)
2026-09-23 15:50:22,898 INFO: Plan 1: ḡ=3.9, γE[v]=10.2, Q=14.1 (bayes)
2026-09-23 15:50:22,898 INFO: Plan 2: ḡ=10.6, γE[v]=7.3, Q=17.9 (bayes)
2026-09-23 15:50:23,406 INFO: Plan 2: ḡ=63, γE[v]=0.0, Q=63.0 (fn)
2026-09-23 15:50:23,770 INFO: Plan 1: ḡ=32, γE[v]=0.0, Q=32.0 (fn)
2026-09-23 15:50:24,078 INFO: Plan 2: ḡ=27, γE[v]=0.0, Q=27.0 (fn)
2026-09-23 15:50:24,291 INFO: Plan 0: ḡ=74, γE[v]=0.0, Q=74.0 (fn)
2026-09-23 15:50:24,292 INFO: Plan 0: ḡ=25.2, γE[v]=11.0, Q=36.2 (bayes)
2026-09-23 15:50:24,292 INFO: Plan 1: ḡ=8.5, γE[v]=19.3, Q=27.8 (bayes)
2026-09-23 15:50:24,292 INFO: Plan 2: ḡ=13.5, γE[v]=16.8, Q=30.3 (bayes)
2026-09-23 15:50:24,474 INFO: Plan 1: ḡ=115, γE[v]=44.5, Q=159.5 (fn)
2026-09-23 15:50:24,994 INFO: Plan 1: ḡ=39, γE[v]=2.0, Q=41.0 (fn)
2026-09-23 15:50:24,995 INFO: Plan 0: ḡ=14.8, γE[v]=25.2, Q=40.0 (bayes)
2026-09-23 15:50:24,995 INFO: Plan 1: ḡ=19.3, γE[v]=23.0, Q=42.3 (bayes)
2026-09-23 15:50:24,995 INFO: Plan 2: ḡ=29.1, γE[v]=18.0, Q=47.1 (bayes)
2026-09-23 15:50:25,100 INFO: Plan 1: ḡ=10, γE[v]=0.0, Q=10.0 (fn)
2026-09-23 15:50:25,182 INFO: Plan 2: ḡ=0, γE[v]=0.0, Q=0.0 (fn)
2026-09-23 15:50:25,630 INFO: Plan 2: ḡ=2, γE[v]=0.0, Q=2.0 (fn)
2026-09-23 15:50:25,668 INFO: Plan 0: ḡ=3, γE[v]=0.0, Q=3.0 (fn)
2026-09-23 15:50:25,868 INFO: Plan 0: ḡ=19, γE[v]=2.0, Q=21.0 (fn)
2026-09-23 15:50:25,868 INFO: Plan 0: ḡ=8.5, γE[v]=1.1, Q=9.6 (bayes)
2026-09-23 15:50:25,868 INFO: Plan 1: ḡ=4.0, γE[v]=3.2, Q=7.2 (bayes)
2026-09-23 15:50:25,868 INFO: Plan 2: ḡ=0.0, γE[v]=5.2, Q=5.2 (bayes)
2026-09-23 15:50:25,950 INFO: Plan 2: ḡ=1, γE[v]=0.0, Q=1.0 (fn)
2026-09-23 15:50:26,233 INFO: Plan 0: ḡ=12, γE[v]=0.0, Q=12.0 (fn)
2026-09-23 15:50:26,560 INFO: Plan 1: ḡ=30, γE[v]=0.0, Q=30.0 (fn)
2026-09-23 15:50:26,561 INFO: Plan 0: ḡ=2.4, γE[v]=3.0, Q=5.4 (bayes)
2026-09-23 15:50:26,561 INFO: Plan 1: ḡ=6.0, γE[v]=1.2, Q=7.2 (bayes)
2026-09-23 15:50:26,561 INFO: Plan 2: ḡ=0.2, γE[v]=4.1, Q=4.3 (bayes)
2026-09-23 15:50:27,061 INFO: Plan 2: ḡ=13, γE[v]=0.0, Q=13.0 (fn)
2026-09-23 15:50:27,181 INFO: Plan 0: ḡ=0, γE[v]=0.0, Q=0.0 (fn)
2026-09-23 15:50:27,224 INFO: Plan 1: ḡ=0, γE[v]=0.0, Q=0.0 (fn)
2026-09-23 15:50:27,224 INFO: Plan 2: ḡ=0, γE[v]=0.0, Q=0.0 (fn)
2026-09-23 15:50:27,225 INFO: Plan 0: ḡ=0.0, γE[v]=0.0, Q=0.0 (bayes)
2026-09-23 15:50:27,225 INFO: Plan 1: ḡ=0.0, γE[v]=0.0, Q=0.0 (bayes)
2026-09-23 15:50:27,225 INFO: Plan 2: ḡ=0.0, γE[v]=0.0, Q=0.0 (bayes)
2026-09-23 15:50:27,712 INFO: Plan 1: ḡ=3, γE[v]=0.0, Q=3.0 (fn)
2026-09-23 15:50:28,028 INFO: Plan 0: ḡ=13, γE[v]=0.0, Q=13.0 (fn)
2026-09-23 15:50:28,029 INFO: Plan 0: ḡ=2.7, γE[v]=2.0, Q=4.7 (bayes)
2026-09-23 15:50:28,029 INFO: Plan 1: ḡ=0.8, γE[v]=3.0, Q=3.7 (bayes)
2026-09-23 15:50:28,029 INFO: Plan 2: ḡ=3.2, γE[v]=1.7, Q=5.0 (bayes)
2026-09-23 15:50:28,388 INFO: Plan 2: ḡ=16, γE[v]=0.0, Q=16.0 (fn)
2026-09-23 15:50:28,968 INFO: Plan 1: ḡ=6, γE[v]=1.5, Q=7.5 (fn)
2026-09-23 15:50:28,970 INFO: Plan 0: ḡ=0.8, γE[v]=0.8, Q=1.5 (bayes)
2026-09-23 15:50:28,970 INFO: Plan 1: ḡ=1.5, γE[v]=0.5, Q=2.0 (bayes)
2026-09-23 15:50:28,970 INFO: Plan 2: ḡ=0.5, γE[v]=0.9, Q=1.4 (bayes)
2026-09-23 15:50:29,353 INFO: Plan 1: ḡ=16, γE[v]=0.0, Q=16.0 (fn)
2026-09-23 15:50:29,606 INFO: Plan 0: ḡ=22, γE[v]=0.0, Q=22.0 (fn)
2026-09-23 15:50:29,606 INFO: Plan 0: ḡ=11.0, γE[v]=5.3, Q=16.3 (bayes)
2026-09-23 15:50:29,606 INFO: Plan 1: ḡ=5.3, γE[v]=8.2, Q=13.5 (bayes)
2026-09-23 15:50:29,606 INFO: Plan 2: ḡ=5.3, γE[v]=8.2, Q=13.5 (bayes)
2026-09-23 15:50:29,644 INFO: Plan 2: ḡ=30, γE[v]=0.0, Q=30.0 (fn)
2026-09-23 15:50:29,840 INFO: Plan 0: ḡ=20, γE[v]=0.0, Q=20.0 (fn)
2026-09-23 15:50:29,840 INFO: Plan 1: ḡ=17, γE[v]=0.0, Q=17.0 (fn)
2026-09-23 15:50:29,841 INFO: Plan 0: ḡ=9.8, γE[v]=11.8, Q=21.6 (bayes)
2026-09-23 15:50:29,841 INFO: Plan 1: ḡ=8.5, γE[v]=12.4, Q=20.9 (bayes)
2026-09-23 15:50:29,841 INFO: Plan 2: ḡ=15.0, γE[v]=9.2, Q=24.2 (bayes)
2026-09-23 15:50:31,721 INFO: Plan 2: ḡ=115, γE[v]=58.0, Q=173.0 (fn)
2026-09-23 15:50:31,728 INFO: Plan 0: ḡ=15.7, γE[v]=25.8, Q=41.5 (bayes)
2026-09-23 15:50:31,728 INFO: Plan 1: ḡ=33.5, γE[v]=19.9, Q=53.4 (bayes)
2026-09-23 15:50:31,728 INFO: Plan 2: ḡ=31.2, γE[v]=21.7, Q=52.9 (bayes)
2026-09-23 15:50:33,398 INFO: Plan 2: ḡ=7, γE[v]=0.0, Q=7.0 (fn)
2026-09-23 15:50:34,952 INFO: Plan 0: ḡ=198, γE[v]=0.0, Q=198.0 (fn)
2026-09-23 15:50:34,993 INFO: Plan 0: ḡ=0, γE[v]=0.0, Q=0.0 (fn)
2026-09-23 15:50:35,173 INFO: Plan 2: ḡ=0, γE[v]=0.0, Q=0.0 (fn)
2026-09-23 15:50:35,769 INFO: Plan 1: ḡ=0, γE[v]=0.0, Q=0.0 (fn)
2026-09-23 15:50:35,770 INFO: Plan 0: ḡ=0.0, γE[v]=0.0, Q=0.0 (bayes)
2026-09-23 15:50:35,770 INFO: Plan 1: ḡ=0.0, γE[v]=0.0, Q=0.0 (bayes)
2026-09-23 15:50:35,770 INFO: Plan 2: ḡ=0.0, γE[v]=0.0, Q=0.0 (bayes)
2026-09-23 15:50:36,009 INFO: Plan 1: ḡ=204, γE[v]=0.0, Q=204.0 (fn)
2026-09-23 15:50:36,009 INFO: Plan 0: ḡ=39.6, γE[v]=1.9, Q=41.5 (bayes)
2026-09-23 15:50:36,009 INFO: Plan 1: ḡ=41.6, γE[v]=0.9, Q=42.5 (bayes)
2026-09-23 15:50:36,009 INFO: Plan 2: ḡ=2.1, γE[v]=20.6, Q=22.7 (bayes)
2026-09-23 15:50:36,304 INFO: Plan 0: ḡ=21, γE[v]=0.0, Q=21.0 (fn)
2026-09-23 15:50:36,471 INFO: Plan 2: ḡ=16, γE[v]=0.0, Q=16.0 (fn)
2026-09-23 15:50:36,512 INFO: Plan 1: ḡ=28, γE[v]=0.0, Q=28.0 (fn)
2026-09-23 15:50:36,513 INFO: Plan 0: ḡ=6.8, γE[v]=8.4, Q=15.2 (bayes)
2026-09-23 15:50:36,513 INFO: Plan 1: ḡ=8.2, γE[v]=7.7, Q=15.9 (bayes)
2026-09-23 15:50:36,513 INFO: Plan 2: ḡ=8.0, γE[v]=7.8, Q=15.8 (bayes)
2026-09-23 15:50:44,593 INFO: Plan 2: ḡ=29, γE[v]=0.0, Q=29.0 (fn)
2026-09-23 15:50:44,886 INFO: Plan 0: ḡ=46, γE[v]=0.0, Q=46.0 (fn)
2026-09-23 15:50:45,458 INFO: Plan 1: ḡ=35, γE[v]=0.0, Q=35.0 (fn)
2026-09-23 15:50:45,459 INFO: Plan 0: ḡ=23.0, γE[v]=87.9, Q=110.9 (bayes)
2026-09-23 15:50:45,459 INFO: Plan 1: ḡ=17.5, γE[v]=90.6, Q=108.1 (bayes)
2026-09-23 15:50:45,459 INFO: Plan 2: ḡ=14.5, γE[v]=92.1, Q=106.6 (bayes)
2026-09-23 15:50:48,632 INFO: Plan 1: ḡ=85, γE[v]=0.0, Q=85.0 (fn)
2026-09-23 15:50:50,463 INFO: Plan 2: ḡ=86, γE[v]=0.0, Q=86.0 (fn)
2026-09-23 15:50:50,464 INFO: Plan 1: ḡ=54, γE[v]=0.0, Q=54.0 (fn)
2026-09-23 15:50:50,773 INFO: Plan 0: ḡ=125, γE[v]=4.5, Q=129.5 (fn)
2026-09-23 15:50:51,042 INFO: Plan 2: ḡ=55, γE[v]=21.5, Q=76.5 (fn)
2026-09-23 15:50:51,042 INFO: Plan 0: ḡ=36.1, γE[v]=22.9, Q=59.0 (bayes)
2026-09-23 15:50:51,042 INFO: Plan 1: ḡ=24.5, γE[v]=28.5, Q=53.0 (bayes)
2026-09-23 15:50:51,042 INFO: Plan 2: ḡ=18.5, γE[v]=32.7, Q=51.2 (bayes)
2026-09-23 15:50:52,076 INFO: Plan 0: ḡ=56, γE[v]=8.0, Q=64.0 (fn)
2026-09-23 15:50:52,077 INFO: Plan 0: ḡ=26.7, γE[v]=40.2, Q=66.9 (bayes)
2026-09-23 15:50:52,077 INFO: Plan 1: ḡ=27.0, γE[v]=39.7, Q=66.7 (bayes)
2026-09-23 15:50:52,077 INFO: Plan 2: ḡ=34.7, γE[v]=35.8, Q=70.5 (bayes)
2026-09-23 15:50:53,723 INFO: Plan 1: ḡ=10, γE[v]=0.0, Q=10.0 (fn)
2026-09-23 15:50:53,724 INFO: Plan 2: ḡ=44, γE[v]=0.0, Q=44.0 (fn)
2026-09-23 15:50:53,725 INFO: Plan 0: ḡ=22, γE[v]=0.0, Q=22.0 (fn)
2026-09-23 15:50:53,725 INFO: Plan 0: ḡ=5.5, γE[v]=5.8, Q=11.2 (bayes)
2026-09-23 15:50:53,725 INFO: Plan 1: ḡ=2.5, γE[v]=7.3, Q=9.7 (bayes)
2026-09-23 15:50:53,725 INFO: Plan 2: ḡ=8.8, γE[v]=4.1, Q=12.9 (bayes)
2026-09-23 15:51:02,491 INFO: Plan 0: ḡ=8, γE[v]=0.0, Q=8.0 (fn)
2026-09-23 15:51:05,393 INFO: Plan 1: ḡ=31, γE[v]=0.0, Q=31.0 (fn)
2026-09-23 15:51:05,802 INFO: Plan 2: ḡ=71, γE[v]=0.0, Q=71.0 (fn)
2026-09-23 15:51:08,316 INFO: Plan 1: ḡ=20, γE[v]=9.0, Q=29.0 (fn)
2026-09-23 15:51:08,317 INFO: Plan 0: ḡ=2.7, γE[v]=21.1, Q=23.8 (bayes)
2026-09-23 15:51:08,317 INFO: Plan 1: ḡ=8.2, γE[v]=18.9, Q=27.2 (bayes)
2026-09-23 15:51:08,317 INFO: Plan 2: ḡ=29.2, γE[v]=7.8, Q=37.1 (bayes)
2026-09-23 15:51:10,000 INFO: Plan 0: ḡ=32, γE[v]=35.5, Q=67.5 (fn)
2026-09-23 15:51:10,237 INFO: Plan 2: ḡ=51, γE[v]=22.5, Q=73.5 (fn)
2026-09-23 15:51:10,238 INFO: Plan 0: ḡ=7.5, γE[v]=10.6, Q=18.1 (bayes)
2026-09-23 15:51:10,238 INFO: Plan 1: ḡ=8.7, γE[v]=7.6, Q=16.2 (bayes)
2026-09-23 15:51:10,238 INFO: Plan 2: ḡ=10.5, γE[v]=8.2, Q=18.7 (bayes)
2026-09-23 15:51:22,692 INFO: Plan 0: ḡ=0, γE[v]=0.0, Q=0.0 (fn)
2026-09-23 15:51:22,874 INFO: Plan 1: ḡ=0, γE[v]=0.0, Q=0.0 (fn)
2026-09-23 15:51:22,994 INFO: Plan 2: ḡ=0, γE[v]=0.0, Q=0.0 (fn)
2026-09-23 15:51:22,995 INFO: Plan 0: ḡ=0.0, γE[v]=0.0, Q=0.0 (bayes)
2026-09-23 15:51:22,995 INFO: Plan 1: ḡ=0.0, γE[v]=0.0, Q=0.0 (bayes)
2026-09-23 15:51:22,995 INFO: Plan 2: ḡ=0.0, γE[v]=0.0, Q=0.0 (bayes)
2026-09-23 15:51:23,711 INFO: Plan 1: ḡ=38, γE[v]=0.0, Q=38.0 (fn)
2026-09-23 15:51:24,025 INFO: Plan 0: ḡ=91, γE[v]=6.5, Q=97.5 (fn)
2026-09-23 15:51:25,001 INFO: Plan 0: ḡ=9, γE[v]=0.5, Q=9.5 (fn)
2026-09-23 15:51:26,298 INFO: Plan 2: ḡ=16, γE[v]=0.0, Q=16.0 (fn)
2026-09-23 15:51:27,050 INFO: Plan 2: ḡ=156, γE[v]=0.0, Q=156.0 (fn)
2026-09-23 15:51:27,051 INFO: Plan 0: ḡ=3.5, γE[v]=94.8, Q=98.3 (bayes)
2026-09-23 15:51:27,051 INFO: Plan 1: ḡ=17.2, γE[v]=87.9, Q=105.1 (bayes)
2026-09-23 15:51:27,051 INFO: Plan 2: ḡ=77.3, γE[v]=57.8, Q=135.2 (bayes)
2026-09-23 15:51:27,760 INFO: Plan 1: ḡ=31, γE[v]=0.0, Q=31.0 (fn)
2026-09-23 15:51:29,922 INFO: Plan 0: ḡ=70, γE[v]=0.0, Q=70.0 (fn)
2026-09-23 15:51:30,428 INFO: Plan 2: ḡ=25, γE[v]=0.0, Q=25.0 (fn)
2026-09-23 15:51:30,469 INFO: Plan 1: ḡ=44, γE[v]=0.0, Q=44.0 (fn)
2026-09-23 15:51:30,470 INFO: Plan 0: ḡ=24.1, γE[v]=15.1, Q=39.2 (bayes)
2026-09-23 15:51:30,470 INFO: Plan 1: ḡ=18.0, γE[v]=18.1, Q=36.1 (bayes)
2026-09-23 15:51:30,470 INFO: Plan 2: ḡ=12.5, γE[v]=20.9, Q=33.4 (bayes)
2026-09-23 15:51:30,695 INFO: Plan 0: ḡ=36, γE[v]=8.5, Q=44.5 (fn)
2026-09-23 15:51:30,696 INFO: Plan 0: ḡ=11.7, γE[v]=3.3, Q=15.0 (bayes)
2026-09-23 15:51:30,696 INFO: Plan 1: ḡ=10.0, γE[v]=3.7, Q=13.7 (bayes)
2026-09-23 15:51:30,696 INFO: Plan 2: ḡ=5.0, γE[v]=6.2, Q=11.2 (bayes)
2026-09-23 15:51:31,297 INFO: Plan 1: ḡ=204, γE[v]=33.5, Q=237.5 (fn)
2026-09-23 15:51:31,940 INFO: Plan 2: ḡ=196, γE[v]=37.5, Q=233.5 (fn)
2026-09-23 15:51:31,941 INFO: Plan 0: ḡ=18.2, γE[v]=18.5, Q=36.7 (bayes)
2026-09-23 15:51:31,941 INFO: Plan 1: ḡ=40.8, γE[v]=9.1, Q=49.9 (bayes)
2026-09-23 15:51:31,941 INFO: Plan 2: ḡ=39.2, γE[v]=10.2, Q=49.4 (bayes)
2026-09-23 15:51:34,646 INFO: Plan 0: ḡ=109, γE[v]=0.0, Q=109.0 (fn)
2026-09-23 15:51:35,328 INFO: Plan 0: ḡ=20, γE[v]=0.0, Q=20.0 (fn)
2026-09-23 15:51:35,475 INFO: Plan 2: ḡ=23, γE[v]=0.0, Q=23.0 (fn)
2026-09-23 15:51:35,693 INFO: Plan 1: ḡ=102, γE[v]=0.0, Q=102.0 (fn)
2026-09-23 15:51:37,494 INFO: Plan 2: ḡ=25, γE[v]=0.0, Q=25.0 (fn)
2026-09-23 15:51:39,538 INFO: Plan 1: ḡ=78, γE[v]=15.5, Q=93.5 (fn)
2026-09-23 15:51:39,538 INFO: Plan 0: ḡ=4.0, γE[v]=8.9, Q=12.9 (bayes)
2026-09-23 15:51:39,539 INFO: Plan 1: ḡ=15.6, γE[v]=4.2, Q=19.8 (bayes)
2026-09-23 15:51:39,539 INFO: Plan 2: ḡ=4.6, γE[v]=8.6, Q=13.2 (bayes)
2026-09-23 15:51:40,377 INFO: Plan 0: ḡ=13, γE[v]=7.5, Q=20.5 (fn)
2026-09-23 15:51:42,199 INFO: Plan 2: ḡ=351, γE[v]=19.0, Q=370.0 (fn)
2026-09-23 15:51:42,200 INFO: Plan 0: ḡ=45.0, γE[v]=47.7, Q=92.7 (bayes)
2026-09-23 15:51:42,200 INFO: Plan 1: ḡ=37.8, γE[v]=51.2, Q=89.1 (bayes)
2026-09-23 15:51:42,200 INFO: Plan 2: ḡ=123.0, γE[v]=9.6, Q=132.6 (bayes)
2026-09-23 15:51:43,682 INFO: Plan 1: ḡ=19, γE[v]=8.5, Q=27.5 (fn)
2026-09-23 15:51:43,683 INFO: Plan 0: ḡ=5.2, γE[v]=36.5, Q=41.6 (bayes)
2026-09-23 15:51:43,683 INFO: Plan 1: ḡ=8.5, γE[v]=34.9, Q=43.4 (bayes)
2026-09-23 15:51:43,683 INFO: Plan 2: ḡ=11.8, γE[v]=32.8, Q=44.6 (bayes)
2026-09-23 15:51:45,168 INFO: Plan 0: ḡ=1, γE[v]=0.0, Q=1.0 (fn)
2026-09-23 15:51:45,169 INFO: Plan 1: ḡ=1, γE[v]=0.0, Q=1.0 (fn)
2026-09-23 15:51:45,700 INFO: Plan 2: ḡ=1, γE[v]=0.0, Q=1.0 (fn)
2026-09-23 15:51:45,701 INFO: Plan 0: ḡ=0.2, γE[v]=0.1, Q=0.3 (bayes)
2026-09-23 15:51:45,701 INFO: Plan 1: ḡ=0.2, γE[v]=0.1, Q=0.3 (bayes)
2026-09-23 15:51:45,701 INFO: Plan 2: ḡ=0.2, γE[v]=0.1, Q=0.3 (bayes)
2026-09-23 15:51:46,841 INFO: Plan 1: ḡ=0, γE[v]=0.0, Q=0.0 (fn)
2026-09-23 15:51:46,841 INFO: Plan 0: ḡ=0, γE[v]=0.0, Q=0.0 (fn)
2026-09-23 15:51:47,346 INFO: Plan 2: ḡ=0, γE[v]=0.0, Q=0.0 (fn)
2026-09-23 15:51:47,346 INFO: Plan 0: ḡ=0.0, γE[v]=0.0, Q=0.0 (bayes)
2026-09-23 15:51:47,346 INFO: Plan 1: ḡ=0.0, γE[v]=0.0, Q=0.0 (bayes)
2026-09-23 15:51:47,346 INFO: Plan 2: ḡ=0.0, γE[v]=0.0, Q=0.0 (bayes)
2026-09-23 15:51:47,767 INFO: Plan 0: ḡ=34, γE[v]=0.0, Q=34.0 (fn)
2026-09-23 15:51:48,529 INFO: Plan 0: ḡ=72, γE[v]=0.0, Q=72.0 (fn)
2026-09-23 15:51:49,285 INFO: Plan 2: ḡ=110, γE[v]=0.0, Q=110.0 (fn)
2026-09-23 15:51:51,146 INFO: Plan 0: ḡ=0, γE[v]=0.0, Q=0.0 (fn)
2026-09-23 15:51:51,640 INFO: Plan 1: ḡ=0, γE[v]=0.0, Q=0.0 (fn)
2026-09-23 15:51:51,862 INFO: Plan 2: ḡ=0, γE[v]=0.0, Q=0.0 (fn)
2026-09-23 15:51:51,863 INFO: Plan 0: ḡ=0.0, γE[v]=0.0, Q=0.0 (bayes)
2026-09-23 15:51:51,863 INFO: Plan 1: ḡ=0.0, γE[v]=0.0, Q=0.0 (bayes)
2026-09-23 15:51:51,863 INFO: Plan 2: ḡ=0.0, γE[v]=0.0, Q=0.0 (bayes)
2026-09-23 15:51:52,331 INFO: Plan 1: ḡ=1, γE[v]=0.0, Q=1.0 (fn)
2026-09-23 15:51:52,607 INFO: Plan 0: ḡ=1, γE[v]=0.0, Q=1.0 (fn)
2026-09-23 15:51:53,661 INFO: Plan 2: ḡ=2, γE[v]=0.0, Q=2.0 (fn)
2026-09-23 15:51:53,662 INFO: Plan 0: ḡ=0.3, γE[v]=0.2, Q=0.5 (bayes)
2026-09-23 15:51:53,662 INFO: Plan 1: ḡ=0.3, γE[v]=0.2, Q=0.5 (bayes)
2026-09-23 15:51:53,662 INFO: Plan 2: ḡ=0.7, γE[v]=0.0, Q=0.7 (bayes)
2026-09-23 15:51:53,747 INFO: Plan 2: ḡ=28, γE[v]=24.0, Q=52.0 (fn)
2026-09-23 15:51:53,749 INFO: Plan 1: ḡ=32, γE[v]=17.5, Q=49.5 (fn)
2026-09-23 15:51:55,145 INFO: Plan 0: ḡ=42, γE[v]=37.0, Q=79.0 (fn)
2026-09-23 15:51:55,508 INFO: Plan 1: ḡ=35, γE[v]=19.0, Q=54.0 (fn)
2026-09-23 15:51:55,509 INFO: Plan 0: ḡ=21.0, γE[v]=73.7, Q=94.7 (bayes)
2026-09-23 15:51:55,509 INFO: Plan 1: ḡ=17.5, γE[v]=74.6, Q=92.1 (bayes)
2026-09-23 15:51:55,509 INFO: Plan 2: ḡ=28.0, γE[v]=68.5, Q=96.5 (bayes)
2026-09-23 15:51:55,832 INFO: Plan 2: ḡ=338, γE[v]=0.0, Q=338.0 (fn)
2026-09-23 15:51:55,833 INFO: Plan 0: ḡ=8.8, γE[v]=30.9, Q=39.7 (bayes)
2026-09-23 15:51:55,833 INFO: Plan 1: ḡ=6.5, γE[v]=33.3, Q=39.8 (bayes)
2026-09-23 15:51:55,833 INFO: Plan 2: ḡ=69.7, γE[v]=0.4, Q=70.1 (bayes)
2026-09-23 15:51:55,953 INFO: Plan 2: ḡ=14, γE[v]=0.0, Q=14.0 (fn)
2026-09-23 15:51:56,423 INFO: Plan 0: ḡ=18, γE[v]=0.0, Q=18.0 (fn)
2026-09-23 15:51:56,599 INFO: Plan 0: ḡ=1, γE[v]=0.0, Q=1.0 (fn)
2026-09-23 15:51:56,763 INFO: Plan 1: ḡ=15, γE[v]=0.0, Q=15.0 (fn)
2026-09-23 15:51:56,804 INFO: Plan 0: ḡ=17, γE[v]=0.0, Q=17.0 (fn)
2026-09-23 15:51:56,805 INFO: Plan 0: ḡ=2.8, γE[v]=4.2, Q=7.1 (bayes)
2026-09-23 15:51:56,805 INFO: Plan 1: ḡ=4.0, γE[v]=3.7, Q=7.7 (bayes)
2026-09-23 15:51:56,805 INFO: Plan 2: ḡ=4.7, γE[v]=3.3, Q=8.0 (bayes)
2026-09-23 15:51:56,909 INFO: Plan 2: ḡ=1, γE[v]=0.0, Q=1.0 (fn)
2026-09-23 15:51:56,909 INFO: Plan 1: ḡ=1, γE[v]=0.0, Q=1.0 (fn)
2026-09-23 15:51:56,910 INFO: Plan 0: ḡ=0.2, γE[v]=0.0, Q=0.2 (bayes)
2026-09-23 15:51:56,910 INFO: Plan 1: ḡ=0.2, γE[v]=0.0, Q=0.2 (bayes)
2026-09-23 15:51:56,910 INFO: Plan 2: ḡ=0.2, γE[v]=0.0, Q=0.2 (bayes)
2026-09-23 15:51:57,315 INFO: Plan 1: ḡ=66, γE[v]=0.0, Q=66.0 (fn)
2026-09-23 15:51:57,316 INFO: Plan 0: ḡ=1, γE[v]=0.0, Q=1.0 (fn)
2026-09-23 15:51:57,355 INFO: Plan 1: ḡ=4, γE[v]=0.0, Q=4.0 (fn)
2026-09-23 15:51:57,528 INFO: Plan 0: ḡ=5, γE[v]=0.0, Q=5.0 (fn)
2026-09-23 15:51:57,660 INFO: Plan 1: ḡ=4, γE[v]=0.0, Q=4.0 (fn)
2026-09-23 15:51:57,661 INFO: Plan 2: ḡ=5, γE[v]=0.0, Q=5.0 (fn)
2026-09-23 15:51:57,661 INFO: Plan 0: ḡ=1.0, γE[v]=0.5, Q=1.5 (bayes)
2026-09-23 15:51:57,662 INFO: Plan 1: ḡ=1.0, γE[v]=0.5, Q=1.5 (bayes)
2026-09-23 15:51:57,662 INFO: Plan 2: ḡ=1.0, γE[v]=0.5, Q=1.5 (bayes)
2026-09-23 15:51:57,870 INFO: Plan 2: ḡ=4, γE[v]=0.0, Q=4.0 (fn)
2026-09-23 15:51:57,871 INFO: Plan 2: ḡ=34, γE[v]=0.0, Q=34.0 (fn)
2026-09-23 15:51:57,872 INFO: Plan 0: ḡ=7.3, γE[v]=93.3, Q=100.6 (bayes)
2026-09-23 15:51:57,872 INFO: Plan 1: ḡ=24.2, γE[v]=84.8, Q=109.0 (bayes)
2026-09-23 15:51:57,872 INFO: Plan 2: ḡ=13.0, γE[v]=90.4, Q=103.4 (bayes)
2026-09-23 15:51:58,381 INFO: Plan 0: ḡ=2, γE[v]=0.0, Q=2.0 (fn)
2026-09-23 15:51:58,639 INFO: Plan 0: ḡ=5, γE[v]=0.0, Q=5.0 (fn)
2026-09-23 15:51:58,684 INFO: Plan 1: ḡ=2, γE[v]=0.0, Q=2.0 (fn)
2026-09-23 15:51:58,685 INFO: Plan 0: ḡ=1.6, γE[v]=0.8, Q=2.3 (bayes)
2026-09-23 15:51:58,685 INFO: Plan 1: ḡ=0.5, γE[v]=1.3, Q=1.8 (bayes)
2026-09-23 15:51:58,685 INFO: Plan 2: ḡ=1.0, γE[v]=1.0, Q=2.0 (bayes)
2026-09-23 15:51:59,179 INFO: Plan 2: ḡ=1, γE[v]=0.0, Q=1.0 (fn)
2026-09-23 15:51:59,220 INFO: Plan 1: ḡ=4, γE[v]=0.0, Q=4.0 (fn)
2026-09-23 15:51:59,220 INFO: Plan 0: ḡ=0.5, γE[v]=0.4, Q=0.9 (bayes)
2026-09-23 15:51:59,220 INFO: Plan 1: ḡ=1.0, γE[v]=0.1, Q=1.1 (bayes)
2026-09-23 15:51:59,221 INFO: Plan 2: ḡ=0.2, γE[v]=0.5, Q=0.8 (bayes)
2026-09-23 15:52:00,132 INFO: Plan 1: ḡ=52, γE[v]=33.5, Q=85.5 (fn)
2026-09-23 15:52:00,133 INFO: Plan 0: ḡ=31.6, γE[v]=38.7, Q=70.2 (bayes)
2026-09-23 15:52:00,133 INFO: Plan 1: ḡ=16.6, γE[v]=47.8, Q=64.4 (bayes)
2026-09-23 15:52:00,133 INFO: Plan 2: ḡ=11.5, γE[v]=49.8, Q=61.3 (bayes)
2026-09-23 15:52:00,356 INFO: Plan 2: ḡ=13, γE[v]=2.5, Q=15.5 (fn)
2026-09-23 15:52:00,357 INFO: Plan 0: ḡ=0.2, γE[v]=1.8, Q=2.0 (bayes)
2026-09-23 15:52:00,357 INFO: Plan 1: ḡ=1.0, γE[v]=1.4, Q=2.4 (bayes)
2026-09-23 15:52:00,357 INFO: Plan 2: ḡ=2.6, γE[v]=0.8, Q=3.4 (bayes)
2026-09-23 15:52:04,496 INFO: Plan 2: ḡ=49, γE[v]=0.0, Q=49.0 (fn)
2026-09-23 15:52:04,867 INFO: Plan 1: ḡ=24, γE[v]=0.0, Q=24.0 (fn)
2026-09-23 15:52:05,413 INFO: Plan 0: ḡ=11, γE[v]=0.0, Q=11.0 (fn)
2026-09-23 15:52:05,414 INFO: Plan 0: ḡ=5.5, γE[v]=105.7, Q=111.2 (bayes)
2026-09-23 15:52:05,414 INFO: Plan 1: ḡ=10.3, γE[v]=103.3, Q=113.7 (bayes)
2026-09-23 15:52:05,414 INFO: Plan 2: ḡ=20.7, γE[v]=98.2, Q=118.8 (bayes)
2026-09-23 15:52:08,800 INFO: Plan 0: ḡ=2, γE[v]=0.0, Q=2.0 (fn)
2026-09-23 15:52:08,976 INFO: Plan 1: ḡ=3, γE[v]=0.0, Q=3.0 (fn)
2026-09-23 15:52:09,271 INFO: Plan 2: ḡ=2, γE[v]=0.0, Q=2.0 (fn)
2026-09-23 15:52:09,272 INFO: Plan 0: ḡ=0.4, γE[v]=0.5, Q=0.9 (bayes)
2026-09-23 15:52:09,272 INFO: Plan 1: ḡ=0.6, γE[v]=0.4, Q=1.0 (bayes)
2026-09-23 15:52:09,272 INFO: Plan 2: ḡ=0.4, γE[v]=0.5, Q=0.9 (bayes)
2026-09-23 15:52:11,984 INFO: Plan 0: ḡ=11, γE[v]=0.0, Q=11.0 (fn)
2026-09-23 15:52:12,213 INFO: Plan 1: ḡ=60, γE[v]=0.0, Q=60.0 (fn)
2026-09-23 15:52:12,801 INFO: Plan 1: ḡ=2, γE[v]=0.0, Q=2.0 (fn)
2026-09-23 15:52:14,288 INFO: Plan 2: ḡ=23, γE[v]=10.0, Q=33.0 (fn)
2026-09-23 15:52:14,288 INFO: Plan 0: ḡ=5.3, γE[v]=46.3, Q=51.6 (bayes)
2026-09-23 15:52:14,288 INFO: Plan 1: ḡ=30.0, γE[v]=33.9, Q=63.9 (bayes)
2026-09-23 15:52:14,289 INFO: Plan 2: ḡ=10.0, γE[v]=44.5, Q=54.5 (bayes)
2026-09-23 15:52:15,016 INFO: Plan 0: ḡ=4, γE[v]=0.0, Q=4.0 (fn)
2026-09-23 15:52:15,057 INFO: Plan 2: ḡ=0, γE[v]=0.0, Q=0.0 (fn)
2026-09-23 15:52:15,173 INFO: Plan 0: ḡ=12, γE[v]=2.0, Q=14.0 (fn)
2026-09-23 15:52:15,254 INFO: Plan 1: ḡ=6, γE[v]=0.0, Q=6.0 (fn)
2026-09-23 15:52:15,255 INFO: Plan 0: ḡ=1.3, γE[v]=0.8, Q=2.1 (bayes)
2026-09-23 15:52:15,255 INFO: Plan 1: ḡ=1.5, γE[v]=0.7, Q=2.2 (bayes)
2026-09-23 15:52:15,255 INFO: Plan 2: ḡ=0.0, γE[v]=1.4, Q=1.4 (bayes)
2026-09-23 15:52:15,294 INFO: Plan 1: ḡ=55, γE[v]=0.0, Q=55.0 (fn)
2026-09-23 15:52:15,542 INFO: Plan 0: ḡ=41, γE[v]=0.0, Q=41.0 (fn)
2026-09-23 15:52:15,543 INFO: Plan 2: ḡ=2, γE[v]=7.0, Q=9.0 (fn)
2026-09-23 15:52:15,550 INFO: Plan 0: ḡ=2.4, γE[v]=0.6, Q=3.0 (bayes)
2026-09-23 15:52:15,551 INFO: Plan 1: ḡ=0.5, γE[v]=1.5, Q=1.9 (bayes)
2026-09-23 15:52:15,551 INFO: Plan 2: ḡ=0.5, γE[v]=1.9, Q=2.5 (bayes)
2026-09-23 15:52:16,242 INFO: Plan 2: ḡ=8, γE[v]=0.0, Q=8.0 (fn)
2026-09-23 15:52:16,243 INFO: Plan 0: ḡ=12.1, γE[v]=10.8, Q=22.9 (bayes)
2026-09-23 15:52:16,243 INFO: Plan 1: ḡ=19.2, γE[v]=7.3, Q=26.5 (bayes)
2026-09-23 15:52:16,243 INFO: Plan 2: ḡ=4.0, γE[v]=14.9, Q=18.9 (bayes)
2026-09-23 15:52:17,644 INFO: Plan 2: ḡ=37, γE[v]=0.0, Q=37.0 (fn)
2026-09-23 15:52:18,076 INFO: Plan 1: ḡ=37, γE[v]=0.0, Q=37.0 (fn)
2026-09-23 15:52:18,293 INFO: Plan 0: ḡ=17, γE[v]=0.0, Q=17.0 (fn)
2026-09-23 15:52:18,757 INFO: Plan 1: ḡ=14, γE[v]=0.0, Q=14.0 (fn)
2026-09-23 15:52:20,017 INFO: Plan 0: ḡ=36, γE[v]=24.0, Q=60.0 (fn)
2026-09-23 15:52:20,017 INFO: Plan 0: ḡ=18.0, γE[v]=48.9, Q=66.9 (bayes)
2026-09-23 15:52:20,017 INFO: Plan 1: ḡ=13.7, γE[v]=50.0, Q=63.7 (bayes)
2026-09-23 15:52:20,018 INFO: Plan 2: ḡ=10.5, γE[v]=51.6, Q=62.1 (bayes)
2026-09-23 15:52:20,053 INFO: Plan 2: ḡ=53, γE[v]=4.5, Q=57.5 (fn)
2026-09-23 15:52:20,054 INFO: Plan 0: ḡ=8.3, γE[v]=6.7, Q=15.1 (bayes)
2026-09-23 15:52:20,054 INFO: Plan 1: ḡ=3.1, γE[v]=9.3, Q=12.5 (bayes)
2026-09-23 15:52:20,054 INFO: Plan 2: ḡ=8.8, γE[v]=6.8, Q=15.6 (bayes)
2026-09-23 15:52:21,926 INFO: Plan 0: ḡ=17, γE[v]=2.5, Q=19.5 (fn)
2026-09-23 15:52:21,926 INFO: Plan 1: ḡ=59, γE[v]=0.0, Q=59.0 (fn)
2026-09-23 15:52:21,968 INFO: Plan 2: ḡ=41, γE[v]=0.0, Q=41.0 (fn)
2026-09-23 15:52:21,969 INFO: Plan 0: ḡ=8.5, γE[v]=41.0, Q=49.5 (bayes)
2026-09-23 15:52:21,970 INFO: Plan 1: ḡ=23.2, γE[v]=33.5, Q=56.7 (bayes)
2026-09-23 15:52:21,970 INFO: Plan 2: ḡ=17.8, γE[v]=36.2, Q=54.0 (bayes)
2026-09-23 15:52:23,489 INFO: Plan 0: ḡ=0, γE[v]=0.0, Q=0.0 (fn)
2026-09-23 15:52:23,757 INFO: Plan 1: ḡ=19, γE[v]=0.0, Q=19.0 (fn)
2026-09-23 15:52:23,758 INFO: Plan 2: ḡ=13, γE[v]=0.0, Q=13.0 (fn)
2026-09-23 15:52:23,758 INFO: Plan 0: ḡ=0.0, γE[v]=9.2, Q=9.2 (bayes)
2026-09-23 15:52:23,758 INFO: Plan 1: ḡ=9.5, γE[v]=4.4, Q=13.9 (bayes)
2026-09-23 15:52:23,759 INFO: Plan 2: ḡ=6.5, γE[v]=5.9, Q=12.4 (bayes)
2026-09-23 15:52:26,252 INFO: Plan 0: ḡ=1, γE[v]=0.0, Q=1.0 (fn)
2026-09-23 15:52:26,641 INFO: Plan 2: ḡ=29, γE[v]=0.0, Q=29.0 (fn)
2026-09-23 15:52:26,676 INFO: Plan 1: ḡ=12, γE[v]=0.0, Q=12.0 (fn)
2026-09-23 15:52:26,676 INFO: Plan 0: ḡ=0.2, γE[v]=3.5, Q=3.7 (bayes)
2026-09-23 15:52:26,676 INFO: Plan 1: ḡ=2.4, γE[v]=2.4, Q=4.8 (bayes)
2026-09-23 15:52:26,676 INFO: Plan 2: ḡ=4.8, γE[v]=1.2, Q=6.0 (bayes)
2026-09-23 15:52:27,302 INFO: Plan 1: ḡ=0, γE[v]=0.0, Q=0.0 (fn)
2026-09-23 15:52:27,841 INFO: Plan 0: ḡ=0, γE[v]=0.0, Q=0.0 (fn)
2026-09-23 15:52:27,945 INFO: Plan 2: ḡ=0, γE[v]=0.0, Q=0.0 (fn)
2026-09-23 15:52:27,945 INFO: Plan 0: ḡ=0.0, γE[v]=0.0, Q=0.0 (bayes)
2026-09-23 15:52:27,946 INFO: Plan 1: ḡ=0.0, γE[v]=0.0, Q=0.0 (bayes)
2026-09-23 15:52:27,946 INFO: Plan 2: ḡ=0.0, γE[v]=0.0, Q=0.0 (bayes)
2026-09-23 15:52:29,159 INFO: Plan 0: ḡ=0, γE[v]=0.0, Q=0.0 (fn)
2026-09-23 15:52:29,159 INFO: Plan 1: ḡ=0, γE[v]=0.0, Q=0.0 (fn)
2026-09-23 15:52:29,415 INFO: Plan 2: ḡ=0, γE[v]=0.0, Q=0.0 (fn)
2026-09-23 15:52:29,415 INFO: Plan 0: ḡ=0.0, γE[v]=0.0, Q=0.0 (bayes)
2026-09-23 15:52:29,416 INFO: Plan 1: ḡ=0.0, γE[v]=0.0, Q=0.0 (bayes)
2026-09-23 15:52:29,416 INFO: Plan 2: ḡ=0.0, γE[v]=0.0, Q=0.0 (bayes)
2026-09-23 15:52:30,014 INFO: Plan 0: ḡ=59, γE[v]=0.0, Q=59.0 (fn)
2026-09-23 15:52:30,698 INFO: Plan 2: ḡ=0, γE[v]=0.0, Q=0.0 (fn)
2026-09-23 15:52:31,161 INFO: Plan 0: ḡ=5, γE[v]=0.0, Q=5.0 (fn)
2026-09-23 15:52:31,588 INFO: Plan 1: ḡ=27, γE[v]=0.0, Q=27.0 (fn)
2026-09-23 15:52:31,589 INFO: Plan 0: ḡ=1.7, γE[v]=4.5, Q=6.2 (bayes)
2026-09-23 15:52:31,589 INFO: Plan 1: ḡ=9.0, γE[v]=0.8, Q=9.8 (bayes)
2026-09-23 15:52:31,589 INFO: Plan 2: ḡ=0.0, γE[v]=5.3, Q=5.3 (bayes)
2026-09-23 15:52:32,552 INFO: Plan 1: ḡ=42, γE[v]=0.0, Q=42.0 (fn)
2026-09-23 15:52:33,857 INFO: Plan 2: ḡ=58, γE[v]=3.5, Q=61.5 (fn)
2026-09-23 15:52:33,858 INFO: Plan 0: ḡ=14.8, γE[v]=14.3, Q=29.1 (bayes)
2026-09-23 15:52:33,858 INFO: Plan 1: ḡ=21.0, γE[v]=11.2, Q=32.2 (bayes)
2026-09-23 15:52:33,858 INFO: Plan 2: ḡ=25.2, γE[v]=9.3, Q=34.5 (bayes)
2026-09-23 15:52:38,620 INFO: Plan 0: ḡ=29, γE[v]=0.0, Q=29.0 (fn)
2026-09-23 15:52:39,042 INFO: Plan 1: ḡ=11, γE[v]=0.0, Q=11.0 (fn)
2026-09-23 15:52:39,207 INFO: Plan 2: ḡ=19, γE[v]=0.0, Q=19.0 (fn)
2026-09-23 15:52:39,208 INFO: Plan 0: ḡ=7.0, γE[v]=7.5, Q=14.5 (bayes)
2026-09-23 15:52:39,208 INFO: Plan 1: ḡ=5.5, γE[v]=8.2, Q=13.8 (bayes)
2026-09-23 15:52:39,208 INFO: Plan 2: ḡ=9.5, γE[v]=6.2, Q=15.8 (bayes)
2026-09-23 15:52:43,372 INFO: Plan 2: ḡ=10, γE[v]=0.0, Q=10.0 (fn)
2026-09-23 15:52:44,976 INFO: Plan 0: ḡ=17, γE[v]=2.5, Q=19.5 (fn)
2026-09-23 15:52:49,613 INFO: Plan 1: ḡ=14, γE[v]=12.0, Q=26.0 (fn)
2026-09-23 15:52:49,613 INFO: Plan 0: ḡ=5.7, γE[v]=5.0, Q=10.7 (bayes)
2026-09-23 15:52:49,613 INFO: Plan 1: ḡ=6.2, γE[v]=5.3, Q=11.4 (bayes)
2026-09-23 15:52:49,613 INFO: Plan 2: ḡ=5.0, γE[v]=5.2, Q=10.2 (bayes)
2026-09-23 15:52:53,673 INFO: Plan 2: ḡ=0, γE[v]=0.0, Q=0.0 (fn)
2026-09-23 15:52:53,673 INFO: Plan 0: ḡ=0, γE[v]=0.0, Q=0.0 (fn)
2026-09-23 15:52:53,792 INFO: Plan 1: ḡ=0, γE[v]=0.0, Q=0.0 (fn)
2026-09-23 15:52:53,793 INFO: Plan 0: ḡ=0.0, γE[v]=0.0, Q=0.0 (bayes)
2026-09-23 15:52:53,793 INFO: Plan 1: ḡ=0.0, γE[v]=0.0, Q=0.0 (bayes)
2026-09-23 15:52:53,793 INFO: Plan 2: ḡ=0.0, γE[v]=0.0, Q=0.0 (bayes)
2026-09-23 15:52:55,965 INFO: Plan 2: ḡ=4, γE[v]=0.0, Q=4.0 (fn)
2026-09-23 15:52:56,927 INFO: Plan 1: ḡ=37, γE[v]=0.0, Q=37.0 (fn)
2026-09-23 15:52:58,789 INFO: Plan 0: ḡ=198, γE[v]=0.0, Q=198.0 (fn)
2026-09-23 15:52:58,790 INFO: Plan 0: ḡ=33.0, γE[v]=0.9, Q=33.9 (bayes)
2026-09-23 15:52:58,790 INFO: Plan 1: ḡ=6.3, γE[v]=14.2, Q=20.5 (bayes)
2026-09-23 15:52:58,790 INFO: Plan 2: ḡ=1.2, γE[v]=16.7, Q=18.0 (bayes)
2026-09-23 15:52:59,907 INFO: Plan 0: ḡ=44, γE[v]=0.0, Q=44.0 (fn)
2026-09-23 15:53:02,882 INFO: Plan 1: ḡ=115, γE[v]=0.0, Q=115.0 (fn)
2026-09-23 15:53:03,283 INFO: Plan 1: ḡ=11, γE[v]=0.0, Q=11.0 (fn)
2026-09-23 15:53:04,047 INFO: Plan 0: ḡ=23, γE[v]=3.0, Q=26.0 (fn)
2026-09-23 15:53:04,966 INFO: Plan 2: ḡ=90, γE[v]=4.0, Q=94.0 (fn)
2026-09-23 15:53:04,966 INFO: Plan 0: ḡ=7.5, γE[v]=18.8, Q=26.3 (bayes)
2026-09-23 15:53:04,966 INFO: Plan 1: ḡ=4.3, γE[v]=20.2, Q=24.6 (bayes)
2026-09-23 15:53:04,967 INFO: Plan 2: ḡ=30.0, γE[v]=7.6, Q=37.6 (bayes)
2026-09-23 15:53:09,449 INFO: Plan 2: ḡ=114, γE[v]=58.0, Q=172.0 (fn)
2026-09-23 15:53:09,450 INFO: Plan 0: ḡ=12.5, γE[v]=21.3, Q=33.8 (bayes)
2026-09-23 15:53:09,450 INFO: Plan 1: ḡ=25.9, γE[v]=14.7, Q=40.5 (bayes)
2026-09-23 15:53:09,450 INFO: Plan 2: ḡ=26.3, γE[v]=18.5, Q=44.8 (bayes)
2026-09-23 15:53:10,521 INFO: Plan 2: ḡ=10, γE[v]=0.0, Q=10.0 (fn)
2026-09-23 15:53:11,476 INFO: Plan 0: ḡ=56, γE[v]=0.0, Q=56.0 (fn)
2026-09-23 15:53:13,166 INFO: Plan 1: ḡ=65, γE[v]=0.0, Q=65.0 (fn)
2026-09-23 15:53:13,167 INFO: Plan 0: ḡ=26.8, γE[v]=75.6, Q=102.5 (bayes)
2026-09-23 15:53:13,167 INFO: Plan 1: ḡ=32.5, γE[v]=72.8, Q=105.3 (bayes)
2026-09-23 15:53:13,167 INFO: Plan 2: ḡ=5.0, γE[v]=86.5, Q=91.5 (bayes)
2026-09-23 15:53:18,130 INFO: Plan 1: ḡ=12, γE[v]=0.0, Q=12.0 (fn)
2026-09-23 15:53:18,273 INFO: Plan 0: ḡ=12, γE[v]=0.0, Q=12.0 (fn)
2026-09-23 15:53:18,313 INFO: Plan 2: ḡ=0, γE[v]=0.0, Q=0.0 (fn)
2026-09-23 15:53:18,314 INFO: Plan 0: ḡ=3.0, γE[v]=1.5, Q=4.5 (bayes)
2026-09-23 15:53:18,314 INFO: Plan 1: ḡ=3.0, γE[v]=1.5, Q=4.5 (bayes)
2026-09-23 15:53:18,314 INFO: Plan 2: ḡ=0.0, γE[v]=3.0, Q=3.0 (bayes)
2026-09-23 15:53:19,224 INFO: Plan 0: ḡ=22, γE[v]=0.0, Q=22.0 (fn)
2026-09-23 15:53:20,005 INFO: Plan 2: ḡ=45, γE[v]=0.0, Q=45.0 (fn)
2026-09-23 15:53:22,339 INFO: Plan 1: ḡ=66, γE[v]=0.0, Q=66.0 (fn)
2026-09-23 15:53:22,340 INFO: Plan 0: ḡ=5.5, γE[v]=5.0, Q=10.5 (bayes)
2026-09-23 15:53:22,340 INFO: Plan 1: ḡ=13.6, γE[v]=1.0, Q=14.6 (bayes)
2026-09-23 15:53:22,340 INFO: Plan 2: ḡ=7.5, γE[v]=4.0, Q=11.5 (bayes)
2026-09-23 15:53:22,965 INFO: Plan 0: ḡ=0, γE[v]=0.0, Q=0.0 (fn)
2026-09-23 15:53:23,003 INFO: Plan 2: ḡ=0, γE[v]=0.0, Q=0.0 (fn)
2026-09-23 15:53:24,365 INFO: Plan 1: ḡ=0, γE[v]=0.0, Q=0.0 (fn)
2026-09-23 15:53:24,366 INFO: Plan 0: ḡ=0.0, γE[v]=0.0, Q=0.0 (bayes)
2026-09-23 15:53:24,366 INFO: Plan 1: ḡ=0.0, γE[v]=0.0, Q=0.0 (bayes)
2026-09-23 15:53:24,366 INFO: Plan 2: ḡ=0.0, γE[v]=0.0, Q=0.0 (bayes)
2026-09-23 15:53:27,352 INFO: Plan 2: ḡ=65, γE[v]=0.0, Q=65.0 (fn)
2026-09-23 15:53:27,645 INFO: Plan 0: ḡ=56, γE[v]=0.0, Q=56.0 (fn)
2026-09-23 15:53:28,804 INFO: Plan 1: ḡ=44, γE[v]=8.0, Q=52.0 (fn)
2026-09-23 15:53:28,805 INFO: Plan 0: ḡ=26.7, γE[v]=25.7, Q=52.3 (bayes)
2026-09-23 15:53:28,805 INFO: Plan 1: ḡ=22.0, γE[v]=28.4, Q=50.4 (bayes)
2026-09-23 15:53:28,805 INFO: Plan 2: ḡ=29.3, γE[v]=24.3, Q=53.7 (bayes)
2026-09-23 15:53:30,092 INFO: Plan 2: ḡ=35, γE[v]=8.5, Q=43.5 (fn)
2026-09-23 15:53:32,182 INFO: Plan 1: ḡ=21, γE[v]=5.0, Q=26.0 (fn)
2026-09-23 15:53:33,051 INFO: Plan 1: ḡ=0, γE[v]=0.0, Q=0.0 (fn)
2026-09-23 15:53:33,091 INFO: Plan 2: ḡ=0, γE[v]=0.0, Q=0.0 (fn)
2026-09-23 15:53:33,303 INFO: Plan 0: ḡ=1, γE[v]=0.0, Q=1.0 (fn)
2026-09-23 15:53:33,303 INFO: Plan 0: ḡ=0.2, γE[v]=0.0, Q=0.2 (bayes)
2026-09-23 15:53:33,303 INFO: Plan 1: ḡ=0.0, γE[v]=0.1, Q=0.1 (bayes)
2026-09-23 15:53:33,304 INFO: Plan 2: ḡ=0.0, γE[v]=0.1, Q=0.1 (bayes)
2026-09-23 15:53:34,538 INFO: Plan 0: ḡ=0, γE[v]=0.0, Q=0.0 (fn)
2026-09-23 15:53:34,540 INFO: Plan 2: ḡ=0, γE[v]=0.0, Q=0.0 (fn)
2026-09-23 15:53:34,541 INFO: Plan 1: ḡ=0, γE[v]=0.0, Q=0.0 (fn)
2026-09-23 15:53:34,541 INFO: Plan 0: ḡ=0, γE[v]=0.0, Q=0.0 (fn)
2026-09-23 15:53:34,542 INFO: Plan 0: ḡ=0.0, γE[v]=0.0, Q=0.0 (bayes)
2026-09-23 15:53:34,542 INFO: Plan 1: ḡ=0.0, γE[v]=0.0, Q=0.0 (bayes)
2026-09-23 15:53:34,542 INFO: Plan 2: ḡ=0.0, γE[v]=0.0, Q=0.0 (bayes)
2026-09-23 15:53:34,575 INFO: Plan 1: ḡ=0, γE[v]=0.0, Q=0.0 (fn)
2026-09-23 15:53:35,922 INFO: Plan 0: ḡ=32, γE[v]=27.5, Q=59.5 (fn)
2026-09-23 15:53:35,923 INFO: Plan 0: ḡ=6.2, γE[v]=7.4, Q=13.6 (bayes)
2026-09-23 15:53:35,923 INFO: Plan 1: ḡ=5.2, γE[v]=6.2, Q=11.5 (bayes)
2026-09-23 15:53:35,923 INFO: Plan 2: ḡ=5.8, γE[v]=6.2, Q=12.1 (bayes)
2026-09-23 15:53:36,484 INFO: Plan 1: ḡ=13, γE[v]=0.0, Q=13.0 (fn)
2026-09-23 15:53:36,912 INFO: Plan 2: ḡ=4, γE[v]=0.0, Q=4.0 (fn)
2026-09-23 15:53:37,535 INFO: Plan 2: ḡ=10, γE[v]=0.0, Q=10.0 (fn)
2026-09-23 15:53:37,574 INFO: Plan 2: ḡ=0, γE[v]=0.0, Q=0.0 (fn)
2026-09-23 15:53:37,575 INFO: Plan 0: ḡ=0.0, γE[v]=0.0, Q=0.0 (bayes)
2026-09-23 15:53:37,575 INFO: Plan 1: ḡ=0.0, γE[v]=0.0, Q=0.0 (bayes)
2026-09-23 15:53:37,575 INFO: Plan 2: ḡ=0.0, γE[v]=0.0, Q=0.0 (bayes)
2026-09-23 15:53:37,721 INFO: Plan 0: ḡ=8, γE[v]=0.0, Q=8.0 (fn)
2026-09-23 15:53:37,722 INFO: Plan 1: ḡ=2, γE[v]=0.0, Q=2.0 (fn)
2026-09-23 15:53:38,261 INFO: Plan 0: ḡ=1, γE[v]=0.5, Q=1.5 (fn)
2026-09-23 15:53:38,262 INFO: Plan 0: ḡ=0.2, γE[v]=0.7, Q=0.9 (bayes)
2026-09-23 15:53:38,262 INFO: Plan 1: ḡ=0.5, γE[v]=0.5, Q=1.0 (bayes)
2026-09-23 15:53:38,264 INFO: Plan 2: ḡ=1.0, γE[v]=0.2, Q=1.2 (bayes)
2026-09-23 15:53:38,300 INFO: Plan 1: ḡ=43, γE[v]=0.0, Q=43.0 (fn)
2026-09-23 15:53:38,674 INFO: Plan 1: ḡ=6, γE[v]=2.5, Q=8.5 (fn)
2026-09-23 15:53:39,125 INFO: Plan 2: ḡ=6, γE[v]=0.0, Q=6.0 (fn)
2026-09-23 15:53:40,317 INFO: Plan 0: ḡ=1, γE[v]=0.0, Q=1.0 (fn)
2026-09-23 15:53:40,359 INFO: Plan 2: ḡ=60, γE[v]=2.5, Q=62.5 (fn)
2026-09-23 15:53:40,360 INFO: Plan 0: ḡ=2.7, γE[v]=14.8, Q=17.4 (bayes)
2026-09-23 15:53:40,360 INFO: Plan 1: ḡ=5.6, γE[v]=13.3, Q=18.9 (bayes)
2026-09-23 15:53:40,360 INFO: Plan 2: ḡ=22.0, γE[v]=5.3, Q=27.3 (bayes)
2026-09-23 15:53:41,233 INFO: Plan 2: ḡ=4, γE[v]=0.0, Q=4.0 (fn)
2026-09-23 15:53:41,477 INFO: Plan 0: ḡ=9, γE[v]=1.0, Q=10.0 (fn)
2026-09-23 15:53:41,477 INFO: Plan 0: ḡ=3.5, γE[v]=55.1, Q=58.5 (bayes)
2026-09-23 15:53:41,477 INFO: Plan 1: ḡ=21.5, γE[v]=46.0, Q=67.5 (bayes)
2026-09-23 15:53:41,477 INFO: Plan 2: ḡ=2.7, γE[v]=55.4, Q=58.1 (bayes)
2026-09-23 15:53:41,682 INFO: Plan 1: ḡ=5, γE[v]=1.5, Q=6.5 (fn)
2026-09-23 15:53:41,682 INFO: Plan 0: ḡ=0.2, γE[v]=0.7, Q=0.9 (bayes)
2026-09-23 15:53:41,682 INFO: Plan 1: ḡ=1.0, γE[v]=0.4, Q=1.4 (bayes)
2026-09-23 15:53:41,682 INFO: Plan 2: ḡ=0.8, γE[v]=0.4, Q=1.2 (bayes)
2026-09-23 15:53:42,494 INFO: Plan 0: ḡ=4, γE[v]=0.0, Q=4.0 (fn)
2026-09-23 15:53:42,658 INFO: Plan 2: ḡ=27, γE[v]=0.0, Q=27.0 (fn)
2026-09-23 15:53:42,815 INFO: Plan 0: ḡ=20, γE[v]=5.0, Q=25.0 (fn)
2026-09-23 15:53:42,815 INFO: Plan 0: ḡ=4.0, γE[v]=1.6, Q=5.6 (bayes)
2026-09-23 15:53:42,816 INFO: Plan 1: ḡ=1.4, γE[v]=2.7, Q=4.1 (bayes)
2026-09-23 15:53:42,816 INFO: Plan 2: ḡ=2.5, γE[v]=2.0, Q=4.5 (bayes)
2026-09-23 15:53:43,044 INFO: Plan 2: ḡ=10, γE[v]=0.0, Q=10.0 (fn)
2026-09-23 15:53:45,486 INFO: Plan 1: ḡ=0, γE[v]=0.0, Q=0.0 (fn)
2026-09-23 15:53:45,487 INFO: Plan 0: ḡ=0, γE[v]=0.0, Q=0.0 (fn)
2026-09-23 15:53:45,488 INFO: Plan 2: ḡ=0, γE[v]=0.0, Q=0.0 (fn)
2026-09-23 15:53:45,488 INFO: Plan 0: ḡ=0.0, γE[v]=0.0, Q=0.0 (bayes)
2026-09-23 15:53:45,488 INFO: Plan 1: ḡ=0.0, γE[v]=0.0, Q=0.0 (bayes)
2026-09-23 15:53:45,488 INFO: Plan 2: ḡ=0.0, γE[v]=0.0, Q=0.0 (bayes)
2026-09-23 15:53:45,844 INFO: Plan 0: ḡ=20, γE[v]=0.0, Q=20.0 (fn)
2026-09-23 15:53:45,846 INFO: Plan 2: ḡ=23, γE[v]=0.0, Q=23.0 (fn)
2026-09-23 15:53:45,888 INFO: Plan 2: ḡ=82, γE[v]=0.0, Q=82.0 (fn)
2026-09-23 15:53:45,889 INFO: Plan 0: ḡ=22, γE[v]=0.0, Q=22.0 (fn)
2026-09-23 15:53:46,504 INFO: Plan 1: ḡ=47, γE[v]=0.0, Q=47.0 (fn)
2026-09-23 15:53:46,505 INFO: Plan 0: ḡ=7.3, γE[v]=13.6, Q=20.9 (bayes)
2026-09-23 15:53:46,505 INFO: Plan 1: ḡ=10.8, γE[v]=11.9, Q=22.6 (bayes)
2026-09-23 15:53:46,506 INFO: Plan 2: ḡ=16.4, γE[v]=9.1, Q=25.4 (bayes)
2026-09-23 15:53:47,372 INFO: Plan 0: ḡ=2, γE[v]=0.0, Q=2.0 (fn)
2026-09-23 15:53:47,372 INFO: Plan 2: ḡ=2, γE[v]=0.0, Q=2.0 (fn)
2026-09-23 15:53:47,591 INFO: Plan 1: ḡ=1, γE[v]=0.0, Q=1.0 (fn)
2026-09-23 15:53:47,592 INFO: Plan 0: ḡ=0.4, γE[v]=0.1, Q=0.5 (bayes)
2026-09-23 15:53:47,593 INFO: Plan 1: ḡ=0.2, γE[v]=0.2, Q=0.5 (bayes)
2026-09-23 15:53:47,597 INFO: Plan 2: ḡ=0.4, γE[v]=0.1, Q=0.5 (bayes)
2026-09-23 15:53:49,035 INFO: Plan 0: ḡ=1, γE[v]=0.0, Q=1.0 (fn)
2026-09-23 15:53:49,179 INFO: Plan 1: ḡ=4, γE[v]=0.0, Q=4.0 (fn)
2026-09-23 15:53:49,832 INFO: Plan 1: ḡ=24, γE[v]=22.0, Q=46.0 (fn)
2026-09-23 15:53:49,832 INFO: Plan 0: ḡ=2.0, γE[v]=14.1, Q=16.1 (bayes)
2026-09-23 15:53:49,832 INFO: Plan 1: ḡ=12.0, γE[v]=10.2, Q=22.2 (bayes)
2026-09-23 15:53:49,832 INFO: Plan 2: ḡ=5.0, γE[v]=12.6, Q=17.6 (bayes)
2026-09-23 15:53:50,174 INFO: Plan 0: ḡ=0, γE[v]=0.0, Q=0.0 (fn)
2026-09-23 15:53:50,174 INFO: Plan 2: ḡ=5, γE[v]=0.0, Q=5.0 (fn)
2026-09-23 15:53:50,175 INFO: Plan 0: ḡ=0.2, γE[v]=0.4, Q=0.6 (bayes)
2026-09-23 15:53:50,175 INFO: Plan 1: ḡ=0.8, γE[v]=0.1, Q=0.9 (bayes)
2026-09-23 15:53:50,175 INFO: Plan 2: ḡ=1.0, γE[v]=0.0, Q=1.0 (bayes)
2026-09-23 15:53:50,383 INFO: Plan 2: ḡ=0, γE[v]=0.0, Q=0.0 (fn)
2026-09-23 15:53:50,710 INFO: Plan 0: ḡ=13, γE[v]=10.0, Q=23.0 (fn)
2026-09-23 15:53:51,305 INFO: Plan 1: ḡ=71, γE[v]=19.0, Q=90.0 (fn)
2026-09-23 15:53:51,306 INFO: Plan 0: ḡ=3.3, γE[v]=7.4, Q=10.8 (bayes)
2026-09-23 15:53:51,306 INFO: Plan 1: ḡ=11.8, γE[v]=4.6, Q=16.4 (bayes)
2026-09-23 15:53:51,306 INFO: Plan 2: ḡ=3.8, γE[v]=7.2, Q=11.0 (bayes)
2026-09-23 15:53:51,803 INFO: Plan 1: ḡ=24, γE[v]=7.0, Q=31.0 (fn)
2026-09-23 15:53:51,804 INFO: Plan 0: ḡ=5.2, γE[v]=31.7, Q=36.8 (bayes)
2026-09-23 15:53:51,804 INFO: Plan 1: ḡ=10.7, γE[v]=28.8, Q=39.5 (bayes)
2026-09-23 15:53:51,804 INFO: Plan 2: ḡ=11.9, γE[v]=27.8, Q=39.8 (bayes)
2026-09-23 15:53:52,463 INFO: Plan 1: ḡ=0, γE[v]=0.0, Q=0.0 (fn)
2026-09-23 15:53:52,464 INFO: Plan 0: ḡ=0.0, γE[v]=0.0, Q=0.0 (bayes)
2026-09-23 15:53:52,464 INFO: Plan 1: ḡ=0.0, γE[v]=0.0, Q=0.0 (bayes)
2026-09-23 15:53:52,464 INFO: Plan 2: ḡ=0.0, γE[v]=0.0, Q=0.0 (bayes)
2026-09-23 15:53:53,786 INFO: Plan 2: ḡ=106, γE[v]=0.0, Q=106.0 (fn)
2026-09-23 15:53:55,204 INFO: Plan 2: ḡ=225, γE[v]=23.0, Q=248.0 (fn)
2026-09-23 15:53:55,354 INFO: Plan 0: ḡ=34, γE[v]=0.0, Q=34.0 (fn)
2026-09-23 15:53:55,942 INFO: Plan 1: ḡ=204, γE[v]=33.5, Q=237.5 (fn)
2026-09-23 15:53:57,473 INFO: Plan 0: ḡ=91, γE[v]=90.0, Q=181.0 (fn)
2026-09-23 15:53:57,473 INFO: Plan 0: ḡ=15.2, γE[v]=21.7, Q=36.9 (bayes)
2026-09-23 15:53:57,474 INFO: Plan 1: ḡ=34.0, γE[v]=8.1, Q=42.1 (bayes)
2026-09-23 15:53:57,474 INFO: Plan 2: ḡ=37.5, γE[v]=5.6, Q=43.1 (bayes)
2026-09-23 15:53:58,473 INFO: Plan 0: ḡ=42, γE[v]=37.0, Q=79.0 (fn)
2026-09-23 15:54:00,145 INFO: Plan 1: ḡ=36, γE[v]=21.0, Q=57.0 (fn)
2026-09-23 15:54:00,145 INFO: Plan 0: ḡ=21.0, γE[v]=70.5, Q=91.5 (bayes)
2026-09-23 15:54:00,146 INFO: Plan 1: ḡ=18.0, γE[v]=71.3, Q=89.3 (bayes)
2026-09-23 15:54:00,146 INFO: Plan 2: ḡ=20.3, γE[v]=69.2, Q=89.5 (bayes)
2026-09-23 15:54:00,873 INFO: Plan 1: ḡ=31, γE[v]=17.5, Q=48.5 (fn)
2026-09-23 15:54:01,202 INFO: Plan 1: ḡ=2, γE[v]=0.0, Q=2.0 (fn)
2026-09-23 15:54:02,214 INFO: Plan 0: ḡ=12, γE[v]=2.5, Q=14.5 (fn)
2026-09-23 15:54:02,661 INFO: Plan 2: ḡ=2, γE[v]=6.0, Q=8.0 (fn)
2026-09-23 15:54:02,823 INFO: Plan 1: ḡ=50, γE[v]=0.0, Q=50.0 (fn)
2026-09-23 15:54:03,166 INFO: Plan 0: ḡ=12, γE[v]=2.0, Q=14.0 (fn)
2026-09-23 15:54:03,166 INFO: Plan 0: ḡ=2.0, γE[v]=0.5, Q=2.5 (bayes)
2026-09-23 15:54:03,166 INFO: Plan 1: ḡ=0.4, γE[v]=1.2, Q=1.6 (bayes)
2026-09-23 15:54:03,166 INFO: Plan 2: ḡ=0.4, γE[v]=1.6, Q=2.0 (bayes)
2026-09-23 15:54:03,606 INFO: Plan 2: ḡ=10, γE[v]=0.0, Q=10.0 (fn)
2026-09-23 15:54:03,823 INFO: Plan 1: ḡ=10, γE[v]=0.0, Q=10.0 (fn)
2026-09-23 15:54:03,942 INFO: Plan 0: ḡ=16, γE[v]=0.0, Q=16.0 (fn)
2026-09-23 15:54:03,943 INFO: Plan 0: ḡ=8.0, γE[v]=2.0, Q=10.0 (bayes)
2026-09-23 15:54:03,943 INFO: Plan 1: ḡ=2.5, γE[v]=4.7, Q=7.2 (bayes)
2026-09-23 15:54:03,943 INFO: Plan 2: ḡ=1.5, γE[v]=5.2, Q=6.7 (bayes)
2026-09-23 15:54:04,282 INFO: Plan 2: ḡ=342, γE[v]=0.0, Q=342.0 (fn)
2026-09-23 15:54:04,282 INFO: Plan 0: ḡ=7.0, γE[v]=25.8, Q=32.8 (bayes)
2026-09-23 15:54:04,282 INFO: Plan 1: ḡ=5.2, γE[v]=28.0, Q=33.2 (bayes)
2026-09-23 15:54:04,283 INFO: Plan 2: ḡ=58.5, γE[v]=0.0, Q=58.5 (bayes)
2026-09-23 15:54:05,358 INFO: Plan 2: ḡ=85, γE[v]=0.0, Q=85.0 (fn)
2026-09-23 15:54:05,358 INFO: Plan 0: ḡ=6.0, γE[v]=95.6, Q=101.6 (bayes)
2026-09-23 15:54:05,359 INFO: Plan 1: ḡ=23.3, γE[v]=86.8, Q=110.2 (bayes)
2026-09-23 15:54:05,359 INFO: Plan 2: ḡ=36.8, γE[v]=80.1, Q=116.9 (bayes)
2026-09-23 15:54:08,779 INFO: Plan 0: ḡ=44, γE[v]=0.0, Q=44.0 (fn)
2026-09-23 15:54:08,981 INFO: Plan 1: ḡ=60, γE[v]=0.0, Q=60.0 (fn)
2026-09-23 15:54:09,951 INFO: Plan 2: ḡ=49, γE[v]=3.5, Q=52.5 (fn)
2026-09-23 15:54:09,951 INFO: Plan 0: ḡ=12.8, γE[v]=30.7, Q=43.5 (bayes)
2026-09-23 15:54:09,951 INFO: Plan 1: ḡ=24.7, γE[v]=24.8, Q=49.4 (bayes)
2026-09-23 15:54:09,951 INFO: Plan 2: ḡ=24.0, γE[v]=25.2, Q=49.2 (bayes)
2026-09-23 15:54:12,491 INFO: Plan 0: ḡ=36, γE[v]=0.0, Q=36.0 (fn)
2026-09-23 15:54:13,414 INFO: Plan 2: ḡ=6, γE[v]=0.0, Q=6.0 (fn)
2026-09-23 15:54:14,891 INFO: Plan 1: ḡ=10, γE[v]=2.0, Q=12.0 (fn)
2026-09-23 15:54:14,891 INFO: Plan 0: ḡ=9.3, γE[v]=3.1, Q=12.4 (bayes)
2026-09-23 15:54:14,891 INFO: Plan 1: ḡ=4.4, γE[v]=5.6, Q=10.1 (bayes)
2026-09-23 15:54:14,891 INFO: Plan 2: ḡ=3.0, γE[v]=6.2, Q=9.2 (bayes)
2026-09-23 15:54:15,226 INFO: Plan 0: ḡ=2, γE[v]=0.0, Q=2.0 (fn)
2026-09-23 15:54:16,148 INFO: Plan 1: ḡ=4, γE[v]=0.0, Q=4.0 (fn)
2026-09-23 15:54:17,231 INFO: Plan 2: ḡ=6, γE[v]=0.0, Q=6.0 (fn)
2026-09-23 15:54:17,231 INFO: Plan 0: ḡ=0.4, γE[v]=0.4, Q=0.8 (bayes)
2026-09-23 15:54:17,231 INFO: Plan 1: ḡ=0.7, γE[v]=0.2, Q=0.9 (bayes)
2026-09-23 15:54:17,231 INFO: Plan 2: ḡ=1.1, γE[v]=0.0, Q=1.1 (bayes)
2026-09-23 15:54:35,072 INFO: Plan 0: ḡ=4, γE[v]=0.0, Q=4.0 (fn)
2026-09-23 15:54:35,486 INFO: Plan 2: ḡ=0, γE[v]=0.0, Q=0.0 (fn)
2026-09-23 15:54:35,486 INFO: Plan 1: ḡ=0, γE[v]=0.0, Q=0.0 (fn)
2026-09-23 15:54:35,487 INFO: Plan 0: ḡ=1.3, γE[v]=0.0, Q=1.3 (bayes)
2026-09-23 15:54:35,487 INFO: Plan 1: ḡ=0.0, γE[v]=0.7, Q=0.7 (bayes)
2026-09-23 15:54:35,487 INFO: Plan 2: ḡ=0.0, γE[v]=0.7, Q=0.7 (bayes)
2026-09-23 15:54:39,403 INFO: Plan 0: ḡ=18, γE[v]=0.0, Q=18.0 (fn)
2026-09-23 15:54:40,116 INFO: Plan 1: ḡ=72, γE[v]=0.0, Q=72.0 (fn)
2026-09-23 15:54:42,128 INFO: Plan 2: ḡ=41, γE[v]=0.0, Q=41.0 (fn)
2026-09-23 15:54:42,129 INFO: Plan 0: ḡ=7.3, γE[v]=89.4, Q=96.7 (bayes)
2026-09-23 15:54:42,129 INFO: Plan 1: ḡ=19.6, γE[v]=83.2, Q=102.8 (bayes)
2026-09-23 15:54:42,130 INFO: Plan 2: ḡ=16.5, γE[v]=84.8, Q=101.3 (bayes)
2026-09-23 15:54:42,563 INFO: Plan 0: ḡ=11, γE[v]=0.0, Q=11.0 (fn)
2026-09-23 15:54:42,956 INFO: Plan 1: ḡ=30, γE[v]=0.0, Q=30.0 (fn)
2026-09-23 15:54:45,217 INFO: Plan 2: ḡ=25, γE[v]=8.5, Q=33.5 (fn)
2026-09-23 15:54:45,218 INFO: Plan 0: ḡ=5.2, γE[v]=36.3, Q=41.5 (bayes)
2026-09-23 15:54:45,218 INFO: Plan 1: ḡ=10.0, γE[v]=33.9, Q=43.9 (bayes)
2026-09-23 15:54:45,218 INFO: Plan 2: ḡ=10.5, γE[v]=34.2, Q=44.7 (bayes)
2026-09-23 15:54:46,135 INFO: Plan 0: ḡ=17, γE[v]=2.5, Q=19.5 (fn)
2026-09-23 15:54:46,391 INFO: Plan 0: ḡ=0, γE[v]=0.0, Q=0.0 (fn)
2026-09-23 15:54:46,513 INFO: Plan 2: ḡ=43, γE[v]=0.0, Q=43.0 (fn)
2026-09-23 15:54:46,554 INFO: Plan 1: ḡ=0, γE[v]=0.0, Q=0.0 (fn)
2026-09-23 15:54:47,205 INFO: Plan 1: ḡ=46, γE[v]=0.0, Q=46.0 (fn)
2026-09-23 15:54:47,205 INFO: Plan 0: ḡ=8.5, γE[v]=31.4, Q=39.9 (bayes)
2026-09-23 15:54:47,206 INFO: Plan 1: ḡ=20.8, γE[v]=25.1, Q=46.0 (bayes)
2026-09-23 15:54:47,206 INFO: Plan 2: ḡ=18.8, γE[v]=26.2, Q=44.9 (bayes)
2026-09-23 15:54:47,601 INFO: Plan 2: ḡ=0, γE[v]=0.0, Q=0.0 (fn)
2026-09-23 15:54:47,602 INFO: Plan 0: ḡ=0.0, γE[v]=0.0, Q=0.0 (bayes)
2026-09-23 15:54:47,602 INFO: Plan 1: ḡ=0.0, γE[v]=0.0, Q=0.0 (bayes)
2026-09-23 15:54:47,602 INFO: Plan 2: ḡ=0.0, γE[v]=0.0, Q=0.0 (bayes)
2026-09-23 15:54:47,872 INFO: Plan 1: ḡ=9, γE[v]=0.0, Q=9.0 (fn)
2026-09-23 15:54:47,873 INFO: Plan 0: ḡ=20, γE[v]=0.0, Q=20.0 (fn)
2026-09-23 15:54:47,909 INFO: Plan 0: ḡ=1, γE[v]=0.0, Q=1.0 (fn)
2026-09-23 15:54:47,909 INFO: Plan 1: ḡ=11, γE[v]=0.0, Q=11.0 (fn)
2026-09-23 15:54:48,276 INFO: Plan 2: ḡ=3, γE[v]=0.0, Q=3.0 (fn)
2026-09-23 15:54:48,277 INFO: Plan 0: ḡ=4.0, γE[v]=2.2, Q=6.2 (bayes)
2026-09-23 15:54:48,277 INFO: Plan 1: ḡ=3.0, γE[v]=2.8, Q=5.8 (bayes)
2026-09-23 15:54:48,277 INFO: Plan 2: ḡ=1.5, γE[v]=3.5, Q=5.0 (bayes)
2026-09-23 15:54:48,602 INFO: Plan 2: ḡ=40, γE[v]=0.0, Q=40.0 (fn)
2026-09-23 15:54:48,603 INFO: Plan 0: ḡ=14, γE[v]=0.0, Q=14.0 (fn)
2026-09-23 15:54:48,604 INFO: Plan 0: ḡ=0.2, γE[v]=3.2, Q=3.4 (bayes)
2026-09-23 15:54:48,604 INFO: Plan 1: ḡ=2.2, γE[v]=2.2, Q=4.4 (bayes)
2026-09-23 15:54:48,604 INFO: Plan 2: ḡ=6.3, γE[v]=0.1, Q=6.4 (bayes)
2026-09-23 15:54:49,126 INFO: Plan 0: ḡ=4, γE[v]=0.0, Q=4.0 (fn)
2026-09-23 15:54:49,413 INFO: Plan 2: ḡ=11, γE[v]=0.0, Q=11.0 (fn)
2026-09-23 15:54:49,414 INFO: Plan 1: ḡ=1, γE[v]=0.0, Q=1.0 (fn)
2026-09-23 15:54:49,415 INFO: Plan 0: ḡ=1.3, γE[v]=1.5, Q=2.9 (bayes)
2026-09-23 15:54:49,415 INFO: Plan 1: ḡ=0.3, γE[v]=2.0, Q=2.4 (bayes)
2026-09-23 15:54:49,416 INFO: Plan 2: ḡ=2.8, γE[v]=0.8, Q=3.6 (bayes)
2026-09-23 15:54:50,040 INFO: Plan 1: ḡ=46, γE[v]=1.5, Q=47.5 (fn)
2026-09-23 15:54:50,082 INFO: Plan 2: ḡ=5, γE[v]=0.0, Q=5.0 (fn)
2026-09-23 15:54:50,082 INFO: Plan 0: ḡ=3.5, γE[v]=6.4, Q=9.9 (bayes)
2026-09-23 15:54:50,083 INFO: Plan 1: ḡ=11.6, γE[v]=2.5, Q=14.1 (bayes)
2026-09-23 15:54:50,083 INFO: Plan 2: ḡ=1.6, γE[v]=7.4, Q=9.0 (bayes)
2026-09-23 15:54:50,627 INFO: Plan 1: ḡ=13, γE[v]=0.0, Q=13.0 (fn)
2026-09-23 15:54:50,892 INFO: Plan 2: ḡ=3, γE[v]=0.0, Q=3.0 (fn)
2026-09-23 15:54:51,363 INFO: Plan 2: ḡ=1, γE[v]=0.0, Q=1.0 (fn)
2026-09-23 15:54:51,403 INFO: Plan 1: ḡ=13, γE[v]=0.0, Q=13.0 (fn)
2026-09-23 15:54:51,404 INFO: Plan 0: ḡ=12, γE[v]=0.0, Q=12.0 (fn)
2026-09-23 15:54:51,404 INFO: Plan 0: ḡ=2.9, γE[v]=1.6, Q=4.5 (bayes)
2026-09-23 15:54:51,404 INFO: Plan 1: ḡ=3.0, γE[v]=1.5, Q=4.6 (bayes)
2026-09-23 15:54:51,404 INFO: Plan 2: ḡ=1.0, γE[v]=2.6, Q=3.6 (bayes)
2026-09-23 15:54:51,855 INFO: Plan 0: ḡ=5, γE[v]=0.0, Q=5.0 (fn)
2026-09-23 15:54:51,856 INFO: Plan 0: ḡ=2.3, γE[v]=3.2, Q=5.6 (bayes)
2026-09-23 15:54:51,856 INFO: Plan 1: ḡ=6.5, γE[v]=1.2, Q=7.7 (bayes)
2026-09-23 15:54:51,856 INFO: Plan 2: ḡ=0.3, γE[v]=4.2, Q=4.6 (bayes)
2026-09-23 15:54:52,746 INFO: Plan 0: ḡ=0, γE[v]=0.0, Q=0.0 (fn)
2026-09-23 15:54:52,787 INFO: Plan 2: ḡ=0, γE[v]=0.0, Q=0.0 (fn)
2026-09-23 15:54:52,788 INFO: Plan 1: ḡ=0, γE[v]=0.0, Q=0.0 (fn)
2026-09-23 15:54:52,788 INFO: Plan 0: ḡ=0.0, γE[v]=0.0, Q=0.0 (bayes)
2026-09-23 15:54:52,788 INFO: Plan 1: ḡ=0.0, γE[v]=0.0, Q=0.0 (bayes)
2026-09-23 15:54:52,788 INFO: Plan 2: ḡ=0.0, γE[v]=0.0, Q=0.0 (bayes)
2026-09-23 15:55:02,537 INFO: Plan 2: ḡ=0, γE[v]=0.0, Q=0.0 (fn)
2026-09-23 15:55:03,377 INFO: Plan 1: ḡ=12, γE[v]=0.0, Q=12.0 (fn)
2026-09-23 15:55:03,777 INFO: Plan 0: ḡ=12, γE[v]=0.0, Q=12.0 (fn)
2026-09-23 15:55:03,777 INFO: Plan 0: ḡ=2.4, γE[v]=1.5, Q=3.9 (bayes)
2026-09-23 15:55:03,777 INFO: Plan 1: ḡ=3.0, γE[v]=1.2, Q=4.2 (bayes)
2026-09-23 15:55:03,777 INFO: Plan 2: ḡ=0.0, γE[v]=2.7, Q=2.7 (bayes)
2026-09-23 15:55:03,923 INFO: Plan 2: ḡ=4, γE[v]=0.0, Q=4.0 (fn)
2026-09-23 15:55:04,444 INFO: Plan 0: ḡ=0, γE[v]=0.0, Q=0.0 (fn)
2026-09-23 15:55:04,445 INFO: Plan 1: ḡ=0, γE[v]=0.0, Q=0.0 (fn)
2026-09-23 15:55:05,157 INFO: Plan 2: ḡ=0, γE[v]=0.0, Q=0.0 (fn)
2026-09-23 15:55:05,161 INFO: Plan 0: ḡ=0.0, γE[v]=0.0, Q=0.0 (bayes)
2026-09-23 15:55:05,162 INFO: Plan 1: ḡ=0.0, γE[v]=0.0, Q=0.0 (bayes)
2026-09-23 15:55:05,162 INFO: Plan 2: ḡ=0.0, γE[v]=0.0, Q=0.0 (bayes)
2026-09-23 15:55:05,197 INFO: Plan 0: ḡ=163, γE[v]=0.0, Q=163.0 (fn)
2026-09-23 15:55:05,743 INFO: Plan 2: ḡ=8, γE[v]=0.0, Q=8.0 (fn)
2026-09-23 15:55:06,141 INFO: Plan 1: ḡ=12, γE[v]=0.0, Q=12.0 (fn)
2026-09-23 15:55:06,875 INFO: Plan 0: ḡ=19, γE[v]=0.0, Q=19.0 (fn)
2026-09-23 15:55:06,876 INFO: Plan 0: ḡ=5.5, γE[v]=4.2, Q=9.8 (bayes)
2026-09-23 15:55:06,876 INFO: Plan 1: ḡ=5.8, γE[v]=4.1, Q=9.9 (bayes)
2026-09-23 15:55:06,876 INFO: Plan 2: ḡ=2.3, γE[v]=5.8, Q=8.2 (bayes)
2026-09-23 15:55:08,765 INFO: Plan 1: ḡ=200, γE[v]=2.0, Q=202.0 (fn)
2026-09-23 15:55:08,766 INFO: Plan 0: ḡ=23.3, γE[v]=3.4, Q=26.7 (bayes)
2026-09-23 15:55:08,766 INFO: Plan 1: ḡ=28.8, γE[v]=0.7, Q=29.5 (bayes)
2026-09-23 15:55:08,766 INFO: Plan 2: ḡ=1.2, γE[v]=14.4, Q=15.6 (bayes)
2026-09-23 15:55:08,810 INFO: Plan 1: ḡ=16, γE[v]=0.0, Q=16.0 (fn)
2026-09-23 15:55:08,811 INFO: Plan 0: ḡ=40, γE[v]=0.0, Q=40.0 (fn)
2026-09-23 15:55:09,739 INFO: Plan 2: ḡ=51, γE[v]=0.0, Q=51.0 (fn)
2026-09-23 15:55:09,740 INFO: Plan 0: ḡ=13.3, γE[v]=41.3, Q=54.7 (bayes)
2026-09-23 15:55:09,740 INFO: Plan 1: ḡ=7.5, γE[v]=44.2, Q=51.8 (bayes)
2026-09-23 15:55:09,740 INFO: Plan 2: ḡ=17.3, γE[v]=39.3, Q=56.7 (bayes)
2026-09-23 15:55:10,921 INFO: Plan 1: ḡ=0, γE[v]=0.0, Q=0.0 (fn)
2026-09-23 15:55:10,964 INFO: Plan 0: ḡ=0, γE[v]=0.0, Q=0.0 (fn)
2026-09-23 15:55:10,964 INFO: Plan 2: ḡ=0, γE[v]=0.0, Q=0.0 (fn)
2026-09-23 15:55:11,298 INFO: Plan 1: ḡ=0, γE[v]=0.0, Q=0.0 (fn)
2026-09-23 15:55:11,710 INFO: Plan 2: ḡ=0, γE[v]=0.0, Q=0.0 (fn)
2026-09-23 15:55:11,711 INFO: Plan 0: ḡ=0.0, γE[v]=0.0, Q=0.0 (bayes)
2026-09-23 15:55:11,711 INFO: Plan 1: ḡ=0.0, γE[v]=0.0, Q=0.0 (bayes)
2026-09-23 15:55:11,711 INFO: Plan 2: ḡ=0.0, γE[v]=0.0, Q=0.0 (bayes)
2026-09-23 15:55:12,183 INFO: Plan 1: ḡ=4, γE[v]=0.0, Q=4.0 (fn)
2026-09-23 15:55:12,224 INFO: Plan 0: ḡ=0, γE[v]=0.0, Q=0.0 (fn)
2026-09-23 15:55:12,225 INFO: Plan 0: ḡ=0.0, γE[v]=0.0, Q=0.0 (bayes)
2026-09-23 15:55:12,225 INFO: Plan 1: ḡ=0.0, γE[v]=0.0, Q=0.0 (bayes)
2026-09-23 15:55:12,225 INFO: Plan 2: ḡ=0.0, γE[v]=0.0, Q=0.0 (bayes)
2026-09-23 15:55:13,204 INFO: Plan 2: ḡ=17, γE[v]=0.0, Q=17.0 (fn)
2026-09-23 15:55:13,931 INFO: Plan 0: ḡ=24, γE[v]=0.0, Q=24.0 (fn)
2026-09-23 15:55:13,931 INFO: Plan 0: ḡ=4.9, γE[v]=1.1, Q=6.0 (bayes)
2026-09-23 15:55:13,932 INFO: Plan 1: ḡ=0.9, γE[v]=3.1, Q=4.0 (bayes)
2026-09-23 15:55:13,932 INFO: Plan 2: ḡ=2.7, γE[v]=2.2, Q=4.9 (bayes)
2026-09-23 15:55:16,469 INFO: Plan 2: ḡ=0, γE[v]=0.0, Q=0.0 (fn)
2026-09-23 15:55:16,908 INFO: Plan 0: ḡ=0, γE[v]=0.0, Q=0.0 (fn)
2026-09-23 15:55:17,199 INFO: Plan 1: ḡ=0, γE[v]=0.0, Q=0.0 (fn)
2026-09-23 15:55:17,199 INFO: Plan 0: ḡ=0.0, γE[v]=0.0, Q=0.0 (bayes)
2026-09-23 15:55:17,199 INFO: Plan 1: ḡ=0.0, γE[v]=0.0, Q=0.0 (bayes)
2026-09-23 15:55:17,199 INFO: Plan 2: ḡ=0.0, γE[v]=0.0, Q=0.0 (bayes)
2026-09-23 15:55:17,724 INFO: Plan 2: ḡ=35, γE[v]=0.0, Q=35.0 (fn)
2026-09-23 15:55:18,139 INFO: Plan 2: ḡ=2, γE[v]=0.0, Q=2.0 (fn)
2026-09-23 15:55:18,141 INFO: Plan 0: ḡ=1, γE[v]=0.5, Q=1.5 (fn)
2026-09-23 15:55:18,141 INFO: Plan 1: ḡ=2, γE[v]=0.0, Q=2.0 (fn)
2026-09-23 15:55:18,142 INFO: Plan 0: ḡ=0.2, γE[v]=0.2, Q=0.4 (bayes)
2026-09-23 15:55:18,142 INFO: Plan 1: ḡ=0.5, γE[v]=0.0, Q=0.5 (bayes)
2026-09-23 15:55:18,142 INFO: Plan 2: ḡ=0.5, γE[v]=0.0, Q=0.5 (bayes)
2026-09-23 15:55:18,771 INFO: Plan 1: ḡ=38, γE[v]=0.0, Q=38.0 (fn)
2026-09-23 15:55:20,305 INFO: Plan 0: ḡ=56, γE[v]=1.0, Q=57.0 (fn)
2026-09-23 15:55:20,305 INFO: Plan 0: ḡ=26.8, γE[v]=62.8, Q=89.6 (bayes)
2026-09-23 15:55:20,305 INFO: Plan 1: ḡ=15.7, γE[v]=68.3, Q=84.0 (bayes)
2026-09-23 15:55:20,306 INFO: Plan 2: ḡ=17.5, γE[v]=67.4, Q=84.9 (bayes)
2026-09-23 15:55:24,213 INFO: Plan 0: ḡ=31, γE[v]=0.0, Q=31.0 (fn)
2026-09-23 15:55:24,428 INFO: Plan 2: ḡ=37, γE[v]=0.0, Q=37.0 (fn)
2026-09-23 15:55:24,466 INFO: Plan 1: ḡ=32, γE[v]=0.0, Q=32.0 (fn)
2026-09-23 15:55:24,466 INFO: Plan 0: ḡ=14.2, γE[v]=17.2, Q=31.4 (bayes)
2026-09-23 15:55:24,467 INFO: Plan 1: ḡ=16.0, γE[v]=16.3, Q=32.3 (bayes)
2026-09-23 15:55:24,467 INFO: Plan 2: ḡ=18.5, γE[v]=15.1, Q=33.6 (bayes)
2026-09-23 15:55:30,460 INFO: Plan 0: ḡ=0, γE[v]=0.0, Q=0.0 (fn)
2026-09-23 15:55:30,756 INFO: Plan 1: ḡ=0, γE[v]=0.0, Q=0.0 (fn)
2026-09-23 15:55:30,943 INFO: Plan 2: ḡ=0, γE[v]=0.0, Q=0.0 (fn)
2026-09-23 15:55:30,944 INFO: Plan 0: ḡ=0.0, γE[v]=0.0, Q=0.0 (bayes)
2026-09-23 15:55:30,944 INFO: Plan 1: ḡ=0.0, γE[v]=0.0, Q=0.0 (bayes)
2026-09-23 15:55:30,944 INFO: Plan 2: ḡ=0.0, γE[v]=0.0, Q=0.0 (bayes)
2026-09-23 15:55:35,417 INFO: Plan 2: ḡ=30, γE[v]=0.0, Q=30.0 (fn)
2026-09-23 15:55:35,835 INFO: Plan 2: ḡ=10, γE[v]=0.0, Q=10.0 (fn)
2026-09-23 15:55:35,959 INFO: Plan 0: ḡ=16, γE[v]=0.0, Q=16.0 (fn)
2026-09-23 15:55:35,998 INFO: Plan 1: ḡ=15, γE[v]=0.0, Q=15.0 (fn)
2026-09-23 15:55:36,437 INFO: Plan 1: ḡ=6, γE[v]=2.5, Q=8.5 (fn)
2026-09-23 15:55:36,438 INFO: Plan 0: ḡ=2.3, γE[v]=1.5, Q=3.8 (bayes)
2026-09-23 15:55:36,438 INFO: Plan 1: ḡ=1.1, γE[v]=2.3, Q=3.4 (bayes)
2026-09-23 15:55:36,438 INFO: Plan 2: ḡ=2.0, γE[v]=1.6, Q=3.6 (bayes)
2026-09-23 15:55:38,194 INFO: Plan 2: ḡ=114, γE[v]=0.0, Q=114.0 (fn)
2026-09-23 15:55:39,006 INFO: Plan 0: ḡ=1, γE[v]=0.0, Q=1.0 (fn)
2026-09-23 15:55:39,006 INFO: Plan 2: ḡ=1, γE[v]=0.0, Q=1.0 (fn)
2026-09-23 15:55:39,075 INFO: Plan 1: ḡ=3, γE[v]=0.0, Q=3.0 (fn)
2026-09-23 15:55:39,075 INFO: Plan 0: ḡ=0.2, γE[v]=0.2, Q=0.4 (bayes)
2026-09-23 15:55:39,076 INFO: Plan 1: ḡ=0.5, γE[v]=0.1, Q=0.6 (bayes)
2026-09-23 15:55:39,076 INFO: Plan 2: ḡ=0.2, γE[v]=0.2, Q=0.4 (bayes)
2026-09-23 15:55:39,475 INFO: Plan 0: ḡ=48, γE[v]=5.5, Q=53.5 (fn)
2026-09-23 15:55:39,476 INFO: Plan 0: ḡ=7.5, γE[v]=1.5, Q=8.9 (bayes)
2026-09-23 15:55:39,476 INFO: Plan 1: ḡ=3.0, γE[v]=3.3, Q=6.3 (bayes)
2026-09-23 15:55:39,476 INFO: Plan 2: ḡ=4.3, γE[v]=2.7, Q=7.0 (bayes)
2026-09-23 15:55:40,959 INFO: Plan 1: ḡ=0, γE[v]=0.0, Q=0.0 (fn)
2026-09-23 15:55:41,326 INFO: Plan 2: ḡ=0, γE[v]=0.0, Q=0.0 (fn)
2026-09-23 15:55:41,716 INFO: Plan 0: ḡ=1, γE[v]=0.0, Q=1.0 (fn)
2026-09-23 15:55:41,716 INFO: Plan 0: ḡ=0.2, γE[v]=0.0, Q=0.2 (bayes)
2026-09-23 15:55:41,716 INFO: Plan 1: ḡ=0.0, γE[v]=0.1, Q=0.1 (bayes)
2026-09-23 15:55:41,717 INFO: Plan 2: ḡ=0.0, γE[v]=0.1, Q=0.1 (bayes)
2026-09-23 15:55:41,797 INFO: Plan 1: ḡ=116, γE[v]=44.5, Q=160.5 (fn)
2026-09-23 15:55:42,661 INFO: Plan 0: ḡ=7, γE[v]=0.0, Q=7.0 (fn)
2026-09-23 15:55:45,016 INFO: Plan 0: ḡ=116, γE[v]=59.5, Q=175.5 (fn)
2026-09-23 15:55:45,017 INFO: Plan 0: ḡ=23.1, γE[v]=15.4, Q=38.4 (bayes)
2026-09-23 15:55:45,017 INFO: Plan 1: ḡ=21.4, γE[v]=15.2, Q=36.6 (bayes)
2026-09-23 15:55:45,017 INFO: Plan 2: ḡ=21.2, γE[v]=11.9, Q=33.1 (bayes)
2026-09-23 15:55:47,153 INFO: Plan 2: ḡ=13, γE[v]=5.5, Q=18.5 (fn)
2026-09-23 15:55:47,982 INFO: Plan 1: ḡ=11, γE[v]=6.5, Q=17.5 (fn)
2026-09-23 15:55:47,983 INFO: Plan 0: ḡ=2.3, γE[v]=3.7, Q=6.0 (bayes)
2026-09-23 15:55:47,983 INFO: Plan 1: ḡ=5.3, γE[v]=2.6, Q=7.9 (bayes)
2026-09-23 15:55:47,983 INFO: Plan 2: ḡ=4.3, γE[v]=2.9, Q=7.2 (bayes)
2026-09-23 15:55:50,341 INFO: Plan 2: ḡ=4, γE[v]=0.0, Q=4.0 (fn)
2026-09-23 15:55:51,172 INFO: Plan 0: ḡ=9, γE[v]=0.5, Q=9.5 (fn)
2026-09-23 15:55:51,452 INFO: Plan 1: ḡ=52, γE[v]=0.0, Q=52.0 (fn)
2026-09-23 15:55:51,453 INFO: Plan 0: ḡ=3.5, γE[v]=47.9, Q=51.4 (bayes)
2026-09-23 15:55:51,453 INFO: Plan 1: ḡ=20.3, γE[v]=39.5, Q=59.8 (bayes)
2026-09-23 15:55:51,453 INFO: Plan 2: ḡ=1.5, γE[v]=48.9, Q=50.4 (bayes)
2026-09-23 15:55:53,436 INFO: Plan 0: ḡ=0, γE[v]=0.0, Q=0.0 (fn)
2026-09-23 15:55:53,738 INFO: Plan 0: ḡ=12, γE[v]=0.0, Q=12.0 (fn)
2026-09-23 15:55:53,738 INFO: Plan 1: ḡ=0, γE[v]=0.0, Q=0.0 (fn)
2026-09-23 15:55:53,989 INFO: Plan 1: ḡ=2, γE[v]=0.0, Q=2.0 (fn)
2026-09-23 15:55:54,337 INFO: Plan 2: ḡ=0, γE[v]=0.0, Q=0.0 (fn)
2026-09-23 15:55:54,337 INFO: Plan 0: ḡ=0.0, γE[v]=0.0, Q=0.0 (bayes)
2026-09-23 15:55:54,337 INFO: Plan 1: ḡ=0.0, γE[v]=0.0, Q=0.0 (bayes)
2026-09-23 15:55:54,337 INFO: Plan 2: ḡ=0.0, γE[v]=0.0, Q=0.0 (bayes)
2026-09-23 15:55:57,171 INFO: Plan 2: ḡ=2, γE[v]=7.0, Q=9.0 (fn)
2026-09-23 15:55:57,171 INFO: Plan 0: ḡ=1.7, γE[v]=0.3, Q=2.0 (bayes)
2026-09-23 15:55:57,171 INFO: Plan 1: ḡ=0.3, γE[v]=1.0, Q=1.4 (bayes)
2026-09-23 15:55:57,171 INFO: Plan 2: ḡ=0.3, γE[v]=1.6, Q=1.9 (bayes)
2026-09-23 15:55:59,591 INFO: Plan 0: ḡ=0, γE[v]=0.0, Q=0.0 (fn)
2026-09-23 15:55:59,635 INFO: Plan 2: ḡ=0, γE[v]=0.0, Q=0.0 (fn)
2026-09-23 15:55:59,636 INFO: Plan 1: ḡ=0, γE[v]=0.0, Q=0.0 (fn)
2026-09-23 15:55:59,636 INFO: Plan 0: ḡ=0.0, γE[v]=0.0, Q=0.0 (bayes)
2026-09-23 15:55:59,637 INFO: Plan 1: ḡ=0.0, γE[v]=0.0, Q=0.0 (bayes)
2026-09-23 15:55:59,637 INFO: Plan 2: ḡ=0.0, γE[v]=0.0, Q=0.0 (bayes)
2026-09-23 15:56:00,800 INFO: Plan 0: ḡ=0, γE[v]=0.0, Q=0.0 (fn)
2026-09-23 15:56:00,880 INFO: Plan 2: ḡ=0, γE[v]=0.0, Q=0.0 (fn)
2026-09-23 15:56:02,136 INFO: Plan 1: ḡ=0, γE[v]=0.0, Q=0.0 (fn)
2026-09-23 15:56:02,137 INFO: Plan 0: ḡ=0.0, γE[v]=0.0, Q=0.0 (bayes)
2026-09-23 15:56:02,137 INFO: Plan 1: ḡ=0.0, γE[v]=0.0, Q=0.0 (bayes)
2026-09-23 15:56:02,137 INFO: Plan 2: ḡ=0.0, γE[v]=0.0, Q=0.0 (bayes)
2026-09-23 15:56:05,161 INFO: Plan 0: ḡ=13, γE[v]=7.5, Q=20.5 (fn)
2026-09-23 15:56:08,435 INFO: Plan 1: ḡ=30, γE[v]=0.0, Q=30.0 (fn)
2026-09-23 15:56:08,915 INFO: Plan 0: ḡ=12, γE[v]=2.5, Q=14.5 (fn)
2026-09-23 15:56:09,395 INFO: Plan 2: ḡ=144, γE[v]=116.5, Q=260.5 (fn)
2026-09-23 15:56:09,396 INFO: Plan 0: ḡ=5.5, γE[v]=82.5, Q=88.0 (bayes)
2026-09-23 15:56:09,396 INFO: Plan 1: ḡ=13.3, γE[v]=78.4, Q=91.8 (bayes)
2026-09-23 15:56:09,396 INFO: Plan 2: ḡ=51.5, γE[v]=66.2, Q=117.8 (bayes)
2026-09-23 15:56:10,589 INFO: Plan 2: ḡ=68, γE[v]=21.5, Q=89.5 (fn)
2026-09-23 15:56:10,628 INFO: Plan 1: ḡ=46, γE[v]=8.0, Q=54.0 (fn)
2026-09-23 15:56:10,629 INFO: Plan 0: ḡ=5.2, γE[v]=25.6, Q=30.8 (bayes)
2026-09-23 15:56:10,629 INFO: Plan 1: ḡ=21.7, γE[v]=17.4, Q=39.0 (bayes)
2026-09-23 15:56:10,629 INFO: Plan 2: ḡ=32.7, γE[v]=12.6, Q=45.3 (bayes)
2026-09-23 15:56:11,000 INFO: Plan 1: ḡ=10, γE[v]=0.0, Q=10.0 (fn)
2026-09-23 15:56:11,001 INFO: Plan 0: ḡ=7, γE[v]=0.0, Q=7.0 (fn)
2026-09-23 15:56:11,917 INFO: Plan 2: ḡ=7, γE[v]=0.0, Q=7.0 (fn)
2026-09-23 15:56:11,918 INFO: Plan 0: ḡ=1.8, γE[v]=0.7, Q=2.6 (bayes)
2026-09-23 15:56:11,918 INFO: Plan 1: ḡ=1.5, γE[v]=0.9, Q=2.4 (bayes)
2026-09-23 15:56:11,918 INFO: Plan 2: ḡ=1.8, γE[v]=0.7, Q=2.6 (bayes)
2026-09-23 15:56:13,203 INFO: Plan 0: ḡ=20, γE[v]=0.0, Q=20.0 (fn)
2026-09-23 15:56:13,995 INFO: Plan 2: ḡ=30, γE[v]=0.0, Q=30.0 (fn)
2026-09-23 15:56:16,508 INFO: Plan 2: ḡ=82, γE[v]=0.0, Q=82.0 (fn)
2026-09-23 15:56:16,955 INFO: Plan 0: ḡ=60, γE[v]=0.0, Q=60.0 (fn)
2026-09-23 15:56:17,192 INFO: Plan 1: ḡ=71, γE[v]=19.0, Q=90.0 (fn)
2026-09-23 15:56:17,193 INFO: Plan 0: ḡ=2.9, γE[v]=6.4, Q=9.2 (bayes)
2026-09-23 15:56:17,193 INFO: Plan 1: ḡ=10.1, γE[v]=4.2, Q=14.3 (bayes)
2026-09-23 15:56:17,194 INFO: Plan 2: ḡ=4.3, γE[v]=5.6, Q=9.9 (bayes)
2026-09-23 15:56:17,228 INFO: Plan 1: ḡ=59, γE[v]=0.0, Q=59.0 (fn)
2026-09-23 15:56:17,228 INFO: Plan 0: ḡ=14.9, γE[v]=8.4, Q=23.4 (bayes)
2026-09-23 15:56:17,228 INFO: Plan 1: ḡ=14.8, γE[v]=8.5, Q=23.3 (bayes)
2026-09-23 15:56:17,228 INFO: Plan 2: ḡ=13.7, γE[v]=9.1, Q=22.7 (bayes)
2026-09-23 15:56:17,700 INFO: Plan 2: ḡ=106, γE[v]=0.0, Q=106.0 (fn)
2026-09-23 15:56:19,628 INFO: Plan 0: ḡ=4, γE[v]=0.0, Q=4.0 (fn)
2026-09-23 15:56:19,709 INFO: Plan 1: ḡ=9, γE[v]=0.0, Q=9.0 (fn)
2026-09-23 15:56:19,943 INFO: Plan 1: ḡ=16, γE[v]=18.0, Q=34.0 (fn)
2026-09-23 15:56:20,315 INFO: Plan 2: ḡ=10, γE[v]=0.0, Q=10.0 (fn)
2026-09-23 15:56:20,316 INFO: Plan 0: ḡ=1.3, γE[v]=6.7, Q=8.0 (bayes)
2026-09-23 15:56:20,316 INFO: Plan 1: ḡ=2.2, γE[v]=6.2, Q=8.5 (bayes)
2026-09-23 15:56:20,316 INFO: Plan 2: ḡ=3.3, γE[v]=5.7, Q=9.0 (bayes)
2026-09-23 15:56:20,560 INFO: Plan 0: ḡ=29, γE[v]=34.0, Q=63.0 (fn)
2026-09-23 15:56:20,561 INFO: Plan 0: ḡ=9.7, γE[v]=62.5, Q=72.2 (bayes)
2026-09-23 15:56:20,561 INFO: Plan 1: ḡ=8.0, γE[v]=62.1, Q=70.1 (bayes)
2026-09-23 15:56:20,561 INFO: Plan 2: ḡ=20.3, γE[v]=55.2, Q=75.5 (bayes)
2026-09-23 15:56:27,295 INFO: Plan 0: ḡ=25, γE[v]=0.0, Q=25.0 (fn)
2026-09-23 15:56:27,635 INFO: Plan 2: ḡ=6, γE[v]=0.0, Q=6.0 (fn)
2026-09-23 15:56:28,124 INFO: Plan 1: ḡ=10, γE[v]=0.0, Q=10.0 (fn)
2026-09-23 15:56:28,125 INFO: Plan 0: ḡ=6.1, γE[v]=2.4, Q=8.5 (bayes)
2026-09-23 15:56:28,125 INFO: Plan 1: ḡ=4.4, γE[v]=3.3, Q=7.7 (bayes)
2026-09-23 15:56:28,125 INFO: Plan 2: ḡ=3.0, γE[v]=4.0, Q=7.0 (bayes)
2026-09-23 15:56:30,668 INFO: Plan 0: ḡ=34, γE[v]=0.0, Q=34.0 (fn)
2026-09-23 15:56:34,813 INFO: Plan 2: ḡ=2, γE[v]=0.0, Q=2.0 (fn)
2026-09-23 15:56:35,284 INFO: Plan 0: ḡ=7, γE[v]=0.0, Q=7.0 (fn)
2026-09-23 15:56:35,829 INFO: Plan 1: ḡ=31, γE[v]=17.5, Q=48.5 (fn)
2026-09-23 15:56:36,050 INFO: Plan 1: ḡ=9, γE[v]=0.0, Q=9.0 (fn)
2026-09-23 15:56:36,051 INFO: Plan 0: ḡ=1.8, γE[v]=0.7, Q=2.4 (bayes)
2026-09-23 15:56:36,051 INFO: Plan 1: ḡ=2.4, γE[v]=0.3, Q=2.8 (bayes)
2026-09-23 15:56:36,051 INFO: Plan 2: ḡ=0.7, γE[v]=1.2, Q=1.9 (bayes)
2026-09-23 15:56:37,439 INFO: Plan 0: ḡ=39, γE[v]=2.5, Q=41.5 (fn)
2026-09-23 15:56:38,465 INFO: Plan 2: ḡ=23, γE[v]=38.0, Q=61.0 (fn)
2026-09-23 15:56:38,465 INFO: Plan 2: ḡ=57, γE[v]=0.0, Q=57.0 (fn)
2026-09-23 15:56:38,842 INFO: Plan 0: ḡ=270, γE[v]=0.5, Q=270.5 (fn)
2026-09-23 15:56:38,995 INFO: Plan 1: ḡ=28, γE[v]=23.0, Q=51.0 (fn)
2026-09-23 15:56:38,996 INFO: Plan 0: ḡ=11.5, γE[v]=21.9, Q=33.4 (bayes)
2026-09-23 15:56:38,996 INFO: Plan 1: ḡ=9.2, γE[v]=23.9, Q=33.2 (bayes)
2026-09-23 15:56:38,996 INFO: Plan 2: ḡ=28.0, γE[v]=13.5, Q=41.5 (bayes)
2026-09-23 15:56:40,275 INFO: Plan 2: ḡ=254, γE[v]=44.0, Q=298.0 (fn)
2026-09-23 15:56:40,276 INFO: Plan 0: ḡ=5.8, γE[v]=22.1, Q=27.9 (bayes)
2026-09-23 15:56:40,276 INFO: Plan 1: ḡ=4.5, γE[v]=24.1, Q=28.5 (bayes)
2026-09-23 15:56:40,276 INFO: Plan 2: ḡ=36.5, γE[v]=10.1, Q=46.6 (bayes)
2026-09-23 15:56:41,053 INFO: Plan 1: ḡ=204, γE[v]=33.5, Q=237.5 (fn)
2026-09-23 15:56:41,053 INFO: Plan 0: ḡ=38.6, γE[v]=0.1, Q=38.7 (bayes)
2026-09-23 15:56:41,054 INFO: Plan 1: ḡ=29.1, γE[v]=7.4, Q=36.5 (bayes)
2026-09-23 15:56:41,054 INFO: Plan 2: ḡ=3.3, γE[v]=20.6, Q=23.9 (bayes)
2026-09-23 15:56:43,023 INFO: Plan 0: ḡ=4, γE[v]=0.0, Q=4.0 (fn)
2026-09-23 15:56:43,024 INFO: Plan 1: ḡ=30, γE[v]=0.0, Q=30.0 (fn)
2026-09-23 15:56:43,261 INFO: Plan 0: ḡ=11, γE[v]=0.0, Q=11.0 (fn)
2026-09-23 15:56:43,637 INFO: Plan 1: ḡ=1, γE[v]=0.0, Q=1.0 (fn)
2026-09-23 15:56:43,930 INFO: Plan 2: ḡ=11, γE[v]=0.0, Q=11.0 (fn)
2026-09-23 15:56:43,930 INFO: Plan 0: ḡ=1.3, γE[v]=1.3, Q=2.6 (bayes)
2026-09-23 15:56:43,930 INFO: Plan 1: ḡ=0.3, γE[v]=1.8, Q=2.1 (bayes)
2026-09-23 15:56:43,930 INFO: Plan 2: ḡ=2.2, γE[v]=0.8, Q=3.0 (bayes)
2026-09-23 15:56:44,657 INFO: Plan 0: ḡ=7, γE[v]=0.0, Q=7.0 (fn)
2026-09-23 15:56:44,781 INFO: Plan 2: ḡ=6, γE[v]=0.0, Q=6.0 (fn)
2026-09-23 15:56:44,782 INFO: Plan 1: ḡ=5, γE[v]=0.0, Q=5.0 (fn)
2026-09-23 15:56:44,783 INFO: Plan 0: ḡ=1.4, γE[v]=1.1, Q=2.5 (bayes)
2026-09-23 15:56:44,784 INFO: Plan 1: ḡ=1.0, γE[v]=1.3, Q=2.3 (bayes)
2026-09-23 15:56:44,784 INFO: Plan 2: ḡ=1.2, γE[v]=1.2, Q=2.4 (bayes)
2026-09-23 15:56:47,013 INFO: Plan 1: ḡ=4, γE[v]=0.0, Q=4.0 (fn)
2026-09-23 15:56:47,129 INFO: Plan 2: ḡ=86, γE[v]=10.0, Q=96.0 (fn)
2026-09-23 15:56:47,130 INFO: Plan 0: ḡ=5.2, γE[v]=33.5, Q=38.7 (bayes)
2026-09-23 15:56:47,130 INFO: Plan 1: ḡ=10.2, γE[v]=31.0, Q=41.2 (bayes)
2026-09-23 15:56:47,130 INFO: Plan 2: ḡ=39.6, γE[v]=17.0, Q=56.6 (bayes)
2026-09-23 15:56:47,338 INFO: Plan 0: ḡ=2, γE[v]=0.0, Q=2.0 (fn)
2026-09-23 15:56:48,030 INFO: Plan 0: ḡ=14, γE[v]=0.0, Q=14.0 (fn)
2026-09-23 15:56:48,173 INFO: Plan 0: ḡ=20, γE[v]=0.0, Q=20.0 (fn)
2026-09-23 15:56:48,255 INFO: Plan 2: ḡ=1, γE[v]=0.0, Q=1.0 (fn)
2026-09-23 15:56:48,296 INFO: Plan 2: ḡ=6, γE[v]=0.0, Q=6.0 (fn)
2026-09-23 15:56:48,296 INFO: Plan 0: ḡ=0.3, γE[v]=0.3, Q=0.6 (bayes)
2026-09-23 15:56:48,297 INFO: Plan 1: ḡ=0.6, γE[v]=0.2, Q=0.8 (bayes)
2026-09-23 15:56:48,297 INFO: Plan 2: ḡ=1.0, γE[v]=0.0, Q=0.9 (bayes)
2026-09-23 15:56:48,579 INFO: Plan 1: ḡ=9, γE[v]=0.0, Q=9.0 (fn)
2026-09-23 15:56:49,225 INFO: Plan 1: ḡ=48, γE[v]=0.0, Q=48.0 (fn)
2026-09-23 15:56:49,226 INFO: Plan 0: ḡ=3.5, γE[v]=5.0, Q=8.5 (bayes)
2026-09-23 15:56:49,226 INFO: Plan 1: ḡ=9.8, γE[v]=1.9, Q=11.6 (bayes)
2026-09-23 15:56:49,226 INFO: Plan 2: ḡ=0.2, γE[v]=6.6, Q=6.9 (bayes)
2026-09-23 15:56:49,625 INFO: Plan 2: ḡ=3, γE[v]=0.0, Q=3.0 (fn)
2026-09-23 15:56:49,626 INFO: Plan 0: ḡ=3.3, γE[v]=2.2, Q=5.6 (bayes)
2026-09-23 15:56:49,626 INFO: Plan 1: ḡ=3.0, γE[v]=2.4, Q=5.4 (bayes)
2026-09-23 15:56:49,626 INFO: Plan 2: ḡ=1.5, γE[v]=3.2, Q=4.7 (bayes)
2026-09-23 15:56:50,304 INFO: Plan 2: ḡ=0, γE[v]=0.0, Q=0.0 (fn)
2026-09-23 15:56:50,305 INFO: Plan 0: ḡ=0, γE[v]=0.0, Q=0.0 (fn)
2026-09-23 15:56:50,305 INFO: Plan 1: ḡ=0, γE[v]=0.0, Q=0.0 (fn)
2026-09-23 15:56:50,305 INFO: Plan 0: ḡ=0.0, γE[v]=0.0, Q=0.0 (bayes)
2026-09-23 15:56:50,306 INFO: Plan 1: ḡ=0.0, γE[v]=0.0, Q=0.0 (bayes)
2026-09-23 15:56:50,306 INFO: Plan 2: ḡ=0.0, γE[v]=0.0, Q=0.0 (bayes)
2026-09-23 15:56:51,802 INFO: Plan 0: ḡ=17, γE[v]=0.0, Q=17.0 (fn)
2026-09-23 15:56:51,802 INFO: Plan 0: ḡ=0, γE[v]=0.0, Q=0.0 (fn)
2026-09-23 15:56:52,042 INFO: Plan 1: ḡ=0, γE[v]=0.0, Q=0.0 (fn)
2026-09-23 15:56:52,042 INFO: Plan 2: ḡ=49, γE[v]=0.0, Q=49.0 (fn)
2026-09-23 15:56:52,339 INFO: Plan 2: ḡ=0, γE[v]=0.0, Q=0.0 (fn)
2026-09-23 15:56:52,340 INFO: Plan 0: ḡ=0.0, γE[v]=0.0, Q=0.0 (bayes)
2026-09-23 15:56:52,340 INFO: Plan 1: ḡ=0.0, γE[v]=0.0, Q=0.0 (bayes)
2026-09-23 15:56:52,340 INFO: Plan 2: ḡ=0.0, γE[v]=0.0, Q=0.0 (bayes)
2026-09-23 15:56:52,784 INFO: Plan 1: ḡ=60, γE[v]=0.0, Q=60.0 (fn)
2026-09-23 15:56:52,784 INFO: Plan 0: ḡ=8.5, γE[v]=25.0, Q=33.5 (bayes)
2026-09-23 15:56:52,784 INFO: Plan 1: ḡ=22.9, γE[v]=17.8, Q=40.7 (bayes)
2026-09-23 15:56:52,785 INFO: Plan 2: ḡ=24.5, γE[v]=17.0, Q=41.5 (bayes)
2026-09-23 15:56:53,249 INFO: Plan 2: ḡ=0, γE[v]=0.0, Q=0.0 (fn)
2026-09-23 15:56:53,541 INFO: Plan 0: ḡ=0, γE[v]=0.0, Q=0.0 (fn)
2026-09-23 15:56:53,542 INFO: Plan 1: ḡ=0, γE[v]=0.0, Q=0.0 (fn)
2026-09-23 15:56:53,542 INFO: Plan 0: ḡ=0.0, γE[v]=0.0, Q=0.0 (bayes)
2026-09-23 15:56:53,543 INFO: Plan 1: ḡ=0.0, γE[v]=0.0, Q=0.0 (bayes)
2026-09-23 15:56:53,543 INFO: Plan 2: ḡ=0.0, γE[v]=0.0, Q=0.0 (bayes)
2026-09-23 15:56:54,868 INFO: Plan 1: ḡ=0, γE[v]=0.0, Q=0.0 (fn)
2026-09-23 15:56:54,869 INFO: Plan 0: ḡ=0, γE[v]=0.0, Q=0.0 (fn)
2026-09-23 15:56:55,198 INFO: Plan 2: ḡ=0, γE[v]=0.0, Q=0.0 (fn)
2026-09-23 15:56:55,199 INFO: Plan 0: ḡ=0.0, γE[v]=0.0, Q=0.0 (bayes)
2026-09-23 15:56:55,199 INFO: Plan 1: ḡ=0.0, γE[v]=0.0, Q=0.0 (bayes)
2026-09-23 15:56:55,199 INFO: Plan 2: ḡ=0.0, γE[v]=0.0, Q=0.0 (bayes)
2026-09-23 15:56:57,389 INFO: Plan 1: ḡ=4, γE[v]=0.0, Q=4.0 (fn)
2026-09-23 15:56:57,589 INFO: Plan 0: ḡ=1, γE[v]=0.0, Q=1.0 (fn)
2026-09-23 15:56:58,201 INFO: Plan 1: ḡ=11, γE[v]=0.0, Q=11.0 (fn)
2026-09-23 15:56:58,202 INFO: Plan 0: ḡ=1, γE[v]=0.0, Q=1.0 (fn)
2026-09-23 15:56:59,058 INFO: Plan 2: ḡ=1, γE[v]=2.0, Q=3.0 (fn)
2026-09-23 15:56:59,059 INFO: Plan 0: ḡ=0.3, γE[v]=1.0, Q=1.3 (bayes)
2026-09-23 15:56:59,059 INFO: Plan 1: ḡ=2.0, γE[v]=0.2, Q=2.2 (bayes)
2026-09-23 15:56:59,059 INFO: Plan 2: ḡ=0.3, γE[v]=1.1, Q=1.4 (bayes)
2026-09-23 15:56:59,785 INFO: Plan 2: ḡ=29, γE[v]=6.0, Q=35.0 (fn)
2026-09-23 15:56:59,785 INFO: Plan 0: ḡ=0.2, γE[v]=2.7, Q=2.9 (bayes)
2026-09-23 15:56:59,786 INFO: Plan 1: ḡ=1.8, γE[v]=1.9, Q=3.8 (bayes)
2026-09-23 15:56:59,786 INFO: Plan 2: ḡ=3.6, γE[v]=1.5, Q=5.1 (bayes)
2026-09-23 15:57:00,393 INFO: Plan 0: ḡ=0, γE[v]=0.0, Q=0.0 (fn)
2026-09-23 15:57:00,393 INFO: Plan 1: ḡ=0, γE[v]=0.0, Q=0.0 (fn)
2026-09-23 15:57:01,040 INFO: Plan 2: ḡ=0, γE[v]=0.0, Q=0.0 (fn)
2026-09-23 15:57:01,040 INFO: Plan 0: ḡ=0.0, γE[v]=0.0, Q=0.0 (bayes)
2026-09-23 15:57:01,040 INFO: Plan 1: ḡ=0.0, γE[v]=0.0, Q=0.0 (bayes)
2026-09-23 15:57:01,041 INFO: Plan 2: ḡ=0.0, γE[v]=0.0, Q=0.0 (bayes)
2026-09-23 15:57:05,643 INFO: Plan 1: ḡ=3, γE[v]=0.0, Q=3.0 (fn)
2026-09-23 15:57:05,683 INFO: Plan 2: ḡ=3, γE[v]=0.0, Q=3.0 (fn)
2026-09-23 15:57:06,086 INFO: Plan 0: ḡ=17, γE[v]=0.0, Q=17.0 (fn)
2026-09-23 15:57:06,087 INFO: Plan 0: ḡ=4.8, γE[v]=1.0, Q=5.9 (bayes)
2026-09-23 15:57:06,087 INFO: Plan 1: ḡ=1.0, γE[v]=3.0, Q=4.0 (bayes)
2026-09-23 15:57:06,087 INFO: Plan 2: ḡ=1.1, γE[v]=2.9, Q=4.0 (bayes)
2026-09-23 15:57:07,661 INFO: Plan 0: ḡ=1, γE[v]=0.0, Q=1.0 (fn)
2026-09-23 15:57:07,662 INFO: Plan 1: ḡ=1, γE[v]=0.0, Q=1.0 (fn)
2026-09-23 15:57:08,306 INFO: Plan 2: ḡ=1, γE[v]=0.0, Q=1.0 (fn)
2026-09-23 15:57:08,307 INFO: Plan 0: ḡ=0.2, γE[v]=0.0, Q=0.2 (bayes)
2026-09-23 15:57:08,307 INFO: Plan 1: ḡ=0.2, γE[v]=0.0, Q=0.2 (bayes)
2026-09-23 15:57:08,307 INFO: Plan 2: ḡ=0.2, γE[v]=0.0, Q=0.2 (bayes)
2026-09-23 15:57:12,180 INFO: Plan 1: ḡ=15, γE[v]=0.0, Q=15.0 (fn)
2026-09-23 15:57:12,303 INFO: Plan 0: ḡ=2, γE[v]=0.0, Q=2.0 (fn)
2026-09-23 15:57:13,429 INFO: Plan 0: ḡ=0, γE[v]=0.0, Q=0.0 (fn)
2026-09-23 15:57:13,430 INFO: Plan 2: ḡ=17, γE[v]=0.0, Q=17.0 (fn)
2026-09-23 15:57:13,431 INFO: Plan 1: ḡ=0, γE[v]=0.0, Q=0.0 (fn)
2026-09-23 15:57:13,431 INFO: Plan 0: ḡ=0.4, γE[v]=1.1, Q=1.5 (bayes)
2026-09-23 15:57:13,431 INFO: Plan 1: ḡ=2.3, γE[v]=0.2, Q=2.4 (bayes)
2026-09-23 15:57:13,431 INFO: Plan 2: ḡ=2.6, γE[v]=0.0, Q=2.6 (bayes)
2026-09-23 15:57:14,367 INFO: Plan 2: ḡ=0, γE[v]=0.0, Q=0.0 (fn)
2026-09-23 15:57:14,367 INFO: Plan 0: ḡ=0.0, γE[v]=0.0, Q=0.0 (bayes)
2026-09-23 15:57:14,368 INFO: Plan 1: ḡ=0.0, γE[v]=0.0, Q=0.0 (bayes)
2026-09-23 15:57:14,368 INFO: Plan 2: ḡ=0.0, γE[v]=0.0, Q=0.0 (bayes)
2026-09-23 15:57:14,646 INFO: Plan 2: ḡ=3, γE[v]=0.0, Q=3.0 (fn)
2026-09-23 15:57:15,286 INFO: Plan 2: ḡ=10, γE[v]=0.0, Q=10.0 (fn)
2026-09-23 15:57:15,627 INFO: Plan 0: ḡ=15, γE[v]=0.0, Q=15.0 (fn)
2026-09-23 15:57:15,887 INFO: Plan 1: ḡ=37, γE[v]=0.0, Q=37.0 (fn)
2026-09-23 15:57:18,416 INFO: Plan 0: ḡ=198, γE[v]=0.0, Q=198.0 (fn)
2026-09-23 15:57:18,416 INFO: Plan 0: ḡ=24.8, γE[v]=0.6, Q=25.3 (bayes)
2026-09-23 15:57:18,417 INFO: Plan 1: ḡ=4.8, γE[v]=10.6, Q=15.3 (bayes)
2026-09-23 15:57:18,417 INFO: Plan 2: ḡ=0.8, γE[v]=12.6, Q=13.3 (bayes)
2026-09-23 15:57:18,563 INFO: Plan 1: ḡ=30, γE[v]=0.0, Q=30.0 (fn)
2026-09-23 15:57:18,564 INFO: Plan 0: ḡ=1.9, γE[v]=1.6, Q=3.4 (bayes)
2026-09-23 15:57:18,564 INFO: Plan 1: ḡ=5.0, γE[v]=0.0, Q=5.0 (bayes)
2026-09-23 15:57:18,564 INFO: Plan 2: ḡ=2.0, γE[v]=1.5, Q=3.5 (bayes)
2026-09-23 15:57:21,926 INFO: Plan 1: ḡ=0, γE[v]=0.0, Q=0.0 (fn)
2026-09-23 15:57:21,966 INFO: Plan 0: ḡ=0, γE[v]=0.0, Q=0.0 (fn)
2026-09-23 15:57:21,967 INFO: Plan 2: ḡ=0, γE[v]=0.0, Q=0.0 (fn)
2026-09-23 15:57:21,967 INFO: Plan 0: ḡ=0.0, γE[v]=0.0, Q=0.0 (bayes)
2026-09-23 15:57:21,967 INFO: Plan 1: ḡ=0.0, γE[v]=0.0, Q=0.0 (bayes)
2026-09-23 15:57:21,967 INFO: Plan 2: ḡ=0.0, γE[v]=0.0, Q=0.0 (bayes)
2026-09-23 15:57:23,752 INFO: Plan 0: ḡ=24, γE[v]=0.0, Q=24.0 (fn)
2026-09-23 15:57:25,539 INFO: Plan 1: ḡ=88, γE[v]=0.0, Q=88.0 (fn)
2026-09-23 15:57:28,452 INFO: Plan 2: ḡ=103, γE[v]=0.0, Q=103.0 (fn)
2026-09-23 15:57:28,453 INFO: Plan 0: ḡ=10.3, γE[v]=78.3, Q=88.6 (bayes)
2026-09-23 15:57:28,453 INFO: Plan 1: ḡ=26.6, γE[v]=70.1, Q=96.7 (bayes)
2026-09-23 15:57:28,453 INFO: Plan 2: ḡ=45.8, γE[v]=60.5, Q=106.3 (bayes)
2026-09-23 15:57:31,514 INFO: Plan 0: ḡ=32, γE[v]=0.0, Q=32.0 (fn)
2026-09-23 15:57:31,752 INFO: Plan 0: ḡ=40, γE[v]=0.0, Q=40.0 (fn)
2026-09-23 15:57:31,753 INFO: Plan 1: ḡ=16, γE[v]=0.0, Q=16.0 (fn)
2026-09-23 15:57:31,789 INFO: Plan 2: ḡ=14, γE[v]=0.0, Q=14.0 (fn)
2026-09-23 15:57:32,235 INFO: Plan 1: ḡ=53, γE[v]=0.0, Q=53.0 (fn)
2026-09-23 15:57:32,236 INFO: Plan 0: ḡ=11.3, γE[v]=61.2, Q=72.5 (bayes)
2026-09-23 15:57:32,236 INFO: Plan 1: ḡ=23.3, γE[v]=55.2, Q=78.5 (bayes)
2026-09-23 15:57:32,236 INFO: Plan 2: ḡ=7.0, γE[v]=63.4, Q=70.4 (bayes)
2026-09-23 15:57:32,697 INFO: Plan 2: ḡ=51, γE[v]=0.0, Q=51.0 (fn)
2026-09-23 15:57:32,697 INFO: Plan 0: ḡ=13.3, γE[v]=39.0, Q=52.3 (bayes)
2026-09-23 15:57:32,698 INFO: Plan 1: ḡ=7.4, γE[v]=41.9, Q=49.4 (bayes)
2026-09-23 15:57:32,698 INFO: Plan 2: ḡ=12.7, γE[v]=39.3, Q=52.0 (bayes)
2026-09-23 15:57:33,030 INFO: Plan 1: ḡ=0, γE[v]=0.0, Q=0.0 (fn)
2026-09-23 15:57:33,268 INFO: Plan 2: ḡ=0, γE[v]=0.0, Q=0.0 (fn)
2026-09-23 15:57:33,313 INFO: Plan 0: ḡ=0, γE[v]=0.0, Q=0.0 (fn)
2026-09-23 15:57:33,314 INFO: Plan 0: ḡ=0.0, γE[v]=0.0, Q=0.0 (bayes)
2026-09-23 15:57:33,314 INFO: Plan 1: ḡ=0.0, γE[v]=0.0, Q=0.0 (bayes)
2026-09-23 15:57:33,314 INFO: Plan 2: ḡ=0.0, γE[v]=0.0, Q=0.0 (bayes)
2026-09-23 15:57:34,714 INFO: Plan 2: ḡ=0, γE[v]=0.0, Q=0.0 (fn)
2026-09-23 15:57:36,561 INFO: Plan 1: ḡ=0, γE[v]=0.0, Q=0.0 (fn)
2026-09-23 15:57:37,731 INFO: Plan 1: ḡ=31, γE[v]=0.0, Q=31.0 (fn)
2026-09-23 15:57:37,999 INFO: Plan 0: ḡ=25, γE[v]=0.0, Q=25.0 (fn)
2026-09-23 15:57:38,855 INFO: Plan 2: ḡ=19, γE[v]=0.0, Q=19.0 (fn)
2026-09-23 15:57:38,855 INFO: Plan 0: ḡ=11.2, γE[v]=11.5, Q=22.7 (bayes)
2026-09-23 15:57:38,855 INFO: Plan 1: ḡ=15.5, γE[v]=9.3, Q=24.8 (bayes)
2026-09-23 15:57:38,855 INFO: Plan 2: ḡ=7.5, γE[v]=13.3, Q=20.8 (bayes)
2026-09-23 15:57:40,301 INFO: Plan 0: ḡ=0, γE[v]=0.0, Q=0.0 (fn)
2026-09-23 15:57:40,301 INFO: Plan 0: ḡ=0.0, γE[v]=0.0, Q=0.0 (bayes)
2026-09-23 15:57:40,301 INFO: Plan 1: ḡ=0.0, γE[v]=0.0, Q=0.0 (bayes)
2026-09-23 15:57:40,302 INFO: Plan 2: ḡ=0.0, γE[v]=0.0, Q=0.0 (bayes)
2026-09-23 15:57:45,231 INFO: Plan 2: ḡ=3, γE[v]=0.0, Q=3.0 (fn)
2026-09-23 15:57:46,392 INFO: Plan 0: ḡ=5, γE[v]=0.0, Q=5.0 (fn)
2026-09-23 15:57:46,805 INFO: Plan 1: ḡ=6, γE[v]=0.5, Q=6.5 (fn)
2026-09-23 15:57:46,805 INFO: Plan 0: ḡ=1.2, γE[v]=0.9, Q=2.1 (bayes)
2026-09-23 15:57:46,806 INFO: Plan 1: ḡ=1.6, γE[v]=0.7, Q=2.4 (bayes)
2026-09-23 15:57:46,806 INFO: Plan 2: ḡ=0.4, γE[v]=1.3, Q=1.7 (bayes)
2026-09-23 15:57:54,193 INFO: Plan 0: ḡ=1, γE[v]=0.0, Q=1.0 (fn)
2026-09-23 15:57:54,854 INFO: Plan 2: ḡ=1, γE[v]=0.0, Q=1.0 (fn)
2026-09-23 15:57:54,855 INFO: Plan 1: ḡ=1, γE[v]=0.0, Q=1.0 (fn)
2026-09-23 15:57:54,855 INFO: Plan 0: ḡ=0.2, γE[v]=0.0, Q=0.2 (bayes)
2026-09-23 15:57:54,855 INFO: Plan 1: ḡ=0.2, γE[v]=0.0, Q=0.2 (bayes)
2026-09-23 15:57:54,855 INFO: Plan 2: ḡ=0.2, γE[v]=0.0, Q=0.2 (bayes)
2026-09-23 15:57:55,734 INFO: Plan 0: ḡ=0, γE[v]=0.0, Q=0.0 (fn)
2026-09-23 15:57:55,735 INFO: Plan 1: ḡ=0, γE[v]=0.0, Q=0.0 (fn)
2026-09-23 15:57:56,601 INFO: Plan 2: ḡ=0, γE[v]=0.0, Q=0.0 (fn)
2026-09-23 15:57:56,603 INFO: Plan 0: ḡ=0.0, γE[v]=0.0, Q=0.0 (bayes)
2026-09-23 15:57:56,603 INFO: Plan 1: ḡ=0.0, γE[v]=0.0, Q=0.0 (bayes)
2026-09-23 15:57:56,603 INFO: Plan 2: ḡ=0.0, γE[v]=0.0, Q=0.0 (bayes)
2026-09-23 15:57:57,740 INFO: Plan 2: ḡ=2, γE[v]=0.0, Q=2.0 (fn)
2026-09-23 15:57:57,740 INFO: Plan 1: ḡ=2, γE[v]=0.0, Q=2.0 (fn)
2026-09-23 15:57:59,806 INFO: Plan 0: ḡ=10, γE[v]=0.0, Q=10.0 (fn)
2026-09-23 15:57:59,850 INFO: Plan 0: ḡ=12, γE[v]=2.0, Q=14.0 (fn)
2026-09-23 15:57:59,850 INFO: Plan 0: ḡ=1.5, γE[v]=0.5, Q=2.0 (bayes)
2026-09-23 15:57:59,850 INFO: Plan 1: ḡ=0.3, γE[v]=0.9, Q=1.2 (bayes)
2026-09-23 15:57:59,850 INFO: Plan 2: ḡ=0.3, γE[v]=0.9, Q=1.2 (bayes)
2026-09-23 15:58:00,188 INFO: Plan 1: ḡ=35, γE[v]=0.0, Q=35.0 (fn)
2026-09-23 15:58:00,511 INFO: Plan 2: ḡ=0, γE[v]=0.0, Q=0.0 (fn)
2026-09-23 15:58:00,511 INFO: Plan 0: ḡ=1.9, γE[v]=2.2, Q=4.0 (bayes)
2026-09-23 15:58:00,512 INFO: Plan 1: ḡ=4.4, γE[v]=0.9, Q=5.3 (bayes)
2026-09-23 15:58:00,512 INFO: Plan 2: ḡ=0.0, γE[v]=3.1, Q=3.1 (bayes)
2026-09-23 15:58:02,983 INFO: Plan 1: ḡ=0, γE[v]=0.0, Q=0.0 (fn)
2026-09-23 15:58:03,112 INFO: Plan 0: ḡ=0, γE[v]=0.0, Q=0.0 (fn)
2026-09-23 15:58:04,162 INFO: Plan 2: ḡ=0, γE[v]=0.0, Q=0.0 (fn)
2026-09-23 15:58:04,162 INFO: Plan 0: ḡ=0.0, γE[v]=0.0, Q=0.0 (bayes)
2026-09-23 15:58:04,162 INFO: Plan 1: ḡ=0.0, γE[v]=0.0, Q=0.0 (bayes)
2026-09-23 15:58:04,162 INFO: Plan 2: ḡ=0.0, γE[v]=0.0, Q=0.0 (bayes)
2026-09-23 15:58:06,843 INFO: Plan 2: ḡ=15, γE[v]=0.0, Q=15.0 (fn)
2026-09-23 15:58:07,750 INFO: Plan 0: ḡ=62, γE[v]=0.0, Q=62.0 (fn)
2026-09-23 15:58:07,832 INFO: Plan 2: ḡ=117, γE[v]=0.0, Q=117.0 (fn)
2026-09-23 15:58:08,692 INFO: Plan 0: ḡ=7, γE[v]=0.0, Q=7.0 (fn)
2026-09-23 15:58:08,692 INFO: Plan 1: ḡ=10, γE[v]=0.0, Q=10.0 (fn)
2026-09-23 15:58:09,770 INFO: Plan 2: ḡ=17, γE[v]=0.0, Q=17.0 (fn)
2026-09-23 15:58:09,771 INFO: Plan 0: ḡ=1.5, γE[v]=0.7, Q=2.2 (bayes)
2026-09-23 15:58:09,771 INFO: Plan 1: ḡ=1.5, γE[v]=0.7, Q=2.2 (bayes)
2026-09-23 15:58:09,771 INFO: Plan 2: ḡ=2.9, γE[v]=0.0, Q=2.9 (bayes)
2026-09-23 15:58:12,117 INFO: Plan 0: ḡ=9, γE[v]=0.5, Q=9.5 (fn)
2026-09-23 15:58:12,375 INFO: Plan 2: ḡ=6, γE[v]=0.0, Q=6.0 (fn)
2026-09-23 15:58:12,458 INFO: Plan 1: ḡ=53, γE[v]=0.0, Q=53.0 (fn)
2026-09-23 15:58:12,458 INFO: Plan 0: ḡ=3.5, γE[v]=39.3, Q=42.9 (bayes)
2026-09-23 15:58:12,458 INFO: Plan 1: ḡ=19.3, γE[v]=31.4, Q=50.7 (bayes)
2026-09-23 15:58:12,458 INFO: Plan 2: ḡ=2.5, γE[v]=39.8, Q=42.3 (bayes)
2026-09-23 15:58:13,824 INFO: Plan 1: ḡ=12, γE[v]=9.0, Q=21.0 (fn)
2026-09-23 15:58:13,825 INFO: Plan 0: ḡ=10, γE[v]=9.0, Q=19.0 (fn)
2026-09-23 15:58:13,826 INFO: Plan 0: ḡ=3.8, γE[v]=9.6, Q=13.3 (bayes)
2026-09-23 15:58:13,826 INFO: Plan 1: ḡ=4.5, γE[v]=9.2, Q=13.7 (bayes)
2026-09-23 15:58:13,826 INFO: Plan 2: ḡ=4.5, γE[v]=8.7, Q=13.2 (bayes)
2026-09-23 15:58:14,042 INFO: Plan 1: ḡ=202, γE[v]=2.5, Q=204.5 (fn)
2026-09-23 15:58:14,043 INFO: Plan 0: ḡ=11.2, γE[v]=11.1, Q=22.3 (bayes)
2026-09-23 15:58:14,043 INFO: Plan 1: ḡ=31.7, γE[v]=1.0, Q=32.7 (bayes)
2026-09-23 15:58:14,043 INFO: Plan 2: ḡ=18.3, γE[v]=7.5, Q=25.8 (bayes)
2026-09-23 15:58:15,037 INFO: Plan 0: ḡ=4, γE[v]=0.0, Q=4.0 (fn)
2026-09-23 15:58:15,267 INFO: Plan 1: ḡ=16, γE[v]=0.0, Q=16.0 (fn)
2026-09-23 15:58:15,497 INFO: Plan 2: ḡ=13, γE[v]=0.0, Q=13.0 (fn)
2026-09-23 15:58:15,497 INFO: Plan 0: ḡ=1.3, γE[v]=5.0, Q=6.4 (bayes)
2026-09-23 15:58:15,498 INFO: Plan 1: ḡ=4.0, γE[v]=3.7, Q=7.7 (bayes)
2026-09-23 15:58:15,498 INFO: Plan 2: ḡ=4.3, γE[v]=3.5, Q=7.9 (bayes)
2026-09-23 15:58:16,764 INFO: Plan 0: ḡ=0, γE[v]=0.0, Q=0.0 (fn)
2026-09-23 15:58:18,621 INFO: Plan 1: ḡ=0, γE[v]=0.0, Q=0.0 (fn)
2026-09-23 15:58:20,013 INFO: Plan 2: ḡ=0, γE[v]=0.0, Q=0.0 (fn)
2026-09-23 15:58:20,014 INFO: Plan 0: ḡ=0.0, γE[v]=0.0, Q=0.0 (bayes)
2026-09-23 15:58:20,014 INFO: Plan 1: ḡ=0.0, γE[v]=0.0, Q=0.0 (bayes)
2026-09-23 15:58:20,014 INFO: Plan 2: ḡ=0.0, γE[v]=0.0, Q=0.0 (bayes)
2026-09-23 15:58:22,202 INFO: Plan 2: ḡ=6, γE[v]=0.0, Q=6.0 (fn)
2026-09-23 15:58:22,441 INFO: Plan 1: ḡ=1, γE[v]=0.0, Q=1.0 (fn)
2026-09-23 15:58:22,684 INFO: Plan 1: ḡ=5, γE[v]=1.5, Q=6.5 (fn)
2026-09-23 15:58:22,867 INFO: Plan 0: ḡ=1, γE[v]=0.0, Q=1.0 (fn)
2026-09-23 15:58:23,194 INFO: Plan 2: ḡ=0, γE[v]=0.0, Q=0.0 (fn)
2026-09-23 15:58:23,195 INFO: Plan 0: ḡ=0.3, γE[v]=0.2, Q=0.5 (bayes)
2026-09-23 15:58:23,195 INFO: Plan 1: ḡ=0.3, γE[v]=0.2, Q=0.5 (bayes)
2026-09-23 15:58:23,195 INFO: Plan 2: ḡ=0.0, γE[v]=0.3, Q=0.3 (bayes)
2026-09-23 15:58:25,534 INFO: Plan 0: ḡ=17, γE[v]=4.0, Q=21.0 (fn)
2026-09-23 15:58:25,535 INFO: Plan 0: ḡ=3.2, γE[v]=2.2, Q=5.4 (bayes)
2026-09-23 15:58:25,535 INFO: Plan 1: ḡ=2.5, γE[v]=2.4, Q=4.9 (bayes)
2026-09-23 15:58:25,535 INFO: Plan 2: ḡ=3.0, γE[v]=2.1, Q=5.1 (bayes)
2026-09-23 15:58:26,447 INFO: Plan 2: ḡ=82, γE[v]=0.0, Q=82.0 (fn)
2026-09-23 15:58:26,778 INFO: Plan 0: ḡ=13, γE[v]=0.0, Q=13.0 (fn)
2026-09-23 15:58:27,155 INFO: Plan 1: ḡ=46, γE[v]=0.0, Q=46.0 (fn)
2026-09-23 15:58:27,156 INFO: Plan 0: ḡ=3.5, γE[v]=11.3, Q=14.8 (bayes)
2026-09-23 15:58:27,156 INFO: Plan 1: ḡ=9.0, γE[v]=8.6, Q=17.6 (bayes)
2026-09-23 15:58:27,156 INFO: Plan 2: ḡ=13.7, γE[v]=6.2, Q=19.9 (bayes)
2026-09-23 15:58:29,497 INFO: Plan 0: ḡ=20, γE[v]=0.0, Q=20.0 (fn)
2026-09-23 15:58:29,716 INFO: Plan 2: ḡ=23, γE[v]=0.0, Q=23.0 (fn)
2026-09-23 15:58:29,722 INFO: Plan 2: ḡ=97, γE[v]=0.0, Q=97.0 (fn)
2026-09-23 15:58:30,474 INFO: Plan 0: ḡ=7, γE[v]=0.0, Q=7.0 (fn)
2026-09-23 15:58:30,751 INFO: Plan 2: ḡ=6, γE[v]=0.0, Q=6.0 (fn)
2026-09-23 15:58:31,122 INFO: Plan 0: ḡ=4, γE[v]=0.0, Q=4.0 (fn)
2026-09-23 15:58:31,304 INFO: Plan 1: ḡ=5, γE[v]=3.5, Q=8.5 (fn)
2026-09-23 15:58:31,304 INFO: Plan 0: ḡ=1.2, γE[v]=1.1, Q=2.3 (bayes)
2026-09-23 15:58:31,304 INFO: Plan 1: ḡ=1.0, γE[v]=1.4, Q=2.5 (bayes)
2026-09-23 15:58:31,305 INFO: Plan 2: ḡ=1.2, γE[v]=1.1, Q=2.3 (bayes)
2026-09-23 15:58:31,340 INFO: Plan 1: ḡ=1, γE[v]=0.0, Q=1.0 (fn)
2026-09-23 15:58:31,832 INFO: Plan 2: ḡ=11, γE[v]=0.0, Q=11.0 (fn)
2026-09-23 15:58:31,833 INFO: Plan 0: ḡ=1.3, γE[v]=1.1, Q=2.4 (bayes)
2026-09-23 15:58:31,833 INFO: Plan 1: ḡ=0.3, γE[v]=1.6, Q=1.9 (bayes)
2026-09-23 15:58:31,833 INFO: Plan 2: ḡ=1.8, γE[v]=0.8, Q=2.7 (bayes)
2026-09-23 15:58:33,647 INFO: Plan 1: ḡ=16, γE[v]=12.5, Q=28.5 (fn)
2026-09-23 15:58:33,766 INFO: Plan 1: ḡ=77, γE[v]=16.0, Q=93.0 (fn)
2026-09-23 15:58:33,766 INFO: Plan 0: ḡ=2.5, γE[v]=5.6, Q=8.1 (bayes)
2026-09-23 15:58:33,766 INFO: Plan 1: ḡ=9.6, γE[v]=3.3, Q=12.9 (bayes)
2026-09-23 15:58:33,766 INFO: Plan 2: ḡ=2.9, γE[v]=5.4, Q=8.2 (bayes)
2026-09-23 15:58:34,307 INFO: Plan 0: ḡ=17, γE[v]=0.0, Q=17.0 (fn)
2026-09-23 15:58:34,630 INFO: Plan 0: ḡ=20, γE[v]=40.0, Q=60.0 (fn)
2026-09-23 15:58:34,631 INFO: Plan 0: ḡ=6.7, γE[v]=62.6, Q=69.2 (bayes)
2026-09-23 15:58:34,631 INFO: Plan 1: ḡ=8.0, γE[v]=60.2, Q=68.2 (bayes)
2026-09-23 15:58:34,632 INFO: Plan 2: ḡ=15.6, γE[v]=55.8, Q=71.4 (bayes)
2026-09-23 15:58:35,048 INFO: Plan 2: ḡ=315, γE[v]=0.0, Q=315.0 (fn)
2026-09-23 15:58:36,063 INFO: Plan 0: ḡ=35, γE[v]=0.0, Q=35.0 (fn)
2026-09-23 15:58:37,128 INFO: Plan 1: ḡ=71, γE[v]=0.0, Q=71.0 (fn)
2026-09-23 15:58:37,129 INFO: Plan 0: ḡ=7.2, γE[v]=51.1, Q=58.3 (bayes)
2026-09-23 15:58:37,129 INFO: Plan 1: ḡ=27.5, γE[v]=41.0, Q=68.5 (bayes)
2026-09-23 15:58:37,129 INFO: Plan 2: ḡ=80.8, γE[v]=14.3, Q=95.1 (bayes)
2026-09-23 15:58:37,688 INFO: Plan 0: ḡ=0, γE[v]=0.0, Q=0.0 (fn)
2026-09-23 15:58:37,730 INFO: Plan 1: ḡ=0, γE[v]=0.0, Q=0.0 (fn)
2026-09-23 15:58:37,993 INFO: Plan 2: ḡ=0, γE[v]=0.0, Q=0.0 (fn)
2026-09-23 15:58:37,994 INFO: Plan 0: ḡ=0.0, γE[v]=0.0, Q=0.0 (bayes)
2026-09-23 15:58:37,994 INFO: Plan 1: ḡ=0.0, γE[v]=0.0, Q=0.0 (bayes)
2026-09-23 15:58:37,994 INFO: Plan 2: ḡ=0.0, γE[v]=0.0, Q=0.0 (bayes)
2026-09-23 15:58:41,378 INFO: Plan 1: ḡ=35, γE[v]=16.0, Q=51.0 (fn)
2026-09-23 15:58:41,583 INFO: Plan 0: ḡ=0, γE[v]=0.0, Q=0.0 (fn)
2026-09-23 15:58:41,584 INFO: Plan 1: ḡ=0, γE[v]=0.0, Q=0.0 (fn)
2026-09-23 15:58:41,662 INFO: Plan 2: ḡ=0, γE[v]=0.0, Q=0.0 (fn)
2026-09-23 15:58:41,662 INFO: Plan 0: ḡ=0.0, γE[v]=0.0, Q=0.0 (bayes)
2026-09-23 15:58:41,662 INFO: Plan 1: ḡ=0.0, γE[v]=0.0, Q=0.0 (bayes)
2026-09-23 15:58:41,662 INFO: Plan 2: ḡ=0.0, γE[v]=0.0, Q=0.0 (bayes)
2026-09-23 15:58:42,798 INFO: Plan 2: ḡ=240, γE[v]=7.0, Q=247.0 (fn)
2026-09-23 15:58:42,798 INFO: Plan 0: ḡ=5.1, γE[v]=19.2, Q=24.3 (bayes)
2026-09-23 15:58:42,799 INFO: Plan 1: ḡ=4.4, γE[v]=20.8, Q=25.2 (bayes)
2026-09-23 15:58:42,799 INFO: Plan 2: ḡ=30.0, γE[v]=7.3, Q=37.3 (bayes)
2026-09-23 15:58:45,492 INFO: Plan 0: ḡ=14, γE[v]=0.0, Q=14.0 (fn)
2026-09-23 15:58:46,173 INFO: Plan 1: ḡ=46, γE[v]=0.0, Q=46.0 (fn)
2026-09-23 15:58:47,307 INFO: Plan 2: ḡ=59, γE[v]=0.5, Q=59.5 (fn)
2026-09-23 15:58:47,308 INFO: Plan 0: ḡ=3.5, γE[v]=3.9, Q=7.4 (bayes)
2026-09-23 15:58:47,308 INFO: Plan 1: ḡ=7.8, γE[v]=1.8, Q=9.5 (bayes)
2026-09-23 15:58:47,308 INFO: Plan 2: ḡ=11.0, γE[v]=0.2, Q=11.2 (bayes)
2026-09-23 15:58:47,349 INFO: Plan 0: ḡ=2, γE[v]=0.0, Q=2.0 (fn)
2026-09-23 15:58:47,808 INFO: Plan 1: ḡ=4, γE[v]=0.0, Q=4.0 (fn)
2026-09-23 15:58:48,322 INFO: Plan 0: ḡ=1, γE[v]=0.0, Q=1.0 (fn)
2026-09-23 15:58:48,323 INFO: Plan 2: ḡ=0, γE[v]=0.0, Q=0.0 (fn)
2026-09-23 15:58:48,323 INFO: Plan 1: ḡ=11, γE[v]=0.0, Q=11.0 (fn)
2026-09-23 15:58:48,324 INFO: Plan 0: ḡ=0.2, γE[v]=0.8, Q=0.9 (bayes)
2026-09-23 15:58:48,324 INFO: Plan 1: ḡ=1.6, γE[v]=0.1, Q=1.6 (bayes)
2026-09-23 15:58:48,324 INFO: Plan 2: ḡ=0.0, γE[v]=0.9, Q=0.9 (bayes)
2026-09-23 15:58:49,144 INFO: Plan 2: ḡ=6, γE[v]=0.0, Q=6.0 (fn)
2026-09-23 15:58:49,145 INFO: Plan 0: ḡ=0.3, γE[v]=0.3, Q=0.6 (bayes)
2026-09-23 15:58:49,145 INFO: Plan 1: ḡ=0.5, γE[v]=0.1, Q=0.7 (bayes)
2026-09-23 15:58:49,145 INFO: Plan 2: ḡ=0.8, γE[v]=0.0, Q=0.8 (bayes)
2026-09-23 15:58:49,971 INFO: Plan 0: ḡ=20, γE[v]=0.0, Q=20.0 (fn)
2026-09-23 15:58:50,013 INFO: Plan 1: ḡ=9, γE[v]=0.0, Q=9.0 (fn)
2026-09-23 15:58:50,268 INFO: Plan 2: ḡ=3, γE[v]=0.0, Q=3.0 (fn)
2026-09-23 15:58:50,269 INFO: Plan 0: ḡ=2.9, γE[v]=2.2, Q=5.1 (bayes)
2026-09-23 15:58:50,269 INFO: Plan 1: ḡ=3.0, γE[v]=2.2, Q=5.2 (bayes)
2026-09-23 15:58:50,269 INFO: Plan 2: ḡ=1.5, γE[v]=2.9, Q=4.4 (bayes)
2026-09-23 15:58:50,707 INFO: Plan 0: ḡ=16, γE[v]=0.0, Q=16.0 (fn)
2026-09-23 15:58:50,938 INFO: Plan 2: ḡ=34, γE[v]=0.0, Q=34.0 (fn)
2026-09-23 15:58:51,117 INFO: Plan 1: ḡ=32, γE[v]=0.0, Q=32.0 (fn)
2026-09-23 15:58:51,117 INFO: Plan 0: ḡ=8.0, γE[v]=13.0, Q=21.0 (bayes)
2026-09-23 15:58:51,117 INFO: Plan 1: ḡ=11.7, γE[v]=11.1, Q=22.8 (bayes)
2026-09-23 15:58:51,118 INFO: Plan 2: ḡ=14.2, γE[v]=9.8, Q=24.1 (bayes)
2026-09-23 15:58:52,090 INFO: Plan 0: ḡ=11, γE[v]=0.0, Q=11.0 (fn)
2026-09-23 15:58:52,326 INFO: Plan 1: ḡ=30, γE[v]=0.0, Q=30.0 (fn)
2026-09-23 15:58:53,048 INFO: Plan 2: ḡ=11, γE[v]=0.0, Q=11.0 (fn)
2026-09-23 15:58:53,938 INFO: Plan 2: ḡ=88, γE[v]=9.0, Q=97.0 (fn)
2026-09-23 15:58:53,939 INFO: Plan 0: ḡ=5.2, γE[v]=26.7, Q=31.9 (bayes)
2026-09-23 15:58:53,939 INFO: Plan 1: ḡ=10.2, γE[v]=24.2, Q=34.4 (bayes)
2026-09-23 15:58:53,939 INFO: Plan 2: ḡ=27.3, γE[v]=16.3, Q=43.6 (bayes)
2026-09-23 15:58:54,616 INFO: Plan 1: ḡ=46, γE[v]=0.0, Q=46.0 (fn)
2026-09-23 15:58:54,733 INFO: Plan 0: ḡ=39, γE[v]=2.5, Q=41.5 (fn)
2026-09-23 15:58:54,734 INFO: Plan 0: ḡ=11.5, γE[v]=9.9, Q=21.4 (bayes)
2026-09-23 15:58:54,734 INFO: Plan 1: ḡ=14.1, γE[v]=8.4, Q=22.5 (bayes)
2026-09-23 15:58:54,734 INFO: Plan 2: ḡ=4.7, γE[v]=13.1, Q=17.8 (bayes)
2026-09-23 15:58:55,617 INFO: Plan 0: ḡ=0, γE[v]=0.0, Q=0.0 (fn)
2026-09-23 15:58:55,965 INFO: Plan 2: ḡ=0, γE[v]=0.0, Q=0.0 (fn)
2026-09-23 15:58:55,965 INFO: Plan 1: ḡ=0, γE[v]=0.0, Q=0.0 (fn)
2026-09-23 15:58:55,966 INFO: Plan 0: ḡ=0.0, γE[v]=0.0, Q=0.0 (bayes)
2026-09-23 15:58:55,966 INFO: Plan 1: ḡ=0.0, γE[v]=0.0, Q=0.0 (bayes)
2026-09-23 15:58:55,966 INFO: Plan 2: ḡ=0.0, γE[v]=0.0, Q=0.0 (bayes)
2026-09-23 15:58:56,618 INFO: Plan 1: ḡ=0, γE[v]=0.0, Q=0.0 (fn)
2026-09-23 15:58:57,094 INFO: Plan 0: ḡ=1, γE[v]=0.0, Q=1.0 (fn)
2026-09-23 15:58:57,749 INFO: Plan 0: ḡ=0, γE[v]=0.0, Q=0.0 (fn)
2026-09-23 15:58:57,998 INFO: Plan 1: ḡ=0, γE[v]=0.0, Q=0.0 (fn)
2026-09-23 15:58:58,034 INFO: Plan 2: ḡ=0, γE[v]=0.0, Q=0.0 (fn)
2026-09-23 15:58:58,034 INFO: Plan 0: ḡ=0.0, γE[v]=0.0, Q=0.0 (bayes)
2026-09-23 15:58:58,034 INFO: Plan 1: ḡ=0.0, γE[v]=0.0, Q=0.0 (bayes)
2026-09-23 15:58:58,035 INFO: Plan 2: ḡ=0.0, γE[v]=0.0, Q=0.0 (bayes)
2026-09-23 15:58:58,537 INFO: Plan 2: ḡ=0, γE[v]=0.5, Q=0.5 (fn)
2026-09-23 15:58:58,538 INFO: Plan 0: ḡ=0.3, γE[v]=0.0, Q=0.3 (bayes)
2026-09-23 15:58:58,538 INFO: Plan 1: ḡ=0.0, γE[v]=0.2, Q=0.2 (bayes)
2026-09-23 15:58:58,538 INFO: Plan 2: ḡ=0.0, γE[v]=0.2, Q=0.2 (bayes)
2026-09-23 15:59:02,272 INFO: Plan 0: ḡ=58, γE[v]=67.5, Q=125.5 (fn)
2026-09-23 15:59:03,920 INFO: Plan 1: ḡ=208, γE[v]=8.5, Q=216.5 (fn)
2026-09-23 15:59:04,670 INFO: Plan 0: ḡ=2, γE[v]=0.0, Q=2.0 (fn)
2026-09-23 15:59:04,828 INFO: Plan 1: ḡ=3, γE[v]=0.0, Q=3.0 (fn)
2026-09-23 15:59:05,084 INFO: Plan 2: ḡ=2, γE[v]=0.0, Q=2.0 (fn)
2026-09-23 15:59:05,084 INFO: Plan 0: ḡ=0.7, γE[v]=0.7, Q=1.4 (bayes)
2026-09-23 15:59:05,084 INFO: Plan 1: ḡ=1.2, γE[v]=0.5, Q=1.6 (bayes)
2026-09-23 15:59:05,085 INFO: Plan 2: ḡ=0.6, γE[v]=0.8, Q=1.3 (bayes)
2026-09-23 15:59:06,885 INFO: Plan 2: ḡ=164, γE[v]=30.5, Q=194.5 (fn)
2026-09-23 15:59:06,886 INFO: Plan 0: ḡ=7.2, γE[v]=15.8, Q=23.0 (bayes)
2026-09-23 15:59:06,886 INFO: Plan 1: ḡ=26.0, γE[v]=1.7, Q=27.7 (bayes)
2026-09-23 15:59:06,886 INFO: Plan 2: ḡ=20.5, γE[v]=6.2, Q=26.7 (bayes)
2026-09-23 15:59:08,722 INFO: Plan 1: ḡ=10, γE[v]=0.0, Q=10.0 (fn)
2026-09-23 15:59:08,954 INFO: Plan 0: ḡ=15, γE[v]=0.0, Q=15.0 (fn)
2026-09-23 15:59:08,954 INFO: Plan 2: ḡ=4, γE[v]=0.0, Q=4.0 (fn)
2026-09-23 15:59:08,955 INFO: Plan 0: ḡ=1.7, γE[v]=1.2, Q=2.9 (bayes)
2026-09-23 15:59:08,955 INFO: Plan 1: ḡ=1.7, γE[v]=1.2, Q=2.9 (bayes)
2026-09-23 15:59:08,955 INFO: Plan 2: ḡ=0.8, γE[v]=1.7, Q=2.5 (bayes)
2026-09-23 15:59:09,096 INFO: Plan 1: ḡ=0, γE[v]=0.0, Q=0.0 (fn)
2026-09-23 15:59:09,176 INFO: Plan 2: ḡ=0, γE[v]=0.0, Q=0.0 (fn)
2026-09-23 15:59:09,716 INFO: Plan 0: ḡ=0, γE[v]=0.0, Q=0.0 (fn)
2026-09-23 15:59:09,716 INFO: Plan 0: ḡ=0.0, γE[v]=0.0, Q=0.0 (bayes)
2026-09-23 15:59:09,716 INFO: Plan 1: ḡ=0.0, γE[v]=0.0, Q=0.0 (bayes)
2026-09-23 15:59:09,717 INFO: Plan 2: ḡ=0.0, γE[v]=0.0, Q=0.0 (bayes)
2026-09-23 15:59:13,949 INFO: Plan 0: ḡ=0, γE[v]=0.0, Q=0.0 (fn)
2026-09-23 15:59:14,148 INFO: Plan 1: ḡ=0, γE[v]=0.0, Q=0.0 (fn)
2026-09-23 15:59:14,230 INFO: Plan 2: ḡ=0, γE[v]=0.0, Q=0.0 (fn)
2026-09-23 15:59:14,230 INFO: Plan 0: ḡ=0.0, γE[v]=0.0, Q=0.0 (bayes)
2026-09-23 15:59:14,230 INFO: Plan 1: ḡ=0.0, γE[v]=0.0, Q=0.0 (bayes)
2026-09-23 15:59:14,230 INFO: Plan 2: ḡ=0.0, γE[v]=0.0, Q=0.0 (bayes)
2026-09-23 15:59:15,002 INFO: Plan 1: ḡ=0, γE[v]=0.0, Q=0.0 (fn)
2026-09-23 15:59:15,040 INFO: Plan 0: ḡ=0, γE[v]=0.0, Q=0.0 (fn)
2026-09-23 15:59:15,956 INFO: Plan 2: ḡ=0, γE[v]=0.0, Q=0.0 (fn)
2026-09-23 15:59:15,957 INFO: Plan 0: ḡ=0.0, γE[v]=0.0, Q=0.0 (bayes)
2026-09-23 15:59:15,957 INFO: Plan 1: ḡ=0.0, γE[v]=0.0, Q=0.0 (bayes)
2026-09-23 15:59:15,957 INFO: Plan 2: ḡ=0.0, γE[v]=0.0, Q=0.0 (bayes)
2026-09-23 15:59:16,519 INFO: Plan 1: ḡ=0, γE[v]=0.0, Q=0.0 (fn)
2026-09-23 15:59:16,520 INFO: Plan 2: ḡ=0, γE[v]=0.0, Q=0.0 (fn)
2026-09-23 15:59:16,520 INFO: Plan 0: ḡ=0, γE[v]=0.0, Q=0.0 (fn)
2026-09-23 15:59:16,521 INFO: Plan 0: ḡ=0.0, γE[v]=0.0, Q=0.0 (bayes)
2026-09-23 15:59:16,521 INFO: Plan 1: ḡ=0.0, γE[v]=0.0, Q=0.0 (bayes)
2026-09-23 15:59:16,521 INFO: Plan 2: ḡ=0.0, γE[v]=0.0, Q=0.0 (bayes)
2026-09-23 15:59:21,408 INFO: Plan 0: ḡ=1, γE[v]=0.0, Q=1.0 (fn)
2026-09-23 15:59:21,409 INFO: Plan 1: ḡ=1, γE[v]=0.0, Q=1.0 (fn)
2026-09-23 15:59:21,907 INFO: Plan 2: ḡ=1, γE[v]=0.0, Q=1.0 (fn)
2026-09-23 15:59:21,908 INFO: Plan 0: ḡ=0.2, γE[v]=0.0, Q=0.2 (bayes)
2026-09-23 15:59:21,908 INFO: Plan 1: ḡ=0.2, γE[v]=0.0, Q=0.2 (bayes)
2026-09-23 15:59:21,908 INFO: Plan 2: ḡ=0.2, γE[v]=0.0, Q=0.2 (bayes)
2026-09-23 15:59:31,671 INFO: Plan 1: ḡ=19, γE[v]=0.0, Q=19.0 (fn)
2026-09-23 15:59:31,880 INFO: Plan 2: ḡ=3, γE[v]=0.0, Q=3.0 (fn)
2026-09-23 15:59:33,363 INFO: Plan 0: ḡ=158, γE[v]=0.0, Q=158.0 (fn)
2026-09-23 15:59:33,364 INFO: Plan 0: ḡ=17.6, γE[v]=0.6, Q=18.1 (bayes)
2026-09-23 15:59:33,364 INFO: Plan 1: ḡ=2.3, γE[v]=8.2, Q=10.5 (bayes)
2026-09-23 15:59:33,364 INFO: Plan 2: ḡ=0.8, γE[v]=9.0, Q=9.7 (bayes)
2026-09-23 15:59:37,850 INFO: Plan 0: ḡ=2, γE[v]=0.0, Q=2.0 (fn)
2026-09-23 15:59:39,227 INFO: Plan 1: ḡ=17, γE[v]=0.0, Q=17.0 (fn)
2026-09-23 15:59:39,619 INFO: Plan 0: ḡ=32, γE[v]=0.0, Q=32.0 (fn)
2026-09-23 15:59:39,975 INFO: Plan 2: ḡ=17, γE[v]=0.0, Q=17.0 (fn)
2026-09-23 15:59:39,975 INFO: Plan 0: ḡ=0.3, γE[v]=1.0, Q=1.3 (bayes)
2026-09-23 15:59:39,975 INFO: Plan 1: ḡ=2.3, γE[v]=0.0, Q=2.3 (bayes)
2026-09-23 15:59:39,975 INFO: Plan 2: ḡ=2.3, γE[v]=0.0, Q=2.3 (bayes)
2026-09-23 15:59:40,473 INFO: Plan 2: ḡ=60, γE[v]=0.0, Q=60.0 (fn)
2026-09-23 15:59:40,646 INFO: Plan 1: ḡ=53, γE[v]=0.0, Q=53.0 (fn)
2026-09-23 15:59:40,647 INFO: Plan 0: ḡ=11.3, γE[v]=57.6, Q=68.9 (bayes)
2026-09-23 15:59:40,647 INFO: Plan 1: ḡ=16.1, γE[v]=55.2, Q=71.3 (bayes)
2026-09-23 15:59:40,647 INFO: Plan 2: ḡ=30.0, γE[v]=48.2, Q=78.2 (bayes)
2026-09-23 15:59:41,278 INFO: Plan 1: ḡ=1, γE[v]=0.0, Q=1.0 (fn)
2026-09-23 15:59:41,427 INFO: Plan 0: ḡ=3, γE[v]=0.0, Q=3.0 (fn)
2026-09-23 15:59:41,428 INFO: Plan 2: ḡ=3, γE[v]=0.0, Q=3.0 (fn)
2026-09-23 15:59:41,429 INFO: Plan 0: ḡ=0.8, γE[v]=0.1, Q=0.8 (bayes)
2026-09-23 15:59:41,429 INFO: Plan 1: ḡ=0.1, γE[v]=0.4, Q=0.5 (bayes)
2026-09-23 15:59:41,429 INFO: Plan 2: ḡ=0.8, γE[v]=0.1, Q=0.8 (bayes)
2026-09-23 15:59:48,136 INFO: Plan 0: ḡ=12, γE[v]=0.0, Q=12.0 (fn)
2026-09-23 15:59:48,310 INFO: Plan 1: ḡ=2, γE[v]=0.0, Q=2.0 (fn)
2026-09-23 15:59:48,349 INFO: Plan 2: ḡ=2, γE[v]=0.0, Q=2.0 (fn)
2026-09-23 15:59:48,350 INFO: Plan 0: ḡ=1.3, γE[v]=0.3, Q=1.6 (bayes)
2026-09-23 15:59:48,350 INFO: Plan 1: ḡ=0.3, γE[v]=0.8, Q=1.1 (bayes)
2026-09-23 15:59:48,350 INFO: Plan 2: ḡ=0.3, γE[v]=0.8, Q=1.1 (bayes)
2026-09-23 15:59:49,928 INFO: Plan 0: ḡ=25, γE[v]=0.0, Q=25.0 (fn)
2026-09-23 15:59:49,969 INFO: Plan 1: ḡ=31, γE[v]=0.0, Q=31.0 (fn)
2026-09-23 15:59:50,787 INFO: Plan 2: ḡ=19, γE[v]=0.0, Q=19.0 (fn)
2026-09-23 15:59:50,788 INFO: Plan 0: ḡ=11.2, γE[v]=8.9, Q=20.1 (bayes)
2026-09-23 15:59:50,788 INFO: Plan 1: ḡ=10.3, γE[v]=9.3, Q=19.7 (bayes)
2026-09-23 15:59:50,788 INFO: Plan 2: ḡ=7.5, γE[v]=10.8, Q=18.2 (bayes)
2026-09-23 15:59:51,928 INFO: Plan 1: ḡ=0, γE[v]=0.0, Q=0.0 (fn)
2026-09-23 15:59:52,795 INFO: Plan 2: ḡ=0, γE[v]=0.0, Q=0.0 (fn)
2026-09-23 15:59:57,287 INFO: Plan 0: ḡ=0, γE[v]=0.0, Q=0.0 (fn)
2026-09-23 15:59:57,288 INFO: Plan 0: ḡ=0.0, γE[v]=0.0, Q=0.0 (bayes)
2026-09-23 15:59:57,288 INFO: Plan 1: ḡ=0.0, γE[v]=0.0, Q=0.0 (bayes)
2026-09-23 15:59:57,288 INFO: Plan 2: ḡ=0.0, γE[v]=0.0, Q=0.0 (bayes)
2026-09-23 16:00:00,134 INFO: Plan 0: ḡ=0, γE[v]=0.0, Q=0.0 (fn)
2026-09-23 16:00:00,751 INFO: Plan 2: ḡ=0, γE[v]=0.0, Q=0.0 (fn)
2026-09-23 16:00:00,979 INFO: Plan 0: ḡ=1, γE[v]=0.0, Q=1.0 (fn)
2026-09-23 16:00:01,395 INFO: Plan 1: ḡ=1, γE[v]=0.0, Q=1.0 (fn)
2026-09-23 16:00:01,396 INFO: Plan 2: ḡ=1, γE[v]=0.0, Q=1.0 (fn)
2026-09-23 16:00:01,397 INFO: Plan 0: ḡ=0.1, γE[v]=0.0, Q=0.1 (bayes)
2026-09-23 16:00:01,397 INFO: Plan 1: ḡ=0.1, γE[v]=0.0, Q=0.1 (bayes)
2026-09-23 16:00:01,397 INFO: Plan 2: ḡ=0.1, γE[v]=0.0, Q=0.1 (bayes)
2026-09-23 16:00:02,074 INFO: Plan 0: ḡ=0, γE[v]=0.0, Q=0.0 (fn)
2026-09-23 16:00:02,111 INFO: Plan 1: ḡ=0, γE[v]=0.0, Q=0.0 (fn)
2026-09-23 16:00:02,372 INFO: Plan 2: ḡ=0, γE[v]=0.0, Q=0.0 (fn)
2026-09-23 16:00:02,373 INFO: Plan 0: ḡ=0.0, γE[v]=0.0, Q=0.0 (bayes)
2026-09-23 16:00:02,373 INFO: Plan 1: ḡ=0.0, γE[v]=0.0, Q=0.0 (bayes)
2026-09-23 16:00:02,373 INFO: Plan 2: ḡ=0.0, γE[v]=0.0, Q=0.0 (bayes)
2026-09-23 16:00:02,741 INFO: Plan 2: ḡ=0, γE[v]=0.0, Q=0.0 (fn)
2026-09-23 16:00:03,141 INFO: Plan 0: ḡ=4, γE[v]=0.0, Q=4.0 (fn)
2026-09-23 16:00:03,180 INFO: Plan 1: ḡ=6, γE[v]=0.0, Q=6.0 (fn)
2026-09-23 16:00:03,180 INFO: Plan 0: ḡ=0.7, γE[v]=0.6, Q=1.3 (bayes)
2026-09-23 16:00:03,180 INFO: Plan 1: ḡ=1.2, γE[v]=0.3, Q=1.5 (bayes)
2026-09-23 16:00:03,180 INFO: Plan 2: ḡ=0.0, γE[v]=0.9, Q=0.9 (bayes)
2026-09-23 16:00:03,637 INFO: Plan 1: ḡ=0, γE[v]=0.0, Q=0.0 (fn)
2026-09-23 16:00:03,637 INFO: Plan 0: ḡ=0.0, γE[v]=0.0, Q=0.0 (bayes)
2026-09-23 16:00:03,637 INFO: Plan 1: ḡ=0.0, γE[v]=0.0, Q=0.0 (bayes)
2026-09-23 16:00:03,637 INFO: Plan 2: ḡ=0.0, γE[v]=0.0, Q=0.0 (bayes)
2026-09-23 16:00:06,324 INFO: Plan 0: ḡ=24, γE[v]=0.0, Q=24.0 (fn)
2026-09-23 16:00:07,123 INFO: Plan 2: ḡ=0, γE[v]=0.0, Q=0.0 (fn)
2026-09-23 16:00:08,256 INFO: Plan 1: ḡ=10, γE[v]=0.0, Q=10.0 (fn)
2026-09-23 16:00:08,861 INFO: Plan 0: ḡ=7, γE[v]=0.0, Q=7.0 (fn)
2026-09-23 16:00:08,861 INFO: Plan 0: ḡ=1.2, γE[v]=0.6, Q=1.8 (bayes)
2026-09-23 16:00:08,861 INFO: Plan 1: ḡ=1.3, γE[v]=0.6, Q=1.9 (bayes)
2026-09-23 16:00:08,862 INFO: Plan 2: ḡ=0.0, γE[v]=1.2, Q=1.2 (bayes)
2026-09-23 16:00:09,174 INFO: Plan 1: ḡ=95, γE[v]=0.0, Q=95.0 (fn)
2026-09-23 16:00:10,255 INFO: Plan 2: ḡ=61, γE[v]=0.0, Q=61.0 (fn)
2026-09-23 16:00:10,295 INFO: Plan 0: ḡ=40, γE[v]=0.0, Q=40.0 (fn)
2026-09-23 16:00:11,272 INFO: Plan 2: ḡ=13, γE[v]=0.0, Q=13.0 (fn)
2026-09-23 16:00:11,896 INFO: Plan 1: ḡ=27, γE[v]=0.0, Q=27.0 (fn)
2026-09-23 16:00:11,897 INFO: Plan 0: ḡ=10.0, γE[v]=38.7, Q=48.7 (bayes)
2026-09-23 16:00:11,897 INFO: Plan 1: ḡ=10.8, γE[v]=38.4, Q=49.1 (bayes)
2026-09-23 16:00:11,897 INFO: Plan 2: ḡ=17.5, γE[v]=35.0, Q=52.5 (bayes)
2026-09-23 16:00:12,155 INFO: Plan 0: ḡ=16, γE[v]=0.0, Q=16.0 (fn)
2026-09-23 16:00:12,372 INFO: Plan 2: ḡ=107, γE[v]=0.0, Q=107.0 (fn)
2026-09-23 16:00:12,372 INFO: Plan 0: ḡ=10.3, γE[v]=71.1, Q=81.4 (bayes)
2026-09-23 16:00:12,372 INFO: Plan 1: ḡ=28.8, γE[v]=61.9, Q=90.6 (bayes)
2026-09-23 16:00:12,372 INFO: Plan 2: ḡ=33.5, γE[v]=59.5, Q=93.0 (bayes)
2026-09-23 16:00:13,347 INFO: Plan 2: ḡ=6, γE[v]=0.0, Q=6.0 (fn)
2026-09-23 16:00:13,459 INFO: Plan 2: ḡ=0, γE[v]=0.0, Q=0.0 (fn)
2026-09-23 16:00:13,459 INFO: Plan 1: ḡ=3, γE[v]=1.5, Q=4.5 (fn)
2026-09-23 16:00:13,460 INFO: Plan 0: ḡ=2.7, γE[v]=1.0, Q=3.7 (bayes)
2026-09-23 16:00:13,460 INFO: Plan 1: ḡ=1.0, γE[v]=1.9, Q=2.9 (bayes)
2026-09-23 16:00:13,460 INFO: Plan 2: ḡ=2.0, γE[v]=1.3, Q=3.4 (bayes)
2026-09-23 16:00:13,579 INFO: Plan 0: ḡ=4, γE[v]=0.0, Q=4.0 (fn)
2026-09-23 16:00:13,730 INFO: Plan 1: ḡ=1, γE[v]=0.0, Q=1.0 (fn)
2026-09-23 16:00:13,933 INFO: Plan 0: ḡ=7, γE[v]=0.0, Q=7.0 (fn)
2026-09-23 16:00:13,974 INFO: Plan 2: ḡ=11, γE[v]=0.0, Q=11.0 (fn)
2026-09-23 16:00:13,975 INFO: Plan 0: ḡ=1.3, γE[v]=1.0, Q=2.3 (bayes)
2026-09-23 16:00:13,975 INFO: Plan 1: ḡ=0.3, γE[v]=1.5, Q=1.8 (bayes)
2026-09-23 16:00:13,975 INFO: Plan 2: ḡ=1.6, γE[v]=0.8, Q=2.4 (bayes)
2026-09-23 16:00:14,160 INFO: Plan 1: ḡ=6, γE[v]=0.0, Q=6.0 (fn)
2026-09-23 16:00:14,160 INFO: Plan 0: ḡ=1.0, γE[v]=0.6, Q=1.6 (bayes)
2026-09-23 16:00:14,160 INFO: Plan 1: ḡ=1.2, γE[v]=0.5, Q=1.7 (bayes)
2026-09-23 16:00:14,160 INFO: Plan 2: ḡ=0.0, γE[v]=1.1, Q=1.1 (bayes)
  [1/93] rich.style seed=42: {'cov_qvalue_tgt_fnt_bayes': 133}
2026-09-23 16:00:14,835 INFO: Plan 1: ḡ=12, γE[v]=3.5, Q=15.5 (fn)
2026-09-23 16:00:15,421 INFO: Plan 1: ḡ=33, γE[v]=0.0, Q=33.0 (fn)
2026-09-23 16:00:15,829 INFO: Plan 0: ḡ=43, γE[v]=0.0, Q=43.0 (fn)
2026-09-23 16:00:16,093 INFO: Plan 2: ḡ=113, γE[v]=0.0, Q=113.0 (fn)
2026-09-23 16:00:16,093 INFO: Plan 0: ḡ=6.7, γE[v]=11.0, Q=17.6 (bayes)
2026-09-23 16:00:16,093 INFO: Plan 1: ḡ=4.3, γE[v]=12.1, Q=16.5 (bayes)
2026-09-23 16:00:16,093 INFO: Plan 2: ḡ=15.1, γE[v]=6.7, Q=21.9 (bayes)
2026-09-23 16:00:16,406 INFO: Plan 2: ḡ=9, γE[v]=0.0, Q=9.0 (fn)
2026-09-23 16:00:16,666 INFO: Plan 0: ḡ=9, γE[v]=0.0, Q=9.0 (fn)
2026-09-23 16:00:17,667 INFO: Plan 0: ḡ=12, γE[v]=7.0, Q=19.0 (fn)
2026-09-23 16:00:17,667 INFO: Plan 0: ḡ=3.6, γE[v]=8.1, Q=11.7 (bayes)
2026-09-23 16:00:17,667 INFO: Plan 1: ḡ=3.2, γE[v]=8.0, Q=11.3 (bayes)
2026-09-23 16:00:17,668 INFO: Plan 2: ḡ=3.7, γE[v]=7.6, Q=11.2 (bayes)
2026-09-23 16:00:18,335 INFO: Plan 1: ḡ=45, γE[v]=0.0, Q=45.0 (fn)
2026-09-23 16:00:18,336 INFO: Plan 0: ḡ=3.5, γE[v]=31.8, Q=35.3 (bayes)
2026-09-23 16:00:18,336 INFO: Plan 1: ḡ=15.9, γE[v]=25.6, Q=41.5 (bayes)
2026-09-23 16:00:18,336 INFO: Plan 2: ḡ=4.0, γE[v]=31.5, Q=35.5 (bayes)
2026-09-23 16:00:18,560 INFO: Plan 2: ḡ=0, γE[v]=0.0, Q=0.0 (fn)
2026-09-23 16:00:19,240 INFO: Plan 1: ḡ=0, γE[v]=0.0, Q=0.0 (fn)
2026-09-23 16:00:19,452 INFO: Plan 2: ḡ=0, γE[v]=0.0, Q=0.0 (fn)
2026-09-23 16:00:19,490 INFO: Plan 0: ḡ=1, γE[v]=0.0, Q=1.0 (fn)
2026-09-23 16:00:19,490 INFO: Plan 0: ḡ=0.3, γE[v]=0.0, Q=0.3 (bayes)
2026-09-23 16:00:19,490 INFO: Plan 1: ḡ=0.0, γE[v]=0.2, Q=0.2 (bayes)
2026-09-23 16:00:19,490 INFO: Plan 2: ḡ=0.0, γE[v]=0.2, Q=0.2 (bayes)
2026-09-23 16:00:21,220 INFO: Plan 0: ḡ=0, γE[v]=0.0, Q=0.0 (fn)
2026-09-23 16:00:21,221 INFO: Plan 1: ḡ=0, γE[v]=0.0, Q=0.0 (fn)
2026-09-23 16:00:21,221 INFO: Plan 0: ḡ=0.0, γE[v]=0.0, Q=0.0 (bayes)
2026-09-23 16:00:21,221 INFO: Plan 1: ḡ=0.0, γE[v]=0.0, Q=0.0 (bayes)
2026-09-23 16:00:21,221 INFO: Plan 2: ḡ=0.0, γE[v]=0.0, Q=0.0 (bayes)
2026-09-23 16:00:21,662 INFO: Plan 2: ḡ=0, γE[v]=0.0, Q=0.0 (fn)
2026-09-23 16:00:21,745 INFO: Plan 0: ḡ=4, γE[v]=0.0, Q=4.0 (fn)
2026-09-23 16:00:22,001 INFO: Plan 1: ḡ=0, γE[v]=0.0, Q=0.0 (fn)
2026-09-23 16:00:22,002 INFO: Plan 0: ḡ=0, γE[v]=0.0, Q=0.0 (fn)
2026-09-23 16:00:22,003 INFO: Plan 2: ḡ=0, γE[v]=0.0, Q=0.0 (fn)
2026-09-23 16:00:22,003 INFO: Plan 0: ḡ=0.0, γE[v]=0.0, Q=0.0 (bayes)
2026-09-23 16:00:22,003 INFO: Plan 1: ḡ=0.0, γE[v]=0.0, Q=0.0 (bayes)
2026-09-23 16:00:22,003 INFO: Plan 2: ḡ=0.0, γE[v]=0.0, Q=0.0 (bayes)
2026-09-23 16:00:22,243 INFO: Plan 1: ḡ=16, γE[v]=0.0, Q=16.0 (fn)
2026-09-23 16:00:22,244 INFO: Plan 0: ḡ=1.3, γE[v]=2.9, Q=4.2 (bayes)
2026-09-23 16:00:22,244 INFO: Plan 1: ḡ=4.0, γE[v]=1.5, Q=5.5 (bayes)
2026-09-23 16:00:22,244 INFO: Plan 2: ḡ=0.0, γE[v]=3.5, Q=3.5 (bayes)
2026-09-23 16:00:23,746 INFO: Plan 2: ḡ=82, γE[v]=0.0, Q=82.0 (fn)
2026-09-23 16:00:23,923 INFO: Plan 0: ḡ=13, γE[v]=0.0, Q=13.0 (fn)
2026-09-23 16:00:23,924 INFO: Plan 1: ḡ=46, γE[v]=0.0, Q=46.0 (fn)
2026-09-23 16:00:23,925 INFO: Plan 0: ḡ=3.5, γE[v]=10.4, Q=13.9 (bayes)
2026-09-23 16:00:23,925 INFO: Plan 1: ḡ=9.0, γE[v]=7.6, Q=16.6 (bayes)
2026-09-23 16:00:23,925 INFO: Plan 2: ḡ=11.7, γE[v]=6.2, Q=18.0 (bayes)
2026-09-23 16:00:28,239 INFO: Plan 1: ḡ=0, γE[v]=0.0, Q=0.0 (fn)
2026-09-23 16:00:28,240 INFO: Plan 0: ḡ=0, γE[v]=0.0, Q=0.0 (fn)
2026-09-23 16:00:28,430 INFO: Plan 2: ḡ=0, γE[v]=0.0, Q=0.0 (fn)
2026-09-23 16:00:28,432 INFO: Plan 0: ḡ=0.0, γE[v]=0.0, Q=0.0 (bayes)
2026-09-23 16:00:28,432 INFO: Plan 1: ḡ=0.0, γE[v]=0.0, Q=0.0 (bayes)
2026-09-23 16:00:28,432 INFO: Plan 2: ḡ=0.0, γE[v]=0.0, Q=0.0 (bayes)
2026-09-23 16:00:30,717 INFO: Plan 0: ḡ=35, γE[v]=0.0, Q=35.0 (fn)
2026-09-23 16:00:34,229 INFO: Plan 1: ḡ=31, γE[v]=17.5, Q=48.5 (fn)
2026-09-23 16:00:36,238 INFO: Plan 2: ḡ=45, γE[v]=12.0, Q=57.0 (fn)
2026-09-23 16:00:36,238 INFO: Plan 0: ḡ=5.1, γE[v]=17.5, Q=22.5 (bayes)
2026-09-23 16:00:36,238 INFO: Plan 1: ḡ=3.5, γE[v]=19.7, Q=23.1 (bayes)
2026-09-23 16:00:36,238 INFO: Plan 2: ḡ=5.0, γE[v]=18.4, Q=23.5 (bayes)
2026-09-23 16:00:36,274 INFO: Plan 0: ḡ=1, γE[v]=0.0, Q=1.0 (fn)
2026-09-23 16:00:36,956 INFO: Plan 1: ḡ=11, γE[v]=0.0, Q=11.0 (fn)
2026-09-23 16:00:37,206 INFO: Plan 2: ḡ=0, γE[v]=0.0, Q=0.0 (fn)
2026-09-23 16:00:37,207 INFO: Plan 0: ḡ=0.2, γE[v]=0.7, Q=0.8 (bayes)
2026-09-23 16:00:37,207 INFO: Plan 1: ḡ=1.4, γE[v]=0.1, Q=1.5 (bayes)
2026-09-23 16:00:37,207 INFO: Plan 2: ḡ=0.0, γE[v]=0.8, Q=0.8 (bayes)
2026-09-23 16:00:37,791 INFO: Plan 0: ḡ=16, γE[v]=0.0, Q=16.0 (fn)
2026-09-23 16:00:38,060 INFO: Plan 2: ḡ=40, γE[v]=0.0, Q=40.0 (fn)
2026-09-23 16:00:38,220 INFO: Plan 1: ḡ=46, γE[v]=0.0, Q=46.0 (fn)
2026-09-23 16:00:38,221 INFO: Plan 0: ḡ=6.7, γE[v]=15.4, Q=22.1 (bayes)
2026-09-23 16:00:38,221 INFO: Plan 1: ḡ=19.0, γE[v]=9.2, Q=28.2 (bayes)
2026-09-23 16:00:38,221 INFO: Plan 2: ḡ=9.3, γE[v]=14.1, Q=23.4 (bayes)
2026-09-23 16:00:42,680 INFO: Plan 2: ḡ=106, γE[v]=0.0, Q=106.0 (fn)
2026-09-23 16:00:43,639 INFO: Plan 0: ḡ=12, γE[v]=0.0, Q=12.0 (fn)
2026-09-23 16:00:43,831 INFO: Plan 1: ḡ=10, γE[v]=0.0, Q=10.0 (fn)
2026-09-23 16:00:44,417 INFO: Plan 2: ḡ=26, γE[v]=0.0, Q=26.0 (fn)
2026-09-23 16:00:44,417 INFO: Plan 0: ḡ=6.0, γE[v]=6.8, Q=12.8 (bayes)
2026-09-23 16:00:44,417 INFO: Plan 1: ḡ=5.0, γE[v]=7.3, Q=12.3 (bayes)
2026-09-23 16:00:44,417 INFO: Plan 2: ḡ=8.7, γE[v]=5.5, Q=14.2 (bayes)
  [2/93] rich.text seed=42: {'cov_qvalue_tgt_fnt_bayes': 243}
2026-09-23 16:00:46,792 INFO: Plan 1: ḡ=16, γE[v]=18.0, Q=34.0 (fn)
2026-09-23 16:00:47,122 INFO: Plan 2: ḡ=23, γE[v]=0.0, Q=23.0 (fn)
2026-09-23 16:00:47,480 INFO: Plan 0: ḡ=33, γE[v]=24.5, Q=57.5 (fn)
2026-09-23 16:00:47,481 INFO: Plan 0: ḡ=11.7, γE[v]=57.9, Q=69.6 (bayes)
2026-09-23 16:00:47,481 INFO: Plan 1: ḡ=8.0, γE[v]=59.3, Q=67.3 (bayes)
2026-09-23 16:00:47,481 INFO: Plan 2: ḡ=14.6, γE[v]=55.2, Q=69.8 (bayes)
2026-09-23 16:00:47,814 INFO: Plan 0: ḡ=21, γE[v]=0.0, Q=21.0 (fn)
2026-09-23 16:00:48,952 INFO: Plan 0: ḡ=14, γE[v]=0.0, Q=14.0 (fn)
2026-09-23 16:00:49,418 INFO: Plan 1: ḡ=46, γE[v]=0.0, Q=46.0 (fn)
2026-09-23 16:00:49,882 INFO: Plan 0: ḡ=11, γE[v]=0.0, Q=11.0 (fn)
2026-09-23 16:00:50,546 INFO: Plan 2: ḡ=59, γE[v]=0.5, Q=59.5 (fn)
2026-09-23 16:00:50,547 INFO: Plan 0: ḡ=2.8, γE[v]=3.3, Q=6.1 (bayes)
2026-09-23 16:00:50,547 INFO: Plan 1: ḡ=6.6, γE[v]=1.4, Q=8.0 (bayes)
2026-09-23 16:00:50,547 INFO: Plan 2: ḡ=9.2, γE[v]=0.1, Q=9.4 (bayes)
2026-09-23 16:00:51,132 INFO: Plan 1: ḡ=77, γE[v]=16.0, Q=93.0 (fn)
2026-09-23 16:00:51,132 INFO: Plan 0: ḡ=2.3, γE[v]=4.9, Q=7.2 (bayes)
2026-09-23 16:00:51,133 INFO: Plan 1: ḡ=8.6, γE[v]=3.1, Q=11.6 (bayes)
2026-09-23 16:00:51,133 INFO: Plan 2: ḡ=2.6, γE[v]=4.8, Q=7.3 (bayes)
2026-09-23 16:00:51,569 INFO: Plan 1: ḡ=31, γE[v]=0.0, Q=31.0 (fn)
2026-09-23 16:00:52,836 INFO: Plan 2: ḡ=33, γE[v]=10.0, Q=43.0 (fn)
2026-09-23 16:00:52,837 INFO: Plan 0: ḡ=5.2, γE[v]=23.1, Q=28.3 (bayes)
2026-09-23 16:00:52,837 INFO: Plan 1: ḡ=10.5, γE[v]=20.5, Q=31.0 (bayes)
2026-09-23 16:00:52,837 INFO: Plan 2: ḡ=7.2, γE[v]=22.9, Q=30.1 (bayes)
  [3/93] flask.config seed=42: {'cov_qvalue_tgt_fnt_bayes': 25}
2026-09-23 16:00:59,051 INFO: Plan 2: ḡ=4, γE[v]=0.0, Q=4.0 (fn)
2026-09-23 16:00:59,693 INFO: Plan 0: ḡ=15, γE[v]=0.0, Q=15.0 (fn)
2026-09-23 16:01:01,207 INFO: Plan 1: ḡ=25, γE[v]=0.0, Q=25.0 (fn)
2026-09-23 16:01:01,208 INFO: Plan 0: ḡ=1.7, γE[v]=1.1, Q=2.8 (bayes)
2026-09-23 16:01:01,208 INFO: Plan 1: ḡ=3.1, γE[v]=0.4, Q=3.5 (bayes)
2026-09-23 16:01:01,208 INFO: Plan 2: ḡ=0.8, γE[v]=1.5, Q=2.4 (bayes)
2026-09-23 16:01:02,454 INFO: Plan 1: ḡ=1, γE[v]=0.0, Q=1.0 (fn)
2026-09-23 16:01:02,944 INFO: Plan 0: ḡ=1, γE[v]=0.0, Q=1.0 (fn)
2026-09-23 16:01:02,984 INFO: Plan 2: ḡ=1, γE[v]=0.0, Q=1.0 (fn)
2026-09-23 16:01:02,984 INFO: Plan 0: ḡ=0.2, γE[v]=0.0, Q=0.2 (bayes)
2026-09-23 16:01:02,984 INFO: Plan 1: ḡ=0.2, γE[v]=0.0, Q=0.2 (bayes)
2026-09-23 16:01:02,984 INFO: Plan 2: ḡ=0.2, γE[v]=0.0, Q=0.2 (bayes)
2026-09-23 16:01:03,536 INFO: Plan 0: ḡ=2, γE[v]=0.0, Q=2.0 (fn)
2026-09-23 16:01:04,641 INFO: Plan 1: ḡ=6, γE[v]=0.0, Q=6.0 (fn)
2026-09-23 16:01:04,881 INFO: Plan 2: ḡ=6, γE[v]=0.0, Q=6.0 (fn)
2026-09-23 16:01:04,882 INFO: Plan 0: ḡ=0.2, γE[v]=0.2, Q=0.5 (bayes)
2026-09-23 16:01:04,882 INFO: Plan 1: ḡ=0.7, γE[v]=0.0, Q=0.7 (bayes)
2026-09-23 16:01:04,882 INFO: Plan 2: ḡ=0.7, γE[v]=0.0, Q=0.7 (bayes)
2026-09-23 16:01:05,044 INFO: Plan 0: ḡ=20, γE[v]=0.0, Q=20.0 (fn)
2026-09-23 16:01:05,235 INFO: Plan 1: ḡ=3, γE[v]=0.0, Q=3.0 (fn)
2026-09-23 16:01:05,706 INFO: Plan 2: ḡ=0, γE[v]=0.0, Q=0.0 (fn)
2026-09-23 16:01:05,706 INFO: Plan 0: ḡ=2.9, γE[v]=0.8, Q=3.6 (bayes)
2026-09-23 16:01:05,706 INFO: Plan 1: ḡ=1.5, γE[v]=1.4, Q=2.9 (bayes)
2026-09-23 16:01:05,706 INFO: Plan 2: ḡ=0.0, γE[v]=2.2, Q=2.2 (bayes)
2026-09-23 16:01:09,984 INFO: Plan 0: ḡ=0, γE[v]=0.0, Q=0.0 (fn)
2026-09-23 16:01:10,670 INFO: Plan 1: ḡ=0, γE[v]=0.0, Q=0.0 (fn)
2026-09-23 16:01:10,706 INFO: Plan 2: ḡ=0, γE[v]=0.0, Q=0.0 (fn)
2026-09-23 16:01:10,707 INFO: Plan 0: ḡ=0.0, γE[v]=0.0, Q=0.0 (bayes)
2026-09-23 16:01:10,707 INFO: Plan 1: ḡ=0.0, γE[v]=0.0, Q=0.0 (bayes)
2026-09-23 16:01:10,707 INFO: Plan 2: ḡ=0.0, γE[v]=0.0, Q=0.0 (bayes)
2026-09-23 16:01:10,912 INFO: Plan 1: ḡ=0, γE[v]=0.0, Q=0.0 (fn)
2026-09-23 16:01:10,912 INFO: Plan 2: ḡ=0, γE[v]=0.0, Q=0.0 (fn)
2026-09-23 16:01:11,148 INFO: Plan 0: ḡ=17, γE[v]=0.0, Q=17.0 (fn)
2026-09-23 16:01:11,149 INFO: Plan 0: ḡ=1.9, γE[v]=0.0, Q=1.9 (bayes)
2026-09-23 16:01:11,149 INFO: Plan 1: ḡ=0.0, γE[v]=0.9, Q=0.9 (bayes)
2026-09-23 16:01:11,149 INFO: Plan 2: ḡ=0.0, γE[v]=0.9, Q=0.9 (bayes)
2026-09-23 16:01:14,740 INFO: Plan 1: ḡ=0, γE[v]=0.0, Q=0.0 (fn)
2026-09-23 16:01:15,121 INFO: Plan 0: ḡ=0, γE[v]=0.0, Q=0.0 (fn)
2026-09-23 16:01:16,854 INFO: Plan 2: ḡ=0, γE[v]=0.0, Q=0.0 (fn)
2026-09-23 16:01:16,854 INFO: Plan 0: ḡ=0.0, γE[v]=0.0, Q=0.0 (bayes)
2026-09-23 16:01:16,854 INFO: Plan 1: ḡ=0.0, γE[v]=0.0, Q=0.0 (bayes)
2026-09-23 16:01:16,854 INFO: Plan 2: ḡ=0.0, γE[v]=0.0, Q=0.0 (bayes)
2026-09-23 16:01:17,240 INFO: Plan 2: ḡ=1, γE[v]=0.0, Q=1.0 (fn)
2026-09-23 16:01:17,555 INFO: Plan 0: ḡ=2, γE[v]=0.0, Q=2.0 (fn)
2026-09-23 16:01:17,636 INFO: Plan 1: ḡ=2, γE[v]=0.0, Q=2.0 (fn)
2026-09-23 16:01:17,637 INFO: Plan 0: ḡ=0.7, γE[v]=0.4, Q=1.0 (bayes)
2026-09-23 16:01:17,637 INFO: Plan 1: ḡ=0.5, γE[v]=0.5, Q=1.0 (bayes)
2026-09-23 16:01:17,637 INFO: Plan 2: ḡ=0.2, γE[v]=0.6, Q=0.8 (bayes)
2026-09-23 16:01:22,323 INFO: Plan 2: ḡ=0, γE[v]=0.0, Q=0.0 (fn)
2026-09-23 16:01:22,324 INFO: Plan 1: ḡ=0, γE[v]=0.0, Q=0.0 (fn)
2026-09-23 16:01:22,764 INFO: Plan 2: ḡ=1, γE[v]=0.0, Q=1.0 (fn)
2026-09-23 16:01:22,765 INFO: Plan 0: ḡ=1, γE[v]=0.0, Q=1.0 (fn)
2026-09-23 16:01:22,766 INFO: Plan 1: ḡ=1, γE[v]=0.0, Q=1.0 (fn)
2026-09-23 16:01:22,766 INFO: Plan 0: ḡ=0.1, γE[v]=0.0, Q=0.1 (bayes)
2026-09-23 16:01:22,766 INFO: Plan 1: ḡ=0.1, γE[v]=0.0, Q=0.1 (bayes)
2026-09-23 16:01:22,766 INFO: Plan 2: ḡ=0.1, γE[v]=0.0, Q=0.1 (bayes)
2026-09-23 16:01:22,949 INFO: Plan 0: ḡ=0, γE[v]=0.0, Q=0.0 (fn)
2026-09-23 16:01:22,950 INFO: Plan 0: ḡ=0.0, γE[v]=0.0, Q=0.0 (bayes)
2026-09-23 16:01:22,952 INFO: Plan 1: ḡ=0.0, γE[v]=0.0, Q=0.0 (bayes)
2026-09-23 16:01:22,954 INFO: Plan 2: ḡ=0.0, γE[v]=0.0, Q=0.0 (bayes)
2026-09-23 16:01:23,809 INFO: Plan 2: ḡ=0, γE[v]=0.0, Q=0.0 (fn)
2026-09-23 16:01:24,245 INFO: Plan 0: ḡ=0, γE[v]=0.0, Q=0.0 (fn)
2026-09-23 16:01:24,370 INFO: Plan 0: ḡ=20, γE[v]=0.0, Q=20.0 (fn)
2026-09-23 16:01:24,882 INFO: Plan 2: ḡ=0, γE[v]=0.0, Q=0.0 (fn)
2026-09-23 16:01:25,093 INFO: Plan 2: ḡ=28, γE[v]=0.0, Q=28.0 (fn)
2026-09-23 16:01:25,307 INFO: Plan 1: ḡ=0, γE[v]=0.0, Q=0.0 (fn)
2026-09-23 16:01:25,308 INFO: Plan 0: ḡ=0.0, γE[v]=0.0, Q=0.0 (bayes)
2026-09-23 16:01:25,308 INFO: Plan 1: ḡ=0.0, γE[v]=0.0, Q=0.0 (bayes)
2026-09-23 16:01:25,308 INFO: Plan 2: ḡ=0.0, γE[v]=0.0, Q=0.0 (bayes)
2026-09-23 16:01:25,894 INFO: Plan 1: ḡ=3, γE[v]=0.0, Q=3.0 (fn)
2026-09-23 16:01:25,934 INFO: Plan 0: ḡ=2, γE[v]=0.0, Q=2.0 (fn)
2026-09-23 16:01:25,935 INFO: Plan 0: ḡ=0.4, γE[v]=0.4, Q=0.8 (bayes)
2026-09-23 16:01:25,935 INFO: Plan 1: ḡ=0.8, γE[v]=0.2, Q=0.9 (bayes)
2026-09-23 16:01:25,935 INFO: Plan 2: ḡ=0.0, γE[v]=0.6, Q=0.6 (bayes)
2026-09-23 16:01:26,232 INFO: Plan 1: ḡ=16, γE[v]=0.0, Q=16.0 (fn)
2026-09-23 16:01:26,233 INFO: Plan 0: ḡ=6.5, γE[v]=6.8, Q=13.3 (bayes)
2026-09-23 16:01:26,233 INFO: Plan 1: ḡ=4.3, γE[v]=7.9, Q=12.2 (bayes)
2026-09-23 16:01:26,233 INFO: Plan 2: ḡ=9.3, γE[v]=5.4, Q=14.7 (bayes)
2026-09-23 16:01:28,457 INFO: Plan 2: ḡ=0, γE[v]=0.0, Q=0.0 (fn)
2026-09-23 16:01:30,288 INFO: Plan 0: ḡ=0, γE[v]=0.0, Q=0.0 (fn)
2026-09-23 16:01:31,048 INFO: Plan 1: ḡ=2, γE[v]=0.0, Q=2.0 (fn)
2026-09-23 16:01:31,049 INFO: Plan 1: ḡ=0, γE[v]=0.0, Q=0.0 (fn)
2026-09-23 16:01:31,049 INFO: Plan 0: ḡ=0.0, γE[v]=0.0, Q=0.0 (bayes)
2026-09-23 16:01:31,049 INFO: Plan 1: ḡ=0.0, γE[v]=0.0, Q=0.0 (bayes)
2026-09-23 16:01:31,049 INFO: Plan 2: ḡ=0.0, γE[v]=0.0, Q=0.0 (bayes)
2026-09-23 16:01:31,749 INFO: Plan 0: ḡ=0, γE[v]=0.0, Q=0.0 (fn)
2026-09-23 16:01:31,750 INFO: Plan 1: ḡ=0, γE[v]=0.0, Q=0.0 (fn)
2026-09-23 16:01:32,106 INFO: Plan 2: ḡ=0, γE[v]=0.0, Q=0.0 (fn)
2026-09-23 16:01:32,107 INFO: Plan 0: ḡ=0.0, γE[v]=0.0, Q=0.0 (bayes)
2026-09-23 16:01:32,107 INFO: Plan 1: ḡ=0.0, γE[v]=0.0, Q=0.0 (bayes)
2026-09-23 16:01:32,107 INFO: Plan 2: ḡ=0.0, γE[v]=0.0, Q=0.0 (bayes)
2026-09-23 16:01:33,127 INFO: Plan 2: ḡ=9, γE[v]=0.0, Q=9.0 (fn)
2026-09-23 16:01:33,128 INFO: Plan 0: ḡ=32, γE[v]=0.0, Q=32.0 (fn)
2026-09-23 16:01:33,788 INFO: Plan 1: ḡ=41, γE[v]=0.0, Q=41.0 (fn)
2026-09-23 16:01:33,789 INFO: Plan 0: ḡ=11.3, γE[v]=47.9, Q=59.2 (bayes)
2026-09-23 16:01:33,789 INFO: Plan 1: ḡ=12.1, γE[v]=47.5, Q=59.6 (bayes)
2026-09-23 16:01:33,789 INFO: Plan 2: ḡ=3.3, γE[v]=51.9, Q=55.2 (bayes)
2026-09-23 16:01:34,247 INFO: Plan 0: ḡ=12, γE[v]=2.0, Q=14.0 (fn)
2026-09-23 16:01:34,993 INFO: Plan 2: ḡ=2, γE[v]=7.0, Q=9.0 (fn)
2026-09-23 16:01:34,994 INFO: Plan 0: ḡ=1.2, γE[v]=0.4, Q=1.6 (bayes)
2026-09-23 16:01:34,994 INFO: Plan 1: ḡ=0.3, γE[v]=0.7, Q=1.0 (bayes)
2026-09-23 16:01:34,994 INFO: Plan 2: ḡ=0.3, γE[v]=1.3, Q=1.6 (bayes)
2026-09-23 16:01:37,284 INFO: Plan 2: ḡ=13, γE[v]=0.0, Q=13.0 (fn)
2026-09-23 16:01:37,284 INFO: Plan 0: ḡ=31, γE[v]=0.0, Q=31.0 (fn)
2026-09-23 16:01:38,066 INFO: Plan 1: ḡ=21, γE[v]=0.5, Q=21.5 (fn)
2026-09-23 16:01:38,067 INFO: Plan 0: ḡ=10.3, γE[v]=3.8, Q=14.1 (bayes)
2026-09-23 16:01:38,067 INFO: Plan 1: ḡ=8.0, γE[v]=4.9, Q=12.9 (bayes)
2026-09-23 16:01:38,067 INFO: Plan 2: ḡ=4.5, γE[v]=6.7, Q=11.2 (bayes)
  [4/93] requests.utils seed=42: {'cov_qvalue_tgt_fnt_bayes': 122}
2026-09-23 16:01:43,393 INFO: Plan 1: ḡ=0, γE[v]=0.0, Q=0.0 (fn)
2026-09-23 16:01:43,433 INFO: Plan 2: ḡ=0, γE[v]=0.0, Q=0.0 (fn)
2026-09-23 16:01:43,834 INFO: Plan 0: ḡ=1, γE[v]=0.0, Q=1.0 (fn)
2026-09-23 16:01:43,834 INFO: Plan 0: ḡ=0.1, γE[v]=0.0, Q=0.1 (bayes)
2026-09-23 16:01:43,835 INFO: Plan 1: ḡ=0.0, γE[v]=0.1, Q=0.1 (bayes)
2026-09-23 16:01:43,835 INFO: Plan 2: ḡ=0.0, γE[v]=0.1, Q=0.1 (bayes)
2026-09-23 16:01:48,505 INFO: Plan 1: ḡ=0, γE[v]=0.0, Q=0.0 (fn)
2026-09-23 16:01:48,547 INFO: Plan 0: ḡ=4, γE[v]=0.0, Q=4.0 (fn)
2026-09-23 16:01:48,842 INFO: Plan 2: ḡ=0, γE[v]=0.0, Q=0.0 (fn)
2026-09-23 16:01:48,842 INFO: Plan 0: ḡ=0.7, γE[v]=0.0, Q=0.7 (bayes)
2026-09-23 16:01:48,842 INFO: Plan 1: ḡ=0.0, γE[v]=0.3, Q=0.3 (bayes)
2026-09-23 16:01:48,843 INFO: Plan 2: ḡ=0.0, γE[v]=0.3, Q=0.3 (bayes)
2026-09-23 16:01:51,420 INFO: Plan 2: ḡ=0, γE[v]=0.0, Q=0.0 (fn)
2026-09-23 16:01:52,602 INFO: Plan 1: ḡ=0, γE[v]=0.0, Q=0.0 (fn)
2026-09-23 16:01:52,918 INFO: Plan 1: ḡ=1, γE[v]=0.0, Q=1.0 (fn)
2026-09-23 16:01:53,636 INFO: Plan 1: ḡ=0, γE[v]=0.0, Q=0.0 (fn)
2026-09-23 16:01:53,882 INFO: Plan 2: ḡ=2, γE[v]=0.0, Q=2.0 (fn)
2026-09-23 16:01:54,430 INFO: Plan 2: ḡ=9, γE[v]=0.0, Q=9.0 (fn)
2026-09-23 16:01:54,596 INFO: Plan 0: ḡ=1, γE[v]=0.5, Q=1.5 (fn)
2026-09-23 16:01:54,597 INFO: Plan 0: ḡ=0.1, γE[v]=0.1, Q=0.2 (bayes)
2026-09-23 16:01:54,597 INFO: Plan 1: ḡ=0.1, γE[v]=0.1, Q=0.2 (bayes)
2026-09-23 16:01:54,597 INFO: Plan 2: ḡ=0.3, γE[v]=0.0, Q=0.3 (bayes)
2026-09-23 16:01:54,858 INFO: Plan 0: ḡ=1, γE[v]=0.0, Q=1.0 (fn)
2026-09-23 16:01:54,859 INFO: Plan 0: ḡ=0.2, γE[v]=1.0, Q=1.2 (bayes)
2026-09-23 16:01:54,859 INFO: Plan 1: ḡ=0.0, γE[v]=1.1, Q=1.1 (bayes)
2026-09-23 16:01:54,859 INFO: Plan 2: ḡ=1.0, γE[v]=0.6, Q=1.6 (bayes)
2026-09-23 16:01:55,524 INFO: Plan 1: ḡ=0, γE[v]=0.0, Q=0.0 (fn)
2026-09-23 16:01:55,527 INFO: Plan 0: ḡ=0, γE[v]=0.0, Q=0.0 (fn)
2026-09-23 16:01:55,527 INFO: Plan 2: ḡ=0, γE[v]=0.0, Q=0.0 (fn)
2026-09-23 16:01:55,528 INFO: Plan 0: ḡ=0.0, γE[v]=0.0, Q=0.0 (bayes)
2026-09-23 16:01:55,528 INFO: Plan 1: ḡ=0.0, γE[v]=0.0, Q=0.0 (bayes)
2026-09-23 16:01:55,528 INFO: Plan 2: ḡ=0.0, γE[v]=0.0, Q=0.0 (bayes)
2026-09-23 16:01:56,611 INFO: Plan 0: ḡ=0, γE[v]=0.0, Q=0.0 (fn)
2026-09-23 16:01:56,612 INFO: Plan 0: ḡ=0.0, γE[v]=0.0, Q=0.0 (bayes)
2026-09-23 16:01:56,612 INFO: Plan 1: ḡ=0.0, γE[v]=0.0, Q=0.0 (bayes)
2026-09-23 16:01:56,612 INFO: Plan 2: ḡ=0.0, γE[v]=0.0, Q=0.0 (bayes)
2026-09-23 16:01:56,963 INFO: Plan 0: ḡ=0, γE[v]=0.0, Q=0.0 (fn)
2026-09-23 16:01:57,272 INFO: Plan 0: ḡ=0, γE[v]=0.0, Q=0.0 (fn)
2026-09-23 16:01:57,273 INFO: Plan 0: ḡ=1, γE[v]=0.0, Q=1.0 (fn)
2026-09-23 16:01:57,273 INFO: Plan 1: ḡ=1, γE[v]=0.0, Q=1.0 (fn)
2026-09-23 16:01:57,550 INFO: Plan 2: ḡ=1, γE[v]=0.0, Q=1.0 (fn)
2026-09-23 16:01:57,551 INFO: Plan 0: ḡ=0.1, γE[v]=0.0, Q=0.1 (bayes)
2026-09-23 16:01:57,551 INFO: Plan 1: ḡ=0.1, γE[v]=0.0, Q=0.1 (bayes)
2026-09-23 16:01:57,551 INFO: Plan 2: ḡ=0.1, γE[v]=0.0, Q=0.1 (bayes)
2026-09-23 16:01:57,807 INFO: Plan 2: ḡ=0, γE[v]=0.0, Q=0.0 (fn)
2026-09-23 16:01:57,807 INFO: Plan 1: ḡ=0, γE[v]=0.0, Q=0.0 (fn)
2026-09-23 16:01:57,808 INFO: Plan 0: ḡ=0.0, γE[v]=0.0, Q=0.0 (bayes)
2026-09-23 16:01:57,808 INFO: Plan 1: ḡ=0.0, γE[v]=0.0, Q=0.0 (bayes)
2026-09-23 16:01:57,808 INFO: Plan 2: ḡ=0.0, γE[v]=0.0, Q=0.0 (bayes)
2026-09-23 16:01:57,991 INFO: Plan 1: ḡ=0, γE[v]=0.0, Q=0.0 (fn)
2026-09-23 16:01:58,323 INFO: Plan 2: ḡ=0, γE[v]=0.0, Q=0.0 (fn)
2026-09-23 16:01:58,324 INFO: Plan 0: ḡ=0.0, γE[v]=0.0, Q=0.0 (bayes)
2026-09-23 16:01:58,324 INFO: Plan 1: ḡ=0.0, γE[v]=0.0, Q=0.0 (bayes)
2026-09-23 16:01:58,324 INFO: Plan 2: ḡ=0.0, γE[v]=0.0, Q=0.0 (bayes)
  [5/93] click.exceptions seed=42: {'cov_qvalue_tgt_fnt_bayes': 37}
2026-09-23 16:02:10,243 INFO: Plan 0: ḡ=4, γE[v]=0.0, Q=4.0 (fn)
2026-09-23 16:02:11,153 INFO: Plan 1: ḡ=1, γE[v]=0.0, Q=1.0 (fn)
2026-09-23 16:02:11,195 INFO: Plan 2: ḡ=11, γE[v]=0.0, Q=11.0 (fn)
2026-09-23 16:02:11,195 INFO: Plan 0: ḡ=1.3, γE[v]=0.9, Q=2.2 (bayes)
2026-09-23 16:02:11,196 INFO: Plan 1: ḡ=0.3, γE[v]=1.4, Q=1.7 (bayes)
2026-09-23 16:02:11,196 INFO: Plan 2: ḡ=1.4, γE[v]=0.8, Q=2.2 (bayes)
2026-09-23 16:02:11,234 INFO: Plan 1: ḡ=0, γE[v]=0.0, Q=0.0 (fn)
2026-09-23 16:02:11,721 INFO: Plan 2: ḡ=7, γE[v]=0.0, Q=7.0 (fn)
2026-09-23 16:02:11,722 INFO: Plan 0: ḡ=7, γE[v]=0.0, Q=7.0 (fn)
2026-09-23 16:02:11,722 INFO: Plan 0: ḡ=1.0, γE[v]=0.0, Q=1.0 (bayes)
2026-09-23 16:02:11,722 INFO: Plan 1: ḡ=0.0, γE[v]=0.5, Q=0.5 (bayes)
2026-09-23 16:02:11,722 INFO: Plan 2: ḡ=1.0, γE[v]=0.0, Q=1.0 (bayes)
2026-09-23 16:02:17,215 INFO: Plan 0: ḡ=0, γE[v]=0.0, Q=0.0 (fn)
2026-09-23 16:02:17,216 INFO: Plan 2: ḡ=0, γE[v]=0.0, Q=0.0 (fn)
2026-09-23 16:02:17,216 INFO: Plan 1: ḡ=0, γE[v]=0.0, Q=0.0 (fn)
2026-09-23 16:02:17,216 INFO: Plan 0: ḡ=0.0, γE[v]=0.0, Q=0.0 (bayes)
2026-09-23 16:02:17,217 INFO: Plan 1: ḡ=0.0, γE[v]=0.0, Q=0.0 (bayes)
2026-09-23 16:02:17,217 INFO: Plan 2: ḡ=0.0, γE[v]=0.0, Q=0.0 (bayes)
2026-09-23 16:02:23,934 INFO: Plan 2: ḡ=15, γE[v]=0.0, Q=15.0 (fn)
2026-09-23 16:02:25,974 INFO: Plan 1: ḡ=12, γE[v]=5.0, Q=17.0 (fn)
2026-09-23 16:02:28,474 INFO: Plan 0: ḡ=9, γE[v]=10.0, Q=19.0 (fn)
2026-09-23 16:02:28,474 INFO: Plan 0: ḡ=2.1, γE[v]=8.3, Q=10.4 (bayes)
2026-09-23 16:02:28,475 INFO: Plan 1: ḡ=2.8, γE[v]=7.6, Q=10.4 (bayes)
2026-09-23 16:02:28,475 INFO: Plan 2: ḡ=4.2, γE[v]=6.5, Q=10.8 (bayes)
2026-09-23 16:02:31,049 INFO: Plan 0: ḡ=0, γE[v]=0.0, Q=0.0 (fn)
2026-09-23 16:02:31,913 INFO: Plan 0: ḡ=43, γE[v]=0.0, Q=43.0 (fn)
2026-09-23 16:02:32,167 INFO: Plan 1: ḡ=0, γE[v]=0.0, Q=0.0 (fn)
2026-09-23 16:02:32,817 INFO: Plan 2: ḡ=113, γE[v]=0.0, Q=113.0 (fn)
2026-09-23 16:02:32,817 INFO: Plan 2: ḡ=0, γE[v]=0.0, Q=0.0 (fn)
2026-09-23 16:02:32,818 INFO: Plan 0: ḡ=0.0, γE[v]=0.0, Q=0.0 (bayes)
2026-09-23 16:02:32,818 INFO: Plan 1: ḡ=0.0, γE[v]=0.0, Q=0.0 (bayes)
2026-09-23 16:02:32,818 INFO: Plan 2: ḡ=0.0, γE[v]=0.0, Q=0.0 (bayes)
2026-09-23 16:02:34,522 INFO: Plan 0: ḡ=24, γE[v]=0.0, Q=24.0 (fn)
2026-09-23 16:02:35,117 INFO: Plan 0: ḡ=9, γE[v]=0.0, Q=9.0 (fn)
2026-09-23 16:02:35,748 INFO: Plan 2: ḡ=20, γE[v]=0.0, Q=20.0 (fn)
2026-09-23 16:02:36,050 INFO: Plan 1: ḡ=95, γE[v]=0.0, Q=95.0 (fn)
2026-09-23 16:02:36,581 INFO: Plan 1: ḡ=21, γE[v]=0.0, Q=21.0 (fn)
2026-09-23 16:02:36,581 INFO: Plan 0: ḡ=3.5, γE[v]=25.4, Q=28.9 (bayes)
2026-09-23 16:02:36,581 INFO: Plan 1: ḡ=6.6, γE[v]=23.8, Q=30.4 (bayes)
2026-09-23 16:02:36,581 INFO: Plan 2: ḡ=9.5, γE[v]=22.4, Q=31.9 (bayes)
2026-09-23 16:02:37,643 INFO: Plan 1: ḡ=202, γE[v]=2.5, Q=204.5 (fn)
2026-09-23 16:02:37,643 INFO: Plan 0: ḡ=6.7, γE[v]=10.1, Q=16.7 (bayes)
2026-09-23 16:02:37,643 INFO: Plan 1: ḡ=25.5, γE[v]=0.8, Q=26.3 (bayes)
2026-09-23 16:02:37,643 INFO: Plan 2: ḡ=13.3, γE[v]=6.7, Q=20.1 (bayes)
2026-09-23 16:02:38,136 INFO: Plan 2: ḡ=74, γE[v]=0.0, Q=74.0 (fn)
2026-09-23 16:02:38,136 INFO: Plan 0: ḡ=9.7, γE[v]=65.0, Q=74.7 (bayes)
2026-09-23 16:02:38,137 INFO: Plan 1: ḡ=30.1, γE[v]=54.8, Q=84.9 (bayes)
2026-09-23 16:02:38,137 INFO: Plan 2: ḡ=18.1, γE[v]=60.8, Q=78.9 (bayes)
  [6/93] jinja2.compiler seed=42: {'cov_qvalue_tgt_fnt_bayes': 294}
2026-09-23 16:02:40,825 INFO: Plan 1: ḡ=27, γE[v]=0.0, Q=27.0 (fn)
2026-09-23 16:02:41,406 INFO: Plan 2: ḡ=69, γE[v]=0.0, Q=69.0 (fn)
2026-09-23 16:02:42,454 INFO: Plan 0: ḡ=42, γE[v]=18.5, Q=60.5 (fn)
2026-09-23 16:02:42,455 INFO: Plan 0: ḡ=11.0, γE[v]=35.7, Q=46.7 (bayes)
2026-09-23 16:02:42,455 INFO: Plan 1: ḡ=10.8, γE[v]=34.8, Q=45.5 (bayes)
2026-09-23 16:02:42,455 INFO: Plan 2: ḡ=15.4, γE[v]=32.4, Q=47.9 (bayes)
2026-09-23 16:02:44,413 INFO: Plan 0: ḡ=53, γE[v]=36.0, Q=89.0 (fn)
2026-09-23 16:02:44,701 INFO: Plan 2: ḡ=95, γE[v]=21.0, Q=116.0 (fn)
2026-09-23 16:02:46,940 INFO: Plan 1: ḡ=63, γE[v]=37.0, Q=100.0 (fn)
2026-09-23 16:02:46,941 INFO: Plan 0: ḡ=26.5, γE[v]=22.6, Q=49.1 (bayes)
2026-09-23 16:02:46,941 INFO: Plan 1: ḡ=31.5, γE[v]=20.2, Q=51.7 (bayes)
2026-09-23 16:02:46,941 INFO: Plan 2: ḡ=47.5, γE[v]=11.4, Q=59.0 (bayes)
2026-09-23 16:02:49,481 INFO: Plan 0: ḡ=14, γE[v]=0.0, Q=14.0 (fn)
2026-09-23 16:02:49,958 INFO: Plan 2: ḡ=45, γE[v]=0.0, Q=45.0 (fn)
2026-09-23 16:02:50,285 INFO: Plan 1: ḡ=46, γE[v]=0.0, Q=46.0 (fn)
2026-09-23 16:02:50,286 INFO: Plan 2: ḡ=4, γE[v]=0.0, Q=4.0 (fn)
2026-09-23 16:02:50,286 INFO: Plan 0: ḡ=2.3, γE[v]=2.9, Q=5.2 (bayes)
2026-09-23 16:02:50,286 INFO: Plan 1: ḡ=5.8, γE[v]=1.2, Q=7.0 (bayes)
2026-09-23 16:02:50,286 INFO: Plan 2: ḡ=5.6, γE[v]=1.2, Q=6.9 (bayes)
2026-09-23 16:02:50,985 INFO: Plan 1: ḡ=10, γE[v]=0.0, Q=10.0 (fn)
2026-09-23 16:02:51,463 INFO: Plan 0: ḡ=15, γE[v]=0.0, Q=15.0 (fn)
2026-09-23 16:02:51,463 INFO: Plan 0: ḡ=1.5, γE[v]=1.0, Q=2.5 (bayes)
2026-09-23 16:02:51,463 INFO: Plan 1: ḡ=1.2, γE[v]=1.1, Q=2.4 (bayes)
2026-09-23 16:02:51,463 INFO: Plan 2: ḡ=0.8, γE[v]=1.4, Q=2.2 (bayes)
2026-09-23 16:02:52,134 INFO: Plan 2: ḡ=0, γE[v]=0.0, Q=0.0 (fn)
2026-09-23 16:02:52,341 INFO: Plan 0: ḡ=4, γE[v]=0.0, Q=4.0 (fn)
2026-09-23 16:02:52,384 INFO: Plan 0: ḡ=0, γE[v]=0.0, Q=0.0 (fn)
2026-09-23 16:02:52,385 INFO: Plan 1: ḡ=0, γE[v]=0.0, Q=0.0 (fn)
2026-09-23 16:02:52,920 INFO: Plan 2: ḡ=0, γE[v]=0.0, Q=0.0 (fn)
2026-09-23 16:02:52,920 INFO: Plan 0: ḡ=0.0, γE[v]=0.0, Q=0.0 (bayes)
2026-09-23 16:02:52,920 INFO: Plan 1: ḡ=0.0, γE[v]=0.0, Q=0.0 (bayes)
2026-09-23 16:02:52,920 INFO: Plan 2: ḡ=0.0, γE[v]=0.0, Q=0.0 (bayes)
2026-09-23 16:02:55,099 INFO: Plan 1: ḡ=16, γE[v]=5.5, Q=21.5 (fn)
2026-09-23 16:02:55,100 INFO: Plan 0: ḡ=1.3, γE[v]=2.5, Q=3.8 (bayes)
2026-09-23 16:02:55,100 INFO: Plan 1: ḡ=3.2, γE[v]=1.9, Q=5.1 (bayes)
2026-09-23 16:02:55,100 INFO: Plan 2: ḡ=0.0, γE[v]=3.1, Q=3.1 (bayes)
2026-09-23 16:02:55,312 INFO: Plan 1: ḡ=0, γE[v]=0.0, Q=0.0 (fn)
2026-09-23 16:02:55,661 INFO: Plan 0: ḡ=17, γE[v]=0.0, Q=17.0 (fn)
2026-09-23 16:02:55,693 INFO: Plan 2: ḡ=0, γE[v]=0.0, Q=0.0 (fn)
2026-09-23 16:02:55,693 INFO: Plan 0: ḡ=1.7, γE[v]=0.0, Q=1.7 (bayes)
2026-09-23 16:02:55,694 INFO: Plan 1: ḡ=0.0, γE[v]=0.9, Q=0.8 (bayes)
2026-09-23 16:02:55,694 INFO: Plan 2: ḡ=0.0, γE[v]=0.9, Q=0.8 (bayes)
  [7/93] rich.segment seed=42: {'cov_qvalue_tgt_fnt_bayes': 141}
2026-09-23 16:02:58,160 INFO: Plan 0: ḡ=11, γE[v]=0.0, Q=11.0 (fn)
2026-09-23 16:02:58,636 INFO: Plan 1: ḡ=31, γE[v]=0.0, Q=31.0 (fn)
2026-09-23 16:02:59,008 INFO: Plan 1: ḡ=0, γE[v]=0.0, Q=0.0 (fn)
2026-09-23 16:02:59,518 INFO: Plan 0: ḡ=34, γE[v]=0.0, Q=34.0 (fn)
2026-09-23 16:02:59,799 INFO: Plan 0: ḡ=2, γE[v]=0.0, Q=2.0 (fn)
2026-09-23 16:03:00,788 INFO: Plan 1: ḡ=46, γE[v]=0.0, Q=46.0 (fn)
2026-09-23 16:03:01,103 INFO: Plan 2: ḡ=6, γE[v]=0.0, Q=6.0 (fn)
2026-09-23 16:03:01,105 INFO: Plan 2: ḡ=33, γE[v]=10.0, Q=43.0 (fn)
2026-09-23 16:03:01,106 INFO: Plan 0: ḡ=13, γE[v]=0.0, Q=13.0 (fn)
2026-09-23 16:03:01,106 INFO: Plan 0: ḡ=0.2, γE[v]=0.2, Q=0.4 (bayes)
2026-09-23 16:03:01,107 INFO: Plan 1: ḡ=0.0, γE[v]=0.3, Q=0.3 (bayes)
2026-09-23 16:03:01,107 INFO: Plan 2: ḡ=0.6, γE[v]=0.0, Q=0.6 (bayes)
2026-09-23 16:03:01,107 INFO: Plan 0: ḡ=5.1, γE[v]=21.8, Q=26.9 (bayes)
2026-09-23 16:03:01,107 INFO: Plan 1: ḡ=7.8, γE[v]=20.5, Q=28.3 (bayes)
2026-09-23 16:03:01,107 INFO: Plan 2: ḡ=7.2, γE[v]=21.5, Q=28.7 (bayes)
2026-09-23 16:03:01,144 INFO: Plan 0: ḡ=1, γE[v]=0.0, Q=1.0 (fn)
2026-09-23 16:03:01,632 INFO: Plan 2: ḡ=90, γE[v]=0.0, Q=90.0 (fn)
2026-09-23 16:03:01,632 INFO: Plan 0: ḡ=3.5, γE[v]=9.6, Q=13.1 (bayes)
2026-09-23 16:03:01,632 INFO: Plan 1: ḡ=9.0, γE[v]=6.9, Q=15.9 (bayes)
2026-09-23 16:03:01,633 INFO: Plan 2: ḡ=12.9, γE[v]=4.9, Q=17.8 (bayes)
2026-09-23 16:03:02,038 INFO: Plan 0: ḡ=0, γE[v]=0.0, Q=0.0 (fn)
2026-09-23 16:03:02,079 INFO: Plan 1: ḡ=1, γE[v]=0.0, Q=1.0 (fn)
2026-09-23 16:03:02,080 INFO: Plan 2: ḡ=1, γE[v]=0.0, Q=1.0 (fn)
2026-09-23 16:03:02,080 INFO: Plan 0: ḡ=0.2, γE[v]=0.2, Q=0.5 (bayes)
2026-09-23 16:03:02,081 INFO: Plan 1: ḡ=0.2, γE[v]=0.2, Q=0.5 (bayes)
2026-09-23 16:03:02,081 INFO: Plan 2: ḡ=0.2, γE[v]=0.2, Q=0.5 (bayes)
2026-09-23 16:03:02,242 INFO: Plan 1: ḡ=0, γE[v]=0.0, Q=0.0 (fn)
2026-09-23 16:03:02,386 INFO: Plan 2: ḡ=0, γE[v]=0.0, Q=0.0 (fn)
2026-09-23 16:03:02,386 INFO: Plan 0: ḡ=0.0, γE[v]=0.0, Q=0.0 (bayes)
2026-09-23 16:03:02,387 INFO: Plan 1: ḡ=0.0, γE[v]=0.0, Q=0.0 (bayes)
2026-09-23 16:03:02,387 INFO: Plan 2: ḡ=0.0, γE[v]=0.0, Q=0.0 (bayes)
2026-09-23 16:03:02,645 INFO: Plan 0: ḡ=1, γE[v]=0.0, Q=1.0 (fn)
2026-09-23 16:03:02,690 INFO: Plan 1: ḡ=0, γE[v]=0.0, Q=0.0 (fn)
2026-09-23 16:03:03,032 INFO: Plan 2: ḡ=0, γE[v]=0.0, Q=0.0 (fn)
2026-09-23 16:03:03,032 INFO: Plan 0: ḡ=0.2, γE[v]=0.0, Q=0.2 (bayes)
2026-09-23 16:03:03,032 INFO: Plan 1: ḡ=0.0, γE[v]=0.1, Q=0.1 (bayes)
2026-09-23 16:03:03,032 INFO: Plan 2: ḡ=0.0, γE[v]=0.1, Q=0.1 (bayes)
2026-09-23 16:03:03,072 INFO: Plan 2: ḡ=25, γE[v]=0.0, Q=25.0 (fn)
2026-09-23 16:03:03,317 INFO: Plan 1: ḡ=0, γE[v]=0.0, Q=0.0 (fn)
2026-09-23 16:03:03,635 INFO: Plan 1: ḡ=30, γE[v]=17.5, Q=47.5 (fn)
2026-09-23 16:03:03,757 INFO: Plan 2: ḡ=1, γE[v]=0.0, Q=1.0 (fn)
2026-09-23 16:03:03,757 INFO: Plan 0: ḡ=1, γE[v]=0.0, Q=1.0 (fn)
2026-09-23 16:03:03,758 INFO: Plan 0: ḡ=0.1, γE[v]=0.0, Q=0.1 (bayes)
2026-09-23 16:03:03,758 INFO: Plan 1: ḡ=0.0, γE[v]=0.1, Q=0.1 (bayes)
2026-09-23 16:03:03,758 INFO: Plan 2: ḡ=0.1, γE[v]=0.0, Q=0.1 (bayes)
2026-09-23 16:03:04,278 INFO: Plan 0: ḡ=17, γE[v]=0.0, Q=17.0 (fn)
2026-09-23 16:03:04,316 INFO: Plan 1: ḡ=0, γE[v]=0.0, Q=0.0 (fn)
2026-09-23 16:03:04,913 INFO: Plan 0: ḡ=0, γE[v]=0.0, Q=0.0 (fn)
2026-09-23 16:03:05,034 INFO: Plan 0: ḡ=0, γE[v]=0.0, Q=0.0 (fn)
2026-09-23 16:03:05,119 INFO: Plan 2: ḡ=0, γE[v]=0.0, Q=0.0 (fn)
2026-09-23 16:03:05,120 INFO: Plan 2: ḡ=0, γE[v]=0.0, Q=0.0 (fn)
2026-09-23 16:03:05,120 INFO: Plan 0: ḡ=0.0, γE[v]=0.0, Q=0.0 (bayes)
2026-09-23 16:03:05,120 INFO: Plan 1: ḡ=0.0, γE[v]=0.0, Q=0.0 (bayes)
2026-09-23 16:03:05,120 INFO: Plan 2: ḡ=0.0, γE[v]=0.0, Q=0.0 (bayes)
2026-09-23 16:03:06,136 INFO: Plan 1: ḡ=35, γE[v]=7.0, Q=42.0 (fn)
2026-09-23 16:03:06,137 INFO: Plan 1: ḡ=0, γE[v]=0.0, Q=0.0 (fn)
2026-09-23 16:03:06,137 INFO: Plan 0: ḡ=7.2, γE[v]=8.1, Q=15.2 (bayes)
2026-09-23 16:03:06,138 INFO: Plan 0: ḡ=0.0, γE[v]=0.0, Q=0.0 (bayes)
2026-09-23 16:03:06,138 INFO: Plan 1: ḡ=9.6, γE[v]=7.3, Q=16.9 (bayes)
2026-09-23 16:03:06,138 INFO: Plan 1: ḡ=0.0, γE[v]=0.0, Q=0.0 (bayes)
2026-09-23 16:03:06,138 INFO: Plan 2: ḡ=6.0, γE[v]=8.7, Q=14.7 (bayes)
2026-09-23 16:03:06,138 INFO: Plan 2: ḡ=0.0, γE[v]=0.0, Q=0.0 (bayes)
2026-09-23 16:03:06,563 INFO: Plan 0: ḡ=28, γE[v]=0.0, Q=28.0 (fn)
2026-09-23 16:03:08,528 INFO: Plan 1: ḡ=0, γE[v]=0.0, Q=0.0 (fn)
2026-09-23 16:03:08,951 INFO: Plan 0: ḡ=0, γE[v]=0.0, Q=0.0 (fn)
2026-09-23 16:03:08,989 INFO: Plan 2: ḡ=0, γE[v]=0.0, Q=0.0 (fn)
2026-09-23 16:03:08,990 INFO: Plan 0: ḡ=0.0, γE[v]=0.0, Q=0.0 (bayes)
2026-09-23 16:03:08,990 INFO: Plan 1: ḡ=0.0, γE[v]=0.0, Q=0.0 (bayes)
2026-09-23 16:03:08,990 INFO: Plan 2: ḡ=0.0, γE[v]=0.0, Q=0.0 (bayes)
2026-09-23 16:03:11,541 INFO: Plan 1: ḡ=3, γE[v]=0.0, Q=3.0 (fn)
2026-09-23 16:03:11,541 INFO: Plan 0: ḡ=20, γE[v]=0.0, Q=20.0 (fn)
2026-09-23 16:03:12,000 INFO: Plan 2: ḡ=0, γE[v]=0.0, Q=0.0 (fn)
2026-09-23 16:03:12,000 INFO: Plan 0: ḡ=2.5, γE[v]=0.8, Q=3.2 (bayes)
2026-09-23 16:03:12,000 INFO: Plan 1: ḡ=1.5, γE[v]=1.2, Q=2.8 (bayes)
2026-09-23 16:03:12,000 INFO: Plan 2: ḡ=0.0, γE[v]=2.0, Q=2.0 (bayes)
2026-09-23 16:03:13,191 INFO: Plan 2: ḡ=91, γE[v]=0.0, Q=91.0 (fn)
2026-09-23 16:03:13,228 INFO: Plan 0: ḡ=1, γE[v]=0.0, Q=1.0 (fn)
2026-09-23 16:03:13,588 INFO: Plan 2: ḡ=257, γE[v]=42.5, Q=299.5 (fn)
2026-09-23 16:03:13,588 INFO: Plan 1: ḡ=1, γE[v]=0.0, Q=1.0 (fn)
2026-09-23 16:03:13,589 INFO: Plan 0: ḡ=5.0, γE[v]=17.1, Q=22.1 (bayes)
2026-09-23 16:03:13,589 INFO: Plan 1: ḡ=3.0, γE[v]=19.5, Q=22.5 (bayes)
2026-09-23 16:03:13,589 INFO: Plan 2: ḡ=28.3, γE[v]=8.8, Q=37.1 (bayes)
2026-09-23 16:03:13,772 INFO: Plan 2: ḡ=0, γE[v]=0.0, Q=0.0 (fn)
2026-09-23 16:03:13,773 INFO: Plan 0: ḡ=0.2, γE[v]=0.1, Q=0.3 (bayes)
2026-09-23 16:03:13,773 INFO: Plan 1: ḡ=0.2, γE[v]=0.1, Q=0.3 (bayes)
2026-09-23 16:03:13,773 INFO: Plan 2: ḡ=0.0, γE[v]=0.2, Q=0.2 (bayes)
2026-09-23 16:03:17,249 INFO: Plan 0: ḡ=0, γE[v]=0.0, Q=0.0 (fn)
2026-09-23 16:03:17,594 INFO: Plan 1: ḡ=101, γE[v]=36.5, Q=137.5 (fn)
2026-09-23 16:03:17,631 INFO: Plan 1: ḡ=0, γE[v]=0.0, Q=0.0 (fn)
2026-09-23 16:03:18,054 INFO: Plan 2: ḡ=0, γE[v]=0.0, Q=0.0 (fn)
2026-09-23 16:03:18,054 INFO: Plan 0: ḡ=0.0, γE[v]=0.0, Q=0.0 (bayes)
2026-09-23 16:03:18,055 INFO: Plan 1: ḡ=0.0, γE[v]=0.0, Q=0.0 (bayes)
2026-09-23 16:03:18,055 INFO: Plan 2: ḡ=0.0, γE[v]=0.0, Q=0.0 (bayes)
2026-09-23 16:03:19,710 INFO: Plan 2: ḡ=122, γE[v]=26.0, Q=148.0 (fn)
2026-09-23 16:03:19,711 INFO: Plan 0: ḡ=14.0, γE[v]=36.5, Q=50.5 (bayes)
2026-09-23 16:03:19,711 INFO: Plan 1: ḡ=50.5, γE[v]=19.9, Q=70.4 (bayes)
2026-09-23 16:03:19,711 INFO: Plan 2: ḡ=61.0, γE[v]=14.2, Q=75.2 (bayes)
2026-09-23 16:03:20,028 INFO: Plan 1: ḡ=2, γE[v]=0.0, Q=2.0 (fn)
2026-09-23 16:03:20,225 INFO: Plan 1: ḡ=0, γE[v]=0.0, Q=0.0 (fn)
2026-09-23 16:03:20,270 INFO: Plan 0: ḡ=29, γE[v]=28.5, Q=57.5 (fn)
2026-09-23 16:03:20,309 INFO: Plan 1: ḡ=16, γE[v]=21.0, Q=37.0 (fn)
2026-09-23 16:03:20,310 INFO: Plan 0: ḡ=9.7, γE[v]=56.9, Q=66.5 (bayes)
2026-09-23 16:03:20,310 INFO: Plan 1: ḡ=8.0, γE[v]=57.2, Q=65.2 (bayes)
2026-09-23 16:03:20,310 INFO: Plan 2: ḡ=10.6, γE[v]=54.9, Q=65.5 (bayes)
2026-09-23 16:03:21,123 INFO: Plan 0: ḡ=0, γE[v]=0.0, Q=0.0 (fn)
2026-09-23 16:03:21,324 INFO: Plan 2: ḡ=0, γE[v]=0.0, Q=0.0 (fn)
2026-09-23 16:03:21,325 INFO: Plan 0: ḡ=0.0, γE[v]=0.0, Q=0.0 (bayes)
2026-09-23 16:03:21,325 INFO: Plan 1: ḡ=0.0, γE[v]=0.0, Q=0.0 (bayes)
2026-09-23 16:03:21,325 INFO: Plan 2: ḡ=0.0, γE[v]=0.0, Q=0.0 (bayes)
2026-09-23 16:03:22,563 INFO: Plan 0: ḡ=16, γE[v]=0.0, Q=16.0 (fn)
2026-09-23 16:03:22,774 INFO: Plan 0: ḡ=12, γE[v]=2.0, Q=14.0 (fn)
2026-09-23 16:03:23,196 INFO: Plan 2: ḡ=2, γE[v]=7.0, Q=9.0 (fn)
2026-09-23 16:03:23,197 INFO: Plan 0: ḡ=1.1, γE[v]=0.4, Q=1.5 (bayes)
2026-09-23 16:03:23,197 INFO: Plan 1: ḡ=0.2, γE[v]=0.7, Q=0.9 (bayes)
2026-09-23 16:03:23,197 INFO: Plan 2: ḡ=0.2, γE[v]=1.2, Q=1.5 (bayes)
2026-09-23 16:03:25,889 INFO: Plan 0: ḡ=32, γE[v]=0.0, Q=32.0 (fn)
2026-09-23 16:03:26,174 INFO: Plan 1: ḡ=41, γE[v]=0.0, Q=41.0 (fn)
2026-09-23 16:03:27,932 INFO: Plan 0: ḡ=0, γE[v]=0.0, Q=0.0 (fn)
2026-09-23 16:03:28,163 INFO: Plan 2: ḡ=0, γE[v]=0.0, Q=0.0 (fn)
2026-09-23 16:03:29,583 INFO: Plan 1: ḡ=0, γE[v]=0.0, Q=0.0 (fn)
2026-09-23 16:03:29,583 INFO: Plan 0: ḡ=0.0, γE[v]=0.0, Q=0.0 (bayes)
2026-09-23 16:03:29,583 INFO: Plan 1: ḡ=0.0, γE[v]=0.0, Q=0.0 (bayes)
2026-09-23 16:03:29,583 INFO: Plan 2: ḡ=0.0, γE[v]=0.0, Q=0.0 (bayes)
2026-09-23 16:03:29,824 INFO: Plan 0: ḡ=20, γE[v]=0.0, Q=20.0 (fn)
2026-09-23 16:03:30,558 INFO: Plan 2: ḡ=28, γE[v]=0.0, Q=28.0 (fn)
2026-09-23 16:03:30,717 INFO: Plan 1: ḡ=16, γE[v]=0.0, Q=16.0 (fn)
2026-09-23 16:03:30,718 INFO: Plan 0: ḡ=6.5, γE[v]=5.7, Q=12.2 (bayes)
2026-09-23 16:03:30,718 INFO: Plan 1: ḡ=4.3, γE[v]=6.8, Q=11.1 (bayes)
2026-09-23 16:03:30,718 INFO: Plan 2: ḡ=7.0, γE[v]=5.4, Q=12.4 (bayes)
2026-09-23 16:03:32,123 INFO: Plan 2: ḡ=34, γE[v]=8.0, Q=42.0 (fn)
2026-09-23 16:03:32,123 INFO: Plan 0: ḡ=11.3, γE[v]=46.5, Q=57.9 (bayes)
2026-09-23 16:03:32,124 INFO: Plan 1: ḡ=9.3, γE[v]=47.5, Q=56.8 (bayes)
2026-09-23 16:03:32,124 INFO: Plan 2: ḡ=11.7, γE[v]=46.7, Q=58.4 (bayes)
2026-09-23 16:03:35,323 INFO: Plan 2: ḡ=476, γE[v]=77.0, Q=553.0 (fn)
2026-09-23 16:03:37,572 INFO: Plan 1: ḡ=367, γE[v]=138.0, Q=505.0 (fn)
2026-09-23 16:03:37,573 INFO: Plan 0: ḡ=8.0, γE[v]=241.5, Q=249.5 (bayes)
2026-09-23 16:03:37,573 INFO: Plan 1: ḡ=183.5, γE[v]=160.0, Q=343.5 (bayes)
2026-09-23 16:03:37,573 INFO: Plan 2: ḡ=238.0, γE[v]=130.0, Q=368.0 (bayes)
2026-09-23 16:03:42,648 INFO: Plan 0: ḡ=36, γE[v]=36.0, Q=72.0 (fn)
2026-09-23 16:03:43,719 INFO: Plan 2: ḡ=161, γE[v]=37.0, Q=198.0 (fn)
2026-09-23 16:03:44,504 INFO: Plan 1: ḡ=101, γE[v]=26.5, Q=127.5 (fn)
2026-09-23 16:03:44,505 INFO: Plan 0: ḡ=18.0, γE[v]=159.4, Q=177.4 (bayes)
2026-09-23 16:03:44,506 INFO: Plan 1: ḡ=50.5, γE[v]=142.7, Q=193.2 (bayes)
2026-09-23 16:03:44,506 INFO: Plan 2: ḡ=80.5, γE[v]=128.2, Q=208.7 (bayes)
2026-09-23 16:03:44,916 INFO: Plan 1: ḡ=6, γE[v]=0.0, Q=6.0 (fn)
2026-09-23 16:03:45,226 INFO: Plan 0: ḡ=1, γE[v]=0.0, Q=1.0 (fn)
2026-09-23 16:03:45,270 INFO: Plan 2: ḡ=9, γE[v]=0.0, Q=9.0 (fn)
2026-09-23 16:03:45,270 INFO: Plan 0: ḡ=0.2, γE[v]=0.9, Q=1.1 (bayes)
2026-09-23 16:03:45,270 INFO: Plan 1: ḡ=1.0, γE[v]=0.6, Q=1.6 (bayes)
2026-09-23 16:03:45,270 INFO: Plan 2: ḡ=0.9, γE[v]=0.6, Q=1.5 (bayes)
2026-09-23 16:03:48,278 INFO: Plan 1: ḡ=0, γE[v]=0.0, Q=0.0 (fn)
2026-09-23 16:03:49,808 INFO: Plan 0: ḡ=0, γE[v]=0.0, Q=0.0 (fn)
2026-09-23 16:03:49,844 INFO: Plan 0: ḡ=0, γE[v]=0.0, Q=0.0 (fn)
2026-09-23 16:03:50,325 INFO: Plan 1: ḡ=0, γE[v]=0.0, Q=0.0 (fn)
2026-09-23 16:03:50,326 INFO: Plan 2: ḡ=0, γE[v]=0.0, Q=0.0 (fn)
2026-09-23 16:03:50,326 INFO: Plan 0: ḡ=0.0, γE[v]=0.0, Q=0.0 (bayes)
2026-09-23 16:03:50,326 INFO: Plan 1: ḡ=0.0, γE[v]=0.0, Q=0.0 (bayes)
2026-09-23 16:03:50,326 INFO: Plan 2: ḡ=0.0, γE[v]=0.0, Q=0.0 (bayes)
2026-09-23 16:03:50,509 INFO: Plan 2: ḡ=0, γE[v]=0.0, Q=0.0 (fn)
2026-09-23 16:03:50,510 INFO: Plan 0: ḡ=0.0, γE[v]=0.0, Q=0.0 (bayes)
2026-09-23 16:03:50,510 INFO: Plan 1: ḡ=0.0, γE[v]=0.0, Q=0.0 (bayes)
2026-09-23 16:03:50,510 INFO: Plan 2: ḡ=0.0, γE[v]=0.0, Q=0.0 (bayes)
2026-09-23 16:04:01,672 INFO: Plan 1: ḡ=0, γE[v]=0.0, Q=0.0 (fn)
2026-09-23 16:04:02,347 INFO: Plan 2: ḡ=0, γE[v]=0.0, Q=0.0 (fn)
2026-09-23 16:04:02,878 INFO: Plan 1: ḡ=0, γE[v]=0.0, Q=0.0 (fn)
2026-09-23 16:04:03,105 INFO: Plan 0: ḡ=0, γE[v]=0.0, Q=0.0 (fn)
2026-09-23 16:04:03,105 INFO: Plan 0: ḡ=0.0, γE[v]=0.0, Q=0.0 (bayes)
2026-09-23 16:04:03,105 INFO: Plan 1: ḡ=0.0, γE[v]=0.0, Q=0.0 (bayes)
2026-09-23 16:04:03,105 INFO: Plan 2: ḡ=0.0, γE[v]=0.0, Q=0.0 (bayes)
2026-09-23 16:04:03,144 INFO: Plan 0: ḡ=0, γE[v]=0.0, Q=0.0 (fn)
2026-09-23 16:04:03,357 INFO: Plan 2: ḡ=0, γE[v]=0.0, Q=0.0 (fn)
2026-09-23 16:04:03,358 INFO: Plan 0: ḡ=0.0, γE[v]=0.0, Q=0.0 (bayes)
2026-09-23 16:04:03,358 INFO: Plan 1: ḡ=0.0, γE[v]=0.0, Q=0.0 (bayes)
2026-09-23 16:04:03,358 INFO: Plan 2: ḡ=0.0, γE[v]=0.0, Q=0.0 (bayes)
2026-09-23 16:04:10,229 INFO: Plan 2: ḡ=0, γE[v]=0.0, Q=0.0 (fn)
2026-09-23 16:04:10,230 INFO: Plan 0: ḡ=4, γE[v]=0.0, Q=4.0 (fn)
2026-09-23 16:04:10,798 INFO: Plan 1: ḡ=1, γE[v]=0.0, Q=1.0 (fn)
2026-09-23 16:04:10,798 INFO: Plan 0: ḡ=1.3, γE[v]=0.2, Q=1.5 (bayes)
2026-09-23 16:04:10,799 INFO: Plan 1: ḡ=0.3, γE[v]=0.7, Q=1.0 (bayes)
2026-09-23 16:04:10,799 INFO: Plan 2: ḡ=0.0, γE[v]=0.8, Q=0.8 (bayes)
2026-09-23 16:04:17,527 INFO: Plan 1: ḡ=1, γE[v]=0.0, Q=1.0 (fn)
2026-09-23 16:04:18,675 INFO: Plan 0: ḡ=1, γE[v]=0.5, Q=1.5 (fn)
2026-09-23 16:04:19,062 INFO: Plan 2: ḡ=2, γE[v]=0.0, Q=2.0 (fn)
2026-09-23 16:04:19,063 INFO: Plan 0: ḡ=0.1, γE[v]=0.1, Q=0.2 (bayes)
2026-09-23 16:04:19,063 INFO: Plan 1: ḡ=0.1, γE[v]=0.1, Q=0.2 (bayes)
2026-09-23 16:04:19,063 INFO: Plan 2: ḡ=0.2, γE[v]=0.0, Q=0.2 (bayes)
2026-09-23 16:04:21,122 INFO: Plan 2: ḡ=0, γE[v]=0.0, Q=0.0 (fn)
2026-09-23 16:04:21,401 INFO: Plan 0: ḡ=0, γE[v]=0.0, Q=0.0 (fn)
  [8/93] rich.syntax seed=42: {'cov_qvalue_tgt_fnt_bayes': 81}
2026-09-23 16:04:24,020 INFO: Plan 1: ḡ=0, γE[v]=0.0, Q=0.0 (fn)
2026-09-23 16:04:24,020 INFO: Plan 0: ḡ=0.0, γE[v]=0.0, Q=0.0 (bayes)
2026-09-23 16:04:24,020 INFO: Plan 1: ḡ=0.0, γE[v]=0.0, Q=0.0 (bayes)
2026-09-23 16:04:24,021 INFO: Plan 2: ḡ=0.0, γE[v]=0.0, Q=0.0 (bayes)
2026-09-23 16:04:24,925 INFO: Plan 0: ḡ=0, γE[v]=0.0, Q=0.0 (fn)
2026-09-23 16:04:25,465 INFO: Plan 1: ḡ=0, γE[v]=0.0, Q=0.0 (fn)
2026-09-23 16:04:26,094 INFO: Plan 2: ḡ=0, γE[v]=0.0, Q=0.0 (fn)
2026-09-23 16:04:26,095 INFO: Plan 0: ḡ=0.0, γE[v]=0.0, Q=0.0 (bayes)
2026-09-23 16:04:26,095 INFO: Plan 1: ḡ=0.0, γE[v]=0.0, Q=0.0 (bayes)
2026-09-23 16:04:26,095 INFO: Plan 2: ḡ=0.0, γE[v]=0.0, Q=0.0 (bayes)
2026-09-23 16:04:26,569 INFO: Plan 1: ḡ=91, γE[v]=0.0, Q=91.0 (fn)
2026-09-23 16:04:26,790 INFO: Plan 2: ḡ=54, γE[v]=6.0, Q=60.0 (fn)
2026-09-23 16:04:27,622 INFO: Plan 0: ḡ=0, γE[v]=0.0, Q=0.0 (fn)
2026-09-23 16:04:27,660 INFO: Plan 1: ḡ=0, γE[v]=0.0, Q=0.0 (fn)
2026-09-23 16:04:28,439 INFO: Plan 2: ḡ=0, γE[v]=0.0, Q=0.0 (fn)
2026-09-23 16:04:28,439 INFO: Plan 0: ḡ=0.0, γE[v]=0.0, Q=0.0 (bayes)
2026-09-23 16:04:28,440 INFO: Plan 1: ḡ=0.0, γE[v]=0.0, Q=0.0 (bayes)
2026-09-23 16:04:28,440 INFO: Plan 2: ḡ=0.0, γE[v]=0.0, Q=0.0 (bayes)
2026-09-23 16:04:31,280 INFO: Plan 2: ḡ=4, γE[v]=0.0, Q=4.0 (fn)
2026-09-23 16:04:31,653 INFO: Plan 0: ḡ=80, γE[v]=12.5, Q=92.5 (fn)
2026-09-23 16:04:31,654 INFO: Plan 0: ḡ=40.0, γE[v]=30.3, Q=70.3 (bayes)
2026-09-23 16:04:31,654 INFO: Plan 1: ḡ=45.5, γE[v]=27.0, Q=72.5 (bayes)
2026-09-23 16:04:31,654 INFO: Plan 2: ḡ=27.0, γE[v]=36.5, Q=63.5 (bayes)
2026-09-23 16:04:31,920 INFO: Plan 1: ḡ=10, γE[v]=0.0, Q=10.0 (fn)
2026-09-23 16:04:31,921 INFO: Plan 0: ḡ=15, γE[v]=0.0, Q=15.0 (fn)
2026-09-23 16:04:31,922 INFO: Plan 0: ḡ=1.4, γE[v]=1.0, Q=2.4 (bayes)
2026-09-23 16:04:31,922 INFO: Plan 1: ḡ=1.2, γE[v]=1.1, Q=2.3 (bayes)
2026-09-23 16:04:31,922 INFO: Plan 2: ḡ=0.8, γE[v]=1.3, Q=2.1 (bayes)
2026-09-23 16:04:32,553 INFO: Plan 1: ḡ=0, γE[v]=0.0, Q=0.0 (fn)
2026-09-23 16:04:33,103 INFO: Plan 0: ḡ=7, γE[v]=0.0, Q=7.0 (fn)
2026-09-23 16:04:33,103 INFO: Plan 2: ḡ=0, γE[v]=0.0, Q=0.0 (fn)
2026-09-23 16:04:33,104 INFO: Plan 0: ḡ=0.9, γE[v]=0.0, Q=0.9 (bayes)
2026-09-23 16:04:33,104 INFO: Plan 1: ḡ=0.0, γE[v]=0.4, Q=0.4 (bayes)
2026-09-23 16:04:33,104 INFO: Plan 2: ḡ=0.0, γE[v]=0.4, Q=0.4 (bayes)
2026-09-23 16:04:42,961 INFO: Plan 0: ḡ=8, γE[v]=0.0, Q=8.0 (fn)
2026-09-23 16:04:43,809 INFO: Plan 1: ḡ=6, γE[v]=0.0, Q=6.0 (fn)
2026-09-23 16:04:44,954 INFO: Plan 2: ḡ=45, γE[v]=0.0, Q=45.0 (fn)
2026-09-23 16:04:44,954 INFO: Plan 0: ḡ=1.3, γE[v]=3.0, Q=4.3 (bayes)
2026-09-23 16:04:44,954 INFO: Plan 1: ḡ=1.0, γE[v]=3.2, Q=4.2 (bayes)
2026-09-23 16:04:44,954 INFO: Plan 2: ḡ=5.0, γE[v]=1.2, Q=6.2 (bayes)
2026-09-23 16:04:45,323 INFO: Plan 0: ḡ=1, γE[v]=0.0, Q=1.0 (fn)
2026-09-23 16:04:45,502 INFO: Plan 1: ḡ=1, γE[v]=0.0, Q=1.0 (fn)
2026-09-23 16:04:45,503 INFO: Plan 2: ḡ=0, γE[v]=0.0, Q=0.0 (fn)
2026-09-23 16:04:45,503 INFO: Plan 0: ḡ=0.2, γE[v]=0.1, Q=0.4 (bayes)
2026-09-23 16:04:45,504 INFO: Plan 1: ḡ=0.2, γE[v]=0.1, Q=0.4 (bayes)
2026-09-23 16:04:45,504 INFO: Plan 2: ḡ=0.0, γE[v]=0.2, Q=0.2 (bayes)
2026-09-23 16:04:46,311 INFO: Plan 1: ḡ=0, γE[v]=0.0, Q=0.0 (fn)
2026-09-23 16:04:46,311 INFO: Plan 2: ḡ=0, γE[v]=0.0, Q=0.0 (fn)
2026-09-23 16:04:46,472 INFO: Plan 0: ḡ=0, γE[v]=0.0, Q=0.0 (fn)
2026-09-23 16:04:46,473 INFO: Plan 0: ḡ=0.0, γE[v]=0.0, Q=0.0 (bayes)
2026-09-23 16:04:46,473 INFO: Plan 1: ḡ=0.0, γE[v]=0.0, Q=0.0 (bayes)
2026-09-23 16:04:46,473 INFO: Plan 2: ḡ=0.0, γE[v]=0.0, Q=0.0 (bayes)
  [9/93] click.utils seed=42: {'cov_qvalue_tgt_fnt_bayes': 51}
2026-09-23 16:04:48,961 INFO: Plan 1: ḡ=0, γE[v]=0.0, Q=0.0 (fn)
2026-09-23 16:04:49,003 INFO: Plan 0: ḡ=0, γE[v]=0.0, Q=0.0 (fn)
2026-09-23 16:04:49,386 INFO: Plan 2: ḡ=0, γE[v]=0.0, Q=0.0 (fn)
2026-09-23 16:04:49,388 INFO: Plan 0: ḡ=62, γE[v]=0.0, Q=62.0 (fn)
2026-09-23 16:04:49,389 INFO: Plan 0: ḡ=0.0, γE[v]=0.0, Q=0.0 (bayes)
2026-09-23 16:04:49,389 INFO: Plan 1: ḡ=0.0, γE[v]=0.0, Q=0.0 (bayes)
2026-09-23 16:04:49,389 INFO: Plan 2: ḡ=0.0, γE[v]=0.0, Q=0.0 (bayes)
2026-09-23 16:04:49,932 INFO: Plan 0: ḡ=14, γE[v]=9.0, Q=23.0 (fn)
2026-09-23 16:04:50,496 INFO: Plan 1: ḡ=0, γE[v]=0.0, Q=0.0 (fn)
2026-09-23 16:04:50,679 INFO: Plan 1: ḡ=17, γE[v]=6.5, Q=23.5 (fn)
2026-09-23 16:04:51,129 INFO: Plan 2: ḡ=0, γE[v]=0.0, Q=0.0 (fn)
2026-09-23 16:04:51,130 INFO: Plan 0: ḡ=0, γE[v]=0.0, Q=0.0 (fn)
2026-09-23 16:04:51,130 INFO: Plan 0: ḡ=0.0, γE[v]=0.0, Q=0.0 (bayes)
2026-09-23 16:04:51,130 INFO: Plan 1: ḡ=0.0, γE[v]=0.0, Q=0.0 (bayes)
2026-09-23 16:04:51,130 INFO: Plan 2: ḡ=0.0, γE[v]=0.0, Q=0.0 (bayes)
2026-09-23 16:04:52,242 INFO: Plan 2: ḡ=139, γE[v]=0.0, Q=139.0 (fn)
2026-09-23 16:04:52,585 INFO: Plan 1: ḡ=124, γE[v]=7.5, Q=131.5 (fn)
2026-09-23 16:04:52,586 INFO: Plan 0: ḡ=8.1, γE[v]=4.2, Q=12.3 (bayes)
2026-09-23 16:04:52,586 INFO: Plan 1: ḡ=14.6, γE[v]=1.5, Q=16.1 (bayes)
2026-09-23 16:04:52,586 INFO: Plan 2: ḡ=16.4, γE[v]=0.0, Q=16.4 (bayes)
2026-09-23 16:04:52,988 INFO: Plan 2: ḡ=14, γE[v]=0.0, Q=14.0 (fn)
2026-09-23 16:04:53,213 INFO: Plan 1: ḡ=0, γE[v]=0.0, Q=0.0 (fn)
2026-09-23 16:04:53,745 INFO: Plan 2: ḡ=28, γE[v]=10.5, Q=38.5 (fn)
2026-09-23 16:04:53,746 INFO: Plan 0: ḡ=3.2, γE[v]=6.6, Q=9.8 (bayes)
2026-09-23 16:04:53,746 INFO: Plan 1: ḡ=3.9, γE[v]=6.1, Q=9.9 (bayes)
2026-09-23 16:04:53,746 INFO: Plan 2: ḡ=7.0, γE[v]=4.8, Q=11.8 (bayes)
2026-09-23 16:04:53,908 INFO: Plan 0: ḡ=11, γE[v]=0.0, Q=11.0 (fn)
2026-09-23 16:04:53,951 INFO: Plan 1: ḡ=33, γE[v]=0.0, Q=33.0 (fn)
2026-09-23 16:04:53,952 INFO: Plan 0: ḡ=5.1, γE[v]=11.1, Q=16.2 (bayes)
2026-09-23 16:04:53,952 INFO: Plan 1: ḡ=11.6, γE[v]=7.8, Q=19.4 (bayes)
2026-09-23 16:04:53,952 INFO: Plan 2: ḡ=4.2, γE[v]=11.5, Q=15.8 (bayes)
  [10/93] click.types seed=42: {'cov_qvalue_tgt_fnt_bayes': 81}
2026-09-23 16:04:54,903 INFO: Plan 2: ḡ=0, γE[v]=0.0, Q=0.0 (fn)
2026-09-23 16:04:55,237 INFO: Plan 0: ḡ=0, γE[v]=0.0, Q=0.0 (fn)
2026-09-23 16:04:55,237 INFO: Plan 0: ḡ=2, γE[v]=0.0, Q=2.0 (fn)
2026-09-23 16:04:55,463 INFO: Plan 2: ḡ=0, γE[v]=0.0, Q=0.0 (fn)
2026-09-23 16:04:55,640 INFO: Plan 1: ḡ=0, γE[v]=0.0, Q=0.0 (fn)
2026-09-23 16:04:55,640 INFO: Plan 0: ḡ=0.0, γE[v]=0.0, Q=0.0 (bayes)
2026-09-23 16:04:55,640 INFO: Plan 1: ḡ=0.0, γE[v]=0.0, Q=0.0 (bayes)
2026-09-23 16:04:55,641 INFO: Plan 2: ḡ=0.0, γE[v]=0.0, Q=0.0 (bayes)
2026-09-23 16:04:55,680 INFO: Plan 1: ḡ=4, γE[v]=0.0, Q=4.0 (fn)
2026-09-23 16:04:56,135 INFO: Plan 0: ḡ=0, γE[v]=0.0, Q=0.0 (fn)
2026-09-23 16:04:56,136 INFO: Plan 0: ḡ=0.0, γE[v]=0.0, Q=0.0 (bayes)
2026-09-23 16:04:56,136 INFO: Plan 1: ḡ=0.0, γE[v]=0.0, Q=0.0 (bayes)
2026-09-23 16:04:56,136 INFO: Plan 2: ḡ=0.0, γE[v]=0.0, Q=0.0 (bayes)
2026-09-23 16:04:56,598 INFO: Plan 2: ḡ=6, γE[v]=0.0, Q=6.0 (fn)
2026-09-23 16:04:56,598 INFO: Plan 0: ḡ=0.2, γE[v]=0.2, Q=0.4 (bayes)
2026-09-23 16:04:56,599 INFO: Plan 1: ḡ=0.4, γE[v]=0.1, Q=0.5 (bayes)
2026-09-23 16:04:56,599 INFO: Plan 2: ḡ=0.6, γE[v]=0.0, Q=0.6 (bayes)
2026-09-23 16:04:57,292 INFO: Plan 1: ḡ=90, γE[v]=0.0, Q=90.0 (fn)
2026-09-23 16:04:57,511 INFO: Plan 0: ḡ=45, γE[v]=0.0, Q=45.0 (fn)
2026-09-23 16:04:57,856 INFO: Plan 0: ḡ=110, γE[v]=0.0, Q=110.0 (fn)
2026-09-23 16:04:58,216 INFO: Plan 0: ḡ=0, γE[v]=0.0, Q=0.0 (fn)
2026-09-23 16:04:58,540 INFO: Plan 2: ḡ=0, γE[v]=0.0, Q=0.0 (fn)
2026-09-23 16:04:58,703 INFO: Plan 1: ḡ=9, γE[v]=0.0, Q=9.0 (fn)
2026-09-23 16:04:58,962 INFO: Plan 1: ḡ=0, γE[v]=0.0, Q=0.0 (fn)
2026-09-23 16:04:58,963 INFO: Plan 0: ḡ=0.0, γE[v]=0.0, Q=0.0 (bayes)
2026-09-23 16:04:58,963 INFO: Plan 1: ḡ=0.0, γE[v]=0.0, Q=0.0 (bayes)
2026-09-23 16:04:58,963 INFO: Plan 2: ḡ=0.0, γE[v]=0.0, Q=0.0 (bayes)
2026-09-23 16:05:01,552 INFO: Plan 2: ḡ=207, γE[v]=24.5, Q=231.5 (fn)
2026-09-23 16:05:01,552 INFO: Plan 0: ḡ=55.0, γE[v]=36.5, Q=91.5 (bayes)
2026-09-23 16:05:01,552 INFO: Plan 1: ḡ=45.0, γE[v]=41.5, Q=86.5 (bayes)
2026-09-23 16:05:01,552 INFO: Plan 2: ḡ=103.5, γE[v]=13.4, Q=116.8 (bayes)
2026-09-23 16:05:02,471 INFO: Plan 2: ḡ=41, γE[v]=0.0, Q=41.0 (fn)
2026-09-23 16:05:02,779 INFO: Plan 0: ḡ=27, γE[v]=0.0, Q=27.0 (fn)
2026-09-23 16:05:02,821 INFO: Plan 1: ḡ=88, γE[v]=0.0, Q=88.0 (fn)
2026-09-23 16:05:03,323 INFO: Plan 0: ḡ=163, γE[v]=0.0, Q=163.0 (fn)
2026-09-23 16:05:03,324 INFO: Plan 0: ḡ=81.5, γE[v]=32.2, Q=113.8 (bayes)
2026-09-23 16:05:03,324 INFO: Plan 1: ḡ=44.0, γE[v]=51.0, Q=95.0 (bayes)
2026-09-23 16:05:03,324 INFO: Plan 2: ḡ=20.5, γE[v]=62.8, Q=83.2 (bayes)
2026-09-23 16:05:03,860 INFO: Plan 2: ḡ=49, γE[v]=18.0, Q=67.0 (fn)
2026-09-23 16:05:03,861 INFO: Plan 0: ḡ=15.0, γE[v]=6.7, Q=21.7 (bayes)
2026-09-23 16:05:03,861 INFO: Plan 1: ḡ=3.0, γE[v]=12.7, Q=15.7 (bayes)
2026-09-23 16:05:03,861 INFO: Plan 2: ḡ=16.3, γE[v]=7.1, Q=23.4 (bayes)
2026-09-23 16:05:04,121 INFO: Plan 2: ḡ=33, γE[v]=0.0, Q=33.0 (fn)
2026-09-23 16:05:05,100 INFO: Plan 1: ḡ=184, γE[v]=0.0, Q=184.0 (fn)
2026-09-23 16:05:05,101 INFO: Plan 0: ḡ=11.3, γE[v]=56.2, Q=67.5 (bayes)
2026-09-23 16:05:05,101 INFO: Plan 1: ḡ=54.7, γE[v]=34.5, Q=89.2 (bayes)
2026-09-23 16:05:05,101 INFO: Plan 2: ḡ=8.9, γE[v]=57.4, Q=66.3 (bayes)
2026-09-23 16:05:05,276 INFO: Plan 1: ḡ=0, γE[v]=0.0, Q=0.0 (fn)
2026-09-23 16:05:05,539 INFO: Plan 0: ḡ=1, γE[v]=0.0, Q=1.0 (fn)
2026-09-23 16:05:05,540 INFO: Plan 2: ḡ=0, γE[v]=0.0, Q=0.0 (fn)
2026-09-23 16:05:05,540 INFO: Plan 0: ḡ=0.2, γE[v]=0.0, Q=0.2 (bayes)
2026-09-23 16:05:05,540 INFO: Plan 1: ḡ=0.0, γE[v]=0.1, Q=0.1 (bayes)
2026-09-23 16:05:05,540 INFO: Plan 2: ḡ=0.0, γE[v]=0.1, Q=0.1 (bayes)
  [11/93] click.core seed=42: {'cov_qvalue_tgt_fnt_bayes': 319}
2026-09-23 16:05:10,104 INFO: Plan 2: ḡ=19, γE[v]=0.0, Q=19.0 (fn)
2026-09-23 16:05:10,492 INFO: Plan 0: ḡ=0, γE[v]=0.0, Q=0.0 (fn)
2026-09-23 16:05:10,863 INFO: Plan 2: ḡ=0, γE[v]=0.0, Q=0.0 (fn)
2026-09-23 16:05:10,903 INFO: Plan 1: ḡ=37, γE[v]=0.0, Q=37.0 (fn)
2026-09-23 16:05:11,254 INFO: Plan 1: ḡ=0, γE[v]=0.0, Q=0.0 (fn)
2026-09-23 16:05:11,254 INFO: Plan 0: ḡ=0.0, γE[v]=0.0, Q=0.0 (bayes)
2026-09-23 16:05:11,254 INFO: Plan 1: ḡ=0.0, γE[v]=0.0, Q=0.0 (bayes)
2026-09-23 16:05:11,255 INFO: Plan 2: ḡ=0.0, γE[v]=0.0, Q=0.0 (bayes)
2026-09-23 16:05:11,864 INFO: Plan 0: ḡ=12, γE[v]=2.5, Q=14.5 (fn)
2026-09-23 16:05:11,864 INFO: Plan 0: ḡ=5.2, γE[v]=6.8, Q=12.0 (bayes)
2026-09-23 16:05:11,865 INFO: Plan 1: ḡ=7.1, γE[v]=5.7, Q=12.8 (bayes)
2026-09-23 16:05:11,865 INFO: Plan 2: ḡ=4.8, γE[v]=6.8, Q=11.6 (bayes)
2026-09-23 16:05:12,310 INFO: Plan 1: ḡ=0, γE[v]=0.0, Q=0.0 (fn)
2026-09-23 16:05:12,621 INFO: Plan 0: ḡ=0, γE[v]=0.0, Q=0.0 (fn)
2026-09-23 16:05:13,093 INFO: Plan 2: ḡ=0, γE[v]=0.0, Q=0.0 (fn)
2026-09-23 16:05:13,094 INFO: Plan 0: ḡ=0.0, γE[v]=0.0, Q=0.0 (bayes)
2026-09-23 16:05:13,094 INFO: Plan 1: ḡ=0.0, γE[v]=0.0, Q=0.0 (bayes)
2026-09-23 16:05:13,094 INFO: Plan 2: ḡ=0.0, γE[v]=0.0, Q=0.0 (bayes)
2026-09-23 16:05:13,567 INFO: Plan 1: ḡ=2, γE[v]=0.0, Q=2.0 (fn)
  [12/93] rich.console seed=42: {'cov_qvalue_tgt_fnt_bayes': 265}
2026-09-23 16:05:13,730 INFO: Plan 0: ḡ=12, γE[v]=0.0, Q=12.0 (fn)
2026-09-23 16:05:14,169 INFO: Plan 2: ḡ=2, γE[v]=0.0, Q=2.0 (fn)
2026-09-23 16:05:14,170 INFO: Plan 0: ḡ=1.0, γE[v]=0.2, Q=1.2 (bayes)
2026-09-23 16:05:14,170 INFO: Plan 1: ḡ=0.2, γE[v]=0.6, Q=0.8 (bayes)
2026-09-23 16:05:14,170 INFO: Plan 2: ḡ=0.2, γE[v]=0.6, Q=0.8 (bayes)
2026-09-23 16:05:15,422 INFO: Plan 1: ḡ=46, γE[v]=0.0, Q=46.0 (fn)
2026-09-23 16:05:15,740 INFO: Plan 0: ḡ=13, γE[v]=0.0, Q=13.0 (fn)
2026-09-23 16:05:16,003 INFO: Plan 2: ḡ=82, γE[v]=0.0, Q=82.0 (fn)
2026-09-23 16:05:16,003 INFO: Plan 0: ḡ=3.5, γE[v]=8.7, Q=12.2 (bayes)
2026-09-23 16:05:16,003 INFO: Plan 1: ḡ=8.3, γE[v]=6.3, Q=14.6 (bayes)
2026-09-23 16:05:16,003 INFO: Plan 2: ḡ=9.1, γE[v]=5.9, Q=15.0 (bayes)
2026-09-23 16:05:16,270 INFO: Plan 1: ḡ=0, γE[v]=0.0, Q=0.0 (fn)
2026-09-23 16:05:16,489 INFO: Plan 0: ḡ=1, γE[v]=0.0, Q=1.0 (fn)
2026-09-23 16:05:16,731 INFO: Plan 2: ḡ=0, γE[v]=0.0, Q=0.0 (fn)
2026-09-23 16:05:16,732 INFO: Plan 0: ḡ=0.1, γE[v]=0.0, Q=0.1 (bayes)
2026-09-23 16:05:16,732 INFO: Plan 1: ḡ=0.0, γE[v]=0.1, Q=0.1 (bayes)
2026-09-23 16:05:16,732 INFO: Plan 2: ḡ=0.0, γE[v]=0.1, Q=0.1 (bayes)
2026-09-23 16:05:18,540 INFO: Plan 0: ḡ=0, γE[v]=0.0, Q=0.0 (fn)
  [13/93] flask.cli seed=42: {'cov_qvalue_tgt_fnt_bayes': 125}
2026-09-23 16:05:19,913 INFO: Plan 1: ḡ=0, γE[v]=0.0, Q=0.0 (fn)
2026-09-23 16:05:20,586 INFO: Plan 2: ḡ=0, γE[v]=0.0, Q=0.0 (fn)
2026-09-23 16:05:20,588 INFO: Plan 0: ḡ=0.0, γE[v]=0.0, Q=0.0 (bayes)
2026-09-23 16:05:20,589 INFO: Plan 1: ḡ=0.0, γE[v]=0.0, Q=0.0 (bayes)
2026-09-23 16:05:20,591 INFO: Plan 2: ḡ=0.0, γE[v]=0.0, Q=0.0 (bayes)
2026-09-23 16:05:21,653 INFO: Plan 0: ḡ=20, γE[v]=0.0, Q=20.0 (fn)
2026-09-23 16:05:21,693 INFO: Plan 1: ḡ=3, γE[v]=0.0, Q=3.0 (fn)
2026-09-23 16:05:21,733 INFO: Plan 2: ḡ=0, γE[v]=0.0, Q=0.0 (fn)
2026-09-23 16:05:21,733 INFO: Plan 0: ḡ=2.2, γE[v]=0.8, Q=3.0 (bayes)
2026-09-23 16:05:21,734 INFO: Plan 1: ḡ=1.5, γE[v]=1.1, Q=2.6 (bayes)
2026-09-23 16:05:21,734 INFO: Plan 2: ḡ=0.0, γE[v]=1.9, Q=1.9 (bayes)
2026-09-23 16:05:25,414 INFO: Plan 2: ḡ=1, γE[v]=0.0, Q=1.0 (fn)
2026-09-23 16:05:27,592 INFO: Plan 0: ḡ=40, γE[v]=0.0, Q=40.0 (fn)
2026-09-23 16:05:27,867 INFO: Plan 1: ḡ=27, γE[v]=0.0, Q=27.0 (fn)
2026-09-23 16:05:27,868 INFO: Plan 0: ḡ=10.0, γE[v]=33.7, Q=43.7 (bayes)
2026-09-23 16:05:27,868 INFO: Plan 1: ḡ=10.7, γE[v]=33.4, Q=44.0 (bayes)
2026-09-23 16:05:27,868 INFO: Plan 2: ḡ=0.2, γE[v]=38.6, Q=38.8 (bayes)
2026-09-23 16:05:28,888 INFO: Plan 1: ḡ=0, γE[v]=0.0, Q=0.0 (fn)
2026-09-23 16:05:28,889 INFO: Plan 2: ḡ=0, γE[v]=0.0, Q=0.0 (fn)
2026-09-23 16:05:28,889 INFO: Plan 0: ḡ=0, γE[v]=0.0, Q=0.0 (fn)
2026-09-23 16:05:28,890 INFO: Plan 0: ḡ=0.0, γE[v]=0.0, Q=0.0 (bayes)
2026-09-23 16:05:28,890 INFO: Plan 1: ḡ=0.0, γE[v]=0.0, Q=0.0 (bayes)
2026-09-23 16:05:28,890 INFO: Plan 2: ḡ=0.0, γE[v]=0.0, Q=0.0 (bayes)
  [14/93] jinja2.nodes seed=42: {'cov_qvalue_tgt_fnt_bayes': 30}
2026-09-23 16:05:31,827 INFO: Plan 2: ḡ=26, γE[v]=0.0, Q=26.0 (fn)
2026-09-23 16:05:31,910 INFO: Plan 0: ḡ=12, γE[v]=0.0, Q=12.0 (fn)
2026-09-23 16:05:33,454 INFO: Plan 0: ḡ=34, γE[v]=0.0, Q=34.0 (fn)
2026-09-23 16:05:33,486 INFO: Plan 1: ḡ=6, γE[v]=0.0, Q=6.0 (fn)
2026-09-23 16:05:33,907 INFO: Plan 0: ḡ=1, γE[v]=0.0, Q=1.0 (fn)
2026-09-23 16:05:33,946 INFO: Plan 2: ḡ=9, γE[v]=0.0, Q=9.0 (fn)
2026-09-23 16:05:33,947 INFO: Plan 0: ḡ=0.2, γE[v]=0.9, Q=1.1 (bayes)
2026-09-23 16:05:33,947 INFO: Plan 1: ḡ=0.9, γE[v]=0.6, Q=1.4 (bayes)
2026-09-23 16:05:33,947 INFO: Plan 2: ḡ=0.9, γE[v]=0.5, Q=1.4 (bayes)
2026-09-23 16:05:35,566 INFO: Plan 0: ḡ=0, γE[v]=0.0, Q=0.0 (fn)
2026-09-23 16:05:36,113 INFO: Plan 1: ḡ=0, γE[v]=0.0, Q=0.0 (fn)
2026-09-23 16:05:36,818 INFO: Plan 1: ḡ=53, γE[v]=16.0, Q=69.0 (fn)
2026-09-23 16:05:36,819 INFO: Plan 0: ḡ=4.0, γE[v]=12.2, Q=16.2 (bayes)
2026-09-23 16:05:36,819 INFO: Plan 1: ḡ=17.7, γE[v]=6.3, Q=24.0 (bayes)
2026-09-23 16:05:36,819 INFO: Plan 2: ḡ=8.7, γE[v]=9.8, Q=18.5 (bayes)
2026-09-23 16:05:37,289 INFO: Plan 2: ḡ=0, γE[v]=0.0, Q=0.0 (fn)
2026-09-23 16:05:37,289 INFO: Plan 0: ḡ=0.0, γE[v]=0.0, Q=0.0 (bayes)
2026-09-23 16:05:37,289 INFO: Plan 1: ḡ=0.0, γE[v]=0.0, Q=0.0 (bayes)
2026-09-23 16:05:37,289 INFO: Plan 2: ḡ=0.0, γE[v]=0.0, Q=0.0 (bayes)
2026-09-23 16:05:38,444 INFO: Plan 1: ḡ=31, γE[v]=17.5, Q=48.5 (fn)
2026-09-23 16:05:39,836 INFO: Plan 0: ḡ=0, γE[v]=0.0, Q=0.0 (fn)
2026-09-23 16:05:39,837 INFO: Plan 1: ḡ=0, γE[v]=0.0, Q=0.0 (fn)
2026-09-23 16:05:40,461 INFO: Plan 2: ḡ=0, γE[v]=0.0, Q=0.0 (fn)
2026-09-23 16:05:40,462 INFO: Plan 0: ḡ=0.0, γE[v]=0.0, Q=0.0 (bayes)
2026-09-23 16:05:40,462 INFO: Plan 1: ḡ=0.0, γE[v]=0.0, Q=0.0 (bayes)
2026-09-23 16:05:40,462 INFO: Plan 2: ḡ=0.0, γE[v]=0.0, Q=0.0 (bayes)
2026-09-23 16:05:42,748 INFO: Plan 2: ḡ=295, γE[v]=23.5, Q=318.5 (fn)
2026-09-23 16:05:42,749 INFO: Plan 0: ḡ=4.3, γE[v]=15.4, Q=19.7 (bayes)
2026-09-23 16:05:42,749 INFO: Plan 1: ḡ=2.8, γE[v]=17.6, Q=20.4 (bayes)
2026-09-23 16:05:42,749 INFO: Plan 2: ḡ=30.0, γE[v]=4.5, Q=34.5 (bayes)
2026-09-23 16:05:46,625 INFO: Plan 0: ḡ=62, γE[v]=0.0, Q=62.0 (fn)
2026-09-23 16:05:51,506 INFO: Plan 2: ḡ=23, γE[v]=31.5, Q=54.5 (fn)
2026-09-23 16:05:53,530 INFO: Plan 1: ḡ=32, γE[v]=13.0, Q=45.0 (fn)
2026-09-23 16:05:53,531 INFO: Plan 0: ḡ=18.5, γE[v]=40.9, Q=59.4 (bayes)
2026-09-23 16:05:53,531 INFO: Plan 1: ḡ=16.0, γE[v]=42.8, Q=58.8 (bayes)
2026-09-23 16:05:53,531 INFO: Plan 2: ḡ=4.2, γE[v]=50.5, Q=54.7 (bayes)
2026-09-23 16:05:54,763 INFO: Plan 0: ḡ=32, γE[v]=0.0, Q=32.0 (fn)
2026-09-23 16:05:55,420 INFO: Plan 0: ḡ=20, γE[v]=0.0, Q=20.0 (fn)
2026-09-23 16:05:55,844 INFO: Plan 2: ḡ=40, γE[v]=0.0, Q=40.0 (fn)
2026-09-23 16:05:56,193 INFO: Plan 1: ḡ=44, γE[v]=0.0, Q=44.0 (fn)
2026-09-23 16:05:56,193 INFO: Plan 0: ḡ=11.3, γE[v]=38.8, Q=50.1 (bayes)
2026-09-23 16:05:56,193 INFO: Plan 1: ḡ=11.8, γE[v]=38.5, Q=50.3 (bayes)
2026-09-23 16:05:56,193 INFO: Plan 2: ḡ=18.3, γE[v]=35.3, Q=53.6 (bayes)
2026-09-23 16:05:56,499 INFO: Plan 2: ḡ=28, γE[v]=0.5, Q=28.5 (fn)
2026-09-23 16:05:56,737 INFO: Plan 1: ḡ=16, γE[v]=0.0, Q=16.0 (fn)
2026-09-23 16:05:56,738 INFO: Plan 0: ḡ=6.5, γE[v]=5.0, Q=11.4 (bayes)
2026-09-23 16:05:56,738 INFO: Plan 1: ḡ=4.3, γE[v]=6.0, Q=10.3 (bayes)
2026-09-23 16:05:56,738 INFO: Plan 2: ḡ=5.6, γE[v]=5.4, Q=11.0 (bayes)
  [15/93] jinja2.environment seed=42: {'cov_qvalue_tgt_fnt_bayes': 143}
  [16/93] jinja2.filters seed=42: {'cov_qvalue_tgt_fnt_bayes': 215}
2026-09-23 16:06:05,502 INFO: Plan 1: ḡ=0, γE[v]=0.0, Q=0.0 (fn)
2026-09-23 16:06:05,624 INFO: Plan 2: ḡ=0, γE[v]=0.0, Q=0.0 (fn)
2026-09-23 16:06:05,875 INFO: Plan 0: ḡ=1, γE[v]=0.0, Q=1.0 (fn)
2026-09-23 16:06:05,876 INFO: Plan 0: ḡ=0.3, γE[v]=0.0, Q=0.3 (bayes)
2026-09-23 16:06:05,876 INFO: Plan 1: ḡ=0.0, γE[v]=0.2, Q=0.2 (bayes)
2026-09-23 16:06:05,876 INFO: Plan 2: ḡ=0.0, γE[v]=0.2, Q=0.2 (bayes)
2026-09-23 16:06:06,376 INFO: Plan 1: ḡ=20, γE[v]=0.0, Q=20.0 (fn)
2026-09-23 16:06:08,635 INFO: Plan 0: ḡ=0, γE[v]=0.0, Q=0.0 (fn)
2026-09-23 16:06:08,636 INFO: Plan 0: ḡ=37, γE[v]=14.0, Q=51.0 (fn)
2026-09-23 16:06:08,674 INFO: Plan 1: ḡ=0, γE[v]=0.0, Q=0.0 (fn)
2026-09-23 16:06:08,674 INFO: Plan 2: ḡ=0, γE[v]=0.0, Q=0.0 (fn)
2026-09-23 16:06:08,675 INFO: Plan 0: ḡ=0.0, γE[v]=0.0, Q=0.0 (bayes)
2026-09-23 16:06:08,675 INFO: Plan 1: ḡ=0.0, γE[v]=0.0, Q=0.0 (bayes)
2026-09-23 16:06:08,675 INFO: Plan 2: ḡ=0.0, γE[v]=0.0, Q=0.0 (bayes)
2026-09-23 16:06:09,806 INFO: Plan 0: ḡ=0, γE[v]=0.0, Q=0.0 (fn)
2026-09-23 16:06:09,848 INFO: Plan 2: ḡ=0, γE[v]=0.0, Q=0.0 (fn)
2026-09-23 16:06:10,363 INFO: Plan 1: ḡ=70, γE[v]=0.0, Q=70.0 (fn)
2026-09-23 16:06:10,364 INFO: Plan 2: ḡ=74, γE[v]=0.0, Q=74.0 (fn)
  [17/93] rich.traceback seed=42: {'cov_qvalue_tgt_fnt_bayes': 78}
2026-09-23 16:06:10,698 INFO: Plan 2: ḡ=4, γE[v]=0.0, Q=4.0 (fn)
2026-09-23 16:06:10,961 INFO: Plan 0: ḡ=58, γE[v]=0.0, Q=58.0 (fn)
2026-09-23 16:06:10,961 INFO: Plan 0: ḡ=29.0, γE[v]=25.5, Q=54.5 (bayes)
2026-09-23 16:06:10,961 INFO: Plan 1: ḡ=35.0, γE[v]=22.5, Q=57.5 (bayes)
2026-09-23 16:06:10,962 INFO: Plan 2: ḡ=37.0, γE[v]=21.5, Q=58.5 (bayes)
2026-09-23 16:06:11,359 INFO: Plan 1: ḡ=10, γE[v]=0.0, Q=10.0 (fn)
2026-09-23 16:06:11,602 INFO: Plan 0: ḡ=15, γE[v]=0.0, Q=15.0 (fn)
2026-09-23 16:06:11,603 INFO: Plan 0: ḡ=1.2, γE[v]=1.0, Q=2.3 (bayes)
2026-09-23 16:06:11,603 INFO: Plan 1: ḡ=1.2, γE[v]=1.0, Q=2.3 (bayes)
2026-09-23 16:06:11,603 INFO: Plan 2: ḡ=0.8, γE[v]=1.2, Q=2.0 (bayes)
2026-09-23 16:06:11,966 INFO: Plan 1: ḡ=0, γE[v]=0.0, Q=0.0 (fn)
2026-09-23 16:06:11,967 INFO: Plan 0: ḡ=0.0, γE[v]=0.0, Q=0.0 (bayes)
2026-09-23 16:06:11,967 INFO: Plan 1: ḡ=0.0, γE[v]=0.0, Q=0.0 (bayes)
2026-09-23 16:06:11,967 INFO: Plan 2: ḡ=0.0, γE[v]=0.0, Q=0.0 (bayes)
2026-09-23 16:06:13,751 INFO: Plan 2: ḡ=74, γE[v]=21.0, Q=95.0 (fn)
2026-09-23 16:06:13,752 INFO: Plan 0: ḡ=18.5, γE[v]=72.4, Q=90.9 (bayes)
2026-09-23 16:06:13,752 INFO: Plan 1: ḡ=7.0, γE[v]=77.5, Q=84.5 (bayes)
2026-09-23 16:06:13,752 INFO: Plan 2: ḡ=37.0, γE[v]=63.4, Q=100.5 (bayes)
2026-09-23 16:06:14,710 INFO: Plan 0: ḡ=0, γE[v]=0.0, Q=0.0 (fn)
2026-09-23 16:06:15,469 INFO: Plan 2: ḡ=0, γE[v]=0.0, Q=0.0 (fn)
2026-09-23 16:06:15,511 INFO: Plan 0: ḡ=0, γE[v]=0.0, Q=0.0 (fn)
2026-09-23 16:06:16,422 INFO: Plan 1: ḡ=0, γE[v]=0.0, Q=0.0 (fn)
2026-09-23 16:06:16,681 INFO: Plan 1: ḡ=0, γE[v]=0.0, Q=0.0 (fn)
2026-09-23 16:06:16,682 INFO: Plan 0: ḡ=0.0, γE[v]=0.0, Q=0.0 (bayes)
2026-09-23 16:06:16,682 INFO: Plan 1: ḡ=0.0, γE[v]=0.0, Q=0.0 (bayes)
2026-09-23 16:06:16,682 INFO: Plan 2: ḡ=0.0, γE[v]=0.0, Q=0.0 (bayes)
2026-09-23 16:06:16,725 INFO: Plan 2: ḡ=0, γE[v]=0.0, Q=0.0 (fn)
2026-09-23 16:06:16,726 INFO: Plan 0: ḡ=0.0, γE[v]=0.0, Q=0.0 (bayes)
2026-09-23 16:06:16,726 INFO: Plan 1: ḡ=0.0, γE[v]=0.0, Q=0.0 (bayes)
2026-09-23 16:06:16,726 INFO: Plan 2: ḡ=0.0, γE[v]=0.0, Q=0.0 (bayes)
  [18/93] click.shell_completion seed=42: {'cov_qvalue_tgt_fnt_bayes': 36}
2026-09-23 16:06:25,172 INFO: Plan 0: ḡ=62, γE[v]=0.0, Q=62.0 (fn)
2026-09-23 16:06:25,657 INFO: Plan 2: ḡ=90, γE[v]=0.0, Q=90.0 (fn)
2026-09-23 16:06:26,533 INFO: Plan 1: ḡ=0, γE[v]=0.0, Q=0.0 (fn)
2026-09-23 16:06:26,571 INFO: Plan 2: ḡ=0, γE[v]=0.0, Q=0.0 (fn)
2026-09-23 16:06:26,743 INFO: Plan 2: ḡ=0, γE[v]=0.0, Q=0.0 (fn)
2026-09-23 16:06:26,784 INFO: Plan 0: ḡ=7, γE[v]=0.0, Q=7.0 (fn)
2026-09-23 16:06:26,784 INFO: Plan 0: ḡ=0.8, γE[v]=0.0, Q=0.8 (bayes)
2026-09-23 16:06:26,784 INFO: Plan 1: ḡ=0.0, γE[v]=0.4, Q=0.4 (bayes)
2026-09-23 16:06:26,784 INFO: Plan 2: ḡ=0.0, γE[v]=0.4, Q=0.4 (bayes)
2026-09-23 16:06:27,186 INFO: Plan 1: ḡ=0, γE[v]=0.0, Q=0.0 (fn)
2026-09-23 16:06:27,187 INFO: Plan 0: ḡ=0, γE[v]=0.0, Q=0.0 (fn)
2026-09-23 16:06:27,187 INFO: Plan 0: ḡ=0.0, γE[v]=0.0, Q=0.0 (bayes)
2026-09-23 16:06:27,187 INFO: Plan 1: ḡ=0.0, γE[v]=0.0, Q=0.0 (bayes)
2026-09-23 16:06:27,187 INFO: Plan 2: ḡ=0.0, γE[v]=0.0, Q=0.0 (bayes)
2026-09-23 16:06:28,860 INFO: Plan 0: ḡ=0, γE[v]=0.0, Q=0.0 (fn)
2026-09-23 16:06:29,690 INFO: Plan 1: ḡ=0, γE[v]=0.0, Q=0.0 (fn)
2026-09-23 16:06:29,988 INFO: Plan 2: ḡ=0, γE[v]=0.0, Q=0.0 (fn)
2026-09-23 16:06:29,988 INFO: Plan 0: ḡ=0.0, γE[v]=0.0, Q=0.0 (bayes)
2026-09-23 16:06:29,988 INFO: Plan 1: ḡ=0.0, γE[v]=0.0, Q=0.0 (bayes)
2026-09-23 16:06:29,988 INFO: Plan 2: ḡ=0.0, γE[v]=0.0, Q=0.0 (bayes)
  [19/93] click.testing seed=42: {'cov_qvalue_tgt_fnt_bayes': 72}
2026-09-23 16:06:32,141 INFO: Plan 0: ḡ=13, γE[v]=0.0, Q=13.0 (fn)
2026-09-23 16:06:32,483 INFO: Plan 1: ḡ=110, γE[v]=63.0, Q=173.0 (fn)
2026-09-23 16:06:32,483 INFO: Plan 0: ḡ=23.3, γE[v]=55.1, Q=78.4 (bayes)
2026-09-23 16:06:32,483 INFO: Plan 1: ḡ=51.2, γE[v]=44.8, Q=96.0 (bayes)
2026-09-23 16:06:32,483 INFO: Plan 2: ḡ=31.3, γE[v]=51.1, Q=82.4 (bayes)
2026-09-23 16:06:32,940 INFO: Plan 0: ḡ=0, γE[v]=0.0, Q=0.0 (fn)
2026-09-23 16:06:33,230 INFO: Plan 1: ḡ=0, γE[v]=0.0, Q=0.0 (fn)
2026-09-23 16:06:33,231 INFO: Plan 2: ḡ=0, γE[v]=0.0, Q=0.0 (fn)
2026-09-23 16:06:33,231 INFO: Plan 0: ḡ=0.0, γE[v]=0.0, Q=0.0 (bayes)
2026-09-23 16:06:33,232 INFO: Plan 1: ḡ=0.0, γE[v]=0.0, Q=0.0 (bayes)
2026-09-23 16:06:33,232 INFO: Plan 2: ḡ=0.0, γE[v]=0.0, Q=0.0 (bayes)
2026-09-23 16:06:35,199 INFO: Plan 1: ḡ=51, γE[v]=0.0, Q=51.0 (fn)
2026-09-23 16:06:37,315 INFO: Plan 1: ḡ=0, γE[v]=0.0, Q=0.0 (fn)
2026-09-23 16:06:37,621 INFO: Plan 2: ḡ=0, γE[v]=0.0, Q=0.0 (fn)
2026-09-23 16:06:37,701 INFO: Plan 0: ḡ=1, γE[v]=0.0, Q=1.0 (fn)
2026-09-23 16:06:37,702 INFO: Plan 0: ḡ=0.2, γE[v]=0.0, Q=0.2 (bayes)
2026-09-23 16:06:37,702 INFO: Plan 1: ḡ=0.0, γE[v]=0.1, Q=0.1 (bayes)
2026-09-23 16:06:37,702 INFO: Plan 2: ḡ=0.0, γE[v]=0.1, Q=0.1 (bayes)
2026-09-23 16:06:38,228 INFO: Plan 0: ḡ=2, γE[v]=0.0, Q=2.0 (fn)
2026-09-23 16:06:38,637 INFO: Plan 1: ḡ=4, γE[v]=0.0, Q=4.0 (fn)
2026-09-23 16:06:39,728 INFO: Plan 2: ḡ=6, γE[v]=0.0, Q=6.0 (fn)
2026-09-23 16:06:39,729 INFO: Plan 0: ḡ=0.2, γE[v]=0.2, Q=0.4 (bayes)
2026-09-23 16:06:39,729 INFO: Plan 1: ḡ=0.3, γE[v]=0.1, Q=0.4 (bayes)
2026-09-23 16:06:39,729 INFO: Plan 2: ḡ=0.5, γE[v]=0.0, Q=0.5 (bayes)
2026-09-23 16:06:40,391 INFO: Plan 0: ḡ=0, γE[v]=0.0, Q=0.0 (fn)
2026-09-23 16:06:40,635 INFO: Plan 1: ḡ=0, γE[v]=0.0, Q=0.0 (fn)
2026-09-23 16:06:40,748 INFO: Plan 2: ḡ=0, γE[v]=0.0, Q=0.0 (fn)
2026-09-23 16:06:40,748 INFO: Plan 0: ḡ=0.0, γE[v]=0.0, Q=0.0 (bayes)
2026-09-23 16:06:40,748 INFO: Plan 1: ḡ=0.0, γE[v]=0.0, Q=0.0 (bayes)
2026-09-23 16:06:40,748 INFO: Plan 2: ḡ=0.0, γE[v]=0.0, Q=0.0 (bayes)
2026-09-23 16:06:41,393 INFO: Plan 2: ḡ=0, γE[v]=0.0, Q=0.0 (fn)
2026-09-23 16:06:41,437 INFO: Plan 2: ḡ=60, γE[v]=10.5, Q=70.5 (fn)
2026-09-23 16:06:41,438 INFO: Plan 0: ḡ=6.5, γE[v]=30.8, Q=37.2 (bayes)
2026-09-23 16:06:41,438 INFO: Plan 1: ḡ=18.7, γE[v]=24.7, Q=43.3 (bayes)
2026-09-23 16:06:41,438 INFO: Plan 2: ḡ=24.0, γE[v]=22.5, Q=46.5 (bayes)
2026-09-23 16:06:41,626 INFO: Plan 1: ḡ=0, γE[v]=0.0, Q=0.0 (fn)
2026-09-23 16:06:41,851 INFO: Plan 0: ḡ=0, γE[v]=0.0, Q=0.0 (fn)
2026-09-23 16:06:41,852 INFO: Plan 0: ḡ=0.0, γE[v]=0.0, Q=0.0 (bayes)
2026-09-23 16:06:41,852 INFO: Plan 1: ḡ=0.0, γE[v]=0.0, Q=0.0 (bayes)
2026-09-23 16:06:41,852 INFO: Plan 2: ḡ=0.0, γE[v]=0.0, Q=0.0 (bayes)
2026-09-23 16:06:42,241 INFO: Plan 2: ḡ=26, γE[v]=0.0, Q=26.0 (fn)
2026-09-23 16:06:44,509 INFO: Plan 1: ḡ=0, γE[v]=0.0, Q=0.0 (fn)
2026-09-23 16:06:45,109 INFO: Plan 0: ḡ=0, γE[v]=0.0, Q=0.0 (fn)
2026-09-23 16:06:45,269 INFO: Plan 2: ḡ=0, γE[v]=0.0, Q=0.0 (fn)
2026-09-23 16:06:45,271 INFO: Plan 0: ḡ=0.0, γE[v]=0.0, Q=0.0 (bayes)
2026-09-23 16:06:45,272 INFO: Plan 1: ḡ=0.0, γE[v]=0.0, Q=0.0 (bayes)
2026-09-23 16:06:45,275 INFO: Plan 2: ḡ=0.0, γE[v]=0.0, Q=0.0 (bayes)
  [20/93] jinja2.parser seed=42: {'cov_qvalue_tgt_fnt_bayes': 201}
2026-09-23 16:06:48,556 INFO: Plan 0: ḡ=12, γE[v]=9.0, Q=21.0 (fn)
2026-09-23 16:06:49,177 INFO: Plan 1: ḡ=17, γE[v]=9.0, Q=26.0 (fn)
2026-09-23 16:06:49,177 INFO: Plan 0: ḡ=2.3, γE[v]=5.5, Q=7.8 (bayes)
2026-09-23 16:06:49,177 INFO: Plan 1: ḡ=3.6, γE[v]=4.9, Q=8.4 (bayes)
2026-09-23 16:06:49,178 INFO: Plan 2: ḡ=5.1, γE[v]=3.5, Q=8.6 (bayes)
  [21/93] rich.progress seed=42: {'cov_qvalue_tgt_fnt_bayes': 158}
2026-09-23 16:06:51,445 INFO: Plan 1: ḡ=56, γE[v]=0.0, Q=56.0 (fn)
2026-09-23 16:06:51,483 INFO: Plan 0: ḡ=35, γE[v]=0.0, Q=35.0 (fn)
2026-09-23 16:06:52,498 INFO: Plan 0: ḡ=0, γE[v]=0.0, Q=0.0 (fn)
2026-09-23 16:06:52,912 INFO: Plan 2: ḡ=0, γE[v]=0.0, Q=0.0 (fn)
2026-09-23 16:06:52,912 INFO: Plan 1: ḡ=0, γE[v]=0.0, Q=0.0 (fn)
2026-09-23 16:06:52,913 INFO: Plan 0: ḡ=0.0, γE[v]=0.0, Q=0.0 (bayes)
2026-09-23 16:06:52,913 INFO: Plan 1: ḡ=0.0, γE[v]=0.0, Q=0.0 (bayes)
2026-09-23 16:06:52,913 INFO: Plan 2: ḡ=0.0, γE[v]=0.0, Q=0.0 (bayes)
2026-09-23 16:06:54,447 INFO: Plan 2: ḡ=93, γE[v]=0.0, Q=93.0 (fn)
2026-09-23 16:06:54,489 INFO: Plan 1: ḡ=100, γE[v]=0.0, Q=100.0 (fn)
2026-09-23 16:06:54,903 INFO: Plan 2: ḡ=61, γE[v]=1.0, Q=62.0 (fn)
2026-09-23 16:06:54,904 INFO: Plan 0: ḡ=17.5, γE[v]=45.2, Q=62.8 (bayes)
2026-09-23 16:06:54,904 INFO: Plan 1: ḡ=28.0, γE[v]=40.0, Q=68.0 (bayes)
2026-09-23 16:06:54,904 INFO: Plan 2: ḡ=30.5, γE[v]=38.8, Q=69.3 (bayes)
2026-09-23 16:06:55,785 INFO: Plan 0: ḡ=93, γE[v]=13.0, Q=106.0 (fn)
2026-09-23 16:06:55,785 INFO: Plan 0: ḡ=46.5, γE[v]=31.8, Q=78.3 (bayes)
2026-09-23 16:06:55,785 INFO: Plan 1: ḡ=50.0, γE[v]=29.5, Q=79.5 (bayes)
2026-09-23 16:06:55,785 INFO: Plan 2: ḡ=46.5, γE[v]=31.2, Q=77.8 (bayes)
2026-09-23 16:07:03,885 INFO: Plan 0: ḡ=30, γE[v]=0.0, Q=30.0 (fn)
2026-09-23 16:07:06,633 INFO: Plan 1: ḡ=2, γE[v]=0.0, Q=2.0 (fn)
2026-09-23 16:07:06,758 INFO: Plan 1: ḡ=0, γE[v]=0.0, Q=0.0 (fn)
2026-09-23 16:07:06,759 INFO: Plan 0: ḡ=0, γE[v]=0.0, Q=0.0 (fn)
2026-09-23 16:07:06,796 INFO: Plan 2: ḡ=0, γE[v]=0.0, Q=0.0 (fn)
2026-09-23 16:07:06,796 INFO: Plan 0: ḡ=0.0, γE[v]=0.0, Q=0.0 (bayes)
2026-09-23 16:07:06,796 INFO: Plan 1: ḡ=0.0, γE[v]=0.0, Q=0.0 (bayes)
2026-09-23 16:07:06,796 INFO: Plan 2: ḡ=0.0, γE[v]=0.0, Q=0.0 (bayes)
2026-09-23 16:07:08,367 INFO: Plan 2: ḡ=134, γE[v]=2.5, Q=136.5 (fn)
2026-09-23 16:07:08,406 INFO: Plan 1: ḡ=86, γE[v]=26.5, Q=112.5 (fn)
2026-09-23 16:07:08,406 INFO: Plan 0: ḡ=3.6, γE[v]=5.5, Q=9.1 (bayes)
2026-09-23 16:07:08,406 INFO: Plan 1: ḡ=9.8, γE[v]=4.6, Q=14.4 (bayes)
2026-09-23 16:07:08,406 INFO: Plan 2: ḡ=13.8, γE[v]=0.6, Q=14.4 (bayes)
2026-09-23 16:07:09,326 INFO: Plan 0: ḡ=12, γE[v]=2.0, Q=14.0 (fn)
2026-09-23 16:07:10,093 INFO: Plan 2: ḡ=2, γE[v]=7.0, Q=9.0 (fn)
2026-09-23 16:07:10,094 INFO: Plan 0: ḡ=0.9, γE[v]=0.4, Q=1.3 (bayes)
2026-09-23 16:07:10,094 INFO: Plan 1: ḡ=0.2, γE[v]=0.6, Q=0.8 (bayes)
2026-09-23 16:07:10,094 INFO: Plan 2: ḡ=0.2, γE[v]=1.2, Q=1.4 (bayes)
2026-09-23 16:07:11,807 INFO: Plan 0: ḡ=0, γE[v]=0.0, Q=0.0 (fn)
2026-09-23 16:07:12,012 INFO: Plan 2: ḡ=0, γE[v]=0.0, Q=0.0 (fn)
2026-09-23 16:07:12,542 INFO: Plan 1: ḡ=0, γE[v]=0.0, Q=0.0 (fn)
2026-09-23 16:07:12,542 INFO: Plan 0: ḡ=0.0, γE[v]=0.0, Q=0.0 (bayes)
2026-09-23 16:07:12,542 INFO: Plan 1: ḡ=0.0, γE[v]=0.0, Q=0.0 (bayes)
2026-09-23 16:07:12,542 INFO: Plan 2: ḡ=0.0, γE[v]=0.0, Q=0.0 (bayes)
  [22/93] click.decorators seed=42: {'cov_qvalue_tgt_fnt_bayes': 53}
2026-09-23 16:07:14,594 INFO: Plan 0: ḡ=11, γE[v]=0.0, Q=11.0 (fn)
2026-09-23 16:07:14,901 INFO: Plan 2: ḡ=9, γE[v]=0.0, Q=9.0 (fn)
2026-09-23 16:07:15,811 INFO: Plan 1: ḡ=2, γE[v]=0.0, Q=2.0 (fn)
2026-09-23 16:07:15,812 INFO: Plan 0: ḡ=2.8, γE[v]=0.2, Q=3.0 (bayes)
2026-09-23 16:07:15,812 INFO: Plan 1: ḡ=0.5, γE[v]=1.4, Q=1.9 (bayes)
2026-09-23 16:07:15,812 INFO: Plan 2: ḡ=2.2, γE[v]=0.5, Q=2.8 (bayes)
2026-09-23 16:07:16,805 INFO: Plan 1: ḡ=0, γE[v]=0.0, Q=0.0 (fn)
2026-09-23 16:07:19,055 INFO: Plan 0: ḡ=0, γE[v]=0.0, Q=0.0 (fn)
2026-09-23 16:07:19,055 INFO: Plan 2: ḡ=0, γE[v]=0.0, Q=0.0 (fn)
2026-09-23 16:07:19,056 INFO: Plan 0: ḡ=0.0, γE[v]=0.0, Q=0.0 (bayes)
2026-09-23 16:07:19,056 INFO: Plan 1: ḡ=0.0, γE[v]=0.0, Q=0.0 (bayes)
2026-09-23 16:07:19,056 INFO: Plan 2: ḡ=0.0, γE[v]=0.0, Q=0.0 (bayes)
2026-09-23 16:07:19,947 INFO: Plan 2: ḡ=0, γE[v]=0.0, Q=0.0 (fn)
2026-09-23 16:07:20,200 INFO: Plan 1: ḡ=7, γE[v]=0.0, Q=7.0 (fn)
2026-09-23 16:07:20,428 INFO: Plan 0: ḡ=1, γE[v]=3.0, Q=4.0 (fn)
2026-09-23 16:07:20,429 INFO: Plan 0: ḡ=0.5, γE[v]=1.6, Q=2.1 (bayes)
2026-09-23 16:07:20,429 INFO: Plan 1: ḡ=3.5, γE[v]=0.0, Q=3.5 (bayes)
2026-09-23 16:07:20,429 INFO: Plan 2: ḡ=0.0, γE[v]=1.8, Q=1.8 (bayes)
2026-09-23 16:07:20,939 INFO: Plan 0: ḡ=38, γE[v]=0.0, Q=38.0 (fn)
2026-09-23 16:07:21,242 INFO: Plan 0: ḡ=0, γE[v]=0.0, Q=0.0 (fn)
2026-09-23 16:07:23,231 INFO: Plan 2: ḡ=0, γE[v]=0.0, Q=0.0 (fn)
2026-09-23 16:07:23,413 INFO: Plan 0: ḡ=0, γE[v]=0.0, Q=0.0 (fn)
2026-09-23 16:07:23,497 INFO: Plan 1: ḡ=0, γE[v]=0.0, Q=0.0 (fn)
2026-09-23 16:07:23,536 INFO: Plan 2: ḡ=0, γE[v]=0.0, Q=0.0 (fn)
2026-09-23 16:07:23,537 INFO: Plan 0: ḡ=0.0, γE[v]=0.0, Q=0.0 (bayes)
2026-09-23 16:07:23,537 INFO: Plan 1: ḡ=0.0, γE[v]=0.0, Q=0.0 (bayes)
2026-09-23 16:07:23,537 INFO: Plan 2: ḡ=0.0, γE[v]=0.0, Q=0.0 (bayes)
2026-09-23 16:07:23,898 INFO: Plan 1: ḡ=0, γE[v]=0.0, Q=0.0 (fn)
2026-09-23 16:07:23,899 INFO: Plan 0: ḡ=0.0, γE[v]=0.0, Q=0.0 (bayes)
2026-09-23 16:07:23,899 INFO: Plan 1: ḡ=0.0, γE[v]=0.0, Q=0.0 (bayes)
2026-09-23 16:07:23,899 INFO: Plan 2: ḡ=0.0, γE[v]=0.0, Q=0.0 (bayes)
2026-09-23 16:07:24,381 INFO: Plan 2: ḡ=15, γE[v]=0.0, Q=15.0 (fn)
2026-09-23 16:07:24,383 INFO: Plan 2: ḡ=34, γE[v]=0.0, Q=34.0 (fn)
  [23/93] rich.pretty seed=42: {'cov_qvalue_tgt_fnt_bayes': 102}
2026-09-23 16:07:26,242 INFO: Plan 1: ḡ=59, γE[v]=2.0, Q=61.0 (fn)
2026-09-23 16:07:26,243 INFO: Plan 0: ḡ=19.0, γE[v]=95.5, Q=114.5 (bayes)
2026-09-23 16:07:26,243 INFO: Plan 1: ḡ=29.5, γE[v]=90.3, Q=119.8 (bayes)
2026-09-23 16:07:26,243 INFO: Plan 2: ḡ=7.5, γE[v]=101.2, Q=108.8 (bayes)
2026-09-23 16:07:26,560 INFO: Plan 0: ḡ=30, γE[v]=6.0, Q=36.0 (fn)
2026-09-23 16:07:27,129 INFO: Plan 1: ḡ=58, γE[v]=17.0, Q=75.0 (fn)
2026-09-23 16:07:27,130 INFO: Plan 0: ḡ=1, γE[v]=0.0, Q=1.0 (fn)
2026-09-23 16:07:27,130 INFO: Plan 0: ḡ=10.0, γE[v]=10.7, Q=20.7 (bayes)
2026-09-23 16:07:27,130 INFO: Plan 1: ḡ=19.3, γE[v]=6.7, Q=26.0 (bayes)
2026-09-23 16:07:27,131 INFO: Plan 2: ḡ=11.3, γE[v]=9.7, Q=21.0 (bayes)
2026-09-23 16:07:27,169 INFO: Plan 1: ḡ=0, γE[v]=0.0, Q=0.0 (fn)
2026-09-23 16:07:28,206 INFO: Plan 2: ḡ=0, γE[v]=0.0, Q=0.0 (fn)
2026-09-23 16:07:28,206 INFO: Plan 0: ḡ=0.1, γE[v]=0.0, Q=0.1 (bayes)
2026-09-23 16:07:28,206 INFO: Plan 1: ḡ=0.0, γE[v]=0.1, Q=0.1 (bayes)
2026-09-23 16:07:28,207 INFO: Plan 2: ḡ=0.0, γE[v]=0.1, Q=0.1 (bayes)
2026-09-23 16:07:28,701 INFO: Plan 1: ḡ=0, γE[v]=0.0, Q=0.0 (fn)
2026-09-23 16:07:28,702 INFO: Plan 0: ḡ=0, γE[v]=0.0, Q=0.0 (fn)
2026-09-23 16:07:29,244 INFO: Plan 2: ḡ=0, γE[v]=0.0, Q=0.0 (fn)
2026-09-23 16:07:29,245 INFO: Plan 0: ḡ=0.0, γE[v]=0.0, Q=0.0 (bayes)
2026-09-23 16:07:29,245 INFO: Plan 1: ḡ=0.0, γE[v]=0.0, Q=0.0 (bayes)
2026-09-23 16:07:29,245 INFO: Plan 2: ḡ=0.0, γE[v]=0.0, Q=0.0 (bayes)
2026-09-23 16:07:29,791 INFO: Plan 1: ḡ=0, γE[v]=0.0, Q=0.0 (fn)
2026-09-23 16:07:30,037 INFO: Plan 2: ḡ=0, γE[v]=0.0, Q=0.0 (fn)
2026-09-23 16:07:30,037 INFO: Plan 0: ḡ=0, γE[v]=0.0, Q=0.0 (fn)
2026-09-23 16:07:30,037 INFO: Plan 0: ḡ=0.0, γE[v]=0.0, Q=0.0 (bayes)
2026-09-23 16:07:30,038 INFO: Plan 1: ḡ=0.0, γE[v]=0.0, Q=0.0 (bayes)
2026-09-23 16:07:30,038 INFO: Plan 2: ḡ=0.0, γE[v]=0.0, Q=0.0 (bayes)
  [24/93] flask.helpers seed=42: {'cov_qvalue_tgt_fnt_bayes': 23}
2026-09-23 16:07:31,104 INFO: Plan 0: ḡ=31, γE[v]=0.0, Q=31.0 (fn)
2026-09-23 16:07:33,103 INFO: Plan 1: ḡ=27, γE[v]=0.0, Q=27.0 (fn)
2026-09-23 16:07:33,551 INFO: Plan 2: ḡ=132, γE[v]=0.0, Q=132.0 (fn)
2026-09-23 16:07:33,552 INFO: Plan 0: ḡ=15.5, γE[v]=39.0, Q=54.5 (bayes)
2026-09-23 16:07:33,552 INFO: Plan 1: ḡ=13.5, γE[v]=40.0, Q=53.5 (bayes)
2026-09-23 16:07:33,552 INFO: Plan 2: ḡ=66.0, γE[v]=13.8, Q=79.8 (bayes)
2026-09-23 16:07:34,676 INFO: Plan 2: ḡ=42, γE[v]=0.0, Q=42.0 (fn)
2026-09-23 16:07:35,079 INFO: Plan 0: ḡ=88, γE[v]=5.5, Q=93.5 (fn)
2026-09-23 16:07:35,240 INFO: Plan 1: ḡ=81, γE[v]=0.0, Q=81.0 (fn)
2026-09-23 16:07:35,241 INFO: Plan 0: ḡ=44.0, γE[v]=27.5, Q=71.5 (bayes)
2026-09-23 16:07:35,241 INFO: Plan 1: ḡ=40.5, γE[v]=29.0, Q=69.5 (bayes)
2026-09-23 16:07:35,241 INFO: Plan 2: ḡ=21.0, γE[v]=38.8, Q=59.8 (bayes)
2026-09-23 16:07:36,616 INFO: Plan 1: ḡ=0, γE[v]=0.0, Q=0.0 (fn)
2026-09-23 16:07:36,812 INFO: Plan 2: ḡ=0, γE[v]=0.0, Q=0.0 (fn)
2026-09-23 16:07:38,619 INFO: Plan 0: ḡ=0, γE[v]=0.0, Q=0.0 (fn)
2026-09-23 16:07:38,620 INFO: Plan 0: ḡ=0.0, γE[v]=0.0, Q=0.0 (bayes)
2026-09-23 16:07:38,620 INFO: Plan 1: ḡ=0.0, γE[v]=0.0, Q=0.0 (bayes)
2026-09-23 16:07:38,620 INFO: Plan 2: ḡ=0.0, γE[v]=0.0, Q=0.0 (bayes)
2026-09-23 16:07:40,780 INFO: Plan 1: ḡ=6, γE[v]=0.0, Q=6.0 (fn)
2026-09-23 16:07:41,043 INFO: Plan 0: ḡ=1, γE[v]=0.0, Q=1.0 (fn)
2026-09-23 16:07:41,466 INFO: Plan 2: ḡ=7, γE[v]=0.0, Q=7.0 (fn)
2026-09-23 16:07:41,467 INFO: Plan 0: ḡ=0.2, γE[v]=0.4, Q=0.6 (bayes)
2026-09-23 16:07:41,467 INFO: Plan 1: ḡ=0.9, γE[v]=0.1, Q=1.0 (bayes)
2026-09-23 16:07:41,467 INFO: Plan 2: ḡ=1.1, γE[v]=0.0, Q=1.1 (bayes)
2026-09-23 16:07:42,159 INFO: Plan 0: ḡ=6, γE[v]=0.0, Q=6.0 (fn)
2026-09-23 16:07:43,196 INFO: Plan 2: ḡ=4, γE[v]=0.0, Q=4.0 (fn)
2026-09-23 16:07:43,439 INFO: Plan 0: ḡ=15, γE[v]=0.0, Q=15.0 (fn)
2026-09-23 16:07:43,838 INFO: Plan 1: ḡ=10, γE[v]=0.0, Q=10.0 (fn)
2026-09-23 16:07:43,838 INFO: Plan 0: ḡ=1.2, γE[v]=1.0, Q=2.2 (bayes)
2026-09-23 16:07:43,838 INFO: Plan 1: ḡ=1.2, γE[v]=1.0, Q=2.2 (bayes)
2026-09-23 16:07:43,838 INFO: Plan 2: ḡ=0.8, γE[v]=1.2, Q=2.0 (bayes)
2026-09-23 16:07:44,518 INFO: Plan 0: ḡ=20, γE[v]=0.0, Q=20.0 (fn)
2026-09-23 16:07:44,756 INFO: Plan 0: ḡ=0, γE[v]=0.0, Q=0.0 (fn)
2026-09-23 16:07:44,756 INFO: Plan 2: ḡ=0, γE[v]=0.0, Q=0.0 (fn)
2026-09-23 16:07:44,947 INFO: Plan 1: ḡ=3, γE[v]=0.0, Q=3.0 (fn)
2026-09-23 16:07:44,947 INFO: Plan 1: ḡ=0, γE[v]=0.0, Q=0.0 (fn)
2026-09-23 16:07:44,948 INFO: Plan 0: ḡ=0.0, γE[v]=0.0, Q=0.0 (bayes)
2026-09-23 16:07:44,948 INFO: Plan 1: ḡ=0.0, γE[v]=0.0, Q=0.0 (bayes)
2026-09-23 16:07:44,948 INFO: Plan 2: ḡ=0.0, γE[v]=0.0, Q=0.0 (bayes)
2026-09-23 16:07:45,497 INFO: Plan 2: ḡ=0, γE[v]=0.0, Q=0.0 (fn)
2026-09-23 16:07:45,498 INFO: Plan 0: ḡ=2.0, γE[v]=0.8, Q=2.8 (bayes)
2026-09-23 16:07:45,498 INFO: Plan 1: ḡ=1.5, γE[v]=1.0, Q=2.5 (bayes)
2026-09-23 16:07:45,498 INFO: Plan 2: ḡ=0.0, γE[v]=1.8, Q=1.8 (bayes)
2026-09-23 16:07:46,170 INFO: Plan 2: ḡ=40, γE[v]=0.0, Q=40.0 (fn)
2026-09-23 16:07:48,388 INFO: Plan 1: ḡ=13, γE[v]=13.5, Q=26.5 (fn)
2026-09-23 16:07:48,388 INFO: Plan 0: ḡ=1.5, γE[v]=4.2, Q=5.8 (bayes)
2026-09-23 16:07:48,388 INFO: Plan 1: ḡ=3.2, γE[v]=4.3, Q=7.5 (bayes)
2026-09-23 16:07:48,388 INFO: Plan 2: ḡ=10.0, γE[v]=0.0, Q=10.0 (bayes)
2026-09-23 16:07:49,709 INFO: Plan 2: ḡ=19, γE[v]=0.0, Q=19.0 (fn)
2026-09-23 16:07:49,792 INFO: Plan 1: ḡ=30, γE[v]=0.0, Q=30.0 (fn)
2026-09-23 16:07:49,792 INFO: Plan 0: ḡ=37, γE[v]=0.0, Q=37.0 (fn)
2026-09-23 16:07:49,793 INFO: Plan 0: ḡ=18.5, γE[v]=12.2, Q=30.8 (bayes)
2026-09-23 16:07:49,793 INFO: Plan 1: ḡ=15.0, γE[v]=14.0, Q=29.0 (bayes)
2026-09-23 16:07:49,793 INFO: Plan 2: ḡ=9.5, γE[v]=16.8, Q=26.2 (bayes)
2026-09-23 16:07:52,747 INFO: Plan 0: ḡ=0, γE[v]=0.0, Q=0.0 (fn)
2026-09-23 16:07:52,931 INFO: Plan 1: ḡ=0, γE[v]=0.0, Q=0.0 (fn)
2026-09-23 16:07:53,281 INFO: Plan 2: ḡ=0, γE[v]=0.0, Q=0.0 (fn)
2026-09-23 16:07:53,282 INFO: Plan 0: ḡ=0.0, γE[v]=0.0, Q=0.0 (bayes)
2026-09-23 16:07:53,282 INFO: Plan 1: ḡ=0.0, γE[v]=0.0, Q=0.0 (bayes)
2026-09-23 16:07:53,282 INFO: Plan 2: ḡ=0.0, γE[v]=0.0, Q=0.0 (bayes)
2026-09-23 16:07:53,660 INFO: Plan 1: ḡ=238, γE[v]=0.0, Q=238.0 (fn)
2026-09-23 16:07:53,970 INFO: Plan 0: ḡ=35, γE[v]=4.0, Q=39.0 (fn)
2026-09-23 16:07:58,773 INFO: Plan 1: ḡ=31, γE[v]=17.5, Q=48.5 (fn)
2026-09-23 16:07:59,435 INFO: Plan 2: ḡ=301, γE[v]=0.0, Q=301.0 (fn)
2026-09-23 16:08:00,896 INFO: Plan 2: ḡ=294, γE[v]=7.0, Q=301.0 (fn)
2026-09-23 16:08:00,897 INFO: Plan 0: ḡ=3.9, γE[v]=14.3, Q=18.2 (bayes)
2026-09-23 16:08:00,897 INFO: Plan 1: ḡ=2.6, γE[v]=16.1, Q=18.7 (bayes)
2026-09-23 16:08:00,897 INFO: Plan 2: ḡ=26.8, γE[v]=3.1, Q=29.9 (bayes)
2026-09-23 16:08:01,592 INFO: Plan 0: ḡ=0, γE[v]=0.0, Q=0.0 (fn)
2026-09-23 16:08:01,630 INFO: Plan 1: ḡ=0, γE[v]=0.0, Q=0.0 (fn)
2026-09-23 16:08:02,133 INFO: Plan 2: ḡ=0, γE[v]=0.0, Q=0.0 (fn)
2026-09-23 16:08:02,134 INFO: Plan 0: ḡ=0.0, γE[v]=0.0, Q=0.0 (bayes)
2026-09-23 16:08:02,134 INFO: Plan 1: ḡ=0.0, γE[v]=0.0, Q=0.0 (bayes)
2026-09-23 16:08:02,134 INFO: Plan 2: ḡ=0.0, γE[v]=0.0, Q=0.0 (bayes)
  [25/93] jinja2.lexer seed=42: {'cov_qvalue_tgt_fnt_bayes': 9}
2026-09-23 16:08:02,399 INFO: Plan 0: ḡ=62, γE[v]=0.0, Q=62.0 (fn)
2026-09-23 16:08:02,438 INFO: Plan 0: ḡ=420, γE[v]=0.0, Q=420.0 (fn)
2026-09-23 16:08:02,439 INFO: Plan 0: ḡ=210.0, γE[v]=175.5, Q=385.5 (bayes)
2026-09-23 16:08:02,439 INFO: Plan 1: ḡ=119.0, γE[v]=221.0, Q=340.0 (bayes)
2026-09-23 16:08:02,440 INFO: Plan 2: ḡ=150.5, γE[v]=205.2, Q=355.8 (bayes)
2026-09-23 16:08:05,031 INFO: Plan 0: ḡ=0, γE[v]=0.0, Q=0.0 (fn)
2026-09-23 16:08:05,445 INFO: Plan 1: ḡ=0, γE[v]=0.0, Q=0.0 (fn)
2026-09-23 16:08:05,645 INFO: Plan 2: ḡ=0, γE[v]=0.0, Q=0.0 (fn)
2026-09-23 16:08:05,646 INFO: Plan 0: ḡ=0.0, γE[v]=0.0, Q=0.0 (bayes)
2026-09-23 16:08:05,646 INFO: Plan 1: ḡ=0.0, γE[v]=0.0, Q=0.0 (bayes)
2026-09-23 16:08:05,646 INFO: Plan 2: ḡ=0.0, γE[v]=0.0, Q=0.0 (bayes)
2026-09-23 16:08:06,510 INFO: Plan 1: ḡ=173, γE[v]=0.0, Q=173.0 (fn)
2026-09-23 16:08:08,048 INFO: Plan 2: ḡ=24, γE[v]=32.5, Q=56.5 (fn)
2026-09-23 16:08:08,761 INFO: Plan 1: ḡ=21, γE[v]=13.0, Q=34.0 (fn)
2026-09-23 16:08:08,762 INFO: Plan 0: ḡ=14.2, γE[v]=40.9, Q=55.1 (bayes)
2026-09-23 16:08:08,762 INFO: Plan 1: ḡ=10.5, γE[v]=43.4, Q=53.9 (bayes)
2026-09-23 16:08:08,762 INFO: Plan 2: ḡ=4.7, γE[v]=48.2, Q=52.9 (bayes)
  [26/93] jinja2.runtime seed=42: {'cov_qvalue_tgt_fnt_bayes': 86}
2026-09-23 16:08:11,330 INFO: Plan 0: ḡ=72, γE[v]=62.0, Q=134.0 (fn)
2026-09-23 16:08:13,318 INFO: Plan 2: ḡ=114, γE[v]=102.0, Q=216.0 (fn)
2026-09-23 16:08:13,324 INFO: Plan 0: ḡ=36.0, γE[v]=152.8, Q=188.8 (bayes)
2026-09-23 16:08:13,325 INFO: Plan 1: ḡ=86.5, γE[v]=124.8, Q=211.2 (bayes)
2026-09-23 16:08:13,325 INFO: Plan 2: ḡ=57.0, γE[v]=144.1, Q=201.1 (bayes)
2026-09-23 16:08:14,543 INFO: Plan 1: ḡ=0, γE[v]=0.0, Q=0.0 (fn)
2026-09-23 16:08:15,055 INFO: Plan 2: ḡ=0, γE[v]=0.0, Q=0.0 (fn)
2026-09-23 16:08:15,094 INFO: Plan 2: ḡ=46, γE[v]=0.0, Q=46.0 (fn)
2026-09-23 16:08:15,239 INFO: Plan 0: ḡ=7, γE[v]=0.0, Q=7.0 (fn)
2026-09-23 16:08:15,240 INFO: Plan 0: ḡ=0.7, γE[v]=0.0, Q=0.7 (bayes)
2026-09-23 16:08:15,240 INFO: Plan 1: ḡ=0.0, γE[v]=0.4, Q=0.3 (bayes)
2026-09-23 16:08:15,240 INFO: Plan 2: ḡ=0.0, γE[v]=0.4, Q=0.3 (bayes)
2026-09-23 16:08:16,403 INFO: Plan 1: ḡ=0, γE[v]=0.0, Q=0.0 (fn)
2026-09-23 16:08:16,403 INFO: Plan 0: ḡ=0, γE[v]=0.0, Q=0.0 (fn)
2026-09-23 16:08:16,855 INFO: Plan 2: ḡ=0, γE[v]=0.0, Q=0.0 (fn)
2026-09-23 16:08:16,856 INFO: Plan 0: ḡ=0.0, γE[v]=0.0, Q=0.0 (bayes)
2026-09-23 16:08:16,856 INFO: Plan 1: ḡ=0.0, γE[v]=0.0, Q=0.0 (bayes)
2026-09-23 16:08:16,856 INFO: Plan 2: ḡ=0.0, γE[v]=0.0, Q=0.0 (bayes)
  [27/93] click.formatting seed=42: {'cov_qvalue_tgt_fnt_bayes': 55}
2026-09-23 16:08:19,831 INFO: Plan 1: ḡ=169, γE[v]=38.0, Q=207.0 (fn)
2026-09-23 16:08:21,096 INFO: Plan 0: ḡ=253, γE[v]=30.5, Q=283.5 (fn)
2026-09-23 16:08:21,097 INFO: Plan 0: ḡ=126.5, γE[v]=29.9, Q=156.4 (bayes)
2026-09-23 16:08:21,097 INFO: Plan 1: ḡ=84.5, γE[v]=51.2, Q=135.7 (bayes)
2026-09-23 16:08:21,097 INFO: Plan 2: ḡ=23.0, γE[v]=80.2, Q=103.2 (bayes)
2026-09-23 16:08:21,144 INFO: Plan 0: ḡ=39, γE[v]=13.0, Q=52.0 (fn)
2026-09-23 16:08:21,905 INFO: Plan 2: ḡ=76, γE[v]=0.0, Q=76.0 (fn)
2026-09-23 16:08:22,453 INFO: Plan 0: ḡ=0, γE[v]=0.0, Q=0.0 (fn)
2026-09-23 16:08:22,536 INFO: Plan 1: ḡ=0, γE[v]=0.0, Q=0.0 (fn)
2026-09-23 16:08:22,761 INFO: Plan 2: ḡ=0, γE[v]=0.0, Q=0.0 (fn)
2026-09-23 16:08:22,761 INFO: Plan 0: ḡ=0.0, γE[v]=0.0, Q=0.0 (bayes)
2026-09-23 16:08:22,761 INFO: Plan 1: ḡ=0.0, γE[v]=0.0, Q=0.0 (bayes)
2026-09-23 16:08:22,761 INFO: Plan 2: ḡ=0.0, γE[v]=0.0, Q=0.0 (bayes)
2026-09-23 16:08:23,530 INFO: Plan 1: ḡ=26, γE[v]=2.5, Q=28.5 (fn)
2026-09-23 16:08:23,531 INFO: Plan 0: ḡ=19.5, γE[v]=54.0, Q=73.5 (bayes)
2026-09-23 16:08:23,531 INFO: Plan 1: ḡ=9.0, γE[v]=58.8, Q=67.8 (bayes)
2026-09-23 16:08:23,531 INFO: Plan 2: ḡ=28.8, γE[v]=48.8, Q=77.6 (bayes)
2026-09-23 16:08:24,380 INFO: Plan 2: ḡ=57, γE[v]=0.0, Q=57.0 (fn)
2026-09-23 16:08:25,274 INFO: Plan 0: ḡ=33, γE[v]=5.5, Q=38.5 (fn)
2026-09-23 16:08:25,312 INFO: Plan 1: ḡ=0, γE[v]=0.0, Q=0.0 (fn)
2026-09-23 16:08:25,312 INFO: Plan 0: ḡ=0, γE[v]=0.0, Q=0.0 (fn)
2026-09-23 16:08:25,746 INFO: Plan 2: ḡ=0, γE[v]=0.0, Q=0.0 (fn)
2026-09-23 16:08:25,747 INFO: Plan 0: ḡ=0.0, γE[v]=0.0, Q=0.0 (bayes)
2026-09-23 16:08:25,747 INFO: Plan 1: ḡ=0.0, γE[v]=0.0, Q=0.0 (bayes)
2026-09-23 16:08:25,747 INFO: Plan 2: ḡ=0.0, γE[v]=0.0, Q=0.0 (bayes)
  [28/93] requests.models seed=42: {'cov_qvalue_tgt_fnt_bayes': 141}
2026-09-23 16:08:30,399 INFO: Plan 1: ḡ=32, γE[v]=8.0, Q=40.0 (fn)
2026-09-23 16:08:30,399 INFO: Plan 0: ḡ=16.5, γE[v]=22.2, Q=38.8 (bayes)
2026-09-23 16:08:30,399 INFO: Plan 1: ḡ=16.0, γE[v]=22.6, Q=38.6 (bayes)
2026-09-23 16:08:30,399 INFO: Plan 2: ḡ=28.5, γE[v]=16.0, Q=44.5 (bayes)
2026-09-23 16:08:36,690 INFO: Plan 1: ḡ=0, γE[v]=0.0, Q=0.0 (fn)
2026-09-23 16:08:36,691 INFO: Plan 0: ḡ=0, γE[v]=0.0, Q=0.0 (fn)
2026-09-23 16:08:36,841 INFO: Plan 2: ḡ=0, γE[v]=0.0, Q=0.0 (fn)
2026-09-23 16:08:36,842 INFO: Plan 0: ḡ=0.0, γE[v]=0.0, Q=0.0 (bayes)
2026-09-23 16:08:36,842 INFO: Plan 1: ḡ=0.0, γE[v]=0.0, Q=0.0 (bayes)
2026-09-23 16:08:36,842 INFO: Plan 2: ḡ=0.0, γE[v]=0.0, Q=0.0 (bayes)
  [29/93] click.parser seed=42: {'cov_qvalue_tgt_fnt_bayes': 83}
2026-09-23 16:08:40,558 INFO: Plan 1: ḡ=67, γE[v]=0.0, Q=67.0 (fn)
2026-09-23 16:08:42,111 INFO: Plan 2: ḡ=102, γE[v]=0.0, Q=102.0 (fn)
2026-09-23 16:08:42,112 INFO: Plan 0: ḡ=74, γE[v]=0.0, Q=74.0 (fn)
2026-09-23 16:08:42,118 INFO: Plan 0: ḡ=27.6, γE[v]=20.3, Q=47.9 (bayes)
2026-09-23 16:08:42,118 INFO: Plan 1: ḡ=22.2, γE[v]=23.0, Q=45.2 (bayes)
2026-09-23 16:08:42,119 INFO: Plan 2: ḡ=31.3, γE[v]=18.5, Q=49.8 (bayes)
2026-09-23 16:08:42,511 INFO: Plan 1: ḡ=0, γE[v]=0.0, Q=0.0 (fn)
2026-09-23 16:08:42,684 INFO: Plan 0: ḡ=0, γE[v]=0.0, Q=0.0 (fn)
2026-09-23 16:08:42,888 INFO: Plan 2: ḡ=0, γE[v]=0.0, Q=0.0 (fn)
2026-09-23 16:08:42,888 INFO: Plan 0: ḡ=0.0, γE[v]=0.0, Q=0.0 (bayes)
2026-09-23 16:08:42,888 INFO: Plan 1: ḡ=0.0, γE[v]=0.0, Q=0.0 (bayes)
2026-09-23 16:08:42,889 INFO: Plan 2: ḡ=0.0, γE[v]=0.0, Q=0.0 (bayes)
2026-09-23 16:08:47,834 INFO: Plan 0: ḡ=6, γE[v]=0.0, Q=6.0 (fn)
2026-09-23 16:08:49,152 INFO: Plan 0: ḡ=13, γE[v]=0.0, Q=13.0 (fn)
2026-09-23 16:08:49,272 INFO: Plan 0: ḡ=2, γE[v]=0.0, Q=2.0 (fn)
2026-09-23 16:08:49,396 INFO: Plan 0: ḡ=0, γE[v]=0.0, Q=0.0 (fn)
2026-09-23 16:08:49,397 INFO: Plan 1: ḡ=0, γE[v]=0.0, Q=0.0 (fn)
2026-09-23 16:08:49,640 INFO: Plan 2: ḡ=31, γE[v]=0.0, Q=31.0 (fn)
2026-09-23 16:08:49,641 INFO: Plan 2: ḡ=0, γE[v]=0.0, Q=0.0 (fn)
2026-09-23 16:08:49,641 INFO: Plan 0: ḡ=0.0, γE[v]=0.0, Q=0.0 (bayes)
2026-09-23 16:08:49,641 INFO: Plan 1: ḡ=0.0, γE[v]=0.0, Q=0.0 (bayes)
2026-09-23 16:08:49,642 INFO: Plan 2: ḡ=0.0, γE[v]=0.0, Q=0.0 (bayes)
2026-09-23 16:08:49,970 INFO: Plan 1: ḡ=67, γE[v]=13.0, Q=80.0 (fn)
2026-09-23 16:08:50,528 INFO: Plan 1: ḡ=15, γE[v]=0.0, Q=15.0 (fn)
2026-09-23 16:08:50,529 INFO: Plan 0: ḡ=6.5, γE[v]=16.7, Q=23.2 (bayes)
2026-09-23 16:08:50,529 INFO: Plan 1: ḡ=6.8, γE[v]=16.5, Q=23.3 (bayes)
2026-09-23 16:08:50,529 INFO: Plan 2: ḡ=14.3, γE[v]=12.7, Q=27.1 (bayes)
2026-09-23 16:08:50,826 INFO: Plan 1: ḡ=6, γE[v]=0.0, Q=6.0 (fn)
2026-09-23 16:08:51,337 INFO: Plan 2: ḡ=6, γE[v]=0.0, Q=6.0 (fn)
2026-09-23 16:08:51,338 INFO: Plan 0: ḡ=0.2, γE[v]=0.2, Q=0.3 (bayes)
2026-09-23 16:08:51,338 INFO: Plan 1: ḡ=0.5, γE[v]=0.0, Q=0.5 (bayes)
2026-09-23 16:08:51,338 INFO: Plan 2: ḡ=0.5, γE[v]=0.0, Q=0.5 (bayes)
2026-09-23 16:08:52,600 INFO: Plan 2: ḡ=93, γE[v]=3.0, Q=96.0 (fn)
2026-09-23 16:08:52,601 INFO: Plan 0: ḡ=3.0, γE[v]=23.2, Q=26.2 (bayes)
2026-09-23 16:08:52,601 INFO: Plan 1: ḡ=33.5, γE[v]=8.6, Q=42.1 (bayes)
2026-09-23 16:08:52,601 INFO: Plan 2: ḡ=46.5, γE[v]=1.6, Q=48.1 (bayes)
2026-09-23 16:08:53,130 INFO: Plan 1: ḡ=58, γE[v]=20.5, Q=78.5 (fn)
2026-09-23 16:08:53,682 INFO: Plan 2: ḡ=106, γE[v]=2.0, Q=108.0 (fn)
2026-09-23 16:08:54,751 INFO: Plan 0: ḡ=8, γE[v]=0.0, Q=8.0 (fn)
2026-09-23 16:08:54,878 INFO: Plan 2: ḡ=13, γE[v]=0.0, Q=13.0 (fn)
2026-09-23 16:08:54,879 INFO: Plan 2: ḡ=1, γE[v]=0.0, Q=1.0 (fn)
2026-09-23 16:08:54,880 INFO: Plan 1: ḡ=1, γE[v]=0.0, Q=1.0 (fn)
2026-09-23 16:08:54,880 INFO: Plan 0: ḡ=0.6, γE[v]=0.1, Q=0.7 (bayes)
2026-09-23 16:08:54,880 INFO: Plan 1: ḡ=0.1, γE[v]=0.3, Q=0.4 (bayes)
2026-09-23 16:08:54,880 INFO: Plan 2: ḡ=0.1, γE[v]=0.3, Q=0.4 (bayes)
2026-09-23 16:08:55,830 INFO: Plan 0: ḡ=55, γE[v]=27.5, Q=82.5 (fn)
2026-09-23 16:08:55,831 INFO: Plan 0: ḡ=27.5, γE[v]=15.0, Q=42.5 (bayes)
2026-09-23 16:08:55,831 INFO: Plan 1: ḡ=29.0, γE[v]=13.9, Q=42.9 (bayes)
2026-09-23 16:08:55,831 INFO: Plan 2: ḡ=53.0, γE[v]=1.1, Q=54.1 (bayes)
2026-09-23 16:08:58,912 INFO: Plan 1: ḡ=78, γE[v]=0.0, Q=78.0 (fn)
2026-09-23 16:08:59,475 INFO: Plan 0: ḡ=71, γE[v]=3.5, Q=74.5 (fn)
2026-09-23 16:08:59,475 INFO: Plan 0: ḡ=35.5, γE[v]=1.9, Q=37.4 (bayes)
2026-09-23 16:08:59,476 INFO: Plan 1: ḡ=39.0, γE[v]=0.0, Q=39.0 (bayes)
2026-09-23 16:08:59,476 INFO: Plan 2: ḡ=6.5, γE[v]=16.2, Q=22.8 (bayes)
2026-09-23 16:09:02,071 INFO: Plan 1: ḡ=0, γE[v]=0.0, Q=0.0 (fn)
2026-09-23 16:09:02,110 INFO: Plan 2: ḡ=0, γE[v]=0.0, Q=0.0 (fn)
2026-09-23 16:09:02,111 INFO: Plan 0: ḡ=0, γE[v]=0.0, Q=0.0 (fn)
2026-09-23 16:09:02,111 INFO: Plan 0: ḡ=0.0, γE[v]=0.0, Q=0.0 (bayes)
2026-09-23 16:09:02,111 INFO: Plan 1: ḡ=0.0, γE[v]=0.0, Q=0.0 (bayes)
2026-09-23 16:09:02,111 INFO: Plan 2: ḡ=0.0, γE[v]=0.0, Q=0.0 (bayes)
2026-09-23 16:09:03,751 INFO: Plan 0: ḡ=15, γE[v]=0.0, Q=15.0 (fn)
2026-09-23 16:09:04,622 INFO: Plan 1: ḡ=57, γE[v]=0.0, Q=57.0 (fn)
2026-09-23 16:09:05,593 INFO: Plan 2: ḡ=63, γE[v]=23.5, Q=86.5 (fn)
2026-09-23 16:09:05,594 INFO: Plan 0: ḡ=1.7, γE[v]=4.6, Q=6.3 (bayes)
2026-09-23 16:09:05,594 INFO: Plan 1: ḡ=5.7, γE[v]=2.6, Q=8.3 (bayes)
2026-09-23 16:09:05,594 INFO: Plan 2: ḡ=5.4, γE[v]=4.6, Q=10.0 (bayes)
  [30/93] jinja2.ext seed=42: {'cov_qvalue_tgt_fnt_bayes': 69}
2026-09-23 16:09:10,360 INFO: Plan 1: ḡ=0, γE[v]=0.0, Q=0.0 (fn)
2026-09-23 16:09:11,321 INFO: Plan 0: ḡ=0, γE[v]=0.0, Q=0.0 (fn)
2026-09-23 16:09:11,358 INFO: Plan 2: ḡ=0, γE[v]=0.0, Q=0.0 (fn)
2026-09-23 16:09:11,358 INFO: Plan 0: ḡ=0.0, γE[v]=0.0, Q=0.0 (bayes)
2026-09-23 16:09:11,358 INFO: Plan 1: ḡ=0.0, γE[v]=0.0, Q=0.0 (bayes)
2026-09-23 16:09:11,359 INFO: Plan 2: ḡ=0.0, γE[v]=0.0, Q=0.0 (bayes)
2026-09-23 16:09:12,407 INFO: Plan 0: ḡ=15, γE[v]=0.0, Q=15.0 (fn)
2026-09-23 16:09:12,634 INFO: Plan 1: ḡ=15, γE[v]=0.0, Q=15.0 (fn)
2026-09-23 16:09:12,672 INFO: Plan 2: ḡ=19, γE[v]=0.0, Q=19.0 (fn)
2026-09-23 16:09:12,673 INFO: Plan 0: ḡ=7.5, γE[v]=8.5, Q=16.0 (bayes)
2026-09-23 16:09:12,673 INFO: Plan 1: ḡ=7.5, γE[v]=8.5, Q=16.0 (bayes)
2026-09-23 16:09:12,673 INFO: Plan 2: ḡ=9.5, γE[v]=7.5, Q=17.0 (bayes)
2026-09-23 16:09:13,595 INFO: Plan 0: ḡ=35, γE[v]=0.0, Q=35.0 (fn)
2026-09-23 16:09:14,362 INFO: Plan 2: ḡ=4, γE[v]=0.0, Q=4.0 (fn)
2026-09-23 16:09:14,925 INFO: Plan 1: ḡ=10, γE[v]=0.0, Q=10.0 (fn)
2026-09-23 16:09:15,352 INFO: Plan 0: ḡ=1, γE[v]=0.0, Q=1.0 (fn)
2026-09-23 16:09:15,353 INFO: Plan 1: ḡ=0, γE[v]=0.0, Q=0.0 (fn)
2026-09-23 16:09:15,353 INFO: Plan 2: ḡ=0, γE[v]=0.0, Q=0.0 (fn)
2026-09-23 16:09:15,353 INFO: Plan 0: ḡ=15, γE[v]=0.0, Q=15.0 (fn)
2026-09-23 16:09:15,354 INFO: Plan 0: ḡ=0.1, γE[v]=0.0, Q=0.1 (bayes)
2026-09-23 16:09:15,354 INFO: Plan 1: ḡ=0.0, γE[v]=0.1, Q=0.1 (bayes)
2026-09-23 16:09:15,354 INFO: Plan 2: ḡ=0.0, γE[v]=0.1, Q=0.1 (bayes)
2026-09-23 16:09:15,355 INFO: Plan 0: ḡ=1.2, γE[v]=1.0, Q=2.1 (bayes)
2026-09-23 16:09:15,355 INFO: Plan 1: ḡ=1.1, γE[v]=1.0, Q=2.1 (bayes)
2026-09-23 16:09:15,355 INFO: Plan 2: ḡ=0.8, γE[v]=1.1, Q=1.9 (bayes)
2026-09-23 16:09:15,991 INFO: Plan 1: ḡ=78, γE[v]=0.0, Q=78.0 (fn)
2026-09-23 16:09:16,120 INFO: Plan 2: ḡ=63, γE[v]=0.0, Q=63.0 (fn)
2026-09-23 16:09:16,120 INFO: Plan 0: ḡ=17.5, γE[v]=40.0, Q=57.5 (bayes)
2026-09-23 16:09:16,120 INFO: Plan 1: ḡ=39.0, γE[v]=29.2, Q=68.2 (bayes)
2026-09-23 16:09:16,120 INFO: Plan 2: ḡ=21.0, γE[v]=38.2, Q=59.2 (bayes)
2026-09-23 16:09:17,828 INFO: Plan 1: ḡ=0, γE[v]=0.0, Q=0.0 (fn)
2026-09-23 16:09:17,830 INFO: Plan 0: ḡ=0, γE[v]=0.0, Q=0.0 (fn)
2026-09-23 16:09:17,865 INFO: Plan 2: ḡ=0, γE[v]=0.0, Q=0.0 (fn)
2026-09-23 16:09:17,866 INFO: Plan 0: ḡ=0.0, γE[v]=0.0, Q=0.0 (bayes)
2026-09-23 16:09:17,866 INFO: Plan 1: ḡ=0.0, γE[v]=0.0, Q=0.0 (bayes)
2026-09-23 16:09:17,866 INFO: Plan 2: ḡ=0.0, γE[v]=0.0, Q=0.0 (bayes)
2026-09-23 16:09:18,817 INFO: Plan 2: ḡ=0, γE[v]=0.0, Q=0.0 (fn)
2026-09-23 16:09:19,379 INFO: Plan 1: ḡ=1, γE[v]=0.0, Q=1.0 (fn)
2026-09-23 16:09:19,379 INFO: Plan 0: ḡ=1, γE[v]=0.0, Q=1.0 (fn)
2026-09-23 16:09:19,380 INFO: Plan 0: ḡ=0.2, γE[v]=0.1, Q=0.4 (bayes)
2026-09-23 16:09:19,380 INFO: Plan 1: ḡ=0.2, γE[v]=0.1, Q=0.4 (bayes)
2026-09-23 16:09:19,380 INFO: Plan 2: ḡ=0.0, γE[v]=0.2, Q=0.2 (bayes)
2026-09-23 16:09:20,890 INFO: Plan 0: ḡ=51, γE[v]=0.0, Q=51.0 (fn)
2026-09-23 16:09:21,260 INFO: Plan 1: ḡ=43, γE[v]=0.0, Q=43.0 (fn)
2026-09-23 16:09:21,299 INFO: Plan 2: ḡ=38, γE[v]=0.0, Q=38.0 (fn)
2026-09-23 16:09:21,299 INFO: Plan 0: ḡ=25.5, γE[v]=0.0, Q=25.5 (bayes)
2026-09-23 16:09:21,299 INFO: Plan 1: ḡ=21.5, γE[v]=2.0, Q=23.5 (bayes)
2026-09-23 16:09:21,300 INFO: Plan 2: ḡ=19.0, γE[v]=3.2, Q=22.2 (bayes)
2026-09-23 16:09:24,746 INFO: Plan 0: ḡ=31, γE[v]=0.0, Q=31.0 (fn)
2026-09-23 16:09:25,739 INFO: Plan 1: ḡ=8, γE[v]=0.0, Q=8.0 (fn)
2026-09-23 16:09:26,312 INFO: Plan 2: ḡ=17, γE[v]=0.0, Q=17.0 (fn)
2026-09-23 16:09:26,313 INFO: Plan 0: ḡ=15.5, γE[v]=6.0, Q=21.5 (bayes)
2026-09-23 16:09:26,313 INFO: Plan 1: ḡ=4.0, γE[v]=11.8, Q=15.8 (bayes)
2026-09-23 16:09:26,313 INFO: Plan 2: ḡ=8.5, γE[v]=9.5, Q=18.0 (bayes)
2026-09-23 16:09:27,184 INFO: Plan 0: ḡ=49, γE[v]=0.0, Q=49.0 (fn)
2026-09-23 16:09:29,137 INFO: Plan 2: ḡ=94, γE[v]=36.5, Q=130.5 (fn)
2026-09-23 16:09:29,337 INFO: Plan 0: ḡ=98, γE[v]=23.5, Q=121.5 (fn)
2026-09-23 16:09:30,027 INFO: Plan 1: ḡ=86, γE[v]=24.5, Q=110.5 (fn)
2026-09-23 16:09:30,028 INFO: Plan 0: ḡ=49.0, γE[v]=21.1, Q=70.1 (bayes)
2026-09-23 16:09:30,028 INFO: Plan 1: ḡ=43.0, γE[v]=24.1, Q=67.1 (bayes)
2026-09-23 16:09:30,028 INFO: Plan 2: ḡ=47.0, γE[v]=22.6, Q=69.6 (bayes)
2026-09-23 16:09:30,251 INFO: Plan 0: ḡ=0, γE[v]=0.0, Q=0.0 (fn)
2026-09-23 16:09:30,251 INFO: Plan 1: ḡ=0, γE[v]=0.0, Q=0.0 (fn)
2026-09-23 16:09:30,253 INFO: Plan 2: ḡ=0, γE[v]=0.0, Q=0.0 (fn)
2026-09-23 16:09:30,253 INFO: Plan 0: ḡ=0.0, γE[v]=0.0, Q=0.0 (bayes)
2026-09-23 16:09:30,253 INFO: Plan 1: ḡ=0.0, γE[v]=0.0, Q=0.0 (bayes)
2026-09-23 16:09:30,254 INFO: Plan 2: ḡ=0.0, γE[v]=0.0, Q=0.0 (bayes)
2026-09-23 16:09:30,880 INFO: Plan 1: ḡ=0, γE[v]=0.0, Q=0.0 (fn)
2026-09-23 16:09:30,880 INFO: Plan 0: ḡ=0, γE[v]=0.0, Q=0.0 (fn)
2026-09-23 16:09:31,095 INFO: Plan 2: ḡ=0, γE[v]=0.0, Q=0.0 (fn)
2026-09-23 16:09:31,096 INFO: Plan 0: ḡ=0.0, γE[v]=0.0, Q=0.0 (bayes)
2026-09-23 16:09:31,096 INFO: Plan 1: ḡ=0.0, γE[v]=0.0, Q=0.0 (bayes)
2026-09-23 16:09:31,096 INFO: Plan 2: ḡ=0.0, γE[v]=0.0, Q=0.0 (bayes)
2026-09-23 16:09:31,656 INFO: Plan 1: ḡ=62, γE[v]=0.0, Q=62.0 (fn)
2026-09-23 16:09:33,518 INFO: Plan 2: ḡ=22, γE[v]=0.0, Q=22.0 (fn)
2026-09-23 16:09:33,518 INFO: Plan 0: ḡ=24.5, γE[v]=76.0, Q=100.5 (bayes)
2026-09-23 16:09:33,518 INFO: Plan 1: ḡ=31.0, γE[v]=72.8, Q=103.8 (bayes)
2026-09-23 16:09:33,518 INFO: Plan 2: ḡ=11.0, γE[v]=82.8, Q=93.8 (bayes)
2026-09-23 16:09:35,067 INFO: Plan 0: ḡ=0, γE[v]=0.0, Q=0.0 (fn)
2026-09-23 16:09:35,768 INFO: Plan 1: ḡ=0, γE[v]=0.0, Q=0.0 (fn)
2026-09-23 16:09:35,806 INFO: Plan 2: ḡ=0, γE[v]=0.0, Q=0.0 (fn)
2026-09-23 16:09:35,806 INFO: Plan 0: ḡ=0.0, γE[v]=0.0, Q=0.0 (bayes)
2026-09-23 16:09:35,807 INFO: Plan 1: ḡ=0.0, γE[v]=0.0, Q=0.0 (bayes)
2026-09-23 16:09:35,807 INFO: Plan 2: ḡ=0.0, γE[v]=0.0, Q=0.0 (bayes)
2026-09-23 16:09:37,539 INFO: Plan 2: ḡ=24, γE[v]=0.0, Q=24.0 (fn)
2026-09-23 16:09:38,537 INFO: Plan 1: ḡ=25, γE[v]=0.0, Q=25.0 (fn)
2026-09-23 16:09:39,099 INFO: Plan 0: ḡ=31, γE[v]=0.0, Q=31.0 (fn)
2026-09-23 16:09:39,100 INFO: Plan 0: ḡ=6.2, γE[v]=0.0, Q=6.2 (bayes)
2026-09-23 16:09:39,100 INFO: Plan 1: ḡ=5.0, γE[v]=0.6, Q=5.6 (bayes)
2026-09-23 16:09:39,100 INFO: Plan 2: ḡ=4.8, γE[v]=0.7, Q=5.5 (bayes)
2026-09-23 16:09:43,021 INFO: Plan 2: ḡ=34, γE[v]=0.0, Q=34.0 (fn)
2026-09-23 16:09:43,705 INFO: Plan 1: ḡ=34, γE[v]=0.0, Q=34.0 (fn)
2026-09-23 16:09:44,453 INFO: Plan 0: ḡ=57, γE[v]=0.0, Q=57.0 (fn)
2026-09-23 16:09:44,703 INFO: Plan 2: ḡ=57, γE[v]=0.0, Q=57.0 (fn)
2026-09-23 16:09:44,703 INFO: Plan 0: ḡ=28.5, γE[v]=113.5, Q=142.0 (bayes)
2026-09-23 16:09:44,704 INFO: Plan 1: ḡ=17.0, γE[v]=119.2, Q=136.2 (bayes)
2026-09-23 16:09:44,704 INFO: Plan 2: ḡ=28.5, γE[v]=113.5, Q=142.0 (bayes)
2026-09-23 16:09:45,189 INFO: Plan 0: ḡ=30, γE[v]=6.0, Q=36.0 (fn)
2026-09-23 16:09:46,048 INFO: Plan 1: ḡ=58, γE[v]=17.0, Q=75.0 (fn)
2026-09-23 16:09:46,049 INFO: Plan 0: ḡ=7.5, γE[v]=8.2, Q=15.7 (bayes)
2026-09-23 16:09:46,049 INFO: Plan 1: ḡ=14.5, γE[v]=5.4, Q=19.9 (bayes)
2026-09-23 16:09:46,049 INFO: Plan 2: ḡ=8.5, γE[v]=7.2, Q=15.8 (bayes)
2026-09-23 16:09:46,086 INFO: Plan 0: ḡ=20, γE[v]=0.0, Q=20.0 (fn)
2026-09-23 16:09:46,747 INFO: Plan 2: ḡ=27, γE[v]=0.0, Q=27.0 (fn)
2026-09-23 16:09:47,948 INFO: Plan 1: ḡ=27, γE[v]=6.0, Q=33.0 (fn)
2026-09-23 16:09:47,948 INFO: Plan 0: ḡ=10.0, γE[v]=9.8, Q=19.8 (bayes)
2026-09-23 16:09:47,949 INFO: Plan 1: ḡ=13.5, γE[v]=8.3, Q=21.8 (bayes)
2026-09-23 16:09:47,949 INFO: Plan 2: ḡ=13.5, γE[v]=8.0, Q=21.5 (bayes)
2026-09-23 16:09:53,419 INFO: Plan 1: ḡ=3, γE[v]=0.0, Q=3.0 (fn)
2026-09-23 16:09:53,420 INFO: Plan 0: ḡ=20, γE[v]=0.0, Q=20.0 (fn)
2026-09-23 16:09:53,680 INFO: Plan 2: ḡ=0, γE[v]=0.0, Q=0.0 (fn)
2026-09-23 16:09:53,681 INFO: Plan 0: ḡ=1.8, γE[v]=0.8, Q=2.6 (bayes)
2026-09-23 16:09:53,681 INFO: Plan 1: ḡ=1.5, γE[v]=0.9, Q=2.4 (bayes)
2026-09-23 16:09:53,681 INFO: Plan 2: ḡ=0.0, γE[v]=1.7, Q=1.7 (bayes)
2026-09-23 16:09:54,081 INFO: Plan 1: ḡ=0, γE[v]=0.0, Q=0.0 (fn)
2026-09-23 16:09:54,118 INFO: Plan 0: ḡ=0, γE[v]=0.0, Q=0.0 (fn)
2026-09-23 16:09:54,473 INFO: Plan 2: ḡ=0, γE[v]=0.0, Q=0.0 (fn)
2026-09-23 16:09:54,474 INFO: Plan 0: ḡ=0.0, γE[v]=0.0, Q=0.0 (bayes)
2026-09-23 16:09:54,474 INFO: Plan 1: ḡ=0.0, γE[v]=0.0, Q=0.0 (bayes)
2026-09-23 16:09:54,474 INFO: Plan 2: ḡ=0.0, γE[v]=0.0, Q=0.0 (bayes)
2026-09-23 16:09:54,709 INFO: Plan 2: ḡ=0, γE[v]=0.0, Q=0.0 (fn)
2026-09-23 16:09:54,751 INFO: Plan 1: ḡ=91, γE[v]=0.0, Q=91.0 (fn)
2026-09-23 16:09:55,360 INFO: Plan 0: ḡ=1, γE[v]=0.0, Q=1.0 (fn)
2026-09-23 16:09:55,655 INFO: Plan 1: ḡ=7, γE[v]=0.0, Q=7.0 (fn)
2026-09-23 16:09:55,656 INFO: Plan 0: ḡ=0.2, γE[v]=0.4, Q=0.5 (bayes)
2026-09-23 16:09:55,656 INFO: Plan 1: ḡ=0.9, γE[v]=0.0, Q=0.9 (bayes)
2026-09-23 16:09:55,656 INFO: Plan 2: ḡ=0.0, γE[v]=0.5, Q=0.5 (bayes)
2026-09-23 16:09:59,544 INFO: Plan 0: ḡ=0, γE[v]=0.0, Q=0.0 (fn)
2026-09-23 16:09:59,583 INFO: Plan 2: ḡ=0, γE[v]=0.0, Q=0.0 (fn)
2026-09-23 16:10:01,562 INFO: Plan 0: ḡ=0, γE[v]=0.0, Q=0.0 (fn)
2026-09-23 16:10:01,734 INFO: Plan 1: ḡ=0, γE[v]=0.0, Q=0.0 (fn)
2026-09-23 16:10:01,802 INFO: Plan 2: ḡ=0, γE[v]=0.0, Q=0.0 (fn)
2026-09-23 16:10:01,802 INFO: Plan 0: ḡ=0.0, γE[v]=0.0, Q=0.0 (bayes)
2026-09-23 16:10:01,802 INFO: Plan 1: ḡ=0.0, γE[v]=0.0, Q=0.0 (bayes)
2026-09-23 16:10:01,802 INFO: Plan 2: ḡ=0.0, γE[v]=0.0, Q=0.0 (bayes)
2026-09-23 16:10:02,258 INFO: Plan 1: ḡ=0, γE[v]=0.0, Q=0.0 (fn)
2026-09-23 16:10:02,258 INFO: Plan 0: ḡ=0.0, γE[v]=0.0, Q=0.0 (bayes)
2026-09-23 16:10:02,259 INFO: Plan 1: ḡ=0.0, γE[v]=0.0, Q=0.0 (bayes)
2026-09-23 16:10:02,259 INFO: Plan 2: ḡ=0.0, γE[v]=0.0, Q=0.0 (bayes)
2026-09-23 16:10:03,230 INFO: Plan 2: ḡ=143, γE[v]=136.5, Q=279.5 (fn)
2026-09-23 16:10:03,623 INFO: Plan 0: ḡ=130, γE[v]=101.5, Q=231.5 (fn)
2026-09-23 16:10:03,624 INFO: Plan 0: ḡ=65.0, γE[v]=143.3, Q=208.3 (bayes)
2026-09-23 16:10:03,624 INFO: Plan 1: ḡ=45.5, γE[v]=148.5, Q=194.0 (bayes)
2026-09-23 16:10:03,624 INFO: Plan 2: ḡ=71.5, γE[v]=141.6, Q=213.1 (bayes)
2026-09-23 16:10:04,176 INFO: Plan 1: ḡ=0, γE[v]=0.0, Q=0.0 (fn)
2026-09-23 16:10:04,177 INFO: Plan 2: ḡ=0, γE[v]=0.0, Q=0.0 (fn)
2026-09-23 16:10:04,577 INFO: Plan 0: ḡ=0, γE[v]=0.0, Q=0.0 (fn)
2026-09-23 16:10:04,577 INFO: Plan 0: ḡ=0.0, γE[v]=0.0, Q=0.0 (bayes)
2026-09-23 16:10:04,578 INFO: Plan 1: ḡ=0.0, γE[v]=0.0, Q=0.0 (bayes)
2026-09-23 16:10:04,578 INFO: Plan 2: ḡ=0.0, γE[v]=0.0, Q=0.0 (bayes)
2026-09-23 16:10:04,623 INFO: Plan 1: ḡ=0, γE[v]=0.0, Q=0.0 (fn)
2026-09-23 16:10:05,127 INFO: Plan 2: ḡ=0, γE[v]=0.0, Q=0.0 (fn)
2026-09-23 16:10:05,128 INFO: Plan 0: ḡ=7, γE[v]=0.0, Q=7.0 (fn)
2026-09-23 16:10:05,128 INFO: Plan 0: ḡ=0.6, γE[v]=0.0, Q=0.6 (bayes)
2026-09-23 16:10:05,129 INFO: Plan 1: ḡ=0.0, γE[v]=0.3, Q=0.3 (bayes)
2026-09-23 16:10:05,129 INFO: Plan 2: ḡ=0.0, γE[v]=0.3, Q=0.3 (bayes)
2026-09-23 16:10:05,555 INFO: Plan 0: ḡ=0, γE[v]=0.0, Q=0.0 (fn)
2026-09-23 16:10:05,599 INFO: Plan 2: ḡ=0, γE[v]=0.0, Q=0.0 (fn)
2026-09-23 16:10:05,599 INFO: Plan 1: ḡ=0, γE[v]=0.0, Q=0.0 (fn)
2026-09-23 16:10:05,600 INFO: Plan 0: ḡ=0.0, γE[v]=0.0, Q=0.0 (bayes)
2026-09-23 16:10:05,600 INFO: Plan 1: ḡ=0.0, γE[v]=0.0, Q=0.0 (bayes)
2026-09-23 16:10:05,600 INFO: Plan 2: ḡ=0.0, γE[v]=0.0, Q=0.0 (bayes)
2026-09-23 16:10:17,486 INFO: Plan 0: ḡ=33, γE[v]=0.0, Q=33.0 (fn)
2026-09-23 16:10:20,094 INFO: Plan 0: ḡ=23, γE[v]=0.0, Q=23.0 (fn)
2026-09-23 16:10:20,247 INFO: Plan 2: ḡ=23, γE[v]=0.0, Q=23.0 (fn)
2026-09-23 16:10:20,743 INFO: Plan 1: ḡ=23, γE[v]=0.0, Q=23.0 (fn)
2026-09-23 16:10:20,744 INFO: Plan 0: ḡ=11.3, γE[v]=128.5, Q=139.8 (bayes)
2026-09-23 16:10:20,744 INFO: Plan 1: ḡ=10.8, γE[v]=128.8, Q=139.6 (bayes)
2026-09-23 16:10:20,744 INFO: Plan 2: ḡ=11.5, γE[v]=128.4, Q=139.9 (bayes)
2026-09-23 16:10:22,279 INFO: Plan 1: ḡ=77, γE[v]=0.0, Q=77.0 (fn)
2026-09-23 16:10:22,564 INFO: Plan 2: ḡ=87, γE[v]=0.0, Q=87.0 (fn)
2026-09-23 16:10:23,286 INFO: Plan 1: ḡ=38, γE[v]=0.0, Q=38.0 (fn)
2026-09-23 16:10:23,328 INFO: Plan 0: ḡ=84, γE[v]=0.0, Q=84.0 (fn)
2026-09-23 16:10:23,328 INFO: Plan 0: ḡ=42.0, γE[v]=91.5, Q=133.5 (bayes)
2026-09-23 16:10:23,328 INFO: Plan 1: ḡ=38.5, γE[v]=93.2, Q=131.8 (bayes)
2026-09-23 16:10:23,329 INFO: Plan 2: ḡ=43.5, γE[v]=90.8, Q=134.2 (bayes)
2026-09-23 16:10:23,366 INFO: Plan 0: ḡ=71, γE[v]=0.0, Q=71.0 (fn)
2026-09-23 16:10:24,587 INFO: Plan 2: ḡ=39, γE[v]=7.0, Q=46.0 (fn)
2026-09-23 16:10:24,587 INFO: Plan 0: ḡ=23.7, γE[v]=17.2, Q=40.9 (bayes)
2026-09-23 16:10:24,588 INFO: Plan 1: ḡ=15.0, γE[v]=21.6, Q=36.6 (bayes)
2026-09-23 16:10:24,588 INFO: Plan 2: ḡ=19.5, γE[v]=19.6, Q=39.1 (bayes)
2026-09-23 16:10:29,123 INFO: Plan 2: ḡ=11, γE[v]=18.5, Q=29.5 (fn)
2026-09-23 16:10:30,539 INFO: Plan 1: ḡ=50, γE[v]=25.0, Q=75.0 (fn)
2026-09-23 16:10:30,540 INFO: Plan 0: ḡ=11.5, γE[v]=90.2, Q=101.8 (bayes)
2026-09-23 16:10:30,540 INFO: Plan 1: ḡ=25.0, γE[v]=84.6, Q=109.6 (bayes)
2026-09-23 16:10:30,540 INFO: Plan 2: ḡ=5.5, γE[v]=94.1, Q=99.6 (bayes)
2026-09-23 16:10:31,080 INFO: Plan 0: ḡ=4, γE[v]=1.0, Q=5.0 (fn)
2026-09-23 16:10:31,080 INFO: Plan 2: ḡ=4, γE[v]=0.0, Q=4.0 (fn)
2026-09-23 16:10:32,300 INFO: Plan 1: ḡ=7, γE[v]=1.5, Q=8.5 (fn)
2026-09-23 16:10:32,301 INFO: Plan 0: ḡ=1.3, γE[v]=1.1, Q=2.4 (bayes)
2026-09-23 16:10:32,301 INFO: Plan 1: ḡ=2.3, γE[v]=0.6, Q=2.9 (bayes)
2026-09-23 16:10:32,301 INFO: Plan 2: ḡ=1.3, γE[v]=1.0, Q=2.3 (bayes)
2026-09-23 16:10:32,635 INFO: Plan 1: ḡ=0, γE[v]=0.0, Q=0.0 (fn)
2026-09-23 16:10:32,763 INFO: Plan 2: ḡ=0, γE[v]=0.0, Q=0.0 (fn)
2026-09-23 16:10:32,764 INFO: Plan 0: ḡ=0, γE[v]=0.0, Q=0.0 (fn)
2026-09-23 16:10:32,770 INFO: Plan 0: ḡ=0.0, γE[v]=0.0, Q=0.0 (bayes)
2026-09-23 16:10:32,770 INFO: Plan 1: ḡ=0.0, γE[v]=0.0, Q=0.0 (bayes)
2026-09-23 16:10:32,770 INFO: Plan 2: ḡ=0.0, γE[v]=0.0, Q=0.0 (bayes)
2026-09-23 16:10:36,337 INFO: Plan 0: ḡ=38, γE[v]=0.0, Q=38.0 (fn)
2026-09-23 16:10:37,441 INFO: Plan 1: ḡ=123, γE[v]=72.5, Q=195.5 (fn)
2026-09-23 16:10:38,419 INFO: Plan 1: ḡ=30, γE[v]=0.0, Q=30.0 (fn)
2026-09-23 16:10:38,672 INFO: Plan 0: ḡ=157, γE[v]=89.0, Q=246.0 (fn)
2026-09-23 16:10:39,529 INFO: Plan 2: ḡ=193, γE[v]=91.0, Q=284.0 (fn)
2026-09-23 16:10:39,530 INFO: Plan 0: ḡ=78.5, γE[v]=58.5, Q=137.0 (bayes)
2026-09-23 16:10:39,530 INFO: Plan 1: ḡ=61.5, γE[v]=66.3, Q=127.8 (bayes)
2026-09-23 16:10:39,530 INFO: Plan 2: ḡ=96.5, γE[v]=49.6, Q=146.1 (bayes)
2026-09-23 16:10:40,295 INFO: Plan 1: ḡ=25, γE[v]=0.0, Q=25.0 (fn)
2026-09-23 16:10:40,503 INFO: Plan 0: ḡ=21, γE[v]=7.5, Q=28.5 (fn)
2026-09-23 16:10:41,280 INFO: Plan 2: ḡ=17, γE[v]=0.0, Q=17.0 (fn)
2026-09-23 16:10:41,320 INFO: Plan 0: ḡ=22, γE[v]=0.0, Q=22.0 (fn)
2026-09-23 16:10:42,228 INFO: Plan 2: ḡ=306, γE[v]=19.0, Q=325.0 (fn)
2026-09-23 16:10:42,266 INFO: Plan 2: ḡ=15, γE[v]=0.0, Q=15.0 (fn)
2026-09-23 16:10:42,583 INFO: Plan 1: ḡ=2, γE[v]=0.0, Q=2.0 (fn)
2026-09-23 16:10:42,883 INFO: Plan 0: ḡ=2, γE[v]=0.0, Q=2.0 (fn)
2026-09-23 16:10:42,884 INFO: Plan 0: ḡ=0.7, γE[v]=2.8, Q=3.5 (bayes)
2026-09-23 16:10:42,884 INFO: Plan 1: ḡ=0.7, γE[v]=2.8, Q=3.5 (bayes)
2026-09-23 16:10:42,884 INFO: Plan 2: ḡ=5.0, γE[v]=0.7, Q=5.7 (bayes)
2026-09-23 16:10:43,089 INFO: Plan 0: ḡ=31, γE[v]=17.0, Q=48.0 (fn)
2026-09-23 16:10:43,351 INFO: Plan 2: ḡ=44, γE[v]=0.0, Q=44.0 (fn)
2026-09-23 16:10:43,352 INFO: Plan 0: ḡ=15.5, γE[v]=46.9, Q=62.4 (bayes)
2026-09-23 16:10:43,352 INFO: Plan 1: ḡ=8.5, γE[v]=49.6, Q=58.1 (bayes)
2026-09-23 16:10:43,352 INFO: Plan 2: ḡ=17.5, γE[v]=45.1, Q=62.6 (bayes)
2026-09-23 16:10:44,115 INFO: Plan 1: ḡ=90, γE[v]=136.5, Q=226.5 (fn)
2026-09-23 16:10:44,116 INFO: Plan 0: ḡ=19.0, γE[v]=99.8, Q=118.8 (bayes)
2026-09-23 16:10:44,116 INFO: Plan 1: ḡ=45.0, γE[v]=92.9, Q=137.9 (bayes)
2026-09-23 16:10:44,116 INFO: Plan 2: ḡ=153.0, γE[v]=33.6, Q=186.6 (bayes)
2026-09-23 16:10:45,362 INFO: Plan 2: ḡ=51, γE[v]=0.0, Q=51.0 (fn)
2026-09-23 16:10:45,883 INFO: Plan 1: ḡ=60, γE[v]=0.0, Q=60.0 (fn)
2026-09-23 16:10:46,125 INFO: Plan 0: ḡ=41, γE[v]=0.0, Q=41.0 (fn)
2026-09-23 16:10:46,125 INFO: Plan 0: ḡ=14.9, γE[v]=11.4, Q=26.3 (bayes)
2026-09-23 16:10:46,125 INFO: Plan 1: ḡ=20.5, γE[v]=8.6, Q=29.1 (bayes)
2026-09-23 16:10:46,126 INFO: Plan 2: ḡ=14.2, γE[v]=11.8, Q=26.0 (bayes)
2026-09-23 16:10:47,819 INFO: Plan 2: ḡ=1, γE[v]=0.0, Q=1.0 (fn)
2026-09-23 16:10:48,423 INFO: Plan 1: ḡ=2, γE[v]=0.0, Q=2.0 (fn)
2026-09-23 16:10:48,947 INFO: Plan 0: ḡ=8, γE[v]=1.0, Q=9.0 (fn)
2026-09-23 16:10:48,949 INFO: Plan 2: ḡ=78, γE[v]=16.5, Q=94.5 (fn)
2026-09-23 16:10:48,950 INFO: Plan 0: ḡ=0.5, γE[v]=0.2, Q=0.7 (bayes)
2026-09-23 16:10:48,950 INFO: Plan 0: ḡ=10.5, γE[v]=22.8, Q=33.3 (bayes)
2026-09-23 16:10:48,950 INFO: Plan 1: ḡ=0.2, γE[v]=0.3, Q=0.5 (bayes)
2026-09-23 16:10:48,950 INFO: Plan 1: ḡ=15.0, γE[v]=20.2, Q=35.2 (bayes)
2026-09-23 16:10:48,950 INFO: Plan 2: ḡ=0.1, γE[v]=0.3, Q=0.4 (bayes)
2026-09-23 16:10:48,951 INFO: Plan 2: ḡ=39.0, γE[v]=9.0, Q=48.0 (bayes)
2026-09-23 16:10:49,766 INFO: Plan 1: ḡ=37, γE[v]=9.0, Q=46.0 (fn)
2026-09-23 16:10:49,767 INFO: Plan 0: ḡ=11.0, γE[v]=8.2, Q=19.2 (bayes)
2026-09-23 16:10:49,767 INFO: Plan 1: ḡ=18.5, γE[v]=4.8, Q=23.3 (bayes)
2026-09-23 16:10:49,767 INFO: Plan 2: ḡ=8.3, γE[v]=9.5, Q=17.8 (bayes)
2026-09-23 16:10:49,805 INFO: Plan 0: ḡ=0, γE[v]=0.0, Q=0.0 (fn)
  [31/93] rich.color seed=42: {'cov_qvalue_tgt_fnt_bayes': 53}
2026-09-23 16:10:50,175 INFO: Plan 0: ḡ=2, γE[v]=0.0, Q=2.0 (fn)
2026-09-23 16:10:50,176 INFO: Plan 1: ḡ=4, γE[v]=0.0, Q=4.0 (fn)
2026-09-23 16:10:50,723 INFO: Plan 1: ḡ=0, γE[v]=0.0, Q=0.0 (fn)
2026-09-23 16:10:50,723 INFO: Plan 2: ḡ=0, γE[v]=0.0, Q=0.0 (fn)
2026-09-23 16:10:50,723 INFO: Plan 0: ḡ=0.0, γE[v]=0.0, Q=0.0 (bayes)
2026-09-23 16:10:50,723 INFO: Plan 1: ḡ=0.0, γE[v]=0.0, Q=0.0 (bayes)
2026-09-23 16:10:50,724 INFO: Plan 2: ḡ=0.0, γE[v]=0.0, Q=0.0 (bayes)
2026-09-23 16:10:51,239 INFO: Plan 2: ḡ=6, γE[v]=0.0, Q=6.0 (fn)
2026-09-23 16:10:51,240 INFO: Plan 0: ḡ=0.2, γE[v]=0.1, Q=0.3 (bayes)
2026-09-23 16:10:51,240 INFO: Plan 1: ḡ=0.3, γE[v]=0.1, Q=0.4 (bayes)
2026-09-23 16:10:51,240 INFO: Plan 2: ḡ=0.5, γE[v]=0.0, Q=0.5 (bayes)
  [32/93] flask.json.tag seed=42: {'cov_qvalue_tgt_fnt_bayes': 25}
2026-09-23 16:10:53,176 INFO: Plan 0: ḡ=13, γE[v]=0.0, Q=13.0 (fn)
2026-09-23 16:10:53,176 INFO: Plan 1: ḡ=14, γE[v]=0.0, Q=14.0 (fn)
2026-09-23 16:10:54,573 INFO: Plan 2: ḡ=8, γE[v]=0.0, Q=8.0 (fn)
2026-09-23 16:10:54,574 INFO: Plan 0: ḡ=6.5, γE[v]=9.1, Q=15.6 (bayes)
2026-09-23 16:10:54,574 INFO: Plan 1: ḡ=6.7, γE[v]=9.0, Q=15.7 (bayes)
2026-09-23 16:10:54,574 INFO: Plan 2: ḡ=3.3, γE[v]=10.7, Q=14.0 (bayes)
2026-09-23 16:10:56,594 INFO: Plan 0: ḡ=0, γE[v]=0.0, Q=0.0 (fn)
2026-09-23 16:10:56,904 INFO: Plan 1: ḡ=0, γE[v]=0.0, Q=0.0 (fn)
2026-09-23 16:10:56,951 INFO: Plan 2: ḡ=0, γE[v]=0.0, Q=0.0 (fn)
2026-09-23 16:10:56,952 INFO: Plan 0: ḡ=0.0, γE[v]=0.0, Q=0.0 (bayes)
2026-09-23 16:10:56,952 INFO: Plan 1: ḡ=0.0, γE[v]=0.0, Q=0.0 (bayes)
2026-09-23 16:10:56,952 INFO: Plan 2: ḡ=0.0, γE[v]=0.0, Q=0.0 (bayes)
2026-09-23 16:11:01,608 INFO: Plan 2: ḡ=4, γE[v]=0.0, Q=4.0 (fn)
2026-09-23 16:11:01,921 INFO: Plan 1: ḡ=10, γE[v]=0.0, Q=10.0 (fn)
2026-09-23 16:11:02,645 INFO: Plan 0: ḡ=15, γE[v]=0.0, Q=15.0 (fn)
2026-09-23 16:11:02,645 INFO: Plan 0: ḡ=1.1, γE[v]=1.0, Q=2.0 (bayes)
2026-09-23 16:11:02,645 INFO: Plan 1: ḡ=1.1, γE[v]=0.9, Q=2.0 (bayes)
2026-09-23 16:11:02,645 INFO: Plan 2: ḡ=0.8, γE[v]=1.1, Q=1.9 (bayes)
2026-09-23 16:11:05,259 INFO: Plan 1: ḡ=8, γE[v]=0.0, Q=8.0 (fn)
2026-09-23 16:11:05,305 INFO: Plan 2: ḡ=8, γE[v]=0.0, Q=8.0 (fn)
2026-09-23 16:11:05,306 INFO: Plan 0: ḡ=8, γE[v]=0.0, Q=8.0 (fn)
2026-09-23 16:11:05,307 INFO: Plan 0: ḡ=2.7, γE[v]=0.0, Q=2.7 (bayes)
2026-09-23 16:11:05,307 INFO: Plan 1: ḡ=2.7, γE[v]=0.0, Q=2.7 (bayes)
2026-09-23 16:11:05,307 INFO: Plan 2: ḡ=2.7, γE[v]=0.0, Q=2.7 (bayes)
2026-09-23 16:11:05,845 INFO: Plan 1: ḡ=38, γE[v]=0.0, Q=38.0 (fn)
2026-09-23 16:11:08,800 INFO: Plan 2: ḡ=9, γE[v]=0.0, Q=9.0 (fn)
2026-09-23 16:11:08,842 INFO: Plan 2: ḡ=16, γE[v]=0.0, Q=16.0 (fn)
2026-09-23 16:11:10,233 INFO: Plan 0: ḡ=3, γE[v]=2.5, Q=5.5 (fn)
2026-09-23 16:11:11,792 INFO: Plan 1: ḡ=24, γE[v]=0.0, Q=24.0 (fn)
2026-09-23 16:11:11,792 INFO: Plan 1: ḡ=0, γE[v]=0.0, Q=0.0 (fn)
2026-09-23 16:11:11,793 INFO: Plan 0: ḡ=1.5, γE[v]=5.4, Q=6.9 (bayes)
2026-09-23 16:11:11,793 INFO: Plan 1: ḡ=12.0, γE[v]=0.0, Q=12.0 (bayes)
2026-09-23 16:11:11,793 INFO: Plan 2: ḡ=8.0, γE[v]=2.0, Q=10.0 (bayes)
2026-09-23 16:11:11,833 INFO: Plan 2: ḡ=0, γE[v]=0.0, Q=0.0 (fn)
2026-09-23 16:11:12,341 INFO: Plan 1: ḡ=14, γE[v]=0.0, Q=14.0 (fn)
2026-09-23 16:11:12,600 INFO: Plan 2: ḡ=0, γE[v]=0.0, Q=0.0 (fn)
2026-09-23 16:11:13,003 INFO: Plan 0: ḡ=0, γE[v]=0.0, Q=0.0 (fn)
2026-09-23 16:11:13,004 INFO: Plan 0: ḡ=0.0, γE[v]=0.0, Q=0.0 (bayes)
2026-09-23 16:11:13,004 INFO: Plan 1: ḡ=0.0, γE[v]=0.0, Q=0.0 (bayes)
2026-09-23 16:11:13,004 INFO: Plan 2: ḡ=0.0, γE[v]=0.0, Q=0.0 (bayes)
2026-09-23 16:11:13,219 INFO: Plan 0: ḡ=0, γE[v]=0.0, Q=0.0 (fn)
2026-09-23 16:11:13,220 INFO: Plan 2: ḡ=0, γE[v]=0.0, Q=0.0 (fn)
2026-09-23 16:11:13,258 INFO: Plan 0: ḡ=0, γE[v]=0.0, Q=0.0 (fn)
2026-09-23 16:11:13,258 INFO: Plan 1: ḡ=0, γE[v]=0.0, Q=0.0 (fn)
2026-09-23 16:11:13,259 INFO: Plan 0: ḡ=0.0, γE[v]=0.0, Q=0.0 (bayes)
2026-09-23 16:11:13,259 INFO: Plan 1: ḡ=0.0, γE[v]=0.0, Q=0.0 (bayes)
2026-09-23 16:11:13,259 INFO: Plan 2: ḡ=0.0, γE[v]=0.0, Q=0.0 (bayes)
2026-09-23 16:11:13,932 INFO: Plan 1: ḡ=0, γE[v]=0.0, Q=0.0 (fn)
2026-09-23 16:11:13,932 INFO: Plan 0: ḡ=0.0, γE[v]=0.0, Q=0.0 (bayes)
2026-09-23 16:11:13,932 INFO: Plan 1: ḡ=0.0, γE[v]=0.0, Q=0.0 (bayes)
2026-09-23 16:11:13,932 INFO: Plan 2: ḡ=0.0, γE[v]=0.0, Q=0.0 (bayes)
2026-09-23 16:11:14,262 INFO: Plan 0: ḡ=54, γE[v]=93.0, Q=147.0 (fn)
  [33/93] requests.auth seed=42: {'cov_qvalue_tgt_fnt_bayes': 62}
2026-09-23 16:11:15,823 INFO: Plan 0: ḡ=22, γE[v]=5.5, Q=27.5 (fn)
2026-09-23 16:11:15,824 INFO: Plan 0: ḡ=7.3, γE[v]=2.2, Q=9.5 (bayes)
2026-09-23 16:11:15,824 INFO: Plan 1: ḡ=4.7, γE[v]=3.2, Q=7.8 (bayes)
2026-09-23 16:11:15,824 INFO: Plan 2: ḡ=3.0, γE[v]=4.0, Q=7.0 (bayes)
2026-09-23 16:11:17,407 INFO: Plan 2: ḡ=200, γE[v]=27.5, Q=227.5 (fn)
2026-09-23 16:11:17,407 INFO: Plan 0: ḡ=27.0, γE[v]=62.9, Q=89.9 (bayes)
2026-09-23 16:11:17,408 INFO: Plan 1: ḡ=19.0, γE[v]=62.8, Q=81.8 (bayes)
2026-09-23 16:11:17,408 INFO: Plan 2: ḡ=100.0, γE[v]=23.5, Q=123.5 (bayes)
2026-09-23 16:11:21,013 INFO: Plan 0: ḡ=15, γE[v]=0.0, Q=15.0 (fn)
2026-09-23 16:11:21,014 INFO: Plan 2: ḡ=0, γE[v]=0.0, Q=0.0 (fn)
2026-09-23 16:11:21,014 INFO: Plan 1: ḡ=15, γE[v]=0.0, Q=15.0 (fn)
2026-09-23 16:11:21,015 INFO: Plan 0: ḡ=7.5, γE[v]=3.8, Q=11.2 (bayes)
2026-09-23 16:11:21,015 INFO: Plan 1: ḡ=7.5, γE[v]=3.8, Q=11.2 (bayes)
2026-09-23 16:11:21,015 INFO: Plan 2: ḡ=0.0, γE[v]=7.5, Q=7.5 (bayes)
2026-09-23 16:11:24,062 INFO: Plan 0: ḡ=2, γE[v]=0.0, Q=2.0 (fn)
2026-09-23 16:11:24,475 INFO: Plan 1: ḡ=10, γE[v]=0.0, Q=10.0 (fn)
2026-09-23 16:11:25,718 INFO: Plan 2: ḡ=12, γE[v]=0.0, Q=12.0 (fn)
2026-09-23 16:11:25,718 INFO: Plan 0: ḡ=0.3, γE[v]=1.3, Q=1.7 (bayes)
2026-09-23 16:11:25,719 INFO: Plan 1: ḡ=1.7, γE[v]=0.7, Q=2.3 (bayes)
2026-09-23 16:11:25,719 INFO: Plan 2: ḡ=2.0, γE[v]=0.5, Q=2.5 (bayes)
2026-09-23 16:11:35,042 INFO: Plan 0: ḡ=49, γE[v]=7.0, Q=56.0 (fn)
2026-09-23 16:11:36,159 INFO: Plan 0: ḡ=38, γE[v]=8.0, Q=46.0 (fn)
2026-09-23 16:11:37,067 INFO: Plan 1: ḡ=6, γE[v]=17.5, Q=23.5 (fn)
2026-09-23 16:11:37,996 INFO: Plan 1: ḡ=83, γE[v]=3.0, Q=86.0 (fn)
2026-09-23 16:11:38,180 INFO: Plan 1: ḡ=0, γE[v]=0.0, Q=0.0 (fn)
2026-09-23 16:11:38,220 INFO: Plan 0: ḡ=1, γE[v]=0.0, Q=1.0 (fn)
2026-09-23 16:11:38,340 INFO: Plan 2: ḡ=13, γE[v]=0.0, Q=13.0 (fn)
2026-09-23 16:11:38,340 INFO: Plan 0: ḡ=13.0, γE[v]=4.1, Q=17.1 (bayes)
2026-09-23 16:11:38,340 INFO: Plan 1: ḡ=2.3, γE[v]=10.1, Q=12.5 (bayes)
2026-09-23 16:11:38,340 INFO: Plan 2: ḡ=6.5, γE[v]=7.0, Q=13.5 (bayes)
2026-09-23 16:11:39,368 INFO: Plan 2: ḡ=0, γE[v]=0.5, Q=0.5 (fn)
2026-09-23 16:11:39,369 INFO: Plan 0: ḡ=0.1, γE[v]=0.0, Q=0.1 (bayes)
2026-09-23 16:11:39,369 INFO: Plan 1: ḡ=0.0, γE[v]=0.1, Q=0.1 (bayes)
2026-09-23 16:11:39,369 INFO: Plan 2: ḡ=0.0, γE[v]=0.1, Q=0.1 (bayes)
2026-09-23 16:11:40,226 INFO: Plan 2: ḡ=16, γE[v]=0.0, Q=16.0 (fn)
2026-09-23 16:11:40,226 INFO: Plan 0: ḡ=24.5, γE[v]=66.1, Q=90.7 (bayes)
2026-09-23 16:11:40,226 INFO: Plan 1: ḡ=36.0, γE[v]=60.2, Q=96.2 (bayes)
2026-09-23 16:11:40,226 INFO: Plan 2: ḡ=8.0, γE[v]=74.1, Q=82.1 (bayes)
2026-09-23 16:11:41,328 INFO: Plan 2: ḡ=0, γE[v]=0.0, Q=0.0 (fn)
2026-09-23 16:11:41,585 INFO: Plan 0: ḡ=1, γE[v]=0.0, Q=1.0 (fn)
2026-09-23 16:11:41,799 INFO: Plan 1: ḡ=1, γE[v]=0.0, Q=1.0 (fn)
2026-09-23 16:11:41,800 INFO: Plan 0: ḡ=0.2, γE[v]=0.1, Q=0.3 (bayes)
2026-09-23 16:11:41,800 INFO: Plan 1: ḡ=0.2, γE[v]=0.1, Q=0.3 (bayes)
2026-09-23 16:11:41,800 INFO: Plan 2: ḡ=0.0, γE[v]=0.2, Q=0.2 (bayes)
2026-09-23 16:11:42,166 INFO: Plan 2: ḡ=59, γE[v]=0.0, Q=59.0 (fn)
2026-09-23 16:11:42,897 INFO: Plan 2: ḡ=48, γE[v]=0.0, Q=48.0 (fn)
2026-09-23 16:11:43,123 INFO: Plan 0: ḡ=35, γE[v]=0.0, Q=35.0 (fn)
2026-09-23 16:11:43,542 INFO: Plan 0: ḡ=1, γE[v]=0.0, Q=1.0 (fn)
2026-09-23 16:11:43,771 INFO: Plan 2: ḡ=0, γE[v]=0.0, Q=0.0 (fn)
2026-09-23 16:11:43,772 INFO: Plan 1: ḡ=7, γE[v]=0.0, Q=7.0 (fn)
2026-09-23 16:11:43,772 INFO: Plan 0: ḡ=0.1, γE[v]=0.3, Q=0.5 (bayes)
2026-09-23 16:11:43,772 INFO: Plan 1: ḡ=0.8, γE[v]=0.0, Q=0.8 (bayes)
2026-09-23 16:11:43,772 INFO: Plan 2: ḡ=0.0, γE[v]=0.4, Q=0.4 (bayes)
2026-09-23 16:11:44,066 INFO: Plan 1: ḡ=37, γE[v]=2.0, Q=39.0 (fn)
2026-09-23 16:11:44,066 INFO: Plan 0: ḡ=13.2, γE[v]=26.2, Q=39.4 (bayes)
2026-09-23 16:11:44,066 INFO: Plan 1: ḡ=16.8, γE[v]=24.5, Q=41.4 (bayes)
2026-09-23 16:11:44,067 INFO: Plan 2: ḡ=16.0, γE[v]=24.8, Q=40.8 (bayes)
2026-09-23 16:11:44,502 INFO: Plan 1: ḡ=0, γE[v]=0.0, Q=0.0 (fn)
  [34/93] rich.layout seed=42: {'cov_qvalue_tgt_fnt_bayes': 70}
2026-09-23 16:11:44,743 INFO: Plan 0: ḡ=0, γE[v]=0.0, Q=0.0 (fn)
2026-09-23 16:11:45,533 INFO: Plan 2: ḡ=0, γE[v]=0.0, Q=0.0 (fn)
2026-09-23 16:11:45,534 INFO: Plan 0: ḡ=0.0, γE[v]=0.0, Q=0.0 (bayes)
2026-09-23 16:11:45,534 INFO: Plan 1: ḡ=0.0, γE[v]=0.0, Q=0.0 (bayes)
2026-09-23 16:11:45,534 INFO: Plan 2: ḡ=0.0, γE[v]=0.0, Q=0.0 (bayes)
2026-09-23 16:11:48,347 INFO: Plan 0: ḡ=0, γE[v]=0.0, Q=0.0 (fn)
2026-09-23 16:11:48,347 INFO: Plan 1: ḡ=0, γE[v]=0.0, Q=0.0 (fn)
2026-09-23 16:11:48,385 INFO: Plan 2: ḡ=0, γE[v]=0.0, Q=0.0 (fn)
2026-09-23 16:11:48,385 INFO: Plan 0: ḡ=0.0, γE[v]=0.0, Q=0.0 (bayes)
2026-09-23 16:11:48,385 INFO: Plan 1: ḡ=0.0, γE[v]=0.0, Q=0.0 (bayes)
2026-09-23 16:11:48,385 INFO: Plan 2: ḡ=0.0, γE[v]=0.0, Q=0.0 (bayes)
2026-09-23 16:11:49,041 INFO: Plan 0: ḡ=42, γE[v]=43.0, Q=85.0 (fn)
  [35/93] requests.cookies seed=42: {'cov_qvalue_tgt_fnt_bayes': 82}
2026-09-23 16:11:49,898 INFO: Plan 1: ḡ=0, γE[v]=0.0, Q=0.0 (fn)
2026-09-23 16:11:49,940 INFO: Plan 0: ḡ=0, γE[v]=0.0, Q=0.0 (fn)
2026-09-23 16:11:50,130 INFO: Plan 2: ḡ=0, γE[v]=0.0, Q=0.0 (fn)
2026-09-23 16:11:50,131 INFO: Plan 0: ḡ=0.0, γE[v]=0.0, Q=0.0 (bayes)
2026-09-23 16:11:50,131 INFO: Plan 1: ḡ=0.0, γE[v]=0.0, Q=0.0 (bayes)
2026-09-23 16:11:50,131 INFO: Plan 2: ḡ=0.0, γE[v]=0.0, Q=0.0 (bayes)
2026-09-23 16:11:50,449 INFO: Plan 0: ḡ=0, γE[v]=0.0, Q=0.0 (fn)
2026-09-23 16:11:50,491 INFO: Plan 1: ḡ=0, γE[v]=0.0, Q=0.0 (fn)
2026-09-23 16:11:50,492 INFO: Plan 2: ḡ=0, γE[v]=0.0, Q=0.0 (fn)
2026-09-23 16:11:50,492 INFO: Plan 0: ḡ=0.0, γE[v]=0.0, Q=0.0 (bayes)
2026-09-23 16:11:50,492 INFO: Plan 1: ḡ=0.0, γE[v]=0.0, Q=0.0 (bayes)
2026-09-23 16:11:50,492 INFO: Plan 2: ḡ=0.0, γE[v]=0.0, Q=0.0 (bayes)
2026-09-23 16:11:50,903 INFO: Plan 2: ḡ=0, γE[v]=0.0, Q=0.0 (fn)
2026-09-23 16:11:51,843 INFO: Plan 1: ḡ=41, γE[v]=30.0, Q=71.0 (fn)
2026-09-23 16:11:51,843 INFO: Plan 0: ḡ=21.0, γE[v]=28.9, Q=49.9 (bayes)
2026-09-23 16:11:51,843 INFO: Plan 1: ḡ=20.5, γE[v]=28.6, Q=49.1 (bayes)
2026-09-23 16:11:51,843 INFO: Plan 2: ḡ=29.5, γE[v]=22.8, Q=52.2 (bayes)
2026-09-23 16:11:51,882 INFO: Plan 1: ḡ=0, γE[v]=0.0, Q=0.0 (fn)
2026-09-23 16:11:51,883 INFO: Plan 0: ḡ=0, γE[v]=0.0, Q=0.0 (fn)
2026-09-23 16:11:51,883 INFO: Plan 0: ḡ=0.0, γE[v]=0.0, Q=0.0 (bayes)
2026-09-23 16:11:51,883 INFO: Plan 1: ḡ=0.0, γE[v]=0.0, Q=0.0 (bayes)
2026-09-23 16:11:51,883 INFO: Plan 2: ḡ=0.0, γE[v]=0.0, Q=0.0 (bayes)
2026-09-23 16:11:52,232 INFO: Plan 1: ḡ=74, γE[v]=0.0, Q=74.0 (fn)
2026-09-23 16:11:52,560 INFO: Plan 0: ḡ=132, γE[v]=0.0, Q=132.0 (fn)
2026-09-23 16:11:52,823 INFO: Plan 2: ḡ=57, γE[v]=0.0, Q=57.0 (fn)
2026-09-23 16:11:52,823 INFO: Plan 0: ḡ=61.0, γE[v]=88.0, Q=149.0 (bayes)
2026-09-23 16:11:52,823 INFO: Plan 1: ḡ=37.0, γE[v]=100.0, Q=137.0 (bayes)
2026-09-23 16:11:52,823 INFO: Plan 2: ḡ=28.5, γE[v]=104.2, Q=132.8 (bayes)
2026-09-23 16:11:54,049 INFO: Plan 1: ḡ=0, γE[v]=0.0, Q=0.0 (fn)
2026-09-23 16:11:54,171 INFO: Plan 2: ḡ=0, γE[v]=0.0, Q=0.0 (fn)
2026-09-23 16:11:54,171 INFO: Plan 0: ḡ=7, γE[v]=0.0, Q=7.0 (fn)
2026-09-23 16:11:54,172 INFO: Plan 0: ḡ=0.6, γE[v]=0.0, Q=0.6 (bayes)
2026-09-23 16:11:54,172 INFO: Plan 1: ḡ=0.0, γE[v]=0.3, Q=0.3 (bayes)
2026-09-23 16:11:54,172 INFO: Plan 2: ḡ=0.0, γE[v]=0.3, Q=0.3 (bayes)
  [36/93] jinja2.loaders seed=42: {'cov_qvalue_tgt_fnt_bayes': 90}
2026-09-23 16:11:56,854 INFO: Plan 1: ḡ=0, γE[v]=0.0, Q=0.0 (fn)
2026-09-23 16:11:57,798 INFO: Plan 0: ḡ=0, γE[v]=0.0, Q=0.0 (fn)
2026-09-23 16:11:58,162 INFO: Plan 2: ḡ=0, γE[v]=0.0, Q=0.0 (fn)
2026-09-23 16:11:58,163 INFO: Plan 0: ḡ=0.0, γE[v]=0.0, Q=0.0 (bayes)
2026-09-23 16:11:58,163 INFO: Plan 1: ḡ=0.0, γE[v]=0.0, Q=0.0 (bayes)
2026-09-23 16:11:58,163 INFO: Plan 2: ḡ=0.0, γE[v]=0.0, Q=0.0 (bayes)
2026-09-23 16:11:58,348 INFO: Plan 0: ḡ=0, γE[v]=0.0, Q=0.0 (fn)
2026-09-23 16:11:58,589 INFO: Plan 2: ḡ=0, γE[v]=0.0, Q=0.0 (fn)
2026-09-23 16:11:58,590 INFO: Plan 1: ḡ=0, γE[v]=0.0, Q=0.0 (fn)
2026-09-23 16:11:58,591 INFO: Plan 0: ḡ=0.0, γE[v]=0.0, Q=0.0 (bayes)
2026-09-23 16:11:58,591 INFO: Plan 1: ḡ=0.0, γE[v]=0.0, Q=0.0 (bayes)
2026-09-23 16:11:58,591 INFO: Plan 2: ḡ=0.0, γE[v]=0.0, Q=0.0 (bayes)
2026-09-23 16:12:00,111 INFO: Plan 0: ḡ=13, γE[v]=0.0, Q=13.0 (fn)
2026-09-23 16:12:00,111 INFO: Plan 1: ḡ=12, γE[v]=0.0, Q=12.0 (fn)
2026-09-23 16:12:00,755 INFO: Plan 2: ḡ=7, γE[v]=2.5, Q=9.5 (fn)
2026-09-23 16:12:00,756 INFO: Plan 0: ḡ=6.5, γE[v]=3.7, Q=10.2 (bayes)
2026-09-23 16:12:00,756 INFO: Plan 1: ḡ=5.2, γE[v]=4.4, Q=9.6 (bayes)
2026-09-23 16:12:00,756 INFO: Plan 2: ḡ=2.3, γE[v]=6.0, Q=8.3 (bayes)
  [37/93] flask.app seed=42: {'cov_qvalue_tgt_fnt_bayes': 199}
2026-09-23 16:12:04,811 INFO: Plan 0: ḡ=20, γE[v]=0.0, Q=20.0 (fn)
2026-09-23 16:12:04,812 INFO: Plan 1: ḡ=3, γE[v]=0.0, Q=3.0 (fn)
2026-09-23 16:12:04,847 INFO: Plan 2: ḡ=0, γE[v]=0.0, Q=0.0 (fn)
2026-09-23 16:12:04,848 INFO: Plan 0: ḡ=1.7, γE[v]=0.8, Q=2.4 (bayes)
2026-09-23 16:12:04,848 INFO: Plan 1: ḡ=1.5, γE[v]=0.8, Q=2.3 (bayes)
2026-09-23 16:12:04,848 INFO: Plan 2: ḡ=0.0, γE[v]=1.6, Q=1.6 (bayes)
2026-09-23 16:12:07,301 INFO: Plan 0: ḡ=0, γE[v]=0.0, Q=0.0 (fn)
2026-09-23 16:12:07,479 INFO: Plan 1: ḡ=0, γE[v]=0.0, Q=0.0 (fn)
2026-09-23 16:12:07,481 INFO: Plan 2: ḡ=34, γE[v]=0.0, Q=34.0 (fn)
2026-09-23 16:12:07,482 INFO: Plan 2: ḡ=0, γE[v]=0.0, Q=0.0 (fn)
2026-09-23 16:12:07,482 INFO: Plan 0: ḡ=0.0, γE[v]=0.0, Q=0.0 (bayes)
2026-09-23 16:12:07,483 INFO: Plan 1: ḡ=0.0, γE[v]=0.0, Q=0.0 (bayes)
2026-09-23 16:12:07,483 INFO: Plan 2: ḡ=0.0, γE[v]=0.0, Q=0.0 (bayes)
2026-09-23 16:12:08,262 INFO: Plan 1: ḡ=6, γE[v]=0.0, Q=6.0 (fn)
2026-09-23 16:12:08,467 INFO: Plan 2: ḡ=3, γE[v]=1.5, Q=4.5 (fn)
2026-09-23 16:12:08,692 INFO: Plan 0: ḡ=1, γE[v]=2.5, Q=3.5 (fn)
2026-09-23 16:12:08,692 INFO: Plan 0: ḡ=0.2, γE[v]=0.8, Q=1.0 (bayes)
2026-09-23 16:12:08,692 INFO: Plan 1: ḡ=1.5, γE[v]=0.0, Q=1.5 (bayes)
2026-09-23 16:12:08,693 INFO: Plan 2: ḡ=0.8, γE[v]=0.5, Q=1.2 (bayes)
2026-09-23 16:12:08,884 INFO: Plan 2: ḡ=15, γE[v]=0.0, Q=15.0 (fn)
2026-09-23 16:12:09,239 INFO: Plan 0: ḡ=2, γE[v]=0.0, Q=2.0 (fn)
2026-09-23 16:12:09,546 INFO: Plan 1: ḡ=2, γE[v]=0.0, Q=2.0 (fn)
2026-09-23 16:12:09,547 INFO: Plan 0: ḡ=0.7, γE[v]=2.2, Q=2.9 (bayes)
2026-09-23 16:12:09,547 INFO: Plan 1: ḡ=0.7, γE[v]=2.2, Q=2.9 (bayes)
2026-09-23 16:12:09,547 INFO: Plan 2: ḡ=3.8, γE[v]=0.7, Q=4.4 (bayes)
2026-09-23 16:12:09,818 INFO: Plan 0: ḡ=30, γE[v]=6.0, Q=36.0 (fn)
2026-09-23 16:12:11,079 INFO: Plan 1: ḡ=58, γE[v]=17.0, Q=75.0 (fn)
2026-09-23 16:12:11,079 INFO: Plan 0: ḡ=6.0, γE[v]=6.6, Q=12.6 (bayes)
2026-09-23 16:12:11,079 INFO: Plan 1: ḡ=11.6, γE[v]=4.6, Q=16.2 (bayes)
2026-09-23 16:12:11,079 INFO: Plan 2: ḡ=6.8, γE[v]=5.8, Q=12.6 (bayes)
2026-09-23 16:12:11,414 INFO: Plan 2: ḡ=32, γE[v]=0.0, Q=32.0 (fn)
2026-09-23 16:12:12,743 INFO: Plan 1: ḡ=21, γE[v]=0.0, Q=21.0 (fn)
2026-09-23 16:12:14,899 INFO: Plan 0: ḡ=33, γE[v]=6.0, Q=39.0 (fn)
2026-09-23 16:12:14,900 INFO: Plan 0: ḡ=10.8, γE[v]=13.0, Q=23.8 (bayes)
2026-09-23 16:12:14,900 INFO: Plan 1: ḡ=10.5, γE[v]=12.9, Q=23.4 (bayes)
2026-09-23 16:12:14,900 INFO: Plan 2: ḡ=16.0, γE[v]=10.1, Q=26.1 (bayes)
2026-09-23 16:12:15,911 INFO: Plan 1: ḡ=51, γE[v]=0.0, Q=51.0 (fn)
2026-09-23 16:12:23,056 INFO: Plan 0: ḡ=130, γE[v]=101.5, Q=231.5 (fn)
2026-09-23 16:12:26,176 INFO: Plan 2: ḡ=118, γE[v]=153.0, Q=271.0 (fn)
2026-09-23 16:12:26,177 INFO: Plan 0: ḡ=51.8, γE[v]=115.2, Q=167.0 (bayes)
2026-09-23 16:12:26,177 INFO: Plan 1: ḡ=20.2, γE[v]=125.0, Q=145.2 (bayes)
2026-09-23 16:12:26,177 INFO: Plan 2: ḡ=41.8, γE[v]=123.3, Q=165.2 (bayes)
2026-09-23 16:12:26,216 INFO: Plan 0: ḡ=82, γE[v]=0.0, Q=82.0 (fn)
2026-09-23 16:12:26,254 INFO: Plan 1: ḡ=72, γE[v]=0.0, Q=72.0 (fn)
2026-09-23 16:12:27,660 INFO: Plan 2: ḡ=71, γE[v]=0.0, Q=71.0 (fn)
2026-09-23 16:12:27,660 INFO: Plan 0: ḡ=39.0, γE[v]=66.8, Q=105.8 (bayes)
2026-09-23 16:12:27,660 INFO: Plan 1: ḡ=36.0, γE[v]=68.2, Q=104.2 (bayes)
2026-09-23 16:12:27,660 INFO: Plan 2: ḡ=33.5, γE[v]=69.5, Q=103.0 (bayes)
2026-09-23 16:12:28,905 INFO: Plan 1: ḡ=28, γE[v]=0.0, Q=28.0 (fn)
2026-09-23 16:12:30,223 INFO: Plan 0: ḡ=80, γE[v]=0.0, Q=80.0 (fn)
2026-09-23 16:12:30,231 INFO: Plan 0: ḡ=32, γE[v]=0.0, Q=32.0 (fn)
2026-09-23 16:12:30,969 INFO: Plan 1: ḡ=12, γE[v]=0.0, Q=12.0 (fn)
2026-09-23 16:12:32,025 INFO: Plan 2: ḡ=122, γE[v]=0.0, Q=122.0 (fn)
2026-09-23 16:12:32,026 INFO: Plan 0: ḡ=32.8, γE[v]=112.1, Q=144.9 (bayes)
2026-09-23 16:12:32,026 INFO: Plan 1: ḡ=14.0, γE[v]=121.5, Q=135.5 (bayes)
2026-09-23 16:12:32,026 INFO: Plan 2: ḡ=55.7, γE[v]=100.7, Q=156.3 (bayes)
2026-09-23 16:12:32,410 INFO: Plan 2: ḡ=8, γE[v]=0.0, Q=8.0 (fn)
2026-09-23 16:12:32,411 INFO: Plan 0: ḡ=16.0, γE[v]=59.8, Q=75.8 (bayes)
2026-09-23 16:12:32,411 INFO: Plan 1: ḡ=4.7, γE[v]=65.5, Q=70.2 (bayes)
2026-09-23 16:12:32,412 INFO: Plan 2: ḡ=4.0, γE[v]=65.8, Q=69.8 (bayes)
2026-09-23 16:12:40,279 INFO: Plan 0: ḡ=19, γE[v]=0.0, Q=19.0 (fn)
2026-09-23 16:12:40,648 INFO: Plan 2: ḡ=37, γE[v]=0.0, Q=37.0 (fn)
2026-09-23 16:12:41,471 INFO: Plan 0: ḡ=41, γE[v]=0.0, Q=41.0 (fn)
2026-09-23 16:12:41,670 INFO: Plan 1: ḡ=77, γE[v]=0.0, Q=77.0 (fn)
2026-09-23 16:12:41,671 INFO: Plan 0: ḡ=12.2, γE[v]=8.4, Q=20.6 (bayes)
2026-09-23 16:12:41,671 INFO: Plan 1: ḡ=19.8, γE[v]=4.6, Q=24.4 (bayes)
2026-09-23 16:12:41,671 INFO: Plan 2: ḡ=11.0, γE[v]=9.0, Q=20.0 (bayes)
2026-09-23 16:12:41,910 INFO: Plan 2: ḡ=17, γE[v]=0.0, Q=17.0 (fn)
2026-09-23 16:12:43,655 INFO: Plan 1: ḡ=23, γE[v]=0.0, Q=23.0 (fn)
2026-09-23 16:12:43,655 INFO: Plan 0: ḡ=6.3, γE[v]=4.0, Q=10.3 (bayes)
2026-09-23 16:12:43,656 INFO: Plan 1: ḡ=7.7, γE[v]=3.3, Q=11.0 (bayes)
2026-09-23 16:12:43,656 INFO: Plan 2: ḡ=5.6, γE[v]=4.3, Q=9.9 (bayes)
2026-09-23 16:12:44,508 INFO: Plan 1: ḡ=25, γE[v]=0.0, Q=25.0 (fn)
2026-09-23 16:12:45,899 INFO: Plan 0: ḡ=31, γE[v]=10.5, Q=41.5 (fn)
2026-09-23 16:12:45,900 INFO: Plan 2: ḡ=20, γE[v]=0.0, Q=20.0 (fn)
2026-09-23 16:12:45,901 INFO: Plan 0: ḡ=15.5, γE[v]=38.5, Q=54.0 (bayes)
2026-09-23 16:12:45,901 INFO: Plan 1: ḡ=8.5, γE[v]=41.5, Q=50.0 (bayes)
2026-09-23 16:12:45,901 INFO: Plan 2: ḡ=6.5, γE[v]=42.5, Q=49.0 (bayes)
2026-09-23 16:12:47,904 INFO: Plan 2: ḡ=4, γE[v]=0.0, Q=4.0 (fn)
2026-09-23 16:12:47,905 INFO: Plan 0: ḡ=15, γE[v]=0.0, Q=15.0 (fn)
2026-09-23 16:12:48,081 INFO: Plan 1: ḡ=10, γE[v]=0.0, Q=10.0 (fn)
2026-09-23 16:12:48,082 INFO: Plan 0: ḡ=1.1, γE[v]=0.9, Q=2.0 (bayes)
2026-09-23 16:12:48,082 INFO: Plan 1: ḡ=1.0, γE[v]=0.9, Q=1.9 (bayes)
2026-09-23 16:12:48,082 INFO: Plan 2: ḡ=0.8, γE[v]=1.0, Q=1.8 (bayes)
2026-09-23 16:12:51,201 INFO: Plan 1: ḡ=90, γE[v]=0.0, Q=90.0 (fn)
2026-09-23 16:12:57,099 INFO: Plan 2: ḡ=170, γE[v]=47.5, Q=217.5 (fn)
2026-09-23 16:12:58,703 INFO: Plan 0: ḡ=83, γE[v]=90.0, Q=173.0 (fn)
2026-09-23 16:12:58,703 INFO: Plan 0: ḡ=27.7, γE[v]=35.7, Q=63.4 (bayes)
2026-09-23 16:12:58,703 INFO: Plan 1: ḡ=30.0, γE[v]=29.2, Q=59.2 (bayes)
2026-09-23 16:12:58,704 INFO: Plan 2: ḡ=56.7, γE[v]=18.7, Q=75.3 (bayes)
2026-09-23 16:12:59,745 INFO: Plan 1: ḡ=23, γE[v]=0.0, Q=23.0 (fn)
2026-09-23 16:13:00,533 INFO: Plan 0: ḡ=31, γE[v]=0.0, Q=31.0 (fn)
2026-09-23 16:13:01,106 INFO: Plan 1: ḡ=0, γE[v]=0.0, Q=0.0 (fn)
2026-09-23 16:13:01,148 INFO: Plan 2: ḡ=0, γE[v]=0.0, Q=0.0 (fn)
2026-09-23 16:13:01,294 INFO: Plan 0: ḡ=0, γE[v]=0.0, Q=0.0 (fn)
2026-09-23 16:13:01,295 INFO: Plan 0: ḡ=0.0, γE[v]=0.0, Q=0.0 (bayes)
2026-09-23 16:13:01,295 INFO: Plan 1: ḡ=0.0, γE[v]=0.0, Q=0.0 (bayes)
2026-09-23 16:13:01,295 INFO: Plan 2: ḡ=0.0, γE[v]=0.0, Q=0.0 (bayes)
2026-09-23 16:13:02,859 INFO: Plan 2: ḡ=54, γE[v]=0.0, Q=54.0 (fn)
2026-09-23 16:13:02,859 INFO: Plan 0: ḡ=10.3, γE[v]=7.0, Q=17.3 (bayes)
2026-09-23 16:13:02,859 INFO: Plan 1: ḡ=7.7, γE[v]=8.3, Q=16.0 (bayes)
2026-09-23 16:13:02,859 INFO: Plan 2: ḡ=18.0, γE[v]=3.2, Q=21.2 (bayes)
2026-09-23 16:13:05,559 INFO: Plan 0: ḡ=0, γE[v]=0.0, Q=0.0 (fn)
2026-09-23 16:13:05,559 INFO: Plan 1: ḡ=0, γE[v]=0.0, Q=0.0 (fn)
2026-09-23 16:13:05,940 INFO: Plan 2: ḡ=0, γE[v]=0.0, Q=0.0 (fn)
2026-09-23 16:13:05,941 INFO: Plan 0: ḡ=0.0, γE[v]=0.0, Q=0.0 (bayes)
2026-09-23 16:13:05,941 INFO: Plan 1: ḡ=0.0, γE[v]=0.0, Q=0.0 (bayes)
2026-09-23 16:13:05,941 INFO: Plan 2: ḡ=0.0, γE[v]=0.0, Q=0.0 (bayes)
2026-09-23 16:13:08,035 INFO: Plan 2: ḡ=67, γE[v]=0.0, Q=67.0 (fn)
2026-09-23 16:13:08,273 INFO: Plan 1: ḡ=203, γE[v]=0.0, Q=203.0 (fn)
2026-09-23 16:13:08,503 INFO: Plan 0: ḡ=14, γE[v]=0.0, Q=14.0 (fn)
2026-09-23 16:13:08,835 INFO: Plan 0: ḡ=33, γE[v]=0.0, Q=33.0 (fn)
2026-09-23 16:13:08,836 INFO: Plan 0: ḡ=16.5, γE[v]=67.5, Q=84.0 (bayes)
2026-09-23 16:13:08,836 INFO: Plan 1: ḡ=101.5, γE[v]=25.0, Q=126.5 (bayes)
2026-09-23 16:13:08,836 INFO: Plan 2: ḡ=33.5, γE[v]=59.0, Q=92.5 (bayes)
2026-09-23 16:13:09,117 INFO: Plan 2: ḡ=13, γE[v]=0.0, Q=13.0 (fn)
2026-09-23 16:13:09,118 INFO: Plan 0: ḡ=0, γE[v]=0.0, Q=0.0 (fn)
2026-09-23 16:13:09,452 INFO: Plan 2: ḡ=0, γE[v]=0.0, Q=0.0 (fn)
2026-09-23 16:13:09,595 INFO: Plan 1: ḡ=0, γE[v]=0.0, Q=0.0 (fn)
2026-09-23 16:13:09,595 INFO: Plan 0: ḡ=0.0, γE[v]=0.0, Q=0.0 (bayes)
2026-09-23 16:13:09,595 INFO: Plan 1: ḡ=0.0, γE[v]=0.0, Q=0.0 (bayes)
2026-09-23 16:13:09,595 INFO: Plan 2: ḡ=0.0, γE[v]=0.0, Q=0.0 (bayes)
2026-09-23 16:13:09,903 INFO: Plan 1: ḡ=10, γE[v]=0.0, Q=10.0 (fn)
2026-09-23 16:13:09,904 INFO: Plan 0: ḡ=7.0, γE[v]=4.3, Q=11.3 (bayes)
2026-09-23 16:13:09,904 INFO: Plan 1: ḡ=4.5, γE[v]=5.6, Q=10.1 (bayes)
2026-09-23 16:13:09,904 INFO: Plan 2: ḡ=4.7, γE[v]=5.5, Q=10.2 (bayes)
2026-09-23 16:13:10,641 INFO: Plan 1: ḡ=34, γE[v]=0.0, Q=34.0 (fn)
2026-09-23 16:13:10,642 INFO: Plan 0: ḡ=29, γE[v]=0.0, Q=29.0 (fn)
2026-09-23 16:13:10,887 INFO: Plan 0: ḡ=1, γE[v]=0.0, Q=1.0 (fn)
2026-09-23 16:13:11,408 INFO: Plan 2: ḡ=4, γE[v]=0.0, Q=4.0 (fn)
2026-09-23 16:13:11,408 INFO: Plan 1: ḡ=1, γE[v]=0.0, Q=1.0 (fn)
2026-09-23 16:13:11,409 INFO: Plan 0: ḡ=0.2, γE[v]=0.4, Q=0.6 (bayes)
2026-09-23 16:13:11,409 INFO: Plan 1: ḡ=0.2, γE[v]=0.4, Q=0.6 (bayes)
2026-09-23 16:13:11,409 INFO: Plan 2: ḡ=0.7, γE[v]=0.2, Q=0.8 (bayes)
2026-09-23 16:13:12,535 INFO: Plan 0: ḡ=0, γE[v]=0.0, Q=0.0 (fn)
2026-09-23 16:13:12,901 INFO: Plan 2: ḡ=0, γE[v]=0.0, Q=0.0 (fn)
2026-09-23 16:13:13,105 INFO: Plan 1: ḡ=0, γE[v]=0.0, Q=0.0 (fn)
2026-09-23 16:13:13,106 INFO: Plan 0: ḡ=0.0, γE[v]=0.0, Q=0.0 (bayes)
2026-09-23 16:13:13,106 INFO: Plan 1: ḡ=0.0, γE[v]=0.0, Q=0.0 (bayes)
2026-09-23 16:13:13,106 INFO: Plan 2: ḡ=0.0, γE[v]=0.0, Q=0.0 (bayes)
2026-09-23 16:13:13,739 INFO: Plan 2: ḡ=45, γE[v]=13.0, Q=58.0 (fn)
2026-09-23 16:13:13,739 INFO: Plan 0: ḡ=14.5, γE[v]=20.8, Q=35.3 (bayes)
2026-09-23 16:13:13,739 INFO: Plan 1: ḡ=17.0, γE[v]=19.6, Q=36.6 (bayes)
2026-09-23 16:13:13,739 INFO: Plan 2: ḡ=15.0, γE[v]=21.4, Q=36.4 (bayes)
2026-09-23 16:13:14,636 INFO: Plan 1: ḡ=9, γE[v]=0.0, Q=9.0 (fn)
2026-09-23 16:13:14,636 INFO: Plan 2: ḡ=9, γE[v]=0.0, Q=9.0 (fn)
2026-09-23 16:13:15,687 INFO: Plan 0: ḡ=2, γE[v]=0.0, Q=2.0 (fn)
2026-09-23 16:13:15,896 INFO: Plan 1: ḡ=37, γE[v]=37.5, Q=74.5 (fn)
2026-09-23 16:13:15,932 INFO: Plan 2: ḡ=0, γE[v]=0.0, Q=0.0 (fn)
2026-09-23 16:13:16,344 INFO: Plan 1: ḡ=0, γE[v]=0.0, Q=0.0 (fn)
2026-09-23 16:13:16,345 INFO: Plan 0: ḡ=1, γE[v]=0.0, Q=1.0 (fn)
2026-09-23 16:13:16,346 INFO: Plan 2: ḡ=0, γE[v]=0.0, Q=0.0 (fn)
2026-09-23 16:13:16,346 INFO: Plan 0: ḡ=0.1, γE[v]=0.0, Q=0.1 (bayes)
2026-09-23 16:13:16,346 INFO: Plan 1: ḡ=0.0, γE[v]=0.0, Q=0.1 (bayes)
2026-09-23 16:13:16,346 INFO: Plan 2: ḡ=0.0, γE[v]=0.0, Q=0.1 (bayes)
2026-09-23 16:13:16,381 INFO: Plan 1: ḡ=13, γE[v]=0.0, Q=13.0 (fn)
2026-09-23 16:13:16,381 INFO: Plan 0: ḡ=0.7, γE[v]=2.2, Q=2.8 (bayes)
2026-09-23 16:13:16,382 INFO: Plan 1: ḡ=4.3, γE[v]=0.3, Q=4.7 (bayes)
2026-09-23 16:13:16,382 INFO: Plan 2: ḡ=0.0, γE[v]=2.5, Q=2.5 (bayes)
  [38/93] rich.table seed=42: {'cov_qvalue_tgt_fnt_bayes': 184}
2026-09-23 16:13:18,253 INFO: Plan 0: ḡ=14, γE[v]=0.0, Q=14.0 (fn)
2026-09-23 16:13:18,254 INFO: Plan 0: ḡ=3.5, γE[v]=0.0, Q=3.5 (bayes)
2026-09-23 16:13:18,254 INFO: Plan 1: ḡ=2.2, γE[v]=0.6, Q=2.9 (bayes)
2026-09-23 16:13:18,254 INFO: Plan 2: ḡ=2.2, γE[v]=0.6, Q=2.9 (bayes)
2026-09-23 16:13:18,966 INFO: Plan 1: ḡ=0, γE[v]=0.0, Q=0.0 (fn)
2026-09-23 16:13:19,259 INFO: Plan 2: ḡ=0, γE[v]=0.0, Q=0.0 (fn)
2026-09-23 16:13:19,302 INFO: Plan 0: ḡ=15, γE[v]=0.0, Q=15.0 (fn)
2026-09-23 16:13:19,750 INFO: Plan 1: ḡ=0, γE[v]=0.0, Q=0.0 (fn)
2026-09-23 16:13:19,909 INFO: Plan 2: ḡ=15, γE[v]=0.0, Q=15.0 (fn)
2026-09-23 16:13:19,910 INFO: Plan 0: ḡ=0, γE[v]=0.0, Q=0.0 (fn)
2026-09-23 16:13:19,910 INFO: Plan 0: ḡ=7.5, γE[v]=0.0, Q=7.5 (bayes)
2026-09-23 16:13:19,910 INFO: Plan 1: ḡ=0.0, γE[v]=3.8, Q=3.8 (bayes)
2026-09-23 16:13:19,910 INFO: Plan 0: ḡ=0.0, γE[v]=0.0, Q=0.0 (bayes)
2026-09-23 16:13:19,911 INFO: Plan 2: ḡ=7.5, γE[v]=0.0, Q=7.5 (bayes)
2026-09-23 16:13:19,911 INFO: Plan 1: ḡ=0.0, γE[v]=0.0, Q=0.0 (bayes)
2026-09-23 16:13:19,911 INFO: Plan 2: ḡ=0.0, γE[v]=0.0, Q=0.0 (bayes)
  [39/93] jinja2.utils seed=42: {'cov_qvalue_tgt_fnt_bayes': 90}
2026-09-23 16:13:21,520 INFO: Plan 2: ḡ=90, γE[v]=0.0, Q=90.0 (fn)
2026-09-23 16:13:22,126 INFO: Plan 1: ḡ=45, γE[v]=0.0, Q=45.0 (fn)
2026-09-23 16:13:22,716 INFO: Plan 0: ḡ=77, γE[v]=38.5, Q=115.5 (fn)
2026-09-23 16:13:24,588 INFO: Plan 0: ḡ=66, γE[v]=12.5, Q=78.5 (fn)
2026-09-23 16:13:24,595 INFO: Plan 0: ḡ=33.0, γE[v]=30.6, Q=63.6 (bayes)
2026-09-23 16:13:24,595 INFO: Plan 1: ḡ=22.5, γE[v]=35.2, Q=57.8 (bayes)
2026-09-23 16:13:24,595 INFO: Plan 2: ḡ=45.0, γE[v]=24.0, Q=69.0 (bayes)
2026-09-23 16:13:25,335 INFO: Plan 1: ḡ=18, γE[v]=0.0, Q=18.0 (fn)
2026-09-23 16:13:25,377 INFO: Plan 2: ḡ=90, γE[v]=35.5, Q=125.5 (fn)
2026-09-23 16:13:25,377 INFO: Plan 0: ḡ=38.5, γE[v]=23.2, Q=61.7 (bayes)
2026-09-23 16:13:25,378 INFO: Plan 1: ḡ=18.5, γE[v]=33.2, Q=51.7 (bayes)
2026-09-23 16:13:25,378 INFO: Plan 2: ḡ=45.0, γE[v]=19.8, Q=64.8 (bayes)
2026-09-23 16:13:26,474 INFO: Plan 2: ḡ=41, γE[v]=0.0, Q=41.0 (fn)
2026-09-23 16:13:26,767 INFO: Plan 0: ḡ=36, γE[v]=0.0, Q=36.0 (fn)
2026-09-23 16:13:26,768 INFO: Plan 0: ḡ=12.8, γE[v]=21.3, Q=34.2 (bayes)
2026-09-23 16:13:26,768 INFO: Plan 1: ḡ=6.3, γE[v]=24.6, Q=30.9 (bayes)
2026-09-23 16:13:26,768 INFO: Plan 2: ḡ=16.0, γE[v]=19.8, Q=35.8 (bayes)
2026-09-23 16:13:27,188 INFO: Plan 0: ḡ=0, γE[v]=0.0, Q=0.0 (fn)
2026-09-23 16:13:27,565 INFO: Plan 2: ḡ=0, γE[v]=0.0, Q=0.0 (fn)
2026-09-23 16:13:27,929 INFO: Plan 1: ḡ=3, γE[v]=0.0, Q=3.0 (fn)
2026-09-23 16:13:27,964 INFO: Plan 1: ḡ=0, γE[v]=0.0, Q=0.0 (fn)
2026-09-23 16:13:27,965 INFO: Plan 0: ḡ=0.0, γE[v]=0.0, Q=0.0 (bayes)
2026-09-23 16:13:27,965 INFO: Plan 1: ḡ=0.0, γE[v]=0.0, Q=0.0 (bayes)
2026-09-23 16:13:27,965 INFO: Plan 2: ḡ=0.0, γE[v]=0.0, Q=0.0 (bayes)
2026-09-23 16:13:28,584 INFO: Plan 0: ḡ=0, γE[v]=0.0, Q=0.0 (fn)
2026-09-23 16:13:28,585 INFO: Plan 2: ḡ=0, γE[v]=0.0, Q=0.0 (fn)
2026-09-23 16:13:28,586 INFO: Plan 1: ḡ=0, γE[v]=0.0, Q=0.0 (fn)
2026-09-23 16:13:28,586 INFO: Plan 0: ḡ=0.0, γE[v]=0.0, Q=0.0 (bayes)
2026-09-23 16:13:28,586 INFO: Plan 1: ḡ=0.0, γE[v]=0.0, Q=0.0 (bayes)
2026-09-23 16:13:28,586 INFO: Plan 2: ḡ=0.0, γE[v]=0.0, Q=0.0 (bayes)
2026-09-23 16:13:28,619 INFO: Plan 1: ḡ=0, γE[v]=0.0, Q=0.0 (fn)
  [40/93] requests.adapters seed=42: {'cov_qvalue_tgt_fnt_bayes': 96}
2026-09-23 16:13:29,705 INFO: Plan 0: ḡ=0, γE[v]=0.0, Q=0.0 (fn)
2026-09-23 16:13:29,708 INFO: Plan 0: ḡ=49, γE[v]=0.0, Q=49.0 (fn)
2026-09-23 16:13:29,738 INFO: Plan 0: ḡ=7, γE[v]=6.5, Q=13.5 (fn)
2026-09-23 16:13:29,959 INFO: Plan 2: ḡ=20, γE[v]=0.0, Q=20.0 (fn)
2026-09-23 16:13:29,960 INFO: Plan 0: ḡ=1.8, γE[v]=2.6, Q=4.4 (bayes)
2026-09-23 16:13:29,960 INFO: Plan 1: ḡ=0.8, γE[v]=2.7, Q=3.5 (bayes)
2026-09-23 16:13:29,960 INFO: Plan 2: ḡ=6.2, γE[v]=0.0, Q=6.2 (bayes)
2026-09-23 16:13:30,493 INFO: Plan 2: ḡ=0, γE[v]=0.0, Q=0.0 (fn)
2026-09-23 16:13:30,493 INFO: Plan 0: ḡ=0.0, γE[v]=0.0, Q=0.0 (bayes)
2026-09-23 16:13:30,493 INFO: Plan 1: ḡ=0.0, γE[v]=0.0, Q=0.0 (bayes)
2026-09-23 16:13:30,493 INFO: Plan 2: ḡ=0.0, γE[v]=0.0, Q=0.0 (bayes)
2026-09-23 16:13:32,005 INFO: Plan 1: ḡ=54, γE[v]=3.0, Q=57.0 (fn)
2026-09-23 16:13:32,796 INFO: Plan 2: ḡ=12, γE[v]=0.0, Q=12.0 (fn)
2026-09-23 16:13:32,797 INFO: Plan 0: ḡ=24.5, γE[v]=55.9, Q=80.4 (bayes)
2026-09-23 16:13:32,797 INFO: Plan 1: ḡ=17.8, γE[v]=59.4, Q=77.3 (bayes)
2026-09-23 16:13:32,797 INFO: Plan 2: ḡ=6.0, γE[v]=65.2, Q=71.2 (bayes)
2026-09-23 16:13:36,951 INFO: Plan 0: ḡ=0, γE[v]=0.0, Q=0.0 (fn)
2026-09-23 16:13:37,612 INFO: Plan 1: ḡ=0, γE[v]=0.0, Q=0.0 (fn)
2026-09-23 16:13:37,800 INFO: Plan 2: ḡ=0, γE[v]=0.0, Q=0.0 (fn)
2026-09-23 16:13:37,801 INFO: Plan 0: ḡ=0.0, γE[v]=0.0, Q=0.0 (bayes)
2026-09-23 16:13:37,801 INFO: Plan 1: ḡ=0.0, γE[v]=0.0, Q=0.0 (bayes)
2026-09-23 16:13:37,801 INFO: Plan 2: ḡ=0.0, γE[v]=0.0, Q=0.0 (bayes)
2026-09-23 16:13:38,144 INFO: Plan 0: ḡ=0, γE[v]=0.0, Q=0.0 (fn)
2026-09-23 16:13:38,417 INFO: Plan 1: ḡ=0, γE[v]=0.0, Q=0.0 (fn)
2026-09-23 16:13:38,766 INFO: Plan 2: ḡ=0, γE[v]=0.0, Q=0.0 (fn)
2026-09-23 16:13:38,767 INFO: Plan 0: ḡ=0.0, γE[v]=0.0, Q=0.0 (bayes)
2026-09-23 16:13:38,767 INFO: Plan 1: ḡ=0.0, γE[v]=0.0, Q=0.0 (bayes)
2026-09-23 16:13:38,767 INFO: Plan 2: ḡ=0.0, γE[v]=0.0, Q=0.0 (bayes)
  [41/93] flask.json.provider seed=42: {'cov_qvalue_tgt_fnt_bayes': 49}
2026-09-23 16:13:41,982 INFO: Plan 0: ḡ=4, γE[v]=1.0, Q=5.0 (fn)
2026-09-23 16:13:42,022 INFO: Plan 0: ḡ=1, γE[v]=0.0, Q=1.0 (fn)
2026-09-23 16:13:42,527 INFO: Plan 2: ḡ=0, γE[v]=0.0, Q=0.0 (fn)
2026-09-23 16:13:42,965 INFO: Plan 1: ḡ=4, γE[v]=1.0, Q=5.0 (fn)
2026-09-23 16:13:42,965 INFO: Plan 2: ḡ=3, γE[v]=1.5, Q=4.5 (fn)
2026-09-23 16:13:42,966 INFO: Plan 0: ḡ=0.8, γE[v]=0.3, Q=1.1 (bayes)
2026-09-23 16:13:42,966 INFO: Plan 1: ḡ=0.8, γE[v]=0.3, Q=1.1 (bayes)
2026-09-23 16:13:42,966 INFO: Plan 2: ḡ=0.6, γE[v]=0.4, Q=1.0 (bayes)
2026-09-23 16:13:43,349 INFO: Plan 1: ḡ=1, γE[v]=0.5, Q=1.5 (fn)
2026-09-23 16:13:43,349 INFO: Plan 0: ḡ=0.2, γE[v]=0.1, Q=0.3 (bayes)
2026-09-23 16:13:43,349 INFO: Plan 1: ḡ=0.2, γE[v]=0.1, Q=0.3 (bayes)
2026-09-23 16:13:43,349 INFO: Plan 2: ḡ=0.0, γE[v]=0.2, Q=0.2 (bayes)
2026-09-23 16:13:47,621 INFO: Plan 0: ḡ=35, γE[v]=0.0, Q=35.0 (fn)
2026-09-23 16:13:48,108 INFO: Plan 2: ḡ=15, γE[v]=0.0, Q=15.0 (fn)
2026-09-23 16:13:48,108 INFO: Plan 1: ḡ=32, γE[v]=2.0, Q=34.0 (fn)
2026-09-23 16:13:48,365 INFO: Plan 2: ḡ=48, γE[v]=0.0, Q=48.0 (fn)
2026-09-23 16:13:48,365 INFO: Plan 0: ḡ=13.2, γE[v]=22.2, Q=35.3 (bayes)
2026-09-23 16:13:48,365 INFO: Plan 1: ḡ=11.3, γE[v]=23.2, Q=34.5 (bayes)
2026-09-23 16:13:48,365 INFO: Plan 2: ḡ=16.0, γE[v]=20.8, Q=36.8 (bayes)
2026-09-23 16:13:48,890 INFO: Plan 0: ḡ=2, γE[v]=0.0, Q=2.0 (fn)
2026-09-23 16:13:49,036 INFO: Plan 1: ḡ=2, γE[v]=0.0, Q=2.0 (fn)
2026-09-23 16:13:49,037 INFO: Plan 0: ḡ=0.7, γE[v]=1.8, Q=2.5 (bayes)
2026-09-23 16:13:49,037 INFO: Plan 1: ḡ=0.7, γE[v]=1.8, Q=2.5 (bayes)
2026-09-23 16:13:49,037 INFO: Plan 2: ḡ=3.0, γE[v]=0.7, Q=3.7 (bayes)
2026-09-23 16:13:56,219 INFO: Plan 1: ḡ=24, γE[v]=0.0, Q=24.0 (fn)
2026-09-23 16:13:56,451 INFO: Plan 0: ḡ=33, γE[v]=0.0, Q=33.0 (fn)
2026-09-23 16:13:56,772 INFO: Plan 2: ḡ=12, γE[v]=0.0, Q=12.0 (fn)
2026-09-23 16:13:56,772 INFO: Plan 0: ḡ=16.5, γE[v]=8.5, Q=25.0 (bayes)
2026-09-23 16:13:56,773 INFO: Plan 1: ḡ=12.0, γE[v]=10.8, Q=22.8 (bayes)
2026-09-23 16:13:56,773 INFO: Plan 2: ḡ=5.0, γE[v]=14.2, Q=19.2 (bayes)
2026-09-23 16:14:00,202 INFO: Plan 0: ḡ=7, γE[v]=0.0, Q=7.0 (fn)
2026-09-23 16:14:01,178 INFO: Plan 1: ḡ=5, γE[v]=0.0, Q=5.0 (fn)
2026-09-23 16:14:01,798 INFO: Plan 2: ḡ=7, γE[v]=2.5, Q=9.5 (fn)
2026-09-23 16:14:01,799 INFO: Plan 0: ḡ=3.5, γE[v]=2.0, Q=5.5 (bayes)
2026-09-23 16:14:01,799 INFO: Plan 1: ḡ=1.7, γE[v]=2.9, Q=4.6 (bayes)
2026-09-23 16:14:01,799 INFO: Plan 2: ḡ=2.3, γE[v]=2.7, Q=5.1 (bayes)
2026-09-23 16:14:02,327 INFO: Plan 0: ḡ=23, γE[v]=0.0, Q=23.0 (fn)
2026-09-23 16:14:06,602 INFO: Plan 1: ḡ=33, γE[v]=0.0, Q=33.0 (fn)
2026-09-23 16:14:10,054 INFO: Plan 1: ḡ=190, γE[v]=42.5, Q=232.5 (fn)
2026-09-23 16:14:10,880 INFO: Plan 2: ḡ=305, γE[v]=47.0, Q=352.0 (fn)
2026-09-23 16:14:10,886 INFO: Plan 2: ḡ=134, γE[v]=32.0, Q=166.0 (fn)
2026-09-23 16:14:10,887 INFO: Plan 0: ḡ=11.5, γE[v]=143.0, Q=154.5 (bayes)
2026-09-23 16:14:10,887 INFO: Plan 1: ḡ=95.0, γE[v]=103.2, Q=198.2 (bayes)
2026-09-23 16:14:10,888 INFO: Plan 2: ḡ=67.0, γE[v]=116.7, Q=183.7 (bayes)
2026-09-23 16:14:12,922 INFO: Plan 0: ḡ=132, γE[v]=0.0, Q=132.0 (fn)
2026-09-23 16:14:13,348 INFO: Plan 2: ḡ=57, γE[v]=0.0, Q=57.0 (fn)
2026-09-23 16:14:13,871 INFO: Plan 1: ḡ=74, γE[v]=9.5, Q=83.5 (fn)
2026-09-23 16:14:13,871 INFO: Plan 0: ḡ=41.5, γE[v]=88.0, Q=129.5 (bayes)
2026-09-23 16:14:13,871 INFO: Plan 1: ḡ=37.0, γE[v]=90.7, Q=127.7 (bayes)
2026-09-23 16:14:13,872 INFO: Plan 2: ḡ=28.5, γE[v]=94.5, Q=123.0 (bayes)
2026-09-23 16:14:15,928 INFO: Plan 0: ḡ=45, γE[v]=17.5, Q=62.5 (fn)
2026-09-23 16:14:15,929 INFO: Plan 0: ḡ=22.5, γE[v]=111.0, Q=133.5 (bayes)
2026-09-23 16:14:15,929 INFO: Plan 1: ḡ=16.5, γE[v]=113.2, Q=129.8 (bayes)
2026-09-23 16:14:15,929 INFO: Plan 2: ḡ=152.5, γE[v]=47.4, Q=199.9 (bayes)
2026-09-23 16:14:16,984 INFO: Plan 0: ḡ=31, γE[v]=0.0, Q=31.0 (fn)
2026-09-23 16:14:17,764 INFO: Plan 1: ḡ=10, γE[v]=2.0, Q=12.0 (fn)
2026-09-23 16:14:17,767 INFO: Plan 0: ḡ=65, γE[v]=0.0, Q=65.0 (fn)
2026-09-23 16:14:18,515 INFO: Plan 2: ḡ=14, γE[v]=3.5, Q=17.5 (fn)
2026-09-23 16:14:18,515 INFO: Plan 0: ḡ=9.8, γE[v]=5.2, Q=15.0 (bayes)
2026-09-23 16:14:18,515 INFO: Plan 1: ḡ=5.0, γE[v]=7.7, Q=12.7 (bayes)
2026-09-23 16:14:18,515 INFO: Plan 2: ḡ=7.0, γE[v]=6.8, Q=13.8 (bayes)
2026-09-23 16:14:19,178 INFO: Plan 0: ḡ=0, γE[v]=0.0, Q=0.0 (fn)
2026-09-23 16:14:19,362 INFO: Plan 1: ḡ=19, γE[v]=0.0, Q=19.0 (fn)
2026-09-23 16:14:19,363 INFO: Plan 1: ḡ=0, γE[v]=0.0, Q=0.0 (fn)
2026-09-23 16:14:19,363 INFO: Plan 2: ḡ=0, γE[v]=0.0, Q=0.0 (fn)
2026-09-23 16:14:19,364 INFO: Plan 0: ḡ=0.0, γE[v]=0.0, Q=0.0 (bayes)
2026-09-23 16:14:19,364 INFO: Plan 1: ḡ=0.0, γE[v]=0.0, Q=0.0 (bayes)
2026-09-23 16:14:19,364 INFO: Plan 2: ḡ=0.0, γE[v]=0.0, Q=0.0 (bayes)
  [42/93] flask.ctx seed=42: {'cov_qvalue_tgt_fnt_bayes': 74}
2026-09-23 16:14:22,083 INFO: Plan 1: ḡ=10, γE[v]=0.0, Q=10.0 (fn)
2026-09-23 16:14:22,346 INFO: Plan 2: ḡ=4, γE[v]=0.0, Q=4.0 (fn)
2026-09-23 16:14:22,612 INFO: Plan 0: ḡ=15, γE[v]=0.0, Q=15.0 (fn)
2026-09-23 16:14:22,612 INFO: Plan 0: ḡ=1.0, γE[v]=0.9, Q=1.9 (bayes)
2026-09-23 16:14:22,612 INFO: Plan 1: ḡ=1.0, γE[v]=0.9, Q=1.9 (bayes)
2026-09-23 16:14:22,612 INFO: Plan 2: ḡ=0.8, γE[v]=1.0, Q=1.8 (bayes)
2026-09-23 16:14:24,579 INFO: Plan 0: ḡ=40, γE[v]=26.5, Q=66.5 (fn)
2026-09-23 16:14:25,504 INFO: Plan 2: ḡ=42, γE[v]=17.5, Q=59.5 (fn)
2026-09-23 16:14:25,552 INFO: Plan 2: ḡ=59, γE[v]=34.5, Q=93.5 (fn)
2026-09-23 16:14:25,554 INFO: Plan 0: ḡ=32.5, γE[v]=42.0, Q=74.5 (bayes)
2026-09-23 16:14:25,554 INFO: Plan 1: ḡ=9.5, γE[v]=53.5, Q=63.0 (bayes)
2026-09-23 16:14:25,555 INFO: Plan 2: ḡ=29.5, γE[v]=45.1, Q=74.5 (bayes)
2026-09-23 16:14:26,444 INFO: Plan 0: ḡ=20, γE[v]=0.0, Q=20.0 (fn)
2026-09-23 16:14:26,674 INFO: Plan 1: ḡ=3, γE[v]=0.0, Q=3.0 (fn)
2026-09-23 16:14:26,715 INFO: Plan 2: ḡ=0, γE[v]=0.0, Q=0.0 (fn)
2026-09-23 16:14:26,716 INFO: Plan 0: ḡ=1.5, γE[v]=0.8, Q=2.3 (bayes)
2026-09-23 16:14:26,716 INFO: Plan 1: ḡ=1.5, γE[v]=0.8, Q=2.3 (bayes)
2026-09-23 16:14:26,716 INFO: Plan 2: ḡ=0.0, γE[v]=1.5, Q=1.5 (bayes)
2026-09-23 16:14:29,390 INFO: Plan 1: ḡ=39, γE[v]=8.0, Q=47.0 (fn)
2026-09-23 16:14:29,391 INFO: Plan 0: ḡ=20.0, γE[v]=83.2, Q=103.2 (bayes)
2026-09-23 16:14:29,391 INFO: Plan 1: ḡ=19.5, γE[v]=82.6, Q=102.1 (bayes)
2026-09-23 16:14:29,391 INFO: Plan 2: ḡ=21.0, γE[v]=82.3, Q=103.3 (bayes)
2026-09-23 16:14:32,093 INFO: Plan 2: ḡ=36, γE[v]=0.0, Q=36.0 (fn)
2026-09-23 16:14:32,808 INFO: Plan 1: ḡ=72, γE[v]=0.0, Q=72.0 (fn)
2026-09-23 16:14:32,809 INFO: Plan 2: ḡ=8, γE[v]=0.0, Q=8.0 (fn)
2026-09-23 16:14:33,204 INFO: Plan 0: ḡ=37, γE[v]=0.0, Q=37.0 (fn)
2026-09-23 16:14:33,205 INFO: Plan 0: ḡ=8.1, γE[v]=7.7, Q=15.8 (bayes)
2026-09-23 16:14:33,205 INFO: Plan 1: ḡ=13.9, γE[v]=4.8, Q=18.7 (bayes)
2026-09-23 16:14:33,205 INFO: Plan 2: ḡ=10.2, γE[v]=6.7, Q=16.8 (bayes)
2026-09-23 16:14:33,788 INFO: Plan 1: ḡ=40, γE[v]=0.0, Q=40.0 (fn)
2026-09-23 16:14:34,014 INFO: Plan 2: ḡ=132, γE[v]=0.0, Q=132.0 (fn)
2026-09-23 16:14:34,015 INFO: Plan 0: ḡ=0, γE[v]=0.0, Q=0.0 (fn)
2026-09-23 16:14:34,053 INFO: Plan 1: ḡ=0, γE[v]=0.0, Q=0.0 (fn)
2026-09-23 16:14:34,508 INFO: Plan 2: ḡ=0, γE[v]=0.0, Q=0.0 (fn)
2026-09-23 16:14:34,515 INFO: Plan 0: ḡ=11, γE[v]=0.0, Q=11.0 (fn)
2026-09-23 16:14:34,516 INFO: Plan 0: ḡ=0.0, γE[v]=0.0, Q=0.0 (bayes)
2026-09-23 16:14:34,519 INFO: Plan 1: ḡ=0.0, γE[v]=0.0, Q=0.0 (bayes)
2026-09-23 16:14:34,519 INFO: Plan 2: ḡ=0.0, γE[v]=0.0, Q=0.0 (bayes)
2026-09-23 16:14:34,903 INFO: Plan 1: ḡ=14, γE[v]=0.0, Q=14.0 (fn)
2026-09-23 16:14:35,103 INFO: Plan 0: ḡ=61, γE[v]=0.0, Q=61.0 (fn)
2026-09-23 16:14:35,104 INFO: Plan 0: ḡ=23.3, γE[v]=62.2, Q=85.6 (bayes)
2026-09-23 16:14:35,104 INFO: Plan 1: ḡ=20.0, γE[v]=63.9, Q=83.9 (bayes)
2026-09-23 16:14:35,104 INFO: Plan 2: ḡ=59.0, γE[v]=44.4, Q=103.4 (bayes)
  [43/93] requests.sessions seed=42: {'cov_qvalue_tgt_fnt_bayes': 76}
2026-09-23 16:14:35,603 INFO: Plan 2: ḡ=7, γE[v]=0.5, Q=7.5 (fn)
2026-09-23 16:14:35,645 INFO: Plan 2: ḡ=34, γE[v]=0.0, Q=34.0 (fn)
2026-09-23 16:14:36,367 INFO: Plan 1: ḡ=0, γE[v]=0.0, Q=0.0 (fn)
2026-09-23 16:14:36,367 INFO: Plan 0: ḡ=0, γE[v]=0.0, Q=0.0 (fn)
2026-09-23 16:14:37,027 INFO: Plan 2: ḡ=0, γE[v]=0.0, Q=0.0 (fn)
2026-09-23 16:14:37,027 INFO: Plan 0: ḡ=0.0, γE[v]=0.0, Q=0.0 (bayes)
2026-09-23 16:14:37,027 INFO: Plan 1: ḡ=0.0, γE[v]=0.0, Q=0.0 (bayes)
2026-09-23 16:14:37,027 INFO: Plan 2: ḡ=0.0, γE[v]=0.0, Q=0.0 (bayes)
2026-09-23 16:14:37,509 INFO: Plan 2: ḡ=19, γE[v]=0.0, Q=19.0 (fn)
2026-09-23 16:14:37,947 INFO: Plan 0: ḡ=30, γE[v]=6.0, Q=36.0 (fn)
2026-09-23 16:14:37,948 INFO: Plan 0: ḡ=34, γE[v]=0.0, Q=34.0 (fn)
2026-09-23 16:14:37,949 INFO: Plan 0: ḡ=10.1, γE[v]=0.0, Q=10.1 (bayes)
2026-09-23 16:14:37,949 INFO: Plan 1: ḡ=3.5, γE[v]=3.3, Q=6.8 (bayes)
2026-09-23 16:14:37,949 INFO: Plan 2: ḡ=2.0, γE[v]=4.0, Q=6.0 (bayes)
2026-09-23 16:14:38,496 INFO: Plan 0: ḡ=29, γE[v]=0.0, Q=29.0 (fn)
2026-09-23 16:14:38,986 INFO: Plan 1: ḡ=26, γE[v]=10.5, Q=36.5 (fn)
2026-09-23 16:14:38,992 INFO: Plan 0: ḡ=5.5, γE[v]=54.8, Q=60.3 (bayes)
2026-09-23 16:14:38,993 INFO: Plan 1: ḡ=8.8, γE[v]=53.8, Q=62.6 (bayes)
2026-09-23 16:14:38,993 INFO: Plan 2: ḡ=3.5, γE[v]=55.9, Q=59.4 (bayes)
2026-09-23 16:14:39,594 INFO: Plan 1: ḡ=58, γE[v]=17.0, Q=75.0 (fn)
2026-09-23 16:14:39,595 INFO: Plan 0: ḡ=5.0, γE[v]=5.6, Q=10.6 (bayes)
2026-09-23 16:14:39,595 INFO: Plan 1: ḡ=9.7, γE[v]=4.1, Q=13.8 (bayes)
2026-09-23 16:14:39,595 INFO: Plan 2: ḡ=5.7, γE[v]=4.8, Q=10.5 (bayes)
2026-09-23 16:14:40,376 INFO: Plan 1: ḡ=34, γE[v]=0.0, Q=34.0 (fn)
2026-09-23 16:14:40,530 INFO: Plan 0: ḡ=70, γE[v]=0.0, Q=70.0 (fn)
2026-09-23 16:14:40,853 INFO: Plan 1: ḡ=35, γE[v]=7.5, Q=42.5 (fn)
2026-09-23 16:14:40,853 INFO: Plan 0: ḡ=7.2, γE[v]=3.4, Q=10.7 (bayes)
2026-09-23 16:14:40,853 INFO: Plan 1: ḡ=9.3, γE[v]=2.8, Q=12.2 (bayes)
2026-09-23 16:14:40,854 INFO: Plan 2: ḡ=6.3, γE[v]=3.9, Q=10.2 (bayes)
2026-09-23 16:14:42,259 INFO: Plan 2: ḡ=117, γE[v]=0.0, Q=117.0 (fn)
2026-09-23 16:14:42,260 INFO: Plan 0: ḡ=26.6, γE[v]=88.6, Q=115.2 (bayes)
2026-09-23 16:14:42,262 INFO: Plan 1: ḡ=17.0, γE[v]=93.4, Q=110.4 (bayes)
2026-09-23 16:14:42,264 INFO: Plan 2: ḡ=45.2, γE[v]=79.3, Q=124.5 (bayes)
2026-09-23 16:14:42,716 INFO: Plan 0: ḡ=38, γE[v]=0.0, Q=38.0 (fn)
2026-09-23 16:14:43,008 INFO: Plan 1: ḡ=90, γE[v]=0.0, Q=90.0 (fn)
2026-09-23 16:14:44,656 INFO: Plan 2: ḡ=36, γE[v]=0.0, Q=36.0 (fn)
2026-09-23 16:14:44,737 INFO: Plan 1: ḡ=13, γE[v]=0.5, Q=13.5 (fn)
2026-09-23 16:14:44,738 INFO: Plan 0: ḡ=17.3, γE[v]=25.8, Q=43.1 (bayes)
2026-09-23 16:14:44,738 INFO: Plan 1: ḡ=5.2, γE[v]=31.9, Q=37.0 (bayes)
2026-09-23 16:14:44,738 INFO: Plan 2: ḡ=14.0, γE[v]=27.4, Q=41.4 (bayes)
2026-09-23 16:14:45,570 INFO: Plan 2: ḡ=11, γE[v]=0.0, Q=11.0 (fn)
2026-09-23 16:14:46,037 INFO: Plan 1: ḡ=6, γE[v]=0.0, Q=6.0 (fn)
2026-09-23 16:14:46,587 INFO: Plan 0: ḡ=5, γE[v]=0.0, Q=5.0 (fn)
2026-09-23 16:14:46,588 INFO: Plan 0: ḡ=2.0, γE[v]=3.3, Q=5.3 (bayes)
2026-09-23 16:14:46,588 INFO: Plan 1: ḡ=3.0, γE[v]=2.8, Q=5.8 (bayes)
2026-09-23 16:14:46,588 INFO: Plan 2: ḡ=3.7, γE[v]=2.5, Q=6.2 (bayes)
2026-09-23 16:14:46,912 INFO: Plan 2: ḡ=85, γE[v]=47.5, Q=132.5 (fn)
2026-09-23 16:14:50,461 INFO: Plan 2: ḡ=43, γE[v]=0.0, Q=43.0 (fn)
2026-09-23 16:14:51,101 INFO: Plan 0: ḡ=28, γE[v]=0.0, Q=28.0 (fn)
2026-09-23 16:14:51,102 INFO: Plan 0: ḡ=0, γE[v]=0.0, Q=0.0 (fn)
2026-09-23 16:14:51,564 INFO: Plan 2: ḡ=0, γE[v]=0.0, Q=0.0 (fn)
2026-09-23 16:14:51,565 INFO: Plan 1: ḡ=0, γE[v]=0.0, Q=0.0 (fn)
2026-09-23 16:14:51,565 INFO: Plan 0: ḡ=0.0, γE[v]=0.0, Q=0.0 (bayes)
2026-09-23 16:14:51,566 INFO: Plan 1: ḡ=0.0, γE[v]=0.0, Q=0.0 (bayes)
2026-09-23 16:14:51,566 INFO: Plan 2: ḡ=0.0, γE[v]=0.0, Q=0.0 (bayes)
2026-09-23 16:14:51,799 INFO: Plan 1: ḡ=199, γE[v]=0.0, Q=199.0 (fn)
2026-09-23 16:14:51,799 INFO: Plan 0: ḡ=14.0, γE[v]=41.2, Q=55.2 (bayes)
2026-09-23 16:14:51,800 INFO: Plan 1: ḡ=75.3, γE[v]=10.5, Q=85.8 (bayes)
2026-09-23 16:14:51,800 INFO: Plan 2: ḡ=21.5, γE[v]=37.4, Q=58.9 (bayes)
  [44/93] flask.testing seed=42: {'cov_qvalue_tgt_fnt_bayes': 24}
2026-09-23 16:14:53,067 INFO: Plan 0: ḡ=83, γE[v]=90.0, Q=173.0 (fn)
2026-09-23 16:14:53,068 INFO: Plan 0: ḡ=20.8, γE[v]=28.8, Q=49.6 (bayes)
2026-09-23 16:14:53,068 INFO: Plan 1: ḡ=22.5, γE[v]=21.9, Q=44.4 (bayes)
2026-09-23 16:14:53,068 INFO: Plan 2: ḡ=21.2, γE[v]=25.7, Q=47.0 (bayes)
2026-09-23 16:14:54,761 INFO: Plan 2: ḡ=0, γE[v]=0.0, Q=0.0 (fn)
2026-09-23 16:14:54,804 INFO: Plan 2: ḡ=1, γE[v]=0.0, Q=1.0 (fn)
2026-09-23 16:14:55,244 INFO: Plan 0: ḡ=2, γE[v]=0.0, Q=2.0 (fn)
2026-09-23 16:14:55,551 INFO: Plan 1: ḡ=13, γE[v]=0.0, Q=13.0 (fn)
2026-09-23 16:14:55,551 INFO: Plan 0: ḡ=0.7, γE[v]=1.6, Q=2.3 (bayes)
2026-09-23 16:14:55,552 INFO: Plan 1: ḡ=3.2, γE[v]=0.3, Q=3.6 (bayes)
2026-09-23 16:14:55,552 INFO: Plan 2: ḡ=0.0, γE[v]=2.0, Q=2.0 (bayes)
2026-09-23 16:14:55,934 INFO: Plan 0: ḡ=3, γE[v]=0.0, Q=3.0 (fn)
2026-09-23 16:14:56,229 INFO: Plan 1: ḡ=110, γE[v]=0.0, Q=110.0 (fn)
2026-09-23 16:14:56,481 INFO: Plan 0: ḡ=240, γE[v]=0.0, Q=240.0 (fn)
2026-09-23 16:14:57,124 INFO: Plan 1: ḡ=4, γE[v]=0.0, Q=4.0 (fn)
2026-09-23 16:14:57,125 INFO: Plan 0: ḡ=0.6, γE[v]=0.4, Q=1.0 (bayes)
2026-09-23 16:14:57,125 INFO: Plan 1: ḡ=0.8, γE[v]=0.3, Q=1.1 (bayes)
2026-09-23 16:14:57,125 INFO: Plan 2: ḡ=0.2, γE[v]=0.6, Q=0.8 (bayes)
2026-09-23 16:14:57,860 INFO: Plan 1: ḡ=1, γE[v]=0.0, Q=1.0 (fn)
2026-09-23 16:14:57,860 INFO: Plan 0: ḡ=1, γE[v]=0.0, Q=1.0 (fn)
2026-09-23 16:14:58,952 INFO: Plan 2: ḡ=0, γE[v]=0.0, Q=0.0 (fn)
2026-09-23 16:14:59,085 INFO: Plan 1: ḡ=0, γE[v]=0.0, Q=0.0 (fn)
2026-09-23 16:14:59,206 INFO: Plan 2: ḡ=6, γE[v]=0.0, Q=6.0 (fn)
2026-09-23 16:14:59,207 INFO: Plan 0: ḡ=0.2, γE[v]=0.4, Q=0.5 (bayes)
2026-09-23 16:14:59,207 INFO: Plan 1: ḡ=0.2, γE[v]=0.4, Q=0.5 (bayes)
2026-09-23 16:14:59,207 INFO: Plan 2: ḡ=0.9, γE[v]=0.0, Q=0.9 (bayes)
2026-09-23 16:14:59,248 INFO: Plan 2: ḡ=1, γE[v]=0.0, Q=1.0 (fn)
2026-09-23 16:14:59,648 INFO: Plan 0: ḡ=5, γE[v]=0.0, Q=5.0 (fn)
2026-09-23 16:14:59,964 INFO: Plan 0: ḡ=0, γE[v]=0.0, Q=0.0 (fn)
2026-09-23 16:14:59,965 INFO: Plan 0: ḡ=0.0, γE[v]=0.0, Q=0.0 (bayes)
2026-09-23 16:14:59,965 INFO: Plan 1: ḡ=0.0, γE[v]=0.0, Q=0.0 (bayes)
2026-09-23 16:14:59,965 INFO: Plan 2: ḡ=0.0, γE[v]=0.0, Q=0.0 (bayes)
2026-09-23 16:15:00,636 INFO: Plan 1: ḡ=5, γE[v]=0.0, Q=5.0 (fn)
2026-09-23 16:15:00,638 INFO: Plan 0: ḡ=1.1, γE[v]=0.0, Q=1.1 (bayes)
2026-09-23 16:15:00,640 INFO: Plan 1: ḡ=1.1, γE[v]=0.0, Q=1.1 (bayes)
2026-09-23 16:15:00,642 INFO: Plan 2: ḡ=0.2, γE[v]=0.4, Q=0.6 (bayes)
2026-09-23 16:15:01,471 INFO: Plan 2: ḡ=0, γE[v]=0.0, Q=0.0 (fn)
2026-09-23 16:15:01,472 INFO: Plan 1: ḡ=0, γE[v]=0.0, Q=0.0 (fn)
2026-09-23 16:15:01,847 INFO: Plan 0: ḡ=0, γE[v]=0.0, Q=0.0 (fn)
2026-09-23 16:15:02,247 INFO: Plan 1: ḡ=0, γE[v]=0.0, Q=0.0 (fn)
2026-09-23 16:15:02,287 INFO: Plan 0: ḡ=0, γE[v]=0.0, Q=0.0 (fn)
2026-09-23 16:15:02,287 INFO: Plan 0: ḡ=0.0, γE[v]=0.0, Q=0.0 (bayes)
2026-09-23 16:15:02,287 INFO: Plan 1: ḡ=0.0, γE[v]=0.0, Q=0.0 (bayes)
2026-09-23 16:15:02,288 INFO: Plan 2: ḡ=0.0, γE[v]=0.0, Q=0.0 (bayes)
2026-09-23 16:15:02,666 INFO: Plan 2: ḡ=0, γE[v]=0.0, Q=0.0 (fn)
2026-09-23 16:15:02,666 INFO: Plan 0: ḡ=0.0, γE[v]=0.0, Q=0.0 (bayes)
2026-09-23 16:15:02,666 INFO: Plan 1: ḡ=0.0, γE[v]=0.0, Q=0.0 (bayes)
2026-09-23 16:15:02,666 INFO: Plan 2: ḡ=0.0, γE[v]=0.0, Q=0.0 (bayes)
2026-09-23 16:15:05,469 INFO: Plan 2: ḡ=139, γE[v]=137.0, Q=276.0 (fn)
2026-09-23 16:15:05,470 INFO: Plan 0: ḡ=61.1, γE[v]=77.7, Q=138.8 (bayes)
2026-09-23 16:15:05,470 INFO: Plan 1: ḡ=53.6, γE[v]=81.5, Q=135.1 (bayes)
2026-09-23 16:15:05,470 INFO: Plan 2: ḡ=46.3, γE[v]=94.3, Q=140.7 (bayes)
2026-09-23 16:15:13,927 INFO: Plan 2: ḡ=8, γE[v]=0.0, Q=8.0 (fn)
2026-09-23 16:15:14,176 INFO: Plan 1: ḡ=23, γE[v]=0.0, Q=23.0 (fn)
2026-09-23 16:15:14,425 INFO: Plan 0: ḡ=25, γE[v]=0.0, Q=25.0 (fn)
2026-09-23 16:15:14,426 INFO: Plan 0: ḡ=8.7, γE[v]=4.8, Q=13.5 (bayes)
2026-09-23 16:15:14,426 INFO: Plan 1: ḡ=8.0, γE[v]=5.2, Q=13.2 (bayes)
2026-09-23 16:15:14,426 INFO: Plan 2: ḡ=2.7, γE[v]=7.8, Q=10.5 (bayes)
2026-09-23 16:15:17,624 INFO: Plan 2: ḡ=14, γE[v]=0.0, Q=14.0 (fn)
2026-09-23 16:15:18,445 INFO: Plan 0: ḡ=29, γE[v]=0.0, Q=29.0 (fn)
2026-09-23 16:15:22,182 INFO: Plan 1: ḡ=0, γE[v]=0.0, Q=0.0 (fn)
2026-09-23 16:15:22,183 INFO: Plan 2: ḡ=0, γE[v]=0.0, Q=0.0 (fn)
2026-09-23 16:15:22,223 INFO: Plan 0: ḡ=2, γE[v]=0.0, Q=2.0 (fn)
2026-09-23 16:15:22,224 INFO: Plan 0: ḡ=0.3, γE[v]=0.0, Q=0.3 (bayes)
2026-09-23 16:15:22,224 INFO: Plan 1: ḡ=0.0, γE[v]=0.2, Q=0.2 (bayes)
2026-09-23 16:15:22,224 INFO: Plan 2: ḡ=0.0, γE[v]=0.2, Q=0.2 (bayes)
2026-09-23 16:15:25,401 INFO: Plan 0: ḡ=43, γE[v]=23.5, Q=66.5 (fn)
2026-09-23 16:15:25,402 INFO: Plan 1: ḡ=51, γE[v]=18.0, Q=69.0 (fn)
2026-09-23 16:15:25,403 INFO: Plan 0: ḡ=14.5, γE[v]=9.8, Q=24.2 (bayes)
2026-09-23 16:15:25,403 INFO: Plan 1: ḡ=18.3, γE[v]=8.7, Q=27.1 (bayes)
2026-09-23 16:15:25,403 INFO: Plan 2: ḡ=4.7, γE[v]=14.7, Q=19.3 (bayes)
2026-09-23 16:15:26,331 INFO: Plan 1: ḡ=58, γE[v]=0.0, Q=58.0 (fn)
2026-09-23 16:15:26,332 INFO: Plan 0: ḡ=49, γE[v]=0.0, Q=49.0 (fn)
2026-09-23 16:15:28,722 INFO: Plan 2: ḡ=15, γE[v]=0.0, Q=15.0 (fn)
2026-09-23 16:15:28,791 INFO: Plan 0: ḡ=2, γE[v]=0.0, Q=2.0 (fn)
2026-09-23 16:15:29,374 INFO: Plan 1: ḡ=2, γE[v]=0.0, Q=2.0 (fn)
2026-09-23 16:15:29,374 INFO: Plan 0: ḡ=0.7, γE[v]=1.6, Q=2.2 (bayes)
2026-09-23 16:15:29,374 INFO: Plan 1: ḡ=0.7, γE[v]=1.6, Q=2.2 (bayes)
2026-09-23 16:15:29,374 INFO: Plan 2: ḡ=2.5, γE[v]=0.7, Q=3.2 (bayes)
2026-09-23 16:15:30,513 INFO: Plan 2: ḡ=156, γE[v]=25.5, Q=181.5 (fn)
2026-09-23 16:15:30,636 INFO: Plan 1: ḡ=73, γE[v]=67.0, Q=140.0 (fn)
2026-09-23 16:15:30,637 INFO: Plan 0: ḡ=21.5, γE[v]=42.1, Q=63.6 (bayes)
2026-09-23 16:15:30,637 INFO: Plan 1: ḡ=36.5, γE[v]=36.5, Q=73.0 (bayes)
2026-09-23 16:15:30,637 INFO: Plan 2: ḡ=78.0, γE[v]=13.9, Q=91.9 (bayes)
2026-09-23 16:15:31,352 INFO: Plan 1: ḡ=0, γE[v]=0.0, Q=0.0 (fn)
2026-09-23 16:15:31,395 INFO: Plan 2: ḡ=0, γE[v]=0.0, Q=0.0 (fn)
2026-09-23 16:15:31,395 INFO: Plan 0: ḡ=0, γE[v]=0.0, Q=0.0 (fn)
2026-09-23 16:15:31,396 INFO: Plan 0: ḡ=0.0, γE[v]=0.0, Q=0.0 (bayes)
2026-09-23 16:15:31,396 INFO: Plan 1: ḡ=0.0, γE[v]=0.0, Q=0.0 (bayes)
2026-09-23 16:15:31,396 INFO: Plan 2: ḡ=0.0, γE[v]=0.0, Q=0.0 (bayes)
2026-09-23 16:15:31,567 INFO: Plan 2: ḡ=23, γE[v]=0.0, Q=23.0 (fn)
2026-09-23 16:15:31,568 INFO: Plan 0: ḡ=19.3, γE[v]=51.4, Q=70.8 (bayes)
2026-09-23 16:15:31,568 INFO: Plan 1: ḡ=19.2, γE[v]=51.5, Q=70.7 (bayes)
2026-09-23 16:15:31,568 INFO: Plan 2: ḡ=11.5, γE[v]=55.3, Q=66.8 (bayes)
2026-09-23 16:15:32,637 INFO: Plan 2: ḡ=66, γE[v]=0.0, Q=66.0 (fn)
2026-09-23 16:15:37,701 INFO: Plan 0: ḡ=19, γE[v]=28.0, Q=47.0 (fn)
2026-09-23 16:15:37,985 INFO: Plan 1: ḡ=26, γE[v]=19.5, Q=45.5 (fn)
2026-09-23 16:15:37,986 INFO: Plan 0: ḡ=9.5, γE[v]=39.3, Q=48.8 (bayes)
2026-09-23 16:15:37,986 INFO: Plan 1: ḡ=13.0, γE[v]=37.1, Q=50.1 (bayes)
2026-09-23 16:15:37,986 INFO: Plan 2: ḡ=33.0, γE[v]=26.2, Q=59.2 (bayes)
2026-09-23 16:15:38,177 INFO: Plan 1: ḡ=22, γE[v]=0.0, Q=22.0 (fn)
2026-09-23 16:15:40,261 INFO: Plan 0: ḡ=36, γE[v]=0.0, Q=36.0 (fn)
2026-09-23 16:15:42,323 INFO: Plan 2: ḡ=41, γE[v]=1.5, Q=42.5 (fn)
2026-09-23 16:15:42,324 INFO: Plan 0: ḡ=12.8, γE[v]=19.0, Q=31.9 (bayes)
2026-09-23 16:15:42,324 INFO: Plan 1: ḡ=8.3, γE[v]=21.3, Q=29.6 (bayes)
2026-09-23 16:15:42,324 INFO: Plan 2: ḡ=11.4, γE[v]=19.8, Q=31.2 (bayes)
2026-09-23 16:15:44,686 INFO: Plan 1: ḡ=29, γE[v]=0.0, Q=29.0 (fn)
2026-09-23 16:15:46,321 INFO: Plan 0: ḡ=1, γE[v]=0.0, Q=1.0 (fn)
2026-09-23 16:15:47,128 INFO: Plan 1: ḡ=1, γE[v]=0.0, Q=1.0 (fn)
2026-09-23 16:15:47,492 INFO: Plan 2: ḡ=0, γE[v]=0.0, Q=0.0 (fn)
2026-09-23 16:15:47,493 INFO: Plan 0: ḡ=0.2, γE[v]=0.1, Q=0.2 (bayes)
2026-09-23 16:15:47,493 INFO: Plan 1: ḡ=0.2, γE[v]=0.1, Q=0.2 (bayes)
2026-09-23 16:15:47,493 INFO: Plan 2: ḡ=0.0, γE[v]=0.2, Q=0.2 (bayes)
2026-09-23 16:15:48,046 INFO: Plan 2: ḡ=0, γE[v]=0.0, Q=0.0 (fn)
2026-09-23 16:15:48,297 INFO: Plan 0: ḡ=5, γE[v]=0.0, Q=5.0 (fn)
2026-09-23 16:15:48,473 INFO: Plan 2: ḡ=4, γE[v]=0.0, Q=4.0 (fn)
2026-09-23 16:15:49,073 INFO: Plan 1: ḡ=7, γE[v]=2.5, Q=9.5 (fn)
2026-09-23 16:15:49,073 INFO: Plan 0: ḡ=1.7, γE[v]=1.2, Q=2.8 (bayes)
2026-09-23 16:15:49,074 INFO: Plan 1: ḡ=2.3, γE[v]=1.0, Q=3.3 (bayes)
2026-09-23 16:15:49,074 INFO: Plan 2: ḡ=0.0, γE[v]=2.0, Q=2.0 (bayes)
2026-09-23 16:15:49,113 INFO: Plan 0: ḡ=46, γE[v]=31.5, Q=77.5 (fn)
2026-09-23 16:15:49,200 INFO: Plan 1: ḡ=10, γE[v]=0.0, Q=10.0 (fn)
2026-09-23 16:15:49,503 INFO: Plan 0: ḡ=15, γE[v]=0.0, Q=15.0 (fn)
2026-09-23 16:15:49,505 INFO: Plan 0: ḡ=18, γE[v]=43.5, Q=61.5 (fn)
2026-09-23 16:15:49,505 INFO: Plan 0: ḡ=0.9, γE[v]=0.9, Q=1.8 (bayes)
2026-09-23 16:15:49,505 INFO: Plan 1: ḡ=1.0, γE[v]=0.9, Q=1.9 (bayes)
2026-09-23 16:15:49,505 INFO: Plan 2: ḡ=0.8, γE[v]=1.0, Q=1.8 (bayes)
2026-09-23 16:15:49,541 INFO: Plan 1: ḡ=25, γE[v]=42.5, Q=67.5 (fn)
  [45/93] rich.markdown seed=42: {'cov_qvalue_tgt_fnt_bayes': 88}
2026-09-23 16:15:50,503 INFO: Plan 0: ḡ=0, γE[v]=0.0, Q=0.0 (fn)
2026-09-23 16:15:50,543 INFO: Plan 1: ḡ=0, γE[v]=0.0, Q=0.0 (fn)
2026-09-23 16:15:51,103 INFO: Plan 2: ḡ=0, γE[v]=0.0, Q=0.0 (fn)
2026-09-23 16:15:51,104 INFO: Plan 0: ḡ=0.0, γE[v]=0.0, Q=0.0 (bayes)
2026-09-23 16:15:51,104 INFO: Plan 1: ḡ=0.0, γE[v]=0.0, Q=0.0 (bayes)
2026-09-23 16:15:51,104 INFO: Plan 2: ḡ=0.0, γE[v]=0.0, Q=0.0 (bayes)
2026-09-23 16:15:52,817 INFO: Plan 2: ḡ=71, γE[v]=20.0, Q=91.0 (fn)
2026-09-23 16:15:52,817 INFO: Plan 0: ḡ=23.0, γE[v]=17.7, Q=40.7 (bayes)
2026-09-23 16:15:52,818 INFO: Plan 1: ḡ=12.5, γE[v]=23.4, Q=35.9 (bayes)
2026-09-23 16:15:52,818 INFO: Plan 2: ḡ=35.5, γE[v]=10.9, Q=46.4 (bayes)
2026-09-23 16:15:54,528 INFO: Plan 2: ḡ=106, γE[v]=19.5, Q=125.5 (fn)
2026-09-23 16:15:54,529 INFO: Plan 0: ḡ=9.0, γE[v]=29.0, Q=38.0 (bayes)
2026-09-23 16:15:54,529 INFO: Plan 1: ḡ=14.5, γE[v]=23.8, Q=38.2 (bayes)
2026-09-23 16:15:54,529 INFO: Plan 2: ḡ=40.5, γE[v]=11.6, Q=52.1 (bayes)
2026-09-23 16:15:55,800 INFO: Plan 2: ḡ=4, γE[v]=0.0, Q=4.0 (fn)
2026-09-23 16:15:55,802 INFO: Plan 1: ḡ=34, γE[v]=0.0, Q=34.0 (fn)
2026-09-23 16:15:56,761 INFO: Plan 0: ḡ=35, γE[v]=0.0, Q=35.0 (fn)
2026-09-23 16:15:57,084 INFO: Plan 1: ḡ=8, γE[v]=0.0, Q=8.0 (fn)
2026-09-23 16:15:57,085 INFO: Plan 2: ḡ=13, γE[v]=0.0, Q=13.0 (fn)
2026-09-23 16:15:57,086 INFO: Plan 0: ḡ=13.2, γE[v]=14.5, Q=27.7 (bayes)
2026-09-23 16:15:57,086 INFO: Plan 1: ḡ=12.5, γE[v]=14.9, Q=27.4 (bayes)
2026-09-23 16:15:57,087 INFO: Plan 2: ḡ=4.6, γE[v]=18.8, Q=23.4 (bayes)
2026-09-23 16:15:58,844 INFO: Plan 2: ḡ=18, γE[v]=0.0, Q=18.0 (fn)
2026-09-23 16:15:58,966 INFO: Plan 1: ḡ=40, γE[v]=0.0, Q=40.0 (fn)
2026-09-23 16:15:59,689 INFO: Plan 0: ḡ=27, γE[v]=4.0, Q=31.0 (fn)
2026-09-23 16:15:59,690 INFO: Plan 0: ḡ=13.5, γE[v]=1.7, Q=15.2 (bayes)
2026-09-23 16:15:59,690 INFO: Plan 1: ḡ=3.0, γE[v]=6.8, Q=9.8 (bayes)
2026-09-23 16:15:59,690 INFO: Plan 2: ḡ=2.0, γE[v]=7.2, Q=9.2 (bayes)
2026-09-23 16:16:00,060 INFO: Plan 0: ḡ=14, γE[v]=0.0, Q=14.0 (fn)
2026-09-23 16:16:00,061 INFO: Plan 0: ḡ=3.0, γE[v]=5.9, Q=8.9 (bayes)
2026-09-23 16:16:00,061 INFO: Plan 1: ḡ=7.1, γE[v]=3.9, Q=11.0 (bayes)
2026-09-23 16:16:00,061 INFO: Plan 2: ḡ=6.0, γE[v]=4.4, Q=10.4 (bayes)
2026-09-23 16:16:00,455 INFO: Plan 1: ḡ=21, γE[v]=0.0, Q=21.0 (fn)
2026-09-23 16:16:00,753 INFO: Plan 2: ḡ=14, γE[v]=3.5, Q=17.5 (fn)
2026-09-23 16:16:02,236 INFO: Plan 1: ḡ=53, γE[v]=0.0, Q=53.0 (fn)
2026-09-23 16:16:02,496 INFO: Plan 0: ḡ=29, γE[v]=9.0, Q=38.0 (fn)
2026-09-23 16:16:02,497 INFO: Plan 0: ḡ=7.9, γE[v]=4.9, Q=12.8 (bayes)
2026-09-23 16:16:02,497 INFO: Plan 1: ḡ=10.5, γE[v]=3.2, Q=13.7 (bayes)
2026-09-23 16:16:02,497 INFO: Plan 2: ḡ=7.0, γE[v]=5.1, Q=12.1 (bayes)
2026-09-23 16:16:03,394 INFO: Plan 2: ḡ=0, γE[v]=0.0, Q=0.0 (fn)
2026-09-23 16:16:03,765 INFO: Plan 0: ḡ=0, γE[v]=0.0, Q=0.0 (fn)
2026-09-23 16:16:03,765 INFO: Plan 1: ḡ=0, γE[v]=0.0, Q=0.0 (fn)
2026-09-23 16:16:03,766 INFO: Plan 0: ḡ=0.0, γE[v]=0.0, Q=0.0 (bayes)
2026-09-23 16:16:03,766 INFO: Plan 1: ḡ=0.0, γE[v]=0.0, Q=0.0 (bayes)
2026-09-23 16:16:03,766 INFO: Plan 2: ḡ=0.0, γE[v]=0.0, Q=0.0 (bayes)
2026-09-23 16:16:03,933 INFO: Plan 0: ḡ=17, γE[v]=20.5, Q=37.5 (fn)
2026-09-23 16:16:05,433 INFO: Plan 0: ḡ=20, γE[v]=0.0, Q=20.0 (fn)
2026-09-23 16:16:05,476 INFO: Plan 1: ḡ=3, γE[v]=0.0, Q=3.0 (fn)
2026-09-23 16:16:06,140 INFO: Plan 2: ḡ=0, γE[v]=0.0, Q=0.0 (fn)
2026-09-23 16:16:06,141 INFO: Plan 0: ḡ=1.4, γE[v]=0.8, Q=2.2 (bayes)
2026-09-23 16:16:06,141 INFO: Plan 1: ḡ=1.5, γE[v]=0.7, Q=2.2 (bayes)
2026-09-23 16:16:06,141 INFO: Plan 2: ḡ=0.0, γE[v]=1.5, Q=1.5 (bayes)
  [46/93] click.termui seed=42: {'cov_qvalue_tgt_fnt_bayes': 50}
2026-09-23 16:16:07,039 INFO: Plan 2: ḡ=177, γE[v]=0.0, Q=177.0 (fn)
2026-09-23 16:16:07,039 INFO: Plan 0: ḡ=8.5, γE[v]=43.4, Q=51.9 (bayes)
2026-09-23 16:16:07,039 INFO: Plan 1: ḡ=26.5, γE[v]=33.5, Q=60.0 (bayes)
2026-09-23 16:16:07,039 INFO: Plan 2: ḡ=88.5, γE[v]=2.5, Q=91.0 (bayes)
2026-09-23 16:16:09,930 INFO: Plan 1: ḡ=74, γE[v]=0.0, Q=74.0 (fn)
2026-09-23 16:16:10,573 INFO: Plan 0: ḡ=132, γE[v]=0.0, Q=132.0 (fn)
2026-09-23 16:16:13,493 INFO: Plan 0: ḡ=101, γE[v]=0.0, Q=101.0 (fn)
2026-09-23 16:16:13,660 INFO: Plan 0: ḡ=1, γE[v]=0.0, Q=1.0 (fn)
2026-09-23 16:16:14,165 INFO: Plan 2: ḡ=64, γE[v]=18.5, Q=82.5 (fn)
2026-09-23 16:16:14,167 INFO: Plan 1: ḡ=53, γE[v]=0.0, Q=53.0 (fn)
2026-09-23 16:16:14,200 INFO: Plan 1: ḡ=12, γE[v]=0.0, Q=12.0 (fn)
2026-09-23 16:16:14,201 INFO: Plan 0: ḡ=23, γE[v]=0.0, Q=23.0 (fn)
2026-09-23 16:16:14,624 INFO: Plan 2: ḡ=57, γE[v]=7.0, Q=64.0 (fn)
2026-09-23 16:16:14,624 INFO: Plan 0: ḡ=31.5, γE[v]=88.0, Q=119.5 (bayes)
2026-09-23 16:16:14,624 INFO: Plan 1: ḡ=37.0, γE[v]=85.2, Q=122.2 (bayes)
2026-09-23 16:16:14,624 INFO: Plan 2: ḡ=28.5, γE[v]=89.8, Q=118.3 (bayes)
2026-09-23 16:16:14,664 INFO: Plan 2: ḡ=13, γE[v]=0.0, Q=13.0 (fn)
2026-09-23 16:16:14,664 INFO: Plan 0: ḡ=0.2, γE[v]=1.5, Q=1.8 (bayes)
2026-09-23 16:16:14,664 INFO: Plan 1: ḡ=3.0, γE[v]=0.1, Q=3.1 (bayes)
2026-09-23 16:16:14,664 INFO: Plan 2: ḡ=3.2, γE[v]=0.0, Q=3.2 (bayes)
2026-09-23 16:16:14,845 INFO: Plan 1: ḡ=56, γE[v]=22.5, Q=78.5 (fn)
2026-09-23 16:16:14,846 INFO: Plan 0: ḡ=50.5, γE[v]=0.0, Q=50.5 (bayes)
2026-09-23 16:16:14,846 INFO: Plan 1: ḡ=28.0, γE[v]=12.3, Q=40.3 (bayes)
2026-09-23 16:16:14,846 INFO: Plan 2: ḡ=32.0, γE[v]=10.1, Q=42.1 (bayes)
2026-09-23 16:16:15,971 INFO: Plan 2: ḡ=8, γE[v]=0.0, Q=8.0 (fn)
2026-09-23 16:16:16,699 INFO: Plan 2: ḡ=83, γE[v]=0.0, Q=83.0 (fn)
2026-09-23 16:16:16,736 INFO: Plan 0: ḡ=15, γE[v]=0.0, Q=15.0 (fn)
2026-09-23 16:16:16,911 INFO: Plan 1: ḡ=76, γE[v]=0.0, Q=76.0 (fn)
2026-09-23 16:16:17,664 INFO: Plan 0: ḡ=19, γE[v]=0.0, Q=19.0 (fn)
2026-09-23 16:16:17,665 INFO: Plan 0: ḡ=9.3, γE[v]=39.8, Q=49.1 (bayes)
2026-09-23 16:16:17,665 INFO: Plan 1: ḡ=38.0, γE[v]=25.4, Q=63.4 (bayes)
2026-09-23 16:16:17,665 INFO: Plan 2: ḡ=41.5, γE[v]=23.7, Q=65.2 (bayes)
2026-09-23 16:16:18,021 INFO: Plan 1: ḡ=14, γE[v]=0.0, Q=14.0 (fn)
2026-09-23 16:16:18,022 INFO: Plan 0: ḡ=3.5, γE[v]=0.9, Q=4.3 (bayes)
2026-09-23 16:16:18,022 INFO: Plan 1: ḡ=2.8, γE[v]=1.2, Q=4.0 (bayes)
2026-09-23 16:16:18,022 INFO: Plan 2: ḡ=1.6, γE[v]=1.8, Q=3.4 (bayes)
2026-09-23 16:16:18,798 INFO: Plan 2: ḡ=25, γE[v]=5.0, Q=30.0 (fn)
2026-09-23 16:16:21,039 INFO: Plan 2: ḡ=118, γE[v]=0.0, Q=118.0 (fn)
2026-09-23 16:16:21,039 INFO: Plan 0: ḡ=11.5, γE[v]=66.9, Q=78.4 (bayes)
2026-09-23 16:16:21,039 INFO: Plan 1: ḡ=26.5, γE[v]=59.4, Q=85.9 (bayes)
2026-09-23 16:16:21,039 INFO: Plan 2: ḡ=51.2, γE[v]=47.1, Q=98.2 (bayes)
2026-09-23 16:16:22,761 INFO: Plan 0: ḡ=72, γE[v]=10.0, Q=82.0 (fn)
2026-09-23 16:16:23,800 INFO: Plan 0: ḡ=33, γE[v]=18.0, Q=51.0 (fn)
2026-09-23 16:16:24,612 INFO: Plan 1: ḡ=93, γE[v]=39.0, Q=132.0 (fn)
2026-09-23 16:16:24,889 INFO: Plan 2: ḡ=167, γE[v]=2.0, Q=169.0 (fn)
2026-09-23 16:16:24,890 INFO: Plan 0: ḡ=16.5, γE[v]=27.5, Q=44.0 (bayes)
2026-09-23 16:16:24,890 INFO: Plan 1: ḡ=43.8, γE[v]=15.3, Q=59.2 (bayes)
2026-09-23 16:16:24,890 INFO: Plan 2: ḡ=67.8, γE[v]=1.1, Q=68.9 (bayes)
2026-09-23 16:16:25,454 INFO: Plan 2: ḡ=6, γE[v]=0.0, Q=6.0 (fn)
2026-09-23 16:16:25,461 INFO: Plan 0: ḡ=11, γE[v]=0.0, Q=11.0 (fn)
2026-09-23 16:16:25,722 INFO: Plan 0: ḡ=4, γE[v]=0.0, Q=4.0 (fn)
2026-09-23 16:16:26,156 INFO: Plan 1: ḡ=6, γE[v]=0.0, Q=6.0 (fn)
2026-09-23 16:16:26,157 INFO: Plan 0: ḡ=1.7, γE[v]=2.2, Q=3.8 (bayes)
2026-09-23 16:16:26,157 INFO: Plan 1: ḡ=2.8, γE[v]=1.6, Q=4.4 (bayes)
2026-09-23 16:16:26,157 INFO: Plan 2: ḡ=2.0, γE[v]=2.0, Q=4.0 (bayes)
2026-09-23 16:16:26,704 INFO: Plan 1: ḡ=39, γE[v]=8.0, Q=47.0 (fn)
2026-09-23 16:16:26,705 INFO: Plan 0: ḡ=36.0, γE[v]=65.5, Q=101.5 (bayes)
2026-09-23 16:16:26,705 INFO: Plan 1: ḡ=19.5, γE[v]=73.7, Q=93.2 (bayes)
2026-09-23 16:16:26,705 INFO: Plan 2: ḡ=8.5, γE[v]=79.1, Q=87.6 (bayes)
2026-09-23 16:16:30,213 INFO: Plan 1: ḡ=1, γE[v]=0.0, Q=1.0 (fn)
2026-09-23 16:16:30,804 INFO: Plan 0: ḡ=1, γE[v]=0.0, Q=1.0 (fn)
2026-09-23 16:16:31,110 INFO: Plan 2: ḡ=4, γE[v]=0.0, Q=4.0 (fn)
2026-09-23 16:16:31,111 INFO: Plan 0: ḡ=0.1, γE[v]=0.3, Q=0.5 (bayes)
2026-09-23 16:16:31,111 INFO: Plan 1: ḡ=0.1, γE[v]=0.3, Q=0.5 (bayes)
2026-09-23 16:16:31,111 INFO: Plan 2: ḡ=0.5, γE[v]=0.1, Q=0.6 (bayes)
2026-09-23 16:16:32,624 INFO: Plan 1: ḡ=22, γE[v]=22.0, Q=44.0 (fn)
2026-09-23 16:16:32,852 INFO: Plan 2: ḡ=9, γE[v]=24.0, Q=33.0 (fn)
2026-09-23 16:16:32,853 INFO: Plan 0: ḡ=5.5, γE[v]=49.5, Q=55.0 (bayes)
2026-09-23 16:16:32,853 INFO: Plan 1: ḡ=6.2, γE[v]=50.1, Q=56.3 (bayes)
2026-09-23 16:16:32,853 INFO: Plan 2: ḡ=4.5, γE[v]=51.0, Q=55.5 (bayes)
2026-09-23 16:16:37,998 INFO: Plan 1: ḡ=28, γE[v]=5.0, Q=33.0 (fn)
2026-09-23 16:16:38,173 INFO: Plan 0: ḡ=84, γE[v]=27.0, Q=111.0 (fn)
2026-09-23 16:16:38,278 INFO: Plan 0: ḡ=0, γE[v]=0.0, Q=0.0 (fn)
2026-09-23 16:16:38,465 INFO: Plan 2: ḡ=0, γE[v]=0.0, Q=0.0 (fn)
2026-09-23 16:16:38,758 INFO: Plan 1: ḡ=0, γE[v]=0.0, Q=0.0 (fn)
2026-09-23 16:16:38,923 INFO: Plan 0: ḡ=0, γE[v]=0.0, Q=0.0 (fn)
2026-09-23 16:16:38,963 INFO: Plan 2: ḡ=0, γE[v]=0.0, Q=0.0 (fn)
2026-09-23 16:16:39,219 INFO: Plan 1: ḡ=0, γE[v]=0.0, Q=0.0 (fn)
2026-09-23 16:16:39,219 INFO: Plan 2: ḡ=0, γE[v]=0.0, Q=0.0 (fn)
2026-09-23 16:16:39,220 INFO: Plan 0: ḡ=0.0, γE[v]=0.0, Q=0.0 (bayes)
2026-09-23 16:16:39,220 INFO: Plan 0: ḡ=0.0, γE[v]=0.0, Q=0.0 (bayes)
2026-09-23 16:16:39,220 INFO: Plan 1: ḡ=0.0, γE[v]=0.0, Q=0.0 (bayes)
2026-09-23 16:16:39,220 INFO: Plan 1: ḡ=0.0, γE[v]=0.0, Q=0.0 (bayes)
2026-09-23 16:16:39,220 INFO: Plan 2: ḡ=0.0, γE[v]=0.0, Q=0.0 (bayes)
2026-09-23 16:16:39,220 INFO: Plan 2: ḡ=0.0, γE[v]=0.0, Q=0.0 (bayes)
2026-09-23 16:16:39,259 INFO: Plan 2: ḡ=1, γE[v]=0.0, Q=1.0 (fn)
2026-09-23 16:16:39,905 INFO: Plan 0: ḡ=2, γE[v]=0.0, Q=2.0 (fn)
2026-09-23 16:16:40,017 INFO: Plan 0: ḡ=2, γE[v]=0.0, Q=2.0 (fn)
2026-09-23 16:16:40,307 INFO: Plan 1: ḡ=13, γE[v]=0.0, Q=13.0 (fn)
2026-09-23 16:16:40,308 INFO: Plan 0: ḡ=0.7, γE[v]=1.3, Q=2.0 (bayes)
2026-09-23 16:16:40,308 INFO: Plan 1: ḡ=2.6, γE[v]=0.3, Q=2.9 (bayes)
2026-09-23 16:16:40,308 INFO: Plan 2: ḡ=0.0, γE[v]=1.6, Q=1.6 (bayes)
2026-09-23 16:16:40,745 INFO: Plan 1: ḡ=3, γE[v]=0.0, Q=3.0 (fn)
2026-09-23 16:16:40,745 INFO: Plan 0: ḡ=0.4, γE[v]=0.4, Q=0.8 (bayes)
2026-09-23 16:16:40,745 INFO: Plan 1: ḡ=0.5, γE[v]=0.4, Q=0.9 (bayes)
2026-09-23 16:16:40,746 INFO: Plan 2: ḡ=0.2, γE[v]=0.6, Q=0.7 (bayes)
2026-09-23 16:16:41,905 INFO: Plan 2: ḡ=81, γE[v]=11.0, Q=92.0 (fn)
2026-09-23 16:16:41,905 INFO: Plan 0: ḡ=38.8, γE[v]=20.4, Q=59.3 (bayes)
2026-09-23 16:16:41,906 INFO: Plan 1: ḡ=14.0, γE[v]=31.5, Q=45.5 (bayes)
2026-09-23 16:16:41,906 INFO: Plan 2: ḡ=28.5, γE[v]=24.5, Q=53.0 (bayes)
2026-09-23 16:16:45,024 INFO: Plan 2: ḡ=67, γE[v]=0.0, Q=67.0 (fn)
2026-09-23 16:16:45,347 INFO: Plan 0: ḡ=28, γE[v]=0.0, Q=28.0 (fn)
2026-09-23 16:16:46,063 INFO: Plan 2: ḡ=34, γE[v]=0.0, Q=34.0 (fn)
2026-09-23 16:16:46,503 INFO: Plan 0: ḡ=17, γE[v]=0.0, Q=17.0 (fn)
2026-09-23 16:16:47,693 INFO: Plan 1: ḡ=21, γE[v]=0.0, Q=21.0 (fn)
2026-09-23 16:16:47,999 INFO: Plan 0: ḡ=70, γE[v]=0.0, Q=70.0 (fn)
2026-09-23 16:16:48,036 INFO: Plan 1: ḡ=34, γE[v]=0.0, Q=34.0 (fn)
2026-09-23 16:16:48,672 INFO: Plan 0: ḡ=77, γE[v]=7.5, Q=84.5 (fn)
2026-09-23 16:16:49,213 INFO: Plan 1: ḡ=58, γE[v]=17.0, Q=75.0 (fn)
2026-09-23 16:16:49,214 INFO: Plan 0: ḡ=11.0, γE[v]=1.6, Q=12.7 (bayes)
2026-09-23 16:16:49,214 INFO: Plan 1: ḡ=8.3, γE[v]=3.7, Q=12.0 (bayes)
2026-09-23 16:16:49,214 INFO: Plan 2: ḡ=4.9, γE[v]=4.1, Q=9.0 (bayes)
2026-09-23 16:16:49,497 INFO: Plan 2: ḡ=18, γE[v]=2.5, Q=20.5 (fn)
2026-09-23 16:16:49,498 INFO: Plan 0: ḡ=5.8, γE[v]=25.4, Q=31.2 (bayes)
2026-09-23 16:16:49,498 INFO: Plan 1: ḡ=10.5, γE[v]=23.0, Q=33.5 (bayes)
2026-09-23 16:16:49,498 INFO: Plan 2: ḡ=5.5, γE[v]=25.7, Q=31.2 (bayes)
2026-09-23 16:16:51,330 INFO: Plan 2: ḡ=129, γE[v]=0.0, Q=129.0 (fn)
2026-09-23 16:16:51,330 INFO: Plan 0: ḡ=26.6, γE[v]=77.3, Q=103.9 (bayes)
2026-09-23 16:16:51,330 INFO: Plan 1: ḡ=17.0, γE[v]=82.1, Q=99.1 (bayes)
2026-09-23 16:16:51,331 INFO: Plan 2: ḡ=42.4, γE[v]=69.4, Q=111.8 (bayes)
2026-09-23 16:16:51,931 INFO: Plan 1: ḡ=171, γE[v]=35.0, Q=206.0 (fn)
2026-09-23 16:16:51,931 INFO: Plan 0: ḡ=13.8, γE[v]=30.7, Q=44.5 (bayes)
2026-09-23 16:16:51,931 INFO: Plan 1: ḡ=44.9, γE[v]=17.0, Q=61.9 (bayes)
2026-09-23 16:16:51,932 INFO: Plan 2: ḡ=24.8, γE[v]=25.2, Q=50.0 (bayes)
2026-09-23 16:16:53,331 INFO: Plan 0: ḡ=0, γE[v]=0.0, Q=0.0 (fn)
2026-09-23 16:16:53,371 INFO: Plan 1: ḡ=0, γE[v]=0.0, Q=0.0 (fn)
2026-09-23 16:16:53,608 INFO: Plan 2: ḡ=0, γE[v]=0.0, Q=0.0 (fn)
2026-09-23 16:16:53,608 INFO: Plan 0: ḡ=0.0, γE[v]=0.0, Q=0.0 (bayes)
2026-09-23 16:16:53,609 INFO: Plan 1: ḡ=0.0, γE[v]=0.0, Q=0.0 (bayes)
2026-09-23 16:16:53,609 INFO: Plan 2: ḡ=0.0, γE[v]=0.0, Q=0.0 (bayes)
2026-09-23 16:16:55,179 INFO: Plan 0: ḡ=24, γE[v]=0.0, Q=24.0 (fn)
2026-09-23 16:16:55,394 INFO: Plan 2: ḡ=15, γE[v]=0.0, Q=15.0 (fn)
2026-09-23 16:16:55,658 INFO: Plan 0: ḡ=2, γE[v]=0.0, Q=2.0 (fn)
2026-09-23 16:16:55,861 INFO: Plan 1: ḡ=2, γE[v]=0.0, Q=2.0 (fn)
2026-09-23 16:16:55,862 INFO: Plan 0: ḡ=0.7, γE[v]=1.4, Q=2.1 (bayes)
2026-09-23 16:16:55,862 INFO: Plan 1: ḡ=0.7, γE[v]=1.4, Q=2.1 (bayes)
2026-09-23 16:16:55,862 INFO: Plan 2: ḡ=2.1, γE[v]=0.7, Q=2.8 (bayes)
2026-09-23 16:16:58,448 INFO: Plan 2: ḡ=42, γE[v]=0.0, Q=42.0 (fn)
2026-09-23 16:16:59,658 INFO: Plan 1: ḡ=99, γE[v]=51.0, Q=150.0 (fn)
2026-09-23 16:16:59,696 INFO: Plan 2: ḡ=85, γE[v]=58.0, Q=143.0 (fn)
2026-09-23 16:16:59,697 INFO: Plan 0: ḡ=4.9, γE[v]=18.0, Q=22.9 (bayes)
2026-09-23 16:16:59,697 INFO: Plan 1: ḡ=19.8, γE[v]=14.2, Q=34.0 (bayes)
2026-09-23 16:16:59,697 INFO: Plan 2: ḡ=17.0, γE[v]=16.1, Q=33.1 (bayes)
2026-09-23 16:17:01,425 INFO: Plan 2: ḡ=111, γE[v]=0.0, Q=111.0 (fn)
2026-09-23 16:17:01,628 INFO: Plan 0: ḡ=46, γE[v]=32.5, Q=78.5 (fn)
2026-09-23 16:17:02,355 INFO: Plan 1: ḡ=102, γE[v]=21.5, Q=123.5 (fn)
2026-09-23 16:17:02,926 INFO: Plan 1: ḡ=30, γE[v]=40.5, Q=70.5 (fn)
2026-09-23 16:17:02,926 INFO: Plan 0: ḡ=23.0, γE[v]=17.7, Q=40.7 (bayes)
2026-09-23 16:17:02,926 INFO: Plan 1: ḡ=15.0, γE[v]=22.1, Q=37.1 (bayes)
2026-09-23 16:17:02,926 INFO: Plan 2: ḡ=55.5, γE[v]=0.0, Q=55.5 (bayes)
2026-09-23 16:17:03,405 INFO: Plan 1: ḡ=20, γE[v]=0.0, Q=20.0 (fn)
2026-09-23 16:17:03,405 INFO: Plan 0: ḡ=14, γE[v]=0.0, Q=14.0 (fn)
2026-09-23 16:17:03,443 INFO: Plan 2: ḡ=0, γE[v]=0.0, Q=0.0 (fn)
2026-09-23 16:17:03,793 INFO: Plan 0: ḡ=2, γE[v]=0.0, Q=2.0 (fn)
2026-09-23 16:17:04,122 INFO: Plan 1: ḡ=0, γE[v]=0.0, Q=0.0 (fn)
2026-09-23 16:17:04,122 INFO: Plan 0: ḡ=50, γE[v]=47.5, Q=97.5 (fn)
2026-09-23 16:17:04,123 INFO: Plan 0: ḡ=0.3, γE[v]=0.0, Q=0.3 (bayes)
2026-09-23 16:17:04,123 INFO: Plan 1: ḡ=0.0, γE[v]=0.1, Q=0.1 (bayes)
2026-09-23 16:17:04,123 INFO: Plan 2: ḡ=0.0, γE[v]=0.1, Q=0.1 (bayes)
2026-09-23 16:17:04,124 INFO: Plan 0: ḡ=25.0, γE[v]=25.9, Q=50.9 (bayes)
2026-09-23 16:17:04,124 INFO: Plan 1: ḡ=51.0, γE[v]=11.7, Q=62.7 (bayes)
2026-09-23 16:17:04,124 INFO: Plan 2: ḡ=21.0, γE[v]=25.8, Q=46.8 (bayes)
2026-09-23 16:17:04,704 INFO: Plan 2: ḡ=8, γE[v]=0.0, Q=8.0 (fn)
2026-09-23 16:17:04,704 INFO: Plan 0: ḡ=3.6, γE[v]=4.7, Q=8.2 (bayes)
2026-09-23 16:17:04,704 INFO: Plan 1: ḡ=6.7, γE[v]=3.1, Q=9.8 (bayes)
2026-09-23 16:17:04,704 INFO: Plan 2: ḡ=2.7, γE[v]=5.1, Q=7.8 (bayes)
2026-09-23 16:17:04,882 INFO: Plan 0: ḡ=0, γE[v]=0.0, Q=0.0 (fn)
2026-09-23 16:17:04,920 INFO: Plan 1: ḡ=0, γE[v]=0.0, Q=0.0 (fn)
2026-09-23 16:17:05,072 INFO: Plan 2: ḡ=0, γE[v]=0.0, Q=0.0 (fn)
2026-09-23 16:17:05,073 INFO: Plan 0: ḡ=0.0, γE[v]=0.0, Q=0.0 (bayes)
2026-09-23 16:17:05,073 INFO: Plan 1: ḡ=0.0, γE[v]=0.0, Q=0.0 (bayes)
2026-09-23 16:17:05,073 INFO: Plan 2: ḡ=0.0, γE[v]=0.0, Q=0.0 (bayes)
2026-09-23 16:17:05,606 INFO: Plan 0: ḡ=1, γE[v]=0.0, Q=1.0 (fn)
2026-09-23 16:17:05,739 INFO: Plan 1: ḡ=1, γE[v]=0.0, Q=1.0 (fn)
2026-09-23 16:17:05,991 INFO: Plan 2: ḡ=1, γE[v]=0.0, Q=1.0 (fn)
2026-09-23 16:17:05,992 INFO: Plan 0: ḡ=0.2, γE[v]=0.0, Q=0.2 (bayes)
2026-09-23 16:17:05,992 INFO: Plan 1: ḡ=0.2, γE[v]=0.0, Q=0.2 (bayes)
2026-09-23 16:17:05,992 INFO: Plan 2: ḡ=0.2, γE[v]=0.0, Q=0.2 (bayes)
2026-09-23 16:17:09,082 INFO: Plan 1: ḡ=91, γE[v]=0.0, Q=91.0 (fn)
2026-09-23 16:17:09,325 INFO: Plan 0: ḡ=240, γE[v]=0.0, Q=240.0 (fn)
2026-09-23 16:17:10,007 INFO: Plan 2: ḡ=12, γE[v]=0.0, Q=12.0 (fn)
2026-09-23 16:17:10,383 INFO: Plan 0: ḡ=21, γE[v]=0.0, Q=21.0 (fn)
2026-09-23 16:17:10,604 INFO: Plan 1: ḡ=37, γE[v]=0.0, Q=37.0 (fn)
2026-09-23 16:17:10,604 INFO: Plan 0: ḡ=10.3, γE[v]=21.4, Q=31.8 (bayes)
2026-09-23 16:17:10,604 INFO: Plan 1: ḡ=18.5, γE[v]=17.3, Q=35.8 (bayes)
2026-09-23 16:17:10,605 INFO: Plan 2: ḡ=5.2, γE[v]=24.0, Q=29.2 (bayes)
2026-09-23 16:17:12,778 INFO: Plan 2: ḡ=23, γE[v]=0.0, Q=23.0 (fn)
2026-09-23 16:17:14,248 INFO: Plan 1: ḡ=66, γE[v]=2.0, Q=68.0 (fn)
2026-09-23 16:17:14,951 INFO: Plan 0: ḡ=29, γE[v]=7.0, Q=36.0 (fn)
2026-09-23 16:17:15,229 INFO: Plan 2: ḡ=18, γE[v]=0.0, Q=18.0 (fn)
2026-09-23 16:17:15,230 INFO: Plan 0: ḡ=5, γE[v]=0.0, Q=5.0 (fn)
2026-09-23 16:17:15,583 INFO: Plan 1: ḡ=2, γE[v]=0.0, Q=2.0 (fn)
2026-09-23 16:17:15,588 INFO: Plan 0: ḡ=1.0, γE[v]=3.4, Q=4.4 (bayes)
2026-09-23 16:17:15,590 INFO: Plan 1: ḡ=0.8, γE[v]=3.5, Q=4.3 (bayes)
2026-09-23 16:17:15,590 INFO: Plan 2: ḡ=6.0, γE[v]=0.9, Q=6.9 (bayes)
2026-09-23 16:17:15,620 INFO: Plan 0: ḡ=37, γE[v]=16.5, Q=53.5 (fn)
2026-09-23 16:17:15,621 INFO: Plan 0: ḡ=12.3, γE[v]=6.5, Q=18.8 (bayes)
2026-09-23 16:17:15,621 INFO: Plan 1: ḡ=22.0, γE[v]=0.8, Q=22.8 (bayes)
2026-09-23 16:17:15,621 INFO: Plan 2: ḡ=7.7, γE[v]=7.8, Q=15.5 (bayes)
2026-09-23 16:17:17,109 INFO: Plan 2: ḡ=7, γE[v]=0.0, Q=7.0 (fn)
2026-09-23 16:17:17,421 INFO: Plan 1: ḡ=24, γE[v]=0.0, Q=24.0 (fn)
2026-09-23 16:17:17,613 INFO: Plan 0: ḡ=2, γE[v]=0.0, Q=2.0 (fn)
2026-09-23 16:17:17,613 INFO: Plan 0: ḡ=0.4, γE[v]=4.2, Q=4.6 (bayes)
2026-09-23 16:17:17,614 INFO: Plan 1: ḡ=6.0, γE[v]=1.4, Q=7.4 (bayes)
2026-09-23 16:17:17,614 INFO: Plan 2: ḡ=2.3, γE[v]=3.2, Q=5.5 (bayes)
2026-09-23 16:17:18,467 INFO: Plan 2: ḡ=404, γE[v]=43.5, Q=447.5 (fn)
2026-09-23 16:17:18,468 INFO: Plan 0: ḡ=48.6, γE[v]=53.8, Q=102.5 (bayes)
2026-09-23 16:17:18,468 INFO: Plan 1: ḡ=35.4, γE[v]=60.5, Q=95.8 (bayes)
2026-09-23 16:17:18,468 INFO: Plan 2: ḡ=115.2, γE[v]=22.6, Q=137.8 (bayes)
2026-09-23 16:17:19,706 INFO: Plan 2: ḡ=23, γE[v]=4.5, Q=27.5 (fn)
2026-09-23 16:17:20,113 INFO: Plan 1: ḡ=59, γE[v]=11.5, Q=70.5 (fn)
2026-09-23 16:17:20,114 INFO: Plan 0: ḡ=14.1, γE[v]=45.0, Q=59.1 (bayes)
2026-09-23 16:17:20,114 INFO: Plan 1: ḡ=23.3, γE[v]=40.7, Q=64.0 (bayes)
2026-09-23 16:17:20,114 INFO: Plan 2: ḡ=11.5, γE[v]=46.2, Q=57.7 (bayes)
2026-09-23 16:17:21,806 INFO: Plan 0: ḡ=28, γE[v]=0.0, Q=28.0 (fn)
2026-09-23 16:17:21,970 INFO: Plan 0: ḡ=0, γE[v]=0.0, Q=0.0 (fn)
2026-09-23 16:17:22,055 INFO: Plan 2: ḡ=5, γE[v]=0.0, Q=5.0 (fn)
2026-09-23 16:17:22,288 INFO: Plan 1: ḡ=0, γE[v]=0.0, Q=0.0 (fn)
2026-09-23 16:17:23,099 INFO: Plan 2: ḡ=0, γE[v]=0.0, Q=0.0 (fn)
2026-09-23 16:17:23,101 INFO: Plan 0: ḡ=12, γE[v]=0.0, Q=12.0 (fn)
2026-09-23 16:17:23,103 INFO: Plan 0: ḡ=0.0, γE[v]=0.0, Q=0.0 (bayes)
2026-09-23 16:17:23,104 INFO: Plan 1: ḡ=0.0, γE[v]=0.0, Q=0.0 (bayes)
2026-09-23 16:17:23,106 INFO: Plan 2: ḡ=0.0, γE[v]=0.0, Q=0.0 (bayes)
2026-09-23 16:17:23,689 INFO: Plan 1: ḡ=28, γE[v]=0.0, Q=28.0 (fn)
2026-09-23 16:17:23,921 INFO: Plan 0: ḡ=1, γE[v]=0.0, Q=1.0 (fn)
2026-09-23 16:17:23,955 INFO: Plan 1: ḡ=1, γE[v]=0.0, Q=1.0 (fn)
2026-09-23 16:17:24,643 INFO: Plan 2: ḡ=2, γE[v]=0.0, Q=2.0 (fn)
2026-09-23 16:17:24,644 INFO: Plan 0: ḡ=0.1, γE[v]=0.1, Q=0.2 (bayes)
2026-09-23 16:17:24,644 INFO: Plan 1: ḡ=0.2, γE[v]=0.1, Q=0.2 (bayes)
2026-09-23 16:17:24,644 INFO: Plan 2: ḡ=0.3, γE[v]=0.0, Q=0.3 (bayes)
2026-09-23 16:17:26,415 INFO: Plan 1: ḡ=32, γE[v]=3.5, Q=35.5 (fn)
2026-09-23 16:17:26,416 INFO: Plan 0: ḡ=9.3, γE[v]=1.8, Q=11.2 (bayes)
2026-09-23 16:17:26,416 INFO: Plan 1: ḡ=10.7, γE[v]=1.4, Q=12.0 (bayes)
2026-09-23 16:17:26,416 INFO: Plan 2: ḡ=1.7, γE[v]=5.7, Q=7.3 (bayes)
2026-09-23 16:17:26,704 INFO: Plan 0: ḡ=22, γE[v]=0.0, Q=22.0 (fn)
2026-09-23 16:17:26,742 INFO: Plan 2: ḡ=14, γE[v]=0.0, Q=14.0 (fn)
2026-09-23 16:17:26,889 INFO: Plan 1: ḡ=44, γE[v]=0.0, Q=44.0 (fn)
2026-09-23 16:17:26,889 INFO: Plan 0: ḡ=7.3, γE[v]=7.3, Q=14.6 (bayes)
2026-09-23 16:17:26,889 INFO: Plan 1: ḡ=11.1, γE[v]=5.4, Q=16.5 (bayes)
2026-09-23 16:17:26,890 INFO: Plan 2: ḡ=3.5, γE[v]=9.2, Q=12.7 (bayes)
2026-09-23 16:17:27,086 INFO: Plan 2: ḡ=13, γE[v]=9.5, Q=22.5 (fn)
2026-09-23 16:17:27,086 INFO: Plan 0: ḡ=4.2, γE[v]=5.4, Q=9.6 (bayes)
2026-09-23 16:17:27,087 INFO: Plan 1: ḡ=9.5, γE[v]=2.8, Q=12.2 (bayes)
2026-09-23 16:17:27,087 INFO: Plan 2: ḡ=4.5, γE[v]=5.8, Q=10.3 (bayes)
2026-09-23 16:17:37,130 INFO: Plan 1: ḡ=47, γE[v]=0.0, Q=47.0 (fn)
2026-09-23 16:17:37,481 INFO: Plan 2: ḡ=47, γE[v]=0.0, Q=47.0 (fn)
2026-09-23 16:17:38,914 INFO: Plan 0: ḡ=13, γE[v]=19.5, Q=32.5 (fn)
2026-09-23 16:17:38,914 INFO: Plan 0: ḡ=5.7, γE[v]=29.3, Q=35.0 (bayes)
2026-09-23 16:17:38,915 INFO: Plan 1: ḡ=17.3, γE[v]=22.3, Q=39.7 (bayes)
2026-09-23 16:17:38,915 INFO: Plan 2: ḡ=17.3, γE[v]=22.3, Q=39.7 (bayes)
2026-09-23 16:17:39,500 INFO: Plan 0: ḡ=0, γE[v]=0.0, Q=0.0 (fn)
2026-09-23 16:17:40,122 INFO: Plan 1: ḡ=0, γE[v]=0.0, Q=0.0 (fn)
2026-09-23 16:17:40,163 INFO: Plan 2: ḡ=0, γE[v]=0.0, Q=0.0 (fn)
2026-09-23 16:17:40,165 INFO: Plan 0: ḡ=0.0, γE[v]=0.0, Q=0.0 (bayes)
2026-09-23 16:17:40,167 INFO: Plan 1: ḡ=0.0, γE[v]=0.0, Q=0.0 (bayes)
2026-09-23 16:17:40,169 INFO: Plan 2: ḡ=0.0, γE[v]=0.0, Q=0.0 (bayes)
2026-09-23 16:17:42,604 INFO: Plan 0: ḡ=32, γE[v]=0.0, Q=32.0 (fn)
2026-09-23 16:17:42,777 INFO: Plan 1: ḡ=26, γE[v]=0.0, Q=26.0 (fn)
2026-09-23 16:17:43,070 INFO: Plan 2: ḡ=13, γE[v]=0.0, Q=13.0 (fn)
2026-09-23 16:17:43,071 INFO: Plan 0: ḡ=15.0, γE[v]=7.0, Q=22.0 (bayes)
2026-09-23 16:17:43,071 INFO: Plan 1: ḡ=8.3, γE[v]=10.4, Q=18.7 (bayes)
2026-09-23 16:17:43,071 INFO: Plan 2: ḡ=5.8, γE[v]=11.7, Q=17.4 (bayes)
2026-09-23 16:17:43,283 INFO: Plan 0: ḡ=20, γE[v]=0.0, Q=20.0 (fn)
2026-09-23 16:17:44,195 INFO: Plan 1: ḡ=55, γE[v]=0.0, Q=55.0 (fn)
2026-09-23 16:17:45,555 INFO: Plan 1: ḡ=0, γE[v]=0.0, Q=0.0 (fn)
2026-09-23 16:17:45,555 INFO: Plan 2: ḡ=0, γE[v]=0.0, Q=0.0 (fn)
2026-09-23 16:17:45,934 INFO: Plan 0: ḡ=5, γE[v]=0.0, Q=5.0 (fn)
2026-09-23 16:17:45,935 INFO: Plan 0: ḡ=1.2, γE[v]=0.0, Q=1.2 (bayes)
2026-09-23 16:17:45,935 INFO: Plan 1: ḡ=0.0, γE[v]=0.6, Q=0.6 (bayes)
2026-09-23 16:17:45,935 INFO: Plan 2: ḡ=0.0, γE[v]=0.6, Q=0.6 (bayes)
2026-09-23 16:17:46,150 INFO: Plan 2: ḡ=16, γE[v]=0.0, Q=16.0 (fn)
2026-09-23 16:17:46,150 INFO: Plan 0: ḡ=6.8, γE[v]=15.8, Q=22.5 (bayes)
2026-09-23 16:17:46,150 INFO: Plan 1: ḡ=18.3, γE[v]=10.0, Q=28.3 (bayes)
2026-09-23 16:17:46,150 INFO: Plan 2: ḡ=5.7, γE[v]=16.3, Q=22.0 (bayes)
2026-09-23 16:17:46,405 INFO: Plan 2: ḡ=0, γE[v]=0.0, Q=0.0 (fn)
2026-09-23 16:17:46,569 INFO: Plan 0: ḡ=1, γE[v]=0.0, Q=1.0 (fn)
2026-09-23 16:17:47,135 INFO: Plan 1: ḡ=12, γE[v]=0.0, Q=12.0 (fn)
2026-09-23 16:17:47,135 INFO: Plan 0: ḡ=0.2, γE[v]=1.2, Q=1.4 (bayes)
2026-09-23 16:17:47,135 INFO: Plan 1: ḡ=2.4, γE[v]=0.1, Q=2.5 (bayes)
2026-09-23 16:17:47,135 INFO: Plan 2: ḡ=0.0, γE[v]=1.3, Q=1.3 (bayes)
2026-09-23 16:17:48,060 INFO: Plan 2: ḡ=4, γE[v]=0.0, Q=4.0 (fn)
2026-09-23 16:17:48,644 INFO: Plan 0: ḡ=23, γE[v]=0.0, Q=23.0 (fn)
2026-09-23 16:17:49,367 INFO: Plan 1: ḡ=8, γE[v]=0.0, Q=8.0 (fn)
2026-09-23 16:17:49,367 INFO: Plan 0: ḡ=7.7, γE[v]=1.8, Q=9.4 (bayes)
2026-09-23 16:17:49,367 INFO: Plan 1: ḡ=2.2, γE[v]=4.5, Q=6.7 (bayes)
2026-09-23 16:17:49,367 INFO: Plan 2: ḡ=1.3, γE[v]=4.9, Q=6.2 (bayes)
2026-09-23 16:17:50,678 INFO: Plan 1: ḡ=161, γE[v]=0.0, Q=161.0 (fn)
2026-09-23 16:17:50,679 INFO: Plan 2: ḡ=161, γE[v]=0.0, Q=161.0 (fn)
2026-09-23 16:17:51,454 INFO: Plan 0: ḡ=156, γE[v]=2.5, Q=158.5 (fn)
2026-09-23 16:17:51,454 INFO: Plan 0: ḡ=78.0, γE[v]=1.4, Q=79.4 (bayes)
2026-09-23 16:17:51,454 INFO: Plan 1: ḡ=80.5, γE[v]=0.0, Q=80.5 (bayes)
2026-09-23 16:17:51,454 INFO: Plan 2: ḡ=80.5, γE[v]=0.0, Q=80.5 (bayes)
2026-09-23 16:17:51,771 INFO: Plan 2: ḡ=2, γE[v]=0.0, Q=2.0 (fn)
2026-09-23 16:17:53,113 INFO: Plan 0: ḡ=54, γE[v]=0.0, Q=54.0 (fn)
2026-09-23 16:17:53,114 INFO: Plan 1: ḡ=54, γE[v]=0.0, Q=54.0 (fn)
2026-09-23 16:17:53,114 INFO: Plan 0: ḡ=18.0, γE[v]=0.0, Q=18.0 (bayes)
2026-09-23 16:17:53,114 INFO: Plan 1: ḡ=18.0, γE[v]=0.0, Q=18.0 (bayes)
2026-09-23 16:17:53,114 INFO: Plan 2: ḡ=0.7, γE[v]=8.7, Q=9.3 (bayes)
2026-09-23 16:17:54,615 INFO: Plan 2: ḡ=5, γE[v]=1.5, Q=6.5 (fn)
2026-09-23 16:17:56,827 INFO: Plan 1: ḡ=14, γE[v]=0.0, Q=14.0 (fn)
2026-09-23 16:17:57,576 INFO: Plan 2: ḡ=0, γE[v]=0.0, Q=0.0 (fn)
2026-09-23 16:17:57,577 INFO: Plan 1: ḡ=0, γE[v]=0.0, Q=0.0 (fn)
2026-09-23 16:17:57,615 INFO: Plan 0: ḡ=3, γE[v]=0.0, Q=3.0 (fn)
2026-09-23 16:17:57,756 INFO: Plan 2: ḡ=4, γE[v]=0.0, Q=4.0 (fn)
2026-09-23 16:17:58,011 INFO: Plan 0: ḡ=0, γE[v]=0.0, Q=0.0 (fn)
2026-09-23 16:17:58,012 INFO: Plan 0: ḡ=0.0, γE[v]=0.0, Q=0.0 (bayes)
2026-09-23 16:17:58,012 INFO: Plan 1: ḡ=0.0, γE[v]=0.0, Q=0.0 (bayes)
2026-09-23 16:17:58,012 INFO: Plan 2: ḡ=0.0, γE[v]=0.0, Q=0.0 (bayes)
2026-09-23 16:17:58,417 INFO: Plan 0: ḡ=3, γE[v]=0.0, Q=3.0 (fn)
2026-09-23 16:17:58,811 INFO: Plan 1: ḡ=4, γE[v]=0.0, Q=4.0 (fn)
2026-09-23 16:17:58,812 INFO: Plan 0: ḡ=1.3, γE[v]=0.9, Q=2.2 (bayes)
2026-09-23 16:17:58,812 INFO: Plan 1: ḡ=1.8, γE[v]=0.7, Q=2.5 (bayes)
2026-09-23 16:17:58,812 INFO: Plan 2: ḡ=1.0, γE[v]=1.1, Q=2.1 (bayes)
  [47/93] flask.sessions seed=42: {'cov_qvalue_tgt_fnt_bayes': 12}
2026-09-23 16:17:59,212 INFO: Plan 1: ḡ=8, γE[v]=0.0, Q=8.0 (fn)
2026-09-23 16:17:59,377 INFO: Plan 0: ḡ=24, γE[v]=0.0, Q=24.0 (fn)
2026-09-23 16:17:59,377 INFO: Plan 0: ḡ=4.6, γE[v]=0.0, Q=4.6 (bayes)
2026-09-23 16:17:59,378 INFO: Plan 1: ḡ=2.6, γE[v]=1.0, Q=3.6 (bayes)
2026-09-23 16:17:59,378 INFO: Plan 2: ḡ=1.0, γE[v]=1.9, Q=2.9 (bayes)
2026-09-23 16:17:59,419 INFO: Plan 0: ḡ=0, γE[v]=0.0, Q=0.0 (fn)
2026-09-23 16:18:00,232 INFO: Plan 1: ḡ=0, γE[v]=0.0, Q=0.0 (fn)
2026-09-23 16:18:00,272 INFO: Plan 2: ḡ=0, γE[v]=0.0, Q=0.0 (fn)
2026-09-23 16:18:00,272 INFO: Plan 0: ḡ=0, γE[v]=0.0, Q=0.0 (fn)
2026-09-23 16:18:00,273 INFO: Plan 0: ḡ=0.0, γE[v]=0.0, Q=0.0 (bayes)
2026-09-23 16:18:00,273 INFO: Plan 1: ḡ=0.0, γE[v]=0.0, Q=0.0 (bayes)
2026-09-23 16:18:00,273 INFO: Plan 2: ḡ=0.0, γE[v]=0.0, Q=0.0 (bayes)
2026-09-23 16:18:00,543 INFO: Plan 2: ḡ=4, γE[v]=0.0, Q=4.0 (fn)
2026-09-23 16:18:00,544 INFO: Plan 1: ḡ=1, γE[v]=0.0, Q=1.0 (fn)
2026-09-23 16:18:00,544 INFO: Plan 0: ḡ=0.0, γE[v]=0.4, Q=0.4 (bayes)
2026-09-23 16:18:00,544 INFO: Plan 1: ḡ=0.1, γE[v]=0.3, Q=0.4 (bayes)
2026-09-23 16:18:00,545 INFO: Plan 2: ḡ=0.4, γE[v]=0.1, Q=0.6 (bayes)
2026-09-23 16:18:00,829 INFO: Plan 2: ḡ=11, γE[v]=0.0, Q=11.0 (fn)
2026-09-23 16:18:00,829 INFO: Plan 0: ḡ=1.0, γE[v]=1.3, Q=2.3 (bayes)
2026-09-23 16:18:00,829 INFO: Plan 1: ḡ=2.7, γE[v]=0.5, Q=3.2 (bayes)
2026-09-23 16:18:00,829 INFO: Plan 2: ḡ=3.7, γE[v]=0.0, Q=3.7 (bayes)
2026-09-23 16:18:00,995 INFO: Plan 2: ḡ=0, γE[v]=0.0, Q=0.0 (fn)
2026-09-23 16:18:00,997 INFO: Plan 0: ḡ=156, γE[v]=0.0, Q=156.0 (fn)
2026-09-23 16:18:01,593 INFO: Plan 0: ḡ=6, γE[v]=0.0, Q=6.0 (fn)
2026-09-23 16:18:01,630 INFO: Plan 2: ḡ=15, γE[v]=0.0, Q=15.0 (fn)
2026-09-23 16:18:02,079 INFO: Plan 0: ḡ=2, γE[v]=0.0, Q=2.0 (fn)
2026-09-23 16:18:02,080 INFO: Plan 0: ḡ=2, γE[v]=0.0, Q=2.0 (fn)
2026-09-23 16:18:02,231 INFO: Plan 2: ḡ=93, γE[v]=0.0, Q=93.0 (fn)
2026-09-23 16:18:02,232 INFO: Plan 1: ḡ=2, γE[v]=0.0, Q=2.0 (fn)
2026-09-23 16:18:02,232 INFO: Plan 0: ḡ=0.7, γE[v]=1.3, Q=1.9 (bayes)
2026-09-23 16:18:02,232 INFO: Plan 1: ḡ=0.7, γE[v]=1.3, Q=1.9 (bayes)
2026-09-23 16:18:02,232 INFO: Plan 2: ḡ=1.9, γE[v]=0.7, Q=2.5 (bayes)
2026-09-23 16:18:02,269 INFO: Plan 2: ḡ=1, γE[v]=0.0, Q=1.0 (fn)
2026-09-23 16:18:02,528 INFO: Plan 1: ḡ=13, γE[v]=0.0, Q=13.0 (fn)
2026-09-23 16:18:02,528 INFO: Plan 0: ḡ=0.7, γE[v]=1.1, Q=1.8 (bayes)
2026-09-23 16:18:02,529 INFO: Plan 1: ḡ=2.2, γE[v]=0.3, Q=2.5 (bayes)
2026-09-23 16:18:02,529 INFO: Plan 2: ḡ=0.0, γE[v]=1.4, Q=1.4 (bayes)
2026-09-23 16:18:02,883 INFO: Plan 2: ḡ=19, γE[v]=0.0, Q=19.0 (fn)
2026-09-23 16:18:02,924 INFO: Plan 1: ḡ=78, γE[v]=10.0, Q=88.0 (fn)
2026-09-23 16:18:02,926 INFO: Plan 0: ḡ=46.5, γE[v]=50.5, Q=97.0 (bayes)
2026-09-23 16:18:02,928 INFO: Plan 1: ḡ=39.0, γE[v]=54.7, Q=93.7 (bayes)
2026-09-23 16:18:02,929 INFO: Plan 2: ḡ=46.5, γE[v]=50.5, Q=97.0 (bayes)
2026-09-23 16:18:03,827 INFO: Plan 0: ḡ=3, γE[v]=0.0, Q=3.0 (fn)
2026-09-23 16:18:04,918 INFO: Plan 1: ḡ=70, γE[v]=0.0, Q=70.0 (fn)
2026-09-23 16:18:05,319 INFO: Plan 2: ḡ=19, γE[v]=0.0, Q=19.0 (fn)
2026-09-23 16:18:05,525 INFO: Plan 0: ḡ=6, γE[v]=0.0, Q=6.0 (fn)
2026-09-23 16:18:05,526 INFO: Plan 0: ḡ=2.8, γE[v]=22.2, Q=25.1 (bayes)
2026-09-23 16:18:05,526 INFO: Plan 1: ḡ=35.0, γE[v]=6.2, Q=41.2 (bayes)
2026-09-23 16:18:05,526 INFO: Plan 2: ḡ=9.5, γE[v]=18.9, Q=28.4 (bayes)
2026-09-23 16:18:06,213 INFO: Plan 1: ḡ=7, γE[v]=0.0, Q=7.0 (fn)
2026-09-23 16:18:06,213 INFO: Plan 0: ḡ=0.6, γE[v]=0.3, Q=0.9 (bayes)
2026-09-23 16:18:06,213 INFO: Plan 1: ḡ=1.2, γE[v]=0.0, Q=1.2 (bayes)
2026-09-23 16:18:06,213 INFO: Plan 2: ḡ=0.1, γE[v]=0.5, Q=0.7 (bayes)
2026-09-23 16:18:07,595 INFO: Plan 1: ḡ=33, γE[v]=4.5, Q=37.5 (fn)
2026-09-23 16:18:07,608 INFO: Plan 0: ḡ=22, γE[v]=0.0, Q=22.0 (fn)
2026-09-23 16:18:07,609 INFO: Plan 0: ḡ=2.0, γE[v]=62.6, Q=64.6 (bayes)
2026-09-23 16:18:07,609 INFO: Plan 1: ḡ=16.5, γE[v]=55.5, Q=72.0 (bayes)
2026-09-23 16:18:07,609 INFO: Plan 2: ḡ=6.8, γE[v]=60.2, Q=67.0 (bayes)
2026-09-23 16:18:07,843 INFO: Plan 1: ḡ=0, γE[v]=0.0, Q=0.0 (fn)
2026-09-23 16:18:07,843 INFO: Plan 0: ḡ=2, γE[v]=0.0, Q=2.0 (fn)
2026-09-23 16:18:08,263 INFO: Plan 2: ḡ=0, γE[v]=0.0, Q=0.0 (fn)
2026-09-23 16:18:08,264 INFO: Plan 0: ḡ=0.2, γE[v]=0.0, Q=0.2 (bayes)
2026-09-23 16:18:08,264 INFO: Plan 1: ḡ=0.0, γE[v]=0.1, Q=0.1 (bayes)
2026-09-23 16:18:08,264 INFO: Plan 2: ḡ=0.0, γE[v]=0.1, Q=0.1 (bayes)
2026-09-23 16:18:10,886 INFO: Plan 1: ḡ=0, γE[v]=0.0, Q=0.0 (fn)
2026-09-23 16:18:10,887 INFO: Plan 0: ḡ=0, γE[v]=0.0, Q=0.0 (fn)
2026-09-23 16:18:10,924 INFO: Plan 2: ḡ=0, γE[v]=0.0, Q=0.0 (fn)
2026-09-23 16:18:10,925 INFO: Plan 0: ḡ=0.0, γE[v]=0.0, Q=0.0 (bayes)
2026-09-23 16:18:10,925 INFO: Plan 1: ḡ=0.0, γE[v]=0.0, Q=0.0 (bayes)
2026-09-23 16:18:10,925 INFO: Plan 2: ḡ=0.0, γE[v]=0.0, Q=0.0 (bayes)
2026-09-23 16:18:14,213 INFO: Plan 1: ḡ=22, γE[v]=13.5, Q=35.5 (fn)
2026-09-23 16:18:15,803 INFO: Plan 2: ḡ=30, γE[v]=12.5, Q=42.5 (fn)
2026-09-23 16:18:15,804 INFO: Plan 0: ḡ=11.0, γE[v]=38.7, Q=49.7 (bayes)
2026-09-23 16:18:15,804 INFO: Plan 1: ḡ=7.5, γE[v]=41.2, Q=48.7 (bayes)
2026-09-23 16:18:15,804 INFO: Plan 2: ḡ=15.0, γE[v]=37.3, Q=52.3 (bayes)
2026-09-23 16:18:16,232 INFO: Plan 0: ḡ=0, γE[v]=0.0, Q=0.0 (fn)
2026-09-23 16:18:16,937 INFO: Plan 1: ḡ=9, γE[v]=0.0, Q=9.0 (fn)
2026-09-23 16:18:16,978 INFO: Plan 0: ḡ=8, γE[v]=0.0, Q=8.0 (fn)
2026-09-23 16:18:17,020 INFO: Plan 2: ḡ=0, γE[v]=0.0, Q=0.0 (fn)
2026-09-23 16:18:17,244 INFO: Plan 2: ḡ=13, γE[v]=0.0, Q=13.0 (fn)
2026-09-23 16:18:17,245 INFO: Plan 0: ḡ=2.7, γE[v]=3.7, Q=6.3 (bayes)
2026-09-23 16:18:17,245 INFO: Plan 1: ḡ=3.0, γE[v]=3.5, Q=6.5 (bayes)
2026-09-23 16:18:17,245 INFO: Plan 2: ḡ=4.3, γE[v]=2.8, Q=7.2 (bayes)
2026-09-23 16:18:17,329 INFO: Plan 2: ḡ=29, γE[v]=0.0, Q=29.0 (fn)
2026-09-23 16:18:17,635 INFO: Plan 1: ḡ=160, γE[v]=0.0, Q=160.0 (fn)
2026-09-23 16:18:17,895 INFO: Plan 1: ḡ=0, γE[v]=0.0, Q=0.0 (fn)
2026-09-23 16:18:17,896 INFO: Plan 0: ḡ=0.0, γE[v]=0.0, Q=0.0 (bayes)
2026-09-23 16:18:17,896 INFO: Plan 1: ḡ=0.0, γE[v]=0.0, Q=0.0 (bayes)
2026-09-23 16:18:17,896 INFO: Plan 2: ḡ=0.0, γE[v]=0.0, Q=0.0 (bayes)
2026-09-23 16:18:18,375 INFO: Plan 0: ḡ=28, γE[v]=0.0, Q=28.0 (fn)
2026-09-23 16:18:18,376 INFO: Plan 0: ḡ=9.2, γE[v]=20.6, Q=29.9 (bayes)
2026-09-23 16:18:18,376 INFO: Plan 1: ḡ=33.9, γE[v]=8.3, Q=42.2 (bayes)
2026-09-23 16:18:18,376 INFO: Plan 2: ḡ=7.3, γE[v]=21.6, Q=28.9 (bayes)
2026-09-23 16:18:19,587 INFO: Plan 1: ḡ=19, γE[v]=0.0, Q=19.0 (fn)
2026-09-23 16:18:22,294 INFO: Plan 0: ḡ=30, γE[v]=5.0, Q=35.0 (fn)
2026-09-23 16:18:22,711 INFO: Plan 2: ḡ=16, γE[v]=6.0, Q=22.0 (fn)
2026-09-23 16:18:22,712 INFO: Plan 0: ḡ=14.7, γE[v]=3.9, Q=18.6 (bayes)
2026-09-23 16:18:22,712 INFO: Plan 1: ḡ=9.5, γE[v]=6.3, Q=15.8 (bayes)
2026-09-23 16:18:22,712 INFO: Plan 2: ḡ=5.8, γE[v]=8.4, Q=14.2 (bayes)
2026-09-23 16:18:28,117 INFO: Plan 1: ḡ=34, γE[v]=0.0, Q=34.0 (fn)
2026-09-23 16:18:28,152 INFO: Plan 0: ḡ=55, γE[v]=0.0, Q=55.0 (fn)
2026-09-23 16:18:31,045 INFO: Plan 2: ḡ=113, γE[v]=0.0, Q=113.0 (fn)
2026-09-23 16:18:31,046 INFO: Plan 0: ḡ=21.6, γE[v]=73.0, Q=94.5 (bayes)
2026-09-23 16:18:31,046 INFO: Plan 1: ḡ=17.0, γE[v]=75.2, Q=92.2 (bayes)
2026-09-23 16:18:31,046 INFO: Plan 2: ḡ=32.2, γE[v]=67.7, Q=99.8 (bayes)
2026-09-23 16:18:33,982 INFO: Plan 2: ḡ=28, γE[v]=0.0, Q=28.0 (fn)
2026-09-23 16:18:34,241 INFO: Plan 0: ḡ=29, γE[v]=0.0, Q=29.0 (fn)
2026-09-23 16:18:34,495 INFO: Plan 1: ḡ=51, γE[v]=0.0, Q=51.0 (fn)
2026-09-23 16:18:34,496 INFO: Plan 0: ḡ=12.2, γE[v]=36.5, Q=48.6 (bayes)
2026-09-23 16:18:34,496 INFO: Plan 1: ḡ=25.5, γE[v]=29.8, Q=55.3 (bayes)
2026-09-23 16:18:34,496 INFO: Plan 2: ḡ=8.4, γE[v]=38.3, Q=46.8 (bayes)
2026-09-23 16:18:35,470 INFO: Plan 0: ḡ=17, γE[v]=0.0, Q=17.0 (fn)
2026-09-23 16:18:36,512 INFO: Plan 1: ḡ=58, γE[v]=0.0, Q=58.0 (fn)
2026-09-23 16:18:37,515 INFO: Plan 2: ḡ=34, γE[v]=0.0, Q=34.0 (fn)
2026-09-23 16:18:38,266 INFO: Plan 0: ḡ=24, γE[v]=0.0, Q=24.0 (fn)
2026-09-23 16:18:38,616 INFO: Plan 2: ḡ=85, γE[v]=0.0, Q=85.0 (fn)
2026-09-23 16:18:39,209 INFO: Plan 2: ḡ=14, γE[v]=6.5, Q=20.5 (fn)
2026-09-23 16:18:39,209 INFO: Plan 0: ḡ=5.8, γE[v]=20.1, Q=25.9 (bayes)
2026-09-23 16:18:39,209 INFO: Plan 1: ḡ=19.3, γE[v]=13.4, Q=32.7 (bayes)
2026-09-23 16:18:39,209 INFO: Plan 2: ḡ=3.9, γE[v]=21.5, Q=25.4 (bayes)
2026-09-23 16:18:39,487 INFO: Plan 0: ḡ=30, γE[v]=6.0, Q=36.0 (fn)
2026-09-23 16:18:41,078 INFO: Plan 0: ḡ=0, γE[v]=0.0, Q=0.0 (fn)
2026-09-23 16:18:41,217 INFO: Plan 1: ḡ=99, γE[v]=42.5, Q=141.5 (fn)
2026-09-23 16:18:41,218 INFO: Plan 0: ḡ=4.2, γE[v]=15.0, Q=19.2 (bayes)
2026-09-23 16:18:41,218 INFO: Plan 1: ḡ=16.5, γE[v]=12.0, Q=28.5 (bayes)
2026-09-23 16:18:41,218 INFO: Plan 2: ḡ=14.2, γE[v]=10.0, Q=24.2 (bayes)
2026-09-23 16:18:41,471 INFO: Plan 2: ḡ=0, γE[v]=0.0, Q=0.0 (fn)
2026-09-23 16:18:41,472 INFO: Plan 1: ḡ=58, γE[v]=17.0, Q=75.0 (fn)
2026-09-23 16:18:41,473 INFO: Plan 0: ḡ=3.8, γE[v]=4.3, Q=8.1 (bayes)
2026-09-23 16:18:41,473 INFO: Plan 1: ḡ=7.2, γE[v]=3.5, Q=10.7 (bayes)
2026-09-23 16:18:41,473 INFO: Plan 2: ḡ=4.2, γE[v]=3.6, Q=7.9 (bayes)
2026-09-23 16:18:43,176 INFO: Plan 1: ḡ=0, γE[v]=0.0, Q=0.0 (fn)
2026-09-23 16:18:43,299 INFO: Plan 2: ḡ=0, γE[v]=0.0, Q=0.0 (fn)
2026-09-23 16:18:43,300 INFO: Plan 0: ḡ=2, γE[v]=0.0, Q=2.0 (fn)
2026-09-23 16:18:43,341 INFO: Plan 1: ḡ=2, γE[v]=0.0, Q=2.0 (fn)
2026-09-23 16:18:43,825 INFO: Plan 0: ḡ=0, γE[v]=0.0, Q=0.0 (fn)
2026-09-23 16:18:43,826 INFO: Plan 0: ḡ=0.0, γE[v]=0.0, Q=0.0 (bayes)
2026-09-23 16:18:43,826 INFO: Plan 1: ḡ=0.0, γE[v]=0.0, Q=0.0 (bayes)
2026-09-23 16:18:43,826 INFO: Plan 2: ḡ=0.0, γE[v]=0.0, Q=0.0 (bayes)
2026-09-23 16:18:44,080 INFO: Plan 2: ḡ=3, γE[v]=0.5, Q=3.5 (fn)
2026-09-23 16:18:44,081 INFO: Plan 0: ḡ=0.5, γE[v]=0.6, Q=1.1 (bayes)
2026-09-23 16:18:44,081 INFO: Plan 1: ḡ=0.5, γE[v]=0.6, Q=1.1 (bayes)
2026-09-23 16:18:44,081 INFO: Plan 2: ḡ=0.8, γE[v]=0.5, Q=1.3 (bayes)
2026-09-23 16:18:44,863 INFO: Plan 1: ḡ=0, γE[v]=0.0, Q=0.0 (fn)
2026-09-23 16:18:44,863 INFO: Plan 0: ḡ=0.0, γE[v]=0.0, Q=0.0 (bayes)
2026-09-23 16:18:44,864 INFO: Plan 1: ḡ=0.0, γE[v]=0.0, Q=0.0 (bayes)
2026-09-23 16:18:44,864 INFO: Plan 2: ḡ=0.0, γE[v]=0.0, Q=0.0 (bayes)
2026-09-23 16:18:47,708 INFO: Plan 0: ḡ=14, γE[v]=0.0, Q=14.0 (fn)
2026-09-23 16:18:48,495 INFO: Plan 1: ḡ=8, γE[v]=0.0, Q=8.0 (fn)
2026-09-23 16:18:48,810 INFO: Plan 2: ḡ=8, γE[v]=0.0, Q=8.0 (fn)
2026-09-23 16:18:48,811 INFO: Plan 0: ḡ=3.6, γE[v]=1.3, Q=4.9 (bayes)
2026-09-23 16:18:48,811 INFO: Plan 1: ḡ=2.7, γE[v]=1.8, Q=4.5 (bayes)
2026-09-23 16:18:48,811 INFO: Plan 2: ḡ=2.7, γE[v]=1.8, Q=4.5 (bayes)
2026-09-23 16:18:50,228 INFO: Plan 1: ḡ=0, γE[v]=0.0, Q=0.0 (fn)
2026-09-23 16:18:50,408 INFO: Plan 0: ḡ=5, γE[v]=0.0, Q=5.0 (fn)
2026-09-23 16:18:50,408 INFO: Plan 0: ḡ=4, γE[v]=0.0, Q=4.0 (fn)
2026-09-23 16:18:50,448 INFO: Plan 2: ḡ=0, γE[v]=0.0, Q=0.0 (fn)
2026-09-23 16:18:50,448 INFO: Plan 0: ḡ=1.0, γE[v]=0.0, Q=1.0 (bayes)
2026-09-23 16:18:50,448 INFO: Plan 1: ḡ=0.0, γE[v]=0.5, Q=0.5 (bayes)
2026-09-23 16:18:50,448 INFO: Plan 2: ḡ=0.0, γE[v]=0.5, Q=0.5 (bayes)
2026-09-23 16:18:50,743 INFO: Plan 1: ḡ=2, γE[v]=0.0, Q=2.0 (fn)
2026-09-23 16:18:50,780 INFO: Plan 2: ḡ=2, γE[v]=0.0, Q=2.0 (fn)
2026-09-23 16:18:50,781 INFO: Plan 0: ḡ=1.0, γE[v]=0.4, Q=1.4 (bayes)
2026-09-23 16:18:50,781 INFO: Plan 1: ḡ=0.8, γE[v]=0.5, Q=1.3 (bayes)
2026-09-23 16:18:50,781 INFO: Plan 2: ḡ=0.8, γE[v]=0.5, Q=1.3 (bayes)
2026-09-23 16:18:51,178 INFO: Plan 0: ḡ=1, γE[v]=0.0, Q=1.0 (fn)
2026-09-23 16:18:51,917 INFO: Plan 1: ḡ=1, γE[v]=0.0, Q=1.0 (fn)
2026-09-23 16:18:52,230 INFO: Plan 2: ḡ=1, γE[v]=0.0, Q=1.0 (fn)
2026-09-23 16:18:52,231 INFO: Plan 0: ḡ=0.1, γE[v]=0.0, Q=0.1 (bayes)
2026-09-23 16:18:52,231 INFO: Plan 1: ḡ=0.1, γE[v]=0.0, Q=0.1 (bayes)
2026-09-23 16:18:52,231 INFO: Plan 2: ḡ=0.1, γE[v]=0.0, Q=0.1 (bayes)
2026-09-23 16:18:54,369 INFO: Plan 2: ḡ=47, γE[v]=0.0, Q=47.0 (fn)
2026-09-23 16:18:54,370 INFO: Plan 1: ḡ=47, γE[v]=0.0, Q=47.0 (fn)
2026-09-23 16:18:54,577 INFO: Plan 2: ḡ=0, γE[v]=0.0, Q=0.0 (fn)
2026-09-23 16:18:54,578 INFO: Plan 1: ḡ=7, γE[v]=0.0, Q=7.0 (fn)
2026-09-23 16:18:55,331 INFO: Plan 0: ḡ=2, γE[v]=0.0, Q=2.0 (fn)
2026-09-23 16:18:55,331 INFO: Plan 0: ḡ=0.4, γE[v]=1.2, Q=1.6 (bayes)
2026-09-23 16:18:55,331 INFO: Plan 1: ḡ=2.3, γE[v]=0.2, Q=2.5 (bayes)
2026-09-23 16:18:55,332 INFO: Plan 2: ḡ=0.0, γE[v]=1.4, Q=1.4 (bayes)
2026-09-23 16:18:55,498 INFO: Plan 1: ḡ=23, γE[v]=0.0, Q=23.0 (fn)
2026-09-23 16:18:55,538 INFO: Plan 2: ḡ=30, γE[v]=0.0, Q=30.0 (fn)
2026-09-23 16:18:55,542 INFO: Plan 1: ḡ=61, γE[v]=0.0, Q=61.0 (fn)
2026-09-23 16:18:55,668 INFO: Plan 2: ḡ=0, γE[v]=0.0, Q=0.0 (fn)
2026-09-23 16:18:56,156 INFO: Plan 1: ḡ=1, γE[v]=0.0, Q=1.0 (fn)
2026-09-23 16:18:56,198 INFO: Plan 0: ḡ=1, γE[v]=0.0, Q=1.0 (fn)
2026-09-23 16:18:56,198 INFO: Plan 0: ḡ=23, γE[v]=0.0, Q=23.0 (fn)
2026-09-23 16:18:56,199 INFO: Plan 0: ḡ=0.2, γE[v]=0.0, Q=0.2 (bayes)
2026-09-23 16:18:56,199 INFO: Plan 1: ḡ=0.2, γE[v]=0.0, Q=0.2 (bayes)
2026-09-23 16:18:56,200 INFO: Plan 0: ḡ=11.5, γE[v]=12.2, Q=23.7 (bayes)
2026-09-23 16:18:56,200 INFO: Plan 2: ḡ=0.0, γE[v]=0.1, Q=0.1 (bayes)
2026-09-23 16:18:56,200 INFO: Plan 1: ḡ=10.2, γE[v]=12.8, Q=23.0 (bayes)
2026-09-23 16:18:56,200 INFO: Plan 2: ḡ=14.2, γE[v]=10.8, Q=25.0 (bayes)
2026-09-23 16:18:56,680 INFO: Plan 0: ḡ=4, γE[v]=0.0, Q=4.0 (fn)
2026-09-23 16:18:57,470 INFO: Plan 2: ḡ=4, γE[v]=0.0, Q=4.0 (fn)
2026-09-23 16:18:57,471 INFO: Plan 0: ḡ=13, γE[v]=19.5, Q=32.5 (fn)
2026-09-23 16:18:57,471 INFO: Plan 0: ḡ=4.3, γE[v]=27.8, Q=32.1 (bayes)
2026-09-23 16:18:57,472 INFO: Plan 1: ḡ=12.6, γE[v]=22.3, Q=34.9 (bayes)
2026-09-23 16:18:57,472 INFO: Plan 2: ḡ=12.6, γE[v]=22.3, Q=34.9 (bayes)
2026-09-23 16:18:57,516 INFO: Plan 2: ḡ=4, γE[v]=0.0, Q=4.0 (fn)
2026-09-23 16:18:58,065 INFO: Plan 1: ḡ=1, γE[v]=0.0, Q=1.0 (fn)
2026-09-23 16:18:58,065 INFO: Plan 0: ḡ=1, γE[v]=0.0, Q=1.0 (fn)
2026-09-23 16:18:58,066 INFO: Plan 0: ḡ=0.1, γE[v]=0.3, Q=0.4 (bayes)
2026-09-23 16:18:58,066 INFO: Plan 1: ḡ=0.1, γE[v]=0.3, Q=0.4 (bayes)
2026-09-23 16:18:58,066 INFO: Plan 2: ḡ=0.4, γE[v]=0.1, Q=0.5 (bayes)
2026-09-23 16:18:58,453 INFO: Plan 1: ḡ=19, γE[v]=0.0, Q=19.0 (fn)
2026-09-23 16:18:58,453 INFO: Plan 0: ḡ=1.3, γE[v]=3.4, Q=4.7 (bayes)
2026-09-23 16:18:58,453 INFO: Plan 1: ḡ=5.6, γE[v]=1.2, Q=6.8 (bayes)
2026-09-23 16:18:58,453 INFO: Plan 2: ḡ=1.5, γE[v]=3.3, Q=4.8 (bayes)
2026-09-23 16:18:58,952 INFO: Plan 2: ḡ=0, γE[v]=0.0, Q=0.0 (fn)
2026-09-23 16:18:58,954 INFO: Plan 2: ḡ=13, γE[v]=0.0, Q=13.0 (fn)
2026-09-23 16:18:59,502 INFO: Plan 1: ḡ=1, γE[v]=0.0, Q=1.0 (fn)
2026-09-23 16:18:59,632 INFO: Plan 0: ḡ=1, γE[v]=0.0, Q=1.0 (fn)
2026-09-23 16:18:59,632 INFO: Plan 0: ḡ=17, γE[v]=2.5, Q=19.5 (fn)
2026-09-23 16:18:59,633 INFO: Plan 0: ḡ=0.1, γE[v]=0.1, Q=0.2 (bayes)
2026-09-23 16:18:59,633 INFO: Plan 1: ḡ=0.1, γE[v]=0.1, Q=0.2 (bayes)
2026-09-23 16:18:59,633 INFO: Plan 2: ḡ=0.0, γE[v]=0.1, Q=0.1 (bayes)
2026-09-23 16:19:00,341 INFO: Plan 1: ḡ=16, γE[v]=0.0, Q=16.0 (fn)
2026-09-23 16:19:00,342 INFO: Plan 0: ḡ=43, γE[v]=0.0, Q=43.0 (fn)
2026-09-23 16:19:00,343 INFO: Plan 0: ḡ=5.7, γE[v]=4.0, Q=9.7 (bayes)
2026-09-23 16:19:00,343 INFO: Plan 1: ḡ=4.3, γE[v]=4.6, Q=8.9 (bayes)
2026-09-23 16:19:00,343 INFO: Plan 2: ḡ=3.2, γE[v]=5.1, Q=8.3 (bayes)
2026-09-23 16:19:01,215 INFO: Plan 2: ḡ=13, γE[v]=2.0, Q=15.0 (fn)
2026-09-23 16:19:01,217 INFO: Plan 1: ḡ=0, γE[v]=0.0, Q=0.0 (fn)
2026-09-23 16:19:01,217 INFO: Plan 0: ḡ=0, γE[v]=0.0, Q=0.0 (fn)
2026-09-23 16:19:01,218 INFO: Plan 2: ḡ=0, γE[v]=0.0, Q=0.0 (fn)
2026-09-23 16:19:01,218 INFO: Plan 0: ḡ=21.1, γE[v]=34.4, Q=55.5 (bayes)
2026-09-23 16:19:01,219 INFO: Plan 1: ḡ=15.7, γE[v]=37.1, Q=52.8 (bayes)
2026-09-23 16:19:01,219 INFO: Plan 2: ḡ=5.7, γE[v]=42.2, Q=47.9 (bayes)
2026-09-23 16:19:01,219 INFO: Plan 0: ḡ=0.0, γE[v]=0.0, Q=0.0 (bayes)
2026-09-23 16:19:01,219 INFO: Plan 1: ḡ=0.0, γE[v]=0.0, Q=0.0 (bayes)
2026-09-23 16:19:01,219 INFO: Plan 2: ḡ=0.0, γE[v]=0.0, Q=0.0 (bayes)
2026-09-23 16:19:01,837 INFO: Plan 2: ḡ=8, γE[v]=0.0, Q=8.0 (fn)
  [48/93] flask.templating seed=42: {'cov_qvalue_tgt_fnt_bayes': 55}
2026-09-23 16:19:03,434 INFO: Plan 1: ḡ=14, γE[v]=0.0, Q=14.0 (fn)
2026-09-23 16:19:04,440 INFO: Plan 2: ḡ=15, γE[v]=0.0, Q=15.0 (fn)
2026-09-23 16:19:04,860 INFO: Plan 0: ḡ=2, γE[v]=0.0, Q=2.0 (fn)
2026-09-23 16:19:05,077 INFO: Plan 1: ḡ=2, γE[v]=0.0, Q=2.0 (fn)
2026-09-23 16:19:05,077 INFO: Plan 0: ḡ=16, γE[v]=0.0, Q=16.0 (fn)
2026-09-23 16:19:05,078 INFO: Plan 0: ḡ=2.5, γE[v]=0.7, Q=3.2 (bayes)
2026-09-23 16:19:05,078 INFO: Plan 0: ḡ=0.7, γE[v]=1.2, Q=1.8 (bayes)
2026-09-23 16:19:05,079 INFO: Plan 1: ḡ=2.2, γE[v]=0.8, Q=3.0 (bayes)
2026-09-23 16:19:05,079 INFO: Plan 1: ḡ=0.7, γE[v]=1.2, Q=1.8 (bayes)
2026-09-23 16:19:05,079 INFO: Plan 2: ḡ=1.3, γE[v]=1.3, Q=2.6 (bayes)
2026-09-23 16:19:05,079 INFO: Plan 2: ḡ=1.7, γE[v]=0.7, Q=2.3 (bayes)
2026-09-23 16:19:06,118 INFO: Plan 1: ḡ=8, γE[v]=0.0, Q=8.0 (fn)
2026-09-23 16:19:06,577 INFO: Plan 2: ḡ=11, γE[v]=1.0, Q=12.0 (fn)
2026-09-23 16:19:06,578 INFO: Plan 0: ḡ=26, γE[v]=2.0, Q=28.0 (fn)
2026-09-23 16:19:06,578 INFO: Plan 0: ḡ=8.7, γE[v]=3.5, Q=12.2 (bayes)
2026-09-23 16:19:06,578 INFO: Plan 1: ḡ=2.1, γE[v]=6.7, Q=8.8 (bayes)
2026-09-23 16:19:06,578 INFO: Plan 2: ḡ=5.2, γE[v]=5.2, Q=10.4 (bayes)
2026-09-23 16:19:08,444 INFO: Plan 0: ḡ=0, γE[v]=0.0, Q=0.0 (fn)
2026-09-23 16:19:08,485 INFO: Plan 1: ḡ=0, γE[v]=0.0, Q=0.0 (fn)
2026-09-23 16:19:08,670 INFO: Plan 2: ḡ=0, γE[v]=0.0, Q=0.0 (fn)
2026-09-23 16:19:08,670 INFO: Plan 0: ḡ=0.0, γE[v]=0.0, Q=0.0 (bayes)
2026-09-23 16:19:08,670 INFO: Plan 1: ḡ=0.0, γE[v]=0.0, Q=0.0 (bayes)
2026-09-23 16:19:08,670 INFO: Plan 2: ḡ=0.0, γE[v]=0.0, Q=0.0 (bayes)
2026-09-23 16:19:10,495 INFO: Plan 0: ḡ=53, γE[v]=0.0, Q=53.0 (fn)
2026-09-23 16:19:10,536 INFO: Plan 1: ḡ=161, γE[v]=0.0, Q=161.0 (fn)
2026-09-23 16:19:10,782 INFO: Plan 2: ḡ=161, γE[v]=0.0, Q=161.0 (fn)
2026-09-23 16:19:10,783 INFO: Plan 0: ḡ=161, γE[v]=0.0, Q=161.0 (fn)
2026-09-23 16:19:10,783 INFO: Plan 0: ḡ=53.7, γE[v]=0.0, Q=53.7 (bayes)
2026-09-23 16:19:10,784 INFO: Plan 1: ḡ=53.7, γE[v]=0.0, Q=53.7 (bayes)
2026-09-23 16:19:10,784 INFO: Plan 2: ḡ=53.7, γE[v]=0.0, Q=53.7 (bayes)
2026-09-23 16:19:11,053 INFO: Plan 1: ḡ=53, γE[v]=0.0, Q=53.0 (fn)
2026-09-23 16:19:11,308 INFO: Plan 2: ḡ=53, γE[v]=0.0, Q=53.0 (fn)
2026-09-23 16:19:11,309 INFO: Plan 0: ḡ=13.2, γE[v]=0.0, Q=13.2 (bayes)
2026-09-23 16:19:11,309 INFO: Plan 1: ḡ=13.2, γE[v]=0.0, Q=13.2 (bayes)
2026-09-23 16:19:11,309 INFO: Plan 2: ḡ=13.2, γE[v]=0.0, Q=13.2 (bayes)
2026-09-23 16:19:11,813 INFO: Plan 0: ḡ=18, γE[v]=0.0, Q=18.0 (fn)
2026-09-23 16:19:12,814 INFO: Plan 0: ḡ=0, γE[v]=0.0, Q=0.0 (fn)
2026-09-23 16:19:12,815 INFO: Plan 1: ḡ=0, γE[v]=0.0, Q=0.0 (fn)
2026-09-23 16:19:12,856 INFO: Plan 1: ḡ=8, γE[v]=0.0, Q=8.0 (fn)
2026-09-23 16:19:12,856 INFO: Plan 2: ḡ=10, γE[v]=0.0, Q=10.0 (fn)
2026-09-23 16:19:12,857 INFO: Plan 0: ḡ=4.5, γE[v]=1.8, Q=6.2 (bayes)
2026-09-23 16:19:12,857 INFO: Plan 1: ḡ=2.2, γE[v]=2.9, Q=5.1 (bayes)
2026-09-23 16:19:12,857 INFO: Plan 2: ḡ=2.8, γE[v]=2.6, Q=5.4 (bayes)
2026-09-23 16:19:13,546 INFO: Plan 2: ḡ=0, γE[v]=0.0, Q=0.0 (fn)
2026-09-23 16:19:13,546 INFO: Plan 0: ḡ=0.0, γE[v]=0.0, Q=0.0 (bayes)
2026-09-23 16:19:13,546 INFO: Plan 1: ḡ=0.0, γE[v]=0.0, Q=0.0 (bayes)
2026-09-23 16:19:13,546 INFO: Plan 2: ḡ=0.0, γE[v]=0.0, Q=0.0 (bayes)
2026-09-23 16:19:31,058 INFO: Plan 2: ḡ=14, γE[v]=0.0, Q=14.0 (fn)
2026-09-23 16:19:31,588 INFO: Plan 1: ḡ=7, γE[v]=0.0, Q=7.0 (fn)
2026-09-23 16:19:31,933 INFO: Plan 0: ḡ=4, γE[v]=0.0, Q=4.0 (fn)
2026-09-23 16:19:31,934 INFO: Plan 0: ḡ=1.8, γE[v]=5.2, Q=7.1 (bayes)
2026-09-23 16:19:31,934 INFO: Plan 1: ḡ=3.5, γE[v]=4.4, Q=7.9 (bayes)
2026-09-23 16:19:31,934 INFO: Plan 2: ḡ=7.0, γE[v]=2.7, Q=9.7 (bayes)
2026-09-23 16:19:32,178 INFO: Plan 2: ḡ=1, γE[v]=0.0, Q=1.0 (fn)
2026-09-23 16:19:32,219 INFO: Plan 0: ḡ=2, γE[v]=0.0, Q=2.0 (fn)
2026-09-23 16:19:32,219 INFO: Plan 1: ḡ=0, γE[v]=0.0, Q=0.0 (fn)
2026-09-23 16:19:32,617 INFO: Plan 2: ḡ=0, γE[v]=0.0, Q=0.0 (fn)
2026-09-23 16:19:32,618 INFO: Plan 0: ḡ=0.2, γE[v]=0.0, Q=0.2 (bayes)
2026-09-23 16:19:32,618 INFO: Plan 1: ḡ=0.0, γE[v]=0.1, Q=0.1 (bayes)
2026-09-23 16:19:32,618 INFO: Plan 2: ḡ=0.0, γE[v]=0.1, Q=0.1 (bayes)
2026-09-23 16:19:33,473 INFO: Plan 0: ḡ=3, γE[v]=0.0, Q=3.0 (fn)
2026-09-23 16:19:34,254 INFO: Plan 1: ḡ=4, γE[v]=0.0, Q=4.0 (fn)
2026-09-23 16:19:34,255 INFO: Plan 0: ḡ=0.5, γE[v]=0.3, Q=0.8 (bayes)
2026-09-23 16:19:34,255 INFO: Plan 1: ḡ=0.5, γE[v]=0.2, Q=0.8 (bayes)
2026-09-23 16:19:34,255 INFO: Plan 2: ḡ=0.2, γE[v]=0.4, Q=0.6 (bayes)
2026-09-23 16:19:34,668 INFO: Plan 2: ḡ=0, γE[v]=0.0, Q=0.0 (fn)
2026-09-23 16:19:35,092 INFO: Plan 2: ḡ=0, γE[v]=0.0, Q=0.0 (fn)
2026-09-23 16:19:35,092 INFO: Plan 0: ḡ=8, γE[v]=0.0, Q=8.0 (fn)
2026-09-23 16:19:35,328 INFO: Plan 0: ḡ=2, γE[v]=0.0, Q=2.0 (fn)
2026-09-23 16:19:35,709 INFO: Plan 1: ḡ=13, γE[v]=0.0, Q=13.0 (fn)
2026-09-23 16:19:35,710 INFO: Plan 0: ḡ=0.7, γE[v]=0.9, Q=1.6 (bayes)
2026-09-23 16:19:35,710 INFO: Plan 1: ḡ=1.9, γE[v]=0.3, Q=2.2 (bayes)
2026-09-23 16:19:35,710 INFO: Plan 2: ḡ=0.0, γE[v]=1.3, Q=1.3 (bayes)
2026-09-23 16:19:37,276 INFO: Plan 1: ḡ=9, γE[v]=4.0, Q=13.0 (fn)
2026-09-23 16:19:37,276 INFO: Plan 0: ḡ=2.7, γE[v]=1.5, Q=4.2 (bayes)
2026-09-23 16:19:37,277 INFO: Plan 1: ḡ=3.0, γE[v]=1.6, Q=4.6 (bayes)
2026-09-23 16:19:37,277 INFO: Plan 2: ḡ=0.0, γE[v]=2.8, Q=2.8 (bayes)
2026-09-23 16:19:39,823 INFO: Plan 1: ḡ=3, γE[v]=0.0, Q=3.0 (fn)
2026-09-23 16:19:40,128 INFO: Plan 2: ḡ=3, γE[v]=0.0, Q=3.0 (fn)
2026-09-23 16:19:40,424 INFO: Plan 0: ḡ=1, γE[v]=1.0, Q=2.0 (fn)
2026-09-23 16:19:40,425 INFO: Plan 0: ḡ=0.2, γE[v]=0.3, Q=0.6 (bayes)
2026-09-23 16:19:40,426 INFO: Plan 1: ḡ=0.8, γE[v]=0.0, Q=0.8 (bayes)
2026-09-23 16:19:40,426 INFO: Plan 2: ḡ=0.8, γE[v]=0.0, Q=0.8 (bayes)
2026-09-23 16:19:43,012 INFO: Plan 2: ḡ=0, γE[v]=0.0, Q=0.0 (fn)
2026-09-23 16:19:43,013 INFO: Plan 1: ḡ=4, γE[v]=0.0, Q=4.0 (fn)
2026-09-23 16:19:43,552 INFO: Plan 0: ḡ=5, γE[v]=0.0, Q=5.0 (fn)
2026-09-23 16:19:43,552 INFO: Plan 0: ḡ=1.3, γE[v]=0.0, Q=1.3 (bayes)
2026-09-23 16:19:43,553 INFO: Plan 1: ḡ=1.0, γE[v]=0.2, Q=1.2 (bayes)
2026-09-23 16:19:43,553 INFO: Plan 2: ḡ=0.0, γE[v]=0.7, Q=0.7 (bayes)
2026-09-23 16:19:43,988 INFO: Plan 0: ḡ=0, γE[v]=0.0, Q=0.0 (fn)
2026-09-23 16:19:44,070 INFO: Plan 0: ḡ=7, γE[v]=0.0, Q=7.0 (fn)
2026-09-23 16:19:44,231 INFO: Plan 1: ḡ=0, γE[v]=0.0, Q=0.0 (fn)
2026-09-23 16:19:44,521 INFO: Plan 2: ḡ=29, γE[v]=0.0, Q=29.0 (fn)
2026-09-23 16:19:44,929 INFO: Plan 2: ḡ=0, γE[v]=0.0, Q=0.0 (fn)
2026-09-23 16:19:44,929 INFO: Plan 0: ḡ=0.0, γE[v]=0.0, Q=0.0 (bayes)
2026-09-23 16:19:44,929 INFO: Plan 1: ḡ=0.0, γE[v]=0.0, Q=0.0 (bayes)
2026-09-23 16:19:44,929 INFO: Plan 2: ḡ=0.0, γE[v]=0.0, Q=0.0 (bayes)
2026-09-23 16:19:45,338 INFO: Plan 1: ḡ=160, γE[v]=0.0, Q=160.0 (fn)
2026-09-23 16:19:45,766 INFO: Plan 0: ḡ=28, γE[v]=0.0, Q=28.0 (fn)
2026-09-23 16:19:45,767 INFO: Plan 0: ḡ=9.2, γE[v]=17.6, Q=26.9 (bayes)
2026-09-23 16:19:45,767 INFO: Plan 1: ḡ=27.9, γE[v]=8.3, Q=36.2 (bayes)
2026-09-23 16:19:45,767 INFO: Plan 2: ḡ=7.3, γE[v]=18.6, Q=25.9 (bayes)
2026-09-23 16:19:46,210 INFO: Plan 0: ḡ=0, γE[v]=0.0, Q=0.0 (fn)
2026-09-23 16:19:46,210 INFO: Plan 1: ḡ=0, γE[v]=0.0, Q=0.0 (fn)
2026-09-23 16:19:46,249 INFO: Plan 2: ḡ=0, γE[v]=0.0, Q=0.0 (fn)
2026-09-23 16:19:46,250 INFO: Plan 0: ḡ=0.0, γE[v]=0.0, Q=0.0 (bayes)
2026-09-23 16:19:46,250 INFO: Plan 1: ḡ=0.0, γE[v]=0.0, Q=0.0 (bayes)
2026-09-23 16:19:46,250 INFO: Plan 2: ḡ=0.0, γE[v]=0.0, Q=0.0 (bayes)
2026-09-23 16:19:47,041 INFO: Plan 0: ḡ=20, γE[v]=0.0, Q=20.0 (fn)
2026-09-23 16:19:47,078 INFO: Plan 0: ḡ=5, γE[v]=0.0, Q=5.0 (fn)
2026-09-23 16:19:47,122 INFO: Plan 1: ḡ=2, γE[v]=0.0, Q=2.0 (fn)
2026-09-23 16:19:47,123 INFO: Plan 1: ḡ=80, γE[v]=0.0, Q=80.0 (fn)
2026-09-23 16:19:47,323 INFO: Plan 2: ḡ=2, γE[v]=0.0, Q=2.0 (fn)
2026-09-23 16:19:47,324 INFO: Plan 0: ḡ=0.8, γE[v]=0.4, Q=1.2 (bayes)
2026-09-23 16:19:47,324 INFO: Plan 1: ḡ=0.8, γE[v]=0.4, Q=1.2 (bayes)
2026-09-23 16:19:47,324 INFO: Plan 2: ḡ=0.8, γE[v]=0.4, Q=1.2 (bayes)
2026-09-23 16:19:48,013 INFO: Plan 2: ḡ=15, γE[v]=0.0, Q=15.0 (fn)
2026-09-23 16:19:48,013 INFO: Plan 0: ḡ=6.8, γE[v]=13.3, Q=20.0 (bayes)
2026-09-23 16:19:48,013 INFO: Plan 1: ḡ=20.0, γE[v]=6.6, Q=26.6 (bayes)
2026-09-23 16:19:48,013 INFO: Plan 2: ḡ=6.2, γE[v]=13.5, Q=19.7 (bayes)
2026-09-23 16:19:48,182 INFO: Plan 0: ḡ=56, γE[v]=0.0, Q=56.0 (fn)
2026-09-23 16:19:48,645 INFO: Plan 0: ḡ=0, γE[v]=0.0, Q=0.0 (fn)
2026-09-23 16:19:48,865 INFO: Plan 1: ḡ=0, γE[v]=0.0, Q=0.0 (fn)
2026-09-23 16:19:49,184 INFO: Plan 2: ḡ=0, γE[v]=0.0, Q=0.0 (fn)
2026-09-23 16:19:49,186 INFO: Plan 2: ḡ=8, γE[v]=0.0, Q=8.0 (fn)
2026-09-23 16:19:49,187 INFO: Plan 0: ḡ=0.0, γE[v]=0.0, Q=0.0 (bayes)
2026-09-23 16:19:49,187 INFO: Plan 1: ḡ=0.0, γE[v]=0.0, Q=0.0 (bayes)
2026-09-23 16:19:49,190 INFO: Plan 2: ḡ=0.0, γE[v]=0.0, Q=0.0 (bayes)
2026-09-23 16:19:49,573 INFO: Plan 1: ḡ=93, γE[v]=0.0, Q=93.0 (fn)
2026-09-23 16:19:49,800 INFO: Plan 0: ḡ=22, γE[v]=0.0, Q=22.0 (fn)
2026-09-23 16:19:50,502 INFO: Plan 2: ḡ=96, γE[v]=0.0, Q=96.0 (fn)
2026-09-23 16:19:50,503 INFO: Plan 0: ḡ=17.3, γE[v]=48.8, Q=66.1 (bayes)
2026-09-23 16:19:50,503 INFO: Plan 1: ḡ=46.5, γE[v]=34.2, Q=80.7 (bayes)
2026-09-23 16:19:50,503 INFO: Plan 2: ḡ=48.0, γE[v]=33.4, Q=81.4 (bayes)
2026-09-23 16:19:51,260 INFO: Plan 0: ḡ=23, γE[v]=0.0, Q=23.0 (fn)
2026-09-23 16:19:51,539 INFO: Plan 1: ḡ=12, γE[v]=13.0, Q=25.0 (fn)
2026-09-23 16:19:52,038 INFO: Plan 1: ḡ=34, γE[v]=0.0, Q=34.0 (fn)
2026-09-23 16:19:52,308 INFO: Plan 0: ḡ=58, γE[v]=0.0, Q=58.0 (fn)
2026-09-23 16:19:52,315 INFO: Plan 2: ḡ=19, γE[v]=24.5, Q=43.5 (fn)
2026-09-23 16:19:52,315 INFO: Plan 0: ḡ=2.3, γE[v]=53.3, Q=55.6 (bayes)
2026-09-23 16:19:52,316 INFO: Plan 1: ḡ=4.8, γE[v]=52.6, Q=57.4 (bayes)
2026-09-23 16:19:52,316 INFO: Plan 2: ḡ=7.8, γE[v]=51.6, Q=59.4 (bayes)
2026-09-23 16:19:52,971 INFO: Plan 0: ḡ=29, γE[v]=0.0, Q=29.0 (fn)
2026-09-23 16:19:53,236 INFO: Plan 2: ḡ=0, γE[v]=0.0, Q=0.0 (fn)
2026-09-23 16:19:53,706 INFO: Plan 1: ḡ=17, γE[v]=0.0, Q=17.0 (fn)
2026-09-23 16:19:53,894 INFO: Plan 0: ḡ=2, γE[v]=0.0, Q=2.0 (fn)
2026-09-23 16:19:54,059 INFO: Plan 1: ḡ=2, γE[v]=0.0, Q=2.0 (fn)
2026-09-23 16:19:54,059 INFO: Plan 0: ḡ=0.5, γE[v]=0.2, Q=0.7 (bayes)
2026-09-23 16:19:54,059 INFO: Plan 1: ḡ=0.5, γE[v]=0.2, Q=0.7 (bayes)
2026-09-23 16:19:54,059 INFO: Plan 2: ḡ=0.0, γE[v]=0.5, Q=0.5 (bayes)
2026-09-23 16:19:54,296 INFO: Plan 0: ḡ=1, γE[v]=0.0, Q=1.0 (fn)
2026-09-23 16:19:54,297 INFO: Plan 2: ḡ=0, γE[v]=0.0, Q=0.0 (fn)
2026-09-23 16:19:54,639 INFO: Plan 1: ḡ=7, γE[v]=0.0, Q=7.0 (fn)
2026-09-23 16:19:54,640 INFO: Plan 2: ḡ=81, γE[v]=0.0, Q=81.0 (fn)
2026-09-23 16:19:54,641 INFO: Plan 0: ḡ=0.3, γE[v]=1.2, Q=1.5 (bayes)
2026-09-23 16:19:54,641 INFO: Plan 0: ḡ=23.1, γE[v]=66.0, Q=89.0 (bayes)
2026-09-23 16:19:54,641 INFO: Plan 1: ḡ=2.3, γE[v]=0.2, Q=2.5 (bayes)
2026-09-23 16:19:54,641 INFO: Plan 1: ḡ=17.0, γE[v]=69.0, Q=86.0 (bayes)
2026-09-23 16:19:54,642 INFO: Plan 2: ḡ=0.0, γE[v]=1.3, Q=1.3 (bayes)
2026-09-23 16:19:54,642 INFO: Plan 2: ḡ=17.8, γE[v]=68.6, Q=86.4 (bayes)
2026-09-23 16:19:54,850 INFO: Plan 0: ḡ=1, γE[v]=0.0, Q=1.0 (fn)
2026-09-23 16:19:54,851 INFO: Plan 1: ḡ=1, γE[v]=0.0, Q=1.0 (fn)
2026-09-23 16:19:54,851 INFO: Plan 2: ḡ=4, γE[v]=0.0, Q=4.0 (fn)
2026-09-23 16:19:54,852 INFO: Plan 0: ḡ=0.1, γE[v]=0.3, Q=0.4 (bayes)
2026-09-23 16:19:54,852 INFO: Plan 1: ḡ=0.1, γE[v]=0.3, Q=0.4 (bayes)
2026-09-23 16:19:54,852 INFO: Plan 2: ḡ=0.4, γE[v]=0.1, Q=0.5 (bayes)
2026-09-23 16:19:55,274 INFO: Plan 0: ḡ=0, γE[v]=0.0, Q=0.0 (fn)
2026-09-23 16:19:55,275 INFO: Plan 1: ḡ=23, γE[v]=4.5, Q=27.5 (fn)
2026-09-23 16:19:55,276 INFO: Plan 0: ḡ=7.7, γE[v]=1.2, Q=8.8 (bayes)
2026-09-23 16:19:55,276 INFO: Plan 1: ḡ=7.7, γE[v]=1.5, Q=9.1 (bayes)
2026-09-23 16:19:55,276 INFO: Plan 2: ḡ=2.0, γE[v]=4.0, Q=6.0 (bayes)
2026-09-23 16:19:55,312 INFO: Plan 1: ḡ=0, γE[v]=0.0, Q=0.0 (fn)
2026-09-23 16:19:55,565 INFO: Plan 2: ḡ=0, γE[v]=0.0, Q=0.0 (fn)
2026-09-23 16:19:55,565 INFO: Plan 0: ḡ=0.0, γE[v]=0.0, Q=0.0 (bayes)
2026-09-23 16:19:55,565 INFO: Plan 1: ḡ=0.0, γE[v]=0.0, Q=0.0 (bayes)
2026-09-23 16:19:55,565 INFO: Plan 2: ḡ=0.0, γE[v]=0.0, Q=0.0 (bayes)
2026-09-23 16:19:56,126 INFO: Plan 2: ḡ=14, γE[v]=29.0, Q=43.0 (fn)
2026-09-23 16:19:56,126 INFO: Plan 0: ḡ=12.2, γE[v]=24.2, Q=36.4 (bayes)
2026-09-23 16:19:56,126 INFO: Plan 1: ḡ=7.5, γE[v]=26.5, Q=34.0 (bayes)
2026-09-23 16:19:56,126 INFO: Plan 2: ḡ=4.7, γE[v]=29.6, Q=34.3 (bayes)
2026-09-23 16:19:56,534 INFO: Plan 2: ḡ=5, γE[v]=0.0, Q=5.0 (fn)
2026-09-23 16:19:57,360 INFO: Plan 2: ḡ=10, γE[v]=12.0, Q=22.0 (fn)
2026-09-23 16:19:57,399 INFO: Plan 0: ḡ=7, γE[v]=0.0, Q=7.0 (fn)
2026-09-23 16:19:57,516 INFO: Plan 1: ḡ=0, γE[v]=0.0, Q=0.0 (fn)
2026-09-23 16:19:57,668 INFO: Plan 2: ḡ=51, γE[v]=0.0, Q=51.0 (fn)
2026-09-23 16:19:57,830 INFO: Plan 2: ḡ=0, γE[v]=0.0, Q=0.0 (fn)
2026-09-23 16:19:58,383 INFO: Plan 0: ḡ=0, γE[v]=0.0, Q=0.0 (fn)
2026-09-23 16:19:58,383 INFO: Plan 0: ḡ=0.0, γE[v]=0.0, Q=0.0 (bayes)
2026-09-23 16:19:58,384 INFO: Plan 1: ḡ=0.0, γE[v]=0.0, Q=0.0 (bayes)
2026-09-23 16:19:58,384 INFO: Plan 2: ḡ=0.0, γE[v]=0.0, Q=0.0 (bayes)
2026-09-23 16:19:58,866 INFO: Plan 2: ḡ=0, γE[v]=0.0, Q=0.0 (fn)
2026-09-23 16:19:58,911 INFO: Plan 1: ḡ=21, γE[v]=15.0, Q=36.0 (fn)
2026-09-23 16:19:58,911 INFO: Plan 1: ḡ=7, γE[v]=0.0, Q=7.0 (fn)
2026-09-23 16:19:58,912 INFO: Plan 0: ḡ=11.0, γE[v]=28.7, Q=39.7 (bayes)
2026-09-23 16:19:58,912 INFO: Plan 1: ḡ=7.4, γE[v]=31.4, Q=38.8 (bayes)
2026-09-23 16:19:58,912 INFO: Plan 2: ḡ=4.2, γE[v]=32.8, Q=37.0 (bayes)
2026-09-23 16:19:59,366 INFO: Plan 0: ḡ=13, γE[v]=19.5, Q=32.5 (fn)
2026-09-23 16:19:59,448 INFO: Plan 0: ḡ=2, γE[v]=0.0, Q=2.0 (fn)
2026-09-23 16:19:59,449 INFO: Plan 0: ḡ=0.4, γE[v]=0.9, Q=1.3 (bayes)
2026-09-23 16:19:59,449 INFO: Plan 1: ḡ=1.8, γE[v]=0.2, Q=1.9 (bayes)
2026-09-23 16:19:59,449 INFO: Plan 2: ḡ=0.0, γE[v]=1.1, Q=1.1 (bayes)
2026-09-23 16:20:01,354 INFO: Plan 1: ḡ=170, γE[v]=0.0, Q=170.0 (fn)
2026-09-23 16:20:01,354 INFO: Plan 0: ḡ=3.7, γE[v]=26.8, Q=30.5 (bayes)
2026-09-23 16:20:01,355 INFO: Plan 1: ḡ=51.7, γE[v]=1.4, Q=53.1 (bayes)
2026-09-23 16:20:01,355 INFO: Plan 2: ḡ=11.2, γE[v]=21.7, Q=32.9 (bayes)
2026-09-23 16:20:01,860 INFO: Plan 1: ḡ=35, γE[v]=5.0, Q=40.0 (fn)
2026-09-23 16:20:01,861 INFO: Plan 0: ḡ=3.5, γE[v]=9.2, Q=12.8 (bayes)
2026-09-23 16:20:01,861 INFO: Plan 1: ḡ=16.2, γE[v]=3.1, Q=19.3 (bayes)
2026-09-23 16:20:01,861 INFO: Plan 2: ḡ=2.3, γE[v]=9.8, Q=12.2 (bayes)
2026-09-23 16:20:02,589 INFO: Plan 0: ḡ=22, γE[v]=0.0, Q=22.0 (fn)
2026-09-23 16:20:03,424 INFO: Plan 1: ḡ=23, γE[v]=0.0, Q=23.0 (fn)
2026-09-23 16:20:04,661 INFO: Plan 2: ḡ=16, γE[v]=1.0, Q=17.0 (fn)
2026-09-23 16:20:04,661 INFO: Plan 0: ḡ=7.3, γE[v]=10.2, Q=17.5 (bayes)
2026-09-23 16:20:04,662 INFO: Plan 1: ḡ=7.2, γE[v]=10.3, Q=17.4 (bayes)
2026-09-23 16:20:04,662 INFO: Plan 2: ḡ=5.4, γE[v]=11.2, Q=16.6 (bayes)
2026-09-23 16:20:06,562 INFO: Plan 1: ḡ=51, γE[v]=0.0, Q=51.0 (fn)
2026-09-23 16:20:06,737 INFO: Plan 0: ḡ=240, γE[v]=0.0, Q=240.0 (fn)
2026-09-23 16:20:10,233 INFO: Plan 0: ḡ=24, γE[v]=0.0, Q=24.0 (fn)
2026-09-23 16:20:10,233 INFO: Plan 2: ḡ=34, γE[v]=0.0, Q=34.0 (fn)
2026-09-23 16:20:12,400 INFO: Plan 0: ḡ=30, γE[v]=6.0, Q=36.0 (fn)
2026-09-23 16:20:12,597 INFO: Plan 2: ḡ=424, γE[v]=0.0, Q=424.0 (fn)
2026-09-23 16:20:12,598 INFO: Plan 0: ḡ=40.4, γE[v]=25.8, Q=66.2 (bayes)
2026-09-23 16:20:12,599 INFO: Plan 1: ḡ=11.4, γE[v]=40.3, Q=51.7 (bayes)
2026-09-23 16:20:12,600 INFO: Plan 2: ḡ=92.0, γE[v]=0.0, Q=92.0 (bayes)
2026-09-23 16:20:13,705 INFO: Plan 1: ḡ=58, γE[v]=17.0, Q=75.0 (fn)
2026-09-23 16:20:13,705 INFO: Plan 0: ḡ=3.3, γE[v]=3.9, Q=7.3 (bayes)
2026-09-23 16:20:13,706 INFO: Plan 1: ḡ=6.4, γE[v]=3.2, Q=9.7 (bayes)
2026-09-23 16:20:13,706 INFO: Plan 2: ḡ=3.8, γE[v]=3.2, Q=7.0 (bayes)
2026-09-23 16:20:14,048 INFO: Plan 1: ḡ=95, γE[v]=42.5, Q=137.5 (fn)
2026-09-23 16:20:15,027 INFO: Plan 2: ḡ=85, γE[v]=47.5, Q=132.5 (fn)
2026-09-23 16:20:15,028 INFO: Plan 0: ḡ=4.1, γE[v]=12.9, Q=17.0 (bayes)
2026-09-23 16:20:15,028 INFO: Plan 1: ḡ=13.6, γE[v]=11.4, Q=25.0 (bayes)
2026-09-23 16:20:15,028 INFO: Plan 2: ḡ=12.1, γE[v]=12.5, Q=24.6 (bayes)
2026-09-23 16:20:16,925 INFO: Plan 0: ḡ=0, γE[v]=0.0, Q=0.0 (fn)
2026-09-23 16:20:17,582 INFO: Plan 1: ḡ=0, γE[v]=0.0, Q=0.0 (fn)
2026-09-23 16:20:17,582 INFO: Plan 2: ḡ=0, γE[v]=0.0, Q=0.0 (fn)
2026-09-23 16:20:17,583 INFO: Plan 0: ḡ=0.0, γE[v]=0.0, Q=0.0 (bayes)
2026-09-23 16:20:17,583 INFO: Plan 1: ḡ=0.0, γE[v]=0.0, Q=0.0 (bayes)
2026-09-23 16:20:17,583 INFO: Plan 2: ḡ=0.0, γE[v]=0.0, Q=0.0 (bayes)
2026-09-23 16:20:18,553 INFO: Plan 2: ḡ=15, γE[v]=0.0, Q=15.0 (fn)
2026-09-23 16:20:18,636 INFO: Plan 0: ḡ=2, γE[v]=0.0, Q=2.0 (fn)
2026-09-23 16:20:18,907 INFO: Plan 1: ḡ=2, γE[v]=0.0, Q=2.0 (fn)
2026-09-23 16:20:18,908 INFO: Plan 0: ḡ=0.7, γE[v]=1.1, Q=1.8 (bayes)
2026-09-23 16:20:18,908 INFO: Plan 1: ḡ=0.7, γE[v]=1.1, Q=1.8 (bayes)
2026-09-23 16:20:18,908 INFO: Plan 2: ḡ=1.5, γE[v]=0.7, Q=2.2 (bayes)
2026-09-23 16:20:21,667 INFO: Plan 0: ḡ=2, γE[v]=0.0, Q=2.0 (fn)
2026-09-23 16:20:22,187 INFO: Plan 2: ḡ=5, γE[v]=1.5, Q=6.5 (fn)
2026-09-23 16:20:22,229 INFO: Plan 1: ḡ=3, γE[v]=0.0, Q=3.0 (fn)
2026-09-23 16:20:22,591 INFO: Plan 2: ḡ=2, γE[v]=0.0, Q=2.0 (fn)
2026-09-23 16:20:22,592 INFO: Plan 0: ḡ=0.7, γE[v]=0.9, Q=1.6 (bayes)
2026-09-23 16:20:22,592 INFO: Plan 1: ḡ=1.3, γE[v]=0.6, Q=1.9 (bayes)
2026-09-23 16:20:22,592 INFO: Plan 2: ḡ=0.5, γE[v]=1.0, Q=1.5 (bayes)
2026-09-23 16:20:22,719 INFO: Plan 1: ḡ=11, γE[v]=0.0, Q=11.0 (fn)
2026-09-23 16:20:23,715 INFO: Plan 2: ḡ=10, γE[v]=0.0, Q=10.0 (fn)
2026-09-23 16:20:23,903 INFO: Plan 0: ḡ=22, γE[v]=0.0, Q=22.0 (fn)
2026-09-23 16:20:24,088 INFO: Plan 1: ḡ=3, γE[v]=0.0, Q=3.0 (fn)
2026-09-23 16:20:24,089 INFO: Plan 0: ḡ=5.3, γE[v]=2.9, Q=8.2 (bayes)
2026-09-23 16:20:24,089 INFO: Plan 1: ḡ=0.8, γE[v]=5.2, Q=5.9 (bayes)
2026-09-23 16:20:24,089 INFO: Plan 2: ḡ=5.0, γE[v]=3.0, Q=8.0 (bayes)
2026-09-23 16:20:24,633 INFO: Plan 0: ḡ=0, γE[v]=0.0, Q=0.0 (fn)
2026-09-23 16:20:24,828 INFO: Plan 1: ḡ=0, γE[v]=0.0, Q=0.0 (fn)
2026-09-23 16:20:25,647 INFO: Plan 2: ḡ=0, γE[v]=0.0, Q=0.0 (fn)
2026-09-23 16:20:25,647 INFO: Plan 0: ḡ=0.0, γE[v]=0.0, Q=0.0 (bayes)
2026-09-23 16:20:25,647 INFO: Plan 1: ḡ=0.0, γE[v]=0.0, Q=0.0 (bayes)
2026-09-23 16:20:25,647 INFO: Plan 2: ḡ=0.0, γE[v]=0.0, Q=0.0 (bayes)
2026-09-23 16:20:26,076 INFO: Plan 2: ḡ=9, γE[v]=0.0, Q=9.0 (fn)
2026-09-23 16:20:26,461 INFO: Plan 1: ḡ=0, γE[v]=0.0, Q=0.0 (fn)
2026-09-23 16:20:26,584 INFO: Plan 0: ḡ=2, γE[v]=0.0, Q=2.0 (fn)
2026-09-23 16:20:26,626 INFO: Plan 2: ḡ=0, γE[v]=0.0, Q=0.0 (fn)
2026-09-23 16:20:26,627 INFO: Plan 0: ḡ=0.2, γE[v]=0.0, Q=0.2 (bayes)
2026-09-23 16:20:26,627 INFO: Plan 1: ḡ=0.0, γE[v]=0.1, Q=0.1 (bayes)
2026-09-23 16:20:26,627 INFO: Plan 2: ḡ=0.0, γE[v]=0.1, Q=0.1 (bayes)
2026-09-23 16:20:26,920 INFO: Plan 1: ḡ=7, γE[v]=0.0, Q=7.0 (fn)
2026-09-23 16:20:27,259 INFO: Plan 0: ḡ=4, γE[v]=0.0, Q=4.0 (fn)
2026-09-23 16:20:27,260 INFO: Plan 0: ḡ=1.8, γE[v]=3.2, Q=5.1 (bayes)
2026-09-23 16:20:27,260 INFO: Plan 1: ḡ=3.5, γE[v]=2.4, Q=5.9 (bayes)
2026-09-23 16:20:27,260 INFO: Plan 2: ḡ=3.0, γE[v]=2.7, Q=5.7 (bayes)
2026-09-23 16:20:27,779 INFO: Plan 0: ḡ=15, γE[v]=4.0, Q=19.0 (fn)
2026-09-23 16:20:27,779 INFO: Plan 0: ḡ=2.0, γE[v]=1.0, Q=3.0 (bayes)
2026-09-23 16:20:27,779 INFO: Plan 1: ḡ=1.7, γE[v]=0.8, Q=2.5 (bayes)
2026-09-23 16:20:27,780 INFO: Plan 2: ḡ=0.8, γE[v]=1.4, Q=2.2 (bayes)
2026-09-23 16:20:28,113 INFO: Plan 2: ḡ=53, γE[v]=0.0, Q=53.0 (fn)
2026-09-23 16:20:28,359 INFO: Plan 0: ḡ=52, γE[v]=0.5, Q=52.5 (fn)
2026-09-23 16:20:28,625 INFO: Plan 1: ḡ=52, γE[v]=0.5, Q=52.5 (fn)
2026-09-23 16:20:28,626 INFO: Plan 0: ḡ=10.4, γE[v]=0.1, Q=10.5 (bayes)
2026-09-23 16:20:28,626 INFO: Plan 1: ḡ=10.4, γE[v]=0.1, Q=10.5 (bayes)
2026-09-23 16:20:28,626 INFO: Plan 2: ḡ=10.6, γE[v]=0.0, Q=10.6 (bayes)
2026-09-23 16:20:33,583 INFO: Plan 0: ḡ=0, γE[v]=0.0, Q=0.0 (fn)
2026-09-23 16:20:33,801 INFO: Plan 1: ḡ=0, γE[v]=0.0, Q=0.0 (fn)
2026-09-23 16:20:33,801 INFO: Plan 2: ḡ=0, γE[v]=0.0, Q=0.0 (fn)
2026-09-23 16:20:33,802 INFO: Plan 0: ḡ=0.0, γE[v]=0.0, Q=0.0 (bayes)
2026-09-23 16:20:33,802 INFO: Plan 1: ḡ=0.0, γE[v]=0.0, Q=0.0 (bayes)
2026-09-23 16:20:33,802 INFO: Plan 2: ḡ=0.0, γE[v]=0.0, Q=0.0 (bayes)
2026-09-23 16:20:35,295 INFO: Plan 0: ḡ=19, γE[v]=0.0, Q=19.0 (fn)
2026-09-23 16:20:35,659 INFO: Plan 1: ḡ=14, γE[v]=0.0, Q=14.0 (fn)
2026-09-23 16:20:36,101 INFO: Plan 2: ḡ=13, γE[v]=0.0, Q=13.0 (fn)
2026-09-23 16:20:36,102 INFO: Plan 0: ḡ=4.8, γE[v]=3.1, Q=7.8 (bayes)
2026-09-23 16:20:36,102 INFO: Plan 1: ḡ=2.9, γE[v]=4.0, Q=6.8 (bayes)
2026-09-23 16:20:36,102 INFO: Plan 2: ḡ=3.2, γE[v]=3.8, Q=7.0 (bayes)
2026-09-23 16:20:36,622 INFO: Plan 0: ḡ=18, γE[v]=0.0, Q=18.0 (fn)
2026-09-23 16:20:37,783 INFO: Plan 1: ḡ=8, γE[v]=0.0, Q=8.0 (fn)
2026-09-23 16:20:38,080 INFO: Plan 2: ḡ=0, γE[v]=0.0, Q=0.0 (fn)
2026-09-23 16:20:38,120 INFO: Plan 2: ḡ=10, γE[v]=0.0, Q=10.0 (fn)
2026-09-23 16:20:38,121 INFO: Plan 0: ḡ=3.6, γE[v]=1.8, Q=5.3 (bayes)
2026-09-23 16:20:38,121 INFO: Plan 1: ḡ=2.2, γE[v]=2.5, Q=4.6 (bayes)
2026-09-23 16:20:38,121 INFO: Plan 2: ḡ=2.8, γE[v]=2.1, Q=5.0 (bayes)
2026-09-23 16:20:38,634 INFO: Plan 0: ḡ=1, γE[v]=0.0, Q=1.0 (fn)
2026-09-23 16:20:38,635 INFO: Plan 1: ḡ=0, γE[v]=0.0, Q=0.0 (fn)
2026-09-23 16:20:38,636 INFO: Plan 1: ḡ=1, γE[v]=0.0, Q=1.0 (fn)
2026-09-23 16:20:38,636 INFO: Plan 0: ḡ=0.1, γE[v]=0.1, Q=0.2 (bayes)
2026-09-23 16:20:38,636 INFO: Plan 1: ḡ=0.1, γE[v]=0.1, Q=0.2 (bayes)
2026-09-23 16:20:38,637 INFO: Plan 2: ḡ=0.0, γE[v]=0.1, Q=0.1 (bayes)
2026-09-23 16:20:39,236 INFO: Plan 2: ḡ=0, γE[v]=0.0, Q=0.0 (fn)
2026-09-23 16:20:39,236 INFO: Plan 0: ḡ=0, γE[v]=0.0, Q=0.0 (fn)
2026-09-23 16:20:39,237 INFO: Plan 0: ḡ=0.0, γE[v]=0.0, Q=0.0 (bayes)
2026-09-23 16:20:39,237 INFO: Plan 1: ḡ=0.0, γE[v]=0.0, Q=0.0 (bayes)
2026-09-23 16:20:39,237 INFO: Plan 2: ḡ=0.0, γE[v]=0.0, Q=0.0 (bayes)
2026-09-23 16:20:39,278 INFO: Plan 1: ḡ=0, γE[v]=0.0, Q=0.0 (fn)
2026-09-23 16:20:39,486 INFO: Plan 0: ḡ=0, γE[v]=0.0, Q=0.0 (fn)
2026-09-23 16:20:39,528 INFO: Plan 2: ḡ=0, γE[v]=0.0, Q=0.0 (fn)
2026-09-23 16:20:39,528 INFO: Plan 0: ḡ=0.0, γE[v]=0.0, Q=0.0 (bayes)
2026-09-23 16:20:39,528 INFO: Plan 1: ḡ=0.0, γE[v]=0.0, Q=0.0 (bayes)
2026-09-23 16:20:39,529 INFO: Plan 2: ḡ=0.0, γE[v]=0.0, Q=0.0 (bayes)
2026-09-23 16:20:40,117 INFO: Plan 2: ḡ=2, γE[v]=0.0, Q=2.0 (fn)
2026-09-23 16:20:40,444 INFO: Plan 0: ḡ=3, γE[v]=0.0, Q=3.0 (fn)
2026-09-23 16:20:41,011 INFO: Plan 1: ḡ=4, γE[v]=0.0, Q=4.0 (fn)
2026-09-23 16:20:41,011 INFO: Plan 0: ḡ=0.5, γE[v]=0.2, Q=0.7 (bayes)
2026-09-23 16:20:41,012 INFO: Plan 1: ḡ=0.5, γE[v]=0.2, Q=0.7 (bayes)
2026-09-23 16:20:41,012 INFO: Plan 2: ḡ=0.2, γE[v]=0.4, Q=0.6 (bayes)
2026-09-23 16:20:42,596 INFO: Plan 0: ḡ=0, γE[v]=0.0, Q=0.0 (fn)
2026-09-23 16:20:43,243 INFO: Plan 1: ḡ=0, γE[v]=0.0, Q=0.0 (fn)
2026-09-23 16:20:43,283 INFO: Plan 2: ḡ=0, γE[v]=0.0, Q=0.0 (fn)
2026-09-23 16:20:43,283 INFO: Plan 0: ḡ=0.0, γE[v]=0.0, Q=0.0 (bayes)
2026-09-23 16:20:43,283 INFO: Plan 1: ḡ=0.0, γE[v]=0.0, Q=0.0 (bayes)
2026-09-23 16:20:43,283 INFO: Plan 2: ḡ=0.0, γE[v]=0.0, Q=0.0 (bayes)
2026-09-23 16:20:49,592 INFO: Plan 1: ḡ=0, γE[v]=0.0, Q=0.0 (fn)
2026-09-23 16:20:49,593 INFO: Plan 0: ḡ=0, γE[v]=0.0, Q=0.0 (fn)
2026-09-23 16:20:50,115 INFO: Plan 2: ḡ=0, γE[v]=0.0, Q=0.0 (fn)
2026-09-23 16:20:50,115 INFO: Plan 0: ḡ=0.0, γE[v]=0.0, Q=0.0 (bayes)
2026-09-23 16:20:50,116 INFO: Plan 1: ḡ=0.0, γE[v]=0.0, Q=0.0 (bayes)
2026-09-23 16:20:50,116 INFO: Plan 2: ḡ=0.0, γE[v]=0.0, Q=0.0 (bayes)
2026-09-23 16:20:51,283 INFO: Plan 0: ḡ=54, γE[v]=3.0, Q=57.0 (fn)
2026-09-23 16:20:52,041 INFO: Plan 1: ḡ=0, γE[v]=0.0, Q=0.0 (fn)
2026-09-23 16:20:52,042 INFO: Plan 0: ḡ=8, γE[v]=0.0, Q=8.0 (fn)
2026-09-23 16:20:52,283 INFO: Plan 2: ḡ=0, γE[v]=0.0, Q=0.0 (fn)
2026-09-23 16:20:52,283 INFO: Plan 0: ḡ=2.0, γE[v]=0.0, Q=2.0 (bayes)
2026-09-23 16:20:52,283 INFO: Plan 1: ḡ=0.0, γE[v]=1.0, Q=1.0 (bayes)
2026-09-23 16:20:52,283 INFO: Plan 2: ḡ=0.0, γE[v]=1.0, Q=1.0 (bayes)
2026-09-23 16:20:52,749 INFO: Plan 1: ḡ=10, γE[v]=0.0, Q=10.0 (fn)
2026-09-23 16:20:52,986 INFO: Plan 2: ḡ=85, γE[v]=0.0, Q=85.0 (fn)
2026-09-23 16:20:52,986 INFO: Plan 0: ḡ=13.7, γE[v]=27.5, Q=41.1 (bayes)
2026-09-23 16:20:52,986 INFO: Plan 1: ḡ=3.3, γE[v]=32.4, Q=35.8 (bayes)
2026-09-23 16:20:52,986 INFO: Plan 2: ḡ=42.2, γE[v]=13.0, Q=55.2 (bayes)
2026-09-23 16:20:54,972 INFO: Plan 0: ḡ=0, γE[v]=0.0, Q=0.0 (fn)
2026-09-23 16:20:55,250 INFO: Plan 1: ḡ=0, γE[v]=0.0, Q=0.0 (fn)
2026-09-23 16:20:55,250 INFO: Plan 1: ḡ=67, γE[v]=0.0, Q=67.0 (fn)
2026-09-23 16:20:55,713 INFO: Plan 2: ḡ=67, γE[v]=0.0, Q=67.0 (fn)
2026-09-23 16:20:56,342 INFO: Plan 2: ḡ=0, γE[v]=0.0, Q=0.0 (fn)
2026-09-23 16:20:56,343 INFO: Plan 0: ḡ=0.0, γE[v]=0.0, Q=0.0 (bayes)
2026-09-23 16:20:56,343 INFO: Plan 1: ḡ=0.0, γE[v]=0.0, Q=0.0 (bayes)
2026-09-23 16:20:56,343 INFO: Plan 2: ḡ=0.0, γE[v]=0.0, Q=0.0 (bayes)
2026-09-23 16:20:56,383 INFO: Plan 0: ḡ=62, γE[v]=2.5, Q=64.5 (fn)
2026-09-23 16:20:56,383 INFO: Plan 0: ḡ=15.5, γE[v]=0.8, Q=16.3 (bayes)
2026-09-23 16:20:56,384 INFO: Plan 1: ḡ=16.8, γE[v]=0.0, Q=16.8 (bayes)
2026-09-23 16:20:56,384 INFO: Plan 2: ḡ=16.8, γE[v]=0.0, Q=16.8 (bayes)
2026-09-23 16:20:56,765 INFO: Plan 2: ḡ=4, γE[v]=0.0, Q=4.0 (fn)
2026-09-23 16:20:56,909 INFO: Plan 0: ḡ=1, γE[v]=0.0, Q=1.0 (fn)
2026-09-23 16:20:56,910 INFO: Plan 1: ḡ=1, γE[v]=0.0, Q=1.0 (fn)
2026-09-23 16:20:56,910 INFO: Plan 0: ḡ=0.1, γE[v]=0.2, Q=0.4 (bayes)
2026-09-23 16:20:56,910 INFO: Plan 1: ḡ=0.1, γE[v]=0.2, Q=0.4 (bayes)
2026-09-23 16:20:56,910 INFO: Plan 2: ḡ=0.3, γE[v]=0.1, Q=0.5 (bayes)
2026-09-23 16:21:01,496 INFO: Plan 1: ḡ=2, γE[v]=0.0, Q=2.0 (fn)
2026-09-23 16:21:01,497 INFO: Plan 0: ḡ=1, γE[v]=0.5, Q=1.5 (fn)
2026-09-23 16:21:02,234 INFO: Plan 0: ḡ=1, γE[v]=0.0, Q=1.0 (fn)
2026-09-23 16:21:02,870 INFO: Plan 2: ḡ=2, γE[v]=0.0, Q=2.0 (fn)
2026-09-23 16:21:02,870 INFO: Plan 0: ḡ=0.3, γE[v]=0.2, Q=0.5 (bayes)
2026-09-23 16:21:02,870 INFO: Plan 1: ḡ=0.7, γE[v]=0.0, Q=0.7 (bayes)
2026-09-23 16:21:02,871 INFO: Plan 2: ḡ=0.7, γE[v]=0.0, Q=0.7 (bayes)
2026-09-23 16:21:02,907 INFO: Plan 2: ḡ=0, γE[v]=0.0, Q=0.0 (fn)
2026-09-23 16:21:03,350 INFO: Plan 1: ḡ=2, γE[v]=0.0, Q=2.0 (fn)
2026-09-23 16:21:03,350 INFO: Plan 0: ḡ=0.2, γE[v]=0.1, Q=0.3 (bayes)
2026-09-23 16:21:03,351 INFO: Plan 1: ḡ=0.5, γE[v]=0.0, Q=0.5 (bayes)
2026-09-23 16:21:03,351 INFO: Plan 2: ḡ=0.0, γE[v]=0.2, Q=0.2 (bayes)
2026-09-23 16:21:04,815 INFO: Plan 2: ḡ=29, γE[v]=0.0, Q=29.0 (fn)
2026-09-23 16:21:04,989 INFO: Plan 1: ḡ=160, γE[v]=0.0, Q=160.0 (fn)
2026-09-23 16:21:05,317 INFO: Plan 0: ḡ=7, γE[v]=0.0, Q=7.0 (fn)
2026-09-23 16:21:05,496 INFO: Plan 1: ḡ=7, γE[v]=0.0, Q=7.0 (fn)
2026-09-23 16:21:05,725 INFO: Plan 0: ḡ=3, γE[v]=0.0, Q=3.0 (fn)
2026-09-23 16:21:05,807 INFO: Plan 0: ḡ=28, γE[v]=0.0, Q=28.0 (fn)
2026-09-23 16:21:05,808 INFO: Plan 0: ḡ=9.2, γE[v]=15.5, Q=24.8 (bayes)
2026-09-23 16:21:05,808 INFO: Plan 1: ḡ=23.7, γE[v]=8.3, Q=32.0 (bayes)
2026-09-23 16:21:05,808 INFO: Plan 2: ḡ=7.3, γE[v]=16.5, Q=23.8 (bayes)
2026-09-23 16:21:06,110 INFO: Plan 2: ḡ=2, γE[v]=0.0, Q=2.0 (fn)
2026-09-23 16:21:06,111 INFO: Plan 0: ḡ=1.0, γE[v]=1.6, Q=2.6 (bayes)
2026-09-23 16:21:06,113 INFO: Plan 1: ḡ=2.3, γE[v]=0.9, Q=3.2 (bayes)
2026-09-23 16:21:06,116 INFO: Plan 2: ḡ=0.8, γE[v]=1.7, Q=2.5 (bayes)
2026-09-23 16:21:07,786 INFO: Plan 0: ḡ=5, γE[v]=0.0, Q=5.0 (fn)
2026-09-23 16:21:07,973 INFO: Plan 1: ḡ=2, γE[v]=0.0, Q=2.0 (fn)
2026-09-23 16:21:09,900 INFO: Plan 2: ḡ=1, γE[v]=3.0, Q=4.0 (fn)
2026-09-23 16:21:09,901 INFO: Plan 0: ḡ=0.7, γE[v]=0.4, Q=1.1 (bayes)
2026-09-23 16:21:09,901 INFO: Plan 1: ḡ=0.8, γE[v]=0.4, Q=1.2 (bayes)
2026-09-23 16:21:09,901 INFO: Plan 2: ḡ=0.3, γE[v]=0.8, Q=1.2 (bayes)
2026-09-23 16:21:10,927 INFO: Plan 2: ḡ=14, γE[v]=26.0, Q=40.0 (fn)
2026-09-23 16:21:11,051 INFO: Plan 0: ḡ=56, γE[v]=0.0, Q=56.0 (fn)
2026-09-23 16:21:11,394 INFO: Plan 1: ḡ=12, γE[v]=13.0, Q=25.0 (fn)
2026-09-23 16:21:11,395 INFO: Plan 0: ḡ=2.3, γE[v]=48.0, Q=50.3 (bayes)
2026-09-23 16:21:11,395 INFO: Plan 1: ḡ=4.8, γE[v]=47.3, Q=52.2 (bayes)
2026-09-23 16:21:11,395 INFO: Plan 2: ḡ=3.8, γE[v]=48.8, Q=52.6 (bayes)
2026-09-23 16:21:11,723 INFO: Plan 2: ḡ=0, γE[v]=0.0, Q=0.0 (fn)
2026-09-23 16:21:11,724 INFO: Plan 1: ḡ=0, γE[v]=0.0, Q=0.0 (fn)
2026-09-23 16:21:11,768 INFO: Plan 0: ḡ=2, γE[v]=0.0, Q=2.0 (fn)
2026-09-23 16:21:11,769 INFO: Plan 0: ḡ=4, γE[v]=0.0, Q=4.0 (fn)
2026-09-23 16:21:11,771 INFO: Plan 0: ḡ=0.8, γE[v]=0.0, Q=0.8 (bayes)
2026-09-23 16:21:11,773 INFO: Plan 1: ḡ=0.0, γE[v]=0.4, Q=0.4 (bayes)
2026-09-23 16:21:11,776 INFO: Plan 2: ḡ=0.0, γE[v]=0.4, Q=0.4 (bayes)
2026-09-23 16:21:12,245 INFO: Plan 2: ḡ=15, γE[v]=0.0, Q=15.0 (fn)
2026-09-23 16:21:12,523 INFO: Plan 2: ḡ=49, γE[v]=0.0, Q=49.0 (fn)
2026-09-23 16:21:12,523 INFO: Plan 1: ḡ=2, γE[v]=0.0, Q=2.0 (fn)
2026-09-23 16:21:12,524 INFO: Plan 0: ḡ=0.7, γE[v]=1.0, Q=1.7 (bayes)
2026-09-23 16:21:12,524 INFO: Plan 1: ḡ=0.7, γE[v]=1.0, Q=1.7 (bayes)
2026-09-23 16:21:12,524 INFO: Plan 2: ḡ=1.4, γE[v]=0.7, Q=2.0 (bayes)
2026-09-23 16:21:13,242 INFO: Plan 1: ḡ=66, γE[v]=10.0, Q=76.0 (fn)
2026-09-23 16:21:13,242 INFO: Plan 0: ḡ=17.3, γE[v]=26.2, Q=43.6 (bayes)
2026-09-23 16:21:13,242 INFO: Plan 1: ḡ=33.0, γE[v]=18.9, Q=51.9 (bayes)
2026-09-23 16:21:13,242 INFO: Plan 2: ḡ=23.0, γE[v]=23.4, Q=46.4 (bayes)
2026-09-23 16:21:13,557 INFO: Plan 0: ḡ=0, γE[v]=0.0, Q=0.0 (fn)
2026-09-23 16:21:13,749 INFO: Plan 2: ḡ=0, γE[v]=0.0, Q=0.0 (fn)
2026-09-23 16:21:14,531 INFO: Plan 1: ḡ=0, γE[v]=0.0, Q=0.0 (fn)
2026-09-23 16:21:14,531 INFO: Plan 0: ḡ=0.0, γE[v]=0.0, Q=0.0 (bayes)
2026-09-23 16:21:14,531 INFO: Plan 1: ḡ=0.0, γE[v]=0.0, Q=0.0 (bayes)
2026-09-23 16:21:14,531 INFO: Plan 2: ḡ=0.0, γE[v]=0.0, Q=0.0 (bayes)
2026-09-23 16:21:14,804 INFO: Plan 0: ḡ=2, γE[v]=0.0, Q=2.0 (fn)
2026-09-23 16:21:14,806 INFO: Plan 1: ḡ=0, γE[v]=0.0, Q=0.0 (fn)
2026-09-23 16:21:14,806 INFO: Plan 2: ḡ=0, γE[v]=0.0, Q=0.0 (fn)
2026-09-23 16:21:14,806 INFO: Plan 0: ḡ=0.2, γE[v]=0.0, Q=0.2 (bayes)
2026-09-23 16:21:14,807 INFO: Plan 1: ḡ=0.0, γE[v]=0.1, Q=0.1 (bayes)
2026-09-23 16:21:14,807 INFO: Plan 2: ḡ=0.0, γE[v]=0.1, Q=0.1 (bayes)
2026-09-23 16:21:15,663 INFO: Plan 0: ḡ=31, γE[v]=0.0, Q=31.0 (fn)
2026-09-23 16:21:16,024 INFO: Plan 2: ḡ=1, γE[v]=0.0, Q=1.0 (fn)
2026-09-23 16:21:16,066 INFO: Plan 2: ḡ=5, γE[v]=0.0, Q=5.0 (fn)
2026-09-23 16:21:16,106 INFO: Plan 0: ḡ=3, γE[v]=0.0, Q=3.0 (fn)
2026-09-23 16:21:16,247 INFO: Plan 0: ḡ=20, γE[v]=0.0, Q=20.0 (fn)
2026-09-23 16:21:16,358 INFO: Plan 0: ḡ=2, γE[v]=0.0, Q=2.0 (fn)
2026-09-23 16:21:16,585 INFO: Plan 1: ḡ=2, γE[v]=0.0, Q=2.0 (fn)
2026-09-23 16:21:16,585 INFO: Plan 0: ḡ=0.7, γE[v]=0.2, Q=0.9 (bayes)
2026-09-23 16:21:16,585 INFO: Plan 1: ḡ=0.5, γE[v]=0.3, Q=0.8 (bayes)
2026-09-23 16:21:16,585 INFO: Plan 2: ḡ=0.3, γE[v]=0.4, Q=0.8 (bayes)
2026-09-23 16:21:16,933 INFO: Plan 1: ḡ=31, γE[v]=0.0, Q=31.0 (fn)
2026-09-23 16:21:16,933 INFO: Plan 2: ḡ=11, γE[v]=0.0, Q=11.0 (fn)
2026-09-23 16:21:17,290 INFO: Plan 0: ḡ=0, γE[v]=0.0, Q=0.0 (fn)
2026-09-23 16:21:17,329 INFO: Plan 1: ḡ=0, γE[v]=0.0, Q=0.0 (fn)
2026-09-23 16:21:17,411 INFO: Plan 2: ḡ=0, γE[v]=0.0, Q=0.0 (fn)
2026-09-23 16:21:17,411 INFO: Plan 0: ḡ=0.0, γE[v]=0.0, Q=0.0 (bayes)
2026-09-23 16:21:17,411 INFO: Plan 1: ḡ=0.0, γE[v]=0.0, Q=0.0 (bayes)
2026-09-23 16:21:17,411 INFO: Plan 2: ḡ=0.0, γE[v]=0.0, Q=0.0 (bayes)
2026-09-23 16:21:17,735 INFO: Plan 1: ḡ=6, γE[v]=1.0, Q=7.0 (fn)
2026-09-23 16:21:17,735 INFO: Plan 0: ḡ=0.8, γE[v]=2.5, Q=3.2 (bayes)
2026-09-23 16:21:17,736 INFO: Plan 1: ḡ=2.8, γE[v]=1.6, Q=4.3 (bayes)
2026-09-23 16:21:17,736 INFO: Plan 2: ḡ=2.5, γE[v]=1.6, Q=4.1 (bayes)
2026-09-23 16:21:18,585 INFO: Plan 2: ḡ=37, γE[v]=0.0, Q=37.0 (fn)
2026-09-23 16:21:18,586 INFO: Plan 0: ḡ=8.6, γE[v]=64.0, Q=72.6 (bayes)
2026-09-23 16:21:18,586 INFO: Plan 1: ḡ=15.5, γE[v]=60.5, Q=76.0 (bayes)
2026-09-23 16:21:18,586 INFO: Plan 2: ḡ=11.9, γE[v]=62.3, Q=74.2 (bayes)
  [49/93] httpx._utils seed=42: {'cov_qvalue_tgt_fnt_bayes': 63}
2026-09-23 16:21:20,084 INFO: Plan 1: ḡ=53, γE[v]=0.0, Q=53.0 (fn)
2026-09-23 16:21:20,084 INFO: Plan 0: ḡ=53, γE[v]=0.0, Q=53.0 (fn)
2026-09-23 16:21:20,389 INFO: Plan 2: ḡ=53, γE[v]=0.0, Q=53.0 (fn)
2026-09-23 16:21:20,390 INFO: Plan 0: ḡ=8.8, γE[v]=0.0, Q=8.8 (bayes)
2026-09-23 16:21:20,390 INFO: Plan 1: ḡ=8.8, γE[v]=0.0, Q=8.8 (bayes)
2026-09-23 16:21:20,390 INFO: Plan 2: ḡ=8.8, γE[v]=0.0, Q=8.8 (bayes)
2026-09-23 16:21:20,634 INFO: Plan 2: ḡ=8, γE[v]=0.0, Q=8.0 (fn)
2026-09-23 16:21:21,687 INFO: Plan 0: ḡ=16, γE[v]=0.0, Q=16.0 (fn)
2026-09-23 16:21:23,170 INFO: Plan 2: ḡ=10, γE[v]=0.0, Q=10.0 (fn)
2026-09-23 16:21:23,598 INFO: Plan 1: ḡ=14, γE[v]=0.5, Q=14.5 (fn)
2026-09-23 16:21:23,722 INFO: Plan 2: ḡ=6, γE[v]=1.0, Q=7.0 (fn)
2026-09-23 16:21:23,975 INFO: Plan 1: ḡ=58, γE[v]=11.5, Q=69.5 (fn)
2026-09-23 16:21:23,976 INFO: Plan 0: ḡ=6.8, γE[v]=7.5, Q=14.3 (bayes)
2026-09-23 16:21:23,976 INFO: Plan 1: ḡ=14.1, γE[v]=4.6, Q=18.7 (bayes)
2026-09-23 16:21:23,976 INFO: Plan 2: ḡ=4.2, γE[v]=8.8, Q=13.0 (bayes)
2026-09-23 16:21:25,146 INFO: Plan 1: ḡ=95, γE[v]=0.0, Q=95.0 (fn)
2026-09-23 16:21:25,146 INFO: Plan 0: ḡ=24, γE[v]=0.0, Q=24.0 (fn)
2026-09-23 16:21:25,773 INFO: Plan 0: ḡ=19, γE[v]=0.0, Q=19.0 (fn)
2026-09-23 16:21:26,476 INFO: Plan 1: ḡ=31, γE[v]=0.0, Q=31.0 (fn)
2026-09-23 16:21:26,871 INFO: Plan 0: ḡ=23, γE[v]=4.0, Q=27.0 (fn)
2026-09-23 16:21:26,872 INFO: Plan 0: ḡ=5.8, γE[v]=1.1, Q=6.8 (bayes)
2026-09-23 16:21:26,872 INFO: Plan 1: ḡ=7.3, γE[v]=0.0, Q=7.3 (bayes)
2026-09-23 16:21:26,872 INFO: Plan 2: ḡ=1.2, γE[v]=3.1, Q=4.3 (bayes)
2026-09-23 16:21:27,077 INFO: Plan 0: ḡ=15, γE[v]=4.0, Q=19.0 (fn)
2026-09-23 16:21:27,077 INFO: Plan 0: ḡ=1.8, γE[v]=0.9, Q=2.7 (bayes)
2026-09-23 16:21:27,077 INFO: Plan 1: ḡ=1.8, γE[v]=0.6, Q=2.4 (bayes)
2026-09-23 16:21:27,077 INFO: Plan 2: ḡ=1.1, γE[v]=0.9, Q=2.0 (bayes)
2026-09-23 16:21:27,117 INFO: Plan 1: ḡ=15, γE[v]=0.0, Q=15.0 (fn)
2026-09-23 16:21:27,848 INFO: Plan 2: ḡ=14, γE[v]=0.0, Q=14.0 (fn)
2026-09-23 16:21:27,849 INFO: Plan 0: ḡ=5.1, γE[v]=8.5, Q=13.6 (bayes)
2026-09-23 16:21:27,849 INFO: Plan 1: ḡ=5.2, γE[v]=8.5, Q=13.7 (bayes)
2026-09-23 16:21:27,849 INFO: Plan 2: ḡ=5.6, γE[v]=8.3, Q=13.9 (bayes)
2026-09-23 16:21:29,619 INFO: Plan 0: ḡ=0, γE[v]=0.0, Q=0.0 (fn)
2026-09-23 16:21:29,659 INFO: Plan 1: ḡ=23, γE[v]=13.0, Q=36.0 (fn)
2026-09-23 16:21:29,660 INFO: Plan 0: ḡ=7.7, γE[v]=25.2, Q=32.9 (bayes)
2026-09-23 16:21:29,660 INFO: Plan 1: ḡ=7.9, γE[v]=25.8, Q=33.8 (bayes)
2026-09-23 16:21:29,660 INFO: Plan 2: ḡ=4.2, γE[v]=27.0, Q=31.1 (bayes)
2026-09-23 16:21:29,930 INFO: Plan 1: ḡ=0, γE[v]=0.0, Q=0.0 (fn)
2026-09-23 16:21:31,120 INFO: Plan 2: ḡ=0, γE[v]=0.0, Q=0.0 (fn)
2026-09-23 16:21:31,121 INFO: Plan 0: ḡ=0.0, γE[v]=0.0, Q=0.0 (bayes)
2026-09-23 16:21:31,121 INFO: Plan 1: ḡ=0.0, γE[v]=0.0, Q=0.0 (bayes)
2026-09-23 16:21:31,121 INFO: Plan 2: ḡ=0.0, γE[v]=0.0, Q=0.0 (bayes)
2026-09-23 16:21:32,505 INFO: Plan 2: ḡ=85, γE[v]=59.5, Q=144.5 (fn)
2026-09-23 16:21:32,505 INFO: Plan 0: ḡ=4.1, γE[v]=11.2, Q=15.3 (bayes)
2026-09-23 16:21:32,506 INFO: Plan 1: ḡ=11.9, γE[v]=7.4, Q=19.2 (bayes)
2026-09-23 16:21:32,506 INFO: Plan 2: ḡ=10.6, γE[v]=12.6, Q=23.2 (bayes)
2026-09-23 16:21:34,060 INFO: Plan 0: ḡ=35, γE[v]=0.0, Q=35.0 (fn)
2026-09-23 16:21:35,206 INFO: Plan 1: ḡ=24, γE[v]=0.0, Q=24.0 (fn)
2026-09-23 16:21:35,849 INFO: Plan 1: ḡ=0, γE[v]=0.0, Q=0.0 (fn)
2026-09-23 16:21:36,098 INFO: Plan 2: ḡ=0, γE[v]=0.0, Q=0.0 (fn)
2026-09-23 16:21:36,303 INFO: Plan 0: ḡ=2, γE[v]=0.0, Q=2.0 (fn)
2026-09-23 16:21:36,303 INFO: Plan 0: ḡ=0.4, γE[v]=0.0, Q=0.4 (bayes)
2026-09-23 16:21:36,303 INFO: Plan 1: ḡ=0.0, γE[v]=0.2, Q=0.2 (bayes)
2026-09-23 16:21:36,303 INFO: Plan 2: ḡ=0.0, γE[v]=0.2, Q=0.2 (bayes)
2026-09-23 16:21:37,247 INFO: Plan 1: ḡ=0, γE[v]=0.0, Q=0.0 (fn)
2026-09-23 16:21:37,617 INFO: Plan 0: ḡ=1, γE[v]=0.0, Q=1.0 (fn)
2026-09-23 16:21:37,656 INFO: Plan 2: ḡ=34, γE[v]=0.0, Q=34.0 (fn)
2026-09-23 16:21:37,964 INFO: Plan 2: ḡ=0, γE[v]=0.0, Q=0.0 (fn)
2026-09-23 16:21:37,964 INFO: Plan 0: ḡ=0.3, γE[v]=0.0, Q=0.3 (bayes)
2026-09-23 16:21:37,964 INFO: Plan 1: ḡ=0.0, γE[v]=0.2, Q=0.2 (bayes)
2026-09-23 16:21:37,964 INFO: Plan 2: ḡ=0.0, γE[v]=0.2, Q=0.2 (bayes)
2026-09-23 16:21:38,425 INFO: Plan 0: ḡ=30, γE[v]=0.0, Q=30.0 (fn)
2026-09-23 16:21:39,241 INFO: Plan 1: ḡ=0, γE[v]=0.0, Q=0.0 (fn)
2026-09-23 16:21:39,604 INFO: Plan 0: ḡ=0, γE[v]=0.0, Q=0.0 (fn)
2026-09-23 16:21:40,168 INFO: Plan 2: ḡ=0, γE[v]=0.0, Q=0.0 (fn)
2026-09-23 16:21:40,169 INFO: Plan 0: ḡ=0.0, γE[v]=0.0, Q=0.0 (bayes)
2026-09-23 16:21:40,169 INFO: Plan 1: ḡ=0.0, γE[v]=0.0, Q=0.0 (bayes)
2026-09-23 16:21:40,169 INFO: Plan 2: ḡ=0.0, γE[v]=0.0, Q=0.0 (bayes)
2026-09-23 16:21:40,714 INFO: Plan 2: ḡ=55, γE[v]=24.0, Q=79.0 (fn)
2026-09-23 16:21:40,715 INFO: Plan 0: ḡ=15.3, γE[v]=16.5, Q=31.9 (bayes)
2026-09-23 16:21:40,715 INFO: Plan 1: ḡ=7.1, γE[v]=20.7, Q=27.8 (bayes)
2026-09-23 16:21:40,715 INFO: Plan 2: ḡ=21.2, γE[v]=15.0, Q=36.2 (bayes)
2026-09-23 16:21:41,279 INFO: Plan 1: ḡ=58, γE[v]=17.0, Q=75.0 (fn)
2026-09-23 16:21:41,279 INFO: Plan 0: ḡ=3.0, γE[v]=3.1, Q=6.1 (bayes)
2026-09-23 16:21:41,279 INFO: Plan 1: ḡ=5.8, γE[v]=3.1, Q=8.9 (bayes)
2026-09-23 16:21:41,279 INFO: Plan 2: ḡ=3.4, γE[v]=2.9, Q=6.3 (bayes)
2026-09-23 16:21:41,507 INFO: Plan 1: ḡ=51, γE[v]=0.0, Q=51.0 (fn)
2026-09-23 16:21:42,575 INFO: Plan 0: ḡ=0, γE[v]=0.0, Q=0.0 (fn)
2026-09-23 16:21:43,069 INFO: Plan 0: ḡ=13, γE[v]=19.5, Q=32.5 (fn)
2026-09-23 16:21:44,940 INFO: Plan 2: ḡ=12, γE[v]=0.0, Q=12.0 (fn)
2026-09-23 16:21:45,280 INFO: Plan 0: ḡ=17, γE[v]=0.0, Q=17.0 (fn)
2026-09-23 16:21:45,315 INFO: Plan 1: ḡ=9, γE[v]=0.0, Q=9.0 (fn)
2026-09-23 16:21:45,315 INFO: Plan 0: ḡ=3.5, γE[v]=2.3, Q=5.8 (bayes)
2026-09-23 16:21:45,315 INFO: Plan 1: ḡ=1.9, γE[v]=3.1, Q=5.0 (bayes)
2026-09-23 16:21:45,316 INFO: Plan 2: ḡ=3.0, γE[v]=2.6, Q=5.5 (bayes)
2026-09-23 16:21:45,395 INFO: Plan 2: ḡ=0, γE[v]=0.0, Q=0.0 (fn)
2026-09-23 16:21:45,692 INFO: Plan 2: ḡ=171, γE[v]=0.0, Q=171.0 (fn)
2026-09-23 16:21:45,698 INFO: Plan 0: ḡ=3.3, γE[v]=20.9, Q=24.2 (bayes)
2026-09-23 16:21:45,698 INFO: Plan 1: ḡ=9.7, γE[v]=16.3, Q=26.0 (bayes)
2026-09-23 16:21:45,698 INFO: Plan 2: ḡ=39.8, γE[v]=1.2, Q=41.0 (bayes)
2026-09-23 16:21:45,841 INFO: Plan 0: ḡ=0, γE[v]=0.0, Q=0.0 (fn)
2026-09-23 16:21:46,093 INFO: Plan 1: ḡ=0, γE[v]=0.0, Q=0.0 (fn)
2026-09-23 16:21:46,315 INFO: Plan 2: ḡ=0, γE[v]=0.0, Q=0.0 (fn)
2026-09-23 16:21:46,316 INFO: Plan 0: ḡ=0.0, γE[v]=0.0, Q=0.0 (bayes)
2026-09-23 16:21:46,316 INFO: Plan 1: ḡ=0.0, γE[v]=0.0, Q=0.0 (bayes)
2026-09-23 16:21:46,316 INFO: Plan 2: ḡ=0.0, γE[v]=0.0, Q=0.0 (bayes)
2026-09-23 16:21:46,951 INFO: Plan 2: ḡ=4, γE[v]=0.0, Q=4.0 (fn)
2026-09-23 16:21:46,998 INFO: Plan 0: ḡ=1, γE[v]=0.0, Q=1.0 (fn)
2026-09-23 16:21:47,000 INFO: Plan 1: ḡ=0, γE[v]=0.0, Q=0.0 (fn)
2026-09-23 16:21:47,000 INFO: Plan 0: ḡ=0.0, γE[v]=0.0, Q=0.0 (bayes)
2026-09-23 16:21:47,000 INFO: Plan 1: ḡ=0.0, γE[v]=0.0, Q=0.0 (bayes)
2026-09-23 16:21:47,000 INFO: Plan 2: ḡ=0.0, γE[v]=0.0, Q=0.0 (bayes)
2026-09-23 16:21:47,034 INFO: Plan 1: ḡ=1, γE[v]=0.0, Q=1.0 (fn)
2026-09-23 16:21:47,035 INFO: Plan 0: ḡ=0.1, γE[v]=0.2, Q=0.4 (bayes)
2026-09-23 16:21:47,035 INFO: Plan 1: ḡ=0.1, γE[v]=0.2, Q=0.4 (bayes)
2026-09-23 16:21:47,035 INFO: Plan 2: ḡ=0.3, γE[v]=0.1, Q=0.5 (bayes)
2026-09-23 16:21:48,827 INFO: Plan 1: ḡ=11, γE[v]=0.0, Q=11.0 (fn)
2026-09-23 16:21:49,099 INFO: Plan 0: ḡ=2, γE[v]=0.0, Q=2.0 (fn)
2026-09-23 16:21:50,285 INFO: Plan 2: ḡ=13, γE[v]=0.0, Q=13.0 (fn)
2026-09-23 16:21:50,285 INFO: Plan 0: ḡ=0.8, γE[v]=2.0, Q=2.8 (bayes)
2026-09-23 16:21:50,285 INFO: Plan 1: ḡ=4.0, γE[v]=0.4, Q=4.4 (bayes)
2026-09-23 16:21:50,285 INFO: Plan 2: ḡ=4.8, γE[v]=0.0, Q=4.8 (bayes)
2026-09-23 16:21:52,372 INFO: Plan 1: ḡ=37, γE[v]=0.0, Q=37.0 (fn)
2026-09-23 16:21:52,625 INFO: Plan 2: ḡ=65, γE[v]=0.0, Q=65.0 (fn)
2026-09-23 16:21:53,610 INFO: Plan 1: ḡ=1, γE[v]=0.0, Q=1.0 (fn)
2026-09-23 16:21:53,611 INFO: Plan 0: ḡ=1, γE[v]=0.0, Q=1.0 (fn)
2026-09-23 16:21:53,900 INFO: Plan 1: ḡ=0, γE[v]=0.0, Q=0.0 (fn)
2026-09-23 16:21:53,943 INFO: Plan 0: ḡ=0, γE[v]=0.0, Q=0.0 (fn)
2026-09-23 16:21:53,943 INFO: Plan 2: ḡ=0, γE[v]=0.0, Q=0.0 (fn)
2026-09-23 16:21:53,944 INFO: Plan 0: ḡ=0.0, γE[v]=0.0, Q=0.0 (bayes)
2026-09-23 16:21:53,944 INFO: Plan 1: ḡ=0.0, γE[v]=0.0, Q=0.0 (bayes)
2026-09-23 16:21:53,944 INFO: Plan 2: ḡ=0.0, γE[v]=0.0, Q=0.0 (bayes)
2026-09-23 16:21:54,387 INFO: Plan 2: ḡ=2, γE[v]=0.0, Q=2.0 (fn)
2026-09-23 16:21:54,388 INFO: Plan 0: ḡ=0.1, γE[v]=0.1, Q=0.2 (bayes)
2026-09-23 16:21:54,388 INFO: Plan 1: ḡ=0.1, γE[v]=0.1, Q=0.2 (bayes)
2026-09-23 16:21:54,388 INFO: Plan 2: ḡ=0.2, γE[v]=0.0, Q=0.2 (bayes)
2026-09-23 16:21:55,332 INFO: Plan 2: ḡ=1, γE[v]=0.0, Q=1.0 (fn)
2026-09-23 16:21:55,829 INFO: Plan 1: ḡ=2, γE[v]=0.0, Q=2.0 (fn)
2026-09-23 16:21:56,308 INFO: Plan 0: ḡ=3, γE[v]=0.0, Q=3.0 (fn)
2026-09-23 16:21:56,309 INFO: Plan 0: ḡ=0.4, γE[v]=0.2, Q=0.7 (bayes)
2026-09-23 16:21:56,309 INFO: Plan 1: ḡ=0.2, γE[v]=0.3, Q=0.6 (bayes)
2026-09-23 16:21:56,309 INFO: Plan 2: ḡ=0.1, γE[v]=0.4, Q=0.5 (bayes)
2026-09-23 16:21:56,631 INFO: Plan 2: ḡ=15, γE[v]=0.0, Q=15.0 (fn)
2026-09-23 16:21:57,010 INFO: Plan 0: ḡ=2, γE[v]=0.0, Q=2.0 (fn)
2026-09-23 16:21:57,132 INFO: Plan 1: ḡ=2, γE[v]=0.0, Q=2.0 (fn)
2026-09-23 16:21:57,133 INFO: Plan 0: ḡ=0.7, γE[v]=1.0, Q=1.6 (bayes)
2026-09-23 16:21:57,133 INFO: Plan 1: ḡ=0.7, γE[v]=1.0, Q=1.6 (bayes)
2026-09-23 16:21:57,133 INFO: Plan 2: ḡ=1.2, γE[v]=0.7, Q=1.9 (bayes)
2026-09-23 16:21:57,583 INFO: Plan 0: ḡ=322, γE[v]=3.0, Q=325.0 (fn)
2026-09-23 16:21:57,584 INFO: Plan 0: ḡ=48.9, γE[v]=1.0, Q=49.9 (bayes)
2026-09-23 16:21:57,584 INFO: Plan 1: ḡ=5.6, γE[v]=22.4, Q=28.0 (bayes)
2026-09-23 16:21:57,584 INFO: Plan 2: ḡ=12.5, γE[v]=18.9, Q=31.5 (bayes)
2026-09-23 16:22:00,833 INFO: Plan 1: ḡ=10, γE[v]=0.0, Q=10.0 (fn)
2026-09-23 16:22:01,329 INFO: Plan 0: ḡ=11, γE[v]=0.0, Q=11.0 (fn)
2026-09-23 16:22:01,669 INFO: Plan 2: ḡ=4, γE[v]=0.0, Q=4.0 (fn)
2026-09-23 16:22:01,669 INFO: Plan 0: ḡ=2.2, γE[v]=1.4, Q=3.6 (bayes)
2026-09-23 16:22:01,669 INFO: Plan 1: ḡ=2.8, γE[v]=1.1, Q=3.9 (bayes)
2026-09-23 16:22:01,669 INFO: Plan 2: ḡ=1.3, γE[v]=1.8, Q=3.2 (bayes)
2026-09-23 16:22:02,049 INFO: Plan 1: ḡ=0, γE[v]=0.0, Q=0.0 (fn)
2026-09-23 16:22:02,264 INFO: Plan 0: ḡ=0, γE[v]=0.0, Q=0.0 (fn)
2026-09-23 16:22:02,983 INFO: Plan 2: ḡ=0, γE[v]=0.0, Q=0.0 (fn)
2026-09-23 16:22:02,983 INFO: Plan 0: ḡ=0.0, γE[v]=0.0, Q=0.0 (bayes)
2026-09-23 16:22:02,983 INFO: Plan 1: ḡ=0.0, γE[v]=0.0, Q=0.0 (bayes)
2026-09-23 16:22:02,983 INFO: Plan 2: ḡ=0.0, γE[v]=0.0, Q=0.0 (bayes)
  [50/93] httpx._urlparse seed=42: {'cov_qvalue_tgt_fnt_bayes': 70}
2026-09-23 16:22:05,608 INFO: Plan 2: ḡ=0, γE[v]=0.0, Q=0.0 (fn)
2026-09-23 16:22:06,242 INFO: Plan 0: ḡ=0, γE[v]=0.0, Q=0.0 (fn)
2026-09-23 16:22:06,720 INFO: Plan 1: ḡ=0, γE[v]=0.0, Q=0.0 (fn)
2026-09-23 16:22:06,720 INFO: Plan 0: ḡ=0.0, γE[v]=0.0, Q=0.0 (bayes)
2026-09-23 16:22:06,720 INFO: Plan 1: ḡ=0.0, γE[v]=0.0, Q=0.0 (bayes)
2026-09-23 16:22:06,720 INFO: Plan 2: ḡ=0.0, γE[v]=0.0, Q=0.0 (bayes)
2026-09-23 16:22:11,651 INFO: Plan 0: ḡ=6, γE[v]=0.0, Q=6.0 (fn)
2026-09-23 16:22:13,002 INFO: Plan 0: ḡ=0, γE[v]=0.0, Q=0.0 (fn)
2026-09-23 16:22:13,127 INFO: Plan 1: ḡ=0, γE[v]=0.0, Q=0.0 (fn)
2026-09-23 16:22:13,128 INFO: Plan 2: ḡ=0, γE[v]=0.0, Q=0.0 (fn)
2026-09-23 16:22:13,128 INFO: Plan 0: ḡ=0.0, γE[v]=0.0, Q=0.0 (bayes)
2026-09-23 16:22:13,128 INFO: Plan 1: ḡ=0.0, γE[v]=0.0, Q=0.0 (bayes)
2026-09-23 16:22:13,128 INFO: Plan 2: ḡ=0.0, γE[v]=0.0, Q=0.0 (bayes)
2026-09-23 16:22:17,151 INFO: Plan 2: ḡ=1, γE[v]=0.0, Q=1.0 (fn)
2026-09-23 16:22:17,403 INFO: Plan 0: ḡ=3, γE[v]=0.0, Q=3.0 (fn)
2026-09-23 16:22:17,409 INFO: Plan 1: ḡ=12, γE[v]=13.0, Q=25.0 (fn)
2026-09-23 16:22:17,443 INFO: Plan 2: ḡ=14, γE[v]=26.0, Q=40.0 (fn)
2026-09-23 16:22:17,443 INFO: Plan 0: ḡ=2.0, γE[v]=45.6, Q=47.6 (bayes)
2026-09-23 16:22:17,444 INFO: Plan 1: ḡ=4.8, γE[v]=44.8, Q=49.6 (bayes)
2026-09-23 16:22:17,444 INFO: Plan 2: ḡ=3.0, γE[v]=46.8, Q=49.8 (bayes)
2026-09-23 16:22:17,752 INFO: Plan 1: ḡ=7, γE[v]=0.0, Q=7.0 (fn)
2026-09-23 16:22:17,753 INFO: Plan 0: ḡ=1.0, γE[v]=1.2, Q=2.2 (bayes)
2026-09-23 16:22:17,753 INFO: Plan 1: ḡ=2.0, γE[v]=0.7, Q=2.7 (bayes)
2026-09-23 16:22:17,753 INFO: Plan 2: ḡ=0.3, γE[v]=1.5, Q=1.8 (bayes)
2026-09-23 16:22:19,372 INFO: Plan 0: ḡ=1, γE[v]=0.0, Q=1.0 (fn)
2026-09-23 16:22:19,373 INFO: Plan 1: ḡ=1, γE[v]=0.0, Q=1.0 (fn)
2026-09-23 16:22:19,373 INFO: Plan 2: ḡ=1, γE[v]=0.0, Q=1.0 (fn)
2026-09-23 16:22:19,374 INFO: Plan 0: ḡ=0.2, γE[v]=0.0, Q=0.2 (bayes)
2026-09-23 16:22:19,374 INFO: Plan 1: ḡ=0.2, γE[v]=0.0, Q=0.2 (bayes)
2026-09-23 16:22:19,374 INFO: Plan 2: ḡ=0.2, γE[v]=0.0, Q=0.2 (bayes)
2026-09-23 16:22:19,576 INFO: Plan 1: ḡ=146, γE[v]=0.0, Q=146.0 (fn)
2026-09-23 16:22:19,738 INFO: Plan 2: ḡ=43, γE[v]=0.0, Q=43.0 (fn)
2026-09-23 16:22:19,916 INFO: Plan 0: ḡ=27, γE[v]=0.0, Q=27.0 (fn)
2026-09-23 16:22:19,917 INFO: Plan 0: ḡ=9.0, γE[v]=14.0, Q=23.0 (bayes)
2026-09-23 16:22:19,917 INFO: Plan 1: ḡ=18.4, γE[v]=9.3, Q=27.7 (bayes)
2026-09-23 16:22:19,917 INFO: Plan 2: ḡ=9.7, γE[v]=13.7, Q=23.4 (bayes)
2026-09-23 16:22:20,483 INFO: Plan 1: ḡ=0, γE[v]=0.0, Q=0.0 (fn)
2026-09-23 16:22:20,485 INFO: Plan 0: ḡ=0, γE[v]=0.0, Q=0.0 (fn)
2026-09-23 16:22:21,675 INFO: Plan 2: ḡ=0, γE[v]=0.0, Q=0.0 (fn)
2026-09-23 16:22:21,675 INFO: Plan 0: ḡ=0.0, γE[v]=0.0, Q=0.0 (bayes)
2026-09-23 16:22:21,676 INFO: Plan 1: ḡ=0.0, γE[v]=0.0, Q=0.0 (bayes)
2026-09-23 16:22:21,676 INFO: Plan 2: ḡ=0.0, γE[v]=0.0, Q=0.0 (bayes)
2026-09-23 16:22:21,834 INFO: Plan 0: ḡ=0, γE[v]=0.0, Q=0.0 (fn)
2026-09-23 16:22:22,262 INFO: Plan 1: ḡ=0, γE[v]=0.0, Q=0.0 (fn)
2026-09-23 16:22:22,263 INFO: Plan 2: ḡ=0, γE[v]=0.0, Q=0.0 (fn)
2026-09-23 16:22:22,264 INFO: Plan 0: ḡ=0.0, γE[v]=0.0, Q=0.0 (bayes)
2026-09-23 16:22:22,264 INFO: Plan 1: ḡ=0.0, γE[v]=0.0, Q=0.0 (bayes)
2026-09-23 16:22:22,264 INFO: Plan 2: ḡ=0.0, γE[v]=0.0, Q=0.0 (bayes)
2026-09-23 16:22:23,645 INFO: Plan 2: ḡ=52, γE[v]=0.0, Q=52.0 (fn)
2026-09-23 16:22:23,646 INFO: Plan 1: ḡ=52, γE[v]=0.0, Q=52.0 (fn)
2026-09-23 16:22:23,646 INFO: Plan 0: ḡ=52, γE[v]=0.0, Q=52.0 (fn)
2026-09-23 16:22:23,647 INFO: Plan 0: ḡ=7.4, γE[v]=0.0, Q=7.4 (bayes)
2026-09-23 16:22:23,647 INFO: Plan 1: ḡ=7.4, γE[v]=0.0, Q=7.4 (bayes)
2026-09-23 16:22:23,647 INFO: Plan 2: ḡ=7.4, γE[v]=0.0, Q=7.4 (bayes)
2026-09-23 16:22:23,682 INFO: Plan 1: ḡ=1, γE[v]=0.0, Q=1.0 (fn)
2026-09-23 16:22:23,683 INFO: Plan 0: ḡ=1, γE[v]=0.0, Q=1.0 (fn)
2026-09-23 16:22:23,684 INFO: Plan 1: ḡ=1, γE[v]=0.0, Q=1.0 (fn)
2026-09-23 16:22:23,833 INFO: Plan 2: ḡ=1, γE[v]=0.0, Q=1.0 (fn)
2026-09-23 16:22:23,833 INFO: Plan 0: ḡ=0.2, γE[v]=0.0, Q=0.2 (bayes)
2026-09-23 16:22:23,833 INFO: Plan 1: ḡ=0.2, γE[v]=0.0, Q=0.2 (bayes)
2026-09-23 16:22:23,833 INFO: Plan 2: ḡ=0.2, γE[v]=0.0, Q=0.2 (bayes)
2026-09-23 16:22:24,379 INFO: Plan 0: ḡ=1, γE[v]=0.0, Q=1.0 (fn)
2026-09-23 16:22:24,872 INFO: Plan 2: ḡ=2, γE[v]=0.0, Q=2.0 (fn)
2026-09-23 16:22:24,872 INFO: Plan 0: ḡ=0.2, γE[v]=0.1, Q=0.4 (bayes)
2026-09-23 16:22:24,872 INFO: Plan 1: ḡ=0.2, γE[v]=0.1, Q=0.4 (bayes)
2026-09-23 16:22:24,872 INFO: Plan 2: ḡ=0.5, γE[v]=0.0, Q=0.5 (bayes)
2026-09-23 16:22:25,271 INFO: Plan 2: ḡ=0, γE[v]=0.0, Q=0.0 (fn)
2026-09-23 16:22:25,272 INFO: Plan 1: ḡ=0, γE[v]=0.0, Q=0.0 (fn)
2026-09-23 16:22:25,468 INFO: Plan 0: ḡ=0, γE[v]=0.0, Q=0.0 (fn)
2026-09-23 16:22:25,507 INFO: Plan 0: ḡ=2, γE[v]=0.0, Q=2.0 (fn)
2026-09-23 16:22:25,507 INFO: Plan 0: ḡ=0.2, γE[v]=0.0, Q=0.2 (bayes)
2026-09-23 16:22:25,507 INFO: Plan 1: ḡ=0.0, γE[v]=0.1, Q=0.1 (bayes)
2026-09-23 16:22:25,507 INFO: Plan 2: ḡ=0.0, γE[v]=0.1, Q=0.1 (bayes)
2026-09-23 16:22:25,832 INFO: Plan 1: ḡ=0, γE[v]=0.0, Q=0.0 (fn)
2026-09-23 16:22:25,876 INFO: Plan 0: ḡ=0, γE[v]=0.0, Q=0.0 (fn)
2026-09-23 16:22:26,219 INFO: Plan 2: ḡ=0, γE[v]=0.0, Q=0.0 (fn)
2026-09-23 16:22:26,602 INFO: Plan 0: ḡ=53, γE[v]=3.0, Q=56.0 (fn)
2026-09-23 16:22:26,979 INFO: Plan 2: ḡ=5, γE[v]=0.0, Q=5.0 (fn)
2026-09-23 16:22:27,138 INFO: Plan 1: ḡ=0, γE[v]=0.0, Q=0.0 (fn)
2026-09-23 16:22:27,139 INFO: Plan 0: ḡ=0.0, γE[v]=0.0, Q=0.0 (bayes)
2026-09-23 16:22:27,139 INFO: Plan 1: ḡ=0.0, γE[v]=0.0, Q=0.0 (bayes)
2026-09-23 16:22:27,139 INFO: Plan 2: ḡ=0.0, γE[v]=0.0, Q=0.0 (bayes)
2026-09-23 16:22:27,223 INFO: Plan 1: ḡ=14, γE[v]=0.0, Q=14.0 (fn)
2026-09-23 16:22:27,224 INFO: Plan 2: ḡ=0, γE[v]=0.0, Q=0.0 (fn)
2026-09-23 16:22:27,225 INFO: Plan 0: ḡ=0.0, γE[v]=0.0, Q=0.0 (bayes)
2026-09-23 16:22:27,225 INFO: Plan 1: ḡ=0.0, γE[v]=0.0, Q=0.0 (bayes)
2026-09-23 16:22:27,225 INFO: Plan 2: ḡ=0.0, γE[v]=0.0, Q=0.0 (bayes)
2026-09-23 16:22:27,755 INFO: Plan 0: ḡ=56, γE[v]=0.0, Q=56.0 (fn)
2026-09-23 16:22:27,795 INFO: Plan 2: ḡ=72, γE[v]=0.0, Q=72.0 (fn)
2026-09-23 16:22:27,796 INFO: Plan 0: ḡ=13.3, γE[v]=16.3, Q=29.6 (bayes)
2026-09-23 16:22:27,796 INFO: Plan 1: ḡ=4.7, γE[v]=20.4, Q=25.1 (bayes)
2026-09-23 16:22:27,796 INFO: Plan 2: ḡ=24.7, γE[v]=10.4, Q=35.1 (bayes)
2026-09-23 16:22:28,730 INFO: Plan 2: ḡ=49, γE[v]=0.0, Q=49.0 (fn)
2026-09-23 16:22:30,068 INFO: Plan 1: ḡ=66, γE[v]=10.0, Q=76.0 (fn)
2026-09-23 16:22:30,069 INFO: Plan 0: ḡ=16.2, γE[v]=20.0, Q=36.2 (bayes)
2026-09-23 16:22:30,069 INFO: Plan 1: ḡ=22.0, γE[v]=17.8, Q=39.8 (bayes)
2026-09-23 16:22:30,069 INFO: Plan 2: ḡ=20.4, γE[v]=17.9, Q=38.3 (bayes)
2026-09-23 16:22:30,439 INFO: Plan 1: ḡ=14, γE[v]=0.0, Q=14.0 (fn)
2026-09-23 16:22:30,476 INFO: Plan 2: ḡ=0, γE[v]=0.0, Q=0.0 (fn)
2026-09-23 16:22:30,477 INFO: Plan 0: ḡ=0, γE[v]=0.0, Q=0.0 (fn)
2026-09-23 16:22:30,870 INFO: Plan 0: ḡ=1, γE[v]=0.0, Q=1.0 (fn)
2026-09-23 16:22:31,171 INFO: Plan 2: ḡ=4, γE[v]=0.0, Q=4.0 (fn)
2026-09-23 16:22:31,217 INFO: Plan 1: ḡ=0, γE[v]=0.0, Q=0.0 (fn)
2026-09-23 16:22:31,218 INFO: Plan 1: ḡ=1, γE[v]=0.0, Q=1.0 (fn)
2026-09-23 16:22:31,219 INFO: Plan 0: ḡ=0.0, γE[v]=0.0, Q=0.0 (bayes)
2026-09-23 16:22:31,219 INFO: Plan 1: ḡ=0.0, γE[v]=0.0, Q=0.0 (bayes)
2026-09-23 16:22:31,219 INFO: Plan 2: ḡ=0.0, γE[v]=0.0, Q=0.0 (bayes)
2026-09-23 16:22:31,219 INFO: Plan 0: ḡ=0.1, γE[v]=0.2, Q=0.4 (bayes)
2026-09-23 16:22:31,219 INFO: Plan 1: ḡ=0.1, γE[v]=0.2, Q=0.4 (bayes)
2026-09-23 16:22:31,220 INFO: Plan 2: ḡ=0.3, γE[v]=0.1, Q=0.4 (bayes)
2026-09-23 16:22:32,569 INFO: Plan 0: ḡ=15, γE[v]=0.0, Q=15.0 (fn)
2026-09-23 16:22:32,571 INFO: Plan 0: ḡ=1.6, γE[v]=0.5, Q=2.1 (bayes)
2026-09-23 16:22:32,571 INFO: Plan 1: ḡ=1.6, γE[v]=0.5, Q=2.1 (bayes)
2026-09-23 16:22:32,571 INFO: Plan 2: ḡ=0.6, γE[v]=1.0, Q=1.6 (bayes)
2026-09-23 16:22:35,130 INFO: Plan 0: ḡ=16, γE[v]=0.0, Q=16.0 (fn)
2026-09-23 16:22:37,360 INFO: Plan 1: ḡ=0, γE[v]=0.0, Q=0.0 (fn)
2026-09-23 16:22:37,731 INFO: Plan 0: ḡ=0, γE[v]=0.0, Q=0.0 (fn)
2026-09-23 16:22:37,897 INFO: Plan 2: ḡ=0, γE[v]=0.0, Q=0.0 (fn)
2026-09-23 16:22:37,898 INFO: Plan 0: ḡ=0.0, γE[v]=0.0, Q=0.0 (bayes)
2026-09-23 16:22:37,898 INFO: Plan 1: ḡ=0.0, γE[v]=0.0, Q=0.0 (bayes)
2026-09-23 16:22:37,898 INFO: Plan 2: ḡ=0.0, γE[v]=0.0, Q=0.0 (bayes)
2026-09-23 16:22:39,637 INFO: Plan 1: ḡ=16, γE[v]=7.5, Q=23.5 (fn)
2026-09-23 16:22:41,475 INFO: Plan 2: ḡ=18, γE[v]=8.0, Q=26.0 (fn)
2026-09-23 16:22:41,476 INFO: Plan 0: ḡ=7.7, γE[v]=20.0, Q=27.7 (bayes)
2026-09-23 16:22:41,476 INFO: Plan 1: ḡ=5.2, γE[v]=21.8, Q=27.0 (bayes)
2026-09-23 16:22:41,476 INFO: Plan 2: ḡ=6.3, γE[v]=21.1, Q=27.5 (bayes)
2026-09-23 16:22:44,947 INFO: Plan 2: ḡ=6, γE[v]=1.0, Q=7.0 (fn)
2026-09-23 16:22:45,330 INFO: Plan 1: ḡ=0, γE[v]=0.0, Q=0.0 (fn)
2026-09-23 16:22:45,667 INFO: Plan 1: ḡ=31, γE[v]=0.0, Q=31.0 (fn)
2026-09-23 16:22:45,707 INFO: Plan 0: ḡ=0, γE[v]=0.0, Q=0.0 (fn)
2026-09-23 16:22:46,156 INFO: Plan 2: ḡ=0, γE[v]=0.0, Q=0.0 (fn)
2026-09-23 16:22:46,157 INFO: Plan 0: ḡ=0.0, γE[v]=0.0, Q=0.0 (bayes)
2026-09-23 16:22:46,157 INFO: Plan 1: ḡ=0.0, γE[v]=0.0, Q=0.0 (bayes)
2026-09-23 16:22:46,157 INFO: Plan 2: ḡ=0.0, γE[v]=0.0, Q=0.0 (bayes)
2026-09-23 16:22:46,605 INFO: Plan 2: ḡ=0, γE[v]=0.0, Q=0.0 (fn)
2026-09-23 16:22:46,860 INFO: Plan 0: ḡ=23, γE[v]=3.0, Q=26.0 (fn)
2026-09-23 16:22:46,860 INFO: Plan 0: ḡ=4.6, γE[v]=0.9, Q=5.5 (bayes)
2026-09-23 16:22:46,861 INFO: Plan 1: ḡ=5.9, γE[v]=0.0, Q=5.9 (bayes)
2026-09-23 16:22:46,861 INFO: Plan 2: ḡ=1.0, γE[v]=2.5, Q=3.5 (bayes)
2026-09-23 16:22:46,982 INFO: Plan 1: ḡ=12, γE[v]=0.0, Q=12.0 (fn)
2026-09-23 16:22:47,209 INFO: Plan 0: ḡ=8, γE[v]=0.0, Q=8.0 (fn)
2026-09-23 16:22:47,213 INFO: Plan 0: ḡ=1.7, γE[v]=1.5, Q=3.1 (bayes)
2026-09-23 16:22:47,215 INFO: Plan 1: ḡ=3.0, γE[v]=0.8, Q=3.8 (bayes)
2026-09-23 16:22:47,216 INFO: Plan 2: ḡ=0.0, γE[v]=2.3, Q=2.3 (bayes)
2026-09-23 16:22:47,780 INFO: Plan 0: ḡ=5, γE[v]=0.0, Q=5.0 (fn)
2026-09-23 16:22:48,261 INFO: Plan 2: ḡ=0, γE[v]=0.0, Q=0.0 (fn)
2026-09-23 16:22:48,302 INFO: Plan 1: ḡ=5, γE[v]=0.0, Q=5.0 (fn)
2026-09-23 16:22:48,302 INFO: Plan 0: ḡ=0.7, γE[v]=0.0, Q=0.7 (bayes)
2026-09-23 16:22:48,302 INFO: Plan 1: ḡ=0.7, γE[v]=0.0, Q=0.7 (bayes)
2026-09-23 16:22:48,302 INFO: Plan 2: ḡ=0.0, γE[v]=0.4, Q=0.4 (bayes)
2026-09-23 16:22:50,701 INFO: Plan 2: ḡ=15, γE[v]=0.0, Q=15.0 (fn)
2026-09-23 16:22:51,016 INFO: Plan 0: ḡ=2, γE[v]=0.0, Q=2.0 (fn)
2026-09-23 16:22:51,233 INFO: Plan 1: ḡ=2, γE[v]=0.0, Q=2.0 (fn)
2026-09-23 16:22:51,234 INFO: Plan 0: ḡ=0.7, γE[v]=0.9, Q=1.6 (bayes)
2026-09-23 16:22:51,234 INFO: Plan 1: ḡ=0.7, γE[v]=0.9, Q=1.6 (bayes)
2026-09-23 16:22:51,234 INFO: Plan 2: ḡ=1.2, γE[v]=0.7, Q=1.8 (bayes)
2026-09-23 16:22:52,405 INFO: Plan 0: ḡ=32, γE[v]=0.0, Q=32.0 (fn)
2026-09-23 16:22:53,203 INFO: Plan 1: ḡ=22, γE[v]=0.0, Q=22.0 (fn)
2026-09-23 16:22:53,243 INFO: Plan 0: ḡ=0, γE[v]=0.0, Q=0.0 (fn)
2026-09-23 16:22:53,375 INFO: Plan 1: ḡ=0, γE[v]=0.0, Q=0.0 (fn)
2026-09-23 16:22:53,510 INFO: Plan 2: ḡ=0, γE[v]=0.0, Q=0.0 (fn)
2026-09-23 16:22:53,511 INFO: Plan 0: ḡ=0.0, γE[v]=0.0, Q=0.0 (bayes)
2026-09-23 16:22:53,511 INFO: Plan 1: ḡ=0.0, γE[v]=0.0, Q=0.0 (bayes)
2026-09-23 16:22:53,511 INFO: Plan 2: ḡ=0.0, γE[v]=0.0, Q=0.0 (bayes)
2026-09-23 16:22:53,849 INFO: Plan 0: ḡ=19, γE[v]=5.0, Q=24.0 (fn)
2026-09-23 16:22:54,773 INFO: Plan 2: ḡ=20, γE[v]=0.0, Q=20.0 (fn)
2026-09-23 16:22:54,779 INFO: Plan 0: ḡ=5.1, γE[v]=7.4, Q=12.5 (bayes)
2026-09-23 16:22:54,779 INFO: Plan 1: ḡ=6.8, γE[v]=6.2, Q=13.0 (bayes)
2026-09-23 16:22:54,780 INFO: Plan 2: ḡ=7.3, γE[v]=6.0, Q=13.3 (bayes)
2026-09-23 16:22:55,115 INFO: Plan 2: ḡ=72, γE[v]=0.0, Q=72.0 (fn)
2026-09-23 16:22:55,312 INFO: Plan 0: ḡ=9, γE[v]=0.0, Q=9.0 (fn)
2026-09-23 16:22:55,314 INFO: Plan 1: ḡ=50, γE[v]=0.0, Q=50.0 (fn)
2026-09-23 16:22:55,314 INFO: Plan 0: ḡ=9.1, γE[v]=57.0, Q=66.1 (bayes)
2026-09-23 16:22:55,314 INFO: Plan 1: ḡ=21.5, γE[v]=50.8, Q=72.3 (bayes)
2026-09-23 16:22:55,314 INFO: Plan 2: ḡ=16.9, γE[v]=53.1, Q=70.0 (bayes)
  [51/93] httpx._models seed=42: {'cov_qvalue_tgt_fnt_bayes': 269}
2026-09-23 16:22:56,678 INFO: Plan 0: ḡ=0, γE[v]=0.0, Q=0.0 (fn)
2026-09-23 16:22:56,679 INFO: Plan 1: ḡ=0, γE[v]=0.0, Q=0.0 (fn)
2026-09-23 16:22:56,679 INFO: Plan 2: ḡ=0, γE[v]=0.0, Q=0.0 (fn)
2026-09-23 16:22:56,680 INFO: Plan 0: ḡ=0.0, γE[v]=0.0, Q=0.0 (bayes)
2026-09-23 16:22:56,680 INFO: Plan 1: ḡ=0.0, γE[v]=0.0, Q=0.0 (bayes)
2026-09-23 16:22:56,680 INFO: Plan 2: ḡ=0.0, γE[v]=0.0, Q=0.0 (bayes)
2026-09-23 16:22:57,299 INFO: Plan 2: ḡ=1, γE[v]=0.0, Q=1.0 (fn)
2026-09-23 16:22:57,300 INFO: Plan 2: ḡ=18, γE[v]=0.0, Q=18.0 (fn)
2026-09-23 16:22:57,684 INFO: Plan 2: ḡ=1, γE[v]=0.0, Q=1.0 (fn)
2026-09-23 16:22:57,685 INFO: Plan 0: ḡ=35, γE[v]=0.0, Q=35.0 (fn)
2026-09-23 16:22:58,193 INFO: Plan 1: ḡ=1, γE[v]=0.5, Q=1.5 (fn)
2026-09-23 16:22:58,194 INFO: Plan 0: ḡ=1.5, γE[v]=0.3, Q=1.8 (bayes)
2026-09-23 16:22:58,194 INFO: Plan 1: ḡ=0.3, γE[v]=0.9, Q=1.3 (bayes)
2026-09-23 16:22:58,194 INFO: Plan 2: ḡ=0.3, γE[v]=0.9, Q=1.2 (bayes)
2026-09-23 16:22:58,725 INFO: Plan 0: ḡ=2, γE[v]=0.0, Q=2.0 (fn)
2026-09-23 16:22:58,763 INFO: Plan 2: ḡ=2, γE[v]=0.0, Q=2.0 (fn)
2026-09-23 16:22:58,995 INFO: Plan 0: ḡ=2, γE[v]=0.0, Q=2.0 (fn)
2026-09-23 16:22:59,555 INFO: Plan 2: ḡ=34, γE[v]=0.0, Q=34.0 (fn)
2026-09-23 16:22:59,589 INFO: Plan 0: ḡ=17, γE[v]=0.0, Q=17.0 (fn)
2026-09-23 16:22:59,865 INFO: Plan 0: ḡ=24, γE[v]=0.0, Q=24.0 (fn)
2026-09-23 16:23:00,153 INFO: Plan 0: ḡ=30, γE[v]=0.0, Q=30.0 (fn)
2026-09-23 16:23:00,357 INFO: Plan 1: ḡ=11, γE[v]=1.0, Q=12.0 (fn)
2026-09-23 16:23:00,358 INFO: Plan 1: ḡ=22, γE[v]=0.0, Q=22.0 (fn)
2026-09-23 16:23:00,359 INFO: Plan 0: ḡ=0.6, γE[v]=1.5, Q=2.0 (bayes)
2026-09-23 16:23:00,359 INFO: Plan 1: ḡ=2.9, γE[v]=0.4, Q=3.3 (bayes)
2026-09-23 16:23:00,359 INFO: Plan 2: ḡ=0.3, γE[v]=1.6, Q=1.9 (bayes)
2026-09-23 16:23:00,359 INFO: Plan 0: ḡ=12.4, γE[v]=5.2, Q=17.6 (bayes)
2026-09-23 16:23:00,360 INFO: Plan 1: ḡ=8.2, γE[v]=7.3, Q=15.5 (bayes)
2026-09-23 16:23:00,360 INFO: Plan 2: ḡ=4.1, γE[v]=9.3, Q=13.4 (bayes)
2026-09-23 16:23:00,396 INFO: Plan 1: ḡ=4, γE[v]=1.0, Q=5.0 (fn)
2026-09-23 16:23:00,397 INFO: Plan 0: ḡ=0.7, γE[v]=0.8, Q=1.5 (bayes)
2026-09-23 16:23:00,397 INFO: Plan 1: ḡ=0.9, γE[v]=0.7, Q=1.7 (bayes)
2026-09-23 16:23:00,397 INFO: Plan 2: ḡ=0.7, γE[v]=0.8, Q=1.5 (bayes)
2026-09-23 16:23:01,079 INFO: Plan 0: ḡ=0, γE[v]=0.0, Q=0.0 (fn)
2026-09-23 16:23:01,410 INFO: Plan 1: ḡ=0, γE[v]=0.0, Q=0.0 (fn)
2026-09-23 16:23:01,412 INFO: Plan 2: ḡ=0, γE[v]=0.0, Q=0.0 (fn)
2026-09-23 16:23:01,413 INFO: Plan 2: ḡ=9, γE[v]=4.0, Q=13.0 (fn)
2026-09-23 16:23:01,415 INFO: Plan 1: ḡ=0, γE[v]=0.0, Q=0.0 (fn)
2026-09-23 16:23:01,415 INFO: Plan 0: ḡ=0.0, γE[v]=0.0, Q=0.0 (bayes)
2026-09-23 16:23:01,415 INFO: Plan 1: ḡ=0.0, γE[v]=0.0, Q=0.0 (bayes)
2026-09-23 16:23:01,416 INFO: Plan 2: ḡ=0.0, γE[v]=0.0, Q=0.0 (bayes)
  [52/93] pydantic.main seed=42: {'cov_qvalue_tgt_fnt_bayes': 219}
2026-09-23 16:23:02,045 INFO: Plan 0: ḡ=2, γE[v]=0.0, Q=2.0 (fn)
2026-09-23 16:23:02,246 INFO: Plan 2: ḡ=0, γE[v]=0.0, Q=0.0 (fn)
2026-09-23 16:23:02,247 INFO: Plan 0: ḡ=0.2, γE[v]=0.0, Q=0.1 (bayes)
2026-09-23 16:23:02,247 INFO: Plan 1: ḡ=0.0, γE[v]=0.1, Q=0.1 (bayes)
2026-09-23 16:23:02,247 INFO: Plan 2: ḡ=0.0, γE[v]=0.1, Q=0.1 (bayes)
2026-09-23 16:23:02,581 INFO: Plan 0: ḡ=0, γE[v]=0.0, Q=0.0 (fn)
2026-09-23 16:23:02,823 INFO: Plan 1: ḡ=0, γE[v]=0.0, Q=0.0 (fn)
2026-09-23 16:23:02,824 INFO: Plan 2: ḡ=0, γE[v]=0.0, Q=0.0 (fn)
2026-09-23 16:23:02,825 INFO: Plan 0: ḡ=0.0, γE[v]=0.0, Q=0.0 (bayes)
2026-09-23 16:23:02,826 INFO: Plan 1: ḡ=0.0, γE[v]=0.0, Q=0.0 (bayes)
2026-09-23 16:23:02,826 INFO: Plan 2: ḡ=0.0, γE[v]=0.0, Q=0.0 (bayes)
2026-09-23 16:23:03,907 INFO: Plan 2: ḡ=2, γE[v]=0.0, Q=2.0 (fn)
2026-09-23 16:23:03,907 INFO: Plan 0: ḡ=2, γE[v]=0.0, Q=2.0 (fn)
2026-09-23 16:23:03,908 INFO: Plan 1: ḡ=2, γE[v]=0.0, Q=2.0 (fn)
2026-09-23 16:23:03,909 INFO: Plan 0: ḡ=0.4, γE[v]=0.0, Q=0.4 (bayes)
2026-09-23 16:23:03,909 INFO: Plan 1: ḡ=0.4, γE[v]=0.0, Q=0.4 (bayes)
2026-09-23 16:23:03,909 INFO: Plan 2: ḡ=0.4, γE[v]=0.0, Q=0.4 (bayes)
2026-09-23 16:23:04,476 INFO: Plan 1: ḡ=58, γE[v]=17.0, Q=75.0 (fn)
2026-09-23 16:23:04,477 INFO: Plan 0: ḡ=2.7, γE[v]=2.8, Q=5.5 (bayes)
2026-09-23 16:23:04,477 INFO: Plan 1: ḡ=5.3, γE[v]=2.9, Q=8.2 (bayes)
2026-09-23 16:23:04,477 INFO: Plan 2: ḡ=3.1, γE[v]=2.6, Q=5.7 (bayes)
  [53/93] httpx._main seed=42: {'cov_qvalue_tgt_fnt_bayes': 70}
2026-09-23 16:23:05,756 INFO: Plan 2: ḡ=163, γE[v]=20.5, Q=183.5 (fn)
2026-09-23 16:23:05,796 INFO: Plan 2: ḡ=1, γE[v]=0.0, Q=1.0 (fn)
2026-09-23 16:23:06,273 INFO: Plan 0: ḡ=6, γE[v]=0.0, Q=6.0 (fn)
2026-09-23 16:23:06,727 INFO: Plan 1: ḡ=0, γE[v]=0.0, Q=0.0 (fn)
2026-09-23 16:23:06,728 INFO: Plan 2: ḡ=0, γE[v]=0.0, Q=0.0 (fn)
2026-09-23 16:23:07,286 INFO: Plan 1: ḡ=43, γE[v]=12.5, Q=55.5 (fn)
2026-09-23 16:23:07,287 INFO: Plan 0: ḡ=4.2, γE[v]=5.2, Q=9.4 (bayes)
2026-09-23 16:23:07,287 INFO: Plan 1: ḡ=8.2, γE[v]=4.1, Q=12.2 (bayes)
2026-09-23 16:23:07,287 INFO: Plan 2: ḡ=2.5, γE[v]=6.3, Q=8.8 (bayes)
2026-09-23 16:23:07,520 INFO: Plan 0: ḡ=0, γE[v]=0.0, Q=0.0 (fn)
2026-09-23 16:23:07,520 INFO: Plan 0: ḡ=0.0, γE[v]=0.0, Q=0.0 (bayes)
2026-09-23 16:23:07,520 INFO: Plan 1: ḡ=0.0, γE[v]=0.0, Q=0.0 (bayes)
2026-09-23 16:23:07,520 INFO: Plan 2: ḡ=0.0, γE[v]=0.0, Q=0.0 (bayes)
2026-09-23 16:23:07,795 INFO: Plan 0: ḡ=3, γE[v]=0.0, Q=3.0 (fn)
2026-09-23 16:23:07,837 INFO: Plan 1: ḡ=4, γE[v]=0.0, Q=4.0 (fn)
2026-09-23 16:23:07,838 INFO: Plan 0: ḡ=0.4, γE[v]=0.2, Q=0.6 (bayes)
2026-09-23 16:23:07,838 INFO: Plan 1: ḡ=0.5, γE[v]=0.2, Q=0.7 (bayes)
2026-09-23 16:23:07,838 INFO: Plan 2: ḡ=0.1, γE[v]=0.4, Q=0.5 (bayes)
2026-09-23 16:23:08,179 INFO: Plan 1: ḡ=116, γE[v]=44.0, Q=160.0 (fn)
2026-09-23 16:23:08,180 INFO: Plan 0: ḡ=3.5, γE[v]=10.0, Q=13.5 (bayes)
2026-09-23 16:23:08,180 INFO: Plan 1: ḡ=13.5, γE[v]=8.5, Q=22.0 (bayes)
2026-09-23 16:23:08,180 INFO: Plan 2: ḡ=18.1, γE[v]=4.3, Q=22.4 (bayes)
2026-09-23 16:23:10,048 INFO: Plan 1: ḡ=0, γE[v]=0.0, Q=0.0 (fn)
2026-09-23 16:23:10,276 INFO: Plan 2: ḡ=0, γE[v]=0.0, Q=0.0 (fn)
2026-09-23 16:23:10,660 INFO: Plan 2: ḡ=4, γE[v]=0.0, Q=4.0 (fn)
2026-09-23 16:23:10,706 INFO: Plan 0: ḡ=1, γE[v]=0.0, Q=1.0 (fn)
2026-09-23 16:23:10,707 INFO: Plan 1: ḡ=1, γE[v]=0.0, Q=1.0 (fn)
2026-09-23 16:23:10,708 INFO: Plan 0: ḡ=0.1, γE[v]=0.2, Q=0.3 (bayes)
2026-09-23 16:23:10,708 INFO: Plan 1: ḡ=0.1, γE[v]=0.2, Q=0.3 (bayes)
2026-09-23 16:23:10,708 INFO: Plan 2: ḡ=0.3, γE[v]=0.1, Q=0.4 (bayes)
2026-09-23 16:23:11,303 INFO: Plan 2: ḡ=0, γE[v]=0.0, Q=0.0 (fn)
2026-09-23 16:23:11,458 INFO: Plan 1: ḡ=145, γE[v]=0.0, Q=145.0 (fn)
2026-09-23 16:23:11,747 INFO: Plan 1: ḡ=0, γE[v]=0.0, Q=0.0 (fn)
2026-09-23 16:23:11,748 INFO: Plan 0: ḡ=0, γE[v]=0.0, Q=0.0 (fn)
2026-09-23 16:23:11,749 INFO: Plan 0: ḡ=0.0, γE[v]=0.0, Q=0.0 (bayes)
2026-09-23 16:23:11,749 INFO: Plan 1: ḡ=0.0, γE[v]=0.0, Q=0.0 (bayes)
2026-09-23 16:23:11,749 INFO: Plan 2: ḡ=0.0, γE[v]=0.0, Q=0.0 (bayes)
2026-09-23 16:23:12,112 INFO: Plan 0: ḡ=27, γE[v]=0.0, Q=27.0 (fn)
2026-09-23 16:23:12,196 INFO: Plan 2: ḡ=43, γE[v]=0.0, Q=43.0 (fn)
2026-09-23 16:23:12,197 INFO: Plan 0: ḡ=9.0, γE[v]=13.0, Q=22.0 (bayes)
2026-09-23 16:23:12,197 INFO: Plan 1: ḡ=16.1, γE[v]=9.4, Q=25.5 (bayes)
2026-09-23 16:23:12,197 INFO: Plan 2: ḡ=9.7, γE[v]=12.7, Q=22.3 (bayes)
2026-09-23 16:23:12,546 INFO: Plan 2: ḡ=14, γE[v]=26.0, Q=40.0 (fn)
2026-09-23 16:23:12,998 INFO: Plan 1: ḡ=12, γE[v]=13.0, Q=25.0 (fn)
2026-09-23 16:23:12,999 INFO: Plan 0: ḡ=2.0, γE[v]=44.0, Q=46.0 (bayes)
2026-09-23 16:23:12,999 INFO: Plan 1: ḡ=4.8, γE[v]=43.2, Q=48.0 (bayes)
2026-09-23 16:23:12,999 INFO: Plan 2: ḡ=2.5, γE[v]=45.7, Q=48.1 (bayes)
2026-09-23 16:23:13,351 INFO: Plan 1: ḡ=52, γE[v]=0.0, Q=52.0 (fn)
2026-09-23 16:23:13,353 INFO: Plan 0: ḡ=52, γE[v]=0.0, Q=52.0 (fn)
2026-09-23 16:23:13,726 INFO: Plan 2: ḡ=52, γE[v]=0.0, Q=52.0 (fn)
2026-09-23 16:23:13,726 INFO: Plan 0: ḡ=6.5, γE[v]=0.0, Q=6.5 (bayes)
2026-09-23 16:23:13,726 INFO: Plan 1: ḡ=6.5, γE[v]=0.0, Q=6.5 (bayes)
2026-09-23 16:23:13,726 INFO: Plan 2: ḡ=6.5, γE[v]=0.0, Q=6.5 (bayes)
2026-09-23 16:23:14,461 INFO: Plan 2: ḡ=0, γE[v]=0.0, Q=0.0 (fn)
2026-09-23 16:23:14,713 INFO: Plan 0: ḡ=0, γE[v]=0.0, Q=0.0 (fn)
2026-09-23 16:23:15,172 INFO: Plan 0: ḡ=1, γE[v]=0.0, Q=1.0 (fn)
2026-09-23 16:23:15,174 INFO: Plan 1: ḡ=1, γE[v]=0.0, Q=1.0 (fn)
2026-09-23 16:23:15,174 INFO: Plan 0: ḡ=0.1, γE[v]=0.1, Q=0.2 (bayes)
2026-09-23 16:23:15,175 INFO: Plan 1: ḡ=0.1, γE[v]=0.1, Q=0.2 (bayes)
2026-09-23 16:23:15,175 INFO: Plan 2: ḡ=0.0, γE[v]=0.1, Q=0.1 (bayes)
2026-09-23 16:23:15,593 INFO: Plan 1: ḡ=0, γE[v]=0.0, Q=0.0 (fn)
2026-09-23 16:23:15,595 INFO: Plan 2: ḡ=0, γE[v]=0.0, Q=0.0 (fn)
2026-09-23 16:23:15,596 INFO: Plan 0: ḡ=0.0, γE[v]=0.0, Q=0.0 (bayes)
2026-09-23 16:23:15,596 INFO: Plan 1: ḡ=0.0, γE[v]=0.0, Q=0.0 (bayes)
2026-09-23 16:23:15,596 INFO: Plan 2: ḡ=0.0, γE[v]=0.0, Q=0.0 (bayes)
2026-09-23 16:23:18,303 INFO: Plan 2: ḡ=0, γE[v]=0.0, Q=0.0 (fn)
2026-09-23 16:23:18,525 INFO: Plan 1: ḡ=0, γE[v]=0.0, Q=0.0 (fn)
2026-09-23 16:23:19,265 INFO: Plan 0: ḡ=0, γE[v]=0.0, Q=0.0 (fn)
2026-09-23 16:23:19,266 INFO: Plan 0: ḡ=0.0, γE[v]=0.0, Q=0.0 (bayes)
2026-09-23 16:23:19,266 INFO: Plan 1: ḡ=0.0, γE[v]=0.0, Q=0.0 (bayes)
2026-09-23 16:23:19,266 INFO: Plan 2: ḡ=0.0, γE[v]=0.0, Q=0.0 (bayes)
2026-09-23 16:23:19,792 INFO: Plan 2: ḡ=51, γE[v]=0.0, Q=51.0 (fn)
2026-09-23 16:23:20,617 INFO: Plan 0: ḡ=0, γE[v]=0.0, Q=0.0 (fn)
2026-09-23 16:23:20,618 INFO: Plan 0: ḡ=0.0, γE[v]=0.0, Q=0.0 (bayes)
2026-09-23 16:23:20,618 INFO: Plan 1: ḡ=0.0, γE[v]=0.0, Q=0.0 (bayes)
2026-09-23 16:23:20,618 INFO: Plan 2: ḡ=0.0, γE[v]=0.0, Q=0.0 (bayes)
2026-09-23 16:23:21,518 INFO: Plan 0: ḡ=13, γE[v]=19.5, Q=32.5 (fn)
2026-09-23 16:23:25,255 INFO: Plan 0: ḡ=1, γE[v]=0.0, Q=1.0 (fn)
2026-09-23 16:23:25,256 INFO: Plan 1: ḡ=1, γE[v]=0.0, Q=1.0 (fn)
2026-09-23 16:23:25,295 INFO: Plan 2: ḡ=1, γE[v]=0.0, Q=1.0 (fn)
2026-09-23 16:23:25,295 INFO: Plan 0: ḡ=0.2, γE[v]=0.0, Q=0.2 (bayes)
2026-09-23 16:23:25,295 INFO: Plan 1: ḡ=0.2, γE[v]=0.0, Q=0.2 (bayes)
2026-09-23 16:23:25,295 INFO: Plan 2: ḡ=0.2, γE[v]=0.0, Q=0.2 (bayes)
2026-09-23 16:23:27,212 INFO: Plan 0: ḡ=0, γE[v]=0.0, Q=0.0 (fn)
2026-09-23 16:23:27,695 INFO: Plan 1: ḡ=0, γE[v]=0.0, Q=0.0 (fn)
2026-09-23 16:23:28,207 INFO: Plan 2: ḡ=0, γE[v]=0.0, Q=0.0 (fn)
2026-09-23 16:23:28,208 INFO: Plan 0: ḡ=0.0, γE[v]=0.0, Q=0.0 (bayes)
2026-09-23 16:23:28,208 INFO: Plan 1: ḡ=0.0, γE[v]=0.0, Q=0.0 (bayes)
2026-09-23 16:23:28,208 INFO: Plan 2: ḡ=0.0, γE[v]=0.0, Q=0.0 (bayes)
2026-09-23 16:23:28,247 INFO: Plan 1: ḡ=17, γE[v]=0.0, Q=17.0 (fn)
2026-09-23 16:23:28,538 INFO: Plan 2: ḡ=15, γE[v]=0.0, Q=15.0 (fn)
2026-09-23 16:23:28,709 INFO: Plan 2: ḡ=37, γE[v]=0.0, Q=37.0 (fn)
2026-09-23 16:23:28,856 INFO: Plan 0: ḡ=4, γE[v]=0.0, Q=4.0 (fn)
2026-09-23 16:23:28,857 INFO: Plan 0: ḡ=0.5, γE[v]=4.5, Q=5.0 (bayes)
2026-09-23 16:23:28,857 INFO: Plan 1: ḡ=3.3, γE[v]=3.1, Q=6.4 (bayes)
2026-09-23 16:23:28,857 INFO: Plan 2: ḡ=5.6, γE[v]=1.9, Q=7.6 (bayes)
2026-09-23 16:23:28,899 INFO: Plan 0: ḡ=2, γE[v]=0.0, Q=2.0 (fn)
2026-09-23 16:23:29,384 INFO: Plan 1: ḡ=2, γE[v]=0.0, Q=2.0 (fn)
2026-09-23 16:23:29,385 INFO: Plan 0: ḡ=0.7, γE[v]=0.9, Q=1.5 (bayes)
2026-09-23 16:23:29,385 INFO: Plan 1: ḡ=0.7, γE[v]=0.9, Q=1.5 (bayes)
2026-09-23 16:23:29,385 INFO: Plan 2: ḡ=1.1, γE[v]=0.7, Q=1.7 (bayes)
2026-09-23 16:23:29,643 INFO: Plan 0: ḡ=0, γE[v]=0.0, Q=0.0 (fn)
2026-09-23 16:23:29,898 INFO: Plan 1: ḡ=0, γE[v]=0.0, Q=0.0 (fn)
2026-09-23 16:23:29,941 INFO: Plan 2: ḡ=0, γE[v]=0.0, Q=0.0 (fn)
2026-09-23 16:23:29,941 INFO: Plan 0: ḡ=0.0, γE[v]=0.0, Q=0.0 (bayes)
2026-09-23 16:23:29,942 INFO: Plan 1: ḡ=0.0, γE[v]=0.0, Q=0.0 (bayes)
2026-09-23 16:23:29,942 INFO: Plan 2: ḡ=0.0, γE[v]=0.0, Q=0.0 (bayes)
2026-09-23 16:23:30,535 INFO: Plan 1: ḡ=0, γE[v]=0.0, Q=0.0 (fn)
2026-09-23 16:23:31,098 INFO: Plan 0: ḡ=0, γE[v]=0.0, Q=0.0 (fn)
2026-09-23 16:23:31,355 INFO: Plan 2: ḡ=0, γE[v]=0.0, Q=0.0 (fn)
2026-09-23 16:23:31,356 INFO: Plan 0: ḡ=0.0, γE[v]=0.0, Q=0.0 (bayes)
2026-09-23 16:23:31,356 INFO: Plan 1: ḡ=0.0, γE[v]=0.0, Q=0.0 (bayes)
2026-09-23 16:23:31,357 INFO: Plan 2: ḡ=0.0, γE[v]=0.0, Q=0.0 (bayes)
2026-09-23 16:23:31,853 INFO: Plan 1: ḡ=171, γE[v]=5.0, Q=176.0 (fn)
2026-09-23 16:23:31,854 INFO: Plan 0: ḡ=3.0, γE[v]=17.3, Q=20.3 (bayes)
2026-09-23 16:23:31,854 INFO: Plan 1: ḡ=32.1, γE[v]=1.6, Q=33.7 (bayes)
2026-09-23 16:23:31,854 INFO: Plan 2: ḡ=8.6, γE[v]=13.0, Q=21.6 (bayes)
2026-09-23 16:23:32,551 INFO: Plan 0: ḡ=15, γE[v]=0.0, Q=15.0 (fn)
2026-09-23 16:23:32,881 INFO: Plan 1: ḡ=11, γE[v]=0.0, Q=11.0 (fn)
2026-09-23 16:23:34,905 INFO: Plan 0: ḡ=0, γE[v]=0.0, Q=0.0 (fn)
2026-09-23 16:23:34,906 INFO: Plan 2: ḡ=15, γE[v]=0.0, Q=15.0 (fn)
2026-09-23 16:23:34,907 INFO: Plan 0: ḡ=1.4, γE[v]=0.5, Q=1.9 (bayes)
2026-09-23 16:23:34,907 INFO: Plan 1: ḡ=1.2, γE[v]=0.6, Q=1.9 (bayes)
2026-09-23 16:23:34,907 INFO: Plan 2: ḡ=1.6, γE[v]=0.4, Q=2.0 (bayes)
2026-09-23 16:23:35,293 INFO: Plan 2: ḡ=0, γE[v]=0.0, Q=0.0 (fn)
2026-09-23 16:23:35,294 INFO: Plan 1: ḡ=0, γE[v]=0.0, Q=0.0 (fn)
2026-09-23 16:23:35,294 INFO: Plan 0: ḡ=0.0, γE[v]=0.0, Q=0.0 (bayes)
2026-09-23 16:23:35,295 INFO: Plan 1: ḡ=0.0, γE[v]=0.0, Q=0.0 (bayes)
2026-09-23 16:23:35,295 INFO: Plan 2: ḡ=0.0, γE[v]=0.0, Q=0.0 (bayes)
2026-09-23 16:23:37,034 INFO: Plan 0: ḡ=54, γE[v]=3.0, Q=57.0 (fn)
2026-09-23 16:23:38,324 INFO: Plan 1: ḡ=15, γE[v]=0.0, Q=15.0 (fn)
2026-09-23 16:23:38,877 INFO: Plan 1: ḡ=0, γE[v]=0.0, Q=0.0 (fn)
2026-09-23 16:23:38,878 INFO: Plan 2: ḡ=0, γE[v]=0.0, Q=0.0 (fn)
2026-09-23 16:23:39,063 INFO: Plan 0: ḡ=0, γE[v]=0.0, Q=0.0 (fn)
2026-09-23 16:23:39,064 INFO: Plan 0: ḡ=0.0, γE[v]=0.0, Q=0.0 (bayes)
2026-09-23 16:23:39,064 INFO: Plan 1: ḡ=0.0, γE[v]=0.0, Q=0.0 (bayes)
2026-09-23 16:23:39,064 INFO: Plan 2: ḡ=0.0, γE[v]=0.0, Q=0.0 (bayes)
2026-09-23 16:23:39,382 INFO: Plan 0: ḡ=0, γE[v]=0.0, Q=0.0 (fn)
2026-09-23 16:23:39,670 INFO: Plan 2: ḡ=0, γE[v]=0.0, Q=0.0 (fn)
2026-09-23 16:23:39,671 INFO: Plan 2: ḡ=75, γE[v]=0.0, Q=75.0 (fn)
2026-09-23 16:23:39,672 INFO: Plan 0: ḡ=13.7, γE[v]=13.0, Q=26.6 (bayes)
2026-09-23 16:23:39,672 INFO: Plan 1: ḡ=4.9, γE[v]=17.1, Q=22.0 (bayes)
2026-09-23 16:23:39,672 INFO: Plan 2: ḡ=19.7, γE[v]=9.7, Q=29.4 (bayes)
2026-09-23 16:23:40,007 INFO: Plan 1: ḡ=0, γE[v]=0.0, Q=0.0 (fn)
2026-09-23 16:23:40,007 INFO: Plan 0: ḡ=0.0, γE[v]=0.0, Q=0.0 (bayes)
2026-09-23 16:23:40,007 INFO: Plan 1: ḡ=0.0, γE[v]=0.0, Q=0.0 (bayes)
2026-09-23 16:23:40,007 INFO: Plan 2: ḡ=0.0, γE[v]=0.0, Q=0.0 (bayes)
2026-09-23 16:23:40,531 INFO: Plan 1: ḡ=0, γE[v]=0.0, Q=0.0 (fn)
2026-09-23 16:23:40,842 INFO: Plan 0: ḡ=2, γE[v]=0.0, Q=2.0 (fn)
2026-09-23 16:23:40,883 INFO: Plan 2: ḡ=0, γE[v]=0.0, Q=0.0 (fn)
2026-09-23 16:23:40,884 INFO: Plan 0: ḡ=0.1, γE[v]=0.0, Q=0.1 (bayes)
2026-09-23 16:23:40,884 INFO: Plan 1: ḡ=0.0, γE[v]=0.1, Q=0.1 (bayes)
2026-09-23 16:23:40,884 INFO: Plan 2: ḡ=0.0, γE[v]=0.1, Q=0.1 (bayes)
  [54/93] pydantic.types seed=42: {'cov_qvalue_tgt_fnt_bayes': 138}
2026-09-23 16:23:41,845 INFO: Plan 0: ḡ=9, γE[v]=0.0, Q=9.0 (fn)
2026-09-23 16:23:42,057 INFO: Plan 0: ḡ=56, γE[v]=0.0, Q=56.0 (fn)
2026-09-23 16:23:42,710 INFO: Plan 1: ḡ=66, γE[v]=0.0, Q=66.0 (fn)
2026-09-23 16:23:43,084 INFO: Plan 2: ḡ=49, γE[v]=0.0, Q=49.0 (fn)
2026-09-23 16:23:43,085 INFO: Plan 0: ḡ=15.6, γE[v]=16.9, Q=32.5 (bayes)
2026-09-23 16:23:43,085 INFO: Plan 1: ḡ=16.5, γE[v]=16.4, Q=32.9 (bayes)
2026-09-23 16:23:43,085 INFO: Plan 2: ḡ=19.1, γE[v]=15.2, Q=34.2 (bayes)
2026-09-23 16:23:43,536 INFO: Plan 1: ḡ=18, γE[v]=4.5, Q=22.5 (fn)
2026-09-23 16:23:43,984 INFO: Plan 1: ḡ=2, γE[v]=0.0, Q=2.0 (fn)
2026-09-23 16:23:44,404 INFO: Plan 0: ḡ=2, γE[v]=0.0, Q=2.0 (fn)
2026-09-23 16:23:44,447 INFO: Plan 2: ḡ=2, γE[v]=0.0, Q=2.0 (fn)
2026-09-23 16:23:44,447 INFO: Plan 0: ḡ=0.5, γE[v]=0.3, Q=0.8 (bayes)
2026-09-23 16:23:44,448 INFO: Plan 1: ḡ=0.7, γE[v]=0.2, Q=0.9 (bayes)
2026-09-23 16:23:44,448 INFO: Plan 2: ḡ=0.5, γE[v]=0.3, Q=0.8 (bayes)
2026-09-23 16:23:45,768 INFO: Plan 0: ḡ=2, γE[v]=0.0, Q=2.0 (fn)
2026-09-23 16:23:45,962 INFO: Plan 2: ḡ=2, γE[v]=0.0, Q=2.0 (fn)
2026-09-23 16:23:46,001 INFO: Plan 1: ḡ=2, γE[v]=0.0, Q=2.0 (fn)
2026-09-23 16:23:46,002 INFO: Plan 0: ḡ=0.2, γE[v]=0.3, Q=0.5 (bayes)
2026-09-23 16:23:46,002 INFO: Plan 1: ḡ=0.2, γE[v]=0.3, Q=0.5 (bayes)
2026-09-23 16:23:46,002 INFO: Plan 2: ḡ=0.2, γE[v]=0.3, Q=0.5 (bayes)
2026-09-23 16:23:46,077 INFO: Plan 2: ḡ=18, γE[v]=7.5, Q=25.5 (fn)
2026-09-23 16:23:46,078 INFO: Plan 1: ḡ=0, γE[v]=0.0, Q=0.0 (fn)
2026-09-23 16:23:46,079 INFO: Plan 0: ḡ=3.7, γE[v]=18.8, Q=22.5 (bayes)
2026-09-23 16:23:46,079 INFO: Plan 1: ḡ=4.8, γE[v]=18.6, Q=23.3 (bayes)
2026-09-23 16:23:46,079 INFO: Plan 2: ḡ=6.2, γE[v]=17.9, Q=24.1 (bayes)
2026-09-23 16:23:46,311 INFO: Plan 2: ḡ=0, γE[v]=0.0, Q=0.0 (fn)
2026-09-23 16:23:46,542 INFO: Plan 0: ḡ=0, γE[v]=0.0, Q=0.0 (fn)
2026-09-23 16:23:46,543 INFO: Plan 0: ḡ=0.0, γE[v]=0.0, Q=0.0 (bayes)
2026-09-23 16:23:46,543 INFO: Plan 1: ḡ=0.0, γE[v]=0.0, Q=0.0 (bayes)
2026-09-23 16:23:46,543 INFO: Plan 2: ḡ=0.0, γE[v]=0.0, Q=0.0 (bayes)
2026-09-23 16:23:47,618 INFO: Plan 2: ḡ=4, γE[v]=0.0, Q=4.0 (fn)
2026-09-23 16:23:47,659 INFO: Plan 0: ḡ=1, γE[v]=0.0, Q=1.0 (fn)
2026-09-23 16:23:47,884 INFO: Plan 1: ḡ=1, γE[v]=0.0, Q=1.0 (fn)
2026-09-23 16:23:47,887 INFO: Plan 0: ḡ=0.1, γE[v]=0.2, Q=0.3 (bayes)
2026-09-23 16:23:47,888 INFO: Plan 1: ḡ=0.1, γE[v]=0.2, Q=0.3 (bayes)
2026-09-23 16:23:47,889 INFO: Plan 2: ḡ=0.2, γE[v]=0.1, Q=0.4 (bayes)
  [55/93] werkzeug.datastructures.structures seed=42: {'cov_qvalue_tgt_fnt_bayes': 138}
2026-09-23 16:23:49,210 INFO: Plan 1: ḡ=0, γE[v]=0.0, Q=0.0 (fn)
2026-09-23 16:23:49,594 INFO: Plan 2: ḡ=0, γE[v]=0.0, Q=0.0 (fn)
2026-09-23 16:23:50,339 INFO: Plan 0: ḡ=0, γE[v]=0.0, Q=0.0 (fn)
2026-09-23 16:23:50,339 INFO: Plan 0: ḡ=0.0, γE[v]=0.0, Q=0.0 (bayes)
2026-09-23 16:23:50,339 INFO: Plan 1: ḡ=0.0, γE[v]=0.0, Q=0.0 (bayes)
2026-09-23 16:23:50,339 INFO: Plan 2: ḡ=0.0, γE[v]=0.0, Q=0.0 (bayes)
2026-09-23 16:23:50,846 INFO: Plan 1: ḡ=0, γE[v]=0.0, Q=0.0 (fn)
2026-09-23 16:23:51,490 INFO: Plan 0: ḡ=0, γE[v]=0.0, Q=0.0 (fn)
2026-09-23 16:23:51,532 INFO: Plan 2: ḡ=0, γE[v]=0.0, Q=0.0 (fn)
2026-09-23 16:23:51,532 INFO: Plan 0: ḡ=0.0, γE[v]=0.0, Q=0.0 (bayes)
2026-09-23 16:23:51,532 INFO: Plan 1: ḡ=0.0, γE[v]=0.0, Q=0.0 (bayes)
2026-09-23 16:23:51,532 INFO: Plan 2: ḡ=0.0, γE[v]=0.0, Q=0.0 (bayes)
2026-09-23 16:23:53,094 INFO: Plan 0: ḡ=0, γE[v]=0.0, Q=0.0 (fn)
2026-09-23 16:23:53,542 INFO: Plan 1: ḡ=0, γE[v]=0.0, Q=0.0 (fn)
2026-09-23 16:23:53,828 INFO: Plan 2: ḡ=0, γE[v]=0.0, Q=0.0 (fn)
2026-09-23 16:23:53,829 INFO: Plan 0: ḡ=0.0, γE[v]=0.0, Q=0.0 (bayes)
2026-09-23 16:23:53,829 INFO: Plan 1: ḡ=0.0, γE[v]=0.0, Q=0.0 (bayes)
2026-09-23 16:23:53,829 INFO: Plan 2: ḡ=0.0, γE[v]=0.0, Q=0.0 (bayes)
2026-09-23 16:23:54,811 INFO: Plan 1: ḡ=2, γE[v]=0.0, Q=2.0 (fn)
2026-09-23 16:23:55,019 INFO: Plan 2: ḡ=2, γE[v]=0.0, Q=2.0 (fn)
2026-09-23 16:23:55,582 INFO: Plan 0: ḡ=1, γE[v]=0.5, Q=1.5 (fn)
2026-09-23 16:23:55,583 INFO: Plan 0: ḡ=0.2, γE[v]=0.1, Q=0.3 (bayes)
2026-09-23 16:23:55,583 INFO: Plan 1: ḡ=0.3, γE[v]=0.0, Q=0.3 (bayes)
2026-09-23 16:23:55,583 INFO: Plan 2: ḡ=0.3, γE[v]=0.0, Q=0.3 (bayes)
2026-09-23 16:23:56,680 INFO: Plan 2: ḡ=0, γE[v]=0.0, Q=0.0 (fn)
2026-09-23 16:23:56,954 INFO: Plan 1: ḡ=1, γE[v]=0.0, Q=1.0 (fn)
2026-09-23 16:23:57,922 INFO: Plan 0: ḡ=7, γE[v]=0.5, Q=7.5 (fn)
2026-09-23 16:23:57,923 INFO: Plan 0: ḡ=1.4, γE[v]=0.2, Q=1.6 (bayes)
2026-09-23 16:23:57,923 INFO: Plan 1: ḡ=0.2, γE[v]=0.7, Q=0.9 (bayes)
2026-09-23 16:23:57,923 INFO: Plan 2: ḡ=0.0, γE[v]=0.8, Q=0.8 (bayes)
2026-09-23 16:23:59,785 INFO: Plan 0: ḡ=32, γE[v]=0.0, Q=32.0 (fn)
2026-09-23 16:24:00,351 INFO: Plan 2: ḡ=40, γE[v]=0.0, Q=40.0 (fn)
2026-09-23 16:24:00,675 INFO: Plan 0: ḡ=7, γE[v]=0.0, Q=7.0 (fn)
2026-09-23 16:24:01,766 INFO: Plan 1: ḡ=74, γE[v]=0.0, Q=74.0 (fn)
2026-09-23 16:24:01,767 INFO: Plan 0: ḡ=9.1, γE[v]=46.5, Q=55.6 (bayes)
2026-09-23 16:24:01,767 INFO: Plan 1: ḡ=36.8, γE[v]=32.6, Q=69.5 (bayes)
2026-09-23 16:24:01,767 INFO: Plan 2: ḡ=16.2, γE[v]=42.9, Q=59.2 (bayes)
2026-09-23 16:24:02,175 INFO: Plan 0: ḡ=52, γE[v]=0.0, Q=52.0 (fn)
2026-09-23 16:24:02,486 INFO: Plan 1: ḡ=52, γE[v]=0.0, Q=52.0 (fn)
2026-09-23 16:24:02,487 INFO: Plan 2: ḡ=52, γE[v]=0.0, Q=52.0 (fn)
2026-09-23 16:24:02,488 INFO: Plan 0: ḡ=5.8, γE[v]=0.0, Q=5.8 (bayes)
2026-09-23 16:24:02,488 INFO: Plan 1: ḡ=5.8, γE[v]=0.0, Q=5.8 (bayes)
2026-09-23 16:24:02,488 INFO: Plan 2: ḡ=5.8, γE[v]=0.0, Q=5.8 (bayes)
2026-09-23 16:24:03,521 INFO: Plan 2: ḡ=6, γE[v]=1.0, Q=7.0 (fn)
2026-09-23 16:24:03,686 INFO: Plan 2: ḡ=0, γE[v]=0.0, Q=0.0 (fn)
2026-09-23 16:24:03,727 INFO: Plan 2: ḡ=7, γE[v]=0.0, Q=7.0 (fn)
2026-09-23 16:24:03,977 INFO: Plan 1: ḡ=1, γE[v]=0.0, Q=1.0 (fn)
2026-09-23 16:24:04,152 INFO: Plan 0: ḡ=17, γE[v]=0.0, Q=17.0 (fn)
2026-09-23 16:24:04,416 INFO: Plan 0: ḡ=0, γE[v]=0.0, Q=0.0 (fn)
2026-09-23 16:24:04,457 INFO: Plan 1: ḡ=0, γE[v]=0.0, Q=0.0 (fn)
2026-09-23 16:24:04,597 INFO: Plan 2: ḡ=0, γE[v]=0.0, Q=0.0 (fn)
2026-09-23 16:24:04,599 INFO: Plan 0: ḡ=0.0, γE[v]=0.0, Q=0.0 (bayes)
2026-09-23 16:24:04,599 INFO: Plan 1: ḡ=0.0, γE[v]=0.0, Q=0.0 (bayes)
2026-09-23 16:24:04,599 INFO: Plan 2: ḡ=0.0, γE[v]=0.0, Q=0.0 (bayes)
2026-09-23 16:24:04,727 INFO: Plan 1: ḡ=42, γE[v]=0.0, Q=42.0 (fn)
2026-09-23 16:24:04,728 INFO: Plan 0: ḡ=3.3, γE[v]=4.0, Q=7.3 (bayes)
2026-09-23 16:24:04,728 INFO: Plan 1: ḡ=6.6, γE[v]=2.3, Q=9.0 (bayes)
2026-09-23 16:24:04,728 INFO: Plan 2: ḡ=1.6, γE[v]=4.9, Q=6.4 (bayes)
  [56/93] pydantic.json_schema seed=42: {'cov_qvalue_tgt_fnt_bayes': 272}
2026-09-23 16:24:05,269 INFO: Plan 0: ḡ=1, γE[v]=0.5, Q=1.5 (fn)
2026-09-23 16:24:05,270 INFO: Plan 0: ḡ=0.3, γE[v]=0.2, Q=0.5 (bayes)
2026-09-23 16:24:05,270 INFO: Plan 1: ḡ=0.3, γE[v]=0.2, Q=0.5 (bayes)
2026-09-23 16:24:05,270 INFO: Plan 2: ḡ=0.0, γE[v]=0.3, Q=0.3 (bayes)
2026-09-23 16:24:05,485 INFO: Plan 2: ḡ=0, γE[v]=0.0, Q=0.0 (fn)
2026-09-23 16:24:06,112 INFO: Plan 0: ḡ=0, γE[v]=0.0, Q=0.0 (fn)
2026-09-23 16:24:06,245 INFO: Plan 1: ḡ=0, γE[v]=0.0, Q=0.0 (fn)
2026-09-23 16:24:06,245 INFO: Plan 0: ḡ=0.0, γE[v]=0.0, Q=0.0 (bayes)
2026-09-23 16:24:06,245 INFO: Plan 1: ḡ=0.0, γE[v]=0.0, Q=0.0 (bayes)
2026-09-23 16:24:06,245 INFO: Plan 2: ḡ=0.0, γE[v]=0.0, Q=0.0 (bayes)
2026-09-23 16:24:06,964 INFO: Plan 2: ḡ=15, γE[v]=0.0, Q=15.0 (fn)
2026-09-23 16:24:07,117 INFO: Plan 1: ḡ=0, γE[v]=0.0, Q=0.0 (fn)
2026-09-23 16:24:07,340 INFO: Plan 1: ḡ=30, γE[v]=0.0, Q=30.0 (fn)
2026-09-23 16:24:07,691 INFO: Plan 0: ḡ=2, γE[v]=0.0, Q=2.0 (fn)
2026-09-23 16:24:07,883 INFO: Plan 1: ḡ=2, γE[v]=0.0, Q=2.0 (fn)
2026-09-23 16:24:07,884 INFO: Plan 0: ḡ=0.7, γE[v]=0.8, Q=1.5 (bayes)
2026-09-23 16:24:07,884 INFO: Plan 1: ḡ=0.7, γE[v]=0.8, Q=1.5 (bayes)
2026-09-23 16:24:07,884 INFO: Plan 2: ḡ=1.0, γE[v]=0.7, Q=1.7 (bayes)
2026-09-23 16:24:07,966 INFO: Plan 0: ḡ=23, γE[v]=4.0, Q=27.0 (fn)
2026-09-23 16:24:07,966 INFO: Plan 0: ḡ=3.8, γE[v]=0.9, Q=4.7 (bayes)
2026-09-23 16:24:07,967 INFO: Plan 1: ḡ=4.8, γE[v]=0.1, Q=4.9 (bayes)
2026-09-23 16:24:07,967 INFO: Plan 2: ḡ=0.9, γE[v]=2.1, Q=3.0 (bayes)
2026-09-23 16:24:08,605 INFO: Plan 1: ḡ=12, γE[v]=12.5, Q=24.5 (fn)
2026-09-23 16:24:09,249 INFO: Plan 0: ḡ=0, γE[v]=0.0, Q=0.0 (fn)
2026-09-23 16:24:09,290 INFO: Plan 0: ḡ=24, γE[v]=0.0, Q=24.0 (fn)
2026-09-23 16:24:09,411 INFO: Plan 2: ḡ=0, γE[v]=0.0, Q=0.0 (fn)
2026-09-23 16:24:09,411 INFO: Plan 0: ḡ=0.0, γE[v]=0.0, Q=0.0 (bayes)
2026-09-23 16:24:09,412 INFO: Plan 1: ḡ=0.0, γE[v]=0.0, Q=0.0 (bayes)
2026-09-23 16:24:09,412 INFO: Plan 2: ḡ=0.0, γE[v]=0.0, Q=0.0 (bayes)
2026-09-23 16:24:09,958 INFO: Plan 0: ḡ=24, γE[v]=0.0, Q=24.0 (fn)
2026-09-23 16:24:10,868 INFO: Plan 2: ḡ=163, γE[v]=8.5, Q=171.5 (fn)
2026-09-23 16:24:10,872 INFO: Plan 2: ḡ=34, γE[v]=26.0, Q=60.0 (fn)
2026-09-23 16:24:10,873 INFO: Plan 0: ḡ=2.3, γE[v]=42.8, Q=45.1 (bayes)
2026-09-23 16:24:10,873 INFO: Plan 1: ḡ=4.8, γE[v]=42.1, Q=46.9 (bayes)
2026-09-23 16:24:10,873 INFO: Plan 2: ḡ=8.8, γE[v]=41.5, Q=50.3 (bayes)
2026-09-23 16:24:11,045 INFO: Plan 1: ḡ=0, γE[v]=0.0, Q=0.0 (fn)
2026-09-23 16:24:11,084 INFO: Plan 1: ḡ=146, γE[v]=0.0, Q=146.0 (fn)
2026-09-23 16:24:11,355 INFO: Plan 2: ḡ=43, γE[v]=0.0, Q=43.0 (fn)
2026-09-23 16:24:11,564 INFO: Plan 1: ḡ=0, γE[v]=0.0, Q=0.0 (fn)
2026-09-23 16:24:11,814 INFO: Plan 0: ḡ=27, γE[v]=0.0, Q=27.0 (fn)
2026-09-23 16:24:11,815 INFO: Plan 1: ḡ=15, γE[v]=0.0, Q=15.0 (fn)
2026-09-23 16:24:11,816 INFO: Plan 0: ḡ=9.0, γE[v]=12.2, Q=21.2 (bayes)
2026-09-23 16:24:11,816 INFO: Plan 1: ḡ=14.7, γE[v]=9.3, Q=24.0 (bayes)
2026-09-23 16:24:11,816 INFO: Plan 2: ḡ=9.7, γE[v]=11.8, Q=21.5 (bayes)
2026-09-23 16:24:12,318 INFO: Plan 2: ḡ=0, γE[v]=0.0, Q=0.0 (fn)
2026-09-23 16:24:12,444 INFO: Plan 0: ḡ=0, γE[v]=0.0, Q=0.0 (fn)
2026-09-23 16:24:12,714 INFO: Plan 2: ḡ=0, γE[v]=0.0, Q=0.0 (fn)
2026-09-23 16:24:13,403 INFO: Plan 2: ḡ=0, γE[v]=0.0, Q=0.0 (fn)
2026-09-23 16:24:13,404 INFO: Plan 0: ḡ=0.0, γE[v]=0.0, Q=0.0 (bayes)
2026-09-23 16:24:13,404 INFO: Plan 1: ḡ=0.0, γE[v]=0.0, Q=0.0 (bayes)
2026-09-23 16:24:13,404 INFO: Plan 2: ḡ=0.0, γE[v]=0.0, Q=0.0 (bayes)
2026-09-23 16:24:13,440 INFO: Plan 0: ḡ=0, γE[v]=0.0, Q=0.0 (fn)
2026-09-23 16:24:13,440 INFO: Plan 0: ḡ=0.0, γE[v]=0.0, Q=0.0 (bayes)
2026-09-23 16:24:13,440 INFO: Plan 1: ḡ=0.0, γE[v]=0.0, Q=0.0 (bayes)
2026-09-23 16:24:13,440 INFO: Plan 2: ḡ=0.0, γE[v]=0.0, Q=0.0 (bayes)
2026-09-23 16:24:13,654 INFO: Plan 1: ḡ=1, γE[v]=0.0, Q=1.0 (fn)
2026-09-23 16:24:14,339 INFO: Plan 0: ḡ=1, γE[v]=0.0, Q=1.0 (fn)
2026-09-23 16:24:14,340 INFO: Plan 0: ḡ=0.1, γE[v]=0.1, Q=0.1 (bayes)
2026-09-23 16:24:14,340 INFO: Plan 1: ḡ=0.1, γE[v]=0.0, Q=0.2 (bayes)
2026-09-23 16:24:14,340 INFO: Plan 2: ḡ=0.0, γE[v]=0.1, Q=0.1 (bayes)
2026-09-23 16:24:14,830 INFO: Plan 1: ḡ=99, γE[v]=51.0, Q=150.0 (fn)
2026-09-23 16:24:14,830 INFO: Plan 0: ḡ=3.0, γE[v]=9.0, Q=12.1 (bayes)
2026-09-23 16:24:14,830 INFO: Plan 1: ḡ=9.9, γE[v]=9.7, Q=19.6 (bayes)
2026-09-23 16:24:14,830 INFO: Plan 2: ḡ=16.3, γE[v]=3.1, Q=19.4 (bayes)
2026-09-23 16:24:15,237 INFO: Plan 0: ḡ=8, γE[v]=0.0, Q=8.0 (fn)
2026-09-23 16:24:15,322 INFO: Plan 1: ḡ=17, γE[v]=0.0, Q=17.0 (fn)
2026-09-23 16:24:15,323 INFO: Plan 2: ḡ=47, γE[v]=0.0, Q=47.0 (fn)
2026-09-23 16:24:15,675 INFO: Plan 0: ḡ=4, γE[v]=0.0, Q=4.0 (fn)
2026-09-23 16:24:15,676 INFO: Plan 0: ḡ=0.5, γE[v]=3.6, Q=4.1 (bayes)
2026-09-23 16:24:15,676 INFO: Plan 1: ḡ=3.3, γE[v]=2.2, Q=5.5 (bayes)
2026-09-23 16:24:15,676 INFO: Plan 2: ḡ=7.1, γE[v]=0.3, Q=7.4 (bayes)
2026-09-23 16:24:15,894 INFO: Plan 1: ḡ=0, γE[v]=0.0, Q=0.0 (fn)
2026-09-23 16:24:15,895 INFO: Plan 0: ḡ=0, γE[v]=0.0, Q=0.0 (fn)
2026-09-23 16:24:15,896 INFO: Plan 2: ḡ=0, γE[v]=0.0, Q=0.0 (fn)
2026-09-23 16:24:15,896 INFO: Plan 0: ḡ=0.0, γE[v]=0.0, Q=0.0 (bayes)
2026-09-23 16:24:15,897 INFO: Plan 1: ḡ=0.0, γE[v]=0.0, Q=0.0 (bayes)
2026-09-23 16:24:15,897 INFO: Plan 2: ḡ=0.0, γE[v]=0.0, Q=0.0 (bayes)
2026-09-23 16:24:16,523 INFO: Plan 2: ḡ=38, γE[v]=3.5, Q=41.5 (fn)
2026-09-23 16:24:16,523 INFO: Plan 0: ḡ=6.3, γE[v]=5.2, Q=11.4 (bayes)
2026-09-23 16:24:16,523 INFO: Plan 1: ḡ=5.8, γE[v]=5.4, Q=11.2 (bayes)
2026-09-23 16:24:16,523 INFO: Plan 2: ḡ=11.0, γE[v]=3.0, Q=14.0 (bayes)
2026-09-23 16:24:16,686 INFO: Plan 1: ḡ=7, γE[v]=0.0, Q=7.0 (fn)
2026-09-23 16:24:17,631 INFO: Plan 2: ḡ=10, γE[v]=0.0, Q=10.0 (fn)
2026-09-23 16:24:17,631 INFO: Plan 0: ḡ=0.8, γE[v]=0.5, Q=1.3 (bayes)
2026-09-23 16:24:17,631 INFO: Plan 1: ḡ=0.6, γE[v]=0.6, Q=1.2 (bayes)
2026-09-23 16:24:17,631 INFO: Plan 2: ḡ=0.9, γE[v]=0.4, Q=1.3 (bayes)
2026-09-23 16:24:18,674 INFO: Plan 2: ḡ=0, γE[v]=0.0, Q=0.0 (fn)
2026-09-23 16:24:18,714 INFO: Plan 0: ḡ=2, γE[v]=0.0, Q=2.0 (fn)
2026-09-23 16:24:19,146 INFO: Plan 1: ḡ=0, γE[v]=0.0, Q=0.0 (fn)
2026-09-23 16:24:19,146 INFO: Plan 0: ḡ=0.1, γE[v]=0.0, Q=0.1 (bayes)
2026-09-23 16:24:19,146 INFO: Plan 1: ḡ=0.0, γE[v]=0.1, Q=0.1 (bayes)
2026-09-23 16:24:19,147 INFO: Plan 2: ḡ=0.0, γE[v]=0.1, Q=0.1 (bayes)
2026-09-23 16:24:21,971 INFO: Plan 2: ḡ=0, γE[v]=0.0, Q=0.0 (fn)
2026-09-23 16:24:22,735 INFO: Plan 0: ḡ=0, γE[v]=0.0, Q=0.0 (fn)
2026-09-23 16:24:23,182 INFO: Plan 1: ḡ=0, γE[v]=0.0, Q=0.0 (fn)
2026-09-23 16:24:23,183 INFO: Plan 0: ḡ=0.0, γE[v]=0.0, Q=0.0 (bayes)
2026-09-23 16:24:23,183 INFO: Plan 1: ḡ=0.0, γE[v]=0.0, Q=0.0 (bayes)
2026-09-23 16:24:23,183 INFO: Plan 2: ḡ=0.0, γE[v]=0.0, Q=0.0 (bayes)
2026-09-23 16:24:24,031 INFO: Plan 2: ḡ=4, γE[v]=0.0, Q=4.0 (fn)
2026-09-23 16:24:24,154 INFO: Plan 0: ḡ=1, γE[v]=0.0, Q=1.0 (fn)
2026-09-23 16:24:24,371 INFO: Plan 1: ḡ=1, γE[v]=0.0, Q=1.0 (fn)
2026-09-23 16:24:24,372 INFO: Plan 0: ḡ=0.1, γE[v]=0.2, Q=0.3 (bayes)
2026-09-23 16:24:24,372 INFO: Plan 1: ḡ=0.1, γE[v]=0.2, Q=0.3 (bayes)
2026-09-23 16:24:24,372 INFO: Plan 2: ḡ=0.2, γE[v]=0.1, Q=0.4 (bayes)
2026-09-23 16:24:27,336 INFO: Plan 2: ḡ=2, γE[v]=0.0, Q=2.0 (fn)
2026-09-23 16:24:27,337 INFO: Plan 0: ḡ=2, γE[v]=0.0, Q=2.0 (fn)
2026-09-23 16:24:27,937 INFO: Plan 1: ḡ=2, γE[v]=0.0, Q=2.0 (fn)
2026-09-23 16:24:27,937 INFO: Plan 0: ḡ=0.5, γE[v]=0.2, Q=0.8 (bayes)
2026-09-23 16:24:27,938 INFO: Plan 1: ḡ=0.5, γE[v]=0.2, Q=0.8 (bayes)
2026-09-23 16:24:27,938 INFO: Plan 2: ḡ=0.5, γE[v]=0.2, Q=0.8 (bayes)
2026-09-23 16:24:28,154 INFO: Plan 1: ḡ=0, γE[v]=0.0, Q=0.0 (fn)
2026-09-23 16:24:28,425 INFO: Plan 0: ḡ=0, γE[v]=0.0, Q=0.0 (fn)
2026-09-23 16:24:28,464 INFO: Plan 2: ḡ=0, γE[v]=0.0, Q=0.0 (fn)
2026-09-23 16:24:28,465 INFO: Plan 0: ḡ=0.0, γE[v]=0.0, Q=0.0 (bayes)
2026-09-23 16:24:28,465 INFO: Plan 1: ḡ=0.0, γE[v]=0.0, Q=0.0 (bayes)
2026-09-23 16:24:28,465 INFO: Plan 2: ḡ=0.0, γE[v]=0.0, Q=0.0 (bayes)
2026-09-23 16:24:29,840 INFO: Plan 0: ḡ=0, γE[v]=0.0, Q=0.0 (fn)
2026-09-23 16:24:29,840 INFO: Plan 1: ḡ=0, γE[v]=0.0, Q=0.0 (fn)
2026-09-23 16:24:29,875 INFO: Plan 2: ḡ=0, γE[v]=0.0, Q=0.0 (fn)
2026-09-23 16:24:29,876 INFO: Plan 0: ḡ=0.0, γE[v]=0.0, Q=0.0 (bayes)
2026-09-23 16:24:29,876 INFO: Plan 1: ḡ=0.0, γE[v]=0.0, Q=0.0 (bayes)
2026-09-23 16:24:29,876 INFO: Plan 2: ḡ=0.0, γE[v]=0.0, Q=0.0 (bayes)
2026-09-23 16:24:30,085 INFO: Plan 0: ḡ=0, γE[v]=0.0, Q=0.0 (fn)
2026-09-23 16:24:30,335 INFO: Plan 2: ḡ=0, γE[v]=0.0, Q=0.0 (fn)
2026-09-23 16:24:30,336 INFO: Plan 1: ḡ=0, γE[v]=0.0, Q=0.0 (fn)
2026-09-23 16:24:30,337 INFO: Plan 0: ḡ=0.0, γE[v]=0.0, Q=0.0 (bayes)
2026-09-23 16:24:30,337 INFO: Plan 1: ḡ=0.0, γE[v]=0.0, Q=0.0 (bayes)
2026-09-23 16:24:30,337 INFO: Plan 2: ḡ=0.0, γE[v]=0.0, Q=0.0 (bayes)
2026-09-23 16:24:30,983 INFO: Plan 1: ḡ=0, γE[v]=0.0, Q=0.0 (fn)
2026-09-23 16:24:31,023 INFO: Plan 0: ḡ=0, γE[v]=0.0, Q=0.0 (fn)
2026-09-23 16:24:31,144 INFO: Plan 2: ḡ=0, γE[v]=0.0, Q=0.0 (fn)
2026-09-23 16:24:31,187 INFO: Plan 0: ḡ=1, γE[v]=0.0, Q=1.0 (fn)
2026-09-23 16:24:31,226 INFO: Plan 1: ḡ=1, γE[v]=0.0, Q=1.0 (fn)
2026-09-23 16:24:31,227 INFO: Plan 0: ḡ=0, γE[v]=0.0, Q=0.0 (fn)
2026-09-23 16:24:31,229 INFO: Plan 2: ḡ=1, γE[v]=0.0, Q=1.0 (fn)
2026-09-23 16:24:31,229 INFO: Plan 0: ḡ=0.1, γE[v]=0.0, Q=0.1 (bayes)
2026-09-23 16:24:31,229 INFO: Plan 1: ḡ=0.1, γE[v]=0.0, Q=0.1 (bayes)
2026-09-23 16:24:31,229 INFO: Plan 2: ḡ=0.1, γE[v]=0.0, Q=0.1 (bayes)
2026-09-23 16:24:31,263 INFO: Plan 1: ḡ=0, γE[v]=0.0, Q=0.0 (fn)
2026-09-23 16:24:31,264 INFO: Plan 0: ḡ=0.0, γE[v]=0.0, Q=0.0 (bayes)
2026-09-23 16:24:31,264 INFO: Plan 1: ḡ=0.0, γE[v]=0.0, Q=0.0 (bayes)
2026-09-23 16:24:31,264 INFO: Plan 2: ḡ=0.0, γE[v]=0.0, Q=0.0 (bayes)
  [57/93] werkzeug.exceptions seed=42: {'cov_qvalue_tgt_fnt_bayes': 37}
2026-09-23 16:24:31,693 INFO: Plan 2: ḡ=0, γE[v]=0.0, Q=0.0 (fn)
2026-09-23 16:24:31,693 INFO: Plan 0: ḡ=0.0, γE[v]=0.0, Q=0.0 (bayes)
2026-09-23 16:24:31,693 INFO: Plan 1: ḡ=0.0, γE[v]=0.0, Q=0.0 (bayes)
2026-09-23 16:24:31,694 INFO: Plan 2: ḡ=0.0, γE[v]=0.0, Q=0.0 (bayes)
  [58/93] pydantic.color seed=42: {'cov_qvalue_tgt_fnt_bayes': 98}
2026-09-23 16:24:36,075 INFO: Plan 2: ḡ=15, γE[v]=0.0, Q=15.0 (fn)
2026-09-23 16:24:36,624 INFO: Plan 0: ḡ=2, γE[v]=0.0, Q=2.0 (fn)
2026-09-23 16:24:36,664 INFO: Plan 1: ḡ=1, γE[v]=0.0, Q=1.0 (fn)
2026-09-23 16:24:36,705 INFO: Plan 1: ḡ=2, γE[v]=0.0, Q=2.0 (fn)
2026-09-23 16:24:36,706 INFO: Plan 0: ḡ=0.7, γE[v]=0.8, Q=1.5 (bayes)
2026-09-23 16:24:36,706 INFO: Plan 1: ḡ=0.7, γE[v]=0.8, Q=1.5 (bayes)
2026-09-23 16:24:36,706 INFO: Plan 2: ḡ=0.9, γE[v]=0.7, Q=1.6 (bayes)
2026-09-23 16:24:36,948 INFO: Plan 0: ḡ=2, γE[v]=0.0, Q=2.0 (fn)
2026-09-23 16:24:37,455 INFO: Plan 0: ḡ=49, γE[v]=0.0, Q=49.0 (fn)
2026-09-23 16:24:37,803 INFO: Plan 2: ḡ=1, γE[v]=0.5, Q=1.5 (fn)
2026-09-23 16:24:37,804 INFO: Plan 0: ḡ=0.3, γE[v]=0.0, Q=0.3 (bayes)
2026-09-23 16:24:37,804 INFO: Plan 1: ḡ=0.1, γE[v]=0.1, Q=0.2 (bayes)
2026-09-23 16:24:37,804 INFO: Plan 2: ḡ=0.1, γE[v]=0.1, Q=0.2 (bayes)
2026-09-23 16:24:37,924 INFO: Plan 1: ḡ=44, γE[v]=0.0, Q=44.0 (fn)
2026-09-23 16:24:38,374 INFO: Plan 2: ḡ=42, γE[v]=0.0, Q=42.0 (fn)
2026-09-23 16:24:38,374 INFO: Plan 0: ḡ=13.8, γE[v]=10.1, Q=23.9 (bayes)
2026-09-23 16:24:38,375 INFO: Plan 1: ḡ=11.0, γE[v]=11.5, Q=22.5 (bayes)
2026-09-23 16:24:38,375 INFO: Plan 2: ḡ=9.2, γE[v]=12.4, Q=21.6 (bayes)
2026-09-23 16:24:38,891 INFO: Plan 1: ḡ=0, γE[v]=0.0, Q=0.0 (fn)
2026-09-23 16:24:38,892 INFO: Plan 0: ḡ=0, γE[v]=0.0, Q=0.0 (fn)
2026-09-23 16:24:38,895 INFO: Plan 2: ḡ=0, γE[v]=0.0, Q=0.0 (fn)
2026-09-23 16:24:38,901 INFO: Plan 0: ḡ=0.0, γE[v]=0.0, Q=0.0 (bayes)
2026-09-23 16:24:38,901 INFO: Plan 1: ḡ=0.0, γE[v]=0.0, Q=0.0 (bayes)
2026-09-23 16:24:38,901 INFO: Plan 2: ḡ=0.0, γE[v]=0.0, Q=0.0 (bayes)
2026-09-23 16:24:39,343 INFO: Plan 0: ḡ=52, γE[v]=0.0, Q=52.0 (fn)
2026-09-23 16:24:39,344 INFO: Plan 1: ḡ=52, γE[v]=0.0, Q=52.0 (fn)
2026-09-23 16:24:39,345 INFO: Plan 2: ḡ=52, γE[v]=0.0, Q=52.0 (fn)
2026-09-23 16:24:39,345 INFO: Plan 0: ḡ=5.2, γE[v]=0.0, Q=5.2 (bayes)
2026-09-23 16:24:39,345 INFO: Plan 1: ḡ=5.2, γE[v]=0.0, Q=5.2 (bayes)
2026-09-23 16:24:39,346 INFO: Plan 2: ḡ=5.2, γE[v]=0.0, Q=5.2 (bayes)
2026-09-23 16:24:40,623 INFO: Plan 2: ḡ=1, γE[v]=0.0, Q=1.0 (fn)
2026-09-23 16:24:43,005 INFO: Plan 0: ḡ=0, γE[v]=0.0, Q=0.0 (fn)
2026-09-23 16:24:43,006 INFO: Plan 1: ḡ=0, γE[v]=0.0, Q=0.0 (fn)
2026-09-23 16:24:43,007 INFO: Plan 2: ḡ=0, γE[v]=0.0, Q=0.0 (fn)
2026-09-23 16:24:43,008 INFO: Plan 0: ḡ=0.0, γE[v]=0.0, Q=0.0 (bayes)
2026-09-23 16:24:43,008 INFO: Plan 1: ḡ=0.0, γE[v]=0.0, Q=0.0 (bayes)
2026-09-23 16:24:43,008 INFO: Plan 2: ḡ=0.0, γE[v]=0.0, Q=0.0 (bayes)
2026-09-23 16:24:43,166 INFO: Plan 0: ḡ=3, γE[v]=2.0, Q=5.0 (fn)
2026-09-23 16:24:43,327 INFO: Plan 1: ḡ=4, γE[v]=1.5, Q=5.5 (fn)
2026-09-23 16:24:43,328 INFO: Plan 0: ḡ=0.3, γE[v]=0.4, Q=0.7 (bayes)
2026-09-23 16:24:43,328 INFO: Plan 1: ḡ=0.4, γE[v]=0.3, Q=0.7 (bayes)
2026-09-23 16:24:43,328 INFO: Plan 2: ḡ=0.1, γE[v]=0.3, Q=0.4 (bayes)
  [59/93] httpx._config seed=42: {'cov_qvalue_tgt_fnt_bayes': 29}
  [60/93] pydantic.functional_validators seed=42: {'cov_qvalue_tgt_fnt_bayes': 47}
2026-09-23 16:24:44,869 INFO: Plan 0: ḡ=0, γE[v]=0.0, Q=0.0 (fn)
2026-09-23 16:24:44,870 INFO: Plan 1: ḡ=0, γE[v]=0.0, Q=0.0 (fn)
2026-09-23 16:24:44,871 INFO: Plan 2: ḡ=0, γE[v]=0.0, Q=0.0 (fn)
2026-09-23 16:24:44,871 INFO: Plan 0: ḡ=0.0, γE[v]=0.0, Q=0.0 (bayes)
2026-09-23 16:24:44,871 INFO: Plan 1: ḡ=0.0, γE[v]=0.0, Q=0.0 (bayes)
2026-09-23 16:24:44,871 INFO: Plan 2: ḡ=0.0, γE[v]=0.0, Q=0.0 (bayes)
2026-09-23 16:24:44,906 INFO: Plan 2: ḡ=0, γE[v]=0.0, Q=0.0 (fn)
2026-09-23 16:24:44,945 INFO: Plan 0: ḡ=7, γE[v]=0.0, Q=7.0 (fn)
2026-09-23 16:24:45,101 INFO: Plan 1: ḡ=1, γE[v]=0.0, Q=1.0 (fn)
2026-09-23 16:24:45,101 INFO: Plan 0: ḡ=1.2, γE[v]=0.1, Q=1.3 (bayes)
2026-09-23 16:24:45,101 INFO: Plan 1: ḡ=0.2, γE[v]=0.6, Q=0.8 (bayes)
2026-09-23 16:24:45,101 INFO: Plan 2: ḡ=0.0, γE[v]=0.7, Q=0.7 (bayes)
2026-09-23 16:24:45,297 INFO: Plan 2: ḡ=0, γE[v]=0.0, Q=0.0 (fn)
2026-09-23 16:24:47,852 INFO: Plan 1: ḡ=0, γE[v]=0.0, Q=0.0 (fn)
2026-09-23 16:24:47,853 INFO: Plan 2: ḡ=0, γE[v]=0.0, Q=0.0 (fn)
2026-09-23 16:24:47,854 INFO: Plan 0: ḡ=0, γE[v]=0.0, Q=0.0 (fn)
2026-09-23 16:24:47,854 INFO: Plan 0: ḡ=0.0, γE[v]=0.0, Q=0.0 (bayes)
2026-09-23 16:24:47,854 INFO: Plan 1: ḡ=0.0, γE[v]=0.0, Q=0.0 (bayes)
2026-09-23 16:24:47,855 INFO: Plan 2: ḡ=0.0, γE[v]=0.0, Q=0.0 (bayes)
2026-09-23 16:24:48,134 INFO: Plan 0: ḡ=0, γE[v]=0.0, Q=0.0 (fn)
2026-09-23 16:24:48,135 INFO: Plan 1: ḡ=0, γE[v]=0.0, Q=0.0 (fn)
2026-09-23 16:24:48,135 INFO: Plan 0: ḡ=0.0, γE[v]=0.0, Q=0.0 (bayes)
2026-09-23 16:24:48,136 INFO: Plan 1: ḡ=0.0, γE[v]=0.0, Q=0.0 (bayes)
2026-09-23 16:24:48,136 INFO: Plan 2: ḡ=0.0, γE[v]=0.0, Q=0.0 (bayes)
2026-09-23 16:24:49,150 INFO: Plan 0: ḡ=6, γE[v]=0.0, Q=6.0 (fn)
2026-09-23 16:24:49,575 INFO: Plan 0: ḡ=8, γE[v]=0.0, Q=8.0 (fn)
2026-09-23 16:24:49,803 INFO: Plan 1: ḡ=12, γE[v]=0.0, Q=12.0 (fn)
2026-09-23 16:24:51,138 INFO: Plan 1: ḡ=7, γE[v]=0.0, Q=7.0 (fn)
2026-09-23 16:24:51,212 INFO: Plan 2: ḡ=10, γE[v]=0.0, Q=10.0 (fn)
2026-09-23 16:24:51,213 INFO: Plan 0: ḡ=0.8, γE[v]=0.4, Q=1.2 (bayes)
2026-09-23 16:24:51,213 INFO: Plan 1: ḡ=0.5, γE[v]=0.6, Q=1.1 (bayes)
2026-09-23 16:24:51,213 INFO: Plan 2: ḡ=0.8, γE[v]=0.4, Q=1.2 (bayes)
2026-09-23 16:24:51,558 INFO: Plan 0: ḡ=9, γE[v]=7.0, Q=16.0 (fn)
2026-09-23 16:24:51,800 INFO: Plan 2: ḡ=4, γE[v]=0.0, Q=4.0 (fn)
2026-09-23 16:24:52,220 INFO: Plan 0: ḡ=19, γE[v]=0.0, Q=19.0 (fn)
2026-09-23 16:24:52,221 INFO: Plan 1: ḡ=0, γE[v]=0.0, Q=0.0 (fn)
2026-09-23 16:24:52,222 INFO: Plan 2: ḡ=0, γE[v]=0.0, Q=0.0 (fn)
2026-09-23 16:24:52,332 INFO: Plan 0: ḡ=2, γE[v]=0.0, Q=2.0 (fn)
2026-09-23 16:24:52,333 INFO: Plan 0: ḡ=0.1, γE[v]=0.0, Q=0.1 (bayes)
2026-09-23 16:24:52,333 INFO: Plan 1: ḡ=0.0, γE[v]=0.1, Q=0.1 (bayes)
2026-09-23 16:24:52,333 INFO: Plan 2: ḡ=0.0, γE[v]=0.1, Q=0.1 (bayes)
2026-09-23 16:24:52,446 INFO: Plan 1: ḡ=18, γE[v]=0.0, Q=18.0 (fn)
2026-09-23 16:24:52,446 INFO: Plan 0: ḡ=4.3, γE[v]=2.4, Q=6.7 (bayes)
2026-09-23 16:24:52,447 INFO: Plan 1: ḡ=5.0, γE[v]=2.0, Q=7.0 (bayes)
2026-09-23 16:24:52,447 INFO: Plan 2: ḡ=0.8, γE[v]=4.1, Q=4.9 (bayes)
2026-09-23 16:24:53,087 INFO: Plan 2: ḡ=14, γE[v]=26.0, Q=40.0 (fn)
2026-09-23 16:24:53,087 INFO: Plan 0: ḡ=2.0, γE[v]=41.4, Q=43.4 (bayes)
2026-09-23 16:24:53,088 INFO: Plan 1: ḡ=4.8, γE[v]=40.0, Q=44.8 (bayes)
2026-09-23 16:24:53,088 INFO: Plan 2: ḡ=1.8, γE[v]=43.5, Q=45.3 (bayes)
2026-09-23 16:24:53,126 INFO: Plan 1: ḡ=20, γE[v]=4.5, Q=24.5 (fn)
2026-09-23 16:24:53,902 INFO: Plan 2: ḡ=13, γE[v]=8.0, Q=21.0 (fn)
2026-09-23 16:24:53,902 INFO: Plan 0: ḡ=1.3, γE[v]=1.9, Q=3.2 (bayes)
2026-09-23 16:24:53,902 INFO: Plan 1: ḡ=2.9, γE[v]=1.0, Q=3.8 (bayes)
2026-09-23 16:24:53,902 INFO: Plan 2: ḡ=1.8, γE[v]=1.8, Q=3.5 (bayes)
2026-09-23 16:24:55,128 INFO: Plan 2: ḡ=3, γE[v]=0.0, Q=3.0 (fn)
2026-09-23 16:24:55,895 INFO: Plan 1: ḡ=9, γE[v]=0.0, Q=9.0 (fn)
2026-09-23 16:24:55,933 INFO: Plan 1: ḡ=0, γE[v]=0.0, Q=0.0 (fn)
2026-09-23 16:24:56,201 INFO: Plan 2: ḡ=0, γE[v]=0.0, Q=0.0 (fn)
2026-09-23 16:24:56,468 INFO: Plan 0: ḡ=0, γE[v]=0.0, Q=0.0 (fn)
2026-09-23 16:24:56,469 INFO: Plan 0: ḡ=0.0, γE[v]=0.0, Q=0.0 (bayes)
2026-09-23 16:24:56,469 INFO: Plan 1: ḡ=0.0, γE[v]=0.0, Q=0.0 (bayes)
2026-09-23 16:24:56,469 INFO: Plan 2: ḡ=0.0, γE[v]=0.0, Q=0.0 (bayes)
2026-09-23 16:24:57,893 INFO: Plan 2: ḡ=31, γE[v]=0.0, Q=31.0 (fn)
2026-09-23 16:24:58,077 INFO: Plan 0: ḡ=15, γE[v]=4.0, Q=19.0 (fn)
2026-09-23 16:24:58,077 INFO: Plan 0: ḡ=2.8, γE[v]=1.2, Q=4.0 (bayes)
2026-09-23 16:24:58,077 INFO: Plan 1: ḡ=2.1, γE[v]=1.3, Q=3.4 (bayes)
2026-09-23 16:24:58,077 INFO: Plan 2: ḡ=0.8, γE[v]=2.0, Q=2.7 (bayes)
2026-09-23 16:24:58,151 INFO: Plan 2: ḡ=0, γE[v]=0.0, Q=0.0 (fn)
2026-09-23 16:24:58,152 INFO: Plan 1: ḡ=0, γE[v]=0.0, Q=0.0 (fn)
2026-09-23 16:24:58,189 INFO: Plan 1: ḡ=17, γE[v]=0.0, Q=17.0 (fn)
2026-09-23 16:24:58,303 INFO: Plan 0: ḡ=4, γE[v]=0.0, Q=4.0 (fn)
2026-09-23 16:24:58,304 INFO: Plan 0: ḡ=0.5, γE[v]=3.1, Q=3.6 (bayes)
2026-09-23 16:24:58,304 INFO: Plan 1: ḡ=2.8, γE[v]=2.0, Q=4.8 (bayes)
2026-09-23 16:24:58,304 INFO: Plan 2: ḡ=3.4, γE[v]=1.7, Q=5.1 (bayes)
2026-09-23 16:24:58,379 INFO: Plan 0: ḡ=0, γE[v]=0.0, Q=0.0 (fn)
2026-09-23 16:24:58,379 INFO: Plan 0: ḡ=0.0, γE[v]=0.0, Q=0.0 (bayes)
2026-09-23 16:24:58,379 INFO: Plan 1: ḡ=0.0, γE[v]=0.0, Q=0.0 (bayes)
2026-09-23 16:24:58,379 INFO: Plan 2: ḡ=0.0, γE[v]=0.0, Q=0.0 (bayes)
  [61/93] werkzeug.wrappers.response seed=42: {'cov_qvalue_tgt_fnt_bayes': 76}
2026-09-23 16:25:01,065 INFO: Plan 1: ḡ=0, γE[v]=0.0, Q=0.0 (fn)
2026-09-23 16:25:01,066 INFO: Plan 2: ḡ=0, γE[v]=0.0, Q=0.0 (fn)
2026-09-23 16:25:01,066 INFO: Plan 0: ḡ=0, γE[v]=0.0, Q=0.0 (fn)
2026-09-23 16:25:01,067 INFO: Plan 0: ḡ=0.0, γE[v]=0.0, Q=0.0 (bayes)
2026-09-23 16:25:01,067 INFO: Plan 1: ḡ=0.0, γE[v]=0.0, Q=0.0 (bayes)
2026-09-23 16:25:01,067 INFO: Plan 2: ḡ=0.0, γE[v]=0.0, Q=0.0 (bayes)
2026-09-23 16:25:02,484 INFO: Plan 2: ḡ=0, γE[v]=0.0, Q=0.0 (fn)
2026-09-23 16:25:02,485 INFO: Plan 2: ḡ=15, γE[v]=0.0, Q=15.0 (fn)
2026-09-23 16:25:02,560 INFO: Plan 1: ḡ=146, γE[v]=0.0, Q=146.0 (fn)
2026-09-23 16:25:02,637 INFO: Plan 1: ḡ=0, γE[v]=0.0, Q=0.0 (fn)
2026-09-23 16:25:02,638 INFO: Plan 2: ḡ=43, γE[v]=0.0, Q=43.0 (fn)
2026-09-23 16:25:02,639 INFO: Plan 0: ḡ=0, γE[v]=0.0, Q=0.0 (fn)
2026-09-23 16:25:02,640 INFO: Plan 0: ḡ=0.0, γE[v]=0.0, Q=0.0 (bayes)
2026-09-23 16:25:02,640 INFO: Plan 1: ḡ=0.0, γE[v]=0.0, Q=0.0 (bayes)
2026-09-23 16:25:02,640 INFO: Plan 2: ḡ=0.0, γE[v]=0.0, Q=0.0 (bayes)
2026-09-23 16:25:02,750 INFO: Plan 0: ḡ=27, γE[v]=0.0, Q=27.0 (fn)
2026-09-23 16:25:02,751 INFO: Plan 0: ḡ=2, γE[v]=0.0, Q=2.0 (fn)
2026-09-23 16:25:02,751 INFO: Plan 0: ḡ=9.0, γE[v]=11.5, Q=20.5 (bayes)
2026-09-23 16:25:02,752 INFO: Plan 1: ḡ=13.3, γE[v]=9.3, Q=22.7 (bayes)
2026-09-23 16:25:02,752 INFO: Plan 2: ḡ=9.7, γE[v]=11.2, Q=20.8 (bayes)
2026-09-23 16:25:02,826 INFO: Plan 2: ḡ=0, γE[v]=0.0, Q=0.0 (fn)
2026-09-23 16:25:02,828 INFO: Plan 1: ḡ=2, γE[v]=0.0, Q=2.0 (fn)
2026-09-23 16:25:02,829 INFO: Plan 0: ḡ=0, γE[v]=0.0, Q=0.0 (fn)
2026-09-23 16:25:02,830 INFO: Plan 2: ḡ=0, γE[v]=0.0, Q=0.0 (fn)
2026-09-23 16:25:02,831 INFO: Plan 0: ḡ=0.7, γE[v]=0.8, Q=1.4 (bayes)
2026-09-23 16:25:02,831 INFO: Plan 1: ḡ=0.7, γE[v]=0.8, Q=1.4 (bayes)
2026-09-23 16:25:02,831 INFO: Plan 2: ḡ=0.9, γE[v]=0.7, Q=1.6 (bayes)
2026-09-23 16:25:02,901 INFO: Plan 1: ḡ=1, γE[v]=0.0, Q=1.0 (fn)
2026-09-23 16:25:02,902 INFO: Plan 0: ḡ=1, γE[v]=0.0, Q=1.0 (fn)
2026-09-23 16:25:02,902 INFO: Plan 0: ḡ=0.2, γE[v]=0.1, Q=0.4 (bayes)
2026-09-23 16:25:02,902 INFO: Plan 1: ḡ=0.2, γE[v]=0.1, Q=0.4 (bayes)
2026-09-23 16:25:02,902 INFO: Plan 2: ḡ=0.0, γE[v]=0.2, Q=0.2 (bayes)
2026-09-23 16:25:03,866 INFO: Plan 1: ḡ=0, γE[v]=0.0, Q=0.0 (fn)
2026-09-23 16:25:03,867 INFO: Plan 0: ḡ=13, γE[v]=19.5, Q=32.5 (fn)
2026-09-23 16:25:03,868 INFO: Plan 0: ḡ=0.0, γE[v]=0.0, Q=0.0 (bayes)
2026-09-23 16:25:03,868 INFO: Plan 1: ḡ=0.0, γE[v]=0.0, Q=0.0 (bayes)
2026-09-23 16:25:03,868 INFO: Plan 2: ḡ=0.0, γE[v]=0.0, Q=0.0 (bayes)
2026-09-23 16:25:04,384 INFO: Plan 2: ḡ=0, γE[v]=0.0, Q=0.0 (fn)
2026-09-23 16:25:04,537 INFO: Plan 1: ḡ=1, γE[v]=0.0, Q=1.0 (fn)
  [62/93] werkzeug.utils seed=42: {'cov_qvalue_tgt_fnt_bayes': 42}
2026-09-23 16:25:05,253 INFO: Plan 2: ḡ=163, γE[v]=0.0, Q=163.0 (fn)
2026-09-23 16:25:05,363 INFO: Plan 0: ḡ=1, γE[v]=0.5, Q=1.5 (fn)
2026-09-23 16:25:05,364 INFO: Plan 0: ḡ=0.2, γE[v]=0.2, Q=0.4 (bayes)
2026-09-23 16:25:05,364 INFO: Plan 1: ḡ=0.2, γE[v]=0.1, Q=0.4 (bayes)
2026-09-23 16:25:05,364 INFO: Plan 2: ḡ=0.0, γE[v]=0.2, Q=0.2 (bayes)
2026-09-23 16:25:05,743 INFO: Plan 2: ḡ=0, γE[v]=0.0, Q=0.0 (fn)
2026-09-23 16:25:06,523 INFO: Plan 1: ḡ=1, γE[v]=0.0, Q=1.0 (fn)
2026-09-23 16:25:06,524 INFO: Plan 0: ḡ=1, γE[v]=0.0, Q=1.0 (fn)
2026-09-23 16:25:06,525 INFO: Plan 0: ḡ=0.1, γE[v]=0.1, Q=0.1 (bayes)
2026-09-23 16:25:06,525 INFO: Plan 1: ḡ=0.1, γE[v]=0.0, Q=0.1 (bayes)
2026-09-23 16:25:06,525 INFO: Plan 2: ḡ=0.0, γE[v]=0.1, Q=0.1 (bayes)
2026-09-23 16:25:06,675 INFO: Plan 2: ḡ=4, γE[v]=0.0, Q=4.0 (fn)
2026-09-23 16:25:06,912 INFO: Plan 2: ḡ=0, γE[v]=0.0, Q=0.0 (fn)
2026-09-23 16:25:06,951 INFO: Plan 0: ḡ=1, γE[v]=0.0, Q=1.0 (fn)
2026-09-23 16:25:06,952 INFO: Plan 1: ḡ=1, γE[v]=0.0, Q=1.0 (fn)
2026-09-23 16:25:06,952 INFO: Plan 0: ḡ=0.1, γE[v]=0.2, Q=0.3 (bayes)
2026-09-23 16:25:06,953 INFO: Plan 1: ḡ=0.1, γE[v]=0.2, Q=0.3 (bayes)
2026-09-23 16:25:06,953 INFO: Plan 2: ḡ=0.2, γE[v]=0.1, Q=0.4 (bayes)
2026-09-23 16:25:07,774 INFO: Plan 1: ḡ=0, γE[v]=0.0, Q=0.0 (fn)
2026-09-23 16:25:08,716 INFO: Plan 0: ḡ=0, γE[v]=0.0, Q=0.0 (fn)
2026-09-23 16:25:08,716 INFO: Plan 0: ḡ=0.0, γE[v]=0.0, Q=0.0 (bayes)
2026-09-23 16:25:08,716 INFO: Plan 1: ḡ=0.0, γE[v]=0.0, Q=0.0 (bayes)
2026-09-23 16:25:08,716 INFO: Plan 2: ḡ=0.0, γE[v]=0.0, Q=0.0 (bayes)
2026-09-23 16:25:09,986 INFO: Plan 1: ḡ=172, γE[v]=4.5, Q=176.5 (fn)
2026-09-23 16:25:09,986 INFO: Plan 0: ḡ=2.5, γE[v]=14.8, Q=17.3 (bayes)
2026-09-23 16:25:09,986 INFO: Plan 1: ḡ=27.2, γE[v]=1.2, Q=28.4 (bayes)
2026-09-23 16:25:09,986 INFO: Plan 2: ḡ=25.7, γE[v]=1.7, Q=27.3 (bayes)
2026-09-23 16:25:11,112 INFO: Plan 1: ḡ=52, γE[v]=0.0, Q=52.0 (fn)
2026-09-23 16:25:11,113 INFO: Plan 2: ḡ=52, γE[v]=0.0, Q=52.0 (fn)
2026-09-23 16:25:11,114 INFO: Plan 0: ḡ=52, γE[v]=0.0, Q=52.0 (fn)
2026-09-23 16:25:11,115 INFO: Plan 0: ḡ=4.7, γE[v]=0.0, Q=4.7 (bayes)
2026-09-23 16:25:11,115 INFO: Plan 1: ḡ=4.7, γE[v]=0.0, Q=4.7 (bayes)
2026-09-23 16:25:11,115 INFO: Plan 2: ḡ=4.7, γE[v]=0.0, Q=4.7 (bayes)
2026-09-23 16:25:11,226 INFO: Plan 0: ḡ=24, γE[v]=0.0, Q=24.0 (fn)
2026-09-23 16:25:13,694 INFO: Plan 0: ḡ=0, γE[v]=0.0, Q=0.0 (fn)
2026-09-23 16:25:13,695 INFO: Plan 1: ḡ=0, γE[v]=0.0, Q=0.0 (fn)
2026-09-23 16:25:13,809 INFO: Plan 1: ḡ=2, γE[v]=0.0, Q=2.0 (fn)
2026-09-23 16:25:13,810 INFO: Plan 2: ḡ=2, γE[v]=0.0, Q=2.0 (fn)
2026-09-23 16:25:13,811 INFO: Plan 0: ḡ=2, γE[v]=0.0, Q=2.0 (fn)
2026-09-23 16:25:13,812 INFO: Plan 0: ḡ=0.2, γE[v]=0.0, Q=0.2 (bayes)
2026-09-23 16:25:13,812 INFO: Plan 1: ḡ=0.2, γE[v]=0.0, Q=0.2 (bayes)
2026-09-23 16:25:13,812 INFO: Plan 2: ḡ=0.2, γE[v]=0.0, Q=0.2 (bayes)
2026-09-23 16:25:13,923 INFO: Plan 2: ḡ=0, γE[v]=0.0, Q=0.0 (fn)
2026-09-23 16:25:13,924 INFO: Plan 0: ḡ=0.0, γE[v]=0.0, Q=0.0 (bayes)
2026-09-23 16:25:13,924 INFO: Plan 1: ḡ=0.0, γE[v]=0.0, Q=0.0 (bayes)
2026-09-23 16:25:13,924 INFO: Plan 2: ḡ=0.0, γE[v]=0.0, Q=0.0 (bayes)
  [63/93] httpx._urls seed=42: {'cov_qvalue_tgt_fnt_bayes': 84}
2026-09-23 16:25:15,239 INFO: Plan 1: ḡ=99, γE[v]=51.0, Q=150.0 (fn)
2026-09-23 16:25:15,430 INFO: Plan 1: ḡ=5, γE[v]=0.0, Q=5.0 (fn)
2026-09-23 16:25:15,771 INFO: Plan 0: ḡ=3, γE[v]=0.0, Q=3.0 (fn)
2026-09-23 16:25:15,808 INFO: Plan 2: ḡ=3, γE[v]=0.0, Q=3.0 (fn)
2026-09-23 16:25:15,809 INFO: Plan 0: ḡ=0.3, γE[v]=0.4, Q=0.7 (bayes)
2026-09-23 16:25:15,809 INFO: Plan 1: ḡ=0.5, γE[v]=0.3, Q=0.8 (bayes)
2026-09-23 16:25:15,809 INFO: Plan 2: ḡ=0.2, γE[v]=0.4, Q=0.6 (bayes)
2026-09-23 16:25:15,961 INFO: Plan 2: ḡ=85, γE[v]=59.5, Q=144.5 (fn)
2026-09-23 16:25:15,962 INFO: Plan 0: ḡ=2.8, γE[v]=8.2, Q=10.9 (bayes)
2026-09-23 16:25:15,962 INFO: Plan 1: ḡ=9.0, γE[v]=9.2, Q=18.2 (bayes)
2026-09-23 16:25:15,962 INFO: Plan 2: ḡ=7.7, γE[v]=10.5, Q=18.3 (bayes)
  [64/93] werkzeug.routing.map seed=42: {'cov_qvalue_tgt_fnt_bayes': 41}
2026-09-23 16:25:18,014 INFO: Plan 1: ḡ=0, γE[v]=0.0, Q=0.0 (fn)
2026-09-23 16:25:18,015 INFO: Plan 2: ḡ=0, γE[v]=0.0, Q=0.0 (fn)
2026-09-23 16:25:18,122 INFO: Plan 0: ḡ=2, γE[v]=0.0, Q=2.0 (fn)
2026-09-23 16:25:18,122 INFO: Plan 0: ḡ=0.1, γE[v]=0.0, Q=0.1 (bayes)
2026-09-23 16:25:18,122 INFO: Plan 1: ḡ=0.0, γE[v]=0.1, Q=0.1 (bayes)
2026-09-23 16:25:18,122 INFO: Plan 2: ḡ=0.0, γE[v]=0.1, Q=0.1 (bayes)
2026-09-23 16:25:20,370 INFO: Plan 2: ḡ=2, γE[v]=0.0, Q=2.0 (fn)
2026-09-23 16:25:20,515 INFO: Plan 1: ḡ=3, γE[v]=0.0, Q=3.0 (fn)
2026-09-23 16:25:20,590 INFO: Plan 0: ḡ=14, γE[v]=0.0, Q=14.0 (fn)
2026-09-23 16:25:20,590 INFO: Plan 0: ḡ=2.9, γE[v]=0.6, Q=3.5 (bayes)
2026-09-23 16:25:20,590 INFO: Plan 1: ḡ=0.7, γE[v]=1.7, Q=2.4 (bayes)
2026-09-23 16:25:20,590 INFO: Plan 2: ḡ=0.4, γE[v]=1.8, Q=2.2 (bayes)
2026-09-23 16:25:23,319 INFO: Plan 0: ḡ=7, γE[v]=0.0, Q=7.0 (fn)
2026-09-23 16:25:23,612 INFO: Plan 0: ḡ=0, γE[v]=0.0, Q=0.0 (fn)
2026-09-23 16:25:23,613 INFO: Plan 1: ḡ=0, γE[v]=0.0, Q=0.0 (fn)
2026-09-23 16:25:23,823 INFO: Plan 2: ḡ=0, γE[v]=0.0, Q=0.0 (fn)
2026-09-23 16:25:23,825 INFO: Plan 0: ḡ=0.0, γE[v]=0.0, Q=0.0 (bayes)
2026-09-23 16:25:23,825 INFO: Plan 1: ḡ=0.0, γE[v]=0.0, Q=0.0 (bayes)
2026-09-23 16:25:23,825 INFO: Plan 2: ḡ=0.0, γE[v]=0.0, Q=0.0 (bayes)
2026-09-23 16:25:25,957 INFO: Plan 2: ḡ=0, γE[v]=0.0, Q=0.0 (fn)
2026-09-23 16:25:25,958 INFO: Plan 0: ḡ=0, γE[v]=0.0, Q=0.0 (fn)
2026-09-23 16:25:25,958 INFO: Plan 1: ḡ=0, γE[v]=0.0, Q=0.0 (fn)
2026-09-23 16:25:25,959 INFO: Plan 0: ḡ=0.0, γE[v]=0.0, Q=0.0 (bayes)
2026-09-23 16:25:25,959 INFO: Plan 1: ḡ=0.0, γE[v]=0.0, Q=0.0 (bayes)
2026-09-23 16:25:25,959 INFO: Plan 2: ḡ=0.0, γE[v]=0.0, Q=0.0 (bayes)
2026-09-23 16:25:26,140 INFO: Plan 0: ḡ=0, γE[v]=0.0, Q=0.0 (fn)
2026-09-23 16:25:26,176 INFO: Plan 2: ḡ=0, γE[v]=0.0, Q=0.0 (fn)
2026-09-23 16:25:26,287 INFO: Plan 2: ḡ=4, γE[v]=0.0, Q=4.0 (fn)
2026-09-23 16:25:26,325 INFO: Plan 0: ḡ=1, γE[v]=0.0, Q=1.0 (fn)
2026-09-23 16:25:26,326 INFO: Plan 1: ḡ=1, γE[v]=0.0, Q=1.0 (fn)
2026-09-23 16:25:26,361 INFO: Plan 1: ḡ=1, γE[v]=0.0, Q=1.0 (fn)
2026-09-23 16:25:26,362 INFO: Plan 2: ḡ=1, γE[v]=0.0, Q=1.0 (fn)
2026-09-23 16:25:26,362 INFO: Plan 0: ḡ=0.0, γE[v]=0.2, Q=0.2 (bayes)
2026-09-23 16:25:26,363 INFO: Plan 1: ḡ=0.1, γE[v]=0.2, Q=0.3 (bayes)
2026-09-23 16:25:26,363 INFO: Plan 2: ḡ=0.2, γE[v]=0.1, Q=0.3 (bayes)
2026-09-23 16:25:26,363 INFO: Plan 0: ḡ=0.1, γE[v]=0.0, Q=0.1 (bayes)
2026-09-23 16:25:26,363 INFO: Plan 1: ḡ=0.1, γE[v]=0.0, Q=0.1 (bayes)
2026-09-23 16:25:26,363 INFO: Plan 2: ḡ=0.1, γE[v]=0.0, Q=0.1 (bayes)
2026-09-23 16:25:26,532 INFO: Plan 2: ḡ=31, γE[v]=0.0, Q=31.0 (fn)
2026-09-23 16:25:26,798 INFO: Plan 0: ḡ=2, γE[v]=0.0, Q=2.0 (fn)
2026-09-23 16:25:26,865 INFO: Plan 1: ḡ=17, γE[v]=0.0, Q=17.0 (fn)
2026-09-23 16:25:26,867 INFO: Plan 1: ḡ=2, γE[v]=0.0, Q=2.0 (fn)
2026-09-23 16:25:26,867 INFO: Plan 0: ḡ=0.7, γE[v]=0.8, Q=1.4 (bayes)
2026-09-23 16:25:26,867 INFO: Plan 1: ḡ=0.7, γE[v]=0.8, Q=1.4 (bayes)
2026-09-23 16:25:26,867 INFO: Plan 2: ḡ=0.0, γE[v]=1.1, Q=1.1 (bayes)
2026-09-23 16:25:26,968 INFO: Plan 0: ḡ=4, γE[v]=0.0, Q=4.0 (fn)
2026-09-23 16:25:26,968 INFO: Plan 0: ḡ=0.5, γE[v]=3.0, Q=3.5 (bayes)
2026-09-23 16:25:26,968 INFO: Plan 1: ḡ=2.8, γE[v]=1.8, Q=4.6 (bayes)
2026-09-23 16:25:26,968 INFO: Plan 2: ḡ=3.1, γE[v]=1.7, Q=4.8 (bayes)
2026-09-23 16:25:27,540 INFO: Plan 0: ḡ=0, γE[v]=0.0, Q=0.0 (fn)
2026-09-23 16:25:27,541 INFO: Plan 1: ḡ=0, γE[v]=0.0, Q=0.0 (fn)
2026-09-23 16:25:27,541 INFO: Plan 2: ḡ=0, γE[v]=0.0, Q=0.0 (fn)
2026-09-23 16:25:27,542 INFO: Plan 0: ḡ=0.0, γE[v]=0.0, Q=0.0 (bayes)
2026-09-23 16:25:27,542 INFO: Plan 1: ḡ=0.0, γE[v]=0.0, Q=0.0 (bayes)
2026-09-23 16:25:27,542 INFO: Plan 2: ḡ=0.0, γE[v]=0.0, Q=0.0 (bayes)
2026-09-23 16:25:27,893 INFO: Plan 1: ḡ=12, γE[v]=12.5, Q=24.5 (fn)
2026-09-23 16:25:27,923 INFO: Plan 1: ḡ=0, γE[v]=0.0, Q=0.0 (fn)
2026-09-23 16:25:27,924 INFO: Plan 2: ḡ=0, γE[v]=0.0, Q=0.0 (fn)
2026-09-23 16:25:27,925 INFO: Plan 0: ḡ=0, γE[v]=0.0, Q=0.0 (fn)
2026-09-23 16:25:27,925 INFO: Plan 0: ḡ=0.0, γE[v]=0.0, Q=0.0 (bayes)
2026-09-23 16:25:27,925 INFO: Plan 1: ḡ=0.0, γE[v]=0.0, Q=0.0 (bayes)
2026-09-23 16:25:27,925 INFO: Plan 2: ḡ=0.0, γE[v]=0.0, Q=0.0 (bayes)
2026-09-23 16:25:27,992 INFO: Plan 2: ḡ=14, γE[v]=26.0, Q=40.0 (fn)
2026-09-23 16:25:27,993 INFO: Plan 0: ḡ=2.3, γE[v]=40.6, Q=43.0 (bayes)
2026-09-23 16:25:27,993 INFO: Plan 1: ḡ=4.8, γE[v]=40.0, Q=44.8 (bayes)
2026-09-23 16:25:27,993 INFO: Plan 2: ḡ=1.6, γE[v]=43.0, Q=44.7 (bayes)
  [65/93] werkzeug.serving seed=42: {'cov_qvalue_tgt_fnt_bayes': 89}
2026-09-23 16:25:29,300 INFO: Plan 2: ḡ=0, γE[v]=0.0, Q=0.0 (fn)
2026-09-23 16:25:29,711 INFO: Plan 1: ḡ=1, γE[v]=0.0, Q=1.0 (fn)
2026-09-23 16:25:29,711 INFO: Plan 0: ḡ=1, γE[v]=0.0, Q=1.0 (fn)
2026-09-23 16:25:29,712 INFO: Plan 0: ḡ=0.2, γE[v]=0.1, Q=0.3 (bayes)
2026-09-23 16:25:29,712 INFO: Plan 1: ḡ=0.2, γE[v]=0.1, Q=0.3 (bayes)
2026-09-23 16:25:29,712 INFO: Plan 2: ḡ=0.0, γE[v]=0.2, Q=0.2 (bayes)
2026-09-23 16:25:32,123 INFO: Plan 2: ḡ=0, γE[v]=0.0, Q=0.0 (fn)
2026-09-23 16:25:32,124 INFO: Plan 0: ḡ=0, γE[v]=0.0, Q=0.0 (fn)
2026-09-23 16:25:32,124 INFO: Plan 1: ḡ=0, γE[v]=0.0, Q=0.0 (fn)
2026-09-23 16:25:32,125 INFO: Plan 0: ḡ=0.0, γE[v]=0.0, Q=0.0 (bayes)
2026-09-23 16:25:32,125 INFO: Plan 1: ḡ=0.0, γE[v]=0.0, Q=0.0 (bayes)
2026-09-23 16:25:32,125 INFO: Plan 2: ḡ=0.0, γE[v]=0.0, Q=0.0 (bayes)
2026-09-23 16:25:34,277 INFO: Plan 1: ḡ=0, γE[v]=0.0, Q=0.0 (fn)
2026-09-23 16:25:34,278 INFO: Plan 2: ḡ=0, γE[v]=0.0, Q=0.0 (fn)
2026-09-23 16:25:34,354 INFO: Plan 0: ḡ=7, γE[v]=0.0, Q=7.0 (fn)
2026-09-23 16:25:34,354 INFO: Plan 0: ḡ=1.0, γE[v]=0.0, Q=1.0 (bayes)
2026-09-23 16:25:34,354 INFO: Plan 1: ḡ=0.0, γE[v]=0.5, Q=0.5 (bayes)
2026-09-23 16:25:34,354 INFO: Plan 2: ḡ=0.0, γE[v]=0.5, Q=0.5 (bayes)
2026-09-23 16:25:34,391 INFO: Plan 2: ḡ=0, γE[v]=0.0, Q=0.0 (fn)
2026-09-23 16:25:34,466 INFO: Plan 2: ḡ=0, γE[v]=0.0, Q=0.0 (fn)
2026-09-23 16:25:34,543 INFO: Plan 1: ḡ=1, γE[v]=0.0, Q=1.0 (fn)
2026-09-23 16:25:34,544 INFO: Plan 0: ḡ=3, γE[v]=0.0, Q=3.0 (fn)
2026-09-23 16:25:34,581 INFO: Plan 2: ḡ=3, γE[v]=0.0, Q=3.0 (fn)
2026-09-23 16:25:35,301 INFO: Plan 0: ḡ=1, γE[v]=0.5, Q=1.5 (fn)
2026-09-23 16:25:35,301 INFO: Plan 0: ḡ=0.2, γE[v]=0.1, Q=0.3 (bayes)
2026-09-23 16:25:35,301 INFO: Plan 1: ḡ=0.2, γE[v]=0.1, Q=0.3 (bayes)
2026-09-23 16:25:35,302 INFO: Plan 2: ḡ=0.0, γE[v]=0.2, Q=0.2 (bayes)
2026-09-23 16:25:35,785 INFO: Plan 0: ḡ=7, γE[v]=0.0, Q=7.0 (fn)
2026-09-23 16:25:35,861 INFO: Plan 1: ḡ=5, γE[v]=3.0, Q=8.0 (fn)
2026-09-23 16:25:35,863 INFO: Plan 0: ḡ=0.3, γE[v]=0.3, Q=0.6 (bayes)
2026-09-23 16:25:35,863 INFO: Plan 1: ḡ=0.5, γE[v]=0.5, Q=1.0 (bayes)
2026-09-23 16:25:35,863 INFO: Plan 2: ḡ=0.2, γE[v]=0.4, Q=0.6 (bayes)
  [66/93] werkzeug.routing.rules seed=42: {'cov_qvalue_tgt_fnt_bayes': 127}
2026-09-23 16:25:36,294 INFO: Plan 1: ḡ=59, γE[v]=0.0, Q=59.0 (fn)
2026-09-23 16:25:36,295 INFO: Plan 1: ḡ=1, γE[v]=0.0, Q=1.0 (fn)
2026-09-23 16:25:36,330 INFO: Plan 2: ḡ=21, γE[v]=0.0, Q=21.0 (fn)
2026-09-23 16:25:36,330 INFO: Plan 0: ḡ=1.8, γE[v]=9.2, Q=11.0 (bayes)
2026-09-23 16:25:36,330 INFO: Plan 1: ḡ=14.8, γE[v]=2.7, Q=17.5 (bayes)
2026-09-23 16:25:36,331 INFO: Plan 2: ḡ=4.0, γE[v]=8.1, Q=12.1 (bayes)
2026-09-23 16:25:37,059 INFO: Plan 0: ḡ=0, γE[v]=0.0, Q=0.0 (fn)
2026-09-23 16:25:37,060 INFO: Plan 1: ḡ=0, γE[v]=0.0, Q=0.0 (fn)
2026-09-23 16:25:37,061 INFO: Plan 0: ḡ=0.0, γE[v]=0.0, Q=0.0 (bayes)
2026-09-23 16:25:37,061 INFO: Plan 1: ḡ=0.0, γE[v]=0.0, Q=0.0 (bayes)
2026-09-23 16:25:37,061 INFO: Plan 2: ḡ=0.0, γE[v]=0.0, Q=0.0 (bayes)
2026-09-23 16:25:37,095 INFO: Plan 0: ḡ=13, γE[v]=5.0, Q=18.0 (fn)
2026-09-23 16:25:37,348 INFO: Plan 0: ḡ=1, γE[v]=0.5, Q=1.5 (fn)
2026-09-23 16:25:37,387 INFO: Plan 2: ḡ=1, γE[v]=0.5, Q=1.5 (fn)
2026-09-23 16:25:37,388 INFO: Plan 0: ḡ=0.1, γE[v]=0.1, Q=0.2 (bayes)
2026-09-23 16:25:37,388 INFO: Plan 1: ḡ=0.1, γE[v]=0.1, Q=0.2 (bayes)
2026-09-23 16:25:37,388 INFO: Plan 2: ḡ=0.1, γE[v]=0.1, Q=0.2 (bayes)
2026-09-23 16:25:37,640 INFO: Plan 1: ḡ=21, γE[v]=4.0, Q=25.0 (fn)
2026-09-23 16:25:37,786 INFO: Plan 2: ḡ=16, γE[v]=4.0, Q=20.0 (fn)
2026-09-23 16:25:37,786 INFO: Plan 0: ḡ=1.6, γE[v]=1.4, Q=3.0 (bayes)
2026-09-23 16:25:37,786 INFO: Plan 1: ḡ=2.6, γE[v]=0.8, Q=3.4 (bayes)
2026-09-23 16:25:37,786 INFO: Plan 2: ḡ=1.9, γE[v]=1.1, Q=3.0 (bayes)
2026-09-23 16:25:38,822 INFO: Plan 2: ḡ=52, γE[v]=0.0, Q=52.0 (fn)
2026-09-23 16:25:38,823 INFO: Plan 0: ḡ=52, γE[v]=0.0, Q=52.0 (fn)
2026-09-23 16:25:38,824 INFO: Plan 1: ḡ=52, γE[v]=0.0, Q=52.0 (fn)
2026-09-23 16:25:38,825 INFO: Plan 0: ḡ=4.3, γE[v]=0.0, Q=4.3 (bayes)
2026-09-23 16:25:38,825 INFO: Plan 1: ḡ=4.3, γE[v]=0.0, Q=4.3 (bayes)
2026-09-23 16:25:38,825 INFO: Plan 2: ḡ=4.3, γE[v]=0.0, Q=4.3 (bayes)
2026-09-23 16:25:40,368 INFO: Plan 2: ḡ=2, γE[v]=0.0, Q=2.0 (fn)
2026-09-23 16:25:40,369 INFO: Plan 0: ḡ=1, γE[v]=0.0, Q=1.0 (fn)
2026-09-23 16:25:40,443 INFO: Plan 1: ḡ=47, γE[v]=0.0, Q=47.0 (fn)
2026-09-23 16:25:40,444 INFO: Plan 2: ḡ=47, γE[v]=0.0, Q=47.0 (fn)
2026-09-23 16:25:40,775 INFO: Plan 1: ḡ=2, γE[v]=0.5, Q=2.5 (fn)
2026-09-23 16:25:40,775 INFO: Plan 0: ḡ=0.3, γE[v]=0.4, Q=0.7 (bayes)
2026-09-23 16:25:40,775 INFO: Plan 1: ḡ=0.4, γE[v]=0.4, Q=0.8 (bayes)
2026-09-23 16:25:40,775 INFO: Plan 2: ḡ=0.4, γE[v]=0.4, Q=0.8 (bayes)
2026-09-23 16:25:41,928 INFO: Plan 0: ḡ=0, γE[v]=0.0, Q=0.0 (fn)
2026-09-23 16:25:41,929 INFO: Plan 0: ḡ=13, γE[v]=19.5, Q=32.5 (fn)
2026-09-23 16:25:41,930 INFO: Plan 0: ḡ=2.1, γE[v]=13.0, Q=15.1 (bayes)
2026-09-23 16:25:41,930 INFO: Plan 1: ḡ=5.8, γE[v]=9.6, Q=15.4 (bayes)
2026-09-23 16:25:41,930 INFO: Plan 2: ḡ=5.8, γE[v]=9.6, Q=15.4 (bayes)
2026-09-23 16:25:42,902 INFO: Plan 1: ḡ=0, γE[v]=0.0, Q=0.0 (fn)
2026-09-23 16:25:42,903 INFO: Plan 2: ḡ=0, γE[v]=0.0, Q=0.0 (fn)
2026-09-23 16:25:42,904 INFO: Plan 0: ḡ=0.0, γE[v]=0.0, Q=0.0 (bayes)
2026-09-23 16:25:42,904 INFO: Plan 1: ḡ=0.0, γE[v]=0.0, Q=0.0 (bayes)
2026-09-23 16:25:42,904 INFO: Plan 2: ḡ=0.0, γE[v]=0.0, Q=0.0 (bayes)
2026-09-23 16:25:45,468 INFO: Plan 1: ḡ=0, γE[v]=0.0, Q=0.0 (fn)
2026-09-23 16:25:45,728 INFO: Plan 2: ḡ=0, γE[v]=0.0, Q=0.0 (fn)
2026-09-23 16:25:45,729 INFO: Plan 0: ḡ=0, γE[v]=0.0, Q=0.0 (fn)
2026-09-23 16:25:45,729 INFO: Plan 0: ḡ=0.0, γE[v]=0.0, Q=0.0 (bayes)
2026-09-23 16:25:45,729 INFO: Plan 1: ḡ=0.0, γE[v]=0.0, Q=0.0 (bayes)
2026-09-23 16:25:45,729 INFO: Plan 2: ḡ=0.0, γE[v]=0.0, Q=0.0 (bayes)
2026-09-23 16:25:46,529 INFO: Plan 0: ḡ=0, γE[v]=0.0, Q=0.0 (fn)
2026-09-23 16:25:46,530 INFO: Plan 1: ḡ=0, γE[v]=0.0, Q=0.0 (fn)
2026-09-23 16:25:46,531 INFO: Plan 2: ḡ=0, γE[v]=0.0, Q=0.0 (fn)
2026-09-23 16:25:46,532 INFO: Plan 0: ḡ=0.0, γE[v]=0.0, Q=0.0 (bayes)
2026-09-23 16:25:46,532 INFO: Plan 1: ḡ=0.0, γE[v]=0.0, Q=0.0 (bayes)
2026-09-23 16:25:46,532 INFO: Plan 2: ḡ=0.0, γE[v]=0.0, Q=0.0 (bayes)
2026-09-23 16:25:47,555 INFO: Plan 2: ḡ=4, γE[v]=0.0, Q=4.0 (fn)
2026-09-23 16:25:47,631 INFO: Plan 1: ḡ=1, γE[v]=0.0, Q=1.0 (fn)
2026-09-23 16:25:47,632 INFO: Plan 0: ḡ=1, γE[v]=0.0, Q=1.0 (fn)
2026-09-23 16:25:47,633 INFO: Plan 0: ḡ=0.1, γE[v]=0.2, Q=0.3 (bayes)
2026-09-23 16:25:47,633 INFO: Plan 1: ḡ=0.1, γE[v]=0.2, Q=0.3 (bayes)
2026-09-23 16:25:47,633 INFO: Plan 2: ḡ=0.2, γE[v]=0.1, Q=0.3 (bayes)
2026-09-23 16:25:47,816 INFO: Plan 2: ḡ=0, γE[v]=0.0, Q=0.0 (fn)
2026-09-23 16:25:47,853 INFO: Plan 2: ḡ=0, γE[v]=0.0, Q=0.0 (fn)
2026-09-23 16:25:47,854 INFO: Plan 1: ḡ=0, γE[v]=0.0, Q=0.0 (fn)
2026-09-23 16:25:48,215 INFO: Plan 0: ḡ=0, γE[v]=0.0, Q=0.0 (fn)
2026-09-23 16:25:48,216 INFO: Plan 0: ḡ=1, γE[v]=0.0, Q=1.0 (fn)
2026-09-23 16:25:48,217 INFO: Plan 1: ḡ=1, γE[v]=0.0, Q=1.0 (fn)
2026-09-23 16:25:48,218 INFO: Plan 0: ḡ=0.0, γE[v]=0.0, Q=0.0 (bayes)
2026-09-23 16:25:48,218 INFO: Plan 1: ḡ=0.0, γE[v]=0.0, Q=0.0 (bayes)
2026-09-23 16:25:48,218 INFO: Plan 2: ḡ=0.0, γE[v]=0.0, Q=0.0 (bayes)
2026-09-23 16:25:48,218 INFO: Plan 0: ḡ=0.1, γE[v]=0.0, Q=0.1 (bayes)
2026-09-23 16:25:48,219 INFO: Plan 1: ḡ=0.1, γE[v]=0.0, Q=0.1 (bayes)
2026-09-23 16:25:48,219 INFO: Plan 2: ḡ=0.0, γE[v]=0.1, Q=0.1 (bayes)
2026-09-23 16:25:48,433 INFO: Plan 2: ḡ=15, γE[v]=0.0, Q=15.0 (fn)
2026-09-23 16:25:48,434 INFO: Plan 0: ḡ=1, γE[v]=0.0, Q=1.0 (fn)
2026-09-23 16:25:48,499 INFO: Plan 1: ḡ=1, γE[v]=0.0, Q=1.0 (fn)
2026-09-23 16:25:48,500 INFO: Plan 0: ḡ=0.3, γE[v]=0.6, Q=0.9 (bayes)
2026-09-23 16:25:48,500 INFO: Plan 1: ḡ=0.3, γE[v]=0.6, Q=0.9 (bayes)
2026-09-23 16:25:48,500 INFO: Plan 2: ḡ=0.8, γE[v]=0.3, Q=1.2 (bayes)
2026-09-23 16:25:52,846 INFO: Plan 2: ḡ=0, γE[v]=0.0, Q=0.0 (fn)
2026-09-23 16:25:53,090 INFO: Plan 0: ḡ=2, γE[v]=0.0, Q=2.0 (fn)
2026-09-23 16:25:53,166 INFO: Plan 1: ḡ=0, γE[v]=0.0, Q=0.0 (fn)
2026-09-23 16:25:53,167 INFO: Plan 0: ḡ=0.1, γE[v]=0.0, Q=0.1 (bayes)
2026-09-23 16:25:53,167 INFO: Plan 1: ḡ=0.0, γE[v]=0.1, Q=0.1 (bayes)
2026-09-23 16:25:53,167 INFO: Plan 2: ḡ=0.0, γE[v]=0.1, Q=0.1 (bayes)
2026-09-23 16:25:53,464 INFO: Plan 2: ḡ=0, γE[v]=0.0, Q=0.0 (fn)
2026-09-23 16:25:53,538 INFO: Plan 2: ḡ=0, γE[v]=0.0, Q=0.0 (fn)
2026-09-23 16:25:53,650 INFO: Plan 1: ḡ=1, γE[v]=0.0, Q=1.0 (fn)
2026-09-23 16:25:53,687 INFO: Plan 1: ḡ=0, γE[v]=0.0, Q=0.0 (fn)
2026-09-23 16:25:53,688 INFO: Plan 0: ḡ=0, γE[v]=0.0, Q=0.0 (fn)
2026-09-23 16:25:53,688 INFO: Plan 0: ḡ=0.0, γE[v]=0.0, Q=0.0 (bayes)
2026-09-23 16:25:53,688 INFO: Plan 1: ḡ=0.0, γE[v]=0.0, Q=0.0 (bayes)
2026-09-23 16:25:53,688 INFO: Plan 2: ḡ=0.0, γE[v]=0.0, Q=0.0 (bayes)
2026-09-23 16:25:53,910 INFO: Plan 0: ḡ=2, γE[v]=0.0, Q=2.0 (fn)
2026-09-23 16:25:53,915 INFO: Plan 0: ḡ=0.2, γE[v]=0.0, Q=0.2 (bayes)
2026-09-23 16:25:53,916 INFO: Plan 1: ḡ=0.1, γE[v]=0.1, Q=0.1 (bayes)
2026-09-23 16:25:53,916 INFO: Plan 2: ḡ=0.0, γE[v]=0.1, Q=0.1 (bayes)
  [67/93] werkzeug.local seed=42: {'cov_qvalue_tgt_fnt_bayes': 56}
2026-09-23 16:25:55,163 INFO: Plan 0: ḡ=3, γE[v]=0.0, Q=3.0 (fn)
2026-09-23 16:25:55,200 INFO: Plan 2: ḡ=3, γE[v]=0.0, Q=3.0 (fn)
2026-09-23 16:25:56,438 INFO: Plan 1: ḡ=5, γE[v]=3.0, Q=8.0 (fn)
2026-09-23 16:25:56,439 INFO: Plan 0: ḡ=0.3, γE[v]=0.3, Q=0.6 (bayes)
2026-09-23 16:25:56,439 INFO: Plan 1: ḡ=0.4, γE[v]=0.5, Q=0.9 (bayes)
2026-09-23 16:25:56,439 INFO: Plan 2: ḡ=0.2, γE[v]=0.3, Q=0.5 (bayes)
2026-09-23 16:25:56,588 INFO: Plan 1: ḡ=0, γE[v]=0.0, Q=0.0 (fn)
2026-09-23 16:25:56,589 INFO: Plan 0: ḡ=0, γE[v]=0.0, Q=0.0 (fn)
2026-09-23 16:25:56,591 INFO: Plan 2: ḡ=0, γE[v]=0.0, Q=0.0 (fn)
2026-09-23 16:25:56,591 INFO: Plan 0: ḡ=0.0, γE[v]=0.0, Q=0.0 (bayes)
2026-09-23 16:25:56,591 INFO: Plan 1: ḡ=0.0, γE[v]=0.0, Q=0.0 (bayes)
2026-09-23 16:25:56,591 INFO: Plan 2: ḡ=0.0, γE[v]=0.0, Q=0.0 (bayes)
2026-09-23 16:25:59,356 INFO: Plan 0: ḡ=0, γE[v]=0.0, Q=0.0 (fn)
2026-09-23 16:25:59,357 INFO: Plan 2: ḡ=0, γE[v]=0.0, Q=0.0 (fn)
2026-09-23 16:25:59,358 INFO: Plan 1: ḡ=0, γE[v]=0.0, Q=0.0 (fn)
2026-09-23 16:25:59,358 INFO: Plan 0: ḡ=0.0, γE[v]=0.0, Q=0.0 (bayes)
2026-09-23 16:25:59,358 INFO: Plan 1: ḡ=0.0, γE[v]=0.0, Q=0.0 (bayes)
2026-09-23 16:25:59,358 INFO: Plan 2: ḡ=0.0, γE[v]=0.0, Q=0.0 (bayes)
2026-09-23 16:26:02,643 INFO: Plan 2: ḡ=0, γE[v]=0.0, Q=0.0 (fn)
2026-09-23 16:26:02,786 INFO: Plan 1: ḡ=1, γE[v]=0.0, Q=1.0 (fn)
2026-09-23 16:26:03,263 INFO: Plan 2: ḡ=0, γE[v]=0.0, Q=0.0 (fn)
2026-09-23 16:26:03,333 INFO: Plan 0: ḡ=1, γE[v]=0.0, Q=1.0 (fn)
2026-09-23 16:26:03,334 INFO: Plan 1: ḡ=1, γE[v]=0.0, Q=1.0 (fn)
2026-09-23 16:26:03,334 INFO: Plan 0: ḡ=0.2, γE[v]=0.1, Q=0.3 (bayes)
2026-09-23 16:26:03,334 INFO: Plan 1: ḡ=0.2, γE[v]=0.1, Q=0.3 (bayes)
2026-09-23 16:26:03,334 INFO: Plan 2: ḡ=0.0, γE[v]=0.2, Q=0.2 (bayes)
2026-09-23 16:26:03,796 INFO: Plan 2: ḡ=0, γE[v]=0.0, Q=0.0 (fn)
2026-09-23 16:26:03,797 INFO: Plan 0: ḡ=0, γE[v]=0.0, Q=0.0 (fn)
2026-09-23 16:26:03,798 INFO: Plan 0: ḡ=1, γE[v]=0.5, Q=1.5 (fn)
2026-09-23 16:26:03,800 INFO: Plan 1: ḡ=0, γE[v]=0.0, Q=0.0 (fn)
2026-09-23 16:26:03,800 INFO: Plan 0: ḡ=0.2, γE[v]=0.1, Q=0.3 (bayes)
2026-09-23 16:26:03,800 INFO: Plan 1: ḡ=0.2, γE[v]=0.1, Q=0.2 (bayes)
2026-09-23 16:26:03,800 INFO: Plan 2: ḡ=0.0, γE[v]=0.2, Q=0.2 (bayes)
2026-09-23 16:26:03,801 INFO: Plan 0: ḡ=0.0, γE[v]=0.0, Q=0.0 (bayes)
2026-09-23 16:26:03,801 INFO: Plan 1: ḡ=0.0, γE[v]=0.0, Q=0.0 (bayes)
2026-09-23 16:26:03,801 INFO: Plan 2: ḡ=0.0, γE[v]=0.0, Q=0.0 (bayes)
2026-09-23 16:26:03,825 INFO: Plan 0: ḡ=8, γE[v]=0.0, Q=8.0 (fn)
2026-09-23 16:26:04,289 INFO: Plan 2: ḡ=0, γE[v]=0.0, Q=0.0 (fn)
2026-09-23 16:26:04,352 INFO: Plan 1: ḡ=2, γE[v]=0.0, Q=2.0 (fn)
2026-09-23 16:26:04,353 INFO: Plan 0: ḡ=1, γE[v]=0.0, Q=1.0 (fn)
2026-09-23 16:26:04,353 INFO: Plan 0: ḡ=0.2, γE[v]=0.2, Q=0.5 (bayes)
2026-09-23 16:26:04,354 INFO: Plan 1: ḡ=0.4, γE[v]=0.1, Q=0.5 (bayes)
2026-09-23 16:26:04,354 INFO: Plan 2: ḡ=0.0, γE[v]=0.3, Q=0.3 (bayes)
2026-09-23 16:26:04,777 INFO: Plan 1: ḡ=22, γE[v]=0.0, Q=22.0 (fn)
2026-09-23 16:26:05,137 INFO: Plan 1: ḡ=52, γE[v]=0.0, Q=52.0 (fn)
2026-09-23 16:26:05,138 INFO: Plan 2: ḡ=52, γE[v]=0.0, Q=52.0 (fn)
2026-09-23 16:26:05,139 INFO: Plan 0: ḡ=52, γE[v]=0.0, Q=52.0 (fn)
2026-09-23 16:26:05,140 INFO: Plan 0: ḡ=4.0, γE[v]=0.0, Q=4.0 (bayes)
2026-09-23 16:26:05,140 INFO: Plan 1: ḡ=4.0, γE[v]=0.0, Q=4.0 (bayes)
2026-09-23 16:26:05,140 INFO: Plan 2: ḡ=4.0, γE[v]=0.0, Q=4.0 (bayes)
2026-09-23 16:26:06,780 INFO: Plan 2: ḡ=15, γE[v]=0.0, Q=15.0 (fn)
2026-09-23 16:26:06,781 INFO: Plan 0: ḡ=1, γE[v]=0.0, Q=1.0 (fn)
2026-09-23 16:26:06,853 INFO: Plan 1: ḡ=1, γE[v]=0.0, Q=1.0 (fn)
2026-09-23 16:26:06,853 INFO: Plan 0: ḡ=0.3, γE[v]=0.6, Q=0.9 (bayes)
2026-09-23 16:26:06,854 INFO: Plan 1: ḡ=0.3, γE[v]=0.6, Q=0.9 (bayes)
2026-09-23 16:26:06,854 INFO: Plan 2: ḡ=0.8, γE[v]=0.3, Q=1.1 (bayes)
2026-09-23 16:26:07,073 INFO: Plan 1: ḡ=0, γE[v]=0.0, Q=0.0 (fn)
2026-09-23 16:26:08,433 INFO: Plan 2: ḡ=0, γE[v]=0.0, Q=0.0 (fn)
2026-09-23 16:26:08,691 INFO: Plan 2: ḡ=0, γE[v]=0.0, Q=0.0 (fn)
2026-09-23 16:26:08,692 INFO: Plan 0: ḡ=0, γE[v]=0.0, Q=0.0 (fn)
2026-09-23 16:26:08,693 INFO: Plan 1: ḡ=0, γE[v]=0.0, Q=0.0 (fn)
2026-09-23 16:26:08,693 INFO: Plan 0: ḡ=0.0, γE[v]=0.0, Q=0.0 (bayes)
2026-09-23 16:26:08,693 INFO: Plan 1: ḡ=0.0, γE[v]=0.0, Q=0.0 (bayes)
2026-09-23 16:26:08,693 INFO: Plan 2: ḡ=0.0, γE[v]=0.0, Q=0.0 (bayes)
2026-09-23 16:26:10,079 INFO: Plan 2: ḡ=0, γE[v]=0.0, Q=0.0 (fn)
2026-09-23 16:26:10,080 INFO: Plan 1: ḡ=0, γE[v]=0.0, Q=0.0 (fn)
2026-09-23 16:26:10,229 INFO: Plan 2: ḡ=25, γE[v]=26.0, Q=51.0 (fn)
2026-09-23 16:26:10,230 INFO: Plan 0: ḡ=0, γE[v]=0.0, Q=0.0 (fn)
2026-09-23 16:26:10,231 INFO: Plan 0: ḡ=2.7, γE[v]=35.0, Q=37.6 (bayes)
2026-09-23 16:26:10,231 INFO: Plan 1: ḡ=8.7, γE[v]=32.0, Q=40.6 (bayes)
2026-09-23 16:26:10,231 INFO: Plan 2: ḡ=4.5, γE[v]=36.1, Q=40.6 (bayes)
2026-09-23 16:26:10,371 INFO: Plan 2: ḡ=4, γE[v]=0.0, Q=4.0 (fn)
2026-09-23 16:26:10,444 INFO: Plan 1: ḡ=1, γE[v]=0.0, Q=1.0 (fn)
2026-09-23 16:26:10,445 INFO: Plan 0: ḡ=0.0, γE[v]=0.2, Q=0.2 (bayes)
2026-09-23 16:26:10,445 INFO: Plan 1: ḡ=0.1, γE[v]=0.2, Q=0.3 (bayes)
2026-09-23 16:26:10,445 INFO: Plan 2: ḡ=0.2, γE[v]=0.1, Q=0.3 (bayes)
2026-09-23 16:26:10,555 INFO: Plan 0: ḡ=0, γE[v]=0.0, Q=0.0 (fn)
2026-09-23 16:26:10,556 INFO: Plan 2: ḡ=0, γE[v]=0.0, Q=0.0 (fn)
2026-09-23 16:26:10,557 INFO: Plan 1: ḡ=0, γE[v]=0.0, Q=0.0 (fn)
2026-09-23 16:26:10,558 INFO: Plan 0: ḡ=0.0, γE[v]=0.0, Q=0.0 (bayes)
2026-09-23 16:26:10,558 INFO: Plan 1: ḡ=0.0, γE[v]=0.0, Q=0.0 (bayes)
2026-09-23 16:26:10,558 INFO: Plan 2: ḡ=0.0, γE[v]=0.0, Q=0.0 (bayes)
2026-09-23 16:26:10,658 INFO: Plan 0: ḡ=0, γE[v]=0.0, Q=0.0 (fn)
2026-09-23 16:26:10,658 INFO: Plan 0: ḡ=0.0, γE[v]=0.0, Q=0.0 (bayes)
2026-09-23 16:26:10,658 INFO: Plan 1: ḡ=0.0, γE[v]=0.0, Q=0.0 (bayes)
2026-09-23 16:26:10,658 INFO: Plan 2: ḡ=0.0, γE[v]=0.0, Q=0.0 (bayes)
2026-09-23 16:26:10,828 INFO: Plan 0: ḡ=0, γE[v]=0.0, Q=0.0 (fn)
2026-09-23 16:26:10,829 INFO: Plan 0: ḡ=0.0, γE[v]=0.0, Q=0.0 (bayes)
2026-09-23 16:26:10,829 INFO: Plan 1: ḡ=0.0, γE[v]=0.0, Q=0.0 (bayes)
2026-09-23 16:26:10,829 INFO: Plan 2: ḡ=0.0, γE[v]=0.0, Q=0.0 (bayes)
  [68/93] httpx._api seed=42: {'cov_qvalue_tgt_fnt_bayes': 11}
  [69/93] starlette.datastructures seed=42: {'cov_qvalue_tgt_fnt_bayes': 86}
2026-09-23 16:26:12,712 INFO: Plan 2: ḡ=0, γE[v]=0.0, Q=0.0 (fn)
2026-09-23 16:26:12,788 INFO: Plan 1: ḡ=5, γE[v]=0.0, Q=5.0 (fn)
2026-09-23 16:26:12,860 INFO: Plan 0: ḡ=0, γE[v]=0.0, Q=0.0 (fn)
2026-09-23 16:26:12,861 INFO: Plan 1: ḡ=0, γE[v]=0.0, Q=0.0 (fn)
2026-09-23 16:26:12,861 INFO: Plan 0: ḡ=0.0, γE[v]=0.0, Q=0.0 (bayes)
2026-09-23 16:26:12,861 INFO: Plan 1: ḡ=0.0, γE[v]=0.0, Q=0.0 (bayes)
2026-09-23 16:26:12,861 INFO: Plan 2: ḡ=0.0, γE[v]=0.0, Q=0.0 (bayes)
2026-09-23 16:26:13,098 INFO: Plan 0: ḡ=3, γE[v]=0.0, Q=3.0 (fn)
2026-09-23 16:26:13,132 INFO: Plan 2: ḡ=3, γE[v]=0.0, Q=3.0 (fn)
2026-09-23 16:26:13,132 INFO: Plan 0: ḡ=0.2, γE[v]=0.3, Q=0.5 (bayes)
2026-09-23 16:26:13,133 INFO: Plan 1: ḡ=0.4, γE[v]=0.2, Q=0.6 (bayes)
2026-09-23 16:26:13,133 INFO: Plan 2: ḡ=0.2, γE[v]=0.3, Q=0.5 (bayes)
  [70/93] httpx._client seed=42: {'cov_qvalue_tgt_fnt_bayes': 142}
2026-09-23 16:26:14,634 INFO: Plan 2: ḡ=0, γE[v]=0.0, Q=0.0 (fn)
2026-09-23 16:26:14,635 INFO: Plan 0: ḡ=0, γE[v]=0.0, Q=0.0 (fn)
2026-09-23 16:26:15,267 INFO: Plan 0: ḡ=9, γE[v]=7.0, Q=16.0 (fn)
2026-09-23 16:26:15,880 INFO: Plan 1: ḡ=16, γE[v]=6.5, Q=22.5 (fn)
2026-09-23 16:26:16,015 INFO: Plan 1: ḡ=0, γE[v]=0.0, Q=0.0 (fn)
2026-09-23 16:26:16,015 INFO: Plan 0: ḡ=0.0, γE[v]=0.0, Q=0.0 (bayes)
2026-09-23 16:26:16,016 INFO: Plan 1: ḡ=0.0, γE[v]=0.0, Q=0.0 (bayes)
2026-09-23 16:26:16,016 INFO: Plan 2: ḡ=0.0, γE[v]=0.0, Q=0.0 (bayes)
2026-09-23 16:26:16,150 INFO: Plan 2: ḡ=16, γE[v]=6.5, Q=22.5 (fn)
2026-09-23 16:26:16,151 INFO: Plan 0: ḡ=1.0, γE[v]=1.6, Q=2.6 (bayes)
2026-09-23 16:26:16,151 INFO: Plan 1: ḡ=1.8, γE[v]=1.2, Q=3.0 (bayes)
2026-09-23 16:26:16,151 INFO: Plan 2: ḡ=1.7, γE[v]=1.2, Q=3.0 (bayes)
  [71/93] werkzeug.wsgi seed=42: {'cov_qvalue_tgt_fnt_bayes': 53}
2026-09-23 16:26:20,222 INFO: Plan 0: ḡ=1, γE[v]=0.0, Q=1.0 (fn)
2026-09-23 16:26:20,223 INFO: Plan 1: ḡ=1, γE[v]=0.0, Q=1.0 (fn)
2026-09-23 16:26:20,224 INFO: Plan 2: ḡ=1, γE[v]=0.0, Q=1.0 (fn)
2026-09-23 16:26:20,224 INFO: Plan 0: ḡ=0.1, γE[v]=0.0, Q=0.1 (bayes)
2026-09-23 16:26:20,224 INFO: Plan 1: ḡ=0.1, γE[v]=0.0, Q=0.1 (bayes)
2026-09-23 16:26:20,224 INFO: Plan 2: ḡ=0.1, γE[v]=0.0, Q=0.1 (bayes)
2026-09-23 16:26:21,092 INFO: Plan 0: ḡ=0, γE[v]=0.0, Q=0.0 (fn)
2026-09-23 16:26:21,660 INFO: Plan 2: ḡ=0, γE[v]=0.0, Q=0.0 (fn)
2026-09-23 16:26:21,661 INFO: Plan 1: ḡ=0, γE[v]=0.0, Q=0.0 (fn)
2026-09-23 16:26:21,662 INFO: Plan 0: ḡ=0.0, γE[v]=0.0, Q=0.0 (bayes)
2026-09-23 16:26:21,662 INFO: Plan 1: ḡ=0.0, γE[v]=0.0, Q=0.0 (bayes)
2026-09-23 16:26:21,662 INFO: Plan 2: ḡ=0.0, γE[v]=0.0, Q=0.0 (bayes)
2026-09-23 16:26:21,693 INFO: Plan 0: ḡ=0, γE[v]=0.0, Q=0.0 (fn)
2026-09-23 16:26:21,694 INFO: Plan 1: ḡ=0, γE[v]=0.0, Q=0.0 (fn)
2026-09-23 16:26:21,695 INFO: Plan 2: ḡ=0, γE[v]=0.0, Q=0.0 (fn)
2026-09-23 16:26:21,695 INFO: Plan 0: ḡ=0.0, γE[v]=0.0, Q=0.0 (bayes)
2026-09-23 16:26:21,695 INFO: Plan 1: ḡ=0.0, γE[v]=0.0, Q=0.0 (bayes)
2026-09-23 16:26:21,695 INFO: Plan 2: ḡ=0.0, γE[v]=0.0, Q=0.0 (bayes)
  [72/93] pydantic.functional_serializers seed=42: {'cov_qvalue_tgt_fnt_bayes': 23}
2026-09-23 16:26:23,671 INFO: Plan 1: ḡ=0, γE[v]=0.0, Q=0.0 (fn)
2026-09-23 16:26:23,672 INFO: Plan 2: ḡ=0, γE[v]=0.0, Q=0.0 (fn)
2026-09-23 16:26:23,759 INFO: Plan 0: ḡ=2, γE[v]=0.0, Q=2.0 (fn)
2026-09-23 16:26:23,759 INFO: Plan 0: ḡ=0.1, γE[v]=0.0, Q=0.1 (bayes)
2026-09-23 16:26:23,759 INFO: Plan 1: ḡ=0.0, γE[v]=0.1, Q=0.1 (bayes)
2026-09-23 16:26:23,759 INFO: Plan 2: ḡ=0.0, γE[v]=0.1, Q=0.1 (bayes)
2026-09-23 16:26:24,780 INFO: Plan 2: ḡ=15, γE[v]=0.0, Q=15.0 (fn)
2026-09-23 16:26:24,781 INFO: Plan 0: ḡ=1, γE[v]=0.0, Q=1.0 (fn)
2026-09-23 16:26:25,007 INFO: Plan 1: ḡ=1, γE[v]=0.0, Q=1.0 (fn)
2026-09-23 16:26:25,008 INFO: Plan 0: ḡ=0.3, γE[v]=0.5, Q=0.9 (bayes)
2026-09-23 16:26:25,008 INFO: Plan 1: ḡ=0.3, γE[v]=0.5, Q=0.9 (bayes)
2026-09-23 16:26:25,008 INFO: Plan 2: ḡ=0.8, γE[v]=0.3, Q=1.1 (bayes)
2026-09-23 16:26:25,951 INFO: Plan 0: ḡ=52, γE[v]=0.0, Q=52.0 (fn)
2026-09-23 16:26:25,951 INFO: Plan 1: ḡ=52, γE[v]=0.0, Q=52.0 (fn)
2026-09-23 16:26:25,952 INFO: Plan 2: ḡ=52, γE[v]=0.0, Q=52.0 (fn)
2026-09-23 16:26:25,953 INFO: Plan 0: ḡ=3.7, γE[v]=0.0, Q=3.7 (bayes)
2026-09-23 16:26:25,953 INFO: Plan 1: ḡ=3.7, γE[v]=0.0, Q=3.7 (bayes)
2026-09-23 16:26:25,953 INFO: Plan 2: ḡ=3.7, γE[v]=0.0, Q=3.7 (bayes)
2026-09-23 16:26:27,726 INFO: Plan 2: ḡ=0, γE[v]=0.0, Q=0.0 (fn)
2026-09-23 16:26:27,794 INFO: Plan 1: ḡ=0, γE[v]=0.0, Q=0.0 (fn)
2026-09-23 16:26:27,795 INFO: Plan 1: ḡ=1, γE[v]=0.0, Q=1.0 (fn)
2026-09-23 16:26:27,796 INFO: Plan 0: ḡ=1, γE[v]=0.0, Q=1.0 (fn)
2026-09-23 16:26:27,797 INFO: Plan 0: ḡ=0, γE[v]=0.0, Q=0.0 (fn)
2026-09-23 16:26:27,798 INFO: Plan 2: ḡ=0, γE[v]=0.0, Q=0.0 (fn)
2026-09-23 16:26:27,799 INFO: Plan 0: ḡ=0.2, γE[v]=0.1, Q=0.3 (bayes)
2026-09-23 16:26:27,799 INFO: Plan 1: ḡ=0.2, γE[v]=0.1, Q=0.3 (bayes)
2026-09-23 16:26:27,799 INFO: Plan 2: ḡ=0.0, γE[v]=0.2, Q=0.2 (bayes)
2026-09-23 16:26:27,799 INFO: Plan 0: ḡ=0.0, γE[v]=0.0, Q=0.0 (bayes)
2026-09-23 16:26:27,799 INFO: Plan 1: ḡ=0.0, γE[v]=0.0, Q=0.0 (bayes)
2026-09-23 16:26:27,799 INFO: Plan 2: ḡ=0.0, γE[v]=0.0, Q=0.0 (bayes)
2026-09-23 16:26:28,028 INFO: Plan 0: ḡ=3, γE[v]=0.0, Q=3.0 (fn)
2026-09-23 16:26:28,057 INFO: Plan 2: ḡ=3, γE[v]=0.0, Q=3.0 (fn)
2026-09-23 16:26:28,173 INFO: Plan 0: ḡ=1, γE[v]=0.0, Q=1.0 (fn)
2026-09-23 16:26:28,175 INFO: Plan 1: ḡ=1, γE[v]=0.0, Q=1.0 (fn)
2026-09-23 16:26:28,599 INFO: Plan 2: ḡ=2, γE[v]=0.0, Q=2.0 (fn)
2026-09-23 16:26:28,600 INFO: Plan 0: ḡ=0.1, γE[v]=0.0, Q=0.1 (bayes)
2026-09-23 16:26:28,600 INFO: Plan 1: ḡ=0.1, γE[v]=0.0, Q=0.1 (bayes)
2026-09-23 16:26:28,600 INFO: Plan 2: ḡ=0.2, γE[v]=0.0, Q=0.2 (bayes)
2026-09-23 16:26:29,039 INFO: Plan 1: ḡ=5, γE[v]=3.0, Q=8.0 (fn)
2026-09-23 16:26:29,040 INFO: Plan 0: ḡ=0.2, γE[v]=0.3, Q=0.5 (bayes)
2026-09-23 16:26:29,040 INFO: Plan 1: ḡ=0.4, γE[v]=0.5, Q=0.8 (bayes)
2026-09-23 16:26:29,040 INFO: Plan 2: ḡ=0.2, γE[v]=0.3, Q=0.5 (bayes)
  [73/93] jinja2.sandbox seed=42: {'cov_qvalue_tgt_fnt_bayes': 93}
  [74/93] pydantic.networks seed=42: {'cov_qvalue_tgt_fnt_bayes': 35}
2026-09-23 16:26:30,322 INFO: Plan 0: ḡ=13, γE[v]=19.5, Q=32.5 (fn)
2026-09-23 16:26:31,394 INFO: Plan 0: ḡ=0, γE[v]=0.0, Q=0.0 (fn)
2026-09-23 16:26:31,395 INFO: Plan 2: ḡ=0, γE[v]=0.0, Q=0.0 (fn)
2026-09-23 16:26:31,396 INFO: Plan 1: ḡ=0, γE[v]=0.0, Q=0.0 (fn)
2026-09-23 16:26:31,396 INFO: Plan 1: ḡ=0, γE[v]=0.0, Q=0.0 (fn)
2026-09-23 16:26:31,398 INFO: Plan 2: ḡ=0, γE[v]=0.0, Q=0.0 (fn)
2026-09-23 16:26:31,398 INFO: Plan 0: ḡ=0.0, γE[v]=0.0, Q=0.0 (bayes)
2026-09-23 16:26:31,399 INFO: Plan 1: ḡ=0.0, γE[v]=0.0, Q=0.0 (bayes)
2026-09-23 16:26:31,399 INFO: Plan 2: ḡ=0.0, γE[v]=0.0, Q=0.0 (bayes)
2026-09-23 16:26:31,421 INFO: Plan 0: ḡ=1, γE[v]=0.0, Q=1.0 (fn)
2026-09-23 16:26:31,422 INFO: Plan 0: ḡ=0.2, γE[v]=0.0, Q=0.2 (bayes)
2026-09-23 16:26:31,422 INFO: Plan 1: ḡ=0.0, γE[v]=0.1, Q=0.1 (bayes)
2026-09-23 16:26:31,422 INFO: Plan 2: ḡ=0.0, γE[v]=0.1, Q=0.1 (bayes)
2026-09-23 16:26:31,451 INFO: Plan 1: ḡ=0, γE[v]=0.0, Q=0.0 (fn)
2026-09-23 16:26:31,535 INFO: Plan 2: ḡ=0, γE[v]=0.0, Q=0.0 (fn)
2026-09-23 16:26:31,679 INFO: Plan 0: ḡ=0, γE[v]=0.0, Q=0.0 (fn)
2026-09-23 16:26:31,680 INFO: Plan 0: ḡ=0.0, γE[v]=0.0, Q=0.0 (bayes)
2026-09-23 16:26:31,680 INFO: Plan 1: ḡ=0.0, γE[v]=0.0, Q=0.0 (bayes)
2026-09-23 16:26:31,680 INFO: Plan 2: ḡ=0.0, γE[v]=0.0, Q=0.0 (bayes)
2026-09-23 16:26:33,065 INFO: Plan 1: ḡ=0, γE[v]=0.0, Q=0.0 (fn)
2026-09-23 16:26:33,066 INFO: Plan 2: ḡ=0, γE[v]=0.0, Q=0.0 (fn)
2026-09-23 16:26:33,182 INFO: Plan 0: ḡ=1, γE[v]=0.0, Q=1.0 (fn)
2026-09-23 16:26:33,183 INFO: Plan 0: ḡ=0.1, γE[v]=0.0, Q=0.1 (bayes)
2026-09-23 16:26:33,183 INFO: Plan 1: ḡ=0.0, γE[v]=0.1, Q=0.1 (bayes)
2026-09-23 16:26:33,183 INFO: Plan 2: ḡ=0.0, γE[v]=0.1, Q=0.1 (bayes)
2026-09-23 16:26:33,725 INFO: Plan 2: ḡ=181, γE[v]=0.0, Q=181.0 (fn)
2026-09-23 16:26:33,726 INFO: Plan 1: ḡ=181, γE[v]=0.0, Q=181.0 (fn)
2026-09-23 16:26:33,727 INFO: Plan 0: ḡ=1.9, γE[v]=12.8, Q=14.7 (bayes)
2026-09-23 16:26:33,727 INFO: Plan 1: ḡ=24.3, γE[v]=0.0, Q=24.3 (bayes)
2026-09-23 16:26:33,727 INFO: Plan 2: ḡ=24.3, γE[v]=0.0, Q=24.3 (bayes)
2026-09-23 16:26:35,222 INFO: Plan 2: ḡ=4, γE[v]=0.0, Q=4.0 (fn)
2026-09-23 16:26:35,290 INFO: Plan 0: ḡ=1, γE[v]=0.0, Q=1.0 (fn)
2026-09-23 16:26:35,291 INFO: Plan 1: ḡ=1, γE[v]=0.0, Q=1.0 (fn)
2026-09-23 16:26:35,292 INFO: Plan 0: ḡ=0.1, γE[v]=0.2, Q=0.3 (bayes)
2026-09-23 16:26:35,292 INFO: Plan 1: ḡ=0.1, γE[v]=0.2, Q=0.3 (bayes)
2026-09-23 16:26:35,292 INFO: Plan 2: ḡ=0.2, γE[v]=0.1, Q=0.3 (bayes)
2026-09-23 16:26:35,470 INFO: Plan 0: ḡ=0, γE[v]=0.0, Q=0.0 (fn)
2026-09-23 16:26:35,500 INFO: Plan 1: ḡ=0, γE[v]=0.0, Q=0.0 (fn)
  [75/93] jinja2.bccache seed=42: {'cov_qvalue_tgt_fnt_bayes': 23}
2026-09-23 16:26:36,708 INFO: Plan 2: ḡ=0, γE[v]=0.0, Q=0.0 (fn)
2026-09-23 16:26:36,711 INFO: Plan 0: ḡ=0.0, γE[v]=0.0, Q=0.0 (bayes)
2026-09-23 16:26:36,711 INFO: Plan 1: ḡ=0.0, γE[v]=0.0, Q=0.0 (bayes)
2026-09-23 16:26:36,711 INFO: Plan 2: ḡ=0.0, γE[v]=0.0, Q=0.0 (bayes)
2026-09-23 16:26:37,197 INFO: Plan 1: ḡ=0, γE[v]=0.0, Q=0.0 (fn)
2026-09-23 16:26:37,280 INFO: Plan 2: ḡ=0, γE[v]=0.0, Q=0.0 (fn)
2026-09-23 16:26:37,679 INFO: Plan 0: ḡ=0, γE[v]=0.0, Q=0.0 (fn)
2026-09-23 16:26:37,679 INFO: Plan 0: ḡ=0.0, γE[v]=0.0, Q=0.0 (bayes)
2026-09-23 16:26:37,679 INFO: Plan 1: ḡ=0.0, γE[v]=0.0, Q=0.0 (bayes)
2026-09-23 16:26:37,679 INFO: Plan 2: ḡ=0.0, γE[v]=0.0, Q=0.0 (bayes)
2026-09-23 16:26:37,736 INFO: Plan 2: ḡ=11, γE[v]=0.0, Q=11.0 (fn)
2026-09-23 16:26:37,793 INFO: Plan 0: ḡ=7, γE[v]=0.0, Q=7.0 (fn)
2026-09-23 16:26:38,212 INFO: Plan 1: ḡ=28, γE[v]=5.5, Q=33.5 (fn)
2026-09-23 16:26:38,212 INFO: Plan 0: ḡ=1.8, γE[v]=3.2, Q=5.0 (bayes)
2026-09-23 16:26:38,212 INFO: Plan 1: ḡ=6.0, γE[v]=1.5, Q=7.5 (bayes)
2026-09-23 16:26:38,212 INFO: Plan 2: ḡ=2.2, γE[v]=3.0, Q=5.2 (bayes)
  [76/93] werkzeug.http seed=42: {'cov_qvalue_tgt_fnt_bayes': 153}
2026-09-23 16:26:41,157 INFO: Plan 1: ḡ=0, γE[v]=0.0, Q=0.0 (fn)
2026-09-23 16:26:41,185 INFO: Plan 2: ḡ=0, γE[v]=0.0, Q=0.0 (fn)
2026-09-23 16:26:41,186 INFO: Plan 0: ḡ=0, γE[v]=0.0, Q=0.0 (fn)
2026-09-23 16:26:41,186 INFO: Plan 0: ḡ=0.0, γE[v]=0.0, Q=0.0 (bayes)
2026-09-23 16:26:41,186 INFO: Plan 1: ḡ=0.0, γE[v]=0.0, Q=0.0 (bayes)
2026-09-23 16:26:41,186 INFO: Plan 2: ḡ=0.0, γE[v]=0.0, Q=0.0 (bayes)
2026-09-23 16:26:41,830 INFO: Plan 2: ḡ=0, γE[v]=0.0, Q=0.0 (fn)
2026-09-23 16:26:41,965 INFO: Plan 0: ḡ=1, γE[v]=0.0, Q=1.0 (fn)
2026-09-23 16:26:42,021 INFO: Plan 1: ḡ=1, γE[v]=0.0, Q=1.0 (fn)
2026-09-23 16:26:42,023 INFO: Plan 0: ḡ=0.3, γE[v]=0.5, Q=0.9 (bayes)
2026-09-23 16:26:42,023 INFO: Plan 1: ḡ=0.3, γE[v]=0.5, Q=0.9 (bayes)
2026-09-23 16:26:42,023 INFO: Plan 2: ḡ=0.0, γE[v]=0.7, Q=0.7 (bayes)
2026-09-23 16:26:44,162 INFO: Plan 0: ḡ=0, γE[v]=0.0, Q=0.0 (fn)
2026-09-23 16:26:44,186 INFO: Plan 1: ḡ=0, γE[v]=0.0, Q=0.0 (fn)
2026-09-23 16:26:44,467 INFO: Plan 0: ḡ=0, γE[v]=0.0, Q=0.0 (fn)
2026-09-23 16:26:44,468 INFO: Plan 1: ḡ=0, γE[v]=0.0, Q=0.0 (fn)
2026-09-23 16:26:44,469 INFO: Plan 2: ḡ=0, γE[v]=0.0, Q=0.0 (fn)
2026-09-23 16:26:44,469 INFO: Plan 0: ḡ=0.0, γE[v]=0.0, Q=0.0 (bayes)
2026-09-23 16:26:44,469 INFO: Plan 1: ḡ=0.0, γE[v]=0.0, Q=0.0 (bayes)
2026-09-23 16:26:44,469 INFO: Plan 2: ḡ=0.0, γE[v]=0.0, Q=0.0 (bayes)
2026-09-23 16:26:44,853 INFO: Plan 1: ḡ=52, γE[v]=0.0, Q=52.0 (fn)
2026-09-23 16:26:44,855 INFO: Plan 0: ḡ=52, γE[v]=0.0, Q=52.0 (fn)
2026-09-23 16:26:44,881 INFO: Plan 2: ḡ=52, γE[v]=0.0, Q=52.0 (fn)
2026-09-23 16:26:44,881 INFO: Plan 0: ḡ=3.5, γE[v]=0.0, Q=3.5 (bayes)
2026-09-23 16:26:44,881 INFO: Plan 1: ḡ=3.5, γE[v]=0.0, Q=3.5 (bayes)
2026-09-23 16:26:44,881 INFO: Plan 2: ḡ=3.5, γE[v]=0.0, Q=3.5 (bayes)
2026-09-23 16:26:45,261 INFO: Plan 2: ḡ=0, γE[v]=0.0, Q=0.0 (fn)
2026-09-23 16:26:45,261 INFO: Plan 0: ḡ=0.0, γE[v]=0.0, Q=0.0 (bayes)
2026-09-23 16:26:45,262 INFO: Plan 1: ḡ=0.0, γE[v]=0.0, Q=0.0 (bayes)
2026-09-23 16:26:45,262 INFO: Plan 2: ḡ=0.0, γE[v]=0.0, Q=0.0 (bayes)
2026-09-23 16:26:46,839 INFO: Plan 2: ḡ=0, γE[v]=0.0, Q=0.0 (fn)
2026-09-23 16:26:46,840 INFO: Plan 1: ḡ=0, γE[v]=0.0, Q=0.0 (fn)
2026-09-23 16:26:46,868 INFO: Plan 0: ḡ=0, γE[v]=0.0, Q=0.0 (fn)
2026-09-23 16:26:46,869 INFO: Plan 1: ḡ=0, γE[v]=0.0, Q=0.0 (fn)
2026-09-23 16:26:46,870 INFO: Plan 2: ḡ=0, γE[v]=0.0, Q=0.0 (fn)
2026-09-23 16:26:46,871 INFO: Plan 0: ḡ=0.0, γE[v]=0.0, Q=0.0 (bayes)
2026-09-23 16:26:46,871 INFO: Plan 1: ḡ=0.0, γE[v]=0.0, Q=0.0 (bayes)
2026-09-23 16:26:46,871 INFO: Plan 2: ḡ=0.0, γE[v]=0.0, Q=0.0 (bayes)
2026-09-23 16:26:46,924 INFO: Plan 0: ḡ=2, γE[v]=0.0, Q=2.0 (fn)
2026-09-23 16:26:46,925 INFO: Plan 0: ḡ=0.1, γE[v]=0.0, Q=0.1 (bayes)
2026-09-23 16:26:46,925 INFO: Plan 1: ḡ=0.0, γE[v]=0.1, Q=0.1 (bayes)
2026-09-23 16:26:46,925 INFO: Plan 2: ḡ=0.0, γE[v]=0.1, Q=0.1 (bayes)
2026-09-23 16:26:50,222 INFO: Plan 2: ḡ=1, γE[v]=0.0, Q=1.0 (fn)
2026-09-23 16:26:50,223 INFO: Plan 0: ḡ=1, γE[v]=0.0, Q=1.0 (fn)
2026-09-23 16:26:50,224 INFO: Plan 1: ḡ=1, γE[v]=0.0, Q=1.0 (fn)
2026-09-23 16:26:50,224 INFO: Plan 0: ḡ=0.1, γE[v]=0.0, Q=0.1 (bayes)
2026-09-23 16:26:50,224 INFO: Plan 1: ḡ=0.1, γE[v]=0.0, Q=0.1 (bayes)
2026-09-23 16:26:50,224 INFO: Plan 2: ḡ=0.1, γE[v]=0.0, Q=0.1 (bayes)
2026-09-23 16:26:50,508 INFO: Plan 2: ḡ=0, γE[v]=0.0, Q=0.0 (fn)
2026-09-23 16:26:50,509 INFO: Plan 0: ḡ=0, γE[v]=0.0, Q=0.0 (fn)
2026-09-23 16:26:50,510 INFO: Plan 1: ḡ=0, γE[v]=0.0, Q=0.0 (fn)
2026-09-23 16:26:50,511 INFO: Plan 0: ḡ=0.0, γE[v]=0.0, Q=0.0 (bayes)
2026-09-23 16:26:50,511 INFO: Plan 1: ḡ=0.0, γE[v]=0.0, Q=0.0 (bayes)
2026-09-23 16:26:50,511 INFO: Plan 2: ḡ=0.0, γE[v]=0.0, Q=0.0 (bayes)
2026-09-23 16:26:50,753 INFO: Plan 2: ḡ=0, γE[v]=0.0, Q=0.0 (fn)
2026-09-23 16:26:50,810 INFO: Plan 0: ḡ=1, γE[v]=0.0, Q=1.0 (fn)
2026-09-23 16:26:50,811 INFO: Plan 1: ḡ=1, γE[v]=0.0, Q=1.0 (fn)
2026-09-23 16:26:50,811 INFO: Plan 0: ḡ=0.2, γE[v]=0.1, Q=0.2 (bayes)
2026-09-23 16:26:50,812 INFO: Plan 1: ḡ=0.2, γE[v]=0.1, Q=0.2 (bayes)
2026-09-23 16:26:50,812 INFO: Plan 2: ḡ=0.0, γE[v]=0.2, Q=0.2 (bayes)
2026-09-23 16:26:53,001 INFO: Plan 2: ḡ=0, γE[v]=0.0, Q=0.0 (fn)
2026-09-23 16:26:53,364 INFO: Plan 1: ḡ=0, γE[v]=0.0, Q=0.0 (fn)
2026-09-23 16:26:53,365 INFO: Plan 0: ḡ=0, γE[v]=0.0, Q=0.0 (fn)
2026-09-23 16:26:53,366 INFO: Plan 0: ḡ=0.0, γE[v]=0.0, Q=0.0 (bayes)
2026-09-23 16:26:53,366 INFO: Plan 1: ḡ=0.0, γE[v]=0.0, Q=0.0 (bayes)
2026-09-23 16:26:53,366 INFO: Plan 2: ḡ=0.0, γE[v]=0.0, Q=0.0 (bayes)
  [77/93] starlette.routing seed=42: {'cov_qvalue_tgt_fnt_bayes': 87}
2026-09-23 16:26:55,588 INFO: Plan 2: ḡ=0, γE[v]=0.0, Q=0.0 (fn)
2026-09-23 16:26:55,589 INFO: Plan 1: ḡ=0, γE[v]=0.0, Q=0.0 (fn)
2026-09-23 16:26:55,672 INFO: Plan 0: ḡ=0, γE[v]=0.0, Q=0.0 (fn)
2026-09-23 16:26:55,672 INFO: Plan 0: ḡ=0.0, γE[v]=0.0, Q=0.0 (bayes)
2026-09-23 16:26:55,672 INFO: Plan 1: ḡ=0.0, γE[v]=0.0, Q=0.0 (bayes)
2026-09-23 16:26:55,672 INFO: Plan 2: ḡ=0.0, γE[v]=0.0, Q=0.0 (bayes)
2026-09-23 16:26:56,257 INFO: Plan 0: ḡ=0, γE[v]=0.0, Q=0.0 (fn)
  [78/93] pydantic.fields seed=42: {'cov_qvalue_tgt_fnt_bayes': 133}
2026-09-23 16:26:56,898 INFO: Plan 2: ḡ=0, γE[v]=0.0, Q=0.0 (fn)
2026-09-23 16:26:56,927 INFO: Plan 2: ḡ=0, γE[v]=0.0, Q=0.0 (fn)
2026-09-23 16:26:56,928 INFO: Plan 1: ḡ=0, γE[v]=0.0, Q=0.0 (fn)
2026-09-23 16:26:56,928 INFO: Plan 0: ḡ=0, γE[v]=0.0, Q=0.0 (fn)
2026-09-23 16:26:56,929 INFO: Plan 0: ḡ=0.0, γE[v]=0.0, Q=0.0 (bayes)
2026-09-23 16:26:56,929 INFO: Plan 1: ḡ=0.0, γE[v]=0.0, Q=0.0 (bayes)
2026-09-23 16:26:56,929 INFO: Plan 2: ḡ=0.0, γE[v]=0.0, Q=0.0 (bayes)
2026-09-23 16:26:57,087 INFO: Plan 1: ḡ=0, γE[v]=0.0, Q=0.0 (fn)
2026-09-23 16:26:57,087 INFO: Plan 0: ḡ=0.0, γE[v]=0.0, Q=0.0 (bayes)
2026-09-23 16:26:57,087 INFO: Plan 1: ḡ=0.0, γE[v]=0.0, Q=0.0 (bayes)
2026-09-23 16:26:57,087 INFO: Plan 2: ḡ=0.0, γE[v]=0.0, Q=0.0 (bayes)
  [79/93] werkzeug.wrappers.request seed=42: {'cov_qvalue_tgt_fnt_bayes': 67}
  [80/93] starlette.staticfiles seed=42: {'cov_qvalue_tgt_fnt_bayes': 50}
2026-09-23 16:27:00,666 INFO: Plan 1: ḡ=0, γE[v]=0.0, Q=0.0 (fn)
2026-09-23 16:27:00,667 INFO: Plan 0: ḡ=0, γE[v]=0.0, Q=0.0 (fn)
2026-09-23 16:27:00,713 INFO: Plan 2: ḡ=0, γE[v]=0.0, Q=0.0 (fn)
2026-09-23 16:27:00,714 INFO: Plan 0: ḡ=0.0, γE[v]=0.0, Q=0.0 (bayes)
2026-09-23 16:27:00,714 INFO: Plan 1: ḡ=0.0, γE[v]=0.0, Q=0.0 (bayes)
2026-09-23 16:27:00,714 INFO: Plan 2: ḡ=0.0, γE[v]=0.0, Q=0.0 (bayes)
2026-09-23 16:27:01,960 INFO: Plan 0: ḡ=0, γE[v]=0.0, Q=0.0 (fn)
2026-09-23 16:27:01,960 INFO: Plan 2: ḡ=0, γE[v]=0.0, Q=0.0 (fn)
2026-09-23 16:27:01,961 INFO: Plan 1: ḡ=0, γE[v]=0.0, Q=0.0 (fn)
2026-09-23 16:27:01,962 INFO: Plan 0: ḡ=0.0, γE[v]=0.0, Q=0.0 (bayes)
2026-09-23 16:27:01,962 INFO: Plan 1: ḡ=0.0, γE[v]=0.0, Q=0.0 (bayes)
2026-09-23 16:27:01,962 INFO: Plan 2: ḡ=0.0, γE[v]=0.0, Q=0.0 (bayes)
2026-09-23 16:27:02,150 INFO: Plan 2: ḡ=0, γE[v]=0.0, Q=0.0 (fn)
2026-09-23 16:27:02,152 INFO: Plan 1: ḡ=0, γE[v]=0.0, Q=0.0 (fn)
2026-09-23 16:27:02,152 INFO: Plan 0: ḡ=0, γE[v]=0.0, Q=0.0 (fn)
2026-09-23 16:27:02,153 INFO: Plan 0: ḡ=0.0, γE[v]=0.0, Q=0.0 (bayes)
2026-09-23 16:27:02,153 INFO: Plan 1: ḡ=0.0, γE[v]=0.0, Q=0.0 (bayes)
2026-09-23 16:27:02,153 INFO: Plan 2: ḡ=0.0, γE[v]=0.0, Q=0.0 (bayes)
  [81/93] werkzeug.sansio.response seed=42: {'cov_qvalue_tgt_fnt_bayes': 75}
2026-09-23 16:27:02,914 INFO: Plan 0: ḡ=0, γE[v]=0.0, Q=0.0 (fn)
2026-09-23 16:27:02,915 INFO: Plan 1: ḡ=0, γE[v]=0.0, Q=0.0 (fn)
2026-09-23 16:27:02,916 INFO: Plan 2: ḡ=0, γE[v]=0.0, Q=0.0 (fn)
2026-09-23 16:27:02,916 INFO: Plan 0: ḡ=0.0, γE[v]=0.0, Q=0.0 (bayes)
2026-09-23 16:27:02,916 INFO: Plan 1: ḡ=0.0, γE[v]=0.0, Q=0.0 (bayes)
2026-09-23 16:27:02,916 INFO: Plan 2: ḡ=0.0, γE[v]=0.0, Q=0.0 (bayes)
2026-09-23 16:27:03,868 INFO: Plan 0: ḡ=1, γE[v]=0.0, Q=1.0 (fn)
2026-09-23 16:27:03,870 INFO: Plan 2: ḡ=0, γE[v]=0.0, Q=0.0 (fn)
2026-09-23 16:27:03,871 INFO: Plan 2: ḡ=1, γE[v]=0.0, Q=1.0 (fn)
2026-09-23 16:27:03,871 INFO: Plan 1: ḡ=1, γE[v]=0.0, Q=1.0 (fn)
2026-09-23 16:27:03,872 INFO: Plan 0: ḡ=0.1, γE[v]=0.0, Q=0.1 (bayes)
2026-09-23 16:27:03,872 INFO: Plan 1: ḡ=0.1, γE[v]=0.0, Q=0.1 (bayes)
2026-09-23 16:27:03,872 INFO: Plan 2: ḡ=0.1, γE[v]=0.0, Q=0.1 (bayes)
2026-09-23 16:27:04,196 INFO: Plan 1: ḡ=0, γE[v]=0.0, Q=0.0 (fn)
2026-09-23 16:27:04,197 INFO: Plan 0: ḡ=0, γE[v]=0.0, Q=0.0 (fn)
2026-09-23 16:27:04,198 INFO: Plan 0: ḡ=0.0, γE[v]=0.0, Q=0.0 (bayes)
2026-09-23 16:27:04,198 INFO: Plan 1: ḡ=0.0, γE[v]=0.0, Q=0.0 (bayes)
2026-09-23 16:27:04,198 INFO: Plan 2: ḡ=0.0, γE[v]=0.0, Q=0.0 (bayes)
2026-09-23 16:27:04,374 INFO: Plan 1: ḡ=47, γE[v]=0.0, Q=47.0 (fn)
2026-09-23 16:27:05,431 INFO: Plan 0: ḡ=13, γE[v]=19.5, Q=32.5 (fn)
2026-09-23 16:27:05,597 INFO: Plan 1: ḡ=15, γE[v]=0.0, Q=15.0 (fn)
2026-09-23 16:27:05,598 INFO: Plan 0: ḡ=1, γE[v]=0.0, Q=1.0 (fn)
2026-09-23 16:27:05,966 INFO: Plan 2: ḡ=15, γE[v]=0.5, Q=15.5 (fn)
2026-09-23 16:27:05,967 INFO: Plan 0: ḡ=0.3, γE[v]=0.4, Q=0.7 (bayes)
2026-09-23 16:27:05,967 INFO: Plan 1: ḡ=0.7, γE[v]=0.2, Q=0.9 (bayes)
2026-09-23 16:27:05,967 INFO: Plan 2: ḡ=0.7, γE[v]=0.2, Q=0.9 (bayes)
2026-09-23 16:27:06,286 INFO: Plan 2: ḡ=171, γE[v]=0.0, Q=171.0 (fn)
2026-09-23 16:27:06,286 INFO: Plan 0: ḡ=1.6, γE[v]=11.5, Q=13.1 (bayes)
2026-09-23 16:27:06,286 INFO: Plan 1: ḡ=4.6, γE[v]=8.4, Q=13.0 (bayes)
2026-09-23 16:27:06,286 INFO: Plan 2: ḡ=20.1, γE[v]=0.6, Q=20.8 (bayes)
2026-09-23 16:27:07,590 INFO: Plan 2: ḡ=0, γE[v]=0.0, Q=0.0 (fn)
2026-09-23 16:27:07,613 INFO: Plan 1: ḡ=0, γE[v]=0.0, Q=0.0 (fn)
2026-09-23 16:27:07,614 INFO: Plan 0: ḡ=0, γE[v]=0.0, Q=0.0 (fn)
2026-09-23 16:27:07,615 INFO: Plan 0: ḡ=0.0, γE[v]=0.0, Q=0.0 (bayes)
2026-09-23 16:27:07,615 INFO: Plan 1: ḡ=0.0, γE[v]=0.0, Q=0.0 (bayes)
2026-09-23 16:27:07,615 INFO: Plan 2: ḡ=0.0, γE[v]=0.0, Q=0.0 (bayes)
  [82/93] pydantic.type_adapter seed=42: {'cov_qvalue_tgt_fnt_bayes': 16}
2026-09-23 16:27:08,552 INFO: Plan 2: ḡ=0, γE[v]=0.0, Q=0.0 (fn)
2026-09-23 16:27:08,575 INFO: Plan 1: ḡ=0, γE[v]=0.0, Q=0.0 (fn)
2026-09-23 16:27:08,643 INFO: Plan 0: ḡ=2, γE[v]=0.0, Q=2.0 (fn)
2026-09-23 16:27:08,644 INFO: Plan 0: ḡ=0.1, γE[v]=0.0, Q=0.1 (bayes)
2026-09-23 16:27:08,644 INFO: Plan 1: ḡ=0.0, γE[v]=0.0, Q=0.1 (bayes)
2026-09-23 16:27:08,644 INFO: Plan 2: ḡ=0.0, γE[v]=0.0, Q=0.1 (bayes)
2026-09-23 16:27:09,530 INFO: Plan 2: ḡ=0, γE[v]=0.0, Q=0.0 (fn)
2026-09-23 16:27:09,580 INFO: Plan 1: ḡ=1, γE[v]=0.0, Q=1.0 (fn)
2026-09-23 16:27:09,581 INFO: Plan 0: ḡ=1, γE[v]=0.0, Q=1.0 (fn)
2026-09-23 16:27:09,581 INFO: Plan 0: ḡ=0.2, γE[v]=0.1, Q=0.2 (bayes)
2026-09-23 16:27:09,581 INFO: Plan 1: ḡ=0.1, γE[v]=0.1, Q=0.2 (bayes)
2026-09-23 16:27:09,581 INFO: Plan 2: ḡ=0.0, γE[v]=0.2, Q=0.1 (bayes)
2026-09-23 16:27:10,538 INFO: Plan 1: ḡ=0, γE[v]=0.0, Q=0.0 (fn)
2026-09-23 16:27:10,564 INFO: Plan 0: ḡ=0, γE[v]=0.0, Q=0.0 (fn)
2026-09-23 16:27:10,564 INFO: Plan 2: ḡ=0, γE[v]=0.0, Q=0.0 (fn)
2026-09-23 16:27:10,565 INFO: Plan 0: ḡ=0.0, γE[v]=0.0, Q=0.0 (bayes)
2026-09-23 16:27:10,565 INFO: Plan 1: ḡ=0.0, γE[v]=0.0, Q=0.0 (bayes)
2026-09-23 16:27:10,565 INFO: Plan 2: ḡ=0.0, γE[v]=0.0, Q=0.0 (bayes)
2026-09-23 16:27:15,695 INFO: Plan 2: ḡ=0, γE[v]=0.0, Q=0.0 (fn)
2026-09-23 16:27:15,696 INFO: Plan 0: ḡ=0, γE[v]=0.0, Q=0.0 (fn)
2026-09-23 16:27:15,697 INFO: Plan 1: ḡ=0, γE[v]=0.0, Q=0.0 (fn)
2026-09-23 16:27:15,698 INFO: Plan 0: ḡ=0.0, γE[v]=0.0, Q=0.0 (bayes)
2026-09-23 16:27:15,699 INFO: Plan 1: ḡ=0.0, γE[v]=0.0, Q=0.0 (bayes)
2026-09-23 16:27:15,699 INFO: Plan 2: ḡ=0.0, γE[v]=0.0, Q=0.0 (bayes)
2026-09-23 16:27:17,160 INFO: Plan 2: ḡ=0, γE[v]=0.0, Q=0.0 (fn)
2026-09-23 16:27:17,161 INFO: Plan 0: ḡ=0, γE[v]=0.0, Q=0.0 (fn)
2026-09-23 16:27:17,162 INFO: Plan 1: ḡ=0, γE[v]=0.0, Q=0.0 (fn)
2026-09-23 16:27:17,162 INFO: Plan 0: ḡ=0.0, γE[v]=0.0, Q=0.0 (bayes)
2026-09-23 16:27:17,163 INFO: Plan 1: ḡ=0.0, γE[v]=0.0, Q=0.0 (bayes)
2026-09-23 16:27:17,163 INFO: Plan 2: ḡ=0.0, γE[v]=0.0, Q=0.0 (bayes)
2026-09-23 16:27:20,622 INFO: Plan 0: ḡ=0, γE[v]=0.0, Q=0.0 (fn)
2026-09-23 16:27:20,623 INFO: Plan 1: ḡ=0, γE[v]=0.0, Q=0.0 (fn)
2026-09-23 16:27:20,623 INFO: Plan 2: ḡ=0, γE[v]=0.0, Q=0.0 (fn)
2026-09-23 16:27:20,624 INFO: Plan 0: ḡ=0.0, γE[v]=0.0, Q=0.0 (bayes)
2026-09-23 16:27:20,624 INFO: Plan 1: ḡ=0.0, γE[v]=0.0, Q=0.0 (bayes)
2026-09-23 16:27:20,624 INFO: Plan 2: ḡ=0.0, γE[v]=0.0, Q=0.0 (bayes)
2026-09-23 16:27:21,670 INFO: Plan 2: ḡ=0, γE[v]=0.0, Q=0.0 (fn)
2026-09-23 16:27:21,671 INFO: Plan 1: ḡ=0, γE[v]=0.0, Q=0.0 (fn)
2026-09-23 16:27:21,737 INFO: Plan 0: ḡ=2, γE[v]=0.0, Q=2.0 (fn)
2026-09-23 16:27:21,737 INFO: Plan 0: ḡ=0.1, γE[v]=0.0, Q=0.1 (bayes)
2026-09-23 16:27:21,737 INFO: Plan 1: ḡ=0.0, γE[v]=0.0, Q=0.1 (bayes)
2026-09-23 16:27:21,737 INFO: Plan 2: ḡ=0.0, γE[v]=0.0, Q=0.1 (bayes)
2026-09-23 16:27:22,548 INFO: Plan 2: ḡ=47, γE[v]=0.0, Q=47.0 (fn)
2026-09-23 16:27:22,549 INFO: Plan 1: ḡ=47, γE[v]=0.0, Q=47.0 (fn)
2026-09-23 16:27:23,338 INFO: Plan 1: ḡ=1, γE[v]=0.0, Q=1.0 (fn)
2026-09-23 16:27:23,339 INFO: Plan 0: ḡ=1, γE[v]=0.0, Q=1.0 (fn)
2026-09-23 16:27:23,340 INFO: Plan 2: ḡ=1, γE[v]=0.0, Q=1.0 (fn)
2026-09-23 16:27:23,340 INFO: Plan 0: ḡ=0.1, γE[v]=0.0, Q=0.1 (bayes)
2026-09-23 16:27:23,340 INFO: Plan 1: ḡ=0.1, γE[v]=0.0, Q=0.1 (bayes)
2026-09-23 16:27:23,340 INFO: Plan 2: ḡ=0.1, γE[v]=0.0, Q=0.1 (bayes)
2026-09-23 16:27:23,539 INFO: Plan 0: ḡ=13, γE[v]=19.5, Q=32.5 (fn)
2026-09-23 16:27:23,540 INFO: Plan 0: ḡ=1.6, γE[v]=10.4, Q=12.0 (bayes)
2026-09-23 16:27:23,540 INFO: Plan 1: ḡ=4.3, γE[v]=7.5, Q=11.8 (bayes)
2026-09-23 16:27:23,540 INFO: Plan 2: ḡ=4.3, γE[v]=7.5, Q=11.8 (bayes)
2026-09-23 16:27:25,331 INFO: Plan 2: ḡ=0, γE[v]=0.0, Q=0.0 (fn)
2026-09-23 16:27:25,978 INFO: Plan 1: ḡ=0, γE[v]=0.0, Q=0.0 (fn)
2026-09-23 16:27:26,183 INFO: Plan 0: ḡ=0, γE[v]=0.0, Q=0.0 (fn)
2026-09-23 16:27:26,184 INFO: Plan 0: ḡ=0.0, γE[v]=0.0, Q=0.0 (bayes)
2026-09-23 16:27:26,184 INFO: Plan 1: ḡ=0.0, γE[v]=0.0, Q=0.0 (bayes)
2026-09-23 16:27:26,184 INFO: Plan 2: ḡ=0.0, γE[v]=0.0, Q=0.0 (bayes)
2026-09-23 16:27:26,744 INFO: Plan 2: ḡ=0, γE[v]=0.0, Q=0.0 (fn)
2026-09-23 16:27:26,768 INFO: Plan 0: ḡ=1, γE[v]=0.0, Q=1.0 (fn)
2026-09-23 16:27:26,791 INFO: Plan 1: ḡ=1, γE[v]=0.0, Q=1.0 (fn)
2026-09-23 16:27:26,791 INFO: Plan 0: ḡ=0.1, γE[v]=0.1, Q=0.2 (bayes)
2026-09-23 16:27:26,791 INFO: Plan 1: ḡ=0.1, γE[v]=0.1, Q=0.2 (bayes)
2026-09-23 16:27:26,791 INFO: Plan 2: ḡ=0.0, γE[v]=0.1, Q=0.1 (bayes)
2026-09-23 16:27:28,000 INFO: Plan 1: ḡ=0, γE[v]=0.0, Q=0.0 (fn)
2026-09-23 16:27:28,001 INFO: Plan 2: ḡ=0, γE[v]=0.0, Q=0.0 (fn)
2026-09-23 16:27:28,144 INFO: Plan 0: ḡ=0, γE[v]=0.0, Q=0.0 (fn)
2026-09-23 16:27:28,144 INFO: Plan 0: ḡ=0.0, γE[v]=0.0, Q=0.0 (bayes)
2026-09-23 16:27:28,144 INFO: Plan 1: ḡ=0.0, γE[v]=0.0, Q=0.0 (bayes)
2026-09-23 16:27:28,144 INFO: Plan 2: ḡ=0.0, γE[v]=0.0, Q=0.0 (bayes)
  [83/93] pydantic.config seed=42: {'cov_qvalue_tgt_fnt_bayes': 1}
2026-09-23 16:27:31,136 INFO: Plan 1: ḡ=0, γE[v]=0.0, Q=0.0 (fn)
2026-09-23 16:27:31,136 INFO: Plan 1: ḡ=0, γE[v]=0.0, Q=0.0 (fn)
2026-09-23 16:27:31,137 INFO: Plan 2: ḡ=0, γE[v]=0.0, Q=0.0 (fn)
2026-09-23 16:27:31,138 INFO: Plan 0: ḡ=0, γE[v]=0.0, Q=0.0 (fn)
2026-09-23 16:27:31,139 INFO: Plan 0: ḡ=0, γE[v]=0.0, Q=0.0 (fn)
2026-09-23 16:27:31,140 INFO: Plan 2: ḡ=0, γE[v]=0.0, Q=0.0 (fn)
2026-09-23 16:27:31,140 INFO: Plan 0: ḡ=0.0, γE[v]=0.0, Q=0.0 (bayes)
2026-09-23 16:27:31,141 INFO: Plan 1: ḡ=0.0, γE[v]=0.0, Q=0.0 (bayes)
2026-09-23 16:27:31,141 INFO: Plan 2: ḡ=0.0, γE[v]=0.0, Q=0.0 (bayes)
2026-09-23 16:27:31,141 INFO: Plan 0: ḡ=0.0, γE[v]=0.0, Q=0.0 (bayes)
2026-09-23 16:27:31,141 INFO: Plan 1: ḡ=0.0, γE[v]=0.0, Q=0.0 (bayes)
2026-09-23 16:27:31,141 INFO: Plan 2: ḡ=0.0, γE[v]=0.0, Q=0.0 (bayes)
  [84/93] starlette.applications seed=42: {'cov_qvalue_tgt_fnt_bayes': 7}
2026-09-23 16:27:34,548 INFO: Plan 1: ḡ=0, γE[v]=0.0, Q=0.0 (fn)
2026-09-23 16:27:34,549 INFO: Plan 2: ḡ=0, γE[v]=0.0, Q=0.0 (fn)
2026-09-23 16:27:34,614 INFO: Plan 0: ḡ=2, γE[v]=0.0, Q=2.0 (fn)
2026-09-23 16:27:34,615 INFO: Plan 0: ḡ=0.1, γE[v]=0.0, Q=0.1 (bayes)
2026-09-23 16:27:34,615 INFO: Plan 1: ḡ=0.0, γE[v]=0.0, Q=0.0 (bayes)
2026-09-23 16:27:34,615 INFO: Plan 2: ḡ=0.0, γE[v]=0.0, Q=0.0 (bayes)
  [85/93] httpx._transports.default seed=42: {'cov_qvalue_tgt_fnt_bayes': 24}
2026-09-23 16:27:38,426 INFO: Plan 0: ḡ=0, γE[v]=0.0, Q=0.0 (fn)
2026-09-23 16:27:38,447 INFO: Plan 1: ḡ=0, γE[v]=0.0, Q=0.0 (fn)
2026-09-23 16:27:38,448 INFO: Plan 2: ḡ=0, γE[v]=0.0, Q=0.0 (fn)
2026-09-23 16:27:38,449 INFO: Plan 0: ḡ=0.0, γE[v]=0.0, Q=0.0 (bayes)
2026-09-23 16:27:38,449 INFO: Plan 1: ḡ=0.0, γE[v]=0.0, Q=0.0 (bayes)
2026-09-23 16:27:38,449 INFO: Plan 2: ḡ=0.0, γE[v]=0.0, Q=0.0 (bayes)
2026-09-23 16:27:42,922 INFO: Plan 2: ḡ=0, γE[v]=0.0, Q=0.0 (fn)
2026-09-23 16:27:42,923 INFO: Plan 1: ḡ=0, γE[v]=0.0, Q=0.0 (fn)
2026-09-23 16:27:42,923 INFO: Plan 0: ḡ=0, γE[v]=0.0, Q=0.0 (fn)
2026-09-23 16:27:42,924 INFO: Plan 0: ḡ=0.0, γE[v]=0.0, Q=0.0 (bayes)
2026-09-23 16:27:42,924 INFO: Plan 1: ḡ=0.0, γE[v]=0.0, Q=0.0 (bayes)
2026-09-23 16:27:42,924 INFO: Plan 2: ḡ=0.0, γE[v]=0.0, Q=0.0 (bayes)
  [86/93] starlette.responses seed=42: {'cov_qvalue_tgt_fnt_bayes': 48}
2026-09-23 16:27:44,557 INFO: Plan 2: ḡ=0, γE[v]=0.0, Q=0.0 (fn)
2026-09-23 16:27:44,599 INFO: Plan 0: ḡ=1, γE[v]=0.0, Q=1.0 (fn)
2026-09-23 16:27:44,600 INFO: Plan 1: ḡ=1, γE[v]=0.0, Q=1.0 (fn)
2026-09-23 16:27:44,601 INFO: Plan 0: ḡ=0.1, γE[v]=0.1, Q=0.2 (bayes)
2026-09-23 16:27:44,601 INFO: Plan 1: ḡ=0.1, γE[v]=0.1, Q=0.2 (bayes)
2026-09-23 16:27:44,601 INFO: Plan 2: ḡ=0.0, γE[v]=0.1, Q=0.1 (bayes)
2026-09-23 16:27:44,865 INFO: Plan 0: ḡ=13, γE[v]=19.5, Q=32.5 (fn)
2026-09-23 16:27:46,512 INFO: Plan 1: ḡ=181, γE[v]=0.0, Q=181.0 (fn)
2026-09-23 16:27:46,532 INFO: Plan 2: ḡ=181, γE[v]=0.0, Q=181.0 (fn)
2026-09-23 16:27:46,533 INFO: Plan 0: ḡ=1.4, γE[v]=10.3, Q=11.7 (bayes)
2026-09-23 16:27:46,533 INFO: Plan 1: ḡ=18.8, γE[v]=0.0, Q=18.8 (bayes)
2026-09-23 16:27:46,533 INFO: Plan 2: ḡ=18.8, γE[v]=0.0, Q=18.8 (bayes)
2026-09-23 16:27:47,255 INFO: Plan 2: ḡ=0, γE[v]=0.0, Q=0.0 (fn)
2026-09-23 16:27:47,416 INFO: Plan 0: ḡ=0, γE[v]=0.0, Q=0.0 (fn)
2026-09-23 16:27:47,417 INFO: Plan 1: ḡ=0, γE[v]=0.0, Q=0.0 (fn)
2026-09-23 16:27:47,418 INFO: Plan 0: ḡ=0.0, γE[v]=0.0, Q=0.0 (bayes)
2026-09-23 16:27:47,418 INFO: Plan 1: ḡ=0.0, γE[v]=0.0, Q=0.0 (bayes)
2026-09-23 16:27:47,418 INFO: Plan 2: ḡ=0.0, γE[v]=0.0, Q=0.0 (bayes)
2026-09-23 16:27:47,641 INFO: Plan 1: ḡ=0, γE[v]=0.0, Q=0.0 (fn)
2026-09-23 16:27:47,702 INFO: Plan 0: ḡ=1, γE[v]=0.0, Q=1.0 (fn)
2026-09-23 16:27:47,723 INFO: Plan 2: ḡ=1, γE[v]=0.0, Q=1.0 (fn)
2026-09-23 16:27:47,723 INFO: Plan 0: ḡ=0.1, γE[v]=0.0, Q=0.1 (bayes)
2026-09-23 16:27:47,723 INFO: Plan 1: ḡ=0.0, γE[v]=0.0, Q=0.0 (bayes)
2026-09-23 16:27:47,723 INFO: Plan 2: ḡ=0.1, γE[v]=0.0, Q=0.1 (bayes)
  [87/93] httpx._auth seed=42: {'cov_qvalue_tgt_fnt_bayes': 85}
2026-09-23 16:27:50,084 INFO: Plan 2: ḡ=0, γE[v]=0.0, Q=0.0 (fn)
2026-09-23 16:27:50,085 INFO: Plan 1: ḡ=0, γE[v]=0.0, Q=0.0 (fn)
2026-09-23 16:27:51,002 INFO: Plan 0: ḡ=0, γE[v]=0.0, Q=0.0 (fn)
2026-09-23 16:27:51,003 INFO: Plan 0: ḡ=0.0, γE[v]=0.0, Q=0.0 (bayes)
2026-09-23 16:27:51,003 INFO: Plan 1: ḡ=0.0, γE[v]=0.0, Q=0.0 (bayes)
2026-09-23 16:27:51,003 INFO: Plan 2: ḡ=0.0, γE[v]=0.0, Q=0.0 (bayes)
2026-09-23 16:27:57,408 INFO: Plan 2: ḡ=0, γE[v]=0.0, Q=0.0 (fn)
2026-09-23 16:27:57,450 INFO: Plan 1: ḡ=1, γE[v]=0.0, Q=1.0 (fn)
2026-09-23 16:27:57,451 INFO: Plan 0: ḡ=1, γE[v]=0.0, Q=1.0 (fn)
2026-09-23 16:27:57,451 INFO: Plan 0: ḡ=0.1, γE[v]=0.1, Q=0.2 (bayes)
2026-09-23 16:27:57,451 INFO: Plan 1: ḡ=0.1, γE[v]=0.1, Q=0.2 (bayes)
2026-09-23 16:27:57,451 INFO: Plan 2: ḡ=0.0, γE[v]=0.1, Q=0.1 (bayes)
2026-09-23 16:27:59,272 INFO: Plan 2: ḡ=0, γE[v]=0.0, Q=0.0 (fn)
2026-09-23 16:27:59,519 INFO: Plan 0: ḡ=0, γE[v]=0.0, Q=0.0 (fn)
2026-09-23 16:27:59,600 INFO: Plan 1: ḡ=0, γE[v]=0.0, Q=0.0 (fn)
2026-09-23 16:27:59,601 INFO: Plan 0: ḡ=0.0, γE[v]=0.0, Q=0.0 (bayes)
2026-09-23 16:27:59,601 INFO: Plan 1: ḡ=0.0, γE[v]=0.0, Q=0.0 (bayes)
2026-09-23 16:27:59,601 INFO: Plan 2: ḡ=0.0, γE[v]=0.0, Q=0.0 (bayes)
  [88/93] starlette.testclient seed=42: {'cov_qvalue_tgt_fnt_bayes': 59}
2026-09-23 16:28:01,334 INFO: Plan 2: ḡ=0, γE[v]=0.0, Q=0.0 (fn)
2026-09-23 16:28:01,335 INFO: Plan 1: ḡ=0, γE[v]=0.0, Q=0.0 (fn)
2026-09-23 16:28:01,336 INFO: Plan 0: ḡ=0, γE[v]=0.0, Q=0.0 (fn)
2026-09-23 16:28:01,336 INFO: Plan 0: ḡ=0.0, γE[v]=0.0, Q=0.0 (bayes)
2026-09-23 16:28:01,336 INFO: Plan 1: ḡ=0.0, γE[v]=0.0, Q=0.0 (bayes)
2026-09-23 16:28:01,337 INFO: Plan 2: ḡ=0.0, γE[v]=0.0, Q=0.0 (bayes)
  [89/93] starlette.middleware.errors seed=42: {'cov_qvalue_tgt_fnt_bayes': 45}
2026-09-23 16:28:04,807 INFO: Plan 1: ḡ=0, γE[v]=0.0, Q=0.0 (fn)
2026-09-23 16:28:05,209 INFO: Plan 2: ḡ=0, γE[v]=0.0, Q=0.0 (fn)
2026-09-23 16:28:05,735 INFO: Plan 0: ḡ=0, γE[v]=0.0, Q=0.0 (fn)
2026-09-23 16:28:05,736 INFO: Plan 0: ḡ=0.0, γE[v]=0.0, Q=0.0 (bayes)
2026-09-23 16:28:05,736 INFO: Plan 1: ḡ=0.0, γE[v]=0.0, Q=0.0 (bayes)
2026-09-23 16:28:05,736 INFO: Plan 2: ḡ=0.0, γE[v]=0.0, Q=0.0 (bayes)
  [90/93] starlette.templating seed=42: {'cov_qvalue_tgt_fnt_bayes': 26}
2026-09-23 16:28:06,686 INFO: Plan 2: ḡ=1, γE[v]=0.0, Q=1.0 (fn)
2026-09-23 16:28:06,705 INFO: Plan 0: ḡ=1, γE[v]=0.0, Q=1.0 (fn)
2026-09-23 16:28:06,706 INFO: Plan 1: ḡ=1, γE[v]=0.0, Q=1.0 (fn)
2026-09-23 16:28:06,706 INFO: Plan 0: ḡ=0.1, γE[v]=0.0, Q=0.1 (bayes)
2026-09-23 16:28:06,706 INFO: Plan 1: ḡ=0.1, γE[v]=0.0, Q=0.1 (bayes)
2026-09-23 16:28:06,706 INFO: Plan 2: ḡ=0.1, γE[v]=0.0, Q=0.1 (bayes)
2026-09-23 16:28:09,655 INFO: Plan 2: ḡ=0, γE[v]=0.0, Q=0.0 (fn)
2026-09-23 16:28:09,693 INFO: Plan 0: ḡ=1, γE[v]=0.0, Q=1.0 (fn)
2026-09-23 16:28:09,711 INFO: Plan 1: ḡ=1, γE[v]=0.0, Q=1.0 (fn)
2026-09-23 16:28:09,712 INFO: Plan 0: ḡ=0.1, γE[v]=0.1, Q=0.2 (bayes)
2026-09-23 16:28:09,712 INFO: Plan 1: ḡ=0.1, γE[v]=0.1, Q=0.2 (bayes)
2026-09-23 16:28:09,712 INFO: Plan 2: ḡ=0.0, γE[v]=0.1, Q=0.1 (bayes)
  [91/93] starlette.requests seed=42: {'cov_qvalue_tgt_fnt_bayes': 69}
2026-09-23 16:28:13,137 INFO: Plan 0: ḡ=13, γE[v]=19.5, Q=32.5 (fn)
2026-09-23 16:28:14,491 INFO: Plan 2: ḡ=181, γE[v]=0.0, Q=181.0 (fn)
2026-09-23 16:28:14,686 INFO: Plan 1: ḡ=180, γE[v]=0.5, Q=180.5 (fn)
2026-09-23 16:28:14,686 INFO: Plan 0: ḡ=1.3, γE[v]=9.5, Q=10.8 (bayes)
2026-09-23 16:28:14,686 INFO: Plan 1: ḡ=16.9, γE[v]=0.1, Q=17.0 (bayes)
2026-09-23 16:28:14,686 INFO: Plan 2: ḡ=17.0, γE[v]=0.0, Q=17.0 (bayes)
  [92/93] starlette.formparsers seed=42: {'cov_qvalue_tgt_fnt_bayes': 2}
2026-09-23 16:28:17,234 INFO: Plan 0: ḡ=1, γE[v]=0.0, Q=1.0 (fn)
2026-09-23 16:28:17,251 INFO: Plan 1: ḡ=1, γE[v]=0.0, Q=1.0 (fn)
2026-09-23 16:28:17,268 INFO: Plan 2: ḡ=1, γE[v]=0.0, Q=1.0 (fn)
2026-09-23 16:28:17,269 INFO: Plan 0: ḡ=0.1, γE[v]=0.0, Q=0.1 (bayes)
2026-09-23 16:28:17,269 INFO: Plan 1: ḡ=0.1, γE[v]=0.0, Q=0.1 (bayes)
2026-09-23 16:28:17,269 INFO: Plan 2: ḡ=0.1, γE[v]=0.0, Q=0.1 (bayes)
2026-09-23 16:28:27,172 INFO: Plan 0: ḡ=1, γE[v]=0.0, Q=1.0 (fn)
2026-09-23 16:28:27,173 INFO: Plan 1: ḡ=1, γE[v]=0.0, Q=1.0 (fn)
2026-09-23 16:28:27,188 INFO: Plan 2: ḡ=1, γE[v]=0.0, Q=1.0 (fn)
2026-09-23 16:28:27,188 INFO: Plan 0: ḡ=0.1, γE[v]=0.0, Q=0.1 (bayes)
2026-09-23 16:28:27,188 INFO: Plan 1: ḡ=0.1, γE[v]=0.0, Q=0.1 (bayes)
2026-09-23 16:28:27,188 INFO: Plan 2: ḡ=0.1, γE[v]=0.0, Q=0.1 (bayes)
2026-09-23 16:28:43,626 INFO: Plan 0: ḡ=1, γE[v]=0.0, Q=1.0 (fn)
2026-09-23 16:28:43,661 INFO: Plan 1: ḡ=1, γE[v]=0.0, Q=1.0 (fn)
2026-09-23 16:28:43,661 INFO: Plan 2: ḡ=1, γE[v]=0.0, Q=1.0 (fn)
2026-09-23 16:28:43,662 INFO: Plan 0: ḡ=0.1, γE[v]=0.0, Q=0.1 (bayes)
2026-09-23 16:28:43,662 INFO: Plan 1: ḡ=0.1, γE[v]=0.0, Q=0.1 (bayes)
2026-09-23 16:28:43,662 INFO: Plan 2: ḡ=0.1, γE[v]=0.0, Q=0.1 (bayes)
  [93/93] starlette.middleware.base seed=42: {'cov_qvalue_tgt_fnt_bayes': 56}

======================================================================
RESULTS
======================================================================

Module                              seed  cov_qvalue_
-----------------------------------------------------
rich.style                            42          133
rich.text                             42          243
flask.config                          42           25
requests.utils                        42          122
click.exceptions                      42           37
jinja2.compiler                       42          294
rich.segment                          42          141
rich.syntax                           42           81
click.utils                           42           51
click.types                           42           81
click.core                            42          319
rich.console                          42          265
flask.cli                             42          125
jinja2.nodes                          42           30
jinja2.environment                    42          143
jinja2.filters                        42          215
rich.traceback                        42           78
click.shell_completion                42           36
click.testing                         42           72
jinja2.parser                         42          201
rich.progress                         42          158
click.decorators                      42           53
rich.pretty                           42          102
flask.helpers                         42           23
jinja2.lexer                          42            9
jinja2.runtime                        42           86
click.formatting                      42           55
requests.models                       42          141
click.parser                          42           83
jinja2.ext                            42           69
rich.color                            42           53
flask.json.tag                        42           25
requests.auth                         42           62
rich.layout                           42           70
requests.cookies                      42           82
jinja2.loaders                        42           90
flask.app                             42          199
rich.table                            42          184
jinja2.utils                          42           90
requests.adapters                     42           96
flask.json.provider                   42           49
flask.ctx                             42           74
requests.sessions                     42           76
flask.testing                         42           24
rich.markdown                         42           88
click.termui                          42           50
flask.sessions                        42           12
flask.templating                      42           55
httpx._utils                          42           63
httpx._urlparse                       42           70
httpx._models                         42          269
pydantic.main                         42          219
httpx._main                           42           70
pydantic.types                        42          138
werkzeug.datastructures.structures    42          138
pydantic.json_schema                  42          272
werkzeug.exceptions                   42           37
pydantic.color                        42           98
httpx._config                         42           29
pydantic.functional_validators        42           47
werkzeug.wrappers.response            42           76
werkzeug.utils                        42           42
httpx._urls                           42           84
werkzeug.routing.map                  42           41
werkzeug.serving                      42           89
werkzeug.routing.rules                42          127
werkzeug.local                        42           56
httpx._api                            42           11
starlette.datastructures              42           86
httpx._client                         42          142
werkzeug.wsgi                         42           53
pydantic.functional_serializers       42           23
jinja2.sandbox                        42           93
pydantic.networks                     42           35
jinja2.bccache                        42           23
werkzeug.http                         42          153
starlette.routing                     42           87
pydantic.fields                       42          133
werkzeug.wrappers.request             42           67
starlette.staticfiles                 42           50
werkzeug.sansio.response              42           75
pydantic.type_adapter                 42           16
pydantic.config                       42            1
starlette.applications                42            7
httpx._transports.default             42           24
starlette.responses                   42           48
httpx._auth                           42           85
starlette.testclient                  42           59
starlette.middleware.errors           42           45
starlette.templating                  42           26
starlette.requests                    42           69
starlette.formparsers                 42            2
starlette.middleware.base             42           56

======================================================================
STATISTICS
======================================================================

Per-strategy means (n=93):
  cov_qvalue_tgt_fnt_bayes branches=  89.1 ± 7.2  lines=241.9  pass_rate=55%

Per-repo means:

  click (10 runs):
    cov_qvalue_tgt_fnt_bayes mean=83.7

  flask (10 runs):
    cov_qvalue_tgt_fnt_bayes mean=61.1

  httpx (10 runs):
    cov_qvalue_tgt_fnt_bayes mean=84.7

  jinja2 (12 runs):
    cov_qvalue_tgt_fnt_bayes mean=111.9

  pydantic (10 runs):
    cov_qvalue_tgt_fnt_bayes mean=98.2

  requests (6 runs):
    cov_qvalue_tgt_fnt_bayes mean=96.5

  rich (12 runs):
    cov_qvalue_tgt_fnt_bayes mean=133.0

  starlette (11 runs):
    cov_qvalue_tgt_fnt_bayes mean=48.6

  werkzeug (12 runs):
    cov_qvalue_tgt_fnt_bayes mean=79.5

Cost: $0.0000 | Time: 2850s (47.5m)
Saved to /share/edc/home/aamayuelasfernandez/qcurious-tester/results/ablations/ablation_S1_gemma.json
