2026-09-23 14:56:47,040 INFO: RepoExploreBench: 93 targets across 9 repos
======================================================================
RepoExploreBench v2.0
  Targets: 93 files across 9 repos
  Strategies: ['random', 'cov_qvalue_tgt_fnt_bayes']
  Seeds: [42]
  Exec budget: 16 per run
  Map mode: full
  Total runs: 186
======================================================================
  Connectivity: OK

  Fetching source code...
    click.core: 114085 chars
    click.types: 36390 chars
    click.termui: 28323 chars
    click.utils: 20295 chars
    click.shell_completion: 18459 chars
    click.decorators: 18718 chars
    click.parser: 19066 chars
    click.testing: 16083 chars
    click.formatting: 9705 chars
    click.exceptions: 9272 chars
    requests.utils: 33447 chars
    requests.models: 35222 chars
    requests.sessions: 30372 chars
    requests.cookies: 18559 chars
    requests.adapters: 19552 chars
    requests.auth: 10186 chars
    flask.app: 59200 chars
    flask.cli: 33820 chars
    flask.helpers: 22991 chars
    flask.ctx: 14840 chars
    flask.sessions: 14168 chars
    flask.config: 12855 chars
    flask.json.tag: 8870 chars
    flask.testing: 10016 chars
    flask.templating: 7537 chars
    flask.json.provider: 7639 chars
    rich.console: 99096 chars
    rich.progress: 59691 chars
    rich.text: 47302 chars
    rich.table: 39643 chars
    rich.pretty: 35811 chars
    rich.syntax: 35364 chars
    rich.markdown: 26159 chars
    rich.style: 27072 chars
    rich.traceback: 29466 chars
    rich.segment: 24209 chars
    rich.color: 18220 chars
    rich.layout: 13939 chars
    jinja2.compiler: 72198 chars
    jinja2.filters: 53861 chars
    jinja2.environment: 61252 chars
    jinja2.nodes: 34549 chars
    jinja2.runtime: 33405 chars
    jinja2.parser: 39735 chars
    jinja2.ext: 31843 chars
    jinja2.lexer: 29725 chars
    jinja2.utils: 23932 chars
    jinja2.loaders: 23084 chars
    jinja2.sandbox: 14583 chars
    jinja2.bccache: 14060 chars
    httpx._client: 67489 chars
    httpx._models: 42302 chars
    httpx._urls: 21747 chars
    httpx._main: 15634 chars
    httpx._urlparse: 17719 chars
    httpx._api: 12927 chars
    httpx._utils: 13857 chars
    httpx._transports.default: 13289 chars
    httpx._config: 12203 chars
    httpx._auth: 11829 chars
    pydantic.types: 89470 chars
    pydantic.json_schema: 102806 chars
    pydantic.main: 65891 chars
    pydantic.fields: 45929 chars
    pydantic.config: 29138 chars
    pydantic.networks: 21214 chars
    pydantic.functional_validators: 23599 chars
    pydantic.color: 21492 chars
    pydantic.type_adapter: 18033 chars
    pydantic.functional_serializers: 14619 chars
    werkzeug.http: 43362 chars
    werkzeug.serving: 39331 chars
    werkzeug.datastructures.structures: 31760 chars
    werkzeug.routing.map: 36349 chars
    werkzeug.routing.rules: 31894 chars
    werkzeug.exceptions: 26061 chars
    werkzeug.wrappers.response: 32586 chars
    werkzeug.sansio.response: 27646 chars
    werkzeug.utils: 24653 chars
    werkzeug.wrappers.request: 24619 chars
    werkzeug.local: 22002 chars
    werkzeug.wsgi: 20893 chars
    starlette.routing: 35752 chars
    starlette.testclient: 29843 chars
    starlette.datastructures: 23348 chars
    starlette.responses: 12650 chars
    starlette.requests: 11196 chars
    starlette.formparsers: 10433 chars
    starlette.applications: 10922 chars
    starlette.middleware.errors: 7937 chars
    starlette.staticfiles: 8723 chars
    starlette.templating: 8984 chars
    starlette.middleware.base: 8794 chars
  Fetched 93/93 modules

Running 93 targets with 48 workers...
2026-09-23 15:07:30,436 INFO: Plan 2: ḡ=143, γE[v]=0.0, Q=143.0 (fn)
2026-09-23 15:07:30,508 INFO: Plan 0: ḡ=35, γE[v]=0.0, Q=35.0 (fn)
2026-09-23 15:07:34,713 INFO: Plan 1: ḡ=163, γE[v]=207.0, Q=370.0 (fn)
2026-09-23 15:07:34,714 INFO: Plan 0: ḡ=17.5, γE[v]=285.2, Q=302.8 (bayes)
2026-09-23 15:07:34,714 INFO: Plan 1: ḡ=81.5, γE[v]=262.6, Q=344.1 (bayes)
2026-09-23 15:07:34,714 INFO: Plan 2: ḡ=71.5, γE[v]=258.2, Q=329.8 (bayes)
2026-09-23 15:07:57,371 INFO: Plan 0: ḡ=38, γE[v]=0.0, Q=38.0 (fn)
2026-09-23 15:08:06,910 INFO: Plan 2: ḡ=253, γE[v]=4.5, Q=257.5 (fn)
2026-09-23 15:08:06,945 INFO: Plan 1: ḡ=252, γE[v]=5.0, Q=257.0 (fn)
2026-09-23 15:08:08,432 INFO: Plan 1: ḡ=354, γE[v]=44.0, Q=398.0 (fn)
2026-09-23 15:08:08,688 INFO: Plan 2: ḡ=364, γE[v]=39.0, Q=403.0 (fn)
2026-09-23 15:08:08,688 INFO: Plan 0: ḡ=19.0, γE[v]=101.0, Q=120.0 (bayes)
2026-09-23 15:08:08,688 INFO: Plan 1: ḡ=177.0, γE[v]=24.0, Q=201.0 (bayes)
2026-09-23 15:08:08,689 INFO: Plan 2: ḡ=182.0, γE[v]=21.3, Q=203.2 (bayes)
2026-09-23 15:08:09,396 INFO: Plan 0: ḡ=27, γE[v]=117.5, Q=144.5 (fn)
2026-09-23 15:08:09,397 INFO: Plan 0: ḡ=13.5, γE[v]=64.0, Q=77.5 (bayes)
2026-09-23 15:08:09,397 INFO: Plan 1: ḡ=126.0, γE[v]=2.7, Q=128.7 (bayes)
2026-09-23 15:08:09,397 INFO: Plan 2: ḡ=126.5, γE[v]=2.5, Q=128.9 (bayes)
2026-09-23 15:08:17,305 INFO: Plan 0: ḡ=15, γE[v]=0.0, Q=15.0 (fn)
2026-09-23 15:08:18,346 INFO: Plan 2: ḡ=85, γE[v]=12.5, Q=97.5 (fn)
2026-09-23 15:08:22,134 INFO: Plan 1: ḡ=146, γE[v]=5.5, Q=151.5 (fn)
2026-09-23 15:08:22,135 INFO: Plan 0: ḡ=7.5, γE[v]=36.5, Q=44.0 (bayes)
2026-09-23 15:08:22,135 INFO: Plan 1: ḡ=73.0, γE[v]=4.0, Q=77.0 (bayes)
2026-09-23 15:08:22,135 INFO: Plan 2: ḡ=42.5, γE[v]=19.6, Q=62.1 (bayes)
2026-09-23 15:08:23,642 INFO: Plan 0: ḡ=12, γE[v]=0.0, Q=12.0 (fn)
2026-09-23 15:08:25,157 INFO: Plan 1: ḡ=7, γE[v]=0.0, Q=7.0 (fn)
2026-09-23 15:08:39,963 INFO: Plan 2: ḡ=81, γE[v]=8.5, Q=89.5 (fn)
2026-09-23 15:08:39,964 INFO: Plan 0: ḡ=6.0, γE[v]=22.0, Q=28.0 (bayes)
2026-09-23 15:08:39,964 INFO: Plan 1: ḡ=3.5, γE[v]=23.2, Q=26.8 (bayes)
2026-09-23 15:08:39,964 INFO: Plan 2: ḡ=40.5, γE[v]=5.1, Q=45.6 (bayes)
2026-09-23 15:08:40,990 INFO: Plan 2: ḡ=37, γE[v]=0.0, Q=37.0 (fn)
2026-09-23 15:08:41,408 INFO: Plan 1: ḡ=103, γE[v]=0.0, Q=103.0 (fn)
2026-09-23 15:08:42,594 INFO: Plan 0: ḡ=43, γE[v]=10.5, Q=53.5 (fn)
2026-09-23 15:08:42,594 INFO: Plan 0: ḡ=21.5, γE[v]=134.5, Q=156.0 (bayes)
2026-09-23 15:08:42,595 INFO: Plan 1: ḡ=51.5, γE[v]=119.0, Q=170.5 (bayes)
2026-09-23 15:08:42,595 INFO: Plan 2: ḡ=18.5, γE[v]=135.5, Q=154.0 (bayes)
2026-09-23 15:08:43,862 INFO: Plan 0: ḡ=55, γE[v]=0.0, Q=55.0 (fn)
2026-09-23 15:08:48,649 INFO: Plan 1: ḡ=147, γE[v]=4.0, Q=151.0 (fn)
2026-09-23 15:08:49,743 INFO: Plan 2: ḡ=40, γE[v]=36.5, Q=76.5 (fn)
2026-09-23 15:08:49,743 INFO: Plan 0: ḡ=27.5, γE[v]=28.2, Q=55.8 (bayes)
2026-09-23 15:08:49,743 INFO: Plan 1: ḡ=73.5, γE[v]=5.4, Q=78.9 (bayes)
2026-09-23 15:08:49,743 INFO: Plan 2: ḡ=20.0, γE[v]=33.6, Q=53.6 (bayes)
2026-09-23 15:08:52,097 INFO: Plan 2: ḡ=44, γE[v]=33.5, Q=77.5 (fn)
2026-09-23 15:08:52,138 INFO: Plan 1: ḡ=69, γE[v]=21.0, Q=90.0 (fn)
2026-09-23 15:08:52,532 INFO: Plan 0: ḡ=11, γE[v]=50.0, Q=61.0 (fn)
2026-09-23 15:08:52,533 INFO: Plan 0: ḡ=5.5, γE[v]=27.3, Q=32.8 (bayes)
2026-09-23 15:08:52,533 INFO: Plan 1: ḡ=34.5, γE[v]=11.4, Q=46.0 (bayes)
2026-09-23 15:08:52,533 INFO: Plan 2: ḡ=22.0, γE[v]=18.3, Q=40.3 (bayes)
2026-09-23 15:08:53,104 INFO: Plan 0: ḡ=42, γE[v]=1.0, Q=43.0 (fn)
2026-09-23 15:08:53,368 INFO: Plan 0: ḡ=8, γE[v]=7.0, Q=15.0 (fn)
2026-09-23 15:08:54,217 INFO: Plan 1: ḡ=202, γE[v]=0.0, Q=202.0 (fn)
2026-09-23 15:08:54,486 INFO: Plan 0: ḡ=15, γE[v]=0.0, Q=15.0 (fn)
2026-09-23 15:08:55,376 INFO: Plan 2: ḡ=31, γE[v]=0.0, Q=31.0 (fn)
2026-09-23 15:08:56,019 INFO: Plan 0: ḡ=58, γE[v]=159.5, Q=217.5 (fn)
2026-09-23 15:08:58,555 INFO: Plan 2: ḡ=176, γE[v]=0.0, Q=176.0 (fn)
2026-09-23 15:08:59,944 INFO: Plan 1: ḡ=121, γE[v]=34.0, Q=155.0 (fn)
2026-09-23 15:08:59,945 INFO: Plan 0: ḡ=21.0, γE[v]=45.0, Q=66.0 (bayes)
2026-09-23 15:08:59,945 INFO: Plan 1: ḡ=60.5, γE[v]=26.8, Q=87.3 (bayes)
2026-09-23 15:08:59,945 INFO: Plan 2: ḡ=88.0, γE[v]=11.5, Q=99.5 (bayes)
2026-09-23 15:09:00,248 INFO: Plan 1: ḡ=96, γE[v]=147.0, Q=243.0 (fn)
2026-09-23 15:09:01,424 INFO: Plan 1: ḡ=91, γE[v]=14.0, Q=105.0 (fn)
2026-09-23 15:09:01,424 INFO: Plan 0: ḡ=7.5, γE[v]=26.0, Q=33.5 (bayes)
2026-09-23 15:09:01,425 INFO: Plan 1: ḡ=45.5, γE[v]=7.6, Q=53.1 (bayes)
2026-09-23 15:09:01,425 INFO: Plan 2: ḡ=15.5, γE[v]=22.0, Q=37.5 (bayes)
2026-09-23 15:09:01,664 INFO: Plan 2: ḡ=108, γE[v]=148.5, Q=256.5 (fn)
2026-09-23 15:09:01,665 INFO: Plan 0: ḡ=4.0, γE[v]=121.3, Q=125.3 (bayes)
2026-09-23 15:09:01,665 INFO: Plan 1: ḡ=48.0, γE[v]=105.6, Q=153.6 (bayes)
2026-09-23 15:09:01,665 INFO: Plan 2: ḡ=54.0, γE[v]=102.7, Q=156.7 (bayes)
2026-09-23 15:09:02,091 INFO: Plan 2: ḡ=279, γE[v]=80.5, Q=359.5 (fn)
2026-09-23 15:09:02,092 INFO: Plan 0: ḡ=29.0, γE[v]=129.2, Q=158.2 (bayes)
2026-09-23 15:09:02,092 INFO: Plan 1: ḡ=101.0, γE[v]=86.0, Q=187.0 (bayes)
2026-09-23 15:09:02,092 INFO: Plan 2: ḡ=139.5, γE[v]=70.4, Q=209.9 (bayes)
2026-09-23 15:09:05,561 INFO: Plan 2: ḡ=458, γE[v]=193.5, Q=651.5 (fn)
2026-09-23 15:09:06,756 INFO: Plan 1: ḡ=370, γE[v]=153.5, Q=523.5 (fn)
2026-09-23 15:09:08,845 INFO: Plan 1: ḡ=122, γE[v]=8.0, Q=130.0 (fn)
2026-09-23 15:09:08,887 INFO: Plan 0: ḡ=495, γE[v]=30.0, Q=525.0 (fn)
2026-09-23 15:09:08,888 INFO: Plan 0: ḡ=247.5, γE[v]=266.4, Q=513.9 (bayes)
2026-09-23 15:09:08,888 INFO: Plan 1: ḡ=185.0, γE[v]=303.2, Q=488.2 (bayes)
2026-09-23 15:09:08,888 INFO: Plan 2: ḡ=229.0, γE[v]=283.0, Q=512.0 (bayes)
2026-09-23 15:09:09,450 INFO: Plan 0: ḡ=51, γE[v]=43.5, Q=94.5 (fn)
2026-09-23 15:09:10,210 INFO: Plan 2: ḡ=23, γE[v]=57.5, Q=80.5 (fn)
2026-09-23 15:09:10,210 INFO: Plan 0: ḡ=25.5, γE[v]=23.7, Q=49.2 (bayes)
2026-09-23 15:09:10,210 INFO: Plan 1: ḡ=61.0, γE[v]=4.4, Q=65.4 (bayes)
2026-09-23 15:09:10,210 INFO: Plan 2: ḡ=11.5, γE[v]=31.3, Q=42.8 (bayes)
2026-09-23 15:09:10,982 INFO: Plan 2: ḡ=91, γE[v]=0.0, Q=91.0 (fn)
2026-09-23 15:09:10,983 INFO: Plan 0: ḡ=160, γE[v]=0.0, Q=160.0 (fn)
2026-09-23 15:09:11,670 INFO: Plan 1: ḡ=90, γE[v]=0.0, Q=90.0 (fn)
2026-09-23 15:09:11,671 INFO: Plan 0: ḡ=80.0, γE[v]=107.2, Q=187.2 (bayes)
2026-09-23 15:09:11,671 INFO: Plan 1: ḡ=45.0, γE[v]=124.8, Q=169.8 (bayes)
2026-09-23 15:09:11,671 INFO: Plan 2: ḡ=45.5, γE[v]=124.5, Q=170.0 (bayes)
2026-09-23 15:09:12,450 INFO: Plan 0: ḡ=51, γE[v]=0.0, Q=51.0 (fn)
2026-09-23 15:09:13,569 INFO: Plan 0: ḡ=4, γE[v]=0.0, Q=4.0 (fn)
2026-09-23 15:09:14,359 INFO: Plan 0: ḡ=18, γE[v]=0.0, Q=18.0 (fn)
2026-09-23 15:09:16,952 INFO: Plan 0: ḡ=73, γE[v]=7.5, Q=80.5 (fn)
2026-09-23 15:09:17,201 INFO: Plan 2: ḡ=38, γE[v]=0.0, Q=38.0 (fn)
2026-09-23 15:09:17,237 INFO: Plan 1: ḡ=17, γE[v]=14.5, Q=31.5 (fn)
2026-09-23 15:09:17,616 INFO: Plan 1: ḡ=18, γE[v]=0.0, Q=18.0 (fn)
2026-09-23 15:09:17,616 INFO: Plan 0: ḡ=36.5, γE[v]=59.8, Q=96.3 (bayes)
2026-09-23 15:09:17,616 INFO: Plan 1: ḡ=9.0, γE[v]=73.2, Q=82.2 (bayes)
2026-09-23 15:09:17,616 INFO: Plan 2: ḡ=19.0, γE[v]=68.2, Q=87.2 (bayes)
2026-09-23 15:09:17,894 INFO: Plan 2: ḡ=44, γE[v]=1.0, Q=45.0 (fn)
2026-09-23 15:09:17,895 INFO: Plan 0: ḡ=2.0, γE[v]=10.5, Q=12.5 (bayes)
2026-09-23 15:09:17,895 INFO: Plan 1: ḡ=8.5, γE[v]=7.9, Q=16.4 (bayes)
2026-09-23 15:09:17,895 INFO: Plan 2: ḡ=22.0, γE[v]=0.5, Q=22.6 (bayes)
2026-09-23 15:09:18,054 INFO: Plan 1: ḡ=446, γE[v]=49.5, Q=495.5 (fn)
2026-09-23 15:09:20,637 INFO: Plan 1: ḡ=76, γE[v]=0.0, Q=76.0 (fn)
2026-09-23 15:09:21,039 INFO: Plan 0: ḡ=59, γE[v]=0.0, Q=59.0 (fn)
2026-09-23 15:09:21,677 INFO: Plan 1: ḡ=95, γE[v]=0.0, Q=95.0 (fn)
2026-09-23 15:09:21,718 INFO: Plan 2: ḡ=400, γE[v]=78.0, Q=478.0 (fn)
2026-09-23 15:09:21,719 INFO: Plan 0: ḡ=25.5, γE[v]=126.2, Q=151.8 (bayes)
2026-09-23 15:09:21,719 INFO: Plan 1: ḡ=223.0, γE[v]=29.7, Q=252.7 (bayes)
2026-09-23 15:09:21,719 INFO: Plan 2: ḡ=200.0, γE[v]=42.5, Q=242.5 (bayes)
2026-09-23 15:09:22,346 INFO: Plan 2: ḡ=194, γE[v]=0.0, Q=194.0 (fn)
2026-09-23 15:09:23,676 INFO: Plan 2: ḡ=154, γE[v]=0.0, Q=154.0 (fn)
2026-09-23 15:09:23,676 INFO: Plan 0: ḡ=29.5, γE[v]=175.8, Q=205.2 (bayes)
2026-09-23 15:09:23,676 INFO: Plan 1: ḡ=47.5, γE[v]=166.8, Q=214.2 (bayes)
2026-09-23 15:09:23,676 INFO: Plan 2: ḡ=77.0, γE[v]=152.0, Q=229.0 (bayes)
2026-09-23 15:09:27,210 INFO: Plan 1: ḡ=240, γE[v]=0.0, Q=240.0 (fn)
2026-09-23 15:09:27,250 INFO: Plan 0: ḡ=535, γE[v]=5.5, Q=540.5 (fn)
2026-09-23 15:09:27,660 INFO: Plan 0: ḡ=85, γE[v]=128.5, Q=213.5 (fn)
2026-09-23 15:09:27,661 INFO: Plan 0: ḡ=42.5, γE[v]=85.3, Q=127.8 (bayes)
2026-09-23 15:09:27,661 INFO: Plan 1: ḡ=38.0, γE[v]=81.8, Q=119.8 (bayes)
2026-09-23 15:09:27,662 INFO: Plan 2: ḡ=97.0, γE[v]=52.2, Q=149.2 (bayes)
2026-09-23 15:09:28,412 INFO: Plan 1: ḡ=529, γE[v]=8.5, Q=537.5 (fn)
2026-09-23 15:09:28,851 INFO: Plan 2: ḡ=531, γE[v]=7.5, Q=538.5 (fn)
2026-09-23 15:09:28,852 INFO: Plan 0: ḡ=267.5, γE[v]=3.0, Q=270.5 (bayes)
2026-09-23 15:09:28,852 INFO: Plan 1: ḡ=264.5, γE[v]=4.6, Q=269.1 (bayes)
2026-09-23 15:09:28,852 INFO: Plan 2: ḡ=265.5, γE[v]=4.1, Q=269.6 (bayes)
2026-09-23 15:09:29,966 INFO: Plan 0: ḡ=17, γE[v]=0.0, Q=17.0 (fn)
2026-09-23 15:09:31,223 INFO: Plan 0: ḡ=457, γE[v]=0.0, Q=457.0 (fn)
2026-09-23 15:09:31,699 INFO: Plan 1: ḡ=373, γE[v]=42.0, Q=415.0 (fn)
2026-09-23 15:09:31,700 INFO: Plan 1: ḡ=92, γE[v]=0.0, Q=92.0 (fn)
2026-09-23 15:09:31,843 INFO: Plan 2: ḡ=457, γE[v]=0.0, Q=457.0 (fn)
2026-09-23 15:09:31,844 INFO: Plan 0: ḡ=228.5, γE[v]=0.0, Q=228.5 (bayes)
2026-09-23 15:09:31,844 INFO: Plan 1: ḡ=186.5, γE[v]=22.9, Q=209.4 (bayes)
2026-09-23 15:09:31,844 INFO: Plan 2: ḡ=228.5, γE[v]=0.0, Q=228.5 (bayes)
2026-09-23 15:09:32,125 INFO: Plan 0: ḡ=12, γE[v]=0.0, Q=12.0 (fn)
2026-09-23 15:09:32,490 INFO: Plan 2: ḡ=225, γE[v]=21.0, Q=246.0 (fn)
2026-09-23 15:09:32,490 INFO: Plan 0: ḡ=9.0, γE[v]=79.2, Q=88.2 (bayes)
2026-09-23 15:09:32,490 INFO: Plan 1: ḡ=120.0, γE[v]=23.8, Q=143.8 (bayes)
2026-09-23 15:09:32,490 INFO: Plan 2: ḡ=112.5, γE[v]=28.4, Q=140.9 (bayes)
2026-09-23 15:09:34,725 INFO: Plan 2: ḡ=134, γE[v]=0.0, Q=134.0 (fn)
2026-09-23 15:09:34,726 INFO: Plan 0: ḡ=8.5, γE[v]=166.8, Q=175.2 (bayes)
2026-09-23 15:09:34,726 INFO: Plan 1: ḡ=46.0, γE[v]=148.0, Q=194.0 (bayes)
2026-09-23 15:09:34,726 INFO: Plan 2: ḡ=67.0, γE[v]=137.5, Q=204.5 (bayes)
2026-09-23 15:09:37,144 INFO: Plan 0: ḡ=60, γE[v]=0.0, Q=60.0 (fn)
2026-09-23 15:09:39,889 INFO: Plan 2: ḡ=57, γE[v]=0.0, Q=57.0 (fn)
2026-09-23 15:09:42,704 INFO: Plan 1: ḡ=48, γE[v]=12.0, Q=60.0 (fn)
2026-09-23 15:09:43,466 INFO: Plan 2: ḡ=61, γE[v]=14.0, Q=75.0 (fn)
2026-09-23 15:09:43,467 INFO: Plan 0: ḡ=6.0, γE[v]=76.0, Q=82.0 (bayes)
2026-09-23 15:09:43,467 INFO: Plan 1: ḡ=24.0, γE[v]=67.5, Q=91.5 (bayes)
2026-09-23 15:09:43,467 INFO: Plan 2: ḡ=30.5, γE[v]=64.4, Q=94.9 (bayes)
2026-09-23 15:09:43,756 INFO: Plan 1: ḡ=38, γE[v]=5.0, Q=43.0 (fn)
2026-09-23 15:09:43,756 INFO: Plan 0: ḡ=30.0, γE[v]=53.2, Q=83.2 (bayes)
2026-09-23 15:09:43,756 INFO: Plan 1: ḡ=19.0, γE[v]=59.0, Q=78.0 (bayes)
2026-09-23 15:09:43,756 INFO: Plan 2: ḡ=28.5, γE[v]=54.0, Q=82.5 (bayes)
2026-09-23 15:09:46,834 INFO: Plan 0: ḡ=79, γE[v]=73.5, Q=152.5 (fn)
2026-09-23 15:09:48,483 INFO: Plan 2: ḡ=113, γE[v]=52.5, Q=165.5 (fn)
2026-09-23 15:09:48,487 INFO: Plan 1: ḡ=159, γE[v]=55.0, Q=214.0 (fn)
2026-09-23 15:09:48,488 INFO: Plan 0: ḡ=39.5, γE[v]=137.6, Q=177.1 (bayes)
2026-09-23 15:09:48,488 INFO: Plan 1: ḡ=79.5, γE[v]=116.7, Q=196.2 (bayes)
2026-09-23 15:09:48,488 INFO: Plan 2: ḡ=56.5, γE[v]=128.1, Q=184.6 (bayes)
2026-09-23 15:09:50,339 INFO: Plan 0: ḡ=10, γE[v]=2.0, Q=12.0 (fn)
2026-09-23 15:09:51,800 INFO: Plan 1: ḡ=29, γE[v]=0.0, Q=29.0 (fn)
2026-09-23 15:09:55,900 INFO: Plan 1: ḡ=41, γE[v]=0.0, Q=41.0 (fn)
2026-09-23 15:09:55,934 INFO: Plan 0: ḡ=13, γE[v]=0.0, Q=13.0 (fn)
2026-09-23 15:09:56,818 INFO: Plan 2: ḡ=60, γE[v]=0.0, Q=60.0 (fn)
2026-09-23 15:09:56,818 INFO: Plan 0: ḡ=6.5, γE[v]=136.8, Q=143.2 (bayes)
2026-09-23 15:09:56,819 INFO: Plan 1: ḡ=20.5, γE[v]=129.8, Q=150.2 (bayes)
2026-09-23 15:09:56,819 INFO: Plan 2: ḡ=30.0, γE[v]=125.0, Q=155.0 (bayes)
2026-09-23 15:09:57,067 INFO: Plan 2: ḡ=25, γE[v]=14.0, Q=39.0 (fn)
2026-09-23 15:09:57,067 INFO: Plan 0: ḡ=5.0, γE[v]=14.3, Q=19.3 (bayes)
2026-09-23 15:09:57,068 INFO: Plan 1: ḡ=14.5, γE[v]=9.5, Q=24.0 (bayes)
2026-09-23 15:09:57,068 INFO: Plan 2: ḡ=12.5, γE[v]=11.1, Q=23.6 (bayes)
2026-09-23 15:10:00,180 INFO: Plan 0: ḡ=18, γE[v]=0.0, Q=18.0 (fn)
2026-09-23 15:10:01,175 INFO: Plan 1: ḡ=47, γE[v]=0.0, Q=47.0 (fn)
2026-09-23 15:10:02,073 INFO: Plan 0: ḡ=146, γE[v]=70.0, Q=216.0 (fn)
2026-09-23 15:10:04,284 INFO: Plan 1: ḡ=202, γE[v]=87.5, Q=289.5 (fn)
2026-09-23 15:10:04,503 INFO: Plan 0: ḡ=30, γE[v]=0.0, Q=30.0 (fn)
2026-09-23 15:10:05,050 INFO: Plan 2: ḡ=110, γE[v]=0.0, Q=110.0 (fn)
2026-09-23 15:10:06,460 INFO: Plan 1: ḡ=53, γE[v]=71.5, Q=124.5 (fn)
2026-09-23 15:10:06,460 INFO: Plan 0: ḡ=15.0, γE[v]=48.8, Q=63.8 (bayes)
2026-09-23 15:10:06,460 INFO: Plan 1: ḡ=26.5, γE[v]=46.2, Q=72.7 (bayes)
2026-09-23 15:10:06,460 INFO: Plan 2: ḡ=55.0, γE[v]=28.8, Q=83.8 (bayes)
2026-09-23 15:10:06,749 INFO: Plan 2: ḡ=244, γE[v]=7.0, Q=251.0 (fn)
2026-09-23 15:10:06,749 INFO: Plan 0: ḡ=9.0, γE[v]=60.2, Q=69.2 (bayes)
2026-09-23 15:10:06,749 INFO: Plan 1: ḡ=23.5, γE[v]=53.0, Q=76.5 (bayes)
2026-09-23 15:10:06,749 INFO: Plan 2: ḡ=122.0, γE[v]=4.1, Q=126.1 (bayes)
2026-09-23 15:10:08,367 INFO: Plan 2: ḡ=220, γE[v]=119.5, Q=339.5 (fn)
2026-09-23 15:10:08,367 INFO: Plan 0: ḡ=73.0, γE[v]=83.7, Q=156.7 (bayes)
2026-09-23 15:10:08,367 INFO: Plan 1: ḡ=101.0, γE[v]=70.4, Q=171.4 (bayes)
2026-09-23 15:10:08,367 INFO: Plan 2: ḡ=110.0, γE[v]=67.4, Q=177.4 (bayes)
2026-09-23 15:10:09,214 INFO: Plan 0: ḡ=20, γE[v]=0.0, Q=20.0 (fn)
2026-09-23 15:10:11,198 INFO: Plan 1: ḡ=46, γE[v]=0.0, Q=46.0 (fn)
2026-09-23 15:10:12,142 INFO: Plan 2: ḡ=39, γE[v]=0.0, Q=39.0 (fn)
2026-09-23 15:10:12,329 INFO: Plan 1: ḡ=75, γE[v]=0.0, Q=75.0 (fn)
2026-09-23 15:10:12,773 INFO: Plan 0: ḡ=114, γE[v]=0.0, Q=114.0 (fn)
2026-09-23 15:10:12,774 INFO: Plan 0: ḡ=57.0, γE[v]=28.5, Q=85.5 (bayes)
2026-09-23 15:10:12,774 INFO: Plan 1: ḡ=37.5, γE[v]=38.2, Q=75.8 (bayes)
2026-09-23 15:10:12,774 INFO: Plan 2: ḡ=19.5, γE[v]=47.2, Q=66.8 (bayes)
2026-09-23 15:10:13,080 INFO: Plan 2: ḡ=40, γE[v]=19.5, Q=59.5 (fn)
2026-09-23 15:10:13,080 INFO: Plan 0: ḡ=10.0, γE[v]=119.0, Q=129.0 (bayes)
2026-09-23 15:10:13,080 INFO: Plan 1: ḡ=23.0, γE[v]=112.5, Q=135.5 (bayes)
2026-09-23 15:10:13,080 INFO: Plan 2: ḡ=20.0, γE[v]=114.9, Q=134.9 (bayes)
2026-09-23 15:10:14,426 INFO: Plan 2: ḡ=31, γE[v]=0.0, Q=31.0 (fn)
2026-09-23 15:10:14,714 INFO: Plan 0: ḡ=26, γE[v]=0.0, Q=26.0 (fn)
2026-09-23 15:10:15,997 INFO: Plan 0: ḡ=47, γE[v]=0.0, Q=47.0 (fn)
2026-09-23 15:10:16,233 INFO: Plan 1: ḡ=28, γE[v]=0.0, Q=28.0 (fn)
2026-09-23 15:10:17,083 INFO: Plan 1: ḡ=44, γE[v]=0.0, Q=44.0 (fn)
2026-09-23 15:10:17,083 INFO: Plan 0: ḡ=13.0, γE[v]=69.5, Q=82.5 (bayes)
2026-09-23 15:10:17,083 INFO: Plan 1: ḡ=22.0, γE[v]=65.0, Q=87.0 (bayes)
2026-09-23 15:10:17,084 INFO: Plan 2: ḡ=15.5, γE[v]=68.2, Q=83.8 (bayes)
2026-09-23 15:10:17,123 INFO: Plan 2: ḡ=77, γE[v]=0.0, Q=77.0 (fn)
2026-09-23 15:10:17,124 INFO: Plan 0: ḡ=23.5, γE[v]=29.5, Q=53.0 (bayes)
2026-09-23 15:10:17,124 INFO: Plan 1: ḡ=14.0, γE[v]=34.2, Q=48.2 (bayes)
2026-09-23 15:10:17,124 INFO: Plan 2: ḡ=38.5, γE[v]=22.0, Q=60.5 (bayes)
2026-09-23 15:10:19,561 INFO: Plan 0: ḡ=23, γE[v]=0.0, Q=23.0 (fn)
2026-09-23 15:10:20,860 INFO: Plan 0: ḡ=126, γE[v]=14.0, Q=140.0 (fn)
2026-09-23 15:10:21,837 INFO: Plan 2: ḡ=97, γE[v]=54.5, Q=151.5 (fn)
2026-09-23 15:10:21,839 INFO: Plan 2: ḡ=90, γE[v]=6.0, Q=96.0 (fn)
2026-09-23 15:10:22,713 INFO: Plan 1: ḡ=132, γE[v]=45.0, Q=177.0 (fn)
2026-09-23 15:10:22,714 INFO: Plan 0: ḡ=63.0, γE[v]=121.6, Q=184.6 (bayes)
2026-09-23 15:10:22,714 INFO: Plan 1: ḡ=66.0, γE[v]=121.5, Q=187.5 (bayes)
2026-09-23 15:10:22,714 INFO: Plan 2: ḡ=48.5, γE[v]=130.7, Q=179.2 (bayes)
2026-09-23 15:10:22,754 INFO: Plan 0: ḡ=51, γE[v]=25.5, Q=76.5 (fn)
2026-09-23 15:10:22,757 INFO: Plan 0: ḡ=133, γE[v]=0.0, Q=133.0 (fn)
2026-09-23 15:10:23,694 INFO: Plan 1: ḡ=46, γE[v]=28.0, Q=74.0 (fn)
2026-09-23 15:10:23,695 INFO: Plan 0: ḡ=25.5, γE[v]=13.9, Q=39.4 (bayes)
2026-09-23 15:10:23,695 INFO: Plan 1: ḡ=23.0, γE[v]=15.3, Q=38.3 (bayes)
2026-09-23 15:10:23,695 INFO: Plan 2: ḡ=45.0, γE[v]=3.3, Q=48.3 (bayes)
2026-09-23 15:10:24,735 INFO: Plan 2: ḡ=113, γE[v]=0.0, Q=113.0 (fn)
2026-09-23 15:10:24,776 INFO: Plan 1: ḡ=103, γE[v]=20.0, Q=123.0 (fn)
2026-09-23 15:10:24,776 INFO: Plan 0: ḡ=66.5, γE[v]=123.0, Q=189.5 (bayes)
2026-09-23 15:10:24,776 INFO: Plan 1: ḡ=51.5, γE[v]=131.4, Q=182.9 (bayes)
2026-09-23 15:10:24,776 INFO: Plan 2: ḡ=56.5, γE[v]=128.0, Q=184.5 (bayes)
2026-09-23 15:10:28,460 INFO: Plan 1: ḡ=53, γE[v]=72.5, Q=125.5 (fn)
2026-09-23 15:10:29,543 INFO: Plan 2: ḡ=160, γE[v]=27.5, Q=187.5 (fn)
2026-09-23 15:10:29,544 INFO: Plan 0: ḡ=11.5, γE[v]=48.8, Q=60.2 (bayes)
2026-09-23 15:10:29,544 INFO: Plan 1: ḡ=26.5, γE[v]=44.5, Q=71.0 (bayes)
2026-09-23 15:10:29,544 INFO: Plan 2: ḡ=80.0, γE[v]=15.7, Q=95.7 (bayes)
2026-09-23 15:10:32,893 INFO: Plan 1: ḡ=207, γE[v]=0.0, Q=207.0 (fn)
2026-09-23 15:10:34,607 INFO: Plan 0: ḡ=406, γE[v]=0.0, Q=406.0 (fn)
2026-09-23 15:10:35,781 INFO: Plan 0: ḡ=2, γE[v]=0.0, Q=2.0 (fn)
2026-09-23 15:10:36,083 INFO: Plan 2: ḡ=29, γE[v]=0.0, Q=29.0 (fn)
2026-09-23 15:10:36,128 INFO: Plan 1: ḡ=10, γE[v]=0.0, Q=10.0 (fn)
2026-09-23 15:10:36,128 INFO: Plan 0: ḡ=0.7, γE[v]=6.5, Q=7.2 (bayes)
2026-09-23 15:10:36,128 INFO: Plan 1: ḡ=3.3, γE[v]=5.2, Q=8.5 (bayes)
2026-09-23 15:10:36,129 INFO: Plan 2: ḡ=9.7, γE[v]=2.0, Q=11.7 (bayes)
2026-09-23 15:10:40,076 INFO: Plan 0: ḡ=58, γE[v]=0.0, Q=58.0 (fn)
2026-09-23 15:10:40,264 INFO: Plan 2: ḡ=8, γE[v]=0.0, Q=8.0 (fn)
2026-09-23 15:10:45,768 INFO: Plan 2: ḡ=112, γE[v]=22.5, Q=134.5 (fn)
2026-09-23 15:10:46,594 INFO: Plan 1: ḡ=12, γE[v]=6.0, Q=18.0 (fn)
2026-09-23 15:10:46,991 INFO: Plan 1: ḡ=115, γE[v]=21.0, Q=136.0 (fn)
2026-09-23 15:10:46,991 INFO: Plan 0: ḡ=19.3, γE[v]=16.5, Q=35.8 (bayes)
2026-09-23 15:10:46,991 INFO: Plan 1: ḡ=38.3, γE[v]=8.3, Q=46.6 (bayes)
2026-09-23 15:10:46,991 INFO: Plan 2: ḡ=37.3, γE[v]=8.8, Q=46.2 (bayes)
2026-09-23 15:10:47,322 INFO: Plan 2: ḡ=90, γE[v]=0.0, Q=90.0 (fn)
2026-09-23 15:10:47,356 INFO: Plan 0: ḡ=10, γE[v]=5.5, Q=15.5 (fn)
2026-09-23 15:10:47,357 INFO: Plan 0: ḡ=3.3, γE[v]=3.2, Q=6.5 (bayes)
2026-09-23 15:10:47,357 INFO: Plan 1: ḡ=4.0, γE[v]=2.8, Q=6.8 (bayes)
2026-09-23 15:10:47,357 INFO: Plan 2: ḡ=3.3, γE[v]=2.8, Q=6.2 (bayes)
2026-09-23 15:10:48,721 INFO: Plan 1: ḡ=75, γE[v]=0.0, Q=75.0 (fn)
2026-09-23 15:10:49,056 INFO: Plan 2: ḡ=586, γE[v]=186.5, Q=772.5 (fn)
2026-09-23 15:10:49,057 INFO: Plan 0: ḡ=203.0, γE[v]=258.0, Q=461.0 (bayes)
2026-09-23 15:10:49,057 INFO: Plan 1: ḡ=103.5, γE[v]=307.8, Q=411.2 (bayes)
2026-09-23 15:10:49,057 INFO: Plan 2: ḡ=293.0, γE[v]=221.4, Q=514.4 (bayes)
2026-09-23 15:10:49,824 INFO: Plan 0: ḡ=38, γE[v]=40.0, Q=78.0 (fn)
2026-09-23 15:10:50,226 INFO: Plan 0: ḡ=58, γE[v]=49.5, Q=107.5 (fn)
2026-09-23 15:10:50,227 INFO: Plan 0: ḡ=29.0, γE[v]=63.5, Q=92.5 (bayes)
2026-09-23 15:10:50,227 INFO: Plan 1: ḡ=37.5, γE[v]=57.0, Q=94.5 (bayes)
2026-09-23 15:10:50,227 INFO: Plan 2: ḡ=45.0, γE[v]=53.2, Q=98.2 (bayes)
2026-09-23 15:10:50,560 INFO: Plan 0: ḡ=23, γE[v]=0.0, Q=23.0 (fn)
2026-09-23 15:10:52,168 INFO: Plan 2: ḡ=101, γE[v]=16.0, Q=117.0 (fn)
2026-09-23 15:10:53,806 INFO: Plan 1: ḡ=22, γE[v]=17.0, Q=39.0 (fn)
2026-09-23 15:10:53,807 INFO: Plan 0: ḡ=19.0, γE[v]=101.6, Q=120.5 (bayes)
2026-09-23 15:10:53,807 INFO: Plan 1: ḡ=11.0, γE[v]=104.5, Q=115.5 (bayes)
2026-09-23 15:10:53,807 INFO: Plan 2: ḡ=50.5, γE[v]=84.7, Q=135.2 (bayes)
2026-09-23 15:10:57,415 INFO: Plan 0: ḡ=21, γE[v]=0.0, Q=21.0 (fn)
2026-09-23 15:10:57,534 INFO: Plan 0: ḡ=26, γE[v]=0.0, Q=26.0 (fn)
2026-09-23 15:10:58,055 INFO: Plan 2: ḡ=43, γE[v]=11.5, Q=54.5 (fn)
2026-09-23 15:10:59,891 INFO: Plan 0: ḡ=18, γE[v]=0.0, Q=18.0 (fn)
2026-09-23 15:11:00,414 INFO: Plan 1: ḡ=51, γE[v]=18.0, Q=69.0 (fn)
2026-09-23 15:11:00,414 INFO: Plan 0: ḡ=11.5, γE[v]=56.2, Q=67.8 (bayes)
2026-09-23 15:11:00,415 INFO: Plan 1: ḡ=25.5, γE[v]=50.1, Q=75.6 (bayes)
2026-09-23 15:11:00,415 INFO: Plan 2: ḡ=21.5, γE[v]=51.8, Q=73.3 (bayes)
2026-09-23 15:11:01,807 INFO: Plan 1: ḡ=15, γE[v]=5.0, Q=20.0 (fn)
2026-09-23 15:11:01,867 INFO: Plan 2: ḡ=33, γE[v]=0.0, Q=33.0 (fn)
2026-09-23 15:11:02,094 INFO: Plan 2: ḡ=13, γE[v]=0.0, Q=13.0 (fn)
2026-09-23 15:11:02,355 INFO: Plan 0: ḡ=58, γE[v]=0.0, Q=58.0 (fn)
2026-09-23 15:11:02,395 INFO: Plan 1: ḡ=82, γE[v]=0.0, Q=82.0 (fn)
2026-09-23 15:11:02,395 INFO: Plan 0: ḡ=29.0, γE[v]=117.5, Q=146.5 (bayes)
2026-09-23 15:11:02,395 INFO: Plan 1: ḡ=28.0, γE[v]=118.0, Q=146.0 (bayes)
2026-09-23 15:11:02,395 INFO: Plan 2: ḡ=16.5, γE[v]=123.7, Q=140.2 (bayes)
2026-09-23 15:11:03,029 INFO: Plan 2: ḡ=18, γE[v]=3.5, Q=21.5 (fn)
2026-09-23 15:11:03,030 INFO: Plan 0: ḡ=7.0, γE[v]=0.8, Q=7.8 (bayes)
2026-09-23 15:11:03,030 INFO: Plan 1: ḡ=5.2, γE[v]=2.0, Q=7.2 (bayes)
2026-09-23 15:11:03,030 INFO: Plan 2: ḡ=6.3, γE[v]=1.4, Q=7.7 (bayes)
2026-09-23 15:11:03,227 INFO: Plan 0: ḡ=14, γE[v]=6.5, Q=20.5 (fn)
2026-09-23 15:11:03,625 INFO: Plan 1: ḡ=26, γE[v]=44.5, Q=70.5 (fn)
2026-09-23 15:11:03,875 INFO: Plan 1: ḡ=7, γE[v]=3.5, Q=10.5 (fn)
2026-09-23 15:11:03,876 INFO: Plan 0: ḡ=4.7, γE[v]=3.5, Q=8.2 (bayes)
2026-09-23 15:11:03,876 INFO: Plan 1: ḡ=2.3, γE[v]=4.6, Q=7.0 (bayes)
2026-09-23 15:11:03,876 INFO: Plan 2: ḡ=6.5, γE[v]=2.3, Q=8.8 (bayes)
2026-09-23 15:11:05,374 INFO: Plan 1: ḡ=31, γE[v]=53.0, Q=84.0 (fn)
2026-09-23 15:11:06,027 INFO: Plan 2: ḡ=101, γE[v]=33.0, Q=134.0 (fn)
2026-09-23 15:11:06,027 INFO: Plan 0: ḡ=13.0, γE[v]=41.0, Q=54.0 (bayes)
2026-09-23 15:11:06,027 INFO: Plan 1: ḡ=15.5, γE[v]=42.1, Q=57.6 (bayes)
2026-09-23 15:11:06,027 INFO: Plan 2: ḡ=50.5, γE[v]=23.7, Q=74.2 (bayes)
2026-09-23 15:11:07,762 INFO: Plan 2: ḡ=10, γE[v]=0.0, Q=10.0 (fn)
2026-09-23 15:11:08,295 INFO: Plan 0: ḡ=21, γE[v]=0.0, Q=21.0 (fn)
2026-09-23 15:11:09,662 INFO: Plan 2: ḡ=155, γE[v]=14.0, Q=169.0 (fn)
2026-09-23 15:11:09,663 INFO: Plan 0: ḡ=9.0, γE[v]=41.2, Q=50.2 (bayes)
2026-09-23 15:11:09,663 INFO: Plan 1: ḡ=13.0, γE[v]=41.3, Q=54.2 (bayes)
2026-09-23 15:11:09,663 INFO: Plan 2: ḡ=77.5, γE[v]=7.6, Q=85.1 (bayes)
2026-09-23 15:11:10,411 INFO: Plan 2: ḡ=106, γE[v]=0.0, Q=106.0 (fn)
2026-09-23 15:11:10,450 INFO: Plan 1: ḡ=28, γE[v]=2.0, Q=30.0 (fn)
2026-09-23 15:11:10,450 INFO: Plan 0: ḡ=7.0, γE[v]=2.0, Q=9.0 (bayes)
2026-09-23 15:11:10,450 INFO: Plan 1: ḡ=9.3, γE[v]=1.0, Q=10.3 (bayes)
2026-09-23 15:11:10,450 INFO: Plan 2: ḡ=3.3, γE[v]=3.8, Q=7.2 (bayes)
2026-09-23 15:11:11,213 INFO: Plan 1: ḡ=12, γE[v]=0.0, Q=12.0 (fn)
2026-09-23 15:11:12,202 INFO: Plan 0: ḡ=37, γE[v]=3.5, Q=40.5 (fn)
2026-09-23 15:11:12,202 INFO: Plan 0: ḡ=18.5, γE[v]=19.7, Q=38.2 (bayes)
2026-09-23 15:11:12,203 INFO: Plan 1: ḡ=6.0, γE[v]=25.8, Q=31.8 (bayes)
2026-09-23 15:11:12,203 INFO: Plan 2: ḡ=35.7, γE[v]=11.0, Q=46.7 (bayes)
2026-09-23 15:11:14,276 INFO: Plan 0: ḡ=21, γE[v]=0.0, Q=21.0 (fn)
2026-09-23 15:11:14,277 INFO: Plan 2: ḡ=23, γE[v]=0.0, Q=23.0 (fn)
2026-09-23 15:11:14,950 INFO: Plan 0: ḡ=80, γE[v]=6.5, Q=86.5 (fn)
2026-09-23 15:11:17,597 INFO: Plan 1: ḡ=71, γE[v]=19.0, Q=90.0 (fn)
2026-09-23 15:11:17,598 INFO: Plan 0: ḡ=7.0, γE[v]=14.7, Q=21.7 (bayes)
2026-09-23 15:11:17,598 INFO: Plan 1: ḡ=23.7, γE[v]=7.5, Q=31.1 (bayes)
2026-09-23 15:11:17,598 INFO: Plan 2: ḡ=7.7, γE[v]=14.3, Q=22.0 (bayes)
2026-09-23 15:11:18,557 INFO: Plan 2: ḡ=9, γE[v]=0.0, Q=9.0 (fn)
2026-09-23 15:11:18,598 INFO: Plan 0: ḡ=7, γE[v]=0.0, Q=7.0 (fn)
2026-09-23 15:11:18,642 INFO: Plan 0: ḡ=23, γE[v]=0.0, Q=23.0 (fn)
2026-09-23 15:11:18,985 INFO: Plan 1: ḡ=8, γE[v]=3.5, Q=11.5 (fn)
2026-09-23 15:11:18,986 INFO: Plan 0: ḡ=2.3, γE[v]=1.5, Q=3.8 (bayes)
2026-09-23 15:11:18,986 INFO: Plan 1: ḡ=2.7, γE[v]=1.5, Q=4.2 (bayes)
2026-09-23 15:11:18,986 INFO: Plan 2: ḡ=3.0, γE[v]=1.2, Q=4.2 (bayes)
2026-09-23 15:11:20,820 INFO: Plan 2: ḡ=168, γE[v]=35.0, Q=203.0 (fn)
2026-09-23 15:11:22,544 INFO: Plan 1: ḡ=54, γE[v]=97.5, Q=151.5 (fn)
2026-09-23 15:11:22,544 INFO: Plan 0: ḡ=40.0, γE[v]=61.0, Q=101.0 (bayes)
2026-09-23 15:11:22,544 INFO: Plan 1: ḡ=27.0, γE[v]=71.6, Q=98.6 (bayes)
2026-09-23 15:11:22,545 INFO: Plan 2: ḡ=84.0, γE[v]=40.3, Q=124.3 (bayes)
2026-09-23 15:11:23,488 INFO: Plan 0: ḡ=54, γE[v]=0.0, Q=54.0 (fn)
2026-09-23 15:11:23,675 INFO: Plan 1: ḡ=107, γE[v]=0.0, Q=107.0 (fn)
2026-09-23 15:11:23,717 INFO: Plan 2: ḡ=64, γE[v]=0.0, Q=64.0 (fn)
2026-09-23 15:11:23,718 INFO: Plan 0: ḡ=24.7, γE[v]=29.8, Q=54.5 (bayes)
2026-09-23 15:11:23,718 INFO: Plan 1: ḡ=39.0, γE[v]=22.7, Q=61.7 (bayes)
2026-09-23 15:11:23,718 INFO: Plan 2: ḡ=23.5, γE[v]=30.4, Q=53.9 (bayes)
2026-09-23 15:11:25,957 INFO: Plan 2: ḡ=113, γE[v]=29.5, Q=142.5 (fn)
2026-09-23 15:11:26,166 INFO: Plan 1: ḡ=2, γE[v]=0.0, Q=2.0 (fn)
2026-09-23 15:11:27,074 INFO: Plan 2: ḡ=4, γE[v]=0.0, Q=4.0 (fn)
2026-09-23 15:11:27,913 INFO: Plan 0: ḡ=18, γE[v]=0.0, Q=18.0 (fn)
2026-09-23 15:11:28,422 INFO: Plan 0: ḡ=4, γE[v]=1.0, Q=5.0 (fn)
2026-09-23 15:11:28,423 INFO: Plan 0: ḡ=1.3, γE[v]=0.4, Q=1.7 (bayes)
2026-09-23 15:11:28,423 INFO: Plan 1: ḡ=0.7, γE[v]=0.7, Q=1.3 (bayes)
2026-09-23 15:11:28,423 INFO: Plan 2: ḡ=1.3, γE[v]=0.3, Q=1.7 (bayes)
2026-09-23 15:11:28,662 INFO: Plan 2: ḡ=71, γE[v]=0.0, Q=71.0 (fn)
2026-09-23 15:11:30,116 INFO: Plan 1: ḡ=66, γE[v]=0.0, Q=66.0 (fn)
2026-09-23 15:11:30,403 INFO: Plan 2: ḡ=94, γE[v]=0.0, Q=94.0 (fn)
2026-09-23 15:11:30,717 INFO: Plan 0: ḡ=56, γE[v]=0.0, Q=56.0 (fn)
2026-09-23 15:11:30,718 INFO: Plan 0: ḡ=26.7, γE[v]=95.2, Q=121.9 (bayes)
2026-09-23 15:11:30,718 INFO: Plan 1: ḡ=33.0, γE[v]=92.1, Q=125.1 (bayes)
2026-09-23 15:11:30,718 INFO: Plan 2: ḡ=47.0, γE[v]=85.1, Q=132.1 (bayes)
2026-09-23 15:11:31,196 INFO: Plan 1: ḡ=153, γE[v]=40.5, Q=193.5 (fn)
2026-09-23 15:11:31,197 INFO: Plan 0: ḡ=11.5, γE[v]=155.5, Q=167.0 (bayes)
2026-09-23 15:11:31,197 INFO: Plan 1: ḡ=76.5, γE[v]=124.8, Q=201.3 (bayes)
2026-09-23 15:11:31,197 INFO: Plan 2: ḡ=56.5, γE[v]=134.3, Q=190.8 (bayes)
2026-09-23 15:11:32,940 INFO: Plan 1: ḡ=8, γE[v]=0.0, Q=8.0 (fn)
2026-09-23 15:11:32,943 INFO: Plan 0: ḡ=44, γE[v]=0.0, Q=44.0 (fn)
2026-09-23 15:11:33,426 INFO: Plan 0: ḡ=32, γE[v]=0.0, Q=32.0 (fn)
2026-09-23 15:11:33,588 INFO: Plan 1: ḡ=284, γE[v]=65.5, Q=349.5 (fn)
2026-09-23 15:11:33,589 INFO: Plan 0: ḡ=7.3, γE[v]=78.9, Q=86.2 (bayes)
2026-09-23 15:11:33,589 INFO: Plan 1: ḡ=100.0, γE[v]=36.5, Q=136.5 (bayes)
2026-09-23 15:11:33,589 INFO: Plan 2: ḡ=29.0, γE[v]=68.1, Q=97.1 (bayes)
2026-09-23 15:11:34,792 INFO: Plan 2: ḡ=21, γE[v]=1.0, Q=22.0 (fn)
2026-09-23 15:11:34,793 INFO: Plan 0: ḡ=16.0, γE[v]=46.0, Q=62.0 (bayes)
2026-09-23 15:11:34,793 INFO: Plan 1: ḡ=3.5, γE[v]=52.2, Q=55.8 (bayes)
2026-09-23 15:11:34,793 INFO: Plan 2: ḡ=8.0, γE[v]=50.0, Q=58.0 (bayes)
2026-09-23 15:11:38,178 INFO: Plan 2: ḡ=21, γE[v]=96.5, Q=117.5 (fn)
2026-09-23 15:11:46,078 INFO: Plan 1: ḡ=88, γE[v]=0.0, Q=88.0 (fn)
2026-09-23 15:11:46,399 INFO: Plan 0: ḡ=117, γE[v]=0.0, Q=117.0 (fn)
2026-09-23 15:11:46,797 INFO: Plan 0: ḡ=10, γE[v]=0.0, Q=10.0 (fn)
2026-09-23 15:11:47,276 INFO: Plan 1: ḡ=377, γE[v]=115.5, Q=492.5 (fn)
2026-09-23 15:11:47,277 INFO: Plan 0: ḡ=14.7, γE[v]=227.9, Q=242.6 (bayes)
2026-09-23 15:11:47,277 INFO: Plan 1: ḡ=156.2, γE[v]=162.7, Q=318.9 (bayes)
2026-09-23 15:11:47,277 INFO: Plan 2: ḡ=10.5, γE[v]=234.5, Q=245.0 (bayes)
2026-09-23 15:11:47,578 INFO: Plan 2: ḡ=43, γE[v]=0.0, Q=43.0 (fn)
2026-09-23 15:11:48,266 INFO: Plan 2: ḡ=43, γE[v]=0.0, Q=43.0 (fn)
2026-09-23 15:11:48,626 INFO: Plan 0: ḡ=37, γE[v]=0.0, Q=37.0 (fn)
2026-09-23 15:11:50,053 INFO: Plan 0: ḡ=51, γE[v]=0.0, Q=51.0 (fn)
2026-09-23 15:11:50,462 INFO: Plan 1: ḡ=99, γE[v]=20.0, Q=119.0 (fn)
2026-09-23 15:11:50,462 INFO: Plan 0: ḡ=5.0, γE[v]=21.5, Q=26.5 (bayes)
2026-09-23 15:11:50,462 INFO: Plan 1: ḡ=33.0, γE[v]=8.6, Q=41.6 (bayes)
2026-09-23 15:11:50,463 INFO: Plan 2: ḡ=14.3, γE[v]=16.8, Q=31.2 (bayes)
2026-09-23 15:11:51,165 INFO: Plan 1: ḡ=61, γE[v]=0.0, Q=61.0 (fn)
2026-09-23 15:11:51,166 INFO: Plan 0: ḡ=15.7, γE[v]=27.9, Q=43.6 (bayes)
2026-09-23 15:11:51,166 INFO: Plan 1: ḡ=20.3, γE[v]=25.6, Q=45.9 (bayes)
2026-09-23 15:11:51,166 INFO: Plan 2: ḡ=21.5, γE[v]=25.0, Q=46.5 (bayes)
2026-09-23 15:11:53,127 INFO: Plan 0: ḡ=142, γE[v]=0.0, Q=142.0 (fn)
2026-09-23 15:11:53,310 INFO: Plan 2: ḡ=44, γE[v]=0.0, Q=44.0 (fn)
2026-09-23 15:11:54,234 INFO: Plan 1: ḡ=59, γE[v]=0.0, Q=59.0 (fn)
2026-09-23 15:11:54,235 INFO: Plan 0: ḡ=68.5, γE[v]=24.0, Q=92.5 (bayes)
2026-09-23 15:11:54,235 INFO: Plan 1: ḡ=29.5, γE[v]=43.5, Q=73.0 (bayes)
2026-09-23 15:11:54,235 INFO: Plan 2: ḡ=22.0, γE[v]=47.2, Q=69.2 (bayes)
2026-09-23 15:11:55,879 INFO: Plan 2: ḡ=224, γE[v]=95.0, Q=319.0 (fn)
2026-09-23 15:11:55,880 INFO: Plan 0: ḡ=51.0, γE[v]=121.9, Q=172.9 (bayes)
2026-09-23 15:11:55,880 INFO: Plan 1: ḡ=44.0, γE[v]=125.4, Q=169.4 (bayes)
2026-09-23 15:11:55,880 INFO: Plan 2: ḡ=103.7, γE[v]=99.9, Q=203.5 (bayes)
2026-09-23 15:11:57,313 INFO: Plan 1: ḡ=34, γE[v]=16.0, Q=50.0 (fn)
2026-09-23 15:12:02,889 INFO: Plan 1: ḡ=451, γE[v]=6.5, Q=457.5 (fn)
2026-09-23 15:12:03,128 INFO: Plan 2: ḡ=441, γE[v]=14.5, Q=455.5 (fn)
2026-09-23 15:12:03,129 INFO: Plan 0: ḡ=25.5, γE[v]=116.2, Q=141.8 (bayes)
2026-09-23 15:12:03,129 INFO: Plan 1: ḡ=17.0, γE[v]=121.2, Q=138.2 (bayes)
2026-09-23 15:12:03,129 INFO: Plan 2: ḡ=220.5, γE[v]=19.4, Q=239.9 (bayes)
2026-09-23 15:12:03,340 INFO: Plan 0: ḡ=456, γE[v]=5.0, Q=461.0 (fn)
2026-09-23 15:12:03,955 INFO: Plan 2: ḡ=460, γE[v]=3.0, Q=463.0 (fn)
2026-09-23 15:12:03,955 INFO: Plan 0: ḡ=152.0, γE[v]=2.0, Q=154.0 (bayes)
2026-09-23 15:12:03,955 INFO: Plan 1: ḡ=150.3, γE[v]=2.9, Q=153.2 (bayes)
2026-09-23 15:12:03,956 INFO: Plan 2: ḡ=153.3, γE[v]=1.2, Q=154.5 (bayes)
2026-09-23 15:12:04,033 INFO: Plan 1: ḡ=0, γE[v]=0.0, Q=0.0 (fn)
2026-09-23 15:12:04,264 INFO: Plan 2: ḡ=0, γE[v]=0.0, Q=0.0 (fn)
2026-09-23 15:12:04,618 INFO: Plan 0: ḡ=20, γE[v]=0.0, Q=20.0 (fn)
2026-09-23 15:12:04,619 INFO: Plan 0: ḡ=6.7, γE[v]=0.0, Q=6.7 (bayes)
2026-09-23 15:12:04,619 INFO: Plan 1: ḡ=0.0, γE[v]=3.3, Q=3.3 (bayes)
2026-09-23 15:12:04,619 INFO: Plan 2: ḡ=0.0, γE[v]=3.3, Q=3.3 (bayes)
2026-09-23 15:12:11,357 INFO: Plan 0: ḡ=36, γE[v]=0.0, Q=36.0 (fn)
2026-09-23 15:12:12,188 INFO: Plan 2: ḡ=18, γE[v]=0.0, Q=18.0 (fn)
2026-09-23 15:12:14,705 INFO: Plan 0: ḡ=17, γE[v]=0.0, Q=17.0 (fn)
2026-09-23 15:12:15,609 INFO: Plan 1: ḡ=53, γE[v]=0.0, Q=53.0 (fn)
2026-09-23 15:12:15,971 INFO: Plan 1: ḡ=37, γE[v]=7.0, Q=44.0 (fn)
2026-09-23 15:12:15,972 INFO: Plan 0: ḡ=18.0, γE[v]=50.3, Q=68.3 (bayes)
2026-09-23 15:12:15,972 INFO: Plan 1: ḡ=13.7, γE[v]=52.9, Q=66.6 (bayes)
2026-09-23 15:12:15,972 INFO: Plan 2: ḡ=7.5, γE[v]=55.6, Q=63.1 (bayes)
2026-09-23 15:12:16,611 INFO: Plan 2: ḡ=111, γE[v]=0.0, Q=111.0 (fn)
2026-09-23 15:12:16,611 INFO: Plan 0: ḡ=8.5, γE[v]=100.4, Q=108.9 (bayes)
2026-09-23 15:12:16,611 INFO: Plan 1: ḡ=26.5, γE[v]=91.4, Q=117.9 (bayes)
2026-09-23 15:12:16,611 INFO: Plan 2: ḡ=55.5, γE[v]=76.9, Q=132.4 (bayes)
2026-09-23 15:12:26,480 INFO: Plan 2: ḡ=16, γE[v]=0.0, Q=16.0 (fn)
2026-09-23 15:12:27,028 INFO: Plan 0: ḡ=5, γE[v]=0.0, Q=5.0 (fn)
2026-09-23 15:12:29,572 INFO: Plan 1: ḡ=14, γE[v]=0.0, Q=14.0 (fn)
2026-09-23 15:12:29,572 INFO: Plan 0: ḡ=1.7, γE[v]=3.8, Q=5.5 (bayes)
2026-09-23 15:12:29,572 INFO: Plan 1: ḡ=4.7, γE[v]=2.3, Q=7.0 (bayes)
2026-09-23 15:12:29,572 INFO: Plan 2: ḡ=5.3, γE[v]=2.0, Q=7.3 (bayes)
2026-09-23 15:12:32,580 INFO: Plan 2: ḡ=30, γE[v]=0.0, Q=30.0 (fn)
2026-09-23 15:12:33,108 INFO: Plan 0: ḡ=104, γE[v]=0.0, Q=104.0 (fn)
2026-09-23 15:12:33,652 INFO: Plan 1: ḡ=6, γE[v]=0.0, Q=6.0 (fn)
2026-09-23 15:12:34,518 INFO: Plan 2: ḡ=49, γE[v]=0.0, Q=49.0 (fn)
2026-09-23 15:12:34,915 INFO: Plan 1: ḡ=53, γE[v]=0.0, Q=53.0 (fn)
2026-09-23 15:12:35,193 INFO: Plan 2: ḡ=23, γE[v]=0.0, Q=23.0 (fn)
2026-09-23 15:12:35,884 INFO: Plan 2: ḡ=4, γE[v]=0.0, Q=4.0 (fn)
2026-09-23 15:12:35,885 INFO: Plan 0: ḡ=38, γE[v]=2.0, Q=40.0 (fn)
2026-09-23 15:12:35,885 INFO: Plan 0: ḡ=19.0, γE[v]=43.8, Q=62.8 (bayes)
2026-09-23 15:12:35,885 INFO: Plan 1: ḡ=3.0, γE[v]=51.8, Q=54.8 (bayes)
2026-09-23 15:12:35,886 INFO: Plan 2: ḡ=24.5, γE[v]=41.0, Q=65.5 (bayes)
2026-09-23 15:12:36,563 INFO: Plan 1: ḡ=25, γE[v]=0.0, Q=25.0 (fn)
2026-09-23 15:12:37,064 INFO: Plan 0: ḡ=76, γE[v]=19.5, Q=95.5 (fn)
2026-09-23 15:12:37,064 INFO: Plan 0: ḡ=38.0, γE[v]=10.6, Q=48.6 (bayes)
2026-09-23 15:12:37,064 INFO: Plan 1: ḡ=26.5, γE[v]=15.5, Q=42.0 (bayes)
2026-09-23 15:12:37,064 INFO: Plan 2: ḡ=11.5, γE[v]=23.0, Q=34.5 (bayes)
2026-09-23 15:12:37,364 INFO: Plan 0: ḡ=13, γE[v]=0.0, Q=13.0 (fn)
2026-09-23 15:12:37,406 INFO: Plan 0: ḡ=58, γE[v]=0.0, Q=58.0 (fn)
2026-09-23 15:12:37,406 INFO: Plan 2: ḡ=22, γE[v]=0.0, Q=22.0 (fn)
2026-09-23 15:12:37,674 INFO: Plan 1: ḡ=19, γE[v]=4.5, Q=23.5 (fn)
2026-09-23 15:12:37,675 INFO: Plan 0: ḡ=29.0, γE[v]=7.5, Q=36.5 (bayes)
2026-09-23 15:12:37,675 INFO: Plan 1: ḡ=9.5, γE[v]=17.5, Q=26.9 (bayes)
2026-09-23 15:12:37,675 INFO: Plan 2: ḡ=10.5, γE[v]=16.8, Q=27.2 (bayes)
2026-09-23 15:12:39,676 INFO: Plan 1: ḡ=6, γE[v]=0.0, Q=6.0 (fn)
2026-09-23 15:12:40,189 INFO: Plan 2: ḡ=7, γE[v]=0.0, Q=7.0 (fn)
2026-09-23 15:12:40,489 INFO: Plan 1: ḡ=9, γE[v]=2.5, Q=11.5 (fn)
2026-09-23 15:12:40,698 INFO: Plan 1: ḡ=138, γE[v]=34.5, Q=172.5 (fn)
2026-09-23 15:12:40,698 INFO: Plan 0: ḡ=38.7, γE[v]=69.3, Q=108.0 (bayes)
2026-09-23 15:12:40,698 INFO: Plan 1: ḡ=57.0, γE[v]=61.7, Q=118.7 (bayes)
2026-09-23 15:12:40,699 INFO: Plan 2: ḡ=15.0, γE[v]=81.2, Q=96.2 (bayes)
2026-09-23 15:12:41,355 INFO: Plan 0: ḡ=198, γE[v]=0.0, Q=198.0 (fn)
2026-09-23 15:12:41,362 INFO: Plan 0: ḡ=66.0, γE[v]=2.6, Q=68.6 (bayes)
2026-09-23 15:12:41,362 INFO: Plan 1: ḡ=3.0, γE[v]=34.1, Q=37.1 (bayes)
2026-09-23 15:12:41,362 INFO: Plan 2: ḡ=3.2, γE[v]=34.0, Q=37.2 (bayes)
2026-09-23 15:12:41,520 INFO: Plan 0: ḡ=9, γE[v]=2.5, Q=11.5 (fn)
2026-09-23 15:12:41,521 INFO: Plan 0: ḡ=4.5, γE[v]=1.4, Q=5.9 (bayes)
2026-09-23 15:12:41,521 INFO: Plan 1: ḡ=4.5, γE[v]=1.4, Q=5.9 (bayes)
2026-09-23 15:12:41,521 INFO: Plan 2: ḡ=2.0, γE[v]=2.5, Q=4.5 (bayes)
2026-09-23 15:12:42,692 INFO: Plan 2: ḡ=30, γE[v]=0.0, Q=30.0 (fn)
2026-09-23 15:12:43,028 INFO: Plan 1: ḡ=59, γE[v]=0.0, Q=59.0 (fn)
2026-09-23 15:12:43,033 INFO: Plan 0: ḡ=11, γE[v]=0.0, Q=11.0 (fn)
2026-09-23 15:12:43,034 INFO: Plan 0: ḡ=73, γE[v]=0.0, Q=73.0 (fn)
2026-09-23 15:12:43,035 INFO: Plan 2: ḡ=4, γE[v]=0.0, Q=4.0 (fn)
2026-09-23 15:12:43,036 INFO: Plan 0: ḡ=28.5, γE[v]=22.2, Q=50.8 (bayes)
2026-09-23 15:12:43,036 INFO: Plan 1: ḡ=29.5, γE[v]=21.8, Q=51.2 (bayes)
2026-09-23 15:12:43,036 INFO: Plan 2: ḡ=15.0, γE[v]=29.0, Q=44.0 (bayes)
2026-09-23 15:12:43,590 INFO: Plan 2: ḡ=83, γE[v]=148.0, Q=231.0 (fn)
2026-09-23 15:12:43,590 INFO: Plan 0: ḡ=6.5, γE[v]=115.5, Q=122.0 (bayes)
2026-09-23 15:12:43,590 INFO: Plan 1: ḡ=12.5, γE[v]=112.5, Q=125.0 (bayes)
2026-09-23 15:12:43,590 INFO: Plan 2: ḡ=35.7, γE[v]=109.8, Q=145.5 (bayes)
2026-09-23 15:12:44,056 INFO: Plan 1: ḡ=12, γE[v]=0.0, Q=12.0 (fn)
2026-09-23 15:12:44,227 INFO: Plan 1: ḡ=5, γE[v]=0.0, Q=5.0 (fn)
2026-09-23 15:12:44,268 INFO: Plan 0: ḡ=8, γE[v]=0.0, Q=8.0 (fn)
2026-09-23 15:12:44,269 INFO: Plan 0: ḡ=2.0, γE[v]=1.3, Q=3.3 (bayes)
2026-09-23 15:12:44,269 INFO: Plan 1: ḡ=1.3, γE[v]=1.7, Q=3.0 (bayes)
2026-09-23 15:12:44,269 INFO: Plan 2: ḡ=1.3, γE[v]=1.7, Q=3.0 (bayes)
2026-09-23 15:12:44,847 INFO: Plan 2: ḡ=1, γE[v]=0.0, Q=1.0 (fn)
2026-09-23 15:12:45,047 INFO: Plan 0: ḡ=2, γE[v]=0.0, Q=2.0 (fn)
2026-09-23 15:12:45,206 INFO: Plan 1: ḡ=10, γE[v]=0.0, Q=10.0 (fn)
2026-09-23 15:12:45,207 INFO: Plan 0: ḡ=0.7, γE[v]=1.7, Q=2.3 (bayes)
2026-09-23 15:12:45,207 INFO: Plan 1: ḡ=3.3, γE[v]=0.3, Q=3.7 (bayes)
2026-09-23 15:12:45,207 INFO: Plan 2: ḡ=0.3, γE[v]=1.8, Q=2.2 (bayes)
2026-09-23 15:12:45,545 INFO: Plan 0: ḡ=23, γE[v]=6.0, Q=29.0 (fn)
2026-09-23 15:12:46,117 INFO: Plan 2: ḡ=15, γE[v]=10.0, Q=25.0 (fn)
2026-09-23 15:12:46,117 INFO: Plan 0: ḡ=7.7, γE[v]=2.4, Q=10.0 (bayes)
2026-09-23 15:12:46,117 INFO: Plan 1: ḡ=4.0, γE[v]=3.8, Q=7.8 (bayes)
2026-09-23 15:12:46,117 INFO: Plan 2: ḡ=5.0, γE[v]=3.9, Q=8.9 (bayes)
2026-09-23 15:12:46,769 INFO: Plan 1: ḡ=71, γE[v]=5.5, Q=76.5 (fn)
2026-09-23 15:12:46,810 INFO: Plan 2: ḡ=71, γE[v]=46.5, Q=117.5 (fn)
2026-09-23 15:12:46,811 INFO: Plan 0: ḡ=5.5, γE[v]=107.0, Q=112.5 (bayes)
2026-09-23 15:12:46,811 INFO: Plan 1: ḡ=35.5, γE[v]=92.2, Q=127.8 (bayes)
2026-09-23 15:12:46,811 INFO: Plan 2: ḡ=35.5, γE[v]=94.1, Q=129.6 (bayes)
2026-09-23 15:12:49,374 INFO: Plan 0: ḡ=109, γE[v]=0.0, Q=109.0 (fn)
2026-09-23 15:12:49,750 INFO: Plan 2: ḡ=186, γE[v]=0.0, Q=186.0 (fn)
2026-09-23 15:12:50,309 INFO: Plan 1: ḡ=120, γE[v]=0.0, Q=120.0 (fn)
2026-09-23 15:12:51,078 INFO: Plan 1: ḡ=99, γE[v]=4.0, Q=103.0 (fn)
2026-09-23 15:12:51,079 INFO: Plan 0: ḡ=54.5, γE[v]=86.8, Q=141.2 (bayes)
2026-09-23 15:12:51,079 INFO: Plan 1: ḡ=49.5, γE[v]=89.4, Q=138.9 (bayes)
2026-09-23 15:12:51,079 INFO: Plan 2: ḡ=93.0, γE[v]=67.5, Q=160.5 (bayes)
2026-09-23 15:12:51,560 INFO: Plan 0: ḡ=125, γE[v]=7.0, Q=132.0 (fn)
2026-09-23 15:12:55,641 INFO: Plan 2: ḡ=129, γE[v]=48.5, Q=177.5 (fn)
2026-09-23 15:12:55,641 INFO: Plan 0: ḡ=62.5, γE[v]=81.1, Q=143.6 (bayes)
2026-09-23 15:12:55,641 INFO: Plan 1: ḡ=49.0, γE[v]=87.5, Q=136.5 (bayes)
2026-09-23 15:12:55,642 INFO: Plan 2: ḡ=64.5, γE[v]=81.9, Q=146.4 (bayes)
2026-09-23 15:13:01,310 INFO: Plan 1: ḡ=40, γE[v]=0.0, Q=40.0 (fn)
2026-09-23 15:13:01,311 INFO: Plan 2: ḡ=105, γE[v]=0.0, Q=105.0 (fn)
2026-09-23 15:13:02,106 INFO: Plan 1: ḡ=17, γE[v]=0.0, Q=17.0 (fn)
2026-09-23 15:13:02,262 INFO: Plan 0: ḡ=29, γE[v]=0.0, Q=29.0 (fn)
2026-09-23 15:13:02,860 INFO: Plan 0: ḡ=24, γE[v]=0.0, Q=24.0 (fn)
2026-09-23 15:13:03,065 INFO: Plan 0: ḡ=298, γE[v]=0.0, Q=298.0 (fn)
2026-09-23 15:13:04,111 INFO: Plan 1: ḡ=224, γE[v]=0.0, Q=224.0 (fn)
2026-09-23 15:13:04,112 INFO: Plan 0: ḡ=105.7, γE[v]=77.3, Q=183.0 (bayes)
2026-09-23 15:13:04,112 INFO: Plan 1: ḡ=78.0, γE[v]=91.2, Q=169.2 (bayes)
2026-09-23 15:13:04,112 INFO: Plan 2: ḡ=44.0, γE[v]=108.2, Q=152.2 (bayes)
2026-09-23 15:13:07,429 INFO: Plan 2: ḡ=130, γE[v]=24.0, Q=154.0 (fn)
2026-09-23 15:13:07,429 INFO: Plan 0: ḡ=9.7, γE[v]=26.2, Q=35.9 (bayes)
2026-09-23 15:13:07,429 INFO: Plan 1: ḡ=13.3, γE[v]=24.4, Q=37.8 (bayes)
2026-09-23 15:13:07,430 INFO: Plan 2: ḡ=43.3, γE[v]=10.8, Q=54.2 (bayes)
2026-09-23 15:13:07,469 INFO: Plan 2: ḡ=19, γE[v]=0.0, Q=19.0 (fn)
2026-09-23 15:13:08,292 INFO: Plan 2: ḡ=0, γE[v]=0.0, Q=0.0 (fn)
2026-09-23 15:13:08,761 INFO: Plan 2: ḡ=63, γE[v]=11.0, Q=74.0 (fn)
2026-09-23 15:13:08,761 INFO: Plan 0: ḡ=6.0, γE[v]=7.6, Q=13.6 (bayes)
2026-09-23 15:13:08,761 INFO: Plan 1: ḡ=4.2, γE[v]=8.5, Q=12.8 (bayes)
2026-09-23 15:13:08,761 INFO: Plan 2: ḡ=15.8, γE[v]=3.5, Q=19.2 (bayes)
2026-09-23 15:13:09,398 INFO: Plan 0: ḡ=14, γE[v]=0.0, Q=14.0 (fn)
2026-09-23 15:13:09,954 INFO: Plan 1: ḡ=7, γE[v]=3.5, Q=10.5 (fn)
2026-09-23 15:13:09,954 INFO: Plan 0: ḡ=4.7, γE[v]=0.0, Q=4.7 (bayes)
2026-09-23 15:13:09,954 INFO: Plan 1: ḡ=2.3, γE[v]=1.4, Q=3.7 (bayes)
2026-09-23 15:13:09,954 INFO: Plan 2: ḡ=0.0, γE[v]=2.3, Q=2.3 (bayes)
2026-09-23 15:13:10,545 INFO: Plan 1: ḡ=49, γE[v]=0.0, Q=49.0 (fn)
2026-09-23 15:13:11,778 INFO: Plan 0: ḡ=51, γE[v]=0.0, Q=51.0 (fn)
2026-09-23 15:13:12,506 INFO: Plan 1: ḡ=2, γE[v]=0.0, Q=2.0 (fn)
2026-09-23 15:13:12,757 INFO: Plan 2: ḡ=42, γE[v]=0.0, Q=42.0 (fn)
2026-09-23 15:13:12,964 INFO: Plan 2: ḡ=0, γE[v]=0.0, Q=0.0 (fn)
2026-09-23 15:13:13,207 INFO: Plan 0: ḡ=8, γE[v]=0.0, Q=8.0 (fn)
2026-09-23 15:13:13,207 INFO: Plan 0: ḡ=2.6, γE[v]=0.0, Q=2.6 (bayes)
2026-09-23 15:13:13,207 INFO: Plan 1: ḡ=1.0, γE[v]=0.8, Q=1.8 (bayes)
2026-09-23 15:13:13,207 INFO: Plan 2: ḡ=0.0, γE[v]=1.3, Q=1.3 (bayes)
2026-09-23 15:13:13,699 INFO: Plan 0: ḡ=46, γE[v]=30.0, Q=76.0 (fn)
2026-09-23 15:13:13,699 INFO: Plan 0: ḡ=21.7, γE[v]=59.4, Q=81.0 (bayes)
2026-09-23 15:13:13,700 INFO: Plan 1: ḡ=19.7, γE[v]=59.0, Q=78.7 (bayes)
2026-09-23 15:13:13,700 INFO: Plan 2: ḡ=9.5, γE[v]=64.1, Q=73.6 (bayes)
2026-09-23 15:13:15,552 INFO: Plan 2: ḡ=42, γE[v]=0.0, Q=42.0 (fn)
2026-09-23 15:13:16,106 INFO: Plan 2: ḡ=24, γE[v]=0.0, Q=24.0 (fn)
2026-09-23 15:13:18,081 INFO: Plan 0: ḡ=5, γE[v]=0.0, Q=5.0 (fn)
2026-09-23 15:13:18,117 INFO: Plan 1: ḡ=16, γE[v]=0.0, Q=16.0 (fn)
2026-09-23 15:13:18,408 INFO: Plan 2: ḡ=4, γE[v]=0.0, Q=4.0 (fn)
2026-09-23 15:13:18,409 INFO: Plan 0: ḡ=1.2, γE[v]=2.5, Q=3.8 (bayes)
2026-09-23 15:13:18,409 INFO: Plan 1: ḡ=4.0, γE[v]=1.2, Q=5.2 (bayes)
2026-09-23 15:13:18,409 INFO: Plan 2: ḡ=1.1, γE[v]=2.6, Q=3.7 (bayes)
2026-09-23 15:13:19,701 INFO: Plan 1: ḡ=77, γE[v]=53.5, Q=130.5 (fn)
2026-09-23 15:13:19,701 INFO: Plan 0: ḡ=25.5, γE[v]=38.8, Q=64.2 (bayes)
2026-09-23 15:13:19,701 INFO: Plan 1: ḡ=38.5, γE[v]=34.7, Q=73.2 (bayes)
2026-09-23 15:13:19,701 INFO: Plan 2: ḡ=21.0, γE[v]=41.0, Q=62.0 (bayes)
2026-09-23 15:13:20,256 INFO: Plan 0: ḡ=43, γE[v]=40.0, Q=83.0 (fn)
2026-09-23 15:13:20,638 INFO: Plan 1: ḡ=41, γE[v]=18.0, Q=59.0 (fn)
2026-09-23 15:13:20,639 INFO: Plan 0: ḡ=21.5, γE[v]=74.2, Q=95.7 (bayes)
2026-09-23 15:13:20,639 INFO: Plan 1: ḡ=20.5, γE[v]=73.7, Q=94.2 (bayes)
2026-09-23 15:13:20,639 INFO: Plan 2: ḡ=14.7, γE[v]=75.8, Q=90.5 (bayes)
2026-09-23 15:13:22,007 INFO: Plan 0: ḡ=22, γE[v]=0.0, Q=22.0 (fn)
2026-09-23 15:13:22,127 INFO: Plan 1: ḡ=13, γE[v]=0.0, Q=13.0 (fn)
2026-09-23 15:13:23,991 INFO: Plan 1: ḡ=35, γE[v]=12.0, Q=47.0 (fn)
2026-09-23 15:13:25,145 INFO: Plan 0: ḡ=8, γE[v]=10.0, Q=18.0 (fn)
2026-09-23 15:13:25,145 INFO: Plan 0: ḡ=3.8, γE[v]=26.5, Q=30.3 (bayes)
2026-09-23 15:13:25,146 INFO: Plan 1: ḡ=11.7, γE[v]=22.6, Q=34.3 (bayes)
2026-09-23 15:13:25,146 INFO: Plan 2: ḡ=11.3, γE[v]=22.2, Q=33.5 (bayes)
2026-09-23 15:13:25,918 INFO: Plan 2: ḡ=84, γE[v]=0.5, Q=84.5 (fn)
2026-09-23 15:13:25,918 INFO: Plan 0: ḡ=8.5, γE[v]=11.2, Q=19.8 (bayes)
2026-09-23 15:13:25,918 INFO: Plan 1: ḡ=5.7, γE[v]=12.7, Q=18.3 (bayes)
2026-09-23 15:13:25,919 INFO: Plan 2: ḡ=30.7, γE[v]=0.2, Q=30.9 (bayes)
2026-09-23 15:13:27,722 INFO: Plan 1: ḡ=82, γE[v]=0.0, Q=82.0 (fn)
2026-09-23 15:13:28,963 INFO: Plan 0: ḡ=46, γE[v]=0.0, Q=46.0 (fn)
2026-09-23 15:13:29,733 INFO: Plan 2: ḡ=36, γE[v]=0.0, Q=36.0 (fn)
2026-09-23 15:13:29,734 INFO: Plan 0: ḡ=23.0, γE[v]=104.2, Q=127.2 (bayes)
2026-09-23 15:13:29,734 INFO: Plan 1: ḡ=34.0, γE[v]=98.8, Q=132.8 (bayes)
2026-09-23 15:13:29,734 INFO: Plan 2: ḡ=18.0, γE[v]=106.8, Q=124.8 (bayes)
2026-09-23 15:13:32,579 INFO: Plan 0: ḡ=11, γE[v]=0.0, Q=11.0 (fn)
2026-09-23 15:13:34,006 INFO: Plan 2: ḡ=15, γE[v]=12.5, Q=27.5 (fn)
2026-09-23 15:13:37,595 INFO: Plan 0: ḡ=8, γE[v]=1.0, Q=9.0 (fn)
2026-09-23 15:13:37,810 INFO: Plan 1: ḡ=10, γE[v]=0.0, Q=10.0 (fn)
2026-09-23 15:13:38,115 INFO: Plan 2: ḡ=8, γE[v]=1.0, Q=9.0 (fn)
2026-09-23 15:13:38,115 INFO: Plan 0: ḡ=4.0, γE[v]=0.5, Q=4.5 (bayes)
2026-09-23 15:13:38,115 INFO: Plan 1: ḡ=5.0, γE[v]=0.0, Q=5.0 (bayes)
2026-09-23 15:13:38,115 INFO: Plan 2: ḡ=4.0, γE[v]=0.5, Q=4.5 (bayes)
2026-09-23 15:13:40,449 INFO: Plan 1: ḡ=24, γE[v]=12.5, Q=36.5 (fn)
2026-09-23 15:13:40,450 INFO: Plan 0: ḡ=3.7, γE[v]=6.3, Q=10.0 (bayes)
2026-09-23 15:13:40,450 INFO: Plan 1: ḡ=8.0, γE[v]=4.9, Q=12.9 (bayes)
2026-09-23 15:13:40,450 INFO: Plan 2: ḡ=5.0, γE[v]=6.4, Q=11.4 (bayes)
2026-09-23 15:13:43,316 INFO: Plan 1: ḡ=7, γE[v]=0.0, Q=7.0 (fn)
2026-09-23 15:13:43,316 INFO: Plan 2: ḡ=0, γE[v]=0.0, Q=0.0 (fn)
2026-09-23 15:13:43,349 INFO: Plan 0: ḡ=1, γE[v]=0.0, Q=1.0 (fn)
2026-09-23 15:13:43,350 INFO: Plan 0: ḡ=0.3, γE[v]=0.9, Q=1.2 (bayes)
2026-09-23 15:13:43,350 INFO: Plan 1: ḡ=1.8, γE[v]=0.2, Q=1.9 (bayes)
2026-09-23 15:13:43,350 INFO: Plan 2: ḡ=0.0, γE[v]=1.0, Q=1.0 (bayes)
2026-09-23 15:13:53,793 INFO: Plan 1: ḡ=78, γE[v]=15.5, Q=93.5 (fn)
2026-09-23 15:13:54,098 INFO: Plan 0: ḡ=20, γE[v]=44.5, Q=64.5 (fn)
2026-09-23 15:13:54,456 INFO: Plan 2: ḡ=30, γE[v]=39.5, Q=69.5 (fn)
2026-09-23 15:13:54,456 INFO: Plan 0: ḡ=5.0, γE[v]=14.1, Q=19.1 (bayes)
2026-09-23 15:13:54,456 INFO: Plan 1: ḡ=19.5, γE[v]=4.9, Q=24.4 (bayes)
2026-09-23 15:13:54,456 INFO: Plan 2: ḡ=7.5, γE[v]=12.5, Q=20.0 (bayes)
2026-09-23 15:13:56,211 INFO: Plan 0: ḡ=80, γE[v]=6.5, Q=86.5 (fn)
2026-09-23 15:13:56,292 INFO: Plan 1: ḡ=2, γE[v]=0.0, Q=2.0 (fn)
2026-09-23 15:13:56,804 INFO: Plan 2: ḡ=3, γE[v]=0.5, Q=3.5 (fn)
2026-09-23 15:13:57,698 INFO: Plan 0: ḡ=2, γE[v]=1.0, Q=3.0 (fn)
2026-09-23 15:13:57,698 INFO: Plan 0: ḡ=0.5, γE[v]=0.3, Q=0.8 (bayes)
2026-09-23 15:13:57,699 INFO: Plan 1: ḡ=0.5, γE[v]=0.2, Q=0.8 (bayes)
2026-09-23 15:13:57,699 INFO: Plan 2: ḡ=0.8, γE[v]=0.2, Q=0.9 (bayes)
2026-09-23 15:14:00,572 INFO: Plan 2: ḡ=242, γE[v]=0.0, Q=242.0 (fn)
2026-09-23 15:14:03,509 INFO: Plan 1: ḡ=77, γE[v]=86.0, Q=163.0 (fn)
2026-09-23 15:14:03,509 INFO: Plan 0: ḡ=36.2, γE[v]=43.2, Q=79.4 (bayes)
2026-09-23 15:14:03,510 INFO: Plan 1: ḡ=27.5, γE[v]=52.3, Q=79.8 (bayes)
2026-09-23 15:14:03,510 INFO: Plan 2: ḡ=81.3, γE[v]=20.2, Q=101.6 (bayes)
2026-09-23 15:14:05,080 INFO: Plan 2: ḡ=71, γE[v]=0.0, Q=71.0 (fn)
2026-09-23 15:14:06,618 INFO: Plan 0: ḡ=27, γE[v]=0.0, Q=27.0 (fn)
2026-09-23 15:14:06,984 INFO: Plan 2: ḡ=54, γE[v]=0.0, Q=54.0 (fn)
2026-09-23 15:14:07,288 INFO: Plan 1: ḡ=82, γE[v]=0.0, Q=82.0 (fn)
2026-09-23 15:14:07,289 INFO: Plan 0: ḡ=11.2, γE[v]=16.7, Q=27.8 (bayes)
2026-09-23 15:14:07,289 INFO: Plan 1: ḡ=25.3, γE[v]=9.6, Q=34.9 (bayes)
2026-09-23 15:14:07,289 INFO: Plan 2: ḡ=20.7, γE[v]=11.9, Q=32.6 (bayes)
2026-09-23 15:14:09,780 INFO: Plan 1: ḡ=71, γE[v]=0.0, Q=71.0 (fn)
2026-09-23 15:14:10,404 INFO: Plan 0: ḡ=69, γE[v]=0.0, Q=69.0 (fn)
2026-09-23 15:14:10,582 INFO: Plan 1: ḡ=48, γE[v]=0.0, Q=48.0 (fn)
2026-09-23 15:14:10,896 INFO: Plan 0: ḡ=33, γE[v]=0.0, Q=33.0 (fn)
2026-09-23 15:14:11,099 INFO: Plan 2: ḡ=19, γE[v]=1.0, Q=20.0 (fn)
2026-09-23 15:14:11,100 INFO: Plan 0: ḡ=30.0, γE[v]=35.5, Q=65.5 (bayes)
2026-09-23 15:14:11,100 INFO: Plan 1: ḡ=35.5, γE[v]=32.8, Q=68.2 (bayes)
2026-09-23 15:14:11,100 INFO: Plan 2: ḡ=7.0, γE[v]=47.0, Q=54.0 (bayes)
2026-09-23 15:14:12,483 INFO: Plan 0: ḡ=178, γE[v]=51.0, Q=229.0 (fn)
2026-09-23 15:14:12,484 INFO: Plan 0: ḡ=84.7, γE[v]=68.6, Q=153.3 (bayes)
2026-09-23 15:14:12,484 INFO: Plan 1: ḡ=24.0, γE[v]=96.7, Q=120.7 (bayes)
2026-09-23 15:14:12,484 INFO: Plan 2: ḡ=31.8, γE[v]=92.8, Q=124.6 (bayes)
2026-09-23 15:14:12,881 INFO: Plan 0: ḡ=1, γE[v]=0.0, Q=1.0 (fn)
2026-09-23 15:14:13,567 INFO: Plan 1: ḡ=9, γE[v]=0.0, Q=9.0 (fn)
2026-09-23 15:14:14,748 INFO: Plan 2: ḡ=13, γE[v]=5.0, Q=18.0 (fn)
2026-09-23 15:14:14,749 INFO: Plan 0: ḡ=0.3, γE[v]=3.1, Q=3.5 (bayes)
2026-09-23 15:14:14,749 INFO: Plan 1: ḡ=3.0, γE[v]=1.8, Q=4.8 (bayes)
2026-09-23 15:14:14,749 INFO: Plan 2: ḡ=3.2, γE[v]=2.0, Q=5.2 (bayes)
2026-09-23 15:14:16,478 INFO: Plan 0: ḡ=52, γE[v]=0.0, Q=52.0 (fn)
2026-09-23 15:14:16,833 INFO: Plan 2: ḡ=96, γE[v]=0.0, Q=96.0 (fn)
2026-09-23 15:14:16,833 INFO: Plan 1: ḡ=66, γE[v]=0.0, Q=66.0 (fn)
2026-09-23 15:14:16,834 INFO: Plan 0: ḡ=24.7, γE[v]=55.8, Q=80.5 (bayes)
2026-09-23 15:14:16,834 INFO: Plan 1: ḡ=33.0, γE[v]=51.7, Q=84.7 (bayes)
2026-09-23 15:14:16,834 INFO: Plan 2: ḡ=39.7, γE[v]=48.3, Q=88.0 (bayes)
2026-09-23 15:14:17,487 INFO: Plan 2: ḡ=85, γE[v]=0.0, Q=85.0 (fn)
2026-09-23 15:14:19,099 INFO: Plan 0: ḡ=198, γE[v]=0.0, Q=198.0 (fn)
2026-09-23 15:14:20,124 INFO: Plan 1: ḡ=71, γE[v]=19.0, Q=90.0 (fn)
2026-09-23 15:14:20,124 INFO: Plan 0: ḡ=14.3, γE[v]=17.8, Q=32.2 (bayes)
2026-09-23 15:14:20,124 INFO: Plan 1: ḡ=25.3, γE[v]=13.2, Q=38.5 (bayes)
2026-09-23 15:14:20,124 INFO: Plan 2: ḡ=31.3, γE[v]=9.3, Q=40.7 (bayes)
2026-09-23 15:14:24,261 INFO: Plan 1: ḡ=156, γE[v]=34.0, Q=190.0 (fn)
2026-09-23 15:14:25,542 INFO: Plan 2: ḡ=221, γE[v]=46.5, Q=267.5 (fn)
2026-09-23 15:14:25,542 INFO: Plan 0: ḡ=72.3, γE[v]=41.2, Q=113.5 (bayes)
2026-09-23 15:14:25,542 INFO: Plan 1: ḡ=57.0, γE[v]=50.7, Q=107.7 (bayes)
2026-09-23 15:14:25,542 INFO: Plan 2: ḡ=76.8, γE[v]=41.4, Q=118.2 (bayes)
2026-09-23 15:14:28,174 INFO: Plan 0: ḡ=12, γE[v]=0.0, Q=12.0 (fn)
2026-09-23 15:14:28,865 INFO: Plan 2: ḡ=121, γE[v]=0.0, Q=121.0 (fn)
2026-09-23 15:14:29,160 INFO: Plan 0: ḡ=168, γE[v]=0.0, Q=168.0 (fn)
2026-09-23 15:14:29,161 INFO: Plan 1: ḡ=30, γE[v]=0.0, Q=30.0 (fn)
2026-09-23 15:14:29,162 INFO: Plan 2: ḡ=17, γE[v]=0.0, Q=17.0 (fn)
2026-09-23 15:14:29,645 INFO: Plan 0: ḡ=24, γE[v]=0.0, Q=24.0 (fn)
2026-09-23 15:14:30,458 INFO: Plan 1: ḡ=69, γE[v]=0.0, Q=69.0 (fn)
2026-09-23 15:14:31,947 INFO: Plan 2: ḡ=53, γE[v]=6.5, Q=59.5 (fn)
2026-09-23 15:14:31,947 INFO: Plan 0: ḡ=3.0, γE[v]=6.8, Q=9.8 (bayes)
2026-09-23 15:14:31,948 INFO: Plan 1: ḡ=7.5, γE[v]=4.5, Q=12.0 (bayes)
2026-09-23 15:14:31,948 INFO: Plan 2: ḡ=13.2, γE[v]=2.1, Q=15.3 (bayes)
2026-09-23 15:14:32,306 INFO: Plan 1: ḡ=33, γE[v]=7.5, Q=40.5 (fn)
2026-09-23 15:14:32,307 INFO: Plan 0: ḡ=81.5, γE[v]=9.1, Q=90.6 (bayes)
2026-09-23 15:14:32,307 INFO: Plan 1: ḡ=11.2, γE[v]=44.6, Q=55.8 (bayes)
2026-09-23 15:14:32,307 INFO: Plan 2: ḡ=8.3, γE[v]=45.7, Q=54.0 (bayes)
2026-09-23 15:14:33,807 INFO: Plan 1: ḡ=0, γE[v]=0.0, Q=0.0 (fn)
2026-09-23 15:14:33,808 INFO: Plan 0: ḡ=0, γE[v]=0.0, Q=0.0 (fn)
2026-09-23 15:14:33,846 INFO: Plan 2: ḡ=0, γE[v]=0.0, Q=0.0 (fn)
2026-09-23 15:14:33,847 INFO: Plan 0: ḡ=0.0, γE[v]=0.0, Q=0.0 (bayes)
2026-09-23 15:14:33,847 INFO: Plan 1: ḡ=0.0, γE[v]=0.0, Q=0.0 (bayes)
2026-09-23 15:14:33,847 INFO: Plan 2: ḡ=0.0, γE[v]=0.0, Q=0.0 (bayes)
2026-09-23 15:14:35,949 INFO: Plan 1: ḡ=379, γE[v]=19.0, Q=398.0 (fn)
2026-09-23 15:14:36,908 INFO: Plan 0: ḡ=89, γE[v]=165.5, Q=254.5 (fn)
2026-09-23 15:14:36,909 INFO: Plan 0: ḡ=26.2, γE[v]=61.3, Q=87.5 (bayes)
2026-09-23 15:14:36,909 INFO: Plan 1: ḡ=97.9, γE[v]=15.5, Q=113.5 (bayes)
2026-09-23 15:14:36,909 INFO: Plan 2: ḡ=38.2, γE[v]=44.1, Q=82.3 (bayes)
2026-09-23 15:14:37,615 INFO: Plan 2: ḡ=46, γE[v]=82.0, Q=128.0 (fn)
2026-09-23 15:14:37,616 INFO: Plan 0: ḡ=8.5, γE[v]=115.8, Q=124.3 (bayes)
2026-09-23 15:14:37,616 INFO: Plan 1: ḡ=28.2, γE[v]=106.0, Q=134.2 (bayes)
2026-09-23 15:14:37,616 INFO: Plan 2: ḡ=23.0, γE[v]=112.3, Q=135.3 (bayes)
2026-09-23 15:14:38,676 INFO: Plan 0: ḡ=17, γE[v]=0.0, Q=17.0 (fn)
2026-09-23 15:14:40,444 INFO: Plan 1: ḡ=46, γE[v]=0.0, Q=46.0 (fn)
2026-09-23 15:14:41,167 INFO: Plan 2: ḡ=70, γE[v]=0.0, Q=70.0 (fn)
2026-09-23 15:14:41,168 INFO: Plan 1: ḡ=56, γE[v]=0.0, Q=56.0 (fn)
2026-09-23 15:14:41,169 INFO: Plan 0: ḡ=8.5, γE[v]=76.8, Q=85.3 (bayes)
2026-09-23 15:14:41,169 INFO: Plan 1: ḡ=28.0, γE[v]=67.1, Q=95.1 (bayes)
2026-09-23 15:14:41,169 INFO: Plan 2: ḡ=32.7, γE[v]=64.8, Q=97.4 (bayes)
2026-09-23 15:14:42,569 INFO: Plan 1: ḡ=7, γE[v]=0.0, Q=7.0 (fn)
2026-09-23 15:14:42,806 INFO: Plan 2: ḡ=23, γE[v]=0.0, Q=23.0 (fn)
2026-09-23 15:14:42,886 INFO: Plan 0: ḡ=8, γE[v]=0.0, Q=8.0 (fn)
2026-09-23 15:14:42,887 INFO: Plan 0: ḡ=2.7, γE[v]=6.5, Q=9.2 (bayes)
2026-09-23 15:14:42,887 INFO: Plan 1: ḡ=2.3, γE[v]=6.7, Q=9.0 (bayes)
2026-09-23 15:14:42,887 INFO: Plan 2: ḡ=7.7, γE[v]=4.0, Q=11.7 (bayes)
2026-09-23 15:14:43,452 INFO: Plan 2: ḡ=7, γE[v]=0.0, Q=7.0 (fn)
2026-09-23 15:14:44,107 INFO: Plan 0: ḡ=5, γE[v]=0.0, Q=5.0 (fn)
2026-09-23 15:14:45,148 INFO: Plan 1: ḡ=4, γE[v]=0.0, Q=4.0 (fn)
2026-09-23 15:14:45,149 INFO: Plan 0: ḡ=1.7, γE[v]=1.2, Q=2.8 (bayes)
2026-09-23 15:14:45,149 INFO: Plan 1: ḡ=1.3, γE[v]=1.3, Q=2.7 (bayes)
2026-09-23 15:14:45,149 INFO: Plan 2: ḡ=2.3, γE[v]=0.8, Q=3.2 (bayes)
2026-09-23 15:14:45,777 INFO: Plan 0: ḡ=1, γE[v]=0.0, Q=1.0 (fn)
2026-09-23 15:14:46,500 INFO: Plan 1: ḡ=5, γE[v]=0.0, Q=5.0 (fn)
2026-09-23 15:14:46,540 INFO: Plan 2: ḡ=60, γE[v]=50.5, Q=110.5 (fn)
2026-09-23 15:14:46,954 INFO: Plan 1: ḡ=43, γE[v]=0.0, Q=43.0 (fn)
2026-09-23 15:14:47,270 INFO: Plan 0: ḡ=36, γE[v]=3.0, Q=39.0 (fn)
2026-09-23 15:14:47,828 INFO: Plan 2: ḡ=4, γE[v]=2.5, Q=6.5 (fn)
2026-09-23 15:14:47,828 INFO: Plan 0: ḡ=0.3, γE[v]=1.2, Q=1.5 (bayes)
2026-09-23 15:14:47,828 INFO: Plan 1: ḡ=1.3, γE[v]=0.7, Q=2.0 (bayes)
2026-09-23 15:14:47,828 INFO: Plan 2: ḡ=1.3, γE[v]=0.8, Q=2.2 (bayes)
2026-09-23 15:14:48,370 INFO: Plan 2: ḡ=3, γE[v]=0.0, Q=3.0 (fn)
2026-09-23 15:14:48,568 INFO: Plan 0: ḡ=16, γE[v]=0.0, Q=16.0 (fn)
2026-09-23 15:14:48,884 INFO: Plan 0: ḡ=102, γE[v]=29.5, Q=131.5 (fn)
2026-09-23 15:14:48,884 INFO: Plan 0: ḡ=40.2, γE[v]=16.1, Q=56.2 (bayes)
2026-09-23 15:14:48,884 INFO: Plan 1: ḡ=22.8, γE[v]=23.4, Q=46.2 (bayes)
2026-09-23 15:14:48,885 INFO: Plan 2: ḡ=29.8, γE[v]=22.7, Q=52.5 (bayes)
2026-09-23 15:14:49,218 INFO: Plan 1: ḡ=20, γE[v]=0.0, Q=20.0 (fn)
2026-09-23 15:14:49,219 INFO: Plan 0: ḡ=6.7, γE[v]=5.5, Q=12.2 (bayes)
2026-09-23 15:14:49,219 INFO: Plan 1: ḡ=10.0, γE[v]=3.8, Q=13.8 (bayes)
2026-09-23 15:14:49,219 INFO: Plan 2: ḡ=1.0, γE[v]=8.3, Q=9.3 (bayes)
2026-09-23 15:14:51,469 INFO: Plan 1: ḡ=37, γE[v]=0.0, Q=37.0 (fn)
2026-09-23 15:14:51,942 INFO: Plan 2: ḡ=122, γE[v]=21.0, Q=143.0 (fn)
2026-09-23 15:14:51,943 INFO: Plan 2: ḡ=129, γE[v]=0.0, Q=129.0 (fn)
2026-09-23 15:14:51,944 INFO: Plan 0: ḡ=18.0, γE[v]=32.1, Q=50.1 (bayes)
2026-09-23 15:14:51,944 INFO: Plan 1: ḡ=21.5, γE[v]=30.2, Q=51.8 (bayes)
2026-09-23 15:14:51,944 INFO: Plan 2: ḡ=61.0, γE[v]=11.4, Q=72.5 (bayes)
2026-09-23 15:14:52,915 INFO: Plan 0: ḡ=20, γE[v]=0.0, Q=20.0 (fn)
2026-09-23 15:14:52,916 INFO: Plan 0: ḡ=10.0, γE[v]=81.8, Q=91.8 (bayes)
2026-09-23 15:14:52,916 INFO: Plan 1: ḡ=18.5, γE[v]=77.6, Q=96.1 (bayes)
2026-09-23 15:14:52,916 INFO: Plan 2: ḡ=47.7, γE[v]=63.0, Q=110.7 (bayes)
2026-09-23 15:14:55,648 INFO: Plan 1: ḡ=28, γE[v]=0.0, Q=28.0 (fn)
2026-09-23 15:14:56,744 INFO: Plan 0: ḡ=48, γE[v]=0.0, Q=48.0 (fn)
2026-09-23 15:14:56,786 INFO: Plan 2: ḡ=27, γE[v]=0.0, Q=27.0 (fn)
2026-09-23 15:14:56,786 INFO: Plan 0: ḡ=16.0, γE[v]=13.8, Q=29.8 (bayes)
2026-09-23 15:14:56,786 INFO: Plan 1: ḡ=14.0, γE[v]=14.8, Q=28.8 (bayes)
2026-09-23 15:14:56,786 INFO: Plan 2: ḡ=13.5, γE[v]=15.0, Q=28.5 (bayes)
2026-09-23 15:14:58,765 INFO: Plan 0: ḡ=1, γE[v]=0.5, Q=1.5 (fn)
2026-09-23 15:14:58,765 INFO: Plan 1: ḡ=1, γE[v]=0.5, Q=1.5 (fn)
2026-09-23 15:14:58,806 INFO: Plan 2: ḡ=2, γE[v]=0.0, Q=2.0 (fn)
2026-09-23 15:14:58,807 INFO: Plan 0: ḡ=0.3, γE[v]=0.2, Q=0.5 (bayes)
2026-09-23 15:14:58,807 INFO: Plan 1: ḡ=0.3, γE[v]=0.2, Q=0.5 (bayes)
2026-09-23 15:14:58,807 INFO: Plan 2: ḡ=0.7, γE[v]=0.0, Q=0.7 (bayes)
2026-09-23 15:14:59,403 INFO: Plan 0: ḡ=11, γE[v]=0.0, Q=11.0 (fn)
2026-09-23 15:15:00,319 INFO: Plan 2: ḡ=2, γE[v]=0.0, Q=2.0 (fn)
2026-09-23 15:15:00,319 INFO: Plan 1: ḡ=2, γE[v]=0.0, Q=2.0 (fn)
2026-09-23 15:15:01,654 INFO: Plan 2: ḡ=52, γE[v]=0.0, Q=52.0 (fn)
2026-09-23 15:15:02,303 INFO: Plan 0: ḡ=8, γE[v]=0.0, Q=8.0 (fn)
2026-09-23 15:15:02,303 INFO: Plan 0: ḡ=2.7, γE[v]=0.0, Q=2.7 (bayes)
2026-09-23 15:15:02,304 INFO: Plan 1: ḡ=0.7, γE[v]=1.0, Q=1.7 (bayes)
2026-09-23 15:15:02,304 INFO: Plan 2: ḡ=0.7, γE[v]=1.0, Q=1.7 (bayes)
2026-09-23 15:15:02,759 INFO: Plan 0: ḡ=53, γE[v]=0.0, Q=53.0 (fn)
2026-09-23 15:15:03,287 INFO: Plan 1: ḡ=0, γE[v]=0.0, Q=0.0 (fn)
2026-09-23 15:15:03,369 INFO: Plan 2: ḡ=0, γE[v]=0.0, Q=0.0 (fn)
2026-09-23 15:15:03,721 INFO: Plan 0: ḡ=12, γE[v]=0.0, Q=12.0 (fn)
2026-09-23 15:15:03,722 INFO: Plan 0: ḡ=3.0, γE[v]=0.0, Q=3.0 (bayes)
2026-09-23 15:15:03,722 INFO: Plan 1: ḡ=0.0, γE[v]=1.5, Q=1.5 (bayes)
2026-09-23 15:15:03,722 INFO: Plan 2: ḡ=0.0, γE[v]=1.5, Q=1.5 (bayes)
2026-09-23 15:15:05,048 INFO: Plan 2: ḡ=30, γE[v]=0.0, Q=30.0 (fn)
2026-09-23 15:15:05,620 INFO: Plan 1: ḡ=73, γE[v]=12.0, Q=85.0 (fn)
2026-09-23 15:15:05,628 INFO: Plan 0: ḡ=5.5, γE[v]=81.5, Q=87.0 (bayes)
2026-09-23 15:15:05,628 INFO: Plan 1: ḡ=36.5, γE[v]=66.5, Q=103.0 (bayes)
2026-09-23 15:15:05,628 INFO: Plan 2: ḡ=24.3, γE[v]=72.1, Q=96.4 (bayes)
2026-09-23 15:15:10,514 INFO: Plan 1: ḡ=6, γE[v]=0.0, Q=6.0 (fn)
2026-09-23 15:15:10,885 INFO: Plan 1: ḡ=71, γE[v]=26.5, Q=97.5 (fn)
2026-09-23 15:15:10,885 INFO: Plan 0: ḡ=21.3, γE[v]=49.6, Q=71.0 (bayes)
2026-09-23 15:15:10,886 INFO: Plan 1: ḡ=22.4, γE[v]=50.7, Q=73.1 (bayes)
2026-09-23 15:15:10,886 INFO: Plan 2: ḡ=11.3, γE[v]=54.6, Q=66.0 (bayes)
2026-09-23 15:15:12,851 INFO: Plan 0: ḡ=125, γE[v]=7.0, Q=132.0 (fn)
2026-09-23 15:15:13,140 INFO: Plan 1: ḡ=82, γE[v]=3.0, Q=85.0 (fn)
2026-09-23 15:15:13,390 INFO: Plan 0: ḡ=181, γE[v]=8.5, Q=189.5 (fn)
2026-09-23 15:15:13,864 INFO: Plan 2: ḡ=48, γE[v]=24.5, Q=72.5 (fn)
2026-09-23 15:15:13,864 INFO: Plan 0: ḡ=62.5, γE[v]=44.1, Q=106.6 (bayes)
2026-09-23 15:15:13,864 INFO: Plan 1: ḡ=29.2, γE[v]=60.6, Q=89.7 (bayes)
2026-09-23 15:15:13,864 INFO: Plan 2: ḡ=16.0, γE[v]=68.5, Q=84.5 (bayes)
2026-09-23 15:15:18,280 INFO: Plan 2: ḡ=0, γE[v]=0.0, Q=0.0 (fn)
2026-09-23 15:15:18,319 INFO: Plan 0: ḡ=6, γE[v]=0.0, Q=6.0 (fn)
2026-09-23 15:15:18,597 INFO: Plan 1: ḡ=1, γE[v]=2.5, Q=3.5 (fn)
2026-09-23 15:15:18,598 INFO: Plan 0: ḡ=1.5, γE[v]=0.0, Q=1.5 (bayes)
2026-09-23 15:15:18,598 INFO: Plan 1: ḡ=0.2, γE[v]=0.8, Q=1.0 (bayes)
2026-09-23 15:15:18,598 INFO: Plan 2: ḡ=0.0, γE[v]=0.8, Q=0.8 (bayes)
2026-09-23 15:15:18,639 INFO: Plan 2: ḡ=11, γE[v]=99.0, Q=110.0 (fn)
2026-09-23 15:15:18,639 INFO: Plan 0: ḡ=45.2, γE[v]=5.3, Q=50.5 (bayes)
2026-09-23 15:15:18,639 INFO: Plan 1: ḡ=3.0, γE[v]=25.8, Q=28.8 (bayes)
2026-09-23 15:15:18,640 INFO: Plan 2: ḡ=5.2, γE[v]=31.4, Q=36.6 (bayes)
2026-09-23 15:15:20,793 INFO: Plan 1: ḡ=19, γE[v]=5.0, Q=24.0 (fn)
2026-09-23 15:15:20,795 INFO: Plan 2: ḡ=186, γE[v]=0.0, Q=186.0 (fn)
2026-09-23 15:15:20,900 INFO: Plan 0: ḡ=109, γE[v]=0.0, Q=109.0 (fn)
2026-09-23 15:15:24,417 INFO: Plan 1: ḡ=127, γE[v]=67.5, Q=194.5 (fn)
2026-09-23 15:15:24,418 INFO: Plan 0: ḡ=54.5, γE[v]=71.2, Q=125.8 (bayes)
2026-09-23 15:15:24,418 INFO: Plan 1: ḡ=63.5, γE[v]=70.7, Q=134.2 (bayes)
2026-09-23 15:15:24,418 INFO: Plan 2: ḡ=62.0, γE[v]=67.5, Q=129.5 (bayes)
2026-09-23 15:15:24,846 INFO: Plan 0: ḡ=15, γE[v]=9.0, Q=24.0 (fn)
2026-09-23 15:15:25,304 INFO: Plan 2: ḡ=29, γE[v]=2.5, Q=31.5 (fn)
2026-09-23 15:15:25,304 INFO: Plan 0: ḡ=5.0, γE[v]=3.8, Q=8.8 (bayes)
2026-09-23 15:15:25,305 INFO: Plan 1: ḡ=6.3, γE[v]=2.9, Q=9.2 (bayes)
2026-09-23 15:15:25,305 INFO: Plan 2: ḡ=9.8, γE[v]=1.0, Q=10.8 (bayes)
2026-09-23 15:15:27,120 INFO: Plan 2: ḡ=28, γE[v]=0.0, Q=28.0 (fn)
2026-09-23 15:15:27,120 INFO: Plan 0: ḡ=10, γE[v]=0.0, Q=10.0 (fn)
2026-09-23 15:15:28,364 INFO: Plan 0: ḡ=22, γE[v]=0.0, Q=22.0 (fn)
2026-09-23 15:15:29,061 INFO: Plan 2: ḡ=45, γE[v]=0.0, Q=45.0 (fn)
2026-09-23 15:15:29,432 INFO: Plan 1: ḡ=132, γE[v]=0.0, Q=132.0 (fn)
2026-09-23 15:15:29,433 INFO: Plan 0: ḡ=3.7, γE[v]=73.1, Q=76.8 (bayes)
2026-09-23 15:15:29,433 INFO: Plan 1: ḡ=47.8, γE[v]=51.0, Q=98.8 (bayes)
2026-09-23 15:15:29,433 INFO: Plan 2: ḡ=10.3, γE[v]=69.8, Q=80.1 (bayes)
2026-09-23 15:15:29,929 INFO: Plan 1: ḡ=48, γE[v]=0.0, Q=48.0 (fn)
2026-09-23 15:15:29,930 INFO: Plan 0: ḡ=4.4, γE[v]=4.9, Q=9.3 (bayes)
2026-09-23 15:15:29,930 INFO: Plan 1: ḡ=9.6, γE[v]=2.3, Q=11.9 (bayes)
2026-09-23 15:15:29,930 INFO: Plan 2: ḡ=9.0, γE[v]=2.6, Q=11.6 (bayes)
2026-09-23 15:15:36,212 INFO: Plan 2: ḡ=0, γE[v]=0.0, Q=0.0 (fn)
2026-09-23 15:15:36,866 INFO: Plan 0: ḡ=2, γE[v]=0.0, Q=2.0 (fn)
2026-09-23 15:15:37,349 INFO: Plan 1: ḡ=1, γE[v]=0.5, Q=1.5 (fn)
2026-09-23 15:15:37,349 INFO: Plan 0: ḡ=0.7, γE[v]=0.0, Q=0.7 (bayes)
2026-09-23 15:15:37,350 INFO: Plan 1: ḡ=0.3, γE[v]=0.2, Q=0.5 (bayes)
2026-09-23 15:15:37,350 INFO: Plan 2: ḡ=0.0, γE[v]=0.3, Q=0.3 (bayes)
2026-09-23 15:15:38,594 INFO: Plan 2: ḡ=5, γE[v]=0.0, Q=5.0 (fn)
2026-09-23 15:15:39,553 INFO: Plan 0: ḡ=5, γE[v]=2.0, Q=7.0 (fn)
2026-09-23 15:15:40,390 INFO: Plan 1: ḡ=5, γE[v]=2.0, Q=7.0 (fn)
2026-09-23 15:15:40,391 INFO: Plan 0: ḡ=1.2, γE[v]=0.7, Q=1.9 (bayes)
2026-09-23 15:15:40,391 INFO: Plan 1: ḡ=1.3, γE[v]=0.6, Q=2.0 (bayes)
2026-09-23 15:15:40,391 INFO: Plan 2: ḡ=1.2, γE[v]=0.5, Q=1.8 (bayes)
2026-09-23 15:15:49,540 INFO: Plan 0: ḡ=27, γE[v]=0.0, Q=27.0 (fn)
2026-09-23 15:15:51,957 INFO: Plan 1: ḡ=39, γE[v]=0.0, Q=39.0 (fn)
2026-09-23 15:15:54,082 INFO: Plan 0: ḡ=52, γE[v]=0.0, Q=52.0 (fn)
2026-09-23 15:15:55,600 INFO: Plan 2: ḡ=33, γE[v]=0.0, Q=33.0 (fn)
2026-09-23 15:15:55,862 INFO: Plan 2: ḡ=130, γE[v]=21.5, Q=151.5 (fn)
2026-09-23 15:15:55,862 INFO: Plan 0: ḡ=1, γE[v]=0.0, Q=1.0 (fn)
2026-09-23 15:15:55,863 INFO: Plan 0: ḡ=6.9, γE[v]=20.1, Q=27.0 (bayes)
2026-09-23 15:15:55,863 INFO: Plan 1: ḡ=10.1, γE[v]=18.5, Q=28.6 (bayes)
2026-09-23 15:15:55,863 INFO: Plan 2: ḡ=32.5, γE[v]=8.7, Q=41.2 (bayes)
2026-09-23 15:15:56,360 INFO: Plan 0: ḡ=28, γE[v]=6.5, Q=34.5 (fn)
2026-09-23 15:15:57,309 INFO: Plan 1: ḡ=1, γE[v]=0.0, Q=1.0 (fn)
2026-09-23 15:15:57,309 INFO: Plan 2: ḡ=1, γE[v]=0.0, Q=1.0 (fn)
2026-09-23 15:15:57,310 INFO: Plan 0: ḡ=0.3, γE[v]=0.0, Q=0.3 (bayes)
2026-09-23 15:15:57,310 INFO: Plan 1: ḡ=0.3, γE[v]=0.0, Q=0.3 (bayes)
2026-09-23 15:15:57,310 INFO: Plan 2: ḡ=0.3, γE[v]=0.0, Q=0.3 (bayes)
2026-09-23 15:15:58,314 INFO: Plan 2: ḡ=36, γE[v]=0.0, Q=36.0 (fn)
2026-09-23 15:15:58,661 INFO: Plan 0: ḡ=46, γE[v]=0.0, Q=46.0 (fn)
2026-09-23 15:15:59,081 INFO: Plan 1: ḡ=91, γE[v]=0.0, Q=91.0 (fn)
2026-09-23 15:15:59,082 INFO: Plan 0: ḡ=23.0, γE[v]=94.9, Q=117.9 (bayes)
2026-09-23 15:15:59,082 INFO: Plan 1: ḡ=29.2, γE[v]=91.8, Q=121.0 (bayes)
2026-09-23 15:15:59,082 INFO: Plan 2: ḡ=18.0, γE[v]=97.4, Q=115.4 (bayes)
2026-09-23 15:15:59,458 INFO: Plan 1: ḡ=31, γE[v]=55.5, Q=86.5 (fn)
2026-09-23 15:16:00,556 INFO: Plan 1: ḡ=13, γE[v]=0.0, Q=13.0 (fn)
2026-09-23 15:16:00,931 INFO: Plan 2: ḡ=26, γE[v]=73.0, Q=99.0 (fn)
2026-09-23 15:16:00,932 INFO: Plan 0: ḡ=22, γE[v]=0.0, Q=22.0 (fn)
2026-09-23 15:16:00,933 INFO: Plan 0: ḡ=17.8, γE[v]=27.2, Q=45.1 (bayes)
2026-09-23 15:16:00,933 INFO: Plan 1: ḡ=10.7, γE[v]=34.2, Q=44.8 (bayes)
2026-09-23 15:16:00,933 INFO: Plan 2: ḡ=11.8, γE[v]=34.6, Q=46.5 (bayes)
2026-09-23 15:16:04,596 INFO: Plan 2: ḡ=79, γE[v]=0.5, Q=79.5 (fn)
2026-09-23 15:16:04,597 INFO: Plan 0: ḡ=6.1, γE[v]=7.6, Q=13.7 (bayes)
2026-09-23 15:16:04,597 INFO: Plan 1: ḡ=3.9, γE[v]=8.7, Q=12.6 (bayes)
2026-09-23 15:16:04,597 INFO: Plan 2: ḡ=21.1, γE[v]=0.2, Q=21.2 (bayes)
2026-09-23 15:16:05,406 INFO: Plan 0: ḡ=8, γE[v]=0.0, Q=8.0 (fn)
2026-09-23 15:16:05,627 INFO: Plan 0: ḡ=10, γE[v]=0.0, Q=10.0 (fn)
2026-09-23 15:16:05,668 INFO: Plan 1: ḡ=17, γE[v]=0.0, Q=17.0 (fn)
2026-09-23 15:16:06,553 INFO: Plan 1: ḡ=57, γE[v]=20.5, Q=77.5 (fn)
2026-09-23 15:16:06,554 INFO: Plan 0: ḡ=9.3, γE[v]=60.8, Q=70.1 (bayes)
2026-09-23 15:16:06,554 INFO: Plan 1: ḡ=28.5, γE[v]=52.1, Q=80.6 (bayes)
2026-09-23 15:16:06,554 INFO: Plan 2: ḡ=15.2, γE[v]=57.5, Q=72.7 (bayes)
2026-09-23 15:16:06,677 INFO: Plan 2: ḡ=13, γE[v]=0.0, Q=13.0 (fn)
2026-09-23 15:16:06,715 INFO: Plan 1: ḡ=7, γE[v]=0.0, Q=7.0 (fn)
2026-09-23 15:16:06,716 INFO: Plan 0: ḡ=2.5, γE[v]=2.5, Q=5.0 (bayes)
2026-09-23 15:16:06,716 INFO: Plan 1: ḡ=1.8, γE[v]=2.9, Q=4.6 (bayes)
2026-09-23 15:16:06,716 INFO: Plan 2: ḡ=3.2, γE[v]=2.1, Q=5.4 (bayes)
2026-09-23 15:16:09,586 INFO: Plan 1: ḡ=50, γE[v]=0.0, Q=50.0 (fn)
2026-09-23 15:16:12,618 INFO: Plan 1: ḡ=1, γE[v]=0.0, Q=1.0 (fn)
2026-09-23 15:16:12,739 INFO: Plan 0: ḡ=1, γE[v]=0.0, Q=1.0 (fn)
2026-09-23 15:16:12,740 INFO: Plan 1: ḡ=1, γE[v]=0.0, Q=1.0 (fn)
2026-09-23 15:16:12,775 INFO: Plan 2: ḡ=0, γE[v]=0.0, Q=0.0 (fn)
2026-09-23 15:16:12,776 INFO: Plan 0: ḡ=0.3, γE[v]=0.0, Q=0.3 (bayes)
2026-09-23 15:16:12,776 INFO: Plan 1: ḡ=0.3, γE[v]=0.0, Q=0.3 (bayes)
2026-09-23 15:16:12,776 INFO: Plan 2: ḡ=0.0, γE[v]=0.2, Q=0.2 (bayes)
2026-09-23 15:16:12,968 INFO: Plan 2: ḡ=2, γE[v]=0.0, Q=2.0 (fn)
2026-09-23 15:16:13,297 INFO: Plan 0: ḡ=1, γE[v]=0.5, Q=1.5 (fn)
2026-09-23 15:16:13,298 INFO: Plan 0: ḡ=0.2, γE[v]=0.1, Q=0.3 (bayes)
2026-09-23 15:16:13,298 INFO: Plan 1: ḡ=0.2, γE[v]=0.1, Q=0.3 (bayes)
2026-09-23 15:16:13,298 INFO: Plan 2: ḡ=0.4, γE[v]=0.0, Q=0.4 (bayes)
2026-09-23 15:16:13,939 INFO: Plan 0: ḡ=49, γE[v]=27.0, Q=76.0 (fn)
2026-09-23 15:16:14,986 INFO: Plan 2: ḡ=64, γE[v]=10.5, Q=74.5 (fn)
2026-09-23 15:16:14,987 INFO: Plan 0: ḡ=3.8, γE[v]=19.5, Q=23.2 (bayes)
2026-09-23 15:16:14,987 INFO: Plan 1: ḡ=4.7, γE[v]=19.0, Q=23.7 (bayes)
2026-09-23 15:16:14,987 INFO: Plan 2: ḡ=31.0, γE[v]=6.5, Q=37.5 (bayes)
2026-09-23 15:16:17,699 INFO: Plan 0: ḡ=21, γE[v]=0.0, Q=21.0 (fn)
2026-09-23 15:16:22,127 INFO: Plan 1: ḡ=71, γE[v]=19.0, Q=90.0 (fn)
2026-09-23 15:16:22,168 INFO: Plan 2: ḡ=30, γE[v]=39.5, Q=69.5 (fn)
2026-09-23 15:16:22,168 INFO: Plan 0: ḡ=4.2, γE[v]=8.8, Q=13.0 (bayes)
2026-09-23 15:16:22,169 INFO: Plan 1: ḡ=14.2, γE[v]=5.2, Q=19.4 (bayes)
2026-09-23 15:16:22,169 INFO: Plan 2: ḡ=6.0, γE[v]=10.7, Q=16.7 (bayes)
2026-09-23 15:16:24,490 INFO: Plan 2: ḡ=166, γE[v]=39.5, Q=205.5 (fn)
2026-09-23 15:16:24,491 INFO: Plan 0: ḡ=15.7, γE[v]=53.6, Q=69.3 (bayes)
2026-09-23 15:16:24,491 INFO: Plan 1: ḡ=17.7, γE[v]=51.0, Q=68.7 (bayes)
2026-09-23 15:16:24,491 INFO: Plan 2: ḡ=78.5, γE[v]=23.0, Q=101.5 (bayes)
2026-09-23 15:16:24,812 INFO: Plan 1: ḡ=41, γE[v]=0.0, Q=41.0 (fn)
2026-09-23 15:16:24,998 INFO: Plan 0: ḡ=67, γE[v]=0.0, Q=67.0 (fn)
2026-09-23 15:16:25,532 INFO: Plan 2: ḡ=19, γE[v]=1.0, Q=20.0 (fn)
2026-09-23 15:16:25,532 INFO: Plan 0: ḡ=29.0, γE[v]=18.6, Q=47.6 (bayes)
2026-09-23 15:16:25,532 INFO: Plan 1: ḡ=19.7, γE[v]=23.2, Q=42.9 (bayes)
2026-09-23 15:16:25,532 INFO: Plan 2: ḡ=7.0, γE[v]=29.6, Q=36.6 (bayes)
2026-09-23 15:16:26,527 INFO: Plan 2: ḡ=8, γE[v]=0.0, Q=8.0 (fn)
2026-09-23 15:16:27,255 INFO: Plan 0: ḡ=22, γE[v]=0.0, Q=22.0 (fn)
2026-09-23 15:16:27,440 INFO: Plan 1: ḡ=10, γE[v]=0.0, Q=10.0 (fn)
2026-09-23 15:16:27,440 INFO: Plan 0: ḡ=9.5, γE[v]=4.1, Q=13.6 (bayes)
2026-09-23 15:16:27,440 INFO: Plan 1: ḡ=4.2, γE[v]=6.8, Q=10.9 (bayes)
2026-09-23 15:16:27,440 INFO: Plan 2: ḡ=4.0, γE[v]=6.8, Q=10.8 (bayes)
2026-09-23 15:16:29,808 INFO: Plan 0: ḡ=80, γE[v]=6.5, Q=86.5 (fn)
2026-09-23 15:16:32,016 INFO: Plan 1: ḡ=61, γE[v]=0.0, Q=61.0 (fn)
2026-09-23 15:16:32,096 INFO: Plan 2: ḡ=61, γE[v]=0.0, Q=61.0 (fn)
2026-09-23 15:16:33,182 INFO: Plan 0: ḡ=36, γE[v]=12.5, Q=48.5 (fn)
2026-09-23 15:16:33,183 INFO: Plan 0: ḡ=14.0, γE[v]=5.7, Q=19.7 (bayes)
2026-09-23 15:16:33,183 INFO: Plan 1: ḡ=24.0, γE[v]=0.0, Q=24.0 (bayes)
2026-09-23 15:16:33,183 INFO: Plan 2: ḡ=24.0, γE[v]=0.0, Q=24.0 (bayes)
2026-09-23 15:16:35,316 INFO: Plan 0: ḡ=1, γE[v]=4.5, Q=5.5 (fn)
2026-09-23 15:16:35,358 INFO: Plan 2: ḡ=168, γE[v]=25.5, Q=193.5 (fn)
2026-09-23 15:16:35,790 INFO: Plan 1: ḡ=77, γE[v]=86.0, Q=163.0 (fn)
2026-09-23 15:16:35,791 INFO: Plan 0: ḡ=34.1, γE[v]=34.1, Q=68.2 (bayes)
2026-09-23 15:16:35,791 INFO: Plan 1: ḡ=21.5, γE[v]=45.7, Q=67.2 (bayes)
2026-09-23 15:16:35,791 INFO: Plan 2: ḡ=42.0, γE[v]=31.3, Q=73.3 (bayes)
2026-09-23 15:16:35,829 INFO: Plan 1: ḡ=9, γE[v]=0.5, Q=9.5 (fn)
2026-09-23 15:16:36,098 INFO: Plan 1: ḡ=14, γE[v]=0.0, Q=14.0 (fn)
2026-09-23 15:16:36,102 INFO: Plan 0: ḡ=41, γE[v]=0.0, Q=41.0 (fn)
2026-09-23 15:16:36,133 INFO: Plan 0: ḡ=15, γE[v]=0.0, Q=15.0 (fn)
2026-09-23 15:16:36,583 INFO: Plan 2: ḡ=16, γE[v]=0.0, Q=16.0 (fn)
2026-09-23 15:16:36,583 INFO: Plan 0: ḡ=5.2, γE[v]=6.2, Q=11.4 (bayes)
2026-09-23 15:16:36,584 INFO: Plan 1: ḡ=5.5, γE[v]=6.1, Q=11.6 (bayes)
2026-09-23 15:16:36,584 INFO: Plan 2: ḡ=8.0, γE[v]=4.8, Q=12.8 (bayes)
2026-09-23 15:16:37,054 INFO: Plan 2: ḡ=57, γE[v]=0.0, Q=57.0 (fn)
2026-09-23 15:16:37,254 INFO: Plan 2: ḡ=10, γE[v]=0.0, Q=10.0 (fn)
2026-09-23 15:16:37,255 INFO: Plan 0: ḡ=0.2, γE[v]=1.4, Q=1.7 (bayes)
2026-09-23 15:16:37,255 INFO: Plan 1: ḡ=2.2, γE[v]=0.2, Q=2.4 (bayes)
2026-09-23 15:16:37,255 INFO: Plan 2: ḡ=2.5, γE[v]=0.0, Q=2.5 (bayes)
2026-09-23 15:16:37,294 INFO: Plan 2: ḡ=1, γE[v]=0.0, Q=1.0 (fn)
2026-09-23 15:16:37,808 INFO: Plan 1: ḡ=30, γE[v]=0.0, Q=30.0 (fn)
2026-09-23 15:16:39,107 INFO: Plan 0: ḡ=139, γE[v]=0.0, Q=139.0 (fn)
2026-09-23 15:16:39,108 INFO: Plan 2: ḡ=106, γE[v]=0.0, Q=106.0 (fn)
2026-09-23 15:16:39,316 INFO: Plan 1: ḡ=75, γE[v]=0.0, Q=75.0 (fn)
2026-09-23 15:16:39,317 INFO: Plan 0: ḡ=44.2, γE[v]=19.7, Q=64.0 (bayes)
2026-09-23 15:16:39,317 INFO: Plan 1: ḡ=21.2, γE[v]=31.2, Q=52.5 (bayes)
2026-09-23 15:16:39,317 INFO: Plan 2: ḡ=38.0, γE[v]=22.8, Q=60.8 (bayes)
2026-09-23 15:16:39,578 INFO: Plan 0: ḡ=12, γE[v]=15.0, Q=27.0 (fn)
2026-09-23 15:16:39,578 INFO: Plan 0: ḡ=2.4, γE[v]=4.1, Q=6.5 (bayes)
2026-09-23 15:16:39,579 INFO: Plan 1: ḡ=6.0, γE[v]=1.2, Q=7.2 (bayes)
2026-09-23 15:16:39,579 INFO: Plan 2: ḡ=0.2, γE[v]=4.1, Q=4.3 (bayes)
2026-09-23 15:16:40,254 INFO: Plan 0: ḡ=52, γE[v]=0.0, Q=52.0 (fn)
2026-09-23 15:16:40,562 INFO: Plan 2: ḡ=62, γE[v]=0.0, Q=62.0 (fn)
2026-09-23 15:16:41,062 INFO: Plan 1: ḡ=86, γE[v]=0.0, Q=86.0 (fn)
2026-09-23 15:16:41,062 INFO: Plan 0: ḡ=24.7, γE[v]=38.7, Q=63.3 (bayes)
2026-09-23 15:16:41,062 INFO: Plan 1: ḡ=43.0, γE[v]=29.5, Q=72.5 (bayes)
2026-09-23 15:16:41,062 INFO: Plan 2: ḡ=28.3, γE[v]=36.8, Q=65.2 (bayes)
2026-09-23 15:16:44,380 INFO: Plan 1: ḡ=101, γE[v]=10.0, Q=111.0 (fn)
2026-09-23 15:16:44,381 INFO: Plan 0: ḡ=19.7, γE[v]=51.1, Q=70.8 (bayes)
2026-09-23 15:16:44,381 INFO: Plan 1: ḡ=36.5, γE[v]=43.1, Q=79.6 (bayes)
2026-09-23 15:16:44,381 INFO: Plan 2: ḡ=20.2, γE[v]=50.8, Q=71.0 (bayes)
2026-09-23 15:16:45,493 INFO: Plan 0: ḡ=0, γE[v]=0.0, Q=0.0 (fn)
2026-09-23 15:16:45,534 INFO: Plan 1: ḡ=0, γE[v]=0.0, Q=0.0 (fn)
2026-09-23 15:16:46,265 INFO: Plan 2: ḡ=0, γE[v]=0.0, Q=0.0 (fn)
2026-09-23 15:16:46,266 INFO: Plan 0: ḡ=0.0, γE[v]=0.0, Q=0.0 (bayes)
2026-09-23 15:16:46,266 INFO: Plan 1: ḡ=0.0, γE[v]=0.0, Q=0.0 (bayes)
2026-09-23 15:16:46,266 INFO: Plan 2: ḡ=0.0, γE[v]=0.0, Q=0.0 (bayes)
2026-09-23 15:16:53,640 INFO: Plan 0: ḡ=24, γE[v]=0.0, Q=24.0 (fn)
2026-09-23 15:16:54,202 INFO: Plan 2: ḡ=71, γE[v]=0.0, Q=71.0 (fn)
2026-09-23 15:16:54,460 INFO: Plan 0: ḡ=22, γE[v]=0.0, Q=22.0 (fn)
2026-09-23 15:16:54,461 INFO: Plan 1: ḡ=67, γE[v]=0.0, Q=67.0 (fn)
2026-09-23 15:16:54,461 INFO: Plan 0: ḡ=8.5, γE[v]=93.9, Q=102.4 (bayes)
2026-09-23 15:16:54,462 INFO: Plan 1: ḡ=27.5, γE[v]=84.4, Q=111.9 (bayes)
2026-09-23 15:16:54,462 INFO: Plan 2: ḡ=31.8, γE[v]=82.3, Q=114.1 (bayes)
2026-09-23 15:16:55,255 INFO: Plan 0: ḡ=49, γE[v]=13.5, Q=62.5 (fn)
2026-09-23 15:16:55,886 INFO: Plan 1: ḡ=73, γE[v]=0.0, Q=73.0 (fn)
2026-09-23 15:16:57,564 INFO: Plan 2: ḡ=53, γE[v]=0.0, Q=53.0 (fn)
2026-09-23 15:16:57,564 INFO: Plan 0: ḡ=11.0, γE[v]=54.1, Q=65.1 (bayes)
2026-09-23 15:16:57,565 INFO: Plan 1: ḡ=36.5, γE[v]=41.4, Q=77.9 (bayes)
2026-09-23 15:16:57,565 INFO: Plan 2: ḡ=21.9, γE[v]=48.7, Q=70.6 (bayes)
2026-09-23 15:16:58,474 INFO: Plan 1: ḡ=116, γE[v]=24.0, Q=140.0 (fn)
2026-09-23 15:16:59,724 INFO: Plan 1: ḡ=5, γE[v]=0.0, Q=5.0 (fn)
2026-09-23 15:17:00,404 INFO: Plan 2: ḡ=147, γE[v]=8.5, Q=155.5 (fn)
2026-09-23 15:17:00,405 INFO: Plan 0: ḡ=12.7, γE[v]=17.5, Q=30.3 (bayes)
2026-09-23 15:17:00,405 INFO: Plan 1: ḡ=33.5, γE[v]=7.8, Q=41.3 (bayes)
2026-09-23 15:17:00,405 INFO: Plan 2: ḡ=38.2, γE[v]=4.3, Q=42.5 (bayes)
2026-09-23 15:17:00,962 INFO: Plan 0: ḡ=2, γE[v]=1.5, Q=3.5 (fn)
2026-09-23 15:17:01,001 INFO: Plan 2: ḡ=5, γE[v]=0.0, Q=5.0 (fn)
2026-09-23 15:17:01,002 INFO: Plan 0: ḡ=0.7, γE[v]=0.6, Q=1.3 (bayes)
2026-09-23 15:17:01,002 INFO: Plan 1: ḡ=1.7, γE[v]=0.0, Q=1.7 (bayes)
2026-09-23 15:17:01,002 INFO: Plan 2: ḡ=1.7, γE[v]=0.0, Q=1.7 (bayes)
2026-09-23 15:17:01,220 INFO: Plan 2: ḡ=0, γE[v]=0.0, Q=0.0 (fn)
2026-09-23 15:17:01,571 INFO: Plan 0: ḡ=12, γE[v]=0.0, Q=12.0 (fn)
2026-09-23 15:17:01,673 INFO: Plan 1: ḡ=7, γE[v]=0.0, Q=7.0 (fn)
2026-09-23 15:17:01,673 INFO: Plan 0: ḡ=4.7, γE[v]=1.5, Q=6.2 (bayes)
2026-09-23 15:17:01,673 INFO: Plan 1: ḡ=3.0, γE[v]=2.3, Q=5.3 (bayes)
2026-09-23 15:17:01,673 INFO: Plan 2: ḡ=0.0, γE[v]=3.8, Q=3.8 (bayes)
2026-09-23 15:17:02,595 INFO: Plan 0: ḡ=4, γE[v]=0.0, Q=4.0 (fn)
2026-09-23 15:17:02,831 INFO: Plan 1: ḡ=4, γE[v]=0.0, Q=4.0 (fn)
2026-09-23 15:17:03,668 INFO: Plan 2: ḡ=16, γE[v]=0.0, Q=16.0 (fn)
2026-09-23 15:17:03,668 INFO: Plan 0: ḡ=1.3, γE[v]=3.3, Q=4.7 (bayes)
2026-09-23 15:17:03,668 INFO: Plan 1: ḡ=1.3, γE[v]=3.3, Q=4.7 (bayes)
2026-09-23 15:17:03,668 INFO: Plan 2: ḡ=5.3, γE[v]=1.3, Q=6.7 (bayes)
2026-09-23 15:17:06,240 INFO: Plan 0: ḡ=5, γE[v]=0.0, Q=5.0 (fn)
2026-09-23 15:17:06,871 INFO: Plan 1: ḡ=5, γE[v]=0.0, Q=5.0 (fn)
2026-09-23 15:17:07,759 INFO: Plan 2: ḡ=1, γE[v]=2.0, Q=3.0 (fn)
2026-09-23 15:17:07,760 INFO: Plan 0: ḡ=1.1, γE[v]=0.0, Q=1.1 (bayes)
2026-09-23 15:17:07,760 INFO: Plan 1: ḡ=1.1, γE[v]=0.0, Q=1.1 (bayes)
2026-09-23 15:17:07,760 INFO: Plan 2: ḡ=0.2, γE[v]=0.5, Q=0.8 (bayes)
2026-09-23 15:17:08,219 INFO: Plan 2: ḡ=131, γE[v]=0.0, Q=131.0 (fn)
2026-09-23 15:17:08,414 INFO: Plan 0: ḡ=17, γE[v]=0.0, Q=17.0 (fn)
2026-09-23 15:17:10,073 INFO: Plan 1: ḡ=36, γE[v]=0.0, Q=36.0 (fn)
2026-09-23 15:17:10,073 INFO: Plan 0: ḡ=8.5, γE[v]=61.3, Q=69.8 (bayes)
2026-09-23 15:17:10,074 INFO: Plan 1: ḡ=18.0, γE[v]=56.6, Q=74.6 (bayes)
2026-09-23 15:17:10,074 INFO: Plan 2: ḡ=35.8, γE[v]=47.7, Q=83.5 (bayes)
2026-09-23 15:17:17,517 INFO: Plan 1: ḡ=17, γE[v]=0.0, Q=17.0 (fn)
2026-09-23 15:17:18,327 INFO: Plan 2: ḡ=42, γE[v]=0.0, Q=42.0 (fn)
2026-09-23 15:17:18,486 INFO: Plan 0: ḡ=25, γE[v]=0.0, Q=25.0 (fn)
2026-09-23 15:17:18,527 INFO: Plan 1: ḡ=11, γE[v]=0.0, Q=11.0 (fn)
2026-09-23 15:17:19,460 INFO: Plan 2: ḡ=19, γE[v]=0.0, Q=19.0 (fn)
2026-09-23 15:17:19,461 INFO: Plan 0: ḡ=12.5, γE[v]=7.5, Q=20.0 (bayes)
2026-09-23 15:17:19,461 INFO: Plan 1: ḡ=5.5, γE[v]=11.0, Q=16.5 (bayes)
2026-09-23 15:17:19,461 INFO: Plan 2: ḡ=9.5, γE[v]=9.0, Q=18.5 (bayes)
2026-09-23 15:17:21,026 INFO: Plan 0: ḡ=93, γE[v]=21.0, Q=114.0 (fn)
2026-09-23 15:17:21,027 INFO: Plan 0: ḡ=25.7, γE[v]=8.3, Q=33.9 (bayes)
2026-09-23 15:17:21,027 INFO: Plan 1: ḡ=5.7, γE[v]=17.0, Q=22.7 (bayes)
2026-09-23 15:17:21,027 INFO: Plan 2: ḡ=14.0, γE[v]=12.8, Q=26.8 (bayes)
2026-09-23 15:17:23,086 INFO: Plan 2: ḡ=10, γE[v]=0.0, Q=10.0 (fn)
2026-09-23 15:17:26,449 INFO: Plan 0: ḡ=40, γE[v]=6.0, Q=46.0 (fn)
2026-09-23 15:17:26,818 INFO: Plan 1: ḡ=43, γE[v]=4.5, Q=47.5 (fn)
2026-09-23 15:17:26,819 INFO: Plan 0: ḡ=13.3, γE[v]=2.4, Q=15.7 (bayes)
2026-09-23 15:17:26,819 INFO: Plan 1: ḡ=14.3, γE[v]=1.8, Q=16.1 (bayes)
2026-09-23 15:17:26,819 INFO: Plan 2: ḡ=3.3, γE[v]=7.0, Q=10.3 (bayes)
2026-09-23 15:17:32,832 INFO: Plan 1: ḡ=2, γE[v]=0.0, Q=2.0 (fn)
2026-09-23 15:17:33,081 INFO: Plan 0: ḡ=1, γE[v]=0.5, Q=1.5 (fn)
2026-09-23 15:17:33,118 INFO: Plan 2: ḡ=2, γE[v]=0.0, Q=2.0 (fn)
2026-09-23 15:17:33,118 INFO: Plan 0: ḡ=0.2, γE[v]=0.2, Q=0.4 (bayes)
2026-09-23 15:17:33,119 INFO: Plan 1: ḡ=0.5, γE[v]=0.0, Q=0.5 (bayes)
2026-09-23 15:17:33,119 INFO: Plan 2: ḡ=0.5, γE[v]=0.0, Q=0.5 (bayes)
2026-09-23 15:17:35,260 INFO: Plan 1: ḡ=0, γE[v]=0.0, Q=0.0 (fn)
2026-09-23 15:17:35,296 INFO: Plan 2: ḡ=0, γE[v]=0.0, Q=0.0 (fn)
2026-09-23 15:17:35,852 INFO: Plan 0: ḡ=12, γE[v]=0.0, Q=12.0 (fn)
2026-09-23 15:17:35,853 INFO: Plan 0: ḡ=2.4, γE[v]=0.0, Q=2.4 (bayes)
2026-09-23 15:17:35,853 INFO: Plan 1: ḡ=0.0, γE[v]=1.2, Q=1.2 (bayes)
2026-09-23 15:17:35,853 INFO: Plan 2: ḡ=0.0, γE[v]=1.2, Q=1.2 (bayes)
2026-09-23 15:17:40,658 INFO: Plan 1: ḡ=0, γE[v]=0.0, Q=0.0 (fn)
2026-09-23 15:17:40,696 INFO: Plan 2: ḡ=0, γE[v]=0.0, Q=0.0 (fn)
2026-09-23 15:17:40,835 INFO: Plan 0: ḡ=1, γE[v]=0.0, Q=1.0 (fn)
2026-09-23 15:17:40,835 INFO: Plan 0: ḡ=0.2, γE[v]=0.0, Q=0.2 (bayes)
2026-09-23 15:17:40,835 INFO: Plan 1: ḡ=0.0, γE[v]=0.1, Q=0.1 (bayes)
2026-09-23 15:17:40,836 INFO: Plan 2: ḡ=0.0, γE[v]=0.1, Q=0.1 (bayes)
2026-09-23 15:17:43,706 INFO: Plan 2: ḡ=2, γE[v]=0.0, Q=2.0 (fn)
2026-09-23 15:17:43,905 INFO: Plan 1: ḡ=8, γE[v]=0.0, Q=8.0 (fn)
2026-09-23 15:17:44,850 INFO: Plan 0: ḡ=4, γE[v]=2.0, Q=6.0 (fn)
2026-09-23 15:17:44,851 INFO: Plan 0: ḡ=1.0, γE[v]=0.6, Q=1.6 (bayes)
2026-09-23 15:17:44,851 INFO: Plan 1: ḡ=2.0, γE[v]=0.0, Q=2.0 (bayes)
2026-09-23 15:17:44,851 INFO: Plan 2: ḡ=0.5, γE[v]=0.8, Q=1.2 (bayes)
2026-09-23 15:17:47,872 INFO: Plan 0: ḡ=60, γE[v]=0.0, Q=60.0 (fn)
2026-09-23 15:17:48,923 INFO: Plan 2: ḡ=32, γE[v]=0.0, Q=32.0 (fn)
2026-09-23 15:17:49,372 INFO: Plan 2: ḡ=107, γE[v]=0.0, Q=107.0 (fn)
2026-09-23 15:17:49,668 INFO: Plan 0: ḡ=11, γE[v]=0.0, Q=11.0 (fn)
2026-09-23 15:17:49,880 INFO: Plan 1: ḡ=32, γE[v]=0.0, Q=32.0 (fn)
2026-09-23 15:17:49,880 INFO: Plan 0: ḡ=5.5, γE[v]=54.7, Q=60.2 (bayes)
2026-09-23 15:17:49,880 INFO: Plan 1: ḡ=13.7, γE[v]=50.6, Q=64.2 (bayes)
2026-09-23 15:17:49,880 INFO: Plan 2: ḡ=38.0, γE[v]=38.4, Q=76.4 (bayes)
2026-09-23 15:17:50,024 INFO: Plan 1: ḡ=79, γE[v]=0.0, Q=79.0 (fn)
2026-09-23 15:17:51,521 INFO: Plan 1: ḡ=49, γE[v]=3.5, Q=52.5 (fn)
2026-09-23 15:17:51,521 INFO: Plan 0: ḡ=24.8, γE[v]=36.1, Q=60.9 (bayes)
2026-09-23 15:17:51,522 INFO: Plan 1: ḡ=19.9, γE[v]=38.8, Q=58.7 (bayes)
2026-09-23 15:17:51,522 INFO: Plan 2: ḡ=11.2, γE[v]=42.9, Q=54.1 (bayes)
2026-09-23 15:17:52,173 INFO: Plan 0: ḡ=4, γE[v]=0.0, Q=4.0 (fn)
2026-09-23 15:17:53,580 INFO: Plan 2: ḡ=67, γE[v]=24.0, Q=91.0 (fn)
2026-09-23 15:17:53,621 INFO: Plan 0: ḡ=207, γE[v]=0.0, Q=207.0 (fn)
2026-09-23 15:17:53,621 INFO: Plan 0: ḡ=70.5, γE[v]=23.0, Q=93.5 (bayes)
2026-09-23 15:17:53,622 INFO: Plan 1: ḡ=28.2, γE[v]=44.2, Q=72.3 (bayes)
2026-09-23 15:17:53,622 INFO: Plan 2: ḡ=22.3, γE[v]=48.5, Q=70.9 (bayes)
2026-09-23 15:17:55,273 INFO: Plan 1: ḡ=11, γE[v]=4.0, Q=15.0 (fn)
2026-09-23 15:17:57,973 INFO: Plan 2: ḡ=19, γE[v]=2.0, Q=21.0 (fn)
2026-09-23 15:17:57,973 INFO: Plan 0: ḡ=1.0, γE[v]=2.4, Q=3.4 (bayes)
2026-09-23 15:17:57,974 INFO: Plan 1: ḡ=2.8, γE[v]=1.8, Q=4.5 (bayes)
2026-09-23 15:17:57,974 INFO: Plan 2: ḡ=4.8, γE[v]=0.6, Q=5.4 (bayes)
2026-09-23 15:17:58,130 INFO: Plan 0: ḡ=1, γE[v]=0.0, Q=1.0 (fn)
2026-09-23 15:17:58,744 INFO: Plan 1: ḡ=0, γE[v]=0.0, Q=0.0 (fn)
2026-09-23 15:17:58,824 INFO: Plan 2: ḡ=0, γE[v]=0.0, Q=0.0 (fn)
2026-09-23 15:17:58,825 INFO: Plan 0: ḡ=0.2, γE[v]=0.0, Q=0.2 (bayes)
2026-09-23 15:17:58,825 INFO: Plan 1: ḡ=0.0, γE[v]=0.1, Q=0.1 (bayes)
2026-09-23 15:17:58,825 INFO: Plan 2: ḡ=0.0, γE[v]=0.1, Q=0.1 (bayes)
2026-09-23 15:17:59,035 INFO: Plan 2: ḡ=17, γE[v]=0.0, Q=17.0 (fn)
2026-09-23 15:18:00,638 INFO: Plan 0: ḡ=39, γE[v]=0.0, Q=39.0 (fn)
2026-09-23 15:18:01,121 INFO: Plan 1: ḡ=26, γE[v]=0.0, Q=26.0 (fn)
2026-09-23 15:18:01,122 INFO: Plan 0: ḡ=7.3, γE[v]=0.0, Q=7.3 (bayes)
2026-09-23 15:18:01,122 INFO: Plan 1: ḡ=5.1, γE[v]=1.1, Q=6.2 (bayes)
2026-09-23 15:18:01,122 INFO: Plan 2: ḡ=2.9, γE[v]=2.2, Q=5.1 (bayes)
2026-09-23 15:18:02,902 INFO: Plan 2: ḡ=4, γE[v]=0.0, Q=4.0 (fn)
2026-09-23 15:18:03,578 INFO: Plan 1: ḡ=61, γE[v]=0.0, Q=61.0 (fn)
2026-09-23 15:18:03,763 INFO: Plan 0: ḡ=28, γE[v]=0.0, Q=28.0 (fn)
2026-09-23 15:18:03,764 INFO: Plan 0: ḡ=9.5, γE[v]=43.4, Q=52.9 (bayes)
2026-09-23 15:18:03,764 INFO: Plan 1: ḡ=21.5, γE[v]=37.4, Q=58.9 (bayes)
2026-09-23 15:18:03,764 INFO: Plan 2: ḡ=2.0, γE[v]=47.2, Q=49.2 (bayes)
2026-09-23 15:18:06,362 INFO: Plan 2: ḡ=124, γE[v]=0.0, Q=124.0 (fn)
2026-09-23 15:18:07,111 INFO: Plan 1: ḡ=95, γE[v]=0.0, Q=95.0 (fn)
2026-09-23 15:18:07,149 INFO: Plan 0: ḡ=0, γE[v]=0.0, Q=0.0 (fn)
2026-09-23 15:18:07,426 INFO: Plan 2: ḡ=0, γE[v]=0.0, Q=0.0 (fn)
2026-09-23 15:18:07,865 INFO: Plan 1: ḡ=6, γE[v]=0.0, Q=6.0 (fn)
2026-09-23 15:18:07,866 INFO: Plan 0: ḡ=1, γE[v]=0.0, Q=1.0 (fn)
2026-09-23 15:18:08,302 INFO: Plan 2: ḡ=6, γE[v]=0.0, Q=6.0 (fn)
2026-09-23 15:18:08,500 INFO: Plan 1: ḡ=5, γE[v]=0.0, Q=5.0 (fn)
2026-09-23 15:18:08,541 INFO: Plan 1: ḡ=0, γE[v]=0.0, Q=0.0 (fn)
2026-09-23 15:18:08,541 INFO: Plan 2: ḡ=5, γE[v]=0.0, Q=5.0 (fn)
2026-09-23 15:18:08,542 INFO: Plan 0: ḡ=0.0, γE[v]=0.0, Q=0.0 (bayes)
2026-09-23 15:18:08,542 INFO: Plan 0: ḡ=0.2, γE[v]=0.4, Q=0.6 (bayes)
2026-09-23 15:18:08,542 INFO: Plan 1: ḡ=0.0, γE[v]=0.0, Q=0.0 (bayes)
2026-09-23 15:18:08,542 INFO: Plan 1: ḡ=1.0, γE[v]=0.0, Q=1.0 (bayes)
2026-09-23 15:18:08,542 INFO: Plan 2: ḡ=0.0, γE[v]=0.0, Q=0.0 (bayes)
2026-09-23 15:18:08,542 INFO: Plan 2: ḡ=1.0, γE[v]=0.0, Q=1.0 (bayes)
2026-09-23 15:18:08,758 INFO: Plan 0: ḡ=77, γE[v]=66.5, Q=143.5 (fn)
2026-09-23 15:18:08,759 INFO: Plan 0: ḡ=38.5, γE[v]=47.7, Q=86.2 (bayes)
2026-09-23 15:18:08,759 INFO: Plan 1: ḡ=38.7, γE[v]=43.2, Q=81.8 (bayes)
2026-09-23 15:18:08,759 INFO: Plan 2: ḡ=31.5, γE[v]=46.8, Q=78.2 (bayes)
2026-09-23 15:18:11,213 INFO: Plan 0: ḡ=72, γE[v]=63.0, Q=135.0 (fn)
2026-09-23 15:18:11,214 INFO: Plan 0: ḡ=14.4, γE[v]=19.7, Q=34.1 (bayes)
2026-09-23 15:18:11,214 INFO: Plan 1: ḡ=3.0, γE[v]=20.9, Q=23.9 (bayes)
2026-09-23 15:18:11,214 INFO: Plan 2: ḡ=2.7, γE[v]=21.1, Q=23.7 (bayes)
2026-09-23 15:18:15,797 INFO: Plan 0: ḡ=2, γE[v]=0.0, Q=2.0 (fn)
2026-09-23 15:18:15,835 INFO: Plan 1: ḡ=9, γE[v]=0.0, Q=9.0 (fn)
2026-09-23 15:18:18,146 INFO: Plan 2: ḡ=6, γE[v]=4.5, Q=10.5 (fn)
2026-09-23 15:18:18,146 INFO: Plan 0: ḡ=0.5, γE[v]=1.9, Q=2.4 (bayes)
2026-09-23 15:18:18,146 INFO: Plan 1: ḡ=2.2, γE[v]=1.0, Q=3.2 (bayes)
2026-09-23 15:18:18,146 INFO: Plan 2: ḡ=1.5, γE[v]=1.7, Q=3.2 (bayes)
2026-09-23 15:18:22,983 INFO: Plan 2: ḡ=29, γE[v]=0.0, Q=29.0 (fn)
2026-09-23 15:18:23,789 INFO: Plan 1: ḡ=77, γE[v]=0.0, Q=77.0 (fn)
2026-09-23 15:18:23,790 INFO: Plan 0: ḡ=46, γE[v]=0.0, Q=46.0 (fn)
2026-09-23 15:18:23,790 INFO: Plan 0: ḡ=23.0, γE[v]=86.4, Q=109.4 (bayes)
2026-09-23 15:18:23,790 INFO: Plan 1: ḡ=23.7, γE[v]=86.1, Q=109.8 (bayes)
2026-09-23 15:18:23,790 INFO: Plan 2: ḡ=14.5, γE[v]=90.7, Q=105.2 (bayes)
2026-09-23 15:18:24,039 INFO: Plan 0: ḡ=0, γE[v]=0.0, Q=0.0 (fn)
2026-09-23 15:18:24,574 INFO: Plan 0: ḡ=51, γE[v]=0.0, Q=51.0 (fn)
2026-09-23 15:18:24,918 INFO: Plan 2: ḡ=0, γE[v]=0.0, Q=0.0 (fn)
2026-09-23 15:18:24,918 INFO: Plan 1: ḡ=0, γE[v]=0.0, Q=0.0 (fn)
2026-09-23 15:18:24,918 INFO: Plan 0: ḡ=0.0, γE[v]=0.0, Q=0.0 (bayes)
2026-09-23 15:18:24,918 INFO: Plan 1: ḡ=0.0, γE[v]=0.0, Q=0.0 (bayes)
2026-09-23 15:18:24,919 INFO: Plan 2: ḡ=0.0, γE[v]=0.0, Q=0.0 (bayes)
2026-09-23 15:18:25,430 INFO: Plan 2: ḡ=48, γE[v]=0.0, Q=48.0 (fn)
2026-09-23 15:18:27,497 INFO: Plan 0: ḡ=1, γE[v]=0.0, Q=1.0 (fn)
2026-09-23 15:18:27,743 INFO: Plan 1: ḡ=1, γE[v]=0.0, Q=1.0 (fn)
2026-09-23 15:18:27,932 INFO: Plan 2: ḡ=1, γE[v]=0.0, Q=1.0 (fn)
2026-09-23 15:18:27,933 INFO: Plan 0: ḡ=0.2, γE[v]=0.0, Q=0.2 (bayes)
2026-09-23 15:18:27,933 INFO: Plan 1: ḡ=0.2, γE[v]=0.0, Q=0.2 (bayes)
2026-09-23 15:18:27,933 INFO: Plan 2: ḡ=0.2, γE[v]=0.0, Q=0.2 (bayes)
2026-09-23 15:18:28,896 INFO: Plan 0: ḡ=30, γE[v]=0.0, Q=30.0 (fn)
2026-09-23 15:18:29,140 INFO: Plan 1: ḡ=41, γE[v]=0.0, Q=41.0 (fn)
2026-09-23 15:18:29,425 INFO: Plan 0: ḡ=67, γE[v]=0.0, Q=67.0 (fn)
2026-09-23 15:18:29,854 INFO: Plan 1: ḡ=15, γE[v]=0.0, Q=15.0 (fn)
2026-09-23 15:18:30,289 INFO: Plan 2: ḡ=20, γE[v]=1.0, Q=21.0 (fn)
2026-09-23 15:18:30,290 INFO: Plan 0: ḡ=20.1, γE[v]=18.6, Q=38.7 (bayes)
2026-09-23 15:18:30,290 INFO: Plan 1: ḡ=19.7, γE[v]=18.8, Q=38.5 (bayes)
2026-09-23 15:18:30,290 INFO: Plan 2: ḡ=7.2, γE[v]=25.0, Q=32.3 (bayes)
2026-09-23 15:18:30,992 INFO: Plan 0: ḡ=56, γE[v]=0.0, Q=56.0 (fn)
2026-09-23 15:18:32,086 INFO: Plan 1: ḡ=13, γE[v]=0.0, Q=13.0 (fn)
2026-09-23 15:18:32,274 INFO: Plan 2: ḡ=79, γE[v]=0.5, Q=79.5 (fn)
2026-09-23 15:18:32,275 INFO: Plan 0: ḡ=6.8, γE[v]=5.0, Q=11.8 (bayes)
2026-09-23 15:18:32,275 INFO: Plan 1: ḡ=3.5, γE[v]=6.7, Q=10.2 (bayes)
2026-09-23 15:18:32,275 INFO: Plan 2: ḡ=16.6, γE[v]=0.1, Q=16.7 (bayes)
2026-09-23 15:18:33,005 INFO: Plan 2: ḡ=24, γE[v]=0.0, Q=24.0 (fn)
2026-09-23 15:18:33,297 INFO: Plan 2: ḡ=48, γE[v]=0.0, Q=48.0 (fn)
2026-09-23 15:18:34,278 INFO: Plan 0: ḡ=13, γE[v]=0.0, Q=13.0 (fn)
2026-09-23 15:18:34,319 INFO: Plan 2: ḡ=5, γE[v]=0.0, Q=5.0 (fn)
2026-09-23 15:18:34,705 INFO: Plan 1: ḡ=9, γE[v]=0.0, Q=9.0 (fn)
2026-09-23 15:18:34,705 INFO: Plan 0: ḡ=4.3, γE[v]=2.7, Q=7.0 (bayes)
2026-09-23 15:18:34,705 INFO: Plan 1: ḡ=3.2, γE[v]=3.2, Q=6.4 (bayes)
2026-09-23 15:18:34,705 INFO: Plan 2: ḡ=2.2, γE[v]=3.7, Q=5.9 (bayes)
2026-09-23 15:18:34,743 INFO: Plan 1: ḡ=95, γE[v]=48.5, Q=143.5 (fn)
2026-09-23 15:18:34,744 INFO: Plan 0: ḡ=13.2, γE[v]=20.0, Q=33.3 (bayes)
2026-09-23 15:18:34,744 INFO: Plan 1: ḡ=26.2, γE[v]=16.8, Q=43.0 (bayes)
2026-09-23 15:18:34,744 INFO: Plan 2: ḡ=13.2, γE[v]=20.0, Q=33.3 (bayes)
2026-09-23 15:18:35,149 INFO: Plan 1: ḡ=37, γE[v]=0.0, Q=37.0 (fn)
2026-09-23 15:18:35,267 INFO: Plan 2: ḡ=107, γE[v]=8.5, Q=115.5 (fn)
2026-09-23 15:18:36,067 INFO: Plan 2: ḡ=8, γE[v]=0.0, Q=8.0 (fn)
2026-09-23 15:18:36,656 INFO: Plan 1: ḡ=6, γE[v]=0.0, Q=6.0 (fn)
2026-09-23 15:18:37,549 INFO: Plan 0: ḡ=8, γE[v]=4.0, Q=12.0 (fn)
2026-09-23 15:18:37,549 INFO: Plan 0: ḡ=13, γE[v]=0.5, Q=13.5 (fn)
2026-09-23 15:18:37,550 INFO: Plan 0: ḡ=3.7, γE[v]=9.6, Q=13.3 (bayes)
2026-09-23 15:18:37,550 INFO: Plan 1: ḡ=3.2, γE[v]=9.5, Q=12.7 (bayes)
2026-09-23 15:18:37,551 INFO: Plan 2: ḡ=14.9, γE[v]=3.7, Q=18.6 (bayes)
2026-09-23 15:18:37,551 INFO: Plan 0: ḡ=3.6, γE[v]=3.4, Q=7.0 (bayes)
2026-09-23 15:18:37,551 INFO: Plan 1: ḡ=2.8, γE[v]=3.8, Q=6.6 (bayes)
2026-09-23 15:18:37,551 INFO: Plan 2: ḡ=4.0, γE[v]=3.2, Q=7.2 (bayes)
2026-09-23 15:18:39,060 INFO: Plan 2: ḡ=23, γE[v]=0.0, Q=23.0 (fn)
2026-09-23 15:18:39,060 INFO: Plan 0: ḡ=20, γE[v]=0.0, Q=20.0 (fn)
2026-09-23 15:18:39,320 INFO: Plan 1: ḡ=29, γE[v]=14.5, Q=43.5 (fn)
2026-09-23 15:18:39,321 INFO: Plan 0: ḡ=18.7, γE[v]=39.0, Q=57.7 (bayes)
2026-09-23 15:18:39,321 INFO: Plan 1: ḡ=10.2, γE[v]=44.3, Q=54.4 (bayes)
2026-09-23 15:18:39,321 INFO: Plan 2: ḡ=12.0, γE[v]=42.4, Q=54.4 (bayes)
2026-09-23 15:18:42,489 INFO: Plan 1: ḡ=77, γE[v]=16.0, Q=93.0 (fn)
2026-09-23 15:18:42,489 INFO: Plan 0: ḡ=3.3, γE[v]=7.4, Q=10.8 (bayes)
2026-09-23 15:18:42,489 INFO: Plan 1: ḡ=12.8, γE[v]=3.9, Q=16.7 (bayes)
2026-09-23 15:18:42,489 INFO: Plan 2: ḡ=3.8, γE[v]=7.2, Q=11.0 (bayes)
2026-09-23 15:18:44,135 INFO: Plan 0: ḡ=48, γE[v]=65.5, Q=113.5 (fn)
2026-09-23 15:18:44,136 INFO: Plan 0: ḡ=10.4, γE[v]=18.7, Q=29.1 (bayes)
2026-09-23 15:18:44,136 INFO: Plan 1: ḡ=7.8, γE[v]=15.3, Q=23.1 (bayes)
2026-09-23 15:18:44,136 INFO: Plan 2: ḡ=21.4, γE[v]=9.1, Q=30.5 (bayes)
2026-09-23 15:18:44,596 INFO: Plan 1: ḡ=50, γE[v]=0.0, Q=50.0 (fn)
2026-09-23 15:18:44,635 INFO: Plan 2: ḡ=50, γE[v]=0.0, Q=50.0 (fn)
2026-09-23 15:18:45,737 INFO: Plan 0: ḡ=36, γE[v]=7.0, Q=43.0 (fn)
2026-09-23 15:18:45,738 INFO: Plan 0: ḡ=9.9, γE[v]=2.6, Q=12.5 (bayes)
2026-09-23 15:18:45,738 INFO: Plan 1: ḡ=14.2, γE[v]=0.0, Q=14.2 (bayes)
2026-09-23 15:18:45,738 INFO: Plan 2: ḡ=14.2, γE[v]=0.0, Q=14.2 (bayes)
2026-09-23 15:18:46,255 INFO: Plan 1: ḡ=11, γE[v]=0.0, Q=11.0 (fn)
2026-09-23 15:18:46,520 INFO: Plan 0: ḡ=1, γE[v]=0.0, Q=1.0 (fn)
2026-09-23 15:18:47,250 INFO: Plan 1: ḡ=0, γE[v]=0.0, Q=0.0 (fn)
2026-09-23 15:18:47,250 INFO: Plan 0: ḡ=0, γE[v]=0.0, Q=0.0 (fn)
2026-09-23 15:18:47,847 INFO: Plan 2: ḡ=0, γE[v]=0.0, Q=0.0 (fn)
2026-09-23 15:18:47,847 INFO: Plan 0: ḡ=0.0, γE[v]=0.0, Q=0.0 (bayes)
2026-09-23 15:18:47,847 INFO: Plan 1: ḡ=0.0, γE[v]=0.0, Q=0.0 (bayes)
2026-09-23 15:18:47,847 INFO: Plan 2: ḡ=0.0, γE[v]=0.0, Q=0.0 (bayes)
2026-09-23 15:18:47,892 INFO: Plan 1: ḡ=45, γE[v]=0.0, Q=45.0 (fn)
2026-09-23 15:18:48,147 INFO: Plan 2: ḡ=29, γE[v]=6.0, Q=35.0 (fn)
2026-09-23 15:18:48,148 INFO: Plan 0: ḡ=0.2, γE[v]=3.5, Q=3.7 (bayes)
2026-09-23 15:18:48,148 INFO: Plan 1: ḡ=2.2, γE[v]=2.5, Q=4.7 (bayes)
2026-09-23 15:18:48,148 INFO: Plan 2: ḡ=4.8, γE[v]=1.6, Q=6.5 (bayes)
2026-09-23 15:18:48,514 INFO: Plan 2: ḡ=64, γE[v]=0.0, Q=64.0 (fn)
2026-09-23 15:18:51,781 INFO: Plan 0: ḡ=55, γE[v]=24.0, Q=79.0 (fn)
2026-09-23 15:18:51,781 INFO: Plan 0: ḡ=15.1, γE[v]=37.9, Q=53.0 (bayes)
2026-09-23 15:18:51,782 INFO: Plan 1: ḡ=12.8, γE[v]=37.4, Q=50.2 (bayes)
2026-09-23 15:18:51,782 INFO: Plan 2: ḡ=21.3, γE[v]=33.2, Q=54.5 (bayes)
2026-09-23 15:18:52,989 INFO: Plan 0: ḡ=53, γE[v]=0.0, Q=53.0 (fn)
2026-09-23 15:18:54,037 INFO: Plan 1: ḡ=66, γE[v]=0.0, Q=66.0 (fn)
2026-09-23 15:18:58,622 INFO: Plan 2: ḡ=81, γE[v]=43.5, Q=124.5 (fn)
2026-09-23 15:18:58,624 INFO: Plan 0: ḡ=13.1, γE[v]=20.2, Q=33.2 (bayes)
2026-09-23 15:18:58,624 INFO: Plan 1: ḡ=16.7, γE[v]=18.4, Q=35.0 (bayes)
2026-09-23 15:18:58,624 INFO: Plan 2: ḡ=31.8, γE[v]=13.9, Q=45.6 (bayes)
2026-09-23 15:19:00,174 INFO: Plan 2: ḡ=44, γE[v]=0.0, Q=44.0 (fn)
2026-09-23 15:19:01,044 INFO: Plan 1: ḡ=0, γE[v]=0.0, Q=0.0 (fn)
2026-09-23 15:19:01,390 INFO: Plan 1: ḡ=24, γE[v]=9.0, Q=33.0 (fn)
2026-09-23 15:19:01,850 INFO: Plan 0: ḡ=0, γE[v]=0.0, Q=0.0 (fn)
2026-09-23 15:19:02,661 INFO: Plan 0: ḡ=41, γE[v]=0.0, Q=41.0 (fn)
2026-09-23 15:19:02,895 INFO: Plan 2: ḡ=51, γE[v]=0.0, Q=51.0 (fn)
2026-09-23 15:19:03,125 INFO: Plan 0: ḡ=52, γE[v]=8.5, Q=60.5 (fn)
2026-09-23 15:19:03,125 INFO: Plan 0: ḡ=24.7, γE[v]=19.7, Q=44.3 (bayes)
2026-09-23 15:19:03,126 INFO: Plan 1: ḡ=10.0, γE[v]=26.9, Q=36.9 (bayes)
2026-09-23 15:19:03,126 INFO: Plan 2: ḡ=19.3, γE[v]=21.8, Q=41.2 (bayes)
2026-09-23 15:19:04,706 INFO: Plan 2: ḡ=0, γE[v]=0.0, Q=0.0 (fn)
2026-09-23 15:19:04,706 INFO: Plan 0: ḡ=0.0, γE[v]=0.0, Q=0.0 (bayes)
2026-09-23 15:19:04,706 INFO: Plan 1: ḡ=0.0, γE[v]=0.0, Q=0.0 (bayes)
2026-09-23 15:19:04,706 INFO: Plan 2: ḡ=0.0, γE[v]=0.0, Q=0.0 (bayes)
2026-09-23 15:19:05,997 INFO: Plan 1: ḡ=33, γE[v]=0.0, Q=33.0 (fn)
2026-09-23 15:19:05,998 INFO: Plan 0: ḡ=1, γE[v]=0.0, Q=1.0 (fn)
2026-09-23 15:19:05,998 INFO: Plan 0: ḡ=18.1, γE[v]=45.3, Q=63.4 (bayes)
2026-09-23 15:19:05,999 INFO: Plan 1: ḡ=11.2, γE[v]=48.7, Q=60.0 (bayes)
2026-09-23 15:19:05,999 INFO: Plan 2: ḡ=18.2, γE[v]=45.2, Q=63.4 (bayes)
2026-09-23 15:19:07,330 INFO: Plan 1: ḡ=3, γE[v]=0.0, Q=3.0 (fn)
2026-09-23 15:19:07,331 INFO: Plan 2: ḡ=3, γE[v]=0.0, Q=3.0 (fn)
2026-09-23 15:19:07,332 INFO: Plan 0: ḡ=0.2, γE[v]=0.2, Q=0.5 (bayes)
2026-09-23 15:19:07,332 INFO: Plan 1: ḡ=0.8, γE[v]=0.0, Q=0.8 (bayes)
2026-09-23 15:19:07,332 INFO: Plan 2: ḡ=0.8, γE[v]=0.0, Q=0.8 (bayes)
2026-09-23 15:19:20,767 INFO: Plan 0: ḡ=80, γE[v]=0.0, Q=80.0 (fn)
2026-09-23 15:19:22,682 INFO: Plan 0: ḡ=22, γE[v]=0.0, Q=22.0 (fn)
2026-09-23 15:19:22,920 INFO: Plan 1: ḡ=38, γE[v]=0.0, Q=38.0 (fn)
2026-09-23 15:19:23,497 INFO: Plan 2: ḡ=41, γE[v]=0.0, Q=41.0 (fn)
2026-09-23 15:19:23,497 INFO: Plan 0: ḡ=11.0, γE[v]=35.9, Q=46.9 (bayes)
2026-09-23 15:19:23,497 INFO: Plan 1: ḡ=19.0, γE[v]=31.9, Q=50.9 (bayes)
2026-09-23 15:19:23,497 INFO: Plan 2: ḡ=15.9, γE[v]=33.4, Q=49.3 (bayes)
2026-09-23 15:19:23,721 INFO: Plan 0: ḡ=4, γE[v]=0.0, Q=4.0 (fn)
2026-09-23 15:19:23,759 INFO: Plan 1: ḡ=4, γE[v]=0.0, Q=4.0 (fn)
2026-09-23 15:19:25,125 INFO: Plan 2: ḡ=8, γE[v]=0.0, Q=8.0 (fn)
2026-09-23 15:19:25,125 INFO: Plan 0: ḡ=1.3, γE[v]=0.7, Q=2.0 (bayes)
2026-09-23 15:19:25,125 INFO: Plan 1: ḡ=1.3, γE[v]=0.7, Q=2.0 (bayes)
2026-09-23 15:19:25,125 INFO: Plan 2: ḡ=2.7, γE[v]=0.0, Q=2.7 (bayes)
2026-09-23 15:19:26,608 INFO: Plan 2: ḡ=0, γE[v]=0.0, Q=0.0 (fn)
2026-09-23 15:19:26,608 INFO: Plan 0: ḡ=4, γE[v]=0.0, Q=4.0 (fn)
2026-09-23 15:19:27,166 INFO: Plan 1: ḡ=3, γE[v]=0.0, Q=3.0 (fn)
2026-09-23 15:19:27,166 INFO: Plan 0: ḡ=2.0, γE[v]=0.5, Q=2.5 (bayes)
2026-09-23 15:19:27,166 INFO: Plan 1: ḡ=1.0, γE[v]=1.0, Q=2.0 (bayes)
2026-09-23 15:19:27,167 INFO: Plan 2: ḡ=0.0, γE[v]=1.5, Q=1.5 (bayes)
2026-09-23 15:19:27,631 INFO: Plan 0: ḡ=24, γE[v]=0.0, Q=24.0 (fn)
2026-09-23 15:19:27,664 INFO: Plan 1: ḡ=51, γE[v]=0.0, Q=51.0 (fn)
2026-09-23 15:19:29,828 INFO: Plan 1: ḡ=77, γE[v]=86.0, Q=163.0 (fn)
2026-09-23 15:19:30,083 INFO: Plan 2: ḡ=202, γE[v]=24.0, Q=226.0 (fn)
2026-09-23 15:19:30,083 INFO: Plan 0: ḡ=32.9, γE[v]=28.2, Q=61.1 (bayes)
2026-09-23 15:19:30,084 INFO: Plan 1: ḡ=16.6, γE[v]=42.5, Q=59.1 (bayes)
2026-09-23 15:19:30,084 INFO: Plan 2: ḡ=42.2, γE[v]=25.3, Q=67.5 (bayes)
2026-09-23 15:19:31,343 INFO: Plan 2: ḡ=121, γE[v]=23.5, Q=144.5 (fn)
2026-09-23 15:19:31,344 INFO: Plan 0: ḡ=8.5, γE[v]=78.0, Q=86.5 (bayes)
2026-09-23 15:19:31,344 INFO: Plan 1: ḡ=19.2, γE[v]=72.7, Q=91.8 (bayes)
2026-09-23 15:19:31,344 INFO: Plan 2: ḡ=40.7, γE[v]=63.3, Q=104.0 (bayes)
2026-09-23 15:19:33,612 INFO: Plan 0: ḡ=49, γE[v]=0.0, Q=49.0 (fn)
2026-09-23 15:19:35,282 INFO: Plan 1: ḡ=0, γE[v]=0.0, Q=0.0 (fn)
2026-09-23 15:19:35,443 INFO: Plan 1: ḡ=42, γE[v]=10.0, Q=52.0 (fn)
2026-09-23 15:19:35,482 INFO: Plan 0: ḡ=0, γE[v]=0.0, Q=0.0 (fn)
2026-09-23 15:19:36,263 INFO: Plan 2: ḡ=0, γE[v]=0.0, Q=0.0 (fn)
2026-09-23 15:19:36,263 INFO: Plan 0: ḡ=0.0, γE[v]=0.0, Q=0.0 (bayes)
2026-09-23 15:19:36,263 INFO: Plan 1: ḡ=0.0, γE[v]=0.0, Q=0.0 (bayes)
2026-09-23 15:19:36,263 INFO: Plan 2: ḡ=0.0, γE[v]=0.0, Q=0.0 (bayes)
  [1/93] flask.ctx seed=42: {'random': 49, 'cov_qvalue_tgt_fnt_bayes': 24}
2026-09-23 15:19:37,332 INFO: Plan 0: ḡ=17, γE[v]=0.0, Q=17.0 (fn)
2026-09-23 15:19:37,914 INFO: Plan 1: ḡ=40, γE[v]=0.0, Q=40.0 (fn)
2026-09-23 15:19:38,584 INFO: Plan 2: ḡ=147, γE[v]=8.5, Q=155.5 (fn)
2026-09-23 15:19:38,585 INFO: Plan 0: ḡ=10.0, γE[v]=12.4, Q=22.4 (bayes)
2026-09-23 15:19:38,585 INFO: Plan 1: ḡ=9.3, γE[v]=13.3, Q=22.7 (bayes)
2026-09-23 15:19:38,585 INFO: Plan 2: ḡ=29.6, γE[v]=3.2, Q=32.7 (bayes)
2026-09-23 15:19:38,884 INFO: Plan 2: ḡ=270, γE[v]=0.0, Q=270.0 (fn)
2026-09-23 15:19:38,885 INFO: Plan 0: ḡ=8.5, γE[v]=43.6, Q=52.1 (bayes)
2026-09-23 15:19:38,885 INFO: Plan 1: ḡ=20.0, γE[v]=37.8, Q=57.8 (bayes)
2026-09-23 15:19:38,885 INFO: Plan 2: ḡ=72.7, γE[v]=11.5, Q=84.2 (bayes)
  [2/93] rich.console seed=42: {'random': 139, 'cov_qvalue_tgt_fnt_bayes': 239}
2026-09-23 15:19:46,301 INFO: Plan 0: ḡ=4, γE[v]=0.0, Q=4.0 (fn)
2026-09-23 15:19:46,865 INFO: Plan 1: ḡ=2, γE[v]=0.0, Q=2.0 (fn)
2026-09-23 15:19:47,024 INFO: Plan 2: ḡ=4, γE[v]=0.0, Q=4.0 (fn)
2026-09-23 15:19:47,025 INFO: Plan 0: ḡ=1.0, γE[v]=0.8, Q=1.8 (bayes)
2026-09-23 15:19:47,025 INFO: Plan 1: ḡ=0.5, γE[v]=1.0, Q=1.5 (bayes)
2026-09-23 15:19:47,025 INFO: Plan 2: ḡ=1.0, γE[v]=0.8, Q=1.8 (bayes)
2026-09-23 15:19:47,308 INFO: Plan 0: ḡ=20, γE[v]=0.0, Q=20.0 (fn)
2026-09-23 15:19:47,308 INFO: Plan 2: ḡ=16, γE[v]=0.0, Q=16.0 (fn)
2026-09-23 15:19:47,343 INFO: Plan 1: ḡ=11, γE[v]=0.0, Q=11.0 (fn)
2026-09-23 15:19:47,344 INFO: Plan 0: ḡ=6.7, γE[v]=7.5, Q=14.2 (bayes)
2026-09-23 15:19:47,344 INFO: Plan 1: ḡ=5.5, γE[v]=8.1, Q=13.6 (bayes)
2026-09-23 15:19:47,344 INFO: Plan 2: ḡ=8.0, γE[v]=6.8, Q=14.8 (bayes)
2026-09-23 15:19:52,931 INFO: Plan 0: ḡ=17, γE[v]=0.0, Q=17.0 (fn)
2026-09-23 15:19:53,246 INFO: Plan 2: ḡ=42, γE[v]=0.0, Q=42.0 (fn)
2026-09-23 15:19:53,523 INFO: Plan 1: ḡ=1, γE[v]=0.0, Q=1.0 (fn)
2026-09-23 15:19:53,524 INFO: Plan 0: ḡ=1, γE[v]=0.0, Q=1.0 (fn)
2026-09-23 15:19:53,815 INFO: Plan 2: ḡ=1, γE[v]=0.0, Q=1.0 (fn)
2026-09-23 15:19:53,816 INFO: Plan 0: ḡ=0.2, γE[v]=0.0, Q=0.2 (bayes)
2026-09-23 15:19:53,816 INFO: Plan 1: ḡ=0.2, γE[v]=0.0, Q=0.2 (bayes)
2026-09-23 15:19:53,816 INFO: Plan 2: ḡ=0.2, γE[v]=0.0, Q=0.2 (bayes)
  [3/93] requests.adapters seed=42: {'random': 51, 'cov_qvalue_tgt_fnt_bayes': 91}
2026-09-23 15:19:55,889 INFO: Plan 1: ḡ=26, γE[v]=16.5, Q=42.5 (fn)
2026-09-23 15:19:55,889 INFO: Plan 0: ḡ=4.2, γE[v]=5.2, Q=9.5 (bayes)
2026-09-23 15:19:55,889 INFO: Plan 1: ḡ=6.5, γE[v]=5.2, Q=11.7 (bayes)
2026-09-23 15:19:55,889 INFO: Plan 2: ḡ=10.5, γE[v]=2.1, Q=12.6 (bayes)
2026-09-23 15:19:58,788 INFO: Plan 0: ḡ=0, γE[v]=0.0, Q=0.0 (fn)
2026-09-23 15:19:58,829 INFO: Plan 1: ḡ=0, γE[v]=0.0, Q=0.0 (fn)
2026-09-23 15:19:58,867 INFO: Plan 2: ḡ=0, γE[v]=0.0, Q=0.0 (fn)
2026-09-23 15:19:58,868 INFO: Plan 0: ḡ=0.0, γE[v]=0.0, Q=0.0 (bayes)
2026-09-23 15:19:58,868 INFO: Plan 1: ḡ=0.0, γE[v]=0.0, Q=0.0 (bayes)
2026-09-23 15:19:58,868 INFO: Plan 2: ḡ=0.0, γE[v]=0.0, Q=0.0 (bayes)
  [4/93] click.formatting seed=42: {'random': 25, 'cov_qvalue_tgt_fnt_bayes': 50}
2026-09-23 15:20:05,219 INFO: Plan 2: ḡ=0, γE[v]=0.0, Q=0.0 (fn)
2026-09-23 15:20:06,054 INFO: Plan 0: ḡ=12, γE[v]=0.0, Q=12.0 (fn)
2026-09-23 15:20:06,054 INFO: Plan 1: ḡ=12, γE[v]=0.0, Q=12.0 (fn)
2026-09-23 15:20:06,055 INFO: Plan 0: ḡ=2.0, γE[v]=0.0, Q=2.0 (bayes)
2026-09-23 15:20:06,055 INFO: Plan 1: ḡ=2.0, γE[v]=0.0, Q=2.0 (bayes)
2026-09-23 15:20:06,055 INFO: Plan 2: ḡ=0.0, γE[v]=1.0, Q=1.0 (bayes)
2026-09-23 15:20:07,598 INFO: Plan 0: ḡ=11, γE[v]=0.0, Q=11.0 (fn)
2026-09-23 15:20:08,261 INFO: Plan 1: ḡ=35, γE[v]=0.0, Q=35.0 (fn)
2026-09-23 15:20:08,643 INFO: Plan 0: ḡ=6, γE[v]=0.0, Q=6.0 (fn)
2026-09-23 15:20:08,684 INFO: Plan 1: ḡ=2, γE[v]=2.0, Q=4.0 (fn)
2026-09-23 15:20:08,685 INFO: Plan 2: ḡ=6, γE[v]=0.0, Q=6.0 (fn)
2026-09-23 15:20:08,685 INFO: Plan 0: ḡ=1.2, γE[v]=0.0, Q=1.2 (bayes)
2026-09-23 15:20:08,685 INFO: Plan 1: ḡ=0.4, γE[v]=0.5, Q=0.9 (bayes)
2026-09-23 15:20:08,685 INFO: Plan 2: ḡ=1.2, γE[v]=0.0, Q=1.2 (bayes)
2026-09-23 15:20:09,405 INFO: Plan 2: ḡ=0, γE[v]=0.0, Q=0.0 (fn)
2026-09-23 15:20:09,406 INFO: Plan 1: ḡ=0, γE[v]=0.0, Q=0.0 (fn)
2026-09-23 15:20:10,092 INFO: Plan 0: ḡ=1, γE[v]=0.0, Q=1.0 (fn)
2026-09-23 15:20:10,094 INFO: Plan 0: ḡ=0.2, γE[v]=0.0, Q=0.2 (bayes)
2026-09-23 15:20:10,097 INFO: Plan 1: ḡ=0.0, γE[v]=0.1, Q=0.1 (bayes)
2026-09-23 15:20:10,098 INFO: Plan 2: ḡ=0.0, γE[v]=0.1, Q=0.1 (bayes)
2026-09-23 15:20:10,627 INFO: Plan 2: ḡ=88, γE[v]=7.5, Q=95.5 (fn)
2026-09-23 15:20:10,627 INFO: Plan 0: ḡ=5.5, γE[v]=38.0, Q=43.5 (bayes)
2026-09-23 15:20:10,628 INFO: Plan 1: ḡ=14.5, γE[v]=33.5, Q=48.0 (bayes)
2026-09-23 15:20:10,628 INFO: Plan 2: ḡ=41.7, γE[v]=20.3, Q=61.9 (bayes)
  [5/93] flask.sessions seed=42: {'random': 4, 'cov_qvalue_tgt_fnt_bayes': 14}
2026-09-23 15:20:12,029 INFO: Plan 0: ḡ=4, γE[v]=0.0, Q=4.0 (fn)
2026-09-23 15:20:12,270 INFO: Plan 0: ḡ=75, γE[v]=0.0, Q=75.0 (fn)
2026-09-23 15:20:13,103 INFO: Plan 2: ḡ=48, γE[v]=0.0, Q=48.0 (fn)
2026-09-23 15:20:13,591 INFO: Plan 2: ḡ=15, γE[v]=0.0, Q=15.0 (fn)
2026-09-23 15:20:15,527 INFO: Plan 1: ḡ=52, γE[v]=1.0, Q=53.0 (fn)
2026-09-23 15:20:15,528 INFO: Plan 0: ḡ=33.2, γE[v]=23.2, Q=56.3 (bayes)
2026-09-23 15:20:15,528 INFO: Plan 1: ḡ=21.0, γE[v]=29.3, Q=50.3 (bayes)
2026-09-23 15:20:15,528 INFO: Plan 2: ḡ=13.7, γE[v]=32.9, Q=46.6 (bayes)
2026-09-23 15:20:15,854 INFO: Plan 0: ḡ=24, γE[v]=0.0, Q=24.0 (fn)
2026-09-23 15:20:15,896 INFO: Plan 0: ḡ=8, γE[v]=0.0, Q=8.0 (fn)
2026-09-23 15:20:16,505 INFO: Plan 2: ḡ=14, γE[v]=0.0, Q=14.0 (fn)
2026-09-23 15:20:16,508 INFO: Plan 1: ḡ=18, γE[v]=0.0, Q=18.0 (fn)
2026-09-23 15:20:16,539 INFO: Plan 2: ḡ=17, γE[v]=2.0, Q=19.0 (fn)
2026-09-23 15:20:17,597 INFO: Plan 1: ḡ=11, γE[v]=5.0, Q=16.0 (fn)
2026-09-23 15:20:17,597 INFO: Plan 0: ḡ=0.8, γE[v]=1.7, Q=2.5 (bayes)
2026-09-23 15:20:17,597 INFO: Plan 1: ḡ=2.2, γE[v]=1.4, Q=3.6 (bayes)
2026-09-23 15:20:17,597 INFO: Plan 2: ḡ=3.4, γE[v]=0.5, Q=3.9 (bayes)
2026-09-23 15:20:17,775 INFO: Plan 2: ḡ=104, γE[v]=0.0, Q=104.0 (fn)
2026-09-23 15:20:18,108 INFO: Plan 0: ḡ=36, γE[v]=0.0, Q=36.0 (fn)
2026-09-23 15:20:18,109 INFO: Plan 1: ḡ=43, γE[v]=0.0, Q=43.0 (fn)
2026-09-23 15:20:18,110 INFO: Plan 0: ḡ=9.9, γE[v]=22.7, Q=32.6 (bayes)
2026-09-23 15:20:18,110 INFO: Plan 0: ḡ=2.8, γE[v]=41.8, Q=44.7 (bayes)
2026-09-23 15:20:18,110 INFO: Plan 1: ḡ=8.2, γE[v]=23.5, Q=31.7 (bayes)
2026-09-23 15:20:18,110 INFO: Plan 1: ḡ=13.7, γE[v]=36.4, Q=50.1 (bayes)
2026-09-23 15:20:18,110 INFO: Plan 2: ḡ=34.7, γE[v]=10.3, Q=45.0 (bayes)
2026-09-23 15:20:18,111 INFO: Plan 2: ḡ=5.7, γE[v]=40.4, Q=46.1 (bayes)
2026-09-23 15:20:18,436 INFO: Plan 1: ḡ=39, γE[v]=0.0, Q=39.0 (fn)
2026-09-23 15:20:18,437 INFO: Plan 0: ḡ=1, γE[v]=0.0, Q=1.0 (fn)
2026-09-23 15:20:18,438 INFO: Plan 1: ḡ=1, γE[v]=0.0, Q=1.0 (fn)
2026-09-23 15:20:18,438 INFO: Plan 0: ḡ=4.0, γE[v]=1.1, Q=5.0 (bayes)
2026-09-23 15:20:18,439 INFO: Plan 1: ḡ=6.1, γE[v]=0.0, Q=6.1 (bayes)
2026-09-23 15:20:18,439 INFO: Plan 2: ḡ=2.1, γE[v]=2.0, Q=4.1 (bayes)
2026-09-23 15:20:18,840 INFO: Plan 2: ḡ=1, γE[v]=0.0, Q=1.0 (fn)
2026-09-23 15:20:18,841 INFO: Plan 0: ḡ=0.2, γE[v]=0.0, Q=0.2 (bayes)
2026-09-23 15:20:18,841 INFO: Plan 1: ḡ=0.2, γE[v]=0.0, Q=0.2 (bayes)
2026-09-23 15:20:18,841 INFO: Plan 2: ḡ=0.2, γE[v]=0.0, Q=0.2 (bayes)
2026-09-23 15:20:19,076 INFO: Plan 0: ḡ=2, γE[v]=0.0, Q=2.0 (fn)
2026-09-23 15:20:19,324 INFO: Plan 1: ḡ=9, γE[v]=0.0, Q=9.0 (fn)
  [6/93] rich.syntax seed=42: {'random': 45, 'cov_qvalue_tgt_fnt_bayes': 74}
  [7/93] click.exceptions seed=42: {'random': 1, 'cov_qvalue_tgt_fnt_bayes': 31}
2026-09-23 15:20:20,578 INFO: Plan 1: ḡ=0, γE[v]=0.0, Q=0.0 (fn)
2026-09-23 15:20:20,579 INFO: Plan 0: ḡ=0, γE[v]=0.0, Q=0.0 (fn)
2026-09-23 15:20:20,790 INFO: Plan 2: ḡ=0, γE[v]=0.0, Q=0.0 (fn)
2026-09-23 15:20:20,791 INFO: Plan 0: ḡ=0.0, γE[v]=0.0, Q=0.0 (bayes)
2026-09-23 15:20:20,791 INFO: Plan 1: ḡ=0.0, γE[v]=0.0, Q=0.0 (bayes)
2026-09-23 15:20:20,791 INFO: Plan 2: ḡ=0.0, γE[v]=0.0, Q=0.0 (bayes)
2026-09-23 15:20:21,518 INFO: Plan 2: ḡ=6, γE[v]=4.5, Q=10.5 (fn)
2026-09-23 15:20:21,519 INFO: Plan 0: ḡ=0.5, γE[v]=1.6, Q=2.1 (bayes)
2026-09-23 15:20:21,519 INFO: Plan 1: ḡ=1.8, γE[v]=1.0, Q=2.8 (bayes)
2026-09-23 15:20:21,519 INFO: Plan 2: ḡ=1.5, γE[v]=1.5, Q=3.0 (bayes)
  [8/93] requests.auth seed=42: {'random': 4, 'cov_qvalue_tgt_fnt_bayes': 66}
2026-09-23 15:20:27,707 INFO: Plan 2: ḡ=6, γE[v]=0.0, Q=6.0 (fn)
2026-09-23 15:20:27,787 INFO: Plan 0: ḡ=141, γE[v]=0.0, Q=141.0 (fn)
2026-09-23 15:20:28,749 INFO: Plan 1: ḡ=7, γE[v]=2.0, Q=9.0 (fn)
2026-09-23 15:20:28,750 INFO: Plan 0: ḡ=23.8, γE[v]=2.3, Q=26.2 (bayes)
2026-09-23 15:20:28,750 INFO: Plan 1: ḡ=3.3, γE[v]=12.7, Q=16.0 (bayes)
2026-09-23 15:20:28,750 INFO: Plan 2: ḡ=2.7, γE[v]=12.9, Q=15.6 (bayes)
2026-09-23 15:20:29,942 INFO: Plan 2: ḡ=1, γE[v]=0.0, Q=1.0 (fn)
2026-09-23 15:20:30,314 INFO: Plan 1: ḡ=4, γE[v]=0.0, Q=4.0 (fn)
2026-09-23 15:20:30,723 INFO: Plan 0: ḡ=8, γE[v]=0.0, Q=8.0 (fn)
2026-09-23 15:20:30,724 INFO: Plan 0: ḡ=2.7, γE[v]=1.1, Q=3.8 (bayes)
2026-09-23 15:20:30,724 INFO: Plan 1: ḡ=1.8, γE[v]=1.5, Q=3.3 (bayes)
2026-09-23 15:20:30,724 INFO: Plan 2: ḡ=0.3, γE[v]=2.2, Q=2.6 (bayes)
  [9/93] jinja2.utils seed=42: {'random': 11, 'cov_qvalue_tgt_fnt_bayes': 84}
2026-09-23 15:20:32,063 INFO: Plan 2: ḡ=121, γE[v]=0.0, Q=121.0 (fn)
2026-09-23 15:20:33,006 INFO: Plan 0: ḡ=70, γE[v]=0.0, Q=70.0 (fn)
2026-09-23 15:20:33,224 INFO: Plan 1: ḡ=108, γE[v]=0.0, Q=108.0 (fn)
2026-09-23 15:20:33,225 INFO: Plan 1: ḡ=0, γE[v]=0.0, Q=0.0 (fn)
2026-09-23 15:20:33,226 INFO: Plan 0: ḡ=22.2, γE[v]=33.8, Q=56.0 (bayes)
2026-09-23 15:20:33,226 INFO: Plan 1: ḡ=43.0, γE[v]=23.4, Q=66.4 (bayes)
2026-09-23 15:20:33,226 INFO: Plan 2: ḡ=24.5, γE[v]=32.6, Q=57.1 (bayes)
2026-09-23 15:20:33,848 INFO: Plan 0: ḡ=0, γE[v]=0.0, Q=0.0 (fn)
2026-09-23 15:20:34,192 INFO: Plan 2: ḡ=0, γE[v]=0.0, Q=0.0 (fn)
2026-09-23 15:20:34,192 INFO: Plan 0: ḡ=0.0, γE[v]=0.0, Q=0.0 (bayes)
2026-09-23 15:20:34,192 INFO: Plan 1: ḡ=0.0, γE[v]=0.0, Q=0.0 (bayes)
2026-09-23 15:20:34,192 INFO: Plan 2: ḡ=0.0, γE[v]=0.0, Q=0.0 (bayes)
  [10/93] flask.testing seed=42: {'random': 6, 'cov_qvalue_tgt_fnt_bayes': 28}
2026-09-23 15:20:35,483 INFO: Plan 2: ḡ=6, γE[v]=0.0, Q=6.0 (fn)
2026-09-23 15:20:35,518 INFO: Plan 1: ḡ=52, γE[v]=0.0, Q=52.0 (fn)
2026-09-23 15:20:38,405 INFO: Plan 0: ḡ=0, γE[v]=0.0, Q=0.0 (fn)
2026-09-23 15:20:38,487 INFO: Plan 1: ḡ=0, γE[v]=0.0, Q=0.0 (fn)
2026-09-23 15:20:38,725 INFO: Plan 2: ḡ=0, γE[v]=0.0, Q=0.0 (fn)
2026-09-23 15:20:38,725 INFO: Plan 0: ḡ=0.0, γE[v]=0.0, Q=0.0 (bayes)
2026-09-23 15:20:38,725 INFO: Plan 1: ḡ=0.0, γE[v]=0.0, Q=0.0 (bayes)
2026-09-23 15:20:38,726 INFO: Plan 2: ḡ=0.0, γE[v]=0.0, Q=0.0 (bayes)
  [11/93] flask.json.provider seed=42: {'random': 36, 'cov_qvalue_tgt_fnt_bayes': 49}
2026-09-23 15:20:43,759 INFO: Plan 0: ḡ=70, γE[v]=29.0, Q=99.0 (fn)
2026-09-23 15:20:43,760 INFO: Plan 0: ḡ=21.3, γE[v]=15.3, Q=36.6 (bayes)
2026-09-23 15:20:43,760 INFO: Plan 1: ḡ=23.5, γE[v]=12.7, Q=36.2 (bayes)
2026-09-23 15:20:43,760 INFO: Plan 2: ḡ=3.0, γE[v]=23.0, Q=26.0 (bayes)
  [12/93] rich.style seed=42: {'random': 68, 'cov_qvalue_tgt_fnt_bayes': 103}
2026-09-23 15:20:47,656 INFO: Plan 2: ḡ=29, γE[v]=0.0, Q=29.0 (fn)
2026-09-23 15:20:47,686 INFO: Plan 1: ḡ=62, γE[v]=0.0, Q=62.0 (fn)
2026-09-23 15:20:48,022 INFO: Plan 1: ḡ=50, γE[v]=0.0, Q=50.0 (fn)
2026-09-23 15:20:48,244 INFO: Plan 0: ḡ=46, γE[v]=0.0, Q=46.0 (fn)
2026-09-23 15:20:48,245 INFO: Plan 0: ḡ=23.0, γE[v]=80.2, Q=103.2 (bayes)
2026-09-23 15:20:48,245 INFO: Plan 1: ḡ=19.8, γE[v]=81.8, Q=101.5 (bayes)
2026-09-23 15:20:48,245 INFO: Plan 2: ḡ=14.5, γE[v]=84.4, Q=98.9 (bayes)
2026-09-23 15:20:48,498 INFO: Plan 2: ḡ=50, γE[v]=0.0, Q=50.0 (fn)
2026-09-23 15:20:48,705 INFO: Plan 0: ḡ=36, γE[v]=7.0, Q=43.0 (fn)
2026-09-23 15:20:48,705 INFO: Plan 0: ḡ=7.7, γE[v]=2.1, Q=9.8 (bayes)
2026-09-23 15:20:48,706 INFO: Plan 1: ḡ=11.0, γE[v]=0.0, Q=11.0 (bayes)
2026-09-23 15:20:48,706 INFO: Plan 2: ḡ=11.0, γE[v]=0.0, Q=11.0 (bayes)
  [13/93] jinja2.filters seed=42: {'random': 125, 'cov_qvalue_tgt_fnt_bayes': 166}
  [14/93] rich.markdown seed=42: {'random': 18, 'cov_qvalue_tgt_fnt_bayes': 87}
2026-09-23 15:20:51,184 INFO: Plan 2: ḡ=0, γE[v]=0.0, Q=0.0 (fn)
2026-09-23 15:20:51,433 INFO: Plan 0: ḡ=7, γE[v]=0.0, Q=7.0 (fn)
2026-09-23 15:20:52,119 INFO: Plan 1: ḡ=6, γE[v]=0.0, Q=6.0 (fn)
2026-09-23 15:20:52,760 INFO: Plan 2: ḡ=12, γE[v]=0.0, Q=12.0 (fn)
2026-09-23 15:20:52,761 INFO: Plan 0: ḡ=13, γE[v]=0.5, Q=13.5 (fn)
2026-09-23 15:20:52,761 INFO: Plan 0: ḡ=3.6, γE[v]=1.4, Q=5.0 (bayes)
2026-09-23 15:20:52,761 INFO: Plan 1: ḡ=2.8, γE[v]=1.8, Q=4.6 (bayes)
2026-09-23 15:20:52,761 INFO: Plan 2: ḡ=0.0, γE[v]=3.2, Q=3.2 (bayes)
  [15/93] flask.app seed=42: {'random': 2, 'cov_qvalue_tgt_fnt_bayes': 189}
2026-09-23 15:20:54,015 INFO: Plan 1: ḡ=14, γE[v]=1.0, Q=15.0 (fn)
2026-09-23 15:20:54,015 INFO: Plan 0: ḡ=3.5, γE[v]=1.9, Q=5.5 (bayes)
2026-09-23 15:20:54,015 INFO: Plan 1: ḡ=3.4, γE[v]=2.1, Q=5.5 (bayes)
2026-09-23 15:20:54,015 INFO: Plan 2: ḡ=2.9, γE[v]=2.2, Q=5.2 (bayes)
2026-09-23 15:20:54,582 INFO: Plan 2: ḡ=48, γE[v]=0.0, Q=48.0 (fn)
2026-09-23 15:20:55,099 INFO: Plan 1: ḡ=13, γE[v]=0.0, Q=13.0 (fn)
2026-09-23 15:20:55,889 INFO: Plan 0: ḡ=23, γE[v]=0.0, Q=23.0 (fn)
2026-09-23 15:20:55,890 INFO: Plan 0: ḡ=4.1, γE[v]=4.9, Q=9.0 (bayes)
2026-09-23 15:20:55,890 INFO: Plan 1: ḡ=2.4, γE[v]=5.7, Q=8.2 (bayes)
2026-09-23 15:20:55,890 INFO: Plan 2: ḡ=8.0, γE[v]=2.9, Q=10.9 (bayes)
2026-09-23 15:20:57,586 INFO: Plan 2: ḡ=31, γE[v]=0.0, Q=31.0 (fn)
2026-09-23 15:20:57,632 INFO: Plan 0: ḡ=56, γE[v]=0.0, Q=56.0 (fn)
2026-09-23 15:20:58,387 INFO: Plan 2: ḡ=24, γE[v]=0.0, Q=24.0 (fn)
2026-09-23 15:20:59,092 INFO: Plan 0: ḡ=39, γE[v]=19.5, Q=58.5 (fn)
2026-09-23 15:21:01,032 INFO: Plan 1: ḡ=0, γE[v]=0.0, Q=0.0 (fn)
2026-09-23 15:21:01,519 INFO: Plan 0: ḡ=0, γE[v]=0.0, Q=0.0 (fn)
2026-09-23 15:21:01,917 INFO: Plan 2: ḡ=0, γE[v]=0.0, Q=0.0 (fn)
2026-09-23 15:21:01,917 INFO: Plan 0: ḡ=0.0, γE[v]=0.0, Q=0.0 (bayes)
2026-09-23 15:21:01,917 INFO: Plan 1: ḡ=0.0, γE[v]=0.0, Q=0.0 (bayes)
2026-09-23 15:21:01,917 INFO: Plan 2: ḡ=0.0, γE[v]=0.0, Q=0.0 (bayes)
  [16/93] rich.pretty seed=42: {'random': 9, 'cov_qvalue_tgt_fnt_bayes': 101}
2026-09-23 15:21:03,587 INFO: Plan 0: ḡ=1, γE[v]=0.0, Q=1.0 (fn)
2026-09-23 15:21:04,740 INFO: Plan 1: ḡ=112, γE[v]=21.5, Q=133.5 (fn)
2026-09-23 15:21:04,741 INFO: Plan 0: ḡ=8.4, γE[v]=14.4, Q=22.8 (bayes)
2026-09-23 15:21:04,741 INFO: Plan 1: ḡ=24.6, γE[v]=6.4, Q=31.0 (bayes)
2026-09-23 15:21:04,741 INFO: Plan 2: ḡ=7.0, γE[v]=13.7, Q=20.7 (bayes)
2026-09-23 15:21:04,960 INFO: Plan 1: ḡ=40, γE[v]=0.5, Q=40.5 (fn)
2026-09-23 15:21:05,500 INFO: Plan 2: ḡ=40, γE[v]=0.5, Q=40.5 (fn)
2026-09-23 15:21:05,501 INFO: Plan 0: ḡ=0.2, γE[v]=3.0, Q=3.1 (bayes)
2026-09-23 15:21:05,501 INFO: Plan 1: ḡ=6.0, γE[v]=0.1, Q=6.1 (bayes)
2026-09-23 15:21:05,501 INFO: Plan 2: ḡ=6.0, γE[v]=0.1, Q=6.1 (bayes)
2026-09-23 15:21:05,541 INFO: Plan 1: ḡ=18, γE[v]=20.0, Q=38.0 (fn)
2026-09-23 15:21:05,542 INFO: Plan 0: ḡ=14.0, γE[v]=39.0, Q=53.0 (bayes)
2026-09-23 15:21:05,543 INFO: Plan 1: ḡ=7.4, γE[v]=43.7, Q=51.1 (bayes)
2026-09-23 15:21:05,543 INFO: Plan 2: ḡ=12.0, γE[v]=40.0, Q=52.0 (bayes)
  [17/93] rich.table seed=42: {'random': 111, 'cov_qvalue_tgt_fnt_bayes': 188}
2026-09-23 15:21:10,385 INFO: Plan 1: ḡ=71, γE[v]=19.0, Q=90.0 (fn)
2026-09-23 15:21:10,386 INFO: Plan 2: ḡ=30, γE[v]=39.5, Q=69.5 (fn)
2026-09-23 15:21:10,638 INFO: Plan 0: ḡ=21, γE[v]=44.0, Q=65.0 (fn)
2026-09-23 15:21:10,639 INFO: Plan 0: ḡ=3.0, γE[v]=9.7, Q=12.7 (bayes)
2026-09-23 15:21:10,639 INFO: Plan 1: ḡ=10.1, γE[v]=4.2, Q=14.3 (bayes)
2026-09-23 15:21:10,639 INFO: Plan 2: ḡ=4.3, γE[v]=8.7, Q=13.0 (bayes)
  [18/93] flask.config seed=42: {'random': 28, 'cov_qvalue_tgt_fnt_bayes': 25}
2026-09-23 15:21:21,017 INFO: Plan 0: ḡ=23, γE[v]=0.0, Q=23.0 (fn)
2026-09-23 15:21:21,647 INFO: Plan 1: ḡ=71, γE[v]=4.0, Q=75.0 (fn)
2026-09-23 15:21:21,727 INFO: Plan 2: ḡ=23, γE[v]=0.0, Q=23.0 (fn)
2026-09-23 15:21:21,727 INFO: Plan 0: ḡ=6.0, γE[v]=5.8, Q=11.8 (bayes)
2026-09-23 15:21:21,727 INFO: Plan 1: ḡ=14.5, γE[v]=1.7, Q=16.2 (bayes)
2026-09-23 15:21:21,727 INFO: Plan 2: ḡ=5.8, γE[v]=5.9, Q=11.6 (bayes)
  [19/93] jinja2.parser seed=42: {'random': 87, 'cov_qvalue_tgt_fnt_bayes': 200}
2026-09-23 15:21:24,814 INFO: Plan 1: ḡ=38, γE[v]=0.0, Q=38.0 (fn)
2026-09-23 15:21:28,070 INFO: Plan 1: ḡ=0, γE[v]=0.0, Q=0.0 (fn)
2026-09-23 15:21:28,273 INFO: Plan 0: ḡ=0, γE[v]=0.0, Q=0.0 (fn)
2026-09-23 15:21:28,499 INFO: Plan 2: ḡ=0, γE[v]=0.0, Q=0.0 (fn)
2026-09-23 15:21:28,500 INFO: Plan 0: ḡ=0.0, γE[v]=0.0, Q=0.0 (bayes)
2026-09-23 15:21:28,500 INFO: Plan 1: ḡ=0.0, γE[v]=0.0, Q=0.0 (bayes)
2026-09-23 15:21:28,500 INFO: Plan 2: ḡ=0.0, γE[v]=0.0, Q=0.0 (bayes)
  [20/93] rich.traceback seed=42: {'random': 62, 'cov_qvalue_tgt_fnt_bayes': 73}
2026-09-23 15:21:30,195 INFO: Plan 2: ḡ=31, γE[v]=0.0, Q=31.0 (fn)
2026-09-23 15:21:30,888 INFO: Plan 1: ḡ=2, γE[v]=0.0, Q=2.0 (fn)
2026-09-23 15:21:31,149 INFO: Plan 2: ḡ=2, γE[v]=0.0, Q=2.0 (fn)
2026-09-23 15:21:32,071 INFO: Plan 0: ḡ=1, γE[v]=0.5, Q=1.5 (fn)
2026-09-23 15:21:32,072 INFO: Plan 0: ḡ=0.2, γE[v]=0.1, Q=0.3 (bayes)
2026-09-23 15:21:32,072 INFO: Plan 1: ḡ=0.4, γE[v]=0.0, Q=0.4 (bayes)
2026-09-23 15:21:32,072 INFO: Plan 2: ḡ=0.4, γE[v]=0.0, Q=0.4 (bayes)
2026-09-23 15:21:32,313 INFO: Plan 0: ḡ=158, γE[v]=11.0, Q=169.0 (fn)
  [21/93] click.testing seed=42: {'random': 25, 'cov_qvalue_tgt_fnt_bayes': 61}
2026-09-23 15:21:33,486 INFO: Plan 1: ḡ=33, γE[v]=0.0, Q=33.0 (fn)
2026-09-23 15:21:33,998 INFO: Plan 0: ḡ=41, γE[v]=10.5, Q=51.5 (fn)
2026-09-23 15:21:33,998 INFO: Plan 0: ḡ=18.1, γE[v]=37.3, Q=55.4 (bayes)
2026-09-23 15:21:33,998 INFO: Plan 1: ḡ=11.2, γE[v]=40.1, Q=51.4 (bayes)
2026-09-23 15:21:33,998 INFO: Plan 2: ḡ=11.5, γE[v]=40.0, Q=51.5 (bayes)
2026-09-23 15:21:34,809 INFO: Plan 2: ḡ=147, γE[v]=18.0, Q=165.0 (fn)
2026-09-23 15:21:34,810 INFO: Plan 0: ḡ=28.1, γE[v]=3.8, Q=31.9 (bayes)
2026-09-23 15:21:34,810 INFO: Plan 1: ḡ=7.9, γE[v]=13.2, Q=21.0 (bayes)
2026-09-23 15:21:34,810 INFO: Plan 2: ḡ=25.3, γE[v]=5.7, Q=31.0 (bayes)
2026-09-23 15:21:34,852 INFO: Plan 1: ḡ=45, γE[v]=0.0, Q=45.0 (fn)
2026-09-23 15:21:35,744 INFO: Plan 2: ḡ=98, γE[v]=0.0, Q=98.0 (fn)
2026-09-23 15:21:38,328 INFO: Plan 0: ḡ=55, γE[v]=24.0, Q=79.0 (fn)
2026-09-23 15:21:38,328 INFO: Plan 0: ḡ=13.8, γE[v]=35.9, Q=49.7 (bayes)
2026-09-23 15:21:38,329 INFO: Plan 1: ḡ=11.5, γE[v]=35.4, Q=46.9 (bayes)
2026-09-23 15:21:38,329 INFO: Plan 2: ḡ=27.3, γE[v]=27.5, Q=54.8 (bayes)
2026-09-23 15:21:40,423 INFO: Plan 0: ḡ=1, γE[v]=0.0, Q=1.0 (fn)
2026-09-23 15:21:41,461 INFO: Plan 2: ḡ=4, γE[v]=0.0, Q=4.0 (fn)
2026-09-23 15:21:41,952 INFO: Plan 1: ḡ=2, γE[v]=0.0, Q=2.0 (fn)
2026-09-23 15:21:41,953 INFO: Plan 0: ḡ=0.2, γE[v]=0.6, Q=0.9 (bayes)
2026-09-23 15:21:41,953 INFO: Plan 1: ḡ=0.5, γE[v]=0.5, Q=1.0 (bayes)
2026-09-23 15:21:41,953 INFO: Plan 2: ḡ=1.0, γE[v]=0.2, Q=1.2 (bayes)
2026-09-23 15:21:42,569 INFO: Plan 1: ḡ=0, γE[v]=0.0, Q=0.0 (fn)
  [22/93] click.utils seed=42: {'random': 15, 'cov_qvalue_tgt_fnt_bayes': 53}
2026-09-23 15:21:42,722 INFO: Plan 0: ḡ=3, γE[v]=0.0, Q=3.0 (fn)
2026-09-23 15:21:42,723 INFO: Plan 2: ḡ=0, γE[v]=0.0, Q=0.0 (fn)
2026-09-23 15:21:42,724 INFO: Plan 0: ḡ=1.0, γE[v]=0.0, Q=1.0 (bayes)
2026-09-23 15:21:42,724 INFO: Plan 1: ḡ=0.0, γE[v]=0.5, Q=0.5 (bayes)
2026-09-23 15:21:42,724 INFO: Plan 2: ḡ=0.0, γE[v]=0.5, Q=0.5 (bayes)
  [23/93] flask.helpers seed=42: {'random': 3, 'cov_qvalue_tgt_fnt_bayes': 19}
2026-09-23 15:21:43,843 INFO: Plan 1: ḡ=8, γE[v]=0.0, Q=8.0 (fn)
2026-09-23 15:21:44,178 INFO: Plan 2: ḡ=8, γE[v]=0.0, Q=8.0 (fn)
2026-09-23 15:21:44,387 INFO: Plan 2: ḡ=32, γE[v]=0.0, Q=32.0 (fn)
2026-09-23 15:21:44,636 INFO: Plan 0: ḡ=25, γE[v]=0.0, Q=25.0 (fn)
2026-09-23 15:21:44,636 INFO: Plan 1: ḡ=35, γE[v]=0.0, Q=35.0 (fn)
2026-09-23 15:21:44,637 INFO: Plan 0: ḡ=9.3, γE[v]=14.8, Q=24.1 (bayes)
2026-09-23 15:21:44,637 INFO: Plan 1: ḡ=17.5, γE[v]=10.7, Q=28.2 (bayes)
2026-09-23 15:21:44,637 INFO: Plan 2: ḡ=12.0, γE[v]=13.4, Q=25.4 (bayes)
2026-09-23 15:21:45,075 INFO: Plan 0: ḡ=4, γE[v]=2.0, Q=6.0 (fn)
2026-09-23 15:21:45,075 INFO: Plan 0: ḡ=1.0, γE[v]=0.6, Q=1.6 (bayes)
2026-09-23 15:21:45,075 INFO: Plan 1: ḡ=2.0, γE[v]=0.0, Q=2.0 (bayes)
2026-09-23 15:21:45,075 INFO: Plan 2: ḡ=2.0, γE[v]=0.0, Q=2.0 (bayes)
  [24/93] requests.utils seed=42: {'random': 5, 'cov_qvalue_tgt_fnt_bayes': 94}
  [25/93] click.decorators seed=42: {'random': 32, 'cov_qvalue_tgt_fnt_bayes': 47}
2026-09-23 15:21:46,794 INFO: Plan 0: ḡ=17, γE[v]=0.0, Q=17.0 (fn)
2026-09-23 15:21:47,618 INFO: Plan 0: ḡ=20, γE[v]=0.0, Q=20.0 (fn)
2026-09-23 15:21:47,864 INFO: Plan 1: ḡ=3, γE[v]=0.0, Q=3.0 (fn)
2026-09-23 15:21:47,902 INFO: Plan 1: ḡ=37, γE[v]=0.0, Q=37.0 (fn)
2026-09-23 15:21:47,949 INFO: Plan 2: ḡ=71, γE[v]=0.0, Q=71.0 (fn)
2026-09-23 15:21:47,949 INFO: Plan 0: ḡ=8.5, γE[v]=29.5, Q=38.0 (bayes)
2026-09-23 15:21:47,950 INFO: Plan 1: ḡ=16.7, γE[v]=25.4, Q=42.0 (bayes)
2026-09-23 15:21:47,950 INFO: Plan 2: ḡ=30.9, γE[v]=18.2, Q=49.2 (bayes)
2026-09-23 15:21:48,304 INFO: Plan 2: ḡ=3, γE[v]=0.0, Q=3.0 (fn)
2026-09-23 15:21:48,304 INFO: Plan 0: ḡ=6.7, γE[v]=1.5, Q=8.2 (bayes)
2026-09-23 15:21:48,305 INFO: Plan 1: ḡ=1.5, γE[v]=4.1, Q=5.6 (bayes)
2026-09-23 15:21:48,305 INFO: Plan 2: ḡ=1.5, γE[v]=4.1, Q=5.6 (bayes)
  [26/93] rich.text seed=42: {'random': 27, 'cov_qvalue_tgt_fnt_bayes': 189}
  [27/93] click.termui seed=42: {'random': 7, 'cov_qvalue_tgt_fnt_bayes': 47}
2026-09-23 15:21:51,303 INFO: Plan 0: ḡ=27, γE[v]=0.0, Q=27.0 (fn)
2026-09-23 15:21:51,606 INFO: Plan 0: ḡ=80, γE[v]=6.5, Q=86.5 (fn)
2026-09-23 15:21:52,094 INFO: Plan 1: ḡ=60, γE[v]=0.0, Q=60.0 (fn)
2026-09-23 15:21:52,653 INFO: Plan 0: ḡ=37, γE[v]=0.0, Q=37.0 (fn)
2026-09-23 15:21:53,962 INFO: Plan 2: ḡ=93, γE[v]=0.0, Q=93.0 (fn)
2026-09-23 15:21:53,963 INFO: Plan 0: ḡ=9.3, γE[v]=57.5, Q=66.8 (bayes)
2026-09-23 15:21:53,963 INFO: Plan 1: ḡ=21.2, γE[v]=51.6, Q=72.8 (bayes)
2026-09-23 15:21:53,963 INFO: Plan 2: ḡ=28.4, γE[v]=48.0, Q=76.4 (bayes)
2026-09-23 15:21:54,929 INFO: Plan 1: ḡ=75, γE[v]=0.0, Q=75.0 (fn)
  [28/93] click.core seed=42: {'random': 168, 'cov_qvalue_tgt_fnt_bayes': 301}
2026-09-23 15:21:56,322 INFO: Plan 2: ḡ=0, γE[v]=0.0, Q=0.0 (fn)
2026-09-23 15:21:57,428 INFO: Plan 2: ḡ=132, γE[v]=4.0, Q=136.0 (fn)
2026-09-23 15:21:57,429 INFO: Plan 0: ḡ=6.5, γE[v]=7.9, Q=14.4 (bayes)
2026-09-23 15:21:57,429 INFO: Plan 1: ḡ=11.8, γE[v]=5.3, Q=17.1 (bayes)
2026-09-23 15:21:57,429 INFO: Plan 2: ḡ=20.5, γE[v]=1.2, Q=21.7 (bayes)
2026-09-23 15:21:57,547 INFO: Plan 1: ḡ=17, γE[v]=0.0, Q=17.0 (fn)
  [29/93] jinja2.ext seed=42: {'random': 4, 'cov_qvalue_tgt_fnt_bayes': 56}
2026-09-23 15:21:58,653 INFO: Plan 0: ḡ=7, γE[v]=5.0, Q=12.0 (fn)
2026-09-23 15:21:58,654 INFO: Plan 0: ḡ=1.8, γE[v]=1.6, Q=3.3 (bayes)
2026-09-23 15:21:58,654 INFO: Plan 1: ḡ=4.2, γE[v]=0.0, Q=4.2 (bayes)
2026-09-23 15:21:58,654 INFO: Plan 2: ḡ=0.0, γE[v]=2.1, Q=2.1 (bayes)
2026-09-23 15:21:59,412 INFO: Plan 2: ḡ=233, γE[v]=8.5, Q=241.5 (fn)
  [30/93] jinja2.loaders seed=42: {'random': 24, 'cov_qvalue_tgt_fnt_bayes': 86}
2026-09-23 15:22:00,147 INFO: Plan 0: ḡ=0, γE[v]=0.0, Q=0.0 (fn)
2026-09-23 15:22:00,462 INFO: Plan 1: ḡ=0, γE[v]=0.0, Q=0.0 (fn)
2026-09-23 15:22:00,987 INFO: Plan 2: ḡ=0, γE[v]=0.0, Q=0.0 (fn)
2026-09-23 15:22:00,987 INFO: Plan 0: ḡ=0.0, γE[v]=0.0, Q=0.0 (bayes)
2026-09-23 15:22:00,987 INFO: Plan 1: ḡ=0.0, γE[v]=0.0, Q=0.0 (bayes)
2026-09-23 15:22:00,987 INFO: Plan 2: ḡ=0.0, γE[v]=0.0, Q=0.0 (bayes)
2026-09-23 15:22:01,032 INFO: Plan 0: ḡ=11, γE[v]=0.0, Q=11.0 (fn)
2026-09-23 15:22:01,179 INFO: Plan 1: ḡ=77, γE[v]=86.0, Q=163.0 (fn)
2026-09-23 15:22:01,180 INFO: Plan 0: ḡ=32.1, γE[v]=24.5, Q=56.5 (bayes)
2026-09-23 15:22:01,180 INFO: Plan 1: ḡ=13.6, γE[v]=39.6, Q=53.2 (bayes)
2026-09-23 15:22:01,180 INFO: Plan 2: ḡ=39.9, γE[v]=20.6, Q=60.6 (bayes)
2026-09-23 15:22:01,667 INFO: Plan 1: ḡ=31, γE[v]=0.0, Q=31.0 (fn)
  [31/93] flask.templating seed=42: {'random': 2, 'cov_qvalue_tgt_fnt_bayes': 52}
2026-09-23 15:22:02,959 INFO: Plan 2: ḡ=79, γE[v]=8.5, Q=87.5 (fn)
2026-09-23 15:22:02,959 INFO: Plan 0: ḡ=5.5, γE[v]=27.5, Q=33.0 (bayes)
2026-09-23 15:22:02,959 INFO: Plan 1: ḡ=13.3, γE[v]=23.6, Q=36.9 (bayes)
2026-09-23 15:22:02,959 INFO: Plan 2: ḡ=25.3, γE[v]=18.1, Q=43.4 (bayes)
  [32/93] click.types seed=42: {'random': 8, 'cov_qvalue_tgt_fnt_bayes': 77}
2026-09-23 15:22:07,715 INFO: Plan 0: ḡ=4, γE[v]=0.0, Q=4.0 (fn)
2026-09-23 15:22:09,533 INFO: Plan 2: ḡ=17, γE[v]=0.0, Q=17.0 (fn)
2026-09-23 15:22:11,152 INFO: Plan 2: ḡ=17, γE[v]=0.0, Q=17.0 (fn)
2026-09-23 15:22:11,603 INFO: Plan 1: ḡ=19, γE[v]=0.0, Q=19.0 (fn)
2026-09-23 15:22:12,105 INFO: Plan 1: ḡ=11, γE[v]=5.0, Q=16.0 (fn)
2026-09-23 15:22:12,106 INFO: Plan 0: ḡ=0.7, γE[v]=1.4, Q=2.1 (bayes)
2026-09-23 15:22:12,106 INFO: Plan 1: ḡ=1.8, γE[v]=1.2, Q=3.0 (bayes)
2026-09-23 15:22:12,106 INFO: Plan 2: ḡ=2.8, γE[v]=0.3, Q=3.2 (bayes)
2026-09-23 15:22:12,406 INFO: Plan 0: ḡ=35, γE[v]=0.5, Q=35.5 (fn)
2026-09-23 15:22:12,407 INFO: Plan 0: ḡ=9.6, γE[v]=6.2, Q=15.7 (bayes)
2026-09-23 15:22:12,407 INFO: Plan 1: ḡ=7.9, γE[v]=7.0, Q=14.9 (bayes)
2026-09-23 15:22:12,407 INFO: Plan 2: ḡ=5.4, γE[v]=8.2, Q=13.6 (bayes)
  [33/93] requests.models seed=42: {'random': 24, 'cov_qvalue_tgt_fnt_bayes': 125}
2026-09-23 15:22:21,698 INFO: Plan 2: ḡ=1, γE[v]=0.0, Q=1.0 (fn)
2026-09-23 15:22:22,080 INFO: Plan 0: ḡ=5, γE[v]=0.0, Q=5.0 (fn)
2026-09-23 15:22:22,123 INFO: Plan 1: ḡ=3, γE[v]=0.0, Q=3.0 (fn)
2026-09-23 15:22:22,124 INFO: Plan 0: ḡ=2.3, γE[v]=0.9, Q=3.2 (bayes)
2026-09-23 15:22:22,126 INFO: Plan 1: ḡ=1.3, γE[v]=1.4, Q=2.8 (bayes)
2026-09-23 15:22:22,128 INFO: Plan 2: ḡ=0.5, γE[v]=1.8, Q=2.3 (bayes)
2026-09-23 15:22:22,863 INFO: Plan 0: ḡ=2, γE[v]=0.0, Q=2.0 (fn)
  [34/93] requests.sessions seed=42: {'random': 13, 'cov_qvalue_tgt_fnt_bayes': 60}
2026-09-23 15:22:23,886 INFO: Plan 2: ḡ=11, γE[v]=0.0, Q=11.0 (fn)
2026-09-23 15:22:24,146 INFO: Plan 1: ḡ=9, γE[v]=1.0, Q=10.0 (fn)
2026-09-23 15:22:24,147 INFO: Plan 0: ḡ=0.5, γE[v]=0.8, Q=1.2 (bayes)
2026-09-23 15:22:24,147 INFO: Plan 1: ḡ=1.5, γE[v]=0.3, Q=1.8 (bayes)
2026-09-23 15:22:24,147 INFO: Plan 2: ḡ=2.0, γE[v]=0.0, Q=2.0 (bayes)
2026-09-23 15:22:24,680 INFO: Plan 0: ḡ=4, γE[v]=1.0, Q=5.0 (fn)
  [35/93] rich.color seed=42: {'random': 26, 'cov_qvalue_tgt_fnt_bayes': 52}
2026-09-23 15:22:25,104 INFO: Plan 2: ḡ=6, γE[v]=0.0, Q=6.0 (fn)
2026-09-23 15:22:26,088 INFO: Plan 1: ḡ=2, γE[v]=2.0, Q=4.0 (fn)
2026-09-23 15:22:26,089 INFO: Plan 0: ḡ=0.7, γE[v]=0.2, Q=0.9 (bayes)
2026-09-23 15:22:26,089 INFO: Plan 1: ḡ=0.3, γE[v]=0.5, Q=0.8 (bayes)
2026-09-23 15:22:26,089 INFO: Plan 2: ḡ=1.0, γE[v]=0.0, Q=1.0 (bayes)
2026-09-23 15:22:26,339 INFO: Plan 2: ḡ=49, γE[v]=0.0, Q=49.0 (fn)
2026-09-23 15:22:26,744 INFO: Plan 0: ḡ=58, γE[v]=0.0, Q=58.0 (fn)
  [36/93] flask.json.tag seed=42: {'random': 16, 'cov_qvalue_tgt_fnt_bayes': 23}
2026-09-23 15:22:28,006 INFO: Plan 0: ḡ=9, γE[v]=0.0, Q=9.0 (fn)
2026-09-23 15:22:29,564 INFO: Plan 2: ḡ=6, γE[v]=0.0, Q=6.0 (fn)
2026-09-23 15:22:30,505 INFO: Plan 1: ḡ=45, γE[v]=0.0, Q=45.0 (fn)
2026-09-23 15:22:30,505 INFO: Plan 0: ḡ=3.3, γE[v]=39.0, Q=42.3 (bayes)
2026-09-23 15:22:30,506 INFO: Plan 1: ḡ=13.2, γE[v]=34.0, Q=47.2 (bayes)
2026-09-23 15:22:30,506 INFO: Plan 2: ḡ=3.0, γE[v]=39.1, Q=42.1 (bayes)
2026-09-23 15:22:31,533 INFO: Plan 1: ḡ=57, γE[v]=3.5, Q=60.5 (fn)
2026-09-23 15:22:31,533 INFO: Plan 0: ḡ=19.5, γE[v]=21.6, Q=41.1 (bayes)
2026-09-23 15:22:31,533 INFO: Plan 1: ḡ=23.7, γE[v]=19.7, Q=43.4 (bayes)
2026-09-23 15:22:31,533 INFO: Plan 2: ḡ=13.5, γE[v]=24.6, Q=38.1 (bayes)
  [37/93] jinja2.compiler seed=42: {'random': 29, 'cov_qvalue_tgt_fnt_bayes': 274}
  [38/93] jinja2.environment seed=42: {'random': 58, 'cov_qvalue_tgt_fnt_bayes': 115}
2026-09-23 15:22:52,979 INFO: Plan 1: ḡ=82, γE[v]=0.0, Q=82.0 (fn)
2026-09-23 15:22:53,018 INFO: Plan 2: ḡ=121, γE[v]=0.0, Q=121.0 (fn)
2026-09-23 15:22:55,571 INFO: Plan 0: ḡ=62, γE[v]=64.0, Q=126.0 (fn)
2026-09-23 15:22:55,572 INFO: Plan 0: ḡ=19.6, γE[v]=27.7, Q=47.3 (bayes)
2026-09-23 15:22:55,572 INFO: Plan 1: ḡ=21.8, γE[v]=22.0, Q=43.9 (bayes)
2026-09-23 15:22:55,572 INFO: Plan 2: ḡ=24.5, γE[v]=20.7, Q=45.2 (bayes)
  [39/93] flask.cli seed=42: {'random': 70, 'cov_qvalue_tgt_fnt_bayes': 100}
2026-09-23 15:22:57,324 INFO: Plan 0: ḡ=5, γE[v]=0.0, Q=5.0 (fn)
2026-09-23 15:22:57,615 INFO: Plan 2: ḡ=8, γE[v]=0.0, Q=8.0 (fn)
2026-09-23 15:23:00,232 INFO: Plan 1: ḡ=3, γE[v]=3.0, Q=6.0 (fn)
2026-09-23 15:23:00,232 INFO: Plan 0: ḡ=2.5, γE[v]=1.4, Q=3.9 (bayes)
2026-09-23 15:23:00,233 INFO: Plan 1: ḡ=1.2, γE[v]=2.2, Q=3.4 (bayes)
2026-09-23 15:23:00,233 INFO: Plan 2: ḡ=1.6, γE[v]=1.9, Q=3.5 (bayes)
  [40/93] requests.cookies seed=42: {'random': 8, 'cov_qvalue_tgt_fnt_bayes': 76}
2026-09-23 15:23:04,074 INFO: Plan 0: ḡ=22, γE[v]=0.0, Q=22.0 (fn)
2026-09-23 15:23:06,974 INFO: Plan 2: ḡ=80, γE[v]=0.0, Q=80.0 (fn)
2026-09-23 15:23:07,343 INFO: Plan 1: ḡ=71, γE[v]=4.5, Q=75.5 (fn)
2026-09-23 15:23:07,345 INFO: Plan 0: ḡ=3.9, γE[v]=4.4, Q=8.3 (bayes)
2026-09-23 15:23:07,346 INFO: Plan 1: ḡ=11.4, γE[v]=1.0, Q=12.4 (bayes)
2026-09-23 15:23:07,346 INFO: Plan 2: ḡ=12.7, γE[v]=0.0, Q=12.7 (bayes)
  [41/93] rich.layout seed=42: {'random': 19, 'cov_qvalue_tgt_fnt_bayes': 64}
2026-09-23 15:23:14,907 INFO: Plan 2: ḡ=22, γE[v]=0.0, Q=22.0 (fn)
2026-09-23 15:23:16,943 INFO: Plan 0: ḡ=56, γE[v]=0.0, Q=56.0 (fn)
2026-09-23 15:23:17,533 INFO: Plan 2: ḡ=23, γE[v]=0.0, Q=23.0 (fn)
2026-09-23 15:23:17,831 INFO: Plan 1: ḡ=18, γE[v]=0.0, Q=18.0 (fn)
2026-09-23 15:23:17,832 INFO: Plan 0: ḡ=11.2, γE[v]=39.0, Q=50.2 (bayes)
2026-09-23 15:23:17,832 INFO: Plan 1: ḡ=7.4, γE[v]=40.9, Q=48.4 (bayes)
2026-09-23 15:23:17,832 INFO: Plan 2: ḡ=11.5, γE[v]=38.9, Q=50.4 (bayes)
  [42/93] jinja2.runtime seed=42: {'random': 66, 'cov_qvalue_tgt_fnt_bayes': 99}
2026-09-23 15:23:20,580 INFO: Plan 0: ḡ=52, γE[v]=33.5, Q=85.5 (fn)
2026-09-23 15:23:21,562 INFO: Plan 2: ḡ=23, γE[v]=0.0, Q=23.0 (fn)
2026-09-23 15:23:23,703 INFO: Plan 1: ḡ=118, γE[v]=16.0, Q=134.0 (fn)
2026-09-23 15:23:23,704 INFO: Plan 0: ḡ=9.4, γE[v]=11.3, Q=20.7 (bayes)
2026-09-23 15:23:23,704 INFO: Plan 1: ḡ=20.9, γE[v]=4.2, Q=25.1 (bayes)
2026-09-23 15:23:23,704 INFO: Plan 2: ḡ=4.2, γE[v]=11.4, Q=15.6 (bayes)
  [43/93] rich.segment seed=42: {'random': 56, 'cov_qvalue_tgt_fnt_bayes': 117}
2026-09-23 15:23:28,478 INFO: Plan 1: ḡ=40, γE[v]=0.0, Q=40.0 (fn)
2026-09-23 15:23:29,457 INFO: Plan 0: ḡ=18, γE[v]=9.0, Q=27.0 (fn)
2026-09-23 15:23:31,477 INFO: Plan 1: ḡ=170, γE[v]=0.0, Q=170.0 (fn)
2026-09-23 15:23:31,478 INFO: Plan 0: ḡ=4.2, γE[v]=34.2, Q=38.4 (bayes)
2026-09-23 15:23:31,478 INFO: Plan 1: ḡ=52.2, γE[v]=9.6, Q=61.8 (bayes)
2026-09-23 15:23:31,478 INFO: Plan 2: ḡ=9.0, γE[v]=31.2, Q=40.2 (bayes)
  [44/93] rich.progress seed=42: {'random': 121, 'cov_qvalue_tgt_fnt_bayes': 150}
2026-09-23 15:23:34,254 INFO: Plan 0: ḡ=161, γE[v]=11.0, Q=172.0 (fn)
2026-09-23 15:23:36,966 INFO: Plan 1: ḡ=44, γE[v]=0.0, Q=44.0 (fn)
2026-09-23 15:23:38,696 INFO: Plan 2: ḡ=64, γE[v]=0.0, Q=64.0 (fn)
2026-09-23 15:23:40,791 INFO: Plan 0: ḡ=80, γE[v]=0.0, Q=80.0 (fn)
2026-09-23 15:23:42,329 INFO: Plan 0: ḡ=55, γE[v]=24.0, Q=79.0 (fn)
2026-09-23 15:23:42,333 INFO: Plan 0: ḡ=12.9, γE[v]=33.3, Q=46.2 (bayes)
2026-09-23 15:23:42,333 INFO: Plan 1: ḡ=10.4, γE[v]=33.0, Q=43.3 (bayes)
2026-09-23 15:23:42,333 INFO: Plan 2: ḡ=12.8, γE[v]=31.7, Q=44.5 (bayes)
2026-09-23 15:23:42,522 INFO: Plan 2: ḡ=140, γE[v]=21.5, Q=161.5 (fn)
2026-09-23 15:23:42,522 INFO: Plan 0: ḡ=24.7, γE[v]=2.9, Q=27.6 (bayes)
2026-09-23 15:23:42,523 INFO: Plan 1: ḡ=7.0, γE[v]=10.9, Q=17.9 (bayes)
2026-09-23 15:23:42,523 INFO: Plan 2: ḡ=20.8, γE[v]=5.6, Q=26.4 (bayes)
  [45/93] jinja2.nodes seed=42: {'random': 8, 'cov_qvalue_tgt_fnt_bayes': 9}
  [46/93] click.shell_completion seed=42: {'random': 4, 'cov_qvalue_tgt_fnt_bayes': 8}
2026-09-23 15:23:51,424 INFO: Plan 1: ḡ=77, γE[v]=86.0, Q=163.0 (fn)
2026-09-23 15:23:51,717 INFO: Plan 2: ḡ=129, γE[v]=60.0, Q=189.0 (fn)
2026-09-23 15:23:51,717 INFO: Plan 0: ḡ=31.5, γE[v]=21.0, Q=52.5 (bayes)
2026-09-23 15:23:51,717 INFO: Plan 1: ḡ=11.5, γE[v]=37.6, Q=49.1 (bayes)
2026-09-23 15:23:51,717 INFO: Plan 2: ḡ=19.2, γE[v]=31.8, Q=51.0 (bayes)
  [47/93] click.parser seed=42: {'random': 19, 'cov_qvalue_tgt_fnt_bayes': 7}
2026-09-23 15:23:54,209 INFO: Plan 2: ḡ=1, γE[v]=0.0, Q=1.0 (fn)
2026-09-23 15:23:54,468 INFO: Plan 1: ḡ=2, γE[v]=0.0, Q=2.0 (fn)
2026-09-23 15:23:55,314 INFO: Plan 0: ḡ=3, γE[v]=0.5, Q=3.5 (fn)
2026-09-23 15:23:55,315 INFO: Plan 0: ḡ=0.5, γE[v]=0.1, Q=0.6 (bayes)
2026-09-23 15:23:55,315 INFO: Plan 1: ḡ=0.3, γE[v]=0.2, Q=0.5 (bayes)
2026-09-23 15:23:55,315 INFO: Plan 2: ḡ=0.1, γE[v]=0.2, Q=0.4 (bayes)
  [48/93] jinja2.lexer seed=42: {'random': 9, 'cov_qvalue_tgt_fnt_bayes': 95}
2026-09-23 15:29:56,834 INFO: Plan 1: ḡ=173, γE[v]=0.0, Q=173.0 (fn)
2026-09-23 15:30:03,676 INFO: Plan 0: ḡ=74, γE[v]=84.0, Q=158.0 (fn)
2026-09-23 15:30:04,425 INFO: Plan 2: ḡ=114, γE[v]=108.0, Q=222.0 (fn)
2026-09-23 15:30:04,426 INFO: Plan 0: ḡ=37.0, γE[v]=153.3, Q=190.3 (bayes)
2026-09-23 15:30:04,426 INFO: Plan 1: ḡ=86.5, γE[v]=124.8, Q=211.2 (bayes)
2026-09-23 15:30:04,426 INFO: Plan 2: ḡ=57.0, γE[v]=144.4, Q=201.4 (bayes)
2026-09-23 15:30:22,221 INFO: Plan 0: ḡ=94, γE[v]=0.0, Q=94.0 (fn)
2026-09-23 15:30:23,106 INFO: Plan 1: ḡ=90, γE[v]=0.0, Q=90.0 (fn)
2026-09-23 15:30:25,751 INFO: Plan 2: ḡ=256, γE[v]=0.0, Q=256.0 (fn)
2026-09-23 15:30:25,751 INFO: Plan 0: ḡ=47.0, γE[v]=40.5, Q=87.5 (bayes)
2026-09-23 15:30:25,752 INFO: Plan 1: ḡ=45.0, γE[v]=41.5, Q=86.5 (bayes)
2026-09-23 15:30:25,752 INFO: Plan 2: ḡ=128.0, γE[v]=0.0, Q=128.0 (bayes)
2026-09-23 15:30:37,855 INFO: Plan 1: ḡ=70, γE[v]=0.0, Q=70.0 (fn)
2026-09-23 15:30:38,118 INFO: Plan 2: ḡ=74, γE[v]=0.0, Q=74.0 (fn)
2026-09-23 15:30:39,077 INFO: Plan 0: ḡ=58, γE[v]=51.0, Q=109.0 (fn)
2026-09-23 15:30:39,078 INFO: Plan 0: ḡ=29.0, γE[v]=27.8, Q=56.8 (bayes)
2026-09-23 15:30:39,078 INFO: Plan 1: ḡ=35.0, γE[v]=22.5, Q=57.5 (bayes)
2026-09-23 15:30:39,078 INFO: Plan 2: ḡ=37.0, γE[v]=21.5, Q=58.5 (bayes)
2026-09-23 15:30:58,273 INFO: Plan 1: ḡ=53, γE[v]=0.0, Q=53.0 (fn)
2026-09-23 15:31:02,200 INFO: Plan 1: ḡ=293, γE[v]=0.0, Q=293.0 (fn)
2026-09-23 15:31:03,368 INFO: Plan 0: ḡ=36, γE[v]=39.5, Q=75.5 (fn)
2026-09-23 15:31:04,090 INFO: Plan 2: ḡ=330, γE[v]=0.0, Q=330.0 (fn)
2026-09-23 15:31:05,810 INFO: Plan 2: ḡ=159, γE[v]=52.5, Q=211.5 (fn)
2026-09-23 15:31:05,811 INFO: Plan 0: ḡ=18.0, γE[v]=159.5, Q=177.5 (bayes)
2026-09-23 15:31:05,811 INFO: Plan 1: ḡ=26.5, γE[v]=153.5, Q=180.0 (bayes)
2026-09-23 15:31:05,811 INFO: Plan 2: ḡ=79.5, γE[v]=129.4, Q=208.9 (bayes)
2026-09-23 15:31:06,398 INFO: Plan 0: ḡ=434, γE[v]=0.0, Q=434.0 (fn)
2026-09-23 15:31:06,398 INFO: Plan 0: ḡ=217.0, γE[v]=172.0, Q=389.0 (bayes)
2026-09-23 15:31:06,399 INFO: Plan 1: ḡ=146.5, γE[v]=207.2, Q=353.8 (bayes)
2026-09-23 15:31:06,399 INFO: Plan 2: ḡ=165.0, γE[v]=198.0, Q=363.0 (bayes)
2026-09-23 15:31:09,332 INFO: Plan 2: ḡ=9, γE[v]=0.0, Q=9.0 (fn)
2026-09-23 15:31:15,398 INFO: Plan 1: ḡ=70, γE[v]=0.0, Q=70.0 (fn)
2026-09-23 15:31:16,240 INFO: Plan 0: ḡ=64, γE[v]=6.0, Q=70.0 (fn)
2026-09-23 15:31:16,240 INFO: Plan 0: ḡ=32.0, γE[v]=3.8, Q=35.8 (bayes)
2026-09-23 15:31:16,240 INFO: Plan 1: ḡ=35.0, γE[v]=2.0, Q=37.0 (bayes)
2026-09-23 15:31:16,240 INFO: Plan 2: ḡ=4.5, γE[v]=17.2, Q=21.8 (bayes)
2026-09-23 15:31:17,203 INFO: Plan 1: ḡ=40, γE[v]=0.0, Q=40.0 (fn)
2026-09-23 15:31:20,436 INFO: Plan 0: ḡ=25, γE[v]=0.0, Q=25.0 (fn)
2026-09-23 15:31:20,908 INFO: Plan 1: ḡ=35, γE[v]=0.0, Q=35.0 (fn)
2026-09-23 15:31:21,443 INFO: Plan 2: ḡ=37, γE[v]=0.0, Q=37.0 (fn)
2026-09-23 15:31:21,444 INFO: Plan 0: ḡ=12.5, γE[v]=21.5, Q=34.0 (bayes)
2026-09-23 15:31:21,446 INFO: Plan 1: ḡ=17.5, γE[v]=19.0, Q=36.5 (bayes)
2026-09-23 15:31:21,448 INFO: Plan 2: ḡ=18.5, γE[v]=18.5, Q=37.0 (bayes)
2026-09-23 15:31:24,487 INFO: Plan 2: ḡ=85, γE[v]=26.0, Q=111.0 (fn)
2026-09-23 15:31:24,724 INFO: Plan 0: ḡ=50, γE[v]=40.0, Q=90.0 (fn)
2026-09-23 15:31:24,725 INFO: Plan 0: ḡ=25.0, γE[v]=23.6, Q=48.5 (bayes)
2026-09-23 15:31:24,725 INFO: Plan 1: ḡ=20.0, γE[v]=24.2, Q=44.2 (bayes)
2026-09-23 15:31:24,725 INFO: Plan 2: ḡ=42.5, γE[v]=14.2, Q=56.7 (bayes)
2026-09-23 15:31:31,561 INFO: Plan 0: ḡ=16, γE[v]=0.0, Q=16.0 (fn)
2026-09-23 15:31:33,196 INFO: Plan 0: ḡ=91, γE[v]=14.0, Q=105.0 (fn)
2026-09-23 15:31:33,790 INFO: Plan 0: ḡ=51, γE[v]=0.0, Q=51.0 (fn)
2026-09-23 15:31:34,319 INFO: Plan 1: ḡ=43, γE[v]=4.0, Q=47.0 (fn)
2026-09-23 15:31:34,362 INFO: Plan 2: ḡ=38, γE[v]=6.5, Q=44.5 (fn)
2026-09-23 15:31:34,362 INFO: Plan 0: ḡ=25.5, γE[v]=0.0, Q=25.5 (bayes)
2026-09-23 15:31:34,362 INFO: Plan 1: ḡ=21.5, γE[v]=2.2, Q=23.7 (bayes)
2026-09-23 15:31:34,362 INFO: Plan 2: ḡ=19.0, γE[v]=3.5, Q=22.5 (bayes)
2026-09-23 15:31:36,346 INFO: Plan 0: ḡ=33, γE[v]=0.0, Q=33.0 (fn)
2026-09-23 15:31:37,708 INFO: Plan 2: ḡ=182, γE[v]=18.0, Q=200.0 (fn)
2026-09-23 15:31:39,416 INFO: Plan 1: ḡ=163, γE[v]=27.5, Q=190.5 (fn)
2026-09-23 15:31:39,417 INFO: Plan 0: ḡ=45.5, γE[v]=32.4, Q=77.9 (bayes)
2026-09-23 15:31:39,417 INFO: Plan 1: ḡ=81.5, γE[v]=15.0, Q=96.5 (bayes)
2026-09-23 15:31:39,417 INFO: Plan 2: ḡ=91.0, γE[v]=9.8, Q=100.8 (bayes)
2026-09-23 15:31:39,707 INFO: Plan 0: ḡ=23, γE[v]=0.0, Q=23.0 (fn)
2026-09-23 15:31:45,616 INFO: Plan 1: ḡ=371, γE[v]=65.0, Q=436.0 (fn)
2026-09-23 15:31:47,013 INFO: Plan 2: ḡ=310, γE[v]=19.5, Q=329.5 (fn)
2026-09-23 15:31:47,268 INFO: Plan 1: ḡ=91, γE[v]=47.5, Q=138.5 (fn)
2026-09-23 15:31:47,269 INFO: Plan 0: ḡ=16.5, γE[v]=101.0, Q=117.5 (bayes)
2026-09-23 15:31:47,269 INFO: Plan 1: ḡ=45.5, γE[v]=88.6, Q=134.1 (bayes)
2026-09-23 15:31:47,269 INFO: Plan 2: ḡ=155.0, γE[v]=32.6, Q=187.6 (bayes)
2026-09-23 15:31:47,578 INFO: Plan 2: ḡ=485, γE[v]=85.0, Q=570.0 (fn)
2026-09-23 15:31:47,579 INFO: Plan 0: ḡ=8.0, γE[v]=241.5, Q=249.5 (bayes)
2026-09-23 15:31:47,579 INFO: Plan 1: ḡ=185.5, γE[v]=155.7, Q=341.2 (bayes)
2026-09-23 15:31:47,579 INFO: Plan 2: ḡ=242.5, γE[v]=128.1, Q=370.6 (bayes)
2026-09-23 15:31:48,788 INFO: Plan 1: ḡ=52, γE[v]=0.0, Q=52.0 (fn)
2026-09-23 15:31:49,707 INFO: Plan 2: ḡ=11, γE[v]=18.5, Q=29.5 (fn)
2026-09-23 15:31:50,005 INFO: Plan 0: ḡ=35, γE[v]=0.0, Q=35.0 (fn)
2026-09-23 15:31:51,326 INFO: Plan 2: ḡ=50, γE[v]=1.0, Q=51.0 (fn)
2026-09-23 15:31:51,327 INFO: Plan 0: ḡ=17.5, γE[v]=45.2, Q=62.8 (bayes)
2026-09-23 15:31:51,327 INFO: Plan 1: ḡ=26.0, γE[v]=41.0, Q=67.0 (bayes)
2026-09-23 15:31:51,327 INFO: Plan 2: ḡ=25.0, γE[v]=41.5, Q=66.5 (bayes)
2026-09-23 15:31:52,450 INFO: Plan 0: ḡ=38, γE[v]=0.0, Q=38.0 (fn)
2026-09-23 15:31:52,706 INFO: Plan 0: ḡ=29, γE[v]=0.0, Q=29.0 (fn)
2026-09-23 15:31:52,951 INFO: Plan 1: ḡ=62, γE[v]=25.0, Q=87.0 (fn)
2026-09-23 15:31:52,952 INFO: Plan 0: ḡ=11.5, γE[v]=90.2, Q=101.8 (bayes)
2026-09-23 15:31:52,952 INFO: Plan 1: ḡ=31.0, γE[v]=81.6, Q=112.6 (bayes)
2026-09-23 15:31:52,952 INFO: Plan 2: ḡ=5.5, γE[v]=94.1, Q=99.6 (bayes)
2026-09-23 15:31:53,642 INFO: Plan 0: ḡ=31, γE[v]=0.0, Q=31.0 (fn)
2026-09-23 15:31:55,392 INFO: Plan 1: ḡ=26, γE[v]=0.0, Q=26.0 (fn)
2026-09-23 15:31:55,514 INFO: Plan 2: ḡ=132, γE[v]=0.0, Q=132.0 (fn)
2026-09-23 15:31:55,514 INFO: Plan 0: ḡ=15.5, γE[v]=39.0, Q=54.5 (bayes)
2026-09-23 15:31:55,514 INFO: Plan 1: ḡ=13.0, γE[v]=40.2, Q=53.2 (bayes)
2026-09-23 15:31:55,514 INFO: Plan 2: ḡ=66.0, γE[v]=13.8, Q=79.8 (bayes)
2026-09-23 15:31:57,820 INFO: Plan 1: ḡ=60, γE[v]=1.5, Q=61.5 (fn)
2026-09-23 15:31:59,947 INFO: Plan 2: ḡ=15, γE[v]=5.0, Q=20.0 (fn)
2026-09-23 15:31:59,947 INFO: Plan 0: ḡ=19.0, γE[v]=95.5, Q=114.5 (bayes)
2026-09-23 15:31:59,947 INFO: Plan 1: ḡ=30.0, γE[v]=90.1, Q=120.1 (bayes)
2026-09-23 15:31:59,947 INFO: Plan 2: ḡ=7.5, γE[v]=101.5, Q=109.0 (bayes)
2026-09-23 15:32:01,236 INFO: Plan 1: ḡ=0, γE[v]=0.0, Q=0.0 (fn)
2026-09-23 15:32:01,237 INFO: Plan 0: ḡ=0, γE[v]=0.0, Q=0.0 (fn)
2026-09-23 15:32:01,775 INFO: Plan 2: ḡ=0, γE[v]=0.0, Q=0.0 (fn)
2026-09-23 15:32:01,775 INFO: Plan 0: ḡ=0.0, γE[v]=0.0, Q=0.0 (bayes)
2026-09-23 15:32:01,776 INFO: Plan 1: ḡ=0.0, γE[v]=0.0, Q=0.0 (bayes)
2026-09-23 15:32:01,776 INFO: Plan 2: ḡ=0.0, γE[v]=0.0, Q=0.0 (bayes)
2026-09-23 15:32:03,051 INFO: Plan 2: ḡ=126, γE[v]=23.5, Q=149.5 (fn)
2026-09-23 15:32:03,471 INFO: Plan 1: ḡ=27, γE[v]=62.5, Q=89.5 (fn)
2026-09-23 15:32:03,471 INFO: Plan 0: ḡ=14.5, γE[v]=36.2, Q=50.8 (bayes)
2026-09-23 15:32:03,471 INFO: Plan 1: ḡ=13.5, γE[v]=39.6, Q=53.1 (bayes)
2026-09-23 15:32:03,472 INFO: Plan 2: ḡ=63.0, γE[v]=13.1, Q=76.1 (bayes)
2026-09-23 15:32:04,379 INFO: Plan 1: ḡ=34, γE[v]=0.0, Q=34.0 (fn)
2026-09-23 15:32:04,972 INFO: Plan 0: ḡ=57, γE[v]=0.0, Q=57.0 (fn)
2026-09-23 15:32:05,316 INFO: Plan 2: ḡ=57, γE[v]=0.0, Q=57.0 (fn)
2026-09-23 15:32:05,319 INFO: Plan 0: ḡ=28.5, γE[v]=113.5, Q=142.0 (bayes)
2026-09-23 15:32:05,322 INFO: Plan 1: ḡ=17.0, γE[v]=119.2, Q=136.2 (bayes)
2026-09-23 15:32:05,324 INFO: Plan 2: ḡ=28.5, γE[v]=113.5, Q=142.0 (bayes)
2026-09-23 15:32:13,030 INFO: Plan 1: ḡ=88, γE[v]=0.0, Q=88.0 (fn)
2026-09-23 15:32:13,518 INFO: Plan 0: ḡ=84, γE[v]=0.0, Q=84.0 (fn)
2026-09-23 15:32:16,041 INFO: Plan 2: ḡ=75, γE[v]=32.0, Q=107.0 (fn)
2026-09-23 15:32:16,042 INFO: Plan 0: ḡ=42.0, γE[v]=101.5, Q=143.5 (bayes)
2026-09-23 15:32:16,042 INFO: Plan 1: ḡ=44.0, γE[v]=100.5, Q=144.5 (bayes)
2026-09-23 15:32:16,042 INFO: Plan 2: ḡ=37.5, γE[v]=105.2, Q=142.7 (bayes)
2026-09-23 15:32:17,251 INFO: Plan 2: ḡ=57, γE[v]=0.0, Q=57.0 (fn)
2026-09-23 15:32:21,228 INFO: Plan 1: ḡ=32, γE[v]=8.0, Q=40.0 (fn)
2026-09-23 15:32:21,989 INFO: Plan 0: ḡ=62, γE[v]=24.0, Q=86.0 (fn)
2026-09-23 15:32:21,990 INFO: Plan 0: ḡ=31.0, γE[v]=15.8, Q=46.8 (bayes)
2026-09-23 15:32:21,990 INFO: Plan 1: ḡ=16.0, γE[v]=22.6, Q=38.6 (bayes)
2026-09-23 15:32:21,990 INFO: Plan 2: ḡ=28.5, γE[v]=16.0, Q=44.5 (bayes)
2026-09-23 15:32:23,670 INFO: Plan 0: ḡ=62, γE[v]=22.5, Q=84.5 (fn)
2026-09-23 15:32:25,765 INFO: Plan 1: ḡ=109, γE[v]=8.5, Q=117.5 (fn)
2026-09-23 15:32:26,101 INFO: Plan 2: ḡ=54, γE[v]=12.5, Q=66.5 (fn)
2026-09-23 15:32:26,101 INFO: Plan 0: ḡ=31.0, γE[v]=35.3, Q=66.3 (bayes)
2026-09-23 15:32:26,101 INFO: Plan 1: ḡ=54.5, γE[v]=22.9, Q=77.4 (bayes)
2026-09-23 15:32:26,101 INFO: Plan 2: ḡ=27.0, γE[v]=36.8, Q=63.8 (bayes)
2026-09-23 15:32:29,745 INFO: Plan 2: ḡ=95, γE[v]=2.0, Q=97.0 (fn)
2026-09-23 15:32:30,375 INFO: Plan 1: ḡ=69, γE[v]=20.5, Q=89.5 (fn)
2026-09-23 15:32:30,783 INFO: Plan 2: ḡ=42, γE[v]=0.0, Q=42.0 (fn)
2026-09-23 15:32:31,005 INFO: Plan 0: ḡ=163, γE[v]=0.0, Q=163.0 (fn)
2026-09-23 15:32:31,005 INFO: Plan 1: ḡ=88, γE[v]=0.0, Q=88.0 (fn)
2026-09-23 15:32:31,006 INFO: Plan 0: ḡ=81.5, γE[v]=32.2, Q=113.8 (bayes)
2026-09-23 15:32:31,006 INFO: Plan 1: ḡ=44.0, γE[v]=51.0, Q=95.0 (bayes)
2026-09-23 15:32:31,006 INFO: Plan 2: ḡ=21.0, γE[v]=62.5, Q=83.5 (bayes)
2026-09-23 15:32:31,904 INFO: Plan 2: ḡ=53, γE[v]=0.0, Q=53.0 (fn)
2026-09-23 15:32:32,570 INFO: Plan 0: ḡ=67, γE[v]=21.5, Q=88.5 (fn)
2026-09-23 15:32:32,570 INFO: Plan 0: ḡ=33.5, γE[v]=11.7, Q=45.2 (bayes)
2026-09-23 15:32:32,570 INFO: Plan 1: ḡ=34.5, γE[v]=11.2, Q=45.7 (bayes)
2026-09-23 15:32:32,571 INFO: Plan 2: ḡ=47.5, γE[v]=3.8, Q=51.3 (bayes)
2026-09-23 15:32:34,989 INFO: Plan 2: ḡ=42, γE[v]=0.0, Q=42.0 (fn)
2026-09-23 15:32:36,422 INFO: Plan 1: ḡ=87, γE[v]=0.0, Q=87.0 (fn)
2026-09-23 15:32:36,905 INFO: Plan 1: ḡ=84, γE[v]=0.0, Q=84.0 (fn)
2026-09-23 15:32:37,159 INFO: Plan 0: ḡ=99, γE[v]=0.0, Q=99.0 (fn)
2026-09-23 15:32:37,159 INFO: Plan 0: ḡ=49.5, γE[v]=24.5, Q=74.0 (bayes)
2026-09-23 15:32:37,159 INFO: Plan 1: ḡ=43.5, γE[v]=27.5, Q=71.0 (bayes)
2026-09-23 15:32:37,159 INFO: Plan 2: ḡ=21.0, γE[v]=38.8, Q=59.8 (bayes)
2026-09-23 15:32:37,246 INFO: Plan 0: ḡ=66, γE[v]=5.5, Q=71.5 (fn)
2026-09-23 15:32:37,554 INFO: Plan 1: ḡ=169, γE[v]=66.5, Q=235.5 (fn)
2026-09-23 15:32:37,747 INFO: Plan 0: ḡ=46, γE[v]=31.5, Q=77.5 (fn)
2026-09-23 15:32:38,333 INFO: Plan 0: ḡ=253, γE[v]=30.5, Q=283.5 (fn)
2026-09-23 15:32:38,333 INFO: Plan 0: ḡ=126.5, γE[v]=29.9, Q=156.4 (bayes)
2026-09-23 15:32:38,334 INFO: Plan 1: ḡ=84.5, γE[v]=52.5, Q=137.0 (bayes)
2026-09-23 15:32:38,334 INFO: Plan 2: ḡ=26.5, γE[v]=78.5, Q=105.0 (bayes)
2026-09-23 15:32:38,372 INFO: Plan 1: ḡ=54, γE[v]=28.5, Q=82.5 (fn)
2026-09-23 15:32:39,451 INFO: Plan 0: ḡ=37, γE[v]=0.0, Q=37.0 (fn)
2026-09-23 15:32:39,516 INFO: Plan 2: ḡ=19, γE[v]=0.0, Q=19.0 (fn)
2026-09-23 15:32:39,648 INFO: Plan 1: ḡ=30, γE[v]=0.0, Q=30.0 (fn)
2026-09-23 15:32:39,649 INFO: Plan 0: ḡ=18.5, γE[v]=12.2, Q=30.8 (bayes)
2026-09-23 15:32:39,649 INFO: Plan 1: ḡ=15.0, γE[v]=14.0, Q=29.0 (bayes)
2026-09-23 15:32:39,649 INFO: Plan 2: ḡ=9.5, γE[v]=16.8, Q=26.2 (bayes)
2026-09-23 15:32:40,088 INFO: Plan 2: ḡ=69, γE[v]=21.0, Q=90.0 (fn)
2026-09-23 15:32:40,089 INFO: Plan 0: ḡ=23.0, γE[v]=17.7, Q=40.7 (bayes)
2026-09-23 15:32:40,089 INFO: Plan 1: ḡ=27.0, γE[v]=15.5, Q=42.5 (bayes)
2026-09-23 15:32:40,089 INFO: Plan 2: ḡ=34.5, γE[v]=11.4, Q=46.0 (bayes)
2026-09-23 15:32:44,131 INFO: Plan 2: ḡ=128, γE[v]=19.5, Q=147.5 (fn)
2026-09-23 15:32:44,132 INFO: Plan 0: ḡ=33.0, γE[v]=30.2, Q=63.2 (bayes)
2026-09-23 15:32:44,132 INFO: Plan 1: ḡ=42.0, γE[v]=25.5, Q=67.5 (bayes)
2026-09-23 15:32:44,132 INFO: Plan 2: ḡ=64.0, γE[v]=15.4, Q=79.4 (bayes)
2026-09-23 15:32:44,777 INFO: Plan 1: ḡ=33, γE[v]=0.0, Q=33.0 (fn)
2026-09-23 15:32:48,283 INFO: Plan 2: ḡ=305, γE[v]=47.0, Q=352.0 (fn)
2026-09-23 15:32:48,408 INFO: Plan 2: ḡ=110, γE[v]=29.0, Q=139.0 (fn)
2026-09-23 15:32:49,470 INFO: Plan 2: ḡ=32, γE[v]=0.0, Q=32.0 (fn)
2026-09-23 15:32:49,650 INFO: Plan 1: ḡ=39, γE[v]=0.0, Q=39.0 (fn)
2026-09-23 15:32:50,022 INFO: Plan 0: ḡ=91, γE[v]=42.0, Q=133.0 (fn)
2026-09-23 15:32:50,797 INFO: Plan 0: ḡ=28, γE[v]=18.0, Q=46.0 (fn)
2026-09-23 15:32:50,798 INFO: Plan 0: ḡ=14.0, γE[v]=115.3, Q=129.3 (bayes)
2026-09-23 15:32:50,798 INFO: Plan 1: ḡ=16.5, γE[v]=113.2, Q=129.8 (bayes)
2026-09-23 15:32:50,798 INFO: Plan 2: ḡ=152.5, γE[v]=47.4, Q=199.9 (bayes)
2026-09-23 15:32:51,411 INFO: Plan 1: ḡ=116, γE[v]=22.5, Q=138.5 (fn)
2026-09-23 15:32:51,412 INFO: Plan 0: ḡ=45.5, γE[v]=23.6, Q=69.1 (bayes)
2026-09-23 15:32:51,412 INFO: Plan 1: ḡ=58.0, γE[v]=16.5, Q=74.5 (bayes)
2026-09-23 15:32:51,412 INFO: Plan 2: ḡ=55.0, γE[v]=18.3, Q=73.3 (bayes)
2026-09-23 15:32:51,877 INFO: Plan 2: ḡ=67, γE[v]=0.0, Q=67.0 (fn)
2026-09-23 15:32:51,877 INFO: Plan 1: ḡ=203, γE[v]=0.0, Q=203.0 (fn)
2026-09-23 15:32:51,879 INFO: Plan 2: ḡ=34, γE[v]=0.0, Q=34.0 (fn)
2026-09-23 15:32:52,369 INFO: Plan 0: ḡ=33, γE[v]=0.0, Q=33.0 (fn)
2026-09-23 15:32:52,370 INFO: Plan 0: ḡ=16.5, γE[v]=67.5, Q=84.0 (bayes)
2026-09-23 15:32:52,370 INFO: Plan 1: ḡ=101.5, γE[v]=25.0, Q=126.5 (bayes)
2026-09-23 15:32:52,370 INFO: Plan 2: ḡ=33.5, γE[v]=59.0, Q=92.5 (bayes)
2026-09-23 15:32:52,981 INFO: Plan 1: ḡ=38, γE[v]=0.0, Q=38.0 (fn)
2026-09-23 15:32:54,070 INFO: Plan 0: ḡ=30, γE[v]=6.0, Q=36.0 (fn)
2026-09-23 15:32:54,070 INFO: Plan 0: ḡ=10.0, γE[v]=10.7, Q=20.7 (bayes)
2026-09-23 15:32:54,071 INFO: Plan 1: ḡ=12.7, γE[v]=9.0, Q=21.7 (bayes)
2026-09-23 15:32:54,071 INFO: Plan 2: ḡ=11.3, γE[v]=9.7, Q=21.0 (bayes)
2026-09-23 15:32:56,693 INFO: Plan 0: ḡ=43, γE[v]=34.0, Q=77.0 (fn)
2026-09-23 15:32:56,694 INFO: Plan 0: ḡ=21.5, γE[v]=28.3, Q=49.8 (bayes)
2026-09-23 15:32:56,694 INFO: Plan 1: ḡ=19.5, γE[v]=27.8, Q=47.2 (bayes)
2026-09-23 15:32:56,694 INFO: Plan 2: ḡ=16.0, γE[v]=29.5, Q=45.5 (bayes)
2026-09-23 15:32:59,139 INFO: Plan 0: ḡ=59, γE[v]=0.0, Q=59.0 (fn)
2026-09-23 15:32:59,729 INFO: Plan 1: ḡ=19, γE[v]=0.0, Q=19.0 (fn)
2026-09-23 15:33:03,910 INFO: Plan 2: ḡ=59, γE[v]=34.5, Q=93.5 (fn)
2026-09-23 15:33:03,911 INFO: Plan 0: ḡ=29.5, γE[v]=43.5, Q=73.0 (bayes)
2026-09-23 15:33:03,911 INFO: Plan 1: ḡ=9.5, γE[v]=53.5, Q=63.0 (bayes)
2026-09-23 15:33:03,911 INFO: Plan 2: ḡ=29.5, γE[v]=45.1, Q=74.5 (bayes)
2026-09-23 15:33:11,296 INFO: Plan 1: ḡ=123, γE[v]=81.5, Q=204.5 (fn)
2026-09-23 15:33:12,684 INFO: Plan 0: ḡ=66, γE[v]=102.5, Q=168.5 (fn)
2026-09-23 15:33:13,769 INFO: Plan 2: ḡ=139, γE[v]=87.5, Q=226.5 (fn)
2026-09-23 15:33:13,770 INFO: Plan 0: ḡ=33.0, γE[v]=81.9, Q=114.9 (bayes)
2026-09-23 15:33:13,770 INFO: Plan 1: ḡ=61.5, γE[v]=66.7, Q=128.2 (bayes)
2026-09-23 15:33:13,770 INFO: Plan 2: ḡ=69.5, γE[v]=62.9, Q=132.4 (bayes)
2026-09-23 15:33:16,256 INFO: Plan 1: ḡ=20, γE[v]=0.0, Q=20.0 (fn)
2026-09-23 15:33:18,825 INFO: Plan 0: ḡ=39, γE[v]=13.0, Q=52.0 (fn)
2026-09-23 15:33:19,939 INFO: Plan 1: ḡ=91, γE[v]=0.0, Q=91.0 (fn)
2026-09-23 15:33:24,692 INFO: Plan 2: ḡ=68, γE[v]=23.5, Q=91.5 (fn)
2026-09-23 15:33:24,693 INFO: Plan 0: ḡ=19.5, γE[v]=68.1, Q=87.6 (bayes)
2026-09-23 15:33:24,693 INFO: Plan 1: ḡ=8.0, γE[v]=73.2, Q=81.2 (bayes)
2026-09-23 15:33:24,693 INFO: Plan 2: ḡ=31.0, γE[v]=62.8, Q=93.8 (bayes)
2026-09-23 15:33:26,572 INFO: Plan 2: ḡ=10, γE[v]=0.0, Q=10.0 (fn)
2026-09-23 15:33:28,613 INFO: Plan 0: ḡ=130, γE[v]=101.5, Q=231.5 (fn)
2026-09-23 15:33:29,249 INFO: Plan 1: ḡ=21, γE[v]=0.0, Q=21.0 (fn)
2026-09-23 15:33:30,512 INFO: Plan 2: ḡ=48, γE[v]=0.0, Q=48.0 (fn)
2026-09-23 15:33:31,144 INFO: Plan 1: ḡ=20, γE[v]=0.0, Q=20.0 (fn)
2026-09-23 15:33:31,526 INFO: Plan 2: ḡ=218, γE[v]=140.5, Q=358.5 (fn)
2026-09-23 15:33:31,527 INFO: Plan 0: ḡ=65.0, γE[v]=143.3, Q=208.3 (bayes)
2026-09-23 15:33:31,527 INFO: Plan 1: ḡ=45.5, γE[v]=148.5, Q=194.0 (bayes)
2026-09-23 15:33:31,527 INFO: Plan 2: ḡ=109.0, γE[v]=123.1, Q=232.1 (bayes)
2026-09-23 15:33:32,944 INFO: Plan 0: ḡ=75, γE[v]=0.0, Q=75.0 (fn)
2026-09-23 15:33:32,944 INFO: Plan 0: ḡ=33.2, γE[v]=111.2, Q=144.3 (bayes)
2026-09-23 15:33:32,944 INFO: Plan 1: ḡ=10.0, γE[v]=122.8, Q=132.8 (bayes)
2026-09-23 15:33:32,944 INFO: Plan 2: ḡ=24.0, γE[v]=115.8, Q=139.8 (bayes)
2026-09-23 15:33:34,098 INFO: Plan 0: ḡ=28, γE[v]=0.0, Q=28.0 (fn)
2026-09-23 15:33:34,480 INFO: Plan 0: ḡ=32, γE[v]=4.0, Q=36.0 (fn)
2026-09-23 15:33:34,481 INFO: Plan 0: ḡ=12.0, γE[v]=1.7, Q=13.7 (bayes)
2026-09-23 15:33:34,481 INFO: Plan 1: ḡ=7.0, γE[v]=4.0, Q=11.0 (bayes)
2026-09-23 15:33:34,481 INFO: Plan 2: ḡ=3.3, γE[v]=5.8, Q=9.2 (bayes)
2026-09-23 15:33:34,642 INFO: Plan 1: ḡ=24, γE[v]=0.0, Q=24.0 (fn)
2026-09-23 15:33:36,157 INFO: Plan 0: ḡ=26, γE[v]=0.0, Q=26.0 (fn)
2026-09-23 15:33:36,768 INFO: Plan 1: ḡ=8, γE[v]=0.0, Q=8.0 (fn)
2026-09-23 15:33:36,967 INFO: Plan 1: ḡ=23, γE[v]=0.0, Q=23.0 (fn)
2026-09-23 15:33:37,080 INFO: Plan 2: ḡ=38, γE[v]=0.0, Q=38.0 (fn)
2026-09-23 15:33:37,081 INFO: Plan 0: ḡ=14.0, γE[v]=13.1, Q=27.1 (bayes)
2026-09-23 15:33:37,081 INFO: Plan 1: ḡ=11.3, γE[v]=14.4, Q=25.8 (bayes)
2026-09-23 15:33:37,081 INFO: Plan 2: ḡ=15.3, γE[v]=12.4, Q=27.8 (bayes)
2026-09-23 15:33:37,192 INFO: Plan 2: ḡ=8, γE[v]=0.0, Q=8.0 (fn)
2026-09-23 15:33:37,193 INFO: Plan 0: ḡ=8, γE[v]=0.0, Q=8.0 (fn)
2026-09-23 15:33:37,194 INFO: Plan 0: ḡ=2.7, γE[v]=0.0, Q=2.7 (bayes)
2026-09-23 15:33:37,194 INFO: Plan 1: ḡ=2.7, γE[v]=0.0, Q=2.7 (bayes)
2026-09-23 15:33:37,194 INFO: Plan 2: ḡ=2.7, γE[v]=0.0, Q=2.7 (bayes)
2026-09-23 15:33:37,812 INFO: Plan 2: ḡ=17, γE[v]=0.0, Q=17.0 (fn)
2026-09-23 15:33:37,813 INFO: Plan 0: ḡ=8.7, γE[v]=7.2, Q=15.8 (bayes)
2026-09-23 15:33:37,813 INFO: Plan 1: ḡ=7.7, γE[v]=7.7, Q=15.3 (bayes)
2026-09-23 15:33:37,813 INFO: Plan 2: ḡ=5.7, γE[v]=8.7, Q=14.3 (bayes)
2026-09-23 15:33:50,962 INFO: Plan 2: ḡ=42, γE[v]=0.0, Q=42.0 (fn)
2026-09-23 15:33:54,066 INFO: Plan 0: ḡ=124, γE[v]=10.5, Q=134.5 (fn)
2026-09-23 15:33:55,813 INFO: Plan 2: ḡ=6, γE[v]=0.0, Q=6.0 (fn)
2026-09-23 15:33:55,814 INFO: Plan 1: ḡ=73, γE[v]=36.0, Q=109.0 (fn)
2026-09-23 15:33:55,814 INFO: Plan 0: ḡ=62.0, γE[v]=5.7, Q=67.7 (bayes)
2026-09-23 15:33:55,814 INFO: Plan 1: ḡ=36.5, γE[v]=19.6, Q=56.1 (bayes)
2026-09-23 15:33:55,814 INFO: Plan 2: ḡ=21.0, γE[v]=25.8, Q=46.8 (bayes)
2026-09-23 15:33:56,888 INFO: Plan 2: ḡ=96, γE[v]=0.0, Q=96.0 (fn)
2026-09-23 15:33:58,382 INFO: Plan 1: ḡ=38, γE[v]=31.5, Q=69.5 (fn)
2026-09-23 15:33:58,952 INFO: Plan 0: ḡ=70, γE[v]=15.0, Q=85.0 (fn)
2026-09-23 15:33:59,378 INFO: Plan 1: ḡ=8, γE[v]=0.0, Q=8.0 (fn)
2026-09-23 15:33:59,730 INFO: Plan 2: ḡ=6, γE[v]=0.0, Q=6.0 (fn)
2026-09-23 15:34:02,032 INFO: Plan 1: ḡ=94, γE[v]=6.0, Q=100.0 (fn)
2026-09-23 15:34:02,033 INFO: Plan 0: ḡ=23.3, γE[v]=6.9, Q=30.2 (bayes)
2026-09-23 15:34:02,033 INFO: Plan 1: ḡ=31.3, γE[v]=2.4, Q=33.7 (bayes)
2026-09-23 15:34:02,033 INFO: Plan 2: ḡ=2.0, γE[v]=16.7, Q=18.7 (bayes)
2026-09-23 15:34:03,579 INFO: Plan 1: ḡ=141, γE[v]=0.0, Q=141.0 (fn)
2026-09-23 15:34:04,526 INFO: Plan 0: ḡ=109, γE[v]=0.0, Q=109.0 (fn)
2026-09-23 15:34:04,567 INFO: Plan 0: ḡ=51, γE[v]=52.0, Q=103.0 (fn)
2026-09-23 15:34:04,568 INFO: Plan 0: ḡ=25.5, γE[v]=61.8, Q=87.3 (bayes)
2026-09-23 15:34:04,568 INFO: Plan 1: ḡ=19.0, γE[v]=64.2, Q=83.2 (bayes)
2026-09-23 15:34:04,568 INFO: Plan 2: ḡ=48.0, γE[v]=48.2, Q=96.2 (bayes)
2026-09-23 15:34:06,547 INFO: Plan 0: ḡ=32, γE[v]=29.5, Q=61.5 (fn)
2026-09-23 15:34:06,550 INFO: Plan 2: ḡ=48, γE[v]=0.0, Q=48.0 (fn)
2026-09-23 15:34:06,551 INFO: Plan 0: ḡ=16.0, γE[v]=61.8, Q=77.8 (bayes)
2026-09-23 15:34:06,551 INFO: Plan 1: ḡ=3.2, γE[v]=66.9, Q=70.1 (bayes)
2026-09-23 15:34:06,551 INFO: Plan 2: ḡ=3.0, γE[v]=67.0, Q=70.0 (bayes)
2026-09-23 15:34:07,120 INFO: Plan 0: ḡ=35, γE[v]=0.0, Q=35.0 (fn)
2026-09-23 15:34:07,576 INFO: Plan 0: ḡ=29, γE[v]=0.0, Q=29.0 (fn)
2026-09-23 15:34:08,011 INFO: Plan 1: ḡ=37, γE[v]=2.0, Q=39.0 (fn)
2026-09-23 15:34:08,012 INFO: Plan 0: ḡ=17.5, γE[v]=31.5, Q=49.0 (bayes)
2026-09-23 15:34:08,012 INFO: Plan 1: ḡ=18.5, γE[v]=31.1, Q=49.6 (bayes)
2026-09-23 15:34:08,012 INFO: Plan 2: ḡ=24.0, γE[v]=28.2, Q=52.2 (bayes)
2026-09-23 15:34:08,551 INFO: Plan 2: ḡ=265, γE[v]=0.0, Q=265.0 (fn)
2026-09-23 15:34:08,551 INFO: Plan 2: ḡ=45, γE[v]=0.0, Q=45.0 (fn)
2026-09-23 15:34:08,552 INFO: Plan 0: ḡ=42.7, γE[v]=81.2, Q=123.8 (bayes)
2026-09-23 15:34:08,552 INFO: Plan 1: ḡ=63.0, γE[v]=71.0, Q=134.0 (bayes)
2026-09-23 15:34:08,552 INFO: Plan 2: ḡ=121.2, γE[v]=41.9, Q=163.1 (bayes)
2026-09-23 15:34:12,270 INFO: Plan 2: ḡ=46, γE[v]=3.5, Q=49.5 (fn)
2026-09-23 15:34:15,012 INFO: Plan 0: ḡ=40, γE[v]=26.5, Q=66.5 (fn)
2026-09-23 15:34:15,730 INFO: Plan 0: ḡ=67, γE[v]=0.0, Q=67.0 (fn)
2026-09-23 15:34:15,760 INFO: Plan 2: ḡ=17, γE[v]=0.0, Q=17.0 (fn)
2026-09-23 15:34:16,100 INFO: Plan 1: ḡ=46, γE[v]=26.5, Q=72.5 (fn)
2026-09-23 15:34:16,101 INFO: Plan 0: ḡ=33, γE[v]=0.0, Q=33.0 (fn)
2026-09-23 15:34:16,101 INFO: Plan 1: ḡ=8, γE[v]=0.0, Q=8.0 (fn)
2026-09-23 15:34:16,102 INFO: Plan 0: ḡ=14.5, γE[v]=20.8, Q=35.2 (bayes)
2026-09-23 15:34:16,102 INFO: Plan 1: ḡ=23.0, γE[v]=18.0, Q=41.0 (bayes)
2026-09-23 15:34:16,102 INFO: Plan 0: ḡ=16.5, γE[v]=5.5, Q=22.0 (bayes)
2026-09-23 15:34:16,102 INFO: Plan 2: ḡ=15.0, γE[v]=20.5, Q=35.5 (bayes)
2026-09-23 15:34:16,102 INFO: Plan 1: ḡ=4.0, γE[v]=11.8, Q=15.8 (bayes)
2026-09-23 15:34:16,103 INFO: Plan 2: ḡ=8.5, γE[v]=9.5, Q=18.0 (bayes)
2026-09-23 15:34:16,689 INFO: Plan 0: ḡ=0, γE[v]=0.0, Q=0.0 (fn)
2026-09-23 15:34:16,727 INFO: Plan 1: ḡ=0, γE[v]=0.0, Q=0.0 (fn)
2026-09-23 15:34:17,326 INFO: Plan 2: ḡ=0, γE[v]=0.0, Q=0.0 (fn)
2026-09-23 15:34:17,327 INFO: Plan 0: ḡ=0.0, γE[v]=0.0, Q=0.0 (bayes)
2026-09-23 15:34:17,327 INFO: Plan 1: ḡ=0.0, γE[v]=0.0, Q=0.0 (bayes)
2026-09-23 15:34:17,327 INFO: Plan 2: ḡ=0.0, γE[v]=0.0, Q=0.0 (bayes)
2026-09-23 15:34:19,771 INFO: Plan 1: ḡ=39, γE[v]=8.0, Q=47.0 (fn)
2026-09-23 15:34:19,772 INFO: Plan 0: ḡ=20.0, γE[v]=83.2, Q=103.2 (bayes)
2026-09-23 15:34:19,773 INFO: Plan 1: ḡ=19.5, γE[v]=82.6, Q=102.1 (bayes)
2026-09-23 15:34:19,773 INFO: Plan 2: ḡ=23.0, γE[v]=80.7, Q=103.7 (bayes)
2026-09-23 15:34:20,098 INFO: Plan 1: ḡ=62, γE[v]=0.0, Q=62.0 (fn)
2026-09-23 15:34:23,835 INFO: Plan 2: ḡ=16, γE[v]=3.0, Q=19.0 (fn)
2026-09-23 15:34:23,836 INFO: Plan 0: ḡ=33.5, γE[v]=71.3, Q=104.8 (bayes)
2026-09-23 15:34:23,836 INFO: Plan 1: ḡ=31.0, γE[v]=72.6, Q=103.6 (bayes)
2026-09-23 15:34:23,836 INFO: Plan 2: ḡ=8.0, γE[v]=84.2, Q=92.2 (bayes)
2026-09-23 15:34:25,251 INFO: Plan 1: ḡ=37, γE[v]=52.0, Q=89.0 (fn)
2026-09-23 15:34:26,238 INFO: Plan 0: ḡ=79, γE[v]=41.0, Q=120.0 (fn)
2026-09-23 15:34:26,822 INFO: Plan 2: ḡ=90, γE[v]=25.5, Q=115.5 (fn)
2026-09-23 15:34:26,823 INFO: Plan 0: ḡ=39.5, γE[v]=22.8, Q=62.3 (bayes)
2026-09-23 15:34:26,823 INFO: Plan 1: ḡ=18.5, γE[v]=33.8, Q=52.3 (bayes)
2026-09-23 15:34:26,823 INFO: Plan 2: ḡ=45.0, γE[v]=19.4, Q=64.4 (bayes)
2026-09-23 15:34:37,183 INFO: Plan 0: ḡ=149, γE[v]=0.0, Q=149.0 (fn)
2026-09-23 15:34:37,589 INFO: Plan 0: ḡ=6, γE[v]=0.0, Q=6.0 (fn)
2026-09-23 15:34:37,802 INFO: Plan 2: ḡ=57, γE[v]=0.0, Q=57.0 (fn)
2026-09-23 15:34:37,841 INFO: Plan 1: ḡ=74, γE[v]=4.5, Q=78.5 (fn)
2026-09-23 15:34:37,842 INFO: Plan 0: ḡ=66.7, γE[v]=88.0, Q=154.7 (bayes)
2026-09-23 15:34:37,842 INFO: Plan 1: ḡ=37.0, γE[v]=103.0, Q=140.0 (bayes)
2026-09-23 15:34:37,842 INFO: Plan 2: ḡ=28.5, γE[v]=107.1, Q=135.6 (bayes)
2026-09-23 15:34:38,378 INFO: Plan 2: ḡ=47, γE[v]=0.0, Q=47.0 (fn)
2026-09-23 15:34:41,497 INFO: Plan 2: ḡ=15, γE[v]=0.0, Q=15.0 (fn)
2026-09-23 15:34:41,542 INFO: Plan 1: ḡ=40, γE[v]=0.0, Q=40.0 (fn)
2026-09-23 15:34:41,903 INFO: Plan 1: ḡ=13, γE[v]=3.0, Q=16.0 (fn)
2026-09-23 15:34:41,903 INFO: Plan 0: ḡ=2.0, γE[v]=9.7, Q=11.7 (bayes)
2026-09-23 15:34:41,903 INFO: Plan 1: ḡ=4.3, γE[v]=8.7, Q=13.0 (bayes)
2026-09-23 15:34:41,903 INFO: Plan 2: ḡ=15.7, γE[v]=2.8, Q=18.5 (bayes)
2026-09-23 15:34:41,942 INFO: Plan 0: ḡ=2, γE[v]=0.0, Q=2.0 (fn)
2026-09-23 15:34:42,193 INFO: Plan 1: ḡ=2, γE[v]=0.0, Q=2.0 (fn)
2026-09-23 15:34:42,193 INFO: Plan 0: ḡ=0.7, γE[v]=2.8, Q=3.5 (bayes)
2026-09-23 15:34:42,193 INFO: Plan 1: ḡ=0.7, γE[v]=2.8, Q=3.5 (bayes)
2026-09-23 15:34:42,193 INFO: Plan 2: ḡ=5.0, γE[v]=0.7, Q=5.7 (bayes)
2026-09-23 15:34:42,441 INFO: Plan 0: ḡ=83, γE[v]=0.0, Q=83.0 (fn)
2026-09-23 15:34:42,611 INFO: Plan 2: ḡ=45, γE[v]=0.0, Q=45.0 (fn)
2026-09-23 15:34:42,611 INFO: Plan 0: ḡ=41.5, γE[v]=69.8, Q=111.2 (bayes)
2026-09-23 15:34:42,611 INFO: Plan 1: ḡ=20.0, γE[v]=80.5, Q=100.5 (bayes)
2026-09-23 15:34:42,612 INFO: Plan 2: ḡ=22.5, γE[v]=79.2, Q=101.8 (bayes)
2026-09-23 15:34:43,329 INFO: Plan 2: ḡ=8, γE[v]=0.0, Q=8.0 (fn)
2026-09-23 15:34:43,371 INFO: Plan 0: ḡ=14, γE[v]=0.0, Q=14.0 (fn)
2026-09-23 15:34:43,486 INFO: Plan 2: ḡ=0, γE[v]=0.0, Q=0.0 (fn)
2026-09-23 15:34:43,894 INFO: Plan 1: ḡ=7, γE[v]=0.0, Q=7.0 (fn)
2026-09-23 15:34:43,978 INFO: Plan 0: ḡ=1, γE[v]=3.0, Q=4.0 (fn)
2026-09-23 15:34:43,978 INFO: Plan 0: ḡ=0.5, γE[v]=1.6, Q=2.1 (bayes)
2026-09-23 15:34:43,978 INFO: Plan 1: ḡ=3.5, γE[v]=0.0, Q=3.5 (bayes)
2026-09-23 15:34:43,978 INFO: Plan 2: ḡ=0.0, γE[v]=1.8, Q=1.8 (bayes)
2026-09-23 15:34:44,373 INFO: Plan 1: ḡ=15, γE[v]=0.0, Q=15.0 (fn)
2026-09-23 15:34:44,413 INFO: Plan 0: ḡ=15, γE[v]=0.0, Q=15.0 (fn)
2026-09-23 15:34:44,493 INFO: Plan 2: ḡ=19, γE[v]=0.0, Q=19.0 (fn)
2026-09-23 15:34:44,494 INFO: Plan 0: ḡ=7.5, γE[v]=8.5, Q=16.0 (bayes)
2026-09-23 15:34:44,494 INFO: Plan 1: ḡ=7.5, γE[v]=8.5, Q=16.0 (bayes)
2026-09-23 15:34:44,494 INFO: Plan 2: ḡ=9.5, γE[v]=7.5, Q=17.0 (bayes)
2026-09-23 15:34:45,386 INFO: Plan 0: ḡ=20, γE[v]=0.0, Q=20.0 (fn)
2026-09-23 15:34:45,427 INFO: Plan 2: ḡ=27, γE[v]=0.0, Q=27.0 (fn)
2026-09-23 15:34:46,153 INFO: Plan 2: ḡ=16, γE[v]=1.0, Q=17.0 (fn)
2026-09-23 15:34:46,186 INFO: Plan 1: ḡ=34, γE[v]=2.5, Q=36.5 (fn)
2026-09-23 15:34:46,186 INFO: Plan 0: ḡ=10.0, γE[v]=9.8, Q=19.8 (bayes)
2026-09-23 15:34:46,186 INFO: Plan 1: ḡ=17.0, γE[v]=6.4, Q=23.4 (bayes)
2026-09-23 15:34:46,186 INFO: Plan 2: ḡ=13.5, γE[v]=8.0, Q=21.5 (bayes)
2026-09-23 15:34:46,891 INFO: Plan 1: ḡ=60, γE[v]=0.0, Q=60.0 (fn)
2026-09-23 15:34:46,891 INFO: Plan 0: ḡ=5.8, γE[v]=16.8, Q=22.6 (bayes)
2026-09-23 15:34:46,892 INFO: Plan 1: ḡ=28.0, γE[v]=5.7, Q=33.7 (bayes)
2026-09-23 15:34:46,892 INFO: Plan 2: ḡ=4.0, γE[v]=17.7, Q=21.7 (bayes)
2026-09-23 15:34:46,928 INFO: Plan 0: ḡ=24, γE[v]=7.0, Q=31.0 (fn)
2026-09-23 15:34:48,231 INFO: Plan 1: ḡ=35, γE[v]=4.0, Q=39.0 (fn)
2026-09-23 15:34:48,232 INFO: Plan 0: ḡ=8.2, γE[v]=7.3, Q=15.5 (bayes)
2026-09-23 15:34:48,232 INFO: Plan 1: ḡ=13.0, γE[v]=4.7, Q=17.7 (bayes)
2026-09-23 15:34:48,232 INFO: Plan 2: ḡ=7.8, γE[v]=7.1, Q=15.0 (bayes)
2026-09-23 15:34:48,433 INFO: Plan 0: ḡ=57, γE[v]=0.0, Q=57.0 (fn)
2026-09-23 15:34:48,633 INFO: Plan 1: ḡ=32, γE[v]=8.0, Q=40.0 (fn)
2026-09-23 15:34:49,616 INFO: Plan 2: ḡ=23, γE[v]=17.0, Q=40.0 (fn)
2026-09-23 15:34:49,617 INFO: Plan 0: ḡ=20.0, γE[v]=0.0, Q=20.0 (bayes)
2026-09-23 15:34:49,617 INFO: Plan 1: ḡ=11.0, γE[v]=5.0, Q=15.9 (bayes)
2026-09-23 15:34:49,617 INFO: Plan 2: ḡ=8.5, γE[v]=6.8, Q=15.3 (bayes)
2026-09-23 15:34:50,797 INFO: Plan 1: ḡ=3, γE[v]=0.0, Q=3.0 (fn)
2026-09-23 15:34:51,215 INFO: Plan 0: ḡ=31, γE[v]=0.0, Q=31.0 (fn)
2026-09-23 15:34:55,138 INFO: Plan 2: ḡ=7, γE[v]=17.0, Q=24.0 (fn)
2026-09-23 15:34:55,139 INFO: Plan 0: ḡ=10.3, γE[v]=1.7, Q=12.0 (bayes)
2026-09-23 15:34:55,139 INFO: Plan 1: ḡ=1.0, γE[v]=6.3, Q=7.3 (bayes)
2026-09-23 15:34:55,139 INFO: Plan 2: ḡ=2.3, γE[v]=6.7, Q=9.0 (bayes)
2026-09-23 15:34:57,679 INFO: Plan 0: ḡ=26, γE[v]=0.0, Q=26.0 (fn)
2026-09-23 15:34:58,534 INFO: Plan 1: ḡ=39, γE[v]=0.0, Q=39.0 (fn)
2026-09-23 15:34:59,777 INFO: Plan 2: ḡ=49, γE[v]=2.0, Q=51.0 (fn)
2026-09-23 15:34:59,777 INFO: Plan 0: ḡ=8.7, γE[v]=17.2, Q=25.9 (bayes)
2026-09-23 15:34:59,777 INFO: Plan 1: ḡ=15.3, γE[v]=13.9, Q=29.2 (bayes)
2026-09-23 15:34:59,777 INFO: Plan 2: ḡ=24.5, γE[v]=9.4, Q=33.9 (bayes)
2026-09-23 15:35:01,934 INFO: Plan 1: ḡ=19, γE[v]=0.0, Q=19.0 (fn)
2026-09-23 15:35:01,935 INFO: Plan 0: ḡ=15, γE[v]=0.0, Q=15.0 (fn)
2026-09-23 15:35:03,678 INFO: Plan 2: ḡ=19, γE[v]=7.5, Q=26.5 (fn)
2026-09-23 15:35:03,679 INFO: Plan 0: ḡ=5.0, γE[v]=3.2, Q=8.2 (bayes)
2026-09-23 15:35:03,679 INFO: Plan 1: ḡ=6.3, γE[v]=2.5, Q=8.8 (bayes)
2026-09-23 15:35:03,679 INFO: Plan 2: ḡ=6.3, γE[v]=2.9, Q=9.3 (bayes)
2026-09-23 15:35:05,622 INFO: Plan 0: ḡ=28, γE[v]=0.0, Q=28.0 (fn)
2026-09-23 15:35:05,881 INFO: Plan 2: ḡ=67, γE[v]=0.0, Q=67.0 (fn)
2026-09-23 15:35:07,769 INFO: Plan 1: ḡ=170, γE[v]=14.5, Q=184.5 (fn)
2026-09-23 15:35:07,769 INFO: Plan 0: ḡ=14.0, γE[v]=41.2, Q=55.2 (bayes)
2026-09-23 15:35:07,770 INFO: Plan 1: ḡ=60.8, γE[v]=18.4, Q=79.2 (bayes)
2026-09-23 15:35:07,770 INFO: Plan 2: ḡ=33.5, γE[v]=31.4, Q=64.9 (bayes)
2026-09-23 15:35:09,833 INFO: Plan 0: ḡ=23, γE[v]=0.0, Q=23.0 (fn)
2026-09-23 15:35:11,121 INFO: Plan 0: ḡ=101, γE[v]=0.0, Q=101.0 (fn)
2026-09-23 15:35:11,735 INFO: Plan 1: ḡ=136, γE[v]=0.0, Q=136.0 (fn)
2026-09-23 15:35:11,770 INFO: Plan 2: ḡ=64, γE[v]=18.5, Q=82.5 (fn)
2026-09-23 15:35:12,297 INFO: Plan 1: ḡ=56, γE[v]=22.5, Q=78.5 (fn)
2026-09-23 15:35:12,297 INFO: Plan 0: ḡ=50.5, γE[v]=0.0, Q=50.5 (bayes)
2026-09-23 15:35:12,298 INFO: Plan 1: ḡ=28.0, γE[v]=12.3, Q=40.3 (bayes)
2026-09-23 15:35:12,298 INFO: Plan 2: ḡ=32.0, γE[v]=10.1, Q=42.1 (bayes)
2026-09-23 15:35:13,419 INFO: Plan 0: ḡ=98, γE[v]=23.5, Q=121.5 (fn)
2026-09-23 15:35:13,420 INFO: Plan 1: ḡ=114, γE[v]=18.5, Q=132.5 (fn)
2026-09-23 15:35:15,907 INFO: Plan 2: ḡ=123, γE[v]=27.5, Q=150.5 (fn)
2026-09-23 15:35:15,907 INFO: Plan 0: ḡ=32.7, γE[v]=16.2, Q=48.8 (bayes)
2026-09-23 15:35:15,907 INFO: Plan 1: ḡ=38.0, γE[v]=13.2, Q=51.2 (bayes)
2026-09-23 15:35:15,908 INFO: Plan 2: ḡ=43.8, γE[v]=10.8, Q=54.6 (bayes)
2026-09-23 15:35:16,055 INFO: Plan 0: ḡ=37, γE[v]=0.0, Q=37.0 (fn)
2026-09-23 15:35:16,395 INFO: Plan 1: ḡ=19, γE[v]=0.0, Q=19.0 (fn)
2026-09-23 15:35:16,825 INFO: Plan 2: ḡ=16, γE[v]=0.0, Q=16.0 (fn)
2026-09-23 15:35:16,825 INFO: Plan 0: ḡ=14.2, γE[v]=7.4, Q=21.6 (bayes)
2026-09-23 15:35:16,826 INFO: Plan 1: ḡ=6.5, γE[v]=11.2, Q=17.8 (bayes)
2026-09-23 15:35:16,826 INFO: Plan 2: ḡ=5.3, γE[v]=11.8, Q=17.2 (bayes)
2026-09-23 15:35:18,993 INFO: Plan 2: ḡ=65, γE[v]=0.0, Q=65.0 (fn)
2026-09-23 15:35:19,871 INFO: Plan 2: ḡ=145, γE[v]=38.0, Q=183.0 (fn)
2026-09-23 15:35:19,873 INFO: Plan 0: ḡ=65, γE[v]=0.0, Q=65.0 (fn)
2026-09-23 15:35:19,874 INFO: Plan 0: ḡ=11.5, γE[v]=143.0, Q=154.5 (bayes)
2026-09-23 15:35:19,874 INFO: Plan 1: ḡ=68.0, γE[v]=114.8, Q=182.8 (bayes)
2026-09-23 15:35:19,874 INFO: Plan 2: ḡ=72.5, γE[v]=114.2, Q=186.7 (bayes)
2026-09-23 15:35:21,604 INFO: Plan 1: ḡ=89, γE[v]=0.0, Q=89.0 (fn)
2026-09-23 15:35:23,440 INFO: Plan 1: ḡ=29, γE[v]=4.5, Q=33.5 (fn)
2026-09-23 15:35:24,079 INFO: Plan 0: ḡ=33, γE[v]=18.0, Q=51.0 (fn)
2026-09-23 15:35:24,302 INFO: Plan 2: ḡ=79, γE[v]=5.0, Q=84.0 (fn)
2026-09-23 15:35:24,303 INFO: Plan 0: ḡ=32.5, γE[v]=21.7, Q=54.2 (bayes)
2026-09-23 15:35:24,303 INFO: Plan 1: ḡ=14.5, γE[v]=30.9, Q=45.4 (bayes)
2026-09-23 15:35:24,303 INFO: Plan 2: ḡ=27.8, γE[v]=24.2, Q=52.1 (bayes)
2026-09-23 15:35:26,092 INFO: Plan 1: ḡ=39, γE[v]=19.0, Q=58.0 (fn)
2026-09-23 15:35:26,308 INFO: Plan 0: ḡ=19, γE[v]=28.0, Q=47.0 (fn)
2026-09-23 15:35:26,309 INFO: Plan 0: ḡ=9.5, γE[v]=39.3, Q=48.8 (bayes)
2026-09-23 15:35:26,309 INFO: Plan 1: ḡ=19.5, γE[v]=33.9, Q=53.4 (bayes)
2026-09-23 15:35:26,309 INFO: Plan 2: ḡ=32.5, γE[v]=26.5, Q=59.0 (bayes)
2026-09-23 15:35:28,150 INFO: Plan 2: ḡ=151, γE[v]=10.0, Q=161.0 (fn)
2026-09-23 15:35:28,150 INFO: Plan 0: ḡ=16.5, γE[v]=27.5, Q=44.0 (bayes)
2026-09-23 15:35:28,150 INFO: Plan 1: ḡ=41.8, γE[v]=14.0, Q=55.8 (bayes)
2026-09-23 15:35:28,150 INFO: Plan 2: ḡ=59.8, γE[v]=5.5, Q=65.3 (bayes)
2026-09-23 15:35:34,707 INFO: Plan 1: ḡ=102, γE[v]=52.5, Q=154.5 (fn)
2026-09-23 15:35:35,556 INFO: Plan 0: ḡ=43, γE[v]=59.0, Q=102.0 (fn)
2026-09-23 15:35:35,842 INFO: Plan 2: ḡ=154, γE[v]=26.5, Q=180.5 (fn)
2026-09-23 15:35:35,842 INFO: Plan 0: ḡ=21.5, γE[v]=43.7, Q=65.2 (bayes)
2026-09-23 15:35:35,842 INFO: Plan 1: ḡ=51.0, γE[v]=28.6, Q=79.6 (bayes)
2026-09-23 15:35:35,842 INFO: Plan 2: ḡ=77.0, γE[v]=14.4, Q=91.4 (bayes)
2026-09-23 15:35:39,210 INFO: Plan 0: ḡ=60, γE[v]=0.0, Q=60.0 (fn)
2026-09-23 15:35:39,853 INFO: Plan 2: ḡ=68, γE[v]=0.0, Q=68.0 (fn)
2026-09-23 15:35:42,739 INFO: Plan 1: ḡ=15, γE[v]=18.0, Q=33.0 (fn)
2026-09-23 15:35:42,740 INFO: Plan 0: ḡ=30.0, γE[v]=40.5, Q=70.5 (bayes)
2026-09-23 15:35:42,740 INFO: Plan 1: ḡ=5.5, γE[v]=53.8, Q=59.3 (bayes)
2026-09-23 15:35:42,740 INFO: Plan 2: ḡ=23.0, γE[v]=44.0, Q=67.0 (bayes)
2026-09-23 15:35:55,960 INFO: Plan 1: ḡ=135, γE[v]=108.5, Q=243.5 (fn)
2026-09-23 15:35:56,790 INFO: Plan 0: ḡ=201, γE[v]=80.5, Q=281.5 (fn)
2026-09-23 15:35:57,182 INFO: Plan 2: ḡ=232, γE[v]=71.5, Q=303.5 (fn)
2026-09-23 15:35:57,183 INFO: Plan 0: ḡ=67.0, γE[v]=38.5, Q=105.5 (bayes)
2026-09-23 15:35:57,183 INFO: Plan 1: ḡ=45.0, γE[v]=51.1, Q=96.1 (bayes)
2026-09-23 15:35:57,183 INFO: Plan 2: ḡ=77.3, γE[v]=32.7, Q=110.1 (bayes)
2026-09-23 15:35:57,367 INFO: Plan 1: ḡ=11, γE[v]=0.0, Q=11.0 (fn)
2026-09-23 15:35:58,334 INFO: Plan 0: ḡ=31, γE[v]=0.0, Q=31.0 (fn)
2026-09-23 15:35:58,861 INFO: Plan 0: ḡ=41, γE[v]=0.0, Q=41.0 (fn)
2026-09-23 15:35:59,289 INFO: Plan 1: ḡ=72, γE[v]=0.0, Q=72.0 (fn)
2026-09-23 15:35:59,813 INFO: Plan 2: ḡ=103, γE[v]=0.0, Q=103.0 (fn)
2026-09-23 15:35:59,814 INFO: Plan 0: ḡ=14.8, γE[v]=98.2, Q=112.9 (bayes)
2026-09-23 15:35:59,814 INFO: Plan 1: ḡ=36.0, γE[v]=87.5, Q=123.5 (bayes)
2026-09-23 15:35:59,814 INFO: Plan 2: ḡ=51.5, γE[v]=79.8, Q=131.3 (bayes)
2026-09-23 15:36:00,615 INFO: Plan 0: ḡ=14, γE[v]=0.0, Q=14.0 (fn)
2026-09-23 15:36:01,088 INFO: Plan 2: ḡ=53, γE[v]=3.5, Q=56.5 (fn)
2026-09-23 15:36:01,088 INFO: Plan 0: ḡ=14.8, γE[v]=6.1, Q=21.0 (bayes)
2026-09-23 15:36:01,088 INFO: Plan 1: ḡ=4.8, γE[v]=11.1, Q=16.0 (bayes)
2026-09-23 15:36:01,088 INFO: Plan 2: ḡ=23.6, γE[v]=1.9, Q=25.5 (bayes)
2026-09-23 15:36:01,251 INFO: Plan 2: ḡ=12, γE[v]=1.0, Q=13.0 (fn)
2026-09-23 15:36:01,519 INFO: Plan 1: ḡ=11, γE[v]=1.5, Q=12.5 (fn)
2026-09-23 15:36:01,523 INFO: Plan 0: ḡ=3.6, γE[v]=0.0, Q=3.6 (bayes)
2026-09-23 15:36:01,524 INFO: Plan 1: ḡ=2.8, γE[v]=0.5, Q=3.3 (bayes)
2026-09-23 15:36:01,524 INFO: Plan 2: ḡ=3.1, γE[v]=0.3, Q=3.4 (bayes)
2026-09-23 15:36:04,228 INFO: Plan 0: ḡ=0, γE[v]=0.0, Q=0.0 (fn)
2026-09-23 15:36:04,860 INFO: Plan 1: ḡ=0, γE[v]=0.0, Q=0.0 (fn)
2026-09-23 15:36:04,902 INFO: Plan 2: ḡ=0, γE[v]=0.0, Q=0.0 (fn)
2026-09-23 15:36:04,903 INFO: Plan 0: ḡ=0.0, γE[v]=0.0, Q=0.0 (bayes)
2026-09-23 15:36:04,903 INFO: Plan 1: ḡ=0.0, γE[v]=0.0, Q=0.0 (bayes)
2026-09-23 15:36:04,903 INFO: Plan 2: ḡ=0.0, γE[v]=0.0, Q=0.0 (bayes)
2026-09-23 15:36:05,213 INFO: Plan 2: ḡ=13, γE[v]=0.0, Q=13.0 (fn)
2026-09-23 15:36:05,503 INFO: Plan 1: ḡ=26, γE[v]=0.0, Q=26.0 (fn)
2026-09-23 15:36:06,728 INFO: Plan 0: ḡ=9, γE[v]=0.0, Q=9.0 (fn)
2026-09-23 15:36:06,728 INFO: Plan 0: ḡ=2.7, γE[v]=6.3, Q=9.0 (bayes)
2026-09-23 15:36:06,728 INFO: Plan 1: ḡ=8.7, γE[v]=3.3, Q=12.0 (bayes)
2026-09-23 15:36:06,728 INFO: Plan 2: ḡ=4.3, γE[v]=5.5, Q=9.8 (bayes)
2026-09-23 15:36:07,145 INFO: Plan 0: ḡ=130, γE[v]=0.0, Q=130.0 (fn)
2026-09-23 15:36:09,873 INFO: Plan 0: ḡ=7, γE[v]=0.0, Q=7.0 (fn)
2026-09-23 15:36:10,380 INFO: Plan 0: ḡ=0, γE[v]=0.0, Q=0.0 (fn)
2026-09-23 15:36:10,417 INFO: Plan 1: ḡ=15, γE[v]=0.0, Q=15.0 (fn)
2026-09-23 15:36:10,627 INFO: Plan 2: ḡ=0, γE[v]=0.0, Q=0.0 (fn)
2026-09-23 15:36:11,008 INFO: Plan 2: ḡ=6, γE[v]=0.0, Q=6.0 (fn)
2026-09-23 15:36:11,009 INFO: Plan 0: ḡ=3.3, γE[v]=52.3, Q=55.7 (bayes)
2026-09-23 15:36:11,009 INFO: Plan 1: ḡ=5.5, γE[v]=51.2, Q=56.8 (bayes)
2026-09-23 15:36:11,009 INFO: Plan 2: ḡ=3.0, γE[v]=52.5, Q=55.5 (bayes)
2026-09-23 15:36:11,499 INFO: Plan 1: ḡ=0, γE[v]=0.0, Q=0.0 (fn)
2026-09-23 15:36:11,499 INFO: Plan 0: ḡ=0.0, γE[v]=0.0, Q=0.0 (bayes)
2026-09-23 15:36:11,499 INFO: Plan 1: ḡ=0.0, γE[v]=0.0, Q=0.0 (bayes)
2026-09-23 15:36:11,499 INFO: Plan 2: ḡ=0.0, γE[v]=0.0, Q=0.0 (bayes)
2026-09-23 15:36:13,459 INFO: Plan 1: ḡ=51, γE[v]=124.5, Q=175.5 (fn)
2026-09-23 15:36:17,316 INFO: Plan 0: ḡ=6, γE[v]=0.0, Q=6.0 (fn)
2026-09-23 15:36:18,108 INFO: Plan 2: ḡ=112, γE[v]=158.5, Q=270.5 (fn)
2026-09-23 15:36:18,108 INFO: Plan 0: ḡ=51.8, γE[v]=102.2, Q=154.1 (bayes)
2026-09-23 15:36:18,108 INFO: Plan 1: ḡ=20.7, γE[v]=125.3, Q=145.9 (bayes)
2026-09-23 15:36:18,109 INFO: Plan 2: ḡ=39.0, γE[v]=118.1, Q=157.1 (bayes)
2026-09-23 15:36:18,297 INFO: Plan 2: ḡ=0, γE[v]=0.0, Q=0.0 (fn)
2026-09-23 15:36:18,486 INFO: Plan 0: ḡ=0, γE[v]=0.0, Q=0.0 (fn)
2026-09-23 15:36:18,643 INFO: Plan 1: ḡ=0, γE[v]=0.0, Q=0.0 (fn)
2026-09-23 15:36:18,644 INFO: Plan 0: ḡ=0.0, γE[v]=0.0, Q=0.0 (bayes)
2026-09-23 15:36:18,644 INFO: Plan 1: ḡ=0.0, γE[v]=0.0, Q=0.0 (bayes)
2026-09-23 15:36:18,644 INFO: Plan 2: ḡ=0.0, γE[v]=0.0, Q=0.0 (bayes)
2026-09-23 15:36:18,684 INFO: Plan 2: ḡ=6, γE[v]=0.0, Q=6.0 (fn)
2026-09-23 15:36:19,934 INFO: Plan 1: ḡ=12, γE[v]=0.0, Q=12.0 (fn)
2026-09-23 15:36:19,935 INFO: Plan 0: ḡ=1.5, γE[v]=0.8, Q=2.2 (bayes)
2026-09-23 15:36:19,935 INFO: Plan 1: ḡ=3.0, γE[v]=0.0, Q=3.0 (bayes)
2026-09-23 15:36:19,935 INFO: Plan 2: ḡ=1.5, γE[v]=0.8, Q=2.2 (bayes)
2026-09-23 15:36:21,412 INFO: Plan 0: ḡ=17, γE[v]=20.5, Q=37.5 (fn)
2026-09-23 15:36:23,920 INFO: Plan 2: ḡ=110, γE[v]=10.0, Q=120.0 (fn)
2026-09-23 15:36:25,147 INFO: Plan 1: ḡ=31, γE[v]=0.0, Q=31.0 (fn)
2026-09-23 15:36:25,366 INFO: Plan 0: ḡ=35, γE[v]=0.0, Q=35.0 (fn)
2026-09-23 15:36:25,866 INFO: Plan 0: ḡ=35, γE[v]=0.0, Q=35.0 (fn)
2026-09-23 15:36:26,579 INFO: Plan 1: ḡ=72, γE[v]=0.0, Q=72.0 (fn)
2026-09-23 15:36:27,183 INFO: Plan 2: ḡ=53, γE[v]=0.0, Q=53.0 (fn)
2026-09-23 15:36:27,183 INFO: Plan 0: ḡ=17.5, γE[v]=45.2, Q=62.8 (bayes)
2026-09-23 15:36:27,183 INFO: Plan 1: ḡ=36.0, γE[v]=36.0, Q=72.0 (bayes)
2026-09-23 15:36:27,183 INFO: Plan 2: ḡ=19.0, γE[v]=44.5, Q=63.5 (bayes)
2026-09-23 15:36:27,603 INFO: Plan 2: ḡ=12, γE[v]=5.5, Q=17.5 (fn)
2026-09-23 15:36:27,603 INFO: Plan 0: ḡ=17.5, γE[v]=20.0, Q=37.5 (bayes)
2026-09-23 15:36:27,603 INFO: Plan 1: ḡ=15.5, γE[v]=21.0, Q=36.5 (bayes)
2026-09-23 15:36:27,603 INFO: Plan 2: ḡ=5.5, γE[v]=26.2, Q=31.8 (bayes)
2026-09-23 15:36:28,225 INFO: Plan 1: ḡ=103, γE[v]=0.0, Q=103.0 (fn)
2026-09-23 15:36:29,019 INFO: Plan 1: ḡ=52, γE[v]=67.0, Q=119.0 (fn)
2026-09-23 15:36:29,020 INFO: Plan 2: ḡ=122, γE[v]=0.0, Q=122.0 (fn)
2026-09-23 15:36:29,021 INFO: Plan 0: ḡ=8.5, γE[v]=43.4, Q=51.9 (bayes)
2026-09-23 15:36:29,021 INFO: Plan 1: ḡ=26.0, γE[v]=36.8, Q=62.8 (bayes)
2026-09-23 15:36:29,021 INFO: Plan 2: ḡ=55.0, γE[v]=19.7, Q=74.7 (bayes)
2026-09-23 15:36:29,417 INFO: Plan 0: ḡ=53, γE[v]=0.0, Q=53.0 (fn)
2026-09-23 15:36:29,417 INFO: Plan 0: ḡ=18.4, γE[v]=47.4, Q=65.8 (bayes)
2026-09-23 15:36:29,417 INFO: Plan 1: ḡ=36.2, γE[v]=38.5, Q=74.7 (bayes)
2026-09-23 15:36:29,418 INFO: Plan 2: ḡ=47.3, γE[v]=33.0, Q=80.3 (bayes)
2026-09-23 15:36:30,313 INFO: Plan 2: ḡ=14, γE[v]=0.0, Q=14.0 (fn)
2026-09-23 15:36:31,110 INFO: Plan 0: ḡ=29, γE[v]=0.0, Q=29.0 (fn)
2026-09-23 15:36:33,850 INFO: Plan 0: ḡ=22, γE[v]=0.0, Q=22.0 (fn)
2026-09-23 15:36:34,009 INFO: Plan 2: ḡ=19, γE[v]=0.0, Q=19.0 (fn)
2026-09-23 15:36:36,089 INFO: Plan 0: ḡ=44, γE[v]=0.0, Q=44.0 (fn)
2026-09-23 15:36:36,167 INFO: Plan 1: ḡ=22, γE[v]=8.0, Q=30.0 (fn)
2026-09-23 15:36:36,167 INFO: Plan 0: ḡ=8.3, γE[v]=4.0, Q=12.3 (bayes)
2026-09-23 15:36:36,167 INFO: Plan 1: ḡ=11.0, γE[v]=3.1, Q=14.2 (bayes)
2026-09-23 15:36:36,167 INFO: Plan 2: ḡ=9.5, γE[v]=3.4, Q=12.9 (bayes)
2026-09-23 15:36:36,783 INFO: Plan 1: ḡ=45, γE[v]=18.0, Q=63.0 (fn)
2026-09-23 15:36:36,783 INFO: Plan 0: ḡ=11.0, γE[v]=7.9, Q=18.9 (bayes)
2026-09-23 15:36:36,783 INFO: Plan 1: ḡ=12.2, γE[v]=8.3, Q=20.5 (bayes)
2026-09-23 15:36:36,783 INFO: Plan 2: ḡ=4.7, γE[v]=11.0, Q=15.7 (bayes)
2026-09-23 15:36:37,574 INFO: Plan 2: ḡ=23, γE[v]=5.0, Q=28.0 (fn)
2026-09-23 15:36:38,787 INFO: Plan 1: ḡ=61, γE[v]=0.0, Q=61.0 (fn)
2026-09-23 15:36:40,652 INFO: Plan 2: ḡ=22, γE[v]=0.0, Q=22.0 (fn)
2026-09-23 15:36:40,653 INFO: Plan 0: ḡ=17.7, γE[v]=69.8, Q=87.5 (bayes)
2026-09-23 15:36:40,653 INFO: Plan 1: ḡ=30.5, γE[v]=63.4, Q=93.9 (bayes)
2026-09-23 15:36:40,653 INFO: Plan 2: ḡ=11.0, γE[v]=73.2, Q=84.2 (bayes)
2026-09-23 15:36:40,959 INFO: Plan 0: ḡ=40, γE[v]=25.0, Q=65.0 (fn)
2026-09-23 15:36:43,083 INFO: Plan 2: ḡ=8, γE[v]=0.0, Q=8.0 (fn)
2026-09-23 15:36:45,829 INFO: Plan 1: ḡ=26, γE[v]=14.0, Q=40.0 (fn)
2026-09-23 15:36:45,833 INFO: Plan 1: ḡ=39, γE[v]=8.0, Q=47.0 (fn)
2026-09-23 15:36:45,834 INFO: Plan 0: ḡ=20.0, γE[v]=76.2, Q=96.2 (bayes)
2026-09-23 15:36:45,834 INFO: Plan 1: ḡ=19.5, γE[v]=75.7, Q=95.2 (bayes)
2026-09-23 15:36:45,834 INFO: Plan 2: ḡ=7.7, γE[v]=81.6, Q=89.2 (bayes)
2026-09-23 15:36:46,230 INFO: Plan 0: ḡ=27, γE[v]=13.5, Q=40.5 (fn)
2026-09-23 15:36:46,230 INFO: Plan 0: ḡ=12.7, γE[v]=5.3, Q=18.0 (bayes)
2026-09-23 15:36:46,230 INFO: Plan 1: ḡ=9.0, γE[v]=7.0, Q=16.0 (bayes)
2026-09-23 15:36:46,230 INFO: Plan 2: ḡ=2.7, γE[v]=9.5, Q=12.2 (bayes)
2026-09-23 15:36:49,641 INFO: Plan 0: ḡ=13, γE[v]=0.0, Q=13.0 (fn)
2026-09-23 15:36:50,036 INFO: Plan 2: ḡ=7, γE[v]=2.5, Q=9.5 (fn)
2026-09-23 15:36:51,352 INFO: Plan 1: ḡ=19, γE[v]=6.5, Q=25.5 (fn)
2026-09-23 15:36:51,353 INFO: Plan 0: ḡ=6.5, γE[v]=3.7, Q=10.2 (bayes)
2026-09-23 15:36:51,353 INFO: Plan 1: ḡ=7.5, γE[v]=3.5, Q=11.0 (bayes)
2026-09-23 15:36:51,353 INFO: Plan 2: ḡ=2.3, γE[v]=6.0, Q=8.3 (bayes)
2026-09-23 15:36:52,510 INFO: Plan 0: ḡ=66, γE[v]=0.0, Q=66.0 (fn)
2026-09-23 15:36:52,548 INFO: Plan 0: ḡ=46, γE[v]=32.5, Q=78.5 (fn)
2026-09-23 15:36:53,041 INFO: Plan 2: ḡ=111, γE[v]=0.0, Q=111.0 (fn)
2026-09-23 15:36:53,476 INFO: Plan 1: ḡ=117, γE[v]=0.0, Q=117.0 (fn)
2026-09-23 15:36:53,512 INFO: Plan 1: ḡ=30, γE[v]=40.5, Q=70.5 (fn)
2026-09-23 15:36:53,513 INFO: Plan 0: ḡ=23.0, γE[v]=17.7, Q=40.7 (bayes)
2026-09-23 15:36:53,513 INFO: Plan 1: ḡ=15.0, γE[v]=22.1, Q=37.1 (bayes)
2026-09-23 15:36:53,513 INFO: Plan 2: ḡ=55.5, γE[v]=0.0, Q=55.5 (bayes)
2026-09-23 15:36:54,549 INFO: Plan 2: ḡ=45, γE[v]=0.0, Q=45.0 (fn)
2026-09-23 15:36:54,549 INFO: Plan 0: ḡ=25.0, γE[v]=79.5, Q=104.5 (bayes)
2026-09-23 15:36:54,549 INFO: Plan 1: ḡ=58.5, γE[v]=62.8, Q=121.2 (bayes)
2026-09-23 15:36:54,549 INFO: Plan 2: ḡ=22.5, γE[v]=80.8, Q=103.2 (bayes)
2026-09-23 15:36:55,814 INFO: Plan 2: ḡ=2, γE[v]=0.0, Q=2.0 (fn)
2026-09-23 15:36:56,289 INFO: Plan 1: ḡ=8, γE[v]=0.0, Q=8.0 (fn)
2026-09-23 15:36:56,332 INFO: Plan 0: ḡ=10, γE[v]=0.0, Q=10.0 (fn)
2026-09-23 15:36:56,333 INFO: Plan 0: ḡ=3.3, γE[v]=1.8, Q=5.1 (bayes)
2026-09-23 15:36:56,333 INFO: Plan 1: ḡ=2.7, γE[v]=2.1, Q=4.8 (bayes)
2026-09-23 15:36:56,333 INFO: Plan 2: ḡ=0.8, γE[v]=3.0, Q=3.8 (bayes)
2026-09-23 15:36:57,831 INFO: Plan 0: ḡ=63, γE[v]=46.5, Q=109.5 (fn)
2026-09-23 15:36:57,872 INFO: Plan 1: ḡ=161, γE[v]=0.0, Q=161.0 (fn)
2026-09-23 15:36:58,107 INFO: Plan 2: ḡ=161, γE[v]=0.0, Q=161.0 (fn)
2026-09-23 15:36:58,108 INFO: Plan 0: ḡ=31.5, γE[v]=26.6, Q=58.1 (bayes)
2026-09-23 15:36:58,108 INFO: Plan 1: ḡ=80.5, γE[v]=0.0, Q=80.5 (bayes)
2026-09-23 15:36:58,108 INFO: Plan 2: ḡ=80.5, γE[v]=0.0, Q=80.5 (bayes)
2026-09-23 15:36:59,555 INFO: Plan 1: ḡ=0, γE[v]=0.0, Q=0.0 (fn)
2026-09-23 15:36:59,555 INFO: Plan 0: ḡ=0, γE[v]=0.0, Q=0.0 (fn)
2026-09-23 15:36:59,633 INFO: Plan 0: ḡ=10, γE[v]=0.0, Q=10.0 (fn)
2026-09-23 15:36:59,674 INFO: Plan 2: ḡ=15, γE[v]=0.0, Q=15.0 (fn)
2026-09-23 15:37:00,131 INFO: Plan 2: ḡ=1, γE[v]=0.0, Q=1.0 (fn)
2026-09-23 15:37:00,131 INFO: Plan 0: ḡ=2, γE[v]=0.0, Q=2.0 (fn)
2026-09-23 15:37:00,169 INFO: Plan 2: ḡ=0, γE[v]=0.0, Q=0.0 (fn)
2026-09-23 15:37:00,170 INFO: Plan 0: ḡ=0.0, γE[v]=0.0, Q=0.0 (bayes)
2026-09-23 15:37:00,170 INFO: Plan 1: ḡ=0.0, γE[v]=0.0, Q=0.0 (bayes)
2026-09-23 15:37:00,170 INFO: Plan 2: ḡ=0.0, γE[v]=0.0, Q=0.0 (bayes)
2026-09-23 15:37:00,632 INFO: Plan 1: ḡ=2, γE[v]=0.0, Q=2.0 (fn)
2026-09-23 15:37:00,632 INFO: Plan 0: ḡ=0.7, γE[v]=2.2, Q=2.9 (bayes)
2026-09-23 15:37:00,632 INFO: Plan 1: ḡ=0.7, γE[v]=2.2, Q=2.9 (bayes)
2026-09-23 15:37:00,632 INFO: Plan 2: ḡ=3.8, γE[v]=0.7, Q=4.4 (bayes)
2026-09-23 15:37:00,968 INFO: Plan 1: ḡ=16, γE[v]=0.0, Q=16.0 (fn)
2026-09-23 15:37:01,051 INFO: Plan 0: ḡ=6, γE[v]=0.0, Q=6.0 (fn)
2026-09-23 15:37:02,173 INFO: Plan 2: ḡ=16, γE[v]=0.0, Q=16.0 (fn)
2026-09-23 15:37:02,174 INFO: Plan 0: ḡ=2.6, γE[v]=4.2, Q=6.8 (bayes)
2026-09-23 15:37:02,174 INFO: Plan 1: ḡ=4.1, γE[v]=3.5, Q=7.5 (bayes)
2026-09-23 15:37:02,174 INFO: Plan 2: ḡ=4.3, γE[v]=3.3, Q=7.7 (bayes)
2026-09-23 15:37:03,900 INFO: Plan 2: ḡ=93, γE[v]=0.0, Q=93.0 (fn)
2026-09-23 15:37:04,196 INFO: Plan 1: ḡ=87, γE[v]=0.0, Q=87.0 (fn)
2026-09-23 15:37:04,838 INFO: Plan 0: ḡ=13, γE[v]=0.0, Q=13.0 (fn)
2026-09-23 15:37:04,839 INFO: Plan 0: ḡ=6.3, γE[v]=66.8, Q=73.1 (bayes)
2026-09-23 15:37:04,839 INFO: Plan 1: ḡ=43.5, γE[v]=48.2, Q=91.7 (bayes)
2026-09-23 15:37:04,839 INFO: Plan 2: ḡ=46.5, γE[v]=46.7, Q=93.2 (bayes)
2026-09-23 15:37:05,019 INFO: Plan 0: ḡ=15, γE[v]=0.0, Q=15.0 (fn)
2026-09-23 15:37:05,123 INFO: Plan 1: ḡ=15, γE[v]=0.0, Q=15.0 (fn)
2026-09-23 15:37:05,123 INFO: Plan 2: ḡ=0, γE[v]=0.0, Q=0.0 (fn)
2026-09-23 15:37:05,124 INFO: Plan 0: ḡ=7.5, γE[v]=3.8, Q=11.2 (bayes)
2026-09-23 15:37:05,124 INFO: Plan 1: ḡ=7.5, γE[v]=3.8, Q=11.2 (bayes)
2026-09-23 15:37:05,124 INFO: Plan 2: ḡ=0.0, γE[v]=7.5, Q=7.5 (bayes)
2026-09-23 15:37:05,954 INFO: Plan 1: ḡ=13, γE[v]=3.0, Q=16.0 (fn)
2026-09-23 15:37:05,955 INFO: Plan 0: ḡ=1.9, γE[v]=2.1, Q=4.0 (bayes)
2026-09-23 15:37:05,955 INFO: Plan 1: ḡ=4.3, γE[v]=1.1, Q=5.4 (bayes)
2026-09-23 15:37:05,955 INFO: Plan 2: ḡ=0.2, γE[v]=3.0, Q=3.2 (bayes)
2026-09-23 15:37:06,677 INFO: Plan 0: ḡ=2, γE[v]=0.0, Q=2.0 (fn)
2026-09-23 15:37:06,717 INFO: Plan 1: ḡ=4, γE[v]=0.0, Q=4.0 (fn)
2026-09-23 15:37:07,056 INFO: Plan 2: ḡ=4, γE[v]=0.0, Q=4.0 (fn)
2026-09-23 15:37:07,056 INFO: Plan 0: ḡ=0.7, γE[v]=1.3, Q=2.0 (bayes)
2026-09-23 15:37:07,058 INFO: Plan 1: ḡ=1.3, γE[v]=1.0, Q=2.3 (bayes)
2026-09-23 15:37:07,058 INFO: Plan 2: ḡ=1.3, γE[v]=1.0, Q=2.3 (bayes)
2026-09-23 15:37:08,018 INFO: Plan 0: ḡ=13, γE[v]=0.0, Q=13.0 (fn)
2026-09-23 15:37:08,442 INFO: Plan 2: ḡ=8, γE[v]=0.0, Q=8.0 (fn)
2026-09-23 15:37:14,649 INFO: Plan 1: ḡ=59, γE[v]=8.5, Q=67.5 (fn)
2026-09-23 15:37:14,650 INFO: Plan 0: ḡ=3.8, γE[v]=11.8, Q=15.5 (bayes)
2026-09-23 15:37:14,650 INFO: Plan 1: ḡ=19.8, γE[v]=4.2, Q=24.0 (bayes)
2026-09-23 15:37:14,650 INFO: Plan 2: ḡ=4.0, γE[v]=11.7, Q=15.7 (bayes)
2026-09-23 15:37:21,103 INFO: Plan 1: ḡ=26, γE[v]=0.0, Q=26.0 (fn)
2026-09-23 15:37:21,230 INFO: Plan 2: ḡ=4, γE[v]=0.0, Q=4.0 (fn)
2026-09-23 15:37:21,481 INFO: Plan 0: ḡ=18, γE[v]=0.0, Q=18.0 (fn)
2026-09-23 15:37:21,481 INFO: Plan 0: ḡ=6.0, γE[v]=5.0, Q=11.0 (bayes)
2026-09-23 15:37:21,481 INFO: Plan 1: ḡ=8.7, γE[v]=3.7, Q=12.3 (bayes)
2026-09-23 15:37:21,482 INFO: Plan 2: ḡ=1.3, γE[v]=7.3, Q=8.7 (bayes)
2026-09-23 15:37:25,574 INFO: Plan 1: ḡ=160, γE[v]=0.0, Q=160.0 (fn)
2026-09-23 15:37:25,734 INFO: Plan 0: ḡ=28, γE[v]=0.0, Q=28.0 (fn)
2026-09-23 15:37:25,771 INFO: Plan 2: ḡ=29, γE[v]=0.0, Q=29.0 (fn)
2026-09-23 15:37:25,772 INFO: Plan 0: ḡ=14.0, γE[v]=26.6, Q=40.6 (bayes)
2026-09-23 15:37:25,772 INFO: Plan 1: ḡ=43.6, γE[v]=11.8, Q=55.4 (bayes)
2026-09-23 15:37:25,772 INFO: Plan 2: ḡ=9.7, γE[v]=28.8, Q=38.5 (bayes)
2026-09-23 15:37:32,605 INFO: Plan 0: ḡ=49, γE[v]=0.0, Q=49.0 (fn)
2026-09-23 15:37:33,795 INFO: Plan 1: ḡ=17, γE[v]=2.5, Q=19.5 (fn)
2026-09-23 15:37:36,414 INFO: Plan 2: ḡ=76, γE[v]=6.0, Q=82.0 (fn)
2026-09-23 15:37:36,414 INFO: Plan 0: ḡ=19.3, γE[v]=17.2, Q=36.5 (bayes)
2026-09-23 15:37:36,414 INFO: Plan 1: ḡ=8.5, γE[v]=22.7, Q=31.2 (bayes)
2026-09-23 15:37:36,414 INFO: Plan 2: ḡ=26.5, γE[v]=13.9, Q=40.4 (bayes)
2026-09-23 15:37:37,667 INFO: Plan 1: ḡ=14, γE[v]=0.0, Q=14.0 (fn)
2026-09-23 15:37:37,746 INFO: Plan 2: ḡ=10, γE[v]=0.0, Q=10.0 (fn)
2026-09-23 15:37:38,232 INFO: Plan 0: ḡ=26, γE[v]=0.0, Q=26.0 (fn)
2026-09-23 15:37:38,233 INFO: Plan 0: ḡ=8.8, γE[v]=3.0, Q=11.8 (bayes)
2026-09-23 15:37:38,233 INFO: Plan 1: ḡ=4.7, γE[v]=5.1, Q=9.8 (bayes)
2026-09-23 15:37:38,233 INFO: Plan 2: ḡ=3.3, γE[v]=5.7, Q=9.1 (bayes)
2026-09-23 15:37:41,636 INFO: Plan 2: ḡ=2, γE[v]=0.0, Q=2.0 (fn)
2026-09-23 15:37:42,124 INFO: Plan 0: ḡ=54, γE[v]=0.0, Q=54.0 (fn)
2026-09-23 15:37:42,740 INFO: Plan 1: ḡ=54, γE[v]=0.0, Q=54.0 (fn)
2026-09-23 15:37:42,740 INFO: Plan 0: ḡ=18.0, γE[v]=0.0, Q=18.0 (bayes)
2026-09-23 15:37:42,740 INFO: Plan 1: ḡ=18.0, γE[v]=0.0, Q=18.0 (bayes)
2026-09-23 15:37:42,740 INFO: Plan 2: ḡ=0.7, γE[v]=8.7, Q=9.3 (bayes)
2026-09-23 15:37:43,799 INFO: Plan 0: ḡ=11, γE[v]=0.0, Q=11.0 (fn)
2026-09-23 15:37:45,011 INFO: Plan 2: ḡ=23, γE[v]=0.0, Q=23.0 (fn)
2026-09-23 15:37:45,783 INFO: Plan 1: ḡ=66, γE[v]=2.0, Q=68.0 (fn)
2026-09-23 15:37:45,783 INFO: Plan 0: ḡ=3.7, γE[v]=9.8, Q=13.5 (bayes)
2026-09-23 15:37:45,783 INFO: Plan 1: ḡ=22.0, γE[v]=0.8, Q=22.8 (bayes)
2026-09-23 15:37:45,783 INFO: Plan 2: ḡ=7.7, γE[v]=7.8, Q=15.5 (bayes)
2026-09-23 15:37:46,980 INFO: Plan 0: ḡ=15, γE[v]=0.0, Q=15.0 (fn)
2026-09-23 15:37:46,983 INFO: Plan 0: ḡ=178, γE[v]=0.0, Q=178.0 (fn)
2026-09-23 15:37:47,019 INFO: Plan 1: ḡ=19, γE[v]=0.0, Q=19.0 (fn)
2026-09-23 15:37:48,016 INFO: Plan 2: ḡ=113, γE[v]=30.0, Q=143.0 (fn)
2026-09-23 15:37:48,289 INFO: Plan 2: ḡ=19, γE[v]=7.5, Q=26.5 (fn)
2026-09-23 15:37:48,289 INFO: Plan 0: ḡ=3.8, γE[v]=2.4, Q=6.1 (bayes)
2026-09-23 15:37:48,290 INFO: Plan 1: ḡ=4.8, γE[v]=1.9, Q=6.6 (bayes)
2026-09-23 15:37:48,290 INFO: Plan 2: ḡ=4.8, γE[v]=2.4, Q=7.1 (bayes)
2026-09-23 15:37:48,334 INFO: Plan 1: ḡ=118, γE[v]=21.5, Q=139.5 (fn)
2026-09-23 15:37:48,335 INFO: Plan 0: ḡ=45.9, γE[v]=0.0, Q=45.9 (bayes)
2026-09-23 15:37:48,338 INFO: Plan 1: ḡ=29.5, γE[v]=9.7, Q=39.2 (bayes)
2026-09-23 15:37:48,339 INFO: Plan 2: ḡ=29.7, γE[v]=10.2, Q=39.8 (bayes)
2026-09-23 15:37:55,930 INFO: Plan 2: ḡ=3, γE[v]=0.0, Q=3.0 (fn)
2026-09-23 15:37:56,515 INFO: Plan 0: ḡ=17, γE[v]=0.0, Q=17.0 (fn)
2026-09-23 15:37:56,872 INFO: Plan 1: ḡ=17, γE[v]=0.0, Q=17.0 (fn)
2026-09-23 15:37:56,872 INFO: Plan 0: ḡ=5.7, γE[v]=0.0, Q=5.7 (bayes)
2026-09-23 15:37:56,872 INFO: Plan 1: ḡ=5.7, γE[v]=0.0, Q=5.7 (bayes)
2026-09-23 15:37:56,872 INFO: Plan 2: ḡ=1.0, γE[v]=2.3, Q=3.3 (bayes)
2026-09-23 15:37:59,959 INFO: Plan 2: ḡ=17, γE[v]=0.0, Q=17.0 (fn)
2026-09-23 15:38:00,556 INFO: Plan 1: ḡ=13, γE[v]=0.0, Q=13.0 (fn)
2026-09-23 15:38:02,831 INFO: Plan 0: ḡ=20, γE[v]=12.5, Q=32.5 (fn)
2026-09-23 15:38:02,832 INFO: Plan 0: ḡ=10.0, γE[v]=21.6, Q=31.6 (bayes)
2026-09-23 15:38:02,832 INFO: Plan 1: ḡ=6.5, γE[v]=22.8, Q=29.2 (bayes)
2026-09-23 15:38:02,832 INFO: Plan 2: ḡ=8.5, γE[v]=21.8, Q=30.2 (bayes)
2026-09-23 15:38:05,103 INFO: Plan 1: ḡ=89, γE[v]=0.0, Q=89.0 (fn)
2026-09-23 15:38:05,849 INFO: Plan 0: ḡ=22, γE[v]=0.0, Q=22.0 (fn)
2026-09-23 15:38:07,492 INFO: Plan 0: ḡ=32, γE[v]=0.0, Q=32.0 (fn)
2026-09-23 15:38:08,061 INFO: Plan 2: ḡ=49, γE[v]=0.0, Q=49.0 (fn)
2026-09-23 15:38:08,902 INFO: Plan 1: ḡ=52, γE[v]=0.0, Q=52.0 (fn)
2026-09-23 15:38:08,909 INFO: Plan 0: ḡ=14.2, γE[v]=34.7, Q=48.9 (bayes)
2026-09-23 15:38:08,909 INFO: Plan 1: ḡ=20.7, γE[v]=31.5, Q=52.2 (bayes)
2026-09-23 15:38:08,909 INFO: Plan 2: ḡ=15.2, γE[v]=34.2, Q=49.4 (bayes)
2026-09-23 15:38:09,585 INFO: Plan 2: ḡ=59, γE[v]=0.0, Q=59.0 (fn)
2026-09-23 15:38:09,585 INFO: Plan 0: ḡ=11.0, γE[v]=92.1, Q=103.1 (bayes)
2026-09-23 15:38:09,585 INFO: Plan 1: ḡ=41.7, γE[v]=76.7, Q=118.4 (bayes)
2026-09-23 15:38:09,585 INFO: Plan 2: ḡ=21.3, γE[v]=86.9, Q=108.2 (bayes)
2026-09-23 15:38:10,194 INFO: Plan 2: ḡ=19, γE[v]=0.0, Q=19.0 (fn)
2026-09-23 15:38:10,651 INFO: Plan 1: ḡ=13, γE[v]=0.0, Q=13.0 (fn)
2026-09-23 15:38:11,039 INFO: Plan 0: ḡ=29, γE[v]=0.0, Q=29.0 (fn)
2026-09-23 15:38:11,039 INFO: Plan 0: ḡ=9.3, γE[v]=3.5, Q=12.8 (bayes)
2026-09-23 15:38:11,040 INFO: Plan 1: ḡ=4.0, γE[v]=6.2, Q=10.2 (bayes)
2026-09-23 15:38:11,040 INFO: Plan 2: ḡ=6.3, γE[v]=5.0, Q=11.3 (bayes)
2026-09-23 15:38:12,805 INFO: Plan 1: ḡ=0, γE[v]=0.0, Q=0.0 (fn)
2026-09-23 15:38:13,072 INFO: Plan 2: ḡ=2, γE[v]=0.0, Q=2.0 (fn)
2026-09-23 15:38:13,499 INFO: Plan 0: ḡ=3, γE[v]=0.0, Q=3.0 (fn)
2026-09-23 15:38:13,717 INFO: Plan 1: ḡ=3, γE[v]=0.0, Q=3.0 (fn)
2026-09-23 15:38:13,718 INFO: Plan 0: ḡ=0.6, γE[v]=0.4, Q=1.0 (bayes)
2026-09-23 15:38:13,718 INFO: Plan 1: ḡ=0.6, γE[v]=0.4, Q=1.0 (bayes)
2026-09-23 15:38:13,718 INFO: Plan 2: ḡ=0.4, γE[v]=0.5, Q=0.9 (bayes)
2026-09-23 15:38:13,862 INFO: Plan 0: ḡ=0, γE[v]=0.0, Q=0.0 (fn)
2026-09-23 15:38:13,862 INFO: Plan 2: ḡ=0, γE[v]=0.0, Q=0.0 (fn)
2026-09-23 15:38:13,863 INFO: Plan 0: ḡ=0.0, γE[v]=0.0, Q=0.0 (bayes)
2026-09-23 15:38:13,863 INFO: Plan 1: ḡ=0.0, γE[v]=0.0, Q=0.0 (bayes)
2026-09-23 15:38:13,863 INFO: Plan 2: ḡ=0.0, γE[v]=0.0, Q=0.0 (bayes)
2026-09-23 15:38:19,371 INFO: Plan 2: ḡ=4, γE[v]=0.0, Q=4.0 (fn)
2026-09-23 15:38:20,032 INFO: Plan 2: ḡ=80, γE[v]=0.0, Q=80.0 (fn)
2026-09-23 15:38:20,032 INFO: Plan 0: ḡ=34, γE[v]=0.0, Q=34.0 (fn)
2026-09-23 15:38:20,353 INFO: Plan 0: ḡ=8, γE[v]=0.0, Q=8.0 (fn)
2026-09-23 15:38:20,394 INFO: Plan 1: ḡ=93, γE[v]=0.0, Q=93.0 (fn)
2026-09-23 15:38:20,394 INFO: Plan 0: ḡ=11.2, γE[v]=90.9, Q=102.2 (bayes)
2026-09-23 15:38:20,395 INFO: Plan 1: ḡ=46.5, γE[v]=73.3, Q=119.8 (bayes)
2026-09-23 15:38:20,395 INFO: Plan 2: ḡ=29.5, γE[v]=81.8, Q=111.3 (bayes)
2026-09-23 15:38:23,705 INFO: Plan 1: ḡ=20, γE[v]=4.5, Q=24.5 (fn)
2026-09-23 15:38:23,706 INFO: Plan 0: ḡ=2.3, γE[v]=3.2, Q=5.5 (bayes)
2026-09-23 15:38:23,706 INFO: Plan 1: ḡ=6.0, γE[v]=1.6, Q=7.6 (bayes)
2026-09-23 15:38:23,706 INFO: Plan 2: ḡ=1.3, γE[v]=3.7, Q=5.0 (bayes)
2026-09-23 15:38:24,539 INFO: Plan 1: ḡ=108, γE[v]=63.5, Q=171.5 (fn)
2026-09-23 15:38:25,950 INFO: Plan 1: ḡ=0, γE[v]=0.0, Q=0.0 (fn)
2026-09-23 15:38:26,035 INFO: Plan 2: ḡ=0, γE[v]=0.0, Q=0.0 (fn)
2026-09-23 15:38:26,369 INFO: Plan 0: ḡ=0, γE[v]=0.0, Q=0.0 (fn)
2026-09-23 15:38:26,370 INFO: Plan 0: ḡ=0.0, γE[v]=0.0, Q=0.0 (bayes)
2026-09-23 15:38:26,370 INFO: Plan 1: ḡ=0.0, γE[v]=0.0, Q=0.0 (bayes)
2026-09-23 15:38:26,370 INFO: Plan 2: ḡ=0.0, γE[v]=0.0, Q=0.0 (bayes)
2026-09-23 15:38:26,553 INFO: Plan 0: ḡ=125, γE[v]=109.5, Q=234.5 (fn)
2026-09-23 15:38:28,865 INFO: Plan 2: ḡ=144, γE[v]=102.5, Q=246.5 (fn)
2026-09-23 15:38:28,866 INFO: Plan 0: ḡ=36.3, γE[v]=35.4, Q=71.7 (bayes)
2026-09-23 15:38:28,866 INFO: Plan 1: ḡ=27.0, γE[v]=37.0, Q=64.0 (bayes)
2026-09-23 15:38:28,866 INFO: Plan 2: ḡ=36.0, γE[v]=34.9, Q=70.9 (bayes)
2026-09-23 15:38:33,242 INFO: Plan 2: ḡ=51, γE[v]=0.0, Q=51.0 (fn)
2026-09-23 15:38:36,140 INFO: Plan 0: ḡ=4, γE[v]=1.0, Q=5.0 (fn)
2026-09-23 15:38:36,806 INFO: Plan 2: ḡ=6, γE[v]=0.0, Q=6.0 (fn)
2026-09-23 15:38:36,853 INFO: Plan 0: ḡ=7, γE[v]=0.0, Q=7.0 (fn)
2026-09-23 15:38:37,144 INFO: Plan 1: ḡ=0, γE[v]=0.0, Q=0.0 (fn)
2026-09-23 15:38:37,823 INFO: Plan 1: ḡ=48, γE[v]=0.0, Q=48.0 (fn)
2026-09-23 15:38:37,865 INFO: Plan 0: ḡ=0, γE[v]=0.0, Q=0.0 (fn)
2026-09-23 15:38:37,909 INFO: Plan 2: ḡ=8, γE[v]=0.0, Q=8.0 (fn)
2026-09-23 15:38:37,909 INFO: Plan 2: ḡ=0, γE[v]=0.0, Q=0.0 (fn)
2026-09-23 15:38:37,910 INFO: Plan 0: ḡ=3.3, γE[v]=49.6, Q=52.9 (bayes)
2026-09-23 15:38:37,910 INFO: Plan 0: ḡ=0.0, γE[v]=0.0, Q=0.0 (bayes)
2026-09-23 15:38:37,911 INFO: Plan 1: ḡ=16.0, γE[v]=43.2, Q=59.2 (bayes)
2026-09-23 15:38:37,911 INFO: Plan 1: ḡ=0.0, γE[v]=0.0, Q=0.0 (bayes)
2026-09-23 15:38:37,911 INFO: Plan 2: ḡ=4.0, γE[v]=49.2, Q=53.2 (bayes)
2026-09-23 15:38:37,911 INFO: Plan 2: ḡ=0.0, γE[v]=0.0, Q=0.0 (bayes)
2026-09-23 15:38:38,863 INFO: Plan 1: ḡ=42, γE[v]=121.0, Q=163.0 (fn)
2026-09-23 15:38:39,324 INFO: Plan 1: ḡ=4, γE[v]=4.0, Q=8.0 (fn)
2026-09-23 15:38:39,324 INFO: Plan 0: ḡ=0.8, γE[v]=0.9, Q=1.7 (bayes)
2026-09-23 15:38:39,324 INFO: Plan 1: ḡ=0.8, γE[v]=1.1, Q=1.9 (bayes)
2026-09-23 15:38:39,324 INFO: Plan 2: ḡ=1.2, γE[v]=0.6, Q=1.8 (bayes)
2026-09-23 15:38:40,982 INFO: Plan 1: ḡ=7, γE[v]=0.0, Q=7.0 (fn)
2026-09-23 15:38:41,015 INFO: Plan 2: ḡ=7, γE[v]=0.0, Q=7.0 (fn)
2026-09-23 15:38:41,332 INFO: Plan 0: ḡ=6, γE[v]=3.5, Q=9.5 (fn)
2026-09-23 15:38:41,332 INFO: Plan 0: ḡ=2.0, γE[v]=2.3, Q=4.2 (bayes)
2026-09-23 15:38:41,332 INFO: Plan 1: ḡ=2.3, γE[v]=1.9, Q=4.2 (bayes)
2026-09-23 15:38:41,332 INFO: Plan 2: ḡ=1.8, γE[v]=2.2, Q=3.9 (bayes)
2026-09-23 15:38:42,120 INFO: Plan 0: ḡ=130, γE[v]=101.5, Q=231.5 (fn)
2026-09-23 15:38:42,120 INFO: Plan 0: ḡ=45.2, γE[v]=80.0, Q=125.3 (bayes)
2026-09-23 15:38:42,120 INFO: Plan 1: ḡ=11.3, γE[v]=98.3, Q=109.6 (bayes)
2026-09-23 15:38:42,120 INFO: Plan 2: ḡ=15.0, γE[v]=88.4, Q=103.4 (bayes)
2026-09-23 15:38:44,336 INFO: Plan 2: ḡ=13, γE[v]=0.0, Q=13.0 (fn)
2026-09-23 15:38:44,588 INFO: Plan 0: ḡ=35, γE[v]=0.0, Q=35.0 (fn)
2026-09-23 15:38:45,095 INFO: Plan 1: ḡ=33, γE[v]=0.0, Q=33.0 (fn)
2026-09-23 15:38:45,096 INFO: Plan 0: ḡ=17.5, γE[v]=11.2, Q=28.8 (bayes)
2026-09-23 15:38:45,096 INFO: Plan 1: ḡ=16.5, γE[v]=11.7, Q=28.2 (bayes)
2026-09-23 15:38:45,096 INFO: Plan 2: ḡ=6.0, γE[v]=17.0, Q=23.0 (bayes)
2026-09-23 15:38:47,266 INFO: Plan 0: ḡ=44, γE[v]=0.0, Q=44.0 (fn)
2026-09-23 15:38:48,739 INFO: Plan 1: ḡ=58, γE[v]=0.0, Q=58.0 (fn)
2026-09-23 15:38:51,088 INFO: Plan 2: ḡ=14, γE[v]=0.0, Q=14.0 (fn)
2026-09-23 15:38:51,212 INFO: Plan 1: ḡ=88, γE[v]=0.0, Q=88.0 (fn)
2026-09-23 15:38:51,782 INFO: Plan 0: ḡ=6, γE[v]=0.0, Q=6.0 (fn)
2026-09-23 15:38:52,341 INFO: Plan 2: ḡ=118, γE[v]=0.0, Q=118.0 (fn)
2026-09-23 15:38:52,809 INFO: Plan 0: ḡ=29, γE[v]=0.0, Q=29.0 (fn)
2026-09-23 15:38:53,257 INFO: Plan 0: ḡ=53, γE[v]=0.0, Q=53.0 (fn)
2026-09-23 15:38:53,258 INFO: Plan 0: ḡ=17.8, γE[v]=35.6, Q=53.4 (bayes)
2026-09-23 15:38:53,258 INFO: Plan 1: ḡ=31.2, γE[v]=28.9, Q=60.1 (bayes)
2026-09-23 15:38:53,258 INFO: Plan 2: ḡ=36.8, γE[v]=26.1, Q=62.9 (bayes)
2026-09-23 15:38:53,942 INFO: Plan 1: ḡ=45, γE[v]=3.5, Q=48.5 (fn)
2026-09-23 15:38:53,943 INFO: Plan 0: ḡ=7.9, γE[v]=6.3, Q=14.2 (bayes)
2026-09-23 15:38:53,943 INFO: Plan 1: ḡ=9.6, γE[v]=5.7, Q=15.3 (bayes)
2026-09-23 15:38:53,943 INFO: Plan 2: ḡ=3.5, γE[v]=8.5, Q=12.0 (bayes)
2026-09-23 15:38:54,373 INFO: Plan 2: ḡ=16, γE[v]=0.0, Q=16.0 (fn)
2026-09-23 15:38:54,375 INFO: Plan 2: ḡ=26, γE[v]=0.0, Q=26.0 (fn)
2026-09-23 15:38:54,376 INFO: Plan 0: ḡ=17.7, γE[v]=54.7, Q=72.3 (bayes)
2026-09-23 15:38:54,376 INFO: Plan 1: ḡ=28.7, γE[v]=49.2, Q=77.8 (bayes)
2026-09-23 15:38:54,376 INFO: Plan 2: ḡ=13.0, γE[v]=57.0, Q=70.0 (bayes)
2026-09-23 15:38:54,809 INFO: Plan 1: ḡ=88, γE[v]=0.0, Q=88.0 (fn)
2026-09-23 15:38:55,099 INFO: Plan 0: ḡ=14, γE[v]=0.0, Q=14.0 (fn)
2026-09-23 15:38:55,376 INFO: Plan 1: ḡ=19, γE[v]=0.0, Q=19.0 (fn)
2026-09-23 15:38:55,882 INFO: Plan 2: ḡ=8, γE[v]=0.0, Q=8.0 (fn)
2026-09-23 15:38:55,882 INFO: Plan 0: ḡ=4.6, γE[v]=3.2, Q=7.8 (bayes)
2026-09-23 15:38:55,882 INFO: Plan 1: ḡ=4.8, γE[v]=3.2, Q=7.9 (bayes)
2026-09-23 15:38:55,882 INFO: Plan 2: ḡ=2.0, γE[v]=4.5, Q=6.5 (bayes)
2026-09-23 15:38:57,061 INFO: Plan 0: ḡ=17, γE[v]=20.5, Q=37.5 (fn)
2026-09-23 15:38:57,180 INFO: Plan 0: ḡ=28, γE[v]=31.5, Q=59.5 (fn)
2026-09-23 15:38:57,181 INFO: Plan 0: ḡ=13.2, γE[v]=33.8, Q=46.9 (bayes)
2026-09-23 15:38:57,181 INFO: Plan 1: ḡ=34.5, γE[v]=21.2, Q=55.8 (bayes)
2026-09-23 15:38:57,181 INFO: Plan 2: ḡ=8.0, γE[v]=34.5, Q=42.5 (bayes)
2026-09-23 15:38:57,785 INFO: Plan 2: ḡ=17, γE[v]=10.5, Q=27.5 (fn)
2026-09-23 15:38:58,391 INFO: Plan 1: ḡ=33, γE[v]=4.5, Q=37.5 (fn)
2026-09-23 15:38:58,392 INFO: Plan 0: ḡ=2.0, γE[v]=69.9, Q=71.9 (bayes)
2026-09-23 15:38:58,392 INFO: Plan 1: ḡ=16.5, γE[v]=62.9, Q=79.4 (bayes)
2026-09-23 15:38:58,392 INFO: Plan 2: ḡ=6.3, γE[v]=68.4, Q=74.7 (bayes)
2026-09-23 15:39:00,812 INFO: Plan 1: ḡ=169, γE[v]=0.5, Q=169.5 (fn)
2026-09-23 15:39:02,996 INFO: Plan 1: ḡ=13, γE[v]=0.0, Q=13.0 (fn)
2026-09-23 15:39:03,760 INFO: Plan 2: ḡ=15, γE[v]=0.0, Q=15.0 (fn)
2026-09-23 15:39:04,908 INFO: Plan 0: ḡ=16, γE[v]=0.0, Q=16.0 (fn)
2026-09-23 15:39:04,909 INFO: Plan 0: ḡ=4.0, γE[v]=2.2, Q=6.2 (bayes)
2026-09-23 15:39:04,909 INFO: Plan 1: ḡ=4.3, γE[v]=2.0, Q=6.3 (bayes)
2026-09-23 15:39:04,909 INFO: Plan 2: ḡ=3.8, γE[v]=2.3, Q=6.0 (bayes)
2026-09-23 15:39:05,569 INFO: Plan 2: ḡ=1, γE[v]=0.0, Q=1.0 (fn)
2026-09-23 15:39:05,755 INFO: Plan 2: ḡ=160, γE[v]=5.0, Q=165.0 (fn)
2026-09-23 15:39:05,756 INFO: Plan 0: ḡ=8.3, γE[v]=29.8, Q=38.2 (bayes)
2026-09-23 15:39:05,756 INFO: Plan 1: ḡ=65.8, γE[v]=0.2, Q=66.0 (bayes)
2026-09-23 15:39:05,756 INFO: Plan 2: ḡ=61.2, γE[v]=2.7, Q=63.9 (bayes)
2026-09-23 15:39:06,043 INFO: Plan 0: ḡ=7, γE[v]=0.0, Q=7.0 (fn)
2026-09-23 15:39:06,302 INFO: Plan 1: ḡ=2, γE[v]=0.0, Q=2.0 (fn)
2026-09-23 15:39:06,303 INFO: Plan 0: ḡ=2.3, γE[v]=0.6, Q=2.9 (bayes)
2026-09-23 15:39:06,303 INFO: Plan 1: ḡ=0.7, γE[v]=1.4, Q=2.1 (bayes)
2026-09-23 15:39:06,303 INFO: Plan 2: ḡ=0.5, γE[v]=1.5, Q=2.0 (bayes)
2026-09-23 15:39:07,435 INFO: Plan 0: ḡ=9, γE[v]=0.0, Q=9.0 (fn)
2026-09-23 15:39:08,458 INFO: Plan 1: ḡ=2, γE[v]=0.0, Q=2.0 (fn)
2026-09-23 15:39:08,729 INFO: Plan 2: ḡ=1, γE[v]=0.0, Q=1.0 (fn)
2026-09-23 15:39:08,769 INFO: Plan 1: ḡ=17, γE[v]=0.0, Q=17.0 (fn)
2026-09-23 15:39:09,200 INFO: Plan 2: ḡ=13, γE[v]=1.5, Q=14.5 (fn)
2026-09-23 15:39:09,200 INFO: Plan 0: ḡ=2.2, γE[v]=2.2, Q=4.5 (bayes)
2026-09-23 15:39:09,201 INFO: Plan 1: ḡ=4.4, γE[v]=1.1, Q=5.5 (bayes)
2026-09-23 15:39:09,201 INFO: Plan 2: ḡ=3.3, γE[v]=1.8, Q=5.1 (bayes)
2026-09-23 15:39:10,925 INFO: Plan 0: ḡ=2, γE[v]=8.5, Q=10.5 (fn)
2026-09-23 15:39:10,925 INFO: Plan 0: ḡ=0.7, γE[v]=2.4, Q=3.1 (bayes)
2026-09-23 15:39:10,925 INFO: Plan 1: ḡ=0.7, γE[v]=1.8, Q=2.5 (bayes)
2026-09-23 15:39:10,926 INFO: Plan 2: ḡ=0.3, γE[v]=2.0, Q=2.3 (bayes)
2026-09-23 15:39:11,699 INFO: Plan 0: ḡ=13, γE[v]=0.0, Q=13.0 (fn)
2026-09-23 15:39:11,928 INFO: Plan 1: ḡ=13, γE[v]=0.0, Q=13.0 (fn)
2026-09-23 15:39:11,973 INFO: Plan 2: ḡ=13, γE[v]=0.0, Q=13.0 (fn)
2026-09-23 15:39:11,976 INFO: Plan 0: ḡ=4.3, γE[v]=0.0, Q=4.3 (bayes)
2026-09-23 15:39:11,978 INFO: Plan 1: ḡ=4.3, γE[v]=0.0, Q=4.3 (bayes)
2026-09-23 15:39:11,978 INFO: Plan 2: ḡ=4.3, γE[v]=0.0, Q=4.3 (bayes)
2026-09-23 15:39:18,485 INFO: Plan 0: ḡ=66, γE[v]=0.0, Q=66.0 (fn)
2026-09-23 15:39:19,823 INFO: Plan 1: ḡ=43, γE[v]=0.0, Q=43.0 (fn)
2026-09-23 15:39:20,008 INFO: Plan 0: ḡ=15, γE[v]=0.0, Q=15.0 (fn)
2026-09-23 15:39:20,131 INFO: Plan 1: ḡ=0, γE[v]=0.0, Q=0.0 (fn)
2026-09-23 15:39:20,894 INFO: Plan 2: ḡ=0, γE[v]=0.0, Q=0.0 (fn)
2026-09-23 15:39:20,895 INFO: Plan 0: ḡ=7.5, γE[v]=0.0, Q=7.5 (bayes)
2026-09-23 15:39:20,895 INFO: Plan 1: ḡ=0.0, γE[v]=3.8, Q=3.8 (bayes)
2026-09-23 15:39:20,895 INFO: Plan 2: ḡ=0.0, γE[v]=3.8, Q=3.8 (bayes)
2026-09-23 15:39:21,095 INFO: Plan 2: ḡ=45, γE[v]=0.0, Q=45.0 (fn)
2026-09-23 15:39:21,095 INFO: Plan 0: ḡ=25.0, γE[v]=53.5, Q=78.5 (bayes)
2026-09-23 15:39:21,095 INFO: Plan 1: ḡ=16.0, γE[v]=58.0, Q=74.0 (bayes)
2026-09-23 15:39:21,095 INFO: Plan 2: ḡ=22.5, γE[v]=54.8, Q=77.2 (bayes)
2026-09-23 15:39:25,440 INFO: Plan 0: ḡ=13, γE[v]=0.0, Q=13.0 (fn)
2026-09-23 15:39:26,169 INFO: Plan 1: ḡ=82, γE[v]=0.0, Q=82.0 (fn)
2026-09-23 15:39:26,914 INFO: Plan 2: ḡ=75, γE[v]=0.0, Q=75.0 (fn)
2026-09-23 15:39:26,919 INFO: Plan 0: ḡ=6.3, γE[v]=43.5, Q=49.8 (bayes)
2026-09-23 15:39:26,920 INFO: Plan 1: ḡ=41.0, γE[v]=26.2, Q=67.2 (bayes)
2026-09-23 15:39:26,920 INFO: Plan 2: ḡ=37.5, γE[v]=27.9, Q=65.4 (bayes)
2026-09-23 15:39:27,833 INFO: Plan 2: ḡ=0, γE[v]=0.0, Q=0.0 (fn)
2026-09-23 15:39:27,994 INFO: Plan 0: ḡ=2, γE[v]=0.0, Q=2.0 (fn)
2026-09-23 15:39:28,907 INFO: Plan 1: ḡ=4, γE[v]=0.0, Q=4.0 (fn)
2026-09-23 15:39:28,908 INFO: Plan 0: ḡ=0.7, γE[v]=0.7, Q=1.3 (bayes)
2026-09-23 15:39:28,908 INFO: Plan 1: ḡ=1.3, γE[v]=0.3, Q=1.7 (bayes)
2026-09-23 15:39:28,908 INFO: Plan 2: ḡ=0.0, γE[v]=1.0, Q=1.0 (bayes)
2026-09-23 15:39:31,703 INFO: Plan 0: ḡ=0, γE[v]=0.0, Q=0.0 (fn)
2026-09-23 15:39:31,782 INFO: Plan 2: ḡ=0, γE[v]=0.0, Q=0.0 (fn)
2026-09-23 15:39:32,250 INFO: Plan 1: ḡ=0, γE[v]=0.0, Q=0.0 (fn)
2026-09-23 15:39:32,250 INFO: Plan 0: ḡ=0.0, γE[v]=0.0, Q=0.0 (bayes)
2026-09-23 15:39:32,250 INFO: Plan 1: ḡ=0.0, γE[v]=0.0, Q=0.0 (bayes)
2026-09-23 15:39:32,250 INFO: Plan 2: ḡ=0.0, γE[v]=0.0, Q=0.0 (bayes)
2026-09-23 15:39:32,289 INFO: Plan 2: ḡ=12, γE[v]=1.0, Q=13.0 (fn)
2026-09-23 15:39:32,778 INFO: Plan 0: ḡ=11, γE[v]=4.0, Q=15.0 (fn)
2026-09-23 15:39:33,256 INFO: Plan 2: ḡ=0, γE[v]=0.0, Q=0.0 (fn)
2026-09-23 15:39:33,595 INFO: Plan 1: ḡ=13, γE[v]=3.0, Q=16.0 (fn)
2026-09-23 15:39:33,596 INFO: Plan 0: ḡ=2.7, γE[v]=1.2, Q=4.0 (bayes)
2026-09-23 15:39:33,596 INFO: Plan 1: ḡ=3.2, γE[v]=0.9, Q=4.2 (bayes)
2026-09-23 15:39:33,596 INFO: Plan 2: ḡ=3.0, γE[v]=0.9, Q=3.9 (bayes)
2026-09-23 15:39:34,041 INFO: Plan 1: ḡ=4, γE[v]=0.0, Q=4.0 (fn)
2026-09-23 15:39:34,267 INFO: Plan 0: ḡ=1, γE[v]=1.5, Q=2.5 (fn)
2026-09-23 15:39:34,267 INFO: Plan 0: ḡ=0.3, γE[v]=0.6, Q=0.9 (bayes)
2026-09-23 15:39:34,267 INFO: Plan 1: ḡ=1.3, γE[v]=0.0, Q=1.3 (bayes)
2026-09-23 15:39:34,267 INFO: Plan 2: ḡ=0.0, γE[v]=0.7, Q=0.7 (bayes)
2026-09-23 15:39:37,337 INFO: Plan 1: ḡ=6, γE[v]=0.0, Q=6.0 (fn)
2026-09-23 15:39:37,577 INFO: Plan 0: ḡ=12, γE[v]=0.0, Q=12.0 (fn)
2026-09-23 15:39:37,749 INFO: Plan 2: ḡ=4, γE[v]=0.0, Q=4.0 (fn)
2026-09-23 15:39:37,750 INFO: Plan 0: ḡ=4.0, γE[v]=1.7, Q=5.7 (bayes)
2026-09-23 15:39:37,750 INFO: Plan 1: ḡ=2.0, γE[v]=2.7, Q=4.7 (bayes)
2026-09-23 15:39:37,750 INFO: Plan 2: ḡ=1.3, γE[v]=3.0, Q=4.3 (bayes)
2026-09-23 15:39:39,770 INFO: Plan 0: ḡ=13, γE[v]=0.0, Q=13.0 (fn)
2026-09-23 15:39:39,954 INFO: Plan 2: ḡ=15, γE[v]=0.0, Q=15.0 (fn)
2026-09-23 15:39:40,155 INFO: Plan 1: ḡ=9, γE[v]=0.0, Q=9.0 (fn)
2026-09-23 15:39:40,155 INFO: Plan 0: ḡ=3.0, γE[v]=3.5, Q=6.5 (bayes)
2026-09-23 15:39:40,155 INFO: Plan 1: ḡ=2.7, γE[v]=3.7, Q=6.4 (bayes)
2026-09-23 15:39:40,156 INFO: Plan 2: ḡ=4.8, γE[v]=2.7, Q=7.4 (bayes)
2026-09-23 15:39:53,567 INFO: Plan 0: ḡ=17, γE[v]=0.0, Q=17.0 (fn)
2026-09-23 15:39:54,291 INFO: Plan 2: ḡ=16, γE[v]=0.0, Q=16.0 (fn)
2026-09-23 15:39:57,515 INFO: Plan 1: ḡ=14, γE[v]=10.5, Q=24.5 (fn)
2026-09-23 15:39:57,515 INFO: Plan 0: ḡ=4.3, γE[v]=3.0, Q=7.3 (bayes)
2026-09-23 15:39:57,515 INFO: Plan 1: ḡ=4.2, γE[v]=3.8, Q=7.9 (bayes)
2026-09-23 15:39:57,515 INFO: Plan 2: ḡ=5.3, γE[v]=2.5, Q=7.8 (bayes)
2026-09-23 15:39:58,281 INFO: Plan 2: ḡ=14, γE[v]=0.0, Q=14.0 (fn)
2026-09-23 15:39:58,733 INFO: Plan 2: ḡ=29, γE[v]=0.0, Q=29.0 (fn)
2026-09-23 15:39:58,773 INFO: Plan 0: ḡ=49, γE[v]=0.0, Q=49.0 (fn)
2026-09-23 15:39:59,137 INFO: Plan 1: ḡ=160, γE[v]=0.0, Q=160.0 (fn)
2026-09-23 15:39:59,258 INFO: Plan 1: ḡ=31, γE[v]=0.0, Q=31.0 (fn)
2026-09-23 15:39:59,259 INFO: Plan 0: ḡ=19.3, γE[v]=3.0, Q=22.4 (bayes)
2026-09-23 15:39:59,259 INFO: Plan 1: ḡ=13.5, γE[v]=6.0, Q=19.5 (bayes)
2026-09-23 15:39:59,259 INFO: Plan 2: ḡ=4.6, γE[v]=10.4, Q=15.0 (bayes)
2026-09-23 15:39:59,299 INFO: Plan 0: ḡ=28, γE[v]=0.0, Q=28.0 (fn)
2026-09-23 15:39:59,299 INFO: Plan 0: ḡ=14.0, γE[v]=21.8, Q=35.8 (bayes)
2026-09-23 15:39:59,299 INFO: Plan 1: ḡ=33.9, γE[v]=11.8, Q=45.8 (bayes)
2026-09-23 15:39:59,299 INFO: Plan 2: ḡ=9.7, γE[v]=24.0, Q=33.6 (bayes)
2026-09-23 15:40:05,084 INFO: Plan 2: ḡ=2, γE[v]=0.0, Q=2.0 (fn)
2026-09-23 15:40:06,175 INFO: Plan 0: ḡ=4, γE[v]=0.0, Q=4.0 (fn)
2026-09-23 15:40:06,427 INFO: Plan 1: ḡ=0, γE[v]=0.0, Q=0.0 (fn)
2026-09-23 15:40:06,673 INFO: Plan 0: ḡ=54, γE[v]=0.0, Q=54.0 (fn)
2026-09-23 15:40:06,978 INFO: Plan 2: ḡ=0, γE[v]=0.0, Q=0.0 (fn)
2026-09-23 15:40:06,979 INFO: Plan 0: ḡ=1.0, γE[v]=0.0, Q=1.0 (bayes)
2026-09-23 15:40:06,979 INFO: Plan 1: ḡ=0.0, γE[v]=0.5, Q=0.5 (bayes)
2026-09-23 15:40:06,979 INFO: Plan 2: ḡ=0.0, γE[v]=0.5, Q=0.5 (bayes)
2026-09-23 15:40:07,348 INFO: Plan 1: ḡ=53, γE[v]=0.5, Q=53.5 (fn)
2026-09-23 15:40:07,349 INFO: Plan 0: ḡ=13.5, γE[v]=0.0, Q=13.5 (bayes)
2026-09-23 15:40:07,349 INFO: Plan 1: ḡ=13.2, γE[v]=0.2, Q=13.4 (bayes)
2026-09-23 15:40:07,349 INFO: Plan 2: ḡ=0.5, γE[v]=6.5, Q=7.0 (bayes)
2026-09-23 15:40:08,159 INFO: Plan 1: ḡ=19, γE[v]=0.0, Q=19.0 (fn)
2026-09-23 15:40:08,159 INFO: Plan 0: ḡ=15, γE[v]=0.0, Q=15.0 (fn)
2026-09-23 15:40:09,043 INFO: Plan 2: ḡ=19, γE[v]=7.5, Q=26.5 (fn)
2026-09-23 15:40:09,044 INFO: Plan 0: ḡ=3.0, γE[v]=1.9, Q=4.9 (bayes)
2026-09-23 15:40:09,044 INFO: Plan 1: ḡ=3.8, γE[v]=1.5, Q=5.3 (bayes)
2026-09-23 15:40:09,044 INFO: Plan 2: ḡ=3.8, γE[v]=2.0, Q=5.8 (bayes)
2026-09-23 15:40:09,675 INFO: Plan 1: ḡ=7, γE[v]=0.0, Q=7.0 (fn)
2026-09-23 15:40:09,891 INFO: Plan 0: ḡ=6, γE[v]=0.0, Q=6.0 (fn)
2026-09-23 15:40:10,263 INFO: Plan 1: ḡ=23, γE[v]=0.0, Q=23.0 (fn)
2026-09-23 15:40:10,304 INFO: Plan 0: ḡ=178, γE[v]=0.0, Q=178.0 (fn)
2026-09-23 15:40:10,404 INFO: Plan 2: ḡ=16, γE[v]=0.0, Q=16.0 (fn)
2026-09-23 15:40:10,404 INFO: Plan 0: ḡ=1.5, γE[v]=3.2, Q=4.6 (bayes)
2026-09-23 15:40:10,404 INFO: Plan 1: ḡ=2.3, γE[v]=2.7, Q=5.1 (bayes)
2026-09-23 15:40:10,404 INFO: Plan 2: ḡ=4.8, γE[v]=1.5, Q=6.3 (bayes)
2026-09-23 15:40:10,550 INFO: Plan 2: ḡ=26, γE[v]=0.0, Q=26.0 (fn)
2026-09-23 15:40:10,953 INFO: Plan 0: ḡ=0, γE[v]=0.0, Q=0.0 (fn)
2026-09-23 15:40:10,954 INFO: Plan 1: ḡ=0, γE[v]=0.0, Q=0.0 (fn)
2026-09-23 15:40:11,287 INFO: Plan 2: ḡ=113, γE[v]=29.0, Q=142.0 (fn)
2026-09-23 15:40:11,288 INFO: Plan 2: ḡ=0, γE[v]=0.0, Q=0.0 (fn)
2026-09-23 15:40:11,288 INFO: Plan 0: ḡ=0.0, γE[v]=0.0, Q=0.0 (bayes)
2026-09-23 15:40:11,288 INFO: Plan 1: ḡ=0.0, γE[v]=0.0, Q=0.0 (bayes)
2026-09-23 15:40:11,288 INFO: Plan 2: ḡ=0.0, γE[v]=0.0, Q=0.0 (bayes)
2026-09-23 15:40:11,663 INFO: Plan 0: ḡ=3, γE[v]=0.0, Q=3.0 (fn)
2026-09-23 15:40:11,971 INFO: Plan 1: ḡ=125, γE[v]=25.0, Q=150.0 (fn)
2026-09-23 15:40:11,971 INFO: Plan 0: ḡ=36.5, γE[v]=0.0, Q=36.5 (bayes)
2026-09-23 15:40:11,971 INFO: Plan 1: ḡ=25.8, γE[v]=7.1, Q=32.9 (bayes)
2026-09-23 15:40:11,972 INFO: Plan 2: ḡ=23.5, γE[v]=8.6, Q=32.0 (bayes)
2026-09-23 15:40:12,486 INFO: Plan 1: ḡ=7, γE[v]=0.0, Q=7.0 (fn)
2026-09-23 15:40:13,581 INFO: Plan 2: ḡ=4, γE[v]=1.5, Q=5.5 (fn)
2026-09-23 15:40:13,582 INFO: Plan 0: ḡ=0.8, γE[v]=0.5, Q=1.2 (bayes)
2026-09-23 15:40:13,582 INFO: Plan 1: ḡ=1.8, γE[v]=0.0, Q=1.8 (bayes)
2026-09-23 15:40:13,582 INFO: Plan 2: ḡ=1.0, γE[v]=0.5, Q=1.5 (bayes)
2026-09-23 15:40:16,143 INFO: Plan 2: ḡ=2, γE[v]=0.0, Q=2.0 (fn)
2026-09-23 15:40:17,101 INFO: Plan 0: ḡ=35, γE[v]=23.0, Q=58.0 (fn)
2026-09-23 15:40:17,101 INFO: Plan 0: ḡ=13.8, γE[v]=13.1, Q=26.9 (bayes)
2026-09-23 15:40:17,101 INFO: Plan 1: ḡ=11.0, γE[v]=13.4, Q=24.4 (bayes)
2026-09-23 15:40:17,102 INFO: Plan 2: ḡ=13.0, γE[v]=12.4, Q=25.4 (bayes)
2026-09-23 15:40:17,653 INFO: Plan 1: ḡ=4, γE[v]=0.0, Q=4.0 (fn)
2026-09-23 15:40:19,326 INFO: Plan 0: ḡ=3, γE[v]=2.0, Q=5.0 (fn)
2026-09-23 15:40:19,327 INFO: Plan 0: ḡ=0.5, γE[v]=0.6, Q=1.1 (bayes)
2026-09-23 15:40:19,327 INFO: Plan 1: ḡ=0.9, γE[v]=0.2, Q=1.1 (bayes)
2026-09-23 15:40:19,327 INFO: Plan 2: ḡ=0.4, γE[v]=0.5, Q=0.9 (bayes)
2026-09-23 15:40:27,228 INFO: Plan 0: ḡ=32, γE[v]=0.0, Q=32.0 (fn)
2026-09-23 15:40:28,466 INFO: Plan 1: ḡ=47, γE[v]=0.0, Q=47.0 (fn)
2026-09-23 15:40:30,725 INFO: Plan 2: ḡ=47, γE[v]=0.0, Q=47.0 (fn)
2026-09-23 15:40:30,725 INFO: Plan 0: ḡ=14.2, γE[v]=28.4, Q=42.6 (bayes)
2026-09-23 15:40:30,726 INFO: Plan 1: ḡ=13.2, γE[v]=28.9, Q=42.1 (bayes)
2026-09-23 15:40:30,726 INFO: Plan 2: ḡ=15.4, γE[v]=27.8, Q=43.2 (bayes)
2026-09-23 15:40:31,643 INFO: Plan 1: ḡ=0, γE[v]=0.0, Q=0.0 (fn)
2026-09-23 15:40:32,147 INFO: Plan 0: ḡ=0, γE[v]=0.0, Q=0.0 (fn)
2026-09-23 15:40:32,937 INFO: Plan 2: ḡ=0, γE[v]=0.0, Q=0.0 (fn)
2026-09-23 15:40:32,938 INFO: Plan 0: ḡ=0.0, γE[v]=0.0, Q=0.0 (bayes)
2026-09-23 15:40:32,938 INFO: Plan 1: ḡ=0.0, γE[v]=0.0, Q=0.0 (bayes)
2026-09-23 15:40:32,938 INFO: Plan 2: ḡ=0.0, γE[v]=0.0, Q=0.0 (bayes)
2026-09-23 15:40:33,129 INFO: Plan 0: ḡ=32, γE[v]=0.0, Q=32.0 (fn)
2026-09-23 15:40:33,817 INFO: Plan 0: ḡ=5, γE[v]=0.0, Q=5.0 (fn)
2026-09-23 15:40:34,007 INFO: Plan 2: ḡ=6, γE[v]=0.0, Q=6.0 (fn)
2026-09-23 15:40:34,472 INFO: Plan 1: ḡ=9, γE[v]=0.0, Q=9.0 (fn)
2026-09-23 15:40:34,472 INFO: Plan 0: ḡ=1.1, γE[v]=0.6, Q=1.6 (bayes)
2026-09-23 15:40:34,472 INFO: Plan 1: ḡ=2.0, γE[v]=0.1, Q=2.1 (bayes)
2026-09-23 15:40:34,472 INFO: Plan 2: ḡ=1.2, γE[v]=0.5, Q=1.8 (bayes)
2026-09-23 15:40:36,738 INFO: Plan 1: ḡ=65, γE[v]=19.5, Q=84.5 (fn)
2026-09-23 15:40:38,038 INFO: Plan 2: ḡ=160, γE[v]=0.0, Q=160.0 (fn)
2026-09-23 15:40:38,039 INFO: Plan 0: ḡ=16.0, γE[v]=68.2, Q=84.2 (bayes)
2026-09-23 15:40:38,039 INFO: Plan 1: ḡ=32.5, γE[v]=60.9, Q=93.4 (bayes)
2026-09-23 15:40:38,039 INFO: Plan 2: ḡ=65.3, γE[v]=43.6, Q=108.9 (bayes)
2026-09-23 15:40:43,071 INFO: Plan 0: ḡ=66, γE[v]=0.0, Q=66.0 (fn)
2026-09-23 15:40:43,792 INFO: Plan 1: ḡ=77, γE[v]=0.0, Q=77.0 (fn)
2026-09-23 15:40:45,346 INFO: Plan 2: ḡ=111, γE[v]=0.0, Q=111.0 (fn)
2026-09-23 15:40:45,347 INFO: Plan 0: ḡ=24.8, γE[v]=73.1, Q=97.8 (bayes)
2026-09-23 15:40:45,347 INFO: Plan 1: ḡ=28.5, γE[v]=71.2, Q=99.7 (bayes)
2026-09-23 15:40:45,347 INFO: Plan 2: ḡ=42.5, γE[v]=64.2, Q=106.7 (bayes)
2026-09-23 15:40:46,929 INFO: Plan 0: ḡ=7, γE[v]=0.0, Q=7.0 (fn)
2026-09-23 15:40:49,367 INFO: Plan 0: ḡ=7, γE[v]=0.0, Q=7.0 (fn)
2026-09-23 15:40:50,250 INFO: Plan 2: ḡ=0, γE[v]=0.0, Q=0.0 (fn)
2026-09-23 15:40:50,285 INFO: Plan 1: ḡ=7, γE[v]=0.0, Q=7.0 (fn)
2026-09-23 15:40:50,285 INFO: Plan 0: ḡ=1.8, γE[v]=0.9, Q=2.6 (bayes)
2026-09-23 15:40:50,285 INFO: Plan 1: ḡ=1.8, γE[v]=0.9, Q=2.6 (bayes)
2026-09-23 15:40:50,285 INFO: Plan 2: ḡ=0.0, γE[v]=1.8, Q=1.8 (bayes)
2026-09-23 15:40:54,729 INFO: Plan 2: ḡ=9, γE[v]=25.0, Q=34.0 (fn)
2026-09-23 15:40:55,203 INFO: Plan 2: ḡ=106, γE[v]=0.0, Q=106.0 (fn)
2026-09-23 15:40:55,888 INFO: Plan 1: ḡ=9, γE[v]=19.5, Q=28.5 (fn)
2026-09-23 15:40:55,889 INFO: Plan 0: ḡ=3.3, γE[v]=43.2, Q=46.5 (bayes)
2026-09-23 15:40:55,889 INFO: Plan 1: ḡ=4.3, γE[v]=43.6, Q=47.9 (bayes)
2026-09-23 15:40:55,889 INFO: Plan 2: ḡ=4.5, γE[v]=43.8, Q=48.2 (bayes)
2026-09-23 15:40:56,764 INFO: Plan 0: ḡ=0, γE[v]=0.0, Q=0.0 (fn)
2026-09-23 15:40:57,253 INFO: Plan 2: ḡ=0, γE[v]=0.0, Q=0.0 (fn)
2026-09-23 15:40:57,414 INFO: Plan 1: ḡ=0, γE[v]=0.0, Q=0.0 (fn)
2026-09-23 15:40:57,414 INFO: Plan 0: ḡ=0.0, γE[v]=0.0, Q=0.0 (bayes)
2026-09-23 15:40:57,415 INFO: Plan 1: ḡ=0.0, γE[v]=0.0, Q=0.0 (bayes)
2026-09-23 15:40:57,415 INFO: Plan 2: ḡ=0.0, γE[v]=0.0, Q=0.0 (bayes)
2026-09-23 15:40:57,697 INFO: Plan 2: ḡ=12, γE[v]=0.5, Q=12.5 (fn)
2026-09-23 15:40:57,698 INFO: Plan 1: ḡ=15, γE[v]=0.5, Q=15.5 (fn)
2026-09-23 15:40:58,233 INFO: Plan 0: ḡ=32, γE[v]=2.0, Q=34.0 (fn)
2026-09-23 15:40:58,233 INFO: Plan 0: ḡ=15.3, γE[v]=4.3, Q=19.7 (bayes)
2026-09-23 15:40:58,233 INFO: Plan 1: ḡ=7.3, γE[v]=8.3, Q=15.6 (bayes)
2026-09-23 15:40:58,234 INFO: Plan 2: ḡ=5.7, γE[v]=9.1, Q=14.8 (bayes)
2026-09-23 15:41:00,002 INFO: Plan 0: ḡ=3, γE[v]=0.0, Q=3.0 (fn)
2026-09-23 15:41:00,443 INFO: Plan 0: ḡ=193, γE[v]=67.0, Q=260.0 (fn)
2026-09-23 15:41:01,083 INFO: Plan 1: ḡ=3, γE[v]=1.0, Q=4.0 (fn)
2026-09-23 15:41:01,699 INFO: Plan 1: ḡ=132, γE[v]=97.5, Q=229.5 (fn)
2026-09-23 15:41:01,699 INFO: Plan 0: ḡ=41.8, γE[v]=18.3, Q=60.0 (bayes)
2026-09-23 15:41:01,699 INFO: Plan 1: ḡ=26.4, γE[v]=28.0, Q=54.4 (bayes)
2026-09-23 15:41:01,699 INFO: Plan 2: ḡ=21.4, γE[v]=23.7, Q=45.0 (bayes)
2026-09-23 15:41:02,220 INFO: Plan 2: ḡ=2, γE[v]=3.0, Q=5.0 (fn)
2026-09-23 15:41:02,220 INFO: Plan 0: ḡ=0.5, γE[v]=0.4, Q=0.9 (bayes)
2026-09-23 15:41:02,220 INFO: Plan 1: ḡ=0.5, γE[v]=0.5, Q=1.0 (bayes)
2026-09-23 15:41:02,220 INFO: Plan 2: ḡ=0.3, γE[v]=0.7, Q=1.1 (bayes)
2026-09-23 15:41:10,147 INFO: Plan 0: ḡ=44, γE[v]=0.0, Q=44.0 (fn)
2026-09-23 15:41:11,008 INFO: Plan 0: ḡ=1, γE[v]=0.0, Q=1.0 (fn)
2026-09-23 15:41:11,050 INFO: Plan 2: ḡ=1, γE[v]=0.0, Q=1.0 (fn)
2026-09-23 15:41:11,667 INFO: Plan 1: ḡ=1, γE[v]=0.0, Q=1.0 (fn)
2026-09-23 15:41:11,668 INFO: Plan 0: ḡ=0.3, γE[v]=0.4, Q=0.8 (bayes)
2026-09-23 15:41:11,668 INFO: Plan 1: ḡ=0.3, γE[v]=0.4, Q=0.8 (bayes)
2026-09-23 15:41:11,668 INFO: Plan 2: ḡ=0.5, γE[v]=0.3, Q=0.8 (bayes)
2026-09-23 15:41:12,105 INFO: Plan 1: ḡ=35, γE[v]=0.0, Q=35.0 (fn)
2026-09-23 15:41:15,130 INFO: Plan 0: ḡ=8, γE[v]=0.0, Q=8.0 (fn)
2026-09-23 15:41:15,826 INFO: Plan 2: ḡ=23, γE[v]=0.0, Q=23.0 (fn)
2026-09-23 15:41:15,827 INFO: Plan 0: ḡ=17.7, γE[v]=44.5, Q=62.2 (bayes)
2026-09-23 15:41:15,827 INFO: Plan 1: ḡ=13.2, γE[v]=46.8, Q=59.9 (bayes)
2026-09-23 15:41:15,827 INFO: Plan 2: ḡ=11.5, γE[v]=47.6, Q=59.1 (bayes)
2026-09-23 15:41:15,865 INFO: Plan 2: ḡ=14, γE[v]=0.0, Q=14.0 (fn)
2026-09-23 15:41:16,152 INFO: Plan 0: ḡ=22, γE[v]=0.0, Q=22.0 (fn)
2026-09-23 15:41:16,719 INFO: Plan 1: ḡ=56, γE[v]=0.0, Q=56.0 (fn)
2026-09-23 15:41:16,720 INFO: Plan 0: ḡ=6.0, γE[v]=5.5, Q=11.5 (bayes)
2026-09-23 15:41:16,720 INFO: Plan 1: ḡ=10.6, γE[v]=3.2, Q=13.8 (bayes)
2026-09-23 15:41:16,720 INFO: Plan 2: ḡ=3.5, γE[v]=6.8, Q=10.2 (bayes)
2026-09-23 15:41:18,627 INFO: Plan 1: ḡ=80, γE[v]=0.0, Q=80.0 (fn)
2026-09-23 15:41:18,862 INFO: Plan 0: ḡ=233, γE[v]=0.0, Q=233.0 (fn)
2026-09-23 15:41:19,813 INFO: Plan 2: ḡ=17, γE[v]=24.5, Q=41.5 (fn)
2026-09-23 15:41:19,853 INFO: Plan 1: ḡ=12, γE[v]=12.5, Q=24.5 (fn)
2026-09-23 15:41:19,854 INFO: Plan 0: ḡ=3.0, γE[v]=60.1, Q=63.1 (bayes)
2026-09-23 15:41:19,854 INFO: Plan 1: ḡ=4.8, γE[v]=59.7, Q=64.6 (bayes)
2026-09-23 15:41:19,854 INFO: Plan 2: ḡ=8.5, γE[v]=58.4, Q=66.9 (bayes)
2026-09-23 15:41:22,294 INFO: Plan 0: ḡ=1, γE[v]=0.0, Q=1.0 (fn)
2026-09-23 15:41:22,381 INFO: Plan 1: ḡ=1, γE[v]=0.0, Q=1.0 (fn)
2026-09-23 15:41:22,885 INFO: Plan 2: ḡ=15, γE[v]=0.0, Q=15.0 (fn)
2026-09-23 15:41:22,886 INFO: Plan 0: ḡ=0.2, γE[v]=1.4, Q=1.6 (bayes)
2026-09-23 15:41:22,886 INFO: Plan 1: ḡ=0.2, γE[v]=1.4, Q=1.6 (bayes)
2026-09-23 15:41:22,886 INFO: Plan 2: ḡ=2.5, γE[v]=0.2, Q=2.8 (bayes)
2026-09-23 15:41:23,217 INFO: Plan 0: ḡ=13, γE[v]=0.0, Q=13.0 (fn)
2026-09-23 15:41:23,547 INFO: Plan 1: ḡ=1, γE[v]=0.0, Q=1.0 (fn)
2026-09-23 15:41:24,027 INFO: Plan 2: ḡ=7, γE[v]=0.0, Q=7.0 (fn)
2026-09-23 15:41:24,028 INFO: Plan 0: ḡ=4.3, γE[v]=1.0, Q=5.3 (bayes)
2026-09-23 15:41:24,028 INFO: Plan 1: ḡ=0.2, γE[v]=3.0, Q=3.3 (bayes)
2026-09-23 15:41:24,028 INFO: Plan 2: ḡ=1.8, γE[v]=2.3, Q=4.0 (bayes)
2026-09-23 15:41:26,170 INFO: Plan 2: ḡ=70, γE[v]=141.0, Q=211.0 (fn)
2026-09-23 15:41:26,170 INFO: Plan 0: ḡ=47.4, γE[v]=52.1, Q=99.5 (bayes)
2026-09-23 15:41:26,170 INFO: Plan 1: ḡ=39.5, γE[v]=56.1, Q=95.6 (bayes)
2026-09-23 15:41:26,170 INFO: Plan 2: ḡ=19.4, γE[v]=76.2, Q=95.6 (bayes)
2026-09-23 15:41:27,821 INFO: Plan 1: ḡ=55, γE[v]=0.0, Q=55.0 (fn)
2026-09-23 15:41:28,094 INFO: Plan 0: ḡ=41, γE[v]=0.0, Q=41.0 (fn)
2026-09-23 15:41:28,639 INFO: Plan 2: ḡ=11, γE[v]=3.0, Q=14.0 (fn)
2026-09-23 15:41:28,640 INFO: Plan 0: ḡ=19.7, γE[v]=11.6, Q=31.2 (bayes)
2026-09-23 15:41:28,640 INFO: Plan 1: ḡ=20.2, γE[v]=11.3, Q=31.5 (bayes)
2026-09-23 15:41:28,640 INFO: Plan 2: ḡ=5.5, γE[v]=18.8, Q=24.3 (bayes)
2026-09-23 15:41:29,636 INFO: Plan 2: ḡ=0, γE[v]=0.0, Q=0.0 (fn)
2026-09-23 15:41:30,284 INFO: Plan 1: ḡ=13, γE[v]=0.0, Q=13.0 (fn)
2026-09-23 15:41:30,285 INFO: Plan 0: ḡ=13, γE[v]=0.0, Q=13.0 (fn)
2026-09-23 15:41:30,322 INFO: Plan 2: ḡ=13, γE[v]=0.0, Q=13.0 (fn)
2026-09-23 15:41:30,322 INFO: Plan 0: ḡ=3.2, γE[v]=0.0, Q=3.2 (bayes)
2026-09-23 15:41:30,322 INFO: Plan 1: ḡ=3.2, γE[v]=0.0, Q=3.2 (bayes)
2026-09-23 15:41:30,323 INFO: Plan 2: ḡ=3.2, γE[v]=0.0, Q=3.2 (bayes)
2026-09-23 15:41:31,299 INFO: Plan 1: ḡ=7, γE[v]=1.5, Q=8.5 (fn)
2026-09-23 15:41:31,784 INFO: Plan 0: ḡ=9, γE[v]=0.5, Q=9.5 (fn)
2026-09-23 15:41:31,785 INFO: Plan 0: ḡ=2.2, γE[v]=0.2, Q=2.4 (bayes)
2026-09-23 15:41:31,785 INFO: Plan 1: ḡ=1.8, γE[v]=0.5, Q=2.2 (bayes)
2026-09-23 15:41:31,785 INFO: Plan 2: ḡ=0.0, γE[v]=1.2, Q=1.2 (bayes)
2026-09-23 15:41:33,177 INFO: Plan 1: ḡ=103, γE[v]=0.0, Q=103.0 (fn)
2026-09-23 15:41:33,469 INFO: Plan 0: ḡ=16, γE[v]=0.0, Q=16.0 (fn)
2026-09-23 15:41:33,629 INFO: Plan 2: ḡ=93, γE[v]=0.0, Q=93.0 (fn)
2026-09-23 15:41:33,839 INFO: Plan 1: ḡ=13, γE[v]=0.0, Q=13.0 (fn)
2026-09-23 15:41:33,874 INFO: Plan 2: ḡ=15, γE[v]=0.0, Q=15.0 (fn)
2026-09-23 15:41:33,875 INFO: Plan 0: ḡ=4.0, γE[v]=1.6, Q=5.6 (bayes)
2026-09-23 15:41:33,875 INFO: Plan 1: ḡ=3.2, γE[v]=2.0, Q=5.2 (bayes)
2026-09-23 15:41:33,875 INFO: Plan 2: ḡ=3.8, γE[v]=1.8, Q=5.5 (bayes)
2026-09-23 15:41:34,736 INFO: Plan 0: ḡ=53, γE[v]=0.0, Q=53.0 (fn)
2026-09-23 15:41:34,737 INFO: Plan 0: ḡ=17.1, γE[v]=30.0, Q=47.1 (bayes)
2026-09-23 15:41:34,737 INFO: Plan 1: ḡ=34.2, γE[v]=21.4, Q=55.6 (bayes)
2026-09-23 15:41:34,737 INFO: Plan 2: ḡ=25.1, γE[v]=26.0, Q=51.1 (bayes)
2026-09-23 15:41:37,868 INFO: Plan 2: ḡ=1, γE[v]=0.0, Q=1.0 (fn)
2026-09-23 15:41:37,868 INFO: Plan 0: ḡ=1, γE[v]=0.0, Q=1.0 (fn)
2026-09-23 15:41:38,839 INFO: Plan 1: ḡ=1, γE[v]=0.5, Q=1.5 (fn)
2026-09-23 15:41:38,839 INFO: Plan 0: ḡ=0.3, γE[v]=0.2, Q=0.5 (bayes)
2026-09-23 15:41:38,839 INFO: Plan 1: ḡ=0.3, γE[v]=0.2, Q=0.5 (bayes)
2026-09-23 15:41:38,839 INFO: Plan 2: ḡ=0.3, γE[v]=0.2, Q=0.5 (bayes)
2026-09-23 15:41:40,186 INFO: Plan 0: ḡ=39, γE[v]=0.0, Q=39.0 (fn)
2026-09-23 15:41:41,584 INFO: Plan 1: ḡ=48, γE[v]=5.5, Q=53.5 (fn)
2026-09-23 15:41:41,624 INFO: Plan 2: ḡ=33, γE[v]=0.0, Q=33.0 (fn)
2026-09-23 15:41:41,624 INFO: Plan 0: ḡ=9.9, γE[v]=51.8, Q=61.6 (bayes)
2026-09-23 15:41:41,624 INFO: Plan 1: ḡ=21.3, γE[v]=46.3, Q=67.6 (bayes)
2026-09-23 15:41:41,624 INFO: Plan 2: ḡ=16.5, γE[v]=48.5, Q=65.0 (bayes)
2026-09-23 15:41:42,883 INFO: Plan 1: ḡ=0, γE[v]=0.0, Q=0.0 (fn)
2026-09-23 15:41:43,220 INFO: Plan 0: ḡ=15, γE[v]=0.0, Q=15.0 (fn)
2026-09-23 15:41:43,220 INFO: Plan 0: ḡ=0, γE[v]=0.0, Q=0.0 (fn)
2026-09-23 15:41:43,764 INFO: Plan 2: ḡ=0, γE[v]=0.0, Q=0.0 (fn)
2026-09-23 15:41:43,765 INFO: Plan 0: ḡ=0.0, γE[v]=0.0, Q=0.0 (bayes)
2026-09-23 15:41:43,765 INFO: Plan 1: ḡ=0.0, γE[v]=0.0, Q=0.0 (bayes)
2026-09-23 15:41:43,765 INFO: Plan 2: ḡ=0.0, γE[v]=0.0, Q=0.0 (bayes)
2026-09-23 15:41:44,248 INFO: Plan 1: ḡ=0, γE[v]=0.0, Q=0.0 (fn)
2026-09-23 15:41:44,249 INFO: Plan 2: ḡ=0, γE[v]=0.0, Q=0.0 (fn)
2026-09-23 15:41:44,250 INFO: Plan 0: ḡ=0, γE[v]=0.0, Q=0.0 (fn)
2026-09-23 15:41:44,250 INFO: Plan 0: ḡ=0.0, γE[v]=0.0, Q=0.0 (bayes)
2026-09-23 15:41:44,250 INFO: Plan 1: ḡ=0.0, γE[v]=0.0, Q=0.0 (bayes)
2026-09-23 15:41:44,250 INFO: Plan 2: ḡ=0.0, γE[v]=0.0, Q=0.0 (bayes)
  [49/93] httpx._api seed=42: {'random': 6, 'cov_qvalue_tgt_fnt_bayes': 11}
2026-09-23 15:41:46,470 INFO: Plan 2: ḡ=0, γE[v]=0.0, Q=0.0 (fn)
2026-09-23 15:41:46,741 INFO: Plan 2: ḡ=28, γE[v]=0.0, Q=28.0 (fn)
2026-09-23 15:41:47,561 INFO: Plan 1: ḡ=83, γE[v]=0.0, Q=83.0 (fn)
2026-09-23 15:41:47,839 INFO: Plan 0: ḡ=2, γE[v]=0.0, Q=2.0 (fn)
2026-09-23 15:41:48,218 INFO: Plan 2: ḡ=15, γE[v]=0.0, Q=15.0 (fn)
2026-09-23 15:41:48,219 INFO: Plan 1: ḡ=7, γE[v]=0.0, Q=7.0 (fn)
2026-09-23 15:41:48,219 INFO: Plan 0: ḡ=0.4, γE[v]=0.5, Q=0.8 (bayes)
2026-09-23 15:41:48,219 INFO: Plan 1: ḡ=1.3, γE[v]=0.0, Q=1.3 (bayes)
2026-09-23 15:41:48,219 INFO: Plan 2: ḡ=0.0, γE[v]=0.7, Q=0.7 (bayes)
2026-09-23 15:41:48,690 INFO: Plan 1: ḡ=9, γE[v]=0.0, Q=9.0 (fn)
2026-09-23 15:41:49,063 INFO: Plan 0: ḡ=10, γE[v]=0.0, Q=10.0 (fn)
2026-09-23 15:41:49,064 INFO: Plan 0: ḡ=4.5, γE[v]=26.6, Q=31.1 (bayes)
2026-09-23 15:41:49,064 INFO: Plan 1: ḡ=39.2, γE[v]=9.2, Q=48.4 (bayes)
2026-09-23 15:41:49,064 INFO: Plan 2: ḡ=14.0, γE[v]=21.8, Q=35.8 (bayes)
  [50/93] pydantic.main seed=42: {'random': 119, 'cov_qvalue_tgt_fnt_bayes': 212}
2026-09-23 15:41:50,432 INFO: Plan 2: ḡ=164, γE[v]=0.0, Q=164.0 (fn)
2026-09-23 15:41:50,607 INFO: Plan 1: ḡ=163, γE[v]=0.5, Q=163.5 (fn)
2026-09-23 15:41:50,608 INFO: Plan 0: ḡ=4.9, γE[v]=20.2, Q=25.1 (bayes)
2026-09-23 15:41:50,608 INFO: Plan 1: ḡ=45.0, γE[v]=0.2, Q=45.2 (bayes)
2026-09-23 15:41:50,608 INFO: Plan 2: ḡ=45.2, γE[v]=0.0, Q=45.2 (bayes)
2026-09-23 15:41:51,699 INFO: Plan 1: ḡ=4, γE[v]=0.0, Q=4.0 (fn)
2026-09-23 15:41:51,700 INFO: Plan 0: ḡ=6, γE[v]=0.0, Q=6.0 (fn)
2026-09-23 15:41:52,253 INFO: Plan 0: ḡ=13, γE[v]=2.5, Q=15.5 (fn)
2026-09-23 15:41:52,253 INFO: Plan 0: ḡ=3.0, γE[v]=3.1, Q=6.1 (bayes)
2026-09-23 15:41:52,253 INFO: Plan 1: ḡ=2.7, γE[v]=3.1, Q=5.8 (bayes)
2026-09-23 15:41:52,254 INFO: Plan 2: ḡ=3.6, γE[v]=2.7, Q=6.3 (bayes)
2026-09-23 15:41:52,730 INFO: Plan 2: ḡ=6, γE[v]=2.0, Q=8.0 (fn)
2026-09-23 15:41:52,731 INFO: Plan 0: ḡ=2.0, γE[v]=0.7, Q=2.7 (bayes)
2026-09-23 15:41:52,731 INFO: Plan 1: ḡ=1.3, γE[v]=1.0, Q=2.3 (bayes)
2026-09-23 15:41:52,731 INFO: Plan 2: ḡ=2.0, γE[v]=0.8, Q=2.8 (bayes)
2026-09-23 15:42:03,926 INFO: Plan 0: ḡ=1, γE[v]=0.0, Q=1.0 (fn)
2026-09-23 15:42:04,389 INFO: Plan 1: ḡ=1, γE[v]=0.0, Q=1.0 (fn)
2026-09-23 15:42:04,428 INFO: Plan 2: ḡ=1, γE[v]=0.0, Q=1.0 (fn)
2026-09-23 15:42:04,429 INFO: Plan 0: ḡ=0.2, γE[v]=0.0, Q=0.2 (bayes)
2026-09-23 15:42:04,429 INFO: Plan 1: ḡ=0.2, γE[v]=0.0, Q=0.2 (bayes)
2026-09-23 15:42:04,429 INFO: Plan 2: ḡ=0.2, γE[v]=0.0, Q=0.2 (bayes)
2026-09-23 15:42:05,751 INFO: Plan 0: ḡ=17, γE[v]=0.0, Q=17.0 (fn)
2026-09-23 15:42:06,077 INFO: Plan 1: ḡ=14, γE[v]=0.0, Q=14.0 (fn)
2026-09-23 15:42:07,134 INFO: Plan 2: ḡ=16, γE[v]=0.0, Q=16.0 (fn)
2026-09-23 15:42:07,135 INFO: Plan 0: ḡ=3.5, γE[v]=2.2, Q=5.7 (bayes)
2026-09-23 15:42:07,135 INFO: Plan 1: ḡ=3.2, γE[v]=2.4, Q=5.6 (bayes)
2026-09-23 15:42:07,135 INFO: Plan 2: ḡ=4.0, γE[v]=2.0, Q=6.0 (bayes)
2026-09-23 15:42:08,715 INFO: Plan 2: ḡ=2, γE[v]=0.0, Q=2.0 (fn)
2026-09-23 15:42:09,652 INFO: Plan 1: ḡ=10, γE[v]=1.0, Q=11.0 (fn)
2026-09-23 15:42:11,240 INFO: Plan 0: ḡ=7, γE[v]=6.0, Q=13.0 (fn)
2026-09-23 15:42:11,241 INFO: Plan 0: ḡ=2.8, γE[v]=2.3, Q=5.2 (bayes)
2026-09-23 15:42:11,241 INFO: Plan 1: ḡ=3.3, γE[v]=1.8, Q=5.1 (bayes)
2026-09-23 15:42:11,241 INFO: Plan 2: ḡ=0.6, γE[v]=3.1, Q=3.7 (bayes)
2026-09-23 15:42:15,515 INFO: Plan 2: ḡ=12, γE[v]=0.0, Q=12.0 (fn)
2026-09-23 15:42:15,662 INFO: Plan 0: ḡ=6, γE[v]=0.0, Q=6.0 (fn)
2026-09-23 15:42:16,469 INFO: Plan 1: ḡ=11, γE[v]=0.0, Q=11.0 (fn)
2026-09-23 15:42:16,470 INFO: Plan 0: ḡ=1.3, γE[v]=2.7, Q=4.0 (bayes)
2026-09-23 15:42:16,470 INFO: Plan 1: ḡ=3.0, γE[v]=1.8, Q=4.8 (bayes)
2026-09-23 15:42:16,470 INFO: Plan 2: ḡ=3.0, γE[v]=1.8, Q=4.8 (bayes)
  [51/93] werkzeug.exceptions seed=42: {'random': 17, 'cov_qvalue_tgt_fnt_bayes': 31}
2026-09-23 15:42:18,082 INFO: Plan 1: ḡ=146, γE[v]=0.0, Q=146.0 (fn)
2026-09-23 15:42:18,900 INFO: Plan 0: ḡ=27, γE[v]=0.0, Q=27.0 (fn)
2026-09-23 15:42:19,141 INFO: Plan 2: ḡ=43, γE[v]=0.0, Q=43.0 (fn)
2026-09-23 15:42:19,141 INFO: Plan 0: ḡ=13.5, γE[v]=18.9, Q=32.4 (bayes)
2026-09-23 15:42:19,141 INFO: Plan 1: ḡ=24.7, γE[v]=13.3, Q=38.0 (bayes)
2026-09-23 15:42:19,141 INFO: Plan 2: ḡ=13.2, γE[v]=19.1, Q=32.2 (bayes)
2026-09-23 15:42:19,954 INFO: Plan 1: ḡ=0, γE[v]=0.0, Q=0.0 (fn)
2026-09-23 15:42:20,664 INFO: Plan 0: ḡ=0, γE[v]=0.0, Q=0.0 (fn)
2026-09-23 15:42:21,703 INFO: Plan 2: ḡ=0, γE[v]=0.0, Q=0.0 (fn)
2026-09-23 15:42:21,703 INFO: Plan 0: ḡ=0.0, γE[v]=0.0, Q=0.0 (bayes)
2026-09-23 15:42:21,703 INFO: Plan 1: ḡ=0.0, γE[v]=0.0, Q=0.0 (bayes)
2026-09-23 15:42:21,703 INFO: Plan 2: ḡ=0.0, γE[v]=0.0, Q=0.0 (bayes)
2026-09-23 15:42:24,470 INFO: Plan 1: ḡ=0, γE[v]=0.0, Q=0.0 (fn)
2026-09-23 15:42:24,858 INFO: Plan 0: ḡ=0, γE[v]=0.0, Q=0.0 (fn)
2026-09-23 15:42:25,047 INFO: Plan 2: ḡ=0, γE[v]=0.0, Q=0.0 (fn)
2026-09-23 15:42:25,048 INFO: Plan 0: ḡ=0.0, γE[v]=0.0, Q=0.0 (bayes)
2026-09-23 15:42:25,048 INFO: Plan 1: ḡ=0.0, γE[v]=0.0, Q=0.0 (bayes)
2026-09-23 15:42:25,048 INFO: Plan 2: ḡ=0.0, γE[v]=0.0, Q=0.0 (bayes)
2026-09-23 15:42:28,080 INFO: Plan 0: ḡ=19, γE[v]=0.0, Q=19.0 (fn)
2026-09-23 15:42:28,926 INFO: Plan 1: ḡ=6, γE[v]=0.0, Q=6.0 (fn)
2026-09-23 15:42:29,489 INFO: Plan 2: ḡ=24, γE[v]=0.0, Q=24.0 (fn)
2026-09-23 15:42:29,489 INFO: Plan 0: ḡ=6.3, γE[v]=5.1, Q=11.5 (bayes)
2026-09-23 15:42:29,489 INFO: Plan 1: ḡ=2.2, γE[v]=7.2, Q=9.4 (bayes)
2026-09-23 15:42:29,490 INFO: Plan 2: ḡ=8.0, γE[v]=4.3, Q=12.3 (bayes)
2026-09-23 15:42:32,237 INFO: Plan 0: ḡ=3, γE[v]=0.0, Q=3.0 (fn)
2026-09-23 15:42:32,653 INFO: Plan 1: ḡ=3, γE[v]=0.0, Q=3.0 (fn)
2026-09-23 15:42:33,009 INFO: Plan 2: ḡ=3, γE[v]=0.0, Q=3.0 (fn)
2026-09-23 15:42:33,010 INFO: Plan 0: ḡ=0.6, γE[v]=0.0, Q=0.6 (bayes)
2026-09-23 15:42:33,010 INFO: Plan 1: ḡ=0.6, γE[v]=0.0, Q=0.6 (bayes)
2026-09-23 15:42:33,010 INFO: Plan 2: ḡ=0.6, γE[v]=0.0, Q=0.6 (bayes)
2026-09-23 15:42:33,741 INFO: Plan 0: ḡ=15, γE[v]=0.0, Q=15.0 (fn)
2026-09-23 15:42:33,955 INFO: Plan 1: ḡ=19, γE[v]=0.0, Q=19.0 (fn)
2026-09-23 15:42:34,936 INFO: Plan 2: ḡ=2, γE[v]=0.0, Q=2.0 (fn)
2026-09-23 15:42:35,161 INFO: Plan 2: ḡ=19, γE[v]=7.5, Q=26.5 (fn)
2026-09-23 15:42:35,161 INFO: Plan 0: ḡ=2.5, γE[v]=1.6, Q=4.1 (bayes)
2026-09-23 15:42:35,161 INFO: Plan 1: ḡ=3.2, γE[v]=1.2, Q=4.4 (bayes)
2026-09-23 15:42:35,161 INFO: Plan 2: ḡ=3.2, γE[v]=1.8, Q=5.0 (bayes)
2026-09-23 15:42:36,193 INFO: Plan 1: ḡ=4, γE[v]=0.0, Q=4.0 (fn)
2026-09-23 15:42:36,396 INFO: Plan 2: ḡ=2, γE[v]=0.0, Q=2.0 (fn)
  [52/93] httpx._main seed=42: {'random': 57, 'cov_qvalue_tgt_fnt_bayes': 80}
2026-09-23 15:42:37,613 INFO: Plan 0: ḡ=54, γE[v]=0.0, Q=54.0 (fn)
2026-09-23 15:42:37,870 INFO: Plan 0: ḡ=3, γE[v]=2.0, Q=5.0 (fn)
2026-09-23 15:42:37,870 INFO: Plan 0: ḡ=0.5, γE[v]=0.5, Q=1.0 (bayes)
2026-09-23 15:42:37,870 INFO: Plan 1: ḡ=0.7, γE[v]=0.2, Q=0.9 (bayes)
2026-09-23 15:42:37,870 INFO: Plan 2: ḡ=0.3, γE[v]=0.4, Q=0.8 (bayes)
2026-09-23 15:42:38,077 INFO: Plan 1: ḡ=53, γE[v]=0.5, Q=53.5 (fn)
2026-09-23 15:42:38,078 INFO: Plan 0: ḡ=10.8, γE[v]=0.0, Q=10.8 (bayes)
2026-09-23 15:42:38,078 INFO: Plan 1: ḡ=10.6, γE[v]=0.1, Q=10.7 (bayes)
2026-09-23 15:42:38,078 INFO: Plan 2: ḡ=0.4, γE[v]=5.2, Q=5.6 (bayes)
  [53/93] pydantic.functional_validators seed=42: {'random': 35, 'cov_qvalue_tgt_fnt_bayes': 48}
2026-09-23 15:42:46,863 INFO: Plan 0: ḡ=32, γE[v]=0.0, Q=32.0 (fn)
2026-09-23 15:42:48,456 INFO: Plan 1: ḡ=50, γE[v]=0.0, Q=50.0 (fn)
2026-09-23 15:42:48,753 INFO: Plan 2: ḡ=56, γE[v]=0.0, Q=56.0 (fn)
2026-09-23 15:42:48,753 INFO: Plan 0: ḡ=14.2, γE[v]=23.9, Q=38.1 (bayes)
2026-09-23 15:42:48,753 INFO: Plan 1: ḡ=14.2, γE[v]=23.9, Q=38.1 (bayes)
2026-09-23 15:42:48,753 INFO: Plan 2: ḡ=17.0, γE[v]=22.5, Q=39.5 (bayes)
2026-09-23 15:42:48,933 INFO: Plan 0: ḡ=98, γE[v]=23.5, Q=121.5 (fn)
2026-09-23 15:42:49,468 INFO: Plan 1: ḡ=98, γE[v]=20.5, Q=118.5 (fn)
  [54/93] httpx._models seed=42: {'random': 86, 'cov_qvalue_tgt_fnt_bayes': 213}
2026-09-23 15:42:51,256 INFO: Plan 2: ḡ=113, γE[v]=29.0, Q=142.0 (fn)
2026-09-23 15:42:51,257 INFO: Plan 0: ḡ=16.3, γE[v]=8.7, Q=25.1 (bayes)
2026-09-23 15:42:51,257 INFO: Plan 1: ḡ=16.3, γE[v]=8.5, Q=24.8 (bayes)
2026-09-23 15:42:51,257 INFO: Plan 2: ḡ=19.4, γE[v]=7.6, Q=27.0 (bayes)
2026-09-23 15:42:51,694 INFO: Plan 2: ḡ=0, γE[v]=0.0, Q=0.0 (fn)
2026-09-23 15:42:52,530 INFO: Plan 0: ḡ=0, γE[v]=0.0, Q=0.0 (fn)
2026-09-23 15:42:52,860 INFO: Plan 1: ḡ=0, γE[v]=0.0, Q=0.0 (fn)
2026-09-23 15:42:52,861 INFO: Plan 0: ḡ=0.0, γE[v]=0.0, Q=0.0 (bayes)
2026-09-23 15:42:52,861 INFO: Plan 1: ḡ=0.0, γE[v]=0.0, Q=0.0 (bayes)
2026-09-23 15:42:52,861 INFO: Plan 2: ḡ=0.0, γE[v]=0.0, Q=0.0 (bayes)
  [55/93] pydantic.config seed=42: {'random': 1, 'cov_qvalue_tgt_fnt_bayes': 1}
2026-09-23 15:42:53,697 INFO: Plan 0: ḡ=32, γE[v]=0.0, Q=32.0 (fn)
2026-09-23 15:42:54,622 INFO: Plan 0: ḡ=5, γE[v]=0.0, Q=5.0 (fn)
2026-09-23 15:42:54,623 INFO: Plan 1: ḡ=3, γE[v]=0.0, Q=3.0 (fn)
2026-09-23 15:42:55,512 INFO: Plan 2: ḡ=10, γE[v]=0.0, Q=10.0 (fn)
2026-09-23 15:42:55,512 INFO: Plan 0: ḡ=1.8, γE[v]=3.0, Q=4.8 (bayes)
2026-09-23 15:42:55,512 INFO: Plan 1: ḡ=1.0, γE[v]=3.4, Q=4.4 (bayes)
2026-09-23 15:42:55,512 INFO: Plan 2: ḡ=5.0, γE[v]=1.4, Q=6.4 (bayes)
2026-09-23 15:42:56,383 INFO: Plan 1: ḡ=78, γE[v]=13.0, Q=91.0 (fn)
  [56/93] httpx._utils seed=42: {'random': 14, 'cov_qvalue_tgt_fnt_bayes': 64}
2026-09-23 15:42:56,835 INFO: Plan 0: ḡ=2, γE[v]=0.0, Q=2.0 (fn)
2026-09-23 15:42:57,096 INFO: Plan 2: ḡ=0, γE[v]=0.0, Q=0.0 (fn)
2026-09-23 15:42:57,884 INFO: Plan 1: ḡ=1, γE[v]=0.5, Q=1.5 (fn)
2026-09-23 15:42:57,885 INFO: Plan 0: ḡ=0.4, γE[v]=0.0, Q=0.4 (bayes)
2026-09-23 15:42:57,885 INFO: Plan 1: ḡ=0.2, γE[v]=0.2, Q=0.3 (bayes)
2026-09-23 15:42:57,885 INFO: Plan 2: ḡ=0.0, γE[v]=0.2, Q=0.2 (bayes)
  [57/93] jinja2.sandbox seed=42: {'random': 2, 'cov_qvalue_tgt_fnt_bayes': 94}
2026-09-23 15:43:00,258 INFO: Plan 2: ḡ=25, γE[v]=46.0, Q=71.0 (fn)
2026-09-23 15:43:00,258 INFO: Plan 0: ḡ=13.7, γE[v]=42.1, Q=55.8 (bayes)
2026-09-23 15:43:00,259 INFO: Plan 1: ḡ=39.0, γE[v]=30.0, Q=69.0 (bayes)
2026-09-23 15:43:00,259 INFO: Plan 2: ḡ=8.5, γE[v]=46.8, Q=55.3 (bayes)
2026-09-23 15:43:03,187 INFO: Plan 0: ḡ=20, γE[v]=0.0, Q=20.0 (fn)
2026-09-23 15:43:04,238 INFO: Plan 1: ḡ=20, γE[v]=0.0, Q=20.0 (fn)
2026-09-23 15:43:08,191 INFO: Plan 0: ḡ=34, γE[v]=0.0, Q=34.0 (fn)
2026-09-23 15:43:09,288 INFO: Plan 1: ḡ=68, γE[v]=0.0, Q=68.0 (fn)
2026-09-23 15:43:09,415 INFO: Plan 2: ḡ=31, γE[v]=0.0, Q=31.0 (fn)
2026-09-23 15:43:09,416 INFO: Plan 0: ḡ=11.2, γE[v]=71.5, Q=82.7 (bayes)
2026-09-23 15:43:09,416 INFO: Plan 1: ḡ=24.0, γE[v]=65.1, Q=89.1 (bayes)
2026-09-23 15:43:09,416 INFO: Plan 2: ḡ=12.7, γE[v]=70.8, Q=83.4 (bayes)
2026-09-23 15:43:10,253 INFO: Plan 2: ḡ=0, γE[v]=0.0, Q=0.0 (fn)
  [58/93] pydantic.json_schema seed=42: {'random': 181, 'cov_qvalue_tgt_fnt_bayes': 256}
2026-09-23 15:43:10,951 INFO: Plan 0: ḡ=2, γE[v]=0.0, Q=2.0 (fn)
2026-09-23 15:43:11,246 INFO: Plan 1: ḡ=1, γE[v]=0.5, Q=1.5 (fn)
2026-09-23 15:43:11,247 INFO: Plan 0: ḡ=0.7, γE[v]=0.0, Q=0.7 (bayes)
2026-09-23 15:43:11,247 INFO: Plan 1: ḡ=0.3, γE[v]=0.2, Q=0.5 (bayes)
2026-09-23 15:43:11,247 INFO: Plan 2: ḡ=0.0, γE[v]=0.3, Q=0.3 (bayes)
  [59/93] werkzeug.local seed=42: {'random': 22, 'cov_qvalue_tgt_fnt_bayes': 51}
2026-09-23 15:43:12,184 INFO: Plan 1: ḡ=0, γE[v]=0.0, Q=0.0 (fn)
2026-09-23 15:43:12,697 INFO: Plan 2: ḡ=0, γE[v]=0.0, Q=0.0 (fn)
2026-09-23 15:43:12,865 INFO: Plan 0: ḡ=7, γE[v]=0.0, Q=7.0 (fn)
2026-09-23 15:43:12,866 INFO: Plan 0: ḡ=1.8, γE[v]=0.0, Q=1.8 (bayes)
2026-09-23 15:43:12,866 INFO: Plan 1: ḡ=0.0, γE[v]=0.9, Q=0.9 (bayes)
2026-09-23 15:43:12,866 INFO: Plan 2: ḡ=0.0, γE[v]=0.9, Q=0.9 (bayes)
2026-09-23 15:43:13,564 INFO: Plan 0: ḡ=0, γE[v]=0.0, Q=0.0 (fn)
2026-09-23 15:43:13,778 INFO: Plan 2: ḡ=10, γE[v]=19.5, Q=29.5 (fn)
2026-09-23 15:43:13,779 INFO: Plan 0: ḡ=6.6, γE[v]=33.2, Q=39.8 (bayes)
2026-09-23 15:43:13,779 INFO: Plan 1: ḡ=9.2, γE[v]=32.0, Q=41.1 (bayes)
2026-09-23 15:43:13,779 INFO: Plan 2: ḡ=5.0, γE[v]=34.9, Q=39.9 (bayes)
  [60/93] httpx._config seed=42: {'random': 18, 'cov_qvalue_tgt_fnt_bayes': 24}
  [61/93] werkzeug.datastructures.structures seed=42: {'random': 3, 'cov_qvalue_tgt_fnt_bayes': 102}
2026-09-23 15:43:14,830 INFO: Plan 1: ḡ=0, γE[v]=0.0, Q=0.0 (fn)
2026-09-23 15:43:14,874 INFO: Plan 2: ḡ=0, γE[v]=0.0, Q=0.0 (fn)
2026-09-23 15:43:14,874 INFO: Plan 0: ḡ=0.0, γE[v]=0.0, Q=0.0 (bayes)
2026-09-23 15:43:14,875 INFO: Plan 1: ḡ=0.0, γE[v]=0.0, Q=0.0 (bayes)
2026-09-23 15:43:14,875 INFO: Plan 2: ḡ=0.0, γE[v]=0.0, Q=0.0 (bayes)
2026-09-23 15:43:15,623 INFO: Plan 0: ḡ=3, γE[v]=0.0, Q=3.0 (fn)
  [62/93] pydantic.functional_serializers seed=42: {'random': 22, 'cov_qvalue_tgt_fnt_bayes': 23}
2026-09-23 15:43:16,589 INFO: Plan 1: ḡ=5, γE[v]=1.5, Q=6.5 (fn)
2026-09-23 15:43:16,853 INFO: Plan 2: ḡ=5, γE[v]=1.5, Q=6.5 (fn)
2026-09-23 15:43:16,854 INFO: Plan 0: ḡ=0.4, γE[v]=0.4, Q=0.8 (bayes)
2026-09-23 15:43:16,854 INFO: Plan 1: ḡ=0.7, γE[v]=0.3, Q=1.0 (bayes)
2026-09-23 15:43:16,854 INFO: Plan 2: ḡ=0.7, γE[v]=0.3, Q=1.0 (bayes)
  [63/93] httpx._transports.default seed=42: {'random': 5, 'cov_qvalue_tgt_fnt_bayes': 19}
2026-09-23 15:43:22,189 INFO: Plan 2: ḡ=15, γE[v]=0.0, Q=15.0 (fn)
2026-09-23 15:43:22,190 INFO: Plan 0: ḡ=1, γE[v]=0.0, Q=1.0 (fn)
2026-09-23 15:43:22,570 INFO: Plan 1: ḡ=1, γE[v]=0.0, Q=1.0 (fn)
2026-09-23 15:43:22,570 INFO: Plan 0: ḡ=0.2, γE[v]=1.2, Q=1.4 (bayes)
2026-09-23 15:43:22,570 INFO: Plan 1: ḡ=0.2, γE[v]=1.2, Q=1.4 (bayes)
2026-09-23 15:43:22,570 INFO: Plan 2: ḡ=2.1, γE[v]=0.2, Q=2.4 (bayes)
2026-09-23 15:43:23,107 INFO: Plan 2: ḡ=135, γE[v]=64.5, Q=199.5 (fn)
  [64/93] pydantic.type_adapter seed=42: {'random': 16, 'cov_qvalue_tgt_fnt_bayes': 16}
2026-09-23 15:43:23,657 INFO: Plan 0: ḡ=130, γE[v]=67.0, Q=197.0 (fn)
2026-09-23 15:43:23,819 INFO: Plan 1: ḡ=161, γE[v]=51.5, Q=212.5 (fn)
2026-09-23 15:43:23,819 INFO: Plan 0: ḡ=21.7, γE[v]=16.2, Q=37.9 (bayes)
2026-09-23 15:43:23,820 INFO: Plan 1: ḡ=26.8, γE[v]=12.5, Q=39.3 (bayes)
2026-09-23 15:43:23,820 INFO: Plan 2: ḡ=22.6, γE[v]=15.6, Q=38.2 (bayes)
2026-09-23 15:43:27,960 INFO: Plan 1: ḡ=34, γE[v]=0.0, Q=34.0 (fn)
2026-09-23 15:43:28,291 INFO: Plan 0: ḡ=41, γE[v]=0.0, Q=41.0 (fn)
2026-09-23 15:43:31,920 INFO: Plan 2: ḡ=23, γE[v]=0.0, Q=23.0 (fn)
2026-09-23 15:43:31,921 INFO: Plan 0: ḡ=14.2, γE[v]=41.2, Q=55.5 (bayes)
2026-09-23 15:43:31,921 INFO: Plan 1: ḡ=12.8, γE[v]=42.0, Q=54.8 (bayes)
2026-09-23 15:43:31,921 INFO: Plan 2: ḡ=11.5, γE[v]=42.6, Q=54.1 (bayes)
  [65/93] pydantic.types seed=42: {'random': 100, 'cov_qvalue_tgt_fnt_bayes': 124}
2026-09-23 15:43:35,304 INFO: Plan 0: ḡ=17, γE[v]=0.0, Q=17.0 (fn)
2026-09-23 15:43:38,120 INFO: Plan 2: ḡ=32, γE[v]=6.5, Q=38.5 (fn)
2026-09-23 15:43:38,306 INFO: Plan 1: ḡ=0, γE[v]=0.0, Q=0.0 (fn)
2026-09-23 15:43:39,471 INFO: Plan 0: ḡ=0, γE[v]=0.0, Q=0.0 (fn)
2026-09-23 15:43:39,508 INFO: Plan 2: ḡ=0, γE[v]=0.0, Q=0.0 (fn)
2026-09-23 15:43:39,509 INFO: Plan 0: ḡ=0.0, γE[v]=0.0, Q=0.0 (bayes)
2026-09-23 15:43:39,509 INFO: Plan 1: ḡ=0.0, γE[v]=0.0, Q=0.0 (bayes)
2026-09-23 15:43:39,509 INFO: Plan 2: ḡ=0.0, γE[v]=0.0, Q=0.0 (bayes)
2026-09-23 15:43:39,978 INFO: Plan 0: ḡ=8, γE[v]=0.0, Q=8.0 (fn)
2026-09-23 15:43:41,045 INFO: Plan 1: ḡ=22, γE[v]=23.0, Q=45.0 (fn)
2026-09-23 15:43:41,045 INFO: Plan 0: ḡ=4.8, γE[v]=4.1, Q=8.8 (bayes)
2026-09-23 15:43:41,046 INFO: Plan 1: ḡ=4.3, γE[v]=6.0, Q=10.3 (bayes)
2026-09-23 15:43:41,046 INFO: Plan 2: ḡ=4.7, γE[v]=4.6, Q=9.3 (bayes)
2026-09-23 15:43:41,724 INFO: Plan 2: ḡ=10, γE[v]=0.0, Q=10.0 (fn)
  [66/93] werkzeug.routing.rules seed=42: {'random': 16, 'cov_qvalue_tgt_fnt_bayes': 101}
2026-09-23 15:43:42,128 INFO: Plan 1: ḡ=7, γE[v]=1.5, Q=8.5 (fn)
2026-09-23 15:43:42,168 INFO: Plan 0: ḡ=9, γE[v]=0.5, Q=9.5 (fn)
2026-09-23 15:43:42,169 INFO: Plan 0: ḡ=1.8, γE[v]=0.1, Q=1.9 (bayes)
2026-09-23 15:43:42,169 INFO: Plan 1: ḡ=1.4, γE[v]=0.4, Q=1.8 (bayes)
2026-09-23 15:43:42,169 INFO: Plan 2: ḡ=2.0, γE[v]=0.0, Q=2.0 (bayes)
2026-09-23 15:43:42,443 INFO: Plan 0: ḡ=1, γE[v]=0.0, Q=1.0 (fn)
2026-09-23 15:43:42,809 INFO: Plan 0: ḡ=237, γE[v]=0.0, Q=237.0 (fn)
  [67/93] pydantic.networks seed=42: {'random': 34, 'cov_qvalue_tgt_fnt_bayes': 35}
2026-09-23 15:43:43,312 INFO: Plan 1: ḡ=59, γE[v]=0.0, Q=59.0 (fn)
2026-09-23 15:43:43,472 INFO: Plan 2: ḡ=8, γE[v]=0.0, Q=8.0 (fn)
2026-09-23 15:43:43,984 INFO: Plan 1: ḡ=8, γE[v]=0.0, Q=8.0 (fn)
2026-09-23 15:43:43,984 INFO: Plan 0: ḡ=0.2, γE[v]=0.9, Q=1.1 (bayes)
2026-09-23 15:43:43,984 INFO: Plan 1: ḡ=2.0, γE[v]=0.0, Q=2.0 (bayes)
2026-09-23 15:43:43,984 INFO: Plan 2: ḡ=2.0, γE[v]=0.0, Q=2.0 (bayes)
2026-09-23 15:43:44,502 INFO: Plan 1: ḡ=12, γE[v]=12.5, Q=24.5 (fn)
2026-09-23 15:43:45,337 INFO: Plan 2: ḡ=0, γE[v]=0.0, Q=0.0 (fn)
2026-09-23 15:43:45,377 INFO: Plan 1: ḡ=0, γE[v]=0.0, Q=0.0 (fn)
2026-09-23 15:43:45,713 INFO: Plan 0: ḡ=1, γE[v]=0.0, Q=1.0 (fn)
2026-09-23 15:43:45,715 INFO: Plan 0: ḡ=28, γE[v]=0.0, Q=28.0 (fn)
2026-09-23 15:43:45,715 INFO: Plan 0: ḡ=0.2, γE[v]=0.0, Q=0.2 (bayes)
2026-09-23 15:43:45,716 INFO: Plan 1: ḡ=0.0, γE[v]=0.1, Q=0.1 (bayes)
2026-09-23 15:43:45,716 INFO: Plan 2: ḡ=0.0, γE[v]=0.1, Q=0.1 (bayes)
2026-09-23 15:43:46,263 INFO: Plan 2: ḡ=17, γE[v]=24.5, Q=41.5 (fn)
2026-09-23 15:43:46,263 INFO: Plan 0: ḡ=3.0, γE[v]=54.6, Q=57.6 (bayes)
2026-09-23 15:43:46,263 INFO: Plan 1: ḡ=4.8, γE[v]=54.2, Q=59.1 (bayes)
2026-09-23 15:43:46,263 INFO: Plan 2: ḡ=5.7, γE[v]=54.7, Q=60.4 (bayes)
  [68/93] starlette.applications seed=42: {'random': 2, 'cov_qvalue_tgt_fnt_bayes': 8}
2026-09-23 15:43:46,667 INFO: Plan 0: ḡ=1, γE[v]=0.0, Q=1.0 (fn)
2026-09-23 15:43:46,705 INFO: Plan 2: ḡ=9, γE[v]=4.0, Q=13.0 (fn)
2026-09-23 15:43:47,730 INFO: Plan 1: ḡ=13, γE[v]=0.0, Q=13.0 (fn)
2026-09-23 15:43:47,943 INFO: Plan 1: ḡ=48, γE[v]=3.5, Q=51.5 (fn)
2026-09-23 15:43:47,944 INFO: Plan 0: ḡ=1, γE[v]=0.0, Q=1.0 (fn)
2026-09-23 15:43:47,944 INFO: Plan 0: ḡ=13.2, γE[v]=9.6, Q=22.8 (bayes)
2026-09-23 15:43:47,944 INFO: Plan 1: ḡ=15.2, γE[v]=8.7, Q=24.0 (bayes)
2026-09-23 15:43:47,944 INFO: Plan 2: ḡ=4.5, γE[v]=14.2, Q=18.7 (bayes)
2026-09-23 15:43:48,527 INFO: Plan 2: ḡ=14, γE[v]=0.0, Q=14.0 (fn)
2026-09-23 15:43:48,528 INFO: Plan 0: ḡ=0.2, γE[v]=1.6, Q=1.8 (bayes)
2026-09-23 15:43:48,528 INFO: Plan 1: ḡ=3.2, γE[v]=0.1, Q=3.4 (bayes)
2026-09-23 15:43:48,528 INFO: Plan 2: ḡ=3.5, γE[v]=0.0, Q=3.5 (bayes)
2026-09-23 15:43:49,265 INFO: Plan 1: ḡ=2, γE[v]=0.0, Q=2.0 (fn)
2026-09-23 15:43:49,553 INFO: Plan 2: ḡ=6, γE[v]=0.0, Q=6.0 (fn)
2026-09-23 15:43:49,554 INFO: Plan 2: ḡ=1, γE[v]=0.0, Q=1.0 (fn)
2026-09-23 15:43:49,555 INFO: Plan 0: ḡ=0.2, γE[v]=0.4, Q=0.6 (bayes)
2026-09-23 15:43:49,555 INFO: Plan 1: ḡ=0.3, γE[v]=0.3, Q=0.6 (bayes)
2026-09-23 15:43:49,555 INFO: Plan 2: ḡ=1.0, γE[v]=0.0, Q=1.0 (bayes)
  [69/93] httpx._auth seed=42: {'random': 48, 'cov_qvalue_tgt_fnt_bayes': 82}
2026-09-23 15:43:49,857 INFO: Plan 0: ḡ=0, γE[v]=0.0, Q=0.0 (fn)
2026-09-23 15:43:49,899 INFO: Plan 1: ḡ=0, γE[v]=0.0, Q=0.0 (fn)
2026-09-23 15:43:49,900 INFO: Plan 2: ḡ=0, γE[v]=0.0, Q=0.0 (fn)
2026-09-23 15:43:49,900 INFO: Plan 0: ḡ=0.0, γE[v]=0.0, Q=0.0 (bayes)
2026-09-23 15:43:49,900 INFO: Plan 1: ḡ=0.0, γE[v]=0.0, Q=0.0 (bayes)
2026-09-23 15:43:49,900 INFO: Plan 2: ḡ=0.0, γE[v]=0.0, Q=0.0 (bayes)
  [70/93] jinja2.bccache seed=42: {'random': 3, 'cov_qvalue_tgt_fnt_bayes': 21}
2026-09-23 15:43:50,761 INFO: Plan 1: ḡ=4, γE[v]=0.0, Q=4.0 (fn)
2026-09-23 15:43:50,762 INFO: Plan 0: ḡ=6, γE[v]=0.0, Q=6.0 (fn)
2026-09-23 15:43:50,804 INFO: Plan 0: ḡ=7, γE[v]=1.5, Q=8.5 (fn)
2026-09-23 15:43:50,805 INFO: Plan 2: ḡ=6, γE[v]=0.0, Q=6.0 (fn)
2026-09-23 15:43:50,805 INFO: Plan 0: ḡ=1.5, γE[v]=0.5, Q=2.0 (bayes)
2026-09-23 15:43:50,805 INFO: Plan 1: ḡ=1.0, γE[v]=0.8, Q=1.8 (bayes)
2026-09-23 15:43:50,805 INFO: Plan 2: ḡ=1.5, γE[v]=0.5, Q=2.0 (bayes)
  [71/93] httpx._urlparse seed=42: {'random': 4, 'cov_qvalue_tgt_fnt_bayes': 64}
2026-09-23 15:43:51,474 INFO: Plan 0: ḡ=12, γE[v]=0.0, Q=12.0 (fn)
  [72/93] pydantic.fields seed=42: {'random': 92, 'cov_qvalue_tgt_fnt_bayes': 130}
2026-09-23 15:43:51,921 INFO: Plan 2: ḡ=15, γE[v]=0.0, Q=15.0 (fn)
2026-09-23 15:43:52,108 INFO: Plan 1: ḡ=8, γE[v]=0.0, Q=8.0 (fn)
2026-09-23 15:43:52,110 INFO: Plan 1: ḡ=4, γE[v]=4.0, Q=8.0 (fn)
2026-09-23 15:43:52,110 INFO: Plan 0: ḡ=2.7, γE[v]=2.8, Q=5.4 (bayes)
2026-09-23 15:43:52,110 INFO: Plan 0: ḡ=1.8, γE[v]=0.7, Q=2.5 (bayes)
2026-09-23 15:43:52,111 INFO: Plan 1: ḡ=2.3, γE[v]=2.9, Q=5.3 (bayes)
2026-09-23 15:43:52,111 INFO: Plan 1: ḡ=1.0, γE[v]=1.2, Q=2.2 (bayes)
2026-09-23 15:43:52,111 INFO: Plan 2: ḡ=2.9, γE[v]=2.7, Q=5.6 (bayes)
2026-09-23 15:43:52,111 INFO: Plan 2: ḡ=0.2, γE[v]=1.4, Q=1.6 (bayes)
2026-09-23 15:43:52,569 INFO: Plan 0: ḡ=43, γE[v]=0.0, Q=43.0 (fn)
  [73/93] werkzeug.wsgi seed=42: {'random': 10, 'cov_qvalue_tgt_fnt_bayes': 50}
2026-09-23 15:43:53,311 INFO: Plan 1: ḡ=70, γE[v]=0.0, Q=70.0 (fn)
  [74/93] httpx._urls seed=42: {'random': 37, 'cov_qvalue_tgt_fnt_bayes': 68}
2026-09-23 15:43:54,333 INFO: Plan 2: ḡ=31, γE[v]=0.0, Q=31.0 (fn)
2026-09-23 15:43:54,333 INFO: Plan 0: ḡ=13.0, γE[v]=44.1, Q=57.1 (bayes)
2026-09-23 15:43:54,333 INFO: Plan 1: ḡ=26.6, γE[v]=37.3, Q=63.9 (bayes)
2026-09-23 15:43:54,333 INFO: Plan 2: ḡ=13.7, γE[v]=43.8, Q=57.4 (bayes)
  [75/93] werkzeug.http seed=42: {'random': 18, 'cov_qvalue_tgt_fnt_bayes': 104}
2026-09-23 15:43:57,696 INFO: Plan 2: ḡ=70, γE[v]=141.0, Q=211.0 (fn)
2026-09-23 15:43:57,697 INFO: Plan 0: ḡ=39.9, γE[v]=51.9, Q=91.7 (bayes)
2026-09-23 15:43:57,697 INFO: Plan 1: ḡ=29.0, γE[v]=57.3, Q=86.3 (bayes)
2026-09-23 15:43:57,697 INFO: Plan 2: ḡ=19.4, γE[v]=72.5, Q=92.0 (bayes)
2026-09-23 15:43:58,335 INFO: Plan 2: ḡ=2, γE[v]=0.0, Q=2.0 (fn)
2026-09-23 15:43:58,984 INFO: Plan 1: ḡ=7, γE[v]=0.0, Q=7.0 (fn)
2026-09-23 15:43:59,725 INFO: Plan 0: ḡ=10, γE[v]=0.5, Q=10.5 (fn)
2026-09-23 15:43:59,726 INFO: Plan 0: ḡ=2.0, γE[v]=1.0, Q=3.0 (bayes)
2026-09-23 15:43:59,726 INFO: Plan 1: ḡ=1.5, γE[v]=1.2, Q=2.7 (bayes)
2026-09-23 15:43:59,726 INFO: Plan 2: ḡ=0.5, γE[v]=1.7, Q=2.2 (bayes)
2026-09-23 15:43:59,799 INFO: Plan 0: ḡ=1, γE[v]=0.0, Q=1.0 (fn)
2026-09-23 15:44:00,250 INFO: Plan 2: ḡ=1, γE[v]=0.0, Q=1.0 (fn)
2026-09-23 15:44:00,420 INFO: Plan 1: ḡ=1, γE[v]=0.0, Q=1.0 (fn)
2026-09-23 15:44:00,421 INFO: Plan 0: ḡ=0.2, γE[v]=0.0, Q=0.2 (bayes)
2026-09-23 15:44:00,421 INFO: Plan 1: ḡ=0.2, γE[v]=0.0, Q=0.2 (bayes)
2026-09-23 15:44:00,421 INFO: Plan 2: ḡ=0.2, γE[v]=0.0, Q=0.2 (bayes)
  [76/93] werkzeug.sansio.response seed=42: {'random': 60, 'cov_qvalue_tgt_fnt_bayes': 72}
2026-09-23 15:44:00,847 INFO: Plan 2: ḡ=107, γE[v]=0.0, Q=107.0 (fn)
2026-09-23 15:44:00,848 INFO: Plan 1: ḡ=84, γE[v]=0.0, Q=84.0 (fn)
2026-09-23 15:44:03,547 INFO: Plan 0: ḡ=146, γE[v]=0.0, Q=146.0 (fn)
2026-09-23 15:44:03,548 INFO: Plan 0: ḡ=38.7, γE[v]=12.8, Q=51.5 (bayes)
2026-09-23 15:44:03,548 INFO: Plan 1: ḡ=21.7, γE[v]=21.4, Q=43.0 (bayes)
2026-09-23 15:44:03,548 INFO: Plan 2: ḡ=24.4, γE[v]=20.0, Q=44.4 (bayes)
  [77/93] httpx._client seed=42: {'random': 41, 'cov_qvalue_tgt_fnt_bayes': 107}
2026-09-23 15:44:09,044 INFO: Plan 1: ḡ=163, γE[v]=0.5, Q=163.5 (fn)
2026-09-23 15:44:10,120 INFO: Plan 2: ḡ=29, γE[v]=0.0, Q=29.0 (fn)
2026-09-23 15:44:10,162 INFO: Plan 1: ḡ=0, γE[v]=0.0, Q=0.0 (fn)
2026-09-23 15:44:10,163 INFO: Plan 0: ḡ=0, γE[v]=0.0, Q=0.0 (fn)
2026-09-23 15:44:10,380 INFO: Plan 2: ḡ=154, γE[v]=5.0, Q=159.0 (fn)
2026-09-23 15:44:10,959 INFO: Plan 0: ḡ=139, γE[v]=7.0, Q=146.0 (fn)
2026-09-23 15:44:11,893 INFO: Plan 2: ḡ=0, γE[v]=0.0, Q=0.0 (fn)
2026-09-23 15:44:11,893 INFO: Plan 0: ḡ=0.0, γE[v]=0.0, Q=0.0 (bayes)
2026-09-23 15:44:11,893 INFO: Plan 1: ḡ=0.0, γE[v]=0.0, Q=0.0 (bayes)
2026-09-23 15:44:11,893 INFO: Plan 2: ḡ=0.0, γE[v]=0.0, Q=0.0 (bayes)
2026-09-23 15:44:12,439 INFO: Plan 1: ḡ=188, γE[v]=4.0, Q=192.0 (fn)
2026-09-23 15:44:12,440 INFO: Plan 0: ḡ=22.7, γE[v]=8.1, Q=30.8 (bayes)
2026-09-23 15:44:12,440 INFO: Plan 1: ḡ=33.9, γE[v]=2.2, Q=36.1 (bayes)
2026-09-23 15:44:12,440 INFO: Plan 2: ḡ=9.7, γE[v]=14.1, Q=23.8 (bayes)
2026-09-23 15:44:12,657 INFO: Plan 0: ḡ=13, γE[v]=75.0, Q=88.0 (fn)
2026-09-23 15:44:12,658 INFO: Plan 0: ḡ=3.2, γE[v]=21.4, Q=24.6 (bayes)
2026-09-23 15:44:12,658 INFO: Plan 1: ḡ=35.1, γE[v]=0.1, Q=35.3 (bayes)
2026-09-23 15:44:12,658 INFO: Plan 2: ḡ=32.9, γE[v]=1.6, Q=34.4 (bayes)
  [78/93] starlette.staticfiles seed=42: {'random': 6, 'cov_qvalue_tgt_fnt_bayes': 20}
  [79/93] werkzeug.utils seed=42: {'random': 11, 'cov_qvalue_tgt_fnt_bayes': 40}
2026-09-23 15:44:23,326 INFO: Plan 0: ḡ=12, γE[v]=0.0, Q=12.0 (fn)
2026-09-23 15:44:23,978 INFO: Plan 1: ḡ=11, γE[v]=0.0, Q=11.0 (fn)
2026-09-23 15:44:24,786 INFO: Plan 2: ḡ=4, γE[v]=0.0, Q=4.0 (fn)
2026-09-23 15:44:24,787 INFO: Plan 0: ḡ=4.0, γE[v]=2.5, Q=6.5 (bayes)
2026-09-23 15:44:24,787 INFO: Plan 1: ḡ=3.6, γE[v]=2.8, Q=6.3 (bayes)
2026-09-23 15:44:24,787 INFO: Plan 2: ḡ=1.5, γE[v]=3.8, Q=5.3 (bayes)
2026-09-23 15:44:27,690 INFO: Plan 0: ḡ=0, γE[v]=0.0, Q=0.0 (fn)
2026-09-23 15:44:27,730 INFO: Plan 1: ḡ=0, γE[v]=0.0, Q=0.0 (fn)
2026-09-23 15:44:27,847 INFO: Plan 2: ḡ=0, γE[v]=0.0, Q=0.0 (fn)
2026-09-23 15:44:27,848 INFO: Plan 0: ḡ=0.0, γE[v]=0.0, Q=0.0 (bayes)
2026-09-23 15:44:27,848 INFO: Plan 1: ḡ=0.0, γE[v]=0.0, Q=0.0 (bayes)
2026-09-23 15:44:27,848 INFO: Plan 2: ḡ=0.0, γE[v]=0.0, Q=0.0 (bayes)
2026-09-23 15:44:28,004 INFO: Plan 1: ḡ=0, γE[v]=0.0, Q=0.0 (fn)
2026-09-23 15:44:28,513 INFO: Plan 0: ḡ=0, γE[v]=0.0, Q=0.0 (fn)
2026-09-23 15:44:28,821 INFO: Plan 2: ḡ=0, γE[v]=0.0, Q=0.0 (fn)
2026-09-23 15:44:28,822 INFO: Plan 0: ḡ=0.0, γE[v]=0.0, Q=0.0 (bayes)
2026-09-23 15:44:28,822 INFO: Plan 1: ḡ=0.0, γE[v]=0.0, Q=0.0 (bayes)
2026-09-23 15:44:28,822 INFO: Plan 2: ḡ=0.0, γE[v]=0.0, Q=0.0 (bayes)
  [80/93] starlette.testclient seed=42: {'random': 29, 'cov_qvalue_tgt_fnt_bayes': 61}
2026-09-23 15:44:45,128 INFO: Plan 0: ḡ=53, γE[v]=0.0, Q=53.0 (fn)
2026-09-23 15:44:45,346 INFO: Plan 1: ḡ=53, γE[v]=0.0, Q=53.0 (fn)
2026-09-23 15:44:45,347 INFO: Plan 2: ḡ=53, γE[v]=0.0, Q=53.0 (fn)
2026-09-23 15:44:45,347 INFO: Plan 0: ḡ=8.8, γE[v]=0.0, Q=8.8 (bayes)
2026-09-23 15:44:45,348 INFO: Plan 1: ḡ=8.8, γE[v]=0.0, Q=8.8 (bayes)
2026-09-23 15:44:45,348 INFO: Plan 2: ḡ=8.8, γE[v]=0.0, Q=8.8 (bayes)
2026-09-23 15:44:51,419 INFO: Plan 0: ḡ=29, γE[v]=0.0, Q=29.0 (fn)
2026-09-23 15:44:51,644 INFO: Plan 1: ḡ=12, γE[v]=0.0, Q=12.0 (fn)
2026-09-23 15:44:55,476 INFO: Plan 1: ḡ=95, γE[v]=21.5, Q=116.5 (fn)
2026-09-23 15:44:55,614 INFO: Plan 0: ḡ=93, γE[v]=37.5, Q=130.5 (fn)
2026-09-23 15:44:55,766 INFO: Plan 2: ḡ=112, γE[v]=30.0, Q=142.0 (fn)
2026-09-23 15:44:55,767 INFO: Plan 0: ḡ=13.4, γE[v]=9.2, Q=22.6 (bayes)
2026-09-23 15:44:55,767 INFO: Plan 1: ḡ=13.7, γE[v]=7.8, Q=21.5 (bayes)
2026-09-23 15:44:55,767 INFO: Plan 2: ḡ=16.4, γE[v]=7.1, Q=23.5 (bayes)
  [81/93] pydantic.color seed=42: {'random': 0, 'cov_qvalue_tgt_fnt_bayes': 0}
2026-09-23 15:45:00,119 INFO: Plan 0: ḡ=0, γE[v]=0.0, Q=0.0 (fn)
2026-09-23 15:45:02,077 INFO: Plan 0: ḡ=21, γE[v]=0.0, Q=21.0 (fn)
2026-09-23 15:45:02,398 INFO: Plan 1: ḡ=0, γE[v]=0.0, Q=0.0 (fn)
2026-09-23 15:45:03,064 INFO: Plan 2: ḡ=75, γE[v]=27.5, Q=102.5 (fn)
2026-09-23 15:45:03,064 INFO: Plan 0: ḡ=12.2, γE[v]=19.3, Q=31.5 (bayes)
2026-09-23 15:45:03,065 INFO: Plan 1: ḡ=4.0, γE[v]=23.4, Q=27.4 (bayes)
2026-09-23 15:45:03,065 INFO: Plan 2: ḡ=29.8, γE[v]=12.0, Q=41.9 (bayes)
2026-09-23 15:45:03,352 INFO: Plan 2: ḡ=0, γE[v]=0.0, Q=0.0 (fn)
2026-09-23 15:45:03,352 INFO: Plan 0: ḡ=0.0, γE[v]=0.0, Q=0.0 (bayes)
2026-09-23 15:45:03,353 INFO: Plan 1: ḡ=0.0, γE[v]=0.0, Q=0.0 (bayes)
2026-09-23 15:45:03,353 INFO: Plan 2: ḡ=0.0, γE[v]=0.0, Q=0.0 (bayes)
2026-09-23 15:45:03,773 INFO: Plan 1: ḡ=38, γE[v]=0.0, Q=38.0 (fn)
2026-09-23 15:45:04,783 INFO: Plan 2: ḡ=6, γE[v]=1.0, Q=7.0 (fn)
2026-09-23 15:45:04,783 INFO: Plan 0: ḡ=10.5, γE[v]=5.3, Q=15.8 (bayes)
2026-09-23 15:45:04,783 INFO: Plan 1: ḡ=8.5, γE[v]=6.3, Q=14.9 (bayes)
2026-09-23 15:45:04,783 INFO: Plan 2: ḡ=2.2, γE[v]=9.6, Q=11.7 (bayes)
2026-09-23 15:45:05,107 INFO: Plan 2: ḡ=150, γE[v]=57.0, Q=207.0 (fn)
  [82/93] werkzeug.wrappers.response seed=42: {'random': 48, 'cov_qvalue_tgt_fnt_bayes': 68}
2026-09-23 15:45:06,127 INFO: Plan 0: ḡ=145, γE[v]=59.5, Q=204.5 (fn)
2026-09-23 15:45:06,249 INFO: Plan 0: ḡ=7, γE[v]=0.0, Q=7.0 (fn)
2026-09-23 15:45:06,251 INFO: Plan 1: ḡ=161, γE[v]=51.5, Q=212.5 (fn)
2026-09-23 15:45:06,252 INFO: Plan 0: ḡ=20.7, γE[v]=13.1, Q=33.8 (bayes)
2026-09-23 15:45:06,252 INFO: Plan 1: ḡ=23.0, γE[v]=11.4, Q=34.4 (bayes)
2026-09-23 15:45:06,252 INFO: Plan 2: ḡ=21.5, γE[v]=12.5, Q=34.0 (bayes)
  [83/93] werkzeug.routing.map seed=42: {'random': 38, 'cov_qvalue_tgt_fnt_bayes': 33}
2026-09-23 15:45:10,718 INFO: Plan 1: ḡ=12, γE[v]=12.5, Q=24.5 (fn)
2026-09-23 15:45:12,308 INFO: Plan 2: ḡ=32, γE[v]=18.0, Q=50.0 (fn)
2026-09-23 15:45:12,309 INFO: Plan 0: ḡ=2.5, γE[v]=52.1, Q=54.6 (bayes)
2026-09-23 15:45:12,309 INFO: Plan 1: ḡ=4.8, γE[v]=51.5, Q=56.3 (bayes)
2026-09-23 15:45:12,309 INFO: Plan 2: ḡ=8.5, γE[v]=50.3, Q=58.8 (bayes)
  [84/93] starlette.datastructures seed=42: {'random': 46, 'cov_qvalue_tgt_fnt_bayes': 56}
2026-09-23 15:45:19,794 INFO: Plan 0: ḡ=1, γE[v]=0.0, Q=1.0 (fn)
2026-09-23 15:45:20,123 INFO: Plan 1: ḡ=1, γE[v]=0.0, Q=1.0 (fn)
2026-09-23 15:45:20,832 INFO: Plan 2: ḡ=1, γE[v]=0.0, Q=1.0 (fn)
2026-09-23 15:45:20,833 INFO: Plan 0: ḡ=0.2, γE[v]=0.0, Q=0.2 (bayes)
2026-09-23 15:45:20,833 INFO: Plan 1: ḡ=0.2, γE[v]=0.0, Q=0.2 (bayes)
2026-09-23 15:45:20,833 INFO: Plan 2: ḡ=0.2, γE[v]=0.0, Q=0.2 (bayes)
  [85/93] werkzeug.wrappers.request seed=42: {'random': 40, 'cov_qvalue_tgt_fnt_bayes': 65}
2026-09-23 15:45:41,985 INFO: Plan 1: ḡ=1, γE[v]=0.0, Q=1.0 (fn)
2026-09-23 15:45:42,142 INFO: Plan 0: ḡ=1, γE[v]=0.0, Q=1.0 (fn)
2026-09-23 15:45:42,143 INFO: Plan 2: ḡ=1, γE[v]=0.0, Q=1.0 (fn)
2026-09-23 15:45:42,143 INFO: Plan 0: ḡ=0.2, γE[v]=0.0, Q=0.2 (bayes)
2026-09-23 15:45:42,144 INFO: Plan 1: ḡ=0.2, γE[v]=0.0, Q=0.2 (bayes)
2026-09-23 15:45:42,144 INFO: Plan 2: ḡ=0.2, γE[v]=0.0, Q=0.2 (bayes)
2026-09-23 15:45:45,296 INFO: Plan 2: ḡ=3, γE[v]=0.0, Q=3.0 (fn)
2026-09-23 15:45:45,601 INFO: Plan 0: ḡ=10, γE[v]=0.0, Q=10.0 (fn)
2026-09-23 15:45:45,640 INFO: Plan 1: ḡ=3, γE[v]=0.0, Q=3.0 (fn)
2026-09-23 15:45:45,640 INFO: Plan 0: ḡ=3.1, γE[v]=1.0, Q=4.1 (bayes)
2026-09-23 15:45:45,640 INFO: Plan 1: ḡ=1.5, γE[v]=1.8, Q=3.3 (bayes)
2026-09-23 15:45:45,640 INFO: Plan 2: ḡ=1.0, γE[v]=2.0, Q=3.0 (bayes)
  [86/93] starlette.requests seed=42: {'random': 35, 'cov_qvalue_tgt_fnt_bayes': 70}
2026-09-23 15:45:46,713 INFO: Plan 1: ḡ=70, γE[v]=0.0, Q=70.0 (fn)
2026-09-23 15:45:47,614 INFO: Plan 2: ḡ=20, γE[v]=0.0, Q=20.0 (fn)
2026-09-23 15:45:53,597 INFO: Plan 0: ḡ=233, γE[v]=25.0, Q=258.0 (fn)
2026-09-23 15:45:53,598 INFO: Plan 0: ḡ=33.6, γE[v]=41.0, Q=74.6 (bayes)
2026-09-23 15:45:53,598 INFO: Plan 1: ḡ=25.5, γE[v]=43.2, Q=68.7 (bayes)
2026-09-23 15:45:53,598 INFO: Plan 2: ḡ=5.2, γE[v]=53.3, Q=58.5 (bayes)
  [87/93] werkzeug.serving seed=42: {'random': 19, 'cov_qvalue_tgt_fnt_bayes': 46}
2026-09-23 15:45:57,484 INFO: Plan 0: ḡ=15, γE[v]=0.0, Q=15.0 (fn)
2026-09-23 15:45:57,692 INFO: Plan 0: ḡ=0, γE[v]=0.0, Q=0.0 (fn)
2026-09-23 15:45:58,200 INFO: Plan 1: ḡ=0, γE[v]=0.0, Q=0.0 (fn)
2026-09-23 15:45:58,575 INFO: Plan 2: ḡ=0, γE[v]=0.0, Q=0.0 (fn)
2026-09-23 15:45:58,576 INFO: Plan 0: ḡ=0.0, γE[v]=0.0, Q=0.0 (bayes)
2026-09-23 15:45:58,576 INFO: Plan 1: ḡ=0.0, γE[v]=0.0, Q=0.0 (bayes)
2026-09-23 15:45:58,576 INFO: Plan 2: ḡ=0.0, γE[v]=0.0, Q=0.0 (bayes)
  [88/93] starlette.responses seed=42: {'random': 22, 'cov_qvalue_tgt_fnt_bayes': 47}
2026-09-23 15:46:03,240 INFO: Plan 2: ḡ=164, γE[v]=0.0, Q=164.0 (fn)
2026-09-23 15:46:03,664 INFO: Plan 1: ḡ=163, γE[v]=0.5, Q=163.5 (fn)
2026-09-23 15:46:03,665 INFO: Plan 0: ḡ=3.0, γE[v]=13.0, Q=16.0 (bayes)
2026-09-23 15:46:03,665 INFO: Plan 1: ḡ=28.9, γE[v]=0.1, Q=29.0 (bayes)
2026-09-23 15:46:03,665 INFO: Plan 2: ḡ=29.0, γE[v]=0.0, Q=29.0 (bayes)
2026-09-23 15:46:06,932 INFO: Plan 0: ḡ=53, γE[v]=0.0, Q=53.0 (fn)
2026-09-23 15:46:06,933 INFO: Plan 2: ḡ=53, γE[v]=0.0, Q=53.0 (fn)
2026-09-23 15:46:07,250 INFO: Plan 1: ḡ=53, γE[v]=0.0, Q=53.0 (fn)
2026-09-23 15:46:07,251 INFO: Plan 0: ḡ=7.6, γE[v]=0.0, Q=7.6 (bayes)
2026-09-23 15:46:07,251 INFO: Plan 1: ḡ=7.6, γE[v]=0.0, Q=7.6 (bayes)
2026-09-23 15:46:07,251 INFO: Plan 2: ḡ=7.6, γE[v]=0.0, Q=7.6 (bayes)
  [89/93] starlette.middleware.errors seed=42: {'random': 25, 'cov_qvalue_tgt_fnt_bayes': 38}
2026-09-23 15:46:35,013 INFO: Plan 0: ḡ=29, γE[v]=0.0, Q=29.0 (fn)
2026-09-23 15:46:36,305 INFO: Plan 2: ḡ=41, γE[v]=0.0, Q=41.0 (fn)
2026-09-23 15:46:37,189 INFO: Plan 1: ḡ=44, γE[v]=0.0, Q=44.0 (fn)
2026-09-23 15:46:37,189 INFO: Plan 0: ḡ=8.5, γE[v]=11.8, Q=20.3 (bayes)
2026-09-23 15:46:37,189 INFO: Plan 1: ḡ=11.2, γE[v]=10.4, Q=21.7 (bayes)
2026-09-23 15:46:37,190 INFO: Plan 2: ḡ=12.9, γE[v]=9.6, Q=22.5 (bayes)
  [90/93] starlette.routing seed=42: {'random': 6, 'cov_qvalue_tgt_fnt_bayes': 73}
2026-09-23 15:46:38,180 INFO: Plan 0: ḡ=0, γE[v]=0.0, Q=0.0 (fn)
2026-09-23 15:46:38,220 INFO: Plan 1: ḡ=0, γE[v]=0.0, Q=0.0 (fn)
2026-09-23 15:46:38,683 INFO: Plan 2: ḡ=0, γE[v]=0.0, Q=0.0 (fn)
2026-09-23 15:46:38,683 INFO: Plan 0: ḡ=0.0, γE[v]=0.0, Q=0.0 (bayes)
2026-09-23 15:46:38,683 INFO: Plan 1: ḡ=0.0, γE[v]=0.0, Q=0.0 (bayes)
2026-09-23 15:46:38,683 INFO: Plan 2: ḡ=0.0, γE[v]=0.0, Q=0.0 (bayes)
  [91/93] starlette.templating seed=42: {'random': 23, 'cov_qvalue_tgt_fnt_bayes': 25}
2026-09-23 15:47:02,896 INFO: Plan 0: ḡ=1, γE[v]=0.0, Q=1.0 (fn)
2026-09-23 15:47:03,939 INFO: Plan 1: ḡ=1, γE[v]=0.0, Q=1.0 (fn)
2026-09-23 15:47:04,265 INFO: Plan 2: ḡ=1, γE[v]=0.0, Q=1.0 (fn)
2026-09-23 15:47:04,265 INFO: Plan 0: ḡ=0.1, γE[v]=0.0, Q=0.1 (bayes)
2026-09-23 15:47:04,265 INFO: Plan 1: ḡ=0.1, γE[v]=0.0, Q=0.1 (bayes)
2026-09-23 15:47:04,265 INFO: Plan 2: ḡ=0.1, γE[v]=0.0, Q=0.1 (bayes)
  [92/93] starlette.middleware.base seed=42: {'random': 26, 'cov_qvalue_tgt_fnt_bayes': 55}
2026-09-23 15:47:34,671 INFO: Plan 0: ḡ=15, γE[v]=18.5, Q=33.5 (fn)
2026-09-23 15:47:39,359 INFO: Plan 1: ḡ=163, γE[v]=0.5, Q=163.5 (fn)
2026-09-23 15:47:39,360 INFO: Plan 2: ḡ=164, γE[v]=0.0, Q=164.0 (fn)
2026-09-23 15:47:39,360 INFO: Plan 0: ḡ=2.5, γE[v]=12.5, Q=14.9 (bayes)
2026-09-23 15:47:39,360 INFO: Plan 1: ḡ=24.5, γE[v]=0.1, Q=24.6 (bayes)
2026-09-23 15:47:39,360 INFO: Plan 2: ḡ=24.6, γE[v]=0.0, Q=24.6 (bayes)
  [93/93] starlette.formparsers seed=42: {'random': 2, 'cov_qvalue_tgt_fnt_bayes': 2}

======================================================================
RESULTS
======================================================================

Module                              seed       random  cov_qvalue_
------------------------------------------------------------------
flask.ctx                             42           49           24
rich.console                          42          139          239
requests.adapters                     42           51           91
click.formatting                      42           25           50
flask.sessions                        42            4           14
rich.syntax                           42           45           74
click.exceptions                      42            1           31
requests.auth                         42            4           66
jinja2.utils                          42           11           84
flask.testing                         42            6           28
flask.json.provider                   42           36           49
rich.style                            42           68          103
jinja2.filters                        42          125          166
rich.markdown                         42           18           87
flask.app                             42            2          189
rich.pretty                           42            9          101
rich.table                            42          111          188
flask.config                          42           28           25
jinja2.parser                         42           87          200
rich.traceback                        42           62           73
click.testing                         42           25           61
click.utils                           42           15           53
flask.helpers                         42            3           19
requests.utils                        42            5           94
click.decorators                      42           32           47
rich.text                             42           27          189
click.termui                          42            7           47
click.core                            42          168          301
jinja2.ext                            42            4           56
jinja2.loaders                        42           24           86
flask.templating                      42            2           52
click.types                           42            8           77
requests.models                       42           24          125
requests.sessions                     42           13           60
rich.color                            42           26           52
flask.json.tag                        42           16           23
jinja2.compiler                       42           29          274
jinja2.environment                    42           58          115
flask.cli                             42           70          100
requests.cookies                      42            8           76
rich.layout                           42           19           64
jinja2.runtime                        42           66           99
rich.segment                          42           56          117
rich.progress                         42          121          150
jinja2.nodes                          42            8            9
click.shell_completion                42            4            8
click.parser                          42           19            7
jinja2.lexer                          42            9           95
httpx._api                            42            6           11
pydantic.main                         42          119          212
werkzeug.exceptions                   42           17           31
httpx._main                           42           57           80
pydantic.functional_validators        42           35           48
httpx._models                         42           86          213
pydantic.config                       42            1            1
httpx._utils                          42           14           64
jinja2.sandbox                        42            2           94
pydantic.json_schema                  42          181          256
werkzeug.local                        42           22           51
httpx._config                         42           18           24
werkzeug.datastructures.structures    42            3          102
pydantic.functional_serializers       42           22           23
httpx._transports.default             42            5           19
pydantic.type_adapter                 42           16           16
pydantic.types                        42          100          124
werkzeug.routing.rules                42           16          101
pydantic.networks                     42           34           35
starlette.applications                42            2            8
httpx._auth                           42           48           82
jinja2.bccache                        42            3           21
httpx._urlparse                       42            4           64
pydantic.fields                       42           92          130
werkzeug.wsgi                         42           10           50
httpx._urls                           42           37           68
werkzeug.http                         42           18          104
werkzeug.sansio.response              42           60           72
httpx._client                         42           41          107
starlette.staticfiles                 42            6           20
werkzeug.utils                        42           11           40
starlette.testclient                  42           29           61
pydantic.color                        42            0            0
werkzeug.wrappers.response            42           48           68
werkzeug.routing.map                  42           38           33
starlette.datastructures              42           46           56
werkzeug.wrappers.request             42           40           65
starlette.requests                    42           35           70
werkzeug.serving                      42           19           46
starlette.responses                   42           22           47
starlette.middleware.errors           42           25           38
starlette.routing                     42            6           73
starlette.templating                  42           23           25
starlette.middleware.base             42           26           55
starlette.formparsers                 42            2            2

======================================================================
STATISTICS
======================================================================

Per-strategy means (n=93):
  random               branches=  34.3 ± 3.9  lines=121.9  pass_rate=82%
  cov_qvalue_tgt_fnt_bayes branches=  77.9 ± 6.6  lines=218.4  pass_rate=58%

Paired vs random:
  cov_qvalue_tgt_fnt_bayes Δ= +43.6 ± 4.6  W=85 L=4 T=4  p=0.0000 d=0.99 ***

Per-repo means:

  click (10 runs):
    random               mean=30.4
    cov_qvalue_tgt_fnt_bayes mean=68.2

  flask (10 runs):
    random               mean=21.6
    cov_qvalue_tgt_fnt_bayes mean=52.3

  httpx (10 runs):
    random               mean=31.6
    cov_qvalue_tgt_fnt_bayes mean=73.2

  jinja2 (12 runs):
    random               mean=35.5
    cov_qvalue_tgt_fnt_bayes mean=108.2

  pydantic (10 runs):
    random               mean=60.0
    cov_qvalue_tgt_fnt_bayes mean=84.5

  requests (6 runs):
    random               mean=17.5
    cov_qvalue_tgt_fnt_bayes mean=85.3

  rich (12 runs):
    random               mean=58.4
    cov_qvalue_tgt_fnt_bayes mean=119.8

  starlette (11 runs):
    random               mean=20.2
    cov_qvalue_tgt_fnt_bayes mean=41.4

  werkzeug (12 runs):
    random               mean=25.2
    cov_qvalue_tgt_fnt_bayes mean=63.6

Cost: $0.0000 | Time: 2967s (49.5m)
Saved to /share/edc/home/aamayuelasfernandez/qcurious-tester/results/ablations/ablation_budget16_gemma.json
