2026-09-23 14:59:37,263 INFO: RepoExploreBench: 93 targets across 9 repos
======================================================================
RepoExploreBench v2.0
  Targets: 93 files across 9 repos
  Strategies: ['cov_qvalue_tgt_fnt_bayes']
  Seeds: [42]
  Exec budget: 24 per run
  Map mode: exemplars
  Total runs: 93
======================================================================
  Connectivity: OK

  Fetching source code...
    click.core: 114085 chars
    click.types: 36390 chars
    click.termui: 28323 chars
    click.utils: 20295 chars
    click.shell_completion: 18459 chars
    click.decorators: 18718 chars
    click.parser: 19066 chars
    click.testing: 16083 chars
    click.formatting: 9705 chars
    click.exceptions: 9272 chars
    requests.utils: 33447 chars
    requests.models: 35222 chars
    requests.sessions: 30372 chars
    requests.cookies: 18559 chars
    requests.adapters: 19552 chars
    requests.auth: 10186 chars
    flask.app: 59200 chars
    flask.cli: 33820 chars
    flask.helpers: 22991 chars
    flask.ctx: 14840 chars
    flask.sessions: 14168 chars
    flask.config: 12855 chars
    flask.json.tag: 8870 chars
    flask.testing: 10016 chars
    flask.templating: 7537 chars
    flask.json.provider: 7639 chars
    rich.console: 99096 chars
    rich.progress: 59691 chars
    rich.text: 47302 chars
    rich.table: 39643 chars
    rich.pretty: 35811 chars
    rich.syntax: 35364 chars
    rich.markdown: 26159 chars
    rich.style: 27072 chars
    rich.traceback: 29466 chars
    rich.segment: 24209 chars
    rich.color: 18220 chars
    rich.layout: 13939 chars
    jinja2.compiler: 72198 chars
    jinja2.filters: 53861 chars
    jinja2.environment: 61252 chars
    jinja2.nodes: 34549 chars
    jinja2.runtime: 33405 chars
    jinja2.parser: 39735 chars
    jinja2.ext: 31843 chars
    jinja2.lexer: 29725 chars
    jinja2.utils: 23932 chars
    jinja2.loaders: 23084 chars
    jinja2.sandbox: 14583 chars
    jinja2.bccache: 14060 chars
    httpx._client: 67489 chars
    httpx._models: 42302 chars
    httpx._urls: 21747 chars
    httpx._main: 15634 chars
    httpx._urlparse: 17719 chars
    httpx._api: 12927 chars
    httpx._utils: 13857 chars
    httpx._transports.default: 13289 chars
    httpx._config: 12203 chars
    httpx._auth: 11829 chars
    pydantic.types: 89470 chars
    pydantic.json_schema: 102806 chars
    pydantic.main: 65891 chars
    pydantic.fields: 45929 chars
    pydantic.config: 29138 chars
    pydantic.networks: 21214 chars
    pydantic.functional_validators: 23599 chars
    pydantic.color: 21492 chars
    pydantic.type_adapter: 18033 chars
    pydantic.functional_serializers: 14619 chars
    werkzeug.http: 43362 chars
    werkzeug.serving: 39331 chars
    werkzeug.datastructures.structures: 31760 chars
    werkzeug.routing.map: 36349 chars
    werkzeug.routing.rules: 31894 chars
    werkzeug.exceptions: 26061 chars
    werkzeug.wrappers.response: 32586 chars
    werkzeug.sansio.response: 27646 chars
    werkzeug.utils: 24653 chars
    werkzeug.wrappers.request: 24619 chars
    werkzeug.local: 22002 chars
    werkzeug.wsgi: 20893 chars
    starlette.routing: 35752 chars
    starlette.testclient: 29843 chars
    starlette.datastructures: 23348 chars
    starlette.responses: 12650 chars
    starlette.requests: 11196 chars
    starlette.formparsers: 10433 chars
    starlette.applications: 10922 chars
    starlette.middleware.errors: 7937 chars
    starlette.staticfiles: 8723 chars
    starlette.templating: 8984 chars
    starlette.middleware.base: 8794 chars
  Fetched 93/93 modules

Running 93 targets with 48 workers...
2026-09-23 15:01:24,640 INFO: Plan 2: ḡ=84, γE[v]=0.5, Q=84.5 (fn)
2026-09-23 15:01:24,849 INFO: Plan 0: ḡ=15, γE[v]=0.0, Q=15.0 (fn)
2026-09-23 15:01:25,105 INFO: Plan 2: ḡ=28, γE[v]=0.0, Q=28.0 (fn)
2026-09-23 15:01:25,106 INFO: Plan 0: ḡ=15, γE[v]=0.0, Q=15.0 (fn)
2026-09-23 15:01:25,595 INFO: Plan 0: ḡ=26, γE[v]=0.0, Q=26.0 (fn)
2026-09-23 15:01:25,960 INFO: Plan 1: ḡ=373, γE[v]=42.0, Q=415.0 (fn)
2026-09-23 15:01:26,385 INFO: Plan 0: ḡ=437, γE[v]=10.0, Q=447.0 (fn)
2026-09-23 15:01:26,389 INFO: Plan 0: ḡ=27, γE[v]=0.0, Q=27.0 (fn)
2026-09-23 15:01:26,587 INFO: Plan 2: ḡ=437, γE[v]=10.0, Q=447.0 (fn)
2026-09-23 15:01:26,587 INFO: Plan 0: ḡ=218.5, γE[v]=5.5, Q=223.9 (bayes)
2026-09-23 15:01:26,587 INFO: Plan 1: ḡ=186.5, γE[v]=22.9, Q=209.4 (bayes)
2026-09-23 15:01:26,587 INFO: Plan 2: ḡ=218.5, γE[v]=5.5, Q=223.9 (bayes)
2026-09-23 15:01:27,191 INFO: Plan 1: ḡ=93, γE[v]=0.0, Q=93.0 (fn)
2026-09-23 15:01:27,935 INFO: Plan 1: ḡ=28, γE[v]=0.0, Q=28.0 (fn)
2026-09-23 15:01:28,337 INFO: Plan 0: ḡ=60, γE[v]=0.0, Q=60.0 (fn)
2026-09-23 15:01:28,592 INFO: Plan 2: ḡ=71, γE[v]=0.0, Q=71.0 (fn)
2026-09-23 15:01:28,593 INFO: Plan 0: ḡ=30.0, γE[v]=26.2, Q=56.2 (bayes)
2026-09-23 15:01:28,593 INFO: Plan 1: ḡ=14.0, γE[v]=34.2, Q=48.2 (bayes)
2026-09-23 15:01:28,593 INFO: Plan 2: ḡ=35.5, γE[v]=23.5, Q=59.0 (bayes)
2026-09-23 15:01:29,022 INFO: Plan 1: ḡ=146, γE[v]=0.0, Q=146.0 (fn)
2026-09-23 15:01:30,145 INFO: Plan 0: ḡ=57, γE[v]=40.5, Q=97.5 (fn)
2026-09-23 15:01:31,883 INFO: Plan 2: ḡ=23, γE[v]=57.5, Q=80.5 (fn)
2026-09-23 15:01:31,887 INFO: Plan 0: ḡ=28.5, γE[v]=22.1, Q=50.6 (bayes)
2026-09-23 15:01:31,889 INFO: Plan 1: ḡ=46.5, γE[v]=11.2, Q=57.8 (bayes)
2026-09-23 15:01:31,889 INFO: Plan 2: ḡ=11.5, γE[v]=31.3, Q=42.8 (bayes)
2026-09-23 15:01:31,923 INFO: Plan 2: ḡ=131, γE[v]=11.5, Q=142.5 (fn)
2026-09-23 15:01:32,441 INFO: Plan 2: ḡ=275, γE[v]=0.0, Q=275.0 (fn)
2026-09-23 15:01:32,880 INFO: Plan 1: ḡ=186, γE[v]=0.0, Q=186.0 (fn)
2026-09-23 15:01:32,922 INFO: Plan 0: ḡ=20, γE[v]=0.0, Q=20.0 (fn)
2026-09-23 15:01:33,029 INFO: Plan 0: ḡ=17, γE[v]=0.0, Q=17.0 (fn)
2026-09-23 15:01:33,201 INFO: Plan 1: ḡ=47, γE[v]=0.0, Q=47.0 (fn)
2026-09-23 15:01:33,542 INFO: Plan 1: ḡ=75, γE[v]=0.0, Q=75.0 (fn)
2026-09-23 15:01:33,668 INFO: Plan 2: ḡ=30, γE[v]=0.0, Q=30.0 (fn)
2026-09-23 15:01:33,669 INFO: Plan 1: ḡ=90, γE[v]=14.5, Q=104.5 (fn)
2026-09-23 15:01:33,670 INFO: Plan 0: ḡ=10.0, γE[v]=119.0, Q=129.0 (bayes)
2026-09-23 15:01:33,670 INFO: Plan 1: ḡ=23.5, γE[v]=112.2, Q=135.8 (bayes)
2026-09-23 15:01:33,671 INFO: Plan 0: ḡ=7.5, γE[v]=26.0, Q=33.5 (bayes)
2026-09-23 15:01:33,671 INFO: Plan 2: ḡ=15.0, γE[v]=116.5, Q=131.5 (bayes)
2026-09-23 15:01:33,671 INFO: Plan 1: ḡ=45.0, γE[v]=7.9, Q=52.9 (bayes)
2026-09-23 15:01:33,671 INFO: Plan 2: ḡ=14.0, γE[v]=22.8, Q=36.8 (bayes)
2026-09-23 15:01:34,358 INFO: Plan 2: ḡ=95, γE[v]=0.0, Q=95.0 (fn)
2026-09-23 15:01:34,400 INFO: Plan 1: ḡ=396, γE[v]=0.0, Q=396.0 (fn)
2026-09-23 15:01:34,401 INFO: Plan 0: ḡ=13.5, γE[v]=183.8, Q=197.2 (bayes)
2026-09-23 15:01:34,401 INFO: Plan 1: ḡ=198.0, γE[v]=91.5, Q=289.5 (bayes)
2026-09-23 15:01:34,401 INFO: Plan 2: ḡ=137.5, γE[v]=121.8, Q=259.2 (bayes)
2026-09-23 15:01:34,486 INFO: Plan 1: ḡ=92, γE[v]=0.0, Q=92.0 (fn)
2026-09-23 15:01:35,126 INFO: Plan 0: ḡ=84, γE[v]=0.0, Q=84.0 (fn)
2026-09-23 15:01:35,127 INFO: Plan 0: ḡ=42.0, γE[v]=36.0, Q=78.0 (bayes)
2026-09-23 15:01:35,127 INFO: Plan 1: ḡ=37.5, γE[v]=38.2, Q=75.8 (bayes)
2026-09-23 15:01:35,127 INFO: Plan 2: ḡ=47.5, γE[v]=33.2, Q=80.8 (bayes)
2026-09-23 15:01:35,521 INFO: Plan 0: ḡ=71, γE[v]=0.0, Q=71.0 (fn)
2026-09-23 15:01:35,605 INFO: Plan 2: ḡ=126, γE[v]=0.0, Q=126.0 (fn)
2026-09-23 15:01:35,606 INFO: Plan 0: ḡ=8.5, γE[v]=166.8, Q=175.2 (bayes)
2026-09-23 15:01:35,606 INFO: Plan 1: ḡ=46.0, γE[v]=148.0, Q=194.0 (bayes)
2026-09-23 15:01:35,606 INFO: Plan 2: ḡ=63.0, γE[v]=139.5, Q=202.5 (bayes)
2026-09-23 15:01:36,041 INFO: Plan 2: ḡ=112, γE[v]=27.0, Q=139.0 (fn)
2026-09-23 15:01:36,167 INFO: Plan 1: ḡ=529, γE[v]=8.5, Q=537.5 (fn)
2026-09-23 15:01:36,169 INFO: Plan 0: ḡ=144, γE[v]=0.0, Q=144.0 (fn)
2026-09-23 15:01:36,209 INFO: Plan 0: ḡ=78, γE[v]=47.5, Q=125.5 (fn)
2026-09-23 15:01:36,454 INFO: Plan 2: ḡ=526, γE[v]=10.0, Q=536.0 (fn)
2026-09-23 15:01:36,949 INFO: Plan 1: ḡ=120, γE[v]=33.5, Q=153.5 (fn)
2026-09-23 15:01:36,949 INFO: Plan 0: ḡ=13.0, γE[v]=41.0, Q=54.0 (bayes)
2026-09-23 15:01:36,949 INFO: Plan 1: ḡ=60.0, γE[v]=19.0, Q=79.0 (bayes)
2026-09-23 15:01:36,949 INFO: Plan 2: ḡ=65.5, γE[v]=15.3, Q=80.8 (bayes)
2026-09-23 15:01:37,119 INFO: Plan 0: ḡ=58, γE[v]=0.0, Q=58.0 (fn)
2026-09-23 15:01:37,315 INFO: Plan 1: ḡ=145, γE[v]=5.0, Q=150.0 (fn)
2026-09-23 15:01:37,359 INFO: Plan 0: ḡ=160, γE[v]=0.0, Q=160.0 (fn)
2026-09-23 15:01:37,360 INFO: Plan 2: ḡ=91, γE[v]=0.0, Q=91.0 (fn)
2026-09-23 15:01:37,471 INFO: Plan 1: ḡ=124, γE[v]=18.0, Q=142.0 (fn)
2026-09-23 15:01:37,472 INFO: Plan 0: ḡ=7.5, γE[v]=36.5, Q=44.0 (bayes)
2026-09-23 15:01:37,472 INFO: Plan 1: ḡ=62.0, γE[v]=10.1, Q=72.1 (bayes)
2026-09-23 15:01:37,472 INFO: Plan 2: ḡ=42.0, γE[v]=19.3, Q=61.3 (bayes)
2026-09-23 15:01:37,886 INFO: Plan 1: ḡ=65, γE[v]=0.0, Q=65.0 (fn)
2026-09-23 15:01:37,887 INFO: Plan 0: ḡ=80.0, γE[v]=107.2, Q=187.2 (bayes)
2026-09-23 15:01:37,887 INFO: Plan 1: ḡ=32.5, γE[v]=131.0, Q=163.5 (bayes)
2026-09-23 15:01:37,887 INFO: Plan 2: ḡ=45.5, γE[v]=124.5, Q=170.0 (bayes)
2026-09-23 15:01:38,083 INFO: Plan 0: ḡ=94, γE[v]=223.5, Q=317.5 (fn)
2026-09-23 15:01:38,086 INFO: Plan 0: ḡ=8, γE[v]=0.0, Q=8.0 (fn)
2026-09-23 15:01:38,087 INFO: Plan 0: ḡ=47.0, γE[v]=123.1, Q=170.1 (bayes)
2026-09-23 15:01:38,087 INFO: Plan 1: ḡ=264.5, γE[v]=4.6, Q=269.1 (bayes)
2026-09-23 15:01:38,087 INFO: Plan 2: ḡ=263.0, γE[v]=5.5, Q=268.4 (bayes)
2026-09-23 15:01:38,125 INFO: Plan 2: ḡ=87, γE[v]=42.5, Q=129.5 (fn)
2026-09-23 15:01:38,126 INFO: Plan 0: ḡ=39.0, γE[v]=136.6, Q=175.6 (bayes)
2026-09-23 15:01:38,126 INFO: Plan 1: ḡ=73.0, γE[v]=117.5, Q=190.5 (bayes)
2026-09-23 15:01:38,126 INFO: Plan 2: ḡ=43.5, γE[v]=134.2, Q=177.7 (bayes)
2026-09-23 15:01:39,238 INFO: Plan 0: ḡ=69, γE[v]=49.5, Q=118.5 (fn)
2026-09-23 15:01:39,611 INFO: Plan 0: ḡ=66, γE[v]=130.5, Q=196.5 (fn)
2026-09-23 15:01:39,877 INFO: Plan 2: ḡ=52, γE[v]=58.0, Q=110.0 (fn)
2026-09-23 15:01:39,878 INFO: Plan 0: ḡ=34.5, γE[v]=27.0, Q=61.5 (bayes)
2026-09-23 15:01:39,878 INFO: Plan 1: ḡ=72.5, γE[v]=6.0, Q=78.5 (bayes)
2026-09-23 15:01:39,878 INFO: Plan 2: ḡ=26.0, γE[v]=31.6, Q=57.6 (bayes)
2026-09-23 15:01:39,929 INFO: Plan 2: ḡ=371, γE[v]=0.0, Q=371.0 (fn)
2026-09-23 15:01:40,152 INFO: Plan 0: ḡ=23, γE[v]=0.0, Q=23.0 (fn)
2026-09-23 15:01:41,018 INFO: Plan 1: ḡ=87, γE[v]=51.5, Q=138.5 (fn)
2026-09-23 15:01:41,236 INFO: Plan 2: ḡ=94, γE[v]=45.0, Q=139.0 (fn)
2026-09-23 15:01:41,236 INFO: Plan 0: ḡ=29.0, γE[v]=61.2, Q=90.2 (bayes)
2026-09-23 15:01:41,237 INFO: Plan 1: ḡ=43.5, γE[v]=56.3, Q=99.8 (bayes)
2026-09-23 15:01:41,237 INFO: Plan 2: ḡ=47.0, γE[v]=54.3, Q=101.3 (bayes)
2026-09-23 15:01:41,278 INFO: Plan 0: ḡ=97, γE[v]=6.5, Q=103.5 (fn)
2026-09-23 15:01:41,833 INFO: Plan 1: ḡ=34, γE[v]=16.0, Q=50.0 (fn)
2026-09-23 15:01:41,917 INFO: Plan 2: ḡ=300, γE[v]=67.0, Q=367.0 (fn)
2026-09-23 15:01:41,918 INFO: Plan 0: ḡ=33.0, γE[v]=125.9, Q=158.9 (bayes)
2026-09-23 15:01:41,918 INFO: Plan 1: ḡ=93.0, γE[v]=90.0, Q=183.0 (bayes)
2026-09-23 15:01:41,918 INFO: Plan 2: ḡ=150.0, γE[v]=64.5, Q=214.5 (bayes)
2026-09-23 15:01:42,311 INFO: Plan 1: ḡ=103, γE[v]=22.0, Q=125.0 (fn)
2026-09-23 15:01:42,889 INFO: Plan 1: ḡ=162, γE[v]=44.0, Q=206.0 (fn)
2026-09-23 15:01:42,890 INFO: Plan 0: ḡ=72.0, γE[v]=125.2, Q=197.2 (bayes)
2026-09-23 15:01:42,890 INFO: Plan 1: ḡ=81.0, γE[v]=122.7, Q=203.7 (bayes)
2026-09-23 15:01:42,890 INFO: Plan 2: ḡ=56.0, γE[v]=134.5, Q=190.5 (bayes)
2026-09-23 15:01:43,349 INFO: Plan 1: ḡ=42, γE[v]=0.0, Q=42.0 (fn)
2026-09-23 15:01:44,650 INFO: Plan 0: ḡ=174, γE[v]=0.0, Q=174.0 (fn)
2026-09-23 15:01:44,682 INFO: Plan 0: ḡ=55, γE[v]=50.0, Q=105.0 (fn)
2026-09-23 15:01:44,892 INFO: Plan 2: ḡ=86, γE[v]=0.0, Q=86.0 (fn)
2026-09-23 15:01:45,554 INFO: Plan 2: ḡ=113, γE[v]=0.0, Q=113.0 (fn)
2026-09-23 15:01:45,596 INFO: Plan 0: ḡ=4, γE[v]=0.0, Q=4.0 (fn)
2026-09-23 15:01:46,175 INFO: Plan 2: ḡ=186, γE[v]=127.0, Q=313.0 (fn)
2026-09-23 15:01:46,177 INFO: Plan 0: ḡ=51, γE[v]=25.5, Q=76.5 (fn)
2026-09-23 15:01:46,177 INFO: Plan 0: ḡ=35.5, γE[v]=111.2, Q=146.8 (bayes)
2026-09-23 15:01:46,177 INFO: Plan 1: ḡ=17.0, γE[v]=121.2, Q=138.2 (bayes)
2026-09-23 15:01:46,177 INFO: Plan 2: ḡ=93.0, γE[v]=88.2, Q=181.2 (bayes)
2026-09-23 15:01:47,175 INFO: Plan 0: ḡ=246, γE[v]=46.0, Q=292.0 (fn)
2026-09-23 15:01:47,176 INFO: Plan 0: ḡ=123.0, γE[v]=329.3, Q=452.3 (bayes)
2026-09-23 15:01:47,176 INFO: Plan 1: ḡ=51.5, γE[v]=364.0, Q=415.5 (bayes)
2026-09-23 15:01:47,176 INFO: Plan 2: ḡ=185.5, γE[v]=296.0, Q=481.5 (bayes)
2026-09-23 15:01:47,676 INFO: Plan 0: ḡ=12, γE[v]=0.0, Q=12.0 (fn)
2026-09-23 15:01:47,805 INFO: Plan 1: ḡ=43, γE[v]=29.5, Q=72.5 (fn)
2026-09-23 15:01:47,806 INFO: Plan 0: ḡ=25.5, γE[v]=13.9, Q=39.4 (bayes)
2026-09-23 15:01:47,806 INFO: Plan 1: ḡ=21.5, γE[v]=16.1, Q=37.6 (bayes)
2026-09-23 15:01:47,806 INFO: Plan 2: ḡ=43.0, γE[v]=4.0, Q=47.0 (bayes)
2026-09-23 15:01:48,114 INFO: Plan 1: ḡ=5, γE[v]=0.0, Q=5.0 (fn)
2026-09-23 15:01:48,412 INFO: Plan 1: ḡ=96, γE[v]=121.0, Q=217.0 (fn)
2026-09-23 15:01:48,743 INFO: Plan 0: ḡ=23, γE[v]=12.0, Q=35.0 (fn)
2026-09-23 15:01:48,872 INFO: Plan 1: ḡ=103, γE[v]=25.0, Q=128.0 (fn)
2026-09-23 15:01:48,873 INFO: Plan 0: ḡ=87.0, γE[v]=112.8, Q=199.8 (bayes)
2026-09-23 15:01:48,873 INFO: Plan 1: ḡ=51.5, γE[v]=131.6, Q=183.1 (bayes)
2026-09-23 15:01:48,873 INFO: Plan 2: ḡ=56.5, γE[v]=128.0, Q=184.5 (bayes)
2026-09-23 15:01:48,913 INFO: Plan 2: ḡ=44, γE[v]=1.0, Q=45.0 (fn)
2026-09-23 15:01:49,471 INFO: Plan 2: ḡ=201, γE[v]=24.0, Q=225.0 (fn)
2026-09-23 15:01:49,727 INFO: Plan 2: ḡ=245, γE[v]=86.5, Q=331.5 (fn)
2026-09-23 15:01:49,974 INFO: Plan 1: ḡ=17, γE[v]=14.5, Q=31.5 (fn)
2026-09-23 15:01:49,974 INFO: Plan 0: ḡ=2.0, γE[v]=10.5, Q=12.5 (bayes)
2026-09-23 15:01:49,975 INFO: Plan 1: ḡ=8.5, γE[v]=7.9, Q=16.4 (bayes)
2026-09-23 15:01:49,975 INFO: Plan 2: ḡ=22.0, γE[v]=0.5, Q=22.6 (bayes)
2026-09-23 15:01:50,249 INFO: Plan 2: ḡ=13, γE[v]=20.0, Q=33.0 (fn)
2026-09-23 15:01:50,250 INFO: Plan 0: ḡ=11.5, γE[v]=11.5, Q=23.0 (bayes)
2026-09-23 15:01:50,250 INFO: Plan 1: ḡ=21.0, γE[v]=6.2, Q=27.2 (bayes)
2026-09-23 15:01:50,250 INFO: Plan 2: ḡ=6.5, γE[v]=14.4, Q=20.9 (bayes)
2026-09-23 15:01:50,924 INFO: Plan 1: ḡ=77, γE[v]=86.0, Q=163.0 (fn)
2026-09-23 15:01:50,925 INFO: Plan 0: ḡ=48.5, γE[v]=56.8, Q=105.3 (bayes)
2026-09-23 15:01:50,925 INFO: Plan 1: ḡ=38.5, γE[v]=65.4, Q=103.9 (bayes)
2026-09-23 15:01:50,925 INFO: Plan 2: ḡ=100.5, γE[v]=31.6, Q=132.1 (bayes)
2026-09-23 15:01:51,657 INFO: Plan 1: ḡ=52, γE[v]=74.5, Q=126.5 (fn)
2026-09-23 15:01:52,172 INFO: Plan 1: ḡ=374, γE[v]=34.0, Q=408.0 (fn)
2026-09-23 15:01:52,172 INFO: Plan 0: ḡ=27.5, γE[v]=99.0, Q=126.5 (bayes)
2026-09-23 15:01:52,173 INFO: Plan 1: ḡ=187.0, γE[v]=18.5, Q=205.5 (bayes)
2026-09-23 15:01:52,173 INFO: Plan 2: ḡ=122.5, γE[v]=53.1, Q=175.6 (bayes)
2026-09-23 15:01:52,558 INFO: Plan 2: ḡ=21, γE[v]=63.5, Q=84.5 (fn)
2026-09-23 15:01:52,559 INFO: Plan 0: ḡ=11.5, γE[v]=48.8, Q=60.2 (bayes)
2026-09-23 15:01:52,560 INFO: Plan 1: ḡ=26.0, γE[v]=44.9, Q=70.8 (bayes)
2026-09-23 15:01:52,560 INFO: Plan 2: ḡ=10.5, γE[v]=52.1, Q=62.6 (bayes)
2026-09-23 15:01:53,210 INFO: Plan 0: ḡ=51, γE[v]=0.0, Q=51.0 (fn)
2026-09-23 15:01:54,310 INFO: Plan 0: ḡ=42, γE[v]=1.0, Q=43.0 (fn)
2026-09-23 15:01:54,526 INFO: Plan 2: ḡ=444, γE[v]=16.5, Q=460.5 (fn)
2026-09-23 15:01:54,527 INFO: Plan 0: ḡ=4.0, γE[v]=121.0, Q=125.0 (bayes)
2026-09-23 15:01:54,527 INFO: Plan 1: ḡ=48.0, γE[v]=104.4, Q=152.4 (bayes)
2026-09-23 15:01:54,527 INFO: Plan 2: ḡ=222.0, γE[v]=12.7, Q=234.7 (bayes)
2026-09-23 15:01:55,981 INFO: Plan 1: ḡ=204, γE[v]=101.0, Q=305.0 (fn)
2026-09-23 15:01:56,202 INFO: Plan 0: ḡ=216, γE[v]=12.0, Q=228.0 (fn)
2026-09-23 15:01:57,166 INFO: Plan 1: ḡ=98, γE[v]=0.0, Q=98.0 (fn)
2026-09-23 15:01:58,606 INFO: Plan 2: ḡ=124, γE[v]=0.0, Q=124.0 (fn)
2026-09-23 15:01:58,947 INFO: Plan 2: ḡ=176, γE[v]=0.0, Q=176.0 (fn)
2026-09-23 15:01:59,339 INFO: Plan 0: ḡ=132, γE[v]=0.0, Q=132.0 (fn)
2026-09-23 15:01:59,340 INFO: Plan 0: ḡ=66.0, γE[v]=261.0, Q=327.0 (bayes)
2026-09-23 15:01:59,340 INFO: Plan 1: ḡ=49.0, γE[v]=269.5, Q=318.5 (bayes)
2026-09-23 15:01:59,340 INFO: Plan 2: ḡ=62.0, γE[v]=263.0, Q=325.0 (bayes)
2026-09-23 15:01:59,749 INFO: Plan 2: ḡ=82, γE[v]=7.0, Q=89.0 (fn)
2026-09-23 15:01:59,750 INFO: Plan 0: ḡ=6.0, γE[v]=22.0, Q=28.0 (bayes)
2026-09-23 15:01:59,750 INFO: Plan 1: ḡ=2.5, γE[v]=23.8, Q=26.2 (bayes)
2026-09-23 15:01:59,750 INFO: Plan 2: ḡ=41.0, γE[v]=4.8, Q=45.8 (bayes)
2026-09-23 15:02:00,374 INFO: Plan 2: ḡ=252, γE[v]=101.0, Q=353.0 (fn)
2026-09-23 15:02:00,374 INFO: Plan 0: ḡ=108.0, γE[v]=63.5, Q=171.5 (bayes)
2026-09-23 15:02:00,374 INFO: Plan 1: ḡ=102.0, γE[v]=70.5, Q=172.6 (bayes)
2026-09-23 15:02:00,375 INFO: Plan 2: ḡ=126.0, γE[v]=58.5, Q=184.6 (bayes)
2026-09-23 15:02:00,849 INFO: Plan 1: ḡ=448, γE[v]=49.5, Q=497.5 (fn)
2026-09-23 15:02:01,435 INFO: Plan 1: ḡ=153, γE[v]=34.0, Q=187.0 (fn)
2026-09-23 15:02:01,436 INFO: Plan 0: ḡ=21.0, γE[v]=45.0, Q=66.0 (bayes)
2026-09-23 15:02:01,436 INFO: Plan 1: ḡ=76.5, γE[v]=18.8, Q=95.3 (bayes)
2026-09-23 15:02:01,436 INFO: Plan 2: ḡ=88.0, γE[v]=11.5, Q=99.5 (bayes)
2026-09-23 15:02:01,687 INFO: Plan 2: ḡ=448, γE[v]=49.5, Q=497.5 (fn)
2026-09-23 15:02:01,688 INFO: Plan 0: ḡ=25.5, γE[v]=126.2, Q=151.8 (bayes)
2026-09-23 15:02:01,688 INFO: Plan 1: ḡ=224.0, γE[v]=29.2, Q=253.2 (bayes)
2026-09-23 15:02:01,688 INFO: Plan 2: ḡ=224.0, γE[v]=29.2, Q=253.2 (bayes)
2026-09-23 15:02:03,714 INFO: Plan 2: ḡ=57, γE[v]=0.0, Q=57.0 (fn)
2026-09-23 15:02:07,036 INFO: Plan 1: ḡ=31, γE[v]=8.5, Q=39.5 (fn)
2026-09-23 15:02:07,607 INFO: Plan 0: ḡ=79, γE[v]=11.5, Q=90.5 (fn)
2026-09-23 15:02:07,608 INFO: Plan 0: ḡ=39.5, γE[v]=49.0, Q=88.5 (bayes)
2026-09-23 15:02:07,608 INFO: Plan 1: ḡ=15.5, γE[v]=60.9, Q=76.4 (bayes)
2026-09-23 15:02:07,608 INFO: Plan 2: ḡ=28.5, γE[v]=54.0, Q=82.5 (bayes)
2026-09-23 15:02:08,271 INFO: Plan 0: ḡ=14, γE[v]=0.0, Q=14.0 (fn)
2026-09-23 15:02:08,587 INFO: Plan 2: ḡ=110, γE[v]=0.0, Q=110.0 (fn)
2026-09-23 15:02:08,587 INFO: Plan 0: ḡ=92, γE[v]=0.0, Q=92.0 (fn)
2026-09-23 15:02:10,020 INFO: Plan 2: ḡ=22, γE[v]=0.0, Q=22.0 (fn)
2026-09-23 15:02:10,923 INFO: Plan 1: ḡ=36, γE[v]=0.0, Q=36.0 (fn)
2026-09-23 15:02:11,838 INFO: Plan 0: ḡ=18, γE[v]=0.0, Q=18.0 (fn)
2026-09-23 15:02:12,940 INFO: Plan 1: ḡ=53, γE[v]=82.5, Q=135.5 (fn)
2026-09-23 15:02:12,940 INFO: Plan 0: ḡ=46.0, γE[v]=33.2, Q=79.2 (bayes)
2026-09-23 15:02:12,940 INFO: Plan 1: ḡ=26.5, γE[v]=46.7, Q=73.2 (bayes)
2026-09-23 15:02:12,941 INFO: Plan 2: ḡ=55.0, γE[v]=28.8, Q=83.8 (bayes)
2026-09-23 15:02:14,090 INFO: Plan 2: ḡ=198, γE[v]=21.0, Q=219.0 (fn)
2026-09-23 15:02:14,821 INFO: Plan 2: ḡ=37, γE[v]=0.0, Q=37.0 (fn)
2026-09-23 15:02:14,943 INFO: Plan 1: ḡ=103, γE[v]=0.0, Q=103.0 (fn)
2026-09-23 15:02:15,233 INFO: Plan 1: ḡ=104, γE[v]=75.0, Q=179.0 (fn)
2026-09-23 15:02:15,234 INFO: Plan 0: ḡ=7.0, γE[v]=61.2, Q=68.2 (bayes)
2026-09-23 15:02:15,234 INFO: Plan 1: ḡ=52.0, γE[v]=42.1, Q=94.1 (bayes)
2026-09-23 15:02:15,234 INFO: Plan 2: ḡ=99.0, γE[v]=16.2, Q=115.2 (bayes)
2026-09-23 15:02:17,079 INFO: Plan 0: ḡ=42, γE[v]=39.5, Q=81.5 (fn)
2026-09-23 15:02:17,080 INFO: Plan 0: ḡ=21.0, γE[v]=67.3, Q=88.3 (bayes)
2026-09-23 15:02:17,080 INFO: Plan 1: ḡ=18.0, γE[v]=67.0, Q=85.0 (bayes)
2026-09-23 15:02:17,080 INFO: Plan 2: ḡ=11.0, γE[v]=70.5, Q=81.5 (bayes)
2026-09-23 15:02:17,118 INFO: Plan 0: ḡ=65, γE[v]=10.5, Q=75.5 (fn)
2026-09-23 15:02:17,119 INFO: Plan 0: ḡ=32.5, γE[v]=129.0, Q=161.5 (bayes)
2026-09-23 15:02:17,119 INFO: Plan 1: ḡ=51.5, γE[v]=119.0, Q=170.5 (bayes)
2026-09-23 15:02:17,119 INFO: Plan 2: ḡ=18.5, γE[v]=135.5, Q=154.0 (bayes)
2026-09-23 15:02:17,393 INFO: Plan 0: ḡ=126, γE[v]=20.0, Q=146.0 (fn)
2026-09-23 15:02:17,675 INFO: Plan 1: ḡ=118, γE[v]=11.0, Q=129.0 (fn)
2026-09-23 15:02:19,303 INFO: Plan 1: ḡ=76, γE[v]=0.0, Q=76.0 (fn)
2026-09-23 15:02:20,280 INFO: Plan 2: ḡ=18, γE[v]=0.0, Q=18.0 (fn)
2026-09-23 15:02:20,319 INFO: Plan 2: ḡ=134, γE[v]=0.0, Q=134.0 (fn)
2026-09-23 15:02:20,987 INFO: Plan 0: ḡ=18, γE[v]=0.0, Q=18.0 (fn)
2026-09-23 15:02:21,527 INFO: Plan 0: ḡ=78, γE[v]=7.5, Q=85.5 (fn)
2026-09-23 15:02:22,639 INFO: Plan 2: ḡ=111, γE[v]=65.0, Q=176.0 (fn)
2026-09-23 15:02:22,639 INFO: Plan 0: ḡ=63.0, γE[v]=121.9, Q=184.9 (bayes)
2026-09-23 15:02:22,639 INFO: Plan 1: ḡ=59.0, γE[v]=123.5, Q=182.5 (bayes)
2026-09-23 15:02:22,639 INFO: Plan 2: ḡ=55.5, γE[v]=127.7, Q=183.2 (bayes)
2026-09-23 15:02:23,316 INFO: Plan 0: ḡ=152, γE[v]=0.0, Q=152.0 (fn)
2026-09-23 15:02:23,479 INFO: Plan 0: ḡ=6, γE[v]=0.0, Q=6.0 (fn)
2026-09-23 15:02:23,525 INFO: Plan 2: ḡ=10, γE[v]=0.0, Q=10.0 (fn)
2026-09-23 15:02:23,900 INFO: Plan 2: ḡ=225, γE[v]=0.0, Q=225.0 (fn)
2026-09-23 15:02:24,268 INFO: Plan 1: ḡ=19, γE[v]=0.0, Q=19.0 (fn)
2026-09-23 15:02:24,269 INFO: Plan 0: ḡ=2.0, γE[v]=4.7, Q=6.7 (bayes)
2026-09-23 15:02:24,269 INFO: Plan 1: ḡ=6.3, γE[v]=2.5, Q=8.8 (bayes)
2026-09-23 15:02:24,269 INFO: Plan 2: ḡ=3.3, γE[v]=4.0, Q=7.3 (bayes)
2026-09-23 15:02:24,742 INFO: Plan 1: ḡ=30, γE[v]=42.5, Q=72.5 (fn)
2026-09-23 15:02:25,446 INFO: Plan 0: ḡ=12, γE[v]=0.0, Q=12.0 (fn)
2026-09-23 15:02:25,901 INFO: Plan 2: ḡ=36, γE[v]=37.5, Q=73.5 (fn)
2026-09-23 15:02:25,986 INFO: Plan 0: ḡ=11, γE[v]=50.0, Q=61.0 (fn)
2026-09-23 15:02:25,988 INFO: Plan 1: ḡ=69, γE[v]=21.0, Q=90.0 (fn)
2026-09-23 15:02:25,989 INFO: Plan 0: ḡ=5.5, γE[v]=27.3, Q=32.8 (bayes)
2026-09-23 15:02:25,989 INFO: Plan 1: ḡ=34.5, γE[v]=11.4, Q=46.0 (bayes)
2026-09-23 15:02:25,989 INFO: Plan 2: ḡ=18.0, γE[v]=20.4, Q=38.4 (bayes)
2026-09-23 15:02:26,027 INFO: Plan 1: ḡ=24, γE[v]=12.5, Q=36.5 (fn)
2026-09-23 15:02:26,027 INFO: Plan 0: ḡ=39.0, γE[v]=58.6, Q=97.6 (bayes)
2026-09-23 15:02:26,027 INFO: Plan 1: ḡ=12.0, γE[v]=72.3, Q=84.3 (bayes)
2026-09-23 15:02:26,027 INFO: Plan 2: ḡ=9.0, γE[v]=73.2, Q=82.2 (bayes)
2026-09-23 15:02:26,755 INFO: Plan 1: ḡ=240, γE[v]=0.0, Q=240.0 (fn)
2026-09-23 15:02:26,755 INFO: Plan 0: ḡ=9.0, γE[v]=79.2, Q=88.2 (bayes)
2026-09-23 15:02:26,756 INFO: Plan 1: ḡ=120.0, γE[v]=23.8, Q=143.8 (bayes)
2026-09-23 15:02:26,756 INFO: Plan 2: ḡ=112.5, γE[v]=27.5, Q=140.0 (bayes)
2026-09-23 15:02:26,838 INFO: Plan 1: ḡ=0, γE[v]=0.0, Q=0.0 (fn)
2026-09-23 15:02:27,121 INFO: Plan 2: ḡ=0, γE[v]=0.0, Q=0.0 (fn)
2026-09-23 15:02:27,723 INFO: Plan 0: ḡ=20, γE[v]=0.0, Q=20.0 (fn)
2026-09-23 15:02:27,724 INFO: Plan 0: ḡ=6.7, γE[v]=0.0, Q=6.7 (bayes)
2026-09-23 15:02:27,724 INFO: Plan 1: ḡ=0.0, γE[v]=3.3, Q=3.3 (bayes)
2026-09-23 15:02:27,724 INFO: Plan 2: ḡ=0.0, γE[v]=3.3, Q=3.3 (bayes)
2026-09-23 15:02:28,107 INFO: Plan 0: ḡ=130, γE[v]=113.5, Q=243.5 (fn)
2026-09-23 15:02:28,108 INFO: Plan 0: ḡ=65.0, γE[v]=73.4, Q=138.4 (bayes)
2026-09-23 15:02:28,108 INFO: Plan 1: ḡ=38.0, γE[v]=81.8, Q=119.8 (bayes)
2026-09-23 15:02:28,108 INFO: Plan 2: ḡ=67.0, γE[v]=67.2, Q=134.2 (bayes)
2026-09-23 15:02:28,831 INFO: Plan 2: ḡ=39, γE[v]=0.0, Q=39.0 (fn)
2026-09-23 15:02:28,998 INFO: Plan 1: ḡ=75, γE[v]=0.0, Q=75.0 (fn)
2026-09-23 15:02:29,621 INFO: Plan 0: ḡ=84, γE[v]=0.0, Q=84.0 (fn)
2026-09-23 15:02:29,622 INFO: Plan 0: ḡ=32.7, γE[v]=32.8, Q=65.4 (bayes)
2026-09-23 15:02:29,622 INFO: Plan 1: ḡ=37.5, γE[v]=30.3, Q=67.8 (bayes)
2026-09-23 15:02:29,622 INFO: Plan 2: ḡ=13.0, γE[v]=42.6, Q=55.6 (bayes)
2026-09-23 15:02:29,789 INFO: Plan 0: ḡ=0, γE[v]=0.0, Q=0.0 (fn)
2026-09-23 15:02:30,326 INFO: Plan 1: ḡ=62, γE[v]=0.0, Q=62.0 (fn)
2026-09-23 15:02:30,791 INFO: Plan 2: ḡ=175, γE[v]=4.0, Q=179.0 (fn)
2026-09-23 15:02:30,791 INFO: Plan 0: ḡ=9.0, γE[v]=41.2, Q=50.2 (bayes)
2026-09-23 15:02:30,791 INFO: Plan 1: ḡ=15.0, γE[v]=40.2, Q=55.2 (bayes)
2026-09-23 15:02:30,792 INFO: Plan 2: ḡ=87.5, γE[v]=2.2, Q=89.7 (bayes)
2026-09-23 15:02:30,836 INFO: Plan 0: ḡ=17, γE[v]=0.0, Q=17.0 (fn)
2026-09-23 15:02:30,946 INFO: Plan 1: ḡ=37, γE[v]=0.0, Q=37.0 (fn)
2026-09-23 15:02:31,411 INFO: Plan 2: ḡ=97, γE[v]=0.0, Q=97.0 (fn)
2026-09-23 15:02:31,412 INFO: Plan 0: ḡ=8.5, γE[v]=106.8, Q=115.2 (bayes)
2026-09-23 15:02:31,412 INFO: Plan 1: ḡ=18.3, γE[v]=101.8, Q=120.2 (bayes)
2026-09-23 15:02:31,412 INFO: Plan 2: ḡ=48.5, γE[v]=86.8, Q=135.2 (bayes)
2026-09-23 15:02:32,002 INFO: Plan 0: ḡ=8, γE[v]=0.0, Q=8.0 (fn)
2026-09-23 15:02:32,220 INFO: Plan 1: ḡ=19, γE[v]=0.0, Q=19.0 (fn)
2026-09-23 15:02:32,704 INFO: Plan 2: ḡ=158, γE[v]=0.0, Q=158.0 (fn)
2026-09-23 15:02:32,705 INFO: Plan 0: ḡ=0.0, γE[v]=66.4, Q=66.4 (bayes)
2026-09-23 15:02:32,705 INFO: Plan 1: ḡ=26.0, γE[v]=53.4, Q=79.4 (bayes)
2026-09-23 15:02:32,705 INFO: Plan 2: ḡ=74.2, γE[v]=29.3, Q=103.5 (bayes)
2026-09-23 15:02:33,041 INFO: Plan 0: ḡ=58, γE[v]=0.0, Q=58.0 (fn)
2026-09-23 15:02:33,199 INFO: Plan 2: ḡ=25, γE[v]=0.0, Q=25.0 (fn)
2026-09-23 15:02:33,200 INFO: Plan 0: ḡ=29.0, γE[v]=8.5, Q=37.5 (bayes)
2026-09-23 15:02:33,200 INFO: Plan 1: ḡ=9.5, γE[v]=18.2, Q=27.8 (bayes)
2026-09-23 15:02:33,200 INFO: Plan 2: ḡ=12.5, γE[v]=16.8, Q=29.2 (bayes)
2026-09-23 15:02:33,404 INFO: Plan 2: ḡ=14, γE[v]=0.0, Q=14.0 (fn)
2026-09-23 15:02:33,752 INFO: Plan 2: ḡ=0, γE[v]=0.0, Q=0.0 (fn)
2026-09-23 15:02:33,836 INFO: Plan 1: ḡ=48, γE[v]=10.0, Q=58.0 (fn)
2026-09-23 15:02:33,885 INFO: Plan 0: ḡ=23, γE[v]=5.0, Q=28.0 (fn)
2026-09-23 15:02:34,188 INFO: Plan 0: ḡ=6, γE[v]=0.0, Q=6.0 (fn)
2026-09-23 15:02:34,234 INFO: Plan 1: ḡ=9, γE[v]=0.0, Q=9.0 (fn)
2026-09-23 15:02:34,236 INFO: Plan 0: ḡ=2.0, γE[v]=2.2, Q=4.2 (bayes)
2026-09-23 15:02:34,236 INFO: Plan 1: ḡ=4.5, γE[v]=1.0, Q=5.5 (bayes)
2026-09-23 15:02:34,236 INFO: Plan 2: ḡ=0.0, γE[v]=3.2, Q=3.2 (bayes)
2026-09-23 15:02:34,798 INFO: Plan 2: ḡ=560, γE[v]=0.0, Q=560.0 (fn)
2026-09-23 15:02:35,139 INFO: Plan 1: ḡ=48, γE[v]=20.5, Q=68.5 (fn)
2026-09-23 15:02:35,778 INFO: Plan 0: ḡ=12, γE[v]=0.0, Q=12.0 (fn)
2026-09-23 15:02:36,152 INFO: Plan 2: ḡ=18, γE[v]=22.0, Q=40.0 (fn)
2026-09-23 15:02:36,152 INFO: Plan 0: ḡ=4.0, γE[v]=10.6, Q=14.6 (bayes)
2026-09-23 15:02:36,152 INFO: Plan 1: ḡ=16.0, γE[v]=5.1, Q=21.1 (bayes)
2026-09-23 15:02:36,153 INFO: Plan 2: ḡ=6.0, γE[v]=10.9, Q=16.9 (bayes)
2026-09-23 15:02:36,201 INFO: Plan 2: ḡ=53, γE[v]=0.0, Q=53.0 (fn)
2026-09-23 15:02:36,741 INFO: Plan 0: ḡ=41, γE[v]=40.0, Q=81.0 (fn)
2026-09-23 15:02:36,906 INFO: Plan 1: ḡ=22, γE[v]=19.0, Q=41.0 (fn)
2026-09-23 15:02:36,947 INFO: Plan 2: ḡ=101, γE[v]=16.0, Q=117.0 (fn)
2026-09-23 15:02:36,947 INFO: Plan 0: ḡ=20.5, γE[v]=100.8, Q=121.3 (bayes)
2026-09-23 15:02:36,948 INFO: Plan 1: ḡ=11.0, γE[v]=104.6, Q=115.6 (bayes)
2026-09-23 15:02:36,948 INFO: Plan 2: ḡ=50.5, γE[v]=84.7, Q=135.2 (bayes)
2026-09-23 15:02:37,724 INFO: Plan 2: ḡ=13, γE[v]=0.0, Q=13.0 (fn)
2026-09-23 15:02:38,008 INFO: Plan 0: ḡ=27, γE[v]=117.5, Q=144.5 (fn)
2026-09-23 15:02:38,050 INFO: Plan 1: ḡ=143, γE[v]=59.5, Q=202.5 (fn)
2026-09-23 15:02:38,092 INFO: Plan 2: ḡ=178, γE[v]=42.0, Q=220.0 (fn)
2026-09-23 15:02:38,093 INFO: Plan 0: ḡ=13.5, γE[v]=64.0, Q=77.5 (bayes)
2026-09-23 15:02:38,093 INFO: Plan 1: ḡ=71.5, γE[v]=32.4, Q=103.9 (bayes)
2026-09-23 15:02:38,093 INFO: Plan 2: ḡ=89.0, γE[v]=22.9, Q=111.9 (bayes)
2026-09-23 15:02:38,589 INFO: Plan 2: ḡ=46, γE[v]=20.0, Q=66.0 (fn)
2026-09-23 15:02:38,626 INFO: Plan 1: ḡ=7, γE[v]=0.0, Q=7.0 (fn)
2026-09-23 15:02:38,838 INFO: Plan 2: ḡ=61, γE[v]=14.5, Q=75.5 (fn)
2026-09-23 15:02:38,838 INFO: Plan 1: ḡ=55, γE[v]=6.0, Q=61.0 (fn)
2026-09-23 15:02:38,839 INFO: Plan 0: ḡ=11.5, γE[v]=56.5, Q=68.0 (bayes)
2026-09-23 15:02:38,839 INFO: Plan 0: ḡ=4.0, γE[v]=9.2, Q=13.2 (bayes)
2026-09-23 15:02:38,839 INFO: Plan 1: ḡ=24.0, γE[v]=50.9, Q=74.9 (bayes)
2026-09-23 15:02:38,839 INFO: Plan 1: ḡ=18.3, γE[v]=2.4, Q=20.7 (bayes)
2026-09-23 15:02:38,839 INFO: Plan 2: ḡ=30.5, γE[v]=47.4, Q=77.9 (bayes)
2026-09-23 15:02:38,839 INFO: Plan 2: ḡ=17.7, γE[v]=2.3, Q=20.0 (bayes)
2026-09-23 15:02:39,235 INFO: Plan 1: ḡ=48, γE[v]=12.0, Q=60.0 (fn)
2026-09-23 15:02:39,236 INFO: Plan 0: ḡ=6.0, γE[v]=76.0, Q=82.0 (bayes)
2026-09-23 15:02:39,236 INFO: Plan 1: ḡ=24.0, γE[v]=67.5, Q=91.5 (bayes)
2026-09-23 15:02:39,236 INFO: Plan 2: ḡ=23.0, γE[v]=68.4, Q=91.4 (bayes)
2026-09-23 15:02:39,671 INFO: Plan 0: ḡ=9, γE[v]=2.5, Q=11.5 (fn)
2026-09-23 15:02:39,672 INFO: Plan 0: ḡ=3.0, γE[v]=4.2, Q=7.2 (bayes)
2026-09-23 15:02:39,672 INFO: Plan 1: ḡ=2.3, γE[v]=4.4, Q=6.8 (bayes)
2026-09-23 15:02:39,672 INFO: Plan 2: ḡ=6.5, γE[v]=2.3, Q=8.8 (bayes)
2026-09-23 15:02:40,140 INFO: Plan 0: ḡ=10, γE[v]=5.5, Q=15.5 (fn)
2026-09-23 15:02:40,481 INFO: Plan 1: ḡ=13, γE[v]=9.0, Q=22.0 (fn)
2026-09-23 15:02:40,482 INFO: Plan 0: ḡ=3.3, γE[v]=3.9, Q=7.2 (bayes)
2026-09-23 15:02:40,482 INFO: Plan 1: ḡ=4.5, γE[v]=3.5, Q=8.0 (bayes)
2026-09-23 15:02:40,482 INFO: Plan 2: ḡ=4.7, γE[v]=2.9, Q=7.6 (bayes)
2026-09-23 15:02:41,702 INFO: Plan 0: ḡ=11, γE[v]=0.0, Q=11.0 (fn)
2026-09-23 15:02:41,907 INFO: Plan 2: ḡ=71, γE[v]=0.0, Q=71.0 (fn)
2026-09-23 15:02:42,683 INFO: Plan 1: ḡ=64, γE[v]=0.0, Q=64.0 (fn)
2026-09-23 15:02:42,683 INFO: Plan 0: ḡ=5.3, γE[v]=107.0, Q=112.3 (bayes)
2026-09-23 15:02:42,683 INFO: Plan 1: ḡ=32.0, γE[v]=93.7, Q=125.7 (bayes)
2026-09-23 15:02:42,684 INFO: Plan 2: ḡ=35.5, γE[v]=91.9, Q=127.4 (bayes)
2026-09-23 15:02:42,959 INFO: Plan 0: ḡ=81, γE[v]=0.0, Q=81.0 (fn)
2026-09-23 15:02:43,501 INFO: Plan 2: ḡ=30, γE[v]=0.0, Q=30.0 (fn)
2026-09-23 15:02:44,328 INFO: Plan 0: ḡ=56, γE[v]=0.0, Q=56.0 (fn)
2026-09-23 15:02:44,580 INFO: Plan 1: ḡ=66, γE[v]=0.0, Q=66.0 (fn)
2026-09-23 15:02:44,924 INFO: Plan 1: ḡ=2, γE[v]=0.0, Q=2.0 (fn)
2026-09-23 15:02:44,970 INFO: Plan 2: ḡ=94, γE[v]=0.0, Q=94.0 (fn)
2026-09-23 15:02:44,971 INFO: Plan 0: ḡ=26.7, γE[v]=95.2, Q=121.9 (bayes)
2026-09-23 15:02:44,971 INFO: Plan 1: ḡ=33.0, γE[v]=92.1, Q=125.1 (bayes)
2026-09-23 15:02:44,972 INFO: Plan 2: ḡ=47.0, γE[v]=85.1, Q=132.1 (bayes)
2026-09-23 15:02:45,567 INFO: Plan 2: ḡ=4, γE[v]=0.0, Q=4.0 (fn)
2026-09-23 15:02:46,806 INFO: Plan 0: ḡ=3, γE[v]=1.5, Q=4.5 (fn)
2026-09-23 15:02:46,807 INFO: Plan 0: ḡ=1.0, γE[v]=0.6, Q=1.6 (bayes)
2026-09-23 15:02:46,807 INFO: Plan 1: ḡ=0.7, γE[v]=0.7, Q=1.3 (bayes)
2026-09-23 15:02:46,807 INFO: Plan 2: ḡ=1.3, γE[v]=0.3, Q=1.7 (bayes)
2026-09-23 15:02:49,331 INFO: Plan 1: ḡ=138, γE[v]=20.0, Q=158.0 (fn)
2026-09-23 15:02:49,333 INFO: Plan 0: ḡ=40.5, γE[v]=78.0, Q=118.5 (bayes)
2026-09-23 15:02:49,335 INFO: Plan 1: ḡ=69.0, γE[v]=64.7, Q=133.7 (bayes)
2026-09-23 15:02:49,337 INFO: Plan 2: ḡ=15.0, γE[v]=90.8, Q=105.8 (bayes)
2026-09-23 15:02:56,086 INFO: Plan 2: ḡ=64, γE[v]=0.0, Q=64.0 (fn)
2026-09-23 15:02:56,376 INFO: Plan 1: ḡ=107, γE[v]=0.0, Q=107.0 (fn)
2026-09-23 15:02:56,578 INFO: Plan 0: ḡ=54, γE[v]=0.0, Q=54.0 (fn)
2026-09-23 15:02:56,579 INFO: Plan 0: ḡ=26.2, γE[v]=29.5, Q=55.7 (bayes)
2026-09-23 15:02:56,579 INFO: Plan 1: ḡ=38.3, γE[v]=23.4, Q=61.8 (bayes)
2026-09-23 15:02:56,579 INFO: Plan 2: ḡ=23.5, γE[v]=30.8, Q=54.3 (bayes)
2026-09-23 15:02:57,039 INFO: Plan 2: ḡ=90, γE[v]=0.0, Q=90.0 (fn)
2026-09-23 15:02:57,077 INFO: Plan 0: ḡ=58, γE[v]=0.0, Q=58.0 (fn)
2026-09-23 15:02:57,796 INFO: Plan 1: ḡ=1323, γE[v]=0.0, Q=1323.0 (fn)
2026-09-23 15:02:57,797 INFO: Plan 0: ḡ=76.0, γE[v]=321.5, Q=397.5 (bayes)
2026-09-23 15:02:57,797 INFO: Plan 1: ḡ=661.5, γE[v]=28.8, Q=690.2 (bayes)
2026-09-23 15:02:57,797 INFO: Plan 2: ḡ=280.0, γE[v]=219.5, Q=499.5 (bayes)
2026-09-23 15:02:58,956 INFO: Plan 0: ḡ=38, γE[v]=0.0, Q=38.0 (fn)
2026-09-23 15:02:58,957 INFO: Plan 0: ḡ=3, γE[v]=0.0, Q=3.0 (fn)
2026-09-23 15:03:00,826 INFO: Plan 2: ḡ=15, γE[v]=10.0, Q=25.0 (fn)
2026-09-23 15:03:01,241 INFO: Plan 0: ḡ=41, γE[v]=0.0, Q=41.0 (fn)
2026-09-23 15:03:01,282 INFO: Plan 1: ḡ=15, γE[v]=10.0, Q=25.0 (fn)
2026-09-23 15:03:01,283 INFO: Plan 1: ḡ=89, γE[v]=51.5, Q=140.5 (fn)
2026-09-23 15:03:01,284 INFO: Plan 0: ḡ=20.8, γE[v]=50.0, Q=70.8 (bayes)
2026-09-23 15:03:01,284 INFO: Plan 0: ḡ=1.5, γE[v]=6.3, Q=7.8 (bayes)
2026-09-23 15:03:01,284 INFO: Plan 1: ḡ=36.7, γE[v]=45.2, Q=81.8 (bayes)
2026-09-23 15:03:01,284 INFO: Plan 1: ḡ=7.5, γE[v]=3.9, Q=11.4 (bayes)
2026-09-23 15:03:01,284 INFO: Plan 2: ḡ=30.0, γE[v]=45.4, Q=75.4 (bayes)
2026-09-23 15:03:01,284 INFO: Plan 2: ḡ=7.5, γE[v]=3.9, Q=11.4 (bayes)
2026-09-23 15:03:01,804 INFO: Plan 2: ḡ=59, γE[v]=0.0, Q=59.0 (fn)
2026-09-23 15:03:02,403 INFO: Plan 2: ḡ=43, γE[v]=0.0, Q=43.0 (fn)
2026-09-23 15:03:03,455 INFO: Plan 2: ḡ=138, γE[v]=0.0, Q=138.0 (fn)
2026-09-23 15:03:03,496 INFO: Plan 0: ḡ=45, γE[v]=0.0, Q=45.0 (fn)
2026-09-23 15:03:03,859 INFO: Plan 0: ḡ=5, γE[v]=0.0, Q=5.0 (fn)
2026-09-23 15:03:04,295 INFO: Plan 1: ḡ=43, γE[v]=0.0, Q=43.0 (fn)
2026-09-23 15:03:04,523 INFO: Plan 2: ḡ=186, γE[v]=0.0, Q=186.0 (fn)
2026-09-23 15:03:04,691 INFO: Plan 2: ḡ=1, γE[v]=0.0, Q=1.0 (fn)
2026-09-23 15:03:05,016 INFO: Plan 0: ḡ=43, γE[v]=0.5, Q=43.5 (fn)
2026-09-23 15:03:05,017 INFO: Plan 0: ḡ=21.5, γE[v]=18.1, Q=39.6 (bayes)
2026-09-23 15:03:05,017 INFO: Plan 1: ḡ=21.5, γE[v]=18.1, Q=39.6 (bayes)
2026-09-23 15:03:05,017 INFO: Plan 2: ḡ=51.7, γE[v]=3.0, Q=54.7 (bayes)
2026-09-23 15:03:05,229 INFO: Plan 1: ḡ=9, γE[v]=0.0, Q=9.0 (fn)
2026-09-23 15:03:05,229 INFO: Plan 0: ḡ=1.7, γE[v]=1.7, Q=3.3 (bayes)
2026-09-23 15:03:05,229 INFO: Plan 1: ḡ=3.0, γE[v]=1.0, Q=4.0 (bayes)
2026-09-23 15:03:05,229 INFO: Plan 2: ḡ=0.3, γE[v]=2.3, Q=2.7 (bayes)
2026-09-23 15:03:05,965 INFO: Plan 1: ḡ=34, γE[v]=16.0, Q=50.0 (fn)
2026-09-23 15:03:06,686 INFO: Plan 0: ḡ=3, γE[v]=0.0, Q=3.0 (fn)
2026-09-23 15:03:07,024 INFO: Plan 1: ḡ=52, γE[v]=6.0, Q=58.0 (fn)
2026-09-23 15:03:07,025 INFO: Plan 0: ḡ=19.0, γE[v]=74.0, Q=93.0 (bayes)
2026-09-23 15:03:07,025 INFO: Plan 1: ḡ=26.0, γE[v]=70.8, Q=96.8 (bayes)
2026-09-23 15:03:07,025 INFO: Plan 2: ḡ=28.2, γE[v]=69.4, Q=97.6 (bayes)
2026-09-23 15:03:07,400 INFO: Plan 1: ḡ=5, γE[v]=0.0, Q=5.0 (fn)
2026-09-23 15:03:07,402 INFO: Plan 0: ḡ=97, γE[v]=6.5, Q=103.5 (fn)
2026-09-23 15:03:08,085 INFO: Plan 2: ḡ=61, γE[v]=7.0, Q=68.0 (fn)
2026-09-23 15:03:08,085 INFO: Plan 0: ḡ=19.2, γE[v]=50.1, Q=69.2 (bayes)
2026-09-23 15:03:08,085 INFO: Plan 1: ḡ=11.7, γE[v]=54.8, Q=66.5 (bayes)
2026-09-23 15:03:08,086 INFO: Plan 2: ḡ=20.3, γE[v]=49.9, Q=70.2 (bayes)
2026-09-23 15:03:08,790 INFO: Plan 0: ḡ=9, γE[v]=0.0, Q=9.0 (fn)
2026-09-23 15:03:08,790 INFO: Plan 2: ḡ=6, γE[v]=0.0, Q=6.0 (fn)
2026-09-23 15:03:08,792 INFO: Plan 0: ḡ=109, γE[v]=40.0, Q=149.0 (fn)
2026-09-23 15:03:08,793 INFO: Plan 0: ḡ=1.5, γE[v]=2.8, Q=4.2 (bayes)
2026-09-23 15:03:08,793 INFO: Plan 1: ḡ=2.5, γE[v]=2.2, Q=4.8 (bayes)
2026-09-23 15:03:08,793 INFO: Plan 2: ḡ=3.0, γE[v]=2.0, Q=5.0 (bayes)
2026-09-23 15:03:09,847 INFO: Plan 1: ḡ=130, γE[v]=0.0, Q=130.0 (fn)
2026-09-23 15:03:10,099 INFO: Plan 1: ḡ=346, γE[v]=0.0, Q=346.0 (fn)
2026-09-23 15:03:10,100 INFO: Plan 0: ḡ=22.5, γE[v]=252.2, Q=274.7 (bayes)
2026-09-23 15:03:10,100 INFO: Plan 1: ḡ=173.0, γE[v]=176.9, Q=349.9 (bayes)
2026-09-23 15:03:10,100 INFO: Plan 2: ḡ=19.5, γE[v]=253.7, Q=273.2 (bayes)
2026-09-23 15:03:10,395 INFO: Plan 1: ḡ=107, γE[v]=91.0, Q=198.0 (fn)
2026-09-23 15:03:10,397 INFO: Plan 1: ḡ=5, γE[v]=0.0, Q=5.0 (fn)
2026-09-23 15:03:10,397 INFO: Plan 0: ḡ=45.0, γE[v]=88.5, Q=133.6 (bayes)
2026-09-23 15:03:10,397 INFO: Plan 1: ḡ=53.5, γE[v]=86.8, Q=140.2 (bayes)
2026-09-23 15:03:10,398 INFO: Plan 2: ḡ=93.0, γE[v]=62.8, Q=155.8 (bayes)
2026-09-23 15:03:10,827 INFO: Plan 0: ḡ=14, γE[v]=0.0, Q=14.0 (fn)
2026-09-23 15:03:11,247 INFO: Plan 2: ḡ=27, γE[v]=0.0, Q=27.0 (fn)
2026-09-23 15:03:11,248 INFO: Plan 0: ḡ=6.2, γE[v]=21.7, Q=27.8 (bayes)
2026-09-23 15:03:11,248 INFO: Plan 1: ḡ=43.3, γE[v]=3.1, Q=46.4 (bayes)
2026-09-23 15:03:11,248 INFO: Plan 2: ḡ=10.5, γE[v]=19.5, Q=30.0 (bayes)
2026-09-23 15:03:11,501 INFO: Plan 0: ḡ=70, γE[v]=0.0, Q=70.0 (fn)
2026-09-23 15:03:11,725 INFO: Plan 2: ḡ=146, γE[v]=0.0, Q=146.0 (fn)
2026-09-23 15:03:11,726 INFO: Plan 0: ḡ=34.8, γE[v]=225.2, Q=260.1 (bayes)
2026-09-23 15:03:11,726 INFO: Plan 1: ḡ=2.5, γE[v]=241.4, Q=243.9 (bayes)
2026-09-23 15:03:11,726 INFO: Plan 2: ḡ=73.0, γE[v]=206.2, Q=279.2 (bayes)
2026-09-23 15:03:12,627 INFO: Plan 1: ḡ=15, γE[v]=5.0, Q=20.0 (fn)
2026-09-23 15:03:13,288 INFO: Plan 0: ḡ=24, γE[v]=0.0, Q=24.0 (fn)
2026-09-23 15:03:13,612 INFO: Plan 1: ḡ=64, γE[v]=0.0, Q=64.0 (fn)
2026-09-23 15:03:13,750 INFO: Plan 2: ḡ=85, γE[v]=0.0, Q=85.0 (fn)
2026-09-23 15:03:13,751 INFO: Plan 0: ḡ=8.0, γE[v]=15.7, Q=23.7 (bayes)
2026-09-23 15:03:13,751 INFO: Plan 1: ḡ=21.3, γE[v]=9.0, Q=30.3 (bayes)
2026-09-23 15:03:13,751 INFO: Plan 2: ḡ=28.3, γE[v]=5.5, Q=33.8 (bayes)
2026-09-23 15:03:14,731 INFO: Plan 2: ḡ=16, γE[v]=4.5, Q=20.5 (fn)
2026-09-23 15:03:14,731 INFO: Plan 0: ḡ=3.0, γE[v]=2.8, Q=5.8 (bayes)
2026-09-23 15:03:14,731 INFO: Plan 1: ḡ=5.2, γE[v]=2.0, Q=7.2 (bayes)
2026-09-23 15:03:14,731 INFO: Plan 2: ḡ=5.7, γE[v]=1.8, Q=7.4 (bayes)
2026-09-23 15:03:15,496 INFO: Plan 1: ḡ=77, γE[v]=86.0, Q=163.0 (fn)
2026-09-23 15:03:16,554 INFO: Plan 2: ḡ=23, γE[v]=0.0, Q=23.0 (fn)
2026-09-23 15:03:16,798 INFO: Plan 1: ḡ=6, γE[v]=0.0, Q=6.0 (fn)
2026-09-23 15:03:16,882 INFO: Plan 2: ḡ=49, γE[v]=0.0, Q=49.0 (fn)
2026-09-23 15:03:19,538 INFO: Plan 2: ḡ=107, γE[v]=22.5, Q=129.5 (fn)
2026-09-23 15:03:19,706 INFO: Plan 1: ḡ=18, γE[v]=1.0, Q=19.0 (fn)
2026-09-23 15:03:19,748 INFO: Plan 0: ḡ=65, γE[v]=2.0, Q=67.0 (fn)
2026-09-23 15:03:19,748 INFO: Plan 0: ḡ=21.7, γE[v]=43.5, Q=65.2 (bayes)
2026-09-23 15:03:19,748 INFO: Plan 1: ḡ=3.0, γE[v]=52.8, Q=55.8 (bayes)
2026-09-23 15:03:19,748 INFO: Plan 2: ḡ=24.5, γE[v]=42.0, Q=66.5 (bayes)
2026-09-23 15:03:20,406 INFO: Plan 0: ḡ=44, γE[v]=0.0, Q=44.0 (fn)
2026-09-23 15:03:20,408 INFO: Plan 0: ḡ=11, γE[v]=1.5, Q=12.5 (fn)
2026-09-23 15:03:20,409 INFO: Plan 2: ḡ=233, γE[v]=45.0, Q=278.0 (fn)
2026-09-23 15:03:20,410 INFO: Plan 0: ḡ=5.0, γE[v]=6.3, Q=11.3 (bayes)
2026-09-23 15:03:20,410 INFO: Plan 1: ḡ=8.5, γE[v]=4.5, Q=13.0 (bayes)
2026-09-23 15:03:20,410 INFO: Plan 0: ḡ=44.7, γE[v]=38.1, Q=82.7 (bayes)
2026-09-23 15:03:20,410 INFO: Plan 2: ḡ=8.0, γE[v]=4.8, Q=12.8 (bayes)
2026-09-23 15:03:20,410 INFO: Plan 1: ḡ=25.7, γE[v]=52.3, Q=78.0 (bayes)
2026-09-23 15:03:20,411 INFO: Plan 2: ḡ=77.7, γE[v]=23.3, Q=101.0 (bayes)
2026-09-23 15:03:20,938 INFO: Plan 2: ḡ=7, γE[v]=0.0, Q=7.0 (fn)
2026-09-23 15:03:21,202 INFO: Plan 1: ḡ=34, γE[v]=59.5, Q=93.5 (fn)
2026-09-23 15:03:22,786 INFO: Plan 1: ḡ=8, γE[v]=1.5, Q=9.5 (fn)
2026-09-23 15:03:23,325 INFO: Plan 0: ḡ=33, γE[v]=64.0, Q=97.0 (fn)
2026-09-23 15:03:23,325 INFO: Plan 0: ḡ=11.5, γE[v]=25.7, Q=37.2 (bayes)
2026-09-23 15:03:23,326 INFO: Plan 1: ḡ=12.5, γE[v]=25.0, Q=37.5 (bayes)
2026-09-23 15:03:23,326 INFO: Plan 2: ḡ=35.7, γE[v]=11.2, Q=46.8 (bayes)
2026-09-23 15:03:23,372 INFO: Plan 2: ḡ=33, γE[v]=0.0, Q=33.0 (fn)
2026-09-23 15:03:23,770 INFO: Plan 1: ḡ=82, γE[v]=0.0, Q=82.0 (fn)
2026-09-23 15:03:24,631 INFO: Plan 0: ḡ=58, γE[v]=3.5, Q=61.5 (fn)
2026-09-23 15:03:24,632 INFO: Plan 0: ḡ=29.0, γE[v]=117.7, Q=146.7 (bayes)
2026-09-23 15:03:24,632 INFO: Plan 1: ḡ=28.0, γE[v]=118.0, Q=146.0 (bayes)
2026-09-23 15:03:24,632 INFO: Plan 2: ḡ=16.5, γE[v]=123.7, Q=140.2 (bayes)
2026-09-23 15:03:25,096 INFO: Plan 0: ḡ=202, γE[v]=0.0, Q=202.0 (fn)
2026-09-23 15:03:25,097 INFO: Plan 0: ḡ=67.3, γE[v]=2.4, Q=69.8 (bayes)
2026-09-23 15:03:25,097 INFO: Plan 1: ḡ=3.7, γE[v]=34.3, Q=38.0 (bayes)
2026-09-23 15:03:25,097 INFO: Plan 2: ḡ=2.5, γE[v]=34.8, Q=37.3 (bayes)
2026-09-23 15:03:25,251 INFO: Plan 0: ḡ=46, γE[v]=0.0, Q=46.0 (fn)
2026-09-23 15:03:25,616 INFO: Plan 1: ḡ=0, γE[v]=0.0, Q=0.0 (fn)
2026-09-23 15:03:26,119 INFO: Plan 1: ḡ=53, γE[v]=23.0, Q=76.0 (fn)
2026-09-23 15:03:26,162 INFO: Plan 0: ḡ=0, γE[v]=0.0, Q=0.0 (fn)
2026-09-23 15:03:26,206 INFO: Plan 2: ḡ=0, γE[v]=0.0, Q=0.0 (fn)
2026-09-23 15:03:26,206 INFO: Plan 0: ḡ=0.0, γE[v]=0.0, Q=0.0 (bayes)
2026-09-23 15:03:26,206 INFO: Plan 1: ḡ=0.0, γE[v]=0.0, Q=0.0 (bayes)
2026-09-23 15:03:26,206 INFO: Plan 2: ḡ=0.0, γE[v]=0.0, Q=0.0 (bayes)
2026-09-23 15:03:26,252 INFO: Plan 2: ḡ=23, γE[v]=0.0, Q=23.0 (fn)
2026-09-23 15:03:26,253 INFO: Plan 0: ḡ=21, γE[v]=0.0, Q=21.0 (fn)
2026-09-23 15:03:26,917 INFO: Plan 2: ḡ=69, γE[v]=23.0, Q=92.0 (fn)
2026-09-23 15:03:26,922 INFO: Plan 1: ḡ=18, γE[v]=0.0, Q=18.0 (fn)
2026-09-23 15:03:26,923 INFO: Plan 0: ḡ=23.0, γE[v]=17.2, Q=40.2 (bayes)
2026-09-23 15:03:26,923 INFO: Plan 1: ḡ=26.5, γE[v]=16.5, Q=43.0 (bayes)
2026-09-23 15:03:26,923 INFO: Plan 2: ḡ=34.5, γE[v]=12.5, Q=47.0 (bayes)
2026-09-23 15:03:27,332 INFO: Plan 0: ḡ=10, γE[v]=0.0, Q=10.0 (fn)
2026-09-23 15:03:27,372 INFO: Plan 2: ḡ=30, γE[v]=0.0, Q=30.0 (fn)
2026-09-23 15:03:27,527 INFO: Plan 0: ḡ=21, γE[v]=8.0, Q=29.0 (fn)
2026-09-23 15:03:27,567 INFO: Plan 1: ḡ=74, γE[v]=0.0, Q=74.0 (fn)
2026-09-23 15:03:28,091 INFO: Plan 0: ḡ=69, γE[v]=0.0, Q=69.0 (fn)
2026-09-23 15:03:28,092 INFO: Plan 0: ḡ=25.2, γE[v]=21.1, Q=46.2 (bayes)
2026-09-23 15:03:28,092 INFO: Plan 1: ḡ=32.2, γE[v]=17.6, Q=49.8 (bayes)
2026-09-23 15:03:28,092 INFO: Plan 2: ḡ=10.0, γE[v]=28.7, Q=38.7 (bayes)
2026-09-23 15:03:28,348 INFO: Plan 0: ḡ=8, γE[v]=0.0, Q=8.0 (fn)
2026-09-23 15:03:28,801 INFO: Plan 1: ḡ=340, γE[v]=46.0, Q=386.0 (fn)
2026-09-23 15:03:29,192 INFO: Plan 1: ḡ=20, γE[v]=0.0, Q=20.0 (fn)
2026-09-23 15:03:29,322 INFO: Plan 2: ḡ=25, γE[v]=0.0, Q=25.0 (fn)
2026-09-23 15:03:29,322 INFO: Plan 0: ḡ=4.0, γE[v]=6.5, Q=10.5 (bayes)
2026-09-23 15:03:29,322 INFO: Plan 1: ḡ=10.0, γE[v]=3.5, Q=13.5 (bayes)
2026-09-23 15:03:29,322 INFO: Plan 2: ḡ=12.5, γE[v]=2.2, Q=14.8 (bayes)
2026-09-23 15:03:29,367 INFO: Plan 0: ḡ=0, γE[v]=0.0, Q=0.0 (fn)
2026-09-23 15:03:29,706 INFO: Plan 2: ḡ=87, γE[v]=0.0, Q=87.0 (fn)
2026-09-23 15:03:29,706 INFO: Plan 0: ḡ=4.8, γE[v]=47.3, Q=52.2 (bayes)
2026-09-23 15:03:29,706 INFO: Plan 1: ḡ=6.5, γE[v]=46.5, Q=53.0 (bayes)
2026-09-23 15:03:29,707 INFO: Plan 2: ḡ=32.3, γE[v]=33.6, Q=65.9 (bayes)
2026-09-23 15:03:29,874 INFO: Plan 2: ḡ=0, γE[v]=0.0, Q=0.0 (fn)
2026-09-23 15:03:30,702 INFO: Plan 0: ḡ=6, γE[v]=0.0, Q=6.0 (fn)
2026-09-23 15:03:30,742 INFO: Plan 1: ḡ=6, γE[v]=0.0, Q=6.0 (fn)
2026-09-23 15:03:30,742 INFO: Plan 0: ḡ=2.0, γE[v]=0.0, Q=2.0 (bayes)
2026-09-23 15:03:30,742 INFO: Plan 1: ḡ=2.0, γE[v]=0.0, Q=2.0 (bayes)
2026-09-23 15:03:30,742 INFO: Plan 2: ḡ=0.0, γE[v]=1.0, Q=1.0 (bayes)
2026-09-23 15:03:30,786 INFO: Plan 2: ḡ=24, γE[v]=0.0, Q=24.0 (fn)
2026-09-23 15:03:31,043 INFO: Plan 1: ḡ=78, γE[v]=15.5, Q=93.5 (fn)
2026-09-23 15:03:31,044 INFO: Plan 0: ḡ=7.0, γE[v]=14.7, Q=21.7 (bayes)
2026-09-23 15:03:31,044 INFO: Plan 1: ḡ=26.0, γE[v]=6.1, Q=32.1 (bayes)
2026-09-23 15:03:31,044 INFO: Plan 2: ḡ=7.7, γE[v]=14.3, Q=22.0 (bayes)
2026-09-23 15:03:32,074 INFO: Plan 1: ḡ=11, γE[v]=0.0, Q=11.0 (fn)
2026-09-23 15:03:32,250 INFO: Plan 0: ḡ=1, γE[v]=0.0, Q=1.0 (fn)
2026-09-23 15:03:33,340 INFO: Plan 2: ḡ=408, γE[v]=29.5, Q=437.5 (fn)
2026-09-23 15:03:33,341 INFO: Plan 0: ḡ=14.7, γE[v]=71.7, Q=86.3 (bayes)
2026-09-23 15:03:33,341 INFO: Plan 1: ḡ=113.3, γE[v]=25.1, Q=138.4 (bayes)
2026-09-23 15:03:33,341 INFO: Plan 2: ḡ=138.3, γE[v]=11.6, Q=149.9 (bayes)
2026-09-23 15:03:34,110 INFO: Plan 2: ḡ=29, γE[v]=6.0, Q=35.0 (fn)
2026-09-23 15:03:34,110 INFO: Plan 0: ḡ=0.2, γE[v]=5.0, Q=5.2 (bayes)
2026-09-23 15:03:34,110 INFO: Plan 1: ḡ=2.8, γE[v]=3.8, Q=6.5 (bayes)
2026-09-23 15:03:34,110 INFO: Plan 2: ḡ=7.2, γE[v]=1.9, Q=9.2 (bayes)
2026-09-23 15:03:34,665 INFO: Plan 0: ḡ=2, γE[v]=0.0, Q=2.0 (fn)
2026-09-23 15:03:34,841 INFO: Plan 1: ḡ=10, γE[v]=0.0, Q=10.0 (fn)
2026-09-23 15:03:35,281 INFO: Plan 1: ḡ=72, γE[v]=29.5, Q=101.5 (fn)
2026-09-23 15:03:35,282 INFO: Plan 0: ḡ=0.0, γE[v]=29.3, Q=29.3 (bayes)
2026-09-23 15:03:35,282 INFO: Plan 1: ḡ=29.8, γE[v]=15.8, Q=45.6 (bayes)
2026-09-23 15:03:35,282 INFO: Plan 2: ḡ=10.2, γE[v]=24.2, Q=34.4 (bayes)
2026-09-23 15:03:35,452 INFO: Plan 2: ḡ=108, γE[v]=0.0, Q=108.0 (fn)
2026-09-23 15:03:36,704 INFO: Plan 2: ḡ=30, γE[v]=5.0, Q=35.0 (fn)
2026-09-23 15:03:36,704 INFO: Plan 0: ḡ=0.7, γE[v]=6.5, Q=7.2 (bayes)
2026-09-23 15:03:36,704 INFO: Plan 1: ḡ=3.3, γE[v]=5.2, Q=8.5 (bayes)
2026-09-23 15:03:36,704 INFO: Plan 2: ḡ=10.0, γE[v]=2.1, Q=12.1 (bayes)
2026-09-23 15:03:37,547 INFO: Plan 0: ḡ=11, γE[v]=0.0, Q=11.0 (fn)
2026-09-23 15:03:37,836 INFO: Plan 1: ḡ=70, γE[v]=19.0, Q=89.0 (fn)
2026-09-23 15:03:37,836 INFO: Plan 0: ḡ=7.7, γE[v]=22.1, Q=29.8 (bayes)
2026-09-23 15:03:37,836 INFO: Plan 1: ḡ=32.2, γE[v]=10.4, Q=42.5 (bayes)
2026-09-23 15:03:37,836 INFO: Plan 2: ḡ=51.2, γE[v]=0.0, Q=51.2 (bayes)
2026-09-23 15:03:39,504 INFO: Plan 2: ḡ=15, γE[v]=15.0, Q=30.0 (fn)
2026-09-23 15:03:39,664 INFO: Plan 1: ḡ=37, γE[v]=2.5, Q=39.5 (fn)
2026-09-23 15:03:39,830 INFO: Plan 0: ḡ=142, γE[v]=0.0, Q=142.0 (fn)
2026-09-23 15:03:40,308 INFO: Plan 1: ḡ=14, γE[v]=0.0, Q=14.0 (fn)
2026-09-23 15:03:40,754 INFO: Plan 2: ḡ=9, γE[v]=0.0, Q=9.0 (fn)
2026-09-23 15:03:40,995 INFO: Plan 2: ḡ=44, γE[v]=0.0, Q=44.0 (fn)
2026-09-23 15:03:40,995 INFO: Plan 0: ḡ=67.7, γE[v]=24.0, Q=91.7 (bayes)
2026-09-23 15:03:40,995 INFO: Plan 1: ḡ=17.7, γE[v]=49.1, Q=66.8 (bayes)
2026-09-23 15:03:40,996 INFO: Plan 2: ḡ=21.2, γE[v]=47.2, Q=68.4 (bayes)
2026-09-23 15:03:41,324 INFO: Plan 0: ḡ=7, γE[v]=0.0, Q=7.0 (fn)
2026-09-23 15:03:41,325 INFO: Plan 0: ḡ=2.5, γE[v]=1.8, Q=4.2 (bayes)
2026-09-23 15:03:41,325 INFO: Plan 1: ḡ=3.5, γE[v]=1.2, Q=4.8 (bayes)
2026-09-23 15:03:41,325 INFO: Plan 2: ḡ=2.2, γE[v]=1.9, Q=4.1 (bayes)
2026-09-23 15:03:41,625 INFO: Plan 1: ḡ=24, γE[v]=11.5, Q=35.5 (fn)
2026-09-23 15:03:41,626 INFO: Plan 0: ḡ=3.7, γE[v]=6.3, Q=10.0 (bayes)
2026-09-23 15:03:41,626 INFO: Plan 1: ḡ=8.0, γE[v]=4.9, Q=12.9 (bayes)
2026-09-23 15:03:41,626 INFO: Plan 2: ḡ=5.0, γE[v]=6.6, Q=11.6 (bayes)
2026-09-23 15:03:43,494 INFO: Plan 1: ḡ=36, γE[v]=0.0, Q=36.0 (fn)
2026-09-23 15:03:44,305 INFO: Plan 0: ḡ=17, γE[v]=0.0, Q=17.0 (fn)
2026-09-23 15:03:44,943 INFO: Plan 2: ḡ=0, γE[v]=0.0, Q=0.0 (fn)
2026-09-23 15:03:46,152 INFO: Plan 0: ḡ=14, γE[v]=0.0, Q=14.0 (fn)
2026-09-23 15:03:46,301 INFO: Plan 1: ḡ=7, γE[v]=3.5, Q=10.5 (fn)
2026-09-23 15:03:46,302 INFO: Plan 0: ḡ=4.7, γE[v]=0.0, Q=4.7 (bayes)
2026-09-23 15:03:46,302 INFO: Plan 1: ḡ=2.3, γE[v]=1.4, Q=3.7 (bayes)
2026-09-23 15:03:46,302 INFO: Plan 2: ḡ=0.0, γE[v]=2.3, Q=2.3 (bayes)
2026-09-23 15:03:46,646 INFO: Plan 2: ḡ=51, γE[v]=0.0, Q=51.0 (fn)
2026-09-23 15:03:46,647 INFO: Plan 0: ḡ=8.5, γE[v]=80.8, Q=89.2 (bayes)
2026-09-23 15:03:46,647 INFO: Plan 1: ḡ=17.8, γE[v]=76.1, Q=93.9 (bayes)
2026-09-23 15:03:46,647 INFO: Plan 2: ḡ=23.7, γE[v]=73.2, Q=96.8 (bayes)
2026-09-23 15:03:47,698 INFO: Plan 0: ḡ=303, γE[v]=20.5, Q=323.5 (fn)
2026-09-23 15:03:47,883 INFO: Plan 0: ḡ=8, γE[v]=0.0, Q=8.0 (fn)
2026-09-23 15:03:48,063 INFO: Plan 2: ḡ=10, γE[v]=0.0, Q=10.0 (fn)
2026-09-23 15:03:48,177 INFO: Plan 2: ḡ=137, γE[v]=65.0, Q=202.0 (fn)
2026-09-23 15:03:48,307 INFO: Plan 1: ḡ=5, γE[v]=0.0, Q=5.0 (fn)
2026-09-23 15:03:48,308 INFO: Plan 0: ḡ=2.0, γE[v]=1.9, Q=3.9 (bayes)
2026-09-23 15:03:48,308 INFO: Plan 1: ḡ=1.2, γE[v]=2.2, Q=3.5 (bayes)
2026-09-23 15:03:48,308 INFO: Plan 2: ḡ=2.5, γE[v]=1.6, Q=4.1 (bayes)
2026-09-23 15:03:50,052 INFO: Plan 1: ḡ=309, γE[v]=70.5, Q=379.5 (fn)
2026-09-23 15:03:50,053 INFO: Plan 0: ḡ=128.2, γE[v]=71.2, Q=199.3 (bayes)
2026-09-23 15:03:50,053 INFO: Plan 1: ḡ=147.8, γE[v]=63.6, Q=211.4 (bayes)
2026-09-23 15:03:50,053 INFO: Plan 2: ḡ=61.8, γE[v]=106.3, Q=168.2 (bayes)
2026-09-23 15:03:52,626 INFO: Plan 2: ḡ=32, γE[v]=3.5, Q=35.5 (fn)
2026-09-23 15:03:53,172 INFO: Plan 0: ḡ=2, γE[v]=0.0, Q=2.0 (fn)
2026-09-23 15:03:53,514 INFO: Plan 1: ḡ=2, γE[v]=0.0, Q=2.0 (fn)
2026-09-23 15:03:55,340 INFO: Plan 2: ḡ=6, γE[v]=0.0, Q=6.0 (fn)
2026-09-23 15:03:55,341 INFO: Plan 0: ḡ=0.5, γE[v]=0.6, Q=1.1 (bayes)
2026-09-23 15:03:55,341 INFO: Plan 1: ḡ=0.7, γE[v]=0.5, Q=1.2 (bayes)
2026-09-23 15:03:55,341 INFO: Plan 2: ḡ=1.7, γE[v]=0.0, Q=1.7 (bayes)
2026-09-23 15:03:56,125 INFO: Plan 2: ḡ=32, γE[v]=0.0, Q=32.0 (fn)
2026-09-23 15:03:56,835 INFO: Plan 0: ḡ=23, γE[v]=5.0, Q=28.0 (fn)
2026-09-23 15:03:56,836 INFO: Plan 1: ḡ=46, γE[v]=0.0, Q=46.0 (fn)
2026-09-23 15:03:56,837 INFO: Plan 0: ḡ=11.5, γE[v]=30.6, Q=42.1 (bayes)
2026-09-23 15:03:56,837 INFO: Plan 1: ḡ=23.0, γE[v]=24.6, Q=47.6 (bayes)
2026-09-23 15:03:56,837 INFO: Plan 2: ḡ=11.3, γE[v]=30.6, Q=41.9 (bayes)
2026-09-23 15:03:57,248 INFO: Plan 1: ḡ=27, γE[v]=0.0, Q=27.0 (fn)
2026-09-23 15:03:59,348 INFO: Plan 0: ḡ=40, γE[v]=20.5, Q=60.5 (fn)
2026-09-23 15:03:59,349 INFO: Plan 0: ḡ=13.3, γE[v]=54.6, Q=67.9 (bayes)
2026-09-23 15:03:59,349 INFO: Plan 1: ḡ=13.5, γE[v]=53.2, Q=66.8 (bayes)
2026-09-23 15:03:59,349 INFO: Plan 2: ḡ=16.0, γE[v]=52.0, Q=68.0 (bayes)
2026-09-23 15:03:59,584 INFO: Plan 0: ḡ=36, γE[v]=0.0, Q=36.0 (fn)
2026-09-23 15:04:00,575 INFO: Plan 2: ḡ=25, γE[v]=0.0, Q=25.0 (fn)
2026-09-23 15:04:02,900 INFO: Plan 2: ḡ=42, γE[v]=0.0, Q=42.0 (fn)
2026-09-23 15:04:04,070 INFO: Plan 0: ḡ=21, γE[v]=0.0, Q=21.0 (fn)
2026-09-23 15:04:04,453 INFO: Plan 0: ḡ=1, γE[v]=0.0, Q=1.0 (fn)
2026-09-23 15:04:04,998 INFO: Plan 2: ḡ=1, γE[v]=0.0, Q=1.0 (fn)
2026-09-23 15:04:04,999 INFO: Plan 2: ḡ=16, γE[v]=0.0, Q=16.0 (fn)
2026-09-23 15:04:05,324 INFO: Plan 1: ḡ=16, γE[v]=4.5, Q=20.5 (fn)
2026-09-23 15:04:05,324 INFO: Plan 0: ḡ=18.0, γE[v]=53.0, Q=71.0 (bayes)
2026-09-23 15:04:05,325 INFO: Plan 1: ḡ=5.3, γE[v]=59.6, Q=64.9 (bayes)
2026-09-23 15:04:05,325 INFO: Plan 2: ḡ=12.5, γE[v]=55.7, Q=68.2 (bayes)
2026-09-23 15:04:05,450 INFO: Plan 1: ḡ=6, γE[v]=0.0, Q=6.0 (fn)
2026-09-23 15:04:05,451 INFO: Plan 0: ḡ=0.3, γE[v]=0.8, Q=1.2 (bayes)
2026-09-23 15:04:05,451 INFO: Plan 1: ḡ=2.0, γE[v]=0.0, Q=2.0 (bayes)
2026-09-23 15:04:05,451 INFO: Plan 2: ḡ=0.3, γE[v]=0.8, Q=1.2 (bayes)
2026-09-23 15:04:06,051 INFO: Plan 1: ḡ=7, γE[v]=0.0, Q=7.0 (fn)
2026-09-23 15:04:06,203 INFO: Plan 0: ḡ=3, γE[v]=0.0, Q=3.0 (fn)
2026-09-23 15:04:06,204 INFO: Plan 0: ḡ=1.3, γE[v]=3.5, Q=4.8 (bayes)
2026-09-23 15:04:06,204 INFO: Plan 1: ḡ=2.7, γE[v]=2.8, Q=5.5 (bayes)
2026-09-23 15:04:06,204 INFO: Plan 2: ḡ=5.3, γE[v]=1.5, Q=6.8 (bayes)
2026-09-23 15:04:06,687 INFO: Plan 2: ḡ=95, γE[v]=0.0, Q=95.0 (fn)
2026-09-23 15:04:08,007 INFO: Plan 0: ḡ=27, γE[v]=0.0, Q=27.0 (fn)
2026-09-23 15:04:08,256 INFO: Plan 1: ḡ=126, γE[v]=0.0, Q=126.0 (fn)
2026-09-23 15:04:08,379 INFO: Plan 2: ḡ=54, γE[v]=0.0, Q=54.0 (fn)
2026-09-23 15:04:08,380 INFO: Plan 0: ḡ=12.7, γE[v]=22.0, Q=34.7 (bayes)
2026-09-23 15:04:08,380 INFO: Plan 1: ḡ=36.0, γE[v]=10.3, Q=46.3 (bayes)
2026-09-23 15:04:08,380 INFO: Plan 2: ḡ=20.7, γE[v]=18.0, Q=38.7 (bayes)
2026-09-23 15:04:09,025 INFO: Plan 1: ḡ=35, γE[v]=19.0, Q=54.0 (fn)
2026-09-23 15:04:09,028 INFO: Plan 0: ḡ=43, γE[v]=40.0, Q=83.0 (fn)
2026-09-23 15:04:09,029 INFO: Plan 0: ḡ=21.5, γE[v]=69.0, Q=90.5 (bayes)
2026-09-23 15:04:09,029 INFO: Plan 1: ḡ=17.5, γE[v]=70.0, Q=87.5 (bayes)
2026-09-23 15:04:09,029 INFO: Plan 2: ḡ=16.7, γE[v]=69.6, Q=86.2 (bayes)
2026-09-23 15:04:09,067 INFO: Plan 1: ḡ=55, γE[v]=14.5, Q=69.5 (fn)
2026-09-23 15:04:09,069 INFO: Plan 2: ḡ=125, γE[v]=0.0, Q=125.0 (fn)
2026-09-23 15:04:09,070 INFO: Plan 0: ḡ=10.3, γE[v]=86.8, Q=97.1 (bayes)
2026-09-23 15:04:09,070 INFO: Plan 1: ḡ=27.5, γE[v]=78.8, Q=106.3 (bayes)
2026-09-23 15:04:09,070 INFO: Plan 2: ḡ=47.3, γE[v]=68.2, Q=115.6 (bayes)
2026-09-23 15:04:09,476 INFO: Plan 0: ḡ=58, γE[v]=0.0, Q=58.0 (fn)
2026-09-23 15:04:10,233 INFO: Plan 0: ḡ=60, γE[v]=0.0, Q=60.0 (fn)
2026-09-23 15:04:11,004 INFO: Plan 0: ḡ=32, γE[v]=0.0, Q=32.0 (fn)
2026-09-23 15:04:11,201 INFO: Plan 2: ḡ=32, γE[v]=0.0, Q=32.0 (fn)
2026-09-23 15:04:11,330 INFO: Plan 0: ḡ=5, γE[v]=6.5, Q=11.5 (fn)
2026-09-23 15:04:11,371 INFO: Plan 0: ḡ=9, γE[v]=0.0, Q=9.0 (fn)
2026-09-23 15:04:11,643 INFO: Plan 1: ḡ=73, γE[v]=51.5, Q=124.5 (fn)
2026-09-23 15:04:11,644 INFO: Plan 0: ḡ=16.8, γE[v]=42.3, Q=59.0 (bayes)
2026-09-23 15:04:11,644 INFO: Plan 1: ḡ=20.6, γE[v]=43.9, Q=64.4 (bayes)
2026-09-23 15:04:11,644 INFO: Plan 2: ḡ=34.1, γE[v]=33.6, Q=67.7 (bayes)
2026-09-23 15:04:11,996 INFO: Plan 1: ḡ=12, γE[v]=10.0, Q=22.0 (fn)
2026-09-23 15:04:11,997 INFO: Plan 0: ḡ=9.0, γE[v]=0.0, Q=9.0 (bayes)
2026-09-23 15:04:11,997 INFO: Plan 1: ḡ=4.0, γE[v]=3.2, Q=7.2 (bayes)
2026-09-23 15:04:11,997 INFO: Plan 2: ḡ=9.0, γE[v]=0.0, Q=9.0 (bayes)
2026-09-23 15:04:12,263 INFO: Plan 0: ḡ=385, γE[v]=0.0, Q=385.0 (fn)
2026-09-23 15:04:12,765 INFO: Plan 2: ḡ=17, γE[v]=0.0, Q=17.0 (fn)
2026-09-23 15:04:12,849 INFO: Plan 1: ḡ=22, γE[v]=2.5, Q=24.5 (fn)
2026-09-23 15:04:13,816 INFO: Plan 2: ḡ=82, γE[v]=0.0, Q=82.0 (fn)
2026-09-23 15:04:14,110 INFO: Plan 2: ḡ=21, γE[v]=0.0, Q=21.0 (fn)
2026-09-23 15:04:14,548 INFO: Plan 2: ḡ=14, γE[v]=6.5, Q=20.5 (fn)
2026-09-23 15:04:14,549 INFO: Plan 0: ḡ=1.7, γE[v]=4.3, Q=6.0 (bayes)
2026-09-23 15:04:14,549 INFO: Plan 1: ḡ=7.8, γE[v]=1.0, Q=8.7 (bayes)
2026-09-23 15:04:14,550 INFO: Plan 2: ḡ=6.2, γE[v]=2.1, Q=8.2 (bayes)
2026-09-23 15:04:15,226 INFO: Plan 0: ḡ=10, γE[v]=0.0, Q=10.0 (fn)
2026-09-23 15:04:15,267 INFO: Plan 2: ḡ=10, γE[v]=0.0, Q=10.0 (fn)
2026-09-23 15:04:15,267 INFO: Plan 1: ḡ=10, γE[v]=0.0, Q=10.0 (fn)
2026-09-23 15:04:15,268 INFO: Plan 0: ḡ=5.0, γE[v]=0.0, Q=5.0 (bayes)
2026-09-23 15:04:15,268 INFO: Plan 1: ḡ=5.0, γE[v]=0.0, Q=5.0 (bayes)
2026-09-23 15:04:15,268 INFO: Plan 2: ḡ=5.0, γE[v]=0.0, Q=5.0 (bayes)
2026-09-23 15:04:16,064 INFO: Plan 1: ḡ=65, γE[v]=21.5, Q=86.5 (fn)
2026-09-23 15:04:16,107 INFO: Plan 1: ḡ=15, γE[v]=5.0, Q=20.0 (fn)
2026-09-23 15:04:16,108 INFO: Plan 0: ḡ=2.2, γE[v]=2.1, Q=4.3 (bayes)
2026-09-23 15:04:16,108 INFO: Plan 1: ḡ=3.8, γE[v]=1.6, Q=5.5 (bayes)
2026-09-23 15:04:16,108 INFO: Plan 2: ḡ=4.3, γE[v]=1.0, Q=5.4 (bayes)
2026-09-23 15:04:16,464 INFO: Plan 2: ḡ=525, γE[v]=0.0, Q=525.0 (fn)
2026-09-23 15:04:16,637 INFO: Plan 2: ḡ=30, γE[v]=23.0, Q=53.0 (fn)
2026-09-23 15:04:16,982 INFO: Plan 0: ḡ=56, γE[v]=17.0, Q=73.0 (fn)
2026-09-23 15:04:16,982 INFO: Plan 0: ḡ=26.7, γE[v]=58.3, Q=84.9 (bayes)
2026-09-23 15:04:16,982 INFO: Plan 1: ḡ=32.5, γE[v]=55.6, Q=88.0 (bayes)
2026-09-23 15:04:16,982 INFO: Plan 2: ḡ=37.5, γE[v]=52.1, Q=89.6 (bayes)
2026-09-23 15:04:17,584 INFO: Plan 2: ḡ=65, γE[v]=0.0, Q=65.0 (fn)
2026-09-23 15:04:17,869 INFO: Plan 1: ḡ=40, γE[v]=0.0, Q=40.0 (fn)
2026-09-23 15:04:18,579 INFO: Plan 0: ḡ=51, γE[v]=0.0, Q=51.0 (fn)
2026-09-23 15:04:19,042 INFO: Plan 2: ḡ=119, γE[v]=0.0, Q=119.0 (fn)
2026-09-23 15:04:19,346 INFO: Plan 2: ḡ=0, γE[v]=0.0, Q=0.0 (fn)
2026-09-23 15:04:19,347 INFO: Plan 0: ḡ=8, γE[v]=0.0, Q=8.0 (fn)
2026-09-23 15:04:19,392 INFO: Plan 0: ḡ=16, γE[v]=10.0, Q=26.0 (fn)
2026-09-23 15:04:19,393 INFO: Plan 0: ḡ=8.0, γE[v]=150.9, Q=158.9 (bayes)
2026-09-23 15:04:19,393 INFO: Plan 1: ḡ=20.0, γE[v]=144.5, Q=164.5 (bayes)
2026-09-23 15:04:19,393 INFO: Plan 2: ḡ=32.5, γE[v]=138.2, Q=170.8 (bayes)
2026-09-23 15:04:19,778 INFO: Plan 0: ḡ=33, γE[v]=0.0, Q=33.0 (fn)
2026-09-23 15:04:20,085 INFO: Plan 1: ḡ=10, γE[v]=0.0, Q=10.0 (fn)
2026-09-23 15:04:20,085 INFO: Plan 0: ḡ=4.0, γE[v]=1.8, Q=5.8 (bayes)
2026-09-23 15:04:20,085 INFO: Plan 1: ḡ=3.5, γE[v]=2.0, Q=5.5 (bayes)
2026-09-23 15:04:20,086 INFO: Plan 2: ḡ=0.0, γE[v]=3.8, Q=3.8 (bayes)
2026-09-23 15:04:21,199 INFO: Plan 0: ḡ=65, γE[v]=2.0, Q=67.0 (fn)
2026-09-23 15:04:21,426 INFO: Plan 0: ḡ=30, γE[v]=0.0, Q=30.0 (fn)
2026-09-23 15:04:21,464 INFO: Plan 2: ḡ=65, γE[v]=0.0, Q=65.0 (fn)
2026-09-23 15:04:21,925 INFO: Plan 1: ḡ=121, γE[v]=0.0, Q=121.0 (fn)
2026-09-23 15:04:21,926 INFO: Plan 0: ḡ=25.5, γE[v]=57.0, Q=82.5 (bayes)
2026-09-23 15:04:21,926 INFO: Plan 1: ḡ=60.5, γE[v]=39.5, Q=100.0 (bayes)
2026-09-23 15:04:21,926 INFO: Plan 2: ḡ=9.8, γE[v]=64.9, Q=74.7 (bayes)
2026-09-23 15:04:22,254 INFO: Plan 1: ḡ=46, γE[v]=0.0, Q=46.0 (fn)
2026-09-23 15:04:22,581 INFO: Plan 1: ḡ=11, γE[v]=0.0, Q=11.0 (fn)
2026-09-23 15:04:22,623 INFO: Plan 0: ḡ=46, γE[v]=0.0, Q=46.0 (fn)
2026-09-23 15:04:22,782 INFO: Plan 2: ḡ=46, γE[v]=0.0, Q=46.0 (fn)
2026-09-23 15:04:22,783 INFO: Plan 0: ḡ=15.3, γE[v]=0.0, Q=15.3 (bayes)
2026-09-23 15:04:22,783 INFO: Plan 1: ḡ=15.3, γE[v]=0.0, Q=15.3 (bayes)
2026-09-23 15:04:22,783 INFO: Plan 2: ḡ=15.3, γE[v]=0.0, Q=15.3 (bayes)
2026-09-23 15:04:22,905 INFO: Plan 2: ḡ=19, γE[v]=0.0, Q=19.0 (fn)
2026-09-23 15:04:22,905 INFO: Plan 0: ḡ=59, γE[v]=0.0, Q=59.0 (fn)
2026-09-23 15:04:22,906 INFO: Plan 0: ḡ=20.2, γE[v]=5.0, Q=25.2 (bayes)
2026-09-23 15:04:22,906 INFO: Plan 1: ḡ=3.7, γE[v]=13.2, Q=16.9 (bayes)
2026-09-23 15:04:22,906 INFO: Plan 2: ḡ=6.3, γE[v]=11.9, Q=18.2 (bayes)
2026-09-23 15:04:23,289 INFO: Plan 1: ḡ=21, γE[v]=4.0, Q=25.0 (fn)
2026-09-23 15:04:23,289 INFO: Plan 0: ḡ=21.7, γE[v]=31.3, Q=53.0 (bayes)
2026-09-23 15:04:23,289 INFO: Plan 1: ḡ=7.8, γE[v]=38.3, Q=46.2 (bayes)
2026-09-23 15:04:23,289 INFO: Plan 2: ḡ=59.2, γE[v]=12.4, Q=71.6 (bayes)
2026-09-23 15:04:23,584 INFO: Plan 1: ḡ=71, γE[v]=40.0, Q=111.0 (fn)
2026-09-23 15:04:23,585 INFO: Plan 0: ḡ=30.0, γE[v]=52.5, Q=82.5 (bayes)
2026-09-23 15:04:23,585 INFO: Plan 1: ḡ=24.2, γE[v]=57.2, Q=81.4 (bayes)
2026-09-23 15:04:23,585 INFO: Plan 2: ḡ=12.5, γE[v]=62.3, Q=74.8 (bayes)
2026-09-23 15:04:23,932 INFO: Plan 1: ḡ=0, γE[v]=0.0, Q=0.0 (fn)
2026-09-23 15:04:23,933 INFO: Plan 0: ḡ=0, γE[v]=0.0, Q=0.0 (fn)
2026-09-23 15:04:24,244 INFO: Plan 1: ḡ=71, γE[v]=0.0, Q=71.0 (fn)
2026-09-23 15:04:24,245 INFO: Plan 0: ḡ=12.0, γE[v]=97.9, Q=109.9 (bayes)
2026-09-23 15:04:24,245 INFO: Plan 1: ḡ=29.7, γE[v]=89.1, Q=118.8 (bayes)
2026-09-23 15:04:24,245 INFO: Plan 2: ḡ=30.5, γE[v]=88.7, Q=119.2 (bayes)
2026-09-23 15:04:24,285 INFO: Plan 2: ḡ=0, γE[v]=0.0, Q=0.0 (fn)
2026-09-23 15:04:24,285 INFO: Plan 0: ḡ=0.0, γE[v]=0.0, Q=0.0 (bayes)
2026-09-23 15:04:24,285 INFO: Plan 1: ḡ=0.0, γE[v]=0.0, Q=0.0 (bayes)
2026-09-23 15:04:24,285 INFO: Plan 2: ḡ=0.0, γE[v]=0.0, Q=0.0 (bayes)
2026-09-23 15:04:24,549 INFO: Plan 2: ḡ=56, γE[v]=4.0, Q=60.0 (fn)
2026-09-23 15:04:24,633 INFO: Plan 0: ḡ=24, γE[v]=0.0, Q=24.0 (fn)
2026-09-23 15:04:26,327 INFO: Plan 2: ḡ=36, γE[v]=0.0, Q=36.0 (fn)
2026-09-23 15:04:26,368 INFO: Plan 1: ḡ=20, γE[v]=0.0, Q=20.0 (fn)
2026-09-23 15:04:26,368 INFO: Plan 0: ḡ=42, γE[v]=0.0, Q=42.0 (fn)
2026-09-23 15:04:26,408 INFO: Plan 1: ḡ=31, γE[v]=17.5, Q=48.5 (fn)
2026-09-23 15:04:26,408 INFO: Plan 0: ḡ=16.2, γE[v]=48.3, Q=64.5 (bayes)
2026-09-23 15:04:26,408 INFO: Plan 1: ḡ=7.9, γE[v]=53.6, Q=61.6 (bayes)
2026-09-23 15:04:26,408 INFO: Plan 2: ḡ=14.0, γE[v]=49.7, Q=63.7 (bayes)
2026-09-23 15:04:26,998 INFO: Plan 0: ḡ=46, γE[v]=0.0, Q=46.0 (fn)
2026-09-23 15:04:27,349 INFO: Plan 1: ḡ=82, γE[v]=0.0, Q=82.0 (fn)
2026-09-23 15:04:27,350 INFO: Plan 0: ḡ=23.0, γE[v]=104.2, Q=127.2 (bayes)
2026-09-23 15:04:27,350 INFO: Plan 1: ḡ=34.0, γE[v]=98.8, Q=132.8 (bayes)
2026-09-23 15:04:27,350 INFO: Plan 2: ḡ=18.0, γE[v]=106.8, Q=124.8 (bayes)
2026-09-23 15:04:28,629 INFO: Plan 2: ḡ=145, γE[v]=0.0, Q=145.0 (fn)
2026-09-23 15:04:29,158 INFO: Plan 1: ḡ=102, γE[v]=0.0, Q=102.0 (fn)
2026-09-23 15:04:29,714 INFO: Plan 2: ḡ=36, γE[v]=2.0, Q=38.0 (fn)
2026-09-23 15:04:29,715 INFO: Plan 0: ḡ=12.8, γE[v]=29.8, Q=42.7 (bayes)
2026-09-23 15:04:29,715 INFO: Plan 1: ḡ=7.2, γE[v]=32.7, Q=39.8 (bayes)
2026-09-23 15:04:29,715 INFO: Plan 2: ḡ=12.7, γE[v]=30.0, Q=42.7 (bayes)
2026-09-23 15:04:31,755 INFO: Plan 0: ḡ=80, γE[v]=6.5, Q=86.5 (fn)
2026-09-23 15:04:32,422 INFO: Plan 0: ḡ=109, γE[v]=37.0, Q=146.0 (fn)
2026-09-23 15:04:32,422 INFO: Plan 0: ḡ=45.0, γE[v]=59.2, Q=104.2 (bayes)
2026-09-23 15:04:32,422 INFO: Plan 1: ḡ=51.0, γE[v]=54.6, Q=105.6 (bayes)
2026-09-23 15:04:32,422 INFO: Plan 2: ḡ=55.2, γE[v]=52.5, Q=107.7 (bayes)
2026-09-23 15:04:32,748 INFO: Plan 1: ḡ=66, γE[v]=26.0, Q=92.0 (fn)
2026-09-23 15:04:33,016 INFO: Plan 0: ḡ=0, γE[v]=0.0, Q=0.0 (fn)
2026-09-23 15:04:33,016 INFO: Plan 1: ḡ=0, γE[v]=0.0, Q=0.0 (fn)
2026-09-23 15:04:33,916 INFO: Plan 2: ḡ=0, γE[v]=0.0, Q=0.0 (fn)
2026-09-23 15:04:33,916 INFO: Plan 0: ḡ=0.0, γE[v]=0.0, Q=0.0 (bayes)
2026-09-23 15:04:33,916 INFO: Plan 1: ḡ=0.0, γE[v]=0.0, Q=0.0 (bayes)
2026-09-23 15:04:33,916 INFO: Plan 2: ḡ=0.0, γE[v]=0.0, Q=0.0 (bayes)
2026-09-23 15:04:34,491 INFO: Plan 0: ḡ=1, γE[v]=0.0, Q=1.0 (fn)
2026-09-23 15:04:34,809 INFO: Plan 2: ḡ=72, γE[v]=23.0, Q=95.0 (fn)
2026-09-23 15:04:34,809 INFO: Plan 0: ḡ=8.0, γE[v]=12.1, Q=20.1 (bayes)
2026-09-23 15:04:34,810 INFO: Plan 1: ḡ=17.4, γE[v]=9.1, Q=26.5 (bayes)
2026-09-23 15:04:34,810 INFO: Plan 2: ḡ=18.7, γE[v]=8.3, Q=26.9 (bayes)
2026-09-23 15:04:35,150 INFO: Plan 1: ḡ=12, γE[v]=0.0, Q=12.0 (fn)
2026-09-23 15:04:37,156 INFO: Plan 2: ḡ=29, γE[v]=6.0, Q=35.0 (fn)
2026-09-23 15:04:37,156 INFO: Plan 0: ḡ=0.2, γE[v]=4.0, Q=4.2 (bayes)
2026-09-23 15:04:37,156 INFO: Plan 1: ḡ=2.4, γE[v]=2.9, Q=5.3 (bayes)
2026-09-23 15:04:37,156 INFO: Plan 2: ḡ=5.8, γE[v]=1.6, Q=7.4 (bayes)
2026-09-23 15:04:37,671 INFO: Plan 1: ḡ=17, γE[v]=0.0, Q=17.0 (fn)
2026-09-23 15:04:38,051 INFO: Plan 0: ḡ=0, γE[v]=0.0, Q=0.0 (fn)
2026-09-23 15:04:38,978 INFO: Plan 1: ḡ=77, γE[v]=86.0, Q=163.0 (fn)
2026-09-23 15:04:39,020 INFO: Plan 2: ḡ=13, γE[v]=0.0, Q=13.0 (fn)
2026-09-23 15:04:39,020 INFO: Plan 2: ḡ=11, γE[v]=0.0, Q=11.0 (fn)
2026-09-23 15:04:39,021 INFO: Plan 0: ḡ=0.0, γE[v]=10.5, Q=10.5 (bayes)
2026-09-23 15:04:39,021 INFO: Plan 1: ḡ=5.7, γE[v]=7.7, Q=13.4 (bayes)
2026-09-23 15:04:39,021 INFO: Plan 2: ḡ=2.8, γE[v]=9.2, Q=11.9 (bayes)
2026-09-23 15:04:39,216 INFO: Plan 2: ḡ=208, γE[v]=40.5, Q=248.5 (fn)
2026-09-23 15:04:39,217 INFO: Plan 0: ḡ=24.8, γE[v]=31.5, Q=56.3 (bayes)
2026-09-23 15:04:39,217 INFO: Plan 1: ḡ=19.2, γE[v]=39.6, Q=58.9 (bayes)
2026-09-23 15:04:39,217 INFO: Plan 2: ḡ=52.1, γE[v]=19.9, Q=72.0 (bayes)
2026-09-23 15:04:39,635 INFO: Plan 0: ḡ=10, γE[v]=0.0, Q=10.0 (fn)
2026-09-23 15:04:39,857 INFO: Plan 1: ḡ=7, γE[v]=0.0, Q=7.0 (fn)
2026-09-23 15:04:39,858 INFO: Plan 0: ḡ=2.7, γE[v]=2.5, Q=5.2 (bayes)
2026-09-23 15:04:39,858 INFO: Plan 1: ḡ=1.8, γE[v]=3.0, Q=4.7 (bayes)
2026-09-23 15:04:39,858 INFO: Plan 2: ḡ=3.2, γE[v]=2.2, Q=5.5 (bayes)
2026-09-23 15:04:40,527 INFO: Plan 1: ḡ=50, γE[v]=0.0, Q=50.0 (fn)
2026-09-23 15:04:40,974 INFO: Plan 2: ḡ=50, γE[v]=0.0, Q=50.0 (fn)
2026-09-23 15:04:41,188 INFO: Plan 0: ḡ=2, γE[v]=0.0, Q=2.0 (fn)
2026-09-23 15:04:41,432 INFO: Plan 2: ḡ=2, γE[v]=0.0, Q=2.0 (fn)
2026-09-23 15:04:41,616 INFO: Plan 2: ḡ=2, γE[v]=0.0, Q=2.0 (fn)
2026-09-23 15:04:41,788 INFO: Plan 0: ḡ=3, γE[v]=0.0, Q=3.0 (fn)
2026-09-23 15:04:41,788 INFO: Plan 1: ḡ=10, γE[v]=0.0, Q=10.0 (fn)
2026-09-23 15:04:41,789 INFO: Plan 0: ḡ=0.6, γE[v]=1.2, Q=1.8 (bayes)
2026-09-23 15:04:41,789 INFO: Plan 1: ḡ=2.5, γE[v]=0.3, Q=2.8 (bayes)
2026-09-23 15:04:41,789 INFO: Plan 2: ḡ=0.6, γE[v]=1.2, Q=1.8 (bayes)
2026-09-23 15:04:42,021 INFO: Plan 1: ḡ=1302, γE[v]=0.0, Q=1302.0 (fn)
2026-09-23 15:04:42,021 INFO: Plan 0: ḡ=135.0, γE[v]=172.0, Q=307.0 (bayes)
2026-09-23 15:04:42,021 INFO: Plan 1: ḡ=435.0, γE[v]=22.0, Q=457.0 (bayes)
2026-09-23 15:04:42,021 INFO: Plan 2: ḡ=177.7, γE[v]=150.7, Q=328.3 (bayes)
2026-09-23 15:04:43,064 INFO: Plan 0: ḡ=36, γE[v]=7.0, Q=43.0 (fn)
2026-09-23 15:04:43,064 INFO: Plan 0: ḡ=10.7, γE[v]=2.8, Q=13.4 (bayes)
2026-09-23 15:04:43,064 INFO: Plan 1: ḡ=15.3, γE[v]=0.0, Q=15.3 (bayes)
2026-09-23 15:04:43,064 INFO: Plan 2: ḡ=15.3, γE[v]=0.0, Q=15.3 (bayes)
2026-09-23 15:04:44,203 INFO: Plan 0: ḡ=20, γE[v]=0.0, Q=20.0 (fn)
2026-09-23 15:04:44,355 INFO: Plan 2: ḡ=23, γE[v]=0.0, Q=23.0 (fn)
2026-09-23 15:04:45,003 INFO: Plan 0: ḡ=5, γE[v]=0.0, Q=5.0 (fn)
2026-09-23 15:04:45,087 INFO: Plan 2: ḡ=0, γE[v]=0.0, Q=0.0 (fn)
2026-09-23 15:04:45,652 INFO: Plan 1: ḡ=6, γE[v]=0.0, Q=6.0 (fn)
2026-09-23 15:04:45,652 INFO: Plan 0: ḡ=1.2, γE[v]=0.1, Q=1.4 (bayes)
2026-09-23 15:04:45,652 INFO: Plan 1: ḡ=1.5, γE[v]=0.0, Q=1.5 (bayes)
2026-09-23 15:04:45,653 INFO: Plan 2: ḡ=0.0, γE[v]=0.8, Q=0.8 (bayes)
2026-09-23 15:04:46,103 INFO: Plan 2: ḡ=86, γE[v]=8.5, Q=94.5 (fn)
2026-09-23 15:04:46,697 INFO: Plan 1: ḡ=24, γE[v]=0.0, Q=24.0 (fn)
2026-09-23 15:04:47,021 INFO: Plan 0: ḡ=8, γE[v]=0.0, Q=8.0 (fn)
2026-09-23 15:04:47,482 INFO: Plan 1: ḡ=89, γE[v]=10.0, Q=99.0 (fn)
2026-09-23 15:04:47,483 INFO: Plan 0: ḡ=5.0, γE[v]=11.1, Q=16.1 (bayes)
2026-09-23 15:04:47,487 INFO: Plan 1: ḡ=22.2, γE[v]=3.2, Q=25.4 (bayes)
2026-09-23 15:04:47,488 INFO: Plan 2: ḡ=5.8, γE[v]=10.8, Q=16.5 (bayes)
2026-09-23 15:04:48,080 INFO: Plan 2: ḡ=10, γE[v]=0.0, Q=10.0 (fn)
2026-09-23 15:04:48,209 INFO: Plan 1: ḡ=4, γE[v]=3.0, Q=7.0 (fn)
2026-09-23 15:04:48,210 INFO: Plan 0: ḡ=1.2, γE[v]=1.8, Q=2.9 (bayes)
2026-09-23 15:04:48,210 INFO: Plan 1: ḡ=1.7, γE[v]=1.6, Q=3.3 (bayes)
2026-09-23 15:04:48,210 INFO: Plan 2: ḡ=1.0, γE[v]=1.8, Q=2.8 (bayes)
2026-09-23 15:04:49,379 INFO: Plan 1: ḡ=1, γE[v]=0.0, Q=1.0 (fn)
2026-09-23 15:04:49,467 INFO: Plan 2: ḡ=1, γE[v]=0.0, Q=1.0 (fn)
2026-09-23 15:04:49,467 INFO: Plan 0: ḡ=1, γE[v]=0.0, Q=1.0 (fn)
2026-09-23 15:04:49,468 INFO: Plan 0: ḡ=0.2, γE[v]=0.1, Q=0.4 (bayes)
2026-09-23 15:04:49,468 INFO: Plan 1: ḡ=0.2, γE[v]=0.1, Q=0.4 (bayes)
2026-09-23 15:04:49,468 INFO: Plan 2: ḡ=0.2, γE[v]=0.1, Q=0.4 (bayes)
2026-09-23 15:04:50,434 INFO: Plan 1: ḡ=5, γE[v]=4.0, Q=9.0 (fn)
2026-09-23 15:04:50,434 INFO: Plan 0: ḡ=2.0, γE[v]=1.6, Q=3.6 (bayes)
2026-09-23 15:04:50,434 INFO: Plan 1: ḡ=1.2, γE[v]=2.3, Q=3.5 (bayes)
2026-09-23 15:04:50,435 INFO: Plan 2: ḡ=2.0, γE[v]=1.6, Q=3.6 (bayes)
2026-09-23 15:04:51,355 INFO: Plan 2: ḡ=6, γE[v]=0.0, Q=6.0 (fn)
2026-09-23 15:04:51,856 INFO: Plan 1: ḡ=8, γE[v]=0.0, Q=8.0 (fn)
2026-09-23 15:04:52,200 INFO: Plan 0: ḡ=119, γE[v]=10.5, Q=129.5 (fn)
2026-09-23 15:04:52,200 INFO: Plan 0: ḡ=30.2, γE[v]=4.1, Q=34.3 (bayes)
2026-09-23 15:04:52,200 INFO: Plan 1: ḡ=7.9, γE[v]=14.6, Q=22.5 (bayes)
2026-09-23 15:04:52,200 INFO: Plan 2: ḡ=21.5, γE[v]=8.4, Q=29.9 (bayes)
2026-09-23 15:04:53,565 INFO: Plan 0: ḡ=198, γE[v]=0.0, Q=198.0 (fn)
2026-09-23 15:04:53,566 INFO: Plan 0: ḡ=49.5, γE[v]=2.8, Q=52.3 (bayes)
2026-09-23 15:04:53,566 INFO: Plan 1: ḡ=3.5, γE[v]=25.8, Q=29.3 (bayes)
2026-09-23 15:04:53,566 INFO: Plan 2: ḡ=2.1, γE[v]=26.5, Q=28.6 (bayes)
2026-09-23 15:04:55,526 INFO: Plan 1: ḡ=2, γE[v]=0.0, Q=2.0 (fn)
2026-09-23 15:04:56,136 INFO: Plan 0: ḡ=44, γE[v]=0.0, Q=44.0 (fn)
2026-09-23 15:04:56,446 INFO: Plan 0: ḡ=17, γE[v]=0.0, Q=17.0 (fn)
2026-09-23 15:04:56,635 INFO: Plan 1: ḡ=43, γE[v]=0.0, Q=43.0 (fn)
2026-09-23 15:04:56,866 INFO: Plan 0: ḡ=3, γE[v]=1.5, Q=4.5 (fn)
2026-09-23 15:04:57,584 INFO: Plan 0: ḡ=1, γE[v]=0.0, Q=1.0 (fn)
2026-09-23 15:04:57,627 INFO: Plan 2: ḡ=6, γE[v]=0.0, Q=6.0 (fn)
2026-09-23 15:04:57,627 INFO: Plan 0: ḡ=0.7, γE[v]=0.4, Q=1.1 (bayes)
2026-09-23 15:04:57,627 INFO: Plan 1: ḡ=0.5, γE[v]=0.4, Q=0.9 (bayes)
2026-09-23 15:04:57,627 INFO: Plan 2: ḡ=1.3, γE[v]=0.0, Q=1.3 (bayes)
2026-09-23 15:04:58,034 INFO: Plan 1: ḡ=7, γE[v]=0.0, Q=7.0 (fn)
2026-09-23 15:04:58,298 INFO: Plan 2: ḡ=77, γE[v]=0.0, Q=77.0 (fn)
2026-09-23 15:04:58,299 INFO: Plan 0: ḡ=8.5, γE[v]=71.4, Q=79.9 (bayes)
2026-09-23 15:04:58,299 INFO: Plan 1: ḡ=21.3, γE[v]=65.0, Q=86.3 (bayes)
2026-09-23 15:04:58,299 INFO: Plan 2: ḡ=31.4, γE[v]=59.9, Q=91.3 (bayes)
2026-09-23 15:04:59,045 INFO: Plan 2: ḡ=7, γE[v]=0.0, Q=7.0 (fn)
2026-09-23 15:04:59,045 INFO: Plan 0: ḡ=0.5, γE[v]=1.0, Q=1.5 (bayes)
2026-09-23 15:04:59,046 INFO: Plan 1: ḡ=2.5, γE[v]=0.0, Q=2.5 (bayes)
2026-09-23 15:04:59,046 INFO: Plan 2: ḡ=2.5, γE[v]=0.0, Q=2.5 (bayes)
2026-09-23 15:05:01,531 INFO: Plan 1: ḡ=337, γE[v]=44.5, Q=381.5 (fn)
2026-09-23 15:05:02,107 INFO: Plan 0: ḡ=152, γE[v]=0.0, Q=152.0 (fn)
2026-09-23 15:05:02,661 INFO: Plan 1: ḡ=21, γE[v]=0.0, Q=21.0 (fn)
2026-09-23 15:05:04,195 INFO: Plan 2: ḡ=42, γE[v]=0.0, Q=42.0 (fn)
2026-09-23 15:05:05,189 INFO: Plan 2: ḡ=453, γE[v]=3.0, Q=456.0 (fn)
2026-09-23 15:05:05,194 INFO: Plan 0: ḡ=11.0, γE[v]=52.5, Q=63.5 (bayes)
2026-09-23 15:05:05,196 INFO: Plan 1: ḡ=84.2, γE[v]=18.8, Q=103.1 (bayes)
2026-09-23 15:05:05,196 INFO: Plan 2: ḡ=114.4, γE[v]=1.0, Q=115.4 (bayes)
2026-09-23 15:05:05,623 INFO: Plan 1: ḡ=54, γE[v]=0.0, Q=54.0 (fn)
2026-09-23 15:05:05,851 INFO: Plan 2: ḡ=23, γE[v]=1.0, Q=24.0 (fn)
2026-09-23 15:05:05,852 INFO: Plan 0: ḡ=75.0, γE[v]=15.0, Q=90.0 (bayes)
2026-09-23 15:05:05,852 INFO: Plan 1: ḡ=9.5, γE[v]=47.7, Q=57.2 (bayes)
2026-09-23 15:05:05,852 INFO: Plan 2: ḡ=11.5, γE[v]=46.8, Q=58.3 (bayes)
2026-09-23 15:05:06,146 INFO: Plan 1: ḡ=15, γE[v]=0.0, Q=15.0 (fn)
2026-09-23 15:05:06,592 INFO: Plan 0: ḡ=55, γE[v]=0.0, Q=55.0 (fn)
2026-09-23 15:05:06,592 INFO: Plan 0: ḡ=27.3, γE[v]=10.5, Q=37.8 (bayes)
2026-09-23 15:05:06,592 INFO: Plan 1: ḡ=27.0, γE[v]=10.7, Q=37.7 (bayes)
2026-09-23 15:05:06,592 INFO: Plan 2: ḡ=21.0, γE[v]=13.7, Q=34.7 (bayes)
2026-09-23 15:05:07,143 INFO: Plan 0: ḡ=90, γE[v]=3.5, Q=93.5 (fn)
2026-09-23 15:05:07,561 INFO: Plan 0: ḡ=1, γE[v]=0.0, Q=1.0 (fn)
2026-09-23 15:05:07,715 INFO: Plan 0: ḡ=12, γE[v]=0.0, Q=12.0 (fn)
2026-09-23 15:05:07,799 INFO: Plan 1: ḡ=4, γE[v]=0.0, Q=4.0 (fn)
2026-09-23 15:05:08,029 INFO: Plan 1: ḡ=20, γE[v]=0.0, Q=20.0 (fn)
2026-09-23 15:05:08,411 INFO: Plan 2: ḡ=3, γE[v]=0.0, Q=3.0 (fn)
2026-09-23 15:05:08,621 INFO: Plan 0: ḡ=3, γE[v]=0.0, Q=3.0 (fn)
2026-09-23 15:05:08,895 INFO: Plan 2: ḡ=28, γE[v]=0.0, Q=28.0 (fn)
2026-09-23 15:05:08,896 INFO: Plan 0: ḡ=4.0, γE[v]=23.6, Q=27.6 (bayes)
2026-09-23 15:05:08,896 INFO: Plan 1: ḡ=6.7, γE[v]=22.2, Q=28.9 (bayes)
2026-09-23 15:05:08,896 INFO: Plan 2: ḡ=13.3, γE[v]=18.9, Q=32.2 (bayes)
2026-09-23 15:05:09,217 INFO: Plan 1: ḡ=7, γE[v]=0.5, Q=7.5 (fn)
2026-09-23 15:05:09,217 INFO: Plan 2: ḡ=18, γE[v]=0.0, Q=18.0 (fn)
2026-09-23 15:05:09,218 INFO: Plan 0: ḡ=1.3, γE[v]=0.8, Q=2.2 (bayes)
2026-09-23 15:05:09,218 INFO: Plan 1: ḡ=2.7, γE[v]=0.2, Q=2.9 (bayes)
2026-09-23 15:05:09,218 INFO: Plan 0: ḡ=0.2, γE[v]=1.8, Q=2.0 (bayes)
2026-09-23 15:05:09,218 INFO: Plan 2: ḡ=1.3, γE[v]=0.8, Q=2.2 (bayes)
2026-09-23 15:05:09,218 INFO: Plan 1: ḡ=1.0, γE[v]=1.4, Q=2.4 (bayes)
2026-09-23 15:05:09,219 INFO: Plan 2: ḡ=3.9, γE[v]=0.0, Q=3.9 (bayes)
2026-09-23 15:05:09,257 INFO: Plan 2: ḡ=1, γE[v]=0.0, Q=1.0 (fn)
2026-09-23 15:05:09,910 INFO: Plan 0: ḡ=4, γE[v]=0.0, Q=4.0 (fn)
2026-09-23 15:05:10,426 INFO: Plan 2: ḡ=0, γE[v]=0.0, Q=0.0 (fn)
2026-09-23 15:05:10,638 INFO: Plan 2: ḡ=127, γE[v]=5.0, Q=132.0 (fn)
2026-09-23 15:05:10,640 INFO: Plan 0: ḡ=31.7, γE[v]=29.5, Q=61.2 (bayes)
2026-09-23 15:05:10,640 INFO: Plan 1: ḡ=7.5, γE[v]=41.4, Q=48.9 (bayes)
2026-09-23 15:05:10,640 INFO: Plan 2: ḡ=42.8, γE[v]=24.0, Q=66.9 (bayes)
2026-09-23 15:05:10,839 INFO: Plan 0: ḡ=1, γE[v]=0.0, Q=1.0 (fn)
2026-09-23 15:05:11,232 INFO: Plan 1: ḡ=9, γE[v]=0.0, Q=9.0 (fn)
2026-09-23 15:05:11,234 INFO: Plan 1: ḡ=6, γE[v]=0.5, Q=6.5 (fn)
2026-09-23 15:05:11,237 INFO: Plan 0: ḡ=0.5, γE[v]=1.5, Q=2.0 (bayes)
2026-09-23 15:05:11,237 INFO: Plan 1: ḡ=3.0, γE[v]=0.2, Q=3.2 (bayes)
2026-09-23 15:05:11,239 INFO: Plan 2: ḡ=0.0, γE[v]=1.8, Q=1.8 (bayes)
2026-09-23 15:05:11,241 INFO: Plan 0: ḡ=0.8, γE[v]=0.8, Q=1.6 (bayes)
2026-09-23 15:05:11,241 INFO: Plan 1: ḡ=1.2, γE[v]=0.6, Q=1.8 (bayes)
2026-09-23 15:05:11,241 INFO: Plan 2: ḡ=0.2, γE[v]=1.0, Q=1.3 (bayes)
2026-09-23 15:05:13,224 INFO: Plan 0: ḡ=23, γE[v]=0.0, Q=23.0 (fn)
2026-09-23 15:05:15,239 INFO: Plan 1: ḡ=59, γE[v]=0.0, Q=59.0 (fn)
2026-09-23 15:05:15,685 INFO: Plan 0: ḡ=11, γE[v]=0.0, Q=11.0 (fn)
2026-09-23 15:05:15,795 INFO: Plan 2: ḡ=13, γE[v]=0.0, Q=13.0 (fn)
2026-09-23 15:05:15,976 INFO: Plan 1: ḡ=19, γE[v]=0.0, Q=19.0 (fn)
2026-09-23 15:05:16,236 INFO: Plan 2: ḡ=97, γE[v]=0.0, Q=97.0 (fn)
2026-09-23 15:05:16,237 INFO: Plan 0: ḡ=5.2, γE[v]=66.9, Q=72.2 (bayes)
2026-09-23 15:05:16,237 INFO: Plan 1: ḡ=29.5, γE[v]=54.8, Q=84.3 (bayes)
2026-09-23 15:05:16,237 INFO: Plan 2: ḡ=47.3, γE[v]=45.9, Q=93.2 (bayes)
2026-09-23 15:05:16,625 INFO: Plan 2: ḡ=30, γE[v]=1.0, Q=31.0 (fn)
2026-09-23 15:05:16,625 INFO: Plan 0: ḡ=26, γE[v]=0.0, Q=26.0 (fn)
2026-09-23 15:05:16,626 INFO: Plan 0: ḡ=12.3, γE[v]=5.7, Q=18.0 (bayes)
2026-09-23 15:05:16,626 INFO: Plan 1: ḡ=4.8, γE[v]=9.4, Q=14.2 (bayes)
2026-09-23 15:05:16,626 INFO: Plan 2: ḡ=6.5, γE[v]=8.6, Q=15.1 (bayes)
2026-09-23 15:05:16,898 INFO: Plan 1: ḡ=0, γE[v]=0.0, Q=0.0 (fn)
2026-09-23 15:05:16,936 INFO: Plan 2: ḡ=0, γE[v]=0.0, Q=0.0 (fn)
2026-09-23 15:05:17,198 INFO: Plan 2: ḡ=0, γE[v]=0.0, Q=0.0 (fn)
2026-09-23 15:05:17,400 INFO: Plan 1: ḡ=19, γE[v]=0.0, Q=19.0 (fn)
2026-09-23 15:05:17,400 INFO: Plan 0: ḡ=11, γE[v]=0.0, Q=11.0 (fn)
2026-09-23 15:05:17,401 INFO: Plan 0: ḡ=3.7, γE[v]=3.2, Q=6.8 (bayes)
2026-09-23 15:05:17,401 INFO: Plan 1: ḡ=6.3, γE[v]=1.8, Q=8.2 (bayes)
2026-09-23 15:05:17,401 INFO: Plan 2: ḡ=0.0, γE[v]=5.0, Q=5.0 (bayes)
2026-09-23 15:05:17,626 INFO: Plan 0: ḡ=12, γE[v]=0.0, Q=12.0 (fn)
2026-09-23 15:05:17,627 INFO: Plan 0: ḡ=3.0, γE[v]=0.0, Q=3.0 (bayes)
2026-09-23 15:05:17,627 INFO: Plan 1: ḡ=0.0, γE[v]=1.5, Q=1.5 (bayes)
2026-09-23 15:05:17,627 INFO: Plan 2: ḡ=0.0, γE[v]=1.5, Q=1.5 (bayes)
2026-09-23 15:05:18,257 INFO: Plan 1: ḡ=0, γE[v]=0.0, Q=0.0 (fn)
2026-09-23 15:05:18,617 INFO: Plan 1: ḡ=36, γE[v]=0.0, Q=36.0 (fn)
2026-09-23 15:05:18,788 INFO: Plan 0: ḡ=16, γE[v]=0.0, Q=16.0 (fn)
2026-09-23 15:05:18,790 INFO: Plan 0: ḡ=16, γE[v]=0.0, Q=16.0 (fn)
2026-09-23 15:05:18,791 INFO: Plan 2: ḡ=0, γE[v]=0.0, Q=0.0 (fn)
2026-09-23 15:05:18,791 INFO: Plan 0: ḡ=4.0, γE[v]=0.0, Q=4.0 (bayes)
2026-09-23 15:05:18,791 INFO: Plan 1: ḡ=0.0, γE[v]=2.0, Q=2.0 (bayes)
2026-09-23 15:05:18,791 INFO: Plan 2: ḡ=0.0, γE[v]=2.0, Q=2.0 (bayes)
2026-09-23 15:05:19,632 INFO: Plan 2: ḡ=44, γE[v]=0.0, Q=44.0 (fn)
2026-09-23 15:05:19,633 INFO: Plan 0: ḡ=8.0, γE[v]=136.1, Q=144.1 (bayes)
2026-09-23 15:05:19,633 INFO: Plan 1: ḡ=18.0, γE[v]=131.1, Q=149.1 (bayes)
2026-09-23 15:05:19,633 INFO: Plan 2: ḡ=20.2, γE[v]=130.0, Q=150.2 (bayes)
2026-09-23 15:05:19,794 INFO: Plan 2: ḡ=0, γE[v]=0.0, Q=0.0 (fn)
2026-09-23 15:05:19,795 INFO: Plan 0: ḡ=0, γE[v]=0.0, Q=0.0 (fn)
2026-09-23 15:05:19,796 INFO: Plan 1: ḡ=0, γE[v]=0.0, Q=0.0 (fn)
2026-09-23 15:05:19,796 INFO: Plan 0: ḡ=0.0, γE[v]=0.0, Q=0.0 (bayes)
2026-09-23 15:05:19,796 INFO: Plan 1: ḡ=0.0, γE[v]=0.0, Q=0.0 (bayes)
2026-09-23 15:05:19,796 INFO: Plan 2: ḡ=0.0, γE[v]=0.0, Q=0.0 (bayes)
2026-09-23 15:05:20,722 INFO: Plan 2: ḡ=1, γE[v]=0.0, Q=1.0 (fn)
2026-09-23 15:05:20,767 INFO: Plan 0: ḡ=1, γE[v]=0.0, Q=1.0 (fn)
2026-09-23 15:05:20,767 INFO: Plan 1: ḡ=1, γE[v]=0.0, Q=1.0 (fn)
2026-09-23 15:05:20,768 INFO: Plan 0: ḡ=0.3, γE[v]=0.2, Q=0.5 (bayes)
2026-09-23 15:05:20,768 INFO: Plan 1: ḡ=0.3, γE[v]=0.2, Q=0.5 (bayes)
2026-09-23 15:05:20,768 INFO: Plan 2: ḡ=0.3, γE[v]=0.2, Q=0.5 (bayes)
2026-09-23 15:05:22,586 INFO: Plan 1: ḡ=10, γE[v]=17.0, Q=27.0 (fn)
2026-09-23 15:05:22,586 INFO: Plan 0: ḡ=7.7, γE[v]=56.5, Q=64.2 (bayes)
2026-09-23 15:05:22,586 INFO: Plan 1: ḡ=5.0, γE[v]=58.6, Q=63.6 (bayes)
2026-09-23 15:05:22,586 INFO: Plan 2: ḡ=13.7, γE[v]=53.5, Q=67.2 (bayes)
2026-09-23 15:05:24,112 INFO: Plan 2: ḡ=56, γE[v]=0.0, Q=56.0 (fn)
2026-09-23 15:05:24,114 INFO: Plan 0: ḡ=56, γE[v]=0.0, Q=56.0 (fn)
2026-09-23 15:05:26,030 INFO: Plan 1: ḡ=68, γE[v]=12.5, Q=80.5 (fn)
2026-09-23 15:05:26,031 INFO: Plan 0: ḡ=26.7, γE[v]=38.8, Q=65.4 (bayes)
2026-09-23 15:05:26,031 INFO: Plan 1: ḡ=34.0, γE[v]=35.6, Q=69.7 (bayes)
2026-09-23 15:05:26,031 INFO: Plan 2: ḡ=28.0, γE[v]=38.1, Q=66.1 (bayes)
2026-09-23 15:05:27,046 INFO: Plan 2: ḡ=12, γE[v]=0.0, Q=12.0 (fn)
2026-09-23 15:05:27,302 INFO: Plan 2: ḡ=24, γE[v]=0.0, Q=24.0 (fn)
2026-09-23 15:05:27,723 INFO: Plan 0: ḡ=79, γE[v]=0.0, Q=79.0 (fn)
2026-09-23 15:05:27,941 INFO: Plan 2: ḡ=30, γE[v]=2.0, Q=32.0 (fn)
2026-09-23 15:05:28,206 INFO: Plan 1: ḡ=24, γE[v]=5.0, Q=29.0 (fn)
2026-09-23 15:05:28,207 INFO: Plan 0: ḡ=27.0, γE[v]=0.0, Q=27.0 (bayes)
2026-09-23 15:05:28,207 INFO: Plan 1: ḡ=8.7, γE[v]=9.5, Q=18.1 (bayes)
2026-09-23 15:05:28,207 INFO: Plan 2: ḡ=10.7, γE[v]=8.3, Q=18.9 (bayes)
2026-09-23 15:05:28,635 INFO: Plan 1: ḡ=27, γE[v]=0.0, Q=27.0 (fn)
2026-09-23 15:05:29,369 INFO: Plan 0: ḡ=2, γE[v]=0.0, Q=2.0 (fn)
2026-09-23 15:05:29,374 INFO: Plan 0: ḡ=20, γE[v]=0.0, Q=20.0 (fn)
2026-09-23 15:05:29,633 INFO: Plan 1: ḡ=9, γE[v]=0.0, Q=9.0 (fn)
2026-09-23 15:05:30,004 INFO: Plan 1: ḡ=88, γE[v]=0.0, Q=88.0 (fn)
2026-09-23 15:05:30,902 INFO: Plan 0: ḡ=40, γE[v]=20.5, Q=60.5 (fn)
2026-09-23 15:05:30,908 INFO: Plan 0: ḡ=13.3, γE[v]=51.9, Q=65.2 (bayes)
2026-09-23 15:05:30,908 INFO: Plan 1: ḡ=13.5, γE[v]=50.6, Q=64.1 (bayes)
2026-09-23 15:05:30,908 INFO: Plan 2: ḡ=8.0, γE[v]=53.3, Q=61.3 (bayes)
2026-09-23 15:05:31,375 INFO: Plan 2: ḡ=66, γE[v]=0.0, Q=66.0 (fn)
2026-09-23 15:05:31,375 INFO: Plan 0: ḡ=8.7, γE[v]=88.6, Q=97.2 (bayes)
2026-09-23 15:05:31,375 INFO: Plan 1: ḡ=31.8, γE[v]=77.0, Q=108.8 (bayes)
2026-09-23 15:05:31,376 INFO: Plan 2: ḡ=24.3, γE[v]=80.8, Q=105.1 (bayes)
2026-09-23 15:05:32,131 INFO: Plan 2: ḡ=6, γE[v]=4.5, Q=10.5 (fn)
2026-09-23 15:05:32,131 INFO: Plan 0: ḡ=0.7, γE[v]=1.9, Q=2.5 (bayes)
2026-09-23 15:05:32,132 INFO: Plan 1: ḡ=2.2, γE[v]=1.1, Q=3.3 (bayes)
2026-09-23 15:05:32,132 INFO: Plan 2: ḡ=1.5, γE[v]=1.8, Q=3.3 (bayes)
2026-09-23 15:05:32,388 INFO: Plan 0: ḡ=51, γE[v]=0.0, Q=51.0 (fn)
2026-09-23 15:05:32,794 INFO: Plan 2: ḡ=36, γE[v]=0.0, Q=36.0 (fn)
2026-09-23 15:05:33,471 INFO: Plan 0: ḡ=46, γE[v]=0.0, Q=46.0 (fn)
2026-09-23 15:05:33,513 INFO: Plan 2: ḡ=42, γE[v]=0.0, Q=42.0 (fn)
2026-09-23 15:05:33,885 INFO: Plan 1: ḡ=67, γE[v]=0.0, Q=67.0 (fn)
2026-09-23 15:05:33,886 INFO: Plan 0: ḡ=23.0, γE[v]=91.4, Q=114.4 (bayes)
2026-09-23 15:05:33,886 INFO: Plan 1: ḡ=24.2, γE[v]=90.8, Q=115.0 (bayes)
2026-09-23 15:05:33,886 INFO: Plan 2: ḡ=18.0, γE[v]=93.9, Q=111.9 (bayes)
2026-09-23 15:05:34,150 INFO: Plan 0: ḡ=42, γE[v]=0.0, Q=42.0 (fn)
2026-09-23 15:05:34,634 INFO: Plan 2: ḡ=8, γE[v]=0.0, Q=8.0 (fn)
2026-09-23 15:05:34,905 INFO: Plan 1: ḡ=46, γE[v]=0.0, Q=46.0 (fn)
2026-09-23 15:05:34,905 INFO: Plan 1: ḡ=73, γE[v]=0.0, Q=73.0 (fn)
2026-09-23 15:05:34,906 INFO: Plan 0: ḡ=12.8, γE[v]=20.4, Q=33.2 (bayes)
2026-09-23 15:05:34,906 INFO: Plan 1: ḡ=24.8, γE[v]=14.4, Q=39.2 (bayes)
2026-09-23 15:05:34,906 INFO: Plan 2: ḡ=2.9, γE[v]=25.3, Q=28.2 (bayes)
2026-09-23 15:05:35,568 INFO: Plan 1: ḡ=27, γE[v]=14.5, Q=41.5 (fn)
2026-09-23 15:05:35,570 INFO: Plan 0: ḡ=89, γE[v]=62.0, Q=151.0 (fn)
2026-09-23 15:05:35,571 INFO: Plan 0: ḡ=38.5, γE[v]=43.8, Q=82.3 (bayes)
2026-09-23 15:05:35,571 INFO: Plan 1: ḡ=16.0, γE[v]=51.7, Q=67.7 (bayes)
2026-09-23 15:05:35,571 INFO: Plan 2: ḡ=5.2, γE[v]=57.1, Q=62.3 (bayes)
2026-09-23 15:05:35,885 INFO: Plan 0: ḡ=75, γE[v]=0.0, Q=75.0 (fn)
2026-09-23 15:05:36,193 INFO: Plan 2: ḡ=28, γE[v]=0.0, Q=28.0 (fn)
2026-09-23 15:05:36,845 INFO: Plan 0: ḡ=1, γE[v]=0.0, Q=1.0 (fn)
2026-09-23 15:05:36,846 INFO: Plan 1: ḡ=12, γE[v]=0.0, Q=12.0 (fn)
2026-09-23 15:05:37,807 INFO: Plan 1: ḡ=0, γE[v]=0.0, Q=0.0 (fn)
2026-09-23 15:05:38,186 INFO: Plan 2: ḡ=0, γE[v]=0.0, Q=0.0 (fn)
2026-09-23 15:05:38,227 INFO: Plan 0: ḡ=0, γE[v]=0.0, Q=0.0 (fn)
2026-09-23 15:05:38,228 INFO: Plan 0: ḡ=0.0, γE[v]=0.0, Q=0.0 (bayes)
2026-09-23 15:05:38,228 INFO: Plan 1: ḡ=0.0, γE[v]=0.0, Q=0.0 (bayes)
2026-09-23 15:05:38,228 INFO: Plan 2: ḡ=0.0, γE[v]=0.0, Q=0.0 (bayes)
2026-09-23 15:05:38,271 INFO: Plan 2: ḡ=29, γE[v]=6.0, Q=35.0 (fn)
2026-09-23 15:05:38,271 INFO: Plan 0: ḡ=0.2, γE[v]=3.3, Q=3.5 (bayes)
2026-09-23 15:05:38,271 INFO: Plan 1: ḡ=2.0, γE[v]=2.4, Q=4.4 (bayes)
2026-09-23 15:05:38,272 INFO: Plan 2: ḡ=4.8, γE[v]=1.4, Q=6.3 (bayes)
2026-09-23 15:05:39,129 INFO: Plan 0: ḡ=36, γE[v]=0.0, Q=36.0 (fn)
2026-09-23 15:05:39,714 INFO: Plan 2: ḡ=32, γE[v]=0.0, Q=32.0 (fn)
2026-09-23 15:05:40,078 INFO: Plan 2: ḡ=30, γE[v]=0.0, Q=30.0 (fn)
2026-09-23 15:05:40,379 INFO: Plan 1: ḡ=77, γE[v]=53.5, Q=130.5 (fn)
2026-09-23 15:05:40,379 INFO: Plan 0: ḡ=11.5, γE[v]=29.6, Q=41.1 (bayes)
2026-09-23 15:05:40,379 INFO: Plan 1: ḡ=22.6, γE[v]=27.2, Q=49.8 (bayes)
2026-09-23 15:05:40,380 INFO: Plan 2: ḡ=21.0, γE[v]=24.9, Q=45.9 (bayes)
2026-09-23 15:05:40,685 INFO: Plan 0: ḡ=24, γE[v]=0.0, Q=24.0 (fn)
2026-09-23 15:05:40,846 INFO: Plan 0: ḡ=53, γE[v]=133.0, Q=186.0 (fn)
2026-09-23 15:05:41,476 INFO: Plan 2: ḡ=2, γE[v]=0.0, Q=2.0 (fn)
2026-09-23 15:05:41,516 INFO: Plan 1: ḡ=50, γE[v]=0.0, Q=50.0 (fn)
2026-09-23 15:05:41,516 INFO: Plan 0: ḡ=8.2, γE[v]=1.8, Q=9.9 (bayes)
2026-09-23 15:05:41,517 INFO: Plan 1: ḡ=11.7, γE[v]=0.0, Q=11.7 (bayes)
2026-09-23 15:05:41,517 INFO: Plan 2: ḡ=6.7, γE[v]=2.5, Q=9.2 (bayes)
2026-09-23 15:05:41,858 INFO: Plan 0: ḡ=3, γE[v]=0.0, Q=3.0 (fn)
2026-09-23 15:05:42,671 INFO: Plan 2: ḡ=249, γE[v]=36.0, Q=285.0 (fn)
2026-09-23 15:05:42,672 INFO: Plan 0: ḡ=14.7, γE[v]=51.3, Q=66.0 (bayes)
2026-09-23 15:05:42,672 INFO: Plan 1: ḡ=6.8, γE[v]=48.2, Q=54.9 (bayes)
2026-09-23 15:05:42,672 INFO: Plan 2: ḡ=78.1, γE[v]=13.7, Q=91.8 (bayes)
2026-09-23 15:05:43,095 INFO: Plan 1: ḡ=1, γE[v]=0.5, Q=1.5 (fn)
2026-09-23 15:05:43,138 INFO: Plan 0: ḡ=1, γE[v]=0.5, Q=1.5 (fn)
2026-09-23 15:05:43,139 INFO: Plan 2: ḡ=2, γE[v]=0.0, Q=2.0 (fn)
2026-09-23 15:05:43,140 INFO: Plan 0: ḡ=0.3, γE[v]=0.2, Q=0.5 (bayes)
2026-09-23 15:05:43,140 INFO: Plan 1: ḡ=0.2, γE[v]=0.2, Q=0.5 (bayes)
2026-09-23 15:05:43,140 INFO: Plan 2: ḡ=0.6, γE[v]=0.0, Q=0.6 (bayes)
2026-09-23 15:05:43,613 INFO: Plan 1: ḡ=74, γE[v]=26.5, Q=100.5 (fn)
2026-09-23 15:05:43,614 INFO: Plan 0: ḡ=33.8, γE[v]=39.2, Q=73.1 (bayes)
2026-09-23 15:05:43,614 INFO: Plan 1: ḡ=28.8, γE[v]=42.9, Q=71.8 (bayes)
2026-09-23 15:05:43,614 INFO: Plan 2: ḡ=11.5, γE[v]=50.4, Q=61.9 (bayes)
2026-09-23 15:05:43,917 INFO: Plan 0: ḡ=5, γE[v]=0.0, Q=5.0 (fn)
2026-09-23 15:05:44,206 INFO: Plan 1: ḡ=0, γE[v]=0.0, Q=0.0 (fn)
2026-09-23 15:05:44,463 INFO: Plan 0: ḡ=34, γE[v]=0.0, Q=34.0 (fn)
2026-09-23 15:05:44,504 INFO: Plan 2: ḡ=7, γE[v]=0.0, Q=7.0 (fn)
2026-09-23 15:05:44,547 INFO: Plan 2: ḡ=0, γE[v]=0.0, Q=0.0 (fn)
2026-09-23 15:05:44,547 INFO: Plan 0: ḡ=1.0, γE[v]=0.0, Q=1.0 (bayes)
2026-09-23 15:05:44,548 INFO: Plan 1: ḡ=0.0, γE[v]=0.5, Q=0.5 (bayes)
2026-09-23 15:05:44,548 INFO: Plan 2: ḡ=0.0, γE[v]=0.5, Q=0.5 (bayes)
2026-09-23 15:05:45,221 INFO: Plan 1: ḡ=6, γE[v]=1.5, Q=7.5 (fn)
2026-09-23 15:05:45,222 INFO: Plan 0: ḡ=0.8, γE[v]=1.0, Q=1.8 (bayes)
2026-09-23 15:05:45,222 INFO: Plan 1: ḡ=2.0, γE[v]=0.5, Q=2.5 (bayes)
2026-09-23 15:05:45,222 INFO: Plan 2: ḡ=0.7, γE[v]=1.1, Q=1.8 (bayes)
2026-09-23 15:05:45,854 INFO: Plan 1: ḡ=41, γE[v]=4.0, Q=45.0 (fn)
2026-09-23 15:05:45,855 INFO: Plan 0: ḡ=11.3, γE[v]=2.0, Q=13.4 (bayes)
2026-09-23 15:05:45,855 INFO: Plan 1: ḡ=13.3, γE[v]=1.3, Q=14.6 (bayes)
2026-09-23 15:05:45,855 INFO: Plan 2: ḡ=1.8, γE[v]=6.8, Q=8.6 (bayes)
2026-09-23 15:05:46,478 INFO: Plan 1: ḡ=74, γE[v]=1.0, Q=75.0 (fn)
2026-09-23 15:05:46,479 INFO: Plan 0: ḡ=6.0, γE[v]=5.4, Q=11.4 (bayes)
2026-09-23 15:05:46,479 INFO: Plan 1: ḡ=16.2, γE[v]=0.3, Q=16.6 (bayes)
2026-09-23 15:05:46,479 INFO: Plan 2: ḡ=6.5, γE[v]=5.2, Q=11.6 (bayes)
2026-09-23 15:05:47,415 INFO: Plan 1: ḡ=0, γE[v]=0.0, Q=0.0 (fn)
2026-09-23 15:05:47,625 INFO: Plan 0: ḡ=1, γE[v]=0.0, Q=1.0 (fn)
2026-09-23 15:05:48,172 INFO: Plan 2: ḡ=0, γE[v]=0.0, Q=0.0 (fn)
2026-09-23 15:05:48,172 INFO: Plan 0: ḡ=0.2, γE[v]=0.0, Q=0.2 (bayes)
2026-09-23 15:05:48,172 INFO: Plan 1: ḡ=0.0, γE[v]=0.1, Q=0.1 (bayes)
2026-09-23 15:05:48,172 INFO: Plan 2: ḡ=0.0, γE[v]=0.1, Q=0.1 (bayes)
2026-09-23 15:05:49,730 INFO: Plan 2: ḡ=44, γE[v]=0.0, Q=44.0 (fn)
2026-09-23 15:05:51,174 INFO: Plan 0: ḡ=109, γE[v]=0.0, Q=109.0 (fn)
2026-09-23 15:05:54,004 INFO: Plan 0: ḡ=80, γE[v]=6.5, Q=86.5 (fn)
2026-09-23 15:05:56,404 INFO: Plan 1: ḡ=33, γE[v]=0.0, Q=33.0 (fn)
2026-09-23 15:05:56,410 INFO: Plan 1: ḡ=263, γE[v]=34.5, Q=297.5 (fn)
2026-09-23 15:05:56,411 INFO: Plan 0: ḡ=29.6, γE[v]=68.1, Q=97.7 (bayes)
2026-09-23 15:05:56,411 INFO: Plan 1: ḡ=66.4, γE[v]=52.0, Q=118.4 (bayes)
2026-09-23 15:05:56,411 INFO: Plan 2: ḡ=12.0, γE[v]=76.9, Q=88.9 (bayes)
2026-09-23 15:05:57,224 INFO: Plan 2: ḡ=16, γE[v]=0.0, Q=16.0 (fn)
2026-09-23 15:05:58,083 INFO: Plan 0: ḡ=15, γE[v]=0.0, Q=15.0 (fn)
2026-09-23 15:05:58,089 INFO: Plan 0: ḡ=5.2, γE[v]=12.2, Q=17.4 (bayes)
2026-09-23 15:05:58,089 INFO: Plan 1: ḡ=16.5, γE[v]=6.6, Q=23.1 (bayes)
2026-09-23 15:05:58,089 INFO: Plan 2: ḡ=8.0, γE[v]=10.8, Q=18.8 (bayes)
2026-09-23 15:05:58,571 INFO: Plan 0: ḡ=21, γE[v]=0.0, Q=21.0 (fn)
2026-09-23 15:05:58,609 INFO: Plan 2: ḡ=23, γE[v]=0.0, Q=23.0 (fn)
2026-09-23 15:05:59,236 INFO: Plan 1: ḡ=2, γE[v]=0.0, Q=2.0 (fn)
2026-09-23 15:06:00,042 INFO: Plan 2: ḡ=87, γE[v]=0.0, Q=87.0 (fn)
2026-09-23 15:06:00,382 INFO: Plan 2: ḡ=1, γE[v]=0.0, Q=1.0 (fn)
2026-09-23 15:06:00,596 INFO: Plan 2: ḡ=6, γE[v]=0.0, Q=6.0 (fn)
2026-09-23 15:06:00,794 INFO: Plan 1: ḡ=95, γE[v]=0.0, Q=95.0 (fn)
2026-09-23 15:06:00,794 INFO: Plan 0: ḡ=5, γE[v]=0.0, Q=5.0 (fn)
2026-09-23 15:06:01,160 INFO: Plan 0: ḡ=7, γE[v]=0.0, Q=7.0 (fn)
2026-09-23 15:06:01,199 INFO: Plan 0: ḡ=3, γE[v]=1.5, Q=4.5 (fn)
2026-09-23 15:06:01,200 INFO: Plan 0: ḡ=0.5, γE[v]=0.4, Q=0.9 (bayes)
2026-09-23 15:06:01,200 INFO: Plan 1: ḡ=0.4, γE[v]=0.3, Q=0.7 (bayes)
2026-09-23 15:06:01,200 INFO: Plan 2: ḡ=1.1, γE[v]=0.0, Q=1.1 (bayes)
2026-09-23 15:06:01,423 INFO: Plan 2: ḡ=7, γE[v]=0.0, Q=7.0 (fn)
2026-09-23 15:06:01,424 INFO: Plan 1: ḡ=7, γE[v]=0.0, Q=7.0 (fn)
2026-09-23 15:06:01,425 INFO: Plan 0: ḡ=1.8, γE[v]=0.0, Q=1.8 (bayes)
2026-09-23 15:06:01,425 INFO: Plan 1: ḡ=1.8, γE[v]=0.0, Q=1.8 (bayes)
2026-09-23 15:06:01,425 INFO: Plan 2: ḡ=1.8, γE[v]=0.0, Q=1.8 (bayes)
2026-09-23 15:06:01,998 INFO: Plan 1: ḡ=15, γE[v]=0.0, Q=15.0 (fn)
2026-09-23 15:06:01,999 INFO: Plan 0: ḡ=1.2, γE[v]=1.0, Q=2.2 (bayes)
2026-09-23 15:06:01,999 INFO: Plan 1: ḡ=3.2, γE[v]=0.0, Q=3.2 (bayes)
2026-09-23 15:06:01,999 INFO: Plan 2: ḡ=0.2, γE[v]=1.5, Q=1.8 (bayes)
2026-09-23 15:06:02,579 INFO: Plan 0: ḡ=4, γE[v]=0.0, Q=4.0 (fn)
2026-09-23 15:06:02,623 INFO: Plan 1: ḡ=18, γE[v]=0.0, Q=18.0 (fn)
2026-09-23 15:06:02,664 INFO: Plan 0: ḡ=14, γE[v]=0.0, Q=14.0 (fn)
2026-09-23 15:06:02,842 INFO: Plan 2: ḡ=4, γE[v]=0.0, Q=4.0 (fn)
2026-09-23 15:06:02,981 INFO: Plan 2: ḡ=13, γE[v]=0.0, Q=13.0 (fn)
2026-09-23 15:06:02,982 INFO: Plan 0: ḡ=4.3, γE[v]=5.5, Q=9.8 (bayes)
2026-09-23 15:06:02,982 INFO: Plan 1: ḡ=4.5, γE[v]=5.4, Q=9.9 (bayes)
2026-09-23 15:06:02,982 INFO: Plan 2: ḡ=6.5, γE[v]=4.4, Q=10.9 (bayes)
2026-09-23 15:06:03,211 INFO: Plan 2: ḡ=198, γE[v]=25.5, Q=223.5 (fn)
2026-09-23 15:06:03,436 INFO: Plan 1: ḡ=77, γE[v]=16.0, Q=93.0 (fn)
2026-09-23 15:06:03,436 INFO: Plan 0: ḡ=4.2, γE[v]=8.8, Q=13.0 (bayes)
2026-09-23 15:06:03,436 INFO: Plan 1: ḡ=15.4, γE[v]=4.4, Q=19.8 (bayes)
2026-09-23 15:06:03,436 INFO: Plan 2: ḡ=4.6, γE[v]=8.6, Q=13.2 (bayes)
2026-09-23 15:06:03,751 INFO: Plan 1: ḡ=54, γE[v]=86.0, Q=140.0 (fn)
2026-09-23 15:06:03,753 INFO: Plan 0: ḡ=18.9, γE[v]=26.0, Q=44.9 (bayes)
2026-09-23 15:06:03,754 INFO: Plan 1: ḡ=10.8, γE[v]=35.7, Q=46.5 (bayes)
2026-09-23 15:06:03,756 INFO: Plan 2: ḡ=41.3, γE[v]=16.2, Q=57.5 (bayes)
2026-09-23 15:06:04,064 INFO: Plan 1: ḡ=6, γE[v]=0.0, Q=6.0 (fn)
2026-09-23 15:06:04,065 INFO: Plan 0: ḡ=0.8, γE[v]=0.2, Q=1.0 (bayes)
2026-09-23 15:06:04,065 INFO: Plan 1: ḡ=1.2, γE[v]=0.0, Q=1.2 (bayes)
2026-09-23 15:06:04,065 INFO: Plan 2: ḡ=0.8, γE[v]=0.2, Q=1.0 (bayes)
2026-09-23 15:06:04,106 INFO: Plan 0: ḡ=109, γE[v]=47.5, Q=156.5 (fn)
2026-09-23 15:06:04,107 INFO: Plan 0: ḡ=45.0, γE[v]=42.5, Q=87.5 (bayes)
2026-09-23 15:06:04,107 INFO: Plan 1: ḡ=47.5, γE[v]=38.7, Q=86.2 (bayes)
2026-09-23 15:06:04,107 INFO: Plan 2: ḡ=24.9, γE[v]=50.0, Q=74.9 (bayes)
2026-09-23 15:06:04,381 INFO: Plan 1: ḡ=6, γE[v]=0.0, Q=6.0 (fn)
2026-09-23 15:06:04,467 INFO: Plan 0: ḡ=17, γE[v]=0.0, Q=17.0 (fn)
2026-09-23 15:06:04,732 INFO: Plan 1: ḡ=43, γE[v]=0.0, Q=43.0 (fn)
2026-09-23 15:06:04,733 INFO: Plan 2: ḡ=6, γE[v]=0.0, Q=6.0 (fn)
2026-09-23 15:06:05,401 INFO: Plan 0: ḡ=129, γE[v]=0.0, Q=129.0 (fn)
2026-09-23 15:06:05,403 INFO: Plan 0: ḡ=26.4, γE[v]=2.3, Q=28.7 (bayes)
2026-09-23 15:06:05,404 INFO: Plan 1: ḡ=2.5, γE[v]=14.2, Q=16.7 (bayes)
2026-09-23 15:06:05,404 INFO: Plan 2: ḡ=2.1, γE[v]=14.5, Q=16.5 (bayes)
2026-09-23 15:06:05,972 INFO: Plan 1: ḡ=1, γE[v]=0.0, Q=1.0 (fn)
2026-09-23 15:06:05,974 INFO: Plan 2: ḡ=17, γE[v]=0.0, Q=17.0 (fn)
2026-09-23 15:06:06,107 INFO: Plan 0: ḡ=1, γE[v]=0.0, Q=1.0 (fn)
2026-09-23 15:06:06,108 INFO: Plan 2: ḡ=57, γE[v]=0.0, Q=57.0 (fn)
2026-09-23 15:06:06,108 INFO: Plan 0: ḡ=8.5, γE[v]=52.5, Q=61.0 (bayes)
2026-09-23 15:06:06,108 INFO: Plan 1: ḡ=21.3, γE[v]=46.1, Q=67.4 (bayes)
2026-09-23 15:06:06,109 INFO: Plan 2: ḡ=20.4, γE[v]=46.5, Q=67.0 (bayes)
2026-09-23 15:06:06,432 INFO: Plan 2: ḡ=1, γE[v]=0.0, Q=1.0 (fn)
2026-09-23 15:06:06,432 INFO: Plan 0: ḡ=0.2, γE[v]=0.0, Q=0.2 (bayes)
2026-09-23 15:06:06,433 INFO: Plan 1: ḡ=0.2, γE[v]=0.0, Q=0.2 (bayes)
2026-09-23 15:06:06,433 INFO: Plan 2: ḡ=0.2, γE[v]=0.0, Q=0.2 (bayes)
2026-09-23 15:06:07,404 INFO: Plan 1: ḡ=0, γE[v]=0.0, Q=0.0 (fn)
2026-09-23 15:06:07,405 INFO: Plan 0: ḡ=90, γE[v]=0.0, Q=90.0 (fn)
2026-09-23 15:06:07,605 INFO: Plan 1: ḡ=21, γE[v]=0.0, Q=21.0 (fn)
2026-09-23 15:06:07,606 INFO: Plan 2: ḡ=0, γE[v]=0.0, Q=0.0 (fn)
2026-09-23 15:06:07,607 INFO: Plan 0: ḡ=31.7, γE[v]=7.8, Q=39.5 (bayes)
2026-09-23 15:06:07,607 INFO: Plan 1: ḡ=9.3, γE[v]=19.0, Q=28.3 (bayes)
2026-09-23 15:06:07,607 INFO: Plan 2: ḡ=4.8, γE[v]=21.2, Q=26.1 (bayes)
2026-09-23 15:06:08,214 INFO: Plan 0: ḡ=1, γE[v]=0.0, Q=1.0 (fn)
2026-09-23 15:06:08,215 INFO: Plan 0: ḡ=0.5, γE[v]=0.0, Q=0.5 (bayes)
2026-09-23 15:06:08,215 INFO: Plan 1: ḡ=0.0, γE[v]=0.2, Q=0.2 (bayes)
2026-09-23 15:06:08,215 INFO: Plan 2: ḡ=0.0, γE[v]=0.2, Q=0.2 (bayes)
2026-09-23 15:06:08,391 INFO: Plan 1: ḡ=30, γE[v]=0.0, Q=30.0 (fn)
2026-09-23 15:06:08,714 INFO: Plan 0: ḡ=11, γE[v]=0.0, Q=11.0 (fn)
2026-09-23 15:06:08,882 INFO: Plan 0: ḡ=3, γE[v]=0.0, Q=3.0 (fn)
2026-09-23 15:06:08,927 INFO: Plan 1: ḡ=0, γE[v]=0.0, Q=0.0 (fn)
2026-09-23 15:06:09,515 INFO: Plan 2: ḡ=0, γE[v]=0.0, Q=0.0 (fn)
2026-09-23 15:06:09,516 INFO: Plan 0: ḡ=1.0, γE[v]=0.0, Q=1.0 (bayes)
2026-09-23 15:06:09,516 INFO: Plan 1: ḡ=0.0, γE[v]=0.5, Q=0.5 (bayes)
2026-09-23 15:06:09,516 INFO: Plan 2: ḡ=0.0, γE[v]=0.5, Q=0.5 (bayes)
2026-09-23 15:06:09,836 INFO: Plan 2: ḡ=12, γE[v]=8.0, Q=20.0 (fn)
2026-09-23 15:06:09,837 INFO: Plan 0: ḡ=5.2, γE[v]=44.2, Q=49.5 (bayes)
2026-09-23 15:06:09,837 INFO: Plan 1: ḡ=15.0, γE[v]=39.4, Q=54.4 (bayes)
2026-09-23 15:06:09,837 INFO: Plan 2: ḡ=5.2, γE[v]=44.7, Q=49.8 (bayes)
2026-09-23 15:06:10,365 INFO: Plan 1: ḡ=5, γE[v]=0.0, Q=5.0 (fn)
2026-09-23 15:06:10,366 INFO: Plan 0: ḡ=5, γE[v]=0.0, Q=5.0 (fn)
2026-09-23 15:06:10,653 INFO: Plan 2: ḡ=5, γE[v]=0.0, Q=5.0 (fn)
2026-09-23 15:06:10,654 INFO: Plan 0: ḡ=1.0, γE[v]=0.0, Q=1.0 (bayes)
2026-09-23 15:06:10,654 INFO: Plan 1: ḡ=1.0, γE[v]=0.0, Q=1.0 (bayes)
2026-09-23 15:06:10,654 INFO: Plan 2: ḡ=1.0, γE[v]=0.0, Q=1.0 (bayes)
2026-09-23 15:06:10,698 INFO: Plan 2: ḡ=42, γE[v]=0.0, Q=42.0 (fn)
2026-09-23 15:06:11,073 INFO: Plan 0: ḡ=29, γE[v]=0.0, Q=29.0 (fn)
2026-09-23 15:06:14,339 INFO: Plan 1: ḡ=32, γE[v]=0.0, Q=32.0 (fn)
2026-09-23 15:06:15,708 INFO: Plan 1: ḡ=38, γE[v]=16.5, Q=54.5 (fn)
2026-09-23 15:06:15,709 INFO: Plan 0: ḡ=9.7, γE[v]=10.5, Q=20.2 (bayes)
2026-09-23 15:06:15,709 INFO: Plan 1: ḡ=16.2, γE[v]=8.1, Q=24.2 (bayes)
2026-09-23 15:06:15,709 INFO: Plan 2: ḡ=21.0, γE[v]=4.8, Q=25.8 (bayes)
2026-09-23 15:06:17,471 INFO: Plan 0: ḡ=118, γE[v]=10.5, Q=128.5 (fn)
2026-09-23 15:06:19,046 INFO: Plan 2: ḡ=103, γE[v]=18.0, Q=121.0 (fn)
2026-09-23 15:06:19,050 INFO: Plan 0: ḡ=23.8, γE[v]=3.3, Q=27.1 (bayes)
2026-09-23 15:06:19,053 INFO: Plan 1: ḡ=7.2, γE[v]=10.8, Q=18.1 (bayes)
2026-09-23 15:06:19,053 INFO: Plan 2: ḡ=20.6, γE[v]=5.4, Q=26.0 (bayes)
2026-09-23 15:06:23,159 INFO: Plan 1: ḡ=16, γE[v]=8.0, Q=24.0 (fn)
2026-09-23 15:06:23,513 INFO: Plan 2: ḡ=79, γE[v]=0.0, Q=79.0 (fn)
2026-09-23 15:06:23,562 INFO: Plan 0: ḡ=44, γE[v]=0.0, Q=44.0 (fn)
2026-09-23 15:06:24,708 INFO: Plan 1: ḡ=0, γE[v]=0.0, Q=0.0 (fn)
2026-09-23 15:06:24,948 INFO: Plan 0: ḡ=9, γE[v]=14.5, Q=23.5 (fn)
2026-09-23 15:06:24,949 INFO: Plan 0: ḡ=3.0, γE[v]=17.5, Q=20.4 (bayes)
2026-09-23 15:06:24,949 INFO: Plan 1: ḡ=5.3, γE[v]=15.9, Q=21.2 (bayes)
2026-09-23 15:06:24,949 INFO: Plan 2: ḡ=34.2, γE[v]=1.0, Q=35.2 (bayes)
2026-09-23 15:06:25,507 INFO: Plan 0: ḡ=12, γE[v]=0.0, Q=12.0 (fn)
2026-09-23 15:06:25,677 INFO: Plan 2: ḡ=0, γE[v]=0.0, Q=0.0 (fn)
2026-09-23 15:06:25,677 INFO: Plan 0: ḡ=2.4, γE[v]=0.0, Q=2.4 (bayes)
2026-09-23 15:06:25,678 INFO: Plan 1: ḡ=0.0, γE[v]=1.2, Q=1.2 (bayes)
2026-09-23 15:06:25,678 INFO: Plan 2: ḡ=0.0, γE[v]=1.2, Q=1.2 (bayes)
2026-09-23 15:06:25,928 INFO: Plan 1: ḡ=0, γE[v]=0.0, Q=0.0 (fn)
2026-09-23 15:06:25,928 INFO: Plan 0: ḡ=0, γE[v]=0.0, Q=0.0 (fn)
2026-09-23 15:06:26,088 INFO: Plan 2: ḡ=0, γE[v]=0.0, Q=0.0 (fn)
2026-09-23 15:06:26,088 INFO: Plan 0: ḡ=0.0, γE[v]=0.0, Q=0.0 (bayes)
2026-09-23 15:06:26,089 INFO: Plan 1: ḡ=0.0, γE[v]=0.0, Q=0.0 (bayes)
2026-09-23 15:06:26,089 INFO: Plan 2: ḡ=0.0, γE[v]=0.0, Q=0.0 (bayes)
2026-09-23 15:06:27,020 INFO: Plan 1: ḡ=0, γE[v]=0.0, Q=0.0 (fn)
2026-09-23 15:06:27,289 INFO: Plan 0: ḡ=0, γE[v]=0.0, Q=0.0 (fn)
2026-09-23 15:06:27,336 INFO: Plan 1: ḡ=36, γE[v]=0.0, Q=36.0 (fn)
2026-09-23 15:06:27,702 INFO: Plan 2: ḡ=0, γE[v]=0.0, Q=0.0 (fn)
2026-09-23 15:06:27,702 INFO: Plan 0: ḡ=0.0, γE[v]=0.0, Q=0.0 (bayes)
2026-09-23 15:06:27,702 INFO: Plan 1: ḡ=0.0, γE[v]=0.0, Q=0.0 (bayes)
2026-09-23 15:06:27,702 INFO: Plan 2: ḡ=0.0, γE[v]=0.0, Q=0.0 (bayes)
2026-09-23 15:06:28,223 INFO: Plan 0: ḡ=20, γE[v]=0.0, Q=20.0 (fn)
2026-09-23 15:06:29,531 INFO: Plan 1: ḡ=1, γE[v]=0.0, Q=1.0 (fn)
2026-09-23 15:06:29,744 INFO: Plan 0: ḡ=1, γE[v]=0.0, Q=1.0 (fn)
2026-09-23 15:06:29,744 INFO: Plan 0: ḡ=1, γE[v]=0.5, Q=1.5 (fn)
2026-09-23 15:06:29,962 INFO: Plan 2: ḡ=1, γE[v]=0.0, Q=1.0 (fn)
2026-09-23 15:06:29,963 INFO: Plan 0: ḡ=0.2, γE[v]=0.2, Q=0.5 (bayes)
2026-09-23 15:06:29,963 INFO: Plan 1: ḡ=0.3, γE[v]=0.1, Q=0.5 (bayes)
2026-09-23 15:06:29,963 INFO: Plan 2: ḡ=0.2, γE[v]=0.2, Q=0.4 (bayes)
2026-09-23 15:06:30,601 INFO: Plan 1: ḡ=0, γE[v]=0.0, Q=0.0 (fn)
2026-09-23 15:06:30,866 INFO: Plan 2: ḡ=113, γE[v]=148.0, Q=261.0 (fn)
2026-09-23 15:06:30,866 INFO: Plan 0: ḡ=1, γE[v]=0.0, Q=1.0 (fn)
2026-09-23 15:06:30,867 INFO: Plan 0: ḡ=10.0, γE[v]=122.1, Q=132.1 (bayes)
2026-09-23 15:06:30,867 INFO: Plan 1: ḡ=18.0, γE[v]=118.1, Q=136.1 (bayes)
2026-09-23 15:06:30,867 INFO: Plan 2: ḡ=56.5, γE[v]=105.5, Q=162.0 (bayes)
2026-09-23 15:06:31,463 INFO: Plan 1: ḡ=40, γE[v]=0.5, Q=40.5 (fn)
2026-09-23 15:06:31,624 INFO: Plan 2: ḡ=29, γE[v]=6.0, Q=35.0 (fn)
2026-09-23 15:06:31,625 INFO: Plan 0: ḡ=0.1, γE[v]=2.9, Q=3.0 (bayes)
2026-09-23 15:06:31,625 INFO: Plan 1: ḡ=5.7, γE[v]=0.1, Q=5.8 (bayes)
2026-09-23 15:06:31,625 INFO: Plan 2: ḡ=4.1, γE[v]=1.3, Q=5.5 (bayes)
2026-09-23 15:06:31,669 INFO: Plan 2: ḡ=0, γE[v]=0.0, Q=0.0 (fn)
2026-09-23 15:06:31,670 INFO: Plan 0: ḡ=0.2, γE[v]=0.0, Q=0.2 (bayes)
2026-09-23 15:06:31,670 INFO: Plan 1: ḡ=0.0, γE[v]=0.1, Q=0.1 (bayes)
2026-09-23 15:06:31,670 INFO: Plan 2: ḡ=0.0, γE[v]=0.1, Q=0.1 (bayes)
2026-09-23 15:06:31,714 INFO: Plan 1: ḡ=9, γE[v]=0.0, Q=9.0 (fn)
2026-09-23 15:06:31,716 INFO: Plan 2: ḡ=8, γE[v]=0.0, Q=8.0 (fn)
2026-09-23 15:06:32,120 INFO: Plan 0: ḡ=2, γE[v]=0.0, Q=2.0 (fn)
2026-09-23 15:06:32,157 INFO: Plan 0: ḡ=41, γE[v]=0.0, Q=41.0 (fn)
2026-09-23 15:06:32,351 INFO: Plan 1: ḡ=41, γE[v]=0.0, Q=41.0 (fn)
2026-09-23 15:06:32,352 INFO: Plan 0: ḡ=12.5, γE[v]=8.3, Q=20.8 (bayes)
2026-09-23 15:06:32,352 INFO: Plan 1: ḡ=14.7, γE[v]=7.2, Q=21.9 (bayes)
2026-09-23 15:06:32,352 INFO: Plan 2: ḡ=2.9, γE[v]=13.1, Q=16.0 (bayes)
2026-09-23 15:06:32,493 INFO: Plan 2: ḡ=9, γE[v]=0.5, Q=9.5 (fn)
2026-09-23 15:06:33,197 INFO: Plan 1: ḡ=10, γE[v]=0.0, Q=10.0 (fn)
2026-09-23 15:06:33,835 INFO: Plan 2: ḡ=24, γE[v]=0.0, Q=24.0 (fn)
2026-09-23 15:06:34,640 INFO: Plan 1: ḡ=434, γE[v]=12.5, Q=446.5 (fn)
2026-09-23 15:06:34,766 INFO: Plan 0: ḡ=46, γE[v]=0.0, Q=46.0 (fn)
2026-09-23 15:06:35,099 INFO: Plan 1: ḡ=82, γE[v]=0.0, Q=82.0 (fn)
2026-09-23 15:06:35,100 INFO: Plan 0: ḡ=23.0, γE[v]=87.5, Q=110.5 (bayes)
2026-09-23 15:06:35,101 INFO: Plan 1: ḡ=25.8, γE[v]=86.1, Q=111.9 (bayes)
2026-09-23 15:06:35,103 INFO: Plan 2: ḡ=12.0, γE[v]=93.0, Q=105.0 (bayes)
2026-09-23 15:06:35,520 INFO: Plan 2: ḡ=6, γE[v]=4.5, Q=10.5 (fn)
2026-09-23 15:06:35,521 INFO: Plan 0: ḡ=0.7, γE[v]=1.6, Q=2.3 (bayes)
2026-09-23 15:06:35,521 INFO: Plan 1: ḡ=1.8, γE[v]=1.1, Q=2.9 (bayes)
2026-09-23 15:06:35,521 INFO: Plan 2: ḡ=1.5, γE[v]=1.6, Q=3.1 (bayes)
2026-09-23 15:06:35,715 INFO: Plan 0: ḡ=16, γE[v]=0.0, Q=16.0 (fn)
2026-09-23 15:06:36,080 INFO: Plan 1: ḡ=33, γE[v]=0.0, Q=33.0 (fn)
2026-09-23 15:06:36,249 INFO: Plan 0: ḡ=31, γE[v]=0.0, Q=31.0 (fn)
2026-09-23 15:06:36,290 INFO: Plan 1: ḡ=15, γE[v]=0.0, Q=15.0 (fn)
2026-09-23 15:06:36,688 INFO: Plan 2: ḡ=40, γE[v]=0.0, Q=40.0 (fn)
2026-09-23 15:06:36,689 INFO: Plan 0: ḡ=14.2, γE[v]=27.9, Q=42.1 (bayes)
2026-09-23 15:06:36,689 INFO: Plan 1: ḡ=14.5, γE[v]=27.8, Q=42.2 (bayes)
2026-09-23 15:06:36,689 INFO: Plan 2: ḡ=20.0, γE[v]=25.0, Q=45.0 (bayes)
2026-09-23 15:06:37,147 INFO: Plan 1: ḡ=0, γE[v]=0.0, Q=0.0 (fn)
2026-09-23 15:06:37,147 INFO: Plan 0: ḡ=0, γE[v]=0.0, Q=0.0 (fn)
2026-09-23 15:06:37,186 INFO: Plan 2: ḡ=0, γE[v]=0.0, Q=0.0 (fn)
2026-09-23 15:06:37,187 INFO: Plan 0: ḡ=0.0, γE[v]=0.0, Q=0.0 (bayes)
2026-09-23 15:06:37,187 INFO: Plan 1: ḡ=0.0, γE[v]=0.0, Q=0.0 (bayes)
2026-09-23 15:06:37,187 INFO: Plan 2: ḡ=0.0, γE[v]=0.0, Q=0.0 (bayes)
2026-09-23 15:06:37,793 INFO: Plan 0: ḡ=51, γE[v]=5.0, Q=56.0 (fn)
2026-09-23 15:06:37,794 INFO: Plan 0: ḡ=12.7, γE[v]=1.8, Q=14.4 (bayes)
2026-09-23 15:06:37,794 INFO: Plan 1: ḡ=2.8, γE[v]=6.4, Q=9.2 (bayes)
2026-09-23 15:06:37,794 INFO: Plan 2: ḡ=2.6, γE[v]=6.5, Q=9.1 (bayes)
2026-09-23 15:06:37,838 INFO: Plan 2: ḡ=291, γE[v]=84.0, Q=375.0 (fn)
2026-09-23 15:06:37,839 INFO: Plan 0: ḡ=8.8, γE[v]=41.9, Q=50.6 (bayes)
2026-09-23 15:06:37,839 INFO: Plan 1: ḡ=86.8, γE[v]=3.7, Q=90.5 (bayes)
2026-09-23 15:06:37,839 INFO: Plan 2: ḡ=58.9, γE[v]=22.8, Q=81.8 (bayes)
2026-09-23 15:06:38,049 INFO: Plan 2: ḡ=29, γE[v]=0.0, Q=29.0 (fn)
2026-09-23 15:06:38,461 INFO: Plan 2: ḡ=30, γE[v]=0.0, Q=30.0 (fn)
2026-09-23 15:06:38,462 INFO: Plan 0: ḡ=2.7, γE[v]=1.4, Q=4.1 (bayes)
2026-09-23 15:06:38,462 INFO: Plan 1: ḡ=3.0, γE[v]=1.2, Q=4.2 (bayes)
2026-09-23 15:06:38,462 INFO: Plan 2: ḡ=5.5, γE[v]=0.0, Q=5.5 (bayes)
2026-09-23 15:06:39,362 INFO: Plan 0: ḡ=29, γE[v]=9.0, Q=38.0 (fn)
2026-09-23 15:06:39,693 INFO: Plan 2: ḡ=34, γE[v]=0.0, Q=34.0 (fn)
2026-09-23 15:06:40,419 INFO: Plan 0: ḡ=34, γE[v]=0.0, Q=34.0 (fn)
2026-09-23 15:06:40,908 INFO: Plan 0: ḡ=0, γE[v]=0.0, Q=0.0 (fn)
2026-09-23 15:06:41,193 INFO: Plan 2: ḡ=10, γE[v]=0.0, Q=10.0 (fn)
2026-09-23 15:06:41,598 INFO: Plan 1: ḡ=0, γE[v]=0.0, Q=0.0 (fn)
2026-09-23 15:06:41,788 INFO: Plan 1: ḡ=45, γE[v]=0.0, Q=45.0 (fn)
2026-09-23 15:06:42,341 INFO: Plan 1: ḡ=18, γE[v]=0.0, Q=18.0 (fn)
2026-09-23 15:06:42,784 INFO: Plan 1: ḡ=10, γE[v]=13.0, Q=23.0 (fn)
2026-09-23 15:06:42,785 INFO: Plan 0: ḡ=9.7, γE[v]=50.9, Q=60.6 (bayes)
2026-09-23 15:06:42,785 INFO: Plan 1: ḡ=5.0, γE[v]=53.4, Q=58.4 (bayes)
2026-09-23 15:06:42,785 INFO: Plan 2: ḡ=9.0, γE[v]=50.8, Q=59.8 (bayes)
2026-09-23 15:06:43,570 INFO: Plan 2: ḡ=0, γE[v]=0.0, Q=0.0 (fn)
2026-09-23 15:06:43,570 INFO: Plan 0: ḡ=0.0, γE[v]=0.0, Q=0.0 (bayes)
2026-09-23 15:06:43,570 INFO: Plan 1: ḡ=0.0, γE[v]=0.0, Q=0.0 (bayes)
2026-09-23 15:06:43,570 INFO: Plan 2: ḡ=0.0, γE[v]=0.0, Q=0.0 (bayes)
2026-09-23 15:06:43,912 INFO: Plan 0: ḡ=15, γE[v]=0.0, Q=15.0 (fn)
2026-09-23 15:06:43,913 INFO: Plan 0: ḡ=5.2, γE[v]=5.7, Q=10.8 (bayes)
2026-09-23 15:06:43,913 INFO: Plan 1: ḡ=7.2, γE[v]=4.7, Q=11.8 (bayes)
2026-09-23 15:06:43,913 INFO: Plan 2: ḡ=5.0, γE[v]=5.8, Q=10.8 (bayes)
2026-09-23 15:06:44,122 INFO: Plan 2: ḡ=42, γE[v]=0.0, Q=42.0 (fn)
2026-09-23 15:06:44,123 INFO: Plan 0: ḡ=14.5, γE[v]=70.1, Q=84.6 (bayes)
2026-09-23 15:06:44,123 INFO: Plan 1: ḡ=17.7, γE[v]=68.5, Q=86.2 (bayes)
2026-09-23 15:06:44,123 INFO: Plan 2: ḡ=20.8, γE[v]=66.9, Q=87.8 (bayes)
2026-09-23 15:06:46,077 INFO: Plan 0: ḡ=2, γE[v]=0.0, Q=2.0 (fn)
2026-09-23 15:06:46,295 INFO: Plan 1: ḡ=116, γE[v]=0.0, Q=116.0 (fn)
2026-09-23 15:06:46,835 INFO: Plan 0: ḡ=1, γE[v]=0.0, Q=1.0 (fn)
2026-09-23 15:06:47,270 INFO: Plan 1: ḡ=4, γE[v]=0.0, Q=4.0 (fn)
2026-09-23 15:06:47,313 INFO: Plan 2: ḡ=6, γE[v]=0.0, Q=6.0 (fn)
2026-09-23 15:06:47,313 INFO: Plan 0: ḡ=0.2, γE[v]=0.9, Q=1.1 (bayes)
2026-09-23 15:06:47,314 INFO: Plan 1: ḡ=0.8, γE[v]=0.6, Q=1.4 (bayes)
2026-09-23 15:06:47,314 INFO: Plan 2: ḡ=1.0, γE[v]=0.5, Q=1.5 (bayes)
2026-09-23 15:06:49,016 INFO: Plan 1: ḡ=3, γE[v]=0.0, Q=3.0 (fn)
2026-09-23 15:06:49,056 INFO: Plan 0: ḡ=3, γE[v]=0.0, Q=3.0 (fn)
2026-09-23 15:06:49,367 INFO: Plan 0: ḡ=75, γE[v]=62.0, Q=137.0 (fn)
2026-09-23 15:06:49,371 INFO: Plan 0: ḡ=22.0, γE[v]=36.1, Q=58.1 (bayes)
2026-09-23 15:06:49,372 INFO: Plan 1: ḡ=29.6, γE[v]=28.2, Q=57.8 (bayes)
2026-09-23 15:06:49,374 INFO: Plan 2: ḡ=16.2, γE[v]=35.0, Q=51.1 (bayes)
2026-09-23 15:06:49,407 INFO: Plan 1: ḡ=22, γE[v]=1.0, Q=23.0 (fn)
2026-09-23 15:06:49,410 INFO: Plan 0: ḡ=32, γE[v]=0.0, Q=32.0 (fn)
2026-09-23 15:06:50,038 INFO: Plan 2: ḡ=6, γE[v]=9.0, Q=15.0 (fn)
2026-09-23 15:06:50,039 INFO: Plan 0: ḡ=0.4, γE[v]=2.2, Q=2.6 (bayes)
2026-09-23 15:06:50,039 INFO: Plan 1: ḡ=4.4, γE[v]=0.3, Q=4.7 (bayes)
2026-09-23 15:06:50,039 INFO: Plan 2: ḡ=1.2, γE[v]=2.4, Q=3.6 (bayes)
2026-09-23 15:06:51,205 INFO: Plan 1: ḡ=44, γE[v]=0.0, Q=44.0 (fn)
2026-09-23 15:06:52,089 INFO: Plan 2: ḡ=57, γE[v]=0.0, Q=57.0 (fn)
2026-09-23 15:06:52,090 INFO: Plan 0: ḡ=11.7, γE[v]=31.3, Q=43.0 (bayes)
2026-09-23 15:06:52,090 INFO: Plan 1: ḡ=18.5, γE[v]=27.9, Q=46.4 (bayes)
2026-09-23 15:06:52,090 INFO: Plan 2: ḡ=28.0, γE[v]=23.2, Q=51.2 (bayes)
2026-09-23 15:06:52,520 INFO: Plan 0: ḡ=0, γE[v]=0.0, Q=0.0 (fn)
2026-09-23 15:06:52,755 INFO: Plan 1: ḡ=0, γE[v]=0.0, Q=0.0 (fn)
2026-09-23 15:06:52,927 INFO: Plan 2: ḡ=0, γE[v]=0.0, Q=0.0 (fn)
2026-09-23 15:06:52,928 INFO: Plan 0: ḡ=0.0, γE[v]=0.0, Q=0.0 (bayes)
2026-09-23 15:06:52,928 INFO: Plan 1: ḡ=0.0, γE[v]=0.0, Q=0.0 (bayes)
2026-09-23 15:06:52,928 INFO: Plan 2: ḡ=0.0, γE[v]=0.0, Q=0.0 (bayes)
2026-09-23 15:06:52,971 INFO: Plan 2: ḡ=4, γE[v]=2.0, Q=6.0 (fn)
2026-09-23 15:06:52,971 INFO: Plan 0: ḡ=0.7, γE[v]=0.6, Q=1.3 (bayes)
2026-09-23 15:06:52,971 INFO: Plan 1: ḡ=0.7, γE[v]=0.6, Q=1.3 (bayes)
2026-09-23 15:06:52,972 INFO: Plan 2: ḡ=0.9, γE[v]=0.6, Q=1.6 (bayes)
2026-09-23 15:06:53,454 INFO: Plan 0: ḡ=51, γE[v]=25.0, Q=76.0 (fn)
2026-09-23 15:06:54,401 INFO: Plan 0: ḡ=13, γE[v]=0.0, Q=13.0 (fn)
2026-09-23 15:06:54,660 INFO: Plan 2: ḡ=7, γE[v]=0.0, Q=7.0 (fn)
2026-09-23 15:06:54,894 INFO: Plan 1: ḡ=12, γE[v]=0.0, Q=12.0 (fn)
2026-09-23 15:06:54,894 INFO: Plan 0: ḡ=4.0, γE[v]=2.4, Q=6.4 (bayes)
2026-09-23 15:06:54,894 INFO: Plan 1: ḡ=2.5, γE[v]=3.1, Q=5.7 (bayes)
2026-09-23 15:06:54,894 INFO: Plan 2: ḡ=2.3, γE[v]=3.3, Q=5.6 (bayes)
2026-09-23 15:06:55,260 INFO: Plan 1: ḡ=2, γE[v]=0.0, Q=2.0 (fn)
2026-09-23 15:06:55,443 INFO: Plan 0: ḡ=4, γE[v]=0.0, Q=4.0 (fn)
2026-09-23 15:06:55,944 INFO: Plan 2: ḡ=4, γE[v]=0.0, Q=4.0 (fn)
2026-09-23 15:06:55,945 INFO: Plan 0: ḡ=0.7, γE[v]=0.2, Q=0.8 (bayes)
2026-09-23 15:06:55,945 INFO: Plan 1: ḡ=0.3, γE[v]=0.3, Q=0.7 (bayes)
2026-09-23 15:06:55,945 INFO: Plan 2: ḡ=0.7, γE[v]=0.2, Q=0.8 (bayes)
2026-09-23 15:06:56,464 INFO: Plan 1: ḡ=99, γE[v]=29.0, Q=128.0 (fn)
2026-09-23 15:06:56,825 INFO: Plan 1: ḡ=2, γE[v]=0.0, Q=2.0 (fn)
2026-09-23 15:06:57,103 INFO: Plan 0: ḡ=1, γE[v]=0.0, Q=1.0 (fn)
2026-09-23 15:06:57,863 INFO: Plan 2: ḡ=4, γE[v]=0.0, Q=4.0 (fn)
2026-09-23 15:06:58,115 INFO: Plan 0: ḡ=20, γE[v]=0.0, Q=20.0 (fn)
2026-09-23 15:06:58,338 INFO: Plan 2: ḡ=28, γE[v]=55.5, Q=83.5 (fn)
2026-09-23 15:06:58,341 INFO: Plan 0: ḡ=31, γE[v]=24.0, Q=55.0 (fn)
2026-09-23 15:06:58,342 INFO: Plan 0: ḡ=9.6, γE[v]=21.5, Q=31.1 (bayes)
2026-09-23 15:06:58,342 INFO: Plan 1: ḡ=26.4, γE[v]=13.4, Q=39.8 (bayes)
2026-09-23 15:06:58,342 INFO: Plan 2: ḡ=12.5, γE[v]=22.0, Q=34.5 (bayes)
2026-09-23 15:06:58,834 INFO: Plan 1: ḡ=226, γE[v]=47.0, Q=273.0 (fn)
2026-09-23 15:06:58,921 INFO: Plan 2: ḡ=1, γE[v]=3.5, Q=4.5 (fn)
2026-09-23 15:06:59,372 INFO: Plan 1: ḡ=7, γE[v]=0.5, Q=7.5 (fn)
2026-09-23 15:06:59,372 INFO: Plan 2: ḡ=30, γE[v]=0.0, Q=30.0 (fn)
2026-09-23 15:06:59,373 INFO: Plan 0: ḡ=0.2, γE[v]=0.7, Q=0.9 (bayes)
2026-09-23 15:06:59,373 INFO: Plan 1: ḡ=1.4, γE[v]=0.2, Q=1.6 (bayes)
2026-09-23 15:06:59,373 INFO: Plan 2: ḡ=0.2, γE[v]=1.0, Q=1.2 (bayes)
2026-09-23 15:06:59,693 INFO: Plan 0: ḡ=3, γE[v]=1.5, Q=4.5 (fn)
2026-09-23 15:06:59,693 INFO: Plan 0: ḡ=0.5, γE[v]=0.3, Q=0.8 (bayes)
2026-09-23 15:06:59,694 INFO: Plan 1: ḡ=0.3, γE[v]=0.3, Q=0.6 (bayes)
2026-09-23 15:06:59,694 INFO: Plan 2: ḡ=0.6, γE[v]=0.2, Q=0.7 (bayes)
2026-09-23 15:07:00,200 INFO: Plan 2: ḡ=242, γE[v]=35.0, Q=277.0 (fn)
2026-09-23 15:07:00,201 INFO: Plan 0: ḡ=7.0, γE[v]=36.6, Q=43.6 (bayes)
2026-09-23 15:07:00,201 INFO: Plan 1: ḡ=54.7, γE[v]=14.3, Q=68.9 (bayes)
2026-09-23 15:07:00,201 INFO: Plan 2: ḡ=58.0, γE[v]=11.8, Q=69.8 (bayes)
2026-09-23 15:07:00,946 INFO: Plan 2: ḡ=0, γE[v]=0.0, Q=0.0 (fn)
2026-09-23 15:07:00,991 INFO: Plan 0: ḡ=0, γE[v]=0.0, Q=0.0 (fn)
2026-09-23 15:07:01,696 INFO: Plan 1: ḡ=0, γE[v]=0.0, Q=0.0 (fn)
2026-09-23 15:07:01,785 INFO: Plan 2: ḡ=0, γE[v]=0.0, Q=0.0 (fn)
2026-09-23 15:07:01,786 INFO: Plan 0: ḡ=7, γE[v]=0.0, Q=7.0 (fn)
2026-09-23 15:07:01,787 INFO: Plan 1: ḡ=7, γE[v]=0.0, Q=7.0 (fn)
2026-09-23 15:07:01,787 INFO: Plan 0: ḡ=0.0, γE[v]=0.0, Q=0.0 (bayes)
2026-09-23 15:07:01,787 INFO: Plan 1: ḡ=0.0, γE[v]=0.0, Q=0.0 (bayes)
2026-09-23 15:07:01,788 INFO: Plan 2: ḡ=0.0, γE[v]=0.0, Q=0.0 (bayes)
2026-09-23 15:07:01,788 INFO: Plan 0: ḡ=1.5, γE[v]=0.0, Q=1.4 (bayes)
2026-09-23 15:07:01,788 INFO: Plan 1: ḡ=1.5, γE[v]=0.0, Q=1.4 (bayes)
2026-09-23 15:07:01,788 INFO: Plan 2: ḡ=0.0, γE[v]=0.7, Q=0.7 (bayes)
2026-09-23 15:07:02,538 INFO: Plan 1: ḡ=71, γE[v]=19.0, Q=90.0 (fn)
2026-09-23 15:07:02,538 INFO: Plan 0: ḡ=3.3, γE[v]=7.4, Q=10.8 (bayes)
2026-09-23 15:07:02,539 INFO: Plan 1: ḡ=11.8, γE[v]=4.6, Q=16.4 (bayes)
2026-09-23 15:07:02,539 INFO: Plan 2: ḡ=5.0, γE[v]=6.6, Q=11.6 (bayes)
2026-09-23 15:07:03,297 INFO: Plan 1: ḡ=52, γE[v]=0.0, Q=52.0 (fn)
2026-09-23 15:07:03,645 INFO: Plan 0: ḡ=50, γE[v]=0.0, Q=50.0 (fn)
2026-09-23 15:07:04,164 INFO: Plan 2: ḡ=16, γE[v]=0.0, Q=16.0 (fn)
2026-09-23 15:07:04,165 INFO: Plan 0: ḡ=14.2, γE[v]=32.8, Q=47.0 (bayes)
2026-09-23 15:07:04,165 INFO: Plan 1: ḡ=12.2, γE[v]=33.8, Q=46.0 (bayes)
2026-09-23 15:07:04,165 INFO: Plan 2: ḡ=4.8, γE[v]=37.5, Q=42.3 (bayes)
2026-09-23 15:07:04,463 INFO: Plan 2: ḡ=34, γE[v]=0.0, Q=34.0 (fn)
2026-09-23 15:07:04,464 INFO: Plan 1: ḡ=27, γE[v]=0.0, Q=27.0 (fn)
2026-09-23 15:07:04,976 INFO: Plan 0: ḡ=40, γE[v]=0.0, Q=40.0 (fn)
2026-09-23 15:07:04,977 INFO: Plan 0: ḡ=10.0, γE[v]=49.0, Q=59.0 (bayes)
2026-09-23 15:07:04,977 INFO: Plan 1: ḡ=13.5, γE[v]=47.2, Q=60.7 (bayes)
2026-09-23 15:07:04,977 INFO: Plan 2: ḡ=11.7, γE[v]=48.1, Q=59.8 (bayes)
2026-09-23 15:07:05,615 INFO: Plan 2: ḡ=0, γE[v]=0.0, Q=0.0 (fn)
2026-09-23 15:07:06,391 INFO: Plan 1: ḡ=0, γE[v]=0.0, Q=0.0 (fn)
2026-09-23 15:07:07,336 INFO: Plan 0: ḡ=0, γE[v]=0.0, Q=0.0 (fn)
2026-09-23 15:07:07,337 INFO: Plan 0: ḡ=0.0, γE[v]=0.0, Q=0.0 (bayes)
2026-09-23 15:07:07,337 INFO: Plan 1: ḡ=0.0, γE[v]=0.0, Q=0.0 (bayes)
2026-09-23 15:07:07,337 INFO: Plan 2: ḡ=0.0, γE[v]=0.0, Q=0.0 (bayes)
2026-09-23 15:07:08,091 INFO: Plan 0: ḡ=97, γE[v]=6.5, Q=103.5 (fn)
2026-09-23 15:07:15,310 INFO: Plan 2: ḡ=201, γE[v]=24.5, Q=225.5 (fn)
2026-09-23 15:07:15,599 INFO: Plan 1: ḡ=64, γE[v]=0.0, Q=64.0 (fn)
2026-09-23 15:07:15,975 INFO: Plan 0: ḡ=17, γE[v]=0.0, Q=17.0 (fn)
2026-09-23 15:07:16,261 INFO: Plan 1: ḡ=77, γE[v]=109.0, Q=186.0 (fn)
2026-09-23 15:07:16,261 INFO: Plan 0: ḡ=22.3, γE[v]=19.9, Q=42.2 (bayes)
2026-09-23 15:07:16,261 INFO: Plan 1: ḡ=12.8, γE[v]=32.1, Q=44.9 (bayes)
2026-09-23 15:07:16,261 INFO: Plan 2: ḡ=34.6, γE[v]=15.1, Q=49.7 (bayes)
2026-09-23 15:07:16,903 INFO: Plan 2: ḡ=54, γE[v]=0.0, Q=54.0 (fn)
2026-09-23 15:07:16,904 INFO: Plan 0: ḡ=8.5, γE[v]=42.3, Q=50.8 (bayes)
2026-09-23 15:07:16,904 INFO: Plan 1: ḡ=32.0, γE[v]=30.6, Q=62.6 (bayes)
2026-09-23 15:07:16,904 INFO: Plan 2: ḡ=19.1, γE[v]=37.0, Q=56.1 (bayes)
2026-09-23 15:07:17,646 INFO: Plan 0: ḡ=3, γE[v]=0.0, Q=3.0 (fn)
2026-09-23 15:07:17,870 INFO: Plan 1: ḡ=0, γE[v]=0.0, Q=0.0 (fn)
2026-09-23 15:07:17,911 INFO: Plan 2: ḡ=0, γE[v]=0.0, Q=0.0 (fn)
2026-09-23 15:07:17,913 INFO: Plan 2: ḡ=87, γE[v]=0.0, Q=87.0 (fn)
2026-09-23 15:07:17,913 INFO: Plan 0: ḡ=0.8, γE[v]=0.0, Q=0.8 (bayes)
2026-09-23 15:07:17,914 INFO: Plan 1: ḡ=0.0, γE[v]=0.4, Q=0.4 (bayes)
2026-09-23 15:07:17,914 INFO: Plan 2: ḡ=0.0, γE[v]=0.4, Q=0.4 (bayes)
2026-09-23 15:07:19,764 INFO: Plan 0: ḡ=0, γE[v]=0.0, Q=0.0 (fn)
2026-09-23 15:07:19,808 INFO: Plan 1: ḡ=0, γE[v]=0.0, Q=0.0 (fn)
2026-09-23 15:07:20,346 INFO: Plan 2: ḡ=0, γE[v]=0.0, Q=0.0 (fn)
2026-09-23 15:07:20,346 INFO: Plan 0: ḡ=0.0, γE[v]=0.0, Q=0.0 (bayes)
2026-09-23 15:07:20,346 INFO: Plan 1: ḡ=0.0, γE[v]=0.0, Q=0.0 (bayes)
2026-09-23 15:07:20,346 INFO: Plan 2: ḡ=0.0, γE[v]=0.0, Q=0.0 (bayes)
2026-09-23 15:07:20,499 INFO: Plan 2: ḡ=0, γE[v]=0.0, Q=0.0 (fn)
2026-09-23 15:07:21,069 INFO: Plan 1: ḡ=13, γE[v]=0.0, Q=13.0 (fn)
2026-09-23 15:07:21,570 INFO: Plan 2: ḡ=18, γE[v]=0.0, Q=18.0 (fn)
2026-09-23 15:07:21,570 INFO: Plan 0: ḡ=0, γE[v]=0.0, Q=0.0 (fn)
2026-09-23 15:07:21,873 INFO: Plan 0: ḡ=67, γE[v]=40.0, Q=107.0 (fn)
2026-09-23 15:07:22,003 INFO: Plan 2: ḡ=0, γE[v]=0.0, Q=0.0 (fn)
2026-09-23 15:07:22,046 INFO: Plan 0: ḡ=83, γE[v]=0.0, Q=83.0 (fn)
2026-09-23 15:07:22,049 INFO: Plan 0: ḡ=23.0, γE[v]=5.6, Q=28.6 (bayes)
2026-09-23 15:07:22,050 INFO: Plan 1: ḡ=6.3, γE[v]=13.9, Q=20.2 (bayes)
2026-09-23 15:07:22,052 INFO: Plan 2: ḡ=5.2, γE[v]=14.5, Q=19.7 (bayes)
2026-09-23 15:07:22,307 INFO: Plan 1: ḡ=3, γE[v]=0.0, Q=3.0 (fn)
2026-09-23 15:07:22,643 INFO: Plan 2: ḡ=5, γE[v]=0.0, Q=5.0 (fn)
2026-09-23 15:07:22,905 INFO: Plan 1: ḡ=111, γE[v]=26.5, Q=137.5 (fn)
2026-09-23 15:07:22,907 INFO: Plan 0: ḡ=22, γE[v]=0.0, Q=22.0 (fn)
2026-09-23 15:07:22,907 INFO: Plan 1: ḡ=0, γE[v]=0.0, Q=0.0 (fn)
2026-09-23 15:07:22,908 INFO: Plan 0: ḡ=21.6, γE[v]=36.0, Q=57.6 (bayes)
2026-09-23 15:07:22,908 INFO: Plan 0: ḡ=5.0, γE[v]=1.3, Q=6.3 (bayes)
2026-09-23 15:07:22,908 INFO: Plan 1: ḡ=44.5, γE[v]=23.8, Q=68.3 (bayes)
2026-09-23 15:07:22,908 INFO: Plan 0: ḡ=0.0, γE[v]=0.0, Q=0.0 (bayes)
2026-09-23 15:07:22,909 INFO: Plan 1: ḡ=0.8, γE[v]=3.4, Q=4.2 (bayes)
2026-09-23 15:07:22,909 INFO: Plan 2: ḡ=23.0, γE[v]=33.0, Q=56.1 (bayes)
2026-09-23 15:07:22,909 INFO: Plan 1: ḡ=0.0, γE[v]=0.0, Q=0.0 (bayes)
2026-09-23 15:07:22,909 INFO: Plan 2: ḡ=1.8, γE[v]=2.9, Q=4.7 (bayes)
2026-09-23 15:07:22,909 INFO: Plan 2: ḡ=0.0, γE[v]=0.0, Q=0.0 (bayes)
2026-09-23 15:07:23,435 INFO: Plan 1: ḡ=52, γE[v]=0.0, Q=52.0 (fn)
2026-09-23 15:07:23,474 INFO: Plan 0: ḡ=11, γE[v]=0.0, Q=11.0 (fn)
2026-09-23 15:07:23,842 INFO: Plan 0: ḡ=0, γE[v]=0.0, Q=0.0 (fn)
2026-09-23 15:07:23,884 INFO: Plan 0: ḡ=15, γE[v]=0.0, Q=15.0 (fn)
2026-09-23 15:07:24,206 INFO: Plan 2: ḡ=1, γE[v]=0.0, Q=1.0 (fn)
2026-09-23 15:07:24,417 INFO: Plan 0: ḡ=2, γE[v]=0.0, Q=2.0 (fn)
2026-09-23 15:07:24,418 INFO: Plan 1: ḡ=11, γE[v]=0.0, Q=11.0 (fn)
2026-09-23 15:07:24,457 INFO: Plan 1: ḡ=9, γE[v]=0.0, Q=9.0 (fn)
2026-09-23 15:07:24,457 INFO: Plan 0: ḡ=0.7, γE[v]=0.8, Q=1.4 (bayes)
2026-09-23 15:07:24,458 INFO: Plan 1: ḡ=1.5, γE[v]=0.3, Q=1.8 (bayes)
2026-09-23 15:07:24,458 INFO: Plan 2: ḡ=0.2, γE[v]=1.0, Q=1.2 (bayes)
2026-09-23 15:07:24,786 INFO: Plan 1: ḡ=0, γE[v]=0.0, Q=0.0 (fn)
2026-09-23 15:07:24,787 INFO: Plan 0: ḡ=0.0, γE[v]=0.0, Q=0.0 (bayes)
2026-09-23 15:07:24,787 INFO: Plan 1: ḡ=0.0, γE[v]=0.0, Q=0.0 (bayes)
2026-09-23 15:07:24,787 INFO: Plan 2: ḡ=0.0, γE[v]=0.0, Q=0.0 (bayes)
2026-09-23 15:07:24,831 INFO: Plan 1: ḡ=0, γE[v]=0.0, Q=0.0 (fn)
2026-09-23 15:07:25,513 INFO: Plan 0: ḡ=0, γE[v]=0.0, Q=0.0 (fn)
2026-09-23 15:07:25,557 INFO: Plan 2: ḡ=42, γE[v]=0.0, Q=42.0 (fn)
2026-09-23 15:07:25,597 INFO: Plan 1: ḡ=1, γE[v]=0.0, Q=1.0 (fn)
2026-09-23 15:07:25,799 INFO: Plan 0: ḡ=1, γE[v]=0.0, Q=1.0 (fn)
2026-09-23 15:07:25,801 INFO: Plan 2: ḡ=65, γE[v]=8.0, Q=73.0 (fn)
2026-09-23 15:07:25,804 INFO: Plan 0: ḡ=5.2, γE[v]=38.2, Q=43.5 (bayes)
2026-09-23 15:07:25,806 INFO: Plan 1: ḡ=24.5, γE[v]=28.6, Q=53.1 (bayes)
2026-09-23 15:07:25,808 INFO: Plan 2: ḡ=31.7, γE[v]=25.4, Q=57.1 (bayes)
2026-09-23 15:07:26,014 INFO: Plan 2: ḡ=0, γE[v]=0.0, Q=0.0 (fn)
2026-09-23 15:07:26,014 INFO: Plan 2: ḡ=1, γE[v]=0.0, Q=1.0 (fn)
2026-09-23 15:07:26,016 INFO: Plan 0: ḡ=0.2, γE[v]=0.0, Q=0.2 (bayes)
2026-09-23 15:07:26,016 INFO: Plan 1: ḡ=0.2, γE[v]=0.0, Q=0.2 (bayes)
2026-09-23 15:07:26,016 INFO: Plan 0: ḡ=0.0, γE[v]=0.0, Q=0.0 (bayes)
2026-09-23 15:07:26,016 INFO: Plan 2: ḡ=0.2, γE[v]=0.0, Q=0.2 (bayes)
2026-09-23 15:07:26,017 INFO: Plan 1: ḡ=0.0, γE[v]=0.0, Q=0.0 (bayes)
2026-09-23 15:07:26,017 INFO: Plan 2: ḡ=0.0, γE[v]=0.0, Q=0.0 (bayes)
2026-09-23 15:07:26,386 INFO: Plan 0: ḡ=1, γE[v]=0.0, Q=1.0 (fn)
2026-09-23 15:07:26,574 INFO: Plan 2: ḡ=10, γE[v]=0.0, Q=10.0 (fn)
2026-09-23 15:07:26,575 INFO: Plan 0: ḡ=12, γE[v]=0.0, Q=12.0 (fn)
2026-09-23 15:07:26,576 INFO: Plan 0: ḡ=29, γE[v]=0.0, Q=29.0 (fn)
2026-09-23 15:07:27,249 INFO: Plan 2: ḡ=30, γE[v]=0.0, Q=30.0 (fn)
2026-09-23 15:07:27,797 INFO: Plan 2: ḡ=0, γE[v]=0.0, Q=0.0 (fn)
2026-09-23 15:07:27,797 INFO: Plan 2: ḡ=30, γE[v]=0.0, Q=30.0 (fn)
2026-09-23 15:07:27,798 INFO: Plan 0: ḡ=2.1, γE[v]=1.2, Q=3.4 (bayes)
2026-09-23 15:07:27,798 INFO: Plan 1: ḡ=1.8, γE[v]=1.4, Q=3.2 (bayes)
2026-09-23 15:07:27,798 INFO: Plan 2: ḡ=4.6, γE[v]=0.0, Q=4.6 (bayes)
2026-09-23 15:07:28,013 INFO: Plan 0: ḡ=0, γE[v]=0.0, Q=0.0 (fn)
2026-09-23 15:07:28,432 INFO: Plan 1: ḡ=0, γE[v]=0.0, Q=0.0 (fn)
2026-09-23 15:07:28,432 INFO: Plan 0: ḡ=0.0, γE[v]=0.0, Q=0.0 (bayes)
2026-09-23 15:07:28,432 INFO: Plan 1: ḡ=0.0, γE[v]=0.0, Q=0.0 (bayes)
2026-09-23 15:07:28,432 INFO: Plan 2: ḡ=0.0, γE[v]=0.0, Q=0.0 (bayes)
2026-09-23 15:07:28,629 INFO: Plan 0: ḡ=0, γE[v]=0.0, Q=0.0 (fn)
2026-09-23 15:07:28,673 INFO: Plan 1: ḡ=29, γE[v]=0.5, Q=29.5 (fn)
2026-09-23 15:07:28,674 INFO: Plan 0: ḡ=0.1, γE[v]=1.8, Q=1.9 (bayes)
2026-09-23 15:07:28,674 INFO: Plan 1: ḡ=3.6, γE[v]=0.1, Q=3.7 (bayes)
2026-09-23 15:07:28,674 INFO: Plan 2: ḡ=3.8, γE[v]=0.0, Q=3.8 (bayes)
2026-09-23 15:07:28,714 INFO: Plan 1: ḡ=0, γE[v]=0.0, Q=0.0 (fn)
2026-09-23 15:07:29,486 INFO: Plan 2: ḡ=0, γE[v]=0.0, Q=0.0 (fn)
2026-09-23 15:07:29,486 INFO: Plan 0: ḡ=0.0, γE[v]=0.0, Q=0.0 (bayes)
2026-09-23 15:07:29,486 INFO: Plan 1: ḡ=0.0, γE[v]=0.0, Q=0.0 (bayes)
2026-09-23 15:07:29,486 INFO: Plan 2: ḡ=0.0, γE[v]=0.0, Q=0.0 (bayes)
2026-09-23 15:07:30,566 INFO: Plan 1: ḡ=7, γE[v]=9.5, Q=16.5 (fn)
2026-09-23 15:07:30,566 INFO: Plan 0: ḡ=4.0, γE[v]=3.2, Q=7.2 (bayes)
2026-09-23 15:07:30,567 INFO: Plan 1: ḡ=2.7, γE[v]=4.3, Q=7.0 (bayes)
2026-09-23 15:07:30,567 INFO: Plan 2: ḡ=5.0, γE[v]=2.7, Q=7.7 (bayes)
2026-09-23 15:07:31,263 INFO: Plan 1: ḡ=4, γE[v]=1.0, Q=5.0 (fn)
2026-09-23 15:07:32,033 INFO: Plan 2: ḡ=4, γE[v]=0.0, Q=4.0 (fn)
2026-09-23 15:07:32,175 INFO: Plan 0: ḡ=53, γE[v]=2.0, Q=55.0 (fn)
2026-09-23 15:07:32,504 INFO: Plan 2: ḡ=12, γE[v]=22.5, Q=34.5 (fn)
2026-09-23 15:07:32,505 INFO: Plan 0: ḡ=10.8, γE[v]=0.5, Q=11.3 (bayes)
2026-09-23 15:07:32,505 INFO: Plan 1: ḡ=1.0, γE[v]=5.4, Q=6.4 (bayes)
2026-09-23 15:07:32,505 INFO: Plan 2: ḡ=2.6, γE[v]=6.1, Q=8.7 (bayes)
2026-09-23 15:07:33,127 INFO: Plan 1: ḡ=32, γE[v]=19.5, Q=51.5 (fn)
2026-09-23 15:07:33,128 INFO: Plan 0: ḡ=9.7, γE[v]=7.0, Q=16.7 (bayes)
2026-09-23 15:07:33,128 INFO: Plan 1: ḡ=10.7, γE[v]=7.7, Q=18.3 (bayes)
2026-09-23 15:07:33,128 INFO: Plan 2: ḡ=14.0, γE[v]=4.8, Q=18.8 (bayes)
2026-09-23 15:07:34,284 INFO: Plan 2: ḡ=34, γE[v]=0.0, Q=34.0 (fn)
2026-09-23 15:07:34,712 INFO: Plan 1: ḡ=7, γE[v]=0.0, Q=7.0 (fn)
2026-09-23 15:07:35,535 INFO: Plan 1: ḡ=9, γE[v]=19.5, Q=28.5 (fn)
2026-09-23 15:07:35,536 INFO: Plan 0: ḡ=37, γE[v]=5.5, Q=42.5 (fn)
2026-09-23 15:07:35,536 INFO: Plan 0: ḡ=10.5, γE[v]=2.4, Q=12.9 (bayes)
2026-09-23 15:07:35,536 INFO: Plan 1: ḡ=3.5, γE[v]=6.8, Q=10.3 (bayes)
2026-09-23 15:07:35,536 INFO: Plan 2: ḡ=1.2, γE[v]=6.7, Q=8.0 (bayes)
2026-09-23 15:07:36,265 INFO: Plan 2: ḡ=6, γE[v]=0.0, Q=6.0 (fn)
2026-09-23 15:07:36,902 INFO: Plan 0: ḡ=5, γE[v]=0.0, Q=5.0 (fn)
2026-09-23 15:07:37,117 INFO: Plan 1: ḡ=5, γE[v]=0.0, Q=5.0 (fn)
2026-09-23 15:07:37,118 INFO: Plan 0: ḡ=1.0, γE[v]=0.4, Q=1.4 (bayes)
2026-09-23 15:07:37,118 INFO: Plan 1: ḡ=1.0, γE[v]=0.4, Q=1.4 (bayes)
2026-09-23 15:07:37,118 INFO: Plan 2: ḡ=0.9, γE[v]=0.5, Q=1.4 (bayes)
2026-09-23 15:07:39,949 INFO: Plan 0: ḡ=8, γE[v]=8.5, Q=16.5 (fn)
2026-09-23 15:07:39,950 INFO: Plan 0: ḡ=2.5, γE[v]=6.7, Q=9.2 (bayes)
2026-09-23 15:07:39,950 INFO: Plan 1: ḡ=1.8, γE[v]=6.5, Q=8.2 (bayes)
2026-09-23 15:07:39,950 INFO: Plan 2: ḡ=10.5, γE[v]=2.1, Q=12.6 (bayes)
2026-09-23 15:07:40,308 INFO: Plan 1: ḡ=32, γE[v]=0.0, Q=32.0 (fn)
2026-09-23 15:07:42,634 INFO: Plan 0: ḡ=139, γE[v]=0.0, Q=139.0 (fn)
2026-09-23 15:07:43,257 INFO: Plan 1: ḡ=20, γE[v]=0.0, Q=20.0 (fn)
2026-09-23 15:07:44,799 INFO: Plan 2: ḡ=1, γE[v]=0.0, Q=1.0 (fn)
2026-09-23 15:07:44,886 INFO: Plan 2: ḡ=105, γE[v]=17.0, Q=122.0 (fn)
2026-09-23 15:07:44,887 INFO: Plan 0: ḡ=23.9, γE[v]=0.0, Q=23.9 (bayes)
2026-09-23 15:07:44,887 INFO: Plan 1: ḡ=5.9, γE[v]=9.0, Q=14.9 (bayes)
2026-09-23 15:07:44,887 INFO: Plan 2: ḡ=17.6, γE[v]=4.4, Q=22.0 (bayes)
2026-09-23 15:07:45,150 INFO: Plan 0: ḡ=28, γE[v]=0.0, Q=28.0 (fn)
2026-09-23 15:07:45,280 INFO: Plan 2: ḡ=316, γE[v]=0.0, Q=316.0 (fn)
2026-09-23 15:07:45,281 INFO: Plan 0: ḡ=14.0, γE[v]=61.7, Q=75.7 (bayes)
2026-09-23 15:07:45,281 INFO: Plan 1: ḡ=10.0, γE[v]=63.7, Q=73.7 (bayes)
2026-09-23 15:07:45,281 INFO: Plan 2: ḡ=105.3, γE[v]=16.0, Q=121.3 (bayes)
2026-09-23 15:07:45,911 INFO: Plan 0: ḡ=3, γE[v]=0.0, Q=3.0 (fn)
2026-09-23 15:07:45,997 INFO: Plan 1: ḡ=3, γE[v]=0.0, Q=3.0 (fn)
2026-09-23 15:07:45,998 INFO: Plan 0: ḡ=0.5, γE[v]=0.0, Q=0.5 (bayes)
2026-09-23 15:07:45,998 INFO: Plan 1: ḡ=0.5, γE[v]=0.0, Q=0.5 (bayes)
2026-09-23 15:07:45,999 INFO: Plan 2: ḡ=0.2, γE[v]=0.2, Q=0.3 (bayes)
2026-09-23 15:07:46,684 INFO: Plan 0: ḡ=15, γE[v]=0.0, Q=15.0 (fn)
2026-09-23 15:07:46,856 INFO: Plan 1: ḡ=31, γE[v]=0.0, Q=31.0 (fn)
2026-09-23 15:07:47,557 INFO: Plan 2: ḡ=43, γE[v]=0.0, Q=43.0 (fn)
2026-09-23 15:07:47,558 INFO: Plan 0: ḡ=6.2, γE[v]=17.9, Q=24.1 (bayes)
2026-09-23 15:07:47,558 INFO: Plan 1: ḡ=15.5, γE[v]=13.2, Q=28.8 (bayes)
2026-09-23 15:07:47,558 INFO: Plan 2: ḡ=15.3, γE[v]=13.3, Q=28.7 (bayes)
2026-09-23 15:07:47,842 INFO: Plan 2: ḡ=0, γE[v]=0.0, Q=0.0 (fn)
2026-09-23 15:07:47,970 INFO: Plan 1: ḡ=0, γE[v]=0.0, Q=0.0 (fn)
2026-09-23 15:07:48,209 INFO: Plan 0: ḡ=0, γE[v]=0.0, Q=0.0 (fn)
2026-09-23 15:07:48,251 INFO: Plan 2: ḡ=0, γE[v]=0.0, Q=0.0 (fn)
2026-09-23 15:07:48,251 INFO: Plan 0: ḡ=0.0, γE[v]=0.0, Q=0.0 (bayes)
2026-09-23 15:07:48,252 INFO: Plan 1: ḡ=0.0, γE[v]=0.0, Q=0.0 (bayes)
2026-09-23 15:07:48,252 INFO: Plan 2: ḡ=0.0, γE[v]=0.0, Q=0.0 (bayes)
2026-09-23 15:07:48,647 INFO: Plan 1: ḡ=7, γE[v]=0.0, Q=7.0 (fn)
2026-09-23 15:07:49,045 INFO: Plan 0: ḡ=12, γE[v]=0.0, Q=12.0 (fn)
2026-09-23 15:07:49,046 INFO: Plan 0: ḡ=2.5, γE[v]=1.1, Q=3.7 (bayes)
2026-09-23 15:07:49,046 INFO: Plan 1: ḡ=2.3, γE[v]=1.3, Q=3.6 (bayes)
2026-09-23 15:07:49,046 INFO: Plan 2: ḡ=0.0, γE[v]=2.4, Q=2.4 (bayes)
2026-09-23 15:07:50,236 INFO: Plan 2: ḡ=29, γE[v]=0.0, Q=29.0 (fn)
2026-09-23 15:07:50,646 INFO: Plan 0: ḡ=46, γE[v]=0.0, Q=46.0 (fn)
2026-09-23 15:07:50,984 INFO: Plan 1: ḡ=77, γE[v]=0.0, Q=77.0 (fn)
2026-09-23 15:07:50,985 INFO: Plan 0: ḡ=23.0, γE[v]=83.3, Q=106.3 (bayes)
2026-09-23 15:07:50,985 INFO: Plan 1: ḡ=18.4, γE[v]=85.7, Q=104.0 (bayes)
2026-09-23 15:07:50,985 INFO: Plan 2: ḡ=14.5, γE[v]=87.6, Q=102.1 (bayes)
2026-09-23 15:07:51,347 INFO: Plan 2: ḡ=0, γE[v]=0.0, Q=0.0 (fn)
2026-09-23 15:07:51,347 INFO: Plan 0: ḡ=1, γE[v]=0.5, Q=1.5 (fn)
2026-09-23 15:07:52,017 INFO: Plan 1: ḡ=0, γE[v]=0.0, Q=0.0 (fn)
2026-09-23 15:07:52,318 INFO: Plan 2: ḡ=0, γE[v]=0.0, Q=0.0 (fn)
2026-09-23 15:07:52,899 INFO: Plan 0: ḡ=0, γE[v]=0.0, Q=0.0 (fn)
2026-09-23 15:07:52,900 INFO: Plan 1: ḡ=1, γE[v]=0.5, Q=1.5 (fn)
2026-09-23 15:07:52,901 INFO: Plan 0: ḡ=0.0, γE[v]=0.0, Q=0.0 (bayes)
2026-09-23 15:07:52,906 INFO: Plan 1: ḡ=0.0, γE[v]=0.0, Q=0.0 (bayes)
2026-09-23 15:07:52,908 INFO: Plan 2: ḡ=0.0, γE[v]=0.0, Q=0.0 (bayes)
2026-09-23 15:07:52,908 INFO: Plan 0: ḡ=0.2, γE[v]=0.1, Q=0.3 (bayes)
2026-09-23 15:07:52,912 INFO: Plan 1: ḡ=0.2, γE[v]=0.1, Q=0.3 (bayes)
2026-09-23 15:07:52,912 INFO: Plan 2: ḡ=0.0, γE[v]=0.2, Q=0.2 (bayes)
2026-09-23 15:07:53,504 INFO: Plan 1: ḡ=0, γE[v]=0.0, Q=0.0 (fn)
2026-09-23 15:07:53,775 INFO: Plan 0: ḡ=1, γE[v]=0.0, Q=1.0 (fn)
2026-09-23 15:07:54,057 INFO: Plan 2: ḡ=1, γE[v]=0.0, Q=1.0 (fn)
2026-09-23 15:07:54,058 INFO: Plan 0: ḡ=0.2, γE[v]=0.0, Q=0.2 (bayes)
2026-09-23 15:07:54,058 INFO: Plan 1: ḡ=0.0, γE[v]=0.1, Q=0.1 (bayes)
2026-09-23 15:07:54,058 INFO: Plan 2: ḡ=0.2, γE[v]=0.0, Q=0.2 (bayes)
  [1/93] click.exceptions seed=42: {'cov_qvalue_tgt_fnt_bayes': 23}
2026-09-23 15:07:56,291 INFO: Plan 0: ḡ=2, γE[v]=0.5, Q=2.5 (fn)
2026-09-23 15:07:57,100 INFO: Plan 2: ḡ=7, γE[v]=0.0, Q=7.0 (fn)
2026-09-23 15:07:57,508 INFO: Plan 1: ḡ=5, γE[v]=1.0, Q=6.0 (fn)
2026-09-23 15:07:57,508 INFO: Plan 0: ḡ=0.4, γE[v]=0.5, Q=0.9 (bayes)
2026-09-23 15:07:57,509 INFO: Plan 1: ḡ=0.9, γE[v]=0.3, Q=1.2 (bayes)
2026-09-23 15:07:57,509 INFO: Plan 2: ḡ=1.3, γE[v]=0.0, Q=1.3 (bayes)
2026-09-23 15:07:59,304 INFO: Plan 0: ḡ=1, γE[v]=0.0, Q=1.0 (fn)
2026-09-23 15:07:59,843 INFO: Plan 2: ḡ=3, γE[v]=0.0, Q=3.0 (fn)
2026-09-23 15:07:59,843 INFO: Plan 1: ḡ=2, γE[v]=0.5, Q=2.5 (fn)
2026-09-23 15:07:59,844 INFO: Plan 0: ḡ=0.1, γE[v]=0.1, Q=0.3 (bayes)
2026-09-23 15:07:59,844 INFO: Plan 1: ḡ=0.2, γE[v]=0.1, Q=0.4 (bayes)
2026-09-23 15:07:59,844 INFO: Plan 2: ḡ=0.4, γE[v]=0.0, Q=0.4 (bayes)
2026-09-23 15:08:00,227 INFO: Plan 0: ḡ=44, γE[v]=0.0, Q=44.0 (fn)
2026-09-23 15:08:00,475 INFO: Plan 2: ḡ=41, γE[v]=0.0, Q=41.0 (fn)
2026-09-23 15:08:02,154 INFO: Plan 0: ḡ=7, γE[v]=0.0, Q=7.0 (fn)
2026-09-23 15:08:02,328 INFO: Plan 0: ḡ=24, γE[v]=0.0, Q=24.0 (fn)
2026-09-23 15:08:02,625 INFO: Plan 1: ḡ=7, γE[v]=0.0, Q=7.0 (fn)
2026-09-23 15:08:03,652 INFO: Plan 2: ḡ=7, γE[v]=0.0, Q=7.0 (fn)
2026-09-23 15:08:03,653 INFO: Plan 0: ḡ=1.2, γE[v]=0.0, Q=1.2 (bayes)
2026-09-23 15:08:03,653 INFO: Plan 1: ḡ=1.2, γE[v]=0.0, Q=1.2 (bayes)
2026-09-23 15:08:03,653 INFO: Plan 2: ḡ=1.2, γE[v]=0.0, Q=1.2 (bayes)
2026-09-23 15:08:04,073 INFO: Plan 1: ḡ=35, γE[v]=0.0, Q=35.0 (fn)
2026-09-23 15:08:04,922 INFO: Plan 0: ḡ=0, γE[v]=0.0, Q=0.0 (fn)
2026-09-23 15:08:05,082 INFO: Plan 2: ḡ=39, γE[v]=0.0, Q=39.0 (fn)
2026-09-23 15:08:05,083 INFO: Plan 0: ḡ=12.0, γE[v]=67.9, Q=79.9 (bayes)
2026-09-23 15:08:05,083 INFO: Plan 1: ḡ=14.3, γE[v]=66.7, Q=81.0 (bayes)
2026-09-23 15:08:05,083 INFO: Plan 2: ḡ=12.9, γE[v]=67.4, Q=80.3 (bayes)
2026-09-23 15:08:05,519 INFO: Plan 1: ḡ=0, γE[v]=0.0, Q=0.0 (fn)
2026-09-23 15:08:05,561 INFO: Plan 2: ḡ=0, γE[v]=0.0, Q=0.0 (fn)
2026-09-23 15:08:05,562 INFO: Plan 0: ḡ=0.0, γE[v]=0.0, Q=0.0 (bayes)
2026-09-23 15:08:05,562 INFO: Plan 1: ḡ=0.0, γE[v]=0.0, Q=0.0 (bayes)
2026-09-23 15:08:05,562 INFO: Plan 2: ḡ=0.0, γE[v]=0.0, Q=0.0 (bayes)
2026-09-23 15:08:06,343 INFO: Plan 0: ḡ=2, γE[v]=0.0, Q=2.0 (fn)
2026-09-23 15:08:06,517 INFO: Plan 0: ḡ=51, γE[v]=12.5, Q=63.5 (fn)
2026-09-23 15:08:06,518 INFO: Plan 1: ḡ=5, γE[v]=0.0, Q=5.0 (fn)
2026-09-23 15:08:06,722 INFO: Plan 2: ḡ=43, γE[v]=0.0, Q=43.0 (fn)
2026-09-23 15:08:06,997 INFO: Plan 0: ḡ=33, γE[v]=0.0, Q=33.0 (fn)
2026-09-23 15:08:07,042 INFO: Plan 2: ḡ=5, γE[v]=0.0, Q=5.0 (fn)
2026-09-23 15:08:07,043 INFO: Plan 0: ḡ=2, γE[v]=0.0, Q=2.0 (fn)
2026-09-23 15:08:07,044 INFO: Plan 0: ḡ=0.5, γE[v]=1.0, Q=1.5 (bayes)
2026-09-23 15:08:07,044 INFO: Plan 1: ḡ=1.6, γE[v]=0.5, Q=2.1 (bayes)
2026-09-23 15:08:07,044 INFO: Plan 2: ḡ=1.8, γE[v]=0.4, Q=2.2 (bayes)
2026-09-23 15:08:07,246 INFO: Plan 1: ḡ=125, γE[v]=0.0, Q=125.0 (fn)
  [2/93] flask.helpers seed=42: {'cov_qvalue_tgt_fnt_bayes': 26}
2026-09-23 15:08:08,343 INFO: Plan 2: ḡ=10, γE[v]=0.5, Q=10.5 (fn)
2026-09-23 15:08:08,535 INFO: Plan 1: ḡ=56, γE[v]=0.0, Q=56.0 (fn)
2026-09-23 15:08:08,536 INFO: Plan 0: ḡ=12.2, γE[v]=18.4, Q=30.6 (bayes)
2026-09-23 15:08:08,536 INFO: Plan 1: ḡ=24.2, γE[v]=12.4, Q=36.6 (bayes)
2026-09-23 15:08:08,536 INFO: Plan 2: ḡ=15.5, γE[v]=16.8, Q=32.2 (bayes)
2026-09-23 15:08:08,752 INFO: Plan 0: ḡ=72, γE[v]=44.0, Q=116.0 (fn)
2026-09-23 15:08:08,753 INFO: Plan 0: ḡ=16.4, γE[v]=31.6, Q=47.9 (bayes)
2026-09-23 15:08:08,753 INFO: Plan 1: ḡ=25.5, γE[v]=23.9, Q=49.4 (bayes)
2026-09-23 15:08:08,754 INFO: Plan 2: ḡ=18.0, γE[v]=27.7, Q=45.7 (bayes)
2026-09-23 15:08:09,416 INFO: Plan 1: ḡ=9, γE[v]=1.0, Q=10.0 (fn)
2026-09-23 15:08:09,416 INFO: Plan 0: ḡ=0.7, γE[v]=0.6, Q=1.3 (bayes)
2026-09-23 15:08:09,416 INFO: Plan 1: ḡ=1.3, γE[v]=0.4, Q=1.7 (bayes)
2026-09-23 15:08:09,417 INFO: Plan 2: ḡ=1.8, γE[v]=0.1, Q=1.9 (bayes)
2026-09-23 15:08:09,702 INFO: Plan 0: ḡ=54, γE[v]=0.0, Q=54.0 (fn)
2026-09-23 15:08:09,994 INFO: Plan 0: ḡ=3, γE[v]=0.0, Q=3.0 (fn)
2026-09-23 15:08:09,995 INFO: Plan 2: ḡ=4, γE[v]=0.0, Q=4.0 (fn)
2026-09-23 15:08:10,404 INFO: Plan 0: ḡ=6, γE[v]=0.0, Q=6.0 (fn)
2026-09-23 15:08:10,725 INFO: Plan 2: ḡ=9, γE[v]=0.0, Q=9.0 (fn)
2026-09-23 15:08:10,879 INFO: Plan 2: ḡ=11, γE[v]=0.0, Q=11.0 (fn)
2026-09-23 15:08:11,239 INFO: Plan 1: ḡ=0, γE[v]=0.0, Q=0.0 (fn)
2026-09-23 15:08:11,283 INFO: Plan 2: ḡ=0, γE[v]=0.0, Q=0.0 (fn)
2026-09-23 15:08:11,284 INFO: Plan 0: ḡ=0.6, γE[v]=0.0, Q=0.6 (bayes)
2026-09-23 15:08:11,284 INFO: Plan 1: ḡ=0.0, γE[v]=0.3, Q=0.3 (bayes)
2026-09-23 15:08:11,284 INFO: Plan 2: ḡ=0.0, γE[v]=0.3, Q=0.3 (bayes)
2026-09-23 15:08:11,936 INFO: Plan 1: ḡ=298, γE[v]=65.0, Q=363.0 (fn)
2026-09-23 15:08:12,455 INFO: Plan 0: ḡ=12, γE[v]=2.0, Q=14.0 (fn)
2026-09-23 15:08:12,910 INFO: Plan 1: ḡ=64, γE[v]=0.0, Q=64.0 (fn)
2026-09-23 15:08:12,911 INFO: Plan 0: ḡ=1.8, γE[v]=32.3, Q=34.1 (bayes)
2026-09-23 15:08:12,911 INFO: Plan 1: ḡ=15.6, γE[v]=25.4, Q=41.0 (bayes)
2026-09-23 15:08:12,911 INFO: Plan 2: ḡ=3.1, γE[v]=31.6, Q=34.7 (bayes)
2026-09-23 15:08:12,952 INFO: Plan 1: ḡ=5, γE[v]=5.5, Q=10.5 (fn)
2026-09-23 15:08:12,953 INFO: Plan 0: ḡ=4.0, γE[v]=0.8, Q=4.8 (bayes)
2026-09-23 15:08:12,953 INFO: Plan 1: ḡ=1.7, γE[v]=2.2, Q=3.8 (bayes)
2026-09-23 15:08:12,953 INFO: Plan 2: ḡ=1.3, γE[v]=2.0, Q=3.3 (bayes)
  [3/93] click.termui seed=42: {'cov_qvalue_tgt_fnt_bayes': 40}
2026-09-23 15:08:13,408 INFO: Plan 1: ḡ=26, γE[v]=0.0, Q=26.0 (fn)
2026-09-23 15:08:13,409 INFO: Plan 0: ḡ=17.5, γE[v]=39.2, Q=56.7 (bayes)
2026-09-23 15:08:13,409 INFO: Plan 1: ḡ=13.0, γE[v]=41.4, Q=54.4 (bayes)
2026-09-23 15:08:13,409 INFO: Plan 2: ḡ=3.2, γE[v]=46.3, Q=49.5 (bayes)
2026-09-23 15:08:13,451 INFO: Plan 0: ḡ=17, γE[v]=0.0, Q=17.0 (fn)
2026-09-23 15:08:13,858 INFO: Plan 0: ḡ=20, γE[v]=0.0, Q=20.0 (fn)
2026-09-23 15:08:14,190 INFO: Plan 2: ḡ=23, γE[v]=0.0, Q=23.0 (fn)
2026-09-23 15:08:14,234 INFO: Plan 2: ḡ=0, γE[v]=0.0, Q=0.0 (fn)
2026-09-23 15:08:14,235 INFO: Plan 1: ḡ=61, γE[v]=0.0, Q=61.0 (fn)
2026-09-23 15:08:14,813 INFO: Plan 2: ḡ=71, γE[v]=0.0, Q=71.0 (fn)
2026-09-23 15:08:14,813 INFO: Plan 0: ḡ=8.5, γE[v]=34.3, Q=42.8 (bayes)
2026-09-23 15:08:14,813 INFO: Plan 1: ḡ=22.0, γE[v]=27.6, Q=49.6 (bayes)
2026-09-23 15:08:14,813 INFO: Plan 2: ḡ=30.9, γE[v]=23.1, Q=54.0 (bayes)
2026-09-23 15:08:14,978 INFO: Plan 0: ḡ=15, γE[v]=0.0, Q=15.0 (fn)
2026-09-23 15:08:14,980 INFO: Plan 2: ḡ=208, γE[v]=125.5, Q=333.5 (fn)
2026-09-23 15:08:14,981 INFO: Plan 0: ḡ=7.3, γE[v]=34.8, Q=42.1 (bayes)
2026-09-23 15:08:14,981 INFO: Plan 1: ḡ=49.7, γE[v]=18.5, Q=68.2 (bayes)
2026-09-23 15:08:14,981 INFO: Plan 2: ḡ=35.1, γE[v]=30.3, Q=65.5 (bayes)
2026-09-23 15:08:15,020 INFO: Plan 2: ḡ=21, γE[v]=49.0, Q=70.0 (fn)
2026-09-23 15:08:15,553 INFO: Plan 1: ḡ=11, γE[v]=0.0, Q=11.0 (fn)
2026-09-23 15:08:15,774 INFO: Plan 1: ḡ=96, γE[v]=11.5, Q=107.5 (fn)
2026-09-23 15:08:15,775 INFO: Plan 0: ḡ=8.3, γE[v]=10.9, Q=19.2 (bayes)
2026-09-23 15:08:15,775 INFO: Plan 1: ḡ=17.4, γE[v]=6.0, Q=23.4 (bayes)
2026-09-23 15:08:15,775 INFO: Plan 2: ḡ=10.5, γE[v]=12.5, Q=23.0 (bayes)
2026-09-23 15:08:16,140 INFO: Plan 1: ḡ=0, γE[v]=0.0, Q=0.0 (fn)
2026-09-23 15:08:16,750 INFO: Plan 0: ḡ=0, γE[v]=0.0, Q=0.0 (fn)
2026-09-23 15:08:16,750 INFO: Plan 0: ḡ=0.0, γE[v]=0.0, Q=0.0 (bayes)
2026-09-23 15:08:16,750 INFO: Plan 1: ḡ=0.0, γE[v]=0.0, Q=0.0 (bayes)
2026-09-23 15:08:16,750 INFO: Plan 2: ḡ=0.0, γE[v]=0.0, Q=0.0 (bayes)
2026-09-23 15:08:16,882 INFO: Plan 1: ḡ=37, γE[v]=14.5, Q=51.5 (fn)
2026-09-23 15:08:18,079 INFO: Plan 1: ḡ=109, γE[v]=0.0, Q=109.0 (fn)
2026-09-23 15:08:18,080 INFO: Plan 0: ḡ=2.9, γE[v]=6.4, Q=9.2 (bayes)
2026-09-23 15:08:18,080 INFO: Plan 1: ḡ=15.6, γE[v]=0.0, Q=15.6 (bayes)
2026-09-23 15:08:18,080 INFO: Plan 2: ḡ=3.3, γE[v]=6.1, Q=9.4 (bayes)
2026-09-23 15:08:18,522 INFO: Plan 2: ḡ=30, γE[v]=0.0, Q=30.0 (fn)
2026-09-23 15:08:18,523 INFO: Plan 0: ḡ=1.9, γE[v]=1.1, Q=2.9 (bayes)
2026-09-23 15:08:18,523 INFO: Plan 1: ḡ=1.6, γE[v]=1.2, Q=2.8 (bayes)
2026-09-23 15:08:18,523 INFO: Plan 2: ḡ=4.0, γE[v]=0.0, Q=4.0 (bayes)
2026-09-23 15:08:19,588 INFO: Plan 0: ḡ=0, γE[v]=0.0, Q=0.0 (fn)
2026-09-23 15:08:19,588 INFO: Plan 1: ḡ=0, γE[v]=0.0, Q=0.0 (fn)
2026-09-23 15:08:19,629 INFO: Plan 2: ḡ=0, γE[v]=0.0, Q=0.0 (fn)
2026-09-23 15:08:19,629 INFO: Plan 0: ḡ=0.0, γE[v]=0.0, Q=0.0 (bayes)
2026-09-23 15:08:19,629 INFO: Plan 1: ḡ=0.0, γE[v]=0.0, Q=0.0 (bayes)
2026-09-23 15:08:19,629 INFO: Plan 2: ḡ=0.0, γE[v]=0.0, Q=0.0 (bayes)
2026-09-23 15:08:20,860 INFO: Plan 0: ḡ=42, γE[v]=24.0, Q=66.0 (fn)
2026-09-23 15:08:21,053 INFO: Plan 1: ḡ=0, γE[v]=0.0, Q=0.0 (fn)
2026-09-23 15:08:21,053 INFO: Plan 2: ḡ=0, γE[v]=0.0, Q=0.0 (fn)
2026-09-23 15:08:21,095 INFO: Plan 2: ḡ=316, γE[v]=0.5, Q=316.5 (fn)
2026-09-23 15:08:21,095 INFO: Plan 0: ḡ=8.0, γE[v]=28.9, Q=37.0 (bayes)
2026-09-23 15:08:21,095 INFO: Plan 1: ḡ=6.2, γE[v]=29.1, Q=35.3 (bayes)
2026-09-23 15:08:21,095 INFO: Plan 2: ḡ=61.4, γE[v]=0.5, Q=61.9 (bayes)
2026-09-23 15:08:21,305 INFO: Plan 1: ḡ=0, γE[v]=0.0, Q=0.0 (fn)
2026-09-23 15:08:21,642 INFO: Plan 0: ḡ=0, γE[v]=0.0, Q=0.0 (fn)
2026-09-23 15:08:21,772 INFO: Plan 0: ḡ=0, γE[v]=0.0, Q=0.0 (fn)
2026-09-23 15:08:21,772 INFO: Plan 2: ḡ=0, γE[v]=0.0, Q=0.0 (fn)
2026-09-23 15:08:21,773 INFO: Plan 0: ḡ=0.0, γE[v]=0.0, Q=0.0 (bayes)
2026-09-23 15:08:21,773 INFO: Plan 1: ḡ=0.0, γE[v]=0.0, Q=0.0 (bayes)
2026-09-23 15:08:21,773 INFO: Plan 0: ḡ=0.0, γE[v]=0.0, Q=0.0 (bayes)
2026-09-23 15:08:21,773 INFO: Plan 2: ḡ=0.0, γE[v]=0.0, Q=0.0 (bayes)
2026-09-23 15:08:21,773 INFO: Plan 1: ḡ=0.0, γE[v]=0.0, Q=0.0 (bayes)
2026-09-23 15:08:21,774 INFO: Plan 2: ḡ=0.0, γE[v]=0.0, Q=0.0 (bayes)
2026-09-23 15:08:22,189 INFO: Plan 2: ḡ=0, γE[v]=0.0, Q=0.0 (fn)
2026-09-23 15:08:22,709 INFO: Plan 1: ḡ=1, γE[v]=0.0, Q=1.0 (fn)
2026-09-23 15:08:22,709 INFO: Plan 0: ḡ=1, γE[v]=0.0, Q=1.0 (fn)
2026-09-23 15:08:22,954 INFO: Plan 2: ḡ=1, γE[v]=0.0, Q=1.0 (fn)
2026-09-23 15:08:22,955 INFO: Plan 0: ḡ=0.2, γE[v]=0.0, Q=0.2 (bayes)
2026-09-23 15:08:22,955 INFO: Plan 1: ḡ=0.2, γE[v]=0.0, Q=0.2 (bayes)
2026-09-23 15:08:22,955 INFO: Plan 2: ḡ=0.2, γE[v]=0.0, Q=0.2 (bayes)
  [4/93] click.formatting seed=42: {'cov_qvalue_tgt_fnt_bayes': 53}
2026-09-23 15:08:23,440 INFO: Plan 0: ḡ=1, γE[v]=0.0, Q=1.0 (fn)
2026-09-23 15:08:23,440 INFO: Plan 1: ḡ=0, γE[v]=0.0, Q=0.0 (fn)
2026-09-23 15:08:23,889 INFO: Plan 0: ḡ=0, γE[v]=0.0, Q=0.0 (fn)
2026-09-23 15:08:23,934 INFO: Plan 1: ḡ=29, γE[v]=0.0, Q=29.0 (fn)
2026-09-23 15:08:24,208 INFO: Plan 2: ḡ=0, γE[v]=0.0, Q=0.0 (fn)
2026-09-23 15:08:24,208 INFO: Plan 0: ḡ=0.0, γE[v]=0.0, Q=0.0 (bayes)
2026-09-23 15:08:24,208 INFO: Plan 1: ḡ=0.0, γE[v]=0.0, Q=0.0 (bayes)
2026-09-23 15:08:24,208 INFO: Plan 2: ḡ=0.0, γE[v]=0.0, Q=0.0 (bayes)
2026-09-23 15:08:24,708 INFO: Plan 2: ḡ=30, γE[v]=0.0, Q=30.0 (fn)
2026-09-23 15:08:24,708 INFO: Plan 0: ḡ=0.1, γE[v]=1.6, Q=1.7 (bayes)
2026-09-23 15:08:24,708 INFO: Plan 1: ḡ=3.2, γE[v]=0.1, Q=3.3 (bayes)
2026-09-23 15:08:24,708 INFO: Plan 2: ḡ=3.3, γE[v]=0.0, Q=3.3 (bayes)
2026-09-23 15:08:25,169 INFO: Plan 0: ḡ=0, γE[v]=0.0, Q=0.0 (fn)
2026-09-23 15:08:26,024 INFO: Plan 2: ḡ=74, γE[v]=0.0, Q=74.0 (fn)
  [5/93] rich.table seed=42: {'cov_qvalue_tgt_fnt_bayes': 188}
2026-09-23 15:08:26,892 INFO: Plan 1: ḡ=59, γE[v]=0.0, Q=59.0 (fn)
2026-09-23 15:08:27,369 INFO: Plan 1: ḡ=4, γE[v]=0.5, Q=4.5 (fn)
2026-09-23 15:08:27,618 INFO: Plan 0: ḡ=4, γE[v]=0.5, Q=4.5 (fn)
2026-09-23 15:08:27,994 INFO: Plan 2: ḡ=9, γE[v]=0.0, Q=9.0 (fn)
2026-09-23 15:08:27,994 INFO: Plan 0: ḡ=0.8, γE[v]=0.5, Q=1.2 (bayes)
2026-09-23 15:08:27,994 INFO: Plan 1: ḡ=0.8, γE[v]=0.5, Q=1.2 (bayes)
2026-09-23 15:08:27,995 INFO: Plan 2: ḡ=1.6, γE[v]=0.0, Q=1.6 (bayes)
2026-09-23 15:08:28,269 INFO: Plan 1: ḡ=0, γE[v]=0.0, Q=0.0 (fn)
2026-09-23 15:08:28,270 INFO: Plan 0: ḡ=0.0, γE[v]=0.0, Q=0.0 (bayes)
2026-09-23 15:08:28,270 INFO: Plan 1: ḡ=0.0, γE[v]=0.0, Q=0.0 (bayes)
2026-09-23 15:08:28,270 INFO: Plan 2: ḡ=0.0, γE[v]=0.0, Q=0.0 (bayes)
2026-09-23 15:08:28,644 INFO: Plan 0: ḡ=97, γE[v]=6.5, Q=103.5 (fn)
2026-09-23 15:08:28,645 INFO: Plan 0: ḡ=70, γE[v]=28.5, Q=98.5 (fn)
2026-09-23 15:08:28,645 INFO: Plan 0: ḡ=17.7, γE[v]=13.9, Q=31.6 (bayes)
2026-09-23 15:08:28,646 INFO: Plan 1: ḡ=15.7, γE[v]=12.9, Q=28.6 (bayes)
2026-09-23 15:08:28,646 INFO: Plan 2: ḡ=16.9, γE[v]=12.3, Q=29.1 (bayes)
2026-09-23 15:08:31,236 INFO: Plan 0: ḡ=40, γE[v]=0.0, Q=40.0 (fn)
2026-09-23 15:08:33,831 INFO: Plan 1: ḡ=22, γE[v]=0.0, Q=22.0 (fn)
2026-09-23 15:08:34,795 INFO: Plan 1: ḡ=0, γE[v]=0.0, Q=0.0 (fn)
2026-09-23 15:08:34,989 INFO: Plan 0: ḡ=0, γE[v]=0.0, Q=0.0 (fn)
2026-09-23 15:08:35,075 INFO: Plan 2: ḡ=51, γE[v]=0.0, Q=51.0 (fn)
2026-09-23 15:08:35,075 INFO: Plan 0: ḡ=10.0, γE[v]=43.9, Q=53.9 (bayes)
2026-09-23 15:08:35,075 INFO: Plan 1: ḡ=8.3, γE[v]=44.7, Q=53.0 (bayes)
2026-09-23 15:08:35,075 INFO: Plan 2: ḡ=20.0, γE[v]=38.9, Q=58.9 (bayes)
2026-09-23 15:08:35,357 INFO: Plan 2: ḡ=0, γE[v]=0.0, Q=0.0 (fn)
2026-09-23 15:08:35,357 INFO: Plan 0: ḡ=0.0, γE[v]=0.0, Q=0.0 (bayes)
2026-09-23 15:08:35,357 INFO: Plan 1: ḡ=0.0, γE[v]=0.0, Q=0.0 (bayes)
2026-09-23 15:08:35,357 INFO: Plan 2: ḡ=0.0, γE[v]=0.0, Q=0.0 (bayes)
2026-09-23 15:08:36,345 INFO: Plan 1: ḡ=250, γE[v]=36.5, Q=286.5 (fn)
2026-09-23 15:08:37,534 INFO: Plan 2: ḡ=20, γE[v]=0.0, Q=20.0 (fn)
2026-09-23 15:08:37,761 INFO: Plan 1: ḡ=54, γE[v]=0.0, Q=54.0 (fn)
  [6/93] rich.traceback seed=42: {'cov_qvalue_tgt_fnt_bayes': 78}
2026-09-23 15:08:37,953 INFO: Plan 2: ḡ=16, γE[v]=0.0, Q=16.0 (fn)
2026-09-23 15:08:38,091 INFO: Plan 0: ḡ=12, γE[v]=0.0, Q=12.0 (fn)
2026-09-23 15:08:38,091 INFO: Plan 0: ḡ=5.5, γE[v]=21.9, Q=27.4 (bayes)
2026-09-23 15:08:38,091 INFO: Plan 1: ḡ=25.5, γE[v]=11.9, Q=37.4 (bayes)
2026-09-23 15:08:38,091 INFO: Plan 2: ḡ=8.1, γE[v]=20.6, Q=28.7 (bayes)
2026-09-23 15:08:39,201 INFO: Plan 2: ḡ=184, γE[v]=54.0, Q=238.0 (fn)
2026-09-23 15:08:39,202 INFO: Plan 0: ḡ=21.7, γE[v]=17.0, Q=38.8 (bayes)
2026-09-23 15:08:39,202 INFO: Plan 1: ḡ=36.6, γE[v]=11.6, Q=48.2 (bayes)
2026-09-23 15:08:39,202 INFO: Plan 2: ḡ=27.1, γE[v]=17.7, Q=44.8 (bayes)
2026-09-23 15:08:39,651 INFO: Plan 0: ḡ=6, γE[v]=0.0, Q=6.0 (fn)
2026-09-23 15:08:40,025 INFO: Plan 2: ḡ=4, γE[v]=0.0, Q=4.0 (fn)
2026-09-23 15:08:40,374 INFO: Plan 1: ḡ=4, γE[v]=1.0, Q=5.0 (fn)
2026-09-23 15:08:40,375 INFO: Plan 0: ḡ=1.9, γE[v]=0.7, Q=2.6 (bayes)
2026-09-23 15:08:40,375 INFO: Plan 1: ḡ=0.9, γE[v]=1.3, Q=2.2 (bayes)
2026-09-23 15:08:40,375 INFO: Plan 2: ḡ=0.9, γE[v]=1.2, Q=2.1 (bayes)
2026-09-23 15:08:41,953 INFO: Plan 0: ḡ=6, γE[v]=0.0, Q=6.0 (fn)
2026-09-23 15:08:42,123 INFO: Plan 1: ḡ=19, γE[v]=6.5, Q=25.5 (fn)
2026-09-23 15:08:42,445 INFO: Plan 1: ḡ=8, γE[v]=0.0, Q=8.0 (fn)
2026-09-23 15:08:43,306 INFO: Plan 1: ḡ=0, γE[v]=0.0, Q=0.0 (fn)
2026-09-23 15:08:43,349 INFO: Plan 2: ḡ=1, γE[v]=0.0, Q=1.0 (fn)
2026-09-23 15:08:43,802 INFO: Plan 0: ḡ=0, γE[v]=0.0, Q=0.0 (fn)
2026-09-23 15:08:43,888 INFO: Plan 2: ḡ=0, γE[v]=0.0, Q=0.0 (fn)
2026-09-23 15:08:43,888 INFO: Plan 0: ḡ=0.0, γE[v]=0.0, Q=0.0 (bayes)
2026-09-23 15:08:43,888 INFO: Plan 1: ḡ=0.0, γE[v]=0.0, Q=0.0 (bayes)
2026-09-23 15:08:43,889 INFO: Plan 2: ḡ=0.0, γE[v]=0.0, Q=0.0 (bayes)
2026-09-23 15:08:44,151 INFO: Plan 2: ḡ=33, γE[v]=0.0, Q=33.0 (fn)
2026-09-23 15:08:44,151 INFO: Plan 0: ḡ=2.0, γE[v]=4.1, Q=6.1 (bayes)
2026-09-23 15:08:44,151 INFO: Plan 1: ḡ=2.0, γE[v]=4.1, Q=6.1 (bayes)
2026-09-23 15:08:44,151 INFO: Plan 2: ḡ=8.2, γE[v]=1.0, Q=9.2 (bayes)
2026-09-23 15:08:44,449 INFO: Plan 0: ḡ=3, γE[v]=0.0, Q=3.0 (fn)
2026-09-23 15:08:44,615 INFO: Plan 2: ḡ=40, γE[v]=0.0, Q=40.0 (fn)
2026-09-23 15:08:44,656 INFO: Plan 1: ḡ=2, γE[v]=0.5, Q=2.5 (fn)
2026-09-23 15:08:44,656 INFO: Plan 0: ḡ=0.4, γE[v]=0.0, Q=0.4 (bayes)
2026-09-23 15:08:44,656 INFO: Plan 1: ḡ=0.3, γE[v]=0.1, Q=0.4 (bayes)
2026-09-23 15:08:44,656 INFO: Plan 2: ḡ=0.1, γE[v]=0.1, Q=0.3 (bayes)
2026-09-23 15:08:45,258 INFO: Plan 0: ḡ=86, γE[v]=10.0, Q=96.0 (fn)
2026-09-23 15:08:45,259 INFO: Plan 0: ḡ=19.5, γE[v]=4.2, Q=23.6 (bayes)
2026-09-23 15:08:45,259 INFO: Plan 1: ḡ=7.9, γE[v]=9.8, Q=17.7 (bayes)
2026-09-23 15:08:45,259 INFO: Plan 2: ḡ=4.5, γE[v]=11.1, Q=15.6 (bayes)
2026-09-23 15:08:45,455 INFO: Plan 1: ḡ=17, γE[v]=0.0, Q=17.0 (fn)
2026-09-23 15:08:45,765 INFO: Plan 2: ḡ=0, γE[v]=0.0, Q=0.0 (fn)
2026-09-23 15:08:46,092 INFO: Plan 0: ḡ=4, γE[v]=0.0, Q=4.0 (fn)
2026-09-23 15:08:46,092 INFO: Plan 1: ḡ=3, γE[v]=0.0, Q=3.0 (fn)
2026-09-23 15:08:46,093 INFO: Plan 0: ḡ=0.8, γE[v]=0.8, Q=1.6 (bayes)
2026-09-23 15:08:46,093 INFO: Plan 1: ḡ=1.5, γE[v]=0.4, Q=1.9 (bayes)
2026-09-23 15:08:46,093 INFO: Plan 2: ḡ=0.0, γE[v]=1.1, Q=1.1 (bayes)
  [7/93] flask.testing seed=42: {'cov_qvalue_tgt_fnt_bayes': 29}
2026-09-23 15:08:46,764 INFO: Plan 0: ḡ=29, γE[v]=0.0, Q=29.0 (fn)
2026-09-23 15:08:46,764 INFO: Plan 0: ḡ=9.7, γE[v]=5.0, Q=14.7 (bayes)
2026-09-23 15:08:46,764 INFO: Plan 1: ḡ=5.7, γE[v]=7.0, Q=12.7 (bayes)
2026-09-23 15:08:46,764 INFO: Plan 2: ḡ=10.0, γE[v]=4.8, Q=14.8 (bayes)
2026-09-23 15:08:48,351 INFO: Plan 2: ḡ=19, γE[v]=0.0, Q=19.0 (fn)
2026-09-23 15:08:48,692 INFO: Plan 1: ḡ=26, γE[v]=0.0, Q=26.0 (fn)
  [8/93] flask.app seed=42: {'cov_qvalue_tgt_fnt_bayes': 96}
2026-09-23 15:08:49,069 INFO: Plan 0: ḡ=27, γE[v]=0.0, Q=27.0 (fn)
2026-09-23 15:08:49,069 INFO: Plan 0: ḡ=13.5, γE[v]=11.2, Q=24.8 (bayes)
2026-09-23 15:08:49,070 INFO: Plan 1: ḡ=13.0, γE[v]=11.5, Q=24.5 (bayes)
2026-09-23 15:08:49,070 INFO: Plan 2: ḡ=5.5, γE[v]=15.2, Q=20.8 (bayes)
2026-09-23 15:08:49,741 INFO: Plan 1: ḡ=10, γE[v]=0.0, Q=10.0 (fn)
2026-09-23 15:08:49,784 INFO: Plan 0: ḡ=4, γE[v]=0.0, Q=4.0 (fn)
2026-09-23 15:08:50,024 INFO: Plan 2: ḡ=4, γE[v]=0.0, Q=4.0 (fn)
2026-09-23 15:08:50,024 INFO: Plan 0: ḡ=0.7, γE[v]=0.4, Q=1.1 (bayes)
2026-09-23 15:08:50,024 INFO: Plan 1: ḡ=1.5, γE[v]=0.0, Q=1.5 (bayes)
2026-09-23 15:08:50,024 INFO: Plan 2: ḡ=0.7, γE[v]=0.4, Q=1.1 (bayes)
2026-09-23 15:08:50,347 INFO: Plan 0: ḡ=15, γE[v]=0.0, Q=15.0 (fn)
2026-09-23 15:08:50,981 INFO: Plan 2: ḡ=37, γE[v]=0.0, Q=37.0 (fn)
2026-09-23 15:08:51,238 INFO: Plan 0: ḡ=1, γE[v]=0.0, Q=1.0 (fn)
2026-09-23 15:08:51,280 INFO: Plan 1: ḡ=0, γE[v]=0.0, Q=0.0 (fn)
2026-09-23 15:08:51,435 INFO: Plan 2: ḡ=0, γE[v]=0.0, Q=0.0 (fn)
2026-09-23 15:08:51,436 INFO: Plan 0: ḡ=0.1, γE[v]=0.0, Q=0.1 (bayes)
2026-09-23 15:08:51,436 INFO: Plan 1: ḡ=0.0, γE[v]=0.1, Q=0.1 (bayes)
2026-09-23 15:08:51,436 INFO: Plan 2: ḡ=0.0, γE[v]=0.1, Q=0.1 (bayes)
2026-09-23 15:08:52,200 INFO: Plan 1: ḡ=16, γE[v]=3.5, Q=19.5 (fn)
2026-09-23 15:08:52,200 INFO: Plan 0: ḡ=6.2, γE[v]=10.2, Q=16.3 (bayes)
2026-09-23 15:08:52,200 INFO: Plan 1: ḡ=8.0, γE[v]=9.4, Q=17.4 (bayes)
2026-09-23 15:08:52,200 INFO: Plan 2: ḡ=12.3, γE[v]=7.1, Q=19.4 (bayes)
  [9/93] flask.ctx seed=42: {'cov_qvalue_tgt_fnt_bayes': 66}
2026-09-23 15:08:52,567 INFO: Plan 0: ḡ=1, γE[v]=0.0, Q=1.0 (fn)
2026-09-23 15:08:52,859 INFO: Plan 0: ḡ=3, γE[v]=0.0, Q=3.0 (fn)
2026-09-23 15:08:52,901 INFO: Plan 1: ḡ=1, γE[v]=0.0, Q=1.0 (fn)
2026-09-23 15:08:53,532 INFO: Plan 2: ḡ=4, γE[v]=0.0, Q=4.0 (fn)
2026-09-23 15:08:53,532 INFO: Plan 0: ḡ=0.2, γE[v]=0.6, Q=0.9 (bayes)
2026-09-23 15:08:53,532 INFO: Plan 1: ḡ=0.2, γE[v]=0.6, Q=0.9 (bayes)
2026-09-23 15:08:53,532 INFO: Plan 2: ḡ=1.0, γE[v]=0.2, Q=1.2 (bayes)
  [10/93] flask.sessions seed=42: {'cov_qvalue_tgt_fnt_bayes': 13}
2026-09-23 15:08:54,006 INFO: Plan 1: ḡ=7, γE[v]=0.0, Q=7.0 (fn)
2026-09-23 15:08:54,132 INFO: Plan 2: ḡ=7, γE[v]=0.0, Q=7.0 (fn)
2026-09-23 15:08:54,133 INFO: Plan 0: ḡ=0.5, γE[v]=0.3, Q=0.8 (bayes)
2026-09-23 15:08:54,133 INFO: Plan 1: ḡ=1.1, γE[v]=0.0, Q=1.1 (bayes)
2026-09-23 15:08:54,133 INFO: Plan 2: ḡ=1.1, γE[v]=0.0, Q=1.1 (bayes)
  [11/93] jinja2.utils seed=42: {'cov_qvalue_tgt_fnt_bayes': 88}
2026-09-23 15:08:59,365 INFO: Plan 0: ḡ=50, γE[v]=0.0, Q=50.0 (fn)
2026-09-23 15:09:00,459 INFO: Plan 2: ḡ=35, γE[v]=0.0, Q=35.0 (fn)
2026-09-23 15:09:00,460 INFO: Plan 1: ḡ=0, γE[v]=0.0, Q=0.0 (fn)
2026-09-23 15:09:00,945 INFO: Plan 0: ḡ=0, γE[v]=0.0, Q=0.0 (fn)
2026-09-23 15:09:00,945 INFO: Plan 2: ḡ=0, γE[v]=0.0, Q=0.0 (fn)
2026-09-23 15:09:00,946 INFO: Plan 0: ḡ=0.0, γE[v]=0.0, Q=0.0 (bayes)
2026-09-23 15:09:00,946 INFO: Plan 1: ḡ=0.0, γE[v]=0.0, Q=0.0 (bayes)
2026-09-23 15:09:00,946 INFO: Plan 2: ḡ=0.0, γE[v]=0.0, Q=0.0 (bayes)
2026-09-23 15:09:00,987 INFO: Plan 1: ḡ=44, γE[v]=0.0, Q=44.0 (fn)
2026-09-23 15:09:00,988 INFO: Plan 0: ḡ=25.0, γE[v]=70.8, Q=95.8 (bayes)
2026-09-23 15:09:00,989 INFO: Plan 1: ḡ=18.8, γE[v]=73.9, Q=92.8 (bayes)
2026-09-23 15:09:00,989 INFO: Plan 2: ḡ=17.5, γE[v]=74.6, Q=92.1 (bayes)
2026-09-23 15:09:02,776 INFO: Plan 1: ḡ=2, γE[v]=0.0, Q=2.0 (fn)
2026-09-23 15:09:02,777 INFO: Plan 0: ḡ=2, γE[v]=0.0, Q=2.0 (fn)
2026-09-23 15:09:02,778 INFO: Plan 2: ḡ=2, γE[v]=0.0, Q=2.0 (fn)
2026-09-23 15:09:02,778 INFO: Plan 0: ḡ=0.2, γE[v]=0.0, Q=0.2 (bayes)
2026-09-23 15:09:02,778 INFO: Plan 1: ḡ=0.2, γE[v]=0.0, Q=0.2 (bayes)
2026-09-23 15:09:02,778 INFO: Plan 2: ḡ=0.2, γE[v]=0.0, Q=0.2 (bayes)
  [12/93] jinja2.parser seed=42: {'cov_qvalue_tgt_fnt_bayes': 198}
2026-09-23 15:09:03,642 INFO: Plan 2: ḡ=0, γE[v]=0.0, Q=0.0 (fn)
2026-09-23 15:09:04,295 INFO: Plan 0: ḡ=7, γE[v]=0.0, Q=7.0 (fn)
2026-09-23 15:09:04,784 INFO: Plan 1: ḡ=6, γE[v]=0.5, Q=6.5 (fn)
2026-09-23 15:09:04,785 INFO: Plan 0: ḡ=1.0, γE[v]=0.0, Q=1.0 (bayes)
2026-09-23 15:09:04,785 INFO: Plan 1: ḡ=0.9, γE[v]=0.1, Q=1.0 (bayes)
2026-09-23 15:09:04,785 INFO: Plan 2: ḡ=0.0, γE[v]=0.5, Q=0.5 (bayes)
  [13/93] flask.json.provider seed=42: {'cov_qvalue_tgt_fnt_bayes': 50}
2026-09-23 15:09:05,750 INFO: Plan 0: ḡ=0, γE[v]=0.0, Q=0.0 (fn)
2026-09-23 15:09:06,069 INFO: Plan 2: ḡ=0, γE[v]=0.0, Q=0.0 (fn)
2026-09-23 15:09:06,069 INFO: Plan 1: ḡ=0, γE[v]=0.0, Q=0.0 (fn)
2026-09-23 15:09:06,070 INFO: Plan 0: ḡ=0.0, γE[v]=0.0, Q=0.0 (bayes)
2026-09-23 15:09:06,070 INFO: Plan 1: ḡ=0.0, γE[v]=0.0, Q=0.0 (bayes)
2026-09-23 15:09:06,070 INFO: Plan 2: ḡ=0.0, γE[v]=0.0, Q=0.0 (bayes)
2026-09-23 15:09:06,631 INFO: Plan 0: ḡ=15, γE[v]=0.0, Q=15.0 (fn)
  [14/93] rich.layout seed=42: {'cov_qvalue_tgt_fnt_bayes': 70}
2026-09-23 15:09:07,714 INFO: Plan 1: ḡ=15, γE[v]=0.0, Q=15.0 (fn)
2026-09-23 15:09:07,715 INFO: Plan 1: ḡ=1, γE[v]=0.0, Q=1.0 (fn)
2026-09-23 15:09:07,916 INFO: Plan 2: ḡ=86, γE[v]=0.0, Q=86.0 (fn)
2026-09-23 15:09:07,956 INFO: Plan 0: ḡ=1, γE[v]=0.0, Q=1.0 (fn)
2026-09-23 15:09:08,256 INFO: Plan 2: ḡ=1, γE[v]=0.0, Q=1.0 (fn)
2026-09-23 15:09:08,257 INFO: Plan 1: ḡ=20, γE[v]=0.0, Q=20.0 (fn)
2026-09-23 15:09:08,257 INFO: Plan 0: ḡ=0.2, γE[v]=0.2, Q=0.5 (bayes)
2026-09-23 15:09:08,257 INFO: Plan 1: ḡ=0.2, γE[v]=0.2, Q=0.5 (bayes)
2026-09-23 15:09:08,258 INFO: Plan 2: ḡ=0.2, γE[v]=0.2, Q=0.5 (bayes)
  [15/93] requests.adapters seed=42: {'cov_qvalue_tgt_fnt_bayes': 88}
2026-09-23 15:09:08,524 INFO: Plan 0: ḡ=0, γE[v]=0.0, Q=0.0 (fn)
2026-09-23 15:09:08,779 INFO: Plan 1: ḡ=0, γE[v]=0.0, Q=0.0 (fn)
2026-09-23 15:09:09,400 INFO: Plan 2: ḡ=30, γE[v]=0.0, Q=30.0 (fn)
2026-09-23 15:09:09,401 INFO: Plan 0: ḡ=1.7, γE[v]=0.9, Q=2.6 (bayes)
2026-09-23 15:09:09,401 INFO: Plan 1: ḡ=1.9, γE[v]=0.8, Q=2.7 (bayes)
2026-09-23 15:09:09,401 INFO: Plan 2: ḡ=3.5, γE[v]=0.0, Q=3.5 (bayes)
2026-09-23 15:09:09,528 INFO: Plan 0: ḡ=2, γE[v]=0.0, Q=2.0 (fn)
2026-09-23 15:09:10,053 INFO: Plan 1: ḡ=40, γE[v]=0.0, Q=40.0 (fn)
2026-09-23 15:09:10,813 INFO: Plan 2: ḡ=11, γE[v]=0.0, Q=11.0 (fn)
2026-09-23 15:09:11,236 INFO: Plan 1: ḡ=9, γE[v]=1.0, Q=10.0 (fn)
2026-09-23 15:09:11,237 INFO: Plan 0: ḡ=0.5, γE[v]=0.6, Q=1.1 (bayes)
2026-09-23 15:09:11,237 INFO: Plan 1: ḡ=1.1, γE[v]=0.3, Q=1.4 (bayes)
2026-09-23 15:09:11,237 INFO: Plan 2: ḡ=1.6, γE[v]=0.0, Q=1.6 (bayes)
  [16/93] rich.markdown seed=42: {'cov_qvalue_tgt_fnt_bayes': 85}
2026-09-23 15:09:11,891 INFO: Plan 2: ḡ=10, γE[v]=0.0, Q=10.0 (fn)
2026-09-23 15:09:11,892 INFO: Plan 2: ḡ=0, γE[v]=0.0, Q=0.0 (fn)
2026-09-23 15:09:11,892 INFO: Plan 0: ḡ=0.0, γE[v]=0.0, Q=0.0 (bayes)
2026-09-23 15:09:11,893 INFO: Plan 1: ḡ=0.0, γE[v]=0.0, Q=0.0 (bayes)
2026-09-23 15:09:11,893 INFO: Plan 2: ḡ=0.0, γE[v]=0.0, Q=0.0 (bayes)
2026-09-23 15:09:12,342 INFO: Plan 0: ḡ=91, γE[v]=10.0, Q=101.0 (fn)
2026-09-23 15:09:12,343 INFO: Plan 0: ḡ=13.1, γE[v]=2.4, Q=15.4 (bayes)
2026-09-23 15:09:12,343 INFO: Plan 1: ḡ=3.2, γE[v]=6.5, Q=9.8 (bayes)
2026-09-23 15:09:12,343 INFO: Plan 2: ḡ=12.3, γE[v]=2.0, Q=14.3 (bayes)
2026-09-23 15:09:12,771 INFO: Plan 0: ḡ=41, γE[v]=0.0, Q=41.0 (fn)
  [17/93] rich.color seed=42: {'cov_qvalue_tgt_fnt_bayes': 53}
  [18/93] click.testing seed=42: {'cov_qvalue_tgt_fnt_bayes': 62}
2026-09-23 15:09:14,119 INFO: Plan 2: ḡ=50, γE[v]=0.0, Q=50.0 (fn)
2026-09-23 15:09:14,120 INFO: Plan 0: ḡ=51, γE[v]=12.5, Q=63.5 (fn)
2026-09-23 15:09:14,870 INFO: Plan 2: ḡ=28, γE[v]=0.0, Q=28.0 (fn)
2026-09-23 15:09:15,174 INFO: Plan 2: ḡ=0, γE[v]=0.0, Q=0.0 (fn)
2026-09-23 15:09:15,736 INFO: Plan 0: ḡ=37, γE[v]=0.0, Q=37.0 (fn)
2026-09-23 15:09:15,963 INFO: Plan 1: ḡ=29, γE[v]=0.0, Q=29.0 (fn)
2026-09-23 15:09:15,964 INFO: Plan 0: ḡ=13.3, γE[v]=8.8, Q=22.2 (bayes)
2026-09-23 15:09:15,964 INFO: Plan 1: ḡ=10.0, γE[v]=10.5, Q=20.5 (bayes)
2026-09-23 15:09:15,964 INFO: Plan 2: ḡ=9.3, γE[v]=10.8, Q=20.2 (bayes)
2026-09-23 15:09:16,716 INFO: Plan 1: ḡ=4, γE[v]=0.0, Q=4.0 (fn)
2026-09-23 15:09:16,716 INFO: Plan 0: ḡ=4, γE[v]=0.0, Q=4.0 (fn)
2026-09-23 15:09:16,717 INFO: Plan 0: ḡ=0.7, γE[v]=0.0, Q=0.7 (bayes)
2026-09-23 15:09:16,717 INFO: Plan 1: ḡ=0.7, γE[v]=0.0, Q=0.7 (bayes)
2026-09-23 15:09:16,717 INFO: Plan 2: ḡ=0.0, γE[v]=0.3, Q=0.3 (bayes)
2026-09-23 15:09:17,046 INFO: Plan 2: ḡ=12, γE[v]=0.0, Q=12.0 (fn)
2026-09-23 15:09:17,047 INFO: Plan 1: ḡ=71, γE[v]=0.0, Q=71.0 (fn)
2026-09-23 15:09:17,345 INFO: Plan 2: ḡ=117, γE[v]=10.0, Q=127.0 (fn)
2026-09-23 15:09:17,853 INFO: Plan 1: ḡ=59, γE[v]=0.0, Q=59.0 (fn)
2026-09-23 15:09:17,854 INFO: Plan 0: ḡ=17, γE[v]=0.0, Q=17.0 (fn)
2026-09-23 15:09:18,001 INFO: Plan 0: ḡ=13, γE[v]=0.0, Q=13.0 (fn)
2026-09-23 15:09:18,002 INFO: Plan 0: ḡ=4.0, γE[v]=28.1, Q=32.2 (bayes)
2026-09-23 15:09:18,002 INFO: Plan 1: ḡ=15.2, γE[v]=22.6, Q=37.7 (bayes)
2026-09-23 15:09:18,002 INFO: Plan 2: ḡ=3.3, γE[v]=28.5, Q=31.8 (bayes)
  [19/93] click.utils seed=42: {'cov_qvalue_tgt_fnt_bayes': 52}
2026-09-23 15:09:18,934 INFO: Plan 2: ḡ=46, γE[v]=0.0, Q=46.0 (fn)
2026-09-23 15:09:18,935 INFO: Plan 0: ḡ=8.5, γE[v]=21.3, Q=29.8 (bayes)
2026-09-23 15:09:18,935 INFO: Plan 1: ḡ=21.0, γE[v]=15.1, Q=36.1 (bayes)
2026-09-23 15:09:18,935 INFO: Plan 2: ḡ=16.9, γE[v]=17.1, Q=34.0 (bayes)
2026-09-23 15:09:19,200 INFO: Plan 1: ḡ=112, γE[v]=0.0, Q=112.0 (fn)
2026-09-23 15:09:19,201 INFO: Plan 0: ḡ=9.4, γE[v]=29.8, Q=39.2 (bayes)
2026-09-23 15:09:19,201 INFO: Plan 1: ḡ=18.9, γE[v]=25.1, Q=43.9 (bayes)
2026-09-23 15:09:19,201 INFO: Plan 2: ḡ=21.5, γE[v]=23.7, Q=45.2 (bayes)
2026-09-23 15:09:19,812 INFO: Plan 0: ḡ=20, γE[v]=0.0, Q=20.0 (fn)
2026-09-23 15:09:19,999 INFO: Plan 2: ḡ=23, γE[v]=0.0, Q=23.0 (fn)
2026-09-23 15:09:20,251 INFO: Plan 0: ḡ=26, γE[v]=36.0, Q=62.0 (fn)
2026-09-23 15:09:20,251 INFO: Plan 0: ḡ=13.0, γE[v]=29.4, Q=42.4 (bayes)
2026-09-23 15:09:20,251 INFO: Plan 1: ḡ=20.0, γE[v]=24.2, Q=44.2 (bayes)
2026-09-23 15:09:20,252 INFO: Plan 2: ḡ=58.5, γE[v]=5.5, Q=64.0 (bayes)
2026-09-23 15:09:20,382 INFO: Plan 1: ḡ=99, γE[v]=9.5, Q=108.5 (fn)
2026-09-23 15:09:20,383 INFO: Plan 0: ḡ=7.0, γE[v]=8.2, Q=15.3 (bayes)
2026-09-23 15:09:20,383 INFO: Plan 1: ḡ=15.2, γE[v]=3.7, Q=18.9 (bayes)
2026-09-23 15:09:20,383 INFO: Plan 2: ḡ=3.3, γE[v]=9.1, Q=12.4 (bayes)
  [20/93] rich.text seed=42: {'cov_qvalue_tgt_fnt_bayes': 231}
2026-09-23 15:09:21,229 INFO: Plan 0: ḡ=0, γE[v]=0.0, Q=0.0 (fn)
2026-09-23 15:09:21,316 INFO: Plan 0: ḡ=29, γE[v]=0.0, Q=29.0 (fn)
2026-09-23 15:09:22,555 INFO: Plan 0: ḡ=28, γE[v]=0.0, Q=28.0 (fn)
2026-09-23 15:09:22,594 INFO: Plan 2: ḡ=0, γE[v]=0.0, Q=0.0 (fn)
2026-09-23 15:09:23,180 INFO: Plan 1: ḡ=0, γE[v]=0.0, Q=0.0 (fn)
2026-09-23 15:09:23,180 INFO: Plan 0: ḡ=0.0, γE[v]=0.0, Q=0.0 (bayes)
2026-09-23 15:09:23,180 INFO: Plan 1: ḡ=0.0, γE[v]=0.0, Q=0.0 (bayes)
2026-09-23 15:09:23,180 INFO: Plan 2: ḡ=0.0, γE[v]=0.0, Q=0.0 (bayes)
2026-09-23 15:09:23,759 INFO: Plan 1: ḡ=77, γE[v]=16.0, Q=93.0 (fn)
2026-09-23 15:09:23,760 INFO: Plan 0: ḡ=2.5, γE[v]=5.6, Q=8.1 (bayes)
2026-09-23 15:09:23,760 INFO: Plan 1: ḡ=9.6, γE[v]=3.3, Q=12.9 (bayes)
2026-09-23 15:09:23,760 INFO: Plan 2: ḡ=2.9, γE[v]=5.4, Q=8.2 (bayes)
2026-09-23 15:09:24,944 INFO: Plan 2: ḡ=2, γE[v]=0.0, Q=2.0 (fn)
  [21/93] rich.pretty seed=42: {'cov_qvalue_tgt_fnt_bayes': 100}
2026-09-23 15:09:25,446 INFO: Plan 0: ḡ=3, γE[v]=0.0, Q=3.0 (fn)
2026-09-23 15:09:25,579 INFO: Plan 1: ḡ=122, γE[v]=15.5, Q=137.5 (fn)
2026-09-23 15:09:26,079 INFO: Plan 2: ḡ=26, γE[v]=0.0, Q=26.0 (fn)
2026-09-23 15:09:26,080 INFO: Plan 0: ḡ=14.0, γE[v]=56.2, Q=70.2 (bayes)
2026-09-23 15:09:26,080 INFO: Plan 1: ḡ=61.0, γE[v]=33.4, Q=94.4 (bayes)
2026-09-23 15:09:26,080 INFO: Plan 2: ḡ=12.2, γE[v]=57.1, Q=69.3 (bayes)
2026-09-23 15:09:26,523 INFO: Plan 1: ḡ=2, γE[v]=0.5, Q=2.5 (fn)
2026-09-23 15:09:26,523 INFO: Plan 0: ḡ=0.4, γE[v]=0.0, Q=0.4 (bayes)
2026-09-23 15:09:26,523 INFO: Plan 1: ḡ=0.2, γE[v]=0.1, Q=0.3 (bayes)
2026-09-23 15:09:26,524 INFO: Plan 2: ḡ=0.2, γE[v]=0.1, Q=0.3 (bayes)
2026-09-23 15:09:28,368 INFO: Plan 1: ḡ=38, γE[v]=14.5, Q=52.5 (fn)
2026-09-23 15:09:28,414 INFO: Plan 0: ḡ=64, γE[v]=0.0, Q=64.0 (fn)
  [22/93] rich.syntax seed=42: {'cov_qvalue_tgt_fnt_bayes': 81}
2026-09-23 15:09:28,914 INFO: Plan 2: ḡ=10, γE[v]=0.0, Q=10.0 (fn)
2026-09-23 15:09:30,577 INFO: Plan 0: ḡ=27, γE[v]=43.5, Q=70.5 (fn)
2026-09-23 15:09:30,613 INFO: Plan 1: ḡ=25, γE[v]=60.5, Q=85.5 (fn)
2026-09-23 15:09:30,896 INFO: Plan 1: ḡ=47, γE[v]=0.0, Q=47.0 (fn)
2026-09-23 15:09:30,896 INFO: Plan 0: ḡ=19.0, γE[v]=35.2, Q=54.2 (bayes)
2026-09-23 15:09:30,897 INFO: Plan 1: ḡ=23.5, γE[v]=32.9, Q=56.4 (bayes)
2026-09-23 15:09:30,897 INFO: Plan 2: ḡ=3.2, γE[v]=43.1, Q=46.2 (bayes)
2026-09-23 15:09:31,395 INFO: Plan 0: ḡ=31, γE[v]=26.5, Q=57.5 (fn)
2026-09-23 15:09:31,484 INFO: Plan 0: ḡ=44, γE[v]=0.0, Q=44.0 (fn)
2026-09-23 15:09:31,856 INFO: Plan 2: ḡ=252, γE[v]=34.5, Q=286.5 (fn)
2026-09-23 15:09:31,856 INFO: Plan 0: ḡ=5.1, γE[v]=25.6, Q=30.7 (bayes)
2026-09-23 15:09:31,857 INFO: Plan 1: ḡ=5.5, γE[v]=24.5, Q=29.9 (bayes)
2026-09-23 15:09:31,857 INFO: Plan 2: ḡ=40.6, γE[v]=8.4, Q=49.0 (bayes)
2026-09-23 15:09:32,689 INFO: Plan 1: ḡ=101, γE[v]=77.0, Q=178.0 (fn)
2026-09-23 15:09:33,221 INFO: Plan 2: ḡ=119, γE[v]=27.5, Q=146.5 (fn)
2026-09-23 15:09:33,221 INFO: Plan 0: ḡ=14.5, γE[v]=36.2, Q=50.8 (bayes)
2026-09-23 15:09:33,221 INFO: Plan 1: ḡ=12.5, γE[v]=40.0, Q=52.5 (bayes)
2026-09-23 15:09:33,221 INFO: Plan 2: ḡ=59.5, γE[v]=15.0, Q=74.5 (bayes)
2026-09-23 15:09:34,083 INFO: Plan 1: ḡ=0, γE[v]=0.0, Q=0.0 (fn)
2026-09-23 15:09:34,085 INFO: Plan 2: ḡ=159, γE[v]=51.5, Q=210.5 (fn)
2026-09-23 15:09:34,086 INFO: Plan 0: ḡ=13.5, γE[v]=162.0, Q=175.5 (bayes)
2026-09-23 15:09:34,086 INFO: Plan 1: ḡ=50.5, γE[v]=145.0, Q=195.5 (bayes)
2026-09-23 15:09:34,086 INFO: Plan 2: ḡ=79.5, γE[v]=129.3, Q=208.8 (bayes)
2026-09-23 15:09:34,122 INFO: Plan 2: ḡ=0, γE[v]=0.0, Q=0.0 (fn)
2026-09-23 15:09:34,123 INFO: Plan 0: ḡ=0, γE[v]=0.0, Q=0.0 (fn)
2026-09-23 15:09:34,123 INFO: Plan 0: ḡ=0.0, γE[v]=0.0, Q=0.0 (bayes)
2026-09-23 15:09:34,123 INFO: Plan 1: ḡ=0.0, γE[v]=0.0, Q=0.0 (bayes)
2026-09-23 15:09:34,123 INFO: Plan 2: ḡ=0.0, γE[v]=0.0, Q=0.0 (bayes)
2026-09-23 15:09:35,125 INFO: Plan 0: ḡ=0, γE[v]=0.0, Q=0.0 (fn)
2026-09-23 15:09:35,918 INFO: Plan 2: ḡ=0, γE[v]=0.0, Q=0.0 (fn)
2026-09-23 15:09:35,919 INFO: Plan 1: ḡ=0, γE[v]=0.0, Q=0.0 (fn)
2026-09-23 15:09:35,919 INFO: Plan 0: ḡ=0.0, γE[v]=0.0, Q=0.0 (bayes)
2026-09-23 15:09:35,919 INFO: Plan 1: ḡ=0.0, γE[v]=0.0, Q=0.0 (bayes)
2026-09-23 15:09:35,919 INFO: Plan 2: ḡ=0.0, γE[v]=0.0, Q=0.0 (bayes)
  [23/93] requests.auth seed=42: {'cov_qvalue_tgt_fnt_bayes': 72}
2026-09-23 15:09:37,381 INFO: Plan 0: ḡ=0, γE[v]=0.0, Q=0.0 (fn)
2026-09-23 15:09:37,430 INFO: Plan 0: ḡ=140, γE[v]=0.0, Q=140.0 (fn)
  [24/93] click.decorators seed=42: {'cov_qvalue_tgt_fnt_bayes': 49}
2026-09-23 15:09:38,006 INFO: Plan 2: ḡ=0, γE[v]=0.0, Q=0.0 (fn)
2026-09-23 15:09:38,049 INFO: Plan 1: ḡ=334, γE[v]=46.0, Q=380.0 (fn)
2026-09-23 15:09:39,326 INFO: Plan 0: ḡ=5, γE[v]=0.0, Q=5.0 (fn)
2026-09-23 15:09:39,705 INFO: Plan 1: ḡ=4, γE[v]=0.0, Q=4.0 (fn)
2026-09-23 15:09:40,159 INFO: Plan 2: ḡ=4, γE[v]=0.0, Q=4.0 (fn)
2026-09-23 15:09:40,160 INFO: Plan 0: ḡ=1.7, γE[v]=0.8, Q=2.4 (bayes)
2026-09-23 15:09:40,160 INFO: Plan 1: ḡ=0.9, γE[v]=1.1, Q=2.1 (bayes)
2026-09-23 15:09:40,160 INFO: Plan 2: ḡ=0.8, γE[v]=1.2, Q=2.0 (bayes)
2026-09-23 15:09:41,569 INFO: Plan 0: ḡ=45, γE[v]=0.0, Q=45.0 (fn)
2026-09-23 15:09:42,521 INFO: Plan 1: ḡ=0, γE[v]=0.0, Q=0.0 (fn)
2026-09-23 15:09:42,521 INFO: Plan 0: ḡ=0.0, γE[v]=0.0, Q=0.0 (bayes)
2026-09-23 15:09:42,521 INFO: Plan 1: ḡ=0.0, γE[v]=0.0, Q=0.0 (bayes)
2026-09-23 15:09:42,521 INFO: Plan 2: ḡ=0.0, γE[v]=0.0, Q=0.0 (bayes)
2026-09-23 15:09:43,119 INFO: Plan 1: ḡ=121, γE[v]=1.0, Q=122.0 (fn)
2026-09-23 15:09:43,206 INFO: Plan 2: ḡ=238, γE[v]=110.5, Q=348.5 (fn)
2026-09-23 15:09:43,207 INFO: Plan 0: ḡ=6.4, γE[v]=30.2, Q=36.6 (bayes)
2026-09-23 15:09:43,207 INFO: Plan 1: ḡ=47.7, γE[v]=13.1, Q=60.8 (bayes)
2026-09-23 15:09:43,207 INFO: Plan 2: ḡ=35.2, γE[v]=24.3, Q=59.5 (bayes)
2026-09-23 15:09:43,714 INFO: Plan 2: ḡ=91, γE[v]=16.0, Q=107.0 (fn)
2026-09-23 15:09:43,714 INFO: Plan 0: ḡ=9.3, γE[v]=8.6, Q=17.9 (bayes)
2026-09-23 15:09:43,714 INFO: Plan 1: ḡ=25.6, γE[v]=0.5, Q=26.1 (bayes)
2026-09-23 15:09:43,714 INFO: Plan 2: ḡ=18.3, γE[v]=5.2, Q=23.5 (bayes)
2026-09-23 15:09:44,478 INFO: Plan 2: ḡ=5, γE[v]=0.0, Q=5.0 (fn)
2026-09-23 15:09:44,479 INFO: Plan 0: ḡ=62, γE[v]=22.5, Q=84.5 (fn)
2026-09-23 15:09:44,785 INFO: Plan 1: ḡ=8, γE[v]=0.0, Q=8.0 (fn)
  [25/93] flask.templating seed=42: {'cov_qvalue_tgt_fnt_bayes': 55}
2026-09-23 15:09:45,604 INFO: Plan 1: ḡ=153, γE[v]=118.5, Q=271.5 (fn)
2026-09-23 15:09:46,664 INFO: Plan 2: ḡ=54, γE[v]=12.5, Q=66.5 (fn)
2026-09-23 15:09:49,183 INFO: Plan 0: ḡ=11, γE[v]=0.0, Q=11.0 (fn)
2026-09-23 15:09:49,220 INFO: Plan 2: ḡ=20, γE[v]=0.0, Q=20.0 (fn)
2026-09-23 15:09:49,938 INFO: Plan 1: ḡ=54, γE[v]=0.0, Q=54.0 (fn)
2026-09-23 15:09:49,941 INFO: Plan 0: ḡ=5.2, γE[v]=17.9, Q=23.2 (bayes)
2026-09-23 15:09:49,944 INFO: Plan 1: ḡ=17.2, γE[v]=11.9, Q=29.2 (bayes)
2026-09-23 15:09:49,944 INFO: Plan 2: ḡ=8.1, γE[v]=16.5, Q=24.6 (bayes)
2026-09-23 15:09:50,410 INFO: Plan 0: ḡ=27, γE[v]=6.5, Q=33.5 (fn)
2026-09-23 15:09:50,411 INFO: Plan 0: ḡ=6.3, γE[v]=1.9, Q=8.2 (bayes)
2026-09-23 15:09:50,413 INFO: Plan 1: ḡ=1.8, γE[v]=3.7, Q=5.5 (bayes)
2026-09-23 15:09:50,416 INFO: Plan 2: ḡ=1.0, γE[v]=4.1, Q=5.1 (bayes)
2026-09-23 15:09:50,449 INFO: Plan 2: ḡ=2, γE[v]=0.0, Q=2.0 (fn)
2026-09-23 15:09:50,903 INFO: Plan 1: ḡ=135, γE[v]=14.5, Q=149.5 (fn)
2026-09-23 15:09:50,904 INFO: Plan 0: ḡ=31.0, γE[v]=35.3, Q=66.3 (bayes)
2026-09-23 15:09:50,904 INFO: Plan 1: ḡ=67.5, γE[v]=16.7, Q=84.2 (bayes)
2026-09-23 15:09:50,904 INFO: Plan 2: ḡ=27.0, γE[v]=36.8, Q=63.8 (bayes)
2026-09-23 15:09:51,181 INFO: Plan 1: ḡ=4, γE[v]=0.0, Q=4.0 (fn)
2026-09-23 15:09:51,518 INFO: Plan 1: ḡ=90, γE[v]=0.0, Q=90.0 (fn)
2026-09-23 15:09:51,559 INFO: Plan 0: ḡ=4, γE[v]=1.0, Q=5.0 (fn)
2026-09-23 15:09:51,560 INFO: Plan 0: ḡ=0.9, γE[v]=0.3, Q=1.3 (bayes)
2026-09-23 15:09:51,560 INFO: Plan 1: ḡ=0.9, γE[v]=0.2, Q=1.2 (bayes)
2026-09-23 15:09:51,560 INFO: Plan 2: ḡ=0.5, γE[v]=0.5, Q=1.0 (bayes)
  [26/93] click.types seed=42: {'cov_qvalue_tgt_fnt_bayes': 86}
2026-09-23 15:09:51,982 INFO: Plan 0: ḡ=104, γE[v]=0.0, Q=104.0 (fn)
  [27/93] rich.style seed=42: {'cov_qvalue_tgt_fnt_bayes': 150}
2026-09-23 15:09:54,569 INFO: Plan 2: ḡ=256, γE[v]=0.0, Q=256.0 (fn)
2026-09-23 15:09:54,570 INFO: Plan 0: ḡ=52.0, γE[v]=38.0, Q=90.0 (bayes)
2026-09-23 15:09:54,570 INFO: Plan 1: ḡ=45.0, γE[v]=41.5, Q=86.5 (bayes)
2026-09-23 15:09:54,570 INFO: Plan 2: ḡ=128.0, γE[v]=0.0, Q=128.0 (bayes)
2026-09-23 15:09:54,973 INFO: Plan 1: ḡ=34, γE[v]=0.0, Q=34.0 (fn)
2026-09-23 15:09:55,192 INFO: Plan 0: ḡ=46, γE[v]=0.0, Q=46.0 (fn)
2026-09-23 15:09:55,922 INFO: Plan 2: ḡ=42, γE[v]=0.0, Q=42.0 (fn)
2026-09-23 15:09:55,922 INFO: Plan 0: ḡ=11.5, γE[v]=38.8, Q=50.3 (bayes)
2026-09-23 15:09:55,923 INFO: Plan 1: ḡ=14.5, γE[v]=37.3, Q=51.8 (bayes)
2026-09-23 15:09:55,923 INFO: Plan 2: ḡ=12.3, γE[v]=38.4, Q=50.7 (bayes)
2026-09-23 15:09:56,864 INFO: Plan 0: ḡ=1, γE[v]=0.0, Q=1.0 (fn)
2026-09-23 15:09:57,070 INFO: Plan 0: ḡ=16, γE[v]=0.0, Q=16.0 (fn)
2026-09-23 15:09:57,604 INFO: Plan 1: ḡ=23, γE[v]=0.0, Q=23.0 (fn)
2026-09-23 15:09:58,190 INFO: Plan 1: ḡ=2, γE[v]=1.0, Q=3.0 (fn)
2026-09-23 15:09:58,191 INFO: Plan 2: ḡ=19, γE[v]=0.0, Q=19.0 (fn)
2026-09-23 15:09:58,192 INFO: Plan 0: ḡ=7.3, γE[v]=8.4, Q=15.8 (bayes)
2026-09-23 15:09:58,192 INFO: Plan 1: ḡ=11.5, γE[v]=6.3, Q=17.8 (bayes)
2026-09-23 15:09:58,192 INFO: Plan 2: ḡ=5.5, γE[v]=9.3, Q=14.8 (bayes)
2026-09-23 15:09:58,947 INFO: Plan 2: ḡ=4, γE[v]=0.0, Q=4.0 (fn)
2026-09-23 15:09:58,947 INFO: Plan 0: ḡ=0.1, γE[v]=0.2, Q=0.3 (bayes)
2026-09-23 15:09:58,947 INFO: Plan 1: ḡ=0.3, γE[v]=0.2, Q=0.5 (bayes)
2026-09-23 15:09:58,947 INFO: Plan 2: ḡ=0.6, γE[v]=0.0, Q=0.6 (bayes)
2026-09-23 15:09:59,638 INFO: Plan 1: ḡ=70, γE[v]=0.0, Q=70.0 (fn)
2026-09-23 15:10:00,039 INFO: Plan 2: ḡ=628, γE[v]=80.5, Q=708.5 (fn)
2026-09-23 15:10:00,042 INFO: Plan 2: ḡ=41, γE[v]=0.0, Q=41.0 (fn)
2026-09-23 15:10:00,042 INFO: Plan 0: ḡ=70.0, γE[v]=210.5, Q=280.5 (bayes)
2026-09-23 15:10:00,042 INFO: Plan 1: ḡ=76.5, γE[v]=212.6, Q=289.1 (bayes)
2026-09-23 15:10:00,042 INFO: Plan 2: ḡ=314.0, γE[v]=92.1, Q=406.1 (bayes)
2026-09-23 15:10:00,077 INFO: Plan 2: ḡ=74, γE[v]=0.0, Q=74.0 (fn)
2026-09-23 15:10:00,556 INFO: Plan 0: ḡ=80, γE[v]=6.5, Q=86.5 (fn)
2026-09-23 15:10:00,557 INFO: Plan 1: ḡ=87, γE[v]=0.0, Q=87.0 (fn)
  [28/93] rich.console seed=42: {'cov_qvalue_tgt_fnt_bayes': 293}
2026-09-23 15:10:01,111 INFO: Plan 0: ḡ=160, γE[v]=0.0, Q=160.0 (fn)
2026-09-23 15:10:01,111 INFO: Plan 0: ḡ=80.0, γE[v]=0.0, Q=80.0 (bayes)
2026-09-23 15:10:01,111 INFO: Plan 1: ḡ=35.0, γE[v]=22.5, Q=57.5 (bayes)
2026-09-23 15:10:01,111 INFO: Plan 2: ḡ=37.0, γE[v]=21.5, Q=58.5 (bayes)
  [29/93] flask.json.tag seed=42: {'cov_qvalue_tgt_fnt_bayes': 24}
2026-09-23 15:10:01,381 INFO: Plan 0: ḡ=163, γE[v]=0.0, Q=163.0 (fn)
2026-09-23 15:10:01,382 INFO: Plan 0: ḡ=81.5, γE[v]=32.2, Q=113.8 (bayes)
2026-09-23 15:10:01,382 INFO: Plan 1: ḡ=43.5, γE[v]=51.2, Q=94.8 (bayes)
2026-09-23 15:10:01,382 INFO: Plan 2: ḡ=20.5, γE[v]=62.8, Q=83.2 (bayes)
2026-09-23 15:10:03,390 INFO: Plan 2: ḡ=0, γE[v]=0.0, Q=0.0 (fn)
2026-09-23 15:10:03,391 INFO: Plan 1: ḡ=16, γE[v]=0.0, Q=16.0 (fn)
2026-09-23 15:10:03,790 INFO: Plan 0: ḡ=15, γE[v]=0.0, Q=15.0 (fn)
2026-09-23 15:10:03,791 INFO: Plan 0: ḡ=6.2, γE[v]=4.0, Q=10.2 (bayes)
2026-09-23 15:10:03,793 INFO: Plan 1: ḡ=8.0, γE[v]=3.1, Q=11.1 (bayes)
2026-09-23 15:10:03,795 INFO: Plan 2: ḡ=0.0, γE[v]=7.1, Q=7.1 (bayes)
2026-09-23 15:10:03,837 INFO: Plan 0: ḡ=38, γE[v]=0.0, Q=38.0 (fn)
2026-09-23 15:10:05,270 INFO: Plan 1: ḡ=100, γE[v]=0.0, Q=100.0 (fn)
  [30/93] requests.utils seed=42: {'cov_qvalue_tgt_fnt_bayes': 102}
2026-09-23 15:10:06,202 INFO: Plan 0: ḡ=93, γE[v]=13.0, Q=106.0 (fn)
2026-09-23 15:10:06,747 INFO: Plan 2: ḡ=118, γE[v]=0.0, Q=118.0 (fn)
2026-09-23 15:10:06,748 INFO: Plan 0: ḡ=46.5, γE[v]=31.8, Q=78.3 (bayes)
2026-09-23 15:10:06,748 INFO: Plan 1: ḡ=50.0, γE[v]=29.5, Q=79.5 (bayes)
2026-09-23 15:10:06,748 INFO: Plan 2: ḡ=59.0, γE[v]=25.0, Q=84.0 (bayes)
2026-09-23 15:10:07,139 INFO: Plan 2: ḡ=21, γE[v]=0.0, Q=21.0 (fn)
2026-09-23 15:10:07,182 INFO: Plan 0: ḡ=2, γE[v]=0.0, Q=2.0 (fn)
2026-09-23 15:10:09,050 INFO: Plan 1: ḡ=30, γE[v]=3.5, Q=33.5 (fn)
2026-09-23 15:10:09,051 INFO: Plan 0: ḡ=0.3, γE[v]=2.3, Q=2.6 (bayes)
2026-09-23 15:10:09,051 INFO: Plan 1: ḡ=3.8, γE[v]=0.8, Q=4.6 (bayes)
2026-09-23 15:10:09,051 INFO: Plan 2: ḡ=2.9, γE[v]=1.0, Q=3.9 (bayes)
2026-09-23 15:10:09,099 INFO: Plan 1: ḡ=61, γE[v]=1.0, Q=62.0 (fn)
2026-09-23 15:10:09,602 INFO: Plan 1: ḡ=204, γE[v]=48.0, Q=252.0 (fn)
2026-09-23 15:10:10,162 INFO: Plan 1: ḡ=52, γE[v]=0.0, Q=52.0 (fn)
2026-09-23 15:10:10,376 INFO: Plan 0: ḡ=35, γE[v]=0.0, Q=35.0 (fn)
2026-09-23 15:10:10,870 INFO: Plan 2: ḡ=170, γE[v]=28.5, Q=198.5 (fn)
2026-09-23 15:10:10,870 INFO: Plan 0: ḡ=14.2, γE[v]=15.4, Q=29.6 (bayes)
2026-09-23 15:10:10,870 INFO: Plan 1: ḡ=26.1, γE[v]=12.5, Q=38.6 (bayes)
2026-09-23 15:10:10,870 INFO: Plan 2: ḡ=21.9, γE[v]=13.3, Q=35.2 (bayes)
2026-09-23 15:10:11,118 INFO: Plan 2: ḡ=15, γE[v]=2.0, Q=17.0 (fn)
2026-09-23 15:10:11,119 INFO: Plan 0: ḡ=19.0, γE[v]=95.5, Q=114.5 (bayes)
2026-09-23 15:10:11,119 INFO: Plan 1: ḡ=30.5, γE[v]=89.8, Q=120.3 (bayes)
2026-09-23 15:10:11,119 INFO: Plan 2: ḡ=7.5, γE[v]=101.3, Q=108.8 (bayes)
2026-09-23 15:10:11,792 INFO: Plan 2: ḡ=11, γE[v]=0.0, Q=11.0 (fn)
2026-09-23 15:10:12,329 INFO: Plan 1: ḡ=42, γE[v]=0.0, Q=42.0 (fn)
2026-09-23 15:10:12,608 INFO: Plan 0: ḡ=32, γE[v]=0.0, Q=32.0 (fn)
2026-09-23 15:10:12,609 INFO: Plan 0: ḡ=11.5, γE[v]=69.6, Q=81.1 (bayes)
2026-09-23 15:10:12,609 INFO: Plan 1: ḡ=21.0, γE[v]=64.9, Q=85.8 (bayes)
2026-09-23 15:10:12,609 INFO: Plan 2: ḡ=5.5, γE[v]=72.6, Q=78.1 (bayes)
2026-09-23 15:10:13,162 INFO: Plan 2: ḡ=50, γE[v]=1.0, Q=51.0 (fn)
2026-09-23 15:10:13,164 INFO: Plan 2: ḡ=42, γE[v]=0.0, Q=42.0 (fn)
2026-09-23 15:10:13,165 INFO: Plan 0: ḡ=17.5, γE[v]=45.2, Q=62.8 (bayes)
2026-09-23 15:10:13,165 INFO: Plan 1: ḡ=26.0, γE[v]=41.0, Q=67.0 (bayes)
2026-09-23 15:10:13,165 INFO: Plan 2: ḡ=25.0, γE[v]=41.5, Q=66.5 (bayes)
2026-09-23 15:10:13,627 INFO: Plan 1: ḡ=0, γE[v]=0.0, Q=0.0 (fn)
2026-09-23 15:10:13,628 INFO: Plan 0: ḡ=0, γE[v]=0.0, Q=0.0 (fn)
2026-09-23 15:10:13,840 INFO: Plan 2: ḡ=0, γE[v]=0.0, Q=0.0 (fn)
2026-09-23 15:10:13,840 INFO: Plan 0: ḡ=0.0, γE[v]=0.0, Q=0.0 (bayes)
2026-09-23 15:10:13,840 INFO: Plan 1: ḡ=0.0, γE[v]=0.0, Q=0.0 (bayes)
2026-09-23 15:10:13,840 INFO: Plan 2: ḡ=0.0, γE[v]=0.0, Q=0.0 (bayes)
2026-09-23 15:10:13,883 INFO: Plan 2: ḡ=0, γE[v]=0.0, Q=0.0 (fn)
2026-09-23 15:10:14,072 INFO: Plan 0: ḡ=1, γE[v]=0.0, Q=1.0 (fn)
2026-09-23 15:10:14,369 INFO: Plan 1: ḡ=1, γE[v]=0.5, Q=1.5 (fn)
2026-09-23 15:10:14,369 INFO: Plan 0: ḡ=0.2, γE[v]=0.1, Q=0.4 (bayes)
2026-09-23 15:10:14,370 INFO: Plan 1: ḡ=0.2, γE[v]=0.2, Q=0.4 (bayes)
2026-09-23 15:10:14,370 INFO: Plan 2: ḡ=0.0, γE[v]=0.2, Q=0.2 (bayes)
  [31/93] jinja2.filters seed=42: {'cov_qvalue_tgt_fnt_bayes': 192}
2026-09-23 15:10:14,795 INFO: Plan 1: ḡ=87, γE[v]=0.0, Q=87.0 (fn)
2026-09-23 15:10:15,136 INFO: Plan 2: ḡ=20, γE[v]=0.0, Q=20.0 (fn)
2026-09-23 15:10:15,894 INFO: Plan 1: ḡ=185, γE[v]=0.0, Q=185.0 (fn)
2026-09-23 15:10:16,217 INFO: Plan 0: ḡ=99, γE[v]=0.0, Q=99.0 (fn)
2026-09-23 15:10:16,217 INFO: Plan 0: ḡ=49.5, γE[v]=24.5, Q=74.0 (bayes)
2026-09-23 15:10:16,217 INFO: Plan 1: ḡ=43.5, γE[v]=27.5, Q=71.0 (bayes)
2026-09-23 15:10:16,217 INFO: Plan 2: ḡ=21.0, γE[v]=38.8, Q=59.8 (bayes)
2026-09-23 15:10:16,551 INFO: Plan 1: ḡ=17, γE[v]=0.0, Q=17.0 (fn)
  [32/93] requests.sessions seed=42: {'cov_qvalue_tgt_fnt_bayes': 58}
2026-09-23 15:10:17,446 INFO: Plan 0: ḡ=29, γE[v]=10.0, Q=39.0 (fn)
2026-09-23 15:10:17,446 INFO: Plan 0: ḡ=9.7, γE[v]=2.7, Q=12.4 (bayes)
2026-09-23 15:10:17,446 INFO: Plan 1: ḡ=5.7, γE[v]=4.0, Q=9.7 (bayes)
2026-09-23 15:10:17,446 INFO: Plan 2: ḡ=4.0, γE[v]=4.8, Q=8.8 (bayes)
2026-09-23 15:10:17,660 INFO: Plan 2: ḡ=22, γE[v]=0.0, Q=22.0 (fn)
2026-09-23 15:10:17,975 INFO: Plan 0: ḡ=29, γE[v]=0.0, Q=29.0 (fn)
2026-09-23 15:10:18,304 INFO: Plan 2: ḡ=46, γE[v]=0.0, Q=46.0 (fn)
2026-09-23 15:10:18,970 INFO: Plan 1: ḡ=24, γE[v]=0.0, Q=24.0 (fn)
2026-09-23 15:10:18,970 INFO: Plan 0: ḡ=7.8, γE[v]=8.8, Q=16.6 (bayes)
2026-09-23 15:10:18,970 INFO: Plan 1: ḡ=8.3, γE[v]=8.5, Q=16.9 (bayes)
2026-09-23 15:10:18,970 INFO: Plan 2: ḡ=7.3, γE[v]=9.0, Q=16.4 (bayes)
  [33/93] jinja2.environment seed=42: {'cov_qvalue_tgt_fnt_bayes': 135}
2026-09-23 15:10:21,354 INFO: Plan 0: ḡ=126, γE[v]=57.5, Q=183.5 (fn)
2026-09-23 15:10:21,787 INFO: Plan 1: ḡ=169, γE[v]=38.0, Q=207.0 (fn)
2026-09-23 15:10:23,027 INFO: Plan 2: ḡ=114, γE[v]=92.0, Q=206.0 (fn)
2026-09-23 15:10:23,028 INFO: Plan 0: ḡ=63.0, γE[v]=139.1, Q=202.1 (bayes)
2026-09-23 15:10:23,028 INFO: Plan 1: ḡ=92.5, γE[v]=121.8, Q=214.2 (bayes)
2026-09-23 15:10:23,028 INFO: Plan 2: ḡ=57.0, γE[v]=143.6, Q=200.6 (bayes)
2026-09-23 15:10:23,660 INFO: Plan 0: ḡ=253, γE[v]=30.5, Q=283.5 (fn)
2026-09-23 15:10:23,661 INFO: Plan 0: ḡ=126.5, γE[v]=29.9, Q=156.4 (bayes)
2026-09-23 15:10:23,661 INFO: Plan 1: ḡ=84.5, γE[v]=51.2, Q=135.7 (bayes)
2026-09-23 15:10:23,661 INFO: Plan 2: ḡ=23.0, γE[v]=80.2, Q=103.2 (bayes)
2026-09-23 15:10:25,593 INFO: Plan 1: ḡ=238, γE[v]=0.0, Q=238.0 (fn)
2026-09-23 15:10:25,626 INFO: Plan 0: ḡ=31, γE[v]=0.0, Q=31.0 (fn)
2026-09-23 15:10:27,155 INFO: Plan 2: ḡ=13, γE[v]=0.0, Q=13.0 (fn)
2026-09-23 15:10:27,996 INFO: Plan 1: ḡ=26, γE[v]=0.0, Q=26.0 (fn)
2026-09-23 15:10:29,085 INFO: Plan 2: ḡ=132, γE[v]=0.0, Q=132.0 (fn)
2026-09-23 15:10:29,086 INFO: Plan 0: ḡ=15.5, γE[v]=39.0, Q=54.5 (bayes)
2026-09-23 15:10:29,086 INFO: Plan 1: ḡ=13.0, γE[v]=40.2, Q=53.2 (bayes)
2026-09-23 15:10:29,086 INFO: Plan 2: ḡ=66.0, γE[v]=13.8, Q=79.8 (bayes)
2026-09-23 15:10:30,130 INFO: Plan 2: ḡ=57, γE[v]=0.0, Q=57.0 (fn)
2026-09-23 15:10:30,722 INFO: Plan 0: ḡ=445, γE[v]=0.0, Q=445.0 (fn)
2026-09-23 15:10:31,436 INFO: Plan 0: ḡ=71, γE[v]=3.5, Q=74.5 (fn)
2026-09-23 15:10:31,479 INFO: Plan 1: ḡ=71, γE[v]=3.5, Q=74.5 (fn)
2026-09-23 15:10:31,480 INFO: Plan 0: ḡ=35.5, γE[v]=1.9, Q=37.4 (bayes)
2026-09-23 15:10:31,480 INFO: Plan 1: ḡ=35.5, γE[v]=1.9, Q=37.4 (bayes)
2026-09-23 15:10:31,480 INFO: Plan 2: ḡ=6.5, γE[v]=16.2, Q=22.8 (bayes)
2026-09-23 15:10:31,522 INFO: Plan 0: ḡ=62, γE[v]=5.5, Q=67.5 (fn)
2026-09-23 15:10:34,835 INFO: Plan 2: ḡ=429, γE[v]=0.0, Q=429.0 (fn)
2026-09-23 15:10:34,836 INFO: Plan 0: ḡ=222.5, γE[v]=169.2, Q=391.8 (bayes)
2026-09-23 15:10:34,836 INFO: Plan 1: ḡ=119.0, γE[v]=221.0, Q=340.0 (bayes)
2026-09-23 15:10:34,836 INFO: Plan 2: ḡ=214.5, γE[v]=173.2, Q=387.8 (bayes)
2026-09-23 15:10:35,300 INFO: Plan 1: ḡ=50, γE[v]=0.0, Q=50.0 (fn)
2026-09-23 15:10:35,538 INFO: Plan 2: ḡ=10, γE[v]=0.0, Q=10.0 (fn)
2026-09-23 15:10:35,901 INFO: Plan 1: ḡ=6, γE[v]=0.0, Q=6.0 (fn)
2026-09-23 15:10:36,215 INFO: Plan 1: ḡ=32, γE[v]=8.0, Q=40.0 (fn)
2026-09-23 15:10:36,216 INFO: Plan 0: ḡ=34, γE[v]=0.0, Q=34.0 (fn)
2026-09-23 15:10:36,216 INFO: Plan 0: ḡ=31.0, γE[v]=15.0, Q=46.0 (bayes)
2026-09-23 15:10:36,216 INFO: Plan 1: ḡ=16.0, γE[v]=22.6, Q=38.6 (bayes)
2026-09-23 15:10:36,217 INFO: Plan 2: ḡ=28.5, γE[v]=16.0, Q=44.5 (bayes)
2026-09-23 15:10:36,598 INFO: Plan 0: ḡ=18, γE[v]=0.0, Q=18.0 (fn)
2026-09-23 15:10:36,598 INFO: Plan 0: ḡ=5.3, γE[v]=22.0, Q=27.3 (bayes)
2026-09-23 15:10:36,598 INFO: Plan 1: ḡ=10.3, γE[v]=19.5, Q=29.8 (bayes)
2026-09-23 15:10:36,598 INFO: Plan 2: ḡ=3.4, γE[v]=22.9, Q=26.3 (bayes)
2026-09-23 15:10:37,933 INFO: Plan 2: ḡ=22, γE[v]=0.0, Q=22.0 (fn)
2026-09-23 15:10:37,933 INFO: Plan 0: ḡ=11.3, γE[v]=4.7, Q=16.0 (bayes)
2026-09-23 15:10:37,933 INFO: Plan 1: ḡ=2.0, γE[v]=9.3, Q=11.3 (bayes)
2026-09-23 15:10:37,933 INFO: Plan 2: ḡ=7.3, γE[v]=6.7, Q=14.0 (bayes)
2026-09-23 15:10:38,698 INFO: Plan 2: ḡ=10, γE[v]=0.0, Q=10.0 (fn)
2026-09-23 15:10:38,897 INFO: Plan 0: ḡ=3, γE[v]=0.0, Q=3.0 (fn)
2026-09-23 15:10:38,898 INFO: Plan 0: ḡ=49, γE[v]=0.0, Q=49.0 (fn)
2026-09-23 15:10:39,010 INFO: Plan 1: ḡ=23, γE[v]=0.0, Q=23.0 (fn)
2026-09-23 15:10:39,014 INFO: Plan 0: ḡ=5.9, γE[v]=4.3, Q=10.2 (bayes)
2026-09-23 15:10:39,014 INFO: Plan 1: ḡ=3.8, γE[v]=5.3, Q=9.2 (bayes)
2026-09-23 15:10:39,014 INFO: Plan 2: ḡ=2.5, γE[v]=6.0, Q=8.5 (bayes)
2026-09-23 15:10:39,800 INFO: Plan 1: ḡ=6, γE[v]=0.0, Q=6.0 (fn)
2026-09-23 15:10:39,844 INFO: Plan 2: ḡ=6, γE[v]=0.0, Q=6.0 (fn)
2026-09-23 15:10:39,845 INFO: Plan 0: ḡ=0.7, γE[v]=0.4, Q=1.1 (bayes)
2026-09-23 15:10:39,845 INFO: Plan 1: ḡ=1.2, γE[v]=0.2, Q=1.4 (bayes)
2026-09-23 15:10:39,845 INFO: Plan 2: ḡ=1.2, γE[v]=0.2, Q=1.4 (bayes)
  [34/93] rich.segment seed=42: {'cov_qvalue_tgt_fnt_bayes': 132}
2026-09-23 15:10:41,196 INFO: Plan 0: ḡ=20, γE[v]=0.0, Q=20.0 (fn)
2026-09-23 15:10:41,241 INFO: Plan 2: ḡ=23, γE[v]=0.0, Q=23.0 (fn)
2026-09-23 15:10:41,284 INFO: Plan 2: ḡ=19, γE[v]=0.0, Q=19.0 (fn)
  [35/93] requests.cookies seed=42: {'cov_qvalue_tgt_fnt_bayes': 76}
2026-09-23 15:10:44,875 INFO: Plan 2: ḡ=106, γE[v]=2.0, Q=108.0 (fn)
2026-09-23 15:10:45,184 INFO: Plan 1: ḡ=77, γE[v]=16.0, Q=93.0 (fn)
2026-09-23 15:10:45,184 INFO: Plan 0: ḡ=2.2, γE[v]=4.9, Q=7.2 (bayes)
2026-09-23 15:10:45,185 INFO: Plan 1: ḡ=8.6, γE[v]=3.1, Q=11.6 (bayes)
2026-09-23 15:10:45,185 INFO: Plan 2: ḡ=2.6, γE[v]=4.8, Q=7.3 (bayes)
2026-09-23 15:10:45,670 INFO: Plan 1: ḡ=6, γE[v]=0.0, Q=6.0 (fn)
2026-09-23 15:10:46,007 INFO: Plan 1: ḡ=58, γE[v]=26.0, Q=84.0 (fn)
2026-09-23 15:10:46,167 INFO: Plan 0: ḡ=2, γE[v]=0.0, Q=2.0 (fn)
2026-09-23 15:10:46,592 INFO: Plan 2: ḡ=5, γE[v]=0.0, Q=5.0 (fn)
2026-09-23 15:10:46,593 INFO: Plan 0: ḡ=0.5, γE[v]=0.9, Q=1.4 (bayes)
2026-09-23 15:10:46,593 INFO: Plan 1: ḡ=1.0, γE[v]=0.6, Q=1.7 (bayes)
2026-09-23 15:10:46,593 INFO: Plan 2: ḡ=0.8, γE[v]=0.7, Q=1.6 (bayes)
2026-09-23 15:10:47,082 INFO: Plan 0: ḡ=66, γE[v]=22.0, Q=88.0 (fn)
2026-09-23 15:10:47,083 INFO: Plan 0: ḡ=33.0, γE[v]=12.0, Q=45.0 (bayes)
2026-09-23 15:10:47,083 INFO: Plan 1: ḡ=29.0, γE[v]=14.2, Q=43.2 (bayes)
2026-09-23 15:10:47,083 INFO: Plan 2: ḡ=53.0, γE[v]=1.1, Q=54.1 (bayes)
2026-09-23 15:10:47,412 INFO: Plan 1: ḡ=43, γE[v]=0.0, Q=43.0 (fn)
2026-09-23 15:10:47,499 INFO: Plan 0: ḡ=51, γE[v]=0.0, Q=51.0 (fn)
  [36/93] flask.config seed=42: {'cov_qvalue_tgt_fnt_bayes': 25}
2026-09-23 15:10:48,301 INFO: Plan 2: ḡ=76, γE[v]=0.0, Q=76.0 (fn)
2026-09-23 15:10:48,336 INFO: Plan 2: ḡ=38, γE[v]=6.5, Q=44.5 (fn)
2026-09-23 15:10:48,337 INFO: Plan 0: ḡ=25.5, γE[v]=0.0, Q=25.5 (bayes)
2026-09-23 15:10:48,337 INFO: Plan 1: ḡ=21.5, γE[v]=2.0, Q=23.5 (bayes)
2026-09-23 15:10:48,337 INFO: Plan 2: ḡ=19.0, γE[v]=3.5, Q=22.5 (bayes)
2026-09-23 15:10:48,774 INFO: Plan 1: ḡ=24, γE[v]=6.5, Q=30.5 (fn)
2026-09-23 15:10:48,961 INFO: Plan 0: ḡ=42, γE[v]=5.0, Q=47.0 (fn)
  [37/93] requests.models seed=42: {'cov_qvalue_tgt_fnt_bayes': 127}
2026-09-23 15:10:49,685 INFO: Plan 1: ḡ=20, γE[v]=2.5, Q=22.5 (fn)
2026-09-23 15:10:49,686 INFO: Plan 0: ḡ=21.0, γE[v]=69.2, Q=90.2 (bayes)
2026-09-23 15:10:49,686 INFO: Plan 1: ḡ=8.0, γE[v]=75.6, Q=83.6 (bayes)
2026-09-23 15:10:49,686 INFO: Plan 2: ḡ=32.3, γE[v]=63.3, Q=95.7 (bayes)
2026-09-23 15:10:49,986 INFO: Plan 0: ḡ=54, γE[v]=68.0, Q=122.0 (fn)
2026-09-23 15:10:49,987 INFO: Plan 0: ḡ=11.6, γE[v]=24.4, Q=36.0 (bayes)
2026-09-23 15:10:49,987 INFO: Plan 1: ḡ=4.0, γE[v]=23.7, Q=27.7 (bayes)
2026-09-23 15:10:49,987 INFO: Plan 2: ḡ=7.0, γE[v]=21.7, Q=28.8 (bayes)
2026-09-23 15:10:50,352 INFO: Plan 2: ḡ=110, γE[v]=29.0, Q=139.0 (fn)
2026-09-23 15:10:50,513 INFO: Plan 1: ḡ=28, γE[v]=19.5, Q=47.5 (fn)
2026-09-23 15:10:50,515 INFO: Plan 0: ḡ=29, γE[v]=0.0, Q=29.0 (fn)
2026-09-23 15:10:51,207 INFO: Plan 1: ḡ=34, γE[v]=0.0, Q=34.0 (fn)
2026-09-23 15:10:51,462 INFO: Plan 0: ḡ=57, γE[v]=0.0, Q=57.0 (fn)
2026-09-23 15:10:51,921 INFO: Plan 0: ḡ=101, γE[v]=24.0, Q=125.0 (fn)
2026-09-23 15:10:51,922 INFO: Plan 2: ḡ=57, γE[v]=0.0, Q=57.0 (fn)
2026-09-23 15:10:51,923 INFO: Plan 0: ḡ=28.5, γE[v]=113.5, Q=142.0 (bayes)
2026-09-23 15:10:51,923 INFO: Plan 1: ḡ=17.0, γE[v]=119.2, Q=136.2 (bayes)
2026-09-23 15:10:51,923 INFO: Plan 2: ḡ=28.5, γE[v]=113.5, Q=142.0 (bayes)
2026-09-23 15:10:52,160 INFO: Plan 1: ḡ=129, γE[v]=24.5, Q=153.5 (fn)
2026-09-23 15:10:52,160 INFO: Plan 0: ḡ=50.5, γE[v]=20.3, Q=70.8 (bayes)
2026-09-23 15:10:52,160 INFO: Plan 1: ḡ=64.5, γE[v]=13.4, Q=77.8 (bayes)
2026-09-23 15:10:52,160 INFO: Plan 2: ḡ=55.0, γE[v]=18.3, Q=73.3 (bayes)
  [38/93] rich.progress seed=42: {'cov_qvalue_tgt_fnt_bayes': 152}
2026-09-23 15:10:52,804 INFO: Plan 0: ḡ=31, γE[v]=24.0, Q=55.0 (fn)
2026-09-23 15:10:53,379 INFO: Plan 0: ḡ=25, γE[v]=0.0, Q=25.0 (fn)
2026-09-23 15:10:54,305 INFO: Plan 2: ḡ=243, γE[v]=39.0, Q=282.0 (fn)
2026-09-23 15:10:54,305 INFO: Plan 0: ḡ=4.4, γE[v]=22.1, Q=26.5 (bayes)
2026-09-23 15:10:54,305 INFO: Plan 1: ḡ=3.5, γE[v]=22.2, Q=25.7 (bayes)
2026-09-23 15:10:54,305 INFO: Plan 2: ḡ=33.8, γE[v]=8.5, Q=42.3 (bayes)
2026-09-23 15:10:54,344 INFO: Plan 0: ḡ=64, γE[v]=0.0, Q=64.0 (fn)
2026-09-23 15:10:54,687 INFO: Plan 2: ḡ=7, γE[v]=0.0, Q=7.0 (fn)
2026-09-23 15:10:55,142 INFO: Plan 2: ḡ=0, γE[v]=0.0, Q=0.0 (fn)
2026-09-23 15:10:55,143 INFO: Plan 0: ḡ=20, γE[v]=0.0, Q=20.0 (fn)
2026-09-23 15:10:56,109 INFO: Plan 0: ḡ=24, γE[v]=0.0, Q=24.0 (fn)
  [39/93] jinja2.lexer seed=42: {'cov_qvalue_tgt_fnt_bayes': 20}
2026-09-23 15:10:56,509 INFO: Plan 1: ḡ=38, γE[v]=0.0, Q=38.0 (fn)
2026-09-23 15:10:56,873 INFO: Plan 1: ḡ=58, γE[v]=0.5, Q=58.5 (fn)
2026-09-23 15:10:56,874 INFO: Plan 0: ḡ=3.5, γE[v]=2.9, Q=6.4 (bayes)
2026-09-23 15:10:56,874 INFO: Plan 1: ḡ=8.9, γE[v]=0.2, Q=9.1 (bayes)
2026-09-23 15:10:56,874 INFO: Plan 2: ḡ=0.0, γE[v]=4.6, Q=4.6 (bayes)
2026-09-23 15:10:56,913 INFO: Plan 0: ḡ=30, γE[v]=0.0, Q=30.0 (fn)
2026-09-23 15:10:57,268 INFO: Plan 2: ḡ=15, γE[v]=0.0, Q=15.0 (fn)
2026-09-23 15:10:57,268 INFO: Plan 0: ḡ=10.0, γE[v]=8.8, Q=18.8 (bayes)
2026-09-23 15:10:57,268 INFO: Plan 1: ḡ=12.7, γE[v]=7.5, Q=20.2 (bayes)
2026-09-23 15:10:57,268 INFO: Plan 2: ḡ=5.0, γE[v]=11.3, Q=16.3 (bayes)
2026-09-23 15:10:58,202 INFO: Plan 2: ḡ=34, γE[v]=0.0, Q=34.0 (fn)
2026-09-23 15:10:58,245 INFO: Plan 1: ḡ=86, γE[v]=0.0, Q=86.0 (fn)
2026-09-23 15:10:58,434 INFO: Plan 1: ḡ=122, γE[v]=15.5, Q=137.5 (fn)
2026-09-23 15:10:58,899 INFO: Plan 1: ḡ=28, γE[v]=0.0, Q=28.0 (fn)
2026-09-23 15:10:59,323 INFO: Plan 1: ḡ=30, γE[v]=7.5, Q=37.5 (fn)
2026-09-23 15:10:59,323 INFO: Plan 0: ḡ=18.8, γE[v]=25.1, Q=43.9 (bayes)
2026-09-23 15:10:59,324 INFO: Plan 1: ḡ=11.0, γE[v]=29.4, Q=40.5 (bayes)
2026-09-23 15:10:59,324 INFO: Plan 2: ḡ=3.2, γE[v]=32.9, Q=36.1 (bayes)
  [40/93] flask.cli seed=42: {'cov_qvalue_tgt_fnt_bayes': 158}
2026-09-23 15:10:59,817 INFO: Plan 2: ḡ=34, γE[v]=0.0, Q=34.0 (fn)
2026-09-23 15:10:59,818 INFO: Plan 0: ḡ=12.0, γE[v]=44.5, Q=56.5 (bayes)
2026-09-23 15:10:59,818 INFO: Plan 1: ḡ=40.7, γE[v]=31.1, Q=71.7 (bayes)
2026-09-23 15:10:59,818 INFO: Plan 2: ḡ=16.6, γE[v]=42.2, Q=58.8 (bayes)
2026-09-23 15:11:00,376 INFO: Plan 0: ḡ=30, γE[v]=6.0, Q=36.0 (fn)
2026-09-23 15:11:00,377 INFO: Plan 0: ḡ=10.0, γE[v]=10.7, Q=20.7 (bayes)
2026-09-23 15:11:00,377 INFO: Plan 1: ḡ=9.3, γE[v]=10.7, Q=20.0 (bayes)
2026-09-23 15:11:00,377 INFO: Plan 2: ḡ=11.3, γE[v]=9.7, Q=21.0 (bayes)
2026-09-23 15:11:00,926 INFO: Plan 2: ḡ=28, γE[v]=18.5, Q=46.5 (fn)
2026-09-23 15:11:00,969 INFO: Plan 0: ḡ=34, γE[v]=0.0, Q=34.0 (fn)
2026-09-23 15:11:01,635 INFO: Plan 1: ḡ=101, γE[v]=36.5, Q=137.5 (fn)
  [41/93] click.core seed=42: {'cov_qvalue_tgt_fnt_bayes': 305}
2026-09-23 15:11:03,281 INFO: Plan 2: ḡ=121, γE[v]=26.5, Q=147.5 (fn)
2026-09-23 15:11:03,282 INFO: Plan 0: ḡ=9.7, γE[v]=24.2, Q=33.8 (bayes)
2026-09-23 15:11:03,282 INFO: Plan 1: ḡ=33.7, γE[v]=14.4, Q=48.0 (bayes)
2026-09-23 15:11:03,282 INFO: Plan 2: ḡ=40.3, γE[v]=10.4, Q=50.8 (bayes)
2026-09-23 15:11:03,963 INFO: Plan 1: ḡ=16, γE[v]=0.0, Q=16.0 (fn)
2026-09-23 15:11:04,007 INFO: Plan 2: ḡ=57, γE[v]=0.0, Q=57.0 (fn)
2026-09-23 15:11:04,017 INFO: Plan 1: ḡ=53, γE[v]=29.5, Q=82.5 (fn)
2026-09-23 15:11:04,018 INFO: Plan 0: ḡ=12.5, γE[v]=89.8, Q=102.2 (bayes)
2026-09-23 15:11:04,018 INFO: Plan 1: ḡ=26.5, γE[v]=84.1, Q=110.6 (bayes)
2026-09-23 15:11:04,019 INFO: Plan 2: ḡ=14.0, γE[v]=89.8, Q=103.8 (bayes)
2026-09-23 15:11:05,671 INFO: Plan 2: ḡ=0, γE[v]=0.0, Q=0.0 (fn)
2026-09-23 15:11:05,862 INFO: Plan 0: ḡ=13, γE[v]=1.5, Q=14.5 (fn)
2026-09-23 15:11:06,162 INFO: Plan 1: ḡ=7, γE[v]=0.0, Q=7.0 (fn)
2026-09-23 15:11:06,391 INFO: Plan 0: ḡ=1, γE[v]=3.0, Q=4.0 (fn)
2026-09-23 15:11:06,392 INFO: Plan 0: ḡ=0.5, γE[v]=1.6, Q=2.1 (bayes)
2026-09-23 15:11:06,392 INFO: Plan 1: ḡ=3.5, γE[v]=0.0, Q=3.5 (bayes)
2026-09-23 15:11:06,392 INFO: Plan 2: ḡ=0.0, γE[v]=1.8, Q=1.8 (bayes)
2026-09-23 15:11:06,807 INFO: Plan 2: ḡ=143, γE[v]=136.5, Q=279.5 (fn)
2026-09-23 15:11:07,382 INFO: Plan 2: ḡ=8, γE[v]=3.0, Q=11.0 (fn)
2026-09-23 15:11:07,383 INFO: Plan 0: ḡ=4.7, γE[v]=14.2, Q=18.8 (bayes)
2026-09-23 15:11:07,383 INFO: Plan 1: ḡ=5.7, γE[v]=13.6, Q=19.2 (bayes)
2026-09-23 15:11:07,383 INFO: Plan 2: ḡ=4.0, γE[v]=14.6, Q=18.6 (bayes)
2026-09-23 15:11:07,942 INFO: Plan 0: ḡ=38, γE[v]=0.0, Q=38.0 (fn)
2026-09-23 15:11:08,282 INFO: Plan 0: ḡ=130, γE[v]=101.5, Q=231.5 (fn)
2026-09-23 15:11:08,282 INFO: Plan 0: ḡ=65.0, γE[v]=143.3, Q=208.3 (bayes)
2026-09-23 15:11:08,283 INFO: Plan 1: ḡ=43.0, γE[v]=149.8, Q=192.8 (bayes)
2026-09-23 15:11:08,283 INFO: Plan 2: ḡ=71.5, γE[v]=141.6, Q=213.1 (bayes)
2026-09-23 15:11:08,535 INFO: Plan 1: ḡ=90, γE[v]=0.0, Q=90.0 (fn)
2026-09-23 15:11:09,257 INFO: Plan 2: ḡ=113, γE[v]=0.0, Q=113.0 (fn)
2026-09-23 15:11:09,905 INFO: Plan 1: ḡ=32, γE[v]=17.0, Q=49.0 (fn)
2026-09-23 15:11:09,909 INFO: Plan 0: ḡ=17.0, γE[v]=19.2, Q=36.2 (bayes)
2026-09-23 15:11:09,911 INFO: Plan 1: ḡ=16.0, γE[v]=20.5, Q=36.5 (bayes)
2026-09-23 15:11:09,913 INFO: Plan 2: ḡ=28.5, γE[v]=13.5, Q=42.0 (bayes)
2026-09-23 15:11:11,575 INFO: Plan 1: ḡ=113, γE[v]=0.0, Q=113.0 (fn)
2026-09-23 15:11:12,549 INFO: Plan 0: ḡ=70, γE[v]=23.5, Q=93.5 (fn)
2026-09-23 15:11:12,550 INFO: Plan 0: ḡ=8.9, γE[v]=13.2, Q=22.1 (bayes)
2026-09-23 15:11:12,550 INFO: Plan 1: ḡ=14.1, γE[v]=8.7, Q=22.8 (bayes)
2026-09-23 15:11:12,550 INFO: Plan 2: ḡ=15.6, γE[v]=8.0, Q=23.6 (bayes)
2026-09-23 15:11:12,764 INFO: Plan 0: ḡ=2, γE[v]=0.0, Q=2.0 (fn)
2026-09-23 15:11:13,035 INFO: Plan 0: ḡ=54, γE[v]=90.5, Q=144.5 (fn)
2026-09-23 15:11:13,617 INFO: Plan 2: ḡ=328, γE[v]=13.5, Q=341.5 (fn)
2026-09-23 15:11:13,617 INFO: Plan 0: ḡ=19.0, γE[v]=99.8, Q=118.8 (bayes)
2026-09-23 15:11:13,617 INFO: Plan 1: ḡ=45.0, γE[v]=86.8, Q=131.8 (bayes)
2026-09-23 15:11:13,617 INFO: Plan 2: ḡ=164.0, γE[v]=27.9, Q=191.9 (bayes)
2026-09-23 15:11:13,659 INFO: Plan 1: ḡ=14, γE[v]=0.0, Q=14.0 (fn)
2026-09-23 15:11:14,191 INFO: Plan 1: ḡ=38, γE[v]=80.0, Q=118.0 (fn)
2026-09-23 15:11:14,232 INFO: Plan 2: ḡ=21, γE[v]=0.0, Q=21.0 (fn)
2026-09-23 15:11:14,233 INFO: Plan 0: ḡ=0.2, γE[v]=2.0, Q=2.3 (bayes)
2026-09-23 15:11:14,233 INFO: Plan 1: ḡ=1.6, γE[v]=1.4, Q=2.9 (bayes)
2026-09-23 15:11:14,233 INFO: Plan 2: ḡ=2.5, γE[v]=0.9, Q=3.4 (bayes)
  [42/93] click.shell_completion seed=42: {'cov_qvalue_tgt_fnt_bayes': 29}
2026-09-23 15:11:17,151 INFO: Plan 2: ḡ=183, γE[v]=25.0, Q=208.0 (fn)
2026-09-23 15:11:17,152 INFO: Plan 0: ḡ=27.0, γE[v]=62.8, Q=89.8 (bayes)
2026-09-23 15:11:17,152 INFO: Plan 1: ḡ=19.0, γE[v]=66.4, Q=85.3 (bayes)
2026-09-23 15:11:17,152 INFO: Plan 2: ḡ=91.5, γE[v]=27.6, Q=119.1 (bayes)
2026-09-23 15:11:17,197 INFO: Plan 1: ḡ=123, γE[v]=72.5, Q=195.5 (fn)
2026-09-23 15:11:18,275 INFO: Plan 0: ḡ=75, γE[v]=12.5, Q=87.5 (fn)
2026-09-23 15:11:18,681 INFO: Plan 2: ḡ=6, γE[v]=0.0, Q=6.0 (fn)
2026-09-23 15:11:19,297 INFO: Plan 0: ḡ=157, γE[v]=72.0, Q=229.0 (fn)
2026-09-23 15:11:19,505 INFO: Plan 1: ḡ=39, γE[v]=0.0, Q=39.0 (fn)
2026-09-23 15:11:20,260 INFO: Plan 2: ḡ=164, γE[v]=105.5, Q=269.5 (fn)
2026-09-23 15:11:20,261 INFO: Plan 0: ḡ=78.5, γE[v]=57.7, Q=136.2 (bayes)
2026-09-23 15:11:20,261 INFO: Plan 1: ḡ=61.5, γE[v]=66.3, Q=127.8 (bayes)
2026-09-23 15:11:20,261 INFO: Plan 2: ḡ=82.0, γE[v]=57.5, Q=139.5 (bayes)
2026-09-23 15:11:20,435 INFO: Plan 2: ḡ=32, γE[v]=0.0, Q=32.0 (fn)
2026-09-23 15:11:22,346 INFO: Plan 0: ḡ=49, γE[v]=0.0, Q=49.0 (fn)
2026-09-23 15:11:22,721 INFO: Plan 1: ḡ=100, γE[v]=3.0, Q=103.0 (fn)
2026-09-23 15:11:22,722 INFO: Plan 0: ḡ=37.5, γE[v]=7.8, Q=45.3 (bayes)
2026-09-23 15:11:22,722 INFO: Plan 1: ḡ=50.0, γE[v]=1.2, Q=51.2 (bayes)
2026-09-23 15:11:22,722 INFO: Plan 2: ḡ=2.0, γE[v]=25.0, Q=27.0 (bayes)
2026-09-23 15:11:23,818 INFO: Plan 1: ḡ=0, γE[v]=0.0, Q=0.0 (fn)
2026-09-23 15:11:23,819 INFO: Plan 0: ḡ=0, γE[v]=0.0, Q=0.0 (fn)
2026-09-23 15:11:23,865 INFO: Plan 1: ḡ=30, γE[v]=0.0, Q=30.0 (fn)
2026-09-23 15:11:23,969 INFO: Plan 0: ḡ=40, γE[v]=0.0, Q=40.0 (fn)
2026-09-23 15:11:24,632 INFO: Plan 2: ḡ=0, γE[v]=0.0, Q=0.0 (fn)
2026-09-23 15:11:24,632 INFO: Plan 0: ḡ=0.0, γE[v]=0.0, Q=0.0 (bayes)
2026-09-23 15:11:24,632 INFO: Plan 1: ḡ=0.0, γE[v]=0.0, Q=0.0 (bayes)
2026-09-23 15:11:24,632 INFO: Plan 2: ḡ=0.0, γE[v]=0.0, Q=0.0 (bayes)
2026-09-23 15:11:25,310 INFO: Plan 2: ḡ=76, γE[v]=0.0, Q=76.0 (fn)
2026-09-23 15:11:25,310 INFO: Plan 0: ḡ=10.0, γE[v]=37.3, Q=47.3 (bayes)
2026-09-23 15:11:25,310 INFO: Plan 1: ḡ=8.8, γE[v]=38.0, Q=46.7 (bayes)
2026-09-23 15:11:25,311 INFO: Plan 2: ḡ=29.3, γE[v]=27.7, Q=57.0 (bayes)
2026-09-23 15:11:26,223 INFO: Plan 1: ḡ=62, γE[v]=0.0, Q=62.0 (fn)
2026-09-23 15:11:26,227 INFO: Plan 1: ḡ=104, γE[v]=0.0, Q=104.0 (fn)
2026-09-23 15:11:27,036 INFO: Plan 1: ḡ=203, γE[v]=0.0, Q=203.0 (fn)
2026-09-23 15:11:27,121 INFO: Plan 2: ḡ=67, γE[v]=0.0, Q=67.0 (fn)
2026-09-23 15:11:27,904 INFO: Plan 2: ḡ=22, γE[v]=0.0, Q=22.0 (fn)
2026-09-23 15:11:27,904 INFO: Plan 0: ḡ=24.5, γE[v]=76.0, Q=100.5 (bayes)
2026-09-23 15:11:27,904 INFO: Plan 1: ḡ=31.0, γE[v]=72.8, Q=103.8 (bayes)
2026-09-23 15:11:27,905 INFO: Plan 2: ḡ=11.0, γE[v]=82.8, Q=93.8 (bayes)
2026-09-23 15:11:28,409 INFO: Plan 0: ḡ=43, γE[v]=35.0, Q=78.0 (fn)
2026-09-23 15:11:28,410 INFO: Plan 0: ḡ=33, γE[v]=0.0, Q=33.0 (fn)
2026-09-23 15:11:28,411 INFO: Plan 0: ḡ=16.5, γE[v]=67.5, Q=84.0 (bayes)
2026-09-23 15:11:28,411 INFO: Plan 1: ḡ=101.5, γE[v]=25.0, Q=126.5 (bayes)
2026-09-23 15:11:28,411 INFO: Plan 0: ḡ=21.5, γE[v]=28.3, Q=49.8 (bayes)
2026-09-23 15:11:28,411 INFO: Plan 2: ḡ=33.5, γE[v]=59.0, Q=92.5 (bayes)
2026-09-23 15:11:28,411 INFO: Plan 1: ḡ=19.5, γE[v]=27.8, Q=47.2 (bayes)
2026-09-23 15:11:28,411 INFO: Plan 2: ḡ=16.0, γE[v]=29.5, Q=45.5 (bayes)
2026-09-23 15:11:29,387 INFO: Plan 2: ḡ=233, γE[v]=0.0, Q=233.0 (fn)
2026-09-23 15:11:29,958 INFO: Plan 0: ḡ=210, γE[v]=0.0, Q=210.0 (fn)
2026-09-23 15:11:29,959 INFO: Plan 0: ḡ=91.0, γE[v]=47.1, Q=138.1 (bayes)
2026-09-23 15:11:29,959 INFO: Plan 1: ḡ=37.8, γE[v]=73.7, Q=111.5 (bayes)
2026-09-23 15:11:29,959 INFO: Plan 2: ḡ=93.7, γE[v]=45.8, Q=139.4 (bayes)
2026-09-23 15:11:30,129 INFO: Plan 2: ḡ=27, γE[v]=0.0, Q=27.0 (fn)
2026-09-23 15:11:30,130 INFO: Plan 0: ḡ=20, γE[v]=0.0, Q=20.0 (fn)
2026-09-23 15:11:31,033 INFO: Plan 1: ḡ=34, γE[v]=2.5, Q=36.5 (fn)
2026-09-23 15:11:31,033 INFO: Plan 0: ḡ=10.0, γE[v]=9.8, Q=19.8 (bayes)
2026-09-23 15:11:31,033 INFO: Plan 1: ḡ=17.0, γE[v]=6.4, Q=23.4 (bayes)
2026-09-23 15:11:31,033 INFO: Plan 2: ḡ=13.5, γE[v]=8.0, Q=21.5 (bayes)
2026-09-23 15:11:34,421 INFO: Plan 1: ḡ=38, γE[v]=0.0, Q=38.0 (fn)
2026-09-23 15:11:35,050 INFO: Plan 2: ḡ=0, γE[v]=0.0, Q=0.0 (fn)
2026-09-23 15:11:35,091 INFO: Plan 2: ḡ=53, γE[v]=0.0, Q=53.0 (fn)
2026-09-23 15:11:35,854 INFO: Plan 0: ḡ=16, γE[v]=10.0, Q=26.0 (fn)
2026-09-23 15:11:36,108 INFO: Plan 2: ḡ=75, γE[v]=0.0, Q=75.0 (fn)
2026-09-23 15:11:36,108 INFO: Plan 0: ḡ=71, γE[v]=24.0, Q=95.0 (fn)
2026-09-23 15:11:36,109 INFO: Plan 0: ḡ=23.7, γE[v]=18.5, Q=42.2 (bayes)
2026-09-23 15:11:36,109 INFO: Plan 1: ḡ=15.0, γE[v]=21.6, Q=36.6 (bayes)
2026-09-23 15:11:36,109 INFO: Plan 2: ḡ=26.5, γE[v]=15.8, Q=42.3 (bayes)
2026-09-23 15:11:36,144 INFO: Plan 1: ḡ=36, γE[v]=0.0, Q=36.0 (fn)
2026-09-23 15:11:36,145 INFO: Plan 0: ḡ=4.0, γE[v]=2.4, Q=6.4 (bayes)
2026-09-23 15:11:36,145 INFO: Plan 1: ḡ=7.3, γE[v]=0.0, Q=7.3 (bayes)
2026-09-23 15:11:36,145 INFO: Plan 2: ḡ=0.0, γE[v]=3.7, Q=3.7 (bayes)
2026-09-23 15:11:36,639 INFO: Plan 1: ḡ=89, γE[v]=0.0, Q=89.0 (fn)
2026-09-23 15:11:36,885 INFO: Plan 0: ḡ=75, γE[v]=0.0, Q=75.0 (fn)
2026-09-23 15:11:36,886 INFO: Plan 0: ḡ=37.5, γE[v]=110.8, Q=148.2 (bayes)
2026-09-23 15:11:36,886 INFO: Plan 1: ḡ=44.5, γE[v]=107.2, Q=151.8 (bayes)
2026-09-23 15:11:36,886 INFO: Plan 2: ḡ=37.5, γE[v]=110.8, Q=148.2 (bayes)
  [43/93] jinja2.loaders seed=42: {'cov_qvalue_tgt_fnt_bayes': 84}
2026-09-23 15:11:38,143 INFO: Plan 1: ḡ=30, γE[v]=0.0, Q=30.0 (fn)
2026-09-23 15:11:39,124 INFO: Plan 0: ḡ=35, γE[v]=0.0, Q=35.0 (fn)
2026-09-23 15:11:39,168 INFO: Plan 2: ḡ=190, γE[v]=20.0, Q=210.0 (fn)
2026-09-23 15:11:39,656 INFO: Plan 0: ḡ=5, γE[v]=0.0, Q=5.0 (fn)
2026-09-23 15:11:39,699 INFO: Plan 1: ḡ=19, γE[v]=0.0, Q=19.0 (fn)
2026-09-23 15:11:39,700 INFO: Plan 1: ḡ=230, γE[v]=33.5, Q=263.5 (fn)
2026-09-23 15:11:40,144 INFO: Plan 2: ḡ=8, γE[v]=0.0, Q=8.0 (fn)
2026-09-23 15:11:40,144 INFO: Plan 0: ḡ=1.7, γE[v]=3.8, Q=5.5 (bayes)
2026-09-23 15:11:40,144 INFO: Plan 1: ḡ=6.3, γE[v]=1.5, Q=7.8 (bayes)
2026-09-23 15:11:40,145 INFO: Plan 2: ḡ=2.7, γE[v]=3.3, Q=6.0 (bayes)
2026-09-23 15:11:40,755 INFO: Plan 2: ḡ=60, γE[v]=0.0, Q=60.0 (fn)
2026-09-23 15:11:40,755 INFO: Plan 0: ḡ=17.5, γE[v]=32.2, Q=49.8 (bayes)
2026-09-23 15:11:40,755 INFO: Plan 1: ḡ=15.0, γE[v]=33.5, Q=48.5 (bayes)
2026-09-23 15:11:40,755 INFO: Plan 2: ḡ=30.0, γE[v]=26.0, Q=56.0 (bayes)
2026-09-23 15:11:41,896 INFO: Plan 0: ḡ=239, γE[v]=29.0, Q=268.0 (fn)
2026-09-23 15:11:41,897 INFO: Plan 0: ḡ=30.8, γE[v]=5.6, Q=36.3 (bayes)
2026-09-23 15:11:41,898 INFO: Plan 1: ḡ=26.1, γE[v]=8.1, Q=34.2 (bayes)
2026-09-23 15:11:41,898 INFO: Plan 2: ḡ=21.7, γE[v]=9.4, Q=31.1 (bayes)
2026-09-23 15:11:43,476 INFO: Plan 2: ḡ=10, γE[v]=0.0, Q=10.0 (fn)
  [44/93] click.parser seed=42: {'cov_qvalue_tgt_fnt_bayes': 28}
2026-09-23 15:11:43,904 INFO: Plan 1: ḡ=11, γE[v]=0.0, Q=11.0 (fn)
2026-09-23 15:11:45,460 INFO: Plan 0: ḡ=31, γE[v]=0.0, Q=31.0 (fn)
2026-09-23 15:11:45,797 INFO: Plan 0: ḡ=14, γE[v]=0.0, Q=14.0 (fn)
2026-09-23 15:11:45,798 INFO: Plan 0: ḡ=4.7, γE[v]=0.0, Q=4.7 (bayes)
2026-09-23 15:11:45,798 INFO: Plan 1: ḡ=3.7, γE[v]=0.5, Q=4.2 (bayes)
2026-09-23 15:11:45,798 INFO: Plan 2: ḡ=3.3, γE[v]=0.7, Q=4.0 (bayes)
2026-09-23 15:11:46,334 INFO: Plan 1: ḡ=37, γE[v]=45.5, Q=82.5 (fn)
2026-09-23 15:11:46,703 INFO: Plan 1: ḡ=8, γE[v]=0.0, Q=8.0 (fn)
2026-09-23 15:11:46,923 INFO: Plan 2: ḡ=17, γE[v]=0.0, Q=17.0 (fn)
2026-09-23 15:11:46,926 INFO: Plan 0: ḡ=15.5, γE[v]=6.0, Q=21.5 (bayes)
2026-09-23 15:11:46,928 INFO: Plan 1: ḡ=4.0, γE[v]=11.8, Q=15.8 (bayes)
2026-09-23 15:11:46,929 INFO: Plan 2: ḡ=8.5, γE[v]=9.5, Q=18.0 (bayes)
2026-09-23 15:11:46,964 INFO: Plan 0: ḡ=15, γE[v]=0.0, Q=15.0 (fn)
2026-09-23 15:11:47,432 INFO: Plan 2: ḡ=15, γE[v]=0.0, Q=15.0 (fn)
2026-09-23 15:11:47,432 INFO: Plan 1: ḡ=15, γE[v]=0.0, Q=15.0 (fn)
2026-09-23 15:11:47,433 INFO: Plan 0: ḡ=5.0, γE[v]=5.0, Q=10.0 (bayes)
2026-09-23 15:11:47,433 INFO: Plan 1: ḡ=5.0, γE[v]=5.0, Q=10.0 (bayes)
2026-09-23 15:11:47,433 INFO: Plan 2: ḡ=5.0, γE[v]=5.0, Q=10.0 (bayes)
2026-09-23 15:11:49,035 INFO: Plan 1: ḡ=3, γE[v]=0.0, Q=3.0 (fn)
2026-09-23 15:11:49,715 INFO: Plan 2: ḡ=15, γE[v]=0.0, Q=15.0 (fn)
2026-09-23 15:11:50,066 INFO: Plan 0: ḡ=2, γE[v]=0.0, Q=2.0 (fn)
2026-09-23 15:11:50,227 INFO: Plan 0: ḡ=14, γE[v]=0.0, Q=14.0 (fn)
2026-09-23 15:11:50,387 INFO: Plan 1: ḡ=2, γE[v]=0.0, Q=2.0 (fn)
2026-09-23 15:11:50,388 INFO: Plan 2: ḡ=96, γE[v]=20.5, Q=116.5 (fn)
2026-09-23 15:11:50,388 INFO: Plan 0: ḡ=0.7, γE[v]=2.8, Q=3.5 (bayes)
2026-09-23 15:11:50,389 INFO: Plan 1: ḡ=0.7, γE[v]=2.8, Q=3.5 (bayes)
2026-09-23 15:11:50,389 INFO: Plan 2: ḡ=5.0, γE[v]=0.7, Q=5.7 (bayes)
2026-09-23 15:11:51,108 INFO: Plan 1: ḡ=38, γE[v]=0.0, Q=38.0 (fn)
2026-09-23 15:11:51,466 INFO: Plan 0: ḡ=79, γE[v]=41.0, Q=120.0 (fn)
2026-09-23 15:11:51,467 INFO: Plan 0: ḡ=39.5, γE[v]=22.8, Q=62.3 (bayes)
2026-09-23 15:11:51,467 INFO: Plan 1: ḡ=18.5, γE[v]=33.5, Q=52.0 (bayes)
2026-09-23 15:11:51,467 INFO: Plan 2: ḡ=48.0, γE[v]=17.7, Q=65.7 (bayes)
2026-09-23 15:11:51,824 INFO: Plan 1: ḡ=48, γE[v]=0.0, Q=48.0 (fn)
2026-09-23 15:11:52,155 INFO: Plan 2: ḡ=25, γE[v]=5.0, Q=30.0 (fn)
2026-09-23 15:11:52,156 INFO: Plan 0: ḡ=4.7, γE[v]=3.5, Q=8.2 (bayes)
2026-09-23 15:11:52,156 INFO: Plan 1: ḡ=1.0, γE[v]=5.3, Q=6.3 (bayes)
2026-09-23 15:11:52,156 INFO: Plan 2: ḡ=8.3, γE[v]=2.0, Q=10.3 (bayes)
2026-09-23 15:11:52,908 INFO: Plan 0: ḡ=116, γE[v]=11.0, Q=127.0 (fn)
2026-09-23 15:11:53,765 INFO: Plan 2: ḡ=48, γE[v]=4.5, Q=52.5 (fn)
2026-09-23 15:11:54,069 INFO: Plan 0: ḡ=65, γE[v]=0.0, Q=65.0 (fn)
2026-09-23 15:11:54,070 INFO: Plan 2: ḡ=127, γE[v]=5.5, Q=132.5 (fn)
2026-09-23 15:11:54,070 INFO: Plan 0: ḡ=58.0, γE[v]=18.0, Q=76.0 (bayes)
2026-09-23 15:11:54,071 INFO: Plan 1: ḡ=19.0, γE[v]=37.0, Q=56.0 (bayes)
2026-09-23 15:11:54,071 INFO: Plan 2: ḡ=63.5, γE[v]=15.0, Q=78.5 (bayes)
2026-09-23 15:11:54,955 INFO: Plan 1: ḡ=15, γE[v]=2.0, Q=17.0 (fn)
2026-09-23 15:11:55,237 INFO: Plan 0: ḡ=8, γE[v]=0.0, Q=8.0 (fn)
2026-09-23 15:11:55,327 INFO: Plan 0: ḡ=33, γE[v]=0.0, Q=33.0 (fn)
2026-09-23 15:11:56,227 INFO: Plan 1: ḡ=8, γE[v]=0.0, Q=8.0 (fn)
2026-09-23 15:11:56,268 INFO: Plan 2: ḡ=8, γE[v]=0.0, Q=8.0 (fn)
2026-09-23 15:11:56,269 INFO: Plan 0: ḡ=2.7, γE[v]=0.0, Q=2.7 (bayes)
2026-09-23 15:11:56,269 INFO: Plan 1: ḡ=2.7, γE[v]=0.0, Q=2.7 (bayes)
2026-09-23 15:11:56,269 INFO: Plan 2: ḡ=2.7, γE[v]=0.0, Q=2.7 (bayes)
2026-09-23 15:11:56,767 INFO: Plan 1: ḡ=190, γE[v]=0.0, Q=190.0 (fn)
2026-09-23 15:11:56,815 INFO: Plan 1: ḡ=32, γE[v]=0.0, Q=32.0 (fn)
2026-09-23 15:11:57,554 INFO: Plan 2: ḡ=12, γE[v]=0.0, Q=12.0 (fn)
2026-09-23 15:11:57,722 INFO: Plan 1: ḡ=27, γE[v]=0.0, Q=27.0 (fn)
2026-09-23 15:11:57,987 INFO: Plan 0: ḡ=15, γE[v]=0.0, Q=15.0 (fn)
2026-09-23 15:11:57,988 INFO: Plan 0: ḡ=4.7, γE[v]=19.4, Q=24.1 (bayes)
2026-09-23 15:11:57,988 INFO: Plan 1: ḡ=5.2, γE[v]=19.1, Q=24.3 (bayes)
2026-09-23 15:11:57,988 INFO: Plan 2: ḡ=3.3, γE[v]=20.1, Q=23.4 (bayes)
2026-09-23 15:11:58,500 INFO: Plan 0: ḡ=25, γE[v]=16.0, Q=41.0 (fn)
2026-09-23 15:11:58,501 INFO: Plan 0: ḡ=11.0, γE[v]=8.7, Q=19.7 (bayes)
2026-09-23 15:11:58,501 INFO: Plan 1: ḡ=24.0, γE[v]=1.5, Q=25.5 (bayes)
2026-09-23 15:11:58,501 INFO: Plan 2: ḡ=24.0, γE[v]=1.8, Q=25.8 (bayes)
2026-09-23 15:11:58,865 INFO: Plan 0: ḡ=57, γE[v]=0.0, Q=57.0 (fn)
2026-09-23 15:11:59,375 INFO: Plan 1: ḡ=16, γE[v]=0.0, Q=16.0 (fn)
2026-09-23 15:11:59,547 INFO: Plan 2: ḡ=40, γE[v]=0.0, Q=40.0 (fn)
2026-09-23 15:11:59,549 INFO: Plan 0: ḡ=20, γE[v]=0.0, Q=20.0 (fn)
2026-09-23 15:11:59,550 INFO: Plan 0: ḡ=28.5, γE[v]=103.4, Q=131.9 (bayes)
2026-09-23 15:11:59,552 INFO: Plan 1: ḡ=13.5, γE[v]=110.9, Q=124.4 (bayes)
2026-09-23 15:11:59,552 INFO: Plan 2: ḡ=15.8, γE[v]=109.8, Q=125.6 (bayes)
2026-09-23 15:12:00,424 INFO: Plan 0: ḡ=79, γE[v]=5.5, Q=84.5 (fn)
  [45/93] jinja2.compiler seed=42: {'cov_qvalue_tgt_fnt_bayes': 298}
2026-09-23 15:12:00,902 INFO: Plan 2: ḡ=42, γE[v]=0.0, Q=42.0 (fn)
2026-09-23 15:12:00,903 INFO: Plan 0: ḡ=6.7, γE[v]=6.3, Q=13.0 (bayes)
2026-09-23 15:12:00,903 INFO: Plan 1: ḡ=5.3, γE[v]=7.0, Q=12.3 (bayes)
2026-09-23 15:12:00,903 INFO: Plan 2: ḡ=14.0, γE[v]=2.7, Q=16.7 (bayes)
2026-09-23 15:12:01,963 INFO: Plan 2: ḡ=27, γE[v]=50.5, Q=77.5 (fn)
2026-09-23 15:12:01,963 INFO: Plan 0: ḡ=32.5, γE[v]=42.0, Q=74.5 (bayes)
2026-09-23 15:12:01,963 INFO: Plan 1: ḡ=7.5, γE[v]=54.6, Q=62.1 (bayes)
2026-09-23 15:12:01,963 INFO: Plan 2: ḡ=13.5, γE[v]=53.8, Q=67.3 (bayes)
2026-09-23 15:12:02,356 INFO: Plan 1: ḡ=73, γE[v]=0.0, Q=73.0 (fn)
2026-09-23 15:12:03,152 INFO: Plan 0: ḡ=53, γE[v]=0.0, Q=53.0 (fn)
2026-09-23 15:12:03,637 INFO: Plan 1: ḡ=23, γE[v]=0.0, Q=23.0 (fn)
2026-09-23 15:12:04,695 INFO: Plan 2: ḡ=154, γE[v]=0.0, Q=154.0 (fn)
2026-09-23 15:12:04,696 INFO: Plan 0: ḡ=39.5, γE[v]=32.2, Q=71.8 (bayes)
2026-09-23 15:12:04,696 INFO: Plan 1: ḡ=36.5, γE[v]=33.5, Q=70.0 (bayes)
2026-09-23 15:12:04,696 INFO: Plan 2: ḡ=77.0, γE[v]=13.2, Q=90.2 (bayes)
2026-09-23 15:12:04,741 INFO: Plan 0: ḡ=28, γE[v]=0.0, Q=28.0 (fn)
2026-09-23 15:12:05,277 INFO: Plan 2: ḡ=155, γE[v]=53.0, Q=208.0 (fn)
2026-09-23 15:12:05,278 INFO: Plan 0: ḡ=16.5, γE[v]=140.5, Q=157.0 (bayes)
2026-09-23 15:12:05,278 INFO: Plan 1: ḡ=95.0, γE[v]=101.2, Q=196.2 (bayes)
2026-09-23 15:12:05,278 INFO: Plan 2: ḡ=77.5, γE[v]=112.4, Q=189.9 (bayes)
2026-09-23 15:12:05,611 INFO: Plan 2: ḡ=132, γE[v]=0.0, Q=132.0 (fn)
2026-09-23 15:12:05,612 INFO: Plan 0: ḡ=22.7, γE[v]=102.0, Q=124.7 (bayes)
2026-09-23 15:12:05,612 INFO: Plan 1: ḡ=11.5, γE[v]=107.6, Q=119.1 (bayes)
2026-09-23 15:12:05,612 INFO: Plan 2: ḡ=66.0, γE[v]=80.3, Q=146.3 (bayes)
2026-09-23 15:12:10,724 INFO: Plan 0: ḡ=55, γE[v]=0.0, Q=55.0 (fn)
2026-09-23 15:12:10,879 INFO: Plan 1: ḡ=15, γE[v]=0.0, Q=15.0 (fn)
2026-09-23 15:12:11,756 INFO: Plan 0: ḡ=41, γE[v]=25.0, Q=66.0 (fn)
2026-09-23 15:12:11,787 INFO: Plan 1: ḡ=34, γE[v]=19.5, Q=53.5 (fn)
2026-09-23 15:12:12,097 INFO: Plan 2: ḡ=43, γE[v]=16.5, Q=59.5 (fn)
2026-09-23 15:12:12,099 INFO: Plan 1: ḡ=23, γE[v]=0.0, Q=23.0 (fn)
2026-09-23 15:12:12,472 INFO: Plan 0: ḡ=31, γE[v]=0.0, Q=31.0 (fn)
2026-09-23 15:12:12,795 INFO: Plan 2: ḡ=68, γE[v]=0.0, Q=68.0 (fn)
2026-09-23 15:12:12,796 INFO: Plan 0: ḡ=27.5, γE[v]=47.3, Q=74.8 (bayes)
2026-09-23 15:12:12,796 INFO: Plan 1: ḡ=5.4, γE[v]=58.3, Q=63.8 (bayes)
2026-09-23 15:12:12,796 INFO: Plan 2: ḡ=23.5, γE[v]=49.3, Q=72.8 (bayes)
2026-09-23 15:12:13,598 INFO: Plan 2: ḡ=305, γE[v]=56.5, Q=361.5 (fn)
2026-09-23 15:12:13,599 INFO: Plan 0: ḡ=14.0, γE[v]=114.5, Q=128.5 (bayes)
2026-09-23 15:12:13,599 INFO: Plan 1: ḡ=17.0, γE[v]=113.9, Q=130.9 (bayes)
2026-09-23 15:12:13,599 INFO: Plan 2: ḡ=152.5, γE[v]=47.8, Q=200.3 (bayes)
2026-09-23 15:12:15,078 INFO: Plan 2: ḡ=32, γE[v]=0.0, Q=32.0 (fn)
2026-09-23 15:12:15,081 INFO: Plan 0: ḡ=58, γE[v]=26.5, Q=84.5 (fn)
2026-09-23 15:12:15,081 INFO: Plan 0: ḡ=12.0, γE[v]=9.8, Q=21.8 (bayes)
2026-09-23 15:12:15,081 INFO: Plan 1: ḡ=10.8, γE[v]=10.3, Q=21.2 (bayes)
2026-09-23 15:12:15,081 INFO: Plan 2: ḡ=13.3, γE[v]=9.1, Q=22.4 (bayes)
2026-09-23 15:12:15,320 INFO: Plan 1: ḡ=24, γE[v]=43.0, Q=67.0 (fn)
2026-09-23 15:12:15,878 INFO: Plan 2: ḡ=69, γE[v]=21.0, Q=90.0 (fn)
2026-09-23 15:12:15,878 INFO: Plan 0: ḡ=29.0, γE[v]=14.4, Q=43.4 (bayes)
2026-09-23 15:12:15,879 INFO: Plan 1: ḡ=12.0, γE[v]=23.7, Q=35.7 (bayes)
2026-09-23 15:12:15,879 INFO: Plan 2: ḡ=34.5, γE[v]=11.4, Q=46.0 (bayes)
2026-09-23 15:12:16,381 INFO: Plan 0: ḡ=32, γE[v]=0.0, Q=32.0 (fn)
2026-09-23 15:12:16,856 INFO: Plan 1: ḡ=8, γE[v]=0.0, Q=8.0 (fn)
2026-09-23 15:12:17,145 INFO: Plan 1: ḡ=39, γE[v]=8.0, Q=47.0 (fn)
2026-09-23 15:12:17,145 INFO: Plan 0: ḡ=20.5, γE[v]=82.9, Q=103.4 (bayes)
2026-09-23 15:12:17,145 INFO: Plan 1: ḡ=19.5, γE[v]=82.6, Q=102.1 (bayes)
2026-09-23 15:12:17,145 INFO: Plan 2: ḡ=21.5, γE[v]=82.0, Q=103.5 (bayes)
2026-09-23 15:12:17,435 INFO: Plan 2: ḡ=7, γE[v]=0.0, Q=7.0 (fn)
2026-09-23 15:12:17,986 INFO: Plan 1: ḡ=29, γE[v]=0.0, Q=29.0 (fn)
2026-09-23 15:12:18,840 INFO: Plan 2: ḡ=7, γE[v]=0.0, Q=7.0 (fn)
2026-09-23 15:12:18,841 INFO: Plan 0: ḡ=16.0, γE[v]=62.8, Q=78.8 (bayes)
2026-09-23 15:12:18,841 INFO: Plan 1: ḡ=3.3, γE[v]=69.1, Q=72.4 (bayes)
2026-09-23 15:12:18,841 INFO: Plan 2: ḡ=3.5, γE[v]=69.0, Q=72.5 (bayes)
2026-09-23 15:12:19,695 INFO: Plan 0: ḡ=29, γE[v]=0.0, Q=29.0 (fn)
2026-09-23 15:12:23,934 INFO: Plan 0: ḡ=17, γE[v]=20.5, Q=37.5 (fn)
2026-09-23 15:12:24,172 INFO: Plan 1: ḡ=0, γE[v]=0.0, Q=0.0 (fn)
2026-09-23 15:12:24,174 INFO: Plan 0: ḡ=0, γE[v]=0.0, Q=0.0 (fn)
2026-09-23 15:12:24,218 INFO: Plan 0: ḡ=25, γE[v]=21.5, Q=46.5 (fn)
2026-09-23 15:12:24,219 INFO: Plan 2: ḡ=0, γE[v]=0.0, Q=0.0 (fn)
2026-09-23 15:12:24,220 INFO: Plan 0: ḡ=6.8, γE[v]=26.0, Q=32.8 (bayes)
2026-09-23 15:12:24,221 INFO: Plan 1: ḡ=9.7, γE[v]=23.3, Q=33.0 (bayes)
2026-09-23 15:12:24,223 INFO: Plan 2: ḡ=3.2, γE[v]=26.6, Q=29.8 (bayes)
2026-09-23 15:12:24,223 INFO: Plan 0: ḡ=0.0, γE[v]=0.0, Q=0.0 (bayes)
2026-09-23 15:12:24,225 INFO: Plan 1: ḡ=0.0, γE[v]=0.0, Q=0.0 (bayes)
2026-09-23 15:12:24,227 INFO: Plan 2: ḡ=0.0, γE[v]=0.0, Q=0.0 (bayes)
2026-09-23 15:12:26,197 INFO: Plan 0: ḡ=0, γE[v]=0.0, Q=0.0 (fn)
2026-09-23 15:12:26,197 INFO: Plan 1: ḡ=0, γE[v]=0.0, Q=0.0 (fn)
  [46/93] jinja2.runtime seed=42: {'cov_qvalue_tgt_fnt_bayes': 123}
2026-09-23 15:12:26,715 INFO: Plan 2: ḡ=65, γE[v]=0.0, Q=65.0 (fn)
2026-09-23 15:12:27,204 INFO: Plan 2: ḡ=0, γE[v]=0.0, Q=0.0 (fn)
2026-09-23 15:12:27,211 INFO: Plan 0: ḡ=0.0, γE[v]=0.0, Q=0.0 (bayes)
2026-09-23 15:12:27,211 INFO: Plan 1: ḡ=0.0, γE[v]=0.0, Q=0.0 (bayes)
2026-09-23 15:12:27,211 INFO: Plan 2: ḡ=0.0, γE[v]=0.0, Q=0.0 (bayes)
2026-09-23 15:12:27,245 INFO: Plan 1: ḡ=39, γE[v]=0.0, Q=39.0 (fn)
2026-09-23 15:12:27,699 INFO: Plan 1: ḡ=23, γE[v]=0.0, Q=23.0 (fn)
2026-09-23 15:12:27,826 INFO: Plan 2: ḡ=16, γE[v]=0.0, Q=16.0 (fn)
2026-09-23 15:12:28,198 INFO: Plan 0: ḡ=36, γE[v]=0.0, Q=36.0 (fn)
2026-09-23 15:12:28,199 INFO: Plan 0: ḡ=17.2, γE[v]=16.1, Q=33.2 (bayes)
2026-09-23 15:12:28,199 INFO: Plan 1: ḡ=8.0, γE[v]=20.7, Q=28.7 (bayes)
2026-09-23 15:12:28,199 INFO: Plan 2: ḡ=6.5, γE[v]=21.4, Q=27.9 (bayes)
2026-09-23 15:12:28,242 INFO: Plan 2: ḡ=110, γE[v]=10.0, Q=120.0 (fn)
2026-09-23 15:12:29,579 INFO: Plan 1: ḡ=29, γE[v]=38.5, Q=67.5 (fn)
2026-09-23 15:12:29,925 INFO: Plan 2: ḡ=113, γE[v]=0.0, Q=113.0 (fn)
2026-09-23 15:12:30,925 INFO: Plan 0: ḡ=37, γE[v]=0.0, Q=37.0 (fn)
2026-09-23 15:12:30,964 INFO: Plan 1: ḡ=19, γE[v]=0.0, Q=19.0 (fn)
2026-09-23 15:12:30,965 INFO: Plan 2: ḡ=16, γE[v]=0.0, Q=16.0 (fn)
2026-09-23 15:12:30,966 INFO: Plan 0: ḡ=13.2, γE[v]=7.7, Q=20.9 (bayes)
2026-09-23 15:12:30,966 INFO: Plan 1: ḡ=6.5, γE[v]=11.1, Q=17.6 (bayes)
2026-09-23 15:12:30,966 INFO: Plan 2: ḡ=6.0, γE[v]=11.3, Q=17.3 (bayes)
2026-09-23 15:12:32,626 INFO: Plan 2: ḡ=121, γE[v]=26.5, Q=147.5 (fn)
2026-09-23 15:12:32,627 INFO: Plan 0: ḡ=7.2, γE[v]=18.1, Q=25.4 (bayes)
2026-09-23 15:12:32,627 INFO: Plan 1: ḡ=7.2, γE[v]=20.7, Q=28.0 (bayes)
2026-09-23 15:12:32,627 INFO: Plan 2: ḡ=30.2, γE[v]=8.4, Q=38.7 (bayes)
2026-09-23 15:12:33,129 INFO: Plan 0: ḡ=19, γE[v]=28.0, Q=47.0 (fn)
2026-09-23 15:12:33,129 INFO: Plan 0: ḡ=9.5, γE[v]=39.3, Q=48.8 (bayes)
2026-09-23 15:12:33,129 INFO: Plan 1: ḡ=19.5, γE[v]=33.0, Q=52.5 (bayes)
2026-09-23 15:12:33,129 INFO: Plan 2: ḡ=32.5, γE[v]=26.5, Q=59.0 (bayes)
2026-09-23 15:12:33,301 INFO: Plan 0: ḡ=49, γE[v]=0.0, Q=49.0 (fn)
2026-09-23 15:12:33,533 INFO: Plan 2: ḡ=16, γE[v]=0.0, Q=16.0 (fn)
2026-09-23 15:12:33,790 INFO: Plan 0: ḡ=20, γE[v]=0.0, Q=20.0 (fn)
2026-09-23 15:12:33,986 INFO: Plan 0: ḡ=41, γE[v]=0.0, Q=41.0 (fn)
2026-09-23 15:12:34,131 INFO: Plan 1: ḡ=42, γE[v]=0.0, Q=42.0 (fn)
2026-09-23 15:12:34,590 INFO: Plan 2: ḡ=27, γE[v]=0.0, Q=27.0 (fn)
2026-09-23 15:12:34,720 INFO: Plan 1: ḡ=27, γE[v]=6.0, Q=33.0 (fn)
2026-09-23 15:12:34,721 INFO: Plan 1: ḡ=81, γE[v]=50.5, Q=131.5 (fn)
2026-09-23 15:12:34,722 INFO: Plan 0: ḡ=10.0, γE[v]=6.5, Q=16.5 (bayes)
2026-09-23 15:12:34,722 INFO: Plan 0: ḡ=8.5, γE[v]=43.4, Q=51.9 (bayes)
2026-09-23 15:12:34,722 INFO: Plan 1: ḡ=9.0, γE[v]=7.4, Q=16.4 (bayes)
2026-09-23 15:12:34,723 INFO: Plan 1: ḡ=40.5, γE[v]=28.8, Q=69.3 (bayes)
2026-09-23 15:12:34,723 INFO: Plan 2: ḡ=9.0, γE[v]=7.0, Q=16.0 (bayes)
2026-09-23 15:12:34,723 INFO: Plan 2: ḡ=55.0, γE[v]=19.7, Q=74.7 (bayes)
2026-09-23 15:12:35,086 INFO: Plan 2: ḡ=55, γE[v]=0.0, Q=55.0 (fn)
2026-09-23 15:12:35,333 INFO: Plan 1: ḡ=116, γE[v]=44.5, Q=160.5 (fn)
2026-09-23 15:12:36,169 INFO: Plan 0: ḡ=115, γE[v]=47.0, Q=162.0 (fn)
2026-09-23 15:12:36,170 INFO: Plan 0: ḡ=130, γE[v]=77.0, Q=207.0 (fn)
2026-09-23 15:12:36,170 INFO: Plan 0: ḡ=14.5, γE[v]=11.3, Q=25.8 (bayes)
2026-09-23 15:12:36,171 INFO: Plan 0: ḡ=51.8, γE[v]=94.5, Q=146.4 (bayes)
2026-09-23 15:12:36,171 INFO: Plan 1: ḡ=14.5, γE[v]=11.1, Q=25.6 (bayes)
2026-09-23 15:12:36,171 INFO: Plan 1: ḡ=15.7, γE[v]=108.0, Q=123.7 (bayes)
2026-09-23 15:12:36,171 INFO: Plan 2: ḡ=13.7, γE[v]=8.0, Q=21.6 (bayes)
2026-09-23 15:12:36,171 INFO: Plan 2: ḡ=19.8, γE[v]=105.9, Q=125.8 (bayes)
2026-09-23 15:12:36,627 INFO: Plan 1: ḡ=53, γE[v]=3.0, Q=56.0 (fn)
2026-09-23 15:12:36,755 INFO: Plan 0: ḡ=6, γE[v]=0.0, Q=6.0 (fn)
2026-09-23 15:12:36,757 INFO: Plan 2: ḡ=4, γE[v]=0.0, Q=4.0 (fn)
2026-09-23 15:12:36,996 INFO: Plan 2: ḡ=12, γE[v]=0.0, Q=12.0 (fn)
2026-09-23 15:12:36,997 INFO: Plan 0: ḡ=24.5, γE[v]=60.5, Q=85.0 (bayes)
2026-09-23 15:12:36,997 INFO: Plan 1: ḡ=26.0, γE[v]=59.9, Q=85.9 (bayes)
2026-09-23 15:12:36,997 INFO: Plan 2: ḡ=6.0, γE[v]=69.8, Q=75.8 (bayes)
2026-09-23 15:12:37,517 INFO: Plan 1: ḡ=26, γE[v]=0.0, Q=26.0 (fn)
2026-09-23 15:12:38,058 INFO: Plan 0: ḡ=24, γE[v]=0.0, Q=24.0 (fn)
  [47/93] jinja2.ext seed=42: {'cov_qvalue_tgt_fnt_bayes': 28}
2026-09-23 15:12:38,589 INFO: Plan 2: ḡ=2, γE[v]=0.0, Q=2.0 (fn)
2026-09-23 15:12:38,783 INFO: Plan 1: ḡ=8, γE[v]=0.0, Q=8.0 (fn)
2026-09-23 15:12:39,515 INFO: Plan 1: ḡ=45, γE[v]=0.0, Q=45.0 (fn)
2026-09-23 15:12:40,004 INFO: Plan 0: ḡ=101, γE[v]=0.0, Q=101.0 (fn)
2026-09-23 15:12:40,303 INFO: Plan 1: ḡ=4, γE[v]=4.0, Q=8.0 (fn)
2026-09-23 15:12:40,349 INFO: Plan 2: ḡ=6, γE[v]=3.0, Q=9.0 (fn)
2026-09-23 15:12:40,350 INFO: Plan 0: ḡ=2.0, γE[v]=0.8, Q=2.8 (bayes)
2026-09-23 15:12:40,350 INFO: Plan 1: ḡ=1.2, γE[v]=1.4, Q=2.6 (bayes)
2026-09-23 15:12:40,350 INFO: Plan 2: ḡ=1.5, γE[v]=1.2, Q=2.7 (bayes)
2026-09-23 15:12:40,672 INFO: Plan 0: ḡ=4, γE[v]=0.0, Q=4.0 (fn)
2026-09-23 15:12:40,673 INFO: Plan 0: ḡ=1.0, γE[v]=1.2, Q=2.2 (bayes)
2026-09-23 15:12:40,673 INFO: Plan 1: ḡ=2.0, γE[v]=0.8, Q=2.8 (bayes)
2026-09-23 15:12:40,674 INFO: Plan 2: ḡ=0.5, γE[v]=1.5, Q=2.0 (bayes)
2026-09-23 15:12:41,097 INFO: Plan 2: ḡ=64, γE[v]=18.5, Q=82.5 (fn)
2026-09-23 15:12:41,522 INFO: Plan 1: ḡ=56, γE[v]=22.5, Q=78.5 (fn)
2026-09-23 15:12:41,522 INFO: Plan 0: ḡ=50.5, γE[v]=0.0, Q=50.5 (bayes)
2026-09-23 15:12:41,523 INFO: Plan 1: ḡ=28.0, γE[v]=12.3, Q=40.3 (bayes)
2026-09-23 15:12:41,523 INFO: Plan 2: ḡ=32.0, γE[v]=10.1, Q=42.1 (bayes)
2026-09-23 15:12:42,050 INFO: Plan 0: ḡ=63, γE[v]=15.0, Q=78.0 (fn)
2026-09-23 15:12:42,051 INFO: Plan 0: ḡ=21.0, γE[v]=5.9, Q=26.9 (bayes)
2026-09-23 15:12:42,051 INFO: Plan 1: ḡ=8.7, γE[v]=11.2, Q=19.8 (bayes)
2026-09-23 15:12:42,051 INFO: Plan 2: ḡ=1.3, γE[v]=14.8, Q=16.2 (bayes)
2026-09-23 15:12:42,482 INFO: Plan 2: ḡ=45, γE[v]=13.5, Q=58.5 (fn)
2026-09-23 15:12:42,482 INFO: Plan 0: ḡ=9.7, γE[v]=22.2, Q=31.9 (bayes)
2026-09-23 15:12:42,482 INFO: Plan 1: ḡ=20.7, γE[v]=16.7, Q=37.4 (bayes)
2026-09-23 15:12:42,483 INFO: Plan 2: ḡ=16.0, γE[v]=19.9, Q=35.9 (bayes)
2026-09-23 15:12:43,341 INFO: Plan 2: ḡ=67, γE[v]=0.0, Q=67.0 (fn)
2026-09-23 15:12:43,778 INFO: Plan 0: ḡ=28, γE[v]=0.0, Q=28.0 (fn)
2026-09-23 15:12:44,207 INFO: Plan 1: ḡ=199, γE[v]=0.0, Q=199.0 (fn)
2026-09-23 15:12:44,207 INFO: Plan 0: ḡ=14.0, γE[v]=41.2, Q=55.2 (bayes)
2026-09-23 15:12:44,207 INFO: Plan 1: ḡ=75.3, γE[v]=10.5, Q=85.8 (bayes)
2026-09-23 15:12:44,207 INFO: Plan 2: ḡ=33.5, γE[v]=31.4, Q=64.9 (bayes)
2026-09-23 15:12:44,769 INFO: Plan 0: ḡ=79, γE[v]=97.5, Q=176.5 (fn)
2026-09-23 15:12:45,051 INFO: Plan 0: ḡ=5, γE[v]=0.0, Q=5.0 (fn)
2026-09-23 15:12:45,183 INFO: Plan 1: ḡ=42, γE[v]=12.0, Q=54.0 (fn)
2026-09-23 15:12:45,185 INFO: Plan 1: ḡ=133, γE[v]=70.0, Q=203.0 (fn)
2026-09-23 15:12:45,186 INFO: Plan 2: ḡ=163, γE[v]=104.5, Q=267.5 (fn)
2026-09-23 15:12:45,189 INFO: Plan 0: ḡ=13.8, γE[v]=6.0, Q=19.8 (bayes)
2026-09-23 15:12:45,191 INFO: Plan 1: ḡ=15.3, γE[v]=5.9, Q=21.2 (bayes)
2026-09-23 15:12:45,191 INFO: Plan 2: ḡ=7.5, γE[v]=9.2, Q=16.7 (bayes)
2026-09-23 15:12:45,193 INFO: Plan 0: ḡ=26.3, γE[v]=55.2, Q=81.5 (bayes)
2026-09-23 15:12:45,193 INFO: Plan 1: ḡ=44.3, γE[v]=44.5, Q=88.9 (bayes)
2026-09-23 15:12:45,193 INFO: Plan 2: ḡ=54.3, γE[v]=41.6, Q=95.9 (bayes)
2026-09-23 15:12:45,851 INFO: Plan 2: ḡ=15, γE[v]=0.0, Q=15.0 (fn)
2026-09-23 15:12:45,939 INFO: Plan 1: ḡ=11, γE[v]=0.0, Q=11.0 (fn)
2026-09-23 15:12:46,343 INFO: Plan 0: ḡ=73, γE[v]=0.0, Q=73.0 (fn)
2026-09-23 15:12:46,344 INFO: Plan 1: ḡ=2, γE[v]=0.0, Q=2.0 (fn)
2026-09-23 15:12:46,694 INFO: Plan 2: ḡ=6, γE[v]=0.0, Q=6.0 (fn)
2026-09-23 15:12:47,003 INFO: Plan 1: ḡ=82, γE[v]=0.0, Q=82.0 (fn)
2026-09-23 15:12:47,263 INFO: Plan 2: ḡ=49, γE[v]=0.0, Q=49.0 (fn)
2026-09-23 15:12:47,263 INFO: Plan 0: ḡ=36.5, γE[v]=69.0, Q=105.5 (bayes)
2026-09-23 15:12:47,264 INFO: Plan 1: ḡ=41.0, γE[v]=66.8, Q=107.8 (bayes)
2026-09-23 15:12:47,264 INFO: Plan 2: ḡ=24.5, γE[v]=75.0, Q=99.5 (bayes)
2026-09-23 15:12:47,497 INFO: Plan 1: ḡ=9, γE[v]=0.0, Q=9.0 (fn)
2026-09-23 15:12:47,497 INFO: Plan 0: ḡ=1.7, γE[v]=0.8, Q=2.5 (bayes)
2026-09-23 15:12:47,497 INFO: Plan 1: ḡ=2.9, γE[v]=0.2, Q=3.1 (bayes)
2026-09-23 15:12:47,497 INFO: Plan 2: ḡ=1.9, γE[v]=0.7, Q=2.6 (bayes)
2026-09-23 15:12:48,135 INFO: Plan 0: ḡ=14, γE[v]=0.0, Q=14.0 (fn)
2026-09-23 15:12:48,178 INFO: Plan 2: ḡ=14, γE[v]=0.0, Q=14.0 (fn)
2026-09-23 15:12:48,179 INFO: Plan 0: ḡ=3.5, γE[v]=0.0, Q=3.5 (bayes)
2026-09-23 15:12:48,179 INFO: Plan 1: ḡ=2.8, γE[v]=0.4, Q=3.1 (bayes)
2026-09-23 15:12:48,179 INFO: Plan 2: ḡ=3.5, γE[v]=0.0, Q=3.5 (bayes)
2026-09-23 15:12:48,813 INFO: Plan 2: ḡ=15, γE[v]=1.0, Q=16.0 (fn)
2026-09-23 15:12:48,814 INFO: Plan 0: ḡ=2, γE[v]=8.5, Q=10.5 (fn)
2026-09-23 15:12:48,815 INFO: Plan 0: ḡ=0.7, γE[v]=2.8, Q=3.4 (bayes)
2026-09-23 15:12:48,815 INFO: Plan 1: ḡ=0.7, γE[v]=2.2, Q=2.9 (bayes)
2026-09-23 15:12:48,815 INFO: Plan 2: ḡ=3.8, γE[v]=0.7, Q=4.4 (bayes)
2026-09-23 15:12:49,275 INFO: Plan 1: ḡ=77, γE[v]=0.0, Q=77.0 (fn)
2026-09-23 15:12:49,639 INFO: Plan 2: ḡ=95, γE[v]=0.0, Q=95.0 (fn)
2026-09-23 15:12:49,769 INFO: Plan 0: ḡ=15, γE[v]=0.0, Q=15.0 (fn)
2026-09-23 15:12:49,901 INFO: Plan 1: ḡ=15, γE[v]=0.0, Q=15.0 (fn)
2026-09-23 15:12:50,209 INFO: Plan 0: ḡ=62, γE[v]=0.0, Q=62.0 (fn)
2026-09-23 15:12:50,209 INFO: Plan 2: ḡ=0, γE[v]=0.0, Q=0.0 (fn)
2026-09-23 15:12:50,210 INFO: Plan 0: ḡ=24.4, γE[v]=42.9, Q=67.3 (bayes)
2026-09-23 15:12:50,210 INFO: Plan 0: ḡ=5.0, γE[v]=2.5, Q=7.5 (bayes)
2026-09-23 15:12:50,210 INFO: Plan 1: ḡ=19.3, γE[v]=45.5, Q=64.8 (bayes)
2026-09-23 15:12:50,210 INFO: Plan 1: ḡ=5.0, γE[v]=2.5, Q=7.5 (bayes)
2026-09-23 15:12:50,210 INFO: Plan 2: ḡ=34.8, γE[v]=37.8, Q=72.5 (bayes)
2026-09-23 15:12:50,210 INFO: Plan 2: ḡ=0.0, γE[v]=5.0, Q=5.0 (bayes)
2026-09-23 15:12:50,805 INFO: Plan 1: ḡ=34, γE[v]=0.0, Q=34.0 (fn)
2026-09-23 15:12:50,806 INFO: Plan 0: ḡ=20, γE[v]=9.0, Q=29.0 (fn)
2026-09-23 15:12:50,844 INFO: Plan 1: ḡ=35, γE[v]=4.0, Q=39.0 (fn)
2026-09-23 15:12:50,844 INFO: Plan 0: ḡ=8.3, γE[v]=9.7, Q=18.0 (bayes)
2026-09-23 15:12:50,844 INFO: Plan 1: ḡ=17.5, γE[v]=4.8, Q=22.4 (bayes)
2026-09-23 15:12:50,844 INFO: Plan 2: ḡ=7.5, γE[v]=9.7, Q=17.2 (bayes)
2026-09-23 15:12:51,612 INFO: Plan 2: ḡ=42, γE[v]=0.0, Q=42.0 (fn)
2026-09-23 15:12:52,822 INFO: Plan 0: ḡ=40, γE[v]=16.5, Q=56.5 (fn)
2026-09-23 15:12:52,823 INFO: Plan 0: ḡ=10.0, γE[v]=34.2, Q=44.2 (bayes)
2026-09-23 15:12:52,823 INFO: Plan 1: ḡ=10.1, γE[v]=33.0, Q=43.1 (bayes)
2026-09-23 15:12:52,823 INFO: Plan 2: ḡ=9.5, γE[v]=33.3, Q=42.8 (bayes)
  [48/93] jinja2.nodes seed=42: {'cov_qvalue_tgt_fnt_bayes': 32}
2026-09-23 15:12:55,344 INFO: Plan 2: ḡ=111, γE[v]=0.0, Q=111.0 (fn)
2026-09-23 15:12:55,726 INFO: Plan 0: ḡ=46, γE[v]=32.5, Q=78.5 (fn)
2026-09-23 15:12:55,979 INFO: Plan 1: ḡ=30, γE[v]=40.5, Q=70.5 (fn)
2026-09-23 15:12:55,979 INFO: Plan 0: ḡ=23.0, γE[v]=17.7, Q=40.7 (bayes)
2026-09-23 15:12:55,979 INFO: Plan 1: ḡ=15.0, γE[v]=22.1, Q=37.1 (bayes)
2026-09-23 15:12:55,979 INFO: Plan 2: ḡ=55.5, γE[v]=0.0, Q=55.5 (bayes)
2026-09-23 15:13:04,966 INFO: Plan 1: ḡ=34, γE[v]=0.0, Q=34.0 (fn)
2026-09-23 15:13:06,082 INFO: Plan 0: ḡ=9, γE[v]=0.0, Q=9.0 (fn)
2026-09-23 15:13:06,614 INFO: Plan 0: ḡ=35, γE[v]=0.0, Q=35.0 (fn)
2026-09-23 15:13:07,165 INFO: Plan 2: ḡ=17, γE[v]=0.0, Q=17.0 (fn)
2026-09-23 15:13:07,166 INFO: Plan 0: ḡ=17.5, γE[v]=17.9, Q=35.4 (bayes)
2026-09-23 15:13:07,166 INFO: Plan 1: ḡ=17.0, γE[v]=18.2, Q=35.2 (bayes)
2026-09-23 15:13:07,166 INFO: Plan 2: ḡ=7.8, γE[v]=22.8, Q=30.6 (bayes)
2026-09-23 15:13:07,462 INFO: Plan 1: ḡ=16, γE[v]=0.0, Q=16.0 (fn)
2026-09-23 15:13:07,717 INFO: Plan 2: ḡ=16, γE[v]=0.0, Q=16.0 (fn)
2026-09-23 15:13:07,718 INFO: Plan 0: ḡ=2.2, γE[v]=2.7, Q=4.9 (bayes)
2026-09-23 15:13:07,718 INFO: Plan 1: ḡ=5.3, γE[v]=1.1, Q=6.5 (bayes)
2026-09-23 15:13:07,718 INFO: Plan 2: ḡ=5.3, γE[v]=1.1, Q=6.5 (bayes)
2026-09-23 15:13:09,258 INFO: Plan 2: ḡ=16, γE[v]=0.0, Q=16.0 (fn)
2026-09-23 15:13:10,841 INFO: Plan 0: ḡ=8, γE[v]=0.0, Q=8.0 (fn)
2026-09-23 15:13:11,009 INFO: Plan 1: ḡ=24, γE[v]=0.0, Q=24.0 (fn)
2026-09-23 15:13:11,010 INFO: Plan 0: ḡ=4.0, γE[v]=4.0, Q=8.0 (bayes)
2026-09-23 15:13:11,010 INFO: Plan 1: ḡ=12.0, γE[v]=0.0, Q=12.0 (bayes)
2026-09-23 15:13:11,010 INFO: Plan 2: ḡ=8.0, γE[v]=2.0, Q=10.0 (bayes)
2026-09-23 15:13:11,582 INFO: Plan 2: ḡ=0, γE[v]=0.0, Q=0.0 (fn)
2026-09-23 15:13:11,837 INFO: Plan 0: ḡ=10, γE[v]=0.0, Q=10.0 (fn)
2026-09-23 15:13:11,991 INFO: Plan 2: ḡ=8, γE[v]=0.0, Q=8.0 (fn)
2026-09-23 15:13:11,992 INFO: Plan 2: ḡ=42, γE[v]=0.0, Q=42.0 (fn)
2026-09-23 15:13:12,202 INFO: Plan 1: ḡ=16, γE[v]=0.0, Q=16.0 (fn)
2026-09-23 15:13:12,203 INFO: Plan 0: ḡ=3.3, γE[v]=1.0, Q=4.3 (bayes)
2026-09-23 15:13:12,203 INFO: Plan 1: ḡ=5.3, γE[v]=0.0, Q=5.3 (bayes)
2026-09-23 15:13:12,203 INFO: Plan 2: ḡ=0.0, γE[v]=2.7, Q=2.7 (bayes)
2026-09-23 15:13:12,374 INFO: Plan 0: ḡ=25, γE[v]=0.0, Q=25.0 (fn)
2026-09-23 15:13:12,375 INFO: Plan 0: ḡ=0, γE[v]=0.0, Q=0.0 (fn)
2026-09-23 15:13:13,352 INFO: Plan 1: ḡ=0, γE[v]=0.0, Q=0.0 (fn)
2026-09-23 15:13:13,393 INFO: Plan 2: ḡ=0, γE[v]=0.0, Q=0.0 (fn)
2026-09-23 15:13:13,394 INFO: Plan 0: ḡ=0.0, γE[v]=0.0, Q=0.0 (bayes)
2026-09-23 15:13:13,394 INFO: Plan 1: ḡ=0.0, γE[v]=0.0, Q=0.0 (bayes)
2026-09-23 15:13:13,394 INFO: Plan 2: ḡ=0.0, γE[v]=0.0, Q=0.0 (bayes)
2026-09-23 15:13:13,892 INFO: Plan 1: ḡ=3, γE[v]=0.0, Q=3.0 (fn)
2026-09-23 15:13:14,143 INFO: Plan 0: ḡ=31, γE[v]=0.0, Q=31.0 (fn)
2026-09-23 15:13:14,341 INFO: Plan 2: ḡ=7, γE[v]=0.0, Q=7.0 (fn)
2026-09-23 15:13:14,342 INFO: Plan 0: ḡ=10.3, γE[v]=1.7, Q=12.0 (bayes)
2026-09-23 15:13:14,342 INFO: Plan 1: ḡ=1.0, γE[v]=6.3, Q=7.3 (bayes)
2026-09-23 15:13:14,342 INFO: Plan 2: ḡ=2.3, γE[v]=5.7, Q=8.0 (bayes)
2026-09-23 15:13:15,380 INFO: Plan 1: ḡ=26, γE[v]=14.0, Q=40.0 (fn)
2026-09-23 15:13:15,381 INFO: Plan 0: ḡ=145, γE[v]=0.0, Q=145.0 (fn)
2026-09-23 15:13:15,381 INFO: Plan 0: ḡ=12.5, γE[v]=4.9, Q=17.4 (bayes)
2026-09-23 15:13:15,381 INFO: Plan 1: ḡ=9.7, γE[v]=7.0, Q=16.7 (bayes)
2026-09-23 15:13:15,381 INFO: Plan 2: ḡ=2.7, γE[v]=9.8, Q=12.5 (bayes)
2026-09-23 15:13:16,450 INFO: Plan 0: ḡ=20, γE[v]=0.0, Q=20.0 (fn)
2026-09-23 15:13:16,532 INFO: Plan 1: ḡ=59, γE[v]=0.0, Q=59.0 (fn)
2026-09-23 15:13:17,103 INFO: Plan 0: ḡ=149, γE[v]=0.0, Q=149.0 (fn)
2026-09-23 15:13:17,147 INFO: Plan 1: ḡ=73, γE[v]=36.0, Q=109.0 (fn)
2026-09-23 15:13:17,147 INFO: Plan 0: ḡ=72.5, γE[v]=0.0, Q=72.5 (bayes)
2026-09-23 15:13:17,147 INFO: Plan 1: ḡ=36.5, γE[v]=19.6, Q=56.1 (bayes)
2026-09-23 15:13:17,147 INFO: Plan 2: ḡ=21.0, γE[v]=25.8, Q=46.8 (bayes)
2026-09-23 15:13:17,932 INFO: Plan 1: ḡ=46, γE[v]=0.0, Q=46.0 (fn)
2026-09-23 15:13:17,978 INFO: Plan 2: ḡ=22, γE[v]=0.0, Q=22.0 (fn)
2026-09-23 15:13:18,056 INFO: Plan 2: ḡ=59, γE[v]=0.0, Q=59.0 (fn)
2026-09-23 15:13:18,553 INFO: Plan 1: ḡ=14, γE[v]=0.0, Q=14.0 (fn)
2026-09-23 15:13:19,032 INFO: Plan 2: ḡ=40, γE[v]=0.0, Q=40.0 (fn)
2026-09-23 15:13:19,033 INFO: Plan 0: ḡ=66.7, γE[v]=77.9, Q=144.6 (bayes)
2026-09-23 15:13:19,033 INFO: Plan 1: ḡ=23.0, γE[v]=99.7, Q=122.8 (bayes)
2026-09-23 15:13:19,033 INFO: Plan 2: ḡ=15.8, γE[v]=103.3, Q=119.2 (bayes)
2026-09-23 15:13:19,202 INFO: Plan 0: ḡ=30, γE[v]=10.5, Q=40.5 (fn)
2026-09-23 15:13:19,812 INFO: Plan 0: ḡ=31, γE[v]=0.0, Q=31.0 (fn)
2026-09-23 15:13:19,813 INFO: Plan 0: ḡ=11.1, γE[v]=6.0, Q=17.1 (bayes)
2026-09-23 15:13:19,813 INFO: Plan 1: ḡ=5.2, γE[v]=9.0, Q=14.2 (bayes)
2026-09-23 15:13:19,813 INFO: Plan 2: ḡ=8.6, γE[v]=7.3, Q=15.9 (bayes)
2026-09-23 15:13:19,859 INFO: Plan 0: ḡ=11, γE[v]=0.0, Q=11.0 (fn)
2026-09-23 15:13:19,859 INFO: Plan 1: ḡ=27, γE[v]=0.0, Q=27.0 (fn)
2026-09-23 15:13:21,045 INFO: Plan 2: ḡ=6, γE[v]=0.0, Q=6.0 (fn)
2026-09-23 15:13:21,045 INFO: Plan 0: ḡ=5.2, γE[v]=57.8, Q=62.9 (bayes)
2026-09-23 15:13:21,045 INFO: Plan 1: ḡ=9.3, γE[v]=55.7, Q=65.0 (bayes)
2026-09-23 15:13:21,045 INFO: Plan 2: ḡ=3.0, γE[v]=58.8, Q=61.8 (bayes)
2026-09-23 15:13:21,086 INFO: Plan 1: ḡ=67, γE[v]=8.5, Q=75.5 (fn)
2026-09-23 15:13:21,087 INFO: Plan 0: ḡ=15.0, γE[v]=18.0, Q=33.0 (bayes)
2026-09-23 15:13:21,087 INFO: Plan 1: ḡ=33.5, γE[v]=8.6, Q=42.1 (bayes)
2026-09-23 15:13:21,087 INFO: Plan 2: ḡ=29.5, γE[v]=10.2, Q=39.8 (bayes)
2026-09-23 15:13:21,804 INFO: Plan 0: ḡ=12, γE[v]=0.0, Q=12.0 (fn)
2026-09-23 15:13:22,421 INFO: Plan 1: ḡ=27, γE[v]=0.0, Q=27.0 (fn)
2026-09-23 15:13:22,748 INFO: Plan 2: ḡ=22, γE[v]=2.5, Q=24.5 (fn)
2026-09-23 15:13:22,749 INFO: Plan 0: ḡ=4.0, γE[v]=4.5, Q=8.5 (bayes)
2026-09-23 15:13:22,749 INFO: Plan 1: ḡ=9.0, γE[v]=2.0, Q=11.0 (bayes)
2026-09-23 15:13:22,749 INFO: Plan 2: ḡ=7.3, γE[v]=3.0, Q=10.3 (bayes)
2026-09-23 15:13:24,736 INFO: Plan 2: ḡ=33, γE[v]=0.0, Q=33.0 (fn)
2026-09-23 15:13:25,163 INFO: Plan 0: ḡ=53, γE[v]=0.0, Q=53.0 (fn)
2026-09-23 15:13:25,365 INFO: Plan 0: ḡ=22, γE[v]=0.0, Q=22.0 (fn)
2026-09-23 15:13:25,448 INFO: Plan 1: ḡ=108, γE[v]=0.0, Q=108.0 (fn)
2026-09-23 15:13:25,835 INFO: Plan 2: ḡ=16, γE[v]=0.0, Q=16.0 (fn)
2026-09-23 15:13:25,880 INFO: Plan 2: ḡ=89, γE[v]=0.0, Q=89.0 (fn)
2026-09-23 15:13:25,881 INFO: Plan 0: ḡ=0, γE[v]=0.0, Q=0.0 (fn)
2026-09-23 15:13:25,881 INFO: Plan 0: ḡ=22.7, γE[v]=90.5, Q=113.2 (bayes)
2026-09-23 15:13:25,882 INFO: Plan 1: ḡ=40.7, γE[v]=81.5, Q=122.2 (bayes)
2026-09-23 15:13:25,882 INFO: Plan 2: ḡ=29.7, γE[v]=87.0, Q=116.7 (bayes)
2026-09-23 15:13:26,203 INFO: Plan 2: ḡ=0, γE[v]=0.0, Q=0.0 (fn)
2026-09-23 15:13:26,203 INFO: Plan 1: ḡ=0, γE[v]=0.0, Q=0.0 (fn)
2026-09-23 15:13:26,204 INFO: Plan 0: ḡ=0.0, γE[v]=0.0, Q=0.0 (bayes)
2026-09-23 15:13:26,204 INFO: Plan 1: ḡ=0.0, γE[v]=0.0, Q=0.0 (bayes)
2026-09-23 15:13:26,204 INFO: Plan 2: ḡ=0.0, γE[v]=0.0, Q=0.0 (bayes)
2026-09-23 15:13:26,776 INFO: Plan 1: ḡ=25, γE[v]=15.5, Q=40.5 (fn)
2026-09-23 15:13:26,777 INFO: Plan 0: ḡ=7.9, γE[v]=13.3, Q=21.2 (bayes)
2026-09-23 15:13:26,777 INFO: Plan 1: ḡ=8.3, γE[v]=14.1, Q=22.4 (bayes)
2026-09-23 15:13:26,777 INFO: Plan 2: ḡ=6.5, γE[v]=14.0, Q=20.5 (bayes)
2026-09-23 15:13:28,027 INFO: Plan 1: ḡ=10, γE[v]=0.0, Q=10.0 (fn)
2026-09-23 15:13:28,627 INFO: Plan 2: ḡ=16, γE[v]=0.0, Q=16.0 (fn)
2026-09-23 15:13:28,926 INFO: Plan 0: ḡ=45, γE[v]=0.0, Q=45.0 (fn)
2026-09-23 15:13:28,926 INFO: Plan 0: ḡ=13.1, γE[v]=4.3, Q=17.4 (bayes)
2026-09-23 15:13:28,927 INFO: Plan 1: ḡ=3.5, γE[v]=9.1, Q=12.6 (bayes)
2026-09-23 15:13:28,927 INFO: Plan 2: ḡ=6.0, γE[v]=7.9, Q=13.9 (bayes)
2026-09-23 15:13:29,318 INFO: Plan 0: ḡ=0, γE[v]=0.0, Q=0.0 (fn)
2026-09-23 15:13:29,529 INFO: Plan 1: ḡ=0, γE[v]=0.0, Q=0.0 (fn)
2026-09-23 15:13:29,908 INFO: Plan 2: ḡ=0, γE[v]=0.0, Q=0.0 (fn)
2026-09-23 15:13:29,908 INFO: Plan 0: ḡ=0.0, γE[v]=0.0, Q=0.0 (bayes)
2026-09-23 15:13:29,908 INFO: Plan 1: ḡ=0.0, γE[v]=0.0, Q=0.0 (bayes)
2026-09-23 15:13:29,908 INFO: Plan 2: ḡ=0.0, γE[v]=0.0, Q=0.0 (bayes)
2026-09-23 15:13:30,207 INFO: Plan 0: ḡ=161, γE[v]=0.0, Q=161.0 (fn)
2026-09-23 15:13:30,835 INFO: Plan 2: ḡ=0, γE[v]=0.0, Q=0.0 (fn)
2026-09-23 15:13:30,839 INFO: Plan 0: ḡ=41, γE[v]=25.0, Q=66.0 (fn)
2026-09-23 15:13:31,257 INFO: Plan 1: ḡ=4, γE[v]=0.0, Q=4.0 (fn)
2026-09-23 15:13:31,345 INFO: Plan 0: ḡ=2, γE[v]=0.0, Q=2.0 (fn)
2026-09-23 15:13:31,346 INFO: Plan 0: ḡ=0.5, γE[v]=0.5, Q=1.0 (bayes)
2026-09-23 15:13:31,346 INFO: Plan 1: ḡ=1.0, γE[v]=0.2, Q=1.2 (bayes)
2026-09-23 15:13:31,346 INFO: Plan 2: ḡ=0.0, γE[v]=0.8, Q=0.8 (bayes)
2026-09-23 15:13:32,376 INFO: Plan 1: ḡ=161, γE[v]=0.0, Q=161.0 (fn)
2026-09-23 15:13:33,098 INFO: Plan 2: ḡ=161, γE[v]=0.0, Q=161.0 (fn)
2026-09-23 15:13:33,099 INFO: Plan 0: ḡ=80.5, γE[v]=0.0, Q=80.5 (bayes)
2026-09-23 15:13:33,099 INFO: Plan 1: ḡ=80.5, γE[v]=0.0, Q=80.5 (bayes)
2026-09-23 15:13:33,099 INFO: Plan 2: ḡ=80.5, γE[v]=0.0, Q=80.5 (bayes)
2026-09-23 15:13:33,414 INFO: Plan 2: ḡ=114, γE[v]=62.0, Q=176.0 (fn)
2026-09-23 15:13:33,415 INFO: Plan 0: ḡ=10.0, γE[v]=84.9, Q=94.9 (bayes)
2026-09-23 15:13:33,415 INFO: Plan 1: ḡ=29.5, γE[v]=75.2, Q=104.7 (bayes)
2026-09-23 15:13:33,415 INFO: Plan 2: ḡ=56.0, γE[v]=64.9, Q=120.9 (bayes)
2026-09-23 15:13:34,925 INFO: Plan 2: ḡ=23, γE[v]=0.0, Q=23.0 (fn)
2026-09-23 15:13:35,486 INFO: Plan 1: ḡ=42, γE[v]=7.0, Q=49.0 (fn)
2026-09-23 15:13:35,487 INFO: Plan 0: ḡ=20.5, γE[v]=74.0, Q=94.5 (bayes)
2026-09-23 15:13:35,487 INFO: Plan 1: ḡ=21.0, γE[v]=73.0, Q=94.0 (bayes)
2026-09-23 15:13:35,487 INFO: Plan 2: ḡ=11.0, γE[v]=77.7, Q=88.7 (bayes)
2026-09-23 15:13:35,976 INFO: Plan 2: ḡ=17, γE[v]=0.0, Q=17.0 (fn)
2026-09-23 15:13:36,160 INFO: Plan 1: ḡ=2, γE[v]=0.0, Q=2.0 (fn)
2026-09-23 15:13:36,497 INFO: Plan 1: ḡ=37, γE[v]=0.0, Q=37.0 (fn)
2026-09-23 15:13:36,875 INFO: Plan 1: ḡ=40, γE[v]=15.0, Q=55.0 (fn)
2026-09-23 15:13:37,569 INFO: Plan 1: ḡ=124, γE[v]=23.0, Q=147.0 (fn)
2026-09-23 15:13:37,856 INFO: Plan 0: ḡ=6, γE[v]=0.0, Q=6.0 (fn)
2026-09-23 15:13:38,168 INFO: Plan 2: ḡ=137, γE[v]=15.0, Q=152.0 (fn)
2026-09-23 15:13:38,411 INFO: Plan 0: ḡ=11, γE[v]=29.5, Q=40.5 (fn)
2026-09-23 15:13:38,412 INFO: Plan 0: ḡ=4.5, γE[v]=15.2, Q=19.7 (bayes)
2026-09-23 15:13:38,412 INFO: Plan 1: ḡ=17.2, γE[v]=8.2, Q=25.3 (bayes)
2026-09-23 15:13:38,412 INFO: Plan 2: ḡ=10.5, γE[v]=10.8, Q=21.3 (bayes)
2026-09-23 15:13:38,691 INFO: Plan 2: ḡ=3, γE[v]=1.5, Q=4.5 (fn)
2026-09-23 15:13:38,692 INFO: Plan 0: ḡ=1.5, γE[v]=0.0, Q=1.5 (bayes)
2026-09-23 15:13:38,692 INFO: Plan 1: ḡ=0.5, γE[v]=0.5, Q=1.0 (bayes)
2026-09-23 15:13:38,692 INFO: Plan 2: ḡ=0.8, γE[v]=0.5, Q=1.2 (bayes)
2026-09-23 15:13:38,863 INFO: Plan 1: ḡ=7, γE[v]=0.0, Q=7.0 (fn)
2026-09-23 15:13:39,386 INFO: Plan 0: ḡ=20, γE[v]=12.5, Q=32.5 (fn)
2026-09-23 15:13:39,387 INFO: Plan 0: ḡ=10.0, γE[v]=21.6, Q=31.6 (bayes)
2026-09-23 15:13:39,387 INFO: Plan 1: ḡ=18.5, γE[v]=16.8, Q=35.2 (bayes)
2026-09-23 15:13:39,387 INFO: Plan 2: ḡ=8.5, γE[v]=21.8, Q=30.2 (bayes)
2026-09-23 15:13:39,508 INFO: Plan 0: ḡ=12, γE[v]=2.0, Q=14.0 (fn)
2026-09-23 15:13:39,955 INFO: Plan 2: ḡ=0, γE[v]=0.0, Q=0.0 (fn)
2026-09-23 15:13:39,999 INFO: Plan 0: ḡ=37, γE[v]=0.0, Q=37.0 (fn)
2026-09-23 15:13:40,719 INFO: Plan 0: ḡ=2, γE[v]=0.0, Q=2.0 (fn)
2026-09-23 15:13:41,024 INFO: Plan 1: ḡ=52, γE[v]=0.0, Q=52.0 (fn)
2026-09-23 15:13:41,348 INFO: Plan 0: ḡ=102, γE[v]=34.5, Q=136.5 (fn)
2026-09-23 15:13:41,349 INFO: Plan 0: ḡ=38.2, γE[v]=16.1, Q=54.2 (bayes)
2026-09-23 15:13:41,349 INFO: Plan 1: ḡ=49.2, γE[v]=10.0, Q=59.2 (bayes)
2026-09-23 15:13:41,349 INFO: Plan 2: ḡ=54.7, γE[v]=6.9, Q=61.6 (bayes)
2026-09-23 15:13:41,584 INFO: Plan 2: ḡ=15, γE[v]=1.5, Q=16.5 (fn)
2026-09-23 15:13:41,585 INFO: Plan 0: ḡ=3.1, γE[v]=3.5, Q=6.6 (bayes)
2026-09-23 15:13:41,585 INFO: Plan 1: ḡ=2.0, γE[v]=3.9, Q=5.9 (bayes)
2026-09-23 15:13:41,585 INFO: Plan 2: ḡ=4.8, γE[v]=2.6, Q=7.4 (bayes)
2026-09-23 15:13:42,364 INFO: Plan 0: ḡ=11, γE[v]=0.0, Q=11.0 (fn)
2026-09-23 15:13:42,366 INFO: Plan 2: ḡ=4, γE[v]=0.0, Q=4.0 (fn)
2026-09-23 15:13:42,494 INFO: Plan 2: ḡ=6, γE[v]=0.0, Q=6.0 (fn)
2026-09-23 15:13:42,495 INFO: Plan 2: ḡ=66, γE[v]=0.0, Q=66.0 (fn)
2026-09-23 15:13:42,496 INFO: Plan 0: ḡ=15.8, γE[v]=41.5, Q=57.4 (bayes)
2026-09-23 15:13:42,496 INFO: Plan 1: ḡ=20.7, γE[v]=39.1, Q=59.8 (bayes)
2026-09-23 15:13:42,496 INFO: Plan 2: ḡ=25.7, γE[v]=36.6, Q=62.3 (bayes)
2026-09-23 15:13:42,536 INFO: Plan 1: ḡ=1, γE[v]=0.5, Q=1.5 (fn)
2026-09-23 15:13:42,537 INFO: Plan 0: ḡ=0.5, γE[v]=0.0, Q=0.5 (bayes)
2026-09-23 15:13:42,537 INFO: Plan 1: ḡ=0.2, γE[v]=0.2, Q=0.4 (bayes)
2026-09-23 15:13:42,537 INFO: Plan 2: ḡ=0.0, γE[v]=0.3, Q=0.3 (bayes)
2026-09-23 15:13:43,306 INFO: Plan 1: ḡ=15, γE[v]=0.0, Q=15.0 (fn)
2026-09-23 15:13:43,454 INFO: Plan 1: ḡ=12, γE[v]=0.0, Q=12.0 (fn)
2026-09-23 15:13:43,455 INFO: Plan 0: ḡ=3.8, γE[v]=2.6, Q=6.4 (bayes)
2026-09-23 15:13:43,455 INFO: Plan 1: ḡ=4.3, γE[v]=2.3, Q=6.7 (bayes)
2026-09-23 15:13:43,455 INFO: Plan 2: ḡ=1.7, γE[v]=3.7, Q=5.3 (bayes)
2026-09-23 15:13:43,710 INFO: Plan 0: ḡ=22, γE[v]=0.0, Q=22.0 (fn)
2026-09-23 15:13:44,527 INFO: Plan 0: ḡ=6, γE[v]=3.0, Q=9.0 (fn)
2026-09-23 15:13:44,865 INFO: Plan 1: ḡ=4, γE[v]=4.0, Q=8.0 (fn)
2026-09-23 15:13:44,866 INFO: Plan 0: ḡ=1.5, γE[v]=1.0, Q=2.5 (bayes)
2026-09-23 15:13:44,866 INFO: Plan 1: ḡ=1.0, γE[v]=1.3, Q=2.3 (bayes)
2026-09-23 15:13:44,866 INFO: Plan 2: ḡ=1.5, γE[v]=0.8, Q=2.2 (bayes)
2026-09-23 15:13:45,039 INFO: Plan 1: ḡ=133, γE[v]=0.0, Q=133.0 (fn)
2026-09-23 15:13:45,644 INFO: Plan 0: ḡ=27, γE[v]=0.0, Q=27.0 (fn)
2026-09-23 15:13:45,737 INFO: Plan 2: ḡ=160, γE[v]=0.0, Q=160.0 (fn)
2026-09-23 15:13:45,738 INFO: Plan 0: ḡ=13.5, γE[v]=22.2, Q=35.7 (bayes)
2026-09-23 15:13:45,738 INFO: Plan 1: ḡ=33.6, γE[v]=12.2, Q=45.8 (bayes)
2026-09-23 15:13:45,738 INFO: Plan 2: ḡ=43.6, γE[v]=7.2, Q=50.8 (bayes)
2026-09-23 15:13:46,006 INFO: Plan 2: ḡ=43, γE[v]=4.0, Q=47.0 (fn)
2026-09-23 15:13:46,010 INFO: Plan 0: ḡ=7.8, γE[v]=11.7, Q=19.6 (bayes)
2026-09-23 15:13:46,013 INFO: Plan 1: ḡ=6.2, γE[v]=12.6, Q=18.8 (bayes)
2026-09-23 15:13:46,013 INFO: Plan 2: ḡ=14.3, γE[v]=8.7, Q=23.1 (bayes)
2026-09-23 15:13:46,751 INFO: Plan 2: ḡ=15, γE[v]=0.0, Q=15.0 (fn)
2026-09-23 15:13:47,056 INFO: Plan 0: ḡ=2, γE[v]=0.0, Q=2.0 (fn)
2026-09-23 15:13:48,556 INFO: Plan 1: ḡ=2, γE[v]=8.5, Q=10.5 (fn)
2026-09-23 15:13:48,556 INFO: Plan 0: ḡ=0.7, γE[v]=1.8, Q=2.5 (bayes)
2026-09-23 15:13:48,556 INFO: Plan 1: ḡ=0.7, γE[v]=2.4, Q=3.1 (bayes)
2026-09-23 15:13:48,557 INFO: Plan 2: ḡ=3.0, γE[v]=0.7, Q=3.7 (bayes)
2026-09-23 15:13:49,377 INFO: Plan 2: ḡ=99, γE[v]=23.5, Q=122.5 (fn)
2026-09-23 15:13:49,880 INFO: Plan 1: ḡ=96, γE[v]=21.0, Q=117.0 (fn)
2026-09-23 15:13:52,484 INFO: Plan 0: ḡ=240, γE[v]=0.0, Q=240.0 (fn)
2026-09-23 15:13:52,611 INFO: Plan 1: ḡ=110, γE[v]=0.0, Q=110.0 (fn)
2026-09-23 15:13:53,213 INFO: Plan 0: ḡ=40, γE[v]=53.0, Q=93.0 (fn)
2026-09-23 15:13:53,214 INFO: Plan 0: ḡ=8.0, γE[v]=14.4, Q=22.4 (bayes)
2026-09-23 15:13:53,214 INFO: Plan 1: ḡ=19.2, γE[v]=6.5, Q=25.7 (bayes)
2026-09-23 15:13:53,214 INFO: Plan 2: ḡ=19.8, γE[v]=6.4, Q=26.2 (bayes)
2026-09-23 15:13:55,392 INFO: Plan 0: ḡ=17, γE[v]=20.5, Q=37.5 (fn)
2026-09-23 15:13:58,510 INFO: Plan 1: ḡ=47, γE[v]=0.0, Q=47.0 (fn)
2026-09-23 15:13:59,495 INFO: Plan 0: ḡ=49, γE[v]=0.0, Q=49.0 (fn)
2026-09-23 15:13:59,732 INFO: Plan 2: ḡ=39, γE[v]=0.0, Q=39.0 (fn)
2026-09-23 15:13:59,904 INFO: Plan 2: ḡ=170, γE[v]=0.0, Q=170.0 (fn)
2026-09-23 15:13:59,946 INFO: Plan 1: ḡ=169, γE[v]=0.5, Q=169.5 (fn)
2026-09-23 15:13:59,946 INFO: Plan 0: ḡ=8.3, γE[v]=29.8, Q=38.2 (bayes)
2026-09-23 15:13:59,947 INFO: Plan 1: ḡ=65.8, γE[v]=0.2, Q=66.0 (bayes)
2026-09-23 15:13:59,947 INFO: Plan 2: ḡ=66.2, γE[v]=0.0, Q=66.2 (bayes)
2026-09-23 15:14:00,118 INFO: Plan 0: ḡ=62, γE[v]=0.0, Q=62.0 (fn)
2026-09-23 15:14:00,119 INFO: Plan 0: ḡ=31.0, γE[v]=51.6, Q=82.6 (bayes)
2026-09-23 15:14:00,119 INFO: Plan 1: ḡ=20.5, γE[v]=56.8, Q=77.3 (bayes)
2026-09-23 15:14:00,119 INFO: Plan 2: ḡ=19.5, γE[v]=57.3, Q=76.8 (bayes)
2026-09-23 15:14:01,609 INFO: Plan 2: ḡ=343, γE[v]=74.0, Q=417.0 (fn)
2026-09-23 15:14:01,610 INFO: Plan 0: ḡ=63.5, γE[v]=60.5, Q=124.0 (bayes)
2026-09-23 15:14:01,610 INFO: Plan 1: ḡ=54.2, γE[v]=65.2, Q=119.3 (bayes)
2026-09-23 15:14:01,610 INFO: Plan 2: ḡ=102.0, γE[v]=44.6, Q=146.6 (bayes)
2026-09-23 15:14:01,651 INFO: Plan 2: ḡ=2, γE[v]=0.0, Q=2.0 (fn)
2026-09-23 15:14:02,296 INFO: Plan 1: ḡ=41, γE[v]=0.0, Q=41.0 (fn)
2026-09-23 15:14:02,815 INFO: Plan 1: ḡ=4, γE[v]=0.0, Q=4.0 (fn)
2026-09-23 15:14:04,097 INFO: Plan 1: ḡ=53, γE[v]=0.0, Q=53.0 (fn)
2026-09-23 15:14:04,254 INFO: Plan 0: ḡ=7, γE[v]=0.0, Q=7.0 (fn)
2026-09-23 15:14:04,255 INFO: Plan 0: ḡ=1.4, γE[v]=0.0, Q=1.4 (bayes)
2026-09-23 15:14:04,255 INFO: Plan 1: ḡ=0.8, γE[v]=0.3, Q=1.1 (bayes)
2026-09-23 15:14:04,255 INFO: Plan 2: ḡ=0.4, γE[v]=0.5, Q=0.9 (bayes)
2026-09-23 15:14:04,481 INFO: Plan 0: ḡ=53, γE[v]=0.0, Q=53.0 (fn)
2026-09-23 15:14:04,523 INFO: Plan 2: ḡ=53, γE[v]=0.0, Q=53.0 (fn)
2026-09-23 15:14:04,523 INFO: Plan 0: ḡ=17.7, γE[v]=0.0, Q=17.7 (bayes)
2026-09-23 15:14:04,523 INFO: Plan 1: ḡ=17.7, γE[v]=0.0, Q=17.7 (bayes)
2026-09-23 15:14:04,524 INFO: Plan 2: ḡ=17.7, γE[v]=0.0, Q=17.7 (bayes)
2026-09-23 15:14:05,471 INFO: Plan 1: ḡ=19, γE[v]=0.0, Q=19.0 (fn)
2026-09-23 15:14:05,921 INFO: Plan 0: ḡ=11, γE[v]=0.0, Q=11.0 (fn)
2026-09-23 15:14:06,200 INFO: Plan 1: ḡ=4, γE[v]=0.0, Q=4.0 (fn)
2026-09-23 15:14:06,243 INFO: Plan 1: ḡ=0, γE[v]=0.0, Q=0.0 (fn)
2026-09-23 15:14:06,244 INFO: Plan 2: ḡ=22, γE[v]=0.0, Q=22.0 (fn)
2026-09-23 15:14:06,244 INFO: Plan 0: ḡ=4.3, γE[v]=4.3, Q=8.6 (bayes)
2026-09-23 15:14:06,244 INFO: Plan 1: ḡ=9.5, γE[v]=1.7, Q=11.2 (bayes)
2026-09-23 15:14:06,244 INFO: Plan 2: ḡ=8.6, γE[v]=2.1, Q=10.7 (bayes)
2026-09-23 15:14:06,346 INFO: Plan 2: ḡ=0, γE[v]=0.0, Q=0.0 (fn)
2026-09-23 15:14:06,525 INFO: Plan 0: ḡ=0, γE[v]=0.0, Q=0.0 (fn)
2026-09-23 15:14:06,568 INFO: Plan 1: ḡ=0, γE[v]=0.0, Q=0.0 (fn)
2026-09-23 15:14:06,613 INFO: Plan 2: ḡ=29, γE[v]=0.0, Q=29.0 (fn)
2026-09-23 15:14:06,613 INFO: Plan 0: ḡ=24.5, γE[v]=47.1, Q=71.6 (bayes)
2026-09-23 15:14:06,613 INFO: Plan 1: ḡ=19.5, γE[v]=49.6, Q=69.1 (bayes)
2026-09-23 15:14:06,613 INFO: Plan 2: ḡ=14.5, γE[v]=52.1, Q=66.6 (bayes)
2026-09-23 15:14:07,013 INFO: Plan 0: ḡ=2, γE[v]=0.0, Q=2.0 (fn)
2026-09-23 15:14:07,202 INFO: Plan 0: ḡ=0, γE[v]=0.0, Q=0.0 (fn)
2026-09-23 15:14:07,208 INFO: Plan 0: ḡ=0.0, γE[v]=0.0, Q=0.0 (bayes)
2026-09-23 15:14:07,208 INFO: Plan 1: ḡ=0.0, γE[v]=0.0, Q=0.0 (bayes)
2026-09-23 15:14:07,208 INFO: Plan 2: ḡ=0.0, γE[v]=0.0, Q=0.0 (bayes)
2026-09-23 15:14:07,697 INFO: Plan 2: ḡ=4, γE[v]=0.0, Q=4.0 (fn)
2026-09-23 15:14:07,698 INFO: Plan 0: ḡ=0.7, γE[v]=1.3, Q=2.0 (bayes)
2026-09-23 15:14:07,698 INFO: Plan 1: ḡ=1.3, γE[v]=1.0, Q=2.3 (bayes)
2026-09-23 15:14:07,698 INFO: Plan 2: ḡ=1.3, γE[v]=1.0, Q=2.3 (bayes)
2026-09-23 15:14:07,858 INFO: Plan 0: ḡ=15, γE[v]=0.0, Q=15.0 (fn)
2026-09-23 15:14:08,065 INFO: Plan 2: ḡ=0, γE[v]=0.0, Q=0.0 (fn)
2026-09-23 15:14:08,066 INFO: Plan 1: ḡ=0, γE[v]=0.0, Q=0.0 (fn)
2026-09-23 15:14:08,066 INFO: Plan 0: ḡ=5.0, γE[v]=0.0, Q=5.0 (bayes)
2026-09-23 15:14:08,066 INFO: Plan 1: ḡ=0.0, γE[v]=2.5, Q=2.5 (bayes)
2026-09-23 15:14:08,066 INFO: Plan 2: ḡ=0.0, γE[v]=2.5, Q=2.5 (bayes)
2026-09-23 15:14:08,517 INFO: Plan 2: ḡ=0, γE[v]=0.0, Q=0.0 (fn)
2026-09-23 15:14:08,518 INFO: Plan 0: ḡ=0.0, γE[v]=0.0, Q=0.0 (bayes)
2026-09-23 15:14:08,518 INFO: Plan 1: ḡ=0.0, γE[v]=0.0, Q=0.0 (bayes)
2026-09-23 15:14:08,518 INFO: Plan 2: ḡ=0.0, γE[v]=0.0, Q=0.0 (bayes)
2026-09-23 15:14:09,053 INFO: Plan 1: ḡ=12, γE[v]=0.0, Q=12.0 (fn)
2026-09-23 15:14:09,054 INFO: Plan 0: ḡ=9, γE[v]=1.5, Q=10.5 (fn)
2026-09-23 15:14:09,280 INFO: Plan 2: ḡ=12, γE[v]=0.0, Q=12.0 (fn)
2026-09-23 15:14:09,281 INFO: Plan 0: ḡ=2.2, γE[v]=0.5, Q=2.7 (bayes)
2026-09-23 15:14:09,281 INFO: Plan 1: ḡ=3.0, γE[v]=0.0, Q=3.0 (bayes)
2026-09-23 15:14:09,281 INFO: Plan 2: ḡ=3.0, γE[v]=0.0, Q=3.0 (bayes)
2026-09-23 15:14:10,360 INFO: Plan 2: ḡ=0, γE[v]=0.0, Q=0.0 (fn)
2026-09-23 15:14:10,621 INFO: Plan 1: ḡ=21, γE[v]=0.0, Q=21.0 (fn)
2026-09-23 15:14:10,664 INFO: Plan 1: ḡ=0, γE[v]=0.0, Q=0.0 (fn)
2026-09-23 15:14:11,263 INFO: Plan 2: ḡ=8, γE[v]=0.0, Q=8.0 (fn)
2026-09-23 15:14:11,670 INFO: Plan 0: ḡ=0, γE[v]=0.0, Q=0.0 (fn)
2026-09-23 15:14:11,671 INFO: Plan 0: ḡ=0.0, γE[v]=0.0, Q=0.0 (bayes)
2026-09-23 15:14:11,671 INFO: Plan 1: ḡ=0.0, γE[v]=0.0, Q=0.0 (bayes)
2026-09-23 15:14:11,671 INFO: Plan 2: ḡ=0.0, γE[v]=0.0, Q=0.0 (bayes)
2026-09-23 15:14:11,971 INFO: Plan 1: ḡ=128, γE[v]=81.5, Q=209.5 (fn)
2026-09-23 15:14:12,955 INFO: Plan 0: ḡ=157, γE[v]=89.0, Q=246.0 (fn)
2026-09-23 15:14:13,137 INFO: Plan 0: ḡ=14, γE[v]=10.5, Q=24.5 (fn)
2026-09-23 15:14:13,137 INFO: Plan 0: ḡ=4.8, γE[v]=5.3, Q=10.1 (bayes)
2026-09-23 15:14:13,137 INFO: Plan 1: ḡ=7.2, γE[v]=3.5, Q=10.7 (bayes)
2026-09-23 15:14:13,138 INFO: Plan 2: ḡ=2.7, γE[v]=5.8, Q=8.4 (bayes)
2026-09-23 15:14:13,934 INFO: Plan 2: ḡ=182, γE[v]=66.0, Q=248.0 (fn)
2026-09-23 15:14:13,934 INFO: Plan 0: ḡ=39.3, γE[v]=33.3, Q=72.7 (bayes)
2026-09-23 15:14:13,934 INFO: Plan 1: ḡ=32.2, γE[v]=36.4, Q=68.6 (bayes)
2026-09-23 15:14:13,934 INFO: Plan 2: ḡ=45.5, γE[v]=28.7, Q=74.2 (bayes)
2026-09-23 15:14:14,331 INFO: Plan 0: ḡ=6, γE[v]=0.0, Q=6.0 (fn)
2026-09-23 15:14:14,372 INFO: Plan 2: ḡ=7, γE[v]=0.0, Q=7.0 (fn)
2026-09-23 15:14:14,918 INFO: Plan 1: ḡ=6, γE[v]=3.0, Q=9.0 (fn)
2026-09-23 15:14:14,919 INFO: Plan 0: ḡ=2.0, γE[v]=1.9, Q=3.9 (bayes)
2026-09-23 15:14:14,919 INFO: Plan 1: ḡ=2.0, γE[v]=2.1, Q=4.0 (bayes)
2026-09-23 15:14:14,919 INFO: Plan 2: ḡ=1.8, γE[v]=2.0, Q=3.8 (bayes)
2026-09-23 15:14:17,437 INFO: Plan 2: ḡ=100, γE[v]=0.0, Q=100.0 (fn)
2026-09-23 15:14:18,097 INFO: Plan 0: ḡ=39, γE[v]=0.0, Q=39.0 (fn)
2026-09-23 15:14:18,509 INFO: Plan 1: ḡ=89, γE[v]=0.0, Q=89.0 (fn)
2026-09-23 15:14:18,510 INFO: Plan 0: ḡ=18.2, γE[v]=34.5, Q=52.8 (bayes)
2026-09-23 15:14:18,510 INFO: Plan 1: ḡ=25.2, γE[v]=31.0, Q=56.2 (bayes)
2026-09-23 15:14:18,510 INFO: Plan 2: ḡ=35.2, γE[v]=26.0, Q=61.2 (bayes)
2026-09-23 15:14:18,720 INFO: Plan 0: ḡ=35, γE[v]=0.0, Q=35.0 (fn)
2026-09-23 15:14:19,090 INFO: Plan 2: ḡ=13, γE[v]=0.0, Q=13.0 (fn)
2026-09-23 15:14:19,693 INFO: Plan 0: ḡ=0, γE[v]=0.0, Q=0.0 (fn)
2026-09-23 15:14:19,733 INFO: Plan 1: ḡ=0, γE[v]=0.0, Q=0.0 (fn)
2026-09-23 15:14:20,100 INFO: Plan 2: ḡ=0, γE[v]=0.0, Q=0.0 (fn)
2026-09-23 15:14:20,101 INFO: Plan 0: ḡ=0.0, γE[v]=0.0, Q=0.0 (bayes)
2026-09-23 15:14:20,101 INFO: Plan 1: ḡ=0.0, γE[v]=0.0, Q=0.0 (bayes)
2026-09-23 15:14:20,101 INFO: Plan 2: ḡ=0.0, γE[v]=0.0, Q=0.0 (bayes)
2026-09-23 15:14:20,614 INFO: Plan 1: ḡ=26, γE[v]=1.0, Q=27.0 (fn)
2026-09-23 15:14:20,615 INFO: Plan 0: ḡ=17.5, γE[v]=9.2, Q=26.7 (bayes)
2026-09-23 15:14:20,615 INFO: Plan 1: ḡ=12.7, γE[v]=11.6, Q=24.3 (bayes)
2026-09-23 15:14:20,615 INFO: Plan 2: ḡ=6.0, γE[v]=14.9, Q=20.9 (bayes)
2026-09-23 15:14:21,740 INFO: Plan 0: ḡ=24, γE[v]=0.0, Q=24.0 (fn)
2026-09-23 15:14:22,184 INFO: Plan 0: ḡ=60, γE[v]=0.0, Q=60.0 (fn)
2026-09-23 15:14:22,605 INFO: Plan 2: ḡ=1, γE[v]=0.0, Q=1.0 (fn)
2026-09-23 15:14:22,946 INFO: Plan 1: ḡ=117, γE[v]=0.0, Q=117.0 (fn)
2026-09-23 15:14:23,507 INFO: Plan 0: ḡ=18, γE[v]=0.0, Q=18.0 (fn)
2026-09-23 15:14:23,764 INFO: Plan 0: ḡ=0, γE[v]=0.0, Q=0.0 (fn)
2026-09-23 15:14:23,765 INFO: Plan 2: ḡ=36, γE[v]=0.0, Q=36.0 (fn)
2026-09-23 15:14:23,765 INFO: Plan 0: ḡ=25.2, γE[v]=67.7, Q=92.9 (bayes)
2026-09-23 15:14:23,765 INFO: Plan 1: ḡ=58.5, γE[v]=51.0, Q=109.5 (bayes)
2026-09-23 15:14:23,766 INFO: Plan 2: ḡ=13.8, γE[v]=73.4, Q=87.2 (bayes)
2026-09-23 15:14:24,036 INFO: Plan 2: ḡ=10, γE[v]=0.0, Q=10.0 (fn)
2026-09-23 15:14:24,081 INFO: Plan 1: ḡ=3, γE[v]=0.0, Q=3.0 (fn)
2026-09-23 15:14:24,081 INFO: Plan 1: ḡ=0, γE[v]=0.0, Q=0.0 (fn)
2026-09-23 15:14:24,427 INFO: Plan 2: ḡ=0, γE[v]=0.0, Q=0.0 (fn)
2026-09-23 15:14:24,427 INFO: Plan 0: ḡ=0.0, γE[v]=0.0, Q=0.0 (bayes)
2026-09-23 15:14:24,427 INFO: Plan 1: ḡ=0.0, γE[v]=0.0, Q=0.0 (bayes)
2026-09-23 15:14:24,427 INFO: Plan 2: ḡ=0.0, γE[v]=0.0, Q=0.0 (bayes)
2026-09-23 15:14:24,505 INFO: Plan 0: ḡ=10, γE[v]=0.0, Q=10.0 (fn)
2026-09-23 15:14:24,506 INFO: Plan 0: ḡ=3.3, γE[v]=0.8, Q=4.1 (bayes)
2026-09-23 15:14:24,506 INFO: Plan 1: ḡ=1.1, γE[v]=1.9, Q=3.0 (bayes)
2026-09-23 15:14:24,506 INFO: Plan 2: ḡ=0.5, γE[v]=2.2, Q=2.7 (bayes)
2026-09-23 15:14:24,760 INFO: Plan 1: ḡ=53, γE[v]=0.0, Q=53.0 (fn)
2026-09-23 15:14:25,934 INFO: Plan 1: ḡ=14, γE[v]=4.0, Q=18.0 (fn)
2026-09-23 15:14:25,935 INFO: Plan 0: ḡ=7.0, γE[v]=4.5, Q=11.5 (bayes)
2026-09-23 15:14:25,935 INFO: Plan 1: ḡ=5.0, γE[v]=5.7, Q=10.7 (bayes)
2026-09-23 15:14:25,935 INFO: Plan 2: ḡ=5.0, γE[v]=5.5, Q=10.5 (bayes)
2026-09-23 15:14:26,352 INFO: Plan 0: ḡ=6, γE[v]=0.0, Q=6.0 (fn)
2026-09-23 15:14:27,776 INFO: Plan 0: ḡ=2, γE[v]=0.0, Q=2.0 (fn)
2026-09-23 15:14:27,818 INFO: Plan 1: ḡ=2, γE[v]=0.0, Q=2.0 (fn)
2026-09-23 15:14:28,768 INFO: Plan 2: ḡ=0, γE[v]=1.0, Q=1.0 (fn)
2026-09-23 15:14:28,769 INFO: Plan 0: ḡ=0.4, γE[v]=0.0, Q=0.4 (bayes)
2026-09-23 15:14:28,770 INFO: Plan 1: ḡ=0.4, γE[v]=0.0, Q=0.4 (bayes)
2026-09-23 15:14:28,770 INFO: Plan 2: ḡ=0.0, γE[v]=0.3, Q=0.3 (bayes)
2026-09-23 15:14:29,394 INFO: Plan 2: ḡ=89, γE[v]=0.0, Q=89.0 (fn)
2026-09-23 15:14:29,559 INFO: Plan 0: ḡ=53, γE[v]=0.0, Q=53.0 (fn)
2026-09-23 15:14:29,909 INFO: Plan 0: ḡ=34, γE[v]=0.0, Q=34.0 (fn)
2026-09-23 15:14:30,393 INFO: Plan 0: ḡ=2, γE[v]=0.0, Q=2.0 (fn)
2026-09-23 15:14:30,480 INFO: Plan 1: ḡ=0, γE[v]=0.0, Q=0.0 (fn)
2026-09-23 15:14:30,484 INFO: Plan 2: ḡ=9, γE[v]=24.0, Q=33.0 (fn)
2026-09-23 15:14:30,485 INFO: Plan 0: ḡ=11.7, γE[v]=49.6, Q=61.2 (bayes)
2026-09-23 15:14:30,485 INFO: Plan 1: ḡ=21.3, γE[v]=44.8, Q=66.1 (bayes)
2026-09-23 15:14:30,485 INFO: Plan 2: ḡ=4.5, γE[v]=54.2, Q=58.8 (bayes)
2026-09-23 15:14:30,689 INFO: Plan 2: ḡ=0, γE[v]=0.0, Q=0.0 (fn)
2026-09-23 15:14:30,689 INFO: Plan 0: ḡ=0.5, γE[v]=0.0, Q=0.5 (bayes)
2026-09-23 15:14:30,689 INFO: Plan 1: ḡ=0.0, γE[v]=0.2, Q=0.2 (bayes)
2026-09-23 15:14:30,689 INFO: Plan 2: ḡ=0.0, γE[v]=0.2, Q=0.2 (bayes)
2026-09-23 15:14:31,259 INFO: Plan 1: ḡ=15, γE[v]=0.0, Q=15.0 (fn)
2026-09-23 15:14:31,260 INFO: Plan 0: ḡ=22.7, γE[v]=81.7, Q=104.3 (bayes)
2026-09-23 15:14:31,260 INFO: Plan 1: ḡ=6.0, γE[v]=90.0, Q=96.0 (bayes)
2026-09-23 15:14:31,260 INFO: Plan 2: ḡ=23.0, γE[v]=81.5, Q=104.5 (bayes)
2026-09-23 15:14:31,710 INFO: Plan 2: ḡ=21, γE[v]=8.5, Q=29.5 (fn)
2026-09-23 15:14:33,136 INFO: Plan 1: ḡ=33, γE[v]=4.5, Q=37.5 (fn)
2026-09-23 15:14:33,137 INFO: Plan 0: ḡ=2.0, γE[v]=67.9, Q=69.9 (bayes)
2026-09-23 15:14:33,137 INFO: Plan 1: ḡ=16.5, γE[v]=60.9, Q=77.4 (bayes)
2026-09-23 15:14:33,137 INFO: Plan 2: ḡ=7.7, γE[v]=65.6, Q=73.2 (bayes)
2026-09-23 15:14:33,267 INFO: Plan 1: ḡ=21, γE[v]=0.0, Q=21.0 (fn)
2026-09-23 15:14:33,543 INFO: Plan 2: ḡ=10, γE[v]=0.0, Q=10.0 (fn)
2026-09-23 15:14:33,793 INFO: Plan 1: ḡ=36, γE[v]=13.0, Q=49.0 (fn)
2026-09-23 15:14:33,926 INFO: Plan 2: ḡ=0, γE[v]=0.0, Q=0.0 (fn)
2026-09-23 15:14:34,488 INFO: Plan 2: ḡ=28, γE[v]=0.0, Q=28.0 (fn)
2026-09-23 15:14:34,489 INFO: Plan 0: ḡ=13.5, γE[v]=39.4, Q=52.9 (bayes)
2026-09-23 15:14:34,489 INFO: Plan 1: ḡ=18.0, γE[v]=37.9, Q=55.9 (bayes)
2026-09-23 15:14:34,489 INFO: Plan 2: ḡ=9.5, γE[v]=41.4, Q=50.9 (bayes)
2026-09-23 15:14:34,533 INFO: Plan 2: ḡ=9, γE[v]=0.0, Q=9.0 (fn)
2026-09-23 15:14:34,988 INFO: Plan 0: ḡ=29, γE[v]=0.0, Q=29.0 (fn)
2026-09-23 15:14:34,989 INFO: Plan 0: ḡ=9.7, γE[v]=0.0, Q=9.7 (bayes)
2026-09-23 15:14:34,989 INFO: Plan 1: ḡ=7.0, γE[v]=1.3, Q=8.3 (bayes)
2026-09-23 15:14:34,989 INFO: Plan 2: ḡ=0.0, γE[v]=4.8, Q=4.8 (bayes)
2026-09-23 15:14:35,078 INFO: Plan 0: ḡ=22, γE[v]=0.0, Q=22.0 (fn)
2026-09-23 15:14:35,713 INFO: Plan 1: ḡ=1, γE[v]=0.0, Q=1.0 (fn)
2026-09-23 15:14:35,862 INFO: Plan 0: ḡ=1, γE[v]=0.0, Q=1.0 (fn)
2026-09-23 15:14:36,159 INFO: Plan 2: ḡ=1, γE[v]=0.0, Q=1.0 (fn)
2026-09-23 15:14:36,159 INFO: Plan 0: ḡ=0.3, γE[v]=0.0, Q=0.3 (bayes)
2026-09-23 15:14:36,159 INFO: Plan 1: ḡ=0.3, γE[v]=0.0, Q=0.3 (bayes)
2026-09-23 15:14:36,159 INFO: Plan 2: ḡ=0.3, γE[v]=0.0, Q=0.3 (bayes)
2026-09-23 15:14:36,714 INFO: Plan 1: ḡ=14, γE[v]=10.0, Q=24.0 (fn)
2026-09-23 15:14:36,968 INFO: Plan 1: ḡ=0, γE[v]=0.0, Q=0.0 (fn)
2026-09-23 15:14:37,149 INFO: Plan 0: ḡ=18, γE[v]=8.0, Q=26.0 (fn)
2026-09-23 15:14:37,150 INFO: Plan 0: ḡ=5.2, γE[v]=3.5, Q=8.7 (bayes)
2026-09-23 15:14:37,150 INFO: Plan 1: ḡ=4.7, γE[v]=3.9, Q=8.6 (bayes)
2026-09-23 15:14:37,150 INFO: Plan 2: ḡ=4.0, γE[v]=3.6, Q=7.6 (bayes)
2026-09-23 15:14:37,363 INFO: Plan 0: ḡ=4, γE[v]=0.0, Q=4.0 (fn)
2026-09-23 15:14:37,907 INFO: Plan 2: ḡ=0, γE[v]=0.0, Q=0.0 (fn)
2026-09-23 15:14:37,908 INFO: Plan 0: ḡ=1.3, γE[v]=0.0, Q=1.3 (bayes)
2026-09-23 15:14:37,908 INFO: Plan 1: ḡ=0.0, γE[v]=0.7, Q=0.7 (bayes)
2026-09-23 15:14:37,908 INFO: Plan 2: ḡ=0.0, γE[v]=0.7, Q=0.7 (bayes)
2026-09-23 15:14:38,627 INFO: Plan 0: ḡ=4, γE[v]=0.0, Q=4.0 (fn)
2026-09-23 15:14:39,382 INFO: Plan 2: ḡ=0, γE[v]=0.0, Q=0.0 (fn)
2026-09-23 15:14:39,592 INFO: Plan 1: ḡ=58, γE[v]=6.0, Q=64.0 (fn)
2026-09-23 15:14:39,592 INFO: Plan 0: ḡ=7.9, γE[v]=9.1, Q=17.0 (bayes)
2026-09-23 15:14:39,592 INFO: Plan 1: ḡ=15.5, γE[v]=5.6, Q=21.1 (bayes)
2026-09-23 15:14:39,592 INFO: Plan 2: ḡ=4.3, γE[v]=10.9, Q=15.2 (bayes)
2026-09-23 15:14:40,076 INFO: Plan 2: ḡ=14, γE[v]=0.0, Q=14.0 (fn)
2026-09-23 15:14:40,216 INFO: Plan 0: ḡ=2, γE[v]=0.0, Q=2.0 (fn)
2026-09-23 15:14:40,546 INFO: Plan 2: ḡ=0, γE[v]=0.0, Q=0.0 (fn)
2026-09-23 15:14:40,679 INFO: Plan 0: ḡ=27, γE[v]=0.0, Q=27.0 (fn)
2026-09-23 15:14:40,724 INFO: Plan 1: ḡ=22, γE[v]=0.0, Q=22.0 (fn)
2026-09-23 15:14:41,001 INFO: Plan 2: ḡ=22, γE[v]=0.0, Q=22.0 (fn)
2026-09-23 15:14:41,001 INFO: Plan 0: ḡ=1.3, γE[v]=3.0, Q=4.3 (bayes)
2026-09-23 15:14:41,001 INFO: Plan 1: ḡ=7.3, γE[v]=0.0, Q=7.3 (bayes)
2026-09-23 15:14:41,002 INFO: Plan 2: ḡ=7.3, γE[v]=0.0, Q=7.3 (bayes)
2026-09-23 15:14:41,400 INFO: Plan 1: ḡ=28, γE[v]=0.0, Q=28.0 (fn)
2026-09-23 15:14:41,400 INFO: Plan 0: ḡ=13.5, γE[v]=2.6, Q=16.1 (bayes)
2026-09-23 15:14:41,400 INFO: Plan 1: ḡ=14.0, γE[v]=2.3, Q=16.3 (bayes)
2026-09-23 15:14:41,400 INFO: Plan 2: ḡ=4.7, γE[v]=7.0, Q=11.7 (bayes)
2026-09-23 15:14:41,661 INFO: Plan 1: ḡ=6, γE[v]=0.0, Q=6.0 (fn)
2026-09-23 15:14:42,058 INFO: Plan 1: ḡ=1, γE[v]=0.5, Q=1.5 (fn)
2026-09-23 15:14:42,059 INFO: Plan 0: ḡ=0.4, γE[v]=0.0, Q=0.4 (bayes)
2026-09-23 15:14:42,059 INFO: Plan 1: ḡ=0.2, γE[v]=0.2, Q=0.3 (bayes)
2026-09-23 15:14:42,059 INFO: Plan 2: ḡ=0.0, γE[v]=0.2, Q=0.2 (bayes)
2026-09-23 15:14:42,101 INFO: Plan 2: ḡ=15, γE[v]=0.0, Q=15.0 (fn)
2026-09-23 15:14:42,403 INFO: Plan 0: ḡ=5, γE[v]=1.5, Q=6.5 (fn)
2026-09-23 15:14:42,404 INFO: Plan 0: ḡ=1.0, γE[v]=0.4, Q=1.4 (bayes)
2026-09-23 15:14:42,404 INFO: Plan 1: ḡ=1.2, γE[v]=0.2, Q=1.4 (bayes)
2026-09-23 15:14:42,404 INFO: Plan 2: ḡ=0.0, γE[v]=0.8, Q=0.8 (bayes)
2026-09-23 15:14:42,445 INFO: Plan 0: ḡ=2, γE[v]=0.0, Q=2.0 (fn)
2026-09-23 15:14:42,633 INFO: Plan 1: ḡ=2, γE[v]=0.0, Q=2.0 (fn)
2026-09-23 15:14:42,633 INFO: Plan 0: ḡ=0.7, γE[v]=1.6, Q=2.2 (bayes)
2026-09-23 15:14:42,634 INFO: Plan 1: ḡ=0.7, γE[v]=1.6, Q=2.2 (bayes)
2026-09-23 15:14:42,634 INFO: Plan 2: ḡ=2.5, γE[v]=0.7, Q=3.2 (bayes)
2026-09-23 15:14:43,353 INFO: Plan 2: ḡ=0, γE[v]=0.0, Q=0.0 (fn)
2026-09-23 15:14:43,642 INFO: Plan 1: ḡ=13, γE[v]=0.0, Q=13.0 (fn)
2026-09-23 15:14:43,785 INFO: Plan 0: ḡ=2, γE[v]=0.0, Q=2.0 (fn)
2026-09-23 15:14:43,786 INFO: Plan 0: ḡ=0.7, γE[v]=2.2, Q=2.8 (bayes)
2026-09-23 15:14:43,786 INFO: Plan 1: ḡ=4.3, γE[v]=0.3, Q=4.7 (bayes)
2026-09-23 15:14:43,786 INFO: Plan 2: ḡ=0.0, γE[v]=2.5, Q=2.5 (bayes)
2026-09-23 15:14:45,563 INFO: Plan 0: ḡ=12, γE[v]=0.0, Q=12.0 (fn)
2026-09-23 15:14:45,895 INFO: Plan 1: ḡ=7, γE[v]=0.0, Q=7.0 (fn)
2026-09-23 15:14:47,530 INFO: Plan 2: ḡ=15, γE[v]=1.5, Q=16.5 (fn)
2026-09-23 15:14:47,531 INFO: Plan 0: ḡ=3.1, γE[v]=2.7, Q=5.8 (bayes)
2026-09-23 15:14:47,531 INFO: Plan 1: ḡ=1.8, γE[v]=3.3, Q=5.1 (bayes)
2026-09-23 15:14:47,531 INFO: Plan 2: ḡ=3.6, γE[v]=2.5, Q=6.1 (bayes)
2026-09-23 15:14:48,192 INFO: Plan 0: ḡ=22, γE[v]=0.0, Q=22.0 (fn)
2026-09-23 15:14:49,528 INFO: Plan 2: ḡ=13, γE[v]=0.0, Q=13.0 (fn)
2026-09-23 15:14:50,058 INFO: Plan 1: ḡ=15, γE[v]=0.0, Q=15.0 (fn)
2026-09-23 15:14:50,059 INFO: Plan 0: ḡ=7.8, γE[v]=4.2, Q=12.1 (bayes)
2026-09-23 15:14:50,059 INFO: Plan 1: ḡ=7.2, γE[v]=4.5, Q=11.8 (bayes)
2026-09-23 15:14:50,059 INFO: Plan 2: ḡ=4.8, γE[v]=5.8, Q=10.5 (bayes)
2026-09-23 15:14:55,846 INFO: Plan 1: ḡ=12, γE[v]=0.0, Q=12.0 (fn)
2026-09-23 15:14:55,887 INFO: Plan 0: ḡ=4, γE[v]=0.0, Q=4.0 (fn)
2026-09-23 15:14:58,019 INFO: Plan 2: ḡ=14, γE[v]=6.0, Q=20.0 (fn)
2026-09-23 15:14:58,020 INFO: Plan 0: ḡ=0.8, γE[v]=3.3, Q=4.1 (bayes)
2026-09-23 15:14:58,020 INFO: Plan 1: ḡ=4.0, γE[v]=1.7, Q=5.7 (bayes)
2026-09-23 15:14:58,020 INFO: Plan 2: ḡ=3.4, γE[v]=2.4, Q=5.7 (bayes)
2026-09-23 15:14:59,023 INFO: Plan 0: ḡ=25, γE[v]=0.0, Q=25.0 (fn)
2026-09-23 15:14:59,621 INFO: Plan 2: ḡ=26, γE[v]=0.0, Q=26.0 (fn)
2026-09-23 15:14:59,621 INFO: Plan 0: ḡ=0, γE[v]=0.0, Q=0.0 (fn)
2026-09-23 15:14:59,663 INFO: Plan 1: ḡ=0, γE[v]=0.0, Q=0.0 (fn)
2026-09-23 15:14:59,663 INFO: Plan 2: ḡ=0, γE[v]=0.0, Q=0.0 (fn)
2026-09-23 15:14:59,663 INFO: Plan 0: ḡ=0.0, γE[v]=0.0, Q=0.0 (bayes)
2026-09-23 15:14:59,664 INFO: Plan 1: ḡ=0.0, γE[v]=0.0, Q=0.0 (bayes)
2026-09-23 15:14:59,664 INFO: Plan 2: ḡ=0.0, γE[v]=0.0, Q=0.0 (bayes)
2026-09-23 15:15:00,186 INFO: Plan 1: ḡ=34, γE[v]=0.0, Q=34.0 (fn)
2026-09-23 15:15:00,426 INFO: Plan 1: ḡ=6, γE[v]=0.0, Q=6.0 (fn)
2026-09-23 15:15:00,674 INFO: Plan 0: ḡ=6, γE[v]=0.0, Q=6.0 (fn)
2026-09-23 15:15:00,674 INFO: Plan 2: ḡ=0, γE[v]=0.0, Q=0.0 (fn)
2026-09-23 15:15:01,193 INFO: Plan 1: ḡ=7, γE[v]=3.0, Q=10.0 (fn)
2026-09-23 15:15:01,194 INFO: Plan 2: ḡ=46, γE[v]=0.0, Q=46.0 (fn)
2026-09-23 15:15:01,195 INFO: Plan 0: ḡ=1.5, γE[v]=0.9, Q=2.4 (bayes)
2026-09-23 15:15:01,195 INFO: Plan 1: ḡ=1.8, γE[v]=1.0, Q=2.7 (bayes)
2026-09-23 15:15:01,195 INFO: Plan 2: ḡ=0.0, γE[v]=1.6, Q=1.6 (bayes)
2026-09-23 15:15:01,195 INFO: Plan 0: ḡ=11.8, γE[v]=29.2, Q=41.1 (bayes)
2026-09-23 15:15:01,195 INFO: Plan 1: ḡ=3.0, γE[v]=33.7, Q=36.7 (bayes)
2026-09-23 15:15:01,195 INFO: Plan 2: ḡ=17.7, γE[v]=26.3, Q=44.0 (bayes)
2026-09-23 15:15:01,429 INFO: Plan 0: ḡ=7, γE[v]=9.5, Q=16.5 (fn)
2026-09-23 15:15:01,429 INFO: Plan 0: ḡ=3.5, γE[v]=14.7, Q=18.2 (bayes)
2026-09-23 15:15:01,429 INFO: Plan 1: ḡ=17.0, γE[v]=7.5, Q=24.5 (bayes)
2026-09-23 15:15:01,429 INFO: Plan 2: ḡ=13.0, γE[v]=9.5, Q=22.5 (bayes)
2026-09-23 15:15:01,802 INFO: Plan 0: ḡ=9, γE[v]=0.0, Q=9.0 (fn)
2026-09-23 15:15:02,086 INFO: Plan 2: ḡ=9, γE[v]=0.0, Q=9.0 (fn)
2026-09-23 15:15:02,481 INFO: Plan 0: ḡ=3, γE[v]=0.0, Q=3.0 (fn)
2026-09-23 15:15:02,483 INFO: Plan 1: ḡ=6, γE[v]=1.5, Q=7.5 (fn)
2026-09-23 15:15:02,483 INFO: Plan 0: ḡ=1.8, γE[v]=0.0, Q=1.8 (bayes)
2026-09-23 15:15:02,484 INFO: Plan 1: ḡ=1.2, γE[v]=0.4, Q=1.6 (bayes)
2026-09-23 15:15:02,484 INFO: Plan 2: ḡ=1.8, γE[v]=0.0, Q=1.8 (bayes)
2026-09-23 15:15:03,088 INFO: Plan 1: ḡ=0, γE[v]=0.0, Q=0.0 (fn)
2026-09-23 15:15:03,174 INFO: Plan 1: ḡ=4, γE[v]=0.0, Q=4.0 (fn)
2026-09-23 15:15:03,218 INFO: Plan 0: ḡ=0, γE[v]=0.0, Q=0.0 (fn)
2026-09-23 15:15:03,258 INFO: Plan 2: ḡ=0, γE[v]=0.0, Q=0.0 (fn)
2026-09-23 15:15:03,258 INFO: Plan 0: ḡ=0.0, γE[v]=0.0, Q=0.0 (bayes)
2026-09-23 15:15:03,259 INFO: Plan 1: ḡ=0.0, γE[v]=0.0, Q=0.0 (bayes)
2026-09-23 15:15:03,259 INFO: Plan 2: ḡ=0.0, γE[v]=0.0, Q=0.0 (bayes)
2026-09-23 15:15:03,630 INFO: Plan 2: ḡ=4, γE[v]=0.0, Q=4.0 (fn)
2026-09-23 15:15:03,630 INFO: Plan 0: ḡ=0.5, γE[v]=0.3, Q=0.8 (bayes)
2026-09-23 15:15:03,631 INFO: Plan 1: ḡ=0.7, γE[v]=0.2, Q=0.9 (bayes)
2026-09-23 15:15:03,631 INFO: Plan 2: ḡ=0.7, γE[v]=0.2, Q=0.9 (bayes)
2026-09-23 15:15:04,014 INFO: Plan 1: ḡ=13, γE[v]=0.0, Q=13.0 (fn)
2026-09-23 15:15:04,178 INFO: Plan 2: ḡ=86, γE[v]=0.0, Q=86.0 (fn)
2026-09-23 15:15:04,180 INFO: Plan 0: ḡ=32, γE[v]=0.0, Q=32.0 (fn)
2026-09-23 15:15:04,523 INFO: Plan 1: ḡ=75, γE[v]=0.0, Q=75.0 (fn)
2026-09-23 15:15:05,858 INFO: Plan 0: ḡ=15, γE[v]=0.0, Q=15.0 (fn)
2026-09-23 15:15:05,859 INFO: Plan 0: ḡ=5.3, γE[v]=49.0, Q=54.3 (bayes)
2026-09-23 15:15:05,859 INFO: Plan 1: ḡ=37.5, γE[v]=32.9, Q=70.4 (bayes)
2026-09-23 15:15:05,859 INFO: Plan 2: ḡ=43.0, γE[v]=30.2, Q=73.2 (bayes)
2026-09-23 15:15:08,062 INFO: Plan 0: ḡ=53, γE[v]=0.0, Q=53.0 (fn)
2026-09-23 15:15:08,063 INFO: Plan 1: ḡ=53, γE[v]=0.0, Q=53.0 (fn)
2026-09-23 15:15:08,412 INFO: Plan 2: ḡ=53, γE[v]=0.0, Q=53.0 (fn)
2026-09-23 15:15:08,413 INFO: Plan 0: ḡ=13.2, γE[v]=0.0, Q=13.2 (bayes)
2026-09-23 15:15:08,413 INFO: Plan 1: ḡ=13.2, γE[v]=0.0, Q=13.2 (bayes)
2026-09-23 15:15:08,413 INFO: Plan 2: ḡ=13.2, γE[v]=0.0, Q=13.2 (bayes)
2026-09-23 15:15:08,704 INFO: Plan 0: ḡ=0, γE[v]=0.0, Q=0.0 (fn)
2026-09-23 15:15:09,647 INFO: Plan 1: ḡ=0, γE[v]=0.0, Q=0.0 (fn)
2026-09-23 15:15:09,648 INFO: Plan 0: ḡ=0, γE[v]=0.0, Q=0.0 (fn)
2026-09-23 15:15:09,880 INFO: Plan 2: ḡ=0, γE[v]=0.0, Q=0.0 (fn)
2026-09-23 15:15:09,881 INFO: Plan 0: ḡ=0.0, γE[v]=0.0, Q=0.0 (bayes)
2026-09-23 15:15:09,881 INFO: Plan 1: ḡ=0.0, γE[v]=0.0, Q=0.0 (bayes)
2026-09-23 15:15:09,881 INFO: Plan 2: ḡ=0.0, γE[v]=0.0, Q=0.0 (bayes)
2026-09-23 15:15:10,508 INFO: Plan 2: ḡ=0, γE[v]=0.0, Q=0.0 (fn)
2026-09-23 15:15:11,410 INFO: Plan 0: ḡ=2, γE[v]=0.0, Q=2.0 (fn)
2026-09-23 15:15:11,411 INFO: Plan 1: ḡ=4, γE[v]=0.0, Q=4.0 (fn)
2026-09-23 15:15:11,938 INFO: Plan 2: ḡ=34, γE[v]=0.0, Q=34.0 (fn)
2026-09-23 15:15:11,938 INFO: Plan 0: ḡ=15.8, γE[v]=39.4, Q=55.2 (bayes)
2026-09-23 15:15:11,938 INFO: Plan 1: ḡ=6.5, γE[v]=44.0, Q=50.5 (bayes)
2026-09-23 15:15:11,938 INFO: Plan 2: ḡ=17.0, γE[v]=38.8, Q=55.8 (bayes)
2026-09-23 15:15:12,271 INFO: Plan 1: ḡ=0, γE[v]=0.0, Q=0.0 (fn)
2026-09-23 15:15:12,272 INFO: Plan 0: ḡ=0.0, γE[v]=0.0, Q=0.0 (bayes)
2026-09-23 15:15:12,272 INFO: Plan 1: ḡ=0.0, γE[v]=0.0, Q=0.0 (bayes)
2026-09-23 15:15:12,272 INFO: Plan 2: ḡ=0.0, γE[v]=0.0, Q=0.0 (bayes)
2026-09-23 15:15:12,891 INFO: Plan 0: ḡ=26, γE[v]=1.0, Q=27.0 (fn)
2026-09-23 15:15:12,933 INFO: Plan 2: ḡ=11, γE[v]=1.0, Q=12.0 (fn)
2026-09-23 15:15:13,284 INFO: Plan 2: ḡ=0, γE[v]=0.0, Q=0.0 (fn)
2026-09-23 15:15:13,285 INFO: Plan 1: ḡ=6, γE[v]=0.5, Q=6.5 (fn)
2026-09-23 15:15:13,285 INFO: Plan 0: ḡ=12.3, γE[v]=3.7, Q=16.1 (bayes)
2026-09-23 15:15:13,285 INFO: Plan 1: ḡ=2.5, γE[v]=8.6, Q=11.1 (bayes)
2026-09-23 15:15:13,285 INFO: Plan 2: ḡ=5.3, γE[v]=7.2, Q=12.6 (bayes)
2026-09-23 15:15:13,666 INFO: Plan 2: ḡ=1, γE[v]=2.5, Q=3.5 (fn)
2026-09-23 15:15:13,666 INFO: Plan 0: ḡ=0.7, γE[v]=0.7, Q=1.3 (bayes)
2026-09-23 15:15:13,667 INFO: Plan 1: ḡ=1.3, γE[v]=0.3, Q=1.7 (bayes)
2026-09-23 15:15:13,667 INFO: Plan 2: ḡ=0.3, γE[v]=1.0, Q=1.3 (bayes)
2026-09-23 15:15:13,893 INFO: Plan 0: ḡ=2, γE[v]=0.0, Q=2.0 (fn)
2026-09-23 15:15:13,893 INFO: Plan 1: ḡ=2, γE[v]=0.0, Q=2.0 (fn)
2026-09-23 15:15:13,894 INFO: Plan 0: ḡ=0.6, γE[v]=0.5, Q=1.1 (bayes)
2026-09-23 15:15:13,894 INFO: Plan 1: ḡ=1.0, γE[v]=0.3, Q=1.3 (bayes)
2026-09-23 15:15:13,894 INFO: Plan 2: ḡ=0.0, γE[v]=0.8, Q=0.8 (bayes)
2026-09-23 15:15:15,135 INFO: Plan 2: ḡ=2, γE[v]=0.0, Q=2.0 (fn)
2026-09-23 15:15:15,535 INFO: Plan 1: ḡ=98, γE[v]=0.0, Q=98.0 (fn)
2026-09-23 15:15:15,576 INFO: Plan 1: ḡ=9, γE[v]=0.0, Q=9.0 (fn)
2026-09-23 15:15:16,743 INFO: Plan 0: ḡ=274, γE[v]=0.0, Q=274.0 (fn)
2026-09-23 15:15:17,074 INFO: Plan 0: ḡ=14, γE[v]=4.0, Q=18.0 (fn)
2026-09-23 15:15:17,075 INFO: Plan 0: ḡ=4.7, γE[v]=1.6, Q=6.2 (bayes)
2026-09-23 15:15:17,075 INFO: Plan 1: ḡ=3.0, γE[v]=2.2, Q=5.2 (bayes)
2026-09-23 15:15:17,075 INFO: Plan 2: ḡ=0.7, γE[v]=3.3, Q=4.0 (bayes)
2026-09-23 15:15:18,577 INFO: Plan 0: ḡ=26, γE[v]=0.0, Q=26.0 (fn)
2026-09-23 15:15:19,302 INFO: Plan 0: ḡ=1, γE[v]=0.0, Q=1.0 (fn)
2026-09-23 15:15:19,589 INFO: Plan 1: ḡ=1, γE[v]=0.0, Q=1.0 (fn)
2026-09-23 15:15:20,146 INFO: Plan 2: ḡ=0, γE[v]=0.5, Q=0.5 (fn)
2026-09-23 15:15:20,147 INFO: Plan 0: ḡ=0.2, γE[v]=0.0, Q=0.2 (bayes)
2026-09-23 15:15:20,147 INFO: Plan 1: ḡ=0.2, γE[v]=0.0, Q=0.2 (bayes)
2026-09-23 15:15:20,147 INFO: Plan 2: ḡ=0.0, γE[v]=0.1, Q=0.1 (bayes)
2026-09-23 15:15:21,078 INFO: Plan 1: ḡ=0, γE[v]=0.0, Q=0.0 (fn)
2026-09-23 15:15:21,121 INFO: Plan 0: ḡ=0, γE[v]=0.0, Q=0.0 (fn)
2026-09-23 15:15:21,440 INFO: Plan 1: ḡ=87, γE[v]=0.0, Q=87.0 (fn)
2026-09-23 15:15:21,789 INFO: Plan 0: ḡ=60, γE[v]=0.0, Q=60.0 (fn)
2026-09-23 15:15:22,353 INFO: Plan 2: ḡ=0, γE[v]=0.0, Q=0.0 (fn)
2026-09-23 15:15:22,354 INFO: Plan 0: ḡ=0.0, γE[v]=0.0, Q=0.0 (bayes)
2026-09-23 15:15:22,354 INFO: Plan 1: ḡ=0.0, γE[v]=0.0, Q=0.0 (bayes)
2026-09-23 15:15:22,354 INFO: Plan 2: ḡ=0.0, γE[v]=0.0, Q=0.0 (bayes)
2026-09-23 15:15:22,802 INFO: Plan 2: ḡ=351, γE[v]=35.5, Q=386.5 (fn)
2026-09-23 15:15:22,803 INFO: Plan 0: ḡ=58.7, γE[v]=24.7, Q=83.4 (bayes)
2026-09-23 15:15:22,803 INFO: Plan 1: ḡ=30.6, γE[v]=38.7, Q=69.3 (bayes)
2026-09-23 15:15:22,803 INFO: Plan 2: ḡ=84.5, γE[v]=13.9, Q=98.4 (bayes)
2026-09-23 15:15:23,392 INFO: Plan 2: ḡ=36, γE[v]=0.0, Q=36.0 (fn)
2026-09-23 15:15:23,393 INFO: Plan 0: ḡ=25.2, γE[v]=49.0, Q=74.2 (bayes)
2026-09-23 15:15:23,393 INFO: Plan 1: ḡ=30.7, γE[v]=46.3, Q=77.0 (bayes)
2026-09-23 15:15:23,393 INFO: Plan 2: ḡ=13.8, γE[v]=54.7, Q=68.5 (bayes)
2026-09-23 15:15:24,629 INFO: Plan 2: ḡ=96, γE[v]=22.5, Q=118.5 (fn)
2026-09-23 15:15:25,695 INFO: Plan 0: ḡ=11, γE[v]=0.0, Q=11.0 (fn)
2026-09-23 15:15:27,318 INFO: Plan 1: ḡ=0, γE[v]=0.0, Q=0.0 (fn)
2026-09-23 15:15:27,814 INFO: Plan 0: ḡ=0, γE[v]=0.0, Q=0.0 (fn)
2026-09-23 15:15:28,032 INFO: Plan 2: ḡ=0, γE[v]=0.0, Q=0.0 (fn)
2026-09-23 15:15:28,033 INFO: Plan 0: ḡ=0.0, γE[v]=0.0, Q=0.0 (bayes)
2026-09-23 15:15:28,033 INFO: Plan 1: ḡ=0.0, γE[v]=0.0, Q=0.0 (bayes)
2026-09-23 15:15:28,033 INFO: Plan 2: ḡ=0.0, γE[v]=0.0, Q=0.0 (bayes)
2026-09-23 15:15:29,014 INFO: Plan 0: ḡ=6, γE[v]=0.0, Q=6.0 (fn)
2026-09-23 15:15:29,665 INFO: Plan 0: ḡ=0, γE[v]=0.0, Q=0.0 (fn)
2026-09-23 15:15:29,706 INFO: Plan 2: ḡ=20, γE[v]=0.0, Q=20.0 (fn)
2026-09-23 15:15:30,065 INFO: Plan 0: ḡ=0, γE[v]=0.0, Q=0.0 (fn)
2026-09-23 15:15:30,066 INFO: Plan 1: ḡ=65, γE[v]=38.0, Q=103.0 (fn)
2026-09-23 15:15:30,072 INFO: Plan 0: ḡ=4.3, γE[v]=9.6, Q=13.9 (bayes)
2026-09-23 15:15:30,072 INFO: Plan 1: ḡ=10.8, γE[v]=9.2, Q=20.0 (bayes)
2026-09-23 15:15:30,072 INFO: Plan 2: ḡ=16.0, γE[v]=5.4, Q=21.4 (bayes)
2026-09-23 15:15:30,714 INFO: Plan 2: ḡ=0, γE[v]=0.0, Q=0.0 (fn)
2026-09-23 15:15:30,756 INFO: Plan 2: ḡ=0, γE[v]=0.0, Q=0.0 (fn)
2026-09-23 15:15:31,079 INFO: Plan 0: ḡ=11, γE[v]=0.0, Q=11.0 (fn)
2026-09-23 15:15:31,122 INFO: Plan 1: ḡ=0, γE[v]=0.0, Q=0.0 (fn)
2026-09-23 15:15:31,122 INFO: Plan 0: ḡ=0.0, γE[v]=0.0, Q=0.0 (bayes)
2026-09-23 15:15:31,122 INFO: Plan 1: ḡ=0.0, γE[v]=0.0, Q=0.0 (bayes)
2026-09-23 15:15:31,122 INFO: Plan 2: ḡ=0.0, γE[v]=0.0, Q=0.0 (bayes)
2026-09-23 15:15:31,623 INFO: Plan 1: ḡ=0, γE[v]=0.0, Q=0.0 (fn)
2026-09-23 15:15:31,629 INFO: Plan 0: ḡ=0.0, γE[v]=0.0, Q=0.0 (bayes)
2026-09-23 15:15:31,630 INFO: Plan 1: ḡ=0.0, γE[v]=0.0, Q=0.0 (bayes)
2026-09-23 15:15:31,630 INFO: Plan 2: ḡ=0.0, γE[v]=0.0, Q=0.0 (bayes)
2026-09-23 15:15:31,663 INFO: Plan 1: ḡ=10, γE[v]=0.0, Q=10.0 (fn)
2026-09-23 15:15:33,016 INFO: Plan 2: ḡ=4, γE[v]=0.0, Q=4.0 (fn)
2026-09-23 15:15:33,056 INFO: Plan 0: ḡ=0, γE[v]=0.0, Q=0.0 (fn)
2026-09-23 15:15:33,438 INFO: Plan 2: ḡ=0, γE[v]=0.0, Q=0.0 (fn)
2026-09-23 15:15:33,880 INFO: Plan 1: ḡ=0, γE[v]=0.0, Q=0.0 (fn)
2026-09-23 15:15:33,880 INFO: Plan 0: ḡ=0.0, γE[v]=0.0, Q=0.0 (bayes)
2026-09-23 15:15:33,880 INFO: Plan 1: ḡ=0.0, γE[v]=0.0, Q=0.0 (bayes)
2026-09-23 15:15:33,881 INFO: Plan 2: ḡ=0.0, γE[v]=0.0, Q=0.0 (bayes)
2026-09-23 15:15:34,050 INFO: Plan 1: ḡ=128, γE[v]=72.5, Q=200.5 (fn)
2026-09-23 15:15:34,436 INFO: Plan 2: ḡ=14, γE[v]=0.0, Q=14.0 (fn)
2026-09-23 15:15:34,481 INFO: Plan 2: ḡ=174, γE[v]=99.0, Q=273.0 (fn)
2026-09-23 15:15:34,482 INFO: Plan 1: ḡ=1, γE[v]=0.0, Q=1.0 (fn)
2026-09-23 15:15:34,628 INFO: Plan 0: ḡ=4, γE[v]=0.0, Q=4.0 (fn)
2026-09-23 15:15:34,628 INFO: Plan 0: ḡ=1.3, γE[v]=2.5, Q=3.8 (bayes)
2026-09-23 15:15:34,628 INFO: Plan 1: ḡ=0.3, γE[v]=3.0, Q=3.3 (bayes)
2026-09-23 15:15:34,628 INFO: Plan 2: ḡ=4.7, γE[v]=0.8, Q=5.5 (bayes)
2026-09-23 15:15:34,895 INFO: Plan 2: ḡ=2, γE[v]=4.0, Q=6.0 (fn)
2026-09-23 15:15:34,896 INFO: Plan 0: ḡ=3.7, γE[v]=2.8, Q=6.5 (bayes)
2026-09-23 15:15:34,896 INFO: Plan 1: ḡ=4.7, γE[v]=2.3, Q=7.0 (bayes)
2026-09-23 15:15:34,896 INFO: Plan 2: ḡ=1.0, γE[v]=4.3, Q=5.3 (bayes)
2026-09-23 15:15:34,937 INFO: Plan 2: ḡ=9, γE[v]=25.0, Q=34.0 (fn)
2026-09-23 15:15:35,140 INFO: Plan 0: ḡ=157, γE[v]=89.0, Q=246.0 (fn)
2026-09-23 15:15:35,140 INFO: Plan 0: ḡ=31.5, γE[v]=29.6, Q=61.1 (bayes)
2026-09-23 15:15:35,140 INFO: Plan 1: ḡ=25.8, γE[v]=31.4, Q=57.2 (bayes)
2026-09-23 15:15:35,140 INFO: Plan 2: ḡ=34.8, γE[v]=28.7, Q=63.5 (bayes)
2026-09-23 15:15:35,305 INFO: Plan 0: ḡ=6, γE[v]=5.0, Q=11.0 (fn)
2026-09-23 15:15:35,647 INFO: Plan 2: ḡ=86, γE[v]=0.0, Q=86.0 (fn)
2026-09-23 15:15:35,685 INFO: Plan 1: ḡ=81, γE[v]=0.0, Q=81.0 (fn)
2026-09-23 15:15:35,961 INFO: Plan 0: ḡ=39, γE[v]=0.0, Q=39.0 (fn)
2026-09-23 15:15:35,961 INFO: Plan 0: ḡ=18.2, γE[v]=25.9, Q=44.1 (bayes)
2026-09-23 15:15:35,961 INFO: Plan 1: ḡ=20.7, γE[v]=24.7, Q=45.3 (bayes)
2026-09-23 15:15:35,961 INFO: Plan 2: ḡ=32.7, γE[v]=18.6, Q=51.4 (bayes)
2026-09-23 15:15:36,089 INFO: Plan 1: ḡ=6, γE[v]=5.0, Q=11.0 (fn)
2026-09-23 15:15:36,090 INFO: Plan 0: ḡ=1.5, γE[v]=1.7, Q=3.2 (bayes)
2026-09-23 15:15:36,090 INFO: Plan 1: ḡ=1.5, γE[v]=1.7, Q=3.2 (bayes)
2026-09-23 15:15:36,090 INFO: Plan 2: ḡ=1.3, γE[v]=1.5, Q=2.8 (bayes)
2026-09-23 15:15:36,559 INFO: Plan 0: ḡ=53, γE[v]=0.0, Q=53.0 (fn)
2026-09-23 15:15:36,782 INFO: Plan 1: ḡ=11, γE[v]=19.5, Q=30.5 (fn)
2026-09-23 15:15:36,784 INFO: Plan 2: ḡ=42, γE[v]=0.0, Q=42.0 (fn)
2026-09-23 15:15:36,785 INFO: Plan 0: ḡ=5.2, γE[v]=45.7, Q=50.8 (bayes)
2026-09-23 15:15:36,785 INFO: Plan 1: ḡ=4.5, γE[v]=46.9, Q=51.4 (bayes)
2026-09-23 15:15:36,785 INFO: Plan 2: ḡ=4.5, γE[v]=47.1, Q=51.6 (bayes)
2026-09-23 15:15:37,117 INFO: Plan 1: ḡ=11, γE[v]=13.5, Q=24.5 (fn)
2026-09-23 15:15:37,118 INFO: Plan 0: ḡ=2.0, γE[v]=58.8, Q=60.8 (bayes)
2026-09-23 15:15:37,118 INFO: Plan 1: ḡ=4.2, γE[v]=58.3, Q=62.4 (bayes)
2026-09-23 15:15:37,118 INFO: Plan 2: ḡ=7.2, γE[v]=56.2, Q=63.3 (bayes)
2026-09-23 15:15:37,515 INFO: Plan 2: ḡ=0, γE[v]=0.0, Q=0.0 (fn)
2026-09-23 15:15:37,516 INFO: Plan 1: ḡ=0, γE[v]=0.0, Q=0.0 (fn)
2026-09-23 15:15:37,680 INFO: Plan 0: ḡ=1, γE[v]=0.0, Q=1.0 (fn)
2026-09-23 15:15:37,681 INFO: Plan 0: ḡ=0.2, γE[v]=0.0, Q=0.2 (bayes)
2026-09-23 15:15:37,681 INFO: Plan 1: ḡ=0.0, γE[v]=0.1, Q=0.1 (bayes)
2026-09-23 15:15:37,681 INFO: Plan 2: ḡ=0.0, γE[v]=0.1, Q=0.1 (bayes)
2026-09-23 15:15:37,848 INFO: Plan 2: ḡ=9, γE[v]=4.0, Q=13.0 (fn)
2026-09-23 15:15:38,302 INFO: Plan 1: ḡ=10, γE[v]=0.0, Q=10.0 (fn)
2026-09-23 15:15:38,340 INFO: Plan 2: ḡ=117, γE[v]=0.0, Q=117.0 (fn)
2026-09-23 15:15:38,341 INFO: Plan 0: ḡ=22.7, γE[v]=79.3, Q=102.0 (bayes)
2026-09-23 15:15:38,341 INFO: Plan 1: ḡ=5.0, γE[v]=88.1, Q=93.1 (bayes)
2026-09-23 15:15:38,341 INFO: Plan 2: ḡ=28.2, γE[v]=76.5, Q=104.8 (bayes)
2026-09-23 15:15:40,268 INFO: Plan 2: ḡ=0, γE[v]=0.0, Q=0.0 (fn)
2026-09-23 15:15:40,676 INFO: Plan 1: ḡ=46, γE[v]=4.0, Q=50.0 (fn)
2026-09-23 15:15:40,809 INFO: Plan 0: ḡ=13, γE[v]=19.5, Q=32.5 (fn)
2026-09-23 15:15:41,137 INFO: Plan 0: ḡ=5, γE[v]=0.0, Q=5.0 (fn)
2026-09-23 15:15:41,137 INFO: Plan 1: ḡ=5, γE[v]=0.0, Q=5.0 (fn)
2026-09-23 15:15:41,138 INFO: Plan 0: ḡ=0.8, γE[v]=0.0, Q=0.8 (bayes)
2026-09-23 15:15:41,138 INFO: Plan 1: ḡ=0.8, γE[v]=0.0, Q=0.8 (bayes)
2026-09-23 15:15:41,138 INFO: Plan 2: ḡ=0.0, γE[v]=0.4, Q=0.4 (bayes)
2026-09-23 15:15:41,606 INFO: Plan 1: ḡ=12, γE[v]=0.0, Q=12.0 (fn)
2026-09-23 15:15:41,697 INFO: Plan 0: ḡ=4, γE[v]=0.0, Q=4.0 (fn)
2026-09-23 15:15:42,050 INFO: Plan 2: ḡ=4, γE[v]=0.0, Q=4.0 (fn)
2026-09-23 15:15:42,050 INFO: Plan 0: ḡ=0.7, γE[v]=1.5, Q=2.2 (bayes)
2026-09-23 15:15:42,050 INFO: Plan 1: ḡ=3.0, γE[v]=0.3, Q=3.3 (bayes)
2026-09-23 15:15:42,051 INFO: Plan 2: ḡ=0.7, γE[v]=1.5, Q=2.2 (bayes)
2026-09-23 15:15:44,372 INFO: Plan 0: ḡ=21, γE[v]=24.5, Q=45.5 (fn)
2026-09-23 15:15:44,373 INFO: Plan 0: ḡ=6.5, γE[v]=7.5, Q=14.0 (bayes)
2026-09-23 15:15:44,373 INFO: Plan 1: ḡ=10.8, γE[v]=3.9, Q=14.7 (bayes)
2026-09-23 15:15:44,373 INFO: Plan 2: ḡ=2.9, γE[v]=7.9, Q=10.8 (bayes)
2026-09-23 15:15:44,418 INFO: Plan 1: ḡ=66, γE[v]=0.0, Q=66.0 (fn)
2026-09-23 15:15:44,962 INFO: Plan 2: ḡ=15, γE[v]=0.0, Q=15.0 (fn)
2026-09-23 15:15:45,374 INFO: Plan 2: ḡ=28, γE[v]=0.0, Q=28.0 (fn)
2026-09-23 15:15:45,421 INFO: Plan 0: ḡ=2, γE[v]=0.0, Q=2.0 (fn)
2026-09-23 15:15:45,592 INFO: Plan 1: ḡ=2, γE[v]=0.0, Q=2.0 (fn)
2026-09-23 15:15:45,592 INFO: Plan 0: ḡ=0.7, γE[v]=1.4, Q=2.1 (bayes)
2026-09-23 15:15:45,593 INFO: Plan 1: ḡ=0.7, γE[v]=1.4, Q=2.1 (bayes)
2026-09-23 15:15:45,593 INFO: Plan 2: ḡ=2.1, γE[v]=0.7, Q=2.8 (bayes)
2026-09-23 15:15:45,811 INFO: Plan 0: ḡ=34, γE[v]=0.0, Q=34.0 (fn)
2026-09-23 15:15:45,811 INFO: Plan 0: ḡ=13.5, γE[v]=30.6, Q=44.1 (bayes)
2026-09-23 15:15:45,811 INFO: Plan 1: ḡ=17.5, γE[v]=28.6, Q=46.1 (bayes)
2026-09-23 15:15:45,811 INFO: Plan 2: ḡ=9.5, γE[v]=32.6, Q=42.1 (bayes)
2026-09-23 15:15:46,572 INFO: Plan 2: ḡ=0, γE[v]=0.0, Q=0.0 (fn)
2026-09-23 15:15:46,743 INFO: Plan 0: ḡ=0, γE[v]=0.0, Q=0.0 (fn)
2026-09-23 15:15:46,792 INFO: Plan 2: ḡ=0, γE[v]=0.0, Q=0.0 (fn)
2026-09-23 15:15:46,793 INFO: Plan 0: ḡ=3, γE[v]=0.0, Q=3.0 (fn)
2026-09-23 15:15:47,152 INFO: Plan 1: ḡ=2, γE[v]=0.0, Q=2.0 (fn)
2026-09-23 15:15:47,152 INFO: Plan 1: ḡ=0, γE[v]=0.0, Q=0.0 (fn)
2026-09-23 15:15:47,153 INFO: Plan 0: ḡ=0.0, γE[v]=0.0, Q=0.0 (bayes)
2026-09-23 15:15:47,153 INFO: Plan 1: ḡ=0.0, γE[v]=0.0, Q=0.0 (bayes)
2026-09-23 15:15:47,153 INFO: Plan 2: ḡ=0.0, γE[v]=0.0, Q=0.0 (bayes)
2026-09-23 15:15:47,192 INFO: Plan 0: ḡ=2, γE[v]=0.0, Q=2.0 (fn)
2026-09-23 15:15:47,193 INFO: Plan 0: ḡ=0.7, γE[v]=0.0, Q=0.7 (bayes)
2026-09-23 15:15:47,193 INFO: Plan 1: ḡ=0.7, γE[v]=0.0, Q=0.7 (bayes)
2026-09-23 15:15:47,193 INFO: Plan 2: ḡ=0.0, γE[v]=0.3, Q=0.3 (bayes)
2026-09-23 15:15:47,448 INFO: Plan 1: ḡ=163, γE[v]=0.5, Q=163.5 (fn)
2026-09-23 15:15:47,449 INFO: Plan 0: ḡ=4.2, γE[v]=21.7, Q=25.9 (bayes)
2026-09-23 15:15:47,449 INFO: Plan 1: ḡ=45.0, γE[v]=0.2, Q=45.2 (bayes)
2026-09-23 15:15:47,449 INFO: Plan 2: ḡ=13.9, γE[v]=15.7, Q=29.6 (bayes)
2026-09-23 15:15:49,192 INFO: Plan 0: ḡ=9, γE[v]=0.0, Q=9.0 (fn)
2026-09-23 15:15:49,278 INFO: Plan 2: ḡ=14, γE[v]=0.0, Q=14.0 (fn)
2026-09-23 15:15:49,734 INFO: Plan 2: ḡ=9, γE[v]=0.0, Q=9.0 (fn)
2026-09-23 15:15:50,175 INFO: Plan 1: ḡ=6, γE[v]=1.5, Q=7.5 (fn)
2026-09-23 15:15:50,175 INFO: Plan 0: ḡ=1.5, γE[v]=0.0, Q=1.5 (bayes)
2026-09-23 15:15:50,175 INFO: Plan 1: ḡ=1.0, γE[v]=0.4, Q=1.4 (bayes)
2026-09-23 15:15:50,175 INFO: Plan 2: ḡ=1.5, γE[v]=0.0, Q=1.5 (bayes)
2026-09-23 15:15:50,477 INFO: Plan 1: ḡ=11, γE[v]=1.5, Q=12.5 (fn)
2026-09-23 15:15:50,478 INFO: Plan 0: ḡ=0.8, γE[v]=1.4, Q=2.1 (bayes)
2026-09-23 15:15:50,478 INFO: Plan 1: ḡ=2.8, γE[v]=0.5, Q=3.2 (bayes)
2026-09-23 15:15:50,478 INFO: Plan 2: ḡ=3.5, γE[v]=0.0, Q=3.5 (bayes)
2026-09-23 15:15:51,457 INFO: Plan 1: ḡ=6, γE[v]=0.0, Q=6.0 (fn)
2026-09-23 15:15:51,498 INFO: Plan 0: ḡ=11, γE[v]=0.0, Q=11.0 (fn)
2026-09-23 15:15:52,010 INFO: Plan 0: ḡ=19, γE[v]=0.0, Q=19.0 (fn)
2026-09-23 15:15:52,010 INFO: Plan 2: ḡ=10, γE[v]=0.0, Q=10.0 (fn)
2026-09-23 15:15:52,011 INFO: Plan 0: ḡ=2.8, γE[v]=1.7, Q=4.6 (bayes)
2026-09-23 15:15:52,011 INFO: Plan 1: ḡ=1.4, γE[v]=2.4, Q=3.9 (bayes)
2026-09-23 15:15:52,011 INFO: Plan 2: ḡ=2.0, γE[v]=2.1, Q=4.1 (bayes)
2026-09-23 15:15:52,051 INFO: Plan 2: ḡ=13, γE[v]=0.0, Q=13.0 (fn)
2026-09-23 15:15:52,434 INFO: Plan 1: ḡ=8, γE[v]=0.0, Q=8.0 (fn)
2026-09-23 15:15:52,435 INFO: Plan 0: ḡ=4.7, γE[v]=4.2, Q=8.9 (bayes)
2026-09-23 15:15:52,435 INFO: Plan 1: ḡ=3.8, γE[v]=4.7, Q=8.5 (bayes)
2026-09-23 15:15:52,435 INFO: Plan 2: ḡ=4.8, γE[v]=4.2, Q=9.0 (bayes)
2026-09-23 15:15:53,108 INFO: Plan 2: ḡ=0, γE[v]=0.0, Q=0.0 (fn)
2026-09-23 15:15:53,415 INFO: Plan 1: ḡ=1, γE[v]=0.0, Q=1.0 (fn)
2026-09-23 15:15:54,231 INFO: Plan 0: ḡ=2, γE[v]=0.0, Q=2.0 (fn)
2026-09-23 15:15:54,231 INFO: Plan 0: ḡ=0.3, γE[v]=0.0, Q=0.3 (bayes)
2026-09-23 15:15:54,231 INFO: Plan 1: ḡ=0.1, γE[v]=0.1, Q=0.2 (bayes)
2026-09-23 15:15:54,231 INFO: Plan 2: ḡ=0.0, γE[v]=0.2, Q=0.2 (bayes)
2026-09-23 15:15:55,726 INFO: Plan 0: ḡ=6, γE[v]=0.0, Q=6.0 (fn)
2026-09-23 15:15:55,726 INFO: Plan 1: ḡ=0, γE[v]=0.0, Q=0.0 (fn)
2026-09-23 15:15:55,768 INFO: Plan 2: ḡ=0, γE[v]=0.0, Q=0.0 (fn)
2026-09-23 15:15:55,768 INFO: Plan 0: ḡ=1.2, γE[v]=0.0, Q=1.2 (bayes)
2026-09-23 15:15:55,768 INFO: Plan 1: ḡ=0.0, γE[v]=0.6, Q=0.6 (bayes)
2026-09-23 15:15:55,768 INFO: Plan 2: ḡ=0.0, γE[v]=0.6, Q=0.6 (bayes)
2026-09-23 15:16:01,575 INFO: Plan 0: ḡ=7, γE[v]=1.5, Q=8.5 (fn)
2026-09-23 15:16:02,478 INFO: Plan 1: ḡ=13, γE[v]=0.0, Q=13.0 (fn)
2026-09-23 15:16:02,721 INFO: Plan 2: ḡ=24, γE[v]=0.0, Q=24.0 (fn)
2026-09-23 15:16:02,721 INFO: Plan 0: ḡ=3.0, γE[v]=8.4, Q=11.4 (bayes)
2026-09-23 15:16:02,721 INFO: Plan 1: ḡ=4.7, γE[v]=7.5, Q=12.2 (bayes)
2026-09-23 15:16:02,721 INFO: Plan 2: ḡ=12.0, γE[v]=3.8, Q=15.8 (bayes)
2026-09-23 15:16:03,544 INFO: Plan 2: ḡ=5, γE[v]=0.0, Q=5.0 (fn)
2026-09-23 15:16:04,384 INFO: Plan 1: ḡ=7, γE[v]=0.0, Q=7.0 (fn)
2026-09-23 15:16:04,633 INFO: Plan 0: ḡ=4, γE[v]=1.0, Q=5.0 (fn)
2026-09-23 15:16:04,634 INFO: Plan 0: ḡ=1.3, γE[v]=2.9, Q=4.2 (bayes)
2026-09-23 15:16:04,634 INFO: Plan 1: ḡ=3.2, γE[v]=1.9, Q=5.1 (bayes)
2026-09-23 15:16:04,634 INFO: Plan 2: ḡ=2.5, γE[v]=2.2, Q=4.8 (bayes)
2026-09-23 15:16:06,833 INFO: Plan 0: ḡ=25, γE[v]=0.0, Q=25.0 (fn)
2026-09-23 15:16:08,721 INFO: Plan 0: ḡ=0, γE[v]=0.0, Q=0.0 (fn)
2026-09-23 15:16:09,061 INFO: Plan 1: ḡ=0, γE[v]=0.0, Q=0.0 (fn)
2026-09-23 15:16:09,149 INFO: Plan 1: ḡ=13, γE[v]=0.5, Q=13.5 (fn)
2026-09-23 15:16:09,149 INFO: Plan 2: ḡ=0, γE[v]=0.0, Q=0.0 (fn)
2026-09-23 15:16:09,150 INFO: Plan 0: ḡ=0.0, γE[v]=0.0, Q=0.0 (bayes)
2026-09-23 15:16:09,150 INFO: Plan 1: ḡ=0.0, γE[v]=0.0, Q=0.0 (bayes)
2026-09-23 15:16:09,150 INFO: Plan 2: ḡ=0.0, γE[v]=0.0, Q=0.0 (bayes)
2026-09-23 15:16:09,856 INFO: Plan 2: ḡ=23, γE[v]=0.0, Q=23.0 (fn)
2026-09-23 15:16:09,857 INFO: Plan 0: ḡ=10.3, γE[v]=24.5, Q=34.8 (bayes)
2026-09-23 15:16:09,857 INFO: Plan 1: ḡ=5.2, γE[v]=27.1, Q=32.2 (bayes)
2026-09-23 15:16:09,857 INFO: Plan 2: ḡ=8.3, γE[v]=25.5, Q=33.8 (bayes)
2026-09-23 15:16:10,792 INFO: Plan 1: ḡ=1, γE[v]=0.0, Q=1.0 (fn)
2026-09-23 15:16:11,278 INFO: Plan 2: ḡ=1, γE[v]=0.0, Q=1.0 (fn)
2026-09-23 15:16:11,323 INFO: Plan 1: ḡ=4, γE[v]=0.0, Q=4.0 (fn)
2026-09-23 15:16:12,112 INFO: Plan 0: ḡ=3, γE[v]=0.0, Q=3.0 (fn)
2026-09-23 15:16:12,112 INFO: Plan 0: ḡ=0.9, γE[v]=0.0, Q=0.9 (bayes)
2026-09-23 15:16:12,113 INFO: Plan 1: ḡ=0.3, γE[v]=0.3, Q=0.6 (bayes)
2026-09-23 15:16:12,113 INFO: Plan 2: ḡ=0.3, γE[v]=0.3, Q=0.6 (bayes)
2026-09-23 15:16:12,532 INFO: Plan 1: ḡ=1, γE[v]=0.0, Q=1.0 (fn)
2026-09-23 15:16:12,573 INFO: Plan 0: ḡ=1, γE[v]=0.0, Q=1.0 (fn)
2026-09-23 15:16:13,043 INFO: Plan 2: ḡ=1, γE[v]=0.0, Q=1.0 (fn)
2026-09-23 15:16:13,044 INFO: Plan 2: ḡ=7, γE[v]=0.0, Q=7.0 (fn)
2026-09-23 15:16:13,045 INFO: Plan 0: ḡ=0.3, γE[v]=0.2, Q=0.5 (bayes)
2026-09-23 15:16:13,045 INFO: Plan 1: ḡ=0.3, γE[v]=0.2, Q=0.5 (bayes)
2026-09-23 15:16:13,045 INFO: Plan 2: ḡ=0.3, γE[v]=0.2, Q=0.5 (bayes)
2026-09-23 15:16:13,560 INFO: Plan 1: ḡ=14, γE[v]=0.0, Q=14.0 (fn)
2026-09-23 15:16:13,561 INFO: Plan 0: ḡ=0, γE[v]=0.0, Q=0.0 (fn)
2026-09-23 15:16:13,562 INFO: Plan 0: ḡ=3, γE[v]=2.0, Q=5.0 (fn)
2026-09-23 15:16:13,562 INFO: Plan 0: ḡ=0.5, γE[v]=0.4, Q=0.9 (bayes)
2026-09-23 15:16:13,562 INFO: Plan 1: ḡ=0.6, γE[v]=0.2, Q=0.8 (bayes)
2026-09-23 15:16:13,562 INFO: Plan 2: ḡ=1.1, γE[v]=0.0, Q=1.1 (bayes)
2026-09-23 15:16:14,216 INFO: Plan 2: ḡ=0, γE[v]=0.0, Q=0.0 (fn)
2026-09-23 15:16:14,216 INFO: Plan 1: ḡ=0, γE[v]=0.0, Q=0.0 (fn)
2026-09-23 15:16:14,217 INFO: Plan 0: ḡ=0.0, γE[v]=0.0, Q=0.0 (bayes)
2026-09-23 15:16:14,217 INFO: Plan 1: ḡ=0.0, γE[v]=0.0, Q=0.0 (bayes)
2026-09-23 15:16:14,217 INFO: Plan 2: ḡ=0.0, γE[v]=0.0, Q=0.0 (bayes)
2026-09-23 15:16:14,389 INFO: Plan 0: ḡ=32, γE[v]=0.0, Q=32.0 (fn)
2026-09-23 15:16:14,433 INFO: Plan 1: ḡ=82, γE[v]=0.0, Q=82.0 (fn)
2026-09-23 15:16:14,434 INFO: Plan 1: ḡ=0, γE[v]=0.0, Q=0.0 (fn)
2026-09-23 15:16:14,796 INFO: Plan 2: ḡ=38, γE[v]=0.0, Q=38.0 (fn)
2026-09-23 15:16:15,105 INFO: Plan 0: ḡ=1, γE[v]=0.0, Q=1.0 (fn)
2026-09-23 15:16:15,725 INFO: Plan 2: ḡ=1, γE[v]=0.0, Q=1.0 (fn)
2026-09-23 15:16:15,731 INFO: Plan 0: ḡ=0.1, γE[v]=0.0, Q=0.1 (bayes)
2026-09-23 15:16:15,731 INFO: Plan 1: ḡ=0.0, γE[v]=0.1, Q=0.1 (bayes)
2026-09-23 15:16:15,731 INFO: Plan 2: ḡ=0.1, γE[v]=0.0, Q=0.1 (bayes)
2026-09-23 15:16:16,253 INFO: Plan 0: ḡ=15, γE[v]=0.0, Q=15.0 (fn)
2026-09-23 15:16:16,255 INFO: Plan 2: ḡ=0, γE[v]=0.0, Q=0.0 (fn)
2026-09-23 15:16:16,255 INFO: Plan 0: ḡ=1, γE[v]=0.0, Q=1.0 (fn)
2026-09-23 15:16:16,256 INFO: Plan 0: ḡ=5.3, γE[v]=29.8, Q=35.2 (bayes)
2026-09-23 15:16:16,256 INFO: Plan 1: ḡ=39.5, γE[v]=12.7, Q=52.2 (bayes)
2026-09-23 15:16:16,256 INFO: Plan 2: ḡ=17.8, γE[v]=23.6, Q=41.4 (bayes)
2026-09-23 15:16:16,663 INFO: Plan 0: ḡ=0, γE[v]=0.0, Q=0.0 (fn)
2026-09-23 15:16:16,663 INFO: Plan 2: ḡ=0, γE[v]=0.0, Q=0.0 (fn)
2026-09-23 15:16:16,904 INFO: Plan 1: ḡ=7, γE[v]=0.0, Q=7.0 (fn)
2026-09-23 15:16:16,906 INFO: Plan 0: ḡ=0.2, γE[v]=0.9, Q=1.1 (bayes)
2026-09-23 15:16:16,906 INFO: Plan 1: ḡ=1.8, γE[v]=0.1, Q=1.9 (bayes)
2026-09-23 15:16:16,906 INFO: Plan 2: ḡ=0.0, γE[v]=1.0, Q=1.0 (bayes)
2026-09-23 15:16:17,072 INFO: Plan 1: ḡ=0, γE[v]=0.0, Q=0.0 (fn)
2026-09-23 15:16:17,073 INFO: Plan 0: ḡ=0.0, γE[v]=0.0, Q=0.0 (bayes)
2026-09-23 15:16:17,073 INFO: Plan 1: ḡ=0.0, γE[v]=0.0, Q=0.0 (bayes)
2026-09-23 15:16:17,073 INFO: Plan 2: ḡ=0.0, γE[v]=0.0, Q=0.0 (bayes)
2026-09-23 15:16:17,243 INFO: Plan 1: ḡ=12, γE[v]=0.0, Q=12.0 (fn)
2026-09-23 15:16:17,287 INFO: Plan 2: ḡ=4, γE[v]=0.0, Q=4.0 (fn)
2026-09-23 15:16:17,288 INFO: Plan 0: ḡ=4, γE[v]=0.0, Q=4.0 (fn)
2026-09-23 15:16:17,288 INFO: Plan 0: ḡ=0.7, γE[v]=1.2, Q=1.9 (bayes)
2026-09-23 15:16:17,288 INFO: Plan 1: ḡ=2.4, γE[v]=0.3, Q=2.7 (bayes)
2026-09-23 15:16:17,288 INFO: Plan 2: ḡ=0.7, γE[v]=1.2, Q=1.9 (bayes)
2026-09-23 15:16:17,901 INFO: Plan 2: ḡ=4, γE[v]=0.0, Q=4.0 (fn)
2026-09-23 15:16:18,198 INFO: Plan 2: ḡ=75, γE[v]=0.0, Q=75.0 (fn)
2026-09-23 15:16:18,199 INFO: Plan 0: ḡ=15.8, γE[v]=34.5, Q=50.4 (bayes)
2026-09-23 15:16:18,199 INFO: Plan 1: ḡ=5.8, γE[v]=39.6, Q=45.3 (bayes)
2026-09-23 15:16:18,199 INFO: Plan 2: ḡ=35.0, γE[v]=25.0, Q=60.0 (bayes)
2026-09-23 15:16:18,484 INFO: Plan 1: ḡ=0, γE[v]=0.0, Q=0.0 (fn)
2026-09-23 15:16:18,667 INFO: Plan 2: ḡ=0, γE[v]=0.0, Q=0.0 (fn)
2026-09-23 15:16:18,995 INFO: Plan 0: ḡ=0, γE[v]=0.0, Q=0.0 (fn)
2026-09-23 15:16:18,995 INFO: Plan 0: ḡ=0.0, γE[v]=0.0, Q=0.0 (bayes)
2026-09-23 15:16:18,995 INFO: Plan 1: ḡ=0.0, γE[v]=0.0, Q=0.0 (bayes)
2026-09-23 15:16:18,995 INFO: Plan 2: ḡ=0.0, γE[v]=0.0, Q=0.0 (bayes)
2026-09-23 15:16:19,571 INFO: Plan 1: ḡ=6, γE[v]=5.0, Q=11.0 (fn)
2026-09-23 15:16:20,134 INFO: Plan 0: ḡ=6, γE[v]=5.0, Q=11.0 (fn)
2026-09-23 15:16:20,134 INFO: Plan 0: ḡ=1.2, γE[v]=1.5, Q=2.6 (bayes)
2026-09-23 15:16:20,135 INFO: Plan 1: ḡ=1.2, γE[v]=1.5, Q=2.6 (bayes)
2026-09-23 15:16:20,135 INFO: Plan 2: ḡ=1.0, γE[v]=1.2, Q=2.2 (bayes)
2026-09-23 15:16:20,497 INFO: Plan 0: ḡ=11, γE[v]=0.0, Q=11.0 (fn)
2026-09-23 15:16:21,203 INFO: Plan 1: ḡ=12, γE[v]=0.0, Q=12.0 (fn)
2026-09-23 15:16:22,141 INFO: Plan 0: ḡ=53, γE[v]=0.0, Q=53.0 (fn)
2026-09-23 15:16:22,228 INFO: Plan 1: ḡ=53, γE[v]=0.0, Q=53.0 (fn)
2026-09-23 15:16:22,864 INFO: Plan 2: ḡ=53, γE[v]=0.0, Q=53.0 (fn)
2026-09-23 15:16:22,865 INFO: Plan 0: ḡ=10.6, γE[v]=0.0, Q=10.6 (bayes)
2026-09-23 15:16:22,865 INFO: Plan 1: ḡ=10.6, γE[v]=0.0, Q=10.6 (bayes)
2026-09-23 15:16:22,865 INFO: Plan 2: ḡ=10.6, γE[v]=0.0, Q=10.6 (bayes)
2026-09-23 15:16:23,810 INFO: Plan 1: ḡ=1, γE[v]=0.0, Q=1.0 (fn)
2026-09-23 15:16:23,856 INFO: Plan 2: ḡ=4, γE[v]=0.0, Q=4.0 (fn)
2026-09-23 15:16:23,856 INFO: Plan 0: ḡ=4, γE[v]=0.0, Q=4.0 (fn)
2026-09-23 15:16:23,857 INFO: Plan 0: ḡ=1.3, γE[v]=0.2, Q=1.5 (bayes)
2026-09-23 15:16:23,857 INFO: Plan 1: ḡ=0.3, γE[v]=0.7, Q=1.0 (bayes)
2026-09-23 15:16:23,857 INFO: Plan 2: ḡ=1.3, γE[v]=0.2, Q=1.5 (bayes)
2026-09-23 15:16:25,664 INFO: Plan 2: ḡ=0, γE[v]=0.0, Q=0.0 (fn)
2026-09-23 15:16:26,919 INFO: Plan 1: ḡ=0, γE[v]=0.0, Q=0.0 (fn)
2026-09-23 15:16:26,965 INFO: Plan 2: ḡ=0, γE[v]=0.0, Q=0.0 (fn)
2026-09-23 15:16:27,230 INFO: Plan 1: ḡ=0, γE[v]=0.0, Q=0.0 (fn)
2026-09-23 15:16:27,408 INFO: Plan 0: ḡ=0, γE[v]=0.0, Q=0.0 (fn)
2026-09-23 15:16:27,409 INFO: Plan 0: ḡ=0.0, γE[v]=0.0, Q=0.0 (bayes)
2026-09-23 15:16:27,409 INFO: Plan 1: ḡ=0.0, γE[v]=0.0, Q=0.0 (bayes)
2026-09-23 15:16:27,409 INFO: Plan 2: ḡ=0.0, γE[v]=0.0, Q=0.0 (bayes)
2026-09-23 15:16:27,450 INFO: Plan 0: ḡ=0, γE[v]=0.0, Q=0.0 (fn)
2026-09-23 15:16:27,450 INFO: Plan 0: ḡ=0, γE[v]=0.0, Q=0.0 (fn)
2026-09-23 15:16:27,451 INFO: Plan 0: ḡ=0.0, γE[v]=0.0, Q=0.0 (bayes)
2026-09-23 15:16:27,451 INFO: Plan 1: ḡ=0.0, γE[v]=0.0, Q=0.0 (bayes)
2026-09-23 15:16:27,451 INFO: Plan 2: ḡ=0.0, γE[v]=0.0, Q=0.0 (bayes)
2026-09-23 15:16:28,032 INFO: Plan 1: ḡ=0, γE[v]=0.0, Q=0.0 (fn)
2026-09-23 15:16:28,756 INFO: Plan 2: ḡ=12, γE[v]=0.0, Q=12.0 (fn)
2026-09-23 15:16:29,074 INFO: Plan 2: ḡ=0, γE[v]=0.0, Q=0.0 (fn)
2026-09-23 15:16:29,074 INFO: Plan 0: ḡ=0.0, γE[v]=0.0, Q=0.0 (bayes)
2026-09-23 15:16:29,075 INFO: Plan 1: ḡ=0.0, γE[v]=0.0, Q=0.0 (bayes)
2026-09-23 15:16:29,075 INFO: Plan 2: ḡ=0.0, γE[v]=0.0, Q=0.0 (bayes)
2026-09-23 15:16:29,351 INFO: Plan 2: ḡ=0, γE[v]=0.0, Q=0.0 (fn)
2026-09-23 15:16:29,352 INFO: Plan 0: ḡ=0, γE[v]=0.0, Q=0.0 (fn)
2026-09-23 15:16:29,353 INFO: Plan 1: ḡ=0, γE[v]=0.0, Q=0.0 (fn)
2026-09-23 15:16:29,353 INFO: Plan 0: ḡ=0.0, γE[v]=0.0, Q=0.0 (bayes)
2026-09-23 15:16:29,353 INFO: Plan 1: ḡ=0.0, γE[v]=0.0, Q=0.0 (bayes)
2026-09-23 15:16:29,353 INFO: Plan 2: ḡ=0.0, γE[v]=0.0, Q=0.0 (bayes)
2026-09-23 15:16:30,771 INFO: Plan 0: ḡ=60, γE[v]=0.0, Q=60.0 (fn)
2026-09-23 15:16:30,863 INFO: Plan 2: ḡ=10, γE[v]=19.5, Q=29.5 (fn)
2026-09-23 15:16:30,864 INFO: Plan 0: ḡ=8, γE[v]=0.0, Q=8.0 (fn)
2026-09-23 15:16:30,865 INFO: Plan 0: ḡ=5.2, γE[v]=37.3, Q=42.5 (bayes)
2026-09-23 15:16:30,865 INFO: Plan 1: ḡ=5.0, γE[v]=37.4, Q=42.4 (bayes)
2026-09-23 15:16:30,865 INFO: Plan 2: ḡ=4.8, γE[v]=38.4, Q=43.2 (bayes)
2026-09-23 15:16:30,904 INFO: Plan 2: ḡ=21, γE[v]=0.0, Q=21.0 (fn)
2026-09-23 15:16:32,517 INFO: Plan 2: ḡ=73, γE[v]=0.0, Q=73.0 (fn)
2026-09-23 15:16:32,564 INFO: Plan 1: ḡ=93, γE[v]=6.0, Q=99.0 (fn)
2026-09-23 15:16:32,564 INFO: Plan 0: ḡ=8.6, γE[v]=3.2, Q=11.8 (bayes)
2026-09-23 15:16:32,564 INFO: Plan 1: ḡ=13.3, γE[v]=1.3, Q=14.6 (bayes)
2026-09-23 15:16:32,564 INFO: Plan 2: ḡ=1.7, γE[v]=6.6, Q=8.4 (bayes)
2026-09-23 15:16:33,115 INFO: Plan 0: ḡ=60, γE[v]=0.0, Q=60.0 (fn)
2026-09-23 15:16:33,667 INFO: Plan 2: ḡ=6, γE[v]=0.0, Q=6.0 (fn)
2026-09-23 15:16:33,714 INFO: Plan 1: ḡ=9, γE[v]=0.0, Q=9.0 (fn)
2026-09-23 15:16:33,714 INFO: Plan 0: ḡ=25.0, γE[v]=72.9, Q=97.9 (bayes)
2026-09-23 15:16:33,714 INFO: Plan 1: ḡ=4.5, γE[v]=83.2, Q=87.7 (bayes)
2026-09-23 15:16:33,714 INFO: Plan 2: ḡ=15.3, γE[v]=77.8, Q=93.1 (bayes)
2026-09-23 15:16:33,852 INFO: Plan 2: ḡ=15, γE[v]=0.0, Q=15.0 (fn)
2026-09-23 15:16:34,157 INFO: Plan 0: ḡ=2, γE[v]=0.0, Q=2.0 (fn)
2026-09-23 15:16:34,446 INFO: Plan 1: ḡ=2, γE[v]=0.0, Q=2.0 (fn)
2026-09-23 15:16:34,447 INFO: Plan 0: ḡ=0.7, γE[v]=1.3, Q=1.9 (bayes)
2026-09-23 15:16:34,447 INFO: Plan 1: ḡ=0.7, γE[v]=1.3, Q=1.9 (bayes)
2026-09-23 15:16:34,447 INFO: Plan 2: ḡ=1.9, γE[v]=0.7, Q=2.5 (bayes)
2026-09-23 15:16:36,304 INFO: Plan 1: ḡ=36, γE[v]=0.0, Q=36.0 (fn)
2026-09-23 15:16:36,972 INFO: Plan 0: ḡ=9, γE[v]=0.0, Q=9.0 (fn)
2026-09-23 15:16:37,390 INFO: Plan 1: ḡ=6, γE[v]=1.5, Q=7.5 (fn)
2026-09-23 15:16:37,393 INFO: Plan 0: ḡ=60, γE[v]=0.0, Q=60.0 (fn)
2026-09-23 15:16:37,435 INFO: Plan 2: ḡ=6, γE[v]=1.5, Q=7.5 (fn)
2026-09-23 15:16:37,436 INFO: Plan 0: ḡ=1.3, γE[v]=0.0, Q=1.3 (bayes)
2026-09-23 15:16:37,436 INFO: Plan 1: ḡ=0.9, γE[v]=0.3, Q=1.2 (bayes)
2026-09-23 15:16:37,436 INFO: Plan 2: ḡ=0.9, γE[v]=0.3, Q=1.2 (bayes)
2026-09-23 15:16:37,987 INFO: Plan 1: ḡ=91, γE[v]=0.0, Q=91.0 (fn)
2026-09-23 15:16:38,220 INFO: Plan 0: ḡ=6, γE[v]=7.5, Q=13.5 (fn)
2026-09-23 15:16:39,045 INFO: Plan 1: ḡ=11, γE[v]=13.5, Q=24.5 (fn)
2026-09-23 15:16:39,046 INFO: Plan 0: ḡ=2.8, γE[v]=57.4, Q=60.2 (bayes)
2026-09-23 15:16:39,046 INFO: Plan 1: ḡ=4.2, γE[v]=57.3, Q=61.5 (bayes)
2026-09-23 15:16:39,046 INFO: Plan 2: ḡ=5.8, γE[v]=55.9, Q=61.7 (bayes)
2026-09-23 15:16:39,467 INFO: Plan 1: ḡ=9, γE[v]=6.0, Q=15.0 (fn)
2026-09-23 15:16:39,468 INFO: Plan 0: ḡ=2.0, γE[v]=3.1, Q=5.1 (bayes)
2026-09-23 15:16:39,468 INFO: Plan 1: ḡ=3.0, γE[v]=2.5, Q=5.5 (bayes)
2026-09-23 15:16:39,468 INFO: Plan 2: ḡ=2.3, γE[v]=2.5, Q=4.8 (bayes)
2026-09-23 15:16:39,724 INFO: Plan 0: ḡ=0, γE[v]=0.0, Q=0.0 (fn)
2026-09-23 15:16:40,230 INFO: Plan 2: ḡ=98, γE[v]=0.0, Q=98.0 (fn)
2026-09-23 15:16:40,230 INFO: Plan 1: ḡ=7, γE[v]=0.0, Q=7.0 (fn)
2026-09-23 15:16:40,231 INFO: Plan 2: ḡ=0, γE[v]=0.0, Q=0.0 (fn)
2026-09-23 15:16:40,231 INFO: Plan 1: ḡ=0, γE[v]=0.0, Q=0.0 (fn)
2026-09-23 15:16:40,232 INFO: Plan 0: ḡ=25.2, γE[v]=42.8, Q=68.1 (bayes)
2026-09-23 15:16:40,232 INFO: Plan 1: ḡ=28.8, γE[v]=41.0, Q=69.9 (bayes)
2026-09-23 15:16:40,232 INFO: Plan 2: ḡ=46.7, γE[v]=32.1, Q=78.8 (bayes)
2026-09-23 15:16:40,232 INFO: Plan 0: ḡ=0.0, γE[v]=0.0, Q=0.0 (bayes)
2026-09-23 15:16:40,232 INFO: Plan 1: ḡ=0.0, γE[v]=0.0, Q=0.0 (bayes)
2026-09-23 15:16:40,232 INFO: Plan 2: ḡ=0.0, γE[v]=0.0, Q=0.0 (bayes)
2026-09-23 15:16:41,797 INFO: Plan 0: ḡ=266, γE[v]=40.0, Q=306.0 (fn)
2026-09-23 15:16:42,014 INFO: Plan 2: ḡ=1, γE[v]=3.5, Q=4.5 (fn)
2026-09-23 15:16:43,197 INFO: Plan 2: ḡ=78, γE[v]=134.0, Q=212.0 (fn)
2026-09-23 15:16:43,198 INFO: Plan 0: ḡ=46.2, γE[v]=12.7, Q=58.9 (bayes)
2026-09-23 15:16:43,198 INFO: Plan 1: ḡ=7.7, γE[v]=29.2, Q=37.0 (bayes)
2026-09-23 15:16:43,198 INFO: Plan 2: ḡ=19.2, γE[v]=33.4, Q=52.7 (bayes)
  [49/93] httpx._main seed=42: {'cov_qvalue_tgt_fnt_bayes': 85}
2026-09-23 15:16:43,394 INFO: Plan 0: ḡ=16, γE[v]=4.0, Q=20.0 (fn)
2026-09-23 15:16:43,395 INFO: Plan 0: ḡ=4.7, γE[v]=1.3, Q=5.9 (bayes)
2026-09-23 15:16:43,395 INFO: Plan 1: ḡ=1.8, γE[v]=2.5, Q=4.2 (bayes)
2026-09-23 15:16:43,395 INFO: Plan 2: ḡ=0.2, γE[v]=3.4, Q=3.7 (bayes)
2026-09-23 15:16:43,622 INFO: Plan 0: ḡ=34, γE[v]=0.0, Q=34.0 (fn)
2026-09-23 15:16:44,628 INFO: Plan 1: ḡ=23, γE[v]=0.0, Q=23.0 (fn)
2026-09-23 15:16:45,327 INFO: Plan 1: ḡ=92, γE[v]=0.0, Q=92.0 (fn)
2026-09-23 15:16:45,328 INFO: Plan 2: ḡ=86, γE[v]=0.0, Q=86.0 (fn)
2026-09-23 15:16:46,102 INFO: Plan 0: ḡ=46, γE[v]=0.0, Q=46.0 (fn)
2026-09-23 15:16:46,103 INFO: Plan 0: ḡ=15.4, γE[v]=22.5, Q=37.9 (bayes)
2026-09-23 15:16:46,103 INFO: Plan 1: ḡ=24.3, γE[v]=18.0, Q=42.4 (bayes)
2026-09-23 15:16:46,103 INFO: Plan 2: ḡ=23.2, γE[v]=18.6, Q=41.8 (bayes)
2026-09-23 15:16:46,837 INFO: Plan 1: ḡ=128, γE[v]=81.5, Q=209.5 (fn)
2026-09-23 15:16:46,996 INFO: Plan 0: ḡ=79, γE[v]=97.5, Q=176.5 (fn)
2026-09-23 15:16:47,889 INFO: Plan 1: ḡ=0, γE[v]=0.0, Q=0.0 (fn)
2026-09-23 15:16:48,014 INFO: Plan 2: ḡ=164, γE[v]=105.5, Q=269.5 (fn)
2026-09-23 15:16:48,015 INFO: Plan 0: ḡ=13.2, γE[v]=33.1, Q=46.3 (bayes)
2026-09-23 15:16:48,015 INFO: Plan 1: ḡ=21.6, γE[v]=27.7, Q=49.3 (bayes)
2026-09-23 15:16:48,015 INFO: Plan 2: ḡ=27.4, γE[v]=26.5, Q=53.9 (bayes)
2026-09-23 15:16:48,345 INFO: Plan 0: ḡ=1, γE[v]=0.0, Q=1.0 (fn)
2026-09-23 15:16:48,720 INFO: Plan 2: ḡ=0, γE[v]=0.0, Q=0.0 (fn)
2026-09-23 15:16:48,721 INFO: Plan 0: ḡ=0.2, γE[v]=0.0, Q=0.2 (bayes)
2026-09-23 15:16:48,721 INFO: Plan 1: ḡ=0.0, γE[v]=0.1, Q=0.1 (bayes)
2026-09-23 15:16:48,721 INFO: Plan 2: ḡ=0.0, γE[v]=0.1, Q=0.1 (bayes)
2026-09-23 15:16:48,987 INFO: Plan 2: ḡ=2, γE[v]=0.0, Q=2.0 (fn)
2026-09-23 15:16:49,420 INFO: Plan 1: ḡ=1, γE[v]=0.5, Q=1.5 (fn)
2026-09-23 15:16:49,552 INFO: Plan 2: ḡ=13, γE[v]=0.0, Q=13.0 (fn)
2026-09-23 15:16:49,747 INFO: Plan 0: ḡ=1, γE[v]=0.5, Q=1.5 (fn)
2026-09-23 15:16:49,748 INFO: Plan 0: ḡ=0.2, γE[v]=0.1, Q=0.3 (bayes)
2026-09-23 15:16:49,748 INFO: Plan 1: ḡ=0.1, γE[v]=0.1, Q=0.2 (bayes)
2026-09-23 15:16:49,748 INFO: Plan 2: ḡ=0.3, γE[v]=0.0, Q=0.3 (bayes)
2026-09-23 15:16:49,834 INFO: Plan 1: ḡ=8, γE[v]=0.0, Q=8.0 (fn)
2026-09-23 15:16:50,485 INFO: Plan 0: ḡ=3, γE[v]=0.0, Q=3.0 (fn)
2026-09-23 15:16:51,116 INFO: Plan 1: ḡ=5, γE[v]=0.0, Q=5.0 (fn)
  [50/93] jinja2.sandbox seed=42: {'cov_qvalue_tgt_fnt_bayes': 99}
2026-09-23 15:16:51,727 INFO: Plan 2: ḡ=25, γE[v]=54.0, Q=79.0 (fn)
2026-09-23 15:16:51,727 INFO: Plan 0: ḡ=13.5, γE[v]=23.0, Q=36.5 (bayes)
2026-09-23 15:16:51,727 INFO: Plan 1: ḡ=6.9, γE[v]=26.2, Q=33.2 (bayes)
2026-09-23 15:16:51,727 INFO: Plan 2: ḡ=10.2, γE[v]=27.7, Q=37.8 (bayes)
2026-09-23 15:16:52,525 INFO: Plan 0: ḡ=0, γE[v]=0.0, Q=0.0 (fn)
2026-09-23 15:16:52,697 INFO: Plan 2: ḡ=5, γE[v]=0.0, Q=5.0 (fn)
2026-09-23 15:16:52,698 INFO: Plan 0: ḡ=0.6, γE[v]=0.2, Q=0.8 (bayes)
2026-09-23 15:16:52,698 INFO: Plan 1: ḡ=1.0, γE[v]=0.0, Q=1.0 (bayes)
2026-09-23 15:16:52,698 INFO: Plan 2: ḡ=1.0, γE[v]=0.0, Q=1.0 (bayes)
2026-09-23 15:16:52,740 INFO: Plan 0: ḡ=26, γE[v]=7.0, Q=33.0 (fn)
2026-09-23 15:16:52,740 INFO: Plan 0: ḡ=6.1, γE[v]=3.2, Q=9.3 (bayes)
2026-09-23 15:16:52,740 INFO: Plan 1: ḡ=3.8, γE[v]=4.0, Q=7.8 (bayes)
2026-09-23 15:16:52,740 INFO: Plan 2: ḡ=3.4, γE[v]=4.2, Q=7.6 (bayes)
2026-09-23 15:16:52,825 INFO: Plan 1: ḡ=0, γE[v]=0.0, Q=0.0 (fn)
2026-09-23 15:16:52,954 INFO: Plan 2: ḡ=0, γE[v]=0.0, Q=0.0 (fn)
2026-09-23 15:16:52,955 INFO: Plan 0: ḡ=0.0, γE[v]=0.0, Q=0.0 (bayes)
2026-09-23 15:16:52,955 INFO: Plan 1: ḡ=0.0, γE[v]=0.0, Q=0.0 (bayes)
2026-09-23 15:16:52,955 INFO: Plan 2: ḡ=0.0, γE[v]=0.0, Q=0.0 (bayes)
2026-09-23 15:16:55,520 INFO: Plan 0: ḡ=0, γE[v]=0.0, Q=0.0 (fn)
2026-09-23 15:16:55,520 INFO: Plan 2: ḡ=0, γE[v]=0.0, Q=0.0 (fn)
2026-09-23 15:16:55,831 INFO: Plan 0: ḡ=4, γE[v]=0.0, Q=4.0 (fn)
2026-09-23 15:16:55,832 INFO: Plan 2: ḡ=4, γE[v]=0.0, Q=4.0 (fn)
2026-09-23 15:16:55,868 INFO: Plan 1: ḡ=0, γE[v]=0.0, Q=0.0 (fn)
2026-09-23 15:16:56,186 INFO: Plan 0: ḡ=1, γE[v]=0.0, Q=1.0 (fn)
2026-09-23 15:16:56,534 INFO: Plan 2: ḡ=1, γE[v]=0.0, Q=1.0 (fn)
2026-09-23 15:16:56,534 INFO: Plan 1: ḡ=16, γE[v]=0.0, Q=16.0 (fn)
2026-09-23 15:16:56,535 INFO: Plan 0: ḡ=0.2, γE[v]=0.0, Q=0.2 (bayes)
2026-09-23 15:16:56,535 INFO: Plan 0: ḡ=0.7, γE[v]=1.0, Q=1.7 (bayes)
2026-09-23 15:16:56,535 INFO: Plan 1: ḡ=0.0, γE[v]=0.1, Q=0.1 (bayes)
2026-09-23 15:16:56,535 INFO: Plan 1: ḡ=2.7, γE[v]=0.0, Q=2.7 (bayes)
2026-09-23 15:16:56,535 INFO: Plan 2: ḡ=0.2, γE[v]=0.0, Q=0.2 (bayes)
2026-09-23 15:16:56,535 INFO: Plan 2: ḡ=0.7, γE[v]=1.0, Q=1.7 (bayes)
2026-09-23 15:16:56,799 INFO: Plan 1: ḡ=0, γE[v]=0.0, Q=0.0 (fn)
2026-09-23 15:16:56,799 INFO: Plan 0: ḡ=0, γE[v]=0.0, Q=0.0 (fn)
2026-09-23 15:16:56,837 INFO: Plan 2: ḡ=0, γE[v]=0.0, Q=0.0 (fn)
2026-09-23 15:16:56,838 INFO: Plan 0: ḡ=0.0, γE[v]=0.0, Q=0.0 (bayes)
2026-09-23 15:16:56,838 INFO: Plan 1: ḡ=0.0, γE[v]=0.0, Q=0.0 (bayes)
2026-09-23 15:16:56,838 INFO: Plan 2: ḡ=0.0, γE[v]=0.0, Q=0.0 (bayes)
2026-09-23 15:16:57,385 INFO: Plan 1: ḡ=2, γE[v]=1.5, Q=3.5 (fn)
2026-09-23 15:16:57,386 INFO: Plan 0: ḡ=0.0, γE[v]=0.4, Q=0.4 (bayes)
2026-09-23 15:16:57,386 INFO: Plan 1: ḡ=0.3, γE[v]=0.3, Q=0.6 (bayes)
2026-09-23 15:16:57,386 INFO: Plan 2: ḡ=0.0, γE[v]=0.4, Q=0.4 (bayes)
  [51/93] werkzeug.exceptions seed=42: {'cov_qvalue_tgt_fnt_bayes': 36}
  [52/93] httpx._config seed=42: {'cov_qvalue_tgt_fnt_bayes': 27}
2026-09-23 15:17:00,078 INFO: Plan 0: ḡ=5, γE[v]=0.0, Q=5.0 (fn)
2026-09-23 15:17:00,448 INFO: Plan 1: ḡ=3, γE[v]=0.0, Q=3.0 (fn)
2026-09-23 15:17:00,491 INFO: Plan 2: ḡ=8, γE[v]=0.0, Q=8.0 (fn)
2026-09-23 15:17:00,492 INFO: Plan 0: ḡ=1.2, γE[v]=1.1, Q=2.4 (bayes)
2026-09-23 15:17:00,492 INFO: Plan 1: ḡ=0.6, γE[v]=1.4, Q=2.0 (bayes)
2026-09-23 15:17:00,492 INFO: Plan 2: ḡ=1.6, γE[v]=0.9, Q=2.5 (bayes)
2026-09-23 15:17:02,442 INFO: Plan 1: ḡ=3, γE[v]=0.0, Q=3.0 (fn)
2026-09-23 15:17:02,444 INFO: Plan 0: ḡ=13, γE[v]=19.5, Q=32.5 (fn)
2026-09-23 15:17:03,338 INFO: Plan 0: ḡ=3, γE[v]=0.0, Q=3.0 (fn)
2026-09-23 15:17:04,287 INFO: Plan 2: ḡ=4, γE[v]=0.0, Q=4.0 (fn)
2026-09-23 15:17:04,585 INFO: Plan 0: ḡ=4, γE[v]=0.0, Q=4.0 (fn)
2026-09-23 15:17:04,951 INFO: Plan 1: ḡ=15, γE[v]=0.0, Q=15.0 (fn)
2026-09-23 15:17:04,952 INFO: Plan 0: ḡ=2.0, γE[v]=3.2, Q=5.2 (bayes)
2026-09-23 15:17:04,952 INFO: Plan 1: ḡ=5.2, γE[v]=1.6, Q=6.8 (bayes)
2026-09-23 15:17:04,952 INFO: Plan 2: ḡ=1.7, γE[v]=3.3, Q=5.0 (bayes)
2026-09-23 15:17:05,204 INFO: Plan 2: ḡ=6, γE[v]=1.0, Q=7.0 (fn)
2026-09-23 15:17:05,205 INFO: Plan 0: ḡ=1.0, γE[v]=1.7, Q=2.7 (bayes)
2026-09-23 15:17:05,205 INFO: Plan 1: ḡ=0.8, γE[v]=1.8, Q=2.6 (bayes)
2026-09-23 15:17:05,205 INFO: Plan 2: ḡ=2.8, γE[v]=0.9, Q=3.6 (bayes)
2026-09-23 15:17:05,741 INFO: Plan 1: ḡ=0, γE[v]=0.0, Q=0.0 (fn)
2026-09-23 15:17:06,684 INFO: Plan 0: ḡ=1, γE[v]=0.0, Q=1.0 (fn)
2026-09-23 15:17:07,057 INFO: Plan 1: ḡ=71, γE[v]=0.0, Q=71.0 (fn)
2026-09-23 15:17:07,297 INFO: Plan 2: ḡ=1, γE[v]=0.0, Q=1.0 (fn)
2026-09-23 15:17:07,298 INFO: Plan 0: ḡ=0.3, γE[v]=0.0, Q=0.3 (bayes)
2026-09-23 15:17:07,299 INFO: Plan 1: ḡ=0.0, γE[v]=0.2, Q=0.2 (bayes)
2026-09-23 15:17:07,299 INFO: Plan 2: ḡ=0.3, γE[v]=0.0, Q=0.3 (bayes)
2026-09-23 15:17:07,564 INFO: Plan 1: ḡ=163, γE[v]=0.5, Q=163.5 (fn)
2026-09-23 15:17:07,779 INFO: Plan 1: ḡ=0, γE[v]=0.0, Q=0.0 (fn)
2026-09-23 15:17:07,779 INFO: Plan 0: ḡ=0, γE[v]=0.0, Q=0.0 (fn)
2026-09-23 15:17:07,820 INFO: Plan 2: ḡ=0, γE[v]=0.0, Q=0.0 (fn)
2026-09-23 15:17:07,820 INFO: Plan 0: ḡ=0.0, γE[v]=0.0, Q=0.0 (bayes)
2026-09-23 15:17:07,820 INFO: Plan 1: ḡ=0.0, γE[v]=0.0, Q=0.0 (bayes)
2026-09-23 15:17:07,820 INFO: Plan 2: ḡ=0.0, γE[v]=0.0, Q=0.0 (bayes)
2026-09-23 15:17:07,864 INFO: Plan 1: ḡ=0, γE[v]=0.0, Q=0.0 (fn)
2026-09-23 15:17:07,946 INFO: Plan 2: ḡ=28, γE[v]=0.0, Q=28.0 (fn)
2026-09-23 15:17:07,989 INFO: Plan 0: ḡ=0, γE[v]=0.0, Q=0.0 (fn)
2026-09-23 15:17:07,990 INFO: Plan 2: ḡ=164, γE[v]=0.0, Q=164.0 (fn)
2026-09-23 15:17:07,990 INFO: Plan 0: ḡ=3.2, γE[v]=17.4, Q=20.6 (bayes)
2026-09-23 15:17:07,991 INFO: Plan 1: ḡ=35.1, γE[v]=0.1, Q=35.3 (bayes)
2026-09-23 15:17:07,991 INFO: Plan 2: ḡ=35.4, γE[v]=0.0, Q=35.4 (bayes)
2026-09-23 15:17:08,072 INFO: Plan 0: ḡ=8, γE[v]=0.0, Q=8.0 (fn)
2026-09-23 15:17:08,074 INFO: Plan 0: ḡ=2.7, γE[v]=19.2, Q=21.9 (bayes)
2026-09-23 15:17:08,074 INFO: Plan 1: ḡ=25.8, γE[v]=7.7, Q=33.4 (bayes)
2026-09-23 15:17:08,074 INFO: Plan 2: ḡ=11.7, γE[v]=14.7, Q=26.4 (bayes)
2026-09-23 15:17:08,505 INFO: Plan 2: ḡ=0, γE[v]=0.0, Q=0.0 (fn)
2026-09-23 15:17:08,506 INFO: Plan 0: ḡ=0.0, γE[v]=0.0, Q=0.0 (bayes)
2026-09-23 15:17:08,506 INFO: Plan 1: ḡ=0.0, γE[v]=0.0, Q=0.0 (bayes)
2026-09-23 15:17:08,506 INFO: Plan 2: ḡ=0.0, γE[v]=0.0, Q=0.0 (bayes)
2026-09-23 15:17:09,155 INFO: Plan 2: ḡ=2, γE[v]=0.0, Q=2.0 (fn)
2026-09-23 15:17:09,591 INFO: Plan 0: ḡ=0, γE[v]=0.0, Q=0.0 (fn)
2026-09-23 15:17:09,592 INFO: Plan 2: ḡ=0, γE[v]=0.0, Q=0.0 (fn)
2026-09-23 15:17:09,593 INFO: Plan 1: ḡ=0, γE[v]=0.0, Q=0.0 (fn)
2026-09-23 15:17:09,594 INFO: Plan 0: ḡ=0.0, γE[v]=0.0, Q=0.0 (bayes)
2026-09-23 15:17:09,594 INFO: Plan 1: ḡ=0.0, γE[v]=0.0, Q=0.0 (bayes)
2026-09-23 15:17:09,594 INFO: Plan 2: ḡ=0.0, γE[v]=0.0, Q=0.0 (bayes)
  [53/93] pydantic.config seed=42: {'cov_qvalue_tgt_fnt_bayes': 1}
2026-09-23 15:17:10,259 INFO: Plan 1: ḡ=4, γE[v]=0.0, Q=4.0 (fn)
  [54/93] pydantic.fields seed=42: {'cov_qvalue_tgt_fnt_bayes': 141}
  [55/93] pydantic.color seed=42: {'cov_qvalue_tgt_fnt_bayes': 94}
2026-09-23 15:17:12,717 INFO: Plan 0: ḡ=3, γE[v]=2.0, Q=5.0 (fn)
2026-09-23 15:17:12,719 INFO: Plan 0: ḡ=0.4, γE[v]=0.4, Q=0.8 (bayes)
2026-09-23 15:17:12,719 INFO: Plan 1: ḡ=0.5, γE[v]=0.2, Q=0.7 (bayes)
2026-09-23 15:17:12,719 INFO: Plan 2: ḡ=0.2, γE[v]=0.3, Q=0.6 (bayes)
2026-09-23 15:17:13,830 INFO: Plan 0: ḡ=0, γE[v]=0.0, Q=0.0 (fn)
2026-09-23 15:17:13,830 INFO: Plan 1: ḡ=0, γE[v]=0.0, Q=0.0 (fn)
2026-09-23 15:17:13,831 INFO: Plan 2: ḡ=0, γE[v]=0.0, Q=0.0 (fn)
2026-09-23 15:17:13,832 INFO: Plan 0: ḡ=0.0, γE[v]=0.0, Q=0.0 (bayes)
2026-09-23 15:17:13,832 INFO: Plan 1: ḡ=0.0, γE[v]=0.0, Q=0.0 (bayes)
2026-09-23 15:17:13,832 INFO: Plan 2: ḡ=0.0, γE[v]=0.0, Q=0.0 (bayes)
2026-09-23 15:17:16,084 INFO: Plan 2: ḡ=0, γE[v]=0.0, Q=0.0 (fn)
2026-09-23 15:17:16,085 INFO: Plan 1: ḡ=0, γE[v]=0.0, Q=0.0 (fn)
2026-09-23 15:17:16,086 INFO: Plan 0: ḡ=0, γE[v]=0.0, Q=0.0 (fn)
2026-09-23 15:17:16,088 INFO: Plan 0: ḡ=0.0, γE[v]=0.0, Q=0.0 (bayes)
2026-09-23 15:17:16,088 INFO: Plan 1: ḡ=0.0, γE[v]=0.0, Q=0.0 (bayes)
2026-09-23 15:17:16,088 INFO: Plan 2: ḡ=0.0, γE[v]=0.0, Q=0.0 (bayes)
2026-09-23 15:17:16,125 INFO: Plan 2: ḡ=0, γE[v]=0.0, Q=0.0 (fn)
2026-09-23 15:17:16,126 INFO: Plan 1: ḡ=0, γE[v]=0.0, Q=0.0 (fn)
2026-09-23 15:17:16,513 INFO: Plan 0: ḡ=1, γE[v]=0.0, Q=1.0 (fn)
2026-09-23 15:17:16,514 INFO: Plan 0: ḡ=0.3, γE[v]=0.0, Q=0.3 (bayes)
2026-09-23 15:17:16,514 INFO: Plan 1: ḡ=0.0, γE[v]=0.2, Q=0.2 (bayes)
2026-09-23 15:17:16,514 INFO: Plan 2: ḡ=0.0, γE[v]=0.2, Q=0.2 (bayes)
  [56/93] httpx._api seed=42: {'cov_qvalue_tgt_fnt_bayes': 11}
2026-09-23 15:17:17,443 INFO: Plan 1: ḡ=4, γE[v]=0.0, Q=4.0 (fn)
2026-09-23 15:17:17,565 INFO: Plan 0: ḡ=32, γE[v]=0.0, Q=32.0 (fn)
2026-09-23 15:17:17,605 INFO: Plan 1: ḡ=17, γE[v]=0.0, Q=17.0 (fn)
2026-09-23 15:17:17,769 INFO: Plan 2: ḡ=10, γE[v]=0.0, Q=10.0 (fn)
2026-09-23 15:17:17,772 INFO: Plan 0: ḡ=10, γE[v]=0.0, Q=10.0 (fn)
2026-09-23 15:17:17,772 INFO: Plan 0: ḡ=1.8, γE[v]=0.0, Q=1.8 (bayes)
2026-09-23 15:17:17,772 INFO: Plan 1: ḡ=0.8, γE[v]=0.5, Q=1.3 (bayes)
2026-09-23 15:17:17,772 INFO: Plan 2: ḡ=1.8, γE[v]=0.0, Q=1.8 (bayes)
2026-09-23 15:17:18,153 INFO: Plan 2: ḡ=15, γE[v]=0.0, Q=15.0 (fn)
2026-09-23 15:17:18,590 INFO: Plan 0: ḡ=2, γE[v]=0.0, Q=2.0 (fn)
2026-09-23 15:17:18,671 INFO: Plan 1: ḡ=2, γE[v]=0.0, Q=2.0 (fn)
2026-09-23 15:17:18,676 INFO: Plan 0: ḡ=0.7, γE[v]=1.2, Q=1.8 (bayes)
2026-09-23 15:17:18,676 INFO: Plan 1: ḡ=0.7, γE[v]=1.2, Q=1.8 (bayes)
2026-09-23 15:17:18,676 INFO: Plan 2: ḡ=1.7, γE[v]=0.7, Q=2.3 (bayes)
2026-09-23 15:17:19,812 INFO: Plan 1: ḡ=0, γE[v]=0.0, Q=0.0 (fn)
2026-09-23 15:17:19,813 INFO: Plan 2: ḡ=0, γE[v]=0.0, Q=0.0 (fn)
2026-09-23 15:17:19,900 INFO: Plan 0: ḡ=0, γE[v]=0.0, Q=0.0 (fn)
2026-09-23 15:17:19,900 INFO: Plan 0: ḡ=0.0, γE[v]=0.0, Q=0.0 (bayes)
2026-09-23 15:17:19,901 INFO: Plan 1: ḡ=0.0, γE[v]=0.0, Q=0.0 (bayes)
2026-09-23 15:17:19,901 INFO: Plan 2: ḡ=0.0, γE[v]=0.0, Q=0.0 (bayes)
2026-09-23 15:17:20,585 INFO: Plan 2: ḡ=0, γE[v]=0.0, Q=0.0 (fn)
  [57/93] pydantic.type_adapter seed=42: {'cov_qvalue_tgt_fnt_bayes': 16}
2026-09-23 15:17:21,238 INFO: Plan 0: ḡ=0, γE[v]=0.0, Q=0.0 (fn)
2026-09-23 15:17:21,239 INFO: Plan 2: ḡ=0, γE[v]=0.0, Q=0.0 (fn)
2026-09-23 15:17:21,240 INFO: Plan 1: ḡ=0, γE[v]=0.0, Q=0.0 (fn)
2026-09-23 15:17:21,240 INFO: Plan 0: ḡ=0.0, γE[v]=0.0, Q=0.0 (bayes)
2026-09-23 15:17:21,241 INFO: Plan 1: ḡ=0.0, γE[v]=0.0, Q=0.0 (bayes)
2026-09-23 15:17:21,241 INFO: Plan 2: ḡ=0.0, γE[v]=0.0, Q=0.0 (bayes)
2026-09-23 15:17:21,318 INFO: Plan 2: ḡ=76, γE[v]=0.0, Q=76.0 (fn)
2026-09-23 15:17:21,318 INFO: Plan 0: ḡ=15.8, γE[v]=28.9, Q=44.8 (bayes)
2026-09-23 15:17:21,318 INFO: Plan 1: ḡ=7.1, γE[v]=33.3, Q=40.4 (bayes)
2026-09-23 15:17:21,319 INFO: Plan 2: ḡ=24.1, γE[v]=24.8, Q=48.9 (bayes)
2026-09-23 15:17:21,919 INFO: Plan 1: ḡ=0, γE[v]=0.0, Q=0.0 (fn)
2026-09-23 15:17:22,359 INFO: Plan 2: ḡ=9, γE[v]=0.0, Q=9.0 (fn)
2026-09-23 15:17:22,360 INFO: Plan 0: ḡ=9, γE[v]=0.0, Q=9.0 (fn)
2026-09-23 15:17:22,360 INFO: Plan 1: ḡ=9, γE[v]=0.0, Q=9.0 (fn)
2026-09-23 15:17:22,361 INFO: Plan 0: ḡ=1.1, γE[v]=0.0, Q=1.1 (bayes)
2026-09-23 15:17:22,361 INFO: Plan 1: ḡ=1.1, γE[v]=0.0, Q=1.1 (bayes)
2026-09-23 15:17:22,361 INFO: Plan 2: ḡ=1.1, γE[v]=0.0, Q=1.1 (bayes)
2026-09-23 15:17:22,597 INFO: Plan 0: ḡ=0, γE[v]=0.0, Q=0.0 (fn)
2026-09-23 15:17:22,597 INFO: Plan 0: ḡ=0.0, γE[v]=0.0, Q=0.0 (bayes)
2026-09-23 15:17:22,597 INFO: Plan 1: ḡ=0.0, γE[v]=0.0, Q=0.0 (bayes)
2026-09-23 15:17:22,598 INFO: Plan 2: ḡ=0.0, γE[v]=0.0, Q=0.0 (bayes)
  [58/93] httpx._urlparse seed=42: {'cov_qvalue_tgt_fnt_bayes': 70}
  [59/93] pydantic.networks seed=42: {'cov_qvalue_tgt_fnt_bayes': 35}
2026-09-23 15:17:24,702 INFO: Plan 1: ḡ=0, γE[v]=0.0, Q=0.0 (fn)
2026-09-23 15:17:24,703 INFO: Plan 2: ḡ=0, γE[v]=0.0, Q=0.0 (fn)
2026-09-23 15:17:25,061 INFO: Plan 0: ḡ=1, γE[v]=0.0, Q=1.0 (fn)
2026-09-23 15:17:25,062 INFO: Plan 0: ḡ=0.2, γE[v]=0.0, Q=0.2 (bayes)
2026-09-23 15:17:25,062 INFO: Plan 1: ḡ=0.0, γE[v]=0.1, Q=0.1 (bayes)
2026-09-23 15:17:25,062 INFO: Plan 2: ḡ=0.0, γE[v]=0.1, Q=0.1 (bayes)
2026-09-23 15:17:26,386 INFO: Plan 1: ḡ=0, γE[v]=0.0, Q=0.0 (fn)
2026-09-23 15:17:26,591 INFO: Plan 0: ḡ=1, γE[v]=0.0, Q=1.0 (fn)
2026-09-23 15:17:26,591 INFO: Plan 2: ḡ=1, γE[v]=0.0, Q=1.0 (fn)
2026-09-23 15:17:26,592 INFO: Plan 0: ḡ=0.2, γE[v]=0.0, Q=0.2 (bayes)
2026-09-23 15:17:26,592 INFO: Plan 1: ḡ=0.0, γE[v]=0.1, Q=0.1 (bayes)
2026-09-23 15:17:26,592 INFO: Plan 2: ḡ=0.2, γE[v]=0.0, Q=0.2 (bayes)
2026-09-23 15:17:26,934 INFO: Plan 2: ḡ=0, γE[v]=0.0, Q=0.0 (fn)
2026-09-23 15:17:26,935 INFO: Plan 0: ḡ=0, γE[v]=0.0, Q=0.0 (fn)
2026-09-23 15:17:26,936 INFO: Plan 1: ḡ=0, γE[v]=0.0, Q=0.0 (fn)
2026-09-23 15:17:26,936 INFO: Plan 0: ḡ=0.0, γE[v]=0.0, Q=0.0 (bayes)
2026-09-23 15:17:26,936 INFO: Plan 1: ḡ=0.0, γE[v]=0.0, Q=0.0 (bayes)
2026-09-23 15:17:26,936 INFO: Plan 2: ḡ=0.0, γE[v]=0.0, Q=0.0 (bayes)
2026-09-23 15:17:27,157 INFO: Plan 0: ḡ=25, γE[v]=0.0, Q=25.0 (fn)
2026-09-23 15:17:27,872 INFO: Plan 1: ḡ=0, γE[v]=0.0, Q=0.0 (fn)
2026-09-23 15:17:27,873 INFO: Plan 0: ḡ=0, γE[v]=0.0, Q=0.0 (fn)
2026-09-23 15:17:27,875 INFO: Plan 2: ḡ=0, γE[v]=0.0, Q=0.0 (fn)
2026-09-23 15:17:27,875 INFO: Plan 0: ḡ=0.0, γE[v]=0.0, Q=0.0 (bayes)
2026-09-23 15:17:27,875 INFO: Plan 1: ḡ=0.0, γE[v]=0.0, Q=0.0 (bayes)
2026-09-23 15:17:27,875 INFO: Plan 2: ḡ=0.0, γE[v]=0.0, Q=0.0 (bayes)
2026-09-23 15:17:27,954 INFO: Plan 0: ḡ=2, γE[v]=0.0, Q=2.0 (fn)
2026-09-23 15:17:28,074 INFO: Plan 2: ḡ=28, γE[v]=0.0, Q=28.0 (fn)
  [60/93] werkzeug.local seed=42: {'cov_qvalue_tgt_fnt_bayes': 52}
2026-09-23 15:17:28,677 INFO: Plan 1: ḡ=58, γE[v]=0.0, Q=58.0 (fn)
2026-09-23 15:17:28,678 INFO: Plan 0: ḡ=10.4, γE[v]=19.2, Q=29.7 (bayes)
2026-09-23 15:17:28,678 INFO: Plan 1: ḡ=22.7, γE[v]=13.1, Q=35.8 (bayes)
2026-09-23 15:17:28,678 INFO: Plan 2: ḡ=12.3, γE[v]=18.3, Q=30.6 (bayes)
2026-09-23 15:17:29,377 INFO: Plan 2: ḡ=60, γE[v]=0.0, Q=60.0 (fn)
2026-09-23 15:17:29,379 INFO: Plan 1: ḡ=60, γE[v]=0.0, Q=60.0 (fn)
2026-09-23 15:17:29,380 INFO: Plan 0: ḡ=11, γE[v]=0.0, Q=11.0 (fn)
2026-09-23 15:17:29,381 INFO: Plan 0: ḡ=0.2, γE[v]=3.6, Q=3.9 (bayes)
2026-09-23 15:17:29,381 INFO: Plan 1: ḡ=7.5, γE[v]=0.0, Q=7.5 (bayes)
2026-09-23 15:17:29,381 INFO: Plan 2: ḡ=7.5, γE[v]=0.0, Q=7.5 (bayes)
2026-09-23 15:17:29,498 INFO: Plan 1: ḡ=17, γE[v]=0.0, Q=17.0 (fn)
2026-09-23 15:17:30,447 INFO: Plan 0: ḡ=53, γE[v]=0.0, Q=53.0 (fn)
2026-09-23 15:17:32,293 INFO: Plan 1: ḡ=19, γE[v]=0.0, Q=19.0 (fn)
2026-09-23 15:17:32,453 INFO: Plan 2: ḡ=0, γE[v]=0.0, Q=0.0 (fn)
2026-09-23 15:17:32,534 INFO: Plan 2: ḡ=111, γE[v]=0.0, Q=111.0 (fn)
2026-09-23 15:17:32,535 INFO: Plan 0: ḡ=15.8, γE[v]=73.8, Q=89.5 (bayes)
2026-09-23 15:17:32,535 INFO: Plan 1: ḡ=8.0, γE[v]=77.7, Q=85.7 (bayes)
2026-09-23 15:17:32,535 INFO: Plan 2: ḡ=24.4, γE[v]=69.5, Q=93.9 (bayes)
2026-09-23 15:17:32,773 INFO: Plan 1: ḡ=3, γE[v]=0.0, Q=3.0 (fn)
2026-09-23 15:17:34,011 INFO: Plan 0: ḡ=5, γE[v]=1.5, Q=6.5 (fn)
2026-09-23 15:17:34,011 INFO: Plan 0: ḡ=1.0, γE[v]=0.4, Q=1.4 (bayes)
2026-09-23 15:17:34,012 INFO: Plan 1: ḡ=0.6, γE[v]=0.5, Q=1.1 (bayes)
2026-09-23 15:17:34,012 INFO: Plan 2: ḡ=0.0, γE[v]=0.8, Q=0.8 (bayes)
2026-09-23 15:17:34,807 INFO: Plan 0: ḡ=6, γE[v]=0.0, Q=6.0 (fn)
2026-09-23 15:17:35,006 INFO: Plan 2: ḡ=20, γE[v]=0.0, Q=20.0 (fn)
2026-09-23 15:17:35,642 INFO: Plan 0: ḡ=6, γE[v]=0.0, Q=6.0 (fn)
2026-09-23 15:17:36,127 INFO: Plan 2: ḡ=25, γE[v]=10.5, Q=35.5 (fn)
2026-09-23 15:17:36,128 INFO: Plan 0: ḡ=5.2, γE[v]=31.8, Q=37.0 (bayes)
2026-09-23 15:17:36,128 INFO: Plan 1: ḡ=8.3, γE[v]=30.3, Q=38.6 (bayes)
2026-09-23 15:17:36,128 INFO: Plan 2: ḡ=8.3, γE[v]=30.8, Q=39.2 (bayes)
2026-09-23 15:17:36,443 INFO: Plan 2: ḡ=2, γE[v]=3.0, Q=5.0 (fn)
2026-09-23 15:17:37,160 INFO: Plan 1: ḡ=10, γE[v]=3.0, Q=13.0 (fn)
2026-09-23 15:17:37,161 INFO: Plan 0: ḡ=1.5, γE[v]=1.3, Q=2.8 (bayes)
2026-09-23 15:17:37,161 INFO: Plan 1: ḡ=2.7, γE[v]=1.0, Q=3.6 (bayes)
2026-09-23 15:17:37,161 INFO: Plan 2: ḡ=0.7, γE[v]=2.0, Q=2.6 (bayes)
2026-09-23 15:17:39,545 INFO: Plan 2: ḡ=13, γE[v]=0.0, Q=13.0 (fn)
2026-09-23 15:17:39,585 INFO: Plan 0: ḡ=7, γE[v]=0.0, Q=7.0 (fn)
2026-09-23 15:17:39,745 INFO: Plan 1: ḡ=8, γE[v]=0.0, Q=8.0 (fn)
2026-09-23 15:17:39,745 INFO: Plan 0: ḡ=1.9, γE[v]=2.3, Q=4.2 (bayes)
2026-09-23 15:17:39,745 INFO: Plan 1: ḡ=2.5, γE[v]=2.0, Q=4.5 (bayes)
2026-09-23 15:17:39,746 INFO: Plan 2: ḡ=2.7, γE[v]=1.9, Q=4.6 (bayes)
2026-09-23 15:17:39,865 INFO: Plan 0: ḡ=3, γE[v]=0.0, Q=3.0 (fn)
2026-09-23 15:17:40,102 INFO: Plan 1: ḡ=3, γE[v]=0.0, Q=3.0 (fn)
2026-09-23 15:17:40,494 INFO: Plan 2: ḡ=1, γE[v]=1.0, Q=2.0 (fn)
2026-09-23 15:17:40,495 INFO: Plan 0: ḡ=1.0, γE[v]=0.3, Q=1.3 (bayes)
2026-09-23 15:17:40,495 INFO: Plan 1: ḡ=0.7, γE[v]=0.5, Q=1.1 (bayes)
2026-09-23 15:17:40,495 INFO: Plan 2: ḡ=0.2, γE[v]=0.8, Q=1.0 (bayes)
2026-09-23 15:17:40,654 INFO: Plan 1: ḡ=11, γE[v]=13.5, Q=24.5 (fn)
2026-09-23 15:17:40,654 INFO: Plan 0: ḡ=2.0, γE[v]=57.2, Q=59.2 (bayes)
2026-09-23 15:17:40,654 INFO: Plan 1: ḡ=4.2, γE[v]=56.7, Q=60.9 (bayes)
2026-09-23 15:17:40,654 INFO: Plan 2: ḡ=4.2, γE[v]=56.1, Q=60.2 (bayes)
2026-09-23 15:17:42,466 INFO: Plan 2: ḡ=0, γE[v]=0.0, Q=0.0 (fn)
2026-09-23 15:17:42,467 INFO: Plan 1: ḡ=0, γE[v]=0.0, Q=0.0 (fn)
2026-09-23 15:17:43,460 INFO: Plan 0: ḡ=1, γE[v]=0.0, Q=1.0 (fn)
2026-09-23 15:17:43,461 INFO: Plan 0: ḡ=0.2, γE[v]=0.0, Q=0.2 (bayes)
2026-09-23 15:17:43,461 INFO: Plan 1: ḡ=0.0, γE[v]=0.1, Q=0.1 (bayes)
2026-09-23 15:17:43,461 INFO: Plan 2: ḡ=0.0, γE[v]=0.1, Q=0.1 (bayes)
  [61/93] httpx._utils seed=42: {'cov_qvalue_tgt_fnt_bayes': 63}
2026-09-23 15:17:45,033 INFO: Plan 0: ḡ=2, γE[v]=0.0, Q=2.0 (fn)
2026-09-23 15:17:45,778 INFO: Plan 1: ḡ=0, γE[v]=0.0, Q=0.0 (fn)
2026-09-23 15:17:45,779 INFO: Plan 0: ḡ=0, γE[v]=0.0, Q=0.0 (fn)
2026-09-23 15:17:45,818 INFO: Plan 2: ḡ=0, γE[v]=0.0, Q=0.0 (fn)
2026-09-23 15:17:45,818 INFO: Plan 0: ḡ=0.0, γE[v]=0.0, Q=0.0 (bayes)
2026-09-23 15:17:45,818 INFO: Plan 1: ḡ=0.0, γE[v]=0.0, Q=0.0 (bayes)
2026-09-23 15:17:45,818 INFO: Plan 2: ḡ=0.0, γE[v]=0.0, Q=0.0 (bayes)
2026-09-23 15:17:45,899 INFO: Plan 2: ḡ=56, γE[v]=0.0, Q=56.0 (fn)
2026-09-23 15:17:45,900 INFO: Plan 2: ḡ=1, γE[v]=0.5, Q=1.5 (fn)
2026-09-23 15:17:45,978 INFO: Plan 0: ḡ=60, γE[v]=0.0, Q=60.0 (fn)
2026-09-23 15:17:46,018 INFO: Plan 1: ḡ=1, γE[v]=0.5, Q=1.5 (fn)
2026-09-23 15:17:46,018 INFO: Plan 0: ḡ=0.3, γE[v]=0.2, Q=0.5 (bayes)
2026-09-23 15:17:46,018 INFO: Plan 1: ḡ=0.2, γE[v]=0.3, Q=0.5 (bayes)
2026-09-23 15:17:46,018 INFO: Plan 2: ḡ=0.2, γE[v]=0.3, Q=0.5 (bayes)
2026-09-23 15:17:46,450 INFO: Plan 1: ḡ=77, γE[v]=0.0, Q=77.0 (fn)
2026-09-23 15:17:46,450 INFO: Plan 0: ḡ=25.2, γE[v]=20.9, Q=46.1 (bayes)
2026-09-23 15:17:46,450 INFO: Plan 1: ḡ=21.8, γE[v]=22.6, Q=44.4 (bayes)
2026-09-23 15:17:46,450 INFO: Plan 2: ḡ=23.4, γE[v]=21.8, Q=45.2 (bayes)
2026-09-23 15:17:46,609 INFO: Plan 2: ḡ=4, γE[v]=0.0, Q=4.0 (fn)
2026-09-23 15:17:46,729 INFO: Plan 0: ḡ=23, γE[v]=0.0, Q=23.0 (fn)
2026-09-23 15:17:46,808 INFO: Plan 1: ḡ=11, γE[v]=0.0, Q=11.0 (fn)
2026-09-23 15:17:46,847 INFO: Plan 0: ḡ=3, γE[v]=0.0, Q=3.0 (fn)
2026-09-23 15:17:46,848 INFO: Plan 0: ḡ=1.5, γE[v]=2.2, Q=3.8 (bayes)
2026-09-23 15:17:46,848 INFO: Plan 1: ḡ=3.0, γE[v]=1.5, Q=4.5 (bayes)
2026-09-23 15:17:46,848 INFO: Plan 2: ḡ=1.5, γE[v]=2.2, Q=3.8 (bayes)
2026-09-23 15:17:47,505 INFO: Plan 1: ḡ=20, γE[v]=0.0, Q=20.0 (fn)
2026-09-23 15:17:48,101 INFO: Plan 1: ḡ=41, γE[v]=0.0, Q=41.0 (fn)
2026-09-23 15:17:48,180 INFO: Plan 2: ḡ=21, γE[v]=0.0, Q=21.0 (fn)
2026-09-23 15:17:48,605 INFO: Plan 1: ḡ=13, γE[v]=0.0, Q=13.0 (fn)
2026-09-23 15:17:49,113 INFO: Plan 0: ḡ=4, γE[v]=0.0, Q=4.0 (fn)
2026-09-23 15:17:49,114 INFO: Plan 0: ḡ=1.3, γE[v]=7.0, Q=8.3 (bayes)
2026-09-23 15:17:49,114 INFO: Plan 1: ḡ=5.8, γE[v]=4.8, Q=10.6 (bayes)
2026-09-23 15:17:49,114 INFO: Plan 2: ḡ=8.2, γE[v]=3.6, Q=11.8 (bayes)
2026-09-23 15:17:49,335 INFO: Plan 2: ḡ=8, γE[v]=0.0, Q=8.0 (fn)
2026-09-23 15:17:49,455 INFO: Plan 0: ḡ=5, γE[v]=0.0, Q=5.0 (fn)
2026-09-23 15:17:49,534 INFO: Plan 1: ḡ=3, γE[v]=0.0, Q=3.0 (fn)
2026-09-23 15:17:49,535 INFO: Plan 0: ḡ=1.2, γE[v]=1.0, Q=2.2 (bayes)
2026-09-23 15:17:49,535 INFO: Plan 1: ḡ=0.6, γE[v]=1.3, Q=1.9 (bayes)
2026-09-23 15:17:49,535 INFO: Plan 2: ḡ=1.3, γE[v]=0.9, Q=2.3 (bayes)
2026-09-23 15:17:50,330 INFO: Plan 2: ḡ=66, γE[v]=0.0, Q=66.0 (fn)
2026-09-23 15:17:50,922 INFO: Plan 1: ḡ=89, γE[v]=0.0, Q=89.0 (fn)
2026-09-23 15:17:51,159 INFO: Plan 0: ḡ=39, γE[v]=0.0, Q=39.0 (fn)
2026-09-23 15:17:51,160 INFO: Plan 0: ḡ=13.1, γE[v]=19.1, Q=32.2 (bayes)
2026-09-23 15:17:51,160 INFO: Plan 1: ḡ=19.5, γE[v]=15.9, Q=35.4 (bayes)
2026-09-23 15:17:51,160 INFO: Plan 2: ḡ=15.2, γE[v]=18.0, Q=33.3 (bayes)
2026-09-23 15:17:51,589 INFO: Plan 2: ḡ=337, γE[v]=4.5, Q=341.5 (fn)
  [62/93] pydantic.main seed=42: {'cov_qvalue_tgt_fnt_bayes': 211}
2026-09-23 15:17:51,985 INFO: Plan 2: ḡ=0, γE[v]=0.0, Q=0.0 (fn)
2026-09-23 15:17:52,493 INFO: Plan 0: ḡ=79, γE[v]=126.5, Q=205.5 (fn)
  [63/93] httpx._urls seed=42: {'cov_qvalue_tgt_fnt_bayes': 82}
2026-09-23 15:17:52,570 INFO: Plan 0: ḡ=267, γE[v]=39.5, Q=306.5 (fn)
2026-09-23 15:17:52,570 INFO: Plan 0: ḡ=39.6, γE[v]=10.7, Q=50.3 (bayes)
2026-09-23 15:17:52,571 INFO: Plan 1: ḡ=7.2, γE[v]=24.1, Q=31.2 (bayes)
2026-09-23 15:17:52,571 INFO: Plan 2: ḡ=53.5, γE[v]=1.2, Q=54.7 (bayes)
2026-09-23 15:17:52,687 INFO: Plan 1: ḡ=2, γE[v]=1.5, Q=3.5 (fn)
2026-09-23 15:17:52,688 INFO: Plan 2: ḡ=163, γE[v]=104.5, Q=267.5 (fn)
2026-09-23 15:17:52,725 INFO: Plan 0: ḡ=3, γE[v]=1.0, Q=4.0 (fn)
2026-09-23 15:17:52,725 INFO: Plan 0: ḡ=0.4, γE[v]=0.2, Q=0.6 (bayes)
2026-09-23 15:17:52,725 INFO: Plan 1: ḡ=0.2, γE[v]=0.3, Q=0.6 (bayes)
2026-09-23 15:17:52,725 INFO: Plan 2: ḡ=0.0, γE[v]=0.3, Q=0.3 (bayes)
2026-09-23 15:17:53,037 INFO: Plan 1: ḡ=123, γE[v]=97.5, Q=220.5 (fn)
2026-09-23 15:17:53,038 INFO: Plan 0: ḡ=11.3, γE[v]=31.6, Q=43.0 (bayes)
2026-09-23 15:17:53,038 INFO: Plan 1: ḡ=17.7, γE[v]=26.2, Q=43.9 (bayes)
2026-09-23 15:17:53,038 INFO: Plan 2: ḡ=23.3, γE[v]=24.0, Q=47.2 (bayes)
2026-09-23 15:17:53,723 INFO: Plan 2: ḡ=110, γE[v]=11.0, Q=121.0 (fn)
2026-09-23 15:17:53,724 INFO: Plan 0: ḡ=7.8, γE[v]=14.8, Q=22.6 (bayes)
2026-09-23 15:17:53,724 INFO: Plan 1: ḡ=5.2, γE[v]=16.0, Q=21.3 (bayes)
2026-09-23 15:17:53,724 INFO: Plan 2: ḡ=31.2, γE[v]=3.8, Q=35.0 (bayes)
2026-09-23 15:17:53,762 INFO: Plan 1: ḡ=0, γE[v]=0.0, Q=0.0 (fn)
2026-09-23 15:17:53,763 INFO: Plan 2: ḡ=0, γE[v]=0.0, Q=0.0 (fn)
2026-09-23 15:17:53,764 INFO: Plan 0: ḡ=0, γE[v]=0.0, Q=0.0 (fn)
2026-09-23 15:17:53,765 INFO: Plan 0: ḡ=0.0, γE[v]=0.0, Q=0.0 (bayes)
2026-09-23 15:17:53,765 INFO: Plan 1: ḡ=0.0, γE[v]=0.0, Q=0.0 (bayes)
2026-09-23 15:17:53,765 INFO: Plan 2: ḡ=0.0, γE[v]=0.0, Q=0.0 (bayes)
  [64/93] httpx._transports.default seed=42: {'cov_qvalue_tgt_fnt_bayes': 27}
2026-09-23 15:17:56,914 INFO: Plan 1: ḡ=0, γE[v]=0.0, Q=0.0 (fn)
2026-09-23 15:17:56,915 INFO: Plan 0: ḡ=0, γE[v]=0.0, Q=0.0 (fn)
2026-09-23 15:17:57,466 INFO: Plan 2: ḡ=4, γE[v]=0.0, Q=4.0 (fn)
2026-09-23 15:17:57,547 INFO: Plan 1: ḡ=4, γE[v]=0.0, Q=4.0 (fn)
2026-09-23 15:17:57,624 INFO: Plan 2: ḡ=0, γE[v]=0.0, Q=0.0 (fn)
2026-09-23 15:17:57,625 INFO: Plan 0: ḡ=0.0, γE[v]=0.0, Q=0.0 (bayes)
2026-09-23 15:17:57,625 INFO: Plan 1: ḡ=0.0, γE[v]=0.0, Q=0.0 (bayes)
2026-09-23 15:17:57,625 INFO: Plan 2: ḡ=0.0, γE[v]=0.0, Q=0.0 (bayes)
2026-09-23 15:17:58,270 INFO: Plan 2: ḡ=0, γE[v]=0.0, Q=0.0 (fn)
2026-09-23 15:17:58,428 INFO: Plan 1: ḡ=1, γE[v]=0.0, Q=1.0 (fn)
2026-09-23 15:17:58,429 INFO: Plan 0: ḡ=1, γE[v]=0.0, Q=1.0 (fn)
2026-09-23 15:17:58,430 INFO: Plan 0: ḡ=0.2, γE[v]=0.0, Q=0.2 (bayes)
2026-09-23 15:17:58,430 INFO: Plan 1: ḡ=0.2, γE[v]=0.0, Q=0.2 (bayes)
2026-09-23 15:17:58,430 INFO: Plan 2: ḡ=0.0, γE[v]=0.1, Q=0.1 (bayes)
2026-09-23 15:17:59,523 INFO: Plan 0: ḡ=3, γE[v]=2.0, Q=5.0 (fn)
2026-09-23 15:17:59,523 INFO: Plan 0: ḡ=0.4, γE[v]=0.4, Q=0.8 (bayes)
2026-09-23 15:17:59,523 INFO: Plan 1: ḡ=0.4, γE[v]=0.2, Q=0.6 (bayes)
2026-09-23 15:17:59,523 INFO: Plan 2: ḡ=0.5, γE[v]=0.2, Q=0.7 (bayes)
  [65/93] werkzeug.utils seed=42: {'cov_qvalue_tgt_fnt_bayes': 67}
  [66/93] pydantic.functional_validators seed=42: {'cov_qvalue_tgt_fnt_bayes': 47}
2026-09-23 15:18:02,826 INFO: Plan 1: ḡ=4, γE[v]=0.0, Q=4.0 (fn)
2026-09-23 15:18:03,140 INFO: Plan 2: ḡ=10, γE[v]=0.0, Q=10.0 (fn)
2026-09-23 15:18:03,142 INFO: Plan 0: ḡ=10, γE[v]=0.0, Q=10.0 (fn)
2026-09-23 15:18:03,142 INFO: Plan 0: ḡ=1.5, γE[v]=0.0, Q=1.5 (bayes)
2026-09-23 15:18:03,143 INFO: Plan 1: ḡ=0.7, γE[v]=0.4, Q=1.1 (bayes)
2026-09-23 15:18:03,143 INFO: Plan 2: ḡ=1.5, γE[v]=0.0, Q=1.5 (bayes)
  [67/93] werkzeug.sansio.response seed=42: {'cov_qvalue_tgt_fnt_bayes': 82}
2026-09-23 15:18:05,499 INFO: Plan 1: ḡ=0, γE[v]=0.0, Q=0.0 (fn)
2026-09-23 15:18:05,535 INFO: Plan 2: ḡ=0, γE[v]=0.0, Q=0.0 (fn)
2026-09-23 15:18:05,932 INFO: Plan 0: ḡ=0, γE[v]=0.0, Q=0.0 (fn)
2026-09-23 15:18:05,933 INFO: Plan 0: ḡ=0.0, γE[v]=0.0, Q=0.0 (bayes)
2026-09-23 15:18:05,933 INFO: Plan 1: ḡ=0.0, γE[v]=0.0, Q=0.0 (bayes)
2026-09-23 15:18:05,933 INFO: Plan 2: ḡ=0.0, γE[v]=0.0, Q=0.0 (bayes)
2026-09-23 15:18:07,866 INFO: Plan 0: ḡ=0, γE[v]=0.0, Q=0.0 (fn)
2026-09-23 15:18:07,902 INFO: Plan 2: ḡ=0, γE[v]=0.0, Q=0.0 (fn)
2026-09-23 15:18:07,903 INFO: Plan 1: ḡ=0, γE[v]=0.0, Q=0.0 (fn)
2026-09-23 15:18:07,903 INFO: Plan 0: ḡ=0.0, γE[v]=0.0, Q=0.0 (bayes)
2026-09-23 15:18:07,904 INFO: Plan 1: ḡ=0.0, γE[v]=0.0, Q=0.0 (bayes)
2026-09-23 15:18:07,904 INFO: Plan 2: ḡ=0.0, γE[v]=0.0, Q=0.0 (bayes)
  [68/93] pydantic.functional_serializers seed=42: {'cov_qvalue_tgt_fnt_bayes': 24}
2026-09-23 15:18:08,623 INFO: Plan 2: ḡ=0, γE[v]=0.0, Q=0.0 (fn)
2026-09-23 15:18:10,326 INFO: Plan 0: ḡ=70, γE[v]=0.0, Q=70.0 (fn)
2026-09-23 15:18:10,327 INFO: Plan 1: ḡ=0, γE[v]=0.0, Q=0.0 (fn)
2026-09-23 15:18:10,328 INFO: Plan 0: ḡ=25, γE[v]=0.0, Q=25.0 (fn)
2026-09-23 15:18:10,359 INFO: Plan 1: ḡ=16, γE[v]=0.0, Q=16.0 (fn)
2026-09-23 15:18:10,429 INFO: Plan 1: ḡ=17, γE[v]=0.0, Q=17.0 (fn)
2026-09-23 15:18:10,598 INFO: Plan 0: ḡ=1, γE[v]=0.0, Q=1.0 (fn)
2026-09-23 15:18:10,599 INFO: Plan 1: ḡ=1, γE[v]=0.0, Q=1.0 (fn)
2026-09-23 15:18:10,631 INFO: Plan 0: ḡ=0, γE[v]=0.0, Q=0.0 (fn)
2026-09-23 15:18:10,632 INFO: Plan 0: ḡ=0.0, γE[v]=0.0, Q=0.0 (bayes)
2026-09-23 15:18:10,633 INFO: Plan 1: ḡ=0.0, γE[v]=0.0, Q=0.0 (bayes)
2026-09-23 15:18:10,633 INFO: Plan 2: ḡ=0.0, γE[v]=0.0, Q=0.0 (bayes)
2026-09-23 15:18:10,721 INFO: Plan 2: ḡ=14, γE[v]=2.0, Q=16.0 (fn)
2026-09-23 15:18:10,722 INFO: Plan 0: ḡ=9.5, γE[v]=6.6, Q=16.1 (bayes)
2026-09-23 15:18:10,722 INFO: Plan 1: ḡ=6.2, γE[v]=8.2, Q=14.4 (bayes)
2026-09-23 15:18:10,722 INFO: Plan 2: ḡ=7.0, γE[v]=7.9, Q=14.9 (bayes)
2026-09-23 15:18:11,017 INFO: Plan 2: ḡ=6, γE[v]=0.0, Q=6.0 (fn)
2026-09-23 15:18:11,018 INFO: Plan 0: ḡ=0.1, γE[v]=0.3, Q=0.4 (bayes)
2026-09-23 15:18:11,018 INFO: Plan 1: ḡ=0.1, γE[v]=0.3, Q=0.4 (bayes)
2026-09-23 15:18:11,018 INFO: Plan 2: ḡ=0.7, γE[v]=0.0, Q=0.7 (bayes)
2026-09-23 15:18:11,462 INFO: Plan 2: ḡ=101, γE[v]=0.0, Q=101.0 (fn)
2026-09-23 15:18:11,463 INFO: Plan 0: ḡ=13, γE[v]=19.5, Q=32.5 (fn)
2026-09-23 15:18:11,464 INFO: Plan 0: ḡ=23.9, γE[v]=66.9, Q=90.8 (bayes)
2026-09-23 15:18:11,464 INFO: Plan 1: ḡ=7.0, γE[v]=75.3, Q=82.3 (bayes)
2026-09-23 15:18:11,464 INFO: Plan 2: ḡ=27.7, γE[v]=65.0, Q=92.7 (bayes)
  [69/93] jinja2.bccache seed=42: {'cov_qvalue_tgt_fnt_bayes': 19}
2026-09-23 15:18:12,785 INFO: Plan 2: ḡ=0, γE[v]=0.0, Q=0.0 (fn)
2026-09-23 15:18:12,786 INFO: Plan 1: ḡ=0, γE[v]=0.0, Q=0.0 (fn)
2026-09-23 15:18:12,787 INFO: Plan 0: ḡ=0, γE[v]=0.0, Q=0.0 (fn)
2026-09-23 15:18:12,788 INFO: Plan 0: ḡ=0.0, γE[v]=0.0, Q=0.0 (bayes)
2026-09-23 15:18:12,788 INFO: Plan 1: ḡ=0.0, γE[v]=0.0, Q=0.0 (bayes)
2026-09-23 15:18:12,788 INFO: Plan 2: ḡ=0.0, γE[v]=0.0, Q=0.0 (bayes)
  [70/93] httpx._models seed=42: {'cov_qvalue_tgt_fnt_bayes': 264}
2026-09-23 15:18:14,229 INFO: Plan 1: ḡ=20, γE[v]=0.0, Q=20.0 (fn)
  [71/93] pydantic.json_schema seed=42: {'cov_qvalue_tgt_fnt_bayes': 271}
2026-09-23 15:18:15,243 INFO: Plan 0: ḡ=32, γE[v]=0.0, Q=32.0 (fn)
2026-09-23 15:18:15,310 INFO: Plan 2: ḡ=164, γE[v]=0.0, Q=164.0 (fn)
2026-09-23 15:18:15,406 INFO: Plan 1: ḡ=0, γE[v]=0.0, Q=0.0 (fn)
2026-09-23 15:18:15,407 INFO: Plan 2: ḡ=0, γE[v]=0.0, Q=0.0 (fn)
2026-09-23 15:18:15,408 INFO: Plan 0: ḡ=0, γE[v]=0.0, Q=0.0 (fn)
2026-09-23 15:18:15,408 INFO: Plan 0: ḡ=0.0, γE[v]=0.0, Q=0.0 (bayes)
2026-09-23 15:18:15,408 INFO: Plan 1: ḡ=0.0, γE[v]=0.0, Q=0.0 (bayes)
2026-09-23 15:18:15,408 INFO: Plan 2: ḡ=0.0, γE[v]=0.0, Q=0.0 (bayes)
2026-09-23 15:18:15,814 INFO: Plan 1: ḡ=163, γE[v]=0.5, Q=163.5 (fn)
2026-09-23 15:18:15,815 INFO: Plan 0: ḡ=2.6, γE[v]=14.6, Q=17.2 (bayes)
2026-09-23 15:18:15,815 INFO: Plan 1: ḡ=28.9, γE[v]=0.1, Q=29.0 (bayes)
2026-09-23 15:18:15,815 INFO: Plan 2: ḡ=29.0, γE[v]=0.0, Q=29.0 (bayes)
2026-09-23 15:18:15,933 INFO: Plan 2: ḡ=2, γE[v]=0.0, Q=2.0 (fn)
2026-09-23 15:18:16,201 INFO: Plan 2: ḡ=0, γE[v]=0.0, Q=0.0 (fn)
2026-09-23 15:18:16,288 INFO: Plan 0: ḡ=6, γE[v]=0.0, Q=6.0 (fn)
2026-09-23 15:18:16,375 INFO: Plan 1: ḡ=29, γE[v]=0.0, Q=29.0 (fn)
2026-09-23 15:18:16,434 INFO: Plan 1: ḡ=8, γE[v]=0.0, Q=8.0 (fn)
2026-09-23 15:18:16,435 INFO: Plan 1: ḡ=3, γE[v]=0.0, Q=3.0 (fn)
2026-09-23 15:18:16,435 INFO: Plan 0: ḡ=1.2, γE[v]=1.1, Q=2.2 (bayes)
2026-09-23 15:18:16,435 INFO: Plan 1: ḡ=1.6, γE[v]=0.9, Q=2.5 (bayes)
2026-09-23 15:18:16,436 INFO: Plan 2: ḡ=0.5, γE[v]=1.4, Q=1.9 (bayes)
2026-09-23 15:18:16,695 INFO: Plan 2: ḡ=3, γE[v]=0.0, Q=3.0 (fn)
2026-09-23 15:18:16,753 INFO: Plan 1: ḡ=2, γE[v]=0.0, Q=2.0 (fn)
2026-09-23 15:18:16,755 INFO: Plan 0: ḡ=24, γE[v]=0.0, Q=24.0 (fn)
2026-09-23 15:18:16,954 INFO: Plan 0: ḡ=5, γE[v]=1.5, Q=6.5 (fn)
2026-09-23 15:18:16,955 INFO: Plan 0: ḡ=0.8, γE[v]=0.4, Q=1.2 (bayes)
2026-09-23 15:18:16,955 INFO: Plan 1: ḡ=0.5, γE[v]=0.4, Q=0.9 (bayes)
2026-09-23 15:18:16,955 INFO: Plan 2: ḡ=0.0, γE[v]=0.7, Q=0.7 (bayes)
2026-09-23 15:18:16,983 INFO: Plan 0: ḡ=3, γE[v]=0.0, Q=3.0 (fn)
2026-09-23 15:18:16,984 INFO: Plan 0: ḡ=1.5, γE[v]=0.8, Q=2.2 (bayes)
2026-09-23 15:18:16,984 INFO: Plan 1: ḡ=1.0, γE[v]=1.0, Q=2.0 (bayes)
2026-09-23 15:18:16,984 INFO: Plan 2: ḡ=1.0, γE[v]=1.0, Q=2.0 (bayes)
2026-09-23 15:18:17,127 INFO: Plan 2: ḡ=17, γE[v]=0.0, Q=17.0 (fn)
2026-09-23 15:18:17,128 INFO: Plan 0: ḡ=15.8, γE[v]=18.5, Q=34.3 (bayes)
2026-09-23 15:18:17,128 INFO: Plan 1: ḡ=8.8, γE[v]=22.0, Q=30.8 (bayes)
2026-09-23 15:18:17,128 INFO: Plan 2: ḡ=3.7, γE[v]=24.6, Q=28.2 (bayes)
2026-09-23 15:18:17,953 INFO: Plan 2: ḡ=26, γE[v]=7.0, Q=33.0 (fn)
2026-09-23 15:18:17,954 INFO: Plan 0: ḡ=11.7, γE[v]=22.5, Q=34.2 (bayes)
2026-09-23 15:18:17,954 INFO: Plan 1: ḡ=12.5, γE[v]=22.1, Q=34.6 (bayes)
2026-09-23 15:18:17,954 INFO: Plan 2: ḡ=6.8, γE[v]=25.4, Q=32.2 (bayes)
  [72/93] werkzeug.wrappers.response seed=42: {'cov_qvalue_tgt_fnt_bayes': 86}
2026-09-23 15:18:19,760 INFO: Plan 0: ḡ=6, γE[v]=0.0, Q=6.0 (fn)
  [73/93] pydantic.types seed=42: {'cov_qvalue_tgt_fnt_bayes': 137}
  [74/93] werkzeug.datastructures.structures seed=42: {'cov_qvalue_tgt_fnt_bayes': 135}
2026-09-23 15:18:20,879 INFO: Plan 2: ḡ=13, γE[v]=0.0, Q=13.0 (fn)
2026-09-23 15:18:21,023 INFO: Plan 1: ḡ=8, γE[v]=0.0, Q=8.0 (fn)
2026-09-23 15:18:21,110 INFO: Plan 0: ḡ=12, γE[v]=0.0, Q=12.0 (fn)
2026-09-23 15:18:21,111 INFO: Plan 0: ḡ=3.6, γE[v]=1.2, Q=4.8 (bayes)
2026-09-23 15:18:21,111 INFO: Plan 1: ḡ=2.5, γE[v]=1.7, Q=4.3 (bayes)
2026-09-23 15:18:21,111 INFO: Plan 2: ḡ=2.2, γE[v]=1.9, Q=4.1 (bayes)
2026-09-23 15:18:22,012 INFO: Plan 1: ḡ=21, γE[v]=1.5, Q=22.5 (fn)
2026-09-23 15:18:23,174 INFO: Plan 2: ḡ=22, γE[v]=26.0, Q=48.0 (fn)
2026-09-23 15:18:23,175 INFO: Plan 0: ḡ=2.0, γE[v]=51.8, Q=53.8 (bayes)
2026-09-23 15:18:23,176 INFO: Plan 1: ḡ=8.8, γE[v]=48.5, Q=57.3 (bayes)
2026-09-23 15:18:23,176 INFO: Plan 2: ḡ=6.1, γE[v]=51.0, Q=57.0 (bayes)
  [75/93] werkzeug.routing.rules seed=42: {'cov_qvalue_tgt_fnt_bayes': 123}
2026-09-23 15:18:23,228 INFO: Plan 2: ḡ=22, γE[v]=0.0, Q=22.0 (fn)
2026-09-23 15:18:23,449 INFO: Plan 1: ḡ=44, γE[v]=0.0, Q=44.0 (fn)
2026-09-23 15:18:24,104 INFO: Plan 0: ḡ=87, γE[v]=0.0, Q=87.0 (fn)
2026-09-23 15:18:24,104 INFO: Plan 0: ḡ=25.3, γE[v]=8.7, Q=34.0 (bayes)
2026-09-23 15:18:24,105 INFO: Plan 1: ḡ=20.3, γE[v]=11.2, Q=31.5 (bayes)
2026-09-23 15:18:24,105 INFO: Plan 2: ḡ=6.4, γE[v]=18.2, Q=24.6 (bayes)
2026-09-23 15:18:24,131 INFO: Plan 0: ḡ=0, γE[v]=0.0, Q=0.0 (fn)
2026-09-23 15:18:24,133 INFO: Plan 1: ḡ=0, γE[v]=0.0, Q=0.0 (fn)
2026-09-23 15:18:24,241 INFO: Plan 2: ḡ=0, γE[v]=0.0, Q=0.0 (fn)
2026-09-23 15:18:24,241 INFO: Plan 0: ḡ=0.0, γE[v]=0.0, Q=0.0 (bayes)
2026-09-23 15:18:24,241 INFO: Plan 1: ḡ=0.0, γE[v]=0.0, Q=0.0 (bayes)
2026-09-23 15:18:24,242 INFO: Plan 2: ḡ=0.0, γE[v]=0.0, Q=0.0 (bayes)
2026-09-23 15:18:25,063 INFO: Plan 0: ḡ=0, γE[v]=0.0, Q=0.0 (fn)
2026-09-23 15:18:25,064 INFO: Plan 1: ḡ=0, γE[v]=0.0, Q=0.0 (fn)
2026-09-23 15:18:25,065 INFO: Plan 2: ḡ=0, γE[v]=0.0, Q=0.0 (fn)
2026-09-23 15:18:25,066 INFO: Plan 0: ḡ=0.0, γE[v]=0.0, Q=0.0 (bayes)
2026-09-23 15:18:25,066 INFO: Plan 1: ḡ=0.0, γE[v]=0.0, Q=0.0 (bayes)
2026-09-23 15:18:25,066 INFO: Plan 2: ḡ=0.0, γE[v]=0.0, Q=0.0 (bayes)
  [76/93] werkzeug.http seed=42: {'cov_qvalue_tgt_fnt_bayes': 133}
2026-09-23 15:18:26,241 INFO: Plan 2: ḡ=0, γE[v]=0.0, Q=0.0 (fn)
2026-09-23 15:18:26,242 INFO: Plan 1: ḡ=0, γE[v]=0.0, Q=0.0 (fn)
2026-09-23 15:18:26,929 INFO: Plan 0: ḡ=0, γE[v]=0.0, Q=0.0 (fn)
2026-09-23 15:18:26,929 INFO: Plan 0: ḡ=0.0, γE[v]=0.0, Q=0.0 (bayes)
2026-09-23 15:18:26,929 INFO: Plan 1: ḡ=0.0, γE[v]=0.0, Q=0.0 (bayes)
2026-09-23 15:18:26,929 INFO: Plan 2: ḡ=0.0, γE[v]=0.0, Q=0.0 (bayes)
  [77/93] httpx._auth seed=42: {'cov_qvalue_tgt_fnt_bayes': 83}
2026-09-23 15:18:28,966 INFO: Plan 1: ḡ=1, γE[v]=0.5, Q=1.5 (fn)
2026-09-23 15:18:29,023 INFO: Plan 0: ḡ=1, γE[v]=0.5, Q=1.5 (fn)
2026-09-23 15:18:29,024 INFO: Plan 2: ḡ=0, γE[v]=1.0, Q=1.0 (fn)
2026-09-23 15:18:29,025 INFO: Plan 0: ḡ=0.2, γE[v]=0.1, Q=0.3 (bayes)
2026-09-23 15:18:29,025 INFO: Plan 1: ḡ=0.2, γE[v]=0.1, Q=0.3 (bayes)
2026-09-23 15:18:29,025 INFO: Plan 2: ḡ=0.0, γE[v]=0.2, Q=0.2 (bayes)
2026-09-23 15:18:29,794 INFO: Plan 2: ḡ=44, γE[v]=0.0, Q=44.0 (fn)
2026-09-23 15:18:30,520 INFO: Plan 1: ḡ=0, γE[v]=0.0, Q=0.0 (fn)
2026-09-23 15:18:30,521 INFO: Plan 0: ḡ=0, γE[v]=0.0, Q=0.0 (fn)
2026-09-23 15:18:30,742 INFO: Plan 2: ḡ=0, γE[v]=0.0, Q=0.0 (fn)
2026-09-23 15:18:30,743 INFO: Plan 0: ḡ=0.0, γE[v]=0.0, Q=0.0 (bayes)
2026-09-23 15:18:30,743 INFO: Plan 1: ḡ=0.0, γE[v]=0.0, Q=0.0 (bayes)
2026-09-23 15:18:30,743 INFO: Plan 2: ḡ=0.0, γE[v]=0.0, Q=0.0 (bayes)
2026-09-23 15:18:30,908 INFO: Plan 0: ḡ=46, γE[v]=0.0, Q=46.0 (fn)
2026-09-23 15:18:32,542 INFO: Plan 1: ḡ=118, γE[v]=0.0, Q=118.0 (fn)
2026-09-23 15:18:32,543 INFO: Plan 0: ḡ=15.4, γE[v]=8.2, Q=23.6 (bayes)
2026-09-23 15:18:32,543 INFO: Plan 1: ḡ=31.8, γE[v]=0.0, Q=31.8 (bayes)
2026-09-23 15:18:32,543 INFO: Plan 2: ḡ=10.7, γE[v]=10.5, Q=21.2 (bayes)
  [78/93] starlette.applications seed=42: {'cov_qvalue_tgt_fnt_bayes': 9}
2026-09-23 15:18:33,344 INFO: Plan 0: ḡ=23, γE[v]=0.0, Q=23.0 (fn)
2026-09-23 15:18:33,675 INFO: Plan 2: ḡ=21, γE[v]=0.0, Q=21.0 (fn)
2026-09-23 15:18:33,840 INFO: Plan 1: ḡ=31, γE[v]=0.0, Q=31.0 (fn)
2026-09-23 15:18:33,841 INFO: Plan 0: ḡ=5.8, γE[v]=5.4, Q=11.3 (bayes)
2026-09-23 15:18:33,841 INFO: Plan 1: ḡ=6.4, γE[v]=5.2, Q=11.5 (bayes)
2026-09-23 15:18:33,841 INFO: Plan 2: ḡ=5.2, γE[v]=5.7, Q=11.0 (bayes)
2026-09-23 15:18:34,474 INFO: Plan 1: ḡ=123, γE[v]=81.5, Q=204.5 (fn)
2026-09-23 15:18:35,293 INFO: Plan 0: ḡ=157, γE[v]=89.0, Q=246.0 (fn)
2026-09-23 15:18:35,575 INFO: Plan 2: ḡ=165, γE[v]=105.0, Q=270.0 (fn)
2026-09-23 15:18:35,575 INFO: Plan 0: ḡ=19.7, γE[v]=21.2, Q=40.9 (bayes)
2026-09-23 15:18:35,575 INFO: Plan 1: ḡ=15.5, γE[v]=22.8, Q=38.3 (bayes)
2026-09-23 15:18:35,575 INFO: Plan 2: ḡ=20.7, γE[v]=22.0, Q=42.7 (bayes)
  [79/93] httpx._client seed=42: {'cov_qvalue_tgt_fnt_bayes': 132}
2026-09-23 15:18:36,475 INFO: Plan 1: ḡ=41, γE[v]=0.0, Q=41.0 (fn)
2026-09-23 15:18:37,794 INFO: Plan 1: ḡ=0, γE[v]=0.0, Q=0.0 (fn)
2026-09-23 15:18:37,795 INFO: Plan 0: ḡ=0, γE[v]=0.0, Q=0.0 (fn)
2026-09-23 15:18:37,796 INFO: Plan 2: ḡ=0, γE[v]=0.0, Q=0.0 (fn)
2026-09-23 15:18:37,797 INFO: Plan 0: ḡ=0.0, γE[v]=0.0, Q=0.0 (bayes)
2026-09-23 15:18:37,797 INFO: Plan 1: ḡ=0.0, γE[v]=0.0, Q=0.0 (bayes)
2026-09-23 15:18:37,797 INFO: Plan 2: ḡ=0.0, γE[v]=0.0, Q=0.0 (bayes)
2026-09-23 15:18:37,925 INFO: Plan 0: ḡ=274, γE[v]=0.0, Q=274.0 (fn)
2026-09-23 15:18:38,284 INFO: Plan 2: ḡ=264, γE[v]=5.0, Q=269.0 (fn)
2026-09-23 15:18:38,285 INFO: Plan 0: ḡ=35.5, γE[v]=0.0, Q=35.5 (bayes)
2026-09-23 15:18:38,285 INFO: Plan 1: ḡ=6.1, γE[v]=14.7, Q=20.8 (bayes)
2026-09-23 15:18:38,285 INFO: Plan 2: ḡ=33.9, γE[v]=1.2, Q=35.1 (bayes)
  [80/93] starlette.responses seed=42: {'cov_qvalue_tgt_fnt_bayes': 48}
2026-09-23 15:18:41,234 INFO: Plan 2: ḡ=1, γE[v]=0.5, Q=1.5 (fn)
2026-09-23 15:18:41,313 INFO: Plan 1: ḡ=4, γE[v]=0.0, Q=4.0 (fn)
2026-09-23 15:18:41,717 INFO: Plan 0: ḡ=6, γE[v]=1.0, Q=7.0 (fn)
2026-09-23 15:18:41,717 INFO: Plan 0: ḡ=1.2, γE[v]=0.3, Q=1.5 (bayes)
2026-09-23 15:18:41,717 INFO: Plan 1: ḡ=0.9, γE[v]=0.4, Q=1.3 (bayes)
2026-09-23 15:18:41,717 INFO: Plan 2: ḡ=0.2, γE[v]=0.8, Q=1.0 (bayes)
2026-09-23 15:18:42,478 INFO: Plan 2: ḡ=3, γE[v]=0.0, Q=3.0 (fn)
2026-09-23 15:18:42,528 INFO: Plan 1: ḡ=2, γE[v]=0.0, Q=2.0 (fn)
2026-09-23 15:18:42,727 INFO: Plan 0: ḡ=3, γE[v]=0.0, Q=3.0 (fn)
2026-09-23 15:18:42,728 INFO: Plan 0: ḡ=1.0, γE[v]=0.8, Q=1.8 (bayes)
2026-09-23 15:18:42,728 INFO: Plan 1: ḡ=0.8, γE[v]=0.8, Q=1.7 (bayes)
2026-09-23 15:18:42,728 INFO: Plan 2: ḡ=1.0, γE[v]=0.8, Q=1.8 (bayes)
  [81/93] werkzeug.wsgi seed=42: {'cov_qvalue_tgt_fnt_bayes': 59}
2026-09-23 15:18:43,930 INFO: Plan 2: ḡ=0, γE[v]=0.0, Q=0.0 (fn)
2026-09-23 15:18:43,931 INFO: Plan 1: ḡ=0, γE[v]=0.0, Q=0.0 (fn)
2026-09-23 15:18:43,932 INFO: Plan 0: ḡ=0, γE[v]=0.0, Q=0.0 (fn)
2026-09-23 15:18:43,938 INFO: Plan 0: ḡ=0.0, γE[v]=0.0, Q=0.0 (bayes)
2026-09-23 15:18:43,938 INFO: Plan 1: ḡ=0.0, γE[v]=0.0, Q=0.0 (bayes)
2026-09-23 15:18:43,938 INFO: Plan 2: ḡ=0.0, γE[v]=0.0, Q=0.0 (bayes)
  [82/93] starlette.requests seed=42: {'cov_qvalue_tgt_fnt_bayes': 71}
2026-09-23 15:18:44,705 INFO: Plan 1: ḡ=0, γE[v]=0.0, Q=0.0 (fn)
2026-09-23 15:18:44,730 INFO: Plan 1: ḡ=0, γE[v]=0.0, Q=0.0 (fn)
2026-09-23 15:18:44,731 INFO: Plan 0: ḡ=0, γE[v]=0.0, Q=0.0 (fn)
2026-09-23 15:18:44,754 INFO: Plan 2: ḡ=0, γE[v]=0.0, Q=0.0 (fn)
2026-09-23 15:18:44,754 INFO: Plan 0: ḡ=0.0, γE[v]=0.0, Q=0.0 (bayes)
2026-09-23 15:18:44,754 INFO: Plan 1: ḡ=0.0, γE[v]=0.0, Q=0.0 (bayes)
2026-09-23 15:18:44,754 INFO: Plan 2: ḡ=0.0, γE[v]=0.0, Q=0.0 (bayes)
2026-09-23 15:18:45,179 INFO: Plan 2: ḡ=0, γE[v]=0.0, Q=0.0 (fn)
  [83/93] werkzeug.wrappers.request seed=42: {'cov_qvalue_tgt_fnt_bayes': 65}
2026-09-23 15:18:45,852 INFO: Plan 0: ḡ=0, γE[v]=0.0, Q=0.0 (fn)
2026-09-23 15:18:45,853 INFO: Plan 0: ḡ=0.0, γE[v]=0.0, Q=0.0 (bayes)
2026-09-23 15:18:45,853 INFO: Plan 1: ḡ=0.0, γE[v]=0.0, Q=0.0 (bayes)
2026-09-23 15:18:45,853 INFO: Plan 2: ḡ=0.0, γE[v]=0.0, Q=0.0 (bayes)
2026-09-23 15:18:48,545 INFO: Plan 0: ḡ=0, γE[v]=0.0, Q=0.0 (fn)
2026-09-23 15:18:48,546 INFO: Plan 2: ḡ=0, γE[v]=0.0, Q=0.0 (fn)
2026-09-23 15:18:48,643 INFO: Plan 0: ḡ=6, γE[v]=0.0, Q=6.0 (fn)
2026-09-23 15:18:48,762 INFO: Plan 2: ḡ=19, γE[v]=0.0, Q=19.0 (fn)
2026-09-23 15:18:48,972 INFO: Plan 1: ḡ=0, γE[v]=0.0, Q=0.0 (fn)
2026-09-23 15:18:48,973 INFO: Plan 0: ḡ=0.0, γE[v]=0.0, Q=0.0 (bayes)
2026-09-23 15:18:48,973 INFO: Plan 1: ḡ=0.0, γE[v]=0.0, Q=0.0 (bayes)
2026-09-23 15:18:48,973 INFO: Plan 2: ḡ=0.0, γE[v]=0.0, Q=0.0 (bayes)
2026-09-23 15:18:49,044 INFO: Plan 1: ḡ=27, γE[v]=1.5, Q=28.5 (fn)
2026-09-23 15:18:49,044 INFO: Plan 0: ḡ=2.0, γE[v]=47.0, Q=49.0 (bayes)
2026-09-23 15:18:49,045 INFO: Plan 1: ḡ=11.5, γE[v]=42.3, Q=53.8 (bayes)
2026-09-23 15:18:49,045 INFO: Plan 2: ḡ=6.0, γE[v]=45.0, Q=51.0 (bayes)
2026-09-23 15:18:49,809 INFO: Plan 0: ḡ=0, γE[v]=0.0, Q=0.0 (fn)
2026-09-23 15:18:49,949 INFO: Plan 1: ḡ=0, γE[v]=0.0, Q=0.0 (fn)
2026-09-23 15:18:49,950 INFO: Plan 2: ḡ=0, γE[v]=0.0, Q=0.0 (fn)
2026-09-23 15:18:49,950 INFO: Plan 0: ḡ=0.0, γE[v]=0.0, Q=0.0 (bayes)
2026-09-23 15:18:49,950 INFO: Plan 1: ḡ=0.0, γE[v]=0.0, Q=0.0 (bayes)
2026-09-23 15:18:49,950 INFO: Plan 2: ḡ=0.0, γE[v]=0.0, Q=0.0 (bayes)
  [84/93] starlette.staticfiles seed=42: {'cov_qvalue_tgt_fnt_bayes': 29}
  [85/93] starlette.datastructures seed=42: {'cov_qvalue_tgt_fnt_bayes': 102}
2026-09-23 15:18:53,415 INFO: Plan 0: ḡ=13, γE[v]=19.5, Q=32.5 (fn)
2026-09-23 15:18:54,971 INFO: Plan 2: ḡ=164, γE[v]=0.0, Q=164.0 (fn)
2026-09-23 15:18:55,059 INFO: Plan 1: ḡ=163, γE[v]=0.5, Q=163.5 (fn)
2026-09-23 15:18:55,060 INFO: Plan 0: ḡ=2.1, γE[v]=12.7, Q=14.9 (bayes)
2026-09-23 15:18:55,060 INFO: Plan 1: ḡ=24.5, γE[v]=0.1, Q=24.6 (bayes)
2026-09-23 15:18:55,060 INFO: Plan 2: ḡ=24.6, γE[v]=0.0, Q=24.6 (bayes)
2026-09-23 15:18:55,897 INFO: Plan 2: ḡ=0, γE[v]=0.0, Q=0.0 (fn)
2026-09-23 15:18:56,025 INFO: Plan 1: ḡ=1, γE[v]=0.0, Q=1.0 (fn)
2026-09-23 15:18:56,026 INFO: Plan 0: ḡ=1, γE[v]=0.0, Q=1.0 (fn)
2026-09-23 15:18:56,026 INFO: Plan 0: ḡ=0.1, γE[v]=0.0, Q=0.1 (bayes)
2026-09-23 15:18:56,027 INFO: Plan 1: ḡ=0.1, γE[v]=0.0, Q=0.1 (bayes)
2026-09-23 15:18:56,027 INFO: Plan 2: ḡ=0.0, γE[v]=0.1, Q=0.1 (bayes)
  [86/93] starlette.testclient seed=42: {'cov_qvalue_tgt_fnt_bayes': 57}
2026-09-23 15:19:00,367 INFO: Plan 0: ḡ=11, γE[v]=0.0, Q=11.0 (fn)
2026-09-23 15:19:01,322 INFO: Plan 1: ḡ=29, γE[v]=0.0, Q=29.0 (fn)
2026-09-23 15:19:01,677 INFO: Plan 2: ḡ=20, γE[v]=11.5, Q=31.5 (fn)
2026-09-23 15:19:01,678 INFO: Plan 0: ḡ=2.8, γE[v]=5.0, Q=7.8 (bayes)
2026-09-23 15:19:01,678 INFO: Plan 1: ḡ=6.2, γE[v]=3.2, Q=9.5 (bayes)
2026-09-23 15:19:01,678 INFO: Plan 2: ḡ=4.9, γE[v]=4.7, Q=9.6 (bayes)
2026-09-23 15:19:03,098 INFO: Plan 2: ḡ=6, γE[v]=0.0, Q=6.0 (fn)
2026-09-23 15:19:03,603 INFO: Plan 1: ḡ=41, γE[v]=0.0, Q=41.0 (fn)
  [87/93] starlette.routing seed=42: {'cov_qvalue_tgt_fnt_bayes': 85}
2026-09-23 15:19:04,454 INFO: Plan 0: ḡ=274, γE[v]=0.0, Q=274.0 (fn)
2026-09-23 15:19:04,456 INFO: Plan 1: ḡ=123, γE[v]=72.5, Q=195.5 (fn)
2026-09-23 15:19:04,457 INFO: Plan 0: ḡ=31.4, γE[v]=0.0, Q=31.4 (bayes)
2026-09-23 15:19:04,457 INFO: Plan 1: ḡ=5.3, γE[v]=13.1, Q=18.4 (bayes)
2026-09-23 15:19:04,457 INFO: Plan 2: ḡ=0.8, γE[v]=15.3, Q=16.1 (bayes)
2026-09-23 15:19:04,643 INFO: Plan 0: ḡ=79, γE[v]=126.5, Q=205.5 (fn)
2026-09-23 15:19:04,951 INFO: Plan 2: ḡ=154, γE[v]=109.5, Q=263.5 (fn)
2026-09-23 15:19:04,952 INFO: Plan 0: ḡ=8.8, γE[v]=27.0, Q=35.8 (bayes)
2026-09-23 15:19:04,952 INFO: Plan 1: ḡ=13.8, γE[v]=20.3, Q=34.0 (bayes)
2026-09-23 15:19:04,952 INFO: Plan 2: ḡ=17.2, γE[v]=21.5, Q=38.6 (bayes)
  [88/93] werkzeug.serving seed=42: {'cov_qvalue_tgt_fnt_bayes': 51}
  [89/93] werkzeug.routing.map seed=42: {'cov_qvalue_tgt_fnt_bayes': 9}
2026-09-23 15:19:07,777 INFO: Plan 0: ḡ=0, γE[v]=0.0, Q=0.0 (fn)
2026-09-23 15:19:07,778 INFO: Plan 2: ḡ=0, γE[v]=0.0, Q=0.0 (fn)
2026-09-23 15:19:07,795 INFO: Plan 1: ḡ=0, γE[v]=0.0, Q=0.0 (fn)
2026-09-23 15:19:07,796 INFO: Plan 0: ḡ=0.0, γE[v]=0.0, Q=0.0 (bayes)
2026-09-23 15:19:07,796 INFO: Plan 1: ḡ=0.0, γE[v]=0.0, Q=0.0 (bayes)
2026-09-23 15:19:07,796 INFO: Plan 2: ḡ=0.0, γE[v]=0.0, Q=0.0 (bayes)
2026-09-23 15:19:08,869 INFO: Plan 1: ḡ=0, γE[v]=0.0, Q=0.0 (fn)
2026-09-23 15:19:09,238 INFO: Plan 0: ḡ=0, γE[v]=0.0, Q=0.0 (fn)
  [90/93] starlette.middleware.errors seed=42: {'cov_qvalue_tgt_fnt_bayes': 47}
2026-09-23 15:19:09,759 INFO: Plan 1: ḡ=0, γE[v]=0.0, Q=0.0 (fn)
2026-09-23 15:19:09,833 INFO: Plan 2: ḡ=0, γE[v]=0.0, Q=0.0 (fn)
2026-09-23 15:19:09,833 INFO: Plan 0: ḡ=0.0, γE[v]=0.0, Q=0.0 (bayes)
2026-09-23 15:19:09,833 INFO: Plan 1: ḡ=0.0, γE[v]=0.0, Q=0.0 (bayes)
2026-09-23 15:19:09,833 INFO: Plan 2: ḡ=0.0, γE[v]=0.0, Q=0.0 (bayes)
2026-09-23 15:19:09,888 INFO: Plan 2: ḡ=0, γE[v]=0.0, Q=0.0 (fn)
2026-09-23 15:19:09,976 INFO: Plan 0: ḡ=0, γE[v]=0.0, Q=0.0 (fn)
2026-09-23 15:19:09,977 INFO: Plan 0: ḡ=0.0, γE[v]=0.0, Q=0.0 (bayes)
2026-09-23 15:19:09,977 INFO: Plan 1: ḡ=0.0, γE[v]=0.0, Q=0.0 (bayes)
2026-09-23 15:19:09,977 INFO: Plan 2: ḡ=0.0, γE[v]=0.0, Q=0.0 (bayes)
  [91/93] starlette.middleware.base seed=42: {'cov_qvalue_tgt_fnt_bayes': 58}
  [92/93] starlette.templating seed=42: {'cov_qvalue_tgt_fnt_bayes': 26}
2026-09-23 15:19:17,976 INFO: Plan 0: ḡ=15, γE[v]=0.0, Q=15.0 (fn)
2026-09-23 15:19:19,550 INFO: Plan 1: ḡ=162, γE[v]=0.5, Q=162.5 (fn)
2026-09-23 15:19:19,683 INFO: Plan 2: ḡ=117, γE[v]=23.5, Q=140.5 (fn)
2026-09-23 15:19:19,683 INFO: Plan 0: ḡ=2.1, γE[v]=9.6, Q=11.8 (bayes)
2026-09-23 15:19:19,683 INFO: Plan 1: ḡ=21.2, γE[v]=0.2, Q=21.3 (bayes)
2026-09-23 15:19:19,683 INFO: Plan 2: ḡ=14.7, γE[v]=5.2, Q=19.9 (bayes)
2026-09-23 15:19:41,882 INFO: Plan 0: ḡ=15, γE[v]=0.0, Q=15.0 (fn)
2026-09-23 15:19:43,424 INFO: Plan 2: ḡ=164, γE[v]=0.0, Q=164.0 (fn)
2026-09-23 15:19:43,457 INFO: Plan 1: ḡ=163, γE[v]=0.5, Q=163.5 (fn)
2026-09-23 15:19:43,458 INFO: Plan 0: ḡ=1.9, γE[v]=8.5, Q=10.4 (bayes)
2026-09-23 15:19:43,458 INFO: Plan 1: ḡ=18.8, γE[v]=0.1, Q=18.9 (bayes)
2026-09-23 15:19:43,458 INFO: Plan 2: ḡ=18.9, γE[v]=0.0, Q=18.9 (bayes)
  [93/93] starlette.formparsers seed=42: {'cov_qvalue_tgt_fnt_bayes': 2}

======================================================================
RESULTS
======================================================================

Module                              seed  cov_qvalue_
-----------------------------------------------------
click.exceptions                      42           23
flask.helpers                         42           26
click.termui                          42           40
click.formatting                      42           53
rich.table                            42          188
rich.traceback                        42           78
flask.testing                         42           29
flask.app                             42           96
flask.ctx                             42           66
flask.sessions                        42           13
jinja2.utils                          42           88
jinja2.parser                         42          198
flask.json.provider                   42           50
rich.layout                           42           70
requests.adapters                     42           88
rich.markdown                         42           85
rich.color                            42           53
click.testing                         42           62
click.utils                           42           52
rich.text                             42          231
rich.pretty                           42          100
rich.syntax                           42           81
requests.auth                         42           72
click.decorators                      42           49
flask.templating                      42           55
click.types                           42           86
rich.style                            42          150
rich.console                          42          293
flask.json.tag                        42           24
requests.utils                        42          102
jinja2.filters                        42          192
requests.sessions                     42           58
jinja2.environment                    42          135
rich.segment                          42          132
requests.cookies                      42           76
flask.config                          42           25
requests.models                       42          127
rich.progress                         42          152
jinja2.lexer                          42           20
flask.cli                             42          158
click.core                            42          305
click.shell_completion                42           29
jinja2.loaders                        42           84
click.parser                          42           28
jinja2.compiler                       42          298
jinja2.runtime                        42          123
jinja2.ext                            42           28
jinja2.nodes                          42           32
httpx._main                           42           85
jinja2.sandbox                        42           99
werkzeug.exceptions                   42           36
httpx._config                         42           27
pydantic.config                       42            1
pydantic.fields                       42          141
pydantic.color                        42           94
httpx._api                            42           11
pydantic.type_adapter                 42           16
httpx._urlparse                       42           70
pydantic.networks                     42           35
werkzeug.local                        42           52
httpx._utils                          42           63
pydantic.main                         42          211
httpx._urls                           42           82
httpx._transports.default             42           27
werkzeug.utils                        42           67
pydantic.functional_validators        42           47
werkzeug.sansio.response              42           82
pydantic.functional_serializers       42           24
jinja2.bccache                        42           19
httpx._models                         42          264
pydantic.json_schema                  42          271
werkzeug.wrappers.response            42           86
pydantic.types                        42          137
werkzeug.datastructures.structures    42          135
werkzeug.routing.rules                42          123
werkzeug.http                         42          133
httpx._auth                           42           83
starlette.applications                42            9
httpx._client                         42          132
starlette.responses                   42           48
werkzeug.wsgi                         42           59
starlette.requests                    42           71
werkzeug.wrappers.request             42           65
starlette.staticfiles                 42           29
starlette.datastructures              42          102
starlette.testclient                  42           57
starlette.routing                     42           85
werkzeug.serving                      42           51
werkzeug.routing.map                  42            9
starlette.middleware.errors           42           47
starlette.middleware.base             42           58
starlette.templating                  42           26
starlette.formparsers                 42            2

======================================================================
STATISTICS
======================================================================

Per-strategy means (n=93):
  cov_qvalue_tgt_fnt_bayes branches=  85.7 ± 7.1  lines=236.5  pass_rate=58%

Per-repo means:

  click (10 runs):
    cov_qvalue_tgt_fnt_bayes mean=72.7

  flask (10 runs):
    cov_qvalue_tgt_fnt_bayes mean=54.2

  httpx (10 runs):
    cov_qvalue_tgt_fnt_bayes mean=84.4

  jinja2 (12 runs):
    cov_qvalue_tgt_fnt_bayes mean=109.7

  pydantic (10 runs):
    cov_qvalue_tgt_fnt_bayes mean=97.7

  requests (6 runs):
    cov_qvalue_tgt_fnt_bayes mean=87.2

  rich (12 runs):
    cov_qvalue_tgt_fnt_bayes mean=134.4

  starlette (11 runs):
    cov_qvalue_tgt_fnt_bayes mean=48.5

  werkzeug (12 runs):
    cov_qvalue_tgt_fnt_bayes mean=74.8

Cost: $0.0000 | Time: 1151s (19.2m)
Saved to /share/edc/home/aamayuelasfernandez/qcurious-tester/results/ablations/ablation_map_exemplars_gemma.json
