2026-09-23 14:29:31,899 INFO: RepoExploreBench: 93 targets across 9 repos
======================================================================
RepoExploreBench v2.0
  Targets: 93 files across 9 repos
  Strategies: ['random', 'cov_qvalue_tgt_fnt_bayes']
  Seeds: [42]
  Exec budget: 8 per run
  Map mode: full
  Total runs: 186
======================================================================
  Connectivity: OK

  Fetching source code...
    click.core: 114085 chars
    click.types: 36390 chars
    click.termui: 28323 chars
    click.utils: 20295 chars
    click.shell_completion: 18459 chars
    click.decorators: 18718 chars
    click.parser: 19066 chars
    click.testing: 16083 chars
    click.formatting: 9705 chars
    click.exceptions: 9272 chars
    requests.utils: 33447 chars
    requests.models: 35222 chars
    requests.sessions: 30372 chars
    requests.cookies: 18559 chars
    requests.adapters: 19552 chars
    requests.auth: 10186 chars
    flask.app: 59200 chars
    flask.cli: 33820 chars
    flask.helpers: 22991 chars
    flask.ctx: 14840 chars
    flask.sessions: 14168 chars
    flask.config: 12855 chars
    flask.json.tag: 8870 chars
    flask.testing: 10016 chars
    flask.templating: 7537 chars
    flask.json.provider: 7639 chars
    rich.console: 99096 chars
    rich.progress: 59691 chars
    rich.text: 47302 chars
    rich.table: 39643 chars
    rich.pretty: 35811 chars
    rich.syntax: 35364 chars
    rich.markdown: 26159 chars
    rich.style: 27072 chars
    rich.traceback: 29466 chars
    rich.segment: 24209 chars
    rich.color: 18220 chars
    rich.layout: 13939 chars
    jinja2.compiler: 72198 chars
    jinja2.filters: 53861 chars
    jinja2.environment: 61252 chars
    jinja2.nodes: 34549 chars
    jinja2.runtime: 33405 chars
    jinja2.parser: 39735 chars
    jinja2.ext: 31843 chars
    jinja2.lexer: 29725 chars
    jinja2.utils: 23932 chars
    jinja2.loaders: 23084 chars
    jinja2.sandbox: 14583 chars
    jinja2.bccache: 14060 chars
    httpx._client: 67489 chars
    httpx._models: 42302 chars
    httpx._urls: 21747 chars
    httpx._main: 15634 chars
    httpx._urlparse: 17719 chars
    httpx._api: 12927 chars
    httpx._utils: 13857 chars
    httpx._transports.default: 13289 chars
    httpx._config: 12203 chars
    httpx._auth: 11829 chars
    pydantic.types: 89470 chars
    pydantic.json_schema: 102806 chars
    pydantic.main: 65891 chars
    pydantic.fields: 45929 chars
    pydantic.config: 29138 chars
    pydantic.networks: 21214 chars
    pydantic.functional_validators: 23599 chars
    pydantic.color: 21492 chars
    pydantic.type_adapter: 18033 chars
    pydantic.functional_serializers: 14619 chars
    werkzeug.http: 43362 chars
    werkzeug.serving: 39331 chars
    werkzeug.datastructures.structures: 31760 chars
    werkzeug.routing.map: 36349 chars
    werkzeug.routing.rules: 31894 chars
    werkzeug.exceptions: 26061 chars
    werkzeug.wrappers.response: 32586 chars
    werkzeug.sansio.response: 27646 chars
    werkzeug.utils: 24653 chars
    werkzeug.wrappers.request: 24619 chars
    werkzeug.local: 22002 chars
    werkzeug.wsgi: 20893 chars
    starlette.routing: 35752 chars
    starlette.testclient: 29843 chars
    starlette.datastructures: 23348 chars
    starlette.responses: 12650 chars
    starlette.requests: 11196 chars
    starlette.formparsers: 10433 chars
    starlette.applications: 10922 chars
    starlette.middleware.errors: 7937 chars
    starlette.staticfiles: 8723 chars
    starlette.templating: 8984 chars
    starlette.middleware.base: 8794 chars
  Fetched 93/93 modules

Running 93 targets with 48 workers...
2026-09-23 14:36:50,132 INFO: Plan 0: ḡ=35, γE[v]=0.0, Q=35.0 (fn)
2026-09-23 14:36:50,533 INFO: Plan 2: ḡ=185, γE[v]=0.0, Q=185.0 (fn)
2026-09-23 14:36:52,855 INFO: Plan 0: ḡ=60, γE[v]=0.0, Q=60.0 (fn)
2026-09-23 14:36:55,039 INFO: Plan 2: ḡ=57, γE[v]=0.0, Q=57.0 (fn)
2026-09-23 14:36:56,163 INFO: Plan 0: ḡ=15, γE[v]=0.0, Q=15.0 (fn)
2026-09-23 14:36:56,198 INFO: Plan 2: ḡ=28, γE[v]=0.0, Q=28.0 (fn)
2026-09-23 14:36:57,422 INFO: Plan 0: ḡ=12, γE[v]=0.0, Q=12.0 (fn)
2026-09-23 14:36:58,027 INFO: Plan 1: ḡ=368, γE[v]=206.0, Q=574.0 (fn)
2026-09-23 14:36:58,028 INFO: Plan 0: ḡ=17.5, γE[v]=285.2, Q=302.8 (bayes)
2026-09-23 14:36:58,028 INFO: Plan 1: ḡ=184.0, γE[v]=211.3, Q=395.3 (bayes)
2026-09-23 14:36:58,028 INFO: Plan 2: ḡ=92.5, γE[v]=247.8, Q=340.2 (bayes)
2026-09-23 14:36:58,312 INFO: Plan 0: ḡ=38, γE[v]=50.0, Q=88.0 (fn)
2026-09-23 14:36:58,622 INFO: Plan 0: ḡ=32, γE[v]=0.0, Q=32.0 (fn)
2026-09-23 14:36:59,554 INFO: Plan 1: ḡ=7, γE[v]=0.0, Q=7.0 (fn)
2026-09-23 14:37:00,202 INFO: Plan 2: ḡ=55, γE[v]=0.0, Q=55.0 (fn)
2026-09-23 14:37:00,681 INFO: Plan 1: ḡ=26, γE[v]=11.0, Q=37.0 (fn)
2026-09-23 14:37:00,682 INFO: Plan 0: ḡ=30.0, γE[v]=53.2, Q=83.2 (bayes)
2026-09-23 14:37:00,682 INFO: Plan 1: ḡ=13.0, γE[v]=62.2, Q=75.2 (bayes)
2026-09-23 14:37:00,682 INFO: Plan 2: ḡ=28.5, γE[v]=54.0, Q=82.5 (bayes)
2026-09-23 14:37:01,038 INFO: Plan 0: ḡ=20, γE[v]=0.0, Q=20.0 (fn)
2026-09-23 14:37:01,597 INFO: Plan 2: ḡ=40, γE[v]=0.0, Q=40.0 (fn)
2026-09-23 14:37:01,839 INFO: Plan 0: ḡ=160, γE[v]=0.0, Q=160.0 (fn)
2026-09-23 14:37:02,224 INFO: Plan 2: ḡ=531, γE[v]=7.0, Q=538.0 (fn)
2026-09-23 14:37:02,505 INFO: Plan 2: ḡ=91, γE[v]=0.0, Q=91.0 (fn)
2026-09-23 14:37:02,839 INFO: Plan 1: ḡ=61, γE[v]=0.0, Q=61.0 (fn)
2026-09-23 14:37:02,840 INFO: Plan 0: ḡ=10.0, γE[v]=119.0, Q=129.0 (bayes)
2026-09-23 14:37:02,840 INFO: Plan 1: ḡ=30.5, γE[v]=108.8, Q=139.2 (bayes)
2026-09-23 14:37:02,840 INFO: Plan 2: ḡ=20.0, γE[v]=114.0, Q=134.0 (bayes)
2026-09-23 14:37:03,220 INFO: Plan 0: ḡ=534, γE[v]=6.0, Q=540.0 (fn)
2026-09-23 14:37:03,491 INFO: Plan 1: ḡ=90, γE[v]=0.0, Q=90.0 (fn)
2026-09-23 14:37:03,492 INFO: Plan 0: ḡ=80.0, γE[v]=107.2, Q=187.2 (bayes)
2026-09-23 14:37:03,492 INFO: Plan 1: ḡ=45.0, γE[v]=124.8, Q=169.8 (bayes)
2026-09-23 14:37:03,492 INFO: Plan 2: ḡ=45.5, γE[v]=124.5, Q=170.0 (bayes)
2026-09-23 14:37:03,606 INFO: Plan 1: ḡ=243, γE[v]=150.0, Q=393.0 (fn)
2026-09-23 14:37:03,606 INFO: Plan 0: ḡ=267.0, γE[v]=3.3, Q=270.3 (bayes)
2026-09-23 14:37:03,606 INFO: Plan 1: ḡ=121.5, γE[v]=82.5, Q=204.0 (bayes)
2026-09-23 14:37:03,607 INFO: Plan 2: ḡ=265.5, γE[v]=4.1, Q=269.6 (bayes)
2026-09-23 14:37:04,559 INFO: Plan 2: ḡ=250, γE[v]=0.0, Q=250.0 (fn)
2026-09-23 14:37:05,277 INFO: Plan 1: ḡ=91, γE[v]=14.0, Q=105.0 (fn)
2026-09-23 14:37:05,277 INFO: Plan 0: ḡ=7.5, γE[v]=26.0, Q=33.5 (bayes)
2026-09-23 14:37:05,277 INFO: Plan 1: ḡ=45.5, γE[v]=7.6, Q=53.1 (bayes)
2026-09-23 14:37:05,277 INFO: Plan 2: ḡ=14.0, γE[v]=22.8, Q=36.8 (bayes)
2026-09-23 14:37:06,276 INFO: Plan 1: ḡ=52, γE[v]=21.0, Q=73.0 (fn)
2026-09-23 14:37:06,277 INFO: Plan 1: ḡ=431, γE[v]=5.5, Q=436.5 (fn)
2026-09-23 14:37:06,278 INFO: Plan 0: ḡ=16.0, γE[v]=46.5, Q=62.5 (bayes)
2026-09-23 14:37:06,278 INFO: Plan 1: ḡ=26.0, γE[v]=42.4, Q=68.4 (bayes)
2026-09-23 14:37:06,278 INFO: Plan 2: ḡ=27.5, γE[v]=40.8, Q=68.2 (bayes)
2026-09-23 14:37:06,719 INFO: Plan 0: ḡ=5, γE[v]=0.0, Q=5.0 (fn)
2026-09-23 14:37:07,506 INFO: Plan 1: ḡ=202, γE[v]=0.0, Q=202.0 (fn)
2026-09-23 14:37:07,685 INFO: Plan 0: ḡ=42, γE[v]=1.0, Q=43.0 (fn)
2026-09-23 14:37:08,060 INFO: Plan 2: ḡ=333, γE[v]=53.5, Q=386.5 (fn)
2026-09-23 14:37:08,060 INFO: Plan 0: ḡ=19.0, γE[v]=103.2, Q=122.2 (bayes)
2026-09-23 14:37:08,061 INFO: Plan 1: ḡ=215.5, γE[v]=3.0, Q=218.5 (bayes)
2026-09-23 14:37:08,061 INFO: Plan 2: ḡ=166.5, γE[v]=29.7, Q=196.2 (bayes)
2026-09-23 14:37:09,050 INFO: Plan 0: ḡ=9, γE[v]=0.0, Q=9.0 (fn)
2026-09-23 14:37:09,698 INFO: Plan 0: ḡ=58, γE[v]=134.5, Q=192.5 (fn)
2026-09-23 14:37:09,735 INFO: Plan 1: ḡ=20, γE[v]=0.0, Q=20.0 (fn)
2026-09-23 14:37:10,062 INFO: Plan 2: ḡ=91, γE[v]=3.5, Q=94.5 (fn)
2026-09-23 14:37:10,063 INFO: Plan 0: ḡ=6.0, γE[v]=22.0, Q=28.0 (bayes)
2026-09-23 14:37:10,063 INFO: Plan 1: ḡ=3.5, γE[v]=23.2, Q=26.8 (bayes)
2026-09-23 14:37:10,063 INFO: Plan 2: ḡ=45.5, γE[v]=2.4, Q=47.9 (bayes)
2026-09-23 14:37:10,390 INFO: Plan 2: ḡ=72, γE[v]=52.0, Q=124.0 (fn)
2026-09-23 14:37:11,524 INFO: Plan 0: ḡ=270, γE[v]=53.5, Q=323.5 (fn)
2026-09-23 14:37:13,659 INFO: Plan 1: ḡ=119, γE[v]=34.0, Q=153.0 (fn)
2026-09-23 14:37:13,659 INFO: Plan 0: ḡ=21.0, γE[v]=45.0, Q=66.0 (bayes)
2026-09-23 14:37:13,659 INFO: Plan 1: ḡ=59.5, γE[v]=27.3, Q=86.8 (bayes)
2026-09-23 14:37:13,659 INFO: Plan 2: ḡ=36.0, γE[v]=39.8, Q=75.8 (bayes)
2026-09-23 14:37:13,998 INFO: Plan 0: ḡ=19, γE[v]=136.5, Q=155.5 (fn)
2026-09-23 14:37:14,835 INFO: Plan 1: ḡ=333, γE[v]=187.5, Q=520.5 (fn)
2026-09-23 14:37:14,836 INFO: Plan 0: ḡ=135.0, γE[v]=323.7, Q=458.7 (bayes)
2026-09-23 14:37:14,836 INFO: Plan 1: ḡ=166.5, γE[v]=313.9, Q=480.4 (bayes)
2026-09-23 14:37:14,836 INFO: Plan 2: ḡ=125.0, γE[v]=326.2, Q=451.2 (bayes)
2026-09-23 14:37:14,995 INFO: Plan 2: ḡ=248, γE[v]=7.0, Q=255.0 (fn)
2026-09-23 14:37:15,241 INFO: Plan 2: ḡ=294, γE[v]=71.5, Q=365.5 (fn)
2026-09-23 14:37:15,242 INFO: Plan 0: ḡ=29.0, γE[v]=128.1, Q=157.1 (bayes)
2026-09-23 14:37:15,242 INFO: Plan 1: ḡ=101.0, γE[v]=86.0, Q=187.0 (bayes)
2026-09-23 14:37:15,242 INFO: Plan 2: ḡ=147.0, γE[v]=66.2, Q=213.2 (bayes)
2026-09-23 14:37:15,463 INFO: Plan 0: ḡ=18, γE[v]=0.0, Q=18.0 (fn)
2026-09-23 14:37:16,279 INFO: Plan 1: ḡ=143, γE[v]=59.5, Q=202.5 (fn)
2026-09-23 14:37:16,589 INFO: Plan 0: ḡ=27, γE[v]=117.5, Q=144.5 (fn)
2026-09-23 14:37:16,589 INFO: Plan 0: ḡ=13.5, γE[v]=64.0, Q=77.5 (bayes)
2026-09-23 14:37:16,589 INFO: Plan 1: ḡ=71.5, γE[v]=32.4, Q=103.9 (bayes)
2026-09-23 14:37:16,589 INFO: Plan 2: ḡ=124.0, γE[v]=3.8, Q=127.8 (bayes)
2026-09-23 14:37:17,044 INFO: Plan 1: ḡ=48, γE[v]=0.0, Q=48.0 (fn)
2026-09-23 14:37:17,329 INFO: Plan 0: ḡ=5, γE[v]=0.0, Q=5.0 (fn)
2026-09-23 14:37:17,366 INFO: Plan 1: ḡ=14, γE[v]=0.0, Q=14.0 (fn)
2026-09-23 14:37:17,491 INFO: Plan 0: ḡ=97, γE[v]=16.0, Q=113.0 (fn)
2026-09-23 14:37:17,532 INFO: Plan 0: ḡ=18, γE[v]=0.0, Q=18.0 (fn)
2026-09-23 14:37:18,003 INFO: Plan 0: ḡ=55, γE[v]=0.0, Q=55.0 (fn)
2026-09-23 14:37:18,420 INFO: Plan 2: ḡ=116, γE[v]=136.0, Q=252.0 (fn)
2026-09-23 14:37:18,727 INFO: Plan 1: ḡ=95, γE[v]=165.5, Q=260.5 (fn)
2026-09-23 14:37:18,728 INFO: Plan 0: ḡ=4.5, γE[v]=120.8, Q=125.2 (bayes)
2026-09-23 14:37:18,728 INFO: Plan 1: ḡ=47.5, γE[v]=106.7, Q=154.2 (bayes)
2026-09-23 14:37:18,728 INFO: Plan 2: ḡ=58.0, γE[v]=100.1, Q=158.1 (bayes)
2026-09-23 14:37:19,092 INFO: Plan 1: ḡ=417, γE[v]=64.5, Q=481.5 (fn)
2026-09-23 14:37:19,888 INFO: Plan 1: ḡ=33, γE[v]=0.0, Q=33.0 (fn)
2026-09-23 14:37:20,133 INFO: Plan 2: ḡ=31, γE[v]=1.0, Q=32.0 (fn)
2026-09-23 14:37:20,133 INFO: Plan 0: ḡ=2.5, γE[v]=10.2, Q=12.8 (bayes)
2026-09-23 14:37:20,133 INFO: Plan 1: ḡ=7.0, γE[v]=8.0, Q=15.0 (bayes)
2026-09-23 14:37:20,133 INFO: Plan 2: ḡ=15.5, γE[v]=3.8, Q=19.3 (bayes)
2026-09-23 14:37:20,507 INFO: Plan 0: ḡ=23, γE[v]=5.0, Q=28.0 (fn)
2026-09-23 14:37:20,666 INFO: Plan 2: ḡ=391, γE[v]=78.0, Q=469.0 (fn)
2026-09-23 14:37:20,667 INFO: Plan 0: ḡ=9.5, γE[v]=140.4, Q=149.9 (bayes)
2026-09-23 14:37:20,667 INFO: Plan 1: ḡ=208.5, γE[v]=37.7, Q=246.2 (bayes)
2026-09-23 14:37:20,667 INFO: Plan 2: ḡ=195.5, γE[v]=44.8, Q=240.3 (bayes)
2026-09-23 14:37:21,027 INFO: Plan 2: ḡ=31, γE[v]=14.0, Q=45.0 (fn)
2026-09-23 14:37:21,028 INFO: Plan 0: ḡ=2.5, γE[v]=15.5, Q=18.0 (bayes)
2026-09-23 14:37:21,028 INFO: Plan 1: ḡ=10.0, γE[v]=11.8, Q=21.8 (bayes)
2026-09-23 14:37:21,028 INFO: Plan 2: ḡ=15.5, γE[v]=9.6, Q=25.1 (bayes)
2026-09-23 14:37:21,621 INFO: Plan 1: ḡ=51, γE[v]=16.5, Q=67.5 (fn)
2026-09-23 14:37:22,025 INFO: Plan 0: ḡ=27, γE[v]=45.5, Q=72.5 (fn)
2026-09-23 14:37:22,543 INFO: Plan 2: ḡ=54, γE[v]=16.0, Q=70.0 (fn)
2026-09-23 14:37:22,543 INFO: Plan 0: ḡ=11.5, γE[v]=56.5, Q=68.0 (bayes)
2026-09-23 14:37:22,543 INFO: Plan 1: ḡ=25.5, γE[v]=50.0, Q=75.5 (bayes)
2026-09-23 14:37:22,543 INFO: Plan 2: ḡ=27.0, γE[v]=49.2, Q=76.2 (bayes)
2026-09-23 14:37:22,983 INFO: Plan 2: ḡ=36, γE[v]=0.0, Q=36.0 (fn)
2026-09-23 14:37:23,446 INFO: Plan 1: ḡ=75, γE[v]=0.0, Q=75.0 (fn)
2026-09-23 14:37:23,487 INFO: Plan 0: ḡ=69, γE[v]=0.0, Q=69.0 (fn)
2026-09-23 14:37:23,487 INFO: Plan 0: ḡ=34.5, γE[v]=39.8, Q=74.2 (bayes)
2026-09-23 14:37:23,487 INFO: Plan 1: ḡ=37.5, γE[v]=38.2, Q=75.8 (bayes)
2026-09-23 14:37:23,487 INFO: Plan 2: ḡ=18.0, γE[v]=48.0, Q=66.0 (bayes)
2026-09-23 14:37:23,768 INFO: Plan 0: ḡ=125, γE[v]=20.0, Q=145.0 (fn)
2026-09-23 14:37:24,076 INFO: Plan 2: ḡ=49, γE[v]=31.0, Q=80.0 (fn)
2026-09-23 14:37:24,118 INFO: Plan 0: ḡ=15, γE[v]=0.0, Q=15.0 (fn)
2026-09-23 14:37:24,389 INFO: Plan 2: ḡ=264, γE[v]=0.0, Q=264.0 (fn)
2026-09-23 14:37:24,555 INFO: Plan 2: ḡ=85, γE[v]=12.5, Q=97.5 (fn)
2026-09-23 14:37:24,812 INFO: Plan 1: ḡ=159, γE[v]=4.5, Q=163.5 (fn)
2026-09-23 14:37:24,812 INFO: Plan 0: ḡ=27.5, γE[v]=28.2, Q=55.8 (bayes)
2026-09-23 14:37:24,812 INFO: Plan 1: ḡ=79.5, γE[v]=2.5, Q=82.0 (bayes)
2026-09-23 14:37:24,812 INFO: Plan 2: ḡ=24.5, γE[v]=31.1, Q=55.6 (bayes)
2026-09-23 14:37:24,854 INFO: Plan 1: ḡ=118, γE[v]=44.0, Q=162.0 (fn)
2026-09-23 14:37:25,726 INFO: Plan 1: ḡ=77, γE[v]=86.0, Q=163.0 (fn)
2026-09-23 14:37:25,957 INFO: Plan 2: ḡ=111, γE[v]=54.5, Q=165.5 (fn)
2026-09-23 14:37:25,957 INFO: Plan 0: ḡ=62.5, γE[v]=122.2, Q=184.7 (bayes)
2026-09-23 14:37:25,957 INFO: Plan 1: ḡ=59.0, γE[v]=125.0, Q=184.0 (bayes)
2026-09-23 14:37:25,957 INFO: Plan 2: ḡ=55.5, γE[v]=127.2, Q=182.7 (bayes)
2026-09-23 14:37:27,919 INFO: Plan 2: ḡ=202, γE[v]=60.5, Q=262.5 (fn)
2026-09-23 14:37:27,921 INFO: Plan 2: ḡ=221, γE[v]=18.5, Q=239.5 (fn)
2026-09-23 14:37:27,921 INFO: Plan 0: ḡ=48.5, γE[v]=57.2, Q=105.7 (bayes)
2026-09-23 14:37:27,922 INFO: Plan 0: ḡ=9.0, γE[v]=60.2, Q=69.2 (bayes)
2026-09-23 14:37:27,922 INFO: Plan 1: ḡ=38.5, γE[v]=65.4, Q=103.9 (bayes)
2026-09-23 14:37:27,922 INFO: Plan 1: ḡ=24.0, γE[v]=52.8, Q=76.8 (bayes)
2026-09-23 14:37:27,922 INFO: Plan 2: ḡ=101.0, γE[v]=33.0, Q=134.0 (bayes)
2026-09-23 14:37:27,922 INFO: Plan 2: ḡ=110.5, γE[v]=10.3, Q=120.8 (bayes)
2026-09-23 14:37:28,594 INFO: Plan 0: ḡ=12, γE[v]=0.0, Q=12.0 (fn)
2026-09-23 14:37:29,382 INFO: Plan 2: ḡ=225, γE[v]=0.0, Q=225.0 (fn)
2026-09-23 14:37:29,383 INFO: Plan 0: ḡ=9.0, γE[v]=79.2, Q=88.2 (bayes)
2026-09-23 14:37:29,383 INFO: Plan 1: ḡ=16.5, γE[v]=75.5, Q=92.0 (bayes)
2026-09-23 14:37:29,383 INFO: Plan 2: ḡ=112.5, γE[v]=27.5, Q=140.0 (bayes)
2026-09-23 14:37:30,435 INFO: Plan 0: ḡ=11, γE[v]=0.0, Q=11.0 (fn)
2026-09-23 14:37:31,708 INFO: Plan 2: ḡ=110, γE[v]=0.0, Q=110.0 (fn)
2026-09-23 14:37:32,196 INFO: Plan 1: ḡ=493, γE[v]=0.0, Q=493.0 (fn)
2026-09-23 14:37:32,197 INFO: Plan 0: ḡ=13.5, γE[v]=185.8, Q=199.3 (bayes)
2026-09-23 14:37:32,197 INFO: Plan 1: ḡ=246.5, γE[v]=67.2, Q=313.8 (bayes)
2026-09-23 14:37:32,197 INFO: Plan 2: ḡ=132.0, γE[v]=124.5, Q=256.5 (bayes)
2026-09-23 14:37:32,464 INFO: Plan 1: ḡ=146, γE[v]=0.0, Q=146.0 (fn)
2026-09-23 14:37:33,295 INFO: Plan 1: ḡ=53, γE[v]=63.5, Q=116.5 (fn)
2026-09-23 14:37:33,982 INFO: Plan 0: ḡ=47, γE[v]=0.0, Q=47.0 (fn)
2026-09-23 14:37:34,361 INFO: Plan 0: ḡ=76, γE[v]=71.0, Q=147.0 (fn)
2026-09-23 14:37:34,362 INFO: Plan 1: ḡ=28, γE[v]=0.0, Q=28.0 (fn)
2026-09-23 14:37:34,362 INFO: Plan 0: ḡ=38.0, γE[v]=40.4, Q=78.4 (bayes)
2026-09-23 14:37:34,363 INFO: Plan 1: ḡ=26.5, γE[v]=45.9, Q=72.4 (bayes)
2026-09-23 14:37:34,363 INFO: Plan 2: ḡ=55.0, γE[v]=28.8, Q=83.8 (bayes)
2026-09-23 14:37:34,691 INFO: Plan 1: ḡ=128, γE[v]=16.0, Q=144.0 (fn)
2026-09-23 14:37:34,692 INFO: Plan 0: ḡ=7.5, γE[v]=36.5, Q=44.0 (bayes)
2026-09-23 14:37:34,692 INFO: Plan 1: ḡ=64.0, γE[v]=9.0, Q=73.0 (bayes)
2026-09-23 14:37:34,692 INFO: Plan 2: ḡ=42.5, γE[v]=19.6, Q=62.1 (bayes)
2026-09-23 14:37:34,892 INFO: Plan 2: ḡ=71, γE[v]=0.0, Q=71.0 (fn)
2026-09-23 14:37:34,892 INFO: Plan 0: ḡ=23.5, γE[v]=29.5, Q=53.0 (bayes)
2026-09-23 14:37:34,892 INFO: Plan 1: ḡ=14.0, γE[v]=34.2, Q=48.2 (bayes)
2026-09-23 14:37:34,892 INFO: Plan 2: ḡ=35.5, γE[v]=23.5, Q=59.0 (bayes)
2026-09-23 14:37:35,345 INFO: Plan 0: ḡ=457, γE[v]=0.0, Q=457.0 (fn)
2026-09-23 14:37:35,458 INFO: Plan 1: ḡ=373, γE[v]=42.0, Q=415.0 (fn)
2026-09-23 14:37:35,459 INFO: Plan 2: ḡ=457, γE[v]=0.0, Q=457.0 (fn)
2026-09-23 14:37:35,459 INFO: Plan 0: ḡ=228.5, γE[v]=0.0, Q=228.5 (bayes)
2026-09-23 14:37:35,459 INFO: Plan 1: ḡ=186.5, γE[v]=22.9, Q=209.4 (bayes)
2026-09-23 14:37:35,459 INFO: Plan 2: ḡ=228.5, γE[v]=0.0, Q=228.5 (bayes)
2026-09-23 14:37:36,110 INFO: Plan 2: ḡ=44, γE[v]=33.5, Q=77.5 (fn)
2026-09-23 14:37:36,299 INFO: Plan 1: ḡ=69, γE[v]=21.0, Q=90.0 (fn)
2026-09-23 14:37:36,300 INFO: Plan 0: ḡ=5.5, γE[v]=25.0, Q=30.5 (bayes)
2026-09-23 14:37:36,300 INFO: Plan 1: ḡ=34.5, γE[v]=11.4, Q=46.0 (bayes)
2026-09-23 14:37:36,300 INFO: Plan 2: ḡ=22.0, γE[v]=18.3, Q=40.3 (bayes)
2026-09-23 14:37:37,511 INFO: Plan 2: ḡ=117, γE[v]=39.5, Q=156.5 (fn)
2026-09-23 14:37:38,625 INFO: Plan 0: ḡ=78, γE[v]=7.5, Q=85.5 (fn)
2026-09-23 14:37:38,962 INFO: Plan 2: ḡ=69, γE[v]=0.0, Q=69.0 (fn)
2026-09-23 14:37:39,688 INFO: Plan 1: ḡ=48, γE[v]=12.0, Q=60.0 (fn)
2026-09-23 14:37:40,044 INFO: Plan 2: ḡ=43, γE[v]=22.0, Q=65.0 (fn)
2026-09-23 14:37:40,044 INFO: Plan 0: ḡ=6.0, γE[v]=76.0, Q=82.0 (bayes)
2026-09-23 14:37:40,044 INFO: Plan 1: ḡ=24.0, γE[v]=67.5, Q=91.5 (bayes)
2026-09-23 14:37:40,045 INFO: Plan 2: ḡ=21.5, γE[v]=69.2, Q=90.7 (bayes)
2026-09-23 14:37:40,947 INFO: Plan 0: ḡ=167, γE[v]=77.0, Q=244.0 (fn)
2026-09-23 14:37:40,948 INFO: Plan 0: ḡ=83.5, γE[v]=115.7, Q=199.2 (bayes)
2026-09-23 14:37:40,948 INFO: Plan 1: ḡ=73.0, γE[v]=117.5, Q=190.5 (bayes)
2026-09-23 14:37:40,948 INFO: Plan 2: ḡ=58.5, γE[v]=126.5, Q=185.0 (bayes)
2026-09-23 14:37:41,947 INFO: Plan 1: ḡ=24, γE[v]=12.5, Q=36.5 (fn)
2026-09-23 14:37:41,947 INFO: Plan 0: ḡ=39.0, γE[v]=58.6, Q=97.6 (bayes)
2026-09-23 14:37:41,947 INFO: Plan 1: ḡ=12.0, γE[v]=72.3, Q=84.3 (bayes)
2026-09-23 14:37:41,948 INFO: Plan 2: ḡ=34.5, γE[v]=60.5, Q=95.0 (bayes)
2026-09-23 14:37:43,738 INFO: Plan 2: ḡ=112, γE[v]=0.0, Q=112.0 (fn)
2026-09-23 14:37:45,099 INFO: Plan 1: ḡ=122, γE[v]=10.5, Q=132.5 (fn)
2026-09-23 14:37:45,449 INFO: Plan 0: ḡ=133, γE[v]=34.5, Q=167.5 (fn)
2026-09-23 14:37:45,450 INFO: Plan 0: ḡ=66.5, γE[v]=124.6, Q=191.1 (bayes)
2026-09-23 14:37:45,450 INFO: Plan 1: ḡ=61.0, γE[v]=126.2, Q=187.2 (bayes)
2026-09-23 14:37:45,450 INFO: Plan 2: ḡ=56.0, γE[v]=128.2, Q=184.2 (bayes)
2026-09-23 14:37:46,227 INFO: Plan 0: ḡ=85, γE[v]=0.0, Q=85.0 (fn)
2026-09-23 14:37:51,737 INFO: Plan 2: ḡ=219, γE[v]=88.5, Q=307.5 (fn)
2026-09-23 14:37:52,554 INFO: Plan 1: ḡ=204, γE[v]=101.0, Q=305.0 (fn)
2026-09-23 14:37:52,554 INFO: Plan 0: ḡ=42.5, γE[v]=95.8, Q=138.2 (bayes)
2026-09-23 14:37:52,554 INFO: Plan 1: ḡ=102.0, γE[v]=70.5, Q=172.6 (bayes)
2026-09-23 14:37:52,555 INFO: Plan 2: ḡ=109.5, γE[v]=66.2, Q=175.7 (bayes)
2026-09-23 14:37:53,998 INFO: Plan 1: ḡ=93, γE[v]=0.0, Q=93.0 (fn)
2026-09-23 14:37:56,949 INFO: Plan 2: ḡ=23, γE[v]=54.5, Q=77.5 (fn)
2026-09-23 14:37:57,925 INFO: Plan 0: ḡ=44, γE[v]=47.0, Q=91.0 (fn)
2026-09-23 14:37:57,926 INFO: Plan 0: ḡ=22.0, γE[v]=25.6, Q=47.6 (bayes)
2026-09-23 14:37:57,926 INFO: Plan 1: ḡ=46.5, γE[v]=11.2, Q=57.8 (bayes)
2026-09-23 14:37:57,926 INFO: Plan 2: ḡ=11.5, γE[v]=31.2, Q=42.7 (bayes)
2026-09-23 14:37:58,788 INFO: Plan 0: ḡ=17, γE[v]=0.0, Q=17.0 (fn)
2026-09-23 14:38:00,181 INFO: Plan 1: ḡ=92, γE[v]=0.0, Q=92.0 (fn)
2026-09-23 14:38:00,751 INFO: Plan 2: ḡ=155, γE[v]=0.0, Q=155.0 (fn)
2026-09-23 14:38:00,751 INFO: Plan 0: ḡ=8.5, γE[v]=166.8, Q=175.2 (bayes)
2026-09-23 14:38:00,752 INFO: Plan 1: ḡ=46.0, γE[v]=148.0, Q=194.0 (bayes)
2026-09-23 14:38:00,752 INFO: Plan 2: ḡ=77.5, γE[v]=132.2, Q=209.8 (bayes)
2026-09-23 14:38:03,611 INFO: Plan 2: ḡ=179, γE[v]=0.0, Q=179.0 (fn)
2026-09-23 14:38:07,666 INFO: Plan 0: ḡ=128, γE[v]=113.5, Q=241.5 (fn)
2026-09-23 14:38:08,162 INFO: Plan 1: ḡ=76, γE[v]=66.5, Q=142.5 (fn)
2026-09-23 14:38:08,163 INFO: Plan 0: ḡ=64.0, γE[v]=73.9, Q=137.9 (bayes)
2026-09-23 14:38:08,163 INFO: Plan 1: ḡ=38.0, γE[v]=84.7, Q=122.7 (bayes)
2026-09-23 14:38:08,163 INFO: Plan 2: ḡ=89.5, γE[v]=56.0, Q=145.5 (bayes)
2026-09-23 14:38:12,216 INFO: Plan 2: ḡ=57, γE[v]=22.0, Q=79.0 (fn)
2026-09-23 14:38:13,108 INFO: Plan 0: ḡ=51, γE[v]=25.5, Q=76.5 (fn)
2026-09-23 14:38:14,324 INFO: Plan 1: ḡ=46, γE[v]=28.0, Q=74.0 (fn)
2026-09-23 14:38:14,325 INFO: Plan 0: ḡ=25.5, γE[v]=13.9, Q=39.4 (bayes)
2026-09-23 14:38:14,325 INFO: Plan 1: ḡ=23.0, γE[v]=15.3, Q=38.3 (bayes)
2026-09-23 14:38:14,325 INFO: Plan 2: ḡ=28.5, γE[v]=12.2, Q=40.7 (bayes)
2026-09-23 14:38:19,594 INFO: Plan 1: ḡ=22, γE[v]=1.5, Q=23.5 (fn)
2026-09-23 14:38:22,210 INFO: Plan 0: ḡ=30, γE[v]=40.0, Q=70.0 (fn)
2026-09-23 14:38:23,271 INFO: Plan 2: ḡ=101, γE[v]=16.0, Q=117.0 (fn)
2026-09-23 14:38:23,272 INFO: Plan 0: ḡ=15.0, γE[v]=103.6, Q=118.5 (bayes)
2026-09-23 14:38:23,272 INFO: Plan 1: ḡ=11.0, γE[v]=103.8, Q=114.8 (bayes)
2026-09-23 14:38:23,272 INFO: Plan 2: ḡ=50.5, γE[v]=84.7, Q=135.2 (bayes)
2026-09-23 14:38:24,242 INFO: Plan 0: ḡ=26, γE[v]=12.0, Q=38.0 (fn)
2026-09-23 14:38:24,743 INFO: Plan 1: ḡ=103, γE[v]=0.0, Q=103.0 (fn)
2026-09-23 14:38:25,126 INFO: Plan 2: ḡ=37, γE[v]=0.0, Q=37.0 (fn)
2026-09-23 14:38:25,127 INFO: Plan 0: ḡ=13.0, γE[v]=138.8, Q=151.8 (bayes)
2026-09-23 14:38:25,127 INFO: Plan 1: ḡ=51.5, γE[v]=119.0, Q=170.5 (bayes)
2026-09-23 14:38:25,127 INFO: Plan 2: ḡ=18.5, γE[v]=135.5, Q=154.0 (bayes)
2026-09-23 14:38:29,530 INFO: Plan 0: ḡ=27, γE[v]=0.0, Q=27.0 (fn)
2026-09-23 14:38:34,079 INFO: Plan 1: ḡ=31, γE[v]=50.5, Q=81.5 (fn)
2026-09-23 14:38:37,823 INFO: Plan 2: ḡ=133, γE[v]=27.0, Q=160.0 (fn)
2026-09-23 14:38:37,825 INFO: Plan 0: ḡ=13.5, γE[v]=40.8, Q=54.2 (bayes)
2026-09-23 14:38:37,827 INFO: Plan 1: ḡ=15.5, γE[v]=42.0, Q=57.5 (bayes)
2026-09-23 14:38:37,828 INFO: Plan 2: ḡ=66.5, γE[v]=15.5, Q=82.0 (bayes)
2026-09-23 14:38:37,863 INFO: Plan 0: ḡ=18, γE[v]=0.0, Q=18.0 (fn)
2026-09-23 14:38:38,890 INFO: Plan 2: ḡ=22, γE[v]=0.0, Q=22.0 (fn)
2026-09-23 14:38:38,929 INFO: Plan 0: ḡ=26, γE[v]=0.0, Q=26.0 (fn)
2026-09-23 14:38:39,736 INFO: Plan 1: ḡ=36, γE[v]=0.0, Q=36.0 (fn)
2026-09-23 14:38:39,736 INFO: Plan 0: ḡ=13.0, γE[v]=69.5, Q=82.5 (bayes)
2026-09-23 14:38:39,736 INFO: Plan 1: ḡ=18.0, γE[v]=67.0, Q=85.0 (bayes)
2026-09-23 14:38:39,736 INFO: Plan 2: ḡ=11.0, γE[v]=70.5, Q=81.5 (bayes)
2026-09-23 14:38:42,089 INFO: Plan 1: ḡ=27, γE[v]=68.5, Q=95.5 (fn)
2026-09-23 14:38:43,817 INFO: Plan 0: ḡ=23, γE[v]=0.0, Q=23.0 (fn)
2026-09-23 14:38:44,648 INFO: Plan 2: ḡ=155, γE[v]=14.0, Q=169.0 (fn)
2026-09-23 14:38:44,649 INFO: Plan 0: ḡ=9.0, γE[v]=41.2, Q=50.2 (bayes)
2026-09-23 14:38:44,649 INFO: Plan 1: ḡ=13.5, γE[v]=42.1, Q=55.6 (bayes)
2026-09-23 14:38:44,649 INFO: Plan 2: ḡ=77.5, γE[v]=7.6, Q=85.1 (bayes)
2026-09-23 14:38:46,865 INFO: Plan 0: ḡ=110, γE[v]=0.0, Q=110.0 (fn)
2026-09-23 14:38:50,732 INFO: Plan 1: ḡ=440, γE[v]=0.0, Q=440.0 (fn)
2026-09-23 14:38:51,012 INFO: Plan 2: ḡ=116, γE[v]=31.0, Q=147.0 (fn)
2026-09-23 14:38:55,817 INFO: Plan 1: ḡ=228, γE[v]=34.5, Q=262.5 (fn)
2026-09-23 14:38:55,817 INFO: Plan 0: ḡ=11.5, γE[v]=155.5, Q=167.0 (bayes)
2026-09-23 14:38:55,818 INFO: Plan 1: ḡ=114.0, γE[v]=105.8, Q=219.8 (bayes)
2026-09-23 14:38:55,818 INFO: Plan 2: ḡ=58.0, γE[v]=133.6, Q=191.6 (bayes)
2026-09-23 14:39:00,524 INFO: Plan 2: ḡ=90, γE[v]=0.0, Q=90.0 (fn)
2026-09-23 14:39:01,082 INFO: Plan 0: ḡ=52, γE[v]=0.0, Q=52.0 (fn)
2026-09-23 14:39:02,306 INFO: Plan 1: ḡ=73, γE[v]=7.0, Q=80.0 (fn)
2026-09-23 14:39:03,630 INFO: Plan 0: ḡ=58, γE[v]=49.5, Q=107.5 (fn)
2026-09-23 14:39:03,631 INFO: Plan 0: ḡ=29.0, γE[v]=63.5, Q=92.5 (bayes)
2026-09-23 14:39:03,631 INFO: Plan 1: ḡ=36.5, γE[v]=57.8, Q=94.3 (bayes)
2026-09-23 14:39:03,631 INFO: Plan 2: ḡ=45.0, γE[v]=53.2, Q=98.2 (bayes)
2026-09-23 14:39:05,426 INFO: Plan 2: ḡ=551, γE[v]=189.5, Q=740.5 (fn)
2026-09-23 14:39:05,427 INFO: Plan 0: ḡ=55.0, γE[v]=332.0, Q=387.0 (bayes)
2026-09-23 14:39:05,427 INFO: Plan 1: ḡ=220.0, γE[v]=249.5, Q=469.5 (bayes)
2026-09-23 14:39:05,427 INFO: Plan 2: ḡ=275.5, γE[v]=230.3, Q=505.8 (bayes)
2026-09-23 14:39:07,733 INFO: Plan 1: ḡ=32, γE[v]=17.5, Q=49.5 (fn)
2026-09-23 14:39:10,142 INFO: Plan 2: ḡ=176, γE[v]=124.5, Q=300.5 (fn)
2026-09-23 14:39:10,142 INFO: Plan 0: ḡ=26.0, γE[v]=116.0, Q=142.0 (bayes)
2026-09-23 14:39:10,142 INFO: Plan 1: ḡ=16.0, γE[v]=121.8, Q=137.8 (bayes)
2026-09-23 14:39:10,142 INFO: Plan 2: ḡ=88.0, γE[v]=90.6, Q=178.6 (bayes)
2026-09-23 14:39:16,345 INFO: Plan 0: ḡ=12, γE[v]=0.0, Q=12.0 (fn)
2026-09-23 14:39:17,016 INFO: Plan 1: ḡ=30, γE[v]=0.0, Q=30.0 (fn)
2026-09-23 14:39:17,298 INFO: Plan 2: ḡ=44, γE[v]=0.0, Q=44.0 (fn)
2026-09-23 14:39:19,175 INFO: Plan 2: ḡ=10, γE[v]=0.0, Q=10.0 (fn)
2026-09-23 14:39:19,958 INFO: Plan 0: ḡ=50, γE[v]=0.0, Q=50.0 (fn)
2026-09-23 14:39:20,458 INFO: Plan 2: ḡ=55, γE[v]=6.5, Q=61.5 (fn)
2026-09-23 14:39:20,458 INFO: Plan 0: ḡ=4.0, γE[v]=9.3, Q=13.3 (bayes)
2026-09-23 14:39:20,459 INFO: Plan 1: ḡ=10.0, γE[v]=6.3, Q=16.3 (bayes)
2026-09-23 14:39:20,459 INFO: Plan 2: ḡ=18.3, γE[v]=2.6, Q=20.9 (bayes)
2026-09-23 14:39:20,883 INFO: Plan 0: ḡ=11, γE[v]=0.0, Q=11.0 (fn)
2026-09-23 14:39:21,764 INFO: Plan 1: ḡ=57, γE[v]=0.0, Q=57.0 (fn)
2026-09-23 14:39:23,022 INFO: Plan 0: ḡ=83, γE[v]=2.0, Q=85.0 (fn)
2026-09-23 14:39:23,072 INFO: Plan 0: ḡ=13, γE[v]=0.0, Q=13.0 (fn)
2026-09-23 14:39:23,782 INFO: Plan 1: ḡ=42, γE[v]=0.0, Q=42.0 (fn)
2026-09-23 14:39:24,270 INFO: Plan 1: ḡ=39, γE[v]=4.0, Q=43.0 (fn)
2026-09-23 14:39:24,271 INFO: Plan 0: ḡ=34.0, γE[v]=43.8, Q=77.8 (bayes)
2026-09-23 14:39:24,271 INFO: Plan 1: ḡ=19.5, γE[v]=51.2, Q=70.7 (bayes)
2026-09-23 14:39:24,271 INFO: Plan 2: ḡ=22.0, γE[v]=49.8, Q=71.8 (bayes)
2026-09-23 14:39:25,000 INFO: Plan 2: ḡ=84, γE[v]=0.0, Q=84.0 (fn)
2026-09-23 14:39:25,000 INFO: Plan 0: ḡ=6.5, γE[v]=142.6, Q=149.1 (bayes)
2026-09-23 14:39:25,000 INFO: Plan 1: ḡ=21.0, γE[v]=135.3, Q=156.3 (bayes)
2026-09-23 14:39:25,000 INFO: Plan 2: ḡ=36.3, γE[v]=127.7, Q=164.0 (bayes)
2026-09-23 14:39:25,253 INFO: Plan 1: ḡ=66, γE[v]=0.0, Q=66.0 (fn)
2026-09-23 14:39:25,503 INFO: Plan 0: ḡ=8, γE[v]=0.0, Q=8.0 (fn)
2026-09-23 14:39:25,648 INFO: Plan 2: ḡ=94, γE[v]=0.0, Q=94.0 (fn)
2026-09-23 14:39:25,818 INFO: Plan 2: ḡ=71, γE[v]=46.5, Q=117.5 (fn)
2026-09-23 14:39:25,819 INFO: Plan 2: ḡ=24, γE[v]=0.0, Q=24.0 (fn)
2026-09-23 14:39:25,819 INFO: Plan 0: ḡ=5.5, γE[v]=106.6, Q=112.1 (bayes)
2026-09-23 14:39:25,819 INFO: Plan 1: ḡ=28.3, γE[v]=95.2, Q=123.5 (bayes)
2026-09-23 14:39:25,819 INFO: Plan 2: ḡ=35.5, γE[v]=93.7, Q=129.2 (bayes)
2026-09-23 14:39:26,104 INFO: Plan 0: ḡ=56, γE[v]=0.0, Q=56.0 (fn)
2026-09-23 14:39:26,105 INFO: Plan 0: ḡ=26.7, γE[v]=95.2, Q=121.9 (bayes)
2026-09-23 14:39:26,105 INFO: Plan 1: ḡ=33.0, γE[v]=92.1, Q=125.1 (bayes)
2026-09-23 14:39:26,105 INFO: Plan 2: ḡ=47.0, γE[v]=85.1, Q=132.1 (bayes)
2026-09-23 14:39:26,836 INFO: Plan 1: ḡ=56, γE[v]=0.0, Q=56.0 (fn)
2026-09-23 14:39:26,837 INFO: Plan 0: ḡ=2.8, γE[v]=10.7, Q=13.5 (bayes)
2026-09-23 14:39:26,837 INFO: Plan 1: ḡ=19.0, γE[v]=2.6, Q=21.6 (bayes)
2026-09-23 14:39:26,837 INFO: Plan 2: ḡ=8.0, γE[v]=8.1, Q=16.1 (bayes)
2026-09-23 14:39:26,876 INFO: Plan 0: ḡ=22, γE[v]=0.0, Q=22.0 (fn)
2026-09-23 14:39:27,165 INFO: Plan 2: ḡ=7, γE[v]=0.0, Q=7.0 (fn)
2026-09-23 14:39:27,206 INFO: Plan 1: ḡ=23, γE[v]=27.5, Q=50.5 (fn)
2026-09-23 14:39:27,207 INFO: Plan 0: ḡ=16.7, γE[v]=4.7, Q=21.3 (bayes)
2026-09-23 14:39:27,207 INFO: Plan 1: ḡ=7.7, γE[v]=10.8, Q=18.5 (bayes)
2026-09-23 14:39:27,207 INFO: Plan 2: ḡ=3.3, γE[v]=11.3, Q=14.7 (bayes)
2026-09-23 14:39:27,683 INFO: Plan 0: ḡ=3, γE[v]=0.0, Q=3.0 (fn)
2026-09-23 14:39:28,445 INFO: Plan 1: ḡ=64, γE[v]=0.0, Q=64.0 (fn)
2026-09-23 14:39:29,040 INFO: Plan 0: ḡ=12, γE[v]=0.0, Q=12.0 (fn)
2026-09-23 14:39:29,616 INFO: Plan 1: ḡ=39, γE[v]=4.5, Q=43.5 (fn)
2026-09-23 14:39:29,616 INFO: Plan 0: ḡ=1.0, γE[v]=7.5, Q=8.5 (bayes)
2026-09-23 14:39:29,617 INFO: Plan 1: ḡ=13.0, γE[v]=1.8, Q=14.8 (bayes)
2026-09-23 14:39:29,617 INFO: Plan 2: ḡ=2.3, γE[v]=6.8, Q=9.2 (bayes)
2026-09-23 14:39:29,803 INFO: Plan 2: ḡ=107, γE[v]=8.5, Q=115.5 (fn)
2026-09-23 14:39:30,103 INFO: Plan 2: ḡ=25, γE[v]=5.0, Q=30.0 (fn)
2026-09-23 14:39:30,775 INFO: Plan 2: ḡ=13, γE[v]=0.0, Q=13.0 (fn)
2026-09-23 14:39:31,194 INFO: Plan 1: ḡ=39, γE[v]=0.0, Q=39.0 (fn)
2026-09-23 14:39:31,194 INFO: Plan 0: ḡ=4.2, γE[v]=4.6, Q=8.8 (bayes)
2026-09-23 14:39:31,195 INFO: Plan 1: ḡ=13.3, γE[v]=0.0, Q=13.3 (bayes)
2026-09-23 14:39:31,195 INFO: Plan 2: ḡ=8.3, γE[v]=2.8, Q=11.1 (bayes)
2026-09-23 14:39:31,399 INFO: Plan 1: ḡ=3, γE[v]=1.5, Q=4.5 (fn)
2026-09-23 14:39:31,941 INFO: Plan 0: ḡ=3, γE[v]=1.5, Q=4.5 (fn)
2026-09-23 14:39:32,126 INFO: Plan 0: ḡ=14, γE[v]=6.5, Q=20.5 (fn)
2026-09-23 14:39:32,366 INFO: Plan 1: ḡ=7, γE[v]=3.5, Q=10.5 (fn)
2026-09-23 14:39:32,367 INFO: Plan 2: ḡ=19, γE[v]=0.0, Q=19.0 (fn)
2026-09-23 14:39:32,367 INFO: Plan 0: ḡ=4.7, γE[v]=2.6, Q=7.2 (bayes)
2026-09-23 14:39:32,368 INFO: Plan 1: ḡ=2.3, γE[v]=3.5, Q=5.9 (bayes)
2026-09-23 14:39:32,368 INFO: Plan 2: ḡ=4.3, γE[v]=2.3, Q=6.7 (bayes)
2026-09-23 14:39:32,368 INFO: Plan 0: ḡ=1.0, γE[v]=3.8, Q=4.8 (bayes)
2026-09-23 14:39:32,368 INFO: Plan 1: ḡ=1.0, γE[v]=3.8, Q=4.8 (bayes)
2026-09-23 14:39:32,368 INFO: Plan 2: ḡ=8.5, γE[v]=0.0, Q=8.5 (bayes)
2026-09-23 14:39:34,821 INFO: Plan 2: ḡ=45, γE[v]=0.0, Q=45.0 (fn)
2026-09-23 14:39:35,150 INFO: Plan 1: ḡ=110, γE[v]=0.0, Q=110.0 (fn)
2026-09-23 14:39:35,188 INFO: Plan 0: ḡ=3, γE[v]=0.0, Q=3.0 (fn)
2026-09-23 14:39:35,825 INFO: Plan 0: ḡ=35, γE[v]=0.0, Q=35.0 (fn)
2026-09-23 14:39:35,825 INFO: Plan 0: ḡ=15.2, γE[v]=29.9, Q=45.1 (bayes)
2026-09-23 14:39:35,825 INFO: Plan 1: ḡ=43.8, γE[v]=15.6, Q=59.4 (bayes)
2026-09-23 14:39:35,825 INFO: Plan 2: ḡ=18.5, γE[v]=28.3, Q=46.8 (bayes)
2026-09-23 14:39:36,058 INFO: Plan 2: ḡ=85, γE[v]=16.5, Q=101.5 (fn)
2026-09-23 14:39:36,059 INFO: Plan 0: ḡ=7.3, γE[v]=16.0, Q=23.3 (bayes)
2026-09-23 14:39:36,059 INFO: Plan 1: ḡ=21.3, γE[v]=9.0, Q=30.3 (bayes)
2026-09-23 14:39:36,059 INFO: Plan 2: ḡ=28.3, γE[v]=6.5, Q=34.8 (bayes)
2026-09-23 14:39:36,786 INFO: Plan 1: ḡ=35, γE[v]=61.0, Q=96.0 (fn)
2026-09-23 14:39:36,823 INFO: Plan 2: ḡ=4, γE[v]=0.0, Q=4.0 (fn)
2026-09-23 14:39:37,443 INFO: Plan 0: ḡ=26, γE[v]=68.5, Q=94.5 (fn)
2026-09-23 14:39:37,444 INFO: Plan 0: ḡ=9.2, γE[v]=35.5, Q=44.7 (bayes)
2026-09-23 14:39:37,444 INFO: Plan 1: ḡ=13.0, γE[v]=33.2, Q=46.2 (bayes)
2026-09-23 14:39:37,444 INFO: Plan 2: ḡ=53.5, γE[v]=10.6, Q=64.1 (bayes)
2026-09-23 14:39:37,601 INFO: Plan 2: ḡ=27, γE[v]=0.0, Q=27.0 (fn)
2026-09-23 14:39:37,898 INFO: Plan 0: ḡ=20, γE[v]=0.0, Q=20.0 (fn)
2026-09-23 14:39:38,292 INFO: Plan 1: ḡ=74, γE[v]=0.0, Q=74.0 (fn)
2026-09-23 14:39:38,678 INFO: Plan 0: ḡ=69, γE[v]=0.0, Q=69.0 (fn)
2026-09-23 14:39:38,679 INFO: Plan 0: ḡ=34.5, γE[v]=24.3, Q=58.8 (bayes)
2026-09-23 14:39:38,680 INFO: Plan 1: ḡ=33.7, γE[v]=24.8, Q=58.4 (bayes)
2026-09-23 14:39:38,681 INFO: Plan 2: ḡ=13.5, γE[v]=34.8, Q=48.3 (bayes)
2026-09-23 14:39:39,485 INFO: Plan 0: ḡ=192, γE[v]=143.0, Q=335.0 (fn)
2026-09-23 14:39:40,149 INFO: Plan 1: ḡ=17, γE[v]=0.0, Q=17.0 (fn)
2026-09-23 14:39:41,028 INFO: Plan 2: ḡ=37, γE[v]=0.0, Q=37.0 (fn)
2026-09-23 14:39:41,818 INFO: Plan 2: ḡ=13, γE[v]=0.0, Q=13.0 (fn)
2026-09-23 14:39:42,712 INFO: Plan 2: ḡ=132, γE[v]=127.5, Q=259.5 (fn)
2026-09-23 14:39:42,746 INFO: Plan 1: ḡ=112, γE[v]=125.0, Q=237.0 (fn)
2026-09-23 14:39:43,337 INFO: Plan 0: ḡ=14, γE[v]=0.0, Q=14.0 (fn)
2026-09-23 14:39:43,629 INFO: Plan 1: ḡ=6, γE[v]=4.5, Q=10.5 (fn)
2026-09-23 14:39:43,629 INFO: Plan 0: ḡ=1.0, γE[v]=2.5, Q=3.5 (bayes)
2026-09-23 14:39:43,630 INFO: Plan 1: ḡ=2.7, γE[v]=1.9, Q=4.6 (bayes)
2026-09-23 14:39:43,630 INFO: Plan 2: ḡ=2.0, γE[v]=2.0, Q=4.0 (bayes)
2026-09-23 14:39:44,467 INFO: Plan 1: ḡ=143, γE[v]=0.0, Q=143.0 (fn)
2026-09-23 14:39:44,468 INFO: Plan 0: ḡ=6.2, γE[v]=21.5, Q=27.7 (bayes)
2026-09-23 14:39:44,468 INFO: Plan 1: ḡ=49.2, γE[v]=0.0, Q=49.2 (bayes)
2026-09-23 14:39:44,468 INFO: Plan 2: ḡ=4.3, γE[v]=22.4, Q=26.8 (bayes)
2026-09-23 14:39:45,202 INFO: Plan 2: ḡ=23, γE[v]=0.0, Q=23.0 (fn)
2026-09-23 14:39:46,692 INFO: Plan 0: ḡ=23, γE[v]=5.0, Q=28.0 (fn)
2026-09-23 14:39:46,692 INFO: Plan 0: ḡ=11.5, γE[v]=31.2, Q=42.7 (bayes)
2026-09-23 14:39:46,692 INFO: Plan 1: ḡ=8.5, γE[v]=32.5, Q=41.0 (bayes)
2026-09-23 14:39:46,692 INFO: Plan 2: ḡ=13.5, γE[v]=30.0, Q=43.5 (bayes)
2026-09-23 14:39:47,567 INFO: Plan 1: ḡ=361, γE[v]=46.0, Q=407.0 (fn)
2026-09-23 14:39:47,568 INFO: Plan 0: ḡ=70.8, γE[v]=296.8, Q=367.6 (bayes)
2026-09-23 14:39:47,568 INFO: Plan 1: ḡ=136.0, γE[v]=259.7, Q=395.7 (bayes)
2026-09-23 14:39:47,568 INFO: Plan 2: ḡ=54.8, γE[v]=304.1, Q=358.9 (bayes)
2026-09-23 14:39:48,025 INFO: Plan 2: ḡ=324, γE[v]=40.0, Q=364.0 (fn)
2026-09-23 14:39:48,026 INFO: Plan 0: ḡ=10.0, γE[v]=73.9, Q=83.9 (bayes)
2026-09-23 14:39:48,026 INFO: Plan 1: ḡ=46.8, γE[v]=63.0, Q=109.8 (bayes)
2026-09-23 14:39:48,026 INFO: Plan 2: ḡ=118.5, γE[v]=21.9, Q=140.4 (bayes)
2026-09-23 14:39:48,062 INFO: Plan 0: ḡ=10, γE[v]=2.0, Q=12.0 (fn)
2026-09-23 14:39:48,709 INFO: Plan 0: ḡ=312, γE[v]=27.0, Q=339.0 (fn)
2026-09-23 14:39:48,744 INFO: Plan 2: ḡ=115, γE[v]=56.0, Q=171.0 (fn)
2026-09-23 14:39:49,454 INFO: Plan 1: ḡ=9, γE[v]=3.5, Q=12.5 (fn)
2026-09-23 14:39:49,455 INFO: Plan 0: ḡ=3.3, γE[v]=4.7, Q=8.0 (bayes)
2026-09-23 14:39:49,455 INFO: Plan 1: ḡ=3.2, γE[v]=4.9, Q=8.0 (bayes)
2026-09-23 14:39:49,455 INFO: Plan 2: ḡ=7.8, γE[v]=2.3, Q=10.2 (bayes)
2026-09-23 14:39:50,975 INFO: Plan 0: ḡ=37, γE[v]=0.0, Q=37.0 (fn)
2026-09-23 14:39:51,397 INFO: Plan 1: ḡ=275, γE[v]=85.5, Q=360.5 (fn)
2026-09-23 14:39:51,398 INFO: Plan 0: ḡ=136.2, γE[v]=64.2, Q=200.4 (bayes)
2026-09-23 14:39:51,398 INFO: Plan 1: ḡ=130.8, γE[v]=69.5, Q=200.3 (bayes)
2026-09-23 14:39:51,398 INFO: Plan 2: ḡ=57.5, γE[v]=104.9, Q=162.3 (bayes)
2026-09-23 14:39:52,890 INFO: Plan 2: ḡ=49, γE[v]=0.0, Q=49.0 (fn)
2026-09-23 14:39:54,152 INFO: Plan 0: ḡ=80, γE[v]=6.5, Q=86.5 (fn)
2026-09-23 14:39:57,308 INFO: Plan 1: ḡ=83, γE[v]=0.0, Q=83.0 (fn)
2026-09-23 14:39:57,308 INFO: Plan 0: ḡ=15.7, γE[v]=23.2, Q=38.8 (bayes)
2026-09-23 14:39:57,308 INFO: Plan 1: ḡ=38.7, γE[v]=11.7, Q=50.3 (bayes)
2026-09-23 14:39:57,309 INFO: Plan 2: ḡ=23.8, γE[v]=19.1, Q=42.9 (bayes)
2026-09-23 14:39:59,312 INFO: Plan 2: ḡ=116, γE[v]=0.0, Q=116.0 (fn)
2026-09-23 14:40:00,215 INFO: Plan 0: ḡ=68, γE[v]=0.0, Q=68.0 (fn)
2026-09-23 14:40:01,233 INFO: Plan 2: ḡ=194, γE[v]=15.0, Q=209.0 (fn)
2026-09-23 14:40:01,785 INFO: Plan 1: ḡ=77, γE[v]=86.0, Q=163.0 (fn)
2026-09-23 14:40:01,785 INFO: Plan 0: ḡ=26.7, γE[v]=40.9, Q=67.6 (bayes)
2026-09-23 14:40:01,786 INFO: Plan 1: ḡ=25.7, γE[v]=46.2, Q=71.8 (bayes)
2026-09-23 14:40:01,786 INFO: Plan 2: ḡ=64.7, γE[v]=22.4, Q=87.1 (bayes)
2026-09-23 14:40:03,541 INFO: Plan 1: ḡ=92, γE[v]=48.0, Q=140.0 (fn)
2026-09-23 14:40:03,541 INFO: Plan 0: ḡ=34.0, γE[v]=43.0, Q=77.0 (bayes)
2026-09-23 14:40:03,542 INFO: Plan 1: ḡ=41.0, γE[v]=42.1, Q=83.1 (bayes)
2026-09-23 14:40:03,542 INFO: Plan 2: ḡ=48.5, γE[v]=35.8, Q=84.2 (bayes)
2026-09-23 14:40:04,041 INFO: Plan 2: ḡ=8, γE[v]=0.0, Q=8.0 (fn)
2026-09-23 14:40:04,363 INFO: Plan 1: ḡ=53, γE[v]=0.0, Q=53.0 (fn)
2026-09-23 14:40:05,095 INFO: Plan 0: ḡ=76, γE[v]=11.5, Q=87.5 (fn)
2026-09-23 14:40:06,095 INFO: Plan 0: ḡ=20, γE[v]=0.0, Q=20.0 (fn)
2026-09-23 14:40:06,522 INFO: Plan 1: ḡ=0, γE[v]=0.0, Q=0.0 (fn)
2026-09-23 14:40:06,564 INFO: Plan 2: ḡ=136, γE[v]=23.0, Q=159.0 (fn)
2026-09-23 14:40:06,564 INFO: Plan 0: ḡ=38.0, γE[v]=21.4, Q=59.4 (bayes)
2026-09-23 14:40:06,564 INFO: Plan 1: ḡ=26.5, γE[v]=26.7, Q=53.2 (bayes)
2026-09-23 14:40:06,564 INFO: Plan 2: ḡ=56.8, γE[v]=12.5, Q=69.4 (bayes)
2026-09-23 14:40:07,064 INFO: Plan 2: ḡ=0, γE[v]=0.0, Q=0.0 (fn)
2026-09-23 14:40:07,065 INFO: Plan 0: ḡ=6.7, γE[v]=0.0, Q=6.7 (bayes)
2026-09-23 14:40:07,065 INFO: Plan 1: ḡ=0.0, γE[v]=3.3, Q=3.3 (bayes)
2026-09-23 14:40:07,065 INFO: Plan 2: ḡ=0.0, γE[v]=3.3, Q=3.3 (bayes)
2026-09-23 14:40:09,446 INFO: Plan 1: ḡ=12, γE[v]=6.0, Q=18.0 (fn)
2026-09-23 14:40:11,072 INFO: Plan 2: ḡ=25, γE[v]=0.0, Q=25.0 (fn)
2026-09-23 14:40:11,113 INFO: Plan 1: ḡ=28, γE[v]=0.0, Q=28.0 (fn)
2026-09-23 14:40:11,114 INFO: Plan 0: ḡ=58, γE[v]=0.0, Q=58.0 (fn)
2026-09-23 14:40:11,114 INFO: Plan 0: ḡ=29.0, γE[v]=8.5, Q=37.5 (bayes)
2026-09-23 14:40:11,114 INFO: Plan 1: ḡ=14.0, γE[v]=16.0, Q=30.0 (bayes)
2026-09-23 14:40:11,114 INFO: Plan 2: ḡ=12.5, γE[v]=16.8, Q=29.2 (bayes)
2026-09-23 14:40:12,401 INFO: Plan 0: ḡ=10, γE[v]=7.5, Q=17.5 (fn)
2026-09-23 14:40:12,402 INFO: Plan 0: ḡ=3.3, γE[v]=3.0, Q=6.4 (bayes)
2026-09-23 14:40:12,402 INFO: Plan 1: ḡ=4.2, γE[v]=2.5, Q=6.7 (bayes)
2026-09-23 14:40:12,402 INFO: Plan 2: ḡ=2.7, γE[v]=2.9, Q=5.6 (bayes)
2026-09-23 14:40:13,802 INFO: Plan 0: ḡ=36, γE[v]=0.0, Q=36.0 (fn)
2026-09-23 14:40:15,085 INFO: Plan 2: ḡ=25, γE[v]=0.0, Q=25.0 (fn)
2026-09-23 14:40:17,807 INFO: Plan 1: ḡ=18, γE[v]=3.5, Q=21.5 (fn)
2026-09-23 14:40:17,808 INFO: Plan 0: ḡ=18.0, γE[v]=53.0, Q=71.0 (bayes)
2026-09-23 14:40:17,808 INFO: Plan 1: ḡ=6.2, γE[v]=59.1, Q=65.3 (bayes)
2026-09-23 14:40:17,808 INFO: Plan 2: ḡ=12.5, γE[v]=55.7, Q=68.2 (bayes)
2026-09-23 14:40:23,362 INFO: Plan 0: ḡ=21, γE[v]=0.0, Q=21.0 (fn)
2026-09-23 14:40:25,934 INFO: Plan 1: ḡ=78, γE[v]=15.5, Q=93.5 (fn)
2026-09-23 14:40:26,613 INFO: Plan 2: ḡ=30, γE[v]=39.5, Q=69.5 (fn)
2026-09-23 14:40:26,614 INFO: Plan 0: ḡ=7.0, γE[v]=14.7, Q=21.7 (bayes)
2026-09-23 14:40:26,614 INFO: Plan 1: ḡ=26.0, γE[v]=6.1, Q=32.1 (bayes)
2026-09-23 14:40:26,614 INFO: Plan 2: ḡ=10.0, γE[v]=15.5, Q=25.5 (bayes)
2026-09-23 14:40:34,630 INFO: Plan 2: ḡ=9, γE[v]=0.0, Q=9.0 (fn)
2026-09-23 14:40:34,666 INFO: Plan 0: ḡ=7, γE[v]=0.0, Q=7.0 (fn)
2026-09-23 14:40:35,973 INFO: Plan 1: ḡ=8, γE[v]=4.0, Q=12.0 (fn)
2026-09-23 14:40:35,974 INFO: Plan 0: ḡ=2.5, γE[v]=2.2, Q=4.8 (bayes)
2026-09-23 14:40:35,974 INFO: Plan 1: ḡ=3.0, γE[v]=2.2, Q=5.2 (bayes)
2026-09-23 14:40:35,974 INFO: Plan 2: ḡ=4.5, γE[v]=1.2, Q=5.8 (bayes)
2026-09-23 14:40:40,083 INFO: Plan 0: ḡ=137, γE[v]=0.0, Q=137.0 (fn)
2026-09-23 14:40:42,223 INFO: Plan 2: ḡ=44, γE[v]=0.0, Q=44.0 (fn)
2026-09-23 14:40:45,602 INFO: Plan 0: ḡ=17, γE[v]=0.0, Q=17.0 (fn)
2026-09-23 14:40:46,736 INFO: Plan 2: ḡ=101, γE[v]=0.0, Q=101.0 (fn)
2026-09-23 14:40:47,119 INFO: Plan 1: ḡ=55, γE[v]=0.0, Q=55.0 (fn)
2026-09-23 14:40:47,121 INFO: Plan 0: ḡ=8.5, γE[v]=100.1, Q=108.6 (bayes)
2026-09-23 14:40:47,122 INFO: Plan 1: ḡ=27.5, γE[v]=90.6, Q=118.1 (bayes)
2026-09-23 14:40:47,123 INFO: Plan 2: ḡ=49.2, γE[v]=79.8, Q=128.9 (bayes)
2026-09-23 14:40:48,065 INFO: Plan 2: ḡ=186, γE[v]=0.0, Q=186.0 (fn)
2026-09-23 14:40:48,145 INFO: Plan 1: ḡ=49, γE[v]=8.5, Q=57.5 (fn)
2026-09-23 14:40:48,151 INFO: Plan 0: ḡ=65.0, γE[v]=25.5, Q=90.5 (bayes)
2026-09-23 14:40:48,152 INFO: Plan 1: ḡ=23.5, γE[v]=46.6, Q=70.1 (bayes)
2026-09-23 14:40:48,153 INFO: Plan 2: ḡ=21.0, γE[v]=47.5, Q=68.5 (bayes)
2026-09-23 14:40:49,688 INFO: Plan 0: ḡ=74, γE[v]=39.5, Q=113.5 (fn)
2026-09-23 14:40:51,633 INFO: Plan 0: ḡ=54, γE[v]=0.0, Q=54.0 (fn)
2026-09-23 14:40:52,034 INFO: Plan 1: ḡ=107, γE[v]=77.5, Q=184.5 (fn)
2026-09-23 14:40:52,035 INFO: Plan 0: ḡ=33.5, γE[v]=93.5, Q=127.0 (bayes)
2026-09-23 14:40:52,036 INFO: Plan 1: ḡ=51.3, γE[v]=86.3, Q=137.7 (bayes)
2026-09-23 14:40:52,038 INFO: Plan 2: ḡ=93.0, γE[v]=61.7, Q=154.8 (bayes)
2026-09-23 14:40:53,779 INFO: Plan 0: ḡ=63, γE[v]=0.0, Q=63.0 (fn)
2026-09-23 14:40:54,109 INFO: Plan 1: ḡ=38, γE[v]=0.0, Q=38.0 (fn)
2026-09-23 14:40:54,712 INFO: Plan 2: ḡ=274, γE[v]=3.5, Q=277.5 (fn)
2026-09-23 14:40:54,935 INFO: Plan 2: ḡ=9, γE[v]=1.5, Q=10.5 (fn)
2026-09-23 14:40:54,937 INFO: Plan 0: ḡ=31.5, γE[v]=35.5, Q=67.0 (bayes)
2026-09-23 14:40:54,938 INFO: Plan 1: ḡ=18.5, γE[v]=42.0, Q=60.5 (bayes)
2026-09-23 14:40:54,941 INFO: Plan 2: ḡ=4.5, γE[v]=49.1, Q=53.6 (bayes)
2026-09-23 14:40:55,040 INFO: Plan 0: ḡ=251, γE[v]=12.5, Q=263.5 (fn)
2026-09-23 14:40:57,106 INFO: Plan 1: ḡ=67, γE[v]=96.5, Q=163.5 (fn)
2026-09-23 14:40:57,110 INFO: Plan 0: ḡ=92.0, γE[v]=7.5, Q=99.5 (bayes)
2026-09-23 14:40:57,111 INFO: Plan 1: ḡ=22.7, γE[v]=46.9, Q=69.6 (bayes)
2026-09-23 14:40:57,111 INFO: Plan 2: ḡ=102.2, γE[v]=1.9, Q=104.1 (bayes)
2026-09-23 14:40:58,605 INFO: Plan 1: ḡ=12, γE[v]=0.0, Q=12.0 (fn)
2026-09-23 14:41:00,173 INFO: Plan 2: ḡ=54, γE[v]=41.5, Q=95.5 (fn)
2026-09-23 14:41:00,760 INFO: Plan 0: ḡ=23, γE[v]=6.0, Q=29.0 (fn)
2026-09-23 14:41:01,638 INFO: Plan 2: ḡ=15, γE[v]=10.0, Q=25.0 (fn)
2026-09-23 14:41:01,641 INFO: Plan 0: ḡ=7.7, γE[v]=2.4, Q=10.0 (bayes)
2026-09-23 14:41:01,647 INFO: Plan 1: ḡ=4.0, γE[v]=3.8, Q=7.8 (bayes)
2026-09-23 14:41:01,651 INFO: Plan 2: ḡ=5.0, γE[v]=3.9, Q=8.9 (bayes)
2026-09-23 14:41:01,939 INFO: Plan 1: ḡ=86, γE[v]=29.5, Q=115.5 (fn)
2026-09-23 14:41:01,940 INFO: Plan 0: ḡ=22.5, γE[v]=102.8, Q=125.3 (bayes)
2026-09-23 14:41:01,941 INFO: Plan 1: ḡ=32.5, γE[v]=99.4, Q=131.9 (bayes)
2026-09-23 14:41:01,942 INFO: Plan 2: ḡ=24.8, γE[v]=104.0, Q=128.8 (bayes)
2026-09-23 14:41:04,783 INFO: Plan 0: ḡ=58, γE[v]=0.0, Q=58.0 (fn)
2026-09-23 14:41:05,077 INFO: Plan 2: ḡ=33, γE[v]=0.0, Q=33.0 (fn)
2026-09-23 14:41:05,370 INFO: Plan 1: ḡ=82, γE[v]=0.0, Q=82.0 (fn)
2026-09-23 14:41:05,375 INFO: Plan 0: ḡ=29.0, γE[v]=117.5, Q=146.5 (bayes)
2026-09-23 14:41:05,376 INFO: Plan 1: ḡ=28.0, γE[v]=118.0, Q=146.0 (bayes)
2026-09-23 14:41:05,377 INFO: Plan 2: ḡ=16.5, γE[v]=123.7, Q=140.2 (bayes)
2026-09-23 14:41:12,699 INFO: Plan 0: ḡ=25, γE[v]=0.0, Q=25.0 (fn)
2026-09-23 14:41:13,095 INFO: Plan 0: ḡ=11, γE[v]=0.0, Q=11.0 (fn)
2026-09-23 14:41:13,444 INFO: Plan 2: ḡ=53, γE[v]=6.5, Q=59.5 (fn)
2026-09-23 14:41:14,585 INFO: Plan 2: ḡ=14, γE[v]=3.0, Q=17.0 (fn)
2026-09-23 14:41:15,971 INFO: Plan 1: ḡ=24, γE[v]=11.0, Q=35.0 (fn)
2026-09-23 14:41:15,974 INFO: Plan 0: ḡ=3.7, γE[v]=6.3, Q=10.0 (bayes)
2026-09-23 14:41:15,975 INFO: Plan 1: ḡ=8.0, γE[v]=4.8, Q=12.8 (bayes)
2026-09-23 14:41:15,975 INFO: Plan 2: ḡ=4.7, γE[v]=6.0, Q=10.7 (bayes)
2026-09-23 14:41:18,987 INFO: Plan 1: ḡ=25, γE[v]=39.5, Q=64.5 (fn)
2026-09-23 14:41:18,990 INFO: Plan 0: ḡ=8.8, γE[v]=13.2, Q=22.0 (bayes)
2026-09-23 14:41:18,990 INFO: Plan 1: ḡ=8.5, γE[v]=15.7, Q=24.2 (bayes)
2026-09-23 14:41:18,991 INFO: Plan 2: ḡ=17.7, γE[v]=9.1, Q=26.8 (bayes)
2026-09-23 14:41:19,915 INFO: Plan 0: ḡ=17, γE[v]=0.0, Q=17.0 (fn)
2026-09-23 14:41:20,273 INFO: Plan 2: ḡ=40, γE[v]=0.0, Q=40.0 (fn)
2026-09-23 14:41:21,013 INFO: Plan 2: ḡ=54, γE[v]=0.0, Q=54.0 (fn)
2026-09-23 14:41:21,469 INFO: Plan 1: ḡ=36, γE[v]=0.0, Q=36.0 (fn)
2026-09-23 14:41:21,471 INFO: Plan 0: ḡ=7.5, γE[v]=63.0, Q=70.5 (bayes)
2026-09-23 14:41:21,472 INFO: Plan 1: ḡ=12.2, γE[v]=60.7, Q=72.8 (bayes)
2026-09-23 14:41:21,472 INFO: Plan 2: ḡ=26.0, γE[v]=53.8, Q=79.8 (bayes)
2026-09-23 14:41:24,192 INFO: Plan 2: ḡ=54, γE[v]=0.0, Q=54.0 (fn)
2026-09-23 14:41:25,629 INFO: Plan 1: ḡ=46, γE[v]=0.0, Q=46.0 (fn)
2026-09-23 14:41:25,911 INFO: Plan 0: ḡ=25, γE[v]=0.0, Q=25.0 (fn)
2026-09-23 14:41:25,994 INFO: Plan 0: ḡ=42, γE[v]=37.0, Q=79.0 (fn)
2026-09-23 14:41:26,805 INFO: Plan 0: ḡ=86, γE[v]=62.0, Q=148.0 (fn)
2026-09-23 14:41:26,807 INFO: Plan 0: ḡ=41.7, γE[v]=71.1, Q=112.7 (bayes)
2026-09-23 14:41:26,808 INFO: Plan 1: ḡ=21.5, γE[v]=78.1, Q=99.6 (bayes)
2026-09-23 14:41:26,808 INFO: Plan 2: ḡ=26.3, γE[v]=75.7, Q=102.0 (bayes)
2026-09-23 14:41:27,807 INFO: Plan 1: ḡ=36, γE[v]=17.0, Q=53.0 (fn)
2026-09-23 14:41:27,811 INFO: Plan 0: ḡ=21.0, γE[v]=69.8, Q=90.8 (bayes)
2026-09-23 14:41:27,812 INFO: Plan 1: ḡ=18.0, γE[v]=70.4, Q=88.4 (bayes)
2026-09-23 14:41:27,812 INFO: Plan 2: ḡ=16.0, γE[v]=70.7, Q=86.7 (bayes)
2026-09-23 14:41:28,159 INFO: Plan 0: ḡ=40, γE[v]=0.0, Q=40.0 (fn)
2026-09-23 14:41:28,161 INFO: Plan 1: ḡ=71, γE[v]=0.0, Q=71.0 (fn)
2026-09-23 14:41:28,485 INFO: Plan 2: ḡ=92, γE[v]=0.0, Q=92.0 (fn)
2026-09-23 14:41:29,132 INFO: Plan 2: ḡ=227, γE[v]=0.0, Q=227.0 (fn)
2026-09-23 14:41:31,310 INFO: Plan 0: ḡ=58, γE[v]=49.5, Q=107.5 (fn)
2026-09-23 14:41:31,312 INFO: Plan 0: ḡ=29.0, γE[v]=56.4, Q=85.4 (bayes)
2026-09-23 14:41:31,313 INFO: Plan 1: ḡ=35.5, γE[v]=50.5, Q=86.0 (bayes)
2026-09-23 14:41:31,314 INFO: Plan 2: ḡ=31.0, γE[v]=52.8, Q=83.8 (bayes)
2026-09-23 14:41:32,075 INFO: Plan 0: ḡ=12, γE[v]=0.0, Q=12.0 (fn)
2026-09-23 14:41:33,197 INFO: Plan 1: ḡ=229, γE[v]=0.0, Q=229.0 (fn)
2026-09-23 14:41:33,203 INFO: Plan 0: ḡ=12.5, γE[v]=139.5, Q=152.0 (bayes)
2026-09-23 14:41:33,204 INFO: Plan 1: ḡ=87.7, γE[v]=101.9, Q=189.6 (bayes)
2026-09-23 14:41:33,204 INFO: Plan 2: ḡ=80.7, γE[v]=105.4, Q=186.1 (bayes)
2026-09-23 14:41:34,761 INFO: Plan 1: ḡ=41, γE[v]=0.5, Q=41.5 (fn)
2026-09-23 14:41:35,235 INFO: Plan 1: ḡ=31, γE[v]=17.5, Q=48.5 (fn)
2026-09-23 14:41:35,856 INFO: Plan 2: ḡ=30, γE[v]=6.0, Q=36.0 (fn)
2026-09-23 14:41:35,858 INFO: Plan 0: ḡ=3.0, γE[v]=3.8, Q=6.8 (bayes)
2026-09-23 14:41:35,859 INFO: Plan 1: ḡ=10.2, γE[v]=0.2, Q=10.4 (bayes)
2026-09-23 14:41:35,859 INFO: Plan 2: ḡ=7.5, γE[v]=1.9, Q=9.4 (bayes)
2026-09-23 14:41:35,940 INFO: Plan 2: ḡ=10, γE[v]=0.0, Q=10.0 (fn)
2026-09-23 14:41:36,257 INFO: Plan 2: ḡ=7, γE[v]=0.0, Q=7.0 (fn)
2026-09-23 14:41:36,869 INFO: Plan 0: ḡ=8, γE[v]=0.0, Q=8.0 (fn)
2026-09-23 14:41:37,210 INFO: Plan 1: ḡ=27, γE[v]=0.0, Q=27.0 (fn)
  [1/93] rich.table seed=42: {'random': 111, 'cov_qvalue_tgt_fnt_bayes': 133}
2026-09-23 14:41:37,679 INFO: Plan 1: ḡ=41, γE[v]=0.0, Q=41.0 (fn)
2026-09-23 14:41:37,755 INFO: Plan 2: ḡ=55, γE[v]=9.5, Q=64.5 (fn)
2026-09-23 14:41:37,757 INFO: Plan 0: ḡ=19.8, γE[v]=51.0, Q=70.8 (bayes)
2026-09-23 14:41:37,758 INFO: Plan 1: ḡ=12.0, γE[v]=56.0, Q=68.0 (bayes)
2026-09-23 14:41:37,759 INFO: Plan 2: ḡ=19.5, γE[v]=51.7, Q=71.2 (bayes)
2026-09-23 14:41:37,793 INFO: Plan 0: ḡ=12, γE[v]=0.0, Q=12.0 (fn)
2026-09-23 14:41:38,418 INFO: Plan 2: ḡ=52, γE[v]=0.0, Q=52.0 (fn)
2026-09-23 14:41:38,421 INFO: Plan 0: ḡ=6.0, γE[v]=126.1, Q=132.1 (bayes)
2026-09-23 14:41:38,422 INFO: Plan 1: ḡ=20.5, γE[v]=118.8, Q=139.3 (bayes)
2026-09-23 14:41:38,423 INFO: Plan 2: ḡ=23.8, γE[v]=117.2, Q=141.0 (bayes)
2026-09-23 14:41:39,067 INFO: Plan 0: ḡ=57, γE[v]=6.0, Q=63.0 (fn)
2026-09-23 14:41:39,069 INFO: Plan 0: ḡ=15.6, γE[v]=2.4, Q=17.9 (bayes)
2026-09-23 14:41:39,069 INFO: Plan 1: ḡ=9.0, γE[v]=5.3, Q=14.3 (bayes)
2026-09-23 14:41:39,070 INFO: Plan 2: ḡ=3.3, γE[v]=8.1, Q=11.5 (bayes)
2026-09-23 14:41:39,227 INFO: Plan 2: ḡ=66, γE[v]=0.0, Q=66.0 (fn)
2026-09-23 14:41:39,525 INFO: Plan 1: ḡ=31, γE[v]=0.5, Q=31.5 (fn)
2026-09-23 14:41:39,526 INFO: Plan 0: ḡ=2.8, γE[v]=3.3, Q=6.1 (bayes)
2026-09-23 14:41:39,527 INFO: Plan 1: ḡ=8.9, γE[v]=0.3, Q=9.2 (bayes)
2026-09-23 14:41:39,528 INFO: Plan 2: ḡ=2.3, γE[v]=3.5, Q=5.9 (bayes)
2026-09-23 14:41:39,642 INFO: Plan 1: ḡ=66, γE[v]=0.0, Q=66.0 (fn)
  [2/93] click.exceptions seed=42: {'random': 1, 'cov_qvalue_tgt_fnt_bayes': 18}
  [3/93] rich.console seed=42: {'random': 141, 'cov_qvalue_tgt_fnt_bayes': 171}
  [4/93] requests.auth seed=42: {'random': 4, 'cov_qvalue_tgt_fnt_bayes': 67}
2026-09-23 14:41:42,958 INFO: Plan 0: ḡ=11, γE[v]=0.0, Q=11.0 (fn)
2026-09-23 14:41:43,362 INFO: Plan 2: ḡ=57, γE[v]=0.0, Q=57.0 (fn)
2026-09-23 14:41:43,404 INFO: Plan 0: ḡ=53, γE[v]=2.0, Q=55.0 (fn)
2026-09-23 14:41:43,405 INFO: Plan 0: ḡ=14.2, γE[v]=39.1, Q=53.3 (bayes)
2026-09-23 14:41:43,406 INFO: Plan 1: ḡ=33.0, γE[v]=29.6, Q=62.6 (bayes)
2026-09-23 14:41:43,407 INFO: Plan 2: ḡ=33.0, γE[v]=29.6, Q=62.6 (bayes)
2026-09-23 14:41:43,880 INFO: Plan 1: ḡ=2, γE[v]=0.0, Q=2.0 (fn)
2026-09-23 14:41:44,492 INFO: Plan 0: ḡ=2, γE[v]=0.0, Q=2.0 (fn)
  [5/93] click.utils seed=42: {'random': 14, 'cov_qvalue_tgt_fnt_bayes': 23}
2026-09-23 14:41:45,557 INFO: Plan 2: ḡ=6, γE[v]=0.0, Q=6.0 (fn)
2026-09-23 14:41:45,559 INFO: Plan 0: ḡ=0.5, γE[v]=0.5, Q=1.0 (bayes)
2026-09-23 14:41:45,560 INFO: Plan 1: ḡ=0.5, γE[v]=0.5, Q=1.0 (bayes)
2026-09-23 14:41:45,560 INFO: Plan 2: ḡ=1.5, γE[v]=0.0, Q=1.5 (bayes)
2026-09-23 14:41:45,924 INFO: Plan 0: ḡ=4, γE[v]=0.0, Q=4.0 (fn)
2026-09-23 14:41:46,382 INFO: Plan 2: ḡ=2, γE[v]=0.0, Q=2.0 (fn)
  [6/93] flask.json.provider seed=42: {'random': 37, 'cov_qvalue_tgt_fnt_bayes': 51}
2026-09-23 14:41:47,584 INFO: Plan 1: ḡ=8, γE[v]=0.0, Q=8.0 (fn)
2026-09-23 14:41:47,586 INFO: Plan 0: ḡ=1.0, γE[v]=1.1, Q=2.1 (bayes)
2026-09-23 14:41:47,587 INFO: Plan 1: ḡ=2.2, γE[v]=0.5, Q=2.7 (bayes)
2026-09-23 14:41:47,587 INFO: Plan 2: ḡ=0.7, γE[v]=1.2, Q=1.9 (bayes)
2026-09-23 14:41:47,627 INFO: Plan 1: ḡ=67, γE[v]=13.0, Q=80.0 (fn)
2026-09-23 14:41:47,628 INFO: Plan 0: ḡ=5.5, γE[v]=81.1, Q=86.6 (bayes)
2026-09-23 14:41:47,629 INFO: Plan 1: ḡ=33.3, γE[v]=67.8, Q=101.1 (bayes)
2026-09-23 14:41:47,630 INFO: Plan 2: ḡ=26.8, γE[v]=70.4, Q=97.2 (bayes)
  [7/93] click.types seed=42: {'random': 7, 'cov_qvalue_tgt_fnt_bayes': 52}
  [8/93] flask.sessions seed=42: {'random': 4, 'cov_qvalue_tgt_fnt_bayes': 16}
2026-09-23 14:41:49,730 INFO: Plan 2: ḡ=13, γE[v]=0.0, Q=13.0 (fn)
2026-09-23 14:41:49,769 INFO: Plan 1: ḡ=1, γE[v]=0.0, Q=1.0 (fn)
2026-09-23 14:41:50,468 INFO: Plan 0: ḡ=5, γE[v]=0.5, Q=5.5 (fn)
2026-09-23 14:41:50,470 INFO: Plan 0: ḡ=1.2, γE[v]=1.8, Q=3.0 (bayes)
2026-09-23 14:41:50,470 INFO: Plan 1: ḡ=0.2, γE[v]=2.2, Q=2.5 (bayes)
2026-09-23 14:41:50,471 INFO: Plan 2: ḡ=3.2, γE[v]=0.8, Q=4.0 (bayes)
2026-09-23 14:41:50,758 INFO: Plan 0: ḡ=2, γE[v]=0.0, Q=2.0 (fn)
2026-09-23 14:41:51,029 INFO: Plan 2: ḡ=7, γE[v]=0.0, Q=7.0 (fn)
  [9/93] click.formatting seed=42: {'random': 12, 'cov_qvalue_tgt_fnt_bayes': 49}
2026-09-23 14:41:51,681 INFO: Plan 1: ḡ=10, γE[v]=0.0, Q=10.0 (fn)
2026-09-23 14:41:51,683 INFO: Plan 0: ḡ=0.5, γE[v]=2.1, Q=2.6 (bayes)
2026-09-23 14:41:51,684 INFO: Plan 1: ḡ=2.5, γE[v]=1.1, Q=3.6 (bayes)
2026-09-23 14:41:51,685 INFO: Plan 2: ḡ=1.8, γE[v]=1.5, Q=3.2 (bayes)
  [10/93] requests.adapters seed=42: {'random': 51, 'cov_qvalue_tgt_fnt_bayes': 75}
2026-09-23 14:41:54,168 INFO: Plan 0: ḡ=56, γE[v]=0.0, Q=56.0 (fn)
2026-09-23 14:41:54,499 INFO: Plan 2: ḡ=66, γE[v]=2.5, Q=68.5 (fn)
2026-09-23 14:41:55,073 INFO: Plan 1: ḡ=90, γE[v]=9.0, Q=99.0 (fn)
2026-09-23 14:41:55,078 INFO: Plan 0: ḡ=26.7, γE[v]=57.5, Q=84.2 (bayes)
2026-09-23 14:41:55,079 INFO: Plan 1: ḡ=45.0, γE[v]=48.7, Q=93.7 (bayes)
2026-09-23 14:41:55,079 INFO: Plan 2: ḡ=29.5, γE[v]=56.2, Q=85.7 (bayes)
  [11/93] requests.utils seed=42: {'random': 5, 'cov_qvalue_tgt_fnt_bayes': 72}
2026-09-23 14:42:01,412 INFO: Plan 2: ḡ=16, γE[v]=0.0, Q=16.0 (fn)
2026-09-23 14:42:01,773 INFO: Plan 1: ḡ=33, γE[v]=0.0, Q=33.0 (fn)
2026-09-23 14:42:02,520 INFO: Plan 0: ḡ=34, γE[v]=0.0, Q=34.0 (fn)
2026-09-23 14:42:02,522 INFO: Plan 0: ḡ=14.8, γE[v]=8.2, Q=23.0 (bayes)
2026-09-23 14:42:02,523 INFO: Plan 1: ḡ=12.3, γE[v]=9.4, Q=21.8 (bayes)
2026-09-23 14:42:02,523 INFO: Plan 2: ḡ=8.0, γE[v]=11.6, Q=19.6 (bayes)
  [12/93] flask.app seed=42: {'random': 2, 'cov_qvalue_tgt_fnt_bayes': 88}
2026-09-23 14:42:05,538 INFO: Plan 0: ḡ=52, γE[v]=0.0, Q=52.0 (fn)
2026-09-23 14:42:05,578 INFO: Plan 1: ḡ=20, γE[v]=0.0, Q=20.0 (fn)
2026-09-23 14:42:05,944 INFO: Plan 0: ḡ=65, γE[v]=0.0, Q=65.0 (fn)
2026-09-23 14:42:06,156 INFO: Plan 2: ḡ=19, γE[v]=0.0, Q=19.0 (fn)
2026-09-23 14:42:06,158 INFO: Plan 0: ḡ=29.2, γE[v]=9.8, Q=38.9 (bayes)
2026-09-23 14:42:06,159 INFO: Plan 1: ḡ=10.0, γE[v]=19.3, Q=29.3 (bayes)
2026-09-23 14:42:06,159 INFO: Plan 2: ḡ=9.5, γE[v]=19.6, Q=29.1 (bayes)
  [13/93] click.termui seed=42: {'random': 7, 'cov_qvalue_tgt_fnt_bayes': 37}
2026-09-23 14:42:08,588 INFO: Plan 1: ḡ=47, γE[v]=32.5, Q=79.5 (fn)
2026-09-23 14:42:09,780 INFO: Plan 2: ḡ=87, γE[v]=14.5, Q=101.5 (fn)
2026-09-23 14:42:09,781 INFO: Plan 0: ḡ=13.0, γE[v]=8.2, Q=21.2 (bayes)
2026-09-23 14:42:09,782 INFO: Plan 1: ḡ=11.8, γE[v]=11.1, Q=22.8 (bayes)
2026-09-23 14:42:09,783 INFO: Plan 2: ḡ=21.8, γE[v]=4.9, Q=26.6 (bayes)
  [14/93] rich.syntax seed=42: {'random': 45, 'cov_qvalue_tgt_fnt_bayes': 44}
2026-09-23 14:42:11,496 INFO: Plan 2: ḡ=21, γE[v]=0.0, Q=21.0 (fn)
2026-09-23 14:42:16,517 INFO: Plan 0: ḡ=23, γE[v]=5.0, Q=28.0 (fn)
2026-09-23 14:42:18,055 INFO: Plan 1: ḡ=9, γE[v]=13.5, Q=22.5 (fn)
2026-09-23 14:42:18,057 INFO: Plan 0: ḡ=11.5, γE[v]=25.4, Q=36.9 (bayes)
2026-09-23 14:42:18,058 INFO: Plan 1: ḡ=4.5, γE[v]=29.2, Q=33.7 (bayes)
2026-09-23 14:42:18,058 INFO: Plan 2: ḡ=7.8, γE[v]=27.0, Q=34.8 (bayes)
  [15/93] requests.cookies seed=42: {'random': 8, 'cov_qvalue_tgt_fnt_bayes': 49}
2026-09-23 14:42:19,873 INFO: Plan 2: ḡ=2, γE[v]=0.0, Q=2.0 (fn)
2026-09-23 14:42:20,409 INFO: Plan 0: ḡ=3, γE[v]=0.0, Q=3.0 (fn)
2026-09-23 14:42:23,457 INFO: Plan 1: ḡ=6, γE[v]=1.5, Q=7.5 (fn)
2026-09-23 14:42:23,460 INFO: Plan 0: ḡ=0.8, γE[v]=0.8, Q=1.6 (bayes)
2026-09-23 14:42:23,468 INFO: Plan 1: ḡ=1.7, γE[v]=0.5, Q=2.1 (bayes)
2026-09-23 14:42:23,472 INFO: Plan 2: ḡ=0.7, γE[v]=0.9, Q=1.5 (bayes)
2026-09-23 14:42:24,159 INFO: Plan 1: ḡ=22, γE[v]=2.5, Q=24.5 (fn)
2026-09-23 14:42:24,161 INFO: Plan 0: ḡ=23, γE[v]=0.0, Q=23.0 (fn)
2026-09-23 14:42:24,490 INFO: Plan 0: ḡ=5, γE[v]=6.5, Q=11.5 (fn)
  [16/93] flask.json.tag seed=42: {'random': 16, 'cov_qvalue_tgt_fnt_bayes': 22}
2026-09-23 14:42:25,786 INFO: Plan 2: ḡ=14, γE[v]=6.5, Q=20.5 (fn)
2026-09-23 14:42:25,788 INFO: Plan 0: ḡ=1.2, γE[v]=3.6, Q=4.8 (bayes)
2026-09-23 14:42:25,789 INFO: Plan 1: ḡ=6.2, γE[v]=0.8, Q=7.0 (bayes)
2026-09-23 14:42:25,789 INFO: Plan 2: ḡ=4.2, γE[v]=2.1, Q=6.3 (bayes)
2026-09-23 14:42:26,404 INFO: Plan 1: ḡ=29, γE[v]=0.0, Q=29.0 (fn)
  [17/93] rich.pretty seed=42: {'random': 9, 'cov_qvalue_tgt_fnt_bayes': 79}
2026-09-23 14:42:29,580 INFO: Plan 0: ḡ=9, γE[v]=2.5, Q=11.5 (fn)
2026-09-23 14:42:30,649 INFO: Plan 1: ḡ=11, γE[v]=3.5, Q=14.5 (fn)
2026-09-23 14:42:31,250 INFO: Plan 2: ḡ=116, γE[v]=13.0, Q=129.0 (fn)
2026-09-23 14:42:31,252 INFO: Plan 0: ḡ=6.4, γE[v]=20.5, Q=26.9 (bayes)
2026-09-23 14:42:31,255 INFO: Plan 1: ḡ=10.0, γE[v]=18.7, Q=28.7 (bayes)
2026-09-23 14:42:31,256 INFO: Plan 2: ḡ=38.6, γE[v]=5.2, Q=43.8 (bayes)
2026-09-23 14:42:31,991 INFO: Plan 2: ḡ=8, γE[v]=5.0, Q=13.0 (fn)
2026-09-23 14:42:31,993 INFO: Plan 0: ḡ=3.0, γE[v]=1.5, Q=4.5 (bayes)
2026-09-23 14:42:31,994 INFO: Plan 1: ḡ=3.7, γE[v]=1.3, Q=4.9 (bayes)
2026-09-23 14:42:31,995 INFO: Plan 2: ḡ=2.4, γE[v]=2.0, Q=4.4 (bayes)
  [18/93] click.shell_completion seed=42: {'random': 4, 'cov_qvalue_tgt_fnt_bayes': 20}
2026-09-23 14:42:33,177 INFO: Plan 2: ḡ=166, γE[v]=29.0, Q=195.0 (fn)
  [19/93] click.testing seed=42: {'random': 27, 'cov_qvalue_tgt_fnt_bayes': 58}
2026-09-23 14:42:33,607 INFO: Plan 0: ḡ=64, γE[v]=86.5, Q=150.5 (fn)
2026-09-23 14:42:34,826 INFO: Plan 1: ḡ=58, γE[v]=84.5, Q=142.5 (fn)
2026-09-23 14:42:34,828 INFO: Plan 0: ḡ=21.7, γE[v]=52.1, Q=73.8 (bayes)
2026-09-23 14:42:34,829 INFO: Plan 1: ḡ=21.5, γE[v]=52.1, Q=73.6 (bayes)
2026-09-23 14:42:34,832 INFO: Plan 2: ḡ=75.5, γE[v]=22.6, Q=98.1 (bayes)
2026-09-23 14:42:36,354 INFO: Plan 0: ḡ=44, γE[v]=0.0, Q=44.0 (fn)
2026-09-23 14:42:36,384 INFO: Plan 2: ḡ=116, γE[v]=0.0, Q=116.0 (fn)
  [20/93] requests.models seed=42: {'random': 24, 'cov_qvalue_tgt_fnt_bayes': 90}
2026-09-23 14:42:40,270 INFO: Plan 1: ḡ=46, γE[v]=0.0, Q=46.0 (fn)
2026-09-23 14:42:40,562 INFO: Plan 0: ḡ=30, γE[v]=8.0, Q=38.0 (fn)
2026-09-23 14:42:41,073 INFO: Plan 2: ḡ=46, γE[v]=0.0, Q=46.0 (fn)
2026-09-23 14:42:41,077 INFO: Plan 0: ḡ=10.0, γE[v]=3.1, Q=13.2 (bayes)
2026-09-23 14:42:41,078 INFO: Plan 1: ḡ=15.3, γE[v]=0.0, Q=15.3 (bayes)
2026-09-23 14:42:41,079 INFO: Plan 2: ḡ=15.3, γE[v]=0.0, Q=15.3 (bayes)
2026-09-23 14:42:42,033 INFO: Plan 0: ḡ=0, γE[v]=0.0, Q=0.0 (fn)
2026-09-23 14:42:42,285 INFO: Plan 1: ḡ=0, γE[v]=0.0, Q=0.0 (fn)
2026-09-23 14:42:42,328 INFO: Plan 2: ḡ=0, γE[v]=0.0, Q=0.0 (fn)
  [21/93] click.decorators seed=42: {'random': 29, 'cov_qvalue_tgt_fnt_bayes': 45}
2026-09-23 14:42:42,566 INFO: Plan 2: ḡ=63, γE[v]=0.0, Q=63.0 (fn)
2026-09-23 14:42:42,847 INFO: Plan 0: ḡ=20, γE[v]=0.0, Q=20.0 (fn)
2026-09-23 14:42:42,851 INFO: Plan 0: ḡ=5.0, γE[v]=0.0, Q=5.0 (bayes)
2026-09-23 14:42:42,852 INFO: Plan 1: ḡ=0.0, γE[v]=2.5, Q=2.5 (bayes)
2026-09-23 14:42:42,852 INFO: Plan 2: ḡ=0.0, γE[v]=2.5, Q=2.5 (bayes)
  [22/93] rich.traceback seed=42: {'random': 62, 'cov_qvalue_tgt_fnt_bayes': 62}
2026-09-23 14:42:45,005 INFO: Plan 2: ḡ=18, γE[v]=0.0, Q=18.0 (fn)
2026-09-23 14:42:45,046 INFO: Plan 1: ḡ=30, γE[v]=0.0, Q=30.0 (fn)
2026-09-23 14:42:45,367 INFO: Plan 2: ḡ=4, γE[v]=0.0, Q=4.0 (fn)
2026-09-23 14:42:46,134 INFO: Plan 0: ḡ=8, γE[v]=0.0, Q=8.0 (fn)
2026-09-23 14:42:46,139 INFO: Plan 2: ḡ=109, γE[v]=0.0, Q=109.0 (fn)
2026-09-23 14:42:46,645 INFO: Plan 0: ḡ=21, γE[v]=8.0, Q=29.0 (fn)
2026-09-23 14:42:46,648 INFO: Plan 0: ḡ=6.2, γE[v]=11.0, Q=17.3 (bayes)
2026-09-23 14:42:46,656 INFO: Plan 1: ḡ=15.0, γE[v]=6.3, Q=21.3 (bayes)
2026-09-23 14:42:46,658 INFO: Plan 2: ḡ=8.3, γE[v]=9.6, Q=18.0 (bayes)
2026-09-23 14:42:47,653 INFO: Plan 1: ḡ=209, γE[v]=85.5, Q=294.5 (fn)
2026-09-23 14:42:47,655 INFO: Plan 0: ḡ=14.7, γE[v]=44.9, Q=59.5 (bayes)
2026-09-23 14:42:47,656 INFO: Plan 1: ḡ=52.8, γE[v]=31.3, Q=84.0 (bayes)
2026-09-23 14:42:47,656 INFO: Plan 2: ḡ=31.0, γE[v]=36.7, Q=67.7 (bayes)
  [23/93] rich.markdown seed=42: {'random': 18, 'cov_qvalue_tgt_fnt_bayes': 88}
  [24/93] jinja2.ext seed=42: {'random': 4, 'cov_qvalue_tgt_fnt_bayes': 34}
2026-09-23 14:42:49,424 INFO: Plan 1: ḡ=95, γE[v]=35.5, Q=130.5 (fn)
2026-09-23 14:42:49,426 INFO: Plan 0: ḡ=0.0, γE[v]=37.9, Q=37.9 (bayes)
2026-09-23 14:42:49,436 INFO: Plan 1: ḡ=42.5, γE[v]=18.4, Q=60.9 (bayes)
2026-09-23 14:42:49,446 INFO: Plan 2: ḡ=24.3, γE[v]=25.8, Q=50.1 (bayes)
2026-09-23 14:42:50,032 INFO: Plan 1: ḡ=5, γE[v]=6.0, Q=11.0 (fn)
2026-09-23 14:42:50,034 INFO: Plan 0: ḡ=2.0, γE[v]=1.2, Q=3.2 (bayes)
2026-09-23 14:42:50,034 INFO: Plan 1: ḡ=1.3, γE[v]=1.9, Q=3.2 (bayes)
2026-09-23 14:42:50,035 INFO: Plan 2: ḡ=1.0, γE[v]=1.7, Q=2.7 (bayes)
  [25/93] jinja2.parser seed=42: {'random': 8, 'cov_qvalue_tgt_fnt_bayes': 153}
2026-09-23 14:42:51,077 INFO: Plan 0: ḡ=97, γE[v]=6.5, Q=103.5 (fn)
2026-09-23 14:42:51,362 INFO: Plan 1: ḡ=380, γE[v]=0.0, Q=380.0 (fn)
  [26/93] flask.ctx seed=42: {'random': 2, 'cov_qvalue_tgt_fnt_bayes': 26}
2026-09-23 14:42:52,997 INFO: Plan 0: ḡ=192, γE[v]=110.5, Q=302.5 (fn)
2026-09-23 14:42:52,999 INFO: Plan 0: ḡ=58.2, γE[v]=276.5, Q=334.7 (bayes)
2026-09-23 14:42:53,000 INFO: Plan 1: ḡ=106.2, γE[v]=247.2, Q=353.4 (bayes)
2026-09-23 14:42:53,000 INFO: Plan 2: ḡ=43.3, γE[v]=278.7, Q=322.0 (bayes)
2026-09-23 14:42:53,025 INFO: Plan 0: ḡ=13, γE[v]=0.0, Q=13.0 (fn)
2026-09-23 14:42:53,546 INFO: Plan 2: ḡ=6, γE[v]=0.0, Q=6.0 (fn)
2026-09-23 14:42:53,702 INFO: Plan 1: ḡ=20, γE[v]=0.0, Q=20.0 (fn)
2026-09-23 14:42:53,704 INFO: Plan 0: ḡ=5.7, γE[v]=6.5, Q=12.2 (bayes)
2026-09-23 14:42:53,705 INFO: Plan 1: ḡ=10.0, γE[v]=4.3, Q=14.3 (bayes)
2026-09-23 14:42:53,705 INFO: Plan 2: ḡ=3.0, γE[v]=7.8, Q=10.8 (bayes)
2026-09-23 14:42:54,180 INFO: Plan 0: ḡ=152, γE[v]=0.0, Q=152.0 (fn)
2026-09-23 14:42:54,359 INFO: Plan 0: ḡ=1, γE[v]=0.0, Q=1.0 (fn)
  [27/93] click.core seed=42: {'random': 54, 'cov_qvalue_tgt_fnt_bayes': 171}
2026-09-23 14:42:54,882 INFO: Plan 1: ḡ=6, γE[v]=0.0, Q=6.0 (fn)
2026-09-23 14:42:55,170 INFO: Plan 2: ḡ=6, γE[v]=0.0, Q=6.0 (fn)
2026-09-23 14:42:55,171 INFO: Plan 0: ḡ=0.5, γE[v]=1.0, Q=1.5 (bayes)
2026-09-23 14:42:55,172 INFO: Plan 1: ḡ=2.0, γE[v]=0.2, Q=2.2 (bayes)
2026-09-23 14:42:55,173 INFO: Plan 2: ḡ=2.0, γE[v]=0.2, Q=2.2 (bayes)
2026-09-23 14:42:55,290 INFO: Plan 1: ḡ=21, γE[v]=0.0, Q=21.0 (fn)
  [28/93] flask.helpers seed=42: {'random': 3, 'cov_qvalue_tgt_fnt_bayes': 11}
  [29/93] flask.testing seed=42: {'random': 6, 'cov_qvalue_tgt_fnt_bayes': 29}
2026-09-23 14:42:57,504 INFO: Plan 2: ḡ=22, γE[v]=1.5, Q=23.5 (fn)
2026-09-23 14:42:57,507 INFO: Plan 0: ḡ=75.0, γE[v]=15.0, Q=90.0 (bayes)
2026-09-23 14:42:57,507 INFO: Plan 1: ḡ=9.3, γE[v]=47.8, Q=57.2 (bayes)
2026-09-23 14:42:57,508 INFO: Plan 2: ḡ=11.0, γE[v]=47.1, Q=58.1 (bayes)
2026-09-23 14:42:58,525 INFO: Plan 0: ḡ=17, γE[v]=2.5, Q=19.5 (fn)
  [30/93] jinja2.utils seed=42: {'random': 10, 'cov_qvalue_tgt_fnt_bayes': 34}
2026-09-23 14:42:59,347 INFO: Plan 1: ḡ=56, γE[v]=0.0, Q=56.0 (fn)
2026-09-23 14:42:59,859 INFO: Plan 2: ḡ=99, γE[v]=0.0, Q=99.0 (fn)
2026-09-23 14:42:59,860 INFO: Plan 0: ḡ=8.5, γE[v]=85.4, Q=94.0 (bayes)
2026-09-23 14:42:59,860 INFO: Plan 1: ḡ=28.0, γE[v]=75.6, Q=103.6 (bayes)
2026-09-23 14:42:59,860 INFO: Plan 2: ḡ=39.7, γE[v]=69.8, Q=109.4 (bayes)
2026-09-23 14:43:00,724 INFO: Plan 0: ḡ=20, γE[v]=0.0, Q=20.0 (fn)
2026-09-23 14:43:00,725 INFO: Plan 2: ḡ=23, γE[v]=0.0, Q=23.0 (fn)
2026-09-23 14:43:01,329 INFO: Plan 1: ḡ=249, γE[v]=37.0, Q=286.0 (fn)
  [31/93] rich.text seed=42: {'random': 26, 'cov_qvalue_tgt_fnt_bayes': 115}
2026-09-23 14:43:02,108 INFO: Plan 0: ḡ=64, γE[v]=0.0, Q=64.0 (fn)
2026-09-23 14:43:02,583 INFO: Plan 2: ḡ=241, γE[v]=41.0, Q=282.0 (fn)
2026-09-23 14:43:02,584 INFO: Plan 0: ḡ=32.2, γE[v]=28.8, Q=61.1 (bayes)
2026-09-23 14:43:02,584 INFO: Plan 1: ḡ=64.4, γE[v]=14.5, Q=78.9 (bayes)
2026-09-23 14:43:02,584 INFO: Plan 2: ḡ=62.4, γE[v]=15.8, Q=78.2 (bayes)
2026-09-23 14:43:02,981 INFO: Plan 2: ḡ=8, γE[v]=1.0, Q=9.0 (fn)
  [32/93] click.parser seed=42: {'random': 19, 'cov_qvalue_tgt_fnt_bayes': 4}
2026-09-23 14:43:04,569 INFO: Plan 1: ḡ=73, γE[v]=15.0, Q=88.0 (fn)
2026-09-23 14:43:04,570 INFO: Plan 0: ḡ=22.0, γE[v]=34.5, Q=56.5 (bayes)
2026-09-23 14:43:04,570 INFO: Plan 1: ḡ=36.0, γE[v]=28.4, Q=64.4 (bayes)
2026-09-23 14:43:04,570 INFO: Plan 2: ḡ=4.0, γE[v]=43.5, Q=47.5 (bayes)
2026-09-23 14:43:05,689 INFO: Plan 1: ḡ=82, γE[v]=13.5, Q=95.5 (fn)
2026-09-23 14:43:05,690 INFO: Plan 0: ḡ=5.0, γE[v]=11.1, Q=16.1 (bayes)
2026-09-23 14:43:05,691 INFO: Plan 1: ḡ=20.5, γE[v]=4.3, Q=24.8 (bayes)
2026-09-23 14:43:05,693 INFO: Plan 2: ḡ=5.8, γE[v]=10.8, Q=16.5 (bayes)
2026-09-23 14:43:05,766 INFO: Plan 1: ḡ=0, γE[v]=0.0, Q=0.0 (fn)
2026-09-23 14:43:05,766 INFO: Plan 2: ḡ=0, γE[v]=0.0, Q=0.0 (fn)
  [33/93] rich.style seed=42: {'random': 79, 'cov_qvalue_tgt_fnt_bayes': 97}
2026-09-23 14:43:06,453 INFO: Plan 0: ḡ=12, γE[v]=0.0, Q=12.0 (fn)
2026-09-23 14:43:06,453 INFO: Plan 0: ḡ=3.0, γE[v]=0.0, Q=3.0 (bayes)
2026-09-23 14:43:06,454 INFO: Plan 1: ḡ=0.0, γE[v]=1.5, Q=1.5 (bayes)
2026-09-23 14:43:06,454 INFO: Plan 2: ḡ=0.0, γE[v]=1.5, Q=1.5 (bayes)
2026-09-23 14:43:07,080 INFO: Plan 2: ḡ=14, γE[v]=0.0, Q=14.0 (fn)
2026-09-23 14:43:07,321 INFO: Plan 0: ḡ=10, γE[v]=0.0, Q=10.0 (fn)
2026-09-23 14:43:07,470 INFO: Plan 0: ḡ=55, γE[v]=0.0, Q=55.0 (fn)
  [34/93] flask.config seed=42: {'random': 28, 'cov_qvalue_tgt_fnt_bayes': 25}
2026-09-23 14:43:07,927 INFO: Plan 1: ḡ=7, γE[v]=0.0, Q=7.0 (fn)
2026-09-23 14:43:07,928 INFO: Plan 0: ḡ=2.7, γE[v]=2.5, Q=5.2 (bayes)
2026-09-23 14:43:07,928 INFO: Plan 1: ḡ=1.8, γE[v]=3.0, Q=4.8 (bayes)
2026-09-23 14:43:07,928 INFO: Plan 2: ḡ=3.5, γE[v]=2.1, Q=5.6 (bayes)
  [35/93] flask.templating seed=42: {'random': 2, 'cov_qvalue_tgt_fnt_bayes': 47}
2026-09-23 14:43:08,972 INFO: Plan 2: ḡ=31, γE[v]=0.0, Q=31.0 (fn)
  [36/93] rich.color seed=42: {'random': 26, 'cov_qvalue_tgt_fnt_bayes': 55}
2026-09-23 14:43:09,413 INFO: Plan 2: ḡ=36, γE[v]=0.0, Q=36.0 (fn)
2026-09-23 14:43:09,894 INFO: Plan 1: ḡ=82, γE[v]=0.0, Q=82.0 (fn)
2026-09-23 14:43:10,069 INFO: Plan 0: ḡ=46, γE[v]=0.0, Q=46.0 (fn)
2026-09-23 14:43:10,070 INFO: Plan 0: ḡ=23.0, γE[v]=104.2, Q=127.2 (bayes)
2026-09-23 14:43:10,070 INFO: Plan 1: ḡ=34.0, γE[v]=98.8, Q=132.8 (bayes)
2026-09-23 14:43:10,070 INFO: Plan 2: ḡ=18.0, γE[v]=106.8, Q=124.8 (bayes)
2026-09-23 14:43:10,872 INFO: Plan 2: ḡ=91, γE[v]=0.0, Q=91.0 (fn)
2026-09-23 14:43:11,118 INFO: Plan 0: ḡ=80, γE[v]=0.0, Q=80.0 (fn)
  [37/93] jinja2.filters seed=42: {'random': 127, 'cov_qvalue_tgt_fnt_bayes': 158}
2026-09-23 14:43:11,761 INFO: Plan 2: ḡ=59, γE[v]=0.0, Q=59.0 (fn)
2026-09-23 14:43:11,935 INFO: Plan 1: ḡ=44, γE[v]=0.0, Q=44.0 (fn)
2026-09-23 14:43:11,935 INFO: Plan 0: ḡ=29.3, γE[v]=21.5, Q=50.8 (bayes)
2026-09-23 14:43:11,936 INFO: Plan 1: ḡ=22.0, γE[v]=25.2, Q=47.2 (bayes)
2026-09-23 14:43:11,936 INFO: Plan 2: ḡ=29.5, γE[v]=21.4, Q=50.9 (bayes)
  [38/93] jinja2.loaders seed=42: {'random': 24, 'cov_qvalue_tgt_fnt_bayes': 63}
2026-09-23 14:43:14,758 INFO: Plan 2: ḡ=49, γE[v]=0.0, Q=49.0 (fn)
2026-09-23 14:43:14,798 INFO: Plan 0: ḡ=62, γE[v]=32.5, Q=94.5 (fn)
2026-09-23 14:43:15,178 INFO: Plan 0: ḡ=29, γE[v]=0.0, Q=29.0 (fn)
2026-09-23 14:43:16,903 INFO: Plan 1: ḡ=27, γE[v]=0.0, Q=27.0 (fn)
2026-09-23 14:43:16,903 INFO: Plan 0: ḡ=9.8, γE[v]=7.8, Q=17.6 (bayes)
2026-09-23 14:43:16,903 INFO: Plan 1: ḡ=9.2, γE[v]=8.1, Q=17.3 (bayes)
2026-09-23 14:43:16,903 INFO: Plan 2: ḡ=12.2, γE[v]=6.6, Q=18.8 (bayes)
  [39/93] rich.layout seed=42: {'random': 17, 'cov_qvalue_tgt_fnt_bayes': 64}
2026-09-23 14:43:19,021 INFO: Plan 1: ḡ=85, γE[v]=36.0, Q=121.0 (fn)
2026-09-23 14:43:19,021 INFO: Plan 0: ḡ=23.0, γE[v]=63.8, Q=86.8 (bayes)
2026-09-23 14:43:19,021 INFO: Plan 1: ḡ=29.2, γE[v]=62.6, Q=91.7 (bayes)
2026-09-23 14:43:19,021 INFO: Plan 2: ḡ=15.0, γE[v]=67.8, Q=82.8 (bayes)
2026-09-23 14:43:20,003 INFO: Plan 2: ḡ=3, γE[v]=0.0, Q=3.0 (fn)
  [40/93] jinja2.environment seed=42: {'random': 58, 'cov_qvalue_tgt_fnt_bayes': 97}
2026-09-23 14:43:21,068 INFO: Plan 1: ḡ=4, γE[v]=0.0, Q=4.0 (fn)
2026-09-23 14:43:21,752 INFO: Plan 1: ḡ=117, γE[v]=67.5, Q=184.5 (fn)
2026-09-23 14:43:21,753 INFO: Plan 0: ḡ=31.0, γE[v]=41.1, Q=72.1 (bayes)
2026-09-23 14:43:21,753 INFO: Plan 1: ḡ=56.3, γE[v]=30.6, Q=86.9 (bayes)
2026-09-23 14:43:21,753 INFO: Plan 2: ḡ=31.8, γE[v]=39.2, Q=71.0 (bayes)
  [41/93] flask.cli seed=42: {'random': 67, 'cov_qvalue_tgt_fnt_bayes': 131}
2026-09-23 14:43:26,047 INFO: Plan 0: ḡ=41, γE[v]=0.0, Q=41.0 (fn)
2026-09-23 14:43:26,283 INFO: Plan 0: ḡ=163, γE[v]=17.5, Q=180.5 (fn)
2026-09-23 14:43:26,284 INFO: Plan 0: ḡ=42.8, γE[v]=7.8, Q=50.6 (bayes)
2026-09-23 14:43:26,284 INFO: Plan 1: ḡ=1.0, γE[v]=27.6, Q=28.6 (bayes)
2026-09-23 14:43:26,284 INFO: Plan 2: ḡ=0.8, γE[v]=27.7, Q=28.5 (bayes)
2026-09-23 14:43:26,960 INFO: Plan 2: ḡ=50, γE[v]=0.0, Q=50.0 (fn)
  [42/93] requests.sessions seed=42: {'random': 11, 'cov_qvalue_tgt_fnt_bayes': 38}
2026-09-23 14:43:29,654 INFO: Plan 0: ḡ=34, γE[v]=0.0, Q=34.0 (fn)
2026-09-23 14:43:29,655 INFO: Plan 0: ḡ=27, γE[v]=0.0, Q=27.0 (fn)
2026-09-23 14:43:30,772 INFO: Plan 2: ḡ=54, γE[v]=0.0, Q=54.0 (fn)
2026-09-23 14:43:31,031 INFO: Plan 1: ḡ=35, γE[v]=0.0, Q=35.0 (fn)
2026-09-23 14:43:31,032 INFO: Plan 0: ḡ=15.5, γE[v]=54.8, Q=70.2 (bayes)
2026-09-23 14:43:31,032 INFO: Plan 1: ḡ=11.2, γE[v]=56.9, Q=68.1 (bayes)
2026-09-23 14:43:31,032 INFO: Plan 2: ḡ=17.5, γE[v]=53.8, Q=71.2 (bayes)
2026-09-23 14:43:31,200 INFO: Plan 2: ḡ=30, γE[v]=0.0, Q=30.0 (fn)
2026-09-23 14:43:32,638 INFO: Plan 1: ḡ=30, γE[v]=0.0, Q=30.0 (fn)
2026-09-23 14:43:32,639 INFO: Plan 0: ḡ=13.2, γE[v]=54.4, Q=67.6 (bayes)
2026-09-23 14:43:32,639 INFO: Plan 1: ḡ=12.3, γE[v]=54.8, Q=67.2 (bayes)
2026-09-23 14:43:32,639 INFO: Plan 2: ḡ=25.0, γE[v]=48.5, Q=73.5 (bayes)
  [43/93] jinja2.nodes seed=42: {'random': 8, 'cov_qvalue_tgt_fnt_bayes': 9}
  [44/93] rich.progress seed=42: {'random': 121, 'cov_qvalue_tgt_fnt_bayes': 140}
2026-09-23 14:43:40,536 INFO: Plan 1: ḡ=42, γE[v]=0.0, Q=42.0 (fn)
2026-09-23 14:43:40,674 INFO: Plan 1: ḡ=10, γE[v]=19.5, Q=29.5 (fn)
2026-09-23 14:43:40,676 INFO: Plan 0: ḡ=10.2, γE[v]=57.1, Q=67.2 (bayes)
2026-09-23 14:43:40,676 INFO: Plan 1: ḡ=5.0, γE[v]=60.5, Q=65.5 (bayes)
2026-09-23 14:43:40,676 INFO: Plan 2: ḡ=13.7, γE[v]=55.3, Q=69.0 (bayes)
2026-09-23 14:43:42,070 INFO: Plan 2: ḡ=12, γE[v]=0.0, Q=12.0 (fn)
  [45/93] jinja2.runtime seed=42: {'random': 66, 'cov_qvalue_tgt_fnt_bayes': 97}
2026-09-23 14:43:43,256 INFO: Plan 0: ḡ=47, γE[v]=0.0, Q=47.0 (fn)
2026-09-23 14:43:43,256 INFO: Plan 0: ḡ=18.0, γE[v]=79.0, Q=97.0 (bayes)
2026-09-23 14:43:43,256 INFO: Plan 1: ḡ=17.8, γE[v]=79.1, Q=96.9 (bayes)
2026-09-23 14:43:43,256 INFO: Plan 2: ḡ=6.0, γE[v]=85.0, Q=91.0 (bayes)
  [46/93] jinja2.compiler seed=42: {'random': 29, 'cov_qvalue_tgt_fnt_bayes': 232}
2026-09-23 14:43:51,144 INFO: Plan 2: ḡ=90, γE[v]=0.0, Q=90.0 (fn)
2026-09-23 14:43:52,644 INFO: Plan 0: ḡ=23, γE[v]=49.5, Q=72.5 (fn)
2026-09-23 14:43:53,954 INFO: Plan 1: ḡ=87, γE[v]=42.0, Q=129.0 (fn)
2026-09-23 14:43:53,955 INFO: Plan 0: ḡ=11.5, γE[v]=59.6, Q=71.0 (bayes)
2026-09-23 14:43:53,955 INFO: Plan 1: ḡ=31.7, γE[v]=48.9, Q=80.6 (bayes)
2026-09-23 14:43:53,955 INFO: Plan 2: ḡ=30.0, γE[v]=47.3, Q=77.3 (bayes)
  [47/93] rich.segment seed=42: {'random': 56, 'cov_qvalue_tgt_fnt_bayes': 56}
2026-09-23 14:43:56,966 INFO: Plan 0: ḡ=48, γE[v]=0.0, Q=48.0 (fn)
2026-09-23 14:44:02,031 INFO: Plan 1: ḡ=31, γE[v]=17.5, Q=48.5 (fn)
2026-09-23 14:44:06,577 INFO: Plan 2: ḡ=253, γE[v]=42.5, Q=295.5 (fn)
2026-09-23 14:44:06,578 INFO: Plan 0: ḡ=20.7, γE[v]=46.8, Q=67.4 (bayes)
2026-09-23 14:44:06,578 INFO: Plan 1: ḡ=8.7, γE[v]=53.9, Q=62.6 (bayes)
2026-09-23 14:44:06,578 INFO: Plan 2: ḡ=80.4, γE[v]=19.2, Q=99.6 (bayes)
  [48/93] jinja2.lexer seed=42: {'random': 9, 'cov_qvalue_tgt_fnt_bayes': 19}
2026-09-23 14:48:43,755 INFO: Plan 2: ḡ=74, γE[v]=0.0, Q=74.0 (fn)
2026-09-23 14:48:43,757 INFO: Plan 1: ḡ=70, γE[v]=0.0, Q=70.0 (fn)
2026-09-23 14:48:45,175 INFO: Plan 0: ḡ=92, γE[v]=34.0, Q=126.0 (fn)
2026-09-23 14:48:45,175 INFO: Plan 0: ḡ=46.0, γE[v]=18.5, Q=64.5 (bayes)
2026-09-23 14:48:45,175 INFO: Plan 1: ḡ=35.0, γE[v]=22.5, Q=57.5 (bayes)
2026-09-23 14:48:45,175 INFO: Plan 2: ḡ=37.0, γE[v]=21.5, Q=58.5 (bayes)
2026-09-23 14:48:46,167 INFO: Plan 1: ḡ=173, γE[v]=0.0, Q=173.0 (fn)
2026-09-23 14:48:51,295 INFO: Plan 0: ḡ=16, γE[v]=0.0, Q=16.0 (fn)
2026-09-23 14:48:53,400 INFO: Plan 0: ḡ=16, γE[v]=0.0, Q=16.0 (fn)
2026-09-23 14:48:53,410 INFO: Plan 1: ḡ=53, γE[v]=74.5, Q=127.5 (fn)
2026-09-23 14:48:53,436 INFO: Plan 2: ḡ=10, γE[v]=0.0, Q=10.0 (fn)
2026-09-23 14:48:53,721 INFO: Plan 0: ḡ=36, γE[v]=36.0, Q=72.0 (fn)
2026-09-23 14:48:54,289 INFO: Plan 2: ḡ=154, γE[v]=39.0, Q=193.0 (fn)
2026-09-23 14:48:54,290 INFO: Plan 0: ḡ=18.0, γE[v]=159.4, Q=177.4 (bayes)
2026-09-23 14:48:54,290 INFO: Plan 1: ḡ=26.5, γE[v]=156.9, Q=183.3 (bayes)
2026-09-23 14:48:54,290 INFO: Plan 2: ḡ=77.0, γE[v]=130.0, Q=207.0 (bayes)
2026-09-23 14:48:54,476 INFO: Plan 1: ḡ=40, γE[v]=0.0, Q=40.0 (fn)
2026-09-23 14:48:55,696 INFO: Plan 0: ḡ=74, γE[v]=100.5, Q=174.5 (fn)
2026-09-23 14:48:56,660 INFO: Plan 2: ḡ=114, γE[v]=94.0, Q=208.0 (fn)
2026-09-23 14:48:56,661 INFO: Plan 0: ḡ=37.0, γE[v]=154.0, Q=191.0 (bayes)
2026-09-23 14:48:56,661 INFO: Plan 1: ḡ=86.5, γE[v]=124.8, Q=211.2 (bayes)
2026-09-23 14:48:56,661 INFO: Plan 2: ḡ=57.0, γE[v]=143.7, Q=200.7 (bayes)
2026-09-23 14:48:58,362 INFO: Plan 1: ḡ=67, γE[v]=3.5, Q=70.5 (fn)
2026-09-23 14:48:58,364 INFO: Plan 2: ḡ=130, γE[v]=0.0, Q=130.0 (fn)
2026-09-23 14:48:58,365 INFO: Plan 0: ḡ=8.0, γE[v]=15.5, Q=23.5 (bayes)
2026-09-23 14:48:58,365 INFO: Plan 1: ḡ=33.5, γE[v]=2.9, Q=36.4 (bayes)
2026-09-23 14:48:58,365 INFO: Plan 2: ḡ=5.0, γE[v]=17.0, Q=22.0 (bayes)
2026-09-23 14:48:58,402 INFO: Plan 1: ḡ=90, γE[v]=0.0, Q=90.0 (fn)
2026-09-23 14:48:58,996 INFO: Plan 0: ḡ=104, γE[v]=0.0, Q=104.0 (fn)
2026-09-23 14:48:58,996 INFO: Plan 0: ḡ=52.0, γE[v]=38.0, Q=90.0 (bayes)
2026-09-23 14:48:58,997 INFO: Plan 1: ḡ=45.0, γE[v]=41.5, Q=86.5 (bayes)
2026-09-23 14:48:58,997 INFO: Plan 2: ḡ=65.0, γE[v]=31.5, Q=96.5 (bayes)
2026-09-23 14:49:02,019 INFO: Plan 0: ḡ=54, γE[v]=40.0, Q=94.0 (fn)
2026-09-23 14:49:02,799 INFO: Plan 1: ḡ=324, γE[v]=65.0, Q=389.0 (fn)
2026-09-23 14:49:04,073 INFO: Plan 2: ḡ=83, γE[v]=27.0, Q=110.0 (fn)
2026-09-23 14:49:04,074 INFO: Plan 0: ḡ=27.0, γE[v]=22.6, Q=49.5 (bayes)
2026-09-23 14:49:04,074 INFO: Plan 1: ḡ=20.0, γE[v]=24.2, Q=44.2 (bayes)
2026-09-23 14:49:04,074 INFO: Plan 2: ḡ=41.5, γE[v]=14.7, Q=56.2 (bayes)
2026-09-23 14:49:05,054 INFO: Plan 2: ḡ=42, γE[v]=0.0, Q=42.0 (fn)
2026-09-23 14:49:06,225 INFO: Plan 1: ḡ=215, γE[v]=0.0, Q=215.0 (fn)
2026-09-23 14:49:07,114 INFO: Plan 2: ḡ=99, γE[v]=0.0, Q=99.0 (fn)
2026-09-23 14:49:07,264 INFO: Plan 0: ḡ=93, γE[v]=13.0, Q=106.0 (fn)
2026-09-23 14:49:09,090 INFO: Plan 0: ḡ=163, γE[v]=64.5, Q=227.5 (fn)
2026-09-23 14:49:10,160 INFO: Plan 2: ḡ=643, γE[v]=77.0, Q=720.0 (fn)
2026-09-23 14:49:10,161 INFO: Plan 0: ḡ=8.0, γE[v]=241.5, Q=249.5 (bayes)
2026-09-23 14:49:10,161 INFO: Plan 1: ḡ=162.0, γE[v]=167.4, Q=329.4 (bayes)
2026-09-23 14:49:10,161 INFO: Plan 2: ḡ=321.5, γE[v]=88.2, Q=409.7 (bayes)
2026-09-23 14:49:10,340 INFO: Plan 1: ḡ=199, γE[v]=9.5, Q=208.5 (fn)
2026-09-23 14:49:10,340 INFO: Plan 0: ḡ=46.5, γE[v]=31.8, Q=78.3 (bayes)
2026-09-23 14:49:10,340 INFO: Plan 1: ḡ=99.5, γE[v]=5.2, Q=104.7 (bayes)
2026-09-23 14:49:10,340 INFO: Plan 2: ḡ=49.5, γE[v]=29.8, Q=79.2 (bayes)
2026-09-23 14:49:10,950 INFO: Plan 2: ḡ=367, γE[v]=0.0, Q=367.0 (fn)
2026-09-23 14:49:12,154 INFO: Plan 1: ḡ=88, γE[v]=102.0, Q=190.0 (fn)
2026-09-23 14:49:12,154 INFO: Plan 0: ḡ=81.5, γE[v]=35.2, Q=116.7 (bayes)
2026-09-23 14:49:12,154 INFO: Plan 1: ḡ=44.0, γE[v]=55.6, Q=99.6 (bayes)
2026-09-23 14:49:12,155 INFO: Plan 2: ḡ=21.0, γE[v]=62.5, Q=83.5 (bayes)
2026-09-23 14:49:12,583 INFO: Plan 0: ḡ=442, γE[v]=0.0, Q=442.0 (fn)
2026-09-23 14:49:12,584 INFO: Plan 0: ḡ=221.0, γE[v]=170.0, Q=391.0 (bayes)
2026-09-23 14:49:12,584 INFO: Plan 1: ḡ=107.5, γE[v]=226.8, Q=334.2 (bayes)
2026-09-23 14:49:12,584 INFO: Plan 2: ḡ=183.5, γE[v]=188.8, Q=372.2 (bayes)
2026-09-23 14:49:13,121 INFO: Plan 0: ḡ=38, γE[v]=0.0, Q=38.0 (fn)
2026-09-23 14:49:16,817 INFO: Plan 0: ḡ=29, γE[v]=0.0, Q=29.0 (fn)
2026-09-23 14:49:17,435 INFO: Plan 1: ḡ=62, γE[v]=0.5, Q=62.5 (fn)
2026-09-23 14:49:18,305 INFO: Plan 1: ḡ=23, γE[v]=0.0, Q=23.0 (fn)
2026-09-23 14:49:18,351 INFO: Plan 1: ḡ=52, γE[v]=0.0, Q=52.0 (fn)
2026-09-23 14:49:19,611 INFO: Plan 1: ḡ=100, γE[v]=0.0, Q=100.0 (fn)
2026-09-23 14:49:19,768 INFO: Plan 2: ḡ=53, γE[v]=0.0, Q=53.0 (fn)
2026-09-23 14:49:20,011 INFO: Plan 0: ḡ=35, γE[v]=0.0, Q=35.0 (fn)
2026-09-23 14:49:20,013 INFO: Plan 2: ḡ=15, γE[v]=2.0, Q=17.0 (fn)
2026-09-23 14:49:20,014 INFO: Plan 0: ḡ=19.0, γE[v]=95.5, Q=114.5 (bayes)
2026-09-23 14:49:20,014 INFO: Plan 1: ḡ=31.0, γE[v]=89.5, Q=120.5 (bayes)
2026-09-23 14:49:20,014 INFO: Plan 2: ḡ=7.5, γE[v]=101.3, Q=108.8 (bayes)
2026-09-23 14:49:21,173 INFO: Plan 1: ḡ=0, γE[v]=0.0, Q=0.0 (fn)
2026-09-23 14:49:21,451 INFO: Plan 0: ḡ=0, γE[v]=0.0, Q=0.0 (fn)
2026-09-23 14:49:21,790 INFO: Plan 2: ḡ=0, γE[v]=0.0, Q=0.0 (fn)
2026-09-23 14:49:21,791 INFO: Plan 0: ḡ=0.0, γE[v]=0.0, Q=0.0 (bayes)
2026-09-23 14:49:21,791 INFO: Plan 1: ḡ=0.0, γE[v]=0.0, Q=0.0 (bayes)
2026-09-23 14:49:21,791 INFO: Plan 2: ḡ=0.0, γE[v]=0.0, Q=0.0 (bayes)
2026-09-23 14:49:22,603 INFO: Plan 0: ḡ=55, γE[v]=12.5, Q=67.5 (fn)
2026-09-23 14:49:22,801 INFO: Plan 2: ḡ=60, γE[v]=1.5, Q=61.5 (fn)
2026-09-23 14:49:22,802 INFO: Plan 0: ḡ=17.5, γE[v]=45.2, Q=62.8 (bayes)
2026-09-23 14:49:22,802 INFO: Plan 1: ḡ=26.0, γE[v]=41.0, Q=67.0 (bayes)
2026-09-23 14:49:22,802 INFO: Plan 2: ḡ=30.0, γE[v]=39.1, Q=69.1 (bayes)
2026-09-23 14:49:23,733 INFO: Plan 0: ḡ=30, γE[v]=0.0, Q=30.0 (fn)
2026-09-23 14:49:23,972 INFO: Plan 2: ḡ=54, γE[v]=10.5, Q=64.5 (fn)
2026-09-23 14:49:23,973 INFO: Plan 0: ḡ=27.5, γE[v]=36.6, Q=64.1 (bayes)
2026-09-23 14:49:23,973 INFO: Plan 1: ḡ=50.0, γE[v]=24.8, Q=74.8 (bayes)
2026-09-23 14:49:23,973 INFO: Plan 2: ḡ=27.0, γE[v]=36.7, Q=63.7 (bayes)
2026-09-23 14:49:24,010 INFO: Plan 2: ḡ=52, γE[v]=0.0, Q=52.0 (fn)
2026-09-23 14:49:24,338 INFO: Plan 0: ḡ=28, γE[v]=0.0, Q=28.0 (fn)
2026-09-23 14:49:24,499 INFO: Plan 1: ḡ=51, γE[v]=0.0, Q=51.0 (fn)
2026-09-23 14:49:25,202 INFO: Plan 2: ḡ=35, γE[v]=0.0, Q=35.0 (fn)
2026-09-23 14:49:25,235 INFO: Plan 2: ḡ=38, γE[v]=6.5, Q=44.5 (fn)
2026-09-23 14:49:25,236 INFO: Plan 0: ḡ=14.0, γE[v]=5.8, Q=19.8 (bayes)
2026-09-23 14:49:25,236 INFO: Plan 1: ḡ=25.5, γE[v]=0.0, Q=25.5 (bayes)
2026-09-23 14:49:25,236 INFO: Plan 2: ḡ=19.0, γE[v]=3.5, Q=22.5 (bayes)
2026-09-23 14:49:25,718 INFO: Plan 1: ḡ=169, γE[v]=72.5, Q=241.5 (fn)
2026-09-23 14:49:26,123 INFO: Plan 1: ḡ=34, γE[v]=0.0, Q=34.0 (fn)
2026-09-23 14:49:26,123 INFO: Plan 0: ḡ=15.0, γE[v]=20.2, Q=35.2 (bayes)
2026-09-23 14:49:26,124 INFO: Plan 1: ḡ=17.0, γE[v]=19.2, Q=36.2 (bayes)
2026-09-23 14:49:26,124 INFO: Plan 2: ḡ=17.5, γE[v]=19.0, Q=36.5 (bayes)
2026-09-23 14:49:26,863 INFO: Plan 0: ḡ=34, γE[v]=19.5, Q=53.5 (fn)
2026-09-23 14:49:26,903 INFO: Plan 0: ḡ=157, γE[v]=30.5, Q=187.5 (fn)
2026-09-23 14:49:26,903 INFO: Plan 0: ḡ=78.5, γE[v]=53.9, Q=132.4 (bayes)
2026-09-23 14:49:26,904 INFO: Plan 1: ḡ=84.5, γE[v]=52.8, Q=137.3 (bayes)
2026-09-23 14:49:26,904 INFO: Plan 2: ḡ=26.5, γE[v]=78.5, Q=105.0 (bayes)
2026-09-23 14:49:29,789 INFO: Plan 0: ḡ=31, γE[v]=0.0, Q=31.0 (fn)
2026-09-23 14:49:30,747 INFO: Plan 2: ḡ=121, γE[v]=26.5, Q=147.5 (fn)
2026-09-23 14:49:30,748 INFO: Plan 0: ḡ=14.5, γE[v]=36.2, Q=50.8 (bayes)
2026-09-23 14:49:30,748 INFO: Plan 1: ḡ=11.5, γE[v]=37.8, Q=49.2 (bayes)
2026-09-23 14:49:30,748 INFO: Plan 2: ḡ=60.5, γE[v]=14.4, Q=74.9 (bayes)
2026-09-23 14:49:31,678 INFO: Plan 2: ḡ=67, γE[v]=0.0, Q=67.0 (fn)
2026-09-23 14:49:32,079 INFO: Plan 1: ḡ=203, γE[v]=0.0, Q=203.0 (fn)
2026-09-23 14:49:32,080 INFO: Plan 1: ḡ=32, γE[v]=8.0, Q=40.0 (fn)
2026-09-23 14:49:32,080 INFO: Plan 0: ḡ=17.0, γE[v]=22.6, Q=39.6 (bayes)
2026-09-23 14:49:32,080 INFO: Plan 1: ḡ=16.0, γE[v]=22.6, Q=38.6 (bayes)
2026-09-23 14:49:32,081 INFO: Plan 2: ḡ=26.0, γE[v]=17.2, Q=43.2 (bayes)
2026-09-23 14:49:32,869 INFO: Plan 2: ḡ=132, γE[v]=0.0, Q=132.0 (fn)
2026-09-23 14:49:33,275 INFO: Plan 0: ḡ=33, γE[v]=0.0, Q=33.0 (fn)
2026-09-23 14:49:33,276 INFO: Plan 0: ḡ=16.5, γE[v]=67.5, Q=84.0 (bayes)
2026-09-23 14:49:33,276 INFO: Plan 1: ḡ=101.5, γE[v]=25.0, Q=126.5 (bayes)
2026-09-23 14:49:33,276 INFO: Plan 2: ḡ=33.5, γE[v]=59.0, Q=92.5 (bayes)
2026-09-23 14:49:36,369 INFO: Plan 2: ḡ=26, γE[v]=0.0, Q=26.0 (fn)
2026-09-23 14:49:38,572 INFO: Plan 2: ḡ=110, γE[v]=29.0, Q=139.0 (fn)
2026-09-23 14:49:39,225 INFO: Plan 1: ḡ=27, γE[v]=80.0, Q=107.0 (fn)
2026-09-23 14:49:39,225 INFO: Plan 0: ḡ=15.5, γE[v]=39.0, Q=54.5 (bayes)
2026-09-23 14:49:39,225 INFO: Plan 1: ḡ=13.5, γE[v]=43.6, Q=57.1 (bayes)
2026-09-23 14:49:39,225 INFO: Plan 2: ḡ=66.0, γE[v]=13.8, Q=79.8 (bayes)
2026-09-23 14:49:40,249 INFO: Plan 0: ḡ=128, γE[v]=24.0, Q=152.0 (fn)
2026-09-23 14:49:40,868 INFO: Plan 1: ḡ=126, γE[v]=25.0, Q=151.0 (fn)
2026-09-23 14:49:40,869 INFO: Plan 0: ḡ=64.0, γE[v]=13.6, Q=77.6 (bayes)
2026-09-23 14:49:40,869 INFO: Plan 1: ḡ=63.0, γE[v]=14.1, Q=77.1 (bayes)
2026-09-23 14:49:40,869 INFO: Plan 2: ḡ=55.0, γE[v]=18.3, Q=73.3 (bayes)
2026-09-23 14:49:42,874 INFO: Plan 0: ḡ=42, γE[v]=34.0, Q=76.0 (fn)
2026-09-23 14:49:43,320 INFO: Plan 1: ḡ=32, γE[v]=32.5, Q=64.5 (fn)
2026-09-23 14:49:43,321 INFO: Plan 0: ḡ=21.0, γE[v]=28.5, Q=49.5 (bayes)
2026-09-23 14:49:43,321 INFO: Plan 1: ḡ=16.0, γE[v]=31.0, Q=47.0 (bayes)
2026-09-23 14:49:43,321 INFO: Plan 2: ḡ=13.0, γE[v]=31.0, Q=44.0 (bayes)
2026-09-23 14:49:44,833 INFO: Plan 2: ḡ=42, γE[v]=0.0, Q=42.0 (fn)
2026-09-23 14:49:46,625 INFO: Plan 0: ḡ=38, γE[v]=30.5, Q=68.5 (fn)
2026-09-23 14:49:49,272 INFO: Plan 0: ḡ=55, γE[v]=22.0, Q=77.0 (fn)
2026-09-23 14:49:49,779 INFO: Plan 0: ḡ=42, γE[v]=0.0, Q=42.0 (fn)
2026-09-23 14:49:50,118 INFO: Plan 1: ḡ=58, γE[v]=26.0, Q=84.0 (fn)
2026-09-23 14:49:50,835 INFO: Plan 1: ḡ=76, γE[v]=47.0, Q=123.0 (fn)
2026-09-23 14:49:50,836 INFO: Plan 0: ḡ=19.0, γE[v]=41.1, Q=60.1 (bayes)
2026-09-23 14:49:50,836 INFO: Plan 1: ḡ=38.0, γE[v]=32.4, Q=70.4 (bayes)
2026-09-23 14:49:50,836 INFO: Plan 2: ḡ=21.0, γE[v]=38.8, Q=59.8 (bayes)
2026-09-23 14:49:51,447 INFO: Plan 2: ḡ=106, γE[v]=2.0, Q=108.0 (fn)
2026-09-23 14:49:51,448 INFO: Plan 0: ḡ=27.5, γE[v]=14.7, Q=42.2 (bayes)
2026-09-23 14:49:51,448 INFO: Plan 1: ḡ=29.0, γE[v]=14.2, Q=43.2 (bayes)
2026-09-23 14:49:51,448 INFO: Plan 2: ḡ=53.0, γE[v]=1.1, Q=54.1 (bayes)
2026-09-23 14:49:52,507 INFO: Plan 0: ḡ=47, γE[v]=31.5, Q=78.5 (fn)
2026-09-23 14:49:52,900 INFO: Plan 1: ḡ=43, γE[v]=0.0, Q=43.0 (fn)
2026-09-23 14:49:53,149 INFO: Plan 0: ḡ=69, γE[v]=11.0, Q=80.0 (fn)
2026-09-23 14:49:54,276 INFO: Plan 1: ḡ=43, γE[v]=0.0, Q=43.0 (fn)
2026-09-23 14:49:54,311 INFO: Plan 1: ḡ=24, γE[v]=43.5, Q=67.5 (fn)
2026-09-23 14:49:55,089 INFO: Plan 1: ḡ=34, γE[v]=0.0, Q=34.0 (fn)
2026-09-23 14:49:55,678 INFO: Plan 2: ḡ=58, γE[v]=19.5, Q=77.5 (fn)
2026-09-23 14:49:55,679 INFO: Plan 0: ḡ=23.5, γE[v]=17.4, Q=40.9 (bayes)
2026-09-23 14:49:55,679 INFO: Plan 1: ḡ=12.0, γE[v]=23.7, Q=35.7 (bayes)
2026-09-23 14:49:55,679 INFO: Plan 2: ḡ=29.0, γE[v]=14.1, Q=43.1 (bayes)
2026-09-23 14:49:56,152 INFO: Plan 0: ḡ=57, γE[v]=0.0, Q=57.0 (fn)
2026-09-23 14:49:56,305 INFO: Plan 2: ḡ=11, γE[v]=18.5, Q=29.5 (fn)
2026-09-23 14:49:56,681 INFO: Plan 2: ḡ=57, γE[v]=0.0, Q=57.0 (fn)
2026-09-23 14:49:56,682 INFO: Plan 0: ḡ=28.5, γE[v]=113.5, Q=142.0 (bayes)
2026-09-23 14:49:56,682 INFO: Plan 1: ḡ=17.0, γE[v]=119.2, Q=136.2 (bayes)
2026-09-23 14:49:56,682 INFO: Plan 2: ḡ=28.5, γE[v]=113.5, Q=142.0 (bayes)
2026-09-23 14:49:59,008 INFO: Plan 1: ḡ=67, γE[v]=31.0, Q=98.0 (fn)
2026-09-23 14:49:59,008 INFO: Plan 0: ḡ=21.0, γE[v]=85.5, Q=106.5 (bayes)
2026-09-23 14:49:59,009 INFO: Plan 1: ḡ=33.5, γE[v]=80.6, Q=114.2 (bayes)
2026-09-23 14:49:59,009 INFO: Plan 2: ḡ=5.5, γE[v]=94.1, Q=99.6 (bayes)
2026-09-23 14:49:59,338 INFO: Plan 2: ḡ=305, γE[v]=55.0, Q=360.0 (fn)
2026-09-23 14:49:59,949 INFO: Plan 0: ḡ=28, γE[v]=18.0, Q=46.0 (fn)
2026-09-23 14:49:59,949 INFO: Plan 0: ḡ=14.0, γE[v]=115.3, Q=129.3 (bayes)
2026-09-23 14:49:59,949 INFO: Plan 1: ḡ=21.5, γE[v]=110.8, Q=132.2 (bayes)
2026-09-23 14:49:59,949 INFO: Plan 2: ḡ=152.5, γE[v]=47.7, Q=200.2 (bayes)
2026-09-23 14:50:00,909 INFO: Plan 2: ḡ=127, γE[v]=19.5, Q=146.5 (fn)
2026-09-23 14:50:00,910 INFO: Plan 0: ḡ=34.5, γE[v]=29.7, Q=64.2 (bayes)
2026-09-23 14:50:00,910 INFO: Plan 1: ḡ=21.5, γE[v]=35.8, Q=57.2 (bayes)
2026-09-23 14:50:00,910 INFO: Plan 2: ḡ=63.5, γE[v]=15.6, Q=79.1 (bayes)
2026-09-23 14:50:13,744 INFO: Plan 0: ḡ=65, γE[v]=0.0, Q=65.0 (fn)
2026-09-23 14:50:14,572 INFO: Plan 1: ḡ=19, γE[v]=0.0, Q=19.0 (fn)
2026-09-23 14:50:18,914 INFO: Plan 2: ḡ=43, γE[v]=5.0, Q=48.0 (fn)
2026-09-23 14:50:19,333 INFO: Plan 0: ḡ=38, γE[v]=0.0, Q=38.0 (fn)
2026-09-23 14:50:20,992 INFO: Plan 2: ḡ=59, γE[v]=34.5, Q=93.5 (fn)
2026-09-23 14:50:20,993 INFO: Plan 0: ḡ=32.5, γE[v]=42.0, Q=74.5 (bayes)
2026-09-23 14:50:20,993 INFO: Plan 1: ḡ=9.5, γE[v]=53.5, Q=63.0 (bayes)
2026-09-23 14:50:20,993 INFO: Plan 2: ḡ=29.5, γE[v]=45.1, Q=74.5 (bayes)
2026-09-23 14:50:21,644 INFO: Plan 0: ḡ=41, γE[v]=25.0, Q=66.0 (fn)
2026-09-23 14:50:22,321 INFO: Plan 0: ḡ=74, γE[v]=8.0, Q=82.0 (fn)
2026-09-23 14:50:23,240 INFO: Plan 1: ḡ=70, γE[v]=0.0, Q=70.0 (fn)
2026-09-23 14:50:24,035 INFO: Plan 2: ḡ=320, γE[v]=18.5, Q=338.5 (fn)
2026-09-23 14:50:25,253 INFO: Plan 1: ḡ=39, γE[v]=8.0, Q=47.0 (fn)
2026-09-23 14:50:25,253 INFO: Plan 0: ḡ=20.5, γE[v]=82.9, Q=103.4 (bayes)
2026-09-23 14:50:25,254 INFO: Plan 1: ḡ=19.5, γE[v]=82.6, Q=102.1 (bayes)
2026-09-23 14:50:25,254 INFO: Plan 2: ḡ=21.5, γE[v]=81.5, Q=103.0 (bayes)
2026-09-23 14:50:26,087 INFO: Plan 1: ḡ=307, γE[v]=35.0, Q=342.0 (fn)
2026-09-23 14:50:26,087 INFO: Plan 0: ḡ=19.0, γE[v]=99.8, Q=118.8 (bayes)
2026-09-23 14:50:26,087 INFO: Plan 1: ḡ=153.5, γE[v]=34.1, Q=187.6 (bayes)
2026-09-23 14:50:26,087 INFO: Plan 2: ḡ=160.0, γE[v]=30.1, Q=190.1 (bayes)
2026-09-23 14:50:27,312 INFO: Plan 2: ḡ=154, γE[v]=26.5, Q=180.5 (fn)
2026-09-23 14:50:27,313 INFO: Plan 0: ḡ=37.0, γE[v]=33.6, Q=70.6 (bayes)
2026-09-23 14:50:27,313 INFO: Plan 1: ḡ=35.0, γE[v]=34.2, Q=69.2 (bayes)
2026-09-23 14:50:27,313 INFO: Plan 2: ḡ=77.0, γE[v]=14.4, Q=91.4 (bayes)
2026-09-23 14:50:42,568 INFO: Plan 0: ḡ=66, γE[v]=102.5, Q=168.5 (fn)
2026-09-23 14:50:44,186 INFO: Plan 1: ḡ=123, γE[v]=81.5, Q=204.5 (fn)
2026-09-23 14:50:45,261 INFO: Plan 2: ḡ=160, γE[v]=107.5, Q=267.5 (fn)
2026-09-23 14:50:45,261 INFO: Plan 0: ḡ=33.0, γE[v]=81.9, Q=114.9 (bayes)
2026-09-23 14:50:45,261 INFO: Plan 1: ḡ=61.5, γE[v]=66.7, Q=128.2 (bayes)
2026-09-23 14:50:45,262 INFO: Plan 2: ḡ=80.0, γE[v]=58.6, Q=138.6 (bayes)
2026-09-23 14:50:52,125 INFO: Plan 0: ḡ=23, γE[v]=0.0, Q=23.0 (fn)
2026-09-23 14:50:53,508 INFO: Plan 1: ḡ=91, γE[v]=0.0, Q=91.0 (fn)
2026-09-23 14:50:53,864 INFO: Plan 0: ḡ=130, γE[v]=0.0, Q=130.0 (fn)
2026-09-23 14:50:54,808 INFO: Plan 2: ḡ=65, γE[v]=0.0, Q=65.0 (fn)
2026-09-23 14:50:54,849 INFO: Plan 1: ḡ=39, γE[v]=0.0, Q=39.0 (fn)
2026-09-23 14:50:55,975 INFO: Plan 2: ḡ=42, γE[v]=0.0, Q=42.0 (fn)
2026-09-23 14:50:57,688 INFO: Plan 1: ḡ=38, γE[v]=0.0, Q=38.0 (fn)
2026-09-23 14:50:58,249 INFO: Plan 0: ḡ=30, γE[v]=0.0, Q=30.0 (fn)
2026-09-23 14:50:58,375 INFO: Plan 2: ḡ=34, γE[v]=0.0, Q=34.0 (fn)
2026-09-23 14:50:58,376 INFO: Plan 0: ḡ=10.0, γE[v]=12.0, Q=22.0 (bayes)
2026-09-23 14:50:58,376 INFO: Plan 1: ḡ=12.7, γE[v]=10.7, Q=23.3 (bayes)
2026-09-23 14:50:58,376 INFO: Plan 2: ḡ=11.3, γE[v]=11.3, Q=22.7 (bayes)
2026-09-23 14:51:00,350 INFO: Plan 1: ḡ=73, γE[v]=36.0, Q=109.0 (fn)
2026-09-23 14:51:00,685 INFO: Plan 1: ḡ=190, γE[v]=42.5, Q=232.5 (fn)
2026-09-23 14:51:00,908 INFO: Plan 0: ḡ=50, γE[v]=47.5, Q=97.5 (fn)
2026-09-23 14:51:00,909 INFO: Plan 0: ḡ=25.0, γE[v]=25.9, Q=50.9 (bayes)
2026-09-23 14:51:00,909 INFO: Plan 1: ḡ=36.5, γE[v]=19.6, Q=56.1 (bayes)
2026-09-23 14:51:00,909 INFO: Plan 2: ḡ=21.0, γE[v]=25.8, Q=46.8 (bayes)
2026-09-23 14:51:01,416 INFO: Plan 2: ḡ=418, γE[v]=39.5, Q=457.5 (fn)
2026-09-23 14:51:01,416 INFO: Plan 0: ḡ=65.0, γE[v]=138.8, Q=203.8 (bayes)
2026-09-23 14:51:01,416 INFO: Plan 1: ḡ=45.5, γE[v]=148.5, Q=194.0 (bayes)
2026-09-23 14:51:01,416 INFO: Plan 2: ḡ=209.0, γE[v]=68.5, Q=277.5 (bayes)
2026-09-23 14:51:01,457 INFO: Plan 1: ḡ=37, γE[v]=37.5, Q=74.5 (fn)
2026-09-23 14:51:01,736 INFO: Plan 1: ḡ=38, γE[v]=0.0, Q=38.0 (fn)
2026-09-23 14:51:02,171 INFO: Plan 0: ḡ=19, γE[v]=28.0, Q=47.0 (fn)
2026-09-23 14:51:02,171 INFO: Plan 0: ḡ=9.5, γE[v]=39.3, Q=48.8 (bayes)
2026-09-23 14:51:02,171 INFO: Plan 1: ḡ=19.5, γE[v]=33.0, Q=52.5 (bayes)
2026-09-23 14:51:02,171 INFO: Plan 2: ḡ=32.5, γE[v]=26.5, Q=59.0 (bayes)
2026-09-23 14:51:02,889 INFO: Plan 2: ḡ=138, γE[v]=34.5, Q=172.5 (fn)
2026-09-23 14:51:02,889 INFO: Plan 0: ḡ=11.5, γE[v]=143.0, Q=154.5 (bayes)
2026-09-23 14:51:02,889 INFO: Plan 1: ḡ=95.0, γE[v]=103.2, Q=198.2 (bayes)
2026-09-23 14:51:02,889 INFO: Plan 2: ḡ=69.0, γE[v]=115.8, Q=184.8 (bayes)
2026-09-23 14:51:05,104 INFO: Plan 2: ḡ=92, γE[v]=22.5, Q=114.5 (fn)
2026-09-23 14:51:05,219 INFO: Plan 0: ḡ=101, γE[v]=0.0, Q=101.0 (fn)
2026-09-23 14:51:06,077 INFO: Plan 2: ḡ=64, γE[v]=18.5, Q=82.5 (fn)
2026-09-23 14:51:06,463 INFO: Plan 1: ḡ=56, γE[v]=22.5, Q=78.5 (fn)
2026-09-23 14:51:06,464 INFO: Plan 0: ḡ=50.5, γE[v]=0.0, Q=50.5 (bayes)
2026-09-23 14:51:06,464 INFO: Plan 1: ḡ=28.0, γE[v]=12.3, Q=40.3 (bayes)
2026-09-23 14:51:06,464 INFO: Plan 2: ḡ=32.0, γE[v]=10.1, Q=42.1 (bayes)
2026-09-23 14:51:07,395 INFO: Plan 2: ḡ=200, γE[v]=0.0, Q=200.0 (fn)
2026-09-23 14:51:07,782 INFO: Plan 0: ḡ=77, γE[v]=39.5, Q=116.5 (fn)
2026-09-23 14:51:07,783 INFO: Plan 0: ḡ=38.5, γE[v]=23.3, Q=61.8 (bayes)
2026-09-23 14:51:07,783 INFO: Plan 1: ḡ=18.5, γE[v]=33.2, Q=51.7 (bayes)
2026-09-23 14:51:07,783 INFO: Plan 2: ḡ=46.0, γE[v]=18.8, Q=64.8 (bayes)
2026-09-23 14:51:08,678 INFO: Plan 0: ḡ=20, γE[v]=0.0, Q=20.0 (fn)
2026-09-23 14:51:09,189 INFO: Plan 0: ḡ=58, γE[v]=88.5, Q=146.5 (fn)
2026-09-23 14:51:09,189 INFO: Plan 0: ḡ=29.0, γE[v]=61.7, Q=90.7 (bayes)
2026-09-23 14:51:09,190 INFO: Plan 1: ḡ=19.0, γE[v]=62.8, Q=81.8 (bayes)
2026-09-23 14:51:09,190 INFO: Plan 2: ḡ=100.0, γE[v]=22.2, Q=122.2 (bayes)
2026-09-23 14:51:10,068 INFO: Plan 1: ḡ=14, γE[v]=0.0, Q=14.0 (fn)
2026-09-23 14:51:12,679 INFO: Plan 1: ḡ=85, γE[v]=0.0, Q=85.0 (fn)
2026-09-23 14:51:13,592 INFO: Plan 0: ḡ=84, γE[v]=0.0, Q=84.0 (fn)
2026-09-23 14:51:14,154 INFO: Plan 2: ḡ=14, γE[v]=9.5, Q=23.5 (fn)
2026-09-23 14:51:14,155 INFO: Plan 0: ḡ=6.7, γE[v]=2.5, Q=9.2 (bayes)
2026-09-23 14:51:14,155 INFO: Plan 1: ḡ=5.3, γE[v]=3.2, Q=8.5 (bayes)
2026-09-23 14:51:14,155 INFO: Plan 2: ḡ=5.3, γE[v]=3.7, Q=9.1 (bayes)
2026-09-23 14:51:17,909 INFO: Plan 2: ḡ=74, γE[v]=0.0, Q=74.0 (fn)
2026-09-23 14:51:18,355 INFO: Plan 2: ḡ=53, γE[v]=8.0, Q=61.0 (fn)
2026-09-23 14:51:18,356 INFO: Plan 0: ḡ=42.0, γE[v]=91.5, Q=133.5 (bayes)
2026-09-23 14:51:18,356 INFO: Plan 1: ḡ=42.5, γE[v]=91.2, Q=133.8 (bayes)
2026-09-23 14:51:18,356 INFO: Plan 2: ḡ=26.5, γE[v]=99.6, Q=126.1 (bayes)
2026-09-23 14:51:19,094 INFO: Plan 0: ḡ=39, γE[v]=15.5, Q=54.5 (fn)
2026-09-23 14:51:20,223 INFO: Plan 0: ḡ=6, γE[v]=0.0, Q=6.0 (fn)
2026-09-23 14:51:20,895 INFO: Plan 2: ḡ=38, γE[v]=0.0, Q=38.0 (fn)
2026-09-23 14:51:22,224 INFO: Plan 2: ḡ=34, γE[v]=0.0, Q=34.0 (fn)
2026-09-23 14:51:23,827 INFO: Plan 1: ḡ=58, γE[v]=0.0, Q=58.0 (fn)
2026-09-23 14:51:23,910 INFO: Plan 0: ḡ=7, γE[v]=0.0, Q=7.0 (fn)
2026-09-23 14:51:23,911 INFO: Plan 1: ḡ=7, γE[v]=0.0, Q=7.0 (fn)
2026-09-23 14:51:24,108 INFO: Plan 2: ḡ=0, γE[v]=0.0, Q=0.0 (fn)
2026-09-23 14:51:24,109 INFO: Plan 0: ḡ=2.3, γE[v]=0.0, Q=2.3 (bayes)
2026-09-23 14:51:24,109 INFO: Plan 1: ḡ=2.3, γE[v]=0.0, Q=2.3 (bayes)
2026-09-23 14:51:24,109 INFO: Plan 2: ḡ=0.0, γE[v]=1.2, Q=1.2 (bayes)
2026-09-23 14:51:24,652 INFO: Plan 0: ḡ=30, γE[v]=6.0, Q=36.0 (fn)
2026-09-23 14:51:24,653 INFO: Plan 0: ḡ=15.0, γE[v]=15.8, Q=30.8 (bayes)
2026-09-23 14:51:24,653 INFO: Plan 1: ḡ=29.0, γE[v]=8.5, Q=37.5 (bayes)
2026-09-23 14:51:24,653 INFO: Plan 2: ḡ=17.0, γE[v]=14.5, Q=31.5 (bayes)
2026-09-23 14:51:25,008 INFO: Plan 1: ḡ=56, γE[v]=9.5, Q=65.5 (fn)
2026-09-23 14:51:25,308 INFO: Plan 0: ḡ=46, γE[v]=32.5, Q=78.5 (fn)
2026-09-23 14:51:25,772 INFO: Plan 2: ḡ=111, γE[v]=0.0, Q=111.0 (fn)
2026-09-23 14:51:25,928 INFO: Plan 0: ḡ=38, γE[v]=18.5, Q=56.5 (fn)
2026-09-23 14:51:25,928 INFO: Plan 0: ḡ=12.7, γE[v]=7.3, Q=19.9 (bayes)
2026-09-23 14:51:25,928 INFO: Plan 1: ḡ=18.7, γE[v]=3.7, Q=22.4 (bayes)
2026-09-23 14:51:25,929 INFO: Plan 2: ḡ=12.7, γE[v]=6.2, Q=18.8 (bayes)
2026-09-23 14:51:26,177 INFO: Plan 2: ḡ=93, γE[v]=3.0, Q=96.0 (fn)
2026-09-23 14:51:26,553 INFO: Plan 1: ḡ=30, γE[v]=40.5, Q=70.5 (fn)
2026-09-23 14:51:26,554 INFO: Plan 1: ḡ=67, γE[v]=16.0, Q=83.0 (fn)
2026-09-23 14:51:26,555 INFO: Plan 0: ḡ=23.0, γE[v]=17.7, Q=40.7 (bayes)
2026-09-23 14:51:26,555 INFO: Plan 0: ḡ=2.0, γE[v]=15.5, Q=17.5 (bayes)
2026-09-23 14:51:26,555 INFO: Plan 1: ḡ=15.0, γE[v]=22.1, Q=37.1 (bayes)
2026-09-23 14:51:26,555 INFO: Plan 1: ḡ=22.3, γE[v]=6.3, Q=28.6 (bayes)
2026-09-23 14:51:26,555 INFO: Plan 2: ḡ=55.5, γE[v]=0.0, Q=55.5 (bayes)
2026-09-23 14:51:26,555 INFO: Plan 2: ḡ=31.0, γE[v]=1.2, Q=32.2 (bayes)
2026-09-23 14:51:27,421 INFO: Plan 1: ḡ=25, γE[v]=30.0, Q=55.0 (fn)
2026-09-23 14:51:27,422 INFO: Plan 0: ḡ=19.5, γE[v]=74.2, Q=93.7 (bayes)
2026-09-23 14:51:27,422 INFO: Plan 1: ḡ=10.5, γE[v]=79.7, Q=90.2 (bayes)
2026-09-23 14:51:27,422 INFO: Plan 2: ḡ=33.8, γE[v]=66.3, Q=100.2 (bayes)
2026-09-23 14:51:29,011 INFO: Plan 1: ḡ=23, γE[v]=0.0, Q=23.0 (fn)
2026-09-23 14:51:29,649 INFO: Plan 0: ḡ=31, γE[v]=0.0, Q=31.0 (fn)
2026-09-23 14:51:31,431 INFO: Plan 2: ḡ=32, γE[v]=0.0, Q=32.0 (fn)
2026-09-23 14:51:31,432 INFO: Plan 0: ḡ=15.5, γE[v]=9.8, Q=25.2 (bayes)
2026-09-23 14:51:31,434 INFO: Plan 1: ḡ=11.5, γE[v]=11.8, Q=23.2 (bayes)
2026-09-23 14:51:31,437 INFO: Plan 2: ḡ=14.5, γE[v]=10.2, Q=24.8 (bayes)
2026-09-23 14:51:33,200 INFO: Plan 1: ḡ=31, γE[v]=0.0, Q=31.0 (fn)
2026-09-23 14:51:33,483 INFO: Plan 0: ḡ=75, γE[v]=0.0, Q=75.0 (fn)
2026-09-23 14:51:34,453 INFO: Plan 2: ḡ=101, γE[v]=0.0, Q=101.0 (fn)
2026-09-23 14:51:34,454 INFO: Plan 0: ḡ=33.7, γE[v]=98.8, Q=132.4 (bayes)
2026-09-23 14:51:34,454 INFO: Plan 1: ḡ=15.5, γE[v]=107.8, Q=123.3 (bayes)
2026-09-23 14:51:34,454 INFO: Plan 2: ḡ=50.5, γE[v]=90.3, Q=140.8 (bayes)
2026-09-23 14:51:35,254 INFO: Plan 1: ḡ=118, γE[v]=0.0, Q=118.0 (fn)
2026-09-23 14:51:35,287 INFO: Plan 1: ḡ=0, γE[v]=0.0, Q=0.0 (fn)
2026-09-23 14:51:35,460 INFO: Plan 0: ḡ=0, γE[v]=0.0, Q=0.0 (fn)
2026-09-23 14:51:35,502 INFO: Plan 2: ḡ=86, γE[v]=0.0, Q=86.0 (fn)
2026-09-23 14:51:35,503 INFO: Plan 0: ḡ=49, γE[v]=0.0, Q=49.0 (fn)
2026-09-23 14:51:35,729 INFO: Plan 0: ḡ=62, γE[v]=0.0, Q=62.0 (fn)
2026-09-23 14:51:35,730 INFO: Plan 0: ḡ=23.3, γE[v]=54.9, Q=78.2 (bayes)
2026-09-23 14:51:35,730 INFO: Plan 1: ḡ=55.3, γE[v]=38.9, Q=94.2 (bayes)
2026-09-23 14:51:35,730 INFO: Plan 2: ḡ=31.8, γE[v]=50.7, Q=82.5 (bayes)
2026-09-23 14:51:36,308 INFO: Plan 2: ḡ=0, γE[v]=0.0, Q=0.0 (fn)
2026-09-23 14:51:36,308 INFO: Plan 0: ḡ=0.0, γE[v]=0.0, Q=0.0 (bayes)
2026-09-23 14:51:36,308 INFO: Plan 1: ḡ=0.0, γE[v]=0.0, Q=0.0 (bayes)
2026-09-23 14:51:36,308 INFO: Plan 2: ḡ=0.0, γE[v]=0.0, Q=0.0 (bayes)
2026-09-23 14:51:37,887 INFO: Plan 1: ḡ=52, γE[v]=0.0, Q=52.0 (fn)
2026-09-23 14:51:38,479 INFO: Plan 0: ḡ=35, γE[v]=0.0, Q=35.0 (fn)
2026-09-23 14:51:38,710 INFO: Plan 1: ḡ=62, γE[v]=0.0, Q=62.0 (fn)
2026-09-23 14:51:39,392 INFO: Plan 2: ḡ=50, γE[v]=1.0, Q=51.0 (fn)
2026-09-23 14:51:39,393 INFO: Plan 0: ḡ=17.5, γE[v]=40.0, Q=57.5 (bayes)
2026-09-23 14:51:39,393 INFO: Plan 1: ḡ=26.0, γE[v]=35.7, Q=61.8 (bayes)
2026-09-23 14:51:39,393 INFO: Plan 2: ḡ=16.7, γE[v]=40.5, Q=57.1 (bayes)
2026-09-23 14:51:40,007 INFO: Plan 2: ḡ=22, γE[v]=0.0, Q=22.0 (fn)
2026-09-23 14:51:40,008 INFO: Plan 0: ḡ=24.5, γE[v]=76.0, Q=100.5 (bayes)
2026-09-23 14:51:40,008 INFO: Plan 1: ḡ=31.0, γE[v]=72.8, Q=103.8 (bayes)
2026-09-23 14:51:40,008 INFO: Plan 2: ḡ=11.0, γE[v]=82.8, Q=93.8 (bayes)
2026-09-23 14:51:40,931 INFO: Plan 1: ḡ=38, γE[v]=0.0, Q=38.0 (fn)
2026-09-23 14:51:40,931 INFO: Plan 0: ḡ=38, γE[v]=0.0, Q=38.0 (fn)
2026-09-23 14:51:40,970 INFO: Plan 2: ḡ=38, γE[v]=0.0, Q=38.0 (fn)
2026-09-23 14:51:40,971 INFO: Plan 0: ḡ=12.7, γE[v]=0.0, Q=12.7 (bayes)
2026-09-23 14:51:40,971 INFO: Plan 1: ḡ=12.7, γE[v]=0.0, Q=12.7 (bayes)
2026-09-23 14:51:40,971 INFO: Plan 2: ḡ=12.7, γE[v]=0.0, Q=12.7 (bayes)
2026-09-23 14:51:50,812 INFO: Plan 0: ḡ=12, γE[v]=0.0, Q=12.0 (fn)
2026-09-23 14:51:50,991 INFO: Plan 1: ḡ=36, γE[v]=0.0, Q=36.0 (fn)
2026-09-23 14:51:52,574 INFO: Plan 2: ḡ=8, γE[v]=1.5, Q=9.5 (fn)
2026-09-23 14:51:52,575 INFO: Plan 0: ḡ=5.7, γE[v]=17.2, Q=22.9 (bayes)
2026-09-23 14:51:52,575 INFO: Plan 1: ḡ=18.0, γE[v]=11.1, Q=29.1 (bayes)
2026-09-23 14:51:52,575 INFO: Plan 2: ḡ=4.0, γE[v]=18.2, Q=22.1 (bayes)
2026-09-23 14:51:56,284 INFO: Plan 0: ḡ=17, γE[v]=20.5, Q=37.5 (fn)
2026-09-23 14:51:58,113 INFO: Plan 2: ḡ=129, γE[v]=0.0, Q=129.0 (fn)
2026-09-23 14:51:59,528 INFO: Plan 2: ḡ=16, γE[v]=0.0, Q=16.0 (fn)
2026-09-23 14:51:59,684 INFO: Plan 0: ḡ=22, γE[v]=0.0, Q=22.0 (fn)
2026-09-23 14:52:00,719 INFO: Plan 2: ḡ=32, γE[v]=0.0, Q=32.0 (fn)
2026-09-23 14:52:01,089 INFO: Plan 1: ḡ=21, γE[v]=0.0, Q=21.0 (fn)
2026-09-23 14:52:02,178 INFO: Plan 0: ḡ=63, γE[v]=0.0, Q=63.0 (fn)
2026-09-23 14:52:02,942 INFO: Plan 0: ḡ=50, γE[v]=5.5, Q=55.5 (fn)
2026-09-23 14:52:02,942 INFO: Plan 0: ḡ=18.3, γE[v]=11.0, Q=29.3 (bayes)
2026-09-23 14:52:02,942 INFO: Plan 1: ḡ=10.5, γE[v]=14.7, Q=25.2 (bayes)
2026-09-23 14:52:02,942 INFO: Plan 2: ḡ=16.0, γE[v]=11.9, Q=27.9 (bayes)
2026-09-23 14:52:03,311 INFO: Plan 1: ḡ=52, γE[v]=65.0, Q=117.0 (fn)
2026-09-23 14:52:03,311 INFO: Plan 0: ḡ=8.5, γE[v]=43.4, Q=51.9 (bayes)
2026-09-23 14:52:03,311 INFO: Plan 1: ḡ=26.0, γE[v]=36.7, Q=62.7 (bayes)
2026-09-23 14:52:03,312 INFO: Plan 2: ḡ=64.5, γE[v]=14.5, Q=79.0 (bayes)
2026-09-23 14:52:04,255 INFO: Plan 1: ḡ=161, γE[v]=0.0, Q=161.0 (fn)
2026-09-23 14:52:05,516 INFO: Plan 2: ḡ=161, γE[v]=0.0, Q=161.0 (fn)
2026-09-23 14:52:05,516 INFO: Plan 0: ḡ=31.5, γE[v]=24.5, Q=56.0 (bayes)
2026-09-23 14:52:05,516 INFO: Plan 1: ḡ=80.5, γE[v]=0.0, Q=80.5 (bayes)
2026-09-23 14:52:05,517 INFO: Plan 2: ḡ=80.5, γE[v]=0.0, Q=80.5 (bayes)
2026-09-23 14:52:06,905 INFO: Plan 1: ḡ=34, γE[v]=10.0, Q=44.0 (fn)
2026-09-23 14:52:06,905 INFO: Plan 0: ḡ=11.0, γE[v]=8.0, Q=19.0 (bayes)
2026-09-23 14:52:06,905 INFO: Plan 1: ḡ=17.0, γE[v]=5.5, Q=22.4 (bayes)
2026-09-23 14:52:06,906 INFO: Plan 2: ḡ=8.0, γE[v]=9.5, Q=17.5 (bayes)
2026-09-23 14:52:08,808 INFO: Plan 0: ḡ=6, γE[v]=0.0, Q=6.0 (fn)
2026-09-23 14:52:09,546 INFO: Plan 1: ḡ=13, γE[v]=0.0, Q=13.0 (fn)
2026-09-23 14:52:10,475 INFO: Plan 1: ḡ=198, γE[v]=0.0, Q=198.0 (fn)
2026-09-23 14:52:10,636 INFO: Plan 2: ḡ=67, γE[v]=0.0, Q=67.0 (fn)
2026-09-23 14:52:10,671 INFO: Plan 0: ḡ=28, γE[v]=0.0, Q=28.0 (fn)
2026-09-23 14:52:10,671 INFO: Plan 0: ḡ=14.0, γE[v]=41.2, Q=55.2 (bayes)
2026-09-23 14:52:10,671 INFO: Plan 1: ḡ=74.8, γE[v]=10.8, Q=85.6 (bayes)
2026-09-23 14:52:10,671 INFO: Plan 2: ḡ=33.5, γE[v]=31.4, Q=64.9 (bayes)
2026-09-23 14:52:12,088 INFO: Plan 2: ḡ=64, γE[v]=0.0, Q=64.0 (fn)
2026-09-23 14:52:12,088 INFO: Plan 0: ḡ=2.0, γE[v]=9.7, Q=11.7 (bayes)
2026-09-23 14:52:12,089 INFO: Plan 1: ḡ=4.3, γE[v]=8.5, Q=12.8 (bayes)
2026-09-23 14:52:12,089 INFO: Plan 2: ḡ=21.3, γE[v]=0.0, Q=21.3 (bayes)
2026-09-23 14:52:15,498 INFO: Plan 1: ḡ=5, γE[v]=0.0, Q=5.0 (fn)
2026-09-23 14:52:17,214 INFO: Plan 0: ḡ=37, γE[v]=6.5, Q=43.5 (fn)
2026-09-23 14:52:18,089 INFO: Plan 2: ḡ=17, γE[v]=16.5, Q=33.5 (fn)
2026-09-23 14:52:18,090 INFO: Plan 0: ḡ=12.3, γE[v]=2.6, Q=14.9 (bayes)
2026-09-23 14:52:18,090 INFO: Plan 1: ḡ=1.7, γE[v]=7.5, Q=9.2 (bayes)
2026-09-23 14:52:18,090 INFO: Plan 2: ḡ=5.7, γE[v]=6.5, Q=12.2 (bayes)
2026-09-23 14:52:31,726 INFO: Plan 0: ḡ=37, γE[v]=0.0, Q=37.0 (fn)
2026-09-23 14:52:32,111 INFO: Plan 1: ḡ=19, γE[v]=0.0, Q=19.0 (fn)
2026-09-23 14:52:32,867 INFO: Plan 2: ḡ=16, γE[v]=0.0, Q=16.0 (fn)
2026-09-23 14:52:32,868 INFO: Plan 0: ḡ=14.2, γE[v]=7.5, Q=21.7 (bayes)
2026-09-23 14:52:32,868 INFO: Plan 1: ḡ=6.7, γE[v]=11.2, Q=17.9 (bayes)
2026-09-23 14:52:32,868 INFO: Plan 2: ḡ=5.3, γE[v]=11.9, Q=17.2 (bayes)
2026-09-23 14:52:35,188 INFO: Plan 0: ḡ=2, γE[v]=0.0, Q=2.0 (fn)
2026-09-23 14:52:35,853 INFO: Plan 1: ḡ=2, γE[v]=0.0, Q=2.0 (fn)
2026-09-23 14:52:35,886 INFO: Plan 2: ḡ=15, γE[v]=0.0, Q=15.0 (fn)
2026-09-23 14:52:35,886 INFO: Plan 0: ḡ=0.7, γE[v]=2.8, Q=3.5 (bayes)
2026-09-23 14:52:35,886 INFO: Plan 1: ḡ=0.7, γE[v]=2.8, Q=3.5 (bayes)
2026-09-23 14:52:35,887 INFO: Plan 2: ḡ=5.0, γE[v]=0.7, Q=5.7 (bayes)
2026-09-23 14:52:37,360 INFO: Plan 2: ḡ=22, γE[v]=2.5, Q=24.5 (fn)
2026-09-23 14:52:37,399 INFO: Plan 1: ḡ=39, γE[v]=0.0, Q=39.0 (fn)
2026-09-23 14:52:37,574 INFO: Plan 0: ḡ=59, γE[v]=0.0, Q=59.0 (fn)
2026-09-23 14:52:37,574 INFO: Plan 0: ḡ=19.7, γE[v]=7.8, Q=27.4 (bayes)
2026-09-23 14:52:37,574 INFO: Plan 1: ḡ=17.5, γE[v]=8.8, Q=26.3 (bayes)
2026-09-23 14:52:37,574 INFO: Plan 2: ḡ=11.0, γE[v]=12.2, Q=23.2 (bayes)
2026-09-23 14:52:42,582 INFO: Plan 0: ḡ=31, γE[v]=0.0, Q=31.0 (fn)
2026-09-23 14:52:43,253 INFO: Plan 1: ḡ=3, γE[v]=0.0, Q=3.0 (fn)
2026-09-23 14:52:43,594 INFO: Plan 2: ḡ=16, γE[v]=0.0, Q=16.0 (fn)
2026-09-23 14:52:44,534 INFO: Plan 1: ḡ=9, γE[v]=0.0, Q=9.0 (fn)
2026-09-23 14:52:44,535 INFO: Plan 0: ḡ=15.5, γE[v]=6.0, Q=21.5 (bayes)
2026-09-23 14:52:44,535 INFO: Plan 1: ḡ=4.5, γE[v]=11.5, Q=16.0 (bayes)
2026-09-23 14:52:44,535 INFO: Plan 2: ḡ=8.0, γE[v]=9.8, Q=17.8 (bayes)
2026-09-23 14:52:44,669 INFO: Plan 0: ḡ=45, γE[v]=0.0, Q=45.0 (fn)
2026-09-23 14:52:46,668 INFO: Plan 2: ḡ=18, γE[v]=15.5, Q=33.5 (fn)
2026-09-23 14:52:46,668 INFO: Plan 0: ḡ=17.3, γE[v]=1.2, Q=18.5 (bayes)
2026-09-23 14:52:46,669 INFO: Plan 1: ḡ=1.0, γE[v]=9.3, Q=10.3 (bayes)
2026-09-23 14:52:46,669 INFO: Plan 2: ḡ=8.3, γE[v]=6.6, Q=14.9 (bayes)
2026-09-23 14:52:47,449 INFO: Plan 2: ḡ=17, γE[v]=0.0, Q=17.0 (fn)
2026-09-23 14:52:47,493 INFO: Plan 1: ḡ=9, γE[v]=0.0, Q=9.0 (fn)
2026-09-23 14:52:47,672 INFO: Plan 0: ḡ=16, γE[v]=0.0, Q=16.0 (fn)
2026-09-23 14:52:48,816 INFO: Plan 2: ḡ=8, γE[v]=0.0, Q=8.0 (fn)
2026-09-23 14:52:48,816 INFO: Plan 0: ḡ=8.0, γE[v]=55.7, Q=63.7 (bayes)
2026-09-23 14:52:48,816 INFO: Plan 1: ḡ=3.5, γE[v]=57.9, Q=61.4 (bayes)
2026-09-23 14:52:48,816 INFO: Plan 2: ḡ=4.0, γE[v]=57.7, Q=61.7 (bayes)
2026-09-23 14:52:49,004 INFO: Plan 0: ḡ=149, γE[v]=0.0, Q=149.0 (fn)
2026-09-23 14:52:49,658 INFO: Plan 0: ḡ=38, γE[v]=1.0, Q=39.0 (fn)
2026-09-23 14:52:49,698 INFO: Plan 2: ḡ=57, γE[v]=0.0, Q=57.0 (fn)
2026-09-23 14:52:49,743 INFO: Plan 1: ḡ=74, γE[v]=4.5, Q=78.5 (fn)
2026-09-23 14:52:49,744 INFO: Plan 0: ḡ=66.7, γE[v]=88.0, Q=154.7 (bayes)
2026-09-23 14:52:49,744 INFO: Plan 1: ḡ=37.0, γE[v]=103.0, Q=140.0 (bayes)
2026-09-23 14:52:49,744 INFO: Plan 2: ḡ=28.5, γE[v]=107.1, Q=135.6 (bayes)
2026-09-23 14:52:51,108 INFO: Plan 1: ḡ=36, γE[v]=4.5, Q=40.5 (fn)
2026-09-23 14:52:51,108 INFO: Plan 0: ḡ=12.8, γE[v]=4.6, Q=17.4 (bayes)
2026-09-23 14:52:51,108 INFO: Plan 1: ḡ=13.3, γE[v]=4.5, Q=17.8 (bayes)
2026-09-23 14:52:51,108 INFO: Plan 2: ḡ=8.3, γE[v]=6.7, Q=15.1 (bayes)
2026-09-23 14:52:54,328 INFO: Plan 0: ḡ=6, γE[v]=0.0, Q=6.0 (fn)
2026-09-23 14:52:58,885 INFO: Plan 1: ḡ=33, γE[v]=4.5, Q=37.5 (fn)
2026-09-23 14:53:00,589 INFO: Plan 0: ḡ=24, γE[v]=0.0, Q=24.0 (fn)
2026-09-23 14:53:01,881 INFO: Plan 1: ḡ=45, γE[v]=0.0, Q=45.0 (fn)
2026-09-23 14:53:02,335 INFO: Plan 0: ḡ=130, γE[v]=2.0, Q=132.0 (fn)
2026-09-23 14:53:02,815 INFO: Plan 2: ḡ=31, γE[v]=20.5, Q=51.5 (fn)
2026-09-23 14:53:02,816 INFO: Plan 0: ḡ=2.0, γE[v]=76.8, Q=78.8 (bayes)
2026-09-23 14:53:02,816 INFO: Plan 1: ḡ=16.5, γE[v]=69.7, Q=86.2 (bayes)
2026-09-23 14:53:02,816 INFO: Plan 2: ḡ=15.5, γE[v]=70.9, Q=86.4 (bayes)
2026-09-23 14:53:04,095 INFO: Plan 2: ḡ=45, γE[v]=13.0, Q=58.0 (fn)
2026-09-23 14:53:04,095 INFO: Plan 0: ḡ=9.7, γE[v]=22.2, Q=31.8 (bayes)
2026-09-23 14:53:04,096 INFO: Plan 1: ḡ=20.8, γE[v]=16.6, Q=37.4 (bayes)
2026-09-23 14:53:04,096 INFO: Plan 2: ḡ=15.2, γE[v]=20.2, Q=35.4 (bayes)
2026-09-23 14:53:04,891 INFO: Plan 1: ḡ=23, γE[v]=7.5, Q=30.5 (fn)
2026-09-23 14:53:05,104 INFO: Plan 2: ḡ=77, γE[v]=5.5, Q=82.5 (fn)
2026-09-23 14:53:05,105 INFO: Plan 0: ḡ=54.2, γE[v]=10.8, Q=65.0 (bayes)
2026-09-23 14:53:05,105 INFO: Plan 1: ḡ=11.5, γE[v]=32.3, Q=43.8 (bayes)
2026-09-23 14:53:05,105 INFO: Plan 2: ḡ=27.3, γE[v]=24.3, Q=51.7 (bayes)
2026-09-23 14:53:05,658 INFO: Plan 0: ḡ=93, γE[v]=39.0, Q=132.0 (fn)
2026-09-23 14:53:07,654 INFO: Plan 1: ḡ=93, γE[v]=39.0, Q=132.0 (fn)
2026-09-23 14:53:07,944 INFO: Plan 2: ḡ=126, γE[v]=22.5, Q=148.5 (fn)
2026-09-23 14:53:07,944 INFO: Plan 0: ḡ=41.2, γE[v]=15.3, Q=56.5 (bayes)
2026-09-23 14:53:07,944 INFO: Plan 1: ḡ=41.2, γE[v]=15.3, Q=56.5 (bayes)
2026-09-23 14:53:07,944 INFO: Plan 2: ḡ=49.8, γE[v]=9.9, Q=59.7 (bayes)
2026-09-23 14:53:09,030 INFO: Plan 2: ḡ=0, γE[v]=0.0, Q=0.0 (fn)
2026-09-23 14:53:09,071 INFO: Plan 0: ḡ=30, γE[v]=0.0, Q=30.0 (fn)
2026-09-23 14:53:09,586 INFO: Plan 1: ḡ=34, γE[v]=15.0, Q=49.0 (fn)
2026-09-23 14:53:09,586 INFO: Plan 0: ḡ=10.0, γE[v]=5.7, Q=15.7 (bayes)
2026-09-23 14:53:09,586 INFO: Plan 1: ḡ=11.3, γE[v]=5.9, Q=17.2 (bayes)
2026-09-23 14:53:09,587 INFO: Plan 2: ḡ=0.0, γE[v]=10.7, Q=10.7 (bayes)
  [49/93] httpx._api seed=42: {'random': 6, 'cov_qvalue_tgt_fnt_bayes': 11}
2026-09-23 14:53:13,764 INFO: Plan 2: ḡ=211, γE[v]=12.0, Q=223.0 (fn)
2026-09-23 14:53:16,627 INFO: Plan 1: ḡ=108, γE[v]=63.5, Q=171.5 (fn)
2026-09-23 14:53:17,035 INFO: Plan 1: ḡ=34, γE[v]=0.0, Q=34.0 (fn)
2026-09-23 14:53:17,468 INFO: Plan 1: ḡ=52, γE[v]=0.0, Q=52.0 (fn)
2026-09-23 14:53:18,060 INFO: Plan 0: ḡ=51, γE[v]=0.0, Q=51.0 (fn)
2026-09-23 14:53:18,323 INFO: Plan 0: ḡ=20, γE[v]=0.0, Q=20.0 (fn)
2026-09-23 14:53:18,974 INFO: Plan 2: ḡ=8, γE[v]=0.0, Q=8.0 (fn)
2026-09-23 14:53:19,325 INFO: Plan 1: ḡ=23, γE[v]=0.0, Q=23.0 (fn)
2026-09-23 14:53:19,365 INFO: Plan 0: ḡ=192, γE[v]=72.0, Q=264.0 (fn)
2026-09-23 14:53:19,366 INFO: Plan 0: ḡ=64.0, γE[v]=30.5, Q=94.5 (bayes)
2026-09-23 14:53:19,366 INFO: Plan 1: ḡ=36.0, γE[v]=44.0, Q=80.0 (bayes)
2026-09-23 14:53:19,366 INFO: Plan 2: ḡ=70.3, γE[v]=23.7, Q=94.0 (bayes)
2026-09-23 14:53:19,959 INFO: Plan 2: ḡ=21, γE[v]=15.0, Q=36.0 (fn)
2026-09-23 14:53:19,959 INFO: Plan 0: ḡ=17.0, γE[v]=0.0, Q=17.0 (bayes)
2026-09-23 14:53:19,960 INFO: Plan 1: ḡ=11.3, γE[v]=2.8, Q=14.2 (bayes)
2026-09-23 14:53:19,960 INFO: Plan 2: ḡ=7.0, γE[v]=5.9, Q=12.9 (bayes)
2026-09-23 14:53:21,381 INFO: Plan 0: ḡ=45, γE[v]=0.0, Q=45.0 (fn)
2026-09-23 14:53:21,718 INFO: Plan 1: ḡ=42, γE[v]=0.0, Q=42.0 (fn)
2026-09-23 14:53:21,719 INFO: Plan 1: ḡ=45, γE[v]=0.0, Q=45.0 (fn)
2026-09-23 14:53:21,720 INFO: Plan 2: ḡ=45, γE[v]=0.0, Q=45.0 (fn)
2026-09-23 14:53:21,720 INFO: Plan 0: ḡ=15.0, γE[v]=0.0, Q=15.0 (bayes)
2026-09-23 14:53:21,720 INFO: Plan 1: ḡ=15.0, γE[v]=0.0, Q=15.0 (bayes)
2026-09-23 14:53:21,720 INFO: Plan 2: ḡ=15.0, γE[v]=0.0, Q=15.0 (bayes)
2026-09-23 14:53:22,075 INFO: Plan 2: ḡ=85, γE[v]=0.0, Q=85.0 (fn)
2026-09-23 14:53:22,076 INFO: Plan 0: ḡ=10.0, γE[v]=77.8, Q=87.8 (bayes)
2026-09-23 14:53:22,076 INFO: Plan 1: ḡ=25.2, γE[v]=70.2, Q=95.4 (bayes)
2026-09-23 14:53:22,076 INFO: Plan 2: ḡ=35.0, γE[v]=65.3, Q=100.3 (bayes)
2026-09-23 14:53:22,115 INFO: Plan 2: ḡ=55, γE[v]=0.0, Q=55.0 (fn)
2026-09-23 14:53:23,832 INFO: Plan 0: ḡ=25, γE[v]=14.5, Q=39.5 (fn)
2026-09-23 14:53:23,832 INFO: Plan 0: ḡ=12.5, γE[v]=5.7, Q=18.2 (bayes)
2026-09-23 14:53:23,833 INFO: Plan 1: ḡ=8.0, γE[v]=7.1, Q=15.1 (bayes)
2026-09-23 14:53:23,833 INFO: Plan 2: ḡ=2.7, γE[v]=9.8, Q=12.4 (bayes)
2026-09-23 14:53:24,385 INFO: Plan 2: ḡ=10, γE[v]=0.0, Q=10.0 (fn)
2026-09-23 14:53:24,974 INFO: Plan 2: ḡ=45, γE[v]=0.0, Q=45.0 (fn)
2026-09-23 14:53:25,342 INFO: Plan 1: ḡ=38, γE[v]=0.0, Q=38.0 (fn)
2026-09-23 14:53:25,573 INFO: Plan 0: ḡ=7, γE[v]=0.0, Q=7.0 (fn)
2026-09-23 14:53:27,165 INFO: Plan 1: ḡ=71, γE[v]=0.0, Q=71.0 (fn)
2026-09-23 14:53:28,214 INFO: Plan 2: ḡ=69, γE[v]=0.0, Q=69.0 (fn)
2026-09-23 14:53:28,780 INFO: Plan 0: ḡ=20, γE[v]=12.5, Q=32.5 (fn)
2026-09-23 14:53:28,781 INFO: Plan 1: ḡ=11, γE[v]=1.5, Q=12.5 (fn)
2026-09-23 14:53:28,782 INFO: Plan 0: ḡ=10.0, γE[v]=26.4, Q=36.4 (bayes)
2026-09-23 14:53:28,782 INFO: Plan 0: ḡ=2.9, γE[v]=1.2, Q=4.1 (bayes)
2026-09-23 14:53:28,782 INFO: Plan 1: ḡ=19.0, γE[v]=21.3, Q=40.3 (bayes)
2026-09-23 14:53:28,782 INFO: Plan 1: ḡ=3.7, γE[v]=0.8, Q=4.6 (bayes)
2026-09-23 14:53:28,782 INFO: Plan 2: ḡ=17.7, γE[v]=22.0, Q=39.7 (bayes)
2026-09-23 14:53:28,782 INFO: Plan 2: ḡ=3.2, γE[v]=1.0, Q=4.2 (bayes)
2026-09-23 14:53:29,307 INFO: Plan 0: ḡ=82, γE[v]=0.0, Q=82.0 (fn)
2026-09-23 14:53:29,308 INFO: Plan 0: ḡ=41.0, γE[v]=81.9, Q=122.9 (bayes)
2026-09-23 14:53:29,308 INFO: Plan 1: ḡ=25.8, γE[v]=89.5, Q=115.3 (bayes)
2026-09-23 14:53:29,308 INFO: Plan 2: ḡ=34.3, γE[v]=85.2, Q=119.6 (bayes)
  [50/93] pydantic.functional_validators seed=42: {'random': 35, 'cov_qvalue_tgt_fnt_bayes': 47}
  [51/93] pydantic.main seed=42: {'random': 119, 'cov_qvalue_tgt_fnt_bayes': 177}
2026-09-23 14:53:32,902 INFO: Plan 0: ḡ=437, γE[v]=9.0, Q=446.0 (fn)
2026-09-23 14:53:32,903 INFO: Plan 0: ḡ=154.2, γE[v]=32.5, Q=186.6 (bayes)
2026-09-23 14:53:32,903 INFO: Plan 1: ḡ=14.2, γE[v]=102.0, Q=116.2 (bayes)
2026-09-23 14:53:32,903 INFO: Plan 2: ḡ=19.8, γE[v]=99.2, Q=119.0 (bayes)
2026-09-23 14:53:34,362 INFO: Plan 0: ḡ=11, γE[v]=0.0, Q=11.0 (fn)
2026-09-23 14:53:35,165 INFO: Plan 0: ḡ=36, γE[v]=0.0, Q=36.0 (fn)
2026-09-23 14:53:35,466 INFO: Plan 1: ḡ=5, γE[v]=0.0, Q=5.0 (fn)
2026-09-23 14:53:36,246 INFO: Plan 2: ḡ=25, γE[v]=0.0, Q=25.0 (fn)
2026-09-23 14:53:36,758 INFO: Plan 2: ḡ=8, γE[v]=0.0, Q=8.0 (fn)
2026-09-23 14:53:36,758 INFO: Plan 0: ḡ=2.8, γE[v]=1.2, Q=4.0 (bayes)
2026-09-23 14:53:36,758 INFO: Plan 1: ḡ=1.2, γE[v]=2.0, Q=3.2 (bayes)
2026-09-23 14:53:36,758 INFO: Plan 2: ḡ=2.0, γE[v]=1.6, Q=3.6 (bayes)
  [52/93] jinja2.sandbox seed=42: {'random': 2, 'cov_qvalue_tgt_fnt_bayes': 77}
2026-09-23 14:53:38,726 INFO: Plan 0: ḡ=0, γE[v]=0.0, Q=0.0 (fn)
2026-09-23 14:53:38,905 INFO: Plan 1: ḡ=0, γE[v]=0.0, Q=0.0 (fn)
2026-09-23 14:53:39,503 INFO: Plan 2: ḡ=0, γE[v]=0.0, Q=0.0 (fn)
2026-09-23 14:53:39,503 INFO: Plan 0: ḡ=0.0, γE[v]=0.0, Q=0.0 (bayes)
2026-09-23 14:53:39,503 INFO: Plan 1: ḡ=0.0, γE[v]=0.0, Q=0.0 (bayes)
2026-09-23 14:53:39,503 INFO: Plan 2: ḡ=0.0, γE[v]=0.0, Q=0.0 (bayes)
2026-09-23 14:53:39,784 INFO: Plan 1: ḡ=34, γE[v]=0.0, Q=34.0 (fn)
2026-09-23 14:53:40,061 INFO: Plan 0: ḡ=26, γE[v]=0.0, Q=26.0 (fn)
2026-09-23 14:53:40,832 INFO: Plan 2: ḡ=60, γE[v]=0.0, Q=60.0 (fn)
2026-09-23 14:53:40,832 INFO: Plan 0: ḡ=8.7, γE[v]=8.5, Q=17.2 (bayes)
2026-09-23 14:53:40,832 INFO: Plan 1: ḡ=17.0, γE[v]=4.3, Q=21.3 (bayes)
2026-09-23 14:53:40,832 INFO: Plan 2: ḡ=25.7, γE[v]=0.0, Q=25.7 (bayes)
  [53/93] httpx._urlparse seed=42: {'random': 40, 'cov_qvalue_tgt_fnt_bayes': 64}
  [54/93] httpx._main seed=42: {'random': 57, 'cov_qvalue_tgt_fnt_bayes': 77}
2026-09-23 14:53:45,361 INFO: Plan 1: ḡ=90, γE[v]=11.0, Q=101.0 (fn)
2026-09-23 14:53:45,362 INFO: Plan 0: ḡ=17.2, γE[v]=23.8, Q=41.0 (bayes)
2026-09-23 14:53:45,362 INFO: Plan 1: ḡ=31.7, γE[v]=17.1, Q=48.8 (bayes)
2026-09-23 14:53:45,362 INFO: Plan 2: ḡ=12.2, γE[v]=26.3, Q=38.5 (bayes)
2026-09-23 14:53:51,057 INFO: Plan 0: ḡ=9, γE[v]=0.0, Q=9.0 (fn)
2026-09-23 14:53:51,264 INFO: Plan 1: ḡ=18, γE[v]=0.0, Q=18.0 (fn)
2026-09-23 14:53:55,212 INFO: Plan 2: ḡ=37, γE[v]=3.5, Q=40.5 (fn)
2026-09-23 14:53:55,212 INFO: Plan 0: ḡ=4.2, γE[v]=8.0, Q=12.2 (bayes)
2026-09-23 14:53:55,212 INFO: Plan 1: ḡ=9.0, γE[v]=5.6, Q=14.6 (bayes)
2026-09-23 14:53:55,212 INFO: Plan 2: ḡ=16.7, γE[v]=1.9, Q=18.6 (bayes)
2026-09-23 14:53:55,991 INFO: Plan 2: ḡ=4, γE[v]=0.0, Q=4.0 (fn)
2026-09-23 14:53:56,114 INFO: Plan 0: ḡ=0, γE[v]=0.0, Q=0.0 (fn)
2026-09-23 14:53:56,532 INFO: Plan 0: ḡ=4, γE[v]=1.0, Q=5.0 (fn)
  [55/93] werkzeug.exceptions seed=42: {'random': 17, 'cov_qvalue_tgt_fnt_bayes': 30}
2026-09-23 14:53:57,342 INFO: Plan 1: ḡ=7, γE[v]=1.5, Q=8.5 (fn)
2026-09-23 14:53:57,342 INFO: Plan 0: ḡ=1.0, γE[v]=0.8, Q=1.8 (bayes)
2026-09-23 14:53:57,342 INFO: Plan 1: ḡ=1.8, γE[v]=0.5, Q=2.2 (bayes)
2026-09-23 14:53:57,342 INFO: Plan 2: ḡ=1.0, γE[v]=0.8, Q=1.8 (bayes)
2026-09-23 14:53:59,145 INFO: Plan 1: ḡ=0, γE[v]=0.0, Q=0.0 (fn)
  [56/93] httpx._transports.default seed=42: {'random': 8, 'cov_qvalue_tgt_fnt_bayes': 21}
2026-09-23 14:54:00,012 INFO: Plan 2: ḡ=0, γE[v]=0.0, Q=0.0 (fn)
2026-09-23 14:54:00,013 INFO: Plan 0: ḡ=0.0, γE[v]=0.0, Q=0.0 (bayes)
2026-09-23 14:54:00,013 INFO: Plan 1: ḡ=0.0, γE[v]=0.0, Q=0.0 (bayes)
2026-09-23 14:54:00,013 INFO: Plan 2: ḡ=0.0, γE[v]=0.0, Q=0.0 (bayes)
2026-09-23 14:54:11,995 INFO: Plan 0: ḡ=0, γE[v]=0.0, Q=0.0 (fn)
2026-09-23 14:54:12,579 INFO: Plan 1: ḡ=0, γE[v]=0.0, Q=0.0 (fn)
2026-09-23 14:54:12,704 INFO: Plan 2: ḡ=0, γE[v]=0.0, Q=0.0 (fn)
2026-09-23 14:54:12,705 INFO: Plan 0: ḡ=0.0, γE[v]=0.0, Q=0.0 (bayes)
2026-09-23 14:54:12,705 INFO: Plan 1: ḡ=0.0, γE[v]=0.0, Q=0.0 (bayes)
2026-09-23 14:54:12,705 INFO: Plan 2: ḡ=0.0, γE[v]=0.0, Q=0.0 (bayes)
  [57/93] pydantic.config seed=42: {'random': 1, 'cov_qvalue_tgt_fnt_bayes': 1}
2026-09-23 14:54:17,614 INFO: Plan 0: ḡ=8, γE[v]=0.0, Q=8.0 (fn)
2026-09-23 14:54:17,615 INFO: Plan 1: ḡ=8, γE[v]=0.0, Q=8.0 (fn)
2026-09-23 14:54:17,775 INFO: Plan 2: ḡ=8, γE[v]=0.0, Q=8.0 (fn)
2026-09-23 14:54:17,775 INFO: Plan 0: ḡ=2.0, γE[v]=0.0, Q=2.0 (bayes)
2026-09-23 14:54:17,775 INFO: Plan 1: ḡ=2.0, γE[v]=0.0, Q=2.0 (bayes)
2026-09-23 14:54:17,775 INFO: Plan 2: ḡ=2.0, γE[v]=0.0, Q=2.0 (bayes)
2026-09-23 14:54:19,246 INFO: Plan 0: ḡ=11, γE[v]=0.0, Q=11.0 (fn)
  [58/93] pydantic.functional_serializers seed=42: {'random': 22, 'cov_qvalue_tgt_fnt_bayes': 24}
2026-09-23 14:54:20,361 INFO: Plan 1: ḡ=34, γE[v]=0.0, Q=34.0 (fn)
2026-09-23 14:54:20,589 INFO: Plan 2: ḡ=36, γE[v]=0.0, Q=36.0 (fn)
2026-09-23 14:54:20,589 INFO: Plan 0: ḡ=3.7, γE[v]=15.8, Q=19.5 (bayes)
2026-09-23 14:54:20,589 INFO: Plan 1: ḡ=11.3, γE[v]=12.0, Q=23.3 (bayes)
2026-09-23 14:54:20,590 INFO: Plan 2: ḡ=12.0, γE[v]=11.7, Q=23.7 (bayes)
2026-09-23 14:54:25,412 INFO: Plan 0: ḡ=53, γE[v]=0.0, Q=53.0 (fn)
2026-09-23 14:54:26,492 INFO: Plan 1: ḡ=35, γE[v]=0.0, Q=35.0 (fn)
2026-09-23 14:54:28,292 INFO: Plan 2: ḡ=48, γE[v]=0.0, Q=48.0 (fn)
2026-09-23 14:54:28,610 INFO: Plan 0: ḡ=35, γE[v]=0.0, Q=35.0 (fn)
2026-09-23 14:54:29,536 INFO: Plan 1: ḡ=37, γE[v]=2.5, Q=39.5 (fn)
2026-09-23 14:54:29,537 INFO: Plan 0: ḡ=17.5, γE[v]=26.2, Q=43.8 (bayes)
2026-09-23 14:54:29,537 INFO: Plan 1: ḡ=16.8, γE[v]=26.7, Q=43.6 (bayes)
2026-09-23 14:54:29,537 INFO: Plan 2: ḡ=16.0, γE[v]=27.0, Q=43.0 (bayes)
2026-09-23 14:54:30,009 INFO: Plan 2: ḡ=139, γE[v]=0.0, Q=139.0 (fn)
2026-09-23 14:54:30,010 INFO: Plan 0: ḡ=22.7, γE[v]=91.2, Q=113.8 (bayes)
2026-09-23 14:54:30,011 INFO: Plan 1: ḡ=17.5, γE[v]=93.8, Q=111.2 (bayes)
2026-09-23 14:54:30,011 INFO: Plan 2: ḡ=57.3, γE[v]=73.8, Q=131.2 (bayes)
2026-09-23 14:54:31,268 INFO: Plan 0: ḡ=49, γE[v]=0.0, Q=49.0 (fn)
  [59/93] pydantic.json_schema seed=42: {'random': 179, 'cov_qvalue_tgt_fnt_bayes': 248}
  [60/93] httpx._utils seed=42: {'random': 14, 'cov_qvalue_tgt_fnt_bayes': 31}
2026-09-23 14:54:32,264 INFO: Plan 1: ḡ=8, γE[v]=0.0, Q=8.0 (fn)
2026-09-23 14:54:32,795 INFO: Plan 2: ḡ=16, γE[v]=0.0, Q=16.0 (fn)
2026-09-23 14:54:33,086 INFO: Plan 0: ḡ=14, γE[v]=0.5, Q=14.5 (fn)
2026-09-23 14:54:33,087 INFO: Plan 0: ḡ=6.7, γE[v]=6.2, Q=12.9 (bayes)
2026-09-23 14:54:33,087 INFO: Plan 1: ḡ=4.0, γE[v]=7.5, Q=11.5 (bayes)
2026-09-23 14:54:33,087 INFO: Plan 2: ḡ=7.5, γE[v]=5.8, Q=13.2 (bayes)
2026-09-23 14:54:33,543 INFO: Plan 1: ḡ=84, γE[v]=3.0, Q=87.0 (fn)
2026-09-23 14:54:35,116 INFO: Plan 2: ḡ=16, γE[v]=0.0, Q=16.0 (fn)
2026-09-23 14:54:35,117 INFO: Plan 0: ḡ=24.5, γE[v]=65.8, Q=90.3 (bayes)
2026-09-23 14:54:35,117 INFO: Plan 1: ḡ=36.3, γE[v]=60.1, Q=96.4 (bayes)
2026-09-23 14:54:35,117 INFO: Plan 2: ḡ=8.0, γE[v]=74.1, Q=82.1 (bayes)
  [61/93] httpx._urls seed=42: {'random': 37, 'cov_qvalue_tgt_fnt_bayes': 69}
2026-09-23 14:54:35,909 INFO: Plan 1: ḡ=25, γE[v]=0.0, Q=25.0 (fn)
  [62/93] pydantic.types seed=42: {'random': 101, 'cov_qvalue_tgt_fnt_bayes': 110}
2026-09-23 14:54:37,109 INFO: Plan 2: ḡ=46, γE[v]=0.0, Q=46.0 (fn)
2026-09-23 14:54:38,690 INFO: Plan 0: ḡ=37, γE[v]=23.0, Q=60.0 (fn)
2026-09-23 14:54:38,691 INFO: Plan 0: ḡ=18.5, γE[v]=61.5, Q=80.0 (bayes)
2026-09-23 14:54:38,691 INFO: Plan 1: ḡ=10.5, γE[v]=64.5, Q=75.0 (bayes)
2026-09-23 14:54:38,691 INFO: Plan 2: ḡ=13.8, γE[v]=62.8, Q=76.6 (bayes)
2026-09-23 14:54:39,391 INFO: Plan 0: ḡ=19, γE[v]=0.0, Q=19.0 (fn)
2026-09-23 14:54:40,139 INFO: Plan 2: ḡ=16, γE[v]=0.0, Q=16.0 (fn)
  [63/93] httpx._models seed=42: {'random': 83, 'cov_qvalue_tgt_fnt_bayes': 187}
2026-09-23 14:54:41,615 INFO: Plan 2: ḡ=17, γE[v]=0.0, Q=17.0 (fn)
2026-09-23 14:54:41,954 INFO: Plan 0: ḡ=2, γE[v]=0.0, Q=2.0 (fn)
2026-09-23 14:54:41,956 INFO: Plan 1: ḡ=2, γE[v]=0.0, Q=2.0 (fn)
2026-09-23 14:54:42,198 INFO: Plan 1: ḡ=2, γE[v]=0.0, Q=2.0 (fn)
2026-09-23 14:54:42,199 INFO: Plan 0: ḡ=0.7, γE[v]=3.2, Q=3.8 (bayes)
2026-09-23 14:54:42,199 INFO: Plan 1: ḡ=0.7, γE[v]=3.2, Q=3.8 (bayes)
2026-09-23 14:54:42,199 INFO: Plan 2: ḡ=5.7, γE[v]=0.7, Q=6.3 (bayes)
2026-09-23 14:54:42,539 INFO: Plan 1: ḡ=35, γE[v]=0.0, Q=35.0 (fn)
2026-09-23 14:54:42,539 INFO: Plan 0: ḡ=6.3, γE[v]=2.7, Q=9.0 (bayes)
2026-09-23 14:54:42,539 INFO: Plan 1: ḡ=11.7, γE[v]=0.0, Q=11.7 (bayes)
2026-09-23 14:54:42,539 INFO: Plan 2: ḡ=5.3, γE[v]=3.2, Q=8.5 (bayes)
2026-09-23 14:54:42,943 INFO: Plan 0: ḡ=4, γE[v]=6.5, Q=10.5 (fn)
2026-09-23 14:54:43,268 INFO: Plan 2: ḡ=0, γE[v]=0.0, Q=0.0 (fn)
2026-09-23 14:54:43,268 INFO: Plan 2: ḡ=17, γE[v]=0.0, Q=17.0 (fn)
2026-09-23 14:54:43,269 INFO: Plan 0: ḡ=1.0, γE[v]=2.1, Q=3.1 (bayes)
2026-09-23 14:54:43,269 INFO: Plan 1: ḡ=0.5, γE[v]=1.9, Q=2.4 (bayes)
2026-09-23 14:54:43,269 INFO: Plan 2: ḡ=4.2, γE[v]=0.0, Q=4.2 (bayes)
  [64/93] starlette.applications seed=42: {'random': 2, 'cov_qvalue_tgt_fnt_bayes': 8}
2026-09-23 14:54:43,693 INFO: Plan 0: ḡ=12, γE[v]=0.0, Q=12.0 (fn)
  [65/93] pydantic.networks seed=42: {'random': 34, 'cov_qvalue_tgt_fnt_bayes': 35}
  [66/93] pydantic.color seed=42: {'random': 0, 'cov_qvalue_tgt_fnt_bayes': 80}
2026-09-23 14:54:44,681 INFO: Plan 1: ḡ=24, γE[v]=6.0, Q=30.0 (fn)
2026-09-23 14:54:44,921 INFO: Plan 2: ḡ=24, γE[v]=6.0, Q=30.0 (fn)
2026-09-23 14:54:44,922 INFO: Plan 0: ḡ=5.3, γE[v]=6.0, Q=11.3 (bayes)
2026-09-23 14:54:44,922 INFO: Plan 1: ḡ=12.0, γE[v]=3.0, Q=15.0 (bayes)
2026-09-23 14:54:44,922 INFO: Plan 2: ḡ=12.0, γE[v]=3.0, Q=15.0 (bayes)
2026-09-23 14:54:45,136 INFO: Plan 0: ḡ=33, γE[v]=0.0, Q=33.0 (fn)
2026-09-23 14:54:45,173 INFO: Plan 1: ḡ=27, γE[v]=3.0, Q=30.0 (fn)
2026-09-23 14:54:45,173 INFO: Plan 0: ḡ=15.5, γE[v]=0.0, Q=15.5 (bayes)
2026-09-23 14:54:45,174 INFO: Plan 1: ḡ=13.5, γE[v]=1.2, Q=14.7 (bayes)
2026-09-23 14:54:45,174 INFO: Plan 2: ḡ=0.0, γE[v]=7.8, Q=7.8 (bayes)
2026-09-23 14:54:45,519 INFO: Plan 2: ḡ=15, γE[v]=0.0, Q=15.0 (fn)
2026-09-23 14:54:45,934 INFO: Plan 0: ḡ=2, γE[v]=0.0, Q=2.0 (fn)
2026-09-23 14:54:46,119 INFO: Plan 1: ḡ=2, γE[v]=0.0, Q=2.0 (fn)
2026-09-23 14:54:46,120 INFO: Plan 0: ḡ=0.7, γE[v]=2.2, Q=2.9 (bayes)
2026-09-23 14:54:46,120 INFO: Plan 1: ḡ=0.7, γE[v]=2.2, Q=2.9 (bayes)
2026-09-23 14:54:46,120 INFO: Plan 2: ḡ=3.8, γE[v]=0.7, Q=4.4 (bayes)
  [67/93] pydantic.fields seed=42: {'random': 40, 'cov_qvalue_tgt_fnt_bayes': 126}
  [68/93] httpx._config seed=42: {'random': 17, 'cov_qvalue_tgt_fnt_bayes': 30}
  [69/93] pydantic.type_adapter seed=42: {'random': 16, 'cov_qvalue_tgt_fnt_bayes': 16}
2026-09-23 14:54:48,570 INFO: Plan 0: ḡ=62, γE[v]=0.0, Q=62.0 (fn)
2026-09-23 14:54:50,301 INFO: Plan 0: ḡ=27, γE[v]=0.0, Q=27.0 (fn)
2026-09-23 14:54:50,720 INFO: Plan 2: ḡ=90, γE[v]=3.5, Q=93.5 (fn)
2026-09-23 14:54:52,670 INFO: Plan 1: ḡ=166, γE[v]=4.0, Q=170.0 (fn)
2026-09-23 14:54:53,191 INFO: Plan 1: ḡ=0, γE[v]=0.0, Q=0.0 (fn)
2026-09-23 14:54:53,229 INFO: Plan 2: ḡ=29, γE[v]=65.5, Q=94.5 (fn)
2026-09-23 14:54:53,229 INFO: Plan 0: ḡ=13.5, γE[v]=22.3, Q=35.8 (bayes)
2026-09-23 14:54:53,229 INFO: Plan 1: ḡ=46.6, γE[v]=5.9, Q=52.5 (bayes)
2026-09-23 14:54:53,230 INFO: Plan 2: ḡ=11.0, γE[v]=28.0, Q=39.0 (bayes)
2026-09-23 14:54:53,354 INFO: Plan 2: ḡ=0, γE[v]=0.0, Q=0.0 (fn)
2026-09-23 14:54:53,535 INFO: Plan 0: ḡ=1, γE[v]=0.0, Q=1.0 (fn)
2026-09-23 14:54:53,537 INFO: Plan 0: ḡ=0.3, γE[v]=0.0, Q=0.3 (bayes)
2026-09-23 14:54:53,537 INFO: Plan 1: ḡ=0.0, γE[v]=0.2, Q=0.2 (bayes)
2026-09-23 14:54:53,537 INFO: Plan 2: ḡ=0.0, γE[v]=0.2, Q=0.2 (bayes)
  [70/93] werkzeug.utils seed=42: {'random': 11, 'cov_qvalue_tgt_fnt_bayes': 41}
2026-09-23 14:54:55,348 INFO: Plan 1: ḡ=14, γE[v]=0.0, Q=14.0 (fn)
2026-09-23 14:54:55,469 INFO: Plan 2: ḡ=1, γE[v]=0.0, Q=1.0 (fn)
2026-09-23 14:54:55,506 INFO: Plan 2: ḡ=10, γE[v]=0.0, Q=10.0 (fn)
2026-09-23 14:54:56,442 INFO: Plan 0: ḡ=26, γE[v]=0.0, Q=26.0 (fn)
2026-09-23 14:54:56,442 INFO: Plan 0: ḡ=9.0, γE[v]=3.0, Q=12.0 (bayes)
2026-09-23 14:54:56,443 INFO: Plan 1: ḡ=4.7, γE[v]=5.2, Q=9.8 (bayes)
2026-09-23 14:54:56,443 INFO: Plan 2: ḡ=3.3, γE[v]=5.8, Q=9.2 (bayes)
2026-09-23 14:54:56,977 INFO: Plan 1: ḡ=13, γE[v]=0.0, Q=13.0 (fn)
2026-09-23 14:54:57,019 INFO: Plan 0: ḡ=17, γE[v]=20.5, Q=37.5 (fn)
2026-09-23 14:54:57,306 INFO: Plan 2: ḡ=8, γE[v]=0.0, Q=8.0 (fn)
2026-09-23 14:54:57,346 INFO: Plan 0: ḡ=4, γE[v]=0.0, Q=4.0 (fn)
2026-09-23 14:54:57,447 INFO: Plan 1: ḡ=268, γE[v]=3.0, Q=271.0 (fn)
2026-09-23 14:54:57,448 INFO: Plan 0: ḡ=23.3, γE[v]=40.8, Q=64.1 (bayes)
2026-09-23 14:54:57,448 INFO: Plan 1: ḡ=96.9, γE[v]=4.1, Q=101.0 (bayes)
2026-09-23 14:54:57,448 INFO: Plan 2: ḡ=32.6, γE[v]=36.3, Q=68.9 (bayes)
  [71/93] werkzeug.sansio.response seed=42: {'random': 60, 'cov_qvalue_tgt_fnt_bayes': 72}
2026-09-23 14:54:58,740 INFO: Plan 0: ḡ=18, γE[v]=0.5, Q=18.5 (fn)
2026-09-23 14:54:58,741 INFO: Plan 0: ḡ=4.5, γE[v]=0.2, Q=4.7 (bayes)
2026-09-23 14:54:58,741 INFO: Plan 1: ḡ=3.2, γE[v]=0.8, Q=4.0 (bayes)
2026-09-23 14:54:58,741 INFO: Plan 2: ḡ=0.2, γE[v]=2.2, Q=2.5 (bayes)
2026-09-23 14:54:59,240 INFO: Plan 1: ḡ=20, γE[v]=3.5, Q=23.5 (fn)
2026-09-23 14:54:59,241 INFO: Plan 0: ḡ=1.3, γE[v]=4.1, Q=5.5 (bayes)
2026-09-23 14:54:59,241 INFO: Plan 1: ḡ=5.9, γE[v]=2.0, Q=8.0 (bayes)
2026-09-23 14:54:59,241 INFO: Plan 2: ḡ=2.7, γE[v]=3.5, Q=6.1 (bayes)
  [72/93] httpx._client seed=42: {'random': 41, 'cov_qvalue_tgt_fnt_bayes': 134}
  [73/93] jinja2.bccache seed=42: {'random': 3, 'cov_qvalue_tgt_fnt_bayes': 19}
  [74/93] werkzeug.local seed=42: {'random': 22, 'cov_qvalue_tgt_fnt_bayes': 43}
2026-09-23 14:55:01,225 INFO: Plan 2: ḡ=9, γE[v]=0.0, Q=9.0 (fn)
2026-09-23 14:55:01,467 INFO: Plan 2: ḡ=16, γE[v]=0.0, Q=16.0 (fn)
2026-09-23 14:55:01,509 INFO: Plan 1: ḡ=28, γE[v]=5.0, Q=33.0 (fn)
2026-09-23 14:55:01,510 INFO: Plan 0: ḡ=8, γE[v]=0.0, Q=8.0 (fn)
2026-09-23 14:55:03,009 INFO: Plan 2: ḡ=57, γE[v]=0.0, Q=57.0 (fn)
2026-09-23 14:55:03,010 INFO: Plan 1: ḡ=169, γE[v]=0.5, Q=169.5 (fn)
2026-09-23 14:55:03,011 INFO: Plan 0: ḡ=149, γE[v]=0.0, Q=149.0 (fn)
2026-09-23 14:55:03,043 INFO: Plan 2: ḡ=170, γE[v]=0.0, Q=170.0 (fn)
2026-09-23 14:55:03,044 INFO: Plan 0: ḡ=8.5, γE[v]=29.8, Q=38.3 (bayes)
2026-09-23 14:55:03,044 INFO: Plan 1: ḡ=65.8, γE[v]=0.3, Q=66.1 (bayes)
2026-09-23 14:55:03,044 INFO: Plan 2: ḡ=66.3, γE[v]=0.0, Q=66.3 (bayes)
2026-09-23 14:55:04,202 INFO: Plan 1: ḡ=22, γE[v]=1.0, Q=23.0 (fn)
2026-09-23 14:55:04,203 INFO: Plan 0: ḡ=4.0, γE[v]=4.0, Q=8.0 (bayes)
2026-09-23 14:55:04,203 INFO: Plan 1: ḡ=11.0, γE[v]=0.5, Q=11.5 (bayes)
2026-09-23 14:55:04,203 INFO: Plan 2: ḡ=8.0, γE[v]=2.0, Q=10.0 (bayes)
2026-09-23 14:55:04,952 INFO: Plan 1: ḡ=15, γE[v]=2.0, Q=17.0 (fn)
2026-09-23 14:55:05,665 INFO: Plan 1: ḡ=83, γE[v]=59.5, Q=142.5 (fn)
2026-09-23 14:55:05,666 INFO: Plan 0: ḡ=45.8, γE[v]=88.0, Q=133.8 (bayes)
2026-09-23 14:55:05,666 INFO: Plan 1: ḡ=41.5, γE[v]=92.8, Q=134.3 (bayes)
2026-09-23 14:55:05,666 INFO: Plan 2: ḡ=28.5, γE[v]=96.6, Q=125.1 (bayes)
2026-09-23 14:55:05,991 INFO: Plan 0: ḡ=6, γE[v]=0.0, Q=6.0 (fn)
  [75/93] httpx._auth seed=42: {'random': 49, 'cov_qvalue_tgt_fnt_bayes': 79}
2026-09-23 14:55:07,033 INFO: Plan 2: ḡ=23, γE[v]=0.0, Q=23.0 (fn)
2026-09-23 14:55:07,190 INFO: Plan 2: ḡ=15, γE[v]=5.0, Q=20.0 (fn)
  [76/93] werkzeug.http seed=42: {'random': 18, 'cov_qvalue_tgt_fnt_bayes': 41}
2026-09-23 14:55:07,662 INFO: Plan 0: ḡ=11, γE[v]=21.0, Q=32.0 (fn)
2026-09-23 14:55:07,663 INFO: Plan 0: ḡ=30, γE[v]=5.0, Q=35.0 (fn)
2026-09-23 14:55:07,664 INFO: Plan 0: ḡ=5.0, γE[v]=51.4, Q=56.4 (bayes)
2026-09-23 14:55:07,664 INFO: Plan 1: ḡ=9.7, γE[v]=48.4, Q=58.0 (bayes)
2026-09-23 14:55:07,664 INFO: Plan 0: ḡ=15.0, γE[v]=3.5, Q=18.5 (bayes)
2026-09-23 14:55:07,664 INFO: Plan 2: ḡ=4.5, γE[v]=50.7, Q=55.2 (bayes)
2026-09-23 14:55:07,664 INFO: Plan 1: ḡ=7.5, γE[v]=7.1, Q=14.6 (bayes)
2026-09-23 14:55:07,664 INFO: Plan 2: ḡ=6.0, γE[v]=8.0, Q=14.0 (bayes)
2026-09-23 14:55:08,055 INFO: Plan 1: ḡ=29, γE[v]=0.0, Q=29.0 (fn)
2026-09-23 14:55:08,060 INFO: Plan 0: ḡ=2.0, γE[v]=54.7, Q=56.7 (bayes)
2026-09-23 14:55:08,060 INFO: Plan 1: ḡ=14.5, γE[v]=48.4, Q=62.9 (bayes)
2026-09-23 14:55:08,062 INFO: Plan 2: ḡ=8.0, γE[v]=51.7, Q=59.7 (bayes)
2026-09-23 14:55:08,677 INFO: Plan 0: ḡ=3, γE[v]=0.0, Q=3.0 (fn)
  [77/93] werkzeug.wsgi seed=42: {'random': 9, 'cov_qvalue_tgt_fnt_bayes': 49}
  [78/93] werkzeug.datastructures.structures seed=42: {'random': 3, 'cov_qvalue_tgt_fnt_bayes': 81}
  [79/93] starlette.datastructures seed=42: {'random': 36, 'cov_qvalue_tgt_fnt_bayes': 82}
2026-09-23 14:55:11,833 INFO: Plan 2: ḡ=8, γE[v]=1.5, Q=9.5 (fn)
2026-09-23 14:55:11,834 INFO: Plan 1: ḡ=8, γE[v]=1.5, Q=9.5 (fn)
2026-09-23 14:55:11,835 INFO: Plan 0: ḡ=1.0, γE[v]=1.3, Q=2.3 (bayes)
2026-09-23 14:55:11,835 INFO: Plan 1: ḡ=2.7, γE[v]=0.6, Q=3.3 (bayes)
2026-09-23 14:55:11,835 INFO: Plan 2: ḡ=2.7, γE[v]=0.6, Q=3.3 (bayes)
  [80/93] starlette.testclient seed=42: {'random': 29, 'cov_qvalue_tgt_fnt_bayes': 56}
2026-09-23 14:55:15,352 INFO: Plan 2: ḡ=0, γE[v]=0.0, Q=0.0 (fn)
2026-09-23 14:55:15,392 INFO: Plan 1: ḡ=0, γE[v]=0.0, Q=0.0 (fn)
2026-09-23 14:55:15,575 INFO: Plan 2: ḡ=14, γE[v]=0.0, Q=14.0 (fn)
2026-09-23 14:55:16,010 INFO: Plan 0: ḡ=21, γE[v]=0.0, Q=21.0 (fn)
2026-09-23 14:55:16,010 INFO: Plan 0: ḡ=5.2, γE[v]=0.0, Q=5.2 (bayes)
2026-09-23 14:55:16,011 INFO: Plan 1: ḡ=0.0, γE[v]=2.6, Q=2.6 (bayes)
2026-09-23 14:55:16,011 INFO: Plan 2: ḡ=0.0, γE[v]=2.6, Q=2.6 (bayes)
2026-09-23 14:55:17,044 INFO: Plan 0: ḡ=29, γE[v]=0.0, Q=29.0 (fn)
  [81/93] starlette.staticfiles seed=42: {'random': 4, 'cov_qvalue_tgt_fnt_bayes': 24}
2026-09-23 14:55:20,003 INFO: Plan 1: ḡ=21, γE[v]=0.0, Q=21.0 (fn)
2026-09-23 14:55:20,322 INFO: Plan 2: ḡ=8, γE[v]=0.0, Q=8.0 (fn)
2026-09-23 14:55:22,545 INFO: Plan 0: ḡ=2, γE[v]=0.0, Q=2.0 (fn)
2026-09-23 14:55:22,626 INFO: Plan 1: ḡ=2, γE[v]=0.0, Q=2.0 (fn)
2026-09-23 14:55:22,665 INFO: Plan 2: ḡ=2, γE[v]=0.0, Q=2.0 (fn)
2026-09-23 14:55:22,665 INFO: Plan 0: ḡ=0.5, γE[v]=0.0, Q=0.5 (bayes)
2026-09-23 14:55:22,665 INFO: Plan 1: ḡ=0.5, γE[v]=0.0, Q=0.5 (bayes)
2026-09-23 14:55:22,665 INFO: Plan 2: ḡ=0.5, γE[v]=0.0, Q=0.5 (bayes)
  [82/93] starlette.middleware.errors seed=42: {'random': 25, 'cov_qvalue_tgt_fnt_bayes': 46}
2026-09-23 14:55:25,264 INFO: Plan 0: ḡ=14, γE[v]=14.0, Q=28.0 (fn)
2026-09-23 14:55:25,264 INFO: Plan 0: ḡ=4.6, γE[v]=4.4, Q=9.0 (bayes)
2026-09-23 14:55:25,264 INFO: Plan 1: ḡ=5.2, γE[v]=3.2, Q=8.4 (bayes)
2026-09-23 14:55:25,265 INFO: Plan 2: ḡ=2.0, γE[v]=4.8, Q=6.8 (bayes)
  [83/93] werkzeug.wrappers.request seed=42: {'random': 40, 'cov_qvalue_tgt_fnt_bayes': 53}
2026-09-23 14:55:28,064 INFO: Plan 0: ḡ=50, γE[v]=0.0, Q=50.0 (fn)
2026-09-23 14:55:28,392 INFO: Plan 1: ḡ=51, γE[v]=18.0, Q=69.0 (fn)
2026-09-23 14:55:28,393 INFO: Plan 0: ḡ=11.3, γE[v]=9.8, Q=21.2 (bayes)
2026-09-23 14:55:28,393 INFO: Plan 1: ḡ=18.3, γE[v]=7.4, Q=25.7 (bayes)
2026-09-23 14:55:28,393 INFO: Plan 2: ḡ=4.8, γE[v]=13.1, Q=17.9 (bayes)
2026-09-23 14:55:28,433 INFO: Plan 2: ḡ=53, γE[v]=0.0, Q=53.0 (fn)
2026-09-23 14:55:28,720 INFO: Plan 1: ḡ=16, γE[v]=0.0, Q=16.0 (fn)
2026-09-23 14:55:28,956 INFO: Plan 1: ḡ=55, γE[v]=0.0, Q=55.0 (fn)
2026-09-23 14:55:29,319 INFO: Plan 2: ḡ=93, γE[v]=0.0, Q=93.0 (fn)
2026-09-23 14:55:29,359 INFO: Plan 2: ḡ=104, γE[v]=0.0, Q=104.0 (fn)
2026-09-23 14:55:29,359 INFO: Plan 0: ḡ=17.9, γE[v]=59.0, Q=76.9 (bayes)
2026-09-23 14:55:29,360 INFO: Plan 1: ḡ=26.7, γE[v]=54.6, Q=81.2 (bayes)
2026-09-23 14:55:29,360 INFO: Plan 2: ḡ=44.7, γE[v]=45.6, Q=90.2 (bayes)
  [84/93] werkzeug.routing.rules seed=42: {'random': 16, 'cov_qvalue_tgt_fnt_bayes': 104}
2026-09-23 14:55:30,921 INFO: Plan 0: ḡ=23, γE[v]=3.0, Q=26.0 (fn)
2026-09-23 14:55:30,922 INFO: Plan 0: ḡ=11.5, γE[v]=15.0, Q=26.5 (bayes)
2026-09-23 14:55:30,922 INFO: Plan 1: ḡ=8.0, γE[v]=16.6, Q=24.6 (bayes)
2026-09-23 14:55:30,922 INFO: Plan 2: ḡ=21.7, γE[v]=9.8, Q=31.4 (bayes)
  [85/93] starlette.routing seed=42: {'random': 4, 'cov_qvalue_tgt_fnt_bayes': 51}
  [86/93] starlette.requests seed=42: {'random': 35, 'cov_qvalue_tgt_fnt_bayes': 57}
2026-09-23 14:55:34,025 INFO: Plan 0: ḡ=151, γE[v]=67.0, Q=218.0 (fn)
2026-09-23 14:55:35,137 INFO: Plan 2: ḡ=9, γE[v]=0.0, Q=9.0 (fn)
2026-09-23 14:55:35,470 INFO: Plan 1: ḡ=119, γE[v]=83.0, Q=202.0 (fn)
2026-09-23 14:55:35,471 INFO: Plan 0: ḡ=37.9, γE[v]=21.3, Q=59.2 (bayes)
2026-09-23 14:55:35,471 INFO: Plan 1: ḡ=29.8, γE[v]=26.4, Q=56.2 (bayes)
2026-09-23 14:55:35,471 INFO: Plan 2: ḡ=23.2, γE[v]=24.1, Q=47.3 (bayes)
2026-09-23 14:55:36,899 INFO: Plan 1: ḡ=97, γE[v]=0.0, Q=97.0 (fn)
  [87/93] werkzeug.routing.map seed=42: {'random': 38, 'cov_qvalue_tgt_fnt_bayes': 38}
2026-09-23 14:55:37,641 INFO: Plan 0: ḡ=46, γE[v]=0.0, Q=46.0 (fn)
2026-09-23 14:55:37,641 INFO: Plan 0: ḡ=22.1, γE[v]=15.1, Q=37.2 (bayes)
2026-09-23 14:55:37,641 INFO: Plan 1: ḡ=48.5, γE[v]=1.9, Q=50.4 (bayes)
2026-09-23 14:55:37,641 INFO: Plan 2: ḡ=2.2, γE[v]=25.0, Q=27.3 (bayes)
  [88/93] werkzeug.serving seed=42: {'random': 9, 'cov_qvalue_tgt_fnt_bayes': 83}
2026-09-23 14:55:51,949 INFO: Plan 2: ḡ=9, γE[v]=0.0, Q=9.0 (fn)
2026-09-23 14:55:52,663 INFO: Plan 0: ḡ=36, γE[v]=0.0, Q=36.0 (fn)
2026-09-23 14:55:53,177 INFO: Plan 1: ḡ=26, γE[v]=0.0, Q=26.0 (fn)
2026-09-23 14:55:53,177 INFO: Plan 0: ḡ=15.9, γE[v]=7.2, Q=23.2 (bayes)
2026-09-23 14:55:53,178 INFO: Plan 1: ḡ=10.8, γE[v]=9.8, Q=20.6 (bayes)
2026-09-23 14:55:53,178 INFO: Plan 2: ḡ=3.0, γE[v]=13.7, Q=16.7 (bayes)
  [89/93] werkzeug.wrappers.response seed=42: {'random': 48, 'cov_qvalue_tgt_fnt_bayes': 67}
2026-09-23 14:56:06,615 INFO: Plan 2: ḡ=0, γE[v]=0.0, Q=0.0 (fn)
2026-09-23 14:56:09,693 INFO: Plan 0: ḡ=11, γE[v]=0.0, Q=11.0 (fn)
2026-09-23 14:56:09,694 INFO: Plan 2: ḡ=24, γE[v]=0.0, Q=24.0 (fn)
2026-09-23 14:56:10,354 INFO: Plan 0: ḡ=0, γE[v]=0.0, Q=0.0 (fn)
2026-09-23 14:56:10,991 INFO: Plan 1: ḡ=0, γE[v]=0.0, Q=0.0 (fn)
2026-09-23 14:56:10,991 INFO: Plan 0: ḡ=0.0, γE[v]=0.0, Q=0.0 (bayes)
2026-09-23 14:56:10,991 INFO: Plan 1: ḡ=0.0, γE[v]=0.0, Q=0.0 (bayes)
2026-09-23 14:56:10,991 INFO: Plan 2: ḡ=0.0, γE[v]=0.0, Q=0.0 (bayes)
2026-09-23 14:56:11,794 INFO: Plan 1: ḡ=34, γE[v]=0.0, Q=34.0 (fn)
2026-09-23 14:56:11,794 INFO: Plan 0: ḡ=3.7, γE[v]=12.8, Q=16.5 (bayes)
2026-09-23 14:56:11,794 INFO: Plan 1: ḡ=11.3, γE[v]=9.0, Q=20.3 (bayes)
2026-09-23 14:56:11,794 INFO: Plan 2: ḡ=6.0, γE[v]=11.7, Q=17.7 (bayes)
  [90/93] starlette.templating seed=42: {'random': 23, 'cov_qvalue_tgt_fnt_bayes': 24}
  [91/93] starlette.responses seed=42: {'random': 10, 'cov_qvalue_tgt_fnt_bayes': 26}
2026-09-23 14:56:14,683 INFO: Plan 0: ḡ=1, γE[v]=0.0, Q=1.0 (fn)
2026-09-23 14:56:14,830 INFO: Plan 1: ḡ=0, γE[v]=0.0, Q=0.0 (fn)
2026-09-23 14:56:15,858 INFO: Plan 2: ḡ=0, γE[v]=0.0, Q=0.0 (fn)
2026-09-23 14:56:15,859 INFO: Plan 0: ḡ=0.2, γE[v]=0.0, Q=0.2 (bayes)
2026-09-23 14:56:15,859 INFO: Plan 1: ḡ=0.0, γE[v]=0.1, Q=0.1 (bayes)
2026-09-23 14:56:15,859 INFO: Plan 2: ḡ=0.0, γE[v]=0.1, Q=0.1 (bayes)
  [92/93] starlette.middleware.base seed=42: {'random': 26, 'cov_qvalue_tgt_fnt_bayes': 49}
2026-09-23 14:56:36,755 INFO: Plan 0: ḡ=13, γE[v]=19.5, Q=32.5 (fn)
2026-09-23 14:56:40,759 INFO: Plan 2: ḡ=164, γE[v]=0.0, Q=164.0 (fn)
2026-09-23 14:56:40,799 INFO: Plan 1: ḡ=163, γE[v]=0.5, Q=163.5 (fn)
2026-09-23 14:56:40,800 INFO: Plan 0: ḡ=4.3, γE[v]=21.7, Q=26.0 (bayes)
2026-09-23 14:56:40,800 INFO: Plan 1: ḡ=45.0, γE[v]=0.2, Q=45.2 (bayes)
2026-09-23 14:56:40,800 INFO: Plan 2: ḡ=45.3, γE[v]=0.0, Q=45.3 (bayes)
  [93/93] starlette.formparsers seed=42: {'random': 2, 'cov_qvalue_tgt_fnt_bayes': 2}

======================================================================
RESULTS
======================================================================

Module                              seed       random  cov_qvalue_
------------------------------------------------------------------
rich.table                            42          111          133
click.exceptions                      42            1           18
rich.console                          42          141          171
requests.auth                         42            4           67
click.utils                           42           14           23
flask.json.provider                   42           37           51
click.types                           42            7           52
flask.sessions                        42            4           16
click.formatting                      42           12           49
requests.adapters                     42           51           75
requests.utils                        42            5           72
flask.app                             42            2           88
click.termui                          42            7           37
rich.syntax                           42           45           44
requests.cookies                      42            8           49
flask.json.tag                        42           16           22
rich.pretty                           42            9           79
click.shell_completion                42            4           20
click.testing                         42           27           58
requests.models                       42           24           90
click.decorators                      42           29           45
rich.traceback                        42           62           62
rich.markdown                         42           18           88
jinja2.ext                            42            4           34
jinja2.parser                         42            8          153
flask.ctx                             42            2           26
click.core                            42           54          171
flask.helpers                         42            3           11
flask.testing                         42            6           29
jinja2.utils                          42           10           34
rich.text                             42           26          115
click.parser                          42           19            4
rich.style                            42           79           97
flask.config                          42           28           25
flask.templating                      42            2           47
rich.color                            42           26           55
jinja2.filters                        42          127          158
jinja2.loaders                        42           24           63
rich.layout                           42           17           64
jinja2.environment                    42           58           97
flask.cli                             42           67          131
requests.sessions                     42           11           38
jinja2.nodes                          42            8            9
rich.progress                         42          121          140
jinja2.runtime                        42           66           97
jinja2.compiler                       42           29          232
rich.segment                          42           56           56
jinja2.lexer                          42            9           19
httpx._api                            42            6           11
pydantic.functional_validators        42           35           47
pydantic.main                         42          119          177
jinja2.sandbox                        42            2           77
httpx._urlparse                       42           40           64
httpx._main                           42           57           77
werkzeug.exceptions                   42           17           30
httpx._transports.default             42            8           21
pydantic.config                       42            1            1
pydantic.functional_serializers       42           22           24
pydantic.json_schema                  42          179          248
httpx._utils                          42           14           31
httpx._urls                           42           37           69
pydantic.types                        42          101          110
httpx._models                         42           83          187
starlette.applications                42            2            8
pydantic.networks                     42           34           35
pydantic.color                        42            0           80
pydantic.fields                       42           40          126
httpx._config                         42           17           30
pydantic.type_adapter                 42           16           16
werkzeug.utils                        42           11           41
werkzeug.sansio.response              42           60           72
httpx._client                         42           41          134
jinja2.bccache                        42            3           19
werkzeug.local                        42           22           43
httpx._auth                           42           49           79
werkzeug.http                         42           18           41
werkzeug.wsgi                         42            9           49
werkzeug.datastructures.structures    42            3           81
starlette.datastructures              42           36           82
starlette.testclient                  42           29           56
starlette.staticfiles                 42            4           24
starlette.middleware.errors           42           25           46
werkzeug.wrappers.request             42           40           53
werkzeug.routing.rules                42           16          104
starlette.routing                     42            4           51
starlette.requests                    42           35           57
werkzeug.routing.map                  42           38           38
werkzeug.serving                      42            9           83
werkzeug.wrappers.response            42           48           67
starlette.templating                  42           23           24
starlette.responses                   42           10           26
starlette.middleware.base             42           26           49
starlette.formparsers                 42            2            2

======================================================================
STATISTICS
======================================================================

Per-strategy means (n=93):
  random               branches=  31.1 ± 3.6  lines=115.9  pass_rate=83%
  cov_qvalue_tgt_fnt_bayes branches=  65.6 ± 5.2  lines=194.1  pass_rate=62%

Paired vs random:
  cov_qvalue_tgt_fnt_bayes Δ= +34.6 ± 3.6  W=84 L=3 T=6  p=0.0000 d=0.99 ***

Per-repo means:

  click (10 runs):
    random               mean=17.4
    cov_qvalue_tgt_fnt_bayes mean=47.7

  flask (10 runs):
    random               mean=16.7
    cov_qvalue_tgt_fnt_bayes mean=44.6

  httpx (10 runs):
    random               mean=35.2
    cov_qvalue_tgt_fnt_bayes mean=70.3

  jinja2 (12 runs):
    random               mean=29.0
    cov_qvalue_tgt_fnt_bayes mean=82.7

  pydantic (10 runs):
    random               mean=54.7
    cov_qvalue_tgt_fnt_bayes mean=86.4

  requests (6 runs):
    random               mean=17.2
    cov_qvalue_tgt_fnt_bayes mean=65.2

  rich (12 runs):
    random               mean=59.2
    cov_qvalue_tgt_fnt_bayes mean=92.0

  starlette (11 runs):
    random               mean=17.8
    cov_qvalue_tgt_fnt_bayes mean=38.6

  werkzeug (12 runs):
    random               mean=24.2
    cov_qvalue_tgt_fnt_bayes mean=58.5

Cost: $0.0000 | Time: 1546s (25.8m)
Saved to /share/edc/home/aamayuelasfernandez/qcurious-tester/results/ablations/ablation_budget8_gemma.json
